[{"content":"Adriana Vargas's cover photo","profileString":"facebook_page.260996580604464","postURL":"https://facebook.com/260996580604464/posts/1330471136990331","avatar":"https://graph.facebook.com/260996580604464/picture","classification":{"engine":"aylien","language":"en","taxonomy":[{"score":"0.0851","confident":true,"links":[{"link":"https://api.aylien.com/api/v1/classify/taxonomy/iab-qag/IAB9","rel":"self"}],"id":"IAB9","label":"Hobbies & Interests"},{"score":"0.0601","confident":false,"links":[{"link":"https://api.aylien.com/api/v1/classify/taxonomy/iab-qag/IAB9-23","rel":"self"},{"link":"https://api.aylien.com/api/v1/classify/taxonomy/iab-qag/IAB9","rel":"parent"}],"id":"IAB9-23","label":"Photography"}]},"postidString":"facebook_page.260996580604464_1330471136990331","postMeta":{"inserted":"content-engine"},"timestamp":1497462748,"sharesRcvd":1,"likesRcvd":169,"source":"facebook_page","lastUpdateQuantum":4995269,"name":"Adriana Vargas","imageLarge":"https://scontent.xx.fbcdn.net/v/t1.0-0/p180x540/19113574_1330471136990331_1867875579476597157_n.jpg?oh=bd9ef9c56ae00c89601d800fbb64ad54&oe=59A16D07","objectID":"1330471136990331","repliesRcvd":8,"image":"https://scontent.xx.fbcdn.net/v/t1.0-0/s130x130/19113574_1330471136990331_1867875579476597157_n.jpg?oh=2031dddcac4cb27e58752adad5a1c083&oe=59D4F57B","username":"AdrianaVargasNY","link":"https://www.facebook.com/AdrianaVargasNY/photos/a.364320023605452.75998.260996580604464/1330471136990331/?type=3","timeQuantum":4991542,"title":"Adriana Vargas's cover photo","type":"photo"},{"content":"Un verano en New York...","profileString":"facebook_page.260996580604464","postURL":"https://facebook.com/260996580604464/posts/1330472360323542","avatar":"https://graph.facebook.com/260996580604464/picture","classification":{"engine":"aylien","language":"en","taxonomy":[{"score":"0.0744","confident":false,"links":[{"link":"https://api.aylien.com/api/v1/classify/taxonomy/iab-qag/IAB9","rel":"self"}],"id":"IAB9","label":"Hobbies & Interests"},{"score":"0.0688","confident":false,"links":[{"link":"https://api.aylien.com/api/v1/classify/taxonomy/iab-qag/IAB9-23","rel":"self"},{"link":"https://api.aylien.com/api/v1/classify/taxonomy/iab-qag/IAB9","rel":"parent"}],"id":"IAB9-23","label":"Photography"}]},"postidString":"facebook_page.260996580604464_1330471666990278","postMeta":{"inserted":"content-engine"},"timestamp":1497462866,"sharesRcvd":7,"likesRcvd":416,"source":"facebook_page","lastUpdateQuantum":4995269,"name":"Adriana Vargas","imageLarge":"https://scontent.xx.fbcdn.net/v/t1.0-0/q82/p180x540/19146218_1330471666990278_569087861993232864_n.jpg?oh=142daab75371795c4ff419e0c2cf8afb&oe=59D227F9","originalID":"260996580604464_1330472360323542","objectID":"1330471666990278","repliesRcvd":22,"image":"https://scontent.xx.fbcdn.net/v/t1.0-0/q82/s130x130/19146218_1330471666990278_569087861993232864_n.jpg?oh=4a4719c7037772a3e1a808815a9d605b&oe=59E1D938","username":"AdrianaVargasNY","link":"https://www.facebook.com/AdrianaVargasNY/photos/a.558625184174934.1073741825.260996580604464/1330471666990278/?type=3","timeQuantum":4991542,"title":"Photos from Adriana Vargas's post","type":"photo"},{"content":"Pilas, querida comunidad! Nos vemos y oímos esta tarde a partir de las 4:30 pm en el Facebook live de X 96.3 para conversar junto a mi compañera Katiria Soto #SinFiltro . Los esperamos, con todo el cariño y la gratitud!!!","profileString":"facebook_page.260996580604464","postURL":"https://facebook.com/260996580604464/posts/1332327943471317","avatar":"https://graph.facebook.com/260996580604464/picture","classification":{"engine":"aylien","language":"en","taxonomy":[{"score":"0.3995","confident":false,"links":[{"link":"https://api.aylien.com/api/v1/classify/taxonomy/iab-qag/IAB12-3","rel":"self"},{"link":"https://api.aylien.com/api/v1/classify/taxonomy/iab-qag/IAB12","rel":"parent"}],"id":"IAB12-3","label":"Local News"},{"score":"0.2299","confident":false,"links":[{"link":"https://api.aylien.com/api/v1/classify/taxonomy/iab-qag/IAB1-2","rel":"self"},{"link":"https://api.aylien.com/api/v1/classify/taxonomy/iab-qag/IAB1","rel":"parent"}],"id":"IAB1-2","label":"Celebrity Fan/Gossip"},{"score":"0.1727","confident":true,"links":[{"link":"https://api.aylien.com/api/v1/classify/taxonomy/iab-qag/IAB20-21","rel":"self"},{"link":"https://api.aylien.com/api/v1/classify/taxonomy/iab-qag/IAB20","rel":"parent"}],"id":"IAB20-21","label":"Mexico & Central America"},{"score":"0.0701","confident":false,"links":[{"link":"https://api.aylien.com/api/v1/classify/taxonomy/iab-qag/IAB9","rel":"self"}],"id":"IAB9","label":"Hobbies & Interests"},{"score":"0.0693","confident":false,"links":[{"link":"https://api.aylien.com/api/v1/classify/taxonomy/iab-qag/IAB12","rel":"self"}],"id":"IAB12","label":"News"},{"score":"0.0633","confident":false,"links":[{"link":"https://api.aylien.com/api/v1/classify/taxonomy/iab-qag/IAB1","rel":"self"}],"id":"IAB1","label":"Arts & Entertainment"},{"score":"0.0576","confident":false,"links":[{"link":"https://api.aylien.com/api/v1/classify/taxonomy/iab-qag/IAB20","rel":"self"}],"id":"IAB20","label":"Travel"},{"score":"0.0562","confident":false,"links":[{"link":"https://api.aylien.com/api/v1/classify/taxonomy/iab-qag/IAB17","rel":"self"}],"id":"IAB17","label":"Sports"},{"score":"0.0528","confident":false,"links":[{"link":"https://api.aylien.com/api/v1/classify/taxonomy/iab-qag/IAB9-4","rel":"self"},{"link":"https://api.aylien.com/api/v1/classify/taxonomy/iab-qag/IAB9","rel":"parent"}],"id":"IAB9-4","label":"Birdwatching"},{"score":"0.0409","confident":false,"links":[{"link":"https://api.aylien.com/api/v1/classify/taxonomy/iab-qag/IAB17-43","rel":"self"},{"link":"https://api.aylien.com/api/v1/classify/taxonomy/iab-qag/IAB17","rel":"parent"}],"id":"IAB17-43","label":"Waterski/Wakeboard"}]},"postidString":"facebook_page.260996580604464_1332327943471317","postMeta":{"inserted":"content-engine"},"timestamp":1497632608,"sharesRcvd":6,"likesRcvd":326,"source":"facebook_page","lastUpdateQuantum":4995269,"name":"Adriana Vargas","imageLarge":"https://scontent.xx.fbcdn.net/v/t1.0-9/s720x720/19225924_1332327943471317_5916483874884322321_n.jpg?oh=11ab3844c1e5568d934496a995f11ed2&oe=59D576FF","objectID":"1332327943471317","repliesRcvd":34,"image":"https://scontent.xx.fbcdn.net/v/t1.0-0/s130x130/19225924_1332327943471317_5916483874884322321_n.jpg?oh=bae62230fa8ee38eb76ad92a41b784f1&oe=59D330EA","username":"AdrianaVargasNY","link":"https://www.facebook.com/AdrianaVargasNY/photos/a.261042483933207.57135.260996580604464/1332327943471317/?type=3","timeQuantum":4992108,"title":"Timeline Photos","type":"photo"},{"content":"Hola familia extendida!!!! Nos vemos en un rato, en un tour junto a Coco Cabrera de Wado1280 para saludarnos y reconocer la labor de #LosÁngelesDel41 . Los espero en el Comisionado Dominicano de Cultura en EEUU en \n541 West 145th Street # 2FL \nNew York, NY 10031\n\nCambiamos de lugar debido al aguacero que anuncian... en todo caso, al mal tiempo buena cara y gran oportunidad! Nos vemos en esta nueva etapa ya de regreso a #UnivisionNY","profileString":"facebook_page.260996580604464","postURL":"https://facebook.com/260996580604464/posts/1335188783185233","avatar":"https://graph.facebook.com/260996580604464/picture","classification":{"engine":"aylien","language":"en","taxonomy":[{"score":"0.0913","confident":true,"links":[{"link":"https://api.aylien.com/api/v1/classify/taxonomy/iab-qag/IAB20-21","rel":"self"},{"link":"https://api.aylien.com/api/v1/classify/taxonomy/iab-qag/IAB20","rel":"parent"}],"id":"IAB20-21","label":"Mexico & Central America"},{"score":"0.0835","confident":true,"links":[{"link":"https://api.aylien.com/api/v1/classify/taxonomy/iab-qag/IAB20","rel":"self"}],"id":"IAB20","label":"Travel"}]},"postidString":"facebook_page.260996580604464_1335188783185233","postMeta":{"inserted":"content-engine"},"timestamp":1497890694,"sharesRcvd":5,"likesRcvd":327,"source":"facebook_page","lastUpdateQuantum":4995269,"name":"Adriana Vargas","imageLarge":"https://scontent.xx.fbcdn.net/v/t1.0-9/q88/s720x720/19225178_1335188783185233_5317601063934620408_n.jpg?oh=13784266b060a0110e8288b7381964a3&oe=59E1A1D3","objectID":"1335188783185233","repliesRcvd":31,"image":"https://scontent.xx.fbcdn.net/v/t1.0-0/q81/s130x130/19225178_1335188783185233_5317601063934620408_n.jpg?oh=6121ad531f7119c6891b2c41b96c1392&oe=59DF89E2","username":"AdrianaVargasNY","link":"https://www.facebook.com/AdrianaVargasNY/photos/a.261042483933207.57135.260996580604464/1335188783185233/?type=3","timeQuantum":4992968,"title":"Timeline Photos","type":"photo"},{"content":"Gratitud a nuestra comunidad de Astoria, Queens que nos recibió hoy a orillas del río del Este, en nuestro tour del Palo con Coco por Radio #Wado1280 y #UnivisionNY. Aprovecho para agradecer el reconocimiento de parte del Consulado de Colombia en NY. Es un orgullo representar a mi país y trabajar desde esta esquina del periodismo para la comunidad hispana.","profileString":"facebook_page.260996580604464","postURL":"https://facebook.com/260996580604464/posts/1337445076292937","avatar":"https://graph.facebook.com/260996580604464/picture","classification":{"engine":"aylien","language":"en","taxonomy":[{"score":"0.0968","confident":true,"links":[{"link":"https://api.aylien.com/api/v1/classify/taxonomy/iab-qag/IAB20-21","rel":"self"},{"link":"https://api.aylien.com/api/v1/classify/taxonomy/iab-qag/IAB20","rel":"parent"}],"id":"IAB20-21","label":"Mexico & Central America"},{"score":"0.0680","confident":false,"links":[{"link":"https://api.aylien.com/api/v1/classify/taxonomy/iab-qag/IAB20","rel":"self"}],"id":"IAB20","label":"Travel"},{"score":"0.0673","confident":false,"links":[{"link":"https://api.aylien.com/api/v1/classify/taxonomy/iab-qag/IAB9","rel":"self"}],"id":"IAB9","label":"Hobbies & Interests"},{"score":"0.0570","confident":false,"links":[{"link":"https://api.aylien.com/api/v1/classify/taxonomy/iab-qag/IAB17","rel":"self"}],"id":"IAB17","label":"Sports"},{"score":"0.0549","confident":false,"links":[{"link":"https://api.aylien.com/api/v1/classify/taxonomy/iab-qag/IAB9-4","rel":"self"},{"link":"https://api.aylien.com/api/v1/classify/taxonomy/iab-qag/IAB9","rel":"parent"}],"id":"IAB9-4","label":"Birdwatching"},{"score":"0.0436","confident":false,"links":[{"link":"https://api.aylien.com/api/v1/classify/taxonomy/iab-qag/IAB17-43","rel":"self"},{"link":"https://api.aylien.com/api/v1/classify/taxonomy/iab-qag/IAB17","rel":"parent"}],"id":"IAB17-43","label":"Waterski/Wakeboard"}]},"postidString":"facebook_page.260996580604464_1337441012960010","postMeta":{"inserted":"content-engine"},"timestamp":1498087065,"sharesRcvd":2,"likesRcvd":214,"source":"facebook_page","lastUpdateQuantum":4995665,"name":"Adriana Vargas","imageLarge":"https://scontent.xx.fbcdn.net/v/t1.0-9/s720x720/19275138_1337441012960010_2967640415977116448_n.jpg?oh=39ae428608cb6f60cc3f502810ff8043&oe=59E3ED74","originalID":"260996580604464_1337445076292937","objectID":"1337441012960010","repliesRcvd":7,"image":"https://scontent.xx.fbcdn.net/v/t1.0-0/s130x130/19275138_1337441012960010_2967640415977116448_n.jpg?oh=d11a4fc7555e200434c6ef622e9ceebe&oe=59CFC561","username":"AdrianaVargasNY","link":"https://www.facebook.com/AdrianaVargasNY/photos/a.558625184174934.1073741825.260996580604464/1337441012960010/?type=3","timeQuantum":4993623,"title":"Photos from Adriana Vargas's post","type":"photo"},{"content":"Mil gracias,  B R O O K L Y N ! ! !","profileString":"facebook_page.260996580604464","postURL":"https://facebook.com/260996580604464/posts/1338313846206060","avatar":"https://graph.facebook.com/260996580604464/picture","classification":{"engine":"aylien","language":"en","taxonomy":[{"score":"0.0832","confident":true,"links":[{"link":"https://api.aylien.com/api/v1/classify/taxonomy/iab-qag/IAB9","rel":"self"}],"id":"IAB9","label":"Hobbies & Interests"},{"score":"0.0698","confident":false,"links":[{"link":"https://api.aylien.com/api/v1/classify/taxonomy/iab-qag/IAB9-23","rel":"self"},{"link":"https://api.aylien.com/api/v1/classify/taxonomy/iab-qag/IAB9","rel":"parent"}],"id":"IAB9-23","label":"Photography"}]},"postidString":"facebook_page.260996580604464_1338313846206060","postMeta":{"inserted":"content-engine"},"timestamp":1498173113,"sharesRcvd":5,"likesRcvd":263,"source":"facebook_page","lastUpdateQuantum":4995827,"name":"Adriana Vargas","imageLarge":"https://scontent.xx.fbcdn.net/v/t1.0-9/s720x720/19429672_1338313846206060_7768793276116999400_n.jpg?oh=540f08b02cb5573da9880831caf7574f&oe=59C5010B","objectID":"1338313846206060","repliesRcvd":14,"image":"https://scontent.xx.fbcdn.net/v/t1.0-0/s130x130/19429672_1338313846206060_7768793276116999400_n.jpg?oh=eb77c56d66cebd0a9a9d479c084c0a71&oe=59D2601E","username":"AdrianaVargasNY","link":"https://www.facebook.com/AdrianaVargasNY/photos/a.261042483933207.57135.260996580604464/1338313846206060/?type=3","timeQuantum":4993910,"title":"Timeline Photos","type":"photo"},{"content":"Mañana cerramos nuestra gira de radio y televisión en Union City . Cariño y agradecimiento a nuestra gente de Brooklyn! \nUn día espectacular. Les queremos mucho!","profileString":"facebook_page.260996580604464","postURL":"https://facebook.com/260996580604464/posts/1338316679539110","avatar":"https://graph.facebook.com/260996580604464/picture","classification":{"engine":"aylien","language":"en","taxonomy":[{"score":"0.0734","confident":false,"links":[{"link":"https://api.aylien.com/api/v1/classify/taxonomy/iab-qag/IAB20-21","rel":"self"},{"link":"https://api.aylien.com/api/v1/classify/taxonomy/iab-qag/IAB20","rel":"parent"}],"id":"IAB20-21","label":"Mexico & Central America"},{"score":"0.0679","confident":false,"links":[{"link":"https://api.aylien.com/api/v1/classify/taxonomy/iab-qag/IAB20","rel":"self"}],"id":"IAB20","label":"Travel"},{"score":"0.0626","confident":false,"links":[{"link":"https://api.aylien.com/api/v1/classify/taxonomy/iab-qag/IAB9","rel":"self"}],"id":"IAB9","label":"Hobbies & Interests"},{"score":"0.0546","confident":false,"links":[{"link":"https://api.aylien.com/api/v1/classify/taxonomy/iab-qag/IAB17","rel":"self"}],"id":"IAB17","label":"Sports"},{"score":"0.0540","confident":false,"links":[{"link":"https://api.aylien.com/api/v1/classify/taxonomy/iab-qag/IAB9-23","rel":"self"},{"link":"https://api.aylien.com/api/v1/classify/taxonomy/iab-qag/IAB9","rel":"parent"}],"id":"IAB9-23","label":"Photography"},{"score":"0.0364","confident":false,"links":[{"link":"https://api.aylien.com/api/v1/classify/taxonomy/iab-qag/IAB17-42","rel":"self"},{"link":"https://api.aylien.com/api/v1/classify/taxonomy/iab-qag/IAB17","rel":"parent"}],"id":"IAB17-42","label":"Walking"}]},"postidString":"facebook_page.260996580604464_1338314632872648","postMeta":{"inserted":"content-engine"},"timestamp":1498173364,"sharesRcvd":1,"likesRcvd":143,"source":"facebook_page","lastUpdateQuantum":4995827,"name":"Adriana Vargas","imageLarge":"https://scontent.xx.fbcdn.net/v/t1.0-9/q81/s720x720/19366281_1338314632872648_3644309538631450157_n.jpg?oh=e2fccff9ad5a4bf321c17bbe53535a25&oe=59DBA628","originalID":"260996580604464_1338316679539110","objectID":"1338314632872648","repliesRcvd":3,"image":"https://scontent.xx.fbcdn.net/v/t1.0-0/s130x130/19366281_1338314632872648_3644309538631450157_n.jpg?oh=9659dedd352d09049063ba000faced51&oe=59D4C0A6","username":"AdrianaVargasNY","link":"https://www.facebook.com/AdrianaVargasNY/photos/a.558625184174934.1073741825.260996580604464/1338314632872648/?type=3","timeQuantum":4993911,"title":"Photos from Adriana Vargas's post","type":"photo"},{"content":"Mil gracias por sus mensajes! A partir del próximo lunes vuelvo al set de noticias a las 6 pm. Los esperamos junto a Katiria Soto, Liliana Ayende y Salvador Cruz. Abrazo, gratitud. 💖","profileString":"facebook_page.260996580604464","postURL":"https://facebook.com/260996580604464/posts/1338392322864879","avatar":"https://graph.facebook.com/260996580604464/picture","classification":{"engine":"aylien","language":"en","taxonomy":[{"score":"0.3985","confident":false,"links":[{"link":"https://api.aylien.com/api/v1/classify/taxonomy/iab-qag/IAB12-3","rel":"self"},{"link":"https://api.aylien.com/api/v1/classify/taxonomy/iab-qag/IAB12","rel":"parent"}],"id":"IAB12-3","label":"Local News"},{"score":"0.0674","confident":false,"links":[{"link":"https://api.aylien.com/api/v1/classify/taxonomy/iab-qag/IAB12","rel":"self"}],"id":"IAB12","label":"News"},{"score":"0.0624","confident":false,"links":[{"link":"https://api.aylien.com/api/v1/classify/taxonomy/iab-qag/IAB9","rel":"self"}],"id":"IAB9","label":"Hobbies & Interests"},{"score":"0.0517","confident":false,"links":[{"link":"https://api.aylien.com/api/v1/classify/taxonomy/iab-qag/IAB9-6","rel":"self"},{"link":"https://api.aylien.com/api/v1/classify/taxonomy/iab-qag/IAB9","rel":"parent"}],"id":"IAB9-6","label":"Candle & Soap Making"}]},"postidString":"facebook_page.260996580604464_1338392322864879","postMeta":{"inserted":"content-engine"},"timestamp":1498181052,"sharesRcvd":1,"likesRcvd":285,"source":"facebook_page","lastUpdateQuantum":4994954,"name":"Adriana Vargas","repliesRcvd":47,"username":"AdrianaVargasNY","timeQuantum":4993936,"type":"status"},{"content":"Cerramos nuestra semana de recorrido. Nos vemos a desde las 3 pm en Unión City, NJ!!! #GratitudInfinita","profileString":"facebook_page.260996580604464","postURL":"https://facebook.com/260996580604464/posts/1338896549481123","avatar":"https://graph.facebook.com/260996580604464/picture","classification":{"engine":"aylien","language":"en","taxonomy":[{"score":"0.3980","confident":false,"links":[{"link":"https://api.aylien.com/api/v1/classify/taxonomy/iab-qag/IAB12-3","rel":"self"},{"link":"https://api.aylien.com/api/v1/classify/taxonomy/iab-qag/IAB12","rel":"parent"}],"id":"IAB12-3","label":"Local News"},{"score":"0.0940","confident":true,"links":[{"link":"https://api.aylien.com/api/v1/classify/taxonomy/iab-qag/IAB12","rel":"self"}],"id":"IAB12","label":"News"}]},"postidString":"facebook_page.260996580604464_1338896549481123","postMeta":{"inserted":"content-engine"},"timestamp":1498228569,"sharesRcvd":0,"likesRcvd":72,"source":"facebook_page","lastUpdateQuantum":4995827,"name":"Adriana Vargas","imageLarge":"https://scontent.xx.fbcdn.net/v/t15.0-10/19459565_1338896896147755_4199330709464154112_n.jpg?oh=349c4bfb091df416c4b71e9360af832b&oe=59E2E1AA","objectID":"1338896549481123","repliesRcvd":3,"image":"https://scontent.xx.fbcdn.net/v/t15.0-10/p130x130/19459565_1338896896147755_4199330709464154112_n.jpg?oh=9ce3f901eb5acf4ab67b9c855c7cdafe&oe=59DF8301","username":"AdrianaVargasNY","link":"https://www.facebook.com/AdrianaVargasNY/videos/1338896549481123/","timeQuantum":4994095,"video":"https://video.xx.fbcdn.net/v/t42.1790-2/19354638_1699898420304106_4678771354596540416_n.mp4?efg=eyJybHIiOjU4NiwicmxhIjo1MTIsInZlbmNvZGVfdGFnIjoic3ZlX3NkIn0%3D&rl=586&vabr=326&oh=391d169e8016de5b4a85d804ebf85039&oe=594F213D","type":"video"},{"content":"Este es mi muro... de la gratitud, del cariño, de los gratos momentos con nuestra gente. No es un muro que divida, es un muro que se presta para colgar momentos gratos que ojalá se repitan...","profileString":"facebook_page.260996580604464","postURL":"https://facebook.com/260996580604464/posts/1338920852812026","avatar":"https://graph.facebook.com/260996580604464/picture","classification":{"engine":"aylien","language":"en","taxonomy":[{"score":"0.0940","confident":true,"links":[{"link":"https://api.aylien.com/api/v1/classify/taxonomy/iab-qag/IAB2-16","rel":"self"},{"link":"https://api.aylien.com/api/v1/classify/taxonomy/iab-qag/IAB2","rel":"parent"}],"id":"IAB2-16","label":"Off-Road Vehicles"},{"score":"0.0744","confident":false,"links":[{"link":"https://api.aylien.com/api/v1/classify/taxonomy/iab-qag/IAB9","rel":"self"}],"id":"IAB9","label":"Hobbies & Interests"},{"score":"0.0608","confident":false,"links":[{"link":"https://api.aylien.com/api/v1/classify/taxonomy/iab-qag/IAB2","rel":"self"}],"id":"IAB2","label":"Automotive"},{"score":"0.0530","confident":false,"links":[{"link":"https://api.aylien.com/api/v1/classify/taxonomy/iab-qag/IAB9-6","rel":"self"},{"link":"https://api.aylien.com/api/v1/classify/taxonomy/iab-qag/IAB9","rel":"parent"}],"id":"IAB9-6","label":"Candle & Soap Making"}]},"postidString":"facebook_page.260996580604464_1338918552812256","postMeta":{"inserted":"content-engine"},"timestamp":1498230256,"sharesRcvd":3,"likesRcvd":295,"source":"facebook_page","lastUpdateQuantum":4995827,"name":"Adriana Vargas","imageLarge":"https://scontent.xx.fbcdn.net/v/t1.0-0/p180x540/19429807_1338918552812256_5215546705911291682_n.jpg?oh=005101e5092806adaabc092d0d96170b&oe=59D0CED1","originalID":"260996580604464_1338920852812026","objectID":"1338918552812256","repliesRcvd":11,"image":"https://scontent.xx.fbcdn.net/v/t1.0-0/s130x130/19429807_1338918552812256_5215546705911291682_n.jpg?oh=4cfec4c6e1dc35a36d5a3a9dcbc2145e&oe=59D92CAD","username":"AdrianaVargasNY","link":"https://www.facebook.com/AdrianaVargasNY/photos/a.558625184174934.1073741825.260996580604464/1338918552812256/?type=3","timeQuantum":4994100,"title":"Photos from Adriana Vargas's post","type":"photo"},{"content":"La TV es una industria que requiere un gran trabajo en equipo. Y yo me siento muy afortunada de contar con los mejores: mi familia de UnivisionNY. Aquí un homenaje a Ray, Joe, Albita, Caro, AngelitoS, Henry, Luisito, Rafa, Albertico y algunos de quienes hicieron este tour posible. Ojo, me falta mucha gente pero les quedo debiendo más fotos...","profileString":"facebook_page.260996580604464","postURL":"https://facebook.com/260996580604464/posts/1339297776107667","avatar":"https://graph.facebook.com/260996580604464/picture","classification":{"engine":"aylien","language":"en","taxonomy":[{"score":"0.2267","links":[{"rel":"self","link":"https://api.aylien.com/api/v1/classify/taxonomy/iab-qag/IAB1-7"},{"rel":"parent","link":"https://api.aylien.com/api/v1/classify/taxonomy/iab-qag/IAB1"}],"label":"Television","id":"IAB1-7","confident":false},{"score":"0.0850","links":[{"rel":"self","link":"https://api.aylien.com/api/v1/classify/taxonomy/iab-qag/IAB20-15"},{"rel":"parent","link":"https://api.aylien.com/api/v1/classify/taxonomy/iab-qag/IAB20"}],"label":"France","id":"IAB20-15","confident":true},{"score":"0.0739","links":[{"rel":"self","link":"https://api.aylien.com/api/v1/classify/taxonomy/iab-qag/IAB9"}],"label":"Hobbies & Interests","id":"IAB9","confident":false},{"score":"0.0667","links":[{"rel":"self","link":"https://api.aylien.com/api/v1/classify/taxonomy/iab-qag/IAB20"}],"label":"Travel","id":"IAB20","confident":false},{"score":"0.0626","links":[{"rel":"self","link":"https://api.aylien.com/api/v1/classify/taxonomy/iab-qag/IAB1"}],"label":"Arts & Entertainment","id":"IAB1","confident":false},{"score":"0.0516","links":[{"rel":"self","link":"https://api.aylien.com/api/v1/classify/taxonomy/iab-qag/IAB9-4"},{"rel":"parent","link":"https://api.aylien.com/api/v1/classify/taxonomy/iab-qag/IAB9"}],"label":"Birdwatching","id":"IAB9-4","confident":false}]},"postidString":"facebook_page.260996580604464_1339297116107733","postMeta":{"inserted":"content-engine"},"timestamp":1498266347,"sharesRcvd":4,"likesRcvd":286,"source":"facebook_page","lastUpdateQuantum":4995827,"name":"Adriana Vargas","imageLarge":"https://scontent.xx.fbcdn.net/v/t1.0-9/s720x720/19397047_1339297116107733_193472880784385962_n.jpg?oh=daaf16d561cf5814dcab4e7fced33c45&oe=59C9669B","originalID":"260996580604464_1339297776107667","objectID":"1339297116107733","repliesRcvd":19,"image":"https://scontent.xx.fbcdn.net/v/t1.0-0/s130x130/19397047_1339297116107733_193472880784385962_n.jpg?oh=ca2516e834fc20e642b1705b7030309f&oe=59E09364","username":"AdrianaVargasNY","link":"https://www.facebook.com/AdrianaVargasNY/photos/a.558625184174934.1073741825.260996580604464/1339297116107733/?type=3","timeQuantum":4994221,"type":"photo","title":"Photos from Adriana Vargas's post"},{"content":"Adriana Vargas's cover photo","profileString":"facebook_page.260996580604464","postURL":"https://facebook.com/260996580604464/posts/1340154976021947","avatar":"https://graph.facebook.com/260996580604464/picture","classification":{"engine":"aylien","language":"en","taxonomy":[{"score":"0.0851","links":[{"rel":"self","link":"https://api.aylien.com/api/v1/classify/taxonomy/iab-qag/IAB9"}],"label":"Hobbies & Interests","id":"IAB9","confident":true},{"score":"0.0601","links":[{"rel":"self","link":"https://api.aylien.com/api/v1/classify/taxonomy/iab-qag/IAB9-23"},{"rel":"parent","link":"https://api.aylien.com/api/v1/classify/taxonomy/iab-qag/IAB9"}],"label":"Photography","id":"IAB9-23","confident":false}]},"postidString":"facebook_page.260996580604464_1340154976021947","postMeta":{"inserted":"content-engine"},"timestamp":1498354423,"sharesRcvd":4,"likesRcvd":109,"source":"facebook_page","lastUpdateQuantum":4994711,"name":"Adriana Vargas","imageLarge":"https://scontent.xx.fbcdn.net/v/t1.0-9/s720x720/19399291_1340154976021947_3992494149956542249_n.jpg?oh=d2a5f18c90d9486a9ef4498d3f0b42ad&oe=59E3449C","objectID":"1340154976021947","repliesRcvd":5,"image":"https://scontent.xx.fbcdn.net/v/t1.0-0/s130x130/19399291_1340154976021947_3992494149956542249_n.jpg?oh=f35637086ce4f01897f47b1a931c5b8e&oe=59D86489","username":"AdrianaVargasNY","link":"https://www.facebook.com/AdrianaVargasNY/photos/a.364320023605452.75998.260996580604464/1340154976021947/?type=3","timeQuantum":4994514,"type":"photo","title":"Adriana Vargas's cover photo"},{"content":"Un saludo, mi gente!!!! Ya de vuelta los esperamos a las 6 pm en #UnivisionNY","profileString":"facebook_page.260996580604464","postURL":"https://facebook.com/260996580604464/posts/1341786029192175","avatar":"https://graph.facebook.com/260996580604464/picture","classification":{"engine":"aylien","language":"en","taxonomy":[{"score":"0.3804","links":[{"rel":"self","link":"https://api.aylien.com/api/v1/classify/taxonomy/iab-qag/IAB12-1"},{"rel":"parent","link":"https://api.aylien.com/api/v1/classify/taxonomy/iab-qag/IAB12"}],"label":"International News","id":"IAB12-1","confident":false},{"score":"0.0852","links":[{"rel":"self","link":"https://api.aylien.com/api/v1/classify/taxonomy/iab-qag/IAB12"}],"label":"News","id":"IAB12","confident":true},{"score":"0.0725","links":[{"rel":"self","link":"https://api.aylien.com/api/v1/classify/taxonomy/iab-qag/IAB9"}],"label":"Hobbies & Interests","id":"IAB9","confident":false},{"score":"0.0526","links":[{"rel":"self","link":"https://api.aylien.com/api/v1/classify/taxonomy/iab-qag/IAB9-23"},{"rel":"parent","link":"https://api.aylien.com/api/v1/classify/taxonomy/iab-qag/IAB9"}],"label":"Photography","id":"IAB9-23","confident":false}]},"postidString":"facebook_page.260996580604464_1341786029192175","postMeta":{"inserted":"content-engine"},"timestamp":1498510981,"sharesRcvd":7,"likesRcvd":927,"source":"facebook_page","lastUpdateQuantum":4995827,"name":"Adriana Vargas","imageLarge":"https://scontent.xx.fbcdn.net/v/t31.0-8/s720x720/19441800_1341786029192175_5159693931770926170_o.jpg?oh=3cfd8326e2c20ffb2768b4031c6e0c63&oe=59C86176","objectID":"1341786029192175","repliesRcvd":99,"image":"https://scontent.xx.fbcdn.net/v/t1.0-0/s130x130/19430022_1341786029192175_5159693931770926170_n.jpg?oh=4a962a28d033c57084578576d5fd46cb&oe=59DA0032","username":"AdrianaVargasNY","link":"https://www.facebook.com/AdrianaVargasNY/photos/a.261042483933207.57135.260996580604464/1341786029192175/?type=3","timeQuantum":4995036,"type":"photo","title":"Timeline Photos"},{"content":"#Gratitud por su compañía y sus mensajes... @univisionny","profileString":"facebook_page.260996580604464","postURL":"https://facebook.com/260996580604464/posts/1344436282260483","avatar":"https://graph.facebook.com/260996580604464/picture","classification":{"engine":"aylien","language":"en","taxonomy":[{"score":"0.0847","links":[{"rel":"self","link":"https://api.aylien.com/api/v1/classify/taxonomy/iab-qag/IAB9"}],"label":"Hobbies & Interests","id":"IAB9","confident":true},{"score":"0.0534","links":[{"rel":"self","link":"https://api.aylien.com/api/v1/classify/taxonomy/iab-qag/IAB9-23"},{"rel":"parent","link":"https://api.aylien.com/api/v1/classify/taxonomy/iab-qag/IAB9"}],"label":"Photography","id":"IAB9-23","confident":false}]},"postidString":"facebook_page.260996580604464_1344436282260483","postMeta":{"inserted":"content-engine"},"timestamp":1498703064,"sharesRcvd":2,"likesRcvd":375,"source":"facebook_page","lastUpdateQuantum":4995827,"name":"Adriana Vargas","imageLarge":"https://scontent.xx.fbcdn.net/v/t1.0-9/19437356_1344436282260483_9076265609189084859_n.jpg?oh=0a88fb3c460b8b652b571937a40c24bd&oe=59D2608D","objectID":"1344436282260483","repliesRcvd":29,"image":"https://scontent.xx.fbcdn.net/v/t1.0-0/p130x130/19437356_1344436282260483_9076265609189084859_n.jpg?oh=489ba23014407b21d3f0c2768bc4caf0&oe=5A0B8F36","username":"AdrianaVargasNY","link":"https://www.facebook.com/AdrianaVargasNY/photos/a.261042483933207.57135.260996580604464/1344436282260483/?type=3","timeQuantum":4995676,"type":"photo","title":"Timeline Photos"}]