[{"content":"Subway service restored after outage, but with extensive delays #ABC7NY https://t.co/ZBojDiZ21L","profileString":"facebook_page.207944662625470","postURL":"https://facebook.com/207944662625470/posts/1380388682047723","avatar":"https://graph.facebook.com/207944662625470/picture","classification":{"engine":"aylien","language":"en","taxonomy":[{"score":0,"label":"News","categoryId":"INSERTED"}]},"postidString":"facebook_page.207944662625470_1380388682047723","postMeta":{"inserted":"content-engine"},"timestamp":1492803824,"sharesRcvd":3,"likesRcvd":6,"source":"facebook_page","lastUpdateQuantum":4984063,"name":"A.J. Ross","imageLarge":"https://external.xx.fbcdn.net/safe_image.php?d=AQDWvriGoCrYPirG&url=http%3A%2F%2Fcdn.abclocal.go.com%2Fcontent%2Fwabc%2Fimages%2Fcms%2F1899673_1280x720.jpg&_nc_hash=AQCIFLDt5ImmK2r6","repliesRcvd":0,"image":"https://external.xx.fbcdn.net/safe_image.php?d=AQA7-NYvLnX6qWyg&w=130&h=130&url=http%3A%2F%2Fcdn.abclocal.go.com%2Fcontent%2Fwabc%2Fimages%2Fcms%2F1899673_1280x720.jpg&cfs=1&sx=472&sy=0&sw=720&sh=720&_nc_hash=AQAZ3t9g7cB6Mhko","username":"ajrossabc7","link":"https://t.co/ZBojDiZ21L","timeQuantum":4976012,"title":"Subway service restored with delays; outage cause unknown","type":"link"},{"content":"Mike Conley with the breathe and stop floater *Q-Tip voice* #NBAPlayoffs2017","profileString":"facebook_page.207944662625470","postURL":"https://facebook.com/207944662625470/posts/1381794901907101","avatar":"https://graph.facebook.com/207944662625470/picture","classification":{"engine":"aylien","language":"en","taxonomy":[{"score":"0.0749","confident":false,"links":[{"link":"https://api.aylien.com/api/v1/classify/taxonomy/iab-qag/IAB9","rel":"self"}],"id":"IAB9","label":"Hobbies & Interests"},{"score":"0.0492","confident":false,"links":[{"link":"https://api.aylien.com/api/v1/classify/taxonomy/iab-qag/IAB9-6","rel":"self"},{"link":"https://api.aylien.com/api/v1/classify/taxonomy/iab-qag/IAB9","rel":"parent"}],"id":"IAB9-6","label":"Candle & Soap Making"}]},"postidString":"facebook_page.207944662625470_1381794901907101","postMeta":{"inserted":"content-engine"},"timestamp":1492915183,"sharesRcvd":0,"likesRcvd":9,"source":"facebook_page","lastUpdateQuantum":4984063,"name":"A.J. Ross","repliesRcvd":1,"username":"ajrossabc7","timeQuantum":4976383,"type":"status"},{"content":"Wow...I'm happy to see this Spurs Grizzlies series locked up but Kawhi Leonard showed out down the stretch...tough loss for the Spurs.","profileString":"facebook_page.207944662625470","postURL":"https://facebook.com/207944662625470/posts/1381811411905450","avatar":"https://graph.facebook.com/207944662625470/picture","classification":{"engine":"aylien","language":"en","taxonomy":[{"score":"0.2000","confident":false,"links":[{"link":"https://api.aylien.com/api/v1/classify/taxonomy/iab-qag/IAB1-7","rel":"self"},{"link":"https://api.aylien.com/api/v1/classify/taxonomy/iab-qag/IAB1","rel":"parent"}],"id":"IAB1-7","label":"Television"},{"score":"0.0667","confident":false,"links":[{"link":"https://api.aylien.com/api/v1/classify/taxonomy/iab-qag/IAB9","rel":"self"}],"id":"IAB9","label":"Hobbies & Interests"},{"score":"0.0599","confident":false,"links":[{"link":"https://api.aylien.com/api/v1/classify/taxonomy/iab-qag/IAB1","rel":"self"}],"id":"IAB1","label":"Arts & Entertainment"},{"score":"0.0596","confident":false,"links":[{"link":"https://api.aylien.com/api/v1/classify/taxonomy/iab-qag/IAB17","rel":"self"}],"id":"IAB17","label":"Sports"},{"score":"0.0507","confident":false,"links":[{"link":"https://api.aylien.com/api/v1/classify/taxonomy/iab-qag/IAB9-28","rel":"self"},{"link":"https://api.aylien.com/api/v1/classify/taxonomy/iab-qag/IAB9","rel":"parent"}],"id":"IAB9-28","label":"Screenwriting"},{"score":"0.0423","confident":false,"links":[{"link":"https://api.aylien.com/api/v1/classify/taxonomy/iab-qag/IAB17-43","rel":"self"},{"link":"https://api.aylien.com/api/v1/classify/taxonomy/iab-qag/IAB17","rel":"parent"}],"id":"IAB17-43","label":"Waterski/Wakeboard"}]},"postidString":"facebook_page.207944662625470_1381811411905450","postMeta":{"inserted":"content-engine"},"timestamp":1492916720,"sharesRcvd":0,"likesRcvd":24,"source":"facebook_page","lastUpdateQuantum":4984063,"name":"A.J. Ross","repliesRcvd":3,"username":"ajrossabc7","timeQuantum":4976389,"type":"status"},{"content":"Man stabbed multiple times in Yankee Stadium subway station #ABC7NY https://t.co/DS6ZjNnKp7","profileString":"facebook_page.207944662625470","postURL":"https://facebook.com/207944662625470/posts/1384793141607277","avatar":"https://graph.facebook.com/207944662625470/picture","classification":{"engine":"aylien","language":"en","taxonomy":[{"score":0,"label":"News","categoryId":"INSERTED"}]},"postidString":"facebook_page.207944662625470_1384793141607277","postMeta":{"inserted":"content-engine"},"timestamp":1493150628,"sharesRcvd":11,"likesRcvd":9,"source":"facebook_page","lastUpdateQuantum":4984063,"name":"A.J. Ross","imageLarge":"https://external.xx.fbcdn.net/safe_image.php?d=AQAEjr3lRQtuoGga&url=http%3A%2F%2Fcdn.abclocal.go.com%2Fcontent%2Fwabc%2Fimages%2Fcms%2F1915965_1280x720.jpg&_nc_hash=AQCh3wWTmsluuqxz","repliesRcvd":2,"image":"https://external.xx.fbcdn.net/safe_image.php?d=AQCXUycNyizLStw-&w=130&h=130&url=http%3A%2F%2Fcdn.abclocal.go.com%2Fcontent%2Fwabc%2Fimages%2Fcms%2F1915965_1280x720.jpg&cfs=1&_nc_hash=AQBk7PZuBjrAcU_d","username":"ajrossabc7","link":"https://t.co/DS6ZjNnKp7","timeQuantum":4977168,"title":"Man stabbed multiple times in Yankee Stadium subway station","type":"link"},{"content":"NJ Transit delays are now up to 40 minutes in and out of NY Penn because of the overhead wire problems #ABC7NY","profileString":"facebook_page.207944662625470","postURL":"https://facebook.com/207944662625470/posts/1384834311603160","avatar":"https://graph.facebook.com/207944662625470/picture","classification":{"engine":"aylien","language":"en","taxonomy":[{"score":"0.0781","confident":false,"links":[{"link":"https://api.aylien.com/api/v1/classify/taxonomy/iab-qag/IAB2-16","rel":"self"},{"link":"https://api.aylien.com/api/v1/classify/taxonomy/iab-qag/IAB2","rel":"parent"}],"id":"IAB2-16","label":"Off-Road Vehicles"},{"score":"0.0658","confident":false,"links":[{"link":"https://api.aylien.com/api/v1/classify/taxonomy/iab-qag/IAB9","rel":"self"}],"id":"IAB9","label":"Hobbies & Interests"},{"score":"0.0595","confident":false,"links":[{"link":"https://api.aylien.com/api/v1/classify/taxonomy/iab-qag/IAB7","rel":"self"}],"id":"IAB7","label":"Health & Fitness"},{"score":"0.0564","confident":false,"links":[{"link":"https://api.aylien.com/api/v1/classify/taxonomy/iab-qag/IAB17","rel":"self"}],"id":"IAB17","label":"Sports"},{"score":"0.0540","confident":false,"links":[{"link":"https://api.aylien.com/api/v1/classify/taxonomy/iab-qag/IAB2","rel":"self"}],"id":"IAB2","label":"Automotive"},{"score":"0.0490","confident":false,"links":[{"link":"https://api.aylien.com/api/v1/classify/taxonomy/iab-qag/IAB9-4","rel":"self"},{"link":"https://api.aylien.com/api/v1/classify/taxonomy/iab-qag/IAB9","rel":"parent"}],"id":"IAB9-4","label":"Birdwatching"},{"score":"0.0477","confident":true,"links":[{"link":"https://api.aylien.com/api/v1/classify/taxonomy/iab-qag/IAB17-24","rel":"self"},{"link":"https://api.aylien.com/api/v1/classify/taxonomy/iab-qag/IAB17","rel":"parent"}],"id":"IAB17-24","label":"Paintball"},{"score":"0.0474","confident":false,"links":[{"link":"https://api.aylien.com/api/v1/classify/taxonomy/iab-qag/IAB7-23","rel":"self"},{"link":"https://api.aylien.com/api/v1/classify/taxonomy/iab-qag/IAB7","rel":"parent"}],"id":"IAB7-23","label":"Headaches/Migraines"}]},"postidString":"facebook_page.207944662625470_1384834311603160","postMeta":{"inserted":"content-engine"},"timestamp":1493154201,"sharesRcvd":0,"likesRcvd":5,"source":"facebook_page","lastUpdateQuantum":4984063,"name":"A.J. Ross","repliesRcvd":1,"username":"ajrossabc7","timeQuantum":4977180,"type":"status"},{"content":"Fed up @NJTRANSIT train riders demanding a refund from Amtrak with another evening commute full of delays on deck https://t.co/K5yXGI6vTT","profileString":"facebook_page.207944662625470","postURL":"https://facebook.com/207944662625470/posts/1384857068267551","avatar":"https://graph.facebook.com/207944662625470/picture","classification":{"engine":"aylien","language":"en","taxonomy":[{"score":"0.0785","links":[{"rel":"self","link":"https://api.aylien.com/api/v1/classify/taxonomy/iab-qag/IAB2-15"},{"rel":"parent","link":"https://api.aylien.com/api/v1/classify/taxonomy/iab-qag/IAB2"}],"label":"Motorcycles","id":"IAB2-15","confident":false},{"score":"0.0767","links":[{"rel":"self","link":"https://api.aylien.com/api/v1/classify/taxonomy/iab-qag/IAB9"}],"label":"Hobbies & Interests","id":"IAB9","confident":false},{"score":"0.0654","links":[{"rel":"self","link":"https://api.aylien.com/api/v1/classify/taxonomy/iab-qag/IAB2"}],"label":"Automotive","id":"IAB2","confident":false},{"score":"0.0493","links":[{"rel":"self","link":"https://api.aylien.com/api/v1/classify/taxonomy/iab-qag/IAB9-4"},{"rel":"parent","link":"https://api.aylien.com/api/v1/classify/taxonomy/iab-qag/IAB9"}],"label":"Birdwatching","id":"IAB9-4","confident":false}]},"postidString":"facebook_page.207944662625470_1384857068267551","postMeta":{"inserted":"content-engine"},"timestamp":1493156777,"sharesRcvd":0,"likesRcvd":5,"source":"facebook_page","lastUpdateQuantum":4984063,"name":"A.J. Ross","imageLarge":"https://external.xx.fbcdn.net/safe_image.php?d=AQAPnOuWYXa_4p79&w=337&h=337&url=https%3A%2F%2Fpbs.twimg.com%2Fext_tw_video_thumb%2F856986664664653824%2Fpu%2Fimg%2FoJhS3nmrUc653tUR.jpg&cfs=1&sx=262&sy=0&sw=337&sh=337&_nc_hash=AQCKlcHNwmyAcOrL","repliesRcvd":4,"image":"https://external.xx.fbcdn.net/safe_image.php?d=AQDdZxwr6ndW6tgs&w=130&h=130&url=https%3A%2F%2Fpbs.twimg.com%2Fext_tw_video_thumb%2F856986664664653824%2Fpu%2Fimg%2FoJhS3nmrUc653tUR.jpg&cfs=1&sx=262&sy=0&sw=337&sh=337&_nc_hash=AQAWw-sh8YF_dZfu","username":"ajrossabc7","link":"https://twitter.com/AJRossABC7/status/856987752260349953/video/1?utm_source=fb&utm_medium=fb&utm_campaign=AJRossABC7&utm_content=856987752260349953","timeQuantum":4977189,"video":"https://twitter.com/i/videos/856987752260349953?embed_source=facebook","type":"video","title":"AJ Ross on Twitter"},{"content":"George Stephanopoulos pulled no punches this morning pressing Treasury Secretary Steven Mnuchin on the new tax reform proposal #GMA","profileString":"facebook_page.207944662625470","postURL":"https://facebook.com/207944662625470/posts/1386411838112074","avatar":"https://graph.facebook.com/207944662625470/picture","classification":{"engine":"aylien","language":"en","taxonomy":[{"score":"0.3070","links":[{"rel":"self","link":"https://api.aylien.com/api/v1/classify/taxonomy/iab-qag/IAB11-5"},{"rel":"parent","link":"https://api.aylien.com/api/v1/classify/taxonomy/iab-qag/IAB11"}],"label":"Commentary","id":"IAB11-5","confident":false},{"score":"0.2401","links":[{"rel":"self","link":"https://api.aylien.com/api/v1/classify/taxonomy/iab-qag/IAB10-5"},{"rel":"parent","link":"https://api.aylien.com/api/v1/classify/taxonomy/iab-qag/IAB10"}],"label":"Home Repair","id":"IAB10-5","confident":false},{"score":"0.1803","links":[{"rel":"self","link":"https://api.aylien.com/api/v1/classify/taxonomy/iab-qag/IAB25-4"},{"rel":"parent","link":"https://api.aylien.com/api/v1/classify/taxonomy/iab-qag/IAB25"}],"label":"Profane Content","id":"IAB25-4","confident":false},{"score":"0.1176","links":[{"rel":"self","link":"https://api.aylien.com/api/v1/classify/taxonomy/iab-qag/IAB13-9"},{"rel":"parent","link":"https://api.aylien.com/api/v1/classify/taxonomy/iab-qag/IAB13"}],"label":"Options","id":"IAB13-9","confident":false},{"score":"0.0748","links":[{"rel":"self","link":"https://api.aylien.com/api/v1/classify/taxonomy/iab-qag/IAB2-16"},{"rel":"parent","link":"https://api.aylien.com/api/v1/classify/taxonomy/iab-qag/IAB2"}],"label":"Off-Road Vehicles","id":"IAB2-16","confident":false},{"score":"0.0586","links":[{"rel":"self","link":"https://api.aylien.com/api/v1/classify/taxonomy/iab-qag/IAB9"}],"label":"Hobbies & Interests","id":"IAB9","confident":false},{"score":"0.0541","links":[{"rel":"self","link":"https://api.aylien.com/api/v1/classify/taxonomy/iab-qag/IAB11"}],"label":"Law, Gov’t & Politics","id":"IAB11","confident":false},{"score":"0.0538","links":[{"rel":"self","link":"https://api.aylien.com/api/v1/classify/taxonomy/iab-qag/IAB2"}],"label":"Automotive","id":"IAB2","confident":false},{"score":"0.0511","links":[{"rel":"self","link":"https://api.aylien.com/api/v1/classify/taxonomy/iab-qag/IAB9-9"},{"rel":"parent","link":"https://api.aylien.com/api/v1/classify/taxonomy/iab-qag/IAB9"}],"label":"Cigars","id":"IAB9-9","confident":false},{"score":"0.0500","links":[{"rel":"self","link":"https://api.aylien.com/api/v1/classify/taxonomy/iab-qag/IAB13"}],"label":"Personal Finance","id":"IAB13","confident":false},{"score":"0.0489","links":[{"rel":"self","link":"https://api.aylien.com/api/v1/classify/taxonomy/iab-qag/IAB10"}],"label":"Home & Garden","id":"IAB10","confident":false},{"score":"0.0481","links":[{"rel":"self","link":"https://api.aylien.com/api/v1/classify/taxonomy/iab-qag/IAB25"}],"label":"Non-Standard Content","id":"IAB25","confident":false}]},"postidString":"facebook_page.207944662625470_1386411838112074","postMeta":{"inserted":"content-engine"},"timestamp":1493291935,"sharesRcvd":0,"likesRcvd":18,"source":"facebook_page","lastUpdateQuantum":4984063,"name":"A.J. Ross","repliesRcvd":1,"username":"ajrossabc7","timeQuantum":4977639,"type":"status"},{"content":"Final farewell: FDNY firefighter William Tolley laid to rest #ABC7NY https://t.co/YSiEgPiAPw","profileString":"facebook_page.207944662625470","postURL":"https://facebook.com/207944662625470/posts/1386834248069833","avatar":"https://graph.facebook.com/207944662625470/picture","classification":{"engine":"aylien","language":"en","taxonomy":[{"score":0,"categoryId":"INSERTED","label":"News"}]},"postidString":"facebook_page.207944662625470_1386834248069833","postMeta":{"inserted":"content-engine"},"timestamp":1493323090,"sharesRcvd":1,"likesRcvd":7,"source":"facebook_page","lastUpdateQuantum":4984063,"name":"A.J. Ross","imageLarge":"https://external.xx.fbcdn.net/safe_image.php?d=AQD8B6RTrF7P8LPq&url=http%3A%2F%2Fcdn.abclocal.go.com%2Fcontent%2Fwabc%2Fimages%2Fcms%2Fautomation%2Fvod%2F1924143_1280x720.JPG&_nc_hash=AQDW9cZHRAB7xX7f","repliesRcvd":4,"image":"https://external.xx.fbcdn.net/safe_image.php?d=AQBRO3oDvsidwrwq&w=130&h=130&url=http%3A%2F%2Fcdn.abclocal.go.com%2Fcontent%2Fwabc%2Fimages%2Fcms%2Fautomation%2Fvod%2F1924143_1280x720.JPG&cfs=1&_nc_hash=AQDju1ngb07_D4VF","username":"ajrossabc7","link":"https://t.co/YSiEgPiAPw","timeQuantum":4977743,"type":"link","title":"Final farewell: FDNY firefighter William Tolley laid to rest"},{"content":"Making a difference in the world is an ambitious idea 7 teens from Westchester are making a reality. Watch Ch.7 @11 https://t.co/jsA7txw0vO","profileString":"facebook_page.207944662625470","postURL":"https://facebook.com/207944662625470/posts/1388137224606202","avatar":"https://graph.facebook.com/207944662625470/picture","classification":{"engine":"aylien","language":"en","taxonomy":[{"score":"0.0798","confident":true,"links":[{"link":"https://api.aylien.com/api/v1/classify/taxonomy/iab-qag/IAB9","rel":"self"}],"id":"IAB9","label":"Hobbies & Interests"},{"score":"0.0532","confident":false,"links":[{"link":"https://api.aylien.com/api/v1/classify/taxonomy/iab-qag/IAB9-4","rel":"self"},{"link":"https://api.aylien.com/api/v1/classify/taxonomy/iab-qag/IAB9","rel":"parent"}],"id":"IAB9-4","label":"Birdwatching"}]},"postidString":"facebook_page.207944662625470_1388137224606202","postMeta":{"inserted":"content-engine"},"timestamp":1493427430,"sharesRcvd":0,"likesRcvd":3,"source":"facebook_page","lastUpdateQuantum":4984063,"name":"A.J. Ross","imageLarge":"https://external.xx.fbcdn.net/safe_image.php?d=AQBbjU3cZAQngNMk&url=https%3A%2F%2Fpbs.twimg.com%2Fmedia%2FC-iqQTBU0AAbb9J.jpg&_nc_hash=AQBVe0TdHuR109YE","repliesRcvd":0,"image":"https://external.xx.fbcdn.net/safe_image.php?d=AQDSc4re4SXHyXKB&w=130&h=130&url=https%3A%2F%2Fpbs.twimg.com%2Fmedia%2FC-iqQTBU0AAbb9J.jpg&cfs=1&sx=90&sy=0&sw=1029&sh=1029&_nc_hash=AQDe3GH6b1F_GmfD","username":"ajrossabc7","link":"https://twitter.com/AJRossABC7/status/858122952793088000/photo/1?utm_source=fb&utm_medium=fb&utm_campaign=AJRossABC7&utm_content=858122952793088000","timeQuantum":4978091,"title":"AJ Ross (@AJRossABC7) posted a photo on Twitter","type":"link"},{"content":"Craving some Rita's Italian ice right now 😩","profileString":"facebook_page.207944662625470","postURL":"https://facebook.com/207944662625470/posts/1388230957930162","avatar":"https://graph.facebook.com/207944662625470/picture","classification":{"engine":"aylien","language":"en","taxonomy":[{"score":"0.5948","confident":true,"links":[{"link":"https://api.aylien.com/api/v1/classify/taxonomy/iab-qag/IAB8-13","rel":"self"},{"link":"https://api.aylien.com/api/v1/classify/taxonomy/iab-qag/IAB8","rel":"parent"}],"id":"IAB8-13","label":"Italian Cuisine"},{"score":"0.0925","confident":true,"links":[{"link":"https://api.aylien.com/api/v1/classify/taxonomy/iab-qag/IAB8","rel":"self"}],"id":"IAB8","label":"Food & Drink"},{"score":"0.0752","confident":false,"links":[{"link":"https://api.aylien.com/api/v1/classify/taxonomy/iab-qag/IAB9","rel":"self"}],"id":"IAB9","label":"Hobbies & Interests"},{"score":"0.0538","confident":false,"links":[{"link":"https://api.aylien.com/api/v1/classify/taxonomy/iab-qag/IAB9-21","rel":"self"},{"link":"https://api.aylien.com/api/v1/classify/taxonomy/iab-qag/IAB9","rel":"parent"}],"id":"IAB9-21","label":"Needlework"}]},"postidString":"facebook_page.207944662625470_1388230957930162","postMeta":{"inserted":"content-engine"},"timestamp":1493431550,"sharesRcvd":0,"likesRcvd":45,"source":"facebook_page","lastUpdateQuantum":4984063,"name":"A.J. Ross","repliesRcvd":8,"username":"ajrossabc7","timeQuantum":4978105,"type":"status"},{"content":"Student-run 'Relief United' making a difference to help Syrians http://abc7ny.com/education/student-run-relief-united-making-a-difference-to-help-syrians/1931528/","profileString":"facebook_page.207944662625470","postURL":"https://facebook.com/207944662625470/posts/1388777264542198","avatar":"https://graph.facebook.com/207944662625470/picture","classification":{"engine":"aylien","language":"en","taxonomy":[{"score":"0.5762","confident":true,"links":[{"link":"https://api.aylien.com/api/v1/classify/taxonomy/iab-qag/IAB6-6","rel":"self"},{"link":"https://api.aylien.com/api/v1/classify/taxonomy/iab-qag/IAB6","rel":"parent"}],"id":"IAB6-6","label":"Parenting teens"},{"score":"0.2182","confident":true,"links":[{"link":"https://api.aylien.com/api/v1/classify/taxonomy/iab-qag/IAB6","rel":"self"}],"id":"IAB6","label":"Family & Parenting"}]},"postidString":"facebook_page.207944662625470_1388777264542198","postMeta":{"inserted":"content-engine"},"timestamp":1493477027,"sharesRcvd":0,"likesRcvd":3,"source":"facebook_page","lastUpdateQuantum":4984063,"name":"A.J. Ross","imageLarge":"https://external.xx.fbcdn.net/safe_image.php?d=AQAaB6t-kRDSLWI4&url=http%3A%2F%2Fcdn.abclocal.go.com%2Fcontent%2Fwabc%2Fimages%2Fcms%2F1931539_1280x720.jpg&_nc_hash=AQBF7UZ7Q9F-VeIk","repliesRcvd":0,"image":"https://external.xx.fbcdn.net/safe_image.php?d=AQBwO5jNtm88FE1x&w=130&h=130&url=http%3A%2F%2Fcdn.abclocal.go.com%2Fcontent%2Fwabc%2Fimages%2Fcms%2F1931539_1280x720.jpg&cfs=1&sx=172&sy=0&sw=720&sh=720&_nc_hash=AQBHYb955xTeRP08","username":"ajrossabc7","link":"http://abc7ny.com/education/student-run-relief-united-making-a-difference-to-help-syrians/1931528/","timeQuantum":4978256,"title":"Student-run 'Relief United' making a difference to help Syrians","type":"link"},{"content":"NYPD investigating a horrific accident between a garbage truck and sedan on Bruckner Blvd in the Bronx #ABC7NY https://t.co/22ApiFhO4O","profileString":"facebook_page.207944662625470","postURL":"https://facebook.com/207944662625470/posts/1388815151205076","avatar":"https://graph.facebook.com/207944662625470/picture","classification":{"engine":"aylien","language":"en","taxonomy":[{"score":"0.0798","confident":true,"links":[{"link":"https://api.aylien.com/api/v1/classify/taxonomy/iab-qag/IAB9","rel":"self"}],"id":"IAB9","label":"Hobbies & Interests"},{"score":"0.0532","confident":false,"links":[{"link":"https://api.aylien.com/api/v1/classify/taxonomy/iab-qag/IAB9-4","rel":"self"},{"link":"https://api.aylien.com/api/v1/classify/taxonomy/iab-qag/IAB9","rel":"parent"}],"id":"IAB9-4","label":"Birdwatching"}]},"postidString":"facebook_page.207944662625470_1388815151205076","postMeta":{"inserted":"content-engine"},"timestamp":1493479986,"sharesRcvd":0,"likesRcvd":8,"source":"facebook_page","lastUpdateQuantum":4984063,"name":"A.J. Ross","imageLarge":"https://external.xx.fbcdn.net/safe_image.php?d=AQAiI8ub_nXve0Gq&url=https%3A%2F%2Fpbs.twimg.com%2Fmedia%2FC-lyvUsUMAAt4xS.jpg&_nc_hash=AQBm1bAFFfTGgQKw","repliesRcvd":0,"image":"https://external.xx.fbcdn.net/safe_image.php?d=AQCNyf837zr3rYj_&w=130&h=130&url=https%3A%2F%2Fpbs.twimg.com%2Fmedia%2FC-lyvUsUMAAt4xS.jpg&cfs=1&_nc_hash=AQCPGYX9GBliELHN","username":"ajrossabc7","link":"https://twitter.com/AJRossABC7/status/858343374612570114/photo/1?utm_source=fb&utm_medium=fb&utm_campaign=AJRossABC7&utm_content=858343374612570114","timeQuantum":4978266,"title":"AJ Ross (@AJRossABC7) posted a photo on Twitter","type":"link"},{"content":"My heart aches #JordanEdwards https://t.co/ZBhTdTvPS2","profileString":"facebook_page.207944662625470","postURL":"https://facebook.com/207944662625470/posts/1391901054229819","avatar":"https://graph.facebook.com/207944662625470/picture","classification":{"engine":"aylien","language":"en","taxonomy":[{"score":0,"label":"News","categoryId":"INSERTED"}]},"postidString":"facebook_page.207944662625470_1391901054229819","postMeta":{"inserted":"content-engine"},"timestamp":1493741568,"sharesRcvd":0,"likesRcvd":3,"source":"facebook_page","lastUpdateQuantum":4984063,"name":"A.J. Ross","imageLarge":"https://external.xx.fbcdn.net/safe_image.php?d=AQCSd5G-alvsPs3V&url=https%3A%2F%2Fpbs.twimg.com%2Fmedia%2FC-0rT95XcAACT8c.jpg%3Alarge&_nc_hash=AQAYPtx37UcZ6Vj6","repliesRcvd":0,"image":"https://external.xx.fbcdn.net/safe_image.php?d=AQCopBHl4yUWFE4d&w=130&h=130&url=https%3A%2F%2Fpbs.twimg.com%2Fmedia%2FC-0rT95XcAACT8c.jpg%3Alarge&cfs=1&sx=271&sy=0&sw=671&sh=671&_nc_hash=AQBh6DPOKJkCUtsL","username":"ajrossabc7","link":"https://t.co/ZBhTdTvPS2","timeQuantum":4979138,"title":"ABC News on Twitter","type":"link"},{"content":"Mom of 6, subway conductor fatally shot in Brooklyn http://abc7ny.com/news/mom-of-6-subway-conductor-fatally-shot-in-brooklyn/1943519/","profileString":"facebook_page.207944662625470","postURL":"https://facebook.com/207944662625470/posts/1391947960891795","avatar":"https://graph.facebook.com/207944662625470/picture","classification":{"engine":"aylien","language":"en","taxonomy":[{"score":"0.2970","confident":true,"links":[{"link":"https://api.aylien.com/api/v1/classify/taxonomy/iab-qag/IAB6-6","rel":"self"},{"link":"https://api.aylien.com/api/v1/classify/taxonomy/iab-qag/IAB6","rel":"parent"}],"id":"IAB6-6","label":"Parenting teens"},{"score":"0.2476","confident":false,"links":[{"link":"https://api.aylien.com/api/v1/classify/taxonomy/iab-qag/IAB25-3","rel":"self"},{"link":"https://api.aylien.com/api/v1/classify/taxonomy/iab-qag/IAB25","rel":"parent"}],"id":"IAB25-3","label":"Pornography"},{"score":"0.0823","confident":true,"links":[{"link":"https://api.aylien.com/api/v1/classify/taxonomy/iab-qag/IAB6","rel":"self"}],"id":"IAB6","label":"Family & Parenting"},{"score":"0.0792","confident":true,"links":[{"link":"https://api.aylien.com/api/v1/classify/taxonomy/iab-qag/IAB25","rel":"self"}],"id":"IAB25","label":"Non-Standard Content"}]},"postidString":"facebook_page.207944662625470_1391947960891795","postMeta":{"inserted":"content-engine"},"timestamp":1493745474,"sharesRcvd":4,"likesRcvd":25,"source":"facebook_page","lastUpdateQuantum":4984063,"name":"A.J. Ross","imageLarge":"https://external.xx.fbcdn.net/safe_image.php?d=AQAf0A4bFXJ2V6n-&url=http%3A%2F%2Fcdn.abclocal.go.com%2Fcontent%2Fwabc%2Fimages%2Fcms%2Fautomation%2Fvod%2F1944404_1280x720.jpg&_nc_hash=AQA7F8MTwIeQRf2w","repliesRcvd":1,"image":"https://external.xx.fbcdn.net/safe_image.php?d=AQAYsSfOHeiQgod2&w=130&h=130&url=http%3A%2F%2Fcdn.abclocal.go.com%2Fcontent%2Fwabc%2Fimages%2Fcms%2Fautomation%2Fvod%2F1944404_1280x720.jpg&cfs=1&sx=0&sy=0&sw=720&sh=720&_nc_hash=AQD9xbDJ5eGLba-S","username":"ajrossabc7","link":"http://abc7ny.com/news/mom-of-6-subway-conductor-fatally-shot-in-brooklyn/1943519/","timeQuantum":4979151,"title":"Mom of 6, subway conductor fatally shot in Brooklyn","type":"link"},{"content":"Isaiah Thomas back to back *Drake voice* #Celtics #NBAPlayoffs","profileString":"facebook_page.207944662625470","postURL":"https://facebook.com/207944662625470/posts/1392428567510401","avatar":"https://graph.facebook.com/207944662625470/picture","classification":{"engine":"aylien","language":"en","taxonomy":[{"score":"0.0700","confident":false,"links":[{"link":"https://api.aylien.com/api/v1/classify/taxonomy/iab-qag/IAB9","rel":"self"}],"id":"IAB9","label":"Hobbies & Interests"},{"score":"0.0492","confident":false,"links":[{"link":"https://api.aylien.com/api/v1/classify/taxonomy/iab-qag/IAB9-3","rel":"self"},{"link":"https://api.aylien.com/api/v1/classify/taxonomy/iab-qag/IAB9","rel":"parent"}],"id":"IAB9-3","label":"Beadwork"}]},"postidString":"facebook_page.207944662625470_1392428567510401","postMeta":{"inserted":"content-engine"},"timestamp":1493777875,"sharesRcvd":0,"likesRcvd":8,"source":"facebook_page","lastUpdateQuantum":4984063,"name":"A.J. Ross","repliesRcvd":2,"username":"ajrossabc7","timeQuantum":4979259,"type":"status"},{"content":"Slow motion made that AND 1 look even more amazing!  Isaiah Thomas is carrying this Celtics team 🔥51pts","profileString":"facebook_page.207944662625470","postURL":"https://facebook.com/207944662625470/posts/1392462240840367","avatar":"https://graph.facebook.com/207944662625470/picture","classification":{"engine":"aylien","language":"en","taxonomy":[{"score":"0.0964","confident":true,"links":[{"link":"https://api.aylien.com/api/v1/classify/taxonomy/iab-qag/IAB17","rel":"self"}],"id":"IAB17","label":"Sports"},{"score":"0.0406","confident":false,"links":[{"link":"https://api.aylien.com/api/v1/classify/taxonomy/iab-qag/IAB17-24","rel":"self"},{"link":"https://api.aylien.com/api/v1/classify/taxonomy/iab-qag/IAB17","rel":"parent"}],"id":"IAB17-24","label":"Paintball"}]},"postidString":"facebook_page.207944662625470_1392462240840367","postMeta":{"inserted":"content-engine"},"timestamp":1493780340,"sharesRcvd":0,"likesRcvd":17,"source":"facebook_page","lastUpdateQuantum":4984063,"name":"A.J. Ross","repliesRcvd":2,"username":"ajrossabc7","timeQuantum":4979267,"type":"status"},{"content":"This sounds like an interesting consumer story... https://t.co/X03OEcPvNG","profileString":"facebook_page.207944662625470","postURL":"https://facebook.com/207944662625470/posts/1394108030675788","avatar":"https://graph.facebook.com/207944662625470/picture","classification":{"engine":"aylien","language":"en","taxonomy":[{"score":0,"label":"News","categoryId":"INSERTED"}]},"postidString":"facebook_page.207944662625470_1394108030675788","postMeta":{"inserted":"content-engine"},"timestamp":1493919308,"sharesRcvd":0,"likesRcvd":6,"source":"facebook_page","lastUpdateQuantum":4984063,"name":"A.J. Ross","imageLarge":"https://external.xx.fbcdn.net/safe_image.php?d=AQDk-e3_hB-EeSMW&url=https%3A%2F%2Fpbs.twimg.com%2Fprofile_images%2F378800000676323174%2F924aa239073a895ae13517755e09b485_400x400.jpeg&_nc_hash=AQAPQiOMZosBXgSy","repliesRcvd":0,"image":"https://external.xx.fbcdn.net/safe_image.php?d=AQDPovbD6EJvsoJf&w=130&h=130&url=https%3A%2F%2Fpbs.twimg.com%2Fprofile_images%2F378800000676323174%2F924aa239073a895ae13517755e09b485_400x400.jpeg&cfs=1&sx=0&sy=0&sw=400&sh=400&_nc_hash=AQC76Qbd7__S9CW5","username":"ajrossabc7","link":"https://t.co/X03OEcPvNG","timeQuantum":4979731,"title":"7 On Your Side on Twitter","type":"link"},{"content":"While navigating through the traffic & rain this morning I had a really insightful convo w/ a taxi driver named Connie who just exuded peace","profileString":"facebook_page.207944662625470","postURL":"https://facebook.com/207944662625470/posts/1394902520596339","avatar":"https://graph.facebook.com/207944662625470/picture","classification":{"engine":"aylien","language":"en","taxonomy":[{"score":"0.0836","confident":false,"links":[{"link":"https://api.aylien.com/api/v1/classify/taxonomy/iab-qag/IAB2-4","rel":"self"},{"link":"https://api.aylien.com/api/v1/classify/taxonomy/iab-qag/IAB2","rel":"parent"}],"id":"IAB2-4","label":"Car Culture"},{"score":"0.0712","confident":false,"links":[{"link":"https://api.aylien.com/api/v1/classify/taxonomy/iab-qag/IAB2","rel":"self"}],"id":"IAB2","label":"Automotive"},{"score":"0.0652","confident":false,"links":[{"link":"https://api.aylien.com/api/v1/classify/taxonomy/iab-qag/IAB9","rel":"self"}],"id":"IAB9","label":"Hobbies & Interests"},{"score":"0.0520","confident":false,"links":[{"link":"https://api.aylien.com/api/v1/classify/taxonomy/iab-qag/IAB9-4","rel":"self"},{"link":"https://api.aylien.com/api/v1/classify/taxonomy/iab-qag/IAB9","rel":"parent"}],"id":"IAB9-4","label":"Birdwatching"}]},"postidString":"facebook_page.207944662625470_1394902520596339","postMeta":{"inserted":"content-engine"},"timestamp":1493990813,"sharesRcvd":0,"likesRcvd":15,"source":"facebook_page","lastUpdateQuantum":4984063,"name":"A.J. Ross","repliesRcvd":0,"username":"ajrossabc7","timeQuantum":4979969,"type":"status"},{"content":"It's a battle over unicorns with a local Brooklyn coffee shop suing @Starbucks for allegedly ripping off their drink https://t.co/3fkvpfE8Vv","profileString":"facebook_page.207944662625470","postURL":"https://facebook.com/207944662625470/posts/1395126647240593","avatar":"https://graph.facebook.com/207944662625470/picture","classification":{"engine":"aylien","language":"en","taxonomy":[{"score":"0.0798","confident":true,"links":[{"link":"https://api.aylien.com/api/v1/classify/taxonomy/iab-qag/IAB9","rel":"self"}],"id":"IAB9","label":"Hobbies & Interests"},{"score":"0.0532","confident":false,"links":[{"link":"https://api.aylien.com/api/v1/classify/taxonomy/iab-qag/IAB9-4","rel":"self"},{"link":"https://api.aylien.com/api/v1/classify/taxonomy/iab-qag/IAB9","rel":"parent"}],"id":"IAB9-4","label":"Birdwatching"}]},"postidString":"facebook_page.207944662625470_1395126647240593","postMeta":{"inserted":"content-engine"},"timestamp":1494009177,"sharesRcvd":0,"likesRcvd":3,"source":"facebook_page","lastUpdateQuantum":4984063,"name":"A.J. Ross","imageLarge":"https://external.xx.fbcdn.net/safe_image.php?d=AQDrZkKXVAUzcU6m&url=https%3A%2F%2Fpbs.twimg.com%2Fmedia%2FC_FVcDaV0AAh-5h.jpg&_nc_hash=AQAgWBeHYcLk8aor","repliesRcvd":0,"image":"https://external.xx.fbcdn.net/safe_image.php?d=AQDoyUbGLMpHU0Rj&w=130&h=130&url=https%3A%2F%2Fpbs.twimg.com%2Fmedia%2FC_FVcDaV0AAh-5h.jpg&cfs=1&_nc_hash=AQB8wgtyy8BBQvss","username":"ajrossabc7","link":"https://twitter.com/AJRossABC7/status/860562954009411585/photo/1?utm_source=fb&utm_medium=fb&utm_campaign=AJRossABC7&utm_content=860562954009411585","timeQuantum":4980030,"title":"AJ Ross (@AJRossABC7) posted a photo on Twitter","type":"link"},{"content":"4 young lives tragically lost in a vicious Queens house fire drew hundreds of mourners today. More on @ABC7NY at 5pm https://t.co/w5OlpfuerP","profileString":"facebook_page.207944662625470","postURL":"https://facebook.com/207944662625470/posts/1396199673799957","avatar":"https://graph.facebook.com/207944662625470/picture","classification":{"engine":"aylien","language":"en","taxonomy":[{"score":"0.0798","confident":true,"links":[{"link":"https://api.aylien.com/api/v1/classify/taxonomy/iab-qag/IAB9","rel":"self"}],"id":"IAB9","label":"Hobbies & Interests"},{"score":"0.0532","confident":false,"links":[{"link":"https://api.aylien.com/api/v1/classify/taxonomy/iab-qag/IAB9-4","rel":"self"},{"link":"https://api.aylien.com/api/v1/classify/taxonomy/iab-qag/IAB9","rel":"parent"}],"id":"IAB9-4","label":"Birdwatching"}]},"postidString":"facebook_page.207944662625470_1396199673799957","postMeta":{"inserted":"content-engine"},"timestamp":1494101118,"sharesRcvd":0,"likesRcvd":2,"source":"facebook_page","lastUpdateQuantum":4984270,"name":"A.J. Ross","imageLarge":"https://external.xx.fbcdn.net/safe_image.php?d=AQDU-VrbB0kDPfSs&url=https%3A%2F%2Fpbs.twimg.com%2Fmedia%2FC_K0Lj2V0AAEcnr.jpg&_nc_hash=AQDi0EMqMXZEyD78","repliesRcvd":1,"image":"https://external.xx.fbcdn.net/safe_image.php?d=AQC439mBgo7dR1h6&w=130&h=130&url=https%3A%2F%2Fpbs.twimg.com%2Fmedia%2FC_K0Lj2V0AAEcnr.jpg&cfs=1&sx=0&sy=187&sw=900&sh=900&_nc_hash=AQAT0W0oUqrQlseK","username":"ajrossabc7","link":"https://twitter.com/AJRossABC7/status/860948603359113216/photo/1?utm_source=fb&utm_medium=fb&utm_campaign=AJRossABC7&utm_content=860948603359113216","timeQuantum":4980337,"title":"AJ Ross (@AJRossABC7) posted a photo on Twitter","type":"link"},{"content":"Tropical punch kool-aid for the win!  My inner kid is savoring each sip...","profileString":"facebook_page.207944662625470","postURL":"https://facebook.com/207944662625470/posts/1397012437052014","avatar":"https://graph.facebook.com/207944662625470/picture","classification":{"engine":"aylien","language":"en","taxonomy":[{"score":"0.0755","confident":false,"links":[{"link":"https://api.aylien.com/api/v1/classify/taxonomy/iab-qag/IAB17","rel":"self"}],"id":"IAB17","label":"Sports"},{"score":"0.0686","confident":false,"links":[{"link":"https://api.aylien.com/api/v1/classify/taxonomy/iab-qag/IAB9","rel":"self"}],"id":"IAB9","label":"Hobbies & Interests"},{"score":"0.0517","confident":false,"links":[{"link":"https://api.aylien.com/api/v1/classify/taxonomy/iab-qag/IAB9-4","rel":"self"},{"link":"https://api.aylien.com/api/v1/classify/taxonomy/iab-qag/IAB9","rel":"parent"}],"id":"IAB9-4","label":"Birdwatching"},{"score":"0.0470","confident":false,"links":[{"link":"https://api.aylien.com/api/v1/classify/taxonomy/iab-qag/IAB17-13","rel":"self"},{"link":"https://api.aylien.com/api/v1/classify/taxonomy/iab-qag/IAB17","rel":"parent"}],"id":"IAB17-13","label":"Freshwater Fishing"}]},"postidString":"facebook_page.207944662625470_1397012437052014","postMeta":{"inserted":"content-engine"},"timestamp":1494175607,"sharesRcvd":0,"likesRcvd":28,"source":"facebook_page","lastUpdateQuantum":4984270,"name":"A.J. Ross","repliesRcvd":5,"username":"ajrossabc7","timeQuantum":4980585,"type":"status"},{"content":"Body found in water at Central Park reservoir #ABC7NY https://t.co/ajpCkPadsh","profileString":"facebook_page.207944662625470","postURL":"https://facebook.com/207944662625470/posts/1398814323538492","avatar":"https://graph.facebook.com/207944662625470/picture","classification":{"engine":"aylien","language":"en","taxonomy":[{"score":0,"label":"News","categoryId":"INSERTED"}]},"postidString":"facebook_page.207944662625470_1398814323538492","postMeta":{"inserted":"content-engine"},"timestamp":1494349785,"sharesRcvd":0,"likesRcvd":3,"source":"facebook_page","lastUpdateQuantum":4984270,"name":"A.J. Ross","imageLarge":"https://external.xx.fbcdn.net/safe_image.php?d=AQBux0d_pRrTsuWE&url=http%3A%2F%2Fcdn.abclocal.go.com%2Fcontent%2Fwabc%2Fimages%2Fcms%2F1972242_1280x720.jpg&_nc_hash=AQCit3snorR3V2d_","repliesRcvd":0,"image":"https://external.xx.fbcdn.net/safe_image.php?d=AQCCrajQZ3EE6Zoe&w=130&h=130&url=http%3A%2F%2Fcdn.abclocal.go.com%2Fcontent%2Fwabc%2Fimages%2Fcms%2F1972242_1280x720.jpg&cfs=1&_nc_hash=AQC0pRosa5tjXIg9","username":"ajrossabc7","link":"https://t.co/ajpCkPadsh","timeQuantum":4981165,"title":"Body found in water at Central Park reservoir","type":"link"},{"content":"Man in viral video exclusively speaks to Eyewitness News after Hoboken leaders call his rant 'hate speech' http://abc7ny.com/news/man-in-video-exclusively-speaks-after-hoboken-leaders-call-his-rant-hate-speech/1973096/","profileString":"facebook_page.207944662625470","postURL":"https://facebook.com/207944662625470/posts/1399037706849487","avatar":"https://graph.facebook.com/207944662625470/picture","classification":{"engine":"aylien","language":"en","taxonomy":[{"score":"0.2371","confident":false,"links":[{"link":"https://api.aylien.com/api/v1/classify/taxonomy/iab-qag/IAB25-3","rel":"self"},{"link":"https://api.aylien.com/api/v1/classify/taxonomy/iab-qag/IAB25","rel":"parent"}],"id":"IAB25-3","label":"Pornography"},{"score":"0.2046","confident":false,"links":[{"link":"https://api.aylien.com/api/v1/classify/taxonomy/iab-qag/IAB14-7","rel":"self"},{"link":"https://api.aylien.com/api/v1/classify/taxonomy/iab-qag/IAB14","rel":"parent"}],"id":"IAB14-7","label":"Weddings"},{"score":"0.0744","confident":false,"links":[{"link":"https://api.aylien.com/api/v1/classify/taxonomy/iab-qag/IAB25","rel":"self"}],"id":"IAB25","label":"Non-Standard Content"},{"score":"0.0704","confident":false,"links":[{"link":"https://api.aylien.com/api/v1/classify/taxonomy/iab-qag/IAB14","rel":"self"}],"id":"IAB14","label":"Society"}]},"postidString":"facebook_page.207944662625470_1399037706849487","postMeta":{"inserted":"content-engine"},"timestamp":1494365631,"sharesRcvd":1,"likesRcvd":2,"source":"facebook_page","lastUpdateQuantum":4984270,"name":"A.J. Ross","imageLarge":"https://external.xx.fbcdn.net/safe_image.php?d=AQAVfQWMSt2vdCmu&url=http%3A%2F%2Fcdn.abclocal.go.com%2Fcontent%2Fwabc%2Fimages%2Fcms%2F1973108_1280x720.jpg&_nc_hash=AQDbY4tHUFp1yp_m","repliesRcvd":2,"image":"https://external.xx.fbcdn.net/safe_image.php?d=AQDnE_ab77vZPpeV&w=130&h=130&url=http%3A%2F%2Fcdn.abclocal.go.com%2Fcontent%2Fwabc%2Fimages%2Fcms%2F1973108_1280x720.jpg&cfs=1&sx=332&sy=0&sw=720&sh=720&_nc_hash=AQDAZ-NsO4xjGTeB","username":"ajrossabc7","link":"http://abc7ny.com/news/man-in-video-exclusively-speaks-after-hoboken-leaders-call-his-rant-hate-speech/1973096/","timeQuantum":4981218,"title":"Man in video exclusively speaks after Hoboken leaders call his rant 'hate speech'","type":"link"},{"content":"Body discovered in water in Central Park; 2nd in 2 days #ABC7NY https://t.co/b7kpKDBKiU","profileString":"facebook_page.207944662625470","postURL":"https://facebook.com/207944662625470/posts/1399535096799748","avatar":"https://graph.facebook.com/207944662625470/picture","classification":{"engine":"aylien","language":"en","taxonomy":[{"score":0,"label":"News","categoryId":"INSERTED"}]},"postidString":"facebook_page.207944662625470_1399535096799748","postMeta":{"inserted":"content-engine"},"timestamp":1494419511,"sharesRcvd":0,"likesRcvd":5,"source":"facebook_page","lastUpdateQuantum":4984270,"name":"A.J. Ross","imageLarge":"https://external.xx.fbcdn.net/safe_image.php?d=AQCVJVxNavYBRceA&url=http%3A%2F%2Fcdn.abclocal.go.com%2Fcontent%2Fwabc%2Fimages%2Fcms%2F1975549_1280x720.jpg&_nc_hash=AQBSjKmO7RbchhK9","repliesRcvd":0,"image":"https://external.xx.fbcdn.net/safe_image.php?d=AQB7csuJlEAd3l0d&w=130&h=130&url=http%3A%2F%2Fcdn.abclocal.go.com%2Fcontent%2Fwabc%2Fimages%2Fcms%2F1975549_1280x720.jpg&cfs=1&_nc_hash=AQA_Nuak4oEb0Sem","username":"ajrossabc7","link":"https://t.co/b7kpKDBKiU","timeQuantum":4981398,"title":"Body discovered in water in Central Park; 2nd in 2 days","type":"link"},{"content":"Praying for the Berman family https://t.co/xQIOcrVMhe","profileString":"facebook_page.207944662625470","postURL":"https://facebook.com/207944662625470/posts/1399565093463415","avatar":"https://graph.facebook.com/207944662625470/picture","classification":{"engine":"aylien","language":"en","taxonomy":[{"score":0,"label":"News","categoryId":"INSERTED"}]},"postidString":"facebook_page.207944662625470_1399565093463415","postMeta":{"inserted":"content-engine"},"timestamp":1494422146,"sharesRcvd":0,"likesRcvd":15,"source":"facebook_page","lastUpdateQuantum":4984270,"name":"A.J. Ross","imageLarge":"https://external.xx.fbcdn.net/safe_image.php?d=AQA7JSwrQH11ASDE&url=https%3A%2F%2Fpbs.twimg.com%2Fprofile_images%2F841791006978768897%2FwZXGsOZc_400x400.jpg&_nc_hash=AQBba4nX6-KQZk87","repliesRcvd":1,"image":"https://external.xx.fbcdn.net/safe_image.php?d=AQBe3dvSxX5z-zpZ&w=130&h=130&url=https%3A%2F%2Fpbs.twimg.com%2Fprofile_images%2F841791006978768897%2FwZXGsOZc_400x400.jpg&cfs=1&_nc_hash=AQCd58zT6ueLaH-Y","username":"ajrossabc7","link":"https://t.co/xQIOcrVMhe","timeQuantum":4981407,"title":"SportsCenter on Twitter","type":"link"},{"content":"Following the tragic death of a 19 y/o construction worker @BrooklynDA indicted a BK contractor for manslaughter https://t.co/QS6NZhl63x","profileString":"facebook_page.207944662625470","postURL":"https://facebook.com/207944662625470/posts/1399780246775233","avatar":"https://graph.facebook.com/207944662625470/picture","classification":{"engine":"aylien","language":"en","taxonomy":[{"score":"0.0798","confident":true,"links":[{"link":"https://api.aylien.com/api/v1/classify/taxonomy/iab-qag/IAB9","rel":"self"}],"id":"IAB9","label":"Hobbies & Interests"},{"score":"0.0532","confident":false,"links":[{"link":"https://api.aylien.com/api/v1/classify/taxonomy/iab-qag/IAB9-4","rel":"self"},{"link":"https://api.aylien.com/api/v1/classify/taxonomy/iab-qag/IAB9","rel":"parent"}],"id":"IAB9-4","label":"Birdwatching"}]},"postidString":"facebook_page.207944662625470_1399780246775233","postMeta":{"inserted":"content-engine"},"timestamp":1494439949,"sharesRcvd":0,"likesRcvd":2,"source":"facebook_page","lastUpdateQuantum":4984270,"name":"A.J. Ross","imageLarge":"https://external.xx.fbcdn.net/safe_image.php?d=AQCYIp6gsa2WKkn0&url=https%3A%2F%2Fpbs.twimg.com%2Fmedia%2FC_fAtAlXgA8t6RU.jpg&_nc_hash=AQB-MbrG2V8UYjjW","repliesRcvd":0,"image":"https://external.xx.fbcdn.net/safe_image.php?d=AQDMuOBuUz1l15Jt&w=130&h=130&url=https%3A%2F%2Fpbs.twimg.com%2Fmedia%2FC_fAtAlXgA8t6RU.jpg&cfs=1&sx=189&sy=0&sw=834&sh=834&_nc_hash=AQCeMpGSw0EErS5Z","username":"ajrossabc7","link":"https://twitter.com/AJRossABC7/status/862369741599637509/photo/1?utm_source=fb&utm_medium=fb&utm_campaign=AJRossABC7&utm_content=862369741599637509","timeQuantum":4981466,"title":"AJ Ross (@AJRossABC7) posted a photo on Twitter","type":"link"},{"content":"Man in custody in attack on German tourist in Harlem #ABC7NY https://t.co/430Upi4PH9","profileString":"facebook_page.207944662625470","postURL":"https://facebook.com/207944662625470/posts/1400681870018404","avatar":"https://graph.facebook.com/207944662625470/picture","classification":{"engine":"aylien","language":"en","taxonomy":[{"score":0,"label":"News","categoryId":"INSERTED"}]},"postidString":"facebook_page.207944662625470_1400681870018404","postMeta":{"inserted":"content-engine"},"timestamp":1494519484,"sharesRcvd":1,"likesRcvd":10,"source":"facebook_page","lastUpdateQuantum":4984270,"name":"A.J. Ross","imageLarge":"https://external.xx.fbcdn.net/safe_image.php?d=AQDHkk5krDAduO7a&url=http%3A%2F%2Fcdn.abclocal.go.com%2Fcontent%2Fwabc%2Fimages%2Fcms%2F1967782_1280x720.jpg&_nc_hash=AQDh1DSV3q8ISUYt","repliesRcvd":1,"image":"https://external.xx.fbcdn.net/safe_image.php?d=AQAtCsIy0hHlxgCR&w=130&h=130&url=http%3A%2F%2Fcdn.abclocal.go.com%2Fcontent%2Fwabc%2Fimages%2Fcms%2F1967782_1280x720.jpg&cfs=1&sx=0&sy=0&sw=720&sh=720&_nc_hash=AQCyAwPDpvc10_zK","username":"ajrossabc7","link":"https://t.co/430Upi4PH9","timeQuantum":4981731,"title":"Man in custody in attack on German tourist in Harlem","type":"link"},{"content":"Innovators @TechCrunch Hackathon in NYC this weekend describe global ransomware attack as an alarming wake up call https://t.co/GIwcxzR9dB","profileString":"facebook_page.207944662625470","postURL":"https://facebook.com/207944662625470/posts/1402808843139040","avatar":"https://graph.facebook.com/207944662625470/picture","classification":{"engine":"aylien","language":"en","taxonomy":[{"score":"0.0798","confident":true,"links":[{"link":"https://api.aylien.com/api/v1/classify/taxonomy/iab-qag/IAB9","rel":"self"}],"id":"IAB9","label":"Hobbies & Interests"},{"score":"0.0532","confident":false,"links":[{"link":"https://api.aylien.com/api/v1/classify/taxonomy/iab-qag/IAB9-4","rel":"self"},{"link":"https://api.aylien.com/api/v1/classify/taxonomy/iab-qag/IAB9","rel":"parent"}],"id":"IAB9-4","label":"Birdwatching"}]},"postidString":"facebook_page.207944662625470_1402808843139040","postMeta":{"inserted":"content-engine"},"timestamp":1494705923,"sharesRcvd":0,"likesRcvd":5,"source":"facebook_page","lastUpdateQuantum":4984369,"name":"A.J. Ross","imageLarge":"https://external.xx.fbcdn.net/safe_image.php?d=AQA0IRYzgGxEtrFv&url=https%3A%2F%2Fpbs.twimg.com%2Fmedia%2FC_u3UiqUwAEf9mD.jpg&_nc_hash=AQCByfD0Vz3mT3Gz","repliesRcvd":0,"image":"https://external.xx.fbcdn.net/safe_image.php?d=AQCblodEp3ZuCWfY&w=130&h=130&url=https%3A%2F%2Fpbs.twimg.com%2Fmedia%2FC_u3UiqUwAEf9mD.jpg&cfs=1&sx=300&sy=0&sw=900&sh=900&_nc_hash=AQAFEbQZurBhKSw6","username":"ajrossabc7","link":"https://twitter.com/AJRossABC7/status/863485328321064962/photo/1?utm_source=fb&utm_medium=fb&utm_campaign=AJRossABC7&utm_content=863485328321064962","timeQuantum":4982353,"title":"AJ Ross (@AJRossABC7) posted a photo on Twitter","type":"link"},{"content":"Police officer in Maybrook shot http://abc7ny.com/news/police-officer-in-maybrook-shot-/1999204/","profileString":"facebook_page.207944662625470","postURL":"https://facebook.com/207944662625470/posts/1405385299548061","avatar":"https://graph.facebook.com/207944662625470/picture","classification":{"engine":"aylien","language":"en","taxonomy":[{"score":"0.5382","confident":false,"links":[{"link":"https://api.aylien.com/api/v1/classify/taxonomy/iab-qag/IAB12-3","rel":"self"},{"link":"https://api.aylien.com/api/v1/classify/taxonomy/iab-qag/IAB12","rel":"parent"}],"id":"IAB12-3","label":"Local News"},{"score":"0.0872","confident":true,"links":[{"link":"https://api.aylien.com/api/v1/classify/taxonomy/iab-qag/IAB12","rel":"self"}],"id":"IAB12","label":"News"}]},"postidString":"facebook_page.207944662625470_1405385299548061","postMeta":{"inserted":"content-engine"},"timestamp":1494945791,"sharesRcvd":0,"likesRcvd":3,"source":"facebook_page","lastUpdateQuantum":4984423,"name":"A.J. Ross","imageLarge":"https://external.xx.fbcdn.net/safe_image.php?url=http%3A%2F%2Fcdn.abclocal.go.com%2Fcontent%2Fwabc%2Fimages%2Fcms%2F1325395_1280x720.jpg&_nc_hash=AQCjQ_1hWx71PtSa","repliesRcvd":0,"image":"https://external.xx.fbcdn.net/safe_image.php?d=AQCzCR8GozC8OZhJ&w=130&h=130&url=http%3A%2F%2Fcdn.abclocal.go.com%2Fcontent%2Fwabc%2Fimages%2Fcms%2F1325395_1280x720.jpg&cfs=1&_nc_hash=AQBDhedGU6uAw89N","username":"ajrossabc7","link":"http://abc7ny.com/news/police-officer-in-maybrook-shot-/1999204/","timeQuantum":4983152,"title":"Police officer in Maybrook shot","type":"link"},{"content":"A school bus driver smelled smoke, followed his instincts & pulled kids off just b4 fire erupted. More @ABC7NY @430 https://t.co/Bq2tv6IkF7","profileString":"facebook_page.207944662625470","postURL":"https://facebook.com/207944662625470/posts/1405665216186736","avatar":"https://graph.facebook.com/207944662625470/picture","classification":{"engine":"aylien","language":"en","taxonomy":[{"score":"0.0798","confident":true,"links":[{"link":"https://api.aylien.com/api/v1/classify/taxonomy/iab-qag/IAB9","rel":"self"}],"id":"IAB9","label":"Hobbies & Interests"},{"score":"0.0532","confident":false,"links":[{"link":"https://api.aylien.com/api/v1/classify/taxonomy/iab-qag/IAB9-4","rel":"self"},{"link":"https://api.aylien.com/api/v1/classify/taxonomy/iab-qag/IAB9","rel":"parent"}],"id":"IAB9-4","label":"Birdwatching"}]},"postidString":"facebook_page.207944662625470_1405665216186736","postMeta":{"inserted":"content-engine"},"timestamp":1494965577,"sharesRcvd":0,"likesRcvd":9,"source":"facebook_page","lastUpdateQuantum":4984423,"name":"A.J. Ross","repliesRcvd":1,"username":"ajrossabc7","link":"https://twitter.com/AJRossABC7/status/864561074959515648/video/1?utm_source=fb&utm_medium=fb&utm_campaign=AJRossABC7&utm_content=864561074959515648","timeQuantum":4983218,"title":"twitter.com","type":"link"},{"content":"1 dead, at least 13 hurt after car hits pedestrians in busy Times Square http://abc7ny.com/traffic/1-dead-at-least-13-hurt-after-car-hits-pedestrians-in-busy-times-square/2008388/","profileString":"facebook_page.207944662625470","postURL":"https://facebook.com/207944662625470/posts/1407601592659765","avatar":"https://graph.facebook.com/207944662625470/picture","classification":{"engine":"aylien","language":"en","taxonomy":[{"score":"0.2993","confident":true,"links":[{"link":"https://api.aylien.com/api/v1/classify/taxonomy/iab-qag/IAB2","rel":"self"}],"id":"IAB2","label":"Automotive"},{"score":"0.1619","confident":true,"links":[{"link":"https://api.aylien.com/api/v1/classify/taxonomy/iab-qag/IAB2-4","rel":"self"},{"link":"https://api.aylien.com/api/v1/classify/taxonomy/iab-qag/IAB2","rel":"parent"}],"id":"IAB2-4","label":"Car Culture"}]},"postidString":"facebook_page.207944662625470_1407601592659765","postMeta":{"inserted":"content-engine"},"timestamp":1495125019,"sharesRcvd":8,"likesRcvd":16,"source":"facebook_page","lastUpdateQuantum":4984423,"name":"A.J. Ross","imageLarge":"https://external.xx.fbcdn.net/safe_image.php?d=AQCRKh0PVFgS7l1b&url=http%3A%2F%2Fcdn.abclocal.go.com%2Fcontent%2Fwabc%2Fimages%2Fcms%2F2008384_1280x720.jpg&_nc_hash=AQDSjbRMOwJEdux6","repliesRcvd":1,"image":"https://external.xx.fbcdn.net/safe_image.php?d=AQDL8ZgsxMhogshp&w=130&h=130&url=http%3A%2F%2Fcdn.abclocal.go.com%2Fcontent%2Fwabc%2Fimages%2Fcms%2F2008384_1280x720.jpg&cfs=1&_nc_hash=AQDu3zvCS66s5iOy","username":"ajrossabc7","link":"http://abc7ny.com/traffic/1-dead-at-least-13-hurt-after-car-hits-pedestrians-in-busy-times-square/2008388/","timeQuantum":4983750,"title":"1 dead, at least 13 hurt after car hits pedestrians in busy Times Square","type":"link"},{"content":"New body cam video shows tense moments b4 gunfire exchange; Maybrook Police Chief Amthor shot in shoulder #ABC7NY https://t.co/BGL21PXIdx","profileString":"facebook_page.207944662625470","postURL":"https://facebook.com/207944662625470/posts/1407878732632051","avatar":"https://graph.facebook.com/207944662625470/picture","classification":{"engine":"aylien","language":"en","taxonomy":[{"score":"0.0833","confident":true,"links":[{"link":"https://api.aylien.com/api/v1/classify/taxonomy/iab-qag/IAB9","rel":"self"}],"id":"IAB9","label":"Hobbies & Interests"},{"score":"0.0567","confident":false,"links":[{"link":"https://api.aylien.com/api/v1/classify/taxonomy/iab-qag/IAB9-30","rel":"self"},{"link":"https://api.aylien.com/api/v1/classify/taxonomy/iab-qag/IAB9","rel":"parent"}],"id":"IAB9-30","label":"Video & Computer Games"}]},"postidString":"facebook_page.207944662625470_1407878732632051","postMeta":{"inserted":"content-engine"},"timestamp":1495146218,"sharesRcvd":0,"likesRcvd":4,"source":"facebook_page","lastUpdateQuantum":4984423,"name":"A.J. Ross","imageLarge":"https://external.xx.fbcdn.net/safe_image.php?d=AQBw5JRAdc0crlD1&w=720&h=720&url=https%3A%2F%2Fpbs.twimg.com%2Fext_tw_video_thumb%2F865329451189510144%2Fpu%2Fimg%2F8PxD-sMSztpcK7VV.jpg&crop&_nc_hash=AQB6Jy_t3kO9W4YX","repliesRcvd":0,"image":"https://external.xx.fbcdn.net/safe_image.php?d=AQAEYASHiiLvZ-2Q&w=130&h=130&url=https%3A%2F%2Fpbs.twimg.com%2Fext_tw_video_thumb%2F865329451189510144%2Fpu%2Fimg%2F8PxD-sMSztpcK7VV.jpg&cfs=1&_nc_hash=AQCcjZ7_OgL-vp_J","username":"ajrossabc7","link":"https://twitter.com/AJRossABC7/status/865331732291125248/video/1?utm_source=fb&utm_medium=fb&utm_campaign=AJRossABC7&utm_content=865331732291125248","timeQuantum":4983820,"video":"https://twitter.com/i/videos/865331732291125248?embed_source=facebook","title":"AJ Ross on Twitter","type":"video"},{"content":"Victim killed in Times Square crash ID'd as 18-year-old tourist #ABC7NY https://t.co/wVuuiWPFJ0","profileString":"facebook_page.207944662625470","postURL":"https://facebook.com/207944662625470/posts/1408567845896473","avatar":"https://graph.facebook.com/207944662625470/picture","classification":{"engine":"aylien","language":"en","taxonomy":[{"score":0,"label":"News","categoryId":"INSERTED"}]},"postidString":"facebook_page.207944662625470_1408567845896473","postMeta":{"inserted":"content-engine"},"timestamp":1495212067,"sharesRcvd":2,"likesRcvd":18,"source":"facebook_page","lastUpdateQuantum":4984423,"name":"A.J. Ross","imageLarge":"https://external.xx.fbcdn.net/safe_image.php?d=AQAdO11rm57tBhqG&url=http%3A%2F%2Fcdn.abclocal.go.com%2Fcontent%2Fwabc%2Fimages%2Fcms%2F2009619_1280x720.jpg&_nc_hash=AQBoreEYpbl0tol2","repliesRcvd":3,"image":"https://external.xx.fbcdn.net/safe_image.php?d=AQAoRM1VGJkKrTHM&w=130&h=130&url=http%3A%2F%2Fcdn.abclocal.go.com%2Fcontent%2Fwabc%2Fimages%2Fcms%2F2009619_1280x720.jpg&cfs=1&sx=346&sy=0&sw=720&sh=720&_nc_hash=AQDyltRuZugdbPm-","username":"ajrossabc7","link":"https://t.co/wVuuiWPFJ0","timeQuantum":4984040,"title":"Victim killed in Times Square crash ID'd as 18-year-old tourist","type":"link"},{"content":"A cat call prompted a beatdown that sent an elderly homeless man to ICU; police now searching for couple #ABC7NY https://t.co/2o8KTgpO23","profileString":"facebook_page.207944662625470","postURL":"https://facebook.com/207944662625470/posts/1408770689209522","avatar":"https://graph.facebook.com/207944662625470/picture","classification":{"engine":"aylien","language":"en","taxonomy":[{"score":"0.3277","confident":true,"links":[{"link":"https://api.aylien.com/api/v1/classify/taxonomy/iab-qag/IAB14-5","rel":"self"},{"link":"https://api.aylien.com/api/v1/classify/taxonomy/iab-qag/IAB14","rel":"parent"}],"id":"IAB14-5","label":"Senior Living"},{"score":"0.1352","confident":true,"links":[{"link":"https://api.aylien.com/api/v1/classify/taxonomy/iab-qag/IAB14","rel":"self"}],"id":"IAB14","label":"Society"}]},"postidString":"facebook_page.207944662625470_1408770689209522","postMeta":{"inserted":"content-engine"},"timestamp":1495227275,"sharesRcvd":0,"likesRcvd":3,"source":"facebook_page","lastUpdateQuantum":4984423,"name":"A.J. Ross","imageLarge":"https://external.xx.fbcdn.net/safe_image.php?d=AQC8w4mtOHfUIOwN&w=720&h=720&url=https%3A%2F%2Fpbs.twimg.com%2Fext_tw_video_thumb%2F865671993542164480%2Fpu%2Fimg%2FNNfaLqG8lIJDmFwc.jpg&crop&_nc_hash=AQBeP7svT5m8GTjw","repliesRcvd":1,"image":"https://external.xx.fbcdn.net/safe_image.php?d=AQDUJkGqHtgvhfgC&w=130&h=130&url=https%3A%2F%2Fpbs.twimg.com%2Fext_tw_video_thumb%2F865671993542164480%2Fpu%2Fimg%2FNNfaLqG8lIJDmFwc.jpg&cfs=1&_nc_hash=AQDos51-IWiuXnSi","username":"ajrossabc7","link":"https://twitter.com/AJRossABC7/status/865672052652384257/video/1?utm_source=fb&utm_medium=fb&utm_campaign=AJRossABC7&utm_content=865672052652384257","timeQuantum":4984090,"video":"https://twitter.com/i/videos/865672052652384257?embed_source=facebook","title":"AJ Ross on Twitter","type":"video"}]