[{"content":"Still no explanation for freak accident that claimed live of veteran New York City Fire Department (FDNY) fire fighter.","profileString":"facebook_page.366592183495525","postURL":"https://facebook.com/366592183495525/posts/897534687067936","avatar":"https://graph.facebook.com/366592183495525/picture","classification":{"engine":"aylien","language":"en","taxonomy":[{"score":"0.0822","confident":false,"links":[{"link":"https://api.aylien.com/api/v1/classify/taxonomy/iab-qag/IAB2-16","rel":"self"},{"link":"https://api.aylien.com/api/v1/classify/taxonomy/iab-qag/IAB2","rel":"parent"}],"id":"IAB2-16","label":"Off-Road Vehicles"},{"score":"0.0764","confident":false,"links":[{"link":"https://api.aylien.com/api/v1/classify/taxonomy/iab-qag/IAB2","rel":"self"}],"id":"IAB2","label":"Automotive"}]},"postidString":"facebook_page.366592183495525_897534687067936","postMeta":{"inserted":"content-engine"},"timestamp":1492741709,"sharesRcvd":50,"likesRcvd":230,"source":"facebook_page","lastUpdateQuantum":4983060,"name":"Josh Einiger","imageLarge":"https://scontent.xx.fbcdn.net/v/t15.0-10/18072963_897537003734371_3140786073190268928_n.jpg?oh=c974cf8cafbda054bb957fbaefa37030&oe=597DFD27","objectID":"897534687067936","repliesRcvd":146,"image":"https://scontent.xx.fbcdn.net/v/t15.0-10/s130x130/18072963_897537003734371_3140786073190268928_n.jpg?oh=a0f1151c7599d7206ab16413a2754840&oe=597A49CA","username":"josheiniger.abc7ny","link":"https://www.facebook.com/josheiniger.abc7ny/videos/897534687067936/","timeQuantum":4975805,"video":"https://www.facebook.com/video/playback/playlist.m3u8?v=897534687067936","type":"video"},{"content":"Bunting ceremony to honor fallen New York City Fire Department (FDNY) fire fighter","profileString":"facebook_page.366592183495525","postURL":"https://facebook.com/366592183495525/posts/898164460338292","avatar":"https://graph.facebook.com/366592183495525/picture","classification":{"engine":"aylien","language":"en","taxonomy":[{"score":"0.2330","confident":false,"links":[{"link":"https://api.aylien.com/api/v1/classify/taxonomy/iab-qag/IAB10-8","rel":"self"},{"link":"https://api.aylien.com/api/v1/classify/taxonomy/iab-qag/IAB10","rel":"parent"}],"id":"IAB10-8","label":"Landscaping"},{"score":"0.0868","confident":false,"links":[{"link":"https://api.aylien.com/api/v1/classify/taxonomy/iab-qag/IAB2-16","rel":"self"},{"link":"https://api.aylien.com/api/v1/classify/taxonomy/iab-qag/IAB2","rel":"parent"}],"id":"IAB2-16","label":"Off-Road Vehicles"},{"score":"0.0670","confident":false,"links":[{"link":"https://api.aylien.com/api/v1/classify/taxonomy/iab-qag/IAB9","rel":"self"}],"id":"IAB9","label":"Hobbies & Interests"},{"score":"0.0642","confident":false,"links":[{"link":"https://api.aylien.com/api/v1/classify/taxonomy/iab-qag/IAB2","rel":"self"}],"id":"IAB2","label":"Automotive"},{"score":"0.0559","confident":false,"links":[{"link":"https://api.aylien.com/api/v1/classify/taxonomy/iab-qag/IAB9-28","rel":"self"},{"link":"https://api.aylien.com/api/v1/classify/taxonomy/iab-qag/IAB9","rel":"parent"}],"id":"IAB9-28","label":"Screenwriting"},{"score":"0.0537","confident":false,"links":[{"link":"https://api.aylien.com/api/v1/classify/taxonomy/iab-qag/IAB10","rel":"self"}],"id":"IAB10","label":"Home & Garden"}]},"postidString":"facebook_page.366592183495525_898164460338292","postMeta":{"inserted":"content-engine"},"timestamp":1492815536,"sharesRcvd":137,"likesRcvd":479,"source":"facebook_page","lastUpdateQuantum":4983060,"name":"Josh Einiger","imageLarge":"https://scontent.xx.fbcdn.net/v/t15.0-10/18094032_898179153670156_8825097846890954752_n.jpg?oh=e75d422d8b84331a53ff50a9cae053b5&oe=597922D8","objectID":"898164460338292","repliesRcvd":135,"image":"https://scontent.xx.fbcdn.net/v/t15.0-10/s130x130/18094032_898179153670156_8825097846890954752_n.jpg?oh=65a132e776b330b173a31b8b0570f3d3&oe=59874E35","username":"josheiniger.abc7ny","link":"https://www.facebook.com/josheiniger.abc7ny/videos/898164460338292/","timeQuantum":4976051,"video":"https://www.facebook.com/video/playback/playlist.m3u8?v=898164460338292","type":"video"},{"content":"At the memorial to New York City Fire Department (FDNY) fire fighter William Tolley","profileString":"facebook_page.366592183495525","postURL":"https://facebook.com/366592183495525/posts/898274523660619","avatar":"https://graph.facebook.com/366592183495525/picture","classification":{"engine":"aylien","language":"en","taxonomy":[{"score":"0.4329","confident":false,"links":[{"link":"https://api.aylien.com/api/v1/classify/taxonomy/iab-qag/IAB21-1","rel":"self"},{"link":"https://api.aylien.com/api/v1/classify/taxonomy/iab-qag/IAB21","rel":"parent"}],"id":"IAB21-1","label":"Apartments"},{"score":"0.2442","confident":false,"links":[{"link":"https://api.aylien.com/api/v1/classify/taxonomy/iab-qag/IAB10-8","rel":"self"},{"link":"https://api.aylien.com/api/v1/classify/taxonomy/iab-qag/IAB10","rel":"parent"}],"id":"IAB10-8","label":"Landscaping"},{"score":"0.0962","confident":true,"links":[{"link":"https://api.aylien.com/api/v1/classify/taxonomy/iab-qag/IAB20-22","rel":"self"},{"link":"https://api.aylien.com/api/v1/classify/taxonomy/iab-qag/IAB20","rel":"parent"}],"id":"IAB20-22","label":"National Parks"},{"score":"0.0809","confident":false,"links":[{"link":"https://api.aylien.com/api/v1/classify/taxonomy/iab-qag/IAB2-16","rel":"self"},{"link":"https://api.aylien.com/api/v1/classify/taxonomy/iab-qag/IAB2","rel":"parent"}],"id":"IAB2-16","label":"Off-Road Vehicles"},{"score":"0.0671","confident":false,"links":[{"link":"https://api.aylien.com/api/v1/classify/taxonomy/iab-qag/IAB2","rel":"self"}],"id":"IAB2","label":"Automotive"},{"score":"0.0662","confident":false,"links":[{"link":"https://api.aylien.com/api/v1/classify/taxonomy/iab-qag/IAB9-28","rel":"self"},{"link":"https://api.aylien.com/api/v1/classify/taxonomy/iab-qag/IAB9","rel":"parent"}],"id":"IAB9-28","label":"Screenwriting"},{"score":"0.0606","confident":false,"links":[{"link":"https://api.aylien.com/api/v1/classify/taxonomy/iab-qag/IAB9","rel":"self"}],"id":"IAB9","label":"Hobbies & Interests"},{"score":"0.0598","confident":false,"links":[{"link":"https://api.aylien.com/api/v1/classify/taxonomy/iab-qag/IAB20","rel":"self"}],"id":"IAB20","label":"Travel"},{"score":"0.0573","confident":false,"links":[{"link":"https://api.aylien.com/api/v1/classify/taxonomy/iab-qag/IAB21","rel":"self"}],"id":"IAB21","label":"Real Estate"},{"score":"0.0564","confident":false,"links":[{"link":"https://api.aylien.com/api/v1/classify/taxonomy/iab-qag/IAB10","rel":"self"}],"id":"IAB10","label":"Home & Garden"}]},"postidString":"facebook_page.366592183495525_898274523660619","postMeta":{"inserted":"content-engine"},"timestamp":1492828180,"sharesRcvd":72,"likesRcvd":269,"source":"facebook_page","lastUpdateQuantum":4980117,"name":"Josh Einiger","imageLarge":"https://scontent.xx.fbcdn.net/v/t15.0-10/18094084_898275896993815_8583821723961393152_n.jpg?oh=dbe0bbe179e99f30044c259b6e0e48eb&oe=599681DB","objectID":"898274523660619","repliesRcvd":73,"image":"https://scontent.xx.fbcdn.net/v/t15.0-10/s130x130/18094084_898275896993815_8583821723961393152_n.jpg?oh=c07cd4a7de91407544b61ab4b62b2226&oe=598FDA36","username":"josheiniger.abc7ny","link":"https://www.facebook.com/josheiniger.abc7ny/videos/898274523660619/","timeQuantum":4976093,"video":"https://www.facebook.com/video/playback/playlist.m3u8?v=898274523660619","type":"video"},{"content":"A Long Island man says he was fired... because his 4 year old daughter had cancer.","profileString":"facebook_page.366592183495525","postURL":"https://facebook.com/366592183495525/posts/900481086773296","avatar":"https://graph.facebook.com/366592183495525/picture","classification":{"engine":"aylien","language":"en","taxonomy":[{"score":"0.3185","confident":true,"links":[{"link":"https://api.aylien.com/api/v1/classify/taxonomy/iab-qag/IAB7-11","rel":"self"},{"link":"https://api.aylien.com/api/v1/classify/taxonomy/iab-qag/IAB7","rel":"parent"}],"id":"IAB7-11","label":"Cancer"},{"score":"0.0997","confident":true,"links":[{"link":"https://api.aylien.com/api/v1/classify/taxonomy/iab-qag/IAB7","rel":"self"}],"id":"IAB7","label":"Health & Fitness"}]},"postidString":"facebook_page.366592183495525_900481086773296","postMeta":{"inserted":"content-engine"},"timestamp":1493086214,"sharesRcvd":197,"likesRcvd":320,"source":"facebook_page","lastUpdateQuantum":4983060,"name":"Josh Einiger","imageLarge":"https://scontent.xx.fbcdn.net/v/t15.0-10/18116019_900491210105617_141605449706242048_n.jpg?oh=d446b48beeb7f8b901f96b97dee27b83&oe=59901002","objectID":"900481086773296","repliesRcvd":200,"image":"https://scontent.xx.fbcdn.net/v/t15.0-10/s130x130/18116019_900491210105617_141605449706242048_n.jpg?oh=a3b770317d0fcccd43de9e806c3c43ea&oe=5985D009","username":"josheiniger.abc7ny","link":"https://www.facebook.com/josheiniger.abc7ny/videos/900481086773296/","timeQuantum":4976954,"video":"https://scontent.xx.fbcdn.net/v/t42.1790-29/18165312_1850391018510962_928055725865828352_n.mp4?efg=eyJybHIiOjEwMzgsInJsYSI6NDA5NiwidmVuY29kZV90YWciOiJzZCJ9&rl=1038&vabr=577&oh=b7adbd8e68b9469178574890597fda1b&oe=5900C66C","type":"video"},{"content":"Another night of commuter chaos at Penn Station","profileString":"facebook_page.366592183495525","postURL":"https://facebook.com/366592183495525/posts/901223400032398","avatar":"https://graph.facebook.com/366592183495525/picture","classification":{"engine":"aylien","language":"en","taxonomy":[{"score":"0.1662","links":[{"rel":"self","link":"https://api.aylien.com/api/v1/classify/taxonomy/iab-qag/IAB2-23"},{"rel":"parent","link":"https://api.aylien.com/api/v1/classify/taxonomy/iab-qag/IAB2"}],"label":"Wagon","id":"IAB2-23","confident":true},{"score":"0.1042","links":[{"rel":"self","link":"https://api.aylien.com/api/v1/classify/taxonomy/iab-qag/IAB8-2"},{"rel":"parent","link":"https://api.aylien.com/api/v1/classify/taxonomy/iab-qag/IAB8"}],"label":"Barbecues & Grilling","id":"IAB8-2","confident":false},{"score":"0.0747","links":[{"rel":"self","link":"https://api.aylien.com/api/v1/classify/taxonomy/iab-qag/IAB2"}],"label":"Automotive","id":"IAB2","confident":false},{"score":"0.0615","links":[{"rel":"self","link":"https://api.aylien.com/api/v1/classify/taxonomy/iab-qag/IAB8"}],"label":"Food & Drink","id":"IAB8","confident":false},{"score":"0.0607","links":[{"rel":"self","link":"https://api.aylien.com/api/v1/classify/taxonomy/iab-qag/IAB9"}],"label":"Hobbies & Interests","id":"IAB9","confident":false},{"score":"0.0505","links":[{"rel":"self","link":"https://api.aylien.com/api/v1/classify/taxonomy/iab-qag/IAB9-4"},{"rel":"parent","link":"https://api.aylien.com/api/v1/classify/taxonomy/iab-qag/IAB9"}],"label":"Birdwatching","id":"IAB9-4","confident":false}]},"postidString":"facebook_page.366592183495525_901223400032398","postMeta":{"inserted":"content-engine"},"timestamp":1493173385,"sharesRcvd":2,"likesRcvd":54,"source":"facebook_page","lastUpdateQuantum":4983060,"name":"Josh Einiger","imageLarge":"https://scontent.xx.fbcdn.net/v/t15.0-10/18116102_901225846698820_619335795911688192_n.jpg?oh=ca45616727fe61388ebcba670a4de208&oe=59885829","objectID":"901223400032398","repliesRcvd":9,"image":"https://scontent.xx.fbcdn.net/v/t15.0-10/s130x130/18116102_901225846698820_619335795911688192_n.jpg?oh=c7e1f3102e6823855c1554f056d16dba&oe=598B9922","username":"josheiniger.abc7ny","link":"https://www.facebook.com/josheiniger.abc7ny/videos/901223400032398/","timeQuantum":4977244,"video":"https://scontent.xx.fbcdn.net/v/t42.1790-29/18154471_1830851953901731_9077305782575300608_n.mp4?efg=eyJybHIiOjEwMzgsInJsYSI6MzY1MiwidmVuY29kZV90YWciOiJzZCJ9&rl=1038&vabr=577&oh=31e11d6692796abaa2fcf948f6457be9&oe=590319CE","type":"video"},{"content":"An 11 year old Bronx boy saved his mom from a vicious attack in their own home.","profileString":"facebook_page.366592183495525","postURL":"https://facebook.com/366592183495525/posts/901918313296240","avatar":"https://graph.facebook.com/366592183495525/picture","classification":{"engine":"aylien","language":"en","taxonomy":[{"score":"0.1910","links":[{"rel":"self","link":"https://api.aylien.com/api/v1/classify/taxonomy/iab-qag/IAB25-2"},{"rel":"parent","link":"https://api.aylien.com/api/v1/classify/taxonomy/iab-qag/IAB25"}],"label":"Extreme Graphic/Explicit Violence","id":"IAB25-2","confident":false},{"score":"0.0744","links":[{"rel":"self","link":"https://api.aylien.com/api/v1/classify/taxonomy/iab-qag/IAB2-16"},{"rel":"parent","link":"https://api.aylien.com/api/v1/classify/taxonomy/iab-qag/IAB2"}],"label":"Off-Road Vehicles","id":"IAB2-16","confident":false},{"score":"0.0604","links":[{"rel":"self","link":"https://api.aylien.com/api/v1/classify/taxonomy/iab-qag/IAB25"}],"label":"Non-Standard Content","id":"IAB25","confident":false},{"score":"0.0581","links":[{"rel":"self","link":"https://api.aylien.com/api/v1/classify/taxonomy/iab-qag/IAB9"}],"label":"Hobbies & Interests","id":"IAB9","confident":false},{"score":"0.0544","links":[{"rel":"self","link":"https://api.aylien.com/api/v1/classify/taxonomy/iab-qag/IAB2"}],"label":"Automotive","id":"IAB2","confident":false},{"score":"0.0498","links":[{"rel":"self","link":"https://api.aylien.com/api/v1/classify/taxonomy/iab-qag/IAB17"}],"label":"Sports","id":"IAB17","confident":false},{"score":"0.0473","links":[{"rel":"self","link":"https://api.aylien.com/api/v1/classify/taxonomy/iab-qag/IAB9-4"},{"rel":"parent","link":"https://api.aylien.com/api/v1/classify/taxonomy/iab-qag/IAB9"}],"label":"Birdwatching","id":"IAB9-4","confident":false},{"score":"0.0401","links":[{"rel":"self","link":"https://api.aylien.com/api/v1/classify/taxonomy/iab-qag/IAB17-42"},{"rel":"parent","link":"https://api.aylien.com/api/v1/classify/taxonomy/iab-qag/IAB17"}],"label":"Walking","id":"IAB17-42","confident":false}]},"postidString":"facebook_page.366592183495525_901918313296240","postMeta":{"inserted":"content-engine"},"timestamp":1493258991,"sharesRcvd":76,"likesRcvd":190,"source":"facebook_page","lastUpdateQuantum":4983060,"name":"Josh Einiger","imageLarge":"https://scontent.xx.fbcdn.net/v/t15.0-10/18175216_901923093295762_1219435330952757248_n.jpg?oh=7354a44125f4c748817af56b080769b7&oe=5980C720","objectID":"901918313296240","repliesRcvd":143,"image":"https://scontent.xx.fbcdn.net/v/t15.0-10/s130x130/18175216_901923093295762_1219435330952757248_n.jpg?oh=a04cbbc341ea3ee4f5ba3ae4e1883186&oe=597F7FCD","username":"josheiniger.abc7ny","link":"https://www.facebook.com/josheiniger.abc7ny/videos/901918313296240/","timeQuantum":4977529,"video":"https://scontent.xx.fbcdn.net/v/t42.1790-29/18188579_636598859860649_1648779116767346688_n.mp4?efg=eyJybHIiOjEwMzgsInJsYSI6NDA5NiwidmVuY29kZV90YWciOiJzZCJ9&rl=1038&vabr=577&oh=a450a756874145e2f90bd3986d473bd6&oe=59037835","type":"video"},{"content":"Meet Steve Jacobowitz, the longest serving photographer at ABC7NY. He's been with us since 1966!\n\nToday he covered the completion of the new Kosciusko Bridge. \n\nAnd remarked that the last time NY opened a bridge (the Verrazano-Narrows), he was there too! \n\n(Of course that was two years before he joined ABC. He was 17 then and working as a short order cook, catering the event. Which makes this story even cooler.)","profileString":"facebook_page.366592183495525","postURL":"https://facebook.com/366592183495525/posts/902474596573945","avatar":"https://graph.facebook.com/366592183495525/picture","classification":{"engine":"aylien","language":"en","taxonomy":[{"score":"0.0817","links":[{"rel":"self","link":"https://api.aylien.com/api/v1/classify/taxonomy/iab-qag/IAB9"}],"label":"Hobbies & Interests","id":"IAB9","confident":true},{"score":"0.0603","links":[{"rel":"self","link":"https://api.aylien.com/api/v1/classify/taxonomy/iab-qag/IAB9-23"},{"rel":"parent","link":"https://api.aylien.com/api/v1/classify/taxonomy/iab-qag/IAB9"}],"label":"Photography","id":"IAB9-23","confident":false}]},"postidString":"facebook_page.366592183495525_902474596573945","postMeta":{"inserted":"content-engine"},"timestamp":1493331177,"sharesRcvd":9,"likesRcvd":211,"source":"facebook_page","lastUpdateQuantum":4983060,"name":"Josh Einiger","imageLarge":"https://scontent.xx.fbcdn.net/v/t1.0-9/s720x720/18119001_902474596573945_3522058450810044443_n.jpg?oh=fad50663ea9bd90e8cf0f26023ecf915&oe=5989541F","objectID":"902474596573945","repliesRcvd":29,"image":"https://scontent.xx.fbcdn.net/v/t1.0-0/s130x130/18119001_902474596573945_3522058450810044443_n.jpg?oh=dea1ae5cabff98c45a82bec14d621e44&oe=5991BAE0","username":"josheiniger.abc7ny","link":"https://www.facebook.com/josheiniger.abc7ny/photos/a.380179972136746.1073741828.366592183495525/902474596573945/?type=3","timeQuantum":4977770,"type":"photo","title":"Timeline Photos"},{"content":"Live at opening of brand new Kosciuszko Bridge","profileString":"facebook_page.366592183495525","postURL":"https://facebook.com/366592183495525/posts/902517903236281","avatar":"https://graph.facebook.com/366592183495525/picture","classification":{"engine":"aylien","language":"en","taxonomy":[{"score":"0.3697","confident":false,"links":[{"link":"https://api.aylien.com/api/v1/classify/taxonomy/iab-qag/IAB18-6","rel":"self"},{"link":"https://api.aylien.com/api/v1/classify/taxonomy/iab-qag/IAB18","rel":"parent"}],"id":"IAB18-6","label":"Accessories"},{"score":"0.1961","confident":false,"links":[{"link":"https://api.aylien.com/api/v1/classify/taxonomy/iab-qag/IAB25-2","rel":"self"},{"link":"https://api.aylien.com/api/v1/classify/taxonomy/iab-qag/IAB25","rel":"parent"}],"id":"IAB25-2","label":"Extreme Graphic/Explicit Violence"},{"score":"0.1830","confident":false,"links":[{"link":"https://api.aylien.com/api/v1/classify/taxonomy/iab-qag/IAB1-4","rel":"self"},{"link":"https://api.aylien.com/api/v1/classify/taxonomy/iab-qag/IAB1","rel":"parent"}],"id":"IAB1-4","label":"Humor"},{"score":"0.0814","confident":false,"links":[{"link":"https://api.aylien.com/api/v1/classify/taxonomy/iab-qag/IAB2-16","rel":"self"},{"link":"https://api.aylien.com/api/v1/classify/taxonomy/iab-qag/IAB2","rel":"parent"}],"id":"IAB2-16","label":"Off-Road Vehicles"},{"score":"0.0646","confident":false,"links":[{"link":"https://api.aylien.com/api/v1/classify/taxonomy/iab-qag/IAB2","rel":"self"}],"id":"IAB2","label":"Automotive"},{"score":"0.0640","confident":false,"links":[{"link":"https://api.aylien.com/api/v1/classify/taxonomy/iab-qag/IAB9","rel":"self"}],"id":"IAB9","label":"Hobbies & Interests"},{"score":"0.0612","confident":false,"links":[{"link":"https://api.aylien.com/api/v1/classify/taxonomy/iab-qag/IAB18","rel":"self"}],"id":"IAB18","label":"Style & Fashion"},{"score":"0.0604","confident":false,"links":[{"link":"https://api.aylien.com/api/v1/classify/taxonomy/iab-qag/IAB1","rel":"self"}],"id":"IAB1","label":"Arts & Entertainment"},{"score":"0.0525","confident":false,"links":[{"link":"https://api.aylien.com/api/v1/classify/taxonomy/iab-qag/IAB25","rel":"self"}],"id":"IAB25","label":"Non-Standard Content"},{"score":"0.0486","confident":false,"links":[{"link":"https://api.aylien.com/api/v1/classify/taxonomy/iab-qag/IAB9-4","rel":"self"},{"link":"https://api.aylien.com/api/v1/classify/taxonomy/iab-qag/IAB9","rel":"parent"}],"id":"IAB9-4","label":"Birdwatching"}]},"postidString":"facebook_page.366592183495525_902517903236281","postMeta":{"inserted":"content-engine"},"timestamp":1493338053,"sharesRcvd":435,"likesRcvd":770,"source":"facebook_page","lastUpdateQuantum":4978263,"name":"Josh Einiger","imageLarge":"https://scontent.xx.fbcdn.net/v/t15.0-10/18192144_902523556569049_2585100442769817600_n.jpg?oh=ad28b8390af677bf5dc16475663c5efb&oe=5977BA9B","objectID":"902517903236281","repliesRcvd":833,"image":"https://scontent.xx.fbcdn.net/v/t15.0-10/s130x130/18192144_902523556569049_2585100442769817600_n.jpg?oh=3a21a54adbc4bc6a7ff82746dc9bf647&oe=597AEA76","username":"josheiniger.abc7ny","link":"https://www.facebook.com/josheiniger.abc7ny/videos/902517903236281/","timeQuantum":4977793,"video":"https://www.facebook.com/video/playback/playlist.m3u8?v=902517903236281","type":"video"},{"content":"BREAKING: Kosciusko Bridge opening now","profileString":"facebook_page.366592183495525","postURL":"https://facebook.com/366592183495525/posts/902600473228024","avatar":"https://graph.facebook.com/366592183495525/picture","classification":{"engine":"aylien","language":"en","taxonomy":[{"score":"0.0804","confident":true,"links":[{"link":"https://api.aylien.com/api/v1/classify/taxonomy/iab-qag/IAB17","rel":"self"}],"id":"IAB17","label":"Sports"},{"score":"0.0519","confident":true,"links":[{"link":"https://api.aylien.com/api/v1/classify/taxonomy/iab-qag/IAB17-43","rel":"self"},{"link":"https://api.aylien.com/api/v1/classify/taxonomy/iab-qag/IAB17","rel":"parent"}],"id":"IAB17-43","label":"Waterski/Wakeboard"}]},"postidString":"facebook_page.366592183495525_902600473228024","postMeta":{"inserted":"content-engine"},"timestamp":1493347868,"sharesRcvd":54,"likesRcvd":293,"source":"facebook_page","lastUpdateQuantum":4977948,"name":"Josh Einiger","imageLarge":"https://scontent.xx.fbcdn.net/v/t15.0-10/18192248_902625683225503_5072910319983001600_n.jpg?oh=1ed0c0bce9a7f87e6302c8cd8a1edb54&oe=597BC0B4","objectID":"902600473228024","repliesRcvd":364,"image":"https://scontent.xx.fbcdn.net/v/t15.0-10/s130x130/18192248_902625683225503_5072910319983001600_n.jpg?oh=52989458e547c9841c610ede065af657&oe=598B0059","username":"josheiniger.abc7ny","link":"https://www.facebook.com/josheiniger.abc7ny/videos/902600473228024/","timeQuantum":4977826,"video":"https://www.facebook.com/video/playback/playlist.m3u8?v=902600473228024","type":"video"},{"content":"Beautiful night, beautiful town.","profileString":"facebook_page.366592183495525","postURL":"https://facebook.com/366592183495525/posts/903266803161391","avatar":"https://graph.facebook.com/366592183495525/picture","classification":{"engine":"aylien","language":"en","taxonomy":[{"score":"0.2192","confident":false,"links":[{"link":"https://api.aylien.com/api/v1/classify/taxonomy/iab-qag/IAB1-2","rel":"self"},{"link":"https://api.aylien.com/api/v1/classify/taxonomy/iab-qag/IAB1","rel":"parent"}],"id":"IAB1-2","label":"Celebrity Fan/Gossip"},{"score":"0.0889","confident":true,"links":[{"link":"https://api.aylien.com/api/v1/classify/taxonomy/iab-qag/IAB1","rel":"self"}],"id":"IAB1","label":"Arts & Entertainment"},{"score":"0.0748","confident":false,"links":[{"link":"https://api.aylien.com/api/v1/classify/taxonomy/iab-qag/IAB9","rel":"self"}],"id":"IAB9","label":"Hobbies & Interests"},{"score":"0.0703","confident":false,"links":[{"link":"https://api.aylien.com/api/v1/classify/taxonomy/iab-qag/IAB9-23","rel":"self"},{"link":"https://api.aylien.com/api/v1/classify/taxonomy/iab-qag/IAB9","rel":"parent"}],"id":"IAB9-23","label":"Photography"}]},"postidString":"facebook_page.366592183495525_903266229828115","postMeta":{"inserted":"content-engine"},"timestamp":1493423590,"sharesRcvd":2,"likesRcvd":144,"source":"facebook_page","lastUpdateQuantum":4983060,"name":"Josh Einiger","imageLarge":"https://scontent.xx.fbcdn.net/v/t1.0-0/p180x540/18157641_903266229828115_947031526992728027_n.jpg?oh=17a91f1957f0c1c8b373483c312b85ad&oe=598067AE","originalID":"366592183495525_903266803161391","objectID":"903266229828115","repliesRcvd":2,"image":"https://scontent.xx.fbcdn.net/v/t1.0-0/s130x130/18157641_903266229828115_947031526992728027_n.jpg?oh=198dcfe157c27e81df7c1716852d6678&oe=59BF7BFD","username":"josheiniger.abc7ny","link":"https://www.facebook.com/josheiniger.abc7ny/photos/a.386734274814649.1073741829.366592183495525/903266229828115/?type=3","timeQuantum":4978078,"title":"Photos from Josh Einiger's post","type":"photo"},{"content":"The ABC7NY newsroom is in shock today, after losing a dear friend and coworker.","profileString":"facebook_page.366592183495525","postURL":"https://facebook.com/366592183495525/posts/903313043156767","avatar":"https://graph.facebook.com/366592183495525/picture","classification":{"engine":"aylien","language":"en","taxonomy":[{"score":"0.1978","confident":false,"links":[{"link":"https://api.aylien.com/api/v1/classify/taxonomy/iab-qag/IAB25-2","rel":"self"},{"link":"https://api.aylien.com/api/v1/classify/taxonomy/iab-qag/IAB25","rel":"parent"}],"id":"IAB25-2","label":"Extreme Graphic/Explicit Violence"},{"score":"0.0625","confident":false,"links":[{"link":"https://api.aylien.com/api/v1/classify/taxonomy/iab-qag/IAB9","rel":"self"}],"id":"IAB9","label":"Hobbies & Interests"},{"score":"0.0615","confident":false,"links":[{"link":"https://api.aylien.com/api/v1/classify/taxonomy/iab-qag/IAB25","rel":"self"}],"id":"IAB25","label":"Non-Standard Content"},{"score":"0.0540","confident":false,"links":[{"link":"https://api.aylien.com/api/v1/classify/taxonomy/iab-qag/IAB17","rel":"self"}],"id":"IAB17","label":"Sports"},{"score":"0.0515","confident":false,"links":[{"link":"https://api.aylien.com/api/v1/classify/taxonomy/iab-qag/IAB9-4","rel":"self"},{"link":"https://api.aylien.com/api/v1/classify/taxonomy/iab-qag/IAB9","rel":"parent"}],"id":"IAB9-4","label":"Birdwatching"},{"score":"0.0456","confident":false,"links":[{"link":"https://api.aylien.com/api/v1/classify/taxonomy/iab-qag/IAB17-43","rel":"self"},{"link":"https://api.aylien.com/api/v1/classify/taxonomy/iab-qag/IAB17","rel":"parent"}],"id":"IAB17-43","label":"Waterski/Wakeboard"}]},"postidString":"facebook_page.366592183495525_1885146098427787","postMeta":{"inserted":"content-engine"},"timestamp":1493429075,"sharesRcvd":0,"likesRcvd":129,"source":"facebook_page","lastUpdateQuantum":4983060,"name":"Josh Einiger","imageLarge":"https://scontent.xx.fbcdn.net/v/t31.0-8/s720x720/18156679_1885146098427787_5520750589271575983_o.jpg?oh=06ae8355104ccc1ad0f141f81dcec6ce&oe=59BD5243","originalID":"366592183495525_903313043156767","objectID":"1885146098427787","repliesRcvd":23,"image":"https://scontent.xx.fbcdn.net/v/t1.0-0/s130x130/18194235_1885146098427787_5520750589271575983_n.jpg?oh=123be3062ff1a593efac8385eda019d3&oe=59833B4D","username":"josheiniger.abc7ny","link":"https://www.facebook.com/BillRitterABC7/photos/a.1478709305738137.1073741828.1478254085783659/1885146098427787/?type=3","timeQuantum":4978096,"title":"Bill Ritter","type":"photo"},{"content":"End of the week. Bathtime.","profileString":"facebook_page.366592183495525","postURL":"https://facebook.com/366592183495525/posts/903349896486415","avatar":"https://graph.facebook.com/366592183495525/picture","classification":{"engine":"aylien","language":"en","taxonomy":[{"score":"0.2334","confident":false,"links":[{"link":"https://api.aylien.com/api/v1/classify/taxonomy/iab-qag/IAB1-2","rel":"self"},{"link":"https://api.aylien.com/api/v1/classify/taxonomy/iab-qag/IAB1","rel":"parent"}],"id":"IAB1-2","label":"Celebrity Fan/Gossip"},{"score":"0.0806","confident":true,"links":[{"link":"https://api.aylien.com/api/v1/classify/taxonomy/iab-qag/IAB9-23","rel":"self"},{"link":"https://api.aylien.com/api/v1/classify/taxonomy/iab-qag/IAB9","rel":"parent"}],"id":"IAB9-23","label":"Photography"},{"score":"0.0715","confident":false,"links":[{"link":"https://api.aylien.com/api/v1/classify/taxonomy/iab-qag/IAB9","rel":"self"}],"id":"IAB9","label":"Hobbies & Interests"},{"score":"0.0683","confident":false,"links":[{"link":"https://api.aylien.com/api/v1/classify/taxonomy/iab-qag/IAB1","rel":"self"}],"id":"IAB1","label":"Arts & Entertainment"}]},"postidString":"facebook_page.366592183495525_903349713153100","postMeta":{"inserted":"content-engine"},"timestamp":1493434229,"sharesRcvd":2,"likesRcvd":57,"source":"facebook_page","lastUpdateQuantum":4983060,"name":"Josh Einiger","imageLarge":"https://scontent.xx.fbcdn.net/v/t1.0-0/p180x540/18157494_903349713153100_3641926939414448837_n.jpg?oh=cbc1fb7535158e2e8417f48a5733e83c&oe=597F1C80","originalID":"366592183495525_903349896486415","objectID":"903349713153100","repliesRcvd":0,"image":"https://scontent.xx.fbcdn.net/v/t1.0-0/s130x130/18157494_903349713153100_3641926939414448837_n.jpg?oh=36c4f55fda65479452488af084324ea1&oe=597FB841","username":"josheiniger.abc7ny","link":"https://www.facebook.com/josheiniger.abc7ny/photos/a.386734274814649.1073741829.366592183495525/903349713153100/?type=3","timeQuantum":4978114,"title":"Photos from Josh Einiger's post","type":"photo"},{"content":"Mayor de Blasio addresses large #MayDay2017 rally in Foley Square. With President Trump returning to NYC this week, will be a busy week of protests","profileString":"facebook_page.366592183495525","postURL":"https://facebook.com/366592183495525/posts/905261829628555","avatar":"https://graph.facebook.com/366592183495525/picture","classification":{"engine":"aylien","language":"en","taxonomy":[{"score":"0.4589","confident":false,"links":[{"link":"https://api.aylien.com/api/v1/classify/taxonomy/iab-qag/IAB21-1","rel":"self"},{"link":"https://api.aylien.com/api/v1/classify/taxonomy/iab-qag/IAB21","rel":"parent"}],"id":"IAB21-1","label":"Apartments"},{"score":"0.0644","confident":false,"links":[{"link":"https://api.aylien.com/api/v1/classify/taxonomy/iab-qag/IAB21","rel":"self"}],"id":"IAB21","label":"Real Estate"}]},"postidString":"facebook_page.366592183495525_905261829628555","postMeta":{"inserted":"content-engine"},"timestamp":1493674876,"sharesRcvd":12,"likesRcvd":51,"source":"facebook_page","lastUpdateQuantum":4979019,"name":"Josh Einiger","imageLarge":"https://scontent.xx.fbcdn.net/v/t1.0-1/fb20/17424922_873760449445360_4918977717981977359_n.jpg?oh=6da55313ca2eb78361bc8efa47baf41b&oe=598B1B0E","objectID":"905261829628555","repliesRcvd":55,"image":"https://scontent.xx.fbcdn.net/v/t1.0-1/fb20/p130x130/17424922_873760449445360_4918977717981977359_n.jpg?oh=571c03ce63ec7c1b6bd34baf9a6ec6ea&oe=598192E5","username":"josheiniger.abc7ny","link":"https://www.facebook.com/josheiniger.abc7ny/videos/905261829628555/","timeQuantum":4978916,"video":"https://www.facebook.com/video/playback/playlist.m3u8?v=905261829628555","type":"video"},{"content":"A day of protests in NYC has led to about 30 arrests.  And this is just the beginning, with President Trump's homecoming later this week.","profileString":"facebook_page.366592183495525","postURL":"https://facebook.com/366592183495525/posts/905381456283259","avatar":"https://graph.facebook.com/366592183495525/picture","classification":{"engine":"aylien","language":"en","taxonomy":[{"score":"0.4623","confident":false,"links":[{"link":"https://api.aylien.com/api/v1/classify/taxonomy/iab-qag/IAB12-3","rel":"self"},{"link":"https://api.aylien.com/api/v1/classify/taxonomy/iab-qag/IAB12","rel":"parent"}],"id":"IAB12-3","label":"Local News"},{"score":"0.3511","confident":false,"links":[{"link":"https://api.aylien.com/api/v1/classify/taxonomy/iab-qag/IAB18-2","rel":"self"},{"link":"https://api.aylien.com/api/v1/classify/taxonomy/iab-qag/IAB18","rel":"parent"}],"id":"IAB18-2","label":"Body Art"},{"score":"0.2775","confident":false,"links":[{"link":"https://api.aylien.com/api/v1/classify/taxonomy/iab-qag/IAB11-3","rel":"self"},{"link":"https://api.aylien.com/api/v1/classify/taxonomy/iab-qag/IAB11","rel":"parent"}],"id":"IAB11-3","label":"U.S. Government Resources"},{"score":"0.1742","confident":false,"links":[{"link":"https://api.aylien.com/api/v1/classify/taxonomy/iab-qag/IAB25-2","rel":"self"},{"link":"https://api.aylien.com/api/v1/classify/taxonomy/iab-qag/IAB25","rel":"parent"}],"id":"IAB25-2","label":"Extreme Graphic/Explicit Violence"},{"score":"0.1709","confident":false,"links":[{"link":"https://api.aylien.com/api/v1/classify/taxonomy/iab-qag/IAB23-6","rel":"self"},{"link":"https://api.aylien.com/api/v1/classify/taxonomy/iab-qag/IAB23","rel":"parent"}],"id":"IAB23-6","label":"Hinduism"},{"score":"0.0576","confident":false,"links":[{"link":"https://api.aylien.com/api/v1/classify/taxonomy/iab-qag/IAB20-21","rel":"self"},{"link":"https://api.aylien.com/api/v1/classify/taxonomy/iab-qag/IAB20","rel":"parent"}],"id":"IAB20-21","label":"Mexico & Central America"},{"score":"0.0563","confident":false,"links":[{"link":"https://api.aylien.com/api/v1/classify/taxonomy/iab-qag/IAB12","rel":"self"}],"id":"IAB12","label":"News"},{"score":"0.0561","confident":false,"links":[{"link":"https://api.aylien.com/api/v1/classify/taxonomy/iab-qag/IAB11","rel":"self"}],"id":"IAB11","label":"Law, Gov’t & Politics"},{"score":"0.0550","confident":false,"links":[{"link":"https://api.aylien.com/api/v1/classify/taxonomy/iab-qag/IAB25","rel":"self"}],"id":"IAB25","label":"Non-Standard Content"},{"score":"0.0547","confident":false,"links":[{"link":"https://api.aylien.com/api/v1/classify/taxonomy/iab-qag/IAB9","rel":"self"}],"id":"IAB9","label":"Hobbies & Interests"},{"score":"0.0524","confident":false,"links":[{"link":"https://api.aylien.com/api/v1/classify/taxonomy/iab-qag/IAB17","rel":"self"}],"id":"IAB17","label":"Sports"},{"score":"0.0496","confident":false,"links":[{"link":"https://api.aylien.com/api/v1/classify/taxonomy/iab-qag/IAB18","rel":"self"}],"id":"IAB18","label":"Style & Fashion"},{"score":"0.0494","confident":false,"links":[{"link":"https://api.aylien.com/api/v1/classify/taxonomy/iab-qag/IAB9-4","rel":"self"},{"link":"https://api.aylien.com/api/v1/classify/taxonomy/iab-qag/IAB9","rel":"parent"}],"id":"IAB9-4","label":"Birdwatching"},{"score":"0.0472","confident":false,"links":[{"link":"https://api.aylien.com/api/v1/classify/taxonomy/iab-qag/IAB20","rel":"self"}],"id":"IAB20","label":"Travel"},{"score":"0.0465","confident":false,"links":[{"link":"https://api.aylien.com/api/v1/classify/taxonomy/iab-qag/IAB23","rel":"self"}],"id":"IAB23","label":"Religion & Spirituality"},{"score":"0.0417","confident":false,"links":[{"link":"https://api.aylien.com/api/v1/classify/taxonomy/iab-qag/IAB17-24","rel":"self"},{"link":"https://api.aylien.com/api/v1/classify/taxonomy/iab-qag/IAB17","rel":"parent"}],"id":"IAB17-24","label":"Paintball"}]},"postidString":"facebook_page.366592183495525_905381456283259","postMeta":{"inserted":"content-engine"},"timestamp":1493690346,"sharesRcvd":25,"likesRcvd":91,"source":"facebook_page","lastUpdateQuantum":4979685,"name":"Josh Einiger","imageLarge":"https://scontent.xx.fbcdn.net/v/t15.0-10/18279520_905387906282614_3953856041254387712_n.jpg?oh=1eb2bf258d06af4a27c0bc593b823d11&oe=5979EE2B","objectID":"905381456283259","repliesRcvd":100,"image":"https://scontent.xx.fbcdn.net/v/t15.0-10/s130x130/18279520_905387906282614_3953856041254387712_n.jpg?oh=9f626eaefe49971187047a85fb07b920&oe=59C082C6","username":"josheiniger.abc7ny","link":"https://www.facebook.com/josheiniger.abc7ny/videos/905381456283259/","timeQuantum":4978967,"video":"https://scontent.xx.fbcdn.net/v/t42.1790-29/18266901_1935012606775494_4415935552403013632_n.mp4?efg=eyJybHIiOjEwMzgsInJsYSI6NDA5NiwidmVuY29kZV90YWciOiJzZCJ9&rl=1038&vabr=577&oh=a17dd3ac2bfab347441a125fdf18c4c0&oe=590A1779","type":"video"},{"content":"By now you've probably seen Jimmy Kimmel's gut-wrenching recounting of his newborn son's heart condition.\n\nHis monologue could not have come at a better time for Democrats in Congress, who have been fighting to protect Obamacare from the latest GOP effort to repeal it.\n\nToday a key Republican pulled his support, saying the new bill would \"torpedo\" protections for people with preexisting conditions like what Kimmel's son will live with for the rest of his life.","profileString":"facebook_page.366592183495525","postURL":"https://facebook.com/366592183495525/posts/906092446212160","avatar":"https://graph.facebook.com/366592183495525/picture","classification":{"engine":"aylien","language":"en","taxonomy":[{"score":0,"label":"News","categoryId":"INSERTED"}]},"postidString":"facebook_page.366592183495525_906092446212160","postMeta":{"inserted":"content-engine"},"timestamp":1493778347,"sharesRcvd":6,"likesRcvd":64,"source":"facebook_page","lastUpdateQuantum":4983177,"name":"Josh Einiger","imageLarge":"https://external.xx.fbcdn.net/safe_image.php?d=AQDhRtr6zvb82aoN&url=https%3A%2F%2Fstatic01.nyt.com%2Fimages%2F2017%2F05%2F02%2Farts%2F02latenight1%2F02latenight1-facebookJumbo.png&_nc_hash=AQC0LV2noMJgs8D0","repliesRcvd":6,"image":"https://external.xx.fbcdn.net/safe_image.php?d=AQBVWPeloFD1KG8_&w=130&h=130&url=https%3A%2F%2Fstatic01.nyt.com%2Fimages%2F2017%2F05%2F02%2Farts%2F02latenight1%2F02latenight1-facebookJumbo.png&cfs=1&sx=257&sy=0&sw=550&sh=550&_nc_hash=AQBuiSDS2OKEkqUg","username":"josheiniger.abc7ny","link":"https://www.nytimes.com/2017/05/02/arts/television/jimmy-kimmel-baby-son-wife.html","timeQuantum":4979261,"title":"Jimmy Kimmel’s Emotional Monologue: His New Son’s Heart Condition","type":"link"},{"content":"It's hard to believe it's been two years since the city wept.\n\n25 year old NYPD Officer Brian Moore was shot in the face two years ago tonight, after he was shot point-blank in the face while on an anti-crime patrol in Queens Village.\n\nNearly 2 million people saw this heartbreaking video I posted two days later, when the NYPD ambulance carried his flag-draped casket out of Jamaica Hospital, after his family decided to take him off life support.\n\nOur first responders have had an awful time these past few years - members of the NYPD, the New York City Fire Department (FDNY) and FDNY EMS have all died in the line of duty.\n\nNext time you see a first responder, make sure you say thank you.","profileString":"facebook_page.366592183495525","postURL":"https://facebook.com/366592183495525/posts/906094992878572","avatar":"https://graph.facebook.com/366592183495525/picture","classification":{"engine":"aylien","language":"en","taxonomy":[{"score":"0.2716","confident":false,"links":[{"link":"https://api.aylien.com/api/v1/classify/taxonomy/iab-qag/IAB6-6","rel":"self"},{"link":"https://api.aylien.com/api/v1/classify/taxonomy/iab-qag/IAB6","rel":"parent"}],"id":"IAB6-6","label":"Parenting teens"},{"score":"0.2482","confident":false,"links":[{"link":"https://api.aylien.com/api/v1/classify/taxonomy/iab-qag/IAB14-7","rel":"self"},{"link":"https://api.aylien.com/api/v1/classify/taxonomy/iab-qag/IAB14","rel":"parent"}],"id":"IAB14-7","label":"Weddings"},{"score":"0.0675","confident":false,"links":[{"link":"https://api.aylien.com/api/v1/classify/taxonomy/iab-qag/IAB14","rel":"self"}],"id":"IAB14","label":"Society"},{"score":"0.0638","confident":false,"links":[{"link":"https://api.aylien.com/api/v1/classify/taxonomy/iab-qag/IAB6","rel":"self"}],"id":"IAB6","label":"Family & Parenting"},{"score":"0.0594","confident":false,"links":[{"link":"https://api.aylien.com/api/v1/classify/taxonomy/iab-qag/IAB9-23","rel":"self"},{"link":"https://api.aylien.com/api/v1/classify/taxonomy/iab-qag/IAB9","rel":"parent"}],"id":"IAB9-23","label":"Photography"},{"score":"0.0585","confident":false,"links":[{"link":"https://api.aylien.com/api/v1/classify/taxonomy/iab-qag/IAB9","rel":"self"}],"id":"IAB9","label":"Hobbies & Interests"}]},"postidString":"facebook_page.366592183495525_906094992878572","postMeta":{"inserted":"content-engine"},"timestamp":1493778889,"sharesRcvd":0,"likesRcvd":82,"source":"facebook_page","lastUpdateQuantum":4983177,"name":"Josh Einiger","imageLarge":"https://scontent.xx.fbcdn.net/v/t15.0-10/11188769_495759403912135_1741599752_n.jpg?oh=74fc0295a4cbb798389f5ff1f03810a7&oe=598C6C8F","repliesRcvd":4,"image":"https://scontent.xx.fbcdn.net/v/t15.0-10/s130x130/11188769_495759403912135_1741599752_n.jpg?oh=0851a527e71479a77fb0e47ce381b9ad&oe=5979F2BA","username":"josheiniger.abc7ny","link":"https://www.facebook.com/josheiniger.abc7ny/videos/495759273912148/","timeQuantum":4979262,"video":"https://video.xx.fbcdn.net/v/t42.1790-2/11120192_495759440578798_1179743689_n.mp4?efg=eyJybHIiOjQwMSwicmxhIjo1MTIsInZlbmNvZGVfdGFnIjoidjFfNDAwX2NyZl8yN19tYWluXzMuMF9zZCJ9&rl=401&vabr=223&oh=7fa6bca204b99057602fee6e40e13bf6&oe=590B6BDE","title":"Josh Einiger","type":"video"},{"content":"BREAKING: Dramatic police standoff in BedStuy ends when suspect shot self","profileString":"facebook_page.366592183495525","postURL":"https://facebook.com/366592183495525/posts/906575006163904","avatar":"https://graph.facebook.com/366592183495525/picture","classification":{"engine":"aylien","language":"en","taxonomy":[{"score":"0.4310","confident":false,"links":[{"link":"https://api.aylien.com/api/v1/classify/taxonomy/iab-qag/IAB12-3","rel":"self"},{"link":"https://api.aylien.com/api/v1/classify/taxonomy/iab-qag/IAB12","rel":"parent"}],"id":"IAB12-3","label":"Local News"},{"score":"0.2100","confident":false,"links":[{"link":"https://api.aylien.com/api/v1/classify/taxonomy/iab-qag/IAB25-2","rel":"self"},{"link":"https://api.aylien.com/api/v1/classify/taxonomy/iab-qag/IAB25","rel":"parent"}],"id":"IAB25-2","label":"Extreme Graphic/Explicit Violence"},{"score":"0.1026","confident":true,"links":[{"link":"https://api.aylien.com/api/v1/classify/taxonomy/iab-qag/IAB2-16","rel":"self"},{"link":"https://api.aylien.com/api/v1/classify/taxonomy/iab-qag/IAB2","rel":"parent"}],"id":"IAB2-16","label":"Off-Road Vehicles"},{"score":"0.0626","confident":false,"links":[{"link":"https://api.aylien.com/api/v1/classify/taxonomy/iab-qag/IAB9","rel":"self"}],"id":"IAB9","label":"Hobbies & Interests"},{"score":"0.0586","confident":false,"links":[{"link":"https://api.aylien.com/api/v1/classify/taxonomy/iab-qag/IAB2","rel":"self"}],"id":"IAB2","label":"Automotive"},{"score":"0.0570","confident":false,"links":[{"link":"https://api.aylien.com/api/v1/classify/taxonomy/iab-qag/IAB17","rel":"self"}],"id":"IAB17","label":"Sports"},{"score":"0.0555","confident":false,"links":[{"link":"https://api.aylien.com/api/v1/classify/taxonomy/iab-qag/IAB25","rel":"self"}],"id":"IAB25","label":"Non-Standard Content"},{"score":"0.0503","confident":false,"links":[{"link":"https://api.aylien.com/api/v1/classify/taxonomy/iab-qag/IAB12","rel":"self"}],"id":"IAB12","label":"News"},{"score":"0.0496","confident":false,"links":[{"link":"https://api.aylien.com/api/v1/classify/taxonomy/iab-qag/IAB9-21","rel":"self"},{"link":"https://api.aylien.com/api/v1/classify/taxonomy/iab-qag/IAB9","rel":"parent"}],"id":"IAB9-21","label":"Needlework"},{"score":"0.0451","confident":false,"links":[{"link":"https://api.aylien.com/api/v1/classify/taxonomy/iab-qag/IAB17-43","rel":"self"},{"link":"https://api.aylien.com/api/v1/classify/taxonomy/iab-qag/IAB17","rel":"parent"}],"id":"IAB17-43","label":"Waterski/Wakeboard"}]},"postidString":"facebook_page.366592183495525_906575006163904","postMeta":{"inserted":"content-engine"},"timestamp":1493843811,"sharesRcvd":137,"likesRcvd":150,"source":"facebook_page","lastUpdateQuantum":4983177,"name":"Josh Einiger","imageLarge":"https://scontent.xx.fbcdn.net/v/t15.0-10/18300518_906577699496968_4169787669544435712_n.jpg?oh=f79d830d3c4033c334f4c268e5a333b8&oe=597CC0FE","objectID":"906575006163904","repliesRcvd":93,"image":"https://scontent.xx.fbcdn.net/v/t15.0-10/s130x130/18300518_906577699496968_4169787669544435712_n.jpg?oh=86a2325f0041b25932705b19f3ed4136&oe=598E3613","username":"josheiniger.abc7ny","link":"https://www.facebook.com/josheiniger.abc7ny/videos/906575006163904/","timeQuantum":4979479,"video":"https://scontent.xx.fbcdn.net/v/t42.1790-29/18303689_2025233481038138_5710124729013108736_n.mp4?efg=eyJybHIiOjEwNDAsInJsYSI6MjgyMCwidmVuY29kZV90YWciOiJzZCJ9&rl=1040&vabr=578&oh=5ed3212ed2f5f9eb58d3702533500990&oe=590CF4BF","type":"video"},{"content":"Update from police on bedstuy standoff","profileString":"facebook_page.366592183495525","postURL":"https://facebook.com/366592183495525/posts/906589776162427","avatar":"https://graph.facebook.com/366592183495525/picture","classification":{"engine":"aylien","language":"en","taxonomy":[{"score":"0.2126","confident":false,"links":[{"link":"https://api.aylien.com/api/v1/classify/taxonomy/iab-qag/IAB25-2","rel":"self"},{"link":"https://api.aylien.com/api/v1/classify/taxonomy/iab-qag/IAB25","rel":"parent"}],"id":"IAB25-2","label":"Extreme Graphic/Explicit Violence"},{"score":"0.0922","confident":true,"links":[{"link":"https://api.aylien.com/api/v1/classify/taxonomy/iab-qag/IAB2-16","rel":"self"},{"link":"https://api.aylien.com/api/v1/classify/taxonomy/iab-qag/IAB2","rel":"parent"}],"id":"IAB2-16","label":"Off-Road Vehicles"},{"score":"0.0874","confident":true,"links":[{"link":"https://api.aylien.com/api/v1/classify/taxonomy/iab-qag/IAB19-5","rel":"self"},{"link":"https://api.aylien.com/api/v1/classify/taxonomy/iab-qag/IAB19","rel":"parent"}],"id":"IAB19-5","label":"Cameras & Camcorders"},{"score":"0.0600","confident":false,"links":[{"link":"https://api.aylien.com/api/v1/classify/taxonomy/iab-qag/IAB2","rel":"self"}],"id":"IAB2","label":"Automotive"},{"score":"0.0592","confident":false,"links":[{"link":"https://api.aylien.com/api/v1/classify/taxonomy/iab-qag/IAB19","rel":"self"}],"id":"IAB19","label":"Technology & Computing"},{"score":"0.0542","confident":false,"links":[{"link":"https://api.aylien.com/api/v1/classify/taxonomy/iab-qag/IAB25","rel":"self"}],"id":"IAB25","label":"Non-Standard Content"},{"score":"0.0525","confident":false,"links":[{"link":"https://api.aylien.com/api/v1/classify/taxonomy/iab-qag/IAB9","rel":"self"}],"id":"IAB9","label":"Hobbies & Interests"},{"score":"0.0503","confident":false,"links":[{"link":"https://api.aylien.com/api/v1/classify/taxonomy/iab-qag/IAB9-21","rel":"self"},{"link":"https://api.aylien.com/api/v1/classify/taxonomy/iab-qag/IAB9","rel":"parent"}],"id":"IAB9-21","label":"Needlework"}]},"postidString":"facebook_page.366592183495525_906589776162427","postMeta":{"inserted":"content-engine"},"timestamp":1493845291,"sharesRcvd":12,"likesRcvd":41,"source":"facebook_page","lastUpdateQuantum":4979577,"name":"Josh Einiger","imageLarge":"https://scontent.xx.fbcdn.net/v/t15.0-10/18324097_906593426162062_2603496212900347904_n.jpg?oh=72b2f092a06781d4e57be65a482912d9&oe=598437E6","objectID":"906589776162427","repliesRcvd":20,"image":"https://scontent.xx.fbcdn.net/v/t15.0-10/s130x130/18324097_906593426162062_2603496212900347904_n.jpg?oh=e74e1690b8af1522ae315323c2705645&oe=59BC850B","username":"josheiniger.abc7ny","link":"https://www.facebook.com/josheiniger.abc7ny/videos/906589776162427/","timeQuantum":4979484,"video":"https://scontent.xx.fbcdn.net/v/t42.1790-29/18286700_670382136502888_398085666669330432_n.mp4?efg=eyJybHIiOjEwMzgsInJsYSI6MzE3MywidmVuY29kZV90YWciOiJzZCJ9&rl=1038&vabr=577&oh=fdf4d40729c434e7fe3c2df26c6e2599&oe=590CA4F8","type":"video"},{"content":"Did you hear President Trump is coming to town?\n\nThese guys did. \n\nGet ready for huge demonstrations all over town.","profileString":"facebook_page.366592183495525","postURL":"https://facebook.com/366592183495525/posts/906677349487003","avatar":"https://graph.facebook.com/366592183495525/picture","classification":{"engine":"aylien","language":"en","taxonomy":[{"score":"0.0765","confident":false,"links":[{"link":"https://api.aylien.com/api/v1/classify/taxonomy/iab-qag/IAB9","rel":"self"}],"id":"IAB9","label":"Hobbies & Interests"},{"score":"0.0540","confident":false,"links":[{"link":"https://api.aylien.com/api/v1/classify/taxonomy/iab-qag/IAB9-23","rel":"self"},{"link":"https://api.aylien.com/api/v1/classify/taxonomy/iab-qag/IAB9","rel":"parent"}],"id":"IAB9-23","label":"Photography"}]},"postidString":"facebook_page.366592183495525_906677042820367","postMeta":{"inserted":"content-engine"},"timestamp":1493857394,"sharesRcvd":0,"likesRcvd":32,"source":"facebook_page","lastUpdateQuantum":4983519,"name":"Josh Einiger","imageLarge":"https://scontent.xx.fbcdn.net/v/t1.0-9/s720x720/18268450_906677042820367_6739173555172662226_n.jpg?oh=7214815633d309e2cd862366b5b40cd4&oe=597D56A5","originalID":"366592183495525_906677349487003","objectID":"906677042820367","repliesRcvd":6,"image":"https://scontent.xx.fbcdn.net/v/t1.0-0/s130x130/18268450_906677042820367_6739173555172662226_n.jpg?oh=8ae39eebc6cdaf802320211dce462ba8&oe=5975F05A","username":"josheiniger.abc7ny","link":"https://www.facebook.com/josheiniger.abc7ny/photos/a.386734274814649.1073741829.366592183495525/906677042820367/?type=3","timeQuantum":4979524,"title":"Photos from Josh Einiger's post","type":"photo"},{"content":"With President Trump's visit tomorrow, NYC traffic could be epic. Here's what you need to know.","profileString":"facebook_page.366592183495525","postURL":"https://facebook.com/366592183495525/posts/906719072816164","avatar":"https://graph.facebook.com/366592183495525/picture","classification":{"engine":"aylien","language":"en","taxonomy":[{"score":"0.0847","confident":false,"links":[{"link":"https://api.aylien.com/api/v1/classify/taxonomy/iab-qag/IAB2-16","rel":"self"},{"link":"https://api.aylien.com/api/v1/classify/taxonomy/iab-qag/IAB2","rel":"parent"}],"id":"IAB2-16","label":"Off-Road Vehicles"},{"score":"0.0615","confident":false,"links":[{"link":"https://api.aylien.com/api/v1/classify/taxonomy/iab-qag/IAB9","rel":"self"}],"id":"IAB9","label":"Hobbies & Interests"},{"score":"0.0563","confident":false,"links":[{"link":"https://api.aylien.com/api/v1/classify/taxonomy/iab-qag/IAB2","rel":"self"}],"id":"IAB2","label":"Automotive"},{"score":"0.0544","confident":false,"links":[{"link":"https://api.aylien.com/api/v1/classify/taxonomy/iab-qag/IAB20","rel":"self"}],"id":"IAB20","label":"Travel"},{"score":"0.0541","confident":false,"links":[{"link":"https://api.aylien.com/api/v1/classify/taxonomy/iab-qag/IAB9-4","rel":"self"},{"link":"https://api.aylien.com/api/v1/classify/taxonomy/iab-qag/IAB9","rel":"parent"}],"id":"IAB9-4","label":"Birdwatching"},{"score":"0.0483","confident":false,"links":[{"link":"https://api.aylien.com/api/v1/classify/taxonomy/iab-qag/IAB20-21","rel":"self"},{"link":"https://api.aylien.com/api/v1/classify/taxonomy/iab-qag/IAB20","rel":"parent"}],"id":"IAB20-21","label":"Mexico & Central America"}]},"postidString":"facebook_page.366592183495525_906719072816164","postMeta":{"inserted":"content-engine"},"timestamp":1493864074,"sharesRcvd":43,"likesRcvd":122,"source":"facebook_page","lastUpdateQuantum":4979685,"name":"Josh Einiger","imageLarge":"https://scontent.xx.fbcdn.net/v/t15.0-10/18300794_906725239482214_5873687215472640000_n.jpg?oh=3a98d7abe0c0f20ebb9733b25cf5d331&oe=59B6D602","objectID":"906719072816164","repliesRcvd":113,"image":"https://scontent.xx.fbcdn.net/v/t15.0-10/s130x130/18300794_906725239482214_5873687215472640000_n.jpg?oh=86364937348c59e6fa709b569a34b903&oe=598940EF","username":"josheiniger.abc7ny","link":"https://www.facebook.com/josheiniger.abc7ny/videos/906719072816164/","timeQuantum":4979546,"video":"https://scontent.xx.fbcdn.net/v/t42.1790-29/18304739_259838017753279_4755874787882958848_n.mp4?efg=eyJybHIiOjEwMzUsInJsYSI6NDA5NiwidmVuY29kZV90YWciOiJtZF9zZCJ9&rl=1035&vabr=575&oh=d4f36673638adf469670684a1e33ff9a&oe=590C7E71","type":"video"},{"content":"https://www.facebook.com/31160214090/videos/10154721014224091","profileString":"facebook_page.366592183495525","postURL":"https://facebook.com/366592183495525/posts/907221816099223","avatar":"https://graph.facebook.com/366592183495525/picture","classification":{"engine":"aylien","language":"en","taxonomy":[{"score":"0.0781","confident":true,"links":[{"link":"https://api.aylien.com/api/v1/classify/taxonomy/iab-qag/IAB9","rel":"self"}],"id":"IAB9","label":"Hobbies & Interests"},{"score":"0.0569","confident":false,"links":[{"link":"https://api.aylien.com/api/v1/classify/taxonomy/iab-qag/IAB9-28","rel":"self"},{"link":"https://api.aylien.com/api/v1/classify/taxonomy/iab-qag/IAB9","rel":"parent"}],"id":"IAB9-28","label":"Screenwriting"}]},"postidString":"facebook_page.366592183495525_907221816099223","postMeta":{"inserted":"content-engine"},"timestamp":1493926424,"sharesRcvd":0,"likesRcvd":21,"source":"facebook_page","lastUpdateQuantum":4983519,"name":"Josh Einiger","imageLarge":"https://scontent.xx.fbcdn.net/v/t15.0-10/s720x720/18339745_10154721106369091_5126809754366115840_n.jpg?oh=29fb9648c6b3be6e5a7943c8af23cb35&oe=5978BBFA","repliesRcvd":0,"image":"https://scontent.xx.fbcdn.net/v/t15.0-10/s130x130/18339745_10154721106369091_5126809754366115840_n.jpg?oh=d9733276a586c263f6131eb49ab70f78&oe=59B8F508","username":"josheiniger.abc7ny","link":"https://www.facebook.com/ABC7NY/videos/10154721014224091/","timeQuantum":4979754,"video":"https://www.facebook.com/video/playback/playlist.m3u8?v=10154721014224091","title":"ABC7NY","type":"video"},{"content":"President Trump is about to land at JFK, enroute to a charity dinner at the Intrepid, commemorating the WWII-era Battle of the Coral Sea. \n\nAttendees of the event have really nothing to do with Trump, but several hundred protesters are heckling them anyway.","profileString":"facebook_page.366592183495525","postURL":"https://facebook.com/366592183495525/posts/907287052759366","avatar":"https://graph.facebook.com/366592183495525/picture","classification":{"engine":"aylien","language":"en","taxonomy":[{"score":"0.0651","confident":false,"links":[{"link":"https://api.aylien.com/api/v1/classify/taxonomy/iab-qag/IAB9","rel":"self"}],"id":"IAB9","label":"Hobbies & Interests"},{"score":"0.0530","confident":false,"links":[{"link":"https://api.aylien.com/api/v1/classify/taxonomy/iab-qag/IAB9-4","rel":"self"},{"link":"https://api.aylien.com/api/v1/classify/taxonomy/iab-qag/IAB9","rel":"parent"}],"id":"IAB9-4","label":"Birdwatching"}]},"postidString":"facebook_page.366592183495525_907287052759366","postMeta":{"inserted":"content-engine"},"timestamp":1493935502,"sharesRcvd":2,"likesRcvd":35,"source":"facebook_page","lastUpdateQuantum":4983519,"name":"Josh Einiger","imageLarge":"https://scontent.xx.fbcdn.net/v/t15.0-10/s720x720/18324318_907288379425900_4971775415099064320_n.jpg?oh=c75edeee89a5cd335d67ed29c020aa63&oe=59BD02FE","objectID":"907287052759366","repliesRcvd":8,"image":"https://scontent.xx.fbcdn.net/v/t15.0-10/s130x130/18324318_907288379425900_4971775415099064320_n.jpg?oh=ca10de629bc77956a5ffd8c85c99b05b&oe=597BDB44","username":"josheiniger.abc7ny","link":"https://www.facebook.com/josheiniger.abc7ny/videos/907287052759366/","timeQuantum":4979785,"video":"https://video.xx.fbcdn.net/v/t42.1790-2/18291507_296856730769126_5945292686893252608_n.mp4?efg=eyJybHIiOjYzOSwicmxhIjo1MTIsInZlbmNvZGVfdGFnIjoic3ZlX3NkIn0%3D&rl=639&vabr=355&oh=b0fa66dcae8a5cb8b2253e84349d6538&oe=590DDC18","type":"video"},{"content":"At the USS Intrepid, protesters awaiting the arrival of President Trump","profileString":"facebook_page.366592183495525","postURL":"https://facebook.com/366592183495525/posts/907302152757856","avatar":"https://graph.facebook.com/366592183495525/picture","classification":{"engine":"aylien","language":"en","taxonomy":[{"score":"0.0690","confident":false,"links":[{"link":"https://api.aylien.com/api/v1/classify/taxonomy/iab-qag/IAB9","rel":"self"}],"id":"IAB9","label":"Hobbies & Interests"},{"score":"0.0504","confident":false,"links":[{"link":"https://api.aylien.com/api/v1/classify/taxonomy/iab-qag/IAB9-4","rel":"self"},{"link":"https://api.aylien.com/api/v1/classify/taxonomy/iab-qag/IAB9","rel":"parent"}],"id":"IAB9-4","label":"Birdwatching"}]},"postidString":"facebook_page.366592183495525_907302152757856","postMeta":{"inserted":"content-engine"},"timestamp":1493937834,"sharesRcvd":59,"likesRcvd":108,"source":"facebook_page","lastUpdateQuantum":4983519,"name":"Josh Einiger","imageLarge":"https://scontent.xx.fbcdn.net/v/t15.0-10/18324284_907303416091063_4342225864834940928_n.jpg?oh=458207f75f6c75e28d5212edc3fe5cf3&oe=59770A4E","objectID":"907302152757856","repliesRcvd":298,"image":"https://scontent.xx.fbcdn.net/v/t15.0-10/s130x130/18324284_907303416091063_4342225864834940928_n.jpg?oh=b5087252b229c4b874df6760f9b8ddae&oe=59B766A3","username":"josheiniger.abc7ny","link":"https://www.facebook.com/josheiniger.abc7ny/videos/907302152757856/","timeQuantum":4979792,"video":"https://www.facebook.com/video/playback/playlist.m3u8?v=907302152757856","type":"video"},{"content":"Trump getting ready to leave Intrepid. Some protests still ongoing","profileString":"facebook_page.366592183495525","postURL":"https://facebook.com/366592183495525/posts/907404166080988","avatar":"https://graph.facebook.com/366592183495525/picture","classification":{"engine":"aylien","language":"en","taxonomy":[{"score":"0.1920","confident":false,"links":[{"link":"https://api.aylien.com/api/v1/classify/taxonomy/iab-qag/IAB25-2","rel":"self"},{"link":"https://api.aylien.com/api/v1/classify/taxonomy/iab-qag/IAB25","rel":"parent"}],"id":"IAB25-2","label":"Extreme Graphic/Explicit Violence"},{"score":"0.0663","confident":false,"links":[{"link":"https://api.aylien.com/api/v1/classify/taxonomy/iab-qag/IAB9","rel":"self"}],"id":"IAB9","label":"Hobbies & Interests"},{"score":"0.0573","confident":false,"links":[{"link":"https://api.aylien.com/api/v1/classify/taxonomy/iab-qag/IAB25","rel":"self"}],"id":"IAB25","label":"Non-Standard Content"},{"score":"0.0507","confident":false,"links":[{"link":"https://api.aylien.com/api/v1/classify/taxonomy/iab-qag/IAB9-4","rel":"self"},{"link":"https://api.aylien.com/api/v1/classify/taxonomy/iab-qag/IAB9","rel":"parent"}],"id":"IAB9-4","label":"Birdwatching"}]},"postidString":"facebook_page.366592183495525_907404166080988","postMeta":{"inserted":"content-engine"},"timestamp":1493950070,"sharesRcvd":37,"likesRcvd":99,"source":"facebook_page","lastUpdateQuantum":4980036,"name":"Josh Einiger","imageLarge":"https://scontent.xx.fbcdn.net/v/t15.0-10/18339807_907409012747170_938921885750525952_n.jpg?oh=50108e204f072b7b05c62608c023d057&oe=59C1828E","objectID":"907404166080988","repliesRcvd":224,"image":"https://scontent.xx.fbcdn.net/v/t15.0-10/s130x130/18339807_907409012747170_938921885750525952_n.jpg?oh=883f9d3d81001081ad020bbac0ac6b56&oe=59B6D885","username":"josheiniger.abc7ny","link":"https://www.facebook.com/josheiniger.abc7ny/videos/907404166080988/","timeQuantum":4979833,"video":"https://scontent.xx.fbcdn.net/v/t42.1790-29/18302825_703974729775611_6812882243963322368_n.mp4?efg=eyJybHIiOjEwMzgsInJsYSI6NDA5NiwidmVuY29kZV90YWciOiJzZCJ9&rl=1038&vabr=577&oh=8ae82c3c6bdfebb99b207294dc5ce893&oe=590DD3BA","type":"video"},{"content":"NYC may be the biggest magnet for terrorists in the world.  But in NYC, it might surprise you to learn some of the biggest targets are not the responsibility of the NYPD. \n\nInstead, it's the Port Authority of New York and New Jersey Police Department that secures our airports, the WTC, the bus terminal and our busiest bridges and tunnels.\n\nWe had a rare and exclusive look inside the PAPD's elite special ops unit, as they trained for the worst. On Channel 7 at 5, and later on ABC7NY.","profileString":"facebook_page.366592183495525","postURL":"https://facebook.com/366592183495525/posts/907647856056619","avatar":"https://graph.facebook.com/366592183495525/picture","classification":{"engine":"aylien","language":"en","taxonomy":[{"score":"0.1888","confident":false,"links":[{"link":"https://api.aylien.com/api/v1/classify/taxonomy/iab-qag/IAB25-2","rel":"self"},{"link":"https://api.aylien.com/api/v1/classify/taxonomy/iab-qag/IAB25","rel":"parent"}],"id":"IAB25-2","label":"Extreme Graphic/Explicit Violence"},{"score":"0.0749","confident":false,"links":[{"link":"https://api.aylien.com/api/v1/classify/taxonomy/iab-qag/IAB2-16","rel":"self"},{"link":"https://api.aylien.com/api/v1/classify/taxonomy/iab-qag/IAB2","rel":"parent"}],"id":"IAB2-16","label":"Off-Road Vehicles"},{"score":"0.0586","confident":false,"links":[{"link":"https://api.aylien.com/api/v1/classify/taxonomy/iab-qag/IAB20-26","rel":"self"},{"link":"https://api.aylien.com/api/v1/classify/taxonomy/iab-qag/IAB20","rel":"parent"}],"id":"IAB20-26","label":"Traveling with Kids"},{"score":"0.0572","confident":false,"links":[{"link":"https://api.aylien.com/api/v1/classify/taxonomy/iab-qag/IAB2","rel":"self"}],"id":"IAB2","label":"Automotive"},{"score":"0.0554","confident":false,"links":[{"link":"https://api.aylien.com/api/v1/classify/taxonomy/iab-qag/IAB25","rel":"self"}],"id":"IAB25","label":"Non-Standard Content"},{"score":"0.0540","confident":false,"links":[{"link":"https://api.aylien.com/api/v1/classify/taxonomy/iab-qag/IAB9","rel":"self"}],"id":"IAB9","label":"Hobbies & Interests"},{"score":"0.0491","confident":false,"links":[{"link":"https://api.aylien.com/api/v1/classify/taxonomy/iab-qag/IAB9-28","rel":"self"},{"link":"https://api.aylien.com/api/v1/classify/taxonomy/iab-qag/IAB9","rel":"parent"}],"id":"IAB9-28","label":"Screenwriting"},{"score":"0.0464","confident":false,"links":[{"link":"https://api.aylien.com/api/v1/classify/taxonomy/iab-qag/IAB20","rel":"self"}],"id":"IAB20","label":"Travel"}]},"postidString":"facebook_page.366592183495525_907647856056619","postMeta":{"inserted":"content-engine"},"timestamp":1493988971,"sharesRcvd":4,"likesRcvd":29,"source":"facebook_page","lastUpdateQuantum":4983933,"name":"Josh Einiger","imageLarge":"https://scontent.xx.fbcdn.net/v/t15.0-10/s720x720/18339868_907649726056432_1537043412258127872_n.jpg?oh=02ba0d4d326d208e244f51ca49d97ced&oe=59B70D13","objectID":"907647856056619","repliesRcvd":5,"image":"https://scontent.xx.fbcdn.net/v/t15.0-10/s130x130/18339868_907649726056432_1537043412258127872_n.jpg?oh=5021813cbaf6fccaf4e62726a6b6c2a6&oe=5978F8A9","username":"josheiniger.abc7ny","link":"https://www.facebook.com/josheiniger.abc7ny/videos/907647856056619/","timeQuantum":4979963,"video":"https://video.xx.fbcdn.net/v/t42.1790-2/18303761_414412908924957_8040532919640391680_n.mp4?efg=eyJybHIiOjQ2NiwicmxhIjo1MTIsInZlbmNvZGVfdGFnIjoic3ZlX3NkIn0%3D&rl=466&vabr=259&oh=f4a6a97e3b642b8a7b34c9a245f89f85&oe=590EDE96","type":"video"},{"content":"It has come to this. \n\nAce photojournalist Todd Pierce spent the night with me in Astoria... searching for dog poop. \n\nHappy Friday!","profileString":"facebook_page.366592183495525","postURL":"https://facebook.com/366592183495525/posts/908054342682637","avatar":"https://graph.facebook.com/366592183495525/picture","classification":{"engine":"aylien","language":"en","taxonomy":[{"score":"0.3965","confident":true,"links":[{"link":"https://api.aylien.com/api/v1/classify/taxonomy/iab-qag/IAB16-4","rel":"self"},{"link":"https://api.aylien.com/api/v1/classify/taxonomy/iab-qag/IAB16","rel":"parent"}],"id":"IAB16-4","label":"Dogs"},{"score":"0.1304","confident":true,"links":[{"link":"https://api.aylien.com/api/v1/classify/taxonomy/iab-qag/IAB16","rel":"self"}],"id":"IAB16","label":"Pets"}]},"postidString":"facebook_page.366592183495525_908054342682637","postMeta":{"inserted":"content-engine"},"timestamp":1494037819,"sharesRcvd":5,"likesRcvd":48,"source":"facebook_page","lastUpdateQuantum":4984077,"name":"Josh Einiger","imageLarge":"https://scontent.xx.fbcdn.net/v/t15.0-10/s720x720/18339967_908055072682564_2046401545443999744_n.jpg?oh=4a977a9200ab92bebd48e2ea517a9eb2&oe=598A3560","objectID":"908054342682637","repliesRcvd":12,"image":"https://scontent.xx.fbcdn.net/v/t15.0-10/s130x130/18339967_908055072682564_2046401545443999744_n.jpg?oh=2468f57099d4e743c0fe900febc9deac&oe=59BF11DA","username":"josheiniger.abc7ny","link":"https://www.facebook.com/josheiniger.abc7ny/videos/908054342682637/","timeQuantum":4980126,"video":"https://video.xx.fbcdn.net/v/t42.1790-2/18324719_1912563368959972_4763865441393180672_n.mp4?efg=eyJybHIiOjQzMywicmxhIjo1MTIsInZlbmNvZGVfdGFnIjoic3ZlX3NkIn0%3D&rl=433&vabr=241&oh=78a4f4ea7f568e186ee90269f16b0a71&oe=590F3FE9","type":"video"},{"content":"Getting ready for the TD 5 Borough Bike Tour!","profileString":"facebook_page.366592183495525","postURL":"https://facebook.com/366592183495525/posts/908947252593346","avatar":"https://graph.facebook.com/366592183495525/picture","classification":{"engine":"aylien","language":"en","taxonomy":[{"score":"0.4901","confident":true,"links":[{"link":"https://api.aylien.com/api/v1/classify/taxonomy/iab-qag/IAB17-21","rel":"self"},{"link":"https://api.aylien.com/api/v1/classify/taxonomy/iab-qag/IAB17","rel":"parent"}],"id":"IAB17-21","label":"Mountain Biking"},{"score":"0.0924","confident":true,"links":[{"link":"https://api.aylien.com/api/v1/classify/taxonomy/iab-qag/IAB17","rel":"self"}],"id":"IAB17","label":"Sports"}]},"postidString":"facebook_page.366592183495525_908947252593346","postMeta":{"inserted":"content-engine"},"timestamp":1494155595,"sharesRcvd":11,"likesRcvd":104,"source":"facebook_page","lastUpdateQuantum":4984356,"name":"Josh Einiger","imageLarge":"https://scontent.xx.fbcdn.net/v/t15.0-10/18384203_908950195926385_5614663634840977408_n.jpg?oh=0da52a63cb7dc390f19055e5f9a9a840&oe=598971F8","objectID":"908947252593346","repliesRcvd":31,"image":"https://scontent.xx.fbcdn.net/v/t15.0-10/s130x130/18384203_908950195926385_5614663634840977408_n.jpg?oh=8db3604171e0f999bf87f24bc214679c&oe=597F7F15","username":"josheiniger.abc7ny","link":"https://www.facebook.com/josheiniger.abc7ny/videos/908947252593346/","timeQuantum":4980518,"video":"https://scontent.xx.fbcdn.net/v/t42.1790-29/18356541_1393641644055765_4628244246929866752_n.mp4?efg=eyJybHIiOjEwNDAsInJsYSI6MjMzMCwidmVuY29kZV90YWciOiJzZCJ9&rl=1040&vabr=578&oh=c16d0215b587530c24d071af757d9726&oe=59113F5B","type":"video"},{"content":"At the halfway mark of the TD 5 Borough Bike Tour","profileString":"facebook_page.366592183495525","postURL":"https://facebook.com/366592183495525/posts/908997159255022","avatar":"https://graph.facebook.com/366592183495525/picture","classification":{"engine":"aylien","language":"en","taxonomy":[{"score":"0.4232","confident":true,"links":[{"link":"https://api.aylien.com/api/v1/classify/taxonomy/iab-qag/IAB17-21","rel":"self"},{"link":"https://api.aylien.com/api/v1/classify/taxonomy/iab-qag/IAB17","rel":"parent"}],"id":"IAB17-21","label":"Mountain Biking"},{"score":"0.0970","confident":true,"links":[{"link":"https://api.aylien.com/api/v1/classify/taxonomy/iab-qag/IAB17","rel":"self"}],"id":"IAB17","label":"Sports"}]},"postidString":"facebook_page.366592183495525_908997159255022","postMeta":{"inserted":"content-engine"},"timestamp":1494161863,"sharesRcvd":7,"likesRcvd":81,"source":"facebook_page","lastUpdateQuantum":4984356,"name":"Josh Einiger","imageLarge":"https://scontent.xx.fbcdn.net/v/t15.0-10/18385533_909000715921333_6362991506403360768_n.jpg?oh=2058cd5891149ebcccda4fa84be33ec1&oe=59C0B7B1","objectID":"908997159255022","repliesRcvd":10,"image":"https://scontent.xx.fbcdn.net/v/t15.0-10/s130x130/18385533_909000715921333_6362991506403360768_n.jpg?oh=60c4e8aed9ef0e57ee9f130721109561&oe=5985F85C","username":"josheiniger.abc7ny","link":"https://www.facebook.com/josheiniger.abc7ny/videos/908997159255022/","timeQuantum":4980539,"video":"https://scontent.xx.fbcdn.net/v/t42.1790-29/18373751_1180397365439239_5197893975670784000_n.mp4?efg=eyJybHIiOjEwNDAsInJsYSI6MTg0NywidmVuY29kZV90YWciOiJzZCJ9&rl=1040&vabr=578&oh=10988daf8bfa3194e464a9882386741b&oe=59117CC7","type":"video"},{"content":"At the finish!","profileString":"facebook_page.366592183495525","postURL":"https://facebook.com/366592183495525/posts/909066385914766","avatar":"https://graph.facebook.com/366592183495525/picture","classification":{"engine":"aylien","language":"en","taxonomy":[{"score":"0.0715","confident":false,"links":[{"link":"https://api.aylien.com/api/v1/classify/taxonomy/iab-qag/IAB17","rel":"self"}],"id":"IAB17","label":"Sports"},{"score":"0.0662","confident":false,"links":[{"link":"https://api.aylien.com/api/v1/classify/taxonomy/iab-qag/IAB9","rel":"self"}],"id":"IAB9","label":"Hobbies & Interests"},{"score":"0.0571","confident":true,"links":[{"link":"https://api.aylien.com/api/v1/classify/taxonomy/iab-qag/IAB17-30","rel":"self"},{"link":"https://api.aylien.com/api/v1/classify/taxonomy/iab-qag/IAB17","rel":"parent"}],"id":"IAB17-30","label":"Running/Jogging"},{"score":"0.0501","confident":false,"links":[{"link":"https://api.aylien.com/api/v1/classify/taxonomy/iab-qag/IAB9-4","rel":"self"},{"link":"https://api.aylien.com/api/v1/classify/taxonomy/iab-qag/IAB9","rel":"parent"}],"id":"IAB9-4","label":"Birdwatching"}]},"postidString":"facebook_page.366592183495525_909066385914766","postMeta":{"inserted":"content-engine"},"timestamp":1494169416,"sharesRcvd":6,"likesRcvd":67,"source":"facebook_page","lastUpdateQuantum":4984356,"name":"Josh Einiger","imageLarge":"https://scontent.xx.fbcdn.net/v/t15.0-10/18384099_909070972580974_5761887060684177408_n.jpg?oh=0dd8e37b9bcf19b15496876ffc235adf&oe=59B2D472","objectID":"909066385914766","repliesRcvd":14,"image":"https://scontent.xx.fbcdn.net/v/t15.0-10/s130x130/18384099_909070972580974_5761887060684177408_n.jpg?oh=96017c17033b723f4c44b6764e1ca0fe&oe=597D819F","username":"josheiniger.abc7ny","link":"https://www.facebook.com/josheiniger.abc7ny/videos/909066385914766/","timeQuantum":4980564,"video":"https://scontent.xx.fbcdn.net/v/t42.1790-29/18368799_1773854279610716_6467093842846810112_n.mp4?efg=eyJybHIiOjEwNDAsInJsYSI6MTg1NiwidmVuY29kZV90YWciOiJzZCJ9&rl=1040&vabr=578&oh=37048c0b94f3fd7b16cd46da67c6e9c6&oe=59112059","type":"video"},{"content":"NEW EXCLUSIVE VIDEO: cops say this guy ran to evade arrest, then climbed tree and a fence and broke into a Bronx public school where he holed up in a supply closet\n\nBut alas, he didn't get away.","profileString":"facebook_page.366592183495525","postURL":"https://facebook.com/366592183495525/posts/910050185816386","avatar":"https://graph.facebook.com/366592183495525/picture","classification":{"engine":"aylien","language":"en","taxonomy":[{"score":"0.0739","confident":false,"links":[{"link":"https://api.aylien.com/api/v1/classify/taxonomy/iab-qag/IAB9","rel":"self"}],"id":"IAB9","label":"Hobbies & Interests"},{"score":"0.0533","confident":false,"links":[{"link":"https://api.aylien.com/api/v1/classify/taxonomy/iab-qag/IAB9-30","rel":"self"},{"link":"https://api.aylien.com/api/v1/classify/taxonomy/iab-qag/IAB9","rel":"parent"}],"id":"IAB9-30","label":"Video & Computer Games"}]},"postidString":"facebook_page.366592183495525_910050185816386","postMeta":{"inserted":"content-engine"},"timestamp":1494296283,"sharesRcvd":6,"likesRcvd":18,"source":"facebook_page","lastUpdateQuantum":4984356,"name":"Josh Einiger","imageLarge":"https://scontent.xx.fbcdn.net/v/t15.0-10/s720x720/18407522_910051892482882_7186648667636367360_n.jpg?oh=73564748dcdb08d707aebb404fd06e57&oe=59B44F34","objectID":"910050185816386","repliesRcvd":1,"image":"https://scontent.xx.fbcdn.net/v/t15.0-10/s130x130/18407522_910051892482882_7186648667636367360_n.jpg?oh=1b9c88be2e49ce169100665409894f73&oe=5978D38E","username":"josheiniger.abc7ny","link":"https://www.facebook.com/josheiniger.abc7ny/videos/910050185816386/","timeQuantum":4980987,"video":"https://video.xx.fbcdn.net/v/t42.1790-2/18411369_450001985392131_4256389285567004672_n.mp4?efg=eyJybHIiOjQ1NSwicmxhIjo1MTIsInZlbmNvZGVfdGFnIjoic3ZlX3NkIn0%3D&rl=455&vabr=253&oh=bff2d173a0ae8831d00cb6100a2eabe1&oe=59135989","type":"video"},{"content":"CeFaan Kim","profileString":"facebook_page.366592183495525","postURL":"https://facebook.com/366592183495525/posts/913918532096218","avatar":"https://graph.facebook.com/366592183495525/picture","classification":{"engine":"aylien","language":"en","taxonomy":[{"score":"0.0772","confident":true,"links":[{"link":"https://api.aylien.com/api/v1/classify/taxonomy/iab-qag/IAB9","rel":"self"}],"id":"IAB9","label":"Hobbies & Interests"},{"score":"0.0500","confident":false,"links":[{"link":"https://api.aylien.com/api/v1/classify/taxonomy/iab-qag/IAB9-4","rel":"self"},{"link":"https://api.aylien.com/api/v1/classify/taxonomy/iab-qag/IAB9","rel":"parent"}],"id":"IAB9-4","label":"Birdwatching"}]},"postidString":"facebook_page.366592183495525_913918532096218","postMeta":{"inserted":"content-engine"},"timestamp":1494801093,"sharesRcvd":0,"likesRcvd":51,"source":"facebook_page","lastUpdateQuantum":4984419,"name":"Josh Einiger","imageLarge":"https://scontent.xx.fbcdn.net/v/t15.0-10/18555438_651509208377496_8795183528523333632_n.jpg?oh=2d2d44ae1f8b4c855638bedbc4b3d39a&oe=59AB73E3","repliesRcvd":3,"image":"https://scontent.xx.fbcdn.net/v/t15.0-10/s130x130/18555438_651509208377496_8795183528523333632_n.jpg?oh=ab8ac09f83dc2d2ec2e16908cd8d28d3&oe=597E280E","username":"josheiniger.abc7ny","link":"https://www.facebook.com/CeFaanKimTV/videos/651501215044962/","timeQuantum":4982670,"video":"https://scontent.xx.fbcdn.net/v/t42.9040-29/10000000_1292570124185017_926523350254092288_n.mp4?efg=eyJybHIiOjEwMzgsInJsYSI6NDA5NiwidmVuY29kZV90YWciOiJzZCJ9&rl=1038&vabr=577&oh=fb71f8b0ba3fd9d38bfef55e0aeaab5d&oe=591A427D","title":"CeFaan Kim","type":"video"},{"content":"Dramatic video from @GodwinClassic33 shows a building engulfed in flames after a LearJet35 crashed on approach to Teterboro Airport.\n\nFAA confirms the plane, which can accommodate 6-8 people, originated in Philadelphia.","profileString":"facebook_page.366592183495525","postURL":"https://facebook.com/366592183495525/posts/914634575357947","avatar":"https://graph.facebook.com/366592183495525/picture","classification":{"engine":"aylien","language":"en","taxonomy":[{"score":"0.3955","confident":false,"links":[{"link":"https://api.aylien.com/api/v1/classify/taxonomy/iab-qag/IAB12-3","rel":"self"},{"link":"https://api.aylien.com/api/v1/classify/taxonomy/iab-qag/IAB12","rel":"parent"}],"id":"IAB12-3","label":"Local News"},{"score":"0.2372","confident":false,"links":[{"link":"https://api.aylien.com/api/v1/classify/taxonomy/iab-qag/IAB14-7","rel":"self"},{"link":"https://api.aylien.com/api/v1/classify/taxonomy/iab-qag/IAB14","rel":"parent"}],"id":"IAB14-7","label":"Weddings"},{"score":"0.0681","confident":false,"links":[{"link":"https://api.aylien.com/api/v1/classify/taxonomy/iab-qag/IAB9","rel":"self"}],"id":"IAB9","label":"Hobbies & Interests"},{"score":"0.0628","confident":false,"links":[{"link":"https://api.aylien.com/api/v1/classify/taxonomy/iab-qag/IAB14","rel":"self"}],"id":"IAB14","label":"Society"},{"score":"0.0574","confident":false,"links":[{"link":"https://api.aylien.com/api/v1/classify/taxonomy/iab-qag/IAB12","rel":"self"}],"id":"IAB12","label":"News"},{"score":"0.0519","confident":false,"links":[{"link":"https://api.aylien.com/api/v1/classify/taxonomy/iab-qag/IAB9-30","rel":"self"},{"link":"https://api.aylien.com/api/v1/classify/taxonomy/iab-qag/IAB9","rel":"parent"}],"id":"IAB9-30","label":"Video & Computer Games"}]},"postidString":"facebook_page.366592183495525_914634575357947","postMeta":{"inserted":"content-engine"},"timestamp":1494880648,"sharesRcvd":2,"likesRcvd":21,"source":"facebook_page","lastUpdateQuantum":4984419,"name":"Josh Einiger","imageLarge":"https://scontent.xx.fbcdn.net/v/t15.0-10/s720x720/18534805_914635448691193_1254764744087175168_n.jpg?oh=983695a021a25d8757eff1c0e13ba963&oe=59AC5CA4","objectID":"914634575357947","repliesRcvd":1,"image":"https://scontent.xx.fbcdn.net/v/t15.0-10/s130x130/18534805_914635448691193_1254764744087175168_n.jpg?oh=5fdf2c91071cb3ca09e63312459d049a&oe=5978801E","username":"josheiniger.abc7ny","link":"https://www.facebook.com/josheiniger.abc7ny/videos/914634575357947/","timeQuantum":4982935,"video":"https://video.xx.fbcdn.net/v/t42.1790-2/18550992_140439786500199_1552296421674188800_n.mp4?efg=eyJybHIiOjQ1MywicmxhIjo1MTIsInZlbmNvZGVfdGFnIjoic3ZlX3NkIn0%3D&rl=453&vabr=252&oh=80083759ac5d779b15430306f32bcf96&oe=591CD0E4","type":"video"},{"content":"Another night of signal problems has delayed the evening rush at Penn Station","profileString":"facebook_page.366592183495525","postURL":"https://facebook.com/366592183495525/posts/915364678618270","avatar":"https://graph.facebook.com/366592183495525/picture","classification":{"engine":"aylien","language":"en","taxonomy":[{"score":"0.1460","confident":true,"links":[{"link":"https://api.aylien.com/api/v1/classify/taxonomy/iab-qag/IAB2-23","rel":"self"},{"link":"https://api.aylien.com/api/v1/classify/taxonomy/iab-qag/IAB2","rel":"parent"}],"id":"IAB2-23","label":"Wagon"},{"score":"0.0851","confident":false,"links":[{"link":"https://api.aylien.com/api/v1/classify/taxonomy/iab-qag/IAB8-2","rel":"self"},{"link":"https://api.aylien.com/api/v1/classify/taxonomy/iab-qag/IAB8","rel":"parent"}],"id":"IAB8-2","label":"Barbecues & Grilling"},{"score":"0.0781","confident":true,"links":[{"link":"https://api.aylien.com/api/v1/classify/taxonomy/iab-qag/IAB7-23","rel":"self"},{"link":"https://api.aylien.com/api/v1/classify/taxonomy/iab-qag/IAB7","rel":"parent"}],"id":"IAB7-23","label":"Headaches/Migraines"},{"score":"0.0688","confident":false,"links":[{"link":"https://api.aylien.com/api/v1/classify/taxonomy/iab-qag/IAB2","rel":"self"}],"id":"IAB2","label":"Automotive"},{"score":"0.0602","confident":false,"links":[{"link":"https://api.aylien.com/api/v1/classify/taxonomy/iab-qag/IAB8","rel":"self"}],"id":"IAB8","label":"Food & Drink"},{"score":"0.0578","confident":false,"links":[{"link":"https://api.aylien.com/api/v1/classify/taxonomy/iab-qag/IAB7","rel":"self"}],"id":"IAB7","label":"Health & Fitness"}]},"postidString":"facebook_page.366592183495525_915364678618270","postMeta":{"inserted":"content-engine"},"timestamp":1494968644,"sharesRcvd":1,"likesRcvd":33,"source":"facebook_page","lastUpdateQuantum":4984419,"name":"Josh Einiger","imageLarge":"https://scontent.xx.fbcdn.net/v/t15.0-10/18555418_915367275284677_3979818242385379328_n.jpg?oh=9856980d0bbf795702d010cdd8fb5f1e&oe=59B9C0E9","objectID":"915364678618270","repliesRcvd":20,"image":"https://scontent.xx.fbcdn.net/v/t15.0-10/s130x130/18555418_915367275284677_3979818242385379328_n.jpg?oh=f48a9fa91bd369ea3a7c15d098c5a6e9&oe=59A80904","username":"josheiniger.abc7ny","link":"https://www.facebook.com/josheiniger.abc7ny/videos/915364678618270/","timeQuantum":4983228,"video":"https://scontent.xx.fbcdn.net/v/t42.1790-29/18542051_278047395993610_1630237592626659328_n.mp4?efg=eyJybHIiOjEwMzgsInJsYSI6MTY1MSwidmVuY29kZV90YWciOiJtZF9zZCJ9&rl=1038&vabr=577&oh=dfcdd0d5c0c30b7aa43c3d71802610b8&oe=591DFBCB","type":"video"},{"content":"Behind the scenes at ABC7NY","profileString":"facebook_page.366592183495525","postURL":"https://facebook.com/366592183495525/posts/915484305272974","avatar":"https://graph.facebook.com/366592183495525/picture","classification":{"engine":"aylien","language":"en","taxonomy":[{"score":"0.2870","confident":true,"links":[{"link":"https://api.aylien.com/api/v1/classify/taxonomy/iab-qag/IAB25-2","rel":"self"},{"link":"https://api.aylien.com/api/v1/classify/taxonomy/iab-qag/IAB25","rel":"parent"}],"id":"IAB25-2","label":"Extreme Graphic/Explicit Violence"},{"score":"0.1283","confident":true,"links":[{"link":"https://api.aylien.com/api/v1/classify/taxonomy/iab-qag/IAB25","rel":"self"}],"id":"IAB25","label":"Non-Standard Content"}]},"postidString":"facebook_page.366592183495525_915484305272974","postMeta":{"inserted":"content-engine"},"timestamp":1494985872,"sharesRcvd":11,"likesRcvd":108,"source":"facebook_page","lastUpdateQuantum":4984419,"name":"Josh Einiger","imageLarge":"https://scontent.xx.fbcdn.net/v/t15.0-10/18576113_915495098605228_91003489349533696_n.jpg?oh=ec24c0d4a5e4f41161089ec8323f158b&oe=59C285C0","objectID":"915484305272974","repliesRcvd":140,"image":"https://scontent.xx.fbcdn.net/v/t15.0-10/s130x130/18576113_915495098605228_91003489349533696_n.jpg?oh=07b39ec99eaacbbba42e38eda7d821ae&oe=597510A8","username":"josheiniger.abc7ny","link":"https://www.facebook.com/josheiniger.abc7ny/videos/915484305272974/","timeQuantum":4983286,"video":"https://scontent.xx.fbcdn.net/v/t42.9040-29/10000000_1890340097918049_6396839563842551808_n.mp4?efg=eyJybHIiOjEwMzUsInJsYSI6NDA5NiwidmVuY29kZV90YWciOiJzZCJ9&rl=1035&vabr=575&oh=0fa471691813439bb969387d25635383&oe=591DDB0C","type":"video"},{"content":"Someone's a multimillionaire and doesn't even know it!","profileString":"facebook_page.366592183495525","postURL":"https://facebook.com/366592183495525/posts/916214055199999","avatar":"https://graph.facebook.com/366592183495525/picture","classification":{"engine":"aylien","language":"en","taxonomy":[{"score":"0.2436","confident":false,"links":[{"link":"https://api.aylien.com/api/v1/classify/taxonomy/iab-qag/IAB25-2","rel":"self"},{"link":"https://api.aylien.com/api/v1/classify/taxonomy/iab-qag/IAB25","rel":"parent"}],"id":"IAB25-2","label":"Extreme Graphic/Explicit Violence"},{"score":"0.0705","confident":false,"links":[{"link":"https://api.aylien.com/api/v1/classify/taxonomy/iab-qag/IAB9","rel":"self"}],"id":"IAB9","label":"Hobbies & Interests"},{"score":"0.0637","confident":false,"links":[{"link":"https://api.aylien.com/api/v1/classify/taxonomy/iab-qag/IAB25","rel":"self"}],"id":"IAB25","label":"Non-Standard Content"},{"score":"0.0511","confident":false,"links":[{"link":"https://api.aylien.com/api/v1/classify/taxonomy/iab-qag/IAB9-28","rel":"self"},{"link":"https://api.aylien.com/api/v1/classify/taxonomy/iab-qag/IAB9","rel":"parent"}],"id":"IAB9-28","label":"Screenwriting"}]},"postidString":"facebook_page.366592183495525_916214055199999","postMeta":{"inserted":"content-engine"},"timestamp":1495062658,"sharesRcvd":113,"likesRcvd":121,"source":"facebook_page","lastUpdateQuantum":4984419,"name":"Josh Einiger","imageLarge":"https://scontent.xx.fbcdn.net/v/t15.0-10/18576140_916220921865979_6093650598282919936_n.jpg?oh=c451e9ec168226255a3ba9079825badb&oe=59C2EF15","objectID":"916214055199999","repliesRcvd":71,"image":"https://scontent.xx.fbcdn.net/v/t15.0-10/s130x130/18576140_916220921865979_6093650598282919936_n.jpg?oh=4db225c11f2b8fe276669d8639ff5d95&oe=597401F8","username":"josheiniger.abc7ny","link":"https://www.facebook.com/josheiniger.abc7ny/videos/916214055199999/","timeQuantum":4983542,"video":"https://scontent.xx.fbcdn.net/v/t42.1790-29/18546442_648177448707489_3582549156373200896_n.mp4?efg=eyJybHIiOjEwMzEsInJsYSI6NDA5NiwidmVuY29kZV90YWciOiJzZCJ9&rl=1031&vabr=573&oh=f94d4eef88e8d71727f2352423b7213c&oe=591EFE47","type":"video"},{"content":"It's a tranquil evening in the nation's capital after a crazy week of revelations. \n\nWhat will tomorrow bring?","profileString":"facebook_page.366592183495525","postURL":"https://facebook.com/366592183495525/posts/916956055125799","avatar":"https://graph.facebook.com/366592183495525/picture","classification":{"engine":"aylien","language":"en","taxonomy":[{"score":"0.2025","confident":false,"links":[{"link":"https://api.aylien.com/api/v1/classify/taxonomy/iab-qag/IAB1-4","rel":"self"},{"link":"https://api.aylien.com/api/v1/classify/taxonomy/iab-qag/IAB1","rel":"parent"}],"id":"IAB1-4","label":"Humor"},{"score":"0.1748","confident":false,"links":[{"link":"https://api.aylien.com/api/v1/classify/taxonomy/iab-qag/IAB25-5","rel":"self"},{"link":"https://api.aylien.com/api/v1/classify/taxonomy/iab-qag/IAB25","rel":"parent"}],"id":"IAB25-5","label":"Hate Content"},{"score":"0.0636","confident":false,"links":[{"link":"https://api.aylien.com/api/v1/classify/taxonomy/iab-qag/IAB9-23","rel":"self"},{"link":"https://api.aylien.com/api/v1/classify/taxonomy/iab-qag/IAB9","rel":"parent"}],"id":"IAB9-23","label":"Photography"},{"score":"0.0574","confident":false,"links":[{"link":"https://api.aylien.com/api/v1/classify/taxonomy/iab-qag/IAB9","rel":"self"}],"id":"IAB9","label":"Hobbies & Interests"},{"score":"0.0552","confident":false,"links":[{"link":"https://api.aylien.com/api/v1/classify/taxonomy/iab-qag/IAB1","rel":"self"}],"id":"IAB1","label":"Arts & Entertainment"},{"score":"0.0508","confident":false,"links":[{"link":"https://api.aylien.com/api/v1/classify/taxonomy/iab-qag/IAB17","rel":"self"}],"id":"IAB17","label":"Sports"},{"score":"0.0483","confident":false,"links":[{"link":"https://api.aylien.com/api/v1/classify/taxonomy/iab-qag/IAB25","rel":"self"}],"id":"IAB25","label":"Non-Standard Content"},{"score":"0.0383","confident":false,"links":[{"link":"https://api.aylien.com/api/v1/classify/taxonomy/iab-qag/IAB17-18","rel":"self"},{"link":"https://api.aylien.com/api/v1/classify/taxonomy/iab-qag/IAB17","rel":"parent"}],"id":"IAB17-18","label":"Hunting/Shooting"}]},"postidString":"facebook_page.366592183495525_916955951792476","postMeta":{"inserted":"content-engine"},"timestamp":1495150618,"sharesRcvd":0,"likesRcvd":23,"source":"facebook_page","lastUpdateQuantum":4984419,"name":"Josh Einiger","imageLarge":"https://scontent.xx.fbcdn.net/v/t1.0-9/s720x720/18485859_916955951792476_4557494132120316504_n.jpg?oh=637352374a194fe272b75f942aea8fd6&oe=59BD2FAC","originalID":"366592183495525_916956055125799","objectID":"916955951792476","repliesRcvd":4,"image":"https://scontent.xx.fbcdn.net/v/t1.0-0/s130x130/18485859_916955951792476_4557494132120316504_n.jpg?oh=0f52190942f2a8c036065aa0f46cb940&oe=59AF3153","username":"josheiniger.abc7ny","link":"https://www.facebook.com/josheiniger.abc7ny/photos/a.386734274814649.1073741829.366592183495525/916955951792476/?type=3","timeQuantum":4983835,"title":"Photos from Josh Einiger's post","type":"photo"},{"content":"Washington has been rocked by new reporter-driven bombshells about Trump administration.","profileString":"facebook_page.366592183495525","postURL":"https://facebook.com/366592183495525/posts/917505021737569","avatar":"https://graph.facebook.com/366592183495525/picture","classification":{"engine":"aylien","language":"en","taxonomy":[{"score":"0.1000","confident":true,"links":[{"link":"https://api.aylien.com/api/v1/classify/taxonomy/iab-qag/IAB2-16","rel":"self"},{"link":"https://api.aylien.com/api/v1/classify/taxonomy/iab-qag/IAB2","rel":"parent"}],"id":"IAB2-16","label":"Off-Road Vehicles"},{"score":"0.0712","confident":false,"links":[{"link":"https://api.aylien.com/api/v1/classify/taxonomy/iab-qag/IAB9","rel":"self"}],"id":"IAB9","label":"Hobbies & Interests"},{"score":"0.0573","confident":false,"links":[{"link":"https://api.aylien.com/api/v1/classify/taxonomy/iab-qag/IAB2","rel":"self"}],"id":"IAB2","label":"Automotive"},{"score":"0.0540","confident":false,"links":[{"link":"https://api.aylien.com/api/v1/classify/taxonomy/iab-qag/IAB9-28","rel":"self"},{"link":"https://api.aylien.com/api/v1/classify/taxonomy/iab-qag/IAB9","rel":"parent"}],"id":"IAB9-28","label":"Screenwriting"}]},"postidString":"facebook_page.366592183495525_917505021737569","postMeta":{"inserted":"content-engine"},"timestamp":1495225550,"sharesRcvd":30,"likesRcvd":124,"source":"facebook_page","lastUpdateQuantum":4984275,"name":"Josh Einiger","imageLarge":"https://scontent.xx.fbcdn.net/v/t15.0-10/18599213_917509815070423_6094107750306938880_n.jpg?oh=6cb8e6afede6a34b2bd7440d087deead&oe=59AFCABD","objectID":"917505021737569","repliesRcvd":159,"image":"https://scontent.xx.fbcdn.net/v/t15.0-10/s130x130/18599213_917509815070423_6094107750306938880_n.jpg?oh=375fa2df7474d05615c0176b66878ab4&oe=59A26550","username":"josheiniger.abc7ny","link":"https://www.facebook.com/josheiniger.abc7ny/videos/917505021737569/","timeQuantum":4984085,"video":"https://www.facebook.com/video/playback/playlist.m3u8?v=917505021737569","type":"video"}]