{"scoreEntityString":"591d1494ab33fb0001804f89.asset.536575feb08f37d80186a117","timeQuantum":4995834,"scoreEntityType":"asset","scoreProfileID":"591d1494ab33fb0001804f89","data":{"scoreEntityString":"591d1494ab33fb0001804f89.asset.536575feb08f37d80186a117","scoreProfileID":"591d1494ab33fb0001804f89","scoreEntityType":"asset","entityID":"asset.536575feb08f37d80186a117","object_version":"1.2","score_engine_version":"3.0.20","timestamp":4995834,"start_quantum":4969914,"end_quantum":4995833,"schedule_options":{"interval":15,"offset":"1"},"_15min":{"boundaryQuantum":4995831,"combined":{"entityString":"536575feb08f37d80186a117","type":"combined","profiles":2,"postsMade":0,"repliesMade":0,"repliesRcvd":0,"sharesMade":0,"sharesRcvd":0,"mentionsRcvd":0,"likesRcvd":0,"reachRcvd":0,"audience":21708,"voice":0,"conversation":0,"engagement":0,"group_scoped":{"audienceScore":1.433612223347116,"voiceScore":0,"engagementScore":0,"combinedScore":1.433612223347116,"engagementSEI":0,"engagementSEIadj":0,"voiceSEI":0,"voiceSEIadj":0,"audienceSEI":3.3340807932495156,"audienceSEIadj":3.3340807932495156,"SEI":0.3334080793249516,"SEIadj":0.3334080793249516,"combinedScoreRank":56,"SEIrank":47,"engagementSEIrank":141,"voiceSEIrank":136,"audienceSEIrank":42},"non_scoped":{"SEI":0.08528560147407213,"SEIrank":78,"SEIadj":0,"audienceSEI":0.8528560147407213,"audienceSEIadj":0,"audienceSEIrank":77,"audienceScore":0.1571548457380544,"combinedScore":0.007857742286902721,"combinedScoreRank":78,"engagementSEI":0,"engagementSEIadj":0,"engagementSEIrank":141,"engagementScore":0,"voiceSEI":0,"voiceSEIadj":0,"voiceSEIrank":136,"voiceScore":0},"scoped":{"SEI":1.1134134832382752,"SEIrank":67,"SEIadj":0,"audienceSEI":11.13413483238275,"audienceSEIadj":0,"audienceSEIrank":66,"audienceScore":0.45118098305826626,"combinedScore":0.022559049152913315,"combinedScoreRank":67,"engagementSEI":0,"engagementSEIadj":0,"engagementSEIrank":126,"engagementScore":0,"voiceSEI":0,"voiceSEIadj":0,"voiceSEIrank":124,"voiceScore":0}},"facebook":{"entityString":"536575feb08f37d80186a117","type":"facebook","profiles":1,"postsMade":0,"repliesMade":0,"repliesRcvd":0,"sharesMade":0,"sharesRcvd":0,"mentionsRcvd":0,"likesRcvd":0,"reachRcvd":0,"audience":10998,"voice":0,"conversation":0,"engagement":0,"group_scoped":{"audienceScore":1.0579638764689134,"voiceScore":0,"engagementScore":0,"combinedScore":1.0579638764689134,"engagementSEI":0,"engagementSEIadj":0,"voiceSEI":0,"voiceSEIadj":0,"audienceSEI":2.022676487627245,"audienceSEIadj":2.022676487627245,"SEI":0.20226764876272452,"SEIadj":0.20226764876272452,"combinedScoreRank":59,"SEIrank":48,"engagementSEIrank":140,"voiceSEIrank":136,"audienceSEIrank":46},"non_scoped":{"SEI":0.05922656503693988,"SEIrank":82,"SEIadj":0,"audienceSEI":0.5922656503693987,"audienceSEIadj":0,"audienceSEIrank":82,"audienceScore":0.11295763092578218,"combinedScore":0.005647881546289109,"combinedScoreRank":82,"engagementSEI":0,"engagementSEIadj":0,"engagementSEIrank":140,"engagementScore":0,"voiceSEI":0,"voiceSEIadj":0,"voiceSEIrank":136,"voiceScore":0},"scoped":{"SEI":0.7549319751239001,"SEIrank":71,"SEIadj":0,"audienceSEI":7.5493197512390005,"audienceSEIadj":0,"audienceSEIrank":71,"audienceScore":0.4630407352066316,"combinedScore":0.02315203676033158,"combinedScoreRank":71,"engagementSEI":0,"engagementSEIadj":0,"engagementSEIrank":125,"engagementScore":0,"voiceSEI":0,"voiceSEIadj":0,"voiceSEIrank":124,"voiceScore":0}},"twitter":{"entityString":"536575feb08f37d80186a117","type":"twitter","profiles":1,"postsMade":0,"repliesMade":0,"repliesRcvd":0,"sharesMade":0,"sharesRcvd":0,"mentionsRcvd":0,"likesRcvd":0,"reachRcvd":0,"audience":10710,"voice":0,"conversation":0,"engagement":0,"group_scoped":{"audienceScore":2.522605703302941,"voiceScore":0,"engagementScore":0,"combinedScore":2.522605703302941,"engagementSEI":0,"engagementSEIadj":0,"voiceSEI":0,"voiceSEIadj":0,"audienceSEI":9.189346878539315,"audienceSEIadj":9.189346878539315,"SEI":0.9189346878539315,"SEIadj":0.9189346878539315,"combinedScoreRank":60,"SEIrank":55,"engagementSEIrank":137,"voiceSEIrank":136,"audienceSEIrank":54},"non_scoped":{"SEI":0.1891634594835184,"SEIrank":69,"SEIadj":0,"audienceSEI":1.8916345948351838,"audienceSEIadj":0,"audienceSEIrank":68,"audienceScore":0.30708479898705027,"combinedScore":0.015354239949352514,"combinedScoreRank":69,"engagementSEI":0,"engagementSEIadj":0,"engagementSEIrank":137,"engagementScore":0,"voiceSEI":0,"voiceSEIadj":0,"voiceSEIrank":136,"voiceScore":0},"scoped":{"SEI":0.9189346878539315,"SEIrank":58,"SEIadj":0,"audienceSEI":9.189346878539315,"audienceSEIadj":0,"audienceSEIrank":57,"audienceScore":0.48643036415512364,"combinedScore":0.06949005202216052,"combinedScoreRank":58,"engagementSEI":0,"engagementSEIadj":0,"engagementSEIrank":125,"engagementScore":0,"voiceSEI":0,"voiceSEIadj":0,"voiceSEIrank":124,"voiceScore":0}},"instagram":{"entityString":"536575feb08f37d80186a117","type":"instagram","profiles":0,"postsMade":0,"repliesMade":0,"repliesRcvd":0,"sharesMade":0,"sharesRcvd":0,"mentionsRcvd":0,"likesRcvd":0,"reachRcvd":0,"audience":0,"voice":0,"conversation":0,"engagement":0,"group_scoped":{"audienceScore":0,"voiceScore":0,"engagementScore":0,"combinedScore":0,"engagementSEI":0,"engagementSEIadj":0,"voiceSEI":0,"voiceSEIadj":0,"audienceSEI":0,"audienceSEIadj":0,"SEI":0,"SEIadj":0,"combinedScoreRank":157,"SEIrank":138,"engagementSEIrank":137,"voiceSEIrank":136,"audienceSEIrank":138},"non_scoped":{"SEI":0,"SEIrank":138,"SEIadj":0,"audienceSEI":0,"audienceSEIadj":0,"audienceSEIrank":138,"audienceScore":0,"combinedScore":0,"combinedScoreRank":138,"engagementSEI":0,"engagementSEIadj":0,"engagementSEIrank":137,"engagementScore":0,"voiceSEI":0,"voiceSEIadj":0,"voiceSEIrank":136,"voiceScore":0},"scoped":{"SEI":0,"SEIrank":124,"SEIadj":0,"audienceSEI":0,"audienceSEIadj":0,"audienceSEIrank":124,"audienceScore":0,"combinedScore":0,"combinedScoreRank":124,"engagementSEI":0,"engagementSEIadj":0,"engagementSEIrank":124,"engagementScore":0,"voiceSEI":0,"voiceSEIadj":0,"voiceSEIrank":124,"voiceScore":0}}},"hour":{"boundaryQuantum":4995822,"combined":{"entityString":"536575feb08f37d80186a117","type":"combined","profiles":2,"postsMade":0,"repliesMade":0,"repliesRcvd":0,"sharesMade":0,"sharesRcvd":0,"mentionsRcvd":0,"likesRcvd":0,"reachRcvd":0,"audience":21708,"voice":0,"conversation":0,"engagement":0,"group_scoped":{"audienceScore":1.433612223347116,"voiceScore":0,"engagementScore":0,"combinedScore":1.433612223347116,"combinedScoreRank":46,"SEIrank":70,"engagementSEIrank":160,"voiceSEIrank":143,"audienceSEIrank":42,"engagementSEI":0,"engagementSEIadj":0,"voiceSEI":0,"voiceSEIadj":0,"audienceSEI":3.3340807932495156,"audienceSEIadj":3.3340807932495156,"SEI":0.3334080793249516,"SEIadj":0.3334080793249516},"non_scoped":{"SEI":0.08528560147407213,"SEIrank":100,"SEIadj":0,"audienceSEI":0.8528560147407213,"audienceSEIadj":0,"audienceSEIrank":77,"audienceScore":0.1571548457380544,"combinedScore":0.007857742286902721,"combinedScoreRank":104,"engagementSEI":0,"engagementSEIadj":0,"engagementSEIrank":160,"engagementScore":0,"voiceSEI":0,"voiceSEIadj":0,"voiceSEIrank":143,"voiceScore":0},"scoped":{"SEI":1.1134134832382752,"SEIrank":92,"SEIadj":0,"audienceSEI":11.13413483238275,"audienceSEIadj":0,"audienceSEIrank":66,"audienceScore":0.45118098305826626,"combinedScore":0.022559049152913315,"combinedScoreRank":93,"engagementSEI":0,"engagementSEIadj":0,"engagementSEIrank":144,"engagementScore":0,"voiceSEI":0,"voiceSEIadj":0,"voiceSEIrank":128,"voiceScore":0}},"facebook":{"entityString":"536575feb08f37d80186a117","type":"facebook","profiles":1,"postsMade":0,"repliesMade":0,"repliesRcvd":0,"sharesMade":0,"sharesRcvd":0,"mentionsRcvd":0,"likesRcvd":0,"reachRcvd":0,"audience":10998,"voice":0,"conversation":0,"engagement":0,"group_scoped":{"audienceScore":1.0579638764689134,"voiceScore":0,"engagementScore":0,"combinedScore":1.0579638764689134,"combinedScoreRank":50,"SEIrank":63,"engagementSEIrank":155,"voiceSEIrank":141,"audienceSEIrank":46,"engagementSEI":0,"engagementSEIadj":0,"voiceSEI":0,"voiceSEIadj":0,"audienceSEI":2.022676487627245,"audienceSEIadj":2.022676487627245,"SEI":0.20226764876272452,"SEIadj":0.20226764876272452},"non_scoped":{"SEI":0.05922656503693988,"SEIrank":92,"SEIadj":0,"audienceSEI":0.5922656503693987,"audienceSEIadj":0,"audienceSEIrank":82,"audienceScore":0.11295763092578218,"combinedScore":0.005647881546289109,"combinedScoreRank":92,"engagementSEI":0,"engagementSEIadj":0,"engagementSEIrank":155,"engagementScore":0,"voiceSEI":0,"voiceSEIadj":0,"voiceSEIrank":141,"voiceScore":0},"scoped":{"SEI":0.7549319751239001,"SEIrank":81,"SEIadj":0,"audienceSEI":7.5493197512390005,"audienceSEIadj":0,"audienceSEIrank":71,"audienceScore":0.4630407352066316,"combinedScore":0.02315203676033158,"combinedScoreRank":81,"engagementSEI":0,"engagementSEIadj":0,"engagementSEIrank":139,"engagementScore":0,"voiceSEI":0,"voiceSEIadj":0,"voiceSEIrank":126,"voiceScore":0}},"twitter":{"entityString":"536575feb08f37d80186a117","type":"twitter","profiles":1,"postsMade":0,"repliesMade":0,"repliesRcvd":0,"sharesMade":0,"sharesRcvd":0,"mentionsRcvd":0,"likesRcvd":0,"reachRcvd":0,"audience":10710,"voice":0,"conversation":0,"engagement":0,"group_scoped":{"audienceScore":2.522605703302941,"voiceScore":0,"engagementScore":0,"combinedScore":2.522605703302941,"combinedScoreRank":70,"SEIrank":77,"engagementSEIrank":146,"voiceSEIrank":142,"audienceSEIrank":54,"engagementSEI":0,"engagementSEIadj":0,"voiceSEI":0,"voiceSEIadj":0,"audienceSEI":9.189346878539315,"audienceSEIadj":9.189346878539315,"SEI":0.9189346878539315,"SEIadj":0.9189346878539315},"non_scoped":{"SEI":0.1891634594835184,"SEIrank":84,"SEIadj":0,"audienceSEI":1.8916345948351838,"audienceSEIadj":0,"audienceSEIrank":68,"audienceScore":0.30708479898705027,"combinedScore":0.015354239949352514,"combinedScoreRank":84,"engagementSEI":0,"engagementSEIadj":0,"engagementSEIrank":146,"engagementScore":0,"voiceSEI":0,"voiceSEIadj":0,"voiceSEIrank":142,"voiceScore":0},"scoped":{"SEI":0.9189346878539315,"SEIrank":73,"SEIadj":0,"audienceSEI":9.189346878539315,"audienceSEIadj":0,"audienceSEIrank":57,"audienceScore":0.48643036415512364,"combinedScore":0.024321518207756184,"combinedScoreRank":73,"engagementSEI":0,"engagementSEIadj":0,"engagementSEIrank":130,"engagementScore":0,"voiceSEI":0,"voiceSEIadj":0,"voiceSEIrank":127,"voiceScore":0}},"instagram":{"entityString":"536575feb08f37d80186a117","type":"instagram","profiles":0,"postsMade":0,"repliesMade":0,"repliesRcvd":0,"sharesMade":0,"sharesRcvd":0,"mentionsRcvd":0,"likesRcvd":0,"reachRcvd":0,"audience":0,"voice":0,"conversation":0,"engagement":0,"group_scoped":{"audienceScore":0,"voiceScore":0,"engagementScore":0,"combinedScore":0,"combinedScoreRank":157,"SEIrank":138,"engagementSEIrank":138,"voiceSEIrank":137,"audienceSEIrank":138,"engagementSEI":0,"engagementSEIadj":0,"voiceSEI":0,"voiceSEIadj":0,"audienceSEI":0,"audienceSEIadj":0,"SEI":0,"SEIadj":0},"non_scoped":{"SEI":0,"SEIrank":138,"SEIadj":0,"audienceSEI":0,"audienceSEIadj":0,"audienceSEIrank":138,"audienceScore":0,"combinedScore":0,"combinedScoreRank":138,"engagementSEI":0,"engagementSEIadj":0,"engagementSEIrank":138,"engagementScore":0,"voiceSEI":0,"voiceSEIadj":0,"voiceSEIrank":137,"voiceScore":0},"scoped":{"SEI":0,"SEIrank":124,"SEIadj":0,"audienceSEI":0,"audienceSEIadj":0,"audienceSEIrank":124,"audienceScore":0,"combinedScore":0,"combinedScoreRank":124,"engagementSEI":0,"engagementSEIadj":0,"engagementSEIrank":124,"engagementScore":0,"voiceSEI":0,"voiceSEIadj":0,"voiceSEIrank":124,"voiceScore":0}}},"today":{"boundaryQuantum":4995546,"combined":{"entityString":"536575feb08f37d80186a117","type":"combined","profiles":2,"postsMade":4,"repliesMade":0,"repliesRcvd":1,"sharesMade":0,"sharesRcvd":10,"mentionsRcvd":0,"likesRcvd":27,"reachRcvd":0,"audience":21708,"voice":4,"conversation":5,"engagement":38,"group_scoped":{"audienceScore":1.433612223347116,"voiceScore":2.0100502512562812,"engagementScore":0.1175487982182077,"combinedScore":0.2779770421265568,"combinedScoreRank":112,"SEIrank":62,"engagementSEIrank":82,"voiceSEIrank":57,"audienceSEIrank":42,"engagementSEI":0.1414163968590674,"engagementSEIadj":0.1414163968590674,"voiceSEI":3.8461538461538463,"voiceSEIadj":3.8461538461538463,"audienceSEI":3.3340807932495156,"audienceSEIadj":3.3340807932495156,"SEI":1.5721040712865457,"SEIadj":1.5721040712865457},"non_scoped":{"SEI":0.9303736704603077,"SEIrank":61,"SEIadj":0,"audienceSEI":0.8528560147407213,"audienceSEIadj":0,"audienceSEIrank":77,"audienceScore":0.1571548457380544,"combinedScore":0.03453972635809578,"combinedScoreRank":83,"engagementSEI":0.038617101278429294,"engagementSEIadj":0,"engagementSEIrank":80,"engagementScore":0.014139166607753472,"voiceSEI":2.73972602739726,"voiceSEIadj":0,"voiceSEIrank":56,"voiceScore":0.2791346824842987},"scoped":{"SEI":6.761024154595647,"SEIrank":66,"SEIadj":0,"audienceSEI":11.13413483238275,"audienceSEIadj":0,"audienceSEIrank":66,"audienceScore":0.45118098305826626,"combinedScore":0.19675488092017165,"combinedScoreRank":74,"engagementSEI":2.0052770448548816,"engagementSEIadj":0,"engagementSEIrank":71,"engagementScore":0.157180675049636,"voiceSEI":14.814814814814813,"voiceSEIadj":0,"voiceSEIrank":46,"voiceScore":0.6546644844517185}},"facebook":{"entityString":"536575feb08f37d80186a117","type":"facebook","profiles":1,"postsMade":0,"repliesMade":0,"repliesRcvd":1,"sharesMade":0,"sharesRcvd":0,"mentionsRcvd":0,"likesRcvd":7,"reachRcvd":0,"audience":10998,"voice":0,"conversation":1,"engagement":8,"group_scoped":{"audienceScore":1.0579638764689134,"voiceScore":0,"engagementScore":0.02652783764963358,"combinedScore":0.173875843195245,"combinedScoreRank":109,"SEIrank":90,"engagementSEIrank":72,"voiceSEIrank":168,"audienceSEIrank":46,"engagementSEI":0.031725888324873094,"engagementSEIadj":0.031725888324873094,"voiceSEI":0,"voiceSEIadj":0,"audienceSEI":2.022676487627245,"audienceSEIadj":2.022676487627245,"SEI":0.22130318175764838,"SEIadj":0.22130318175764838},"non_scoped":{"SEI":0.06486924248739011,"SEIrank":105,"SEIadj":0,"audienceSEI":0.5922656503693987,"audienceSEIadj":0,"audienceSEIrank":82,"audienceScore":0.11295763092578218,"combinedScore":0.008770455588157623,"combinedScoreRank":98,"engagementSEI":0.009404462417417063,"engagementSEIadj":0,"engagementSEIrank":75,"engagementScore":0.0034695267131872373,"voiceSEI":0,"voiceSEIadj":0,"voiceSEIrank":168,"voiceScore":0},"scoped":{"SEI":1.032388622522744,"SEIrank":89,"SEIadj":0,"audienceSEI":7.5493197512390005,"audienceSEIadj":0,"audienceSEIrank":71,"audienceScore":0.4630407352066316,"combinedScore":0.06323665985352833,"combinedScoreRank":78,"engagementSEI":0.46242774566473993,"engagementSEIadj":0,"engagementSEIrank":65,"engagementScore":0.04453847010355194,"voiceSEI":0,"voiceSEIadj":0,"voiceSEIrank":152,"voiceScore":0}},"twitter":{"entityString":"536575feb08f37d80186a117","type":"twitter","profiles":1,"postsMade":4,"repliesMade":0,"repliesRcvd":0,"sharesMade":0,"sharesRcvd":10,"mentionsRcvd":0,"likesRcvd":20,"reachRcvd":0,"audience":10710,"voice":4,"conversation":4,"engagement":30,"group_scoped":{"audienceScore":2.522605703302941,"voiceScore":3.6036036036036037,"engagementScore":4.037685060565275,"combinedScore":3.940227019854075,"combinedScoreRank":44,"SEIrank":36,"engagementSEIrank":31,"voiceSEIrank":45,"audienceSEIrank":54,"engagementSEI":13.157894736842104,"engagementSEIadj":13.157894736842104,"voiceSEI":7.2727272727272725,"voiceSEIadj":7.2727272727272725,"audienceSEI":9.189346878539315,"audienceSEIadj":9.189346878539315,"SEI":10.995489711777374,"SEIadj":10.995489711777374},"non_scoped":{"SEI":2.4116888481580685,"SEIrank":50,"SEIadj":0,"audienceSEI":1.8916345948351838,"audienceSEIadj":0,"audienceSEIrank":68,"audienceScore":0.30708479898705027,"combinedScore":0.3516916869479785,"combinedScoreRank":51,"engagementSEI":1.4570179698882952,"engagementSEIadj":0,"engagementSEIrank":51,"engagementScore":0.34851301115241634,"voiceSEI":4.49438202247191,"voiceSEIadj":0,"voiceSEIrank":47,"voiceScore":0.45351473922902497},"scoped":{"SEI":12.519304715606012,"SEIrank":40,"SEIadj":0,"audienceSEI":9.189346878539315,"audienceSEIadj":0,"audienceSEIrank":57,"audienceScore":0.48643036415512364,"combinedScore":0.7377438949469206,"combinedScoreRank":41,"engagementSEI":10.638297872340425,"engagementSEIadj":0,"engagementSEIrank":41,"engagementScore":0.741839762611276,"voiceSEI":17.391304347826086,"voiceSEIadj":0,"voiceSEIrank":38,"voiceScore":0.9153318077803204}},"instagram":{"entityString":"536575feb08f37d80186a117","type":"instagram","profiles":0,"postsMade":0,"repliesMade":0,"repliesRcvd":0,"sharesMade":0,"sharesRcvd":0,"mentionsRcvd":0,"likesRcvd":0,"reachRcvd":0,"audience":0,"voice":0,"conversation":0,"engagement":0,"group_scoped":{"audienceScore":0,"voiceScore":0,"engagementScore":0,"combinedScore":0,"combinedScoreRank":157,"SEIrank":138,"engagementSEIrank":138,"voiceSEIrank":138,"audienceSEIrank":138,"engagementSEI":0,"engagementSEIadj":0,"voiceSEI":0,"voiceSEIadj":0,"audienceSEI":0,"audienceSEIadj":0,"SEI":0,"SEIadj":0},"non_scoped":{"SEI":0,"SEIrank":138,"SEIadj":0,"audienceSEI":0,"audienceSEIadj":0,"audienceSEIrank":138,"audienceScore":0,"combinedScore":0,"combinedScoreRank":138,"engagementSEI":0,"engagementSEIadj":0,"engagementSEIrank":138,"engagementScore":0,"voiceSEI":0,"voiceSEIadj":0,"voiceSEIrank":138,"voiceScore":0},"scoped":{"SEI":0,"SEIrank":124,"SEIadj":0,"audienceSEI":0,"audienceSEIadj":0,"audienceSEIrank":124,"audienceScore":0,"combinedScore":0,"combinedScoreRank":124,"engagementSEI":0,"engagementSEIadj":0,"engagementSEIrank":124,"engagementScore":0,"voiceSEI":0,"voiceSEIadj":0,"voiceSEIrank":124,"voiceScore":0}}},"week":{"boundaryQuantum":4993818,"combined":{"entityString":"536575feb08f37d80186a117","type":"combined","profiles":2,"postsMade":24,"repliesMade":0,"repliesRcvd":53,"sharesMade":0,"sharesRcvd":50,"mentionsRcvd":0,"likesRcvd":304,"reachRcvd":0,"audience":21708,"voice":24,"conversation":77,"engagement":407,"group_scoped":{"audienceScore":1.433612223347116,"voiceScore":1.9591836734693877,"engagementScore":0.2182972812065886,"combinedScore":0.3661073479267549,"combinedScoreRank":92,"SEIrank":64,"engagementSEIrank":83,"voiceSEIrank":56,"audienceSEIrank":42,"engagementSEI":0.2544099813724387,"engagementSEIadj":0.2544099813724387,"voiceSEI":4.452690166975881,"voiceSEIadj":4.452690166975881,"audienceSEI":3.3340807932495156,"audienceSEIadj":3.3340807932495156,"SEI":1.821861118241179,"SEIadj":1.821861118241179},"non_scoped":{"SEI":0.9783495617458446,"SEIrank":60,"SEIadj":0,"audienceSEI":0.8528560147407213,"audienceSEIadj":0,"audienceSEIrank":77,"audienceScore":0.1571548457380544,"combinedScore":0.04162432679449789,"combinedScoreRank":81,"engagementSEI":0.05131418528329339,"engagementSEIadj":0,"engagementSEIrank":80,"engagementScore":0.02152162659078927,"voiceSEI":2.874251497005988,"voiceSEIadj":0,"voiceSEIrank":57,"voiceScore":0.28794241151769645},"scoped":{"SEI":5.093304445948646,"SEIrank":66,"SEIadj":0,"audienceSEI":11.13413483238275,"audienceSEIadj":0,"audienceSEIrank":66,"audienceScore":0.45118098305826626,"combinedScore":0.23651714910355282,"combinedScoreRank":71,"engagementSEI":1.3929769320282017,"engagementSEIadj":0,"engagementSEIrank":71,"engagementScore":0.20387308775058358,"voiceSEI":10.480349344978166,"voiceSEIadj":0,"voiceSEIrank":47,"voiceScore":0.6094464195022855}},"facebook":{"entityString":"536575feb08f37d80186a117","type":"facebook","profiles":1,"postsMade":4,"repliesMade":0,"repliesRcvd":53,"sharesMade":0,"sharesRcvd":13,"mentionsRcvd":0,"likesRcvd":226,"reachRcvd":0,"audience":10998,"voice":4,"conversation":57,"engagement":292,"group_scoped":{"audienceScore":1.0579638764689134,"voiceScore":0.8602150537634409,"engagementScore":0.17229476566141716,"combinedScore":0.25097423560689314,"combinedScoreRank":87,"SEIrank":71,"engagementSEIrank":68,"voiceSEIrank":63,"audienceSEIrank":46,"engagementSEI":0.1988504807823268,"engagementSEIadj":0.1988504807823268,"voiceSEI":1.7467248908296942,"voiceSEIadj":1.7467248908296942,"audienceSEI":2.022676487627245,"audienceSEIadj":2.022676487627245,"SEI":0.8455954044810288,"SEIadj":0.8455954044810288},"non_scoped":{"SEI":0.43753341539014323,"SEIrank":79,"SEIadj":0,"audienceSEI":0.5922656503693987,"audienceSEIadj":0,"audienceSEIrank":82,"audienceScore":0.11295763092578218,"combinedScore":0.028870520169125037,"combinedScoreRank":74,"engagementSEI":0.04054091578041263,"engagementSEIadj":0,"engagementSEIrank":68,"engagementScore":0.01820039255504216,"voiceSEI":1.1799410029498525,"voiceSEIadj":0,"voiceSEIrank":72,"voiceScore":0.13684570646595962},"scoped":{"SEI":4.056474391576343,"SEIrank":65,"SEIadj":0,"audienceSEI":7.5493197512390005,"audienceSEIadj":0,"audienceSEIrank":71,"audienceScore":0.4630407352066316,"combinedScore":0.27631005586004775,"combinedScoreRank":60,"engagementSEI":3.002570694087404,"engagementSEIadj":0,"engagementSEIrank":58,"engagementScore":0.2595001955138459,"voiceSEI":5,"voiceSEIadj":0,"voiceSEIrank":62,"voiceScore":0.39215686274509803}},"twitter":{"entityString":"536575feb08f37d80186a117","type":"twitter","profiles":1,"postsMade":20,"repliesMade":0,"repliesRcvd":0,"sharesMade":0,"sharesRcvd":37,"mentionsRcvd":0,"likesRcvd":78,"reachRcvd":0,"audience":10710,"voice":20,"conversation":20,"engagement":115,"group_scoped":{"audienceScore":2.522605703302941,"voiceScore":2.717391304347826,"engagementScore":2.279032897344431,"combinedScore":2.3131294579925266,"combinedScoreRank":72,"SEIrank":55,"engagementSEIrank":50,"voiceSEIrank":52,"audienceSEIrank":54,"engagementSEI":9.472817133443163,"engagementSEIadj":9.472817133443163,"voiceSEI":6.993006993006993,"voiceSEIadj":6.993006993006993,"audienceSEI":9.189346878539315,"audienceSEIadj":9.189346878539315,"SEI":8.700527065821927,"SEIadj":8.700527065821927},"non_scoped":{"SEI":1.9808207207454052,"SEIrank":67,"SEIadj":0,"audienceSEI":1.8916345948351838,"audienceSEIadj":0,"audienceSEIrank":68,"audienceScore":0.30708479898705027,"combinedScore":0.20179225055098637,"combinedScoreRank":81,"engagementSEI":0.8763907940862674,"engagementSEIadj":0,"engagementSEIrank":82,"engagementScore":0.1853583056639051,"voiceSEI":4.219409282700422,"voiceSEIadj":0,"voiceSEIrank":50,"voiceScore":0.3923107100823852},"scoped":{"SEI":7.544808813728057,"SEIrank":63,"SEIadj":0,"audienceSEI":9.189346878539315,"audienceSEIadj":0,"audienceSEIrank":57,"audienceScore":0.48643036415512364,"combinedScore":0.36010255401226277,"combinedScoreRank":71,"engagementSEI":5.361305361305361,"engagementSEIadj":0,"engagementSEIrank":72,"engagementScore":0.33385589037914415,"voiceSEI":11.363636363636363,"voiceSEIadj":0,"voiceSEIrank":40,"voiceScore":0.7062146892655368}},"instagram":{"entityString":"536575feb08f37d80186a117","type":"instagram","profiles":0,"postsMade":0,"repliesMade":0,"repliesRcvd":0,"sharesMade":0,"sharesRcvd":0,"mentionsRcvd":0,"likesRcvd":0,"reachRcvd":0,"audience":0,"voice":0,"conversation":0,"engagement":0,"group_scoped":{"audienceScore":0,"voiceScore":0,"engagementScore":0,"combinedScore":0,"combinedScoreRank":157,"SEIrank":138,"engagementSEIrank":138,"voiceSEIrank":138,"audienceSEIrank":138,"engagementSEI":0,"engagementSEIadj":0,"voiceSEI":0,"voiceSEIadj":0,"audienceSEI":0,"audienceSEIadj":0,"SEI":0,"SEIadj":0},"non_scoped":{"SEI":0,"SEIrank":138,"SEIadj":0,"audienceSEI":0,"audienceSEIadj":0,"audienceSEIrank":138,"audienceScore":0,"combinedScore":0,"combinedScoreRank":138,"engagementSEI":0,"engagementSEIadj":0,"engagementSEIrank":138,"engagementScore":0,"voiceSEI":0,"voiceSEIadj":0,"voiceSEIrank":138,"voiceScore":0},"scoped":{"SEI":0,"SEIrank":124,"SEIadj":0,"audienceSEI":0,"audienceSEIadj":0,"audienceSEIrank":124,"audienceScore":0,"combinedScore":0,"combinedScoreRank":124,"engagementSEI":0,"engagementSEIadj":0,"engagementSEIrank":124,"engagementScore":0,"voiceSEI":0,"voiceSEIadj":0,"voiceSEIrank":124,"voiceScore":0}}},"month":{"boundaryQuantum":4987194,"combined":{"entityString":"536575feb08f37d80186a117","type":"combined","profiles":2,"postsMade":124,"repliesMade":0,"repliesRcvd":242,"sharesMade":0,"sharesRcvd":337,"mentionsRcvd":0,"likesRcvd":1530,"reachRcvd":0,"audience":21708,"voice":124,"conversation":366,"engagement":2109,"group_scoped":{"audienceScore":1.433612223347116,"voiceScore":2.1371940710099966,"engagementScore":0.21328387385811215,"combinedScore":0.37049580119015657,"combinedScoreRank":77,"SEIrank":56,"engagementSEIrank":75,"voiceSEIrank":45,"audienceSEIrank":42,"engagementSEI":0.24665455030279215,"engagementSEIadj":0.24665455030279215,"voiceSEI":5.071574642126789,"voiceSEIadj":5.071574642126789,"audienceSEI":3.3340807932495156,"audienceSEIadj":3.3340807932495156,"SEI":2.002873202144664,"SEIadj":2.002873202144664},"non_scoped":{"SEI":1.1314506417018473,"SEIrank":58,"SEIadj":0,"audienceSEI":0.8528560147407213,"audienceSEIadj":0,"audienceSEIrank":77,"audienceScore":0.1571548457380544,"combinedScore":0.04592871434988946,"combinedScoreRank":77,"engagementSEI":0.05790965105934298,"engagementSEIadj":0,"engagementSEIrank":80,"engagementScore":0.02422664839425223,"voiceSEI":3.3713974986405653,"voiceSEIadj":0,"voiceSEIrank":51,"voiceScore":0.32533977016319465},"scoped":{"SEI":6.025132237274788,"SEIrank":63,"SEIadj":0,"audienceSEI":11.13413483238275,"audienceSEIadj":0,"audienceSEIrank":66,"audienceScore":0.45118098305826626,"combinedScore":0.28016563880472933,"combinedScoreRank":68,"engagementSEI":1.7412914784877431,"engagementSEIadj":0,"engagementSEIrank":71,"engagementScore":0.24817779367705584,"voiceSEI":12.889812889812891,"voiceSEIadj":0,"voiceSEIrank":41,"voiceScore":0.684931506849315}},"facebook":{"entityString":"536575feb08f37d80186a117","type":"facebook","profiles":1,"postsMade":24,"repliesMade":0,"repliesRcvd":242,"sharesMade":0,"sharesRcvd":88,"mentionsRcvd":0,"likesRcvd":984,"reachRcvd":0,"audience":10998,"voice":24,"conversation":266,"engagement":1314,"group_scoped":{"audienceScore":1.0579638764689134,"voiceScore":1.090909090909091,"engagementScore":0.1410125430335082,"combinedScore":0.23435493709905758,"combinedScoreRank":80,"SEIrank":71,"engagementSEIrank":72,"voiceSEIrank":58,"audienceSEIrank":46,"engagementSEI":0.1609887699918893,"engagementSEIadj":0.1609887699918893,"voiceSEI":2.2878932316491896,"voiceSEIadj":2.2878932316491896,"audienceSEI":2.022676487627245,"audienceSEIadj":2.022676487627245,"SEI":0.985228880252615,"SEIadj":0.985228880252615},"non_scoped":{"SEI":0.5579717337661321,"SEIrank":72,"SEIadj":0,"audienceSEI":0.5922656503693987,"audienceSEIadj":0,"audienceSEIrank":82,"audienceScore":0.11295763092578218,"combinedScore":0.03034963470798561,"combinedScoreRank":80,"engagementSEI":0.03916273996119491,"engagementSEIadj":0,"engagementSEIrank":75,"engagementScore":0.0174100105175543,"voiceSEI":1.5841584158415842,"voiceSEIadj":0,"voiceSEIrank":63,"voiceScore":0.18065487391795257},"scoped":{"SEI":4.570732556950379,"SEIrank":71,"SEIadj":0,"audienceSEI":7.5493197512390005,"audienceSEIadj":0,"audienceSEIrank":71,"audienceScore":0.4630407352066316,"combinedScore":0.27715179019667857,"combinedScoreRank":69,"engagementSEI":3.5227882037533513,"engagementSEIadj":0,"engagementSEIrank":65,"engagementScore":0.25368313547721966,"voiceSEI":5.673758865248227,"voiceSEIadj":0,"voiceSEIrank":53,"voiceScore":0.5136986301369862}},"twitter":{"entityString":"536575feb08f37d80186a117","type":"twitter","profiles":1,"postsMade":100,"repliesMade":0,"repliesRcvd":0,"sharesMade":0,"sharesRcvd":249,"mentionsRcvd":0,"likesRcvd":546,"reachRcvd":0,"audience":10710,"voice":100,"conversation":100,"engagement":795,"group_scoped":{"audienceScore":2.522605703302941,"voiceScore":2.8425241614553722,"engagementScore":3.104134942017102,"combinedScore":3.061977941053307,"combinedScoreRank":50,"SEIrank":44,"engagementSEIrank":42,"voiceSEIrank":52,"audienceSEIrank":54,"engagementSEI":10.66255364806867,"engagementSEIadj":10.66255364806867,"voiceSEI":7.621951219512195,"voiceSEIadj":7.621951219512195,"audienceSEI":9.189346878539315,"audienceSEIadj":9.189346878539315,"SEI":9.603052242548792,"SEIadj":9.603052242548792},"non_scoped":{"SEI":2.3823834146165654,"SEIrank":56,"SEIadj":0,"audienceSEI":1.8916345948351838,"audienceSEIadj":0,"audienceSEIrank":68,"audienceScore":0.30708479898705027,"combinedScore":0.29926496762982,"combinedScoreRank":59,"engagementSEI":1.2687317470196775,"engagementSEIadj":0,"engagementSEIrank":57,"engagementScore":0.2919477505334014,"voiceSEI":4.77326968973747,"voiceSEIadj":0,"voiceSEIrank":50,"voiceScore":0.42315504400812454},"scoped":{"SEI":9.483441458794664,"SEIrank":46,"SEIadj":0,"audienceSEI":9.189346878539315,"audienceSEIadj":0,"audienceSEIrank":57,"audienceScore":0.48643036415512364,"combinedScore":0.5660634133702112,"combinedScoreRank":49,"engagementSEI":6.974907878575189,"engagementSEIadj":0,"engagementSEIrank":47,"engagementScore":0.5595557338626238,"voiceSEI":14.5985401459854,"voiceSEIadj":0,"voiceSEIrank":40,"voiceScore":0.7628346937218705}},"instagram":{"entityString":"536575feb08f37d80186a117","type":"instagram","profiles":0,"postsMade":0,"repliesMade":0,"repliesRcvd":0,"sharesMade":0,"sharesRcvd":0,"mentionsRcvd":0,"likesRcvd":0,"reachRcvd":0,"audience":0,"voice":0,"conversation":0,"engagement":0,"group_scoped":{"audienceScore":0,"voiceScore":0,"engagementScore":0,"combinedScore":0,"combinedScoreRank":157,"SEIrank":138,"engagementSEIrank":138,"voiceSEIrank":138,"audienceSEIrank":138,"engagementSEI":0,"engagementSEIadj":0,"voiceSEI":0,"voiceSEIadj":0,"audienceSEI":0,"audienceSEIadj":0,"SEI":0,"SEIadj":0},"non_scoped":{"SEI":0,"SEIrank":138,"SEIadj":0,"audienceSEI":0,"audienceSEIadj":0,"audienceSEIrank":138,"audienceScore":0,"combinedScore":0,"combinedScoreRank":138,"engagementSEI":0,"engagementSEIadj":0,"engagementSEIrank":138,"engagementScore":0,"voiceSEI":0,"voiceSEIadj":0,"voiceSEIrank":138,"voiceScore":0},"scoped":{"SEI":0,"SEIrank":124,"SEIadj":0,"audienceSEI":0,"audienceSEIadj":0,"audienceSEIrank":124,"audienceScore":0,"combinedScore":0,"combinedScoreRank":124,"engagementSEI":0,"engagementSEIadj":0,"engagementSEIrank":124,"engagementScore":0,"voiceSEI":0,"voiceSEIadj":0,"voiceSEIrank":124,"voiceScore":0}}},"quarter":{"boundaryQuantum":4969914,"combined":{"entityString":"536575feb08f37d80186a117","type":"combined","profiles":2,"postsMade":396,"repliesMade":0,"repliesRcvd":978,"sharesMade":0,"sharesRcvd":900,"mentionsRcvd":0,"likesRcvd":4650,"reachRcvd":0,"audience":21708,"voice":396,"conversation":1374,"engagement":6528,"group_scoped":{"audienceScore":1.433612223347116,"voiceScore":2.3511250964792496,"engagementScore":0.22958648056375297,"combinedScore":0.395864698498696,"combinedScoreRank":66,"SEIrank":52,"engagementSEIrank":65,"voiceSEIrank":46,"audienceSEIrank":42,"engagementSEI":0.2610791672182471,"engagementSEIadj":0.2610791672182471,"voiceSEI":5.680677090804762,"voiceSEIadj":5.680677090804762,"audienceSEI":3.3340807932495156,"audienceSEIadj":3.3340807932495156,"SEI":2.1942587068973283,"SEIadj":2.1942587068973283},"non_scoped":{"SEI":1.229436756030645,"SEIrank":54,"SEIadj":0,"audienceSEI":0.8528560147407213,"audienceSEIadj":0,"audienceSEIrank":77,"audienceScore":0.1571548457380544,"combinedScore":0.046858652578948376,"combinedScoreRank":73,"engagementSEI":0.05731560167026513,"engagementSEIadj":0,"engagementSEIrank":76,"engagementScore":0.023597915806627227,"voiceSEI":3.699205978514713,"voiceSEIadj":0,"voiceSEIrank":51,"voiceScore":0.3552557213216231},"scoped":{"SEI":6.515904326149136,"SEIrank":57,"SEIadj":0,"audienceSEI":11.13413483238275,"audienceSEIadj":0,"audienceSEIrank":66,"audienceScore":0.45118098305826626,"combinedScore":0.2765522801537228,"combinedScoreRank":66,"engagementSEI":1.7059575235392348,"engagementSEIadj":0,"engagementSEIrank":67,"engagementScore":0.24040391392891733,"voiceSEI":14.596387762624403,"voiceSEIadj":0,"voiceSEIrank":41,"voiceScore":0.7525941692956782}},"facebook":{"entityString":"536575feb08f37d80186a117","type":"facebook","profiles":1,"postsMade":74,"repliesMade":0,"repliesRcvd":978,"sharesMade":0,"sharesRcvd":380,"mentionsRcvd":0,"likesRcvd":3233,"reachRcvd":0,"audience":10998,"voice":74,"conversation":1052,"engagement":4591,"group_scoped":{"audienceScore":1.0579638764689134,"voiceScore":1.2065873145279635,"engagementScore":0.168957772333542,"combinedScore":0.2652895546500317,"combinedScoreRank":70,"SEIrank":67,"engagementSEIrank":66,"voiceSEIrank":61,"audienceSEIrank":46,"engagementSEI":0.18954626150860823,"engagementSEIadj":0.18954626150860823,"voiceSEI":2.460924509477885,"voiceSEIadj":2.460924509477885,"audienceSEI":2.022676487627245,"audienceSEIadj":2.022676487627245,"SEI":1.054272758511255,"SEIadj":1.054272758511255},"non_scoped":{"SEI":0.5707234599699567,"SEIrank":71,"SEIadj":0,"audienceSEI":0.5922656503693987,"audienceSEIadj":0,"audienceSEIrank":82,"audienceScore":0.11295763092578218,"combinedScore":0.03176737361076568,"combinedScoreRank":78,"engagementSEI":0.04286681613562609,"engagementSEIadj":0,"engagementSEIrank":70,"engagementScore":0.018729728669017585,"voiceSEI":1.6192560175054704,"voiceSEIadj":0,"voiceSEIrank":64,"voiceScore":0.18525472524721492},"scoped":{"SEI":5.514163035479948,"SEIrank":69,"SEIadj":0,"audienceSEI":7.5493197512390005,"audienceSEIadj":0,"audienceSEIrank":71,"audienceScore":0.4630407352066316,"combinedScore":0.2820880475305026,"combinedScoreRank":60,"engagementSEI":3.979060314268628,"engagementSEIadj":0,"engagementSEIrank":61,"engagementScore":0.2589596601655063,"voiceSEI":7.905982905982905,"voiceSEIadj":0,"voiceSEIrank":55,"voiceScore":0.517446332424306}},"twitter":{"entityString":"536575feb08f37d80186a117","type":"twitter","profiles":1,"postsMade":322,"repliesMade":0,"repliesRcvd":0,"sharesMade":0,"sharesRcvd":520,"mentionsRcvd":0,"likesRcvd":1417,"reachRcvd":0,"audience":10710,"voice":322,"conversation":322,"engagement":1937,"group_scoped":{"audienceScore":2.522605703302941,"voiceScore":3.051265043115702,"engagementScore":2.7708240948688974,"combinedScore":2.77243522270294,"combinedScoreRank":57,"SEIrank":44,"engagementSEIrank":46,"voiceSEIrank":45,"audienceSEIrank":54,"engagementSEI":8.775824574121058,"engagementSEIadj":8.775824574121058,"voiceSEI":8.458103493564487,"voiceSEIadj":8.458103493564487,"audienceSEI":9.189346878539315,"audienceSEIadj":9.189346878539315,"SEI":8.721860480395913,"SEIadj":8.721860480395913},"non_scoped":{"SEI":2.429548686624572,"SEIrank":56,"SEIadj":0,"audienceSEI":1.8916345948351838,"audienceSEIadj":0,"audienceSEIrank":68,"audienceScore":0.30708479898705027,"combinedScore":0.2601286723793632,"combinedScoreRank":65,"engagementSEI":1.0479560258824039,"engagementSEIadj":0,"engagementSEIrank":67,"engagementScore":0.24593358904332216,"voiceSEI":5.372038705372038,"voiceSEIadj":0,"voiceSEIrank":46,"voiceScore":0.4686840458204154},"scoped":{"SEI":9.864532330876365,"SEIrank":45,"SEIadj":0,"audienceSEI":9.189346878539315,"audienceSEIadj":0,"audienceSEIrank":57,"audienceScore":0.48643036415512364,"combinedScore":0.5067810883462212,"combinedScoreRank":55,"engagementSEI":6.381787032156036,"engagementSEIadj":0,"engagementSEIrank":57,"engagementScore":0.4884272742631354,"voiceSEI":17.05508474576271,"voiceSEIadj":0,"voiceSEIrank":36,"voiceScore":0.857500466032862}},"instagram":{"entityString":"536575feb08f37d80186a117","type":"instagram","profiles":0,"postsMade":0,"repliesMade":0,"repliesRcvd":0,"sharesMade":0,"sharesRcvd":0,"mentionsRcvd":0,"likesRcvd":0,"reachRcvd":0,"audience":0,"voice":0,"conversation":0,"engagement":0,"group_scoped":{"audienceScore":0,"voiceScore":0,"engagementScore":0,"combinedScore":0,"combinedScoreRank":157,"SEIrank":138,"engagementSEIrank":138,"voiceSEIrank":138,"audienceSEIrank":138,"engagementSEI":0,"engagementSEIadj":0,"voiceSEI":0,"voiceSEIadj":0,"audienceSEI":0,"audienceSEIadj":0,"SEI":0,"SEIadj":0},"non_scoped":{"SEI":0,"SEIrank":138,"SEIadj":0,"audienceSEI":0,"audienceSEIadj":0,"audienceSEIrank":138,"audienceScore":0,"combinedScore":0,"combinedScoreRank":138,"engagementSEI":0,"engagementSEIadj":0,"engagementSEIrank":138,"engagementScore":0,"voiceSEI":0,"voiceSEIadj":0,"voiceSEIrank":138,"voiceScore":0},"scoped":{"SEI":0,"SEIrank":124,"SEIadj":0,"audienceSEI":0,"audienceSEIadj":0,"audienceSEIrank":124,"audienceScore":0,"combinedScore":0,"combinedScoreRank":124,"engagementSEI":0,"engagementSEIadj":0,"engagementSEIrank":124,"engagementScore":0,"voiceSEI":0,"voiceSEIadj":0,"voiceSEIrank":124,"voiceScore":0}}},"blended":{"combined":{"non_scoped":{"SEI":1.1244595263173682,"SEIadj":60.449783810526945,"SEIrank":56,"audienceSEI":0.8528560147407213,"audienceSEIadj":50.42642800737036,"audienceSEIrank":77,"engagementSEI":0.0546693591429435,"engagementSEIadj":50.027334679571474,"engagementSEIrank":77,"voiceSEI":3.3545743645251007,"voiceSEIadj":61.34182974581004,"voiceSEIrank":51},"scoped":{"SEI":4.581101050536924,"SEIadj":52.290550525268465,"SEIrank":125,"compCharisma":0,"compInfluence":0,"compEva":4.581101050536924,"audienceSEI":11.13413483238275,"audienceSEIadj":55.56706741619138,"audienceSEIrank":66,"engagementSEI":1.6323294153939836,"engagementSEIadj":50.81616470769699,"engagementSEIrank":70,"voiceSEI":13.116511359018325,"voiceSEIadj":65.24660454360733,"voiceSEIrank":41}},"facebook":{"non_scoped":{"SEI":0.5035609767913106,"SEIadj":50.25178048839565,"SEIrank":76,"audienceSEI":0.5922656503693987,"audienceSEIadj":50.2961328251847,"audienceSEIrank":82,"engagementSEI":0.03994031691698692,"engagementSEIadj":50.01997015845849,"engagementSEIrank":74,"voiceSEI":1.4012340720139287,"voiceSEIadj":60.560493628805574,"voiceSEIrank":65},"scoped":{"SEI":4.71125314988157,"SEIadj":52.355626574940786,"SEIrank":69,"audienceSEI":7.549319751239001,"audienceSEIadj":53.7746598756195,"audienceSEIrank":71,"engagementSEI":3.4418409832067747,"engagementSEIadj":51.72092049160339,"engagementSEIrank":64,"voiceSEI":6.304055282778687,"voiceSEIadj":62.521622113111476,"voiceSEIrank":57}},"twitter":{"non_scoped":{"SEI":2.2869625141362953,"SEIadj":60.914785005654515,"SEIrank":58,"audienceSEI":1.891634594835184,"audienceSEIadj":60.756653837934074,"audienceSEIrank":68,"engagementSEI":1.0500559117144486,"engagementSEIadj":50.525027955857226,"engagementSEIrank":70,"voiceSEI":4.892551692080361,"voiceSEIadj":61.957020676832144,"voiceSEIrank":48},"scoped":{"SEI":9.2441902641561,"SEIadj":63.69767610566244,"SEIrank":49,"audienceSEI":9.189346878539315,"audienceSEIadj":63.67573875141573,"audienceSEIrank":57,"engagementSEI":6.3774361998729265,"engagementSEIadj":62.55097447994917,"engagementSEIrank":60,"voiceSEI":14.995979521261377,"voiceSEIadj":65.99839180850455,"voiceSEIrank":38}},"instagram":{"non_scoped":{"SEI":0,"SEIadj":0,"SEIrank":138,"audienceSEI":0,"audienceSEIadj":0,"audienceSEIrank":138,"engagementSEI":0,"engagementSEIadj":0,"engagementSEIrank":138,"voiceSEI":0,"voiceSEIadj":0,"voiceSEIrank":138},"scoped":{"SEI":0,"SEIadj":0,"SEIrank":124,"audienceSEI":0,"audienceSEIadj":0,"audienceSEIrank":124,"engagementSEI":0,"engagementSEIadj":0,"engagementSEIrank":124,"voiceSEI":0,"voiceSEIadj":0,"voiceSEIrank":124}},"influence":{"instagram":{"scope":"individual","ratio":0,"calculated":false},"combined":{"ratio":0.4,"bottom":false,"scope":"individual","calculated":true},"facebook":{"ratio":0.44,"bottom":false,"scope":"individual","calculated":true},"twitter":{"ratio":0.85,"bottom":false,"scope":"individual","calculated":true}},"charisma":{"instagram":{"scope":"individual","ratio":0,"calculated":false},"combined":{"ratio":0.29,"bottom":false,"scope":"individual","calculated":true},"facebook":{"ratio":0.42,"bottom":false,"scope":"individual","calculated":true},"twitter":{"ratio":0.64,"bottom":false,"scope":"individual","calculated":true}}},"scope":"individual"}}