{"scoreEntityString":"591d1494ab33fb0001804f89.asset.536575feb08f37d80186a140","timeQuantum":4995834,"scoreEntityType":"asset","scoreProfileID":"591d1494ab33fb0001804f89","data":{"scoreEntityString":"591d1494ab33fb0001804f89.asset.536575feb08f37d80186a140","scoreProfileID":"591d1494ab33fb0001804f89","scoreEntityType":"asset","entityID":"asset.536575feb08f37d80186a140","object_version":"1.2","score_engine_version":"3.0.20","timestamp":4995834,"start_quantum":4969914,"end_quantum":4995833,"schedule_options":{"interval":15,"offset":"1"},"_15min":{"boundaryQuantum":4995831,"combined":{"entityString":"536575feb08f37d80186a140","type":"combined","profiles":2,"postsMade":0,"repliesMade":0,"repliesRcvd":0,"sharesMade":0,"sharesRcvd":0,"mentionsRcvd":0,"likesRcvd":0,"reachRcvd":0,"audience":124272,"voice":0,"conversation":0,"engagement":0,"group_scoped":{"audienceScore":8.207013922046839,"voiceScore":0,"engagementScore":0,"combinedScore":8.207013922046839,"engagementSEI":0,"engagementSEIadj":0,"voiceSEI":0,"voiceSEIadj":0,"audienceSEI":19.086644939133212,"audienceSEIadj":19.086644939133212,"SEI":1.9086644939133213,"SEIadj":1.9086644939133213,"combinedScoreRank":16,"SEIrank":13,"engagementSEIrank":143,"voiceSEIrank":139,"audienceSEIrank":11},"non_scoped":{"SEI":0.48823531722802155,"SEIrank":19,"SEIadj":0,"audienceSEI":4.882353172280215,"audienceSEIadj":0,"audienceSEIrank":15,"audienceScore":0.8996658830642849,"combinedScore":0.04498329415321425,"combinedScoreRank":21,"engagementSEI":0,"engagementSEIadj":0,"engagementSEIrank":143,"engagementScore":0,"voiceSEI":0,"voiceSEIadj":0,"voiceSEIrank":139,"voiceScore":0},"scoped":{"SEI":6.3739690615895945,"SEIrank":12,"SEIadj":0,"audienceSEI":63.73969061589594,"audienceSEIadj":0,"audienceSEIrank":8,"audienceScore":2.582880188253956,"combinedScore":0.1291440094126978,"combinedScoreRank":14,"engagementSEI":0,"engagementSEIadj":0,"engagementSEIrank":128,"engagementScore":0,"voiceSEI":0,"voiceSEIadj":0,"voiceSEIrank":126,"voiceScore":0}},"facebook":{"entityString":"536575feb08f37d80186a140","type":"facebook","profiles":1,"postsMade":0,"repliesMade":0,"repliesRcvd":0,"sharesMade":0,"sharesRcvd":0,"mentionsRcvd":0,"likesRcvd":0,"reachRcvd":0,"audience":7724,"voice":0,"conversation":0,"engagement":0,"group_scoped":{"audienceScore":0.7430180925482712,"voiceScore":0,"engagementScore":0,"combinedScore":0.7430180925482712,"engagementSEI":0,"engagementSEIadj":0,"voiceSEI":0,"voiceSEIadj":0,"audienceSEI":1.4205449345729078,"audienceSEIadj":1.4205449345729078,"SEI":0.1420544934572908,"SEIadj":0.1420544934572908,"combinedScoreRank":71,"SEIrank":58,"engagementSEIrank":142,"voiceSEIrank":139,"audienceSEIrank":56},"non_scoped":{"SEI":0.04159537991865098,"SEIrank":96,"SEIadj":0,"audienceSEI":0.4159537991865098,"audienceSEIadj":0,"audienceSEIrank":96,"audienceScore":0.07933121851888902,"combinedScore":0.003966560925944451,"combinedScoreRank":96,"engagementSEI":0,"engagementSEIadj":0,"engagementSEIrank":142,"engagementScore":0,"voiceSEI":0,"voiceSEIadj":0,"voiceSEIrank":139,"voiceScore":0},"scoped":{"SEI":0.5301959061517553,"SEIrank":84,"SEIadj":0,"audienceSEI":5.301959061517552,"audienceSEIadj":0,"audienceSEIrank":84,"audienceScore":0.32519791223277167,"combinedScore":0.016259895611638583,"combinedScoreRank":84,"engagementSEI":0,"engagementSEIadj":0,"engagementSEIrank":127,"engagementScore":0,"voiceSEI":0,"voiceSEIadj":0,"voiceSEIrank":126,"voiceScore":0}},"twitter":{"entityString":"536575feb08f37d80186a140","type":"twitter","profiles":1,"postsMade":0,"repliesMade":0,"repliesRcvd":0,"sharesMade":0,"sharesRcvd":0,"mentionsRcvd":0,"likesRcvd":0,"reachRcvd":0,"audience":116548,"voice":0,"conversation":0,"engagement":0,"group_scoped":{"audienceScore":27.45141451993942,"voiceScore":0,"engagementScore":0,"combinedScore":27.45141451993942,"engagementSEI":0,"engagementSEIadj":0,"voiceSEI":0,"voiceSEIadj":0,"audienceSEI":100,"audienceSEIadj":100,"SEI":10,"SEIadj":10,"combinedScoreRank":8,"SEIrank":6,"engagementSEIrank":140,"voiceSEIrank":139,"audienceSEIrank":5},"non_scoped":{"SEI":2.058508205031289,"SEIrank":6,"SEIadj":0,"audienceSEI":20.585082050312888,"audienceSEIadj":0,"audienceSEIrank":4,"audienceScore":3.3417478200133273,"combinedScore":0.16708739100066639,"combinedScoreRank":6,"engagementSEI":0,"engagementSEIadj":0,"engagementSEIrank":140,"engagementScore":0,"voiceSEI":0,"voiceSEIadj":0,"voiceSEIrank":139,"voiceScore":0},"scoped":{"SEI":10,"SEIrank":2,"SEIadj":0,"audienceSEI":100,"audienceSEIadj":0,"audienceSEIrank":1,"audienceScore":5.293416067371741,"combinedScore":0.7562022953388201,"combinedScoreRank":2,"engagementSEI":0,"engagementSEIadj":0,"engagementSEIrank":127,"engagementScore":0,"voiceSEI":0,"voiceSEIadj":0,"voiceSEIrank":126,"voiceScore":0}},"instagram":{"entityString":"536575feb08f37d80186a140","type":"instagram","profiles":0,"postsMade":0,"repliesMade":0,"repliesRcvd":0,"sharesMade":0,"sharesRcvd":0,"mentionsRcvd":0,"likesRcvd":0,"reachRcvd":0,"audience":0,"voice":0,"conversation":0,"engagement":0,"group_scoped":{"audienceScore":0,"voiceScore":0,"engagementScore":0,"combinedScore":0,"engagementSEI":0,"engagementSEIadj":0,"voiceSEI":0,"voiceSEIadj":0,"audienceSEI":0,"audienceSEIadj":0,"SEI":0,"SEIadj":0,"combinedScoreRank":159,"SEIrank":140,"engagementSEIrank":140,"voiceSEIrank":139,"audienceSEIrank":140},"non_scoped":{"SEI":0,"SEIrank":140,"SEIadj":0,"audienceSEI":0,"audienceSEIadj":0,"audienceSEIrank":140,"audienceScore":0,"combinedScore":0,"combinedScoreRank":140,"engagementSEI":0,"engagementSEIadj":0,"engagementSEIrank":140,"engagementScore":0,"voiceSEI":0,"voiceSEIadj":0,"voiceSEIrank":139,"voiceScore":0},"scoped":{"SEI":0,"SEIrank":126,"SEIadj":0,"audienceSEI":0,"audienceSEIadj":0,"audienceSEIrank":126,"audienceScore":0,"combinedScore":0,"combinedScoreRank":126,"engagementSEI":0,"engagementSEIadj":0,"engagementSEIrank":126,"engagementScore":0,"voiceSEI":0,"voiceSEIadj":0,"voiceSEIrank":126,"voiceScore":0}}},"hour":{"boundaryQuantum":4995822,"combined":{"entityString":"536575feb08f37d80186a140","type":"combined","profiles":2,"postsMade":0,"repliesMade":0,"repliesRcvd":0,"sharesMade":0,"sharesRcvd":0,"mentionsRcvd":0,"likesRcvd":0,"reachRcvd":0,"audience":124272,"voice":0,"conversation":0,"engagement":0,"group_scoped":{"audienceScore":8.207013922046839,"voiceScore":0,"engagementScore":0,"combinedScore":8.207013922046839,"combinedScoreRank":17,"SEIrank":28,"engagementSEIrank":162,"voiceSEIrank":145,"audienceSEIrank":11,"engagementSEI":0,"engagementSEIadj":0,"voiceSEI":0,"voiceSEIadj":0,"audienceSEI":19.086644939133212,"audienceSEIadj":19.086644939133212,"SEI":1.9086644939133213,"SEIadj":1.9086644939133213},"non_scoped":{"SEI":0.48823531722802155,"SEIrank":34,"SEIadj":0,"audienceSEI":4.882353172280215,"audienceSEIadj":0,"audienceSEIrank":15,"audienceScore":0.8996658830642849,"combinedScore":0.04498329415321425,"combinedScoreRank":53,"engagementSEI":0,"engagementSEIadj":0,"engagementSEIrank":162,"engagementScore":0,"voiceSEI":0,"voiceSEIadj":0,"voiceSEIrank":145,"voiceScore":0},"scoped":{"SEI":6.3739690615895945,"SEIrank":31,"SEIadj":0,"audienceSEI":63.73969061589594,"audienceSEIadj":0,"audienceSEIrank":8,"audienceScore":2.582880188253956,"combinedScore":0.1291440094126978,"combinedScoreRank":64,"engagementSEI":0,"engagementSEIadj":0,"engagementSEIrank":146,"engagementScore":0,"voiceSEI":0,"voiceSEIadj":0,"voiceSEIrank":130,"voiceScore":0}},"facebook":{"entityString":"536575feb08f37d80186a140","type":"facebook","profiles":1,"postsMade":0,"repliesMade":0,"repliesRcvd":0,"sharesMade":0,"sharesRcvd":0,"mentionsRcvd":0,"likesRcvd":0,"reachRcvd":0,"audience":7724,"voice":0,"conversation":0,"engagement":0,"group_scoped":{"audienceScore":0.7430180925482712,"voiceScore":0,"engagementScore":0,"combinedScore":0.7430180925482712,"combinedScoreRank":61,"SEIrank":71,"engagementSEIrank":157,"voiceSEIrank":143,"audienceSEIrank":56,"engagementSEI":0,"engagementSEIadj":0,"voiceSEI":0,"voiceSEIadj":0,"audienceSEI":1.4205449345729078,"audienceSEIadj":1.4205449345729078,"SEI":0.1420544934572908,"SEIadj":0.1420544934572908},"non_scoped":{"SEI":0.04159537991865098,"SEIrank":102,"SEIadj":0,"audienceSEI":0.4159537991865098,"audienceSEIadj":0,"audienceSEIrank":96,"audienceScore":0.07933121851888902,"combinedScore":0.003966560925944451,"combinedScoreRank":102,"engagementSEI":0,"engagementSEIadj":0,"engagementSEIrank":157,"engagementScore":0,"voiceSEI":0,"voiceSEIadj":0,"voiceSEIrank":143,"voiceScore":0},"scoped":{"SEI":0.5301959061517553,"SEIrank":90,"SEIadj":0,"audienceSEI":5.301959061517552,"audienceSEIadj":0,"audienceSEIrank":84,"audienceScore":0.32519791223277167,"combinedScore":0.016259895611638583,"combinedScoreRank":90,"engagementSEI":0,"engagementSEIadj":0,"engagementSEIrank":141,"engagementScore":0,"voiceSEI":0,"voiceSEIadj":0,"voiceSEIrank":128,"voiceScore":0}},"twitter":{"entityString":"536575feb08f37d80186a140","type":"twitter","profiles":1,"postsMade":0,"repliesMade":0,"repliesRcvd":0,"sharesMade":0,"sharesRcvd":0,"mentionsRcvd":0,"likesRcvd":0,"reachRcvd":0,"audience":116548,"voice":0,"conversation":0,"engagement":0,"group_scoped":{"audienceScore":27.45141451993942,"voiceScore":0,"engagementScore":0,"combinedScore":27.45141451993942,"combinedScoreRank":12,"SEIrank":27,"engagementSEIrank":148,"voiceSEIrank":144,"audienceSEIrank":5,"engagementSEI":0,"engagementSEIadj":0,"voiceSEI":0,"voiceSEIadj":0,"audienceSEI":100,"audienceSEIadj":100,"SEI":10,"SEIadj":10},"non_scoped":{"SEI":2.058508205031289,"SEIrank":25,"SEIadj":0,"audienceSEI":20.585082050312888,"audienceSEIadj":0,"audienceSEIrank":4,"audienceScore":3.3417478200133273,"combinedScore":0.16708739100066639,"combinedScoreRank":40,"engagementSEI":0,"engagementSEIadj":0,"engagementSEIrank":148,"engagementScore":0,"voiceSEI":0,"voiceSEIadj":0,"voiceSEIrank":144,"voiceScore":0},"scoped":{"SEI":10,"SEIrank":21,"SEIadj":0,"audienceSEI":100,"audienceSEIadj":0,"audienceSEIrank":1,"audienceScore":5.293416067371741,"combinedScore":0.26467080336858706,"combinedScoreRank":34,"engagementSEI":0,"engagementSEIadj":0,"engagementSEIrank":132,"engagementScore":0,"voiceSEI":0,"voiceSEIadj":0,"voiceSEIrank":129,"voiceScore":0}},"instagram":{"entityString":"536575feb08f37d80186a140","type":"instagram","profiles":0,"postsMade":0,"repliesMade":0,"repliesRcvd":0,"sharesMade":0,"sharesRcvd":0,"mentionsRcvd":0,"likesRcvd":0,"reachRcvd":0,"audience":0,"voice":0,"conversation":0,"engagement":0,"group_scoped":{"audienceScore":0,"voiceScore":0,"engagementScore":0,"combinedScore":0,"combinedScoreRank":159,"SEIrank":140,"engagementSEIrank":140,"voiceSEIrank":139,"audienceSEIrank":140,"engagementSEI":0,"engagementSEIadj":0,"voiceSEI":0,"voiceSEIadj":0,"audienceSEI":0,"audienceSEIadj":0,"SEI":0,"SEIadj":0},"non_scoped":{"SEI":0,"SEIrank":140,"SEIadj":0,"audienceSEI":0,"audienceSEIadj":0,"audienceSEIrank":140,"audienceScore":0,"combinedScore":0,"combinedScoreRank":140,"engagementSEI":0,"engagementSEIadj":0,"engagementSEIrank":140,"engagementScore":0,"voiceSEI":0,"voiceSEIadj":0,"voiceSEIrank":139,"voiceScore":0},"scoped":{"SEI":0,"SEIrank":126,"SEIadj":0,"audienceSEI":0,"audienceSEIadj":0,"audienceSEIrank":126,"audienceScore":0,"combinedScore":0,"combinedScoreRank":126,"engagementSEI":0,"engagementSEIadj":0,"engagementSEIrank":126,"engagementScore":0,"voiceSEI":0,"voiceSEIadj":0,"voiceSEIrank":126,"voiceScore":0}}},"today":{"boundaryQuantum":4995546,"combined":{"entityString":"536575feb08f37d80186a140","type":"combined","profiles":2,"postsMade":2,"repliesMade":0,"repliesRcvd":3,"sharesMade":0,"sharesRcvd":0,"mentionsRcvd":0,"likesRcvd":27,"reachRcvd":0,"audience":124272,"voice":2,"conversation":5,"engagement":30,"group_scoped":{"audienceScore":8.207013922046839,"voiceScore":1.0050251256281406,"engagementScore":0.09280168280384818,"combinedScore":0.5441234669072124,"combinedScoreRank":68,"SEIrank":40,"engagementSEIrank":87,"voiceSEIrank":97,"audienceSEIrank":11,"engagementSEI":0.11164452383610583,"engagementSEIadj":0.11164452383610583,"voiceSEI":1.9230769230769231,"voiceSEIadj":1.9230769230769231,"audienceSEI":19.086644939133212,"audienceSEIadj":19.086644939133212,"SEI":2.552574285138062,"SEIadj":2.552574285138062},"non_scoped":{"SEI":0.9174865324694981,"SEIrank":62,"SEIadj":0,"audienceSEI":4.882353172280215,"audienceSEIadj":0,"audienceSEIrank":15,"audienceScore":0.8996658830642849,"combinedScore":0.06200791117346234,"combinedScoreRank":58,"engagementSEI":0.030487185219812606,"engagementSEIadj":0,"engagementSEIrank":88,"engagementScore":0.011162499953489584,"voiceSEI":1.36986301369863,"voiceSEIadj":0,"voiceSEIrank":100,"voiceScore":0.13956734124214934},"scoped":{"SEI":9.546059357690444,"SEIrank":51,"SEIadj":0,"audienceSEI":63.73969061589594,"audienceSEIadj":0,"audienceSEIrank":8,"audienceScore":2.582880188253956,"combinedScore":0.2571916274803111,"combinedScoreRank":62,"engagementSEI":1.58311345646438,"engagementSEIadj":0,"engagementSEIrank":78,"engagementScore":0.1240900066181337,"voiceSEI":7.4074074074074066,"voiceSEIadj":0,"voiceSEIrank":89,"voiceScore":0.32733224222585927}},"facebook":{"entityString":"536575feb08f37d80186a140","type":"facebook","profiles":1,"postsMade":0,"repliesMade":0,"repliesRcvd":3,"sharesMade":0,"sharesRcvd":0,"mentionsRcvd":0,"likesRcvd":25,"reachRcvd":0,"audience":7724,"voice":0,"conversation":3,"engagement":28,"group_scoped":{"audienceScore":0.7430180925482712,"voiceScore":0,"engagementScore":0.09284743177371754,"combinedScore":0.1857289547415109,"combinedScoreRank":104,"SEIrank":91,"engagementSEIrank":55,"voiceSEIrank":170,"audienceSEIrank":56,"engagementSEI":0.11104060913705585,"engagementSEIadj":0.11104060913705585,"voiceSEI":0,"voiceSEIadj":0,"audienceSEI":1.4205449345729078,"audienceSEIadj":1.4205449345729078,"SEI":0.20867885893952431,"SEIadj":0.20867885893952431},"non_scoped":{"SEI":0.06134475099522682,"SEIrank":108,"SEIadj":0,"audienceSEI":0.4159537991865098,"audienceSEIadj":0,"audienceSEIrank":96,"audienceScore":0.07933121851888902,"combinedScore":0.014895570072484248,"combinedScoreRank":85,"engagementSEI":0.03291561846095972,"engagementSEIadj":0,"engagementSEIrank":60,"engagementScore":0.012143343496155331,"voiceSEI":0,"voiceSEIadj":0,"voiceSEIrank":170,"voiceScore":0},"scoped":{"SEI":1.5012941720477089,"SEIrank":83,"SEIadj":0,"audienceSEI":5.301959061517552,"audienceSEIadj":0,"audienceSEIrank":84,"audienceScore":0.32519791223277167,"combinedScore":0.1565560764378272,"combinedScoreRank":57,"engagementSEI":1.6184971098265895,"engagementSEIadj":0,"engagementSEIrank":51,"engagementScore":0.1558846453624318,"voiceSEI":0,"voiceSEIadj":0,"voiceSEIrank":154,"voiceScore":0}},"twitter":{"entityString":"536575feb08f37d80186a140","type":"twitter","profiles":1,"postsMade":2,"repliesMade":0,"repliesRcvd":0,"sharesMade":0,"sharesRcvd":0,"mentionsRcvd":0,"likesRcvd":2,"reachRcvd":0,"audience":116548,"voice":2,"conversation":2,"engagement":2,"group_scoped":{"audienceScore":27.45141451993942,"voiceScore":1.8018018018018018,"engagementScore":0.2691790040376851,"combinedScore":1.7049219197209777,"combinedScoreRank":79,"SEIrank":31,"engagementSEIrank":113,"voiceSEIrank":66,"audienceSEIrank":5,"engagementSEI":0.8771929824561403,"engagementSEIadj":0.8771929824561403,"voiceSEI":3.6363636363636362,"voiceSEIadj":3.6363636363636362,"audienceSEI":100,"audienceSEIadj":100,"SEI":11.617224880382775,"SEIadj":11.617224880382775},"non_scoped":{"SEI":2.7909462271976073,"SEIrank":42,"SEIadj":0,"audienceSEI":20.585082050312888,"audienceSEIadj":0,"audienceSEIrank":4,"audienceScore":3.3417478200133273,"combinedScore":0.199336040150537,"combinedScoreRank":66,"engagementSEI":0.09713453132588634,"engagementSEIadj":0,"engagementSEIrank":138,"engagementScore":0.023234200743494422,"voiceSEI":2.247191011235955,"voiceSEIadj":0,"voiceSEIrank":78,"voiceScore":0.22675736961451248},"scoped":{"SEI":13.034227567067528,"SEIrank":38,"SEIadj":0,"audienceSEI":100,"audienceSEIadj":0,"audienceSEIrank":1,"audienceScore":5.293416067371741,"combinedScore":0.3320644843197716,"combinedScoreRank":65,"engagementSEI":0.7092198581560284,"engagementSEIadj":0,"engagementSEIrank":127,"engagementScore":0.04945598417408506,"voiceSEI":8.695652173913043,"voiceSEIadj":0,"voiceSEIrank":67,"voiceScore":0.4576659038901602}},"instagram":{"entityString":"536575feb08f37d80186a140","type":"instagram","profiles":0,"postsMade":0,"repliesMade":0,"repliesRcvd":0,"sharesMade":0,"sharesRcvd":0,"mentionsRcvd":0,"likesRcvd":0,"reachRcvd":0,"audience":0,"voice":0,"conversation":0,"engagement":0,"group_scoped":{"audienceScore":0,"voiceScore":0,"engagementScore":0,"combinedScore":0,"combinedScoreRank":159,"SEIrank":140,"engagementSEIrank":140,"voiceSEIrank":140,"audienceSEIrank":140,"engagementSEI":0,"engagementSEIadj":0,"voiceSEI":0,"voiceSEIadj":0,"audienceSEI":0,"audienceSEIadj":0,"SEI":0,"SEIadj":0},"non_scoped":{"SEI":0,"SEIrank":140,"SEIadj":0,"audienceSEI":0,"audienceSEIadj":0,"audienceSEIrank":140,"audienceScore":0,"combinedScore":0,"combinedScoreRank":140,"engagementSEI":0,"engagementSEIadj":0,"engagementSEIrank":140,"engagementScore":0,"voiceSEI":0,"voiceSEIadj":0,"voiceSEIrank":140,"voiceScore":0},"scoped":{"SEI":0,"SEIrank":126,"SEIadj":0,"audienceSEI":0,"audienceSEIadj":0,"audienceSEIrank":126,"audienceScore":0,"combinedScore":0,"combinedScoreRank":126,"engagementSEI":0,"engagementSEIadj":0,"engagementSEIrank":126,"engagementScore":0,"voiceSEI":0,"voiceSEIadj":0,"voiceSEIrank":126,"voiceScore":0}}},"week":{"boundaryQuantum":4993818,"combined":{"entityString":"536575feb08f37d80186a140","type":"combined","profiles":2,"postsMade":23,"repliesMade":0,"repliesRcvd":40,"sharesMade":0,"sharesRcvd":29,"mentionsRcvd":0,"likesRcvd":342,"reachRcvd":0,"audience":124272,"voice":23,"conversation":63,"engagement":411,"group_scoped":{"audienceScore":8.207013922046839,"voiceScore":1.8775510204081631,"engagementScore":0.2204427090317148,"combinedScore":0.7026266852512935,"combinedScoreRank":50,"SEIrank":36,"engagementSEIrank":82,"voiceSEIrank":59,"audienceSEIrank":11,"engagementSEI":0.25691032516971085,"engagementSEIadj":0.25691032516971085,"voiceSEI":4.267161410018553,"voiceSEIadj":4.267161410018553,"audienceSEI":19.086644939133212,"audienceSEIadj":19.086644939133212,"SEI":3.3429591120207136,"SEIadj":3.3429591120207136},"non_scoped":{"SEI":1.3456737235775873,"SEIrank":48,"SEIadj":0,"audienceSEI":4.882353172280215,"audienceSEIadj":0,"audienceSEIrank":15,"audienceScore":0.8996658830642849,"combinedScore":0.07834036191869835,"combinedScoreRank":56,"engagementSEI":0.05181850160057391,"engagementSEIadj":0,"engagementSEIrank":79,"engagementScore":0.021733141348438307,"voiceSEI":2.754491017964072,"voiceSEIadj":0,"voiceSEIrank":60,"voiceScore":0.27594481103779245},"scoped":{"SEI":10.231069772074637,"SEIrank":31,"SEIadj":0,"audienceSEI":63.73969061589594,"audienceSEIadj":0,"audienceSEIrank":8,"audienceScore":2.582880188253956,"combinedScore":0.343635729361779,"combinedScoreRank":62,"engagementSEI":1.406667123006366,"engagementSEIadj":0,"engagementSEIrank":70,"engagementScore":0.205876754460663,"voiceSEI":10.043668122270741,"voiceSEIadj":0,"voiceSEIrank":50,"voiceScore":0.5840528186896902}},"facebook":{"entityString":"536575feb08f37d80186a140","type":"facebook","profiles":1,"postsMade":7,"repliesMade":0,"repliesRcvd":40,"sharesMade":0,"sharesRcvd":21,"mentionsRcvd":0,"likesRcvd":279,"reachRcvd":0,"audience":7724,"voice":7,"conversation":47,"engagement":340,"group_scoped":{"audienceScore":0.7430180925482712,"voiceScore":1.5053763440860215,"engagementScore":0.200617192893431,"combinedScore":0.2929751954358025,"combinedScoreRank":80,"SEIrank":58,"engagementSEIrank":65,"voiceSEIrank":44,"audienceSEIrank":56,"engagementSEI":0.2315382310479148,"engagementSEIadj":0.2315382310479148,"voiceSEI":3.056768558951965,"voiceSEIadj":3.056768558951965,"audienceSEI":1.4205449345729078,"audienceSEIadj":1.4205449345729078,"SEI":1.198007999771629,"SEIadj":1.198007999771629},"non_scoped":{"SEI":0.6893875120125433,"SEIrank":57,"SEIadj":0,"audienceSEI":0.4159537991865098,"audienceSEIadj":0,"audienceSEIrank":96,"audienceScore":0.07933121851888902,"combinedScore":0.035013574357616276,"combinedScoreRank":68,"engagementSEI":0.04720517590869964,"engagementSEIadj":0,"engagementSEIrank":64,"engagementScore":0.021192237906555944,"voiceSEI":2.0648967551622417,"voiceSEIadj":0,"voiceSEIrank":49,"voiceScore":0.23947998631542936},"scoped":{"SEI":5.252882281473092,"SEIrank":59,"SEIadj":0,"audienceSEI":5.301959061517552,"audienceSEIadj":0,"audienceSEIrank":84,"audienceScore":0.32519791223277167,"combinedScore":0.32251560681154995,"combinedScoreRank":58,"engagementSEI":3.496143958868895,"engagementSEIadj":0,"engagementSEIrank":55,"engagementScore":0.30215776189968363,"voiceSEI":8.75,"voiceSEIadj":0,"voiceSEIrank":41,"voiceScore":0.6862745098039216}},"twitter":{"entityString":"536575feb08f37d80186a140","type":"twitter","profiles":1,"postsMade":16,"repliesMade":0,"repliesRcvd":0,"sharesMade":0,"sharesRcvd":8,"mentionsRcvd":0,"likesRcvd":63,"reachRcvd":0,"audience":116548,"voice":16,"conversation":16,"engagement":71,"group_scoped":{"audienceScore":27.45141451993942,"voiceScore":2.1739130434782608,"engagementScore":1.4070550931430836,"combinedScore":2.747615961999659,"combinedScoreRank":62,"SEIrank":28,"engagementSEIrank":68,"voiceSEIrank":68,"audienceSEIrank":5,"engagementSEI":5.848434925864909,"engagementSEIadj":5.848434925864909,"voiceSEI":5.594405594405594,"voiceSEIadj":5.594405594405594,"audienceSEI":100,"audienceSEIadj":100,"SEI":15.187382633840624,"SEIadj":15.187382633840624},"non_scoped":{"SEI":3.3958120661669984,"SEIrank":41,"SEIadj":0,"audienceSEI":20.585082050312888,"audienceSEIadj":0,"audienceSEIrank":4,"audienceScore":3.3417478200133273,"combinedScore":0.28577456489894904,"combinedScoreRank":69,"engagementSEI":0.5410760554793477,"engagementSEIadj":0,"engagementSEIrank":100,"engagementScore":0.11443860610554141,"voiceSEI":3.375527426160337,"voiceSEIadj":0,"voiceSEIrank":66,"voiceScore":0.3138485680659082},"scoped":{"SEI":14.713286713286713,"SEIrank":31,"SEIadj":0,"audienceSEI":100,"audienceSEIadj":0,"audienceSEIrank":1,"audienceScore":5.293416067371741,"combinedScore":0.47842714220205473,"combinedScoreRank":60,"engagementSEI":3.31002331002331,"engagementSEIadj":0,"engagementSEIrank":89,"engagementScore":0.20611972362538467,"voiceSEI":9.090909090909092,"voiceSEIadj":0,"voiceSEIrank":55,"voiceScore":0.5649717514124294}},"instagram":{"entityString":"536575feb08f37d80186a140","type":"instagram","profiles":0,"postsMade":0,"repliesMade":0,"repliesRcvd":0,"sharesMade":0,"sharesRcvd":0,"mentionsRcvd":0,"likesRcvd":0,"reachRcvd":0,"audience":0,"voice":0,"conversation":0,"engagement":0,"group_scoped":{"audienceScore":0,"voiceScore":0,"engagementScore":0,"combinedScore":0,"combinedScoreRank":159,"SEIrank":140,"engagementSEIrank":140,"voiceSEIrank":140,"audienceSEIrank":140,"engagementSEI":0,"engagementSEIadj":0,"voiceSEI":0,"voiceSEIadj":0,"audienceSEI":0,"audienceSEIadj":0,"SEI":0,"SEIadj":0},"non_scoped":{"SEI":0,"SEIrank":140,"SEIadj":0,"audienceSEI":0,"audienceSEIadj":0,"audienceSEIrank":140,"audienceScore":0,"combinedScore":0,"combinedScoreRank":140,"engagementSEI":0,"engagementSEIadj":0,"engagementSEIrank":140,"engagementScore":0,"voiceSEI":0,"voiceSEIadj":0,"voiceSEIrank":140,"voiceScore":0},"scoped":{"SEI":0,"SEIrank":126,"SEIadj":0,"audienceSEI":0,"audienceSEIadj":0,"audienceSEIrank":126,"audienceScore":0,"combinedScore":0,"combinedScoreRank":126,"engagementSEI":0,"engagementSEIadj":0,"engagementSEIrank":126,"engagementScore":0,"voiceSEI":0,"voiceSEIadj":0,"voiceSEIrank":126,"voiceScore":0}}},"month":{"boundaryQuantum":4987194,"combined":{"entityString":"536575feb08f37d80186a140","type":"combined","profiles":2,"postsMade":105,"repliesMade":0,"repliesRcvd":134,"sharesMade":0,"sharesRcvd":327,"mentionsRcvd":0,"likesRcvd":1714,"reachRcvd":0,"audience":124272,"voice":105,"conversation":239,"engagement":2175,"group_scoped":{"audienceScore":8.207013922046839,"voiceScore":1.8097207859358841,"engagementScore":0.21995847588496628,"combinedScore":0.6987993636956058,"combinedScoreRank":48,"SEIrank":32,"engagementSEIrank":73,"voiceSEIrank":57,"audienceSEIrank":11,"engagementSEI":0.25437346937343425,"engagementSEIadj":0.25437346937343425,"voiceSEI":4.294478527607362,"voiceSEIadj":4.294478527607362,"audienceSEI":19.086644939133212,"audienceSEIadj":19.086644939133212,"SEI":3.3496321338195907,"SEIadj":3.3496321338195907},"non_scoped":{"SEI":1.3805121777656595,"SEIrank":46,"SEIadj":0,"audienceSEI":4.882353172280215,"audienceSEIadj":0,"audienceSEIrank":15,"audienceScore":0.8996658830642849,"combinedScore":0.08124408750783223,"combinedScoreRank":54,"engagementSEI":0.05972190187485584,"engagementSEIadj":0,"engagementSEIrank":77,"engagementScore":0.024984808087955713,"voiceSEI":2.8548123980424145,"voiceSEIadj":0,"voiceSEIrank":63,"voiceScore":0.2754893215091567},"scoped":{"SEI":10.725867881028066,"SEIrank":31,"SEIadj":0,"audienceSEI":63.73969061589594,"audienceSEIadj":0,"audienceSEIrank":8,"audienceScore":2.582880188253956,"combinedScore":0.3884930692635066,"combinedScoreRank":60,"engagementSEI":1.7957842416836611,"engagementSEIadj":0,"engagementSEIrank":68,"engagementScore":0.25594438181488693,"voiceSEI":10.914760914760915,"voiceSEIadj":0,"voiceSEIrank":53,"voiceScore":0.5799823243482103}},"facebook":{"entityString":"536575feb08f37d80186a140","type":"facebook","profiles":1,"postsMade":17,"repliesMade":0,"repliesRcvd":134,"sharesMade":0,"sharesRcvd":38,"mentionsRcvd":0,"likesRcvd":759,"reachRcvd":0,"audience":7724,"voice":17,"conversation":151,"engagement":931,"group_scoped":{"audienceScore":0.7430180925482712,"voiceScore":0.7727272727272727,"engagementScore":0.09991071351917515,"combinedScore":0.16570691043103483,"combinedScoreRank":94,"SEIrank":84,"engagementSEIrank":79,"voiceSEIrank":72,"audienceSEIrank":56,"engagementSEI":0.11406434160003724,"engagementSEIadj":0.11406434160003724,"voiceSEI":1.6205910390848426,"voiceSEIadj":1.6205910390848426,"audienceSEI":1.4205449345729078,"audienceSEIadj":1.4205449345729078,"SEI":0.6966704101427659,"SEIadj":0.6966704101427659},"non_scoped":{"SEI":0.39487767840091115,"SEIrank":86,"SEIadj":0,"audienceSEI":0.4159537991865098,"audienceSEIadj":0,"audienceSEIrank":96,"audienceScore":0.07933121851888902,"combinedScore":0.021466617248330648,"combinedScoreRank":87,"engagementSEI":0.02774772519320583,"engagementSEIadj":0,"engagementSEIrank":81,"engagementScore":0.012335403190139309,"voiceSEI":1.1221122112211221,"voiceSEIadj":0,"voiceSEIrank":75,"voiceScore":0.1279638690252164},"scoped":{"SEI":3.2334567963842957,"SEIrank":79,"SEIadj":0,"audienceSEI":5.301959061517552,"audienceSEIadj":0,"audienceSEIrank":84,"audienceScore":0.32519791223277167,"combinedScore":0.19621982652211223,"combinedScoreRank":75,"engagementSEI":2.4959785522788205,"engagementSEIadj":0,"engagementSEIrank":71,"engagementScore":0.17974048639976523,"voiceSEI":4.0189125295508275,"voiceSEIadj":0,"voiceSEIrank":65,"voiceScore":0.3638698630136986}},"twitter":{"entityString":"536575feb08f37d80186a140","type":"twitter","profiles":1,"postsMade":88,"repliesMade":0,"repliesRcvd":0,"sharesMade":0,"sharesRcvd":289,"mentionsRcvd":0,"likesRcvd":955,"reachRcvd":0,"audience":116548,"voice":88,"conversation":88,"engagement":1244,"group_scoped":{"audienceScore":27.45141451993942,"voiceScore":2.501421262080728,"engagementScore":4.857287884112296,"combinedScore":5.869200884802074,"combinedScoreRank":28,"SEIrank":19,"engagementSEIrank":26,"voiceSEIrank":59,"audienceSEIrank":5,"engagementSEI":16.684549356223176,"engagementSEIadj":16.684549356223176,"voiceSEI":6.707317073170732,"voiceSEIadj":6.707317073170732,"audienceSEI":100,"audienceSEIadj":100,"SEI":22.022924735685123,"SEIadj":22.022924735685123},"non_scoped":{"SEI":4.509822945229512,"SEIrank":29,"SEIadj":0,"audienceSEI":20.585082050312888,"audienceSEIadj":0,"audienceSEIrank":4,"audienceScore":3.3417478200133273,"combinedScore":0.5968567808580254,"combinedScoreRank":35,"engagementSEI":1.9852859035125519,"engagementSEIadj":0,"engagementSEIrank":39,"engagementScore":0.45683396435666834,"voiceSEI":4.200477326968974,"voiceSEIadj":0,"voiceSEIrank":54,"voiceScore":0.3723764387271496},"scoped":{"SEI":20.402531882274136,"SEIrank":19,"SEIadj":0,"audienceSEI":100,"audienceSEIadj":0,"audienceSEIrank":1,"audienceScore":5.293416067371741,"combinedScore":1.086258925656618,"combinedScoreRank":27,"engagementSEI":10.91419547288998,"engagementSEIadj":0,"engagementSEIrank":31,"engagementScore":0.8755815508491873,"voiceSEI":12.846715328467154,"voiceSEIadj":0,"voiceSEIrank":44,"voiceScore":0.671294530475246}},"instagram":{"entityString":"536575feb08f37d80186a140","type":"instagram","profiles":0,"postsMade":0,"repliesMade":0,"repliesRcvd":0,"sharesMade":0,"sharesRcvd":0,"mentionsRcvd":0,"likesRcvd":0,"reachRcvd":0,"audience":0,"voice":0,"conversation":0,"engagement":0,"group_scoped":{"audienceScore":0,"voiceScore":0,"engagementScore":0,"combinedScore":0,"combinedScoreRank":159,"SEIrank":140,"engagementSEIrank":140,"voiceSEIrank":140,"audienceSEIrank":140,"engagementSEI":0,"engagementSEIadj":0,"voiceSEI":0,"voiceSEIadj":0,"audienceSEI":0,"audienceSEIadj":0,"SEI":0,"SEIadj":0},"non_scoped":{"SEI":0,"SEIrank":140,"SEIadj":0,"audienceSEI":0,"audienceSEIadj":0,"audienceSEIrank":140,"audienceScore":0,"combinedScore":0,"combinedScoreRank":140,"engagementSEI":0,"engagementSEIadj":0,"engagementSEIrank":140,"engagementScore":0,"voiceSEI":0,"voiceSEIadj":0,"voiceSEIrank":140,"voiceScore":0},"scoped":{"SEI":0,"SEIrank":126,"SEIadj":0,"audienceSEI":0,"audienceSEIadj":0,"audienceSEIrank":126,"audienceScore":0,"combinedScore":0,"combinedScoreRank":126,"engagementSEI":0,"engagementSEIadj":0,"engagementSEIrank":126,"engagementScore":0,"voiceSEI":0,"voiceSEIadj":0,"voiceSEIrank":126,"voiceScore":0}}},"quarter":{"boundaryQuantum":4969914,"combined":{"entityString":"536575feb08f37d80186a140","type":"combined","profiles":2,"postsMade":284,"repliesMade":0,"repliesRcvd":237,"sharesMade":0,"sharesRcvd":919,"mentionsRcvd":0,"likesRcvd":4512,"reachRcvd":0,"audience":124272,"voice":284,"conversation":521,"engagement":5668,"group_scoped":{"audienceScore":8.207013922046839,"voiceScore":1.6861604227275426,"engagementScore":0.19934071259732716,"combinedScore":0.6740653585763136,"combinedScoreRank":47,"SEIrank":34,"engagementSEIrank":75,"voiceSEIrank":60,"audienceSEIrank":11,"engagementSEI":0.22668454653692163,"engagementSEIadj":0.22668454653692163,"voiceSEI":4.074020943910487,"voiceSEIadj":4.074020943910487,"audienceSEI":19.086644939133212,"audienceSEIadj":19.086644939133212,"SEI":3.26688150500862,"SEIadj":3.26688150500862},"non_scoped":{"SEI":1.3139839882037279,"SEIrank":52,"SEIadj":0,"audienceSEI":4.882353172280215,"audienceSEIadj":0,"audienceSEIrank":15,"audienceScore":0.8996658830642849,"combinedScore":0.07616247151407737,"combinedScoreRank":54,"engagementSEI":0.049764833067871134,"engagementSEIadj":0,"engagementSEIrank":81,"engagementScore":0.02048912175121984,"voiceSEI":2.652965903783279,"voiceSEIadj":0,"voiceSEIrank":66,"voiceScore":0.2547793556953054},"scoped":{"SEI":10.403132611389289,"SEIrank":36,"SEIadj":0,"audienceSEI":63.73969061589594,"audienceSEIadj":0,"audienceSEIrank":8,"audienceScore":2.582880188253956,"combinedScore":0.3439907217019675,"combinedScoreRank":60,"engagementSEI":1.4812143448867008,"engagementSEIadj":0,"engagementSEIrank":72,"engagementScore":0.20873305516989943,"voiceSEI":10.46811647622558,"voiceSEIadj":0,"voiceSEIrank":56,"voiceScore":0.5397392527272036}},"facebook":{"entityString":"536575feb08f37d80186a140","type":"facebook","profiles":1,"postsMade":33,"repliesMade":0,"repliesRcvd":237,"sharesMade":0,"sharesRcvd":64,"mentionsRcvd":0,"likesRcvd":1656,"reachRcvd":0,"audience":7724,"voice":33,"conversation":270,"engagement":1957,"group_scoped":{"audienceScore":0.7430180925482712,"voiceScore":0.5380727213435512,"engagementScore":0.07202142462573333,"combinedScore":0.12887382285775112,"combinedScoreRank":103,"SEIrank":99,"engagementSEIrank":90,"voiceSEIrank":94,"audienceSEIrank":56,"engagementSEI":0.08079765492754222,"engagementSEIadj":0.08079765492754222,"voiceSEI":1.0974393082806784,"voiceSEIadj":1.0974393082806784,"audienceSEI":1.4205449345729078,"audienceSEIadj":1.4205449345729078,"SEI":0.5197648788980196,"SEIadj":0.5197648788980196},"non_scoped":{"SEI":0.26918924827894714,"SEIrank":103,"SEIadj":0,"audienceSEI":0.4159537991865098,"audienceSEIadj":0,"audienceSEIrank":96,"audienceScore":0.07933121851888902,"combinedScore":0.015282749454932573,"combinedScoreRank":99,"engagementSEI":0.018272785706255772,"engagementSEIadj":0,"engagementSEIrank":92,"engagementScore":0.007983898716024269,"voiceSEI":0.7221006564551422,"voiceSEIadj":0,"voiceSEIrank":100,"voiceScore":0.08261359369132557},"scoped":{"SEI":2.6055777414010706,"SEIrank":89,"SEIadj":0,"audienceSEI":5.301959061517552,"audienceSEIadj":0,"audienceSEIrank":84,"audienceScore":0.32519791223277167,"combinedScore":0.1271453284630089,"combinedScoreRank":85,"engagementSEI":1.696149212595013,"engagementSEIadj":0,"engagementSEIrank":82,"engagementScore":0.11038642015767715,"voiceSEI":3.5256410256410255,"voiceSEIadj":0,"voiceSEIrank":90,"voiceScore":0.23075309418921752}},"twitter":{"entityString":"536575feb08f37d80186a140","type":"twitter","profiles":1,"postsMade":251,"repliesMade":0,"repliesRcvd":0,"sharesMade":0,"sharesRcvd":855,"mentionsRcvd":0,"likesRcvd":2856,"reachRcvd":0,"audience":116548,"voice":251,"conversation":251,"engagement":3711,"group_scoped":{"audienceScore":27.45141451993942,"voiceScore":2.3784705770870844,"engagementScore":5.308481267970303,"combinedScore":6.269127396024598,"combinedScoreRank":25,"SEIrank":19,"engagementSEIrank":25,"voiceSEIrank":57,"audienceSEIrank":5,"engagementSEI":16.813156940920624,"engagementSEIadj":16.813156940920624,"voiceSEI":6.59311794063567,"voiceSEIadj":6.59311794063567,"audienceSEI":100,"audienceSEIadj":100,"SEI":22.065829546743075,"SEIadj":22.065829546743075},"non_scoped":{"SEI":4.519399921912099,"SEIrank":30,"SEIadj":0,"audienceSEI":20.585082050312888,"audienceSEIadj":0,"audienceSEIrank":4,"audienceScore":3.3417478200133273,"combinedScore":0.6094089386843955,"combinedScoreRank":33,"engagementSEI":2.0077257677075893,"engagementSEIadj":0,"engagementSEIrank":38,"engagementScore":0.4711716824676141,"voiceSEI":4.187520854187521,"voiceSEIadj":0,"voiceSEIrank":53,"voiceScore":0.3653406692575288},"scoped":{"SEI":21.324272602592856,"SEIrank":17,"SEIadj":0,"audienceSEI":100,"audienceSEIadj":0,"audienceSEIrank":1,"audienceScore":5.293416067371741,"combinedScore":1.1402697421774668,"combinedScoreRank":25,"engagementSEI":12.226541908276225,"engagementSEIadj":0,"engagementSEIrank":30,"engagementScore":0.9357530277700029,"voiceSEI":13.29449152542373,"voiceSEIadj":0,"voiceSEIrank":43,"voiceScore":0.6684242763175415}},"instagram":{"entityString":"536575feb08f37d80186a140","type":"instagram","profiles":0,"postsMade":0,"repliesMade":0,"repliesRcvd":0,"sharesMade":0,"sharesRcvd":0,"mentionsRcvd":0,"likesRcvd":0,"reachRcvd":0,"audience":0,"voice":0,"conversation":0,"engagement":0,"group_scoped":{"audienceScore":0,"voiceScore":0,"engagementScore":0,"combinedScore":0,"combinedScoreRank":159,"SEIrank":140,"engagementSEIrank":140,"voiceSEIrank":140,"audienceSEIrank":140,"engagementSEI":0,"engagementSEIadj":0,"voiceSEI":0,"voiceSEIadj":0,"audienceSEI":0,"audienceSEIadj":0,"SEI":0,"SEIadj":0},"non_scoped":{"SEI":0,"SEIrank":140,"SEIadj":0,"audienceSEI":0,"audienceSEIadj":0,"audienceSEIrank":140,"audienceScore":0,"combinedScore":0,"combinedScoreRank":140,"engagementSEI":0,"engagementSEIadj":0,"engagementSEIrank":140,"engagementScore":0,"voiceSEI":0,"voiceSEIadj":0,"voiceSEIrank":140,"voiceScore":0},"scoped":{"SEI":0,"SEIrank":126,"SEIadj":0,"audienceSEI":0,"audienceSEIadj":0,"audienceSEIrank":126,"audienceScore":0,"combinedScore":0,"combinedScoreRank":126,"engagementSEI":0,"engagementSEIadj":0,"engagementSEIrank":126,"engagementScore":0,"voiceSEI":0,"voiceSEIadj":0,"voiceSEIrank":126,"voiceScore":0}}},"blended":{"combined":{"non_scoped":{"SEI":1.313645264463464,"SEIadj":60.52545810578538,"SEIrank":52,"audienceSEI":4.882353172280215,"audienceSEIadj":71.46470595168407,"audienceSEIrank":15,"engagementSEI":0.05091061155632674,"engagementSEIadj":50.025455305778166,"engagementSEIrank":82,"voiceSEI":2.6495452676721545,"voiceSEIadj":61.059818107068864,"voiceSEIrank":63},"scoped":{"SEI":7.871373494390385,"SEIadj":53.93568674719519,"SEIrank":99,"compCharisma":0,"compInfluence":0,"compEva":7.871373494390385,"audienceSEI":63.73969061589594,"audienceSEIadj":89.12190718476879,"audienceSEIrank":8,"engagementSEI":1.5111306184210282,"engagementSEIadj":50.75556530921052,"engagementSEIrank":75,"voiceSEI":10.254743182378519,"voiceSEIadj":64.1018972729514,"voiceSEIrank":54}},"facebook":{"non_scoped":{"SEI":0.40370976705313455,"SEIadj":50.201854883526565,"SEIrank":89,"audienceSEI":0.4159537991865098,"audienceSEIadj":50.207976899593255,"audienceSEIrank":96,"engagementSEI":0.029105885327766635,"engagementSEIadj":50.01455294266388,"engagementSEIrank":80,"voiceSEI":1.148836186459412,"voiceSEIadj":50.5744180932297,"voiceSEIrank":78},"scoped":{"SEI":3.438736783202493,"SEIadj":51.71936839160124,"SEIrank":78,"audienceSEI":5.301959061517552,"audienceSEIadj":52.650979530758775,"audienceSEIrank":84,"engagementSEI":2.3522394322913276,"engagementSEIadj":51.176119716145664,"engagementSEIrank":70,"voiceSEI":4.990657392253137,"voiceSEIadj":52.49532869612657,"voiceSEIrank":70}},"twitter":{"non_scoped":{"SEI":4.094464333950456,"SEIadj":61.63778573358018,"SEIrank":32,"audienceSEI":20.585082050312888,"audienceSEIadj":76.17552461509386,"audienceSEIrank":4,"engagementSEI":1.4688353125907758,"engagementSEIadj":60.58753412503631,"engagementSEIrank":54,"voiceSEI":3.8488498045490056,"voiceSEIadj":61.5395399218196,"voiceSEIrank":56},"scoped":{"SEI":18.78821347597694,"SEIadj":67.51528539039077,"SEIrank":23,"audienceSEI":98,"audienceSEIadj":98,"audienceSEIrank":1,"engagementSEI":8.778868260986403,"engagementSEIadj":63.51154730439456,"engagementSEIrank":44,"voiceSEI":11.736308397950317,"voiceSEIadj":64.69452335918012,"voiceSEIrank":46}},"instagram":{"non_scoped":{"SEI":0,"SEIadj":0,"SEIrank":140,"audienceSEI":0,"audienceSEIadj":0,"audienceSEIrank":140,"engagementSEI":0,"engagementSEIadj":0,"engagementSEIrank":140,"voiceSEI":0,"voiceSEIadj":0,"voiceSEIrank":140},"scoped":{"SEI":0,"SEIadj":0,"SEIrank":126,"audienceSEI":0,"audienceSEIadj":0,"audienceSEIrank":126,"engagementSEI":0,"engagementSEIadj":0,"engagementSEIrank":126,"voiceSEI":0,"voiceSEIadj":0,"voiceSEIrank":126}},"influence":{"instagram":{"scope":"individual","ratio":0,"calculated":false},"combined":{"ratio":0.08,"bottom":false,"scope":"individual","calculated":true},"facebook":{"ratio":0.3,"bottom":false,"scope":"individual","calculated":true},"twitter":{"ratio":0.39,"bottom":false,"scope":"individual","calculated":true}},"charisma":{"instagram":{"scope":"individual","ratio":0,"calculated":false},"combined":{"ratio":0.35,"bottom":false,"scope":"individual","calculated":true},"facebook":{"ratio":0.36,"bottom":false,"scope":"individual","calculated":true},"twitter":{"ratio":1.57,"bottom":false,"scope":"individual","calculated":true}}},"scope":"individual"}}