{"scoreEntityString":"591d1494ab33fb0001804f89.asset.536575feb08f37d80186a093","timeQuantum":4995834,"scoreEntityType":"asset","scoreProfileID":"591d1494ab33fb0001804f89","data":{"scoreEntityString":"591d1494ab33fb0001804f89.asset.536575feb08f37d80186a093","scoreProfileID":"591d1494ab33fb0001804f89","scoreEntityType":"asset","entityID":"asset.536575feb08f37d80186a093","object_version":"1.2","score_engine_version":"3.0.20","timestamp":4995834,"start_quantum":4969914,"end_quantum":4995833,"schedule_options":{"interval":15,"offset":"1"},"_15min":{"boundaryQuantum":4995831,"combined":{"entityString":"536575feb08f37d80186a093","type":"combined","profiles":2,"postsMade":0,"repliesMade":0,"repliesRcvd":0,"sharesMade":0,"sharesRcvd":0,"mentionsRcvd":0,"likesRcvd":0,"reachRcvd":0,"audience":17120,"voice":0,"conversation":0,"engagement":0,"group_scoped":{"audienceScore":0.7448867354468625,"voiceScore":0,"engagementScore":0,"combinedScore":0.7448867354468625,"engagementSEI":0,"engagementSEIadj":0,"voiceSEI":0,"voiceSEIadj":0,"audienceSEI":1.1578167849619077,"audienceSEIadj":1.1578167849619077,"SEI":0.11578167849619077,"SEIadj":0.11578167849619077,"combinedScoreRank":95,"SEIrank":105,"engagementSEIrank":193,"voiceSEIrank":191,"audienceSEIrank":103},"non_scoped":{"SEI":0.06726043381408305,"SEIrank":97,"SEIadj":0,"audienceSEI":0.6726043381408304,"audienceSEIadj":0,"audienceSEIrank":96,"audienceScore":0.12394006629056067,"combinedScore":0.006197003314528034,"combinedScoreRank":97,"engagementSEI":0,"engagementSEIadj":0,"engagementSEIrank":193,"engagementScore":0,"voiceSEI":0,"voiceSEIadj":0,"voiceSEIrank":191,"voiceScore":0},"scoped":{"SEI":0.8780928152312175,"SEIrank":85,"SEIadj":0,"audienceSEI":8.780928152312175,"audienceSEIadj":0,"audienceSEIrank":84,"audienceScore":0.35582358715485163,"combinedScore":0.017791179357742583,"combinedScoreRank":85,"engagementSEI":0,"engagementSEIadj":0,"engagementSEIrank":173,"engagementScore":0,"voiceSEI":0,"voiceSEIadj":0,"voiceSEIrank":173,"voiceScore":0}},"facebook":{"entityString":"536575feb08f37d80186a093","type":"facebook","profiles":1,"postsMade":0,"repliesMade":0,"repliesRcvd":0,"sharesMade":0,"sharesRcvd":0,"mentionsRcvd":0,"likesRcvd":0,"reachRcvd":0,"audience":8289,"voice":0,"conversation":0,"engagement":0,"group_scoped":{"audienceScore":0.5352255095102774,"voiceScore":0,"engagementScore":0,"combinedScore":0.5352255095102774,"engagementSEI":0,"engagementSEIadj":0,"voiceSEI":0,"voiceSEIadj":0,"audienceSEI":0.7546424302235705,"audienceSEIadj":0.7546424302235705,"SEI":0.07546424302235705,"SEIadj":0.07546424302235705,"combinedScoreRank":89,"SEIrank":92,"engagementSEIrank":193,"voiceSEIrank":191,"audienceSEIrank":91},"non_scoped":{"SEI":0.04463802487644977,"SEIrank":94,"SEIadj":0,"audienceSEI":0.44638024876449767,"audienceSEIadj":0,"audienceSEIrank":94,"audienceScore":0.08513418828367053,"combinedScore":0.004256709414183527,"combinedScoreRank":94,"engagementSEI":0,"engagementSEIadj":0,"engagementSEIrank":193,"engagementScore":0,"voiceSEI":0,"voiceSEIadj":0,"voiceSEIrank":191,"voiceScore":0},"scoped":{"SEI":0.5689790090745597,"SEIrank":82,"SEIadj":0,"audienceSEI":5.689790090745596,"audienceSEIadj":0,"audienceSEIrank":82,"audienceScore":0.34898569322856604,"combinedScore":0.017449284661428303,"combinedScoreRank":82,"engagementSEI":0,"engagementSEIadj":0,"engagementSEIrank":173,"engagementScore":0,"voiceSEI":0,"voiceSEIadj":0,"voiceSEIrank":173,"voiceScore":0}},"twitter":{"entityString":"536575feb08f37d80186a093","type":"twitter","profiles":1,"postsMade":0,"repliesMade":0,"repliesRcvd":0,"sharesMade":0,"sharesRcvd":0,"mentionsRcvd":0,"likesRcvd":0,"reachRcvd":0,"audience":8831,"voice":0,"conversation":0,"engagement":0,"group_scoped":{"audienceScore":1.3842213500194365,"voiceScore":0,"engagementScore":0,"combinedScore":1.3842213500194365,"engagementSEI":0,"engagementSEIadj":0,"voiceSEI":0,"voiceSEIadj":0,"audienceSEI":3.288070087907751,"audienceSEIadj":3.288070087907751,"SEI":0.3288070087907751,"SEIadj":0.3288070087907751,"combinedScoreRank":107,"SEIrank":125,"engagementSEIrank":191,"voiceSEIrank":191,"audienceSEIrank":124},"non_scoped":{"SEI":0.15597595804845482,"SEIrank":90,"SEIadj":0,"audienceSEI":1.559759580484548,"audienceSEIadj":0,"audienceSEIrank":89,"audienceScore":0.25320876375860324,"combinedScore":0.012660438187930162,"combinedScoreRank":90,"engagementSEI":0,"engagementSEIadj":0,"engagementSEIrank":191,"engagementScore":0,"voiceSEI":0,"voiceSEIadj":0,"voiceSEIrank":191,"voiceScore":0},"scoped":{"SEI":0.7577135600782511,"SEIrank":78,"SEIadj":0,"audienceSEI":7.57713560078251,"audienceSEIadj":0,"audienceSEIrank":77,"audienceScore":0.4010893133383657,"combinedScore":0.05729847333405225,"combinedScoreRank":78,"engagementSEI":0,"engagementSEIadj":0,"engagementSEIrank":173,"engagementScore":0,"voiceSEI":0,"voiceSEIadj":0,"voiceSEIrank":173,"voiceScore":0}},"instagram":{"entityString":"536575feb08f37d80186a093","type":"instagram","profiles":0,"postsMade":0,"repliesMade":0,"repliesRcvd":0,"sharesMade":0,"sharesRcvd":0,"mentionsRcvd":0,"likesRcvd":0,"reachRcvd":0,"audience":0,"voice":0,"conversation":0,"engagement":0,"group_scoped":{"audienceScore":0,"voiceScore":0,"engagementScore":0,"combinedScore":0,"engagementSEI":0,"engagementSEIadj":0,"voiceSEI":0,"voiceSEIadj":0,"audienceSEI":0,"audienceSEIadj":0,"SEI":0,"SEIadj":0,"combinedScoreRank":211,"SEIrank":192,"engagementSEIrank":192,"voiceSEIrank":191,"audienceSEIrank":192},"non_scoped":{"SEI":0,"SEIrank":192,"SEIadj":0,"audienceSEI":0,"audienceSEIadj":0,"audienceSEIrank":192,"audienceScore":0,"combinedScore":0,"combinedScoreRank":192,"engagementSEI":0,"engagementSEIadj":0,"engagementSEIrank":192,"engagementScore":0,"voiceSEI":0,"voiceSEIadj":0,"voiceSEIrank":191,"voiceScore":0},"scoped":{"SEI":0,"SEIrank":173,"SEIadj":0,"audienceSEI":0,"audienceSEIadj":0,"audienceSEIrank":173,"audienceScore":0,"combinedScore":0,"combinedScoreRank":173,"engagementSEI":0,"engagementSEIadj":0,"engagementSEIrank":173,"engagementScore":0,"voiceSEI":0,"voiceSEIadj":0,"voiceSEIrank":173,"voiceScore":0}}},"hour":{"boundaryQuantum":4995822,"combined":{"entityString":"536575feb08f37d80186a093","type":"combined","profiles":2,"postsMade":0,"repliesMade":0,"repliesRcvd":0,"sharesMade":0,"sharesRcvd":0,"mentionsRcvd":0,"likesRcvd":0,"reachRcvd":0,"audience":17120,"voice":0,"conversation":0,"engagement":0,"group_scoped":{"audienceScore":0.7448867354468625,"voiceScore":0,"engagementScore":0,"combinedScore":0.7448867354468625,"combinedScoreRank":86,"SEIrank":122,"engagementSEIrank":199,"voiceSEIrank":196,"audienceSEIrank":103,"engagementSEI":0,"engagementSEIadj":0,"voiceSEI":0,"voiceSEIadj":0,"audienceSEI":1.1578167849619077,"audienceSEIadj":1.1578167849619077,"SEI":0.11578167849619077,"SEIadj":0.11578167849619077},"non_scoped":{"SEI":0.06726043381408305,"SEIrank":114,"SEIadj":0,"audienceSEI":0.6726043381408304,"audienceSEIadj":0,"audienceSEIrank":96,"audienceScore":0.12394006629056067,"combinedScore":0.006197003314528034,"combinedScoreRank":116,"engagementSEI":0,"engagementSEIadj":0,"engagementSEIrank":199,"engagementScore":0,"voiceSEI":0,"voiceSEIadj":0,"voiceSEIrank":196,"voiceScore":0},"scoped":{"SEI":0.8780928152312175,"SEIrank":103,"SEIadj":0,"audienceSEI":8.780928152312175,"audienceSEIadj":0,"audienceSEIrank":84,"audienceScore":0.35582358715485163,"combinedScore":0.017791179357742583,"combinedScoreRank":104,"engagementSEI":0,"engagementSEIadj":0,"engagementSEIrank":179,"engagementScore":0,"voiceSEI":0,"voiceSEIadj":0,"voiceSEIrank":176,"voiceScore":0}},"facebook":{"entityString":"536575feb08f37d80186a093","type":"facebook","profiles":1,"postsMade":0,"repliesMade":0,"repliesRcvd":0,"sharesMade":0,"sharesRcvd":0,"mentionsRcvd":0,"likesRcvd":0,"reachRcvd":0,"audience":8289,"voice":0,"conversation":0,"engagement":0,"group_scoped":{"audienceScore":0.5352255095102774,"voiceScore":0,"engagementScore":0,"combinedScore":0.5352255095102774,"combinedScoreRank":82,"SEIrank":100,"engagementSEIrank":197,"voiceSEIrank":194,"audienceSEIrank":91,"engagementSEI":0,"engagementSEIadj":0,"voiceSEI":0,"voiceSEIadj":0,"audienceSEI":0.7546424302235705,"audienceSEIadj":0.7546424302235705,"SEI":0.07546424302235705,"SEIadj":0.07546424302235705},"non_scoped":{"SEI":0.04463802487644977,"SEIrank":101,"SEIadj":0,"audienceSEI":0.44638024876449767,"audienceSEIadj":0,"audienceSEIrank":94,"audienceScore":0.08513418828367053,"combinedScore":0.004256709414183527,"combinedScoreRank":101,"engagementSEI":0,"engagementSEIadj":0,"engagementSEIrank":197,"engagementScore":0,"voiceSEI":0,"voiceSEIadj":0,"voiceSEIrank":194,"voiceScore":0},"scoped":{"SEI":0.5689790090745597,"SEIrank":89,"SEIadj":0,"audienceSEI":5.689790090745596,"audienceSEIadj":0,"audienceSEIrank":82,"audienceScore":0.34898569322856604,"combinedScore":0.017449284661428303,"combinedScoreRank":89,"engagementSEI":0,"engagementSEIadj":0,"engagementSEIrank":177,"engagementScore":0,"voiceSEI":0,"voiceSEIadj":0,"voiceSEIrank":174,"voiceScore":0}},"twitter":{"entityString":"536575feb08f37d80186a093","type":"twitter","profiles":1,"postsMade":0,"repliesMade":0,"repliesRcvd":0,"sharesMade":0,"sharesRcvd":0,"mentionsRcvd":0,"likesRcvd":0,"reachRcvd":0,"audience":8831,"voice":0,"conversation":0,"engagement":0,"group_scoped":{"audienceScore":1.3842213500194365,"voiceScore":0,"engagementScore":0,"combinedScore":1.3842213500194365,"combinedScoreRank":114,"SEIrank":139,"engagementSEIrank":195,"voiceSEIrank":196,"audienceSEIrank":124,"engagementSEI":0,"engagementSEIadj":0,"voiceSEI":0,"voiceSEIadj":0,"audienceSEI":3.288070087907751,"audienceSEIadj":3.288070087907751,"SEI":0.3288070087907751,"SEIadj":0.3288070087907751},"non_scoped":{"SEI":0.15597595804845482,"SEIrank":103,"SEIadj":0,"audienceSEI":1.559759580484548,"audienceSEIadj":0,"audienceSEIrank":89,"audienceScore":0.25320876375860324,"combinedScore":0.012660438187930162,"combinedScoreRank":103,"engagementSEI":0,"engagementSEIadj":0,"engagementSEIrank":195,"engagementScore":0,"voiceSEI":0,"voiceSEIadj":0,"voiceSEIrank":196,"voiceScore":0},"scoped":{"SEI":0.7577135600782511,"SEIrank":91,"SEIadj":0,"audienceSEI":7.57713560078251,"audienceSEIadj":0,"audienceSEIrank":77,"audienceScore":0.4010893133383657,"combinedScore":0.02005446566691829,"combinedScoreRank":91,"engagementSEI":0,"engagementSEIadj":0,"engagementSEIrank":175,"engagementScore":0,"voiceSEI":0,"voiceSEIadj":0,"voiceSEIrank":176,"voiceScore":0}},"instagram":{"entityString":"536575feb08f37d80186a093","type":"instagram","profiles":0,"postsMade":0,"repliesMade":0,"repliesRcvd":0,"sharesMade":0,"sharesRcvd":0,"mentionsRcvd":0,"likesRcvd":0,"reachRcvd":0,"audience":0,"voice":0,"conversation":0,"engagement":0,"group_scoped":{"audienceScore":0,"voiceScore":0,"engagementScore":0,"combinedScore":0,"combinedScoreRank":211,"SEIrank":192,"engagementSEIrank":192,"voiceSEIrank":191,"audienceSEIrank":192,"engagementSEI":0,"engagementSEIadj":0,"voiceSEI":0,"voiceSEIadj":0,"audienceSEI":0,"audienceSEIadj":0,"SEI":0,"SEIadj":0},"non_scoped":{"SEI":0,"SEIrank":192,"SEIadj":0,"audienceSEI":0,"audienceSEIadj":0,"audienceSEIrank":192,"audienceScore":0,"combinedScore":0,"combinedScoreRank":192,"engagementSEI":0,"engagementSEIadj":0,"engagementSEIrank":192,"engagementScore":0,"voiceSEI":0,"voiceSEIadj":0,"voiceSEIrank":191,"voiceScore":0},"scoped":{"SEI":0,"SEIrank":173,"SEIadj":0,"audienceSEI":0,"audienceSEIadj":0,"audienceSEIrank":173,"audienceScore":0,"combinedScore":0,"combinedScoreRank":173,"engagementSEI":0,"engagementSEIadj":0,"engagementSEIrank":173,"engagementScore":0,"voiceSEI":0,"voiceSEIadj":0,"voiceSEIrank":173,"voiceScore":0}}},"today":{"boundaryQuantum":4995546,"combined":{"entityString":"536575feb08f37d80186a093","type":"combined","profiles":2,"postsMade":0,"repliesMade":0,"repliesRcvd":0,"sharesMade":0,"sharesRcvd":0,"mentionsRcvd":0,"likesRcvd":3,"reachRcvd":0,"audience":17120,"voice":0,"conversation":0,"engagement":3,"group_scoped":{"audienceScore":0.7448867354468625,"voiceScore":0,"engagementScore":0.018157608037767826,"combinedScore":0.12197605481049562,"combinedScoreRank":174,"SEIrank":164,"engagementSEIrank":133,"voiceSEIrank":213,"audienceSEIrank":103,"engagementSEI":0.02055780168573974,"engagementSEIadj":0.02055780168573974,"voiceSEI":0,"voiceSEIadj":0,"audienceSEI":1.1578167849619077,"audienceSEIadj":1.1578167849619077,"SEI":0.12811635950763461,"SEIadj":0.12811635950763461},"non_scoped":{"SEI":0.0690896649272718,"SEIrank":161,"SEIadj":0,"audienceSEI":0.6726043381408304,"audienceSEIadj":0,"audienceSEIrank":96,"audienceScore":0.12394006629056067,"combinedScore":0.0072016283103420965,"combinedScoreRank":155,"engagementSEI":0.0030487185219812605,"engagementSEIadj":0,"engagementSEIrank":147,"engagementScore":0.0011162499953489584,"voiceSEI":0,"voiceSEIadj":0,"voiceSEIrank":213,"voiceScore":0},"scoped":{"SEI":0.9730796226190803,"SEIrank":148,"SEIadj":0,"audienceSEI":8.780928152312175,"audienceSEIadj":0,"audienceSEIrank":84,"audienceScore":0.35582358715485163,"combinedScore":0.028959279953374613,"combinedScoreRank":143,"engagementSEI":0.15831134564643798,"engagementSEIadj":0,"engagementSEIrank":135,"engagementScore":0.012409000661813368,"voiceSEI":0,"voiceSEIadj":0,"voiceSEIrank":193,"voiceScore":0}},"facebook":{"entityString":"536575feb08f37d80186a093","type":"facebook","profiles":1,"postsMade":0,"repliesMade":0,"repliesRcvd":0,"sharesMade":0,"sharesRcvd":0,"mentionsRcvd":0,"likesRcvd":0,"reachRcvd":0,"audience":8289,"voice":0,"conversation":0,"engagement":0,"group_scoped":{"audienceScore":0.5352255095102774,"voiceScore":0,"engagementScore":0,"combinedScore":0.5352255095102774,"combinedScoreRank":61,"SEIrank":117,"engagementSEIrank":205,"voiceSEIrank":203,"audienceSEIrank":91,"engagementSEI":0,"engagementSEIadj":0,"voiceSEI":0,"voiceSEIadj":0,"audienceSEI":0.7546424302235705,"audienceSEIadj":0.7546424302235705,"SEI":0.07546424302235705,"SEIadj":0.07546424302235705},"non_scoped":{"SEI":0.04463802487644977,"SEIrank":114,"SEIadj":0,"audienceSEI":0.44638024876449767,"audienceSEIadj":0,"audienceSEIrank":94,"audienceScore":0.08513418828367053,"combinedScore":0.004256709414183527,"combinedScoreRank":115,"engagementSEI":0,"engagementSEIadj":0,"engagementSEIrank":205,"engagementScore":0,"voiceSEI":0,"voiceSEIadj":0,"voiceSEIrank":203,"voiceScore":0},"scoped":{"SEI":0.5689790090745597,"SEIrank":103,"SEIadj":0,"audienceSEI":5.689790090745596,"audienceSEIadj":0,"audienceSEIrank":82,"audienceScore":0.34898569322856604,"combinedScore":0.017449284661428303,"combinedScoreRank":105,"engagementSEI":0,"engagementSEIadj":0,"engagementSEIrank":185,"engagementScore":0,"voiceSEI":0,"voiceSEIadj":0,"voiceSEIrank":183,"voiceScore":0}},"twitter":{"entityString":"536575feb08f37d80186a093","type":"twitter","profiles":1,"postsMade":0,"repliesMade":0,"repliesRcvd":0,"sharesMade":0,"sharesRcvd":0,"mentionsRcvd":0,"likesRcvd":3,"reachRcvd":0,"audience":8831,"voice":0,"conversation":0,"engagement":3,"group_scoped":{"audienceScore":1.3842213500194365,"voiceScore":0,"engagementScore":0.1440922190201729,"combinedScore":0.3212535234486391,"combinedScoreRank":196,"SEIrank":162,"engagementSEIrank":138,"voiceSEIrank":209,"audienceSEIrank":124,"engagementSEI":0.26362038664323373,"engagementSEIadj":0.26362038664323373,"voiceSEI":0,"voiceSEIadj":0,"audienceSEI":3.288070087907751,"audienceSEIadj":3.288070087907751,"SEI":0.4869792407767154,"SEIadj":0.4869792407767154},"non_scoped":{"SEI":0.24339703624175252,"SEIrank":146,"SEIadj":0,"audienceSEI":1.559759580484548,"audienceSEIadj":0,"audienceSEIrank":89,"audienceScore":0.25320876375860324,"combinedScore":0.04402660919164764,"combinedScoreRank":131,"engagementSEI":0.1457017969888295,"engagementSEIadj":0,"engagementSEIrank":127,"engagementScore":0.03485130111524164,"voiceSEI":0,"voiceSEIadj":0,"voiceSEIrank":209,"voiceScore":0},"scoped":{"SEI":1.3960114324186765,"SEIrank":133,"SEIadj":0,"audienceSEI":7.57713560078251,"audienceSEIadj":0,"audienceSEIrank":77,"audienceScore":0.4010893133383657,"combinedScore":0.08682004430193314,"combinedScoreRank":120,"engagementSEI":1.0638297872340425,"engagementSEIadj":0,"engagementSEIrank":116,"engagementScore":0.0741839762611276,"voiceSEI":0,"voiceSEIadj":0,"voiceSEIrank":189,"voiceScore":0}},"instagram":{"entityString":"536575feb08f37d80186a093","type":"instagram","profiles":0,"postsMade":0,"repliesMade":0,"repliesRcvd":0,"sharesMade":0,"sharesRcvd":0,"mentionsRcvd":0,"likesRcvd":0,"reachRcvd":0,"audience":0,"voice":0,"conversation":0,"engagement":0,"group_scoped":{"audienceScore":0,"voiceScore":0,"engagementScore":0,"combinedScore":0,"combinedScoreRank":211,"SEIrank":192,"engagementSEIrank":192,"voiceSEIrank":192,"audienceSEIrank":192,"engagementSEI":0,"engagementSEIadj":0,"voiceSEI":0,"voiceSEIadj":0,"audienceSEI":0,"audienceSEIadj":0,"SEI":0,"SEIadj":0},"non_scoped":{"SEI":0,"SEIrank":192,"SEIadj":0,"audienceSEI":0,"audienceSEIadj":0,"audienceSEIrank":192,"audienceScore":0,"combinedScore":0,"combinedScoreRank":192,"engagementSEI":0,"engagementSEIadj":0,"engagementSEIrank":192,"engagementScore":0,"voiceSEI":0,"voiceSEIadj":0,"voiceSEIrank":192,"voiceScore":0},"scoped":{"SEI":0,"SEIrank":173,"SEIadj":0,"audienceSEI":0,"audienceSEIadj":0,"audienceSEIrank":173,"audienceScore":0,"combinedScore":0,"combinedScoreRank":173,"engagementSEI":0,"engagementSEIadj":0,"engagementSEIrank":173,"engagementScore":0,"voiceSEI":0,"voiceSEIadj":0,"voiceSEIrank":173,"voiceScore":0}}},"week":{"boundaryQuantum":4993818,"combined":{"entityString":"536575feb08f37d80186a093","type":"combined","profiles":2,"postsMade":13,"repliesMade":0,"repliesRcvd":30,"sharesMade":0,"sharesRcvd":21,"mentionsRcvd":0,"likesRcvd":303,"reachRcvd":0,"audience":17120,"voice":13,"conversation":43,"engagement":354,"group_scoped":{"audienceScore":0.7448867354468625,"voiceScore":0.8264462809917356,"engagementScore":0.2911088451037795,"combinedScore":0.34056461141533145,"combinedScoreRank":95,"SEIrank":100,"engagementSEIrank":72,"voiceSEIrank":97,"audienceSEIrank":103,"engagementSEI":0.34608165180666356,"engagementSEIadj":0.34608165180666356,"voiceSEI":2.1702838063439067,"voiceSEIadj":2.1702838063439067,"audienceSEI":1.1578167849619077,"audienceSEIadj":1.1578167849619077,"SEI":0.974515811483361,"SEIadj":0.974515811483361},"non_scoped":{"SEI":0.561105498525152,"SEIrank":105,"SEIadj":0,"audienceSEI":0.6726043381408304,"audienceSEIadj":0,"audienceSEIrank":96,"audienceScore":0.12394006629056067,"combinedScore":0.030842594073211254,"combinedScoreRank":92,"engagementSEI":0.044631994079326436,"engagementSEIadj":0,"engagementSEIrank":91,"engagementScore":0.01871905605193956,"voiceSEI":1.5568862275449102,"voiceSEIadj":0,"voiceSEIrank":99,"voiceScore":0.15596880623875226},"scoped":{"SEI":3.3080987247306854,"SEIrank":91,"SEIadj":0,"audienceSEI":8.780928152312175,"audienceSEIadj":0,"audienceSEIrank":84,"audienceScore":0.35582358715485163,"combinedScore":0.1938890733437573,"combinedScoreRank":80,"engagementSEI":1.2115819015675269,"engagementSEIadj":0,"engagementSEIrank":82,"engagementScore":0.1773245038420309,"voiceSEI":5.676855895196507,"voiceSEIadj":0,"voiceSEIrank":88,"voiceScore":0.33011681056373793}},"facebook":{"entityString":"536575feb08f37d80186a093","type":"facebook","profiles":1,"postsMade":3,"repliesMade":0,"repliesRcvd":30,"sharesMade":0,"sharesRcvd":9,"mentionsRcvd":0,"likesRcvd":234,"reachRcvd":0,"audience":8289,"voice":3,"conversation":33,"engagement":273,"group_scoped":{"audienceScore":0.5352255095102774,"voiceScore":0.6944444444444444,"engagementScore":0.32292787944025836,"combinedScore":0.3521185891939686,"combinedScoreRank":76,"SEIrank":75,"engagementSEIrank":53,"voiceSEIrank":72,"audienceSEIrank":91,"engagementSEI":0.37332822799004456,"engagementSEIadj":0.37332822799004456,"voiceSEI":1.6304347826086956,"voiceSEIadj":1.6304347826086956,"audienceSEI":0.7546424302235705,"audienceSEIadj":0.7546424302235705,"SEI":0.7885916145989925,"SEIadj":0.7885916145989925},"non_scoped":{"SEI":0.33286653822794604,"SEIrank":90,"SEIadj":0,"audienceSEI":0.44638024876449767,"audienceSEIadj":0,"audienceSEIrank":94,"audienceScore":0.08513418828367053,"combinedScore":0.024702931799718178,"combinedScoreRank":80,"engagementSEI":0.03790297947963236,"engagementSEIadj":0,"engagementSEIrank":71,"engagementScore":0.017016120436734627,"voiceSEI":0.8849557522123894,"voiceSEIadj":0,"voiceSEIrank":90,"voiceScore":0.10263427984946973},"scoped":{"SEI":3.378297775141398,"SEIrank":75,"SEIadj":0,"audienceSEI":5.689790090745596,"audienceSEIadj":0,"audienceSEIrank":82,"audienceScore":0.34898569322856604,"combinedScore":0.2505085849518761,"combinedScoreRank":63,"engagementSEI":2.8071979434447303,"engagementSEIadj":0,"engagementSEIrank":61,"engagementScore":0.24261490881945183,"voiceSEI":3.75,"voiceSEIadj":0,"voiceSEIrank":80,"voiceScore":0.29411764705882354}},"twitter":{"entityString":"536575feb08f37d80186a093","type":"twitter","profiles":1,"postsMade":10,"repliesMade":0,"repliesRcvd":0,"sharesMade":0,"sharesRcvd":12,"mentionsRcvd":0,"likesRcvd":69,"reachRcvd":0,"audience":8831,"voice":10,"conversation":10,"engagement":81,"group_scoped":{"audienceScore":1.3842213500194365,"voiceScore":0.8968609865470852,"engagementScore":0.5643026334122893,"combinedScore":0.6219264868993865,"combinedScoreRank":149,"SEIrank":132,"engagementSEIrank":128,"voiceSEIrank":109,"audienceSEIrank":124,"engagementSEI":1.255619283831964,"engagementSEIadj":1.255619283831964,"voiceSEI":2.570694087403599,"voiceSEIadj":2.570694087403599,"audienceSEI":3.288070087907751,"audienceSEIadj":3.288070087907751,"SEI":1.8533868053110332,"SEIadj":1.8533868053110332},"non_scoped":{"SEI":1.1592577208238883,"SEIrank":100,"SEIadj":0,"audienceSEI":1.559759580484548,"audienceSEIadj":0,"audienceSEIrank":89,"audienceScore":0.25320876375860324,"combinedScore":0.13996925361736962,"combinedScoreRank":96,"engagementSEI":0.6172839506172839,"engagementSEIadj":0,"engagementSEIrank":95,"engagementScore":0.13055671964153315,"voiceSEI":2.109704641350211,"voiceSEIadj":0,"voiceSEIrank":97,"voiceScore":0.1961553550411926},"scoped":{"SEI":4.727993280357971,"SEIrank":87,"SEIadj":0,"audienceSEI":7.57713560078251,"audienceSEIadj":0,"audienceSEIrank":77,"audienceScore":0.4010893133383657,"combinedScore":0.24934543645194462,"combinedScoreRank":86,"engagementSEI":3.7762237762237763,"engagementSEIadj":0,"engagementSEIrank":85,"engagementScore":0.23515067061487546,"voiceSEI":5.681818181818182,"voiceSEIadj":0,"voiceSEIrank":86,"voiceScore":0.3531073446327684}},"instagram":{"entityString":"536575feb08f37d80186a093","type":"instagram","profiles":0,"postsMade":0,"repliesMade":0,"repliesRcvd":0,"sharesMade":0,"sharesRcvd":0,"mentionsRcvd":0,"likesRcvd":0,"reachRcvd":0,"audience":0,"voice":0,"conversation":0,"engagement":0,"group_scoped":{"audienceScore":0,"voiceScore":0,"engagementScore":0,"combinedScore":0,"combinedScoreRank":211,"SEIrank":192,"engagementSEIrank":192,"voiceSEIrank":192,"audienceSEIrank":192,"engagementSEI":0,"engagementSEIadj":0,"voiceSEI":0,"voiceSEIadj":0,"audienceSEI":0,"audienceSEIadj":0,"SEI":0,"SEIadj":0},"non_scoped":{"SEI":0,"SEIrank":192,"SEIadj":0,"audienceSEI":0,"audienceSEIadj":0,"audienceSEIrank":192,"audienceScore":0,"combinedScore":0,"combinedScoreRank":192,"engagementSEI":0,"engagementSEIadj":0,"engagementSEIrank":192,"engagementScore":0,"voiceSEI":0,"voiceSEIadj":0,"voiceSEIrank":192,"voiceScore":0},"scoped":{"SEI":0,"SEIrank":173,"SEIadj":0,"audienceSEI":0,"audienceSEIadj":0,"audienceSEIrank":173,"audienceScore":0,"combinedScore":0,"combinedScoreRank":173,"engagementSEI":0,"engagementSEIadj":0,"engagementSEIrank":173,"engagementScore":0,"voiceSEI":0,"voiceSEIadj":0,"voiceSEIrank":173,"voiceScore":0}}},"month":{"boundaryQuantum":4987194,"combined":{"entityString":"536575feb08f37d80186a093","type":"combined","profiles":2,"postsMade":77,"repliesMade":0,"repliesRcvd":213,"sharesMade":0,"sharesRcvd":152,"mentionsRcvd":0,"likesRcvd":2579,"reachRcvd":0,"audience":17120,"voice":77,"conversation":290,"engagement":2944,"group_scoped":{"audienceScore":0.7448867354468625,"voiceScore":1.0049595405899243,"engagementScore":0.5471722310092764,"combinedScore":0.579947321710188,"combinedScoreRank":56,"SEIrank":84,"engagementSEIrank":47,"voiceSEIrank":82,"audienceSEIrank":103,"engagementSEI":0.6361004278121083,"engagementSEIadj":0.6361004278121083,"voiceSEI":2.6615969581749046,"voiceSEIadj":2.6615969581749046,"audienceSEI":1.1578167849619077,"audienceSEIadj":1.1578167849619077,"SEI":1.295921022635927,"SEIadj":1.295921022635927},"non_scoped":{"SEI":0.743821583209504,"SEIrank":82,"SEIadj":0,"audienceSEI":0.6726043381408304,"audienceSEIadj":0,"audienceSEIrank":96,"audienceScore":0.12394006629056067,"combinedScore":0.0467349439582994,"combinedScoreRank":75,"engagementSEI":0.0808373697101497,"engagementSEIadj":0,"engagementSEIrank":69,"engagementScore":0.03381851724640995,"voiceSEI":2.0935290918977705,"voiceSEIadj":0,"voiceSEIrank":80,"voiceScore":0.20202550244004827},"scoped":{"SEI":4.737764715103914,"SEIrank":75,"SEIadj":0,"audienceSEI":8.780928152312175,"audienceSEIadj":0,"audienceSEIrank":84,"audienceScore":0.35582358715485163,"combinedScore":0.3508504089777399,"combinedScoreRank":62,"engagementSEI":2.430707497708827,"engagementSEIadj":0,"engagementSEIrank":60,"engagementScore":0.3464369011784032,"voiceSEI":8.004158004158004,"voiceSEIadj":0,"voiceSEIrank":69,"voiceScore":0.42532037118868754}},"facebook":{"entityString":"536575feb08f37d80186a093","type":"facebook","profiles":1,"postsMade":17,"repliesMade":0,"repliesRcvd":213,"sharesMade":0,"sharesRcvd":52,"mentionsRcvd":0,"likesRcvd":1993,"reachRcvd":0,"audience":8289,"voice":17,"conversation":230,"engagement":2258,"group_scoped":{"audienceScore":0.5352255095102774,"voiceScore":0.8366141732283465,"engagementScore":0.5984342119909466,"combinedScore":0.6071827749287831,"combinedScoreRank":49,"SEIrank":63,"engagementSEIrank":39,"voiceSEIrank":61,"audienceSEIrank":91,"engagementSEI":0.6778704420868082,"engagementSEIadj":0.6778704420868082,"voiceSEI":2.068126520681265,"voiceSEIadj":2.068126520681265,"audienceSEI":0.7546424302235705,"audienceSEIadj":0.7546424302235705,"SEI":1.1026244644788215,"SEIadj":1.1026244644788215},"non_scoped":{"SEI":0.4216504402210413,"SEIrank":84,"SEIadj":0,"audienceSEI":0.44638024876449767,"audienceSEIadj":0,"audienceSEIrank":94,"audienceScore":0.08513418828367053,"combinedScore":0.037580795843963254,"combinedScoreRank":73,"engagementSEI":0.06729791996375807,"engagementSEIadj":0,"engagementSEIrank":59,"engagementScore":0.029917658865021006,"voiceSEI":1.1221122112211221,"voiceSEIadj":0,"voiceSEIrank":77,"voiceScore":0.1279638690252164},"scoped":{"SEI":5.406824349709245,"SEIrank":63,"SEIadj":0,"audienceSEI":5.689790090745596,"audienceSEIadj":0,"audienceSEIrank":82,"audienceScore":0.34898569322856604,"combinedScore":0.4279828599405804,"combinedScoreRank":52,"engagementSEI":6.053619302949062,"engagementSEIadj":0,"engagementSEIrank":50,"engagementScore":0.4359334245871857,"voiceSEI":4.0189125295508275,"voiceSEIadj":0,"voiceSEIrank":67,"voiceScore":0.3638698630136986}},"twitter":{"entityString":"536575feb08f37d80186a093","type":"twitter","profiles":1,"postsMade":60,"repliesMade":0,"repliesRcvd":0,"sharesMade":0,"sharesRcvd":100,"mentionsRcvd":0,"likesRcvd":586,"reachRcvd":0,"audience":8831,"voice":60,"conversation":60,"engagement":686,"group_scoped":{"audienceScore":1.3842213500194365,"voiceScore":1.0855798805862131,"engagementScore":1.0944654509484837,"combinedScore":1.108508967383918,"combinedScoreRank":99,"SEIrank":113,"engagementSEIrank":103,"voiceSEIrank":98,"audienceSEIrank":124,"engagementSEI":2.165677484530875,"engagementSEIadj":2.165677484530875,"voiceSEI":3.048780487804878,"voiceSEIadj":3.048780487804878,"audienceSEI":3.288070087907751,"audienceSEIadj":3.288070087907751,"SEI":2.542847645850763,"SEIadj":2.542847645850763},"non_scoped":{"SEI":1.6720324104695004,"SEIrank":74,"SEIadj":0,"audienceSEI":1.559759580484548,"audienceSEIadj":0,"audienceSEIrank":89,"audienceScore":0.25320876375860324,"combinedScore":0.25208281426203805,"combinedScoreRank":66,"engagementSEI":1.0947798471138348,"engagementSEIadj":0,"engagementSEIrank":64,"engagementScore":0.25191969417096016,"voiceSEI":2.863961813842482,"voiceSEIadj":0,"voiceSEIrank":70,"voiceScore":0.2538930264048747},"scoped":{"SEI":6.996610638961343,"SEIrank":64,"SEIadj":0,"audienceSEI":7.57713560078251,"audienceSEIadj":0,"audienceSEIrank":77,"audienceScore":0.4010893133383657,"combinedScore":0.47749260092735923,"combinedScoreRank":56,"engagementSEI":6.018599754342867,"engagementSEIadj":0,"engagementSEIrank":54,"engagementScore":0.4828367716097609,"voiceSEI":8.75912408759124,"voiceSEIadj":0,"voiceSEIrank":59,"voiceScore":0.45770081623312225}},"instagram":{"entityString":"536575feb08f37d80186a093","type":"instagram","profiles":0,"postsMade":0,"repliesMade":0,"repliesRcvd":0,"sharesMade":0,"sharesRcvd":0,"mentionsRcvd":0,"likesRcvd":0,"reachRcvd":0,"audience":0,"voice":0,"conversation":0,"engagement":0,"group_scoped":{"audienceScore":0,"voiceScore":0,"engagementScore":0,"combinedScore":0,"combinedScoreRank":211,"SEIrank":192,"engagementSEIrank":192,"voiceSEIrank":192,"audienceSEIrank":192,"engagementSEI":0,"engagementSEIadj":0,"voiceSEI":0,"voiceSEIadj":0,"audienceSEI":0,"audienceSEIadj":0,"SEI":0,"SEIadj":0},"non_scoped":{"SEI":0,"SEIrank":192,"SEIadj":0,"audienceSEI":0,"audienceSEIadj":0,"audienceSEIrank":192,"audienceScore":0,"combinedScore":0,"combinedScoreRank":192,"engagementSEI":0,"engagementSEIadj":0,"engagementSEIrank":192,"engagementScore":0,"voiceSEI":0,"voiceSEIadj":0,"voiceSEIrank":192,"voiceScore":0},"scoped":{"SEI":0,"SEIrank":173,"SEIadj":0,"audienceSEI":0,"audienceSEIadj":0,"audienceSEIrank":173,"audienceScore":0,"combinedScore":0,"combinedScoreRank":173,"engagementSEI":0,"engagementSEIadj":0,"engagementSEIrank":173,"engagementScore":0,"voiceSEI":0,"voiceSEIadj":0,"voiceSEIrank":173,"voiceScore":0}}},"quarter":{"boundaryQuantum":4969914,"combined":{"entityString":"536575feb08f37d80186a093","type":"combined","profiles":2,"postsMade":263,"repliesMade":0,"repliesRcvd":662,"sharesMade":0,"sharesRcvd":424,"mentionsRcvd":0,"likesRcvd":6856,"reachRcvd":0,"audience":17120,"voice":263,"conversation":925,"engagement":7942,"group_scoped":{"audienceScore":0.7448867354468625,"voiceScore":1.2304093567251462,"engagementScore":0.4415953703101343,"combinedScore":0.4962006378877213,"combinedScoreRank":60,"SEIrank":81,"engagementSEIrank":55,"voiceSEIrank":76,"audienceSEIrank":103,"engagementSEI":0.49883519281657224,"engagementSEIadj":0.49883519281657224,"voiceSEI":2.970408854754913,"voiceSEIadj":2.970408854754913,"audienceSEI":1.1578167849619077,"audienceSEIadj":1.1578167849619077,"SEI":1.306205450612608,"SEIadj":1.306205450612608},"non_scoped":{"SEI":0.8461374827734793,"SEIrank":76,"SEIadj":0,"audienceSEI":0.6726043381408304,"audienceSEIadj":0,"audienceSEIrank":96,"audienceScore":0.12394006629056067,"combinedScore":0.043832421624152296,"combinedScoreRank":76,"engagementSEI":0.06973047004675946,"engagementSEIadj":0,"engagementSEIrank":70,"engagementScore":0.028709351614006347,"voiceSEI":2.456795889771135,"voiceSEIadj":0,"voiceSEIrank":71,"voiceScore":0.23594003714037087},"scoped":{"SEI":5.0315987713959975,"SEIrank":70,"SEIadj":0,"audienceSEI":8.780928152312175,"audienceSEIadj":0,"audienceSEIrank":84,"audienceScore":0.35582358715485163,"combinedScore":0.3060116553346549,"combinedScoreRank":64,"engagementSEI":2.075477121928401,"engagementSEIadj":0,"engagementSEIrank":61,"engagementScore":0.29247669798153514,"voiceSEI":9.6940656100258,"voiceSEIadj":0,"voiceSEIrank":61,"voiceScore":0.4998289558706146}},"facebook":{"entityString":"536575feb08f37d80186a093","type":"facebook","profiles":1,"postsMade":64,"repliesMade":0,"repliesRcvd":662,"sharesMade":0,"sharesRcvd":142,"mentionsRcvd":0,"likesRcvd":5139,"reachRcvd":0,"audience":8289,"voice":64,"conversation":726,"engagement":5943,"group_scoped":{"audienceScore":0.5352255095102774,"voiceScore":1.0454099967330936,"engagementScore":0.45002646546351666,"combinedScore":0.48405559422933353,"combinedScoreRank":52,"SEIrank":65,"engagementSEIrank":47,"voiceSEIrank":63,"audienceSEIrank":91,"engagementSEI":0.500082463539335,"engagementSEIadj":0.500082463539335,"voiceSEI":2.3880597014925375,"voiceSEIadj":2.3880597014925375,"audienceSEI":0.7546424302235705,"audienceSEIadj":0.7546424302235705,"SEI":1.0919316315937193,"SEIadj":1.0919316315937193},"non_scoped":{"SEI":0.49806369468433753,"SEIrank":78,"SEIadj":0,"audienceSEI":0.44638024876449767,"audienceSEIadj":0,"audienceSEIrank":94,"audienceScore":0.08513418828367053,"combinedScore":0.034088613196901735,"combinedScoreRank":74,"engagementSEI":0.05549063129906901,"engagementSEIadj":0,"engagementSEIrank":65,"engagementScore":0.02424543181876966,"voiceSEI":1.400437636761488,"voiceSEIadj":0,"voiceSEIrank":72,"voiceScore":0.16022030291651018},"scoped":{"SEI":5.710771465196313,"SEIrank":66,"SEIadj":0,"audienceSEI":5.689790090745596,"audienceSEIadj":0,"audienceSEIrank":82,"audienceScore":0.34898569322856604,"combinedScore":0.3415237814710735,"combinedScoreRank":58,"engagementSEI":5.150850674732837,"engagementSEIadj":0,"engagementSEIrank":56,"engagementScore":0.3352204879903298,"voiceSEI":6.837606837606838,"voiceSEIadj":0,"voiceSEIrank":63,"voiceScore":0.4475211523669673}},"twitter":{"entityString":"536575feb08f37d80186a093","type":"twitter","profiles":1,"postsMade":199,"repliesMade":0,"repliesRcvd":0,"sharesMade":0,"sharesRcvd":282,"mentionsRcvd":0,"likesRcvd":1717,"reachRcvd":0,"audience":8831,"voice":199,"conversation":199,"engagement":1999,"group_scoped":{"audienceScore":1.3842213500194365,"voiceScore":1.3289702150394018,"engagementScore":1.1438282483806734,"combinedScore":1.165105001795548,"combinedScoreRank":96,"SEIrank":114,"engagementSEIrank":111,"voiceSEIrank":91,"audienceSEIrank":124,"engagementSEI":1.9874924188946004,"engagementSEIadj":1.9874924188946004,"voiceSEI":3.3757421543681088,"voiceSEIadj":3.3757421543681088,"audienceSEI":3.288070087907751,"audienceSEIadj":3.288070087907751,"SEI":2.534025106437968,"SEIadj":2.534025106437968},"non_scoped":{"SEI":1.8008715190642524,"SEIrank":67,"SEIadj":0,"audienceSEI":1.559759580484548,"audienceSEIadj":0,"audienceSEIrank":89,"audienceScore":0.25320876375860324,"combinedScore":0.255568012129045,"combinedScoreRank":67,"engagementSEI":1.0814992750330024,"engagementSEIadj":0,"engagementSEIrank":65,"engagementScore":0.2538054953524011,"voiceSEI":3.3199866533199867,"voiceSEIadj":0,"voiceSEIrank":69,"voiceScore":0.2896525624790766},"scoped":{"SEI":7.871423990463426,"SEIrank":59,"SEIadj":0,"audienceSEI":7.57713560078251,"audienceSEIadj":0,"audienceSEIrank":77,"audienceScore":0.4010893133383657,"combinedScore":0.5002066460665135,"combinedScoreRank":56,"engagementSEI":6.586056931997891,"engagementSEIadj":0,"engagementSEIrank":55,"engagementScore":0.5040609815446607,"voiceSEI":10.540254237288135,"voiceSEIadj":0,"voiceSEIrank":59,"voiceScore":0.5299459401880109}},"instagram":{"entityString":"536575feb08f37d80186a093","type":"instagram","profiles":0,"postsMade":0,"repliesMade":0,"repliesRcvd":0,"sharesMade":0,"sharesRcvd":0,"mentionsRcvd":0,"likesRcvd":0,"reachRcvd":0,"audience":0,"voice":0,"conversation":0,"engagement":0,"group_scoped":{"audienceScore":0,"voiceScore":0,"engagementScore":0,"combinedScore":0,"combinedScoreRank":211,"SEIrank":192,"engagementSEIrank":192,"voiceSEIrank":192,"audienceSEIrank":192,"engagementSEI":0,"engagementSEIadj":0,"voiceSEI":0,"voiceSEIadj":0,"audienceSEI":0,"audienceSEIadj":0,"SEI":0,"SEIadj":0},"non_scoped":{"SEI":0,"SEIrank":192,"SEIadj":0,"audienceSEI":0,"audienceSEIadj":0,"audienceSEIrank":192,"audienceScore":0,"combinedScore":0,"combinedScoreRank":192,"engagementSEI":0,"engagementSEIadj":0,"engagementSEIrank":192,"engagementScore":0,"voiceSEI":0,"voiceSEIadj":0,"voiceSEIrank":192,"voiceScore":0},"scoped":{"SEI":0,"SEIrank":173,"SEIadj":0,"audienceSEI":0,"audienceSEIadj":0,"audienceSEIrank":173,"audienceScore":0,"combinedScore":0,"combinedScoreRank":173,"engagementSEI":0,"engagementSEIadj":0,"engagementSEIrank":173,"engagementScore":0,"voiceSEI":0,"voiceSEIadj":0,"voiceSEIrank":173,"voiceScore":0}}},"blended":{"combined":{"non_scoped":{"SEI":0.7064281116720744,"SEIadj":50.353214055836034,"SEIrank":87,"audienceSEI":0.6726043381408304,"audienceSEIadj":50.336302169070414,"audienceSEIrank":96,"engagementSEI":0.060532874629799185,"engagementSEIadj":50.0302664373149,"engagementSEIrank":76,"voiceSEI":2.0094931769337063,"voiceSEIadj":51.00474658846685,"voiceSEIrank":84},"scoped":{"SEI":9.243336245550447,"SEIadj":54.621668122775226,"SEIrank":88,"compCharisma":3,"compInfluence":3,"compEva":3.2433362455504464,"audienceSEI":8.780928152312175,"audienceSEIadj":54.390464076156086,"audienceSEIrank":84,"engagementSEI":1.7737348233731045,"engagementSEIadj":50.88686741168655,"engagementSEIrank":67,"voiceSEI":7.750713274195553,"voiceSEIadj":53.875356637097774,"voiceSEIrank":74}},"facebook":{"non_scoped":{"SEI":0.41437127608753127,"SEIadj":50.20718563804377,"SEIrank":86,"audienceSEI":0.4463802487644976,"audienceSEIadj":50.22319012438225,"audienceSEIrank":94,"engagementSEI":0.049210897487987924,"engagementSEIadj":60.01968435899519,"engagementSEIrank":68,"voiceSEI":1.134022375727629,"voiceSEIadj":50.56701118786381,"voiceSEIrank":79},"scoped":{"SEI":4.708347668050691,"SEIadj":52.354173834025346,"SEIrank":70,"audienceSEI":5.689790090745596,"audienceSEIadj":52.844895045372795,"audienceSEIrank":82,"engagementSEI":4.325627615842197,"engagementSEIadj":61.73025104633688,"engagementSEIrank":58,"voiceSEI":5.1466402982360435,"voiceSEIadj":52.57332014911802,"voiceSEIrank":68}},"twitter":{"non_scoped":{"SEI":1.5111877891618053,"SEIadj":50.755593894580905,"SEIrank":83,"audienceSEI":1.5597595804845483,"audienceSEIadj":50.779879790242276,"audienceSEIrank":89,"engagementSEI":0.897436889618203,"engagementSEIadj":50.4487184448091,"engagementSEIrank":78,"voiceSEI":2.722498991141429,"voiceSEIadj":51.36124949557072,"voiceSEIrank":78},"scoped":{"SEI":6.473402146804239,"SEIadj":53.236701073402116,"SEIrank":74,"audienceSEI":7.57713560078251,"audienceSEIadj":53.788567800391256,"audienceSEIrank":77,"engagementSEI":5.3818770513792105,"engagementSEIadj":52.6909385256896,"engagementSEIrank":69,"voiceSEI":8.288541186328208,"voiceSEIadj":54.1442705931641,"voiceSEIrank":67}},"instagram":{"non_scoped":{"SEI":0,"SEIadj":0,"SEIrank":192,"audienceSEI":0,"audienceSEIadj":0,"audienceSEIrank":192,"engagementSEI":0,"engagementSEIadj":0,"engagementSEIrank":192,"voiceSEI":0,"voiceSEIadj":0,"voiceSEIrank":192},"scoped":{"SEI":0,"SEIadj":0,"SEIrank":173,"audienceSEI":0,"audienceSEIadj":0,"audienceSEIrank":173,"engagementSEI":0,"engagementSEIadj":0,"engagementSEIrank":173,"voiceSEI":0,"voiceSEIadj":0,"voiceSEIrank":173}},"influence":{"instagram":{"scope":"individual","ratio":0,"calculated":false},"combined":{"ratio":0.68,"bottom":false,"scope":"individual","calculated":true},"facebook":{"ratio":0.83,"bottom":false,"scope":"individual","calculated":true},"twitter":{"ratio":1.08,"bottom":false,"scope":"individual","calculated":true}},"charisma":{"instagram":{"scope":"individual","ratio":0,"calculated":false},"combined":{"ratio":0.53,"bottom":false,"scope":"individual","calculated":true},"facebook":{"ratio":0.62,"bottom":false,"scope":"individual","calculated":true},"twitter":{"ratio":1.05,"bottom":false,"scope":"individual","calculated":true}}},"scope":"individual"}}