{"scoreEntityString":"591d1494ab33fb0001804f89.asset.536575feb08f37d80186a0e5","timeQuantum":4995834,"scoreEntityType":"asset","scoreProfileID":"591d1494ab33fb0001804f89","data":{"scoreEntityString":"591d1494ab33fb0001804f89.asset.536575feb08f37d80186a0e5","scoreProfileID":"591d1494ab33fb0001804f89","scoreEntityType":"asset","entityID":"asset.536575feb08f37d80186a0e5","object_version":"1.2","score_engine_version":"3.0.20","timestamp":4995834,"start_quantum":4969914,"end_quantum":4995833,"schedule_options":{"interval":15,"offset":"1"},"_15min":{"boundaryQuantum":4995831,"combined":{"entityString":"536575feb08f37d80186a0e5","type":"combined","profiles":3,"postsMade":2,"repliesMade":0,"repliesRcvd":98,"sharesMade":0,"sharesRcvd":45,"mentionsRcvd":0,"likesRcvd":384,"reachRcvd":0,"audience":1923802,"voice":2,"conversation":100,"engagement":527,"group_scoped":{"audienceScore":64.89091032360757,"voiceScore":100,"engagementScore":99.81060606060606,"combinedScore":98.07409097072583,"engagementSEI":100,"engagementSEIadj":100,"voiceSEI":100,"voiceSEIadj":100,"audienceSEI":100,"audienceSEIadj":100,"SEI":100,"SEIadj":100,"combinedScoreRank":1,"SEIrank":1,"engagementSEIrank":3,"voiceSEIrank":2,"audienceSEIrank":4},"non_scoped":{"SEI":97.55816338156546,"SEIrank":1,"SEIadj":0,"audienceSEI":75.58163381565454,"audienceSEIadj":0,"audienceSEIrank":2,"audienceScore":13.927345058990259,"combinedScore":36.76964311501848,"combinedScoreRank":1,"engagementSEI":100,"engagementSEIadj":0,"engagementSEIrank":1,"engagementScore":37.85919540229885,"voiceSEI":100,"voiceSEIadj":0,"voiceSEIrank":2,"voiceScore":40},"scoped":{"SEI":97.55816338156546,"SEIrank":1,"SEIadj":0,"audienceSEI":75.58163381565454,"audienceSEIadj":0,"audienceSEIrank":2,"audienceScore":22.09274003091694,"combinedScore":39.519331281624744,"combinedScoreRank":1,"engagementSEI":100,"engagementSEIadj":0,"engagementSEIrank":1,"engagementScore":38.9792899408284,"voiceSEI":100,"voiceSEIadj":0,"voiceSEIrank":1,"voiceScore":66.66666666666666}},"facebook":{"entityString":"536575feb08f37d80186a0e5","type":"facebook","profiles":1,"postsMade":0,"repliesMade":0,"repliesRcvd":95,"sharesMade":0,"sharesRcvd":43,"mentionsRcvd":0,"likesRcvd":295,"reachRcvd":0,"audience":1759095,"voice":0,"conversation":95,"engagement":433,"group_scoped":{"audienceScore":84.21465102596055,"voiceScore":0,"engagementScore":100,"combinedScore":97.74495014656578,"engagementSEI":100,"engagementSEIadj":100,"voiceSEI":0,"voiceSEIadj":0,"audienceSEI":100,"audienceSEIadj":100,"SEI":70,"SEIadj":70,"combinedScoreRank":2,"SEIrank":3,"engagementSEIrank":3,"voiceSEIrank":105,"audienceSEIrank":4},"non_scoped":{"SEI":69.47310005670629,"SEIrank":1,"SEIadj":0,"audienceSEI":94.73100056706286,"audienceSEIadj":0,"audienceSEIrank":2,"audienceScore":18.067212563501435,"combinedScore":34.968045942860385,"combinedScoreRank":1,"engagementSEI":100,"engagementSEIadj":0,"engagementSEIrank":1,"engagementScore":37.84965034965035,"voiceSEI":0,"voiceSEIadj":0,"voiceSEIrank":105,"voiceScore":0},"scoped":{"SEI":69.47310005670629,"SEIrank":1,"SEIadj":0,"audienceSEI":94.73100056706286,"audienceSEIadj":0,"audienceSEIrank":2,"audienceScore":24.484915448089424,"combinedScore":37.055065420509806,"combinedScoreRank":1,"engagementSEI":100,"engagementSEIadj":0,"engagementSEIrank":1,"engagementScore":39.150090415913205,"voiceSEI":0,"voiceSEIadj":0,"voiceSEIrank":4,"voiceScore":0}},"twitter":{"entityString":"536575feb08f37d80186a0e5","type":"twitter","profiles":1,"postsMade":2,"repliesMade":0,"repliesRcvd":0,"sharesMade":0,"sharesRcvd":2,"mentionsRcvd":0,"likesRcvd":5,"reachRcvd":0,"audience":95898,"voice":2,"conversation":2,"engagement":7,"group_scoped":{"audienceScore":16.74813871729984,"voiceScore":100,"engagementScore":100,"combinedScore":95.83740693586499,"engagementSEI":100,"engagementSEIadj":100,"voiceSEI":100,"voiceSEIadj":100,"audienceSEI":100,"audienceSEIadj":100,"SEI":100,"SEIadj":100,"combinedScoreRank":2,"SEIrank":2,"engagementSEIrank":2,"voiceSEIrank":2,"audienceSEIrank":4},"non_scoped":{"SEI":66.69378127334738,"SEIrank":2,"SEIadj":0,"audienceSEI":16.93781273347381,"audienceSEIadj":0,"audienceSEIrank":5,"audienceScore":2.749656214123263,"combinedScore":34.970816144039496,"combinedScoreRank":2,"engagementSEI":58.333333333333336,"engagementSEIadj":0,"engagementSEIrank":2,"engagementScore":35,"voiceSEI":100,"voiceSEIadj":0,"voiceSEIrank":1,"voiceScore":66.66666666666666},"scoped":{"SEI":66.69378127334738,"SEIrank":2,"SEIadj":0,"audienceSEI":16.93781273347381,"audienceSEIadj":0,"audienceSEIrank":4,"audienceScore":8.204853541593229,"combinedScore":36.9014707472551,"combinedScoreRank":2,"engagementSEI":58.333333333333336,"engagementSEIadj":0,"engagementSEIrank":2,"engagementScore":36.84210526315789,"voiceSEI":100,"voiceSEIadj":0,"voiceSEIrank":1,"voiceScore":66.66666666666666}},"instagram":{"entityString":"536575feb08f37d80186a0e5","type":"instagram","profiles":1,"postsMade":0,"repliesMade":0,"repliesRcvd":3,"sharesMade":0,"sharesRcvd":0,"mentionsRcvd":0,"likesRcvd":84,"reachRcvd":0,"audience":68809,"voice":0,"conversation":3,"engagement":87,"group_scoped":{"audienceScore":22.689845973243994,"voiceScore":0,"engagementScore":98.86363636363636,"combinedScore":87.98166630786602,"engagementSEI":100,"engagementSEIadj":100,"voiceSEI":0,"voiceSEIadj":0,"audienceSEI":80.07005213181903,"audienceSEIadj":80.07005213181903,"SEI":68.0070052131819,"SEIadj":68.0070052131819,"combinedScoreRank":42,"SEIrank":3,"engagementSEIrank":2,"voiceSEIrank":105,"audienceSEIrank":6},"non_scoped":{"SEI":65.63011389670747,"SEIrank":1,"SEIadj":0,"audienceSEI":56.301138967074685,"audienceSEIadj":0,"audienceSEIrank":4,"audienceScore":11.680399526055089,"combinedScore":34.37539542101539,"combinedScoreRank":1,"engagementSEI":100,"engagementSEIadj":0,"engagementSEIrank":1,"engagementScore":38.15789473684211,"voiceSEI":0,"voiceSEIadj":0,"voiceSEIrank":105,"voiceScore":0},"scoped":{"SEI":65.63011389670747,"SEIrank":1,"SEIadj":0,"audienceSEI":56.301138967074685,"audienceSEIadj":0,"audienceSEIrank":3,"audienceScore":19.402054995375696,"combinedScore":35.62257173313422,"combinedScoreRank":1,"engagementSEI":100,"engagementSEIadj":0,"engagementSEIrank":1,"engagementScore":38.32599118942731,"voiceSEI":0,"voiceSEIadj":0,"voiceSEIrank":4,"voiceScore":0}}},"hour":{"boundaryQuantum":4995822,"combined":{"entityString":"536575feb08f37d80186a0e5","type":"combined","profiles":3,"postsMade":8,"repliesMade":0,"repliesRcvd":724,"sharesMade":0,"sharesRcvd":365,"mentionsRcvd":0,"likesRcvd":1912,"reachRcvd":0,"audience":1923802,"voice":8,"conversation":732,"engagement":3001,"group_scoped":{"audienceScore":64.89091032360757,"voiceScore":66.66666666666666,"engagementScore":98.13603662524525,"combinedScore":94.90031181223443,"combinedScoreRank":1,"SEIrank":3,"engagementSEIrank":4,"voiceSEIrank":4,"audienceSEIrank":4,"engagementSEI":100,"engagementSEIadj":100,"voiceSEI":100,"voiceSEIadj":100,"audienceSEI":100,"audienceSEIadj":100,"SEI":100,"SEIadj":100},"non_scoped":{"SEI":94.22483004823212,"SEIrank":1,"SEIadj":0,"audienceSEI":75.58163381565454,"audienceSEIadj":0,"audienceSEIrank":2,"audienceScore":13.927345058990259,"combinedScore":32.154506236268354,"combinedScoreRank":1,"engagementSEI":100,"engagementSEIadj":0,"engagementSEIrank":1,"engagementScore":34.26972707548247,"voiceSEI":88.88888888888889,"voiceSEIadj":0,"voiceSEIrank":2,"voiceScore":12.307692307692308},"scoped":{"SEI":94.22483004823212,"SEIrank":1,"SEIadj":0,"audienceSEI":75.58163381565454,"audienceSEIadj":0,"audienceSEIrank":2,"audienceScore":22.09274003091694,"combinedScore":35.14316911163759,"combinedScoreRank":1,"engagementSEI":100,"engagementSEIadj":0,"engagementSEIrank":1,"engagementScore":36.70948012232416,"voiceSEI":88.88888888888889,"voiceSEIadj":0,"voiceSEIrank":2,"voiceScore":20}},"facebook":{"entityString":"536575feb08f37d80186a0e5","type":"facebook","profiles":1,"postsMade":3,"repliesMade":0,"repliesRcvd":707,"sharesMade":0,"sharesRcvd":359,"mentionsRcvd":0,"likesRcvd":1424,"reachRcvd":0,"audience":1759095,"voice":3,"conversation":710,"engagement":2490,"group_scoped":{"audienceScore":84.21465102596055,"voiceScore":100,"engagementScore":99.40119760479041,"combinedScore":98.6718103956094,"combinedScoreRank":1,"SEIrank":3,"engagementSEIrank":4,"voiceSEIrank":5,"audienceSEIrank":4,"engagementSEI":100,"engagementSEIadj":100,"voiceSEI":100,"voiceSEIadj":100,"audienceSEI":100,"audienceSEIadj":100,"SEI":100,"SEIadj":100},"non_scoped":{"SEI":91.97310005670629,"SEIrank":1,"SEIadj":0,"audienceSEI":94.73100056706286,"audienceSEIadj":0,"audienceSEIrank":2,"audienceScore":18.067212563501435,"combinedScore":33.59303368583711,"combinedScoreRank":1,"engagementSEI":100,"engagementSEIadj":0,"engagementSEIrank":1,"engagementScore":35.627414508513375,"voiceSEI":75,"voiceSEIadj":0,"voiceSEIrank":3,"voiceScore":12.5},"scoped":{"SEI":91.97310005670629,"SEIrank":1,"SEIadj":0,"audienceSEI":94.73100056706286,"audienceSEIadj":0,"audienceSEIrank":2,"audienceScore":24.484915448089424,"combinedScore":36.37548623041974,"combinedScoreRank":1,"engagementSEI":100,"engagementSEIadj":0,"engagementSEIrank":1,"engagementScore":38.01526717557252,"voiceSEI":75,"voiceSEIadj":0,"voiceSEIrank":3,"voiceScore":18.75}},"twitter":{"entityString":"536575feb08f37d80186a0e5","type":"twitter","profiles":1,"postsMade":3,"repliesMade":0,"repliesRcvd":0,"sharesMade":0,"sharesRcvd":6,"mentionsRcvd":0,"likesRcvd":9,"reachRcvd":0,"audience":95898,"voice":3,"conversation":3,"engagement":15,"group_scoped":{"audienceScore":16.74813871729984,"voiceScore":42.857142857142854,"engagementScore":53.57142857142857,"combinedScore":51.19454979300785,"combinedScoreRank":6,"SEIrank":3,"engagementSEIrank":4,"voiceSEIrank":4,"audienceSEIrank":4,"engagementSEI":100,"engagementSEIadj":100,"voiceSEI":100,"voiceSEIadj":100,"audienceSEI":100,"audienceSEIadj":100,"SEI":100,"SEIadj":100},"non_scoped":{"SEI":25.104996226618407,"SEIrank":3,"SEIadj":0,"audienceSEI":16.93781273347381,"audienceSEIadj":0,"audienceSEIrank":5,"audienceScore":2.749656214123263,"combinedScore":5.150396748534776,"combinedScoreRank":3,"engagementSEI":14.018691588785046,"engagementSEIadj":0,"engagementSEIrank":4,"engagementScore":5.1194539249146755,"voiceSEI":50,"voiceSEIadj":0,"voiceSEIrank":3,"voiceScore":8.108108108108109},"scoped":{"SEI":25.104996226618407,"SEIrank":3,"SEIadj":0,"audienceSEI":16.93781273347381,"audienceSEIadj":0,"audienceSEIrank":4,"audienceScore":8.204853541593229,"combinedScore":8.702142118420443,"combinedScoreRank":3,"engagementSEI":14.018691588785046,"engagementSEIadj":0,"engagementSEIrank":3,"engagementScore":8.379888268156424,"voiceSEI":50,"voiceSEIadj":0,"voiceSEIrank":3,"voiceScore":15}},"instagram":{"entityString":"536575feb08f37d80186a0e5","type":"instagram","profiles":1,"postsMade":2,"repliesMade":0,"repliesRcvd":17,"sharesMade":0,"sharesRcvd":0,"mentionsRcvd":0,"likesRcvd":479,"reachRcvd":0,"audience":68809,"voice":2,"conversation":19,"engagement":496,"group_scoped":{"audienceScore":22.689845973243994,"voiceScore":100,"engagementScore":94.47619047619048,"combinedScore":91.16306372723363,"combinedScoreRank":42,"SEIrank":3,"engagementSEIrank":3,"voiceSEIrank":2,"audienceSEIrank":6,"engagementSEI":100,"engagementSEIadj":100,"voiceSEI":100,"voiceSEIadj":100,"audienceSEI":80.07005213181903,"audienceSEIadj":80.07005213181903,"SEI":98.00700521318191,"SEIadj":98.00700521318191},"non_scoped":{"SEI":95.63011389670747,"SEIrank":1,"SEIadj":0,"audienceSEI":56.301138967074685,"audienceSEIadj":0,"audienceSEIrank":4,"audienceScore":11.680399526055089,"combinedScore":33.34842675596377,"combinedScoreRank":1,"engagementSEI":100,"engagementSEIadj":0,"engagementSEIrank":1,"engagementScore":33.6271186440678,"voiceSEI":100,"voiceSEIadj":0,"voiceSEIrank":1,"voiceScore":50},"scoped":{"SEI":95.63011389670747,"SEIrank":1,"SEIadj":0,"audienceSEI":56.301138967074685,"audienceSEIadj":0,"audienceSEIrank":3,"audienceScore":19.402054995375696,"combinedScore":34.3414720443746,"combinedScoreRank":1,"engagementSEI":100,"engagementSEIadj":0,"engagementSEIrank":1,"engagementScore":34.3015214384509,"voiceSEI":100,"voiceSEIadj":0,"voiceSEIrank":1,"voiceScore":50}}},"today":{"boundaryQuantum":4995546,"combined":{"entityString":"536575feb08f37d80186a0e5","type":"combined","profiles":3,"postsMade":127,"repliesMade":0,"repliesRcvd":13648,"sharesMade":0,"sharesRcvd":14865,"mentionsRcvd":0,"likesRcvd":69889,"reachRcvd":0,"audience":1923802,"voice":127,"conversation":13775,"engagement":98402,"group_scoped":{"audienceScore":64.89091032360757,"voiceScore":50.39682539682539,"engagementScore":95.16174266234708,"combinedScore":91.40995518213403,"combinedScoreRank":1,"SEIrank":4,"engagementSEIrank":4,"voiceSEIrank":4,"audienceSEIrank":4,"engagementSEI":100,"engagementSEIadj":100,"voiceSEI":100,"voiceSEIadj":100,"audienceSEI":100,"audienceSEIadj":100,"SEI":100,"SEIadj":100},"non_scoped":{"SEI":93.65405379252437,"SEIrank":1,"SEIadj":0,"audienceSEI":75.58163381565454,"audienceSEIadj":0,"audienceSEIrank":2,"audienceScore":13.927345058990259,"combinedScore":34.0918631740918,"combinedScoreRank":1,"engagementSEI":100,"engagementSEIadj":0,"engagementSEIrank":1,"engagementScore":36.6137440141094,"voiceSEI":86.98630136986301,"voiceSEIadj":0,"voiceSEIrank":2,"voiceScore":8.862526168876483},"scoped":{"SEI":93.65405379252437,"SEIrank":1,"SEIadj":0,"audienceSEI":75.58163381565454,"audienceSEIadj":0,"audienceSEIrank":2,"audienceScore":22.09274003091694,"combinedScore":38.299376457057264,"combinedScoreRank":1,"engagementSEI":100,"engagementSEIadj":0,"engagementSEIrank":1,"engagementScore":40.405193440038104,"voiceSEI":86.98630136986301,"voiceSEIadj":0,"voiceSEIrank":2,"voiceScore":16.60130718954248}},"facebook":{"entityString":"536575feb08f37d80186a0e5","type":"facebook","profiles":1,"postsMade":66,"repliesMade":0,"repliesRcvd":13091,"sharesMade":0,"sharesRcvd":14685,"mentionsRcvd":0,"likesRcvd":57290,"reachRcvd":0,"audience":1759095,"voice":66,"conversation":13157,"engagement":85066,"group_scoped":{"audienceScore":84.21465102596055,"voiceScore":86.8421052631579,"engagementScore":97.73656877613861,"combinedScore":96.51574971298068,"combinedScoreRank":1,"SEIrank":4,"engagementSEIrank":4,"voiceSEIrank":4,"audienceSEIrank":4,"engagementSEI":100,"engagementSEIadj":100,"voiceSEI":100,"voiceSEIadj":100,"audienceSEI":100,"audienceSEIadj":100,"SEI":100,"SEIadj":100},"non_scoped":{"SEI":99.47310005670629,"SEIrank":1,"SEIadj":0,"audienceSEI":94.73100056706286,"audienceSEIadj":0,"audienceSEIrank":2,"audienceScore":18.067212563501435,"combinedScore":34.75864497191692,"combinedScoreRank":1,"engagementSEI":100,"engagementSEIadj":0,"engagementSEIrank":1,"engagementScore":36.89234492299819,"voiceSEI":100,"voiceSEIadj":0,"voiceSEIrank":1,"voiceScore":13.043478260869565},"scoped":{"SEI":99.47310005670629,"SEIrank":1,"SEIadj":0,"audienceSEI":94.73100056706286,"audienceSEIadj":0,"audienceSEIrank":2,"audienceScore":24.484915448089424,"combinedScore":38.42098678621684,"combinedScoreRank":1,"engagementSEI":100,"engagementSEIadj":0,"engagementSEIrank":1,"engagementScore":40.17303505565552,"voiceSEI":100,"voiceSEIadj":0,"voiceSEIrank":1,"voiceScore":20.82018927444795}},"twitter":{"entityString":"536575feb08f37d80186a0e5","type":"twitter","profiles":1,"postsMade":40,"repliesMade":0,"repliesRcvd":0,"sharesMade":0,"sharesRcvd":180,"mentionsRcvd":0,"likesRcvd":177,"reachRcvd":0,"audience":95898,"voice":40,"conversation":40,"engagement":357,"group_scoped":{"audienceScore":16.74813871729984,"voiceScore":27.397260273972602,"engagementScore":29.262295081967217,"combinedScore":28.54333552333412,"combinedScoreRank":7,"SEIrank":3,"engagementSEIrank":4,"voiceSEIrank":4,"audienceSEIrank":4,"engagementSEI":100,"engagementSEIadj":100,"voiceSEI":100,"voiceSEIadj":100,"audienceSEI":100,"audienceSEIadj":100,"SEI":100,"SEIadj":100},"non_scoped":{"SEI":25.58003564576554,"SEIrank":5,"SEIadj":0,"audienceSEI":16.93781273347381,"audienceSEIadj":0,"audienceSEIrank":5,"audienceScore":2.749656214123263,"combinedScore":4.096814529763054,"combinedScoreRank":4,"engagementSEI":17.338513841670714,"engagementSEIadj":0,"engagementSEIrank":4,"engagementScore":4.147304832713754,"voiceSEI":44.9438202247191,"voiceSEIadj":0,"voiceSEIrank":7,"voiceScore":4.535147392290249},"scoped":{"SEI":25.58003564576554,"SEIrank":5,"SEIadj":0,"audienceSEI":16.93781273347381,"audienceSEIadj":0,"audienceSEIrank":4,"audienceScore":8.204853541593229,"combinedScore":8.21625373296297,"combinedScoreRank":4,"engagementSEI":17.338513841670714,"engagementSEIadj":0,"engagementSEIrank":4,"engagementScore":8.133971291866029,"voiceSEI":44.9438202247191,"voiceSEIadj":0,"voiceSEIrank":7,"voiceScore":9.70873786407767}},"instagram":{"entityString":"536575feb08f37d80186a0e5","type":"instagram","profiles":1,"postsMade":21,"repliesMade":0,"repliesRcvd":557,"sharesMade":0,"sharesRcvd":0,"mentionsRcvd":0,"likesRcvd":12422,"reachRcvd":0,"audience":68809,"voice":21,"conversation":578,"engagement":12979,"group_scoped":{"audienceScore":22.689845973243994,"voiceScore":70,"engagementScore":85.67562215327744,"combinedScore":81.7425522366119,"combinedScoreRank":42,"SEIrank":5,"engagementSEIrank":3,"voiceSEIrank":3,"audienceSEIrank":6,"engagementSEI":100,"engagementSEIadj":100,"voiceSEI":100,"voiceSEIadj":100,"audienceSEI":80.07005213181903,"audienceSEIadj":80.07005213181903,"SEI":98.00700521318191,"SEIadj":98.00700521318191},"non_scoped":{"SEI":95.63011389670747,"SEIrank":1,"SEIadj":0,"audienceSEI":56.301138967074685,"audienceSEIadj":0,"audienceSEIrank":4,"audienceScore":11.680399526055089,"combinedScore":42.42056602522622,"combinedScoreRank":1,"engagementSEI":100,"engagementSEIadj":0,"engagementSEIrank":1,"engagementScore":43.89245857287792,"voiceSEI":100,"voiceSEIadj":0,"voiceSEIrank":1,"voiceScore":46.666666666666664},"scoped":{"SEI":95.63011389670747,"SEIrank":1,"SEIadj":0,"audienceSEI":56.301138967074685,"audienceSEIadj":0,"audienceSEIrank":3,"audienceScore":19.402054995375696,"combinedScore":46.51852124125297,"combinedScoreRank":1,"engagementSEI":100,"engagementSEIadj":0,"engagementSEIrank":1,"engagementScore":47.368613138686136,"voiceSEI":100,"voiceSEIadj":0,"voiceSEIrank":1,"voiceScore":58.333333333333336}}},"week":{"boundaryQuantum":4993818,"combined":{"entityString":"536575feb08f37d80186a0e5","type":"combined","profiles":3,"postsMade":617,"repliesMade":0,"repliesRcvd":107068,"sharesMade":0,"sharesRcvd":155140,"mentionsRcvd":0,"likesRcvd":530945,"reachRcvd":0,"audience":1923802,"voice":617,"conversation":107685,"engagement":793153,"group_scoped":{"audienceScore":64.89091032360757,"voiceScore":43.11670160726764,"engagementScore":91.43227017231601,"combinedScore":87.68942375162817,"combinedScoreRank":2,"SEIrank":4,"engagementSEIrank":4,"voiceSEIrank":4,"audienceSEIrank":4,"engagementSEI":100,"engagementSEIadj":100,"voiceSEI":100,"voiceSEIadj":100,"audienceSEI":100,"audienceSEIadj":100,"SEI":100,"SEIadj":100},"non_scoped":{"SEI":89.72582805222413,"SEIrank":1,"SEIadj":0,"audienceSEI":75.58163381565454,"audienceSEIadj":0,"audienceSEIrank":2,"audienceScore":13.927345058990259,"combinedScore":38.81329525681562,"combinedScoreRank":1,"engagementSEI":100,"engagementSEIadj":0,"engagementSEIrank":1,"engagementScore":41.94089114340119,"voiceSEI":73.89221556886227,"voiceSEIadj":0,"voiceSEIrank":2,"voiceScore":7.402519496100781},"scoped":{"SEI":89.72582805222413,"SEIrank":1,"SEIadj":0,"audienceSEI":75.58163381565454,"audienceSEIadj":0,"audienceSEIrank":2,"audienceScore":22.09274003091694,"combinedScore":44.204226854668676,"combinedScoreRank":1,"engagementSEI":100,"engagementSEIadj":0,"engagementSEIrank":1,"engagementScore":47.037867964732555,"voiceSEI":73.89221556886227,"voiceSEIadj":0,"voiceSEIrank":2,"voiceScore":15.310173697270471}},"facebook":{"entityString":"536575feb08f37d80186a0e5","type":"facebook","profiles":1,"postsMade":339,"repliesMade":0,"repliesRcvd":103678,"sharesMade":0,"sharesRcvd":154476,"mentionsRcvd":0,"likesRcvd":462106,"reachRcvd":0,"audience":1759095,"voice":339,"conversation":104017,"engagement":720260,"group_scoped":{"audienceScore":84.21465102596055,"voiceScore":78.11059907834101,"engagementScore":97.9722974507833,"combinedScore":96.29133021092005,"combinedScoreRank":1,"SEIrank":4,"engagementSEIrank":4,"voiceSEIrank":4,"audienceSEIrank":4,"engagementSEI":100,"engagementSEIadj":100,"voiceSEI":100,"voiceSEIadj":100,"audienceSEI":100,"audienceSEIadj":100,"SEI":100,"SEIadj":100},"non_scoped":{"SEI":99.47310005670629,"SEIrank":1,"SEIadj":0,"audienceSEI":94.73100056706286,"audienceSEIadj":0,"audienceSEIrank":2,"audienceScore":18.067212563501435,"combinedScore":41.88774180084924,"combinedScoreRank":1,"engagementSEI":100,"engagementSEIadj":0,"engagementSEIrank":1,"engagementScore":44.89388610169407,"voiceSEI":100,"voiceSEIadj":0,"voiceSEIrank":1,"voiceScore":11.59767362299008},"scoped":{"SEI":99.47310005670629,"SEIrank":1,"SEIadj":0,"audienceSEI":94.73100056706286,"audienceSEIadj":0,"audienceSEIrank":2,"audienceScore":24.484915448089424,"combinedScore":45.742481101901745,"combinedScoreRank":1,"engagementSEI":100,"engagementSEIadj":0,"engagementSEIrank":1,"engagementScore":48.39705663972864,"voiceSEI":100,"voiceSEIadj":0,"voiceSEIrank":1,"voiceScore":19.217687074829932}},"twitter":{"entityString":"536575feb08f37d80186a0e5","type":"twitter","profiles":1,"postsMade":152,"repliesMade":0,"repliesRcvd":0,"sharesMade":0,"sharesRcvd":664,"mentionsRcvd":0,"likesRcvd":786,"reachRcvd":0,"audience":95898,"voice":152,"conversation":152,"engagement":1450,"group_scoped":{"audienceScore":16.74813871729984,"voiceScore":19.363057324840767,"engagementScore":17.67861497195806,"combinedScore":17.716313276869283,"combinedScoreRank":9,"SEIrank":3,"engagementSEIrank":4,"voiceSEIrank":4,"audienceSEIrank":4,"engagementSEI":100,"engagementSEIadj":100,"voiceSEI":100,"voiceSEIadj":100,"audienceSEI":100,"audienceSEIadj":100,"SEI":100,"SEIadj":100},"non_scoped":{"SEI":17.9441213149048,"SEIrank":6,"SEIadj":0,"audienceSEI":16.93781273347381,"audienceSEIadj":0,"audienceSEIrank":5,"audienceScore":2.749656214123263,"combinedScore":2.389974696984393,"combinedScoreRank":6,"engagementSEI":11.050144795000762,"engagementSEIadj":0,"engagementSEIrank":6,"engagementScore":2.3371264627188033,"voiceSEI":32.06751054852321,"voiceSEIadj":0,"voiceSEIrank":8,"voiceScore":2.981561396626128},"scoped":{"SEI":17.9441213149048,"SEIrank":5,"SEIadj":0,"audienceSEI":16.93781273347381,"audienceSEIadj":0,"audienceSEIrank":4,"audienceScore":8.204853541593229,"combinedScore":5.81865660470664,"combinedScoreRank":4,"engagementSEI":11.050144795000762,"engagementSEIadj":0,"engagementSEIrank":4,"engagementScore":5.594999228275968,"voiceSEI":32.06751054852321,"voiceSEIadj":0,"voiceSEIrank":7,"voiceScore":7.45829244357213}},"instagram":{"entityString":"536575feb08f37d80186a0e5","type":"instagram","profiles":1,"postsMade":126,"repliesMade":0,"repliesRcvd":3390,"sharesMade":0,"sharesRcvd":0,"mentionsRcvd":0,"likesRcvd":68053,"reachRcvd":0,"audience":68809,"voice":126,"conversation":3516,"engagement":71443,"group_scoped":{"audienceScore":22.689845973243994,"voiceScore":59.43396226415094,"engagementScore":57.5656489964305,"combinedScore":55.9152745086572,"combinedScoreRank":42,"SEIrank":5,"engagementSEIrank":3,"voiceSEIrank":3,"audienceSEIrank":6,"engagementSEI":100,"engagementSEIadj":100,"voiceSEI":100,"voiceSEIadj":100,"audienceSEI":80.07005213181903,"audienceSEIadj":80.07005213181903,"SEI":98.00700521318191,"SEIadj":98.00700521318191},"non_scoped":{"SEI":95.63011389670747,"SEIrank":1,"SEIadj":0,"audienceSEI":56.301138967074685,"audienceSEIadj":0,"audienceSEIrank":4,"audienceScore":11.680399526055089,"combinedScore":31.203451107056694,"combinedScoreRank":1,"engagementSEI":100,"engagementSEIadj":0,"engagementSEIrank":1,"engagementScore":31.792290782224832,"voiceSEI":100,"voiceSEIadj":0,"voiceSEIrank":1,"voiceScore":40.12738853503185},"scoped":{"SEI":95.63011389670747,"SEIrank":1,"SEIadj":0,"audienceSEI":56.301138967074685,"audienceSEIadj":0,"audienceSEIrank":3,"audienceScore":19.402054995375696,"combinedScore":41.104492932043264,"combinedScoreRank":1,"engagementSEI":100,"engagementSEIadj":0,"engagementSEIrank":1,"engagementScore":41.52359143059737,"voiceSEI":100,"voiceSEIadj":0,"voiceSEIrank":1,"voiceScore":55.26315789473685}}},"month":{"boundaryQuantum":4987194,"combined":{"entityString":"536575feb08f37d80186a0e5","type":"combined","profiles":3,"postsMade":2644,"repliesMade":0,"repliesRcvd":500861,"sharesMade":0,"sharesRcvd":604653,"mentionsRcvd":0,"likesRcvd":2536366,"reachRcvd":0,"audience":1923802,"voice":2644,"conversation":503505,"engagement":3641880,"group_scoped":{"audienceScore":64.89091032360757,"voiceScore":41.99491740787802,"engagementScore":92.41834968175269,"combinedScore":88.5208061001517,"combinedScoreRank":1,"SEIrank":4,"engagementSEIrank":4,"voiceSEIrank":4,"audienceSEIrank":4,"engagementSEI":100,"engagementSEIadj":100,"voiceSEI":100,"voiceSEIadj":100,"audienceSEI":100,"audienceSEIadj":100,"SEI":100,"SEIadj":100},"non_scoped":{"SEI":89.124231897063,"SEIrank":1,"SEIadj":0,"audienceSEI":75.58163381565454,"audienceSEIadj":0,"audienceSEIrank":2,"audienceScore":13.927345058990259,"combinedScore":38.694948135971075,"combinedScoreRank":1,"engagementSEI":100,"engagementSEIadj":0,"engagementSEIrank":1,"engagementScore":41.835251898558234,"voiceSEI":71.88689505165851,"voiceSEIadj":0,"voiceSEIrank":3,"voiceScore":6.937083486382957},"scoped":{"SEI":89.124231897063,"SEIrank":1,"SEIadj":0,"audienceSEI":75.58163381565454,"audienceSEIadj":0,"audienceSEIrank":2,"audienceScore":22.09274003091694,"combinedScore":43.700560625808606,"combinedScoreRank":1,"engagementSEI":100,"engagementSEIadj":0,"engagementSEIrank":1,"engagementScore":46.5222097219293,"voiceSEI":71.88689505165851,"voiceSEIadj":0,"voiceSEIrank":3,"voiceScore":14.518697490527705}},"facebook":{"entityString":"536575feb08f37d80186a0e5","type":"facebook","profiles":1,"postsMade":1515,"repliesMade":0,"repliesRcvd":489575,"sharesMade":0,"sharesRcvd":601658,"mentionsRcvd":0,"likesRcvd":2263997,"reachRcvd":0,"audience":1759095,"voice":1515,"conversation":491090,"engagement":3355230,"group_scoped":{"audienceScore":84.21465102596055,"voiceScore":78.01235839340886,"engagementScore":97.57830449323833,"combinedScore":95.93182451488298,"combinedScoreRank":1,"SEIrank":4,"engagementSEIrank":4,"voiceSEIrank":4,"audienceSEIrank":4,"engagementSEI":100,"engagementSEIadj":100,"voiceSEI":100,"voiceSEIadj":100,"audienceSEI":100,"audienceSEIadj":100,"SEI":100,"SEIadj":100},"non_scoped":{"SEI":99.47310005670629,"SEIrank":1,"SEIadj":0,"audienceSEI":94.73100056706286,"audienceSEIadj":0,"audienceSEIrank":2,"audienceScore":18.067212563501435,"combinedScore":41.483545443029094,"combinedScoreRank":1,"engagementSEI":100,"engagementSEIadj":0,"engagementSEIrank":1,"engagementScore":44.45554763227832,"voiceSEI":100,"voiceSEIadj":0,"voiceSEIrank":1,"voiceScore":11.403838916070756},"scoped":{"SEI":99.47310005670629,"SEIrank":1,"SEIadj":0,"audienceSEI":94.73100056706286,"audienceSEIadj":0,"audienceSEIrank":2,"audienceScore":24.484915448089424,"combinedScore":45.25968356693228,"combinedScoreRank":1,"engagementSEI":100,"engagementSEIadj":0,"engagementSEIrank":1,"engagementScore":47.86367192336859,"voiceSEI":100,"voiceSEIadj":0,"voiceSEIrank":1,"voiceScore":19.16266126992158}},"twitter":{"entityString":"536575feb08f37d80186a0e5","type":"twitter","profiles":1,"postsMade":673,"repliesMade":0,"repliesRcvd":0,"sharesMade":0,"sharesRcvd":2995,"mentionsRcvd":0,"likesRcvd":4084,"reachRcvd":0,"audience":95898,"voice":673,"conversation":673,"engagement":7079,"group_scoped":{"audienceScore":16.74813871729984,"voiceScore":18.825174825174827,"engagementScore":21.564565753800224,"combinedScore":21.186774855543934,"combinedScoreRank":7,"SEIrank":3,"engagementSEIrank":4,"voiceSEIrank":4,"audienceSEIrank":4,"engagementSEI":100,"engagementSEIadj":100,"voiceSEI":100,"voiceSEIadj":100,"audienceSEI":100,"audienceSEIadj":100,"SEI":100,"SEIadj":100},"non_scoped":{"SEI":18.10939167289133,"SEIrank":6,"SEIadj":0,"audienceSEI":16.93781273347381,"audienceSEIadj":0,"audienceSEIrank":5,"audienceScore":2.749656214123263,"combinedScore":2.619532738893329,"combinedScoreRank":6,"engagementSEI":11.297298159939995,"engagementSEIadj":0,"engagementSEIrank":6,"engagementScore":2.599620284309369,"voiceSEI":32.124105011933175,"voiceSEIadj":0,"voiceSEIrank":8,"voiceScore":2.8478334461746786},"scoped":{"SEI":18.10939167289133,"SEIrank":5,"SEIadj":0,"audienceSEI":16.93781273347381,"audienceSEIadj":0,"audienceSEIrank":4,"audienceScore":8.204853541593229,"combinedScore":5.970576296250887,"combinedScoreRank":5,"engagementSEI":11.297298159939995,"engagementSEIadj":0,"engagementSEIrank":5,"engagementScore":5.781701759257746,"voiceSEI":32.124105011933175,"voiceSEIadj":0,"voiceSEIrank":7,"voiceScore":7.136040716785071}},"instagram":{"entityString":"536575feb08f37d80186a0e5","type":"instagram","profiles":1,"postsMade":456,"repliesMade":0,"repliesRcvd":11286,"sharesMade":0,"sharesRcvd":0,"mentionsRcvd":0,"likesRcvd":268285,"reachRcvd":0,"audience":68809,"voice":456,"conversation":11742,"engagement":279571,"group_scoped":{"audienceScore":22.689845973243994,"voiceScore":58.536585365853654,"engagementScore":59.56950389820144,"combinedScore":57.67387507533618,"combinedScoreRank":42,"SEIrank":5,"engagementSEIrank":3,"voiceSEIrank":3,"audienceSEIrank":6,"engagementSEI":100,"engagementSEIadj":100,"voiceSEI":100,"voiceSEIadj":100,"audienceSEI":80.07005213181903,"audienceSEIadj":80.07005213181903,"SEI":98.00700521318191,"SEIadj":98.00700521318191},"non_scoped":{"SEI":95.15552198755204,"SEIrank":1,"SEIadj":0,"audienceSEI":56.301138967074685,"audienceSEIadj":0,"audienceSEIrank":4,"audienceScore":11.680399526055089,"combinedScore":30.90050095482152,"combinedScoreRank":1,"engagementSEI":99.20901348474095,"engagementSEIadj":0,"engagementSEIrank":2,"engagementScore":31.56857674861873,"voiceSEI":100,"voiceSEIadj":0,"voiceSEIrank":1,"voiceScore":38.095238095238095},"scoped":{"SEI":95.15552198755204,"SEIrank":1,"SEIadj":0,"audienceSEI":56.301138967074685,"audienceSEIadj":0,"audienceSEIrank":3,"audienceScore":19.402054995375696,"combinedScore":39.73796178605797,"combinedScoreRank":1,"engagementSEI":99.20901348474095,"engagementSEIadj":0,"engagementSEIrank":2,"engagementScore":40.17684820457253,"voiceSEI":100,"voiceSEIadj":0,"voiceSEIrank":1,"voiceScore":52.17391304347826}}},"quarter":{"boundaryQuantum":4969914,"combined":{"entityString":"536575feb08f37d80186a0e5","type":"combined","profiles":3,"postsMade":7736,"repliesMade":0,"repliesRcvd":1613773,"sharesMade":0,"sharesRcvd":2127871,"mentionsRcvd":0,"likesRcvd":7647925,"reachRcvd":0,"audience":1923802,"voice":7736,"conversation":1621509,"engagement":11389569,"group_scoped":{"audienceScore":64.89091032360757,"voiceScore":43.48021582733813,"engagementScore":92.76615690861169,"combinedScore":88.90809752529782,"combinedScoreRank":1,"SEIrank":4,"engagementSEIrank":4,"voiceSEIrank":4,"audienceSEIrank":4,"engagementSEI":100,"engagementSEIadj":100,"voiceSEI":100,"voiceSEIadj":100,"audienceSEI":100,"audienceSEIadj":100,"SEI":100,"SEIadj":100},"non_scoped":{"SEI":89.23775235867895,"SEIrank":1,"SEIadj":0,"audienceSEI":75.58163381565454,"audienceSEIadj":0,"audienceSEIrank":2,"audienceScore":13.927345058990259,"combinedScore":38.098069512903514,"combinedScoreRank":1,"engagementSEI":100,"engagementSEIadj":0,"engagementSEIrank":1,"engagementScore":41.17188883820028,"voiceSEI":72.26529659037833,"voiceSEIadj":0,"voiceSEIrank":4,"voiceScore":6.940046111474938},"scoped":{"SEI":89.23775235867895,"SEIrank":1,"SEIadj":0,"audienceSEI":75.58163381565454,"audienceSEIadj":0,"audienceSEIrank":2,"audienceScore":22.09274003091694,"combinedScore":43.052520112676866,"combinedScoreRank":1,"engagementSEI":100,"engagementSEIadj":0,"engagementSEIrank":1,"engagementScore":45.80964819875399,"voiceSEI":72.26529659037833,"voiceSEIadj":0,"voiceSEIrank":4,"voiceScore":14.383994645048528}},"facebook":{"entityString":"536575feb08f37d80186a0e5","type":"facebook","profiles":1,"postsMade":4570,"repliesMade":0,"repliesRcvd":1587461,"sharesMade":0,"sharesRcvd":2118981,"mentionsRcvd":0,"likesRcvd":7003474,"reachRcvd":0,"audience":1759095,"voice":4570,"conversation":1592031,"engagement":10709916,"group_scoped":{"audienceScore":84.21465102596055,"voiceScore":77.01381867205932,"engagementScore":97.49129535178612,"combinedScore":95.80358930150851,"combinedScoreRank":1,"SEIrank":4,"engagementSEIrank":4,"voiceSEIrank":4,"audienceSEIrank":4,"engagementSEI":100,"engagementSEIadj":100,"voiceSEI":100,"voiceSEIadj":100,"audienceSEI":100,"audienceSEIadj":100,"SEI":100,"SEIadj":100},"non_scoped":{"SEI":99.47310005670629,"SEIrank":1,"SEIadj":0,"audienceSEI":94.73100056706286,"audienceSEIadj":0,"audienceSEIrank":2,"audienceScore":18.067212563501435,"combinedScore":40.79895167051905,"combinedScoreRank":1,"engagementSEI":100,"engagementSEIadj":0,"engagementSEIrank":1,"engagementScore":43.692838324541526,"voiceSEI":100,"voiceSEIadj":0,"voiceSEIrank":1,"voiceScore":11.440731005132058},"scoped":{"SEI":99.47310005670629,"SEIrank":1,"SEIadj":0,"audienceSEI":94.73100056706286,"audienceSEIadj":0,"audienceSEIrank":2,"audienceScore":24.484915448089424,"combinedScore":44.699501738883605,"combinedScoreRank":1,"engagementSEI":100,"engagementSEIadj":0,"engagementSEIrank":1,"engagementScore":47.22793859190935,"voiceSEI":100,"voiceSEIadj":0,"voiceSEIrank":1,"voiceScore":19.402224675214402}},"twitter":{"entityString":"536575feb08f37d80186a0e5","type":"twitter","profiles":1,"postsMade":2197,"repliesMade":0,"repliesRcvd":0,"sharesMade":0,"sharesRcvd":8890,"mentionsRcvd":0,"likesRcvd":11922,"reachRcvd":0,"audience":95898,"voice":2197,"conversation":2197,"engagement":20812,"group_scoped":{"audienceScore":16.74813871729984,"voiceScore":21.70305245480589,"engagementScore":23.81753470434076,"combinedScore":23.35834079251197,"combinedScoreRank":7,"SEIrank":3,"engagementSEIrank":4,"voiceSEIrank":4,"audienceSEIrank":4,"engagementSEI":100,"engagementSEIadj":100,"voiceSEI":100,"voiceSEIadj":100,"audienceSEI":100,"audienceSEIadj":100,"SEI":100,"SEIadj":100},"non_scoped":{"SEI":19.445604056332925,"SEIrank":6,"SEIadj":0,"audienceSEI":16.93781273347381,"audienceSEIadj":0,"audienceSEIrank":5,"audienceScore":2.749656214123263,"combinedScore":2.6755530119868767,"combinedScoreRank":6,"engagementSEI":11.259711311649244,"engagementSEIadj":0,"engagementSEIrank":6,"engagementScore":2.642421195234703,"voiceSEI":36.65331998665332,"voiceSEIadj":0,"voiceSEIrank":7,"voiceScore":3.1978225113896044},"scoped":{"SEI":19.445604056332925,"SEIrank":5,"SEIadj":0,"audienceSEI":16.93781273347381,"audienceSEIadj":0,"audienceSEIrank":4,"audienceScore":8.204853541593229,"combinedScore":5.89401896904465,"combinedScoreRank":5,"engagementSEI":11.259711311649244,"engagementSEIadj":0,"engagementSEIrank":5,"engagementScore":5.659848849510352,"voiceSEI":36.65331998665332,"voiceSEIadj":0,"voiceSEIrank":7,"voiceScore":7.798246548113442}},"instagram":{"entityString":"536575feb08f37d80186a0e5","type":"instagram","profiles":1,"postsMade":969,"repliesMade":0,"repliesRcvd":26312,"sharesMade":0,"sharesRcvd":0,"mentionsRcvd":0,"likesRcvd":632529,"reachRcvd":0,"audience":68809,"voice":969,"conversation":27281,"engagement":658841,"group_scoped":{"audienceScore":22.689845973243994,"voiceScore":55.850144092219026,"engagementScore":54.68336170527104,"combinedScore":53.14202503801709,"combinedScoreRank":42,"SEIrank":5,"engagementSEIrank":3,"voiceSEIrank":3,"audienceSEIrank":6,"engagementSEI":100,"engagementSEIadj":100,"voiceSEI":100,"voiceSEIadj":100,"audienceSEI":80.07005213181903,"audienceSEIadj":80.07005213181903,"SEI":98.00700521318191,"SEIadj":98.00700521318191},"non_scoped":{"SEI":86.07098469021365,"SEIrank":2,"SEIadj":0,"audienceSEI":56.301138967074685,"audienceSEIadj":0,"audienceSEIrank":4,"audienceScore":11.680399526055089,"combinedScore":27.384116082754375,"combinedScoreRank":2,"engagementSEI":84.06811798917697,"engagementSEIadj":0,"engagementSEIrank":2,"engagementScore":27.869577815707597,"voiceSEI":100,"voiceSEIadj":0,"voiceSEIrank":1,"voiceScore":34.34952144629564},"scoped":{"SEI":86.07098469021365,"SEIrank":2,"SEIadj":0,"audienceSEI":56.301138967074685,"audienceSEIadj":0,"audienceSEIrank":3,"audienceScore":19.402054995375696,"combinedScore":35.94317368522609,"combinedScoreRank":2,"engagementSEI":84.06811798917697,"engagementSEIadj":0,"engagementSEIrank":2,"engagementScore":36.239340779867405,"voiceSEI":100,"voiceSEIadj":0,"voiceSEIrank":1,"voiceScore":47.153284671532845}}},"blended":{"combined":{"non_scoped":{"SEI":89.58796206919237,"SEIadj":96.87638862075771,"SEIrank":1,"audienceSEI":75.58163381565454,"audienceSEIadj":92.67449014469636,"audienceSEIrank":2,"engagementSEI":98,"engagementSEIadj":98,"engagementSEIrank":1,"voiceSEI":73.43266229208977,"voiceSEIadj":92.02979868762694,"voiceSEIrank":3},"scoped":{"SEI":89.08685117258621,"SEIadj":94.5434255862931,"SEIrank":1,"compCharisma":12,"compInfluence":9,"compEva":68.08685117258621,"audienceSEI":75.58163381565454,"audienceSEIadj":87.79081690782726,"audienceSEIrank":2,"engagementSEI":98,"engagementSEIadj":98,"engagementSEIrank":1,"voiceSEI":73.43266229208977,"voiceSEIadj":86.7163311460449,"voiceSEIrank":3}},"facebook":{"non_scoped":{"SEI":98,"SEIadj":98,"SEIrank":1,"audienceSEI":94.73100056706286,"audienceSEIadj":98,"audienceSEIrank":2,"engagementSEI":98,"engagementSEIadj":98,"engagementSEIrank":1,"voiceSEI":98,"voiceSEIadj":98,"voiceSEIrank":1},"scoped":{"SEI":98,"SEIadj":98,"SEIrank":1,"audienceSEI":94.73100056706286,"audienceSEIadj":97.36550028353143,"audienceSEIrank":2,"engagementSEI":98,"engagementSEIadj":98,"engagementSEIrank":1,"voiceSEI":98,"voiceSEIadj":98,"voiceSEIrank":1}},"twitter":{"non_scoped":{"SEI":19.101448955859876,"SEIadj":75.73043468675796,"SEIrank":6,"audienceSEI":16.93781273347381,"audienceSEIadj":75.08134382004215,"audienceSEIrank":5,"engagementSEI":11.506419510399384,"engagementSEIadj":73.45192585311982,"engagementSEIrank":5,"voiceSEI":35.012719920909554,"voiceSEIadj":80.50381597627286,"voiceSEIrank":7},"scoped":{"SEI":19.101448955859876,"SEIadj":51.460869373515926,"SEIrank":5,"audienceSEI":16.93781273347381,"audienceSEIadj":58.4689063667369,"audienceSEIrank":4,"engagementSEI":11.506419510399384,"engagementSEIadj":55.75320975519969,"engagementSEIrank":4,"voiceSEI":35.012719920909554,"voiceSEIadj":48.01017593672764,"voiceSEIrank":7}},"instagram":{"non_scoped":{"SEI":90.77936050708725,"SEIadj":97.23380815212617,"SEIrank":1,"audienceSEI":56.301138967074685,"audienceSEIadj":86.8903416901224,"audienceSEIrank":4,"engagementSEI":91.91541101729962,"engagementSEIadj":97.57462330518989,"engagementSEIrank":2,"voiceSEI":98,"voiceSEIadj":98,"voiceSEIrank":1},"scoped":{"SEI":90.77936050708725,"SEIadj":95.38968025354362,"SEIrank":1,"audienceSEI":56.301138967074685,"audienceSEIadj":78.15056948353734,"audienceSEIrank":3,"engagementSEI":91.91541101729962,"engagementSEIadj":95.95770550864981,"engagementSEIrank":2,"voiceSEI":98,"voiceSEIadj":98,"voiceSEIrank":1}},"influence":{"combined":{"ratio":1.84,"bottom":false,"scope":"brand","calculated":true},"facebook":{"ratio":1.38,"bottom":false,"scope":"brand","calculated":true},"twitter":{"ratio":0.71,"bottom":false,"scope":"brand","calculated":true},"instagram":{"ratio":1.8,"bottom":false,"scope":"brand","calculated":true}},"charisma":{"combined":{"ratio":2,"bottom":false,"scope":"brand","calculated":true},"facebook":{"ratio":0.99,"bottom":false,"scope":"brand","calculated":true},"twitter":{"ratio":0.93,"bottom":false,"scope":"brand","calculated":true},"instagram":{"ratio":0.98,"bottom":false,"scope":"brand","calculated":true}}},"scope":"brand"}}