{"scoreEntityString":"591d1494ab33fb0001804f89.asset.536575ffb08f37d80186deac","timeQuantum":4995834,"scoreEntityType":"asset","scoreProfileID":"591d1494ab33fb0001804f89","data":{"scoreEntityString":"591d1494ab33fb0001804f89.asset.536575ffb08f37d80186deac","scoreProfileID":"591d1494ab33fb0001804f89","scoreEntityType":"asset","entityID":"asset.536575ffb08f37d80186deac","object_version":"1.2","score_engine_version":"3.0.20","timestamp":4995834,"start_quantum":4969914,"end_quantum":4995833,"schedule_options":{"interval":15,"offset":"1"},"_15min":{"boundaryQuantum":4995831,"combined":{"entityString":"536575ffb08f37d80186deac","type":"combined","profiles":2,"postsMade":0,"repliesMade":0,"repliesRcvd":0,"sharesMade":0,"sharesRcvd":0,"mentionsRcvd":0,"likesRcvd":0,"reachRcvd":0,"audience":3565,"voice":0,"conversation":0,"engagement":0,"group_scoped":{"audienceScore":0.2511548544041571,"voiceScore":0,"engagementScore":0,"combinedScore":0.2511548544041571,"engagementSEI":0,"engagementSEIadj":0,"voiceSEI":0,"voiceSEIadj":0,"audienceSEI":0.3631603610211275,"audienceSEIadj":0.3631603610211275,"SEI":0.03631603610211275,"SEIadj":0.03631603610211275,"combinedScoreRank":177,"SEIrank":184,"engagementSEIrank":51,"voiceSEIrank":44,"audienceSEIrank":184},"non_scoped":{"SEI":0.014006042438505027,"SEIrank":193,"SEIadj":0,"audienceSEI":0.14006042438505026,"audienceSEIadj":0,"audienceSEIrank":193,"audienceScore":0.025808781327444442,"combinedScore":0.0012904390663722222,"combinedScoreRank":193,"engagementSEI":0,"engagementSEIadj":0,"engagementSEIrank":51,"engagementScore":0,"voiceSEI":0,"voiceSEIadj":0,"voiceSEIrank":44,"voiceScore":0},"scoped":{"SEI":0.18285051905953797,"SEIrank":176,"SEIadj":0,"audienceSEI":1.8285051905953797,"audienceSEIadj":0,"audienceSEIrank":176,"audienceScore":0.07409527384386952,"combinedScore":0.003704763692193476,"combinedScoreRank":176,"engagementSEI":0,"engagementSEIadj":0,"engagementSEIrank":44,"engagementScore":0,"voiceSEI":0,"voiceSEIadj":0,"voiceSEIrank":41,"voiceScore":0}},"facebook":{"entityString":"536575ffb08f37d80186deac","type":"facebook","profiles":1,"postsMade":0,"repliesMade":0,"repliesRcvd":0,"sharesMade":0,"sharesRcvd":0,"mentionsRcvd":0,"likesRcvd":0,"reachRcvd":0,"audience":1,"voice":0,"conversation":0,"engagement":0,"group_scoped":{"audienceScore":0.00009323435574127839,"voiceScore":0,"engagementScore":0,"combinedScore":0.00009323435574127839,"engagementSEI":0,"engagementSEIadj":0,"voiceSEI":0,"voiceSEIadj":0,"audienceSEI":0.00011729077085840423,"audienceSEIadj":0.00011729077085840423,"SEI":0.000011729077085840424,"SEIadj":0.000011729077085840424,"combinedScoreRank":177,"SEIrank":177,"engagementSEIrank":49,"voiceSEIrank":43,"audienceSEIrank":177},"non_scoped":{"SEI":0.000005385212314688114,"SEIrank":172,"SEIadj":0,"audienceSEI":0.00005385212314688113,"audienceSEIadj":0,"audienceSEIrank":172,"audienceScore":0.000010270742946515928,"combinedScore":5.135371473257964e-7,"combinedScoreRank":172,"engagementSEI":0,"engagementSEIadj":0,"engagementSEIrank":49,"engagementScore":0,"voiceSEI":0,"voiceSEIadj":0,"voiceSEIrank":43,"voiceScore":0},"scoped":{"SEI":0.00006864266004036188,"SEIrank":156,"SEIadj":0,"audienceSEI":0.0006864266004036188,"audienceSEIadj":0,"audienceSEIrank":156,"audienceScore":0.00004210226724919364,"combinedScore":0.000002105113362459682,"combinedScoreRank":156,"engagementSEI":0,"engagementSEIadj":0,"engagementSEIrank":42,"engagementScore":0,"voiceSEI":0,"voiceSEIadj":0,"voiceSEIrank":41,"voiceScore":0}},"twitter":{"entityString":"536575ffb08f37d80186deac","type":"twitter","profiles":1,"postsMade":0,"repliesMade":0,"repliesRcvd":0,"sharesMade":0,"sharesRcvd":0,"mentionsRcvd":0,"likesRcvd":0,"reachRcvd":0,"audience":3564,"voice":0,"conversation":0,"engagement":0,"group_scoped":{"audienceScore":1.0329446748571876,"voiceScore":0,"engagementScore":0,"combinedScore":1.0329446748571876,"engagementSEI":0,"engagementSEIadj":0,"voiceSEI":0,"voiceSEIadj":0,"audienceSEI":2.8011380605812914,"audienceSEIadj":2.8011380605812914,"SEI":0.28011380605812913,"SEIadj":0.28011380605812913,"combinedScoreRank":137,"SEIrank":141,"engagementSEIrank":45,"voiceSEIrank":44,"audienceSEIrank":140},"non_scoped":{"SEI":0.06294851256762461,"SEIrank":162,"SEIadj":0,"audienceSEI":0.629485125676246,"audienceSEIadj":0,"audienceSEIrank":162,"audienceScore":0.10218956336039656,"combinedScore":0.005109478168019828,"combinedScoreRank":162,"engagementSEI":0,"engagementSEIadj":0,"engagementSEIrank":45,"engagementScore":0,"voiceSEI":0,"voiceSEIadj":0,"voiceSEIrank":44,"voiceScore":0},"scoped":{"SEI":0.3057967532690394,"SEIrank":146,"SEIadj":0,"audienceSEI":3.0579675326903937,"audienceSEIadj":0,"audienceSEIrank":146,"audienceScore":0.1618709447104445,"combinedScore":0.023124420672920643,"combinedScoreRank":146,"engagementSEI":0,"engagementSEIadj":0,"engagementSEIrank":42,"engagementScore":0,"voiceSEI":0,"voiceSEIadj":0,"voiceSEIrank":41,"voiceScore":0}},"instagram":{"entityString":"536575ffb08f37d80186deac","type":"instagram","profiles":0,"postsMade":0,"repliesMade":0,"repliesRcvd":0,"sharesMade":0,"sharesRcvd":0,"mentionsRcvd":0,"likesRcvd":0,"reachRcvd":0,"audience":0,"voice":0,"conversation":0,"engagement":0,"group_scoped":{"audienceScore":0,"voiceScore":0,"engagementScore":0,"combinedScore":0,"engagementSEI":0,"engagementSEIadj":0,"voiceSEI":0,"voiceSEIadj":0,"audienceSEI":0,"audienceSEIadj":0,"SEI":0,"SEIadj":0,"combinedScoreRank":106,"SEIrank":69,"engagementSEIrank":46,"voiceSEIrank":43,"audienceSEIrank":69},"non_scoped":{"SEI":0,"SEIrank":69,"SEIadj":0,"audienceSEI":0,"audienceSEIadj":0,"audienceSEIrank":69,"audienceScore":0,"combinedScore":0,"combinedScoreRank":69,"engagementSEI":0,"engagementSEIadj":0,"engagementSEIrank":46,"engagementScore":0,"voiceSEI":0,"voiceSEIadj":0,"voiceSEIrank":43,"voiceScore":0},"scoped":{"SEI":0,"SEIrank":63,"SEIadj":0,"audienceSEI":0,"audienceSEIadj":0,"audienceSEIrank":63,"audienceScore":0,"combinedScore":0,"combinedScoreRank":63,"engagementSEI":0,"engagementSEIadj":0,"engagementSEIrank":42,"engagementScore":0,"voiceSEI":0,"voiceSEIadj":0,"voiceSEIrank":41,"voiceScore":0}}},"hour":{"boundaryQuantum":4995822,"combined":{"entityString":"536575ffb08f37d80186deac","type":"combined","profiles":2,"postsMade":0,"repliesMade":0,"repliesRcvd":0,"sharesMade":0,"sharesRcvd":0,"mentionsRcvd":0,"likesRcvd":0,"reachRcvd":0,"audience":3565,"voice":0,"conversation":0,"engagement":0,"group_scoped":{"audienceScore":0.2511548544041571,"voiceScore":0,"engagementScore":0,"combinedScore":0.2511548544041571,"combinedScoreRank":170,"SEIrank":187,"engagementSEIrank":92,"voiceSEIrank":57,"audienceSEIrank":184,"engagementSEI":0,"engagementSEIadj":0,"voiceSEI":0,"voiceSEIadj":0,"audienceSEI":0.3631603610211275,"audienceSEIadj":0.3631603610211275,"SEI":0.03631603610211275,"SEIadj":0.03631603610211275},"non_scoped":{"SEI":0.014006042438505027,"SEIrank":194,"SEIadj":0,"audienceSEI":0.14006042438505026,"audienceSEIadj":0,"audienceSEIrank":193,"audienceScore":0.025808781327444442,"combinedScore":0.0012904390663722222,"combinedScoreRank":194,"engagementSEI":0,"engagementSEIadj":0,"engagementSEIrank":92,"engagementScore":0,"voiceSEI":0,"voiceSEIadj":0,"voiceSEIrank":57,"voiceScore":0},"scoped":{"SEI":0.18285051905953797,"SEIrank":177,"SEIadj":0,"audienceSEI":1.8285051905953797,"audienceSEIadj":0,"audienceSEIrank":176,"audienceScore":0.07409527384386952,"combinedScore":0.003704763692193476,"combinedScoreRank":177,"engagementSEI":0,"engagementSEIadj":0,"engagementSEIrank":82,"engagementScore":0,"voiceSEI":0,"voiceSEIadj":0,"voiceSEIrank":49,"voiceScore":0}},"facebook":{"entityString":"536575ffb08f37d80186deac","type":"facebook","profiles":1,"postsMade":0,"repliesMade":0,"repliesRcvd":0,"sharesMade":0,"sharesRcvd":0,"mentionsRcvd":0,"likesRcvd":0,"reachRcvd":0,"audience":1,"voice":0,"conversation":0,"engagement":0,"group_scoped":{"audienceScore":0.00009323435574127839,"voiceScore":0,"engagementScore":0,"combinedScore":0.00009323435574127839,"combinedScoreRank":177,"SEIrank":177,"engagementSEIrank":75,"voiceSEIrank":51,"audienceSEIrank":177,"engagementSEI":0,"engagementSEIadj":0,"voiceSEI":0,"voiceSEIadj":0,"audienceSEI":0.00011729077085840423,"audienceSEIadj":0.00011729077085840423,"SEI":0.000011729077085840424,"SEIadj":0.000011729077085840424},"non_scoped":{"SEI":0.000005385212314688114,"SEIrank":172,"SEIadj":0,"audienceSEI":0.00005385212314688113,"audienceSEIadj":0,"audienceSEIrank":172,"audienceScore":0.000010270742946515928,"combinedScore":5.135371473257964e-7,"combinedScoreRank":172,"engagementSEI":0,"engagementSEIadj":0,"engagementSEIrank":75,"engagementScore":0,"voiceSEI":0,"voiceSEIadj":0,"voiceSEIrank":51,"voiceScore":0},"scoped":{"SEI":0.00006864266004036188,"SEIrank":156,"SEIadj":0,"audienceSEI":0.0006864266004036188,"audienceSEIadj":0,"audienceSEIrank":156,"audienceScore":0.00004210226724919364,"combinedScore":0.000002105113362459682,"combinedScoreRank":156,"engagementSEI":0,"engagementSEIadj":0,"engagementSEIrank":65,"engagementScore":0,"voiceSEI":0,"voiceSEIadj":0,"voiceSEIrank":43,"voiceScore":0}},"twitter":{"entityString":"536575ffb08f37d80186deac","type":"twitter","profiles":1,"postsMade":0,"repliesMade":0,"repliesRcvd":0,"sharesMade":0,"sharesRcvd":0,"mentionsRcvd":0,"likesRcvd":0,"reachRcvd":0,"audience":3564,"voice":0,"conversation":0,"engagement":0,"group_scoped":{"audienceScore":1.0329446748571876,"voiceScore":0,"engagementScore":0,"combinedScore":1.0329446748571876,"combinedScoreRank":142,"SEIrank":152,"engagementSEIrank":66,"voiceSEIrank":56,"audienceSEIrank":140,"engagementSEI":0,"engagementSEIadj":0,"voiceSEI":0,"voiceSEIadj":0,"audienceSEI":2.8011380605812914,"audienceSEIadj":2.8011380605812914,"SEI":0.28011380605812913,"SEIadj":0.28011380605812913},"non_scoped":{"SEI":0.06294851256762461,"SEIrank":167,"SEIadj":0,"audienceSEI":0.629485125676246,"audienceSEIadj":0,"audienceSEIrank":162,"audienceScore":0.10218956336039656,"combinedScore":0.005109478168019828,"combinedScoreRank":167,"engagementSEI":0,"engagementSEIadj":0,"engagementSEIrank":66,"engagementScore":0,"voiceSEI":0,"voiceSEIadj":0,"voiceSEIrank":56,"voiceScore":0},"scoped":{"SEI":0.3057967532690394,"SEIrank":151,"SEIadj":0,"audienceSEI":3.0579675326903937,"audienceSEIadj":0,"audienceSEIrank":146,"audienceScore":0.1618709447104445,"combinedScore":0.008093547235522225,"combinedScoreRank":151,"engagementSEI":0,"engagementSEIadj":0,"engagementSEIrank":57,"engagementScore":0,"voiceSEI":0,"voiceSEIadj":0,"voiceSEIrank":48,"voiceScore":0}},"instagram":{"entityString":"536575ffb08f37d80186deac","type":"instagram","profiles":0,"postsMade":0,"repliesMade":0,"repliesRcvd":0,"sharesMade":0,"sharesRcvd":0,"mentionsRcvd":0,"likesRcvd":0,"reachRcvd":0,"audience":0,"voice":0,"conversation":0,"engagement":0,"group_scoped":{"audienceScore":0,"voiceScore":0,"engagementScore":0,"combinedScore":0,"combinedScoreRank":106,"SEIrank":69,"engagementSEIrank":51,"voiceSEIrank":45,"audienceSEIrank":69,"engagementSEI":0,"engagementSEIadj":0,"voiceSEI":0,"voiceSEIadj":0,"audienceSEI":0,"audienceSEIadj":0,"SEI":0,"SEIadj":0},"non_scoped":{"SEI":0,"SEIrank":69,"SEIadj":0,"audienceSEI":0,"audienceSEIadj":0,"audienceSEIrank":69,"audienceScore":0,"combinedScore":0,"combinedScoreRank":69,"engagementSEI":0,"engagementSEIadj":0,"engagementSEIrank":51,"engagementScore":0,"voiceSEI":0,"voiceSEIadj":0,"voiceSEIrank":45,"voiceScore":0},"scoped":{"SEI":0,"SEIrank":63,"SEIadj":0,"audienceSEI":0,"audienceSEIadj":0,"audienceSEIrank":63,"audienceScore":0,"combinedScore":0,"combinedScoreRank":63,"engagementSEI":0,"engagementSEIadj":0,"engagementSEIrank":45,"engagementScore":0,"voiceSEI":0,"voiceSEIadj":0,"voiceSEIrank":41,"voiceScore":0}}},"today":{"boundaryQuantum":4995546,"combined":{"entityString":"536575ffb08f37d80186deac","type":"combined","profiles":2,"postsMade":3,"repliesMade":0,"repliesRcvd":0,"sharesMade":0,"sharesRcvd":1,"mentionsRcvd":0,"likesRcvd":13,"reachRcvd":0,"audience":3565,"voice":3,"conversation":3,"engagement":14,"group_scoped":{"audienceScore":0.2511548544041571,"voiceScore":2.380952380952381,"engagementScore":0.16106764841233318,"combinedScore":0.2765662453389268,"combinedScoreRank":113,"SEIrank":81,"engagementSEIrank":72,"voiceSEIrank":63,"audienceSEIrank":184,"engagementSEI":0.1918070968625839,"engagementSEIadj":0.1918070968625839,"voiceSEI":3.296703296703297,"voiceSEIadj":3.296703296703297,"audienceSEI":0.3631603610211275,"audienceSEIadj":0.3631603610211275,"SEI":1.140411283230652,"SEIadj":1.140411283230652},"non_scoped":{"SEI":0.638980810464436,"SEIrank":95,"SEIadj":0,"audienceSEI":0.14006042438505026,"audienceSEIadj":0,"audienceSEIrank":193,"audienceScore":0.025808781327444442,"combinedScore":0.016446239639999048,"combinedScoreRank":122,"engagementSEI":0.014227353102579216,"engagementSEIadj":0,"engagementSEIrank":108,"engagementScore":0.005209166644961806,"voiceSEI":2.054794520547945,"voiceSEIadj":0,"voiceSEIrank":76,"voiceScore":0.20935101186322402},"scoped":{"SEI":3.959455620202897,"SEIrank":99,"SEIadj":0,"audienceSEI":1.8285051905953797,"audienceSEIadj":0,"audienceSEIrank":176,"audienceScore":0.07409527384386952,"combinedScore":0.08037248463874908,"combinedScoreRank":103,"engagementSEI":0.7387862796833773,"engagementSEIadj":0,"engagementSEIrank":97,"engagementScore":0.05790866975512905,"voiceSEI":11.11111111111111,"voiceSEIadj":0,"voiceSEIrank":65,"voiceScore":0.4909983633387889}},"facebook":{"entityString":"536575ffb08f37d80186deac","type":"facebook","profiles":1,"postsMade":0,"repliesMade":0,"repliesRcvd":0,"sharesMade":0,"sharesRcvd":0,"mentionsRcvd":0,"likesRcvd":0,"reachRcvd":0,"audience":1,"voice":0,"conversation":0,"engagement":0,"group_scoped":{"audienceScore":0.00009323435574127839,"voiceScore":0,"engagementScore":0,"combinedScore":0.00009323435574127839,"combinedScoreRank":177,"SEIrank":177,"engagementSEIrank":113,"voiceSEIrank":95,"audienceSEIrank":177,"engagementSEI":0,"engagementSEIadj":0,"voiceSEI":0,"voiceSEIadj":0,"audienceSEI":0.00011729077085840423,"audienceSEIadj":0.00011729077085840423,"SEI":0.000011729077085840424,"SEIadj":0.000011729077085840424},"non_scoped":{"SEI":0.000005385212314688114,"SEIrank":172,"SEIadj":0,"audienceSEI":0.00005385212314688113,"audienceSEIadj":0,"audienceSEIrank":172,"audienceScore":0.000010270742946515928,"combinedScore":5.135371473257964e-7,"combinedScoreRank":172,"engagementSEI":0,"engagementSEIadj":0,"engagementSEIrank":113,"engagementScore":0,"voiceSEI":0,"voiceSEIadj":0,"voiceSEIrank":95,"voiceScore":0},"scoped":{"SEI":0.00006864266004036188,"SEIrank":156,"SEIadj":0,"audienceSEI":0.0006864266004036188,"audienceSEIadj":0,"audienceSEIrank":156,"audienceScore":0.00004210226724919364,"combinedScore":0.000002105113362459682,"combinedScoreRank":156,"engagementSEI":0,"engagementSEIadj":0,"engagementSEIrank":103,"engagementScore":0,"voiceSEI":0,"voiceSEIadj":0,"voiceSEIrank":85,"voiceScore":0}},"twitter":{"entityString":"536575ffb08f37d80186deac","type":"twitter","profiles":1,"postsMade":3,"repliesMade":0,"repliesRcvd":0,"sharesMade":0,"sharesRcvd":1,"mentionsRcvd":0,"likesRcvd":13,"reachRcvd":0,"audience":3564,"voice":3,"conversation":3,"engagement":14,"group_scoped":{"audienceScore":1.0329446748571876,"voiceScore":3.5294117647058822,"engagementScore":1.8469656992084433,"combinedScore":1.8903869512657525,"combinedScoreRank":72,"SEIrank":69,"engagementSEIrank":65,"voiceSEIrank":55,"audienceSEIrank":140,"engagementSEI":3.32541567695962,"engagementSEIadj":3.32541567695962,"voiceSEI":5.357142857142857,"voiceSEIadj":5.357142857142857,"audienceSEI":2.8011380605812914,"audienceSEIadj":2.8011380605812914,"SEI":3.882506069376758,"SEIadj":3.882506069376758},"non_scoped":{"SEI":1.4821494991925268,"SEIrank":71,"SEIadj":0,"audienceSEI":0.629485125676246,"audienceSEIadj":0,"audienceSEIrank":162,"audienceScore":0.10218956336039656,"combinedScore":0.16849174557312316,"combinedScoreRank":72,"engagementSEI":0.6799417192812044,"engagementSEIadj":0,"engagementSEIrank":69,"engagementScore":0.16263940520446096,"voiceSEI":3.3707865168539324,"voiceSEIadj":0,"voiceSEIrank":57,"voiceScore":0.3401360544217687},"scoped":{"SEI":7.197563635785228,"SEIrank":65,"SEIadj":0,"audienceSEI":3.0579675326903937,"audienceSEIadj":0,"audienceSEIrank":146,"audienceScore":0.1618709447104445,"combinedScore":0.35399119032402016,"combinedScoreRank":60,"engagementSEI":4.964539007092199,"engagementSEIadj":0,"engagementSEIrank":59,"engagementScore":0.34619188921859545,"voiceSEI":13.043478260869565,"voiceSEIadj":0,"voiceSEIrank":47,"voiceScore":0.6864988558352403}},"instagram":{"entityString":"536575ffb08f37d80186deac","type":"instagram","profiles":0,"postsMade":0,"repliesMade":0,"repliesRcvd":0,"sharesMade":0,"sharesRcvd":0,"mentionsRcvd":0,"likesRcvd":0,"reachRcvd":0,"audience":0,"voice":0,"conversation":0,"engagement":0,"group_scoped":{"audienceScore":0,"voiceScore":0,"engagementScore":0,"combinedScore":0,"combinedScoreRank":106,"SEIrank":69,"engagementSEIrank":64,"voiceSEIrank":54,"audienceSEIrank":69,"engagementSEI":0,"engagementSEIadj":0,"voiceSEI":0,"voiceSEIadj":0,"audienceSEI":0,"audienceSEIadj":0,"SEI":0,"SEIadj":0},"non_scoped":{"SEI":0,"SEIrank":69,"SEIadj":0,"audienceSEI":0,"audienceSEIadj":0,"audienceSEIrank":69,"audienceScore":0,"combinedScore":0,"combinedScoreRank":69,"engagementSEI":0,"engagementSEIadj":0,"engagementSEIrank":64,"engagementScore":0,"voiceSEI":0,"voiceSEIadj":0,"voiceSEIrank":54,"voiceScore":0},"scoped":{"SEI":0,"SEIrank":63,"SEIadj":0,"audienceSEI":0,"audienceSEIadj":0,"audienceSEIrank":63,"audienceScore":0,"combinedScore":0,"combinedScoreRank":63,"engagementSEI":0,"engagementSEIadj":0,"engagementSEIrank":58,"engagementScore":0,"voiceSEI":0,"voiceSEIadj":0,"voiceSEIrank":48,"voiceScore":0}}},"week":{"boundaryQuantum":4993818,"combined":{"entityString":"536575ffb08f37d80186deac","type":"combined","profiles":2,"postsMade":3,"repliesMade":0,"repliesRcvd":0,"sharesMade":0,"sharesRcvd":1,"mentionsRcvd":0,"likesRcvd":13,"reachRcvd":0,"audience":3565,"voice":3,"conversation":3,"engagement":14,"group_scoped":{"audienceScore":0.2511548544041571,"voiceScore":0.3448275862068966,"engagementScore":0.016519368960105724,"combinedScore":0.044666554094647835,"combinedScoreRank":211,"SEIrank":185,"engagementSEIrank":168,"voiceSEIrank":167,"audienceSEIrank":184,"engagementSEI":0.01827246861050928,"engagementSEIadj":0.01827246861050928,"voiceSEI":0.5263157894736842,"voiceSEIadj":0.5263157894736842,"audienceSEI":0.3631603610211275,"audienceSEIadj":0.3631603610211275,"SEI":0.2051742541105236,"SEIadj":0.2051742541105236},"non_scoped":{"SEI":0.12284953784251867,"SEIrank":180,"SEIadj":0,"audienceSEI":0.14006042438505026,"audienceSEIadj":0,"audienceSEIrank":193,"audienceScore":0.025808781327444442,"combinedScore":0.0037563506249522842,"combinedScoreRank":194,"engagementSEI":0.0017651071104818365,"engagementSEIadj":0,"engagementSEIrank":175,"engagementScore":0.0007403016517716212,"voiceSEI":0.3592814371257485,"voiceSEIadj":0,"voiceSEIrank":167,"voiceScore":0.035992801439712056},"scoped":{"SEI":0.6046130205503639,"SEIrank":172,"SEIadj":0,"audienceSEI":1.8285051905953797,"audienceSEIadj":0,"audienceSEIrank":176,"audienceScore":0.07409527384386952,"combinedScore":0.013825353950833013,"combinedScoreRank":174,"engagementSEI":0.04791566842357451,"engagementSEIadj":0,"engagementSEIrank":162,"engagementScore":0.007012833485278059,"voiceSEI":1.3100436681222707,"voiceSEIadj":0,"voiceSEIrank":152,"voiceScore":0.07618080243778569}},"facebook":{"entityString":"536575ffb08f37d80186deac","type":"facebook","profiles":1,"postsMade":0,"repliesMade":0,"repliesRcvd":0,"sharesMade":0,"sharesRcvd":0,"mentionsRcvd":0,"likesRcvd":0,"reachRcvd":0,"audience":1,"voice":0,"conversation":0,"engagement":0,"group_scoped":{"audienceScore":0.00009323435574127839,"voiceScore":0,"engagementScore":0,"combinedScore":0.00009323435574127839,"combinedScoreRank":177,"SEIrank":177,"engagementSEIrank":142,"voiceSEIrank":129,"audienceSEIrank":177,"engagementSEI":0,"engagementSEIadj":0,"voiceSEI":0,"voiceSEIadj":0,"audienceSEI":0.00011729077085840423,"audienceSEIadj":0.00011729077085840423,"SEI":0.000011729077085840424,"SEIadj":0.000011729077085840424},"non_scoped":{"SEI":0.000005385212314688114,"SEIrank":172,"SEIadj":0,"audienceSEI":0.00005385212314688113,"audienceSEIadj":0,"audienceSEIrank":172,"audienceScore":0.000010270742946515928,"combinedScore":5.135371473257964e-7,"combinedScoreRank":172,"engagementSEI":0,"engagementSEIadj":0,"engagementSEIrank":142,"engagementScore":0,"voiceSEI":0,"voiceSEIadj":0,"voiceSEIrank":129,"voiceScore":0},"scoped":{"SEI":0.00006864266004036188,"SEIrank":156,"SEIadj":0,"audienceSEI":0.0006864266004036188,"audienceSEIadj":0,"audienceSEIrank":156,"audienceScore":0.00004210226724919364,"combinedScore":0.000002105113362459682,"combinedScoreRank":156,"engagementSEI":0,"engagementSEIadj":0,"engagementSEIrank":132,"engagementScore":0,"voiceSEI":0,"voiceSEIadj":0,"voiceSEIrank":119,"voiceScore":0}},"twitter":{"entityString":"536575ffb08f37d80186deac","type":"twitter","profiles":1,"postsMade":3,"repliesMade":0,"repliesRcvd":0,"sharesMade":0,"sharesRcvd":1,"mentionsRcvd":0,"likesRcvd":13,"reachRcvd":0,"audience":3564,"voice":3,"conversation":3,"engagement":14,"group_scoped":{"audienceScore":1.0329446748571876,"voiceScore":0.5050505050505051,"engagementScore":0.2230364823960491,"combinedScore":0.2776325931518288,"combinedScoreRank":185,"SEIrank":159,"engagementSEIrank":150,"voiceSEIrank":159,"audienceSEIrank":140,"engagementSEI":0.48409405255878285,"engagementSEIadj":0.48409405255878285,"voiceSEI":0.9146341463414633,"voiceSEIadj":0.9146341463414633,"audienceSEI":2.8011380605812914,"audienceSEIadj":2.8011380605812914,"SEI":0.8449604814958378,"SEIadj":0.8449604814958378},"non_scoped":{"SEI":0.3168365622050101,"SEIrank":168,"SEIadj":0,"audienceSEI":0.629485125676246,"audienceSEIadj":0,"audienceSEIrank":162,"audienceScore":0.10218956336039656,"combinedScore":0.028360631548987318,"combinedScoreRank":162,"engagementSEI":0.1066910531931108,"engagementSEIadj":0,"engagementSEIrank":153,"engagementScore":0.022565358950388446,"voiceSEI":0.6329113924050633,"voiceSEIadj":0,"voiceSEIrank":151,"voiceScore":0.05884660651235779},"scoped":{"SEI":1.2087687812410672,"SEIrank":156,"SEIadj":0,"audienceSEI":3.0579675326903937,"audienceSEIadj":0,"audienceSEIrank":146,"audienceScore":0.1618709447104445,"combinedScore":0.04996915061177216,"combinedScoreRank":148,"engagementSEI":0.6526806526806527,"engagementSEIadj":0,"engagementSEIrank":141,"engagementScore":0.040643325785287114,"voiceSEI":1.7045454545454544,"voiceSEIadj":0,"voiceSEIrank":137,"voiceScore":0.1059322033898305}},"instagram":{"entityString":"536575ffb08f37d80186deac","type":"instagram","profiles":0,"postsMade":0,"repliesMade":0,"repliesRcvd":0,"sharesMade":0,"sharesRcvd":0,"mentionsRcvd":0,"likesRcvd":0,"reachRcvd":0,"audience":0,"voice":0,"conversation":0,"engagement":0,"group_scoped":{"audienceScore":0,"voiceScore":0,"engagementScore":0,"combinedScore":0,"combinedScoreRank":106,"SEIrank":69,"engagementSEIrank":66,"voiceSEIrank":65,"audienceSEIrank":69,"engagementSEI":0,"engagementSEIadj":0,"voiceSEI":0,"voiceSEIadj":0,"audienceSEI":0,"audienceSEIadj":0,"SEI":0,"SEIadj":0},"non_scoped":{"SEI":0,"SEIrank":69,"SEIadj":0,"audienceSEI":0,"audienceSEIadj":0,"audienceSEIrank":69,"audienceScore":0,"combinedScore":0,"combinedScoreRank":69,"engagementSEI":0,"engagementSEIadj":0,"engagementSEIrank":66,"engagementScore":0,"voiceSEI":0,"voiceSEIadj":0,"voiceSEIrank":65,"voiceScore":0},"scoped":{"SEI":0,"SEIrank":63,"SEIadj":0,"audienceSEI":0,"audienceSEIadj":0,"audienceSEIrank":63,"audienceScore":0,"combinedScore":0,"combinedScoreRank":63,"engagementSEI":0,"engagementSEIadj":0,"engagementSEIrank":60,"engagementScore":0,"voiceSEI":0,"voiceSEIadj":0,"voiceSEIrank":59,"voiceScore":0}}},"month":{"boundaryQuantum":4987194,"combined":{"entityString":"536575ffb08f37d80186deac","type":"combined","profiles":2,"postsMade":7,"repliesMade":0,"repliesRcvd":0,"sharesMade":0,"sharesRcvd":5,"mentionsRcvd":0,"likesRcvd":71,"reachRcvd":0,"audience":3565,"voice":7,"conversation":7,"engagement":76,"group_scoped":{"audienceScore":0.2511548544041571,"voiceScore":0.1797175866495507,"engagementScore":0.02074960684955443,"combinedScore":0.04021826821728437,"combinedScoreRank":209,"SEIrank":202,"engagementSEIrank":169,"voiceSEIrank":193,"audienceSEIrank":184,"engagementSEI":0.023766562323118922,"engagementSEIadj":0.023766562323118922,"voiceSEI":0.28688524590163933,"voiceSEIadj":0.28688524590163933,"audienceSEI":0.3631603610211275,"audienceSEIadj":0.3631603610211275,"SEI":0.1366415472664759,"SEIadj":0.1366415472664759},"non_scoped":{"SEI":0.07235439096279857,"SEIrank":200,"SEIadj":0,"audienceSEI":0.14006042438505026,"audienceSEIadj":0,"audienceSEIrank":193,"audienceScore":0.025808781327444442,"combinedScore":0.0029944659418469615,"combinedScoreRank":200,"engagementSEI":0.002086834272408756,"engagementSEIadj":0,"engagementSEIrank":188,"engagementScore":0.000873032374567648,"voiceSEI":0.19032082653616098,"voiceSEIadj":0,"voiceSEIrank":192,"voiceScore":0.018365954767277117},"scoped":{"SEI":0.43879528283557234,"SEIrank":186,"SEIadj":0,"audienceSEI":1.8285051905953797,"audienceSEIadj":0,"audienceSEIrank":176,"audienceScore":0.07409527384386952,"combinedScore":0.013687047631348781,"combinedScoreRank":180,"engagementSEI":0.06274924246802678,"engagementSEIadj":0,"engagementSEIrank":174,"engagementScore":0.0089433439162903,"voiceSEI":0.7276507276507277,"voiceSEIadj":0,"voiceSEIrank":178,"voiceScore":0.038665488289880694}},"facebook":{"entityString":"536575ffb08f37d80186deac","type":"facebook","profiles":1,"postsMade":0,"repliesMade":0,"repliesRcvd":0,"sharesMade":0,"sharesRcvd":0,"mentionsRcvd":0,"likesRcvd":0,"reachRcvd":0,"audience":1,"voice":0,"conversation":0,"engagement":0,"group_scoped":{"audienceScore":0.00009323435574127839,"voiceScore":0,"engagementScore":0,"combinedScore":0.00009323435574127839,"combinedScoreRank":177,"SEIrank":177,"engagementSEIrank":152,"voiceSEIrank":147,"audienceSEIrank":177,"engagementSEI":0,"engagementSEIadj":0,"voiceSEI":0,"voiceSEIadj":0,"audienceSEI":0.00011729077085840423,"audienceSEIadj":0.00011729077085840423,"SEI":0.000011729077085840424,"SEIadj":0.000011729077085840424},"non_scoped":{"SEI":0.000005385212314688114,"SEIrank":172,"SEIadj":0,"audienceSEI":0.00005385212314688113,"audienceSEIadj":0,"audienceSEIrank":172,"audienceScore":0.000010270742946515928,"combinedScore":5.135371473257964e-7,"combinedScoreRank":172,"engagementSEI":0,"engagementSEIadj":0,"engagementSEIrank":152,"engagementScore":0,"voiceSEI":0,"voiceSEIadj":0,"voiceSEIrank":147,"voiceScore":0},"scoped":{"SEI":0.00006864266004036188,"SEIrank":156,"SEIadj":0,"audienceSEI":0.0006864266004036188,"audienceSEIadj":0,"audienceSEIrank":156,"audienceScore":0.00004210226724919364,"combinedScore":0.000002105113362459682,"combinedScoreRank":156,"engagementSEI":0,"engagementSEIadj":0,"engagementSEIrank":140,"engagementScore":0,"voiceSEI":0,"voiceSEIadj":0,"voiceSEIrank":136,"voiceScore":0}},"twitter":{"entityString":"536575ffb08f37d80186deac","type":"twitter","profiles":1,"postsMade":7,"repliesMade":0,"repliesRcvd":0,"sharesMade":0,"sharesRcvd":5,"mentionsRcvd":0,"likesRcvd":71,"reachRcvd":0,"audience":3564,"voice":7,"conversation":7,"engagement":76,"group_scoped":{"audienceScore":1.0329446748571876,"voiceScore":0.2619760479041916,"engagementScore":0.3065752319483663,"combinedScore":0.3406637448915986,"combinedScoreRank":167,"SEIrank":170,"engagementSEIrank":148,"voiceSEIrank":180,"audienceSEIrank":140,"engagementSEI":0.7520284979220265,"engagementSEIadj":0.7520284979220265,"voiceSEI":0.5035971223021583,"voiceSEIadj":0.5035971223021583,"audienceSEI":2.8011380605812914,"audienceSEIadj":2.8011380605812914,"SEI":0.8824100415019925,"SEIadj":0.8824100415019925},"non_scoped":{"SEI":0.2359597139943722,"SEIrank":182,"SEIadj":0,"audienceSEI":0.629485125676246,"audienceSEIadj":0,"audienceSEIrank":162,"audienceScore":0.10218956336039656,"combinedScore":0.03170904426416733,"combinedScoreRank":166,"engagementSEI":0.12128756323710123,"engagementSEIadj":0,"engagementSEIrank":160,"engagementScore":0.027909470491243406,"voiceSEI":0.3341288782816229,"voiceSEIadj":0,"voiceSEIrank":180,"voiceScore":0.02962085308056872},"scoped":{"SEI":1.01243628408697,"SEIrank":165,"SEIadj":0,"audienceSEI":3.0579675326903937,"audienceSEIadj":0,"audienceSEIrank":146,"audienceScore":0.1618709447104445,"combinedScore":0.05890637708644621,"combinedScoreRank":150,"engagementSEI":0.6667836462537287,"engagementSEIadj":0,"engagementSEIrank":147,"engagementScore":0.053492120469886044,"voiceSEI":1.0218978102189782,"voiceSEIadj":0,"voiceSEIrank":167,"voiceScore":0.05339842856053093}},"instagram":{"entityString":"536575ffb08f37d80186deac","type":"instagram","profiles":0,"postsMade":0,"repliesMade":0,"repliesRcvd":0,"sharesMade":0,"sharesRcvd":0,"mentionsRcvd":0,"likesRcvd":0,"reachRcvd":0,"audience":0,"voice":0,"conversation":0,"engagement":0,"group_scoped":{"audienceScore":0,"voiceScore":0,"engagementScore":0,"combinedScore":0,"combinedScoreRank":106,"SEIrank":69,"engagementSEIrank":66,"voiceSEIrank":66,"audienceSEIrank":69,"engagementSEI":0,"engagementSEIadj":0,"voiceSEI":0,"voiceSEIadj":0,"audienceSEI":0,"audienceSEIadj":0,"SEI":0,"SEIadj":0},"non_scoped":{"SEI":0,"SEIrank":69,"SEIadj":0,"audienceSEI":0,"audienceSEIadj":0,"audienceSEIrank":69,"audienceScore":0,"combinedScore":0,"combinedScoreRank":69,"engagementSEI":0,"engagementSEIadj":0,"engagementSEIrank":66,"engagementScore":0,"voiceSEI":0,"voiceSEIadj":0,"voiceSEIrank":66,"voiceScore":0},"scoped":{"SEI":0,"SEIrank":63,"SEIadj":0,"audienceSEI":0,"audienceSEIadj":0,"audienceSEIrank":63,"audienceScore":0,"combinedScore":0,"combinedScoreRank":63,"engagementSEI":0,"engagementSEIadj":0,"engagementSEIrank":60,"engagementScore":0,"voiceSEI":0,"voiceSEIadj":0,"voiceSEIrank":60,"voiceScore":0}}},"quarter":{"boundaryQuantum":4969914,"combined":{"entityString":"536575ffb08f37d80186deac","type":"combined","profiles":2,"postsMade":17,"repliesMade":0,"repliesRcvd":0,"sharesMade":0,"sharesRcvd":8,"mentionsRcvd":0,"likesRcvd":124,"reachRcvd":0,"audience":3565,"voice":17,"conversation":17,"engagement":132,"group_scoped":{"audienceScore":0.2511548544041571,"voiceScore":0.13518886679920475,"engagementScore":0.011269337158078065,"combinedScore":0.029459589502438353,"combinedScoreRank":212,"SEIrank":210,"engagementSEIrank":188,"voiceSEIrank":198,"audienceSEIrank":184,"engagementSEI":0.013395806503664056,"engagementSEIadj":0.013395806503664056,"voiceSEI":0.21527162213498796,"voiceSEIadj":0.21527162213498796,"audienceSEI":0.3631603610211275,"audienceSEIadj":0.3631603610211275,"SEI":0.10893500664480757,"SEIadj":0.10893500664480757},"non_scoped":{"SEI":0.06234270466423951,"SEIrank":206,"SEIadj":0,"audienceSEI":0.14006042438505026,"audienceSEIadj":0,"audienceSEIrank":193,"audienceScore":0.025808781327444442,"combinedScore":0.0024824302775066356,"combinedScoreRank":206,"engagementSEI":0.001158955180832567,"engagementSEIadj":0,"engagementSEIrank":196,"engagementScore":0.0004771637387369476,"voiceSEI":0.1588042970574498,"voiceSEIadj":0,"voiceSEIrank":199,"voiceScore":0.015250876925423214},"scoped":{"SEI":0.3915315796291462,"SEIrank":190,"SEIadj":0,"audienceSEI":1.8285051905953797,"audienceSEIadj":0,"audienceSEIrank":176,"audienceScore":0.07409527384386952,"combinedScore":0.009695178168060831,"combinedScoreRank":186,"engagementSEI":0.03449546463038894,"engagementSEIadj":0,"engagementSEIrank":181,"engagementScore":0.004861108553709725,"voiceSEI":0.6266126059712496,"voiceSEIadj":0,"voiceSEIrank":184,"voiceScore":0.03230833555057205}},"facebook":{"entityString":"536575ffb08f37d80186deac","type":"facebook","profiles":1,"postsMade":0,"repliesMade":0,"repliesRcvd":0,"sharesMade":0,"sharesRcvd":0,"mentionsRcvd":0,"likesRcvd":0,"reachRcvd":0,"audience":1,"voice":0,"conversation":0,"engagement":0,"group_scoped":{"audienceScore":0.00009323435574127839,"voiceScore":0,"engagementScore":0,"combinedScore":0.00009323435574127839,"combinedScoreRank":177,"SEIrank":177,"engagementSEIrank":158,"voiceSEIrank":158,"audienceSEIrank":177,"engagementSEI":0,"engagementSEIadj":0,"voiceSEI":0,"voiceSEIadj":0,"audienceSEI":0.00011729077085840423,"audienceSEIadj":0.00011729077085840423,"SEI":0.000011729077085840424,"SEIadj":0.000011729077085840424},"non_scoped":{"SEI":0.000005385212314688114,"SEIrank":172,"SEIadj":0,"audienceSEI":0.00005385212314688113,"audienceSEIadj":0,"audienceSEIrank":172,"audienceScore":0.000010270742946515928,"combinedScore":5.135371473257964e-7,"combinedScoreRank":172,"engagementSEI":0,"engagementSEIadj":0,"engagementSEIrank":158,"engagementScore":0,"voiceSEI":0,"voiceSEIadj":0,"voiceSEIrank":158,"voiceScore":0},"scoped":{"SEI":0.00006864266004036188,"SEIrank":156,"SEIadj":0,"audienceSEI":0.0006864266004036188,"audienceSEIadj":0,"audienceSEIrank":156,"audienceScore":0.00004210226724919364,"combinedScore":0.000002105113362459682,"combinedScoreRank":156,"engagementSEI":0,"engagementSEIadj":0,"engagementSEIrank":145,"engagementScore":0,"voiceSEI":0,"voiceSEIadj":0,"voiceSEIrank":145,"voiceScore":0}},"twitter":{"entityString":"536575ffb08f37d80186deac","type":"twitter","profiles":1,"postsMade":17,"repliesMade":0,"repliesRcvd":0,"sharesMade":0,"sharesRcvd":8,"mentionsRcvd":0,"likesRcvd":124,"reachRcvd":0,"audience":3564,"voice":17,"conversation":17,"engagement":132,"group_scoped":{"audienceScore":1.0329446748571876,"voiceScore":0.19529006318207925,"engagementScore":0.17452929976729425,"combinedScore":0.21848810669252816,"combinedScoreRank":182,"SEIrank":185,"engagementSEIrank":167,"voiceSEIrank":189,"audienceSEIrank":140,"engagementSEI":0.4470636049583418,"engagementSEIadj":0.4470636049583418,"voiceSEI":0.36465036465036466,"voiceSEIadj":0.36465036465036466,"audienceSEI":2.8011380605812914,"audienceSEIadj":2.8011380605812914,"SEI":0.6577470784282435,"SEIadj":0.6577470784282435},"non_scoped":{"SEI":0.19088239334186113,"SEIrank":190,"SEIadj":0,"audienceSEI":0.629485125676246,"audienceSEIadj":0,"audienceSEIrank":162,"audienceScore":0.10218956336039656,"combinedScore":0.021430275823786173,"combinedScoreRank":178,"engagementSEI":0.07141465948191911,"engagementSEIadj":0,"engagementSEIrank":173,"engagementScore":0.01675954246449072,"voiceSEI":0.28361695028361694,"voiceSEIadj":0,"voiceSEIrank":187,"voiceScore":0.02474418875449398},"scoped":{"SEI":0.8368621955820581,"SEIrank":174,"SEIadj":0,"audienceSEI":3.0579675326903937,"audienceSEIadj":0,"audienceSEIrank":146,"audienceScore":0.1618709447104445,"combinedScore":0.04031333582620976,"combinedScoreRank":165,"engagementSEI":0.4348972061149182,"engagementSEIadj":0,"engagementSEIrank":160,"engagementScore":0.03328466711550536,"voiceSEI":0.9004237288135594,"voiceSEIadj":0,"voiceSEIrank":173,"voiceScore":0.045271763734654205}},"instagram":{"entityString":"536575ffb08f37d80186deac","type":"instagram","profiles":0,"postsMade":0,"repliesMade":0,"repliesRcvd":0,"sharesMade":0,"sharesRcvd":0,"mentionsRcvd":0,"likesRcvd":0,"reachRcvd":0,"audience":0,"voice":0,"conversation":0,"engagement":0,"group_scoped":{"audienceScore":0,"voiceScore":0,"engagementScore":0,"combinedScore":0,"combinedScoreRank":106,"SEIrank":69,"engagementSEIrank":67,"voiceSEIrank":67,"audienceSEIrank":69,"engagementSEI":0,"engagementSEIadj":0,"voiceSEI":0,"voiceSEIadj":0,"audienceSEI":0,"audienceSEIadj":0,"SEI":0,"SEIadj":0},"non_scoped":{"SEI":0,"SEIrank":69,"SEIadj":0,"audienceSEI":0,"audienceSEIadj":0,"audienceSEIrank":69,"audienceScore":0,"combinedScore":0,"combinedScoreRank":69,"engagementSEI":0,"engagementSEIadj":0,"engagementSEIrank":67,"engagementScore":0,"voiceSEI":0,"voiceSEIadj":0,"voiceSEIrank":67,"voiceScore":0},"scoped":{"SEI":0,"SEIrank":63,"SEIadj":0,"audienceSEI":0,"audienceSEIadj":0,"audienceSEIrank":63,"audienceScore":0,"combinedScore":0,"combinedScoreRank":63,"engagementSEI":0,"engagementSEIadj":0,"engagementSEIrank":61,"engagementScore":0,"voiceSEI":0,"voiceSEIadj":0,"voiceSEIrank":61,"voiceScore":0}}},"blended":{"combined":{"non_scoped":{"SEI":0.11082841285251693,"SEIadj":40.06649704771151,"SEIrank":191,"audienceSEI":0.14006042438505023,"audienceSEIadj":40.08403625463103,"audienceSEIrank":193,"engagementSEI":0.0021334025195511087,"engagementSEIadj":40.001280041511734,"engagementSEIrank":189,"voiceSEI":0.31847442967427086,"voiceSEIadj":40.19108465780456,"voiceSEIrank":186},"scoped":{"SEI":0.4871157447555238,"SEIadj":40.29226944685331,"SEIrank":180,"compCharisma":0,"compInfluence":0,"compEva":0.4871157447555238,"audienceSEI":1.8285051905953797,"audienceSEIadj":41.097103114357225,"audienceSEIrank":176,"engagementSEI":0.0779741331966397,"engagementSEIadj":40.04678447991798,"engagementSEIrank":173,"voiceSEI":1.3710225681254706,"voiceSEIadj":40.82261354087528,"voiceSEIrank":170}},"facebook":{"non_scoped":{"SEI":0.000005385212314688114,"SEIadj":40.00000323112739,"SEIrank":172,"audienceSEI":0.00005385212314688114,"audienceSEIadj":40.00003231127389,"audienceSEIrank":172,"engagementSEI":0,"engagementSEIadj":0,"engagementSEIrank":158,"voiceSEI":0,"voiceSEIadj":0,"voiceSEIrank":158},"scoped":{"SEI":0.00006864266004036188,"SEIadj":40.000041185596025,"SEIrank":156,"audienceSEI":0.0006864266004036188,"audienceSEIadj":40.000411855960245,"audienceSEIrank":156,"engagementSEI":0,"engagementSEIadj":0,"engagementSEIrank":145,"voiceSEI":0,"voiceSEIadj":0,"voiceSEIrank":145}},"twitter":{"non_scoped":{"SEI":0.2999935973912158,"SEIadj":40.17999615843473,"SEIrank":175,"audienceSEI":0.629485125676246,"audienceSEIadj":40.37769107540575,"audienceSEIrank":162,"engagementSEI":0.1199048661485182,"engagementSEIadj":40.071942919689114,"engagementSEIrank":164,"voiceSEI":0.5503405504482676,"voiceSEIadj":40.33020433026896,"voiceSEIrank":171},"scoped":{"SEI":1.292805356565656,"SEIadj":40.775683213939395,"SEIrank":159,"audienceSEI":3.0579675326903937,"audienceSEIadj":51.5289837663452,"audienceSEIrank":146,"engagementSEI":0.7614972961543242,"engagementSEIadj":40.456898377692596,"engagementSEIrank":147,"voiceSEI":1.7670340853467408,"voiceSEIadj":41.060220451208046,"voiceSEIrank":156}},"instagram":{"non_scoped":{"SEI":0,"SEIadj":0,"SEIrank":69,"audienceSEI":0,"audienceSEIadj":0,"audienceSEIrank":69,"engagementSEI":0,"engagementSEIadj":0,"engagementSEIrank":67,"voiceSEI":0,"voiceSEIadj":0,"voiceSEIrank":67},"scoped":{"SEI":0,"SEIadj":0,"SEIrank":63,"audienceSEI":0,"audienceSEIadj":0,"audienceSEIrank":63,"engagementSEI":0,"engagementSEIadj":0,"engagementSEIrank":61,"voiceSEI":0,"voiceSEIadj":0,"voiceSEIrank":61}},"influence":{"facebook":{"scope":"individual","ratio":0,"calculated":false},"instagram":{"scope":"individual","ratio":0,"calculated":false},"combined":{"ratio":0.17,"bottom":true,"scope":"individual","calculated":true},"twitter":{"ratio":0.21,"bottom":false,"scope":"individual","calculated":true}},"charisma":{"facebook":{"scope":"individual","ratio":0,"calculated":false},"instagram":{"scope":"individual","ratio":0,"calculated":false},"combined":{"ratio":0.18,"bottom":true,"scope":"individual","calculated":true},"twitter":{"ratio":0.31,"bottom":false,"scope":"individual","calculated":true}}},"scope":"individual"}}