{"scoreEntityString":"591d1494ab33fb0001804f89.asset.536575feb08f37d80186a092","timeQuantum":4995834,"scoreEntityType":"asset","scoreProfileID":"591d1494ab33fb0001804f89","data":{"scoreEntityString":"591d1494ab33fb0001804f89.asset.536575feb08f37d80186a092","scoreProfileID":"591d1494ab33fb0001804f89","scoreEntityType":"asset","entityID":"asset.536575feb08f37d80186a092","object_version":"1.2","score_engine_version":"3.0.20","timestamp":4995834,"start_quantum":4969914,"end_quantum":4995833,"schedule_options":{"interval":15,"offset":"1"},"_15min":{"boundaryQuantum":4995831,"combined":{"entityString":"536575feb08f37d80186a092","type":"combined","profiles":1,"postsMade":0,"repliesMade":0,"repliesRcvd":0,"sharesMade":0,"sharesRcvd":0,"mentionsRcvd":0,"likesRcvd":0,"reachRcvd":0,"audience":12003,"voice":0,"conversation":0,"engagement":0,"group_scoped":{"audienceScore":0.5222473998579842,"voiceScore":0,"engagementScore":0,"combinedScore":0.5222473998579842,"engagementSEI":0,"engagementSEIadj":0,"voiceSEI":0,"voiceSEIadj":0,"audienceSEI":0.8117567096902909,"audienceSEIadj":0.8117567096902909,"SEI":0.0811756709690291,"SEIadj":0.0811756709690291,"combinedScoreRank":124,"SEIrank":126,"engagementSEIrank":208,"voiceSEIrank":207,"audienceSEIrank":125},"non_scoped":{"SEI":0.04715695017934807,"SEIrank":119,"SEIadj":0,"audienceSEI":0.4715695017934806,"audienceSEIadj":0,"audienceSEIrank":118,"audienceScore":0.08689559671060747,"combinedScore":0.004344779835530373,"combinedScoreRank":119,"engagementSEI":0,"engagementSEIadj":0,"engagementSEIrank":208,"engagementScore":0,"voiceSEI":0,"voiceSEIadj":0,"voiceSEIrank":207,"voiceScore":0},"scoped":{"SEI":0.6156394895572608,"SEIrank":107,"SEIadj":0,"audienceSEI":6.156394895572607,"audienceSEIadj":0,"audienceSEIrank":106,"audienceScore":0.24947140868105633,"combinedScore":0.012473570434052818,"combinedScoreRank":107,"engagementSEI":0,"engagementSEIadj":0,"engagementSEIrank":186,"engagementScore":0,"voiceSEI":0,"voiceSEIadj":0,"voiceSEIrank":186,"voiceScore":0}},"facebook":{"entityString":"536575feb08f37d80186a092","type":"facebook","profiles":1,"postsMade":0,"repliesMade":0,"repliesRcvd":0,"sharesMade":0,"sharesRcvd":0,"mentionsRcvd":0,"likesRcvd":0,"reachRcvd":0,"audience":12003,"voice":0,"conversation":0,"engagement":0,"group_scoped":{"audienceScore":0.7750406310353312,"voiceScore":0,"engagementScore":0,"combinedScore":0.7750406310353312,"engagementSEI":0,"engagementSEIadj":0,"voiceSEI":0,"voiceSEIadj":0,"audienceSEI":1.09277030883985,"audienceSEIadj":1.09277030883985,"SEI":0.109277030883985,"SEIadj":0.109277030883985,"combinedScoreRank":69,"SEIrank":72,"engagementSEIrank":208,"voiceSEIrank":207,"audienceSEIrank":70},"non_scoped":{"SEI":0.06463870341320142,"SEIrank":73,"SEIadj":0,"audienceSEI":0.6463870341320141,"audienceSEIadj":0,"audienceSEIrank":73,"audienceScore":0.12327972758703068,"combinedScore":0.006163986379351534,"combinedScoreRank":73,"engagementSEI":0,"engagementSEIadj":0,"engagementSEIrank":208,"engagementScore":0,"voiceSEI":0,"voiceSEIadj":0,"voiceSEIrank":207,"voiceScore":0},"scoped":{"SEI":0.8239178484644637,"SEIrank":62,"SEIadj":0,"audienceSEI":8.239178484644636,"audienceSEIadj":0,"audienceSEIrank":62,"audienceScore":0.5053535137920712,"combinedScore":0.025267675689603558,"combinedScoreRank":62,"engagementSEI":0,"engagementSEIadj":0,"engagementSEIrank":186,"engagementScore":0,"voiceSEI":0,"voiceSEIadj":0,"voiceSEIrank":186,"voiceScore":0}},"twitter":{"entityString":"536575feb08f37d80186a092","type":"twitter","profiles":0,"postsMade":0,"repliesMade":0,"repliesRcvd":0,"sharesMade":0,"sharesRcvd":0,"mentionsRcvd":0,"likesRcvd":0,"reachRcvd":0,"audience":0,"voice":0,"conversation":0,"engagement":0,"group_scoped":{"audienceScore":0,"voiceScore":0,"engagementScore":0,"combinedScore":0,"engagementSEI":0,"engagementSEIadj":0,"voiceSEI":0,"voiceSEIadj":0,"audienceSEI":0,"audienceSEIadj":0,"SEI":0,"SEIadj":0,"combinedScoreRank":231,"SEIrank":231,"engagementSEIrank":207,"voiceSEIrank":207,"audienceSEIrank":231},"non_scoped":{"SEI":0,"SEIrank":231,"SEIadj":0,"audienceSEI":0,"audienceSEIadj":0,"audienceSEIrank":231,"audienceScore":0,"combinedScore":0,"combinedScoreRank":231,"engagementSEI":0,"engagementSEIadj":0,"engagementSEIrank":207,"engagementScore":0,"voiceSEI":0,"voiceSEIadj":0,"voiceSEIrank":207,"voiceScore":0},"scoped":{"SEI":0,"SEIrank":208,"SEIadj":0,"audienceSEI":0,"audienceSEIadj":0,"audienceSEIrank":208,"audienceScore":0,"combinedScore":0,"combinedScoreRank":208,"engagementSEI":0,"engagementSEIadj":0,"engagementSEIrank":186,"engagementScore":0,"voiceSEI":0,"voiceSEIadj":0,"voiceSEIrank":186,"voiceScore":0}},"instagram":{"entityString":"536575feb08f37d80186a092","type":"instagram","profiles":0,"postsMade":0,"repliesMade":0,"repliesRcvd":0,"sharesMade":0,"sharesRcvd":0,"mentionsRcvd":0,"likesRcvd":0,"reachRcvd":0,"audience":0,"voice":0,"conversation":0,"engagement":0,"group_scoped":{"audienceScore":0,"voiceScore":0,"engagementScore":0,"combinedScore":0,"engagementSEI":0,"engagementSEIadj":0,"voiceSEI":0,"voiceSEIadj":0,"audienceSEI":0,"audienceSEIadj":0,"SEI":0,"SEIadj":0,"combinedScoreRank":226,"SEIrank":207,"engagementSEIrank":207,"voiceSEIrank":207,"audienceSEIrank":207},"non_scoped":{"SEI":0,"SEIrank":207,"SEIadj":0,"audienceSEI":0,"audienceSEIadj":0,"audienceSEIrank":207,"audienceScore":0,"combinedScore":0,"combinedScoreRank":207,"engagementSEI":0,"engagementSEIadj":0,"engagementSEIrank":207,"engagementScore":0,"voiceSEI":0,"voiceSEIadj":0,"voiceSEIrank":207,"voiceScore":0},"scoped":{"SEI":0,"SEIrank":186,"SEIadj":0,"audienceSEI":0,"audienceSEIadj":0,"audienceSEIrank":186,"audienceScore":0,"combinedScore":0,"combinedScoreRank":186,"engagementSEI":0,"engagementSEIadj":0,"engagementSEIrank":186,"engagementScore":0,"voiceSEI":0,"voiceSEIadj":0,"voiceSEIrank":186,"voiceScore":0}}},"hour":{"boundaryQuantum":4995822,"combined":{"entityString":"536575feb08f37d80186a092","type":"combined","profiles":1,"postsMade":0,"repliesMade":0,"repliesRcvd":0,"sharesMade":0,"sharesRcvd":0,"mentionsRcvd":0,"likesRcvd":0,"reachRcvd":0,"audience":12003,"voice":0,"conversation":0,"engagement":0,"group_scoped":{"audienceScore":0.5222473998579842,"voiceScore":0,"engagementScore":0,"combinedScore":0.5222473998579842,"combinedScoreRank":109,"SEIrank":139,"engagementSEIrank":211,"voiceSEIrank":211,"audienceSEIrank":125,"engagementSEI":0,"engagementSEIadj":0,"voiceSEI":0,"voiceSEIadj":0,"audienceSEI":0.8117567096902909,"audienceSEIadj":0.8117567096902909,"SEI":0.0811756709690291,"SEIadj":0.0811756709690291},"non_scoped":{"SEI":0.04715695017934807,"SEIrank":130,"SEIadj":0,"audienceSEI":0.4715695017934806,"audienceSEIadj":0,"audienceSEIrank":118,"audienceScore":0.08689559671060747,"combinedScore":0.004344779835530373,"combinedScoreRank":131,"engagementSEI":0,"engagementSEIadj":0,"engagementSEIrank":211,"engagementScore":0,"voiceSEI":0,"voiceSEIadj":0,"voiceSEIrank":211,"voiceScore":0},"scoped":{"SEI":0.6156394895572608,"SEIrank":119,"SEIadj":0,"audienceSEI":6.156394895572607,"audienceSEIadj":0,"audienceSEIrank":106,"audienceScore":0.24947140868105633,"combinedScore":0.012473570434052818,"combinedScoreRank":119,"engagementSEI":0,"engagementSEIadj":0,"engagementSEIrank":189,"engagementScore":0,"voiceSEI":0,"voiceSEIadj":0,"voiceSEIrank":189,"voiceScore":0}},"facebook":{"entityString":"536575feb08f37d80186a092","type":"facebook","profiles":1,"postsMade":0,"repliesMade":0,"repliesRcvd":0,"sharesMade":0,"sharesRcvd":0,"mentionsRcvd":0,"likesRcvd":0,"reachRcvd":0,"audience":12003,"voice":0,"conversation":0,"engagement":0,"group_scoped":{"audienceScore":0.7750406310353312,"voiceScore":0,"engagementScore":0,"combinedScore":0.7750406310353312,"combinedScoreRank":60,"SEIrank":81,"engagementSEIrank":210,"voiceSEIrank":209,"audienceSEIrank":70,"engagementSEI":0,"engagementSEIadj":0,"voiceSEI":0,"voiceSEIadj":0,"audienceSEI":1.09277030883985,"audienceSEIadj":1.09277030883985,"SEI":0.109277030883985,"SEIadj":0.109277030883985},"non_scoped":{"SEI":0.06463870341320142,"SEIrank":87,"SEIadj":0,"audienceSEI":0.6463870341320141,"audienceSEIadj":0,"audienceSEIrank":73,"audienceScore":0.12327972758703068,"combinedScore":0.006163986379351534,"combinedScoreRank":87,"engagementSEI":0,"engagementSEIadj":0,"engagementSEIrank":210,"engagementScore":0,"voiceSEI":0,"voiceSEIadj":0,"voiceSEIrank":209,"voiceScore":0},"scoped":{"SEI":0.8239178484644637,"SEIrank":76,"SEIadj":0,"audienceSEI":8.239178484644636,"audienceSEIadj":0,"audienceSEIrank":62,"audienceScore":0.5053535137920712,"combinedScore":0.025267675689603558,"combinedScoreRank":76,"engagementSEI":0,"engagementSEIadj":0,"engagementSEIrank":188,"engagementScore":0,"voiceSEI":0,"voiceSEIadj":0,"voiceSEIrank":187,"voiceScore":0}},"twitter":{"entityString":"536575feb08f37d80186a092","type":"twitter","profiles":0,"postsMade":0,"repliesMade":0,"repliesRcvd":0,"sharesMade":0,"sharesRcvd":0,"mentionsRcvd":0,"likesRcvd":0,"reachRcvd":0,"audience":0,"voice":0,"conversation":0,"engagement":0,"group_scoped":{"audienceScore":0,"voiceScore":0,"engagementScore":0,"combinedScore":0,"combinedScoreRank":231,"SEIrank":231,"engagementSEIrank":209,"voiceSEIrank":211,"audienceSEIrank":231,"engagementSEI":0,"engagementSEIadj":0,"voiceSEI":0,"voiceSEIadj":0,"audienceSEI":0,"audienceSEIadj":0,"SEI":0,"SEIadj":0},"non_scoped":{"SEI":0,"SEIrank":231,"SEIadj":0,"audienceSEI":0,"audienceSEIadj":0,"audienceSEIrank":231,"audienceScore":0,"combinedScore":0,"combinedScoreRank":231,"engagementSEI":0,"engagementSEIadj":0,"engagementSEIrank":209,"engagementScore":0,"voiceSEI":0,"voiceSEIadj":0,"voiceSEIrank":211,"voiceScore":0},"scoped":{"SEI":0,"SEIrank":208,"SEIadj":0,"audienceSEI":0,"audienceSEIadj":0,"audienceSEIrank":208,"audienceScore":0,"combinedScore":0,"combinedScoreRank":208,"engagementSEI":0,"engagementSEIadj":0,"engagementSEIrank":187,"engagementScore":0,"voiceSEI":0,"voiceSEIadj":0,"voiceSEIrank":189,"voiceScore":0}},"instagram":{"entityString":"536575feb08f37d80186a092","type":"instagram","profiles":0,"postsMade":0,"repliesMade":0,"repliesRcvd":0,"sharesMade":0,"sharesRcvd":0,"mentionsRcvd":0,"likesRcvd":0,"reachRcvd":0,"audience":0,"voice":0,"conversation":0,"engagement":0,"group_scoped":{"audienceScore":0,"voiceScore":0,"engagementScore":0,"combinedScore":0,"combinedScoreRank":226,"SEIrank":207,"engagementSEIrank":207,"voiceSEIrank":207,"audienceSEIrank":207,"engagementSEI":0,"engagementSEIadj":0,"voiceSEI":0,"voiceSEIadj":0,"audienceSEI":0,"audienceSEIadj":0,"SEI":0,"SEIadj":0},"non_scoped":{"SEI":0,"SEIrank":207,"SEIadj":0,"audienceSEI":0,"audienceSEIadj":0,"audienceSEIrank":207,"audienceScore":0,"combinedScore":0,"combinedScoreRank":207,"engagementSEI":0,"engagementSEIadj":0,"engagementSEIrank":207,"engagementScore":0,"voiceSEI":0,"voiceSEIadj":0,"voiceSEIrank":207,"voiceScore":0},"scoped":{"SEI":0,"SEIrank":186,"SEIadj":0,"audienceSEI":0,"audienceSEIadj":0,"audienceSEIrank":186,"audienceScore":0,"combinedScore":0,"combinedScoreRank":186,"engagementSEI":0,"engagementSEIadj":0,"engagementSEIrank":186,"engagementScore":0,"voiceSEI":0,"voiceSEIadj":0,"voiceSEIrank":186,"voiceScore":0}}},"today":{"boundaryQuantum":4995546,"combined":{"entityString":"536575feb08f37d80186a092","type":"combined","profiles":1,"postsMade":0,"repliesMade":0,"repliesRcvd":0,"sharesMade":0,"sharesRcvd":0,"mentionsRcvd":0,"likesRcvd":0,"reachRcvd":0,"audience":12003,"voice":0,"conversation":0,"engagement":0,"group_scoped":{"audienceScore":0.5222473998579842,"voiceScore":0,"engagementScore":0,"combinedScore":0.5222473998579842,"combinedScoreRank":71,"SEIrank":182,"engagementSEIrank":223,"voiceSEIrank":221,"audienceSEIrank":125,"engagementSEI":0,"engagementSEIadj":0,"voiceSEI":0,"voiceSEIadj":0,"audienceSEI":0.8117567096902909,"audienceSEIadj":0.8117567096902909,"SEI":0.0811756709690291,"SEIadj":0.0811756709690291},"non_scoped":{"SEI":0.04715695017934807,"SEIrank":167,"SEIadj":0,"audienceSEI":0.4715695017934806,"audienceSEIadj":0,"audienceSEIrank":118,"audienceScore":0.08689559671060747,"combinedScore":0.004344779835530373,"combinedScoreRank":171,"engagementSEI":0,"engagementSEIadj":0,"engagementSEIrank":223,"engagementScore":0,"voiceSEI":0,"voiceSEIadj":0,"voiceSEIrank":221,"voiceScore":0},"scoped":{"SEI":0.6156394895572608,"SEIrank":154,"SEIadj":0,"audienceSEI":6.156394895572607,"audienceSEIadj":0,"audienceSEIrank":106,"audienceScore":0.24947140868105633,"combinedScore":0.012473570434052818,"combinedScoreRank":163,"engagementSEI":0,"engagementSEIadj":0,"engagementSEIrank":201,"engagementScore":0,"voiceSEI":0,"voiceSEIadj":0,"voiceSEIrank":199,"voiceScore":0}},"facebook":{"entityString":"536575feb08f37d80186a092","type":"facebook","profiles":1,"postsMade":0,"repliesMade":0,"repliesRcvd":0,"sharesMade":0,"sharesRcvd":0,"mentionsRcvd":0,"likesRcvd":0,"reachRcvd":0,"audience":12003,"voice":0,"conversation":0,"engagement":0,"group_scoped":{"audienceScore":0.7750406310353312,"voiceScore":0,"engagementScore":0,"combinedScore":0.7750406310353312,"combinedScoreRank":50,"SEIrank":104,"engagementSEIrank":216,"voiceSEIrank":215,"audienceSEIrank":70,"engagementSEI":0,"engagementSEIadj":0,"voiceSEI":0,"voiceSEIadj":0,"audienceSEI":1.09277030883985,"audienceSEIadj":1.09277030883985,"SEI":0.109277030883985,"SEIadj":0.109277030883985},"non_scoped":{"SEI":0.06463870341320142,"SEIrank":106,"SEIadj":0,"audienceSEI":0.6463870341320141,"audienceSEIadj":0,"audienceSEIrank":73,"audienceScore":0.12327972758703068,"combinedScore":0.006163986379351534,"combinedScoreRank":107,"engagementSEI":0,"engagementSEIadj":0,"engagementSEIrank":216,"engagementScore":0,"voiceSEI":0,"voiceSEIadj":0,"voiceSEIrank":215,"voiceScore":0},"scoped":{"SEI":0.8239178484644637,"SEIrank":96,"SEIadj":0,"audienceSEI":8.239178484644636,"audienceSEIadj":0,"audienceSEIrank":62,"audienceScore":0.5053535137920712,"combinedScore":0.025267675689603558,"combinedScoreRank":99,"engagementSEI":0,"engagementSEIadj":0,"engagementSEIrank":194,"engagementScore":0,"voiceSEI":0,"voiceSEIadj":0,"voiceSEIrank":193,"voiceScore":0}},"twitter":{"entityString":"536575feb08f37d80186a092","type":"twitter","profiles":0,"postsMade":0,"repliesMade":0,"repliesRcvd":0,"sharesMade":0,"sharesRcvd":0,"mentionsRcvd":0,"likesRcvd":0,"reachRcvd":0,"audience":0,"voice":0,"conversation":0,"engagement":0,"group_scoped":{"audienceScore":0,"voiceScore":0,"engagementScore":0,"combinedScore":0,"combinedScoreRank":231,"SEIrank":231,"engagementSEIrank":219,"voiceSEIrank":217,"audienceSEIrank":231,"engagementSEI":0,"engagementSEIadj":0,"voiceSEI":0,"voiceSEIadj":0,"audienceSEI":0,"audienceSEIadj":0,"SEI":0,"SEIadj":0},"non_scoped":{"SEI":0,"SEIrank":231,"SEIadj":0,"audienceSEI":0,"audienceSEIadj":0,"audienceSEIrank":231,"audienceScore":0,"combinedScore":0,"combinedScoreRank":231,"engagementSEI":0,"engagementSEIadj":0,"engagementSEIrank":219,"engagementScore":0,"voiceSEI":0,"voiceSEIadj":0,"voiceSEIrank":217,"voiceScore":0},"scoped":{"SEI":0,"SEIrank":208,"SEIadj":0,"audienceSEI":0,"audienceSEIadj":0,"audienceSEIrank":208,"audienceScore":0,"combinedScore":0,"combinedScoreRank":208,"engagementSEI":0,"engagementSEIadj":0,"engagementSEIrank":197,"engagementScore":0,"voiceSEI":0,"voiceSEIadj":0,"voiceSEIrank":195,"voiceScore":0}},"instagram":{"entityString":"536575feb08f37d80186a092","type":"instagram","profiles":0,"postsMade":0,"repliesMade":0,"repliesRcvd":0,"sharesMade":0,"sharesRcvd":0,"mentionsRcvd":0,"likesRcvd":0,"reachRcvd":0,"audience":0,"voice":0,"conversation":0,"engagement":0,"group_scoped":{"audienceScore":0,"voiceScore":0,"engagementScore":0,"combinedScore":0,"combinedScoreRank":226,"SEIrank":207,"engagementSEIrank":207,"voiceSEIrank":207,"audienceSEIrank":207,"engagementSEI":0,"engagementSEIadj":0,"voiceSEI":0,"voiceSEIadj":0,"audienceSEI":0,"audienceSEIadj":0,"SEI":0,"SEIadj":0},"non_scoped":{"SEI":0,"SEIrank":207,"SEIadj":0,"audienceSEI":0,"audienceSEIadj":0,"audienceSEIrank":207,"audienceScore":0,"combinedScore":0,"combinedScoreRank":207,"engagementSEI":0,"engagementSEIadj":0,"engagementSEIrank":207,"engagementScore":0,"voiceSEI":0,"voiceSEIadj":0,"voiceSEIrank":207,"voiceScore":0},"scoped":{"SEI":0,"SEIrank":186,"SEIadj":0,"audienceSEI":0,"audienceSEIadj":0,"audienceSEIrank":186,"audienceScore":0,"combinedScore":0,"combinedScoreRank":186,"engagementSEI":0,"engagementSEIadj":0,"engagementSEIrank":186,"engagementScore":0,"voiceSEI":0,"voiceSEIadj":0,"voiceSEIrank":186,"voiceScore":0}}},"week":{"boundaryQuantum":4993818,"combined":{"entityString":"536575feb08f37d80186a092","type":"combined","profiles":1,"postsMade":0,"repliesMade":0,"repliesRcvd":0,"sharesMade":0,"sharesRcvd":0,"mentionsRcvd":0,"likesRcvd":5,"reachRcvd":0,"audience":12003,"voice":0,"conversation":0,"engagement":5,"group_scoped":{"audienceScore":0.5222473998579842,"voiceScore":0,"engagementScore":0.004111706851748298,"combinedScore":0.07813109156692485,"combinedScoreRank":182,"SEIrank":208,"engagementSEIrank":186,"voiceSEIrank":228,"audienceSEIrank":125,"engagementSEI":0.0048881589238229314,"engagementSEIadj":0.0048881589238229314,"voiceSEI":0,"voiceSEIadj":0,"audienceSEI":0.8117567096902909,"audienceSEIadj":0.8117567096902909,"SEI":0.08410856632332286,"SEIadj":0.08410856632332286},"non_scoped":{"SEI":0.04753518741730846,"SEIrank":201,"SEIadj":0,"audienceSEI":0.4715695017934806,"audienceSEIadj":0,"audienceSEIrank":118,"audienceScore":0.08689559671060747,"combinedScore":0.004582733937885537,"combinedScoreRank":189,"engagementSEI":0.0006303953966006559,"engagementSEIadj":0,"engagementSEIrank":188,"engagementScore":0.0002643934470612933,"voiceSEI":0,"voiceSEIadj":0,"voiceSEIrank":228,"voiceScore":0},"scoped":{"SEI":0.6259071327908838,"SEIrank":170,"SEIadj":0,"audienceSEI":6.156394895572607,"audienceSEIadj":0,"audienceSEIrank":106,"audienceScore":0.24947140868105633,"combinedScore":0.014727695482892194,"combinedScoreRank":173,"engagementSEI":0.01711273872270518,"engagementSEIadj":0,"engagementSEIrank":174,"engagementScore":0.0025045833875993067,"voiceSEI":0,"voiceSEIadj":0,"voiceSEIrank":206,"voiceScore":0}},"facebook":{"entityString":"536575feb08f37d80186a092","type":"facebook","profiles":1,"postsMade":0,"repliesMade":0,"repliesRcvd":0,"sharesMade":0,"sharesRcvd":0,"mentionsRcvd":0,"likesRcvd":5,"reachRcvd":0,"audience":12003,"voice":0,"conversation":0,"engagement":5,"group_scoped":{"audienceScore":0.7750406310353312,"voiceScore":0,"engagementScore":0.005914430026378358,"combinedScore":0.1157896015990859,"combinedScoreRank":117,"SEIrank":129,"engagementSEIrank":115,"voiceSEIrank":220,"audienceSEIrank":70,"engagementSEI":0.006837513333151,"engagementSEIadj":0.006837513333151,"voiceSEI":0,"voiceSEIadj":0,"audienceSEI":1.09277030883985,"audienceSEIadj":1.09277030883985,"SEI":0.1133795388838756,"SEIadj":0.1133795388838756},"non_scoped":{"SEI":0.06505521967121936,"SEIrank":132,"SEIadj":0,"audienceSEI":0.6463870341320141,"audienceSEIadj":0,"audienceSEIrank":73,"audienceScore":0.12327972758703068,"combinedScore":0.0064444718810559515,"combinedScoreRank":121,"engagementSEI":0.0006941937633632299,"engagementSEIadj":0,"engagementSEIrank":129,"engagementScore":0.0003116505574493521,"voiceSEI":0,"voiceSEIadj":0,"voiceSEIrank":220,"voiceScore":0},"scoped":{"SEI":0.8547661775133069,"SEIrank":114,"SEIadj":0,"audienceSEI":8.239178484644636,"audienceSEIadj":0,"audienceSEIrank":62,"audienceScore":0.5053535137920712,"combinedScore":0.029266822538275842,"combinedScoreRank":113,"engagementSEI":0.051413881748071974,"engagementSEIadj":0,"engagementSEIrank":119,"engagementScore":0.00444349649852476,"voiceSEI":0,"voiceSEIadj":0,"voiceSEIrank":198,"voiceScore":0}},"twitter":{"entityString":"536575feb08f37d80186a092","type":"twitter","profiles":0,"postsMade":0,"repliesMade":0,"repliesRcvd":0,"sharesMade":0,"sharesRcvd":0,"mentionsRcvd":0,"likesRcvd":0,"reachRcvd":0,"audience":0,"voice":0,"conversation":0,"engagement":0,"group_scoped":{"audienceScore":0,"voiceScore":0,"engagementScore":0,"combinedScore":0,"combinedScoreRank":231,"SEIrank":231,"engagementSEIrank":225,"voiceSEIrank":225,"audienceSEIrank":231,"engagementSEI":0,"engagementSEIadj":0,"voiceSEI":0,"voiceSEIadj":0,"audienceSEI":0,"audienceSEIadj":0,"SEI":0,"SEIadj":0},"non_scoped":{"SEI":0,"SEIrank":231,"SEIadj":0,"audienceSEI":0,"audienceSEIadj":0,"audienceSEIrank":231,"audienceScore":0,"combinedScore":0,"combinedScoreRank":231,"engagementSEI":0,"engagementSEIadj":0,"engagementSEIrank":225,"engagementScore":0,"voiceSEI":0,"voiceSEIadj":0,"voiceSEIrank":225,"voiceScore":0},"scoped":{"SEI":0,"SEIrank":208,"SEIadj":0,"audienceSEI":0,"audienceSEIadj":0,"audienceSEIrank":208,"audienceScore":0,"combinedScore":0,"combinedScoreRank":208,"engagementSEI":0,"engagementSEIadj":0,"engagementSEIrank":203,"engagementScore":0,"voiceSEI":0,"voiceSEIadj":0,"voiceSEIrank":203,"voiceScore":0}},"instagram":{"entityString":"536575feb08f37d80186a092","type":"instagram","profiles":0,"postsMade":0,"repliesMade":0,"repliesRcvd":0,"sharesMade":0,"sharesRcvd":0,"mentionsRcvd":0,"likesRcvd":0,"reachRcvd":0,"audience":0,"voice":0,"conversation":0,"engagement":0,"group_scoped":{"audienceScore":0,"voiceScore":0,"engagementScore":0,"combinedScore":0,"combinedScoreRank":226,"SEIrank":207,"engagementSEIrank":207,"voiceSEIrank":207,"audienceSEIrank":207,"engagementSEI":0,"engagementSEIadj":0,"voiceSEI":0,"voiceSEIadj":0,"audienceSEI":0,"audienceSEIadj":0,"SEI":0,"SEIadj":0},"non_scoped":{"SEI":0,"SEIrank":207,"SEIadj":0,"audienceSEI":0,"audienceSEIadj":0,"audienceSEIrank":207,"audienceScore":0,"combinedScore":0,"combinedScoreRank":207,"engagementSEI":0,"engagementSEIadj":0,"engagementSEIrank":207,"engagementScore":0,"voiceSEI":0,"voiceSEIadj":0,"voiceSEIrank":207,"voiceScore":0},"scoped":{"SEI":0,"SEIrank":186,"SEIadj":0,"audienceSEI":0,"audienceSEIadj":0,"audienceSEIrank":186,"audienceScore":0,"combinedScore":0,"combinedScoreRank":186,"engagementSEI":0,"engagementSEIadj":0,"engagementSEIrank":186,"engagementScore":0,"voiceSEI":0,"voiceSEIadj":0,"voiceSEIrank":186,"voiceScore":0}}},"month":{"boundaryQuantum":4987194,"combined":{"entityString":"536575feb08f37d80186a092","type":"combined","profiles":1,"postsMade":3,"repliesMade":0,"repliesRcvd":10,"sharesMade":0,"sharesRcvd":4,"mentionsRcvd":0,"likesRcvd":85,"reachRcvd":0,"audience":12003,"voice":3,"conversation":13,"engagement":99,"group_scoped":{"audienceScore":0.5222473998579842,"voiceScore":0.03915426781519186,"engagementScore":0.018400153148749442,"combinedScore":0.0446302212175333,"combinedScoreRank":201,"SEIrank":206,"engagementSEIrank":175,"voiceSEIrank":203,"audienceSEIrank":125,"engagementSEI":0.021390605418953372,"engagementSEIadj":0.021390605418953372,"voiceSEI":0.10369858278603526,"voiceSEIadj":0.10369858278603526,"audienceSEI":0.8117567096902909,"audienceSEIadj":0.8117567096902909,"SEI":0.1251196090562117,"SEIadj":0.1251196090562117},"non_scoped":{"SEI":0.07325779646795891,"SEIrank":199,"SEIadj":0,"audienceSEI":0.4715695017934806,"audienceSEIadj":0,"audienceSEIrank":118,"audienceScore":0.08689559671060747,"combinedScore":0.0057618515956145856,"combinedScoreRank":185,"engagementSEI":0.0027183762232693004,"engagementSEIadj":0,"engagementSEIrank":180,"engagementScore":0.0011372395405552255,"voiceSEI":0.08156606851549755,"voiceSEIadj":0,"voiceSEIrank":202,"voiceScore":0.007871123471690191},"scoped":{"SEI":0.7582380699886805,"SEIrank":173,"SEIadj":0,"audienceSEI":6.156394895572607,"audienceSEIadj":0,"audienceSEIrank":106,"audienceScore":0.24947140868105633,"combinedScore":0.023787010597765036,"combinedScoreRank":167,"engagementSEI":0.08173914479387699,"engagementSEIadj":0,"engagementSEIrank":166,"engagementScore":0.011649882206746575,"voiceSEI":0.31185031185031187,"voiceSEIadj":0,"voiceSEIrank":186,"voiceScore":0.01657092355280601}},"facebook":{"entityString":"536575feb08f37d80186a092","type":"facebook","profiles":1,"postsMade":3,"repliesMade":0,"repliesRcvd":10,"sharesMade":0,"sharesRcvd":4,"mentionsRcvd":0,"likesRcvd":85,"reachRcvd":0,"audience":12003,"voice":3,"conversation":13,"engagement":99,"group_scoped":{"audienceScore":0.7750406310353312,"voiceScore":0.14763779527559054,"engagementScore":0.026237815317583575,"combinedScore":0.0697479551013713,"combinedScoreRank":128,"SEIrank":121,"engagementSEIrank":105,"voiceSEIrank":125,"audienceSEIrank":70,"engagementSEI":0.029720626114523477,"engagementSEIadj":0.029720626114523477,"voiceSEI":0.36496350364963503,"voiceSEIadj":0.36496350364963503,"audienceSEI":1.09277030883985,"audienceSEIadj":1.09277030883985,"SEI":0.23659845764758958,"SEIadj":0.23659845764758958},"non_scoped":{"SEI":0.12581501444386278,"SEIrank":121,"SEIadj":0,"audienceSEI":0.6463870341320141,"audienceSEIadj":0,"audienceSEIrank":73,"audienceScore":0.12327972758703068,"combinedScore":0.008473621150405775,"combinedScoreRank":115,"engagementSEI":0.002950617394336603,"engagementSEIadj":0,"engagementSEIrank":119,"engagementScore":0.001311713121185598,"voiceSEI":0.19801980198019803,"voiceSEIadj":0,"voiceSEIrank":131,"voiceScore":0.02258185923974407},"scoped":{"SEI":1.1959331356699854,"SEIrank":105,"SEIadj":0,"audienceSEI":8.239178484644636,"audienceSEIadj":0,"audienceSEIrank":62,"audienceScore":0.5053535137920712,"combinedScore":0.04568009378018215,"combinedScoreRank":108,"engagementSEI":0.26541554959785524,"engagementSEIadj":0,"engagementSEIrank":109,"engagementScore":0.019113112946913813,"voiceSEI":0.7092198581560284,"voiceSEIadj":0,"voiceSEIrank":121,"voiceScore":0.06421232876712328}},"twitter":{"entityString":"536575feb08f37d80186a092","type":"twitter","profiles":0,"postsMade":0,"repliesMade":0,"repliesRcvd":0,"sharesMade":0,"sharesRcvd":0,"mentionsRcvd":0,"likesRcvd":0,"reachRcvd":0,"audience":0,"voice":0,"conversation":0,"engagement":0,"group_scoped":{"audienceScore":0,"voiceScore":0,"engagementScore":0,"combinedScore":0,"combinedScoreRank":231,"SEIrank":231,"engagementSEIrank":225,"voiceSEIrank":225,"audienceSEIrank":231,"engagementSEI":0,"engagementSEIadj":0,"voiceSEI":0,"voiceSEIadj":0,"audienceSEI":0,"audienceSEIadj":0,"SEI":0,"SEIadj":0},"non_scoped":{"SEI":0,"SEIrank":231,"SEIadj":0,"audienceSEI":0,"audienceSEIadj":0,"audienceSEIrank":231,"audienceScore":0,"combinedScore":0,"combinedScoreRank":231,"engagementSEI":0,"engagementSEIadj":0,"engagementSEIrank":225,"engagementScore":0,"voiceSEI":0,"voiceSEIadj":0,"voiceSEIrank":225,"voiceScore":0},"scoped":{"SEI":0,"SEIrank":208,"SEIadj":0,"audienceSEI":0,"audienceSEIadj":0,"audienceSEIrank":208,"audienceScore":0,"combinedScore":0,"combinedScoreRank":208,"engagementSEI":0,"engagementSEIadj":0,"engagementSEIrank":203,"engagementScore":0,"voiceSEI":0,"voiceSEIadj":0,"voiceSEIrank":203,"voiceScore":0}},"instagram":{"entityString":"536575feb08f37d80186a092","type":"instagram","profiles":0,"postsMade":0,"repliesMade":0,"repliesRcvd":0,"sharesMade":0,"sharesRcvd":0,"mentionsRcvd":0,"likesRcvd":0,"reachRcvd":0,"audience":0,"voice":0,"conversation":0,"engagement":0,"group_scoped":{"audienceScore":0,"voiceScore":0,"engagementScore":0,"combinedScore":0,"combinedScoreRank":226,"SEIrank":207,"engagementSEIrank":207,"voiceSEIrank":207,"audienceSEIrank":207,"engagementSEI":0,"engagementSEIadj":0,"voiceSEI":0,"voiceSEIadj":0,"audienceSEI":0,"audienceSEIadj":0,"SEI":0,"SEIadj":0},"non_scoped":{"SEI":0,"SEIrank":207,"SEIadj":0,"audienceSEI":0,"audienceSEIadj":0,"audienceSEIrank":207,"audienceScore":0,"combinedScore":0,"combinedScoreRank":207,"engagementSEI":0,"engagementSEIadj":0,"engagementSEIrank":207,"engagementScore":0,"voiceSEI":0,"voiceSEIadj":0,"voiceSEIrank":207,"voiceScore":0},"scoped":{"SEI":0,"SEIrank":186,"SEIadj":0,"audienceSEI":0,"audienceSEIadj":0,"audienceSEIrank":186,"audienceScore":0,"combinedScore":0,"combinedScoreRank":186,"engagementSEI":0,"engagementSEIadj":0,"engagementSEIrank":186,"engagementScore":0,"voiceSEI":0,"voiceSEIadj":0,"voiceSEIrank":186,"voiceScore":0}}},"quarter":{"boundaryQuantum":4969914,"combined":{"entityString":"536575feb08f37d80186a092","type":"combined","profiles":1,"postsMade":11,"repliesMade":0,"repliesRcvd":41,"sharesMade":0,"sharesRcvd":23,"mentionsRcvd":0,"likesRcvd":401,"reachRcvd":0,"audience":12003,"voice":11,"conversation":52,"engagement":465,"group_scoped":{"audienceScore":0.5222473998579842,"voiceScore":0.05146198830409356,"engagementScore":0.025855180961245585,"combinedScore":0.051955132273224916,"combinedScoreRank":192,"SEIrank":204,"engagementSEIrank":162,"voiceSEIrank":207,"audienceSEIrank":125,"engagementSEI":0.029206543019353572,"engagementSEIadj":0.029206543019353572,"voiceSEI":0.1242376327083804,"voiceSEIadj":0.1242376327083804,"audienceSEI":0.8117567096902909,"audienceSEIadj":0.8117567096902909,"SEI":0.13597088659315534,"SEIadj":0.13597088659315534},"non_scoped":{"SEI":0.08043327648100314,"SEIrank":202,"SEIadj":0,"audienceSEI":0.4715695017934806,"audienceSEIadj":0,"audienceSEIrank":118,"audienceScore":0.08689559671060747,"combinedScore":0.006351016503992824,"combinedScoreRank":180,"engagementSEI":0.004082683023387452,"engagementSEIadj":0,"engagementSEIrank":172,"engagementScore":0.0016809177160051563,"voiceSEI":0.10275572162540868,"voiceSEIadj":0,"voiceSEIrank":205,"voiceScore":0.009868214481156195},"scoped":{"SEI":0.8101869226691195,"SEIrank":172,"SEIadj":0,"audienceSEI":6.156394895572607,"audienceSEIadj":0,"audienceSEIrank":106,"audienceScore":0.24947140868105633,"combinedScore":0.028930763823687117,"combinedScoreRank":162,"engagementSEI":0.12151811403887011,"engagementSEIadj":0,"engagementSEIrank":159,"engagementScore":0.017124359677841077,"voiceSEI":0.4054552156284556,"voiceSEIadj":0,"voiceSEIrank":189,"voiceScore":0.02090539359154662}},"facebook":{"entityString":"536575feb08f37d80186a092","type":"facebook","profiles":1,"postsMade":11,"repliesMade":0,"repliesRcvd":41,"sharesMade":0,"sharesRcvd":23,"mentionsRcvd":0,"likesRcvd":401,"reachRcvd":0,"audience":12003,"voice":11,"conversation":52,"engagement":465,"group_scoped":{"audienceScore":0.7750406310353312,"voiceScore":0.17967984318850047,"engagementScore":0.03521156090199146,"combinedScore":0.0794264285229839,"combinedScoreRank":113,"SEIrank":117,"engagementSEIrank":100,"voiceSEIrank":123,"audienceSEIrank":70,"engagementSEI":0.03912810794982178,"engagementSEIadj":0.03912810794982178,"voiceSEI":0.4104477611940298,"voiceSEIadj":0.4104477611940298,"audienceSEI":1.09277030883985,"audienceSEIadj":1.09277030883985,"SEI":0.255888224012087,"SEIadj":0.255888224012087},"non_scoped":{"SEI":0.13945383150738472,"SEIrank":119,"SEIadj":0,"audienceSEI":0.6463870341320141,"audienceSEIadj":0,"audienceSEIrank":73,"audienceScore":0.12327972758703068,"combinedScore":0.00924821819346577,"combinedScoreRank":117,"engagementSEI":0.004341770747781775,"engagementSEIadj":0,"engagementSEIrank":120,"engagementScore":0.0018970428732505288,"voiceSEI":0.24070021881838077,"voiceSEIadj":0,"voiceSEIrank":129,"voiceScore":0.027537864563775192},"scoped":{"SEI":1.4182937192012839,"SEIrank":109,"SEIadj":0,"audienceSEI":8.239178484644636,"audienceSEIadj":0,"audienceSEIrank":62,"audienceScore":0.5053535137920712,"combinedScore":0.0527194455370535,"combinedScoreRank":104,"engagementSEI":0.40301961362119626,"engagementSEIadj":0,"engagementSEIrank":110,"engagementScore":0.026228761049218126,"voiceSEI":1.1752136752136753,"voiceSEIadj":0,"voiceSEIrank":119,"voiceScore":0.07691769806307251}},"twitter":{"entityString":"536575feb08f37d80186a092","type":"twitter","profiles":0,"postsMade":0,"repliesMade":0,"repliesRcvd":0,"sharesMade":0,"sharesRcvd":0,"mentionsRcvd":0,"likesRcvd":0,"reachRcvd":0,"audience":0,"voice":0,"conversation":0,"engagement":0,"group_scoped":{"audienceScore":0,"voiceScore":0,"engagementScore":0,"combinedScore":0,"combinedScoreRank":231,"SEIrank":231,"engagementSEIrank":227,"voiceSEIrank":227,"audienceSEIrank":231,"engagementSEI":0,"engagementSEIadj":0,"voiceSEI":0,"voiceSEIadj":0,"audienceSEI":0,"audienceSEIadj":0,"SEI":0,"SEIadj":0},"non_scoped":{"SEI":0,"SEIrank":231,"SEIadj":0,"audienceSEI":0,"audienceSEIadj":0,"audienceSEIrank":231,"audienceScore":0,"combinedScore":0,"combinedScoreRank":231,"engagementSEI":0,"engagementSEIadj":0,"engagementSEIrank":227,"engagementScore":0,"voiceSEI":0,"voiceSEIadj":0,"voiceSEIrank":227,"voiceScore":0},"scoped":{"SEI":0,"SEIrank":208,"SEIadj":0,"audienceSEI":0,"audienceSEIadj":0,"audienceSEIrank":208,"audienceScore":0,"combinedScore":0,"combinedScoreRank":208,"engagementSEI":0,"engagementSEIadj":0,"engagementSEIrank":205,"engagementScore":0,"voiceSEI":0,"voiceSEIadj":0,"voiceSEIrank":205,"voiceScore":0}},"instagram":{"entityString":"536575feb08f37d80186a092","type":"instagram","profiles":0,"postsMade":0,"repliesMade":0,"repliesRcvd":0,"sharesMade":0,"sharesRcvd":0,"mentionsRcvd":0,"likesRcvd":0,"reachRcvd":0,"audience":0,"voice":0,"conversation":0,"engagement":0,"group_scoped":{"audienceScore":0,"voiceScore":0,"engagementScore":0,"combinedScore":0,"combinedScoreRank":226,"SEIrank":207,"engagementSEIrank":207,"voiceSEIrank":207,"audienceSEIrank":207,"engagementSEI":0,"engagementSEIadj":0,"voiceSEI":0,"voiceSEIadj":0,"audienceSEI":0,"audienceSEIadj":0,"SEI":0,"SEIadj":0},"non_scoped":{"SEI":0,"SEIrank":207,"SEIadj":0,"audienceSEI":0,"audienceSEIadj":0,"audienceSEIrank":207,"audienceScore":0,"combinedScore":0,"combinedScoreRank":207,"engagementSEI":0,"engagementSEIadj":0,"engagementSEIrank":207,"engagementScore":0,"voiceSEI":0,"voiceSEIadj":0,"voiceSEIrank":207,"voiceScore":0},"scoped":{"SEI":0,"SEIrank":186,"SEIadj":0,"audienceSEI":0,"audienceSEIadj":0,"audienceSEIrank":186,"audienceScore":0,"combinedScore":0,"combinedScoreRank":186,"engagementSEI":0,"engagementSEIadj":0,"engagementSEIrank":186,"engagementScore":0,"voiceSEI":0,"voiceSEIadj":0,"voiceSEIrank":186,"voiceScore":0}}},"blended":{"combined":{"non_scoped":{"SEI":0.06782371144485534,"SEIadj":40.04069422686691,"SEIrank":202,"audienceSEI":0.47156950179348056,"audienceSEIadj":50.23578475089674,"audienceSEIrank":118,"engagementSEI":0.0026382165641643178,"engagementSEIadj":40.0015829299385,"engagementSEIrank":187,"voiceSEI":0.06361277109002897,"voiceSEIadj":40.03816766265402,"voiceSEIrank":206},"scoped":{"SEI":3.5604112974724726,"SEIadj":51.780205648736235,"SEIrank":144,"compCharisma":3,"compInfluence":0,"compEva":0.5604112974724724,"audienceSEI":6.156394895572606,"audienceSEIadj":53.0781974477863,"audienceSEIrank":106,"engagementSEI":0.07815375035532816,"engagementSEIadj":40.0468922502132,"engagementSEIrank":172,"voiceSEI":0.24950515459177458,"voiceSEIadj":20.19960412367342,"voiceSEIrank":190}},"facebook":{"non_scoped":{"SEI":0.11134766899229766,"SEIadj":50.05567383449615,"SEIrank":125,"audienceSEI":0.6463870341320141,"audienceSEIadj":50.32319351706601,"audienceSEIrank":73,"engagementSEI":0.002821736112050347,"engagementSEIadj":50.00141086805603,"engagementSEIrank":124,"voiceSEI":0.1500530797062201,"voiceSEIadj":50.07502653985311,"voiceSEIrank":134},"scoped":{"SEI":1.186162575628355,"SEIadj":50.59308128781418,"SEIrank":113,"audienceSEI":8.239178484644636,"audienceSEIadj":63.29567139385785,"audienceSEIrank":62,"engagementSEI":0.256746303774698,"engagementSEIadj":50.12837315188735,"engagementSEIrank":113,"voiceSEI":0.6939898163302419,"voiceSEIadj":50.34699490816512,"voiceSEIrank":124}},"twitter":{"non_scoped":{"SEI":0,"SEIadj":0,"SEIrank":231,"audienceSEI":0,"audienceSEIadj":0,"audienceSEIrank":231,"engagementSEI":0,"engagementSEIadj":0,"engagementSEIrank":227,"voiceSEI":0,"voiceSEIadj":0,"voiceSEIrank":227},"scoped":{"SEI":0,"SEIadj":0,"SEIrank":208,"audienceSEI":0,"audienceSEIadj":0,"audienceSEIrank":208,"engagementSEI":0,"engagementSEIadj":0,"engagementSEIrank":205,"voiceSEI":0,"voiceSEIadj":0,"voiceSEIrank":205}},"instagram":{"non_scoped":{"SEI":0,"SEIadj":0,"SEIrank":207,"audienceSEI":0,"audienceSEIadj":0,"audienceSEIrank":207,"engagementSEI":0,"engagementSEIadj":0,"engagementSEIrank":207,"voiceSEI":0,"voiceSEIadj":0,"voiceSEIrank":207},"scoped":{"SEI":0,"SEIadj":0,"SEIrank":186,"audienceSEI":0,"audienceSEIadj":0,"audienceSEIrank":186,"engagementSEI":0,"engagementSEIadj":0,"engagementSEIrank":186,"voiceSEI":0,"voiceSEIadj":0,"voiceSEIrank":186}},"influence":{"twitter":{"scope":"individual","ratio":0,"calculated":false},"instagram":{"scope":"individual","ratio":0,"calculated":false},"combined":{"ratio":0.08,"bottom":false,"scope":"individual","calculated":true},"facebook":{"ratio":0.04,"bottom":false,"scope":"individual","calculated":true}},"charisma":{"twitter":{"scope":"individual","ratio":0,"calculated":false},"instagram":{"scope":"individual","ratio":0,"calculated":false},"combined":{"ratio":0.64,"bottom":true,"scope":"individual","calculated":true},"facebook":{"ratio":0.19,"bottom":false,"scope":"individual","calculated":true}}},"scope":"individual"}}