{"scoreEntityString":"591d1494ab33fb0001804f89.asset.536575feb08f37d80186a13d","timeQuantum":4995834,"scoreEntityType":"asset","scoreProfileID":"591d1494ab33fb0001804f89","data":{"scoreEntityString":"591d1494ab33fb0001804f89.asset.536575feb08f37d80186a13d","scoreProfileID":"591d1494ab33fb0001804f89","scoreEntityType":"asset","entityID":"asset.536575feb08f37d80186a13d","object_version":"1.2","score_engine_version":"3.0.20","timestamp":4995834,"start_quantum":4969914,"end_quantum":4995833,"schedule_options":{"interval":15,"offset":"1"},"_15min":{"boundaryQuantum":4995831,"combined":{"entityString":"536575feb08f37d80186a13d","type":"combined","profiles":2,"postsMade":0,"repliesMade":0,"repliesRcvd":0,"sharesMade":0,"sharesRcvd":0,"mentionsRcvd":0,"likesRcvd":0,"reachRcvd":0,"audience":15644,"voice":0,"conversation":0,"engagement":0,"group_scoped":{"audienceScore":1.033141220842191,"voiceScore":0,"engagementScore":0,"combinedScore":1.033141220842191,"engagementSEI":0,"engagementSEIadj":0,"voiceSEI":0,"voiceSEIadj":0,"audienceSEI":2.4027252593327537,"audienceSEIadj":2.4027252593327537,"SEI":0.2402725259332754,"SEIadj":0.2402725259332754,"combinedScoreRank":76,"SEIrank":65,"engagementSEIrank":170,"voiceSEIrank":167,"audienceSEIrank":62},"non_scoped":{"SEI":0.06146157865581281,"SEIrank":104,"SEIadj":0,"audienceSEI":0.6146157865581281,"audienceSEIadj":0,"audienceSEIrank":103,"audienceScore":0.11325457926691189,"combinedScore":0.005662728963345595,"combinedScoreRank":104,"engagementSEI":0,"engagementSEIadj":0,"engagementSEIrank":170,"engagementScore":0,"voiceSEI":0,"voiceSEIadj":0,"voiceSEIrank":167,"voiceScore":0},"scoped":{"SEI":0.8023880841984327,"SEIrank":92,"SEIadj":0,"audienceSEI":8.023880841984326,"audienceSEIadj":0,"audienceSEIrank":91,"audienceScore":0.3251462732155665,"combinedScore":0.016257313660778327,"combinedScoreRank":92,"engagementSEI":0,"engagementSEIadj":0,"engagementSEIrank":153,"engagementScore":0,"voiceSEI":0,"voiceSEIadj":0,"voiceSEIrank":152,"voiceScore":0}},"facebook":{"entityString":"536575feb08f37d80186a13d","type":"facebook","profiles":1,"postsMade":0,"repliesMade":0,"repliesRcvd":0,"sharesMade":0,"sharesRcvd":0,"mentionsRcvd":0,"likesRcvd":0,"reachRcvd":0,"audience":13888,"voice":0,"conversation":0,"engagement":0,"group_scoped":{"audienceScore":1.3359703870158455,"voiceScore":0,"engagementScore":0,"combinedScore":1.3359703870158455,"engagementSEI":0,"engagementSEIadj":0,"voiceSEI":0,"voiceSEIadj":0,"audienceSEI":2.5541854028157096,"audienceSEIadj":2.5541854028157096,"SEI":0.25541854028157096,"SEIadj":0.25541854028157096,"combinedScoreRank":43,"SEIrank":38,"engagementSEIrank":169,"voiceSEIrank":167,"audienceSEIrank":35},"non_scoped":{"SEI":0.07478982862638851,"SEIrank":61,"SEIadj":0,"audienceSEI":0.7478982862638851,"audienceSEIadj":0,"audienceSEIrank":60,"audienceScore":0.1426400780412132,"combinedScore":0.00713200390206066,"combinedScoreRank":61,"engagementSEI":0,"engagementSEIadj":0,"engagementSEIrank":169,"engagementScore":0,"voiceSEI":0,"voiceSEIadj":0,"voiceSEIrank":167,"voiceScore":0},"scoped":{"SEI":0.9533092626405457,"SEIrank":50,"SEIadj":0,"audienceSEI":9.533092626405457,"audienceSEIadj":0,"audienceSEIrank":49,"audienceScore":0.5847162875568013,"combinedScore":0.029235814377840064,"combinedScoreRank":50,"engagementSEI":0,"engagementSEIadj":0,"engagementSEIrank":152,"engagementScore":0,"voiceSEI":0,"voiceSEIadj":0,"voiceSEIrank":152,"voiceScore":0}},"twitter":{"entityString":"536575feb08f37d80186a13d","type":"twitter","profiles":1,"postsMade":0,"repliesMade":0,"repliesRcvd":0,"sharesMade":0,"sharesRcvd":0,"mentionsRcvd":0,"likesRcvd":0,"reachRcvd":0,"audience":1756,"voice":0,"conversation":0,"engagement":0,"group_scoped":{"audienceScore":0.41360369887954856,"voiceScore":0,"engagementScore":0,"combinedScore":0.41360369887954856,"engagementSEI":0,"engagementSEIadj":0,"voiceSEI":0,"voiceSEIadj":0,"audienceSEI":1.5066753612245598,"audienceSEIadj":1.5066753612245598,"SEI":0.15066753612245598,"SEIadj":0.15066753612245598,"combinedScoreRank":203,"SEIrank":187,"engagementSEIrank":168,"voiceSEIrank":167,"audienceSEIrank":187},"non_scoped":{"SEI":0.031015035933992376,"SEIrank":203,"SEIadj":0,"audienceSEI":0.31015035933992374,"audienceSEIadj":0,"audienceSEIrank":203,"audienceScore":0.05034929103839965,"combinedScore":0.0025174645519199824,"combinedScoreRank":203,"engagementSEI":0,"engagementSEIadj":0,"engagementSEIrank":168,"engagementScore":0,"voiceSEI":0,"voiceSEIadj":0,"voiceSEIrank":167,"voiceScore":0},"scoped":{"SEI":0.15066753612245598,"SEIrank":185,"SEIadj":0,"audienceSEI":1.5066753612245598,"audienceSEIadj":0,"audienceSEIrank":185,"audienceScore":0.07975459565419206,"combinedScore":0.011393513664884579,"combinedScoreRank":185,"engagementSEI":0,"engagementSEIadj":0,"engagementSEIrank":153,"engagementScore":0,"voiceSEI":0,"voiceSEIadj":0,"voiceSEIrank":152,"voiceScore":0}},"instagram":{"entityString":"536575feb08f37d80186a13d","type":"instagram","profiles":0,"postsMade":0,"repliesMade":0,"repliesRcvd":0,"sharesMade":0,"sharesRcvd":0,"mentionsRcvd":0,"likesRcvd":0,"reachRcvd":0,"audience":0,"voice":0,"conversation":0,"engagement":0,"group_scoped":{"audienceScore":0,"voiceScore":0,"engagementScore":0,"combinedScore":0,"engagementSEI":0,"engagementSEIadj":0,"voiceSEI":0,"voiceSEIadj":0,"audienceSEI":0,"audienceSEIadj":0,"SEI":0,"SEIadj":0,"combinedScoreRank":187,"SEIrank":168,"engagementSEIrank":168,"voiceSEIrank":167,"audienceSEIrank":168},"non_scoped":{"SEI":0,"SEIrank":168,"SEIadj":0,"audienceSEI":0,"audienceSEIadj":0,"audienceSEIrank":168,"audienceScore":0,"combinedScore":0,"combinedScoreRank":168,"engagementSEI":0,"engagementSEIadj":0,"engagementSEIrank":168,"engagementScore":0,"voiceSEI":0,"voiceSEIadj":0,"voiceSEIrank":167,"voiceScore":0},"scoped":{"SEI":0,"SEIrank":152,"SEIadj":0,"audienceSEI":0,"audienceSEIadj":0,"audienceSEIrank":152,"audienceScore":0,"combinedScore":0,"combinedScoreRank":152,"engagementSEI":0,"engagementSEIadj":0,"engagementSEIrank":152,"engagementScore":0,"voiceSEI":0,"voiceSEIadj":0,"voiceSEIrank":152,"voiceScore":0}}},"hour":{"boundaryQuantum":4995822,"combined":{"entityString":"536575feb08f37d80186a13d","type":"combined","profiles":2,"postsMade":0,"repliesMade":0,"repliesRcvd":0,"sharesMade":0,"sharesRcvd":0,"mentionsRcvd":0,"likesRcvd":0,"reachRcvd":0,"audience":15644,"voice":0,"conversation":0,"engagement":0,"group_scoped":{"audienceScore":1.033141220842191,"voiceScore":0,"engagementScore":0,"combinedScore":1.033141220842191,"combinedScoreRank":67,"SEIrank":88,"engagementSEIrank":182,"voiceSEIrank":173,"audienceSEIrank":62,"engagementSEI":0,"engagementSEIadj":0,"voiceSEI":0,"voiceSEIadj":0,"audienceSEI":2.4027252593327537,"audienceSEIadj":2.4027252593327537,"SEI":0.2402725259332754,"SEIadj":0.2402725259332754},"non_scoped":{"SEI":0.06146157865581281,"SEIrank":119,"SEIadj":0,"audienceSEI":0.6146157865581281,"audienceSEIadj":0,"audienceSEIrank":103,"audienceScore":0.11325457926691189,"combinedScore":0.005662728963345595,"combinedScoreRank":121,"engagementSEI":0,"engagementSEIadj":0,"engagementSEIrank":182,"engagementScore":0,"voiceSEI":0,"voiceSEIadj":0,"voiceSEIrank":173,"voiceScore":0},"scoped":{"SEI":0.8023880841984327,"SEIrank":108,"SEIadj":0,"audienceSEI":8.023880841984326,"audienceSEIadj":0,"audienceSEIrank":91,"audienceScore":0.3251462732155665,"combinedScore":0.016257313660778327,"combinedScoreRank":109,"engagementSEI":0,"engagementSEIadj":0,"engagementSEIrank":164,"engagementScore":0,"voiceSEI":0,"voiceSEIadj":0,"voiceSEIrank":156,"voiceScore":0}},"facebook":{"entityString":"536575feb08f37d80186a13d","type":"facebook","profiles":1,"postsMade":0,"repliesMade":0,"repliesRcvd":0,"sharesMade":0,"sharesRcvd":0,"mentionsRcvd":0,"likesRcvd":0,"reachRcvd":0,"audience":13888,"voice":0,"conversation":0,"engagement":0,"group_scoped":{"audienceScore":1.3359703870158455,"voiceScore":0,"engagementScore":0,"combinedScore":1.3359703870158455,"combinedScoreRank":39,"SEIrank":55,"engagementSEIrank":178,"voiceSEIrank":171,"audienceSEIrank":35,"engagementSEI":0,"engagementSEIadj":0,"voiceSEI":0,"voiceSEIadj":0,"audienceSEI":2.5541854028157096,"audienceSEIadj":2.5541854028157096,"SEI":0.25541854028157096,"SEIadj":0.25541854028157096},"non_scoped":{"SEI":0.07478982862638851,"SEIrank":77,"SEIadj":0,"audienceSEI":0.7478982862638851,"audienceSEIadj":0,"audienceSEIrank":60,"audienceScore":0.1426400780412132,"combinedScore":0.00713200390206066,"combinedScoreRank":77,"engagementSEI":0,"engagementSEIadj":0,"engagementSEIrank":178,"engagementScore":0,"voiceSEI":0,"voiceSEIadj":0,"voiceSEIrank":171,"voiceScore":0},"scoped":{"SEI":0.9533092626405457,"SEIrank":66,"SEIadj":0,"audienceSEI":9.533092626405457,"audienceSEIadj":0,"audienceSEIrank":49,"audienceScore":0.5847162875568013,"combinedScore":0.029235814377840064,"combinedScoreRank":66,"engagementSEI":0,"engagementSEIadj":0,"engagementSEIrank":160,"engagementScore":0,"voiceSEI":0,"voiceSEIadj":0,"voiceSEIrank":154,"voiceScore":0}},"twitter":{"entityString":"536575feb08f37d80186a13d","type":"twitter","profiles":1,"postsMade":0,"repliesMade":0,"repliesRcvd":0,"sharesMade":0,"sharesRcvd":0,"mentionsRcvd":0,"likesRcvd":0,"reachRcvd":0,"audience":1756,"voice":0,"conversation":0,"engagement":0,"group_scoped":{"audienceScore":0.41360369887954856,"voiceScore":0,"engagementScore":0,"combinedScore":0.41360369887954856,"combinedScoreRank":205,"SEIrank":193,"engagementSEIrank":174,"voiceSEIrank":172,"audienceSEIrank":187,"engagementSEI":0,"engagementSEIadj":0,"voiceSEI":0,"voiceSEIadj":0,"audienceSEI":1.5066753612245598,"audienceSEIadj":1.5066753612245598,"SEI":0.15066753612245598,"SEIadj":0.15066753612245598},"non_scoped":{"SEI":0.031015035933992376,"SEIrank":203,"SEIadj":0,"audienceSEI":0.31015035933992374,"audienceSEIadj":0,"audienceSEIrank":203,"audienceScore":0.05034929103839965,"combinedScore":0.0025174645519199824,"combinedScoreRank":203,"engagementSEI":0,"engagementSEIadj":0,"engagementSEIrank":174,"engagementScore":0,"voiceSEI":0,"voiceSEIadj":0,"voiceSEIrank":172,"voiceScore":0},"scoped":{"SEI":0.15066753612245598,"SEIrank":185,"SEIadj":0,"audienceSEI":1.5066753612245598,"audienceSEIadj":0,"audienceSEIrank":185,"audienceScore":0.07975459565419206,"combinedScore":0.0039877297827096035,"combinedScoreRank":185,"engagementSEI":0,"engagementSEIadj":0,"engagementSEIrank":156,"engagementScore":0,"voiceSEI":0,"voiceSEIadj":0,"voiceSEIrank":155,"voiceScore":0}},"instagram":{"entityString":"536575feb08f37d80186a13d","type":"instagram","profiles":0,"postsMade":0,"repliesMade":0,"repliesRcvd":0,"sharesMade":0,"sharesRcvd":0,"mentionsRcvd":0,"likesRcvd":0,"reachRcvd":0,"audience":0,"voice":0,"conversation":0,"engagement":0,"group_scoped":{"audienceScore":0,"voiceScore":0,"engagementScore":0,"combinedScore":0,"combinedScoreRank":187,"SEIrank":168,"engagementSEIrank":168,"voiceSEIrank":167,"audienceSEIrank":168,"engagementSEI":0,"engagementSEIadj":0,"voiceSEI":0,"voiceSEIadj":0,"audienceSEI":0,"audienceSEIadj":0,"SEI":0,"SEIadj":0},"non_scoped":{"SEI":0,"SEIrank":168,"SEIadj":0,"audienceSEI":0,"audienceSEIadj":0,"audienceSEIrank":168,"audienceScore":0,"combinedScore":0,"combinedScoreRank":168,"engagementSEI":0,"engagementSEIadj":0,"engagementSEIrank":168,"engagementScore":0,"voiceSEI":0,"voiceSEIadj":0,"voiceSEIrank":167,"voiceScore":0},"scoped":{"SEI":0,"SEIrank":152,"SEIadj":0,"audienceSEI":0,"audienceSEIadj":0,"audienceSEIrank":152,"audienceScore":0,"combinedScore":0,"combinedScoreRank":152,"engagementSEI":0,"engagementSEIadj":0,"engagementSEIrank":152,"engagementScore":0,"voiceSEI":0,"voiceSEIadj":0,"voiceSEIrank":152,"voiceScore":0}}},"today":{"boundaryQuantum":4995546,"combined":{"entityString":"536575feb08f37d80186a13d","type":"combined","profiles":2,"postsMade":2,"repliesMade":0,"repliesRcvd":0,"sharesMade":0,"sharesRcvd":3,"mentionsRcvd":0,"likesRcvd":8,"reachRcvd":0,"audience":15644,"voice":2,"conversation":2,"engagement":11,"group_scoped":{"audienceScore":1.033141220842191,"voiceScore":1.0050251256281406,"engagementScore":0.03402728369474433,"combinedScore":0.1325328726487865,"combinedScoreRank":164,"SEIrank":96,"engagementSEIrank":118,"voiceSEIrank":101,"audienceSEIrank":62,"engagementSEI":0.04093632540657214,"engagementSEIadj":0.04093632540657214,"voiceSEI":1.9230769230769231,"voiceSEIadj":1.9230769230769231,"audienceSEI":2.4027252593327537,"audienceSEIadj":2.4027252593327537,"SEI":0.8417573981002956,"SEIadj":0.8417573981002956},"non_scoped":{"SEI":0.4791276635137606,"SEIrank":106,"SEIadj":0,"audienceSEI":0.6146157865581281,"audienceSEIadj":0,"audienceSEIrank":103,"audienceScore":0.11325457926691189,"combinedScore":0.016324721010104626,"combinedScoreRank":123,"engagementSEI":0.011178634580597955,"engagementSEIadj":0,"engagementSEIrank":119,"engagementScore":0.004092916649612847,"voiceSEI":1.36986301369863,"voiceSEIadj":0,"voiceSEIrank":104,"voiceScore":0.13956734124214934},"scoped":{"SEI":3.3728952668428183,"SEIrank":109,"SEIadj":0,"audienceSEI":8.023880841984326,"audienceSEIadj":0,"audienceSEIrank":91,"audienceScore":0.3251462732155665,"combinedScore":0.0735736279560554,"combinedScoreRank":105,"engagementSEI":0.5804749340369393,"engagementSEIadj":0,"engagementSEIrank":108,"engagementScore":0.04549966909331569,"voiceSEI":7.4074074074074066,"voiceSEIadj":0,"voiceSEIrank":93,"voiceScore":0.32733224222585927}},"facebook":{"entityString":"536575feb08f37d80186a13d","type":"facebook","profiles":1,"postsMade":1,"repliesMade":0,"repliesRcvd":0,"sharesMade":0,"sharesRcvd":3,"mentionsRcvd":0,"likesRcvd":7,"reachRcvd":0,"audience":13888,"voice":1,"conversation":1,"engagement":10,"group_scoped":{"audienceScore":1.3359703870158455,"voiceScore":1.1904761904761905,"engagementScore":0.03315979706204198,"combinedScore":0.15616614623043956,"combinedScoreRank":116,"SEIrank":63,"engagementSEIrank":71,"voiceSEIrank":58,"audienceSEIrank":35,"engagementSEI":0.03965736040609137,"engagementSEIadj":0.03965736040609137,"voiceSEI":2.2222222222222223,"voiceSEIadj":2.2222222222222223,"audienceSEI":2.5541854028157096,"audienceSEIadj":2.5541854028157096,"SEI":0.9458796231918924,"SEIadj":0.9458796231918924},"non_scoped":{"SEI":0.5363886299849059,"SEIrank":65,"SEIadj":0,"audienceSEI":0.7478982862638851,"audienceSEIadj":0,"audienceSEIrank":60,"audienceScore":0.1426400780412132,"combinedScore":0.020916644379297487,"combinedScoreRank":75,"engagementSEI":0.01175557802177133,"engagementSEIadj":0,"engagementSEIrank":72,"engagementScore":0.004336908391484047,"voiceSEI":1.5151515151515151,"voiceSEIadj":0,"voiceSEIrank":67,"voiceScore":0.1976284584980237},"scoped":{"SEI":3.8001300718891002,"SEIrank":58,"SEIadj":0,"audienceSEI":9.533092626405457,"audienceSEIadj":0,"audienceSEIrank":49,"audienceScore":0.5847162875568013,"combinedScore":0.10964462354736632,"combinedScoreRank":62,"engagementSEI":0.5780346820809248,"engagementSEIadj":0,"engagementSEIrank":62,"engagementScore":0.055673087629439934,"voiceSEI":8.333333333333332,"voiceSEIadj":0,"voiceSEIrank":57,"voiceScore":0.6060606060606061}},"twitter":{"entityString":"536575feb08f37d80186a13d","type":"twitter","profiles":1,"postsMade":1,"repliesMade":0,"repliesRcvd":0,"sharesMade":0,"sharesRcvd":0,"mentionsRcvd":0,"likesRcvd":1,"reachRcvd":0,"audience":1756,"voice":1,"conversation":1,"engagement":1,"group_scoped":{"audienceScore":0.41360369887954856,"voiceScore":0.9009009009009009,"engagementScore":0.13458950201884254,"combinedScore":0.18685578180598075,"combinedScoreRank":213,"SEIrank":139,"engagementSEIrank":129,"voiceSEIrank":106,"audienceSEIrank":187,"engagementSEI":0.43859649122807015,"engagementSEIadj":0.43859649122807015,"voiceSEI":1.8181818181818181,"voiceSEIadj":1.8181818181818181,"audienceSEI":1.5066753612245598,"audienceSEIadj":1.5066753612245598,"SEI":0.9592799763138435,"SEIadj":0.9592799763138435},"non_scoped":{"SEI":0.3972340470171515,"SEIrank":133,"SEIadj":0,"audienceSEI":0.31015035933992374,"audienceSEIadj":0,"audienceSEIrank":203,"audienceScore":0.05034929103839965,"combinedScore":0.018641789126855286,"combinedScoreRank":154,"engagementSEI":0.04856726566294317,"engagementSEIadj":0,"engagementSEIrank":146,"engagementScore":0.011617100371747211,"voiceSEI":1.1235955056179776,"voiceSEIadj":0,"voiceSEIrank":118,"voiceScore":0.11337868480725624},"scoped":{"SEI":1.6677813196562208,"SEIrank":128,"SEIadj":0,"audienceSEI":1.5066753612245598,"audienceSEIadj":0,"audienceSEIrank":185,"audienceScore":0.07975459565419206,"combinedScore":0.03768457025830189,"combinedScoreRank":141,"engagementSEI":0.3546099290780142,"engagementSEIadj":0,"engagementSEIrank":135,"engagementScore":0.02472799208704253,"voiceSEI":4.3478260869565215,"voiceSEIadj":0,"voiceSEIrank":106,"voiceScore":0.2288329519450801}},"instagram":{"entityString":"536575feb08f37d80186a13d","type":"instagram","profiles":0,"postsMade":0,"repliesMade":0,"repliesRcvd":0,"sharesMade":0,"sharesRcvd":0,"mentionsRcvd":0,"likesRcvd":0,"reachRcvd":0,"audience":0,"voice":0,"conversation":0,"engagement":0,"group_scoped":{"audienceScore":0,"voiceScore":0,"engagementScore":0,"combinedScore":0,"combinedScoreRank":187,"SEIrank":168,"engagementSEIrank":168,"voiceSEIrank":168,"audienceSEIrank":168,"engagementSEI":0,"engagementSEIadj":0,"voiceSEI":0,"voiceSEIadj":0,"audienceSEI":0,"audienceSEIadj":0,"SEI":0,"SEIadj":0},"non_scoped":{"SEI":0,"SEIrank":168,"SEIadj":0,"audienceSEI":0,"audienceSEIadj":0,"audienceSEIrank":168,"audienceScore":0,"combinedScore":0,"combinedScoreRank":168,"engagementSEI":0,"engagementSEIadj":0,"engagementSEIrank":168,"engagementScore":0,"voiceSEI":0,"voiceSEIadj":0,"voiceSEIrank":168,"voiceScore":0},"scoped":{"SEI":0,"SEIrank":152,"SEIadj":0,"audienceSEI":0,"audienceSEIadj":0,"audienceSEIrank":152,"audienceScore":0,"combinedScore":0,"combinedScoreRank":152,"engagementSEI":0,"engagementSEIadj":0,"engagementSEIrank":152,"engagementScore":0,"voiceSEI":0,"voiceSEIadj":0,"voiceSEIrank":152,"voiceScore":0}}},"week":{"boundaryQuantum":4993818,"combined":{"entityString":"536575feb08f37d80186a13d","type":"combined","profiles":2,"postsMade":12,"repliesMade":0,"repliesRcvd":8,"sharesMade":0,"sharesRcvd":55,"mentionsRcvd":0,"likesRcvd":122,"reachRcvd":0,"audience":15644,"voice":12,"conversation":20,"engagement":185,"group_scoped":{"audienceScore":1.033141220842191,"voiceScore":0.9795918367346939,"engagementScore":0.09922603691208574,"combinedScore":0.1899400860997214,"combinedScoreRank":129,"SEIrank":99,"engagementSEIrank":115,"voiceSEIrank":96,"audienceSEIrank":62,"engagementSEI":0.1156409006238358,"engagementSEIadj":0.1156409006238358,"voiceSEI":2.2263450834879404,"voiceSEIadj":2.2263450834879404,"audienceSEI":2.4027252593327537,"audienceSEIadj":2.4027252593327537,"SEI":0.9775605913539589,"SEIadj":0.9775605913539589},"non_scoped":{"SEI":0.5065940810112456,"SEIrank":111,"SEIadj":0,"audienceSEI":0.6146157865581281,"audienceSEIadj":0,"audienceSEIrank":103,"audienceScore":0.11325457926691189,"combinedScore":0.021665591038429074,"combinedScoreRank":116,"engagementSEI":0.023324629674224266,"engagementSEIadj":0,"engagementSEIrank":116,"engagementScore":0.009782557541267852,"voiceSEI":1.437125748502994,"voiceSEIadj":0,"voiceSEIrank":107,"voiceScore":0.14397120575884823},"scoped":{"SEI":2.7543432855892123,"SEIrank":106,"SEIadj":0,"audienceSEI":8.023880841984326,"audienceSEIadj":0,"audienceSEIrank":91,"audienceScore":0.3251462732155665,"combinedScore":0.11489610095539238,"combinedScoreRank":106,"engagementSEI":0.6331713327400917,"engagementSEIadj":0,"engagementSEIrank":105,"engagementScore":0.09266958534117435,"voiceSEI":5.240174672489083,"voiceSEIadj":0,"voiceSEIrank":96,"voiceScore":0.30472320975114275}},"facebook":{"entityString":"536575feb08f37d80186a13d","type":"facebook","profiles":1,"postsMade":4,"repliesMade":0,"repliesRcvd":8,"sharesMade":0,"sharesRcvd":25,"mentionsRcvd":0,"likesRcvd":82,"reachRcvd":0,"audience":13888,"voice":4,"conversation":12,"engagement":115,"group_scoped":{"audienceScore":1.3359703870158455,"voiceScore":0.8602150537634409,"engagementScore":0.06785581524336635,"combinedScore":0.17087950575799404,"combinedScoreRank":104,"SEIrank":73,"engagementSEIrank":85,"voiceSEIrank":67,"audienceSEIrank":35,"engagementSEI":0.07831440167797118,"engagementSEIadj":0.07831440167797118,"voiceSEI":1.7467248908296942,"voiceSEIadj":1.7467248908296942,"audienceSEI":2.5541854028157096,"audienceSEIadj":2.5541854028157096,"SEI":0.8264246485372618,"SEIadj":0.8264246485372618},"non_scoped":{"SEI":0.4383520034457568,"SEIrank":78,"SEIadj":0,"audienceSEI":0.7478982862638851,"audienceSEIadj":0,"audienceSEIrank":60,"audienceScore":0.1426400780412132,"combinedScore":0.02042545576456023,"combinedScoreRank":87,"engagementSEI":0.015966456557354288,"engagementSEIadj":0,"engagementSEIrank":88,"engagementScore":0.007167962821335099,"voiceSEI":1.1799410029498525,"voiceSEIadj":0,"voiceSEIrank":76,"voiceScore":0.13684570646595962},"scoped":{"SEI":3.162820830763939,"SEIrank":81,"SEIadj":0,"audienceSEI":9.533092626405457,"audienceSEIadj":0,"audienceSEIrank":49,"audienceScore":0.5847162875568013,"combinedScore":0.14082403503455748,"combinedScoreRank":78,"engagementSEI":1.1825192802056554,"engagementSEIadj":0,"engagementSEIrank":78,"engagementScore":0.10220041946606946,"voiceSEI":5,"voiceSEIadj":0,"voiceSEIrank":66,"voiceScore":0.39215686274509803}},"twitter":{"entityString":"536575feb08f37d80186a13d","type":"twitter","profiles":1,"postsMade":8,"repliesMade":0,"repliesRcvd":0,"sharesMade":0,"sharesRcvd":30,"mentionsRcvd":0,"likesRcvd":40,"reachRcvd":0,"audience":1756,"voice":8,"conversation":8,"engagement":70,"group_scoped":{"audienceScore":0.41360369887954856,"voiceScore":1.0869565217391304,"engagementScore":1.3872374157748713,"combinedScore":1.3235416852283182,"combinedScoreRank":100,"SEIrank":94,"engagementSEIrank":70,"voiceSEIrank":104,"audienceSEIrank":187,"engagementSEI":5.766062602965404,"engagementSEIadj":5.766062602965404,"voiceSEI":2.797202797202797,"voiceSEIadj":2.797202797202797,"audienceSEI":1.5066753612245598,"audienceSEIadj":1.5066753612245598,"SEI":4.449465937062537,"SEIadj":4.449465937062537},"non_scoped":{"SEI":0.8574173094373754,"SEIrank":116,"SEIadj":0,"audienceSEI":0.31015035933992374,"audienceSEIadj":0,"audienceSEIrank":203,"audienceScore":0.05034929103839965,"combinedScore":0.1119077940303157,"combinedScoreRank":105,"engagementSEI":0.533455265965554,"engagementSEIadj":0,"engagementSEIrank":101,"engagementScore":0.11282679475194224,"voiceSEI":1.6877637130801686,"voiceSEIadj":0,"voiceSEIrank":107,"voiceScore":0.1569242840329541},"scoped":{"SEI":3.4723458578007778,"SEIrank":102,"SEIadj":0,"audienceSEI":1.5066753612245598,"audienceSEIadj":0,"audienceSEIrank":185,"audienceScore":0.07975459565419206,"combinedScore":0.20100698960181235,"combinedScoreRank":94,"engagementSEI":3.263403263403263,"engagementSEIadj":0,"engagementSEIrank":90,"engagementScore":0.20321662892643558,"voiceSEI":4.545454545454546,"voiceSEIadj":0,"voiceSEIrank":95,"voiceScore":0.2824858757062147}},"instagram":{"entityString":"536575feb08f37d80186a13d","type":"instagram","profiles":0,"postsMade":0,"repliesMade":0,"repliesRcvd":0,"sharesMade":0,"sharesRcvd":0,"mentionsRcvd":0,"likesRcvd":0,"reachRcvd":0,"audience":0,"voice":0,"conversation":0,"engagement":0,"group_scoped":{"audienceScore":0,"voiceScore":0,"engagementScore":0,"combinedScore":0,"combinedScoreRank":187,"SEIrank":168,"engagementSEIrank":168,"voiceSEIrank":168,"audienceSEIrank":168,"engagementSEI":0,"engagementSEIadj":0,"voiceSEI":0,"voiceSEIadj":0,"audienceSEI":0,"audienceSEIadj":0,"SEI":0,"SEIadj":0},"non_scoped":{"SEI":0,"SEIrank":168,"SEIadj":0,"audienceSEI":0,"audienceSEIadj":0,"audienceSEIrank":168,"audienceScore":0,"combinedScore":0,"combinedScoreRank":168,"engagementSEI":0,"engagementSEIadj":0,"engagementSEIrank":168,"engagementScore":0,"voiceSEI":0,"voiceSEIadj":0,"voiceSEIrank":168,"voiceScore":0},"scoped":{"SEI":0,"SEIrank":152,"SEIadj":0,"audienceSEI":0,"audienceSEIadj":0,"audienceSEIrank":152,"audienceScore":0,"combinedScore":0,"combinedScoreRank":152,"engagementSEI":0,"engagementSEIadj":0,"engagementSEIrank":152,"engagementScore":0,"voiceSEI":0,"voiceSEIadj":0,"voiceSEIrank":152,"voiceScore":0}}},"month":{"boundaryQuantum":4987194,"combined":{"entityString":"536575feb08f37d80186a13d","type":"combined","profiles":2,"postsMade":42,"repliesMade":0,"repliesRcvd":347,"sharesMade":0,"sharesRcvd":1308,"mentionsRcvd":0,"likesRcvd":1083,"reachRcvd":0,"audience":15644,"voice":42,"conversation":389,"engagement":2738,"group_scoped":{"audienceScore":1.033141220842191,"voiceScore":0.7238883143743536,"engagementScore":0.27689485378070694,"combinedScore":0.33705684516346346,"combinedScoreRank":81,"SEIrank":99,"engagementSEIrank":68,"voiceSEIrank":118,"audienceSEIrank":62,"engagementSEI":0.32021818811239683,"engagementSEIadj":0.32021818811239683,"voiceSEI":1.7177914110429449,"voiceSEIadj":1.7177914110429449,"audienceSEI":2.4027252593327537,"audienceSEIadj":2.4027252593327537,"SEI":0.947740862113597,"SEIadj":0.947740862113597},"non_scoped":{"SEI":0.44914763671975916,"SEIrank":121,"SEIadj":0,"audienceSEI":0.6146157865581281,"audienceSEIadj":0,"audienceSEIrank":103,"audienceScore":0.11325457926691189,"combinedScore":0.03947944141207607,"combinedScoreRank":85,"engagementSEI":0.07518095049809438,"engagementSEIadj":0,"engagementSEIrank":73,"engagementScore":0.03145214002060816,"voiceSEI":1.1419249592169658,"voiceSEIadj":0,"voiceSEIrank":120,"voiceScore":0.11019572860366268},"scoped":{"SEI":3.468533808791774,"SEIrank":99,"SEIadj":0,"audienceSEI":8.023880841984326,"audienceSEIadj":0,"audienceSEIrank":91,"audienceScore":0.3251462732155665,"combinedScore":0.31783311907567097,"combinedScoreRank":65,"engagementSEI":2.260624024703386,"engagementSEIadj":0,"engagementSEIrank":64,"engagementScore":0.3221957321421427,"voiceSEI":4.365904365904366,"voiceSEIadj":0,"voiceSEIrank":109,"voiceScore":0.23199292973928415}},"facebook":{"entityString":"536575feb08f37d80186a13d","type":"facebook","profiles":1,"postsMade":14,"repliesMade":0,"repliesRcvd":347,"sharesMade":0,"sharesRcvd":1054,"mentionsRcvd":0,"likesRcvd":844,"reachRcvd":0,"audience":13888,"voice":14,"conversation":361,"engagement":2245,"group_scoped":{"audienceScore":1.3359703870158455,"voiceScore":0.6363636363636364,"engagementScore":0.24092325655268332,"combinedScore":0.31544763206638904,"combinedScoreRank":67,"SEIrank":78,"engagementSEIrank":58,"voiceSEIrank":84,"audienceSEIrank":35,"engagementSEI":0.2750531115919266,"engagementSEIadj":0.2750531115919266,"voiceSEI":1.334604385128694,"voiceSEIadj":1.334604385128694,"audienceSEI":2.5541854028157096,"audienceSEIadj":2.5541854028157096,"SEI":0.8208317227753351,"SEIadj":0.8208317227753351},"non_scoped":{"SEI":0.39216383049130615,"SEIrank":88,"SEIadj":0,"audienceSEI":0.7478982862638851,"audienceSEIadj":0,"audienceSEIrank":60,"audienceScore":0.1426400780412132,"combinedScore":0.03917197672825852,"combinedScoreRank":70,"engagementSEI":0.06691046515440074,"engagementSEIadj":0,"engagementSEIrank":60,"engagementScore":0.029745413707693607,"voiceSEI":0.9240924092409241,"voiceSEIadj":0,"voiceSEIrank":88,"voiceScore":0.10538200978547235},"scoped":{"SEI":5.557477117678288,"SEIrank":61,"SEIadj":0,"audienceSEI":9.533092626405457,"audienceSEIadj":0,"audienceSEIrank":49,"audienceScore":0.5847162875568013,"combinedScore":0.4342999507794553,"combinedScoreRank":50,"engagementSEI":6.018766756032171,"engagementSEIadj":0,"engagementSEIrank":51,"engagementScore":0.43342362187698497,"voiceSEI":3.309692671394799,"voiceSEIadj":0,"voiceSEIrank":78,"voiceScore":0.2996575342465753}},"twitter":{"entityString":"536575feb08f37d80186a13d","type":"twitter","profiles":1,"postsMade":28,"repliesMade":0,"repliesRcvd":0,"sharesMade":0,"sharesRcvd":254,"mentionsRcvd":0,"likesRcvd":239,"reachRcvd":0,"audience":1756,"voice":28,"conversation":28,"engagement":493,"group_scoped":{"audienceScore":0.41360369887954856,"voiceScore":0.7959067652075044,"engagementScore":1.9249541212760142,"combinedScore":1.7929342323527653,"combinedScoreRank":80,"SEIrank":78,"engagementSEIrank":57,"voiceSEIrank":124,"audienceSEIrank":187,"engagementSEI":6.612124463519313,"engagementSEIadj":6.612124463519313,"voiceSEI":2.1341463414634148,"voiceSEIadj":2.1341463414634148,"audienceSEI":1.5066753612245598,"audienceSEIadj":1.5066753612245598,"SEI":4.758186116673068,"SEIadj":4.758186116673068},"non_scoped":{"SEI":0.9040336531026576,"SEIrank":113,"SEIadj":0,"audienceSEI":0.31015035933992374,"audienceSEIadj":0,"audienceSEIrank":203,"audienceScore":0.05034929103839965,"combinedScore":0.17138153065441133,"combinedScoreRank":83,"engagementSEI":0.7867732720511962,"engagementSEIadj":0,"engagementSEIrank":81,"engagementScore":0.18104432831819733,"voiceSEI":1.3365155131264916,"voiceSEIadj":0,"voiceSEIrank":125,"voiceScore":0.11848341232227488},"scoped":{"SEI":3.9721370473569793,"SEIrank":97,"SEIadj":0,"audienceSEI":1.5066753612245598,"audienceSEIadj":0,"audienceSEIrank":185,"audienceScore":0.07975459565419206,"combinedScore":0.32696286092229526,"combinedScoreRank":73,"engagementSEI":4.325320231619583,"engagementSEIadj":0,"engagementSEIrank":71,"engagementScore":0.34699493936386605,"voiceSEI":4.087591240875913,"voiceSEIadj":0,"voiceSEIrank":113,"voiceScore":0.21359371424212373}},"instagram":{"entityString":"536575feb08f37d80186a13d","type":"instagram","profiles":0,"postsMade":0,"repliesMade":0,"repliesRcvd":0,"sharesMade":0,"sharesRcvd":0,"mentionsRcvd":0,"likesRcvd":0,"reachRcvd":0,"audience":0,"voice":0,"conversation":0,"engagement":0,"group_scoped":{"audienceScore":0,"voiceScore":0,"engagementScore":0,"combinedScore":0,"combinedScoreRank":187,"SEIrank":168,"engagementSEIrank":168,"voiceSEIrank":168,"audienceSEIrank":168,"engagementSEI":0,"engagementSEIadj":0,"voiceSEI":0,"voiceSEIadj":0,"audienceSEI":0,"audienceSEIadj":0,"SEI":0,"SEIadj":0},"non_scoped":{"SEI":0,"SEIrank":168,"SEIadj":0,"audienceSEI":0,"audienceSEIadj":0,"audienceSEIrank":168,"audienceScore":0,"combinedScore":0,"combinedScoreRank":168,"engagementSEI":0,"engagementSEIadj":0,"engagementSEIrank":168,"engagementScore":0,"voiceSEI":0,"voiceSEIadj":0,"voiceSEIrank":168,"voiceScore":0},"scoped":{"SEI":0,"SEIrank":152,"SEIadj":0,"audienceSEI":0,"audienceSEIadj":0,"audienceSEIrank":152,"audienceScore":0,"combinedScore":0,"combinedScoreRank":152,"engagementSEI":0,"engagementSEIadj":0,"engagementSEIrank":152,"engagementScore":0,"voiceSEI":0,"voiceSEIadj":0,"voiceSEIrank":152,"voiceScore":0}}},"quarter":{"boundaryQuantum":4969914,"combined":{"entityString":"536575feb08f37d80186a13d","type":"combined","profiles":2,"postsMade":88,"repliesMade":0,"repliesRcvd":640,"sharesMade":0,"sharesRcvd":2157,"mentionsRcvd":0,"likesRcvd":1708,"reachRcvd":0,"audience":15644,"voice":88,"conversation":728,"engagement":4505,"group_scoped":{"audienceScore":1.033141220842191,"voiceScore":0.5224722436620555,"engagementScore":0.1584385868473816,"combinedScore":0.22037540138785577,"combinedScoreRank":101,"SEIrank":113,"engagementSEIrank":88,"voiceSEIrank":133,"audienceSEIrank":62,"engagementSEI":0.18017182112717572,"engagementSEIadj":0.18017182112717572,"voiceSEI":1.2623726868455027,"voiceSEIadj":1.2623726868455027,"audienceSEI":2.4027252593327537,"audienceSEIadj":2.4027252593327537,"SEI":0.7270874246632316,"SEIadj":0.7270874246632316},"non_scoped":{"SEI":0.3318075518733878,"SEIrank":141,"SEIadj":0,"audienceSEI":0.6146157865581281,"audienceSEIadj":0,"audienceSEIrank":103,"audienceScore":0.11325457926691189,"combinedScore":0.02426653277633045,"combinedScoreRank":102,"engagementSEI":0.03955373552765693,"engagementSEIadj":0,"engagementSEIrank":88,"engagementScore":0.016285020022802642,"voiceSEI":0.8220457730032694,"voiceSEIadj":0,"voiceSEIrank":147,"voiceScore":0.07894571584924956},"scoped":{"SEI":2.4818536387971903,"SEIrank":114,"SEIadj":0,"audienceSEI":8.023880841984326,"audienceSEIadj":0,"audienceSEIrank":91,"audienceScore":0.3251462732155665,"combinedScore":0.17393283951418548,"combinedScoreRank":84,"engagementSEI":1.1772883951507738,"engagementSEIadj":0,"engagementSEIrank":79,"engagementScore":0.16590374268532054,"voiceSEI":3.243641725027645,"voiceSEIadj":0,"voiceSEIrank":136,"voiceScore":0.16724314873237295}},"facebook":{"entityString":"536575feb08f37d80186a13d","type":"facebook","profiles":1,"postsMade":30,"repliesMade":0,"repliesRcvd":640,"sharesMade":0,"sharesRcvd":1877,"mentionsRcvd":0,"likesRcvd":1414,"reachRcvd":0,"audience":13888,"voice":30,"conversation":670,"engagement":3931,"group_scoped":{"audienceScore":1.3359703870158455,"voiceScore":0.4891570194032285,"engagementScore":0.14466848247509334,"combinedScore":0.2214580045485377,"combinedScoreRank":75,"SEIrank":93,"engagementSEIrank":70,"voiceSEIrank":98,"audienceSEIrank":35,"engagementSEI":0.16229718013294248,"engagementSEIadj":0.16229718013294248,"voiceSEI":0.9976720984369805,"voiceSEIadj":0.9976720984369805,"audienceSEI":2.5541854028157096,"audienceSEIadj":2.5541854028157096,"SEI":0.6520984778924306,"SEIadj":0.6520984778924306},"non_scoped":{"SEI":0.2937489529856891,"SEIrank":100,"SEIadj":0,"audienceSEI":0.7478982862638851,"audienceSEIadj":0,"audienceSEIrank":60,"audienceScore":0.1426400780412132,"combinedScore":0.025320603770533134,"combinedScoreRank":83,"engagementSEI":0.036704302816193884,"engagementSEIadj":0,"engagementSEIrank":72,"engagementScore":0.016037151687629737,"voiceSEI":0.6564551422319475,"voiceSEIadj":0,"voiceSEIrank":103,"voiceScore":0.07510326699211416},"scoped":{"SEI":3.9590672095272943,"SEIrank":77,"SEIadj":0,"audienceSEI":9.533092626405457,"audienceSEIadj":0,"audienceSEIrank":49,"audienceScore":0.5847162875568013,"combinedScore":0.23928315851768564,"combinedScoreRank":69,"engagementSEI":3.4070324755804786,"engagementSEIadj":0,"engagementSEIrank":63,"engagementScore":0.22173174125693865,"voiceSEI":3.205128205128205,"voiceSEIadj":0,"voiceSEIrank":93,"voiceScore":0.20977554017201594}},"twitter":{"entityString":"536575feb08f37d80186a13d","type":"twitter","profiles":1,"postsMade":58,"repliesMade":0,"repliesRcvd":0,"sharesMade":0,"sharesRcvd":280,"mentionsRcvd":0,"likesRcvd":294,"reachRcvd":0,"audience":1756,"voice":58,"conversation":58,"engagement":574,"group_scoped":{"audienceScore":0.41360369887954856,"voiceScore":0.549606746896617,"engagementScore":0.8210908778806129,"combinedScore":0.7871423123813599,"combinedScoreRank":115,"SEIrank":125,"engagementSEIrank":96,"voiceSEIrank":139,"audienceSEIrank":187,"engagementSEI":2.600579920260964,"engagementSEIadj":2.600579920260964,"voiceSEI":1.5235093249277647,"voiceSEIadj":1.5235093249277647,"audienceSEI":1.5066753612245598,"audienceSEIadj":1.5066753612245598,"SEI":2.168068285757364,"SEIadj":2.168068285757364},"non_scoped":{"SEI":0.5076326650543808,"SEIrank":152,"SEIadj":0,"audienceSEI":0.31015035933992374,"audienceSEIadj":0,"audienceSEIrank":203,"audienceScore":0.05034929103839965,"combinedScore":0.07232928687227234,"combinedScoreRank":131,"engagementSEI":0.3105455647168301,"engagementSEIadj":0,"engagementSEIrank":120,"engagementScore":0.07287861647437631,"voiceSEI":0.9676343009676344,"voiceSEIadj":0,"voiceSEIrank":148,"voiceScore":0.08442134986827358},"scoped":{"SEI":2.20696405247745,"SEIrank":140,"SEIadj":0,"audienceSEI":1.5066753612245598,"audienceSEIadj":0,"audienceSEIrank":185,"audienceScore":0.07975459565419206,"combinedScore":0.14197464364162976,"combinedScoreRank":115,"engagementSEI":1.8911439114391144,"engagementSEIadj":0,"engagementSEIrank":109,"engagementScore":0.14473787063863694,"voiceSEI":3.0720338983050848,"voiceSEIadj":0,"voiceSEIrank":136,"voiceScore":0.15445660568293787}},"instagram":{"entityString":"536575feb08f37d80186a13d","type":"instagram","profiles":0,"postsMade":0,"repliesMade":0,"repliesRcvd":0,"sharesMade":0,"sharesRcvd":0,"mentionsRcvd":0,"likesRcvd":0,"reachRcvd":0,"audience":0,"voice":0,"conversation":0,"engagement":0,"group_scoped":{"audienceScore":0,"voiceScore":0,"engagementScore":0,"combinedScore":0,"combinedScoreRank":187,"SEIrank":168,"engagementSEIrank":168,"voiceSEIrank":168,"audienceSEIrank":168,"engagementSEI":0,"engagementSEIadj":0,"voiceSEI":0,"voiceSEIadj":0,"audienceSEI":0,"audienceSEIadj":0,"SEI":0,"SEIadj":0},"non_scoped":{"SEI":0,"SEIrank":168,"SEIadj":0,"audienceSEI":0,"audienceSEIadj":0,"audienceSEIrank":168,"audienceScore":0,"combinedScore":0,"combinedScoreRank":168,"engagementSEI":0,"engagementSEIadj":0,"engagementSEIrank":168,"engagementScore":0,"voiceSEI":0,"voiceSEIadj":0,"voiceSEIrank":168,"voiceScore":0},"scoped":{"SEI":0,"SEIrank":152,"SEIadj":0,"audienceSEI":0,"audienceSEIadj":0,"audienceSEIrank":152,"audienceScore":0,"combinedScore":0,"combinedScoreRank":152,"engagementSEI":0,"engagementSEIadj":0,"engagementSEIrank":152,"engagementScore":0,"voiceSEI":0,"voiceSEIadj":0,"voiceSEIrank":152,"voiceScore":0}}},"blended":{"combined":{"non_scoped":{"SEI":0.40921052892371945,"SEIadj":50.20460526446186,"SEIrank":126,"audienceSEI":0.6146157865581281,"audienceSEIadj":50.30730789327907,"audienceSEIrank":103,"engagementSEI":0.038610330969839804,"engagementSEIadj":50.01930516548492,"engagementSEIrank":94,"voiceSEI":1.0819425056200094,"voiceSEIadj":50.54097125281,"voiceSEIrank":123},"scoped":{"SEI":8.094677526199563,"SEIadj":54.04733876309978,"SEIrank":96,"compCharisma":6,"compInfluence":0,"compEva":2.0946775261995625,"audienceSEI":8.023880841984326,"audienceSEIadj":54.01194042099216,"audienceSEIrank":91,"engagementSEI":1.1467129478047693,"engagementSEIadj":50.573356473902386,"engagementSEIrank":87,"voiceSEI":4.219129289516572,"voiceSEIadj":52.10956464475829,"voiceSEIrank":112}},"facebook":{"non_scoped":{"SEI":0.3640240835995128,"SEIadj":50.18201204179976,"SEIrank":91,"audienceSEI":0.7478982862638851,"audienceSEIadj":60.29915931450555,"audienceSEIrank":60,"engagementSEI":0.03376643704955191,"engagementSEIadj":50.016883218524775,"engagementSEIrank":77,"voiceSEI":0.8965813091446438,"voiceSEIadj":50.448290654572325,"voiceSEIrank":90},"scoped":{"SEI":3.952007925239027,"SEIadj":51.976003962619515,"SEIrank":73,"audienceSEI":9.533092626405455,"audienceSEIadj":63.81323705056218,"audienceSEIrank":49,"engagementSEI":2.9899887693608074,"engagementSEIadj":51.4949943846804,"engagementSEIrank":68,"voiceSEI":4.015684669939989,"voiceSEIadj":52.00784233496999,"voiceSEIrank":82}},"twitter":{"non_scoped":{"SEI":0.6665082756746592,"SEIadj":50.33325413783733,"SEIrank":138,"audienceSEI":0.31015035933992374,"audienceSEIadj":40.186090215603954,"audienceSEIrank":203,"engagementSEI":0.43575371623890785,"engagementSEIadj":50.21787685811945,"engagementSEIrank":110,"voiceSEI":1.2468033666577403,"voiceSEIadj":50.62340168332887,"voiceSEIrank":129},"scoped":{"SEI":2.824395406665316,"SEIadj":51.41219770333266,"SEIrank":123,"audienceSEI":1.50667536122456,"audienceSEIadj":40.90400521673474,"audienceSEIrank":185,"engagementSEI":2.5911214659373742,"engagementSEIadj":51.29556073296869,"engagementSEIrank":100,"voiceSEI":3.7301833032681193,"voiceSEIadj":51.86509165163406,"voiceSEIrank":117}},"instagram":{"non_scoped":{"SEI":0,"SEIadj":0,"SEIrank":168,"audienceSEI":0,"audienceSEIadj":0,"audienceSEIrank":168,"engagementSEI":0,"engagementSEIadj":0,"engagementSEIrank":168,"voiceSEI":0,"voiceSEIadj":0,"voiceSEIrank":168},"scoped":{"SEI":0,"SEIadj":0,"SEIrank":152,"audienceSEI":0,"audienceSEIadj":0,"audienceSEIrank":152,"engagementSEI":0,"engagementSEIadj":0,"engagementSEIrank":152,"voiceSEI":0,"voiceSEIadj":0,"voiceSEIrank":152}},"influence":{"instagram":{"scope":"individual","ratio":0,"calculated":false},"combined":{"ratio":0.45,"bottom":false,"scope":"individual","calculated":true},"facebook":{"ratio":0.29,"bottom":false,"scope":"individual","calculated":true},"twitter":{"ratio":2,"bottom":false,"scope":"individual","calculated":true}},"charisma":{"instagram":{"scope":"individual","ratio":0,"calculated":false},"combined":{"ratio":1.17,"bottom":false,"scope":"individual","calculated":true},"facebook":{"ratio":0.77,"bottom":false,"scope":"individual","calculated":true},"twitter":{"ratio":0.77,"bottom":false,"scope":"individual","calculated":true}}},"scope":"individual"}}