{"scoreEntityString":"591d1494ab33fb0001804f89.asset.536575feb08f37d80186a0a7","timeQuantum":4995834,"scoreEntityType":"asset","scoreProfileID":"591d1494ab33fb0001804f89","data":{"scoreEntityString":"591d1494ab33fb0001804f89.asset.536575feb08f37d80186a0a7","scoreProfileID":"591d1494ab33fb0001804f89","scoreEntityType":"asset","entityID":"asset.536575feb08f37d80186a0a7","object_version":"1.2","score_engine_version":"3.0.20","timestamp":4995834,"start_quantum":4969914,"end_quantum":4995833,"schedule_options":{"interval":15,"offset":"1"},"_15min":{"boundaryQuantum":4995831,"combined":{"entityString":"536575feb08f37d80186a0a7","type":"combined","profiles":2,"postsMade":0,"repliesMade":0,"repliesRcvd":0,"sharesMade":0,"sharesRcvd":0,"mentionsRcvd":0,"likesRcvd":0,"reachRcvd":0,"audience":15239,"voice":0,"conversation":0,"engagement":0,"group_scoped":{"audienceScore":0.6630449159739916,"voiceScore":0,"engagementScore":0,"combinedScore":0.6630449159739916,"engagementSEI":0,"engagementSEIadj":0,"voiceSEI":0,"voiceSEIadj":0,"audienceSEI":1.0306057234833241,"audienceSEIadj":1.0306057234833241,"SEI":0.10306057234833242,"SEIadj":0.10306057234833242,"combinedScoreRank":107,"SEIrank":114,"engagementSEIrank":213,"voiceSEIrank":212,"audienceSEIrank":113},"non_scoped":{"SEI":0.05987042937458012,"SEIrank":108,"SEIadj":0,"audienceSEI":0.5987042937458011,"audienceSEIadj":0,"audienceSEIrank":107,"audienceScore":0.11032258587627654,"combinedScore":0.005516129293813827,"combinedScoreRank":108,"engagementSEI":0,"engagementSEIadj":0,"engagementSEIrank":213,"engagementScore":0,"voiceSEI":0,"voiceSEIadj":0,"voiceSEIrank":212,"voiceScore":0},"scoped":{"SEI":0.7816154445857783,"SEIrank":96,"SEIadj":0,"audienceSEI":7.816154445857782,"audienceSEIadj":0,"audienceSEIrank":95,"audienceScore":0.3167287175614944,"combinedScore":0.01583643587807472,"combinedScoreRank":96,"engagementSEI":0,"engagementSEIadj":0,"engagementSEIrank":191,"engagementScore":0,"voiceSEI":0,"voiceSEIadj":0,"voiceSEIrank":191,"voiceScore":0}},"facebook":{"entityString":"536575feb08f37d80186a0a7","type":"facebook","profiles":1,"postsMade":0,"repliesMade":0,"repliesRcvd":0,"sharesMade":0,"sharesRcvd":0,"mentionsRcvd":0,"likesRcvd":0,"reachRcvd":0,"audience":6982,"voice":0,"conversation":0,"engagement":0,"group_scoped":{"audienceScore":0.45083176588258617,"voiceScore":0,"engagementScore":0,"combinedScore":0.45083176588258617,"engagementSEI":0,"engagementSEIadj":0,"voiceSEI":0,"voiceSEIadj":0,"audienceSEI":0.635651278540351,"audienceSEIadj":0.635651278540351,"SEI":0.0635651278540351,"SEIadj":0.0635651278540351,"combinedScoreRank":97,"SEIrank":96,"engagementSEIrank":213,"voiceSEIrank":212,"audienceSEIrank":96},"non_scoped":{"SEI":0.0375995523811524,"SEIrank":98,"SEIadj":0,"audienceSEI":0.375995523811524,"audienceSEIadj":0,"audienceSEIrank":98,"audienceScore":0.0717103272525742,"combinedScore":0.0035855163626287104,"combinedScoreRank":98,"engagementSEI":0,"engagementSEIadj":0,"engagementSEIrank":213,"engagementScore":0,"voiceSEI":0,"voiceSEIadj":0,"voiceSEIrank":212,"voiceScore":0},"scoped":{"SEI":0.4792630524018067,"SEIrank":86,"SEIadj":0,"audienceSEI":4.792630524018067,"audienceSEIadj":0,"audienceSEIrank":86,"audienceScore":0.29395802993387,"combinedScore":0.0146979014966935,"combinedScoreRank":86,"engagementSEI":0,"engagementSEIadj":0,"engagementSEIrank":191,"engagementScore":0,"voiceSEI":0,"voiceSEIadj":0,"voiceSEIrank":191,"voiceScore":0}},"twitter":{"entityString":"536575feb08f37d80186a0a7","type":"twitter","profiles":1,"postsMade":0,"repliesMade":0,"repliesRcvd":0,"sharesMade":0,"sharesRcvd":0,"mentionsRcvd":0,"likesRcvd":0,"reachRcvd":0,"audience":8257,"voice":0,"conversation":0,"engagement":0,"group_scoped":{"audienceScore":1.2942493134537976,"voiceScore":0,"engagementScore":0,"combinedScore":1.2942493134537976,"engagementSEI":0,"engagementSEIadj":0,"voiceSEI":0,"voiceSEIadj":0,"audienceSEI":3.0743511171842712,"audienceSEIadj":3.0743511171842712,"SEI":0.30743511171842713,"SEIadj":0.30743511171842713,"combinedScoreRank":112,"SEIrank":134,"engagementSEIrank":212,"voiceSEIrank":212,"audienceSEIrank":133},"non_scoped":{"SEI":0.14583778571012246,"SEIrank":95,"SEIadj":0,"audienceSEI":1.4583778571012245,"audienceSEIadj":0,"audienceSEIrank":94,"audienceScore":0.23675062420504892,"combinedScore":0.011837531210252446,"combinedScoreRank":95,"engagementSEI":0,"engagementSEIadj":0,"engagementSEIrank":212,"engagementScore":0,"voiceSEI":0,"voiceSEIadj":0,"voiceSEIrank":212,"voiceScore":0},"scoped":{"SEI":0.7084634656965371,"SEIrank":83,"SEIadj":0,"audienceSEI":7.08463465696537,"audienceSEIadj":0,"audienceSEIrank":82,"audienceScore":0.3750191892463917,"combinedScore":0.05357416989234167,"combinedScoreRank":83,"engagementSEI":0,"engagementSEIadj":0,"engagementSEIrank":191,"engagementScore":0,"voiceSEI":0,"voiceSEIadj":0,"voiceSEIrank":191,"voiceScore":0}},"instagram":{"entityString":"536575feb08f37d80186a0a7","type":"instagram","profiles":0,"postsMade":0,"repliesMade":0,"repliesRcvd":0,"sharesMade":0,"sharesRcvd":0,"mentionsRcvd":0,"likesRcvd":0,"reachRcvd":0,"audience":0,"voice":0,"conversation":0,"engagement":0,"group_scoped":{"audienceScore":0,"voiceScore":0,"engagementScore":0,"combinedScore":0,"engagementSEI":0,"engagementSEIadj":0,"voiceSEI":0,"voiceSEIadj":0,"audienceSEI":0,"audienceSEIadj":0,"SEI":0,"SEIadj":0,"combinedScoreRank":231,"SEIrank":212,"engagementSEIrank":212,"voiceSEIrank":212,"audienceSEIrank":212},"non_scoped":{"SEI":0,"SEIrank":212,"SEIadj":0,"audienceSEI":0,"audienceSEIadj":0,"audienceSEIrank":212,"audienceScore":0,"combinedScore":0,"combinedScoreRank":212,"engagementSEI":0,"engagementSEIadj":0,"engagementSEIrank":212,"engagementScore":0,"voiceSEI":0,"voiceSEIadj":0,"voiceSEIrank":212,"voiceScore":0},"scoped":{"SEI":0,"SEIrank":191,"SEIadj":0,"audienceSEI":0,"audienceSEIadj":0,"audienceSEIrank":191,"audienceScore":0,"combinedScore":0,"combinedScoreRank":191,"engagementSEI":0,"engagementSEIadj":0,"engagementSEIrank":191,"engagementScore":0,"voiceSEI":0,"voiceSEIadj":0,"voiceSEIrank":191,"voiceScore":0}}},"hour":{"boundaryQuantum":4995822,"combined":{"entityString":"536575feb08f37d80186a0a7","type":"combined","profiles":2,"postsMade":0,"repliesMade":0,"repliesRcvd":0,"sharesMade":0,"sharesRcvd":0,"mentionsRcvd":0,"likesRcvd":4,"reachRcvd":0,"audience":15239,"voice":0,"conversation":0,"engagement":4,"group_scoped":{"audienceScore":0.6630449159739916,"voiceScore":0,"engagementScore":0.3902439024390244,"combinedScore":0.42921547580116254,"combinedScoreRank":136,"SEIrank":69,"engagementSEIrank":29,"voiceSEIrank":214,"audienceSEIrank":113,"engagementSEI":0.4119464469618949,"engagementSEIadj":0.4119464469618949,"voiceSEI":0,"voiceSEIadj":0,"audienceSEI":1.0306057234833241,"audienceSEIadj":1.0306057234833241,"SEI":0.35022844052546936,"SEIadj":0.35022844052546936},"non_scoped":{"SEI":0.13984377159384037,"SEIrank":72,"SEIadj":0,"audienceSEI":0.5987042937458011,"audienceSEIadj":0,"audienceSEIrank":107,"audienceScore":0.11032258587627654,"combinedScore":0.04662609846133695,"combinedScoreRank":51,"engagementSEI":0.13328890369876709,"engagementSEIadj":0,"engagementSEIrank":37,"engagementScore":0.04567774351947013,"voiceSEI":0,"voiceSEIadj":0,"voiceSEIrank":214,"voiceScore":0},"scoped":{"SEI":2.71709931555352,"SEIrank":55,"SEIadj":0,"audienceSEI":7.816154445857782,"audienceSEIadj":0,"audienceSEIrank":95,"audienceScore":0.3167287175614944,"combinedScore":0.7244978532009093,"combinedScoreRank":32,"engagementSEI":3.225806451612903,"engagementSEIadj":0,"engagementSEIrank":28,"engagementScore":0.7874015748031495,"voiceSEI":0,"voiceSEIadj":0,"voiceSEIrank":192,"voiceScore":0}},"facebook":{"entityString":"536575feb08f37d80186a0a7","type":"facebook","profiles":1,"postsMade":0,"repliesMade":0,"repliesRcvd":0,"sharesMade":0,"sharesRcvd":0,"mentionsRcvd":0,"likesRcvd":4,"reachRcvd":0,"audience":6982,"voice":0,"conversation":0,"engagement":4,"group_scoped":{"audienceScore":0.45083176588258617,"voiceScore":0,"engagementScore":0.6644518272425249,"combinedScore":0.6339346756196764,"combinedScoreRank":74,"SEIrank":44,"engagementSEIrank":21,"voiceSEIrank":214,"audienceSEIrank":96,"engagementSEI":0.6993006993006993,"engagementSEIadj":0.6993006993006993,"voiceSEI":0,"voiceSEIadj":0,"audienceSEI":0.635651278540351,"audienceSEIadj":0.635651278540351,"SEI":0.48314554743445465,"SEIadj":0.48314554743445465},"non_scoped":{"SEI":0.1339850945498271,"SEIrank":54,"SEIadj":0,"audienceSEI":0.375995523811524,"audienceSEIadj":0,"audienceSEIrank":98,"audienceScore":0.0717103272525742,"combinedScore":0.055095031314696244,"combinedScoreRank":35,"engagementSEI":0.1606425702811245,"engagementSEIadj":0,"engagementSEIrank":27,"engagementScore":0.05723279439118615,"voiceSEI":0,"voiceSEIadj":0,"voiceSEIrank":214,"voiceScore":0},"scoped":{"SEI":2.446476167155905,"SEIrank":38,"SEIadj":0,"audienceSEI":4.792630524018067,"audienceSEIadj":0,"audienceSEIrank":86,"audienceScore":0.29395802993387,"combinedScore":0.9929587710619109,"combinedScoreRank":20,"engagementSEI":3.278688524590164,"engagementSEIadj":0,"engagementSEIrank":18,"engagementScore":1.0869565217391304,"voiceSEI":0,"voiceSEIadj":0,"voiceSEIrank":192,"voiceScore":0}},"twitter":{"entityString":"536575feb08f37d80186a0a7","type":"twitter","profiles":1,"postsMade":0,"repliesMade":0,"repliesRcvd":0,"sharesMade":0,"sharesRcvd":0,"mentionsRcvd":0,"likesRcvd":0,"reachRcvd":0,"audience":8257,"voice":0,"conversation":0,"engagement":0,"group_scoped":{"audienceScore":1.2942493134537976,"voiceScore":0,"engagementScore":0,"combinedScore":1.2942493134537976,"combinedScoreRank":118,"SEIrank":145,"engagementSEIrank":213,"voiceSEIrank":214,"audienceSEIrank":133,"engagementSEI":0,"engagementSEIadj":0,"voiceSEI":0,"voiceSEIadj":0,"audienceSEI":3.0743511171842712,"audienceSEIadj":3.0743511171842712,"SEI":0.30743511171842713,"SEIadj":0.30743511171842713},"non_scoped":{"SEI":0.14583778571012246,"SEIrank":107,"SEIadj":0,"audienceSEI":1.4583778571012245,"audienceSEIadj":0,"audienceSEIrank":94,"audienceScore":0.23675062420504892,"combinedScore":0.011837531210252446,"combinedScoreRank":107,"engagementSEI":0,"engagementSEIadj":0,"engagementSEIrank":213,"engagementScore":0,"voiceSEI":0,"voiceSEIadj":0,"voiceSEIrank":214,"voiceScore":0},"scoped":{"SEI":0.7084634656965371,"SEIrank":95,"SEIadj":0,"audienceSEI":7.08463465696537,"audienceSEIadj":0,"audienceSEIrank":82,"audienceScore":0.3750191892463917,"combinedScore":0.018750959462319586,"combinedScoreRank":95,"engagementSEI":0,"engagementSEIadj":0,"engagementSEIrank":191,"engagementScore":0,"voiceSEI":0,"voiceSEIadj":0,"voiceSEIrank":192,"voiceScore":0}},"instagram":{"entityString":"536575feb08f37d80186a0a7","type":"instagram","profiles":0,"postsMade":0,"repliesMade":0,"repliesRcvd":0,"sharesMade":0,"sharesRcvd":0,"mentionsRcvd":0,"likesRcvd":0,"reachRcvd":0,"audience":0,"voice":0,"conversation":0,"engagement":0,"group_scoped":{"audienceScore":0,"voiceScore":0,"engagementScore":0,"combinedScore":0,"combinedScoreRank":231,"SEIrank":212,"engagementSEIrank":212,"voiceSEIrank":212,"audienceSEIrank":212,"engagementSEI":0,"engagementSEIadj":0,"voiceSEI":0,"voiceSEIadj":0,"audienceSEI":0,"audienceSEIadj":0,"SEI":0,"SEIadj":0},"non_scoped":{"SEI":0,"SEIrank":212,"SEIadj":0,"audienceSEI":0,"audienceSEIadj":0,"audienceSEIrank":212,"audienceScore":0,"combinedScore":0,"combinedScoreRank":212,"engagementSEI":0,"engagementSEIadj":0,"engagementSEIrank":212,"engagementScore":0,"voiceSEI":0,"voiceSEIadj":0,"voiceSEIrank":212,"voiceScore":0},"scoped":{"SEI":0,"SEIrank":191,"SEIadj":0,"audienceSEI":0,"audienceSEIadj":0,"audienceSEIrank":191,"audienceScore":0,"combinedScore":0,"combinedScoreRank":191,"engagementSEI":0,"engagementSEIadj":0,"engagementSEIrank":191,"engagementScore":0,"voiceSEI":0,"voiceSEIadj":0,"voiceSEIrank":191,"voiceScore":0}}},"today":{"boundaryQuantum":4995546,"combined":{"entityString":"536575feb08f37d80186a0a7","type":"combined","profiles":2,"postsMade":14,"repliesMade":0,"repliesRcvd":57,"sharesMade":0,"sharesRcvd":23,"mentionsRcvd":0,"likesRcvd":284,"reachRcvd":0,"audience":15239,"voice":14,"conversation":71,"engagement":364,"group_scoped":{"audienceScore":0.6630449159739916,"voiceScore":4.57516339869281,"engagementScore":2.203123108582496,"combinedScore":2.2447212134575865,"combinedScoreRank":20,"SEIrank":21,"engagementSEIrank":19,"voiceSEIrank":16,"audienceSEIrank":113,"engagementSEI":2.4943466045364215,"engagementSEIadj":2.4943466045364215,"voiceSEI":11.475409836065573,"voiceSEIadj":11.475409836065573,"audienceSEI":1.0306057234833241,"audienceSEIadj":1.0306057234833241,"SEI":5.042291485889857,"SEIadj":5.042291485889857},"non_scoped":{"SEI":3.1585294665419386,"SEIrank":17,"SEIadj":0,"audienceSEI":0.5987042937458011,"audienceSEIadj":0,"audienceSEIrank":107,"audienceScore":0.11032258587627654,"combinedScore":0.17625919822067238,"combinedScoreRank":29,"engagementSEI":0.3699111806670596,"engagementSEIadj":0,"engagementSEIrank":30,"engagementScore":0.13543833276900696,"voiceSEI":9.58904109589041,"voiceSEIadj":0,"voiceSEIrank":18,"voiceScore":0.9769713886950453},"scoped":{"SEI":27.86223696320202,"SEIrank":14,"SEIadj":0,"audienceSEI":7.816154445857782,"audienceSEIadj":0,"audienceSEIrank":95,"audienceScore":0.3167287175614944,"combinedScore":1.4854655929271452,"combinedScoreRank":21,"engagementSEI":19.208443271767813,"engagementSEIadj":0,"engagementSEIrank":22,"engagementScore":1.5056254136333553,"voiceSEI":51.85185185185185,"voiceSEIadj":0,"voiceSEIrank":10,"voiceScore":2.2913256955810146}},"facebook":{"entityString":"536575feb08f37d80186a0a7","type":"facebook","profiles":1,"postsMade":5,"repliesMade":0,"repliesRcvd":57,"sharesMade":0,"sharesRcvd":9,"mentionsRcvd":0,"likesRcvd":209,"reachRcvd":0,"audience":6982,"voice":5,"conversation":62,"engagement":275,"group_scoped":{"audienceScore":0.45083176588258617,"voiceScore":7.462686567164178,"engagementScore":2.526412494258153,"combinedScore":2.669447161484676,"combinedScoreRank":20,"SEIrank":18,"engagementSEIrank":18,"voiceSEIrank":13,"audienceSEIrank":96,"engagementSEI":2.7777777777777777,"engagementSEIadj":2.7777777777777777,"voiceSEI":16.129032258064516,"voiceSEIadj":16.129032258064516,"audienceSEI":0.635651278540351,"audienceSEIadj":0.635651278540351,"SEI":6.568941471940057,"SEIadj":6.568941471940057},"non_scoped":{"SEI":2.5042938624676525,"SEIrank":16,"SEIadj":0,"audienceSEI":0.375995523811524,"audienceSEIadj":0,"audienceSEIrank":98,"audienceScore":0.0717103272525742,"combinedScore":0.1603311136763648,"combinedScoreRank":28,"engagementSEI":0.3232783955987116,"engagementSEIadj":0,"engagementSEIrank":29,"engagementScore":0.11926498076581127,"voiceSEI":7.575757575757576,"voiceSEIadj":0,"voiceSEIrank":16,"voiceScore":0.9881422924901186},"scoped":{"SEI":22.51683530673707,"SEIrank":16,"SEIadj":0,"audienceSEI":4.792630524018067,"audienceSEIadj":0,"audienceSEIrank":86,"audienceScore":0.29395802993387,"combinedScore":1.5441219718404833,"combinedScoreRank":20,"engagementSEI":15.895953757225435,"engagementSEIadj":0,"engagementSEIrank":21,"engagementScore":1.531009909809598,"voiceSEI":41.66666666666667,"voiceSEIadj":0,"voiceSEIrank":8,"voiceScore":3.0303030303030303}},"twitter":{"entityString":"536575feb08f37d80186a0a7","type":"twitter","profiles":1,"postsMade":9,"repliesMade":0,"repliesRcvd":0,"sharesMade":0,"sharesRcvd":14,"mentionsRcvd":0,"likesRcvd":75,"reachRcvd":0,"audience":8257,"voice":9,"conversation":9,"engagement":89,"group_scoped":{"audienceScore":1.2942493134537976,"voiceScore":3.829787234042553,"engagementScore":4.274735830931797,"combinedScore":4.103464075213435,"combinedScoreRank":40,"SEIrank":41,"engagementSEIrank":41,"voiceSEIrank":28,"audienceSEIrank":133,"engagementSEI":7.820738137082602,"engagementSEIadj":7.820738137082602,"voiceSEI":10.344827586206897,"voiceSEIadj":10.344827586206897,"audienceSEI":3.0743511171842712,"audienceSEIadj":3.0743511171842712,"SEI":8.103326269830058,"SEIadj":8.103326269830058},"non_scoped":{"SEI":5.773037637279826,"SEIrank":18,"SEIadj":0,"audienceSEI":1.4583778571012245,"audienceSEIadj":0,"audienceSEIrank":94,"audienceScore":0.23675062420504892,"combinedScore":0.9933876791504694,"combinedScoreRank":20,"engagementSEI":4.322486644001942,"engagementSEIadj":0,"engagementSEIrank":18,"engagementScore":1.0339219330855018,"voiceSEI":10.112359550561797,"voiceSEIadj":0,"voiceSEIrank":20,"voiceScore":1.0204081632653061},"scoped":{"SEI":31.383764113245103,"SEIrank":11,"SEIadj":0,"audienceSEI":7.08463465696537,"audienceSEIadj":0,"audienceSEIrank":82,"audienceScore":0.3750191892463917,"combinedScore":2.1024379540097127,"combinedScoreRank":12,"engagementSEI":31.560283687943265,"engagementSEIadj":0,"engagementSEIrank":12,"engagementScore":2.2007912957467854,"voiceSEI":39.130434782608695,"voiceSEIadj":0,"voiceSEIrank":12,"voiceScore":2.059496567505721}},"instagram":{"entityString":"536575feb08f37d80186a0a7","type":"instagram","profiles":0,"postsMade":0,"repliesMade":0,"repliesRcvd":0,"sharesMade":0,"sharesRcvd":0,"mentionsRcvd":0,"likesRcvd":0,"reachRcvd":0,"audience":0,"voice":0,"conversation":0,"engagement":0,"group_scoped":{"audienceScore":0,"voiceScore":0,"engagementScore":0,"combinedScore":0,"combinedScoreRank":231,"SEIrank":212,"engagementSEIrank":212,"voiceSEIrank":212,"audienceSEIrank":212,"engagementSEI":0,"engagementSEIadj":0,"voiceSEI":0,"voiceSEIadj":0,"audienceSEI":0,"audienceSEIadj":0,"SEI":0,"SEIadj":0},"non_scoped":{"SEI":0,"SEIrank":212,"SEIadj":0,"audienceSEI":0,"audienceSEIadj":0,"audienceSEIrank":212,"audienceScore":0,"combinedScore":0,"combinedScoreRank":212,"engagementSEI":0,"engagementSEIadj":0,"engagementSEIrank":212,"engagementScore":0,"voiceSEI":0,"voiceSEIadj":0,"voiceSEIrank":212,"voiceScore":0},"scoped":{"SEI":0,"SEIrank":191,"SEIadj":0,"audienceSEI":0,"audienceSEIadj":0,"audienceSEIrank":191,"audienceScore":0,"combinedScore":0,"combinedScoreRank":191,"engagementSEI":0,"engagementSEIadj":0,"engagementSEIrank":191,"engagementScore":0,"voiceSEI":0,"voiceSEIadj":0,"voiceSEIrank":191,"voiceScore":0}}},"week":{"boundaryQuantum":4993818,"combined":{"entityString":"536575feb08f37d80186a0a7","type":"combined","profiles":2,"postsMade":57,"repliesMade":0,"repliesRcvd":253,"sharesMade":0,"sharesRcvd":191,"mentionsRcvd":0,"likesRcvd":2304,"reachRcvd":0,"audience":15239,"voice":57,"conversation":310,"engagement":2748,"group_scoped":{"audienceScore":0.6630449159739916,"voiceScore":3.6236490781945325,"engagementScore":2.2597940857208645,"combinedScore":2.2481493768572043,"combinedScoreRank":18,"SEIrank":24,"engagementSEIrank":17,"voiceSEIrank":21,"audienceSEIrank":113,"engagementSEI":2.6865321445330834,"engagementSEIadj":2.6865321445330834,"voiceSEI":9.515859766277128,"voiceSEIadj":9.515859766277128,"audienceSEI":1.0306057234833241,"audienceSEIadj":1.0306057234833241,"SEI":4.56973778895132,"SEIadj":4.56973778895132},"non_scoped":{"SEI":2.3156538069743786,"SEIrank":24,"SEIadj":0,"audienceSEI":0.5987042937458011,"audienceSEIadj":0,"audienceSEIrank":107,"audienceScore":0.11032258587627654,"combinedScore":0.1704888653159384,"combinedScoreRank":29,"engagementSEI":0.3464653099717205,"engagementSEIadj":0,"engagementSEIrank":25,"engagementScore":0.1453106385048868,"voiceSEI":6.826347305389222,"voiceSEIadj":0,"voiceSEIrank":23,"voiceScore":0.6838632273545291},"scoped":{"SEI":13.891961074081983,"SEIrank":21,"SEIadj":0,"audienceSEI":7.816154445857782,"audienceSEIadj":0,"audienceSEIrank":95,"audienceScore":0.3167287175614944,"combinedScore":1.327075325036092,"combinedScoreRank":17,"engagementSEI":9.40516120199877,"engagementSEIadj":0,"engagementSEIrank":18,"engagementScore":1.3765190298245789,"voiceSEI":24.890829694323145,"voiceSEIadj":0,"voiceSEIrank":15,"voiceScore":1.4474352463179279}},"facebook":{"entityString":"536575feb08f37d80186a0a7","type":"facebook","profiles":1,"postsMade":20,"repliesMade":0,"repliesRcvd":253,"sharesMade":0,"sharesRcvd":47,"mentionsRcvd":0,"likesRcvd":1818,"reachRcvd":0,"audience":6982,"voice":20,"conversation":273,"engagement":2118,"group_scoped":{"audienceScore":0.45083176588258617,"voiceScore":4.62962962962963,"engagementScore":2.5053525591738723,"combinedScore":2.508840373032096,"combinedScoreRank":14,"SEIrank":19,"engagementSEIrank":13,"voiceSEIrank":16,"audienceSEIrank":96,"engagementSEI":2.8963706479227636,"engagementSEIadj":2.8963706479227636,"voiceSEI":10.869565217391305,"voiceSEIadj":10.869565217391305,"audienceSEI":0.635651278540351,"audienceSEIadj":0.635651278540351,"SEI":5.062257081825084,"SEIadj":5.062257081825084},"non_scoped":{"SEI":1.9839473437023294,"SEIrank":20,"SEIadj":0,"audienceSEI":0.375995523811524,"audienceSEIadj":0,"audienceSEIrank":98,"audienceScore":0.0717103272525742,"combinedScore":0.15661060150110961,"combinedScoreRank":25,"engagementSEI":0.2940604781606642,"engagementSEIadj":0,"engagementSEIrank":22,"engagementScore":0.13201517613554556,"voiceSEI":5.899705014749262,"voiceSEIadj":0,"voiceSEIrank":18,"voiceScore":0.6842285323297981},"scoped":{"SEI":21.04661523749178,"SEIrank":17,"SEIadj":0,"audienceSEI":4.792630524018067,"audienceSEIadj":0,"audienceSEIrank":86,"audienceScore":0.29395802993387,"combinedScore":1.8067757222805472,"combinedScoreRank":16,"engagementSEI":21.77892030848329,"engagementSEIadj":0,"engagementSEIrank":15,"engagementScore":1.882265116775088,"voiceSEI":25,"voiceSEIadj":0,"voiceSEIrank":10,"voiceScore":1.9607843137254901}},"twitter":{"entityString":"536575feb08f37d80186a0a7","type":"twitter","profiles":1,"postsMade":37,"repliesMade":0,"repliesRcvd":0,"sharesMade":0,"sharesRcvd":144,"mentionsRcvd":0,"likesRcvd":486,"reachRcvd":0,"audience":8257,"voice":37,"conversation":37,"engagement":630,"group_scoped":{"audienceScore":1.2942493134537976,"voiceScore":3.3183856502242155,"engagementScore":4.389020482095583,"combinedScore":4.180750182069926,"combinedScoreRank":43,"SEIrank":53,"engagementSEIrank":47,"voiceSEIrank":40,"audienceSEIrank":133,"engagementSEI":9.765927763137498,"engagementSEIadj":9.765927763137498,"voiceSEI":9.511568123393316,"voiceSEIadj":9.511568123393316,"audienceSEI":3.0743511171842712,"audienceSEIadj":3.0743511171842712,"SEI":9.02046220661892,"SEIadj":9.02046220661892},"non_scoped":{"SEI":5.368268373822849,"SEIrank":27,"SEIadj":0,"audienceSEI":1.4583778571012245,"audienceSEIadj":0,"audienceSEIrank":94,"audienceScore":0.23675062420504892,"combinedScore":0.9620233093836054,"combinedScoreRank":23,"engagementSEI":4.801097393689986,"engagementSEIadj":0,"engagementSEIrank":21,"engagementScore":1.0154411527674803,"voiceSEI":7.805907172995781,"voiceSEIadj":0,"voiceSEIrank":32,"voiceScore":0.7257748136524127},"scoped":{"SEI":24.63765926989234,"SEIrank":18,"SEIadj":0,"audienceSEI":7.08463465696537,"audienceSEIadj":0,"audienceSEIrank":82,"audienceScore":0.3750191892463917,"combinedScore":1.73013051252351,"combinedScoreRank":15,"engagementSEI":29.37062937062937,"engagementSEIadj":0,"engagementSEIrank":15,"engagementScore":1.8289496603379203,"voiceSEI":21.022727272727273,"voiceSEIadj":0,"voiceSEIrank":23,"voiceScore":1.3064971751412429}},"instagram":{"entityString":"536575feb08f37d80186a0a7","type":"instagram","profiles":0,"postsMade":0,"repliesMade":0,"repliesRcvd":0,"sharesMade":0,"sharesRcvd":0,"mentionsRcvd":0,"likesRcvd":0,"reachRcvd":0,"audience":0,"voice":0,"conversation":0,"engagement":0,"group_scoped":{"audienceScore":0,"voiceScore":0,"engagementScore":0,"combinedScore":0,"combinedScoreRank":231,"SEIrank":212,"engagementSEIrank":212,"voiceSEIrank":212,"audienceSEIrank":212,"engagementSEI":0,"engagementSEIadj":0,"voiceSEI":0,"voiceSEIadj":0,"audienceSEI":0,"audienceSEIadj":0,"SEI":0,"SEIadj":0},"non_scoped":{"SEI":0,"SEIrank":212,"SEIadj":0,"audienceSEI":0,"audienceSEIadj":0,"audienceSEIrank":212,"audienceScore":0,"combinedScore":0,"combinedScoreRank":212,"engagementSEI":0,"engagementSEIadj":0,"engagementSEIrank":212,"engagementScore":0,"voiceSEI":0,"voiceSEIadj":0,"voiceSEIrank":212,"voiceScore":0},"scoped":{"SEI":0,"SEIrank":191,"SEIadj":0,"audienceSEI":0,"audienceSEIadj":0,"audienceSEIrank":191,"audienceScore":0,"combinedScore":0,"combinedScoreRank":191,"engagementSEI":0,"engagementSEIadj":0,"engagementSEIrank":191,"engagementScore":0,"voiceSEI":0,"voiceSEIadj":0,"voiceSEIrank":191,"voiceScore":0}}},"month":{"boundaryQuantum":4987194,"combined":{"entityString":"536575feb08f37d80186a0a7","type":"combined","profiles":2,"postsMade":244,"repliesMade":0,"repliesRcvd":417,"sharesMade":0,"sharesRcvd":526,"mentionsRcvd":0,"likesRcvd":4147,"reachRcvd":0,"audience":15239,"voice":244,"conversation":661,"engagement":5090,"group_scoped":{"audienceScore":0.6630449159739916,"voiceScore":3.184547115635604,"engagementScore":0.9460280760316631,"combinedScore":1.0438048700089766,"combinedScoreRank":38,"SEIrank":35,"engagementSEIrank":34,"voiceSEIrank":30,"audienceSEIrank":113,"engagementSEI":1.0997796119441683,"engagementSEIadj":1.0997796119441683,"voiceSEI":8.434151399930867,"voiceSEIadj":8.434151399930867,"audienceSEI":1.0306057234833241,"audienceSEIadj":1.0306057234833241,"SEI":3.2931737594940937,"SEIadj":3.2931737594940937},"non_scoped":{"SEI":2.133940288888725,"SEIrank":29,"SEIadj":0,"audienceSEI":0.5987042937458011,"audienceSEIadj":0,"audienceSEIrank":107,"audienceScore":0.11032258587627654,"combinedScore":0.09014853984922758,"combinedScoreRank":47,"engagementSEI":0.13976297956000747,"engagementSEIadj":0,"engagementSEIrank":52,"engagementScore":0.05847019455985958,"voiceSEI":6.634040239260468,"voiceSEIadj":0,"voiceSEIrank":25,"voiceScore":0.6401847090308024},"scoped":{"SEI":10.91229182343541,"SEIrank":28,"SEIadj":0,"audienceSEI":7.816154445857782,"audienceSEIadj":0,"audienceSEIrank":95,"audienceScore":0.3167287175614944,"combinedScore":0.622296680438335,"combinedScoreRank":41,"engagementSEI":4.202547949503373,"engagementSEIadj":0,"engagementSEIrank":43,"engagementScore":0.5989686912357582,"voiceSEI":25.363825363825367,"voiceSEIadj":0,"voiceSEIrank":17,"voiceScore":1.3477684489615556}},"facebook":{"entityString":"536575feb08f37d80186a0a7","type":"facebook","profiles":1,"postsMade":57,"repliesMade":0,"repliesRcvd":417,"sharesMade":0,"sharesRcvd":89,"mentionsRcvd":0,"likesRcvd":2937,"reachRcvd":0,"audience":6982,"voice":57,"conversation":474,"engagement":3443,"group_scoped":{"audienceScore":0.45083176588258617,"voiceScore":2.8051181102362204,"engagementScore":0.9124929104892956,"combinedScore":0.9840411132463064,"combinedScoreRank":35,"SEIrank":26,"engagementSEIrank":32,"voiceSEIrank":18,"audienceSEIrank":96,"engagementSEI":1.0336173304273166,"engagementSEIadj":1.0336173304273166,"voiceSEI":6.934306569343065,"voiceSEIadj":6.934306569343065,"audienceSEI":0.635651278540351,"audienceSEIadj":0.635651278540351,"SEI":2.7640274969133447,"SEIadj":2.7640274969133447},"non_scoped":{"SEI":1.2278819732967714,"SEIrank":35,"SEIadj":0,"audienceSEI":0.375995523811524,"audienceSEIadj":0,"audienceSEIrank":98,"audienceScore":0.0717103272525742,"combinedScore":0.0660949033334948,"combinedScoreRank":49,"engagementSEI":0.10261591604748407,"engagementSEIadj":0,"engagementSEIrank":51,"engagementScore":0.04561846743678802,"voiceSEI":3.762376237623762,"voiceSEIadj":0,"voiceSEIrank":31,"voiceScore":0.4290553255551373},"scoped":{"SEI":10.060154045499747,"SEIrank":40,"SEIadj":0,"audienceSEI":4.792630524018067,"audienceSEIadj":0,"audienceSEIrank":86,"audienceScore":0.29395802993387,"combinedScore":0.673940049063863,"combinedScoreRank":42,"engagementSEI":9.230563002680965,"engagementSEIadj":0,"engagementSEIrank":42,"engagementScore":0.6647115947093359,"voiceSEI":13.47517730496454,"voiceSEIadj":0,"voiceSEIrank":23,"voiceScore":1.2200342465753424}},"twitter":{"entityString":"536575feb08f37d80186a0a7","type":"twitter","profiles":1,"postsMade":187,"repliesMade":0,"repliesRcvd":0,"sharesMade":0,"sharesRcvd":437,"mentionsRcvd":0,"likesRcvd":1210,"reachRcvd":0,"audience":8257,"voice":187,"conversation":187,"engagement":1647,"group_scoped":{"audienceScore":1.2942493134537976,"voiceScore":3.3833906278270307,"engagementScore":2.627674340688269,"combinedScore":2.5987889036834835,"combinedScoreRank":60,"SEIrank":64,"engagementSEIrank":70,"voiceSEIrank":42,"audienceSEIrank":133,"engagementSEI":5.199520141431999,"engagementSEIadj":5.199520141431999,"voiceSEI":9.502032520325203,"voiceSEIadj":9.502032520325203,"audienceSEI":3.0743511171842712,"audienceSEIadj":3.0743511171842712,"SEI":6.277756952675188,"SEIadj":6.277756952675188},"non_scoped":{"SEI":4.400699581533152,"SEIrank":31,"SEIadj":0,"audienceSEI":1.4583778571012245,"audienceSEIadj":0,"audienceSEIrank":94,"audienceScore":0.23675062420504892,"combinedScore":0.5957473713667238,"combinedScoreRank":36,"engagementSEI":2.6284291664671806,"engagementSEIadj":0,"engagementSEIrank":34,"engagementScore":0.6048276039352353,"voiceSEI":8.92601431980907,"voiceSEIadj":0,"voiceSEIrank":28,"voiceScore":0.7912999322951929},"scoped":{"SEI":17.56818658269875,"SEIrank":24,"SEIadj":0,"audienceSEI":7.08463465696537,"audienceSEIadj":0,"audienceSEIrank":82,"audienceScore":0.3750191892463917,"combinedScore":1.1333835055952106,"combinedScoreRank":26,"engagementSEI":14.449903491840674,"engagementSEIadj":0,"engagementSEIrank":26,"engagementScore":1.1592305580776623,"voiceSEI":27.299270072992698,"voiceSEIadj":0,"voiceSEIrank":19,"voiceScore":1.4265008772598977}},"instagram":{"entityString":"536575feb08f37d80186a0a7","type":"instagram","profiles":0,"postsMade":0,"repliesMade":0,"repliesRcvd":0,"sharesMade":0,"sharesRcvd":0,"mentionsRcvd":0,"likesRcvd":0,"reachRcvd":0,"audience":0,"voice":0,"conversation":0,"engagement":0,"group_scoped":{"audienceScore":0,"voiceScore":0,"engagementScore":0,"combinedScore":0,"combinedScoreRank":231,"SEIrank":212,"engagementSEIrank":212,"voiceSEIrank":212,"audienceSEIrank":212,"engagementSEI":0,"engagementSEIadj":0,"voiceSEI":0,"voiceSEIadj":0,"audienceSEI":0,"audienceSEIadj":0,"SEI":0,"SEIadj":0},"non_scoped":{"SEI":0,"SEIrank":212,"SEIadj":0,"audienceSEI":0,"audienceSEIadj":0,"audienceSEIrank":212,"audienceScore":0,"combinedScore":0,"combinedScoreRank":212,"engagementSEI":0,"engagementSEIadj":0,"engagementSEIrank":212,"engagementScore":0,"voiceSEI":0,"voiceSEIadj":0,"voiceSEIrank":212,"voiceScore":0},"scoped":{"SEI":0,"SEIrank":191,"SEIadj":0,"audienceSEI":0,"audienceSEIadj":0,"audienceSEIrank":191,"audienceScore":0,"combinedScore":0,"combinedScoreRank":191,"engagementSEI":0,"engagementSEIadj":0,"engagementSEIrank":191,"engagementScore":0,"voiceSEI":0,"voiceSEIadj":0,"voiceSEIrank":191,"voiceScore":0}}},"quarter":{"boundaryQuantum":4969914,"combined":{"entityString":"536575feb08f37d80186a0a7","type":"combined","profiles":2,"postsMade":813,"repliesMade":0,"repliesRcvd":1401,"sharesMade":0,"sharesRcvd":2507,"mentionsRcvd":0,"likesRcvd":14618,"reachRcvd":0,"audience":15239,"voice":813,"conversation":2214,"engagement":18526,"group_scoped":{"audienceScore":0.6630449159739916,"voiceScore":3.803508771929825,"engagementScore":1.0300926505119048,"combinedScore":1.1504110698559051,"combinedScoreRank":31,"SEIrank":30,"engagementSEIrank":30,"voiceSEIrank":23,"audienceSEIrank":113,"engagementSEI":1.16361379779902,"engagementSEIadj":1.16361379779902,"voiceSEI":9.182290490173934,"voiceSEIadj":9.182290490173934,"audienceSEI":1.0306057234833241,"audienceSEIadj":1.0306057234833241,"SEI":3.555915998079924,"SEIadj":3.555915998079924},"non_scoped":{"SEI":2.435839582869342,"SEIrank":24,"SEIadj":0,"audienceSEI":0.5987042937458011,"audienceSEIadj":0,"audienceSEIrank":107,"audienceScore":0.11032258587627654,"combinedScore":0.10225595433445486,"combinedScoreRank":41,"engagementSEI":0.16265760363715256,"engagementSEIadj":0,"engagementSEIrank":46,"engagementScore":0.06696920775636887,"voiceSEI":7.59458197104157,"voiceSEIadj":0,"voiceSEIrank":20,"voiceScore":0.7293507611981807},"scoped":{"SEI":12.676495079032104,"SEIrank":25,"SEIadj":0,"audienceSEI":7.816154445857782,"audienceSEIadj":0,"audienceSEIrank":95,"audienceScore":0.3167287175614944,"combinedScore":0.7071156658279245,"combinedScoreRank":38,"engagementSEI":4.841386195019587,"engagementSEIadj":0,"engagementSEIrank":37,"engagementScore":0.6822492201971695,"voiceSEI":29.96682639144858,"voiceSEIadj":0,"voiceSEIrank":12,"voiceScore":1.5450986354479457}},"facebook":{"entityString":"536575feb08f37d80186a0a7","type":"facebook","profiles":1,"postsMade":191,"repliesMade":0,"repliesRcvd":1401,"sharesMade":0,"sharesRcvd":812,"mentionsRcvd":0,"likesRcvd":10423,"reachRcvd":0,"audience":6982,"voice":191,"conversation":1592,"engagement":12636,"group_scoped":{"audienceScore":0.45083176588258617,"voiceScore":3.1198954590003267,"engagementScore":0.9568457710915357,"combinedScore":1.0396975552265277,"combinedScoreRank":31,"SEIrank":27,"engagementSEIrank":30,"voiceSEIrank":19,"audienceSEIrank":96,"engagementSEI":1.063274778610641,"engagementSEIadj":1.063274778610641,"voiceSEI":7.1268656716417915,"voiceSEIadj":7.1268656716417915,"audienceSEI":0.635651278540351,"audienceSEIadj":0.635651278540351,"SEI":2.8395896965129572,"SEIadj":2.8395896965129572},"non_scoped":{"SEI":1.3622193452299403,"SEIrank":33,"SEIadj":0,"audienceSEI":0.375995523811524,"audienceSEIadj":0,"audienceSEIrank":98,"audienceScore":0.0717103272525742,"combinedScore":0.07388893887502013,"combinedScoreRank":46,"engagementSEI":0.11798411864294735,"engagementSEIadj":0,"engagementSEIrank":47,"engagementScore":0.05155061020729823,"voiceSEI":4.179431072210066,"voiceSEIadj":0,"voiceSEIrank":29,"voiceScore":0.4781574665164602},"scoped":{"SEI":13.172097714799822,"SEIrank":39,"SEIadj":0,"audienceSEI":4.792630524018067,"audienceSEIadj":0,"audienceSEIrank":86,"audienceScore":0.29395802993387,"combinedScore":0.722947334808717,"combinedScoreRank":38,"engagementSEI":10.951732984338571,"engagementSEIadj":0,"engagementSEIrank":38,"engagementScore":0.71274542928585,"voiceSEI":20.405982905982906,"voiceSEIadj":0,"voiceSEIrank":21,"voiceScore":1.335570939095168}},"twitter":{"entityString":"536575feb08f37d80186a0a7","type":"twitter","profiles":1,"postsMade":622,"repliesMade":0,"repliesRcvd":0,"sharesMade":0,"sharesRcvd":1695,"mentionsRcvd":0,"likesRcvd":4195,"reachRcvd":0,"audience":8257,"voice":622,"conversation":622,"engagement":5890,"group_scoped":{"audienceScore":1.2942493134537976,"voiceScore":4.153866702283959,"engagementScore":3.370259321141654,"combinedScore":3.3056391898143764,"combinedScoreRank":45,"SEIrank":54,"engagementSEIrank":61,"voiceSEIrank":36,"audienceSEIrank":133,"engagementSEI":5.856093220254725,"engagementSEIadj":5.856093220254725,"voiceSEI":10.551314673452078,"voiceSEIadj":10.551314673452078,"audienceSEI":3.0743511171842712,"audienceSEIadj":3.0743511171842712,"SEI":6.986485445906885,"SEIadj":6.986485445906885},"non_scoped":{"SEI":5.170916100407343,"SEIrank":25,"SEIadj":0,"audienceSEI":1.4583778571012245,"audienceSEIadj":0,"audienceSEIrank":94,"audienceScore":0.23675062420504892,"combinedScore":0.730152830652079,"combinedScoreRank":26,"engagementSEI":3.186608669306845,"engagementSEIadj":0,"engagementSEIrank":25,"engagementScore":0.7478310993625026,"voiceSEI":10.377043710377045,"voiceSEIadj":0,"voiceSEIrank":25,"voiceScore":0.9053462003114857},"scoped":{"SEI":22.235322332953487,"SEIrank":16,"SEIadj":0,"audienceSEI":7.08463465696537,"audienceSEIadj":0,"audienceSEIrank":82,"audienceScore":0.3750191892463917,"combinedScore":1.4382536292178896,"combinedScoreRank":18,"engagementSEI":19.405640484976278,"engagementSEIadj":0,"engagementSEIrank":17,"engagementScore":1.4852021917448983,"voiceSEI":32.94491525423729,"voiceSEIadj":0,"voiceSEIrank":16,"voiceScore":1.6564139437032301}},"instagram":{"entityString":"536575feb08f37d80186a0a7","type":"instagram","profiles":0,"postsMade":0,"repliesMade":0,"repliesRcvd":0,"sharesMade":0,"sharesRcvd":0,"mentionsRcvd":0,"likesRcvd":0,"reachRcvd":0,"audience":0,"voice":0,"conversation":0,"engagement":0,"group_scoped":{"audienceScore":0,"voiceScore":0,"engagementScore":0,"combinedScore":0,"combinedScoreRank":231,"SEIrank":212,"engagementSEIrank":212,"voiceSEIrank":212,"audienceSEIrank":212,"engagementSEI":0,"engagementSEIadj":0,"voiceSEI":0,"voiceSEIadj":0,"audienceSEI":0,"audienceSEIadj":0,"SEI":0,"SEIadj":0},"non_scoped":{"SEI":0,"SEIrank":212,"SEIadj":0,"audienceSEI":0,"audienceSEIadj":0,"audienceSEIrank":212,"audienceScore":0,"combinedScore":0,"combinedScoreRank":212,"engagementSEI":0,"engagementSEIadj":0,"engagementSEIrank":212,"engagementScore":0,"voiceSEI":0,"voiceSEIadj":0,"voiceSEIrank":212,"voiceScore":0},"scoped":{"SEI":0,"SEIrank":191,"SEIadj":0,"audienceSEI":0,"audienceSEIadj":0,"audienceSEIrank":191,"audienceScore":0,"combinedScore":0,"combinedScoreRank":191,"engagementSEI":0,"engagementSEIadj":0,"engagementSEIrank":191,"engagementScore":0,"voiceSEI":0,"voiceSEIadj":0,"voiceSEIrank":191,"voiceScore":0}}},"blended":{"combined":{"non_scoped":{"SEI":2.3906334501873903,"SEIadj":60.956253380074955,"SEIrank":23,"audienceSEI":0.5987042937458013,"audienceSEIadj":50.2993521468729,"audienceSEIrank":107,"engagementSEI":0.22472840077744655,"engagementSEIadj":60.08989136031098,"engagementSEIrank":35,"voiceSEI":7.319753267821141,"voiceSEIadj":72.19592598034635,"voiceSEIrank":20},"scoped":{"SEI":19.287201527396206,"SEIadj":67.71488061095849,"SEIrank":31,"compCharisma":0,"compInfluence":9,"compEva":10.287201527396206,"audienceSEI":7.816154445857782,"audienceSEIadj":53.90807722292889,"audienceSEIrank":95,"engagementSEI":6.83304581412332,"engagementSEIadj":62.733218325649325,"engagementSEIrank":27,"voiceSEI":28.84782850118763,"voiceSEIadj":78.65434855035629,"voiceSEIrank":11}},"facebook":{"non_scoped":{"SEI":1.5856908648435672,"SEIadj":60.63427634593743,"SEIrank":29,"audienceSEI":0.375995523811524,"audienceSEIadj":50.18799776190576,"audienceSEIrank":98,"engagementSEI":0.17876650995673116,"engagementSEIadj":60.07150660398269,"engagementSEIrank":41,"voiceSEI":4.802771354961255,"voiceSEIadj":61.9211085419845,"voiceSEIrank":22},"scoped":{"SEI":15.534898300809258,"SEIadj":66.21395932032371,"SEIrank":28,"audienceSEI":4.792630524018067,"audienceSEIadj":52.39631526200903,"audienceSEIrank":86,"engagementSEI":14.188924722977688,"engagementSEIadj":65.67556988919108,"engagementSEIrank":33,"voiceSEI":21.807601382069468,"voiceSEIadj":76.54228041462083,"voiceSEIrank":14}},"twitter":{"non_scoped":{"SEI":5.144695381444491,"SEIadj":62.0578781525778,"SEIrank":26,"audienceSEI":1.4583778571012245,"audienceSEIadj":50.72918892855061,"audienceSEIrank":94,"engagementSEI":3.6440222599305927,"engagementSEIadj":61.457608903972236,"engagementSEIrank":24,"voiceSEI":9.374814132586707,"voiceSEIadj":63.74992565303468,"voiceSEIrank":25},"scoped":{"SEI":22.713375140511513,"SEIadj":76.81401254215345,"SEIrank":18,"audienceSEI":7.0846346569653695,"audienceSEIadj":53.54231732848268,"audienceSEIrank":82,"engagementSEI":22.259508761850213,"engagementSEIadj":76.67785262855506,"engagementSEIrank":16,"voiceSEI":28.830688059016165,"voiceSEIadj":78.64920641770485,"voiceSEIrank":16}},"instagram":{"non_scoped":{"SEI":0,"SEIadj":0,"SEIrank":212,"audienceSEI":0,"audienceSEIadj":0,"audienceSEIrank":212,"engagementSEI":0,"engagementSEIadj":0,"engagementSEIrank":212,"voiceSEI":0,"voiceSEIadj":0,"voiceSEIrank":212},"scoped":{"SEI":0,"SEIadj":0,"SEIrank":191,"audienceSEI":0,"audienceSEIadj":0,"audienceSEIrank":191,"engagementSEI":0,"engagementSEIadj":0,"engagementSEIrank":191,"voiceSEI":0,"voiceSEIadj":0,"voiceSEIrank":191}},"influence":{"instagram":{"scope":"individual","ratio":0,"calculated":false},"combined":{"ratio":1.94,"bottom":false,"scope":"individual","calculated":true},"facebook":{"ratio":2,"bottom":false,"scope":"individual","calculated":true},"twitter":{"ratio":2,"bottom":false,"scope":"individual","calculated":true}},"charisma":{"instagram":{"scope":"individual","ratio":0,"calculated":false},"combined":{"ratio":0.41,"bottom":false,"scope":"individual","calculated":true},"facebook":{"ratio":0.51,"bottom":false,"scope":"individual","calculated":true},"twitter":{"ratio":0.96,"bottom":false,"scope":"individual","calculated":true}}},"scope":"individual"}}