{"scoreEntityString":"591d1494ab33fb0001804f89.asset.536575ffb08f37d80186dfb9","timeQuantum":4995834,"scoreEntityType":"asset","scoreProfileID":"591d1494ab33fb0001804f89","data":{"scoreEntityString":"591d1494ab33fb0001804f89.asset.536575ffb08f37d80186dfb9","scoreProfileID":"591d1494ab33fb0001804f89","scoreEntityType":"asset","entityID":"asset.536575ffb08f37d80186dfb9","object_version":"1.2","score_engine_version":"3.0.20","timestamp":4995834,"start_quantum":4969914,"end_quantum":4995833,"schedule_options":{"interval":15,"offset":"1"},"_15min":{"boundaryQuantum":4995831,"combined":{"entityString":"536575ffb08f37d80186dfb9","type":"combined","profiles":2,"postsMade":0,"repliesMade":0,"repliesRcvd":0,"sharesMade":0,"sharesRcvd":0,"mentionsRcvd":0,"likesRcvd":0,"reachRcvd":0,"audience":2378,"voice":0,"conversation":0,"engagement":0,"group_scoped":{"audienceScore":0.5416597383724241,"voiceScore":0,"engagementScore":0,"combinedScore":0.5416597383724241,"engagementSEI":0,"engagementSEIadj":0,"voiceSEI":0,"voiceSEIadj":0,"audienceSEI":1.4590031167938744,"audienceSEIadj":1.4590031167938744,"SEI":0.14590031167938744,"SEIadj":0.14590031167938744,"combinedScoreRank":120,"SEIrank":92,"engagementSEIrank":95,"voiceSEIrank":89,"audienceSEIrank":89},"non_scoped":{"SEI":0.009342599977213172,"SEIrank":208,"SEIadj":0,"audienceSEI":0.09342599977213172,"audienceSEIadj":0,"audienceSEIrank":208,"audienceScore":0.01721550687143419,"combinedScore":0.0008607753435717095,"combinedScoreRank":208,"engagementSEI":0,"engagementSEIadj":0,"engagementSEIrank":95,"engagementScore":0,"voiceSEI":0,"voiceSEIadj":0,"voiceSEIrank":89,"voiceScore":0},"scoped":{"SEI":0.12196873333059784,"SEIrank":189,"SEIadj":0,"audienceSEI":1.2196873333059783,"audienceSEIadj":0,"audienceSEIrank":189,"audienceScore":0.049424561346626004,"combinedScore":0.0024712280673313005,"combinedScoreRank":189,"engagementSEI":0,"engagementSEIadj":0,"engagementSEIrank":84,"engagementScore":0,"voiceSEI":0,"voiceSEIadj":0,"voiceSEIrank":81,"voiceScore":0}},"facebook":{"entityString":"536575ffb08f37d80186dfb9","type":"facebook","profiles":1,"postsMade":0,"repliesMade":0,"repliesRcvd":0,"sharesMade":0,"sharesRcvd":0,"mentionsRcvd":0,"likesRcvd":0,"reachRcvd":0,"audience":1,"voice":0,"conversation":0,"engagement":0,"group_scoped":{"audienceScore":0.00039162548072027754,"voiceScore":0,"engagementScore":0,"combinedScore":0.00039162548072027754,"engagementSEI":0,"engagementSEIadj":0,"voiceSEI":0,"voiceSEIadj":0,"audienceSEI":0.0007638719139574676,"audienceSEIadj":0.0007638719139574676,"SEI":0.00007638719139574677,"SEIadj":0.00007638719139574677,"combinedScoreRank":173,"SEIrank":173,"engagementSEIrank":93,"voiceSEIrank":88,"audienceSEIrank":173},"non_scoped":{"SEI":0.000005385212314688114,"SEIrank":185,"SEIadj":0,"audienceSEI":0.00005385212314688113,"audienceSEIadj":0,"audienceSEIrank":185,"audienceScore":0.000010270742946515928,"combinedScore":5.135371473257964e-7,"combinedScoreRank":185,"engagementSEI":0,"engagementSEIadj":0,"engagementSEIrank":93,"engagementScore":0,"voiceSEI":0,"voiceSEIadj":0,"voiceSEIrank":88,"voiceScore":0},"scoped":{"SEI":0.00006864266004036188,"SEIrank":167,"SEIadj":0,"audienceSEI":0.0006864266004036188,"audienceSEIadj":0,"audienceSEIrank":167,"audienceScore":0.00004210226724919364,"combinedScore":0.000002105113362459682,"combinedScoreRank":167,"engagementSEI":0,"engagementSEIadj":0,"engagementSEIrank":82,"engagementScore":0,"voiceSEI":0,"voiceSEIadj":0,"voiceSEIrank":81,"voiceScore":0}},"twitter":{"entityString":"536575ffb08f37d80186dfb9","type":"twitter","profiles":1,"postsMade":0,"repliesMade":0,"repliesRcvd":0,"sharesMade":0,"sharesRcvd":0,"mentionsRcvd":0,"likesRcvd":0,"reachRcvd":0,"audience":2377,"voice":0,"conversation":0,"engagement":0,"group_scoped":{"audienceScore":1.2941336599972777,"voiceScore":0,"engagementScore":0,"combinedScore":1.2941336599972777,"engagementSEI":0,"engagementSEIadj":0,"voiceSEI":0,"voiceSEIadj":0,"audienceSEI":2.8448667927328435,"audienceSEIadj":2.8448667927328435,"SEI":0.28448667927328436,"SEIadj":0.28448667927328436,"combinedScoreRank":113,"SEIrank":139,"engagementSEIrank":90,"voiceSEIrank":89,"audienceSEIrank":138},"non_scoped":{"SEI":0.04198333736623,"SEIrank":190,"SEIadj":0,"audienceSEI":0.4198333736623,"audienceSEIadj":0,"audienceSEIrank":190,"audienceScore":0.06815504829058995,"combinedScore":0.0034077524145294975,"combinedScoreRank":190,"engagementSEI":0,"engagementSEIadj":0,"engagementSEIrank":90,"engagementScore":0,"voiceSEI":0,"voiceSEIadj":0,"voiceSEIrank":89,"voiceScore":0},"scoped":{"SEI":0.20395030373751588,"SEIrank":173,"SEIadj":0,"audienceSEI":2.039503037375159,"audienceSEIadj":0,"audienceSEIrank":173,"audienceScore":0.10795938147495134,"combinedScore":0.015422768782135905,"combinedScoreRank":173,"engagementSEI":0,"engagementSEIadj":0,"engagementSEIrank":82,"engagementScore":0,"voiceSEI":0,"voiceSEIadj":0,"voiceSEIrank":81,"voiceScore":0}},"instagram":{"entityString":"536575ffb08f37d80186dfb9","type":"instagram","profiles":0,"postsMade":0,"repliesMade":0,"repliesRcvd":0,"sharesMade":0,"sharesRcvd":0,"mentionsRcvd":0,"likesRcvd":0,"reachRcvd":0,"audience":0,"voice":0,"conversation":0,"engagement":0,"group_scoped":{"audienceScore":null,"voiceScore":0,"engagementScore":0,"combinedScore":null,"engagementSEI":0,"engagementSEIadj":0,"voiceSEI":0,"voiceSEIadj":0,"audienceSEI":0,"audienceSEIadj":0,"SEI":0,"SEIadj":0,"combinedScoreRank":26,"SEIrank":113,"engagementSEIrank":91,"voiceSEIrank":88,"audienceSEIrank":113},"non_scoped":{"SEI":0,"SEIrank":113,"SEIadj":0,"audienceSEI":0,"audienceSEIadj":0,"audienceSEIrank":113,"audienceScore":0,"combinedScore":0,"combinedScoreRank":113,"engagementSEI":0,"engagementSEIadj":0,"engagementSEIrank":91,"engagementScore":0,"voiceSEI":0,"voiceSEIadj":0,"voiceSEIrank":88,"voiceScore":0},"scoped":{"SEI":0,"SEIrank":103,"SEIadj":0,"audienceSEI":0,"audienceSEIadj":0,"audienceSEIrank":103,"audienceScore":0,"combinedScore":0,"combinedScoreRank":103,"engagementSEI":0,"engagementSEIadj":0,"engagementSEIrank":82,"engagementScore":0,"voiceSEI":0,"voiceSEIadj":0,"voiceSEIrank":81,"voiceScore":0}}},"hour":{"boundaryQuantum":4995822,"combined":{"entityString":"536575ffb08f37d80186dfb9","type":"combined","profiles":2,"postsMade":0,"repliesMade":0,"repliesRcvd":0,"sharesMade":0,"sharesRcvd":0,"mentionsRcvd":0,"likesRcvd":0,"reachRcvd":0,"audience":2378,"voice":0,"conversation":0,"engagement":0,"group_scoped":{"audienceScore":0.5416597383724241,"voiceScore":0,"engagementScore":0,"combinedScore":0.5416597383724241,"combinedScoreRank":105,"SEIrank":109,"engagementSEIrank":130,"voiceSEIrank":98,"audienceSEIrank":89,"engagementSEI":0,"engagementSEIadj":0,"voiceSEI":0,"voiceSEIadj":0,"audienceSEI":1.4590031167938744,"audienceSEIadj":1.4590031167938744,"SEI":0.14590031167938744,"SEIadj":0.14590031167938744},"non_scoped":{"SEI":0.009342599977213172,"SEIrank":208,"SEIadj":0,"audienceSEI":0.09342599977213172,"audienceSEIadj":0,"audienceSEIrank":208,"audienceScore":0.01721550687143419,"combinedScore":0.0008607753435717095,"combinedScoreRank":208,"engagementSEI":0,"engagementSEIadj":0,"engagementSEIrank":130,"engagementScore":0,"voiceSEI":0,"voiceSEIadj":0,"voiceSEIrank":98,"voiceScore":0},"scoped":{"SEI":0.12196873333059784,"SEIrank":189,"SEIadj":0,"audienceSEI":1.2196873333059783,"audienceSEIadj":0,"audienceSEIrank":189,"audienceScore":0.049424561346626004,"combinedScore":0.0024712280673313005,"combinedScoreRank":189,"engagementSEI":0,"engagementSEIadj":0,"engagementSEIrank":118,"engagementScore":0,"voiceSEI":0,"voiceSEIadj":0,"voiceSEIrank":87,"voiceScore":0}},"facebook":{"entityString":"536575ffb08f37d80186dfb9","type":"facebook","profiles":1,"postsMade":0,"repliesMade":0,"repliesRcvd":0,"sharesMade":0,"sharesRcvd":0,"mentionsRcvd":0,"likesRcvd":0,"reachRcvd":0,"audience":1,"voice":0,"conversation":0,"engagement":0,"group_scoped":{"audienceScore":0.00039162548072027754,"voiceScore":0,"engagementScore":0,"combinedScore":0.00039162548072027754,"combinedScoreRank":173,"SEIrank":173,"engagementSEIrank":115,"voiceSEIrank":94,"audienceSEIrank":173,"engagementSEI":0,"engagementSEIadj":0,"voiceSEI":0,"voiceSEIadj":0,"audienceSEI":0.0007638719139574676,"audienceSEIadj":0.0007638719139574676,"SEI":0.00007638719139574677,"SEIadj":0.00007638719139574677},"non_scoped":{"SEI":0.000005385212314688114,"SEIrank":185,"SEIadj":0,"audienceSEI":0.00005385212314688113,"audienceSEIadj":0,"audienceSEIrank":185,"audienceScore":0.000010270742946515928,"combinedScore":5.135371473257964e-7,"combinedScoreRank":185,"engagementSEI":0,"engagementSEIadj":0,"engagementSEIrank":115,"engagementScore":0,"voiceSEI":0,"voiceSEIadj":0,"voiceSEIrank":94,"voiceScore":0},"scoped":{"SEI":0.00006864266004036188,"SEIrank":167,"SEIadj":0,"audienceSEI":0.0006864266004036188,"audienceSEIadj":0,"audienceSEIrank":167,"audienceScore":0.00004210226724919364,"combinedScore":0.000002105113362459682,"combinedScoreRank":167,"engagementSEI":0,"engagementSEIadj":0,"engagementSEIrank":103,"engagementScore":0,"voiceSEI":0,"voiceSEIadj":0,"voiceSEIrank":83,"voiceScore":0}},"twitter":{"entityString":"536575ffb08f37d80186dfb9","type":"twitter","profiles":1,"postsMade":0,"repliesMade":0,"repliesRcvd":0,"sharesMade":0,"sharesRcvd":0,"mentionsRcvd":0,"likesRcvd":0,"reachRcvd":0,"audience":2377,"voice":0,"conversation":0,"engagement":0,"group_scoped":{"audienceScore":1.2941336599972777,"voiceScore":0,"engagementScore":0,"combinedScore":1.2941336599972777,"combinedScoreRank":119,"SEIrank":150,"engagementSEIrank":107,"voiceSEIrank":97,"audienceSEIrank":138,"engagementSEI":0,"engagementSEIadj":0,"voiceSEI":0,"voiceSEIadj":0,"audienceSEI":2.8448667927328435,"audienceSEIadj":2.8448667927328435,"SEI":0.28448667927328436,"SEIadj":0.28448667927328436},"non_scoped":{"SEI":0.04198333736623,"SEIrank":191,"SEIadj":0,"audienceSEI":0.4198333736623,"audienceSEIadj":0,"audienceSEIrank":190,"audienceScore":0.06815504829058995,"combinedScore":0.0034077524145294975,"combinedScoreRank":191,"engagementSEI":0,"engagementSEIadj":0,"engagementSEIrank":107,"engagementScore":0,"voiceSEI":0,"voiceSEIadj":0,"voiceSEIrank":97,"voiceScore":0},"scoped":{"SEI":0.20395030373751588,"SEIrank":174,"SEIadj":0,"audienceSEI":2.039503037375159,"audienceSEIadj":0,"audienceSEIrank":173,"audienceScore":0.10795938147495134,"combinedScore":0.005397969073747567,"combinedScoreRank":174,"engagementSEI":0,"engagementSEIadj":0,"engagementSEIrank":95,"engagementScore":0,"voiceSEI":0,"voiceSEIadj":0,"voiceSEIrank":86,"voiceScore":0}},"instagram":{"entityString":"536575ffb08f37d80186dfb9","type":"instagram","profiles":0,"postsMade":0,"repliesMade":0,"repliesRcvd":0,"sharesMade":0,"sharesRcvd":0,"mentionsRcvd":0,"likesRcvd":0,"reachRcvd":0,"audience":0,"voice":0,"conversation":0,"engagement":0,"group_scoped":{"audienceScore":null,"voiceScore":0,"engagementScore":0,"combinedScore":null,"combinedScoreRank":26,"SEIrank":113,"engagementSEIrank":95,"voiceSEIrank":90,"audienceSEIrank":113,"engagementSEI":0,"engagementSEIadj":0,"voiceSEI":0,"voiceSEIadj":0,"audienceSEI":0,"audienceSEIadj":0,"SEI":0,"SEIadj":0},"non_scoped":{"SEI":0,"SEIrank":113,"SEIadj":0,"audienceSEI":0,"audienceSEIadj":0,"audienceSEIrank":113,"audienceScore":0,"combinedScore":0,"combinedScoreRank":113,"engagementSEI":0,"engagementSEIadj":0,"engagementSEIrank":95,"engagementScore":0,"voiceSEI":0,"voiceSEIadj":0,"voiceSEIrank":90,"voiceScore":0},"scoped":{"SEI":0,"SEIrank":103,"SEIadj":0,"audienceSEI":0,"audienceSEIadj":0,"audienceSEIrank":103,"audienceScore":0,"combinedScore":0,"combinedScoreRank":103,"engagementSEI":0,"engagementSEIadj":0,"engagementSEIrank":85,"engagementScore":0,"voiceSEI":0,"voiceSEIadj":0,"voiceSEIrank":81,"voiceScore":0}}},"today":{"boundaryQuantum":4995546,"combined":{"entityString":"536575ffb08f37d80186dfb9","type":"combined","profiles":2,"postsMade":0,"repliesMade":0,"repliesRcvd":0,"sharesMade":0,"sharesRcvd":0,"mentionsRcvd":0,"likesRcvd":0,"reachRcvd":0,"audience":2378,"voice":0,"conversation":0,"engagement":0,"group_scoped":{"audienceScore":0.5416597383724241,"voiceScore":0,"engagementScore":0,"combinedScore":0.5416597383724241,"combinedScoreRank":69,"SEIrank":158,"engagementSEIrank":195,"voiceSEIrank":178,"audienceSEIrank":89,"engagementSEI":0,"engagementSEIadj":0,"voiceSEI":0,"voiceSEIadj":0,"audienceSEI":1.4590031167938744,"audienceSEIadj":1.4590031167938744,"SEI":0.14590031167938744,"SEIadj":0.14590031167938744},"non_scoped":{"SEI":0.009342599977213172,"SEIrank":214,"SEIadj":0,"audienceSEI":0.09342599977213172,"audienceSEIadj":0,"audienceSEIrank":208,"audienceScore":0.01721550687143419,"combinedScore":0.0008607753435717095,"combinedScoreRank":214,"engagementSEI":0,"engagementSEIadj":0,"engagementSEIrank":195,"engagementScore":0,"voiceSEI":0,"voiceSEIadj":0,"voiceSEIrank":178,"voiceScore":0},"scoped":{"SEI":0.12196873333059784,"SEIrank":193,"SEIadj":0,"audienceSEI":1.2196873333059783,"audienceSEIadj":0,"audienceSEIrank":189,"audienceScore":0.049424561346626004,"combinedScore":0.0024712280673313005,"combinedScoreRank":193,"engagementSEI":0,"engagementSEIadj":0,"engagementSEIrank":181,"engagementScore":0,"voiceSEI":0,"voiceSEIadj":0,"voiceSEIrank":163,"voiceScore":0}},"facebook":{"entityString":"536575ffb08f37d80186dfb9","type":"facebook","profiles":1,"postsMade":0,"repliesMade":0,"repliesRcvd":0,"sharesMade":0,"sharesRcvd":0,"mentionsRcvd":0,"likesRcvd":0,"reachRcvd":0,"audience":1,"voice":0,"conversation":0,"engagement":0,"group_scoped":{"audienceScore":0.00039162548072027754,"voiceScore":0,"engagementScore":0,"combinedScore":0.00039162548072027754,"combinedScoreRank":173,"SEIrank":173,"engagementSEIrank":149,"voiceSEIrank":134,"audienceSEIrank":173,"engagementSEI":0,"engagementSEIadj":0,"voiceSEI":0,"voiceSEIadj":0,"audienceSEI":0.0007638719139574676,"audienceSEIadj":0.0007638719139574676,"SEI":0.00007638719139574677,"SEIadj":0.00007638719139574677},"non_scoped":{"SEI":0.000005385212314688114,"SEIrank":185,"SEIadj":0,"audienceSEI":0.00005385212314688113,"audienceSEIadj":0,"audienceSEIrank":185,"audienceScore":0.000010270742946515928,"combinedScore":5.135371473257964e-7,"combinedScoreRank":185,"engagementSEI":0,"engagementSEIadj":0,"engagementSEIrank":149,"engagementScore":0,"voiceSEI":0,"voiceSEIadj":0,"voiceSEIrank":134,"voiceScore":0},"scoped":{"SEI":0.00006864266004036188,"SEIrank":167,"SEIadj":0,"audienceSEI":0.0006864266004036188,"audienceSEIadj":0,"audienceSEIrank":167,"audienceScore":0.00004210226724919364,"combinedScore":0.000002105113362459682,"combinedScoreRank":167,"engagementSEI":0,"engagementSEIadj":0,"engagementSEIrank":137,"engagementScore":0,"voiceSEI":0,"voiceSEIadj":0,"voiceSEIrank":122,"voiceScore":0}},"twitter":{"entityString":"536575ffb08f37d80186dfb9","type":"twitter","profiles":1,"postsMade":0,"repliesMade":0,"repliesRcvd":0,"sharesMade":0,"sharesRcvd":0,"mentionsRcvd":0,"likesRcvd":0,"reachRcvd":0,"audience":2377,"voice":0,"conversation":0,"engagement":0,"group_scoped":{"audienceScore":1.2941336599972777,"voiceScore":0,"engagementScore":0,"combinedScore":1.2941336599972777,"combinedScoreRank":95,"SEIrank":183,"engagementSEIrank":181,"voiceSEIrank":166,"audienceSEIrank":138,"engagementSEI":0,"engagementSEIadj":0,"voiceSEI":0,"voiceSEIadj":0,"audienceSEI":2.8448667927328435,"audienceSEIadj":2.8448667927328435,"SEI":0.28448667927328436,"SEIadj":0.28448667927328436},"non_scoped":{"SEI":0.04198333736623,"SEIrank":201,"SEIadj":0,"audienceSEI":0.4198333736623,"audienceSEIadj":0,"audienceSEIrank":190,"audienceScore":0.06815504829058995,"combinedScore":0.0034077524145294975,"combinedScoreRank":201,"engagementSEI":0,"engagementSEIadj":0,"engagementSEIrank":181,"engagementScore":0,"voiceSEI":0,"voiceSEIadj":0,"voiceSEIrank":166,"voiceScore":0},"scoped":{"SEI":0.20395030373751588,"SEIrank":182,"SEIadj":0,"audienceSEI":2.039503037375159,"audienceSEIadj":0,"audienceSEIrank":173,"audienceScore":0.10795938147495134,"combinedScore":0.005397969073747567,"combinedScoreRank":182,"engagementSEI":0,"engagementSEIadj":0,"engagementSEIrank":167,"engagementScore":0,"voiceSEI":0,"voiceSEIadj":0,"voiceSEIrank":151,"voiceScore":0}},"instagram":{"entityString":"536575ffb08f37d80186dfb9","type":"instagram","profiles":0,"postsMade":0,"repliesMade":0,"repliesRcvd":0,"sharesMade":0,"sharesRcvd":0,"mentionsRcvd":0,"likesRcvd":0,"reachRcvd":0,"audience":0,"voice":0,"conversation":0,"engagement":0,"group_scoped":{"audienceScore":null,"voiceScore":0,"engagementScore":0,"combinedScore":null,"combinedScoreRank":26,"SEIrank":113,"engagementSEIrank":108,"voiceSEIrank":98,"audienceSEIrank":113,"engagementSEI":0,"engagementSEIadj":0,"voiceSEI":0,"voiceSEIadj":0,"audienceSEI":0,"audienceSEIadj":0,"SEI":0,"SEIadj":0},"non_scoped":{"SEI":0,"SEIrank":113,"SEIadj":0,"audienceSEI":0,"audienceSEIadj":0,"audienceSEIrank":113,"audienceScore":0,"combinedScore":0,"combinedScoreRank":113,"engagementSEI":0,"engagementSEIadj":0,"engagementSEIrank":108,"engagementScore":0,"voiceSEI":0,"voiceSEIadj":0,"voiceSEIrank":98,"voiceScore":0},"scoped":{"SEI":0,"SEIrank":103,"SEIadj":0,"audienceSEI":0,"audienceSEIadj":0,"audienceSEIrank":103,"audienceScore":0,"combinedScore":0,"combinedScoreRank":103,"engagementSEI":0,"engagementSEIadj":0,"engagementSEIrank":98,"engagementScore":0,"voiceSEI":0,"voiceSEIadj":0,"voiceSEIrank":88,"voiceScore":0}}},"week":{"boundaryQuantum":4993818,"combined":{"entityString":"536575ffb08f37d80186dfb9","type":"combined","profiles":2,"postsMade":0,"repliesMade":0,"repliesRcvd":0,"sharesMade":0,"sharesRcvd":0,"mentionsRcvd":0,"likesRcvd":0,"reachRcvd":0,"audience":2378,"voice":0,"conversation":0,"engagement":0,"group_scoped":{"audienceScore":0.5416597383724241,"voiceScore":0,"engagementScore":0,"combinedScore":0.5416597383724241,"combinedScoreRank":66,"SEIrank":193,"engagementSEIrank":215,"voiceSEIrank":209,"audienceSEIrank":89,"engagementSEI":0,"engagementSEIadj":0,"voiceSEI":0,"voiceSEIadj":0,"audienceSEI":1.4590031167938744,"audienceSEIadj":1.4590031167938744,"SEI":0.14590031167938744,"SEIadj":0.14590031167938744},"non_scoped":{"SEI":0.009342599977213172,"SEIrank":218,"SEIadj":0,"audienceSEI":0.09342599977213172,"audienceSEIadj":0,"audienceSEIrank":208,"audienceScore":0.01721550687143419,"combinedScore":0.0008607753435717095,"combinedScoreRank":218,"engagementSEI":0,"engagementSEIadj":0,"engagementSEIrank":215,"engagementScore":0,"voiceSEI":0,"voiceSEIadj":0,"voiceSEIrank":209,"voiceScore":0},"scoped":{"SEI":0.12196873333059784,"SEIrank":196,"SEIadj":0,"audienceSEI":1.2196873333059783,"audienceSEIadj":0,"audienceSEIrank":189,"audienceScore":0.049424561346626004,"combinedScore":0.0024712280673313005,"combinedScoreRank":196,"engagementSEI":0,"engagementSEIadj":0,"engagementSEIrank":199,"engagementScore":0,"voiceSEI":0,"voiceSEIadj":0,"voiceSEIrank":193,"voiceScore":0}},"facebook":{"entityString":"536575ffb08f37d80186dfb9","type":"facebook","profiles":1,"postsMade":0,"repliesMade":0,"repliesRcvd":0,"sharesMade":0,"sharesRcvd":0,"mentionsRcvd":0,"likesRcvd":0,"reachRcvd":0,"audience":1,"voice":0,"conversation":0,"engagement":0,"group_scoped":{"audienceScore":0.00039162548072027754,"voiceScore":0,"engagementScore":0,"combinedScore":0.00039162548072027754,"combinedScoreRank":173,"SEIrank":173,"engagementSEIrank":175,"voiceSEIrank":163,"audienceSEIrank":173,"engagementSEI":0,"engagementSEIadj":0,"voiceSEI":0,"voiceSEIadj":0,"audienceSEI":0.0007638719139574676,"audienceSEIadj":0.0007638719139574676,"SEI":0.00007638719139574677,"SEIadj":0.00007638719139574677},"non_scoped":{"SEI":0.000005385212314688114,"SEIrank":185,"SEIadj":0,"audienceSEI":0.00005385212314688113,"audienceSEIadj":0,"audienceSEIrank":185,"audienceScore":0.000010270742946515928,"combinedScore":5.135371473257964e-7,"combinedScoreRank":185,"engagementSEI":0,"engagementSEIadj":0,"engagementSEIrank":175,"engagementScore":0,"voiceSEI":0,"voiceSEIadj":0,"voiceSEIrank":163,"voiceScore":0},"scoped":{"SEI":0.00006864266004036188,"SEIrank":167,"SEIadj":0,"audienceSEI":0.0006864266004036188,"audienceSEIadj":0,"audienceSEIrank":167,"audienceScore":0.00004210226724919364,"combinedScore":0.000002105113362459682,"combinedScoreRank":167,"engagementSEI":0,"engagementSEIadj":0,"engagementSEIrank":163,"engagementScore":0,"voiceSEI":0,"voiceSEIadj":0,"voiceSEIrank":151,"voiceScore":0}},"twitter":{"entityString":"536575ffb08f37d80186dfb9","type":"twitter","profiles":1,"postsMade":0,"repliesMade":0,"repliesRcvd":0,"sharesMade":0,"sharesRcvd":0,"mentionsRcvd":0,"likesRcvd":0,"reachRcvd":0,"audience":2377,"voice":0,"conversation":0,"engagement":0,"group_scoped":{"audienceScore":1.2941336599972777,"voiceScore":0,"engagementScore":0,"combinedScore":1.2941336599972777,"combinedScoreRank":101,"SEIrank":200,"engagementSEIrank":201,"voiceSEIrank":200,"audienceSEIrank":138,"engagementSEI":0,"engagementSEIadj":0,"voiceSEI":0,"voiceSEIadj":0,"audienceSEI":2.8448667927328435,"audienceSEIadj":2.8448667927328435,"SEI":0.28448667927328436,"SEIadj":0.28448667927328436},"non_scoped":{"SEI":0.04198333736623,"SEIrank":209,"SEIadj":0,"audienceSEI":0.4198333736623,"audienceSEIadj":0,"audienceSEIrank":190,"audienceScore":0.06815504829058995,"combinedScore":0.0034077524145294975,"combinedScoreRank":209,"engagementSEI":0,"engagementSEIadj":0,"engagementSEIrank":201,"engagementScore":0,"voiceSEI":0,"voiceSEIadj":0,"voiceSEIrank":200,"voiceScore":0},"scoped":{"SEI":0.20395030373751588,"SEIrank":189,"SEIadj":0,"audienceSEI":2.039503037375159,"audienceSEIadj":0,"audienceSEIrank":173,"audienceScore":0.10795938147495134,"combinedScore":0.005397969073747567,"combinedScoreRank":189,"engagementSEI":0,"engagementSEIadj":0,"engagementSEIrank":185,"engagementScore":0,"voiceSEI":0,"voiceSEIadj":0,"voiceSEIrank":184,"voiceScore":0}},"instagram":{"entityString":"536575ffb08f37d80186dfb9","type":"instagram","profiles":0,"postsMade":0,"repliesMade":0,"repliesRcvd":0,"sharesMade":0,"sharesRcvd":0,"mentionsRcvd":0,"likesRcvd":0,"reachRcvd":0,"audience":0,"voice":0,"conversation":0,"engagement":0,"group_scoped":{"audienceScore":null,"voiceScore":0,"engagementScore":0,"combinedScore":null,"combinedScoreRank":26,"SEIrank":113,"engagementSEIrank":110,"voiceSEIrank":109,"audienceSEIrank":113,"engagementSEI":0,"engagementSEIadj":0,"voiceSEI":0,"voiceSEIadj":0,"audienceSEI":0,"audienceSEIadj":0,"SEI":0,"SEIadj":0},"non_scoped":{"SEI":0,"SEIrank":113,"SEIadj":0,"audienceSEI":0,"audienceSEIadj":0,"audienceSEIrank":113,"audienceScore":0,"combinedScore":0,"combinedScoreRank":113,"engagementSEI":0,"engagementSEIadj":0,"engagementSEIrank":110,"engagementScore":0,"voiceSEI":0,"voiceSEIadj":0,"voiceSEIrank":109,"voiceScore":0},"scoped":{"SEI":0,"SEIrank":103,"SEIadj":0,"audienceSEI":0,"audienceSEIadj":0,"audienceSEIrank":103,"audienceScore":0,"combinedScore":0,"combinedScoreRank":103,"engagementSEI":0,"engagementSEIadj":0,"engagementSEIrank":100,"engagementScore":0,"voiceSEI":0,"voiceSEIadj":0,"voiceSEIrank":99,"voiceScore":0}}},"month":{"boundaryQuantum":4987194,"combined":{"entityString":"536575ffb08f37d80186dfb9","type":"combined","profiles":2,"postsMade":0,"repliesMade":0,"repliesRcvd":0,"sharesMade":0,"sharesRcvd":0,"mentionsRcvd":0,"likesRcvd":0,"reachRcvd":0,"audience":2378,"voice":0,"conversation":0,"engagement":0,"group_scoped":{"audienceScore":0.5416597383724241,"voiceScore":0,"engagementScore":0,"combinedScore":0.5416597383724241,"combinedScoreRank":59,"SEIrank":197,"engagementSEIrank":224,"voiceSEIrank":223,"audienceSEIrank":89,"engagementSEI":0,"engagementSEIadj":0,"voiceSEI":0,"voiceSEIadj":0,"audienceSEI":1.4590031167938744,"audienceSEIadj":1.4590031167938744,"SEI":0.14590031167938744,"SEIadj":0.14590031167938744},"non_scoped":{"SEI":0.009342599977213172,"SEIrank":220,"SEIadj":0,"audienceSEI":0.09342599977213172,"audienceSEIadj":0,"audienceSEIrank":208,"audienceScore":0.01721550687143419,"combinedScore":0.0008607753435717095,"combinedScoreRank":220,"engagementSEI":0,"engagementSEIadj":0,"engagementSEIrank":224,"engagementScore":0,"voiceSEI":0,"voiceSEIadj":0,"voiceSEIrank":223,"voiceScore":0},"scoped":{"SEI":0.12196873333059784,"SEIrank":198,"SEIadj":0,"audienceSEI":1.2196873333059783,"audienceSEIadj":0,"audienceSEIrank":189,"audienceScore":0.049424561346626004,"combinedScore":0.0024712280673313005,"combinedScoreRank":198,"engagementSEI":0,"engagementSEIadj":0,"engagementSEIrank":203,"engagementScore":0,"voiceSEI":0,"voiceSEIadj":0,"voiceSEIrank":203,"voiceScore":0}},"facebook":{"entityString":"536575ffb08f37d80186dfb9","type":"facebook","profiles":1,"postsMade":0,"repliesMade":0,"repliesRcvd":0,"sharesMade":0,"sharesRcvd":0,"mentionsRcvd":0,"likesRcvd":0,"reachRcvd":0,"audience":1,"voice":0,"conversation":0,"engagement":0,"group_scoped":{"audienceScore":0.00039162548072027754,"voiceScore":0,"engagementScore":0,"combinedScore":0.00039162548072027754,"combinedScoreRank":173,"SEIrank":173,"engagementSEIrank":185,"voiceSEIrank":180,"audienceSEIrank":173,"engagementSEI":0,"engagementSEIadj":0,"voiceSEI":0,"voiceSEIadj":0,"audienceSEI":0.0007638719139574676,"audienceSEIadj":0.0007638719139574676,"SEI":0.00007638719139574677,"SEIadj":0.00007638719139574677},"non_scoped":{"SEI":0.000005385212314688114,"SEIrank":185,"SEIadj":0,"audienceSEI":0.00005385212314688113,"audienceSEIadj":0,"audienceSEIrank":185,"audienceScore":0.000010270742946515928,"combinedScore":5.135371473257964e-7,"combinedScoreRank":185,"engagementSEI":0,"engagementSEIadj":0,"engagementSEIrank":185,"engagementScore":0,"voiceSEI":0,"voiceSEIadj":0,"voiceSEIrank":180,"voiceScore":0},"scoped":{"SEI":0.00006864266004036188,"SEIrank":167,"SEIadj":0,"audienceSEI":0.0006864266004036188,"audienceSEIadj":0,"audienceSEIrank":167,"audienceScore":0.00004210226724919364,"combinedScore":0.000002105113362459682,"combinedScoreRank":167,"engagementSEI":0,"engagementSEIadj":0,"engagementSEIrank":171,"engagementScore":0,"voiceSEI":0,"voiceSEIadj":0,"voiceSEIrank":167,"voiceScore":0}},"twitter":{"entityString":"536575ffb08f37d80186dfb9","type":"twitter","profiles":1,"postsMade":0,"repliesMade":0,"repliesRcvd":0,"sharesMade":0,"sharesRcvd":0,"mentionsRcvd":0,"likesRcvd":0,"reachRcvd":0,"audience":2377,"voice":0,"conversation":0,"engagement":0,"group_scoped":{"audienceScore":1.2941336599972777,"voiceScore":0,"engagementScore":0,"combinedScore":1.2941336599972777,"combinedScoreRank":95,"SEIrank":205,"engagementSEIrank":217,"voiceSEIrank":217,"audienceSEIrank":138,"engagementSEI":0,"engagementSEIadj":0,"voiceSEI":0,"voiceSEIadj":0,"audienceSEI":2.8448667927328435,"audienceSEIadj":2.8448667927328435,"SEI":0.28448667927328436,"SEIadj":0.28448667927328436},"non_scoped":{"SEI":0.04198333736623,"SEIrank":213,"SEIadj":0,"audienceSEI":0.4198333736623,"audienceSEIadj":0,"audienceSEIrank":190,"audienceScore":0.06815504829058995,"combinedScore":0.0034077524145294975,"combinedScoreRank":213,"engagementSEI":0,"engagementSEIadj":0,"engagementSEIrank":217,"engagementScore":0,"voiceSEI":0,"voiceSEIadj":0,"voiceSEIrank":217,"voiceScore":0},"scoped":{"SEI":0.20395030373751588,"SEIrank":193,"SEIadj":0,"audienceSEI":2.039503037375159,"audienceSEIadj":0,"audienceSEIrank":173,"audienceScore":0.10795938147495134,"combinedScore":0.005397969073747567,"combinedScoreRank":193,"engagementSEI":0,"engagementSEIadj":0,"engagementSEIrank":197,"engagementScore":0,"voiceSEI":0,"voiceSEIadj":0,"voiceSEIrank":197,"voiceScore":0}},"instagram":{"entityString":"536575ffb08f37d80186dfb9","type":"instagram","profiles":0,"postsMade":0,"repliesMade":0,"repliesRcvd":0,"sharesMade":0,"sharesRcvd":0,"mentionsRcvd":0,"likesRcvd":0,"reachRcvd":0,"audience":0,"voice":0,"conversation":0,"engagement":0,"group_scoped":{"audienceScore":null,"voiceScore":0,"engagementScore":0,"combinedScore":null,"combinedScoreRank":26,"SEIrank":113,"engagementSEIrank":110,"voiceSEIrank":110,"audienceSEIrank":113,"engagementSEI":0,"engagementSEIadj":0,"voiceSEI":0,"voiceSEIadj":0,"audienceSEI":0,"audienceSEIadj":0,"SEI":0,"SEIadj":0},"non_scoped":{"SEI":0,"SEIrank":113,"SEIadj":0,"audienceSEI":0,"audienceSEIadj":0,"audienceSEIrank":113,"audienceScore":0,"combinedScore":0,"combinedScoreRank":113,"engagementSEI":0,"engagementSEIadj":0,"engagementSEIrank":110,"engagementScore":0,"voiceSEI":0,"voiceSEIadj":0,"voiceSEIrank":110,"voiceScore":0},"scoped":{"SEI":0,"SEIrank":103,"SEIadj":0,"audienceSEI":0,"audienceSEIadj":0,"audienceSEIrank":103,"audienceScore":0,"combinedScore":0,"combinedScoreRank":103,"engagementSEI":0,"engagementSEIadj":0,"engagementSEIrank":100,"engagementScore":0,"voiceSEI":0,"voiceSEIadj":0,"voiceSEIrank":100,"voiceScore":0}}},"quarter":{"boundaryQuantum":4969914,"combined":{"entityString":"536575ffb08f37d80186dfb9","type":"combined","profiles":2,"postsMade":0,"repliesMade":0,"repliesRcvd":0,"sharesMade":0,"sharesRcvd":0,"mentionsRcvd":0,"likesRcvd":0,"reachRcvd":0,"audience":2378,"voice":0,"conversation":0,"engagement":0,"group_scoped":{"audienceScore":0.5416597383724241,"voiceScore":0,"engagementScore":0,"combinedScore":0.5416597383724241,"combinedScoreRank":56,"SEIrank":201,"engagementSEIrank":227,"voiceSEIrank":227,"audienceSEIrank":89,"engagementSEI":0,"engagementSEIadj":0,"voiceSEI":0,"voiceSEIadj":0,"audienceSEI":1.4590031167938744,"audienceSEIadj":1.4590031167938744,"SEI":0.14590031167938744,"SEIadj":0.14590031167938744},"non_scoped":{"SEI":0.009342599977213172,"SEIrank":221,"SEIadj":0,"audienceSEI":0.09342599977213172,"audienceSEIadj":0,"audienceSEIrank":208,"audienceScore":0.01721550687143419,"combinedScore":0.0008607753435717095,"combinedScoreRank":221,"engagementSEI":0,"engagementSEIadj":0,"engagementSEIrank":227,"engagementScore":0,"voiceSEI":0,"voiceSEIadj":0,"voiceSEIrank":227,"voiceScore":0},"scoped":{"SEI":0.12196873333059784,"SEIrank":199,"SEIadj":0,"audienceSEI":1.2196873333059783,"audienceSEIadj":0,"audienceSEIrank":189,"audienceScore":0.049424561346626004,"combinedScore":0.0024712280673313005,"combinedScoreRank":199,"engagementSEI":0,"engagementSEIadj":0,"engagementSEIrank":206,"engagementScore":0,"voiceSEI":0,"voiceSEIadj":0,"voiceSEIrank":206,"voiceScore":0}},"facebook":{"entityString":"536575ffb08f37d80186dfb9","type":"facebook","profiles":1,"postsMade":0,"repliesMade":0,"repliesRcvd":0,"sharesMade":0,"sharesRcvd":0,"mentionsRcvd":0,"likesRcvd":0,"reachRcvd":0,"audience":1,"voice":0,"conversation":0,"engagement":0,"group_scoped":{"audienceScore":0.00039162548072027754,"voiceScore":0,"engagementScore":0,"combinedScore":0.00039162548072027754,"combinedScoreRank":173,"SEIrank":173,"engagementSEIrank":190,"voiceSEIrank":190,"audienceSEIrank":173,"engagementSEI":0,"engagementSEIadj":0,"voiceSEI":0,"voiceSEIadj":0,"audienceSEI":0.0007638719139574676,"audienceSEIadj":0.0007638719139574676,"SEI":0.00007638719139574677,"SEIadj":0.00007638719139574677},"non_scoped":{"SEI":0.000005385212314688114,"SEIrank":185,"SEIadj":0,"audienceSEI":0.00005385212314688113,"audienceSEIadj":0,"audienceSEIrank":185,"audienceScore":0.000010270742946515928,"combinedScore":5.135371473257964e-7,"combinedScoreRank":185,"engagementSEI":0,"engagementSEIadj":0,"engagementSEIrank":190,"engagementScore":0,"voiceSEI":0,"voiceSEIadj":0,"voiceSEIrank":190,"voiceScore":0},"scoped":{"SEI":0.00006864266004036188,"SEIrank":167,"SEIadj":0,"audienceSEI":0.0006864266004036188,"audienceSEIadj":0,"audienceSEIrank":167,"audienceScore":0.00004210226724919364,"combinedScore":0.000002105113362459682,"combinedScoreRank":167,"engagementSEI":0,"engagementSEIadj":0,"engagementSEIrank":175,"engagementScore":0,"voiceSEI":0,"voiceSEIadj":0,"voiceSEIrank":175,"voiceScore":0}},"twitter":{"entityString":"536575ffb08f37d80186dfb9","type":"twitter","profiles":1,"postsMade":0,"repliesMade":0,"repliesRcvd":0,"sharesMade":0,"sharesRcvd":0,"mentionsRcvd":0,"likesRcvd":0,"reachRcvd":0,"audience":2377,"voice":0,"conversation":0,"engagement":0,"group_scoped":{"audienceScore":1.2941336599972777,"voiceScore":0,"engagementScore":0,"combinedScore":1.2941336599972777,"combinedScoreRank":88,"SEIrank":208,"engagementSEIrank":222,"voiceSEIrank":222,"audienceSEIrank":138,"engagementSEI":0,"engagementSEIadj":0,"voiceSEI":0,"voiceSEIadj":0,"audienceSEI":2.8448667927328435,"audienceSEIadj":2.8448667927328435,"SEI":0.28448667927328436,"SEIadj":0.28448667927328436},"non_scoped":{"SEI":0.04198333736623,"SEIrank":213,"SEIadj":0,"audienceSEI":0.4198333736623,"audienceSEIadj":0,"audienceSEIrank":190,"audienceScore":0.06815504829058995,"combinedScore":0.0034077524145294975,"combinedScoreRank":214,"engagementSEI":0,"engagementSEIadj":0,"engagementSEIrank":222,"engagementScore":0,"voiceSEI":0,"voiceSEIadj":0,"voiceSEIrank":222,"voiceScore":0},"scoped":{"SEI":0.20395030373751588,"SEIrank":193,"SEIadj":0,"audienceSEI":2.039503037375159,"audienceSEIadj":0,"audienceSEIrank":173,"audienceScore":0.10795938147495134,"combinedScore":0.005397969073747567,"combinedScoreRank":194,"engagementSEI":0,"engagementSEIadj":0,"engagementSEIrank":202,"engagementScore":0,"voiceSEI":0,"voiceSEIadj":0,"voiceSEIrank":202,"voiceScore":0}},"instagram":{"entityString":"536575ffb08f37d80186dfb9","type":"instagram","profiles":0,"postsMade":0,"repliesMade":0,"repliesRcvd":0,"sharesMade":0,"sharesRcvd":0,"mentionsRcvd":0,"likesRcvd":0,"reachRcvd":0,"audience":0,"voice":0,"conversation":0,"engagement":0,"group_scoped":{"audienceScore":null,"voiceScore":0,"engagementScore":0,"combinedScore":null,"combinedScoreRank":26,"SEIrank":113,"engagementSEIrank":111,"voiceSEIrank":111,"audienceSEIrank":113,"engagementSEI":0,"engagementSEIadj":0,"voiceSEI":0,"voiceSEIadj":0,"audienceSEI":0,"audienceSEIadj":0,"SEI":0,"SEIadj":0},"non_scoped":{"SEI":0,"SEIrank":113,"SEIadj":0,"audienceSEI":0,"audienceSEIadj":0,"audienceSEIrank":113,"audienceScore":0,"combinedScore":0,"combinedScoreRank":113,"engagementSEI":0,"engagementSEIadj":0,"engagementSEIrank":111,"engagementScore":0,"voiceSEI":0,"voiceSEIadj":0,"voiceSEIrank":111,"voiceScore":0},"scoped":{"SEI":0,"SEIrank":103,"SEIadj":0,"audienceSEI":0,"audienceSEIadj":0,"audienceSEIrank":103,"audienceScore":0,"combinedScore":0,"combinedScoreRank":103,"engagementSEI":0,"engagementSEIadj":0,"engagementSEIrank":101,"engagementScore":0,"voiceSEI":0,"voiceSEIadj":0,"voiceSEIrank":101,"voiceScore":0}}},"blended":{"combined":{"non_scoped":{"SEI":0.009342599977213173,"SEIadj":20.00747407998177,"SEIrank":221,"audienceSEI":0.09342599977213172,"audienceSEIadj":40.05605559986328,"audienceSEIrank":208,"engagementSEI":0,"engagementSEIadj":0,"engagementSEIrank":227,"voiceSEI":0,"voiceSEIadj":0,"voiceSEIrank":227},"scoped":{"SEI":0.09269623733125437,"SEIadj":20.074156989865003,"SEIrank":199,"compCharisma":0,"compInfluence":0,"compEva":0.09269623733125437,"audienceSEI":1.2196873333059783,"audienceSEIadj":20.975749866644783,"audienceSEIrank":189,"engagementSEI":0,"engagementSEIadj":0,"engagementSEIrank":206,"voiceSEI":0,"voiceSEIadj":0,"voiceSEIrank":206}},"facebook":{"non_scoped":{"SEI":0.000005385212314688114,"SEIadj":40.00000323112739,"SEIrank":185,"audienceSEI":0.00005385212314688114,"audienceSEIadj":40.00003231127389,"audienceSEIrank":185,"engagementSEI":0,"engagementSEIadj":0,"engagementSEIrank":190,"voiceSEI":0,"voiceSEIadj":0,"voiceSEIrank":190},"scoped":{"SEI":0.00006864266004036188,"SEIadj":40.000041185596025,"SEIrank":167,"audienceSEI":0.0006864266004036188,"audienceSEIadj":40.000411855960245,"audienceSEIrank":167,"engagementSEI":0,"engagementSEIadj":0,"engagementSEIrank":175,"voiceSEI":0,"voiceSEIadj":0,"voiceSEIrank":175}},"twitter":{"non_scoped":{"SEI":0.04198333736623,"SEIadj":20.033586669892983,"SEIrank":213,"audienceSEI":0.4198333736623,"audienceSEIadj":40.25190002419738,"audienceSEIrank":190,"engagementSEI":0,"engagementSEIadj":0,"engagementSEIrank":222,"voiceSEI":0,"voiceSEIadj":0,"voiceSEIrank":222},"scoped":{"SEI":0.20395030373751585,"SEIadj":20.163160242990013,"SEIrank":193,"audienceSEI":2.039503037375159,"audienceSEIadj":41.2237018224251,"audienceSEIrank":173,"engagementSEI":0,"engagementSEIadj":0,"engagementSEIrank":202,"voiceSEI":0,"voiceSEIadj":0,"voiceSEIrank":202}},"instagram":{"non_scoped":{"SEI":0,"SEIadj":0,"SEIrank":113,"audienceSEI":0,"audienceSEIadj":0,"audienceSEIrank":113,"engagementSEI":0,"engagementSEIadj":0,"engagementSEIrank":111,"voiceSEI":0,"voiceSEIadj":0,"voiceSEIrank":111},"scoped":{"SEI":0,"SEIadj":0,"SEIrank":103,"audienceSEI":0,"audienceSEIadj":0,"audienceSEIrank":103,"engagementSEI":0,"engagementSEIadj":0,"engagementSEIrank":101,"voiceSEI":0,"voiceSEIadj":0,"voiceSEIrank":101}},"influence":{"combined":{"scope":"individual","ratio":0,"calculated":false},"facebook":{"scope":"individual","ratio":0,"calculated":false},"twitter":{"scope":"individual","ratio":0,"calculated":false},"instagram":{"scope":"individual","ratio":0,"calculated":false}},"charisma":{"combined":{"scope":"individual","ratio":0,"calculated":false},"facebook":{"scope":"individual","ratio":0,"calculated":false},"twitter":{"scope":"individual","ratio":0,"calculated":false},"instagram":{"scope":"individual","ratio":0,"calculated":false}}},"scope":"individual"}}