{"scoreEntityString":"591d1494ab33fb0001804f89.asset.536575feb08f37d80186a098","timeQuantum":4995834,"scoreEntityType":"asset","scoreProfileID":"591d1494ab33fb0001804f89","data":{"scoreEntityString":"591d1494ab33fb0001804f89.asset.536575feb08f37d80186a098","scoreProfileID":"591d1494ab33fb0001804f89","scoreEntityType":"asset","entityID":"asset.536575feb08f37d80186a098","object_version":"1.2","score_engine_version":"3.0.20","timestamp":4995834,"start_quantum":4969914,"end_quantum":4995833,"schedule_options":{"interval":15,"offset":"1"},"_15min":{"boundaryQuantum":4995831,"combined":{"entityString":"536575feb08f37d80186a098","type":"combined","profiles":2,"postsMade":0,"repliesMade":0,"repliesRcvd":0,"sharesMade":0,"sharesRcvd":0,"mentionsRcvd":0,"likesRcvd":0,"reachRcvd":0,"audience":36276,"voice":0,"conversation":0,"engagement":0,"group_scoped":{"audienceScore":1.5783592999457,"voiceScore":0,"engagementScore":0,"combinedScore":1.5783592999457,"engagementSEI":0,"engagementSEIadj":0,"voiceSEI":0,"voiceSEIadj":0,"audienceSEI":2.4533272015933507,"audienceSEIadj":2.4533272015933507,"SEI":0.24533272015933508,"SEIadj":0.24533272015933508,"combinedScoreRank":49,"SEIrank":63,"engagementSEIrank":202,"voiceSEIrank":200,"audienceSEIrank":60},"non_scoped":{"SEI":0.14251983043456054,"SEIrank":48,"SEIadj":0,"audienceSEI":1.4251983043456053,"audienceSEIadj":0,"audienceSEIrank":45,"audienceScore":0.2626197339226857,"combinedScore":0.013130986696134286,"combinedScoreRank":48,"engagementSEI":0,"engagementSEIadj":0,"engagementSEIrank":202,"engagementScore":0,"voiceSEI":0,"voiceSEIadj":0,"voiceSEIrank":200,"voiceScore":0},"scoped":{"SEI":8.365850283658503,"SEIrank":3,"SEIadj":0,"audienceSEI":83.65850283658503,"audienceSEIadj":0,"audienceSEIrank":3,"audienceScore":21.440603334653325,"combinedScore":21.440603334653325,"combinedScoreRank":3,"engagementSEI":0,"engagementSEIadj":0,"engagementSEIrank":9,"engagementScore":0,"voiceSEI":0,"voiceSEIadj":0,"voiceSEIrank":9,"voiceScore":0}},"facebook":{"entityString":"536575feb08f37d80186a098","type":"facebook","profiles":1,"postsMade":0,"repliesMade":0,"repliesRcvd":0,"sharesMade":0,"sharesRcvd":0,"mentionsRcvd":0,"likesRcvd":0,"reachRcvd":0,"audience":15521,"voice":0,"conversation":0,"engagement":0,"group_scoped":{"audienceScore":1.0021999195450615,"voiceScore":0,"engagementScore":0,"combinedScore":1.0021999195450615,"engagementSEI":0,"engagementSEIadj":0,"voiceSEI":0,"voiceSEIadj":0,"audienceSEI":1.4130540667752487,"audienceSEIadj":1.4130540667752487,"SEI":0.14130540667752486,"SEIadj":0.14130540667752486,"combinedScoreRank":61,"SEIrank":59,"engagementSEIrank":202,"voiceSEIrank":200,"audienceSEIrank":57},"non_scoped":{"SEI":0.0835838803362742,"SEIrank":57,"SEIadj":0,"audienceSEI":0.835838803362742,"audienceSEIadj":0,"audienceSEIrank":56,"audienceScore":0.15941220127287373,"combinedScore":0.007970610063643687,"combinedScoreRank":57,"engagementSEI":0,"engagementSEIadj":0,"engagementSEIrank":202,"engagementScore":0,"voiceSEI":0,"voiceSEIadj":0,"voiceSEIrank":200,"voiceScore":0},"scoped":{"SEI":4.601950959172177,"SEIrank":3,"SEIadj":0,"audienceSEI":46.019509591721764,"audienceSEIadj":0,"audienceSEIrank":3,"audienceScore":17.244980722864796,"combinedScore":17.244980722864796,"combinedScoreRank":3,"engagementSEI":0,"engagementSEIadj":0,"engagementSEIrank":9,"engagementScore":0,"voiceSEI":0,"voiceSEIadj":0,"voiceSEIrank":9,"voiceScore":0}},"twitter":{"entityString":"536575feb08f37d80186a098","type":"twitter","profiles":1,"postsMade":0,"repliesMade":0,"repliesRcvd":0,"sharesMade":0,"sharesRcvd":0,"mentionsRcvd":0,"likesRcvd":0,"reachRcvd":0,"audience":20755,"voice":0,"conversation":0,"engagement":0,"group_scoped":{"audienceScore":3.253257175818526,"voiceScore":0,"engagementScore":0,"combinedScore":3.253257175818526,"engagementSEI":0,"engagementSEIadj":0,"voiceSEI":0,"voiceSEIadj":0,"audienceSEI":7.727765221891674,"audienceSEIadj":7.727765221891674,"SEI":0.7727765221891674,"SEIadj":0.7727765221891674,"combinedScoreRank":46,"SEIrank":65,"engagementSEIrank":200,"voiceSEIrank":200,"audienceSEIrank":64},"non_scoped":{"SEI":0.3665814754043347,"SEIrank":32,"SEIadj":0,"audienceSEI":3.665814754043347,"audienceSEIadj":0,"audienceSEIrank":31,"audienceScore":0.595102241174251,"combinedScore":0.029755112058712552,"combinedScoreRank":32,"engagementSEI":0,"engagementSEIadj":0,"engagementSEIrank":200,"engagementScore":0,"voiceSEI":0,"voiceSEIadj":0,"voiceSEIrank":200,"voiceScore":0},"scoped":{"SEI":10,"SEIrank":1,"SEIadj":0,"audienceSEI":100,"audienceSEIadj":0,"audienceSEIrank":1,"audienceScore":26.209117312792017,"combinedScore":26.209117312792017,"combinedScoreRank":1,"engagementSEI":0,"engagementSEIadj":0,"engagementSEIrank":9,"engagementScore":0,"voiceSEI":0,"voiceSEIadj":0,"voiceSEIrank":9,"voiceScore":0}},"instagram":{"entityString":"536575feb08f37d80186a098","type":"instagram","profiles":0,"postsMade":0,"repliesMade":0,"repliesRcvd":0,"sharesMade":0,"sharesRcvd":0,"mentionsRcvd":0,"likesRcvd":0,"reachRcvd":0,"audience":0,"voice":0,"conversation":0,"engagement":0,"group_scoped":{"audienceScore":0,"voiceScore":0,"engagementScore":0,"combinedScore":0,"engagementSEI":0,"engagementSEIadj":0,"voiceSEI":0,"voiceSEIadj":0,"audienceSEI":0,"audienceSEIadj":0,"SEI":0,"SEIadj":0,"combinedScoreRank":220,"SEIrank":201,"engagementSEIrank":201,"voiceSEIrank":200,"audienceSEIrank":201},"non_scoped":{"SEI":0,"SEIrank":201,"SEIadj":0,"audienceSEI":0,"audienceSEIadj":0,"audienceSEIrank":201,"audienceScore":0,"combinedScore":0,"combinedScoreRank":201,"engagementSEI":0,"engagementSEIadj":0,"engagementSEIrank":201,"engagementScore":0,"voiceSEI":0,"voiceSEIadj":0,"voiceSEIrank":200,"voiceScore":0},"scoped":{"SEI":0,"SEIrank":9,"SEIadj":0,"audienceSEI":0,"audienceSEIadj":0,"audienceSEIrank":9,"audienceScore":null,"combinedScore":null,"combinedScoreRank":2,"engagementSEI":0,"engagementSEIadj":0,"engagementSEIrank":9,"engagementScore":0,"voiceSEI":0,"voiceSEIadj":0,"voiceSEIrank":9,"voiceScore":0}}},"hour":{"boundaryQuantum":4995822,"combined":{"entityString":"536575feb08f37d80186a098","type":"combined","profiles":2,"postsMade":0,"repliesMade":0,"repliesRcvd":0,"sharesMade":0,"sharesRcvd":0,"mentionsRcvd":0,"likesRcvd":0,"reachRcvd":0,"audience":36276,"voice":0,"conversation":0,"engagement":0,"group_scoped":{"audienceScore":1.5783592999457,"voiceScore":0,"engagementScore":0,"combinedScore":1.5783592999457,"combinedScoreRank":42,"SEIrank":87,"engagementSEIrank":207,"voiceSEIrank":205,"audienceSEIrank":60,"engagementSEI":0,"engagementSEIadj":0,"voiceSEI":0,"voiceSEIadj":0,"audienceSEI":2.4533272015933507,"audienceSEIadj":2.4533272015933507,"SEI":0.24533272015933508,"SEIadj":0.24533272015933508},"non_scoped":{"SEI":0.14251983043456054,"SEIrank":71,"SEIadj":0,"audienceSEI":1.4251983043456053,"audienceSEIadj":0,"audienceSEIrank":45,"audienceScore":0.2626197339226857,"combinedScore":0.013130986696134286,"combinedScoreRank":85,"engagementSEI":0,"engagementSEIadj":0,"engagementSEIrank":207,"engagementScore":0,"voiceSEI":0,"voiceSEIadj":0,"voiceSEIrank":205,"voiceScore":0},"scoped":{"SEI":8.365850283658503,"SEIrank":3,"SEIadj":0,"audienceSEI":83.65850283658503,"audienceSEIadj":0,"audienceSEIrank":3,"audienceScore":21.440603334653325,"combinedScore":3.062943333521903,"combinedScoreRank":3,"engagementSEI":0,"engagementSEIadj":0,"engagementSEIrank":9,"engagementScore":0,"voiceSEI":0,"voiceSEIadj":0,"voiceSEIrank":9,"voiceScore":0}},"facebook":{"entityString":"536575feb08f37d80186a098","type":"facebook","profiles":1,"postsMade":0,"repliesMade":0,"repliesRcvd":0,"sharesMade":0,"sharesRcvd":0,"mentionsRcvd":0,"likesRcvd":0,"reachRcvd":0,"audience":15521,"voice":0,"conversation":0,"engagement":0,"group_scoped":{"audienceScore":1.0021999195450615,"voiceScore":0,"engagementScore":0,"combinedScore":1.0021999195450615,"combinedScoreRank":53,"SEIrank":72,"engagementSEIrank":205,"voiceSEIrank":203,"audienceSEIrank":57,"engagementSEI":0,"engagementSEIadj":0,"voiceSEI":0,"voiceSEIadj":0,"audienceSEI":1.4130540667752487,"audienceSEIadj":1.4130540667752487,"SEI":0.14130540667752486,"SEIadj":0.14130540667752486},"non_scoped":{"SEI":0.0835838803362742,"SEIrank":72,"SEIadj":0,"audienceSEI":0.835838803362742,"audienceSEIadj":0,"audienceSEIrank":56,"audienceScore":0.15941220127287373,"combinedScore":0.007970610063643687,"combinedScoreRank":73,"engagementSEI":0,"engagementSEIadj":0,"engagementSEIrank":205,"engagementScore":0,"voiceSEI":0,"voiceSEIadj":0,"voiceSEIrank":203,"voiceScore":0},"scoped":{"SEI":4.601950959172177,"SEIrank":3,"SEIadj":0,"audienceSEI":46.019509591721764,"audienceSEIadj":0,"audienceSEIrank":3,"audienceScore":17.244980722864796,"combinedScore":2.4635686746949705,"combinedScoreRank":3,"engagementSEI":0,"engagementSEIadj":0,"engagementSEIrank":9,"engagementScore":0,"voiceSEI":0,"voiceSEIadj":0,"voiceSEIrank":9,"voiceScore":0}},"twitter":{"entityString":"536575feb08f37d80186a098","type":"twitter","profiles":1,"postsMade":0,"repliesMade":0,"repliesRcvd":0,"sharesMade":0,"sharesRcvd":0,"mentionsRcvd":0,"likesRcvd":0,"reachRcvd":0,"audience":20755,"voice":0,"conversation":0,"engagement":0,"group_scoped":{"audienceScore":3.253257175818526,"voiceScore":0,"engagementScore":0,"combinedScore":3.253257175818526,"combinedScoreRank":58,"SEIrank":86,"engagementSEIrank":204,"voiceSEIrank":205,"audienceSEIrank":64,"engagementSEI":0,"engagementSEIadj":0,"voiceSEI":0,"voiceSEIadj":0,"audienceSEI":7.727765221891674,"audienceSEIadj":7.727765221891674,"SEI":0.7727765221891674,"SEIadj":0.7727765221891674},"non_scoped":{"SEI":0.3665814754043347,"SEIrank":55,"SEIadj":0,"audienceSEI":3.665814754043347,"audienceSEIadj":0,"audienceSEIrank":31,"audienceScore":0.595102241174251,"combinedScore":0.029755112058712552,"combinedScoreRank":55,"engagementSEI":0,"engagementSEIadj":0,"engagementSEIrank":204,"engagementScore":0,"voiceSEI":0,"voiceSEIadj":0,"voiceSEIrank":205,"voiceScore":0},"scoped":{"SEI":10,"SEIrank":2,"SEIadj":0,"audienceSEI":100,"audienceSEIadj":0,"audienceSEIrank":1,"audienceScore":26.209117312792017,"combinedScore":3.744159616113145,"combinedScoreRank":2,"engagementSEI":0,"engagementSEIadj":0,"engagementSEIrank":9,"engagementScore":0,"voiceSEI":0,"voiceSEIadj":0,"voiceSEIrank":9,"voiceScore":0}},"instagram":{"entityString":"536575feb08f37d80186a098","type":"instagram","profiles":0,"postsMade":0,"repliesMade":0,"repliesRcvd":0,"sharesMade":0,"sharesRcvd":0,"mentionsRcvd":0,"likesRcvd":0,"reachRcvd":0,"audience":0,"voice":0,"conversation":0,"engagement":0,"group_scoped":{"audienceScore":0,"voiceScore":0,"engagementScore":0,"combinedScore":0,"combinedScoreRank":220,"SEIrank":201,"engagementSEIrank":201,"voiceSEIrank":200,"audienceSEIrank":201,"engagementSEI":0,"engagementSEIadj":0,"voiceSEI":0,"voiceSEIadj":0,"audienceSEI":0,"audienceSEIadj":0,"SEI":0,"SEIadj":0},"non_scoped":{"SEI":0,"SEIrank":201,"SEIadj":0,"audienceSEI":0,"audienceSEIadj":0,"audienceSEIrank":201,"audienceScore":0,"combinedScore":0,"combinedScoreRank":201,"engagementSEI":0,"engagementSEIadj":0,"engagementSEIrank":201,"engagementScore":0,"voiceSEI":0,"voiceSEIadj":0,"voiceSEIrank":200,"voiceScore":0},"scoped":{"SEI":0,"SEIrank":9,"SEIadj":0,"audienceSEI":0,"audienceSEIadj":0,"audienceSEIrank":9,"audienceScore":null,"combinedScore":null,"combinedScoreRank":2,"engagementSEI":0,"engagementSEIadj":0,"engagementSEIrank":9,"engagementScore":0,"voiceSEI":0,"voiceSEIadj":0,"voiceSEIrank":9,"voiceScore":0}}},"today":{"boundaryQuantum":4995546,"combined":{"entityString":"536575feb08f37d80186a098","type":"combined","profiles":2,"postsMade":0,"repliesMade":0,"repliesRcvd":0,"sharesMade":0,"sharesRcvd":0,"mentionsRcvd":0,"likesRcvd":0,"reachRcvd":0,"audience":36276,"voice":0,"conversation":0,"engagement":0,"group_scoped":{"audienceScore":1.5783592999457,"voiceScore":0,"engagementScore":0,"combinedScore":1.5783592999457,"combinedScoreRank":27,"SEIrank":148,"engagementSEIrank":221,"voiceSEIrank":219,"audienceSEIrank":60,"engagementSEI":0,"engagementSEIadj":0,"voiceSEI":0,"voiceSEIadj":0,"audienceSEI":2.4533272015933507,"audienceSEIadj":2.4533272015933507,"SEI":0.24533272015933508,"SEIadj":0.24533272015933508},"non_scoped":{"SEI":0.14251983043456054,"SEIrank":147,"SEIadj":0,"audienceSEI":1.4251983043456053,"audienceSEIadj":0,"audienceSEIrank":45,"audienceScore":0.2626197339226857,"combinedScore":0.013130986696134286,"combinedScoreRank":134,"engagementSEI":0,"engagementSEIadj":0,"engagementSEIrank":221,"engagementScore":0,"voiceSEI":0,"voiceSEIadj":0,"voiceSEIrank":219,"voiceScore":0},"scoped":{"SEI":8.365850283658503,"SEIrank":4,"SEIadj":0,"audienceSEI":83.65850283658503,"audienceSEIadj":0,"audienceSEIrank":3,"audienceScore":21.440603334653325,"combinedScore":1.0720301667326664,"combinedScoreRank":4,"engagementSEI":0,"engagementSEIadj":0,"engagementSEIrank":9,"engagementScore":0,"voiceSEI":0,"voiceSEIadj":0,"voiceSEIrank":9,"voiceScore":0}},"facebook":{"entityString":"536575feb08f37d80186a098","type":"facebook","profiles":1,"postsMade":0,"repliesMade":0,"repliesRcvd":0,"sharesMade":0,"sharesRcvd":0,"mentionsRcvd":0,"likesRcvd":0,"reachRcvd":0,"audience":15521,"voice":0,"conversation":0,"engagement":0,"group_scoped":{"audienceScore":1.0021999195450615,"voiceScore":0,"engagementScore":0,"combinedScore":1.0021999195450615,"combinedScoreRank":43,"SEIrank":96,"engagementSEIrank":212,"voiceSEIrank":210,"audienceSEIrank":57,"engagementSEI":0,"engagementSEIadj":0,"voiceSEI":0,"voiceSEIadj":0,"audienceSEI":1.4130540667752487,"audienceSEIadj":1.4130540667752487,"SEI":0.14130540667752486,"SEIadj":0.14130540667752486},"non_scoped":{"SEI":0.0835838803362742,"SEIrank":95,"SEIadj":0,"audienceSEI":0.835838803362742,"audienceSEIadj":0,"audienceSEIrank":56,"audienceScore":0.15941220127287373,"combinedScore":0.007970610063643687,"combinedScoreRank":100,"engagementSEI":0,"engagementSEIadj":0,"engagementSEIrank":212,"engagementScore":0,"voiceSEI":0,"voiceSEIadj":0,"voiceSEIrank":210,"voiceScore":0},"scoped":{"SEI":4.601950959172177,"SEIrank":3,"SEIadj":0,"audienceSEI":46.019509591721764,"audienceSEIadj":0,"audienceSEIrank":3,"audienceScore":17.244980722864796,"combinedScore":0.8622490361432398,"combinedScoreRank":3,"engagementSEI":0,"engagementSEIadj":0,"engagementSEIrank":9,"engagementScore":0,"voiceSEI":0,"voiceSEIadj":0,"voiceSEIrank":9,"voiceScore":0}},"twitter":{"entityString":"536575feb08f37d80186a098","type":"twitter","profiles":1,"postsMade":0,"repliesMade":0,"repliesRcvd":0,"sharesMade":0,"sharesRcvd":0,"mentionsRcvd":0,"likesRcvd":0,"reachRcvd":0,"audience":20755,"voice":0,"conversation":0,"engagement":0,"group_scoped":{"audienceScore":3.253257175818526,"voiceScore":0,"engagementScore":0,"combinedScore":3.253257175818526,"combinedScoreRank":47,"SEIrank":143,"engagementSEIrank":217,"voiceSEIrank":215,"audienceSEIrank":64,"engagementSEI":0,"engagementSEIadj":0,"voiceSEI":0,"voiceSEIadj":0,"audienceSEI":7.727765221891674,"audienceSEIadj":7.727765221891674,"SEI":0.7727765221891674,"SEIadj":0.7727765221891674},"non_scoped":{"SEI":0.3665814754043347,"SEIrank":136,"SEIadj":0,"audienceSEI":3.665814754043347,"audienceSEIadj":0,"audienceSEIrank":31,"audienceScore":0.595102241174251,"combinedScore":0.029755112058712552,"combinedScoreRank":145,"engagementSEI":0,"engagementSEIadj":0,"engagementSEIrank":217,"engagementScore":0,"voiceSEI":0,"voiceSEIadj":0,"voiceSEIrank":215,"voiceScore":0},"scoped":{"SEI":10,"SEIrank":3,"SEIadj":0,"audienceSEI":100,"audienceSEIadj":0,"audienceSEIrank":1,"audienceScore":26.209117312792017,"combinedScore":1.310455865639601,"combinedScoreRank":3,"engagementSEI":0,"engagementSEIadj":0,"engagementSEIrank":9,"engagementScore":0,"voiceSEI":0,"voiceSEIadj":0,"voiceSEIrank":9,"voiceScore":0}},"instagram":{"entityString":"536575feb08f37d80186a098","type":"instagram","profiles":0,"postsMade":0,"repliesMade":0,"repliesRcvd":0,"sharesMade":0,"sharesRcvd":0,"mentionsRcvd":0,"likesRcvd":0,"reachRcvd":0,"audience":0,"voice":0,"conversation":0,"engagement":0,"group_scoped":{"audienceScore":0,"voiceScore":0,"engagementScore":0,"combinedScore":0,"combinedScoreRank":220,"SEIrank":201,"engagementSEIrank":201,"voiceSEIrank":201,"audienceSEIrank":201,"engagementSEI":0,"engagementSEIadj":0,"voiceSEI":0,"voiceSEIadj":0,"audienceSEI":0,"audienceSEIadj":0,"SEI":0,"SEIadj":0},"non_scoped":{"SEI":0,"SEIrank":201,"SEIadj":0,"audienceSEI":0,"audienceSEIadj":0,"audienceSEIrank":201,"audienceScore":0,"combinedScore":0,"combinedScoreRank":201,"engagementSEI":0,"engagementSEIadj":0,"engagementSEIrank":201,"engagementScore":0,"voiceSEI":0,"voiceSEIadj":0,"voiceSEIrank":201,"voiceScore":0},"scoped":{"SEI":0,"SEIrank":9,"SEIadj":0,"audienceSEI":0,"audienceSEIadj":0,"audienceSEIrank":9,"audienceScore":null,"combinedScore":null,"combinedScoreRank":2,"engagementSEI":0,"engagementSEIadj":0,"engagementSEIrank":9,"engagementScore":0,"voiceSEI":0,"voiceSEIadj":0,"voiceSEIrank":9,"voiceScore":0}}},"week":{"boundaryQuantum":4993818,"combined":{"entityString":"536575feb08f37d80186a098","type":"combined","profiles":2,"postsMade":0,"repliesMade":0,"repliesRcvd":0,"sharesMade":0,"sharesRcvd":0,"mentionsRcvd":0,"likesRcvd":0,"reachRcvd":0,"audience":36276,"voice":0,"conversation":0,"engagement":0,"group_scoped":{"audienceScore":1.5783592999457,"voiceScore":0,"engagementScore":0,"combinedScore":1.5783592999457,"combinedScoreRank":26,"SEIrank":177,"engagementSEIrank":228,"voiceSEIrank":226,"audienceSEIrank":60,"engagementSEI":0,"engagementSEIadj":0,"voiceSEI":0,"voiceSEIadj":0,"audienceSEI":2.4533272015933507,"audienceSEIadj":2.4533272015933507,"SEI":0.24533272015933508,"SEIadj":0.24533272015933508},"non_scoped":{"SEI":0.14251983043456054,"SEIrank":173,"SEIadj":0,"audienceSEI":1.4251983043456053,"audienceSEIadj":0,"audienceSEIrank":45,"audienceScore":0.2626197339226857,"combinedScore":0.013130986696134286,"combinedScoreRank":147,"engagementSEI":0,"engagementSEIadj":0,"engagementSEIrank":228,"engagementScore":0,"voiceSEI":0,"voiceSEIadj":0,"voiceSEIrank":226,"voiceScore":0},"scoped":{"SEI":8.365850283658503,"SEIrank":5,"SEIadj":0,"audienceSEI":83.65850283658503,"audienceSEIadj":0,"audienceSEIrank":3,"audienceScore":21.440603334653325,"combinedScore":1.0720301667326664,"combinedScoreRank":4,"engagementSEI":0,"engagementSEIadj":0,"engagementSEIrank":9,"engagementScore":0,"voiceSEI":0,"voiceSEIadj":0,"voiceSEIrank":9,"voiceScore":0}},"facebook":{"entityString":"536575feb08f37d80186a098","type":"facebook","profiles":1,"postsMade":0,"repliesMade":0,"repliesRcvd":0,"sharesMade":0,"sharesRcvd":0,"mentionsRcvd":0,"likesRcvd":0,"reachRcvd":0,"audience":15521,"voice":0,"conversation":0,"engagement":0,"group_scoped":{"audienceScore":1.0021999195450615,"voiceScore":0,"engagementScore":0,"combinedScore":1.0021999195450615,"combinedScoreRank":36,"SEIrank":121,"engagementSEIrank":219,"voiceSEIrank":216,"audienceSEIrank":57,"engagementSEI":0,"engagementSEIadj":0,"voiceSEI":0,"voiceSEIadj":0,"audienceSEI":1.4130540667752487,"audienceSEIadj":1.4130540667752487,"SEI":0.14130540667752486,"SEIadj":0.14130540667752486},"non_scoped":{"SEI":0.0835838803362742,"SEIrank":127,"SEIadj":0,"audienceSEI":0.835838803362742,"audienceSEIadj":0,"audienceSEIrank":56,"audienceScore":0.15941220127287373,"combinedScore":0.007970610063643687,"combinedScoreRank":114,"engagementSEI":0,"engagementSEIadj":0,"engagementSEIrank":219,"engagementScore":0,"voiceSEI":0,"voiceSEIadj":0,"voiceSEIrank":216,"voiceScore":0},"scoped":{"SEI":4.601950959172177,"SEIrank":3,"SEIadj":0,"audienceSEI":46.019509591721764,"audienceSEIadj":0,"audienceSEIrank":3,"audienceScore":17.244980722864796,"combinedScore":0.8622490361432398,"combinedScoreRank":3,"engagementSEI":0,"engagementSEIadj":0,"engagementSEIrank":9,"engagementScore":0,"voiceSEI":0,"voiceSEIadj":0,"voiceSEIrank":9,"voiceScore":0}},"twitter":{"entityString":"536575feb08f37d80186a098","type":"twitter","profiles":1,"postsMade":0,"repliesMade":0,"repliesRcvd":0,"sharesMade":0,"sharesRcvd":0,"mentionsRcvd":0,"likesRcvd":0,"reachRcvd":0,"audience":20755,"voice":0,"conversation":0,"engagement":0,"group_scoped":{"audienceScore":3.253257175818526,"voiceScore":0,"engagementScore":0,"combinedScore":3.253257175818526,"combinedScoreRank":51,"SEIrank":163,"engagementSEIrank":224,"voiceSEIrank":223,"audienceSEIrank":64,"engagementSEI":0,"engagementSEIadj":0,"voiceSEI":0,"voiceSEIadj":0,"audienceSEI":7.727765221891674,"audienceSEIadj":7.727765221891674,"SEI":0.7727765221891674,"SEIadj":0.7727765221891674},"non_scoped":{"SEI":0.3665814754043347,"SEIrank":164,"SEIadj":0,"audienceSEI":3.665814754043347,"audienceSEIadj":0,"audienceSEIrank":31,"audienceScore":0.595102241174251,"combinedScore":0.029755112058712552,"combinedScoreRank":161,"engagementSEI":0,"engagementSEIadj":0,"engagementSEIrank":224,"engagementScore":0,"voiceSEI":0,"voiceSEIadj":0,"voiceSEIrank":223,"voiceScore":0},"scoped":{"SEI":10,"SEIrank":4,"SEIadj":0,"audienceSEI":100,"audienceSEIadj":0,"audienceSEIrank":1,"audienceScore":26.209117312792017,"combinedScore":1.310455865639601,"combinedScoreRank":5,"engagementSEI":0,"engagementSEIadj":0,"engagementSEIrank":9,"engagementScore":0,"voiceSEI":0,"voiceSEIadj":0,"voiceSEIrank":9,"voiceScore":0}},"instagram":{"entityString":"536575feb08f37d80186a098","type":"instagram","profiles":0,"postsMade":0,"repliesMade":0,"repliesRcvd":0,"sharesMade":0,"sharesRcvd":0,"mentionsRcvd":0,"likesRcvd":0,"reachRcvd":0,"audience":0,"voice":0,"conversation":0,"engagement":0,"group_scoped":{"audienceScore":0,"voiceScore":0,"engagementScore":0,"combinedScore":0,"combinedScoreRank":220,"SEIrank":201,"engagementSEIrank":201,"voiceSEIrank":201,"audienceSEIrank":201,"engagementSEI":0,"engagementSEIadj":0,"voiceSEI":0,"voiceSEIadj":0,"audienceSEI":0,"audienceSEIadj":0,"SEI":0,"SEIadj":0},"non_scoped":{"SEI":0,"SEIrank":201,"SEIadj":0,"audienceSEI":0,"audienceSEIadj":0,"audienceSEIrank":201,"audienceScore":0,"combinedScore":0,"combinedScoreRank":201,"engagementSEI":0,"engagementSEIadj":0,"engagementSEIrank":201,"engagementScore":0,"voiceSEI":0,"voiceSEIadj":0,"voiceSEIrank":201,"voiceScore":0},"scoped":{"SEI":0,"SEIrank":9,"SEIadj":0,"audienceSEI":0,"audienceSEIadj":0,"audienceSEIrank":9,"audienceScore":null,"combinedScore":null,"combinedScoreRank":2,"engagementSEI":0,"engagementSEIadj":0,"engagementSEIrank":9,"engagementScore":0,"voiceSEI":0,"voiceSEIadj":0,"voiceSEIrank":9,"voiceScore":0}}},"month":{"boundaryQuantum":4987194,"combined":{"entityString":"536575feb08f37d80186a098","type":"combined","profiles":2,"postsMade":7,"repliesMade":0,"repliesRcvd":0,"sharesMade":0,"sharesRcvd":186,"mentionsRcvd":0,"likesRcvd":230,"reachRcvd":0,"audience":36276,"voice":7,"conversation":7,"engagement":416,"group_scoped":{"audienceScore":1.5783592999457,"voiceScore":0.09135995823544767,"engagementScore":0.07731781525131078,"combinedScore":0.15307199663523707,"combinedScoreRank":130,"SEIrank":166,"engagementSEIrank":120,"voiceSEIrank":196,"audienceSEIrank":60,"engagementSEI":0.08988375610388488,"engagementSEIadj":0.08988375610388488,"voiceSEI":0.24196335983408226,"voiceSEIadj":0.24196335983408226,"audienceSEI":2.4533272015933507,"audienceSEIadj":2.4533272015933507,"SEI":0.3718519817718907,"SEIadj":0.3718519817718907},"non_scoped":{"SEI":0.20646968147953024,"SEIrank":168,"SEIadj":0,"audienceSEI":1.4251983043456053,"audienceSEIadj":0,"audienceSEIrank":45,"audienceScore":0.2626197339226857,"combinedScore":0.01835011760605245,"combinedScoreRank":125,"engagementSEI":0.01142267180686898,"engagementSEIadj":0,"engagementSEIrank":140,"engagementScore":0.004778703523949231,"voiceSEI":0.19032082653616098,"voiceSEIadj":0,"voiceSEIrank":195,"voiceScore":0.018365954767277117},"scoped":{"SEI":12.368769434709042,"SEIrank":4,"SEIadj":0,"audienceSEI":83.65850283658503,"audienceSEIadj":0,"audienceSEIrank":3,"audienceScore":21.440603334653325,"combinedScore":4.031432290129021,"combinedScoreRank":3,"engagementSEI":3.9371569184175654,"engagementSEIadj":0,"engagementSEIrank":4,"engagementScore":3.1627765528776703,"voiceSEI":5.46875,"voiceSEIadj":0,"voiceSEIrank":6,"voiceScore":2.258064516129032}},"facebook":{"entityString":"536575feb08f37d80186a098","type":"facebook","profiles":1,"postsMade":0,"repliesMade":0,"repliesRcvd":0,"sharesMade":0,"sharesRcvd":0,"mentionsRcvd":0,"likesRcvd":0,"reachRcvd":0,"audience":15521,"voice":0,"conversation":0,"engagement":0,"group_scoped":{"audienceScore":1.0021999195450615,"voiceScore":0,"engagementScore":0,"combinedScore":1.0021999195450615,"combinedScoreRank":33,"SEIrank":131,"engagementSEIrank":222,"voiceSEIrank":221,"audienceSEIrank":57,"engagementSEI":0,"engagementSEIadj":0,"voiceSEI":0,"voiceSEIadj":0,"audienceSEI":1.4130540667752487,"audienceSEIadj":1.4130540667752487,"SEI":0.14130540667752486,"SEIadj":0.14130540667752486},"non_scoped":{"SEI":0.0835838803362742,"SEIrank":132,"SEIadj":0,"audienceSEI":0.835838803362742,"audienceSEIadj":0,"audienceSEIrank":56,"audienceScore":0.15941220127287373,"combinedScore":0.007970610063643687,"combinedScoreRank":118,"engagementSEI":0,"engagementSEIadj":0,"engagementSEIrank":222,"engagementScore":0,"voiceSEI":0,"voiceSEIadj":0,"voiceSEIrank":221,"voiceScore":0},"scoped":{"SEI":4.601950959172177,"SEIrank":3,"SEIadj":0,"audienceSEI":46.019509591721764,"audienceSEIadj":0,"audienceSEIrank":3,"audienceScore":17.244980722864796,"combinedScore":0.8622490361432398,"combinedScoreRank":3,"engagementSEI":0,"engagementSEIadj":0,"engagementSEIrank":10,"engagementScore":0,"voiceSEI":0,"voiceSEIadj":0,"voiceSEIrank":9,"voiceScore":0}},"twitter":{"entityString":"536575feb08f37d80186a098","type":"twitter","profiles":1,"postsMade":7,"repliesMade":0,"repliesRcvd":0,"sharesMade":0,"sharesRcvd":186,"mentionsRcvd":0,"likesRcvd":230,"reachRcvd":0,"audience":20755,"voice":7,"conversation":7,"engagement":416,"group_scoped":{"audienceScore":3.253257175818526,"voiceScore":0.12665098606839154,"engagementScore":0.663699165589751,"combinedScore":0.7663246571251218,"combinedScoreRank":119,"SEIrank":134,"engagementSEIrank":128,"voiceSEIrank":184,"audienceSEIrank":64,"engagementSEI":1.3132971334764492,"engagementSEIadj":1.3132971334764492,"voiceSEI":0.35569105691056907,"voiceSEIadj":0.35569105691056907,"audienceSEI":7.727765221891674,"audienceSEIadj":7.727765221891674,"SEI":1.6674621193482075,"SEIadj":1.6674621193482075},"non_scoped":{"SEI":0.8651540307833013,"SEIrank":119,"SEIadj":0,"audienceSEI":3.665814754043347,"audienceSEIadj":0,"audienceSEIrank":31,"audienceScore":0.595102241174251,"combinedScore":0.16872701986960323,"combinedScoreRank":85,"engagementSEI":0.663889819824133,"engagementSEIadj":0,"engagementSEIrank":88,"engagementScore":0.15276762795206913,"voiceSEI":0.3341288782816229,"voiceSEIadj":0,"voiceSEIrank":183,"voiceScore":0.02962085308056872},"scoped":{"SEI":21.22277059223962,"SEIrank":3,"SEIadj":0,"audienceSEI":100,"audienceSEIadj":0,"audienceSEIrank":1,"audienceScore":26.209117312792017,"combinedScore":11.279070848928098,"combinedScoreRank":3,"engagementSEI":15.339233038348082,"engagementSEIadj":0,"engagementSEIrank":3,"engagementScore":10.927239296033623,"voiceSEI":6.730769230769231,"voiceSEIadj":0,"voiceSEIrank":5,"voiceScore":2.681992337164751}},"instagram":{"entityString":"536575feb08f37d80186a098","type":"instagram","profiles":0,"postsMade":0,"repliesMade":0,"repliesRcvd":0,"sharesMade":0,"sharesRcvd":0,"mentionsRcvd":0,"likesRcvd":0,"reachRcvd":0,"audience":0,"voice":0,"conversation":0,"engagement":0,"group_scoped":{"audienceScore":0,"voiceScore":0,"engagementScore":0,"combinedScore":0,"combinedScoreRank":220,"SEIrank":201,"engagementSEIrank":201,"voiceSEIrank":201,"audienceSEIrank":201,"engagementSEI":0,"engagementSEIadj":0,"voiceSEI":0,"voiceSEIadj":0,"audienceSEI":0,"audienceSEIadj":0,"SEI":0,"SEIadj":0},"non_scoped":{"SEI":0,"SEIrank":201,"SEIadj":0,"audienceSEI":0,"audienceSEIadj":0,"audienceSEIrank":201,"audienceScore":0,"combinedScore":0,"combinedScoreRank":201,"engagementSEI":0,"engagementSEIadj":0,"engagementSEIrank":201,"engagementScore":0,"voiceSEI":0,"voiceSEIadj":0,"voiceSEIrank":201,"voiceScore":0},"scoped":{"SEI":0,"SEIrank":9,"SEIadj":0,"audienceSEI":0,"audienceSEIadj":0,"audienceSEIrank":9,"audienceScore":null,"combinedScore":null,"combinedScoreRank":2,"engagementSEI":0,"engagementSEIadj":0,"engagementSEIrank":9,"engagementScore":0,"voiceSEI":0,"voiceSEIadj":0,"voiceSEIrank":9,"voiceScore":0}}},"quarter":{"boundaryQuantum":4969914,"combined":{"entityString":"536575feb08f37d80186a098","type":"combined","profiles":2,"postsMade":33,"repliesMade":0,"repliesRcvd":22,"sharesMade":0,"sharesRcvd":360,"mentionsRcvd":0,"likesRcvd":698,"reachRcvd":0,"audience":36276,"voice":33,"conversation":55,"engagement":1080,"group_scoped":{"audienceScore":1.5783592999457,"voiceScore":0.1543859649122807,"engagementScore":0.06005074287773168,"combinedScore":0.14068293183285754,"combinedScoreRank":126,"SEIrank":165,"engagementSEIrank":128,"voiceSEIrank":188,"audienceSEIrank":60,"engagementSEI":0.0678345515288212,"engagementSEIadj":0.0678345515288212,"voiceSEI":0.3727128981251412,"voiceSEIadj":0.3727128981251412,"audienceSEI":2.4533272015933507,"audienceSEIadj":2.4533272015933507,"SEI":0.39784732051417016,"SEIadj":0.39784732051417016},"non_scoped":{"SEI":0.2406893962396973,"SEIrank":165,"SEIadj":0,"audienceSEI":1.4251983043456053,"audienceSEIadj":0,"audienceSEIrank":45,"audienceScore":0.2626197339226857,"combinedScore":0.018124879126279785,"combinedScoreRank":120,"engagementSEI":0.009482360570448276,"engagementSEIadj":0,"engagementSEIrank":143,"engagementScore":0.003904066953302298,"voiceSEI":0.308267164876226,"voiceSEIadj":0,"voiceSEIrank":187,"voiceScore":0.029604643443468588},"scoped":{"SEI":11.710593859442476,"SEIrank":3,"SEIadj":0,"audienceSEI":83.65850283658503,"audienceSEIadj":0,"audienceSEIrank":3,"audienceScore":21.440603334653325,"combinedScore":3.2012067320695428,"combinedScoreRank":3,"engagementSEI":2.35191637630662,"engagementSEIadj":0,"engagementSEIrank":3,"engagementScore":2.1446017593677396,"voiceSEI":6.4453125,"voiceSEIadj":0,"voiceSEIrank":5,"voiceScore":3.9806996381182147}},"facebook":{"entityString":"536575feb08f37d80186a098","type":"facebook","profiles":1,"postsMade":1,"repliesMade":0,"repliesRcvd":22,"sharesMade":0,"sharesRcvd":7,"mentionsRcvd":0,"likesRcvd":88,"reachRcvd":0,"audience":15521,"voice":1,"conversation":23,"engagement":117,"group_scoped":{"audienceScore":1.0021999195450615,"voiceScore":0.01633453119895459,"engagementScore":0.008859683065662368,"combinedScore":0.05890043729629694,"combinedScoreRank":127,"SEIrank":131,"engagementSEIrank":131,"voiceSEIrank":150,"audienceSEIrank":57,"engagementSEI":0.009845136838987415,"engagementSEIadj":0.009845136838987415,"voiceSEI":0.0373134328358209,"voiceSEIadj":0.0373134328358209,"audienceSEI":1.4130540667752487,"audienceSEIadj":1.4130540667752487,"SEI":0.15840651863166358,"SEIadj":0.15840651863166358},"non_scoped":{"SEI":0.09080389908438782,"SEIrank":136,"SEIadj":0,"audienceSEI":0.835838803362742,"audienceSEIadj":0,"audienceSEIrank":56,"audienceScore":0.15941220127287373,"combinedScore":0.008525370593691363,"combinedScoreRank":119,"engagementSEI":0.001092445542990253,"engagementSEIadj":0,"engagementSEIrank":139,"engagementScore":0.0004773204648823911,"voiceSEI":0.02188183807439825,"voiceSEIadj":0,"voiceSEIrank":153,"voiceScore":0.0025034422330704716},"scoped":{"SEI":5.09189346887532,"SEIrank":3,"SEIadj":0,"audienceSEI":46.019509591721764,"audienceSEIadj":0,"audienceSEIrank":3,"audienceScore":17.244980722864796,"combinedScore":1.176913059330372,"combinedScoreRank":4,"engagementSEI":0.3358016187360083,"engagementSEIadj":0,"engagementSEIrank":4,"engagementScore":0.31307698482780766,"voiceSEI":0.9615384615384616,"voiceSEIadj":0,"voiceSEIrank":5,"voiceScore":0.6578947368421052}},"twitter":{"entityString":"536575feb08f37d80186a098","type":"twitter","profiles":1,"postsMade":32,"repliesMade":0,"repliesRcvd":0,"sharesMade":0,"sharesRcvd":353,"mentionsRcvd":0,"likesRcvd":610,"reachRcvd":0,"audience":20755,"voice":32,"conversation":32,"engagement":963,"group_scoped":{"audienceScore":3.253257175818526,"voiceScore":0.21370375317216506,"engagementScore":0.5510288160032959,"combinedScore":0.6692739808525009,"combinedScoreRank":127,"SEIrank":141,"engagementSEIrank":138,"voiceSEIrank":182,"audienceSEIrank":64,"engagementSEI":0.9574563278616808,"engagementSEIadj":0.9574563278616808,"voiceSEI":0.542832909245123,"voiceSEIadj":0.542832909245123,"audienceSEI":7.727765221891674,"audienceSEIadj":7.727765221891674,"SEI":1.5101001916797128,"SEIadj":1.5101001916797128},"non_scoped":{"SEI":0.8393430768421681,"SEIrank":115,"SEIadj":0,"audienceSEI":3.665814754043347,"audienceSEIadj":0,"audienceSEIrank":31,"audienceScore":0.595102241174251,"combinedScore":0.14212560910974148,"combinedScoreRank":96,"engagementSEI":0.5210024021294553,"engagementSEIadj":0,"engagementSEIrank":97,"engagementScore":0.12226848025230729,"voiceSEI":0.5338672005338673,"voiceSEIadj":0,"voiceSEIrank":170,"voiceScore":0.04657729647904749},"scoped":{"SEI":17.56868409035396,"SEIrank":2,"SEIadj":0,"audienceSEI":100,"audienceSEIadj":0,"audienceSEIrank":1,"audienceScore":26.209117312792017,"combinedScore":8.219875491254701,"combinedScoreRank":2,"engagementSEI":8.692904856472287,"engagementSEIadj":0,"engagementSEIrank":2,"engagementScore":7.414536495226363,"voiceSEI":7.8431372549019605,"voiceSEIadj":0,"voiceSEIrank":4,"voiceScore":4.726735598227474}},"instagram":{"entityString":"536575feb08f37d80186a098","type":"instagram","profiles":0,"postsMade":0,"repliesMade":0,"repliesRcvd":0,"sharesMade":0,"sharesRcvd":0,"mentionsRcvd":0,"likesRcvd":0,"reachRcvd":0,"audience":0,"voice":0,"conversation":0,"engagement":0,"group_scoped":{"audienceScore":0,"voiceScore":0,"engagementScore":0,"combinedScore":0,"combinedScoreRank":220,"SEIrank":201,"engagementSEIrank":201,"voiceSEIrank":201,"audienceSEIrank":201,"engagementSEI":0,"engagementSEIadj":0,"voiceSEI":0,"voiceSEIadj":0,"audienceSEI":0,"audienceSEIadj":0,"SEI":0,"SEIadj":0},"non_scoped":{"SEI":0,"SEIrank":201,"SEIadj":0,"audienceSEI":0,"audienceSEIadj":0,"audienceSEIrank":201,"audienceScore":0,"combinedScore":0,"combinedScoreRank":201,"engagementSEI":0,"engagementSEIadj":0,"engagementSEIrank":201,"engagementScore":0,"voiceSEI":0,"voiceSEIadj":0,"voiceSEIrank":201,"voiceScore":0},"scoped":{"SEI":0,"SEIrank":9,"SEIadj":0,"audienceSEI":0,"audienceSEIadj":0,"audienceSEIrank":9,"audienceScore":null,"combinedScore":null,"combinedScoreRank":2,"engagementSEI":0,"engagementSEIadj":0,"engagementSEIrank":9,"engagementScore":0,"voiceSEI":0,"voiceSEIadj":0,"voiceSEIrank":9,"voiceScore":0}}},"blended":{"combined":{"non_scoped":{"SEI":0.20119709099387437,"SEIadj":40.120718254596326,"SEIrank":171,"audienceSEI":1.4251983043456053,"audienceSEIadj":60.57007932173824,"audienceSEIrank":45,"engagementSEI":0.006454581056254485,"engagementSEIadj":50.00322729052813,"engagementSEIrank":160,"voiceSEI":0.18268170641853715,"voiceSEIadj":40.10960902385112,"voiceSEIrank":195},"scoped":{"SEI":20.085381557598133,"SEIadj":60.04269077879907,"SEIrank":4,"compCharisma":12,"compInfluence":0,"compEva":8.085381557598133,"audienceSEI":83.65850283658503,"audienceSEIadj":93.46340113463401,"audienceSEIrank":3,"engagementSEI":1.7665317259159448,"engagementSEIadj":60.70661269036638,"engagementSEIrank":3,"voiceSEI":4.04296875,"voiceSEIadj":52.021484375,"voiceSEIrank":6}},"facebook":{"non_scoped":{"SEI":0.08719388971033101,"SEIadj":50.04359694485517,"SEIrank":132,"audienceSEI":0.8358388033627421,"audienceSEIadj":60.334335521345096,"audienceSEIrank":56,"engagementSEI":0.0005462227714951265,"engagementSEIadj":50.000273111385745,"engagementSEIrank":144,"voiceSEI":0.010940919037199124,"voiceSEIadj":50.0054704595186,"voiceSEIrank":153},"scoped":{"SEI":4.846922214023748,"SEIadj":61.9387688856095,"SEIrank":3,"audienceSEI":46.01950959172176,"audienceSEIadj":78.4078038366887,"audienceSEIrank":3,"engagementSEI":0.16790080936800414,"engagementSEIadj":50.083950404684,"engagementSEIrank":4,"voiceSEI":0.4807692307692308,"voiceSEIadj":50.24038461538461,"voiceSEIrank":5}},"twitter":{"non_scoped":{"SEI":0.6777481594300965,"SEIadj":50.33887407971505,"SEIrank":137,"audienceSEI":3.665814754043347,"audienceSEIadj":61.46632590161734,"audienceSEIrank":31,"engagementSEI":0.36008467403834754,"engagementSEIadj":50.180042337019174,"engagementSEIrank":115,"voiceSEI":0.31705293200917706,"voiceSEIadj":40.1902317592055,"voiceSEIrank":184},"scoped":{"SEI":15.467757634012923,"SEIadj":66.18710305360517,"SEIrank":3,"audienceSEI":98,"audienceSEIadj":98,"audienceSEIrank":1,"engagementSEI":6.647337383988356,"engagementSEIadj":62.65893495359534,"engagementSEIrank":2,"voiceSEI":4.931184012066365,"voiceSEIadj":52.465592006033184,"voiceSEIrank":5}},"instagram":{"non_scoped":{"SEI":0,"SEIadj":0,"SEIrank":201,"audienceSEI":0,"audienceSEIadj":0,"audienceSEIrank":201,"engagementSEI":0,"engagementSEIadj":0,"engagementSEIrank":201,"voiceSEI":0,"voiceSEIadj":0,"voiceSEIrank":201},"scoped":{"SEI":0,"SEIadj":0,"SEIrank":9,"audienceSEI":0,"audienceSEIadj":0,"audienceSEIrank":9,"engagementSEI":0,"engagementSEIadj":0,"engagementSEIrank":9,"voiceSEI":0,"voiceSEIadj":0,"voiceSEIrank":9}},"influence":{"instagram":{"scope":"anchor","ratio":0,"calculated":false},"combined":{"ratio":0.09,"bottom":false,"scope":"anchor","calculated":true},"facebook":{"ratio":0.01,"bottom":false,"scope":"anchor","calculated":true},"twitter":{"ratio":0.19,"bottom":false,"scope":"anchor","calculated":true}},"charisma":{"instagram":{"scope":"anchor","ratio":0,"calculated":false},"combined":{"ratio":2,"bottom":false,"scope":"anchor","calculated":true},"facebook":{"ratio":0.37,"bottom":true,"scope":"anchor","calculated":true},"twitter":{"ratio":2,"bottom":false,"scope":"anchor","calculated":true}}},"scope":"anchor"}}