{"scoreEntityString":"591d1494ab33fb0001804f89.asset.536575feb08f37d80186a10a","timeQuantum":4995834,"scoreEntityType":"asset","scoreProfileID":"591d1494ab33fb0001804f89","data":{"scoreEntityString":"591d1494ab33fb0001804f89.asset.536575feb08f37d80186a10a","scoreProfileID":"591d1494ab33fb0001804f89","scoreEntityType":"asset","entityID":"asset.536575feb08f37d80186a10a","object_version":"1.2","score_engine_version":"3.0.20","timestamp":4995834,"start_quantum":4969914,"end_quantum":4995833,"schedule_options":{"interval":15,"offset":"1"},"_15min":{"boundaryQuantum":4995831,"combined":{"entityString":"536575feb08f37d80186a10a","type":"combined","profiles":2,"postsMade":0,"repliesMade":0,"repliesRcvd":0,"sharesMade":0,"sharesRcvd":0,"mentionsRcvd":0,"likesRcvd":0,"reachRcvd":0,"audience":10440,"voice":0,"conversation":0,"engagement":0,"group_scoped":{"audienceScore":0.6894652483758933,"voiceScore":0,"engagementScore":0,"combinedScore":0.6894652483758933,"engagementSEI":0,"engagementSEIadj":0,"voiceSEI":0,"voiceSEIadj":0,"audienceSEI":1.6034551078646093,"audienceSEIadj":1.6034551078646093,"SEI":0.16034551078646095,"SEIadj":0.16034551078646095,"combinedScoreRank":103,"SEIrank":85,"engagementSEIrank":153,"voiceSEIrank":149,"audienceSEIrank":82},"non_scoped":{"SEI":0.04101629258288709,"SEIrank":124,"SEIadj":0,"audienceSEI":0.4101629258288709,"audienceSEIadj":0,"audienceSEIrank":123,"audienceScore":0.07558027406971107,"combinedScore":0.003779013703485554,"combinedScoreRank":124,"engagementSEI":0,"engagementSEIadj":0,"engagementSEIrank":153,"engagementScore":0,"voiceSEI":0,"voiceSEIadj":0,"voiceSEIrank":149,"voiceScore":0},"scoped":{"SEI":0.5354724877928686,"SEIrank":111,"SEIadj":0,"audienceSEI":5.354724877928685,"audienceSEIadj":0,"audienceSEIrank":110,"audienceScore":0.2169858790827483,"combinedScore":0.010849293954137416,"combinedScoreRank":111,"engagementSEI":0,"engagementSEIadj":0,"engagementSEIrank":137,"engagementScore":0,"voiceSEI":0,"voiceSEIadj":0,"voiceSEIrank":135,"voiceScore":0}},"facebook":{"entityString":"536575feb08f37d80186a10a","type":"facebook","profiles":1,"postsMade":0,"repliesMade":0,"repliesRcvd":0,"sharesMade":0,"sharesRcvd":0,"mentionsRcvd":0,"likesRcvd":0,"reachRcvd":0,"audience":6037,"voice":0,"conversation":0,"engagement":0,"group_scoped":{"audienceScore":0.5807353993674149,"voiceScore":0,"engagementScore":0,"combinedScore":0.5807353993674149,"engagementSEI":0,"engagementSEIadj":0,"voiceSEI":0,"voiceSEIadj":0,"audienceSEI":1.1102835020736204,"audienceSEIadj":1.1102835020736204,"SEI":0.11102835020736204,"SEIadj":0.11102835020736204,"combinedScoreRank":84,"SEIrank":71,"engagementSEIrank":152,"voiceSEIrank":149,"audienceSEIrank":69},"non_scoped":{"SEI":0.03251052674377214,"SEIrank":104,"SEIadj":0,"audienceSEI":0.3251052674377214,"audienceSEIadj":0,"audienceSEIrank":104,"audienceScore":0.062004475168116656,"combinedScore":0.003100223758405833,"combinedScoreRank":104,"engagementSEI":0,"engagementSEIadj":0,"engagementSEIrank":152,"engagementScore":0,"voiceSEI":0,"voiceSEIadj":0,"voiceSEIrank":149,"voiceScore":0},"scoped":{"SEI":0.41439573866366475,"SEIrank":92,"SEIadj":0,"audienceSEI":4.1439573866366475,"audienceSEIadj":0,"audienceSEIrank":92,"audienceScore":0.25417138738338196,"combinedScore":0.0127085693691691,"combinedScoreRank":92,"engagementSEI":0,"engagementSEIadj":0,"engagementSEIrank":136,"engagementScore":0,"voiceSEI":0,"voiceSEIadj":0,"voiceSEIrank":135,"voiceScore":0}},"twitter":{"entityString":"536575feb08f37d80186a10a","type":"twitter","profiles":1,"postsMade":0,"repliesMade":0,"repliesRcvd":0,"sharesMade":0,"sharesRcvd":0,"mentionsRcvd":0,"likesRcvd":0,"reachRcvd":0,"audience":4403,"voice":0,"conversation":0,"engagement":0,"group_scoped":{"audienceScore":1.037071233580098,"voiceScore":0,"engagementScore":0,"combinedScore":1.037071233580098,"engagementSEI":0,"engagementSEIadj":0,"voiceSEI":0,"voiceSEIadj":0,"audienceSEI":3.7778426056217183,"audienceSEIadj":3.7778426056217183,"SEI":0.37778426056217185,"SEIadj":0.37778426056217185,"combinedScoreRank":136,"SEIrank":113,"engagementSEIrank":150,"voiceSEIrank":149,"audienceSEIrank":112},"non_scoped":{"SEI":0.0777672000098909,"SEIrank":143,"SEIadj":0,"audienceSEI":0.777672000098909,"audienceSEIadj":0,"audienceSEIrank":143,"audienceScore":0.12624597291689843,"combinedScore":0.006312298645844922,"combinedScoreRank":143,"engagementSEI":0,"engagementSEIadj":0,"engagementSEIrank":150,"engagementScore":0,"voiceSEI":0,"voiceSEIadj":0,"voiceSEIrank":149,"voiceScore":0},"scoped":{"SEI":0.37778426056217185,"SEIrank":128,"SEIadj":0,"audienceSEI":3.7778426056217183,"audienceSEIadj":0,"audienceSEIrank":128,"audienceScore":0.19997692748599527,"combinedScore":0.028568132497999322,"combinedScoreRank":128,"engagementSEI":0,"engagementSEIadj":0,"engagementSEIrank":136,"engagementScore":0,"voiceSEI":0,"voiceSEIadj":0,"voiceSEIrank":135,"voiceScore":0}},"instagram":{"entityString":"536575feb08f37d80186a10a","type":"instagram","profiles":0,"postsMade":0,"repliesMade":0,"repliesRcvd":0,"sharesMade":0,"sharesRcvd":0,"mentionsRcvd":0,"likesRcvd":0,"reachRcvd":0,"audience":0,"voice":0,"conversation":0,"engagement":0,"group_scoped":{"audienceScore":0,"voiceScore":0,"engagementScore":0,"combinedScore":0,"engagementSEI":0,"engagementSEIadj":0,"voiceSEI":0,"voiceSEIadj":0,"audienceSEI":0,"audienceSEIadj":0,"SEI":0,"SEIadj":0,"combinedScoreRank":169,"SEIrank":150,"engagementSEIrank":150,"voiceSEIrank":149,"audienceSEIrank":150},"non_scoped":{"SEI":0,"SEIrank":150,"SEIadj":0,"audienceSEI":0,"audienceSEIadj":0,"audienceSEIrank":150,"audienceScore":0,"combinedScore":0,"combinedScoreRank":150,"engagementSEI":0,"engagementSEIadj":0,"engagementSEIrank":150,"engagementScore":0,"voiceSEI":0,"voiceSEIadj":0,"voiceSEIrank":149,"voiceScore":0},"scoped":{"SEI":0,"SEIrank":135,"SEIadj":0,"audienceSEI":0,"audienceSEIadj":0,"audienceSEIrank":135,"audienceScore":0,"combinedScore":0,"combinedScoreRank":135,"engagementSEI":0,"engagementSEIadj":0,"engagementSEIrank":135,"engagementScore":0,"voiceSEI":0,"voiceSEIadj":0,"voiceSEIrank":135,"voiceScore":0}}},"hour":{"boundaryQuantum":4995822,"combined":{"entityString":"536575feb08f37d80186a10a","type":"combined","profiles":2,"postsMade":0,"repliesMade":0,"repliesRcvd":1,"sharesMade":0,"sharesRcvd":0,"mentionsRcvd":0,"likesRcvd":2,"reachRcvd":0,"audience":10440,"voice":0,"conversation":1,"engagement":3,"group_scoped":{"audienceScore":0.6894652483758933,"voiceScore":0,"engagementScore":0.24671052631578946,"combinedScore":0.30996120089580426,"combinedScoreRank":158,"SEIrank":71,"engagementSEIrank":38,"voiceSEIrank":155,"audienceSEIrank":82,"engagementSEI":0.2846299810246679,"engagementSEIadj":0.2846299810246679,"voiceSEI":0,"voiceSEIadj":0,"audienceSEI":1.6034551078646093,"audienceSEIadj":1.6034551078646093,"SEI":0.3311234994012617,"SEIadj":0.3311234994012617},"non_scoped":{"SEI":0.10099629924733228,"SEIrank":91,"SEIadj":0,"audienceSEI":0.4101629258288709,"audienceSEIadj":0,"audienceSEIrank":123,"audienceScore":0.07558027406971107,"combinedScore":0.03461149057912789,"combinedScoreRank":62,"engagementSEI":0.09996667777407531,"engagementSEIadj":0,"engagementSEIrank":44,"engagementScore":0.0342583076396026,"voiceSEI":0,"voiceSEIadj":0,"voiceSEIrank":155,"voiceScore":0},"scoped":{"SEI":1.9870853910186752,"SEIrank":66,"SEIadj":0,"audienceSEI":5.354724877928685,"audienceSEIadj":0,"audienceSEIrank":110,"audienceScore":0.2169858790827483,"combinedScore":0.5423453569462633,"combinedScoreRank":41,"engagementSEI":2.4193548387096775,"engagementSEIadj":0,"engagementSEIrank":35,"engagementScore":0.5905511811023622,"voiceSEI":0,"voiceSEIadj":0,"voiceSEIrank":139,"voiceScore":0}},"facebook":{"entityString":"536575feb08f37d80186a10a","type":"facebook","profiles":1,"postsMade":0,"repliesMade":0,"repliesRcvd":1,"sharesMade":0,"sharesRcvd":0,"mentionsRcvd":0,"likesRcvd":2,"reachRcvd":0,"audience":6037,"voice":0,"conversation":1,"engagement":3,"group_scoped":{"audienceScore":0.5807353993674149,"voiceScore":0,"engagementScore":0.29732408325074333,"combinedScore":0.33781141412455357,"combinedScoreRank":105,"SEIrank":50,"engagementSEIrank":30,"voiceSEIrank":153,"audienceSEIrank":69,"engagementSEI":0.35211267605633806,"engagementSEIadj":0.35211267605633806,"voiceSEI":0,"voiceSEIadj":0,"audienceSEI":1.1102835020736204,"audienceSEIadj":1.1102835020736204,"SEI":0.3222959558411649,"SEIadj":0.3222959558411649},"non_scoped":{"SEI":0.10479968337027817,"SEIrank":62,"SEIadj":0,"audienceSEI":0.3251052674377214,"audienceSEIadj":0,"audienceSEIrank":104,"audienceScore":0.062004475168116656,"combinedScore":0.04173235997245649,"combinedScoreRank":45,"engagementSEI":0.12048192771084339,"engagementSEIadj":0,"engagementSEIrank":33,"engagementScore":0.042924595793389614,"voiceSEI":0,"voiceSEIadj":0,"voiceSEIrank":153,"voiceScore":0},"scoped":{"SEI":1.8898055747292386,"SEIrank":46,"SEIadj":0,"audienceSEI":4.1439573866366475,"audienceSEIadj":0,"audienceSEIrank":92,"audienceScore":0.25417138738338196,"combinedScore":0.7464042215430821,"combinedScoreRank":28,"engagementSEI":2.459016393442623,"engagementSEIadj":0,"engagementSEIrank":24,"engagementScore":0.8152173913043478,"voiceSEI":0,"voiceSEIadj":0,"voiceSEIrank":137,"voiceScore":0}},"twitter":{"entityString":"536575feb08f37d80186a10a","type":"twitter","profiles":1,"postsMade":0,"repliesMade":0,"repliesRcvd":0,"sharesMade":0,"sharesRcvd":0,"mentionsRcvd":0,"likesRcvd":0,"reachRcvd":0,"audience":4403,"voice":0,"conversation":0,"engagement":0,"group_scoped":{"audienceScore":1.037071233580098,"voiceScore":0,"engagementScore":0,"combinedScore":1.037071233580098,"combinedScoreRank":141,"SEIrank":128,"engagementSEIrank":158,"voiceSEIrank":154,"audienceSEIrank":112,"engagementSEI":0,"engagementSEIadj":0,"voiceSEI":0,"voiceSEIadj":0,"audienceSEI":3.7778426056217183,"audienceSEIadj":3.7778426056217183,"SEI":0.37778426056217185,"SEIadj":0.37778426056217185},"non_scoped":{"SEI":0.0777672000098909,"SEIrank":149,"SEIadj":0,"audienceSEI":0.777672000098909,"audienceSEIadj":0,"audienceSEIrank":143,"audienceScore":0.12624597291689843,"combinedScore":0.006312298645844922,"combinedScoreRank":149,"engagementSEI":0,"engagementSEIadj":0,"engagementSEIrank":158,"engagementScore":0,"voiceSEI":0,"voiceSEIadj":0,"voiceSEIrank":154,"voiceScore":0},"scoped":{"SEI":0.37778426056217185,"SEIrank":134,"SEIadj":0,"audienceSEI":3.7778426056217183,"audienceSEIadj":0,"audienceSEIrank":128,"audienceScore":0.19997692748599527,"combinedScore":0.009998846374299764,"combinedScoreRank":134,"engagementSEI":0,"engagementSEIadj":0,"engagementSEIrank":141,"engagementScore":0,"voiceSEI":0,"voiceSEIadj":0,"voiceSEIrank":138,"voiceScore":0}},"instagram":{"entityString":"536575feb08f37d80186a10a","type":"instagram","profiles":0,"postsMade":0,"repliesMade":0,"repliesRcvd":0,"sharesMade":0,"sharesRcvd":0,"mentionsRcvd":0,"likesRcvd":0,"reachRcvd":0,"audience":0,"voice":0,"conversation":0,"engagement":0,"group_scoped":{"audienceScore":0,"voiceScore":0,"engagementScore":0,"combinedScore":0,"combinedScoreRank":169,"SEIrank":150,"engagementSEIrank":150,"voiceSEIrank":149,"audienceSEIrank":150,"engagementSEI":0,"engagementSEIadj":0,"voiceSEI":0,"voiceSEIadj":0,"audienceSEI":0,"audienceSEIadj":0,"SEI":0,"SEIadj":0},"non_scoped":{"SEI":0,"SEIrank":150,"SEIadj":0,"audienceSEI":0,"audienceSEIadj":0,"audienceSEIrank":150,"audienceScore":0,"combinedScore":0,"combinedScoreRank":150,"engagementSEI":0,"engagementSEIadj":0,"engagementSEIrank":150,"engagementScore":0,"voiceSEI":0,"voiceSEIadj":0,"voiceSEIrank":149,"voiceScore":0},"scoped":{"SEI":0,"SEIrank":135,"SEIadj":0,"audienceSEI":0,"audienceSEIadj":0,"audienceSEIrank":135,"audienceScore":0,"combinedScore":0,"combinedScoreRank":135,"engagementSEI":0,"engagementSEIadj":0,"engagementSEIrank":135,"engagementScore":0,"voiceSEI":0,"voiceSEIadj":0,"voiceSEIrank":135,"voiceScore":0}}},"today":{"boundaryQuantum":4995546,"combined":{"entityString":"536575feb08f37d80186a10a","type":"combined","profiles":2,"postsMade":4,"repliesMade":0,"repliesRcvd":22,"sharesMade":0,"sharesRcvd":2,"mentionsRcvd":0,"likesRcvd":65,"reachRcvd":0,"audience":10440,"voice":4,"conversation":26,"engagement":89,"group_scoped":{"audienceScore":0.6894652483758933,"voiceScore":2.0100502512562812,"engagementScore":0.2753116589847496,"combinedScore":0.3827562680678833,"combinedScoreRank":91,"SEIrank":65,"engagementSEIrank":58,"voiceSEIrank":59,"audienceSEIrank":82,"engagementSEI":0.33121208738044733,"engagementSEIadj":0.33121208738044733,"voiceSEI":3.8461538461538463,"voiceSEIadj":3.8461538461538463,"audienceSEI":1.6034551078646093,"audienceSEIadj":1.6034551078646093,"SEI":1.512918917060883,"SEIadj":1.512918917060883},"non_scoped":{"SEI":0.9172012904933315,"SEIrank":63,"SEIadj":0,"audienceSEI":0.4101629258288709,"audienceSEIadj":0,"audienceSEIrank":123,"audienceScore":0.07558027406971107,"combinedScore":0.04753962270351768,"combinedScoreRank":66,"engagementSEI":0.09044531615211072,"engagementSEIadj":0,"engagementSEIrank":60,"engagementScore":0.033115416528685764,"voiceSEI":2.73972602739726,"voiceSEIadj":0,"voiceSEIrank":58,"voiceScore":0.2791346824842987},"scoped":{"SEI":7.797858884743908,"SEIrank":62,"SEIadj":0,"audienceSEI":5.354724877928685,"audienceSEIadj":0,"audienceSEIrank":110,"audienceScore":0.2169858790827483,"combinedScore":0.37490283584714024,"combinedScoreRank":51,"engagementSEI":4.696569920844327,"engagementSEIadj":0,"engagementSEIrank":51,"engagementScore":0.3681336863004632,"voiceSEI":14.814814814814813,"voiceSEIadj":0,"voiceSEIrank":47,"voiceScore":0.6546644844517185}},"facebook":{"entityString":"536575feb08f37d80186a10a","type":"facebook","profiles":1,"postsMade":2,"repliesMade":0,"repliesRcvd":22,"sharesMade":0,"sharesRcvd":2,"mentionsRcvd":0,"likesRcvd":65,"reachRcvd":0,"audience":6037,"voice":2,"conversation":24,"engagement":89,"group_scoped":{"audienceScore":0.5807353993674149,"voiceScore":2.380952380952381,"engagementScore":0.29512219385217364,"combinedScore":0.4136943634829461,"combinedScoreRank":74,"SEIrank":44,"engagementSEIrank":43,"voiceSEIrank":35,"audienceSEIrank":69,"engagementSEI":0.3529505076142132,"engagementSEIadj":0.3529505076142132,"voiceSEI":4.444444444444445,"voiceSEIadj":4.444444444444445,"audienceSEI":1.1102835020736204,"audienceSEIadj":1.1102835020736204,"SEI":1.6561319881092234,"SEIadj":1.6561319881092234},"non_scoped":{"SEI":1.00437622247094,"SEIrank":42,"SEIadj":0,"audienceSEI":0.3251052674377214,"audienceSEIadj":0,"audienceSEIrank":104,"audienceScore":0.062004475168116656,"combinedScore":0.05760170582399542,"combinedScoreRank":46,"engagementSEI":0.10462464439376484,"engagementSEIadj":0,"engagementSEIrank":44,"engagementScore":0.03859848468420801,"voiceSEI":3.0303030303030303,"voiceSEIadj":0,"voiceSEIrank":37,"voiceScore":0.3952569169960474},"scoped":{"SEI":8.501100940975803,"SEIrank":39,"SEIadj":0,"audienceSEI":4.1439573866366475,"audienceSEIadj":0,"audienceSEIrank":92,"audienceScore":0.25417138738338196,"combinedScore":0.5192560618870435,"combinedScoreRank":36,"engagementSEI":5.144508670520231,"engagementSEIadj":0,"engagementSEIrank":35,"engagementScore":0.49549047990201533,"voiceSEI":16.666666666666664,"voiceSEIadj":0,"voiceSEIrank":28,"voiceScore":1.2121212121212122}},"twitter":{"entityString":"536575feb08f37d80186a10a","type":"twitter","profiles":1,"postsMade":2,"repliesMade":0,"repliesRcvd":0,"sharesMade":0,"sharesRcvd":0,"mentionsRcvd":0,"likesRcvd":0,"reachRcvd":0,"audience":4403,"voice":2,"conversation":2,"engagement":0,"group_scoped":{"audienceScore":1.037071233580098,"voiceScore":1.8018018018018018,"engagementScore":0,"combinedScore":1.610619159746376,"combinedScoreRank":83,"SEIrank":119,"engagementSEIrank":194,"voiceSEIrank":68,"audienceSEIrank":112,"engagementSEI":0,"engagementSEIadj":0,"voiceSEI":3.6363636363636362,"voiceSEIadj":3.6363636363636362,"audienceSEI":3.7778426056217183,"audienceSEIadj":3.7778426056217183,"SEI":1.4686933514712628,"SEIadj":1.4686933514712628},"non_scoped":{"SEI":0.7519245033806774,"SEIrank":103,"SEIadj":0,"audienceSEI":0.777672000098909,"audienceSEIadj":0,"audienceSEIrank":143,"audienceScore":0.12624597291689843,"combinedScore":0.017650167126570547,"combinedScoreRank":157,"engagementSEI":0,"engagementSEIadj":0,"engagementSEIrank":194,"engagementScore":0,"voiceSEI":2.247191011235955,"voiceSEIadj":0,"voiceSEIrank":80,"voiceScore":0.22675736961451248},"scoped":{"SEI":2.9864799127360846,"SEIrank":102,"SEIadj":0,"audienceSEI":3.7778426056217183,"audienceSEIadj":0,"audienceSEIrank":128,"audienceScore":0.19997692748599527,"combinedScore":0.032882141568807775,"combinedScoreRank":143,"engagementSEI":0,"engagementSEIadj":0,"engagementSEIrank":177,"engagementScore":0,"voiceSEI":8.695652173913043,"voiceSEIadj":0,"voiceSEIrank":69,"voiceScore":0.4576659038901602}},"instagram":{"entityString":"536575feb08f37d80186a10a","type":"instagram","profiles":0,"postsMade":0,"repliesMade":0,"repliesRcvd":0,"sharesMade":0,"sharesRcvd":0,"mentionsRcvd":0,"likesRcvd":0,"reachRcvd":0,"audience":0,"voice":0,"conversation":0,"engagement":0,"group_scoped":{"audienceScore":0,"voiceScore":0,"engagementScore":0,"combinedScore":0,"combinedScoreRank":169,"SEIrank":150,"engagementSEIrank":150,"voiceSEIrank":150,"audienceSEIrank":150,"engagementSEI":0,"engagementSEIadj":0,"voiceSEI":0,"voiceSEIadj":0,"audienceSEI":0,"audienceSEIadj":0,"SEI":0,"SEIadj":0},"non_scoped":{"SEI":0,"SEIrank":150,"SEIadj":0,"audienceSEI":0,"audienceSEIadj":0,"audienceSEIrank":150,"audienceScore":0,"combinedScore":0,"combinedScoreRank":150,"engagementSEI":0,"engagementSEIadj":0,"engagementSEIrank":150,"engagementScore":0,"voiceSEI":0,"voiceSEIadj":0,"voiceSEIrank":150,"voiceScore":0},"scoped":{"SEI":0,"SEIrank":135,"SEIadj":0,"audienceSEI":0,"audienceSEIadj":0,"audienceSEIrank":135,"audienceScore":0,"combinedScore":0,"combinedScoreRank":135,"engagementSEI":0,"engagementSEIadj":0,"engagementSEIrank":135,"engagementScore":0,"voiceSEI":0,"voiceSEIadj":0,"voiceSEIrank":135,"voiceScore":0}}},"week":{"boundaryQuantum":4993818,"combined":{"entityString":"536575feb08f37d80186a10a","type":"combined","profiles":2,"postsMade":25,"repliesMade":0,"repliesRcvd":115,"sharesMade":0,"sharesRcvd":39,"mentionsRcvd":0,"likesRcvd":529,"reachRcvd":0,"audience":10440,"voice":25,"conversation":140,"engagement":683,"group_scoped":{"audienceScore":0.6894652483758933,"voiceScore":2.0408163265306123,"engagementScore":0.3663318011402949,"combinedScore":0.4662126997715907,"combinedScoreRank":75,"SEIrank":66,"engagementSEIrank":66,"voiceSEIrank":53,"audienceSEIrank":82,"engagementSEI":0.4269337033842154,"engagementSEIadj":0.4269337033842154,"voiceSEI":4.638218923933209,"voiceSEIadj":4.638218923933209,"audienceSEI":1.6034551078646093,"audienceSEIadj":1.6034551078646093,"SEI":1.8079714099969528,"SEIadj":1.8079714099969528},"non_scoped":{"SEI":0.990887092102648,"SEIrank":59,"SEIadj":0,"audienceSEI":0.4101629258288709,"audienceSEIadj":0,"audienceSEIrank":123,"audienceScore":0.07558027406971107,"combinedScore":0.051280544685080975,"combinedScoreRank":70,"engagementSEI":0.0861120111756496,"engagementSEIadj":0,"engagementSEIrank":66,"engagementScore":0.03611614486857266,"voiceSEI":2.9940119760479043,"voiceSEIadj":0,"voiceSEIrank":56,"voiceScore":0.2999400119976005},"scoped":{"SEI":5.213141723811462,"SEIrank":65,"SEIadj":0,"audienceSEI":5.354724877928685,"audienceSEIadj":0,"audienceSEIrank":110,"audienceScore":0.2169858790827483,"combinedScore":0.3505047766413402,"combinedScoreRank":59,"engagementSEI":2.3376001095215275,"engagementSEIadj":0,"engagementSEIrank":57,"engagementScore":0.34212609074606526,"voiceSEI":10.91703056768559,"voiceSEIadj":0,"voiceSEIrank":46,"voiceScore":0.6348400203148806}},"facebook":{"entityString":"536575feb08f37d80186a10a","type":"facebook","profiles":1,"postsMade":13,"repliesMade":0,"repliesRcvd":115,"sharesMade":0,"sharesRcvd":35,"mentionsRcvd":0,"likesRcvd":519,"reachRcvd":0,"audience":6037,"voice":13,"conversation":128,"engagement":669,"group_scoped":{"audienceScore":0.5807353993674149,"voiceScore":2.795698924731183,"engagementScore":0.3947438295461921,"combinedScore":0.5240911627965028,"combinedScoreRank":55,"SEIrank":35,"engagementSEIrank":47,"voiceSEIrank":28,"audienceSEIrank":69,"engagementSEI":0.4555855193266323,"engagementSEIadj":0.4555855193266323,"voiceSEI":5.676855895196507,"voiceSEIadj":5.676855895196507,"audienceSEI":1.1102835020736204,"audienceSEIadj":1.1102835020736204,"SEI":2.0874364303622936,"SEIadj":2.0874364303622936},"non_scoped":{"SEI":1.2386828799426786,"SEIrank":33,"SEIadj":0,"audienceSEI":0.3251052674377214,"audienceSEIadj":0,"audienceSEIrank":104,"audienceScore":0.062004475168116656,"combinedScore":0.06286661118717526,"combinedScoreRank":53,"engagementSEI":0.09288312553800016,"engagementSEIadj":0,"engagementSEIrank":51,"engagementScore":0.041698844586723315,"voiceSEI":3.8348082595870205,"voiceSEIadj":0,"voiceSEIrank":29,"voiceScore":0.4447485460143688},"scoped":{"SEI":9.416902165398882,"SEIrank":41,"SEIadj":0,"audienceSEI":4.1439573866366475,"audienceSEIadj":0,"audienceSEIrank":92,"audienceScore":0.25417138738338196,"combinedScore":0.611519907917599,"combinedScoreRank":42,"engagementSEI":6.87917737789203,"engagementSEIadj":0,"engagementSEIrank":42,"engagementScore":0.5945398315026128,"voiceSEI":16.25,"voiceSEIadj":0,"voiceSEIrank":21,"voiceScore":1.2745098039215685}},"twitter":{"entityString":"536575feb08f37d80186a10a","type":"twitter","profiles":1,"postsMade":12,"repliesMade":0,"repliesRcvd":0,"sharesMade":0,"sharesRcvd":4,"mentionsRcvd":0,"likesRcvd":10,"reachRcvd":0,"audience":4403,"voice":12,"conversation":12,"engagement":14,"group_scoped":{"audienceScore":1.037071233580098,"voiceScore":1.6304347826086956,"engagementScore":0.27744748315497425,"combinedScore":0.3830780356489165,"combinedScoreRank":171,"SEIrank":118,"engagementSEIrank":131,"voiceSEIrank":81,"audienceSEIrank":112,"engagementSEI":1.1532125205930808,"engagementSEIadj":1.1532125205930808,"voiceSEI":4.195804195804196,"voiceSEIadj":4.195804195804196,"audienceSEI":3.7778426056217183,"audienceSEIadj":3.7778426056217183,"SEI":2.3284530316592793,"SEIadj":2.3284530316592793},"non_scoped":{"SEI":0.9012755028118333,"SEIrank":112,"SEIadj":0,"audienceSEI":0.777672000098909,"audienceSEIadj":0,"audienceSEIrank":143,"audienceScore":0.12624597291689843,"combinedScore":0.03839044300366608,"combinedScoreRank":150,"engagementSEI":0.1066910531931108,"engagementSEIadj":0,"engagementSEIrank":154,"engagementScore":0.022565358950388446,"voiceSEI":2.5316455696202533,"voiceSEIadj":0,"voiceSEIrank":84,"voiceScore":0.23538642604943116},"scoped":{"SEI":2.8148471976251086,"SEIrank":108,"SEIadj":0,"audienceSEI":3.7778426056217183,"audienceSEIadj":0,"audienceSEIrank":128,"audienceScore":0.19997692748599527,"combinedScore":0.06776428025902427,"combinedScoreRank":138,"engagementSEI":0.6526806526806527,"engagementSEIadj":0,"engagementSEIrank":142,"engagementScore":0.040643325785287114,"voiceSEI":6.8181818181818175,"voiceSEIadj":0,"voiceSEIrank":73,"voiceScore":0.423728813559322}},"instagram":{"entityString":"536575feb08f37d80186a10a","type":"instagram","profiles":0,"postsMade":0,"repliesMade":0,"repliesRcvd":0,"sharesMade":0,"sharesRcvd":0,"mentionsRcvd":0,"likesRcvd":0,"reachRcvd":0,"audience":0,"voice":0,"conversation":0,"engagement":0,"group_scoped":{"audienceScore":0,"voiceScore":0,"engagementScore":0,"combinedScore":0,"combinedScoreRank":169,"SEIrank":150,"engagementSEIrank":150,"voiceSEIrank":150,"audienceSEIrank":150,"engagementSEI":0,"engagementSEIadj":0,"voiceSEI":0,"voiceSEIadj":0,"audienceSEI":0,"audienceSEIadj":0,"SEI":0,"SEIadj":0},"non_scoped":{"SEI":0,"SEIrank":150,"SEIadj":0,"audienceSEI":0,"audienceSEIadj":0,"audienceSEIrank":150,"audienceScore":0,"combinedScore":0,"combinedScoreRank":150,"engagementSEI":0,"engagementSEIadj":0,"engagementSEIrank":150,"engagementScore":0,"voiceSEI":0,"voiceSEIadj":0,"voiceSEIrank":150,"voiceScore":0},"scoped":{"SEI":0,"SEIrank":135,"SEIadj":0,"audienceSEI":0,"audienceSEIadj":0,"audienceSEIrank":135,"audienceScore":0,"combinedScore":0,"combinedScoreRank":135,"engagementSEI":0,"engagementSEIadj":0,"engagementSEIrank":135,"engagementScore":0,"voiceSEI":0,"voiceSEIadj":0,"voiceSEIrank":135,"voiceScore":0}}},"month":{"boundaryQuantum":4987194,"combined":{"entityString":"536575feb08f37d80186a10a","type":"combined","profiles":2,"postsMade":101,"repliesMade":0,"repliesRcvd":342,"sharesMade":0,"sharesRcvd":83,"mentionsRcvd":0,"likesRcvd":1627,"reachRcvd":0,"audience":10440,"voice":101,"conversation":443,"engagement":2052,"group_scoped":{"audienceScore":0.6894652483758933,"voiceScore":1.7407790417097553,"engagementScore":0.2075194448349199,"combinedScore":0.3082797148557104,"combinedScoreRank":88,"SEIrank":74,"engagementSEIrank":77,"voiceSEIrank":59,"audienceSEIrank":82,"engagementSEI":0.2399882111054194,"engagementSEIadj":0.2399882111054194,"voiceSEI":4.130879345603272,"voiceSEIadj":4.130879345603272,"audienceSEI":1.6034551078646093,"audienceSEIadj":1.6034551078646093,"SEI":1.5436022411306942,"SEIadj":1.5436022411306942},"non_scoped":{"SEI":0.8986402998024341,"SEIrank":69,"SEIadj":0,"audienceSEI":0.4101629258288709,"audienceSEIadj":0,"audienceSEIrank":123,"audienceScore":0.07558027406971107,"combinedScore":0.038243424916157884,"combinedScoreRank":88,"engagementSEI":0.05634452535503641,"engagementSEIadj":0,"engagementSEIrank":83,"engagementScore":0.023571874113326494,"voiceSEI":2.7460576400217507,"voiceSEIadj":0,"voiceSEIrank":65,"voiceScore":0.2649944902135698},"scoped":{"SEI":4.701698365463052,"SEIrank":79,"SEIadj":0,"audienceSEI":5.354724877928685,"audienceSEIadj":0,"audienceSEIrank":110,"audienceScore":0.2169858790827483,"combinedScore":0.2560669391005485,"combinedScoreRank":75,"engagementSEI":1.6942295466367232,"engagementSEIadj":0,"engagementSEIrank":74,"engagementScore":0.24147028573983814,"voiceSEI":10.4989604989605,"voiceSEIadj":0,"voiceSEIrank":55,"voiceScore":0.5578877596111357}},"facebook":{"entityString":"536575feb08f37d80186a10a","type":"facebook","profiles":1,"postsMade":48,"repliesMade":0,"repliesRcvd":342,"sharesMade":0,"sharesRcvd":64,"mentionsRcvd":0,"likesRcvd":1594,"reachRcvd":0,"audience":6037,"voice":48,"conversation":390,"engagement":2000,"group_scoped":{"audienceScore":0.5807353993674149,"voiceScore":2.181818181818182,"engagementScore":0.21463096352132144,"combinedScore":0.33129554622846913,"combinedScoreRank":64,"SEIrank":40,"engagementSEIrank":59,"voiceSEIrank":30,"audienceSEIrank":69,"engagementSEI":0.24503617959191676,"engagementSEIadj":0.24503617959191676,"voiceSEI":4.575786463298379,"voiceSEIadj":4.575786463298379,"audienceSEI":1.1102835020736204,"audienceSEIadj":1.1102835020736204,"SEI":1.630785996952026,"SEIadj":1.630785996952026},"non_scoped":{"SEI":1.0187706355740147,"SEIrank":41,"SEIadj":0,"audienceSEI":0.3251052674377214,"audienceSEIadj":0,"audienceSEIrank":104,"audienceScore":0.062004475168116656,"combinedScore":0.04501504062630287,"combinedScoreRank":61,"engagementSEI":0.059608432208820256,"engagementSEIadj":0,"engagementSEIrank":64,"engagementScore":0.02649925497344642,"voiceSEI":3.1683168316831685,"voiceSEIadj":0,"voiceSEIrank":35,"voiceScore":0.36130974783590514},"scoped":{"SEI":7.0358092347563,"SEIrank":53,"SEIadj":0,"audienceSEI":4.1439573866366475,"audienceSEIadj":0,"audienceSEIrank":92,"audienceScore":0.25417138738338196,"combinedScore":0.41158957687220976,"combinedScoreRank":55,"engagementSEI":5.361930294906166,"engagementSEIadj":0,"engagementSEIrank":55,"engagementScore":0.3861234938770467,"voiceSEI":11.347517730496454,"voiceSEIadj":0,"voiceSEIrank":27,"voiceScore":1.0273972602739725}},"twitter":{"entityString":"536575feb08f37d80186a10a","type":"twitter","profiles":1,"postsMade":53,"repliesMade":0,"repliesRcvd":0,"sharesMade":0,"sharesRcvd":19,"mentionsRcvd":0,"likesRcvd":33,"reachRcvd":0,"audience":4403,"voice":53,"conversation":53,"engagement":52,"group_scoped":{"audienceScore":1.037071233580098,"voiceScore":1.5065378055713472,"engagementScore":0.2030377572136972,"combinedScore":0.3099144334498998,"combinedScoreRank":173,"SEIrank":127,"engagementSEIrank":150,"voiceSEIrank":75,"audienceSEIrank":112,"engagementSEI":0.6974248927038627,"engagementSEIadj":0.6974248927038627,"voiceSEI":4.039634146341464,"voiceSEIadj":4.039634146341464,"audienceSEI":3.7778426056217183,"audienceSEIadj":3.7778426056217183,"SEI":2.0081294400869285,"SEIadj":2.0081294400869285},"non_scoped":{"SEI":0.8865088171649587,"SEIrank":117,"SEIadj":0,"audienceSEI":0.777672000098909,"audienceSEIadj":0,"audienceSEIrank":143,"audienceScore":0.12624597291689843,"combinedScore":0.034712265456668,"combinedScoreRank":160,"engagementSEI":0.08298622747801662,"engagementSEIadj":0,"engagementSEIrank":170,"engagementScore":0.019095953494008642,"voiceSEI":2.5298329355608593,"voiceSEIadj":0,"voiceSEIrank":83,"voiceScore":0.22427217332430602},"scoped":{"SEI":2.972684377499066,"SEIrank":110,"SEIadj":0,"audienceSEI":3.7778426056217183,"audienceSEIadj":0,"audienceSEIrank":128,"audienceScore":0.19997692748599527,"combinedScore":0.06315385046833286,"combinedScoreRank":148,"engagementSEI":0.45622038954202493,"engagementSEIadj":0,"engagementSEIrank":156,"engagementScore":0.03659987190044835,"voiceSEI":7.737226277372263,"voiceSEIadj":0,"voiceSEIrank":72,"voiceScore":0.4043023876725914}},"instagram":{"entityString":"536575feb08f37d80186a10a","type":"instagram","profiles":0,"postsMade":0,"repliesMade":0,"repliesRcvd":0,"sharesMade":0,"sharesRcvd":0,"mentionsRcvd":0,"likesRcvd":0,"reachRcvd":0,"audience":0,"voice":0,"conversation":0,"engagement":0,"group_scoped":{"audienceScore":0,"voiceScore":0,"engagementScore":0,"combinedScore":0,"combinedScoreRank":169,"SEIrank":150,"engagementSEIrank":150,"voiceSEIrank":150,"audienceSEIrank":150,"engagementSEI":0,"engagementSEIadj":0,"voiceSEI":0,"voiceSEIadj":0,"audienceSEI":0,"audienceSEIadj":0,"SEI":0,"SEIadj":0},"non_scoped":{"SEI":0,"SEIrank":150,"SEIadj":0,"audienceSEI":0,"audienceSEIadj":0,"audienceSEIrank":150,"audienceScore":0,"combinedScore":0,"combinedScoreRank":150,"engagementSEI":0,"engagementSEIadj":0,"engagementSEIrank":150,"engagementScore":0,"voiceSEI":0,"voiceSEIadj":0,"voiceSEIrank":150,"voiceScore":0},"scoped":{"SEI":0,"SEIrank":135,"SEIadj":0,"audienceSEI":0,"audienceSEIadj":0,"audienceSEIrank":135,"audienceScore":0,"combinedScore":0,"combinedScoreRank":135,"engagementSEI":0,"engagementSEIadj":0,"engagementSEIrank":135,"engagementScore":0,"voiceSEI":0,"voiceSEIadj":0,"voiceSEIrank":135,"voiceScore":0}}},"quarter":{"boundaryQuantum":4969914,"combined":{"entityString":"536575feb08f37d80186a10a","type":"combined","profiles":2,"postsMade":325,"repliesMade":0,"repliesRcvd":888,"sharesMade":0,"sharesRcvd":490,"mentionsRcvd":0,"likesRcvd":5050,"reachRcvd":0,"audience":10440,"voice":325,"conversation":1213,"engagement":6428,"group_scoped":{"audienceScore":0.6894652483758933,"voiceScore":1.9295849907973637,"engagementScore":0.22606953080021508,"combinedScore":0.33441508967885647,"combinedScoreRank":75,"SEIrank":63,"engagementSEIrank":68,"voiceSEIrank":52,"audienceSEIrank":82,"engagementSEI":0.25707979272041853,"engagementSEIadj":0.25707979272041853,"voiceSEI":4.6621718548271405,"voiceSEIadj":4.6621718548271405,"audienceSEI":1.6034551078646093,"audienceSEIadj":1.6034551078646093,"SEI":1.7132449428668541,"SEIadj":1.7132449428668541},"non_scoped":{"SEI":0.9856682065462448,"SEIrank":65,"SEIadj":0,"audienceSEI":0.4101629258288709,"audienceSEIadj":0,"audienceSEIrank":123,"audienceScore":0.07558027406971107,"combinedScore":0.0392698431365647,"combinedScoreRank":82,"engagementSEI":0.05643760532114955,"engagementSEIadj":0,"engagementSEIrank":77,"engagementScore":0.0232364281257659,"voiceSEI":3.035964502568893,"voiceSEIadj":0,"voiceSEIrank":59,"voiceScore":0.2915608823977967},"scoped":{"SEI":5.137174838336634,"SEIrank":69,"SEIadj":0,"audienceSEI":5.354724877928685,"audienceSEIadj":0,"audienceSEIrank":110,"audienceScore":0.2169858790827483,"combinedScore":0.2547813921001457,"combinedScoreRank":70,"engagementSEI":1.67982459578894,"engagementSEIadj":0,"engagementSEIrank":68,"engagementScore":0.23672125593368268,"voiceSEI":11.979358643568006,"voiceSEIadj":0,"voiceSEIrank":49,"voiceScore":0.6176593561138773}},"facebook":{"entityString":"536575feb08f37d80186a10a","type":"facebook","profiles":1,"postsMade":158,"repliesMade":0,"repliesRcvd":888,"sharesMade":0,"sharesRcvd":431,"mentionsRcvd":0,"likesRcvd":4911,"reachRcvd":0,"audience":6037,"voice":158,"conversation":1046,"engagement":6230,"group_scoped":{"audienceScore":0.5807353993674149,"voiceScore":2.576226968857003,"engagementScore":0.22927617548202278,"combinedScore":0.36419667634504144,"combinedScoreRank":57,"SEIrank":39,"engagementSEIrank":58,"voiceSEIrank":29,"audienceSEIrank":69,"engagementSEI":0.2572148135915115,"engagementSEIadj":0.2572148135915115,"voiceSEI":5.25440638510143,"voiceSEIadj":5.25440638510143,"audienceSEI":1.1102835020736204,"audienceSEIadj":1.1102835020736204,"SEI":1.8416791538926982,"SEIadj":1.8416791538926982},"non_scoped":{"SEI":1.1046118859975789,"SEIrank":40,"SEIadj":0,"audienceSEI":0.3251052674377214,"audienceSEIadj":0,"audienceSEIrank":104,"audienceScore":0.062004475168116656,"combinedScore":0.04575208275518022,"combinedScoreRank":64,"engagementSEI":0.05817039087888271,"engagementSEIadj":0,"engagementSEIrank":63,"engagementScore":0.02541629483946407,"voiceSEI":3.4573304157549236,"voiceSEIadj":0,"voiceSEIrank":35,"voiceScore":0.3955438728251346},"scoped":{"SEI":8.718255970972747,"SEIrank":45,"SEIadj":0,"audienceSEI":4.1439573866366475,"audienceSEIadj":0,"audienceSEIrank":92,"audienceScore":0.25417138738338196,"combinedScore":0.384217554524071,"combinedScoreRank":55,"engagementSEI":5.399596113677532,"engagementSEIadj":0,"engagementSEIrank":54,"engagementScore":0.35140899212178267,"voiceSEI":16.88034188034188,"voiceSEIadj":0,"voiceSEIrank":27,"voiceScore":1.1048178449059507}},"twitter":{"entityString":"536575feb08f37d80186a10a","type":"twitter","profiles":1,"postsMade":167,"repliesMade":0,"repliesRcvd":0,"sharesMade":0,"sharesRcvd":59,"mentionsRcvd":0,"likesRcvd":139,"reachRcvd":0,"audience":4403,"voice":167,"conversation":167,"engagement":198,"group_scoped":{"audienceScore":1.037071233580098,"voiceScore":1.5824883919264665,"engagementScore":0.2832334387114309,"combinedScore":0.38588807611561604,"combinedScoreRank":157,"SEIrank":122,"engagementSEIrank":142,"voiceSEIrank":74,"audienceSEIrank":112,"engagementSEI":0.8970641536788692,"engagementSEIadj":0.8970641536788692,"voiceSEI":4.386656159705805,"voiceSEIadj":4.386656159705805,"audienceSEI":3.7778426056217183,"audienceSEIadj":3.7778426056217183,"SEI":2.2320196006812347,"SEIadj":2.2320196006812347},"non_scoped":{"SEI":0.977876229379454,"SEIrank":109,"SEIadj":0,"audienceSEI":0.777672000098909,"audienceSEIadj":0,"audienceSEIrank":143,"audienceScore":0.12624597291689843,"combinedScore":0.04109144427290885,"combinedScoreRank":157,"engagementSEI":0.10712198922287865,"engagementSEIadj":0,"engagementSEIrank":165,"engagementScore":0.02513931369673608,"voiceSEI":2.7861194527861195,"voiceSEIadj":0,"voiceSEIrank":74,"voiceScore":0.2430752660000291},"scoped":{"SEI":3.4227934409808527,"SEIrank":107,"SEIadj":0,"audienceSEI":3.7778426056217183,"audienceSEIadj":0,"audienceSEIrank":128,"audienceScore":0.19997692748599527,"combinedScore":0.07716957210872392,"combinedScoreRank":145,"engagementSEI":0.6523458091723775,"engagementSEIadj":0,"engagementSEIrank":152,"engagementScore":0.049927000673258046,"voiceSEI":8.845338983050848,"voiceSEIadj":0,"voiceSEIrank":64,"voiceScore":0.4447285025698383}},"instagram":{"entityString":"536575feb08f37d80186a10a","type":"instagram","profiles":0,"postsMade":0,"repliesMade":0,"repliesRcvd":0,"sharesMade":0,"sharesRcvd":0,"mentionsRcvd":0,"likesRcvd":0,"reachRcvd":0,"audience":0,"voice":0,"conversation":0,"engagement":0,"group_scoped":{"audienceScore":0,"voiceScore":0,"engagementScore":0,"combinedScore":0,"combinedScoreRank":169,"SEIrank":150,"engagementSEIrank":150,"voiceSEIrank":150,"audienceSEIrank":150,"engagementSEI":0,"engagementSEIadj":0,"voiceSEI":0,"voiceSEIadj":0,"audienceSEI":0,"audienceSEIadj":0,"SEI":0,"SEIadj":0},"non_scoped":{"SEI":0,"SEIrank":150,"SEIadj":0,"audienceSEI":0,"audienceSEIadj":0,"audienceSEIrank":150,"audienceScore":0,"combinedScore":0,"combinedScoreRank":150,"engagementSEI":0,"engagementSEIadj":0,"engagementSEIrank":150,"engagementScore":0,"voiceSEI":0,"voiceSEIadj":0,"voiceSEIrank":150,"voiceScore":0},"scoped":{"SEI":0,"SEIrank":135,"SEIadj":0,"audienceSEI":0,"audienceSEIadj":0,"audienceSEIrank":135,"audienceScore":0,"combinedScore":0,"combinedScoreRank":135,"engagementSEI":0,"engagementSEIadj":0,"engagementSEIrank":135,"engagementScore":0,"voiceSEI":0,"voiceSEIadj":0,"voiceSEIrank":135,"voiceScore":0}}},"blended":{"combined":{"non_scoped":{"SEI":0.9707563403989485,"SEIadj":60.38830253615958,"SEIrank":66,"audienceSEI":0.4101629258288709,"audienceSEIadj":50.205081462914436,"audienceSEIrank":123,"engagementSEI":0.06702635062413065,"engagementSEIadj":50.033513175312066,"engagementSEIrank":73,"voiceSEI":2.9650807914719435,"voiceSEIadj":61.18603231658878,"voiceSEIrank":59},"scoped":{"SEI":12.97303500287999,"SEIadj":56.48651750144,"SEIrank":72,"compCharisma":0,"compInfluence":9,"compEva":3.9730350028799903,"audienceSEI":5.3547248779286845,"audienceSEIadj":52.677362438964344,"audienceSEIrank":110,"engagementSEI":2.030155258788653,"engagementSEIadj":51.01507762939433,"engagementSEIrank":65,"voiceSEI":11.580373307674495,"voiceSEIadj":64.6321493230698,"voiceSEIrank":49}},"facebook":{"non_scoped":{"SEI":1.1269452134412423,"SEIadj":60.4507780853765,"SEIrank":40,"audienceSEI":0.3251052674377214,"audienceSEIadj":50.16255263371886,"audienceSEIrank":104,"engagementSEI":0.07112263015185269,"engagementSEIadj":60.02844905206074,"engagementSEIrank":60,"voiceSEI":3.5058703620211946,"voiceSEIadj":61.40234814480848,"voiceSEIrank":34},"scoped":{"SEI":8.664625067368274,"SEIadj":63.46585002694731,"SEIrank":46,"audienceSEI":4.1439573866366475,"audienceSEIadj":52.07197869331832,"audienceSEIrank":92,"engagementSEI":5.825066247968312,"engagementSEIadj":62.330026499187326,"engagementSEIrank":51,"voiceSEI":15.850631933078743,"voiceSEIadj":66.3402527732315,"voiceSEIrank":26}},"twitter":{"non_scoped":{"SEI":0.9298933132770546,"SEIadj":50.464946656638524,"SEIrank":111,"audienceSEI":0.777672000098909,"audienceSEIadj":50.38883600004945,"audienceSEIrank":143,"engagementSEI":0.09801624469107506,"engagementSEIadj":40.058809746814646,"engagementSEIrank":168,"voiceSEI":2.6443878881750624,"voiceSEIadj":51.32219394408753,"voiceSEIrank":80},"scoped":{"SEI":3.1510775320396234,"SEIadj":51.57553876601981,"SEIrank":115,"audienceSEI":3.7778426056217183,"audienceSEIadj":51.88892130281086,"audienceSEIrank":128,"engagementSEI":0.5904101588216883,"engagementSEIadj":40.354246095293014,"engagementSEIrank":154,"voiceSEI":8.06349058728146,"voiceSEIadj":54.03174529364073,"voiceSEIrank":69}},"instagram":{"non_scoped":{"SEI":0,"SEIadj":0,"SEIrank":150,"audienceSEI":0,"audienceSEIadj":0,"audienceSEIrank":150,"engagementSEI":0,"engagementSEIadj":0,"engagementSEIrank":150,"voiceSEI":0,"voiceSEIadj":0,"voiceSEIrank":150},"scoped":{"SEI":0,"SEIadj":0,"SEIrank":135,"audienceSEI":0,"audienceSEIadj":0,"audienceSEIrank":135,"engagementSEI":0,"engagementSEIadj":0,"engagementSEIrank":135,"voiceSEI":0,"voiceSEIadj":0,"voiceSEIrank":135}},"influence":{"instagram":{"scope":"individual","ratio":0,"calculated":false},"combined":{"ratio":1.54,"bottom":false,"scope":"individual","calculated":true},"facebook":{"ratio":1.43,"bottom":false,"scope":"individual","calculated":true},"twitter":{"ratio":0.24,"bottom":false,"scope":"individual","calculated":true}},"charisma":{"instagram":{"scope":"individual","ratio":0,"calculated":false},"combined":{"ratio":0.34,"bottom":false,"scope":"individual","calculated":true},"facebook":{"ratio":0.29,"bottom":false,"scope":"individual","calculated":true},"twitter":{"ratio":0.12,"bottom":false,"scope":"individual","calculated":true}}},"scope":"individual"}}