{"scoreEntityString":"591d1494ab33fb0001804f89.asset.536575feb08f37d80186a0fb","timeQuantum":4995834,"scoreEntityType":"asset","scoreProfileID":"591d1494ab33fb0001804f89","data":{"scoreEntityString":"591d1494ab33fb0001804f89.asset.536575feb08f37d80186a0fb","scoreProfileID":"591d1494ab33fb0001804f89","scoreEntityType":"asset","entityID":"asset.536575feb08f37d80186a0fb","object_version":"1.2","score_engine_version":"3.0.20","timestamp":4995834,"start_quantum":4969914,"end_quantum":4995833,"schedule_options":{"interval":15,"offset":"1"},"_15min":{"boundaryQuantum":4995831,"combined":{"entityString":"536575feb08f37d80186a0fb","type":"combined","profiles":3,"postsMade":0,"repliesMade":0,"repliesRcvd":0,"sharesMade":0,"sharesRcvd":0,"mentionsRcvd":0,"likesRcvd":0,"reachRcvd":0,"audience":101997,"voice":0,"conversation":0,"engagement":0,"group_scoped":{"audienceScore":3.4404154794916533,"voiceScore":0,"engagementScore":0,"combinedScore":3.4404154794916533,"engagementSEI":0,"engagementSEIadj":0,"voiceSEI":0,"voiceSEIadj":0,"audienceSEI":5.301844992364079,"audienceSEIadj":5.301844992364079,"SEI":0.5301844992364079,"SEIadj":0.5301844992364079,"combinedScoreRank":21,"SEIrank":27,"engagementSEIrank":126,"voiceSEIrank":121,"audienceSEIrank":24},"non_scoped":{"SEI":0.40072210676022363,"SEIrank":22,"SEIadj":0,"audienceSEI":4.007221067602236,"audienceSEIadj":0,"audienceSEIrank":18,"audienceScore":0.7384062465793411,"combinedScore":0.03692031232896705,"combinedScoreRank":24,"engagementSEI":0,"engagementSEIadj":0,"engagementSEIrank":126,"engagementScore":0,"voiceSEI":0,"voiceSEIadj":0,"voiceSEIrank":121,"voiceScore":0},"scoped":{"SEI":5.231473882893604,"SEIrank":14,"SEIadj":0,"audienceSEI":52.314738828936036,"audienceSEIadj":0,"audienceSEIrank":10,"audienceScore":2.1199146272799885,"combinedScore":0.10599573136399942,"combinedScoreRank":16,"engagementSEI":0,"engagementSEIadj":0,"engagementSEIrank":113,"engagementScore":0,"voiceSEI":0,"voiceSEIadj":0,"voiceSEIrank":111,"voiceScore":0}},"facebook":{"entityString":"536575feb08f37d80186a0fb","type":"facebook","profiles":1,"postsMade":0,"repliesMade":0,"repliesRcvd":0,"sharesMade":0,"sharesRcvd":0,"mentionsRcvd":0,"likesRcvd":0,"reachRcvd":0,"audience":49064,"voice":0,"conversation":0,"engagement":0,"group_scoped":{"audienceScore":2.3488826003926615,"voiceScore":0,"engagementScore":0,"combinedScore":2.3488826003926615,"engagementSEI":0,"engagementSEIadj":0,"voiceSEI":0,"voiceSEIadj":0,"audienceSEI":2.7891614722343023,"audienceSEIadj":2.7891614722343023,"SEI":0.2789161472234302,"SEIadj":0.2789161472234302,"combinedScoreRank":25,"SEIrank":34,"engagementSEIrank":125,"voiceSEIrank":121,"audienceSEIrank":30},"non_scoped":{"SEI":0.2642200570078576,"SEIrank":22,"SEIadj":0,"audienceSEI":2.642200570078576,"audienceSEIadj":0,"audienceSEIrank":18,"audienceScore":0.5039237319278576,"combinedScore":0.02519618659639288,"combinedScoreRank":22,"engagementSEI":0,"engagementSEIadj":0,"engagementSEIrank":125,"engagementScore":0,"voiceSEI":0,"voiceSEIadj":0,"voiceSEIrank":121,"voiceScore":0},"scoped":{"SEI":3.3678834722203157,"SEIrank":14,"SEIadj":0,"audienceSEI":33.678834722203156,"audienceSEIadj":0,"audienceSEIrank":10,"audienceScore":2.0657056403144365,"combinedScore":0.10328528201572183,"combinedScoreRank":14,"engagementSEI":0,"engagementSEIadj":0,"engagementSEIrank":112,"engagementScore":0,"voiceSEI":0,"voiceSEIadj":0,"voiceSEIrank":111,"voiceScore":0}},"twitter":{"entityString":"536575feb08f37d80186a0fb","type":"twitter","profiles":1,"postsMade":0,"repliesMade":0,"repliesRcvd":0,"sharesMade":0,"sharesRcvd":0,"mentionsRcvd":0,"likesRcvd":0,"reachRcvd":0,"audience":35975,"voice":0,"conversation":0,"engagement":0,"group_scoped":{"audienceScore":6.2828660697288985,"voiceScore":0,"engagementScore":0,"combinedScore":6.2828660697288985,"engagementSEI":0,"engagementSEIadj":0,"voiceSEI":0,"voiceSEIadj":0,"audienceSEI":37.513816763644705,"audienceSEIadj":37.513816763644705,"SEI":3.7513816763644705,"SEIadj":3.7513816763644705,"combinedScoreRank":23,"SEIrank":17,"engagementSEIrank":122,"voiceSEIrank":121,"audienceSEIrank":16},"non_scoped":{"SEI":0.6354020032604645,"SEIrank":17,"SEIadj":0,"audienceSEI":6.3540200326046445,"audienceSEIadj":0,"audienceSEIrank":16,"audienceScore":1.031500993796371,"combinedScore":0.051575049689818554,"combinedScoreRank":17,"engagementSEI":0,"engagementSEIadj":0,"engagementSEIrank":122,"engagementScore":0,"voiceSEI":0,"voiceSEIadj":0,"voiceSEIrank":121,"voiceScore":0},"scoped":{"SEI":3.0867110546727528,"SEIrank":12,"SEIadj":0,"audienceSEI":30.867110546727528,"audienceSEIadj":0,"audienceSEIrank":11,"audienceScore":1.6339245892138723,"combinedScore":0.2334177984591246,"combinedScoreRank":12,"engagementSEI":0,"engagementSEIadj":0,"engagementSEIrank":112,"engagementScore":0,"voiceSEI":0,"voiceSEIadj":0,"voiceSEIrank":111,"voiceScore":0}},"instagram":{"entityString":"536575feb08f37d80186a0fb","type":"instagram","profiles":1,"postsMade":0,"repliesMade":0,"repliesRcvd":0,"sharesMade":0,"sharesRcvd":0,"mentionsRcvd":0,"likesRcvd":0,"reachRcvd":0,"audience":16958,"voice":0,"conversation":0,"engagement":0,"group_scoped":{"audienceScore":5.591919778143435,"voiceScore":0,"engagementScore":0,"combinedScore":5.591919778143435,"engagementSEI":0,"engagementSEIadj":0,"voiceSEI":0,"voiceSEIadj":0,"audienceSEI":19.73328989015081,"audienceSEIadj":19.73328989015081,"SEI":1.9733289890150811,"SEIadj":1.9733289890150811,"combinedScoreRank":47,"SEIrank":11,"engagementSEIrank":122,"voiceSEIrank":121,"audienceSEIrank":10},"non_scoped":{"SEI":1.3875433658440794,"SEIrank":10,"SEIadj":0,"audienceSEI":13.875433658440794,"audienceSEIadj":0,"audienceSEIrank":9,"audienceScore":2.8786381892316726,"combinedScore":0.4112340270330961,"combinedScoreRank":10,"engagementSEI":0,"engagementSEIadj":0,"engagementSEIrank":122,"engagementScore":0,"voiceSEI":0,"voiceSEIadj":0,"voiceSEIrank":121,"voiceScore":0},"scoped":{"SEI":1.9733289890150811,"SEIrank":6,"SEIadj":0,"audienceSEI":19.73328989015081,"audienceSEIadj":0,"audienceSEIrank":5,"audienceScore":7.233098741735978,"combinedScore":1.0332998202479968,"combinedScoreRank":6,"engagementSEI":0,"engagementSEIadj":0,"engagementSEIrank":111,"engagementScore":0,"voiceSEI":0,"voiceSEIadj":0,"voiceSEIrank":111,"voiceScore":0}}},"hour":{"boundaryQuantum":4995822,"combined":{"entityString":"536575feb08f37d80186a0fb","type":"combined","profiles":3,"postsMade":0,"repliesMade":0,"repliesRcvd":0,"sharesMade":0,"sharesRcvd":0,"mentionsRcvd":0,"likesRcvd":7,"reachRcvd":0,"audience":101997,"voice":0,"conversation":0,"engagement":7,"group_scoped":{"audienceScore":3.4404154794916533,"voiceScore":0,"engagementScore":0.22890778286461738,"combinedScore":0.6876945966684795,"combinedScoreRank":94,"SEIrank":47,"engagementSEIrank":43,"voiceSEIrank":129,"audienceSEIrank":24,"engagementSEI":0.23325558147284237,"engagementSEIadj":0.23325558147284237,"voiceSEI":0,"voiceSEIadj":0,"audienceSEI":5.301844992364079,"audienceSEIadj":5.301844992364079,"SEI":0.6701378481201132,"SEIadj":0.6701378481201132},"non_scoped":{"SEI":0.540675455643929,"SEIrank":33,"SEIadj":0,"audienceSEI":4.007221067602236,"audienceSEIadj":0,"audienceSEIrank":18,"audienceScore":0.7384062465793411,"combinedScore":0.10886275837213252,"combinedScoreRank":30,"engagementSEI":0.23325558147284237,"engagementSEIadj":0,"engagementSEIrank":24,"engagementScore":0.07993605115907274,"voiceSEI":0,"voiceSEIadj":0,"voiceSEIrank":129,"voiceScore":0},"scoped":{"SEI":8.618570657087151,"SEIrank":23,"SEIadj":0,"audienceSEI":52.314738828936036,"audienceSEIadj":0,"audienceSEIrank":10,"audienceScore":2.1199146272799885,"combinedScore":1.34615321167896,"combinedScoreRank":17,"engagementSEI":5.64516129032258,"engagementSEIadj":0,"engagementSEIrank":17,"engagementScore":1.3779527559055118,"voiceSEI":0,"voiceSEIadj":0,"voiceSEIrank":116,"voiceScore":0}},"facebook":{"entityString":"536575feb08f37d80186a0fb","type":"facebook","profiles":1,"postsMade":0,"repliesMade":0,"repliesRcvd":0,"sharesMade":0,"sharesRcvd":0,"mentionsRcvd":0,"likesRcvd":7,"reachRcvd":0,"audience":49064,"voice":0,"conversation":0,"engagement":7,"group_scoped":{"audienceScore":2.3488826003926615,"voiceScore":0,"engagementScore":0.27944111776447106,"combinedScore":0.575075615282784,"combinedScoreRank":77,"SEIrank":45,"engagementSEIrank":32,"voiceSEIrank":126,"audienceSEIrank":30,"engagementSEI":0.28112449799196787,"engagementSEIadj":0.28112449799196787,"voiceSEI":0,"voiceSEIadj":0,"audienceSEI":2.7891614722343023,"audienceSEIadj":2.7891614722343023,"SEI":0.44759084601861093,"SEIadj":0.44759084601861093},"non_scoped":{"SEI":0.4328947558030383,"SEIrank":28,"SEIadj":0,"audienceSEI":2.642200570078576,"audienceSEIadj":0,"audienceSEIrank":18,"audienceScore":0.5039237319278576,"combinedScore":0.11533783776251105,"combinedScoreRank":24,"engagementSEI":0.28112449799196787,"engagementSEIadj":0,"engagementSEIrank":18,"engagementScore":0.10015739018457576,"voiceSEI":0,"voiceSEIadj":0,"voiceSEIrank":126,"voiceScore":0},"scoped":{"SEI":6.810506423039987,"SEIrank":19,"SEIadj":0,"audienceSEI":33.678834722203156,"audienceSEIadj":0,"audienceSEIrank":10,"audienceScore":2.0657056403144365,"combinedScore":1.8152418037548523,"combinedScoreRank":11,"engagementSEI":5.737704918032787,"engagementSEIadj":0,"engagementSEIrank":11,"engagementScore":1.9021739130434785,"voiceSEI":0,"voiceSEIadj":0,"voiceSEIrank":113,"voiceScore":0}},"twitter":{"entityString":"536575feb08f37d80186a0fb","type":"twitter","profiles":1,"postsMade":0,"repliesMade":0,"repliesRcvd":0,"sharesMade":0,"sharesRcvd":0,"mentionsRcvd":0,"likesRcvd":0,"reachRcvd":0,"audience":35975,"voice":0,"conversation":0,"engagement":0,"group_scoped":{"audienceScore":6.2828660697288985,"voiceScore":0,"engagementScore":0,"combinedScore":6.2828660697288985,"combinedScoreRank":36,"SEIrank":36,"engagementSEIrank":133,"voiceSEIrank":128,"audienceSEIrank":16,"engagementSEI":0,"engagementSEIadj":0,"voiceSEI":0,"voiceSEIadj":0,"audienceSEI":37.513816763644705,"audienceSEIadj":37.513816763644705,"SEI":3.7513816763644705,"SEIadj":3.7513816763644705},"non_scoped":{"SEI":0.6354020032604645,"SEIrank":47,"SEIadj":0,"audienceSEI":6.3540200326046445,"audienceSEIadj":0,"audienceSEIrank":16,"audienceScore":1.031500993796371,"combinedScore":0.051575049689818554,"combinedScoreRank":48,"engagementSEI":0,"engagementSEIadj":0,"engagementSEIrank":133,"engagementScore":0,"voiceSEI":0,"voiceSEIadj":0,"voiceSEIrank":128,"voiceScore":0},"scoped":{"SEI":3.0867110546727528,"SEIrank":39,"SEIadj":0,"audienceSEI":30.867110546727528,"audienceSEIadj":0,"audienceSEIrank":11,"audienceScore":1.6339245892138723,"combinedScore":0.08169622946069362,"combinedScoreRank":39,"engagementSEI":0,"engagementSEIadj":0,"engagementSEIrank":119,"engagementScore":0,"voiceSEI":0,"voiceSEIadj":0,"voiceSEIrank":115,"voiceScore":0}},"instagram":{"entityString":"536575feb08f37d80186a0fb","type":"instagram","profiles":1,"postsMade":0,"repliesMade":0,"repliesRcvd":0,"sharesMade":0,"sharesRcvd":0,"mentionsRcvd":0,"likesRcvd":0,"reachRcvd":0,"audience":16958,"voice":0,"conversation":0,"engagement":0,"group_scoped":{"audienceScore":5.591919778143435,"voiceScore":0,"engagementScore":0,"combinedScore":5.591919778143435,"combinedScoreRank":44,"SEIrank":11,"engagementSEIrank":124,"voiceSEIrank":122,"audienceSEIrank":10,"engagementSEI":0,"engagementSEIadj":0,"voiceSEI":0,"voiceSEIadj":0,"audienceSEI":19.73328989015081,"audienceSEIadj":19.73328989015081,"SEI":1.9733289890150811,"SEIadj":1.9733289890150811},"non_scoped":{"SEI":1.3875433658440794,"SEIrank":10,"SEIadj":0,"audienceSEI":13.875433658440794,"audienceSEIadj":0,"audienceSEIrank":9,"audienceScore":2.8786381892316726,"combinedScore":0.14393190946158363,"combinedScoreRank":11,"engagementSEI":0,"engagementSEIadj":0,"engagementSEIrank":124,"engagementScore":0,"voiceSEI":0,"voiceSEIadj":0,"voiceSEIrank":122,"voiceScore":0},"scoped":{"SEI":1.9733289890150811,"SEIrank":6,"SEIadj":0,"audienceSEI":19.73328989015081,"audienceSEIadj":0,"audienceSEIrank":5,"audienceScore":7.233098741735978,"combinedScore":1.0332998202479968,"combinedScoreRank":6,"engagementSEI":0,"engagementSEIadj":0,"engagementSEIrank":112,"engagementScore":0,"voiceSEI":0,"voiceSEIadj":0,"voiceSEIrank":111,"voiceScore":0}}},"today":{"boundaryQuantum":4995546,"combined":{"entityString":"536575feb08f37d80186a0fb","type":"combined","profiles":3,"postsMade":6,"repliesMade":0,"repliesRcvd":6,"sharesMade":0,"sharesRcvd":20,"mentionsRcvd":0,"likesRcvd":181,"reachRcvd":0,"audience":101997,"voice":6,"conversation":12,"engagement":207,"group_scoped":{"audienceScore":3.4404154794916533,"voiceScore":2.380952380952381,"engagementScore":0.20018374353271118,"combinedScore":0.4712337622016418,"combinedScoreRank":77,"SEIrank":48,"engagementSEIrank":66,"voiceSEIrank":48,"audienceSEIrank":24,"engagementSEI":0.210361578016707,"engagementSEIadj":0.210361578016707,"voiceSEI":4.724409448818897,"voiceSEIadj":4.724409448818897,"audienceSEI":5.301844992364079,"audienceSEIadj":5.301844992364079,"SEI":2.073724280692101,"SEIadj":2.073724280692101},"non_scoped":{"SEI":1.7598157658990148,"SEIrank":32,"SEIadj":0,"audienceSEI":4.007221067602236,"audienceSEIadj":0,"audienceSEIrank":18,"audienceScore":0.7384062465793411,"combinedScore":0.12717453822645977,"combinedScoreRank":36,"engagementSEI":0.210361578016707,"engagementSEIadj":0,"engagementSEIrank":41,"engagementScore":0.07702124967907813,"voiceSEI":4.10958904109589,"voiceSEIadj":0,"voiceSEIrank":39,"voiceScore":0.41870202372644805},"scoped":{"SEI":18.452230259322803,"SEIrank":30,"SEIadj":0,"audienceSEI":52.314738828936036,"audienceSEIadj":0,"audienceSEIrank":10,"audienceScore":2.1199146272799885,"combinedScore":0.9256945087964885,"combinedScoreRank":30,"engagementSEI":10.923482849604222,"engagementSEIadj":0,"engagementSEIrank":32,"engagementScore":0.8562210456651225,"voiceSEI":22.22222222222222,"voiceSEIadj":0,"voiceSEIrank":31,"voiceScore":0.9819967266775778}},"facebook":{"entityString":"536575feb08f37d80186a0fb","type":"facebook","profiles":1,"postsMade":1,"repliesMade":0,"repliesRcvd":6,"sharesMade":0,"sharesRcvd":9,"mentionsRcvd":0,"likesRcvd":111,"reachRcvd":0,"audience":49064,"voice":1,"conversation":7,"engagement":126,"group_scoped":{"audienceScore":2.3488826003926615,"voiceScore":1.3157894736842104,"engagementScore":0.14476768233834275,"combinedScore":0.3135245178083521,"combinedScoreRank":82,"SEIrank":65,"engagementSEIrank":51,"voiceSEIrank":72,"audienceSEIrank":30,"engagementSEI":0.14812028307431876,"engagementSEIadj":0.14812028307431876,"voiceSEI":1.5151515151515151,"voiceSEIadj":1.5151515151515151,"audienceSEI":2.7891614722343023,"audienceSEIadj":2.7891614722343023,"SEI":0.822333771613476,"SEIadj":0.822333771613476},"non_scoped":{"SEI":0.8076376813979034,"SEIrank":51,"SEIadj":0,"audienceSEI":2.642200570078576,"audienceSEIadj":0,"audienceSEIrank":18,"audienceScore":0.5039237319278576,"combinedScore":0.08425815068072315,"combinedScoreRank":42,"engagementSEI":0.14812028307431876,"engagementSEIadj":0,"engagementSEIrank":40,"engagementScore":0.05464504573269898,"voiceSEI":1.5151515151515151,"voiceSEIadj":0,"voiceSEIrank":58,"voiceScore":0.1976284584980237},"scoped":{"SEI":10.237825668752107,"SEIrank":34,"SEIadj":0,"audienceSEI":33.678834722203156,"audienceSEIadj":0,"audienceSEIrank":10,"audienceScore":2.0657056403144365,"combinedScore":0.7649211260366009,"combinedScoreRank":32,"engagementSEI":7.283236994219654,"engagementSEIadj":0,"engagementSEIrank":31,"engagementScore":0.7014809041309431,"voiceSEI":8.333333333333332,"voiceSEIadj":0,"voiceSEIrank":48,"voiceScore":0.6060606060606061}},"twitter":{"entityString":"536575feb08f37d80186a0fb","type":"twitter","profiles":1,"postsMade":5,"repliesMade":0,"repliesRcvd":0,"sharesMade":0,"sharesRcvd":11,"mentionsRcvd":0,"likesRcvd":70,"reachRcvd":0,"audience":35975,"voice":5,"conversation":5,"engagement":81,"group_scoped":{"audienceScore":6.2828660697288985,"voiceScore":3.4246575342465753,"engagementScore":6.639344262295081,"combinedScore":6.460786016264347,"combinedScoreRank":25,"SEIrank":17,"engagementSEIrank":17,"voiceSEIrank":23,"audienceSEIrank":16,"engagementSEI":22.689075630252102,"engagementSEIadj":22.689075630252102,"voiceSEI":12.5,"voiceSEIadj":12.5,"audienceSEI":37.513816763644705,"audienceSEIadj":37.513816763644705,"SEI":21.11482705451573,"SEIadj":21.11482705451573},"non_scoped":{"SEI":4.681164372906469,"SEIrank":30,"SEIadj":0,"audienceSEI":6.3540200326046445,"audienceSEIadj":0,"audienceSEIrank":16,"audienceScore":1.031500993796371,"combinedScore":0.9268063379920044,"combinedScoreRank":22,"engagementSEI":3.933948518698397,"engagementSEIadj":0,"engagementSEIrank":22,"engagementScore":0.9409851301115243,"voiceSEI":5.617977528089887,"voiceSEIadj":0,"voiceSEIrank":34,"voiceScore":0.5668934240362812},"scoped":{"SEI":26.842492738299025,"SEIrank":20,"SEIadj":0,"audienceSEI":30.867110546727528,"audienceSEIadj":0,"audienceSEIrank":11,"audienceScore":1.6339245892138723,"combinedScore":1.9415750905923645,"combinedScoreRank":15,"engagementSEI":28.723404255319153,"engagementSEIadj":0,"engagementSEIrank":15,"engagementScore":2.0029673590504453,"voiceSEI":21.73913043478261,"voiceSEIadj":0,"voiceSEIrank":26,"voiceScore":1.1441647597254003}},"instagram":{"entityString":"536575feb08f37d80186a0fb","type":"instagram","profiles":1,"postsMade":0,"repliesMade":0,"repliesRcvd":0,"sharesMade":0,"sharesRcvd":0,"mentionsRcvd":0,"likesRcvd":0,"reachRcvd":0,"audience":16958,"voice":0,"conversation":0,"engagement":0,"group_scoped":{"audienceScore":5.591919778143435,"voiceScore":0,"engagementScore":0,"combinedScore":5.591919778143435,"combinedScoreRank":43,"SEIrank":13,"engagementSEIrank":127,"voiceSEIrank":126,"audienceSEIrank":10,"engagementSEI":0,"engagementSEIadj":0,"voiceSEI":0,"voiceSEIadj":0,"audienceSEI":19.73328989015081,"audienceSEIadj":19.73328989015081,"SEI":1.9733289890150811,"SEIadj":1.9733289890150811},"non_scoped":{"SEI":1.3875433658440794,"SEIrank":15,"SEIadj":0,"audienceSEI":13.875433658440794,"audienceSEIadj":0,"audienceSEIrank":9,"audienceScore":2.8786381892316726,"combinedScore":0.14393190946158363,"combinedScoreRank":17,"engagementSEI":0,"engagementSEIadj":0,"engagementSEIrank":127,"engagementScore":0,"voiceSEI":0,"voiceSEIadj":0,"voiceSEIrank":126,"voiceScore":0},"scoped":{"SEI":1.9733289890150811,"SEIrank":15,"SEIadj":0,"audienceSEI":19.73328989015081,"audienceSEIadj":0,"audienceSEIrank":5,"audienceScore":7.233098741735978,"combinedScore":0.36165493708679897,"combinedScoreRank":16,"engagementSEI":0,"engagementSEIadj":0,"engagementSEIrank":115,"engagementScore":0,"voiceSEI":0,"voiceSEIadj":0,"voiceSEIrank":114,"voiceScore":0}}},"week":{"boundaryQuantum":4993818,"combined":{"entityString":"536575feb08f37d80186a0fb","type":"combined","profiles":3,"postsMade":14,"repliesMade":0,"repliesRcvd":39,"sharesMade":0,"sharesRcvd":42,"mentionsRcvd":0,"likesRcvd":731,"reachRcvd":0,"audience":101997,"voice":14,"conversation":53,"engagement":812,"group_scoped":{"audienceScore":3.4404154794916533,"voiceScore":0.9783368273934312,"engagementScore":0.09360489512101776,"combinedScore":0.3051820209531702,"combinedScoreRank":99,"SEIrank":81,"engagementSEIrank":121,"voiceSEIrank":95,"audienceSEIrank":24,"engagementSEI":0.10237621240794652,"engagementSEIadj":0.10237621240794652,"voiceSEI":2.2690437601296596,"voiceSEIadj":2.2690437601296596,"audienceSEI":5.301844992364079,"audienceSEIadj":5.301844992364079,"SEI":1.2723233547200734,"SEIadj":1.2723233547200734},"non_scoped":{"SEI":0.9651418461810394,"SEIrank":64,"SEIadj":0,"audienceSEI":4.007221067602236,"audienceSEIadj":0,"audienceSEIrank":18,"audienceScore":0.7384062465793411,"combinedScore":0.0839623788873785,"combinedScoreRank":52,"engagementSEI":0.10237621240794652,"engagementSEIadj":0,"engagementSEIrank":58,"engagementScore":0.04293749580275403,"voiceSEI":1.6766467065868262,"voiceSEIadj":0,"voiceSEIrank":95,"voiceScore":0.16796640671865626},"scoped":{"SEI":8.733000279405175,"SEIrank":37,"SEIadj":0,"audienceSEI":52.314738828936036,"audienceSEIadj":0,"audienceSEIrank":10,"audienceScore":2.1199146272799885,"combinedScore":0.48984115986433074,"combinedScoreRank":48,"engagementSEI":2.7791087685673217,"engagementSEIadj":0,"engagementSEIrank":49,"engagementScore":0.4067443421461274,"voiceSEI":6.11353711790393,"voiceSEIadj":0,"voiceSEIrank":84,"voiceScore":0.35551041137633316}},"facebook":{"entityString":"536575feb08f37d80186a0fb","type":"facebook","profiles":1,"postsMade":4,"repliesMade":0,"repliesRcvd":39,"sharesMade":0,"sharesRcvd":21,"mentionsRcvd":0,"likesRcvd":521,"reachRcvd":0,"audience":49064,"voice":4,"conversation":43,"engagement":581,"group_scoped":{"audienceScore":2.3488826003926615,"voiceScore":0.9216589861751152,"engagementScore":0.0790296626480786,"combinedScore":0.23465377571165957,"combinedScoreRank":88,"SEIrank":84,"engagementSEIrank":84,"voiceSEIrank":86,"audienceSEIrank":30,"engagementSEI":0.08066531530280732,"engagementSEIadj":0.08066531530280732,"voiceSEI":1.1799410029498525,"voiceSEIadj":1.1799410029498525,"audienceSEI":2.7891614722343023,"audienceSEIadj":2.7891614722343023,"SEI":0.6812976372900703,"SEIadj":0.6812976372900703},"non_scoped":{"SEI":0.6666015470744977,"SEIrank":60,"SEIadj":0,"audienceSEI":2.642200570078576,"audienceSEIadj":0,"audienceSEIrank":18,"audienceScore":0.5039237319278576,"combinedScore":0.0646308872177441,"combinedScoreRank":52,"engagementSEI":0.08066531530280732,"engagementSEIadj":0,"engagementSEIrank":53,"engagementScore":0.03621379477561472,"voiceSEI":1.1799410029498525,"voiceSEIadj":0,"voiceSEIrank":71,"voiceScore":0.13684570646595962},"scoped":{"SEI":8.452459307695893,"SEIrank":45,"SEIadj":0,"audienceSEI":33.678834722203156,"audienceSEIadj":0,"audienceSEIrank":10,"audienceScore":2.0657056403144365,"combinedScore":0.5875939889686961,"combinedScoreRank":43,"engagementSEI":5.974293059125964,"engagementSEIadj":0,"engagementSEIrank":44,"engagementScore":0.516334293128577,"voiceSEI":5,"voiceSEIadj":0,"voiceSEIrank":61,"voiceScore":0.39215686274509803}},"twitter":{"entityString":"536575feb08f37d80186a0fb","type":"twitter","profiles":1,"postsMade":10,"repliesMade":0,"repliesRcvd":0,"sharesMade":0,"sharesRcvd":21,"mentionsRcvd":0,"likesRcvd":166,"reachRcvd":0,"audience":35975,"voice":10,"conversation":10,"engagement":187,"group_scoped":{"audienceScore":6.2828660697288985,"voiceScore":1.2738853503184715,"engagementScore":2.2799317239697636,"combinedScore":2.4297761225751557,"combinedScoreRank":68,"SEIrank":32,"engagementSEIrank":39,"voiceSEIrank":55,"audienceSEIrank":16,"engagementSEI":12.89655172413793,"engagementSEIadj":12.89655172413793,"voiceSEI":6.578947368421052,"voiceSEIadj":6.578947368421052,"audienceSEI":37.513816763644705,"audienceSEIadj":37.513816763644705,"SEI":13.462996921373543,"SEIadj":13.462996921373543},"non_scoped":{"SEI":2.123365979113173,"SEIrank":61,"SEIadj":0,"audienceSEI":6.3540200326046445,"audienceSEIadj":0,"audienceSEIrank":16,"audienceScore":1.031500993796371,"combinedScore":0.3326506682526193,"combinedScoreRank":59,"engagementSEI":1.4250876390794085,"engagementSEIadj":0,"engagementSEIrank":62,"engagementScore":0.3014087231230457,"voiceSEI":2.109704641350211,"voiceSEIadj":0,"voiceSEIrank":93,"voiceScore":0.1961553550411926},"scoped":{"SEI":10.022025739987438,"SEIrank":50,"SEIadj":0,"audienceSEI":30.867110546727528,"audienceSEIadj":0,"audienceSEIrank":11,"audienceScore":1.6339245892138723,"combinedScore":0.5879424345254621,"combinedScoreRank":51,"engagementSEI":8.717948717948717,"engagementSEIadj":0,"engagementSEIrank":52,"engagementScore":0.5428787087034779,"voiceSEI":5.681818181818182,"voiceSEIadj":0,"voiceSEIrank":82,"voiceScore":0.3531073446327684}},"instagram":{"entityString":"536575feb08f37d80186a0fb","type":"instagram","profiles":1,"postsMade":0,"repliesMade":0,"repliesRcvd":0,"sharesMade":0,"sharesRcvd":0,"mentionsRcvd":0,"likesRcvd":44,"reachRcvd":0,"audience":16958,"voice":0,"conversation":0,"engagement":44,"group_scoped":{"audienceScore":5.591919778143435,"voiceScore":0,"engagementScore":0.03545327821960083,"combinedScore":0.8292342067801485,"combinedScoreRank":53,"SEIrank":15,"engagementSEIrank":24,"voiceSEIrank":128,"audienceSEIrank":10,"engagementSEI":0.06158755931301878,"engagementSEIadj":0.06158755931301878,"voiceSEI":0,"voiceSEIadj":0,"audienceSEI":19.73328989015081,"audienceSEIadj":19.73328989015081,"SEI":2.0102815246028922,"SEIadj":2.0102815246028922},"non_scoped":{"SEI":1.4244959014318908,"SEIrank":17,"SEIadj":0,"audienceSEI":13.875433658440794,"audienceSEIadj":0,"audienceSEIrank":9,"audienceScore":2.8786381892316726,"combinedScore":0.16155399580980673,"combinedScoreRank":19,"engagementSEI":0.06158755931301878,"engagementSEIadj":0,"engagementSEIrank":24,"engagementScore":0.019580095942470118,"voiceSEI":0,"voiceSEIadj":0,"voiceSEIrank":128,"voiceScore":0},"scoped":{"SEI":2.0667108998070587,"SEIrank":19,"SEIadj":0,"audienceSEI":19.73328989015081,"audienceSEIadj":0,"audienceSEIrank":5,"audienceScore":7.233098741735978,"combinedScore":0.4368486177794923,"combinedScoreRank":16,"engagementSEI":0.1556365179866294,"engagementSEIadj":0,"engagementSEIrank":19,"engagementScore":0.08354853410299257,"voiceSEI":0,"voiceSEIadj":0,"voiceSEIrank":116,"voiceScore":0}}},"month":{"boundaryQuantum":4987194,"combined":{"entityString":"536575feb08f37d80186a0fb","type":"combined","profiles":3,"postsMade":146,"repliesMade":0,"repliesRcvd":4607,"sharesMade":0,"sharesRcvd":911,"mentionsRcvd":0,"likesRcvd":13807,"reachRcvd":0,"audience":101997,"voice":146,"conversation":4753,"engagement":19325,"group_scoped":{"audienceScore":3.4404154794916533,"voiceScore":2.318932655654384,"engagementScore":0.4904018275176202,"combinedScore":0.7293290515231601,"combinedScoreRank":47,"SEIrank":44,"engagementSEIrank":52,"voiceSEIrank":41,"audienceSEIrank":24,"engagementSEI":0.5306325304513053,"engagementSEIadj":0.5306325304513053,"voiceSEI":5.521936459909228,"voiceSEIadj":5.521936459909228,"audienceSEI":5.301844992364079,"audienceSEIadj":5.301844992364079,"SEI":2.5051449554799596,"SEIadj":2.5051449554799596},"non_scoped":{"SEI":1.909966225357271,"SEIrank":31,"SEIadj":0,"audienceSEI":4.007221067602236,"audienceSEIadj":0,"audienceSEIrank":18,"audienceScore":0.7384062465793411,"combinedScore":0.2558656896364108,"combinedScoreRank":19,"engagementSEI":0.5306325304513053,"engagementSEIadj":0,"engagementSEIrank":18,"engagementScore":0.22199145576999735,"voiceSEI":3.969548667754214,"voiceSEIadj":0,"voiceSEIrank":41,"voiceScore":0.38306134228892275},"scoped":{"SEI":19.357876151918298,"SEIrank":13,"SEIadj":0,"audienceSEI":52.314738828936036,"audienceSEIadj":0,"audienceSEIrank":10,"audienceScore":2.1199146272799885,"combinedScore":2.1929907996944116,"combinedScoreRank":11,"engagementSEI":15.955646193350232,"engagementSEIadj":0,"engagementSEIrank":11,"engagementScore":2.2740805418725007,"voiceSEI":15.176715176715177,"voiceSEIadj":0,"voiceSEIrank":32,"voiceScore":0.8064516129032258}},"facebook":{"entityString":"536575feb08f37d80186a0fb","type":"facebook","profiles":1,"postsMade":53,"repliesMade":0,"repliesRcvd":4464,"sharesMade":0,"sharesRcvd":771,"mentionsRcvd":0,"likesRcvd":9828,"reachRcvd":0,"audience":49064,"voice":53,"conversation":4517,"engagement":15063,"group_scoped":{"audienceScore":2.3488826003926615,"voiceScore":2.729145211122554,"engagementScore":0.438068925403519,"combinedScore":0.6481634234389279,"combinedScoreRank":46,"SEIrank":42,"engagementSEIrank":48,"voiceSEIrank":39,"audienceSEIrank":30,"engagementSEI":0.44894090718072976,"engagementSEIadj":0.44894090718072976,"voiceSEI":3.498349834983498,"voiceSEIadj":3.498349834983498,"audienceSEI":2.7891614722343023,"audienceSEIadj":2.7891614722343023,"SEI":1.5977856420269174,"SEIadj":1.5977856420269174},"non_scoped":{"SEI":1.5830895518113448,"SEIrank":26,"SEIadj":0,"audienceSEI":2.642200570078576,"audienceSEIadj":0,"audienceSEIrank":18,"audienceScore":0.5039237319278576,"combinedScore":0.2247647205407607,"combinedScoreRank":17,"engagementSEI":0.44894090718072976,"engagementSEIadj":0,"engagementSEIrank":15,"engagementScore":0.19957913883251172,"voiceSEI":3.498349834983498,"voiceSEIadj":0,"voiceSEIrank":33,"voiceScore":0.3989461799021453},"scoped":{"SEI":31.356775530098737,"SEIrank":10,"SEIadj":0,"audienceSEI":33.678834722203156,"audienceSEIadj":0,"audienceSEIrank":10,"audienceScore":2.0657056403144365,"combinedScore":2.77728635714816,"combinedScoreRank":8,"engagementSEI":40.38337801608579,"engagementSEIadj":0,"engagementSEIrank":8,"engagementScore":2.908089094134977,"voiceSEI":12.529550827423167,"voiceSEIadj":0,"voiceSEIrank":25,"voiceScore":1.134417808219178}},"twitter":{"entityString":"536575feb08f37d80186a0fb","type":"twitter","profiles":1,"postsMade":86,"repliesMade":0,"repliesRcvd":0,"sharesMade":0,"sharesRcvd":140,"mentionsRcvd":0,"likesRcvd":1047,"reachRcvd":0,"audience":35975,"voice":86,"conversation":86,"engagement":1187,"group_scoped":{"audienceScore":6.2828660697288985,"voiceScore":2.405594405594406,"engagementScore":3.6159259146434337,"combinedScore":3.688756346945256,"combinedScoreRank":42,"SEIrank":24,"engagementSEIrank":25,"voiceSEIrank":30,"audienceSEIrank":16,"engagementSEI":16.76790507133776,"engagementSEIadj":16.76790507133776,"voiceSEI":12.778603268945021,"voiceSEIadj":12.778603268945021,"audienceSEI":37.513816763644705,"audienceSEIadj":37.513816763644705,"SEI":17.645705699850634,"SEIadj":17.645705699850634},"non_scoped":{"SEI":3.0034977218635674,"SEIrank":48,"SEIadj":0,"audienceSEI":6.3540200326046445,"audienceSEIadj":0,"audienceSEIrank":16,"audienceScore":1.031500993796371,"combinedScore":0.46208239192158007,"combinedScoreRank":41,"engagementSEI":1.8943202310847256,"engagementSEIadj":0,"engagementSEIrank":41,"engagementScore":0.4359018614882358,"voiceSEI":4.105011933174224,"voiceSEIadj":0,"voiceSEIrank":56,"voiceScore":0.36391333784698715},"scoped":{"SEI":13.101599055256797,"SEIrank":36,"SEIadj":0,"audienceSEI":30.867110546727528,"audienceSEIadj":0,"audienceSEIrank":11,"audienceScore":1.6339245892138723,"combinedScore":0.8664143357378296,"combinedScoreRank":32,"engagementSEI":10.414107738199684,"engagementSEIadj":0,"engagementSEIrank":32,"engagementScore":0.8354624604967729,"voiceSEI":12.554744525547445,"voiceSEIadj":0,"voiceSEIrank":45,"voiceScore":0.6560378366008086}},"instagram":{"entityString":"536575feb08f37d80186a0fb","type":"instagram","profiles":1,"postsMade":7,"repliesMade":0,"repliesRcvd":143,"sharesMade":0,"sharesRcvd":0,"mentionsRcvd":0,"likesRcvd":2932,"reachRcvd":0,"audience":16958,"voice":7,"conversation":150,"engagement":3075,"group_scoped":{"audienceScore":5.591919778143435,"voiceScore":0.8985879332477535,"engagementScore":0.6552046688925869,"combinedScore":0.9142095875728876,"combinedScoreRank":51,"SEIrank":12,"engagementSEIrank":15,"voiceSEIrank":22,"audienceSEIrank":10,"engagementSEI":1.0998994888597171,"engagementSEIadj":1.0998994888597171,"voiceSEI":1.5350877192982455,"voiceSEIadj":1.5350877192982455,"audienceSEI":19.73328989015081,"audienceSEIadj":19.73328989015081,"SEI":3.093794998120385,"SEIadj":3.093794998120385},"non_scoped":{"SEI":2.5027893409664133,"SEIrank":13,"SEIadj":0,"audienceSEI":13.875433658440794,"audienceSEIadj":0,"audienceSEIrank":9,"audienceScore":2.8786381892316726,"combinedScore":0.48567202841196544,"combinedScoreRank":13,"engagementSEI":1.0911994322214336,"engagementSEIadj":0,"engagementSEIrank":15,"engagementScore":0.34722261429834494,"voiceSEI":1.5350877192982455,"voiceSEIadj":0,"voiceSEIrank":22,"voiceScore":0.5847953216374269},"scoped":{"SEI":6.721733456198205,"SEIrank":15,"SEIadj":0,"audienceSEI":19.73328989015081,"audienceSEIadj":0,"audienceSEIrank":5,"audienceScore":7.233098741735978,"combinedScore":1.9285274669293777,"combinedScoreRank":8,"engagementSEI":2.610977142274904,"engagementSEIadj":0,"engagementSEIrank":10,"engagementScore":1.6205704407951598,"voiceSEI":10.606060606060606,"voiceSEIadj":0,"voiceSEIrank":17,"voiceScore":2.1671826625387}}},"quarter":{"boundaryQuantum":4969914,"combined":{"entityString":"536575feb08f37d80186a0fb","type":"combined","profiles":3,"postsMade":544,"repliesMade":0,"repliesRcvd":20464,"sharesMade":0,"sharesRcvd":5339,"mentionsRcvd":0,"likesRcvd":73133,"reachRcvd":0,"audience":101997,"voice":544,"conversation":21008,"engagement":98936,"group_scoped":{"audienceScore":3.4404154794916533,"voiceScore":3.0575539568345325,"engagementScore":0.8058173667423594,"combinedScore":1.0501341018844328,"combinedScoreRank":35,"SEIrank":37,"engagementSEIrank":36,"voiceSEIrank":34,"audienceSEIrank":24,"engagementSEI":0.8686544679609912,"engagementSEIadj":0.8686544679609912,"voiceSEI":7.0320579110651495,"voiceSEIadj":7.0320579110651495,"audienceSEI":5.301844992364079,"audienceSEIadj":5.301844992364079,"SEI":3.1609945533325474,"SEIadj":3.1609945533325474},"non_scoped":{"SEI":2.4464360392883364,"SEIrank":22,"SEIadj":0,"audienceSEI":4.007221067602236,"audienceSEIadj":0,"audienceSEIrank":18,"audienceScore":0.7384062465793411,"combinedScore":0.3831990221529077,"combinedScoreRank":14,"engagementSEI":0.8686544679609912,"engagementSEIadj":0,"engagementSEIrank":12,"engagementScore":0.3576414519369594,"voiceSEI":5.081737505838394,"voiceSEIadj":0,"voiceSEIrank":36,"voiceScore":0.48802806161354284},"scoped":{"SEI":26.759878939636508,"SEIrank":7,"SEIadj":0,"audienceSEI":52.314738828936036,"audienceSEIadj":0,"audienceSEIrank":10,"audienceScore":2.1199146272799885,"combinedScore":3.4368161309937237,"combinedScoreRank":7,"engagementSEI":25.854873399031515,"engagementSEIadj":0,"engagementSEIrank":5,"engagementScore":3.6434745141653435,"voiceSEI":20.051603391079986,"voiceSEIadj":0,"voiceSEIrank":27,"voiceScore":1.0338667376183055}},"facebook":{"entityString":"536575feb08f37d80186a0fb","type":"facebook","profiles":1,"postsMade":266,"repliesMade":0,"repliesRcvd":19677,"sharesMade":0,"sharesRcvd":4851,"mentionsRcvd":0,"likesRcvd":51736,"reachRcvd":0,"audience":49064,"voice":266,"conversation":19943,"engagement":76264,"group_scoped":{"audienceScore":2.3488826003926615,"voiceScore":4.482642399730367,"engagementScore":0.6942235726880227,"combinedScore":0.9663774654253718,"combinedScoreRank":32,"SEIrank":30,"engagementSEIrank":36,"voiceSEIrank":27,"audienceSEIrank":30,"engagementSEI":0.7120877512017835,"engagementSEIadj":0.7120877512017835,"voiceSEI":5.820568927789934,"voiceSEIadj":5.820568927789934,"audienceSEI":2.7891614722343023,"audienceSEIadj":2.7891614722343023,"SEI":2.4523394762814807,"SEIadj":2.4523394762814807},"non_scoped":{"SEI":2.437643386065908,"SEIrank":17,"SEIadj":0,"audienceSEI":2.642200570078576,"audienceSEIadj":0,"audienceSEIrank":18,"audienceScore":0.5039237319278576,"combinedScore":0.338510183171543,"combinedScoreRank":14,"engagementSEI":0.7120877512017835,"engagementSEIadj":0,"engagementSEIrank":13,"engagementScore":0.31113134986145874,"voiceSEI":5.820568927789934,"voiceSEIadj":0,"voiceSEIrank":18,"voiceScore":0.6659156339967456},"scoped":{"SEI":51.55273457941864,"SEIrank":6,"SEIadj":0,"audienceSEI":33.678834722203156,"audienceSEIadj":0,"audienceSEIrank":10,"audienceScore":2.0657056403144365,"combinedScore":4.067853963732443,"combinedScoreRank":6,"engagementSEI":66.09868346926217,"engagementSEIadj":0,"engagementSEIrank":6,"engagementScore":4.301742435822734,"voiceSEI":28.418803418803417,"voiceSEIadj":0,"voiceSEIrank":10,"voiceScore":1.8600097895252081}},"twitter":{"entityString":"536575feb08f37d80186a0fb","type":"twitter","profiles":1,"postsMade":245,"repliesMade":0,"repliesRcvd":0,"sharesMade":0,"sharesRcvd":488,"mentionsRcvd":0,"likesRcvd":3441,"reachRcvd":0,"audience":35975,"voice":245,"conversation":245,"engagement":3929,"group_scoped":{"audienceScore":6.2828660697288985,"voiceScore":2.420231156771708,"engagementScore":4.496400819400098,"combinedScore":4.481915598785119,"combinedScoreRank":34,"SEIrank":23,"engagementSEIrank":22,"voiceSEIrank":32,"audienceSEIrank":16,"engagementSEI":18.87853161637517,"engagementSEIadj":18.87853161637517,"voiceSEI":11.151570323167956,"voiceSEIadj":11.151570323167956,"audienceSEI":37.513816763644705,"audienceSEIadj":37.513816763644705,"SEI":18.42397174313996,"SEIadj":18.42397174313996},"non_scoped":{"SEI":3.1370291254160554,"SEIrank":45,"SEIadj":0,"audienceSEI":6.3540200326046445,"audienceSEIadj":0,"audienceSEIrank":16,"audienceScore":1.031500993796371,"combinedScore":0.5183707097003678,"combinedScoreRank":38,"engagementSEI":2.125668159882274,"engagementSEIadj":0,"engagementSEIrank":36,"engagementScore":0.4988503207801821,"voiceSEI":4.087420754087421,"voiceSEIadj":0,"voiceSEIrank":55,"voiceScore":0.3566074261677074},"scoped":{"SEI":14.746588269364993,"SEIrank":32,"SEIadj":0,"audienceSEI":30.867110546727528,"audienceSEIadj":0,"audienceSEIrank":11,"audienceScore":1.6339245892138723,"combinedScore":1.0059693736408586,"combinedScoreRank":29,"engagementSEI":12.94478123352662,"engagementSEIadj":0,"engagementSEIrank":28,"engagementScore":0.9907231598243981,"voiceSEI":12.976694915254235,"voiceSEIadj":0,"voiceSEIrank":45,"voiceScore":0.6524460067641341}},"instagram":{"entityString":"536575feb08f37d80186a0fb","type":"instagram","profiles":1,"postsMade":33,"repliesMade":0,"repliesRcvd":787,"sharesMade":0,"sharesRcvd":0,"mentionsRcvd":0,"likesRcvd":17956,"reachRcvd":0,"audience":16958,"voice":33,"conversation":820,"engagement":18743,"group_scoped":{"audienceScore":5.591919778143435,"voiceScore":1.9020172910662825,"engagementScore":1.555656445852482,"combinedScore":1.7747876547277195,"combinedScoreRank":48,"SEIrank":11,"engagementSEIrank":11,"voiceSEIrank":15,"audienceSEIrank":10,"engagementSEI":2.8448442036849557,"engagementSEIadj":2.8448442036849557,"voiceSEI":3.4055727554179565,"voiceSEIadj":3.4055727554179565,"audienceSEI":19.73328989015081,"audienceSEIadj":19.73328989015081,"SEI":4.701907337851441,"SEIadj":4.701907337851441},"non_scoped":{"SEI":3.844179381526745,"SEIrank":11,"SEIadj":0,"audienceSEI":13.875433658440794,"audienceSEIadj":0,"audienceSEIrank":9,"audienceScore":2.8786381892316726,"combinedScore":0.9159832688346217,"combinedScoreRank":10,"engagementSEI":2.3916069817621306,"engagementSEIadj":0,"engagementSEIrank":10,"engagementScore":0.792846069081626,"voiceSEI":3.4055727554179565,"voiceSEIadj":0,"voiceSEIrank":15,"voiceScore":1.1697979439914925},"scoped":{"SEI":11.274522653397725,"SEIrank":6,"SEIadj":0,"audienceSEI":19.73328989015081,"audienceSEIadj":0,"audienceSEIrank":5,"audienceScore":7.233098741735978,"combinedScore":3.6666330340432234,"combinedScoreRank":6,"engagementSEI":4.99243530051035,"engagementSEIadj":0,"engagementSEIrank":6,"engagementScore":3.43285933024169,"voiceSEI":21.019108280254777,"voiceSEIadj":0,"voiceSEIrank":10,"voiceScore":4.308093994778068}}},"blended":{"combined":{"non_scoped":{"SEI":1.8872462955970213,"SEIadj":60.75489851823881,"SEIrank":34,"audienceSEI":4.007221067602236,"audienceSEIadj":71.20216632028067,"audienceSEIrank":18,"engagementSEI":0.5551530561714106,"engagementSEIadj":70.16654591685142,"engagementSEIrank":18,"voiceSEI":3.8447745171131715,"voiceSEIadj":61.53790980684527,"voiceSEIrank":46},"scoped":{"SEI":36.0678606919392,"SEIadj":80.82035820758176,"SEIrank":9,"compCharisma":12,"compInfluence":9,"compEva":15.067860691939204,"audienceSEI":52.314738828936036,"audienceSEIadj":85.69442164868082,"audienceSEIrank":10,"engagementSEI":16.7006904015687,"engagementSEIadj":75.01020712047061,"engagementSEIrank":11,"voiceSEI":15.24748121852956,"voiceSEIadj":66.09899248741182,"voiceSEIrank":34}},"facebook":{"non_scoped":{"SEI":1.6966474739969002,"SEIadj":60.67865898959876,"SEIrank":25,"audienceSEI":2.642200570078576,"audienceSEIadj":70.79266017102357,"audienceSEIrank":18,"engagementSEI":0.45499062042255933,"engagementSEIadj":70.13649718612677,"engagementSEIrank":16,"voiceSEI":3.8647768157850235,"voiceSEIadj":61.54591072631401,"voiceSEIrank":31},"scoped":{"SEI":33.527512694970504,"SEIadj":80.05825380849114,"SEIrank":9,"audienceSEI":33.678834722203156,"audienceSEIadj":80.10365041666094,"audienceSEIrank":10,"engagementSEI":41.26329820449272,"engagementSEIadj":82.37898946134781,"engagementSEIrank":9,"voiceSEI":18.00550100018185,"voiceSEIadj":75.40165030005456,"voiceSEIrank":19}},"twitter":{"non_scoped":{"SEI":2.890107233366838,"SEIadj":61.156042893346736,"SEIrank":47,"audienceSEI":6.3540200326046445,"audienceSEIadj":71.9062060097814,"audienceSEIrank":16,"engagementSEI":1.9712058322625883,"engagementSEIadj":60.78848233290503,"engagementSEIrank":45,"voiceSEI":3.5732724358294017,"voiceSEIadj":61.42930897433176,"voiceSEIrank":62},"scoped":{"SEI":13.687266351882197,"SEIadj":65.47490654075288,"SEIrank":35,"audienceSEI":30.867110546727528,"audienceSEIadj":79.26013316401826,"audienceSEIrank":11,"engagementSEI":12.086061605643836,"engagementSEIadj":64.83442464225753,"engagementSEIrank":37,"voiceSEI":11.16306111274382,"voiceSEIadj":64.46522444509753,"voiceSEIrank":51}},"instagram":{"non_scoped":{"SEI":2.7942340306301054,"SEIadj":70.83827020918903,"SEIrank":13,"audienceSEI":13.875433658440794,"audienceSEIadj":74.16263009753224,"audienceSEIrank":9,"engagementSEI":1.377959673508186,"engagementSEIadj":70.41338790205245,"engagementSEIrank":12,"voiceSEI":1.933049535603715,"voiceSEIadj":70.57991486068111,"voiceSEIrank":19},"scoped":{"SEI":7.364201064521464,"SEIadj":72.20926031935645,"SEIrank":13,"audienceSEI":19.73328989015081,"audienceSEIadj":75.91998696704525,"audienceSEIrank":5,"engagementSEI":2.9345551769924,"engagementSEIadj":70.88036655309772,"engagementSEIrank":8,"voiceSEI":12.100463231036478,"voiceSEIadj":73.63013896931095,"voiceSEIrank":15}},"influence":{"combined":{"ratio":1.51,"bottom":false,"scope":"individual","calculated":true},"facebook":{"ratio":1.78,"bottom":false,"scope":"individual","calculated":true},"twitter":{"ratio":0.56,"bottom":false,"scope":"individual","calculated":true},"instagram":{"ratio":1.16,"bottom":false,"scope":"individual","calculated":true}},"charisma":{"combined":{"ratio":2,"bottom":false,"scope":"individual","calculated":true},"facebook":{"ratio":2,"bottom":false,"scope":"individual","calculated":true},"twitter":{"ratio":1.7,"bottom":false,"scope":"individual","calculated":true},"instagram":{"ratio":0.6,"bottom":false,"scope":"individual","calculated":true}}},"scope":"individual"}}