{"scoreEntityString":"591d1494ab33fb0001804f89.asset.536575feb08f37d80186a099","timeQuantum":4995834,"scoreEntityType":"asset","scoreProfileID":"591d1494ab33fb0001804f89","data":{"scoreEntityString":"591d1494ab33fb0001804f89.asset.536575feb08f37d80186a099","scoreProfileID":"591d1494ab33fb0001804f89","scoreEntityType":"asset","entityID":"asset.536575feb08f37d80186a099","object_version":"1.2","score_engine_version":"3.0.20","timestamp":4995834,"start_quantum":4969914,"end_quantum":4995833,"schedule_options":{"interval":15,"offset":"1"},"_15min":{"boundaryQuantum":4995831,"combined":{"entityString":"536575feb08f37d80186a099","type":"combined","profiles":2,"postsMade":0,"repliesMade":0,"repliesRcvd":0,"sharesMade":0,"sharesRcvd":0,"mentionsRcvd":0,"likesRcvd":0,"reachRcvd":0,"audience":8022,"voice":0,"conversation":0,"engagement":0,"group_scoped":{"audienceScore":0.34903512802305664,"voiceScore":0,"engagementScore":0,"combinedScore":0.34903512802305664,"engagementSEI":0,"engagementSEIadj":0,"voiceSEI":0,"voiceSEIadj":0,"audienceSEI":0.5425237294955855,"audienceSEIadj":0.5425237294955855,"SEI":0.05425237294955855,"SEIadj":0.05425237294955855,"combinedScoreRank":157,"SEIrank":156,"engagementSEIrank":191,"voiceSEIrank":189,"audienceSEIrank":155},"non_scoped":{"SEI":0.031516542059379336,"SEIrank":139,"SEIadj":0,"audienceSEI":0.3151654205937933,"audienceSEIadj":0,"audienceSEIrank":138,"audienceScore":0.05807518760414006,"combinedScore":0.002903759380207003,"combinedScoreRank":139,"engagementSEI":0,"engagementSEIadj":0,"engagementSEIrank":191,"engagementScore":0,"voiceSEI":0,"voiceSEIadj":0,"voiceSEIrank":189,"voiceScore":0},"scoped":{"SEI":0.411452135735095,"SEIrank":126,"SEIadj":0,"audienceSEI":4.11452135735095,"audienceSEIadj":0,"audienceSEIrank":125,"audienceScore":0.16672995421473247,"combinedScore":0.008336497710736624,"combinedScoreRank":126,"engagementSEI":0,"engagementSEIadj":0,"engagementSEIrank":171,"engagementScore":0,"voiceSEI":0,"voiceSEIadj":0,"voiceSEIrank":171,"voiceScore":0}},"facebook":{"entityString":"536575feb08f37d80186a099","type":"facebook","profiles":1,"postsMade":0,"repliesMade":0,"repliesRcvd":0,"sharesMade":0,"sharesRcvd":0,"mentionsRcvd":0,"likesRcvd":0,"reachRcvd":0,"audience":2312,"voice":0,"conversation":0,"engagement":0,"group_scoped":{"audienceScore":0.14928717311952722,"voiceScore":0,"engagementScore":0,"combinedScore":0.14928717311952722,"engagementSEI":0,"engagementSEIadj":0,"voiceSEI":0,"voiceSEIadj":0,"audienceSEI":0.21048779088875558,"audienceSEIadj":0.21048779088875558,"SEI":0.02104877908887556,"SEIadj":0.02104877908887556,"combinedScoreRank":143,"SEIrank":142,"engagementSEIrank":191,"voiceSEIrank":189,"audienceSEIrank":142},"non_scoped":{"SEI":0.012450610871558916,"SEIrank":141,"SEIadj":0,"audienceSEI":0.12450610871558916,"audienceSEIadj":0,"audienceSEIrank":141,"audienceScore":0.023745957692344825,"combinedScore":0.0011872978846172414,"combinedScoreRank":141,"engagementSEI":0,"engagementSEIadj":0,"engagementSEIrank":191,"engagementScore":0,"voiceSEI":0,"voiceSEIadj":0,"voiceSEIrank":189,"voiceScore":0},"scoped":{"SEI":0.1587018300133167,"SEIrank":126,"SEIadj":0,"audienceSEI":1.5870183001331668,"audienceSEIadj":0,"audienceSEIrank":126,"audienceScore":0.09734044188013569,"combinedScore":0.0048670220940067845,"combinedScoreRank":126,"engagementSEI":0,"engagementSEIadj":0,"engagementSEIrank":171,"engagementScore":0,"voiceSEI":0,"voiceSEIadj":0,"voiceSEIrank":171,"voiceScore":0}},"twitter":{"entityString":"536575feb08f37d80186a099","type":"twitter","profiles":1,"postsMade":0,"repliesMade":0,"repliesRcvd":0,"sharesMade":0,"sharesRcvd":0,"mentionsRcvd":0,"likesRcvd":0,"reachRcvd":0,"audience":5710,"voice":0,"conversation":0,"engagement":0,"group_scoped":{"audienceScore":0.8950179944073131,"voiceScore":0,"engagementScore":0,"combinedScore":0.8950179944073131,"engagementSEI":0,"engagementSEIadj":0,"voiceSEI":0,"voiceSEIadj":0,"audienceSEI":2.1260197261865312,"audienceSEIadj":2.1260197261865312,"SEI":0.21260197261865313,"SEIadj":0.21260197261865313,"combinedScoreRank":149,"SEIrank":163,"engagementSEIrank":189,"voiceSEIrank":189,"audienceSEIrank":163},"non_scoped":{"SEI":0.10085185374891598,"SEIrank":121,"SEIadj":0,"audienceSEI":1.0085185374891596,"audienceSEIadj":0,"audienceSEIrank":121,"audienceScore":0.16372121402577564,"combinedScore":0.008186060701288782,"combinedScoreRank":121,"engagementSEI":0,"engagementSEIadj":0,"engagementSEIrank":189,"engagementScore":0,"voiceSEI":0,"voiceSEIadj":0,"voiceSEIrank":189,"voiceScore":0},"scoped":{"SEI":0.48992689707245085,"SEIrank":107,"SEIadj":0,"audienceSEI":4.899268970724508,"audienceSEIadj":0,"audienceSEIrank":107,"audienceScore":0.2593386908800892,"combinedScore":0.037048384411441315,"combinedScoreRank":107,"engagementSEI":0,"engagementSEIadj":0,"engagementSEIrank":171,"engagementScore":0,"voiceSEI":0,"voiceSEIadj":0,"voiceSEIrank":171,"voiceScore":0}},"instagram":{"entityString":"536575feb08f37d80186a099","type":"instagram","profiles":0,"postsMade":0,"repliesMade":0,"repliesRcvd":0,"sharesMade":0,"sharesRcvd":0,"mentionsRcvd":0,"likesRcvd":0,"reachRcvd":0,"audience":0,"voice":0,"conversation":0,"engagement":0,"group_scoped":{"audienceScore":0,"voiceScore":0,"engagementScore":0,"combinedScore":0,"engagementSEI":0,"engagementSEIadj":0,"voiceSEI":0,"voiceSEIadj":0,"audienceSEI":0,"audienceSEIadj":0,"SEI":0,"SEIadj":0,"combinedScoreRank":209,"SEIrank":190,"engagementSEIrank":190,"voiceSEIrank":189,"audienceSEIrank":190},"non_scoped":{"SEI":0,"SEIrank":190,"SEIadj":0,"audienceSEI":0,"audienceSEIadj":0,"audienceSEIrank":190,"audienceScore":0,"combinedScore":0,"combinedScoreRank":190,"engagementSEI":0,"engagementSEIadj":0,"engagementSEIrank":190,"engagementScore":0,"voiceSEI":0,"voiceSEIadj":0,"voiceSEIrank":189,"voiceScore":0},"scoped":{"SEI":0,"SEIrank":171,"SEIadj":0,"audienceSEI":0,"audienceSEIadj":0,"audienceSEIrank":171,"audienceScore":0,"combinedScore":0,"combinedScoreRank":171,"engagementSEI":0,"engagementSEIadj":0,"engagementSEIrank":171,"engagementScore":0,"voiceSEI":0,"voiceSEIadj":0,"voiceSEIrank":171,"voiceScore":0}}},"hour":{"boundaryQuantum":4995822,"combined":{"entityString":"536575feb08f37d80186a099","type":"combined","profiles":2,"postsMade":0,"repliesMade":0,"repliesRcvd":0,"sharesMade":0,"sharesRcvd":0,"mentionsRcvd":0,"likesRcvd":0,"reachRcvd":0,"audience":8022,"voice":0,"conversation":0,"engagement":0,"group_scoped":{"audienceScore":0.34903512802305664,"voiceScore":0,"engagementScore":0,"combinedScore":0.34903512802305664,"combinedScoreRank":146,"SEIrank":162,"engagementSEIrank":197,"voiceSEIrank":194,"audienceSEIrank":155,"engagementSEI":0,"engagementSEIadj":0,"voiceSEI":0,"voiceSEIadj":0,"audienceSEI":0.5425237294955855,"audienceSEIadj":0.5425237294955855,"SEI":0.05425237294955855,"SEIadj":0.05425237294955855},"non_scoped":{"SEI":0.031516542059379336,"SEIrank":146,"SEIadj":0,"audienceSEI":0.3151654205937933,"audienceSEIadj":0,"audienceSEIrank":138,"audienceScore":0.05807518760414006,"combinedScore":0.002903759380207003,"combinedScoreRank":147,"engagementSEI":0,"engagementSEIadj":0,"engagementSEIrank":197,"engagementScore":0,"voiceSEI":0,"voiceSEIadj":0,"voiceSEIrank":194,"voiceScore":0},"scoped":{"SEI":0.411452135735095,"SEIrank":134,"SEIadj":0,"audienceSEI":4.11452135735095,"audienceSEIadj":0,"audienceSEIrank":125,"audienceScore":0.16672995421473247,"combinedScore":0.008336497710736624,"combinedScoreRank":134,"engagementSEI":0,"engagementSEIadj":0,"engagementSEIrank":177,"engagementScore":0,"voiceSEI":0,"voiceSEIadj":0,"voiceSEIrank":174,"voiceScore":0}},"facebook":{"entityString":"536575feb08f37d80186a099","type":"facebook","profiles":1,"postsMade":0,"repliesMade":0,"repliesRcvd":0,"sharesMade":0,"sharesRcvd":0,"mentionsRcvd":0,"likesRcvd":0,"reachRcvd":0,"audience":2312,"voice":0,"conversation":0,"engagement":0,"group_scoped":{"audienceScore":0.14928717311952722,"voiceScore":0,"engagementScore":0,"combinedScore":0.14928717311952722,"combinedScoreRank":143,"SEIrank":143,"engagementSEIrank":195,"voiceSEIrank":192,"audienceSEIrank":142,"engagementSEI":0,"engagementSEIadj":0,"voiceSEI":0,"voiceSEIadj":0,"audienceSEI":0.21048779088875558,"audienceSEIadj":0.21048779088875558,"SEI":0.02104877908887556,"SEIadj":0.02104877908887556},"non_scoped":{"SEI":0.012450610871558916,"SEIrank":142,"SEIadj":0,"audienceSEI":0.12450610871558916,"audienceSEIadj":0,"audienceSEIrank":141,"audienceScore":0.023745957692344825,"combinedScore":0.0011872978846172414,"combinedScoreRank":142,"engagementSEI":0,"engagementSEIadj":0,"engagementSEIrank":195,"engagementScore":0,"voiceSEI":0,"voiceSEIadj":0,"voiceSEIrank":192,"voiceScore":0},"scoped":{"SEI":0.1587018300133167,"SEIrank":127,"SEIadj":0,"audienceSEI":1.5870183001331668,"audienceSEIadj":0,"audienceSEIrank":126,"audienceScore":0.09734044188013569,"combinedScore":0.0048670220940067845,"combinedScoreRank":127,"engagementSEI":0,"engagementSEIadj":0,"engagementSEIrank":175,"engagementScore":0,"voiceSEI":0,"voiceSEIadj":0,"voiceSEIrank":172,"voiceScore":0}},"twitter":{"entityString":"536575feb08f37d80186a099","type":"twitter","profiles":1,"postsMade":0,"repliesMade":0,"repliesRcvd":0,"sharesMade":0,"sharesRcvd":0,"mentionsRcvd":0,"likesRcvd":0,"reachRcvd":0,"audience":5710,"voice":0,"conversation":0,"engagement":0,"group_scoped":{"audienceScore":0.8950179944073131,"voiceScore":0,"engagementScore":0,"combinedScore":0.8950179944073131,"combinedScoreRank":152,"SEIrank":171,"engagementSEIrank":193,"voiceSEIrank":194,"audienceSEIrank":163,"engagementSEI":0,"engagementSEIadj":0,"voiceSEI":0,"voiceSEIadj":0,"audienceSEI":2.1260197261865312,"audienceSEIadj":2.1260197261865312,"SEI":0.21260197261865313,"SEIadj":0.21260197261865313},"non_scoped":{"SEI":0.10085185374891598,"SEIrank":129,"SEIadj":0,"audienceSEI":1.0085185374891596,"audienceSEIadj":0,"audienceSEIrank":121,"audienceScore":0.16372121402577564,"combinedScore":0.008186060701288782,"combinedScoreRank":129,"engagementSEI":0,"engagementSEIadj":0,"engagementSEIrank":193,"engagementScore":0,"voiceSEI":0,"voiceSEIadj":0,"voiceSEIrank":194,"voiceScore":0},"scoped":{"SEI":0.48992689707245085,"SEIrank":115,"SEIadj":0,"audienceSEI":4.899268970724508,"audienceSEIadj":0,"audienceSEIrank":107,"audienceScore":0.2593386908800892,"combinedScore":0.01296693454400446,"combinedScoreRank":115,"engagementSEI":0,"engagementSEIadj":0,"engagementSEIrank":173,"engagementScore":0,"voiceSEI":0,"voiceSEIadj":0,"voiceSEIrank":174,"voiceScore":0}},"instagram":{"entityString":"536575feb08f37d80186a099","type":"instagram","profiles":0,"postsMade":0,"repliesMade":0,"repliesRcvd":0,"sharesMade":0,"sharesRcvd":0,"mentionsRcvd":0,"likesRcvd":0,"reachRcvd":0,"audience":0,"voice":0,"conversation":0,"engagement":0,"group_scoped":{"audienceScore":0,"voiceScore":0,"engagementScore":0,"combinedScore":0,"combinedScoreRank":209,"SEIrank":190,"engagementSEIrank":190,"voiceSEIrank":189,"audienceSEIrank":190,"engagementSEI":0,"engagementSEIadj":0,"voiceSEI":0,"voiceSEIadj":0,"audienceSEI":0,"audienceSEIadj":0,"SEI":0,"SEIadj":0},"non_scoped":{"SEI":0,"SEIrank":190,"SEIadj":0,"audienceSEI":0,"audienceSEIadj":0,"audienceSEIrank":190,"audienceScore":0,"combinedScore":0,"combinedScoreRank":190,"engagementSEI":0,"engagementSEIadj":0,"engagementSEIrank":190,"engagementScore":0,"voiceSEI":0,"voiceSEIadj":0,"voiceSEIrank":189,"voiceScore":0},"scoped":{"SEI":0,"SEIrank":171,"SEIadj":0,"audienceSEI":0,"audienceSEIadj":0,"audienceSEIrank":171,"audienceScore":0,"combinedScore":0,"combinedScoreRank":171,"engagementSEI":0,"engagementSEIadj":0,"engagementSEIrank":171,"engagementScore":0,"voiceSEI":0,"voiceSEIadj":0,"voiceSEIrank":171,"voiceScore":0}}},"today":{"boundaryQuantum":4995546,"combined":{"entityString":"536575feb08f37d80186a099","type":"combined","profiles":2,"postsMade":0,"repliesMade":0,"repliesRcvd":0,"sharesMade":0,"sharesRcvd":0,"mentionsRcvd":0,"likesRcvd":0,"reachRcvd":0,"audience":8022,"voice":0,"conversation":0,"engagement":0,"group_scoped":{"audienceScore":0.34903512802305664,"voiceScore":0,"engagementScore":0,"combinedScore":0.34903512802305664,"combinedScoreRank":96,"SEIrank":192,"engagementSEIrank":217,"voiceSEIrank":211,"audienceSEIrank":155,"engagementSEI":0,"engagementSEIadj":0,"voiceSEI":0,"voiceSEIadj":0,"audienceSEI":0.5425237294955855,"audienceSEIadj":0.5425237294955855,"SEI":0.05425237294955855,"SEIadj":0.05425237294955855},"non_scoped":{"SEI":0.031516542059379336,"SEIrank":179,"SEIadj":0,"audienceSEI":0.3151654205937933,"audienceSEIadj":0,"audienceSEIrank":138,"audienceScore":0.05807518760414006,"combinedScore":0.002903759380207003,"combinedScoreRank":186,"engagementSEI":0,"engagementSEIadj":0,"engagementSEIrank":217,"engagementScore":0,"voiceSEI":0,"voiceSEIadj":0,"voiceSEIrank":211,"voiceScore":0},"scoped":{"SEI":0.411452135735095,"SEIrank":169,"SEIadj":0,"audienceSEI":4.11452135735095,"audienceSEIadj":0,"audienceSEIrank":125,"audienceScore":0.16672995421473247,"combinedScore":0.008336497710736624,"combinedScoreRank":170,"engagementSEI":0,"engagementSEIadj":0,"engagementSEIrank":197,"engagementScore":0,"voiceSEI":0,"voiceSEIadj":0,"voiceSEIrank":191,"voiceScore":0}},"facebook":{"entityString":"536575feb08f37d80186a099","type":"facebook","profiles":1,"postsMade":0,"repliesMade":0,"repliesRcvd":0,"sharesMade":0,"sharesRcvd":0,"mentionsRcvd":0,"likesRcvd":0,"reachRcvd":0,"audience":2312,"voice":0,"conversation":0,"engagement":0,"group_scoped":{"audienceScore":0.14928717311952722,"voiceScore":0,"engagementScore":0,"combinedScore":0.14928717311952722,"combinedScoreRank":119,"SEIrank":147,"engagementSEIrank":203,"voiceSEIrank":201,"audienceSEIrank":142,"engagementSEI":0,"engagementSEIadj":0,"voiceSEI":0,"voiceSEIadj":0,"audienceSEI":0.21048779088875558,"audienceSEIadj":0.21048779088875558,"SEI":0.02104877908887556,"SEIadj":0.02104877908887556},"non_scoped":{"SEI":0.012450610871558916,"SEIrank":148,"SEIadj":0,"audienceSEI":0.12450610871558916,"audienceSEIadj":0,"audienceSEIrank":141,"audienceScore":0.023745957692344825,"combinedScore":0.0011872978846172414,"combinedScoreRank":148,"engagementSEI":0,"engagementSEIadj":0,"engagementSEIrank":203,"engagementScore":0,"voiceSEI":0,"voiceSEIadj":0,"voiceSEIrank":201,"voiceScore":0},"scoped":{"SEI":0.1587018300133167,"SEIrank":133,"SEIadj":0,"audienceSEI":1.5870183001331668,"audienceSEIadj":0,"audienceSEIrank":126,"audienceScore":0.09734044188013569,"combinedScore":0.0048670220940067845,"combinedScoreRank":133,"engagementSEI":0,"engagementSEIadj":0,"engagementSEIrank":183,"engagementScore":0,"voiceSEI":0,"voiceSEIadj":0,"voiceSEIrank":181,"voiceScore":0}},"twitter":{"entityString":"536575feb08f37d80186a099","type":"twitter","profiles":1,"postsMade":0,"repliesMade":0,"repliesRcvd":0,"sharesMade":0,"sharesRcvd":0,"mentionsRcvd":0,"likesRcvd":0,"reachRcvd":0,"audience":5710,"voice":0,"conversation":0,"engagement":0,"group_scoped":{"audienceScore":0.8950179944073131,"voiceScore":0,"engagementScore":0,"combinedScore":0.8950179944073131,"combinedScoreRank":126,"SEIrank":194,"engagementSEIrank":213,"voiceSEIrank":207,"audienceSEIrank":163,"engagementSEI":0,"engagementSEIadj":0,"voiceSEI":0,"voiceSEIadj":0,"audienceSEI":2.1260197261865312,"audienceSEIadj":2.1260197261865312,"SEI":0.21260197261865313,"SEIadj":0.21260197261865313},"non_scoped":{"SEI":0.10085185374891598,"SEIrank":172,"SEIadj":0,"audienceSEI":1.0085185374891596,"audienceSEIadj":0,"audienceSEIrank":121,"audienceScore":0.16372121402577564,"combinedScore":0.008186060701288782,"combinedScoreRank":175,"engagementSEI":0,"engagementSEIadj":0,"engagementSEIrank":213,"engagementScore":0,"voiceSEI":0,"voiceSEIadj":0,"voiceSEIrank":207,"voiceScore":0},"scoped":{"SEI":0.48992689707245085,"SEIrank":155,"SEIadj":0,"audienceSEI":4.899268970724508,"audienceSEIadj":0,"audienceSEIrank":107,"audienceScore":0.2593386908800892,"combinedScore":0.01296693454400446,"combinedScoreRank":158,"engagementSEI":0,"engagementSEIadj":0,"engagementSEIrank":193,"engagementScore":0,"voiceSEI":0,"voiceSEIadj":0,"voiceSEIrank":187,"voiceScore":0}},"instagram":{"entityString":"536575feb08f37d80186a099","type":"instagram","profiles":0,"postsMade":0,"repliesMade":0,"repliesRcvd":0,"sharesMade":0,"sharesRcvd":0,"mentionsRcvd":0,"likesRcvd":0,"reachRcvd":0,"audience":0,"voice":0,"conversation":0,"engagement":0,"group_scoped":{"audienceScore":0,"voiceScore":0,"engagementScore":0,"combinedScore":0,"combinedScoreRank":209,"SEIrank":190,"engagementSEIrank":190,"voiceSEIrank":190,"audienceSEIrank":190,"engagementSEI":0,"engagementSEIadj":0,"voiceSEI":0,"voiceSEIadj":0,"audienceSEI":0,"audienceSEIadj":0,"SEI":0,"SEIadj":0},"non_scoped":{"SEI":0,"SEIrank":190,"SEIadj":0,"audienceSEI":0,"audienceSEIadj":0,"audienceSEIrank":190,"audienceScore":0,"combinedScore":0,"combinedScoreRank":190,"engagementSEI":0,"engagementSEIadj":0,"engagementSEIrank":190,"engagementScore":0,"voiceSEI":0,"voiceSEIadj":0,"voiceSEIrank":190,"voiceScore":0},"scoped":{"SEI":0,"SEIrank":171,"SEIadj":0,"audienceSEI":0,"audienceSEIadj":0,"audienceSEIrank":171,"audienceScore":0,"combinedScore":0,"combinedScoreRank":171,"engagementSEI":0,"engagementSEIadj":0,"engagementSEIrank":171,"engagementScore":0,"voiceSEI":0,"voiceSEIadj":0,"voiceSEIrank":171,"voiceScore":0}}},"week":{"boundaryQuantum":4993818,"combined":{"entityString":"536575feb08f37d80186a099","type":"combined","profiles":2,"postsMade":0,"repliesMade":0,"repliesRcvd":0,"sharesMade":0,"sharesRcvd":0,"mentionsRcvd":0,"likesRcvd":0,"reachRcvd":0,"audience":8022,"voice":0,"conversation":0,"engagement":0,"group_scoped":{"audienceScore":0.34903512802305664,"voiceScore":0,"engagementScore":0,"combinedScore":0.34903512802305664,"combinedScoreRank":94,"SEIrank":212,"engagementSEIrank":225,"voiceSEIrank":223,"audienceSEIrank":155,"engagementSEI":0,"engagementSEIadj":0,"voiceSEI":0,"voiceSEIadj":0,"audienceSEI":0.5425237294955855,"audienceSEIadj":0.5425237294955855,"SEI":0.05425237294955855,"SEIadj":0.05425237294955855},"non_scoped":{"SEI":0.031516542059379336,"SEIrank":203,"SEIadj":0,"audienceSEI":0.3151654205937933,"audienceSEIadj":0,"audienceSEIrank":138,"audienceScore":0.05807518760414006,"combinedScore":0.002903759380207003,"combinedScoreRank":196,"engagementSEI":0,"engagementSEIadj":0,"engagementSEIrank":225,"engagementScore":0,"voiceSEI":0,"voiceSEIadj":0,"voiceSEIrank":223,"voiceScore":0},"scoped":{"SEI":0.411452135735095,"SEIrank":178,"SEIadj":0,"audienceSEI":4.11452135735095,"audienceSEIadj":0,"audienceSEIrank":125,"audienceScore":0.16672995421473247,"combinedScore":0.008336497710736624,"combinedScoreRank":180,"engagementSEI":0,"engagementSEIadj":0,"engagementSEIrank":205,"engagementScore":0,"voiceSEI":0,"voiceSEIadj":0,"voiceSEIrank":203,"voiceScore":0}},"facebook":{"entityString":"536575feb08f37d80186a099","type":"facebook","profiles":1,"postsMade":0,"repliesMade":0,"repliesRcvd":0,"sharesMade":0,"sharesRcvd":0,"mentionsRcvd":0,"likesRcvd":0,"reachRcvd":0,"audience":2312,"voice":0,"conversation":0,"engagement":0,"group_scoped":{"audienceScore":0.14928717311952722,"voiceScore":0,"engagementScore":0,"combinedScore":0.14928717311952722,"combinedScoreRank":113,"SEIrank":154,"engagementSEIrank":211,"voiceSEIrank":208,"audienceSEIrank":142,"engagementSEI":0,"engagementSEIadj":0,"voiceSEI":0,"voiceSEIadj":0,"audienceSEI":0.21048779088875558,"audienceSEIadj":0.21048779088875558,"SEI":0.02104877908887556,"SEIadj":0.02104877908887556},"non_scoped":{"SEI":0.012450610871558916,"SEIrank":154,"SEIadj":0,"audienceSEI":0.12450610871558916,"audienceSEIadj":0,"audienceSEIrank":141,"audienceScore":0.023745957692344825,"combinedScore":0.0011872978846172414,"combinedScoreRank":154,"engagementSEI":0,"engagementSEIadj":0,"engagementSEIrank":211,"engagementScore":0,"voiceSEI":0,"voiceSEIadj":0,"voiceSEIrank":208,"voiceScore":0},"scoped":{"SEI":0.1587018300133167,"SEIrank":139,"SEIadj":0,"audienceSEI":1.5870183001331668,"audienceSEIadj":0,"audienceSEIrank":126,"audienceScore":0.09734044188013569,"combinedScore":0.0048670220940067845,"combinedScoreRank":140,"engagementSEI":0,"engagementSEIadj":0,"engagementSEIrank":191,"engagementScore":0,"voiceSEI":0,"voiceSEIadj":0,"voiceSEIrank":188,"voiceScore":0}},"twitter":{"entityString":"536575feb08f37d80186a099","type":"twitter","profiles":1,"postsMade":0,"repliesMade":0,"repliesRcvd":0,"sharesMade":0,"sharesRcvd":0,"mentionsRcvd":0,"likesRcvd":0,"reachRcvd":0,"audience":5710,"voice":0,"conversation":0,"engagement":0,"group_scoped":{"audienceScore":0.8950179944073131,"voiceScore":0,"engagementScore":0,"combinedScore":0.8950179944073131,"combinedScoreRank":125,"SEIrank":207,"engagementSEIrank":221,"voiceSEIrank":220,"audienceSEIrank":163,"engagementSEI":0,"engagementSEIadj":0,"voiceSEI":0,"voiceSEIadj":0,"audienceSEI":2.1260197261865312,"audienceSEIadj":2.1260197261865312,"SEI":0.21260197261865313,"SEIadj":0.21260197261865313},"non_scoped":{"SEI":0.10085185374891598,"SEIrank":193,"SEIadj":0,"audienceSEI":1.0085185374891596,"audienceSEIadj":0,"audienceSEIrank":121,"audienceScore":0.16372121402577564,"combinedScore":0.008186060701288782,"combinedScoreRank":190,"engagementSEI":0,"engagementSEIadj":0,"engagementSEIrank":221,"engagementScore":0,"voiceSEI":0,"voiceSEIadj":0,"voiceSEIrank":220,"voiceScore":0},"scoped":{"SEI":0.48992689707245085,"SEIrank":173,"SEIadj":0,"audienceSEI":4.899268970724508,"audienceSEIadj":0,"audienceSEIrank":107,"audienceScore":0.2593386908800892,"combinedScore":0.01296693454400446,"combinedScoreRank":174,"engagementSEI":0,"engagementSEIadj":0,"engagementSEIrank":201,"engagementScore":0,"voiceSEI":0,"voiceSEIadj":0,"voiceSEIrank":200,"voiceScore":0}},"instagram":{"entityString":"536575feb08f37d80186a099","type":"instagram","profiles":0,"postsMade":0,"repliesMade":0,"repliesRcvd":0,"sharesMade":0,"sharesRcvd":0,"mentionsRcvd":0,"likesRcvd":0,"reachRcvd":0,"audience":0,"voice":0,"conversation":0,"engagement":0,"group_scoped":{"audienceScore":0,"voiceScore":0,"engagementScore":0,"combinedScore":0,"combinedScoreRank":209,"SEIrank":190,"engagementSEIrank":190,"voiceSEIrank":190,"audienceSEIrank":190,"engagementSEI":0,"engagementSEIadj":0,"voiceSEI":0,"voiceSEIadj":0,"audienceSEI":0,"audienceSEIadj":0,"SEI":0,"SEIadj":0},"non_scoped":{"SEI":0,"SEIrank":190,"SEIadj":0,"audienceSEI":0,"audienceSEIadj":0,"audienceSEIrank":190,"audienceScore":0,"combinedScore":0,"combinedScoreRank":190,"engagementSEI":0,"engagementSEIadj":0,"engagementSEIrank":190,"engagementScore":0,"voiceSEI":0,"voiceSEIadj":0,"voiceSEIrank":190,"voiceScore":0},"scoped":{"SEI":0,"SEIrank":171,"SEIadj":0,"audienceSEI":0,"audienceSEIadj":0,"audienceSEIrank":171,"audienceScore":0,"combinedScore":0,"combinedScoreRank":171,"engagementSEI":0,"engagementSEIadj":0,"engagementSEIrank":171,"engagementScore":0,"voiceSEI":0,"voiceSEIadj":0,"voiceSEIrank":171,"voiceScore":0}}},"month":{"boundaryQuantum":4987194,"combined":{"entityString":"536575feb08f37d80186a099","type":"combined","profiles":2,"postsMade":0,"repliesMade":0,"repliesRcvd":0,"sharesMade":0,"sharesRcvd":0,"mentionsRcvd":0,"likesRcvd":0,"reachRcvd":0,"audience":8022,"voice":0,"conversation":0,"engagement":0,"group_scoped":{"audienceScore":0.34903512802305664,"voiceScore":0,"engagementScore":0,"combinedScore":0.34903512802305664,"combinedScoreRank":80,"SEIrank":216,"engagementSEIrank":228,"voiceSEIrank":227,"audienceSEIrank":155,"engagementSEI":0,"engagementSEIadj":0,"voiceSEI":0,"voiceSEIadj":0,"audienceSEI":0.5425237294955855,"audienceSEIadj":0.5425237294955855,"SEI":0.05425237294955855,"SEIadj":0.05425237294955855},"non_scoped":{"SEI":0.031516542059379336,"SEIrank":209,"SEIadj":0,"audienceSEI":0.3151654205937933,"audienceSEIadj":0,"audienceSEIrank":138,"audienceScore":0.05807518760414006,"combinedScore":0.002903759380207003,"combinedScoreRank":201,"engagementSEI":0,"engagementSEIadj":0,"engagementSEIrank":228,"engagementScore":0,"voiceSEI":0,"voiceSEIadj":0,"voiceSEIrank":227,"voiceScore":0},"scoped":{"SEI":0.411452135735095,"SEIrank":187,"SEIadj":0,"audienceSEI":4.11452135735095,"audienceSEIadj":0,"audienceSEIrank":125,"audienceScore":0.16672995421473247,"combinedScore":0.008336497710736624,"combinedScoreRank":187,"engagementSEI":0,"engagementSEIadj":0,"engagementSEIrank":206,"engagementScore":0,"voiceSEI":0,"voiceSEIadj":0,"voiceSEIrank":206,"voiceScore":0}},"facebook":{"entityString":"536575feb08f37d80186a099","type":"facebook","profiles":1,"postsMade":0,"repliesMade":0,"repliesRcvd":0,"sharesMade":0,"sharesRcvd":0,"mentionsRcvd":0,"likesRcvd":0,"reachRcvd":0,"audience":2312,"voice":0,"conversation":0,"engagement":0,"group_scoped":{"audienceScore":0.14928717311952722,"voiceScore":0,"engagementScore":0,"combinedScore":0.14928717311952722,"combinedScoreRank":99,"SEIrank":159,"engagementSEIrank":215,"voiceSEIrank":213,"audienceSEIrank":142,"engagementSEI":0,"engagementSEIadj":0,"voiceSEI":0,"voiceSEIadj":0,"audienceSEI":0.21048779088875558,"audienceSEIadj":0.21048779088875558,"SEI":0.02104877908887556,"SEIadj":0.02104877908887556},"non_scoped":{"SEI":0.012450610871558916,"SEIrank":158,"SEIadj":0,"audienceSEI":0.12450610871558916,"audienceSEIadj":0,"audienceSEIrank":141,"audienceScore":0.023745957692344825,"combinedScore":0.0011872978846172414,"combinedScoreRank":158,"engagementSEI":0,"engagementSEIadj":0,"engagementSEIrank":215,"engagementScore":0,"voiceSEI":0,"voiceSEIadj":0,"voiceSEIrank":213,"voiceScore":0},"scoped":{"SEI":0.1587018300133167,"SEIrank":143,"SEIadj":0,"audienceSEI":1.5870183001331668,"audienceSEIadj":0,"audienceSEIrank":126,"audienceScore":0.09734044188013569,"combinedScore":0.0048670220940067845,"combinedScoreRank":143,"engagementSEI":0,"engagementSEIadj":0,"engagementSEIrank":194,"engagementScore":0,"voiceSEI":0,"voiceSEIadj":0,"voiceSEIrank":193,"voiceScore":0}},"twitter":{"entityString":"536575feb08f37d80186a099","type":"twitter","profiles":1,"postsMade":0,"repliesMade":0,"repliesRcvd":0,"sharesMade":0,"sharesRcvd":0,"mentionsRcvd":0,"likesRcvd":0,"reachRcvd":0,"audience":5710,"voice":0,"conversation":0,"engagement":0,"group_scoped":{"audienceScore":0.8950179944073131,"voiceScore":0,"engagementScore":0,"combinedScore":0.8950179944073131,"combinedScoreRank":110,"SEIrank":209,"engagementSEIrank":222,"voiceSEIrank":222,"audienceSEIrank":163,"engagementSEI":0,"engagementSEIadj":0,"voiceSEI":0,"voiceSEIadj":0,"audienceSEI":2.1260197261865312,"audienceSEIadj":2.1260197261865312,"SEI":0.21260197261865313,"SEIadj":0.21260197261865313},"non_scoped":{"SEI":0.10085185374891598,"SEIrank":203,"SEIadj":0,"audienceSEI":1.0085185374891596,"audienceSEIadj":0,"audienceSEIrank":121,"audienceScore":0.16372121402577564,"combinedScore":0.008186060701288782,"combinedScoreRank":201,"engagementSEI":0,"engagementSEIadj":0,"engagementSEIrank":222,"engagementScore":0,"voiceSEI":0,"voiceSEIadj":0,"voiceSEIrank":222,"voiceScore":0},"scoped":{"SEI":0.48992689707245085,"SEIrank":183,"SEIadj":0,"audienceSEI":4.899268970724508,"audienceSEIadj":0,"audienceSEIrank":107,"audienceScore":0.2593386908800892,"combinedScore":0.01296693454400446,"combinedScoreRank":184,"engagementSEI":0,"engagementSEIadj":0,"engagementSEIrank":201,"engagementScore":0,"voiceSEI":0,"voiceSEIadj":0,"voiceSEIrank":201,"voiceScore":0}},"instagram":{"entityString":"536575feb08f37d80186a099","type":"instagram","profiles":0,"postsMade":0,"repliesMade":0,"repliesRcvd":0,"sharesMade":0,"sharesRcvd":0,"mentionsRcvd":0,"likesRcvd":0,"reachRcvd":0,"audience":0,"voice":0,"conversation":0,"engagement":0,"group_scoped":{"audienceScore":0,"voiceScore":0,"engagementScore":0,"combinedScore":0,"combinedScoreRank":209,"SEIrank":190,"engagementSEIrank":190,"voiceSEIrank":190,"audienceSEIrank":190,"engagementSEI":0,"engagementSEIadj":0,"voiceSEI":0,"voiceSEIadj":0,"audienceSEI":0,"audienceSEIadj":0,"SEI":0,"SEIadj":0},"non_scoped":{"SEI":0,"SEIrank":190,"SEIadj":0,"audienceSEI":0,"audienceSEIadj":0,"audienceSEIrank":190,"audienceScore":0,"combinedScore":0,"combinedScoreRank":190,"engagementSEI":0,"engagementSEIadj":0,"engagementSEIrank":190,"engagementScore":0,"voiceSEI":0,"voiceSEIadj":0,"voiceSEIrank":190,"voiceScore":0},"scoped":{"SEI":0,"SEIrank":171,"SEIadj":0,"audienceSEI":0,"audienceSEIadj":0,"audienceSEIrank":171,"audienceScore":0,"combinedScore":0,"combinedScoreRank":171,"engagementSEI":0,"engagementSEIadj":0,"engagementSEIrank":171,"engagementScore":0,"voiceSEI":0,"voiceSEIadj":0,"voiceSEIrank":171,"voiceScore":0}}},"quarter":{"boundaryQuantum":4969914,"combined":{"entityString":"536575feb08f37d80186a099","type":"combined","profiles":2,"postsMade":18,"repliesMade":0,"repliesRcvd":1,"sharesMade":0,"sharesRcvd":41,"mentionsRcvd":0,"likesRcvd":94,"reachRcvd":0,"audience":8022,"voice":18,"conversation":19,"engagement":136,"group_scoped":{"audienceScore":0.34903512802305664,"voiceScore":0.08421052631578947,"engagementScore":0.007561945399418063,"combinedScore":0.028468033576418562,"combinedScoreRank":214,"SEIrank":207,"engagementSEIrank":197,"voiceSEIrank":202,"audienceSEIrank":155,"engagementSEI":0.008542128711036745,"engagementSEIadj":0.008542128711036745,"voiceSEI":0.20329794443189517,"voiceSEIadj":0.20329794443189517,"audienceSEI":0.5425237294955855,"audienceSEIadj":0.5425237294955855,"SEI":0.12036703350574915,"SEIadj":0.12036703350574915},"non_scoped":{"SEI":0.08267670496909463,"SEIrank":201,"SEIadj":0,"audienceSEI":0.3151654205937933,"audienceSEIadj":0,"audienceSEIrank":138,"audienceScore":0.05807518760414006,"combinedScore":0.004153619668221316,"combinedScoreRank":194,"engagementSEI":0.0011940750347971903,"engagementSEIadj":0,"engagementSEIrank":195,"engagementScore":0.0004916232459714005,"voiceSEI":0.1681457262961233,"voiceSEIadj":0,"voiceSEIrank":197,"voiceScore":0.01614798733280105},"scoped":{"SEI":0.63181825608785,"SEIrank":180,"SEIadj":0,"audienceSEI":4.11452135735095,"audienceSEIadj":0,"audienceSEIrank":125,"audienceScore":0.16672995421473247,"combinedScore":0.01455451239075764,"combinedScoreRank":179,"engagementSEI":0.03554078174040073,"engagementSEIadj":0,"engagementSEIrank":180,"engagementScore":0.005008414873519111,"voiceSEI":0.6634721710283819,"voiceSEIadj":0,"voiceSEIrank":182,"voiceScore":0.034208825877076285}},"facebook":{"entityString":"536575feb08f37d80186a099","type":"facebook","profiles":1,"postsMade":1,"repliesMade":0,"repliesRcvd":1,"sharesMade":0,"sharesRcvd":0,"mentionsRcvd":0,"likesRcvd":8,"reachRcvd":0,"audience":2312,"voice":1,"conversation":2,"engagement":9,"group_scoped":{"audienceScore":0.14928717311952722,"voiceScore":0.01633453119895459,"engagementScore":0.0006815140819740282,"combinedScore":0.008894447889700716,"combinedScoreRank":167,"SEIrank":156,"engagementSEIrank":148,"voiceSEIrank":148,"audienceSEIrank":142,"engagementSEI":0.0007573182183836473,"engagementSEIadj":0.0007573182183836473,"voiceSEI":0.0373134328358209,"voiceSEIadj":0.0373134328358209,"audienceSEI":0.21048779088875558,"audienceSEIadj":0.21048779088875558,"SEI":0.03269719987065202,"SEIadj":0.03269719987065202},"non_scoped":{"SEI":0.019065582857401016,"SEIrank":155,"SEIadj":0,"audienceSEI":0.12450610871558916,"audienceSEIadj":0,"audienceSEIrank":141,"audienceScore":0.023745957692344825,"combinedScore":0.0013455152592241613,"combinedScoreRank":158,"engagementSEI":0.00008403427253771177,"engagementSEIadj":0,"engagementSEIrank":152,"engagementScore":0.00003671695883710701,"voiceSEI":0.02188183807439825,"voiceSEIadj":0,"voiceSEIrank":151,"voiceScore":0.0025034422330704716},"scoped":{"SEI":0.19543333983568362,"SEIrank":142,"SEIadj":0,"audienceSEI":1.5870183001331668,"audienceSEIadj":0,"audienceSEIrank":126,"audienceScore":0.09734044188013569,"combinedScore":0.005673536089989536,"combinedScoreRank":142,"engagementSEI":0.007800379618474765,"engagementSEIadj":0,"engagementSEIrank":139,"engagementScore":0.0005076534396622863,"voiceSEI":0.10683760683760685,"voiceSEIadj":0,"voiceSEIrank":139,"voiceScore":0.006992518005733864}},"twitter":{"entityString":"536575feb08f37d80186a099","type":"twitter","profiles":1,"postsMade":17,"repliesMade":0,"repliesRcvd":0,"sharesMade":0,"sharesRcvd":41,"mentionsRcvd":0,"likesRcvd":86,"reachRcvd":0,"audience":5710,"voice":17,"conversation":17,"engagement":127,"group_scoped":{"audienceScore":0.8950179944073131,"voiceScore":0.11353011887271271,"engagementScore":0.07266942848641597,"combinedScore":0.11582989130177566,"combinedScoreRank":203,"SEIrank":202,"engagementSEIrank":195,"voiceSEIrank":194,"audienceSEIrank":163,"engagementSEI":0.1262689030513328,"engagementSEIadj":0.1262689030513328,"voiceSEI":0.2883799830364716,"voiceSEIadj":0.2883799830364716,"audienceSEI":2.1260197261865312,"audienceSEIadj":2.1260197261865312,"SEI":0.3748773093603943,"SEIadj":0.3748773093603943},"non_scoped":{"SEI":0.22716267408038163,"SEIrank":185,"SEIadj":0,"audienceSEI":1.0085185374891596,"audienceSEIadj":0,"audienceSEIrank":121,"audienceScore":0.16372121402577564,"combinedScore":0.023935510318492947,"combinedScoreRank":176,"engagementSEI":0.06870955874396761,"engagementSEIadj":0,"engagementSEIrank":175,"engagementScore":0.01612471131053274,"voiceSEI":0.28361695028361694,"voiceSEIadj":0,"voiceSEIrank":189,"voiceScore":0.02474418875449398},"scoped":{"SEI":1.011108311973767,"SEIrank":169,"SEIadj":0,"audienceSEI":4.899268970724508,"audienceSEIadj":0,"audienceSEIrank":107,"audienceScore":0.2593386908800892,"combinedScore":0.04405201857393613,"combinedScoreRank":164,"engagementSEI":0.4184238270954138,"engagementSEIadj":0,"engagementSEIrank":162,"engagementScore":0.03202388427022107,"voiceSEI":0.9004237288135594,"voiceSEIadj":0,"voiceSEIrank":175,"voiceScore":0.045271763734654205}},"instagram":{"entityString":"536575feb08f37d80186a099","type":"instagram","profiles":0,"postsMade":0,"repliesMade":0,"repliesRcvd":0,"sharesMade":0,"sharesRcvd":0,"mentionsRcvd":0,"likesRcvd":0,"reachRcvd":0,"audience":0,"voice":0,"conversation":0,"engagement":0,"group_scoped":{"audienceScore":0,"voiceScore":0,"engagementScore":0,"combinedScore":0,"combinedScoreRank":209,"SEIrank":190,"engagementSEIrank":190,"voiceSEIrank":190,"audienceSEIrank":190,"engagementSEI":0,"engagementSEIadj":0,"voiceSEI":0,"voiceSEIadj":0,"audienceSEI":0,"audienceSEIadj":0,"SEI":0,"SEIadj":0},"non_scoped":{"SEI":0,"SEIrank":190,"SEIadj":0,"audienceSEI":0,"audienceSEIadj":0,"audienceSEIrank":190,"audienceScore":0,"combinedScore":0,"combinedScoreRank":190,"engagementSEI":0,"engagementSEIadj":0,"engagementSEIrank":190,"engagementScore":0,"voiceSEI":0,"voiceSEIadj":0,"voiceSEIrank":190,"voiceScore":0},"scoped":{"SEI":0,"SEIrank":171,"SEIadj":0,"audienceSEI":0,"audienceSEIadj":0,"audienceSEIrank":171,"audienceScore":0,"combinedScore":0,"combinedScoreRank":171,"engagementSEI":0,"engagementSEIadj":0,"engagementSEIrank":171,"engagementScore":0,"voiceSEI":0,"voiceSEIadj":0,"voiceSEIrank":171,"voiceScore":0}}},"blended":{"combined":{"non_scoped":{"SEI":0.057096623514236985,"SEIadj":40.03425797410854,"SEIrank":205,"audienceSEI":0.3151654205937933,"audienceSEIadj":50.1575827102969,"audienceSEIrank":138,"engagementSEI":0.0005970375173985951,"engagementSEIadj":40.00035822251044,"engagementSEIrank":201,"voiceSEI":0.08407286314806164,"voiceSEIadj":40.05044371788884,"voiceSEIrank":204},"scoped":{"SEI":0.39644274889271913,"SEIadj":40.23786564933563,"SEIrank":184,"compCharisma":0,"compInfluence":0,"compEva":0.39644274889271913,"audienceSEI":4.11452135735095,"audienceSEIadj":52.057260678675476,"audienceSEIrank":125,"engagementSEI":0.017770390870200364,"engagementSEIadj":40.01066223452212,"engagementSEIrank":185,"voiceSEI":0.3317360855141909,"voiceSEIadj":40.19904165130851,"voiceSEIrank":187}},"facebook":{"non_scoped":{"SEI":0.015758096864479966,"SEIadj":50.00787904843224,"SEIrank":157,"audienceSEI":0.12450610871558915,"audienceSEIadj":50.0622530543578,"audienceSEIrank":141,"engagementSEI":0.00004201713626885589,"engagementSEIadj":50.00002100856813,"engagementSEIrank":152,"voiceSEI":0.010940919037199124,"voiceSEIadj":50.0054704595186,"voiceSEIrank":151},"scoped":{"SEI":0.17706758492450017,"SEIadj":50.08853379246225,"SEIrank":143,"audienceSEI":1.5870183001331666,"audienceSEIadj":50.79350915006658,"audienceSEIrank":126,"engagementSEI":0.0039001898092373825,"engagementSEIadj":50.00195009490462,"engagementSEIrank":139,"voiceSEI":0.05341880341880342,"voiceSEIadj":50.026709401709404,"voiceSEIrank":139}},"twitter":{"non_scoped":{"SEI":0.16400726391464882,"SEIadj":40.09840435834879,"SEIrank":194,"audienceSEI":1.0085185374891596,"audienceSEIadj":50.50425926874458,"audienceSEIrank":121,"engagementSEI":0.03435477937198381,"engagementSEIadj":40.02061286762319,"engagementSEIrank":184,"voiceSEI":0.14180847514180847,"voiceSEIadj":40.08508508508508,"voiceSEIrank":195},"scoped":{"SEI":0.7505176045231089,"SEIadj":40.45031056271387,"SEIrank":176,"audienceSEI":4.899268970724508,"audienceSEIadj":52.44963448536225,"audienceSEIrank":107,"engagementSEI":0.2092119135477069,"engagementSEIadj":40.125527148128626,"engagementSEIrank":169,"voiceSEI":0.4502118644067797,"voiceSEIadj":40.27012711864407,"voiceSEIrank":180}},"instagram":{"non_scoped":{"SEI":0,"SEIadj":0,"SEIrank":190,"audienceSEI":0,"audienceSEIadj":0,"audienceSEIrank":190,"engagementSEI":0,"engagementSEIadj":0,"engagementSEIrank":190,"voiceSEI":0,"voiceSEIadj":0,"voiceSEIrank":190},"scoped":{"SEI":0,"SEIadj":0,"SEIrank":171,"audienceSEI":0,"audienceSEIadj":0,"audienceSEIrank":171,"engagementSEI":0,"engagementSEIadj":0,"engagementSEIrank":171,"voiceSEI":0,"voiceSEIadj":0,"voiceSEIrank":171}},"influence":{"instagram":{"scope":"individual","ratio":0,"calculated":false},"combined":{"ratio":0.1,"bottom":false,"scope":"individual","calculated":true},"facebook":{"ratio":0.02,"bottom":true,"scope":"individual","calculated":true},"twitter":{"ratio":0.11,"bottom":false,"scope":"individual","calculated":true}},"charisma":{"instagram":{"scope":"individual","ratio":0,"calculated":false},"combined":{"ratio":0.19,"bottom":true,"scope":"individual","calculated":true},"facebook":{"ratio":0.01,"bottom":false,"scope":"individual","calculated":true},"twitter":{"ratio":0.3,"bottom":false,"scope":"individual","calculated":true}}},"scope":"individual"}}