{"scoreEntityString":"591d1494ab33fb0001804f89.asset.536575feb08f37d80186a0c7","timeQuantum":4995834,"scoreEntityType":"asset","scoreProfileID":"591d1494ab33fb0001804f89","data":{"scoreEntityString":"591d1494ab33fb0001804f89.asset.536575feb08f37d80186a0c7","scoreProfileID":"591d1494ab33fb0001804f89","scoreEntityType":"asset","entityID":"asset.536575feb08f37d80186a0c7","object_version":"1.2","score_engine_version":"3.0.20","timestamp":4995834,"start_quantum":4969914,"end_quantum":4995833,"schedule_options":{"interval":15,"offset":"1"},"_15min":{"boundaryQuantum":4995831,"combined":{"entityString":"536575feb08f37d80186a0c7","type":"combined","profiles":2,"postsMade":0,"repliesMade":0,"repliesRcvd":0,"sharesMade":0,"sharesRcvd":0,"mentionsRcvd":0,"likesRcvd":0,"reachRcvd":0,"audience":95653,"voice":0,"conversation":0,"engagement":0,"group_scoped":{"audienceScore":2.3963819650417295,"voiceScore":0,"engagementScore":0,"combinedScore":2.3963819650417295,"engagementSEI":0,"engagementSEIadj":0,"voiceSEI":0,"voiceSEIadj":0,"audienceSEI":3.7579803011790216,"audienceSEIadj":3.7579803011790216,"SEI":0.3757980301179022,"SEIadj":0.3757980301179022,"combinedScoreRank":30,"SEIrank":41,"engagementSEIrank":14,"voiceSEIrank":5,"audienceSEIrank":36},"non_scoped":{"SEI":0.3757980301179022,"SEIrank":24,"SEIadj":0,"audienceSEI":3.7579803011790216,"audienceSEIadj":0,"audienceSEIrank":20,"audienceScore":0.6924789229492407,"combinedScore":0.03462394614746204,"combinedScoreRank":26,"engagementSEI":0,"engagementSEIadj":0,"engagementSEIrank":14,"engagementScore":0,"voiceSEI":0,"voiceSEIadj":0,"voiceSEIrank":5,"voiceScore":0},"scoped":{"SEI":4.90608715276353,"SEIrank":17,"SEIadj":0,"audienceSEI":49.0608715276353,"audienceSEIadj":0,"audienceSEIrank":12,"audienceScore":1.9880603727875596,"combinedScore":0.09940301863937799,"combinedScoreRank":18,"engagementSEI":0,"engagementSEIadj":0,"engagementSEIrank":8,"engagementScore":0,"voiceSEI":0,"voiceSEIadj":0,"voiceSEIrank":3,"voiceScore":0}},"facebook":{"entityString":"536575feb08f37d80186a0c7","type":"facebook","profiles":1,"postsMade":0,"repliesMade":0,"repliesRcvd":0,"sharesMade":0,"sharesRcvd":0,"mentionsRcvd":0,"likesRcvd":0,"reachRcvd":0,"audience":83088,"voice":0,"conversation":0,"engagement":0,"group_scoped":{"audienceScore":3.178045598344883,"voiceScore":0,"engagementScore":0,"combinedScore":3.178045598344883,"engagementSEI":0,"engagementSEIadj":0,"voiceSEI":0,"voiceSEIadj":0,"audienceSEI":4.474465208028059,"audienceSEIadj":4.474465208028059,"SEI":0.44744652080280595,"SEIadj":0.44744652080280595,"combinedScoreRank":21,"SEIrank":27,"engagementSEIrank":12,"voiceSEIrank":3,"audienceSEIrank":23},"non_scoped":{"SEI":0.44744652080280595,"SEIrank":17,"SEIadj":0,"audienceSEI":4.474465208028059,"audienceSEIadj":0,"audienceSEIrank":12,"audienceScore":0.8533754899401154,"combinedScore":0.04266877449700577,"combinedScoreRank":17,"engagementSEI":0,"engagementSEIadj":0,"engagementSEIrank":12,"engagementScore":0,"voiceSEI":0,"voiceSEIadj":0,"voiceSEIrank":3,"voiceScore":0},"scoped":{"SEI":5.703381337433589,"SEIrank":9,"SEIadj":0,"audienceSEI":57.033813374335885,"audienceSEIadj":0,"audienceSEIrank":4,"audienceScore":3.498193181201001,"combinedScore":0.17490965906005007,"combinedScoreRank":9,"engagementSEI":0,"engagementSEIadj":0,"engagementSEIrank":6,"engagementScore":0,"voiceSEI":0,"voiceSEIadj":0,"voiceSEIrank":3,"voiceScore":0}},"twitter":{"entityString":"536575feb08f37d80186a0c7","type":"twitter","profiles":1,"postsMade":0,"repliesMade":0,"repliesRcvd":0,"sharesMade":0,"sharesRcvd":0,"mentionsRcvd":0,"likesRcvd":0,"reachRcvd":0,"audience":12565,"voice":0,"conversation":0,"engagement":0,"group_scoped":{"audienceScore":1.0012702146614965,"voiceScore":0,"engagementScore":0,"combinedScore":1.0012702146614965,"engagementSEI":0,"engagementSEIadj":0,"voiceSEI":0,"voiceSEIadj":0,"audienceSEI":2.219270652110559,"audienceSEIadj":2.219270652110559,"SEI":0.22192706521105593,"SEIadj":0.22192706521105593,"combinedScoreRank":139,"SEIrank":161,"engagementSEIrank":5,"voiceSEIrank":4,"audienceSEIrank":161},"non_scoped":{"SEI":0.22192706521105593,"SEIrank":58,"SEIadj":0,"audienceSEI":2.219270652110559,"audienceSEIadj":0,"audienceSEIrank":57,"audienceScore":0.3602726890076831,"combinedScore":0.018013634450384158,"combinedScoreRank":58,"engagementSEI":0,"engagementSEIadj":0,"engagementSEIrank":5,"engagementScore":0,"voiceSEI":0,"voiceSEIadj":0,"voiceSEIrank":4,"voiceScore":0},"scoped":{"SEI":1.0780965782338607,"SEIrank":48,"SEIadj":0,"audienceSEI":10.780965782338606,"audienceSEIadj":0,"audienceSEIrank":47,"audienceScore":0.5706813749401614,"combinedScore":0.08152591070573734,"combinedScoreRank":48,"engagementSEI":0,"engagementSEIadj":0,"engagementSEIrank":3,"engagementScore":0,"voiceSEI":0,"voiceSEIadj":0,"voiceSEIrank":2,"voiceScore":0}},"instagram":{"entityString":"536575feb08f37d80186a0c7","type":"instagram","profiles":0,"postsMade":0,"repliesMade":0,"repliesRcvd":0,"sharesMade":0,"sharesRcvd":0,"mentionsRcvd":0,"likesRcvd":0,"reachRcvd":0,"audience":0,"voice":0,"conversation":0,"engagement":0,"group_scoped":{"audienceScore":0,"voiceScore":0,"engagementScore":0,"combinedScore":0,"engagementSEI":0,"engagementSEIadj":0,"voiceSEI":0,"voiceSEIadj":0,"audienceSEI":0,"audienceSEIadj":0,"SEI":0,"SEIadj":0,"combinedScoreRank":66,"SEIrank":29,"engagementSEIrank":6,"voiceSEIrank":2,"audienceSEIrank":29},"non_scoped":{"SEI":0,"SEIrank":29,"SEIadj":0,"audienceSEI":0,"audienceSEIadj":0,"audienceSEIrank":29,"audienceScore":0,"combinedScore":0,"combinedScoreRank":29,"engagementSEI":0,"engagementSEIadj":0,"engagementSEIrank":6,"engagementScore":0,"voiceSEI":0,"voiceSEIadj":0,"voiceSEIrank":2,"voiceScore":0},"scoped":{"SEI":0,"SEIrank":24,"SEIadj":0,"audienceSEI":0,"audienceSEIadj":0,"audienceSEIrank":24,"audienceScore":0,"combinedScore":0,"combinedScoreRank":24,"engagementSEI":0,"engagementSEIadj":0,"engagementSEIrank":3,"engagementScore":0,"voiceSEI":0,"voiceSEIadj":0,"voiceSEIrank":2,"voiceScore":0}}},"hour":{"boundaryQuantum":4995822,"combined":{"entityString":"536575feb08f37d80186a0c7","type":"combined","profiles":2,"postsMade":0,"repliesMade":0,"repliesRcvd":0,"sharesMade":0,"sharesRcvd":0,"mentionsRcvd":0,"likesRcvd":0,"reachRcvd":0,"audience":95653,"voice":0,"conversation":0,"engagement":0,"group_scoped":{"audienceScore":2.3963819650417295,"voiceScore":0,"engagementScore":0,"combinedScore":2.3963819650417295,"combinedScoreRank":26,"SEIrank":65,"engagementSEIrank":68,"voiceSEIrank":23,"audienceSEIrank":36,"engagementSEI":0,"engagementSEIadj":0,"voiceSEI":0,"voiceSEIadj":0,"audienceSEI":3.7579803011790216,"audienceSEIadj":3.7579803011790216,"SEI":0.3757980301179022,"SEIadj":0.3757980301179022},"non_scoped":{"SEI":0.3757980301179022,"SEIrank":40,"SEIadj":0,"audienceSEI":3.7579803011790216,"audienceSEIadj":0,"audienceSEIrank":20,"audienceScore":0.6924789229492407,"combinedScore":0.03462394614746204,"combinedScoreRank":61,"engagementSEI":0,"engagementSEIadj":0,"engagementSEIrank":68,"engagementScore":0,"voiceSEI":0,"voiceSEIadj":0,"voiceSEIrank":23,"voiceScore":0},"scoped":{"SEI":4.90608715276353,"SEIrank":36,"SEIadj":0,"audienceSEI":49.0608715276353,"audienceSEIadj":0,"audienceSEIrank":12,"audienceScore":1.9880603727875596,"combinedScore":0.09940301863937799,"combinedScoreRank":66,"engagementSEI":0,"engagementSEIadj":0,"engagementSEIrank":59,"engagementScore":0,"voiceSEI":0,"voiceSEIadj":0,"voiceSEIrank":16,"voiceScore":0}},"facebook":{"entityString":"536575feb08f37d80186a0c7","type":"facebook","profiles":1,"postsMade":0,"repliesMade":0,"repliesRcvd":0,"sharesMade":0,"sharesRcvd":0,"mentionsRcvd":0,"likesRcvd":0,"reachRcvd":0,"audience":83088,"voice":0,"conversation":0,"engagement":0,"group_scoped":{"audienceScore":3.178045598344883,"voiceScore":0,"engagementScore":0,"combinedScore":3.178045598344883,"combinedScoreRank":22,"SEIrank":46,"engagementSEIrank":45,"voiceSEIrank":16,"audienceSEIrank":23,"engagementSEI":0,"engagementSEIadj":0,"voiceSEI":0,"voiceSEIadj":0,"audienceSEI":4.474465208028059,"audienceSEIadj":4.474465208028059,"SEI":0.44744652080280595,"SEIadj":0.44744652080280595},"non_scoped":{"SEI":0.44744652080280595,"SEIrank":27,"SEIadj":0,"audienceSEI":4.474465208028059,"audienceSEIadj":0,"audienceSEIrank":12,"audienceScore":0.8533754899401154,"combinedScore":0.04266877449700577,"combinedScoreRank":44,"engagementSEI":0,"engagementSEIadj":0,"engagementSEIrank":45,"engagementScore":0,"voiceSEI":0,"voiceSEIadj":0,"voiceSEIrank":16,"voiceScore":0},"scoped":{"SEI":5.703381337433589,"SEIrank":21,"SEIadj":0,"audienceSEI":57.033813374335885,"audienceSEIadj":0,"audienceSEIrank":4,"audienceScore":3.498193181201001,"combinedScore":0.17490965906005007,"combinedScoreRank":41,"engagementSEI":0,"engagementSEIadj":0,"engagementSEIrank":36,"engagementScore":0,"voiceSEI":0,"voiceSEIadj":0,"voiceSEIrank":9,"voiceScore":0}},"twitter":{"entityString":"536575feb08f37d80186a0c7","type":"twitter","profiles":1,"postsMade":0,"repliesMade":0,"repliesRcvd":0,"sharesMade":0,"sharesRcvd":0,"mentionsRcvd":0,"likesRcvd":0,"reachRcvd":0,"audience":12565,"voice":0,"conversation":0,"engagement":0,"group_scoped":{"audienceScore":1.0012702146614965,"voiceScore":0,"engagementScore":0,"combinedScore":1.0012702146614965,"combinedScoreRank":144,"SEIrank":169,"engagementSEIrank":38,"voiceSEIrank":20,"audienceSEIrank":161,"engagementSEI":0,"engagementSEIadj":0,"voiceSEI":0,"voiceSEIadj":0,"audienceSEI":2.219270652110559,"audienceSEIadj":2.219270652110559,"SEI":0.22192706521105593,"SEIadj":0.22192706521105593},"non_scoped":{"SEI":0.22192706521105593,"SEIrank":75,"SEIadj":0,"audienceSEI":2.219270652110559,"audienceSEIadj":0,"audienceSEIrank":57,"audienceScore":0.3602726890076831,"combinedScore":0.018013634450384158,"combinedScoreRank":75,"engagementSEI":0,"engagementSEIadj":0,"engagementSEIrank":38,"engagementScore":0,"voiceSEI":0,"voiceSEIadj":0,"voiceSEIrank":20,"voiceScore":0},"scoped":{"SEI":1.0780965782338607,"SEIrank":65,"SEIadj":0,"audienceSEI":10.780965782338606,"audienceSEIadj":0,"audienceSEIrank":47,"audienceScore":0.5706813749401614,"combinedScore":0.02853406874700807,"combinedScoreRank":65,"engagementSEI":0,"engagementSEIadj":0,"engagementSEIrank":30,"engagementScore":0,"voiceSEI":0,"voiceSEIadj":0,"voiceSEIrank":13,"voiceScore":0}},"instagram":{"entityString":"536575feb08f37d80186a0c7","type":"instagram","profiles":0,"postsMade":0,"repliesMade":0,"repliesRcvd":0,"sharesMade":0,"sharesRcvd":0,"mentionsRcvd":0,"likesRcvd":0,"reachRcvd":0,"audience":0,"voice":0,"conversation":0,"engagement":0,"group_scoped":{"audienceScore":0,"voiceScore":0,"engagementScore":0,"combinedScore":0,"combinedScoreRank":66,"SEIrank":29,"engagementSEIrank":11,"voiceSEIrank":5,"audienceSEIrank":29,"engagementSEI":0,"engagementSEIadj":0,"voiceSEI":0,"voiceSEIadj":0,"audienceSEI":0,"audienceSEIadj":0,"SEI":0,"SEIadj":0},"non_scoped":{"SEI":0,"SEIrank":29,"SEIadj":0,"audienceSEI":0,"audienceSEIadj":0,"audienceSEIrank":29,"audienceScore":0,"combinedScore":0,"combinedScoreRank":29,"engagementSEI":0,"engagementSEIadj":0,"engagementSEIrank":11,"engagementScore":0,"voiceSEI":0,"voiceSEIadj":0,"voiceSEIrank":5,"voiceScore":0},"scoped":{"SEI":0,"SEIrank":24,"SEIadj":0,"audienceSEI":0,"audienceSEIadj":0,"audienceSEIrank":24,"audienceScore":0,"combinedScore":0,"combinedScoreRank":24,"engagementSEI":0,"engagementSEIadj":0,"engagementSEIrank":6,"engagementScore":0,"voiceSEI":0,"voiceSEIadj":0,"voiceSEIrank":2,"voiceScore":0}}},"today":{"boundaryQuantum":4995546,"combined":{"entityString":"536575feb08f37d80186a0c7","type":"combined","profiles":2,"postsMade":1,"repliesMade":0,"repliesRcvd":0,"sharesMade":0,"sharesRcvd":4,"mentionsRcvd":0,"likesRcvd":8,"reachRcvd":0,"audience":95653,"voice":1,"conversation":1,"engagement":12,"group_scoped":{"audienceScore":2.3963819650417295,"voiceScore":0.31645569620253167,"engagementScore":0.012472715933894605,"combinedScore":0.1468673274027182,"combinedScoreRank":155,"SEIrank":123,"engagementSEIrank":144,"voiceSEIrank":136,"audienceSEIrank":36,"engagementSEI":0.013735634815255712,"engagementSEIadj":0.013735634815255712,"voiceSEI":0.684931506849315,"voiceSEIadj":0.684931506849315,"audienceSEI":3.7579803011790216,"audienceSEIadj":3.7579803011790216,"SEI":0.5895188630618501,"SEIadj":0.5895188630618501},"non_scoped":{"SEI":0.5885944066254517,"SEIrank":98,"SEIadj":0,"audienceSEI":3.7579803011790216,"audienceSEIadj":0,"audienceSEIrank":20,"audienceScore":0.6924789229492407,"combinedScore":0.04213162966177202,"combinedScoreRank":72,"engagementSEI":0.012194874087925042,"engagementSEIadj":0,"engagementSEIrank":111,"engagementScore":0.004464999981395833,"voiceSEI":0.684931506849315,"voiceSEIadj":0,"voiceSEIrank":111,"voiceScore":0.06978367062107467},"scoped":{"SEI":6.397145493426092,"SEIrank":70,"SEIadj":0,"audienceSEI":49.0608715276353,"audienceSEIadj":0,"audienceSEIrank":12,"audienceScore":1.9880603727875596,"combinedScore":0.15225872707755259,"combinedScoreRank":80,"engagementSEI":0.6332453825857519,"engagementSEIadj":0,"engagementSEIrank":100,"engagementScore":0.04963600264725347,"voiceSEI":3.7037037037037033,"voiceSEIadj":0,"voiceSEIrank":100,"voiceScore":0.16366612111292964}},"facebook":{"entityString":"536575feb08f37d80186a0c7","type":"facebook","profiles":1,"postsMade":0,"repliesMade":0,"repliesRcvd":0,"sharesMade":0,"sharesRcvd":0,"mentionsRcvd":0,"likesRcvd":0,"reachRcvd":0,"audience":83088,"voice":0,"conversation":0,"engagement":0,"group_scoped":{"audienceScore":3.178045598344883,"voiceScore":0,"engagementScore":0,"combinedScore":3.178045598344883,"combinedScoreRank":19,"SEIrank":82,"engagementSEIrank":101,"voiceSEIrank":77,"audienceSEIrank":23,"engagementSEI":0,"engagementSEIadj":0,"voiceSEI":0,"voiceSEIadj":0,"audienceSEI":4.474465208028059,"audienceSEIadj":4.474465208028059,"SEI":0.44744652080280595,"SEIadj":0.44744652080280595},"non_scoped":{"SEI":0.44744652080280595,"SEIrank":77,"SEIadj":0,"audienceSEI":4.474465208028059,"audienceSEIadj":0,"audienceSEIrank":12,"audienceScore":0.8533754899401154,"combinedScore":0.04266877449700577,"combinedScoreRank":54,"engagementSEI":0,"engagementSEIadj":0,"engagementSEIrank":101,"engagementScore":0,"voiceSEI":0,"voiceSEIadj":0,"voiceSEIrank":77,"voiceScore":0},"scoped":{"SEI":5.703381337433589,"SEIrank":49,"SEIadj":0,"audienceSEI":57.033813374335885,"audienceSEIadj":0,"audienceSEIrank":4,"audienceScore":3.498193181201001,"combinedScore":0.17490965906005007,"combinedScoreRank":54,"engagementSEI":0,"engagementSEIadj":0,"engagementSEIrank":91,"engagementScore":0,"voiceSEI":0,"voiceSEIadj":0,"voiceSEIrank":67,"voiceScore":0}},"twitter":{"entityString":"536575feb08f37d80186a0c7","type":"twitter","profiles":1,"postsMade":1,"repliesMade":0,"repliesRcvd":0,"sharesMade":0,"sharesRcvd":4,"mentionsRcvd":0,"likesRcvd":8,"reachRcvd":0,"audience":12565,"voice":1,"conversation":1,"engagement":12,"group_scoped":{"audienceScore":1.0012702146614965,"voiceScore":0.5376344086021506,"engagementScore":0.34873583260680036,"combinedScore":0.3908074805093027,"combinedScoreRank":184,"SEIrank":141,"engagementSEIrank":121,"voiceSEIrank":118,"audienceSEIrank":161,"engagementSEI":0.582807187955318,"engagementSEIadj":0.582807187955318,"voiceSEI":1.1235955056179776,"voiceSEIadj":1.1235955056179776,"audienceSEI":2.219270652110559,"audienceSEIadj":2.219270652110559,"SEI":0.9086900296696401,"SEIadj":0.9086900296696401},"non_scoped":{"SEI":0.9086900296696401,"SEIrank":97,"SEIadj":0,"audienceSEI":2.219270652110559,"audienceSEIadj":0,"audienceSEIrank":57,"audienceScore":0.3602726890076831,"combinedScore":0.14914725270561688,"combinedScoreRank":78,"engagementSEI":0.582807187955318,"engagementSEIadj":0,"engagementSEIrank":72,"engagementScore":0.13940520446096655,"voiceSEI":1.1235955056179776,"voiceSEIadj":0,"voiceSEIrank":85,"voiceScore":0.11337868480725624},"scoped":{"SEI":4.9356358936825195,"SEIrank":81,"SEIadj":0,"audienceSEI":10.780965782338606,"audienceSEIadj":0,"audienceSEIrank":47,"audienceScore":0.5706813749401614,"combinedScore":0.30703803088432147,"combinedScoreRank":67,"engagementSEI":4.25531914893617,"engagementSEIadj":0,"engagementSEIrank":62,"engagementScore":0.2967359050445104,"voiceSEI":4.3478260869565215,"voiceSEIadj":0,"voiceSEIrank":74,"voiceScore":0.2288329519450801}},"instagram":{"entityString":"536575feb08f37d80186a0c7","type":"instagram","profiles":0,"postsMade":0,"repliesMade":0,"repliesRcvd":0,"sharesMade":0,"sharesRcvd":0,"mentionsRcvd":0,"likesRcvd":0,"reachRcvd":0,"audience":0,"voice":0,"conversation":0,"engagement":0,"group_scoped":{"audienceScore":0,"voiceScore":0,"engagementScore":0,"combinedScore":0,"combinedScoreRank":66,"SEIrank":29,"engagementSEIrank":24,"voiceSEIrank":14,"audienceSEIrank":29,"engagementSEI":0,"engagementSEIadj":0,"voiceSEI":0,"voiceSEIadj":0,"audienceSEI":0,"audienceSEIadj":0,"SEI":0,"SEIadj":0},"non_scoped":{"SEI":0,"SEIrank":29,"SEIadj":0,"audienceSEI":0,"audienceSEIadj":0,"audienceSEIrank":29,"audienceScore":0,"combinedScore":0,"combinedScoreRank":29,"engagementSEI":0,"engagementSEIadj":0,"engagementSEIrank":24,"engagementScore":0,"voiceSEI":0,"voiceSEIadj":0,"voiceSEIrank":14,"voiceScore":0},"scoped":{"SEI":0,"SEIrank":24,"SEIadj":0,"audienceSEI":0,"audienceSEIadj":0,"audienceSEIrank":24,"audienceScore":0,"combinedScore":0,"combinedScoreRank":24,"engagementSEI":0,"engagementSEIadj":0,"engagementSEIrank":19,"engagementScore":0,"voiceSEI":0,"voiceSEIadj":0,"voiceSEIrank":9,"voiceScore":0}}},"week":{"boundaryQuantum":4993818,"combined":{"entityString":"536575feb08f37d80186a0c7","type":"combined","profiles":2,"postsMade":18,"repliesMade":0,"repliesRcvd":1,"sharesMade":0,"sharesRcvd":51,"mentionsRcvd":0,"likesRcvd":165,"reachRcvd":0,"audience":95653,"voice":18,"conversation":19,"engagement":217,"group_scoped":{"audienceScore":2.3963819650417295,"voiceScore":0.8880118401578688,"engagementScore":0.037870128147627184,"combinedScore":0.1983028055928444,"combinedScoreRank":125,"SEIrank":94,"engagementSEIrank":144,"voiceSEIrank":99,"audienceSEIrank":36,"engagementSEI":0.04256738200792499,"engagementSEIadj":0.04256738200792499,"voiceSEI":2.155688622754491,"voiceSEIadj":2.155688622754491,"audienceSEI":3.7579803011790216,"audienceSEIadj":3.7579803011790216,"SEI":1.0480450461490045,"SEIadj":1.0480450461490045},"non_scoped":{"SEI":1.0389201130717307,"SEIrank":57,"SEIadj":0,"audienceSEI":3.7579803011790216,"audienceSEIadj":0,"audienceSEIrank":20,"audienceScore":0.6924789229492407,"combinedScore":0.055748994621589776,"combinedScoreRank":66,"engagementSEI":0.027359160212468463,"engagementSEIadj":0,"engagementSEIrank":106,"engagementScore":0.011474675602460129,"voiceSEI":2.155688622754491,"voiceSEIadj":0,"voiceSEIrank":73,"voiceScore":0.21595680863827235},"scoped":{"SEI":7.70978147172286,"SEIrank":45,"SEIadj":0,"audienceSEI":49.0608715276353,"audienceSEIadj":0,"audienceSEIrank":12,"audienceScore":1.9880603727875596,"combinedScore":0.22008628649034262,"combinedScoreRank":74,"engagementSEI":0.7426928605654048,"engagementSEIadj":0,"engagementSEIrank":95,"engagementScore":0.1086989190218099,"voiceSEI":7.860262008733625,"voiceSEIadj":0,"voiceSEIrank":63,"voiceScore":0.4570848146267141}},"facebook":{"entityString":"536575feb08f37d80186a0c7","type":"facebook","profiles":1,"postsMade":3,"repliesMade":0,"repliesRcvd":1,"sharesMade":0,"sharesRcvd":0,"mentionsRcvd":0,"likesRcvd":10,"reachRcvd":0,"audience":83088,"voice":3,"conversation":4,"engagement":11,"group_scoped":{"audienceScore":3.178045598344883,"voiceScore":0.4087193460490463,"engagementScore":0.002282948656484716,"combinedScore":0.1813929010105327,"combinedScoreRank":101,"SEIrank":78,"engagementSEIrank":130,"voiceSEIrank":94,"audienceSEIrank":23,"engagementSEI":0.0025478002061401985,"engagementSEIadj":0.0025478002061401985,"voiceSEI":0.949367088607595,"voiceSEIadj":0.949367088607595,"audienceSEI":4.474465208028059,"audienceSEIadj":4.474465208028059,"SEI":0.7337853275087686,"SEIadj":0.7337853275087686},"non_scoped":{"SEI":0.7138495822341623,"SEIrank":56,"SEIadj":0,"audienceSEI":4.474465208028059,"audienceSEIadj":0,"audienceSEIrank":12,"audienceScore":0.8533754899401154,"combinedScore":0.04841755659322897,"combinedScoreRank":61,"engagementSEI":0.0015272262793991059,"engagementSEIadj":0,"engagementSEIrank":118,"engagementScore":0.0006856312263885747,"voiceSEI":0.8849557522123894,"voiceSEIadj":0,"voiceSEIrank":79,"voiceScore":0.10263427984946973},"scoped":{"SEI":6.896247661341044,"SEIrank":51,"SEIadj":0,"audienceSEI":57.033813374335885,"audienceSEIadj":0,"audienceSEIrank":4,"audienceScore":3.498193181201001,"combinedScore":0.19841366448007028,"combinedScoreRank":70,"engagementSEI":0.11311053984575836,"engagementSEIadj":0,"engagementSEIrank":108,"engagementScore":0.00977569229675447,"voiceSEI":3.75,"voiceSEIadj":0,"voiceSEIrank":69,"voiceScore":0.29411764705882354}},"twitter":{"entityString":"536575feb08f37d80186a0c7","type":"twitter","profiles":1,"postsMade":15,"repliesMade":0,"repliesRcvd":0,"sharesMade":0,"sharesRcvd":51,"mentionsRcvd":0,"likesRcvd":155,"reachRcvd":0,"audience":12565,"voice":15,"conversation":15,"engagement":206,"group_scoped":{"audienceScore":1.0012702146614965,"voiceScore":1.201923076923077,"engagementScore":0.7843137254901961,"combinedScore":0.8160420175204052,"combinedScoreRank":128,"SEIrank":123,"engagementSEIrank":117,"voiceSEIrank":98,"audienceSEIrank":161,"engagementSEI":1.5698826398414876,"engagementSEIadj":1.5698826398414876,"voiceSEI":3.1645569620253164,"voiceSEIadj":3.1645569620253164,"audienceSEI":2.219270652110559,"audienceSEIadj":2.219270652110559,"SEI":2.113223737723543,"SEIadj":2.113223737723543},"non_scoped":{"SEI":2.113223737723543,"SEIrank":63,"SEIadj":0,"audienceSEI":2.219270652110559,"audienceSEIadj":0,"audienceSEIrank":57,"audienceScore":0.3602726890076831,"combinedScore":0.33155511103576063,"combinedScoreRank":61,"engagementSEI":1.5698826398414876,"engagementSEIadj":0,"engagementSEIrank":55,"engagementScore":0.33203313884143,"voiceSEI":3.1645569620253164,"voiceSEIadj":0,"voiceSEIrank":68,"voiceScore":0.29423303256178895},"scoped":{"SEI":9.397152522289804,"SEIrank":56,"SEIadj":0,"audienceSEI":10.780965782338606,"audienceSEIadj":0,"audienceSEIrank":47,"audienceScore":0.5706813749401614,"combinedScore":0.5932508767796251,"combinedScoreRank":50,"engagementSEI":9.603729603729603,"engagementSEIadj":0,"engagementSEIrank":45,"engagementScore":0.5980375079835104,"voiceSEI":8.522727272727272,"voiceSEIadj":0,"voiceSEIrank":57,"voiceScore":0.5296610169491525}},"instagram":{"entityString":"536575feb08f37d80186a0c7","type":"instagram","profiles":0,"postsMade":0,"repliesMade":0,"repliesRcvd":0,"sharesMade":0,"sharesRcvd":0,"mentionsRcvd":0,"likesRcvd":0,"reachRcvd":0,"audience":0,"voice":0,"conversation":0,"engagement":0,"group_scoped":{"audienceScore":0,"voiceScore":0,"engagementScore":0,"combinedScore":0,"combinedScoreRank":66,"SEIrank":29,"engagementSEIrank":26,"voiceSEIrank":25,"audienceSEIrank":29,"engagementSEI":0,"engagementSEIadj":0,"voiceSEI":0,"voiceSEIadj":0,"audienceSEI":0,"audienceSEIadj":0,"SEI":0,"SEIadj":0},"non_scoped":{"SEI":0,"SEIrank":29,"SEIadj":0,"audienceSEI":0,"audienceSEIadj":0,"audienceSEIrank":29,"audienceScore":0,"combinedScore":0,"combinedScoreRank":29,"engagementSEI":0,"engagementSEIadj":0,"engagementSEIrank":26,"engagementScore":0,"voiceSEI":0,"voiceSEIadj":0,"voiceSEIrank":25,"voiceScore":0},"scoped":{"SEI":0,"SEIrank":24,"SEIadj":0,"audienceSEI":0,"audienceSEIadj":0,"audienceSEIrank":24,"audienceScore":0,"combinedScore":0,"combinedScoreRank":24,"engagementSEI":0,"engagementSEIadj":0,"engagementSEIrank":21,"engagementScore":0,"voiceSEI":0,"voiceSEIadj":0,"voiceSEIrank":20,"voiceScore":0}}},"month":{"boundaryQuantum":4987194,"combined":{"entityString":"536575feb08f37d80186a0c7","type":"combined","profiles":2,"postsMade":87,"repliesMade":0,"repliesRcvd":34,"sharesMade":0,"sharesRcvd":213,"mentionsRcvd":0,"likesRcvd":986,"reachRcvd":0,"audience":95653,"voice":87,"conversation":121,"engagement":1233,"group_scoped":{"audienceScore":2.3963819650417295,"voiceScore":0.967741935483871,"engagementScore":0.0474843682846012,"combinedScore":0.2109421264824211,"combinedScoreRank":107,"SEIrank":92,"engagementSEIrank":146,"voiceSEIrank":93,"audienceSEIrank":36,"engagementSEI":0.053134665133101694,"engagementSEIadj":0.053134665133101694,"voiceSEI":2.365415986949429,"voiceSEIadj":2.365415986949429,"audienceSEI":3.7579803011790216,"audienceSEIadj":3.7579803011790216,"SEI":1.1173036252825919,"SEIadj":1.1173036252825919},"non_scoped":{"SEI":1.1057365103438888,"SEIrank":59,"SEIadj":0,"audienceSEI":3.7579803011790216,"audienceSEIadj":0,"audienceSEIrank":20,"audienceScore":0.6924789229492407,"combinedScore":0.05878449657690912,"combinedScoreRank":68,"engagementSEI":0.03385614023526311,"engagementSEIadj":0,"engagementSEIrank":99,"engagementScore":0.014163801550551447,"voiceSEI":2.365415986949429,"voiceSEIadj":0,"voiceSEIrank":73,"voiceScore":0.2282625806790156},"scoped":{"SEI":8.22999920241185,"SEIrank":44,"SEIadj":0,"audienceSEI":49.0608715276353,"audienceSEIadj":0,"audienceSEIrank":12,"audienceScore":1.9880603727875596,"combinedScore":0.2540154465265697,"combinedScoreRank":76,"engagementSEI":1.0180238942510136,"engagementSEIadj":0,"engagementSEIrank":89,"engagementScore":0.14509398748402555,"voiceSEI":9.043659043659044,"voiceSEIadj":0,"voiceSEIrank":63,"voiceScore":0.4805567830313742}},"facebook":{"entityString":"536575feb08f37d80186a0c7","type":"facebook","profiles":1,"postsMade":18,"repliesMade":0,"repliesRcvd":34,"sharesMade":0,"sharesRcvd":11,"mentionsRcvd":0,"likesRcvd":250,"reachRcvd":0,"audience":83088,"voice":18,"conversation":52,"engagement":295,"group_scoped":{"audienceScore":3.178045598344883,"voiceScore":0.5385996409335727,"engagementScore":0.01343192518190014,"combinedScore":0.1979209946276329,"combinedScoreRank":85,"SEIrank":77,"engagementSEIrank":122,"voiceSEIrank":85,"audienceSEIrank":23,"engagementSEI":0.014928711606643124,"engagementSEIadj":0.014928711606643124,"voiceSEI":1.3024602026049203,"voiceSEIadj":1.3024602026049203,"audienceSEI":4.474465208028059,"audienceSEIadj":4.474465208028059,"SEI":0.8471418085482679,"SEIadj":0.8471418085482679},"non_scoped":{"SEI":0.8091575106176429,"SEIrank":50,"SEIadj":0,"audienceSEI":4.474465208028059,"audienceSEIadj":0,"audienceSEIrank":12,"audienceScore":0.8533754899401154,"combinedScore":0.052961108366654006,"combinedScoreRank":59,"engagementSEI":0.008792243750800989,"engagementSEIadj":0,"engagementSEIrank":106,"engagementScore":0.003908640108583347,"voiceSEI":1.188118811881188,"voiceSEIadj":0,"voiceSEIrank":71,"voiceScore":0.13549115543846443},"scoped":{"SEI":7.454507913213635,"SEIrank":51,"SEIadj":0,"audienceSEI":57.033813374335885,"audienceSEIadj":0,"audienceSEIrank":4,"audienceScore":3.498193181201001,"combinedScore":0.24543125150236503,"combinedScoreRank":72,"engagementSEI":0.7908847184986596,"engagementSEIadj":0,"engagementSEIrank":96,"engagementScore":0.05695321534686439,"voiceSEI":4.25531914893617,"voiceSEIadj":0,"voiceSEIrank":61,"voiceScore":0.3852739726027397}},"twitter":{"entityString":"536575feb08f37d80186a0c7","type":"twitter","profiles":1,"postsMade":69,"repliesMade":0,"repliesRcvd":0,"sharesMade":0,"sharesRcvd":202,"mentionsRcvd":0,"likesRcvd":736,"reachRcvd":0,"audience":12565,"voice":69,"conversation":69,"engagement":938,"group_scoped":{"audienceScore":1.0012702146614965,"voiceScore":1.266752340738021,"engagementScore":0.791000472239088,"combinedScore":0.8253015527851552,"combinedScoreRank":113,"SEIrank":122,"engagementSEIrank":120,"voiceSEIrank":93,"audienceSEIrank":161,"engagementSEI":1.496943872584223,"engagementSEIadj":1.496943872584223,"voiceSEI":3.2935560859188544,"voiceSEIadj":3.2935560859188544,"audienceSEI":2.219270652110559,"audienceSEIadj":2.219270652110559,"SEI":2.108160214537246,"SEIadj":2.108160214537246},"non_scoped":{"SEI":2.108160214537246,"SEIrank":61,"SEIadj":0,"audienceSEI":2.219270652110559,"audienceSEIadj":0,"audienceSEIrank":57,"audienceScore":0.3602726890076831,"combinedScore":0.3426279438463971,"combinedScoreRank":50,"engagementSEI":1.496943872584223,"engagementSEIadj":0,"engagementSEIrank":50,"engagementScore":0.34446162264192515,"voiceSEI":3.2935560859188544,"voiceSEIadj":0,"voiceSEIrank":66,"voiceScore":0.291976980365606},"scoped":{"SEI":9.037702758342292,"SEIrank":48,"SEIadj":0,"audienceSEI":10.780965782338606,"audienceSEIadj":0,"audienceSEIrank":47,"audienceScore":0.5706813749401614,"combinedScore":0.6490367091103837,"combinedScoreRank":40,"engagementSEI":8.229513949815757,"engagementSEIadj":0,"engagementSEIrank":40,"engagementScore":0.6602053815888568,"voiceSEI":10.072992700729927,"voiceSEIadj":0,"voiceSEIrank":55,"voiceScore":0.5263559386680906}},"instagram":{"entityString":"536575feb08f37d80186a0c7","type":"instagram","profiles":0,"postsMade":0,"repliesMade":0,"repliesRcvd":0,"sharesMade":0,"sharesRcvd":0,"mentionsRcvd":0,"likesRcvd":0,"reachRcvd":0,"audience":0,"voice":0,"conversation":0,"engagement":0,"group_scoped":{"audienceScore":0,"voiceScore":0,"engagementScore":0,"combinedScore":0,"combinedScoreRank":66,"SEIrank":29,"engagementSEIrank":26,"voiceSEIrank":26,"audienceSEIrank":29,"engagementSEI":0,"engagementSEIadj":0,"voiceSEI":0,"voiceSEIadj":0,"audienceSEI":0,"audienceSEIadj":0,"SEI":0,"SEIadj":0},"non_scoped":{"SEI":0,"SEIrank":29,"SEIadj":0,"audienceSEI":0,"audienceSEIadj":0,"audienceSEIrank":29,"audienceScore":0,"combinedScore":0,"combinedScoreRank":29,"engagementSEI":0,"engagementSEIadj":0,"engagementSEIrank":26,"engagementScore":0,"voiceSEI":0,"voiceSEIadj":0,"voiceSEIrank":26,"voiceScore":0},"scoped":{"SEI":0,"SEIrank":24,"SEIadj":0,"audienceSEI":0,"audienceSEIadj":0,"audienceSEIrank":24,"audienceScore":0,"combinedScore":0,"combinedScoreRank":24,"engagementSEI":0,"engagementSEIadj":0,"engagementSEIrank":21,"engagementScore":0,"voiceSEI":0,"voiceSEIadj":0,"voiceSEIrank":21,"voiceScore":0}}},"quarter":{"boundaryQuantum":4969914,"combined":{"entityString":"536575feb08f37d80186a0c7","type":"combined","profiles":2,"postsMade":285,"repliesMade":0,"repliesRcvd":70,"sharesMade":0,"sharesRcvd":834,"mentionsRcvd":0,"likesRcvd":3324,"reachRcvd":0,"audience":95653,"voice":285,"conversation":355,"engagement":4228,"group_scoped":{"audienceScore":2.3963819650417295,"voiceScore":1.0503814543176206,"engagementScore":0.04867965642847216,"combinedScore":0.21614986175359244,"combinedScoreRank":102,"SEIrank":85,"engagementSEIrank":138,"voiceSEIrank":88,"audienceSEIrank":36,"engagementSEI":0.054947018623894284,"engagementSEIadj":0.054947018623894284,"voiceSEI":2.6623073330219524,"voiceSEIadj":2.6623073330219524,"audienceSEI":3.7579803011790216,"audienceSEIadj":3.7579803011790216,"SEI":1.2074584411988245,"SEIadj":1.2074584411988245},"non_scoped":{"SEI":1.196763241408852,"SEIrank":56,"SEIadj":0,"audienceSEI":3.7579803011790216,"audienceSEIadj":0,"audienceSEIrank":20,"audienceScore":0.6924789229492407,"combinedScore":0.0611630986847313,"combinedScoreRank":63,"engagementSEI":0.03712168564060677,"engagementSEIadj":0,"engagementSEIrank":90,"engagementScore":0.015283699146816777,"voiceSEI":2.6623073330219524,"voiceSEIadj":0,"voiceSEIrank":65,"voiceScore":0.25567646610268324},"scoped":{"SEI":8.720520076317818,"SEIrank":43,"SEIadj":0,"audienceSEI":49.0608715276353,"audienceSEIadj":0,"audienceSEIrank":12,"audienceScore":1.9880603727875596,"combinedScore":0.26661750782673194,"combinedScoreRank":69,"engagementSEI":1.1049001852824578,"engagementSEIadj":0,"engagementSEIrank":81,"engagementScore":0.1557027800385206,"voiceSEI":10.504976041282713,"voiceSEIadj":0,"voiceSEIrank":55,"voiceScore":0.5416397430537079}},"facebook":{"entityString":"536575feb08f37d80186a0c7","type":"facebook","profiles":1,"postsMade":55,"repliesMade":0,"repliesRcvd":70,"sharesMade":0,"sharesRcvd":53,"mentionsRcvd":0,"likesRcvd":471,"reachRcvd":0,"audience":83088,"voice":55,"conversation":125,"engagement":594,"group_scoped":{"audienceScore":3.178045598344883,"voiceScore":0.5200453857791225,"engagementScore":0.00787419006200328,"combinedScore":0.19199132026200325,"combinedScoreRank":81,"SEIrank":79,"engagementSEIrank":135,"voiceSEIrank":90,"audienceSEIrank":23,"engagementSEI":0.00883120358600388,"engagementSEIadj":0.00883120358600388,"voiceSEI":1.3249819320645628,"voiceSEIadj":1.3249819320645628,"audienceSEI":4.474465208028059,"audienceSEIadj":4.474465208028059,"SEI":0.8502398225737771,"SEIadj":0.8502398225737771},"non_scoped":{"SEI":0.8118246062228703,"SEIrank":53,"SEIadj":0,"audienceSEI":4.474465208028059,"audienceSEIadj":0,"audienceSEIrank":12,"audienceScore":0.8533754899401154,"combinedScore":0.05173422799287372,"combinedScoreRank":57,"engagementSEI":0.005546261987488977,"engagementSEIadj":0,"engagementSEIrank":113,"engagementScore":0.0024233192832490624,"voiceSEI":1.2035010940919038,"voiceSEIadj":0,"voiceSEIrank":78,"voiceScore":0.13768932281887594},"scoped":{"SEI":7.775096883145703,"SEIrank":55,"SEIadj":0,"audienceSEI":57.033813374335885,"audienceSEIadj":0,"audienceSEIrank":4,"audienceScore":3.498193181201001,"combinedScore":0.22429369789175801,"combinedScoreRank":71,"engagementSEI":0.5148250548193346,"engagementSEIadj":0,"engagementSEIrank":103,"engagementScore":0.0335051270177109,"voiceSEI":5.876068376068376,"voiceSEIadj":0,"voiceSEIrank":69,"voiceScore":0.3845884903153626}},"twitter":{"entityString":"536575feb08f37d80186a0c7","type":"twitter","profiles":1,"postsMade":230,"repliesMade":0,"repliesRcvd":0,"sharesMade":0,"sharesRcvd":781,"mentionsRcvd":0,"likesRcvd":2853,"reachRcvd":0,"audience":12565,"voice":230,"conversation":230,"engagement":3634,"group_scoped":{"audienceScore":1.0012702146614965,"voiceScore":1.4377695817965868,"engagementScore":1.0150242583535602,"combinedScore":1.0354738223411084,"combinedScoreRank":102,"SEIrank":113,"engagementSEIrank":112,"voiceSEIrank":83,"audienceSEIrank":161,"engagementSEI":1.9660672163431365,"engagementSEIadj":1.9660672163431365,"voiceSEI":3.8371705038371706,"voiceSEIadj":3.8371705038371706,"audienceSEI":2.219270652110559,"audienceSEIadj":2.219270652110559,"SEI":2.552718546168089,"SEIadj":2.552718546168089},"non_scoped":{"SEI":2.552718546168089,"SEIrank":52,"SEIadj":0,"audienceSEI":2.219270652110559,"audienceSEIadj":0,"audienceSEIrank":57,"audienceScore":0.3602726890076831,"combinedScore":0.45000810479953696,"combinedScoreRank":42,"engagementSEI":1.9660672163431365,"engagementSEIadj":0,"engagementSEIrank":39,"engagementScore":0.4613952826966612,"voiceSEI":3.8371705038371706,"voiceSEIadj":0,"voiceSEIrank":59,"voiceScore":0.33477431844315386},"scoped":{"SEI":11.916468718008527,"SEIrank":40,"SEIadj":0,"audienceSEI":10.780965782338606,"audienceSEIadj":0,"audienceSEIrank":47,"audienceScore":0.5706813749401614,"combinedScore":0.8838623601484012,"combinedScoreRank":33,"engagementSEI":11.972851871375857,"engagementSEIadj":0,"engagementSEIrank":31,"engagementScore":0.9163369719526249,"voiceSEI":12.182203389830509,"voiceSEIadj":0,"voiceSEIrank":49,"voiceScore":0.6125003328806157}},"instagram":{"entityString":"536575feb08f37d80186a0c7","type":"instagram","profiles":0,"postsMade":0,"repliesMade":0,"repliesRcvd":0,"sharesMade":0,"sharesRcvd":0,"mentionsRcvd":0,"likesRcvd":0,"reachRcvd":0,"audience":0,"voice":0,"conversation":0,"engagement":0,"group_scoped":{"audienceScore":0,"voiceScore":0,"engagementScore":0,"combinedScore":0,"combinedScoreRank":66,"SEIrank":29,"engagementSEIrank":27,"voiceSEIrank":27,"audienceSEIrank":29,"engagementSEI":0,"engagementSEIadj":0,"voiceSEI":0,"voiceSEIadj":0,"audienceSEI":0,"audienceSEIadj":0,"SEI":0,"SEIadj":0},"non_scoped":{"SEI":0,"SEIrank":29,"SEIadj":0,"audienceSEI":0,"audienceSEIadj":0,"audienceSEIrank":29,"audienceScore":0,"combinedScore":0,"combinedScoreRank":29,"engagementSEI":0,"engagementSEIadj":0,"engagementSEIrank":27,"engagementScore":0,"voiceSEI":0,"voiceSEIadj":0,"voiceSEIrank":27,"voiceScore":0},"scoped":{"SEI":0,"SEIrank":24,"SEIadj":0,"audienceSEI":0,"audienceSEIadj":0,"audienceSEIrank":24,"audienceScore":0,"combinedScore":0,"combinedScoreRank":24,"engagementSEI":0,"engagementSEIadj":0,"engagementSEIrank":22,"engagementScore":0,"voiceSEI":0,"voiceSEIadj":0,"voiceSEIrank":22,"voiceScore":0}}},"blended":{"combined":{"non_scoped":{"SEI":1.105347851508801,"SEIadj":60.44213914060352,"SEIrank":57,"audienceSEI":3.757980301179022,"audienceSEIadj":71.1273940903537,"audienceSEIrank":20,"engagementSEI":0.03245675562372964,"engagementSEIadj":50.01622837781186,"engagementSEIrank":101,"voiceSEI":2.3669192267222035,"voiceSEIadj":51.1834596133611,"voiceSEIrank":70},"scoped":{"SEI":6.252939242378726,"SEIadj":53.126469621189365,"SEIrank":114,"compCharisma":0,"compInfluence":0,"compEva":6.252939242378726,"audienceSEI":49.0608715276353,"audienceSEIadj":84.71826145829058,"audienceSEIrank":12,"engagementSEI":0.95962380407779,"engagementSEIadj":50.4798119020389,"engagementSEIrank":91,"voiceSEI":9.152300664995487,"voiceSEIadj":63.66092026599819,"voiceSEIrank":60}},"facebook":{"non_scoped":{"SEI":0.7638131304144706,"SEIadj":60.305525252165786,"SEIrank":54,"audienceSEI":4.474465208028059,"audienceSEIadj":71.34233956240841,"audienceSEIrank":12,"engagementSEI":0.004550135440184368,"engagementSEIadj":50.00227506772009,"engagementSEIrank":116,"voiceSEI":1.0454550944918468,"voiceSEIadj":50.52272754724592,"voiceSEIrank":83},"scoped":{"SEI":7.359767993828889,"SEIadj":62.94390719753156,"SEIrank":53,"audienceSEI":57.033813374335885,"audienceSEIadj":87.11014401230076,"audienceSEIrank":4,"engagementSEI":0.4099783971381938,"engagementSEIadj":50.204989198569095,"engagementSEIrank":105,"voiceSEI":4.701332060374613,"voiceSEIadj":52.350666030187305,"voiceSEIrank":72}},"twitter":{"non_scoped":{"SEI":2.2719849280651765,"SEIadj":60.90879397122607,"SEIrank":59,"audienceSEI":2.219270652110559,"audienceSEIadj":60.88770826084422,"audienceSEIrank":57,"engagementSEI":1.7076803404094139,"engagementSEIadj":60.683072136163766,"engagementSEIrank":50,"voiceSEI":3.418165528694907,"voiceSEIadj":61.36726621147796,"voiceSEIrank":65},"scoped":{"SEI":10.379817324126673,"SEIadj":64.15192692965067,"SEIrank":47,"audienceSEI":10.780965782338606,"audienceSEIadj":64.31238631293544,"audienceSEIrank":47,"engagementSEI":10.31473786672598,"engagementSEIadj":64.1258951466904,"engagementSEIrank":40,"voiceSEI":10.37626008619075,"voiceSEIadj":64.1505040344763,"voiceSEIrank":56}},"instagram":{"non_scoped":{"SEI":0,"SEIadj":0,"SEIrank":29,"audienceSEI":0,"audienceSEIadj":0,"audienceSEIrank":29,"engagementSEI":0,"engagementSEIadj":0,"engagementSEIrank":27,"voiceSEI":0,"voiceSEIadj":0,"voiceSEIrank":27},"scoped":{"SEI":0,"SEIadj":0,"SEIrank":24,"audienceSEI":0,"audienceSEIadj":0,"audienceSEIrank":24,"engagementSEI":0,"engagementSEIadj":0,"engagementSEIrank":22,"voiceSEI":0,"voiceSEIadj":0,"voiceSEIrank":22}},"influence":{"instagram":{"scope":"individual","ratio":0,"calculated":false},"combined":{"ratio":0.07,"bottom":false,"scope":"individual","calculated":true},"facebook":{"ratio":0.01,"bottom":false,"scope":"individual","calculated":true},"twitter":{"ratio":1.35,"bottom":false,"scope":"individual","calculated":true}},"charisma":{"instagram":{"scope":"individual","ratio":0,"calculated":false},"combined":{"ratio":0.26,"bottom":false,"scope":"individual","calculated":true},"facebook":{"ratio":0.07,"bottom":false,"scope":"individual","calculated":true},"twitter":{"ratio":1.67,"bottom":false,"scope":"individual","calculated":true}}},"scope":"individual"}}