{"scoreEntityString":"591d1494ab33fb0001804f89.asset.536575feb08f37d80186a0d4","timeQuantum":4995834,"scoreEntityType":"asset","scoreProfileID":"591d1494ab33fb0001804f89","data":{"scoreEntityString":"591d1494ab33fb0001804f89.asset.536575feb08f37d80186a0d4","scoreProfileID":"591d1494ab33fb0001804f89","scoreEntityType":"asset","entityID":"asset.536575feb08f37d80186a0d4","object_version":"1.2","score_engine_version":"3.0.20","timestamp":4995834,"start_quantum":4969914,"end_quantum":4995833,"schedule_options":{"interval":15,"offset":"1"},"_15min":{"boundaryQuantum":4995831,"combined":{"entityString":"536575feb08f37d80186a0d4","type":"combined","profiles":2,"postsMade":0,"repliesMade":0,"repliesRcvd":0,"sharesMade":0,"sharesRcvd":0,"mentionsRcvd":0,"likesRcvd":0,"reachRcvd":0,"audience":16174,"voice":0,"conversation":0,"engagement":0,"group_scoped":{"audienceScore":0.4052050840285713,"voiceScore":0,"engagementScore":0,"combinedScore":0.4052050840285713,"engagementSEI":0,"engagementSEIadj":0,"voiceSEI":0,"voiceSEIadj":0,"audienceSEI":0.6354382339421607,"audienceSEIadj":0.6354382339421607,"SEI":0.06354382339421608,"SEIadj":0.06354382339421608,"combinedScoreRank":148,"SEIrank":148,"engagementSEIrank":33,"voiceSEIrank":26,"audienceSEIrank":147},"non_scoped":{"SEI":0.06354382339421608,"SEIrank":100,"SEIadj":0,"audienceSEI":0.6354382339421607,"audienceSEIadj":0,"audienceSEIrank":99,"audienceScore":0.1170915088892248,"combinedScore":0.00585457544446124,"combinedScoreRank":100,"engagementSEI":0,"engagementSEIadj":0,"engagementSEIrank":33,"engagementScore":0,"voiceSEI":0,"voiceSEIadj":0,"voiceSEIrank":26,"voiceScore":0},"scoped":{"SEI":0.8295720323335112,"SEIrank":88,"SEIadj":0,"audienceSEI":8.295720323335111,"audienceSEIadj":0,"audienceSEIrank":87,"audienceScore":0.3361618398739819,"combinedScore":0.016808091993699096,"combinedScoreRank":88,"engagementSEI":0,"engagementSEIadj":0,"engagementSEIrank":27,"engagementScore":0,"voiceSEI":0,"voiceSEIadj":0,"voiceSEIrank":24,"voiceScore":0}},"facebook":{"entityString":"536575feb08f37d80186a0d4","type":"facebook","profiles":1,"postsMade":0,"repliesMade":0,"repliesRcvd":0,"sharesMade":0,"sharesRcvd":0,"mentionsRcvd":0,"likesRcvd":0,"reachRcvd":0,"audience":6446,"voice":0,"conversation":0,"engagement":0,"group_scoped":{"audienceScore":0.24655403821166852,"voiceScore":0,"engagementScore":0,"combinedScore":0.24655403821166852,"engagementSEI":0,"engagementSEIadj":0,"voiceSEI":0,"voiceSEIadj":0,"audienceSEI":0.3471307858047958,"audienceSEIadj":0.3471307858047958,"SEI":0.03471307858047958,"SEIadj":0.03471307858047958,"combinedScoreRank":122,"SEIrank":122,"engagementSEIrank":31,"voiceSEIrank":25,"audienceSEIrank":122},"non_scoped":{"SEI":0.03471307858047958,"SEIrank":100,"SEIadj":0,"audienceSEI":0.3471307858047958,"audienceSEIadj":0,"audienceSEIrank":100,"audienceScore":0.06620520903324167,"combinedScore":0.003310260451662084,"combinedScoreRank":100,"engagementSEI":0,"engagementSEIadj":0,"engagementSEIrank":31,"engagementScore":0,"voiceSEI":0,"voiceSEIadj":0,"voiceSEIrank":25,"voiceScore":0},"scoped":{"SEI":0.4424705866201728,"SEIrank":88,"SEIadj":0,"audienceSEI":4.424705866201728,"audienceSEIadj":0,"audienceSEIrank":88,"audienceScore":0.2713912146883022,"combinedScore":0.01356956073441511,"combinedScoreRank":88,"engagementSEI":0,"engagementSEIadj":0,"engagementSEIrank":25,"engagementScore":0,"voiceSEI":0,"voiceSEIadj":0,"voiceSEIrank":24,"voiceScore":0}},"twitter":{"entityString":"536575feb08f37d80186a0d4","type":"twitter","profiles":1,"postsMade":0,"repliesMade":0,"repliesRcvd":0,"sharesMade":0,"sharesRcvd":0,"mentionsRcvd":0,"likesRcvd":0,"reachRcvd":0,"audience":9728,"voice":0,"conversation":0,"engagement":0,"group_scoped":{"audienceScore":0.7751975048330313,"voiceScore":0,"engagementScore":0,"combinedScore":0.7751975048330313,"engagementSEI":0,"engagementSEIadj":0,"voiceSEI":0,"voiceSEIadj":0,"audienceSEI":1.718190601172425,"audienceSEIadj":1.718190601172425,"SEI":0.17181906011724252,"SEIadj":0.17181906011724252,"combinedScoreRank":157,"SEIrank":173,"engagementSEIrank":26,"voiceSEIrank":25,"audienceSEIrank":173},"non_scoped":{"SEI":0.17181906011724252,"SEIrank":76,"SEIadj":0,"audienceSEI":1.718190601172425,"audienceSEIadj":0,"audienceSEIrank":75,"audienceScore":0.2789281909006559,"combinedScore":0.013946409545032797,"combinedScoreRank":76,"engagementSEI":0,"engagementSEIadj":0,"engagementSEIrank":26,"engagementScore":0,"voiceSEI":0,"voiceSEIadj":0,"voiceSEIrank":25,"voiceScore":0},"scoped":{"SEI":0.8346775577444486,"SEIrank":65,"SEIadj":0,"audienceSEI":8.346775577444486,"audienceSEIadj":0,"audienceSEIrank":64,"audienceScore":0.4418295595239068,"combinedScore":0.06311850850341526,"combinedScoreRank":65,"engagementSEI":0,"engagementSEIadj":0,"engagementSEIrank":24,"engagementScore":0,"voiceSEI":0,"voiceSEIadj":0,"voiceSEIrank":23,"voiceScore":0}},"instagram":{"entityString":"536575feb08f37d80186a0d4","type":"instagram","profiles":0,"postsMade":0,"repliesMade":0,"repliesRcvd":0,"sharesMade":0,"sharesRcvd":0,"mentionsRcvd":0,"likesRcvd":0,"reachRcvd":0,"audience":0,"voice":0,"conversation":0,"engagement":0,"group_scoped":{"audienceScore":0,"voiceScore":0,"engagementScore":0,"combinedScore":0,"engagementSEI":0,"engagementSEIadj":0,"voiceSEI":0,"voiceSEIadj":0,"audienceSEI":0,"audienceSEIadj":0,"SEI":0,"SEIadj":0,"combinedScoreRank":87,"SEIrank":50,"engagementSEIrank":27,"voiceSEIrank":24,"audienceSEIrank":50},"non_scoped":{"SEI":0,"SEIrank":50,"SEIadj":0,"audienceSEI":0,"audienceSEIadj":0,"audienceSEIrank":50,"audienceScore":0,"combinedScore":0,"combinedScoreRank":50,"engagementSEI":0,"engagementSEIadj":0,"engagementSEIrank":27,"engagementScore":0,"voiceSEI":0,"voiceSEIadj":0,"voiceSEIrank":24,"voiceScore":0},"scoped":{"SEI":0,"SEIrank":45,"SEIadj":0,"audienceSEI":0,"audienceSEIadj":0,"audienceSEIrank":45,"audienceScore":0,"combinedScore":0,"combinedScoreRank":45,"engagementSEI":0,"engagementSEIadj":0,"engagementSEIrank":24,"engagementScore":0,"voiceSEI":0,"voiceSEIadj":0,"voiceSEIrank":23,"voiceScore":0}}},"hour":{"boundaryQuantum":4995822,"combined":{"entityString":"536575feb08f37d80186a0d4","type":"combined","profiles":2,"postsMade":0,"repliesMade":0,"repliesRcvd":0,"sharesMade":0,"sharesRcvd":0,"mentionsRcvd":0,"likesRcvd":2,"reachRcvd":0,"audience":16174,"voice":0,"conversation":0,"engagement":2,"group_scoped":{"audienceScore":0.4052050840285713,"voiceScore":0,"engagementScore":0.07639419404125286,"combinedScore":0.12336717832515548,"combinedScoreRank":212,"SEIrank":125,"engagementSEIrank":59,"voiceSEIrank":40,"audienceSEIrank":147,"engagementSEI":0.08136696501220504,"engagementSEIadj":0.08136696501220504,"voiceSEI":0,"voiceSEIadj":0,"audienceSEI":0.6354382339421607,"audienceSEIadj":0.6354382339421607,"SEI":0.1123640024015391,"SEIadj":0.1123640024015391},"non_scoped":{"SEI":0.1035304945038462,"SEIrank":90,"SEIadj":0,"audienceSEI":0.6354382339421607,"audienceSEIadj":0,"audienceSEIrank":99,"audienceScore":0.1170915088892248,"combinedScore":0.0264095600282228,"combinedScoreRank":67,"engagementSEI":0.06664445184938354,"engagementSEIadj":0,"engagementSEIrank":51,"engagementScore":0.022838871759735067,"voiceSEI":0,"voiceSEIadj":0,"voiceSEIrank":40,"voiceScore":0},"scoped":{"SEI":1.7973139678173822,"SEIrank":67,"SEIadj":0,"audienceSEI":8.295720323335111,"audienceSEIadj":0,"audienceSEIrank":87,"audienceScore":0.3361618398739819,"combinedScore":0.3711388006551164,"combinedScoreRank":51,"engagementSEI":1.6129032258064515,"engagementSEIadj":0,"engagementSEIrank":42,"engagementScore":0.39370078740157477,"voiceSEI":0,"voiceSEIadj":0,"voiceSEIrank":33,"voiceScore":0}},"facebook":{"entityString":"536575feb08f37d80186a0d4","type":"facebook","profiles":1,"postsMade":0,"repliesMade":0,"repliesRcvd":0,"sharesMade":0,"sharesRcvd":0,"mentionsRcvd":0,"likesRcvd":2,"reachRcvd":0,"audience":6446,"voice":0,"conversation":0,"engagement":2,"group_scoped":{"audienceScore":0.24655403821166852,"voiceScore":0,"engagementScore":0.09675858732462506,"combinedScore":0.11815793745134553,"combinedScoreRank":149,"SEIrank":88,"engagementSEIrank":41,"voiceSEIrank":34,"audienceSEIrank":122,"engagementSEI":0.10209290454313426,"engagementSEIadj":0.10209290454313426,"voiceSEI":0,"voiceSEIadj":0,"audienceSEI":0.3471307858047958,"audienceSEIadj":0.3471307858047958,"SEI":0.09596882130636014,"SEIadj":0.09596882130636014},"non_scoped":{"SEI":0.08290584966481693,"SEIrank":73,"SEIadj":0,"audienceSEI":0.3471307858047958,"audienceSEIadj":0,"audienceSEIrank":100,"audienceScore":0.06620520903324167,"combinedScore":0.029065017927695853,"combinedScoreRank":48,"engagementSEI":0.08032128514056225,"engagementSEIadj":0,"engagementSEIrank":37,"engagementScore":0.028616397195593075,"voiceSEI":0,"voiceSEIadj":0,"voiceSEIrank":34,"voiceScore":0},"scoped":{"SEI":1.426077143997222,"SEIrank":53,"SEIadj":0,"audienceSEI":4.424705866201728,"audienceSEIadj":0,"audienceSEIrank":88,"audienceScore":0.2713912146883022,"combinedScore":0.5026999955170238,"combinedScoreRank":35,"engagementSEI":1.639344262295082,"engagementSEIadj":0,"engagementSEIrank":28,"engagementScore":0.5434782608695652,"voiceSEI":0,"voiceSEIadj":0,"voiceSEIrank":27,"voiceScore":0}},"twitter":{"entityString":"536575feb08f37d80186a0d4","type":"twitter","profiles":1,"postsMade":0,"repliesMade":0,"repliesRcvd":0,"sharesMade":0,"sharesRcvd":0,"mentionsRcvd":0,"likesRcvd":0,"reachRcvd":0,"audience":9728,"voice":0,"conversation":0,"engagement":0,"group_scoped":{"audienceScore":0.7751975048330313,"voiceScore":0,"engagementScore":0,"combinedScore":0.7751975048330313,"combinedScoreRank":161,"SEIrank":179,"engagementSEIrank":51,"voiceSEIrank":38,"audienceSEIrank":173,"engagementSEI":0,"engagementSEIadj":0,"voiceSEI":0,"voiceSEIadj":0,"audienceSEI":1.718190601172425,"audienceSEIadj":1.718190601172425,"SEI":0.17181906011724252,"SEIadj":0.17181906011724252},"non_scoped":{"SEI":0.17181906011724252,"SEIrank":91,"SEIadj":0,"audienceSEI":1.718190601172425,"audienceSEIadj":0,"audienceSEIrank":75,"audienceScore":0.2789281909006559,"combinedScore":0.013946409545032797,"combinedScoreRank":91,"engagementSEI":0,"engagementSEIadj":0,"engagementSEIrank":51,"engagementScore":0,"voiceSEI":0,"voiceSEIadj":0,"voiceSEIrank":38,"voiceScore":0},"scoped":{"SEI":0.8346775577444486,"SEIrank":80,"SEIadj":0,"audienceSEI":8.346775577444486,"audienceSEIadj":0,"audienceSEIrank":64,"audienceScore":0.4418295595239068,"combinedScore":0.02209147797619534,"combinedScoreRank":80,"engagementSEI":0,"engagementSEIadj":0,"engagementSEIrank":43,"engagementScore":0,"voiceSEI":0,"voiceSEIadj":0,"voiceSEIrank":31,"voiceScore":0}},"instagram":{"entityString":"536575feb08f37d80186a0d4","type":"instagram","profiles":0,"postsMade":0,"repliesMade":0,"repliesRcvd":0,"sharesMade":0,"sharesRcvd":0,"mentionsRcvd":0,"likesRcvd":0,"reachRcvd":0,"audience":0,"voice":0,"conversation":0,"engagement":0,"group_scoped":{"audienceScore":0,"voiceScore":0,"engagementScore":0,"combinedScore":0,"combinedScoreRank":87,"SEIrank":50,"engagementSEIrank":32,"voiceSEIrank":26,"audienceSEIrank":50,"engagementSEI":0,"engagementSEIadj":0,"voiceSEI":0,"voiceSEIadj":0,"audienceSEI":0,"audienceSEIadj":0,"SEI":0,"SEIadj":0},"non_scoped":{"SEI":0,"SEIrank":50,"SEIadj":0,"audienceSEI":0,"audienceSEIadj":0,"audienceSEIrank":50,"audienceScore":0,"combinedScore":0,"combinedScoreRank":50,"engagementSEI":0,"engagementSEIadj":0,"engagementSEIrank":32,"engagementScore":0,"voiceSEI":0,"voiceSEIadj":0,"voiceSEIrank":26,"voiceScore":0},"scoped":{"SEI":0,"SEIrank":45,"SEIadj":0,"audienceSEI":0,"audienceSEIadj":0,"audienceSEIrank":45,"audienceScore":0,"combinedScore":0,"combinedScoreRank":45,"engagementSEI":0,"engagementSEIadj":0,"engagementSEIrank":27,"engagementScore":0,"voiceSEI":0,"voiceSEIadj":0,"voiceSEIrank":23,"voiceScore":0}}},"today":{"boundaryQuantum":4995546,"combined":{"entityString":"536575feb08f37d80186a0d4","type":"combined","profiles":2,"postsMade":1,"repliesMade":0,"repliesRcvd":6,"sharesMade":0,"sharesRcvd":3,"mentionsRcvd":0,"likesRcvd":65,"reachRcvd":0,"audience":16174,"voice":1,"conversation":7,"engagement":74,"group_scoped":{"audienceScore":0.4052050840285713,"voiceScore":0.31645569620253167,"engagementScore":0.07691508159235007,"combinedScore":0.10530661244467021,"combinedScoreRank":185,"SEIrank":140,"engagementSEIrank":96,"voiceSEIrank":138,"audienceSEIrank":147,"engagementSEI":0.08470308136074356,"engagementSEIadj":0.08470308136074356,"voiceSEI":0.684931506849315,"voiceSEIadj":0.684931506849315,"audienceSEI":0.6354382339421607,"audienceSEIadj":0.6354382339421607,"SEI":0.31984512426545675,"SEIadj":0.31984512426545675},"non_scoped":{"SEI":0.31414430957433326,"SEIrank":125,"SEIadj":0,"audienceSEI":0.6354382339421607,"audienceSEIadj":0,"audienceSEIrank":99,"audienceScore":0.1170915088892248,"combinedScore":0.03412450887226185,"combinedScoreRank":84,"engagementSEI":0.07520172354220443,"engagementSEIadj":0,"engagementSEIrank":63,"engagementScore":0.027534166551940974,"voiceSEI":0.684931506849315,"voiceSEIadj":0,"voiceSEIrank":113,"voiceScore":0.06978367062107467},"scoped":{"SEI":4.283691059011904,"SEIrank":91,"SEIadj":0,"audienceSEI":8.295720323335111,"audienceSEIadj":0,"audienceSEIrank":87,"audienceScore":0.3361618398739819,"combinedScore":0.30047121274160243,"combinedScoreRank":56,"engagementSEI":3.9050131926121368,"engagementSEIadj":0,"engagementSEIrank":54,"engagementScore":0.30608868299139647,"voiceSEI":3.7037037037037033,"voiceSEIadj":0,"voiceSEIrank":102,"voiceScore":0.16366612111292964}},"facebook":{"entityString":"536575feb08f37d80186a0d4","type":"facebook","profiles":1,"postsMade":0,"repliesMade":0,"repliesRcvd":6,"sharesMade":0,"sharesRcvd":0,"mentionsRcvd":0,"likesRcvd":63,"reachRcvd":0,"audience":6446,"voice":0,"conversation":6,"engagement":69,"group_scoped":{"audienceScore":0.24655403821166852,"voiceScore":0,"engagementScore":0.0826802789560716,"combinedScore":0.10609081599258544,"combinedScoreRank":135,"SEIrank":108,"engagementSEIrank":56,"voiceSEIrank":84,"audienceSEIrank":122,"engagementSEI":0.09080142123963679,"engagementSEIadj":0.09080142123963679,"voiceSEI":0,"voiceSEIadj":0,"audienceSEI":0.3471307858047958,"audienceSEIadj":0.3471307858047958,"SEI":0.08919393132426165,"SEIadj":0.08919393132426165},"non_scoped":{"SEI":0.0833811715906129,"SEIrank":96,"SEIadj":0,"audienceSEI":0.3471307858047958,"audienceSEIadj":0,"audienceSEIrank":100,"audienceScore":0.06620520903324167,"combinedScore":0.030242461562778017,"combinedScoreRank":64,"engagementSEI":0.08111348835022218,"engagementSEIadj":0,"engagementSEIrank":47,"engagementScore":0.029924667901239925,"voiceSEI":0,"voiceSEIadj":0,"voiceSEIrank":84,"voiceScore":0},"scoped":{"SEI":2.835534170435202,"SEIrank":71,"SEIadj":0,"audienceSEI":4.424705866201728,"audienceSEIadj":0,"audienceSEIrank":88,"audienceScore":0.2713912146883022,"combinedScore":0.3592994349132371,"combinedScoreRank":42,"engagementSEI":3.9884393063583814,"engagementSEIadj":0,"engagementSEIrank":38,"engagementScore":0.38414430464313554,"voiceSEI":0,"voiceSEIadj":0,"voiceSEIrank":74,"voiceScore":0}},"twitter":{"entityString":"536575feb08f37d80186a0d4","type":"twitter","profiles":1,"postsMade":1,"repliesMade":0,"repliesRcvd":0,"sharesMade":0,"sharesRcvd":3,"mentionsRcvd":0,"likesRcvd":2,"reachRcvd":0,"audience":9728,"voice":1,"conversation":1,"engagement":5,"group_scoped":{"audienceScore":0.7751975048330313,"voiceScore":0.5376344086021506,"engagementScore":0.14530659691950015,"combinedScore":0.19641753289930924,"combinedScoreRank":212,"SEIrank":148,"engagementSEIrank":140,"voiceSEIrank":121,"audienceSEIrank":173,"engagementSEI":0.24283632831471588,"engagementSEIadj":0.24283632831471588,"voiceSEI":1.1235955056179776,"voiceSEIadj":1.1235955056179776,"audienceSEI":1.718190601172425,"audienceSEIadj":1.718190601172425,"SEI":0.6545995087914653,"SEIadj":0.6545995087914653},"non_scoped":{"SEI":0.6545995087914653,"SEIrank":110,"SEIadj":0,"audienceSEI":1.718190601172425,"audienceSEIadj":0,"audienceSEIrank":75,"audienceScore":0.2789281909006559,"combinedScore":0.07189229545825807,"combinedScoreRank":105,"engagementSEI":0.24283632831471588,"engagementSEIadj":0,"engagementSEIrank":103,"engagementScore":0.05808550185873606,"voiceSEI":1.1235955056179776,"voiceSEIadj":0,"voiceSEIrank":88,"voiceScore":0.11337868480725624},"scoped":{"SEI":3.2028551710654476,"SEIrank":97,"SEIadj":0,"audienceSEI":8.346775577444486,"audienceSEIadj":0,"audienceSEIrank":64,"audienceScore":0.4418295595239068,"combinedScore":0.14480908996514075,"combinedScoreRank":95,"engagementSEI":1.773049645390071,"engagementSEIadj":0,"engagementSEIrank":92,"engagementScore":0.12363996043521265,"voiceSEI":4.3478260869565215,"voiceSEIadj":0,"voiceSEIrank":77,"voiceScore":0.2288329519450801}},"instagram":{"entityString":"536575feb08f37d80186a0d4","type":"instagram","profiles":0,"postsMade":0,"repliesMade":0,"repliesRcvd":0,"sharesMade":0,"sharesRcvd":0,"mentionsRcvd":0,"likesRcvd":0,"reachRcvd":0,"audience":0,"voice":0,"conversation":0,"engagement":0,"group_scoped":{"audienceScore":0,"voiceScore":0,"engagementScore":0,"combinedScore":0,"combinedScoreRank":87,"SEIrank":50,"engagementSEIrank":45,"voiceSEIrank":35,"audienceSEIrank":50,"engagementSEI":0,"engagementSEIadj":0,"voiceSEI":0,"voiceSEIadj":0,"audienceSEI":0,"audienceSEIadj":0,"SEI":0,"SEIadj":0},"non_scoped":{"SEI":0,"SEIrank":50,"SEIadj":0,"audienceSEI":0,"audienceSEIadj":0,"audienceSEIrank":50,"audienceScore":0,"combinedScore":0,"combinedScoreRank":50,"engagementSEI":0,"engagementSEIadj":0,"engagementSEIrank":45,"engagementScore":0,"voiceSEI":0,"voiceSEIadj":0,"voiceSEIrank":35,"voiceScore":0},"scoped":{"SEI":0,"SEIrank":45,"SEIadj":0,"audienceSEI":0,"audienceSEIadj":0,"audienceSEIrank":45,"audienceScore":0,"combinedScore":0,"combinedScoreRank":45,"engagementSEI":0,"engagementSEIadj":0,"engagementSEIrank":40,"engagementScore":0,"voiceSEI":0,"voiceSEIadj":0,"voiceSEIrank":30,"voiceScore":0}}},"week":{"boundaryQuantum":4993818,"combined":{"entityString":"536575feb08f37d80186a0d4","type":"combined","profiles":2,"postsMade":42,"repliesMade":0,"repliesRcvd":393,"sharesMade":0,"sharesRcvd":45,"mentionsRcvd":0,"likesRcvd":1580,"reachRcvd":0,"audience":16174,"voice":42,"conversation":435,"engagement":2018,"group_scoped":{"audienceScore":0.4052050840285713,"voiceScore":2.0720276270350273,"engagementScore":0.3521747401009754,"combinedScore":0.4408189016440578,"combinedScoreRank":83,"SEIrank":65,"engagementSEIrank":67,"voiceSEIrank":49,"audienceSEIrank":147,"engagementSEI":0.3958570363686296,"engagementSEIadj":0.3958570363686296,"voiceSEI":5.029940119760479,"voiceSEIadj":5.029940119760479,"audienceSEI":0.6354382339421607,"audienceSEIadj":0.6354382339421607,"SEI":1.8100400811435375,"SEIadj":1.8100400811435375},"non_scoped":{"SEI":1.7251824085631746,"SEIrank":37,"SEIadj":0,"audienceSEI":0.6354382339421607,"audienceSEIadj":0,"audienceSEIrank":99,"audienceScore":0.1170915088892248,"combinedScore":0.12708781216280385,"combinedScoreRank":36,"engagementSEI":0.25442758206802474,"engagementSEIadj":0,"engagementSEIrank":36,"engagementScore":0.10670919523393797,"voiceSEI":5.029940119760479,"voiceSEIadj":0,"voiceSEIrank":38,"voiceScore":0.5038992201559688},"scoped":{"SEI":10.475776247537336,"SEIrank":30,"SEIadj":0,"audienceSEI":8.295720323335111,"audienceSEIadj":0,"audienceSEIrank":87,"audienceScore":0.3361618398739819,"combinedScore":0.9798995234117213,"combinedScoreRank":27,"engagementSEI":6.906701348483811,"engagementSEIadj":0,"engagementSEIrank":27,"engagementScore":1.0108498552350802,"voiceSEI":18.340611353711793,"voiceSEIadj":0,"voiceSEIrank":29,"voiceScore":1.0665312341289994}},"facebook":{"entityString":"536575feb08f37d80186a0d4","type":"facebook","profiles":1,"postsMade":12,"repliesMade":0,"repliesRcvd":393,"sharesMade":0,"sharesRcvd":11,"mentionsRcvd":0,"likesRcvd":1325,"reachRcvd":0,"audience":6446,"voice":12,"conversation":405,"engagement":1729,"group_scoped":{"audienceScore":0.24655403821166852,"voiceScore":1.6348773841961852,"engagementScore":0.35883802064200665,"combinedScore":0.4170257896981987,"combinedScoreRank":68,"SEIrank":49,"engagementSEIrank":52,"voiceSEIrank":36,"audienceSEIrank":122,"engagementSEI":0.4004678687651276,"engagementSEIadj":0.4004678687651276,"voiceSEI":3.79746835443038,"voiceSEIadj":3.79746835443038,"audienceSEI":0.3471307858047958,"audienceSEIadj":0.3471307858047958,"SEI":1.4142343061686702,"SEIadj":1.4142343061686702},"non_scoped":{"SEI":1.2406913032579499,"SEIrank":32,"SEIadj":0,"audienceSEI":0.3471307858047958,"audienceSEIadj":0,"audienceSEIrank":100,"audienceScore":0.06620520903324167,"combinedScore":0.1208290029109434,"combinedScoreRank":35,"engagementSEI":0.2400522033710049,"engagementSEIadj":0,"engagementSEIrank":29,"engagementScore":0.10776876276598596,"voiceSEI":3.5398230088495577,"voiceSEIadj":0,"voiceSEIrank":31,"voiceScore":0.4105371193978789},"scoped":{"SEI":15.609822771710146,"SEIrank":26,"SEIadj":0,"audienceSEI":4.424705866201728,"audienceSEIadj":0,"audienceSEIrank":88,"audienceScore":0.2713912146883022,"combinedScore":1.4552980704170555,"combinedScoreRank":24,"engagementSEI":17.77892030848329,"engagementSEIadj":0,"engagementSEIrank":21,"engagementScore":1.5365610891898618,"voiceSEI":15,"voiceSEIadj":0,"voiceSEIrank":23,"voiceScore":1.1764705882352942}},"twitter":{"entityString":"536575feb08f37d80186a0d4","type":"twitter","profiles":1,"postsMade":30,"repliesMade":0,"repliesRcvd":0,"sharesMade":0,"sharesRcvd":34,"mentionsRcvd":0,"likesRcvd":255,"reachRcvd":0,"audience":9728,"voice":30,"conversation":30,"engagement":289,"group_scoped":{"audienceScore":0.7751975048330313,"voiceScore":2.403846153846154,"engagementScore":1.1003236245954693,"combinedScore":1.1492434450698816,"combinedScoreRank":110,"SEIrank":103,"engagementSEIrank":109,"voiceSEIrank":58,"audienceSEIrank":173,"engagementSEI":2.202408169486359,"engagementSEIadj":2.202408169486359,"voiceSEI":6.329113924050633,"voiceSEIadj":6.329113924050633,"audienceSEI":1.718190601172425,"audienceSEIadj":1.718190601172425,"SEI":3.3919981390242473,"SEIadj":3.3919981390242473},"non_scoped":{"SEI":3.3919981390242473,"SEIrank":42,"SEIadj":0,"audienceSEI":1.718190601172425,"audienceSEIadj":0,"audienceSEIrank":75,"audienceScore":0.2789281909006559,"combinedScore":0.46260184587235703,"combinedScoreRank":45,"engagementSEI":2.202408169486359,"engagementSEIadj":0,"engagementSEIrank":44,"engagementScore":0.46581348119016147,"voiceSEI":6.329113924050633,"voiceSEIadj":0,"voiceSEIrank":38,"voiceScore":0.5884660651235779},"scoped":{"SEI":14.032230005296896,"SEIrank":33,"SEIadj":0,"audienceSEI":8.346775577444486,"audienceSEIadj":0,"audienceSEIrank":64,"audienceScore":0.4418295595239068,"combinedScore":0.8301525108677662,"combinedScoreRank":36,"engagementSEI":13.473193473193474,"engagementSEIadj":0,"engagementSEIrank":36,"engagementScore":0.838994367996284,"voiceSEI":17.045454545454543,"voiceSEIadj":0,"voiceSEIrank":29,"voiceScore":1.059322033898305}},"instagram":{"entityString":"536575feb08f37d80186a0d4","type":"instagram","profiles":0,"postsMade":0,"repliesMade":0,"repliesRcvd":0,"sharesMade":0,"sharesRcvd":0,"mentionsRcvd":0,"likesRcvd":0,"reachRcvd":0,"audience":0,"voice":0,"conversation":0,"engagement":0,"group_scoped":{"audienceScore":0,"voiceScore":0,"engagementScore":0,"combinedScore":0,"combinedScoreRank":87,"SEIrank":50,"engagementSEIrank":47,"voiceSEIrank":46,"audienceSEIrank":50,"engagementSEI":0,"engagementSEIadj":0,"voiceSEI":0,"voiceSEIadj":0,"audienceSEI":0,"audienceSEIadj":0,"SEI":0,"SEIadj":0},"non_scoped":{"SEI":0,"SEIrank":50,"SEIadj":0,"audienceSEI":0,"audienceSEIadj":0,"audienceSEIrank":50,"audienceScore":0,"combinedScore":0,"combinedScoreRank":50,"engagementSEI":0,"engagementSEIadj":0,"engagementSEIrank":47,"engagementScore":0,"voiceSEI":0,"voiceSEIadj":0,"voiceSEIrank":46,"voiceScore":0},"scoped":{"SEI":0,"SEIrank":45,"SEIadj":0,"audienceSEI":0,"audienceSEIadj":0,"audienceSEIrank":45,"audienceScore":0,"combinedScore":0,"combinedScoreRank":45,"engagementSEI":0,"engagementSEIadj":0,"engagementSEIrank":42,"engagementScore":0,"voiceSEI":0,"voiceSEIadj":0,"voiceSEIrank":41,"voiceScore":0}}},"month":{"boundaryQuantum":4987194,"combined":{"entityString":"536575feb08f37d80186a0d4","type":"combined","profiles":2,"postsMade":208,"repliesMade":0,"repliesRcvd":828,"sharesMade":0,"sharesRcvd":888,"mentionsRcvd":0,"likesRcvd":5315,"reachRcvd":0,"audience":16174,"voice":208,"conversation":1036,"engagement":7031,"group_scoped":{"audienceScore":0.4052050840285713,"voiceScore":2.3136818687430476,"engagementScore":0.27077258184025227,"combinedScore":0.379639671294808,"combinedScoreRank":76,"SEIrank":58,"engagementSEIrank":69,"voiceSEIrank":40,"audienceSEIrank":147,"engagementSEI":0.30299256330157176,"engagementSEIadj":0.30299256330157176,"voiceSEI":5.655247417074497,"voiceSEIadj":5.655247417074497,"audienceSEI":0.6354382339421607,"audienceSEIadj":0.6354382339421607,"SEI":1.9419135864975081,"SEIadj":1.9419135864975081},"non_scoped":{"SEI":1.8759538256426649,"SEIrank":32,"SEIadj":0,"audienceSEI":0.6354382339421607,"audienceSEIadj":0,"audienceSEIrank":99,"audienceScore":0.1170915088892248,"combinedScore":0.10583142053702171,"combinedScoreRank":42,"engagementSEI":0.19305962854349953,"engagementSEIadj":0,"engagementSEIrank":39,"engagementScore":0.08076698191559385,"voiceSEI":5.655247417074497,"voiceSEIadj":0,"voiceSEIrank":32,"voiceScore":0.54573122737052},"scoped":{"SEI":10.79913686455181,"SEIrank":30,"SEIadj":0,"audienceSEI":8.295720323335111,"audienceSEIadj":0,"audienceSEIrank":87,"audienceScore":0.3361618398739819,"combinedScore":0.8188932493613221,"combinedScoreRank":31,"engagementSEI":5.805130576219689,"engagementSEIadj":0,"engagementSEIrank":30,"engagementScore":0.8273769878346987,"voiceSEI":21.62162162162162,"voiceSEIadj":0,"voiceSEIrank":23,"voiceScore":1.1489173663278833}},"facebook":{"entityString":"536575feb08f37d80186a0d4","type":"facebook","profiles":1,"postsMade":43,"repliesMade":0,"repliesRcvd":828,"sharesMade":0,"sharesRcvd":58,"mentionsRcvd":0,"likesRcvd":3451,"reachRcvd":0,"audience":6446,"voice":43,"conversation":871,"engagement":4337,"group_scoped":{"audienceScore":0.24655403821166852,"voiceScore":1.2866546977857571,"engagementScore":0.19747206614881666,"combinedScore":0.25438529633380624,"combinedScoreRank":76,"SEIrank":65,"engagementSEIrank":63,"voiceSEIrank":44,"audienceSEIrank":122,"engagementSEI":0.21947736351868213,"engagementSEIadj":0.21947736351868213,"voiceSEI":3.1114327062228653,"voiceSEIadj":3.1114327062228653,"audienceSEI":0.3471307858047958,"audienceSEIadj":0.3471307858047958,"SEI":1.0998293085585484,"SEIadj":1.0998293085585484},"non_scoped":{"SEI":0.963754758242227,"SEIrank":44,"SEIadj":0,"audienceSEI":0.3471307858047958,"audienceSEIadj":0,"audienceSEIrank":100,"audienceScore":0.06620520903324167,"combinedScore":0.07121119720907204,"combinedScoreRank":47,"engagementSEI":0.12926088524482673,"engagementSEIadj":0,"engagementSEIrank":44,"engagementScore":0.05746363440991857,"voiceSEI":2.838283828382838,"voiceSEIadj":0,"voiceSEIrank":38,"voiceScore":0.323673315769665},"scoped":{"SEI":10.468523483393508,"SEIrank":37,"SEIadj":0,"audienceSEI":4.424705866201728,"audienceSEIadj":0,"audienceSEIrank":88,"audienceScore":0.2713912146883022,"combinedScore":0.8131663131759915,"combinedScoreRank":35,"engagementSEI":11.62734584450402,"engagementSEIadj":0,"engagementSEIrank":35,"engagementScore":0.8373087964723757,"voiceSEI":10.16548463356974,"voiceSEIadj":0,"voiceSEIrank":30,"voiceScore":0.9203767123287672}},"twitter":{"entityString":"536575feb08f37d80186a0d4","type":"twitter","profiles":1,"postsMade":165,"repliesMade":0,"repliesRcvd":0,"sharesMade":0,"sharesRcvd":830,"mentionsRcvd":0,"likesRcvd":1864,"reachRcvd":0,"audience":9728,"voice":165,"conversation":165,"engagement":2694,"group_scoped":{"audienceScore":0.7751975048330313,"voiceScore":3.0291903800257023,"engagementScore":2.271807326452135,"combinedScore":2.2348459880498583,"combinedScoreRank":71,"SEIrank":74,"engagementSEIrank":77,"voiceSEIrank":50,"audienceSEIrank":173,"engagementSEI":4.2993249389572465,"engagementSEIadj":4.2993249389572465,"voiceSEI":7.875894988066825,"voiceSEIadj":7.875894988066825,"audienceSEI":1.718190601172425,"audienceSEIadj":1.718190601172425,"SEI":5.114182519911639,"SEIadj":5.114182519911639},"non_scoped":{"SEI":5.114182519911639,"SEIrank":24,"SEIadj":0,"audienceSEI":1.718190601172425,"audienceSEIadj":0,"audienceSEIrank":75,"audienceScore":0.2789281909006559,"combinedScore":0.9392422553213446,"combinedScoreRank":20,"engagementSEI":4.2993249389572465,"engagementSEIadj":0,"engagementSEIrank":19,"engagementScore":0.9893172829396017,"voiceSEI":7.875894988066825,"voiceSEIadj":0,"voiceSEIrank":32,"voiceScore":0.6982058226134056},"scoped":{"SEI":22.242390269540472,"SEIrank":18,"SEIadj":0,"audienceSEI":8.346775577444486,"audienceSEIadj":0,"audienceSEIrank":64,"audienceScore":0.4418295595239068,"combinedScore":1.7915647519356932,"combinedScoreRank":12,"engagementSEI":23.63572556588875,"engagementSEIadj":0,"engagementSEIrank":12,"engagementScore":1.8961549019193817,"voiceSEI":24.087591240875913,"voiceSEIadj":0,"voiceSEIrank":23,"voiceScore":1.2586772446410863}},"instagram":{"entityString":"536575feb08f37d80186a0d4","type":"instagram","profiles":0,"postsMade":0,"repliesMade":0,"repliesRcvd":0,"sharesMade":0,"sharesRcvd":0,"mentionsRcvd":0,"likesRcvd":0,"reachRcvd":0,"audience":0,"voice":0,"conversation":0,"engagement":0,"group_scoped":{"audienceScore":0,"voiceScore":0,"engagementScore":0,"combinedScore":0,"combinedScoreRank":87,"SEIrank":50,"engagementSEIrank":47,"voiceSEIrank":47,"audienceSEIrank":50,"engagementSEI":0,"engagementSEIadj":0,"voiceSEI":0,"voiceSEIadj":0,"audienceSEI":0,"audienceSEIadj":0,"SEI":0,"SEIadj":0},"non_scoped":{"SEI":0,"SEIrank":50,"SEIadj":0,"audienceSEI":0,"audienceSEIadj":0,"audienceSEIrank":50,"audienceScore":0,"combinedScore":0,"combinedScoreRank":50,"engagementSEI":0,"engagementSEIadj":0,"engagementSEIrank":47,"engagementScore":0,"voiceSEI":0,"voiceSEIadj":0,"voiceSEIrank":47,"voiceScore":0},"scoped":{"SEI":0,"SEIrank":45,"SEIadj":0,"audienceSEI":0,"audienceSEIadj":0,"audienceSEIrank":45,"audienceScore":0,"combinedScore":0,"combinedScoreRank":45,"engagementSEI":0,"engagementSEIadj":0,"engagementSEIrank":42,"engagementScore":0,"voiceSEI":0,"voiceSEIadj":0,"voiceSEIrank":42,"voiceScore":0}}},"quarter":{"boundaryQuantum":4969914,"combined":{"entityString":"536575feb08f37d80186a0d4","type":"combined","profiles":2,"postsMade":673,"repliesMade":0,"repliesRcvd":2460,"sharesMade":0,"sharesRcvd":1396,"mentionsRcvd":0,"likesRcvd":15521,"reachRcvd":0,"audience":16174,"voice":673,"conversation":3133,"engagement":19377,"group_scoped":{"audienceScore":0.4052050840285713,"voiceScore":2.480374451774592,"engagementScore":0.2230997404480854,"combinedScore":0.34506874319343506,"combinedScoreRank":72,"SEIrank":54,"engagementSEIrank":70,"voiceSEIrank":43,"audienceSEIrank":147,"engagementSEI":0.2518231740480604,"engagementSEIadj":0.2518231740480604,"voiceSEI":6.286781877627277,"voiceSEIadj":6.286781877627277,"audienceSEI":0.6354382339421607,"audienceSEIadj":0.6354382339421607,"SEI":2.1006722911112354,"SEIadj":2.1006722911112354},"non_scoped":{"SEI":2.0516559982232745,"SEIrank":32,"SEIadj":0,"audienceSEI":0.6354382339421607,"audienceSEIadj":0,"audienceSEIrank":99,"audienceScore":0.1170915088892248,"combinedScore":0.09908326178117428,"combinedScoreRank":43,"engagementSEI":0.17012935256812614,"engagementSEIadj":0,"engagementSEIrank":44,"engagementScore":0.07004546792049873,"voiceSEI":6.286781877627277,"voiceSEIadj":0,"voiceSEIrank":30,"voiceScore":0.6037553041652836},"scoped":{"SEI":11.309784663473284,"SEIrank":31,"SEIadj":0,"audienceSEI":8.295720323335111,"audienceSEIadj":0,"audienceSEIrank":87,"audienceScore":0.3361618398739819,"combinedScore":0.7229893672435213,"combinedScoreRank":36,"engagementSEI":5.063777410174594,"engagementSEIadj":0,"engagementSEIrank":35,"engagementScore":0.7135886397366162,"voiceSEI":24.806487283450053,"voiceSEIadj":0,"voiceSEIrank":22,"voiceScore":1.2790299897373523}},"facebook":{"entityString":"536575feb08f37d80186a0d4","type":"facebook","profiles":1,"postsMade":176,"repliesMade":0,"repliesRcvd":2460,"sharesMade":0,"sharesRcvd":148,"mentionsRcvd":0,"likesRcvd":11408,"reachRcvd":0,"audience":6446,"voice":176,"conversation":2636,"engagement":14016,"group_scoped":{"audienceScore":0.24655403821166852,"voiceScore":1.6641452344931922,"engagementScore":0.18579907055393602,"combinedScore":0.2627541271337855,"combinedScoreRank":71,"SEIrank":51,"engagementSEIrank":62,"voiceSEIrank":36,"audienceSEIrank":122,"engagementSEI":0.20838072299904103,"engagementSEIadj":0.20838072299904103,"voiceSEI":4.239942182606601,"voiceSEIadj":4.239942182606601,"audienceSEI":0.3471307858047958,"audienceSEIadj":0.3471307858047958,"SEI":1.4317241671618846,"SEIadj":1.4317241671618846},"non_scoped":{"SEI":1.2685957531679453,"SEIrank":35,"SEIadj":0,"audienceSEI":0.3471307858047958,"audienceSEIadj":0,"audienceSEIrank":100,"audienceScore":0.06620520903324167,"combinedScore":0.07680304160877142,"combinedScoreRank":44,"engagementSEI":0.13086937376539648,"engagementSEIadj":0,"engagementSEIrank":44,"engagementScore":0.05718054389565465,"voiceSEI":3.8512035010940924,"voiceSEIadj":0,"voiceSEIrank":33,"voiceScore":0.44060583302040307},"scoped":{"SEI":13.372170943148635,"SEIrank":37,"SEIadj":0,"audienceSEI":4.424705866201728,"audienceSEIadj":0,"audienceSEIrank":88,"audienceScore":0.2713912146883022,"combinedScore":0.7866307802155338,"combinedScoreRank":35,"engagementSEI":12.147791192504702,"engagementSEIadj":0,"engagementSEIrank":35,"engagementScore":0.7905856233674007,"voiceSEI":18.803418803418804,"voiceSEIadj":0,"voiceSEIrank":25,"voiceScore":1.2306831690091602}},"twitter":{"entityString":"536575feb08f37d80186a0d4","type":"twitter","profiles":1,"postsMade":497,"repliesMade":0,"repliesRcvd":0,"sharesMade":0,"sharesRcvd":1248,"mentionsRcvd":0,"likesRcvd":4113,"reachRcvd":0,"audience":9728,"voice":497,"conversation":497,"engagement":5361,"group_scoped":{"audienceScore":0.7751975048330313,"voiceScore":3.1068325310995815,"engagementScore":1.4973981973124482,"combinedScore":1.541759879377834,"combinedScoreRank":81,"SEIrank":80,"engagementSEIrank":89,"voiceSEIrank":46,"audienceSEIrank":173,"engagementSEI":2.900409011231578,"engagementSEIadj":2.900409011231578,"voiceSEI":8.291624958291626,"voiceSEIadj":8.291624958291626,"audienceSEI":1.718190601172425,"audienceSEIadj":1.718190601172425,"SEI":4.399551954343677,"SEIadj":4.399551954343677},"non_scoped":{"SEI":4.399551954343677,"SEIrank":32,"SEIadj":0,"audienceSEI":1.718190601172425,"audienceSEIadj":0,"audienceSEIrank":75,"audienceScore":0.2789281909006559,"combinedScore":0.6627159582884165,"combinedScoreRank":29,"engagementSEI":2.900409011231578,"engagementSEIadj":0,"engagementSEIrank":28,"engagementScore":0.6806659632737481,"voiceSEI":8.291624958291626,"voiceSEIadj":0,"voiceSEIrank":30,"voiceScore":0.7234036359402064},"scoped":{"SEI":19.329577511283937,"SEIrank":21,"SEIadj":0,"audienceSEI":8.346775577444486,"audienceSEIadj":0,"audienceSEIrank":64,"audienceScore":0.4418295595239068,"combinedScore":1.3048983744189955,"combinedScoreRank":20,"engagementSEI":17.662756984712704,"engagementSEIadj":0,"engagementSEIrank":20,"engagementScore":1.3518113667138199,"voiceSEI":26.32415254237288,"voiceSEIadj":0,"voiceSEIrank":21,"voiceScore":1.3235333280072434}},"instagram":{"entityString":"536575feb08f37d80186a0d4","type":"instagram","profiles":0,"postsMade":0,"repliesMade":0,"repliesRcvd":0,"sharesMade":0,"sharesRcvd":0,"mentionsRcvd":0,"likesRcvd":0,"reachRcvd":0,"audience":0,"voice":0,"conversation":0,"engagement":0,"group_scoped":{"audienceScore":0,"voiceScore":0,"engagementScore":0,"combinedScore":0,"combinedScoreRank":87,"SEIrank":50,"engagementSEIrank":48,"voiceSEIrank":48,"audienceSEIrank":50,"engagementSEI":0,"engagementSEIadj":0,"voiceSEI":0,"voiceSEIadj":0,"audienceSEI":0,"audienceSEIadj":0,"SEI":0,"SEIadj":0},"non_scoped":{"SEI":0,"SEIrank":50,"SEIadj":0,"audienceSEI":0,"audienceSEIadj":0,"audienceSEIrank":50,"audienceScore":0,"combinedScore":0,"combinedScoreRank":50,"engagementSEI":0,"engagementSEIadj":0,"engagementSEIrank":48,"engagementScore":0,"voiceSEI":0,"voiceSEIadj":0,"voiceSEIrank":48,"voiceScore":0},"scoped":{"SEI":0,"SEIrank":45,"SEIadj":0,"audienceSEI":0,"audienceSEIadj":0,"audienceSEIrank":45,"audienceScore":0,"combinedScore":0,"combinedScoreRank":45,"engagementSEI":0,"engagementSEIadj":0,"engagementSEIrank":43,"engagementScore":0,"voiceSEI":0,"voiceSEIadj":0,"voiceSEIrank":43,"voiceScore":0}}},"blended":{"combined":{"non_scoped":{"SEI":1.840483011005706,"SEIadj":60.736193204402284,"SEIrank":36,"audienceSEI":0.6354382339421607,"audienceSEIadj":50.317719116971084,"audienceSEIrank":99,"engagementSEI":0.19411198136310565,"engagementSEIadj":60.07764479254524,"engagementSEIrank":44,"voiceSEI":5.534906662645422,"voiceSEIadj":62.21396266505817,"voiceSEIrank":32},"scoped":{"SEI":20.08007701935972,"SEIadj":68.0320308077439,"SEIrank":28,"compCharisma":3,"compInfluence":9,"compEva":8.080077019359718,"audienceSEI":8.295720323335111,"audienceSEIadj":54.14786016166755,"audienceSEIrank":87,"engagementSEI":5.669919355696,"engagementSEIadj":62.2679677422784,"engagementSEIrank":35,"voiceSEI":21.333855476266994,"voiceSEIadj":68.5335421905068,"voiceSEIrank":23}},"facebook":{"non_scoped":{"SEI":1.1552375398772223,"SEIadj":60.46209501595089,"SEIrank":38,"audienceSEI":0.3471307858047958,"audienceSEIadj":50.1735653929024,"audienceSEIrank":100,"engagementSEI":0.16089515509823485,"engagementSEIadj":60.0643580620393,"engagementSEIrank":45,"voiceSEI":3.4132912274593394,"voiceSEIadj":61.36531649098374,"voiceSEIrank":35},"scoped":{"SEI":13.081087534118147,"SEIadj":65.23243501364726,"SEIrank":37,"audienceSEI":4.424705866201728,"audienceSEIadj":52.21235293310087,"audienceSEIrank":88,"engagementSEI":13.35109553079086,"engagementSEIadj":65.34043821231634,"engagementSEIrank":35,"voiceSEI":15.426532096744863,"voiceSEIadj":66.17061283869795,"voiceSEIrank":27}},"twitter":{"non_scoped":{"SEI":4.017232772305432,"SEIadj":61.60689310892217,"SEIrank":35,"audienceSEI":1.7181906011724248,"audienceSEIadj":50.85909530058621,"audienceSEIrank":75,"engagementSEI":2.767967513721019,"engagementSEIadj":61.107187005488406,"engagementSEIrank":31,"voiceSEI":7.282110679851925,"voiceSEIadj":62.91284427194077,"voiceSEIrank":33},"scoped":{"SEI":17.37095905621538,"SEIadj":66.94838362248615,"SEIrank":25,"audienceSEI":8.346775577444486,"audienceSEIadj":54.173387788722245,"audienceSEIrank":64,"engagementSEI":16.50734785146721,"engagementSEIadj":66.60293914058688,"engagementSEIrank":23,"voiceSEI":22.106242625302013,"voiceSEIadj":68.84249705012081,"voiceSEIrank":25}},"instagram":{"non_scoped":{"SEI":0,"SEIadj":0,"SEIrank":50,"audienceSEI":0,"audienceSEIadj":0,"audienceSEIrank":50,"engagementSEI":0,"engagementSEIadj":0,"engagementSEIrank":48,"voiceSEI":0,"voiceSEIadj":0,"voiceSEIrank":48},"scoped":{"SEI":0,"SEIadj":0,"SEIrank":45,"audienceSEI":0,"audienceSEIadj":0,"audienceSEIrank":45,"engagementSEI":0,"engagementSEIadj":0,"engagementSEIrank":43,"voiceSEI":0,"voiceSEIadj":0,"voiceSEIrank":43}},"influence":{"instagram":{"scope":"individual","ratio":0,"calculated":false},"combined":{"ratio":1.83,"bottom":false,"scope":"individual","calculated":true},"facebook":{"ratio":2,"bottom":false,"scope":"individual","calculated":true},"twitter":{"ratio":2,"bottom":false,"scope":"individual","calculated":true}},"charisma":{"instagram":{"scope":"individual","ratio":0,"calculated":false},"combined":{"ratio":0.51,"bottom":false,"scope":"individual","calculated":true},"facebook":{"ratio":0.6,"bottom":false,"scope":"individual","calculated":true},"twitter":{"ratio":1.12,"bottom":false,"scope":"individual","calculated":true}}},"scope":"individual"}}