{"scoreEntityString":"591d1494ab33fb0001804f89.asset.536575ffb08f37d80186dfba","timeQuantum":4995834,"scoreEntityType":"asset","scoreProfileID":"591d1494ab33fb0001804f89","data":{"scoreEntityString":"591d1494ab33fb0001804f89.asset.536575ffb08f37d80186dfba","scoreProfileID":"591d1494ab33fb0001804f89","scoreEntityType":"asset","entityID":"asset.536575ffb08f37d80186dfba","object_version":"1.2","score_engine_version":"3.0.20","timestamp":4995834,"start_quantum":4969914,"end_quantum":4995833,"schedule_options":{"interval":15,"offset":"1"},"_15min":{"boundaryQuantum":4995831,"combined":{"entityString":"536575ffb08f37d80186dfba","type":"combined","profiles":2,"postsMade":0,"repliesMade":0,"repliesRcvd":0,"sharesMade":0,"sharesRcvd":0,"mentionsRcvd":0,"likesRcvd":0,"reachRcvd":0,"audience":1987,"voice":0,"conversation":0,"engagement":0,"group_scoped":{"audienceScore":0.45259793950631066,"voiceScore":0,"engagementScore":0,"combinedScore":0.45259793950631066,"engagementSEI":0,"engagementSEIadj":0,"voiceSEI":0,"voiceSEIadj":0,"audienceSEI":1.2191081552016099,"audienceSEIadj":1.2191081552016099,"SEI":0.12191081552016099,"SEIadj":0.12191081552016099,"combinedScoreRank":138,"SEIrank":101,"engagementSEIrank":89,"voiceSEIrank":83,"audienceSEIrank":99},"non_scoped":{"SEI":0.007806453387183588,"SEIrank":212,"SEIadj":0,"audienceSEI":0.07806453387183587,"audienceSEIadj":0,"audienceSEIrank":212,"audienceScore":0.014384866338746735,"combinedScore":0.0007192433169373368,"combinedScoreRank":212,"engagementSEI":0,"engagementSEIadj":0,"engagementSEIrank":89,"engagementScore":0,"voiceSEI":0,"voiceSEIadj":0,"voiceSEIrank":83,"voiceScore":0},"scoped":{"SEI":0.10191416027245498,"SEIrank":192,"SEIadj":0,"audienceSEI":1.0191416027245497,"audienceSEIadj":0,"audienceSEIrank":192,"audienceScore":0.04129798292504032,"combinedScore":0.002064899146252016,"combinedScoreRank":192,"engagementSEI":0,"engagementSEIadj":0,"engagementSEIrank":79,"engagementScore":0,"voiceSEI":0,"voiceSEIadj":0,"voiceSEIrank":76,"voiceScore":0}},"facebook":{"entityString":"536575ffb08f37d80186dfba","type":"facebook","profiles":1,"postsMade":0,"repliesMade":0,"repliesRcvd":0,"sharesMade":0,"sharesRcvd":0,"mentionsRcvd":0,"likesRcvd":0,"reachRcvd":0,"audience":1,"voice":0,"conversation":0,"engagement":0,"group_scoped":{"audienceScore":0.00039162548072027754,"voiceScore":0,"engagementScore":0,"combinedScore":0.00039162548072027754,"engagementSEI":0,"engagementSEIadj":0,"voiceSEI":0,"voiceSEIadj":0,"audienceSEI":0.0007638719139574676,"audienceSEIadj":0.0007638719139574676,"SEI":0.00007638719139574677,"SEIadj":0.00007638719139574677,"combinedScoreRank":171,"SEIrank":171,"engagementSEIrank":87,"voiceSEIrank":82,"audienceSEIrank":171},"non_scoped":{"SEI":0.000005385212314688114,"SEIrank":183,"SEIadj":0,"audienceSEI":0.00005385212314688113,"audienceSEIadj":0,"audienceSEIrank":183,"audienceScore":0.000010270742946515928,"combinedScore":5.135371473257964e-7,"combinedScoreRank":183,"engagementSEI":0,"engagementSEIadj":0,"engagementSEIrank":87,"engagementScore":0,"voiceSEI":0,"voiceSEIadj":0,"voiceSEIrank":82,"voiceScore":0},"scoped":{"SEI":0.00006864266004036188,"SEIrank":165,"SEIadj":0,"audienceSEI":0.0006864266004036188,"audienceSEIadj":0,"audienceSEIrank":165,"audienceScore":0.00004210226724919364,"combinedScore":0.000002105113362459682,"combinedScoreRank":165,"engagementSEI":0,"engagementSEIadj":0,"engagementSEIrank":77,"engagementScore":0,"voiceSEI":0,"voiceSEIadj":0,"voiceSEIrank":76,"voiceScore":0}},"twitter":{"entityString":"536575ffb08f37d80186dfba","type":"twitter","profiles":1,"postsMade":0,"repliesMade":0,"repliesRcvd":0,"sharesMade":0,"sharesRcvd":0,"mentionsRcvd":0,"likesRcvd":0,"reachRcvd":0,"audience":1986,"voice":0,"conversation":0,"engagement":0,"group_scoped":{"audienceScore":1.0812576561861984,"voiceScore":0,"engagementScore":0,"combinedScore":1.0812576561861984,"engagementSEI":0,"engagementSEIadj":0,"voiceSEI":0,"voiceSEIadj":0,"audienceSEI":2.37690595303636,"audienceSEIadj":2.37690595303636,"SEI":0.237690595303636,"SEIadj":0.237690595303636,"combinedScoreRank":132,"SEIrank":156,"engagementSEIrank":84,"voiceSEIrank":83,"audienceSEIrank":155},"non_scoped":{"SEI":0.035077369797784086,"SEIrank":200,"SEIadj":0,"audienceSEI":0.35077369797784086,"audienceSEIadj":0,"audienceSEIrank":200,"audienceScore":0.056944015946618284,"combinedScore":0.0028472007973309142,"combinedScoreRank":200,"engagementSEI":0,"engagementSEIadj":0,"engagementSEIrank":84,"engagementScore":0,"voiceSEI":0,"voiceSEIadj":0,"voiceSEIrank":83,"voiceScore":0},"scoped":{"SEI":0.1704018944984041,"SEIrank":182,"SEIadj":0,"audienceSEI":1.7040189449840408,"audienceSEIadj":0,"audienceSEIrank":182,"audienceScore":0.09020081262484364,"combinedScore":0.012885830374977663,"combinedScoreRank":182,"engagementSEI":0,"engagementSEIadj":0,"engagementSEIrank":77,"engagementScore":0,"voiceSEI":0,"voiceSEIadj":0,"voiceSEIrank":76,"voiceScore":0}},"instagram":{"entityString":"536575ffb08f37d80186dfba","type":"instagram","profiles":0,"postsMade":0,"repliesMade":0,"repliesRcvd":0,"sharesMade":0,"sharesRcvd":0,"mentionsRcvd":0,"likesRcvd":0,"reachRcvd":0,"audience":0,"voice":0,"conversation":0,"engagement":0,"group_scoped":{"audienceScore":null,"voiceScore":0,"engagementScore":0,"combinedScore":null,"engagementSEI":0,"engagementSEIadj":0,"voiceSEI":0,"voiceSEIadj":0,"audienceSEI":0,"audienceSEIadj":0,"SEI":0,"SEIadj":0,"combinedScoreRank":20,"SEIrank":107,"engagementSEIrank":85,"voiceSEIrank":82,"audienceSEIrank":107},"non_scoped":{"SEI":0,"SEIrank":107,"SEIadj":0,"audienceSEI":0,"audienceSEIadj":0,"audienceSEIrank":107,"audienceScore":0,"combinedScore":0,"combinedScoreRank":107,"engagementSEI":0,"engagementSEIadj":0,"engagementSEIrank":85,"engagementScore":0,"voiceSEI":0,"voiceSEIadj":0,"voiceSEIrank":82,"voiceScore":0},"scoped":{"SEI":0,"SEIrank":98,"SEIadj":0,"audienceSEI":0,"audienceSEIadj":0,"audienceSEIrank":98,"audienceScore":0,"combinedScore":0,"combinedScoreRank":98,"engagementSEI":0,"engagementSEIadj":0,"engagementSEIrank":77,"engagementScore":0,"voiceSEI":0,"voiceSEIadj":0,"voiceSEIrank":76,"voiceScore":0}}},"hour":{"boundaryQuantum":4995822,"combined":{"entityString":"536575ffb08f37d80186dfba","type":"combined","profiles":2,"postsMade":0,"repliesMade":0,"repliesRcvd":0,"sharesMade":0,"sharesRcvd":0,"mentionsRcvd":0,"likesRcvd":0,"reachRcvd":0,"audience":1987,"voice":0,"conversation":0,"engagement":0,"group_scoped":{"audienceScore":0.45259793950631066,"voiceScore":0,"engagementScore":0,"combinedScore":0.45259793950631066,"combinedScoreRank":128,"SEIrank":119,"engagementSEIrank":125,"voiceSEIrank":93,"audienceSEIrank":99,"engagementSEI":0,"engagementSEIadj":0,"voiceSEI":0,"voiceSEIadj":0,"audienceSEI":1.2191081552016099,"audienceSEIadj":1.2191081552016099,"SEI":0.12191081552016099,"SEIadj":0.12191081552016099},"non_scoped":{"SEI":0.007806453387183588,"SEIrank":212,"SEIadj":0,"audienceSEI":0.07806453387183587,"audienceSEIadj":0,"audienceSEIrank":212,"audienceScore":0.014384866338746735,"combinedScore":0.0007192433169373368,"combinedScoreRank":212,"engagementSEI":0,"engagementSEIadj":0,"engagementSEIrank":125,"engagementScore":0,"voiceSEI":0,"voiceSEIadj":0,"voiceSEIrank":93,"voiceScore":0},"scoped":{"SEI":0.10191416027245498,"SEIrank":192,"SEIadj":0,"audienceSEI":1.0191416027245497,"audienceSEIadj":0,"audienceSEIrank":192,"audienceScore":0.04129798292504032,"combinedScore":0.002064899146252016,"combinedScoreRank":192,"engagementSEI":0,"engagementSEIadj":0,"engagementSEIrank":113,"engagementScore":0,"voiceSEI":0,"voiceSEIadj":0,"voiceSEIrank":82,"voiceScore":0}},"facebook":{"entityString":"536575ffb08f37d80186dfba","type":"facebook","profiles":1,"postsMade":0,"repliesMade":0,"repliesRcvd":0,"sharesMade":0,"sharesRcvd":0,"mentionsRcvd":0,"likesRcvd":0,"reachRcvd":0,"audience":1,"voice":0,"conversation":0,"engagement":0,"group_scoped":{"audienceScore":0.00039162548072027754,"voiceScore":0,"engagementScore":0,"combinedScore":0.00039162548072027754,"combinedScoreRank":171,"SEIrank":171,"engagementSEIrank":110,"voiceSEIrank":89,"audienceSEIrank":171,"engagementSEI":0,"engagementSEIadj":0,"voiceSEI":0,"voiceSEIadj":0,"audienceSEI":0.0007638719139574676,"audienceSEIadj":0.0007638719139574676,"SEI":0.00007638719139574677,"SEIadj":0.00007638719139574677},"non_scoped":{"SEI":0.000005385212314688114,"SEIrank":183,"SEIadj":0,"audienceSEI":0.00005385212314688113,"audienceSEIadj":0,"audienceSEIrank":183,"audienceScore":0.000010270742946515928,"combinedScore":5.135371473257964e-7,"combinedScoreRank":183,"engagementSEI":0,"engagementSEIadj":0,"engagementSEIrank":110,"engagementScore":0,"voiceSEI":0,"voiceSEIadj":0,"voiceSEIrank":89,"voiceScore":0},"scoped":{"SEI":0.00006864266004036188,"SEIrank":165,"SEIadj":0,"audienceSEI":0.0006864266004036188,"audienceSEIadj":0,"audienceSEIrank":165,"audienceScore":0.00004210226724919364,"combinedScore":0.000002105113362459682,"combinedScoreRank":165,"engagementSEI":0,"engagementSEIadj":0,"engagementSEIrank":98,"engagementScore":0,"voiceSEI":0,"voiceSEIadj":0,"voiceSEIrank":78,"voiceScore":0}},"twitter":{"entityString":"536575ffb08f37d80186dfba","type":"twitter","profiles":1,"postsMade":0,"repliesMade":0,"repliesRcvd":0,"sharesMade":0,"sharesRcvd":0,"mentionsRcvd":0,"likesRcvd":0,"reachRcvd":0,"audience":1986,"voice":0,"conversation":0,"engagement":0,"group_scoped":{"audienceScore":1.0812576561861984,"voiceScore":0,"engagementScore":0,"combinedScore":1.0812576561861984,"combinedScoreRank":137,"SEIrank":164,"engagementSEIrank":101,"voiceSEIrank":92,"audienceSEIrank":155,"engagementSEI":0,"engagementSEIadj":0,"voiceSEI":0,"voiceSEIadj":0,"audienceSEI":2.37690595303636,"audienceSEIadj":2.37690595303636,"SEI":0.237690595303636,"SEIadj":0.237690595303636},"non_scoped":{"SEI":0.035077369797784086,"SEIrank":200,"SEIadj":0,"audienceSEI":0.35077369797784086,"audienceSEIadj":0,"audienceSEIrank":200,"audienceScore":0.056944015946618284,"combinedScore":0.0028472007973309142,"combinedScoreRank":200,"engagementSEI":0,"engagementSEIadj":0,"engagementSEIrank":101,"engagementScore":0,"voiceSEI":0,"voiceSEIadj":0,"voiceSEIrank":92,"voiceScore":0},"scoped":{"SEI":0.1704018944984041,"SEIrank":182,"SEIadj":0,"audienceSEI":1.7040189449840408,"audienceSEIadj":0,"audienceSEIrank":182,"audienceScore":0.09020081262484364,"combinedScore":0.0045100406312421825,"combinedScoreRank":182,"engagementSEI":0,"engagementSEIadj":0,"engagementSEIrank":90,"engagementScore":0,"voiceSEI":0,"voiceSEIadj":0,"voiceSEIrank":81,"voiceScore":0}},"instagram":{"entityString":"536575ffb08f37d80186dfba","type":"instagram","profiles":0,"postsMade":0,"repliesMade":0,"repliesRcvd":0,"sharesMade":0,"sharesRcvd":0,"mentionsRcvd":0,"likesRcvd":0,"reachRcvd":0,"audience":0,"voice":0,"conversation":0,"engagement":0,"group_scoped":{"audienceScore":null,"voiceScore":0,"engagementScore":0,"combinedScore":null,"combinedScoreRank":20,"SEIrank":107,"engagementSEIrank":89,"voiceSEIrank":84,"audienceSEIrank":107,"engagementSEI":0,"engagementSEIadj":0,"voiceSEI":0,"voiceSEIadj":0,"audienceSEI":0,"audienceSEIadj":0,"SEI":0,"SEIadj":0},"non_scoped":{"SEI":0,"SEIrank":107,"SEIadj":0,"audienceSEI":0,"audienceSEIadj":0,"audienceSEIrank":107,"audienceScore":0,"combinedScore":0,"combinedScoreRank":107,"engagementSEI":0,"engagementSEIadj":0,"engagementSEIrank":89,"engagementScore":0,"voiceSEI":0,"voiceSEIadj":0,"voiceSEIrank":84,"voiceScore":0},"scoped":{"SEI":0,"SEIrank":98,"SEIadj":0,"audienceSEI":0,"audienceSEIadj":0,"audienceSEIrank":98,"audienceScore":0,"combinedScore":0,"combinedScoreRank":98,"engagementSEI":0,"engagementSEIadj":0,"engagementSEIrank":80,"engagementScore":0,"voiceSEI":0,"voiceSEIadj":0,"voiceSEIrank":76,"voiceScore":0}}},"today":{"boundaryQuantum":4995546,"combined":{"entityString":"536575ffb08f37d80186dfba","type":"combined","profiles":2,"postsMade":0,"repliesMade":0,"repliesRcvd":0,"sharesMade":0,"sharesRcvd":0,"mentionsRcvd":0,"likesRcvd":0,"reachRcvd":0,"audience":1987,"voice":0,"conversation":0,"engagement":0,"group_scoped":{"audienceScore":0.45259793950631066,"voiceScore":0,"engagementScore":0,"combinedScore":0.45259793950631066,"combinedScoreRank":80,"SEIrank":167,"engagementSEIrank":193,"voiceSEIrank":176,"audienceSEIrank":99,"engagementSEI":0,"engagementSEIadj":0,"voiceSEI":0,"voiceSEIadj":0,"audienceSEI":1.2191081552016099,"audienceSEIadj":1.2191081552016099,"SEI":0.12191081552016099,"SEIadj":0.12191081552016099},"non_scoped":{"SEI":0.007806453387183588,"SEIrank":217,"SEIadj":0,"audienceSEI":0.07806453387183587,"audienceSEIadj":0,"audienceSEIrank":212,"audienceScore":0.014384866338746735,"combinedScore":0.0007192433169373368,"combinedScoreRank":217,"engagementSEI":0,"engagementSEIadj":0,"engagementSEIrank":193,"engagementScore":0,"voiceSEI":0,"voiceSEIadj":0,"voiceSEIrank":176,"voiceScore":0},"scoped":{"SEI":0.10191416027245498,"SEIrank":196,"SEIadj":0,"audienceSEI":1.0191416027245497,"audienceSEIadj":0,"audienceSEIrank":192,"audienceScore":0.04129798292504032,"combinedScore":0.002064899146252016,"combinedScoreRank":196,"engagementSEI":0,"engagementSEIadj":0,"engagementSEIrank":179,"engagementScore":0,"voiceSEI":0,"voiceSEIadj":0,"voiceSEIrank":161,"voiceScore":0}},"facebook":{"entityString":"536575ffb08f37d80186dfba","type":"facebook","profiles":1,"postsMade":0,"repliesMade":0,"repliesRcvd":0,"sharesMade":0,"sharesRcvd":0,"mentionsRcvd":0,"likesRcvd":0,"reachRcvd":0,"audience":1,"voice":0,"conversation":0,"engagement":0,"group_scoped":{"audienceScore":0.00039162548072027754,"voiceScore":0,"engagementScore":0,"combinedScore":0.00039162548072027754,"combinedScoreRank":171,"SEIrank":171,"engagementSEIrank":145,"voiceSEIrank":130,"audienceSEIrank":171,"engagementSEI":0,"engagementSEIadj":0,"voiceSEI":0,"voiceSEIadj":0,"audienceSEI":0.0007638719139574676,"audienceSEIadj":0.0007638719139574676,"SEI":0.00007638719139574677,"SEIadj":0.00007638719139574677},"non_scoped":{"SEI":0.000005385212314688114,"SEIrank":183,"SEIadj":0,"audienceSEI":0.00005385212314688113,"audienceSEIadj":0,"audienceSEIrank":183,"audienceScore":0.000010270742946515928,"combinedScore":5.135371473257964e-7,"combinedScoreRank":183,"engagementSEI":0,"engagementSEIadj":0,"engagementSEIrank":145,"engagementScore":0,"voiceSEI":0,"voiceSEIadj":0,"voiceSEIrank":130,"voiceScore":0},"scoped":{"SEI":0.00006864266004036188,"SEIrank":165,"SEIadj":0,"audienceSEI":0.0006864266004036188,"audienceSEIadj":0,"audienceSEIrank":165,"audienceScore":0.00004210226724919364,"combinedScore":0.000002105113362459682,"combinedScoreRank":165,"engagementSEI":0,"engagementSEIadj":0,"engagementSEIrank":133,"engagementScore":0,"voiceSEI":0,"voiceSEIadj":0,"voiceSEIrank":118,"voiceScore":0}},"twitter":{"entityString":"536575ffb08f37d80186dfba","type":"twitter","profiles":1,"postsMade":0,"repliesMade":0,"repliesRcvd":0,"sharesMade":0,"sharesRcvd":0,"mentionsRcvd":0,"likesRcvd":0,"reachRcvd":0,"audience":1986,"voice":0,"conversation":0,"engagement":0,"group_scoped":{"audienceScore":1.0812576561861984,"voiceScore":0,"engagementScore":0,"combinedScore":1.0812576561861984,"combinedScoreRank":110,"SEIrank":189,"engagementSEIrank":179,"voiceSEIrank":164,"audienceSEIrank":155,"engagementSEI":0,"engagementSEIadj":0,"voiceSEI":0,"voiceSEIadj":0,"audienceSEI":2.37690595303636,"audienceSEIadj":2.37690595303636,"SEI":0.237690595303636,"SEIadj":0.237690595303636},"non_scoped":{"SEI":0.035077369797784086,"SEIrank":206,"SEIadj":0,"audienceSEI":0.35077369797784086,"audienceSEIadj":0,"audienceSEIrank":200,"audienceScore":0.056944015946618284,"combinedScore":0.0028472007973309142,"combinedScoreRank":206,"engagementSEI":0,"engagementSEIadj":0,"engagementSEIrank":179,"engagementScore":0,"voiceSEI":0,"voiceSEIadj":0,"voiceSEIrank":164,"voiceScore":0},"scoped":{"SEI":0.1704018944984041,"SEIrank":187,"SEIadj":0,"audienceSEI":1.7040189449840408,"audienceSEIadj":0,"audienceSEIrank":182,"audienceScore":0.09020081262484364,"combinedScore":0.0045100406312421825,"combinedScoreRank":187,"engagementSEI":0,"engagementSEIadj":0,"engagementSEIrank":165,"engagementScore":0,"voiceSEI":0,"voiceSEIadj":0,"voiceSEIrank":149,"voiceScore":0}},"instagram":{"entityString":"536575ffb08f37d80186dfba","type":"instagram","profiles":0,"postsMade":0,"repliesMade":0,"repliesRcvd":0,"sharesMade":0,"sharesRcvd":0,"mentionsRcvd":0,"likesRcvd":0,"reachRcvd":0,"audience":0,"voice":0,"conversation":0,"engagement":0,"group_scoped":{"audienceScore":null,"voiceScore":0,"engagementScore":0,"combinedScore":null,"combinedScoreRank":20,"SEIrank":107,"engagementSEIrank":102,"voiceSEIrank":92,"audienceSEIrank":107,"engagementSEI":0,"engagementSEIadj":0,"voiceSEI":0,"voiceSEIadj":0,"audienceSEI":0,"audienceSEIadj":0,"SEI":0,"SEIadj":0},"non_scoped":{"SEI":0,"SEIrank":107,"SEIadj":0,"audienceSEI":0,"audienceSEIadj":0,"audienceSEIrank":107,"audienceScore":0,"combinedScore":0,"combinedScoreRank":107,"engagementSEI":0,"engagementSEIadj":0,"engagementSEIrank":102,"engagementScore":0,"voiceSEI":0,"voiceSEIadj":0,"voiceSEIrank":92,"voiceScore":0},"scoped":{"SEI":0,"SEIrank":98,"SEIadj":0,"audienceSEI":0,"audienceSEIadj":0,"audienceSEIrank":98,"audienceScore":0,"combinedScore":0,"combinedScoreRank":98,"engagementSEI":0,"engagementSEIadj":0,"engagementSEIrank":93,"engagementScore":0,"voiceSEI":0,"voiceSEIadj":0,"voiceSEIrank":83,"voiceScore":0}}},"week":{"boundaryQuantum":4993818,"combined":{"entityString":"536575ffb08f37d80186dfba","type":"combined","profiles":2,"postsMade":0,"repliesMade":0,"repliesRcvd":0,"sharesMade":0,"sharesRcvd":0,"mentionsRcvd":0,"likesRcvd":0,"reachRcvd":0,"audience":1987,"voice":0,"conversation":0,"engagement":0,"group_scoped":{"audienceScore":0.45259793950631066,"voiceScore":0,"engagementScore":0,"combinedScore":0.45259793950631066,"combinedScoreRank":78,"SEIrank":198,"engagementSEIrank":213,"voiceSEIrank":207,"audienceSEIrank":99,"engagementSEI":0,"engagementSEIadj":0,"voiceSEI":0,"voiceSEIadj":0,"audienceSEI":1.2191081552016099,"audienceSEIadj":1.2191081552016099,"SEI":0.12191081552016099,"SEIadj":0.12191081552016099},"non_scoped":{"SEI":0.007806453387183588,"SEIrank":221,"SEIadj":0,"audienceSEI":0.07806453387183587,"audienceSEIadj":0,"audienceSEIrank":212,"audienceScore":0.014384866338746735,"combinedScore":0.0007192433169373368,"combinedScoreRank":221,"engagementSEI":0,"engagementSEIadj":0,"engagementSEIrank":213,"engagementScore":0,"voiceSEI":0,"voiceSEIadj":0,"voiceSEIrank":207,"voiceScore":0},"scoped":{"SEI":0.10191416027245498,"SEIrank":199,"SEIadj":0,"audienceSEI":1.0191416027245497,"audienceSEIadj":0,"audienceSEIrank":192,"audienceScore":0.04129798292504032,"combinedScore":0.002064899146252016,"combinedScoreRank":199,"engagementSEI":0,"engagementSEIadj":0,"engagementSEIrank":197,"engagementScore":0,"voiceSEI":0,"voiceSEIadj":0,"voiceSEIrank":191,"voiceScore":0}},"facebook":{"entityString":"536575ffb08f37d80186dfba","type":"facebook","profiles":1,"postsMade":0,"repliesMade":0,"repliesRcvd":0,"sharesMade":0,"sharesRcvd":0,"mentionsRcvd":0,"likesRcvd":0,"reachRcvd":0,"audience":1,"voice":0,"conversation":0,"engagement":0,"group_scoped":{"audienceScore":0.00039162548072027754,"voiceScore":0,"engagementScore":0,"combinedScore":0.00039162548072027754,"combinedScoreRank":171,"SEIrank":171,"engagementSEIrank":172,"voiceSEIrank":160,"audienceSEIrank":171,"engagementSEI":0,"engagementSEIadj":0,"voiceSEI":0,"voiceSEIadj":0,"audienceSEI":0.0007638719139574676,"audienceSEIadj":0.0007638719139574676,"SEI":0.00007638719139574677,"SEIadj":0.00007638719139574677},"non_scoped":{"SEI":0.000005385212314688114,"SEIrank":183,"SEIadj":0,"audienceSEI":0.00005385212314688113,"audienceSEIadj":0,"audienceSEIrank":183,"audienceScore":0.000010270742946515928,"combinedScore":5.135371473257964e-7,"combinedScoreRank":183,"engagementSEI":0,"engagementSEIadj":0,"engagementSEIrank":172,"engagementScore":0,"voiceSEI":0,"voiceSEIadj":0,"voiceSEIrank":160,"voiceScore":0},"scoped":{"SEI":0.00006864266004036188,"SEIrank":165,"SEIadj":0,"audienceSEI":0.0006864266004036188,"audienceSEIadj":0,"audienceSEIrank":165,"audienceScore":0.00004210226724919364,"combinedScore":0.000002105113362459682,"combinedScoreRank":165,"engagementSEI":0,"engagementSEIadj":0,"engagementSEIrank":160,"engagementScore":0,"voiceSEI":0,"voiceSEIadj":0,"voiceSEIrank":148,"voiceScore":0}},"twitter":{"entityString":"536575ffb08f37d80186dfba","type":"twitter","profiles":1,"postsMade":0,"repliesMade":0,"repliesRcvd":0,"sharesMade":0,"sharesRcvd":0,"mentionsRcvd":0,"likesRcvd":0,"reachRcvd":0,"audience":1986,"voice":0,"conversation":0,"engagement":0,"group_scoped":{"audienceScore":1.0812576561861984,"voiceScore":0,"engagementScore":0,"combinedScore":1.0812576561861984,"combinedScoreRank":112,"SEIrank":204,"engagementSEIrank":199,"voiceSEIrank":198,"audienceSEIrank":155,"engagementSEI":0,"engagementSEIadj":0,"voiceSEI":0,"voiceSEIadj":0,"audienceSEI":2.37690595303636,"audienceSEIadj":2.37690595303636,"SEI":0.237690595303636,"SEIadj":0.237690595303636},"non_scoped":{"SEI":0.035077369797784086,"SEIrank":212,"SEIadj":0,"audienceSEI":0.35077369797784086,"audienceSEIadj":0,"audienceSEIrank":200,"audienceScore":0.056944015946618284,"combinedScore":0.0028472007973309142,"combinedScoreRank":212,"engagementSEI":0,"engagementSEIadj":0,"engagementSEIrank":199,"engagementScore":0,"voiceSEI":0,"voiceSEIadj":0,"voiceSEIrank":198,"voiceScore":0},"scoped":{"SEI":0.1704018944984041,"SEIrank":192,"SEIadj":0,"audienceSEI":1.7040189449840408,"audienceSEIadj":0,"audienceSEIrank":182,"audienceScore":0.09020081262484364,"combinedScore":0.0045100406312421825,"combinedScoreRank":192,"engagementSEI":0,"engagementSEIadj":0,"engagementSEIrank":183,"engagementScore":0,"voiceSEI":0,"voiceSEIadj":0,"voiceSEIrank":182,"voiceScore":0}},"instagram":{"entityString":"536575ffb08f37d80186dfba","type":"instagram","profiles":0,"postsMade":0,"repliesMade":0,"repliesRcvd":0,"sharesMade":0,"sharesRcvd":0,"mentionsRcvd":0,"likesRcvd":0,"reachRcvd":0,"audience":0,"voice":0,"conversation":0,"engagement":0,"group_scoped":{"audienceScore":null,"voiceScore":0,"engagementScore":0,"combinedScore":null,"combinedScoreRank":20,"SEIrank":107,"engagementSEIrank":104,"voiceSEIrank":103,"audienceSEIrank":107,"engagementSEI":0,"engagementSEIadj":0,"voiceSEI":0,"voiceSEIadj":0,"audienceSEI":0,"audienceSEIadj":0,"SEI":0,"SEIadj":0},"non_scoped":{"SEI":0,"SEIrank":107,"SEIadj":0,"audienceSEI":0,"audienceSEIadj":0,"audienceSEIrank":107,"audienceScore":0,"combinedScore":0,"combinedScoreRank":107,"engagementSEI":0,"engagementSEIadj":0,"engagementSEIrank":104,"engagementScore":0,"voiceSEI":0,"voiceSEIadj":0,"voiceSEIrank":103,"voiceScore":0},"scoped":{"SEI":0,"SEIrank":98,"SEIadj":0,"audienceSEI":0,"audienceSEIadj":0,"audienceSEIrank":98,"audienceScore":0,"combinedScore":0,"combinedScoreRank":98,"engagementSEI":0,"engagementSEIadj":0,"engagementSEIrank":95,"engagementScore":0,"voiceSEI":0,"voiceSEIadj":0,"voiceSEIrank":94,"voiceScore":0}}},"month":{"boundaryQuantum":4987194,"combined":{"entityString":"536575ffb08f37d80186dfba","type":"combined","profiles":2,"postsMade":1,"repliesMade":0,"repliesRcvd":0,"sharesMade":0,"sharesRcvd":0,"mentionsRcvd":0,"likesRcvd":4,"reachRcvd":0,"audience":1987,"voice":1,"conversation":1,"engagement":4,"group_scoped":{"audienceScore":0.45259793950631066,"voiceScore":0.03570153516601214,"engagementScore":0.005353892279687333,"combinedScore":0.02923347678533474,"combinedScoreRank":219,"SEIrank":198,"engagementSEIrank":193,"voiceSEIrank":207,"audienceSEIrank":99,"engagementSEI":0.008032289805016166,"engagementSEIadj":0.008032289805016166,"voiceSEI":0.045167118337850046,"voiceSEIadj":0.045167118337850046,"audienceSEI":1.2191081552016099,"audienceSEIadj":1.2191081552016099,"SEI":0.14028032490452572,"SEIadj":0.14028032490452572},"non_scoped":{"SEI":0.016028960268388355,"SEIrank":215,"SEIadj":0,"audienceSEI":0.07806453387183587,"audienceSEIadj":0,"audienceSEIrank":212,"audienceScore":0.014384866338746735,"combinedScore":0.0008917828732432724,"combinedScoreRank":219,"engagementSEI":0.00010983338275835556,"engagementSEIadj":0,"engagementSEIrank":209,"engagementScore":0.00004594907234566568,"voiceSEI":0.02718868950516585,"voiceSEIadj":0,"voiceSEIrank":209,"voiceScore":0.002623707823896731},"scoped":{"SEI":0.13508074648279228,"SEIrank":197,"SEIadj":0,"audienceSEI":1.0191416027245497,"audienceSEIadj":0,"audienceSEIrank":192,"audienceScore":0.04129798292504032,"combinedScore":0.0027647132857107795,"combinedScoreRank":197,"engagementSEI":0.0033025917088435153,"engagementSEIadj":0,"engagementSEIrank":191,"engagementScore":0.0004707023113837,"voiceSEI":0.10395010395010396,"voiceSEIadj":0,"voiceSEIrank":192,"voiceScore":0.00552364118426867}},"facebook":{"entityString":"536575ffb08f37d80186dfba","type":"facebook","profiles":1,"postsMade":0,"repliesMade":0,"repliesRcvd":0,"sharesMade":0,"sharesRcvd":0,"mentionsRcvd":0,"likesRcvd":0,"reachRcvd":0,"audience":1,"voice":0,"conversation":0,"engagement":0,"group_scoped":{"audienceScore":0.00039162548072027754,"voiceScore":0,"engagementScore":0,"combinedScore":0.00039162548072027754,"combinedScoreRank":171,"SEIrank":171,"engagementSEIrank":182,"voiceSEIrank":177,"audienceSEIrank":171,"engagementSEI":0,"engagementSEIadj":0,"voiceSEI":0,"voiceSEIadj":0,"audienceSEI":0.0007638719139574676,"audienceSEIadj":0.0007638719139574676,"SEI":0.00007638719139574677,"SEIadj":0.00007638719139574677},"non_scoped":{"SEI":0.000005385212314688114,"SEIrank":183,"SEIadj":0,"audienceSEI":0.00005385212314688113,"audienceSEIadj":0,"audienceSEIrank":183,"audienceScore":0.000010270742946515928,"combinedScore":5.135371473257964e-7,"combinedScoreRank":183,"engagementSEI":0,"engagementSEIadj":0,"engagementSEIrank":182,"engagementScore":0,"voiceSEI":0,"voiceSEIadj":0,"voiceSEIrank":177,"voiceScore":0},"scoped":{"SEI":0.00006864266004036188,"SEIrank":165,"SEIadj":0,"audienceSEI":0.0006864266004036188,"audienceSEIadj":0,"audienceSEIrank":165,"audienceScore":0.00004210226724919364,"combinedScore":0.000002105113362459682,"combinedScoreRank":165,"engagementSEI":0,"engagementSEIadj":0,"engagementSEIrank":168,"engagementScore":0,"voiceSEI":0,"voiceSEIadj":0,"voiceSEIrank":164,"voiceScore":0}},"twitter":{"entityString":"536575ffb08f37d80186dfba","type":"twitter","profiles":1,"postsMade":1,"repliesMade":0,"repliesRcvd":0,"sharesMade":0,"sharesRcvd":0,"mentionsRcvd":0,"likesRcvd":4,"reachRcvd":0,"audience":1986,"voice":1,"conversation":1,"engagement":4,"group_scoped":{"audienceScore":1.0812576561861984,"voiceScore":0.06587615283267458,"engagementScore":0.09537434430138292,"combinedScore":0.14319360032218828,"combinedScoreRank":199,"SEIrank":200,"engagementSEIrank":186,"voiceSEIrank":201,"audienceSEIrank":155,"engagementSEI":0.18034265103697023,"engagementSEIadj":0.18034265103697023,"voiceSEI":0.09442870632672333,"voiceSEIadj":0.09442870632672333,"audienceSEI":2.37690595303636,"audienceSEIadj":2.37690595303636,"SEI":0.3742247978238351,"SEIadj":0.3742247978238351},"non_scoped":{"SEI":0.053227312442904955,"SEIrank":211,"SEIadj":0,"audienceSEI":0.35077369797784086,"audienceSEIadj":0,"audienceSEIrank":200,"audienceScore":0.056944015946618284,"combinedScore":0.004380805868920191,"combinedScoreRank":211,"engagementSEI":0.006383555959847433,"engagementSEIadj":0,"engagementSEIrank":199,"engagementScore":0.0014689194995391264,"voiceSEI":0.0477326968973747,"voiceSEIadj":0,"voiceSEIrank":199,"voiceScore":0.0042315504400812455},"scoped":{"SEI":0.23525384060753068,"SEIrank":190,"SEIadj":0,"audienceSEI":1.7040189449840408,"audienceSEIadj":0,"audienceSEIrank":182,"audienceScore":0.09020081262484364,"combinedScore":0.007425295263518773,"combinedScoreRank":190,"engagementSEI":0.035093876118617306,"engagementSEIadj":0,"engagementSEIrank":182,"engagementScore":0.00281537476157295,"voiceSEI":0.145985401459854,"voiceSEIadj":0,"voiceSEIrank":184,"voiceScore":0.007628346937218705}},"instagram":{"entityString":"536575ffb08f37d80186dfba","type":"instagram","profiles":0,"postsMade":0,"repliesMade":0,"repliesRcvd":0,"sharesMade":0,"sharesRcvd":0,"mentionsRcvd":0,"likesRcvd":0,"reachRcvd":0,"audience":0,"voice":0,"conversation":0,"engagement":0,"group_scoped":{"audienceScore":null,"voiceScore":0,"engagementScore":0,"combinedScore":null,"combinedScoreRank":20,"SEIrank":107,"engagementSEIrank":104,"voiceSEIrank":104,"audienceSEIrank":107,"engagementSEI":0,"engagementSEIadj":0,"voiceSEI":0,"voiceSEIadj":0,"audienceSEI":0,"audienceSEIadj":0,"SEI":0,"SEIadj":0},"non_scoped":{"SEI":0,"SEIrank":107,"SEIadj":0,"audienceSEI":0,"audienceSEIadj":0,"audienceSEIrank":107,"audienceScore":0,"combinedScore":0,"combinedScoreRank":107,"engagementSEI":0,"engagementSEIadj":0,"engagementSEIrank":104,"engagementScore":0,"voiceSEI":0,"voiceSEIadj":0,"voiceSEIrank":104,"voiceScore":0},"scoped":{"SEI":0,"SEIrank":98,"SEIadj":0,"audienceSEI":0,"audienceSEIadj":0,"audienceSEIrank":98,"audienceScore":0,"combinedScore":0,"combinedScoreRank":98,"engagementSEI":0,"engagementSEIadj":0,"engagementSEIrank":95,"engagementScore":0,"voiceSEI":0,"voiceSEIadj":0,"voiceSEIrank":95,"voiceScore":0}}},"quarter":{"boundaryQuantum":4969914,"combined":{"entityString":"536575ffb08f37d80186dfba","type":"combined","profiles":2,"postsMade":23,"repliesMade":0,"repliesRcvd":0,"sharesMade":0,"sharesRcvd":2,"mentionsRcvd":0,"likesRcvd":46,"reachRcvd":0,"audience":1987,"voice":23,"conversation":23,"engagement":48,"group_scoped":{"audienceScore":0.45259793950631066,"voiceScore":0.29835257491244,"engagementScore":0.02090747137200925,"combinedScore":0.056364249955745856,"combinedScoreRank":183,"SEIrank":183,"engagementSEIrank":152,"voiceSEIrank":184,"audienceSEIrank":99,"engagementSEI":0.039289514610788244,"engagementSEIadj":0.039289514610788244,"voiceSEI":0.4083806818181818,"voiceSEIadj":0.4083806818181818,"audienceSEI":1.2191081552016099,"audienceSEIadj":1.2191081552016099,"SEI":0.2679987288320885,"SEIadj":0.2679987288320885},"non_scoped":{"SEI":0.07251517808257614,"SEIrank":205,"SEIadj":0,"audienceSEI":0.07806453387183587,"audienceSEIadj":0,"audienceSEIrank":212,"audienceScore":0.014384866338746735,"combinedScore":0.0019070829635539405,"combinedScoreRank":210,"engagementSEI":0.00042143824757547894,"engagementSEIadj":0,"engagementSEIrank":208,"engagementScore":0.00017351408681343547,"voiceSEI":0.21485287248949092,"voiceSEIadj":0,"voiceSEIrank":195,"voiceScore":0.02063353936969023},"scoped":{"SEI":0.3637714423587529,"SEIrank":191,"SEIadj":0,"audienceSEI":1.0191416027245497,"audienceSEIadj":0,"audienceSEIrank":192,"audienceScore":0.04129798292504032,"combinedScore":0.005841371275673255,"combinedScoreRank":192,"engagementSEI":0.012543805320141432,"engagementSEIadj":0,"engagementSEIrank":190,"engagementScore":0.0017676758377126274,"voiceSEI":0.8477699963140436,"voiceSEIadj":0,"voiceSEIrank":180,"voiceScore":0.04371127750959748}},"facebook":{"entityString":"536575ffb08f37d80186dfba","type":"facebook","profiles":1,"postsMade":0,"repliesMade":0,"repliesRcvd":0,"sharesMade":0,"sharesRcvd":0,"mentionsRcvd":0,"likesRcvd":0,"reachRcvd":0,"audience":1,"voice":0,"conversation":0,"engagement":0,"group_scoped":{"audienceScore":0.00039162548072027754,"voiceScore":0,"engagementScore":0,"combinedScore":0.00039162548072027754,"combinedScoreRank":171,"SEIrank":171,"engagementSEIrank":188,"voiceSEIrank":188,"audienceSEIrank":171,"engagementSEI":0,"engagementSEIadj":0,"voiceSEI":0,"voiceSEIadj":0,"audienceSEI":0.0007638719139574676,"audienceSEIadj":0.0007638719139574676,"SEI":0.00007638719139574677,"SEIadj":0.00007638719139574677},"non_scoped":{"SEI":0.000005385212314688114,"SEIrank":183,"SEIadj":0,"audienceSEI":0.00005385212314688113,"audienceSEIadj":0,"audienceSEIrank":183,"audienceScore":0.000010270742946515928,"combinedScore":5.135371473257964e-7,"combinedScoreRank":183,"engagementSEI":0,"engagementSEIadj":0,"engagementSEIrank":188,"engagementScore":0,"voiceSEI":0,"voiceSEIadj":0,"voiceSEIrank":188,"voiceScore":0},"scoped":{"SEI":0.00006864266004036188,"SEIrank":165,"SEIadj":0,"audienceSEI":0.0006864266004036188,"audienceSEIadj":0,"audienceSEIrank":165,"audienceScore":0.00004210226724919364,"combinedScore":0.000002105113362459682,"combinedScoreRank":165,"engagementSEI":0,"engagementSEIadj":0,"engagementSEIrank":173,"engagementScore":0,"voiceSEI":0,"voiceSEIadj":0,"voiceSEIrank":173,"voiceScore":0}},"twitter":{"entityString":"536575ffb08f37d80186dfba","type":"twitter","profiles":1,"postsMade":23,"repliesMade":0,"repliesRcvd":0,"sharesMade":0,"sharesRcvd":2,"mentionsRcvd":0,"likesRcvd":46,"reachRcvd":0,"audience":1986,"voice":23,"conversation":23,"engagement":48,"group_scoped":{"audienceScore":1.0812576561861984,"voiceScore":0.5439924314096499,"engagementScore":0.3693444136657433,"combinedScore":0.4136724766789614,"combinedScoreRank":151,"SEIrank":168,"engagementSEIrank":149,"voiceSEIrank":169,"audienceSEIrank":155,"engagementSEI":0.7653061224489796,"engagementSEIadj":0.7653061224489796,"voiceSEI":0.8907823392718823,"voiceSEIadj":0.8907823392718823,"audienceSEI":2.37690595303636,"audienceSEIadj":2.37690595303636,"SEI":0.9641089705545884,"SEIadj":0.9641089705545884},"non_scoped":{"SEI":0.1657738651634997,"SEIrank":193,"SEIadj":0,"audienceSEI":0.35077369797784086,"audienceSEIadj":0,"audienceSEIrank":200,"audienceScore":0.056944015946618284,"combinedScore":0.010006013559743647,"combinedScoreRank":200,"engagementSEI":0.02596896708433422,"engagementSEIadj":0,"engagementSEIrank":195,"engagementScore":0.006094379077996625,"voiceSEI":0.383717050383717,"voiceSEIadj":0,"voiceSEIrank":184,"voiceScore":0.03347743184431539},"scoped":{"SEI":0.6307546593456651,"SEIrank":179,"SEIadj":0,"audienceSEI":1.7040189449840408,"audienceSEIadj":0,"audienceSEIrank":182,"audienceScore":0.09020081262484364,"combinedScore":0.018465706078901564,"combinedScoreRank":180,"engagementSEI":0.158144438587243,"engagementSEIadj":0,"engagementSEIrank":179,"engagementScore":0.012103515314729222,"voiceSEI":1.2182203389830508,"voiceSEIadj":0,"voiceSEIrank":170,"voiceScore":0.06125003328806158}},"instagram":{"entityString":"536575ffb08f37d80186dfba","type":"instagram","profiles":0,"postsMade":0,"repliesMade":0,"repliesRcvd":0,"sharesMade":0,"sharesRcvd":0,"mentionsRcvd":0,"likesRcvd":0,"reachRcvd":0,"audience":0,"voice":0,"conversation":0,"engagement":0,"group_scoped":{"audienceScore":null,"voiceScore":0,"engagementScore":0,"combinedScore":null,"combinedScoreRank":20,"SEIrank":107,"engagementSEIrank":105,"voiceSEIrank":105,"audienceSEIrank":107,"engagementSEI":0,"engagementSEIadj":0,"voiceSEI":0,"voiceSEIadj":0,"audienceSEI":0,"audienceSEIadj":0,"SEI":0,"SEIadj":0},"non_scoped":{"SEI":0,"SEIrank":107,"SEIadj":0,"audienceSEI":0,"audienceSEIadj":0,"audienceSEIrank":107,"audienceScore":0,"combinedScore":0,"combinedScoreRank":107,"engagementSEI":0,"engagementSEIadj":0,"engagementSEIrank":105,"engagementScore":0,"voiceSEI":0,"voiceSEIadj":0,"voiceSEIrank":105,"voiceScore":0},"scoped":{"SEI":0,"SEIrank":98,"SEIadj":0,"audienceSEI":0,"audienceSEIadj":0,"audienceSEIrank":98,"audienceScore":0,"combinedScore":0,"combinedScoreRank":98,"engagementSEI":0,"engagementSEIadj":0,"engagementSEIrank":96,"engagementScore":0,"voiceSEI":0,"voiceSEIadj":0,"voiceSEIrank":96,"voiceScore":0}}},"blended":{"combined":{"non_scoped":{"SEI":0.04139419176706057,"SEIadj":20.03311535341365,"SEIrank":209,"audienceSEI":0.07806453387183587,"audienceSEIadj":20.06245162709747,"audienceSEIrank":212,"engagementSEI":0.00022719413120149282,"engagementSEIadj":20.00018175530496,"engagementSEIrank":210,"voiceSEI":0.11150473967052034,"voiceSEIadj":40.06690284380231,"voiceSEIrank":200},"scoped":{"SEI":0.18074151982783743,"SEIadj":20.14459321586227,"SEIrank":194,"compCharisma":0,"compInfluence":0,"compEva":0.18074151982783743,"audienceSEI":1.0191416027245497,"audienceSEIadj":20.81531328217964,"audienceSEIrank":192,"engagementSEI":0.006767291416397243,"engagementSEIadj":20.00541383313312,"engagementSEIrank":191,"voiceSEI":0.43947751374953736,"voiceSEIadj":40.26368650824972,"voiceSEIrank":184}},"facebook":{"non_scoped":{"SEI":0.000005385212314688114,"SEIadj":40.00000323112739,"SEIrank":183,"audienceSEI":0.00005385212314688114,"audienceSEIadj":40.00003231127389,"audienceSEIrank":183,"engagementSEI":0,"engagementSEIadj":0,"engagementSEIrank":188,"voiceSEI":0,"voiceSEIadj":0,"voiceSEIrank":188},"scoped":{"SEI":0.00006864266004036188,"SEIadj":40.000041185596025,"SEIrank":165,"audienceSEI":0.0006864266004036188,"audienceSEIadj":40.000411855960245,"audienceSEIrank":165,"engagementSEI":0,"engagementSEIadj":0,"engagementSEIrank":173,"voiceSEI":0,"voiceSEIadj":0,"voiceSEIrank":173}},"twitter":{"non_scoped":{"SEI":0.10314810887741002,"SEIadj":40.061888865326445,"SEIrank":204,"audienceSEI":0.35077369797784086,"audienceSEIadj":40.210464218786704,"audienceSEIrank":200,"engagementSEI":0.013942016936144224,"engagementSEIadj":40.008365210161685,"engagementSEIrank":197,"voiceSEI":0.19901842972646472,"voiceSEIadj":40.119411057835876,"voiceSEIrank":189},"scoped":{"SEI":0.4103060688384036,"SEIadj":40.24618364130304,"SEIrank":186,"audienceSEI":1.7040189449840408,"audienceSEIadj":41.022411366990426,"audienceSEIrank":182,"engagementSEI":0.0843363007114141,"engagementSEIadj":40.050601780426845,"engagementSEIrank":181,"voiceSEI":0.6310079797105035,"voiceSEIadj":40.378604787826305,"voiceSEIrank":174}},"instagram":{"non_scoped":{"SEI":0,"SEIadj":0,"SEIrank":107,"audienceSEI":0,"audienceSEIadj":0,"audienceSEIrank":107,"engagementSEI":0,"engagementSEIadj":0,"engagementSEIrank":105,"voiceSEI":0,"voiceSEIadj":0,"voiceSEIrank":105},"scoped":{"SEI":0,"SEIadj":0,"SEIrank":98,"audienceSEI":0,"audienceSEIadj":0,"audienceSEIrank":98,"engagementSEI":0,"engagementSEIadj":0,"engagementSEIrank":96,"voiceSEI":0,"voiceSEIadj":0,"voiceSEIrank":96}},"influence":{"facebook":{"scope":"individual","ratio":0,"calculated":false},"instagram":{"scope":"individual","ratio":0,"calculated":false},"combined":{"ratio":0.06,"bottom":true,"scope":"individual","calculated":true},"twitter":{"ratio":0.21,"bottom":false,"scope":"individual","calculated":true}},"charisma":{"facebook":{"scope":"individual","ratio":0,"calculated":false},"instagram":{"scope":"individual","ratio":0,"calculated":false},"combined":{"ratio":0.07,"bottom":true,"scope":"individual","calculated":true},"twitter":{"ratio":0.1,"bottom":false,"scope":"individual","calculated":true}}},"scope":"individual"}}