{"scoreEntityString":"591d1494ab33fb0001804f89.asset.536575ffb08f37d80186dea7","timeQuantum":4995834,"scoreEntityType":"asset","scoreProfileID":"591d1494ab33fb0001804f89","data":{"scoreEntityString":"591d1494ab33fb0001804f89.asset.536575ffb08f37d80186dea7","scoreProfileID":"591d1494ab33fb0001804f89","scoreEntityType":"asset","entityID":"asset.536575ffb08f37d80186dea7","object_version":"1.2","score_engine_version":"3.0.20","timestamp":4995834,"start_quantum":4969914,"end_quantum":4995833,"schedule_options":{"interval":15,"offset":"1"},"_15min":{"boundaryQuantum":4995831,"combined":{"entityString":"536575ffb08f37d80186dea7","type":"combined","profiles":2,"postsMade":0,"repliesMade":0,"repliesRcvd":0,"sharesMade":0,"sharesRcvd":0,"mentionsRcvd":0,"likesRcvd":0,"reachRcvd":0,"audience":3055,"voice":0,"conversation":0,"engagement":0,"group_scoped":{"audienceScore":0.2152252679396073,"voiceScore":0,"engagementScore":0,"combinedScore":0.2152252679396073,"engagementSEI":0,"engagementSEIadj":0,"voiceSEI":0,"voiceSEIadj":0,"audienceSEI":0.31120754640099424,"audienceSEIadj":0.31120754640099424,"SEI":0.031120754640099425,"SEIadj":0.031120754640099425,"combinedScoreRank":185,"SEIrank":191,"engagementSEIrank":79,"voiceSEIrank":73,"audienceSEIrank":191},"non_scoped":{"SEI":0.012002372973249048,"SEIrank":200,"SEIadj":0,"audienceSEI":0.12002372973249048,"audienceSEIadj":0,"audienceSEIrank":200,"audienceScore":0.022116641502199937,"combinedScore":0.001105832075109997,"combinedScoreRank":200,"engagementSEI":0,"engagementSEIadj":0,"engagementSEIrank":79,"engagementScore":0,"voiceSEI":0,"voiceSEIadj":0,"voiceSEIrank":73,"voiceScore":0},"scoped":{"SEI":0.1566923802880473,"SEIrank":182,"SEIadj":0,"audienceSEI":1.5669238028804728,"audienceSEIadj":0,"audienceSEIrank":182,"audienceScore":0.06349538894614905,"combinedScore":0.0031747694473074524,"combinedScoreRank":182,"engagementSEI":0,"engagementSEIadj":0,"engagementSEIrank":69,"engagementScore":0,"voiceSEI":0,"voiceSEIadj":0,"voiceSEIrank":66,"voiceScore":0}},"facebook":{"entityString":"536575ffb08f37d80186dea7","type":"facebook","profiles":1,"postsMade":0,"repliesMade":0,"repliesRcvd":0,"sharesMade":0,"sharesRcvd":0,"mentionsRcvd":0,"likesRcvd":0,"reachRcvd":0,"audience":1801,"voice":0,"conversation":0,"engagement":0,"group_scoped":{"audienceScore":0.16791507469004238,"voiceScore":0,"engagementScore":0,"combinedScore":0.16791507469004238,"engagementSEI":0,"engagementSEIadj":0,"voiceSEI":0,"voiceSEIadj":0,"audienceSEI":0.211240678315986,"audienceSEIadj":0.211240678315986,"SEI":0.021124067831598602,"SEIadj":0.021124067831598602,"combinedScoreRank":138,"SEIrank":141,"engagementSEIrank":77,"voiceSEIrank":72,"audienceSEIrank":141},"non_scoped":{"SEI":0.009698767378753291,"SEIrank":151,"SEIadj":0,"audienceSEI":0.09698767378753291,"audienceSEIadj":0,"audienceSEIrank":151,"audienceScore":0.018497608046675187,"combinedScore":0.0009248804023337594,"combinedScoreRank":151,"engagementSEI":0,"engagementSEIadj":0,"engagementSEIrank":77,"engagementScore":0,"voiceSEI":0,"voiceSEIadj":0,"voiceSEIrank":72,"voiceScore":0},"scoped":{"SEI":0.12362543073269178,"SEIrank":136,"SEIadj":0,"audienceSEI":1.2362543073269177,"audienceSEIadj":0,"audienceSEIrank":136,"audienceScore":0.07582618331579774,"combinedScore":0.003791309165789887,"combinedScoreRank":136,"engagementSEI":0,"engagementSEIadj":0,"engagementSEIrank":67,"engagementScore":0,"voiceSEI":0,"voiceSEIadj":0,"voiceSEIrank":66,"voiceScore":0}},"twitter":{"entityString":"536575ffb08f37d80186dea7","type":"twitter","profiles":1,"postsMade":0,"repliesMade":0,"repliesRcvd":0,"sharesMade":0,"sharesRcvd":0,"mentionsRcvd":0,"likesRcvd":0,"reachRcvd":0,"audience":1254,"voice":0,"conversation":0,"engagement":0,"group_scoped":{"audienceScore":0.36344349670901044,"voiceScore":0,"engagementScore":0,"combinedScore":0.36344349670901044,"engagementSEI":0,"engagementSEIadj":0,"voiceSEI":0,"voiceSEIadj":0,"audienceSEI":0.985585613908232,"audienceSEIadj":0.985585613908232,"SEI":0.0985585613908232,"SEIadj":0.0985585613908232,"combinedScoreRank":209,"SEIrank":208,"engagementSEIrank":74,"voiceSEIrank":73,"audienceSEIrank":208},"non_scoped":{"SEI":0.02214855071823829,"SEIrank":209,"SEIadj":0,"audienceSEI":0.22148550718238288,"audienceSEIadj":0,"audienceSEIrank":209,"audienceScore":0.03595558710828768,"combinedScore":0.0017977793554143841,"combinedScoreRank":209,"engagementSEI":0,"engagementSEIadj":0,"engagementSEIrank":74,"engagementScore":0,"voiceSEI":0,"voiceSEIadj":0,"voiceSEIrank":73,"voiceScore":0},"scoped":{"SEI":0.10759515392799533,"SEIrank":189,"SEIadj":0,"audienceSEI":1.0759515392799532,"audienceSEIadj":0,"audienceSEIrank":189,"audienceScore":0.056954591657378616,"combinedScore":0.008136370236768373,"combinedScoreRank":189,"engagementSEI":0,"engagementSEIadj":0,"engagementSEIrank":67,"engagementScore":0,"voiceSEI":0,"voiceSEIadj":0,"voiceSEIrank":66,"voiceScore":0}},"instagram":{"entityString":"536575ffb08f37d80186dea7","type":"instagram","profiles":0,"postsMade":0,"repliesMade":0,"repliesRcvd":0,"sharesMade":0,"sharesRcvd":0,"mentionsRcvd":0,"likesRcvd":0,"reachRcvd":0,"audience":0,"voice":0,"conversation":0,"engagement":0,"group_scoped":{"audienceScore":0,"voiceScore":0,"engagementScore":0,"combinedScore":0,"engagementSEI":0,"engagementSEIadj":0,"voiceSEI":0,"voiceSEIadj":0,"audienceSEI":0,"audienceSEIadj":0,"SEI":0,"SEIadj":0,"combinedScoreRank":134,"SEIrank":97,"engagementSEIrank":75,"voiceSEIrank":72,"audienceSEIrank":97},"non_scoped":{"SEI":0,"SEIrank":97,"SEIadj":0,"audienceSEI":0,"audienceSEIadj":0,"audienceSEIrank":97,"audienceScore":0,"combinedScore":0,"combinedScoreRank":97,"engagementSEI":0,"engagementSEIadj":0,"engagementSEIrank":75,"engagementScore":0,"voiceSEI":0,"voiceSEIadj":0,"voiceSEIrank":72,"voiceScore":0},"scoped":{"SEI":0,"SEIrank":88,"SEIadj":0,"audienceSEI":0,"audienceSEIadj":0,"audienceSEIrank":88,"audienceScore":0,"combinedScore":0,"combinedScoreRank":88,"engagementSEI":0,"engagementSEIadj":0,"engagementSEIrank":67,"engagementScore":0,"voiceSEI":0,"voiceSEIadj":0,"voiceSEIrank":66,"voiceScore":0}}},"hour":{"boundaryQuantum":4995822,"combined":{"entityString":"536575ffb08f37d80186dea7","type":"combined","profiles":2,"postsMade":0,"repliesMade":0,"repliesRcvd":0,"sharesMade":0,"sharesRcvd":0,"mentionsRcvd":0,"likesRcvd":0,"reachRcvd":0,"audience":3055,"voice":0,"conversation":0,"engagement":0,"group_scoped":{"audienceScore":0.2152252679396073,"voiceScore":0,"engagementScore":0,"combinedScore":0.2152252679396073,"combinedScoreRank":179,"SEIrank":193,"engagementSEIrank":115,"voiceSEIrank":83,"audienceSEIrank":191,"engagementSEI":0,"engagementSEIadj":0,"voiceSEI":0,"voiceSEIadj":0,"audienceSEI":0.31120754640099424,"audienceSEIadj":0.31120754640099424,"SEI":0.031120754640099425,"SEIadj":0.031120754640099425},"non_scoped":{"SEI":0.012002372973249048,"SEIrank":201,"SEIadj":0,"audienceSEI":0.12002372973249048,"audienceSEIadj":0,"audienceSEIrank":200,"audienceScore":0.022116641502199937,"combinedScore":0.001105832075109997,"combinedScoreRank":201,"engagementSEI":0,"engagementSEIadj":0,"engagementSEIrank":115,"engagementScore":0,"voiceSEI":0,"voiceSEIadj":0,"voiceSEIrank":83,"voiceScore":0},"scoped":{"SEI":0.1566923802880473,"SEIrank":183,"SEIadj":0,"audienceSEI":1.5669238028804728,"audienceSEIadj":0,"audienceSEIrank":182,"audienceScore":0.06349538894614905,"combinedScore":0.0031747694473074524,"combinedScoreRank":183,"engagementSEI":0,"engagementSEIadj":0,"engagementSEIrank":103,"engagementScore":0,"voiceSEI":0,"voiceSEIadj":0,"voiceSEIrank":72,"voiceScore":0}},"facebook":{"entityString":"536575ffb08f37d80186dea7","type":"facebook","profiles":1,"postsMade":0,"repliesMade":0,"repliesRcvd":0,"sharesMade":0,"sharesRcvd":0,"mentionsRcvd":0,"likesRcvd":0,"reachRcvd":0,"audience":1801,"voice":0,"conversation":0,"engagement":0,"group_scoped":{"audienceScore":0.16791507469004238,"voiceScore":0,"engagementScore":0,"combinedScore":0.16791507469004238,"combinedScoreRank":138,"SEIrank":142,"engagementSEIrank":100,"voiceSEIrank":79,"audienceSEIrank":141,"engagementSEI":0,"engagementSEIadj":0,"voiceSEI":0,"voiceSEIadj":0,"audienceSEI":0.211240678315986,"audienceSEIadj":0.211240678315986,"SEI":0.021124067831598602,"SEIadj":0.021124067831598602},"non_scoped":{"SEI":0.009698767378753291,"SEIrank":151,"SEIadj":0,"audienceSEI":0.09698767378753291,"audienceSEIadj":0,"audienceSEIrank":151,"audienceScore":0.018497608046675187,"combinedScore":0.0009248804023337594,"combinedScoreRank":151,"engagementSEI":0,"engagementSEIadj":0,"engagementSEIrank":100,"engagementScore":0,"voiceSEI":0,"voiceSEIadj":0,"voiceSEIrank":79,"voiceScore":0},"scoped":{"SEI":0.12362543073269178,"SEIrank":136,"SEIadj":0,"audienceSEI":1.2362543073269177,"audienceSEIadj":0,"audienceSEIrank":136,"audienceScore":0.07582618331579774,"combinedScore":0.003791309165789887,"combinedScoreRank":136,"engagementSEI":0,"engagementSEIadj":0,"engagementSEIrank":88,"engagementScore":0,"voiceSEI":0,"voiceSEIadj":0,"voiceSEIrank":68,"voiceScore":0}},"twitter":{"entityString":"536575ffb08f37d80186dea7","type":"twitter","profiles":1,"postsMade":0,"repliesMade":0,"repliesRcvd":0,"sharesMade":0,"sharesRcvd":0,"mentionsRcvd":0,"likesRcvd":0,"reachRcvd":0,"audience":1254,"voice":0,"conversation":0,"engagement":0,"group_scoped":{"audienceScore":0.36344349670901044,"voiceScore":0,"engagementScore":0,"combinedScore":0.36344349670901044,"combinedScoreRank":211,"SEIrank":210,"engagementSEIrank":91,"voiceSEIrank":82,"audienceSEIrank":208,"engagementSEI":0,"engagementSEIadj":0,"voiceSEI":0,"voiceSEIadj":0,"audienceSEI":0.985585613908232,"audienceSEIadj":0.985585613908232,"SEI":0.0985585613908232,"SEIadj":0.0985585613908232},"non_scoped":{"SEI":0.02214855071823829,"SEIrank":209,"SEIadj":0,"audienceSEI":0.22148550718238288,"audienceSEIadj":0,"audienceSEIrank":209,"audienceScore":0.03595558710828768,"combinedScore":0.0017977793554143841,"combinedScoreRank":209,"engagementSEI":0,"engagementSEIadj":0,"engagementSEIrank":91,"engagementScore":0,"voiceSEI":0,"voiceSEIadj":0,"voiceSEIrank":82,"voiceScore":0},"scoped":{"SEI":0.10759515392799533,"SEIrank":189,"SEIadj":0,"audienceSEI":1.0759515392799532,"audienceSEIadj":0,"audienceSEIrank":189,"audienceScore":0.056954591657378616,"combinedScore":0.002847729582868931,"combinedScoreRank":189,"engagementSEI":0,"engagementSEIadj":0,"engagementSEIrank":80,"engagementScore":0,"voiceSEI":0,"voiceSEIadj":0,"voiceSEIrank":71,"voiceScore":0}},"instagram":{"entityString":"536575ffb08f37d80186dea7","type":"instagram","profiles":0,"postsMade":0,"repliesMade":0,"repliesRcvd":0,"sharesMade":0,"sharesRcvd":0,"mentionsRcvd":0,"likesRcvd":0,"reachRcvd":0,"audience":0,"voice":0,"conversation":0,"engagement":0,"group_scoped":{"audienceScore":0,"voiceScore":0,"engagementScore":0,"combinedScore":0,"combinedScoreRank":134,"SEIrank":97,"engagementSEIrank":79,"voiceSEIrank":74,"audienceSEIrank":97,"engagementSEI":0,"engagementSEIadj":0,"voiceSEI":0,"voiceSEIadj":0,"audienceSEI":0,"audienceSEIadj":0,"SEI":0,"SEIadj":0},"non_scoped":{"SEI":0,"SEIrank":97,"SEIadj":0,"audienceSEI":0,"audienceSEIadj":0,"audienceSEIrank":97,"audienceScore":0,"combinedScore":0,"combinedScoreRank":97,"engagementSEI":0,"engagementSEIadj":0,"engagementSEIrank":79,"engagementScore":0,"voiceSEI":0,"voiceSEIadj":0,"voiceSEIrank":74,"voiceScore":0},"scoped":{"SEI":0,"SEIrank":88,"SEIadj":0,"audienceSEI":0,"audienceSEIadj":0,"audienceSEIrank":88,"audienceScore":0,"combinedScore":0,"combinedScoreRank":88,"engagementSEI":0,"engagementSEIadj":0,"engagementSEIrank":70,"engagementScore":0,"voiceSEI":0,"voiceSEIadj":0,"voiceSEIrank":66,"voiceScore":0}}},"today":{"boundaryQuantum":4995546,"combined":{"entityString":"536575ffb08f37d80186dea7","type":"combined","profiles":2,"postsMade":0,"repliesMade":0,"repliesRcvd":0,"sharesMade":0,"sharesRcvd":0,"mentionsRcvd":0,"likesRcvd":0,"reachRcvd":0,"audience":3055,"voice":0,"conversation":0,"engagement":0,"group_scoped":{"audienceScore":0.2152252679396073,"voiceScore":0,"engagementScore":0,"combinedScore":0.2152252679396073,"combinedScoreRank":126,"SEIrank":207,"engagementSEIrank":189,"voiceSEIrank":171,"audienceSEIrank":191,"engagementSEI":0,"engagementSEIadj":0,"voiceSEI":0,"voiceSEIadj":0,"audienceSEI":0.31120754640099424,"audienceSEIadj":0.31120754640099424,"SEI":0.031120754640099425,"SEIadj":0.031120754640099425},"non_scoped":{"SEI":0.012002372973249048,"SEIrank":209,"SEIadj":0,"audienceSEI":0.12002372973249048,"audienceSEIadj":0,"audienceSEIrank":200,"audienceScore":0.022116641502199937,"combinedScore":0.001105832075109997,"combinedScoreRank":210,"engagementSEI":0,"engagementSEIadj":0,"engagementSEIrank":189,"engagementScore":0,"voiceSEI":0,"voiceSEIadj":0,"voiceSEIrank":171,"voiceScore":0},"scoped":{"SEI":0.1566923802880473,"SEIrank":190,"SEIadj":0,"audienceSEI":1.5669238028804728,"audienceSEIadj":0,"audienceSEIrank":182,"audienceScore":0.06349538894614905,"combinedScore":0.0031747694473074524,"combinedScoreRank":190,"engagementSEI":0,"engagementSEIadj":0,"engagementSEIrank":175,"engagementScore":0,"voiceSEI":0,"voiceSEIadj":0,"voiceSEIrank":156,"voiceScore":0}},"facebook":{"entityString":"536575ffb08f37d80186dea7","type":"facebook","profiles":1,"postsMade":0,"repliesMade":0,"repliesRcvd":0,"sharesMade":0,"sharesRcvd":0,"mentionsRcvd":0,"likesRcvd":0,"reachRcvd":0,"audience":1801,"voice":0,"conversation":0,"engagement":0,"group_scoped":{"audienceScore":0.16791507469004238,"voiceScore":0,"engagementScore":0,"combinedScore":0.16791507469004238,"combinedScoreRank":113,"SEIrank":146,"engagementSEIrank":136,"voiceSEIrank":120,"audienceSEIrank":141,"engagementSEI":0,"engagementSEIadj":0,"voiceSEI":0,"voiceSEIadj":0,"audienceSEI":0.211240678315986,"audienceSEIadj":0.211240678315986,"SEI":0.021124067831598602,"SEIadj":0.021124067831598602},"non_scoped":{"SEI":0.009698767378753291,"SEIrank":155,"SEIadj":0,"audienceSEI":0.09698767378753291,"audienceSEIadj":0,"audienceSEIrank":151,"audienceScore":0.018497608046675187,"combinedScore":0.0009248804023337594,"combinedScoreRank":155,"engagementSEI":0,"engagementSEIadj":0,"engagementSEIrank":136,"engagementScore":0,"voiceSEI":0,"voiceSEIadj":0,"voiceSEIrank":120,"voiceScore":0},"scoped":{"SEI":0.12362543073269178,"SEIrank":140,"SEIadj":0,"audienceSEI":1.2362543073269177,"audienceSEIadj":0,"audienceSEIrank":136,"audienceScore":0.07582618331579774,"combinedScore":0.003791309165789887,"combinedScoreRank":140,"engagementSEI":0,"engagementSEIadj":0,"engagementSEIrank":124,"engagementScore":0,"voiceSEI":0,"voiceSEIadj":0,"voiceSEIrank":108,"voiceScore":0}},"twitter":{"entityString":"536575ffb08f37d80186dea7","type":"twitter","profiles":1,"postsMade":0,"repliesMade":0,"repliesRcvd":0,"sharesMade":0,"sharesRcvd":0,"mentionsRcvd":0,"likesRcvd":0,"reachRcvd":0,"audience":1254,"voice":0,"conversation":0,"engagement":0,"group_scoped":{"audienceScore":0.36344349670901044,"voiceScore":0,"engagementScore":0,"combinedScore":0.36344349670901044,"combinedScoreRank":192,"SEIrank":214,"engagementSEIrank":175,"voiceSEIrank":159,"audienceSEIrank":208,"engagementSEI":0,"engagementSEIadj":0,"voiceSEI":0,"voiceSEIadj":0,"audienceSEI":0.985585613908232,"audienceSEIadj":0.985585613908232,"SEI":0.0985585613908232,"SEIadj":0.0985585613908232},"non_scoped":{"SEI":0.02214855071823829,"SEIrank":213,"SEIadj":0,"audienceSEI":0.22148550718238288,"audienceSEIadj":0,"audienceSEIrank":209,"audienceScore":0.03595558710828768,"combinedScore":0.0017977793554143841,"combinedScoreRank":213,"engagementSEI":0,"engagementSEIadj":0,"engagementSEIrank":175,"engagementScore":0,"voiceSEI":0,"voiceSEIadj":0,"voiceSEIrank":159,"voiceScore":0},"scoped":{"SEI":0.10759515392799533,"SEIrank":192,"SEIadj":0,"audienceSEI":1.0759515392799532,"audienceSEIadj":0,"audienceSEIrank":189,"audienceScore":0.056954591657378616,"combinedScore":0.002847729582868931,"combinedScoreRank":192,"engagementSEI":0,"engagementSEIadj":0,"engagementSEIrank":161,"engagementScore":0,"voiceSEI":0,"voiceSEIadj":0,"voiceSEIrank":144,"voiceScore":0}},"instagram":{"entityString":"536575ffb08f37d80186dea7","type":"instagram","profiles":0,"postsMade":0,"repliesMade":0,"repliesRcvd":0,"sharesMade":0,"sharesRcvd":0,"mentionsRcvd":0,"likesRcvd":0,"reachRcvd":0,"audience":0,"voice":0,"conversation":0,"engagement":0,"group_scoped":{"audienceScore":0,"voiceScore":0,"engagementScore":0,"combinedScore":0,"combinedScoreRank":134,"SEIrank":97,"engagementSEIrank":92,"voiceSEIrank":82,"audienceSEIrank":97,"engagementSEI":0,"engagementSEIadj":0,"voiceSEI":0,"voiceSEIadj":0,"audienceSEI":0,"audienceSEIadj":0,"SEI":0,"SEIadj":0},"non_scoped":{"SEI":0,"SEIrank":97,"SEIadj":0,"audienceSEI":0,"audienceSEIadj":0,"audienceSEIrank":97,"audienceScore":0,"combinedScore":0,"combinedScoreRank":97,"engagementSEI":0,"engagementSEIadj":0,"engagementSEIrank":92,"engagementScore":0,"voiceSEI":0,"voiceSEIadj":0,"voiceSEIrank":82,"voiceScore":0},"scoped":{"SEI":0,"SEIrank":88,"SEIadj":0,"audienceSEI":0,"audienceSEIadj":0,"audienceSEIrank":88,"audienceScore":0,"combinedScore":0,"combinedScoreRank":88,"engagementSEI":0,"engagementSEIadj":0,"engagementSEIrank":83,"engagementScore":0,"voiceSEI":0,"voiceSEIadj":0,"voiceSEIrank":73,"voiceScore":0}}},"week":{"boundaryQuantum":4993818,"combined":{"entityString":"536575ffb08f37d80186dea7","type":"combined","profiles":2,"postsMade":0,"repliesMade":0,"repliesRcvd":0,"sharesMade":0,"sharesRcvd":0,"mentionsRcvd":0,"likesRcvd":0,"reachRcvd":0,"audience":3055,"voice":0,"conversation":0,"engagement":0,"group_scoped":{"audienceScore":0.2152252679396073,"voiceScore":0,"engagementScore":0,"combinedScore":0.2152252679396073,"combinedScoreRank":122,"SEIrank":216,"engagementSEIrank":211,"voiceSEIrank":205,"audienceSEIrank":191,"engagementSEI":0,"engagementSEIadj":0,"voiceSEI":0,"voiceSEIadj":0,"audienceSEI":0.31120754640099424,"audienceSEIadj":0.31120754640099424,"SEI":0.031120754640099425,"SEIadj":0.031120754640099425},"non_scoped":{"SEI":0.012002372973249048,"SEIrank":215,"SEIadj":0,"audienceSEI":0.12002372973249048,"audienceSEIadj":0,"audienceSEIrank":200,"audienceScore":0.022116641502199937,"combinedScore":0.001105832075109997,"combinedScoreRank":215,"engagementSEI":0,"engagementSEIadj":0,"engagementSEIrank":211,"engagementScore":0,"voiceSEI":0,"voiceSEIadj":0,"voiceSEIrank":205,"voiceScore":0},"scoped":{"SEI":0.1566923802880473,"SEIrank":194,"SEIadj":0,"audienceSEI":1.5669238028804728,"audienceSEIadj":0,"audienceSEIrank":182,"audienceScore":0.06349538894614905,"combinedScore":0.0031747694473074524,"combinedScoreRank":194,"engagementSEI":0,"engagementSEIadj":0,"engagementSEIrank":195,"engagementScore":0,"voiceSEI":0,"voiceSEIadj":0,"voiceSEIrank":189,"voiceScore":0}},"facebook":{"entityString":"536575ffb08f37d80186dea7","type":"facebook","profiles":1,"postsMade":0,"repliesMade":0,"repliesRcvd":0,"sharesMade":0,"sharesRcvd":0,"mentionsRcvd":0,"likesRcvd":0,"reachRcvd":0,"audience":1801,"voice":0,"conversation":0,"engagement":0,"group_scoped":{"audienceScore":0.16791507469004238,"voiceScore":0,"engagementScore":0,"combinedScore":0.16791507469004238,"combinedScoreRank":105,"SEIrank":153,"engagementSEIrank":163,"voiceSEIrank":151,"audienceSEIrank":141,"engagementSEI":0,"engagementSEIadj":0,"voiceSEI":0,"voiceSEIadj":0,"audienceSEI":0.211240678315986,"audienceSEIadj":0.211240678315986,"SEI":0.021124067831598602,"SEIadj":0.021124067831598602},"non_scoped":{"SEI":0.009698767378753291,"SEIrank":158,"SEIadj":0,"audienceSEI":0.09698767378753291,"audienceSEIadj":0,"audienceSEIrank":151,"audienceScore":0.018497608046675187,"combinedScore":0.0009248804023337594,"combinedScoreRank":158,"engagementSEI":0,"engagementSEIadj":0,"engagementSEIrank":163,"engagementScore":0,"voiceSEI":0,"voiceSEIadj":0,"voiceSEIrank":151,"voiceScore":0},"scoped":{"SEI":0.12362543073269178,"SEIrank":143,"SEIadj":0,"audienceSEI":1.2362543073269177,"audienceSEIadj":0,"audienceSEIrank":136,"audienceScore":0.07582618331579774,"combinedScore":0.003791309165789887,"combinedScoreRank":145,"engagementSEI":0,"engagementSEIadj":0,"engagementSEIrank":151,"engagementScore":0,"voiceSEI":0,"voiceSEIadj":0,"voiceSEIrank":139,"voiceScore":0}},"twitter":{"entityString":"536575ffb08f37d80186dea7","type":"twitter","profiles":1,"postsMade":0,"repliesMade":0,"repliesRcvd":0,"sharesMade":0,"sharesRcvd":0,"mentionsRcvd":0,"likesRcvd":0,"reachRcvd":0,"audience":1254,"voice":0,"conversation":0,"engagement":0,"group_scoped":{"audienceScore":0.36344349670901044,"voiceScore":0,"engagementScore":0,"combinedScore":0.36344349670901044,"combinedScoreRank":174,"SEIrank":217,"engagementSEIrank":197,"voiceSEIrank":196,"audienceSEIrank":208,"engagementSEI":0,"engagementSEIadj":0,"voiceSEI":0,"voiceSEIadj":0,"audienceSEI":0.985585613908232,"audienceSEIadj":0.985585613908232,"SEI":0.0985585613908232,"SEIadj":0.0985585613908232},"non_scoped":{"SEI":0.02214855071823829,"SEIrank":217,"SEIadj":0,"audienceSEI":0.22148550718238288,"audienceSEIadj":0,"audienceSEIrank":209,"audienceScore":0.03595558710828768,"combinedScore":0.0017977793554143841,"combinedScoreRank":217,"engagementSEI":0,"engagementSEIadj":0,"engagementSEIrank":197,"engagementScore":0,"voiceSEI":0,"voiceSEIadj":0,"voiceSEIrank":196,"voiceScore":0},"scoped":{"SEI":0.10759515392799533,"SEIrank":196,"SEIadj":0,"audienceSEI":1.0759515392799532,"audienceSEIadj":0,"audienceSEIrank":189,"audienceScore":0.056954591657378616,"combinedScore":0.002847729582868931,"combinedScoreRank":196,"engagementSEI":0,"engagementSEIadj":0,"engagementSEIrank":181,"engagementScore":0,"voiceSEI":0,"voiceSEIadj":0,"voiceSEIrank":180,"voiceScore":0}},"instagram":{"entityString":"536575ffb08f37d80186dea7","type":"instagram","profiles":0,"postsMade":0,"repliesMade":0,"repliesRcvd":0,"sharesMade":0,"sharesRcvd":0,"mentionsRcvd":0,"likesRcvd":0,"reachRcvd":0,"audience":0,"voice":0,"conversation":0,"engagement":0,"group_scoped":{"audienceScore":0,"voiceScore":0,"engagementScore":0,"combinedScore":0,"combinedScoreRank":134,"SEIrank":97,"engagementSEIrank":94,"voiceSEIrank":93,"audienceSEIrank":97,"engagementSEI":0,"engagementSEIadj":0,"voiceSEI":0,"voiceSEIadj":0,"audienceSEI":0,"audienceSEIadj":0,"SEI":0,"SEIadj":0},"non_scoped":{"SEI":0,"SEIrank":97,"SEIadj":0,"audienceSEI":0,"audienceSEIadj":0,"audienceSEIrank":97,"audienceScore":0,"combinedScore":0,"combinedScoreRank":97,"engagementSEI":0,"engagementSEIadj":0,"engagementSEIrank":94,"engagementScore":0,"voiceSEI":0,"voiceSEIadj":0,"voiceSEIrank":93,"voiceScore":0},"scoped":{"SEI":0,"SEIrank":88,"SEIadj":0,"audienceSEI":0,"audienceSEIadj":0,"audienceSEIrank":88,"audienceScore":0,"combinedScore":0,"combinedScoreRank":88,"engagementSEI":0,"engagementSEIadj":0,"engagementSEIrank":85,"engagementScore":0,"voiceSEI":0,"voiceSEIadj":0,"voiceSEIrank":84,"voiceScore":0}}},"month":{"boundaryQuantum":4987194,"combined":{"entityString":"536575ffb08f37d80186dea7","type":"combined","profiles":2,"postsMade":0,"repliesMade":0,"repliesRcvd":0,"sharesMade":0,"sharesRcvd":0,"mentionsRcvd":0,"likesRcvd":0,"reachRcvd":0,"audience":3055,"voice":0,"conversation":0,"engagement":0,"group_scoped":{"audienceScore":0.2152252679396073,"voiceScore":0,"engagementScore":0,"combinedScore":0.2152252679396073,"combinedScoreRank":105,"SEIrank":219,"engagementSEIrank":221,"voiceSEIrank":220,"audienceSEIrank":191,"engagementSEI":0,"engagementSEIadj":0,"voiceSEI":0,"voiceSEIadj":0,"audienceSEI":0.31120754640099424,"audienceSEIadj":0.31120754640099424,"SEI":0.031120754640099425,"SEIadj":0.031120754640099425},"non_scoped":{"SEI":0.012002372973249048,"SEIrank":217,"SEIadj":0,"audienceSEI":0.12002372973249048,"audienceSEIadj":0,"audienceSEIrank":200,"audienceScore":0.022116641502199937,"combinedScore":0.001105832075109997,"combinedScoreRank":216,"engagementSEI":0,"engagementSEIadj":0,"engagementSEIrank":221,"engagementScore":0,"voiceSEI":0,"voiceSEIadj":0,"voiceSEIrank":220,"voiceScore":0},"scoped":{"SEI":0.1566923802880473,"SEIrank":195,"SEIadj":0,"audienceSEI":1.5669238028804728,"audienceSEIadj":0,"audienceSEIrank":182,"audienceScore":0.06349538894614905,"combinedScore":0.0031747694473074524,"combinedScoreRank":195,"engagementSEI":0,"engagementSEIadj":0,"engagementSEIrank":200,"engagementScore":0,"voiceSEI":0,"voiceSEIadj":0,"voiceSEIrank":200,"voiceScore":0}},"facebook":{"entityString":"536575ffb08f37d80186dea7","type":"facebook","profiles":1,"postsMade":0,"repliesMade":0,"repliesRcvd":0,"sharesMade":0,"sharesRcvd":0,"mentionsRcvd":0,"likesRcvd":0,"reachRcvd":0,"audience":1801,"voice":0,"conversation":0,"engagement":0,"group_scoped":{"audienceScore":0.16791507469004238,"voiceScore":0,"engagementScore":0,"combinedScore":0.16791507469004238,"combinedScoreRank":92,"SEIrank":158,"engagementSEIrank":173,"voiceSEIrank":168,"audienceSEIrank":141,"engagementSEI":0,"engagementSEIadj":0,"voiceSEI":0,"voiceSEIadj":0,"audienceSEI":0.211240678315986,"audienceSEIadj":0.211240678315986,"SEI":0.021124067831598602,"SEIadj":0.021124067831598602},"non_scoped":{"SEI":0.009698767378753291,"SEIrank":161,"SEIadj":0,"audienceSEI":0.09698767378753291,"audienceSEIadj":0,"audienceSEIrank":151,"audienceScore":0.018497608046675187,"combinedScore":0.0009248804023337594,"combinedScoreRank":161,"engagementSEI":0,"engagementSEIadj":0,"engagementSEIrank":173,"engagementScore":0,"voiceSEI":0,"voiceSEIadj":0,"voiceSEIrank":168,"voiceScore":0},"scoped":{"SEI":0.12362543073269178,"SEIrank":146,"SEIadj":0,"audienceSEI":1.2362543073269177,"audienceSEIadj":0,"audienceSEIrank":136,"audienceScore":0.07582618331579774,"combinedScore":0.003791309165789887,"combinedScoreRank":146,"engagementSEI":0,"engagementSEIadj":0,"engagementSEIrank":159,"engagementScore":0,"voiceSEI":0,"voiceSEIadj":0,"voiceSEIrank":155,"voiceScore":0}},"twitter":{"entityString":"536575ffb08f37d80186dea7","type":"twitter","profiles":1,"postsMade":0,"repliesMade":0,"repliesRcvd":0,"sharesMade":0,"sharesRcvd":0,"mentionsRcvd":0,"likesRcvd":0,"reachRcvd":0,"audience":1254,"voice":0,"conversation":0,"engagement":0,"group_scoped":{"audienceScore":0.36344349670901044,"voiceScore":0,"engagementScore":0,"combinedScore":0.36344349670901044,"combinedScoreRank":160,"SEIrank":220,"engagementSEIrank":214,"voiceSEIrank":214,"audienceSEIrank":208,"engagementSEI":0,"engagementSEIadj":0,"voiceSEI":0,"voiceSEIadj":0,"audienceSEI":0.985585613908232,"audienceSEIadj":0.985585613908232,"SEI":0.0985585613908232,"SEIadj":0.0985585613908232},"non_scoped":{"SEI":0.02214855071823829,"SEIrank":218,"SEIadj":0,"audienceSEI":0.22148550718238288,"audienceSEIadj":0,"audienceSEIrank":209,"audienceScore":0.03595558710828768,"combinedScore":0.0017977793554143841,"combinedScoreRank":218,"engagementSEI":0,"engagementSEIadj":0,"engagementSEIrank":214,"engagementScore":0,"voiceSEI":0,"voiceSEIadj":0,"voiceSEIrank":214,"voiceScore":0},"scoped":{"SEI":0.10759515392799533,"SEIrank":197,"SEIadj":0,"audienceSEI":1.0759515392799532,"audienceSEIadj":0,"audienceSEIrank":189,"audienceScore":0.056954591657378616,"combinedScore":0.002847729582868931,"combinedScoreRank":197,"engagementSEI":0,"engagementSEIadj":0,"engagementSEIrank":194,"engagementScore":0,"voiceSEI":0,"voiceSEIadj":0,"voiceSEIrank":194,"voiceScore":0}},"instagram":{"entityString":"536575ffb08f37d80186dea7","type":"instagram","profiles":0,"postsMade":0,"repliesMade":0,"repliesRcvd":0,"sharesMade":0,"sharesRcvd":0,"mentionsRcvd":0,"likesRcvd":0,"reachRcvd":0,"audience":0,"voice":0,"conversation":0,"engagement":0,"group_scoped":{"audienceScore":0,"voiceScore":0,"engagementScore":0,"combinedScore":0,"combinedScoreRank":134,"SEIrank":97,"engagementSEIrank":94,"voiceSEIrank":94,"audienceSEIrank":97,"engagementSEI":0,"engagementSEIadj":0,"voiceSEI":0,"voiceSEIadj":0,"audienceSEI":0,"audienceSEIadj":0,"SEI":0,"SEIadj":0},"non_scoped":{"SEI":0,"SEIrank":97,"SEIadj":0,"audienceSEI":0,"audienceSEIadj":0,"audienceSEIrank":97,"audienceScore":0,"combinedScore":0,"combinedScoreRank":97,"engagementSEI":0,"engagementSEIadj":0,"engagementSEIrank":94,"engagementScore":0,"voiceSEI":0,"voiceSEIadj":0,"voiceSEIrank":94,"voiceScore":0},"scoped":{"SEI":0,"SEIrank":88,"SEIadj":0,"audienceSEI":0,"audienceSEIadj":0,"audienceSEIrank":88,"audienceScore":0,"combinedScore":0,"combinedScoreRank":88,"engagementSEI":0,"engagementSEIadj":0,"engagementSEIrank":85,"engagementScore":0,"voiceSEI":0,"voiceSEIadj":0,"voiceSEIrank":85,"voiceScore":0}}},"quarter":{"boundaryQuantum":4969914,"combined":{"entityString":"536575ffb08f37d80186dea7","type":"combined","profiles":2,"postsMade":0,"repliesMade":0,"repliesRcvd":0,"sharesMade":0,"sharesRcvd":0,"mentionsRcvd":0,"likesRcvd":0,"reachRcvd":0,"audience":3055,"voice":0,"conversation":0,"engagement":0,"group_scoped":{"audienceScore":0.2152252679396073,"voiceScore":0,"engagementScore":0,"combinedScore":0.2152252679396073,"combinedScoreRank":103,"SEIrank":218,"engagementSEIrank":225,"voiceSEIrank":225,"audienceSEIrank":191,"engagementSEI":0,"engagementSEIadj":0,"voiceSEI":0,"voiceSEIadj":0,"audienceSEI":0.31120754640099424,"audienceSEIadj":0.31120754640099424,"SEI":0.031120754640099425,"SEIadj":0.031120754640099425},"non_scoped":{"SEI":0.012002372973249048,"SEIrank":219,"SEIadj":0,"audienceSEI":0.12002372973249048,"audienceSEIadj":0,"audienceSEIrank":200,"audienceScore":0.022116641502199937,"combinedScore":0.001105832075109997,"combinedScoreRank":215,"engagementSEI":0,"engagementSEIadj":0,"engagementSEIrank":225,"engagementScore":0,"voiceSEI":0,"voiceSEIadj":0,"voiceSEIrank":225,"voiceScore":0},"scoped":{"SEI":0.1566923802880473,"SEIrank":197,"SEIadj":0,"audienceSEI":1.5669238028804728,"audienceSEIadj":0,"audienceSEIrank":182,"audienceScore":0.06349538894614905,"combinedScore":0.0031747694473074524,"combinedScoreRank":196,"engagementSEI":0,"engagementSEIadj":0,"engagementSEIrank":204,"engagementScore":0,"voiceSEI":0,"voiceSEIadj":0,"voiceSEIrank":204,"voiceScore":0}},"facebook":{"entityString":"536575ffb08f37d80186dea7","type":"facebook","profiles":1,"postsMade":0,"repliesMade":0,"repliesRcvd":0,"sharesMade":0,"sharesRcvd":0,"mentionsRcvd":0,"likesRcvd":0,"reachRcvd":0,"audience":1801,"voice":0,"conversation":0,"engagement":0,"group_scoped":{"audienceScore":0.16791507469004238,"voiceScore":0,"engagementScore":0,"combinedScore":0.16791507469004238,"combinedScoreRank":88,"SEIrank":159,"engagementSEIrank":179,"voiceSEIrank":179,"audienceSEIrank":141,"engagementSEI":0,"engagementSEIadj":0,"voiceSEI":0,"voiceSEIadj":0,"audienceSEI":0.211240678315986,"audienceSEIadj":0.211240678315986,"SEI":0.021124067831598602,"SEIadj":0.021124067831598602},"non_scoped":{"SEI":0.009698767378753291,"SEIrank":162,"SEIadj":0,"audienceSEI":0.09698767378753291,"audienceSEIadj":0,"audienceSEIrank":151,"audienceScore":0.018497608046675187,"combinedScore":0.0009248804023337594,"combinedScoreRank":161,"engagementSEI":0,"engagementSEIadj":0,"engagementSEIrank":179,"engagementScore":0,"voiceSEI":0,"voiceSEIadj":0,"voiceSEIrank":179,"voiceScore":0},"scoped":{"SEI":0.12362543073269178,"SEIrank":146,"SEIadj":0,"audienceSEI":1.2362543073269177,"audienceSEIadj":0,"audienceSEIrank":136,"audienceScore":0.07582618331579774,"combinedScore":0.003791309165789887,"combinedScoreRank":146,"engagementSEI":0,"engagementSEIadj":0,"engagementSEIrank":164,"engagementScore":0,"voiceSEI":0,"voiceSEIadj":0,"voiceSEIrank":164,"voiceScore":0}},"twitter":{"entityString":"536575ffb08f37d80186dea7","type":"twitter","profiles":1,"postsMade":0,"repliesMade":0,"repliesRcvd":0,"sharesMade":0,"sharesRcvd":0,"mentionsRcvd":0,"likesRcvd":0,"reachRcvd":0,"audience":1254,"voice":0,"conversation":0,"engagement":0,"group_scoped":{"audienceScore":0.36344349670901044,"voiceScore":0,"engagementScore":0,"combinedScore":0.36344349670901044,"combinedScoreRank":159,"SEIrank":220,"engagementSEIrank":220,"voiceSEIrank":220,"audienceSEIrank":208,"engagementSEI":0,"engagementSEIadj":0,"voiceSEI":0,"voiceSEIadj":0,"audienceSEI":0.985585613908232,"audienceSEIadj":0.985585613908232,"SEI":0.0985585613908232,"SEIadj":0.0985585613908232},"non_scoped":{"SEI":0.02214855071823829,"SEIrank":221,"SEIadj":0,"audienceSEI":0.22148550718238288,"audienceSEIadj":0,"audienceSEIrank":209,"audienceScore":0.03595558710828768,"combinedScore":0.0017977793554143841,"combinedScoreRank":221,"engagementSEI":0,"engagementSEIadj":0,"engagementSEIrank":220,"engagementScore":0,"voiceSEI":0,"voiceSEIadj":0,"voiceSEIrank":220,"voiceScore":0},"scoped":{"SEI":0.10759515392799533,"SEIrank":199,"SEIadj":0,"audienceSEI":1.0759515392799532,"audienceSEIadj":0,"audienceSEIrank":189,"audienceScore":0.056954591657378616,"combinedScore":0.002847729582868931,"combinedScoreRank":200,"engagementSEI":0,"engagementSEIadj":0,"engagementSEIrank":200,"engagementScore":0,"voiceSEI":0,"voiceSEIadj":0,"voiceSEIrank":200,"voiceScore":0}},"instagram":{"entityString":"536575ffb08f37d80186dea7","type":"instagram","profiles":0,"postsMade":0,"repliesMade":0,"repliesRcvd":0,"sharesMade":0,"sharesRcvd":0,"mentionsRcvd":0,"likesRcvd":0,"reachRcvd":0,"audience":0,"voice":0,"conversation":0,"engagement":0,"group_scoped":{"audienceScore":0,"voiceScore":0,"engagementScore":0,"combinedScore":0,"combinedScoreRank":134,"SEIrank":97,"engagementSEIrank":95,"voiceSEIrank":95,"audienceSEIrank":97,"engagementSEI":0,"engagementSEIadj":0,"voiceSEI":0,"voiceSEIadj":0,"audienceSEI":0,"audienceSEIadj":0,"SEI":0,"SEIadj":0},"non_scoped":{"SEI":0,"SEIrank":97,"SEIadj":0,"audienceSEI":0,"audienceSEIadj":0,"audienceSEIrank":97,"audienceScore":0,"combinedScore":0,"combinedScoreRank":97,"engagementSEI":0,"engagementSEIadj":0,"engagementSEIrank":95,"engagementScore":0,"voiceSEI":0,"voiceSEIadj":0,"voiceSEIrank":95,"voiceScore":0},"scoped":{"SEI":0,"SEIrank":88,"SEIadj":0,"audienceSEI":0,"audienceSEIadj":0,"audienceSEIrank":88,"audienceScore":0,"combinedScore":0,"combinedScoreRank":88,"engagementSEI":0,"engagementSEIadj":0,"engagementSEIrank":86,"engagementScore":0,"voiceSEI":0,"voiceSEIadj":0,"voiceSEIrank":86,"voiceScore":0}}},"blended":{"combined":{"non_scoped":{"SEI":0.012002372973249046,"SEIadj":20.009601898378598,"SEIrank":219,"audienceSEI":0.12002372973249048,"audienceSEIadj":40.0720142378395,"audienceSEIrank":200,"engagementSEI":0,"engagementSEIadj":0,"engagementSEIrank":225,"voiceSEI":0,"voiceSEIadj":0,"voiceSEIrank":225},"scoped":{"SEI":0.11908620901891592,"SEIadj":20.095268967215134,"SEIrank":195,"compCharisma":0,"compInfluence":0,"compEva":0.11908620901891592,"audienceSEI":1.5669238028804728,"audienceSEIadj":40.94015428172828,"audienceSEIrank":182,"engagementSEI":0,"engagementSEIadj":0,"engagementSEIrank":204,"voiceSEI":0,"voiceSEIadj":0,"voiceSEIrank":204}},"facebook":{"non_scoped":{"SEI":0.009698767378753291,"SEIadj":50.004849383689375,"SEIrank":161,"audienceSEI":0.09698767378753291,"audienceSEIadj":50.04849383689377,"audienceSEIrank":151,"engagementSEI":0,"engagementSEIadj":0,"engagementSEIrank":179,"voiceSEI":0,"voiceSEIadj":0,"voiceSEIrank":179},"scoped":{"SEI":0.12362543073269176,"SEIadj":50.061812715366344,"SEIrank":146,"audienceSEI":1.2362543073269177,"audienceSEIadj":50.61812715366346,"audienceSEIrank":136,"engagementSEI":0,"engagementSEIadj":0,"engagementSEIrank":164,"voiceSEI":0,"voiceSEIadj":0,"voiceSEIrank":164}},"twitter":{"non_scoped":{"SEI":0.022148550718238288,"SEIadj":20.01771884057459,"SEIrank":220,"audienceSEI":0.22148550718238286,"audienceSEIadj":20.177188405745905,"audienceSEIrank":209,"engagementSEI":0,"engagementSEIadj":0,"engagementSEIrank":220,"voiceSEI":0,"voiceSEIadj":0,"voiceSEIrank":220},"scoped":{"SEI":0.10759515392799533,"SEIadj":20.086076123142398,"SEIrank":199,"audienceSEI":1.0759515392799532,"audienceSEIadj":20.86076123142396,"audienceSEIrank":189,"engagementSEI":0,"engagementSEIadj":0,"engagementSEIrank":200,"voiceSEI":0,"voiceSEIadj":0,"voiceSEIrank":200}},"instagram":{"non_scoped":{"SEI":0,"SEIadj":0,"SEIrank":97,"audienceSEI":0,"audienceSEIadj":0,"audienceSEIrank":97,"engagementSEI":0,"engagementSEIadj":0,"engagementSEIrank":95,"voiceSEI":0,"voiceSEIadj":0,"voiceSEIrank":95},"scoped":{"SEI":0,"SEIadj":0,"SEIrank":88,"audienceSEI":0,"audienceSEIadj":0,"audienceSEIrank":88,"engagementSEI":0,"engagementSEIadj":0,"engagementSEIrank":86,"voiceSEI":0,"voiceSEIadj":0,"voiceSEIrank":86}},"influence":{"combined":{"scope":"individual","ratio":0,"calculated":false},"facebook":{"scope":"individual","ratio":0,"calculated":false},"twitter":{"scope":"individual","ratio":0,"calculated":false},"instagram":{"scope":"individual","ratio":0,"calculated":false}},"charisma":{"combined":{"scope":"individual","ratio":0,"calculated":false},"facebook":{"scope":"individual","ratio":0,"calculated":false},"twitter":{"scope":"individual","ratio":0,"calculated":false},"instagram":{"scope":"individual","ratio":0,"calculated":false}}},"scope":"individual"}}