{"scoreEntityString":"591d1494ab33fb0001804f89.asset.536575feb08f37d80186a0f7","timeQuantum":4995834,"scoreEntityType":"asset","scoreProfileID":"591d1494ab33fb0001804f89","data":{"scoreEntityString":"591d1494ab33fb0001804f89.asset.536575feb08f37d80186a0f7","scoreProfileID":"591d1494ab33fb0001804f89","scoreEntityType":"asset","entityID":"asset.536575feb08f37d80186a0f7","object_version":"1.2","score_engine_version":"3.0.20","timestamp":4995834,"start_quantum":4969914,"end_quantum":4995833,"schedule_options":{"interval":15,"offset":"1"},"_15min":{"boundaryQuantum":4995831,"combined":{"entityString":"536575feb08f37d80186a0f7","type":"combined","profiles":2,"postsMade":0,"repliesMade":0,"repliesRcvd":0,"sharesMade":0,"sharesRcvd":0,"mentionsRcvd":0,"likesRcvd":0,"reachRcvd":0,"audience":5098,"voice":0,"conversation":0,"engagement":0,"group_scoped":{"audienceScore":0.17195837244672343,"voiceScore":0,"engagementScore":0,"combinedScore":0.17195837244672343,"engagementSEI":0,"engagementSEIadj":0,"voiceSEI":0,"voiceSEIadj":0,"audienceSEI":0.2649960858757814,"audienceSEIadj":0.2649960858757814,"SEI":0.02649960858757814,"SEIadj":0.02649960858757814,"combinedScoreRank":199,"SEIrank":202,"engagementSEIrank":136,"voiceSEIrank":131,"audienceSEIrank":202},"non_scoped":{"SEI":0.020028837125245058,"SEIrank":164,"SEIadj":0,"audienceSEI":0.20028837125245055,"audienceSEIadj":0,"audienceSEIrank":164,"audienceScore":0.036906919272738224,"combinedScore":0.0018453459636369113,"combinedScoreRank":164,"engagementSEI":0,"engagementSEIadj":0,"engagementSEIrank":136,"engagementScore":0,"voiceSEI":0,"voiceSEIadj":0,"voiceSEIrank":131,"voiceScore":0},"scoped":{"SEI":0.26147880677854823,"SEIrank":149,"SEIadj":0,"audienceSEI":2.6147880677854825,"audienceSEIadj":0,"audienceSEIrank":149,"audienceScore":0.10595728080113513,"combinedScore":0.005297864040056757,"combinedScoreRank":149,"engagementSEI":0,"engagementSEIadj":0,"engagementSEIrank":121,"engagementScore":0,"voiceSEI":0,"voiceSEIadj":0,"voiceSEIrank":119,"voiceScore":0}},"facebook":{"entityString":"536575feb08f37d80186a0f7","type":"facebook","profiles":1,"postsMade":0,"repliesMade":0,"repliesRcvd":0,"sharesMade":0,"sharesRcvd":0,"mentionsRcvd":0,"likesRcvd":0,"reachRcvd":0,"audience":2116,"voice":0,"conversation":0,"engagement":0,"group_scoped":{"audienceScore":0.10130106763473976,"voiceScore":0,"engagementScore":0,"combinedScore":0.10130106763473976,"engagementSEI":0,"engagementSEIadj":0,"voiceSEI":0,"voiceSEIadj":0,"audienceSEI":0.12028912594260117,"audienceSEIadj":0.12028912594260117,"SEI":0.012028912594260118,"SEIadj":0.012028912594260118,"combinedScoreRank":149,"SEIrank":151,"engagementSEIrank":135,"voiceSEIrank":131,"audienceSEIrank":151},"non_scoped":{"SEI":0.011395109257880048,"SEIrank":146,"SEIadj":0,"audienceSEI":0.11395109257880047,"audienceSEIadj":0,"audienceSEIrank":146,"audienceScore":0.021732892074827703,"combinedScore":0.0010866446037413851,"combinedScoreRank":146,"engagementSEI":0,"engagementSEIadj":0,"engagementSEIrank":135,"engagementScore":0,"voiceSEI":0,"voiceSEIadj":0,"voiceSEIrank":131,"voiceScore":0},"scoped":{"SEI":0.14524786864540573,"SEIrank":131,"SEIadj":0,"audienceSEI":1.4524786864540573,"audienceSEIadj":0,"audienceSEIrank":131,"audienceScore":0.08908839749929373,"combinedScore":0.004454419874964687,"combinedScoreRank":131,"engagementSEI":0,"engagementSEIadj":0,"engagementSEIrank":120,"engagementScore":0,"voiceSEI":0,"voiceSEIadj":0,"voiceSEIrank":119,"voiceScore":0}},"twitter":{"entityString":"536575feb08f37d80186a0f7","type":"twitter","profiles":1,"postsMade":0,"repliesMade":0,"repliesRcvd":0,"sharesMade":0,"sharesRcvd":0,"mentionsRcvd":0,"likesRcvd":0,"reachRcvd":0,"audience":2982,"voice":0,"conversation":0,"engagement":0,"group_scoped":{"audienceScore":0.5207924008320104,"voiceScore":0,"engagementScore":0,"combinedScore":0.5207924008320104,"engagementSEI":0,"engagementSEIadj":0,"voiceSEI":0,"voiceSEIadj":0,"audienceSEI":3.109553901019834,"audienceSEIadj":3.109553901019834,"SEI":0.3109553901019834,"SEIadj":0.3109553901019834,"combinedScoreRank":191,"SEIrank":130,"engagementSEIrank":132,"voiceSEIrank":131,"audienceSEIrank":129},"non_scoped":{"SEI":0.05266904166011689,"SEIrank":175,"SEIadj":0,"audienceSEI":0.5266904166011689,"audienceSEIadj":0,"audienceSEIrank":175,"audienceScore":0.08550204207090419,"combinedScore":0.004275102103545209,"combinedScoreRank":175,"engagementSEI":0,"engagementSEIadj":0,"engagementSEIrank":132,"engagementScore":0,"voiceSEI":0,"voiceSEIadj":0,"voiceSEIrank":131,"voiceScore":0},"scoped":{"SEI":0.25586024642207505,"SEIrank":158,"SEIadj":0,"audienceSEI":2.5586024642207503,"audienceSEIadj":0,"audienceSEIrank":158,"audienceScore":0.1354374739412305,"combinedScore":0.01934821056303293,"combinedScoreRank":158,"engagementSEI":0,"engagementSEIadj":0,"engagementSEIrank":120,"engagementScore":0,"voiceSEI":0,"voiceSEIadj":0,"voiceSEIrank":119,"voiceScore":0}},"instagram":{"entityString":"536575feb08f37d80186a0f7","type":"instagram","profiles":0,"postsMade":0,"repliesMade":0,"repliesRcvd":0,"sharesMade":0,"sharesRcvd":0,"mentionsRcvd":0,"likesRcvd":0,"reachRcvd":0,"audience":0,"voice":0,"conversation":0,"engagement":0,"group_scoped":{"audienceScore":0,"voiceScore":0,"engagementScore":0,"combinedScore":0,"engagementSEI":0,"engagementSEIadj":0,"voiceSEI":0,"voiceSEIadj":0,"audienceSEI":0,"audienceSEIadj":0,"SEI":0,"SEIadj":0,"combinedScoreRank":153,"SEIrank":134,"engagementSEIrank":132,"voiceSEIrank":131,"audienceSEIrank":134},"non_scoped":{"SEI":0,"SEIrank":134,"SEIadj":0,"audienceSEI":0,"audienceSEIadj":0,"audienceSEIrank":134,"audienceScore":0,"combinedScore":0,"combinedScoreRank":134,"engagementSEI":0,"engagementSEIadj":0,"engagementSEIrank":132,"engagementScore":0,"voiceSEI":0,"voiceSEIadj":0,"voiceSEIrank":131,"voiceScore":0},"scoped":{"SEI":0,"SEIrank":120,"SEIadj":0,"audienceSEI":0,"audienceSEIadj":0,"audienceSEIrank":120,"audienceScore":0,"combinedScore":0,"combinedScoreRank":120,"engagementSEI":0,"engagementSEIadj":0,"engagementSEIrank":119,"engagementScore":0,"voiceSEI":0,"voiceSEIadj":0,"voiceSEIrank":119,"voiceScore":0}}},"hour":{"boundaryQuantum":4995822,"combined":{"entityString":"536575feb08f37d80186a0f7","type":"combined","profiles":2,"postsMade":0,"repliesMade":0,"repliesRcvd":0,"sharesMade":0,"sharesRcvd":0,"mentionsRcvd":0,"likesRcvd":0,"reachRcvd":0,"audience":5098,"voice":0,"conversation":0,"engagement":0,"group_scoped":{"audienceScore":0.17195837244672343,"voiceScore":0,"engagementScore":0,"combinedScore":0.17195837244672343,"combinedScoreRank":193,"SEIrank":203,"engagementSEIrank":157,"voiceSEIrank":138,"audienceSEIrank":202,"engagementSEI":0,"engagementSEIadj":0,"voiceSEI":0,"voiceSEIadj":0,"audienceSEI":0.2649960858757814,"audienceSEIadj":0.2649960858757814,"SEI":0.02649960858757814,"SEIadj":0.02649960858757814},"non_scoped":{"SEI":0.020028837125245058,"SEIrank":167,"SEIadj":0,"audienceSEI":0.20028837125245055,"audienceSEIadj":0,"audienceSEIrank":164,"audienceScore":0.036906919272738224,"combinedScore":0.0018453459636369113,"combinedScoreRank":167,"engagementSEI":0,"engagementSEIadj":0,"engagementSEIrank":157,"engagementScore":0,"voiceSEI":0,"voiceSEIadj":0,"voiceSEIrank":138,"voiceScore":0},"scoped":{"SEI":0.26147880677854823,"SEIrank":152,"SEIadj":0,"audienceSEI":2.6147880677854825,"audienceSEIadj":0,"audienceSEIrank":149,"audienceScore":0.10595728080113513,"combinedScore":0.005297864040056757,"combinedScoreRank":152,"engagementSEI":0,"engagementSEIadj":0,"engagementSEIrank":141,"engagementScore":0,"voiceSEI":0,"voiceSEIadj":0,"voiceSEIrank":123,"voiceScore":0}},"facebook":{"entityString":"536575feb08f37d80186a0f7","type":"facebook","profiles":1,"postsMade":0,"repliesMade":0,"repliesRcvd":0,"sharesMade":0,"sharesRcvd":0,"mentionsRcvd":0,"likesRcvd":0,"reachRcvd":0,"audience":2116,"voice":0,"conversation":0,"engagement":0,"group_scoped":{"audienceScore":0.10130106763473976,"voiceScore":0,"engagementScore":0,"combinedScore":0.10130106763473976,"combinedScoreRank":150,"SEIrank":152,"engagementSEIrank":152,"voiceSEIrank":136,"audienceSEIrank":151,"engagementSEI":0,"engagementSEIadj":0,"voiceSEI":0,"voiceSEIadj":0,"audienceSEI":0.12028912594260117,"audienceSEIadj":0.12028912594260117,"SEI":0.012028912594260118,"SEIadj":0.012028912594260118},"non_scoped":{"SEI":0.011395109257880048,"SEIrank":147,"SEIadj":0,"audienceSEI":0.11395109257880047,"audienceSEIadj":0,"audienceSEIrank":146,"audienceScore":0.021732892074827703,"combinedScore":0.0010866446037413851,"combinedScoreRank":147,"engagementSEI":0,"engagementSEIadj":0,"engagementSEIrank":152,"engagementScore":0,"voiceSEI":0,"voiceSEIadj":0,"voiceSEIrank":136,"voiceScore":0},"scoped":{"SEI":0.14524786864540573,"SEIrank":132,"SEIadj":0,"audienceSEI":1.4524786864540573,"audienceSEIadj":0,"audienceSEIrank":131,"audienceScore":0.08908839749929373,"combinedScore":0.004454419874964687,"combinedScoreRank":132,"engagementSEI":0,"engagementSEIadj":0,"engagementSEIrank":136,"engagementScore":0,"voiceSEI":0,"voiceSEIadj":0,"voiceSEIrank":121,"voiceScore":0}},"twitter":{"entityString":"536575feb08f37d80186a0f7","type":"twitter","profiles":1,"postsMade":0,"repliesMade":0,"repliesRcvd":0,"sharesMade":0,"sharesRcvd":0,"mentionsRcvd":0,"likesRcvd":0,"reachRcvd":0,"audience":2982,"voice":0,"conversation":0,"engagement":0,"group_scoped":{"audienceScore":0.5207924008320104,"voiceScore":0,"engagementScore":0,"combinedScore":0.5207924008320104,"combinedScoreRank":196,"SEIrank":142,"engagementSEIrank":141,"voiceSEIrank":137,"audienceSEIrank":129,"engagementSEI":0,"engagementSEIadj":0,"voiceSEI":0,"voiceSEIadj":0,"audienceSEI":3.109553901019834,"audienceSEIadj":3.109553901019834,"SEI":0.3109553901019834,"SEIadj":0.3109553901019834},"non_scoped":{"SEI":0.05266904166011689,"SEIrank":178,"SEIadj":0,"audienceSEI":0.5266904166011689,"audienceSEIadj":0,"audienceSEIrank":175,"audienceScore":0.08550204207090419,"combinedScore":0.004275102103545209,"combinedScoreRank":178,"engagementSEI":0,"engagementSEIadj":0,"engagementSEIrank":141,"engagementScore":0,"voiceSEI":0,"voiceSEIadj":0,"voiceSEIrank":137,"voiceScore":0},"scoped":{"SEI":0.25586024642207505,"SEIrank":161,"SEIadj":0,"audienceSEI":2.5586024642207503,"audienceSEIadj":0,"audienceSEIrank":158,"audienceScore":0.1354374739412305,"combinedScore":0.006771873697061526,"combinedScoreRank":161,"engagementSEI":0,"engagementSEIadj":0,"engagementSEIrank":125,"engagementScore":0,"voiceSEI":0,"voiceSEIadj":0,"voiceSEIrank":122,"voiceScore":0}},"instagram":{"entityString":"536575feb08f37d80186a0f7","type":"instagram","profiles":0,"postsMade":0,"repliesMade":0,"repliesRcvd":0,"sharesMade":0,"sharesRcvd":0,"mentionsRcvd":0,"likesRcvd":0,"reachRcvd":0,"audience":0,"voice":0,"conversation":0,"engagement":0,"group_scoped":{"audienceScore":0,"voiceScore":0,"engagementScore":0,"combinedScore":0,"combinedScoreRank":153,"SEIrank":134,"engagementSEIrank":133,"voiceSEIrank":132,"audienceSEIrank":134,"engagementSEI":0,"engagementSEIadj":0,"voiceSEI":0,"voiceSEIadj":0,"audienceSEI":0,"audienceSEIadj":0,"SEI":0,"SEIadj":0},"non_scoped":{"SEI":0,"SEIrank":134,"SEIadj":0,"audienceSEI":0,"audienceSEIadj":0,"audienceSEIrank":134,"audienceScore":0,"combinedScore":0,"combinedScoreRank":134,"engagementSEI":0,"engagementSEIadj":0,"engagementSEIrank":133,"engagementScore":0,"voiceSEI":0,"voiceSEIadj":0,"voiceSEIrank":132,"voiceScore":0},"scoped":{"SEI":0,"SEIrank":120,"SEIadj":0,"audienceSEI":0,"audienceSEIadj":0,"audienceSEIrank":120,"audienceScore":0,"combinedScore":0,"combinedScoreRank":120,"engagementSEI":0,"engagementSEIadj":0,"engagementSEIrank":119,"engagementScore":0,"voiceSEI":0,"voiceSEIadj":0,"voiceSEIrank":119,"voiceScore":0}}},"today":{"boundaryQuantum":4995546,"combined":{"entityString":"536575feb08f37d80186a0f7","type":"combined","profiles":2,"postsMade":3,"repliesMade":0,"repliesRcvd":0,"sharesMade":0,"sharesRcvd":2,"mentionsRcvd":0,"likesRcvd":14,"reachRcvd":0,"audience":5098,"voice":3,"conversation":3,"engagement":16,"group_scoped":{"audienceScore":0.17195837244672343,"voiceScore":1.1904761904761905,"engagementScore":0.0154731395967313,"combinedScore":0.08204755378320387,"combinedScoreRank":199,"SEIrank":108,"engagementSEIrank":141,"voiceSEIrank":79,"audienceSEIrank":202,"engagementSEI":0.016259832117233388,"engagementSEIadj":0.016259832117233388,"voiceSEI":2.3622047244094486,"voiceSEIadj":2.3622047244094486,"audienceSEI":0.2649960858757814,"audienceSEIadj":0.2649960858757814,"SEI":0.7449169251807528,"SEIadj":0.7449169251807528},"non_scoped":{"SEI":0.6462230925599686,"SEIrank":92,"SEIadj":0,"audienceSEI":0.20028837125245055,"audienceSEIadj":0,"audienceSEIrank":164,"audienceScore":0.036906919272738224,"combinedScore":0.017670896534473114,"combinedScoreRank":114,"engagementSEI":0.016259832117233388,"engagementSEIadj":0,"engagementSEIrank":102,"engagementScore":0.005953333308527778,"voiceSEI":2.054794520547945,"voiceSEIadj":0,"voiceSEIrank":84,"voiceScore":0.20935101186322402},"scoped":{"SEI":4.101408446180483,"SEIrank":97,"SEIadj":0,"audienceSEI":2.6147880677854825,"audienceSEIadj":0,"audienceSEIrank":149,"audienceScore":0.10595728080113513,"combinedScore":0.08941098538370038,"combinedScoreRank":100,"engagementSEI":0.8443271767810026,"engagementSEIadj":0,"engagementSEIrank":92,"engagementScore":0.06618133686300463,"voiceSEI":11.11111111111111,"voiceSEIadj":0,"voiceSEIrank":73,"voiceScore":0.4909983633387889}},"facebook":{"entityString":"536575feb08f37d80186a0f7","type":"facebook","profiles":1,"postsMade":1,"repliesMade":0,"repliesRcvd":0,"sharesMade":0,"sharesRcvd":0,"mentionsRcvd":0,"likesRcvd":12,"reachRcvd":0,"audience":2116,"voice":1,"conversation":1,"engagement":12,"group_scoped":{"audienceScore":0.10130106763473976,"voiceScore":1.3157894736842104,"engagementScore":0.013787398317937405,"combinedScore":0.08326318555209118,"combinedScoreRank":148,"SEIrank":81,"engagementSEIrank":82,"voiceSEIrank":74,"audienceSEIrank":151,"engagementSEI":0.014106693626125596,"engagementSEIadj":0.014106693626125596,"voiceSEI":1.5151515151515151,"voiceSEIadj":1.5151515151515151,"audienceSEI":0.12028912594260117,"audienceSEIadj":0.12028912594260117,"SEI":0.47503838331539006,"SEIadj":0.47503838331539006},"non_scoped":{"SEI":0.47440457997901,"SEIrank":72,"SEIadj":0,"audienceSEI":0.11395109257880047,"audienceSEIadj":0,"audienceSEIrank":146,"audienceScore":0.021732892074827703,"combinedScore":0.01565192859144534,"combinedScoreRank":82,"engagementSEI":0.014106693626125596,"engagementSEIadj":0,"engagementSEIrank":69,"engagementScore":0.005204290069780856,"voiceSEI":1.5151515151515151,"voiceSEIadj":0,"voiceSEIrank":60,"voiceScore":0.1976284584980237},"scoped":{"SEI":3.061432839743671,"SEIrank":67,"SEIadj":0,"audienceSEI":1.4524786864540573,"audienceSEIadj":0,"audienceSEIrank":131,"audienceScore":0.08908839749929373,"combinedScore":0.0948843848177901,"combinedScoreRank":69,"engagementSEI":0.6936416184971098,"engagementSEIadj":0,"engagementSEIrank":59,"engagementScore":0.06680770515532791,"voiceSEI":8.333333333333332,"voiceSEIadj":0,"voiceSEIrank":50,"voiceScore":0.6060606060606061}},"twitter":{"entityString":"536575feb08f37d80186a0f7","type":"twitter","profiles":1,"postsMade":2,"repliesMade":0,"repliesRcvd":0,"sharesMade":0,"sharesRcvd":2,"mentionsRcvd":0,"likesRcvd":2,"reachRcvd":0,"audience":2982,"voice":2,"conversation":2,"engagement":4,"group_scoped":{"audienceScore":0.5207924008320104,"voiceScore":1.36986301369863,"engagementScore":0.32786885245901637,"combinedScore":0.38961473793964674,"combinedScoreRank":185,"SEIrank":96,"engagementSEIrank":109,"voiceSEIrank":60,"audienceSEIrank":129,"engagementSEI":1.1204481792717087,"engagementSEIadj":1.1204481792717087,"voiceSEI":5,"voiceSEIadj":5,"audienceSEI":3.109553901019834,"audienceSEIadj":3.109553901019834,"SEI":2.4832242976650085,"SEIadj":2.4832242976650085},"non_scoped":{"SEI":0.843387782621967,"SEIrank":100,"SEIadj":0,"audienceSEI":0.5266904166011689,"audienceSEIadj":0,"audienceSEIrank":175,"audienceScore":0.08550204207090419,"combinedScore":0.05743453192256079,"combinedScoreRank":118,"engagementSEI":0.19426906265177268,"engagementSEIadj":0,"engagementSEIrank":114,"engagementScore":0.046468401486988845,"voiceSEI":2.247191011235955,"voiceSEIadj":0,"voiceSEIrank":77,"voiceScore":0.22675736961451248},"scoped":{"SEI":3.7156197283832215,"SEIrank":92,"SEIadj":0,"audienceSEI":2.5586024642207503,"audienceSEIadj":0,"audienceSEIrank":158,"audienceScore":0.1354374739412305,"combinedScore":0.11867594040492264,"combinedScoreRank":107,"engagementSEI":1.4184397163120568,"engagementSEIadj":0,"engagementSEIrank":103,"engagementScore":0.09891196834817012,"voiceSEI":8.695652173913043,"voiceSEIadj":0,"voiceSEIrank":66,"voiceScore":0.4576659038901602}},"instagram":{"entityString":"536575feb08f37d80186a0f7","type":"instagram","profiles":0,"postsMade":0,"repliesMade":0,"repliesRcvd":0,"sharesMade":0,"sharesRcvd":0,"mentionsRcvd":0,"likesRcvd":0,"reachRcvd":0,"audience":0,"voice":0,"conversation":0,"engagement":0,"group_scoped":{"audienceScore":0,"voiceScore":0,"engagementScore":0,"combinedScore":0,"combinedScoreRank":153,"SEIrank":134,"engagementSEIrank":133,"voiceSEIrank":133,"audienceSEIrank":134,"engagementSEI":0,"engagementSEIadj":0,"voiceSEI":0,"voiceSEIadj":0,"audienceSEI":0,"audienceSEIadj":0,"SEI":0,"SEIadj":0},"non_scoped":{"SEI":0,"SEIrank":134,"SEIadj":0,"audienceSEI":0,"audienceSEIadj":0,"audienceSEIrank":134,"audienceScore":0,"combinedScore":0,"combinedScoreRank":134,"engagementSEI":0,"engagementSEIadj":0,"engagementSEIrank":133,"engagementScore":0,"voiceSEI":0,"voiceSEIadj":0,"voiceSEIrank":133,"voiceScore":0},"scoped":{"SEI":0,"SEIrank":120,"SEIadj":0,"audienceSEI":0,"audienceSEIadj":0,"audienceSEIrank":120,"audienceScore":0,"combinedScore":0,"combinedScoreRank":120,"engagementSEI":0,"engagementSEIadj":0,"engagementSEIrank":119,"engagementScore":0,"voiceSEI":0,"voiceSEIadj":0,"voiceSEIrank":119,"voiceScore":0}}},"week":{"boundaryQuantum":4993818,"combined":{"entityString":"536575feb08f37d80186a0f7","type":"combined","profiles":2,"postsMade":15,"repliesMade":0,"repliesRcvd":35,"sharesMade":0,"sharesRcvd":12,"mentionsRcvd":0,"likesRcvd":269,"reachRcvd":0,"audience":5098,"voice":15,"conversation":50,"engagement":316,"group_scoped":{"audienceScore":0.17195837244672343,"voiceScore":1.0482180293501049,"engagementScore":0.036427520761381296,"combinedScore":0.09379358877508459,"combinedScoreRank":171,"SEIrank":111,"engagementSEIrank":147,"voiceSEIrank":90,"audienceSEIrank":202,"engagementSEI":0.039840989065161446,"engagementSEIadj":0.039840989065161446,"voiceSEI":2.4311183144246353,"voiceSEIadj":2.4311183144246353,"audienceSEI":0.2649960858757814,"audienceSEIadj":0.2649960858757814,"SEI":0.7797396963540656,"SEIadj":0.7797396963540656},"non_scoped":{"SEI":0.5828555862529646,"SEIrank":98,"SEIadj":0,"audienceSEI":0.20028837125245055,"audienceSEIadj":0,"audienceSEIrank":164,"audienceScore":0.036906919272738224,"combinedScore":0.025882245592411285,"combinedScoreRank":108,"engagementSEI":0.039840989065161446,"engagementSEIadj":0,"engagementSEIrank":92,"engagementScore":0.016709665854273734,"voiceSEI":1.7964071856287425,"voiceSEIadj":0,"voiceSEIrank":93,"voiceScore":0.1799640071985603},"scoped":{"SEI":2.875459361326935,"SEIrank":100,"SEIadj":0,"audienceSEI":2.6147880677854825,"audienceSEIadj":0,"audienceSEIrank":149,"audienceScore":0.10595728080113513,"combinedScore":0.16680376773615174,"combinedScoreRank":84,"engagementSEI":1.0815250872749675,"engagementSEIadj":0,"engagementSEIrank":83,"engagementScore":0.15828967009627617,"voiceSEI":6.550218340611353,"voiceSEIadj":0,"voiceSEIrank":82,"voiceScore":0.3809040121889284}},"facebook":{"entityString":"536575feb08f37d80186a0f7","type":"facebook","profiles":1,"postsMade":6,"repliesMade":0,"repliesRcvd":35,"sharesMade":0,"sharesRcvd":2,"mentionsRcvd":0,"likesRcvd":244,"reachRcvd":0,"audience":2116,"voice":6,"conversation":41,"engagement":281,"group_scoped":{"audienceScore":0.10130106763473976,"voiceScore":1.3824884792626728,"engagementScore":0.03822260792445798,"combinedScore":0.10858982447688281,"combinedScoreRank":121,"SEIrank":92,"engagementSEIrank":98,"voiceSEIrank":62,"audienceSEIrank":151,"engagementSEI":0.039013689501013527,"engagementSEIadj":0.039013689501013527,"voiceSEI":1.7699115044247788,"voiceSEIadj":1.7699115044247788,"audienceSEI":0.12028912594260117,"audienceSEIadj":0.12028912594260117,"SEI":0.5664105776223018,"SEIadj":0.5664105776223018},"non_scoped":{"SEI":0.5657767742859218,"SEIrank":68,"SEIadj":0,"audienceSEI":0.11395109257880047,"audienceSEIadj":0,"audienceSEIrank":146,"audienceScore":0.021732892074827703,"combinedScore":0.027113357784476586,"combinedScoreRank":75,"engagementSEI":0.039013689501013527,"engagementSEIadj":0,"engagementSEIrank":70,"engagementScore":0.017514761328653587,"voiceSEI":1.7699115044247788,"voiceSEIadj":0,"voiceSEIrank":56,"voiceScore":0.20526855969893945},"scoped":{"SEI":4.1289239611903925,"SEIrank":64,"SEIadj":0,"audienceSEI":1.4524786864540573,"audienceSEIadj":0,"audienceSEIrank":131,"audienceScore":0.08908839749929373,"combinedScore":0.25861823747622936,"combinedScoreRank":62,"engagementSEI":2.889460154241645,"engagementSEIadj":0,"engagementSEIrank":60,"engagementScore":0.24972450321709147,"voiceSEI":7.5,"voiceSEIadj":0,"voiceSEIrank":48,"voiceScore":0.5882352941176471}},"twitter":{"entityString":"536575feb08f37d80186a0f7","type":"twitter","profiles":1,"postsMade":9,"repliesMade":0,"repliesRcvd":0,"sharesMade":0,"sharesRcvd":10,"mentionsRcvd":0,"likesRcvd":25,"reachRcvd":0,"audience":2982,"voice":9,"conversation":9,"engagement":35,"group_scoped":{"audienceScore":0.5207924008320104,"voiceScore":1.1464968152866242,"engagementScore":0.426725188978298,"combinedScore":0.4674171308863999,"combinedScoreRank":160,"SEIrank":102,"engagementSEIrank":104,"voiceSEIrank":63,"audienceSEIrank":129,"engagementSEI":2.413793103448276,"engagementSEIadj":2.413793103448276,"voiceSEI":5.921052631578947,"voiceSEIadj":5.921052631578947,"audienceSEI":3.109553901019834,"audienceSEIadj":3.109553901019834,"SEI":3.535547041644633,"SEIadj":3.535547041644633},"non_scoped":{"SEI":0.7823258746143401,"SEIrank":119,"SEIadj":0,"audienceSEI":0.5266904166011689,"audienceSEIadj":0,"audienceSEIrank":175,"audienceScore":0.08550204207090419,"combinedScore":0.06387415071877289,"combinedScoreRank":125,"engagementSEI":0.266727632982777,"engagementSEIadj":0,"engagementSEIrank":121,"engagementScore":0.05641339737597112,"voiceSEI":1.89873417721519,"voiceSEIadj":0,"voiceSEIrank":101,"voiceScore":0.17653981953707334},"scoped":{"SEI":2.768972134533963,"SEIrank":110,"SEIadj":0,"audienceSEI":2.5586024642207503,"audienceSEIadj":0,"audienceSEIrank":158,"audienceScore":0.1354374739412305,"combinedScore":0.11410918722243212,"combinedScoreRank":112,"engagementSEI":1.6317016317016315,"engagementSEIadj":0,"engagementSEIrank":110,"engagementScore":0.10160831446321779,"voiceSEI":5.113636363636364,"voiceSEIadj":0,"voiceSEIrank":90,"voiceScore":0.31779661016949157}},"instagram":{"entityString":"536575feb08f37d80186a0f7","type":"instagram","profiles":0,"postsMade":0,"repliesMade":0,"repliesRcvd":0,"sharesMade":0,"sharesRcvd":0,"mentionsRcvd":0,"likesRcvd":0,"reachRcvd":0,"audience":0,"voice":0,"conversation":0,"engagement":0,"group_scoped":{"audienceScore":0,"voiceScore":0,"engagementScore":0,"combinedScore":0,"combinedScoreRank":153,"SEIrank":134,"engagementSEIrank":133,"voiceSEIrank":133,"audienceSEIrank":134,"engagementSEI":0,"engagementSEIadj":0,"voiceSEI":0,"voiceSEIadj":0,"audienceSEI":0,"audienceSEIadj":0,"SEI":0,"SEIadj":0},"non_scoped":{"SEI":0,"SEIrank":134,"SEIadj":0,"audienceSEI":0,"audienceSEIadj":0,"audienceSEIrank":134,"audienceScore":0,"combinedScore":0,"combinedScoreRank":134,"engagementSEI":0,"engagementSEIadj":0,"engagementSEIrank":133,"engagementScore":0,"voiceSEI":0,"voiceSEIadj":0,"voiceSEIrank":133,"voiceScore":0},"scoped":{"SEI":0,"SEIrank":120,"SEIadj":0,"audienceSEI":0,"audienceSEIadj":0,"audienceSEIrank":120,"audienceScore":0,"combinedScore":0,"combinedScoreRank":120,"engagementSEI":0,"engagementSEIadj":0,"engagementSEIrank":119,"engagementScore":0,"voiceSEI":0,"voiceSEIadj":0,"voiceSEIrank":119,"voiceScore":0}}},"month":{"boundaryQuantum":4987194,"combined":{"entityString":"536575feb08f37d80186a0f7","type":"combined","profiles":2,"postsMade":69,"repliesMade":0,"repliesRcvd":59,"sharesMade":0,"sharesRcvd":58,"mentionsRcvd":0,"likesRcvd":519,"reachRcvd":0,"audience":5098,"voice":69,"conversation":128,"engagement":636,"group_scoped":{"audienceScore":0.17195837244672343,"voiceScore":1.0959339263024144,"engagementScore":0.016139485759441474,"combinedScore":0.07792015212095421,"combinedScoreRank":169,"SEIrank":110,"engagementSEIrank":182,"voiceSEIrank":84,"audienceSEIrank":202,"engagementSEI":0.017463507858578538,"engagementSEIadj":0.017463507858578538,"voiceSEI":2.6096822995461424,"voiceSEIadj":2.6096822995461424,"audienceSEI":0.2649960858757814,"audienceSEIadj":0.2649960858757814,"SEI":0.8198824031665679,"SEIadj":0.8198824031665679},"non_scoped":{"SEI":0.5933128145973252,"SEIrank":105,"SEIadj":0,"audienceSEI":0.20028837125245055,"audienceSEIadj":0,"audienceSEIrank":164,"audienceScore":0.036906919272738224,"combinedScore":0.017472450208745393,"combinedScoreRank":130,"engagementSEI":0.017463507858578538,"engagementSEIadj":0,"engagementSEIrank":122,"engagementScore":0.0073059025029608435,"voiceSEI":1.8760195758564437,"voiceSEIadj":0,"voiceSEIrank":88,"voiceScore":0.18103583984887445},"scoped":{"SEI":2.7283132075693715,"SEIrank":107,"SEIadj":0,"audienceSEI":2.6147880677854825,"audienceSEIadj":0,"audienceSEIrank":149,"audienceScore":0.10595728080113513,"combinedScore":0.09171192688479113,"combinedScoreRank":114,"engagementSEI":0.5251120817061189,"engagementSEIadj":0,"engagementSEIrank":111,"engagementScore":0.0748416675100083,"voiceSEI":7.172557172557173,"voiceSEIadj":0,"voiceSEIrank":77,"voiceScore":0.3811312417145382}},"facebook":{"entityString":"536575feb08f37d80186a0f7","type":"facebook","profiles":1,"postsMade":16,"repliesMade":0,"repliesRcvd":59,"sharesMade":0,"sharesRcvd":10,"mentionsRcvd":0,"likesRcvd":437,"reachRcvd":0,"audience":2116,"voice":16,"conversation":75,"engagement":506,"group_scoped":{"audienceScore":0.10130106763473976,"voiceScore":0.8238928939237898,"engagementScore":0.014715719063545152,"combinedScore":0.05950384523511712,"combinedScoreRank":132,"SEIrank":110,"engagementSEIrank":121,"voiceSEIrank":91,"audienceSEIrank":151,"engagementSEI":0.015080933348831526,"engagementSEIadj":0.015080933348831526,"voiceSEI":1.056105610561056,"voiceSEIadj":1.056105610561056,"audienceSEI":0.12028912594260117,"audienceSEIadj":0.12028912594260117,"SEI":0.33790915577187586,"SEIadj":0.33790915577187586},"non_scoped":{"SEI":0.3372753524354958,"SEIrank":92,"SEIadj":0,"audienceSEI":0.11395109257880047,"audienceSEIadj":0,"audienceSEIrank":146,"audienceScore":0.021732892074827703,"combinedScore":0.013142354091793556,"combinedScoreRank":100,"engagementSEI":0.015080933348831526,"engagementSEIadj":0,"engagementSEIrank":93,"engagementScore":0.0067043115082819444,"voiceSEI":1.056105610561056,"voiceSEIadj":0,"voiceSEIrank":78,"voiceScore":0.12043658261196839},"scoped":{"SEI":2.0939406604618074,"SEIrank":91,"SEIadj":0,"audienceSEI":1.4524786864540573,"audienceSEIadj":0,"audienceSEIrank":131,"audienceScore":0.08908839749929373,"combinedScore":0.1094980271020011,"combinedScoreRank":86,"engagementSEI":1.35656836461126,"engagementSEIadj":0,"engagementSEIrank":83,"engagementScore":0.09768924395089282,"voiceSEI":3.7825059101654848,"voiceSEIadj":0,"voiceSEIrank":68,"voiceScore":0.3424657534246575}},"twitter":{"entityString":"536575feb08f37d80186a0f7","type":"twitter","profiles":1,"postsMade":53,"repliesMade":0,"repliesRcvd":0,"sharesMade":0,"sharesRcvd":48,"mentionsRcvd":0,"likesRcvd":82,"reachRcvd":0,"audience":2982,"voice":53,"conversation":53,"engagement":130,"group_scoped":{"audienceScore":0.5207924008320104,"voiceScore":1.4825174825174825,"engagementScore":0.39601547506625645,"combinedScore":0.4565794217271054,"combinedScoreRank":146,"SEIrank":92,"engagementSEIrank":113,"voiceSEIrank":51,"audienceSEIrank":129,"engagementSEI":1.8364175731035457,"engagementSEIadj":1.8364175731035457,"voiceSEI":7.87518573551263,"voiceSEIadj":7.87518573551263,"audienceSEI":3.109553901019834,"audienceSEIadj":3.109553901019834,"SEI":3.7753616546178996,"SEIadj":3.7753616546178996},"non_scoped":{"SEI":0.9360982635453996,"SEIrank":109,"SEIadj":0,"audienceSEI":0.5266904166011689,"audienceSEIadj":0,"audienceSEIrank":175,"audienceScore":0.08550204207090419,"combinedScore":0.058454606131279965,"combinedScoreRank":137,"engagementSEI":0.20746556869504157,"engagementSEIadj":0,"engagementSEIrank":137,"engagementScore":0.04773988373502161,"voiceSEI":2.5298329355608593,"voiceSEIadj":0,"voiceSEIrank":82,"voiceScore":0.22427217332430602},"scoped":{"SEI":3.261358713946791,"SEIrank":105,"SEIadj":0,"audienceSEI":2.5586024642207503,"audienceSEIadj":0,"audienceSEIrank":158,"audienceScore":0.1354374739412305,"combinedScore":0.10933670485669988,"combinedScoreRank":124,"engagementSEI":1.1405509738550623,"engagementSEIadj":0,"engagementSEIrank":124,"engagementScore":0.09149967975112087,"voiceSEI":7.737226277372263,"voiceSEIadj":0,"voiceSEIrank":71,"voiceScore":0.4043023876725914}},"instagram":{"entityString":"536575feb08f37d80186a0f7","type":"instagram","profiles":0,"postsMade":0,"repliesMade":0,"repliesRcvd":0,"sharesMade":0,"sharesRcvd":0,"mentionsRcvd":0,"likesRcvd":0,"reachRcvd":0,"audience":0,"voice":0,"conversation":0,"engagement":0,"group_scoped":{"audienceScore":0,"voiceScore":0,"engagementScore":0,"combinedScore":0,"combinedScoreRank":153,"SEIrank":134,"engagementSEIrank":133,"voiceSEIrank":133,"audienceSEIrank":134,"engagementSEI":0,"engagementSEIadj":0,"voiceSEI":0,"voiceSEIadj":0,"audienceSEI":0,"audienceSEIadj":0,"SEI":0,"SEIadj":0},"non_scoped":{"SEI":0,"SEIrank":134,"SEIadj":0,"audienceSEI":0,"audienceSEIadj":0,"audienceSEIrank":134,"audienceScore":0,"combinedScore":0,"combinedScoreRank":134,"engagementSEI":0,"engagementSEIadj":0,"engagementSEIrank":133,"engagementScore":0,"voiceSEI":0,"voiceSEIadj":0,"voiceSEIrank":133,"voiceScore":0},"scoped":{"SEI":0,"SEIrank":120,"SEIadj":0,"audienceSEI":0,"audienceSEIadj":0,"audienceSEIrank":120,"audienceScore":0,"combinedScore":0,"combinedScoreRank":120,"engagementSEI":0,"engagementSEIadj":0,"engagementSEIrank":119,"engagementScore":0,"voiceSEI":0,"voiceSEIadj":0,"voiceSEIrank":119,"voiceScore":0}}},"quarter":{"boundaryQuantum":4969914,"combined":{"entityString":"536575feb08f37d80186a0f7","type":"combined","profiles":2,"postsMade":254,"repliesMade":0,"repliesRcvd":166,"sharesMade":0,"sharesRcvd":279,"mentionsRcvd":0,"likesRcvd":1643,"reachRcvd":0,"audience":5098,"voice":254,"conversation":420,"engagement":2088,"group_scoped":{"audienceScore":0.17195837244672343,"voiceScore":1.4276079136690647,"engagementScore":0.017006414871816592,"combinedScore":0.09528408769042435,"combinedScoreRank":151,"SEIrank":93,"engagementSEIrank":179,"voiceSEIrank":71,"audienceSEIrank":202,"engagementSEI":0.018332563769533333,"engagementSEIadj":0.018332563769533333,"voiceSEI":3.2833505687693902,"voiceSEIadj":3.2833505687693902,"audienceSEI":0.2649960858757814,"audienceSEIadj":0.2649960858757814,"SEI":1.0225043174801152,"SEIadj":1.0225043174801152},"non_scoped":{"SEI":0.742845283373887,"SEIrank":84,"SEIadj":0,"audienceSEI":0.20028837125245055,"audienceSEIadj":0,"audienceSEIrank":164,"audienceScore":0.036906919272738224,"combinedScore":0.02003172463608143,"combinedScoreRank":116,"engagementSEI":0.018332563769533333,"engagementSEIadj":0,"engagementSEIrank":118,"engagementScore":0.0075478627763844435,"voiceSEI":2.372723026623073,"voiceSEIadj":0,"voiceSEIrank":74,"voiceScore":0.22786604347397035},"scoped":{"SEI":3.3975709829877228,"SEIrank":93,"SEIadj":0,"audienceSEI":2.6147880677854825,"audienceSEIadj":0,"audienceSEIrank":149,"audienceScore":0.10595728080113513,"combinedScore":0.09863860023310994,"combinedScoreRank":109,"engagementSEI":0.5456555314261522,"engagementSEIadj":0,"engagementSEIrank":108,"engagementScore":0.07689389894049929,"voiceSEI":9.36232952451161,"voiceSEIadj":0,"voiceSEIrank":64,"voiceScore":0.48272454293207645}},"facebook":{"entityString":"536575feb08f37d80186a0f7","type":"facebook","profiles":1,"postsMade":51,"repliesMade":0,"repliesRcvd":166,"sharesMade":0,"sharesRcvd":22,"mentionsRcvd":0,"likesRcvd":1211,"reachRcvd":0,"audience":2116,"voice":51,"conversation":217,"engagement":1399,"group_scoped":{"audienceScore":0.10130106763473976,"voiceScore":0.8594539939332658,"engagementScore":0.012734957230023915,"combinedScore":0.0594992145854218,"combinedScoreRank":126,"SEIrank":108,"engagementSEIrank":122,"voiceSEIrank":93,"audienceSEIrank":151,"engagementSEI":0.013062660808917643,"engagementSEIadj":0.013062660808917643,"voiceSEI":1.1159737417943107,"voiceSEIadj":1.1159737417943107,"audienceSEI":0.12028912594260117,"audienceSEIadj":0.12028912594260117,"SEI":0.35465863161790395,"SEIadj":0.35465863161790395},"non_scoped":{"SEI":0.3540248282815239,"SEIrank":96,"SEIadj":0,"audienceSEI":0.11395109257880047,"audienceSEIadj":0,"audienceSEIrank":146,"audienceScore":0.021732892074827703,"combinedScore":0.01260712483938236,"combinedScoreRank":106,"engagementSEI":0.013062660808917643,"engagementSEIadj":0,"engagementSEIrank":100,"engagementScore":0.005707447268123634,"voiceSEI":1.1159737417943107,"voiceSEIadj":0,"voiceSEIrank":82,"voiceScore":0.12767555388659407},"scoped":{"SEI":2.507378659010537,"SEIrank":93,"SEIadj":0,"audienceSEI":1.4524786864540573,"audienceSEIadj":0,"audienceSEIrank":131,"audienceScore":0.08908839749929373,"combinedScore":0.09330605699833991,"combinedScoreRank":92,"engagementSEI":1.2125256762495773,"engagementSEIadj":0,"engagementSEIrank":90,"engagementScore":0.07891190689861541,"voiceSEI":5.448717948717949,"voiceSEIadj":0,"voiceSEIrank":73,"voiceScore":0.35661841829242713}},"twitter":{"entityString":"536575feb08f37d80186a0f7","type":"twitter","profiles":1,"postsMade":203,"repliesMade":0,"repliesRcvd":0,"sharesMade":0,"sharesRcvd":257,"mentionsRcvd":0,"likesRcvd":432,"reachRcvd":0,"audience":2982,"voice":203,"conversation":203,"engagement":689,"group_scoped":{"audienceScore":0.5207924008320104,"voiceScore":2.005334387039415,"engagementScore":0.7885009326970394,"combinedScore":0.8359571788209067,"combinedScoreRank":113,"SEIrank":73,"engagementSEIrank":85,"voiceSEIrank":40,"audienceSEIrank":129,"engagementSEI":3.310590044205266,"engagementSEIadj":3.310590044205266,"voiceSEI":9.23987255348202,"voiceSEIadj":9.23987255348202,"audienceSEI":3.109553901019834,"audienceSEIadj":3.109553901019834,"SEI":5.069271182669748,"SEIadj":5.069271182669748},"non_scoped":{"SEI":1.2923427866899613,"SEIrank":89,"SEIadj":0,"audienceSEI":0.5266904166011689,"audienceSEIadj":0,"audienceSEIrank":175,"audienceScore":0.08550204207090419,"combinedScore":0.09778059804436198,"combinedScoreRank":113,"engagementSEI":0.3727628816897141,"engagementSEIadj":0,"engagementSEIrank":112,"engagementScore":0.08747973301540989,"voiceSEI":3.38672005338672,"voiceSEIadj":0,"voiceSEIrank":68,"voiceScore":0.29547472453895757},"scoped":{"SEI":4.843514816975045,"SEIrank":88,"SEIadj":0,"audienceSEI":2.5586024642207503,"audienceSEIadj":0,"audienceSEIrank":158,"audienceScore":0.1354374739412305,"combinedScore":0.19016406816373377,"combinedScoreRank":102,"engagementSEI":2.2700316288877174,"engagementSEIadj":0,"engagementSEIrank":101,"engagementScore":0.17373587608017568,"voiceSEI":10.752118644067798,"voiceSEIadj":0,"voiceSEIrank":58,"voiceScore":0.5405981198902825}},"instagram":{"entityString":"536575feb08f37d80186a0f7","type":"instagram","profiles":0,"postsMade":0,"repliesMade":0,"repliesRcvd":0,"sharesMade":0,"sharesRcvd":0,"mentionsRcvd":0,"likesRcvd":0,"reachRcvd":0,"audience":0,"voice":0,"conversation":0,"engagement":0,"group_scoped":{"audienceScore":0,"voiceScore":0,"engagementScore":0,"combinedScore":0,"combinedScoreRank":153,"SEIrank":134,"engagementSEIrank":133,"voiceSEIrank":133,"audienceSEIrank":134,"engagementSEI":0,"engagementSEIadj":0,"voiceSEI":0,"voiceSEIadj":0,"audienceSEI":0,"audienceSEIadj":0,"SEI":0,"SEIadj":0},"non_scoped":{"SEI":0,"SEIrank":134,"SEIadj":0,"audienceSEI":0,"audienceSEIadj":0,"audienceSEIrank":134,"audienceScore":0,"combinedScore":0,"combinedScoreRank":134,"engagementSEI":0,"engagementSEIadj":0,"engagementSEIrank":133,"engagementScore":0,"voiceSEI":0,"voiceSEIadj":0,"voiceSEIrank":133,"voiceScore":0},"scoped":{"SEI":0,"SEIrank":120,"SEIadj":0,"audienceSEI":0,"audienceSEIadj":0,"audienceSEIrank":120,"audienceScore":0,"combinedScore":0,"combinedScoreRank":120,"engagementSEI":0,"engagementSEIadj":0,"engagementSEIrank":119,"engagementScore":0,"voiceSEI":0,"voiceSEIadj":0,"voiceSEIrank":119,"voiceScore":0}}},"blended":{"combined":{"non_scoped":{"SEI":0.66758739438043,"SEIadj":50.33379369719022,"SEIrank":91,"audienceSEI":0.20028837125245053,"audienceSEIadj":40.12017302275147,"audienceSEIrank":164,"engagementSEI":0.02455109638896355,"engagementSEIadj":50.01227554819448,"engagementSEIrank":111,"voiceSEI":2.109426331406023,"voiceSEIadj":51.05471316570301,"voiceSEIrank":82},"scoped":{"SEI":14.413562934535642,"SEIadj":65.76542517381425,"SEIrank":55,"compCharisma":0,"compInfluence":12,"compEva":2.4135629345356424,"audienceSEI":2.6147880677854825,"audienceSEIadj":41.56887284067129,"audienceSEIrank":149,"engagementSEI":0.7182684629905344,"engagementSEIadj":50.35913423149527,"engagementSEIrank":100,"voiceSEI":8.277669395878343,"voiceSEIadj":54.138834697939174,"voiceSEIrank":72}},"facebook":{"non_scoped":{"SEI":0.4210569782908133,"SEIadj":50.2105284891454,"SEIrank":85,"audienceSEI":0.11395109257880047,"audienceSEIadj":50.0569755462894,"audienceSEIrank":146,"engagementSEI":0.02120291193839389,"engagementSEIadj":50.010601455969194,"engagementSEIrank":88,"voiceSEI":1.3231337395663232,"voiceSEIadj":60.52925349582653,"voiceSEIrank":68},"scoped":{"SEI":2.959529258918841,"SEIadj":51.47976462945942,"SEIrank":86,"audienceSEI":1.4524786864540573,"audienceSEIadj":50.72623934322703,"audienceSEIrank":131,"engagementSEI":1.7112682200138267,"engagementSEIadj":50.85563411000691,"engagementSEIrank":82,"voiceSEI":5.958401527550464,"voiceSEIadj":62.38336061102019,"voiceSEIrank":59}},"twitter":{"non_scoped":{"SEI":1.063453284392191,"SEIadj":50.5317266421961,"SEIrank":99,"audienceSEI":0.5266904166011689,"audienceSEIadj":40.3160142499607,"audienceSEIrank":175,"engagementSEI":0.30723301917653506,"engagementSEIadj":50.15361650958827,"engagementSEIrank":124,"voiceSEI":2.754814770753843,"voiceSEIadj":51.37740738537692,"voiceSEIrank":75},"scoped":{"SEI":3.927433842358891,"SEIadj":51.96371692117945,"SEIrank":100,"audienceSEI":2.55860246422075,"audienceSEIadj":41.53516147853245,"audienceSEIrank":158,"engagementSEI":1.8665309358482103,"engagementSEIadj":50.9332654679241,"engagementSEIrank":113,"voiceSEI":8.5055167814263,"voiceSEIadj":54.25275839071315,"voiceSEIrank":63}},"instagram":{"non_scoped":{"SEI":0,"SEIadj":0,"SEIrank":134,"audienceSEI":0,"audienceSEIadj":0,"audienceSEIrank":134,"engagementSEI":0,"engagementSEIadj":0,"engagementSEIrank":133,"voiceSEI":0,"voiceSEIadj":0,"voiceSEIrank":133},"scoped":{"SEI":0,"SEIadj":0,"SEIrank":120,"audienceSEI":0,"audienceSEIadj":0,"audienceSEIrank":120,"engagementSEI":0,"engagementSEIadj":0,"engagementSEIrank":119,"voiceSEI":0,"voiceSEIadj":0,"voiceSEIrank":119}},"influence":{"instagram":{"scope":"individual","ratio":0,"calculated":false},"combined":{"ratio":2,"bottom":true,"scope":"individual","calculated":true},"facebook":{"ratio":2,"bottom":true,"scope":"individual","calculated":true},"twitter":{"ratio":1.45,"bottom":false,"scope":"individual","calculated":true}},"charisma":{"instagram":{"scope":"individual","ratio":0,"calculated":false},"combined":{"ratio":0.14,"bottom":false,"scope":"individual","calculated":true},"facebook":{"ratio":0.18,"bottom":false,"scope":"individual","calculated":true},"twitter":{"ratio":0.35,"bottom":false,"scope":"individual","calculated":true}}},"scope":"individual"}}