{"scoreEntityString":"591d1494ab33fb0001804f89.asset.536575feb08f37d80186a0a4","timeQuantum":4995834,"scoreEntityType":"asset","scoreProfileID":"591d1494ab33fb0001804f89","data":{"scoreEntityString":"591d1494ab33fb0001804f89.asset.536575feb08f37d80186a0a4","scoreProfileID":"591d1494ab33fb0001804f89","scoreEntityType":"asset","entityID":"asset.536575feb08f37d80186a0a4","object_version":"1.2","score_engine_version":"3.0.20","timestamp":4995834,"start_quantum":4969914,"end_quantum":4995833,"schedule_options":{"interval":15,"offset":"1"},"_15min":{"boundaryQuantum":4995831,"combined":{"entityString":"536575feb08f37d80186a0a4","type":"combined","profiles":2,"postsMade":0,"repliesMade":0,"repliesRcvd":0,"sharesMade":0,"sharesRcvd":0,"mentionsRcvd":0,"likesRcvd":0,"reachRcvd":0,"audience":194968,"voice":0,"conversation":0,"engagement":0,"group_scoped":{"audienceScore":8.483006836250226,"voiceScore":0,"engagementScore":0,"combinedScore":8.483006836250226,"engagementSEI":0,"engagementSEIadj":0,"voiceSEI":0,"voiceSEIadj":0,"audienceSEI":13.185585451545165,"audienceSEIadj":13.185585451545165,"SEI":1.3185585451545165,"SEIadj":1.3185585451545165,"combinedScoreRank":15,"SEIrank":15,"engagementSEIrank":197,"voiceSEIrank":195,"audienceSEIrank":13},"non_scoped":{"SEI":0.7659831927490738,"SEIrank":11,"SEIadj":0,"audienceSEI":7.659831927490737,"audienceSEIadj":0,"audienceSEIrank":7,"audienceScore":1.4114688577417078,"combinedScore":0.07057344288708539,"combinedScoreRank":13,"engagementSEI":0,"engagementSEIadj":0,"engagementSEIrank":197,"engagementScore":0,"voiceSEI":0,"voiceSEIadj":0,"voiceSEIrank":195,"voiceScore":0},"scoped":{"SEI":10,"SEIrank":6,"SEIadj":0,"audienceSEI":100,"audienceSEIadj":0,"audienceSEIrank":1,"audienceScore":4.05223207595836,"combinedScore":0.20261160379791798,"combinedScoreRank":8,"engagementSEI":0,"engagementSEIadj":0,"engagementSEIrank":176,"engagementScore":0,"voiceSEI":0,"voiceSEIadj":0,"voiceSEIrank":176,"voiceScore":0}},"facebook":{"entityString":"536575feb08f37d80186a0a4","type":"facebook","profiles":1,"postsMade":0,"repliesMade":0,"repliesRcvd":0,"sharesMade":0,"sharesRcvd":0,"mentionsRcvd":0,"likesRcvd":0,"reachRcvd":0,"audience":145682,"voice":0,"conversation":0,"engagement":0,"group_scoped":{"audienceScore":9.406770741522044,"voiceScore":0,"engagementScore":0,"combinedScore":9.406770741522044,"engagementSEI":0,"engagementSEIadj":0,"voiceSEI":0,"voiceSEIadj":0,"audienceSEI":13.26309790322478,"audienceSEIadj":13.26309790322478,"SEI":1.326309790322478,"SEIadj":1.326309790322478,"combinedScoreRank":13,"SEIrank":13,"engagementSEIrank":197,"voiceSEIrank":195,"audienceSEIrank":11},"non_scoped":{"SEI":0.7845285004283937,"SEIrank":11,"SEIadj":0,"audienceSEI":7.845285004283936,"audienceSEIadj":0,"audienceSEIrank":7,"audienceScore":1.4962623739343335,"combinedScore":0.07481311869671668,"combinedScoreRank":12,"engagementSEI":0,"engagementSEIadj":0,"engagementSEIrank":197,"engagementScore":0,"voiceSEI":0,"voiceSEIadj":0,"voiceSEIrank":195,"voiceScore":0},"scoped":{"SEI":10,"SEIrank":6,"SEIadj":0,"audienceSEI":100,"audienceSEIadj":0,"audienceSEIrank":1,"audienceScore":6.133542497397027,"combinedScore":0.3066771248698514,"combinedScoreRank":6,"engagementSEI":0,"engagementSEIadj":0,"engagementSEIrank":176,"engagementScore":0,"voiceSEI":0,"voiceSEIadj":0,"voiceSEIrank":176,"voiceScore":0}},"twitter":{"entityString":"536575feb08f37d80186a0a4","type":"twitter","profiles":1,"postsMade":0,"repliesMade":0,"repliesRcvd":0,"sharesMade":0,"sharesRcvd":0,"mentionsRcvd":0,"likesRcvd":0,"reachRcvd":0,"audience":49286,"voice":0,"conversation":0,"engagement":0,"group_scoped":{"audienceScore":7.725368979397344,"voiceScore":0,"engagementScore":0,"combinedScore":7.725368979397344,"engagementSEI":0,"engagementSEIadj":0,"voiceSEI":0,"voiceSEIadj":0,"audienceSEI":18.35078953149376,"audienceSEIadj":18.35078953149376,"SEI":1.835078953149376,"SEIadj":1.835078953149376,"combinedScoreRank":16,"SEIrank":23,"engagementSEIrank":195,"voiceSEIrank":195,"audienceSEIrank":22},"non_scoped":{"SEI":0.8705051600471232,"SEIrank":13,"SEIadj":0,"audienceSEI":8.705051600471231,"audienceSEIadj":0,"audienceSEIrank":12,"audienceScore":1.4131635296802763,"combinedScore":0.07065817648401382,"combinedScoreRank":13,"engagementSEI":0,"engagementSEIadj":0,"engagementSEIrank":195,"engagementScore":0,"voiceSEI":0,"voiceSEIadj":0,"voiceSEIrank":195,"voiceScore":0},"scoped":{"SEI":4.228815595291211,"SEIrank":8,"SEIadj":0,"audienceSEI":42.288155952912106,"audienceSEIadj":0,"audienceSEIrank":7,"audienceScore":2.2384880418066686,"combinedScore":0.3197840059723812,"combinedScoreRank":8,"engagementSEI":0,"engagementSEIadj":0,"engagementSEIrank":176,"engagementScore":0,"voiceSEI":0,"voiceSEIadj":0,"voiceSEIrank":176,"voiceScore":0}},"instagram":{"entityString":"536575feb08f37d80186a0a4","type":"instagram","profiles":0,"postsMade":0,"repliesMade":0,"repliesRcvd":0,"sharesMade":0,"sharesRcvd":0,"mentionsRcvd":0,"likesRcvd":0,"reachRcvd":0,"audience":0,"voice":0,"conversation":0,"engagement":0,"group_scoped":{"audienceScore":0,"voiceScore":0,"engagementScore":0,"combinedScore":0,"engagementSEI":0,"engagementSEIadj":0,"voiceSEI":0,"voiceSEIadj":0,"audienceSEI":0,"audienceSEIadj":0,"SEI":0,"SEIadj":0,"combinedScoreRank":215,"SEIrank":196,"engagementSEIrank":196,"voiceSEIrank":195,"audienceSEIrank":196},"non_scoped":{"SEI":0,"SEIrank":196,"SEIadj":0,"audienceSEI":0,"audienceSEIadj":0,"audienceSEIrank":196,"audienceScore":0,"combinedScore":0,"combinedScoreRank":196,"engagementSEI":0,"engagementSEIadj":0,"engagementSEIrank":196,"engagementScore":0,"voiceSEI":0,"voiceSEIadj":0,"voiceSEIrank":195,"voiceScore":0},"scoped":{"SEI":0,"SEIrank":176,"SEIadj":0,"audienceSEI":0,"audienceSEIadj":0,"audienceSEIrank":176,"audienceScore":0,"combinedScore":0,"combinedScoreRank":176,"engagementSEI":0,"engagementSEIadj":0,"engagementSEIrank":176,"engagementScore":0,"voiceSEI":0,"voiceSEIadj":0,"voiceSEIrank":176,"voiceScore":0}}},"hour":{"boundaryQuantum":4995822,"combined":{"entityString":"536575feb08f37d80186a0a4","type":"combined","profiles":2,"postsMade":0,"repliesMade":0,"repliesRcvd":0,"sharesMade":0,"sharesRcvd":0,"mentionsRcvd":0,"likesRcvd":1,"reachRcvd":0,"audience":194968,"voice":0,"conversation":0,"engagement":1,"group_scoped":{"audienceScore":8.483006836250226,"voiceScore":0,"engagementScore":0.0975609756097561,"combinedScore":1.2954818128441088,"combinedScoreRank":52,"SEIrank":33,"engagementSEIrank":53,"voiceSEIrank":200,"audienceSEIrank":13,"engagementSEI":0.10298661174047373,"engagementSEIadj":0.10298661174047373,"voiceSEI":0,"voiceSEIadj":0,"audienceSEI":13.185585451545165,"audienceSEIadj":13.185585451545165,"SEI":1.3803505121988007,"SEIadj":1.3803505121988007},"non_scoped":{"SEI":0.7859765283038889,"SEIrank":26,"SEIadj":0,"audienceSEI":7.659831927490737,"audienceSEIadj":0,"audienceSEIrank":7,"audienceScore":1.4114688577417078,"combinedScore":0.08085093517896617,"combinedScoreRank":40,"engagementSEI":0.03332222592469177,"engagementSEIadj":0,"engagementSEIrank":65,"engagementScore":0.011419435879867533,"voiceSEI":0,"voiceSEIadj":0,"voiceSEIrank":200,"voiceScore":0},"scoped":{"SEI":10.483870967741936,"SEIrank":20,"SEIadj":0,"audienceSEI":100,"audienceSEIadj":0,"audienceSEIrank":1,"audienceScore":4.05223207595836,"combinedScore":0.37977695812862666,"combinedScoreRank":49,"engagementSEI":0.8064516129032258,"engagementSEIadj":0,"engagementSEIrank":56,"engagementScore":0.19685039370078738,"voiceSEI":0,"voiceSEIadj":0,"voiceSEIrank":179,"voiceScore":0}},"facebook":{"entityString":"536575feb08f37d80186a0a4","type":"facebook","profiles":1,"postsMade":0,"repliesMade":0,"repliesRcvd":0,"sharesMade":0,"sharesRcvd":0,"mentionsRcvd":0,"likesRcvd":1,"reachRcvd":0,"audience":145682,"voice":0,"conversation":0,"engagement":1,"group_scoped":{"audienceScore":9.406770741522044,"voiceScore":0,"engagementScore":0.16611295681063123,"combinedScore":1.4862069260551187,"combinedScoreRank":36,"SEIrank":21,"engagementSEIrank":34,"voiceSEIrank":198,"audienceSEIrank":11,"engagementSEI":0.17482517482517482,"engagementSEIadj":0.17482517482517482,"voiceSEI":0,"voiceSEIadj":0,"audienceSEI":13.26309790322478,"audienceSEIadj":13.26309790322478,"SEI":1.4312048952175829,"SEIadj":1.4312048952175829},"non_scoped":{"SEI":0.8086248859705624,"SEIrank":19,"SEIadj":0,"audienceSEI":7.845285004283936,"audienceSEIadj":0,"audienceSEIrank":7,"audienceScore":1.4962623739343335,"combinedScore":0.08769049743473356,"combinedScoreRank":29,"engagementSEI":0.040160642570281124,"engagementSEIadj":0,"engagementSEIrank":42,"engagementScore":0.014308198597796537,"voiceSEI":0,"voiceSEIadj":0,"voiceSEIrank":198,"voiceScore":0},"scoped":{"SEI":10.491803278688524,"SEIrank":12,"SEIadj":0,"audienceSEI":100,"audienceSEIadj":0,"audienceSEIrank":1,"audienceScore":6.133542497397027,"combinedScore":0.5512423422611558,"combinedScoreRank":33,"engagementSEI":0.819672131147541,"engagementSEIadj":0,"engagementSEIrank":33,"engagementScore":0.2717391304347826,"voiceSEI":0,"voiceSEIadj":0,"voiceSEIrank":177,"voiceScore":0}},"twitter":{"entityString":"536575feb08f37d80186a0a4","type":"twitter","profiles":1,"postsMade":0,"repliesMade":0,"repliesRcvd":0,"sharesMade":0,"sharesRcvd":0,"mentionsRcvd":0,"likesRcvd":0,"reachRcvd":0,"audience":49286,"voice":0,"conversation":0,"engagement":0,"group_scoped":{"audienceScore":7.725368979397344,"voiceScore":0,"engagementScore":0,"combinedScore":7.725368979397344,"combinedScoreRank":28,"SEIrank":44,"engagementSEIrank":199,"voiceSEIrank":200,"audienceSEIrank":22,"engagementSEI":0,"engagementSEIadj":0,"voiceSEI":0,"voiceSEIadj":0,"audienceSEI":18.35078953149376,"audienceSEIadj":18.35078953149376,"SEI":1.835078953149376,"SEIadj":1.835078953149376},"non_scoped":{"SEI":0.8705051600471232,"SEIrank":43,"SEIadj":0,"audienceSEI":8.705051600471231,"audienceSEIadj":0,"audienceSEIrank":12,"audienceScore":1.4131635296802763,"combinedScore":0.07065817648401382,"combinedScoreRank":46,"engagementSEI":0,"engagementSEIadj":0,"engagementSEIrank":199,"engagementScore":0,"voiceSEI":0,"voiceSEIadj":0,"voiceSEIrank":200,"voiceScore":0},"scoped":{"SEI":4.228815595291211,"SEIrank":36,"SEIadj":0,"audienceSEI":42.288155952912106,"audienceSEIadj":0,"audienceSEIrank":7,"audienceScore":2.2384880418066686,"combinedScore":0.11192440209033344,"combinedScoreRank":37,"engagementSEI":0,"engagementSEIadj":0,"engagementSEIrank":178,"engagementScore":0,"voiceSEI":0,"voiceSEIadj":0,"voiceSEIrank":179,"voiceScore":0}},"instagram":{"entityString":"536575feb08f37d80186a0a4","type":"instagram","profiles":0,"postsMade":0,"repliesMade":0,"repliesRcvd":0,"sharesMade":0,"sharesRcvd":0,"mentionsRcvd":0,"likesRcvd":0,"reachRcvd":0,"audience":0,"voice":0,"conversation":0,"engagement":0,"group_scoped":{"audienceScore":0,"voiceScore":0,"engagementScore":0,"combinedScore":0,"combinedScoreRank":215,"SEIrank":196,"engagementSEIrank":196,"voiceSEIrank":195,"audienceSEIrank":196,"engagementSEI":0,"engagementSEIadj":0,"voiceSEI":0,"voiceSEIadj":0,"audienceSEI":0,"audienceSEIadj":0,"SEI":0,"SEIadj":0},"non_scoped":{"SEI":0,"SEIrank":196,"SEIadj":0,"audienceSEI":0,"audienceSEIadj":0,"audienceSEIrank":196,"audienceScore":0,"combinedScore":0,"combinedScoreRank":196,"engagementSEI":0,"engagementSEIadj":0,"engagementSEIrank":196,"engagementScore":0,"voiceSEI":0,"voiceSEIadj":0,"voiceSEIrank":195,"voiceScore":0},"scoped":{"SEI":0,"SEIrank":176,"SEIadj":0,"audienceSEI":0,"audienceSEIadj":0,"audienceSEIrank":176,"audienceScore":0,"combinedScore":0,"combinedScoreRank":176,"engagementSEI":0,"engagementSEIadj":0,"engagementSEIrank":176,"engagementScore":0,"voiceSEI":0,"voiceSEIadj":0,"voiceSEIrank":176,"voiceScore":0}}},"today":{"boundaryQuantum":4995546,"combined":{"entityString":"536575feb08f37d80186a0a4","type":"combined","profiles":2,"postsMade":10,"repliesMade":0,"repliesRcvd":13,"sharesMade":0,"sharesRcvd":20,"mentionsRcvd":0,"likesRcvd":151,"reachRcvd":0,"audience":194968,"voice":10,"conversation":23,"engagement":184,"group_scoped":{"audienceScore":8.483006836250226,"voiceScore":3.2679738562091507,"engagementScore":1.1136666263164265,"combinedScore":1.5898489983077528,"combinedScoreRank":26,"SEIrank":25,"engagementSEIrank":30,"voiceSEIrank":26,"audienceSEIrank":13,"engagementSEI":1.2608785033920373,"engagementSEIadj":1.2608785033920373,"voiceSEI":8.19672131147541,"voiceSEIadj":8.19672131147541,"audienceSEI":13.185585451545165,"audienceSEIadj":13.185585451545165,"SEI":4.534102040632361,"SEIadj":4.534102040632361},"non_scoped":{"SEI":2.9329705549059293,"SEIrank":21,"SEIadj":0,"audienceSEI":7.659831927490737,"audienceSEIadj":0,"audienceSEIrank":7,"audienceScore":1.4114688577417078,"combinedScore":0.16708227794088523,"combinedScoreRank":31,"engagementSEI":0.186988069348184,"engagementSEIadj":0,"engagementSEIrank":42,"engagementScore":0.06846333304806945,"voiceSEI":6.8493150684931505,"voiceSEIadj":0,"voiceSEIrank":23,"voiceScore":0.6978367062107467},"scoped":{"SEI":26.93696863090003,"SEIrank":15,"SEIadj":0,"audienceSEI":100,"audienceSEIadj":0,"audienceSEIrank":1,"audienceScore":4.05223207595836,"combinedScore":0.9694215008864808,"combinedScoreRank":28,"engagementSEI":9.70976253298153,"engagementSEIadj":0,"engagementSEIrank":33,"engagementScore":0.7610853739245532,"voiceSEI":37.03703703703704,"voiceSEIadj":0,"voiceSEIrank":15,"voiceScore":1.6366612111292964}},"facebook":{"entityString":"536575feb08f37d80186a0a4","type":"facebook","profiles":1,"postsMade":2,"repliesMade":0,"repliesRcvd":13,"sharesMade":0,"sharesRcvd":10,"mentionsRcvd":0,"likesRcvd":112,"reachRcvd":0,"audience":145682,"voice":2,"conversation":15,"engagement":135,"group_scoped":{"audienceScore":9.406770741522044,"voiceScore":2.9850746268656714,"engagementScore":1.240238860817639,"combinedScore":1.7358072431552607,"combinedScoreRank":31,"SEIrank":25,"engagementSEIrank":28,"voiceSEIrank":23,"audienceSEIrank":11,"engagementSEI":1.3636363636363635,"engagementSEIadj":1.3636363636363635,"voiceSEI":6.451612903225806,"voiceSEIadj":6.451612903225806,"audienceSEI":13.26309790322478,"audienceSEIadj":13.26309790322478,"SEI":4.079975479472038,"SEIadj":4.079975479472038},"non_scoped":{"SEI":1.7888395914956507,"SEIrank":23,"SEIadj":0,"audienceSEI":7.845285004283936,"audienceSEIadj":0,"audienceSEIrank":7,"audienceScore":1.4962623739343335,"combinedScore":0.1472694015030502,"combinedScoreRank":31,"engagementSEI":0.15870030329391296,"engagementSEIadj":0,"engagementSEIrank":39,"engagementScore":0.058548263285034624,"voiceSEI":3.0303030303030303,"voiceSEIadj":0,"voiceSEIrank":41,"voiceScore":0.3952569169960474},"scoped":{"SEI":19.68208092485549,"SEIrank":20,"SEIadj":0,"audienceSEI":100,"audienceSEIadj":0,"audienceSEIrank":1,"audienceScore":6.133542497397027,"combinedScore":1.043711200173607,"combinedScoreRank":28,"engagementSEI":7.803468208092486,"engagementSEIadj":0,"engagementSEIrank":30,"engagementScore":0.751586682997439,"voiceSEI":16.666666666666664,"voiceSEIadj":0,"voiceSEIrank":32,"voiceScore":1.2121212121212122}},"twitter":{"entityString":"536575feb08f37d80186a0a4","type":"twitter","profiles":1,"postsMade":8,"repliesMade":0,"repliesRcvd":0,"sharesMade":0,"sharesRcvd":10,"mentionsRcvd":0,"likesRcvd":39,"reachRcvd":0,"audience":49286,"voice":8,"conversation":8,"engagement":49,"group_scoped":{"audienceScore":7.725368979397344,"voiceScore":3.404255319148936,"engagementScore":2.353506243996158,"combinedScore":2.6746368345238563,"combinedScoreRank":57,"SEIrank":46,"engagementSEIrank":55,"voiceSEIrank":35,"audienceSEIrank":22,"engagementSEI":4.305799648506151,"engagementSEIadj":4.305799648506151,"voiceSEI":9.195402298850574,"voiceSEIadj":9.195402298850574,"audienceSEI":18.35078953149376,"audienceSEIadj":18.35078953149376,"SEI":7.17717943190824,"SEIadj":7.17717943190824},"non_scoped":{"SEI":4.995011984020799,"SEIrank":27,"SEIadj":0,"audienceSEI":8.705051600471231,"audienceSEIadj":0,"audienceSEIrank":12,"audienceScore":1.4131635296802763,"combinedScore":0.6283237768009684,"combinedScoreRank":32,"engagementSEI":2.3797960174842157,"engagementSEIadj":0,"engagementSEIrank":34,"engagementScore":0.5692379182156134,"voiceSEI":8.98876404494382,"voiceSEIadj":0,"voiceSEIrank":22,"voiceScore":0.9070294784580499},"scoped":{"SEI":25.08913011888048,"SEIrank":22,"SEIadj":0,"audienceSEI":42.288155952912106,"audienceSEIadj":0,"audienceSEIrank":7,"audienceScore":2.2384880418066686,"combinedScore":1.2939620339069413,"combinedScoreRank":25,"engagementSEI":17.375886524822697,"engagementSEIadj":0,"engagementSEIrank":25,"engagementScore":1.2116716122650841,"voiceSEI":34.78260869565217,"voiceSEIadj":0,"voiceSEIrank":14,"voiceScore":1.8306636155606408}},"instagram":{"entityString":"536575feb08f37d80186a0a4","type":"instagram","profiles":0,"postsMade":0,"repliesMade":0,"repliesRcvd":0,"sharesMade":0,"sharesRcvd":0,"mentionsRcvd":0,"likesRcvd":0,"reachRcvd":0,"audience":0,"voice":0,"conversation":0,"engagement":0,"group_scoped":{"audienceScore":0,"voiceScore":0,"engagementScore":0,"combinedScore":0,"combinedScoreRank":215,"SEIrank":196,"engagementSEIrank":196,"voiceSEIrank":196,"audienceSEIrank":196,"engagementSEI":0,"engagementSEIadj":0,"voiceSEI":0,"voiceSEIadj":0,"audienceSEI":0,"audienceSEIadj":0,"SEI":0,"SEIadj":0},"non_scoped":{"SEI":0,"SEIrank":196,"SEIadj":0,"audienceSEI":0,"audienceSEIadj":0,"audienceSEIrank":196,"audienceScore":0,"combinedScore":0,"combinedScoreRank":196,"engagementSEI":0,"engagementSEIadj":0,"engagementSEIrank":196,"engagementScore":0,"voiceSEI":0,"voiceSEIadj":0,"voiceSEIrank":196,"voiceScore":0},"scoped":{"SEI":0,"SEIrank":176,"SEIadj":0,"audienceSEI":0,"audienceSEIadj":0,"audienceSEIrank":176,"audienceScore":0,"combinedScore":0,"combinedScoreRank":176,"engagementSEI":0,"engagementSEIadj":0,"engagementSEIrank":176,"engagementScore":0,"voiceSEI":0,"voiceSEIadj":0,"voiceSEIrank":176,"voiceScore":0}}},"week":{"boundaryQuantum":4993818,"combined":{"entityString":"536575feb08f37d80186a0a4","type":"combined","profiles":2,"postsMade":38,"repliesMade":0,"repliesRcvd":160,"sharesMade":0,"sharesRcvd":165,"mentionsRcvd":0,"likesRcvd":1501,"reachRcvd":0,"audience":194968,"voice":38,"conversation":198,"engagement":1826,"group_scoped":{"audienceScore":8.483006836250226,"voiceScore":2.4157660521296886,"engagementScore":1.5015953422584782,"combinedScore":1.8963744524516262,"combinedScoreRank":22,"SEIrank":26,"engagementSEIrank":24,"voiceSEIrank":36,"audienceSEIrank":13,"engagementSEI":1.7851556389801344,"engagementSEIadj":1.7851556389801344,"voiceSEI":6.3439065108514185,"voiceSEIadj":6.3439065108514185,"audienceSEI":13.185585451545165,"audienceSEIadj":13.185585451545165,"SEI":4.292823881798022,"SEIadj":4.292823881798022},"non_scoped":{"SEI":2.269384893130054,"SEIrank":25,"SEIadj":0,"audienceSEI":7.659831927490737,"audienceSEIadj":0,"audienceSEIrank":7,"audienceScore":1.4114688577417078,"combinedScore":0.18026972197900892,"combinedScoreRank":27,"engagementSEI":0.23022039883855952,"engagementSEIadj":0,"engagementSEIrank":40,"engagementScore":0.09655648686678431,"voiceSEI":4.550898203592815,"voiceSEIadj":0,"voiceSEIrank":42,"voiceScore":0.4559088182363527},"scoped":{"SEI":18.727909247783785,"SEIrank":15,"SEIadj":0,"audienceSEI":100,"audienceSEIadj":0,"audienceSEIrank":1,"audienceScore":4.05223207595836,"combinedScore":1.074065913177989,"combinedScoreRank":24,"engagementSEI":6.249572181531932,"engagementSEIadj":0,"engagementSEIrank":31,"engagementScore":0.9146738531512668,"voiceSEI":16.593886462882097,"voiceSEIadj":0,"voiceSEIrank":33,"voiceScore":0.9649568308786186}},"facebook":{"entityString":"536575feb08f37d80186a0a4","type":"facebook","profiles":1,"postsMade":15,"repliesMade":0,"repliesRcvd":160,"sharesMade":0,"sharesRcvd":133,"mentionsRcvd":0,"likesRcvd":1348,"reachRcvd":0,"audience":145682,"voice":15,"conversation":175,"engagement":1641,"group_scoped":{"audienceScore":9.406770741522044,"voiceScore":3.4722222222222223,"engagementScore":1.941115934657377,"combinedScore":2.3909539893788527,"combinedScoreRank":15,"SEIrank":18,"engagementSEIrank":19,"voiceSEIrank":19,"audienceSEIrank":11,"engagementSEI":2.244071875940158,"engagementSEIadj":2.244071875940158,"voiceSEI":8.152173913043478,"voiceSEIadj":8.152173913043478,"audienceSEI":13.26309790322478,"audienceSEIadj":13.26309790322478,"SEI":5.118405089799617,"SEIadj":5.118405089799617},"non_scoped":{"SEI":2.248662764628465,"SEIrank":19,"SEIadj":0,"audienceSEI":7.845285004283936,"audienceSEIadj":0,"audienceSEIrank":7,"audienceScore":1.4962623739343335,"combinedScore":0.19252703031847374,"combinedScoreRank":21,"engagementSEI":0.22783439313581208,"engagementSEIadj":0,"engagementSEIrank":34,"engagementScore":0.10228371295487736,"voiceSEI":4.424778761061947,"voiceSEIadj":0,"voiceSEIrank":25,"voiceScore":0.5131713992473486},"scoped":{"SEI":25.749421593830334,"SEIrank":11,"SEIadj":0,"audienceSEI":100,"audienceSEIadj":0,"audienceSEIrank":1,"audienceScore":6.133542497397027,"combinedScore":1.6927265323688006,"combinedScoreRank":18,"engagementSEI":16.874035989717225,"engagementSEIadj":0,"engagementSEIrank":26,"engagementScore":1.458355550815826,"voiceSEI":18.75,"voiceSEIadj":0,"voiceSEIrank":17,"voiceScore":1.4705882352941175}},"twitter":{"entityString":"536575feb08f37d80186a0a4","type":"twitter","profiles":1,"postsMade":23,"repliesMade":0,"repliesRcvd":0,"sharesMade":0,"sharesRcvd":32,"mentionsRcvd":0,"likesRcvd":153,"reachRcvd":0,"audience":49286,"voice":23,"conversation":23,"engagement":185,"group_scoped":{"audienceScore":7.725368979397344,"voiceScore":2.062780269058296,"engagementScore":1.288839347916957,"combinedScore":1.6493628755480434,"combinedScoreRank":90,"SEIrank":75,"engagementSEIrank":99,"voiceSEIrank":64,"audienceSEIrank":22,"engagementSEI":2.867772438381646,"engagementSEIadj":2.867772438381646,"voiceSEI":5.912596401028278,"voiceSEIadj":5.912596401028278,"audienceSEI":18.35078953149376,"audienceSEIadj":18.35078953149376,"SEI":5.329521336486847,"SEIadj":5.329521336486847},"non_scoped":{"SEI":3.172108998609862,"SEIrank":45,"SEIadj":0,"audienceSEI":8.705051600471231,"audienceSEIadj":0,"audienceSEIrank":12,"audienceScore":1.4131635296802763,"combinedScore":0.3615826326880136,"combinedScoreRank":55,"engagementSEI":1.4098460600518214,"engagementSEIadj":0,"engagementSEIrank":63,"engagementScore":0.29818510041584734,"voiceSEI":4.852320675105485,"voiceSEIadj":0,"voiceSEIrank":48,"voiceScore":0.45115731659474306},"scoped":{"SEI":13.32409531557093,"SEIrank":35,"SEIadj":0,"audienceSEI":42.288155952912106,"audienceSEIadj":0,"audienceSEIrank":7,"audienceScore":2.2384880418066686,"combinedScore":0.6358970140981236,"combinedScoreRank":45,"engagementSEI":8.624708624708624,"engagementSEIadj":0,"engagementSEIrank":53,"engagementScore":0.5370725193055798,"voiceSEI":13.068181818181818,"voiceSEIadj":0,"voiceSEIrank":38,"voiceScore":0.8121468926553672}},"instagram":{"entityString":"536575feb08f37d80186a0a4","type":"instagram","profiles":0,"postsMade":0,"repliesMade":0,"repliesRcvd":0,"sharesMade":0,"sharesRcvd":0,"mentionsRcvd":0,"likesRcvd":0,"reachRcvd":0,"audience":0,"voice":0,"conversation":0,"engagement":0,"group_scoped":{"audienceScore":0,"voiceScore":0,"engagementScore":0,"combinedScore":0,"combinedScoreRank":215,"SEIrank":196,"engagementSEIrank":196,"voiceSEIrank":196,"audienceSEIrank":196,"engagementSEI":0,"engagementSEIadj":0,"voiceSEI":0,"voiceSEIadj":0,"audienceSEI":0,"audienceSEIadj":0,"SEI":0,"SEIadj":0},"non_scoped":{"SEI":0,"SEIrank":196,"SEIadj":0,"audienceSEI":0,"audienceSEIadj":0,"audienceSEIrank":196,"audienceScore":0,"combinedScore":0,"combinedScoreRank":196,"engagementSEI":0,"engagementSEIadj":0,"engagementSEIrank":196,"engagementScore":0,"voiceSEI":0,"voiceSEIadj":0,"voiceSEIrank":196,"voiceScore":0},"scoped":{"SEI":0,"SEIrank":176,"SEIadj":0,"audienceSEI":0,"audienceSEIadj":0,"audienceSEIrank":176,"audienceScore":0,"combinedScore":0,"combinedScoreRank":176,"engagementSEI":0,"engagementSEIadj":0,"engagementSEIrank":176,"engagementScore":0,"voiceSEI":0,"voiceSEIadj":0,"voiceSEIrank":176,"voiceScore":0}}},"month":{"boundaryQuantum":4987194,"combined":{"entityString":"536575feb08f37d80186a0a4","type":"combined","profiles":2,"postsMade":115,"repliesMade":0,"repliesRcvd":388,"sharesMade":0,"sharesRcvd":1184,"mentionsRcvd":0,"likesRcvd":5053,"reachRcvd":0,"audience":194968,"voice":115,"conversation":503,"engagement":6625,"group_scoped":{"audienceScore":8.483006836250226,"voiceScore":1.5009135995823546,"engagementScore":1.2313233799036873,"combinedScore":1.6073870637049477,"combinedScoreRank":23,"SEIrank":31,"engagementSEIrank":27,"voiceSEIrank":61,"audienceSEIrank":13,"engagementSEI":1.4314420292986474,"engagementSEIadj":1.4314420292986474,"voiceSEI":3.9751123401313517,"voiceSEIadj":3.9751123401313517,"audienceSEI":13.185585451545165,"audienceSEIadj":13.185585451545165,"SEI":3.36995746477311,"SEIadj":3.36995746477311},"non_scoped":{"SEI":1.8131399047934116,"SEIrank":35,"SEIadj":0,"audienceSEI":7.659831927490737,"audienceSEIadj":0,"audienceSEIrank":7,"audienceScore":1.4114688577417078,"combinedScore":0.1541525988397495,"combinedScoreRank":28,"engagementSEI":0.18191154019352643,"engagementSEIadj":0,"engagementSEIrank":40,"engagementScore":0.07610315107250878,"voiceSEI":3.126699293094073,"voiceSEIadj":0,"voiceSEIrank":57,"voiceScore":0.30172639974812404},"scoped":{"SEI":16.86822909694183,"SEIrank":16,"SEIadj":0,"audienceSEI":100,"audienceSEIadj":0,"audienceSEIrank":1,"audienceScore":4.05223207595836,"combinedScore":0.9360131735137908,"combinedScoreRank":27,"engagementSEI":5.469917517772071,"engagementSEIadj":0,"engagementSEIrank":31,"engagementScore":0.7796007032292532,"voiceSEI":11.954261954261955,"voiceSEIadj":0,"voiceSEIrank":47,"voiceScore":0.635218736190897}},"facebook":{"entityString":"536575feb08f37d80186a0a4","type":"facebook","profiles":1,"postsMade":55,"repliesMade":0,"repliesRcvd":388,"sharesMade":0,"sharesRcvd":1099,"mentionsRcvd":0,"likesRcvd":4679,"reachRcvd":0,"audience":145682,"voice":55,"conversation":443,"engagement":6166,"group_scoped":{"audienceScore":9.406770741522044,"voiceScore":2.706692913385827,"engagementScore":1.6341653459416194,"combinedScore":2.076421994092851,"combinedScoreRank":17,"SEIrank":19,"engagementSEIrank":20,"voiceSEIrank":21,"audienceSEIrank":11,"engagementSEI":1.8510846527490077,"engagementSEIadj":1.8510846527490077,"voiceSEI":6.690997566909976,"voiceSEIadj":6.690997566909976,"audienceSEI":13.26309790322478,"audienceSEIadj":13.26309790322478,"SEI":4.444259852044875,"SEIadj":4.444259852044875},"non_scoped":{"SEI":1.9839010892193587,"SEIrank":19,"SEIadj":0,"audienceSEI":7.845285004283936,"audienceSEIadj":0,"audienceSEIrank":7,"audienceScore":1.4962623739343335,"combinedScore":0.16904063910797054,"combinedScoreRank":23,"engagementSEI":0.18377279649979286,"engagementSEIadj":0,"engagementSEIrank":36,"engagementScore":0.08169720308313533,"voiceSEI":3.6303630363036308,"voiceSEIadj":0,"voiceSEIrank":32,"voiceScore":0.41400075272864134},"scoped":{"SEI":23.819207879375583,"SEIrank":16,"SEIadj":0,"audienceSEI":100,"audienceSEIadj":0,"audienceSEIrank":1,"audienceScore":6.133542497397027,"combinedScore":1.436915284700356,"combinedScoreRank":24,"engagementSEI":16.530831099195712,"engagementSEIadj":0,"engagementSEIrank":27,"engagementScore":1.190418731622935,"voiceSEI":13.002364066193852,"voiceSEIadj":0,"voiceSEIrank":24,"voiceScore":1.1772260273972603}},"twitter":{"entityString":"536575feb08f37d80186a0a4","type":"twitter","profiles":1,"postsMade":60,"repliesMade":0,"repliesRcvd":0,"sharesMade":0,"sharesRcvd":85,"mentionsRcvd":0,"likesRcvd":374,"reachRcvd":0,"audience":49286,"voice":60,"conversation":60,"engagement":459,"group_scoped":{"audienceScore":7.725368979397344,"voiceScore":1.0855798805862131,"engagementScore":0.7323026851098454,"combinedScore":1.0996198595980387,"combinedScoreRank":101,"SEIrank":97,"engagementSEIrank":123,"voiceSEIrank":99,"audienceSEIrank":22,"engagementSEI":1.4490465967925243,"engagementSEIadj":1.4490465967925243,"voiceSEI":3.048780487804878,"voiceSEIadj":3.048780487804878,"audienceSEI":18.35078953149376,"audienceSEIadj":18.35078953149376,"SEI":3.619141057566354,"SEIadj":3.619141057566354},"non_scoped":{"SEI":2.1692015320353635,"SEIrank":60,"SEIadj":0,"audienceSEI":8.705051600471231,"audienceSEIadj":0,"audienceSEIrank":12,"audienceScore":1.4131635296802763,"combinedScore":0.23505548911916085,"combinedScoreRank":70,"engagementSEI":0.7325130463924929,"engagementSEIadj":0,"engagementSEIrank":83,"engagementScore":0.16855851257211477,"voiceSEI":2.863961813842482,"voiceSEIadj":0,"voiceSEIrank":71,"voiceScore":0.2538930264048747},"scoped":{"SEI":9.272766192335384,"SEIrank":47,"SEIadj":0,"audienceSEI":42.288155952912106,"audienceSEIadj":0,"audienceSEIrank":7,"audienceScore":2.2384880418066686,"combinedScore":0.4255672714034359,"combinedScoreRank":60,"engagementSEI":4.027022284611335,"engagementSEIadj":0,"engagementSEIrank":73,"engagementScore":0.323064253890496,"voiceSEI":8.75912408759124,"voiceSEIadj":0,"voiceSEIrank":60,"voiceScore":0.45770081623312225}},"instagram":{"entityString":"536575feb08f37d80186a0a4","type":"instagram","profiles":0,"postsMade":0,"repliesMade":0,"repliesRcvd":0,"sharesMade":0,"sharesRcvd":0,"mentionsRcvd":0,"likesRcvd":0,"reachRcvd":0,"audience":0,"voice":0,"conversation":0,"engagement":0,"group_scoped":{"audienceScore":0,"voiceScore":0,"engagementScore":0,"combinedScore":0,"combinedScoreRank":215,"SEIrank":196,"engagementSEIrank":196,"voiceSEIrank":196,"audienceSEIrank":196,"engagementSEI":0,"engagementSEIadj":0,"voiceSEI":0,"voiceSEIadj":0,"audienceSEI":0,"audienceSEIadj":0,"SEI":0,"SEIadj":0},"non_scoped":{"SEI":0,"SEIrank":196,"SEIadj":0,"audienceSEI":0,"audienceSEIadj":0,"audienceSEIrank":196,"audienceScore":0,"combinedScore":0,"combinedScoreRank":196,"engagementSEI":0,"engagementSEIadj":0,"engagementSEIrank":196,"engagementScore":0,"voiceSEI":0,"voiceSEIadj":0,"voiceSEIrank":196,"voiceScore":0},"scoped":{"SEI":0,"SEIrank":176,"SEIadj":0,"audienceSEI":0,"audienceSEIadj":0,"audienceSEIrank":176,"audienceScore":0,"combinedScore":0,"combinedScoreRank":176,"engagementSEI":0,"engagementSEIadj":0,"engagementSEIrank":176,"engagementScore":0,"voiceSEI":0,"voiceSEIadj":0,"voiceSEIrank":176,"voiceScore":0}}},"quarter":{"boundaryQuantum":4969914,"combined":{"entityString":"536575feb08f37d80186a0a4","type":"combined","profiles":2,"postsMade":373,"repliesMade":0,"repliesRcvd":1015,"sharesMade":0,"sharesRcvd":2122,"mentionsRcvd":0,"likesRcvd":12338,"reachRcvd":0,"audience":194968,"voice":373,"conversation":1388,"engagement":15475,"group_scoped":{"audienceScore":8.483006836250226,"voiceScore":1.745029239766082,"engagementScore":0.8604493018823128,"combinedScore":1.285806175494897,"combinedScoreRank":28,"SEIrank":36,"engagementSEIrank":34,"voiceSEIrank":57,"audienceSEIrank":13,"engagementSEI":0.9719811897301001,"engagementSEIadj":0.9719811897301001,"voiceSEI":4.212785181838717,"voiceSEIadj":4.212785181838717,"audienceSEI":13.185585451545165,"audienceSEIadj":13.185585451545165,"SEI":3.1655828135441912,"SEIadj":3.1655828135441912},"non_scoped":{"SEI":1.8928110855720217,"SEIrank":38,"SEIadj":0,"audienceSEI":7.659831927490737,"audienceSEIadj":0,"audienceSEIrank":7,"audienceScore":1.4114688577417078,"combinedScore":0.13765074873664293,"combinedScoreRank":31,"engagementSEI":0.13586993502563618,"engagementSEIadj":0,"engagementSEIrank":51,"engagementScore":0.05594021861328988,"voiceSEI":3.4843531060252215,"voiceSEIadj":0,"voiceSEIrank":53,"voiceScore":0.33462218195193283},"scoped":{"SEI":16.551027671507967,"SEIrank":19,"SEIadj":0,"audienceSEI":100,"audienceSEIadj":0,"audienceSEIrank":1,"audienceScore":4.05223207595836,"combinedScore":0.7509579406735267,"combinedScoreRank":32,"engagementSEI":4.044070569358097,"engagementSEIadj":0,"engagementSEIrank":42,"engagementScore":0.5698913247625607,"voiceSEI":13.748617766310359,"voiceSEIadj":0,"voiceSEIrank":43,"voiceScore":0.7088828917860809}},"facebook":{"entityString":"536575feb08f37d80186a0a4","type":"facebook","profiles":1,"postsMade":156,"repliesMade":0,"repliesRcvd":1015,"sharesMade":0,"sharesRcvd":1936,"mentionsRcvd":0,"likesRcvd":11474,"reachRcvd":0,"audience":145682,"voice":156,"conversation":1171,"engagement":14425,"group_scoped":{"audienceScore":9.406770741522044,"voiceScore":2.548186867036916,"engagementScore":1.0923156258305953,"combinedScore":1.5808319436754839,"combinedScoreRank":22,"SEIrank":23,"engagementSEIrank":25,"voiceSEIrank":26,"audienceSEIrank":11,"engagementSEI":1.213812811131568,"engagementSEIadj":1.213812811131568,"voiceSEI":5.820895522388059,"voiceSEIadj":5.820895522388059,"audienceSEI":13.26309790322478,"audienceSEIadj":13.26309790322478,"SEI":3.8008661337178364,"SEIadj":3.8008661337178364},"non_scoped":{"SEI":1.8894114810673313,"SEIrank":21,"SEIadj":0,"audienceSEI":7.845285004283936,"audienceSEIadj":0,"audienceSEIrank":7,"audienceScore":1.4962623739343335,"combinedScore":0.14730418123719322,"combinedScoreRank":30,"engagementSEI":0.13468826459516584,"engagementSEIadj":0,"engagementSEIrank":43,"engagementScore":0.0588491256916965,"voiceSEI":3.413566739606127,"voiceSEIadj":0,"voiceSEIrank":36,"voiceScore":0.39053698835899364},"scoped":{"SEI":22.50136506643323,"SEIrank":21,"SEIadj":0,"audienceSEI":100,"audienceSEIadj":0,"audienceSEIrank":1,"audienceScore":6.133542497397027,"combinedScore":1.0935088520274237,"combinedScoreRank":29,"engagementSEI":12.502275110722055,"engagementSEIadj":0,"engagementSEIrank":34,"engagementScore":0.8136556519031646,"voiceSEI":16.666666666666664,"voiceSEIadj":0,"voiceSEIrank":28,"voiceScore":1.090832808894483}},"twitter":{"entityString":"536575feb08f37d80186a0a4","type":"twitter","profiles":1,"postsMade":217,"repliesMade":0,"repliesRcvd":0,"sharesMade":0,"sharesRcvd":186,"mentionsRcvd":0,"likesRcvd":864,"reachRcvd":0,"audience":49286,"voice":217,"conversation":217,"engagement":1050,"group_scoped":{"audienceScore":7.725368979397344,"voiceScore":1.4491785761987446,"engagementScore":0.6008102355176124,"combinedScore":0.9994565897456555,"combinedScoreRank":105,"SEIrank":93,"engagementSEIrank":134,"voiceSEIrank":85,"audienceSEIrank":22,"engagementSEI":1.0439554976684993,"engagementSEIadj":1.0439554976684993,"voiceSEI":3.6810856658184905,"voiceSEIadj":3.6810856658184905,"audienceSEI":18.35078953149376,"audienceSEIadj":18.35078953149376,"SEI":3.5657779514960226,"SEIadj":3.5657779514960226},"non_scoped":{"SEI":2.2974339391150957,"SEIrank":60,"SEIadj":0,"audienceSEI":8.705051600471231,"audienceSEIadj":0,"audienceSEIrank":12,"audienceScore":1.4131635296802763,"combinedScore":0.20643387916949943,"combinedScoreRank":81,"engagementSEI":0.5680711549698111,"engagementSEIadj":0,"engagementSEIrank":95,"engagementScore":0.13331454233117618,"voiceSEI":3.6202869536202873,"voiceSEIadj":0,"voiceSEIrank":65,"voiceScore":0.31585229174854085},"scoped":{"SEI":9.752554572087758,"SEIrank":46,"SEIadj":0,"audienceSEI":42.288155952912106,"audienceSEIadj":0,"audienceSEIrank":7,"audienceScore":2.2384880418066686,"combinedScore":0.37910639729147666,"combinedScoreRank":72,"engagementSEI":3.4594095940959413,"engagementSEIadj":0,"engagementSEIrank":85,"engagementScore":0.2647643975097017,"voiceSEI":11.49364406779661,"voiceSEIadj":0,"voiceSEIrank":55,"voiceScore":0.577880748848233}},"instagram":{"entityString":"536575feb08f37d80186a0a4","type":"instagram","profiles":0,"postsMade":0,"repliesMade":0,"repliesRcvd":0,"sharesMade":0,"sharesRcvd":0,"mentionsRcvd":0,"likesRcvd":0,"reachRcvd":0,"audience":0,"voice":0,"conversation":0,"engagement":0,"group_scoped":{"audienceScore":0,"voiceScore":0,"engagementScore":0,"combinedScore":0,"combinedScoreRank":215,"SEIrank":196,"engagementSEIrank":196,"voiceSEIrank":196,"audienceSEIrank":196,"engagementSEI":0,"engagementSEIadj":0,"voiceSEI":0,"voiceSEIadj":0,"audienceSEI":0,"audienceSEIadj":0,"SEI":0,"SEIadj":0},"non_scoped":{"SEI":0,"SEIrank":196,"SEIadj":0,"audienceSEI":0,"audienceSEIadj":0,"audienceSEIrank":196,"audienceScore":0,"combinedScore":0,"combinedScoreRank":196,"engagementSEI":0,"engagementSEIadj":0,"engagementSEIrank":196,"engagementScore":0,"voiceSEI":0,"voiceSEIadj":0,"voiceSEIrank":196,"voiceScore":0},"scoped":{"SEI":0,"SEIrank":176,"SEIadj":0,"audienceSEI":0,"audienceSEIadj":0,"audienceSEIrank":176,"audienceScore":0,"combinedScore":0,"combinedScoreRank":176,"engagementSEI":0,"engagementSEIadj":0,"engagementSEIrank":176,"engagementScore":0,"voiceSEI":0,"voiceSEIadj":0,"voiceSEIrank":176,"voiceScore":0}}},"blended":{"combined":{"non_scoped":{"SEI":2.045840524189335,"SEIadj":60.818336209675735,"SEIrank":29,"audienceSEI":7.659831927490738,"audienceSEIadj":72.29794957824723,"audienceSEIrank":7,"engagementSEI":0.17363722166082413,"engagementSEIadj":60.06945488866433,"engagementSEIrank":49,"voiceSEI":3.9189166614792237,"voiceSEIadj":61.56756666459169,"voiceSEIrank":44},"scoped":{"SEI":16.5059367486933,"SEIadj":66.60237469947732,"SEIrank":44,"compCharisma":3,"compInfluence":0,"compEva":13.5059367486933,"audienceSEI":98,"audienceSEIadj":98,"audienceSEIrank":1,"engagementSEI":5.202882693453515,"engagementSEIadj":62.08115307738141,"engagementSEIrank":40,"voiceSEI":15.497465967010953,"voiceSEIadj":66.19898638680438,"voiceSEIrank":33}},"facebook":{"non_scoped":{"SEI":2.0063317128798914,"SEIadj":70.60189951386397,"SEIrank":19,"audienceSEI":7.8452850042839355,"audienceSEIadj":72.35358550128518,"audienceSEIrank":7,"engagementSEI":0.1711953848779911,"engagementSEIadj":60.0684781539512,"engagementSEIrank":43,"voiceSEI":3.7302866050823433,"voiceSEIadj":61.49211464203294,"voiceSEIrank":33},"scoped":{"SEI":23.532494239514826,"SEIadj":77.05974827185445,"SEIrank":18,"audienceSEI":98,"audienceSEIadj":98,"audienceSEIrank":1,"engagementSEI":14.183146427560176,"engagementSEIadj":65.67325857102406,"engagementSEIrank":34,"voiceSEI":16.742021276595743,"voiceSEIadj":66.69680851063829,"voiceSEIrank":25}},"twitter":{"non_scoped":{"SEI":2.675480498146851,"SEIadj":61.07019219925874,"SEIrank":51,"audienceSEI":8.705051600471231,"audienceSEIadj":72.61151548014136,"audienceSEIrank":12,"engagementSEI":0.9358561533335368,"engagementSEIadj":50.467928076666766,"engagementSEIrank":76,"voiceSEI":4.144872153665353,"voiceSEIadj":61.65794886146614,"voiceSEIrank":52},"scoped":{"SEI":11.518877315509489,"SEIadj":64.6075509262038,"SEIrank":42,"audienceSEI":42.2881559529121,"audienceSEIadj":82.68644678587363,"audienceSEIrank":7,"engagementSEI":5.789965053393393,"engagementSEIadj":52.894982526696694,"engagementSEIrank":64,"voiceSEI":12.720275627274146,"voiceSEIadj":65.08811025090966,"voiceSEIrank":42}},"instagram":{"non_scoped":{"SEI":0,"SEIadj":0,"SEIrank":196,"audienceSEI":0,"audienceSEIadj":0,"audienceSEIrank":196,"engagementSEI":0,"engagementSEIadj":0,"engagementSEIrank":196,"voiceSEI":0,"voiceSEIadj":0,"voiceSEIrank":196},"scoped":{"SEI":0,"SEIadj":0,"SEIrank":176,"audienceSEI":0,"audienceSEIadj":0,"audienceSEIrank":176,"engagementSEI":0,"engagementSEIadj":0,"engagementSEIrank":176,"voiceSEI":0,"voiceSEIadj":0,"voiceSEIrank":176}},"influence":{"instagram":{"scope":"individual","ratio":0,"calculated":false},"combined":{"ratio":0.4,"bottom":false,"scope":"individual","calculated":true},"facebook":{"ratio":1.28,"bottom":false,"scope":"individual","calculated":true},"twitter":{"ratio":0.12,"bottom":false,"scope":"individual","calculated":true}},"charisma":{"instagram":{"scope":"individual","ratio":0,"calculated":false},"combined":{"ratio":0.72,"bottom":false,"scope":"individual","calculated":true},"facebook":{"ratio":0.69,"bottom":false,"scope":"individual","calculated":true},"twitter":{"ratio":0.51,"bottom":false,"scope":"individual","calculated":true}}},"scope":"individual"}}