{"scoreEntityString":"591d1494ab33fb0001804f89.asset.536575feb08f37d80186a0af","timeQuantum":4995834,"scoreEntityType":"asset","scoreProfileID":"591d1494ab33fb0001804f89","data":{"scoreEntityString":"591d1494ab33fb0001804f89.asset.536575feb08f37d80186a0af","scoreProfileID":"591d1494ab33fb0001804f89","scoreEntityType":"asset","entityID":"asset.536575feb08f37d80186a0af","object_version":"1.2","score_engine_version":"3.0.20","timestamp":4995834,"start_quantum":4969914,"end_quantum":4995833,"schedule_options":{"interval":15,"offset":"1"},"_15min":{"boundaryQuantum":4995831,"combined":{"entityString":"536575feb08f37d80186a0af","type":"combined","profiles":2,"postsMade":0,"repliesMade":0,"repliesRcvd":0,"sharesMade":0,"sharesRcvd":0,"mentionsRcvd":0,"likesRcvd":0,"reachRcvd":0,"audience":4551,"voice":0,"conversation":0,"engagement":0,"group_scoped":{"audienceScore":0.19801282319034294,"voiceScore":0,"engagementScore":0,"combinedScore":0.19801282319034294,"engagementSEI":0,"engagementSEIadj":0,"voiceSEI":0,"voiceSEIadj":0,"audienceSEI":0.3077817867033669,"audienceSEIadj":0.3077817867033669,"SEI":0.030778178670336692,"SEIadj":0.030778178670336692,"combinedScoreRank":188,"SEIrank":192,"engagementSEIrank":174,"voiceSEIrank":171,"audienceSEIrank":192},"non_scoped":{"SEI":0.017879803404666588,"SEIrank":174,"SEIadj":0,"audienceSEI":0.17879803404666586,"audienceSEIadj":0,"audienceSEIrank":174,"audienceScore":0.03294691832291716,"combinedScore":0.0016473459161458579,"combinedScoreRank":174,"engagementSEI":0,"engagementSEIadj":0,"engagementSEIrank":174,"engagementScore":0,"voiceSEI":0,"voiceSEIadj":0,"voiceSEIrank":171,"voiceScore":0},"scoped":{"SEI":0.23342292068442003,"SEIrank":158,"SEIadj":0,"audienceSEI":2.3342292068442,"audienceSEIadj":0,"audienceSEIrank":158,"audienceScore":0.09458838464612908,"combinedScore":0.004729419232306454,"combinedScoreRank":158,"engagementSEI":0,"engagementSEIadj":0,"engagementSEIrank":157,"engagementScore":0,"voiceSEI":0,"voiceSEIadj":0,"voiceSEIrank":156,"voiceScore":0}},"facebook":{"entityString":"536575feb08f37d80186a0af","type":"facebook","profiles":1,"postsMade":0,"repliesMade":0,"repliesRcvd":0,"sharesMade":0,"sharesRcvd":0,"mentionsRcvd":0,"likesRcvd":0,"reachRcvd":0,"audience":2322,"voice":0,"conversation":0,"engagement":0,"group_scoped":{"audienceScore":0.14993287888561518,"voiceScore":0,"engagementScore":0,"combinedScore":0.14993287888561518,"engagementSEI":0,"engagementSEIadj":0,"voiceSEI":0,"voiceSEIadj":0,"audienceSEI":0.21139820520920866,"audienceSEIadj":0.21139820520920866,"SEI":0.021139820520920866,"SEIadj":0.021139820520920866,"combinedScoreRank":142,"SEIrank":140,"engagementSEIrank":173,"voiceSEIrank":171,"audienceSEIrank":140},"non_scoped":{"SEI":0.012504462994705798,"SEIrank":140,"SEIadj":0,"audienceSEI":0.12504462994705798,"audienceSEIadj":0,"audienceSEIrank":140,"audienceScore":0.023848665121809984,"combinedScore":0.0011924332560904992,"combinedScoreRank":140,"engagementSEI":0,"engagementSEIadj":0,"engagementSEIrank":173,"engagementScore":0,"voiceSEI":0,"voiceSEIadj":0,"voiceSEIrank":171,"voiceScore":0},"scoped":{"SEI":0.15938825661372033,"SEIrank":125,"SEIadj":0,"audienceSEI":1.5938825661372031,"audienceSEIadj":0,"audienceSEIrank":125,"audienceScore":0.09776146455262762,"combinedScore":0.004888073227631381,"combinedScoreRank":125,"engagementSEI":0,"engagementSEIadj":0,"engagementSEIrank":156,"engagementScore":0,"voiceSEI":0,"voiceSEIadj":0,"voiceSEIrank":156,"voiceScore":0}},"twitter":{"entityString":"536575feb08f37d80186a0af","type":"twitter","profiles":1,"postsMade":0,"repliesMade":0,"repliesRcvd":0,"sharesMade":0,"sharesRcvd":0,"mentionsRcvd":0,"likesRcvd":0,"reachRcvd":0,"audience":2229,"voice":0,"conversation":0,"engagement":0,"group_scoped":{"audienceScore":0.3493861838062874,"voiceScore":0,"engagementScore":0,"combinedScore":0.3493861838062874,"engagementSEI":0,"engagementSEIadj":0,"voiceSEI":0,"voiceSEIadj":0,"audienceSEI":0.8299295918861258,"audienceSEIadj":0.8299295918861258,"SEI":0.08299295918861259,"SEIadj":0.08299295918861259,"combinedScoreRank":212,"SEIrank":214,"engagementSEIrank":172,"voiceSEIrank":171,"audienceSEIrank":214},"non_scoped":{"SEI":0.03936931383648577,"SEIrank":194,"SEIadj":0,"audienceSEI":0.3936931383648577,"audienceSEIadj":0,"audienceSEIrank":194,"audienceScore":0.06391148617573623,"combinedScore":0.0031955743087868117,"combinedScoreRank":194,"engagementSEI":0,"engagementSEIadj":0,"engagementSEIrank":172,"engagementScore":0,"voiceSEI":0,"voiceSEIadj":0,"voiceSEIrank":171,"voiceScore":0},"scoped":{"SEI":0.19125167313038408,"SEIrank":176,"SEIadj":0,"audienceSEI":1.9125167313038407,"audienceSEIadj":0,"audienceSEIrank":176,"audienceScore":0.10123746794601031,"combinedScore":0.014462495420858614,"combinedScoreRank":176,"engagementSEI":0,"engagementSEIadj":0,"engagementSEIrank":157,"engagementScore":0,"voiceSEI":0,"voiceSEIadj":0,"voiceSEIrank":156,"voiceScore":0}},"instagram":{"entityString":"536575feb08f37d80186a0af","type":"instagram","profiles":0,"postsMade":0,"repliesMade":0,"repliesRcvd":0,"sharesMade":0,"sharesRcvd":0,"mentionsRcvd":0,"likesRcvd":0,"reachRcvd":0,"audience":0,"voice":0,"conversation":0,"engagement":0,"group_scoped":{"audienceScore":0,"voiceScore":0,"engagementScore":0,"combinedScore":0,"engagementSEI":0,"engagementSEIadj":0,"voiceSEI":0,"voiceSEIadj":0,"audienceSEI":0,"audienceSEIadj":0,"SEI":0,"SEIadj":0,"combinedScoreRank":191,"SEIrank":172,"engagementSEIrank":172,"voiceSEIrank":171,"audienceSEIrank":172},"non_scoped":{"SEI":0,"SEIrank":172,"SEIadj":0,"audienceSEI":0,"audienceSEIadj":0,"audienceSEIrank":172,"audienceScore":0,"combinedScore":0,"combinedScoreRank":172,"engagementSEI":0,"engagementSEIadj":0,"engagementSEIrank":172,"engagementScore":0,"voiceSEI":0,"voiceSEIadj":0,"voiceSEIrank":171,"voiceScore":0},"scoped":{"SEI":0,"SEIrank":156,"SEIadj":0,"audienceSEI":0,"audienceSEIadj":0,"audienceSEIrank":156,"audienceScore":0,"combinedScore":0,"combinedScoreRank":156,"engagementSEI":0,"engagementSEIadj":0,"engagementSEIrank":156,"engagementScore":0,"voiceSEI":0,"voiceSEIadj":0,"voiceSEIrank":156,"voiceScore":0}}},"hour":{"boundaryQuantum":4995822,"combined":{"entityString":"536575feb08f37d80186a0af","type":"combined","profiles":2,"postsMade":0,"repliesMade":0,"repliesRcvd":0,"sharesMade":0,"sharesRcvd":0,"mentionsRcvd":0,"likesRcvd":0,"reachRcvd":0,"audience":4551,"voice":0,"conversation":0,"engagement":0,"group_scoped":{"audienceScore":0.19801282319034294,"voiceScore":0,"engagementScore":0,"combinedScore":0.19801282319034294,"combinedScoreRank":182,"SEIrank":194,"engagementSEIrank":185,"voiceSEIrank":177,"audienceSEIrank":192,"engagementSEI":0,"engagementSEIadj":0,"voiceSEI":0,"voiceSEIadj":0,"audienceSEI":0.3077817867033669,"audienceSEIadj":0.3077817867033669,"SEI":0.030778178670336692,"SEIadj":0.030778178670336692},"non_scoped":{"SEI":0.017879803404666588,"SEIrank":176,"SEIadj":0,"audienceSEI":0.17879803404666586,"audienceSEIadj":0,"audienceSEIrank":174,"audienceScore":0.03294691832291716,"combinedScore":0.0016473459161458579,"combinedScoreRank":176,"engagementSEI":0,"engagementSEIadj":0,"engagementSEIrank":185,"engagementScore":0,"voiceSEI":0,"voiceSEIadj":0,"voiceSEIrank":177,"voiceScore":0},"scoped":{"SEI":0.23342292068442003,"SEIrank":160,"SEIadj":0,"audienceSEI":2.3342292068442,"audienceSEIadj":0,"audienceSEIrank":158,"audienceScore":0.09458838464612908,"combinedScore":0.004729419232306454,"combinedScoreRank":160,"engagementSEI":0,"engagementSEIadj":0,"engagementSEIrank":167,"engagementScore":0,"voiceSEI":0,"voiceSEIadj":0,"voiceSEIrank":160,"voiceScore":0}},"facebook":{"entityString":"536575feb08f37d80186a0af","type":"facebook","profiles":1,"postsMade":0,"repliesMade":0,"repliesRcvd":0,"sharesMade":0,"sharesRcvd":0,"mentionsRcvd":0,"likesRcvd":0,"reachRcvd":0,"audience":2322,"voice":0,"conversation":0,"engagement":0,"group_scoped":{"audienceScore":0.14993287888561518,"voiceScore":0,"engagementScore":0,"combinedScore":0.14993287888561518,"combinedScoreRank":142,"SEIrank":141,"engagementSEIrank":181,"voiceSEIrank":175,"audienceSEIrank":140,"engagementSEI":0,"engagementSEIadj":0,"voiceSEI":0,"voiceSEIadj":0,"audienceSEI":0.21139820520920866,"audienceSEIadj":0.21139820520920866,"SEI":0.021139820520920866,"SEIadj":0.021139820520920866},"non_scoped":{"SEI":0.012504462994705798,"SEIrank":141,"SEIadj":0,"audienceSEI":0.12504462994705798,"audienceSEIadj":0,"audienceSEIrank":140,"audienceScore":0.023848665121809984,"combinedScore":0.0011924332560904992,"combinedScoreRank":141,"engagementSEI":0,"engagementSEIadj":0,"engagementSEIrank":181,"engagementScore":0,"voiceSEI":0,"voiceSEIadj":0,"voiceSEIrank":175,"voiceScore":0},"scoped":{"SEI":0.15938825661372033,"SEIrank":126,"SEIadj":0,"audienceSEI":1.5938825661372031,"audienceSEIadj":0,"audienceSEIrank":125,"audienceScore":0.09776146455262762,"combinedScore":0.004888073227631381,"combinedScoreRank":126,"engagementSEI":0,"engagementSEIadj":0,"engagementSEIrank":163,"engagementScore":0,"voiceSEI":0,"voiceSEIadj":0,"voiceSEIrank":158,"voiceScore":0}},"twitter":{"entityString":"536575feb08f37d80186a0af","type":"twitter","profiles":1,"postsMade":0,"repliesMade":0,"repliesRcvd":0,"sharesMade":0,"sharesRcvd":0,"mentionsRcvd":0,"likesRcvd":0,"reachRcvd":0,"audience":2229,"voice":0,"conversation":0,"engagement":0,"group_scoped":{"audienceScore":0.3493861838062874,"voiceScore":0,"engagementScore":0,"combinedScore":0.3493861838062874,"combinedScoreRank":213,"SEIrank":215,"engagementSEIrank":178,"voiceSEIrank":176,"audienceSEIrank":214,"engagementSEI":0,"engagementSEIadj":0,"voiceSEI":0,"voiceSEIadj":0,"audienceSEI":0.8299295918861258,"audienceSEIadj":0.8299295918861258,"SEI":0.08299295918861259,"SEIadj":0.08299295918861259},"non_scoped":{"SEI":0.03936931383648577,"SEIrank":194,"SEIadj":0,"audienceSEI":0.3936931383648577,"audienceSEIadj":0,"audienceSEIrank":194,"audienceScore":0.06391148617573623,"combinedScore":0.0031955743087868117,"combinedScoreRank":194,"engagementSEI":0,"engagementSEIadj":0,"engagementSEIrank":178,"engagementScore":0,"voiceSEI":0,"voiceSEIadj":0,"voiceSEIrank":176,"voiceScore":0},"scoped":{"SEI":0.19125167313038408,"SEIrank":176,"SEIadj":0,"audienceSEI":1.9125167313038407,"audienceSEIadj":0,"audienceSEIrank":176,"audienceScore":0.10123746794601031,"combinedScore":0.005061873397300516,"combinedScoreRank":176,"engagementSEI":0,"engagementSEIadj":0,"engagementSEIrank":160,"engagementScore":0,"voiceSEI":0,"voiceSEIadj":0,"voiceSEIrank":159,"voiceScore":0}},"instagram":{"entityString":"536575feb08f37d80186a0af","type":"instagram","profiles":0,"postsMade":0,"repliesMade":0,"repliesRcvd":0,"sharesMade":0,"sharesRcvd":0,"mentionsRcvd":0,"likesRcvd":0,"reachRcvd":0,"audience":0,"voice":0,"conversation":0,"engagement":0,"group_scoped":{"audienceScore":0,"voiceScore":0,"engagementScore":0,"combinedScore":0,"combinedScoreRank":191,"SEIrank":172,"engagementSEIrank":172,"voiceSEIrank":171,"audienceSEIrank":172,"engagementSEI":0,"engagementSEIadj":0,"voiceSEI":0,"voiceSEIadj":0,"audienceSEI":0,"audienceSEIadj":0,"SEI":0,"SEIadj":0},"non_scoped":{"SEI":0,"SEIrank":172,"SEIadj":0,"audienceSEI":0,"audienceSEIadj":0,"audienceSEIrank":172,"audienceScore":0,"combinedScore":0,"combinedScoreRank":172,"engagementSEI":0,"engagementSEIadj":0,"engagementSEIrank":172,"engagementScore":0,"voiceSEI":0,"voiceSEIadj":0,"voiceSEIrank":171,"voiceScore":0},"scoped":{"SEI":0,"SEIrank":156,"SEIadj":0,"audienceSEI":0,"audienceSEIadj":0,"audienceSEIrank":156,"audienceScore":0,"combinedScore":0,"combinedScoreRank":156,"engagementSEI":0,"engagementSEIadj":0,"engagementSEIrank":156,"engagementScore":0,"voiceSEI":0,"voiceSEIadj":0,"voiceSEIrank":156,"voiceScore":0}}},"today":{"boundaryQuantum":4995546,"combined":{"entityString":"536575feb08f37d80186a0af","type":"combined","profiles":2,"postsMade":0,"repliesMade":0,"repliesRcvd":0,"sharesMade":0,"sharesRcvd":0,"mentionsRcvd":0,"likesRcvd":0,"reachRcvd":0,"audience":4551,"voice":0,"conversation":0,"engagement":0,"group_scoped":{"audienceScore":0.19801282319034294,"voiceScore":0,"engagementScore":0,"combinedScore":0.19801282319034294,"combinedScoreRank":129,"SEIrank":208,"engagementSEIrank":213,"voiceSEIrank":204,"audienceSEIrank":192,"engagementSEI":0,"engagementSEIadj":0,"voiceSEI":0,"voiceSEIadj":0,"audienceSEI":0.3077817867033669,"audienceSEIadj":0.3077817867033669,"SEI":0.030778178670336692,"SEIadj":0.030778178670336692},"non_scoped":{"SEI":0.017879803404666588,"SEIrank":197,"SEIadj":0,"audienceSEI":0.17879803404666586,"audienceSEIadj":0,"audienceSEIrank":174,"audienceScore":0.03294691832291716,"combinedScore":0.0016473459161458579,"combinedScoreRank":197,"engagementSEI":0,"engagementSEIadj":0,"engagementSEIrank":213,"engagementScore":0,"voiceSEI":0,"voiceSEIadj":0,"voiceSEIrank":204,"voiceScore":0},"scoped":{"SEI":0.23342292068442003,"SEIrank":179,"SEIadj":0,"audienceSEI":2.3342292068442,"audienceSEIadj":0,"audienceSEIrank":158,"audienceScore":0.09458838464612908,"combinedScore":0.004729419232306454,"combinedScoreRank":182,"engagementSEI":0,"engagementSEIadj":0,"engagementSEIrank":195,"engagementScore":0,"voiceSEI":0,"voiceSEIadj":0,"voiceSEIrank":186,"voiceScore":0}},"facebook":{"entityString":"536575feb08f37d80186a0af","type":"facebook","profiles":1,"postsMade":0,"repliesMade":0,"repliesRcvd":0,"sharesMade":0,"sharesRcvd":0,"mentionsRcvd":0,"likesRcvd":0,"reachRcvd":0,"audience":2322,"voice":0,"conversation":0,"engagement":0,"group_scoped":{"audienceScore":0.14993287888561518,"voiceScore":0,"engagementScore":0,"combinedScore":0.14993287888561518,"combinedScoreRank":118,"SEIrank":145,"engagementSEIrank":192,"voiceSEIrank":188,"audienceSEIrank":140,"engagementSEI":0,"engagementSEIadj":0,"voiceSEI":0,"voiceSEIadj":0,"audienceSEI":0.21139820520920866,"audienceSEIadj":0.21139820520920866,"SEI":0.021139820520920866,"SEIadj":0.021139820520920866},"non_scoped":{"SEI":0.012504462994705798,"SEIrank":147,"SEIadj":0,"audienceSEI":0.12504462994705798,"audienceSEIadj":0,"audienceSEIrank":140,"audienceScore":0.023848665121809984,"combinedScore":0.0011924332560904992,"combinedScoreRank":147,"engagementSEI":0,"engagementSEIadj":0,"engagementSEIrank":192,"engagementScore":0,"voiceSEI":0,"voiceSEIadj":0,"voiceSEIrank":188,"voiceScore":0},"scoped":{"SEI":0.15938825661372033,"SEIrank":132,"SEIadj":0,"audienceSEI":1.5938825661372031,"audienceSEIadj":0,"audienceSEIrank":125,"audienceScore":0.09776146455262762,"combinedScore":0.004888073227631381,"combinedScoreRank":132,"engagementSEI":0,"engagementSEIadj":0,"engagementSEIrank":174,"engagementScore":0,"voiceSEI":0,"voiceSEIadj":0,"voiceSEIrank":170,"voiceScore":0}},"twitter":{"entityString":"536575feb08f37d80186a0af","type":"twitter","profiles":1,"postsMade":0,"repliesMade":0,"repliesRcvd":0,"sharesMade":0,"sharesRcvd":0,"mentionsRcvd":0,"likesRcvd":0,"reachRcvd":0,"audience":2229,"voice":0,"conversation":0,"engagement":0,"group_scoped":{"audienceScore":0.3493861838062874,"voiceScore":0,"engagementScore":0,"combinedScore":0.3493861838062874,"combinedScoreRank":194,"SEIrank":217,"engagementSEIrank":207,"voiceSEIrank":199,"audienceSEIrank":214,"engagementSEI":0,"engagementSEIadj":0,"voiceSEI":0,"voiceSEIadj":0,"audienceSEI":0.8299295918861258,"audienceSEIadj":0.8299295918861258,"SEI":0.08299295918861259,"SEIadj":0.08299295918861259},"non_scoped":{"SEI":0.03936931383648577,"SEIrank":202,"SEIadj":0,"audienceSEI":0.3936931383648577,"audienceSEIadj":0,"audienceSEIrank":194,"audienceScore":0.06391148617573623,"combinedScore":0.0031955743087868117,"combinedScoreRank":202,"engagementSEI":0,"engagementSEIadj":0,"engagementSEIrank":207,"engagementScore":0,"voiceSEI":0,"voiceSEIadj":0,"voiceSEIrank":199,"voiceScore":0},"scoped":{"SEI":0.19125167313038408,"SEIrank":183,"SEIadj":0,"audienceSEI":1.9125167313038407,"audienceSEIadj":0,"audienceSEIrank":176,"audienceScore":0.10123746794601031,"combinedScore":0.005061873397300516,"combinedScoreRank":183,"engagementSEI":0,"engagementSEIadj":0,"engagementSEIrank":189,"engagementScore":0,"voiceSEI":0,"voiceSEIadj":0,"voiceSEIrank":181,"voiceScore":0}},"instagram":{"entityString":"536575feb08f37d80186a0af","type":"instagram","profiles":0,"postsMade":0,"repliesMade":0,"repliesRcvd":0,"sharesMade":0,"sharesRcvd":0,"mentionsRcvd":0,"likesRcvd":0,"reachRcvd":0,"audience":0,"voice":0,"conversation":0,"engagement":0,"group_scoped":{"audienceScore":0,"voiceScore":0,"engagementScore":0,"combinedScore":0,"combinedScoreRank":191,"SEIrank":172,"engagementSEIrank":172,"voiceSEIrank":172,"audienceSEIrank":172,"engagementSEI":0,"engagementSEIadj":0,"voiceSEI":0,"voiceSEIadj":0,"audienceSEI":0,"audienceSEIadj":0,"SEI":0,"SEIadj":0},"non_scoped":{"SEI":0,"SEIrank":172,"SEIadj":0,"audienceSEI":0,"audienceSEIadj":0,"audienceSEIrank":172,"audienceScore":0,"combinedScore":0,"combinedScoreRank":172,"engagementSEI":0,"engagementSEIadj":0,"engagementSEIrank":172,"engagementScore":0,"voiceSEI":0,"voiceSEIadj":0,"voiceSEIrank":172,"voiceScore":0},"scoped":{"SEI":0,"SEIrank":156,"SEIadj":0,"audienceSEI":0,"audienceSEIadj":0,"audienceSEIrank":156,"audienceScore":0,"combinedScore":0,"combinedScoreRank":156,"engagementSEI":0,"engagementSEIadj":0,"engagementSEIrank":156,"engagementScore":0,"voiceSEI":0,"voiceSEIadj":0,"voiceSEIrank":156,"voiceScore":0}}},"week":{"boundaryQuantum":4993818,"combined":{"entityString":"536575feb08f37d80186a0af","type":"combined","profiles":2,"postsMade":0,"repliesMade":0,"repliesRcvd":17,"sharesMade":0,"sharesRcvd":55,"mentionsRcvd":0,"likesRcvd":89,"reachRcvd":0,"audience":4551,"voice":0,"conversation":17,"engagement":161,"group_scoped":{"audienceScore":0.19801282319034294,"voiceScore":0,"engagementScore":0.1323969606262952,"combinedScore":0.14177065527830202,"combinedScoreRank":144,"SEIrank":197,"engagementSEIrank":103,"voiceSEIrank":221,"audienceSEIrank":192,"engagementSEI":0.1573987173470984,"engagementSEIadj":0.1573987173470984,"voiceSEI":0,"voiceSEIadj":0,"audienceSEI":0.3077817867033669,"audienceSEIadj":0.3077817867033669,"SEI":0.12521740907859574,"SEIadj":0.12521740907859574},"non_scoped":{"SEI":0.03005904246699126,"SEIrank":204,"SEIadj":0,"audienceSEI":0.17879803404666586,"audienceSEIadj":0,"audienceSEIrank":174,"audienceScore":0.03294691832291716,"combinedScore":0.009309468011982139,"combinedScoreRank":166,"engagementSEI":0.02029873177054112,"engagementSEIadj":0,"engagementSEIrank":122,"engagementScore":0.008513468995373644,"voiceSEI":0,"voiceSEIadj":0,"voiceSEIrank":221,"voiceScore":0},"scoped":{"SEI":0.5640410328070841,"SEIrank":173,"SEIadj":0,"audienceSEI":2.3342292068442,"audienceSEIadj":0,"audienceSEIrank":158,"audienceScore":0.09458838464612908,"combinedScore":0.07731224580493436,"combinedScoreRank":119,"engagementSEI":0.5510301868711068,"engagementSEIadj":0,"engagementSEIrank":111,"engagementScore":0.08064758508069768,"voiceSEI":0,"voiceSEIadj":0,"voiceSEIrank":202,"voiceScore":0}},"facebook":{"entityString":"536575feb08f37d80186a0af","type":"facebook","profiles":1,"postsMade":0,"repliesMade":0,"repliesRcvd":17,"sharesMade":0,"sharesRcvd":55,"mentionsRcvd":0,"likesRcvd":89,"reachRcvd":0,"audience":2322,"voice":0,"conversation":17,"engagement":161,"group_scoped":{"audienceScore":0.14993287888561518,"voiceScore":0,"engagementScore":0.19044464684938311,"combinedScore":0.1846572514259877,"combinedScoreRank":99,"SEIrank":119,"engagementSEIrank":67,"voiceSEIrank":199,"audienceSEIrank":140,"engagementSEI":0.22016792932746218,"engagementSEIadj":0.22016792932746218,"voiceSEI":0,"voiceSEIadj":0,"audienceSEI":0.21139820520920866,"audienceSEIadj":0.21139820520920866,"SEI":0.15324057811739816,"SEIadj":0.15324057811739816},"non_scoped":{"SEI":0.0259162865028834,"SEIrank":140,"SEIadj":0,"audienceSEI":0.12504462994705798,"audienceSEIadj":0,"audienceSEIrank":140,"audienceScore":0.023848665121809984,"combinedScore":0.010224066410972723,"combinedScoreRank":107,"engagementSEI":0.022353039180296005,"engagementSEIadj":0,"engagementSEIrank":83,"engagementScore":0.010035147949869138,"voiceSEI":0,"voiceSEIadj":0,"voiceSEIrank":199,"voiceScore":0},"scoped":{"SEI":1.1527044519864709,"SEIrank":104,"SEIadj":0,"audienceSEI":1.5938825661372031,"audienceSEIadj":0,"audienceSEIrank":125,"audienceScore":0.09776146455262762,"combinedScore":0.1336606017548789,"combinedScoreRank":79,"engagementSEI":1.6555269922879177,"engagementSEIadj":0,"engagementSEIrank":73,"engagementScore":0.14308058725249725,"voiceSEI":0,"voiceSEIadj":0,"voiceSEIrank":181,"voiceScore":0}},"twitter":{"entityString":"536575feb08f37d80186a0af","type":"twitter","profiles":1,"postsMade":0,"repliesMade":0,"repliesRcvd":0,"sharesMade":0,"sharesRcvd":0,"mentionsRcvd":0,"likesRcvd":0,"reachRcvd":0,"audience":2229,"voice":0,"conversation":0,"engagement":0,"group_scoped":{"audienceScore":0.3493861838062874,"voiceScore":0,"engagementScore":0,"combinedScore":0.3493861838062874,"combinedScoreRank":176,"SEIrank":219,"engagementSEIrank":219,"voiceSEIrank":218,"audienceSEIrank":214,"engagementSEI":0,"engagementSEIadj":0,"voiceSEI":0,"voiceSEIadj":0,"audienceSEI":0.8299295918861258,"audienceSEIadj":0.8299295918861258,"SEI":0.08299295918861259,"SEIadj":0.08299295918861259},"non_scoped":{"SEI":0.03936931383648577,"SEIrank":210,"SEIadj":0,"audienceSEI":0.3936931383648577,"audienceSEIadj":0,"audienceSEIrank":194,"audienceScore":0.06391148617573623,"combinedScore":0.0031955743087868117,"combinedScoreRank":210,"engagementSEI":0,"engagementSEIadj":0,"engagementSEIrank":219,"engagementScore":0,"voiceSEI":0,"voiceSEIadj":0,"voiceSEIrank":218,"voiceScore":0},"scoped":{"SEI":0.19125167313038408,"SEIrank":190,"SEIadj":0,"audienceSEI":1.9125167313038407,"audienceSEIadj":0,"audienceSEIrank":176,"audienceScore":0.10123746794601031,"combinedScore":0.005061873397300516,"combinedScoreRank":190,"engagementSEI":0,"engagementSEIadj":0,"engagementSEIrank":200,"engagementScore":0,"voiceSEI":0,"voiceSEIadj":0,"voiceSEIrank":199,"voiceScore":0}},"instagram":{"entityString":"536575feb08f37d80186a0af","type":"instagram","profiles":0,"postsMade":0,"repliesMade":0,"repliesRcvd":0,"sharesMade":0,"sharesRcvd":0,"mentionsRcvd":0,"likesRcvd":0,"reachRcvd":0,"audience":0,"voice":0,"conversation":0,"engagement":0,"group_scoped":{"audienceScore":0,"voiceScore":0,"engagementScore":0,"combinedScore":0,"combinedScoreRank":191,"SEIrank":172,"engagementSEIrank":172,"voiceSEIrank":172,"audienceSEIrank":172,"engagementSEI":0,"engagementSEIadj":0,"voiceSEI":0,"voiceSEIadj":0,"audienceSEI":0,"audienceSEIadj":0,"SEI":0,"SEIadj":0},"non_scoped":{"SEI":0,"SEIrank":172,"SEIadj":0,"audienceSEI":0,"audienceSEIadj":0,"audienceSEIrank":172,"audienceScore":0,"combinedScore":0,"combinedScoreRank":172,"engagementSEI":0,"engagementSEIadj":0,"engagementSEIrank":172,"engagementScore":0,"voiceSEI":0,"voiceSEIadj":0,"voiceSEIrank":172,"voiceScore":0},"scoped":{"SEI":0,"SEIrank":156,"SEIadj":0,"audienceSEI":0,"audienceSEIadj":0,"audienceSEIrank":156,"audienceScore":0,"combinedScore":0,"combinedScoreRank":156,"engagementSEI":0,"engagementSEIadj":0,"engagementSEIrank":156,"engagementScore":0,"voiceSEI":0,"voiceSEIadj":0,"voiceSEIrank":156,"voiceScore":0}}},"month":{"boundaryQuantum":4987194,"combined":{"entityString":"536575feb08f37d80186a0af","type":"combined","profiles":2,"postsMade":11,"repliesMade":0,"repliesRcvd":43,"sharesMade":0,"sharesRcvd":112,"mentionsRcvd":0,"likesRcvd":234,"reachRcvd":0,"audience":4551,"voice":11,"conversation":54,"engagement":389,"group_scoped":{"audienceScore":0.19801282319034294,"voiceScore":0.14356564865570348,"engagementScore":0.0722995916652882,"combinedScore":0.0821485560910617,"combinedScoreRank":166,"SEIrank":192,"engagementSEIrank":123,"voiceSEIrank":186,"audienceSEIrank":192,"engagementSEI":0.08404995462598851,"engagementSEIadj":0.08404995462598851,"voiceSEI":0.38022813688212925,"voiceSEIadj":0.38022813688212925,"audienceSEI":0.3077817867033669,"audienceSEIadj":0.3077817867033669,"SEI":0.1952765925105686,"SEIadj":0.1952765925105686},"non_scoped":{"SEI":0.11401125665566395,"SEIrank":191,"SEIadj":0,"audienceSEI":0.17879803404666586,"audienceSEIadj":0,"audienceSEIrank":174,"audienceScore":0.03294691832291716,"combinedScore":0.007112077776343449,"combinedScoreRank":178,"engagementSEI":0.01068129647325008,"engagementSEIadj":0,"engagementSEIrank":143,"engagementScore":0.004468547285615988,"voiceSEI":0.29907558455682437,"voiceSEIadj":0,"voiceSEIrank":186,"voiceScore":0.028860786062864036},"scoped":{"SEI":0.7691644899307821,"SEIrank":172,"SEIadj":0,"audienceSEI":2.3342292068442,"audienceSEIadj":0,"audienceSEIrank":158,"audienceScore":0.09458838464612908,"combinedScore":0.04896564168751257,"combinedScoreRank":144,"engagementSEI":0.3211770436850318,"engagementSEIadj":0,"engagementSEIrank":130,"engagementScore":0.04577579978206483,"voiceSEI":1.1434511434511436,"voiceSEIadj":0,"voiceSEIrank":172,"voiceScore":0.06076005302695536}},"facebook":{"entityString":"536575feb08f37d80186a0af","type":"facebook","profiles":1,"postsMade":5,"repliesMade":0,"repliesRcvd":43,"sharesMade":0,"sharesRcvd":93,"mentionsRcvd":0,"likesRcvd":204,"reachRcvd":0,"audience":2322,"voice":5,"conversation":48,"engagement":340,"group_scoped":{"audienceScore":0.14993287888561518,"voiceScore":0.24606299212598426,"engagementScore":0.09010966876745875,"combinedScore":0.10089849544129284,"combinedScoreRank":118,"SEIrank":115,"engagementSEIrank":81,"voiceSEIrank":112,"audienceSEIrank":140,"engagementSEI":0.10207083716098973,"engagementSEIadj":0.10207083716098973,"voiceSEI":0.6082725060827251,"voiceSEIadj":0.6082725060827251,"audienceSEI":0.21139820520920866,"audienceSEIadj":0.21139820520920866,"SEI":0.2648640746423322,"SEIadj":0.2648640746423322},"non_scoped":{"SEI":0.11759442407010447,"SEIrank":124,"SEIadj":0,"audienceSEI":0.12504462994705798,"audienceSEIadj":0,"audienceSEIrank":140,"audienceScore":0.023848665121809984,"combinedScore":0.0071286408703398075,"combinedScoreRank":123,"engagementSEI":0.010133433475499444,"engagementSEIadj":0,"engagementSEIrank":101,"engagementScore":0.004504873345485891,"voiceSEI":0.33003300330033003,"voiceSEIadj":0,"voiceSEIrank":119,"voiceScore":0.03763643206624012},"scoped":{"SEI":1.0609150757721633,"SEIrank":110,"SEIadj":0,"audienceSEI":1.5938825661372031,"audienceSEIadj":0,"audienceSEIrank":125,"audienceScore":0.09776146455262762,"combinedScore":0.0693159951880798,"combinedScoreRank":99,"engagementSEI":0.9115281501340482,"engagementSEIadj":0,"engagementSEIrank":91,"engagementScore":0.06564099395909793,"voiceSEI":1.1820330969267139,"voiceSEIadj":0,"voiceSEIrank":109,"voiceScore":0.10702054794520548}},"twitter":{"entityString":"536575feb08f37d80186a0af","type":"twitter","profiles":1,"postsMade":6,"repliesMade":0,"repliesRcvd":0,"sharesMade":0,"sharesRcvd":19,"mentionsRcvd":0,"likesRcvd":30,"reachRcvd":0,"audience":2229,"voice":6,"conversation":6,"engagement":49,"group_scoped":{"audienceScore":0.3493861838062874,"voiceScore":0.1085579880586213,"engagementScore":0.0781761036391774,"combinedScore":0.0932557018685051,"combinedScoreRank":211,"SEIrank":206,"engagementSEIrank":190,"voiceSEIrank":186,"audienceSEIrank":214,"engagementSEI":0.1546912488950625,"engagementSEIadj":0.1546912488950625,"voiceSEI":0.3048780487804878,"voiceSEIadj":0.3048780487804878,"audienceSEI":0.8299295918861258,"audienceSEIadj":0.8299295918861258,"SEI":0.2672711231597964,"SEIadj":0.2672711231597964},"non_scoped":{"SEI":0.17220730455663885,"SEIrank":189,"SEIadj":0,"audienceSEI":0.3936931383648577,"audienceSEIadj":0,"audienceSEIrank":194,"audienceScore":0.06391148617573623,"combinedScore":0.02065987692323006,"combinedScoreRank":181,"engagementSEI":0.07819856050813107,"engagementSEIadj":0,"engagementSEIrank":174,"engagementScore":0.0179942638693543,"voiceSEI":0.2863961813842482,"voiceSEIadj":0,"voiceSEIrank":186,"voiceScore":0.025389302640487475},"scoped":{"SEI":0.7119653852299584,"SEIrank":174,"SEIadj":0,"audienceSEI":1.9125167313038407,"audienceSEIadj":0,"audienceSEIrank":176,"audienceScore":0.10123746794601031,"combinedScore":0.0383898842248079,"combinedScoreRank":165,"engagementSEI":0.42989998245306194,"engagementSEIadj":0,"engagementSEIrank":160,"engagementScore":0.03448834082926864,"voiceSEI":0.8759124087591241,"voiceSEIadj":0,"voiceSEIrank":172,"voiceScore":0.045770081623312225}},"instagram":{"entityString":"536575feb08f37d80186a0af","type":"instagram","profiles":0,"postsMade":0,"repliesMade":0,"repliesRcvd":0,"sharesMade":0,"sharesRcvd":0,"mentionsRcvd":0,"likesRcvd":0,"reachRcvd":0,"audience":0,"voice":0,"conversation":0,"engagement":0,"group_scoped":{"audienceScore":0,"voiceScore":0,"engagementScore":0,"combinedScore":0,"combinedScoreRank":191,"SEIrank":172,"engagementSEIrank":172,"voiceSEIrank":172,"audienceSEIrank":172,"engagementSEI":0,"engagementSEIadj":0,"voiceSEI":0,"voiceSEIadj":0,"audienceSEI":0,"audienceSEIadj":0,"SEI":0,"SEIadj":0},"non_scoped":{"SEI":0,"SEIrank":172,"SEIadj":0,"audienceSEI":0,"audienceSEIadj":0,"audienceSEIrank":172,"audienceScore":0,"combinedScore":0,"combinedScoreRank":172,"engagementSEI":0,"engagementSEIadj":0,"engagementSEIrank":172,"engagementScore":0,"voiceSEI":0,"voiceSEIadj":0,"voiceSEIrank":172,"voiceScore":0},"scoped":{"SEI":0,"SEIrank":156,"SEIadj":0,"audienceSEI":0,"audienceSEIadj":0,"audienceSEIrank":156,"audienceScore":0,"combinedScore":0,"combinedScoreRank":156,"engagementSEI":0,"engagementSEIadj":0,"engagementSEIrank":156,"engagementScore":0,"voiceSEI":0,"voiceSEIadj":0,"voiceSEIrank":156,"voiceScore":0}}},"quarter":{"boundaryQuantum":4969914,"combined":{"entityString":"536575feb08f37d80186a0af","type":"combined","profiles":2,"postsMade":34,"repliesMade":0,"repliesRcvd":58,"sharesMade":0,"sharesRcvd":170,"mentionsRcvd":0,"likesRcvd":446,"reachRcvd":0,"audience":4551,"voice":34,"conversation":92,"engagement":674,"group_scoped":{"audienceScore":0.19801282319034294,"voiceScore":0.15906432748538013,"engagementScore":0.0374761117588807,"combinedScore":0.05158235811677879,"combinedScoreRank":193,"SEIrank":198,"engagementSEIrank":149,"voiceSEIrank":186,"audienceSEIrank":192,"engagementSEI":0.04233378493557916,"engagementSEIadj":0.04233378493557916,"voiceSEI":0.3840072283713576,"voiceSEIadj":0.3840072283713576,"audienceSEI":0.3077817867033669,"audienceSEIadj":0.3077817867033669,"SEI":0.17138061814309147,"SEIadj":0.17138061814309147},"non_scoped":{"SEI":0.11671299887495988,"SEIrank":189,"SEIadj":0,"audienceSEI":0.17879803404666586,"audienceSEIadj":0,"audienceSEIrank":174,"audienceScore":0.03294691832291716,"combinedScore":0.00536521788079297,"combinedScoreRank":186,"engagementSEI":0.005917695393039017,"engagementSEIadj":0,"engagementSEIrank":157,"engagementScore":0.0024364269690053232,"voiceSEI":0.3176085941148996,"voiceSEIadj":0,"voiceSEIrank":184,"voiceScore":0.030501753850846428},"scoped":{"SEI":0.7150720440893613,"SEIrank":175,"SEIadj":0,"audienceSEI":2.3342292068442,"audienceSEIadj":0,"audienceSEIrank":158,"audienceScore":0.09458838464612908,"combinedScore":0.03029925618645699,"combinedScoreRank":160,"engagementSEI":0.17613593303698594,"engagementSEIadj":0,"engagementSEIrank":145,"engagementScore":0.02482111488788148,"voiceSEI":1.2532252119424991,"voiceSEIadj":0,"voiceSEIrank":171,"voiceScore":0.0646166711011441}},"facebook":{"entityString":"536575feb08f37d80186a0af","type":"facebook","profiles":1,"postsMade":16,"repliesMade":0,"repliesRcvd":58,"sharesMade":0,"sharesRcvd":136,"mentionsRcvd":0,"likesRcvd":391,"reachRcvd":0,"audience":2322,"voice":16,"conversation":74,"engagement":585,"group_scoped":{"audienceScore":0.14993287888561518,"voiceScore":0.2613524991832734,"engagementScore":0.04429841532831184,"combinedScore":0.060432842698925085,"combinedScoreRank":125,"SEIrank":124,"engagementSEIrank":96,"voiceSEIrank":116,"audienceSEIrank":140,"engagementSEI":0.04922568419493707,"engagementSEIadj":0.04922568419493707,"voiceSEI":0.5970149253731344,"voiceSEIadj":0.5970149253731344,"audienceSEI":0.21139820520920866,"audienceSEIadj":0.21139820520920866,"SEI":0.22977970864982342,"SEIadj":0.22977970864982342},"non_scoped":{"SEI":0.12081462238078815,"SEIrank":125,"SEIadj":0,"audienceSEI":0.12504462994705798,"audienceSEIadj":0,"audienceSEIrank":140,"audienceScore":0.023848665121809984,"combinedScore":0.005343129134517637,"combinedScoreRank":131,"engagementSEI":0.005462227714951266,"engagementSEIadj":0,"engagementSEIrank":114,"engagementScore":0.0023866023244119555,"voiceSEI":0.350109409190372,"voiceSEIadj":0,"voiceSEIrank":121,"voiceScore":0.040055075729127546},"scoped":{"SEI":0.976423574554749,"SEIrank":116,"SEIadj":0,"audienceSEI":1.5938825661372031,"audienceSEIadj":0,"audienceSEIrank":125,"audienceScore":0.09776146455262762,"combinedScore":0.04017981385246223,"combinedScoreRank":113,"engagementSEI":0.5070246752008597,"engagementSEIadj":0,"engagementSEIrank":104,"engagementScore":0.032997473578048615,"voiceSEI":1.7094017094017095,"voiceSEIadj":0,"voiceSEIrank":111,"voiceScore":0.11188028809174183}},"twitter":{"entityString":"536575feb08f37d80186a0af","type":"twitter","profiles":1,"postsMade":18,"repliesMade":0,"repliesRcvd":0,"sharesMade":0,"sharesRcvd":34,"mentionsRcvd":0,"likesRcvd":55,"reachRcvd":0,"audience":2229,"voice":18,"conversation":18,"engagement":89,"group_scoped":{"audienceScore":0.3493861838062874,"voiceScore":0.12020836115934286,"engagementScore":0.05092581996292143,"combinedScore":0.06931296521491079,"combinedScoreRank":214,"SEIrank":210,"engagementSEIrank":199,"voiceSEIrank":192,"audienceSEIrank":214,"engagementSEI":0.08848765646904423,"engagementSEIadj":0.08848765646904423,"voiceSEI":0.3053435114503817,"voiceSEIadj":0.3053435114503817,"audienceSEI":0.8299295918861258,"audienceSEIadj":0.8299295918861258,"SEI":0.22768860650515363,"SEIadj":0.22768860650515363},"non_scoped":{"SEI":0.15834987980789766,"SEIrank":194,"SEIadj":0,"audienceSEI":0.3936931383648577,"audienceSEIadj":0,"audienceSEIrank":194,"audienceScore":0.06391148617573623,"combinedScore":0.014675555858666891,"combinedScoreRank":186,"engagementSEI":0.048150793135536364,"engagementSEIadj":0,"engagementSEIrank":179,"engagementScore":0.011299994540452076,"voiceSEI":0.3003003003003003,"voiceSEIadj":0,"voiceSEIrank":186,"voiceScore":0.026199729269464216},"scoped":{"SEI":0.6532043102112343,"SEIrank":176,"SEIadj":0,"audienceSEI":1.9125167313038407,"audienceSEIadj":0,"audienceSEIrank":176,"audienceScore":0.10123746794601031,"combinedScore":0.02765635501176601,"combinedScoreRank":172,"engagementSEI":0.29322614654717977,"engagementSEIadj":0,"engagementSEIrank":166,"engagementScore":0.02244193464606043,"voiceSEI":0.9533898305084746,"voiceSEIadj":0,"voiceSEIrank":172,"voiceScore":0.0479348086602221}},"instagram":{"entityString":"536575feb08f37d80186a0af","type":"instagram","profiles":0,"postsMade":0,"repliesMade":0,"repliesRcvd":0,"sharesMade":0,"sharesRcvd":0,"mentionsRcvd":0,"likesRcvd":0,"reachRcvd":0,"audience":0,"voice":0,"conversation":0,"engagement":0,"group_scoped":{"audienceScore":0,"voiceScore":0,"engagementScore":0,"combinedScore":0,"combinedScoreRank":191,"SEIrank":172,"engagementSEIrank":172,"voiceSEIrank":172,"audienceSEIrank":172,"engagementSEI":0,"engagementSEIadj":0,"voiceSEI":0,"voiceSEIadj":0,"audienceSEI":0,"audienceSEIadj":0,"SEI":0,"SEIadj":0},"non_scoped":{"SEI":0,"SEIrank":172,"SEIadj":0,"audienceSEI":0,"audienceSEIadj":0,"audienceSEIrank":172,"audienceScore":0,"combinedScore":0,"combinedScoreRank":172,"engagementSEI":0,"engagementSEIadj":0,"engagementSEIrank":172,"engagementScore":0,"voiceSEI":0,"voiceSEIadj":0,"voiceSEIrank":172,"voiceScore":0},"scoped":{"SEI":0,"SEIrank":156,"SEIadj":0,"audienceSEI":0,"audienceSEIadj":0,"audienceSEIrank":156,"audienceScore":0,"combinedScore":0,"combinedScoreRank":156,"engagementSEI":0,"engagementSEIadj":0,"engagementSEIrank":156,"engagementScore":0,"voiceSEI":0,"voiceSEIadj":0,"voiceSEIrank":156,"voiceScore":0}}},"blended":{"combined":{"non_scoped":{"SEI":0.08536989084616024,"SEIadj":40.051221934507694,"SEIrank":198,"audienceSEI":0.17879803404666586,"audienceSEIadj":40.107278820428,"audienceSEIrank":174,"engagementSEI":0.010650661698669357,"engagementSEIadj":50.00532533084934,"engagementSEIrank":147,"voiceSEI":0.20366563474097346,"voiceSEIadj":40.122199380844584,"voiceSEIrank":193},"scoped":{"SEI":6.49688355507209,"SEIadj":53.248441777536044,"SEIrank":111,"compCharisma":3,"compInfluence":3,"compEva":0.49688355507208964,"audienceSEI":2.3342292068442,"audienceSEIadj":41.40053752410652,"audienceSEIrank":158,"engagementSEI":0.30155357913257974,"engagementSEIadj":50.15077678956629,"engagementSEIrank":138,"voiceSEI":0.7981302774889211,"voiceSEIadj":40.47887816649335,"voiceSEIrank":179}},"facebook":{"non_scoped":{"SEI":0.08644658390151005,"SEIadj":50.04322329195075,"SEIrank":134,"audienceSEI":0.12504462994705798,"audienceSEIadj":50.06252231497353,"audienceSEIrank":140,"engagementSEI":0.01095704063288935,"engagementSEIadj":50.005478520316444,"engagementSEIrank":101,"voiceSEI":0.22455965509023548,"voiceSEIadj":50.112279827545116,"voiceSEIrank":127},"scoped":{"SEI":1.0011297970698263,"SEIadj":50.50056489853491,"SEIrank":115,"audienceSEI":1.5938825661372031,"audienceSEIadj":50.7969412830686,"audienceSEIrank":125,"engagementSEI":0.8868996578069124,"engagementSEIadj":50.443449828903454,"engagementSEIrank":93,"voiceSEI":1.0320058192398618,"voiceSEIadj":50.51600290961993,"voiceSEIrank":117}},"twitter":{"non_scoped":{"SEI":0.11878529543021468,"SEIadj":40.071271177258126,"SEIrank":199,"audienceSEI":0.3936931383648577,"audienceSEIadj":40.236215883018914,"audienceSEIrank":194,"engagementSEI":0.03580518064398784,"engagementSEIadj":40.02148310838639,"engagementSEIrank":182,"voiceSEI":0.1931095773577874,"voiceSEIadj":40.11586574641467,"voiceSEIrank":190},"scoped":{"SEI":0.5003350484857453,"SEIadj":40.30020102909145,"SEIrank":182,"audienceSEI":1.9125167313038405,"audienceSEIadj":41.14751003878231,"audienceSEIrank":176,"engagementSEI":0.21109807064154917,"engagementSEIadj":40.12665884238493,"engagementSEIrank":168,"voiceSEI":0.6080817765681059,"voiceSEIadj":40.36484906594087,"voiceSEIrank":175}},"instagram":{"non_scoped":{"SEI":0,"SEIadj":0,"SEIrank":172,"audienceSEI":0,"audienceSEIadj":0,"audienceSEIrank":172,"engagementSEI":0,"engagementSEIadj":0,"engagementSEIrank":172,"voiceSEI":0,"voiceSEIadj":0,"voiceSEIrank":172},"scoped":{"SEI":0,"SEIadj":0,"SEIrank":156,"audienceSEI":0,"audienceSEIadj":0,"audienceSEIrank":156,"engagementSEI":0,"engagementSEIadj":0,"engagementSEIrank":156,"voiceSEI":0,"voiceSEIadj":0,"voiceSEIrank":156}},"influence":{"instagram":{"scope":"individual","ratio":0,"calculated":false},"combined":{"ratio":0.86,"bottom":true,"scope":"individual","calculated":true},"facebook":{"ratio":1.59,"bottom":true,"scope":"individual","calculated":true},"twitter":{"ratio":0.31,"bottom":false,"scope":"individual","calculated":true}},"charisma":{"instagram":{"scope":"individual","ratio":0,"calculated":false},"combined":{"ratio":0.93,"bottom":true,"scope":"individual","calculated":true},"facebook":{"ratio":0.19,"bottom":false,"scope":"individual","calculated":true},"twitter":{"ratio":0.2,"bottom":false,"scope":"individual","calculated":true}}},"scope":"individual"}}