{"scoreEntityString":"591d1494ab33fb0001804f89.asset.536575feb08f37d80186a0b9","timeQuantum":4995834,"scoreEntityType":"asset","scoreProfileID":"591d1494ab33fb0001804f89","data":{"scoreEntityString":"591d1494ab33fb0001804f89.asset.536575feb08f37d80186a0b9","scoreProfileID":"591d1494ab33fb0001804f89","scoreEntityType":"asset","entityID":"asset.536575feb08f37d80186a0b9","object_version":"1.2","score_engine_version":"3.0.20","timestamp":4995834,"start_quantum":4969914,"end_quantum":4995833,"schedule_options":{"interval":15,"offset":"1"},"_15min":{"boundaryQuantum":4995831,"combined":{"entityString":"536575feb08f37d80186a0b9","type":"combined","profiles":2,"postsMade":0,"repliesMade":0,"repliesRcvd":0,"sharesMade":0,"sharesRcvd":0,"mentionsRcvd":0,"likesRcvd":0,"reachRcvd":0,"audience":5930,"voice":0,"conversation":0,"engagement":0,"group_scoped":{"audienceScore":0.25801275357476017,"voiceScore":0,"engagementScore":0,"combinedScore":0.25801275357476017,"engagementSEI":0,"engagementSEIadj":0,"voiceSEI":0,"voiceSEIadj":0,"audienceSEI":0.4010428466602869,"audienceSEIadj":0.4010428466602869,"SEI":0.040104284666028694,"SEIadj":0.040104284666028694,"combinedScoreRank":176,"SEIrank":176,"engagementSEIrank":212,"voiceSEIrank":211,"audienceSEIrank":176},"non_scoped":{"SEI":0.02329756848817246,"SEIrank":153,"SEIadj":0,"audienceSEI":0.23297568488172457,"audienceSEIadj":0,"audienceSEIrank":153,"audienceScore":0.042930174830784165,"combinedScore":0.002146508741539208,"combinedScoreRank":153,"engagementSEI":0,"engagementSEIadj":0,"engagementSEIrank":212,"engagementScore":0,"voiceSEI":0,"voiceSEIadj":0,"voiceSEIrank":211,"voiceScore":0},"scoped":{"SEI":0.3041524763038037,"SEIrank":138,"SEIadj":0,"audienceSEI":3.041524763038037,"audienceSEIadj":0,"audienceSEIrank":138,"audienceScore":0.12324964204604381,"combinedScore":0.006162482102302191,"combinedScoreRank":138,"engagementSEI":0,"engagementSEIadj":0,"engagementSEIrank":190,"engagementScore":0,"voiceSEI":0,"voiceSEIadj":0,"voiceSEIrank":190,"voiceScore":0}},"facebook":{"entityString":"536575feb08f37d80186a0b9","type":"facebook","profiles":1,"postsMade":0,"repliesMade":0,"repliesRcvd":0,"sharesMade":0,"sharesRcvd":0,"mentionsRcvd":0,"likesRcvd":0,"reachRcvd":0,"audience":2901,"voice":0,"conversation":0,"engagement":0,"group_scoped":{"audienceScore":0.18731924274210576,"voiceScore":0,"engagementScore":0,"combinedScore":0.18731924274210576,"engagementSEI":0,"engagementSEIadj":0,"voiceSEI":0,"voiceSEIadj":0,"audienceSEI":0.2641111943634429,"audienceSEIadj":0.2641111943634429,"SEI":0.02641111943634429,"SEIadj":0.02641111943634429,"combinedScoreRank":133,"SEIrank":130,"engagementSEIrank":212,"voiceSEIrank":211,"audienceSEIrank":130},"non_scoped":{"SEI":0.015622500924910215,"SEIrank":129,"SEIadj":0,"audienceSEI":0.15622500924910215,"audienceSEIadj":0,"audienceSEIrank":129,"audienceScore":0.02979542528784271,"combinedScore":0.0014897712643921355,"combinedScoreRank":129,"engagementSEI":0,"engagementSEIadj":0,"engagementSEIrank":212,"engagementScore":0,"voiceSEI":0,"voiceSEIadj":0,"voiceSEIrank":211,"voiceScore":0},"scoped":{"SEI":0.19913235677708985,"SEIrank":114,"SEIadj":0,"audienceSEI":1.9913235677708985,"audienceSEIadj":0,"audienceSEIrank":114,"audienceScore":0.12213867728991075,"combinedScore":0.006106933864495538,"combinedScoreRank":114,"engagementSEI":0,"engagementSEIadj":0,"engagementSEIrank":190,"engagementScore":0,"voiceSEI":0,"voiceSEIadj":0,"voiceSEIrank":190,"voiceScore":0}},"twitter":{"entityString":"536575feb08f37d80186a0b9","type":"twitter","profiles":1,"postsMade":0,"repliesMade":0,"repliesRcvd":0,"sharesMade":0,"sharesRcvd":0,"mentionsRcvd":0,"likesRcvd":0,"reachRcvd":0,"audience":3029,"voice":0,"conversation":0,"engagement":0,"group_scoped":{"audienceScore":0.4747827504482927,"voiceScore":0,"engagementScore":0,"combinedScore":0.4747827504482927,"engagementSEI":0,"engagementSEIadj":0,"voiceSEI":0,"voiceSEIadj":0,"audienceSEI":1.1277957531732055,"audienceSEIadj":1.1277957531732055,"SEI":0.11277957531732055,"SEIadj":0.11277957531732055,"combinedScoreRank":198,"SEIrank":202,"engagementSEIrank":211,"voiceSEIrank":211,"audienceSEIrank":202},"non_scoped":{"SEI":0.053499170754022156,"SEIrank":173,"SEIadj":0,"audienceSEI":0.5349917075402215,"audienceSEIadj":0,"audienceSEIrank":173,"audienceScore":0.08684965976954018,"combinedScore":0.004342482988477009,"combinedScoreRank":173,"engagementSEI":0,"engagementSEIadj":0,"engagementSEIrank":211,"engagementScore":0,"voiceSEI":0,"voiceSEIadj":0,"voiceSEIrank":211,"voiceScore":0},"scoped":{"SEI":0.25989291965542094,"SEIrank":156,"SEIadj":0,"audienceSEI":2.5989291965542094,"audienceSEIadj":0,"audienceSEIrank":156,"audienceScore":0.13757213567001583,"combinedScore":0.01965316223857369,"combinedScoreRank":156,"engagementSEI":0,"engagementSEIadj":0,"engagementSEIrank":190,"engagementScore":0,"voiceSEI":0,"voiceSEIadj":0,"voiceSEIrank":190,"voiceScore":0}},"instagram":{"entityString":"536575feb08f37d80186a0b9","type":"instagram","profiles":0,"postsMade":0,"repliesMade":0,"repliesRcvd":0,"sharesMade":0,"sharesRcvd":0,"mentionsRcvd":0,"likesRcvd":0,"reachRcvd":0,"audience":0,"voice":0,"conversation":0,"engagement":0,"group_scoped":{"audienceScore":0,"voiceScore":0,"engagementScore":0,"combinedScore":0,"engagementSEI":0,"engagementSEIadj":0,"voiceSEI":0,"voiceSEIadj":0,"audienceSEI":0,"audienceSEIadj":0,"SEI":0,"SEIadj":0,"combinedScoreRank":230,"SEIrank":211,"engagementSEIrank":211,"voiceSEIrank":211,"audienceSEIrank":211},"non_scoped":{"SEI":0,"SEIrank":211,"SEIadj":0,"audienceSEI":0,"audienceSEIadj":0,"audienceSEIrank":211,"audienceScore":0,"combinedScore":0,"combinedScoreRank":211,"engagementSEI":0,"engagementSEIadj":0,"engagementSEIrank":211,"engagementScore":0,"voiceSEI":0,"voiceSEIadj":0,"voiceSEIrank":211,"voiceScore":0},"scoped":{"SEI":0,"SEIrank":190,"SEIadj":0,"audienceSEI":0,"audienceSEIadj":0,"audienceSEIrank":190,"audienceScore":0,"combinedScore":0,"combinedScoreRank":190,"engagementSEI":0,"engagementSEIadj":0,"engagementSEIrank":190,"engagementScore":0,"voiceSEI":0,"voiceSEIadj":0,"voiceSEIrank":190,"voiceScore":0}}},"hour":{"boundaryQuantum":4995822,"combined":{"entityString":"536575feb08f37d80186a0b9","type":"combined","profiles":2,"postsMade":2,"repliesMade":0,"repliesRcvd":0,"sharesMade":0,"sharesRcvd":0,"mentionsRcvd":0,"likesRcvd":2,"reachRcvd":0,"audience":5930,"voice":2,"conversation":2,"engagement":2,"group_scoped":{"audienceScore":0.25801275357476017,"voiceScore":20,"engagementScore":0.1951219512195122,"combinedScore":1.1885103937762989,"combinedScoreRank":55,"SEIrank":12,"engagementSEIrank":45,"voiceSEIrank":10,"audienceSEIrank":176,"engagementSEI":0.20597322348094746,"engagementSEIadj":0.20597322348094746,"voiceSEI":40,"voiceSEIadj":40,"audienceSEI":0.4010428466602869,"audienceSEIadj":0.4010428466602869,"SEI":12.163688218754597,"SEIadj":12.163688218754597},"non_scoped":{"SEI":6.7299509062644685,"SEIrank":13,"SEIadj":0,"audienceSEI":0.23297568488172457,"audienceSEIadj":0,"audienceSEIrank":153,"audienceScore":0.042930174830784165,"combinedScore":0.17654764717145463,"combinedScoreRank":18,"engagementSEI":0.06664445184938354,"engagementSEIadj":0,"engagementSEIrank":57,"engagementScore":0.022838871759735067,"voiceSEI":22.22222222222222,"voiceSEIadj":0,"voiceSEIrank":15,"voiceScore":3.076923076923077},"scoped":{"SEI":21.27189441178767,"SEIrank":8,"SEIadj":0,"audienceSEI":3.041524763038037,"audienceSEIadj":0,"audienceSEIrank":138,"audienceScore":0.12324964204604381,"combinedScore":0.7604931907637196,"combinedScoreRank":26,"engagementSEI":1.6129032258064515,"engagementSEIadj":0,"engagementSEIrank":48,"engagementScore":0.39370078740157477,"voiceSEI":66.66666666666666,"voiceSEIadj":0,"voiceSEIrank":8,"voiceScore":8}},"facebook":{"entityString":"536575feb08f37d80186a0b9","type":"facebook","profiles":1,"postsMade":0,"repliesMade":0,"repliesRcvd":0,"sharesMade":0,"sharesRcvd":0,"mentionsRcvd":0,"likesRcvd":0,"reachRcvd":0,"audience":2901,"voice":0,"conversation":0,"engagement":0,"group_scoped":{"audienceScore":0.18731924274210576,"voiceScore":0,"engagementScore":0,"combinedScore":0.18731924274210576,"combinedScoreRank":132,"SEIrank":131,"engagementSEIrank":214,"voiceSEIrank":213,"audienceSEIrank":130,"engagementSEI":0,"engagementSEIadj":0,"voiceSEI":0,"voiceSEIadj":0,"audienceSEI":0.2641111943634429,"audienceSEIadj":0.2641111943634429,"SEI":0.02641111943634429,"SEIadj":0.02641111943634429},"non_scoped":{"SEI":0.015622500924910215,"SEIrank":131,"SEIadj":0,"audienceSEI":0.15622500924910215,"audienceSEIadj":0,"audienceSEIrank":129,"audienceScore":0.02979542528784271,"combinedScore":0.0014897712643921355,"combinedScoreRank":131,"engagementSEI":0,"engagementSEIadj":0,"engagementSEIrank":214,"engagementScore":0,"voiceSEI":0,"voiceSEIadj":0,"voiceSEIrank":213,"voiceScore":0},"scoped":{"SEI":0.19913235677708985,"SEIrank":116,"SEIadj":0,"audienceSEI":1.9913235677708985,"audienceSEIadj":0,"audienceSEIrank":114,"audienceScore":0.12213867728991075,"combinedScore":0.006106933864495538,"combinedScoreRank":116,"engagementSEI":0,"engagementSEIadj":0,"engagementSEIrank":192,"engagementScore":0,"voiceSEI":0,"voiceSEIadj":0,"voiceSEIrank":191,"voiceScore":0}},"twitter":{"entityString":"536575feb08f37d80186a0b9","type":"twitter","profiles":1,"postsMade":2,"repliesMade":0,"repliesRcvd":0,"sharesMade":0,"sharesRcvd":0,"mentionsRcvd":0,"likesRcvd":2,"reachRcvd":0,"audience":3029,"voice":2,"conversation":2,"engagement":2,"group_scoped":{"audienceScore":0.4747827504482927,"voiceScore":28.57142857142857,"engagementScore":2.898550724637681,"combinedScore":4.061006218267757,"combinedScoreRank":46,"SEIrank":13,"engagementSEIrank":26,"voiceSEIrank":10,"audienceSEIrank":202,"engagementSEI":4.444444444444445,"engagementSEIadj":4.444444444444445,"voiceSEI":66.66666666666666,"voiceSEIadj":66.66666666666666,"audienceSEI":1.1277957531732055,"audienceSEIadj":1.1277957531732055,"SEI":22.779446241983983,"SEIadj":22.779446241983983},"non_scoped":{"SEI":11.174994497856824,"SEIrank":9,"SEIadj":0,"audienceSEI":0.5349917075402215,"audienceSEIadj":0,"audienceSEIrank":173,"audienceScore":0.08684965976954018,"combinedScore":0.8889472242485084,"combinedScoreRank":18,"engagementSEI":1.8691588785046727,"engagementSEIadj":0,"engagementSEIrank":27,"engagementScore":0.6825938566552902,"voiceSEI":33.33333333333333,"voiceSEIadj":0,"voiceSEIrank":10,"voiceScore":5.405405405405405},"scoped":{"SEI":27.759892919655417,"SEIrank":8,"SEIadj":0,"audienceSEI":2.5989291965542094,"audienceSEIadj":0,"audienceSEIrank":156,"audienceScore":0.13757213567001583,"combinedScore":2.21673552252277,"combinedScoreRank":13,"engagementSEI":12.5,"engagementSEIadj":0,"engagementSEIrank":21,"engagementScore":1.8018018018018018,"voiceSEI":66.66666666666666,"voiceSEIadj":0,"voiceSEIrank":5,"voiceScore":11.76470588235294}},"instagram":{"entityString":"536575feb08f37d80186a0b9","type":"instagram","profiles":0,"postsMade":0,"repliesMade":0,"repliesRcvd":0,"sharesMade":0,"sharesRcvd":0,"mentionsRcvd":0,"likesRcvd":0,"reachRcvd":0,"audience":0,"voice":0,"conversation":0,"engagement":0,"group_scoped":{"audienceScore":0,"voiceScore":0,"engagementScore":0,"combinedScore":0,"combinedScoreRank":230,"SEIrank":211,"engagementSEIrank":211,"voiceSEIrank":211,"audienceSEIrank":211,"engagementSEI":0,"engagementSEIadj":0,"voiceSEI":0,"voiceSEIadj":0,"audienceSEI":0,"audienceSEIadj":0,"SEI":0,"SEIadj":0},"non_scoped":{"SEI":0,"SEIrank":211,"SEIadj":0,"audienceSEI":0,"audienceSEIadj":0,"audienceSEIrank":211,"audienceScore":0,"combinedScore":0,"combinedScoreRank":211,"engagementSEI":0,"engagementSEIadj":0,"engagementSEIrank":211,"engagementScore":0,"voiceSEI":0,"voiceSEIadj":0,"voiceSEIrank":211,"voiceScore":0},"scoped":{"SEI":0,"SEIrank":190,"SEIadj":0,"audienceSEI":0,"audienceSEIadj":0,"audienceSEIrank":190,"audienceScore":0,"combinedScore":0,"combinedScoreRank":190,"engagementSEI":0,"engagementSEIadj":0,"engagementSEIrank":190,"engagementScore":0,"voiceSEI":0,"voiceSEIadj":0,"voiceSEIrank":190,"voiceScore":0}}},"today":{"boundaryQuantum":4995546,"combined":{"entityString":"536575feb08f37d80186a0b9","type":"combined","profiles":2,"postsMade":8,"repliesMade":0,"repliesRcvd":0,"sharesMade":0,"sharesRcvd":5,"mentionsRcvd":0,"likesRcvd":32,"reachRcvd":0,"audience":5930,"voice":8,"conversation":8,"engagement":37,"group_scoped":{"audienceScore":0.25801275357476017,"voiceScore":2.6143790849673203,"engagementScore":0.22394383246580316,"combinedScore":0.34516904114632685,"combinedScoreRank":98,"SEIrank":46,"engagementSEIrank":63,"voiceSEIrank":32,"audienceSEIrank":176,"engagementSEI":0.2535462207907901,"engagementSEIadj":0.2535462207907901,"voiceSEI":6.557377049180328,"voiceSEIadj":6.557377049180328,"audienceSEI":0.4010428466602869,"audienceSEIadj":0.4010428466602869,"SEI":2.1594451318946013,"SEIadj":2.1594451318946013},"non_scoped":{"SEI":1.6896937019891898,"SEIrank":35,"SEIadj":0,"audienceSEI":0.23297568488172457,"audienceSEIadj":0,"audienceSEIrank":153,"audienceScore":0.042930174830784165,"combinedScore":0.04245035193834251,"combinedScoreRank":71,"engagementSEI":0.037600861771102216,"engagementSEIadj":0,"engagementSEIrank":81,"engagementScore":0.013767083275970487,"voiceSEI":5.47945205479452,"voiceSEIadj":0,"voiceSEIrank":33,"voiceScore":0.5582693649685974},"scoped":{"SEI":10.364545322976332,"SEIrank":48,"SEIadj":0,"audienceSEI":3.041524763038037,"audienceSEIadj":0,"audienceSEIrank":138,"audienceScore":0.12324964204604381,"combinedScore":0.20936883789360247,"combinedScoreRank":71,"engagementSEI":1.9525065963060684,"engagementSEIadj":0,"engagementSEIrank":72,"engagementScore":0.15304434149569823,"voiceSEI":29.629629629629626,"voiceSEIadj":0,"voiceSEIrank":25,"voiceScore":1.309328968903437}},"facebook":{"entityString":"536575feb08f37d80186a0b9","type":"facebook","profiles":1,"postsMade":0,"repliesMade":0,"repliesRcvd":0,"sharesMade":0,"sharesRcvd":0,"mentionsRcvd":0,"likesRcvd":0,"reachRcvd":0,"audience":2901,"voice":0,"conversation":0,"engagement":0,"group_scoped":{"audienceScore":0.18731924274210576,"voiceScore":0,"engagementScore":0,"combinedScore":0.18731924274210576,"combinedScoreRank":103,"SEIrank":137,"engagementSEIrank":220,"voiceSEIrank":219,"audienceSEIrank":130,"engagementSEI":0,"engagementSEIadj":0,"voiceSEI":0,"voiceSEIadj":0,"audienceSEI":0.2641111943634429,"audienceSEIadj":0.2641111943634429,"SEI":0.02641111943634429,"SEIadj":0.02641111943634429},"non_scoped":{"SEI":0.015622500924910215,"SEIrank":138,"SEIadj":0,"audienceSEI":0.15622500924910215,"audienceSEIadj":0,"audienceSEIrank":129,"audienceScore":0.02979542528784271,"combinedScore":0.0014897712643921355,"combinedScoreRank":138,"engagementSEI":0,"engagementSEIadj":0,"engagementSEIrank":220,"engagementScore":0,"voiceSEI":0,"voiceSEIadj":0,"voiceSEIrank":219,"voiceScore":0},"scoped":{"SEI":0.19913235677708985,"SEIrank":123,"SEIadj":0,"audienceSEI":1.9913235677708985,"audienceSEIadj":0,"audienceSEIrank":114,"audienceScore":0.12213867728991075,"combinedScore":0.006106933864495538,"combinedScoreRank":123,"engagementSEI":0,"engagementSEIadj":0,"engagementSEIrank":198,"engagementScore":0,"voiceSEI":0,"voiceSEIadj":0,"voiceSEIrank":197,"voiceScore":0}},"twitter":{"entityString":"536575feb08f37d80186a0b9","type":"twitter","profiles":1,"postsMade":8,"repliesMade":0,"repliesRcvd":0,"sharesMade":0,"sharesRcvd":5,"mentionsRcvd":0,"likesRcvd":32,"reachRcvd":0,"audience":3029,"voice":8,"conversation":8,"engagement":37,"group_scoped":{"audienceScore":0.4747827504482927,"voiceScore":3.404255319148936,"engagementScore":1.777137367915466,"combinedScore":1.793375534603781,"combinedScoreRank":76,"SEIrank":62,"engagementSEIrank":66,"voiceSEIrank":36,"audienceSEIrank":202,"engagementSEI":3.2513181019332165,"engagementSEIadj":3.2513181019332165,"voiceSEI":9.195402298850574,"voiceSEIadj":9.195402298850574,"audienceSEI":1.1277957531732055,"audienceSEIadj":1.1277957531732055,"SEI":4.822191126132423,"SEIadj":4.822191126132423},"non_scoped":{"SEI":3.828321681954506,"SEIrank":33,"SEIadj":0,"audienceSEI":0.5349917075402215,"audienceSEIadj":0,"audienceSEIrank":173,"audienceScore":0.08684965976954018,"combinedScore":0.4365433992905617,"combinedScoreRank":42,"engagementSEI":1.7969888295288974,"engagementSEIadj":0,"engagementSEIrank":43,"engagementScore":0.4298327137546468,"voiceSEI":8.98876404494382,"voiceSEIadj":0,"voiceSEIrank":23,"voiceScore":0.9070294784580499},"scoped":{"SEI":18.567015953882986,"SEIrank":28,"SEIadj":0,"audienceSEI":2.5989291965542094,"audienceSEIadj":0,"audienceSEIrank":156,"audienceScore":0.13757213567001583,"combinedScore":0.9218539240600491,"combinedScoreRank":33,"engagementSEI":13.120567375886525,"engagementSEIadj":0,"engagementSEIrank":34,"engagementScore":0.9149357072205736,"voiceSEI":34.78260869565217,"voiceSEIadj":0,"voiceSEIrank":15,"voiceScore":1.8306636155606408}},"instagram":{"entityString":"536575feb08f37d80186a0b9","type":"instagram","profiles":0,"postsMade":0,"repliesMade":0,"repliesRcvd":0,"sharesMade":0,"sharesRcvd":0,"mentionsRcvd":0,"likesRcvd":0,"reachRcvd":0,"audience":0,"voice":0,"conversation":0,"engagement":0,"group_scoped":{"audienceScore":0,"voiceScore":0,"engagementScore":0,"combinedScore":0,"combinedScoreRank":230,"SEIrank":211,"engagementSEIrank":211,"voiceSEIrank":211,"audienceSEIrank":211,"engagementSEI":0,"engagementSEIadj":0,"voiceSEI":0,"voiceSEIadj":0,"audienceSEI":0,"audienceSEIadj":0,"SEI":0,"SEIadj":0},"non_scoped":{"SEI":0,"SEIrank":211,"SEIadj":0,"audienceSEI":0,"audienceSEIadj":0,"audienceSEIrank":211,"audienceScore":0,"combinedScore":0,"combinedScoreRank":211,"engagementSEI":0,"engagementSEIadj":0,"engagementSEIrank":211,"engagementScore":0,"voiceSEI":0,"voiceSEIadj":0,"voiceSEIrank":211,"voiceScore":0},"scoped":{"SEI":0,"SEIrank":190,"SEIadj":0,"audienceSEI":0,"audienceSEIadj":0,"audienceSEIrank":190,"audienceScore":0,"combinedScore":0,"combinedScoreRank":190,"engagementSEI":0,"engagementSEIadj":0,"engagementSEIrank":190,"engagementScore":0,"voiceSEI":0,"voiceSEIadj":0,"voiceSEIrank":190,"voiceScore":0}}},"week":{"boundaryQuantum":4993818,"combined":{"entityString":"536575feb08f37d80186a0b9","type":"combined","profiles":2,"postsMade":52,"repliesMade":0,"repliesRcvd":1,"sharesMade":0,"sharesRcvd":46,"mentionsRcvd":0,"likesRcvd":317,"reachRcvd":0,"audience":5930,"voice":52,"conversation":53,"engagement":364,"group_scoped":{"audienceScore":0.25801275357476017,"voiceScore":3.3057851239669422,"engagementScore":0.2993322588072761,"combinedScore":0.4475889268036336,"combinedScoreRank":80,"SEIrank":41,"engagementSEIrank":71,"voiceSEIrank":24,"audienceSEIrank":176,"engagementSEI":0.35585796965430944,"engagementSEIadj":0.35585796965430944,"voiceSEI":8.681135225375627,"voiceSEIadj":8.681135225375627,"audienceSEI":0.4010428466602869,"audienceSEIadj":0.4010428466602869,"SEI":2.8579596340713027,"SEIadj":2.8579596340713027},"non_scoped":{"SEI":1.9190967124655813,"SEIrank":34,"SEIadj":0,"audienceSEI":0.23297568488172457,"audienceSEIadj":0,"audienceSEIrank":153,"audienceScore":0.042930174830784165,"combinedScore":0.0506633286407456,"combinedScoreRank":71,"engagementSEI":0.04589278487252775,"engagementSEIadj":0,"engagementSEIrank":88,"engagementScore":0.01924784294606215,"voiceSEI":6.227544910179641,"voiceSEIadj":0,"voiceSEIrank":27,"voiceScore":0.623875224955009},"scoped":{"SEI":7.863863977947374,"SEIrank":41,"SEIadj":0,"audienceSEI":3.041524763038037,"audienceSEIadj":0,"audienceSEIrank":138,"audienceScore":0.12324964204604381,"combinedScore":0.23628614777055637,"combinedScoreRank":72,"engagementSEI":1.2458073790129371,"engagementSEIadj":0,"engagementSEIrank":79,"engagementScore":0.18233367061722955,"voiceSEI":22.707423580786028,"voiceSEIadj":0,"voiceSEIrank":19,"voiceScore":1.3204672422549517}},"facebook":{"entityString":"536575feb08f37d80186a0b9","type":"facebook","profiles":1,"postsMade":2,"repliesMade":0,"repliesRcvd":1,"sharesMade":0,"sharesRcvd":0,"mentionsRcvd":0,"likesRcvd":34,"reachRcvd":0,"audience":2901,"voice":2,"conversation":3,"engagement":35,"group_scoped":{"audienceScore":0.18731924274210576,"voiceScore":0.4629629629629629,"engagementScore":0.04140101018464851,"combinedScore":0.0697750194514371,"combinedScoreRank":139,"SEIrank":100,"engagementSEIrank":94,"voiceSEIrank":92,"audienceSEIrank":130,"engagementSEI":0.047862593332056995,"engagementSEIadj":0.047862593332056995,"voiceSEI":1.0869565217391304,"voiceSEIadj":1.0869565217391304,"audienceSEI":0.2641111943634429,"audienceSEIadj":0.2641111943634429,"SEI":0.38121563195731756,"SEIadj":0.38121563195731756},"non_scoped":{"SEI":0.19552926517351366,"SEIrank":105,"SEIadj":0,"audienceSEI":0.15622500924910215,"audienceSEIadj":0,"audienceSEIrank":129,"audienceScore":0.02979542528784271,"combinedScore":0.0068743124379720445,"combinedScoreRank":119,"engagementSEI":0.00485935634354261,"engagementSEIadj":0,"engagementSEIrank":106,"engagementScore":0.002181553902145465,"voiceSEI":0.5899705014749262,"voiceSEIadj":0,"voiceSEIrank":102,"voiceScore":0.06842285323297981},"scoped":{"SEI":1.1650706601189922,"SEIrank":103,"SEIadj":0,"audienceSEI":1.9913235677708985,"audienceSEIadj":0,"audienceSEIrank":114,"audienceScore":0.12213867728991075,"combinedScore":0.04390488337382897,"combinedScoreRank":104,"engagementSEI":0.35989717223650386,"engagementSEIadj":0,"engagementSEIrank":96,"engagementScore":0.031104475489673315,"voiceSEI":2.5,"voiceSEIadj":0,"voiceSEIrank":92,"voiceScore":0.19607843137254902}},"twitter":{"entityString":"536575feb08f37d80186a0b9","type":"twitter","profiles":1,"postsMade":50,"repliesMade":0,"repliesRcvd":0,"sharesMade":0,"sharesRcvd":46,"mentionsRcvd":0,"likesRcvd":283,"reachRcvd":0,"audience":3029,"voice":50,"conversation":50,"engagement":329,"group_scoped":{"audienceScore":0.4747827504482927,"voiceScore":4.484304932735426,"engagementScore":2.2920440295388045,"combinedScore":2.31079401074411,"combinedScoreRank":73,"SEIrank":63,"engagementSEIrank":77,"voiceSEIrank":28,"audienceSEIrank":202,"engagementSEI":5.09998449852736,"engagementSEIadj":5.09998449852736,"voiceSEI":12.853470437017995,"voiceSEIadj":12.853470437017995,"audienceSEI":1.1277957531732055,"audienceSEIadj":1.1277957531732055,"SEI":7.028811405539135,"SEIadj":7.028811405539135},"non_scoped":{"SEI":4.722399982802201,"SEIrank":31,"SEIadj":0,"audienceSEI":0.5349917075402215,"audienceSEIadj":0,"audienceSEIrank":173,"audienceScore":0.08684965976954018,"combinedScore":0.5306386635494909,"combinedScoreRank":41,"engagementSEI":2.507239750038104,"engagementSEIadj":0,"engagementSEIrank":41,"engagementScore":0.5302859353341285,"voiceSEI":10.548523206751055,"voiceSEIadj":0,"voiceSEIrank":19,"voiceScore":0.9807767752059632},"scoped":{"SEI":17.985417395179898,"SEIrank":25,"SEIadj":0,"audienceSEI":2.5989291965542094,"audienceSEIadj":0,"audienceSEIrank":156,"audienceScore":0.13757213567001583,"combinedScore":0.9547617833005154,"combinedScoreRank":32,"engagementSEI":15.33799533799534,"engagementSEIadj":0,"engagementSEIrank":33,"engagementScore":0.9551181559542472,"voiceSEI":28.40909090909091,"voiceSEIadj":0,"voiceSEIrank":11,"voiceScore":1.765536723163842}},"instagram":{"entityString":"536575feb08f37d80186a0b9","type":"instagram","profiles":0,"postsMade":0,"repliesMade":0,"repliesRcvd":0,"sharesMade":0,"sharesRcvd":0,"mentionsRcvd":0,"likesRcvd":0,"reachRcvd":0,"audience":0,"voice":0,"conversation":0,"engagement":0,"group_scoped":{"audienceScore":0,"voiceScore":0,"engagementScore":0,"combinedScore":0,"combinedScoreRank":230,"SEIrank":211,"engagementSEIrank":211,"voiceSEIrank":211,"audienceSEIrank":211,"engagementSEI":0,"engagementSEIadj":0,"voiceSEI":0,"voiceSEIadj":0,"audienceSEI":0,"audienceSEIadj":0,"SEI":0,"SEIadj":0},"non_scoped":{"SEI":0,"SEIrank":211,"SEIadj":0,"audienceSEI":0,"audienceSEIadj":0,"audienceSEIrank":211,"audienceScore":0,"combinedScore":0,"combinedScoreRank":211,"engagementSEI":0,"engagementSEIadj":0,"engagementSEIrank":211,"engagementScore":0,"voiceSEI":0,"voiceSEIadj":0,"voiceSEIrank":211,"voiceScore":0},"scoped":{"SEI":0,"SEIrank":190,"SEIadj":0,"audienceSEI":0,"audienceSEIadj":0,"audienceSEIrank":190,"audienceScore":0,"combinedScore":0,"combinedScoreRank":190,"engagementSEI":0,"engagementSEIadj":0,"engagementSEIrank":190,"engagementScore":0,"voiceSEI":0,"voiceSEIadj":0,"voiceSEIrank":190,"voiceScore":0}}},"month":{"boundaryQuantum":4987194,"combined":{"entityString":"536575feb08f37d80186a0b9","type":"combined","profiles":2,"postsMade":202,"repliesMade":0,"repliesRcvd":3,"sharesMade":0,"sharesRcvd":106,"mentionsRcvd":0,"likesRcvd":910,"reachRcvd":0,"audience":5930,"voice":202,"conversation":205,"engagement":1019,"group_scoped":{"audienceScore":0.25801275357476017,"voiceScore":2.6363873662229182,"engagementScore":0.18939147533914827,"combinedScore":0.31517233379511733,"combinedScoreRank":85,"SEIrank":48,"engagementSEIrank":81,"voiceSEIrank":31,"audienceSEIrank":176,"engagementSEI":0.22017198911023725,"engagementSEIadj":0.22017198911023725,"voiceSEI":6.9823712409263745,"voiceSEIadj":6.9823712409263745,"audienceSEI":0.4010428466602869,"audienceSEIadj":0.4010428466602869,"SEI":2.2669188504100837,"SEIadj":2.2669188504100837},"non_scoped":{"SEI":1.6877201850558374,"SEIrank":38,"SEIadj":0,"audienceSEI":0.23297568488172457,"audienceSEIadj":0,"audienceSEIrank":153,"audienceScore":0.042930174830784165,"combinedScore":0.03918093132494869,"combinedScoreRank":87,"engagementSEI":0.027980054257691084,"engagementSEIadj":0,"engagementSEIrank":103,"engagementScore":0.011705526180058332,"voiceSEI":5.492115280043501,"voiceSEIadj":0,"voiceSEIrank":34,"voiceScore":0.5299889804271396},"scoped":{"SEI":7.1083299183768345,"SEIrank":48,"SEIadj":0,"audienceSEI":3.041524763038037,"audienceSEIadj":0,"audienceSEIrank":138,"audienceScore":0.12324964204604381,"combinedScore":0.1698715305059136,"combinedScoreRank":91,"engagementSEI":0.8413352378278856,"engagementSEIadj":0,"engagementSEIrank":92,"engagementScore":0.11991141382499759,"voiceSEI":20.997920997921,"voiceSEIadj":0,"voiceSEIrank":25,"voiceScore":1.1157755192222714}},"facebook":{"entityString":"536575feb08f37d80186a0b9","type":"facebook","profiles":1,"postsMade":4,"repliesMade":0,"repliesRcvd":3,"sharesMade":0,"sharesRcvd":2,"mentionsRcvd":0,"likesRcvd":52,"reachRcvd":0,"audience":2901,"voice":4,"conversation":7,"engagement":57,"group_scoped":{"audienceScore":0.18731924274210576,"voiceScore":0.19685039370078738,"engagementScore":0.015106620940426906,"combinedScore":0.032804440668528875,"combinedScoreRank":149,"SEIrank":126,"engagementSEIrank":117,"voiceSEIrank":116,"audienceSEIrank":130,"engagementSEI":0.017111875641695338,"engagementSEIadj":0.017111875641695338,"voiceSEI":0.48661800486618007,"voiceSEIadj":0.48661800486618007,"audienceSEI":0.2641111943634429,"audienceSEIadj":0.2641111943634429,"SEI":0.18266364628121548,"SEIadj":0.18266364628121548},"non_scoped":{"SEI":0.09584972590776024,"SEIrank":129,"SEIadj":0,"audienceSEI":0.15622500924910215,"audienceSEIadj":0,"audienceSEIrank":129,"audienceScore":0.02979542528784271,"combinedScore":0.0036749344371106414,"combinedScoreRank":137,"engagementSEI":0.0016988403179513773,"engagementSEIadj":0,"engagementSEIrank":128,"engagementScore":0.000755228766743223,"voiceSEI":0.264026402640264,"voiceSEIadj":0,"voiceSEIrank":126,"voiceScore":0.030109145652992098},"scoped":{"SEI":0.5745093080823966,"SEIrank":125,"SEIadj":0,"audienceSEI":1.9913235677708985,"audienceSEIadj":0,"audienceSEIrank":114,"audienceScore":0.12213867728991075,"combinedScore":0.020291823400250004,"combinedScoreRank":125,"engagementSEI":0.15281501340482573,"engagementSEIadj":0,"engagementSEIrank":118,"engagementScore":0.01100451957549583,"voiceSEI":0.9456264775413712,"voiceSEIadj":0,"voiceSEIrank":116,"voiceScore":0.08561643835616438}},"twitter":{"entityString":"536575feb08f37d80186a0b9","type":"twitter","profiles":1,"postsMade":198,"repliesMade":0,"repliesRcvd":0,"sharesMade":0,"sharesRcvd":104,"mentionsRcvd":0,"likesRcvd":858,"reachRcvd":0,"audience":3029,"voice":198,"conversation":198,"engagement":962,"group_scoped":{"audienceScore":0.4747827504482927,"voiceScore":3.5824136059345033,"engagementScore":1.534804320426299,"combinedScore":1.584183706202809,"combinedScoreRank":86,"SEIrank":76,"engagementSEIrank":90,"voiceSEIrank":37,"audienceSEIrank":202,"engagementSEI":3.0369996211642882,"engagementSEIadj":3.0369996211642882,"voiceSEI":10.060975609756099,"voiceSEIadj":10.060975609756099,"audienceSEI":1.1277957531732055,"audienceSEIadj":1.1277957531732055,"SEI":4.953272030942723,"SEIadj":4.953272030942723},"non_scoped":{"SEI":3.8099684914640637,"SEIrank":37,"SEIadj":0,"audienceSEI":0.5349917075402215,"audienceSEIadj":0,"audienceSEIrank":173,"audienceScore":0.08684965976954018,"combinedScore":0.36418245802052535,"combinedScoreRank":48,"engagementSEI":1.5352452083433077,"engagementSEIadj":0,"engagementSEIrank":48,"engagementScore":0.35327513963915996,"voiceSEI":9.45107398568019,"voiceSEIadj":0,"voiceSEIrank":25,"voiceScore":0.8378469871360866},"scoped":{"SEI":13.995472090287226,"SEIrank":33,"SEIadj":0,"audienceSEI":2.5989291965542094,"audienceSEIadj":0,"audienceSEIrank":156,"audienceScore":0.13757213567001583,"combinedScore":0.6917871086044309,"combinedScoreRank":38,"engagementSEI":8.44007720652746,"engagementSEIadj":0,"engagementSEIrank":38,"engagementScore":0.6770976301582944,"voiceSEI":28.905109489051096,"voiceSEIadj":0,"voiceSEIrank":16,"voiceScore":1.5104126935693036}},"instagram":{"entityString":"536575feb08f37d80186a0b9","type":"instagram","profiles":0,"postsMade":0,"repliesMade":0,"repliesRcvd":0,"sharesMade":0,"sharesRcvd":0,"mentionsRcvd":0,"likesRcvd":0,"reachRcvd":0,"audience":0,"voice":0,"conversation":0,"engagement":0,"group_scoped":{"audienceScore":0,"voiceScore":0,"engagementScore":0,"combinedScore":0,"combinedScoreRank":230,"SEIrank":211,"engagementSEIrank":211,"voiceSEIrank":211,"audienceSEIrank":211,"engagementSEI":0,"engagementSEIadj":0,"voiceSEI":0,"voiceSEIadj":0,"audienceSEI":0,"audienceSEIadj":0,"SEI":0,"SEIadj":0},"non_scoped":{"SEI":0,"SEIrank":211,"SEIadj":0,"audienceSEI":0,"audienceSEIadj":0,"audienceSEIrank":211,"audienceScore":0,"combinedScore":0,"combinedScoreRank":211,"engagementSEI":0,"engagementSEIadj":0,"engagementSEIrank":211,"engagementScore":0,"voiceSEI":0,"voiceSEIadj":0,"voiceSEIrank":211,"voiceScore":0},"scoped":{"SEI":0,"SEIrank":190,"SEIadj":0,"audienceSEI":0,"audienceSEIadj":0,"audienceSEIrank":190,"audienceScore":0,"combinedScore":0,"combinedScoreRank":190,"engagementSEI":0,"engagementSEIadj":0,"engagementSEIrank":190,"engagementScore":0,"voiceSEI":0,"voiceSEIadj":0,"voiceSEIrank":190,"voiceScore":0}}},"quarter":{"boundaryQuantum":4969914,"combined":{"entityString":"536575feb08f37d80186a0b9","type":"combined","profiles":2,"postsMade":459,"repliesMade":0,"repliesRcvd":4,"sharesMade":0,"sharesRcvd":236,"mentionsRcvd":0,"likesRcvd":1982,"reachRcvd":0,"audience":5930,"voice":459,"conversation":463,"engagement":2222,"group_scoped":{"audienceScore":0.25801275357476017,"voiceScore":2.1473684210526316,"engagementScore":0.12354884321696279,"combinedScore":0.2314630176266361,"combinedScoreRank":99,"SEIrank":67,"engagementSEIrank":101,"voiceSEIrank":50,"audienceSEIrank":176,"engagementSEI":0.13956330879355622,"engagementSEIadj":0.13956330879355622,"voiceSEI":5.184097583013327,"voiceSEIadj":5.184097583013327,"audienceSEI":0.4010428466602869,"audienceSEIadj":0.4010428466602869,"SEI":1.6790715448461604,"SEIadj":1.6790715448461604},"non_scoped":{"SEI":1.3213178219799246,"SEIrank":51,"SEIadj":0,"audienceSEI":0.23297568488172457,"audienceSEIadj":0,"audienceSEIrank":153,"audienceScore":0.042930174830784165,"combinedScore":0.029964223232725302,"combinedScoreRank":97,"engagementSEI":0.019509078877348214,"engagementSEIadj":0,"engagementSEIrank":115,"engagementScore":0.008032256268738618,"voiceSEI":4.287716020551144,"voiceSEIadj":0,"voiceSEIrank":43,"voiceScore":0.41177367698642675},"scoped":{"SEI":5.728118777437853,"SEIrank":66,"SEIadj":0,"audienceSEI":3.041524763038037,"audienceSEIadj":0,"audienceSEIrank":138,"audienceScore":0.12324964204604381,"combinedScore":0.12342452968427679,"combinedScoreRank":95,"engagementSEI":0.5806736546115471,"engagementSEIadj":0,"engagementSEIrank":105,"engagementScore":0.0818286606541137,"voiceSEI":16.918540361223737,"voiceSEIadj":0,"voiceSEIrank":33,"voiceScore":0.8723250598654453}},"facebook":{"entityString":"536575feb08f37d80186a0b9","type":"facebook","profiles":1,"postsMade":9,"repliesMade":0,"repliesRcvd":4,"sharesMade":0,"sharesRcvd":2,"mentionsRcvd":0,"likesRcvd":99,"reachRcvd":0,"audience":2901,"voice":9,"conversation":13,"engagement":105,"group_scoped":{"audienceScore":0.18731924274210576,"voiceScore":0.14701078079059132,"engagementScore":0.00795099762303033,"combinedScore":0.02387239903736215,"combinedScoreRank":153,"SEIrank":136,"engagementSEIrank":134,"voiceSEIrank":129,"audienceSEIrank":130,"engagementSEI":0.008835379214475886,"engagementSEIadj":0.008835379214475886,"voiceSEI":0.33582089552238803,"voiceSEIadj":0.33582089552238803,"audienceSEI":0.2641111943634429,"audienceSEIadj":0.2641111943634429,"SEI":0.13245861562174624,"SEIadj":0.13245861562174624},"non_scoped":{"SEI":0.07529170363354946,"SEIrank":142,"SEIadj":0,"audienceSEI":0.15622500924910215,"audienceSEIadj":0,"audienceSEIrank":129,"audienceScore":0.02979542528784271,"combinedScore":0.003001848337063472,"combinedScoreRank":144,"engagementSEI":0.0009803998462733041,"engagementSEIadj":0,"engagementSEIrank":141,"engagementScore":0.0004283645197662484,"voiceSEI":0.19693654266958427,"voiceSEIadj":0,"voiceSEIrank":134,"voiceScore":0.022530980097634247},"scoped":{"SEI":0.5421965525679516,"SEIrank":131,"SEIadj":0,"audienceSEI":1.9913235677708985,"audienceSEIadj":0,"audienceSEIrank":114,"audienceScore":0.12213867728991075,"combinedScore":0.014583928083529787,"combinedScoreRank":131,"engagementSEI":0.0910044288822056,"engagementSEIadj":0,"engagementSEIrank":129,"engagementScore":0.005922623462726675,"voiceSEI":0.9615384615384616,"voiceSEIadj":0,"voiceSEIrank":124,"voiceScore":0.06293266205160479}},"twitter":{"entityString":"536575feb08f37d80186a0b9","type":"twitter","profiles":1,"postsMade":450,"repliesMade":0,"repliesRcvd":0,"sharesMade":0,"sharesRcvd":234,"mentionsRcvd":0,"likesRcvd":1883,"reachRcvd":0,"audience":3029,"voice":450,"conversation":450,"engagement":2117,"group_scoped":{"audienceScore":0.4747827504482927,"voiceScore":3.0052090289835713,"engagementScore":1.211347874848367,"combinedScore":1.2642126763351236,"combinedScoreRank":89,"SEIrank":91,"engagementSEIrank":106,"voiceSEIrank":50,"audienceSEIrank":202,"engagementSEI":2.1048131319659173,"engagementSEIadj":2.1048131319659173,"voiceSEI":7.633587786259542,"voiceSEIadj":7.633587786259542,"audienceSEI":1.1277957531732055,"audienceSEIadj":1.1277957531732055,"SEI":3.6657437903747336,"SEIadj":3.6657437903747336},"non_scoped":{"SEI":2.9929552144754688,"SEIrank":47,"SEIadj":0,"audienceSEI":0.5349917075402215,"audienceSEIadj":0,"audienceSEIrank":173,"audienceScore":0.08684965976954018,"combinedScore":0.27900090410253586,"combinedScoreRank":57,"engagementSEI":1.1453396524486572,"engagementSEIadj":0,"engagementSEIrank":58,"engagementScore":0.2687875105858095,"voiceSEI":7.5075075075075075,"voiceSEIadj":0,"voiceSEIrank":34,"voiceScore":0.6549932317366054},"scoped":{"SEI":11.595213854583898,"SEIrank":41,"SEIadj":0,"audienceSEI":2.5989291965542094,"audienceSEIadj":0,"audienceSEIrank":156,"audienceScore":0.13757213567001583,"combinedScore":0.5472310286328115,"combinedScoreRank":47,"engagementSEI":6.974828676858197,"engagementSEIadj":0,"engagementSEIrank":48,"engagementScore":0.53381545669337,"voiceSEI":23.834745762711865,"voiceSEIadj":0,"voiceSEIrank":25,"voiceScore":1.1983702165055523}},"instagram":{"entityString":"536575feb08f37d80186a0b9","type":"instagram","profiles":0,"postsMade":0,"repliesMade":0,"repliesRcvd":0,"sharesMade":0,"sharesRcvd":0,"mentionsRcvd":0,"likesRcvd":0,"reachRcvd":0,"audience":0,"voice":0,"conversation":0,"engagement":0,"group_scoped":{"audienceScore":0,"voiceScore":0,"engagementScore":0,"combinedScore":0,"combinedScoreRank":230,"SEIrank":211,"engagementSEIrank":211,"voiceSEIrank":211,"audienceSEIrank":211,"engagementSEI":0,"engagementSEIadj":0,"voiceSEI":0,"voiceSEIadj":0,"audienceSEI":0,"audienceSEIadj":0,"SEI":0,"SEIadj":0},"non_scoped":{"SEI":0,"SEIrank":211,"SEIadj":0,"audienceSEI":0,"audienceSEIadj":0,"audienceSEIrank":211,"audienceScore":0,"combinedScore":0,"combinedScoreRank":211,"engagementSEI":0,"engagementSEIadj":0,"engagementSEIrank":211,"engagementScore":0,"voiceSEI":0,"voiceSEIadj":0,"voiceSEIrank":211,"voiceScore":0},"scoped":{"SEI":0,"SEIrank":190,"SEIadj":0,"audienceSEI":0,"audienceSEIadj":0,"audienceSEIrank":190,"audienceScore":0,"combinedScore":0,"combinedScoreRank":190,"engagementSEI":0,"engagementSEIadj":0,"engagementSEIrank":190,"engagementScore":0,"voiceSEI":0,"voiceSEIadj":0,"voiceSEIrank":190,"voiceScore":0}}},"blended":{"combined":{"non_scoped":{"SEI":1.5740306375874717,"SEIadj":60.62961225503499,"SEIrank":43,"audienceSEI":0.23297568488172454,"audienceSEIadj":50.11648784244086,"audienceSEIrank":153,"engagementSEI":0.029599426127641208,"engagementSEIadj":50.01479971306382,"engagementSEIrank":104,"voiceSEI":5.109911378075716,"voiceSEIadj":62.04396455123029,"voiceSEIrank":37},"scoped":{"SEI":17.173848455366446,"SEIadj":66.86953938214658,"SEIrank":39,"compCharisma":0,"compInfluence":12,"compEva":5.173848455366445,"audienceSEI":3.041524763038037,"audienceSEIadj":51.52076238151902,"audienceSEIrank":138,"engagementSEI":0.8879046564991409,"engagementSEIadj":50.44395232824957,"engagementSEIrank":94,"voiceSEI":19.902666886017307,"voiceSEIadj":67.96106675440693,"voiceSEIrank":28}},"facebook":{"non_scoped":{"SEI":0.11146321530123837,"SEIadj":50.05573160765062,"SEIrank":124,"audienceSEI":0.15622500924910215,"audienceSEIadj":50.07811250462455,"audienceSEIrank":129,"engagementSEI":0.0022028328738921414,"engagementSEIadj":50.001101416436946,"engagementSEIrank":132,"voiceSEI":0.3150633821733096,"voiceSEIadj":50.15753169108665,"voiceSEIrank":120},"scoped":{"SEI":0.7167524883708875,"SEIadj":50.35837624418544,"SEIrank":123,"audienceSEI":1.9913235677708985,"audienceSEIadj":50.99566178388545,"audienceSEIrank":114,"engagementSEI":0.17639361812277782,"engagementSEIadj":50.08819680906139,"engagementSEIrank":121,"voiceSEI":1.3726132024004365,"voiceSEIadj":50.686306601200215,"voiceSEIrank":111}},"twitter":{"non_scoped":{"SEI":3.6761089598957293,"SEIadj":61.47044358395829,"SEIrank":42,"audienceSEI":0.5349917075402215,"audienceSEIadj":40.32099502452413,"audienceSEIrank":173,"engagementSEI":1.6449779739637007,"engagementSEIadj":60.65799118958548,"engagementSEIrank":52,"voiceSEI":8.785410015878288,"voiceSEIadj":63.514164006351315,"voiceSEIrank":28},"scoped":{"SEI":14.220903757083152,"SEIadj":65.68836150283326,"SEIrank":33,"audienceSEI":2.5989291965542094,"audienceSEIadj":41.559357517932526,"audienceSEIrank":156,"engagementSEI":10.010852889601145,"engagementSEIadj":64.00434115584046,"engagementSEIrank":42,"voiceSEI":26.51499701222348,"voiceSEIadj":77.95449910366705,"voiceSEIrank":19}},"instagram":{"non_scoped":{"SEI":0,"SEIadj":0,"SEIrank":211,"audienceSEI":0,"audienceSEIadj":0,"audienceSEIrank":211,"engagementSEI":0,"engagementSEIadj":0,"engagementSEIrank":211,"voiceSEI":0,"voiceSEIadj":0,"voiceSEIrank":211},"scoped":{"SEI":0,"SEIadj":0,"SEIrank":190,"audienceSEI":0,"audienceSEIadj":0,"audienceSEIrank":190,"engagementSEI":0,"engagementSEIadj":0,"engagementSEIrank":190,"voiceSEI":0,"voiceSEIadj":0,"voiceSEIrank":190}},"influence":{"instagram":{"scope":"individual","ratio":0,"calculated":false},"combined":{"ratio":2,"bottom":true,"scope":"individual","calculated":true},"facebook":{"ratio":0.28,"bottom":true,"scope":"individual","calculated":true},"twitter":{"ratio":2,"bottom":false,"scope":"individual","calculated":true}},"charisma":{"instagram":{"scope":"individual","ratio":0,"calculated":false},"combined":{"ratio":0.08,"bottom":false,"scope":"individual","calculated":true},"facebook":{"ratio":0.05,"bottom":false,"scope":"individual","calculated":true},"twitter":{"ratio":0.49,"bottom":false,"scope":"individual","calculated":true}}},"scope":"individual"}}