{"scoreEntityString":"591d1494ab33fb0001804f89.asset.536575ffb08f37d80186dead","timeQuantum":4995834,"scoreEntityType":"asset","scoreProfileID":"591d1494ab33fb0001804f89","data":{"scoreEntityString":"591d1494ab33fb0001804f89.asset.536575ffb08f37d80186dead","scoreProfileID":"591d1494ab33fb0001804f89","scoreEntityType":"asset","entityID":"asset.536575ffb08f37d80186dead","object_version":"1.2","score_engine_version":"3.0.20","timestamp":4995834,"start_quantum":4969914,"end_quantum":4995833,"schedule_options":{"interval":15,"offset":"1"},"_15min":{"boundaryQuantum":4995831,"combined":{"entityString":"536575ffb08f37d80186dead","type":"combined","profiles":1,"postsMade":0,"repliesMade":0,"repliesRcvd":0,"sharesMade":0,"sharesRcvd":0,"mentionsRcvd":0,"likesRcvd":0,"reachRcvd":0,"audience":4746,"voice":0,"conversation":0,"engagement":0,"group_scoped":{"audienceScore":0.33435650462892835,"voiceScore":0,"engagementScore":0,"combinedScore":0.33435650462892835,"engagementSEI":0,"engagementSEIadj":0,"voiceSEI":0,"voiceSEIadj":0,"audienceSEI":0.4834667807591223,"audienceSEIadj":0.4834667807591223,"SEI":0.04834667807591223,"SEIadj":0.04834667807591223,"combinedScoreRank":160,"SEIrank":166,"engagementSEIrank":55,"voiceSEIrank":48,"audienceSEIrank":166},"non_scoped":{"SEI":0.018645912317852696,"SEIrank":171,"SEIadj":0,"audienceSEI":0.18645912317852695,"audienceSEIadj":0,"audienceSEIrank":171,"audienceScore":0.03435861884433417,"combinedScore":0.0017179309422167086,"combinedScoreRank":171,"engagementSEI":0,"engagementSEIadj":0,"engagementSEIrank":55,"engagementScore":0,"voiceSEI":0,"voiceSEIadj":0,"voiceSEIrank":48,"voiceScore":0},"scoped":{"SEI":0.24342456197940174,"SEIrank":155,"SEIadj":0,"audienceSEI":2.434245619794017,"audienceSEIadj":0,"audienceSEIrank":155,"audienceScore":0.09864128181290455,"combinedScore":0.004932064090645227,"combinedScoreRank":155,"engagementSEI":0,"engagementSEIadj":0,"engagementSEIrank":48,"engagementScore":0,"voiceSEI":0,"voiceSEIadj":0,"voiceSEIrank":45,"voiceScore":0}},"facebook":{"entityString":"536575ffb08f37d80186dead","type":"facebook","profiles":0,"postsMade":0,"repliesMade":0,"repliesRcvd":0,"sharesMade":0,"sharesRcvd":0,"mentionsRcvd":0,"likesRcvd":0,"reachRcvd":0,"audience":0,"voice":0,"conversation":0,"engagement":0,"group_scoped":{"audienceScore":0,"voiceScore":0,"engagementScore":0,"combinedScore":0,"engagementSEI":0,"engagementSEIadj":0,"voiceSEI":0,"voiceSEIadj":0,"audienceSEI":0,"audienceSEIadj":0,"SEI":0,"SEIadj":0,"combinedScoreRank":198,"SEIrank":198,"engagementSEIrank":53,"voiceSEIrank":47,"audienceSEIrank":198},"non_scoped":{"SEI":0,"SEIrank":198,"SEIadj":0,"audienceSEI":0,"audienceSEIadj":0,"audienceSEIrank":198,"audienceScore":0,"combinedScore":0,"combinedScoreRank":198,"engagementSEI":0,"engagementSEIadj":0,"engagementSEIrank":53,"engagementScore":0,"voiceSEI":0,"voiceSEIadj":0,"voiceSEIrank":47,"voiceScore":0},"scoped":{"SEI":0,"SEIrank":180,"SEIadj":0,"audienceSEI":0,"audienceSEIadj":0,"audienceSEIrank":180,"audienceScore":0,"combinedScore":0,"combinedScoreRank":180,"engagementSEI":0,"engagementSEIadj":0,"engagementSEIrank":46,"engagementScore":0,"voiceSEI":0,"voiceSEIadj":0,"voiceSEIrank":45,"voiceScore":0}},"twitter":{"entityString":"536575ffb08f37d80186dead","type":"twitter","profiles":1,"postsMade":0,"repliesMade":0,"repliesRcvd":0,"sharesMade":0,"sharesRcvd":0,"mentionsRcvd":0,"likesRcvd":0,"reachRcvd":0,"audience":4746,"voice":0,"conversation":0,"engagement":0,"group_scoped":{"audienceScore":1.375520602377164,"voiceScore":0,"engagementScore":0,"combinedScore":1.375520602377164,"engagementSEI":0,"engagementSEIadj":0,"voiceSEI":0,"voiceSEIadj":0,"audienceSEI":3.7301350268010127,"audienceSEIadj":3.7301350268010127,"SEI":0.3730135026801013,"SEIadj":0.3730135026801013,"combinedScoreRank":108,"SEIrank":115,"engagementSEIrank":49,"voiceSEIrank":48,"audienceSEIrank":114},"non_scoped":{"SEI":0.08382537616328463,"SEIrank":130,"SEIadj":0,"audienceSEI":0.8382537616328463,"audienceSEIadj":0,"audienceSEIrank":130,"audienceScore":0.1360807148452419,"combinedScore":0.0068040357422620955,"combinedScoreRank":130,"engagementSEI":0,"engagementSEIadj":0,"engagementSEIrank":49,"engagementScore":0,"voiceSEI":0,"voiceSEIadj":0,"voiceSEIrank":48,"voiceScore":0},"scoped":{"SEI":0.4072141950097814,"SEIrank":115,"SEIadj":0,"audienceSEI":4.072141950097814,"audienceSEIadj":0,"audienceSEIrank":115,"audienceScore":0.21555541627266261,"combinedScore":0.03079363089609466,"combinedScoreRank":115,"engagementSEI":0,"engagementSEIadj":0,"engagementSEIrank":46,"engagementScore":0,"voiceSEI":0,"voiceSEIadj":0,"voiceSEIrank":45,"voiceScore":0}},"instagram":{"entityString":"536575ffb08f37d80186dead","type":"instagram","profiles":0,"postsMade":0,"repliesMade":0,"repliesRcvd":0,"sharesMade":0,"sharesRcvd":0,"mentionsRcvd":0,"likesRcvd":0,"reachRcvd":0,"audience":0,"voice":0,"conversation":0,"engagement":0,"group_scoped":{"audienceScore":0,"voiceScore":0,"engagementScore":0,"combinedScore":0,"engagementSEI":0,"engagementSEIadj":0,"voiceSEI":0,"voiceSEIadj":0,"audienceSEI":0,"audienceSEIadj":0,"SEI":0,"SEIadj":0,"combinedScoreRank":110,"SEIrank":73,"engagementSEIrank":50,"voiceSEIrank":47,"audienceSEIrank":73},"non_scoped":{"SEI":0,"SEIrank":73,"SEIadj":0,"audienceSEI":0,"audienceSEIadj":0,"audienceSEIrank":73,"audienceScore":0,"combinedScore":0,"combinedScoreRank":73,"engagementSEI":0,"engagementSEIadj":0,"engagementSEIrank":50,"engagementScore":0,"voiceSEI":0,"voiceSEIadj":0,"voiceSEIrank":47,"voiceScore":0},"scoped":{"SEI":0,"SEIrank":67,"SEIadj":0,"audienceSEI":0,"audienceSEIadj":0,"audienceSEIrank":67,"audienceScore":0,"combinedScore":0,"combinedScoreRank":67,"engagementSEI":0,"engagementSEIadj":0,"engagementSEIrank":46,"engagementScore":0,"voiceSEI":0,"voiceSEIadj":0,"voiceSEIrank":45,"voiceScore":0}}},"hour":{"boundaryQuantum":4995822,"combined":{"entityString":"536575ffb08f37d80186dead","type":"combined","profiles":1,"postsMade":1,"repliesMade":0,"repliesRcvd":0,"sharesMade":0,"sharesRcvd":0,"mentionsRcvd":0,"likesRcvd":0,"reachRcvd":0,"audience":4746,"voice":1,"conversation":1,"engagement":0,"group_scoped":{"audienceScore":0.33435650462892835,"voiceScore":12.5,"engagementScore":0,"combinedScore":9.458589126157232,"combinedScoreRank":15,"SEIrank":24,"engagementSEIrank":96,"voiceSEIrank":18,"audienceSEIrank":166,"engagementSEI":0,"engagementSEIadj":0,"voiceSEI":16.666666666666664,"voiceSEIadj":16.666666666666664,"audienceSEI":0.4834667807591223,"audienceSEIadj":0.4834667807591223,"SEI":5.048346678075911,"SEIadj":5.048346678075911},"non_scoped":{"SEI":3.3519792456511857,"SEIrank":21,"SEIadj":0,"audienceSEI":0.18645912317852695,"audienceSEIadj":0,"audienceSEIrank":171,"audienceScore":0.03435861884433417,"combinedScore":0.07864100786529364,"combinedScoreRank":42,"engagementSEI":0,"engagementSEIadj":0,"engagementSEIrank":96,"engagementScore":0,"voiceSEI":11.11111111111111,"voiceSEIadj":0,"voiceSEIrank":18,"voiceScore":1.5384615384615385},"scoped":{"SEI":10.243424561979399,"SEIrank":21,"SEIadj":0,"audienceSEI":2.434245619794017,"audienceSEIadj":0,"audienceSEIrank":155,"audienceScore":0.09864128181290455,"combinedScore":0.20493206409064524,"combinedScoreRank":59,"engagementSEI":0,"engagementSEIadj":0,"engagementSEIrank":86,"engagementScore":0,"voiceSEI":33.33333333333333,"voiceSEIadj":0,"voiceSEIrank":11,"voiceScore":4}},"facebook":{"entityString":"536575ffb08f37d80186dead","type":"facebook","profiles":0,"postsMade":0,"repliesMade":0,"repliesRcvd":0,"sharesMade":0,"sharesRcvd":0,"mentionsRcvd":0,"likesRcvd":0,"reachRcvd":0,"audience":0,"voice":0,"conversation":0,"engagement":0,"group_scoped":{"audienceScore":0,"voiceScore":0,"engagementScore":0,"combinedScore":0,"combinedScoreRank":198,"SEIrank":198,"engagementSEIrank":79,"voiceSEIrank":55,"audienceSEIrank":198,"engagementSEI":0,"engagementSEIadj":0,"voiceSEI":0,"voiceSEIadj":0,"audienceSEI":0,"audienceSEIadj":0,"SEI":0,"SEIadj":0},"non_scoped":{"SEI":0,"SEIrank":198,"SEIadj":0,"audienceSEI":0,"audienceSEIadj":0,"audienceSEIrank":198,"audienceScore":0,"combinedScore":0,"combinedScoreRank":198,"engagementSEI":0,"engagementSEIadj":0,"engagementSEIrank":79,"engagementScore":0,"voiceSEI":0,"voiceSEIadj":0,"voiceSEIrank":55,"voiceScore":0},"scoped":{"SEI":0,"SEIrank":180,"SEIadj":0,"audienceSEI":0,"audienceSEIadj":0,"audienceSEIrank":180,"audienceScore":0,"combinedScore":0,"combinedScoreRank":180,"engagementSEI":0,"engagementSEIadj":0,"engagementSEIrank":69,"engagementScore":0,"voiceSEI":0,"voiceSEIadj":0,"voiceSEIrank":47,"voiceScore":0}},"twitter":{"entityString":"536575ffb08f37d80186dead","type":"twitter","profiles":1,"postsMade":1,"repliesMade":0,"repliesRcvd":0,"sharesMade":0,"sharesRcvd":0,"mentionsRcvd":0,"likesRcvd":0,"reachRcvd":0,"audience":4746,"voice":1,"conversation":1,"engagement":0,"group_scoped":{"audienceScore":1.375520602377164,"voiceScore":25,"engagementScore":0,"combinedScore":19.09388015059429,"combinedScoreRank":17,"SEIrank":22,"engagementSEIrank":70,"voiceSEIrank":11,"audienceSEIrank":114,"engagementSEI":0,"engagementSEIadj":0,"voiceSEI":50,"voiceSEIadj":50,"audienceSEI":3.7301350268010127,"audienceSEIadj":3.7301350268010127,"SEI":15.3730135026801,"SEIadj":15.3730135026801},"non_scoped":{"SEI":5.083825376163284,"SEIrank":20,"SEIadj":0,"audienceSEI":0.8382537616328463,"audienceSEIadj":0,"audienceSEIrank":130,"audienceScore":0.1360807148452419,"combinedScore":0.14193917087739724,"combinedScoreRank":42,"engagementSEI":0,"engagementSEIadj":0,"engagementSEIrank":70,"engagementScore":0,"voiceSEI":16.666666666666664,"voiceSEIadj":0,"voiceSEIrank":14,"voiceScore":2.7027027027027026},"scoped":{"SEI":10.407214195009779,"SEIrank":18,"SEIadj":0,"audienceSEI":4.072141950097814,"audienceSEIadj":0,"audienceSEIrank":115,"audienceScore":0.21555541627266261,"combinedScore":0.30489541787245666,"combinedScoreRank":32,"engagementSEI":0,"engagementSEIadj":0,"engagementSEIrank":61,"engagementScore":0,"voiceSEI":33.33333333333333,"voiceSEIadj":0,"voiceSEIrank":8,"voiceScore":5.88235294117647}},"instagram":{"entityString":"536575ffb08f37d80186dead","type":"instagram","profiles":0,"postsMade":0,"repliesMade":0,"repliesRcvd":0,"sharesMade":0,"sharesRcvd":0,"mentionsRcvd":0,"likesRcvd":0,"reachRcvd":0,"audience":0,"voice":0,"conversation":0,"engagement":0,"group_scoped":{"audienceScore":0,"voiceScore":0,"engagementScore":0,"combinedScore":0,"combinedScoreRank":110,"SEIrank":73,"engagementSEIrank":55,"voiceSEIrank":49,"audienceSEIrank":73,"engagementSEI":0,"engagementSEIadj":0,"voiceSEI":0,"voiceSEIadj":0,"audienceSEI":0,"audienceSEIadj":0,"SEI":0,"SEIadj":0},"non_scoped":{"SEI":0,"SEIrank":73,"SEIadj":0,"audienceSEI":0,"audienceSEIadj":0,"audienceSEIrank":73,"audienceScore":0,"combinedScore":0,"combinedScoreRank":73,"engagementSEI":0,"engagementSEIadj":0,"engagementSEIrank":55,"engagementScore":0,"voiceSEI":0,"voiceSEIadj":0,"voiceSEIrank":49,"voiceScore":0},"scoped":{"SEI":0,"SEIrank":67,"SEIadj":0,"audienceSEI":0,"audienceSEIadj":0,"audienceSEIrank":67,"audienceScore":0,"combinedScore":0,"combinedScoreRank":67,"engagementSEI":0,"engagementSEIadj":0,"engagementSEIrank":49,"engagementScore":0,"voiceSEI":0,"voiceSEIadj":0,"voiceSEIrank":45,"voiceScore":0}}},"today":{"boundaryQuantum":4995546,"combined":{"entityString":"536575ffb08f37d80186dead","type":"combined","profiles":1,"postsMade":3,"repliesMade":0,"repliesRcvd":0,"sharesMade":0,"sharesRcvd":1,"mentionsRcvd":0,"likesRcvd":2,"reachRcvd":0,"audience":4746,"voice":3,"conversation":3,"engagement":3,"group_scoped":{"audienceScore":0.33435650462892835,"voiceScore":2.380952380952381,"engagementScore":0.03451449608835711,"combinedScore":0.16682849075858688,"combinedScoreRank":141,"SEIrank":85,"engagementSEIrank":117,"voiceSEIrank":64,"audienceSEIrank":166,"engagementSEI":0.04110152075626798,"engagementSEIadj":0.04110152075626798,"voiceSEI":3.296703296703297,"voiceSEIadj":3.296703296703297,"audienceSEI":0.4834667807591223,"audienceSEIadj":0.4834667807591223,"SEI":1.0620185795406623,"SEIadj":1.0620185795406623},"non_scoped":{"SEI":0.636913499595425,"SEIrank":96,"SEIadj":0,"audienceSEI":0.18645912317852695,"audienceSEIadj":0,"audienceSEIrank":171,"audienceScore":0.03435861884433417,"combinedScore":0.013190106531191972,"combinedScoreRank":132,"engagementSEI":0.0030487185219812605,"engagementSEIadj":0,"engagementSEIrank":145,"engagementScore":0.0011162499953489584,"voiceSEI":2.054794520547945,"voiceSEIadj":0,"voiceSEIrank":77,"voiceScore":0.20935101186322402},"scoped":{"SEI":3.6717447027005976,"SEIrank":101,"SEIadj":0,"audienceSEI":2.434245619794017,"audienceSEIadj":0,"audienceSEIrank":155,"audienceScore":0.09864128181290455,"combinedScore":0.0406500828532167,"combinedScoreRank":130,"engagementSEI":0.15831134564643798,"engagementSEIadj":0,"engagementSEIrank":133,"engagementScore":0.012409000661813368,"voiceSEI":11.11111111111111,"voiceSEIadj":0,"voiceSEIrank":66,"voiceScore":0.4909983633387889}},"facebook":{"entityString":"536575ffb08f37d80186dead","type":"facebook","profiles":0,"postsMade":0,"repliesMade":0,"repliesRcvd":0,"sharesMade":0,"sharesRcvd":0,"mentionsRcvd":0,"likesRcvd":0,"reachRcvd":0,"audience":0,"voice":0,"conversation":0,"engagement":0,"group_scoped":{"audienceScore":0,"voiceScore":0,"engagementScore":0,"combinedScore":0,"combinedScoreRank":198,"SEIrank":198,"engagementSEIrank":117,"voiceSEIrank":99,"audienceSEIrank":198,"engagementSEI":0,"engagementSEIadj":0,"voiceSEI":0,"voiceSEIadj":0,"audienceSEI":0,"audienceSEIadj":0,"SEI":0,"SEIadj":0},"non_scoped":{"SEI":0,"SEIrank":198,"SEIadj":0,"audienceSEI":0,"audienceSEIadj":0,"audienceSEIrank":198,"audienceScore":0,"combinedScore":0,"combinedScoreRank":198,"engagementSEI":0,"engagementSEIadj":0,"engagementSEIrank":117,"engagementScore":0,"voiceSEI":0,"voiceSEIadj":0,"voiceSEIrank":99,"voiceScore":0},"scoped":{"SEI":0,"SEIrank":180,"SEIadj":0,"audienceSEI":0,"audienceSEIadj":0,"audienceSEIrank":180,"audienceScore":0,"combinedScore":0,"combinedScoreRank":180,"engagementSEI":0,"engagementSEIadj":0,"engagementSEIrank":107,"engagementScore":0,"voiceSEI":0,"voiceSEIadj":0,"voiceSEIrank":89,"voiceScore":0}},"twitter":{"entityString":"536575ffb08f37d80186dead","type":"twitter","profiles":1,"postsMade":3,"repliesMade":0,"repliesRcvd":0,"sharesMade":0,"sharesRcvd":1,"mentionsRcvd":0,"likesRcvd":2,"reachRcvd":0,"audience":4746,"voice":3,"conversation":3,"engagement":3,"group_scoped":{"audienceScore":1.375520602377164,"voiceScore":3.5294117647058822,"engagementScore":0.395778364116095,"combinedScore":0.6014471460586379,"combinedScoreRank":159,"SEIrank":100,"engagementSEIrank":116,"voiceSEIrank":56,"audienceSEIrank":114,"engagementSEI":0.7125890736342043,"engagementSEIadj":0.7125890736342043,"voiceSEI":5.357142857142857,"voiceSEIadj":5.357142857142857,"audienceSEI":3.7301350268010127,"audienceSEIadj":3.7301350268010127,"SEI":2.407709804003481,"SEIadj":2.407709804003481},"non_scoped":{"SEI":1.182482409412762,"SEIrank":82,"SEIadj":0,"audienceSEI":0.8382537616328463,"audienceSEIadj":0,"audienceSEIrank":130,"audienceScore":0.1360807148452419,"combinedScore":0.05517700946706801,"combinedScoreRank":122,"engagementSEI":0.1457017969888295,"engagementSEIadj":0,"engagementSEIrank":124,"engagementScore":0.03485130111524164,"voiceSEI":3.3707865168539324,"voiceSEIadj":0,"voiceSEIrank":58,"voiceScore":0.3401360544217687},"scoped":{"SEI":4.958555545611076,"SEIrank":80,"SEIadj":0,"audienceSEI":4.072141950097814,"audienceSEIadj":0,"audienceSEIrank":115,"audienceScore":0.21555541627266261,"combinedScore":0.11186829224041,"combinedScoreRank":111,"engagementSEI":1.0638297872340425,"engagementSEIadj":0,"engagementSEIrank":113,"engagementScore":0.0741839762611276,"voiceSEI":13.043478260869565,"voiceSEIadj":0,"voiceSEIrank":48,"voiceScore":0.6864988558352403}},"instagram":{"entityString":"536575ffb08f37d80186dead","type":"instagram","profiles":0,"postsMade":0,"repliesMade":0,"repliesRcvd":0,"sharesMade":0,"sharesRcvd":0,"mentionsRcvd":0,"likesRcvd":0,"reachRcvd":0,"audience":0,"voice":0,"conversation":0,"engagement":0,"group_scoped":{"audienceScore":0,"voiceScore":0,"engagementScore":0,"combinedScore":0,"combinedScoreRank":110,"SEIrank":73,"engagementSEIrank":68,"voiceSEIrank":58,"audienceSEIrank":73,"engagementSEI":0,"engagementSEIadj":0,"voiceSEI":0,"voiceSEIadj":0,"audienceSEI":0,"audienceSEIadj":0,"SEI":0,"SEIadj":0},"non_scoped":{"SEI":0,"SEIrank":73,"SEIadj":0,"audienceSEI":0,"audienceSEIadj":0,"audienceSEIrank":73,"audienceScore":0,"combinedScore":0,"combinedScoreRank":73,"engagementSEI":0,"engagementSEIadj":0,"engagementSEIrank":68,"engagementScore":0,"voiceSEI":0,"voiceSEIadj":0,"voiceSEIrank":58,"voiceScore":0},"scoped":{"SEI":0,"SEIrank":67,"SEIadj":0,"audienceSEI":0,"audienceSEIadj":0,"audienceSEIrank":67,"audienceScore":0,"combinedScore":0,"combinedScoreRank":67,"engagementSEI":0,"engagementSEIadj":0,"engagementSEIrank":62,"engagementScore":0,"voiceSEI":0,"voiceSEIadj":0,"voiceSEIrank":52,"voiceScore":0}}},"week":{"boundaryQuantum":4993818,"combined":{"entityString":"536575ffb08f37d80186dead","type":"combined","profiles":1,"postsMade":13,"repliesMade":0,"repliesRcvd":0,"sharesMade":0,"sharesRcvd":6,"mentionsRcvd":0,"likesRcvd":53,"reachRcvd":0,"audience":4746,"voice":13,"conversation":13,"engagement":59,"group_scoped":{"audienceScore":0.33435650462892835,"voiceScore":1.4942528735632183,"engagementScore":0.06961734061758841,"combinedScore":0.1540860754654369,"combinedScoreRank":137,"SEIrank":112,"engagementSEIrank":127,"voiceSEIrank":94,"audienceSEIrank":166,"engagementSEI":0.0770054034300034,"engagementSEIadj":0.0770054034300034,"voiceSEI":2.280701754385965,"voiceSEIadj":2.280701754385965,"audienceSEI":0.4834667807591223,"audienceSEIadj":0.4834667807591223,"SEI":0.7787604464497038,"SEIadj":0.7787604464497038},"non_scoped":{"SEI":0.4901749799892584,"SEIrank":114,"SEIadj":0,"audienceSEI":0.18645912317852695,"audienceSEIadj":0,"audienceSEIrank":171,"audienceScore":0.03435861884433417,"combinedScore":0.012324229661945256,"combinedScoreRank":149,"engagementSEI":0.007438665679887739,"engagementSEIadj":0,"engagementSEIrank":149,"engagementScore":0.0031198426753232607,"voiceSEI":1.5568862275449102,"voiceSEIadj":0,"voiceSEIrank":97,"voiceScore":0.15596880623875226},"scoped":{"SEI":2.0676395206951064,"SEIrank":122,"SEIadj":0,"audienceSEI":2.434245619794017,"audienceSEIadj":0,"audienceSEIrank":155,"audienceScore":0.09864128181290455,"combinedScore":0.04803658019513676,"combinedScoreRank":146,"engagementSEI":0.20193031692792113,"engagementSEIadj":0,"engagementSEIrank":137,"engagementScore":0.029554083973671822,"voiceSEI":5.676855895196507,"voiceSEIadj":0,"voiceSEIrank":86,"voiceScore":0.33011681056373793}},"facebook":{"entityString":"536575ffb08f37d80186dead","type":"facebook","profiles":0,"postsMade":0,"repliesMade":0,"repliesRcvd":0,"sharesMade":0,"sharesRcvd":0,"mentionsRcvd":0,"likesRcvd":0,"reachRcvd":0,"audience":0,"voice":0,"conversation":0,"engagement":0,"group_scoped":{"audienceScore":0,"voiceScore":0,"engagementScore":0,"combinedScore":0,"combinedScoreRank":198,"SEIrank":198,"engagementSEIrank":145,"voiceSEIrank":132,"audienceSEIrank":198,"engagementSEI":0,"engagementSEIadj":0,"voiceSEI":0,"voiceSEIadj":0,"audienceSEI":0,"audienceSEIadj":0,"SEI":0,"SEIadj":0},"non_scoped":{"SEI":0,"SEIrank":198,"SEIadj":0,"audienceSEI":0,"audienceSEIadj":0,"audienceSEIrank":198,"audienceScore":0,"combinedScore":0,"combinedScoreRank":198,"engagementSEI":0,"engagementSEIadj":0,"engagementSEIrank":145,"engagementScore":0,"voiceSEI":0,"voiceSEIadj":0,"voiceSEIrank":132,"voiceScore":0},"scoped":{"SEI":0,"SEIrank":180,"SEIadj":0,"audienceSEI":0,"audienceSEIadj":0,"audienceSEIrank":180,"audienceScore":0,"combinedScore":0,"combinedScoreRank":180,"engagementSEI":0,"engagementSEIadj":0,"engagementSEIrank":135,"engagementScore":0,"voiceSEI":0,"voiceSEIadj":0,"voiceSEIrank":122,"voiceScore":0}},"twitter":{"entityString":"536575ffb08f37d80186dead","type":"twitter","profiles":1,"postsMade":13,"repliesMade":0,"repliesRcvd":0,"sharesMade":0,"sharesRcvd":6,"mentionsRcvd":0,"likesRcvd":53,"reachRcvd":0,"audience":4746,"voice":13,"conversation":13,"engagement":59,"group_scoped":{"audienceScore":1.375520602377164,"voiceScore":2.1885521885521886,"engagementScore":0.9399394615262067,"combinedScore":1.0241491549200537,"combinedScoreRank":118,"SEIrank":108,"engagementSEIrank":110,"voiceSEIrank":85,"audienceSEIrank":114,"engagementSEI":2.040110650069156,"engagementSEIadj":2.040110650069156,"voiceSEI":3.9634146341463414,"voiceSEIadj":3.9634146341463414,"audienceSEI":3.7301350268010127,"audienceSEIadj":3.7301350268010127,"SEI":2.786104282965497,"SEIadj":2.786104282965497},"non_scoped":{"SEI":1.1763861350781615,"SEIrank":98,"SEIadj":0,"audienceSEI":0.8382537616328463,"audienceSEIadj":0,"audienceSEIrank":130,"audienceScore":0.1360807148452419,"combinedScore":0.1051413166960558,"combinedScoreRank":108,"engagementSEI":0.4496265813138241,"engagementSEIadj":0,"engagementSEIrank":106,"engagementScore":0.0950968698623513,"voiceSEI":2.7426160337552745,"voiceSEIadj":0,"voiceSEIrank":75,"voiceScore":0.2550019615535504},"scoped":{"SEI":4.273472936268522,"SEIrank":94,"SEIadj":0,"audienceSEI":4.072141950097814,"audienceSEIadj":0,"audienceSEIrank":115,"audienceScore":0.21555541627266261,"combinedScore":0.1878840767289592,"combinedScoreRank":96,"engagementSEI":2.7505827505827507,"engagementSEIadj":0,"engagementSEIrank":95,"engagementScore":0.1712825872379957,"voiceSEI":7.386363636363637,"voiceSEIadj":0,"voiceSEIrank":64,"voiceScore":0.4590395480225989}},"instagram":{"entityString":"536575ffb08f37d80186dead","type":"instagram","profiles":0,"postsMade":0,"repliesMade":0,"repliesRcvd":0,"sharesMade":0,"sharesRcvd":0,"mentionsRcvd":0,"likesRcvd":0,"reachRcvd":0,"audience":0,"voice":0,"conversation":0,"engagement":0,"group_scoped":{"audienceScore":0,"voiceScore":0,"engagementScore":0,"combinedScore":0,"combinedScoreRank":110,"SEIrank":73,"engagementSEIrank":70,"voiceSEIrank":69,"audienceSEIrank":73,"engagementSEI":0,"engagementSEIadj":0,"voiceSEI":0,"voiceSEIadj":0,"audienceSEI":0,"audienceSEIadj":0,"SEI":0,"SEIadj":0},"non_scoped":{"SEI":0,"SEIrank":73,"SEIadj":0,"audienceSEI":0,"audienceSEIadj":0,"audienceSEIrank":73,"audienceScore":0,"combinedScore":0,"combinedScoreRank":73,"engagementSEI":0,"engagementSEIadj":0,"engagementSEIrank":70,"engagementScore":0,"voiceSEI":0,"voiceSEIadj":0,"voiceSEIrank":69,"voiceScore":0},"scoped":{"SEI":0,"SEIrank":67,"SEIadj":0,"audienceSEI":0,"audienceSEIadj":0,"audienceSEIrank":67,"audienceScore":0,"combinedScore":0,"combinedScoreRank":67,"engagementSEI":0,"engagementSEIadj":0,"engagementSEIrank":64,"engagementScore":0,"voiceSEI":0,"voiceSEIadj":0,"voiceSEIrank":63,"voiceScore":0}}},"month":{"boundaryQuantum":4987194,"combined":{"entityString":"536575ffb08f37d80186dead","type":"combined","profiles":1,"postsMade":31,"repliesMade":0,"repliesRcvd":0,"sharesMade":0,"sharesRcvd":14,"mentionsRcvd":0,"likesRcvd":164,"reachRcvd":0,"audience":4746,"voice":31,"conversation":31,"engagement":178,"group_scoped":{"audienceScore":0.33435650462892835,"voiceScore":0.7958921694480102,"engagementScore":0.04859776341079853,"combinedScore":0.10025042077356561,"combinedScoreRank":160,"SEIrank":151,"engagementSEIrank":142,"voiceSEIrank":135,"audienceSEIrank":166,"engagementSEI":0.055663790704146954,"engagementSEIadj":0.055663790704146954,"voiceSEI":1.2704918032786885,"voiceSEIadj":1.2704918032786885,"audienceSEI":0.4834667807591223,"audienceSEIadj":0.4834667807591223,"SEI":0.46289249348200695,"SEIadj":0.46289249348200695},"non_scoped":{"SEI":0.27443327603554313,"SEIrank":154,"SEIadj":0,"audienceSEI":0.18645912317852695,"audienceSEIadj":0,"audienceSEIrank":171,"audienceScore":0.03435861884433417,"combinedScore":0.007624938416700552,"combinedScoreRank":174,"engagementSEI":0.004887585532746823,"engagementSEIadj":0,"engagementSEIrank":167,"engagementScore":0.002044733719382123,"voiceSEI":0.8428493746601413,"voiceSEIadj":0,"voiceSEIrank":142,"voiceScore":0.08133494254079866},"scoped":{"SEI":1.2983397273414903,"SEIrank":150,"SEIadj":0,"audienceSEI":2.434245619794017,"audienceSEIadj":0,"audienceSEIrank":155,"audienceScore":0.09864128181290455,"combinedScore":0.032345335497178856,"combinedScoreRank":158,"engagementSEI":0.1469653310435364,"engagementSEIadj":0,"engagementSEIrank":154,"engagementScore":0.020946252856574653,"voiceSEI":3.2224532224532227,"voiceSEIadj":0,"voiceSEIrank":130,"voiceScore":0.17123287671232876}},"facebook":{"entityString":"536575ffb08f37d80186dead","type":"facebook","profiles":0,"postsMade":0,"repliesMade":0,"repliesRcvd":0,"sharesMade":0,"sharesRcvd":0,"mentionsRcvd":0,"likesRcvd":0,"reachRcvd":0,"audience":0,"voice":0,"conversation":0,"engagement":0,"group_scoped":{"audienceScore":0,"voiceScore":0,"engagementScore":0,"combinedScore":0,"combinedScoreRank":198,"SEIrank":198,"engagementSEIrank":155,"voiceSEIrank":150,"audienceSEIrank":198,"engagementSEI":0,"engagementSEIadj":0,"voiceSEI":0,"voiceSEIadj":0,"audienceSEI":0,"audienceSEIadj":0,"SEI":0,"SEIadj":0},"non_scoped":{"SEI":0,"SEIrank":198,"SEIadj":0,"audienceSEI":0,"audienceSEIadj":0,"audienceSEIrank":198,"audienceScore":0,"combinedScore":0,"combinedScoreRank":198,"engagementSEI":0,"engagementSEIadj":0,"engagementSEIrank":155,"engagementScore":0,"voiceSEI":0,"voiceSEIadj":0,"voiceSEIrank":150,"voiceScore":0},"scoped":{"SEI":0,"SEIrank":180,"SEIadj":0,"audienceSEI":0,"audienceSEIadj":0,"audienceSEIrank":180,"audienceScore":0,"combinedScore":0,"combinedScoreRank":180,"engagementSEI":0,"engagementSEIadj":0,"engagementSEIrank":143,"engagementScore":0,"voiceSEI":0,"voiceSEIadj":0,"voiceSEIrank":139,"voiceScore":0}},"twitter":{"entityString":"536575ffb08f37d80186dead","type":"twitter","profiles":1,"postsMade":31,"repliesMade":0,"repliesRcvd":0,"sharesMade":0,"sharesRcvd":14,"mentionsRcvd":0,"likesRcvd":164,"reachRcvd":0,"audience":4746,"voice":31,"conversation":31,"engagement":178,"group_scoped":{"audienceScore":1.375520602377164,"voiceScore":1.1601796407185627,"engagementScore":0.7180314643001211,"combinedScore":0.7730133300248954,"combinedScoreRank":117,"SEIrank":123,"engagementSEIrank":115,"voiceSEIrank":119,"audienceSEIrank":114,"engagementSEI":1.7613299030279042,"engagementSEIadj":1.7613299030279042,"voiceSEI":2.2302158273381294,"voiceSEIadj":2.2302158273381294,"audienceSEI":3.7301350268010127,"audienceSEIadj":3.7301350268010127,"SEI":2.0988761926982824,"SEIadj":2.0988761926982824},"non_scoped":{"SEI":0.6981804014367958,"SEIrank":128,"SEIadj":0,"audienceSEI":0.8382537616328463,"audienceSEIadj":0,"audienceSEIrank":130,"audienceScore":0.1360807148452419,"combinedScore":0.07219316488093004,"combinedScoreRank":125,"engagementSEI":0.28406824021321075,"engagementSEIadj":0,"engagementSEIrank":124,"engagementScore":0.06536691772949113,"voiceSEI":1.4797136038186158,"voiceSEIadj":0,"voiceSEIrank":119,"voiceScore":0.13117806364251863},"scoped":{"SEI":2.7018849209535056,"SEIrank":118,"SEIadj":0,"audienceSEI":4.072141950097814,"audienceSEIadj":0,"audienceSEIrank":115,"audienceScore":0.21555541627266261,"combinedScore":0.13535746776731877,"combinedScoreRank":113,"engagementSEI":1.5616774872784698,"engagementSEIadj":0,"engagementSEIrank":112,"engagementScore":0.12528417688999627,"voiceSEI":4.525547445255475,"voiceSEIadj":0,"voiceSEIrank":107,"voiceScore":0.23647875505377985}},"instagram":{"entityString":"536575ffb08f37d80186dead","type":"instagram","profiles":0,"postsMade":0,"repliesMade":0,"repliesRcvd":0,"sharesMade":0,"sharesRcvd":0,"mentionsRcvd":0,"likesRcvd":0,"reachRcvd":0,"audience":0,"voice":0,"conversation":0,"engagement":0,"group_scoped":{"audienceScore":0,"voiceScore":0,"engagementScore":0,"combinedScore":0,"combinedScoreRank":110,"SEIrank":73,"engagementSEIrank":70,"voiceSEIrank":70,"audienceSEIrank":73,"engagementSEI":0,"engagementSEIadj":0,"voiceSEI":0,"voiceSEIadj":0,"audienceSEI":0,"audienceSEIadj":0,"SEI":0,"SEIadj":0},"non_scoped":{"SEI":0,"SEIrank":73,"SEIadj":0,"audienceSEI":0,"audienceSEIadj":0,"audienceSEIrank":73,"audienceScore":0,"combinedScore":0,"combinedScoreRank":73,"engagementSEI":0,"engagementSEIadj":0,"engagementSEIrank":70,"engagementScore":0,"voiceSEI":0,"voiceSEIadj":0,"voiceSEIrank":70,"voiceScore":0},"scoped":{"SEI":0,"SEIrank":67,"SEIadj":0,"audienceSEI":0,"audienceSEIadj":0,"audienceSEIrank":67,"audienceScore":0,"combinedScore":0,"combinedScoreRank":67,"engagementSEI":0,"engagementSEIadj":0,"engagementSEIrank":64,"engagementScore":0,"voiceSEI":0,"voiceSEIadj":0,"voiceSEIrank":64,"voiceScore":0}}},"quarter":{"boundaryQuantum":4969914,"combined":{"entityString":"536575ffb08f37d80186dead","type":"combined","profiles":1,"postsMade":88,"repliesMade":0,"repliesRcvd":0,"sharesMade":0,"sharesRcvd":33,"mentionsRcvd":0,"likesRcvd":463,"reachRcvd":0,"audience":4746,"voice":88,"conversation":88,"engagement":496,"group_scoped":{"audienceScore":0.33435650462892835,"voiceScore":0.6998011928429424,"engagementScore":0.04234538810914182,"combinedScore":0.08981873417182118,"combinedScoreRank":153,"SEIrank":162,"engagementSEIrank":142,"voiceSEIrank":146,"audienceSEIrank":166,"engagementSEI":0.05033575777134373,"engagementSEIadj":0.05033575777134373,"voiceSEI":1.1143472204634672,"voiceSEIadj":1.1143472204634672,"audienceSEI":0.4834667807591223,"audienceSEIadj":0.4834667807591223,"SEI":0.41285229887775865,"SEIadj":0.41285229887775865},"non_scoped":{"SEI":0.2678725613538015,"SEIrank":158,"SEIadj":0,"audienceSEI":0.18645912317852695,"audienceSEIadj":0,"audienceSEIrank":171,"audienceScore":0.03435861884433417,"combinedScore":0.007278897742044137,"combinedScoreRank":174,"engagementSEI":0.004354861891613282,"engagementSEIadj":0,"engagementSEIrank":169,"engagementScore":0.0017929788970721667,"voiceSEI":0.8220457730032694,"voiceSEIadj":0,"voiceSEIrank":145,"voiceScore":0.07894571584924956},"scoped":{"SEI":1.294288672472572,"SEIrank":158,"SEIadj":0,"audienceSEI":2.434245619794017,"audienceSEIadj":0,"audienceSEIrank":155,"audienceScore":0.09864128181290455,"combinedScore":0.02973360681799131,"combinedScoreRank":161,"engagementSEI":0.12961932164146145,"engagementSEIadj":0,"engagementSEIrank":156,"engagementScore":0.018265983656363817,"voiceSEI":3.243641725027645,"voiceSEIadj":0,"voiceSEIrank":134,"voiceScore":0.16724314873237295}},"facebook":{"entityString":"536575ffb08f37d80186dead","type":"facebook","profiles":0,"postsMade":0,"repliesMade":0,"repliesRcvd":0,"sharesMade":0,"sharesRcvd":0,"mentionsRcvd":0,"likesRcvd":0,"reachRcvd":0,"audience":0,"voice":0,"conversation":0,"engagement":0,"group_scoped":{"audienceScore":0,"voiceScore":0,"engagementScore":0,"combinedScore":0,"combinedScoreRank":198,"SEIrank":198,"engagementSEIrank":161,"voiceSEIrank":161,"audienceSEIrank":198,"engagementSEI":0,"engagementSEIadj":0,"voiceSEI":0,"voiceSEIadj":0,"audienceSEI":0,"audienceSEIadj":0,"SEI":0,"SEIadj":0},"non_scoped":{"SEI":0,"SEIrank":198,"SEIadj":0,"audienceSEI":0,"audienceSEIadj":0,"audienceSEIrank":198,"audienceScore":0,"combinedScore":0,"combinedScoreRank":198,"engagementSEI":0,"engagementSEIadj":0,"engagementSEIrank":161,"engagementScore":0,"voiceSEI":0,"voiceSEIadj":0,"voiceSEIrank":161,"voiceScore":0},"scoped":{"SEI":0,"SEIrank":180,"SEIadj":0,"audienceSEI":0,"audienceSEIadj":0,"audienceSEIrank":180,"audienceScore":0,"combinedScore":0,"combinedScoreRank":180,"engagementSEI":0,"engagementSEIadj":0,"engagementSEIrank":148,"engagementScore":0,"voiceSEI":0,"voiceSEIadj":0,"voiceSEIrank":148,"voiceScore":0}},"twitter":{"entityString":"536575ffb08f37d80186dead","type":"twitter","profiles":1,"postsMade":88,"repliesMade":0,"repliesRcvd":0,"sharesMade":0,"sharesRcvd":33,"mentionsRcvd":0,"likesRcvd":463,"reachRcvd":0,"audience":4746,"voice":88,"conversation":88,"engagement":496,"group_scoped":{"audienceScore":1.375520602377164,"voiceScore":1.0109132682366457,"engagementScore":0.6558070657922572,"combinedScore":0.7095480527437221,"combinedScoreRank":124,"SEIrank":130,"engagementSEIrank":119,"voiceSEIrank":123,"audienceSEIrank":114,"engagementSEI":1.6798753640858903,"engagementSEIadj":1.6798753640858903,"voiceSEI":1.8876018876018876,"voiceSEIadj":1.8876018876018876,"audienceSEI":3.7301350268010127,"audienceSEIadj":3.7301350268010127,"SEI":1.9472192874122016,"SEIadj":1.9472192874122016},"non_scoped":{"SEI":0.6852734125265972,"SEIrank":134,"SEIadj":0,"audienceSEI":0.8382537616328463,"audienceSEIadj":0,"audienceSEIrank":130,"audienceScore":0.1360807148452419,"combinedScore":0.06988613943349974,"combinedScoreRank":134,"engagementSEI":0.26834599320478697,"engagementSEIadj":0,"engagementSEIrank":128,"engagementScore":0.06297525047263179,"voiceSEI":1.4681348014681348,"voiceSEIadj":0,"voiceSEIrank":119,"voiceScore":0.1280875653173806},"scoped":{"SEI":2.786014798996451,"SEIrank":124,"SEIadj":0,"audienceSEI":4.072141950097814,"audienceSEIadj":0,"audienceSEIrank":115,"audienceScore":0.21555541627266261,"combinedScore":0.13505786091311361,"combinedScoreRank":122,"engagementSEI":1.6341591987348445,"engagementSEIadj":0,"engagementSEIrank":116,"engagementScore":0.12506965825220195,"voiceSEI":4.661016949152542,"voiceSEIadj":0,"voiceSEIrank":108,"voiceScore":0.2343479534499747}},"instagram":{"entityString":"536575ffb08f37d80186dead","type":"instagram","profiles":0,"postsMade":0,"repliesMade":0,"repliesRcvd":0,"sharesMade":0,"sharesRcvd":0,"mentionsRcvd":0,"likesRcvd":0,"reachRcvd":0,"audience":0,"voice":0,"conversation":0,"engagement":0,"group_scoped":{"audienceScore":0,"voiceScore":0,"engagementScore":0,"combinedScore":0,"combinedScoreRank":110,"SEIrank":73,"engagementSEIrank":71,"voiceSEIrank":71,"audienceSEIrank":73,"engagementSEI":0,"engagementSEIadj":0,"voiceSEI":0,"voiceSEIadj":0,"audienceSEI":0,"audienceSEIadj":0,"SEI":0,"SEIadj":0},"non_scoped":{"SEI":0,"SEIrank":73,"SEIadj":0,"audienceSEI":0,"audienceSEIadj":0,"audienceSEIrank":73,"audienceScore":0,"combinedScore":0,"combinedScoreRank":73,"engagementSEI":0,"engagementSEIadj":0,"engagementSEIrank":71,"engagementScore":0,"voiceSEI":0,"voiceSEIadj":0,"voiceSEIrank":71,"voiceScore":0},"scoped":{"SEI":0,"SEIrank":67,"SEIadj":0,"audienceSEI":0,"audienceSEIadj":0,"audienceSEIrank":67,"audienceScore":0,"combinedScore":0,"combinedScoreRank":67,"engagementSEI":0,"engagementSEIadj":0,"engagementSEIrank":65,"engagementScore":0,"voiceSEI":0,"voiceSEIadj":0,"voiceSEIrank":65,"voiceScore":0}}},"blended":{"combined":{"non_scoped":{"SEI":0.353999441058781,"SEIadj":50.17699972052939,"SEIrank":138,"audienceSEI":0.18645912317852695,"audienceSEIadj":40.11187547390712,"audienceSEIrank":171,"engagementSEI":0.005294604405784048,"engagementSEIadj":40.00317676264347,"engagementSEIrank":166,"voiceSEI":1.107255886991526,"voiceSEIadj":50.55362794349576,"voiceSEIrank":122},"scoped":{"SEI":4.250788533877614,"SEIadj":52.125394266938805,"SEIrank":133,"compCharisma":0,"compInfluence":3,"compEva":1.2507885338776141,"audienceSEI":2.434245619794017,"audienceSEIadj":41.46054737187641,"audienceSEIrank":155,"engagementSEI":0.15534912283795943,"engagementSEIadj":40.09320947370278,"engagementSEIrank":155,"voiceSEI":4.363801169996313,"voiceSEIadj":52.181900584998154,"voiceSEIrank":110}},"facebook":{"non_scoped":{"SEI":0,"SEIadj":0,"SEIrank":198,"audienceSEI":0,"audienceSEIadj":0,"audienceSEIrank":198,"engagementSEI":0,"engagementSEIadj":0,"engagementSEIrank":161,"voiceSEI":0,"voiceSEIadj":0,"voiceSEIrank":161},"scoped":{"SEI":0,"SEIadj":0,"SEIrank":180,"audienceSEI":0,"audienceSEIadj":0,"audienceSEIrank":180,"engagementSEI":0,"engagementSEIadj":0,"engagementSEIrank":148,"voiceSEI":0,"voiceSEIadj":0,"voiceSEIrank":148}},"twitter":{"non_scoped":{"SEI":0.8594037274729045,"SEIadj":50.429701863736454,"SEIrank":119,"audienceSEI":0.8382537616328463,"audienceSEIadj":50.41912688081642,"audienceSEIrank":130,"engagementSEI":0.31895629687796384,"engagementSEIadj":50.15947814843898,"engagementSEIrank":120,"voiceSEI":1.9473485772761385,"voiceSEIadj":50.97367428863807,"voiceSEIrank":101},"scoped":{"SEI":3.3282597958023623,"SEIadj":51.664129897901184,"SEIrank":109,"audienceSEI":4.072141950097814,"audienceSEIadj":52.03607097504891,"audienceSEIrank":115,"engagementSEI":1.9296975369957199,"engagementSEIadj":50.96484876849786,"engagementSEIrank":109,"voiceSEI":5.877423595317161,"voiceSEIadj":52.938711797658584,"voiceSEIrank":90}},"instagram":{"non_scoped":{"SEI":0,"SEIadj":0,"SEIrank":73,"audienceSEI":0,"audienceSEIadj":0,"audienceSEIrank":73,"engagementSEI":0,"engagementSEIadj":0,"engagementSEIrank":71,"voiceSEI":0,"voiceSEIadj":0,"voiceSEIrank":71},"scoped":{"SEI":0,"SEIadj":0,"SEIrank":67,"audienceSEI":0,"audienceSEIadj":0,"audienceSEIrank":67,"engagementSEI":0,"engagementSEIadj":0,"engagementSEIrank":65,"voiceSEI":0,"voiceSEIadj":0,"voiceSEIrank":65}},"influence":{"facebook":{"scope":"individual","ratio":0,"calculated":false},"instagram":{"scope":"individual","ratio":0,"calculated":false},"combined":{"ratio":0.63,"bottom":true,"scope":"individual","calculated":true},"twitter":{"ratio":0.55,"bottom":false,"scope":"individual","calculated":true}},"charisma":{"facebook":{"scope":"individual","ratio":0,"calculated":false},"instagram":{"scope":"individual","ratio":0,"calculated":false},"combined":{"ratio":0.13,"bottom":false,"scope":"individual","calculated":true},"twitter":{"ratio":0.51,"bottom":false,"scope":"individual","calculated":true}}},"scope":"individual"}}