{"scoreEntityString":"591d1494ab33fb0001804f89.asset.536575ffb08f37d80186dfc3","timeQuantum":4995834,"scoreEntityType":"asset","scoreProfileID":"591d1494ab33fb0001804f89","data":{"scoreEntityString":"591d1494ab33fb0001804f89.asset.536575ffb08f37d80186dfc3","scoreProfileID":"591d1494ab33fb0001804f89","scoreEntityType":"asset","entityID":"asset.536575ffb08f37d80186dfc3","object_version":"1.2","score_engine_version":"3.0.20","timestamp":4995834,"start_quantum":4969914,"end_quantum":4995833,"schedule_options":{"interval":15,"offset":"1"},"_15min":{"boundaryQuantum":4995831,"combined":{"entityString":"536575ffb08f37d80186dfc3","type":"combined","profiles":1,"postsMade":0,"repliesMade":0,"repliesRcvd":0,"sharesMade":0,"sharesRcvd":0,"mentionsRcvd":0,"likesRcvd":0,"reachRcvd":0,"audience":14261,"voice":0,"conversation":0,"engagement":0,"group_scoped":{"audienceScore":3.2483639734773506,"voiceScore":0,"engagementScore":0,"combinedScore":3.2483639734773506,"engagementSEI":0,"engagementSEIadj":0,"voiceSEI":0,"voiceSEIadj":0,"audienceSEI":8.749723906054435,"audienceSEIadj":8.749723906054435,"SEI":0.8749723906054435,"SEIadj":0.8749723906054435,"combinedScoreRank":23,"SEIrank":20,"engagementSEIrank":85,"voiceSEIrank":79,"audienceSEIrank":16},"non_scoped":{"SEI":0.056028098517677476,"SEIrank":111,"SEIadj":0,"audienceSEI":0.5602809851767747,"audienceSEIadj":0,"audienceSEIrank":110,"audienceScore":0.1032423647996312,"combinedScore":0.00516211823998156,"combinedScoreRank":111,"engagementSEI":0,"engagementSEIadj":0,"engagementSEIrank":85,"engagementScore":0,"voiceSEI":0,"voiceSEIadj":0,"voiceSEIrank":79,"voiceScore":0},"scoped":{"SEI":0.7314533667063312,"SEIrank":99,"SEIadj":0,"audienceSEI":7.314533667063312,"audienceSEIadj":0,"audienceSEIrank":98,"audienceScore":0.2964018794635128,"combinedScore":0.014820093973175642,"combinedScoreRank":99,"engagementSEI":0,"engagementSEIadj":0,"engagementSEIrank":75,"engagementScore":0,"voiceSEI":0,"voiceSEIadj":0,"voiceSEIrank":72,"voiceScore":0}},"facebook":{"entityString":"536575ffb08f37d80186dfc3","type":"facebook","profiles":0,"postsMade":0,"repliesMade":0,"repliesRcvd":0,"sharesMade":0,"sharesRcvd":0,"mentionsRcvd":0,"likesRcvd":0,"reachRcvd":0,"audience":0,"voice":0,"conversation":0,"engagement":0,"group_scoped":{"audienceScore":0,"voiceScore":0,"engagementScore":0,"combinedScore":0,"engagementSEI":0,"engagementSEIadj":0,"voiceSEI":0,"voiceSEIadj":0,"audienceSEI":0,"audienceSEIadj":0,"SEI":0,"SEIadj":0,"combinedScoreRank":213,"SEIrank":213,"engagementSEIrank":83,"voiceSEIrank":78,"audienceSEIrank":213},"non_scoped":{"SEI":0,"SEIrank":213,"SEIadj":0,"audienceSEI":0,"audienceSEIadj":0,"audienceSEIrank":213,"audienceScore":0,"combinedScore":0,"combinedScoreRank":213,"engagementSEI":0,"engagementSEIadj":0,"engagementSEIrank":83,"engagementScore":0,"voiceSEI":0,"voiceSEIadj":0,"voiceSEIrank":78,"voiceScore":0},"scoped":{"SEI":0,"SEIrank":195,"SEIadj":0,"audienceSEI":0,"audienceSEIadj":0,"audienceSEIrank":195,"audienceScore":0,"combinedScore":0,"combinedScoreRank":195,"engagementSEI":0,"engagementSEIadj":0,"engagementSEIrank":73,"engagementScore":0,"voiceSEI":0,"voiceSEIadj":0,"voiceSEIrank":72,"voiceScore":0}},"twitter":{"entityString":"536575ffb08f37d80186dfc3","type":"twitter","profiles":1,"postsMade":0,"repliesMade":0,"repliesRcvd":0,"sharesMade":0,"sharesRcvd":0,"mentionsRcvd":0,"likesRcvd":0,"reachRcvd":0,"audience":14261,"voice":0,"conversation":0,"engagement":0,"group_scoped":{"audienceScore":7.764257520076222,"voiceScore":0,"engagementScore":0,"combinedScore":7.764257520076222,"engagementSEI":0,"engagementSEIadj":0,"voiceSEI":0,"voiceSEIadj":0,"audienceSEI":17.068003925604998,"audienceSEIadj":17.068003925604998,"SEI":1.7068003925605,"SEIadj":1.7068003925605,"combinedScoreRank":15,"SEIrank":25,"engagementSEIrank":80,"voiceSEIrank":79,"audienceSEIrank":24},"non_scoped":{"SEI":0.2518823618762331,"SEIrank":50,"SEIadj":0,"audienceSEI":2.5188236187623305,"audienceSEIadj":0,"audienceSEIrank":49,"audienceScore":0.40890161702654754,"combinedScore":0.020445080851327378,"combinedScoreRank":50,"engagementSEI":0,"engagementSEIadj":0,"engagementSEIrank":80,"engagementScore":0,"voiceSEI":0,"voiceSEIadj":0,"voiceSEIrank":79,"voiceScore":0},"scoped":{"SEI":1.223616020866939,"SEIrank":40,"SEIadj":0,"audienceSEI":12.23616020866939,"audienceSEIadj":0,"audienceSEIrank":39,"audienceScore":0.6477108705150529,"combinedScore":0.09253012435929327,"combinedScoreRank":40,"engagementSEI":0,"engagementSEIadj":0,"engagementSEIrank":73,"engagementScore":0,"voiceSEI":0,"voiceSEIadj":0,"voiceSEIrank":72,"voiceScore":0}},"instagram":{"entityString":"536575ffb08f37d80186dfc3","type":"instagram","profiles":0,"postsMade":0,"repliesMade":0,"repliesRcvd":0,"sharesMade":0,"sharesRcvd":0,"mentionsRcvd":0,"likesRcvd":0,"reachRcvd":0,"audience":0,"voice":0,"conversation":0,"engagement":0,"group_scoped":{"audienceScore":null,"voiceScore":0,"engagementScore":0,"combinedScore":null,"engagementSEI":0,"engagementSEIadj":0,"voiceSEI":0,"voiceSEIadj":0,"audienceSEI":0,"audienceSEIadj":0,"SEI":0,"SEIadj":0,"combinedScoreRank":14,"SEIrank":103,"engagementSEIrank":81,"voiceSEIrank":78,"audienceSEIrank":103},"non_scoped":{"SEI":0,"SEIrank":103,"SEIadj":0,"audienceSEI":0,"audienceSEIadj":0,"audienceSEIrank":103,"audienceScore":0,"combinedScore":0,"combinedScoreRank":103,"engagementSEI":0,"engagementSEIadj":0,"engagementSEIrank":81,"engagementScore":0,"voiceSEI":0,"voiceSEIadj":0,"voiceSEIrank":78,"voiceScore":0},"scoped":{"SEI":0,"SEIrank":94,"SEIadj":0,"audienceSEI":0,"audienceSEIadj":0,"audienceSEIrank":94,"audienceScore":0,"combinedScore":0,"combinedScoreRank":94,"engagementSEI":0,"engagementSEIadj":0,"engagementSEIrank":73,"engagementScore":0,"voiceSEI":0,"voiceSEIadj":0,"voiceSEIrank":72,"voiceScore":0}}},"hour":{"boundaryQuantum":4995822,"combined":{"entityString":"536575ffb08f37d80186dfc3","type":"combined","profiles":1,"postsMade":0,"repliesMade":0,"repliesRcvd":0,"sharesMade":0,"sharesRcvd":0,"mentionsRcvd":0,"likesRcvd":0,"reachRcvd":0,"audience":14261,"voice":0,"conversation":0,"engagement":0,"group_scoped":{"audienceScore":3.2483639734773506,"voiceScore":0,"engagementScore":0,"combinedScore":3.2483639734773506,"combinedScoreRank":23,"SEIrank":42,"engagementSEIrank":121,"voiceSEIrank":89,"audienceSEIrank":16,"engagementSEI":0,"engagementSEIadj":0,"voiceSEI":0,"voiceSEIadj":0,"audienceSEI":8.749723906054435,"audienceSEIadj":8.749723906054435,"SEI":0.8749723906054435,"SEIadj":0.8749723906054435},"non_scoped":{"SEI":0.056028098517677476,"SEIrank":124,"SEIadj":0,"audienceSEI":0.5602809851767747,"audienceSEIadj":0,"audienceSEIrank":110,"audienceScore":0.1032423647996312,"combinedScore":0.00516211823998156,"combinedScoreRank":125,"engagementSEI":0,"engagementSEIadj":0,"engagementSEIrank":121,"engagementScore":0,"voiceSEI":0,"voiceSEIadj":0,"voiceSEIrank":89,"voiceScore":0},"scoped":{"SEI":0.7314533667063312,"SEIrank":112,"SEIadj":0,"audienceSEI":7.314533667063312,"audienceSEIadj":0,"audienceSEIrank":98,"audienceScore":0.2964018794635128,"combinedScore":0.014820093973175642,"combinedScoreRank":113,"engagementSEI":0,"engagementSEIadj":0,"engagementSEIrank":109,"engagementScore":0,"voiceSEI":0,"voiceSEIadj":0,"voiceSEIrank":78,"voiceScore":0}},"facebook":{"entityString":"536575ffb08f37d80186dfc3","type":"facebook","profiles":0,"postsMade":0,"repliesMade":0,"repliesRcvd":0,"sharesMade":0,"sharesRcvd":0,"mentionsRcvd":0,"likesRcvd":0,"reachRcvd":0,"audience":0,"voice":0,"conversation":0,"engagement":0,"group_scoped":{"audienceScore":0,"voiceScore":0,"engagementScore":0,"combinedScore":0,"combinedScoreRank":213,"SEIrank":213,"engagementSEIrank":106,"voiceSEIrank":85,"audienceSEIrank":213,"engagementSEI":0,"engagementSEIadj":0,"voiceSEI":0,"voiceSEIadj":0,"audienceSEI":0,"audienceSEIadj":0,"SEI":0,"SEIadj":0},"non_scoped":{"SEI":0,"SEIrank":213,"SEIadj":0,"audienceSEI":0,"audienceSEIadj":0,"audienceSEIrank":213,"audienceScore":0,"combinedScore":0,"combinedScoreRank":213,"engagementSEI":0,"engagementSEIadj":0,"engagementSEIrank":106,"engagementScore":0,"voiceSEI":0,"voiceSEIadj":0,"voiceSEIrank":85,"voiceScore":0},"scoped":{"SEI":0,"SEIrank":195,"SEIadj":0,"audienceSEI":0,"audienceSEIadj":0,"audienceSEIrank":195,"audienceScore":0,"combinedScore":0,"combinedScoreRank":195,"engagementSEI":0,"engagementSEIadj":0,"engagementSEIrank":94,"engagementScore":0,"voiceSEI":0,"voiceSEIadj":0,"voiceSEIrank":74,"voiceScore":0}},"twitter":{"entityString":"536575ffb08f37d80186dfc3","type":"twitter","profiles":1,"postsMade":0,"repliesMade":0,"repliesRcvd":0,"sharesMade":0,"sharesRcvd":0,"mentionsRcvd":0,"likesRcvd":0,"reachRcvd":0,"audience":14261,"voice":0,"conversation":0,"engagement":0,"group_scoped":{"audienceScore":7.764257520076222,"voiceScore":0,"engagementScore":0,"combinedScore":7.764257520076222,"combinedScoreRank":27,"SEIrank":47,"engagementSEIrank":97,"voiceSEIrank":88,"audienceSEIrank":24,"engagementSEI":0,"engagementSEIadj":0,"voiceSEI":0,"voiceSEIadj":0,"audienceSEI":17.068003925604998,"audienceSEIadj":17.068003925604998,"SEI":1.7068003925605,"SEIadj":1.7068003925605},"non_scoped":{"SEI":0.2518823618762331,"SEIrank":67,"SEIadj":0,"audienceSEI":2.5188236187623305,"audienceSEIadj":0,"audienceSEIrank":49,"audienceScore":0.40890161702654754,"combinedScore":0.020445080851327378,"combinedScoreRank":67,"engagementSEI":0,"engagementSEIadj":0,"engagementSEIrank":97,"engagementScore":0,"voiceSEI":0,"voiceSEIadj":0,"voiceSEIrank":88,"voiceScore":0},"scoped":{"SEI":1.223616020866939,"SEIrank":57,"SEIadj":0,"audienceSEI":12.23616020866939,"audienceSEIadj":0,"audienceSEIrank":39,"audienceScore":0.6477108705150529,"combinedScore":0.032385543525752646,"combinedScoreRank":57,"engagementSEI":0,"engagementSEIadj":0,"engagementSEIrank":86,"engagementScore":0,"voiceSEI":0,"voiceSEIadj":0,"voiceSEIrank":77,"voiceScore":0}},"instagram":{"entityString":"536575ffb08f37d80186dfc3","type":"instagram","profiles":0,"postsMade":0,"repliesMade":0,"repliesRcvd":0,"sharesMade":0,"sharesRcvd":0,"mentionsRcvd":0,"likesRcvd":0,"reachRcvd":0,"audience":0,"voice":0,"conversation":0,"engagement":0,"group_scoped":{"audienceScore":null,"voiceScore":0,"engagementScore":0,"combinedScore":null,"combinedScoreRank":14,"SEIrank":103,"engagementSEIrank":85,"voiceSEIrank":80,"audienceSEIrank":103,"engagementSEI":0,"engagementSEIadj":0,"voiceSEI":0,"voiceSEIadj":0,"audienceSEI":0,"audienceSEIadj":0,"SEI":0,"SEIadj":0},"non_scoped":{"SEI":0,"SEIrank":103,"SEIadj":0,"audienceSEI":0,"audienceSEIadj":0,"audienceSEIrank":103,"audienceScore":0,"combinedScore":0,"combinedScoreRank":103,"engagementSEI":0,"engagementSEIadj":0,"engagementSEIrank":85,"engagementScore":0,"voiceSEI":0,"voiceSEIadj":0,"voiceSEIrank":80,"voiceScore":0},"scoped":{"SEI":0,"SEIrank":94,"SEIadj":0,"audienceSEI":0,"audienceSEIadj":0,"audienceSEIrank":94,"audienceScore":0,"combinedScore":0,"combinedScoreRank":94,"engagementSEI":0,"engagementSEIadj":0,"engagementSEIrank":76,"engagementScore":0,"voiceSEI":0,"voiceSEIadj":0,"voiceSEIrank":72,"voiceScore":0}}},"today":{"boundaryQuantum":4995546,"combined":{"entityString":"536575ffb08f37d80186dfc3","type":"combined","profiles":1,"postsMade":4,"repliesMade":0,"repliesRcvd":0,"sharesMade":0,"sharesRcvd":0,"mentionsRcvd":0,"likesRcvd":4,"reachRcvd":0,"audience":14261,"voice":4,"conversation":4,"engagement":4,"group_scoped":{"audienceScore":3.2483639734773506,"voiceScore":3.10077519379845,"engagementScore":0.12464942349641632,"combinedScore":0.42964143951056477,"combinedScoreRank":85,"SEIrank":45,"engagementSEIrank":67,"voiceSEIrank":51,"audienceSEIrank":16,"engagementSEI":0.20607934054611027,"engagementSEIadj":0.20607934054611027,"voiceSEI":4.301075268817205,"voiceSEIadj":4.301075268817205,"audienceSEI":8.749723906054435,"audienceSEIadj":8.749723906054435,"SEI":2.2889425755782713,"SEIadj":2.2889425755782713},"non_scoped":{"SEI":0.8803848815544405,"SEIrank":66,"SEIadj":0,"audienceSEI":0.5602809851767747,"audienceSEIadj":0,"audienceSEIrank":110,"audienceScore":0.1032423647996312,"combinedScore":0.020458352358615244,"combinedScoreRank":104,"engagementSEI":0.004064958029308347,"engagementSEIadj":0,"engagementSEIrank":140,"engagementScore":0.0014883333271319445,"voiceSEI":2.73972602739726,"voiceSEIadj":0,"voiceSEIrank":52,"voiceScore":0.2791346824842987},"scoped":{"SEI":5.302546887667925,"SEIrank":80,"SEIadj":0,"audienceSEI":7.314533667063312,"audienceSEIadj":0,"audienceSEIrank":98,"audienceScore":0.2964018794635128,"combinedScore":0.06244411898993761,"combinedScoreRank":112,"engagementSEI":0.21108179419525064,"engagementSEIadj":0,"engagementSEIrank":128,"engagementScore":0.01654533421575116,"voiceSEI":14.814814814814813,"voiceSEIadj":0,"voiceSEIrank":43,"voiceScore":0.6546644844517185}},"facebook":{"entityString":"536575ffb08f37d80186dfc3","type":"facebook","profiles":0,"postsMade":0,"repliesMade":0,"repliesRcvd":0,"sharesMade":0,"sharesRcvd":0,"mentionsRcvd":0,"likesRcvd":0,"reachRcvd":0,"audience":0,"voice":0,"conversation":0,"engagement":0,"group_scoped":{"audienceScore":0,"voiceScore":0,"engagementScore":0,"combinedScore":0,"combinedScoreRank":213,"SEIrank":213,"engagementSEIrank":141,"voiceSEIrank":126,"audienceSEIrank":213,"engagementSEI":0,"engagementSEIadj":0,"voiceSEI":0,"voiceSEIadj":0,"audienceSEI":0,"audienceSEIadj":0,"SEI":0,"SEIadj":0},"non_scoped":{"SEI":0,"SEIrank":213,"SEIadj":0,"audienceSEI":0,"audienceSEIadj":0,"audienceSEIrank":213,"audienceScore":0,"combinedScore":0,"combinedScoreRank":213,"engagementSEI":0,"engagementSEIadj":0,"engagementSEIrank":141,"engagementScore":0,"voiceSEI":0,"voiceSEIadj":0,"voiceSEIrank":126,"voiceScore":0},"scoped":{"SEI":0,"SEIrank":195,"SEIadj":0,"audienceSEI":0,"audienceSEIadj":0,"audienceSEIrank":195,"audienceScore":0,"combinedScore":0,"combinedScoreRank":195,"engagementSEI":0,"engagementSEIadj":0,"engagementSEIrank":129,"engagementScore":0,"voiceSEI":0,"voiceSEIadj":0,"voiceSEIrank":114,"voiceScore":0}},"twitter":{"entityString":"536575ffb08f37d80186dfc3","type":"twitter","profiles":1,"postsMade":4,"repliesMade":0,"repliesRcvd":0,"sharesMade":0,"sharesRcvd":0,"mentionsRcvd":0,"likesRcvd":4,"reachRcvd":0,"audience":14261,"voice":4,"conversation":4,"engagement":4,"group_scoped":{"audienceScore":7.764257520076222,"voiceScore":6.349206349206349,"engagementScore":1.6528925619834711,"combinedScore":2.1932764992492526,"combinedScoreRank":66,"SEIrank":49,"engagementSEIrank":70,"voiceSEIrank":33,"audienceSEIrank":24,"engagementSEI":3.007518796992481,"engagementSEIadj":3.007518796992481,"voiceSEI":9.75609756097561,"voiceSEIadj":9.75609756097561,"audienceSEI":17.068003925604998,"audienceSEIadj":17.068003925604998,"SEI":6.4381409390486715,"SEIadj":6.4381409390486715},"non_scoped":{"SEI":1.7167584062088697,"SEIrank":64,"SEIadj":0,"audienceSEI":2.5188236187623305,"audienceSEIadj":0,"audienceSEIrank":49,"audienceScore":0.40890161702654754,"combinedScore":0.08494237915106859,"combinedScoreRank":100,"engagementSEI":0.19426906265177268,"engagementSEIadj":0,"engagementSEIrank":110,"engagementScore":0.046468401486988845,"voiceSEI":4.49438202247191,"voiceSEIadj":0,"voiceSEIrank":42,"voiceScore":0.45351473922902497},"scoped":{"SEI":7.292071155001999,"SEIrank":63,"SEIadj":0,"audienceSEI":12.23616020866939,"audienceSEIadj":0,"audienceSEIrank":39,"audienceScore":0.6477108705150529,"combinedScore":0.16717290542812177,"combinedScoreRank":90,"engagementSEI":1.4184397163120568,"engagementSEIadj":0,"engagementSEIrank":99,"engagementScore":0.09891196834817012,"voiceSEI":17.391304347826086,"voiceSEIadj":0,"voiceSEIrank":34,"voiceScore":0.9153318077803204}},"instagram":{"entityString":"536575ffb08f37d80186dfc3","type":"instagram","profiles":0,"postsMade":0,"repliesMade":0,"repliesRcvd":0,"sharesMade":0,"sharesRcvd":0,"mentionsRcvd":0,"likesRcvd":0,"reachRcvd":0,"audience":0,"voice":0,"conversation":0,"engagement":0,"group_scoped":{"audienceScore":null,"voiceScore":0,"engagementScore":0,"combinedScore":null,"combinedScoreRank":14,"SEIrank":103,"engagementSEIrank":98,"voiceSEIrank":88,"audienceSEIrank":103,"engagementSEI":0,"engagementSEIadj":0,"voiceSEI":0,"voiceSEIadj":0,"audienceSEI":0,"audienceSEIadj":0,"SEI":0,"SEIadj":0},"non_scoped":{"SEI":0,"SEIrank":103,"SEIadj":0,"audienceSEI":0,"audienceSEIadj":0,"audienceSEIrank":103,"audienceScore":0,"combinedScore":0,"combinedScoreRank":103,"engagementSEI":0,"engagementSEIadj":0,"engagementSEIrank":98,"engagementScore":0,"voiceSEI":0,"voiceSEIadj":0,"voiceSEIrank":88,"voiceScore":0},"scoped":{"SEI":0,"SEIrank":94,"SEIadj":0,"audienceSEI":0,"audienceSEIadj":0,"audienceSEIrank":94,"audienceScore":0,"combinedScore":0,"combinedScoreRank":94,"engagementSEI":0,"engagementSEIadj":0,"engagementSEIrank":89,"engagementScore":0,"voiceSEI":0,"voiceSEIadj":0,"voiceSEIrank":79,"voiceScore":0}}},"week":{"boundaryQuantum":4993818,"combined":{"entityString":"536575ffb08f37d80186dfc3","type":"combined","profiles":1,"postsMade":23,"repliesMade":0,"repliesRcvd":0,"sharesMade":0,"sharesRcvd":8,"mentionsRcvd":0,"likesRcvd":23,"reachRcvd":0,"audience":14261,"voice":23,"conversation":23,"engagement":31,"group_scoped":{"audienceScore":3.2483639734773506,"voiceScore":3.6918138041733553,"engagementScore":0.17018940433708482,"combinedScore":0.5001793527859117,"combinedScoreRank":70,"SEIrank":46,"engagementSEIrank":76,"voiceSEIrank":52,"audienceSEIrank":16,"engagementSEI":0.3007664693897351,"engagementSEIadj":0.3007664693897351,"voiceSEI":4.821802935010482,"voiceSEIadj":4.821802935010482,"audienceSEI":8.749723906054435,"audienceSEIadj":8.749723906054435,"SEI":2.501973152742429,"SEIadj":2.501973152742429},"non_scoped":{"SEI":0.8847204747822534,"SEIrank":68,"SEIadj":0,"audienceSEI":0.5602809851767747,"audienceSEIadj":0,"audienceSEIrank":110,"audienceScore":0.1032423647996312,"combinedScore":0.020434674226473198,"combinedScoreRank":120,"engagementSEI":0.003908451458924067,"engagementSEIadj":0,"engagementSEIrank":163,"engagementScore":0.0016392393717800182,"voiceSEI":2.754491017964072,"voiceSEIadj":0,"voiceSEIrank":58,"voiceScore":0.27594481103779245},"scoped":{"SEI":3.8082131914360167,"SEIrank":79,"SEIadj":0,"audienceSEI":7.314533667063312,"audienceSEIadj":0,"audienceSEIrank":98,"audienceScore":0.2964018794635128,"combinedScore":0.05799831021046428,"combinedScoreRank":133,"engagementSEI":0.10609898008077212,"engagementSEIadj":0,"engagementSEIrank":150,"engagementScore":0.015528417003115701,"voiceSEI":10.043668122270741,"voiceSEIadj":0,"voiceSEIrank":48,"voiceScore":0.5840528186896902}},"facebook":{"entityString":"536575ffb08f37d80186dfc3","type":"facebook","profiles":0,"postsMade":0,"repliesMade":0,"repliesRcvd":0,"sharesMade":0,"sharesRcvd":0,"mentionsRcvd":0,"likesRcvd":0,"reachRcvd":0,"audience":0,"voice":0,"conversation":0,"engagement":0,"group_scoped":{"audienceScore":0,"voiceScore":0,"engagementScore":0,"combinedScore":0,"combinedScoreRank":213,"SEIrank":213,"engagementSEIrank":168,"voiceSEIrank":156,"audienceSEIrank":213,"engagementSEI":0,"engagementSEIadj":0,"voiceSEI":0,"voiceSEIadj":0,"audienceSEI":0,"audienceSEIadj":0,"SEI":0,"SEIadj":0},"non_scoped":{"SEI":0,"SEIrank":213,"SEIadj":0,"audienceSEI":0,"audienceSEIadj":0,"audienceSEIrank":213,"audienceScore":0,"combinedScore":0,"combinedScoreRank":213,"engagementSEI":0,"engagementSEIadj":0,"engagementSEIrank":168,"engagementScore":0,"voiceSEI":0,"voiceSEIadj":0,"voiceSEIrank":156,"voiceScore":0},"scoped":{"SEI":0,"SEIrank":195,"SEIadj":0,"audienceSEI":0,"audienceSEIadj":0,"audienceSEIrank":195,"audienceScore":0,"combinedScore":0,"combinedScoreRank":195,"engagementSEI":0,"engagementSEIadj":0,"engagementSEIrank":156,"engagementScore":0,"voiceSEI":0,"voiceSEIadj":0,"voiceSEIrank":144,"voiceScore":0}},"twitter":{"entityString":"536575ffb08f37d80186dfc3","type":"twitter","profiles":1,"postsMade":23,"repliesMade":0,"repliesRcvd":0,"sharesMade":0,"sharesRcvd":8,"mentionsRcvd":0,"likesRcvd":23,"reachRcvd":0,"audience":14261,"voice":23,"conversation":23,"engagement":31,"group_scoped":{"audienceScore":7.764257520076222,"voiceScore":7.120743034055728,"engagementScore":2.927289896128423,"combinedScore":3.3788109342221784,"combinedScoreRank":49,"SEIrank":56,"engagementSEIrank":72,"voiceSEIrank":37,"audienceSEIrank":24,"engagementSEI":5.5160142348754455,"engagementSEIadj":5.5160142348754455,"voiceSEI":10.648148148148149,"voiceSEIadj":10.648148148148149,"audienceSEI":17.068003925604998,"audienceSEIadj":17.068003925604998,"SEI":8.210853377930212,"SEIadj":8.210853377930212},"non_scoped":{"SEI":1.84932524936444,"SEIrank":75,"SEIadj":0,"audienceSEI":2.5188236187623305,"audienceSEIadj":0,"audienceSEIrank":49,"audienceScore":0.40890161702654754,"combinedScore":0.08797248344648151,"combinedScoreRank":116,"engagementSEI":0.23624447492760248,"engagementSEIadj":0,"engagementSEIrank":127,"engagementScore":0.04996615196157442,"voiceSEI":4.852320675105485,"voiceSEIadj":0,"voiceSEIrank":47,"voiceScore":0.45115731659474306},"scoped":{"SEI":6.0112034334543525,"SEIrank":76,"SEIadj":0,"audienceSEI":12.23616020866939,"audienceSEIadj":0,"audienceSEIrank":39,"audienceScore":0.6477108705150529,"combinedScore":0.15398923025920033,"combinedScoreRank":105,"engagementSEI":1.4452214452214454,"engagementSEIadj":0,"engagementSEIrank":115,"engagementScore":0.08999593566742146,"voiceSEI":13.068181818181818,"voiceSEIadj":0,"voiceSEIrank":37,"voiceScore":0.8121468926553672}},"instagram":{"entityString":"536575ffb08f37d80186dfc3","type":"instagram","profiles":0,"postsMade":0,"repliesMade":0,"repliesRcvd":0,"sharesMade":0,"sharesRcvd":0,"mentionsRcvd":0,"likesRcvd":0,"reachRcvd":0,"audience":0,"voice":0,"conversation":0,"engagement":0,"group_scoped":{"audienceScore":null,"voiceScore":0,"engagementScore":0,"combinedScore":null,"combinedScoreRank":14,"SEIrank":103,"engagementSEIrank":100,"voiceSEIrank":99,"audienceSEIrank":103,"engagementSEI":0,"engagementSEIadj":0,"voiceSEI":0,"voiceSEIadj":0,"audienceSEI":0,"audienceSEIadj":0,"SEI":0,"SEIadj":0},"non_scoped":{"SEI":0,"SEIrank":103,"SEIadj":0,"audienceSEI":0,"audienceSEIadj":0,"audienceSEIrank":103,"audienceScore":0,"combinedScore":0,"combinedScoreRank":103,"engagementSEI":0,"engagementSEIadj":0,"engagementSEIrank":100,"engagementScore":0,"voiceSEI":0,"voiceSEIadj":0,"voiceSEIrank":99,"voiceScore":0},"scoped":{"SEI":0,"SEIrank":94,"SEIadj":0,"audienceSEI":0,"audienceSEIadj":0,"audienceSEIrank":94,"audienceScore":0,"combinedScore":0,"combinedScoreRank":94,"engagementSEI":0,"engagementSEIadj":0,"engagementSEIrank":91,"engagementScore":0,"voiceSEI":0,"voiceSEIadj":0,"voiceSEIrank":90,"voiceScore":0}}},"month":{"boundaryQuantum":4987194,"combined":{"entityString":"536575ffb08f37d80186dfc3","type":"combined","profiles":1,"postsMade":105,"repliesMade":0,"repliesRcvd":0,"sharesMade":0,"sharesRcvd":140,"mentionsRcvd":0,"likesRcvd":179,"reachRcvd":0,"audience":14261,"voice":105,"conversation":105,"engagement":319,"group_scoped":{"audienceScore":3.2483639734773506,"voiceScore":3.7486611924312747,"engagementScore":0.42697290930506476,"combinedScore":0.7341268766699895,"combinedScoreRank":46,"SEIrank":42,"engagementSEIrank":46,"voiceSEIrank":49,"audienceSEIrank":16,"engagementSEI":0.6405751119500391,"engagementSEIadj":0.6405751119500391,"voiceSEI":4.742547425474255,"voiceSEIadj":4.742547425474255,"audienceSEI":8.749723906054435,"audienceSEIadj":8.749723906054435,"SEI":2.6820816854177436,"SEIadj":2.6820816854177436},"non_scoped":{"SEI":0.9177273452953891,"SEIrank":67,"SEIadj":0,"audienceSEI":0.5602809851767747,"audienceSEIadj":0,"audienceSEIrank":110,"audienceScore":0.1032423647996312,"combinedScore":0.02223457898304955,"combinedScoreRank":115,"engagementSEI":0.008759212274978858,"engagementSEIadj":0,"engagementSEIrank":149,"engagementScore":0.0036644385195668382,"voiceSEI":2.8548123980424145,"voiceSEIadj":0,"voiceSEIrank":62,"voiceScore":0.2754893215091567},"scoped":{"SEI":4.163910654402768,"SEIrank":83,"SEIadj":0,"audienceSEI":7.314533667063312,"audienceSEIadj":0,"audienceSEIrank":98,"audienceScore":0.2964018794635128,"combinedScore":0.07760386859015123,"combinedScoreRank":124,"engagementSEI":0.2633816887802703,"engagementSEIadj":0,"engagementSEIrank":136,"engagementScore":0.03753850933285008,"voiceSEI":10.914760914760915,"voiceSEIadj":0,"voiceSEIrank":52,"voiceScore":0.5799823243482103}},"facebook":{"entityString":"536575ffb08f37d80186dfc3","type":"facebook","profiles":0,"postsMade":0,"repliesMade":0,"repliesRcvd":0,"sharesMade":0,"sharesRcvd":0,"mentionsRcvd":0,"likesRcvd":0,"reachRcvd":0,"audience":0,"voice":0,"conversation":0,"engagement":0,"group_scoped":{"audienceScore":0,"voiceScore":0,"engagementScore":0,"combinedScore":0,"combinedScoreRank":213,"SEIrank":213,"engagementSEIrank":178,"voiceSEIrank":173,"audienceSEIrank":213,"engagementSEI":0,"engagementSEIadj":0,"voiceSEI":0,"voiceSEIadj":0,"audienceSEI":0,"audienceSEIadj":0,"SEI":0,"SEIadj":0},"non_scoped":{"SEI":0,"SEIrank":213,"SEIadj":0,"audienceSEI":0,"audienceSEIadj":0,"audienceSEIrank":213,"audienceScore":0,"combinedScore":0,"combinedScoreRank":213,"engagementSEI":0,"engagementSEIadj":0,"engagementSEIrank":178,"engagementScore":0,"voiceSEI":0,"voiceSEIadj":0,"voiceSEIrank":173,"voiceScore":0},"scoped":{"SEI":0,"SEIrank":195,"SEIadj":0,"audienceSEI":0,"audienceSEIadj":0,"audienceSEIrank":195,"audienceScore":0,"combinedScore":0,"combinedScoreRank":195,"engagementSEI":0,"engagementSEIadj":0,"engagementSEIrank":164,"engagementScore":0,"voiceSEI":0,"voiceSEIadj":0,"voiceSEIrank":160,"voiceScore":0}},"twitter":{"entityString":"536575ffb08f37d80186dfc3","type":"twitter","profiles":1,"postsMade":105,"repliesMade":0,"repliesRcvd":0,"sharesMade":0,"sharesRcvd":140,"mentionsRcvd":0,"likesRcvd":179,"reachRcvd":0,"audience":14261,"voice":105,"conversation":105,"engagement":319,"group_scoped":{"audienceScore":7.764257520076222,"voiceScore":6.91699604743083,"engagementScore":7.6061039580352885,"combinedScore":7.579556240607113,"combinedScoreRank":20,"SEIrank":33,"engagementSEIrank":32,"voiceSEIrank":38,"audienceSEIrank":24,"engagementSEI":14.382326420198376,"engagementSEIadj":14.382326420198376,"voiceSEI":9.91501416430595,"voiceSEIadj":9.91501416430595,"audienceSEI":17.068003925604998,"audienceSEIadj":17.068003925604998,"SEI":13.310700493971309,"SEIadj":13.310700493971309},"non_scoped":{"SEI":2.060915466822236,"SEIrank":63,"SEIadj":0,"audienceSEI":2.5188236187623305,"audienceSEIadj":0,"audienceSEIrank":49,"audienceScore":0.40890161702654754,"combinedScore":0.14809241774117474,"combinedScoreRank":95,"engagementSEI":0.5090885877978328,"engagementSEIadj":0,"engagementSEIrank":101,"engagementScore":0.11714633008824535,"voiceSEI":5.011933174224343,"voiceSEIadj":0,"voiceSEIrank":47,"voiceScore":0.4443127962085308},"scoped":{"SEI":7.501398139128178,"SEIrank":61,"SEIadj":0,"audienceSEI":12.23616020866939,"audienceSEIadj":0,"audienceSEIrank":39,"audienceScore":0.6477108705150529,"combinedScore":0.2745078884580493,"combinedScoreRank":82,"engagementSEI":2.7987366204597297,"engagementSEIadj":0,"engagementSEIrank":89,"engagementScore":0.22452613723544274,"voiceSEI":15.328467153284672,"voiceSEIadj":0,"voiceSEIrank":38,"voiceScore":0.8009764284079639}},"instagram":{"entityString":"536575ffb08f37d80186dfc3","type":"instagram","profiles":0,"postsMade":0,"repliesMade":0,"repliesRcvd":0,"sharesMade":0,"sharesRcvd":0,"mentionsRcvd":0,"likesRcvd":0,"reachRcvd":0,"audience":0,"voice":0,"conversation":0,"engagement":0,"group_scoped":{"audienceScore":null,"voiceScore":0,"engagementScore":0,"combinedScore":null,"combinedScoreRank":14,"SEIrank":103,"engagementSEIrank":100,"voiceSEIrank":100,"audienceSEIrank":103,"engagementSEI":0,"engagementSEIadj":0,"voiceSEI":0,"voiceSEIadj":0,"audienceSEI":0,"audienceSEIadj":0,"SEI":0,"SEIadj":0},"non_scoped":{"SEI":0,"SEIrank":103,"SEIadj":0,"audienceSEI":0,"audienceSEIadj":0,"audienceSEIrank":103,"audienceScore":0,"combinedScore":0,"combinedScoreRank":103,"engagementSEI":0,"engagementSEIadj":0,"engagementSEIrank":100,"engagementScore":0,"voiceSEI":0,"voiceSEIadj":0,"voiceSEIrank":100,"voiceScore":0},"scoped":{"SEI":0,"SEIrank":94,"SEIadj":0,"audienceSEI":0,"audienceSEIadj":0,"audienceSEIrank":94,"audienceScore":0,"combinedScore":0,"combinedScoreRank":94,"engagementSEI":0,"engagementSEIadj":0,"engagementSEIrank":91,"engagementScore":0,"voiceSEI":0,"voiceSEIadj":0,"voiceSEIrank":91,"voiceScore":0}}},"quarter":{"boundaryQuantum":4969914,"combined":{"entityString":"536575ffb08f37d80186dfc3","type":"combined","profiles":1,"postsMade":357,"repliesMade":0,"repliesRcvd":0,"sharesMade":0,"sharesRcvd":422,"mentionsRcvd":0,"likesRcvd":491,"reachRcvd":0,"audience":14261,"voice":357,"conversation":357,"engagement":913,"group_scoped":{"audienceScore":3.2483639734773506,"voiceScore":4.630950836684395,"engagementScore":0.397677528388426,"combinedScore":0.7518755160576707,"combinedScoreRank":44,"SEIrank":35,"engagementSEIrank":42,"voiceSEIrank":42,"audienceSEIrank":16,"engagementSEI":0.7473193091593681,"engagementSEIadj":0.7473193091593681,"voiceSEI":6.338778409090909,"voiceSEIadj":6.338778409090909,"audienceSEI":8.749723906054435,"audienceSEIadj":8.749723906054435,"SEI":3.224997498828337,"SEIadj":3.224997498828337},"non_scoped":{"SEI":1.0613048339800664,"SEIrank":61,"SEIadj":0,"audienceSEI":0.5602809851767747,"audienceSEIadj":0,"audienceSEIrank":110,"audienceScore":0.1032423647996312,"combinedScore":0.02414588328531343,"combinedScoreRank":104,"engagementSEI":0.008016106667425256,"engagementSEIadj":0,"engagementSEIrank":146,"engagementScore":0.0033003825262638876,"voiceSEI":3.334890238206446,"voiceSEIadj":0,"voiceSEIrank":56,"voiceScore":0.32026841543388745},"scoped":{"SEI":4.822268962541317,"SEIrank":74,"SEIadj":0,"audienceSEI":7.314533667063312,"audienceSEIadj":0,"audienceSEIrank":98,"audienceScore":0.2964018794635128,"combinedScore":0.07900424704811934,"combinedScoreRank":121,"engagementSEI":0.23859363036019013,"engagementSEIadj":0,"engagementSEIrank":134,"engagementScore":0.033622667496492266,"voiceSEI":13.15886472539624,"voiceSEIadj":0,"voiceSEIrank":46,"voiceScore":0.678475046562013}},"facebook":{"entityString":"536575ffb08f37d80186dfc3","type":"facebook","profiles":0,"postsMade":0,"repliesMade":0,"repliesRcvd":0,"sharesMade":0,"sharesRcvd":0,"mentionsRcvd":0,"likesRcvd":0,"reachRcvd":0,"audience":0,"voice":0,"conversation":0,"engagement":0,"group_scoped":{"audienceScore":0,"voiceScore":0,"engagementScore":0,"combinedScore":0,"combinedScoreRank":213,"SEIrank":213,"engagementSEIrank":184,"voiceSEIrank":184,"audienceSEIrank":213,"engagementSEI":0,"engagementSEIadj":0,"voiceSEI":0,"voiceSEIadj":0,"audienceSEI":0,"audienceSEIadj":0,"SEI":0,"SEIadj":0},"non_scoped":{"SEI":0,"SEIrank":213,"SEIadj":0,"audienceSEI":0,"audienceSEIadj":0,"audienceSEIrank":213,"audienceScore":0,"combinedScore":0,"combinedScoreRank":213,"engagementSEI":0,"engagementSEIadj":0,"engagementSEIrank":184,"engagementScore":0,"voiceSEI":0,"voiceSEIadj":0,"voiceSEIrank":184,"voiceScore":0},"scoped":{"SEI":0,"SEIrank":195,"SEIadj":0,"audienceSEI":0,"audienceSEIadj":0,"audienceSEIrank":195,"audienceScore":0,"combinedScore":0,"combinedScoreRank":195,"engagementSEI":0,"engagementSEIadj":0,"engagementSEIrank":169,"engagementScore":0,"voiceSEI":0,"voiceSEIadj":0,"voiceSEIrank":169,"voiceScore":0}},"twitter":{"entityString":"536575ffb08f37d80186dfc3","type":"twitter","profiles":1,"postsMade":357,"repliesMade":0,"repliesRcvd":0,"sharesMade":0,"sharesRcvd":422,"mentionsRcvd":0,"likesRcvd":491,"reachRcvd":0,"audience":14261,"voice":357,"conversation":357,"engagement":913,"group_scoped":{"audienceScore":7.764257520076222,"voiceScore":8.443708609271523,"engagementScore":7.025238534933825,"combinedScore":7.133112987907831,"combinedScoreRank":20,"SEIrank":29,"engagementSEIrank":29,"voiceSEIrank":26,"audienceSEIrank":24,"engagementSEI":14.55676020408163,"engagementSEIadj":14.55676020408163,"voiceSEI":13.826491092176607,"voiceSEIadj":13.826491092176607,"audienceSEI":17.068003925604998,"audienceSEIadj":17.068003925604998,"SEI":14.58880384266246,"SEIadj":14.58880384266246},"non_scoped":{"SEI":2.335039985512984,"SEIrank":59,"SEIadj":0,"audienceSEI":2.5188236187623305,"audienceSEIadj":0,"audienceSEIrank":49,"audienceScore":0.40890161702654754,"combinedScore":0.1507546308850008,"combinedScoreRank":93,"engagementSEI":0.4939513947499405,"engagementSEIadj":0,"engagementSEIrank":99,"engagementScore":0.11592016871272746,"voiceSEI":5.955955955955956,"voiceSEIadj":0,"voiceSEIrank":42,"voiceScore":0.5196279638443736},"scoped":{"SEI":8.701108917769274,"SEIrank":52,"SEIadj":0,"audienceSEI":12.23616020866939,"audienceSEIadj":0,"audienceSEIrank":39,"audienceScore":0.6477108705150529,"combinedScore":0.28711794824116044,"combinedScoreRank":83,"engagementSEI":3.0080390089615183,"engagementSEIadj":0,"engagementSEIrank":88,"engagementScore":0.2302189475489121,"voiceSEI":18.908898305084744,"voiceSEIadj":0,"voiceSEIrank":32,"voiceScore":0.9507070384277382}},"instagram":{"entityString":"536575ffb08f37d80186dfc3","type":"instagram","profiles":0,"postsMade":0,"repliesMade":0,"repliesRcvd":0,"sharesMade":0,"sharesRcvd":0,"mentionsRcvd":0,"likesRcvd":0,"reachRcvd":0,"audience":0,"voice":0,"conversation":0,"engagement":0,"group_scoped":{"audienceScore":null,"voiceScore":0,"engagementScore":0,"combinedScore":null,"combinedScoreRank":14,"SEIrank":103,"engagementSEIrank":101,"voiceSEIrank":101,"audienceSEIrank":103,"engagementSEI":0,"engagementSEIadj":0,"voiceSEI":0,"voiceSEIadj":0,"audienceSEI":0,"audienceSEIadj":0,"SEI":0,"SEIadj":0},"non_scoped":{"SEI":0,"SEIrank":103,"SEIadj":0,"audienceSEI":0,"audienceSEIadj":0,"audienceSEIrank":103,"audienceScore":0,"combinedScore":0,"combinedScoreRank":103,"engagementSEI":0,"engagementSEIadj":0,"engagementSEIrank":101,"engagementScore":0,"voiceSEI":0,"voiceSEIadj":0,"voiceSEIrank":101,"voiceScore":0},"scoped":{"SEI":0,"SEIrank":94,"SEIadj":0,"audienceSEI":0,"audienceSEIadj":0,"audienceSEIrank":94,"audienceScore":0,"combinedScore":0,"combinedScoreRank":94,"engagementSEI":0,"engagementSEIadj":0,"engagementSEIrank":92,"engagementScore":0,"voiceSEI":0,"voiceSEIadj":0,"voiceSEIrank":92,"voiceScore":0}}},"blended":{"combined":{"non_scoped":{"SEI":0.9777469052967396,"SEIadj":60.391098762118695,"SEIrank":65,"audienceSEI":0.5602809851767747,"audienceSEIadj":50.28014049258839,"audienceSEIrank":110,"engagementSEI":0.0066977185141020934,"engagementSEIadj":50.00334885925705,"engagementSEIrank":158,"voiceSEI":3.0590005855686697,"voiceSEIadj":61.22360023422747,"voiceSEIrank":56},"scoped":{"SEI":3.376917409746409,"SEIadj":42.02615044584785,"SEIrank":148,"compCharisma":0,"compInfluence":0,"compEva":3.376917409746409,"audienceSEI":7.314533667063312,"audienceSEIadj":53.65726683353166,"audienceSEIrank":98,"engagementSEI":0.20118785223112978,"engagementSEIadj":40.120712711338676,"engagementSEIrank":148,"voiceSEI":11.970487677334221,"voiceSEIadj":64.78819507093368,"voiceSEIrank":46}},"facebook":{"non_scoped":{"SEI":0,"SEIadj":0,"SEIrank":213,"audienceSEI":0,"audienceSEIadj":0,"audienceSEIrank":213,"engagementSEI":0,"engagementSEIadj":0,"engagementSEIrank":184,"voiceSEI":0,"voiceSEIadj":0,"voiceSEIrank":184},"scoped":{"SEI":0,"SEIadj":0,"SEIrank":195,"audienceSEI":0,"audienceSEIadj":0,"audienceSEIrank":195,"engagementSEI":0,"engagementSEIadj":0,"engagementSEIrank":169,"voiceSEI":0,"voiceSEIadj":0,"voiceSEIrank":169}},"twitter":{"non_scoped":{"SEI":2.117292807899603,"SEIadj":60.84691712315984,"SEIrank":63,"audienceSEI":2.5188236187623305,"audienceSEIadj":61.00752944750493,"audienceSEIrank":49,"engagementSEI":0.4039257811555146,"engagementSEIadj":50.20196289057776,"engagementSEIrank":113,"voiceSEI":5.41018325776687,"voiceSEIadj":62.16407330310675,"voiceSEIrank":43},"scoped":{"SEI":7.643728767540269,"SEIadj":53.821864383770134,"SEIrank":65,"audienceSEI":12.236160208669387,"audienceSEIadj":64.89446408346775,"audienceSEIrank":39,"engagementSEI":2.428318416931755,"engagementSEIadj":51.21415920846588,"engagementSEIrank":103,"voiceSEI":16.54373898838092,"voiceSEIadj":66.61749559535237,"voiceSEIrank":33}},"instagram":{"non_scoped":{"SEI":0,"SEIadj":0,"SEIrank":103,"audienceSEI":0,"audienceSEIadj":0,"audienceSEIrank":103,"engagementSEI":0,"engagementSEIadj":0,"engagementSEIrank":101,"voiceSEI":0,"voiceSEIadj":0,"voiceSEIrank":101},"scoped":{"SEI":0,"SEIadj":0,"SEIrank":94,"audienceSEI":0,"audienceSEIadj":0,"audienceSEIrank":94,"engagementSEI":0,"engagementSEIadj":0,"engagementSEIrank":92,"voiceSEI":0,"voiceSEIadj":0,"voiceSEIrank":92}},"influence":{"facebook":{"scope":"individual","ratio":0,"calculated":false},"instagram":{"scope":"individual","ratio":0,"calculated":false},"combined":{"ratio":0.11,"bottom":false,"scope":"individual","calculated":true},"twitter":{"ratio":0.3,"bottom":false,"scope":"individual","calculated":true}},"charisma":{"facebook":{"scope":"individual","ratio":0,"calculated":false},"instagram":{"scope":"individual","ratio":0,"calculated":false},"combined":{"ratio":0.04,"bottom":false,"scope":"individual","calculated":true},"twitter":{"ratio":0.27,"bottom":false,"scope":"individual","calculated":true}}},"scope":"individual"}}