{"scoreEntityString":"591d1494ab33fb0001804f89.asset.536575ffb08f37d80186dfbd","timeQuantum":4995834,"scoreEntityType":"asset","scoreProfileID":"591d1494ab33fb0001804f89","data":{"scoreEntityString":"591d1494ab33fb0001804f89.asset.536575ffb08f37d80186dfbd","scoreProfileID":"591d1494ab33fb0001804f89","scoreEntityType":"asset","entityID":"asset.536575ffb08f37d80186dfbd","object_version":"1.2","score_engine_version":"3.0.20","timestamp":4995834,"start_quantum":4969914,"end_quantum":4995833,"schedule_options":{"interval":15,"offset":"1"},"_15min":{"boundaryQuantum":4995831,"combined":{"entityString":"536575ffb08f37d80186dfbd","type":"combined","profiles":2,"postsMade":0,"repliesMade":0,"repliesRcvd":0,"sharesMade":0,"sharesRcvd":0,"mentionsRcvd":0,"likesRcvd":0,"reachRcvd":0,"audience":3396,"voice":0,"conversation":0,"engagement":0,"group_scoped":{"audienceScore":0.7735393067757579,"voiceScore":0,"engagementScore":0,"combinedScore":0.7735393067757579,"engagementSEI":0,"engagementSEIadj":0,"voiceSEI":0,"voiceSEIadj":0,"audienceSEI":2.0835889758755246,"audienceSEIadj":2.0835889758755246,"SEI":0.20835889758755247,"SEIadj":0.20835889758755247,"combinedScoreRank":91,"SEIrank":71,"engagementSEIrank":90,"voiceSEIrank":84,"audienceSEIrank":68},"non_scoped":{"SEI":0.013342081380410398,"SEIrank":195,"SEIadj":0,"audienceSEI":0.13342081380410398,"audienceSEIadj":0,"audienceSEIrank":195,"audienceScore":0.024585307542216363,"combinedScore":0.0012292653771108183,"combinedScoreRank":195,"engagementSEI":0,"engagementSEIadj":0,"engagementSEIrank":90,"engagementScore":0,"voiceSEI":0,"voiceSEIadj":0,"voiceSEIrank":84,"voiceScore":0},"scoped":{"SEI":0.17418242993722047,"SEIrank":178,"SEIadj":0,"audienceSEI":1.7418242993722046,"audienceSEIadj":0,"audienceSEIrank":178,"audienceScore":0.07058276296599744,"combinedScore":0.003529138148299872,"combinedScoreRank":178,"engagementSEI":0,"engagementSEIadj":0,"engagementSEIrank":80,"engagementScore":0,"voiceSEI":0,"voiceSEIadj":0,"voiceSEIrank":77,"voiceScore":0}},"facebook":{"entityString":"536575ffb08f37d80186dfbd","type":"facebook","profiles":1,"postsMade":0,"repliesMade":0,"repliesRcvd":0,"sharesMade":0,"sharesRcvd":0,"mentionsRcvd":0,"likesRcvd":0,"reachRcvd":0,"audience":1404,"voice":0,"conversation":0,"engagement":0,"group_scoped":{"audienceScore":0.5498421749312697,"voiceScore":0,"engagementScore":0,"combinedScore":0.5498421749312697,"engagementSEI":0,"engagementSEIadj":0,"voiceSEI":0,"voiceSEIadj":0,"audienceSEI":1.0724761671962846,"audienceSEIadj":1.0724761671962846,"SEI":0.10724761671962846,"SEIadj":0.10724761671962846,"combinedScoreRank":87,"SEIrank":74,"engagementSEIrank":88,"voiceSEIrank":83,"audienceSEIrank":72},"non_scoped":{"SEI":0.00756083808982211,"SEIrank":155,"SEIadj":0,"audienceSEI":0.0756083808982211,"audienceSEIadj":0,"audienceSEIrank":155,"audienceScore":0.014420123096908362,"combinedScore":0.0007210061548454181,"combinedScoreRank":155,"engagementSEI":0,"engagementSEIadj":0,"engagementSEIrank":88,"engagementScore":0,"voiceSEI":0,"voiceSEIadj":0,"voiceSEIrank":83,"voiceScore":0},"scoped":{"SEI":0.09637429469666808,"SEIrank":140,"SEIadj":0,"audienceSEI":0.9637429469666808,"audienceSEIadj":0,"audienceSEIrank":140,"audienceScore":0.059111583217867865,"combinedScore":0.0029555791608933935,"combinedScoreRank":140,"engagementSEI":0,"engagementSEIadj":0,"engagementSEIrank":78,"engagementScore":0,"voiceSEI":0,"voiceSEIadj":0,"voiceSEIrank":77,"voiceScore":0}},"twitter":{"entityString":"536575ffb08f37d80186dfbd","type":"twitter","profiles":1,"postsMade":0,"repliesMade":0,"repliesRcvd":0,"sharesMade":0,"sharesRcvd":0,"mentionsRcvd":0,"likesRcvd":0,"reachRcvd":0,"audience":1992,"voice":0,"conversation":0,"engagement":0,"group_scoped":{"audienceScore":1.0845242956308696,"voiceScore":0,"engagementScore":0,"combinedScore":1.0845242956308696,"engagementSEI":0,"engagementSEIadj":0,"voiceSEI":0,"voiceSEIadj":0,"audienceSEI":2.3840869377887355,"audienceSEIadj":2.3840869377887355,"SEI":0.23840869377887355,"SEIadj":0.23840869377887355,"combinedScoreRank":131,"SEIrank":155,"engagementSEIrank":85,"voiceSEIrank":84,"audienceSEIrank":154},"non_scoped":{"SEI":0.035183343724665604,"SEIrank":199,"SEIadj":0,"audienceSEI":0.35183343724665606,"audienceSEIadj":0,"audienceSEIrank":199,"audienceScore":0.057116052248571816,"combinedScore":0.002855802612428591,"combinedScoreRank":199,"engagementSEI":0,"engagementSEIadj":0,"engagementSEIrank":85,"engagementScore":0,"voiceSEI":0,"voiceSEIadj":0,"voiceSEIrank":84,"voiceScore":0},"scoped":{"SEI":0.17091670384734187,"SEIrank":181,"SEIadj":0,"audienceSEI":1.7091670384734186,"audienceSEIadj":0,"audienceSEIrank":181,"audienceScore":0.09047332263277369,"combinedScore":0.012924760376110527,"combinedScoreRank":181,"engagementSEI":0,"engagementSEIadj":0,"engagementSEIrank":78,"engagementScore":0,"voiceSEI":0,"voiceSEIadj":0,"voiceSEIrank":77,"voiceScore":0}},"instagram":{"entityString":"536575ffb08f37d80186dfbd","type":"instagram","profiles":0,"postsMade":0,"repliesMade":0,"repliesRcvd":0,"sharesMade":0,"sharesRcvd":0,"mentionsRcvd":0,"likesRcvd":0,"reachRcvd":0,"audience":0,"voice":0,"conversation":0,"engagement":0,"group_scoped":{"audienceScore":null,"voiceScore":0,"engagementScore":0,"combinedScore":null,"engagementSEI":0,"engagementSEIadj":0,"voiceSEI":0,"voiceSEIadj":0,"audienceSEI":0,"audienceSEIadj":0,"SEI":0,"SEIadj":0,"combinedScoreRank":10,"SEIrank":108,"engagementSEIrank":86,"voiceSEIrank":83,"audienceSEIrank":108},"non_scoped":{"SEI":0,"SEIrank":108,"SEIadj":0,"audienceSEI":0,"audienceSEIadj":0,"audienceSEIrank":108,"audienceScore":0,"combinedScore":0,"combinedScoreRank":108,"engagementSEI":0,"engagementSEIadj":0,"engagementSEIrank":86,"engagementScore":0,"voiceSEI":0,"voiceSEIadj":0,"voiceSEIrank":83,"voiceScore":0},"scoped":{"SEI":0,"SEIrank":99,"SEIadj":0,"audienceSEI":0,"audienceSEIadj":0,"audienceSEIrank":99,"audienceScore":0,"combinedScore":0,"combinedScoreRank":99,"engagementSEI":0,"engagementSEIadj":0,"engagementSEIrank":78,"engagementScore":0,"voiceSEI":0,"voiceSEIadj":0,"voiceSEIrank":77,"voiceScore":0}}},"hour":{"boundaryQuantum":4995822,"combined":{"entityString":"536575ffb08f37d80186dfbd","type":"combined","profiles":2,"postsMade":0,"repliesMade":0,"repliesRcvd":0,"sharesMade":0,"sharesRcvd":0,"mentionsRcvd":0,"likesRcvd":0,"reachRcvd":0,"audience":3396,"voice":0,"conversation":0,"engagement":0,"group_scoped":{"audienceScore":0.7735393067757579,"voiceScore":0,"engagementScore":0,"combinedScore":0.7735393067757579,"combinedScoreRank":82,"SEIrank":93,"engagementSEIrank":126,"voiceSEIrank":94,"audienceSEIrank":68,"engagementSEI":0,"engagementSEIadj":0,"voiceSEI":0,"voiceSEIadj":0,"audienceSEI":2.0835889758755246,"audienceSEIadj":2.0835889758755246,"SEI":0.20835889758755247,"SEIadj":0.20835889758755247},"non_scoped":{"SEI":0.013342081380410398,"SEIrank":196,"SEIadj":0,"audienceSEI":0.13342081380410398,"audienceSEIadj":0,"audienceSEIrank":195,"audienceScore":0.024585307542216363,"combinedScore":0.0012292653771108183,"combinedScoreRank":196,"engagementSEI":0,"engagementSEIadj":0,"engagementSEIrank":126,"engagementScore":0,"voiceSEI":0,"voiceSEIadj":0,"voiceSEIrank":94,"voiceScore":0},"scoped":{"SEI":0.17418242993722047,"SEIrank":179,"SEIadj":0,"audienceSEI":1.7418242993722046,"audienceSEIadj":0,"audienceSEIrank":178,"audienceScore":0.07058276296599744,"combinedScore":0.003529138148299872,"combinedScoreRank":179,"engagementSEI":0,"engagementSEIadj":0,"engagementSEIrank":114,"engagementScore":0,"voiceSEI":0,"voiceSEIadj":0,"voiceSEIrank":83,"voiceScore":0}},"facebook":{"entityString":"536575ffb08f37d80186dfbd","type":"facebook","profiles":1,"postsMade":0,"repliesMade":0,"repliesRcvd":0,"sharesMade":0,"sharesRcvd":0,"mentionsRcvd":0,"likesRcvd":0,"reachRcvd":0,"audience":1404,"voice":0,"conversation":0,"engagement":0,"group_scoped":{"audienceScore":0.5498421749312697,"voiceScore":0,"engagementScore":0,"combinedScore":0.5498421749312697,"combinedScoreRank":80,"SEIrank":82,"engagementSEIrank":111,"voiceSEIrank":90,"audienceSEIrank":72,"engagementSEI":0,"engagementSEIadj":0,"voiceSEI":0,"voiceSEIadj":0,"audienceSEI":1.0724761671962846,"audienceSEIadj":1.0724761671962846,"SEI":0.10724761671962846,"SEIadj":0.10724761671962846},"non_scoped":{"SEI":0.00756083808982211,"SEIrank":155,"SEIadj":0,"audienceSEI":0.0756083808982211,"audienceSEIadj":0,"audienceSEIrank":155,"audienceScore":0.014420123096908362,"combinedScore":0.0007210061548454181,"combinedScoreRank":155,"engagementSEI":0,"engagementSEIadj":0,"engagementSEIrank":111,"engagementScore":0,"voiceSEI":0,"voiceSEIadj":0,"voiceSEIrank":90,"voiceScore":0},"scoped":{"SEI":0.09637429469666808,"SEIrank":140,"SEIadj":0,"audienceSEI":0.9637429469666808,"audienceSEIadj":0,"audienceSEIrank":140,"audienceScore":0.059111583217867865,"combinedScore":0.0029555791608933935,"combinedScoreRank":140,"engagementSEI":0,"engagementSEIadj":0,"engagementSEIrank":99,"engagementScore":0,"voiceSEI":0,"voiceSEIadj":0,"voiceSEIrank":79,"voiceScore":0}},"twitter":{"entityString":"536575ffb08f37d80186dfbd","type":"twitter","profiles":1,"postsMade":0,"repliesMade":0,"repliesRcvd":0,"sharesMade":0,"sharesRcvd":0,"mentionsRcvd":0,"likesRcvd":0,"reachRcvd":0,"audience":1992,"voice":0,"conversation":0,"engagement":0,"group_scoped":{"audienceScore":1.0845242956308696,"voiceScore":0,"engagementScore":0,"combinedScore":1.0845242956308696,"combinedScoreRank":136,"SEIrank":163,"engagementSEIrank":102,"voiceSEIrank":93,"audienceSEIrank":154,"engagementSEI":0,"engagementSEIadj":0,"voiceSEI":0,"voiceSEIadj":0,"audienceSEI":2.3840869377887355,"audienceSEIadj":2.3840869377887355,"SEI":0.23840869377887355,"SEIadj":0.23840869377887355},"non_scoped":{"SEI":0.035183343724665604,"SEIrank":199,"SEIadj":0,"audienceSEI":0.35183343724665606,"audienceSEIadj":0,"audienceSEIrank":199,"audienceScore":0.057116052248571816,"combinedScore":0.002855802612428591,"combinedScoreRank":199,"engagementSEI":0,"engagementSEIadj":0,"engagementSEIrank":102,"engagementScore":0,"voiceSEI":0,"voiceSEIadj":0,"voiceSEIrank":93,"voiceScore":0},"scoped":{"SEI":0.17091670384734187,"SEIrank":181,"SEIadj":0,"audienceSEI":1.7091670384734186,"audienceSEIadj":0,"audienceSEIrank":181,"audienceScore":0.09047332263277369,"combinedScore":0.004523666131638684,"combinedScoreRank":181,"engagementSEI":0,"engagementSEIadj":0,"engagementSEIrank":91,"engagementScore":0,"voiceSEI":0,"voiceSEIadj":0,"voiceSEIrank":82,"voiceScore":0}},"instagram":{"entityString":"536575ffb08f37d80186dfbd","type":"instagram","profiles":0,"postsMade":0,"repliesMade":0,"repliesRcvd":0,"sharesMade":0,"sharesRcvd":0,"mentionsRcvd":0,"likesRcvd":0,"reachRcvd":0,"audience":0,"voice":0,"conversation":0,"engagement":0,"group_scoped":{"audienceScore":null,"voiceScore":0,"engagementScore":0,"combinedScore":null,"combinedScoreRank":10,"SEIrank":108,"engagementSEIrank":90,"voiceSEIrank":85,"audienceSEIrank":108,"engagementSEI":0,"engagementSEIadj":0,"voiceSEI":0,"voiceSEIadj":0,"audienceSEI":0,"audienceSEIadj":0,"SEI":0,"SEIadj":0},"non_scoped":{"SEI":0,"SEIrank":108,"SEIadj":0,"audienceSEI":0,"audienceSEIadj":0,"audienceSEIrank":108,"audienceScore":0,"combinedScore":0,"combinedScoreRank":108,"engagementSEI":0,"engagementSEIadj":0,"engagementSEIrank":90,"engagementScore":0,"voiceSEI":0,"voiceSEIadj":0,"voiceSEIrank":85,"voiceScore":0},"scoped":{"SEI":0,"SEIrank":99,"SEIadj":0,"audienceSEI":0,"audienceSEIadj":0,"audienceSEIrank":99,"audienceScore":0,"combinedScore":0,"combinedScoreRank":99,"engagementSEI":0,"engagementSEIadj":0,"engagementSEIrank":81,"engagementScore":0,"voiceSEI":0,"voiceSEIadj":0,"voiceSEIrank":77,"voiceScore":0}}},"today":{"boundaryQuantum":4995546,"combined":{"entityString":"536575ffb08f37d80186dfbd","type":"combined","profiles":2,"postsMade":8,"repliesMade":0,"repliesRcvd":2,"sharesMade":0,"sharesRcvd":1,"mentionsRcvd":0,"likesRcvd":46,"reachRcvd":0,"audience":3396,"voice":8,"conversation":10,"engagement":49,"group_scoped":{"audienceScore":0.7735393067757579,"voiceScore":6.2015503875969,"engagementScore":1.5269554378311,"combinedScore":1.723014378766623,"combinedScoreRank":25,"SEIrank":26,"engagementSEIrank":18,"voiceSEIrank":22,"audienceSEIrank":68,"engagementSEI":2.5244719216898504,"engagementSEIadj":2.5244719216898504,"voiceSEI":8.60215053763441,"voiceSEIadj":8.60215053763441,"audienceSEI":2.0835889758755246,"audienceSEIadj":2.0835889758755246,"SEI":4.303687211891786,"SEIadj":4.303687211891786},"non_scoped":{"SEI":1.6870551393341828,"SEIrank":36,"SEIadj":0,"audienceSEI":0.13342081380410398,"audienceSEIadj":0,"audienceSEIrank":195,"audienceScore":0.024585307542216363,"combinedScore":0.04555160855717037,"combinedScoreRank":68,"engagementSEI":0.04979573585902725,"engagementSEIadj":0,"engagementSEIrank":74,"engagementScore":0.01823208325736632,"voiceSEI":5.47945205479452,"voiceSEIadj":0,"voiceSEIrank":30,"voiceScore":0.5582693649685974},"scoped":{"SEI":10.6145225061612,"SEIrank":47,"SEIadj":0,"audienceSEI":1.7418242993722046,"audienceSEIadj":0,"audienceSEIrank":178,"audienceScore":0.07058276296599744,"combinedScore":0.25140789632212823,"combinedScoreRank":66,"engagementSEI":2.5857519788918206,"engagementSEIadj":0,"engagementSEIrank":65,"engagementScore":0.2026803441429517,"voiceSEI":29.629629629629626,"voiceSEIadj":0,"voiceSEIrank":22,"voiceScore":1.309328968903437}},"facebook":{"entityString":"536575ffb08f37d80186dfbd","type":"facebook","profiles":1,"postsMade":7,"repliesMade":0,"repliesRcvd":2,"sharesMade":0,"sharesRcvd":0,"mentionsRcvd":0,"likesRcvd":42,"reachRcvd":0,"audience":1404,"voice":7,"conversation":9,"engagement":44,"group_scoped":{"audienceScore":0.5498421749312697,"voiceScore":10.606060606060606,"engagementScore":1.482979440512302,"combinedScore":1.8924766355106657,"combinedScoreRank":28,"SEIrank":21,"engagementSEIrank":20,"voiceSEIrank":15,"audienceSEIrank":72,"engagementSEI":2.433628318584071,"engagementSEIadj":2.433628318584071,"voiceSEI":13.461538461538462,"voiceSEIadj":13.461538461538462,"audienceSEI":1.0724761671962846,"audienceSEIadj":1.0724761671962846,"SEI":5.605886146331609,"SEIadj":5.605886146331609},"non_scoped":{"SEI":3.2204137458854802,"SEIrank":14,"SEIadj":0,"audienceSEI":0.0756083808982211,"audienceSEIadj":0,"audienceSEIrank":155,"audienceScore":0.014420123096908362,"combinedScore":0.08706512385943055,"combinedScoreRank":41,"engagementSEI":0.05172454329579385,"engagementSEIadj":0,"engagementSEIrank":56,"engagementScore":0.019082396922529804,"voiceSEI":10.606060606060606,"voiceSEIadj":0,"voiceSEIrank":14,"voiceScore":1.383399209486166},"scoped":{"SEI":19.122385855390313,"SEIrank":21,"SEIadj":0,"audienceSEI":0.9637429469666808,"audienceSEIadj":0,"audienceSEIrank":140,"audienceScore":0.059111583217867865,"combinedScore":0.4355422182946877,"combinedScoreRank":38,"engagementSEI":2.5433526011560694,"engagementSEIadj":0,"engagementSEIrank":47,"engagementScore":0.2449615855695357,"voiceSEI":58.333333333333336,"voiceSEIadj":0,"voiceSEIrank":6,"voiceScore":4.242424242424243}},"twitter":{"entityString":"536575ffb08f37d80186dfbd","type":"twitter","profiles":1,"postsMade":1,"repliesMade":0,"repliesRcvd":0,"sharesMade":0,"sharesRcvd":1,"mentionsRcvd":0,"likesRcvd":4,"reachRcvd":0,"audience":1992,"voice":1,"conversation":1,"engagement":5,"group_scoped":{"audienceScore":1.0845242956308696,"voiceScore":1.5873015873015872,"engagementScore":2.066115702479339,"combinedScore":1.993095426378028,"combinedScoreRank":69,"SEIrank":80,"engagementSEIrank":62,"voiceSEIrank":87,"audienceSEIrank":154,"engagementSEI":3.7593984962406015,"engagementSEIadj":3.7593984962406015,"voiceSEI":2.4390243902439024,"voiceSEIadj":2.4390243902439024,"audienceSEI":2.3840869377887355,"audienceSEIadj":2.3840869377887355,"SEI":3.225755108596405,"SEIadj":3.225755108596405},"non_scoped":{"SEI":0.5179637923988883,"SEIrank":121,"SEIadj":0,"audienceSEI":0.35183343724665606,"audienceSEIadj":0,"audienceSEIrank":199,"audienceScore":0.057116052248571816,"combinedScore":0.06080168852565386,"combinedScoreRank":111,"engagementSEI":0.24283632831471588,"engagementSEIadj":0,"engagementSEIrank":107,"engagementScore":0.05808550185873606,"voiceSEI":1.1235955056179776,"voiceSEIadj":0,"voiceSEIrank":100,"voiceScore":0.11337868480725624},"scoped":{"SEI":2.539094317168341,"SEIrank":113,"SEIadj":0,"audienceSEI":1.7091670384734186,"audienceSEIadj":0,"audienceSEIrank":181,"audienceScore":0.09047332263277369,"combinedScore":0.12724127812058408,"combinedScoreRank":98,"engagementSEI":1.773049645390071,"engagementSEIadj":0,"engagementSEIrank":96,"engagementScore":0.12363996043521265,"voiceSEI":4.3478260869565215,"voiceSEIadj":0,"voiceSEIrank":89,"voiceScore":0.2288329519450801}},"instagram":{"entityString":"536575ffb08f37d80186dfbd","type":"instagram","profiles":0,"postsMade":0,"repliesMade":0,"repliesRcvd":0,"sharesMade":0,"sharesRcvd":0,"mentionsRcvd":0,"likesRcvd":0,"reachRcvd":0,"audience":0,"voice":0,"conversation":0,"engagement":0,"group_scoped":{"audienceScore":null,"voiceScore":0,"engagementScore":0,"combinedScore":null,"combinedScoreRank":10,"SEIrank":108,"engagementSEIrank":103,"voiceSEIrank":93,"audienceSEIrank":108,"engagementSEI":0,"engagementSEIadj":0,"voiceSEI":0,"voiceSEIadj":0,"audienceSEI":0,"audienceSEIadj":0,"SEI":0,"SEIadj":0},"non_scoped":{"SEI":0,"SEIrank":108,"SEIadj":0,"audienceSEI":0,"audienceSEIadj":0,"audienceSEIrank":108,"audienceScore":0,"combinedScore":0,"combinedScoreRank":108,"engagementSEI":0,"engagementSEIadj":0,"engagementSEIrank":103,"engagementScore":0,"voiceSEI":0,"voiceSEIadj":0,"voiceSEIrank":93,"voiceScore":0},"scoped":{"SEI":0,"SEIrank":99,"SEIadj":0,"audienceSEI":0,"audienceSEIadj":0,"audienceSEIrank":99,"audienceScore":0,"combinedScore":0,"combinedScoreRank":99,"engagementSEI":0,"engagementSEIadj":0,"engagementSEIrank":94,"engagementScore":0,"voiceSEI":0,"voiceSEIadj":0,"voiceSEIrank":84,"voiceScore":0}}},"week":{"boundaryQuantum":4993818,"combined":{"entityString":"536575ffb08f37d80186dfbd","type":"combined","profiles":2,"postsMade":11,"repliesMade":0,"repliesRcvd":2,"sharesMade":0,"sharesRcvd":10,"mentionsRcvd":0,"likesRcvd":56,"reachRcvd":0,"audience":3396,"voice":11,"conversation":13,"engagement":68,"group_scoped":{"audienceScore":0.7735393067757579,"voiceScore":1.7656500802568218,"engagementScore":0.37331869338457313,"combinedScore":0.46294629339774485,"combinedScoreRank":77,"SEIrank":80,"engagementSEIrank":47,"voiceSEIrank":92,"audienceSEIrank":68,"engagementSEI":0.6597458038226448,"engagementSEIadj":0.6597458038226448,"voiceSEI":2.3060796645702304,"voiceSEIadj":2.3060796645702304,"audienceSEI":2.0835889758755246,"audienceSEIadj":2.0835889758755246,"SEI":1.2960302792522085,"SEIadj":1.2960302792522085},"non_scoped":{"SEI":0.413695688654995,"SEIrank":125,"SEIadj":0,"audienceSEI":0.13342081380410398,"audienceSEIadj":0,"audienceSEIrank":195,"audienceScore":0.024585307542216363,"combinedScore":0.01106412143308826,"combinedScoreRank":158,"engagementSEI":0.008573377393768919,"engagementSEIadj":0,"engagementSEIrank":147,"engagementScore":0.0035957508800335885,"voiceSEI":1.3173652694610778,"voiceSEIadj":0,"voiceSEIrank":111,"voiceScore":0.1319736052789442},"scoped":{"SEI":1.7548704128489927,"SEIrank":136,"SEIadj":0,"audienceSEI":1.7418242993722046,"audienceSEIadj":0,"audienceSEIrank":178,"audienceScore":0.07058276296599744,"combinedScore":0.04815171925944276,"combinedScoreRank":145,"engagementSEI":0.23273324662879047,"engagementSEIadj":0,"engagementSEIrank":135,"engagementScore":0.03406233407135057,"voiceSEI":4.8034934497816595,"voiceSEIadj":0,"voiceSEIrank":100,"voiceScore":0.27932960893854747}},"facebook":{"entityString":"536575ffb08f37d80186dfbd","type":"facebook","profiles":1,"postsMade":7,"repliesMade":0,"repliesRcvd":2,"sharesMade":0,"sharesRcvd":1,"mentionsRcvd":0,"likesRcvd":45,"reachRcvd":0,"audience":1404,"voice":7,"conversation":9,"engagement":48,"group_scoped":{"audienceScore":0.5498421749312697,"voiceScore":2.3333333333333335,"engagementScore":0.2797854977850315,"combinedScore":0.39596572341975855,"combinedScoreRank":69,"SEIrank":57,"engagementSEIrank":44,"voiceSEIrank":49,"audienceSEIrank":72,"engagementSEI":0.49256028732683427,"engagementSEIadj":0.49256028732683427,"voiceSEI":2.681992337164751,"voiceSEIadj":2.681992337164751,"audienceSEI":1.0724761671962846,"audienceSEIadj":1.0724761671962846,"SEI":1.2073814902651543,"SEIadj":1.2073814902651543},"non_scoped":{"SEI":0.6310284207154668,"SEIrank":64,"SEIadj":0,"audienceSEI":0.0756083808982211,"audienceSEIadj":0,"audienceSEIrank":155,"audienceScore":0.014420123096908362,"combinedScore":0.015387666286979289,"combinedScoreRank":96,"engagementSEI":0.006664260128287007,"engagementSEIadj":0,"engagementSEIrank":101,"engagementScore":0.0029918453515137802,"voiceSEI":2.0648967551622417,"voiceSEIadj":0,"voiceSEIrank":48,"voiceScore":0.23947998631542936},"scoped":{"SEI":3.0175182535655627,"SEIrank":83,"SEIadj":0,"audienceSEI":0.9637429469666808,"audienceSEIadj":0,"audienceSEIrank":140,"audienceScore":0.059111583217867865,"combinedScore":0.07566111439834339,"combinedScoreRank":93,"engagementSEI":0.493573264781491,"engagementSEIadj":0,"engagementSEIrank":91,"engagementScore":0.04265756638583768,"voiceSEI":8.75,"voiceSEIadj":0,"voiceSEIrank":40,"voiceScore":0.6862745098039216}},"twitter":{"entityString":"536575ffb08f37d80186dfbd","type":"twitter","profiles":1,"postsMade":4,"repliesMade":0,"repliesRcvd":0,"sharesMade":0,"sharesRcvd":9,"mentionsRcvd":0,"likesRcvd":11,"reachRcvd":0,"audience":1992,"voice":4,"conversation":4,"engagement":20,"group_scoped":{"audienceScore":1.0845242956308696,"voiceScore":1.238390092879257,"engagementScore":1.8885741265344664,"combinedScore":1.8158624333065263,"combinedScoreRank":85,"SEIrank":106,"engagementSEIrank":93,"voiceSEIrank":127,"audienceSEIrank":154,"engagementSEI":3.558718861209965,"engagementSEIadj":3.558718861209965,"voiceSEI":1.8518518518518516,"voiceSEIadj":1.8518518518518516,"audienceSEI":2.3840869377887355,"audienceSEIadj":2.3840869377887355,"SEI":2.929195566060408,"SEIadj":2.929195566060408},"non_scoped":{"SEI":0.37979737485221443,"SEIrank":161,"SEIadj":0,"audienceSEI":0.35183343724665606,"audienceSEIadj":0,"audienceSEIrank":199,"audienceScore":0.057116052248571816,"combinedScore":0.035791514078037594,"combinedScoreRank":152,"engagementSEI":0.15241579027587257,"engagementSEIadj":0,"engagementSEIrank":146,"engagementScore":0.032236227071983495,"voiceSEI":0.8438818565400843,"voiceSEIadj":0,"voiceSEIrank":137,"voiceScore":0.07846214201647705},"scoped":{"SEI":1.412175445106083,"SEIrank":151,"SEIadj":0,"audienceSEI":1.7091670384734186,"audienceSEIadj":0,"audienceSEIrank":181,"audienceScore":0.09047332263277369,"combinedScore":0.06384151760537748,"combinedScoreRank":140,"engagementSEI":0.9324009324009324,"engagementSEIadj":0,"engagementSEIrank":134,"engagementScore":0.058061893978981594,"voiceSEI":2.272727272727273,"voiceSEIadj":0,"voiceSEIrank":124,"voiceScore":0.14124293785310735}},"instagram":{"entityString":"536575ffb08f37d80186dfbd","type":"instagram","profiles":0,"postsMade":0,"repliesMade":0,"repliesRcvd":0,"sharesMade":0,"sharesRcvd":0,"mentionsRcvd":0,"likesRcvd":0,"reachRcvd":0,"audience":0,"voice":0,"conversation":0,"engagement":0,"group_scoped":{"audienceScore":null,"voiceScore":0,"engagementScore":0,"combinedScore":null,"combinedScoreRank":10,"SEIrank":108,"engagementSEIrank":105,"voiceSEIrank":104,"audienceSEIrank":108,"engagementSEI":0,"engagementSEIadj":0,"voiceSEI":0,"voiceSEIadj":0,"audienceSEI":0,"audienceSEIadj":0,"SEI":0,"SEIadj":0},"non_scoped":{"SEI":0,"SEIrank":108,"SEIadj":0,"audienceSEI":0,"audienceSEIadj":0,"audienceSEIrank":108,"audienceScore":0,"combinedScore":0,"combinedScoreRank":108,"engagementSEI":0,"engagementSEIadj":0,"engagementSEIrank":105,"engagementScore":0,"voiceSEI":0,"voiceSEIadj":0,"voiceSEIrank":104,"voiceScore":0},"scoped":{"SEI":0,"SEIrank":99,"SEIadj":0,"audienceSEI":0,"audienceSEIadj":0,"audienceSEIrank":99,"audienceScore":0,"combinedScore":0,"combinedScoreRank":99,"engagementSEI":0,"engagementSEIadj":0,"engagementSEIrank":96,"engagementScore":0,"voiceSEI":0,"voiceSEIadj":0,"voiceSEIrank":95,"voiceScore":0}}},"month":{"boundaryQuantum":4987194,"combined":{"entityString":"536575ffb08f37d80186dfbd","type":"combined","profiles":2,"postsMade":15,"repliesMade":0,"repliesRcvd":4,"sharesMade":0,"sharesRcvd":16,"mentionsRcvd":0,"likesRcvd":82,"reachRcvd":0,"audience":3396,"voice":15,"conversation":19,"engagement":102,"group_scoped":{"audienceScore":0.7735393067757579,"voiceScore":0.5355230274901821,"engagementScore":0.13652425313202698,"combinedScore":0.18832494453212129,"combinedScoreRank":118,"SEIrank":142,"engagementSEIrank":82,"voiceSEIrank":174,"audienceSEIrank":68,"engagementSEI":0.20482339002791222,"engagementSEIadj":0.20482339002791222,"voiceSEI":0.6775067750677507,"voiceSEIadj":0.6775067750677507,"audienceSEI":2.0835889758755246,"audienceSEIadj":2.0835889758755246,"SEI":0.534504964124625,"SEIadj":0.534504964124625},"non_scoped":{"SEI":0.13737163490985957,"SEIrank":184,"SEIadj":0,"audienceSEI":0.13342081380410398,"audienceSEIadj":0,"audienceSEIrank":195,"audienceScore":0.024585307542216363,"combinedScore":0.004251577455366393,"combinedScoreRank":193,"engagementSEI":0.0028007512603380673,"engagementSEIadj":0,"engagementSEIrank":179,"engagementScore":0.0011717013448144748,"voiceSEI":0.40783034257748774,"voiceSEIadj":0,"voiceSEIrank":177,"voiceScore":0.039355617358450966},"scoped":{"SEI":0.6924875508579941,"SEIrank":177,"SEIadj":0,"audienceSEI":1.7418242993722046,"audienceSEIadj":0,"audienceSEIrank":178,"audienceScore":0.07058276296599744,"combinedScore":0.018474487082757292,"combinedScoreRank":173,"engagementSEI":0.08421608857550963,"engagementSEIadj":0,"engagementSEIrank":165,"engagementScore":0.012002908940284352,"voiceSEI":1.5592515592515594,"voiceSEIadj":0,"voiceSEIrank":163,"voiceScore":0.08285461776403005}},"facebook":{"entityString":"536575ffb08f37d80186dfbd","type":"facebook","profiles":1,"postsMade":10,"repliesMade":0,"repliesRcvd":4,"sharesMade":0,"sharesRcvd":2,"mentionsRcvd":0,"likesRcvd":66,"reachRcvd":0,"audience":1404,"voice":10,"conversation":14,"engagement":72,"group_scoped":{"audienceScore":0.5498421749312697,"voiceScore":0.779423226812159,"engagementScore":0.1021015910831277,"combinedScore":0.15835470206198637,"combinedScoreRank":96,"SEIrank":99,"engagementSEIrank":74,"voiceSEIrank":101,"audienceSEIrank":72,"engagementSEI":0.15132090540341733,"engagementSEIadj":0.15132090540341733,"voiceSEI":0.8658008658008658,"voiceSEIadj":0.8658008658008658,"audienceSEI":1.0724761671962846,"audienceSEIadj":1.0724761671962846,"SEI":0.45778041970193856,"SEIadj":0.45778041970193856},"non_scoped":{"SEI":0.20686818220573064,"SEIrank":110,"SEIadj":0,"audienceSEI":0.0756083808982211,"audienceSEIadj":0,"audienceSEIrank":155,"audienceScore":0.014420123096908362,"combinedScore":0.005343225222609094,"combinedScoreRank":131,"engagementSEI":0.0021459035595175293,"engagementSEIadj":0,"engagementSEIrank":125,"engagementScore":0.0009539731790440712,"voiceSEI":0.6600660066006601,"voiceSEIadj":0,"voiceSEIrank":101,"voiceScore":0.07527286413248024},"scoped":{"SEI":0.9214118472226696,"SEIrank":115,"SEIadj":0,"audienceSEI":0.9637429469666808,"audienceSEIadj":0,"audienceSEIrank":140,"audienceScore":0.059111583217867865,"combinedScore":0.026168035157030256,"combinedScoreRank":120,"engagementSEI":0.193029490616622,"engagementSEIadj":0,"engagementSEIrank":115,"engagementScore":0.01390044577957368,"voiceSEI":2.3640661938534278,"voiceSEIadj":0,"voiceSEIrank":91,"voiceScore":0.21404109589041095}},"twitter":{"entityString":"536575ffb08f37d80186dfbd","type":"twitter","profiles":1,"postsMade":5,"repliesMade":0,"repliesRcvd":0,"sharesMade":0,"sharesRcvd":14,"mentionsRcvd":0,"likesRcvd":16,"reachRcvd":0,"audience":1992,"voice":5,"conversation":5,"engagement":30,"group_scoped":{"audienceScore":1.0845242956308696,"voiceScore":0.32938076416337286,"engagementScore":0.7153075822603719,"combinedScore":0.7144720770240469,"combinedScoreRank":123,"SEIrank":151,"engagementSEIrank":127,"voiceSEIrank":181,"audienceSEIrank":154,"engagementSEI":1.3525698827772767,"engagementSEIadj":1.3525698827772767,"voiceSEI":0.4721435316336166,"voiceSEIadj":0.4721435316336166,"audienceSEI":2.3840869377887355,"audienceSEIadj":2.3840869377887355,"SEI":1.1915936829353246,"SEIadj":1.1915936829353246},"non_scoped":{"SEI":0.1355083908900411,"SEIrank":198,"SEIadj":0,"audienceSEI":0.35183343724665606,"audienceSEIadj":0,"audienceSEIrank":199,"audienceScore":0.057116052248571816,"combinedScore":0.013828896844338006,"combinedScoreRank":192,"engagementSEI":0.04787666969885575,"engagementSEIadj":0,"engagementSEIrank":181,"engagementScore":0.011016896246543449,"voiceSEI":0.23866348448687352,"voiceSEIadj":0,"voiceSEIrank":189,"voiceScore":0.02115775220040623},"scoped":{"SEI":0.5478172485709007,"SEIrank":182,"SEIadj":0,"audienceSEI":1.7091670384734186,"audienceSEIadj":0,"audienceSEIrank":181,"audienceScore":0.09047332263277369,"combinedScore":0.025434532506560772,"combinedScoreRank":173,"engagementSEI":0.26320407088962977,"engagementSEIadj":0,"engagementSEIrank":166,"engagementScore":0.021115310711797123,"voiceSEI":0.7299270072992701,"voiceSEIadj":0,"voiceSEIrank":175,"voiceScore":0.038141734686093526}},"instagram":{"entityString":"536575ffb08f37d80186dfbd","type":"instagram","profiles":0,"postsMade":0,"repliesMade":0,"repliesRcvd":0,"sharesMade":0,"sharesRcvd":0,"mentionsRcvd":0,"likesRcvd":0,"reachRcvd":0,"audience":0,"voice":0,"conversation":0,"engagement":0,"group_scoped":{"audienceScore":null,"voiceScore":0,"engagementScore":0,"combinedScore":null,"combinedScoreRank":10,"SEIrank":108,"engagementSEIrank":105,"voiceSEIrank":105,"audienceSEIrank":108,"engagementSEI":0,"engagementSEIadj":0,"voiceSEI":0,"voiceSEIadj":0,"audienceSEI":0,"audienceSEIadj":0,"SEI":0,"SEIadj":0},"non_scoped":{"SEI":0,"SEIrank":108,"SEIadj":0,"audienceSEI":0,"audienceSEIadj":0,"audienceSEIrank":108,"audienceScore":0,"combinedScore":0,"combinedScoreRank":108,"engagementSEI":0,"engagementSEIadj":0,"engagementSEIrank":105,"engagementScore":0,"voiceSEI":0,"voiceSEIadj":0,"voiceSEIrank":105,"voiceScore":0},"scoped":{"SEI":0,"SEIrank":99,"SEIadj":0,"audienceSEI":0,"audienceSEIadj":0,"audienceSEIrank":99,"audienceScore":0,"combinedScore":0,"combinedScoreRank":99,"engagementSEI":0,"engagementSEIadj":0,"engagementSEIrank":96,"engagementScore":0,"voiceSEI":0,"voiceSEIadj":0,"voiceSEIrank":96,"voiceScore":0}}},"quarter":{"boundaryQuantum":4969914,"combined":{"entityString":"536575ffb08f37d80186dfbd","type":"combined","profiles":2,"postsMade":35,"repliesMade":0,"repliesRcvd":13,"sharesMade":0,"sharesRcvd":28,"mentionsRcvd":0,"likesRcvd":223,"reachRcvd":0,"audience":3396,"voice":35,"conversation":48,"engagement":264,"group_scoped":{"audienceScore":0.7735393067757579,"voiceScore":0.45401478791023475,"engagementScore":0.11499109254605089,"combinedScore":0.16486968802574545,"combinedScoreRank":119,"SEIrank":142,"engagementSEIrank":79,"voiceSEIrank":173,"audienceSEIrank":68,"engagementSEI":0.21609233035933534,"engagementSEIadj":0.21609233035933534,"voiceSEI":0.6214488636363636,"voiceSEIadj":0.6214488636363636,"audienceSEI":2.0835889758755246,"audienceSEIadj":2.0835889758755246,"SEI":0.5244489548940627,"SEIadj":0.5244489548940627},"non_scoped":{"SEI":0.11281783460348141,"SEIrank":192,"SEIadj":0,"audienceSEI":0.13342081380410398,"audienceSEIadj":0,"audienceSEIrank":195,"audienceScore":0.024585307542216363,"combinedScore":0.003658103319748537,"combinedScoreRank":199,"engagementSEI":0.002317910361665134,"engagementSEIadj":0,"engagementSEIrank":191,"engagementScore":0.0009543274774738952,"voiceSEI":0.3269500233535731,"voiceSEIadj":0,"voiceSEIrank":182,"voiceScore":0.03139886425822426},"scoped":{"SEI":0.6026024205935766,"SEIrank":183,"SEIadj":0,"audienceSEI":1.7418242993722046,"audienceSEIadj":0,"audienceSEIrank":178,"audienceScore":0.07058276296599744,"combinedScore":0.015604991616359793,"combinedScoreRank":178,"engagementSEI":0.06899092926077788,"engagementSEIadj":0,"engagementSEIrank":176,"engagementScore":0.00972221710741945,"voiceSEI":1.2900847769996313,"voiceSEIadj":0,"voiceSEIrank":169,"voiceScore":0.06651716142764832}},"facebook":{"entityString":"536575ffb08f37d80186dfbd","type":"facebook","profiles":1,"postsMade":19,"repliesMade":0,"repliesRcvd":13,"sharesMade":0,"sharesRcvd":2,"mentionsRcvd":0,"likesRcvd":188,"reachRcvd":0,"audience":1404,"voice":19,"conversation":32,"engagement":203,"group_scoped":{"audienceScore":0.5498421749312697,"voiceScore":0.5458201666187876,"engagementScore":0.0937267703047736,"combinedScore":0.1391372103517991,"combinedScoreRank":98,"SEIrank":105,"engagementSEIrank":67,"voiceSEIrank":114,"audienceSEIrank":72,"engagementSEI":0.1751540147370964,"engagementSEIadj":0.1751540147370964,"voiceSEI":0.6229508196721312,"voiceSEIadj":0.6229508196721312,"audienceSEI":1.0724761671962846,"audienceSEIadj":1.0724761671962846,"SEI":0.39922527146352565,"SEIadj":0.39922527146352565},"non_scoped":{"SEI":0.13342457893556917,"SEIrank":121,"SEIadj":0,"audienceSEI":0.0756083808982211,"audienceSEIadj":0,"audienceSEIrank":155,"audienceScore":0.014420123096908362,"combinedScore":0.0038446305406556382,"combinedScoreRank":139,"engagementSEI":0.0018954397027950546,"engagementSEIadj":0,"engagementSEIrank":132,"engagementScore":0.0008281714048814137,"voiceSEI":0.41575492341356673,"voiceSEIadj":0,"voiceSEIrank":113,"voiceScore":0.04756540242833896},"scoped":{"SEI":0.8109137911743854,"SEIrank":124,"SEIadj":0,"audienceSEI":0.9637429469666808,"audienceSEIadj":0,"audienceSEIrank":140,"audienceScore":0.059111583217867865,"combinedScore":0.01990383609148498,"combinedScoreRank":125,"engagementSEI":0.17594189583893083,"engagementSEIadj":0,"engagementSEIrank":121,"engagementScore":0.01145040536127157,"voiceSEI":2.02991452991453,"voiceSEIadj":0,"voiceSEIrank":103,"voiceScore":0.13285784210894344}},"twitter":{"entityString":"536575ffb08f37d80186dfbd","type":"twitter","profiles":1,"postsMade":16,"repliesMade":0,"repliesRcvd":0,"sharesMade":0,"sharesRcvd":26,"mentionsRcvd":0,"likesRcvd":35,"reachRcvd":0,"audience":1992,"voice":16,"conversation":16,"engagement":61,"group_scoped":{"audienceScore":1.0845242956308696,"voiceScore":0.3784295175023652,"engagementScore":0.46937519236688213,"combinedScore":0.4955853637868557,"combinedScoreRank":138,"SEIrank":165,"engagementSEIrank":137,"voiceSEIrank":180,"audienceSEIrank":154,"engagementSEI":0.9725765306122449,"engagementSEIadj":0.9725765306122449,"voiceSEI":0.6196746707978312,"voiceSEIadj":0.6196746707978312,"audienceSEI":2.3840869377887355,"audienceSEIadj":2.3840869377887355,"SEI":1.00785701338557,"SEIadj":1.00785701338557},"non_scoped":{"SEI":0.13506476120655053,"SEIrank":199,"SEIadj":0,"audienceSEI":0.35183343724665606,"audienceSEIadj":0,"audienceSEIrank":199,"audienceScore":0.057116052248571816,"combinedScore":0.010990681094863418,"combinedScoreRank":197,"engagementSEI":0.03300222900300807,"engagementSEIadj":0,"engagementSEIrank":188,"engagementScore":0.007744940078287378,"voiceSEI":0.26693360026693363,"voiceSEIadj":0,"voiceSEIrank":190,"voiceScore":0.023288648239523747},"scoped":{"SEI":0.5457391264057079,"SEIrank":183,"SEIadj":0,"audienceSEI":1.7091670384734186,"audienceSEIadj":0,"audienceSEIrank":181,"audienceScore":0.09047332263277369,"combinedScore":0.02049749771331455,"combinedScoreRank":178,"engagementSEI":0.20097522403795468,"engagementSEIadj":0,"engagementSEIrank":174,"engagementScore":0.015381550712468387,"voiceSEI":0.847457627118644,"voiceSEIadj":0,"voiceSEIrank":176,"voiceScore":0.04260871880908631}},"instagram":{"entityString":"536575ffb08f37d80186dfbd","type":"instagram","profiles":0,"postsMade":0,"repliesMade":0,"repliesRcvd":0,"sharesMade":0,"sharesRcvd":0,"mentionsRcvd":0,"likesRcvd":0,"reachRcvd":0,"audience":0,"voice":0,"conversation":0,"engagement":0,"group_scoped":{"audienceScore":null,"voiceScore":0,"engagementScore":0,"combinedScore":null,"combinedScoreRank":10,"SEIrank":108,"engagementSEIrank":106,"voiceSEIrank":106,"audienceSEIrank":108,"engagementSEI":0,"engagementSEIadj":0,"voiceSEI":0,"voiceSEIadj":0,"audienceSEI":0,"audienceSEIadj":0,"SEI":0,"SEIadj":0},"non_scoped":{"SEI":0,"SEIrank":108,"SEIadj":0,"audienceSEI":0,"audienceSEIadj":0,"audienceSEIrank":108,"audienceScore":0,"combinedScore":0,"combinedScoreRank":108,"engagementSEI":0,"engagementSEIadj":0,"engagementSEIrank":106,"engagementScore":0,"voiceSEI":0,"voiceSEIadj":0,"voiceSEIrank":106,"voiceScore":0},"scoped":{"SEI":0,"SEIrank":99,"SEIadj":0,"audienceSEI":0,"audienceSEIadj":0,"audienceSEIrank":99,"audienceScore":0,"combinedScore":0,"combinedScoreRank":99,"engagementSEI":0,"engagementSEIadj":0,"engagementSEIrank":97,"engagementScore":0,"voiceSEI":0,"voiceSEIadj":0,"voiceSEIrank":97,"voiceScore":0}}},"blended":{"combined":{"non_scoped":{"SEI":0.2854761261014273,"SEIadj":50.142738063050714,"SEIrank":157,"audienceSEI":0.13342081380410395,"audienceSEIadj":40.08005248828246,"audienceSEIrank":195,"engagementSEI":0.006640867880965316,"engagementSEIadj":50.00332043394048,"engagementSEIrank":159,"voiceSEI":0.893831746641459,"voiceSEIadj":50.44691587332073,"voiceSEIrank":140},"scoped":{"SEI":1.1113948099870663,"SEIadj":40.66683688599224,"SEIrank":168,"compCharisma":0,"compInfluence":0,"compEva":1.1113948099870663,"audienceSEI":1.7418242993722044,"audienceSEIadj":41.045094579623324,"audienceSEIrank":178,"engagementSEI":0.24623545084994358,"engagementSEIadj":50.12311772542497,"engagementSEIrank":145,"voiceSEI":3.8014596388035287,"voiceSEIadj":51.90072981940177,"voiceSEIrank":123}},"facebook":{"non_scoped":{"SEI":0.4480717303075582,"SEIadj":50.22403586515378,"SEIrank":83,"audienceSEI":0.0756083808982211,"audienceSEIadj":50.03780419044911,"audienceSEIrank":155,"engagementSEI":0.005855110588600951,"engagementSEIadj":50.0029275552943,"engagementSEIrank":114,"voiceSEI":1.4566594195485851,"voiceSEIadj":60.58266376781943,"voiceSEIrank":62},"scoped":{"SEI":2.4050434415097772,"SEIadj":51.20252172075489,"SEIrank":92,"audienceSEI":0.9637429469666808,"audienceSEIadj":50.48187147348334,"audienceSEIrank":140,"engagementSEI":0.3921649810042095,"engagementSEIadj":50.19608249050211,"engagementSEIrank":106,"voiceSEI":6.911233860701946,"voiceSEIadj":62.76449354428078,"voiceSEIrank":53}},"twitter":{"non_scoped":{"SEI":0.22769604131239016,"SEIadj":40.136617624787434,"SEIrank":188,"audienceSEI":0.35183343724665606,"audienceSEIadj":40.211100062347995,"audienceSEIrank":199,"engagementSEI":0.08154916845482996,"engagementSEIadj":40.0489295010729,"engagementSEIrank":171,"voiceSEI":0.478610655049422,"voiceSEIadj":40.28716639302965,"voiceSEIrank":176},"scoped":{"SEI":0.905649499878731,"SEIadj":40.54338969992724,"SEIrank":172,"audienceSEI":1.7091670384734183,"audienceSEIadj":41.02550022308405,"audienceSEIrank":181,"engagementSEI":0.5083409846422051,"engagementSEIadj":40.30500459078532,"engagementSEIrank":157,"voiceSEI":1.4324273508202205,"voiceSEIadj":40.85945641049213,"voiceSEIrank":163}},"instagram":{"non_scoped":{"SEI":0,"SEIadj":0,"SEIrank":108,"audienceSEI":0,"audienceSEIadj":0,"audienceSEIrank":108,"engagementSEI":0,"engagementSEIadj":0,"engagementSEIrank":106,"voiceSEI":0,"voiceSEIadj":0,"voiceSEIrank":106},"scoped":{"SEI":0,"SEIadj":0,"SEIrank":99,"audienceSEI":0,"audienceSEIadj":0,"audienceSEIrank":99,"engagementSEI":0,"engagementSEIadj":0,"engagementSEIrank":97,"voiceSEI":0,"voiceSEIadj":0,"voiceSEIrank":97}},"influence":{"instagram":{"scope":"individual","ratio":0,"calculated":false},"combined":{"ratio":0.34,"bottom":true,"scope":"individual","calculated":true},"facebook":{"ratio":0.55,"bottom":true,"scope":"individual","calculated":true},"twitter":{"ratio":0.26,"bottom":false,"scope":"individual","calculated":true}},"charisma":{"instagram":{"scope":"individual","ratio":0,"calculated":false},"combined":{"ratio":0.37,"bottom":true,"scope":"individual","calculated":true},"facebook":{"ratio":0.06,"bottom":false,"scope":"individual","calculated":true},"twitter":{"ratio":0.14,"bottom":false,"scope":"individual","calculated":true}}},"scope":"individual"}}