{"scoreEntityString":"591d1494ab33fb0001804f89.asset.536575feb08f37d80186a08c","timeQuantum":4995834,"scoreEntityType":"asset","scoreProfileID":"591d1494ab33fb0001804f89","data":{"scoreEntityString":"591d1494ab33fb0001804f89.asset.536575feb08f37d80186a08c","scoreProfileID":"591d1494ab33fb0001804f89","scoreEntityType":"asset","entityID":"asset.536575feb08f37d80186a08c","object_version":"1.2","score_engine_version":"3.0.20","timestamp":4995834,"start_quantum":4969914,"end_quantum":4995833,"schedule_options":{"interval":15,"offset":"1"},"_15min":{"boundaryQuantum":4995831,"combined":{"entityString":"536575feb08f37d80186a08c","type":"combined","profiles":2,"postsMade":0,"repliesMade":0,"repliesRcvd":0,"sharesMade":0,"sharesRcvd":0,"mentionsRcvd":0,"likesRcvd":0,"reachRcvd":0,"audience":33293,"voice":0,"conversation":0,"engagement":0,"group_scoped":{"audienceScore":2.34549749443972,"voiceScore":0,"engagementScore":0,"combinedScore":2.34549749443972,"engagementSEI":0,"engagementSEIadj":0,"voiceSEI":0,"voiceSEIadj":0,"audienceSEI":3.3915001120550903,"audienceSEIadj":3.3915001120550903,"SEI":0.339150011205509,"SEIadj":0.339150011205509,"combinedScoreRank":31,"SEIrank":46,"engagementSEIrank":58,"voiceSEIrank":51,"audienceSEIrank":41},"non_scoped":{"SEI":0.13080032844464176,"SEIrank":52,"SEIadj":0,"audienceSEI":1.3080032844464176,"audienceSEIadj":0,"audienceSEIrank":50,"audienceScore":0.24102433568993206,"combinedScore":0.012051216784496603,"combinedScoreRank":52,"engagementSEI":0,"engagementSEIadj":0,"engagementSEIrank":58,"engagementScore":0,"voiceSEI":0,"voiceSEIadj":0,"voiceSEIrank":51,"voiceScore":0},"scoped":{"SEI":1.7076135570965492,"SEIrank":41,"SEIadj":0,"audienceSEI":17.07613557096549,"audienceSEIadj":0,"audienceSEIrank":39,"audienceScore":0.6919646429407988,"combinedScore":0.03459823214703994,"combinedScoreRank":41,"engagementSEI":0,"engagementSEIadj":0,"engagementSEIrank":51,"engagementScore":0,"voiceSEI":0,"voiceSEIadj":0,"voiceSEIrank":48,"voiceScore":0}},"facebook":{"entityString":"536575feb08f37d80186a08c","type":"facebook","profiles":1,"postsMade":0,"repliesMade":0,"repliesRcvd":0,"sharesMade":0,"sharesRcvd":0,"mentionsRcvd":0,"likesRcvd":0,"reachRcvd":0,"audience":17341,"voice":0,"conversation":0,"engagement":0,"group_scoped":{"audienceScore":1.6167769629095088,"voiceScore":0,"engagementScore":0,"combinedScore":1.6167769629095088,"engagementSEI":0,"engagementSEIadj":0,"voiceSEI":0,"voiceSEIadj":0,"audienceSEI":2.033939257455588,"audienceSEIadj":2.033939257455588,"SEI":0.2033939257455588,"SEIadj":0.2033939257455588,"combinedScoreRank":36,"SEIrank":47,"engagementSEIrank":56,"voiceSEIrank":50,"audienceSEIrank":45},"non_scoped":{"SEI":0.09338496674900656,"SEIrank":53,"SEIadj":0,"audienceSEI":0.9338496674900656,"audienceSEIadj":0,"audienceSEIrank":51,"audienceScore":0.1781049534355327,"combinedScore":0.008905247671776636,"combinedScoreRank":53,"engagementSEI":0,"engagementSEIadj":0,"engagementSEIrank":56,"engagementScore":0,"voiceSEI":0,"voiceSEIadj":0,"voiceSEIrank":50,"voiceScore":0},"scoped":{"SEI":1.1903323677599156,"SEIrank":43,"SEIadj":0,"audienceSEI":11.903323677599156,"audienceSEIadj":0,"audienceSEIrank":41,"audienceScore":0.7300954163682668,"combinedScore":0.03650477081841334,"combinedScoreRank":43,"engagementSEI":0,"engagementSEIadj":0,"engagementSEIrank":49,"engagementScore":0,"voiceSEI":0,"voiceSEIadj":0,"voiceSEIrank":48,"voiceScore":0}},"twitter":{"entityString":"536575feb08f37d80186a08c","type":"twitter","profiles":1,"postsMade":0,"repliesMade":0,"repliesRcvd":0,"sharesMade":0,"sharesRcvd":0,"mentionsRcvd":0,"likesRcvd":0,"reachRcvd":0,"audience":15952,"voice":0,"conversation":0,"engagement":0,"group_scoped":{"audienceScore":4.623325884770442,"voiceScore":0,"engagementScore":0,"combinedScore":4.623325884770442,"engagementSEI":0,"engagementSEIadj":0,"voiceSEI":0,"voiceSEIadj":0,"audienceSEI":12.537529276765644,"audienceSEIadj":12.537529276765644,"SEI":1.2537529276765644,"SEIadj":1.2537529276765644,"combinedScoreRank":30,"SEIrank":41,"engagementSEIrank":52,"voiceSEIrank":51,"audienceSEIrank":40},"non_scoped":{"SEI":0.2817493469356756,"SEIrank":43,"SEIadj":0,"audienceSEI":2.817493469356756,"audienceSEIadj":0,"audienceSEIrank":42,"audienceScore":0.45738718146045054,"combinedScore":0.022869359073022528,"combinedScoreRank":43,"engagementSEI":0,"engagementSEIadj":0,"engagementSEIrank":52,"engagementScore":0,"voiceSEI":0,"voiceSEIadj":0,"voiceSEIrank":51,"voiceScore":0},"scoped":{"SEI":1.3687064557092359,"SEIrank":33,"SEIadj":0,"audienceSEI":13.687064557092357,"audienceSEIadj":0,"audienceSEIrank":32,"audienceScore":0.7245132744166696,"combinedScore":0.1035018963452385,"combinedScoreRank":33,"engagementSEI":0,"engagementSEIadj":0,"engagementSEIrank":49,"engagementScore":0,"voiceSEI":0,"voiceSEIadj":0,"voiceSEIrank":48,"voiceScore":0}},"instagram":{"entityString":"536575feb08f37d80186a08c","type":"instagram","profiles":0,"postsMade":0,"repliesMade":0,"repliesRcvd":0,"sharesMade":0,"sharesRcvd":0,"mentionsRcvd":0,"likesRcvd":0,"reachRcvd":0,"audience":0,"voice":0,"conversation":0,"engagement":0,"group_scoped":{"audienceScore":0,"voiceScore":0,"engagementScore":0,"combinedScore":0,"engagementSEI":0,"engagementSEIadj":0,"voiceSEI":0,"voiceSEIadj":0,"audienceSEI":0,"audienceSEIadj":0,"SEI":0,"SEIadj":0,"combinedScoreRank":113,"SEIrank":76,"engagementSEIrank":53,"voiceSEIrank":50,"audienceSEIrank":76},"non_scoped":{"SEI":0,"SEIrank":76,"SEIadj":0,"audienceSEI":0,"audienceSEIadj":0,"audienceSEIrank":76,"audienceScore":0,"combinedScore":0,"combinedScoreRank":76,"engagementSEI":0,"engagementSEIadj":0,"engagementSEIrank":53,"engagementScore":0,"voiceSEI":0,"voiceSEIadj":0,"voiceSEIrank":50,"voiceScore":0},"scoped":{"SEI":0,"SEIrank":70,"SEIadj":0,"audienceSEI":0,"audienceSEIadj":0,"audienceSEIrank":70,"audienceScore":0,"combinedScore":0,"combinedScoreRank":70,"engagementSEI":0,"engagementSEIadj":0,"engagementSEIrank":49,"engagementScore":0,"voiceSEI":0,"voiceSEIadj":0,"voiceSEIrank":48,"voiceScore":0}}},"hour":{"boundaryQuantum":4995822,"combined":{"entityString":"536575feb08f37d80186a08c","type":"combined","profiles":2,"postsMade":0,"repliesMade":0,"repliesRcvd":2,"sharesMade":0,"sharesRcvd":0,"mentionsRcvd":0,"likesRcvd":6,"reachRcvd":0,"audience":33293,"voice":0,"conversation":2,"engagement":8,"group_scoped":{"audienceScore":2.34549749443972,"voiceScore":0,"engagementScore":1.5873015873015872,"combinedScore":1.6956152883213205,"combinedScoreRank":39,"SEIrank":31,"engagementSEIrank":16,"voiceSEIrank":63,"audienceSEIrank":41,"engagementSEI":1.9277108433734942,"engagementSEIadj":1.9277108433734942,"voiceSEI":0,"voiceSEIadj":0,"audienceSEI":3.3915001120550903,"audienceSEIadj":3.3915001120550903,"SEI":1.4957765172296056,"SEIadj":1.4957765172296056},"non_scoped":{"SEI":0.2907470128831623,"SEIrank":46,"SEIadj":0,"audienceSEI":1.3080032844464176,"audienceSEIadj":0,"audienceSEIrank":50,"audienceScore":0.24102433568993206,"combinedScore":0.09427115511954284,"combinedScoreRank":36,"engagementSEI":0.26657780739753417,"engagementSEIadj":0,"engagementSEIrank":20,"engagementScore":0.09135548703894027,"voiceSEI":0,"voiceSEIadj":0,"voiceSEIrank":63,"voiceScore":0},"scoped":{"SEI":5.578581299032033,"SEIrank":34,"SEIadj":0,"audienceSEI":17.07613557096549,"audienceSEIadj":0,"audienceSEIrank":39,"audienceScore":0.6919646429407988,"combinedScore":1.4519210667927092,"combinedScoreRank":15,"engagementSEI":6.451612903225806,"engagementSEIadj":0,"engagementSEIrank":13,"engagementScore":1.574803149606299,"voiceSEI":0,"voiceSEIadj":0,"voiceSEIrank":55,"voiceScore":0}},"facebook":{"entityString":"536575feb08f37d80186a08c","type":"facebook","profiles":1,"postsMade":0,"repliesMade":0,"repliesRcvd":2,"sharesMade":0,"sharesRcvd":0,"mentionsRcvd":0,"likesRcvd":6,"reachRcvd":0,"audience":17341,"voice":0,"conversation":2,"engagement":8,"group_scoped":{"audienceScore":1.6167769629095088,"voiceScore":0,"engagementScore":1.6632016632016633,"combinedScore":1.6565695631599269,"combinedScoreRank":34,"SEIrank":23,"engagementSEIrank":15,"voiceSEIrank":58,"audienceSEIrank":45,"engagementSEI":1.9900497512437811,"engagementSEIadj":1.9900497512437811,"voiceSEI":0,"voiceSEIadj":0,"audienceSEI":2.033939257455588,"audienceSEIadj":2.033939257455588,"SEI":1.3974237764918274,"SEIadj":1.3974237764918274},"non_scoped":{"SEI":0.28615605108635594,"SEIrank":32,"SEIadj":0,"audienceSEI":0.9338496674900656,"audienceSEIadj":0,"audienceSEIrank":51,"audienceScore":0.1781049534355327,"combinedScore":0.11192427757591171,"combinedScoreRank":25,"engagementSEI":0.321285140562249,"engagementSEIadj":0,"engagementSEIrank":16,"engagementScore":0.1144655887823723,"voiceSEI":0,"voiceSEIadj":0,"voiceSEIrank":58,"voiceScore":0},"scoped":{"SEI":5.124758597268112,"SEIrank":22,"SEIadj":0,"audienceSEI":11.903323677599156,"audienceSEIadj":0,"audienceSEIrank":41,"audienceScore":0.7300954163682668,"combinedScore":1.9930265099488482,"combinedScoreRank":9,"engagementSEI":6.557377049180328,"engagementSEIadj":0,"engagementSEIrank":9,"engagementScore":2.1739130434782608,"voiceSEI":0,"voiceSEIadj":0,"voiceSEIrank":50,"voiceScore":0}},"twitter":{"entityString":"536575feb08f37d80186a08c","type":"twitter","profiles":1,"postsMade":0,"repliesMade":0,"repliesRcvd":0,"sharesMade":0,"sharesRcvd":0,"mentionsRcvd":0,"likesRcvd":0,"reachRcvd":0,"audience":15952,"voice":0,"conversation":0,"engagement":0,"group_scoped":{"audienceScore":4.623325884770442,"voiceScore":0,"engagementScore":0,"combinedScore":4.623325884770442,"combinedScoreRank":41,"SEIrank":63,"engagementSEIrank":73,"voiceSEIrank":62,"audienceSEIrank":40,"engagementSEI":0,"engagementSEIadj":0,"voiceSEI":0,"voiceSEIadj":0,"audienceSEI":12.537529276765644,"audienceSEIadj":12.537529276765644,"SEI":1.2537529276765644,"SEIadj":1.2537529276765644},"non_scoped":{"SEI":0.2817493469356756,"SEIrank":62,"SEIadj":0,"audienceSEI":2.817493469356756,"audienceSEIadj":0,"audienceSEIrank":42,"audienceScore":0.45738718146045054,"combinedScore":0.022869359073022528,"combinedScoreRank":62,"engagementSEI":0,"engagementSEIadj":0,"engagementSEIrank":73,"engagementScore":0,"voiceSEI":0,"voiceSEIadj":0,"voiceSEIrank":62,"voiceScore":0},"scoped":{"SEI":1.3687064557092359,"SEIrank":52,"SEIadj":0,"audienceSEI":13.687064557092357,"audienceSEIadj":0,"audienceSEIrank":32,"audienceScore":0.7245132744166696,"combinedScore":0.03622566372083348,"combinedScoreRank":52,"engagementSEI":0,"engagementSEIadj":0,"engagementSEIrank":64,"engagementScore":0,"voiceSEI":0,"voiceSEIadj":0,"voiceSEIrank":54,"voiceScore":0}},"instagram":{"entityString":"536575feb08f37d80186a08c","type":"instagram","profiles":0,"postsMade":0,"repliesMade":0,"repliesRcvd":0,"sharesMade":0,"sharesRcvd":0,"mentionsRcvd":0,"likesRcvd":0,"reachRcvd":0,"audience":0,"voice":0,"conversation":0,"engagement":0,"group_scoped":{"audienceScore":0,"voiceScore":0,"engagementScore":0,"combinedScore":0,"combinedScoreRank":113,"SEIrank":76,"engagementSEIrank":58,"voiceSEIrank":52,"audienceSEIrank":76,"engagementSEI":0,"engagementSEIadj":0,"voiceSEI":0,"voiceSEIadj":0,"audienceSEI":0,"audienceSEIadj":0,"SEI":0,"SEIadj":0},"non_scoped":{"SEI":0,"SEIrank":76,"SEIadj":0,"audienceSEI":0,"audienceSEIadj":0,"audienceSEIrank":76,"audienceScore":0,"combinedScore":0,"combinedScoreRank":76,"engagementSEI":0,"engagementSEIadj":0,"engagementSEIrank":58,"engagementScore":0,"voiceSEI":0,"voiceSEIadj":0,"voiceSEIrank":52,"voiceScore":0},"scoped":{"SEI":0,"SEIrank":70,"SEIadj":0,"audienceSEI":0,"audienceSEIadj":0,"audienceSEIrank":70,"audienceScore":0,"combinedScore":0,"combinedScoreRank":70,"engagementSEI":0,"engagementSEIadj":0,"engagementSEIrank":52,"engagementScore":0,"voiceSEI":0,"voiceSEIadj":0,"voiceSEIrank":48,"voiceScore":0}}},"today":{"boundaryQuantum":4995546,"combined":{"entityString":"536575feb08f37d80186a08c","type":"combined","profiles":2,"postsMade":2,"repliesMade":0,"repliesRcvd":45,"sharesMade":0,"sharesRcvd":12,"mentionsRcvd":0,"likesRcvd":255,"reachRcvd":0,"audience":33293,"voice":2,"conversation":47,"engagement":312,"group_scoped":{"audienceScore":2.34549749443972,"voiceScore":1.5873015873015872,"engagementScore":3.58950759318914,"combinedScore":3.427196787957291,"combinedScoreRank":15,"SEIrank":29,"engagementSEIrank":15,"voiceSEIrank":80,"audienceSEIrank":41,"engagementSEI":4.27455815865187,"engagementSEIadj":4.27455815865187,"voiceSEI":2.197802197802198,"voiceSEIadj":2.197802197802198,"audienceSEI":3.3915001120550903,"audienceSEIadj":3.3915001120550903,"SEI":3.5632255657372904,"SEIadj":3.5632255657372904},"non_scoped":{"SEI":0.7319992683258614,"SEIrank":81,"SEIadj":0,"audienceSEI":1.3080032844464176,"audienceSEIadj":0,"audienceSEIrank":50,"audienceScore":0.24102433568993206,"combinedScore":0.12351058341126657,"combinedScoreRank":38,"engagementSEI":0.3170667262860511,"engagementSEIadj":0,"engagementSEIrank":33,"engagementScore":0.11608999951629166,"voiceSEI":1.36986301369863,"voiceSEIadj":0,"voiceSEIrank":89,"voiceScore":0.13956734124214934},"scoped":{"SEI":13.808463747656504,"SEIrank":37,"SEIadj":0,"audienceSEI":17.07613557096549,"audienceSEIadj":0,"audienceSEIrank":39,"audienceScore":0.6919646429407988,"combinedScore":1.2124473062040642,"combinedScoreRank":25,"engagementSEI":16.464379947229553,"engagementSEIadj":0,"engagementSEIrank":24,"engagementScore":1.2905360688285903,"voiceSEI":7.4074074074074066,"voiceSEIadj":0,"voiceSEIrank":78,"voiceScore":0.32733224222585927}},"facebook":{"entityString":"536575feb08f37d80186a08c","type":"facebook","profiles":1,"postsMade":1,"repliesMade":0,"repliesRcvd":45,"sharesMade":0,"sharesRcvd":4,"mentionsRcvd":0,"likesRcvd":222,"reachRcvd":0,"audience":17341,"voice":1,"conversation":46,"engagement":271,"group_scoped":{"audienceScore":1.6167769629095088,"voiceScore":2.5,"engagementScore":3.469910371318822,"combinedScore":3.3287581823324155,"combinedScoreRank":18,"SEIrank":26,"engagementSEIrank":15,"voiceSEIrank":49,"audienceSEIrank":45,"engagementSEI":4.012437074326325,"engagementSEIadj":4.012437074326325,"voiceSEI":2.941176470588235,"voiceSEIadj":2.941176470588235,"audienceSEI":2.033939257455588,"audienceSEIadj":2.033939257455588,"SEI":3.493209111517824,"SEIadj":3.493209111517824},"non_scoped":{"SEI":0.739076119928463,"SEIrank":52,"SEIadj":0,"audienceSEI":0.9338496674900656,"audienceSEIadj":0,"audienceSEIrank":51,"audienceScore":0.1781049534355327,"combinedScore":0.12456386626497372,"combinedScoreRank":34,"engagementSEI":0.3185761643900031,"engagementSEIadj":0,"engagementSEIrank":30,"engagementScore":0.11753021740921767,"voiceSEI":1.5151515151515151,"voiceSEIadj":0,"voiceSEIrank":52,"voiceScore":0.1976284584980237},"scoped":{"SEI":13.089176298395753,"SEIrank":29,"SEIadj":0,"audienceSEI":11.903323677599156,"audienceSEIadj":0,"audienceSEIrank":41,"audienceScore":0.7300954163682668,"combinedScore":1.4246744084034835,"combinedScoreRank":22,"engagementSEI":15.664739884393065,"engagementSEIadj":0,"engagementSEIrank":22,"engagementScore":1.508740674757822,"voiceSEI":8.333333333333332,"voiceSEIadj":0,"voiceSEIrank":42,"voiceScore":0.6060606060606061}},"twitter":{"entityString":"536575feb08f37d80186a08c","type":"twitter","profiles":1,"postsMade":1,"repliesMade":0,"repliesRcvd":0,"sharesMade":0,"sharesRcvd":8,"mentionsRcvd":0,"likesRcvd":33,"reachRcvd":0,"audience":15952,"voice":1,"conversation":1,"engagement":41,"group_scoped":{"audienceScore":4.623325884770442,"voiceScore":1.1764705882352942,"engagementScore":5.408970976253298,"combinedScore":5.158063702278255,"combinedScoreRank":32,"SEIrank":43,"engagementSEIrank":37,"voiceSEIrank":108,"audienceSEIrank":40,"engagementSEI":9.73871733966746,"engagementSEIadj":9.73871733966746,"voiceSEI":1.7857142857142856,"voiceSEIadj":1.7857142857142856,"audienceSEI":12.537529276765644,"audienceSEIadj":12.537529276765644,"SEI":7.632697617191326,"SEIadj":7.632697617191326},"non_scoped":{"SEI":1.8135827339294708,"SEIrank":59,"SEIadj":0,"audienceSEI":2.817493469356756,"audienceSEIadj":0,"audienceSEIrank":42,"audienceScore":0.45738718146045054,"combinedScore":0.45720929703085744,"combinedScoreRank":41,"engagementSEI":1.99125789218067,"engagementSEIadj":0,"engagementSEIrank":41,"engagementScore":0.47630111524163565,"voiceSEI":1.1235955056179776,"voiceSEIadj":0,"voiceSEIrank":93,"voiceScore":0.11337868480725624},"scoped":{"SEI":11.39645853711534,"SEIrank":42,"SEIadj":0,"audienceSEI":13.687064557092357,"audienceSEIadj":0,"audienceSEIrank":32,"audienceScore":0.7245132744166696,"combinedScore":0.960130219329957,"combinedScoreRank":32,"engagementSEI":14.539007092198581,"engagementSEIadj":0,"engagementSEIrank":32,"engagementScore":1.0138476755687438,"voiceSEI":4.3478260869565215,"voiceSEIadj":0,"voiceSEIrank":82,"voiceScore":0.2288329519450801}},"instagram":{"entityString":"536575feb08f37d80186a08c","type":"instagram","profiles":0,"postsMade":0,"repliesMade":0,"repliesRcvd":0,"sharesMade":0,"sharesRcvd":0,"mentionsRcvd":0,"likesRcvd":0,"reachRcvd":0,"audience":0,"voice":0,"conversation":0,"engagement":0,"group_scoped":{"audienceScore":0,"voiceScore":0,"engagementScore":0,"combinedScore":0,"combinedScoreRank":113,"SEIrank":76,"engagementSEIrank":71,"voiceSEIrank":61,"audienceSEIrank":76,"engagementSEI":0,"engagementSEIadj":0,"voiceSEI":0,"voiceSEIadj":0,"audienceSEI":0,"audienceSEIadj":0,"SEI":0,"SEIadj":0},"non_scoped":{"SEI":0,"SEIrank":76,"SEIadj":0,"audienceSEI":0,"audienceSEIadj":0,"audienceSEIrank":76,"audienceScore":0,"combinedScore":0,"combinedScoreRank":76,"engagementSEI":0,"engagementSEIadj":0,"engagementSEIrank":71,"engagementScore":0,"voiceSEI":0,"voiceSEIadj":0,"voiceSEIrank":61,"voiceScore":0},"scoped":{"SEI":0,"SEIrank":70,"SEIadj":0,"audienceSEI":0,"audienceSEIadj":0,"audienceSEIrank":70,"audienceScore":0,"combinedScore":0,"combinedScoreRank":70,"engagementSEI":0,"engagementSEIadj":0,"engagementSEIrank":65,"engagementScore":0,"voiceSEI":0,"voiceSEIadj":0,"voiceSEIrank":55,"voiceScore":0}}},"week":{"boundaryQuantum":4993818,"combined":{"entityString":"536575feb08f37d80186a08c","type":"combined","profiles":2,"postsMade":7,"repliesMade":0,"repliesRcvd":435,"sharesMade":0,"sharesRcvd":21,"mentionsRcvd":0,"likesRcvd":1266,"reachRcvd":0,"audience":33293,"voice":7,"conversation":442,"engagement":1722,"group_scoped":{"audienceScore":2.34549749443972,"voiceScore":0.8045977011494253,"engagementScore":2.031882382093004,"combinedScore":1.9861989036631607,"combinedScoreRank":20,"SEIrank":57,"engagementSEIrank":19,"voiceSEIrank":134,"audienceSEIrank":41,"engagementSEI":2.247513639092641,"engagementSEIadj":2.247513639092641,"voiceSEI":1.2280701754385965,"voiceSEIadj":1.2280701754385965,"audienceSEI":3.3915001120550903,"audienceSEIadj":3.3915001120550903,"SEI":2.0560792472926726,"SEIadj":2.0560792472926726},"non_scoped":{"SEI":0.5125622391862252,"SEIrank":108,"SEIadj":0,"audienceSEI":1.3080032844464176,"audienceSEIadj":0,"audienceSEIrank":50,"audienceScore":0.24102433568993206,"combinedScore":0.09820176980358147,"combinedScoreRank":48,"engagementSEI":0.2171081745892659,"engagementSEIadj":0,"engagementSEIrank":44,"engagementScore":0.09105710316790941,"voiceSEI":0.8383233532934131,"voiceSEIadj":0,"voiceSEIrank":137,"voiceScore":0.08398320335932813},"scoped":{"SEI":6.160820454441938,"SEIrank":55,"SEIadj":0,"audienceSEI":17.07613557096549,"audienceSEIadj":0,"audienceSEIrank":39,"audienceScore":0.6919646429407988,"combinedScore":0.8198066592517294,"combinedScoreRank":37,"engagementSEI":5.893627216099665,"engagementSEIadj":0,"engagementSEIrank":35,"engagementScore":0.8625785186892012,"voiceSEI":3.056768558951965,"voiceSEIadj":0,"voiceSEIrank":125,"voiceScore":0.17775520568816658}},"facebook":{"entityString":"536575feb08f37d80186a08c","type":"facebook","profiles":1,"postsMade":6,"repliesMade":0,"repliesRcvd":435,"sharesMade":0,"sharesRcvd":12,"mentionsRcvd":0,"likesRcvd":1218,"reachRcvd":0,"audience":17341,"voice":6,"conversation":441,"engagement":1665,"group_scoped":{"audienceScore":1.6167769629095088,"voiceScore":2.2304832713754648,"engagementScore":2.1510238356695304,"combinedScore":2.128284463816826,"combinedScoreRank":20,"SEIrank":31,"engagementSEIrank":17,"voiceSEIrank":50,"audienceSEIrank":45,"engagementSEI":2.291526170192268,"engagementSEIadj":2.291526170192268,"voiceSEI":2.553191489361702,"voiceSEIadj":2.553191489361702,"audienceSEI":2.033939257455588,"audienceSEIadj":2.033939257455588,"SEI":2.34426707466943,"SEIadj":2.34426707466943},"non_scoped":{"SEI":0.7630583319964136,"SEIrank":50,"SEIadj":0,"audienceSEI":0.9338496674900656,"audienceSEIadj":0,"audienceSEIrank":51,"audienceScore":0.1781049534355327,"combinedScore":0.11257034772429445,"combinedScoreRank":38,"engagementSEI":0.2311665231999556,"engagementSEIadj":0,"engagementSEIrank":31,"engagementScore":0.10377963563063426,"voiceSEI":1.7699115044247788,"voiceSEIadj":0,"voiceSEIrank":52,"voiceScore":0.20526855969893945},"scoped":{"SEI":13.712825941024697,"SEIrank":33,"SEIadj":0,"audienceSEI":11.903323677599156,"audienceSEIadj":0,"audienceSEIrank":41,"audienceScore":0.7300954163682668,"combinedScore":1.3976324361321661,"combinedScoreRank":29,"engagementSEI":17.12082262210797,"engagementSEIadj":0,"engagementSEIrank":23,"engagementScore":1.4796843340087449,"voiceSEI":7.5,"voiceSEIadj":0,"voiceSEIrank":44,"voiceScore":0.5882352941176471}},"twitter":{"entityString":"536575feb08f37d80186a08c","type":"twitter","profiles":1,"postsMade":1,"repliesMade":0,"repliesRcvd":0,"sharesMade":0,"sharesRcvd":9,"mentionsRcvd":0,"likesRcvd":48,"reachRcvd":0,"audience":15952,"voice":1,"conversation":1,"engagement":57,"group_scoped":{"audienceScore":4.623325884770442,"voiceScore":0.16835016835016833,"engagementScore":0.9080771068981999,"combinedScore":1.0568531988644105,"combinedScoreRank":115,"SEIrank":114,"engagementSEIrank":112,"voiceSEIrank":177,"audienceSEIrank":40,"engagementSEI":1.970954356846473,"engagementSEIadj":1.970954356846473,"voiceSEI":0.3048780487804878,"voiceSEIadj":0.3048780487804878,"audienceSEI":12.537529276765644,"audienceSEIadj":12.537529276765644,"SEI":2.5277889564185942,"SEIadj":2.5277889564185942},"non_scoped":{"SEI":0.6056714875479241,"SEIrank":131,"SEIadj":0,"audienceSEI":2.817493469356756,"audienceSEIadj":0,"audienceSEIrank":42,"audienceScore":0.45738718146045054,"combinedScore":0.10653605828786616,"combinedScoreRank":107,"engagementSEI":0.4343850022862369,"engagementSEIadj":0,"engagementSEIrank":107,"engagementScore":0.09187324715515297,"voiceSEI":0.21097046413502107,"voiceSEIadj":0,"voiceSEIrank":174,"voiceScore":0.019615535504119264},"scoped":{"SEI":3.1335665955693757,"SEIrank":106,"SEIadj":0,"audienceSEI":13.687064557092357,"audienceSEIadj":0,"audienceSEIrank":32,"audienceScore":0.7245132744166696,"combinedScore":0.1869199585000851,"combinedScoreRank":97,"engagementSEI":2.6573426573426575,"engagementSEIadj":0,"engagementSEIrank":96,"engagementScore":0.16547639784009754,"voiceSEI":0.5681818181818182,"voiceSEIadj":0,"voiceSEIrank":160,"voiceScore":0.03531073446327684}},"instagram":{"entityString":"536575feb08f37d80186a08c","type":"instagram","profiles":0,"postsMade":0,"repliesMade":0,"repliesRcvd":0,"sharesMade":0,"sharesRcvd":0,"mentionsRcvd":0,"likesRcvd":0,"reachRcvd":0,"audience":0,"voice":0,"conversation":0,"engagement":0,"group_scoped":{"audienceScore":0,"voiceScore":0,"engagementScore":0,"combinedScore":0,"combinedScoreRank":113,"SEIrank":76,"engagementSEIrank":73,"voiceSEIrank":72,"audienceSEIrank":76,"engagementSEI":0,"engagementSEIadj":0,"voiceSEI":0,"voiceSEIadj":0,"audienceSEI":0,"audienceSEIadj":0,"SEI":0,"SEIadj":0},"non_scoped":{"SEI":0,"SEIrank":76,"SEIadj":0,"audienceSEI":0,"audienceSEIadj":0,"audienceSEIrank":76,"audienceScore":0,"combinedScore":0,"combinedScoreRank":76,"engagementSEI":0,"engagementSEIadj":0,"engagementSEIrank":73,"engagementScore":0,"voiceSEI":0,"voiceSEIadj":0,"voiceSEIrank":72,"voiceScore":0},"scoped":{"SEI":0,"SEIrank":70,"SEIadj":0,"audienceSEI":0,"audienceSEIadj":0,"audienceSEIrank":70,"audienceScore":0,"combinedScore":0,"combinedScoreRank":70,"engagementSEI":0,"engagementSEIadj":0,"engagementSEIrank":67,"engagementScore":0,"voiceSEI":0,"voiceSEIadj":0,"voiceSEIrank":66,"voiceScore":0}}},"month":{"boundaryQuantum":4987194,"combined":{"entityString":"536575feb08f37d80186a08c","type":"combined","profiles":2,"postsMade":40,"repliesMade":0,"repliesRcvd":1451,"sharesMade":0,"sharesRcvd":128,"mentionsRcvd":0,"likesRcvd":4680,"reachRcvd":0,"audience":33293,"voice":40,"conversation":1491,"engagement":6259,"group_scoped":{"audienceScore":2.34549749443972,"voiceScore":1.0269576379974326,"engagementScore":1.7088393325179103,"combinedScore":1.706578155887977,"combinedScoreRank":22,"SEIrank":55,"engagementSEIrank":19,"voiceSEIrank":122,"audienceSEIrank":41,"engagementSEI":1.9573014944789648,"engagementSEIadj":1.9573014944789648,"voiceSEI":1.639344262295082,"voiceSEIadj":1.639344262295082,"audienceSEI":3.3915001120550903,"audienceSEIadj":3.3915001120550903,"SEI":2.0053341865814125,"SEIadj":2.0053341865814125},"non_scoped":{"SEI":0.5601816739093141,"SEIrank":108,"SEIadj":0,"audienceSEI":1.3080032844464176,"audienceSEIadj":0,"audienceSEIrank":50,"audienceScore":0.24102433568993206,"combinedScore":0.0820075622898824,"combinedScoreRank":53,"engagementSEI":0.17186178567113689,"engagementSEIadj":0,"engagementSEIrank":43,"engagementScore":0.07189881095288037,"voiceSEI":1.0875475802066341,"voiceSEIadj":0,"voiceSEIrank":122,"voiceScore":0.10494831295586923},"scoped":{"SEI":6.05565303034553,"SEIrank":62,"SEIadj":0,"audienceSEI":17.07613557096549,"audienceSEIadj":0,"audienceSEIrank":39,"audienceScore":0.6919646429407988,"combinedScore":0.7085238120794575,"combinedScoreRank":36,"engagementSEI":5.16773037641289,"engagementSEIadj":0,"engagementSEIrank":34,"engagementScore":0.7365314417376446,"voiceSEI":4.158004158004158,"voiceSEIadj":0,"voiceSEIrank":111,"voiceScore":0.22094564737074682}},"facebook":{"entityString":"536575feb08f37d80186a08c","type":"facebook","profiles":1,"postsMade":24,"repliesMade":0,"repliesRcvd":1451,"sharesMade":0,"sharesRcvd":64,"mentionsRcvd":0,"likesRcvd":3926,"reachRcvd":0,"audience":17341,"voice":24,"conversation":1475,"engagement":5441,"group_scoped":{"audienceScore":1.6167769629095088,"voiceScore":2.0117351215423303,"engagementScore":1.617304354029439,"combinedScore":1.636999522849087,"combinedScoreRank":22,"SEIrank":34,"engagementSEIrank":21,"voiceSEIrank":55,"audienceSEIrank":45,"engagementSEI":1.7862008515723231,"engagementSEIadj":1.7862008515723231,"voiceSEI":2.3529411764705883,"voiceSEIadj":2.3529411764705883,"audienceSEI":2.033939257455588,"audienceSEIadj":2.033939257455588,"SEI":1.980996789630129,"SEIadj":1.980996789630129},"non_scoped":{"SEI":0.6659313353959391,"SEIrank":62,"SEIadj":0,"audienceSEI":0.9338496674900656,"audienceSEIadj":0,"audienceSEIrank":51,"audienceScore":0.1781049534355327,"combinedScore":0.08282009220740916,"combinedScoreRank":43,"engagementSEI":0.16216473982409552,"engagementSEIadj":0,"engagementSEIrank":38,"engagementScore":0.07209122315526098,"voiceSEI":1.5841584158415842,"voiceSEIadj":0,"voiceSEIrank":61,"voiceScore":0.18065487391795257},"scoped":{"SEI":11.644738847709718,"SEIrank":35,"SEIadj":0,"audienceSEI":11.903323677599156,"audienceSEIadj":0,"audienceSEIrank":41,"audienceScore":0.7300954163682668,"combinedScore":1.0075937709085176,"combinedScoreRank":30,"engagementSEI":14.587131367292224,"engagementSEIadj":0,"engagementSEIrank":29,"engagementScore":1.0504489650925055,"voiceSEI":5.673758865248227,"voiceSEIadj":0,"voiceSEIrank":52,"voiceScore":0.5136986301369862}},"twitter":{"entityString":"536575feb08f37d80186a08c","type":"twitter","profiles":1,"postsMade":16,"repliesMade":0,"repliesRcvd":0,"sharesMade":0,"sharesRcvd":64,"mentionsRcvd":0,"likesRcvd":754,"reachRcvd":0,"audience":15952,"voice":16,"conversation":16,"engagement":818,"group_scoped":{"audienceScore":4.623325884770442,"voiceScore":0.5988023952095809,"engagementScore":3.299717628075837,"combinedScore":3.2308522792672543,"combinedScoreRank":47,"SEIrank":61,"engagementSEIrank":49,"voiceSEIrank":155,"audienceSEIrank":40,"engagementSEI":8.094201464476548,"engagementSEIadj":8.094201464476548,"voiceSEI":1.1510791366906474,"voiceSEIadj":1.1510791366906474,"audienceSEI":12.537529276765644,"audienceSEIadj":12.537529276765644,"SEI":6.4555975473696865,"SEIadj":6.4555975473696865},"non_scoped":{"SEI":1.2941286083163543,"SEIrank":87,"SEIadj":0,"audienceSEI":2.817493469356756,"audienceSEIadj":0,"audienceSEIrank":42,"audienceScore":0.45738718146045054,"combinedScore":0.29660923331526373,"combinedScoreRank":60,"engagementSEI":1.3054371937888,"engagementSEIadj":0,"engagementSEIrank":56,"engagementScore":0.30039403765575134,"voiceSEI":0.7637231503579952,"voiceSEIadj":0,"voiceSEIrank":157,"voiceScore":0.06770480704129993},"scoped":{"SEI":6.3754549824708775,"SEIrank":69,"SEIadj":0,"audienceSEI":13.687064557092357,"audienceSEIadj":0,"audienceSEIrank":32,"audienceScore":0.7245132744166696,"combinedScore":0.5604980661381098,"combinedScoreRank":51,"engagementSEI":7.176697666257239,"engagementSEIadj":0,"engagementSEIrank":46,"engagementScore":0.5757441387416682,"voiceSEI":2.335766423357664,"voiceSEIadj":0,"voiceSEIrank":144,"voiceScore":0.12205355099549928}},"instagram":{"entityString":"536575feb08f37d80186a08c","type":"instagram","profiles":0,"postsMade":0,"repliesMade":0,"repliesRcvd":0,"sharesMade":0,"sharesRcvd":0,"mentionsRcvd":0,"likesRcvd":0,"reachRcvd":0,"audience":0,"voice":0,"conversation":0,"engagement":0,"group_scoped":{"audienceScore":0,"voiceScore":0,"engagementScore":0,"combinedScore":0,"combinedScoreRank":113,"SEIrank":76,"engagementSEIrank":73,"voiceSEIrank":73,"audienceSEIrank":76,"engagementSEI":0,"engagementSEIadj":0,"voiceSEI":0,"voiceSEIadj":0,"audienceSEI":0,"audienceSEIadj":0,"SEI":0,"SEIadj":0},"non_scoped":{"SEI":0,"SEIrank":76,"SEIadj":0,"audienceSEI":0,"audienceSEIadj":0,"audienceSEIrank":76,"audienceScore":0,"combinedScore":0,"combinedScoreRank":76,"engagementSEI":0,"engagementSEIadj":0,"engagementSEIrank":73,"engagementScore":0,"voiceSEI":0,"voiceSEIadj":0,"voiceSEIrank":73,"voiceScore":0},"scoped":{"SEI":0,"SEIrank":70,"SEIadj":0,"audienceSEI":0,"audienceSEIadj":0,"audienceSEIrank":70,"audienceScore":0,"combinedScore":0,"combinedScoreRank":70,"engagementSEI":0,"engagementSEIadj":0,"engagementSEIrank":67,"engagementScore":0,"voiceSEI":0,"voiceSEIadj":0,"voiceSEIrank":67,"voiceScore":0}}},"quarter":{"boundaryQuantum":4969914,"combined":{"entityString":"536575feb08f37d80186a08c","type":"combined","profiles":2,"postsMade":123,"repliesMade":0,"repliesRcvd":4265,"sharesMade":0,"sharesRcvd":500,"mentionsRcvd":0,"likesRcvd":15980,"reachRcvd":0,"audience":33293,"voice":123,"conversation":4388,"engagement":20745,"group_scoped":{"audienceScore":2.34549749443972,"voiceScore":0.9781312127236581,"engagementScore":1.7710787829115868,"combinedScore":1.7601523399785972,"combinedScoreRank":21,"SEIrank":56,"engagementSEIrank":17,"voiceSEIrank":123,"audienceSEIrank":41,"engagementSEI":2.105272772109931,"engagementSEIadj":2.105272772109931,"voiceSEI":1.557553501329619,"voiceSEIadj":1.557553501329619,"audienceSEI":3.3915001120550903,"audienceSEIadj":3.3915001120550903,"SEI":2.069579724870353,"SEIadj":2.069579724870353},"non_scoped":{"SEI":0.5847832729261109,"SEIrank":105,"SEIadj":0,"audienceSEI":1.3080032844464176,"audienceSEIadj":0,"audienceSEIrank":50,"audienceScore":0.24102433568993206,"combinedScore":0.08506000324508378,"combinedScoreRank":50,"engagementSEI":0.18214034262402728,"engagementSEIadj":0,"engagementSEIrank":41,"engagementScore":0.07499061939468164,"voiceSEI":1.1489957963568427,"voiceSEIadj":0,"voiceSEIrank":124,"voiceScore":0.11034458010747382},"scoped":{"SEI":6.320497024783906,"SEIrank":59,"SEIadj":0,"audienceSEI":17.07613557096549,"audienceSEIadj":0,"audienceSEIrank":39,"audienceScore":0.6919646429407988,"combinedScore":0.7338569086553246,"combinedScoreRank":35,"engagementSEI":5.421275861798625,"engagementSEIadj":0,"engagementSEIrank":32,"engagementScore":0.7639674011114262,"voiceSEI":4.533726502027276,"voiceSEIadj":0,"voiceSEIrank":113,"voiceScore":0.23376031016002127}},"facebook":{"entityString":"536575feb08f37d80186a08c","type":"facebook","profiles":1,"postsMade":84,"repliesMade":0,"repliesRcvd":4265,"sharesMade":0,"sharesRcvd":280,"mentionsRcvd":0,"likesRcvd":14188,"reachRcvd":0,"audience":17341,"voice":84,"conversation":4349,"engagement":18733,"group_scoped":{"audienceScore":1.6167769629095088,"voiceScore":2.2222222222222223,"engagementScore":1.7352664916548255,"combinedScore":1.7536898017459295,"combinedScoreRank":18,"SEIrank":33,"engagementSEIrank":17,"voiceSEIrank":56,"audienceSEIrank":45,"engagementSEI":1.9934767456090412,"engagementSEIadj":1.9934767456090412,"voiceSEI":2.670906200317965,"voiceSEIadj":2.670906200317965,"audienceSEI":2.033939257455588,"audienceSEIadj":2.033939257455588,"SEI":2.2007518332063727,"SEIadj":2.2007518332063727},"non_scoped":{"SEI":0.7497548880537727,"SEIrank":58,"SEIadj":0,"audienceSEI":0.9338496674900656,"audienceSEIadj":0,"audienceSEIrank":51,"audienceScore":0.1781049534355327,"combinedScore":0.08820158404022517,"combinedScoreRank":41,"engagementSEI":0.17491266971655053,"engagementSEIadj":0,"engagementSEIrank":37,"engagementScore":0.07642430998839173,"voiceSEI":1.8380743982494527,"voiceSEIadj":0,"voiceSEIrank":57,"voiceScore":0.21028914757791964},"scoped":{"SEI":13.624274152926793,"SEIrank":36,"SEIadj":0,"audienceSEI":11.903323677599156,"audienceSEIadj":0,"audienceSEIrank":41,"audienceScore":0.7300954163682668,"combinedScore":1.0168605349618567,"combinedScoreRank":31,"engagementSEI":16.236056821431976,"engagementSEIadj":0,"engagementSEIrank":28,"engagementScore":1.056652431688179,"voiceSEI":8.974358974358974,"voiceSEIadj":0,"voiceSEIrank":48,"voiceScore":0.5873715124816447}},"twitter":{"entityString":"536575feb08f37d80186a08c","type":"twitter","profiles":1,"postsMade":39,"repliesMade":0,"repliesRcvd":0,"sharesMade":0,"sharesRcvd":220,"mentionsRcvd":0,"likesRcvd":1792,"reachRcvd":0,"audience":15952,"voice":39,"conversation":39,"engagement":2012,"group_scoped":{"audienceScore":4.623325884770442,"voiceScore":0.4480183802412407,"engagementScore":2.6602496297863336,"combinedScore":2.6477918800582847,"combinedScoreRank":60,"SEIrank":68,"engagementSEIrank":53,"voiceSEIrank":171,"audienceSEIrank":40,"engagementSEI":6.814333130122603,"engagementSEIadj":6.814333130122603,"voiceSEI":0.8365508365508365,"voiceSEIadj":0.8365508365508365,"audienceSEI":12.537529276765644,"audienceSEIadj":12.537529276765644,"SEI":5.593318056715377,"SEIadj":5.593318056715377},"non_scoped":{"SEI":1.1300640643018764,"SEIrank":98,"SEIadj":0,"audienceSEI":2.817493469356756,"audienceSEIadj":0,"audienceSEIrank":42,"audienceScore":0.45738718146045054,"combinedScore":0.25561811379463717,"combinedScoreRank":66,"engagementSEI":1.088532536951676,"engagementSEIadj":0,"engagementSEIrank":61,"engagementScore":0.25545605635269186,"voiceSEI":0.6506506506506506,"voiceSEIadj":0,"voiceSEIrank":164,"voiceScore":0.056766080083839134},"scoped":{"SEI":5.965742476008906,"SEIrank":77,"SEIadj":0,"audienceSEI":13.687064557092357,"audienceSEIadj":0,"audienceSEIrank":32,"audienceScore":0.7245132744166696,"combinedScore":0.4980237165738508,"combinedScoreRank":57,"engagementSEI":6.628887717448603,"engagementSEIadj":0,"engagementSEIrank":51,"engagementScore":0.5073390169423999,"voiceSEI":2.065677966101695,"voiceSEIadj":0,"voiceSEIrank":152,"voiceScore":0.10385875209714787}},"instagram":{"entityString":"536575feb08f37d80186a08c","type":"instagram","profiles":0,"postsMade":0,"repliesMade":0,"repliesRcvd":0,"sharesMade":0,"sharesRcvd":0,"mentionsRcvd":0,"likesRcvd":0,"reachRcvd":0,"audience":0,"voice":0,"conversation":0,"engagement":0,"group_scoped":{"audienceScore":0,"voiceScore":0,"engagementScore":0,"combinedScore":0,"combinedScoreRank":113,"SEIrank":76,"engagementSEIrank":74,"voiceSEIrank":74,"audienceSEIrank":76,"engagementSEI":0,"engagementSEIadj":0,"voiceSEI":0,"voiceSEIadj":0,"audienceSEI":0,"audienceSEIadj":0,"SEI":0,"SEIadj":0},"non_scoped":{"SEI":0,"SEIrank":76,"SEIadj":0,"audienceSEI":0,"audienceSEIadj":0,"audienceSEIrank":76,"audienceScore":0,"combinedScore":0,"combinedScoreRank":76,"engagementSEI":0,"engagementSEIadj":0,"engagementSEIrank":74,"engagementScore":0,"voiceSEI":0,"voiceSEIadj":0,"voiceSEIrank":74,"voiceScore":0},"scoped":{"SEI":0,"SEIrank":70,"SEIadj":0,"audienceSEI":0,"audienceSEIadj":0,"audienceSEIrank":70,"audienceScore":0,"combinedScore":0,"combinedScoreRank":70,"engagementSEI":0,"engagementSEIadj":0,"engagementSEIrank":68,"engagementScore":0,"voiceSEI":0,"voiceSEIadj":0,"voiceSEIrank":68,"voiceScore":0}}},"blended":{"combined":{"non_scoped":{"SEI":0.566787522721613,"SEIadj":50.283393761360806,"SEIrank":104,"audienceSEI":1.3080032844464176,"audienceSEIadj":60.523201313778564,"audienceSEIrank":50,"engagementSEI":0.19783522785376648,"engagementSEIadj":60.079134091141505,"engagementSEIrank":43,"voiceSEI":1.057620191882372,"voiceSEIadj":50.52881009594119,"voiceSEIrank":126},"scoped":{"SEI":20.021522000900983,"SEIadj":68.00860880036039,"SEIrank":29,"compCharisma":12,"compInfluence":3,"compEva":5.021522000900984,"audienceSEI":17.07613557096549,"audienceSEIadj":66.8304542283862,"audienceSEIrank":39,"engagementSEI":6.077104649552623,"engagementSEIadj":62.43084185982105,"engagementSEIrank":33,"voiceSEI":4.177964812770222,"voiceSEIadj":52.088982406385114,"voiceSEIrank":115}},"facebook":{"non_scoped":{"SEI":0.7406384499316244,"SEIadj":60.29625537997265,"SEIrank":55,"audienceSEI":0.9338496674900656,"audienceSEIadj":60.373539866996026,"audienceSEIrank":51,"engagementSEI":0.19705981101137643,"engagementSEIadj":60.07882392440455,"engagementSEIrank":37,"voiceSEI":1.7633919885859735,"voiceSEIadj":60.70535679543439,"voiceSEIrank":55},"scoped":{"SEI":13.327154500847051,"SEIadj":65.33086180033882,"SEIrank":36,"audienceSEI":11.903323677599154,"audienceSEIadj":64.76132947103966,"audienceSEIrank":41,"engagementSEI":16.225581896661865,"engagementSEIadj":66.49023275866475,"engagementSEIrank":28,"voiceSEI":8.004909983633388,"voiceSEIadj":63.201963993453354,"voiceSEIrank":46}},"twitter":{"non_scoped":{"SEI":1.031531906359242,"SEIadj":50.515765953179624,"SEIrank":104,"audienceSEI":2.817493469356756,"audienceSEIadj":61.126997387742705,"audienceSEIrank":42,"engagementSEI":0.9699602428390626,"engagementSEIadj":50.48498012141953,"engagementSEIrank":72,"voiceSEI":0.5593547124004298,"voiceSEIadj":40.33561282744026,"voiceSEIrank":169},"scoped":{"SEI":5.449082390901664,"SEIadj":52.72454119545083,"SEIrank":80,"audienceSEI":13.68706455709236,"audienceSEIadj":65.47482582283695,"audienceSEIrank":32,"engagementSEI":5.915101660475615,"engagementSEIadj":62.366040664190244,"engagementSEIrank":62,"voiceSEI":1.7710497963568688,"voiceSEIadj":41.06262987781412,"voiceSEIrank":155}},"instagram":{"non_scoped":{"SEI":0,"SEIadj":0,"SEIrank":76,"audienceSEI":0,"audienceSEIadj":0,"audienceSEIrank":76,"engagementSEI":0,"engagementSEIadj":0,"engagementSEIrank":74,"voiceSEI":0,"voiceSEIadj":0,"voiceSEIrank":74},"scoped":{"SEI":0,"SEIadj":0,"SEIrank":70,"audienceSEI":0,"audienceSEIadj":0,"audienceSEIrank":70,"engagementSEI":0,"engagementSEIadj":0,"engagementSEIrank":68,"voiceSEI":0,"voiceSEIadj":0,"voiceSEIrank":68}},"influence":{"instagram":{"scope":"individual","ratio":0,"calculated":false},"combined":{"ratio":0.75,"bottom":false,"scope":"individual","calculated":true},"facebook":{"ratio":1.06,"bottom":false,"scope":"individual","calculated":true},"twitter":{"ratio":0.59,"bottom":false,"scope":"individual","calculated":true}},"charisma":{"instagram":{"scope":"individual","ratio":0,"calculated":false},"combined":{"ratio":2,"bottom":false,"scope":"individual","calculated":true},"facebook":{"ratio":1.54,"bottom":false,"scope":"individual","calculated":true},"twitter":{"ratio":2,"bottom":false,"scope":"individual","calculated":true}}},"scope":"individual"}}