{"scoreEntityString":"591d1494ab33fb0001804f89.asset.536575feb08f37d80186a082","timeQuantum":4995834,"scoreEntityType":"asset","scoreProfileID":"591d1494ab33fb0001804f89","data":{"scoreEntityString":"591d1494ab33fb0001804f89.asset.536575feb08f37d80186a082","scoreProfileID":"591d1494ab33fb0001804f89","scoreEntityType":"asset","entityID":"asset.536575feb08f37d80186a082","object_version":"1.2","score_engine_version":"3.0.20","timestamp":4995834,"start_quantum":4969914,"end_quantum":4995833,"schedule_options":{"interval":15,"offset":"1"},"_15min":{"boundaryQuantum":4995831,"combined":{"entityString":"536575feb08f37d80186a082","type":"combined","profiles":2,"postsMade":0,"repliesMade":0,"repliesRcvd":0,"sharesMade":0,"sharesRcvd":0,"mentionsRcvd":0,"likesRcvd":0,"reachRcvd":0,"audience":139229,"voice":0,"conversation":0,"engagement":0,"group_scoped":{"audienceScore":9.808706654652564,"voiceScore":0,"engagementScore":0,"combinedScore":9.808706654652564,"engagementSEI":0,"engagementSEIadj":0,"voiceSEI":0,"voiceSEIadj":0,"audienceSEI":14.183016523032416,"audienceSEIadj":14.183016523032416,"SEI":1.4183016523032417,"SEIadj":1.4183016523032417,"combinedScoreRank":12,"SEIrank":14,"engagementSEIrank":67,"voiceSEIrank":60,"audienceSEIrank":12},"non_scoped":{"SEI":0.5469978352512248,"SEIrank":16,"SEIadj":0,"audienceSEI":5.469978352512248,"audienceSEIadj":0,"audienceSEIrank":11,"audienceScore":1.0079469328018968,"combinedScore":0.05039734664009485,"combinedScoreRank":18,"engagementSEI":0,"engagementSEIadj":0,"engagementSEIrank":67,"engagementScore":0,"voiceSEI":0,"voiceSEIadj":0,"voiceSEIrank":60,"voiceScore":0},"scoped":{"SEI":7.141120594148784,"SEIrank":9,"SEIadj":0,"audienceSEI":71.41120594148784,"audienceSEIadj":0,"audienceSEIrank":4,"audienceScore":2.8937477929896516,"combinedScore":0.14468738964948258,"combinedScoreRank":11,"engagementSEI":0,"engagementSEIadj":0,"engagementSEIrank":59,"engagementScore":0,"voiceSEI":0,"voiceSEIadj":0,"voiceSEIrank":56,"voiceScore":0}},"facebook":{"entityString":"536575feb08f37d80186a082","type":"facebook","profiles":1,"postsMade":0,"repliesMade":0,"repliesRcvd":0,"sharesMade":0,"sharesRcvd":0,"mentionsRcvd":0,"likesRcvd":0,"reachRcvd":0,"audience":119297,"voice":0,"conversation":0,"engagement":0,"group_scoped":{"audienceScore":11.122578936867288,"voiceScore":0,"engagementScore":0,"combinedScore":11.122578936867288,"engagementSEI":0,"engagementSEIadj":0,"voiceSEI":0,"voiceSEIadj":0,"audienceSEI":13.99243709109505,"audienceSEIadj":13.99243709109505,"SEI":1.3992437091095051,"SEIadj":1.3992437091095051,"combinedScoreRank":12,"SEIrank":12,"engagementSEIrank":65,"voiceSEIrank":59,"audienceSEIrank":10},"non_scoped":{"SEI":0.6424396735053479,"SEIrank":14,"SEIadj":0,"audienceSEI":6.424396735053478,"audienceSEIadj":0,"audienceSEIrank":9,"audienceScore":1.2252688212905105,"combinedScore":0.061263441064525526,"combinedScoreRank":14,"engagementSEI":0,"engagementSEIadj":0,"engagementSEIrank":65,"engagementScore":0,"voiceSEI":0,"voiceSEIadj":0,"voiceSEIrank":59,"voiceScore":0},"scoped":{"SEI":8.188863414835053,"SEIrank":7,"SEIadj":0,"audienceSEI":81.88863414835052,"audienceSEIadj":0,"audienceSEIrank":2,"audienceScore":5.022674176027053,"combinedScore":0.25113370880135266,"combinedScoreRank":7,"engagementSEI":0,"engagementSEIadj":0,"engagementSEIrank":57,"engagementScore":0,"voiceSEI":0,"voiceSEIadj":0,"voiceSEIrank":56,"voiceScore":0}},"twitter":{"entityString":"536575feb08f37d80186a082","type":"twitter","profiles":1,"postsMade":0,"repliesMade":0,"repliesRcvd":0,"sharesMade":0,"sharesRcvd":0,"mentionsRcvd":0,"likesRcvd":0,"reachRcvd":0,"audience":19932,"voice":0,"conversation":0,"engagement":0,"group_scoped":{"audienceScore":5.7768387371642715,"voiceScore":0,"engagementScore":0,"combinedScore":5.7768387371642715,"engagementSEI":0,"engagementSEIadj":0,"voiceSEI":0,"voiceSEIadj":0,"audienceSEI":15.66562396843611,"audienceSEIadj":15.66562396843611,"SEI":1.566562396843611,"SEIadj":1.566562396843611,"combinedScoreRank":25,"SEIrank":27,"engagementSEIrank":61,"voiceSEIrank":60,"audienceSEIrank":26},"non_scoped":{"SEI":0.35204538510041916,"SEIrank":33,"SEIadj":0,"audienceSEI":3.5204538510041914,"audienceSEIadj":0,"audienceSEIrank":32,"audienceScore":0.5715045950896251,"combinedScore":0.02857522975448126,"combinedScoreRank":33,"engagementSEI":0,"engagementSEIadj":0,"engagementSEIrank":61,"engagementScore":0,"voiceSEI":0,"voiceSEIadj":0,"voiceSEIrank":60,"voiceScore":0},"scoped":{"SEI":1.7101966571712943,"SEIrank":24,"SEIadj":0,"audienceSEI":17.101966571712943,"audienceSEIadj":0,"audienceSEIrank":23,"audienceScore":0.9052782463435969,"combinedScore":0.12932546376337098,"combinedScoreRank":24,"engagementSEI":0,"engagementSEIadj":0,"engagementSEIrank":57,"engagementScore":0,"voiceSEI":0,"voiceSEIadj":0,"voiceSEIrank":56,"voiceScore":0}},"instagram":{"entityString":"536575feb08f37d80186a082","type":"instagram","profiles":0,"postsMade":0,"repliesMade":0,"repliesRcvd":0,"sharesMade":0,"sharesRcvd":0,"mentionsRcvd":0,"likesRcvd":0,"reachRcvd":0,"audience":0,"voice":0,"conversation":0,"engagement":0,"group_scoped":{"audienceScore":0,"voiceScore":0,"engagementScore":0,"combinedScore":0,"engagementSEI":0,"engagementSEIadj":0,"voiceSEI":0,"voiceSEIadj":0,"audienceSEI":0,"audienceSEIadj":0,"SEI":0,"SEIadj":0,"combinedScoreRank":122,"SEIrank":85,"engagementSEIrank":62,"voiceSEIrank":59,"audienceSEIrank":85},"non_scoped":{"SEI":0,"SEIrank":85,"SEIadj":0,"audienceSEI":0,"audienceSEIadj":0,"audienceSEIrank":85,"audienceScore":0,"combinedScore":0,"combinedScoreRank":85,"engagementSEI":0,"engagementSEIadj":0,"engagementSEIrank":62,"engagementScore":0,"voiceSEI":0,"voiceSEIadj":0,"voiceSEIrank":59,"voiceScore":0},"scoped":{"SEI":0,"SEIrank":78,"SEIadj":0,"audienceSEI":0,"audienceSEIadj":0,"audienceSEIrank":78,"audienceScore":0,"combinedScore":0,"combinedScoreRank":78,"engagementSEI":0,"engagementSEIadj":0,"engagementSEIrank":57,"engagementScore":0,"voiceSEI":0,"voiceSEIadj":0,"voiceSEIrank":56,"voiceScore":0}}},"hour":{"boundaryQuantum":4995822,"combined":{"entityString":"536575feb08f37d80186a082","type":"combined","profiles":2,"postsMade":1,"repliesMade":0,"repliesRcvd":0,"sharesMade":0,"sharesRcvd":0,"mentionsRcvd":0,"likesRcvd":6,"reachRcvd":0,"audience":139229,"voice":1,"conversation":1,"engagement":6,"group_scoped":{"audienceScore":9.808706654652564,"voiceScore":12.5,"engagementScore":1.1904761904761905,"combinedScore":2.1868639041612,"combinedScoreRank":29,"SEIrank":19,"engagementSEIrank":18,"voiceSEIrank":19,"audienceSEIrank":12,"engagementSEI":1.4457831325301205,"engagementSEIadj":1.4457831325301205,"voiceSEI":16.666666666666664,"voiceSEIadj":16.666666666666664,"audienceSEI":14.183016523032416,"audienceSEIadj":14.183016523032416,"SEI":7.285771531821313,"SEIadj":7.285771531821313},"non_scoped":{"SEI":4.000291181913449,"SEIrank":17,"SEIadj":0,"audienceSEI":5.469978352512248,"audienceSEIadj":0,"audienceSEIrank":11,"audienceScore":1.0079469328018968,"combinedScore":0.18898537731445647,"combinedScoreRank":17,"engagementSEI":0.19993335554815062,"engagementSEIadj":0,"engagementSEIrank":26,"engagementScore":0.0685166152792052,"voiceSEI":11.11111111111111,"voiceSEIadj":0,"voiceSEIrank":19,"voiceScore":1.5384615384615385},"scoped":{"SEI":20.044346400600393,"SEIrank":13,"SEIadj":0,"audienceSEI":71.41120594148784,"audienceSEIadj":0,"audienceSEIrank":4,"audienceScore":2.8937477929896516,"combinedScore":1.4076795156337345,"combinedScoreRank":16,"engagementSEI":4.838709677419355,"engagementSEIadj":0,"engagementSEIrank":19,"engagementScore":1.1811023622047243,"voiceSEI":33.33333333333333,"voiceSEIadj":0,"voiceSEIrank":12,"voiceScore":4}},"facebook":{"entityString":"536575feb08f37d80186a082","type":"facebook","profiles":1,"postsMade":0,"repliesMade":0,"repliesRcvd":0,"sharesMade":0,"sharesRcvd":0,"mentionsRcvd":0,"likesRcvd":0,"reachRcvd":0,"audience":119297,"voice":0,"conversation":0,"engagement":0,"group_scoped":{"audienceScore":11.122578936867288,"voiceScore":0,"engagementScore":0,"combinedScore":11.122578936867288,"combinedScoreRank":13,"SEIrank":22,"engagementSEIrank":89,"voiceSEIrank":67,"audienceSEIrank":10,"engagementSEI":0,"engagementSEIadj":0,"voiceSEI":0,"voiceSEIadj":0,"audienceSEI":13.99243709109505,"audienceSEIadj":13.99243709109505,"SEI":1.3992437091095051,"SEIadj":1.3992437091095051},"non_scoped":{"SEI":0.6424396735053479,"SEIrank":21,"SEIadj":0,"audienceSEI":6.424396735053478,"audienceSEIadj":0,"audienceSEIrank":9,"audienceScore":1.2252688212905105,"combinedScore":0.061263441064525526,"combinedScoreRank":31,"engagementSEI":0,"engagementSEIadj":0,"engagementSEIrank":89,"engagementScore":0,"voiceSEI":0,"voiceSEIadj":0,"voiceSEIrank":67,"voiceScore":0},"scoped":{"SEI":8.188863414835053,"SEIrank":14,"SEIadj":0,"audienceSEI":81.88863414835052,"audienceSEIadj":0,"audienceSEIrank":2,"audienceScore":5.022674176027053,"combinedScore":0.25113370880135266,"combinedScoreRank":39,"engagementSEI":0,"engagementSEIadj":0,"engagementSEIrank":79,"engagementScore":0,"voiceSEI":0,"voiceSEIadj":0,"voiceSEIrank":58,"voiceScore":0}},"twitter":{"entityString":"536575feb08f37d80186a082","type":"twitter","profiles":1,"postsMade":1,"repliesMade":0,"repliesRcvd":0,"sharesMade":0,"sharesRcvd":0,"mentionsRcvd":0,"likesRcvd":6,"reachRcvd":0,"audience":19932,"voice":1,"conversation":1,"engagement":6,"group_scoped":{"audienceScore":5.7768387371642715,"voiceScore":25,"engagementScore":33.33333333333333,"combinedScore":31.53884193685821,"combinedScoreRank":11,"SEIrank":8,"engagementSEIrank":9,"voiceSEIrank":12,"audienceSEIrank":26,"engagementSEI":75,"engagementSEIadj":75,"voiceSEI":50,"voiceSEIadj":50,"audienceSEI":15.66562396843611,"audienceSEIadj":15.66562396843611,"SEI":61.56656239684361,"SEIadj":61.56656239684361},"non_scoped":{"SEI":8.71653136640883,"SEIrank":14,"SEIadj":0,"audienceSEI":3.5204538510041914,"audienceSEIadj":0,"audienceSEIrank":32,"audienceScore":0.5715045950896251,"combinedScore":2.0067137778588995,"combinedScoreRank":10,"engagementSEI":5.607476635514018,"engagementSEIadj":0,"engagementSEIrank":10,"engagementScore":2.04778156996587,"voiceSEI":16.666666666666664,"voiceSEIadj":0,"voiceSEIrank":15,"voiceScore":2.7027027027027026},"scoped":{"SEI":34.210196657171295,"SEIrank":7,"SEIadj":0,"audienceSEI":17.101966571712943,"audienceSEIadj":0,"audienceSEIrank":23,"audienceScore":0.9052782463435969,"combinedScore":5.204246424240869,"combinedScoreRank":6,"engagementSEI":37.5,"engagementSEIadj":0,"engagementSEIrank":6,"engagementScore":5.405405405405405,"voiceSEI":33.33333333333333,"voiceSEIadj":0,"voiceSEIrank":9,"voiceScore":5.88235294117647}},"instagram":{"entityString":"536575feb08f37d80186a082","type":"instagram","profiles":0,"postsMade":0,"repliesMade":0,"repliesRcvd":0,"sharesMade":0,"sharesRcvd":0,"mentionsRcvd":0,"likesRcvd":0,"reachRcvd":0,"audience":0,"voice":0,"conversation":0,"engagement":0,"group_scoped":{"audienceScore":0,"voiceScore":0,"engagementScore":0,"combinedScore":0,"combinedScoreRank":122,"SEIrank":85,"engagementSEIrank":67,"voiceSEIrank":61,"audienceSEIrank":85,"engagementSEI":0,"engagementSEIadj":0,"voiceSEI":0,"voiceSEIadj":0,"audienceSEI":0,"audienceSEIadj":0,"SEI":0,"SEIadj":0},"non_scoped":{"SEI":0,"SEIrank":85,"SEIadj":0,"audienceSEI":0,"audienceSEIadj":0,"audienceSEIrank":85,"audienceScore":0,"combinedScore":0,"combinedScoreRank":85,"engagementSEI":0,"engagementSEIadj":0,"engagementSEIrank":67,"engagementScore":0,"voiceSEI":0,"voiceSEIadj":0,"voiceSEIrank":61,"voiceScore":0},"scoped":{"SEI":0,"SEIrank":78,"SEIadj":0,"audienceSEI":0,"audienceSEIadj":0,"audienceSEIrank":78,"audienceScore":0,"combinedScore":0,"combinedScoreRank":78,"engagementSEI":0,"engagementSEIadj":0,"engagementSEIrank":60,"engagementScore":0,"voiceSEI":0,"voiceSEIadj":0,"voiceSEIrank":56,"voiceScore":0}}},"today":{"boundaryQuantum":4995546,"combined":{"entityString":"536575feb08f37d80186a082","type":"combined","profiles":2,"postsMade":1,"repliesMade":0,"repliesRcvd":0,"sharesMade":0,"sharesRcvd":0,"mentionsRcvd":0,"likesRcvd":8,"reachRcvd":0,"audience":139229,"voice":1,"conversation":1,"engagement":8,"group_scoped":{"audienceScore":9.808706654652564,"voiceScore":0.7936507936507936,"engagementScore":0.09203865623561897,"combinedScore":0.6129526630272251,"combinedScoreRank":60,"SEIrank":54,"engagementSEIrank":88,"voiceSEIrank":117,"audienceSEIrank":12,"engagementSEI":0.10960405535004795,"engagementSEIadj":0.10960405535004795,"voiceSEI":1.098901098901099,"voiceSEIadj":1.098901098901099,"audienceSEI":14.183016523032416,"audienceSEIadj":14.183016523032416,"SEI":1.8137344151836001,"SEIadj":1.8137344151836001},"non_scoped":{"SEI":0.7573552369411892,"SEIrank":77,"SEIadj":0,"audienceSEI":5.469978352512248,"audienceSEIadj":0,"audienceSEIrank":11,"audienceScore":1.0079469328018968,"combinedScore":0.05656553015998608,"combinedScoreRank":61,"engagementSEI":0.008129916058616694,"engagementSEIadj":0,"engagementSEIrank":123,"engagementScore":0.002976666654263889,"voiceSEI":0.684931506849315,"voiceSEIadj":0,"voiceSEIrank":119,"voiceScore":0.06978367062107467},"scoped":{"SEI":8.505529858294196,"SEIrank":57,"SEIadj":0,"audienceSEI":71.41120594148784,"audienceSEIadj":0,"audienceSEIrank":4,"audienceScore":2.8937477929896516,"combinedScore":0.18265229729348115,"combinedScoreRank":77,"engagementSEI":0.4221635883905013,"engagementSEIadj":0,"engagementSEIrank":112,"engagementScore":0.03309066843150232,"voiceSEI":3.7037037037037033,"voiceSEIadj":0,"voiceSEIrank":107,"voiceScore":0.16366612111292964}},"facebook":{"entityString":"536575feb08f37d80186a082","type":"facebook","profiles":1,"postsMade":0,"repliesMade":0,"repliesRcvd":0,"sharesMade":0,"sharesRcvd":0,"mentionsRcvd":0,"likesRcvd":0,"reachRcvd":0,"audience":119297,"voice":0,"conversation":0,"engagement":0,"group_scoped":{"audienceScore":11.122578936867288,"voiceScore":0,"engagementScore":0,"combinedScore":11.122578936867288,"combinedScoreRank":10,"SEIrank":49,"engagementSEIrank":127,"voiceSEIrank":109,"audienceSEIrank":10,"engagementSEI":0,"engagementSEIadj":0,"voiceSEI":0,"voiceSEIadj":0,"audienceSEI":13.99243709109505,"audienceSEIadj":13.99243709109505,"SEI":1.3992437091095051,"SEIadj":1.3992437091095051},"non_scoped":{"SEI":0.6424396735053479,"SEIrank":57,"SEIadj":0,"audienceSEI":6.424396735053478,"audienceSEIadj":0,"audienceSEIrank":9,"audienceScore":1.2252688212905105,"combinedScore":0.061263441064525526,"combinedScoreRank":45,"engagementSEI":0,"engagementSEIadj":0,"engagementSEIrank":127,"engagementScore":0,"voiceSEI":0,"voiceSEIadj":0,"voiceSEIrank":109,"voiceScore":0},"scoped":{"SEI":8.188863414835053,"SEIrank":40,"SEIadj":0,"audienceSEI":81.88863414835052,"audienceSEIadj":0,"audienceSEIrank":2,"audienceScore":5.022674176027053,"combinedScore":0.25113370880135266,"combinedScoreRank":50,"engagementSEI":0,"engagementSEIadj":0,"engagementSEIrank":117,"engagementScore":0,"voiceSEI":0,"voiceSEIadj":0,"voiceSEIrank":99,"voiceScore":0}},"twitter":{"entityString":"536575feb08f37d80186a082","type":"twitter","profiles":1,"postsMade":1,"repliesMade":0,"repliesRcvd":0,"sharesMade":0,"sharesRcvd":0,"mentionsRcvd":0,"likesRcvd":8,"reachRcvd":0,"audience":19932,"voice":1,"conversation":1,"engagement":8,"group_scoped":{"audienceScore":5.7768387371642715,"voiceScore":1.1764705882352942,"engagementScore":1.0554089709762533,"combinedScore":1.2975335401486063,"combinedScoreRank":94,"SEIrank":78,"engagementSEIrank":86,"voiceSEIrank":111,"audienceSEIrank":26,"engagementSEI":1.9002375296912115,"engagementSEIadj":1.9002375296912115,"voiceSEI":1.7857142857142856,"voiceSEIadj":1.7857142857142856,"audienceSEI":15.66562396843611,"audienceSEIadj":15.66562396843611,"SEI":3.2424192003726233,"SEIadj":3.2424192003726233},"non_scoped":{"SEI":0.9222469119679397,"SEIrank":94,"SEIadj":0,"audienceSEI":3.5204538510041914,"audienceSEIadj":0,"audienceSEIrank":32,"audienceScore":0.5715045950896251,"combinedScore":0.11788728667142398,"combinedScoreRank":88,"engagementSEI":0.38853812530354537,"engagementSEIadj":0,"engagementSEIrank":93,"engagementScore":0.09293680297397769,"voiceSEI":1.1235955056179776,"voiceSEIadj":0,"voiceSEIrank":96,"voiceScore":0.11337868480725624},"scoped":{"SEI":4.716672142832719,"SEIrank":84,"SEIadj":0,"audienceSEI":17.101966571712943,"audienceSEIadj":0,"audienceSEIrank":23,"audienceScore":0.9052782463435969,"combinedScore":0.23474710294114007,"combinedScoreRank":78,"engagementSEI":2.8368794326241136,"engagementSEIadj":0,"engagementSEIrank":83,"engagementScore":0.19782393669634024,"voiceSEI":4.3478260869565215,"voiceSEIadj":0,"voiceSEIrank":85,"voiceScore":0.2288329519450801}},"instagram":{"entityString":"536575feb08f37d80186a082","type":"instagram","profiles":0,"postsMade":0,"repliesMade":0,"repliesRcvd":0,"sharesMade":0,"sharesRcvd":0,"mentionsRcvd":0,"likesRcvd":0,"reachRcvd":0,"audience":0,"voice":0,"conversation":0,"engagement":0,"group_scoped":{"audienceScore":0,"voiceScore":0,"engagementScore":0,"combinedScore":0,"combinedScoreRank":122,"SEIrank":85,"engagementSEIrank":80,"voiceSEIrank":70,"audienceSEIrank":85,"engagementSEI":0,"engagementSEIadj":0,"voiceSEI":0,"voiceSEIadj":0,"audienceSEI":0,"audienceSEIadj":0,"SEI":0,"SEIadj":0},"non_scoped":{"SEI":0,"SEIrank":85,"SEIadj":0,"audienceSEI":0,"audienceSEIadj":0,"audienceSEIrank":85,"audienceScore":0,"combinedScore":0,"combinedScoreRank":85,"engagementSEI":0,"engagementSEIadj":0,"engagementSEIrank":80,"engagementScore":0,"voiceSEI":0,"voiceSEIadj":0,"voiceSEIrank":70,"voiceScore":0},"scoped":{"SEI":0,"SEIrank":78,"SEIadj":0,"audienceSEI":0,"audienceSEIadj":0,"audienceSEIrank":78,"audienceScore":0,"combinedScore":0,"combinedScoreRank":78,"engagementSEI":0,"engagementSEIadj":0,"engagementSEIrank":73,"engagementScore":0,"voiceSEI":0,"voiceSEIadj":0,"voiceSEIrank":63,"voiceScore":0}}},"week":{"boundaryQuantum":4993818,"combined":{"entityString":"536575feb08f37d80186a082","type":"combined","profiles":2,"postsMade":4,"repliesMade":0,"repliesRcvd":36,"sharesMade":0,"sharesRcvd":6,"mentionsRcvd":0,"likesRcvd":393,"reachRcvd":0,"audience":139229,"voice":4,"conversation":40,"engagement":435,"group_scoped":{"audienceScore":9.808706654652564,"voiceScore":0.45977011494252873,"engagementScore":0.5132803926889993,"combinedScore":0.975376191899854,"combinedScoreRank":40,"SEIrank":60,"engagementSEIrank":51,"voiceSEIrank":156,"audienceSEIrank":12,"engagementSEI":0.5677517032551098,"engagementSEIadj":0.5677517032551098,"voiceSEI":0.7017543859649122,"voiceSEIadj":0.7017543859649122,"audienceSEI":14.183016523032416,"audienceSEIadj":14.183016523032416,"SEI":1.9694789900457812,"SEIadj":1.9694789900457812},"non_scoped":{"SEI":0.7236170498040785,"SEIrank":83,"SEIadj":0,"audienceSEI":5.469978352512248,"audienceSEIadj":0,"audienceSEIrank":11,"audienceScore":1.0079469328018968,"combinedScore":0.0734988736409749,"combinedScoreRank":59,"engagementSEI":0.05484439950425706,"engagementSEIadj":0,"engagementSEIrank":77,"engagementScore":0.023002229894332513,"voiceSEI":0.47904191616766467,"voiceSEIadj":0,"voiceSEIrank":156,"voiceScore":0.04799040191961608},"scoped":{"SEI":8.558423022722904,"SEIrank":39,"SEIadj":0,"audienceSEI":71.41120594148784,"audienceSEIadj":0,"audienceSEIrank":4,"audienceScore":2.8937477929896516,"combinedScore":0.3458749890610273,"combinedScoreRank":61,"engagementSEI":1.4888082688753508,"engagementSEIadj":0,"engagementSEIrank":68,"engagementScore":0.21789875472113968,"voiceSEI":1.7467248908296942,"voiceSEIadj":0,"voiceSEIrank":143,"voiceScore":0.10157440325038089}},"facebook":{"entityString":"536575feb08f37d80186a082","type":"facebook","profiles":1,"postsMade":0,"repliesMade":0,"repliesRcvd":36,"sharesMade":0,"sharesRcvd":2,"mentionsRcvd":0,"likesRcvd":257,"reachRcvd":0,"audience":119297,"voice":0,"conversation":36,"engagement":295,"group_scoped":{"audienceScore":11.122578936867288,"voiceScore":0,"engagementScore":0.38111233124475163,"combinedScore":1.9156075606193996,"combinedScoreRank":21,"SEIrank":43,"engagementSEIrank":49,"voiceSEIrank":142,"audienceSEIrank":10,"engagementSEI":0.4060061382622937,"engagementSEIadj":0.4060061382622937,"voiceSEI":0,"voiceSEIadj":0,"audienceSEI":13.99243709109505,"audienceSEIadj":13.99243709109505,"SEI":1.6428473920668814,"SEIadj":1.6428473920668814},"non_scoped":{"SEI":0.6670141327284063,"SEIrank":59,"SEIadj":0,"audienceSEI":6.424396735053478,"audienceSEIadj":0,"audienceSEIrank":9,"audienceScore":1.2252688212905105,"combinedScore":0.07781208566508613,"combinedScoreRank":47,"engagementSEI":0.040957432038430566,"engagementSEIadj":0,"engagementSEIrank":66,"engagementScore":0.018387382889511774,"voiceSEI":0,"voiceSEIadj":0,"voiceSEIrank":142,"voiceScore":0},"scoped":{"SEI":10.0089148287168,"SEIrank":40,"SEIadj":0,"audienceSEI":81.88863414835052,"audienceSEIadj":0,"audienceSEIrank":2,"audienceScore":5.022674176027053,"combinedScore":0.4870833728730174,"combinedScoreRank":49,"engagementSEI":3.033419023136247,"engagementSEIadj":0,"engagementSEIrank":56,"engagementScore":0.26216629341296077,"voiceSEI":0,"voiceSEIadj":0,"voiceSEIrank":132,"voiceScore":0}},"twitter":{"entityString":"536575feb08f37d80186a082","type":"twitter","profiles":1,"postsMade":4,"repliesMade":0,"repliesRcvd":0,"sharesMade":0,"sharesRcvd":4,"mentionsRcvd":0,"likesRcvd":136,"reachRcvd":0,"audience":19932,"voice":4,"conversation":4,"engagement":140,"group_scoped":{"audienceScore":5.7768387371642715,"voiceScore":0.6734006734006733,"engagementScore":2.2303648239604907,"combinedScore":2.329840312092689,"combinedScoreRank":71,"SEIrank":83,"engagementSEIrank":82,"voiceSEIrank":146,"audienceSEIrank":26,"engagementSEI":4.840940525587829,"engagementSEIadj":4.840940525587829,"voiceSEI":1.2195121951219512,"voiceSEIadj":1.2195121951219512,"audienceSEI":15.66562396843611,"audienceSEIadj":15.66562396843611,"SEI":4.836980370732894,"SEIadj":4.836980370732894},"non_scoped":{"SEI":1.2453562612211093,"SEIrank":93,"SEIadj":0,"audienceSEI":3.5204538510041914,"audienceSEIadj":0,"audienceSEIrank":32,"audienceScore":0.5715045950896251,"combinedScore":0.23558656740880116,"combinedScoreRank":75,"engagementSEI":1.066910531931108,"engagementSEIadj":0,"engagementSEIrank":75,"engagementScore":0.22565358950388448,"voiceSEI":0.8438818565400843,"voiceSEIadj":0,"voiceSEIrank":134,"voiceScore":0.07846214201647705},"scoped":{"SEI":6.308098755073392,"SEIrank":75,"SEIadj":0,"audienceSEI":17.101966571712943,"audienceSEIadj":0,"audienceSEIrank":23,"audienceScore":0.9052782463435969,"combinedScore":0.4181159912774193,"combinedScoreRank":65,"engagementSEI":6.526806526806526,"engagementSEIadj":0,"engagementSEIrank":65,"engagementScore":0.40643325785287115,"voiceSEI":2.272727272727273,"voiceSEIadj":0,"voiceSEIrank":122,"voiceScore":0.14124293785310735}},"instagram":{"entityString":"536575feb08f37d80186a082","type":"instagram","profiles":0,"postsMade":0,"repliesMade":0,"repliesRcvd":0,"sharesMade":0,"sharesRcvd":0,"mentionsRcvd":0,"likesRcvd":0,"reachRcvd":0,"audience":0,"voice":0,"conversation":0,"engagement":0,"group_scoped":{"audienceScore":0,"voiceScore":0,"engagementScore":0,"combinedScore":0,"combinedScoreRank":122,"SEIrank":85,"engagementSEIrank":82,"voiceSEIrank":81,"audienceSEIrank":85,"engagementSEI":0,"engagementSEIadj":0,"voiceSEI":0,"voiceSEIadj":0,"audienceSEI":0,"audienceSEIadj":0,"SEI":0,"SEIadj":0},"non_scoped":{"SEI":0,"SEIrank":85,"SEIadj":0,"audienceSEI":0,"audienceSEIadj":0,"audienceSEIrank":85,"audienceScore":0,"combinedScore":0,"combinedScoreRank":85,"engagementSEI":0,"engagementSEIadj":0,"engagementSEIrank":82,"engagementScore":0,"voiceSEI":0,"voiceSEIadj":0,"voiceSEIrank":81,"voiceScore":0},"scoped":{"SEI":0,"SEIrank":78,"SEIadj":0,"audienceSEI":0,"audienceSEIadj":0,"audienceSEIrank":78,"audienceScore":0,"combinedScore":0,"combinedScoreRank":78,"engagementSEI":0,"engagementSEIadj":0,"engagementSEIrank":75,"engagementScore":0,"voiceSEI":0,"voiceSEIadj":0,"voiceSEIrank":74,"voiceScore":0}}},"month":{"boundaryQuantum":4987194,"combined":{"entityString":"536575feb08f37d80186a082","type":"combined","profiles":2,"postsMade":134,"repliesMade":0,"repliesRcvd":1791,"sharesMade":0,"sharesRcvd":142,"mentionsRcvd":0,"likesRcvd":10460,"reachRcvd":0,"audience":139229,"voice":134,"conversation":1925,"engagement":12393,"group_scoped":{"audienceScore":9.808706654652564,"voiceScore":3.4403080872913994,"engagementScore":3.3835510221911584,"combinedScore":3.707646657069241,"combinedScoreRank":12,"SEIrank":19,"engagementSEIrank":12,"voiceSEIrank":42,"audienceSEIrank":12,"engagementSEI":3.8755132482949053,"engagementSEIadj":3.8755132482949053,"voiceSEI":5.491803278688525,"voiceSEIadj":5.491803278688525,"audienceSEI":14.183016523032416,"audienceSEIadj":14.183016523032416,"SEI":5.391150584886742,"SEIadj":5.391150584886742},"non_scoped":{"SEI":1.844157920237537,"SEIrank":33,"SEIadj":0,"audienceSEI":5.469978352512248,"audienceSEIadj":0,"audienceSEIrank":11,"audienceScore":1.0079469328018968,"combinedScore":0.19610173111566578,"combinedScoreRank":23,"engagementSEI":0.3402912781310751,"engagementSEIadj":0,"engagementSEIrank":25,"engagementScore":0.1423617133949587,"voiceSEI":3.643284393692224,"voiceSEIadj":0,"voiceSEIrank":45,"voiceScore":0.35157684840216197},"scoped":{"SEI":17.459267630097614,"SEIrank":15,"SEIadj":0,"audienceSEI":71.41120594148784,"audienceSEIadj":0,"audienceSEIrank":4,"audienceScore":2.8937477929896516,"combinedScore":1.4942138782041765,"combinedScoreRank":15,"engagementSEI":10.23225476192442,"engagementSEIadj":0,"engagementSEIrank":17,"engagementScore":1.4583534362445487,"voiceSEI":13.92931392931393,"voiceSEIadj":0,"voiceSEIrank":36,"voiceScore":0.7401679186920018}},"facebook":{"entityString":"536575feb08f37d80186a082","type":"facebook","profiles":1,"postsMade":22,"repliesMade":0,"repliesRcvd":1791,"sharesMade":0,"sharesRcvd":79,"mentionsRcvd":0,"likesRcvd":8872,"reachRcvd":0,"audience":119297,"voice":22,"conversation":1813,"engagement":10742,"group_scoped":{"audienceScore":11.122578936867288,"voiceScore":1.8440905280804691,"engagementScore":3.1929945544907614,"combinedScore":3.522028572289073,"combinedScoreRank":13,"SEIrank":20,"engagementSEIrank":12,"voiceSEIrank":59,"audienceSEIrank":10,"engagementSEI":3.526441747397518,"engagementSEIadj":3.526441747397518,"voiceSEI":2.156862745098039,"voiceSEIadj":2.156862745098039,"audienceSEI":13.99243709109505,"audienceSEIadj":13.99243709109505,"SEI":4.162167581077427,"SEIadj":4.162167581077427},"non_scoped":{"SEI":1.2701773714979276,"SEIrank":32,"SEIadj":0,"audienceSEI":6.424396735053478,"audienceSEIadj":0,"audienceSEIrank":9,"audienceScore":1.2252688212905105,"combinedScore":0.19763820473524102,"combinedScoreRank":21,"engagementSEI":0.3201568893935736,"engagementSEIadj":0,"engagementSEIrank":25,"engagementScore":0.14232749846238074,"voiceSEI":1.4521452145214522,"voiceSEIadj":0,"voiceSEIrank":64,"voiceScore":0.16560030109145654},"scoped":{"SEI":27.02850367114292,"SEIrank":14,"SEIadj":0,"audienceSEI":81.88863414835052,"audienceSEIadj":0,"audienceSEIrank":2,"audienceScore":5.022674176027053,"combinedScore":2.141160586401554,"combinedScoreRank":15,"engagementSEI":28.798927613941018,"engagementSEIadj":0,"engagementSEIrank":18,"engagementScore":2.073869285613618,"voiceSEI":5.200945626477541,"voiceSEIadj":0,"voiceSEIrank":54,"voiceScore":0.4708904109589041}},"twitter":{"entityString":"536575feb08f37d80186a082","type":"twitter","profiles":1,"postsMade":112,"repliesMade":0,"repliesRcvd":0,"sharesMade":0,"sharesRcvd":63,"mentionsRcvd":0,"likesRcvd":1588,"reachRcvd":0,"audience":19932,"voice":112,"conversation":112,"engagement":1651,"group_scoped":{"audienceScore":5.7768387371642715,"voiceScore":4.191616766467066,"engagementScore":6.659943525615167,"combinedScore":6.492371948235217,"combinedScoreRank":26,"SEIrank":31,"engagementSEIrank":27,"voiceSEIrank":47,"audienceSEIrank":26,"engagementSEI":16.33682960617455,"engagementSEIadj":16.33682960617455,"voiceSEI":8.057553956834532,"voiceSEIadj":8.057553956834532,"audienceSEI":15.66562396843611,"audienceSEIadj":15.66562396843611,"SEI":13.7859263475987,"SEIadj":13.7859263475987},"non_scoped":{"SEI":3.5367516343084255,"SEIrank":40,"SEIadj":0,"audienceSEI":3.5204538510041914,"audienceSEIadj":0,"audienceSEIrank":32,"audienceScore":0.5715045950896251,"combinedScore":0.5979387833102333,"combinedScoreRank":34,"engagementSEI":2.6348127224270277,"engagementSEIadj":0,"engagementSEIrank":33,"engagementScore":0.6062965234347745,"voiceSEI":5.3460620525059666,"voiceSEIadj":0,"voiceSEIrank":42,"voiceScore":0.47393364928909953},"scoped":{"SEI":15.306304566997962,"SEIrank":28,"SEIadj":0,"audienceSEI":17.101966571712943,"audienceSEIadj":0,"audienceSEIrank":23,"audienceScore":0.9052782463435969,"combinedScore":1.1338239947209163,"combinedScoreRank":25,"engagementSEI":14.48499736795929,"engagementSEIadj":0,"engagementSEIrank":25,"engagementScore":1.1620459328392352,"voiceSEI":16.35036496350365,"voiceSEIadj":0,"voiceSEIrank":33,"voiceScore":0.8543748569684949}},"instagram":{"entityString":"536575feb08f37d80186a082","type":"instagram","profiles":0,"postsMade":0,"repliesMade":0,"repliesRcvd":0,"sharesMade":0,"sharesRcvd":0,"mentionsRcvd":0,"likesRcvd":0,"reachRcvd":0,"audience":0,"voice":0,"conversation":0,"engagement":0,"group_scoped":{"audienceScore":0,"voiceScore":0,"engagementScore":0,"combinedScore":0,"combinedScoreRank":122,"SEIrank":85,"engagementSEIrank":82,"voiceSEIrank":82,"audienceSEIrank":85,"engagementSEI":0,"engagementSEIadj":0,"voiceSEI":0,"voiceSEIadj":0,"audienceSEI":0,"audienceSEIadj":0,"SEI":0,"SEIadj":0},"non_scoped":{"SEI":0,"SEIrank":85,"SEIadj":0,"audienceSEI":0,"audienceSEIadj":0,"audienceSEIrank":85,"audienceScore":0,"combinedScore":0,"combinedScoreRank":85,"engagementSEI":0,"engagementSEIadj":0,"engagementSEIrank":82,"engagementScore":0,"voiceSEI":0,"voiceSEIadj":0,"voiceSEIrank":82,"voiceScore":0},"scoped":{"SEI":0,"SEIrank":78,"SEIadj":0,"audienceSEI":0,"audienceSEIadj":0,"audienceSEIrank":78,"audienceScore":0,"combinedScore":0,"combinedScoreRank":78,"engagementSEI":0,"engagementSEIadj":0,"engagementSEIrank":75,"engagementScore":0,"voiceSEI":0,"voiceSEIadj":0,"voiceSEIrank":75,"voiceScore":0}}},"quarter":{"boundaryQuantum":4969914,"combined":{"entityString":"536575feb08f37d80186a082","type":"combined","profiles":2,"postsMade":450,"repliesMade":0,"repliesRcvd":7854,"sharesMade":0,"sharesRcvd":843,"mentionsRcvd":0,"likesRcvd":53762,"reachRcvd":0,"audience":139229,"voice":450,"conversation":8304,"engagement":62459,"group_scoped":{"audienceScore":9.808706654652564,"voiceScore":3.5785288270377733,"engagementScore":5.332360072396954,"combinedScore":5.468485839241775,"combinedScoreRank":10,"SEIrank":14,"engagementSEIrank":10,"voiceSEIrank":45,"audienceSEIrank":12,"engagementSEI":6.33855059403298,"engagementSEIadj":6.33855059403298,"voiceSEI":5.698366468279093,"voiceSEIadj":5.698366468279093,"audienceSEI":14.183016523032416,"audienceSEIadj":14.183016523032416,"SEI":6.9309419492067565,"SEIadj":6.9309419492067565},"non_scoped":{"SEI":2.13712342628861,"SEIrank":31,"SEIadj":0,"audienceSEI":5.469978352512248,"audienceSEIadj":0,"audienceSEIrank":11,"audienceScore":1.0079469328018968,"combinedScore":0.27378576233635304,"combinedScoreRank":18,"engagementSEI":0.5483877396941008,"engagementSEIadj":0,"engagementSEIrank":18,"engagementScore":0.2257815905891743,"voiceSEI":4.203643157403083,"voiceSEIadj":0,"voiceSEIrank":44,"voiceScore":0.40369968332002615},"scoped":{"SEI":21.91058108299557,"SEIrank":12,"SEIadj":0,"audienceSEI":71.41120594148784,"audienceSEIadj":0,"audienceSEIrank":4,"audienceScore":2.8937477929896516,"combinedScore":2.2575846435150715,"combinedScoreRank":11,"engagementSEI":16.322365343556537,"engagementSEIadj":0,"engagementSEIrank":11,"engagementScore":2.300151357243604,"voiceSEI":16.586804275709547,"voiceSEIadj":0,"voiceSEIrank":34,"voiceScore":0.8552206469269071}},"facebook":{"entityString":"536575feb08f37d80186a082","type":"facebook","profiles":1,"postsMade":109,"repliesMade":0,"repliesRcvd":7854,"sharesMade":0,"sharesRcvd":439,"mentionsRcvd":0,"likesRcvd":48912,"reachRcvd":0,"audience":119297,"voice":109,"conversation":7963,"engagement":57205,"group_scoped":{"audienceScore":11.122578936867288,"voiceScore":2.8835978835978837,"engagementScore":5.298986796301408,"combinedScore":5.469396957694526,"combinedScoreRank":10,"SEIrank":16,"engagementSEIrank":11,"voiceSEIrank":42,"audienceSEIrank":10,"engagementSEI":6.087483971204035,"engagementSEIadj":6.087483971204035,"voiceSEI":3.465818759936407,"voiceSEIadj":3.465818759936407,"audienceSEI":13.99243709109505,"audienceSEIadj":13.99243709109505,"SEI":6.091479719812848,"SEIadj":6.091479719812848},"non_scoped":{"SEI":1.678454482572824,"SEIrank":25,"SEIadj":0,"audienceSEI":6.424396735053478,"audienceSEIadj":0,"audienceSEIrank":9,"audienceScore":1.2252688212905105,"combinedScore":0.28494656426243026,"combinedScoreRank":17,"engagementSEI":0.5341311733910892,"engagementSEIadj":0,"engagementSEIrank":16,"engagementScore":0.23337707003074515,"voiceSEI":2.385120350109409,"voiceSEIadj":0,"voiceSEIrank":47,"voiceScore":0.27287520340468147},"scoped":{"SEI":41.43050089674806,"SEIrank":10,"SEIadj":0,"audienceSEI":81.88863414835052,"audienceSEIadj":0,"audienceSEIrank":2,"audienceScore":5.022674176027053,"combinedScore":3.1932744335207115,"combinedScoreRank":9,"engagementSEI":49.58007956387211,"engagementSEIadj":0,"engagementSEIrank":9,"engagementScore":3.2267016684312324,"voiceSEI":11.645299145299145,"voiceSEIadj":0,"voiceSEIrank":39,"voiceScore":0.7621844626249912}},"twitter":{"entityString":"536575feb08f37d80186a082","type":"twitter","profiles":1,"postsMade":341,"repliesMade":0,"repliesRcvd":0,"sharesMade":0,"sharesRcvd":404,"mentionsRcvd":0,"likesRcvd":4850,"reachRcvd":0,"audience":19932,"voice":341,"conversation":341,"engagement":5254,"group_scoped":{"audienceScore":5.7768387371642715,"voiceScore":3.9172889144170018,"engagementScore":6.9467950074042735,"combinedScore":6.7368218892429095,"combinedScoreRank":21,"SEIrank":30,"engagementSEIrank":24,"voiceSEIrank":54,"audienceSEIrank":26,"engagementSEI":17.794486215538846,"engagementSEIadj":17.794486215538846,"voiceSEI":7.314457314457315,"voiceSEIadj":7.314457314457315,"audienceSEI":15.66562396843611,"audienceSEIadj":15.66562396843611,"SEI":14.437591320504113,"SEIadj":14.437591320504113},"non_scoped":{"SEI":3.7642640050707756,"SEIrank":37,"SEIadj":0,"audienceSEI":3.5204538510041914,"audienceSEIadj":0,"audienceSEIrank":32,"audienceScore":0.5715045950896251,"combinedScore":0.6537647144558664,"combinedScoreRank":30,"engagementSEI":2.8425198554394164,"engagementSEIadj":0,"engagementSEIrank":30,"engagementScore":0.6670805765790473,"voiceSEI":5.689022355689023,"voiceSEIadj":0,"voiceSEIrank":43,"voiceScore":0.4963393156048499},"scoped":{"SEI":17.514764864778307,"SEIrank":27,"SEIadj":0,"audienceSEI":17.101966571712943,"audienceSEIadj":0,"audienceSEIrank":23,"audienceScore":0.9052782463435969,"combinedScore":1.283016380740375,"combinedScoreRank":21,"engagementSEI":17.310226673695308,"engagementSEIadj":0,"engagementSEIrank":22,"engagementScore":1.324830613824736,"voiceSEI":18.0614406779661,"voiceSEIadj":0,"voiceSEIrank":33,"voiceScore":0.908098319618652}},"instagram":{"entityString":"536575feb08f37d80186a082","type":"instagram","profiles":0,"postsMade":0,"repliesMade":0,"repliesRcvd":0,"sharesMade":0,"sharesRcvd":0,"mentionsRcvd":0,"likesRcvd":0,"reachRcvd":0,"audience":0,"voice":0,"conversation":0,"engagement":0,"group_scoped":{"audienceScore":0,"voiceScore":0,"engagementScore":0,"combinedScore":0,"combinedScoreRank":122,"SEIrank":85,"engagementSEIrank":83,"voiceSEIrank":83,"audienceSEIrank":85,"engagementSEI":0,"engagementSEIadj":0,"voiceSEI":0,"voiceSEIadj":0,"audienceSEI":0,"audienceSEIadj":0,"SEI":0,"SEIadj":0},"non_scoped":{"SEI":0,"SEIrank":85,"SEIadj":0,"audienceSEI":0,"audienceSEIadj":0,"audienceSEIrank":85,"audienceScore":0,"combinedScore":0,"combinedScoreRank":85,"engagementSEI":0,"engagementSEIadj":0,"engagementSEIrank":83,"engagementScore":0,"voiceSEI":0,"voiceSEIadj":0,"voiceSEIrank":83,"voiceScore":0},"scoped":{"SEI":0,"SEIrank":78,"SEIadj":0,"audienceSEI":0,"audienceSEIadj":0,"audienceSEIrank":78,"audienceScore":0,"combinedScore":0,"combinedScoreRank":78,"engagementSEI":0,"engagementSEIadj":0,"engagementSEIrank":76,"engagementScore":0,"voiceSEI":0,"voiceSEIadj":0,"voiceSEIrank":76,"voiceScore":0}}},"blended":{"combined":{"non_scoped":{"SEI":1.6001382779682187,"SEIadj":60.64005531118729,"SEIrank":42,"audienceSEI":5.469978352512248,"audienceSEIadj":71.64099350575367,"audienceSEIrank":11,"engagementSEI":0.34209737722091965,"engagementSEIadj":60.13683895088837,"engagementSEIrank":27,"voiceSEI":2.82627338794814,"voiceSEIadj":61.13050935517926,"voiceSEIrank":60},"scoped":{"SEI":27.590907905165444,"SEIadj":78.27727237154963,"SEIrank":16,"compCharisma":12,"compInfluence":3,"compEva":12.590907905165446,"audienceSEI":71.41120594148784,"audienceSEIadj":91.42336178244635,"audienceSEIrank":4,"engagementSEI":10.163771546149063,"engagementSEIadj":73.04913146384472,"engagementSEIrank":19,"voiceSEI":11.092001879685956,"voiceSEIadj":64.43680075187439,"voiceSEIrank":50}},"facebook":{"non_scoped":{"SEI":1.2619800705048905,"SEIadj":60.504792028201955,"SEIrank":34,"audienceSEI":6.424396735053477,"audienceSEIadj":71.92731902051604,"audienceSEIrank":9,"engagementSEI":0.3273763497161098,"engagementSEIadj":60.13095053988644,"engagementSEIrank":23,"voiceSEI":1.4103819572329224,"voiceSEIadj":60.56415278289317,"voiceSEIrank":64},"scoped":{"SEI":28.18164361840226,"SEIadj":78.45449308552068,"SEIrank":13,"audienceSEI":81.88863414835052,"audienceSEIadj":94.56659024450515,"audienceSEIrank":2,"engagementSEI":30.01990463096808,"engagementSEIadj":79.00597138929042,"engagementSEIrank":14,"voiceSEI":6.602791416621203,"voiceSEIadj":62.64111656664848,"voiceSEIrank":54}},"twitter":{"non_scoped":{"SEI":2.832363971646381,"SEIadj":61.13294558865855,"SEIrank":48,"audienceSEI":3.5204538510041914,"audienceSEIadj":61.40818154040168,"audienceSEIrank":32,"engagementSEI":2.1559819019282718,"engagementSEIadj":60.86239276077131,"engagementSEIrank":38,"voiceSEI":3.9557648179633302,"voiceSEIadj":61.58230592718533,"voiceSEIrank":54},"scoped":{"SEI":13.181591351102501,"SEIadj":65.272636540441,"SEIrank":37,"audienceSEI":17.101966571712943,"audienceSEIadj":66.84078662868518,"audienceSEIrank":23,"engagementSEI":12.92774887171471,"engagementSEIadj":65.17109954868589,"engagementSEIrank":32,"voiceSEI":12.382484569674606,"voiceSEIadj":64.95299382786985,"voiceSEIrank":43}},"instagram":{"non_scoped":{"SEI":0,"SEIadj":0,"SEIrank":85,"audienceSEI":0,"audienceSEIadj":0,"audienceSEIrank":85,"engagementSEI":0,"engagementSEIadj":0,"engagementSEIrank":83,"voiceSEI":0,"voiceSEIadj":0,"voiceSEIrank":83},"scoped":{"SEI":0,"SEIadj":0,"SEIrank":78,"audienceSEI":0,"audienceSEIadj":0,"audienceSEIrank":78,"engagementSEI":0,"engagementSEIadj":0,"engagementSEIrank":76,"voiceSEI":0,"voiceSEIadj":0,"voiceSEIrank":76}},"influence":{"instagram":{"scope":"individual","ratio":0,"calculated":false},"combined":{"ratio":0.95,"bottom":false,"scope":"individual","calculated":true},"facebook":{"ratio":1.59,"bottom":false,"scope":"individual","calculated":true},"twitter":{"ratio":1.25,"bottom":false,"scope":"individual","calculated":true}},"charisma":{"instagram":{"scope":"individual","ratio":0,"calculated":false},"combined":{"ratio":2,"bottom":false,"scope":"individual","calculated":true},"facebook":{"ratio":2,"bottom":false,"scope":"individual","calculated":true},"twitter":{"ratio":1.64,"bottom":false,"scope":"individual","calculated":true}}},"scope":"individual"}}