{"scoreEntityString":"591d1494ab33fb0001804f89.asset.536575feb08f37d80186a142","timeQuantum":4995834,"scoreEntityType":"asset","scoreProfileID":"591d1494ab33fb0001804f89","data":{"scoreEntityString":"591d1494ab33fb0001804f89.asset.536575feb08f37d80186a142","scoreProfileID":"591d1494ab33fb0001804f89","scoreEntityType":"asset","entityID":"asset.536575feb08f37d80186a142","object_version":"1.2","score_engine_version":"3.0.20","timestamp":4995834,"start_quantum":4969914,"end_quantum":4995833,"schedule_options":{"interval":15,"offset":"1"},"_15min":{"boundaryQuantum":4995831,"combined":{"entityString":"536575feb08f37d80186a142","type":"combined","profiles":2,"postsMade":0,"repliesMade":0,"repliesRcvd":0,"sharesMade":0,"sharesRcvd":0,"mentionsRcvd":0,"likesRcvd":0,"reachRcvd":0,"audience":25217,"voice":0,"conversation":0,"engagement":0,"group_scoped":{"audienceScore":1.6653491540512357,"voiceScore":0,"engagementScore":0,"combinedScore":1.6653491540512357,"engagementSEI":0,"engagementSEIadj":0,"voiceSEI":0,"voiceSEIadj":0,"audienceSEI":3.873019871170676,"audienceSEIadj":3.873019871170676,"SEI":0.3873019871170676,"SEIadj":0.3873019871170676,"combinedScoreRank":44,"SEIrank":38,"engagementSEIrank":151,"voiceSEIrank":147,"audienceSEIrank":34},"non_scoped":{"SEI":0.09907163314776474,"SEIrank":66,"SEIadj":0,"audienceSEI":0.9907163314776473,"audienceSEIadj":0,"audienceSEIrank":65,"audienceScore":0.1825582156337073,"combinedScore":0.009127910781685365,"combinedScoreRank":66,"engagementSEI":0,"engagementSEIadj":0,"engagementSEIrank":151,"engagementScore":0,"voiceSEI":0,"voiceSEIadj":0,"voiceSEIrank":147,"voiceScore":0},"scoped":{"SEI":1.293391736079767,"SEIrank":55,"SEIadj":0,"audienceSEI":12.93391736079767,"audienceSEIadj":0,"audienceSEIrank":54,"audienceScore":0.5241123479721901,"combinedScore":0.026205617398609507,"combinedScoreRank":55,"engagementSEI":0,"engagementSEIadj":0,"engagementSEIrank":135,"engagementScore":0,"voiceSEI":0,"voiceSEIadj":0,"voiceSEIrank":133,"voiceScore":0}},"facebook":{"entityString":"536575feb08f37d80186a142","type":"facebook","profiles":1,"postsMade":0,"repliesMade":0,"repliesRcvd":0,"sharesMade":0,"sharesRcvd":0,"mentionsRcvd":0,"likesRcvd":0,"reachRcvd":0,"audience":17716,"voice":0,"conversation":0,"engagement":0,"group_scoped":{"audienceScore":1.704208768460017,"voiceScore":0,"engagementScore":0,"combinedScore":1.704208768460017,"engagementSEI":0,"engagementSEIadj":0,"voiceSEI":0,"voiceSEIadj":0,"audienceSEI":3.258204824041123,"audienceSEIadj":3.258204824041123,"SEI":0.3258204824041123,"SEIadj":0.3258204824041123,"combinedScoreRank":35,"SEIrank":31,"engagementSEIrank":150,"voiceSEIrank":147,"audienceSEIrank":27},"non_scoped":{"SEI":0.0954044213670146,"SEIrank":49,"SEIadj":0,"audienceSEI":0.954044213670146,"audienceSEIadj":0,"audienceSEIrank":47,"audienceScore":0.18195648204047618,"combinedScore":0.009097824102023809,"combinedScoreRank":49,"engagementSEI":0,"engagementSEIadj":0,"engagementSEIrank":150,"engagementScore":0,"voiceSEI":0,"voiceSEIadj":0,"voiceSEIrank":147,"voiceScore":0},"scoped":{"SEI":1.2160733652750513,"SEIrank":39,"SEIadj":0,"audienceSEI":12.160733652750512,"audienceSEIadj":0,"audienceSEIrank":37,"audienceScore":0.7458837665867145,"combinedScore":0.037294188329335724,"combinedScoreRank":39,"engagementSEI":0,"engagementSEIadj":0,"engagementSEIrank":134,"engagementScore":0,"voiceSEI":0,"voiceSEIadj":0,"voiceSEIrank":133,"voiceScore":0}},"twitter":{"entityString":"536575feb08f37d80186a142","type":"twitter","profiles":1,"postsMade":0,"repliesMade":0,"repliesRcvd":0,"sharesMade":0,"sharesRcvd":0,"mentionsRcvd":0,"likesRcvd":0,"reachRcvd":0,"audience":7501,"voice":0,"conversation":0,"engagement":0,"group_scoped":{"audienceScore":1.7667661419678211,"voiceScore":0,"engagementScore":0,"combinedScore":1.7667661419678211,"engagementSEI":0,"engagementSEIadj":0,"voiceSEI":0,"voiceSEIadj":0,"audienceSEI":6.435974877303771,"audienceSEIadj":6.435974877303771,"SEI":0.6435974877303772,"SEIadj":0.6435974877303772,"combinedScoreRank":85,"SEIrank":78,"engagementSEIrank":148,"voiceSEIrank":147,"audienceSEIrank":77},"non_scoped":{"SEI":0.1324850709230506,"SEIrank":101,"SEIadj":0,"audienceSEI":1.3248507092305057,"audienceSEIadj":0,"audienceSEIrank":100,"audienceScore":0.21507405015890418,"combinedScore":0.01075370250794521,"combinedScoreRank":101,"engagementSEI":0,"engagementSEIadj":0,"engagementSEIrank":148,"engagementScore":0,"voiceSEI":0,"voiceSEIadj":0,"voiceSEIrank":147,"voiceScore":0},"scoped":{"SEI":0.6435974877303772,"SEIrank":89,"SEIadj":0,"audienceSEI":6.435974877303771,"audienceSEIadj":0,"audienceSEIrank":88,"audienceScore":0.34068292824720653,"combinedScore":0.04866898974960093,"combinedScoreRank":89,"engagementSEI":0,"engagementSEIadj":0,"engagementSEIrank":134,"engagementScore":0,"voiceSEI":0,"voiceSEIadj":0,"voiceSEIrank":133,"voiceScore":0}},"instagram":{"entityString":"536575feb08f37d80186a142","type":"instagram","profiles":0,"postsMade":0,"repliesMade":0,"repliesRcvd":0,"sharesMade":0,"sharesRcvd":0,"mentionsRcvd":0,"likesRcvd":0,"reachRcvd":0,"audience":0,"voice":0,"conversation":0,"engagement":0,"group_scoped":{"audienceScore":0,"voiceScore":0,"engagementScore":0,"combinedScore":0,"engagementSEI":0,"engagementSEIadj":0,"voiceSEI":0,"voiceSEIadj":0,"audienceSEI":0,"audienceSEIadj":0,"SEI":0,"SEIadj":0,"combinedScoreRank":167,"SEIrank":148,"engagementSEIrank":148,"voiceSEIrank":147,"audienceSEIrank":148},"non_scoped":{"SEI":0,"SEIrank":148,"SEIadj":0,"audienceSEI":0,"audienceSEIadj":0,"audienceSEIrank":148,"audienceScore":0,"combinedScore":0,"combinedScoreRank":148,"engagementSEI":0,"engagementSEIadj":0,"engagementSEIrank":148,"engagementScore":0,"voiceSEI":0,"voiceSEIadj":0,"voiceSEIrank":147,"voiceScore":0},"scoped":{"SEI":0,"SEIrank":133,"SEIadj":0,"audienceSEI":0,"audienceSEIadj":0,"audienceSEIrank":133,"audienceScore":0,"combinedScore":0,"combinedScoreRank":133,"engagementSEI":0,"engagementSEIadj":0,"engagementSEIrank":133,"engagementScore":0,"voiceSEI":0,"voiceSEIadj":0,"voiceSEIrank":133,"voiceScore":0}}},"hour":{"boundaryQuantum":4995822,"combined":{"entityString":"536575feb08f37d80186a142","type":"combined","profiles":2,"postsMade":0,"repliesMade":0,"repliesRcvd":0,"sharesMade":0,"sharesRcvd":0,"mentionsRcvd":0,"likesRcvd":1,"reachRcvd":0,"audience":25217,"voice":0,"conversation":0,"engagement":1,"group_scoped":{"audienceScore":1.6653491540512357,"voiceScore":0,"engagementScore":0.08223684210526315,"combinedScore":0.30839574381183066,"combinedScoreRank":160,"SEIrank":59,"engagementSEIrank":56,"voiceSEIrank":153,"audienceSEIrank":34,"engagementSEI":0.09487666034155598,"engagementSEIadj":0.09487666034155598,"voiceSEI":0,"voiceSEIadj":0,"audienceSEI":3.873019871170676,"audienceSEIadj":3.873019871170676,"SEI":0.4442279833220012,"SEIadj":0.4442279833220012},"non_scoped":{"SEI":0.1190649687025798,"SEIrank":82,"SEIadj":0,"audienceSEI":0.9907163314776473,"audienceSEIadj":0,"audienceSEIrank":65,"audienceScore":0.1825582156337073,"combinedScore":0.019405403073566148,"combinedScoreRank":77,"engagementSEI":0.03332222592469177,"engagementSEIadj":0,"engagementSEIrank":64,"engagementScore":0.011419435879867533,"voiceSEI":0,"voiceSEIadj":0,"voiceSEIrank":153,"voiceScore":0},"scoped":{"SEI":1.7772627038217026,"SEIrank":69,"SEIadj":0,"audienceSEI":12.93391736079767,"audienceSEIadj":0,"audienceSEIrank":54,"audienceScore":0.5241123479721901,"combinedScore":0.20337097172931817,"combinedScoreRank":61,"engagementSEI":0.8064516129032258,"engagementSEIadj":0,"engagementSEIrank":55,"engagementScore":0.19685039370078738,"voiceSEI":0,"voiceSEIadj":0,"voiceSEIrank":137,"voiceScore":0}},"facebook":{"entityString":"536575feb08f37d80186a142","type":"facebook","profiles":1,"postsMade":0,"repliesMade":0,"repliesRcvd":0,"sharesMade":0,"sharesRcvd":0,"mentionsRcvd":0,"likesRcvd":1,"reachRcvd":0,"audience":17716,"voice":0,"conversation":0,"engagement":1,"group_scoped":{"audienceScore":1.704208768460017,"voiceScore":0,"engagementScore":0.09910802775024777,"combinedScore":0.328408133565929,"combinedScoreRank":107,"SEIrank":48,"engagementSEIrank":39,"voiceSEIrank":151,"audienceSEIrank":27,"engagementSEI":0.11737089201877934,"engagementSEIadj":0.11737089201877934,"voiceSEI":0,"voiceSEIadj":0,"audienceSEI":3.258204824041123,"audienceSEIadj":3.258204824041123,"SEI":0.39624301761537994,"SEIadj":0.39624301761537994},"non_scoped":{"SEI":0.11950080690918327,"SEIrank":57,"SEIadj":0,"audienceSEI":0.954044213670146,"audienceSEIadj":0,"audienceSEIrank":47,"audienceScore":0.18195648204047618,"combinedScore":0.021975202840040692,"combinedScoreRank":53,"engagementSEI":0.040160642570281124,"engagementSEIadj":0,"engagementSEIrank":41,"engagementScore":0.014308198597796537,"voiceSEI":0,"voiceSEIadj":0,"voiceSEIrank":151,"voiceScore":0},"scoped":{"SEI":1.707876643963576,"SEIrank":48,"SEIadj":0,"audienceSEI":12.160733652750512,"audienceSEIadj":0,"audienceSEIrank":37,"audienceScore":0.7458837665867145,"combinedScore":0.28185940572064005,"combinedScoreRank":37,"engagementSEI":0.819672131147541,"engagementSEIadj":0,"engagementSEIrank":32,"engagementScore":0.2717391304347826,"voiceSEI":0,"voiceSEIadj":0,"voiceSEIrank":135,"voiceScore":0}},"twitter":{"entityString":"536575feb08f37d80186a142","type":"twitter","profiles":1,"postsMade":0,"repliesMade":0,"repliesRcvd":0,"sharesMade":0,"sharesRcvd":0,"mentionsRcvd":0,"likesRcvd":0,"reachRcvd":0,"audience":7501,"voice":0,"conversation":0,"engagement":0,"group_scoped":{"audienceScore":1.7667661419678211,"voiceScore":0,"engagementScore":0,"combinedScore":1.7667661419678211,"combinedScoreRank":95,"SEIrank":98,"engagementSEIrank":156,"voiceSEIrank":152,"audienceSEIrank":77,"engagementSEI":0,"engagementSEIadj":0,"voiceSEI":0,"voiceSEIadj":0,"audienceSEI":6.435974877303771,"audienceSEIadj":6.435974877303771,"SEI":0.6435974877303772,"SEIadj":0.6435974877303772},"non_scoped":{"SEI":0.1324850709230506,"SEIrank":113,"SEIadj":0,"audienceSEI":1.3248507092305057,"audienceSEIadj":0,"audienceSEIrank":100,"audienceScore":0.21507405015890418,"combinedScore":0.01075370250794521,"combinedScoreRank":113,"engagementSEI":0,"engagementSEIadj":0,"engagementSEIrank":156,"engagementScore":0,"voiceSEI":0,"voiceSEIadj":0,"voiceSEIrank":152,"voiceScore":0},"scoped":{"SEI":0.6435974877303772,"SEIrank":101,"SEIadj":0,"audienceSEI":6.435974877303771,"audienceSEIadj":0,"audienceSEIrank":88,"audienceScore":0.34068292824720653,"combinedScore":0.017034146412360326,"combinedScoreRank":101,"engagementSEI":0,"engagementSEIadj":0,"engagementSEIrank":139,"engagementScore":0,"voiceSEI":0,"voiceSEIadj":0,"voiceSEIrank":136,"voiceScore":0}},"instagram":{"entityString":"536575feb08f37d80186a142","type":"instagram","profiles":0,"postsMade":0,"repliesMade":0,"repliesRcvd":0,"sharesMade":0,"sharesRcvd":0,"mentionsRcvd":0,"likesRcvd":0,"reachRcvd":0,"audience":0,"voice":0,"conversation":0,"engagement":0,"group_scoped":{"audienceScore":0,"voiceScore":0,"engagementScore":0,"combinedScore":0,"combinedScoreRank":167,"SEIrank":148,"engagementSEIrank":148,"voiceSEIrank":147,"audienceSEIrank":148,"engagementSEI":0,"engagementSEIadj":0,"voiceSEI":0,"voiceSEIadj":0,"audienceSEI":0,"audienceSEIadj":0,"SEI":0,"SEIadj":0},"non_scoped":{"SEI":0,"SEIrank":148,"SEIadj":0,"audienceSEI":0,"audienceSEIadj":0,"audienceSEIrank":148,"audienceScore":0,"combinedScore":0,"combinedScoreRank":148,"engagementSEI":0,"engagementSEIadj":0,"engagementSEIrank":148,"engagementScore":0,"voiceSEI":0,"voiceSEIadj":0,"voiceSEIrank":147,"voiceScore":0},"scoped":{"SEI":0,"SEIrank":133,"SEIadj":0,"audienceSEI":0,"audienceSEIadj":0,"audienceSEIrank":133,"audienceScore":0,"combinedScore":0,"combinedScoreRank":133,"engagementSEI":0,"engagementSEIadj":0,"engagementSEIrank":133,"engagementScore":0,"voiceSEI":0,"voiceSEIadj":0,"voiceSEIrank":133,"voiceScore":0}}},"today":{"boundaryQuantum":4995546,"combined":{"entityString":"536575feb08f37d80186a142","type":"combined","profiles":2,"postsMade":0,"repliesMade":0,"repliesRcvd":2,"sharesMade":0,"sharesRcvd":1,"mentionsRcvd":0,"likesRcvd":21,"reachRcvd":0,"audience":25217,"voice":0,"conversation":2,"engagement":24,"group_scoped":{"audienceScore":1.6653491540512357,"voiceScore":0,"engagementScore":0.07424134624307854,"combinedScore":0.30154246164424386,"combinedScoreRank":106,"SEIrank":131,"engagementSEIrank":93,"voiceSEIrank":194,"audienceSEIrank":34,"engagementSEI":0.08931561906888467,"engagementSEIadj":0.08931561906888467,"voiceSEI":0,"voiceSEIadj":0,"audienceSEI":3.873019871170676,"audienceSEIadj":3.873019871170676,"SEI":0.4408913585583984,"SEIadj":0.4408913585583984},"non_scoped":{"SEI":0.11370548205327478,"SEIrank":151,"SEIadj":0,"audienceSEI":0.9907163314776473,"audienceSEIadj":0,"audienceSEIrank":65,"audienceScore":0.1825582156337073,"combinedScore":0.017164910748197863,"combinedScoreRank":117,"engagementSEI":0.024389748175850084,"engagementSEIadj":0,"engagementSEIrank":92,"engagementScore":0.008929999962791667,"voiceSEI":0,"voiceSEIadj":0,"voiceSEIrank":194,"voiceScore":0},"scoped":{"SEI":2.0532861951826695,"SEIrank":123,"SEIadj":0,"audienceSEI":12.93391736079767,"audienceSEIadj":0,"audienceSEIrank":54,"audienceScore":0.5241123479721901,"combinedScore":0.11555042216366576,"combinedScoreRank":86,"engagementSEI":1.2664907651715038,"engagementSEIadj":0,"engagementSEIrank":82,"engagementScore":0.09927200529450694,"voiceSEI":0,"voiceSEIadj":0,"voiceSEIrank":176,"voiceScore":0}},"facebook":{"entityString":"536575feb08f37d80186a142","type":"facebook","profiles":1,"postsMade":0,"repliesMade":0,"repliesRcvd":2,"sharesMade":0,"sharesRcvd":0,"mentionsRcvd":0,"likesRcvd":13,"reachRcvd":0,"audience":17716,"voice":0,"conversation":2,"engagement":15,"group_scoped":{"audienceScore":1.704208768460017,"voiceScore":0,"engagementScore":0.04973969559306297,"combinedScore":0.2860924202883421,"combinedScoreRank":89,"SEIrank":84,"engagementSEIrank":64,"voiceSEIrank":175,"audienceSEIrank":27,"engagementSEI":0.059486040609137064,"engagementSEIadj":0.059486040609137064,"voiceSEI":0,"voiceSEIadj":0,"audienceSEI":3.258204824041123,"audienceSEIadj":3.258204824041123,"SEI":0.36151210676959455,"SEIadj":0.36151210676959455},"non_scoped":{"SEI":0.1059844415866088,"SEIrank":91,"SEIadj":0,"audienceSEI":0.954044213670146,"audienceSEIadj":0,"audienceSEIrank":47,"audienceScore":0.18195648204047618,"combinedScore":0.014952650430527271,"combinedScoreRank":84,"engagementSEI":0.017633367032656996,"engagementSEIadj":0,"engagementSEIrank":67,"engagementScore":0.0065053625872260705,"voiceSEI":0,"voiceSEIadj":0,"voiceSEIrank":175,"voiceScore":0},"scoped":{"SEI":1.7363045791478835,"SEIrank":81,"SEIadj":0,"audienceSEI":12.160733652750512,"audienceSEIadj":0,"audienceSEIrank":37,"audienceScore":0.7458837665867145,"combinedScore":0.11245285662907964,"combinedScoreRank":61,"engagementSEI":0.8670520231213872,"engagementSEIadj":0,"engagementSEIrank":57,"engagementScore":0.08350963144415989,"voiceSEI":0,"voiceSEIadj":0,"voiceSEIrank":158,"voiceScore":0}},"twitter":{"entityString":"536575feb08f37d80186a142","type":"twitter","profiles":1,"postsMade":0,"repliesMade":0,"repliesRcvd":0,"sharesMade":0,"sharesRcvd":1,"mentionsRcvd":0,"likesRcvd":8,"reachRcvd":0,"audience":7501,"voice":0,"conversation":0,"engagement":9,"group_scoped":{"audienceScore":1.7667661419678211,"voiceScore":0,"engagementScore":1.2113055181695829,"combinedScore":1.2906570358550453,"combinedScoreRank":97,"SEIrank":83,"engagementSEIrank":58,"voiceSEIrank":185,"audienceSEIrank":77,"engagementSEI":3.9473684210526314,"engagementSEIadj":3.9473684210526314,"voiceSEI":0,"voiceSEIadj":0,"audienceSEI":6.435974877303771,"audienceSEIadj":6.435974877303771,"SEI":3.012018540361956,"SEIadj":3.012018540361956},"non_scoped":{"SEI":0.3947483055029437,"SEIrank":134,"SEIadj":0,"audienceSEI":1.3248507092305057,"audienceSEIadj":0,"audienceSEIrank":100,"audienceScore":0.21507405015890418,"combinedScore":0.10485221551909762,"combinedScoreRank":95,"engagementSEI":0.4371053909664886,"engagementSEIadj":0,"engagementSEIrank":89,"engagementScore":0.1045539033457249,"voiceSEI":0,"voiceSEIadj":0,"voiceSEIrank":185,"voiceScore":0},"scoped":{"SEI":2.5584911047516536,"SEIrank":111,"SEIadj":0,"audienceSEI":6.435974877303771,"audienceSEIadj":0,"audienceSEIrank":88,"audienceScore":0.34068292824720653,"combinedScore":0.21733088231740483,"combinedScoreRank":84,"engagementSEI":3.1914893617021276,"engagementSEIadj":0,"engagementSEIrank":79,"engagementScore":0.22255192878338279,"voiceSEI":0,"voiceSEIadj":0,"voiceSEIrank":167,"voiceScore":0}},"instagram":{"entityString":"536575feb08f37d80186a142","type":"instagram","profiles":0,"postsMade":0,"repliesMade":0,"repliesRcvd":0,"sharesMade":0,"sharesRcvd":0,"mentionsRcvd":0,"likesRcvd":0,"reachRcvd":0,"audience":0,"voice":0,"conversation":0,"engagement":0,"group_scoped":{"audienceScore":0,"voiceScore":0,"engagementScore":0,"combinedScore":0,"combinedScoreRank":167,"SEIrank":148,"engagementSEIrank":148,"voiceSEIrank":148,"audienceSEIrank":148,"engagementSEI":0,"engagementSEIadj":0,"voiceSEI":0,"voiceSEIadj":0,"audienceSEI":0,"audienceSEIadj":0,"SEI":0,"SEIadj":0},"non_scoped":{"SEI":0,"SEIrank":148,"SEIadj":0,"audienceSEI":0,"audienceSEIadj":0,"audienceSEIrank":148,"audienceScore":0,"combinedScore":0,"combinedScoreRank":148,"engagementSEI":0,"engagementSEIadj":0,"engagementSEIrank":148,"engagementScore":0,"voiceSEI":0,"voiceSEIadj":0,"voiceSEIrank":148,"voiceScore":0},"scoped":{"SEI":0,"SEIrank":133,"SEIadj":0,"audienceSEI":0,"audienceSEIadj":0,"audienceSEIrank":133,"audienceScore":0,"combinedScore":0,"combinedScoreRank":133,"engagementSEI":0,"engagementSEIadj":0,"engagementSEIrank":133,"engagementScore":0,"voiceSEI":0,"voiceSEIadj":0,"voiceSEIrank":133,"voiceScore":0}}},"week":{"boundaryQuantum":4993818,"combined":{"entityString":"536575feb08f37d80186a142","type":"combined","profiles":2,"postsMade":16,"repliesMade":0,"repliesRcvd":150,"sharesMade":0,"sharesRcvd":34,"mentionsRcvd":0,"likesRcvd":1042,"reachRcvd":0,"audience":25217,"voice":16,"conversation":166,"engagement":1226,"group_scoped":{"audienceScore":1.6653491540512357,"voiceScore":1.306122448979592,"engagementScore":0.6575736284011735,"combinedScore":0.7403898457125975,"combinedScoreRank":48,"SEIrank":69,"engagementSEIrank":40,"voiceSEIrank":78,"audienceSEIrank":34,"engagementSEI":0.7663553738639063,"engagementSEIadj":0.7663553738639063,"voiceSEI":2.9684601113172544,"voiceSEIadj":2.9684601113172544,"audienceSEI":3.873019871170676,"audienceSEIadj":3.873019871170676,"SEI":1.7376532448305877,"SEIadj":1.7376532448305877},"non_scoped":{"SEI":0.7666657032968508,"SEIrank":78,"SEIadj":0,"audienceSEI":0.9907163314776473,"audienceSEIadj":0,"audienceSEIrank":65,"audienceScore":0.1825582156337073,"combinedScore":0.07707233706309477,"combinedScoreRank":58,"engagementSEI":0.15457295124648082,"engagementSEIadj":0,"engagementSEIrank":52,"engagementScore":0.0648292732194291,"voiceSEI":1.9161676646706587,"voiceSEIadj":0,"voiceSEIrank":85,"voiceScore":0.19196160767846432},"scoped":{"SEI":5.907087725959785,"SEIrank":56,"SEIadj":0,"audienceSEI":12.93391736079767,"audienceSEIadj":0,"audienceSEIrank":54,"audienceScore":0.5241123479721901,"combinedScore":0.5992319600241007,"combinedScoreRank":44,"engagementSEI":4.19604353480731,"engagementSEIadj":0,"engagementSEIrank":43,"engagementScore":0.61412384663935,"voiceSEI":6.986899563318777,"voiceSEIadj":0,"voiceSEIrank":74,"voiceScore":0.40629761300152356}},"facebook":{"entityString":"536575feb08f37d80186a142","type":"facebook","profiles":1,"postsMade":4,"repliesMade":0,"repliesRcvd":150,"sharesMade":0,"sharesRcvd":6,"mentionsRcvd":0,"likesRcvd":809,"reachRcvd":0,"audience":17716,"voice":4,"conversation":154,"engagement":965,"group_scoped":{"audienceScore":1.704208768460017,"voiceScore":0.8602150537634409,"engagementScore":0.5693987974769438,"combinedScore":0.6406801088404224,"combinedScoreRank":48,"SEIrank":54,"engagementSEIrank":37,"voiceSEIrank":65,"audienceSEIrank":27,"engagementSEI":0.6571599792977582,"engagementSEIadj":0.6571599792977582,"voiceSEI":1.7467248908296942,"voiceSEIadj":1.7467248908296942,"audienceSEI":3.258204824041123,"audienceSEIadj":3.258204824041123,"SEI":1.2441339372316753,"SEIadj":1.2441339372316753},"non_scoped":{"SEI":0.5297743600494323,"SEIrank":71,"SEIadj":0,"audienceSEI":0.954044213670146,"audienceSEIadj":0,"audienceSEIrank":47,"audienceScore":0.18195648204047618,"combinedScore":0.07007381125427425,"combinedScoreRank":49,"engagementSEI":0.13397939632910338,"engagementSEIadj":0,"engagementSEIrank":44,"engagementScore":0.06014855758772496,"voiceSEI":1.1799410029498525,"voiceSEIadj":0,"voiceSEIrank":74,"voiceScore":0.13684570646595962},"scoped":{"SEI":8.669800871701787,"SEIrank":44,"SEIadj":0,"audienceSEI":12.160733652750512,"audienceSEIadj":0,"audienceSEIrank":37,"audienceScore":0.7458837665867145,"combinedScore":0.8287373732603414,"combinedScoreRank":36,"engagementSEI":9.922879177377892,"engagementSEIadj":0,"engagementSEIrank":35,"engagementScore":0.8575948242152786,"voiceSEI":5,"voiceSEIadj":0,"voiceSEIrank":64,"voiceScore":0.39215686274509803}},"twitter":{"entityString":"536575feb08f37d80186a142","type":"twitter","profiles":1,"postsMade":12,"repliesMade":0,"repliesRcvd":0,"sharesMade":0,"sharesRcvd":28,"mentionsRcvd":0,"likesRcvd":233,"reachRcvd":0,"audience":7501,"voice":12,"conversation":12,"engagement":261,"group_scoped":{"audienceScore":1.7667661419678211,"voiceScore":1.6304347826086956,"engagementScore":5.172413793103448,"combinedScore":4.82503246002193,"combinedScoreRank":35,"SEIrank":29,"engagementSEIrank":27,"voiceSEIrank":80,"audienceSEIrank":77,"engagementSEI":21.499176276771003,"engagementSEIadj":21.499176276771003,"voiceSEI":4.195804195804196,"voiceSEIadj":4.195804195804196,"audienceSEI":6.435974877303771,"audienceSEIadj":6.435974877303771,"SEI":14.801844512534238,"SEIadj":14.801844512534238},"non_scoped":{"SEI":2.085394379669209,"SEIrank":65,"SEIadj":0,"audienceSEI":1.3248507092305057,"audienceSEIadj":0,"audienceSEIrank":100,"audienceScore":0.21507405015890418,"combinedScore":0.40113751077086296,"combinedScoreRank":50,"engagementSEI":1.9890260631001373,"engagementSEIadj":0,"engagementSEIrank":50,"engagementScore":0.42068276328938464,"voiceSEI":2.5316455696202533,"voiceSEIadj":0,"voiceSEIrank":83,"voiceScore":0.23538642604943116},"scoped":{"SEI":9.989751333884223,"SEIrank":51,"SEIadj":0,"audienceSEI":6.435974877303771,"audienceSEIadj":0,"audienceSEIrank":88,"audienceScore":0.34068292824720653,"combinedScore":0.7201575318734652,"combinedScoreRank":41,"engagementSEI":12.167832167832168,"engagementSEIadj":0,"engagementSEIrank":41,"engagementScore":0.7577077164257098,"voiceSEI":6.8181818181818175,"voiceSEIadj":0,"voiceSEIrank":72,"voiceScore":0.423728813559322}},"instagram":{"entityString":"536575feb08f37d80186a142","type":"instagram","profiles":0,"postsMade":0,"repliesMade":0,"repliesRcvd":0,"sharesMade":0,"sharesRcvd":0,"mentionsRcvd":0,"likesRcvd":0,"reachRcvd":0,"audience":0,"voice":0,"conversation":0,"engagement":0,"group_scoped":{"audienceScore":0,"voiceScore":0,"engagementScore":0,"combinedScore":0,"combinedScoreRank":167,"SEIrank":148,"engagementSEIrank":148,"voiceSEIrank":148,"audienceSEIrank":148,"engagementSEI":0,"engagementSEIadj":0,"voiceSEI":0,"voiceSEIadj":0,"audienceSEI":0,"audienceSEIadj":0,"SEI":0,"SEIadj":0},"non_scoped":{"SEI":0,"SEIrank":148,"SEIadj":0,"audienceSEI":0,"audienceSEIadj":0,"audienceSEIrank":148,"audienceScore":0,"combinedScore":0,"combinedScoreRank":148,"engagementSEI":0,"engagementSEIadj":0,"engagementSEIrank":148,"engagementScore":0,"voiceSEI":0,"voiceSEIadj":0,"voiceSEIrank":148,"voiceScore":0},"scoped":{"SEI":0,"SEIrank":133,"SEIadj":0,"audienceSEI":0,"audienceSEIadj":0,"audienceSEIrank":133,"audienceScore":0,"combinedScore":0,"combinedScoreRank":133,"engagementSEI":0,"engagementSEIadj":0,"engagementSEIrank":133,"engagementScore":0,"voiceSEI":0,"voiceSEIadj":0,"voiceSEIrank":133,"voiceScore":0}}},"month":{"boundaryQuantum":4987194,"combined":{"entityString":"536575feb08f37d80186a142","type":"combined","profiles":2,"postsMade":67,"repliesMade":0,"repliesRcvd":504,"sharesMade":0,"sharesRcvd":143,"mentionsRcvd":0,"likesRcvd":3966,"reachRcvd":0,"audience":25217,"voice":67,"conversation":571,"engagement":4613,"group_scoped":{"audienceScore":1.6653491540512357,"voiceScore":1.1547742157876593,"engagementScore":0.46651422954360894,"combinedScore":0.5608689750811928,"combinedScoreRank":57,"SEIrank":75,"engagementSEIrank":51,"voiceSEIrank":79,"audienceSEIrank":34,"engagementSEI":0.539505661710185,"engagementSEIadj":0.539505661710185,"voiceSEI":2.740286298568507,"voiceSEIadj":2.740286298568507,"audienceSEI":3.873019871170676,"audienceSEIadj":3.873019871170676,"SEI":1.5330912737137306,"SEIadj":1.5330912737137306},"non_scoped":{"SEI":0.7215635014012424,"SEIrank":86,"SEIadj":0,"audienceSEI":0.9907163314776473,"audienceSEIadj":0,"audienceSEIrank":65,"audienceScore":0.1825582156337073,"combinedScore":0.06560902290611446,"combinedScoreRank":63,"engagementSEI":0.12666534866607357,"engagementSEIadj":0,"engagementSEIrank":55,"engagementScore":0.052990767682638946,"voiceSEI":1.821642196846112,"voiceSEIadj":0,"voiceSEIrank":90,"voiceScore":0.17578842420108098},"scoped":{"SEI":5.668017158411127,"SEIrank":68,"SEIadj":0,"audienceSEI":12.93391736079767,"audienceSEIadj":0,"audienceSEIrank":54,"audienceScore":0.5241123479721901,"combinedScore":0.5332635119088365,"combinedScoreRank":49,"engagementSEI":3.808713888223784,"engagementSEIadj":0,"engagementSEIrank":46,"engagementScore":0.5428374406032521,"voiceSEI":6.964656964656965,"voiceSEIadj":0,"voiceSEIrank":79,"voiceScore":0.3700839593460009}},"facebook":{"entityString":"536575feb08f37d80186a142","type":"facebook","profiles":1,"postsMade":12,"repliesMade":0,"repliesRcvd":504,"sharesMade":0,"sharesRcvd":30,"mentionsRcvd":0,"likesRcvd":3178,"reachRcvd":0,"audience":17716,"voice":12,"conversation":516,"engagement":3712,"group_scoped":{"audienceScore":1.704208768460017,"voiceScore":0.5454545454545455,"engagementScore":0.39835506829557255,"combinedScore":0.47100272716174346,"combinedScoreRank":57,"SEIrank":74,"engagementSEIrank":47,"voiceSEIrank":89,"audienceSEIrank":27,"engagementSEI":0.4547871493225975,"engagementSEIadj":0.4547871493225975,"voiceSEI":1.1439466158245948,"voiceSEIadj":1.1439466158245948,"audienceSEI":3.258204824041123,"audienceSEIadj":3.258204824041123,"SEI":0.9418767567450492,"SEIadj":0.9418767567450492},"non_scoped":{"SEI":0.39940813385099444,"SEIrank":85,"SEIadj":0,"audienceSEI":0.954044213670146,"audienceSEIadj":0,"audienceSEIrank":47,"audienceScore":0.18195648204047618,"combinedScore":0.05787855145761753,"combinedScoreRank":56,"engagementSEI":0.1106332501795704,"engagementSEIadj":0,"engagementSEIrank":48,"engagementScore":0.04918261723071656,"voiceSEI":0.7920792079207921,"voiceSEIadj":0,"voiceSEIrank":94,"voiceScore":0.09032743695897628},"scoped":{"SEI":8.038182771469792,"SEIrank":49,"SEIadj":0,"audienceSEI":12.160733652750512,"audienceSEIadj":0,"audienceSEIrank":37,"audienceScore":0.7458837665867145,"combinedScore":0.6951173382549791,"combinedScoreRank":40,"engagementSEI":9.951742627345844,"engagementSEIadj":0,"engagementSEIrank":39,"engagementScore":0.7166452046357986,"voiceSEI":2.8368794326241136,"voiceSEIadj":0,"voiceSEIrank":84,"voiceScore":0.2568493150684931}},"twitter":{"entityString":"536575feb08f37d80186a142","type":"twitter","profiles":1,"postsMade":55,"repliesMade":0,"repliesRcvd":0,"sharesMade":0,"sharesRcvd":113,"mentionsRcvd":0,"likesRcvd":788,"reachRcvd":0,"audience":7501,"voice":55,"conversation":55,"engagement":901,"group_scoped":{"audienceScore":1.7667661419678211,"voiceScore":1.5633882888004547,"engagementScore":3.5180196009527154,"combinedScore":3.3327253623958577,"combinedScoreRank":45,"SEIrank":48,"engagementSEIrank":37,"voiceSEIrank":72,"audienceSEIrank":77,"engagementSEI":12.084227467811159,"engagementSEIadj":12.084227467811159,"voiceSEI":4.192073170731708,"voiceSEIadj":4.192073170731708,"audienceSEI":6.435974877303771,"audienceSEIadj":6.435974877303771,"SEI":9.151755919636585,"SEIadj":9.151755919636585},"non_scoped":{"SEI":1.7828121577031137,"SEIrank":71,"SEIadj":0,"audienceSEI":1.3248507092305057,"audienceSEIadj":0,"audienceSEIrank":100,"audienceScore":0.21507405015890418,"combinedScore":0.3201771717622381,"combinedScoreRank":54,"engagementSEI":1.4378959799556343,"engagementSEIadj":0,"engagementSEIrank":52,"engagementScore":0.33087411727118826,"voiceSEI":2.6252983293556085,"voiceSEIadj":0,"voiceSEIrank":79,"voiceScore":0.23273527420446852},"scoped":{"SEI":7.795293969249096,"SEIrank":57,"SEIadj":0,"audienceSEI":6.435974877303771,"audienceSEIadj":0,"audienceSEIrank":88,"audienceScore":0.34068292824720653,"combinedScore":0.6087589490295879,"combinedScoreRank":44,"engagementSEI":7.904895595718547,"engagementSEIadj":0,"engagementSEIrank":42,"engagementScore":0.6341631650443069,"voiceSEI":8.02919708029197,"voiceSEIadj":0,"voiceSEIrank":68,"voiceScore":0.41955908154702876}},"instagram":{"entityString":"536575feb08f37d80186a142","type":"instagram","profiles":0,"postsMade":0,"repliesMade":0,"repliesRcvd":0,"sharesMade":0,"sharesRcvd":0,"mentionsRcvd":0,"likesRcvd":0,"reachRcvd":0,"audience":0,"voice":0,"conversation":0,"engagement":0,"group_scoped":{"audienceScore":0,"voiceScore":0,"engagementScore":0,"combinedScore":0,"combinedScoreRank":167,"SEIrank":148,"engagementSEIrank":148,"voiceSEIrank":148,"audienceSEIrank":148,"engagementSEI":0,"engagementSEIadj":0,"voiceSEI":0,"voiceSEIadj":0,"audienceSEI":0,"audienceSEIadj":0,"SEI":0,"SEIadj":0},"non_scoped":{"SEI":0,"SEIrank":148,"SEIadj":0,"audienceSEI":0,"audienceSEIadj":0,"audienceSEIrank":148,"audienceScore":0,"combinedScore":0,"combinedScoreRank":148,"engagementSEI":0,"engagementSEIadj":0,"engagementSEIrank":148,"engagementScore":0,"voiceSEI":0,"voiceSEIadj":0,"voiceSEIrank":148,"voiceScore":0},"scoped":{"SEI":0,"SEIrank":133,"SEIadj":0,"audienceSEI":0,"audienceSEIadj":0,"audienceSEIrank":133,"audienceScore":0,"combinedScore":0,"combinedScoreRank":133,"engagementSEI":0,"engagementSEIadj":0,"engagementSEIrank":133,"engagementScore":0,"voiceSEI":0,"voiceSEIadj":0,"voiceSEIrank":133,"voiceScore":0}}},"quarter":{"boundaryQuantum":4969914,"combined":{"entityString":"536575feb08f37d80186a142","type":"combined","profiles":2,"postsMade":210,"repliesMade":0,"repliesRcvd":1686,"sharesMade":0,"sharesRcvd":360,"mentionsRcvd":0,"likesRcvd":13495,"reachRcvd":0,"audience":25217,"voice":210,"conversation":1896,"engagement":15541,"group_scoped":{"audienceScore":1.6653491540512357,"voiceScore":1.2468087632844504,"engagementScore":0.5465691627514224,"combinedScore":0.6375201423430645,"combinedScoreRank":48,"SEIrank":70,"engagementSEIrank":48,"voiceSEIrank":75,"audienceSEIrank":34,"engagementSEI":0.6215427907075333,"engagementSEIadj":0.6215427907075333,"voiceSEI":3.0124802754267677,"voiceSEIadj":3.0124802754267677,"audienceSEI":3.873019871170676,"audienceSEIadj":3.873019871170676,"SEI":1.6639717441696178,"SEIadj":1.6639717441696178},"non_scoped":{"SEI":0.7694513227538278,"SEIrank":83,"SEIadj":0,"audienceSEI":0.9907163314776473,"audienceSEIadj":0,"audienceSEIrank":65,"audienceScore":0.1825582156337073,"combinedScore":0.06910849049354516,"combinedScoreRank":58,"engagementSEI":0.13644941261605248,"engagementSEIadj":0,"engagementSEIrank":49,"engagementScore":0.05617880048265835,"voiceSEI":1.9617001401214387,"voiceSEIadj":0,"voiceSEIrank":89,"voiceScore":0.18839318554934556},"scoped":{"SEI":6.052335315683077,"SEIrank":63,"SEIadj":0,"audienceSEI":12.93391736079767,"audienceSEIadj":0,"audienceSEIrank":54,"audienceScore":0.5241123479721901,"combinedScore":0.561250456962378,"combinedScoreRank":43,"engagementSEI":4.061318301673291,"engagementSEIadj":0,"engagementSEIrank":40,"engagementScore":0.5723218790394156,"voiceSEI":7.740508661997788,"voiceSEIadj":0,"voiceSEIrank":79,"voiceScore":0.39910296856589006}},"facebook":{"entityString":"536575feb08f37d80186a142","type":"facebook","profiles":1,"postsMade":47,"repliesMade":0,"repliesRcvd":1686,"sharesMade":0,"sharesRcvd":102,"mentionsRcvd":0,"likesRcvd":11595,"reachRcvd":0,"audience":17716,"voice":47,"conversation":1733,"engagement":13383,"group_scoped":{"audienceScore":1.704208768460017,"voiceScore":0.7663459970650579,"engagementScore":0.4925205548115427,"combinedScore":0.5667962376066422,"combinedScoreRank":45,"SEIrank":62,"engagementSEIrank":44,"voiceSEIrank":81,"audienceSEIrank":27,"engagementSEI":0.5525370546220222,"engagementSEIadj":0.5525370546220222,"voiceSEI":1.5630196208846026,"voiceSEIadj":1.5630196208846026,"audienceSEI":3.258204824041123,"audienceSEIadj":3.258204824041123,"SEI":1.1262486014427064,"SEIadj":1.1262486014427064},"non_scoped":{"SEI":0.4789137161741764,"SEIrank":83,"SEIadj":0,"audienceSEI":0.954044213670146,"audienceSEIadj":0,"audienceSEIrank":47,"audienceScore":0.18195648204047618,"combinedScore":0.06411921936143973,"combinedScoreRank":50,"engagementSEI":0.12495896326357742,"engagementSEIadj":0,"engagementSEIrank":46,"engagementScore":0.054598117790778125,"voiceSEI":1.0284463894967177,"voiceSEIadj":0,"voiceSEIrank":87,"voiceScore":0.11766178495431219},"scoped":{"SEI":9.681982317288494,"SEIrank":44,"SEIadj":0,"audienceSEI":12.160733652750512,"audienceSEIadj":0,"audienceSEIrank":37,"audienceScore":0.7458837665867145,"combinedScore":0.7331192039428481,"combinedScoreRank":37,"engagementSEI":11.599164492671976,"engagementSEIadj":0,"engagementSEIrank":37,"engagementScore":0.7548806647778198,"voiceSEI":5.021367521367521,"voiceSEIadj":0,"voiceSEIrank":78,"voiceScore":0.32864834626949163}},"twitter":{"entityString":"536575feb08f37d80186a142","type":"twitter","profiles":1,"postsMade":163,"repliesMade":0,"repliesRcvd":0,"sharesMade":0,"sharesRcvd":258,"mentionsRcvd":0,"likesRcvd":1900,"reachRcvd":0,"audience":7501,"voice":163,"conversation":163,"engagement":2158,"group_scoped":{"audienceScore":1.7667661419678211,"voiceScore":1.5445844783473894,"engagementScore":3.08695838757206,"combinedScore":2.9438300798306143,"combinedScoreRank":53,"SEIrank":47,"engagementSEIrank":37,"voiceSEIrank":75,"audienceSEIrank":77,"engagementSEI":9.777093149691918,"engagementSEIadj":9.777093149691918,"voiceSEI":4.281586551090097,"voiceSEIadj":4.281586551090097,"audienceSEI":6.435974877303771,"audienceSEIadj":6.435974877303771,"SEI":7.794329342872557,"SEIadj":7.794329342872557},"non_scoped":{"SEI":1.648813773838782,"SEIrank":72,"SEIadj":0,"audienceSEI":1.3248507092305057,"audienceSEIadj":0,"audienceSEIrank":100,"audienceScore":0.21507405015890418,"combinedScore":0.2692101711483911,"combinedScoreRank":61,"engagementSEI":1.1675214784998593,"engagementSEIadj":0,"engagementSEIrank":56,"engagementScore":0.2739931260482649,"voiceSEI":2.7193860527193863,"voiceSEIadj":0,"voiceSEIrank":79,"voiceScore":0.23725310394014817},"scoped":{"SEI":7.499586091502613,"SEIrank":64,"SEIadj":0,"audienceSEI":6.435974877303771,"audienceSEIadj":0,"audienceSEIrank":88,"audienceScore":0.34068292824720653,"combinedScore":0.5284764509779698,"combinedScoreRank":51,"engagementSEI":7.109910384818134,"engagementSEIadj":0,"engagementSEIrank":46,"engagementScore":0.5441538760247012,"voiceSEI":8.633474576271187,"voiceSEIadj":0,"voiceSEIrank":69,"voiceScore":0.4340763228675668}},"instagram":{"entityString":"536575feb08f37d80186a142","type":"instagram","profiles":0,"postsMade":0,"repliesMade":0,"repliesRcvd":0,"sharesMade":0,"sharesRcvd":0,"mentionsRcvd":0,"likesRcvd":0,"reachRcvd":0,"audience":0,"voice":0,"conversation":0,"engagement":0,"group_scoped":{"audienceScore":0,"voiceScore":0,"engagementScore":0,"combinedScore":0,"combinedScoreRank":167,"SEIrank":148,"engagementSEIrank":148,"voiceSEIrank":148,"audienceSEIrank":148,"engagementSEI":0,"engagementSEIadj":0,"voiceSEI":0,"voiceSEIadj":0,"audienceSEI":0,"audienceSEIadj":0,"SEI":0,"SEIadj":0},"non_scoped":{"SEI":0,"SEIrank":148,"SEIadj":0,"audienceSEI":0,"audienceSEIadj":0,"audienceSEIrank":148,"audienceScore":0,"combinedScore":0,"combinedScoreRank":148,"engagementSEI":0,"engagementSEIadj":0,"engagementSEIrank":148,"engagementScore":0,"voiceSEI":0,"voiceSEIadj":0,"voiceSEIrank":148,"voiceScore":0},"scoped":{"SEI":0,"SEIrank":133,"SEIadj":0,"audienceSEI":0,"audienceSEIadj":0,"audienceSEIrank":133,"audienceScore":0,"combinedScore":0,"combinedScoreRank":133,"engagementSEI":0,"engagementSEIadj":0,"engagementSEIrank":133,"engagementScore":0,"voiceSEI":0,"voiceSEIadj":0,"voiceSEIrank":133,"voiceScore":0}}},"blended":{"combined":{"non_scoped":{"SEI":0.7286451716788191,"SEIadj":50.36432258583941,"SEIrank":85,"audienceSEI":0.9907163314776473,"audienceSEIadj":60.396286532591056,"audienceSEIrank":65,"engagementSEI":0.13481588139067402,"engagementSEIadj":60.05392635255627,"engagementSEIrank":54,"voiceSEI":1.8289466989888337,"voiceSEIadj":50.914473349494415,"voiceSEIrank":91},"scoped":{"SEI":13.37088225295421,"SEIadj":56.6854411264771,"SEIrank":67,"compCharisma":6,"compInfluence":3,"compEva":4.37088225295421,"audienceSEI":12.93391736079767,"audienceSEIadj":65.17356694431906,"audienceSEIrank":54,"engagementSEI":3.924103832770981,"engagementSEIadj":61.569641533108395,"engagementSEIrank":45,"voiceSEI":7.011022744693071,"voiceSEIadj":53.50551137234653,"voiceSEIrank":84}},"facebook":{"non_scoped":{"SEI":0.46359960825889746,"SEIadj":50.23179980412945,"SEIrank":80,"audienceSEI":0.954044213670146,"audienceSEIadj":60.38161768546806,"audienceSEIrank":47,"engagementSEI":0.12014995640908813,"engagementSEIadj":60.048059982563636,"engagementSEIrank":48,"voiceSEI":0.9870173768214334,"voiceSEIadj":50.493508688410714,"voiceSEIrank":85},"scoped":{"SEI":8.734474064832646,"SEIadj":63.49378962593306,"SEIrank":45,"audienceSEI":12.160733652750512,"audienceSEIadj":64.8642934611002,"audienceSEIrank":37,"engagementSEI":10.312559994807302,"engagementSEIadj":64.12502399792292,"engagementSEIrank":39,"voiceSEI":4.436215675577378,"voiceSEIadj":52.218107837788686,"voiceSEIrank":76}},"twitter":{"non_scoped":{"SEI":1.7371844397507679,"SEIadj":50.86859221987538,"SEIrank":77,"audienceSEI":1.3248507092305057,"audienceSEIadj":50.66242535461525,"audienceSEIrank":100,"engagementSEI":1.4180082247216406,"engagementSEIadj":60.56720328988865,"engagementSEIrank":55,"voiceSEI":2.5129814466491105,"voiceSEIadj":51.25649072332455,"voiceSEIrank":84},"scoped":{"SEI":8.04393709654152,"SEIadj":63.217574838616606,"SEIrank":60,"audienceSEI":6.435974877303771,"audienceSEIadj":53.21798743865189,"audienceSEIrank":88,"engagementSEI":8.550613650201605,"engagementSEIadj":63.42024546008064,"engagementSEIrank":45,"voiceSEI":7.566571395633934,"voiceSEIadj":53.783285697816964,"voiceSEIrank":75}},"instagram":{"non_scoped":{"SEI":0,"SEIadj":0,"SEIrank":148,"audienceSEI":0,"audienceSEIadj":0,"audienceSEIrank":148,"engagementSEI":0,"engagementSEIadj":0,"engagementSEIrank":148,"voiceSEI":0,"voiceSEIadj":0,"voiceSEIrank":148},"scoped":{"SEI":0,"SEIadj":0,"SEIrank":133,"audienceSEI":0,"audienceSEIadj":0,"audienceSEIrank":133,"engagementSEI":0,"engagementSEIadj":0,"engagementSEIrank":133,"voiceSEI":0,"voiceSEIadj":0,"voiceSEIrank":133}},"influence":{"instagram":{"scope":"individual","ratio":0,"calculated":false},"combined":{"ratio":0.78,"bottom":false,"scope":"individual","calculated":true},"facebook":{"ratio":0.74,"bottom":false,"scope":"individual","calculated":true},"twitter":{"ratio":1.39,"bottom":false,"scope":"individual","calculated":true}},"charisma":{"instagram":{"scope":"individual","ratio":0,"calculated":false},"combined":{"ratio":1.33,"bottom":false,"scope":"individual","calculated":true},"facebook":{"ratio":1.82,"bottom":false,"scope":"individual","calculated":true},"twitter":{"ratio":1.35,"bottom":false,"scope":"individual","calculated":true}}},"scope":"individual"}}