{"scoreEntityString":"591d1494ab33fb0001804f89.asset.536575feb08f37d80186a0a3","timeQuantum":4995834,"scoreEntityType":"asset","scoreProfileID":"591d1494ab33fb0001804f89","data":{"scoreEntityString":"591d1494ab33fb0001804f89.asset.536575feb08f37d80186a0a3","scoreProfileID":"591d1494ab33fb0001804f89","scoreEntityType":"asset","entityID":"asset.536575feb08f37d80186a0a3","object_version":"1.2","score_engine_version":"3.0.20","timestamp":4995834,"start_quantum":4969914,"end_quantum":4995833,"schedule_options":{"interval":15,"offset":"1"},"_15min":{"boundaryQuantum":4995831,"combined":{"entityString":"536575feb08f37d80186a0a3","type":"combined","profiles":2,"postsMade":0,"repliesMade":0,"repliesRcvd":0,"sharesMade":0,"sharesRcvd":0,"mentionsRcvd":0,"likesRcvd":0,"reachRcvd":0,"audience":5589,"voice":0,"conversation":0,"engagement":0,"group_scoped":{"audienceScore":0.24317593250073097,"voiceScore":0,"engagementScore":0,"combinedScore":0.24317593250073097,"engagementSEI":0,"engagementSEIadj":0,"voiceSEI":0,"voiceSEIadj":0,"audienceSEI":0.3779811922401929,"audienceSEIadj":0.3779811922401929,"SEI":0.037798119224019294,"SEIadj":0.037798119224019294,"combinedScoreRank":181,"SEIrank":183,"engagementSEIrank":209,"voiceSEIrank":208,"audienceSEIrank":183},"non_scoped":{"SEI":0.02195786008101111,"SEIrank":158,"SEIadj":0,"audienceSEI":0.21957860081011107,"audienceSEIadj":0,"audienceSEIrank":158,"audienceScore":0.040461508790767736,"combinedScore":0.002023075439538387,"combinedScoreRank":158,"engagementSEI":0,"engagementSEIadj":0,"engagementSEIrank":209,"engagementScore":0,"voiceSEI":0,"voiceSEIadj":0,"voiceSEIrank":208,"voiceScore":0},"scoped":{"SEI":0.2866624266546305,"SEIrank":143,"SEIadj":0,"audienceSEI":2.866624266546305,"audienceSEIadj":0,"audienceSEIrank":143,"audienceScore":0.11616226802619543,"combinedScore":0.005808113401309772,"combinedScoreRank":143,"engagementSEI":0,"engagementSEIadj":0,"engagementSEIrank":187,"engagementScore":0,"voiceSEI":0,"voiceSEIadj":0,"voiceSEIrank":187,"voiceScore":0}},"facebook":{"entityString":"536575feb08f37d80186a0a3","type":"facebook","profiles":1,"postsMade":0,"repliesMade":0,"repliesRcvd":0,"sharesMade":0,"sharesRcvd":0,"mentionsRcvd":0,"likesRcvd":0,"reachRcvd":0,"audience":2594,"voice":0,"conversation":0,"engagement":0,"group_scoped":{"audienceScore":0.1674960757232066,"voiceScore":0,"engagementScore":0,"combinedScore":0.1674960757232066,"engagementSEI":0,"engagementSEIadj":0,"voiceSEI":0,"voiceSEIadj":0,"audienceSEI":0.23616147472553284,"audienceSEIadj":0.23616147472553284,"SEI":0.023616147472553285,"SEIadj":0.023616147472553285,"combinedScoreRank":139,"SEIrank":135,"engagementSEIrank":209,"voiceSEIrank":208,"audienceSEIrank":135},"non_scoped":{"SEI":0.013969240744300965,"SEIrank":135,"SEIadj":0,"audienceSEI":0.13969240744300965,"audienceSEIadj":0,"audienceSEIrank":135,"audienceScore":0.026642307203262314,"combinedScore":0.0013321153601631157,"combinedScoreRank":135,"engagementSEI":0,"engagementSEIadj":0,"engagementSEIrank":209,"engagementScore":0,"voiceSEI":0,"voiceSEIadj":0,"voiceSEIrank":208,"voiceScore":0},"scoped":{"SEI":0.17805906014469874,"SEIrank":120,"SEIadj":0,"audienceSEI":1.7805906014469872,"audienceSEIadj":0,"audienceSEIrank":120,"audienceScore":0.1092132812444083,"combinedScore":0.005460664062220415,"combinedScoreRank":120,"engagementSEI":0,"engagementSEIadj":0,"engagementSEIrank":187,"engagementScore":0,"voiceSEI":0,"voiceSEIadj":0,"voiceSEIrank":187,"voiceScore":0}},"twitter":{"entityString":"536575feb08f37d80186a0a3","type":"twitter","profiles":1,"postsMade":0,"repliesMade":0,"repliesRcvd":0,"sharesMade":0,"sharesRcvd":0,"mentionsRcvd":0,"likesRcvd":0,"reachRcvd":0,"audience":2995,"voice":0,"conversation":0,"engagement":0,"group_scoped":{"audienceScore":0.4694533963660075,"voiceScore":0,"engagementScore":0,"combinedScore":0.4694533963660075,"engagementSEI":0,"engagementSEIadj":0,"voiceSEI":0,"voiceSEIadj":0,"audienceSEI":1.1151364413185045,"audienceSEIadj":1.1151364413185045,"SEI":0.11151364413185046,"SEIadj":0.11151364413185046,"combinedScoreRank":199,"SEIrank":203,"engagementSEIrank":208,"voiceSEIrank":208,"audienceSEIrank":203},"non_scoped":{"SEI":0.05289865183502686,"SEIrank":174,"SEIadj":0,"audienceSEI":0.5289865183502686,"audienceSEIadj":0,"audienceSEIrank":174,"audienceScore":0.0858747873918035,"combinedScore":0.004293739369590175,"combinedScoreRank":174,"engagementSEI":0,"engagementSEIadj":0,"engagementSEIrank":208,"engagementScore":0,"voiceSEI":0,"voiceSEIadj":0,"voiceSEIrank":208,"voiceScore":0},"scoped":{"SEI":0.25697566667810684,"SEIrank":157,"SEIadj":0,"audienceSEI":2.5697566667810685,"audienceSEIadj":0,"audienceSEIrank":157,"audienceScore":0.13602791229174557,"combinedScore":0.019432558898820795,"combinedScoreRank":157,"engagementSEI":0,"engagementSEIadj":0,"engagementSEIrank":187,"engagementScore":0,"voiceSEI":0,"voiceSEIadj":0,"voiceSEIrank":187,"voiceScore":0}},"instagram":{"entityString":"536575feb08f37d80186a0a3","type":"instagram","profiles":0,"postsMade":0,"repliesMade":0,"repliesRcvd":0,"sharesMade":0,"sharesRcvd":0,"mentionsRcvd":0,"likesRcvd":0,"reachRcvd":0,"audience":0,"voice":0,"conversation":0,"engagement":0,"group_scoped":{"audienceScore":0,"voiceScore":0,"engagementScore":0,"combinedScore":0,"engagementSEI":0,"engagementSEIadj":0,"voiceSEI":0,"voiceSEIadj":0,"audienceSEI":0,"audienceSEIadj":0,"SEI":0,"SEIadj":0,"combinedScoreRank":227,"SEIrank":208,"engagementSEIrank":208,"voiceSEIrank":208,"audienceSEIrank":208},"non_scoped":{"SEI":0,"SEIrank":208,"SEIadj":0,"audienceSEI":0,"audienceSEIadj":0,"audienceSEIrank":208,"audienceScore":0,"combinedScore":0,"combinedScoreRank":208,"engagementSEI":0,"engagementSEIadj":0,"engagementSEIrank":208,"engagementScore":0,"voiceSEI":0,"voiceSEIadj":0,"voiceSEIrank":208,"voiceScore":0},"scoped":{"SEI":0,"SEIrank":187,"SEIadj":0,"audienceSEI":0,"audienceSEIadj":0,"audienceSEIrank":187,"audienceScore":0,"combinedScore":0,"combinedScoreRank":187,"engagementSEI":0,"engagementSEIadj":0,"engagementSEIrank":187,"engagementScore":0,"voiceSEI":0,"voiceSEIadj":0,"voiceSEIrank":187,"voiceScore":0}}},"hour":{"boundaryQuantum":4995822,"combined":{"entityString":"536575feb08f37d80186a0a3","type":"combined","profiles":2,"postsMade":2,"repliesMade":0,"repliesRcvd":0,"sharesMade":0,"sharesRcvd":0,"mentionsRcvd":0,"likesRcvd":0,"reachRcvd":0,"audience":5589,"voice":2,"conversation":2,"engagement":0,"group_scoped":{"audienceScore":0.24317593250073097,"voiceScore":20,"engagementScore":0,"combinedScore":15.060793983125183,"combinedScoreRank":10,"SEIrank":13,"engagementSEIrank":212,"voiceSEIrank":9,"audienceSEIrank":183,"engagementSEI":0,"engagementSEIadj":0,"voiceSEI":40,"voiceSEIadj":40,"audienceSEI":0.3779811922401929,"audienceSEIadj":0.3779811922401929,"SEI":12.03779811922402,"SEIadj":12.03779811922402},"non_scoped":{"SEI":6.688624526747677,"SEIrank":15,"SEIadj":0,"audienceSEI":0.21957860081011107,"audienceSEIadj":0,"audienceSEIrank":158,"audienceScore":0.040461508790767736,"combinedScore":0.15586922928569225,"combinedScoreRank":23,"engagementSEI":0,"engagementSEIadj":0,"engagementSEIrank":212,"engagementScore":0,"voiceSEI":22.22222222222222,"voiceSEIadj":0,"voiceSEIrank":14,"voiceScore":3.076923076923077},"scoped":{"SEI":20.286662426654626,"SEIrank":11,"SEIadj":0,"audienceSEI":2.866624266546305,"audienceSEIadj":0,"audienceSEIrank":143,"audienceScore":0.11616226802619543,"combinedScore":0.4058081134013098,"combinedScoreRank":46,"engagementSEI":0,"engagementSEIadj":0,"engagementSEIrank":190,"engagementScore":0,"voiceSEI":66.66666666666666,"voiceSEIadj":0,"voiceSEIrank":7,"voiceScore":8}},"facebook":{"entityString":"536575feb08f37d80186a0a3","type":"facebook","profiles":1,"postsMade":0,"repliesMade":0,"repliesRcvd":0,"sharesMade":0,"sharesRcvd":0,"mentionsRcvd":0,"likesRcvd":0,"reachRcvd":0,"audience":2594,"voice":0,"conversation":0,"engagement":0,"group_scoped":{"audienceScore":0.1674960757232066,"voiceScore":0,"engagementScore":0,"combinedScore":0.1674960757232066,"combinedScoreRank":139,"SEIrank":136,"engagementSEIrank":211,"voiceSEIrank":210,"audienceSEIrank":135,"engagementSEI":0,"engagementSEIadj":0,"voiceSEI":0,"voiceSEIadj":0,"audienceSEI":0.23616147472553284,"audienceSEIadj":0.23616147472553284,"SEI":0.023616147472553285,"SEIadj":0.023616147472553285},"non_scoped":{"SEI":0.013969240744300965,"SEIrank":136,"SEIadj":0,"audienceSEI":0.13969240744300965,"audienceSEIadj":0,"audienceSEIrank":135,"audienceScore":0.026642307203262314,"combinedScore":0.0013321153601631157,"combinedScoreRank":136,"engagementSEI":0,"engagementSEIadj":0,"engagementSEIrank":211,"engagementScore":0,"voiceSEI":0,"voiceSEIadj":0,"voiceSEIrank":210,"voiceScore":0},"scoped":{"SEI":0.17805906014469874,"SEIrank":121,"SEIadj":0,"audienceSEI":1.7805906014469872,"audienceSEIadj":0,"audienceSEIrank":120,"audienceScore":0.1092132812444083,"combinedScore":0.005460664062220415,"combinedScoreRank":121,"engagementSEI":0,"engagementSEIadj":0,"engagementSEIrank":189,"engagementScore":0,"voiceSEI":0,"voiceSEIadj":0,"voiceSEIrank":188,"voiceScore":0}},"twitter":{"entityString":"536575feb08f37d80186a0a3","type":"twitter","profiles":1,"postsMade":2,"repliesMade":0,"repliesRcvd":0,"sharesMade":0,"sharesRcvd":0,"mentionsRcvd":0,"likesRcvd":0,"reachRcvd":0,"audience":2995,"voice":2,"conversation":2,"engagement":0,"group_scoped":{"audienceScore":0.4694533963660075,"voiceScore":28.57142857142857,"engagementScore":0,"combinedScore":21.54593477766293,"combinedScoreRank":15,"SEIrank":16,"engagementSEIrank":210,"voiceSEIrank":9,"audienceSEIrank":203,"engagementSEI":0,"engagementSEIadj":0,"voiceSEI":66.66666666666666,"voiceSEIadj":66.66666666666666,"audienceSEI":1.1151364413185045,"audienceSEIadj":1.1151364413185045,"SEI":20.111513644131847,"SEIadj":20.111513644131847},"non_scoped":{"SEI":10.052898651835026,"SEIrank":12,"SEIadj":0,"audienceSEI":0.5289865183502686,"audienceSEIadj":0,"audienceSEIrank":174,"audienceScore":0.0858747873918035,"combinedScore":0.27456400963986044,"combinedScoreRank":39,"engagementSEI":0,"engagementSEIadj":0,"engagementSEIrank":210,"engagementScore":0,"voiceSEI":33.33333333333333,"voiceSEIadj":0,"voiceSEIrank":9,"voiceScore":5.405405405405405},"scoped":{"SEI":20.256975666678102,"SEIrank":10,"SEIadj":0,"audienceSEI":2.5697566667810685,"audienceSEIadj":0,"audienceSEIrank":157,"audienceScore":0.13602791229174557,"combinedScore":0.5950366897322343,"combinedScoreRank":30,"engagementSEI":0,"engagementSEIadj":0,"engagementSEIrank":188,"engagementScore":0,"voiceSEI":66.66666666666666,"voiceSEIadj":0,"voiceSEIrank":4,"voiceScore":11.76470588235294}},"instagram":{"entityString":"536575feb08f37d80186a0a3","type":"instagram","profiles":0,"postsMade":0,"repliesMade":0,"repliesRcvd":0,"sharesMade":0,"sharesRcvd":0,"mentionsRcvd":0,"likesRcvd":0,"reachRcvd":0,"audience":0,"voice":0,"conversation":0,"engagement":0,"group_scoped":{"audienceScore":0,"voiceScore":0,"engagementScore":0,"combinedScore":0,"combinedScoreRank":227,"SEIrank":208,"engagementSEIrank":208,"voiceSEIrank":208,"audienceSEIrank":208,"engagementSEI":0,"engagementSEIadj":0,"voiceSEI":0,"voiceSEIadj":0,"audienceSEI":0,"audienceSEIadj":0,"SEI":0,"SEIadj":0},"non_scoped":{"SEI":0,"SEIrank":208,"SEIadj":0,"audienceSEI":0,"audienceSEIadj":0,"audienceSEIrank":208,"audienceScore":0,"combinedScore":0,"combinedScoreRank":208,"engagementSEI":0,"engagementSEIadj":0,"engagementSEIrank":208,"engagementScore":0,"voiceSEI":0,"voiceSEIadj":0,"voiceSEIrank":208,"voiceScore":0},"scoped":{"SEI":0,"SEIrank":187,"SEIadj":0,"audienceSEI":0,"audienceSEIadj":0,"audienceSEIrank":187,"audienceScore":0,"combinedScore":0,"combinedScoreRank":187,"engagementSEI":0,"engagementSEIadj":0,"engagementSEIrank":187,"engagementScore":0,"voiceSEI":0,"voiceSEIadj":0,"voiceSEIrank":187,"voiceScore":0}}},"today":{"boundaryQuantum":4995546,"combined":{"entityString":"536575feb08f37d80186a0a3","type":"combined","profiles":2,"postsMade":7,"repliesMade":0,"repliesRcvd":0,"sharesMade":0,"sharesRcvd":1,"mentionsRcvd":0,"likesRcvd":0,"reachRcvd":0,"audience":5589,"voice":7,"conversation":7,"engagement":1,"group_scoped":{"audienceScore":0.24317593250073097,"voiceScore":2.287581699346405,"engagementScore":0.006052536012589275,"combinedScore":0.13198516400368715,"combinedScoreRank":166,"SEIrank":56,"engagementSEIrank":161,"voiceSEIrank":34,"audienceSEIrank":183,"engagementSEI":0.006852600561913246,"engagementSEIadj":0.006852600561913246,"voiceSEI":5.737704918032787,"voiceSEIadj":5.737704918032787,"audienceSEI":0.3779811922401929,"audienceSEIadj":0.3779811922401929,"SEI":1.7632211549710033,"SEIadj":1.7632211549710033},"non_scoped":{"SEI":1.4609237681689686,"SEIrank":43,"SEIadj":0,"audienceSEI":0.21957860081011107,"audienceSEIadj":0,"audienceSEIrank":158,"audienceScore":0.040461508790767736,"combinedScore":0.02678223515551921,"combinedScoreRank":92,"engagementSEI":0.0010162395073270868,"engagementSEIadj":0,"engagementSEIrank":167,"engagementScore":0.0003720833317829861,"voiceSEI":4.794520547945205,"voiceSEIadj":0,"voiceSEIrank":37,"voiceScore":0.48848569434752265},"scoped":{"SEI":8.096102473561695,"SEIrank":60,"SEIadj":0,"audienceSEI":2.866624266546305,"audienceSEIadj":0,"audienceSEIrank":143,"audienceScore":0.11616226802619543,"combinedScore":0.06681395598937914,"combinedScoreRank":110,"engagementSEI":0.05277044854881266,"engagementSEIadj":0,"engagementSEIrank":155,"engagementScore":0.00413633355393779,"voiceSEI":25.925925925925924,"voiceSEIadj":0,"voiceSEIrank":29,"voiceScore":1.1456628477905073}},"facebook":{"entityString":"536575feb08f37d80186a0a3","type":"facebook","profiles":1,"postsMade":0,"repliesMade":0,"repliesRcvd":0,"sharesMade":0,"sharesRcvd":0,"mentionsRcvd":0,"likesRcvd":0,"reachRcvd":0,"audience":2594,"voice":0,"conversation":0,"engagement":0,"group_scoped":{"audienceScore":0.1674960757232066,"voiceScore":0,"engagementScore":0,"combinedScore":0.1674960757232066,"combinedScoreRank":114,"SEIrank":141,"engagementSEIrank":217,"voiceSEIrank":216,"audienceSEIrank":135,"engagementSEI":0,"engagementSEIadj":0,"voiceSEI":0,"voiceSEIadj":0,"audienceSEI":0.23616147472553284,"audienceSEIadj":0.23616147472553284,"SEI":0.023616147472553285,"SEIadj":0.023616147472553285},"non_scoped":{"SEI":0.013969240744300965,"SEIrank":143,"SEIadj":0,"audienceSEI":0.13969240744300965,"audienceSEIadj":0,"audienceSEIrank":135,"audienceScore":0.026642307203262314,"combinedScore":0.0013321153601631157,"combinedScoreRank":143,"engagementSEI":0,"engagementSEIadj":0,"engagementSEIrank":217,"engagementScore":0,"voiceSEI":0,"voiceSEIadj":0,"voiceSEIrank":216,"voiceScore":0},"scoped":{"SEI":0.17805906014469874,"SEIrank":128,"SEIadj":0,"audienceSEI":1.7805906014469872,"audienceSEIadj":0,"audienceSEIrank":120,"audienceScore":0.1092132812444083,"combinedScore":0.005460664062220415,"combinedScoreRank":128,"engagementSEI":0,"engagementSEIadj":0,"engagementSEIrank":195,"engagementScore":0,"voiceSEI":0,"voiceSEIadj":0,"voiceSEIrank":194,"voiceScore":0}},"twitter":{"entityString":"536575feb08f37d80186a0a3","type":"twitter","profiles":1,"postsMade":7,"repliesMade":0,"repliesRcvd":0,"sharesMade":0,"sharesRcvd":1,"mentionsRcvd":0,"likesRcvd":0,"reachRcvd":0,"audience":2995,"voice":7,"conversation":7,"engagement":1,"group_scoped":{"audienceScore":0.4694533963660075,"voiceScore":2.9787234042553195,"engagementScore":0.04803073967339097,"combinedScore":0.21563650573711823,"combinedScoreRank":209,"SEIrank":91,"engagementSEIrank":150,"voiceSEIrank":40,"audienceSEIrank":203,"engagementSEI":0.08787346221441124,"engagementSEIadj":0.08787346221441124,"voiceSEI":8.045977011494253,"voiceSEIadj":8.045977011494253,"audienceSEI":1.1151364413185045,"audienceSEIadj":1.1151364413185045,"SEI":2.578030824908773,"SEIadj":2.578030824908773},"non_scoped":{"SEI":2.4415895730305452,"SEIrank":49,"SEIadj":0,"audienceSEI":0.5289865183502686,"audienceSEIadj":0,"audienceSEIrank":174,"audienceScore":0.0858747873918035,"combinedScore":0.054431669386702346,"combinedScoreRank":124,"engagementSEI":0.04856726566294317,"engagementSEIadj":0,"engagementSEIrank":149,"engagementScore":0.011617100371747211,"voiceSEI":7.865168539325842,"voiceSEIadj":0,"voiceSEIrank":27,"voiceScore":0.7936507936507936},"scoped":{"SEI":9.600176406733613,"SEIrank":45,"SEIadj":0,"audienceSEI":2.5697566667810685,"audienceSEIadj":0,"audienceSEIrank":157,"audienceScore":0.13602791229174557,"combinedScore":0.10914812167370358,"combinedScoreRank":113,"engagementSEI":0.3546099290780142,"engagementSEIadj":0,"engagementSEIrank":138,"engagementScore":0.02472799208704253,"voiceSEI":30.434782608695656,"voiceSEIadj":0,"voiceSEIrank":19,"voiceScore":1.6018306636155606}},"instagram":{"entityString":"536575feb08f37d80186a0a3","type":"instagram","profiles":0,"postsMade":0,"repliesMade":0,"repliesRcvd":0,"sharesMade":0,"sharesRcvd":0,"mentionsRcvd":0,"likesRcvd":0,"reachRcvd":0,"audience":0,"voice":0,"conversation":0,"engagement":0,"group_scoped":{"audienceScore":0,"voiceScore":0,"engagementScore":0,"combinedScore":0,"combinedScoreRank":227,"SEIrank":208,"engagementSEIrank":208,"voiceSEIrank":208,"audienceSEIrank":208,"engagementSEI":0,"engagementSEIadj":0,"voiceSEI":0,"voiceSEIadj":0,"audienceSEI":0,"audienceSEIadj":0,"SEI":0,"SEIadj":0},"non_scoped":{"SEI":0,"SEIrank":208,"SEIadj":0,"audienceSEI":0,"audienceSEIadj":0,"audienceSEIrank":208,"audienceScore":0,"combinedScore":0,"combinedScoreRank":208,"engagementSEI":0,"engagementSEIadj":0,"engagementSEIrank":208,"engagementScore":0,"voiceSEI":0,"voiceSEIadj":0,"voiceSEIrank":208,"voiceScore":0},"scoped":{"SEI":0,"SEIrank":187,"SEIadj":0,"audienceSEI":0,"audienceSEIadj":0,"audienceSEIrank":187,"audienceScore":0,"combinedScore":0,"combinedScoreRank":187,"engagementSEI":0,"engagementSEIadj":0,"engagementSEIrank":187,"engagementScore":0,"voiceSEI":0,"voiceSEIadj":0,"voiceSEIrank":187,"voiceScore":0}}},"week":{"boundaryQuantum":4993818,"combined":{"entityString":"536575feb08f37d80186a0a3","type":"combined","profiles":2,"postsMade":8,"repliesMade":0,"repliesRcvd":0,"sharesMade":0,"sharesRcvd":1,"mentionsRcvd":0,"likesRcvd":6,"reachRcvd":0,"audience":5589,"voice":8,"conversation":8,"engagement":7,"group_scoped":{"audienceScore":0.24317593250073097,"voiceScore":0.5085823267641449,"engagementScore":0.005756389592447617,"combinedScore":0.042768663596446654,"combinedScoreRank":214,"SEIrank":152,"engagementSEIrank":181,"voiceSEIrank":131,"audienceSEIrank":183,"engagementSEI":0.006843422493352104,"engagementSEIadj":0.006843422493352104,"voiceSEI":1.335559265442404,"voiceSEIadj":1.335559265442404,"audienceSEI":0.3779811922401929,"audienceSEIadj":0.3779811922401929,"SEI":0.44257195235275176,"SEIadj":0.44257195235275176},"non_scoped":{"SEI":0.3099125419147545,"SEIrank":145,"SEIadj":0,"audienceSEI":0.21957860081011107,"audienceSEIadj":0,"audienceSEIrank":158,"audienceScore":0.040461508790767736,"combinedScore":0.007155251374797224,"combinedScoreRank":172,"engagementSEI":0.0008825535552409182,"engagementSEIadj":0,"engagementSEIrank":185,"engagementScore":0.0003701508258858106,"voiceSEI":0.9580838323353293,"voiceSEIadj":0,"voiceSEIrank":133,"voiceScore":0.09598080383923216},"scoped":{"SEI":1.3490720616795193,"SEIrank":152,"SEIadj":0,"audienceSEI":2.866624266546305,"audienceSEIadj":0,"audienceSEIrank":143,"audienceScore":0.11616226802619543,"combinedScore":0.01912132879472299,"combinedScoreRank":167,"engagementSEI":0.023957834211787255,"engagementSEIadj":0,"engagementSEIrank":171,"engagementScore":0.0035064167426390293,"voiceSEI":3.4934497816593884,"voiceSEIadj":0,"voiceSEIrank":121,"voiceScore":0.20314880650076178}},"facebook":{"entityString":"536575feb08f37d80186a0a3","type":"facebook","profiles":1,"postsMade":0,"repliesMade":0,"repliesRcvd":0,"sharesMade":0,"sharesRcvd":0,"mentionsRcvd":0,"likesRcvd":0,"reachRcvd":0,"audience":2594,"voice":0,"conversation":0,"engagement":0,"group_scoped":{"audienceScore":0.1674960757232066,"voiceScore":0,"engagementScore":0,"combinedScore":0.1674960757232066,"combinedScoreRank":106,"SEIrank":150,"engagementSEIrank":223,"voiceSEIrank":221,"audienceSEIrank":135,"engagementSEI":0,"engagementSEIadj":0,"voiceSEI":0,"voiceSEIadj":0,"audienceSEI":0.23616147472553284,"audienceSEIadj":0.23616147472553284,"SEI":0.023616147472553285,"SEIadj":0.023616147472553285},"non_scoped":{"SEI":0.013969240744300965,"SEIrank":152,"SEIadj":0,"audienceSEI":0.13969240744300965,"audienceSEIadj":0,"audienceSEIrank":135,"audienceScore":0.026642307203262314,"combinedScore":0.0013321153601631157,"combinedScoreRank":152,"engagementSEI":0,"engagementSEIadj":0,"engagementSEIrank":223,"engagementScore":0,"voiceSEI":0,"voiceSEIadj":0,"voiceSEIrank":221,"voiceScore":0},"scoped":{"SEI":0.17805906014469874,"SEIrank":137,"SEIadj":0,"audienceSEI":1.7805906014469872,"audienceSEIadj":0,"audienceSEIrank":120,"audienceScore":0.1092132812444083,"combinedScore":0.005460664062220415,"combinedScoreRank":138,"engagementSEI":0,"engagementSEIadj":0,"engagementSEIrank":201,"engagementScore":0,"voiceSEI":0,"voiceSEIadj":0,"voiceSEIrank":199,"voiceScore":0}},"twitter":{"entityString":"536575feb08f37d80186a0a3","type":"twitter","profiles":1,"postsMade":8,"repliesMade":0,"repliesRcvd":0,"sharesMade":0,"sharesRcvd":1,"mentionsRcvd":0,"likesRcvd":6,"reachRcvd":0,"audience":2995,"voice":8,"conversation":8,"engagement":7,"group_scoped":{"audienceScore":0.4694533963660075,"voiceScore":0.7174887892376681,"engagementScore":0.04876689424550648,"combinedScore":0.10323731410113962,"combinedScoreRank":218,"SEIrank":162,"engagementSEIrank":173,"voiceSEIrank":123,"audienceSEIrank":203,"engagementSEI":0.10851030847930554,"engagementSEIadj":0.10851030847930554,"voiceSEI":2.056555269922879,"voiceSEIadj":2.056555269922879,"audienceSEI":1.1151364413185045,"audienceSEIadj":1.1151364413185045,"SEI":0.7935864101962976,"SEIadj":0.7935864101962976},"non_scoped":{"SEI":0.5912350817170107,"SEIrank":134,"SEIadj":0,"audienceSEI":0.5289865183502686,"audienceSEIadj":0,"audienceSEIrank":174,"audienceScore":0.0858747873918035,"combinedScore":0.02229436509891268,"combinedScoreRank":169,"engagementSEI":0.0533455265965554,"engagementSEIadj":0,"engagementSEIrank":166,"engagementScore":0.011282679475194223,"voiceSEI":1.6877637130801686,"voiceSEIadj":0,"voiceSEIrank":109,"voiceScore":0.1569242840329541},"scoped":{"SEI":1.8164162261186665,"SEIrank":139,"SEIadj":0,"audienceSEI":2.5697566667810685,"audienceSEIadj":0,"audienceSEIrank":157,"audienceScore":0.13602791229174557,"combinedScore":0.03921518600327722,"combinedScoreRank":154,"engagementSEI":0.32634032634032634,"engagementSEIadj":0,"engagementSEIrank":153,"engagementScore":0.020321662892643557,"voiceSEI":4.545454545454546,"voiceSEIadj":0,"voiceSEIrank":97,"voiceScore":0.2824858757062147}},"instagram":{"entityString":"536575feb08f37d80186a0a3","type":"instagram","profiles":0,"postsMade":0,"repliesMade":0,"repliesRcvd":0,"sharesMade":0,"sharesRcvd":0,"mentionsRcvd":0,"likesRcvd":0,"reachRcvd":0,"audience":0,"voice":0,"conversation":0,"engagement":0,"group_scoped":{"audienceScore":0,"voiceScore":0,"engagementScore":0,"combinedScore":0,"combinedScoreRank":227,"SEIrank":208,"engagementSEIrank":208,"voiceSEIrank":208,"audienceSEIrank":208,"engagementSEI":0,"engagementSEIadj":0,"voiceSEI":0,"voiceSEIadj":0,"audienceSEI":0,"audienceSEIadj":0,"SEI":0,"SEIadj":0},"non_scoped":{"SEI":0,"SEIrank":208,"SEIadj":0,"audienceSEI":0,"audienceSEIadj":0,"audienceSEIrank":208,"audienceScore":0,"combinedScore":0,"combinedScoreRank":208,"engagementSEI":0,"engagementSEIadj":0,"engagementSEIrank":208,"engagementScore":0,"voiceSEI":0,"voiceSEIadj":0,"voiceSEIrank":208,"voiceScore":0},"scoped":{"SEI":0,"SEIrank":187,"SEIadj":0,"audienceSEI":0,"audienceSEIadj":0,"audienceSEIrank":187,"audienceScore":0,"combinedScore":0,"combinedScoreRank":187,"engagementSEI":0,"engagementSEIadj":0,"engagementSEIrank":187,"engagementScore":0,"voiceSEI":0,"voiceSEIadj":0,"voiceSEIrank":187,"voiceScore":0}}},"month":{"boundaryQuantum":4987194,"combined":{"entityString":"536575feb08f37d80186a0a3","type":"combined","profiles":2,"postsMade":27,"repliesMade":0,"repliesRcvd":0,"sharesMade":0,"sharesRcvd":4,"mentionsRcvd":0,"likesRcvd":9,"reachRcvd":0,"audience":5589,"voice":27,"conversation":27,"engagement":13,"group_scoped":{"audienceScore":0.24317593250073097,"voiceScore":0.3523884103367267,"engagementScore":0.0024161817266034617,"combinedScore":0.031952780695816,"combinedScoreRank":214,"SEIrank":177,"engagementSEIrank":202,"voiceSEIrank":154,"audienceSEIrank":183,"engagementSEI":0.0028088673782464026,"engagementSEIadj":0.0028088673782464026,"voiceSEI":0.9332872450743173,"voiceSEIadj":0.9332872450743173,"audienceSEI":0.3779811922401929,"audienceSEIadj":0.3779811922401929,"SEI":0.31946961317326233,"SEIadj":0.31946961317326233},"non_scoped":{"SEI":0.2424004201692333,"SEIrank":163,"SEIadj":0,"audienceSEI":0.21957860081011107,"audienceSEIadj":0,"audienceSEIrank":158,"audienceScore":0.040461508790767736,"combinedScore":0.005699482038410046,"combinedScoreRank":186,"engagementSEI":0.00035695849396465563,"engagementSEIadj":0,"engagementSEIrank":206,"engagementScore":0.00014933448512341346,"voiceSEI":0.734094616639478,"voiceSEIadj":0,"voiceSEIrank":153,"voiceScore":0.07084011124521174},"scoped":{"SEI":1.1350983224827176,"SEIrank":163,"SEIadj":0,"audienceSEI":2.866624266546305,"audienceSEIadj":0,"audienceSEIrank":143,"audienceScore":0.11616226802619543,"combinedScore":0.014641833260869798,"combinedScoreRank":179,"engagementSEI":0.010733423053741423,"engagementSEIadj":0,"engagementSEIrank":188,"engagementScore":0.0015297825119970252,"voiceSEI":2.806652806652807,"voiceSEIadj":0,"voiceSEIrank":141,"voiceScore":0.14913831197525407}},"facebook":{"entityString":"536575feb08f37d80186a0a3","type":"facebook","profiles":1,"postsMade":0,"repliesMade":0,"repliesRcvd":0,"sharesMade":0,"sharesRcvd":0,"mentionsRcvd":0,"likesRcvd":0,"reachRcvd":0,"audience":2594,"voice":0,"conversation":0,"engagement":0,"group_scoped":{"audienceScore":0.1674960757232066,"voiceScore":0,"engagementScore":0,"combinedScore":0.1674960757232066,"combinedScoreRank":93,"SEIrank":155,"engagementSEIrank":225,"voiceSEIrank":224,"audienceSEIrank":135,"engagementSEI":0,"engagementSEIadj":0,"voiceSEI":0,"voiceSEIadj":0,"audienceSEI":0.23616147472553284,"audienceSEIadj":0.23616147472553284,"SEI":0.023616147472553285,"SEIadj":0.023616147472553285},"non_scoped":{"SEI":0.013969240744300965,"SEIrank":156,"SEIadj":0,"audienceSEI":0.13969240744300965,"audienceSEIadj":0,"audienceSEIrank":135,"audienceScore":0.026642307203262314,"combinedScore":0.0013321153601631157,"combinedScoreRank":156,"engagementSEI":0,"engagementSEIadj":0,"engagementSEIrank":225,"engagementScore":0,"voiceSEI":0,"voiceSEIadj":0,"voiceSEIrank":224,"voiceScore":0},"scoped":{"SEI":0.17805906014469874,"SEIrank":141,"SEIadj":0,"audienceSEI":1.7805906014469872,"audienceSEIadj":0,"audienceSEIrank":120,"audienceScore":0.1092132812444083,"combinedScore":0.005460664062220415,"combinedScoreRank":141,"engagementSEI":0,"engagementSEIadj":0,"engagementSEIrank":202,"engagementScore":0,"voiceSEI":0,"voiceSEIadj":0,"voiceSEIrank":202,"voiceScore":0}},"twitter":{"entityString":"536575feb08f37d80186a0a3","type":"twitter","profiles":1,"postsMade":27,"repliesMade":0,"repliesRcvd":0,"sharesMade":0,"sharesRcvd":4,"mentionsRcvd":0,"likesRcvd":9,"reachRcvd":0,"audience":2995,"voice":27,"conversation":27,"engagement":13,"group_scoped":{"audienceScore":0.4694533963660075,"voiceScore":0.48851094626379593,"engagementScore":0.020740598924679717,"combinedScore":0.06656475616370192,"combinedScoreRank":217,"SEIrank":186,"engagementSEIrank":198,"voiceSEIrank":147,"audienceSEIrank":203,"engagementSEI":0.041040535421139036,"engagementSEIadj":0.041040535421139036,"voiceSEI":1.3719512195121952,"voiceSEIadj":1.3719512195121952,"audienceSEI":1.1151364413185045,"audienceSEIadj":1.1151364413185045,"SEI":0.5477233312381925,"SEIadj":0.5477233312381925},"non_scoped":{"SEI":0.4519814308254644,"SEIrank":158,"SEIadj":0,"audienceSEI":0.5289865183502686,"audienceSEIadj":0,"audienceSEIrank":174,"audienceScore":0.0858747873918035,"combinedScore":0.014302921999851802,"combinedScoreRank":190,"engagementSEI":0.020746556869504156,"engagementSEIadj":0,"engagementSEIrank":195,"engagementScore":0.0047739883735021605,"voiceSEI":1.2887828162291168,"voiceSEIadj":0,"voiceSEIrank":129,"voiceScore":0.11425186188219363},"scoped":{"SEI":1.507890476934228,"SEIrank":152,"SEIadj":0,"audienceSEI":2.5697566667810685,"audienceSEIadj":0,"audienceSEIrank":157,"audienceScore":0.13602791229174557,"combinedScore":0.025334635157433408,"combinedScoreRank":174,"engagementSEI":0.11405509738550623,"engagementSEIadj":0,"engagementSEIrank":178,"engagementScore":0.009149967975112087,"voiceSEI":3.9416058394160585,"voiceSEIadj":0,"voiceSEIrank":117,"voiceScore":0.20596536730490503}},"instagram":{"entityString":"536575feb08f37d80186a0a3","type":"instagram","profiles":0,"postsMade":0,"repliesMade":0,"repliesRcvd":0,"sharesMade":0,"sharesRcvd":0,"mentionsRcvd":0,"likesRcvd":0,"reachRcvd":0,"audience":0,"voice":0,"conversation":0,"engagement":0,"group_scoped":{"audienceScore":0,"voiceScore":0,"engagementScore":0,"combinedScore":0,"combinedScoreRank":227,"SEIrank":208,"engagementSEIrank":208,"voiceSEIrank":208,"audienceSEIrank":208,"engagementSEI":0,"engagementSEIadj":0,"voiceSEI":0,"voiceSEIadj":0,"audienceSEI":0,"audienceSEIadj":0,"SEI":0,"SEIadj":0},"non_scoped":{"SEI":0,"SEIrank":208,"SEIadj":0,"audienceSEI":0,"audienceSEIadj":0,"audienceSEIrank":208,"audienceScore":0,"combinedScore":0,"combinedScoreRank":208,"engagementSEI":0,"engagementSEIadj":0,"engagementSEIrank":208,"engagementScore":0,"voiceSEI":0,"voiceSEIadj":0,"voiceSEIrank":208,"voiceScore":0},"scoped":{"SEI":0,"SEIrank":187,"SEIadj":0,"audienceSEI":0,"audienceSEIadj":0,"audienceSEIrank":187,"audienceScore":0,"combinedScore":0,"combinedScoreRank":187,"engagementSEI":0,"engagementSEIadj":0,"engagementSEIrank":187,"engagementScore":0,"voiceSEI":0,"voiceSEIadj":0,"voiceSEIrank":187,"voiceScore":0}}},"quarter":{"boundaryQuantum":4969914,"combined":{"entityString":"536575feb08f37d80186a0a3","type":"combined","profiles":2,"postsMade":33,"repliesMade":0,"repliesRcvd":1,"sharesMade":0,"sharesRcvd":13,"mentionsRcvd":0,"likesRcvd":15,"reachRcvd":0,"audience":5589,"voice":33,"conversation":34,"engagement":29,"group_scoped":{"audienceScore":0.24317593250073097,"voiceScore":0.1543859649122807,"engagementScore":0.001612473651346499,"combinedScore":0.021329321156862435,"combinedScoreRank":217,"SEIrank":200,"engagementSEIrank":207,"voiceSEIrank":189,"audienceSEIrank":183,"engagementSEI":0.0018214833280887175,"engagementSEIadj":0.0018214833280887175,"voiceSEI":0.3727128981251412,"voiceSEIadj":0.3727128981251412,"audienceSEI":0.3779811922401929,"audienceSEIadj":0.3779811922401929,"SEI":0.1507048786584149,"SEIadj":0.1507048786584149},"non_scoped":{"SEI":0.11459078090862501,"SEIrank":190,"SEIadj":0,"audienceSEI":0.21957860081011107,"audienceSEIadj":0,"audienceSEIrank":158,"audienceScore":0.040461508790767736,"combinedScore":0.003597655896416622,"combinedScoreRank":200,"engagementSEI":0.00025461894124351853,"engagementSEIadj":0,"engagementSEIrank":212,"engagementScore":0.00010483142744978394,"voiceSEI":0.308267164876226,"voiceSEIadj":0,"voiceSEIrank":188,"voiceScore":0.029604643443468588},"scoped":{"SEI":0.6561192501487918,"SEIrank":179,"SEIadj":0,"audienceSEI":2.866624266546305,"audienceSEIadj":0,"audienceSEIrank":143,"audienceScore":0.11616226802619543,"combinedScore":0.009905096176798007,"combinedScoreRank":184,"engagementSEI":0.007578549047585448,"engagementSEIadj":0,"engagementSEIrank":193,"engagementScore":0.0010679708186180459,"voiceSEI":1.2163656468853667,"voiceSEIadj":0,"voiceSEIrank":174,"voiceScore":0.06271618077463985}},"facebook":{"entityString":"536575feb08f37d80186a0a3","type":"facebook","profiles":1,"postsMade":1,"repliesMade":0,"repliesRcvd":1,"sharesMade":0,"sharesRcvd":2,"mentionsRcvd":0,"likesRcvd":3,"reachRcvd":0,"audience":2594,"voice":1,"conversation":2,"engagement":6,"group_scoped":{"audienceScore":0.1674960757232066,"voiceScore":0.01633453119895459,"engagementScore":0.00045434272131601884,"combinedScore":0.009600438795292475,"combinedScoreRank":165,"SEIrank":154,"engagementSEIrank":151,"voiceSEIrank":151,"audienceSEIrank":135,"engagementSEI":0.0005048788122557649,"engagementSEIadj":0.0005048788122557649,"voiceSEI":0.0373134328358209,"voiceSEIadj":0.0373134328358209,"audienceSEI":0.23616147472553284,"audienceSEIadj":0.23616147472553284,"SEI":0.03511310461065301,"SEIadj":0.03511310461065301},"non_scoped":{"SEI":0.020567405875635526,"SEIrank":152,"SEIadj":0,"audienceSEI":0.13969240744300965,"audienceSEIadj":0,"audienceSEIrank":135,"audienceScore":0.026642307203262314,"combinedScore":0.0014793176471189036,"combinedScoreRank":155,"engagementSEI":0.00005602284835847452,"engagementSEIadj":0,"engagementSEIrank":153,"engagementScore":0.000024477972558071335,"voiceSEI":0.02188183807439825,"voiceSEIadj":0,"voiceSEIrank":154,"voiceScore":0.0025034422330704716},"scoped":{"SEI":0.2132304940433707,"SEIrank":140,"SEIadj":0,"audienceSEI":1.7805906014469872,"audienceSEIadj":0,"audienceSEIrank":120,"audienceScore":0.1092132812444083,"combinedScore":0.006114882026304481,"combinedScoreRank":140,"engagementSEI":0.005200253078983177,"engagementSEIadj":0,"engagementSEIrank":140,"engagementScore":0.00033843562644152425,"voiceSEI":0.10683760683760685,"voiceSEIadj":0,"voiceSEIrank":141,"voiceScore":0.006992518005733864}},"twitter":{"entityString":"536575feb08f37d80186a0a3","type":"twitter","profiles":1,"postsMade":32,"repliesMade":0,"repliesRcvd":0,"sharesMade":0,"sharesRcvd":11,"mentionsRcvd":0,"likesRcvd":12,"reachRcvd":0,"audience":2995,"voice":32,"conversation":32,"engagement":23,"group_scoped":{"audienceScore":0.4694533963660075,"voiceScore":0.21370375317216506,"engagementScore":0.013160605158957223,"combinedScore":0.04600240211997013,"combinedScoreRank":219,"SEIrank":207,"engagementSEIrank":209,"voiceSEIrank":183,"audienceSEIrank":203,"engagementSEI":0.0228675966155957,"engagementSEIadj":0.0228675966155957,"voiceSEI":0.542832909245123,"voiceSEIadj":0.542832909245123,"audienceSEI":1.1151364413185045,"audienceSEIadj":1.1151364413185045,"SEI":0.28808407487474474,"SEIadj":0.28808407487474474},"non_scoped":{"SEI":0.22052489003193315,"SEIrank":187,"SEIadj":0,"audienceSEI":0.5289865183502686,"audienceSEIadj":0,"audienceSEIrank":174,"audienceScore":0.0858747873918035,"combinedScore":0.009250805170928593,"combinedScoreRank":203,"engagementSEI":0.012443463394576814,"engagementSEIadj":0,"engagementSEIrank":199,"engagementScore":0.0029202233082067162,"voiceSEI":0.5338672005338673,"voiceSEIadj":0,"voiceSEIrank":171,"voiceScore":0.04657729647904749},"scoped":{"SEI":0.8109167690431257,"SEIrank":175,"SEIadj":0,"audienceSEI":2.5697566667810685,"audienceSEIadj":0,"audienceSEIrank":157,"audienceScore":0.13602791229174557,"combinedScore":0.016281908474972885,"combinedScoreRank":184,"engagementSEI":0.07577754348972061,"engagementSEIadj":0,"engagementSEIrank":183,"engagementScore":0.0057996010883077515,"voiceSEI":1.694915254237288,"voiceSEIadj":0,"voiceSEIrank":158,"voiceScore":0.08521743761817262}},"instagram":{"entityString":"536575feb08f37d80186a0a3","type":"instagram","profiles":0,"postsMade":0,"repliesMade":0,"repliesRcvd":0,"sharesMade":0,"sharesRcvd":0,"mentionsRcvd":0,"likesRcvd":0,"reachRcvd":0,"audience":0,"voice":0,"conversation":0,"engagement":0,"group_scoped":{"audienceScore":0,"voiceScore":0,"engagementScore":0,"combinedScore":0,"combinedScoreRank":227,"SEIrank":208,"engagementSEIrank":208,"voiceSEIrank":208,"audienceSEIrank":208,"engagementSEI":0,"engagementSEIadj":0,"voiceSEI":0,"voiceSEIadj":0,"audienceSEI":0,"audienceSEIadj":0,"SEI":0,"SEIadj":0},"non_scoped":{"SEI":0,"SEIrank":208,"SEIadj":0,"audienceSEI":0,"audienceSEIadj":0,"audienceSEIrank":208,"audienceScore":0,"combinedScore":0,"combinedScoreRank":208,"engagementSEI":0,"engagementSEIadj":0,"engagementSEIrank":208,"engagementScore":0,"voiceSEI":0,"voiceSEIadj":0,"voiceSEIrank":208,"voiceScore":0},"scoped":{"SEI":0,"SEIrank":187,"SEIadj":0,"audienceSEI":0,"audienceSEIadj":0,"audienceSEIrank":187,"audienceScore":0,"combinedScore":0,"combinedScoreRank":187,"engagementSEI":0,"engagementSEIadj":0,"engagementSEIrank":187,"engagementScore":0,"voiceSEI":0,"voiceSEIadj":0,"voiceSEIrank":187,"voiceScore":0}}},"blended":{"combined":{"non_scoped":{"SEI":0.2596754044625723,"SEIadj":50.129837702231285,"SEIrank":161,"audienceSEI":0.21957860081011105,"audienceSEIadj":50.109789300405055,"audienceSEIrank":158,"engagementSEI":0.0004964312866550873,"engagementSEIadj":40.000297858771994,"engagementSEIrank":204,"voiceSEI":0.7913989520318937,"voiceSEIadj":50.39569947601595,"voiceSEIrank":153},"scoped":{"SEI":0.9939668478778455,"SEIadj":40.596380108726706,"SEIrank":172,"compCharisma":0,"compInfluence":0,"compEva":0.9939668478778455,"audienceSEI":2.866624266546305,"audienceSEIadj":51.433312133273155,"audienceSEIrank":143,"engagementSEI":0.015225160672830747,"engagementSEIadj":40.009135096403696,"engagementSEIrank":187,"voiceSEI":3.373511975234717,"voiceSEIadj":51.68675598761736,"voiceSEIrank":134}},"facebook":{"non_scoped":{"SEI":0.017268323309968248,"SEIadj":50.00863416165498,"SEIrank":154,"audienceSEI":0.13969240744300965,"audienceSEIadj":50.069846203721504,"audienceSEIrank":135,"engagementSEI":0.00002801142417923726,"engagementSEIadj":50.00001400571209,"engagementSEIrank":153,"voiceSEI":0.010940919037199124,"voiceSEIadj":50.0054704595186,"voiceSEIrank":154},"scoped":{"SEI":0.1956447770940347,"SEIadj":50.097822388547016,"SEIrank":140,"audienceSEI":1.7805906014469872,"audienceSEIadj":50.890295300723494,"audienceSEIrank":120,"engagementSEI":0.0026001265394915885,"engagementSEIadj":50.001300063269746,"engagementSEIrank":140,"voiceSEI":0.05341880341880342,"voiceSEIadj":50.026709401709404,"voiceSEIrank":141}},"twitter":{"non_scoped":{"SEI":0.4775096628064167,"SEIadj":50.238754831403206,"SEIrank":153,"audienceSEI":0.5289865183502686,"audienceSEIadj":40.31739191101016,"audienceSEIrank":174,"engagementSEI":0.02776573648982781,"engagementSEIadj":40.0166594418939,"engagementSEIrank":191,"voiceSEI":1.359838563591644,"voiceSEIadj":50.67991928179582,"voiceSEIrank":124},"scoped":{"SEI":1.6565756442339774,"SEIadj":40.99394538654039,"SEIrank":150,"audienceSEI":2.5697566667810685,"audienceSEIadj":41.54185400006864,"audienceSEIrank":157,"engagementSEI":0.17062963070868484,"engagementSEIadj":40.10237777842521,"engagementSEIrank":176,"voiceSEI":4.324073997102199,"voiceSEIadj":52.1620369985511,"voiceSEIrank":107}},"instagram":{"non_scoped":{"SEI":0,"SEIadj":0,"SEIrank":208,"audienceSEI":0,"audienceSEIadj":0,"audienceSEIrank":208,"engagementSEI":0,"engagementSEIadj":0,"engagementSEIrank":208,"voiceSEI":0,"voiceSEIadj":0,"voiceSEIrank":208},"scoped":{"SEI":0,"SEIadj":0,"SEIrank":187,"audienceSEI":0,"audienceSEIadj":0,"audienceSEIrank":187,"engagementSEI":0,"engagementSEIadj":0,"engagementSEIrank":187,"voiceSEI":0,"voiceSEIadj":0,"voiceSEIrank":187}},"influence":{"instagram":{"scope":"individual","ratio":0,"calculated":false},"combined":{"ratio":0.04,"bottom":true,"scope":"individual","calculated":true},"facebook":{"ratio":0.02,"bottom":true,"scope":"individual","calculated":true},"twitter":{"ratio":0.05,"bottom":false,"scope":"individual","calculated":true}},"charisma":{"instagram":{"scope":"individual","ratio":0,"calculated":false},"combined":{"ratio":0.04,"bottom":true,"scope":"individual","calculated":true},"facebook":{"ratio":0.01,"bottom":false,"scope":"individual","calculated":true},"twitter":{"ratio":0.04,"bottom":false,"scope":"individual","calculated":true}}},"scope":"individual"}}