{"scoreEntityString":"591d1494ab33fb0001804f89.asset.536575feb08f37d80186a0f8","timeQuantum":4995834,"scoreEntityType":"asset","scoreProfileID":"591d1494ab33fb0001804f89","data":{"scoreEntityString":"591d1494ab33fb0001804f89.asset.536575feb08f37d80186a0f8","scoreProfileID":"591d1494ab33fb0001804f89","scoreEntityType":"asset","entityID":"asset.536575feb08f37d80186a0f8","object_version":"1.2","score_engine_version":"3.0.20","timestamp":4995834,"start_quantum":4969914,"end_quantum":4995833,"schedule_options":{"interval":15,"offset":"1"},"_15min":{"boundaryQuantum":4995831,"combined":{"entityString":"536575feb08f37d80186a0f8","type":"combined","profiles":2,"postsMade":0,"repliesMade":0,"repliesRcvd":0,"sharesMade":0,"sharesRcvd":0,"mentionsRcvd":0,"likesRcvd":0,"reachRcvd":0,"audience":142094,"voice":0,"conversation":0,"engagement":0,"group_scoped":{"audienceScore":4.792909567368521,"voiceScore":0,"engagementScore":0,"combinedScore":4.792909567368521,"engagementSEI":0,"engagementSEIadj":0,"voiceSEI":0,"voiceSEIadj":0,"audienceSEI":7.386103143670711,"audienceSEIadj":7.386103143670711,"SEI":0.7386103143670711,"SEIadj":0.7386103143670711,"combinedScoreRank":17,"SEIrank":23,"engagementSEIrank":122,"voiceSEIrank":116,"audienceSEIrank":19},"non_scoped":{"SEI":0.5582537431295745,"SEIrank":15,"SEIadj":0,"audienceSEI":5.582537431295745,"audienceSEIadj":0,"audienceSEIrank":10,"audienceScore":1.0286880712319468,"combinedScore":0.05143440356159734,"combinedScoreRank":17,"engagementSEI":0,"engagementSEIadj":0,"engagementSEIrank":122,"engagementScore":0,"voiceSEI":0,"voiceSEIadj":0,"voiceSEIrank":116,"voiceScore":0},"scoped":{"SEI":7.288067785482745,"SEIrank":8,"SEIadj":0,"audienceSEI":72.88067785482745,"audienceSEIadj":0,"audienceSEIrank":3,"audienceScore":2.953294205209199,"combinedScore":0.14766471026045996,"combinedScoreRank":10,"engagementSEI":0,"engagementSEIadj":0,"engagementSEIrank":109,"engagementScore":0,"voiceSEI":0,"voiceSEIadj":0,"voiceSEIrank":106,"voiceScore":0}},"facebook":{"entityString":"536575feb08f37d80186a0f8","type":"facebook","profiles":1,"postsMade":0,"repliesMade":0,"repliesRcvd":0,"sharesMade":0,"sharesRcvd":0,"mentionsRcvd":0,"likesRcvd":0,"reachRcvd":0,"audience":82096,"voice":0,"conversation":0,"engagement":0,"group_scoped":{"audienceScore":3.9302516297455554,"voiceScore":0,"engagementScore":0,"combinedScore":3.9302516297455554,"engagementSEI":0,"engagementSEIadj":0,"voiceSEI":0,"voiceSEIadj":0,"audienceSEI":4.666945218990446,"audienceSEIadj":4.666945218990446,"SEI":0.46669452189904465,"SEIadj":0.46669452189904465,"combinedScoreRank":18,"SEIrank":26,"engagementSEIrank":120,"voiceSEIrank":116,"audienceSEIrank":22},"non_scoped":{"SEI":0.44210439018663533,"SEIrank":18,"SEIadj":0,"audienceSEI":4.421043901866353,"audienceSEIadj":0,"audienceSEIrank":13,"audienceScore":0.8431869129371716,"combinedScore":0.04215934564685858,"combinedScoreRank":18,"engagementSEI":0,"engagementSEIadj":0,"engagementSEIrank":120,"engagementScore":0,"voiceSEI":0,"voiceSEIadj":0,"voiceSEIrank":116,"voiceScore":0},"scoped":{"SEI":5.635287818673549,"SEIrank":10,"SEIadj":0,"audienceSEI":56.35287818673549,"audienceSEIadj":0,"audienceSEIrank":5,"audienceScore":3.456427732089801,"combinedScore":0.17282138660449006,"combinedScoreRank":10,"engagementSEI":0,"engagementSEIadj":0,"engagementSEIrank":107,"engagementScore":0,"voiceSEI":0,"voiceSEIadj":0,"voiceSEIrank":106,"voiceScore":0}},"twitter":{"entityString":"536575feb08f37d80186a0f8","type":"twitter","profiles":1,"postsMade":0,"repliesMade":0,"repliesRcvd":0,"sharesMade":0,"sharesRcvd":0,"mentionsRcvd":0,"likesRcvd":0,"reachRcvd":0,"audience":59998,"voice":0,"conversation":0,"engagement":0,"group_scoped":{"audienceScore":10.478371047994285,"voiceScore":0,"engagementScore":0,"combinedScore":10.478371047994285,"engagementSEI":0,"engagementSEIadj":0,"voiceSEI":0,"voiceSEIadj":0,"audienceSEI":62.564391332457404,"audienceSEIadj":62.564391332457404,"SEI":6.256439133245741,"SEIadj":6.256439133245741,"combinedScoreRank":13,"SEIrank":9,"engagementSEIrank":117,"voiceSEIrank":116,"audienceSEIrank":8},"non_scoped":{"SEI":1.0597039441729352,"SEIrank":11,"SEIadj":0,"audienceSEI":10.597039441729352,"audienceSEIadj":0,"audienceSEIrank":10,"audienceScore":1.720305674101311,"combinedScore":0.08601528370506556,"combinedScoreRank":11,"engagementSEI":0,"engagementSEIadj":0,"engagementSEIrank":117,"engagementScore":0,"voiceSEI":0,"voiceSEIadj":0,"voiceSEIrank":116,"voiceScore":0},"scoped":{"SEI":5.147921886261454,"SEIrank":7,"SEIadj":0,"audienceSEI":51.47921886261454,"audienceSEIadj":0,"audienceSEIrank":6,"audienceScore":2.7250092426311023,"combinedScore":0.38928703466158604,"combinedScoreRank":7,"engagementSEI":0,"engagementSEIadj":0,"engagementSEIrank":107,"engagementScore":0,"voiceSEI":0,"voiceSEIadj":0,"voiceSEIrank":106,"voiceScore":0}},"instagram":{"entityString":"536575feb08f37d80186a0f8","type":"instagram","profiles":0,"postsMade":0,"repliesMade":0,"repliesRcvd":0,"sharesMade":0,"sharesRcvd":0,"mentionsRcvd":0,"likesRcvd":0,"reachRcvd":0,"audience":0,"voice":0,"conversation":0,"engagement":0,"group_scoped":{"audienceScore":0,"voiceScore":0,"engagementScore":0,"combinedScore":0,"engagementSEI":0,"engagementSEIadj":0,"voiceSEI":0,"voiceSEIadj":0,"audienceSEI":0,"audienceSEIadj":0,"SEI":0,"SEIadj":0,"combinedScoreRank":148,"SEIrank":129,"engagementSEIrank":118,"voiceSEIrank":116,"audienceSEIrank":129},"non_scoped":{"SEI":0,"SEIrank":129,"SEIadj":0,"audienceSEI":0,"audienceSEIadj":0,"audienceSEIrank":129,"audienceScore":0,"combinedScore":0,"combinedScoreRank":129,"engagementSEI":0,"engagementSEIadj":0,"engagementSEIrank":118,"engagementScore":0,"voiceSEI":0,"voiceSEIadj":0,"voiceSEIrank":116,"voiceScore":0},"scoped":{"SEI":0,"SEIrank":117,"SEIadj":0,"audienceSEI":0,"audienceSEIadj":0,"audienceSEIrank":117,"audienceScore":0,"combinedScore":0,"combinedScoreRank":117,"engagementSEI":0,"engagementSEIadj":0,"engagementSEIrank":107,"engagementScore":0,"voiceSEI":0,"voiceSEIadj":0,"voiceSEIrank":106,"voiceScore":0}}},"hour":{"boundaryQuantum":4995822,"combined":{"entityString":"536575feb08f37d80186a0f8","type":"combined","profiles":2,"postsMade":0,"repliesMade":0,"repliesRcvd":1,"sharesMade":0,"sharesRcvd":0,"mentionsRcvd":0,"likesRcvd":7,"reachRcvd":0,"audience":142094,"voice":0,"conversation":1,"engagement":8,"group_scoped":{"audienceScore":4.792909567368521,"voiceScore":0,"engagementScore":0.2616088947024199,"combinedScore":0.9089375622261485,"combinedScoreRank":72,"SEIrank":41,"engagementSEIrank":40,"voiceSEIrank":124,"audienceSEIrank":19,"engagementSEI":0.26657780739753417,"engagementSEIadj":0.26657780739753417,"voiceSEI":0,"voiceSEIadj":0,"audienceSEI":7.386103143670711,"audienceSEIadj":7.386103143670711,"SEI":0.8985569988055917,"SEIadj":0.8985569988055917},"non_scoped":{"SEI":0.7182004275680951,"SEIrank":29,"SEIadj":0,"audienceSEI":5.582537431295745,"audienceSEIadj":0,"audienceSEIrank":10,"audienceScore":1.0286880712319468,"combinedScore":0.1336543418966436,"combinedScoreRank":27,"engagementSEI":0.26657780739753417,"engagementSEIadj":0,"engagementSEIrank":21,"engagementScore":0.09135548703894027,"voiceSEI":0,"voiceSEIadj":0,"voiceSEIrank":124,"voiceScore":0},"scoped":{"SEI":11.15903552741823,"SEIrank":18,"SEIadj":0,"audienceSEI":72.88067785482745,"audienceSEIadj":0,"audienceSEIrank":3,"audienceScore":2.953294205209199,"combinedScore":1.5649875449061292,"combinedScoreRank":13,"engagementSEI":6.451612903225806,"engagementSEIadj":0,"engagementSEIrank":14,"engagementScore":1.574803149606299,"voiceSEI":0,"voiceSEIadj":0,"voiceSEIrank":111,"voiceScore":0}},"facebook":{"entityString":"536575feb08f37d80186a0f8","type":"facebook","profiles":1,"postsMade":0,"repliesMade":0,"repliesRcvd":1,"sharesMade":0,"sharesRcvd":0,"mentionsRcvd":0,"likesRcvd":6,"reachRcvd":0,"audience":82096,"voice":0,"conversation":1,"engagement":7,"group_scoped":{"audienceScore":3.9302516297455554,"voiceScore":0,"engagementScore":0.27944111776447106,"combinedScore":0.8009854766189116,"combinedScoreRank":57,"SEIrank":35,"engagementSEIrank":31,"voiceSEIrank":121,"audienceSEIrank":22,"engagementSEI":0.28112449799196787,"engagementSEIadj":0.28112449799196787,"voiceSEI":0,"voiceSEIadj":0,"audienceSEI":4.666945218990446,"audienceSEIadj":4.666945218990446,"SEI":0.6353692206942254,"SEIadj":0.6353692206942254},"non_scoped":{"SEI":0.6107790889818161,"SEIrank":22,"SEIadj":0,"audienceSEI":4.421043901866353,"audienceSEIadj":0,"audienceSEIrank":13,"audienceScore":0.8431869129371716,"combinedScore":0.13230099681297675,"combinedScoreRank":23,"engagementSEI":0.28112449799196787,"engagementSEIadj":0,"engagementSEIrank":17,"engagementScore":0.10015739018457576,"voiceSEI":0,"voiceSEIadj":0,"voiceSEIrank":121,"voiceScore":0},"scoped":{"SEI":9.077910769493222,"SEIrank":13,"SEIadj":0,"audienceSEI":56.35287818673549,"audienceSEIadj":0,"audienceSEIrank":5,"audienceScore":3.456427732089801,"combinedScore":1.8847779083436207,"combinedScoreRank":10,"engagementSEI":5.737704918032787,"engagementSEIadj":0,"engagementSEIrank":10,"engagementScore":1.9021739130434785,"voiceSEI":0,"voiceSEIadj":0,"voiceSEIrank":108,"voiceScore":0}},"twitter":{"entityString":"536575feb08f37d80186a0f8","type":"twitter","profiles":1,"postsMade":0,"repliesMade":0,"repliesRcvd":0,"sharesMade":0,"sharesRcvd":0,"mentionsRcvd":0,"likesRcvd":1,"reachRcvd":0,"audience":59998,"voice":0,"conversation":0,"engagement":1,"group_scoped":{"audienceScore":10.478371047994285,"voiceScore":0,"engagementScore":3.571428571428571,"combinedScore":4.558134639509387,"combinedScoreRank":42,"SEIrank":24,"engagementSEIrank":23,"voiceSEIrank":123,"audienceSEIrank":8,"engagementSEI":6.666666666666667,"engagementSEIadj":6.666666666666667,"voiceSEI":0,"voiceSEIadj":0,"audienceSEI":62.564391332457404,"audienceSEIadj":62.564391332457404,"SEI":10.256439133245742,"SEIadj":10.256439133245742},"non_scoped":{"SEI":1.6204516077243372,"SEIrank":29,"SEIadj":0,"audienceSEI":10.597039441729352,"audienceSEIadj":0,"audienceSEIrank":10,"audienceScore":1.720305674101311,"combinedScore":0.3931825191999461,"combinedScoreRank":30,"engagementSEI":0.9345794392523363,"engagementSEIadj":0,"engagementSEIrank":34,"engagementScore":0.3412969283276451,"voiceSEI":0,"voiceSEIadj":0,"voiceSEIrank":123,"voiceScore":0},"scoped":{"SEI":8.897921886261454,"SEIrank":24,"SEIadj":0,"audienceSEI":51.47921886261454,"audienceSEIadj":0,"audienceSEIrank":6,"audienceScore":2.7250092426311023,"combinedScore":0.947061272942366,"combinedScoreRank":22,"engagementSEI":6.25,"engagementSEIadj":0,"engagementSEIrank":28,"engagementScore":0.9009009009009009,"voiceSEI":0,"voiceSEIadj":0,"voiceSEIrank":110,"voiceScore":0}},"instagram":{"entityString":"536575feb08f37d80186a0f8","type":"instagram","profiles":0,"postsMade":0,"repliesMade":0,"repliesRcvd":0,"sharesMade":0,"sharesRcvd":0,"mentionsRcvd":0,"likesRcvd":0,"reachRcvd":0,"audience":0,"voice":0,"conversation":0,"engagement":0,"group_scoped":{"audienceScore":0,"voiceScore":0,"engagementScore":0,"combinedScore":0,"combinedScoreRank":148,"SEIrank":129,"engagementSEIrank":120,"voiceSEIrank":117,"audienceSEIrank":129,"engagementSEI":0,"engagementSEIadj":0,"voiceSEI":0,"voiceSEIadj":0,"audienceSEI":0,"audienceSEIadj":0,"SEI":0,"SEIadj":0},"non_scoped":{"SEI":0,"SEIrank":129,"SEIadj":0,"audienceSEI":0,"audienceSEIadj":0,"audienceSEIrank":129,"audienceScore":0,"combinedScore":0,"combinedScoreRank":129,"engagementSEI":0,"engagementSEIadj":0,"engagementSEIrank":120,"engagementScore":0,"voiceSEI":0,"voiceSEIadj":0,"voiceSEIrank":117,"voiceScore":0},"scoped":{"SEI":0,"SEIrank":117,"SEIadj":0,"audienceSEI":0,"audienceSEIadj":0,"audienceSEIrank":117,"audienceScore":0,"combinedScore":0,"combinedScoreRank":117,"engagementSEI":0,"engagementSEIadj":0,"engagementSEIrank":108,"engagementScore":0,"voiceSEI":0,"voiceSEIadj":0,"voiceSEIrank":106,"voiceScore":0}}},"today":{"boundaryQuantum":4995546,"combined":{"entityString":"536575feb08f37d80186a0f8","type":"combined","profiles":2,"postsMade":17,"repliesMade":0,"repliesRcvd":182,"sharesMade":0,"sharesRcvd":12,"mentionsRcvd":0,"likesRcvd":734,"reachRcvd":0,"audience":142094,"voice":17,"conversation":199,"engagement":928,"group_scoped":{"audienceScore":4.792909567368521,"voiceScore":6.746031746031746,"engagementScore":0.8974420966104154,"combinedScore":1.3846449526193871,"combinedScoreRank":30,"SEIrank":20,"engagementSEIrank":38,"voiceSEIrank":13,"audienceSEIrank":19,"engagementSEI":0.9430702627995367,"engagementSEIadj":0.9430702627995367,"voiceSEI":13.385826771653544,"voiceSEIadj":13.385826771653544,"audienceSEI":7.386103143670711,"audienceSEIadj":7.386103143670711,"SEI":5.320200503542856,"SEIadj":5.320200503542856},"non_scoped":{"SEI":4.617246585740803,"SEIrank":11,"SEIadj":0,"audienceSEI":5.582537431295745,"audienceSEIadj":0,"audienceSEIrank":10,"audienceScore":1.0286880712319468,"combinedScore":0.42151452229466085,"combinedScoreRank":13,"engagementSEI":0.9430702627995367,"engagementSEIadj":0,"engagementSEIrank":14,"engagementScore":0.34529333189461114,"voiceSEI":11.643835616438356,"voiceSEIadj":0,"voiceSEIrank":14,"voiceScore":1.1863224005582695},"scoped":{"SEI":55.559542426350525,"SEIrank":4,"SEIadj":0,"audienceSEI":72.88067785482745,"audienceSEIadj":0,"audienceSEIrank":3,"audienceScore":2.953294205209199,"combinedScore":3.741446697455292,"combinedScoreRank":7,"engagementSEI":48.970976253298154,"engagementSEIadj":0,"engagementSEIrank":7,"engagementScore":3.8385175380542687,"voiceSEI":62.96296296296296,"voiceSEIadj":0,"voiceSEIrank":6,"voiceScore":2.7823240589198037}},"facebook":{"entityString":"536575feb08f37d80186a0f8","type":"facebook","profiles":1,"postsMade":1,"repliesMade":0,"repliesRcvd":182,"sharesMade":0,"sharesRcvd":4,"mentionsRcvd":0,"likesRcvd":694,"reachRcvd":0,"audience":82096,"voice":1,"conversation":183,"engagement":880,"group_scoped":{"audienceScore":3.9302516297455554,"voiceScore":1.3157894736842104,"engagementScore":1.011075876648743,"combinedScore":1.1722703441553572,"combinedScoreRank":35,"SEIrank":47,"engagementSEIrank":31,"voiceSEIrank":70,"audienceSEIrank":22,"engagementSEI":1.0344908659158771,"engagementSEIadj":1.0344908659158771,"voiceSEI":1.5151515151515151,"voiceSEIadj":1.5151515151515151,"audienceSEI":4.666945218990446,"audienceSEIadj":4.666945218990446,"SEI":1.5419344959940253,"SEIadj":1.5419344959940253},"non_scoped":{"SEI":1.517344364281616,"SEIrank":28,"SEIadj":0,"audienceSEI":4.421043901866353,"audienceSEIadj":0,"audienceSEIrank":13,"audienceScore":0.8431869129371716,"combinedScore":0.3955239131772963,"combinedScoreRank":13,"engagementSEI":1.0344908659158771,"engagementSEIadj":0,"engagementSEIrank":13,"engagementScore":0.38164793845059614,"voiceSEI":1.5151515151515151,"voiceSEIadj":0,"voiceSEIrank":56,"voiceScore":0.1976284584980237},"scoped":{"SEI":38.65551903254637,"SEIrank":7,"SEIadj":0,"audienceSEI":56.35287818673549,"audienceSEIadj":0,"audienceSEIrank":5,"audienceScore":3.456427732089801,"combinedScore":4.612432957159163,"combinedScoreRank":6,"engagementSEI":50.86705202312138,"engagementSEIadj":0,"engagementSEIrank":6,"engagementScore":4.899231711390714,"voiceSEI":8.333333333333332,"voiceSEIadj":0,"voiceSEIrank":46,"voiceScore":0.6060606060606061}},"twitter":{"entityString":"536575feb08f37d80186a0f8","type":"twitter","profiles":1,"postsMade":16,"repliesMade":0,"repliesRcvd":0,"sharesMade":0,"sharesRcvd":8,"mentionsRcvd":0,"likesRcvd":40,"reachRcvd":0,"audience":59998,"voice":16,"conversation":16,"engagement":48,"group_scoped":{"audienceScore":10.478371047994285,"voiceScore":10.95890410958904,"engagementScore":3.934426229508197,"combinedScore":4.6128473644365435,"combinedScoreRank":35,"SEIrank":12,"engagementSEIrank":30,"voiceSEIrank":8,"audienceSEIrank":8,"engagementSEI":13.445378151260504,"engagementSEIadj":13.445378151260504,"voiceSEI":40,"voiceSEIadj":40,"audienceSEI":62.564391332457404,"audienceSEIadj":62.564391332457404,"SEI":26.323666024002044,"SEIadj":26.323666024002044},"non_scoped":{"SEI":7.85169962223199,"SEIrank":12,"SEIadj":0,"audienceSEI":10.597039441729352,"audienceSEIadj":0,"audienceSEIrank":10,"audienceScore":1.720305674101311,"combinedScore":0.6785769676103501,"combinedScoreRank":31,"engagementSEI":2.331228751821272,"engagementSEIadj":0,"engagementSEIrank":35,"engagementScore":0.5576208178438662,"voiceSEI":17.97752808988764,"voiceSEIadj":0,"voiceSEIrank":12,"voiceScore":1.8140589569160999},"scoped":{"SEI":36.23025306109956,"SEIrank":6,"SEIadj":0,"audienceSEI":51.47921886261454,"audienceSEIadj":0,"audienceSEIrank":6,"audienceScore":2.7250092426311023,"combinedScore":1.3875660818478568,"combinedScoreRank":23,"engagementSEI":17.02127659574468,"engagementSEIadj":0,"engagementSEIrank":26,"engagementScore":1.1869436201780417,"voiceSEI":69.56521739130434,"voiceSEIadj":0,"voiceSEIrank":4,"voiceScore":3.6613272311212817}},"instagram":{"entityString":"536575feb08f37d80186a0f8","type":"instagram","profiles":0,"postsMade":0,"repliesMade":0,"repliesRcvd":0,"sharesMade":0,"sharesRcvd":0,"mentionsRcvd":0,"likesRcvd":0,"reachRcvd":0,"audience":0,"voice":0,"conversation":0,"engagement":0,"group_scoped":{"audienceScore":0,"voiceScore":0,"engagementScore":0,"combinedScore":0,"combinedScoreRank":148,"SEIrank":129,"engagementSEIrank":125,"voiceSEIrank":123,"audienceSEIrank":129,"engagementSEI":0,"engagementSEIadj":0,"voiceSEI":0,"voiceSEIadj":0,"audienceSEI":0,"audienceSEIadj":0,"SEI":0,"SEIadj":0},"non_scoped":{"SEI":0,"SEIrank":129,"SEIadj":0,"audienceSEI":0,"audienceSEIadj":0,"audienceSEIrank":129,"audienceScore":0,"combinedScore":0,"combinedScoreRank":129,"engagementSEI":0,"engagementSEIadj":0,"engagementSEIrank":125,"engagementScore":0,"voiceSEI":0,"voiceSEIadj":0,"voiceSEIrank":123,"voiceScore":0},"scoped":{"SEI":0,"SEIrank":117,"SEIadj":0,"audienceSEI":0,"audienceSEIadj":0,"audienceSEIrank":117,"audienceScore":0,"combinedScore":0,"combinedScoreRank":117,"engagementSEI":0,"engagementSEIadj":0,"engagementSEIrank":113,"engagementScore":0,"voiceSEI":0,"voiceSEIadj":0,"voiceSEIrank":111,"voiceScore":0}}},"week":{"boundaryQuantum":4993818,"combined":{"entityString":"536575feb08f37d80186a0f8","type":"combined","profiles":2,"postsMade":71,"repliesMade":0,"repliesRcvd":1374,"sharesMade":0,"sharesRcvd":127,"mentionsRcvd":0,"likesRcvd":5480,"reachRcvd":0,"audience":142094,"voice":71,"conversation":1445,"engagement":6981,"group_scoped":{"audienceScore":4.792909567368521,"voiceScore":4.96156533892383,"engagementScore":0.8047484887189963,"combinedScore":1.2119973851617143,"combinedScoreRank":33,"SEIrank":21,"engagementSEIrank":38,"voiceSEIrank":18,"audienceSEIrank":19,"engagementSEI":0.8801580527338357,"engagementSEIadj":0.8801580527338357,"voiceSEI":11.507293354943274,"voiceSEIadj":11.507293354943274,"audienceSEI":7.386103143670711,"audienceSEIadj":7.386103143670711,"SEI":4.718893152490355,"SEIadj":4.718893152490355},"non_scoped":{"SEI":3.63724677836269,"SEIrank":16,"SEIadj":0,"audienceSEI":5.582537431295745,"audienceSEIadj":0,"audienceSEIrank":10,"audienceScore":1.0286880712319468,"combinedScore":0.42625740297353654,"combinedScoreRank":12,"engagementSEI":0.8801580527338357,"engagementSEIadj":0,"engagementSEIrank":13,"engagementScore":0.36914613078697767,"voiceSEI":8.502994011976048,"voiceSEIadj":0,"voiceSEIrank":17,"voiceScore":0.8518296340731855},"scoped":{"SEI":30.925061311935455,"SEIrank":4,"SEIadj":0,"audienceSEI":72.88067785482745,"audienceSEIadj":0,"audienceSEIrank":3,"audienceScore":2.953294205209199,"combinedScore":3.38502138633471,"combinedScoreRank":6,"engagementSEI":23.892805804640975,"engagementSEIadj":0,"engagementSEIrank":6,"engagementScore":3.4968993257661523,"voiceSEI":31.004366812227076,"voiceSEIadj":0,"voiceSEIrank":9,"voiceScore":1.802945657694261}},"facebook":{"entityString":"536575feb08f37d80186a0f8","type":"facebook","profiles":1,"postsMade":6,"repliesMade":0,"repliesRcvd":1374,"sharesMade":0,"sharesRcvd":50,"mentionsRcvd":0,"likesRcvd":5078,"reachRcvd":0,"audience":82096,"voice":6,"conversation":1380,"engagement":6502,"group_scoped":{"audienceScore":3.9302516297455554,"voiceScore":1.3824884792626728,"engagementScore":0.8844248993766043,"combinedScore":1.0616194148893552,"combinedScoreRank":34,"SEIrank":47,"engagementSEIrank":34,"voiceSEIrank":61,"audienceSEIrank":22,"engagementSEI":0.9027295698775442,"engagementSEIadj":0.9027295698775442,"voiceSEI":1.7699115044247788,"voiceSEIadj":1.7699115044247788,"audienceSEI":4.666945218990446,"audienceSEIadj":4.666945218990446,"SEI":1.539305715153005,"SEIadj":1.539305715153005},"non_scoped":{"SEI":1.5147155834405956,"SEIrank":27,"SEIadj":0,"audienceSEI":4.421043901866353,"audienceSEIadj":0,"audienceSEIrank":13,"audienceScore":0.8431869129371716,"combinedScore":0.4171661200482293,"combinedScoreRank":9,"engagementSEI":0.9027295698775442,"engagementSEIadj":0,"engagementSEIrank":9,"engagementScore":0.4052703849071375,"voiceSEI":1.7699115044247788,"voiceSEIadj":0,"voiceSEIrank":55,"voiceScore":0.20526855969893945},"scoped":{"SEI":48.000454913789234,"SEIrank":4,"SEIadj":0,"audienceSEI":56.35287818673549,"audienceSEIadj":0,"audienceSEIrank":5,"audienceScore":3.456427732089801,"combinedScore":5.402723713323811,"combinedScoreRank":2,"engagementSEI":66.85861182519281,"engagementSEIadj":0,"engagementSEIrank":2,"engagementScore":5.778322846681597,"voiceSEI":7.5,"voiceSEIadj":0,"voiceSEIrank":47,"voiceScore":0.5882352941176471}},"twitter":{"entityString":"536575feb08f37d80186a0f8","type":"twitter","profiles":1,"postsMade":65,"repliesMade":0,"repliesRcvd":0,"sharesMade":0,"sharesRcvd":77,"mentionsRcvd":0,"likesRcvd":402,"reachRcvd":0,"audience":59998,"voice":65,"conversation":65,"engagement":479,"group_scoped":{"audienceScore":10.478371047994285,"voiceScore":8.280254777070063,"engagementScore":5.840039014874421,"combinedScore":6.1939664046401965,"combinedScoreRank":26,"SEIrank":13,"engagementSEIrank":19,"voiceSEIrank":10,"audienceSEIrank":8,"engagementSEI":33.03448275862069,"engagementSEIadj":33.03448275862069,"voiceSEI":42.76315789473684,"voiceSEIadj":42.76315789473684,"audienceSEI":62.564391332457404,"audienceSEIadj":62.564391332457404,"SEI":38.906076156839205,"SEIadj":38.906076156839205},"non_scoped":{"SEI":7.363842901070136,"SEIrank":18,"SEIadj":0,"audienceSEI":10.597039441729352,"audienceSEIadj":0,"audienceSEIrank":10,"audienceScore":1.720305674101311,"combinedScore":0.8446176486300575,"combinedScoreRank":25,"engagementSEI":3.6503581771071483,"engagementSEIadj":0,"engagementSEIrank":28,"engagementScore":0.7720576383740048,"voiceSEI":13.71308016877637,"voiceSEIadj":0,"voiceSEIrank":14,"voiceScore":1.275009807767752},"scoped":{"SEI":29.626068739408304,"SEIrank":10,"SEIadj":0,"audienceSEI":51.47921886261454,"audienceSEIadj":0,"audienceSEIrank":6,"audienceScore":2.7250092426311023,"combinedScore":1.5025344738541533,"combinedScoreRank":17,"engagementSEI":22.33100233100233,"engagementSEIadj":0,"engagementSEIrank":20,"engagementScore":1.3905823607966092,"voiceSEI":36.93181818181818,"voiceSEIadj":0,"voiceSEIrank":6,"voiceScore":2.2951977401129944}},"instagram":{"entityString":"536575feb08f37d80186a0f8","type":"instagram","profiles":0,"postsMade":0,"repliesMade":0,"repliesRcvd":0,"sharesMade":0,"sharesRcvd":0,"mentionsRcvd":0,"likesRcvd":0,"reachRcvd":0,"audience":0,"voice":0,"conversation":0,"engagement":0,"group_scoped":{"audienceScore":0,"voiceScore":0,"engagementScore":0,"combinedScore":0,"combinedScoreRank":148,"SEIrank":129,"engagementSEIrank":127,"voiceSEIrank":126,"audienceSEIrank":129,"engagementSEI":0,"engagementSEIadj":0,"voiceSEI":0,"voiceSEIadj":0,"audienceSEI":0,"audienceSEIadj":0,"SEI":0,"SEIadj":0},"non_scoped":{"SEI":0,"SEIrank":129,"SEIadj":0,"audienceSEI":0,"audienceSEIadj":0,"audienceSEIrank":129,"audienceScore":0,"combinedScore":0,"combinedScoreRank":129,"engagementSEI":0,"engagementSEIadj":0,"engagementSEIrank":127,"engagementScore":0,"voiceSEI":0,"voiceSEIadj":0,"voiceSEIrank":126,"voiceScore":0},"scoped":{"SEI":0,"SEIrank":117,"SEIadj":0,"audienceSEI":0,"audienceSEIadj":0,"audienceSEIrank":117,"audienceScore":0,"combinedScore":0,"combinedScoreRank":117,"engagementSEI":0,"engagementSEIadj":0,"engagementSEIrank":115,"engagementScore":0,"voiceSEI":0,"voiceSEIadj":0,"voiceSEIrank":114,"voiceScore":0}}},"month":{"boundaryQuantum":4987194,"combined":{"entityString":"536575feb08f37d80186a0f8","type":"combined","profiles":2,"postsMade":376,"repliesMade":0,"repliesRcvd":4541,"sharesMade":0,"sharesRcvd":830,"mentionsRcvd":0,"likesRcvd":28742,"reachRcvd":0,"audience":142094,"voice":376,"conversation":4917,"engagement":34113,"group_scoped":{"audienceScore":4.792909567368521,"voiceScore":5.972045743329097,"engagementScore":0.8656702479745707,"combinedScore":1.3173509887119947,"combinedScoreRank":30,"SEIrank":17,"engagementSEIrank":39,"voiceSEIrank":15,"audienceSEIrank":19,"engagementSEI":0.9366865465089459,"engagementSEIadj":0.9366865465089459,"voiceSEI":14.22087745839637,"voiceSEIadj":14.22087745839637,"audienceSEI":7.386103143670711,"audienceSEIadj":7.386103143670711,"SEI":5.56688547979135,"SEIadj":5.56688547979135},"non_scoped":{"SEI":4.18714984721765,"SEIrank":14,"SEIadj":0,"audienceSEI":5.582537431295745,"audienceSEIadj":0,"audienceSEIrank":10,"audienceScore":1.0286880712319468,"combinedScore":0.4534387692595869,"combinedScoreRank":11,"engagementSEI":0.9366865465089459,"engagementSEIadj":0,"engagementSEIrank":11,"engagementScore":0.39186517623192335,"voiceSEI":10.22294725394236,"voiceSEIadj":0,"voiceSEIrank":16,"voiceScore":0.9865141417851707},"scoped":{"SEI":35.91283615562129,"SEIrank":4,"SEIadj":0,"audienceSEI":72.88067785482745,"audienceSEIadj":0,"audienceSEIrank":3,"audienceScore":2.953294205209199,"combinedScore":3.8643494528769473,"combinedScoreRank":4,"engagementSEI":28.165327740944708,"engagementSEIadj":0,"engagementSEIrank":4,"engagementScore":4.01426698705804,"voiceSEI":39.08523908523909,"voiceSEIadj":0,"voiceSEIrank":8,"voiceScore":2.07688908528502}},"facebook":{"entityString":"536575feb08f37d80186a0f8","type":"facebook","profiles":1,"postsMade":39,"repliesMade":0,"repliesRcvd":4541,"sharesMade":0,"sharesRcvd":406,"mentionsRcvd":0,"likesRcvd":26971,"reachRcvd":0,"audience":82096,"voice":39,"conversation":4580,"engagement":31918,"group_scoped":{"audienceScore":3.9302516297455554,"voiceScore":2.008238928939238,"engagementScore":0.9282535989530318,"combinedScore":1.1323527669919684,"combinedScoreRank":30,"SEIrank":37,"engagementSEIrank":34,"voiceSEIrank":51,"audienceSEIrank":22,"engagementSEI":0.9512909696205626,"engagementSEIadj":0.9512909696205626,"voiceSEI":2.5742574257425743,"voiceSEIadj":2.5742574257425743,"audienceSEI":4.666945218990446,"audienceSEIadj":4.666945218990446,"SEI":1.8097463313941544,"SEIadj":1.8097463313941544},"non_scoped":{"SEI":1.785156199681745,"SEIrank":21,"SEIadj":0,"audienceSEI":4.421043901866353,"audienceSEIadj":0,"audienceSEIrank":13,"audienceScore":0.8431869129371716,"combinedScore":0.4374490032618005,"combinedScoreRank":9,"engagementSEI":0.9512909696205626,"engagementSEIadj":0,"engagementSEIrank":9,"engagementScore":0.4229016101212314,"voiceSEI":2.5742574257425743,"voiceSEIadj":0,"voiceSEIrank":42,"voiceScore":0.29356417011667296},"scoped":{"SEI":59.743872611326566,"SEIrank":3,"SEIadj":0,"audienceSEI":56.35287818673549,"audienceSEIadj":0,"audienceSEIrank":5,"audienceScore":3.456427732089801,"combinedScore":5.760489755208529,"combinedScoreRank":2,"engagementSEI":85.57104557640751,"engagementSEIadj":0,"engagementSEIrank":2,"engagementScore":6.162144838783788,"voiceSEI":9.219858156028367,"voiceSEIadj":0,"voiceSEIrank":34,"voiceScore":0.8347602739726028}},"twitter":{"entityString":"536575feb08f37d80186a0f8","type":"twitter","profiles":1,"postsMade":337,"repliesMade":0,"repliesRcvd":0,"sharesMade":0,"sharesRcvd":424,"mentionsRcvd":0,"likesRcvd":1771,"reachRcvd":0,"audience":59998,"voice":337,"conversation":337,"engagement":2195,"group_scoped":{"audienceScore":10.478371047994285,"voiceScore":9.426573426573427,"engagementScore":6.686568982849483,"combinedScore":7.01315930829292,"combinedScoreRank":22,"SEIrank":12,"engagementSEIrank":15,"voiceSEIrank":9,"audienceSEIrank":8,"engagementSEI":31.007204407402178,"engagementSEIadj":31.007204407402178,"voiceSEI":50.074294205052006,"voiceSEIadj":50.074294205052006,"audienceSEI":62.564391332457404,"audienceSEIadj":62.564391332457404,"SEI":39.88305003920265,"SEIadj":39.88305003920265},"non_scoped":{"SEI":7.987265400277284,"SEIrank":14,"SEIadj":0,"audienceSEI":10.597039441729352,"audienceSEIadj":0,"audienceSEIrank":10,"audienceScore":1.720305674101311,"combinedScore":0.8827795264553207,"combinedScoreRank":22,"engagementSEI":3.502976332966279,"engagementSEIadj":0,"engagementSEIrank":24,"engagementScore":0.8060695753720957,"voiceSEI":16.085918854415272,"voiceSEIadj":0,"voiceSEIrank":12,"voiceScore":1.42603249830738},"scoped":{"SEI":31.46170468590744,"SEIrank":8,"SEIadj":0,"audienceSEI":51.47921886261454,"audienceSEIadj":0,"audienceSEIrank":6,"audienceScore":2.7250092426311023,"combinedScore":1.655231318395531,"combinedScoreRank":15,"engagementSEI":19.257764520091243,"engagementSEIadj":0,"engagementSEIrank":16,"engagementScore":1.5449369004131563,"voiceSEI":49.1970802919708,"voiceSEIadj":0,"voiceSEIrank":4,"voiceScore":2.5707529178427033}},"instagram":{"entityString":"536575feb08f37d80186a0f8","type":"instagram","profiles":0,"postsMade":0,"repliesMade":0,"repliesRcvd":0,"sharesMade":0,"sharesRcvd":0,"mentionsRcvd":0,"likesRcvd":0,"reachRcvd":0,"audience":0,"voice":0,"conversation":0,"engagement":0,"group_scoped":{"audienceScore":0,"voiceScore":0,"engagementScore":0,"combinedScore":0,"combinedScoreRank":148,"SEIrank":129,"engagementSEIrank":127,"voiceSEIrank":127,"audienceSEIrank":129,"engagementSEI":0,"engagementSEIadj":0,"voiceSEI":0,"voiceSEIadj":0,"audienceSEI":0,"audienceSEIadj":0,"SEI":0,"SEIadj":0},"non_scoped":{"SEI":0,"SEIrank":129,"SEIadj":0,"audienceSEI":0,"audienceSEIadj":0,"audienceSEIrank":129,"audienceScore":0,"combinedScore":0,"combinedScoreRank":129,"engagementSEI":0,"engagementSEIadj":0,"engagementSEIrank":127,"engagementScore":0,"voiceSEI":0,"voiceSEIadj":0,"voiceSEIrank":127,"voiceScore":0},"scoped":{"SEI":0,"SEIrank":117,"SEIadj":0,"audienceSEI":0,"audienceSEIadj":0,"audienceSEIrank":117,"audienceScore":0,"combinedScore":0,"combinedScoreRank":117,"engagementSEI":0,"engagementSEIadj":0,"engagementSEIrank":115,"engagementScore":0,"voiceSEI":0,"voiceSEIadj":0,"voiceSEIrank":115,"voiceScore":0}}},"quarter":{"boundaryQuantum":4969914,"combined":{"entityString":"536575feb08f37d80186a0f8","type":"combined","profiles":2,"postsMade":1126,"repliesMade":0,"repliesRcvd":15120,"sharesMade":0,"sharesRcvd":2318,"mentionsRcvd":0,"likesRcvd":80324,"reachRcvd":0,"audience":142094,"voice":1126,"conversation":16246,"engagement":97762,"group_scoped":{"audienceScore":4.792909567368521,"voiceScore":6.3286870503597115,"engagementScore":0.7962553307943168,"combinedScore":1.2727096286012967,"combinedScoreRank":29,"SEIrank":15,"engagementSEIrank":37,"voiceSEIrank":13,"audienceSEIrank":19,"engagementSEI":0.8583467908223743,"engagementSEIadj":0.8583467908223743,"voiceSEI":14.555325749741469,"voiceSEIadj":14.555325749741469,"audienceSEI":7.386103143670711,"audienceSEIadj":7.386103143670711,"SEI":5.620216113782937,"SEIadj":5.620216113782937},"non_scoped":{"SEI":4.228796614446913,"SEIrank":12,"SEIadj":0,"audienceSEI":5.582537431295745,"audienceSEIadj":0,"audienceSEIrank":10,"audienceScore":1.0286880712319468,"combinedScore":0.41999954740425227,"combinedScoreRank":11,"engagementSEI":0.8583467908223743,"engagementSEIadj":0,"engagementSEIrank":13,"engagementScore":0.3533975865636475,"voiceSEI":10.51844932274638,"voiceSEIadj":0,"voiceSEIrank":14,"voiceScore":1.0101463187074433},"scoped":{"SEI":35.06807255812788,"SEIrank":4,"SEIadj":0,"audienceSEI":72.88067785482745,"audienceSEIadj":0,"audienceSEIrank":3,"audienceScore":2.953294205209199,"combinedScore":3.494878414013809,"combinedScoreRank":5,"engagementSEI":25.548072827243058,"engagementSEIadj":0,"engagementSEIrank":6,"engagementScore":3.6002401093012892,"voiceSEI":41.503870254331,"voiceSEIadj":0,"voiceSEIrank":6,"voiceScore":2.139952107643772}},"facebook":{"entityString":"536575feb08f37d80186a0f8","type":"facebook","profiles":1,"postsMade":137,"repliesMade":0,"repliesRcvd":15120,"sharesMade":0,"sharesRcvd":1252,"mentionsRcvd":0,"likesRcvd":75192,"reachRcvd":0,"audience":82096,"voice":137,"conversation":15257,"engagement":91564,"group_scoped":{"audienceScore":3.9302516297455554,"voiceScore":2.3087293562521065,"engagementScore":0.833497944110014,"combinedScore":1.0620971989988957,"combinedScoreRank":29,"SEIrank":37,"engagementSEIrank":33,"voiceSEIrank":50,"audienceSEIrank":22,"engagementSEI":0.8549460145158936,"engagementSEIadj":0.8549460145158936,"voiceSEI":2.99781181619256,"voiceSEIadj":2.99781181619256,"audienceSEI":4.666945218990446,"audienceSEIadj":4.666945218990446,"SEI":1.879005675466349,"SEIadj":1.879005675466349},"non_scoped":{"SEI":1.8544155437539396,"SEIrank":22,"SEIadj":0,"audienceSEI":4.421043901866353,"audienceSEIadj":0,"audienceSEIrank":13,"audienceScore":0.8431869129371716,"combinedScore":0.39550308683947794,"combinedScoreRank":11,"engagementSEI":0.8549460145158936,"engagementSEIadj":0,"engagementSEIrank":10,"engagementScore":0.37355017988454065,"voiceSEI":2.99781181619256,"voiceSEIadj":0,"voiceSEIrank":39,"voiceScore":0.34297158593065463},"scoped":{"SEI":57.641910752100756,"SEIrank":4,"SEIadj":0,"audienceSEI":56.35287818673549,"audienceSEIadj":0,"audienceSEIrank":5,"audienceScore":3.456427732089801,"combinedScore":4.868998089867526,"combinedScoreRank":3,"engagementSEI":79.35932882066928,"engagementSEIadj":0,"engagementSEIrank":3,"engagementScore":5.164753283248621,"voiceSEI":14.636752136752138,"voiceSEIadj":0,"voiceSEIrank":31,"voiceScore":0.9579749667855395}},"twitter":{"entityString":"536575feb08f37d80186a0f8","type":"twitter","profiles":1,"postsMade":989,"repliesMade":0,"repliesRcvd":0,"sharesMade":0,"sharesRcvd":1066,"mentionsRcvd":0,"likesRcvd":5132,"reachRcvd":0,"audience":59998,"voice":989,"conversation":989,"engagement":6198,"group_scoped":{"audienceScore":10.478371047994285,"voiceScore":9.769831077743751,"engagementScore":7.093075153637518,"combinedScore":7.396177744560668,"combinedScoreRank":19,"SEIrank":10,"engagementSEIrank":16,"voiceSEIrank":9,"audienceSEIrank":8,"engagementSEI":29.780895637132428,"engagementSEIadj":29.780895637132428,"voiceSEI":45.015930814747385,"voiceSEIadj":45.015930814747385,"audienceSEI":62.564391332457404,"audienceSEIadj":62.564391332457404,"SEI":37.62975575994941,"SEIadj":37.62975575994941},"non_scoped":{"SEI":8.021599618981679,"SEIrank":12,"SEIadj":0,"audienceSEI":10.597039441729352,"audienceSEIadj":0,"audienceSEIrank":10,"audienceScore":1.720305674101311,"combinedScore":0.8662347907720265,"combinedScoreRank":22,"engagementSEI":3.3532428747646565,"engagementSEIadj":0,"engagementSEIrank":24,"engagementScore":0.7869366984463142,"voiceSEI":16.499833166499833,"voiceSEIadj":0,"voiceSEIrank":12,"voiceScore":1.4395295693055616},"scoped":{"SEI":33.115204638689455,"SEIrank":6,"SEIadj":0,"audienceSEI":51.47921886261454,"audienceSEIadj":0,"audienceSEIrank":6,"audienceScore":2.7250092426311023,"combinedScore":1.674517807213857,"combinedScoreRank":14,"engagementSEI":20.420400632577753,"engagementSEIadj":0,"engagementSEIrank":16,"engagementScore":1.5628664150144105,"voiceSEI":52.38347457627118,"voiceSEIadj":0,"voiceSEIrank":4,"voiceScore":2.6337514313866475}},"instagram":{"entityString":"536575feb08f37d80186a0f8","type":"instagram","profiles":0,"postsMade":0,"repliesMade":0,"repliesRcvd":0,"sharesMade":0,"sharesRcvd":0,"mentionsRcvd":0,"likesRcvd":0,"reachRcvd":0,"audience":0,"voice":0,"conversation":0,"engagement":0,"group_scoped":{"audienceScore":0,"voiceScore":0,"engagementScore":0,"combinedScore":0,"combinedScoreRank":148,"SEIrank":129,"engagementSEIrank":128,"voiceSEIrank":128,"audienceSEIrank":129,"engagementSEI":0,"engagementSEIadj":0,"voiceSEI":0,"voiceSEIadj":0,"audienceSEI":0,"audienceSEIadj":0,"SEI":0,"SEIadj":0},"non_scoped":{"SEI":0,"SEIrank":129,"SEIadj":0,"audienceSEI":0,"audienceSEIadj":0,"audienceSEIrank":129,"audienceScore":0,"combinedScore":0,"combinedScoreRank":129,"engagementSEI":0,"engagementSEIadj":0,"engagementSEIrank":128,"engagementScore":0,"voiceSEI":0,"voiceSEIadj":0,"voiceSEIrank":128,"voiceScore":0},"scoped":{"SEI":0,"SEIrank":117,"SEIadj":0,"audienceSEI":0,"audienceSEIadj":0,"audienceSEIrank":117,"audienceScore":0,"combinedScore":0,"combinedScoreRank":117,"engagementSEI":0,"engagementSEIadj":0,"engagementSEIrank":116,"engagementScore":0,"voiceSEI":0,"voiceSEIadj":0,"voiceSEIrank":116,"voiceScore":0}}},"blended":{"combined":{"non_scoped":{"SEI":4.064507147101951,"SEIadj":71.21935214413058,"SEIrank":14,"audienceSEI":5.582537431295745,"audienceSEIadj":71.67476122938872,"audienceSEIrank":10,"engagementSEI":0.8808773063476566,"engagementSEIadj":70.26426319190429,"engagementSEIrank":12,"voiceSEI":9.925756733879275,"voiceSEIadj":72.97772702016378,"voiceSEIrank":15},"scoped":{"SEI":44.58210748515202,"SEIadj":83.37463224554561,"SEIrank":4,"compCharisma":9,"compInfluence":9,"compEva":26.582107485152026,"audienceSEI":72.88067785482745,"audienceSEIadj":91.86420335644823,"audienceSEIrank":3,"engagementSEI":26.615226128820435,"engagementSEIadj":77.98456783864613,"engagementSEIrank":5,"voiceSEI":39.06417918176763,"voiceSEIadj":81.71925375453029,"voiceSEIrank":7}},"facebook":{"non_scoped":{"SEI":1.725263095075491,"SEIadj":60.6901052380302,"SEIrank":24,"audienceSEI":4.421043901866353,"audienceSEIadj":71.3263131705599,"audienceSEIrank":13,"engagementSEI":0.8927100669600884,"engagementSEIadj":70.26781302008803,"engagementSEIrank":9,"voiceSEI":2.4917755490426754,"voiceSEIadj":60.99671021961707,"voiceSEIrank":44},"scoped":{"SEI":54.11544869351346,"SEIadj":86.23463460805404,"SEIrank":3,"audienceSEI":56.35287818673549,"audienceSEIadj":86.90586345602065,"audienceSEIrank":5,"engagementSEI":75.11625739550968,"engagementSEIadj":92.5348772186529,"engagementSEIrank":2,"voiceSEI":11.36802145844699,"voiceSEIadj":64.54720858337879,"voiceSEIrank":36}},"twitter":{"non_scoped":{"SEI":7.810627470965072,"SEIadj":72.34318824128952,"SEIrank":14,"audienceSEI":10.597039441729352,"audienceSEIadj":73.1791118325188,"audienceSEIrank":10,"engagementSEI":3.4137367780504784,"engagementSEIadj":61.365494711220194,"engagementSEIrank":26,"voiceSEI":15.6756048665395,"voiceSEIadj":74.70268145996185,"voiceSEIrank":12},"scoped":{"SEI":31.97619129710831,"SEIadj":79.59285738913249,"SEIrank":7,"audienceSEI":51.479218862614545,"audienceSEIadj":85.44376565878436,"audienceSEIrank":6,"engagementSEI":20.649229523390495,"engagementSEIadj":76.19476885701715,"engagementSEIrank":18,"voiceSEI":48.12910565604189,"voiceSEIadj":84.43873169681257,"voiceSEIrank":4}},"instagram":{"non_scoped":{"SEI":0,"SEIadj":0,"SEIrank":129,"audienceSEI":0,"audienceSEIadj":0,"audienceSEIrank":129,"engagementSEI":0,"engagementSEIadj":0,"engagementSEIrank":128,"voiceSEI":0,"voiceSEIadj":0,"voiceSEIrank":128},"scoped":{"SEI":0,"SEIadj":0,"SEIrank":117,"audienceSEI":0,"audienceSEIadj":0,"audienceSEIrank":117,"engagementSEI":0,"engagementSEIadj":0,"engagementSEIrank":116,"voiceSEI":0,"voiceSEIadj":0,"voiceSEIrank":116}},"influence":{"instagram":{"scope":"individual","ratio":0,"calculated":false},"combined":{"ratio":1.5,"bottom":false,"scope":"individual","calculated":true},"facebook":{"ratio":1.82,"bottom":false,"scope":"individual","calculated":true},"twitter":{"ratio":0.64,"bottom":false,"scope":"individual","calculated":true}},"charisma":{"instagram":{"scope":"individual","ratio":0,"calculated":false},"combined":{"ratio":1.67,"bottom":false,"scope":"individual","calculated":true},"facebook":{"ratio":2,"bottom":false,"scope":"individual","calculated":true},"twitter":{"ratio":0.58,"bottom":false,"scope":"individual","calculated":true}}},"scope":"individual"}}