{"scoreEntityString":"591d1494ab33fb0001804f89.asset.536575ffb08f37d80186deb6","timeQuantum":4995834,"scoreEntityType":"asset","scoreProfileID":"591d1494ab33fb0001804f89","data":{"scoreEntityString":"591d1494ab33fb0001804f89.asset.536575ffb08f37d80186deb6","scoreProfileID":"591d1494ab33fb0001804f89","scoreEntityType":"asset","entityID":"asset.536575ffb08f37d80186deb6","object_version":"1.2","score_engine_version":"3.0.20","timestamp":4995834,"start_quantum":4969914,"end_quantum":4995833,"schedule_options":{"interval":15,"offset":"1"},"_15min":{"boundaryQuantum":4995831,"combined":{"entityString":"536575ffb08f37d80186deb6","type":"combined","profiles":2,"postsMade":0,"repliesMade":0,"repliesRcvd":0,"sharesMade":0,"sharesRcvd":0,"mentionsRcvd":0,"likesRcvd":0,"reachRcvd":0,"audience":13343,"voice":0,"conversation":0,"engagement":0,"group_scoped":{"audienceScore":0.33428041524627344,"voiceScore":0,"engagementScore":0,"combinedScore":0.33428041524627344,"engagementSEI":0,"engagementSEIadj":0,"voiceSEI":0,"voiceSEIadj":0,"audienceSEI":0.5242149348021671,"audienceSEIadj":0.5242149348021671,"SEI":0.05242149348021671,"SEIadj":0.05242149348021671,"combinedScoreRank":161,"SEIrank":160,"engagementSEIrank":38,"voiceSEIrank":32,"audienceSEIrank":159},"non_scoped":{"SEI":0.05242149348021671,"SEIrank":114,"SEIadj":0,"audienceSEI":0.5242149348021671,"audienceSEIadj":0,"audienceSEIrank":113,"audienceScore":0.09659651311419107,"combinedScore":0.004829825655709554,"combinedScoreRank":114,"engagementSEI":0,"engagementSEIadj":0,"engagementSEIrank":38,"engagementScore":0,"voiceSEI":0,"voiceSEIadj":0,"voiceSEIrank":32,"voiceScore":0},"scoped":{"SEI":0.6843687169176481,"SEIrank":102,"SEIadj":0,"audienceSEI":6.843687169176481,"audienceSEIadj":0,"audienceSEIrank":101,"audienceScore":0.277322086647616,"combinedScore":0.0138661043323808,"combinedScoreRank":102,"engagementSEI":0,"engagementSEIadj":0,"engagementSEIrank":32,"engagementScore":0,"voiceSEI":0,"voiceSEIadj":0,"voiceSEIrank":30,"voiceScore":0}},"facebook":{"entityString":"536575ffb08f37d80186deb6","type":"facebook","profiles":1,"postsMade":0,"repliesMade":0,"repliesRcvd":0,"sharesMade":0,"sharesRcvd":0,"mentionsRcvd":0,"likesRcvd":0,"reachRcvd":0,"audience":4068,"voice":0,"conversation":0,"engagement":0,"group_scoped":{"audienceScore":0.1555975531252044,"voiceScore":0,"engagementScore":0,"combinedScore":0.1555975531252044,"engagementSEI":0,"engagementSEIadj":0,"voiceSEI":0,"voiceSEIadj":0,"audienceSEI":0.21907043696151243,"audienceSEIadj":0.21907043696151243,"SEI":0.021907043696151245,"SEIadj":0.021907043696151245,"combinedScoreRank":141,"SEIrank":138,"engagementSEIrank":36,"voiceSEIrank":31,"audienceSEIrank":138},"non_scoped":{"SEI":0.021907043696151245,"SEIrank":115,"SEIadj":0,"audienceSEI":0.21907043696151243,"audienceSEIadj":0,"audienceSEIrank":115,"audienceScore":0.04178138230642679,"combinedScore":0.0020890691153213395,"combinedScoreRank":115,"engagementSEI":0,"engagementSEIadj":0,"engagementSEIrank":36,"engagementScore":0,"voiceSEI":0,"voiceSEIadj":0,"voiceSEIrank":31,"voiceScore":0},"scoped":{"SEI":0.27923834104419215,"SEIrank":102,"SEIadj":0,"audienceSEI":2.7923834104419214,"audienceSEIadj":0,"audienceSEIrank":102,"audienceScore":0.1712720231697197,"combinedScore":0.008563601158485985,"combinedScoreRank":102,"engagementSEI":0,"engagementSEIadj":0,"engagementSEIrank":30,"engagementScore":0,"voiceSEI":0,"voiceSEIadj":0,"voiceSEIrank":30,"voiceScore":0}},"twitter":{"entityString":"536575ffb08f37d80186deb6","type":"twitter","profiles":1,"postsMade":0,"repliesMade":0,"repliesRcvd":0,"sharesMade":0,"sharesRcvd":0,"mentionsRcvd":0,"likesRcvd":0,"reachRcvd":0,"audience":9275,"voice":0,"conversation":0,"engagement":0,"group_scoped":{"audienceScore":0.7390991835245031,"voiceScore":0,"engagementScore":0,"combinedScore":0.7390991835245031,"engagementSEI":0,"engagementSEIadj":0,"voiceSEI":0,"voiceSEIadj":0,"audienceSEI":1.6381802863768753,"audienceSEIadj":1.6381802863768753,"SEI":0.16381802863768755,"SEIadj":0.16381802863768755,"combinedScoreRank":163,"SEIrank":182,"engagementSEIrank":32,"voiceSEIrank":31,"audienceSEIrank":182},"non_scoped":{"SEI":0.16381802863768755,"SEIrank":87,"SEIadj":0,"audienceSEI":1.6381802863768753,"audienceSEIadj":0,"audienceSEIrank":86,"audienceScore":0.26593945010316444,"combinedScore":0.013296972505158223,"combinedScoreRank":87,"engagementSEI":0,"engagementSEIadj":0,"engagementSEIrank":32,"engagementScore":0,"voiceSEI":0,"voiceSEIadj":0,"voiceSEIrank":31,"voiceScore":0},"scoped":{"SEI":0.7958094518996466,"SEIrank":75,"SEIadj":0,"audienceSEI":7.958094518996465,"audienceSEIadj":0,"audienceSEIrank":74,"audienceScore":0.42125505392518875,"combinedScore":0.060179293417884104,"combinedScoreRank":75,"engagementSEI":0,"engagementSEIadj":0,"engagementSEIrank":30,"engagementScore":0,"voiceSEI":0,"voiceSEIadj":0,"voiceSEIrank":29,"voiceScore":0}},"instagram":{"entityString":"536575ffb08f37d80186deb6","type":"instagram","profiles":0,"postsMade":0,"repliesMade":0,"repliesRcvd":0,"sharesMade":0,"sharesRcvd":0,"mentionsRcvd":0,"likesRcvd":0,"reachRcvd":0,"audience":0,"voice":0,"conversation":0,"engagement":0,"group_scoped":{"audienceScore":0,"voiceScore":0,"engagementScore":0,"combinedScore":0,"engagementSEI":0,"engagementSEIadj":0,"voiceSEI":0,"voiceSEIadj":0,"audienceSEI":0,"audienceSEIadj":0,"SEI":0,"SEIadj":0,"combinedScoreRank":93,"SEIrank":56,"engagementSEIrank":33,"voiceSEIrank":30,"audienceSEIrank":56},"non_scoped":{"SEI":0,"SEIrank":56,"SEIadj":0,"audienceSEI":0,"audienceSEIadj":0,"audienceSEIrank":56,"audienceScore":0,"combinedScore":0,"combinedScoreRank":56,"engagementSEI":0,"engagementSEIadj":0,"engagementSEIrank":33,"engagementScore":0,"voiceSEI":0,"voiceSEIadj":0,"voiceSEIrank":30,"voiceScore":0},"scoped":{"SEI":0,"SEIrank":51,"SEIadj":0,"audienceSEI":0,"audienceSEIadj":0,"audienceSEIrank":51,"audienceScore":0,"combinedScore":0,"combinedScoreRank":51,"engagementSEI":0,"engagementSEIadj":0,"engagementSEIrank":30,"engagementScore":0,"voiceSEI":0,"voiceSEIadj":0,"voiceSEIrank":29,"voiceScore":0}}},"hour":{"boundaryQuantum":4995822,"combined":{"entityString":"536575ffb08f37d80186deb6","type":"combined","profiles":2,"postsMade":0,"repliesMade":0,"repliesRcvd":0,"sharesMade":0,"sharesRcvd":0,"mentionsRcvd":0,"likesRcvd":0,"reachRcvd":0,"audience":13343,"voice":0,"conversation":0,"engagement":0,"group_scoped":{"audienceScore":0.33428041524627344,"voiceScore":0,"engagementScore":0,"combinedScore":0.33428041524627344,"combinedScoreRank":150,"SEIrank":166,"engagementSEIrank":83,"voiceSEIrank":46,"audienceSEIrank":159,"engagementSEI":0,"engagementSEIadj":0,"voiceSEI":0,"voiceSEIadj":0,"audienceSEI":0.5242149348021671,"audienceSEIadj":0.5242149348021671,"SEI":0.05242149348021671,"SEIadj":0.05242149348021671},"non_scoped":{"SEI":0.05242149348021671,"SEIrank":126,"SEIadj":0,"audienceSEI":0.5242149348021671,"audienceSEIadj":0,"audienceSEIrank":113,"audienceScore":0.09659651311419107,"combinedScore":0.004829825655709554,"combinedScoreRank":127,"engagementSEI":0,"engagementSEIadj":0,"engagementSEIrank":83,"engagementScore":0,"voiceSEI":0,"voiceSEIadj":0,"voiceSEIrank":46,"voiceScore":0},"scoped":{"SEI":0.6843687169176481,"SEIrank":114,"SEIadj":0,"audienceSEI":6.843687169176481,"audienceSEIadj":0,"audienceSEIrank":101,"audienceScore":0.277322086647616,"combinedScore":0.0138661043323808,"combinedScoreRank":115,"engagementSEI":0,"engagementSEIadj":0,"engagementSEIrank":74,"engagementScore":0,"voiceSEI":0,"voiceSEIadj":0,"voiceSEIrank":39,"voiceScore":0}},"facebook":{"entityString":"536575ffb08f37d80186deb6","type":"facebook","profiles":1,"postsMade":0,"repliesMade":0,"repliesRcvd":0,"sharesMade":0,"sharesRcvd":0,"mentionsRcvd":0,"likesRcvd":0,"reachRcvd":0,"audience":4068,"voice":0,"conversation":0,"engagement":0,"group_scoped":{"audienceScore":0.1555975531252044,"voiceScore":0,"engagementScore":0,"combinedScore":0.1555975531252044,"combinedScoreRank":141,"SEIrank":139,"engagementSEIrank":64,"voiceSEIrank":40,"audienceSEIrank":138,"engagementSEI":0,"engagementSEIadj":0,"voiceSEI":0,"voiceSEIadj":0,"audienceSEI":0.21907043696151243,"audienceSEIadj":0.21907043696151243,"SEI":0.021907043696151245,"SEIadj":0.021907043696151245},"non_scoped":{"SEI":0.021907043696151245,"SEIrank":117,"SEIadj":0,"audienceSEI":0.21907043696151243,"audienceSEIadj":0,"audienceSEIrank":115,"audienceScore":0.04178138230642679,"combinedScore":0.0020890691153213395,"combinedScoreRank":117,"engagementSEI":0,"engagementSEIadj":0,"engagementSEIrank":64,"engagementScore":0,"voiceSEI":0,"voiceSEIadj":0,"voiceSEIrank":40,"voiceScore":0},"scoped":{"SEI":0.27923834104419215,"SEIrank":104,"SEIadj":0,"audienceSEI":2.7923834104419214,"audienceSEIadj":0,"audienceSEIrank":102,"audienceScore":0.1712720231697197,"combinedScore":0.008563601158485985,"combinedScoreRank":104,"engagementSEI":0,"engagementSEIadj":0,"engagementSEIrank":55,"engagementScore":0,"voiceSEI":0,"voiceSEIadj":0,"voiceSEIrank":33,"voiceScore":0}},"twitter":{"entityString":"536575ffb08f37d80186deb6","type":"twitter","profiles":1,"postsMade":0,"repliesMade":0,"repliesRcvd":0,"sharesMade":0,"sharesRcvd":0,"mentionsRcvd":0,"likesRcvd":0,"reachRcvd":0,"audience":9275,"voice":0,"conversation":0,"engagement":0,"group_scoped":{"audienceScore":0.7390991835245031,"voiceScore":0,"engagementScore":0,"combinedScore":0.7390991835245031,"combinedScoreRank":167,"SEIrank":188,"engagementSEIrank":56,"voiceSEIrank":44,"audienceSEIrank":182,"engagementSEI":0,"engagementSEIadj":0,"voiceSEI":0,"voiceSEIadj":0,"audienceSEI":1.6381802863768753,"audienceSEIadj":1.6381802863768753,"SEI":0.16381802863768755,"SEIadj":0.16381802863768755},"non_scoped":{"SEI":0.16381802863768755,"SEIrank":101,"SEIadj":0,"audienceSEI":1.6381802863768753,"audienceSEIadj":0,"audienceSEIrank":86,"audienceScore":0.26593945010316444,"combinedScore":0.013296972505158223,"combinedScoreRank":101,"engagementSEI":0,"engagementSEIadj":0,"engagementSEIrank":56,"engagementScore":0,"voiceSEI":0,"voiceSEIadj":0,"voiceSEIrank":44,"voiceScore":0},"scoped":{"SEI":0.7958094518996466,"SEIrank":89,"SEIadj":0,"audienceSEI":7.958094518996465,"audienceSEIadj":0,"audienceSEIrank":74,"audienceScore":0.42125505392518875,"combinedScore":0.02106275269625944,"combinedScoreRank":89,"engagementSEI":0,"engagementSEIadj":0,"engagementSEIrank":48,"engagementScore":0,"voiceSEI":0,"voiceSEIadj":0,"voiceSEIrank":37,"voiceScore":0}},"instagram":{"entityString":"536575ffb08f37d80186deb6","type":"instagram","profiles":0,"postsMade":0,"repliesMade":0,"repliesRcvd":0,"sharesMade":0,"sharesRcvd":0,"mentionsRcvd":0,"likesRcvd":0,"reachRcvd":0,"audience":0,"voice":0,"conversation":0,"engagement":0,"group_scoped":{"audienceScore":0,"voiceScore":0,"engagementScore":0,"combinedScore":0,"combinedScoreRank":93,"SEIrank":56,"engagementSEIrank":38,"voiceSEIrank":32,"audienceSEIrank":56,"engagementSEI":0,"engagementSEIadj":0,"voiceSEI":0,"voiceSEIadj":0,"audienceSEI":0,"audienceSEIadj":0,"SEI":0,"SEIadj":0},"non_scoped":{"SEI":0,"SEIrank":56,"SEIadj":0,"audienceSEI":0,"audienceSEIadj":0,"audienceSEIrank":56,"audienceScore":0,"combinedScore":0,"combinedScoreRank":56,"engagementSEI":0,"engagementSEIadj":0,"engagementSEIrank":38,"engagementScore":0,"voiceSEI":0,"voiceSEIadj":0,"voiceSEIrank":32,"voiceScore":0},"scoped":{"SEI":0,"SEIrank":51,"SEIadj":0,"audienceSEI":0,"audienceSEIadj":0,"audienceSEIrank":51,"audienceScore":0,"combinedScore":0,"combinedScoreRank":51,"engagementSEI":0,"engagementSEIadj":0,"engagementSEIrank":33,"engagementScore":0,"voiceSEI":0,"voiceSEIadj":0,"voiceSEIrank":29,"voiceScore":0}}},"today":{"boundaryQuantum":4995546,"combined":{"entityString":"536575ffb08f37d80186deb6","type":"combined","profiles":2,"postsMade":2,"repliesMade":0,"repliesRcvd":0,"sharesMade":0,"sharesRcvd":8,"mentionsRcvd":0,"likesRcvd":8,"reachRcvd":0,"audience":13343,"voice":2,"conversation":2,"engagement":16,"group_scoped":{"audienceScore":0.33428041524627344,"voiceScore":0.6329113924050633,"engagementScore":0.016630287911859474,"combinedScore":0.06332684950324037,"combinedScoreRank":211,"SEIrank":128,"engagementSEIrank":137,"voiceSEIrank":109,"audienceSEIrank":159,"engagementSEI":0.018314179753674283,"engagementSEIadj":0.018314179753674283,"voiceSEI":1.36986301369863,"voiceSEIadj":1.36986301369863,"audienceSEI":0.5242149348021671,"audienceSEIadj":0.5242149348021671,"SEI":0.4743689054420103,"SEIadj":0.4743689054420103},"non_scoped":{"SEI":0.4731362968601458,"SEIrank":110,"SEIadj":0,"audienceSEI":0.5242149348021671,"audienceSEIadj":0,"audienceSEIrank":113,"audienceScore":0.09659651311419107,"combinedScore":0.017166192695492022,"combinedScoreRank":116,"engagementSEI":0.016259832117233388,"engagementSEIadj":0,"engagementSEIrank":101,"engagementScore":0.005953333308527778,"voiceSEI":1.36986301369863,"voiceSEIadj":0,"voiceSEIrank":87,"voiceScore":0.13956734124214934},"scoped":{"SEI":3.4131872452084715,"SEIrank":107,"SEIadj":0,"audienceSEI":6.843687169176481,"audienceSEIadj":0,"audienceSEIrank":101,"audienceScore":0.277322086647616,"combinedScore":0.08979591962037795,"combinedScoreRank":98,"engagementSEI":0.8443271767810026,"engagementSEIadj":0,"engagementSEIrank":91,"engagementScore":0.06618133686300463,"voiceSEI":7.4074074074074066,"voiceSEIadj":0,"voiceSEIrank":76,"voiceScore":0.32733224222585927}},"facebook":{"entityString":"536575ffb08f37d80186deb6","type":"facebook","profiles":1,"postsMade":1,"repliesMade":0,"repliesRcvd":0,"sharesMade":0,"sharesRcvd":0,"mentionsRcvd":0,"likesRcvd":2,"reachRcvd":0,"audience":4068,"voice":1,"conversation":1,"engagement":2,"group_scoped":{"audienceScore":0.1555975531252044,"voiceScore":0.8064516129032258,"engagementScore":0.00239652982481367,"combinedScore":0.05025933514375382,"combinedScoreRank":162,"SEIrank":73,"engagementSEIrank":97,"voiceSEIrank":64,"audienceSEIrank":138,"engagementSEI":0.0026319252533228057,"engagementSEIadj":0.0026319252533228057,"voiceSEI":1.9607843137254901,"voiceSEIadj":1.9607843137254901,"audienceSEI":0.21907043696151243,"audienceSEIadj":0.21907043696151243,"SEI":0.6117214929657919,"SEIadj":0.6117214929657919},"non_scoped":{"SEI":0.4778631676042184,"SEIrank":71,"SEIadj":0,"audienceSEI":0.21907043696151243,"audienceSEIadj":0,"audienceSEIrank":115,"audienceScore":0.04178138230642679,"combinedScore":0.012751135550689654,"combinedScoreRank":90,"engagementSEI":0.002351115604354266,"engagementSEIadj":0,"engagementSEIrank":89,"engagementScore":0.0008673816782968093,"voiceSEI":1.5151515151515151,"voiceSEIadj":0,"voiceSEIrank":49,"voiceScore":0.1976284584980237},"scoped":{"SEI":2.848602502893903,"SEIrank":70,"SEIadj":0,"audienceSEI":2.7923834104419214,"audienceSEIadj":0,"audienceSEIrank":102,"audienceScore":0.1712720231697197,"combinedScore":0.048887787234815475,"combinedScoreRank":84,"engagementSEI":0.11560693641618498,"engagementSEIadj":0,"engagementSEIrank":79,"engagementScore":0.011134617525887985,"voiceSEI":8.333333333333332,"voiceSEIadj":0,"voiceSEIrank":40,"voiceScore":0.6060606060606061}},"twitter":{"entityString":"536575ffb08f37d80186deb6","type":"twitter","profiles":1,"postsMade":1,"repliesMade":0,"repliesRcvd":0,"sharesMade":0,"sharesRcvd":8,"mentionsRcvd":0,"likesRcvd":6,"reachRcvd":0,"audience":9275,"voice":1,"conversation":1,"engagement":14,"group_scoped":{"audienceScore":0.7390991835245031,"voiceScore":0.5376344086021506,"engagementScore":0.4068584713746004,"combinedScore":0.430009303843473,"combinedScoreRank":178,"SEIrank":140,"engagementSEIrank":119,"voiceSEIrank":123,"audienceSEIrank":182,"engagementSEI":0.6799417192812044,"engagementSEIadj":0.6799417192812044,"voiceSEI":1.1235955056179776,"voiceSEIadj":1.1235955056179776,"audienceSEI":1.6381802863768753,"audienceSEIadj":1.6381802863768753,"SEI":0.9088617118918034,"SEIadj":0.9088617118918034},"non_scoped":{"SEI":0.9088617118918034,"SEIrank":96,"SEIadj":0,"audienceSEI":1.6381802863768753,"audienceSEIadj":0,"audienceSEIrank":86,"audienceScore":0.26593945010316444,"combinedScore":0.16534137142953592,"combinedScoreRank":73,"engagementSEI":0.6799417192812044,"engagementSEIadj":0,"engagementSEIrank":68,"engagementScore":0.16263940520446096,"voiceSEI":1.1235955056179776,"voiceSEIadj":0,"voiceSEIrank":90,"voiceScore":0.11337868480725624},"scoped":{"SEI":5.078880682241922,"SEIrank":79,"SEIadj":0,"audienceSEI":7.958094518996465,"audienceSEIadj":0,"audienceSEIrank":74,"audienceScore":0.42125505392518875,"combinedScore":0.3440771005902493,"combinedScoreRank":62,"engagementSEI":4.964539007092199,"engagementSEIadj":0,"engagementSEIrank":58,"engagementScore":0.34619188921859545,"voiceSEI":4.3478260869565215,"voiceSEIadj":0,"voiceSEIrank":79,"voiceScore":0.2288329519450801}},"instagram":{"entityString":"536575ffb08f37d80186deb6","type":"instagram","profiles":0,"postsMade":0,"repliesMade":0,"repliesRcvd":0,"sharesMade":0,"sharesRcvd":0,"mentionsRcvd":0,"likesRcvd":0,"reachRcvd":0,"audience":0,"voice":0,"conversation":0,"engagement":0,"group_scoped":{"audienceScore":0,"voiceScore":0,"engagementScore":0,"combinedScore":0,"combinedScoreRank":93,"SEIrank":56,"engagementSEIrank":51,"voiceSEIrank":41,"audienceSEIrank":56,"engagementSEI":0,"engagementSEIadj":0,"voiceSEI":0,"voiceSEIadj":0,"audienceSEI":0,"audienceSEIadj":0,"SEI":0,"SEIadj":0},"non_scoped":{"SEI":0,"SEIrank":56,"SEIadj":0,"audienceSEI":0,"audienceSEIadj":0,"audienceSEIrank":56,"audienceScore":0,"combinedScore":0,"combinedScoreRank":56,"engagementSEI":0,"engagementSEIadj":0,"engagementSEIrank":51,"engagementScore":0,"voiceSEI":0,"voiceSEIadj":0,"voiceSEIrank":41,"voiceScore":0},"scoped":{"SEI":0,"SEIrank":51,"SEIadj":0,"audienceSEI":0,"audienceSEIadj":0,"audienceSEIrank":51,"audienceScore":0,"combinedScore":0,"combinedScoreRank":51,"engagementSEI":0,"engagementSEIadj":0,"engagementSEIrank":46,"engagementScore":0,"voiceSEI":0,"voiceSEIadj":0,"voiceSEIrank":36,"voiceScore":0}}},"week":{"boundaryQuantum":4993818,"combined":{"entityString":"536575ffb08f37d80186deb6","type":"combined","profiles":2,"postsMade":5,"repliesMade":0,"repliesRcvd":3,"sharesMade":0,"sharesRcvd":10,"mentionsRcvd":0,"likesRcvd":23,"reachRcvd":0,"audience":13343,"voice":5,"conversation":8,"engagement":36,"group_scoped":{"audienceScore":0.33428041524627344,"voiceScore":0.246669955599408,"engagementScore":0.006282601904675477,"combinedScore":0.034701860256492,"combinedScoreRank":221,"SEIrank":180,"engagementSEIrank":180,"voiceSEIrank":165,"audienceSEIrank":159,"engagementSEI":0.007061869826199536,"engagementSEIadj":0.007061869826199536,"voiceSEI":0.5988023952095809,"voiceSEIadj":0.5988023952095809,"audienceSEI":0.5242149348021671,"audienceSEIadj":0.5242149348021671,"SEI":0.2362993339388107,"SEIadj":0.2362993339388107},"non_scoped":{"SEI":0.2347855201564058,"SEIrank":154,"SEIadj":0,"audienceSEI":0.5242149348021671,"audienceSEIadj":0,"audienceSEIrank":113,"audienceScore":0.09659651311419107,"combinedScore":0.009542495312642738,"combinedScoreRank":165,"engagementSEI":0.004538846855524722,"engagementSEIadj":0,"engagementSEIrank":158,"engagementScore":0.0019036328188413118,"voiceSEI":0.5988023952095809,"voiceSEIadj":0,"voiceSEIrank":148,"voiceScore":0.05998800239952009},"scoped":{"SEI":1.4133175822608697,"SEIrank":147,"SEIadj":0,"audienceSEI":6.843687169176481,"audienceSEIadj":0,"audienceSEIrank":101,"audienceScore":0.277322086647616,"combinedScore":0.03644420488717312,"combinedScoreRank":152,"engagementSEI":0.12321171880347731,"engagementSEIadj":0,"engagementSEIrank":146,"engagementScore":0.01803300039071501,"voiceSEI":2.1834061135371177,"voiceSEIadj":0,"voiceSEIrank":136,"voiceScore":0.12696800406297612}},"facebook":{"entityString":"536575ffb08f37d80186deb6","type":"facebook","profiles":1,"postsMade":3,"repliesMade":0,"repliesRcvd":3,"sharesMade":0,"sharesRcvd":0,"mentionsRcvd":0,"likesRcvd":15,"reachRcvd":0,"audience":4068,"voice":3,"conversation":6,"engagement":18,"group_scoped":{"audienceScore":0.1555975531252044,"voiceScore":0.4087193460490463,"engagementScore":0.0037357341651568076,"combinedScore":0.03157800570735366,"combinedScoreRank":155,"SEIrank":105,"engagementSEIrank":121,"voiceSEIrank":97,"audienceSEIrank":138,"engagementSEI":0.004169127610047597,"engagementSEIadj":0.004169127610047597,"voiceSEI":0.949367088607595,"voiceSEIadj":0.949367088607595,"audienceSEI":0.21907043696151243,"audienceSEIadj":0.21907043696151243,"SEI":0.3092186468444583,"SEIadj":0.3092186468444583},"non_scoped":{"SEI":0.2888932278887327,"SEIrank":97,"SEIadj":0,"audienceSEI":0.21907043696151243,"audienceSEIadj":0,"audienceSEIrank":115,"audienceScore":0.04178138230642679,"combinedScore":0.008230530913930728,"combinedScoreRank":113,"engagementSEI":0.002499097548107628,"engagementSEIadj":0,"engagementSEIrank":111,"engagementScore":0.0011219420068176676,"voiceSEI":0.8849557522123894,"voiceSEIadj":0,"voiceSEIrank":82,"voiceScore":0.10263427984946973},"scoped":{"SEI":1.5152923256200275,"SEIrank":99,"SEIadj":0,"audienceSEI":2.7923834104419214,"audienceSEIadj":0,"audienceSEIrank":102,"audienceScore":0.1712720231697197,"combinedScore":0.03766641216664739,"combinedScoreRank":106,"engagementSEI":0.18508997429305912,"engagementSEIadj":0,"engagementSEIrank":101,"engagementScore":0.015996587394689135,"voiceSEI":3.75,"voiceSEIadj":0,"voiceSEIrank":72,"voiceScore":0.29411764705882354}},"twitter":{"entityString":"536575ffb08f37d80186deb6","type":"twitter","profiles":1,"postsMade":2,"repliesMade":0,"repliesRcvd":0,"sharesMade":0,"sharesRcvd":10,"mentionsRcvd":0,"likesRcvd":8,"reachRcvd":0,"audience":9275,"voice":2,"conversation":2,"engagement":18,"group_scoped":{"audienceScore":0.7390991835245031,"voiceScore":0.16025641025641024,"engagementScore":0.06853226727584237,"combinedScore":0.1066468202373038,"combinedScoreRank":216,"SEIrank":193,"engagementSEIrank":172,"voiceSEIrank":173,"audienceSEIrank":182,"engagementSEI":0.1371742112482853,"engagementSEIadj":0.1371742112482853,"voiceSEI":0.42194092827004215,"voiceSEIadj":0.42194092827004215,"audienceSEI":1.6381802863768753,"audienceSEIadj":1.6381802863768753,"SEI":0.3727048338676714,"SEIadj":0.3727048338676714},"non_scoped":{"SEI":0.3727048338676714,"SEIrank":163,"SEIadj":0,"audienceSEI":1.6381802863768753,"audienceSEIadj":0,"audienceSEIrank":86,"audienceScore":0.26593945010316444,"combinedScore":0.04136986998387678,"combinedScoreRank":144,"engagementSEI":0.1371742112482853,"engagementSEIadj":0,"engagementSEIrank":150,"engagementScore":0.029012604364785147,"voiceSEI":0.42194092827004215,"voiceSEIadj":0,"voiceSEIrank":163,"voiceScore":0.03923107100823853},"scoped":{"SEI":1.640215046305241,"SEIrank":142,"SEIadj":0,"audienceSEI":7.958094518996465,"audienceSEIadj":0,"audienceSEIrank":74,"audienceScore":0.42125505392518875,"combinedScore":0.07162396026556223,"combinedScoreRank":133,"engagementSEI":0.8391608391608392,"engagementSEIadj":0,"engagementSEIrank":138,"engagementScore":0.05225570458108344,"voiceSEI":1.1363636363636365,"voiceSEIadj":0,"voiceSEIrank":149,"voiceScore":0.07062146892655367}},"instagram":{"entityString":"536575ffb08f37d80186deb6","type":"instagram","profiles":0,"postsMade":0,"repliesMade":0,"repliesRcvd":0,"sharesMade":0,"sharesRcvd":0,"mentionsRcvd":0,"likesRcvd":0,"reachRcvd":0,"audience":0,"voice":0,"conversation":0,"engagement":0,"group_scoped":{"audienceScore":0,"voiceScore":0,"engagementScore":0,"combinedScore":0,"combinedScoreRank":93,"SEIrank":56,"engagementSEIrank":53,"voiceSEIrank":52,"audienceSEIrank":56,"engagementSEI":0,"engagementSEIadj":0,"voiceSEI":0,"voiceSEIadj":0,"audienceSEI":0,"audienceSEIadj":0,"SEI":0,"SEIadj":0},"non_scoped":{"SEI":0,"SEIrank":56,"SEIadj":0,"audienceSEI":0,"audienceSEIadj":0,"audienceSEIrank":56,"audienceScore":0,"combinedScore":0,"combinedScoreRank":56,"engagementSEI":0,"engagementSEIadj":0,"engagementSEIrank":53,"engagementScore":0,"voiceSEI":0,"voiceSEIadj":0,"voiceSEIrank":52,"voiceScore":0},"scoped":{"SEI":0,"SEIrank":51,"SEIadj":0,"audienceSEI":0,"audienceSEIadj":0,"audienceSEIrank":51,"audienceScore":0,"combinedScore":0,"combinedScoreRank":51,"engagementSEI":0,"engagementSEIadj":0,"engagementSEIrank":48,"engagementScore":0,"voiceSEI":0,"voiceSEIadj":0,"voiceSEIrank":47,"voiceScore":0}}},"month":{"boundaryQuantum":4987194,"combined":{"entityString":"536575ffb08f37d80186deb6","type":"combined","profiles":2,"postsMade":14,"repliesMade":0,"repliesRcvd":21,"sharesMade":0,"sharesRcvd":62,"mentionsRcvd":0,"likesRcvd":131,"reachRcvd":0,"audience":13343,"voice":14,"conversation":35,"engagement":214,"group_scoped":{"audienceScore":0.33428041524627344,"voiceScore":0.1557285873192436,"engagementScore":0.008241406985324135,"combinedScore":0.031917716415067576,"combinedScoreRank":215,"SEIrank":194,"engagementSEIrank":190,"voiceSEIrank":185,"audienceSEIrank":159,"engagementSEI":0.009222074889281234,"engagementSEIadj":0.009222074889281234,"voiceSEI":0.38064165307232195,"voiceSEIadj":0.38064165307232195,"audienceSEI":0.5242149348021671,"audienceSEIadj":0.5242149348021671,"SEI":0.17214723433548204,"SEIadj":0.17214723433548204},"non_scoped":{"SEI":0.17013964098845652,"SEIrank":178,"SEIadj":0,"audienceSEI":0.5242149348021671,"audienceSEIadj":0,"audienceSEIrank":113,"audienceScore":0.09659651311419107,"combinedScore":0.008878868965881068,"combinedScoreRank":167,"engagementSEI":0.005876085977572023,"engagementSEIadj":0,"engagementSEIrank":161,"engagementScore":0.002458275370493114,"voiceSEI":0.38064165307232195,"voiceSEIadj":0,"voiceSEIrank":181,"voiceScore":0.036731909534554234},"scoped":{"SEI":1.2269723473619616,"SEIrank":159,"SEIadj":0,"audienceSEI":6.843687169176481,"audienceSEIadj":0,"audienceSEIrank":101,"audienceScore":0.277322086647616,"combinedScore":0.04039696945449403,"combinedScoreRank":150,"engagementSEI":0.17668865642312806,"engagementSEIadj":0,"engagementSEIrank":148,"engagementScore":0.02518257365902795,"voiceSEI":1.4553014553014554,"voiceSEIadj":0,"voiceSEIrank":167,"voiceScore":0.07733097657976139}},"facebook":{"entityString":"536575ffb08f37d80186deb6","type":"facebook","profiles":1,"postsMade":8,"repliesMade":0,"repliesRcvd":21,"sharesMade":0,"sharesRcvd":16,"mentionsRcvd":0,"likesRcvd":74,"reachRcvd":0,"audience":4068,"voice":8,"conversation":29,"engagement":111,"group_scoped":{"audienceScore":0.1555975531252044,"voiceScore":0.23937761819269898,"engagementScore":0.005054046424375985,"combinedScore":0.024297400347833557,"combinedScoreRank":157,"SEIrank":124,"engagementSEIrank":130,"voiceSEIrank":113,"audienceSEIrank":138,"engagementSEI":0.005617244028262329,"engagementSEIadj":0.005617244028262329,"voiceSEI":0.5788712011577424,"voiceSEIadj":0.5788712011577424,"audienceSEI":0.21907043696151243,"audienceSEIadj":0.21907043696151243,"SEI":0.19893875046043136,"SEIadj":0.19893875046043136},"non_scoped":{"SEI":0.18230784607286335,"SEIrank":112,"SEIadj":0,"audienceSEI":0.21907043696151243,"audienceSEIadj":0,"audienceSEIrank":115,"audienceScore":0.04178138230642679,"combinedScore":0.006423621466544199,"combinedScoreRank":126,"engagementSEI":0.0033082679875895246,"engagementSEIadj":0,"engagementSEIrank":117,"engagementScore":0.0014707086510262765,"voiceSEI":0.528052805280528,"voiceSEIadj":0,"voiceSEIrank":105,"voiceScore":0.060218291305984196},"scoped":{"SEI":1.0251665063893902,"SEIrank":113,"SEIadj":0,"audienceSEI":2.7923834104419214,"audienceSEIadj":0,"audienceSEIrank":102,"audienceScore":0.1712720231697197,"combinedScore":0.03641211351326091,"combinedScoreRank":112,"engagementSEI":0.29758713136729226,"engagementSEIadj":0,"engagementSEIrank":107,"engagementScore":0.021429853910176093,"voiceSEI":1.8912529550827424,"voiceSEIadj":0,"voiceSEIrank":95,"voiceScore":0.17123287671232876}},"twitter":{"entityString":"536575ffb08f37d80186deb6","type":"twitter","profiles":1,"postsMade":6,"repliesMade":0,"repliesRcvd":0,"sharesMade":0,"sharesRcvd":46,"mentionsRcvd":0,"likesRcvd":57,"reachRcvd":0,"audience":9275,"voice":6,"conversation":6,"engagement":103,"group_scoped":{"audienceScore":0.7390991835245031,"voiceScore":0.11015237745548008,"engagementScore":0.08685826081090198,"combinedScore":0.12063501277881095,"combinedScoreRank":205,"SEIrank":202,"engagementSEIrank":187,"voiceSEIrank":189,"audienceSEIrank":182,"engagementSEI":0.1643765659660714,"engagementSEIadj":0.1643765659660714,"voiceSEI":0.2863961813842482,"voiceSEIadj":0.2863961813842482,"audienceSEI":1.6381802863768753,"audienceSEIadj":1.6381802863768753,"SEI":0.3483628226326048,"SEIadj":0.3483628226326048},"non_scoped":{"SEI":0.3483628226326048,"SEIrank":171,"SEIadj":0,"audienceSEI":1.6381802863768753,"audienceSEIadj":0,"audienceSEIrank":86,"audienceScore":0.26593945010316444,"combinedScore":0.04860864703900185,"combinedScoreRank":144,"engagementSEI":0.1643765659660714,"engagementSEIadj":0,"engagementSEIrank":144,"engagementScore":0.037824677113132504,"voiceSEI":0.2863961813842482,"voiceSEIadj":0,"voiceSEIrank":184,"voiceScore":0.025389302640487475},"scoped":{"SEI":1.600783560560021,"SEIrank":151,"SEIadj":0,"audienceSEI":7.958094518996465,"audienceSEIadj":0,"audienceSEIrank":74,"audienceScore":0.42125505392518875,"combinedScore":0.08859756687687818,"combinedScoreRank":131,"engagementSEI":0.9036673100543955,"engagementSEIadj":0,"engagementSEIrank":131,"engagementScore":0.07249590011050347,"voiceSEI":0.8759124087591241,"voiceSEIadj":0,"voiceSEIrank":170,"voiceScore":0.045770081623312225}},"instagram":{"entityString":"536575ffb08f37d80186deb6","type":"instagram","profiles":0,"postsMade":0,"repliesMade":0,"repliesRcvd":0,"sharesMade":0,"sharesRcvd":0,"mentionsRcvd":0,"likesRcvd":0,"reachRcvd":0,"audience":0,"voice":0,"conversation":0,"engagement":0,"group_scoped":{"audienceScore":0,"voiceScore":0,"engagementScore":0,"combinedScore":0,"combinedScoreRank":93,"SEIrank":56,"engagementSEIrank":53,"voiceSEIrank":53,"audienceSEIrank":56,"engagementSEI":0,"engagementSEIadj":0,"voiceSEI":0,"voiceSEIadj":0,"audienceSEI":0,"audienceSEIadj":0,"SEI":0,"SEIadj":0},"non_scoped":{"SEI":0,"SEIrank":56,"SEIadj":0,"audienceSEI":0,"audienceSEIadj":0,"audienceSEIrank":56,"audienceScore":0,"combinedScore":0,"combinedScoreRank":56,"engagementSEI":0,"engagementSEIadj":0,"engagementSEIrank":53,"engagementScore":0,"voiceSEI":0,"voiceSEIadj":0,"voiceSEIrank":53,"voiceScore":0},"scoped":{"SEI":0,"SEIrank":51,"SEIadj":0,"audienceSEI":0,"audienceSEIadj":0,"audienceSEIrank":51,"audienceScore":0,"combinedScore":0,"combinedScoreRank":51,"engagementSEI":0,"engagementSEIadj":0,"engagementSEIrank":48,"engagementScore":0,"voiceSEI":0,"voiceSEIadj":0,"voiceSEIrank":48,"voiceScore":0}}},"quarter":{"boundaryQuantum":4969914,"combined":{"entityString":"536575ffb08f37d80186deb6","type":"combined","profiles":2,"postsMade":61,"repliesMade":0,"repliesRcvd":86,"sharesMade":0,"sharesRcvd":229,"mentionsRcvd":0,"likesRcvd":517,"reachRcvd":0,"audience":13343,"voice":61,"conversation":147,"engagement":832,"group_scoped":{"audienceScore":0.33428041524627344,"voiceScore":0.22481848671359597,"engagementScore":0.009579345825091968,"combinedScore":0.036576356340576245,"combinedScoreRank":208,"SEIrank":189,"engagementSEIrank":192,"voiceSEIrank":180,"audienceSEIrank":159,"engagementSEI":0.01081265834793757,"engagementSEIadj":0.01081265834793757,"voiceSEI":0.5698271835590846,"voiceSEIadj":0.5698271835590846,"audienceSEI":0.5242149348021671,"audienceSEIadj":0.5242149348021671,"SEI":0.22985724355670462,"SEIadj":0.22985724355670462},"non_scoped":{"SEI":0.22775260632272706,"SEIrank":168,"SEIadj":0,"audienceSEI":0.5242149348021671,"audienceSEIadj":0,"audienceSEIrank":113,"audienceScore":0.09659651311419107,"combinedScore":0.010272832152501547,"combinedScoreRank":159,"engagementSEI":0.007304929624641635,"engagementSEIadj":0,"engagementSEIrank":150,"engagementScore":0.003007577504766215,"voiceSEI":0.5698271835590846,"voiceSEIadj":0,"voiceSEIrank":167,"voiceScore":0.054723734850048},"scoped":{"SEI":1.4893543327926406,"SEIrank":149,"SEIadj":0,"audienceSEI":6.843687169176481,"audienceSEIadj":0,"audienceSEIrank":101,"audienceScore":0.277322086647616,"combinedScore":0.04723834289653571,"combinedScoreRank":144,"engagementSEI":0.21742595888245148,"engagementSEIadj":0,"engagementSEIrank":138,"engagementScore":0.030639714520352208,"voiceSEI":2.248433468485072,"voiceSEIadj":0,"voiceSEIrank":156,"voiceScore":0.11592990991675853}},"facebook":{"entityString":"536575ffb08f37d80186deb6","type":"facebook","profiles":1,"postsMade":33,"repliesMade":0,"repliesRcvd":86,"sharesMade":0,"sharesRcvd":65,"mentionsRcvd":0,"likesRcvd":345,"reachRcvd":0,"audience":4068,"voice":33,"conversation":119,"engagement":496,"group_scoped":{"audienceScore":0.1555975531252044,"voiceScore":0.3120272314674735,"engagementScore":0.006575081263894996,"combinedScore":0.029298812367139392,"combinedScoreRank":149,"SEIrank":115,"engagementSEIrank":138,"voiceSEIrank":106,"audienceSEIrank":138,"engagementSEI":0.007374203667774283,"engagementSEIadj":0.007374203667774283,"voiceSEI":0.7949891592387376,"voiceSEIadj":0.7949891592387376,"audienceSEI":0.21907043696151243,"audienceSEIadj":0.21907043696151243,"SEI":0.2648283136684371,"SEIadj":0.2648283136684371},"non_scoped":{"SEI":0.2413159739112742,"SEIrank":108,"SEIadj":0,"audienceSEI":0.21907043696151243,"audienceSEIadj":0,"audienceSEIrank":115,"audienceScore":0.04178138230642679,"combinedScore":0.008040909958208126,"combinedScoreRank":120,"engagementSEI":0.004631222130967227,"engagementSEIadj":0,"engagementSEIrank":119,"engagementScore":0.0020235123981338973,"voiceSEI":0.7221006564551422,"voiceSEIadj":0,"voiceSEIrank":99,"voiceScore":0.08261359369132557},"scoped":{"SEI":1.5948632014540653,"SEIrank":108,"SEIadj":0,"audienceSEI":2.7923834104419214,"audienceSEIadj":0,"audienceSEIrank":102,"audienceScore":0.1712720231697197,"combinedScore":0.04528086647519626,"combinedScoreRank":108,"engagementSEI":0.42988758786260933,"engagementSEIadj":0,"engagementSEIrank":109,"engagementScore":0.027977345119166,"voiceSEI":3.5256410256410255,"voiceSEIadj":0,"voiceSEIrank":89,"voiceScore":0.23075309418921752}},"twitter":{"entityString":"536575ffb08f37d80186deb6","type":"twitter","profiles":1,"postsMade":28,"repliesMade":0,"repliesRcvd":0,"sharesMade":0,"sharesRcvd":164,"mentionsRcvd":0,"likesRcvd":172,"reachRcvd":0,"audience":9275,"voice":28,"conversation":28,"engagement":336,"group_scoped":{"audienceScore":0.7390991835245031,"voiceScore":0.17503281865349754,"engagementScore":0.09384924348013104,"combinedScore":0.13017091924101798,"combinedScoreRank":198,"SEIrank":200,"engagementSEIrank":191,"voiceSEIrank":185,"audienceSEIrank":182,"engagementSEI":0.18178276959033954,"engagementSEIadj":0.18178276959033954,"voiceSEI":0.46713380046713376,"voiceSEIadj":0.46713380046713376,"audienceSEI":1.6381802863768753,"audienceSEIadj":1.6381802863768753,"SEI":0.4130278305320314,"SEIadj":0.4130278305320314},"non_scoped":{"SEI":0.4130278305320314,"SEIrank":165,"SEIadj":0,"audienceSEI":1.6381802863768753,"audienceSEIadj":0,"audienceSEIrank":86,"audienceScore":0.26593945010316444,"combinedScore":0.05372931741749529,"combinedScoreRank":144,"engagementSEI":0.18178276959033954,"engagementSEIadj":0,"engagementSEIrank":143,"engagementScore":0.042660653545976375,"voiceSEI":0.46713380046713376,"voiceSEIadj":0,"voiceSEIrank":177,"voiceScore":0.04075513441916656},"scoped":{"SEI":1.9049313482033552,"SEIrank":147,"SEIadj":0,"audienceSEI":7.958094518996465,"audienceSEIadj":0,"audienceSEIrank":74,"audienceScore":0.42125505392518875,"combinedScore":0.10104316207484858,"combinedScoreRank":132,"engagementSEI":1.107011070110701,"engagementSEIadj":0,"engagementSEIrank":131,"engagementScore":0.08472460720310454,"voiceSEI":1.4830508474576272,"voiceSEIadj":0,"voiceSEIrank":163,"voiceScore":0.07456525791590105}},"instagram":{"entityString":"536575ffb08f37d80186deb6","type":"instagram","profiles":0,"postsMade":0,"repliesMade":0,"repliesRcvd":0,"sharesMade":0,"sharesRcvd":0,"mentionsRcvd":0,"likesRcvd":0,"reachRcvd":0,"audience":0,"voice":0,"conversation":0,"engagement":0,"group_scoped":{"audienceScore":0,"voiceScore":0,"engagementScore":0,"combinedScore":0,"combinedScoreRank":93,"SEIrank":56,"engagementSEIrank":54,"voiceSEIrank":54,"audienceSEIrank":56,"engagementSEI":0,"engagementSEIadj":0,"voiceSEI":0,"voiceSEIadj":0,"audienceSEI":0,"audienceSEIadj":0,"SEI":0,"SEIadj":0},"non_scoped":{"SEI":0,"SEIrank":56,"SEIadj":0,"audienceSEI":0,"audienceSEIadj":0,"audienceSEIrank":56,"audienceScore":0,"combinedScore":0,"combinedScoreRank":56,"engagementSEI":0,"engagementSEIadj":0,"engagementSEIrank":54,"engagementScore":0,"voiceSEI":0,"voiceSEIadj":0,"voiceSEIrank":54,"voiceScore":0},"scoped":{"SEI":0,"SEIrank":51,"SEIadj":0,"audienceSEI":0,"audienceSEIadj":0,"audienceSEIrank":51,"audienceScore":0,"combinedScore":0,"combinedScoreRank":51,"engagementSEI":0,"engagementSEIadj":0,"engagementSEIrank":49,"engagementScore":0,"voiceSEI":0,"voiceSEIadj":0,"voiceSEIrank":49,"voiceScore":0}}},"blended":{"combined":{"non_scoped":{"SEI":0.23348972019956105,"SEIadj":40.14009383211974,"SEIrank":169,"audienceSEI":0.5242149348021671,"audienceSEIadj":50.26210746740109,"audienceSEIrank":113,"engagementSEI":0.006708523371475708,"engagementSEIadj":50.003354261685736,"engagementSEIrank":157,"voiceSEI":0.5901437089881962,"voiceSEIadj":40.35408622539292,"voiceSEIrank":164},"scoped":{"SEI":1.1577670181338673,"SEIadj":40.69466021088032,"SEIrank":167,"compCharisma":0,"compInfluence":0,"compEva":1.1577670181338673,"audienceSEI":6.843687169176481,"audienceSEIadj":53.42184358458824,"audienceSEIrank":101,"engagementSEI":0.21439615238478826,"engagementSEIadj":40.128637691430875,"engagementSEIrank":147,"voiceSEI":2.3679041569692596,"voiceSEIadj":41.42074249418155,"voiceSEIrank":149}},"facebook":{"non_scoped":{"SEI":0.25856529061339734,"SEIadj":50.1292826453067,"SEIrank":107,"audienceSEI":0.21907043696151246,"audienceSEIadj":50.10953521848076,"audienceSEIrank":115,"engagementSEI":0.0036791363082720437,"engagementSEIadj":50.00183956815414,"engagementSEIrank":120,"voiceSEI":0.7815025504409429,"voiceSEIadj":50.390751275220474,"voiceSEIrank":98},"scoped":{"SEI":1.5482243995161444,"SEIadj":50.77411219975807,"SEIrank":106,"audienceSEI":2.7923834104419214,"audienceSEIadj":51.39619170522096,"audienceSEIrank":102,"engagementSEI":0.3208892027451255,"engagementSEIadj":50.16044460137256,"engagementSEIrank":109,"voiceSEI":3.5881751227495906,"voiceSEIadj":51.794087561374795,"voiceSEIrank":88}},"twitter":{"non_scoped":{"SEI":0.416022874415798,"SEIadj":40.24961372464948,"SEIrank":165,"audienceSEI":1.638180286376875,"audienceSEIadj":50.81909014318844,"audienceSEIrank":86,"engagementSEI":0.1906972190286263,"engagementSEIadj":50.09534860951431,"engagementSEIrank":146,"voiceSEI":0.45928838120311566,"voiceSEIadj":40.27557302872187,"voiceSEIrank":177},"scoped":{"SEI":1.938591756189349,"SEIadj":50.96929587809468,"SEIrank":141,"audienceSEI":7.958094518996465,"audienceSEIadj":53.97904725949823,"audienceSEIrank":74,"engagementSEI":1.1890308336663715,"engagementSEIadj":50.59451541683318,"engagementSEIrank":129,"voiceSEI":1.4312126802995992,"voiceSEIadj":40.85872760817976,"voiceSEIrank":164}},"instagram":{"non_scoped":{"SEI":0,"SEIadj":0,"SEIrank":56,"audienceSEI":0,"audienceSEIadj":0,"audienceSEIrank":56,"engagementSEI":0,"engagementSEIadj":0,"engagementSEIrank":54,"voiceSEI":0,"voiceSEIadj":0,"voiceSEIrank":54},"scoped":{"SEI":0,"SEIadj":0,"SEIrank":51,"audienceSEI":0,"audienceSEIadj":0,"audienceSEIrank":51,"engagementSEI":0,"engagementSEIadj":0,"engagementSEIrank":49,"voiceSEI":0,"voiceSEIadj":0,"voiceSEIrank":49}},"influence":{"instagram":{"scope":"individual","ratio":0,"calculated":false},"combined":{"ratio":0.11,"bottom":false,"scope":"individual","calculated":true},"facebook":{"ratio":0.27,"bottom":false,"scope":"individual","calculated":true},"twitter":{"ratio":0.17,"bottom":false,"scope":"individual","calculated":true}},"charisma":{"instagram":{"scope":"individual","ratio":0,"calculated":false},"combined":{"ratio":0.4,"bottom":false,"scope":"individual","calculated":true},"facebook":{"ratio":0.09,"bottom":false,"scope":"individual","calculated":true},"twitter":{"ratio":0.66,"bottom":false,"scope":"individual","calculated":true}}},"scope":"individual"}}