{"scoreEntityString":"591d1494ab33fb0001804f89.asset.536575feb08f37d80186a0d7","timeQuantum":4995834,"scoreEntityType":"asset","scoreProfileID":"591d1494ab33fb0001804f89","data":{"scoreEntityString":"591d1494ab33fb0001804f89.asset.536575feb08f37d80186a0d7","scoreProfileID":"591d1494ab33fb0001804f89","scoreEntityType":"asset","entityID":"asset.536575feb08f37d80186a0d7","object_version":"1.2","score_engine_version":"3.0.20","timestamp":4995834,"start_quantum":4969914,"end_quantum":4995833,"schedule_options":{"interval":15,"offset":"1"},"_15min":{"boundaryQuantum":4995831,"combined":{"entityString":"536575feb08f37d80186a0d7","type":"combined","profiles":2,"postsMade":0,"repliesMade":0,"repliesRcvd":0,"sharesMade":0,"sharesRcvd":0,"mentionsRcvd":0,"likesRcvd":0,"reachRcvd":0,"audience":29508,"voice":0,"conversation":0,"engagement":0,"group_scoped":{"audienceScore":0.739260023464516,"voiceScore":0,"engagementScore":0,"combinedScore":0.739260023464516,"engagementSEI":0,"engagementSEIadj":0,"voiceSEI":0,"voiceSEIadj":0,"audienceSEI":1.159299580015165,"audienceSEIadj":1.159299580015165,"SEI":0.11592995800151651,"SEIadj":0.11592995800151651,"combinedScoreRank":96,"SEIrank":104,"engagementSEIrank":21,"voiceSEIrank":13,"audienceSEIrank":102},"non_scoped":{"SEI":0.11592995800151651,"SEIrank":60,"SEIadj":0,"audienceSEI":1.159299580015165,"audienceSEIadj":0,"audienceSEIrank":58,"audienceScore":0.21362286659473512,"combinedScore":0.010681143329736756,"combinedScoreRank":60,"engagementSEI":0,"engagementSEIadj":0,"engagementSEIrank":21,"engagementScore":0,"voiceSEI":0,"voiceSEIadj":0,"voiceSEIrank":13,"voiceScore":0},"scoped":{"SEI":1.5134791350375447,"SEIrank":49,"SEIadj":0,"audienceSEI":15.134791350375446,"audienceSEIadj":0,"audienceSEIrank":47,"audienceScore":0.6132968697292852,"combinedScore":0.030664843486464262,"combinedScoreRank":49,"engagementSEI":0,"engagementSEIadj":0,"engagementSEIrank":15,"engagementScore":0,"voiceSEI":0,"voiceSEIadj":0,"voiceSEIrank":11,"voiceScore":0}},"facebook":{"entityString":"536575feb08f37d80186a0d7","type":"facebook","profiles":1,"postsMade":0,"repliesMade":0,"repliesRcvd":0,"sharesMade":0,"sharesRcvd":0,"mentionsRcvd":0,"likesRcvd":0,"reachRcvd":0,"audience":20847,"voice":0,"conversation":0,"engagement":0,"group_scoped":{"audienceScore":0.797380086037644,"voiceScore":0,"engagementScore":0,"combinedScore":0.797380086037644,"engagementSEI":0,"engagementSEIadj":0,"voiceSEI":0,"voiceSEIadj":0,"audienceSEI":1.1226552112430308,"audienceSEIadj":1.1226552112430308,"SEI":0.11226552112430309,"SEIadj":0.11226552112430309,"combinedScoreRank":67,"SEIrank":69,"engagementSEIrank":19,"voiceSEIrank":11,"audienceSEIrank":67},"non_scoped":{"SEI":0.11226552112430309,"SEIrank":42,"SEIadj":0,"audienceSEI":1.1226552112430308,"audienceSEIadj":0,"audienceSEIrank":40,"audienceScore":0.21411417820601752,"combinedScore":0.010705708910300878,"combinedScoreRank":42,"engagementSEI":0,"engagementSEIadj":0,"engagementSEIrank":19,"engagementScore":0,"voiceSEI":0,"voiceSEIadj":0,"voiceSEIrank":11,"voiceScore":0},"scoped":{"SEI":1.4309935338614241,"SEIrank":32,"SEIadj":0,"audienceSEI":14.30993533861424,"audienceSEIadj":0,"audienceSEIrank":30,"audienceScore":0.8777059653439396,"combinedScore":0.04388529826719698,"combinedScoreRank":32,"engagementSEI":0,"engagementSEIadj":0,"engagementSEIrank":13,"engagementScore":0,"voiceSEI":0,"voiceSEIadj":0,"voiceSEIrank":11,"voiceScore":0}},"twitter":{"entityString":"536575feb08f37d80186a0d7","type":"twitter","profiles":1,"postsMade":0,"repliesMade":0,"repliesRcvd":0,"sharesMade":0,"sharesRcvd":0,"mentionsRcvd":0,"likesRcvd":0,"reachRcvd":0,"audience":8661,"voice":0,"conversation":0,"engagement":0,"group_scoped":{"audienceScore":0.6901712160113984,"voiceScore":0,"engagementScore":0,"combinedScore":0.6901712160113984,"engagementSEI":0,"engagementSEIadj":0,"voiceSEI":0,"voiceSEIadj":0,"audienceSEI":1.5297336345347834,"audienceSEIadj":1.5297336345347834,"SEI":0.15297336345347834,"SEIadj":0.15297336345347834,"combinedScoreRank":173,"SEIrank":186,"engagementSEIrank":13,"voiceSEIrank":12,"audienceSEIrank":186},"non_scoped":{"SEI":0.15297336345347834,"SEIrank":94,"SEIadj":0,"audienceSEI":1.5297336345347834,"audienceSEIadj":0,"audienceSEIrank":93,"audienceScore":0.2483344018699199,"combinedScore":0.012416720093495995,"combinedScoreRank":94,"engagementSEI":0,"engagementSEIadj":0,"engagementSEIrank":13,"engagementScore":0,"voiceSEI":0,"voiceSEIadj":0,"voiceSEIrank":12,"voiceScore":0},"scoped":{"SEI":0.7431272951916807,"SEIrank":82,"SEIadj":0,"audienceSEI":7.431272951916807,"audienceSEIadj":0,"audienceSEIrank":81,"audienceScore":0.3933681964470145,"combinedScore":0.05619545663528778,"combinedScoreRank":82,"engagementSEI":0,"engagementSEIadj":0,"engagementSEIrank":11,"engagementScore":0,"voiceSEI":0,"voiceSEIadj":0,"voiceSEIrank":10,"voiceScore":0}},"instagram":{"entityString":"536575feb08f37d80186a0d7","type":"instagram","profiles":0,"postsMade":0,"repliesMade":0,"repliesRcvd":0,"sharesMade":0,"sharesRcvd":0,"mentionsRcvd":0,"likesRcvd":0,"reachRcvd":0,"audience":0,"voice":0,"conversation":0,"engagement":0,"group_scoped":{"audienceScore":0,"voiceScore":0,"engagementScore":0,"combinedScore":0,"engagementSEI":0,"engagementSEIadj":0,"voiceSEI":0,"voiceSEIadj":0,"audienceSEI":0,"audienceSEIadj":0,"SEI":0,"SEIadj":0,"combinedScoreRank":74,"SEIrank":37,"engagementSEIrank":14,"voiceSEIrank":10,"audienceSEIrank":37},"non_scoped":{"SEI":0,"SEIrank":37,"SEIadj":0,"audienceSEI":0,"audienceSEIadj":0,"audienceSEIrank":37,"audienceScore":0,"combinedScore":0,"combinedScoreRank":37,"engagementSEI":0,"engagementSEIadj":0,"engagementSEIrank":14,"engagementScore":0,"voiceSEI":0,"voiceSEIadj":0,"voiceSEIrank":10,"voiceScore":0},"scoped":{"SEI":0,"SEIrank":32,"SEIadj":0,"audienceSEI":0,"audienceSEIadj":0,"audienceSEIrank":32,"audienceScore":0,"combinedScore":0,"combinedScoreRank":32,"engagementSEI":0,"engagementSEIadj":0,"engagementSEIrank":11,"engagementScore":0,"voiceSEI":0,"voiceSEIadj":0,"voiceSEIrank":10,"voiceScore":0}}},"hour":{"boundaryQuantum":4995822,"combined":{"entityString":"536575feb08f37d80186a0d7","type":"combined","profiles":2,"postsMade":0,"repliesMade":0,"repliesRcvd":0,"sharesMade":0,"sharesRcvd":0,"mentionsRcvd":0,"likesRcvd":0,"reachRcvd":0,"audience":29508,"voice":0,"conversation":0,"engagement":0,"group_scoped":{"audienceScore":0.739260023464516,"voiceScore":0,"engagementScore":0,"combinedScore":0.739260023464516,"combinedScoreRank":87,"SEIrank":121,"engagementSEIrank":73,"voiceSEIrank":29,"audienceSEIrank":102,"engagementSEI":0,"engagementSEIadj":0,"voiceSEI":0,"voiceSEIadj":0,"audienceSEI":1.159299580015165,"audienceSEIadj":1.159299580015165,"SEI":0.11592995800151651,"SEIadj":0.11592995800151651},"non_scoped":{"SEI":0.11592995800151651,"SEIrank":85,"SEIadj":0,"audienceSEI":1.159299580015165,"audienceSEIadj":0,"audienceSEIrank":58,"audienceScore":0.21362286659473512,"combinedScore":0.010681143329736756,"combinedScoreRank":93,"engagementSEI":0,"engagementSEIadj":0,"engagementSEIrank":73,"engagementScore":0,"voiceSEI":0,"voiceSEIadj":0,"voiceSEIrank":29,"voiceScore":0},"scoped":{"SEI":1.5134791350375447,"SEIrank":79,"SEIadj":0,"audienceSEI":15.134791350375446,"audienceSEIadj":0,"audienceSEIrank":47,"audienceScore":0.6132968697292852,"combinedScore":0.030664843486464262,"combinedScoreRank":82,"engagementSEI":0,"engagementSEIadj":0,"engagementSEIrank":64,"engagementScore":0,"voiceSEI":0,"voiceSEIadj":0,"voiceSEIrank":22,"voiceScore":0}},"facebook":{"entityString":"536575feb08f37d80186a0d7","type":"facebook","profiles":1,"postsMade":0,"repliesMade":0,"repliesRcvd":0,"sharesMade":0,"sharesRcvd":0,"mentionsRcvd":0,"likesRcvd":0,"reachRcvd":0,"audience":20847,"voice":0,"conversation":0,"engagement":0,"group_scoped":{"audienceScore":0.797380086037644,"voiceScore":0,"engagementScore":0,"combinedScore":0.797380086037644,"combinedScoreRank":58,"SEIrank":79,"engagementSEIrank":51,"voiceSEIrank":23,"audienceSEIrank":67,"engagementSEI":0,"engagementSEIadj":0,"voiceSEI":0,"voiceSEIadj":0,"audienceSEI":1.1226552112430308,"audienceSEIadj":1.1226552112430308,"SEI":0.11226552112430309,"SEIadj":0.11226552112430309},"non_scoped":{"SEI":0.11226552112430309,"SEIrank":61,"SEIadj":0,"audienceSEI":1.1226552112430308,"audienceSEIadj":0,"audienceSEIrank":40,"audienceScore":0.21411417820601752,"combinedScore":0.010705708910300878,"combinedScoreRank":64,"engagementSEI":0,"engagementSEIadj":0,"engagementSEIrank":51,"engagementScore":0,"voiceSEI":0,"voiceSEIadj":0,"voiceSEIrank":23,"voiceScore":0},"scoped":{"SEI":1.4309935338614241,"SEIrank":52,"SEIadj":0,"audienceSEI":14.30993533861424,"audienceSEIadj":0,"audienceSEIrank":30,"audienceScore":0.8777059653439396,"combinedScore":0.04388529826719698,"combinedScoreRank":54,"engagementSEI":0,"engagementSEIadj":0,"engagementSEIrank":42,"engagementScore":0,"voiceSEI":0,"voiceSEIadj":0,"voiceSEIrank":16,"voiceScore":0}},"twitter":{"entityString":"536575feb08f37d80186a0d7","type":"twitter","profiles":1,"postsMade":0,"repliesMade":0,"repliesRcvd":0,"sharesMade":0,"sharesRcvd":0,"mentionsRcvd":0,"likesRcvd":0,"reachRcvd":0,"audience":8661,"voice":0,"conversation":0,"engagement":0,"group_scoped":{"audienceScore":0.6901712160113984,"voiceScore":0,"engagementScore":0,"combinedScore":0.6901712160113984,"combinedScoreRank":179,"SEIrank":192,"engagementSEIrank":43,"voiceSEIrank":26,"audienceSEIrank":186,"engagementSEI":0,"engagementSEIadj":0,"voiceSEI":0,"voiceSEIadj":0,"audienceSEI":1.5297336345347834,"audienceSEIadj":1.5297336345347834,"SEI":0.15297336345347834,"SEIadj":0.15297336345347834},"non_scoped":{"SEI":0.15297336345347834,"SEIrank":106,"SEIadj":0,"audienceSEI":1.5297336345347834,"audienceSEIadj":0,"audienceSEIrank":93,"audienceScore":0.2483344018699199,"combinedScore":0.012416720093495995,"combinedScoreRank":106,"engagementSEI":0,"engagementSEIadj":0,"engagementSEIrank":43,"engagementScore":0,"voiceSEI":0,"voiceSEIadj":0,"voiceSEIrank":26,"voiceScore":0},"scoped":{"SEI":0.7431272951916807,"SEIrank":94,"SEIadj":0,"audienceSEI":7.431272951916807,"audienceSEIadj":0,"audienceSEIrank":81,"audienceScore":0.3933681964470145,"combinedScore":0.019668409822350727,"combinedScoreRank":94,"engagementSEI":0,"engagementSEIadj":0,"engagementSEIrank":35,"engagementScore":0,"voiceSEI":0,"voiceSEIadj":0,"voiceSEIrank":19,"voiceScore":0}},"instagram":{"entityString":"536575feb08f37d80186a0d7","type":"instagram","profiles":0,"postsMade":0,"repliesMade":0,"repliesRcvd":0,"sharesMade":0,"sharesRcvd":0,"mentionsRcvd":0,"likesRcvd":0,"reachRcvd":0,"audience":0,"voice":0,"conversation":0,"engagement":0,"group_scoped":{"audienceScore":0,"voiceScore":0,"engagementScore":0,"combinedScore":0,"combinedScoreRank":74,"SEIrank":37,"engagementSEIrank":19,"voiceSEIrank":13,"audienceSEIrank":37,"engagementSEI":0,"engagementSEIadj":0,"voiceSEI":0,"voiceSEIadj":0,"audienceSEI":0,"audienceSEIadj":0,"SEI":0,"SEIadj":0},"non_scoped":{"SEI":0,"SEIrank":37,"SEIadj":0,"audienceSEI":0,"audienceSEIadj":0,"audienceSEIrank":37,"audienceScore":0,"combinedScore":0,"combinedScoreRank":37,"engagementSEI":0,"engagementSEIadj":0,"engagementSEIrank":19,"engagementScore":0,"voiceSEI":0,"voiceSEIadj":0,"voiceSEIrank":13,"voiceScore":0},"scoped":{"SEI":0,"SEIrank":32,"SEIadj":0,"audienceSEI":0,"audienceSEIadj":0,"audienceSEIrank":32,"audienceScore":0,"combinedScore":0,"combinedScoreRank":32,"engagementSEI":0,"engagementSEIadj":0,"engagementSEIrank":14,"engagementScore":0,"voiceSEI":0,"voiceSEIadj":0,"voiceSEIrank":10,"voiceScore":0}}},"today":{"boundaryQuantum":4995546,"combined":{"entityString":"536575feb08f37d80186a0d7","type":"combined","profiles":2,"postsMade":0,"repliesMade":0,"repliesRcvd":0,"sharesMade":0,"sharesRcvd":0,"mentionsRcvd":0,"likesRcvd":3,"reachRcvd":0,"audience":29508,"voice":0,"conversation":0,"engagement":3,"group_scoped":{"audienceScore":0.739260023464516,"voiceScore":0,"engagementScore":0.003118178983473651,"combinedScore":0.10828129962362255,"combinedScoreRank":181,"SEIrank":168,"engagementSEIrank":166,"voiceSEIrank":143,"audienceSEIrank":102,"engagementSEI":0.003433908703813928,"engagementSEIadj":0.003433908703813928,"voiceSEI":0,"voiceSEIadj":0,"audienceSEI":1.159299580015165,"audienceSEIadj":1.159299580015165,"SEI":0.11799030322380487,"SEIadj":0.11799030322380487},"non_scoped":{"SEI":0.11775918911470526,"SEIrank":149,"SEIadj":0,"audienceSEI":1.159299580015165,"audienceSEIadj":0,"audienceSEIrank":58,"audienceScore":0.21362286659473512,"combinedScore":0.011685768325550818,"combinedScoreRank":135,"engagementSEI":0.0030487185219812605,"engagementSEIadj":0,"engagementSEIrank":144,"engagementScore":0.0011162499953489584,"voiceSEI":0,"voiceSEIadj":0,"voiceSEIrank":143,"voiceScore":0},"scoped":{"SEI":1.6084659424254075,"SEIrank":132,"SEIadj":0,"audienceSEI":15.134791350375446,"audienceSEIadj":0,"audienceSEIrank":47,"audienceScore":0.6132968697292852,"combinedScore":0.04183294408209629,"combinedScoreRank":127,"engagementSEI":0.15831134564643798,"engagementSEIadj":0,"engagementSEIrank":132,"engagementScore":0.012409000661813368,"voiceSEI":0,"voiceSEIadj":0,"voiceSEIrank":130,"voiceScore":0}},"facebook":{"entityString":"536575feb08f37d80186a0d7","type":"facebook","profiles":1,"postsMade":0,"repliesMade":0,"repliesRcvd":0,"sharesMade":0,"sharesRcvd":0,"mentionsRcvd":0,"likesRcvd":0,"reachRcvd":0,"audience":20847,"voice":0,"conversation":0,"engagement":0,"group_scoped":{"audienceScore":0.797380086037644,"voiceScore":0,"engagementScore":0,"combinedScore":0.797380086037644,"combinedScoreRank":48,"SEIrank":102,"engagementSEIrank":103,"voiceSEIrank":79,"audienceSEIrank":67,"engagementSEI":0,"engagementSEIadj":0,"voiceSEI":0,"voiceSEIadj":0,"audienceSEI":1.1226552112430308,"audienceSEIadj":1.1226552112430308,"SEI":0.11226552112430309,"SEIadj":0.11226552112430309},"non_scoped":{"SEI":0.11226552112430309,"SEIrank":90,"SEIadj":0,"audienceSEI":1.1226552112430308,"audienceSEIadj":0,"audienceSEIrank":40,"audienceScore":0.21411417820601752,"combinedScore":0.010705708910300878,"combinedScoreRank":94,"engagementSEI":0,"engagementSEIadj":0,"engagementSEIrank":103,"engagementScore":0,"voiceSEI":0,"voiceSEIadj":0,"voiceSEIrank":79,"voiceScore":0},"scoped":{"SEI":1.4309935338614241,"SEIrank":85,"SEIadj":0,"audienceSEI":14.30993533861424,"audienceSEIadj":0,"audienceSEIrank":30,"audienceScore":0.8777059653439396,"combinedScore":0.04388529826719698,"combinedScoreRank":87,"engagementSEI":0,"engagementSEIadj":0,"engagementSEIrank":93,"engagementScore":0,"voiceSEI":0,"voiceSEIadj":0,"voiceSEIrank":69,"voiceScore":0}},"twitter":{"entityString":"536575feb08f37d80186a0d7","type":"twitter","profiles":1,"postsMade":0,"repliesMade":0,"repliesRcvd":0,"sharesMade":0,"sharesRcvd":0,"mentionsRcvd":0,"likesRcvd":3,"reachRcvd":0,"audience":8661,"voice":0,"conversation":0,"engagement":3,"group_scoped":{"audienceScore":0.6901712160113984,"voiceScore":0,"engagementScore":0.08718395815170009,"combinedScore":0.17332499498879983,"combinedScoreRank":216,"SEIrank":188,"engagementSEIrank":145,"voiceSEIrank":128,"audienceSEIrank":186,"engagementSEI":0.1457017969888295,"engagementSEIadj":0.1457017969888295,"voiceSEI":0,"voiceSEIadj":0,"audienceSEI":1.5297336345347834,"audienceSEIadj":1.5297336345347834,"SEI":0.24039444164677604,"SEIadj":0.24039444164677604},"non_scoped":{"SEI":0.24039444164677604,"SEIrank":147,"SEIadj":0,"audienceSEI":1.5297336345347834,"audienceSEIadj":0,"audienceSEIrank":93,"audienceScore":0.2483344018699199,"combinedScore":0.04378289109721347,"combinedScoreRank":133,"engagementSEI":0.1457017969888295,"engagementSEIadj":0,"engagementSEIrank":122,"engagementScore":0.03485130111524164,"voiceSEI":0,"voiceSEIadj":0,"voiceSEIrank":128,"voiceScore":0},"scoped":{"SEI":1.381425167532106,"SEIrank":134,"SEIadj":0,"audienceSEI":7.431272951916807,"audienceSEIadj":0,"audienceSEIrank":81,"audienceScore":0.3933681964470145,"combinedScore":0.08643398845736558,"combinedScoreRank":121,"engagementSEI":1.0638297872340425,"engagementSEIadj":0,"engagementSEIrank":111,"engagementScore":0.0741839762611276,"voiceSEI":0,"voiceSEIadj":0,"voiceSEIrank":116,"voiceScore":0}},"instagram":{"entityString":"536575feb08f37d80186a0d7","type":"instagram","profiles":0,"postsMade":0,"repliesMade":0,"repliesRcvd":0,"sharesMade":0,"sharesRcvd":0,"mentionsRcvd":0,"likesRcvd":0,"reachRcvd":0,"audience":0,"voice":0,"conversation":0,"engagement":0,"group_scoped":{"audienceScore":0,"voiceScore":0,"engagementScore":0,"combinedScore":0,"combinedScoreRank":74,"SEIrank":37,"engagementSEIrank":32,"voiceSEIrank":22,"audienceSEIrank":37,"engagementSEI":0,"engagementSEIadj":0,"voiceSEI":0,"voiceSEIadj":0,"audienceSEI":0,"audienceSEIadj":0,"SEI":0,"SEIadj":0},"non_scoped":{"SEI":0,"SEIrank":37,"SEIadj":0,"audienceSEI":0,"audienceSEIadj":0,"audienceSEIrank":37,"audienceScore":0,"combinedScore":0,"combinedScoreRank":37,"engagementSEI":0,"engagementSEIadj":0,"engagementSEIrank":32,"engagementScore":0,"voiceSEI":0,"voiceSEIadj":0,"voiceSEIrank":22,"voiceScore":0},"scoped":{"SEI":0,"SEIrank":32,"SEIadj":0,"audienceSEI":0,"audienceSEIadj":0,"audienceSEIrank":32,"audienceScore":0,"combinedScore":0,"combinedScoreRank":32,"engagementSEI":0,"engagementSEIadj":0,"engagementSEIrank":27,"engagementScore":0,"voiceSEI":0,"voiceSEIadj":0,"voiceSEIrank":17,"voiceScore":0}}},"week":{"boundaryQuantum":4993818,"combined":{"entityString":"536575feb08f37d80186a0d7","type":"combined","profiles":2,"postsMade":12,"repliesMade":0,"repliesRcvd":24,"sharesMade":0,"sharesRcvd":37,"mentionsRcvd":0,"likesRcvd":174,"reachRcvd":0,"audience":29508,"voice":12,"conversation":36,"engagement":235,"group_scoped":{"audienceScore":0.739260023464516,"voiceScore":0.5920078934385792,"engagementScore":0.04101142909996492,"combinedScore":0.1034736820351232,"combinedScoreRank":166,"SEIrank":135,"engagementSEIrank":140,"voiceSEIrank":127,"audienceSEIrank":102,"engagementSEI":0.04609831692102476,"engagementSEIadj":0.04609831692102476,"voiceSEI":1.437125748502994,"voiceSEIadj":1.437125748502994,"audienceSEI":1.159299580015165,"audienceSEIadj":1.159299580015165,"SEI":0.5747266727050296,"SEIadj":0.5747266727050296},"non_scoped":{"SEI":0.5648448327365533,"SEIrank":104,"SEIadj":0,"audienceSEI":1.159299580015165,"audienceSEIadj":0,"audienceSEIrank":58,"audienceScore":0.21362286659473512,"combinedScore":0.029063546428371875,"combinedScoreRank":99,"engagementSEI":0.029628583640230827,"engagementSEIadj":0,"engagementSEIrank":102,"engagementScore":0.012426492011880785,"voiceSEI":1.437125748502994,"voiceSEIadj":0,"voiceSEIrank":101,"voiceScore":0.14397120575884823},"scoped":{"SEI":3.5681107687645555,"SEIrank":87,"SEIadj":0,"audienceSEI":15.134791350375446,"audienceSEIadj":0,"audienceSEIrank":47,"audienceScore":0.6132968697292852,"combinedScore":0.15184488126947207,"combinedScoreRank":87,"engagementSEI":0.8042987199671435,"engagementSEIadj":0,"engagementSEIrank":91,"engagementScore":0.11771541921716741,"voiceSEI":5.240174672489083,"voiceSEIadj":0,"voiceSEIrank":90,"voiceScore":0.30472320975114275}},"facebook":{"entityString":"536575feb08f37d80186a0d7","type":"facebook","profiles":1,"postsMade":5,"repliesMade":0,"repliesRcvd":24,"sharesMade":0,"sharesRcvd":30,"mentionsRcvd":0,"likesRcvd":163,"reachRcvd":0,"audience":20847,"voice":5,"conversation":29,"engagement":217,"group_scoped":{"audienceScore":0.797380086037644,"voiceScore":0.6811989100817438,"engagementScore":0.045036350768834846,"combinedScore":0.11446166549792075,"combinedScoreRank":119,"SEIrank":89,"engagementSEIrank":92,"voiceSEIrank":73,"audienceSEIrank":67,"engagementSEI":0.05026114952112937,"engagementSEIadj":0.05026114952112937,"voiceSEI":1.5822784810126582,"voiceSEIadj":1.5822784810126582,"audienceSEI":1.1226552112430308,"audienceSEIadj":1.1226552112430308,"SEI":0.6171057551407781,"SEIadj":0.6171057551407781},"non_scoped":{"SEI":0.5728202028284762,"SEIrank":67,"SEIadj":0,"audienceSEI":1.1226552112430308,"audienceSEIadj":0,"audienceSEIrank":40,"audienceScore":0.21411417820601752,"combinedScore":0.03143163633839505,"combinedScoreRank":70,"engagementSEI":0.030128009329964178,"engagementSEIadj":0,"engagementSEIrank":74,"engagementScore":0.013525634193301881,"voiceSEI":1.4749262536873156,"voiceSEIadj":0,"voiceSEIrank":57,"voiceScore":0.17105713308244952},"scoped":{"SEI":4.644811014581219,"SEIrank":61,"SEIadj":0,"audienceSEI":14.30993533861424,"audienceSEIadj":0,"audienceSEIrank":30,"audienceScore":0.8777059653439396,"combinedScore":0.24195807542114273,"combinedScoreRank":64,"engagementSEI":2.2313624678663238,"engagementSEIadj":0,"engagementSEIrank":64,"engagementScore":0.19284774803597454,"voiceSEI":6.25,"voiceSEIadj":0,"voiceSEIrank":49,"voiceScore":0.49019607843137253}},"twitter":{"entityString":"536575feb08f37d80186a0d7","type":"twitter","profiles":1,"postsMade":7,"repliesMade":0,"repliesRcvd":0,"sharesMade":0,"sharesRcvd":7,"mentionsRcvd":0,"likesRcvd":11,"reachRcvd":0,"audience":8661,"voice":7,"conversation":7,"engagement":18,"group_scoped":{"audienceScore":0.6901712160113984,"voiceScore":0.5608974358974359,"engagementScore":0.06853226727584237,"combinedScore":0.12423247314369985,"combinedScoreRank":213,"SEIrank":171,"engagementSEIrank":171,"voiceSEIrank":136,"audienceSEIrank":186,"engagementSEI":0.1371742112482853,"engagementSEIadj":0.1371742112482853,"voiceSEI":1.4767932489451476,"voiceSEIadj":1.4767932489451476,"audienceSEI":1.5297336345347834,"audienceSEIadj":1.5297336345347834,"SEI":0.6783158648859938,"SEIadj":0.6783158648859938},"non_scoped":{"SEI":0.6783158648859938,"SEIrank":126,"SEIadj":0,"audienceSEI":1.5297336345347834,"audienceSEIadj":0,"audienceSEIrank":93,"audienceScore":0.2483344018699199,"combinedScore":0.04539350144824437,"combinedScoreRank":142,"engagementSEI":0.1371742112482853,"engagementSEIadj":0,"engagementSEIrank":149,"engagementScore":0.029012604364785147,"voiceSEI":1.4767932489451476,"voiceSEIadj":0,"voiceSEIrank":111,"voiceScore":0.13730874852883485},"scoped":{"SEI":2.4398056168700024,"SEIrank":121,"SEIadj":0,"audienceSEI":7.431272951916807,"audienceSEIadj":0,"audienceSEIrank":81,"audienceScore":0.3933681964470145,"combinedScore":0.07905730100747271,"combinedScoreRank":130,"engagementSEI":0.8391608391608392,"engagementSEIadj":0,"engagementSEIrank":137,"engagementScore":0.05225570458108344,"voiceSEI":3.977272727272727,"voiceSEIadj":0,"voiceSEIrank":99,"voiceScore":0.24717514124293788}},"instagram":{"entityString":"536575feb08f37d80186a0d7","type":"instagram","profiles":0,"postsMade":0,"repliesMade":0,"repliesRcvd":0,"sharesMade":0,"sharesRcvd":0,"mentionsRcvd":0,"likesRcvd":0,"reachRcvd":0,"audience":0,"voice":0,"conversation":0,"engagement":0,"group_scoped":{"audienceScore":0,"voiceScore":0,"engagementScore":0,"combinedScore":0,"combinedScoreRank":74,"SEIrank":37,"engagementSEIrank":34,"voiceSEIrank":33,"audienceSEIrank":37,"engagementSEI":0,"engagementSEIadj":0,"voiceSEI":0,"voiceSEIadj":0,"audienceSEI":0,"audienceSEIadj":0,"SEI":0,"SEIadj":0},"non_scoped":{"SEI":0,"SEIrank":37,"SEIadj":0,"audienceSEI":0,"audienceSEIadj":0,"audienceSEIrank":37,"audienceScore":0,"combinedScore":0,"combinedScoreRank":37,"engagementSEI":0,"engagementSEIadj":0,"engagementSEIrank":34,"engagementScore":0,"voiceSEI":0,"voiceSEIadj":0,"voiceSEIrank":33,"voiceScore":0},"scoped":{"SEI":0,"SEIrank":32,"SEIadj":0,"audienceSEI":0,"audienceSEIadj":0,"audienceSEIrank":32,"audienceScore":0,"combinedScore":0,"combinedScoreRank":32,"engagementSEI":0,"engagementSEIadj":0,"engagementSEIrank":29,"engagementScore":0,"voiceSEI":0,"voiceSEIadj":0,"voiceSEIrank":28,"voiceScore":0}}},"month":{"boundaryQuantum":4987194,"combined":{"entityString":"536575feb08f37d80186a0d7","type":"combined","profiles":2,"postsMade":86,"repliesMade":0,"repliesRcvd":373,"sharesMade":0,"sharesRcvd":181,"mentionsRcvd":0,"likesRcvd":2628,"reachRcvd":0,"audience":29508,"voice":86,"conversation":459,"engagement":3182,"group_scoped":{"audienceScore":0.739260023464516,"voiceScore":0.9566184649610678,"engagementScore":0.12254278984720278,"combinedScore":0.1950824352837617,"combinedScoreRank":115,"SEIrank":102,"engagementSEIrank":105,"voiceSEIrank":95,"audienceSEIrank":102,"engagementSEI":0.13712449671819105,"engagementSEIadj":0.13712449671819105,"voiceSEI":2.3382272974442633,"voiceSEIadj":2.3382272974442633,"audienceSEI":1.159299580015165,"audienceSEIadj":1.159299580015165,"SEI":0.89967284526571,"SEIadj":0.89967284526571},"non_scoped":{"SEI":0.8698216208253585,"SEIrank":74,"SEIadj":0,"audienceSEI":1.159299580015165,"audienceSEIadj":0,"audienceSEIrank":58,"audienceScore":0.21362286659473512,"combinedScore":0.054860325318372045,"combinedScoreRank":70,"engagementSEI":0.08737245598427186,"engagementSEIadj":0,"engagementSEIrank":67,"engagementScore":0.03655248705097705,"voiceSEI":2.3382272974442633,"voiceSEIadj":0,"voiceSEIrank":75,"voiceScore":0.22563887285511883},"scoped":{"SEI":5.771718839581236,"SEIrank":66,"SEIadj":0,"audienceSEI":15.134791350375446,"audienceSEIadj":0,"audienceSEIrank":47,"audienceScore":0.6132968697292852,"combinedScore":0.39141582041397954,"combinedScoreRank":59,"engagementSEI":2.627211704385016,"engagementSEIadj":0,"engagementSEIrank":58,"engagementScore":0.37444368870573336,"voiceSEI":8.93970893970894,"voiceSEIadj":0,"voiceSEIrank":64,"voiceScore":0.47503314184710566}},"facebook":{"entityString":"536575feb08f37d80186a0d7","type":"facebook","profiles":1,"postsMade":46,"repliesMade":0,"repliesRcvd":373,"sharesMade":0,"sharesRcvd":113,"mentionsRcvd":0,"likesRcvd":2487,"reachRcvd":0,"audience":20847,"voice":46,"conversation":419,"engagement":2973,"group_scoped":{"audienceScore":0.797380086037644,"voiceScore":1.3764213046080191,"engagementScore":0.13536648666369192,"combinedScore":0.23051990752960588,"combinedScoreRank":81,"SEIrank":55,"engagementSEIrank":75,"voiceSEIrank":41,"audienceSEIrank":67,"engagementSEI":0.15045104951372884,"engagementSEIadj":0.15045104951372884,"voiceSEI":3.3285094066570187,"voiceSEIadj":3.3285094066570187,"audienceSEI":1.1226552112430308,"audienceSEIadj":1.1226552112430308,"SEI":1.201088972829646,"SEIadj":1.201088972829646},"non_scoped":{"SEI":1.0763213709202608,"SEIrank":39,"SEIadj":0,"audienceSEI":1.1226552112430308,"audienceSEIadj":0,"audienceSEIrank":40,"audienceScore":0.21411417820601752,"combinedScore":0.06347049592699663,"combinedScoreRank":52,"engagementSEI":0.08860793447841131,"engagementSEIadj":0,"engagementSEIrank":55,"engagementScore":0.039391142518028104,"voiceSEI":3.036303630363036,"voiceSEIadj":0,"voiceSEIrank":36,"voiceScore":0.3462551750094091},"scoped":{"SEI":9.475710511405964,"SEIrank":42,"SEIadj":0,"audienceSEI":14.30993533861424,"audienceSEIadj":0,"audienceSEIrank":30,"audienceScore":0.8777059653439396,"combinedScore":0.6096900666053984,"combinedScoreRank":45,"engagementSEI":7.970509383378016,"engagementSEIadj":0,"engagementSEIrank":46,"engagementScore":0.5739725736482298,"voiceSEI":10.874704491725769,"voiceSEIadj":0,"voiceSEIrank":28,"voiceScore":0.9845890410958904}},"twitter":{"entityString":"536575feb08f37d80186a0d7","type":"twitter","profiles":1,"postsMade":40,"repliesMade":0,"repliesRcvd":0,"sharesMade":0,"sharesRcvd":68,"mentionsRcvd":0,"likesRcvd":141,"reachRcvd":0,"audience":8661,"voice":40,"conversation":40,"engagement":209,"group_scoped":{"audienceScore":0.6901712160113984,"voiceScore":0.7343491830365338,"engagementScore":0.17624637387843217,"combinedScore":0.22984775644298558,"combinedScoreRank":182,"SEIrank":164,"engagementSEIrank":170,"voiceSEIrank":131,"audienceSEIrank":186,"engagementSEI":0.33354079890202837,"engagementSEIadj":0.33354079890202837,"voiceSEI":1.9093078758949882,"voiceSEIadj":1.9093078758949882,"audienceSEI":1.5297336345347834,"audienceSEIadj":1.5297336345347834,"SEI":0.9258902055631918,"SEIadj":0.9258902055631918},"non_scoped":{"SEI":0.9258902055631918,"SEIrank":110,"SEIadj":0,"audienceSEI":1.5297336345347834,"audienceSEIadj":0,"audienceSEIrank":93,"audienceScore":0.2483344018699199,"combinedScore":0.08995576043948592,"combinedScoreRank":114,"engagementSEI":0.33354079890202837,"engagementSEIadj":0,"engagementSEIrank":113,"engagementScore":0.07675104385091935,"voiceSEI":1.9093078758949882,"voiceSEIadj":0,"voiceSEIrank":98,"voiceScore":0.16926201760324985},"scoped":{"SEI":3.595145129028581,"SEIrank":103,"SEIadj":0,"audienceSEI":7.431272951916807,"audienceSEIadj":0,"audienceSEIrank":81,"audienceScore":0.3933681964470145,"combinedScore":0.1673181018597561,"combinedScoreRank":103,"engagementSEI":1.833655027197754,"engagementSEIadj":0,"engagementSEIrank":101,"engagementScore":0.1471033312921866,"voiceSEI":5.839416058394161,"voiceSEIadj":0,"voiceSEIrank":87,"voiceScore":0.3051338774887482}},"instagram":{"entityString":"536575feb08f37d80186a0d7","type":"instagram","profiles":0,"postsMade":0,"repliesMade":0,"repliesRcvd":0,"sharesMade":0,"sharesRcvd":0,"mentionsRcvd":0,"likesRcvd":0,"reachRcvd":0,"audience":0,"voice":0,"conversation":0,"engagement":0,"group_scoped":{"audienceScore":0,"voiceScore":0,"engagementScore":0,"combinedScore":0,"combinedScoreRank":74,"SEIrank":37,"engagementSEIrank":34,"voiceSEIrank":34,"audienceSEIrank":37,"engagementSEI":0,"engagementSEIadj":0,"voiceSEI":0,"voiceSEIadj":0,"audienceSEI":0,"audienceSEIadj":0,"SEI":0,"SEIadj":0},"non_scoped":{"SEI":0,"SEIrank":37,"SEIadj":0,"audienceSEI":0,"audienceSEIadj":0,"audienceSEIrank":37,"audienceScore":0,"combinedScore":0,"combinedScoreRank":37,"engagementSEI":0,"engagementSEIadj":0,"engagementSEIrank":34,"engagementScore":0,"voiceSEI":0,"voiceSEIadj":0,"voiceSEIrank":34,"voiceScore":0},"scoped":{"SEI":0,"SEIrank":32,"SEIadj":0,"audienceSEI":0,"audienceSEIadj":0,"audienceSEIrank":32,"audienceScore":0,"combinedScore":0,"combinedScoreRank":32,"engagementSEI":0,"engagementSEIadj":0,"engagementSEIrank":29,"engagementScore":0,"voiceSEI":0,"voiceSEIadj":0,"voiceSEIrank":29,"voiceScore":0}}},"quarter":{"boundaryQuantum":4969914,"combined":{"entityString":"536575feb08f37d80186a0d7","type":"combined","profiles":2,"postsMade":186,"repliesMade":0,"repliesRcvd":870,"sharesMade":0,"sharesRcvd":560,"mentionsRcvd":0,"likesRcvd":5353,"reachRcvd":0,"audience":29508,"voice":186,"conversation":1056,"engagement":6783,"group_scoped":{"audienceScore":0.739260023464516,"voiceScore":0.6855121070283419,"engagementScore":0.07809699847547935,"combinedScore":0.1415259051525743,"combinedScoreRank":124,"SEIrank":117,"engagementSEIrank":119,"voiceSEIrank":115,"audienceSEIrank":102,"engagementSEI":0.088151756699592,"engagementSEIadj":0.088151756699592,"voiceSEI":1.7375058383932742,"voiceSEIadj":1.7375058383932742,"audienceSEI":1.159299580015165,"audienceSEIadj":1.159299580015165,"SEI":0.690072763539254,"SEIadj":0.690072763539254},"non_scoped":{"SEI":0.6729144049358047,"SEIrank":90,"SEIadj":0,"audienceSEI":1.159299580015165,"audienceSEIadj":0,"audienceSEIrank":58,"audienceScore":0.21362286659473512,"combinedScore":0.04109200857189187,"combinedScoreRank":80,"engagementSEI":0.05955449236050987,"engagementSEIadj":0,"engagementSEIrank":73,"engagementScore":0.0245197093928236,"voiceSEI":1.7375058383932742,"voiceSEIadj":0,"voiceSEIrank":96,"voiceScore":0.1668625357722775},"scoped":{"SEI":4.63380075880702,"SEIrank":80,"SEIadj":0,"audienceSEI":15.134791350375446,"audienceSEIadj":0,"audienceSEIrank":47,"audienceScore":0.6132968697292852,"combinedScore":0.27315462615804276,"combinedScoreRank":67,"engagementSEI":1.772596489302486,"engagementSEIadj":0,"engagementSEIrank":64,"engagementScore":0.24979469181676564,"voiceSEI":6.855879100626612,"voiceSEIadj":0,"voiceSEIrank":86,"voiceScore":0.3534912007297883}},"facebook":{"entityString":"536575feb08f37d80186a0d7","type":"facebook","profiles":1,"postsMade":108,"repliesMade":0,"repliesRcvd":870,"sharesMade":0,"sharesRcvd":429,"mentionsRcvd":0,"likesRcvd":5000,"reachRcvd":0,"audience":20847,"voice":108,"conversation":978,"engagement":6299,"group_scoped":{"audienceScore":0.797380086037644,"voiceScore":1.021180030257186,"engagementScore":0.08350088080902132,"combinedScore":0.1660787985428607,"combinedScoreRank":90,"SEIrank":72,"engagementSEIrank":87,"voiceSEIrank":57,"audienceSEIrank":67,"engagementSEI":0.09364941311151254,"engagementSEIadj":0.09364941311151254,"voiceSEI":2.6017827029631415,"voiceSEIadj":2.6017827029631415,"audienceSEI":1.1226552112430308,"audienceSEIadj":1.1226552112430308,"SEI":0.948989979880153,"SEIadj":0.948989979880153},"non_scoped":{"SEI":0.8565258669158096,"SEIrank":50,"SEIadj":0,"audienceSEI":1.1226552112430308,"audienceSEIadj":0,"audienceSEIrank":40,"audienceScore":0.21411417820601752,"combinedScore":0.047352309340375126,"combinedScoreRank":61,"engagementSEI":0.058814653635005175,"engagementSEIadj":0,"engagementSEIrank":62,"engagementScore":0.025697791523881894,"voiceSEI":2.3632385120350112,"voiceSEIadj":0,"voiceSEIrank":48,"voiceScore":0.270371761171611},"scoped":{"SEI":8.16817140985139,"SEIrank":51,"SEIadj":0,"audienceSEI":14.30993533861424,"audienceSEIadj":0,"audienceSEIrank":30,"audienceScore":0.8777059653439396,"combinedScore":0.40141579714143405,"combinedScoreRank":52,"engagementSEI":5.459399024085839,"engagementSEIadj":0,"engagementSEIrank":53,"engagementScore":0.3553010018258602,"voiceSEI":11.538461538461538,"voiceSEIadj":0,"voiceSEIrank":40,"voiceScore":0.7551919446192574}},"twitter":{"entityString":"536575feb08f37d80186a0d7","type":"twitter","profiles":1,"postsMade":78,"repliesMade":0,"repliesRcvd":0,"sharesMade":0,"sharesRcvd":131,"mentionsRcvd":0,"likesRcvd":353,"reachRcvd":0,"audience":8661,"voice":78,"conversation":78,"engagement":484,"group_scoped":{"audienceScore":0.6901712160113984,"voiceScore":0.48759142339188594,"engagementScore":0.13518760072733163,"combinedScore":0.1805569726247627,"combinedScoreRank":188,"SEIrank":183,"engagementSEIrank":183,"voiceSEIrank":153,"audienceSEIrank":186,"engagementSEI":0.26185375143370343,"engagementSEIadj":0.26185375143370343,"voiceSEI":1.3013013013013013,"voiceSEIadj":1.3013013013013013,"audienceSEI":1.5297336345347834,"audienceSEIadj":1.5297336345347834,"SEI":0.7004760047040908,"SEIadj":0.7004760047040908},"non_scoped":{"SEI":0.7004760047040908,"SEIrank":133,"SEIadj":0,"audienceSEI":1.5297336345347834,"audienceSEIadj":0,"audienceSEIrank":93,"audienceScore":0.2483344018699199,"combinedScore":0.0733998182346993,"combinedScoreRank":128,"engagementSEI":0.26185375143370343,"engagementSEIadj":0,"engagementSEIrank":129,"engagementScore":0.06145165570313264,"voiceSEI":1.3013013013013013,"voiceSEIadj":0,"voiceSEIrank":129,"voiceScore":0.11353216016767827},"scoped":{"SEI":2.939307928305518,"SEIrank":120,"SEIadj":0,"audienceSEI":7.431272951916807,"audienceSEIadj":0,"audienceSEIrank":81,"audienceScore":0.3933681964470145,"combinedScore":0.1398936865132332,"combinedScoreRank":117,"engagementSEI":1.5946230890880337,"engagementSEIadj":0,"engagementSEIrank":117,"engagementScore":0.12204377942351965,"voiceSEI":4.13135593220339,"voiceSEIadj":0,"voiceSEIrank":118,"voiceScore":0.20771750419429574}},"instagram":{"entityString":"536575feb08f37d80186a0d7","type":"instagram","profiles":0,"postsMade":0,"repliesMade":0,"repliesRcvd":0,"sharesMade":0,"sharesRcvd":0,"mentionsRcvd":0,"likesRcvd":0,"reachRcvd":0,"audience":0,"voice":0,"conversation":0,"engagement":0,"group_scoped":{"audienceScore":0,"voiceScore":0,"engagementScore":0,"combinedScore":0,"combinedScoreRank":74,"SEIrank":37,"engagementSEIrank":35,"voiceSEIrank":35,"audienceSEIrank":37,"engagementSEI":0,"engagementSEIadj":0,"voiceSEI":0,"voiceSEIadj":0,"audienceSEI":0,"audienceSEIadj":0,"SEI":0,"SEIadj":0},"non_scoped":{"SEI":0,"SEIrank":37,"SEIadj":0,"audienceSEI":0,"audienceSEIadj":0,"audienceSEIrank":37,"audienceScore":0,"combinedScore":0,"combinedScoreRank":37,"engagementSEI":0,"engagementSEIadj":0,"engagementSEIrank":35,"engagementScore":0,"voiceSEI":0,"voiceSEIadj":0,"voiceSEIrank":35,"voiceScore":0},"scoped":{"SEI":0,"SEIrank":32,"SEIadj":0,"audienceSEI":0,"audienceSEIadj":0,"audienceSEIrank":32,"audienceScore":0,"combinedScore":0,"combinedScoreRank":32,"engagementSEI":0,"engagementSEIadj":0,"engagementSEIrank":30,"engagementScore":0,"voiceSEI":0,"voiceSEIadj":0,"voiceSEIrank":30,"voiceScore":0}}},"blended":{"combined":{"non_scoped":{"SEI":0.6422718548684073,"SEIadj":50.321135927434206,"SEIrank":94,"audienceSEI":1.159299580015165,"audienceSEIadj":60.46371983200606,"audienceSEIrank":58,"engagementSEI":0.05192412559606403,"engagementSEIadj":50.02596206279803,"engagementSEIrank":81,"voiceSEI":1.6506247383641748,"voiceSEIadj":50.825312369182086,"voiceSEIrank":99},"scoped":{"SEI":6.293471197149413,"SEIadj":53.14673559857471,"SEIrank":113,"compCharisma":3,"compInfluence":0,"compEva":3.2934711971494126,"audienceSEI":15.134791350375446,"audienceSEIadj":66.05391654015018,"audienceSEIrank":47,"engagementSEI":1.5295851835814602,"engagementSEIadj":50.76479259179073,"engagementSEIrank":74,"voiceSEI":6.340948293016372,"voiceSEIadj":53.170474146508184,"voiceSEIrank":88}},"facebook":{"non_scoped":{"SEI":0.767170476000702,"SEIadj":60.30686819040028,"SEIrank":53,"audienceSEI":1.1226552112430308,"audienceSEIadj":60.449062084497214,"audienceSEIrank":40,"engagementSEI":0.05173691978825354,"engagementSEIadj":60.0206947679153,"engagementSEIrank":66,"voiceSEI":2.0795426766781557,"voiceSEIadj":60.83181707067126,"voiceSEIrank":48},"scoped":{"SEI":6.970435262704026,"SEIadj":62.78817410508161,"SEIrank":58,"audienceSEI":14.309935338614242,"audienceSEIadj":65.7239741354457,"audienceSEIrank":30,"engagementSEI":4.594684659909519,"engagementSEIadj":61.83787386396381,"engagementSEIrank":56,"voiceSEI":9.275436442989633,"voiceSEIadj":63.71017457719585,"voiceSEIrank":41}},"twitter":{"non_scoped":{"SEI":0.7046360147346611,"SEIadj":50.35231800736733,"SEIrank":134,"audienceSEI":1.5297336345347832,"audienceSEIadj":50.76486681726739,"audienceSEIrank":93,"engagementSEI":0.22939534877608303,"engagementSEIadj":50.11469767438804,"engagementSEIrank":134,"voiceSEI":1.380084806718443,"voiceSEIadj":50.69004240335922,"voiceSEIrank":121},"scoped":{"SEI":2.809938676944652,"SEIadj":51.40496933847233,"SEIrank":124,"audienceSEI":7.431272951916806,"audienceSEIadj":53.715636475958405,"audienceSEIrank":81,"engagementSEI":1.3772995397336336,"engagementSEIadj":50.688649769866814,"engagementSEIrank":123,"voiceSEI":4.134772193042637,"voiceSEIadj":52.06738609652132,"voiceSEIrank":113}},"instagram":{"non_scoped":{"SEI":0,"SEIadj":0,"SEIrank":37,"audienceSEI":0,"audienceSEIadj":0,"audienceSEIrank":37,"engagementSEI":0,"engagementSEIadj":0,"engagementSEIrank":35,"voiceSEI":0,"voiceSEIadj":0,"voiceSEIrank":35},"scoped":{"SEI":0,"SEIadj":0,"SEIrank":32,"audienceSEI":0,"audienceSEIadj":0,"audienceSEIrank":32,"engagementSEI":0,"engagementSEIadj":0,"engagementSEIrank":30,"voiceSEI":0,"voiceSEIadj":0,"voiceSEIrank":30}},"influence":{"instagram":{"scope":"individual","ratio":0,"calculated":false},"combined":{"ratio":0.28,"bottom":false,"scope":"individual","calculated":true},"facebook":{"ratio":0.3,"bottom":false,"scope":"individual","calculated":true},"twitter":{"ratio":0.27,"bottom":false,"scope":"individual","calculated":true}},"charisma":{"instagram":{"scope":"individual","ratio":0,"calculated":false},"combined":{"ratio":0.67,"bottom":false,"scope":"individual","calculated":true},"facebook":{"ratio":0.41,"bottom":false,"scope":"individual","calculated":true},"twitter":{"ratio":0.54,"bottom":false,"scope":"individual","calculated":true}}},"scope":"individual"}}