{"scoreEntityString":"591d1494ab33fb0001804f89.asset.536575ffb08f37d80186dea8","timeQuantum":4995834,"scoreEntityType":"asset","scoreProfileID":"591d1494ab33fb0001804f89","data":{"scoreEntityString":"591d1494ab33fb0001804f89.asset.536575ffb08f37d80186dea8","scoreProfileID":"591d1494ab33fb0001804f89","scoreEntityType":"asset","entityID":"asset.536575ffb08f37d80186dea8","object_version":"1.2","score_engine_version":"3.0.20","timestamp":4995834,"start_quantum":4969914,"end_quantum":4995833,"schedule_options":{"interval":15,"offset":"1"},"_15min":{"boundaryQuantum":4995831,"combined":{"entityString":"536575ffb08f37d80186dea8","type":"combined","profiles":1,"postsMade":0,"repliesMade":0,"repliesRcvd":0,"sharesMade":0,"sharesRcvd":0,"mentionsRcvd":0,"likesRcvd":0,"reachRcvd":0,"audience":559,"voice":0,"conversation":0,"engagement":0,"group_scoped":{"audienceScore":0.03938164477192814,"voiceScore":0,"engagementScore":0,"combinedScore":0.03938164477192814,"engagementSEI":0,"engagementSEIadj":0,"voiceSEI":0,"voiceSEIadj":0,"audienceSEI":0.05694435955422447,"audienceSEIadj":0.05694435955422447,"SEI":0.005694435955422447,"SEIadj":0.005694435955422447,"combinedScoreRank":225,"SEIrank":225,"engagementSEIrank":72,"voiceSEIrank":66,"audienceSEIrank":225},"non_scoped":{"SEI":0.002196178884466847,"SEIrank":227,"SEIadj":0,"audienceSEI":0.02196178884466847,"audienceSEIadj":0,"audienceSEIrank":227,"audienceScore":0.004046874828062116,"combinedScore":0.0002023437414031058,"combinedScoreRank":227,"engagementSEI":0,"engagementSEIadj":0,"engagementSEIrank":72,"engagementScore":0,"voiceSEI":0,"voiceSEIadj":0,"voiceSEIrank":66,"voiceScore":0},"scoped":{"SEI":0.028671371712280992,"SEIrank":204,"SEIadj":0,"audienceSEI":0.2867137171228099,"audienceSEIadj":0,"audienceSEIrank":204,"audienceScore":0.011618305211423017,"combinedScore":0.0005809152605711509,"combinedScoreRank":204,"engagementSEI":0,"engagementSEIadj":0,"engagementSEIrank":63,"engagementScore":0,"voiceSEI":0,"voiceSEIadj":0,"voiceSEIrank":60,"voiceScore":0}},"facebook":{"entityString":"536575ffb08f37d80186dea8","type":"facebook","profiles":0,"postsMade":0,"repliesMade":0,"repliesRcvd":0,"sharesMade":0,"sharesRcvd":0,"mentionsRcvd":0,"likesRcvd":0,"reachRcvd":0,"audience":0,"voice":0,"conversation":0,"engagement":0,"group_scoped":{"audienceScore":0,"voiceScore":0,"engagementScore":0,"combinedScore":0,"engagementSEI":0,"engagementSEIadj":0,"voiceSEI":0,"voiceSEIadj":0,"audienceSEI":0,"audienceSEIadj":0,"SEI":0,"SEIadj":0,"combinedScoreRank":207,"SEIrank":207,"engagementSEIrank":70,"voiceSEIrank":65,"audienceSEIrank":207},"non_scoped":{"SEI":0,"SEIrank":207,"SEIadj":0,"audienceSEI":0,"audienceSEIadj":0,"audienceSEIrank":207,"audienceScore":0,"combinedScore":0,"combinedScoreRank":207,"engagementSEI":0,"engagementSEIadj":0,"engagementSEIrank":70,"engagementScore":0,"voiceSEI":0,"voiceSEIadj":0,"voiceSEIrank":65,"voiceScore":0},"scoped":{"SEI":0,"SEIrank":189,"SEIadj":0,"audienceSEI":0,"audienceSEIadj":0,"audienceSEIrank":189,"audienceScore":0,"combinedScore":0,"combinedScoreRank":189,"engagementSEI":0,"engagementSEIadj":0,"engagementSEIrank":61,"engagementScore":0,"voiceSEI":0,"voiceSEIadj":0,"voiceSEIrank":60,"voiceScore":0}},"twitter":{"entityString":"536575ffb08f37d80186dea8","type":"twitter","profiles":1,"postsMade":0,"repliesMade":0,"repliesRcvd":0,"sharesMade":0,"sharesRcvd":0,"mentionsRcvd":0,"likesRcvd":0,"reachRcvd":0,"audience":559,"voice":0,"conversation":0,"engagement":0,"group_scoped":{"audienceScore":0.16201348856486192,"voiceScore":0,"engagementScore":0,"combinedScore":0.16201348856486192,"engagementSEI":0,"engagementSEIadj":0,"voiceSEI":0,"voiceSEIadj":0,"audienceSEI":0.4393479730260779,"audienceSEIadj":0.4393479730260779,"SEI":0.0439347973026078,"SEIadj":0.0439347973026078,"combinedScoreRank":221,"SEIrank":223,"engagementSEIrank":67,"voiceSEIrank":66,"audienceSEIrank":223},"non_scoped":{"SEI":0.009873237521128552,"SEIrank":222,"SEIadj":0,"audienceSEI":0.09873237521128551,"audienceSEIadj":0,"audienceSEIrank":222,"audienceScore":0.016028048798670504,"combinedScore":0.0008014024399335253,"combinedScoreRank":222,"engagementSEI":0,"engagementSEIadj":0,"engagementSEIrank":67,"engagementScore":0,"voiceSEI":0,"voiceSEIadj":0,"voiceSEIrank":66,"voiceScore":0},"scoped":{"SEI":0.04796307100936953,"SEIrank":200,"SEIadj":0,"audienceSEI":0.4796307100936953,"audienceSEIadj":0,"audienceSEIrank":200,"audienceScore":0.02538884907214884,"combinedScore":0.0036269784388784057,"combinedScoreRank":200,"engagementSEI":0,"engagementSEIadj":0,"engagementSEIrank":61,"engagementScore":0,"voiceSEI":0,"voiceSEIadj":0,"voiceSEIrank":60,"voiceScore":0}},"instagram":{"entityString":"536575ffb08f37d80186dea8","type":"instagram","profiles":0,"postsMade":0,"repliesMade":0,"repliesRcvd":0,"sharesMade":0,"sharesRcvd":0,"mentionsRcvd":0,"likesRcvd":0,"reachRcvd":0,"audience":0,"voice":0,"conversation":0,"engagement":0,"group_scoped":{"audienceScore":0,"voiceScore":0,"engagementScore":0,"combinedScore":0,"engagementSEI":0,"engagementSEIadj":0,"voiceSEI":0,"voiceSEIadj":0,"audienceSEI":0,"audienceSEIadj":0,"SEI":0,"SEIadj":0,"combinedScoreRank":127,"SEIrank":90,"engagementSEIrank":68,"voiceSEIrank":65,"audienceSEIrank":90},"non_scoped":{"SEI":0,"SEIrank":90,"SEIadj":0,"audienceSEI":0,"audienceSEIadj":0,"audienceSEIrank":90,"audienceScore":0,"combinedScore":0,"combinedScoreRank":90,"engagementSEI":0,"engagementSEIadj":0,"engagementSEIrank":68,"engagementScore":0,"voiceSEI":0,"voiceSEIadj":0,"voiceSEIrank":65,"voiceScore":0},"scoped":{"SEI":0,"SEIrank":82,"SEIadj":0,"audienceSEI":0,"audienceSEIadj":0,"audienceSEIrank":82,"audienceScore":0,"combinedScore":0,"combinedScoreRank":82,"engagementSEI":0,"engagementSEIadj":0,"engagementSEIrank":61,"engagementScore":0,"voiceSEI":0,"voiceSEIadj":0,"voiceSEIrank":60,"voiceScore":0}}},"hour":{"boundaryQuantum":4995822,"combined":{"entityString":"536575ffb08f37d80186dea8","type":"combined","profiles":1,"postsMade":0,"repliesMade":0,"repliesRcvd":0,"sharesMade":0,"sharesRcvd":0,"mentionsRcvd":0,"likesRcvd":0,"reachRcvd":0,"audience":559,"voice":0,"conversation":0,"engagement":0,"group_scoped":{"audienceScore":0.03938164477192814,"voiceScore":0,"engagementScore":0,"combinedScore":0.03938164477192814,"combinedScoreRank":225,"SEIrank":225,"engagementSEIrank":109,"voiceSEIrank":76,"audienceSEIrank":225,"engagementSEI":0,"engagementSEIadj":0,"voiceSEI":0,"voiceSEIadj":0,"audienceSEI":0.05694435955422447,"audienceSEIadj":0.05694435955422447,"SEI":0.005694435955422447,"SEIadj":0.005694435955422447},"non_scoped":{"SEI":0.002196178884466847,"SEIrank":227,"SEIadj":0,"audienceSEI":0.02196178884466847,"audienceSEIadj":0,"audienceSEIrank":227,"audienceScore":0.004046874828062116,"combinedScore":0.0002023437414031058,"combinedScoreRank":227,"engagementSEI":0,"engagementSEIadj":0,"engagementSEIrank":109,"engagementScore":0,"voiceSEI":0,"voiceSEIadj":0,"voiceSEIrank":76,"voiceScore":0},"scoped":{"SEI":0.028671371712280992,"SEIrank":204,"SEIadj":0,"audienceSEI":0.2867137171228099,"audienceSEIadj":0,"audienceSEIrank":204,"audienceScore":0.011618305211423017,"combinedScore":0.0005809152605711509,"combinedScoreRank":204,"engagementSEI":0,"engagementSEIadj":0,"engagementSEIrank":98,"engagementScore":0,"voiceSEI":0,"voiceSEIadj":0,"voiceSEIrank":66,"voiceScore":0}},"facebook":{"entityString":"536575ffb08f37d80186dea8","type":"facebook","profiles":0,"postsMade":0,"repliesMade":0,"repliesRcvd":0,"sharesMade":0,"sharesRcvd":0,"mentionsRcvd":0,"likesRcvd":0,"reachRcvd":0,"audience":0,"voice":0,"conversation":0,"engagement":0,"group_scoped":{"audienceScore":0,"voiceScore":0,"engagementScore":0,"combinedScore":0,"combinedScoreRank":207,"SEIrank":207,"engagementSEIrank":94,"voiceSEIrank":72,"audienceSEIrank":207,"engagementSEI":0,"engagementSEIadj":0,"voiceSEI":0,"voiceSEIadj":0,"audienceSEI":0,"audienceSEIadj":0,"SEI":0,"SEIadj":0},"non_scoped":{"SEI":0,"SEIrank":207,"SEIadj":0,"audienceSEI":0,"audienceSEIadj":0,"audienceSEIrank":207,"audienceScore":0,"combinedScore":0,"combinedScoreRank":207,"engagementSEI":0,"engagementSEIadj":0,"engagementSEIrank":94,"engagementScore":0,"voiceSEI":0,"voiceSEIadj":0,"voiceSEIrank":72,"voiceScore":0},"scoped":{"SEI":0,"SEIrank":189,"SEIadj":0,"audienceSEI":0,"audienceSEIadj":0,"audienceSEIrank":189,"audienceScore":0,"combinedScore":0,"combinedScoreRank":189,"engagementSEI":0,"engagementSEIadj":0,"engagementSEIrank":83,"engagementScore":0,"voiceSEI":0,"voiceSEIadj":0,"voiceSEIrank":62,"voiceScore":0}},"twitter":{"entityString":"536575ffb08f37d80186dea8","type":"twitter","profiles":1,"postsMade":0,"repliesMade":0,"repliesRcvd":0,"sharesMade":0,"sharesRcvd":0,"mentionsRcvd":0,"likesRcvd":0,"reachRcvd":0,"audience":559,"voice":0,"conversation":0,"engagement":0,"group_scoped":{"audienceScore":0.16201348856486192,"voiceScore":0,"engagementScore":0,"combinedScore":0.16201348856486192,"combinedScoreRank":221,"SEIrank":223,"engagementSEIrank":84,"voiceSEIrank":75,"audienceSEIrank":223,"engagementSEI":0,"engagementSEIadj":0,"voiceSEI":0,"voiceSEIadj":0,"audienceSEI":0.4393479730260779,"audienceSEIadj":0.4393479730260779,"SEI":0.0439347973026078,"SEIadj":0.0439347973026078},"non_scoped":{"SEI":0.009873237521128552,"SEIrank":222,"SEIadj":0,"audienceSEI":0.09873237521128551,"audienceSEIadj":0,"audienceSEIrank":222,"audienceScore":0.016028048798670504,"combinedScore":0.0008014024399335253,"combinedScoreRank":222,"engagementSEI":0,"engagementSEIadj":0,"engagementSEIrank":84,"engagementScore":0,"voiceSEI":0,"voiceSEIadj":0,"voiceSEIrank":75,"voiceScore":0},"scoped":{"SEI":0.04796307100936953,"SEIrank":200,"SEIadj":0,"audienceSEI":0.4796307100936953,"audienceSEIadj":0,"audienceSEIrank":200,"audienceScore":0.02538884907214884,"combinedScore":0.0012694424536074422,"combinedScoreRank":200,"engagementSEI":0,"engagementSEIadj":0,"engagementSEIrank":74,"engagementScore":0,"voiceSEI":0,"voiceSEIadj":0,"voiceSEIrank":65,"voiceScore":0}},"instagram":{"entityString":"536575ffb08f37d80186dea8","type":"instagram","profiles":0,"postsMade":0,"repliesMade":0,"repliesRcvd":0,"sharesMade":0,"sharesRcvd":0,"mentionsRcvd":0,"likesRcvd":0,"reachRcvd":0,"audience":0,"voice":0,"conversation":0,"engagement":0,"group_scoped":{"audienceScore":0,"voiceScore":0,"engagementScore":0,"combinedScore":0,"combinedScoreRank":127,"SEIrank":90,"engagementSEIrank":72,"voiceSEIrank":67,"audienceSEIrank":90,"engagementSEI":0,"engagementSEIadj":0,"voiceSEI":0,"voiceSEIadj":0,"audienceSEI":0,"audienceSEIadj":0,"SEI":0,"SEIadj":0},"non_scoped":{"SEI":0,"SEIrank":90,"SEIadj":0,"audienceSEI":0,"audienceSEIadj":0,"audienceSEIrank":90,"audienceScore":0,"combinedScore":0,"combinedScoreRank":90,"engagementSEI":0,"engagementSEIadj":0,"engagementSEIrank":72,"engagementScore":0,"voiceSEI":0,"voiceSEIadj":0,"voiceSEIrank":67,"voiceScore":0},"scoped":{"SEI":0,"SEIrank":82,"SEIadj":0,"audienceSEI":0,"audienceSEIadj":0,"audienceSEIrank":82,"audienceScore":0,"combinedScore":0,"combinedScoreRank":82,"engagementSEI":0,"engagementSEIadj":0,"engagementSEIrank":64,"engagementScore":0,"voiceSEI":0,"voiceSEIadj":0,"voiceSEIrank":60,"voiceScore":0}}},"today":{"boundaryQuantum":4995546,"combined":{"entityString":"536575ffb08f37d80186dea8","type":"combined","profiles":1,"postsMade":0,"repliesMade":0,"repliesRcvd":0,"sharesMade":0,"sharesRcvd":0,"mentionsRcvd":0,"likesRcvd":0,"reachRcvd":0,"audience":559,"voice":0,"conversation":0,"engagement":0,"group_scoped":{"audienceScore":0.03938164477192814,"voiceScore":0,"engagementScore":0,"combinedScore":0.03938164477192814,"combinedScoreRank":221,"SEIrank":226,"engagementSEIrank":186,"voiceSEIrank":166,"audienceSEIrank":225,"engagementSEI":0,"engagementSEIadj":0,"voiceSEI":0,"voiceSEIadj":0,"audienceSEI":0.05694435955422447,"audienceSEIadj":0.05694435955422447,"SEI":0.005694435955422447,"SEIadj":0.005694435955422447},"non_scoped":{"SEI":0.002196178884466847,"SEIrank":227,"SEIadj":0,"audienceSEI":0.02196178884466847,"audienceSEIadj":0,"audienceSEIrank":227,"audienceScore":0.004046874828062116,"combinedScore":0.0002023437414031058,"combinedScoreRank":227,"engagementSEI":0,"engagementSEIadj":0,"engagementSEIrank":186,"engagementScore":0,"voiceSEI":0,"voiceSEIadj":0,"voiceSEIrank":166,"voiceScore":0},"scoped":{"SEI":0.028671371712280992,"SEIrank":204,"SEIadj":0,"audienceSEI":0.2867137171228099,"audienceSEIadj":0,"audienceSEIrank":204,"audienceScore":0.011618305211423017,"combinedScore":0.0005809152605711509,"combinedScoreRank":204,"engagementSEI":0,"engagementSEIadj":0,"engagementSEIrank":173,"engagementScore":0,"voiceSEI":0,"voiceSEIadj":0,"voiceSEIrank":152,"voiceScore":0}},"facebook":{"entityString":"536575ffb08f37d80186dea8","type":"facebook","profiles":0,"postsMade":0,"repliesMade":0,"repliesRcvd":0,"sharesMade":0,"sharesRcvd":0,"mentionsRcvd":0,"likesRcvd":0,"reachRcvd":0,"audience":0,"voice":0,"conversation":0,"engagement":0,"group_scoped":{"audienceScore":0,"voiceScore":0,"engagementScore":0,"combinedScore":0,"combinedScoreRank":207,"SEIrank":207,"engagementSEIrank":132,"voiceSEIrank":114,"audienceSEIrank":207,"engagementSEI":0,"engagementSEIadj":0,"voiceSEI":0,"voiceSEIadj":0,"audienceSEI":0,"audienceSEIadj":0,"SEI":0,"SEIadj":0},"non_scoped":{"SEI":0,"SEIrank":207,"SEIadj":0,"audienceSEI":0,"audienceSEIadj":0,"audienceSEIrank":207,"audienceScore":0,"combinedScore":0,"combinedScoreRank":207,"engagementSEI":0,"engagementSEIadj":0,"engagementSEIrank":132,"engagementScore":0,"voiceSEI":0,"voiceSEIadj":0,"voiceSEIrank":114,"voiceScore":0},"scoped":{"SEI":0,"SEIrank":189,"SEIadj":0,"audienceSEI":0,"audienceSEIadj":0,"audienceSEIrank":189,"audienceScore":0,"combinedScore":0,"combinedScoreRank":189,"engagementSEI":0,"engagementSEIadj":0,"engagementSEIrank":121,"engagementScore":0,"voiceSEI":0,"voiceSEIadj":0,"voiceSEIrank":103,"voiceScore":0}},"twitter":{"entityString":"536575ffb08f37d80186dea8","type":"twitter","profiles":1,"postsMade":0,"repliesMade":0,"repliesRcvd":0,"sharesMade":0,"sharesRcvd":0,"mentionsRcvd":0,"likesRcvd":0,"reachRcvd":0,"audience":559,"voice":0,"conversation":0,"engagement":0,"group_scoped":{"audienceScore":0.16201348856486192,"voiceScore":0,"engagementScore":0,"combinedScore":0.16201348856486192,"combinedScoreRank":217,"SEIrank":223,"engagementSEIrank":172,"voiceSEIrank":154,"audienceSEIrank":223,"engagementSEI":0,"engagementSEIadj":0,"voiceSEI":0,"voiceSEIadj":0,"audienceSEI":0.4393479730260779,"audienceSEIadj":0.4393479730260779,"SEI":0.0439347973026078,"SEIadj":0.0439347973026078},"non_scoped":{"SEI":0.009873237521128552,"SEIrank":222,"SEIadj":0,"audienceSEI":0.09873237521128551,"audienceSEIadj":0,"audienceSEIrank":222,"audienceScore":0.016028048798670504,"combinedScore":0.0008014024399335253,"combinedScoreRank":222,"engagementSEI":0,"engagementSEIadj":0,"engagementSEIrank":172,"engagementScore":0,"voiceSEI":0,"voiceSEIadj":0,"voiceSEIrank":154,"voiceScore":0},"scoped":{"SEI":0.04796307100936953,"SEIrank":200,"SEIadj":0,"audienceSEI":0.4796307100936953,"audienceSEIadj":0,"audienceSEIrank":200,"audienceScore":0.02538884907214884,"combinedScore":0.0012694424536074422,"combinedScoreRank":200,"engagementSEI":0,"engagementSEIadj":0,"engagementSEIrank":159,"engagementScore":0,"voiceSEI":0,"voiceSEIadj":0,"voiceSEIrank":140,"voiceScore":0}},"instagram":{"entityString":"536575ffb08f37d80186dea8","type":"instagram","profiles":0,"postsMade":0,"repliesMade":0,"repliesRcvd":0,"sharesMade":0,"sharesRcvd":0,"mentionsRcvd":0,"likesRcvd":0,"reachRcvd":0,"audience":0,"voice":0,"conversation":0,"engagement":0,"group_scoped":{"audienceScore":0,"voiceScore":0,"engagementScore":0,"combinedScore":0,"combinedScoreRank":127,"SEIrank":90,"engagementSEIrank":85,"voiceSEIrank":75,"audienceSEIrank":90,"engagementSEI":0,"engagementSEIadj":0,"voiceSEI":0,"voiceSEIadj":0,"audienceSEI":0,"audienceSEIadj":0,"SEI":0,"SEIadj":0},"non_scoped":{"SEI":0,"SEIrank":90,"SEIadj":0,"audienceSEI":0,"audienceSEIadj":0,"audienceSEIrank":90,"audienceScore":0,"combinedScore":0,"combinedScoreRank":90,"engagementSEI":0,"engagementSEIadj":0,"engagementSEIrank":85,"engagementScore":0,"voiceSEI":0,"voiceSEIadj":0,"voiceSEIrank":75,"voiceScore":0},"scoped":{"SEI":0,"SEIrank":82,"SEIadj":0,"audienceSEI":0,"audienceSEIadj":0,"audienceSEIrank":82,"audienceScore":0,"combinedScore":0,"combinedScoreRank":82,"engagementSEI":0,"engagementSEIadj":0,"engagementSEIrank":77,"engagementScore":0,"voiceSEI":0,"voiceSEIadj":0,"voiceSEIrank":67,"voiceScore":0}}},"week":{"boundaryQuantum":4993818,"combined":{"entityString":"536575ffb08f37d80186dea8","type":"combined","profiles":1,"postsMade":0,"repliesMade":0,"repliesRcvd":0,"sharesMade":0,"sharesRcvd":0,"mentionsRcvd":0,"likesRcvd":0,"reachRcvd":0,"audience":559,"voice":0,"conversation":0,"engagement":0,"group_scoped":{"audienceScore":0.03938164477192814,"voiceScore":0,"engagementScore":0,"combinedScore":0.03938164477192814,"combinedScoreRank":216,"SEIrank":227,"engagementSEIrank":209,"voiceSEIrank":203,"audienceSEIrank":225,"engagementSEI":0,"engagementSEIadj":0,"voiceSEI":0,"voiceSEIadj":0,"audienceSEI":0.05694435955422447,"audienceSEIadj":0.05694435955422447,"SEI":0.005694435955422447,"SEIadj":0.005694435955422447},"non_scoped":{"SEI":0.002196178884466847,"SEIrank":227,"SEIadj":0,"audienceSEI":0.02196178884466847,"audienceSEIadj":0,"audienceSEIrank":227,"audienceScore":0.004046874828062116,"combinedScore":0.0002023437414031058,"combinedScoreRank":227,"engagementSEI":0,"engagementSEIadj":0,"engagementSEIrank":209,"engagementScore":0,"voiceSEI":0,"voiceSEIadj":0,"voiceSEIrank":203,"voiceScore":0},"scoped":{"SEI":0.028671371712280992,"SEIrank":204,"SEIadj":0,"audienceSEI":0.2867137171228099,"audienceSEIadj":0,"audienceSEIrank":204,"audienceScore":0.011618305211423017,"combinedScore":0.0005809152605711509,"combinedScoreRank":204,"engagementSEI":0,"engagementSEIadj":0,"engagementSEIrank":193,"engagementScore":0,"voiceSEI":0,"voiceSEIadj":0,"voiceSEIrank":187,"voiceScore":0}},"facebook":{"entityString":"536575ffb08f37d80186dea8","type":"facebook","profiles":0,"postsMade":0,"repliesMade":0,"repliesRcvd":0,"sharesMade":0,"sharesRcvd":0,"mentionsRcvd":0,"likesRcvd":0,"reachRcvd":0,"audience":0,"voice":0,"conversation":0,"engagement":0,"group_scoped":{"audienceScore":0,"voiceScore":0,"engagementScore":0,"combinedScore":0,"combinedScoreRank":207,"SEIrank":207,"engagementSEIrank":159,"voiceSEIrank":147,"audienceSEIrank":207,"engagementSEI":0,"engagementSEIadj":0,"voiceSEI":0,"voiceSEIadj":0,"audienceSEI":0,"audienceSEIadj":0,"SEI":0,"SEIadj":0},"non_scoped":{"SEI":0,"SEIrank":207,"SEIadj":0,"audienceSEI":0,"audienceSEIadj":0,"audienceSEIrank":207,"audienceScore":0,"combinedScore":0,"combinedScoreRank":207,"engagementSEI":0,"engagementSEIadj":0,"engagementSEIrank":159,"engagementScore":0,"voiceSEI":0,"voiceSEIadj":0,"voiceSEIrank":147,"voiceScore":0},"scoped":{"SEI":0,"SEIrank":189,"SEIadj":0,"audienceSEI":0,"audienceSEIadj":0,"audienceSEIrank":189,"audienceScore":0,"combinedScore":0,"combinedScoreRank":189,"engagementSEI":0,"engagementSEIadj":0,"engagementSEIrank":148,"engagementScore":0,"voiceSEI":0,"voiceSEIadj":0,"voiceSEIrank":136,"voiceScore":0}},"twitter":{"entityString":"536575ffb08f37d80186dea8","type":"twitter","profiles":1,"postsMade":0,"repliesMade":0,"repliesRcvd":0,"sharesMade":0,"sharesRcvd":0,"mentionsRcvd":0,"likesRcvd":0,"reachRcvd":0,"audience":559,"voice":0,"conversation":0,"engagement":0,"group_scoped":{"audienceScore":0.16201348856486192,"voiceScore":0,"engagementScore":0,"combinedScore":0.16201348856486192,"combinedScoreRank":204,"SEIrank":223,"engagementSEIrank":195,"voiceSEIrank":194,"audienceSEIrank":223,"engagementSEI":0,"engagementSEIadj":0,"voiceSEI":0,"voiceSEIadj":0,"audienceSEI":0.4393479730260779,"audienceSEIadj":0.4393479730260779,"SEI":0.0439347973026078,"SEIadj":0.0439347973026078},"non_scoped":{"SEI":0.009873237521128552,"SEIrank":222,"SEIadj":0,"audienceSEI":0.09873237521128551,"audienceSEIadj":0,"audienceSEIrank":222,"audienceScore":0.016028048798670504,"combinedScore":0.0008014024399335253,"combinedScoreRank":222,"engagementSEI":0,"engagementSEIadj":0,"engagementSEIrank":195,"engagementScore":0,"voiceSEI":0,"voiceSEIadj":0,"voiceSEIrank":194,"voiceScore":0},"scoped":{"SEI":0.04796307100936953,"SEIrank":200,"SEIadj":0,"audienceSEI":0.4796307100936953,"audienceSEIadj":0,"audienceSEIrank":200,"audienceScore":0.02538884907214884,"combinedScore":0.0012694424536074422,"combinedScoreRank":200,"engagementSEI":0,"engagementSEIadj":0,"engagementSEIrank":179,"engagementScore":0,"voiceSEI":0,"voiceSEIadj":0,"voiceSEIrank":178,"voiceScore":0}},"instagram":{"entityString":"536575ffb08f37d80186dea8","type":"instagram","profiles":0,"postsMade":0,"repliesMade":0,"repliesRcvd":0,"sharesMade":0,"sharesRcvd":0,"mentionsRcvd":0,"likesRcvd":0,"reachRcvd":0,"audience":0,"voice":0,"conversation":0,"engagement":0,"group_scoped":{"audienceScore":0,"voiceScore":0,"engagementScore":0,"combinedScore":0,"combinedScoreRank":127,"SEIrank":90,"engagementSEIrank":87,"voiceSEIrank":86,"audienceSEIrank":90,"engagementSEI":0,"engagementSEIadj":0,"voiceSEI":0,"voiceSEIadj":0,"audienceSEI":0,"audienceSEIadj":0,"SEI":0,"SEIadj":0},"non_scoped":{"SEI":0,"SEIrank":90,"SEIadj":0,"audienceSEI":0,"audienceSEIadj":0,"audienceSEIrank":90,"audienceScore":0,"combinedScore":0,"combinedScoreRank":90,"engagementSEI":0,"engagementSEIadj":0,"engagementSEIrank":87,"engagementScore":0,"voiceSEI":0,"voiceSEIadj":0,"voiceSEIrank":86,"voiceScore":0},"scoped":{"SEI":0,"SEIrank":82,"SEIadj":0,"audienceSEI":0,"audienceSEIadj":0,"audienceSEIrank":82,"audienceScore":0,"combinedScore":0,"combinedScoreRank":82,"engagementSEI":0,"engagementSEIadj":0,"engagementSEIrank":79,"engagementScore":0,"voiceSEI":0,"voiceSEIadj":0,"voiceSEIrank":78,"voiceScore":0}}},"month":{"boundaryQuantum":4987194,"combined":{"entityString":"536575ffb08f37d80186dea8","type":"combined","profiles":1,"postsMade":0,"repliesMade":0,"repliesRcvd":0,"sharesMade":0,"sharesRcvd":0,"mentionsRcvd":0,"likesRcvd":0,"reachRcvd":0,"audience":559,"voice":0,"conversation":0,"engagement":0,"group_scoped":{"audienceScore":0.03938164477192814,"voiceScore":0,"engagementScore":0,"combinedScore":0.03938164477192814,"combinedScoreRank":211,"SEIrank":227,"engagementSEIrank":219,"voiceSEIrank":218,"audienceSEIrank":225,"engagementSEI":0,"engagementSEIadj":0,"voiceSEI":0,"voiceSEIadj":0,"audienceSEI":0.05694435955422447,"audienceSEIadj":0.05694435955422447,"SEI":0.005694435955422447,"SEIadj":0.005694435955422447},"non_scoped":{"SEI":0.002196178884466847,"SEIrank":227,"SEIadj":0,"audienceSEI":0.02196178884466847,"audienceSEIadj":0,"audienceSEIrank":227,"audienceScore":0.004046874828062116,"combinedScore":0.0002023437414031058,"combinedScoreRank":227,"engagementSEI":0,"engagementSEIadj":0,"engagementSEIrank":219,"engagementScore":0,"voiceSEI":0,"voiceSEIadj":0,"voiceSEIrank":218,"voiceScore":0},"scoped":{"SEI":0.028671371712280992,"SEIrank":204,"SEIadj":0,"audienceSEI":0.2867137171228099,"audienceSEIadj":0,"audienceSEIrank":204,"audienceScore":0.011618305211423017,"combinedScore":0.0005809152605711509,"combinedScoreRank":204,"engagementSEI":0,"engagementSEIadj":0,"engagementSEIrank":198,"engagementScore":0,"voiceSEI":0,"voiceSEIadj":0,"voiceSEIrank":198,"voiceScore":0}},"facebook":{"entityString":"536575ffb08f37d80186dea8","type":"facebook","profiles":0,"postsMade":0,"repliesMade":0,"repliesRcvd":0,"sharesMade":0,"sharesRcvd":0,"mentionsRcvd":0,"likesRcvd":0,"reachRcvd":0,"audience":0,"voice":0,"conversation":0,"engagement":0,"group_scoped":{"audienceScore":0,"voiceScore":0,"engagementScore":0,"combinedScore":0,"combinedScoreRank":207,"SEIrank":207,"engagementSEIrank":169,"voiceSEIrank":164,"audienceSEIrank":207,"engagementSEI":0,"engagementSEIadj":0,"voiceSEI":0,"voiceSEIadj":0,"audienceSEI":0,"audienceSEIadj":0,"SEI":0,"SEIadj":0},"non_scoped":{"SEI":0,"SEIrank":207,"SEIadj":0,"audienceSEI":0,"audienceSEIadj":0,"audienceSEIrank":207,"audienceScore":0,"combinedScore":0,"combinedScoreRank":207,"engagementSEI":0,"engagementSEIadj":0,"engagementSEIrank":169,"engagementScore":0,"voiceSEI":0,"voiceSEIadj":0,"voiceSEIrank":164,"voiceScore":0},"scoped":{"SEI":0,"SEIrank":189,"SEIadj":0,"audienceSEI":0,"audienceSEIadj":0,"audienceSEIrank":189,"audienceScore":0,"combinedScore":0,"combinedScoreRank":189,"engagementSEI":0,"engagementSEIadj":0,"engagementSEIrank":156,"engagementScore":0,"voiceSEI":0,"voiceSEIadj":0,"voiceSEIrank":152,"voiceScore":0}},"twitter":{"entityString":"536575ffb08f37d80186dea8","type":"twitter","profiles":1,"postsMade":0,"repliesMade":0,"repliesRcvd":0,"sharesMade":0,"sharesRcvd":0,"mentionsRcvd":0,"likesRcvd":0,"reachRcvd":0,"audience":559,"voice":0,"conversation":0,"engagement":0,"group_scoped":{"audienceScore":0.16201348856486192,"voiceScore":0,"engagementScore":0,"combinedScore":0.16201348856486192,"combinedScoreRank":195,"SEIrank":224,"engagementSEIrank":212,"voiceSEIrank":212,"audienceSEIrank":223,"engagementSEI":0,"engagementSEIadj":0,"voiceSEI":0,"voiceSEIadj":0,"audienceSEI":0.4393479730260779,"audienceSEIadj":0.4393479730260779,"SEI":0.0439347973026078,"SEIadj":0.0439347973026078},"non_scoped":{"SEI":0.009873237521128552,"SEIrank":223,"SEIadj":0,"audienceSEI":0.09873237521128551,"audienceSEIadj":0,"audienceSEIrank":222,"audienceScore":0.016028048798670504,"combinedScore":0.0008014024399335253,"combinedScoreRank":223,"engagementSEI":0,"engagementSEIadj":0,"engagementSEIrank":212,"engagementScore":0,"voiceSEI":0,"voiceSEIadj":0,"voiceSEIrank":212,"voiceScore":0},"scoped":{"SEI":0.04796307100936953,"SEIrank":201,"SEIadj":0,"audienceSEI":0.4796307100936953,"audienceSEIadj":0,"audienceSEIrank":200,"audienceScore":0.02538884907214884,"combinedScore":0.0012694424536074422,"combinedScoreRank":201,"engagementSEI":0,"engagementSEIadj":0,"engagementSEIrank":192,"engagementScore":0,"voiceSEI":0,"voiceSEIadj":0,"voiceSEIrank":192,"voiceScore":0}},"instagram":{"entityString":"536575ffb08f37d80186dea8","type":"instagram","profiles":0,"postsMade":0,"repliesMade":0,"repliesRcvd":0,"sharesMade":0,"sharesRcvd":0,"mentionsRcvd":0,"likesRcvd":0,"reachRcvd":0,"audience":0,"voice":0,"conversation":0,"engagement":0,"group_scoped":{"audienceScore":0,"voiceScore":0,"engagementScore":0,"combinedScore":0,"combinedScoreRank":127,"SEIrank":90,"engagementSEIrank":87,"voiceSEIrank":87,"audienceSEIrank":90,"engagementSEI":0,"engagementSEIadj":0,"voiceSEI":0,"voiceSEIadj":0,"audienceSEI":0,"audienceSEIadj":0,"SEI":0,"SEIadj":0},"non_scoped":{"SEI":0,"SEIrank":90,"SEIadj":0,"audienceSEI":0,"audienceSEIadj":0,"audienceSEIrank":90,"audienceScore":0,"combinedScore":0,"combinedScoreRank":90,"engagementSEI":0,"engagementSEIadj":0,"engagementSEIrank":87,"engagementScore":0,"voiceSEI":0,"voiceSEIadj":0,"voiceSEIrank":87,"voiceScore":0},"scoped":{"SEI":0,"SEIrank":82,"SEIadj":0,"audienceSEI":0,"audienceSEIadj":0,"audienceSEIrank":82,"audienceScore":0,"combinedScore":0,"combinedScoreRank":82,"engagementSEI":0,"engagementSEIadj":0,"engagementSEIrank":79,"engagementScore":0,"voiceSEI":0,"voiceSEIadj":0,"voiceSEIrank":79,"voiceScore":0}}},"quarter":{"boundaryQuantum":4969914,"combined":{"entityString":"536575ffb08f37d80186dea8","type":"combined","profiles":1,"postsMade":2,"repliesMade":0,"repliesRcvd":0,"sharesMade":0,"sharesRcvd":3,"mentionsRcvd":0,"likesRcvd":5,"reachRcvd":0,"audience":559,"voice":2,"conversation":2,"engagement":8,"group_scoped":{"audienceScore":0.03938164477192814,"voiceScore":0.015904572564612324,"engagementScore":0.00068299013079261,"combinedScore":0.0033790019845403724,"combinedScoreRank":228,"SEIrank":224,"engagementSEIrank":211,"voiceSEIrank":216,"audienceSEIrank":225,"engagementSEI":0.0008118670608281246,"engagementSEIadj":0.0008118670608281246,"voiceSEI":0.025326073192351528,"voiceSEIadj":0.025326073192351528,"audienceSEI":0.05694435955422447,"audienceSEIadj":0.05694435955422447,"SEI":0.01377937814962478,"SEIadj":0.01377937814962478},"non_scoped":{"SEI":0.007843180252428505,"SEIrank":223,"SEIadj":0,"audienceSEI":0.02196178884466847,"audienceSEIadj":0,"audienceSEIrank":227,"audienceScore":0.004046874828062116,"combinedScore":0.00031808189516290475,"combinedScoreRank":225,"engagementSEI":0.00007023970792924649,"engagementSEIadj":0,"engagementSEIrank":216,"engagementScore":0.000028919014468905914,"voiceSEI":0.018682858477347034,"voiceSEIadj":0,"voiceSEIrank":214,"voiceScore":0.0017942208147556718},"scoped":{"SEI":0.05204149127857453,"SEIrank":202,"SEIadj":0,"audienceSEI":0.2867137171228099,"audienceSEIadj":0,"audienceSEIrank":204,"audienceScore":0.011618305211423017,"combinedScore":0.0010361156688784689,"combinedScoreRank":202,"engagementSEI":0.002090634220023572,"engagementSEIadj":0,"engagementSEIrank":196,"engagementScore":0.00029461263961877123,"voiceSEI":0.07371913011426465,"voiceSEIadj":0,"voiceSEIrank":195,"voiceScore":0.0038009806530084765}},"facebook":{"entityString":"536575ffb08f37d80186dea8","type":"facebook","profiles":0,"postsMade":0,"repliesMade":0,"repliesRcvd":0,"sharesMade":0,"sharesRcvd":0,"mentionsRcvd":0,"likesRcvd":0,"reachRcvd":0,"audience":0,"voice":0,"conversation":0,"engagement":0,"group_scoped":{"audienceScore":0,"voiceScore":0,"engagementScore":0,"combinedScore":0,"combinedScoreRank":207,"SEIrank":207,"engagementSEIrank":175,"voiceSEIrank":175,"audienceSEIrank":207,"engagementSEI":0,"engagementSEIadj":0,"voiceSEI":0,"voiceSEIadj":0,"audienceSEI":0,"audienceSEIadj":0,"SEI":0,"SEIadj":0},"non_scoped":{"SEI":0,"SEIrank":207,"SEIadj":0,"audienceSEI":0,"audienceSEIadj":0,"audienceSEIrank":207,"audienceScore":0,"combinedScore":0,"combinedScoreRank":207,"engagementSEI":0,"engagementSEIadj":0,"engagementSEIrank":175,"engagementScore":0,"voiceSEI":0,"voiceSEIadj":0,"voiceSEIrank":175,"voiceScore":0},"scoped":{"SEI":0,"SEIrank":189,"SEIadj":0,"audienceSEI":0,"audienceSEIadj":0,"audienceSEIrank":189,"audienceScore":0,"combinedScore":0,"combinedScoreRank":189,"engagementSEI":0,"engagementSEIadj":0,"engagementSEIrank":161,"engagementScore":0,"voiceSEI":0,"voiceSEIadj":0,"voiceSEIrank":161,"voiceScore":0}},"twitter":{"entityString":"536575ffb08f37d80186dea8","type":"twitter","profiles":1,"postsMade":2,"repliesMade":0,"repliesRcvd":0,"sharesMade":0,"sharesRcvd":3,"mentionsRcvd":0,"likesRcvd":5,"reachRcvd":0,"audience":559,"voice":2,"conversation":2,"engagement":8,"group_scoped":{"audienceScore":0.16201348856486192,"voiceScore":0.022975301550832855,"engagementScore":0.010577533319229955,"combinedScore":0.018769219493091696,"combinedScoreRank":224,"SEIrank":222,"engagementSEIrank":207,"voiceSEIrank":210,"audienceSEIrank":223,"engagementSEI":0.0270947639368692,"engagementSEIadj":0.0270947639368692,"voiceSEI":0.0429000429000429,"voiceSEIadj":0.0429000429000429,"audienceSEI":0.4393479730260779,"audienceSEIadj":0.4393479730260779,"SEI":0.07306166853474219,"SEIadj":0.07306166853474219},"non_scoped":{"SEI":0.022480144239571984,"SEIrank":220,"SEIadj":0,"audienceSEI":0.09873237521128551,"audienceSEIadj":0,"audienceSEIrank":222,"audienceScore":0.016028048798670504,"combinedScore":0.0018611133531300423,"combinedScoreRank":220,"engagementSEI":0.00432816118072237,"engagementSEIadj":0,"engagementSEIrank":210,"engagementScore":0.0010157298463327707,"voiceSEI":0.033366700033366704,"voiceSEIadj":0,"voiceSEIrank":207,"voiceScore":0.0029110810299404683},"scoped":{"SEI":0.09555717588504298,"SEIrank":200,"SEIadj":0,"audienceSEI":0.4796307100936953,"audienceSEIadj":0,"audienceSEIrank":200,"audienceScore":0.02538884907214884,"combinedScore":0.003351274243373615,"combinedScoreRank":199,"engagementSEI":0.02635740643120717,"engagementSEIadj":0,"engagementSEIrank":192,"engagementScore":0.0020172525524548702,"voiceSEI":0.1059322033898305,"voiceSEIadj":0,"voiceSEIrank":190,"voiceScore":0.005326089851135789}},"instagram":{"entityString":"536575ffb08f37d80186dea8","type":"instagram","profiles":0,"postsMade":0,"repliesMade":0,"repliesRcvd":0,"sharesMade":0,"sharesRcvd":0,"mentionsRcvd":0,"likesRcvd":0,"reachRcvd":0,"audience":0,"voice":0,"conversation":0,"engagement":0,"group_scoped":{"audienceScore":0,"voiceScore":0,"engagementScore":0,"combinedScore":0,"combinedScoreRank":127,"SEIrank":90,"engagementSEIrank":88,"voiceSEIrank":88,"audienceSEIrank":90,"engagementSEI":0,"engagementSEIadj":0,"voiceSEI":0,"voiceSEIadj":0,"audienceSEI":0,"audienceSEIadj":0,"SEI":0,"SEIadj":0},"non_scoped":{"SEI":0,"SEIrank":90,"SEIadj":0,"audienceSEI":0,"audienceSEIadj":0,"audienceSEIrank":90,"audienceScore":0,"combinedScore":0,"combinedScoreRank":90,"engagementSEI":0,"engagementSEIadj":0,"engagementSEIrank":88,"engagementScore":0,"voiceSEI":0,"voiceSEIadj":0,"voiceSEIrank":88,"voiceScore":0},"scoped":{"SEI":0,"SEIrank":82,"SEIadj":0,"audienceSEI":0,"audienceSEIadj":0,"audienceSEIrank":82,"audienceScore":0,"combinedScore":0,"combinedScoreRank":82,"engagementSEI":0,"engagementSEIadj":0,"engagementSEIrank":80,"engagementScore":0,"voiceSEI":0,"voiceSEIadj":0,"voiceSEIrank":80,"voiceScore":0}}},"blended":{"combined":{"non_scoped":{"SEI":0.005019679568447676,"SEIadj":20.004015743654758,"SEIrank":224,"audienceSEI":0.02196178884466847,"audienceSEIadj":20.017569431075735,"audienceSEIrank":227,"engagementSEI":0.000035119853964623245,"engagementSEIadj":20.00002809588317,"engagementSEIrank":216,"voiceSEI":0.009341429238673517,"voiceSEIadj":20.00747314339094,"voiceSEIrank":216},"scoped":{"SEI":0.030670887936525098,"SEIadj":20.02453671034922,"SEIrank":203,"compCharisma":0,"compInfluence":0,"compEva":0.030670887936525098,"audienceSEI":0.2867137171228099,"audienceSEIadj":20.22937097369825,"audienceSEIrank":204,"engagementSEI":0.001045317110011786,"engagementSEIadj":20.00083625368801,"engagementSEIrank":196,"voiceSEI":0.036859565057132324,"voiceSEIadj":20.029487652045706,"voiceSEIrank":196}},"facebook":{"non_scoped":{"SEI":0,"SEIadj":0,"SEIrank":207,"audienceSEI":0,"audienceSEIadj":0,"audienceSEIrank":207,"engagementSEI":0,"engagementSEIadj":0,"engagementSEIrank":175,"voiceSEI":0,"voiceSEIadj":0,"voiceSEIrank":175},"scoped":{"SEI":0,"SEIadj":0,"SEIrank":189,"audienceSEI":0,"audienceSEIadj":0,"audienceSEIrank":189,"engagementSEI":0,"engagementSEIadj":0,"engagementSEIrank":161,"voiceSEI":0,"voiceSEIadj":0,"voiceSEIrank":161}},"twitter":{"non_scoped":{"SEI":0.01617669088035027,"SEIadj":20.01294135270428,"SEIrank":222,"audienceSEI":0.09873237521128551,"audienceSEIadj":20.078985900169027,"audienceSEIrank":222,"engagementSEI":0.002164080590361185,"engagementSEIadj":20.00173126447229,"engagementSEIrank":210,"voiceSEI":0.016683350016683352,"voiceSEIadj":20.013346680013345,"voiceSEIrank":209},"scoped":{"SEI":0.07176012344720625,"SEIadj":20.057408098757765,"SEIrank":200,"audienceSEI":0.4796307100936953,"audienceSEIadj":20.383704568074958,"audienceSEIrank":200,"engagementSEI":0.013178703215603585,"engagementSEIadj":20.010542962572483,"engagementSEIrank":192,"voiceSEI":0.05296610169491525,"voiceSEIadj":20.04237288135593,"voiceSEIrank":192}},"instagram":{"non_scoped":{"SEI":0,"SEIadj":0,"SEIrank":90,"audienceSEI":0,"audienceSEIadj":0,"audienceSEIrank":90,"engagementSEI":0,"engagementSEIadj":0,"engagementSEIrank":88,"voiceSEI":0,"voiceSEIadj":0,"voiceSEIrank":88},"scoped":{"SEI":0,"SEIadj":0,"SEIrank":82,"audienceSEI":0,"audienceSEIadj":0,"audienceSEIrank":82,"engagementSEI":0,"engagementSEIadj":0,"engagementSEIrank":80,"voiceSEI":0,"voiceSEIadj":0,"voiceSEIrank":80}},"influence":{"facebook":{"scope":"individual","ratio":0,"calculated":false},"instagram":{"scope":"individual","ratio":0,"calculated":false},"combined":{"ratio":0.01,"bottom":true,"scope":"individual","calculated":true},"twitter":{"ratio":0.06,"bottom":true,"scope":"individual","calculated":true}},"charisma":{"facebook":{"scope":"individual","ratio":0,"calculated":false},"instagram":{"scope":"individual","ratio":0,"calculated":false},"combined":{"ratio":0.01,"bottom":true,"scope":"individual","calculated":true},"twitter":{"ratio":0.03,"bottom":false,"scope":"individual","calculated":true}}},"scope":"individual"}}