{"scoreEntityString":"591d1494ab33fb0001804f89.asset.536575feb08f37d80186a0a8","timeQuantum":4995834,"scoreEntityType":"asset","scoreProfileID":"591d1494ab33fb0001804f89","data":{"scoreEntityString":"591d1494ab33fb0001804f89.asset.536575feb08f37d80186a0a8","scoreProfileID":"591d1494ab33fb0001804f89","scoreEntityType":"asset","entityID":"asset.536575feb08f37d80186a0a8","object_version":"1.2","score_engine_version":"3.0.20","timestamp":4995834,"start_quantum":4969914,"end_quantum":4995833,"schedule_options":{"interval":15,"offset":"1"},"_15min":{"boundaryQuantum":4995831,"combined":{"entityString":"536575feb08f37d80186a0a8","type":"combined","profiles":2,"postsMade":0,"repliesMade":0,"repliesRcvd":0,"sharesMade":0,"sharesRcvd":1,"mentionsRcvd":0,"likesRcvd":0,"reachRcvd":0,"audience":7369,"voice":0,"conversation":0,"engagement":1,"group_scoped":{"audienceScore":0.32062326831237903,"voiceScore":0,"engagementScore":0.5524861878453038,"combinedScore":0.5193629136263145,"engagementSEI":0.5555555555555556,"engagementSEIadj":0.5555555555555556,"voiceSEI":0,"voiceSEIadj":0,"audienceSEI":0.49836167572338186,"audienceSEIadj":0.49836167572338186,"SEI":0.3831695009056715,"SEIadj":0.3831695009056715,"combinedScoreRank":125,"SEIrank":39,"engagementSEIrank":11,"voiceSEIrank":173,"audienceSEIrank":162},"non_scoped":{"SEI":0.14280305180098737,"SEIrank":47,"SEIadj":0,"audienceSEI":0.2895105939112021,"audienceSEIadj":0,"audienceSEIrank":141,"audienceScore":0.05334780072985641,"combinedScore":0.06732256245028592,"combinedScoreRank":14,"engagementSEI":0.18975332068311196,"engagementSEIadj":0,"engagementSEIrank":12,"engagementScore":0.07183908045977011,"voiceSEI":0,"voiceSEIadj":0,"voiceSEIrank":173,"voiceScore":0},"scoped":{"SEI":2.777959460013951,"SEIrank":26,"SEIadj":0,"audienceSEI":3.7795946001395104,"audienceSEIadj":0,"audienceSEIrank":128,"audienceScore":0.15315794472804334,"combinedScore":2.257657897236402,"combinedScoreRank":7,"engagementSEI":4,"engagementSEIadj":0,"engagementSEIrank":6,"engagementScore":2.5,"voiceSEI":0,"voiceSEIadj":0,"voiceSEIrank":158,"voiceScore":0}},"facebook":{"entityString":"536575feb08f37d80186a0a8","type":"facebook","profiles":1,"postsMade":0,"repliesMade":0,"repliesRcvd":0,"sharesMade":0,"sharesRcvd":0,"mentionsRcvd":0,"likesRcvd":0,"reachRcvd":0,"audience":1301,"voice":0,"conversation":0,"engagement":0,"group_scoped":{"audienceScore":0.08400632016803847,"voiceScore":0,"engagementScore":0,"combinedScore":0.08400632016803847,"engagementSEI":0,"engagementSEIadj":0,"voiceSEI":0,"voiceSEIadj":0,"audienceSEI":0.11844490309094766,"audienceSEIadj":0.11844490309094766,"SEI":0.011844490309094766,"SEIadj":0.011844490309094766,"combinedScoreRank":154,"SEIrank":152,"engagementSEIrank":175,"voiceSEIrank":173,"audienceSEIrank":152},"non_scoped":{"SEI":0.007006161221409235,"SEIrank":156,"SEIadj":0,"audienceSEI":0.07006161221409235,"audienceSEIadj":0,"audienceSEIrank":156,"audienceScore":0.013362236573417221,"combinedScore":0.0006681118286708611,"combinedScoreRank":156,"engagementSEI":0,"engagementSEIadj":0,"engagementSEIrank":175,"engagementScore":0,"voiceSEI":0,"voiceSEIadj":0,"voiceSEIrank":173,"voiceScore":0},"scoped":{"SEI":0.08930410071251083,"SEIrank":141,"SEIadj":0,"audienceSEI":0.8930410071251081,"audienceSEIadj":0,"audienceSEIrank":141,"audienceScore":0.05477504969120092,"combinedScore":0.0027387524845600463,"combinedScoreRank":141,"engagementSEI":0,"engagementSEIadj":0,"engagementSEIrank":158,"engagementScore":0,"voiceSEI":0,"voiceSEIadj":0,"voiceSEIrank":158,"voiceScore":0}},"twitter":{"entityString":"536575feb08f37d80186a0a8","type":"twitter","profiles":1,"postsMade":0,"repliesMade":0,"repliesRcvd":0,"sharesMade":0,"sharesRcvd":1,"mentionsRcvd":0,"likesRcvd":0,"reachRcvd":0,"audience":6068,"voice":0,"conversation":0,"engagement":1,"group_scoped":{"audienceScore":0.9511329579796106,"voiceScore":0,"engagementScore":100,"combinedScore":85.85016185113994,"engagementSEI":100,"engagementSEIadj":100,"voiceSEI":0,"voiceSEIadj":0,"audienceSEI":2.2593148333624993,"audienceSEIadj":2.2593148333624993,"SEI":60.22593148333625,"SEIadj":60.22593148333625,"combinedScoreRank":3,"SEIrank":3,"engagementSEIrank":3,"voiceSEIrank":173,"audienceSEIrank":160},"non_scoped":{"SEI":5.107174964719513,"SEIrank":3,"SEIadj":0,"audienceSEI":1.071749647195135,"audienceSEIadj":0,"audienceSEIrank":117,"audienceScore":0.1739860467090029,"combinedScore":4.50869930233545,"combinedScoreRank":3,"engagementSEI":8.333333333333332,"engagementSEIadj":0,"engagementSEIrank":3,"engagementScore":5,"voiceSEI":0,"voiceSEIadj":0,"voiceSEIrank":173,"voiceScore":0},"scoped":{"SEI":60.520643854892405,"SEIrank":1,"SEIadj":0,"audienceSEI":5.206438548924049,"audienceSEIadj":0,"audienceSEIrank":103,"audienceScore":0.2755984546865817,"combinedScore":85.75365692209807,"combinedScoreRank":1,"engagementSEI":100,"engagementSEIadj":0,"engagementSEIrank":1,"engagementScore":100,"voiceSEI":0,"voiceSEIadj":0,"voiceSEIrank":158,"voiceScore":0}},"instagram":{"entityString":"536575feb08f37d80186a0a8","type":"instagram","profiles":0,"postsMade":0,"repliesMade":0,"repliesRcvd":0,"sharesMade":0,"sharesRcvd":0,"mentionsRcvd":0,"likesRcvd":0,"reachRcvd":0,"audience":0,"voice":0,"conversation":0,"engagement":0,"group_scoped":{"audienceScore":0,"voiceScore":0,"engagementScore":0,"combinedScore":0,"engagementSEI":0,"engagementSEIadj":0,"voiceSEI":0,"voiceSEIadj":0,"audienceSEI":0,"audienceSEIadj":0,"SEI":0,"SEIadj":0,"combinedScoreRank":193,"SEIrank":174,"engagementSEIrank":174,"voiceSEIrank":173,"audienceSEIrank":174},"non_scoped":{"SEI":0,"SEIrank":174,"SEIadj":0,"audienceSEI":0,"audienceSEIadj":0,"audienceSEIrank":174,"audienceScore":0,"combinedScore":0,"combinedScoreRank":174,"engagementSEI":0,"engagementSEIadj":0,"engagementSEIrank":174,"engagementScore":0,"voiceSEI":0,"voiceSEIadj":0,"voiceSEIrank":173,"voiceScore":0},"scoped":{"SEI":0,"SEIrank":158,"SEIadj":0,"audienceSEI":0,"audienceSEIadj":0,"audienceSEIrank":158,"audienceScore":0,"combinedScore":0,"combinedScoreRank":158,"engagementSEI":0,"engagementSEIadj":0,"engagementSEIrank":158,"engagementScore":0,"voiceSEI":0,"voiceSEIadj":0,"voiceSEIrank":158,"voiceScore":0}}},"hour":{"boundaryQuantum":4995822,"combined":{"entityString":"536575feb08f37d80186a0a8","type":"combined","profiles":2,"postsMade":0,"repliesMade":0,"repliesRcvd":0,"sharesMade":0,"sharesRcvd":12,"mentionsRcvd":0,"likesRcvd":4,"reachRcvd":0,"audience":7369,"voice":0,"conversation":0,"engagement":16,"group_scoped":{"audienceScore":0.32062326831237903,"voiceScore":0,"engagementScore":1.5609756097560976,"combinedScore":1.3837824181212806,"combinedScoreRank":47,"SEIrank":38,"engagementSEIrank":17,"voiceSEIrank":179,"audienceSEIrank":162,"engagementSEI":1.6477857878475797,"engagementSEIadj":1.6477857878475797,"voiceSEI":0,"voiceSEIadj":0,"audienceSEI":0.49836167572338186,"audienceSEIadj":0.49836167572338186,"SEI":1.038507640280886,"SEIadj":1.038507640280886},"non_scoped":{"SEI":0.3488444282681612,"SEIrank":42,"SEIadj":0,"audienceSEI":0.2895105939112021,"audienceSEIadj":0,"audienceSEIrank":141,"audienceScore":0.05334780072985641,"combinedScore":0.16710726670658532,"combinedScoreRank":19,"engagementSEI":0.5331556147950683,"engagementSEIadj":0,"engagementSEIrank":13,"engagementScore":0.18271097407788053,"voiceSEI":0,"voiceSEIadj":0,"voiceSEIrank":179,"voiceScore":0},"scoped":{"SEI":8.119894943884919,"SEIrank":25,"SEIadj":0,"audienceSEI":3.7795946001395104,"audienceSEIadj":0,"audienceSEIrank":128,"audienceScore":0.15315794472804334,"combinedScore":2.8423035665277405,"combinedScoreRank":7,"engagementSEI":12.903225806451612,"engagementSEIadj":0,"engagementSEIrank":6,"engagementScore":3.149606299212598,"voiceSEI":0,"voiceSEIadj":0,"voiceSEIrank":162,"voiceScore":0}},"facebook":{"entityString":"536575feb08f37d80186a0a8","type":"facebook","profiles":1,"postsMade":0,"repliesMade":0,"repliesRcvd":0,"sharesMade":0,"sharesRcvd":0,"mentionsRcvd":0,"likesRcvd":0,"reachRcvd":0,"audience":1301,"voice":0,"conversation":0,"engagement":0,"group_scoped":{"audienceScore":0.08400632016803847,"voiceScore":0,"engagementScore":0,"combinedScore":0.08400632016803847,"combinedScoreRank":155,"SEIrank":153,"engagementSEIrank":182,"voiceSEIrank":177,"audienceSEIrank":152,"engagementSEI":0,"engagementSEIadj":0,"voiceSEI":0,"voiceSEIadj":0,"audienceSEI":0.11844490309094766,"audienceSEIadj":0.11844490309094766,"SEI":0.011844490309094766,"SEIadj":0.011844490309094766},"non_scoped":{"SEI":0.007006161221409235,"SEIrank":156,"SEIadj":0,"audienceSEI":0.07006161221409235,"audienceSEIadj":0,"audienceSEIrank":156,"audienceScore":0.013362236573417221,"combinedScore":0.0006681118286708611,"combinedScoreRank":156,"engagementSEI":0,"engagementSEIadj":0,"engagementSEIrank":182,"engagementScore":0,"voiceSEI":0,"voiceSEIadj":0,"voiceSEIrank":177,"voiceScore":0},"scoped":{"SEI":0.08930410071251083,"SEIrank":141,"SEIadj":0,"audienceSEI":0.8930410071251081,"audienceSEIadj":0,"audienceSEIrank":141,"audienceScore":0.05477504969120092,"combinedScore":0.0027387524845600463,"combinedScoreRank":141,"engagementSEI":0,"engagementSEIadj":0,"engagementSEIrank":164,"engagementScore":0,"voiceSEI":0,"voiceSEIadj":0,"voiceSEIrank":160,"voiceScore":0}},"twitter":{"entityString":"536575feb08f37d80186a0a8","type":"twitter","profiles":1,"postsMade":0,"repliesMade":0,"repliesRcvd":0,"sharesMade":0,"sharesRcvd":12,"mentionsRcvd":0,"likesRcvd":4,"reachRcvd":0,"audience":6068,"voice":0,"conversation":0,"engagement":16,"group_scoped":{"audienceScore":0.9511329579796106,"voiceScore":0,"engagementScore":23.18840579710145,"combinedScore":20.011652534369755,"combinedScoreRank":16,"SEIrank":14,"engagementSEIrank":11,"voiceSEIrank":178,"audienceSEIrank":160,"engagementSEI":35.55555555555556,"engagementSEIadj":35.55555555555556,"voiceSEI":0,"voiceSEIadj":0,"audienceSEI":2.2593148333624993,"audienceSEIadj":2.2593148333624993,"SEI":21.559264816669582,"SEIadj":21.559264816669582},"non_scoped":{"SEI":9.079137581541943,"SEIrank":13,"SEIadj":0,"audienceSEI":1.071749647195135,"audienceSEIadj":0,"audienceSEIrank":117,"audienceScore":0.1739860467090029,"combinedScore":4.923375070253539,"combinedScoreRank":4,"engagementSEI":14.953271028037381,"engagementSEIadj":0,"engagementSEIrank":3,"engagementScore":5.460750853242321,"voiceSEI":0,"voiceSEIadj":0,"voiceSEIrank":178,"voiceScore":0},"scoped":{"SEI":60.520643854892405,"SEIrank":2,"SEIadj":0,"audienceSEI":5.206438548924049,"audienceSEIadj":0,"audienceSEIrank":103,"audienceScore":0.2755984546865817,"combinedScore":12.986752895707303,"combinedScoreRank":1,"engagementSEI":100,"engagementSEIadj":0,"engagementSEIrank":1,"engagementScore":14.414414414414415,"voiceSEI":0,"voiceSEIadj":0,"voiceSEIrank":161,"voiceScore":0}},"instagram":{"entityString":"536575feb08f37d80186a0a8","type":"instagram","profiles":0,"postsMade":0,"repliesMade":0,"repliesRcvd":0,"sharesMade":0,"sharesRcvd":0,"mentionsRcvd":0,"likesRcvd":0,"reachRcvd":0,"audience":0,"voice":0,"conversation":0,"engagement":0,"group_scoped":{"audienceScore":0,"voiceScore":0,"engagementScore":0,"combinedScore":0,"combinedScoreRank":193,"SEIrank":174,"engagementSEIrank":174,"voiceSEIrank":173,"audienceSEIrank":174,"engagementSEI":0,"engagementSEIadj":0,"voiceSEI":0,"voiceSEIadj":0,"audienceSEI":0,"audienceSEIadj":0,"SEI":0,"SEIadj":0},"non_scoped":{"SEI":0,"SEIrank":174,"SEIadj":0,"audienceSEI":0,"audienceSEIadj":0,"audienceSEIrank":174,"audienceScore":0,"combinedScore":0,"combinedScoreRank":174,"engagementSEI":0,"engagementSEIadj":0,"engagementSEIrank":174,"engagementScore":0,"voiceSEI":0,"voiceSEIadj":0,"voiceSEIrank":173,"voiceScore":0},"scoped":{"SEI":0,"SEIrank":158,"SEIadj":0,"audienceSEI":0,"audienceSEIadj":0,"audienceSEIrank":158,"audienceScore":0,"combinedScore":0,"combinedScoreRank":158,"engagementSEI":0,"engagementSEIadj":0,"engagementSEIrank":158,"engagementScore":0,"voiceSEI":0,"voiceSEIadj":0,"voiceSEIrank":158,"voiceScore":0}}},"today":{"boundaryQuantum":4995546,"combined":{"entityString":"536575feb08f37d80186a0a8","type":"combined","profiles":2,"postsMade":24,"repliesMade":0,"repliesRcvd":0,"sharesMade":0,"sharesRcvd":81,"mentionsRcvd":0,"likesRcvd":75,"reachRcvd":0,"audience":7369,"voice":24,"conversation":24,"engagement":156,"group_scoped":{"audienceScore":0.32062326831237903,"voiceScore":7.8431372549019605,"engagementScore":0.9441956179639268,"combinedScore":1.2579640823282512,"combinedScoreRank":36,"SEIrank":16,"engagementSEIrank":33,"voiceSEIrank":9,"audienceSEIrank":162,"engagementSEI":1.0690056876584664,"engagementSEIadj":1.0690056876584664,"voiceSEI":19.672131147540984,"voiceSEIadj":19.672131147540984,"audienceSEI":0.49836167572338186,"audienceSEIadj":0.49836167572338186,"SEI":6.592878924429714,"SEIadj":6.592878924429714},"non_scoped":{"SEI":5.055577926592004,"SEIrank":10,"SEIadj":0,"audienceSEI":0.2895105939112021,"audienceSEIadj":0,"audienceSEIrank":141,"audienceScore":0.05334780072985641,"combinedScore":0.13864829456411368,"combinedScoreRank":34,"engagementSEI":0.15853336314302555,"engagementSEIadj":0,"engagementSEIrank":47,"engagementScore":0.05804499975814583,"voiceSEI":16.43835616438356,"voiceSEIadj":0,"voiceSEIrank":10,"voiceScore":1.6748080949057922},"scoped":{"SEI":31.98394011084948,"SEIrank":10,"SEIadj":0,"audienceSEI":3.7795946001395104,"audienceSEIadj":0,"audienceSEIrank":128,"audienceScore":0.15315794472804334,"combinedScore":0.7847984735447834,"combinedScoreRank":34,"engagementSEI":8.232189973614776,"engagementSEIadj":0,"engagementSEIrank":38,"engagementScore":0.6452680344142951,"voiceSEI":88.88888888888889,"voiceSEIadj":0,"voiceSEIrank":2,"voiceScore":3.927986906710311}},"facebook":{"entityString":"536575feb08f37d80186a0a8","type":"facebook","profiles":1,"postsMade":1,"repliesMade":0,"repliesRcvd":0,"sharesMade":0,"sharesRcvd":0,"mentionsRcvd":0,"likesRcvd":0,"reachRcvd":0,"audience":1301,"voice":1,"conversation":1,"engagement":0,"group_scoped":{"audienceScore":0.08400632016803847,"voiceScore":1.4925373134328357,"engagementScore":0,"combinedScore":1.1404045651166363,"combinedScoreRank":36,"SEIrank":62,"engagementSEIrank":193,"voiceSEIrank":45,"audienceSEIrank":152,"engagementSEI":0,"engagementSEIadj":0,"voiceSEI":3.225806451612903,"voiceSEIadj":3.225806451612903,"audienceSEI":0.11844490309094766,"audienceSEIadj":0.11844490309094766,"SEI":0.9795864257929656,"SEIadj":0.9795864257929656},"non_scoped":{"SEI":0.46155161576686377,"SEIrank":75,"SEIadj":0,"audienceSEI":0.07006161221409235,"audienceSEIadj":0,"audienceSEIrank":156,"audienceScore":0.013362236573417221,"combinedScore":0.010549534753572048,"combinedScoreRank":95,"engagementSEI":0,"engagementSEIadj":0,"engagementSEIrank":193,"engagementScore":0,"voiceSEI":1.5151515151515151,"voiceSEIadj":0,"voiceSEIrank":69,"voiceScore":0.1976284584980237},"scoped":{"SEI":2.5893041007125106,"SEIrank":76,"SEIadj":0,"audienceSEI":0.8930410071251081,"audienceSEIadj":0,"audienceSEIrank":141,"audienceScore":0.05477504969120092,"combinedScore":0.03304178278759035,"combinedScoreRank":92,"engagementSEI":0,"engagementSEIadj":0,"engagementSEIrank":175,"engagementScore":0,"voiceSEI":8.333333333333332,"voiceSEIadj":0,"voiceSEIrank":59,"voiceScore":0.6060606060606061}},"twitter":{"entityString":"536575feb08f37d80186a0a8","type":"twitter","profiles":1,"postsMade":23,"repliesMade":0,"repliesRcvd":0,"sharesMade":0,"sharesRcvd":81,"mentionsRcvd":0,"likesRcvd":75,"reachRcvd":0,"audience":6068,"voice":23,"conversation":23,"engagement":156,"group_scoped":{"audienceScore":0.9511329579796106,"voiceScore":9.787234042553191,"engagementScore":7.492795389048991,"combinedScore":7.280434200170733,"combinedScoreRank":20,"SEIrank":20,"engagementSEIrank":27,"voiceSEIrank":11,"audienceSEIrank":160,"engagementSEI":13.708260105448156,"engagementSEIadj":13.708260105448156,"voiceSEI":26.436781609195403,"voiceSEIadj":26.436781609195403,"audienceSEI":2.2593148333624993,"audienceSEIadj":2.2593148333624993,"SEI":16.381922029363764,"SEIadj":16.381922029363764},"non_scoped":{"SEI":12.40588001953504,"SEIrank":10,"SEIadj":0,"audienceSEI":1.071749647195135,"audienceSEIadj":0,"audienceSEIrank":117,"audienceScore":0.1739860467090029,"combinedScore":1.7701256820571032,"combinedScoreRank":10,"engagementSEI":7.576493443419135,"engagementSEIadj":0,"engagementSEIrank":10,"engagementScore":1.812267657992565,"voiceSEI":25.842696629213485,"voiceSEIadj":0,"voiceSEIrank":8,"voiceScore":2.6077097505668934},"scoped":{"SEI":63.71213321659453,"SEIrank":3,"SEIadj":0,"audienceSEI":5.206438548924049,"audienceSEIadj":0,"audienceSEIrank":103,"audienceScore":0.2755984546865817,"combinedScore":3.7487479064919427,"combinedScoreRank":5,"engagementSEI":55.319148936170215,"engagementSEIadj":0,"engagementSEIrank":5,"engagementScore":3.857566765578635,"voiceSEI":100,"voiceSEIadj":0,"voiceSEIrank":1,"voiceScore":5.263157894736842}},"instagram":{"entityString":"536575feb08f37d80186a0a8","type":"instagram","profiles":0,"postsMade":0,"repliesMade":0,"repliesRcvd":0,"sharesMade":0,"sharesRcvd":0,"mentionsRcvd":0,"likesRcvd":0,"reachRcvd":0,"audience":0,"voice":0,"conversation":0,"engagement":0,"group_scoped":{"audienceScore":0,"voiceScore":0,"engagementScore":0,"combinedScore":0,"combinedScoreRank":193,"SEIrank":174,"engagementSEIrank":174,"voiceSEIrank":174,"audienceSEIrank":174,"engagementSEI":0,"engagementSEIadj":0,"voiceSEI":0,"voiceSEIadj":0,"audienceSEI":0,"audienceSEIadj":0,"SEI":0,"SEIadj":0},"non_scoped":{"SEI":0,"SEIrank":174,"SEIadj":0,"audienceSEI":0,"audienceSEIadj":0,"audienceSEIrank":174,"audienceScore":0,"combinedScore":0,"combinedScoreRank":174,"engagementSEI":0,"engagementSEIadj":0,"engagementSEIrank":174,"engagementScore":0,"voiceSEI":0,"voiceSEIadj":0,"voiceSEIrank":174,"voiceScore":0},"scoped":{"SEI":0,"SEIrank":158,"SEIadj":0,"audienceSEI":0,"audienceSEIadj":0,"audienceSEIrank":158,"audienceScore":0,"combinedScore":0,"combinedScoreRank":158,"engagementSEI":0,"engagementSEIadj":0,"engagementSEIrank":158,"engagementScore":0,"voiceSEI":0,"voiceSEIadj":0,"voiceSEIrank":158,"voiceScore":0}}},"week":{"boundaryQuantum":4993818,"combined":{"entityString":"536575feb08f37d80186a0a8","type":"combined","profiles":2,"postsMade":50,"repliesMade":0,"repliesRcvd":2,"sharesMade":0,"sharesRcvd":149,"mentionsRcvd":0,"likesRcvd":293,"reachRcvd":0,"audience":7369,"voice":50,"conversation":52,"engagement":444,"group_scoped":{"audienceScore":0.32062326831237903,"voiceScore":3.178639542275906,"engagementScore":0.36511956843524884,"combinedScore":0.5035707521211382,"combinedScoreRank":69,"SEIrank":42,"engagementSEIrank":65,"voiceSEIrank":29,"audienceSEIrank":162,"engagementSEI":0.4340685124354763,"engagementSEIadj":0.4340685124354763,"voiceSEI":8.347245409015025,"voiceSEIadj":8.347245409015025,"audienceSEI":0.49836167572338186,"audienceSEIadj":0.49836167572338186,"SEI":2.8144508977381317,"SEIadj":2.8144508977381317},"non_scoped":{"SEI":1.8589457117507455,"SEIrank":36,"SEIadj":0,"audienceSEI":0.2895105939112021,"audienceSEIadj":0,"audienceSEIrank":141,"audienceScore":0.05334780072985641,"combinedScore":0.05379171552539143,"combinedScoreRank":67,"engagementSEI":0.055979111218138235,"engagementSEIadj":0,"engagementSEIrank":76,"engagementScore":0.023478138099042842,"voiceSEI":5.9880239520958085,"voiceSEIadj":0,"voiceSEIrank":30,"voiceScore":0.599880023995201},"scoped":{"SEI":7.839944519771037,"SEIrank":42,"SEIadj":0,"audienceSEI":3.7795946001395104,"audienceSEIadj":0,"audienceSEIrank":128,"audienceScore":0.15315794472804334,"combinedScore":0.2713082036048268,"combinedScoreRank":68,"engagementSEI":1.5196111985762202,"engagementSEIadj":0,"engagementSEIrank":67,"engagementScore":0.22240700481881842,"voiceSEI":21.83406113537118,"voiceSEIadj":0,"voiceSEIrank":22,"voiceScore":1.2696800406297613}},"facebook":{"entityString":"536575feb08f37d80186a0a8","type":"facebook","profiles":1,"postsMade":2,"repliesMade":0,"repliesRcvd":2,"sharesMade":0,"sharesRcvd":0,"mentionsRcvd":0,"likesRcvd":3,"reachRcvd":0,"audience":1301,"voice":2,"conversation":4,"engagement":5,"group_scoped":{"audienceScore":0.08400632016803847,"voiceScore":0.4629629629629629,"engagementScore":0.005914430026378358,"combinedScore":0.03267145118029059,"combinedScoreRank":154,"SEIrank":101,"engagementSEIrank":114,"voiceSEIrank":87,"audienceSEIrank":152,"engagementSEI":0.006837513333151,"engagementSEIadj":0.006837513333151,"voiceSEI":1.0869565217391304,"voiceSEIadj":1.0869565217391304,"audienceSEI":0.11844490309094766,"audienceSEIadj":0.11844490309094766,"SEI":0.34203395483072446,"SEIadj":0.34203395483072446},"non_scoped":{"SEI":0.18441382792190505,"SEIrank":109,"SEIadj":0,"audienceSEI":0.07006161221409235,"audienceSEIadj":0,"audienceSEIrank":156,"audienceScore":0.013362236573417221,"combinedScore":0.004369739992024269,"combinedScoreRank":134,"engagementSEI":0.0006941937633632299,"engagementSEIadj":0,"engagementSEIrank":128,"engagementScore":0.0003116505574493521,"voiceSEI":0.5899705014749262,"voiceSEIadj":0,"voiceSEIrank":97,"voiceScore":0.06842285323297981},"scoped":{"SEI":0.870152429761354,"SEIrank":112,"SEIadj":0,"audienceSEI":0.8930410071251081,"audienceSEIadj":0,"audienceSEIrank":141,"audienceScore":0.05477504969120092,"combinedScore":0.01654182090185978,"combinedScoreRank":124,"engagementSEI":0.051413881748071974,"engagementSEIadj":0,"engagementSEIrank":118,"engagementScore":0.00444349649852476,"voiceSEI":2.5,"voiceSEIadj":0,"voiceSEIrank":87,"voiceScore":0.19607843137254902}},"twitter":{"entityString":"536575feb08f37d80186a0a8","type":"twitter","profiles":1,"postsMade":48,"repliesMade":0,"repliesRcvd":0,"sharesMade":0,"sharesRcvd":149,"mentionsRcvd":0,"likesRcvd":290,"reachRcvd":0,"audience":6068,"voice":48,"conversation":48,"engagement":439,"group_scoped":{"audienceScore":0.9511329579796106,"voiceScore":4.304932735426009,"engagementScore":3.058380939111049,"combinedScore":3.0153461298702253,"combinedScoreRank":54,"SEIrank":58,"engagementSEIrank":58,"voiceSEIrank":31,"audienceSEIrank":160,"engagementSEI":6.8051464889164475,"engagementSEIadj":6.8051464889164475,"voiceSEI":12.339331619537274,"voiceSEIadj":12.339331619537274,"audienceSEI":2.2593148333624993,"audienceSEIadj":2.2593148333624993,"SEI":8.0108188625473,"SEIadj":8.0108188625473},"non_scoped":{"SEI":5.15246560619706,"SEIrank":28,"SEIadj":0,"audienceSEI":1.071749647195135,"audienceSEIadj":0,"audienceSEIrank":117,"audienceScore":0.1739860467090029,"combinedScore":0.6926032533523704,"combinedScoreRank":32,"engagementSEI":3.345526596555403,"engagementSEIadj":0,"engagementSEIrank":33,"engagementScore":0.7075851842300377,"voiceSEI":10.126582278481013,"voiceSEIadj":0,"voiceSEIrank":21,"voiceScore":0.9415457041977247},"scoped":{"SEI":20.982182316430865,"SEIrank":23,"SEIadj":0,"audienceSEI":5.206438548924049,"audienceSEIadj":0,"audienceSEIrank":103,"audienceScore":0.2755984546865817,"combinedScore":1.245538401000975,"combinedScoreRank":24,"engagementSEI":20.466200466200466,"engagementSEIadj":0,"engagementSEIrank":25,"engagementScore":1.274458572838646,"voiceSEI":27.27272727272727,"voiceSEIadj":0,"voiceSEIrank":13,"voiceScore":1.694915254237288}},"instagram":{"entityString":"536575feb08f37d80186a0a8","type":"instagram","profiles":0,"postsMade":0,"repliesMade":0,"repliesRcvd":0,"sharesMade":0,"sharesRcvd":0,"mentionsRcvd":0,"likesRcvd":0,"reachRcvd":0,"audience":0,"voice":0,"conversation":0,"engagement":0,"group_scoped":{"audienceScore":0,"voiceScore":0,"engagementScore":0,"combinedScore":0,"combinedScoreRank":193,"SEIrank":174,"engagementSEIrank":174,"voiceSEIrank":174,"audienceSEIrank":174,"engagementSEI":0,"engagementSEIadj":0,"voiceSEI":0,"voiceSEIadj":0,"audienceSEI":0,"audienceSEIadj":0,"SEI":0,"SEIadj":0},"non_scoped":{"SEI":0,"SEIrank":174,"SEIadj":0,"audienceSEI":0,"audienceSEIadj":0,"audienceSEIrank":174,"audienceScore":0,"combinedScore":0,"combinedScoreRank":174,"engagementSEI":0,"engagementSEIadj":0,"engagementSEIrank":174,"engagementScore":0,"voiceSEI":0,"voiceSEIadj":0,"voiceSEIrank":174,"voiceScore":0},"scoped":{"SEI":0,"SEIrank":158,"SEIadj":0,"audienceSEI":0,"audienceSEIadj":0,"audienceSEIrank":158,"audienceScore":0,"combinedScore":0,"combinedScoreRank":158,"engagementSEI":0,"engagementSEIadj":0,"engagementSEIrank":158,"engagementScore":0,"voiceSEI":0,"voiceSEIadj":0,"voiceSEIrank":158,"voiceScore":0}}},"month":{"boundaryQuantum":4987194,"combined":{"entityString":"536575feb08f37d80186a0a8","type":"combined","profiles":2,"postsMade":294,"repliesMade":0,"repliesRcvd":5,"sharesMade":0,"sharesRcvd":428,"mentionsRcvd":0,"likesRcvd":669,"reachRcvd":0,"audience":7369,"voice":294,"conversation":299,"engagement":1102,"group_scoped":{"audienceScore":0.32062326831237903,"voiceScore":3.837118245888802,"engagementScore":0.20481786636284732,"combinedScore":0.3922231554366217,"combinedScoreRank":75,"SEIrank":36,"engagementSEIrank":78,"voiceSEIrank":20,"audienceSEIrank":162,"engagementSEI":0.2381055269867335,"engagementSEIadj":0.2381055269867335,"voiceSEI":10.162461113031455,"voiceSEIadj":10.162461113031455,"audienceSEI":0.49836167572338186,"audienceSEIadj":0.49836167572338186,"SEI":3.241437817673815,"SEIadj":3.241437817673815},"non_scoped":{"SEI":2.4451489319167043,"SEIrank":23,"SEIadj":0,"audienceSEI":0.2895105939112021,"audienceSEIadj":0,"audienceSEIrank":141,"audienceScore":0.05334780072985641,"combinedScore":0.05262896753588258,"combinedScoreRank":72,"engagementSEI":0.03025909694992696,"engagementSEIadj":0,"engagementSEIrank":101,"engagementScore":0.012658969431230896,"voiceSEI":7.99347471451876,"voiceSEIadj":0,"voiceSEIrank":20,"voiceScore":0.7713701002256389},"scoped":{"SEI":10.092277037884953,"SEIrank":35,"SEIadj":0,"audienceSEI":3.7795946001395104,"audienceSEIadj":0,"audienceSEIrank":128,"audienceScore":0.15315794472804334,"combinedScore":0.20556606075274006,"combinedScoreRank":82,"engagementSEI":0.9098640157863883,"engagementSEIadj":0,"engagementSEIrank":90,"engagementScore":0.12967848678620936,"voiceSEI":30.561330561330564,"voiceSEIadj":0,"voiceSEIrank":12,"voiceScore":1.623950508174989}},"facebook":{"entityString":"536575feb08f37d80186a0a8","type":"facebook","profiles":1,"postsMade":28,"repliesMade":0,"repliesRcvd":5,"sharesMade":0,"sharesRcvd":5,"mentionsRcvd":0,"likesRcvd":18,"reachRcvd":0,"audience":1301,"voice":28,"conversation":33,"engagement":28,"group_scoped":{"audienceScore":0.08400632016803847,"voiceScore":1.3779527559055118,"engagementScore":0.007420796251437779,"combinedScore":0.07977667042997152,"combinedScoreRank":124,"SEIrank":69,"engagementSEIrank":127,"voiceSEIrank":40,"audienceSEIrank":152,"engagementSEI":0.008405833648552095,"engagementSEIadj":0.008405833648552095,"voiceSEI":3.40632603406326,"voiceSEIadj":3.40632603406326,"audienceSEI":0.11844490309094766,"audienceSEIadj":0.11844490309094766,"SEI":1.0387858007172042,"SEIadj":1.0387858007172042},"non_scoped":{"SEI":0.5619623175965178,"SEIrank":70,"SEIadj":0,"audienceSEI":0.07006161221409235,"audienceSEIadj":0,"audienceSEIrank":156,"audienceScore":0.013362236573417221,"combinedScore":0.011540203419883523,"combinedScoreRank":105,"engagementSEI":0.0008345180509234837,"engagementSEIadj":0,"engagementSEIrank":134,"engagementScore":0.0003709895696282499,"voiceSEI":1.8481848184818481,"voiceSEIadj":0,"voiceSEIrank":52,"voiceScore":0.2107640195709447},"scoped":{"SEI":2.120159918026602,"SEIrank":90,"SEIadj":0,"audienceSEI":0.8930410071251081,"audienceSEIadj":0,"audienceSEIrank":141,"audienceScore":0.05477504969120092,"combinedScore":0.037569661932068364,"combinedScoreRank":111,"engagementSEI":0.07506702412868632,"engagementSEIadj":0,"engagementSEIrank":124,"engagementScore":0.005405728914278654,"voiceSEI":6.619385342789598,"voiceSEIadj":0,"voiceSEIrank":44,"voiceScore":0.5993150684931506}},"twitter":{"entityString":"536575feb08f37d80186a0a8","type":"twitter","profiles":1,"postsMade":266,"repliesMade":0,"repliesRcvd":0,"sharesMade":0,"sharesRcvd":423,"mentionsRcvd":0,"likesRcvd":651,"reachRcvd":0,"audience":6068,"voice":266,"conversation":266,"engagement":1074,"group_scoped":{"audienceScore":0.9511329579796106,"voiceScore":4.812737470598878,"engagementScore":1.7134925573158475,"combinedScore":1.8303368230131871,"combinedScoreRank":78,"SEIrank":62,"engagementSEIrank":88,"voiceSEIrank":28,"audienceSEIrank":160,"engagementSEI":3.390579618638717,"engagementSEIadj":3.390579618638717,"voiceSEI":13.516260162601625,"voiceSEIadj":13.516260162601625,"audienceSEI":2.2593148333624993,"audienceSEIadj":2.2593148333624993,"SEI":6.3151573032999675,"SEIadj":6.3151573032999675},"non_scoped":{"SEI":4.944635042261436,"SEIrank":27,"SEIadj":0,"audienceSEI":1.071749647195135,"audienceSEIadj":0,"audienceSEIrank":117,"audienceScore":0.1739860467090029,"combinedScore":0.4199433202521606,"combinedScoreRank":45,"engagementSEI":1.7139847752190358,"engagementSEIadj":0,"engagementSEIrank":46,"engagementScore":0.3944048856262554,"voiceSEI":12.69689737470167,"voiceSEIadj":0,"voiceSEIrank":16,"voiceScore":1.1255924170616114},"scoped":{"SEI":17.823902334098,"SEIrank":23,"SEIadj":0,"audienceSEI":5.206438548924049,"audienceSEIadj":0,"audienceSEIrank":103,"audienceScore":0.2755984546865817,"combinedScore":0.7955722481334412,"combinedScoreRank":35,"engagementSEI":9.422705737848744,"engagementSEIadj":0,"engagementSEIrank":36,"engagementScore":0.755928123482337,"voiceSEI":38.83211678832117,"voiceSEIadj":0,"voiceSEIrank":8,"voiceScore":2.0291402853001754}},"instagram":{"entityString":"536575feb08f37d80186a0a8","type":"instagram","profiles":0,"postsMade":0,"repliesMade":0,"repliesRcvd":0,"sharesMade":0,"sharesRcvd":0,"mentionsRcvd":0,"likesRcvd":0,"reachRcvd":0,"audience":0,"voice":0,"conversation":0,"engagement":0,"group_scoped":{"audienceScore":0,"voiceScore":0,"engagementScore":0,"combinedScore":0,"combinedScoreRank":193,"SEIrank":174,"engagementSEIrank":174,"voiceSEIrank":174,"audienceSEIrank":174,"engagementSEI":0,"engagementSEIadj":0,"voiceSEI":0,"voiceSEIadj":0,"audienceSEI":0,"audienceSEIadj":0,"SEI":0,"SEIadj":0},"non_scoped":{"SEI":0,"SEIrank":174,"SEIadj":0,"audienceSEI":0,"audienceSEIadj":0,"audienceSEIrank":174,"audienceScore":0,"combinedScore":0,"combinedScoreRank":174,"engagementSEI":0,"engagementSEIadj":0,"engagementSEIrank":174,"engagementScore":0,"voiceSEI":0,"voiceSEIadj":0,"voiceSEIrank":174,"voiceScore":0},"scoped":{"SEI":0,"SEIrank":158,"SEIadj":0,"audienceSEI":0,"audienceSEIadj":0,"audienceSEIrank":158,"audienceScore":0,"combinedScore":0,"combinedScoreRank":158,"engagementSEI":0,"engagementSEIadj":0,"engagementSEIrank":158,"engagementScore":0,"voiceSEI":0,"voiceSEIadj":0,"voiceSEIrank":158,"voiceScore":0}}},"quarter":{"boundaryQuantum":4969914,"combined":{"entityString":"536575feb08f37d80186a0a8","type":"combined","profiles":2,"postsMade":574,"repliesMade":0,"repliesRcvd":11,"sharesMade":0,"sharesRcvd":844,"mentionsRcvd":0,"likesRcvd":1216,"reachRcvd":0,"audience":7369,"voice":574,"conversation":585,"engagement":2071,"group_scoped":{"audienceScore":0.32062326831237903,"voiceScore":2.6853801169590645,"engagementScore":0.11515285972202066,"combinedScore":0.2539377430133908,"combinedScoreRank":92,"SEIrank":55,"engagementSEIrank":104,"voiceSEIrank":40,"audienceSEIrank":162,"engagementSEI":0.13007903353350808,"engagementSEIadj":0.13007903353350808,"voiceSEI":6.482945561328213,"voiceSEIadj":6.482945561328213,"audienceSEI":0.49836167572338186,"audienceSEIadj":0.49836167572338186,"SEI":2.072767256090907,"SEIadj":2.072767256090907},"non_scoped":{"SEI":1.64845515692481,"SEIrank":42,"SEIadj":0,"audienceSEI":0.2895105939112021,"audienceSEIadj":0,"audienceSEIrank":141,"audienceScore":0.05334780072985641,"combinedScore":0.03515222761181093,"combinedScoreRank":87,"engagementSEI":0.018183304390183685,"engagementSEIadj":0,"engagementSEIrank":120,"engagementScore":0.007486409870638018,"voiceSEI":5.361980382998599,"voiceSEIadj":0,"voiceSEIrank":35,"voiceScore":0.5149413738348778},"scoped":{"SEI":7.049904323077299,"SEIrank":53,"SEIadj":0,"audienceSEI":3.7795946001395104,"audienceSEIadj":0,"audienceSEIrank":128,"audienceScore":0.15315794472804334,"combinedScore":0.13084303198025227,"combinedScoreRank":93,"engagementSEI":0.5412129337086022,"engagementSEIadj":0,"engagementSEIrank":109,"engagementScore":0.0762678470813094,"voiceSEI":21.157390342793956,"voiceSEIadj":0,"voiceSEIrank":26,"voiceScore":1.0908814474134327}},"facebook":{"entityString":"536575feb08f37d80186a0a8","type":"facebook","profiles":1,"postsMade":74,"repliesMade":0,"repliesRcvd":11,"sharesMade":0,"sharesRcvd":8,"mentionsRcvd":0,"likesRcvd":44,"reachRcvd":0,"audience":1301,"voice":74,"conversation":85,"engagement":63,"group_scoped":{"audienceScore":0.08400632016803847,"voiceScore":1.2087553087226397,"engagementScore":0.004770598573818198,"combinedScore":0.06893162016097029,"combinedScoreRank":118,"SEIrank":80,"engagementSEIrank":141,"voiceSEIrank":54,"audienceSEIrank":152,"engagementSEI":0.005301227528685531,"engagementSEIadj":0.005301227528685531,"voiceSEI":2.7611940298507465,"voiceSEIadj":2.7611940298507465,"audienceSEI":0.11844490309094766,"audienceSEIadj":0.11844490309094766,"SEI":0.84338343578153,"SEIadj":0.84338343578153},"non_scoped":{"SEI":0.49313591041770877,"SEIrank":80,"SEIadj":0,"audienceSEI":0.07006161221409235,"audienceSEIadj":0,"audienceSEIrank":156,"audienceScore":0.013362236573417221,"combinedScore":0.010162164931705383,"combinedScoreRank":114,"engagementSEI":0.0005882399077639824,"engagementSEIadj":0,"engagementSEIrank":145,"engagementScore":0.000257018711859749,"voiceSEI":1.6192560175054704,"voiceSEIadj":0,"voiceSEIrank":66,"voiceScore":0.18525472524721492},"scoped":{"SEI":2.493860566904976,"SEIrank":94,"SEIadj":0,"audienceSEI":0.8930410071251081,"audienceSEIadj":0,"audienceSEIrank":141,"audienceScore":0.05477504969120092,"combinedScore":0.031809285775647754,"combinedScoreRank":119,"engagementSEI":0.054602657329323366,"engagementSEIadj":0,"engagementSEIrank":133,"engagementScore":0.0035535740776360043,"voiceSEI":7.905982905982905,"voiceSEIadj":0,"voiceSEIrank":57,"voiceScore":0.517446332424306}},"twitter":{"entityString":"536575feb08f37d80186a0a8","type":"twitter","profiles":1,"postsMade":500,"repliesMade":0,"repliesRcvd":0,"sharesMade":0,"sharesRcvd":836,"mentionsRcvd":0,"likesRcvd":1172,"reachRcvd":0,"audience":6068,"voice":500,"conversation":500,"engagement":2008,"group_scoped":{"audienceScore":0.9511329579796106,"voiceScore":3.33912114331508,"engagementScore":1.1489780503993958,"combinedScore":1.2485929504241908,"combinedScoreRank":91,"SEIrank":85,"engagementSEIrank":110,"voiceSEIrank":44,"audienceSEIrank":160,"engagementSEI":1.996440608874616,"engagementSEIadj":1.996440608874616,"voiceSEI":8.481764206955047,"voiceSEIadj":8.481764206955047,"audienceSEI":2.2593148333624993,"audienceSEIadj":2.2593148333624993,"SEI":3.9683251107475335,"SEIadj":3.9683251107475335},"non_scoped":{"SEI":3.261498541038805,"SEIrank":43,"SEIadj":0,"audienceSEI":1.071749647195135,"audienceSEIadj":0,"audienceSEIrank":117,"audienceScore":0.1739860467090029,"combinedScore":0.274541187496279,"combinedScoreRank":60,"engagementSEI":1.086368456361315,"engagementSEIadj":0,"engagementSEIrank":63,"engagementScore":0.2549481914295255,"voiceSEI":8.341675008341674,"voiceSEIadj":0,"voiceSEIrank":29,"voiceScore":0.727770257485117},"scoped":{"SEI":12.434984517669495,"SEIrank":37,"SEIadj":0,"audienceSEI":5.206438548924049,"audienceSEIadj":0,"audienceSEIrank":103,"audienceScore":0.2755984546865817,"combinedScore":0.5360533974730817,"combinedScoreRank":50,"engagementSEI":6.6157090142329995,"engagementSEIadj":0,"engagementSEIrank":53,"engagementScore":0.5063303906661725,"voiceSEI":26.48305084745763,"voiceSEIadj":0,"voiceSEIrank":20,"voiceScore":1.3315224627839473}},"instagram":{"entityString":"536575feb08f37d80186a0a8","type":"instagram","profiles":0,"postsMade":0,"repliesMade":0,"repliesRcvd":0,"sharesMade":0,"sharesRcvd":0,"mentionsRcvd":0,"likesRcvd":0,"reachRcvd":0,"audience":0,"voice":0,"conversation":0,"engagement":0,"group_scoped":{"audienceScore":0,"voiceScore":0,"engagementScore":0,"combinedScore":0,"combinedScoreRank":193,"SEIrank":174,"engagementSEIrank":174,"voiceSEIrank":174,"audienceSEIrank":174,"engagementSEI":0,"engagementSEIadj":0,"voiceSEI":0,"voiceSEIadj":0,"audienceSEI":0,"audienceSEIadj":0,"SEI":0,"SEIadj":0},"non_scoped":{"SEI":0,"SEIrank":174,"SEIadj":0,"audienceSEI":0,"audienceSEIadj":0,"audienceSEIrank":174,"audienceScore":0,"combinedScore":0,"combinedScoreRank":174,"engagementSEI":0,"engagementSEIadj":0,"engagementSEIrank":174,"engagementScore":0,"voiceSEI":0,"voiceSEIadj":0,"voiceSEIrank":174,"voiceScore":0},"scoped":{"SEI":0,"SEIrank":158,"SEIadj":0,"audienceSEI":0,"audienceSEIadj":0,"audienceSEIrank":158,"audienceScore":0,"combinedScore":0,"combinedScoreRank":158,"engagementSEI":0,"engagementSEIadj":0,"engagementSEIrank":158,"engagementScore":0,"voiceSEI":0,"voiceSEIadj":0,"voiceSEIrank":158,"voiceScore":0}}},"blended":{"combined":{"non_scoped":{"SEI":2.0014625281047342,"SEIadj":60.80058501124189,"SEIrank":33,"audienceSEI":0.2895105939112021,"audienceSEIadj":50.1447552969556,"audienceSEIrank":141,"engagementSEI":0.03835091826017363,"engagementSEIadj":50.01917545913009,"engagementSEIrank":95,"voiceSEI":6.498336392525033,"voiceSEIadj":62.59933455701001,"voiceSEIrank":26},"scoped":{"SEI":18.832380299808335,"SEIadj":67.53295211992334,"SEIrank":33,"compCharisma":0,"compInfluence":12,"compEva":6.832380299808334,"audienceSEI":3.77959460013951,"audienceSEIadj":51.88979730006975,"audienceSEIrank":128,"engagementSEI":1.274578927475864,"engagementSEIadj":50.63728946373793,"engagementSEIrank":81,"voiceSEI":26.157557540652363,"voiceSEIadj":77.84726726219571,"voiceSEIrank":14}},"facebook":{"non_scoped":{"SEI":0.4092640320132468,"SEIadj":50.20463201600662,"SEIrank":88,"audienceSEI":0.07006161221409235,"audienceSEIadj":50.035030806107045,"audienceSEIrank":156,"engagementSEI":0.0006275557905294827,"engagementSEIadj":50.000313777895265,"engagementSEIrank":143,"voiceSEI":1.339604457725066,"voiceSEIadj":60.53584178309003,"voiceSEIrank":67},"scoped":{"SEI":1.9554652051205101,"SEIadj":50.97773260256025,"SEIrank":100,"audienceSEI":0.8930410071251081,"audienceSEIadj":50.44652050356255,"audienceSEIrank":141,"engagementSEI":0.05398554680838623,"engagementSEIadj":50.026992773404196,"engagementSEIrank":132,"voiceSEI":6.112565921076559,"voiceSEIadj":62.445026368430625,"voiceSEIrank":58}},"twitter":{"non_scoped":{"SEI":4.538478209694488,"SEIadj":61.815391283877794,"SEIrank":28,"audienceSEI":1.071749647195135,"audienceSEIadj":50.53587482359757,"audienceSEIrank":117,"engagementSEI":2.182764595601091,"engagementSEIadj":60.873105838240434,"engagementSEIrank":37,"voiceSEI":10.405481625381068,"voiceSEIadj":73.12164448761432,"voiceSEIrank":21},"scoped":{"SEI":18.371338964708436,"SEIadj":67.34853558588337,"SEIrank":24,"audienceSEI":5.206438548924049,"audienceSEIadj":52.60321927446203,"audienceSEIrank":103,"engagementSEI":13.627077954462461,"engagementSEIadj":65.45083118178499,"engagementSEIrank":29,"voiceSEI":32.24816112379517,"voiceSEIadj":79.67444833713856,"voiceSEIrank":12}},"instagram":{"non_scoped":{"SEI":0,"SEIadj":0,"SEIrank":174,"audienceSEI":0,"audienceSEIadj":0,"audienceSEIrank":174,"engagementSEI":0,"engagementSEIadj":0,"engagementSEIrank":174,"voiceSEI":0,"voiceSEIadj":0,"voiceSEIrank":174},"scoped":{"SEI":0,"SEIadj":0,"SEIrank":158,"audienceSEI":0,"audienceSEIadj":0,"audienceSEIrank":158,"engagementSEI":0,"engagementSEIadj":0,"engagementSEIrank":158,"voiceSEI":0,"voiceSEIadj":0,"voiceSEIrank":158}},"influence":{"instagram":{"scope":"individual","ratio":0,"calculated":false},"combined":{"ratio":2,"bottom":true,"scope":"individual","calculated":true},"facebook":{"ratio":0.17,"bottom":true,"scope":"individual","calculated":true},"twitter":{"ratio":1.65,"bottom":false,"scope":"individual","calculated":true}},"charisma":{"instagram":{"scope":"individual","ratio":0,"calculated":false},"combined":{"ratio":0.06,"bottom":false,"scope":"individual","calculated":true},"facebook":{"ratio":0.01,"bottom":false,"scope":"individual","calculated":true},"twitter":{"ratio":0.42,"bottom":false,"scope":"individual","calculated":true}}},"scope":"individual"}}