{"scoreEntityString":"591d1494ab33fb0001804f89.asset.536575feb08f37d80186a0e6","timeQuantum":4995834,"scoreEntityType":"asset","scoreProfileID":"591d1494ab33fb0001804f89","data":{"scoreEntityString":"591d1494ab33fb0001804f89.asset.536575feb08f37d80186a0e6","scoreProfileID":"591d1494ab33fb0001804f89","scoreEntityType":"asset","entityID":"asset.536575feb08f37d80186a0e6","object_version":"1.2","score_engine_version":"3.0.20","timestamp":4995834,"start_quantum":4969914,"end_quantum":4995833,"schedule_options":{"interval":15,"offset":"1"},"_15min":{"boundaryQuantum":4995831,"combined":{"entityString":"536575feb08f37d80186a0e6","type":"combined","profiles":3,"postsMade":0,"repliesMade":0,"repliesRcvd":0,"sharesMade":0,"sharesRcvd":0,"mentionsRcvd":0,"likesRcvd":0,"reachRcvd":0,"audience":24712,"voice":0,"conversation":0,"engagement":0,"group_scoped":{"audienceScore":0.8335494899771342,"voiceScore":0,"engagementScore":0,"combinedScore":0.8335494899771342,"engagementSEI":0,"engagementSEIadj":0,"voiceSEI":0,"voiceSEIadj":0,"audienceSEI":1.2845396771601236,"audienceSEIadj":1.2845396771601236,"SEI":0.12845396771601236,"SEIadj":0.12845396771601236,"combinedScoreRank":88,"SEIrank":97,"engagementSEIrank":121,"voiceSEIrank":115,"audienceSEIrank":95},"non_scoped":{"SEI":0.09708760750079559,"SEIrank":70,"SEIadj":0,"audienceSEI":0.9708760750079558,"audienceSEIadj":0,"audienceSEIrank":69,"audienceScore":0.1789022732577299,"combinedScore":0.008945113662886495,"combinedScoreRank":70,"engagementSEI":0,"engagementSEIadj":0,"engagementSEIrank":121,"engagementScore":0,"voiceSEI":0,"voiceSEIadj":0,"voiceSEIrank":115,"voiceScore":0},"scoped":{"SEI":1.2674900496491732,"SEIrank":59,"SEIadj":0,"audienceSEI":12.67490049649173,"audienceSEIadj":0,"audienceSEIrank":58,"audienceScore":0.5136163835146433,"combinedScore":0.02568081917573217,"combinedScoreRank":59,"engagementSEI":0,"engagementSEIadj":0,"engagementSEIrank":108,"engagementScore":0,"voiceSEI":0,"voiceSEIadj":0,"voiceSEIrank":105,"voiceScore":0}},"facebook":{"entityString":"536575feb08f37d80186a0e6","type":"facebook","profiles":1,"postsMade":0,"repliesMade":0,"repliesRcvd":0,"sharesMade":0,"sharesRcvd":0,"mentionsRcvd":0,"likesRcvd":0,"reachRcvd":0,"audience":10132,"voice":0,"conversation":0,"engagement":0,"group_scoped":{"audienceScore":0.48505785315462346,"voiceScore":0,"engagementScore":0,"combinedScore":0.48505785315462346,"engagementSEI":0,"engagementSEIadj":0,"voiceSEI":0,"voiceSEIadj":0,"audienceSEI":0.5759779886816802,"audienceSEIadj":0.5759779886816802,"SEI":0.057597798868168015,"SEIadj":0.057597798868168015,"combinedScoreRank":92,"SEIrank":98,"engagementSEIrank":119,"voiceSEIrank":115,"audienceSEIrank":98},"non_scoped":{"SEI":0.05456297117241996,"SEIrank":86,"SEIadj":0,"audienceSEI":0.5456297117241996,"audienceSEIadj":0,"audienceSEIrank":86,"audienceScore":0.10406316753409939,"combinedScore":0.0052031583767049696,"combinedScoreRank":86,"engagementSEI":0,"engagementSEIadj":0,"engagementSEIrank":119,"engagementScore":0,"voiceSEI":0,"voiceSEIadj":0,"voiceSEIrank":115,"voiceScore":0},"scoped":{"SEI":0.6954874315289468,"SEIrank":75,"SEIadj":0,"audienceSEI":6.954874315289467,"audienceSEIadj":0,"audienceSEIrank":75,"audienceScore":0.4265801717688299,"combinedScore":0.021329008588441497,"combinedScoreRank":75,"engagementSEI":0,"engagementSEIadj":0,"engagementSEIrank":106,"engagementScore":0,"voiceSEI":0,"voiceSEIadj":0,"voiceSEIrank":105,"voiceScore":0}},"twitter":{"entityString":"536575feb08f37d80186a0e6","type":"twitter","profiles":1,"postsMade":0,"repliesMade":0,"repliesRcvd":0,"sharesMade":0,"sharesRcvd":0,"mentionsRcvd":0,"likesRcvd":0,"reachRcvd":0,"audience":10749,"voice":0,"conversation":0,"engagement":0,"group_scoped":{"audienceScore":1.8772627486731321,"voiceScore":0,"engagementScore":0,"combinedScore":1.8772627486731321,"engagementSEI":0,"engagementSEIadj":0,"voiceSEI":0,"voiceSEIadj":0,"audienceSEI":11.20878433335419,"audienceSEIadj":11.20878433335419,"SEI":1.1208784333354191,"SEIadj":1.1208784333354191,"combinedScoreRank":80,"SEIrank":46,"engagementSEIrank":116,"voiceSEIrank":115,"audienceSEIrank":45},"non_scoped":{"SEI":0.1898522900082483,"SEIrank":68,"SEIadj":0,"audienceSEI":1.8985229000824828,"audienceSEIadj":0,"audienceSEIrank":67,"audienceScore":0.3082030349497482,"combinedScore":0.015410151747487411,"combinedScoreRank":68,"engagementSEI":0,"engagementSEIadj":0,"engagementSEIrank":116,"engagementScore":0,"voiceSEI":0,"voiceSEIadj":0,"voiceSEIrank":115,"voiceScore":0},"scoped":{"SEI":0.9222809486220269,"SEIrank":57,"SEIadj":0,"audienceSEI":9.22280948622027,"audienceSEIadj":0,"audienceSEIrank":56,"audienceScore":0.48820167920666885,"combinedScore":0.06974309702952412,"combinedScoreRank":57,"engagementSEI":0,"engagementSEIadj":0,"engagementSEIrank":106,"engagementScore":0,"voiceSEI":0,"voiceSEIadj":0,"voiceSEIrank":105,"voiceScore":0}},"instagram":{"entityString":"536575feb08f37d80186a0e6","type":"instagram","profiles":1,"postsMade":0,"repliesMade":0,"repliesRcvd":0,"sharesMade":0,"sharesRcvd":0,"mentionsRcvd":0,"likesRcvd":0,"reachRcvd":0,"audience":3831,"voice":0,"conversation":0,"engagement":0,"group_scoped":{"audienceScore":1.2632766051460962,"voiceScore":0,"engagementScore":0,"combinedScore":1.2632766051460962,"engagementSEI":0,"engagementSEIadj":0,"voiceSEI":0,"voiceSEIadj":0,"audienceSEI":4.457968720908583,"audienceSEIadj":4.457968720908583,"SEI":0.4457968720908583,"SEIadj":0.4457968720908583,"combinedScoreRank":53,"SEIrank":16,"engagementSEIrank":117,"voiceSEIrank":115,"audienceSEIrank":16},"non_scoped":{"SEI":0.31346141258100413,"SEIrank":15,"SEIadj":0,"audienceSEI":3.134614125810041,"audienceSEIadj":0,"audienceSEIrank":15,"audienceScore":0.6503162461933328,"combinedScore":0.09290232088476183,"combinedScoreRank":15,"engagementSEI":0,"engagementSEIadj":0,"engagementSEIrank":117,"engagementScore":0,"voiceSEI":0,"voiceSEIadj":0,"voiceSEIrank":115,"voiceScore":0},"scoped":{"SEI":0.4457968720908583,"SEIrank":11,"SEIadj":0,"audienceSEI":4.457968720908583,"audienceSEIadj":0,"audienceSEIrank":11,"audienceScore":1.6340371081254,"combinedScore":0.23343387258934284,"combinedScoreRank":11,"engagementSEI":0,"engagementSEIadj":0,"engagementSEIrank":106,"engagementScore":0,"voiceSEI":0,"voiceSEIadj":0,"voiceSEIrank":105,"voiceScore":0}}},"hour":{"boundaryQuantum":4995822,"combined":{"entityString":"536575feb08f37d80186a0e6","type":"combined","profiles":3,"postsMade":0,"repliesMade":0,"repliesRcvd":0,"sharesMade":0,"sharesRcvd":0,"mentionsRcvd":0,"likesRcvd":0,"reachRcvd":0,"audience":24712,"voice":0,"conversation":0,"engagement":0,"group_scoped":{"audienceScore":0.8335494899771342,"voiceScore":0,"engagementScore":0,"combinedScore":0.8335494899771342,"combinedScoreRank":77,"SEIrank":114,"engagementSEIrank":147,"voiceSEIrank":123,"audienceSEIrank":95,"engagementSEI":0,"engagementSEIadj":0,"voiceSEI":0,"voiceSEIadj":0,"audienceSEI":1.2845396771601236,"audienceSEIadj":1.2845396771601236,"SEI":0.12845396771601236,"SEIadj":0.12845396771601236},"non_scoped":{"SEI":0.09708760750079559,"SEIrank":94,"SEIadj":0,"audienceSEI":0.9708760750079558,"audienceSEIadj":0,"audienceSEIrank":69,"audienceScore":0.1789022732577299,"combinedScore":0.008945113662886495,"combinedScoreRank":99,"engagementSEI":0,"engagementSEIadj":0,"engagementSEIrank":147,"engagementScore":0,"voiceSEI":0,"voiceSEIadj":0,"voiceSEIrank":123,"voiceScore":0},"scoped":{"SEI":1.2674900496491732,"SEIrank":86,"SEIadj":0,"audienceSEI":12.67490049649173,"audienceSEIadj":0,"audienceSEIrank":58,"audienceScore":0.5136163835146433,"combinedScore":0.02568081917573217,"combinedScoreRank":88,"engagementSEI":0,"engagementSEIadj":0,"engagementSEIrank":133,"engagementScore":0,"voiceSEI":0,"voiceSEIadj":0,"voiceSEIrank":110,"voiceScore":0}},"facebook":{"entityString":"536575feb08f37d80186a0e6","type":"facebook","profiles":1,"postsMade":0,"repliesMade":0,"repliesRcvd":0,"sharesMade":0,"sharesRcvd":0,"mentionsRcvd":0,"likesRcvd":0,"reachRcvd":0,"audience":10132,"voice":0,"conversation":0,"engagement":0,"group_scoped":{"audienceScore":0.48505785315462346,"voiceScore":0,"engagementScore":0,"combinedScore":0.48505785315462346,"combinedScoreRank":90,"SEIrank":105,"engagementSEIrank":139,"voiceSEIrank":120,"audienceSEIrank":98,"engagementSEI":0,"engagementSEIadj":0,"voiceSEI":0,"voiceSEIadj":0,"audienceSEI":0.5759779886816802,"audienceSEIadj":0.5759779886816802,"SEI":0.057597798868168015,"SEIadj":0.057597798868168015},"non_scoped":{"SEI":0.05456297117241996,"SEIrank":95,"SEIadj":0,"audienceSEI":0.5456297117241996,"audienceSEIadj":0,"audienceSEIrank":86,"audienceScore":0.10406316753409939,"combinedScore":0.0052031583767049696,"combinedScoreRank":95,"engagementSEI":0,"engagementSEIadj":0,"engagementSEIrank":139,"engagementScore":0,"voiceSEI":0,"voiceSEIadj":0,"voiceSEIrank":120,"voiceScore":0},"scoped":{"SEI":0.6954874315289468,"SEIrank":84,"SEIadj":0,"audienceSEI":6.954874315289467,"audienceSEIadj":0,"audienceSEIrank":75,"audienceScore":0.4265801717688299,"combinedScore":0.021329008588441497,"combinedScoreRank":84,"engagementSEI":0,"engagementSEIadj":0,"engagementSEIrank":125,"engagementScore":0,"voiceSEI":0,"voiceSEIadj":0,"voiceSEIrank":107,"voiceScore":0}},"twitter":{"entityString":"536575feb08f37d80186a0e6","type":"twitter","profiles":1,"postsMade":0,"repliesMade":0,"repliesRcvd":0,"sharesMade":0,"sharesRcvd":0,"mentionsRcvd":0,"likesRcvd":0,"reachRcvd":0,"audience":10749,"voice":0,"conversation":0,"engagement":0,"group_scoped":{"audienceScore":1.8772627486731321,"voiceScore":0,"engagementScore":0,"combinedScore":1.8772627486731321,"combinedScoreRank":90,"SEIrank":67,"engagementSEIrank":128,"voiceSEIrank":122,"audienceSEIrank":45,"engagementSEI":0,"engagementSEIadj":0,"voiceSEI":0,"voiceSEIadj":0,"audienceSEI":11.20878433335419,"audienceSEIadj":11.20878433335419,"SEI":1.1208784333354191,"SEIadj":1.1208784333354191},"non_scoped":{"SEI":0.1898522900082483,"SEIrank":83,"SEIadj":0,"audienceSEI":1.8985229000824828,"audienceSEIadj":0,"audienceSEIrank":67,"audienceScore":0.3082030349497482,"combinedScore":0.015410151747487411,"combinedScoreRank":83,"engagementSEI":0,"engagementSEIadj":0,"engagementSEIrank":128,"engagementScore":0,"voiceSEI":0,"voiceSEIadj":0,"voiceSEIrank":122,"voiceScore":0},"scoped":{"SEI":0.9222809486220269,"SEIrank":72,"SEIadj":0,"audienceSEI":9.22280948622027,"audienceSEIadj":0,"audienceSEIrank":56,"audienceScore":0.48820167920666885,"combinedScore":0.024410083960333444,"combinedScoreRank":72,"engagementSEI":0,"engagementSEIadj":0,"engagementSEIrank":114,"engagementScore":0,"voiceSEI":0,"voiceSEIadj":0,"voiceSEIrank":109,"voiceScore":0}},"instagram":{"entityString":"536575feb08f37d80186a0e6","type":"instagram","profiles":1,"postsMade":0,"repliesMade":0,"repliesRcvd":0,"sharesMade":0,"sharesRcvd":0,"mentionsRcvd":0,"likesRcvd":0,"reachRcvd":0,"audience":3831,"voice":0,"conversation":0,"engagement":0,"group_scoped":{"audienceScore":1.2632766051460962,"voiceScore":0,"engagementScore":0,"combinedScore":1.2632766051460962,"combinedScoreRank":53,"SEIrank":16,"engagementSEIrank":119,"voiceSEIrank":116,"audienceSEIrank":16,"engagementSEI":0,"engagementSEIadj":0,"voiceSEI":0,"voiceSEIadj":0,"audienceSEI":4.457968720908583,"audienceSEIadj":4.457968720908583,"SEI":0.4457968720908583,"SEIadj":0.4457968720908583},"non_scoped":{"SEI":0.31346141258100413,"SEIrank":16,"SEIadj":0,"audienceSEI":3.134614125810041,"audienceSEIadj":0,"audienceSEIrank":15,"audienceScore":0.6503162461933328,"combinedScore":0.032515812309666645,"combinedScoreRank":16,"engagementSEI":0,"engagementSEIadj":0,"engagementSEIrank":119,"engagementScore":0,"voiceSEI":0,"voiceSEIadj":0,"voiceSEIrank":116,"voiceScore":0},"scoped":{"SEI":0.4457968720908583,"SEIrank":11,"SEIadj":0,"audienceSEI":4.457968720908583,"audienceSEIadj":0,"audienceSEIrank":11,"audienceScore":1.6340371081254,"combinedScore":0.23343387258934284,"combinedScoreRank":11,"engagementSEI":0,"engagementSEIadj":0,"engagementSEIrank":107,"engagementScore":0,"voiceSEI":0,"voiceSEIadj":0,"voiceSEIrank":105,"voiceScore":0}}},"today":{"boundaryQuantum":4995546,"combined":{"entityString":"536575feb08f37d80186a0e6","type":"combined","profiles":3,"postsMade":0,"repliesMade":0,"repliesRcvd":0,"sharesMade":0,"sharesRcvd":0,"mentionsRcvd":0,"likesRcvd":0,"reachRcvd":0,"audience":24712,"voice":0,"conversation":0,"engagement":0,"group_scoped":{"audienceScore":0.8335494899771342,"voiceScore":0,"engagementScore":0,"combinedScore":0.8335494899771342,"combinedScoreRank":47,"SEIrank":163,"engagementSEIrank":200,"voiceSEIrank":187,"audienceSEIrank":95,"engagementSEI":0,"engagementSEIadj":0,"voiceSEI":0,"voiceSEIadj":0,"audienceSEI":1.2845396771601236,"audienceSEIadj":1.2845396771601236,"SEI":0.12845396771601236,"SEIadj":0.12845396771601236},"non_scoped":{"SEI":0.09708760750079559,"SEIrank":154,"SEIadj":0,"audienceSEI":0.9708760750079558,"audienceSEIadj":0,"audienceSEIrank":69,"audienceScore":0.1789022732577299,"combinedScore":0.008945113662886495,"combinedScoreRank":147,"engagementSEI":0,"engagementSEIadj":0,"engagementSEIrank":200,"engagementScore":0,"voiceSEI":0,"voiceSEIadj":0,"voiceSEIrank":187,"voiceScore":0},"scoped":{"SEI":1.2674900496491732,"SEIrank":140,"SEIadj":0,"audienceSEI":12.67490049649173,"audienceSEIadj":0,"audienceSEIrank":58,"audienceScore":0.5136163835146433,"combinedScore":0.02568081917573217,"combinedScoreRank":149,"engagementSEI":0,"engagementSEIadj":0,"engagementSEIrank":185,"engagementScore":0,"voiceSEI":0,"voiceSEIadj":0,"voiceSEIrank":171,"voiceScore":0}},"facebook":{"entityString":"536575feb08f37d80186a0e6","type":"facebook","profiles":1,"postsMade":0,"repliesMade":0,"repliesRcvd":0,"sharesMade":0,"sharesRcvd":0,"mentionsRcvd":0,"likesRcvd":0,"reachRcvd":0,"audience":10132,"voice":0,"conversation":0,"engagement":0,"group_scoped":{"audienceScore":0.48505785315462346,"voiceScore":0,"engagementScore":0,"combinedScore":0.48505785315462346,"combinedScoreRank":64,"SEIrank":121,"engagementSEIrank":170,"voiceSEIrank":156,"audienceSEIrank":98,"engagementSEI":0,"engagementSEIadj":0,"voiceSEI":0,"voiceSEIadj":0,"audienceSEI":0.5759779886816802,"audienceSEIadj":0.5759779886816802,"SEI":0.057597798868168015,"SEIadj":0.057597798868168015},"non_scoped":{"SEI":0.05456297117241996,"SEIrank":110,"SEIadj":0,"audienceSEI":0.5456297117241996,"audienceSEIadj":0,"audienceSEIrank":86,"audienceScore":0.10406316753409939,"combinedScore":0.0052031583767049696,"combinedScoreRank":111,"engagementSEI":0,"engagementSEIadj":0,"engagementSEIrank":170,"engagementScore":0,"voiceSEI":0,"voiceSEIadj":0,"voiceSEIrank":156,"voiceScore":0},"scoped":{"SEI":0.6954874315289468,"SEIrank":99,"SEIadj":0,"audienceSEI":6.954874315289467,"audienceSEIadj":0,"audienceSEIrank":75,"audienceScore":0.4265801717688299,"combinedScore":0.021329008588441497,"combinedScoreRank":103,"engagementSEI":0,"engagementSEIadj":0,"engagementSEIrank":156,"engagementScore":0,"voiceSEI":0,"voiceSEIadj":0,"voiceSEIrank":142,"voiceScore":0}},"twitter":{"entityString":"536575feb08f37d80186a0e6","type":"twitter","profiles":1,"postsMade":0,"repliesMade":0,"repliesRcvd":0,"sharesMade":0,"sharesRcvd":0,"mentionsRcvd":0,"likesRcvd":0,"reachRcvd":0,"audience":10749,"voice":0,"conversation":0,"engagement":0,"group_scoped":{"audienceScore":1.8772627486731321,"voiceScore":0,"engagementScore":0,"combinedScore":1.8772627486731321,"combinedScoreRank":74,"SEIrank":133,"engagementSEIrank":188,"voiceSEIrank":176,"audienceSEIrank":45,"engagementSEI":0,"engagementSEIadj":0,"voiceSEI":0,"voiceSEIadj":0,"audienceSEI":11.20878433335419,"audienceSEIadj":11.20878433335419,"SEI":1.1208784333354191,"SEIadj":1.1208784333354191},"non_scoped":{"SEI":0.1898522900082483,"SEIrank":157,"SEIadj":0,"audienceSEI":1.8985229000824828,"audienceSEIadj":0,"audienceSEIrank":67,"audienceScore":0.3082030349497482,"combinedScore":0.015410151747487411,"combinedScoreRank":159,"engagementSEI":0,"engagementSEIadj":0,"engagementSEIrank":188,"engagementScore":0,"voiceSEI":0,"voiceSEIadj":0,"voiceSEIrank":176,"voiceScore":0},"scoped":{"SEI":0.9222809486220269,"SEIrank":146,"SEIadj":0,"audienceSEI":9.22280948622027,"audienceSEIadj":0,"audienceSEIrank":56,"audienceScore":0.48820167920666885,"combinedScore":0.024410083960333444,"combinedScoreRank":149,"engagementSEI":0,"engagementSEIadj":0,"engagementSEIrank":173,"engagementScore":0,"voiceSEI":0,"voiceSEIadj":0,"voiceSEIrank":160,"voiceScore":0}},"instagram":{"entityString":"536575feb08f37d80186a0e6","type":"instagram","profiles":1,"postsMade":0,"repliesMade":0,"repliesRcvd":0,"sharesMade":0,"sharesRcvd":0,"mentionsRcvd":0,"likesRcvd":0,"reachRcvd":0,"audience":3831,"voice":0,"conversation":0,"engagement":0,"group_scoped":{"audienceScore":1.2632766051460962,"voiceScore":0,"engagementScore":0,"combinedScore":1.2632766051460962,"combinedScoreRank":49,"SEIrank":20,"engagementSEIrank":124,"voiceSEIrank":122,"audienceSEIrank":16,"engagementSEI":0,"engagementSEIadj":0,"voiceSEI":0,"voiceSEIadj":0,"audienceSEI":4.457968720908583,"audienceSEIadj":4.457968720908583,"SEI":0.4457968720908583,"SEIadj":0.4457968720908583},"non_scoped":{"SEI":0.31346141258100413,"SEIrank":20,"SEIadj":0,"audienceSEI":3.134614125810041,"audienceSEIadj":0,"audienceSEIrank":15,"audienceScore":0.6503162461933328,"combinedScore":0.032515812309666645,"combinedScoreRank":23,"engagementSEI":0,"engagementSEIadj":0,"engagementSEIrank":124,"engagementScore":0,"voiceSEI":0,"voiceSEIadj":0,"voiceSEIrank":122,"voiceScore":0},"scoped":{"SEI":0.4457968720908583,"SEIrank":18,"SEIadj":0,"audienceSEI":4.457968720908583,"audienceSEIadj":0,"audienceSEIrank":11,"audienceScore":1.6340371081254,"combinedScore":0.08170185540627001,"combinedScoreRank":19,"engagementSEI":0,"engagementSEIadj":0,"engagementSEIrank":112,"engagementScore":0,"voiceSEI":0,"voiceSEIadj":0,"voiceSEIrank":110,"voiceScore":0}}},"week":{"boundaryQuantum":4993818,"combined":{"entityString":"536575feb08f37d80186a0e6","type":"combined","profiles":3,"postsMade":1,"repliesMade":0,"repliesRcvd":0,"sharesMade":0,"sharesRcvd":1,"mentionsRcvd":0,"likesRcvd":1,"reachRcvd":0,"audience":24712,"voice":1,"conversation":1,"engagement":2,"group_scoped":{"audienceScore":0.8335494899771342,"voiceScore":0.06988120195667365,"engagementScore":0.00023055392886950184,"combinedScore":0.04537903313267294,"combinedScoreRank":210,"SEIrank":187,"engagementSEIrank":198,"voiceSEIrank":191,"audienceSEIrank":95,"engagementSEI":0.0002521581586402624,"engagementSEIadj":0.0002521581586402624,"voiceSEI":0.1620745542949757,"voiceSEIadj":0.1620745542949757,"audienceSEI":1.2845396771601236,"audienceSEIadj":1.2845396771601236,"SEI":0.1772276288996892,"SEIadj":0.1772276288996892},"non_scoped":{"SEI":0.1331670461085546,"SEIrank":177,"SEIadj":0,"audienceSEI":0.9708760750079558,"audienceSEIadj":0,"audienceSEIrank":69,"audienceScore":0.1789022732577299,"combinedScore":0.00964017532782376,"combinedScoreRank":164,"engagementSEI":0.0002521581586402624,"engagementSEIadj":0,"engagementSEIrank":196,"engagementScore":0.00010575737882451731,"voiceSEI":0.11976047904191617,"voiceSEIadj":0,"voiceSEIrank":186,"voiceScore":0.01199760047990402},"scoped":{"SEI":1.4026014737548496,"SEIrank":148,"SEIadj":0,"audienceSEI":12.67490049649173,"audienceSEIadj":0,"audienceSEIrank":58,"audienceScore":0.5136163835146433,"combinedScore":0.027852149235897683,"combinedScoreRank":155,"engagementSEI":0.006845095489082072,"engagementSEIadj":0,"engagementSEIrank":181,"engagementScore":0.0010018333550397228,"voiceSEI":0.43668122270742354,"voiceSEIadj":0,"voiceSEIrank":171,"voiceScore":0.025393600812595223}},"facebook":{"entityString":"536575feb08f37d80186a0e6","type":"facebook","profiles":1,"postsMade":0,"repliesMade":0,"repliesRcvd":0,"sharesMade":0,"sharesRcvd":0,"mentionsRcvd":0,"likesRcvd":0,"reachRcvd":0,"audience":10132,"voice":0,"conversation":0,"engagement":0,"group_scoped":{"audienceScore":0.48505785315462346,"voiceScore":0,"engagementScore":0,"combinedScore":0.48505785315462346,"combinedScoreRank":57,"SEIrank":140,"engagementSEIrank":191,"voiceSEIrank":180,"audienceSEIrank":98,"engagementSEI":0,"engagementSEIadj":0,"voiceSEI":0,"voiceSEIadj":0,"audienceSEI":0.5759779886816802,"audienceSEIadj":0.5759779886816802,"SEI":0.057597798868168015,"SEIadj":0.057597798868168015},"non_scoped":{"SEI":0.05456297117241996,"SEIrank":135,"SEIadj":0,"audienceSEI":0.5456297117241996,"audienceSEIadj":0,"audienceSEIrank":86,"audienceScore":0.10406316753409939,"combinedScore":0.0052031583767049696,"combinedScoreRank":129,"engagementSEI":0,"engagementSEIadj":0,"engagementSEIrank":191,"engagementScore":0,"voiceSEI":0,"voiceSEIadj":0,"voiceSEIrank":180,"voiceScore":0},"scoped":{"SEI":0.6954874315289468,"SEIrank":121,"SEIadj":0,"audienceSEI":6.954874315289467,"audienceSEIadj":0,"audienceSEIrank":75,"audienceScore":0.4265801717688299,"combinedScore":0.021329008588441497,"combinedScoreRank":120,"engagementSEI":0,"engagementSEIadj":0,"engagementSEIrank":177,"engagementScore":0,"voiceSEI":0,"voiceSEIadj":0,"voiceSEIrank":166,"voiceScore":0}},"twitter":{"entityString":"536575feb08f37d80186a0e6","type":"twitter","profiles":1,"postsMade":1,"repliesMade":0,"repliesRcvd":0,"sharesMade":0,"sharesRcvd":1,"mentionsRcvd":0,"likesRcvd":1,"reachRcvd":0,"audience":10749,"voice":1,"conversation":1,"engagement":2,"group_scoped":{"audienceScore":1.8772627486731321,"voiceScore":0.12738853503184713,"engagementScore":0.0243842965130456,"combinedScore":0.12217843104699,"combinedScoreRank":215,"SEIrank":143,"engagementSEIrank":170,"voiceSEIrank":164,"audienceSEIrank":45,"engagementSEI":0.13793103448275862,"engagementSEIadj":0.13793103448275862,"voiceSEI":0.6578947368421052,"voiceSEIadj":0.6578947368421052,"audienceSEI":11.20878433335419,"audienceSEIadj":11.20878433335419,"SEI":1.401005475077706,"SEIadj":1.401005475077706},"non_scoped":{"SEI":0.26228837666530697,"SEIrank":174,"SEIadj":0,"audienceSEI":1.8985229000824828,"audienceSEIadj":0,"audienceSEIrank":67,"audienceScore":0.3082030349497482,"combinedScore":0.01929218895917189,"combinedScoreRank":173,"engagementSEI":0.015241579027587259,"engagementSEIadj":0,"engagementSEIrank":178,"engagementScore":0.00322362270719835,"voiceSEI":0.21097046413502107,"voiceSEIadj":0,"voiceSEIrank":177,"voiceScore":0.019615535504119264},"scoped":{"SEI":1.1486795500206284,"SEIrank":158,"SEIadj":0,"audienceSEI":9.22280948622027,"audienceSEIadj":0,"audienceSEIrank":56,"audienceScore":0.48820167920666885,"combinedScore":0.03140119114160563,"combinedScoreRank":159,"engagementSEI":0.09324009324009325,"engagementSEIadj":0,"engagementSEIrank":164,"engagementScore":0.0058061893978981595,"voiceSEI":0.5681818181818182,"voiceSEIadj":0,"voiceSEIrank":163,"voiceScore":0.03531073446327684}},"instagram":{"entityString":"536575feb08f37d80186a0e6","type":"instagram","profiles":1,"postsMade":0,"repliesMade":0,"repliesRcvd":0,"sharesMade":0,"sharesRcvd":0,"mentionsRcvd":0,"likesRcvd":0,"reachRcvd":0,"audience":3831,"voice":0,"conversation":0,"engagement":0,"group_scoped":{"audienceScore":1.2632766051460962,"voiceScore":0,"engagementScore":0,"combinedScore":1.2632766051460962,"combinedScoreRank":50,"SEIrank":25,"engagementSEIrank":126,"voiceSEIrank":125,"audienceSEIrank":16,"engagementSEI":0,"engagementSEIadj":0,"voiceSEI":0,"voiceSEIadj":0,"audienceSEI":4.457968720908583,"audienceSEIadj":4.457968720908583,"SEI":0.4457968720908583,"SEIadj":0.4457968720908583},"non_scoped":{"SEI":0.31346141258100413,"SEIrank":25,"SEIadj":0,"audienceSEI":3.134614125810041,"audienceSEIadj":0,"audienceSEIrank":15,"audienceScore":0.6503162461933328,"combinedScore":0.032515812309666645,"combinedScoreRank":25,"engagementSEI":0,"engagementSEIadj":0,"engagementSEIrank":126,"engagementScore":0,"voiceSEI":0,"voiceSEIadj":0,"voiceSEIrank":125,"voiceScore":0},"scoped":{"SEI":0.4457968720908583,"SEIrank":20,"SEIadj":0,"audienceSEI":4.457968720908583,"audienceSEIadj":0,"audienceSEIrank":11,"audienceScore":1.6340371081254,"combinedScore":0.08170185540627001,"combinedScoreRank":20,"engagementSEI":0,"engagementSEIadj":0,"engagementSEIrank":114,"engagementScore":0,"voiceSEI":0,"voiceSEIadj":0,"voiceSEIrank":113,"voiceScore":0}}},"month":{"boundaryQuantum":4987194,"combined":{"entityString":"536575feb08f37d80186a0e6","type":"combined","profiles":3,"postsMade":1,"repliesMade":0,"repliesRcvd":0,"sharesMade":0,"sharesRcvd":1,"mentionsRcvd":0,"likesRcvd":1,"reachRcvd":0,"audience":24712,"voice":1,"conversation":1,"engagement":2,"group_scoped":{"audienceScore":0.8335494899771342,"voiceScore":0.01588310038119441,"engagementScore":0.00005075309987245745,"combinedScore":0.04251730730780165,"combinedScoreRank":203,"SEIrank":200,"engagementSEIrank":212,"voiceSEIrank":209,"audienceSEIrank":95,"engagementSEI":0.00005491669137917778,"engagementSEIadj":0.00005491669137917778,"voiceSEI":0.037821482602118005,"voiceSEIadj":0.037821482602118005,"audienceSEI":1.2845396771601236,"audienceSEIadj":1.2845396771601236,"SEI":0.13983336251147527,"SEIadj":0.13983336251147527},"non_scoped":{"SEI":0.10527716436717285,"SEIrank":193,"SEIadj":0,"audienceSEI":0.9708760750079558,"audienceSEIadj":0,"audienceSEIrank":69,"audienceScore":0.1789022732577299,"combinedScore":0.00909697613663688,"combinedScoreRank":163,"engagementSEI":0.00005491669137917778,"engagementSEIadj":0,"engagementSEIrank":211,"engagementScore":0.00002297453617283284,"voiceSEI":0.02718868950516585,"voiceSEIadj":0,"voiceSEIrank":210,"voiceScore":0.002623707823896731},"scoped":{"SEI":1.2996658583468574,"SEIrank":149,"SEIadj":0,"audienceSEI":12.67490049649173,"audienceSEIadj":0,"audienceSEIrank":58,"audienceScore":0.5136163835146433,"combinedScore":0.026168817275068267,"combinedScoreRank":164,"engagementSEI":0.0016512958544217576,"engagementSEIadj":0,"engagementSEIrank":192,"engagementScore":0.00023535115569185,"voiceSEI":0.10395010395010396,"voiceSEIadj":0,"voiceSEIrank":193,"voiceScore":0.00552364118426867}},"facebook":{"entityString":"536575feb08f37d80186a0e6","type":"facebook","profiles":1,"postsMade":0,"repliesMade":0,"repliesRcvd":0,"sharesMade":0,"sharesRcvd":0,"mentionsRcvd":0,"likesRcvd":0,"reachRcvd":0,"audience":10132,"voice":0,"conversation":0,"engagement":0,"group_scoped":{"audienceScore":0.48505785315462346,"voiceScore":0,"engagementScore":0,"combinedScore":0.48505785315462346,"combinedScoreRank":55,"SEIrank":146,"engagementSEIrank":197,"voiceSEIrank":193,"audienceSEIrank":98,"engagementSEI":0,"engagementSEIadj":0,"voiceSEI":0,"voiceSEIadj":0,"audienceSEI":0.5759779886816802,"audienceSEIadj":0.5759779886816802,"SEI":0.057597798868168015,"SEIadj":0.057597798868168015},"non_scoped":{"SEI":0.05456297117241996,"SEIrank":143,"SEIadj":0,"audienceSEI":0.5456297117241996,"audienceSEIadj":0,"audienceSEIrank":86,"audienceScore":0.10406316753409939,"combinedScore":0.0052031583767049696,"combinedScoreRank":132,"engagementSEI":0,"engagementSEIadj":0,"engagementSEIrank":197,"engagementScore":0,"voiceSEI":0,"voiceSEIadj":0,"voiceSEIrank":193,"voiceScore":0},"scoped":{"SEI":0.6954874315289468,"SEIrank":121,"SEIadj":0,"audienceSEI":6.954874315289467,"audienceSEIadj":0,"audienceSEIrank":75,"audienceScore":0.4265801717688299,"combinedScore":0.021329008588441497,"combinedScoreRank":123,"engagementSEI":0,"engagementSEIadj":0,"engagementSEIrank":182,"engagementScore":0,"voiceSEI":0,"voiceSEIadj":0,"voiceSEIrank":179,"voiceScore":0}},"twitter":{"entityString":"536575feb08f37d80186a0e6","type":"twitter","profiles":1,"postsMade":1,"repliesMade":0,"repliesRcvd":0,"sharesMade":0,"sharesRcvd":1,"mentionsRcvd":0,"likesRcvd":1,"reachRcvd":0,"audience":10749,"voice":1,"conversation":1,"engagement":2,"group_scoped":{"audienceScore":1.8772627486731321,"voiceScore":0.027972027972027972,"engagementScore":0.006092545770250099,"combinedScore":0.1007450300254831,"combinedScoreRank":209,"SEIrank":152,"engagementSEIrank":201,"voiceSEIrank":197,"audienceSEIrank":45,"engagementSEI":0.028252578047746855,"engagementSEIadj":0.028252578047746855,"voiceSEI":0.1485884101040119,"voiceSEIadj":0.1485884101040119,"audienceSEI":11.20878433335419,"audienceSEIadj":11.20878433335419,"SEI":1.1824065031952709,"SEIadj":1.1824065031952709},"non_scoped":{"SEI":0.20608716586541492,"SEIrank":187,"SEIadj":0,"audienceSEI":1.8985229000824828,"audienceSEIadj":0,"audienceSEIrank":67,"audienceScore":0.3082030349497482,"combinedScore":0.01628274304428408,"combinedScoreRank":186,"engagementSEI":0.0031917779799237166,"engagementSEIadj":0,"engagementSEIrank":202,"engagementScore":0.0007344597497695632,"voiceSEI":0.0477326968973747,"voiceSEIadj":0,"voiceSEIrank":201,"voiceScore":0.0042315504400812455},"scoped":{"SEI":0.9766047318955683,"SEIrank":168,"SEIadj":0,"audienceSEI":9.22280948622027,"audienceSEIadj":0,"audienceSEIrank":56,"audienceScore":0.48820167920666885,"combinedScore":0.026058419949902205,"combinedScoreRank":171,"engagementSEI":0.017546938059308653,"engagementSEIadj":0,"engagementSEIrank":184,"engagementScore":0.001407687380786475,"voiceSEI":0.145985401459854,"voiceSEIadj":0,"voiceSEIrank":185,"voiceScore":0.007628346937218705}},"instagram":{"entityString":"536575feb08f37d80186a0e6","type":"instagram","profiles":1,"postsMade":0,"repliesMade":0,"repliesRcvd":0,"sharesMade":0,"sharesRcvd":0,"mentionsRcvd":0,"likesRcvd":0,"reachRcvd":0,"audience":3831,"voice":0,"conversation":0,"engagement":0,"group_scoped":{"audienceScore":1.2632766051460962,"voiceScore":0,"engagementScore":0,"combinedScore":1.2632766051460962,"combinedScoreRank":48,"SEIrank":23,"engagementSEIrank":126,"voiceSEIrank":126,"audienceSEIrank":16,"engagementSEI":0,"engagementSEIadj":0,"voiceSEI":0,"voiceSEIadj":0,"audienceSEI":4.457968720908583,"audienceSEIadj":4.457968720908583,"SEI":0.4457968720908583,"SEIadj":0.4457968720908583},"non_scoped":{"SEI":0.31346141258100413,"SEIrank":25,"SEIadj":0,"audienceSEI":3.134614125810041,"audienceSEIadj":0,"audienceSEIrank":15,"audienceScore":0.6503162461933328,"combinedScore":0.032515812309666645,"combinedScoreRank":25,"engagementSEI":0,"engagementSEIadj":0,"engagementSEIrank":126,"engagementScore":0,"voiceSEI":0,"voiceSEIadj":0,"voiceSEIrank":126,"voiceScore":0},"scoped":{"SEI":0.4457968720908583,"SEIrank":20,"SEIadj":0,"audienceSEI":4.457968720908583,"audienceSEIadj":0,"audienceSEIrank":11,"audienceScore":1.6340371081254,"combinedScore":0.08170185540627001,"combinedScoreRank":20,"engagementSEI":0,"engagementSEIadj":0,"engagementSEIrank":114,"engagementScore":0,"voiceSEI":0,"voiceSEIadj":0,"voiceSEIrank":114,"voiceScore":0}}},"quarter":{"boundaryQuantum":4969914,"combined":{"entityString":"536575feb08f37d80186a0e6","type":"combined","profiles":3,"postsMade":24,"repliesMade":0,"repliesRcvd":0,"sharesMade":0,"sharesRcvd":19,"mentionsRcvd":0,"likesRcvd":69,"reachRcvd":0,"audience":24712,"voice":24,"conversation":24,"engagement":88,"group_scoped":{"audienceScore":0.8335494899771342,"voiceScore":0.13489208633093525,"engagementScore":0.000716745454367749,"combinedScore":0.04906714972433445,"combinedScoreRank":195,"SEIrank":192,"engagementSEIrank":212,"voiceSEIrank":193,"audienceSEIrank":95,"engagementSEI":0.0007726367872217113,"engagementSEIadj":0.0007726367872217113,"voiceSEI":0.3102378490175801,"voiceSEIadj":0.3102378490175801,"audienceSEI":1.2845396771601236,"audienceSEIadj":1.2845396771601236,"SEI":0.2219889044936194,"SEIadj":0.2219889044936194},"non_scoped":{"SEI":0.16480948009157795,"SEIrank":179,"SEIadj":0,"audienceSEI":0.9708760750079558,"audienceSEIadj":0,"audienceSEIrank":69,"audienceScore":0.1789022732577299,"combinedScore":0.010307944394982067,"combinedScoreRank":158,"engagementSEI":0.0007726367872217113,"engagementSEIadj":0,"engagementSEIrank":200,"engagementScore":0.00031810915915796503,"voiceSEI":0.2241943017281644,"voiceSEIadj":0,"voiceSEIrank":193,"voiceScore":0.021530649777068065},"scoped":{"SEI":1.5466771039126817,"SEIrank":145,"SEIadj":0,"audienceSEI":12.67490049649173,"audienceSEIadj":0,"audienceSEIrank":58,"audienceScore":0.5136163835146433,"combinedScore":0.03087807269976309,"combinedScoreRank":159,"engagementSEI":0.022996976420259288,"engagementSEIadj":0,"engagementSEIrank":185,"engagementScore":0.003240739035806484,"voiceSEI":0.8846295613711759,"voiceSEIadj":0,"voiceSEIrank":178,"voiceScore":0.04561176783610171}},"facebook":{"entityString":"536575feb08f37d80186a0e6","type":"facebook","profiles":1,"postsMade":0,"repliesMade":0,"repliesRcvd":0,"sharesMade":0,"sharesRcvd":0,"mentionsRcvd":0,"likesRcvd":0,"reachRcvd":0,"audience":10132,"voice":0,"conversation":0,"engagement":0,"group_scoped":{"audienceScore":0.48505785315462346,"voiceScore":0,"engagementScore":0,"combinedScore":0.48505785315462346,"combinedScoreRank":51,"SEIrank":151,"engagementSEIrank":201,"voiceSEIrank":201,"audienceSEIrank":98,"engagementSEI":0,"engagementSEIadj":0,"voiceSEI":0,"voiceSEIadj":0,"audienceSEI":0.5759779886816802,"audienceSEIadj":0.5759779886816802,"SEI":0.057597798868168015,"SEIadj":0.057597798868168015},"non_scoped":{"SEI":0.05456297117241996,"SEIrank":148,"SEIadj":0,"audienceSEI":0.5456297117241996,"audienceSEIadj":0,"audienceSEIrank":86,"audienceScore":0.10406316753409939,"combinedScore":0.0052031583767049696,"combinedScoreRank":132,"engagementSEI":0,"engagementSEIadj":0,"engagementSEIrank":201,"engagementScore":0,"voiceSEI":0,"voiceSEIadj":0,"voiceSEIrank":201,"voiceScore":0},"scoped":{"SEI":0.6954874315289468,"SEIrank":127,"SEIadj":0,"audienceSEI":6.954874315289467,"audienceSEIadj":0,"audienceSEIrank":75,"audienceScore":0.4265801717688299,"combinedScore":0.021329008588441497,"combinedScoreRank":124,"engagementSEI":0,"engagementSEIadj":0,"engagementSEIrank":185,"engagementScore":0,"voiceSEI":0,"voiceSEIadj":0,"voiceSEIrank":185,"voiceScore":0}},"twitter":{"entityString":"536575feb08f37d80186a0e6","type":"twitter","profiles":1,"postsMade":24,"repliesMade":0,"repliesRcvd":0,"sharesMade":0,"sharesRcvd":19,"mentionsRcvd":0,"likesRcvd":69,"reachRcvd":0,"audience":10749,"voice":24,"conversation":24,"engagement":88,"group_scoped":{"audienceScore":1.8772627486731321,"voiceScore":0.23708386841845303,"engagementScore":0.10070839198452752,"combinedScore":0.19635488364065404,"combinedScoreRank":184,"SEIrank":136,"engagementSEIrank":170,"voiceSEIrank":163,"audienceSEIrank":45,"engagementSEI":0.42283298097251587,"engagementSEIadj":0.42283298097251587,"voiceSEI":1.0923987255348202,"voiceSEIadj":1.0923987255348202,"audienceSEI":11.20878433335419,"audienceSEIadj":11.20878433335419,"SEI":1.7022978395793746,"SEIadj":1.7022978395793746},"non_scoped":{"SEI":0.33853827392113606,"SEIrank":170,"SEIadj":0,"audienceSEI":1.8985229000824828,"audienceSEIadj":0,"audienceSEIrank":67,"audienceScore":0.3082030349497482,"combinedScore":0.027212525844146122,"combinedScoreRank":170,"engagementSEI":0.047609772987946074,"engagementSEIadj":0,"engagementSEIrank":180,"engagementScore":0.01117302830966048,"voiceSEI":0.40040040040040037,"voiceSEIadj":0,"voiceSEIrank":183,"voiceScore":0.03493297235928562},"scoped":{"SEI":1.477595763271384,"SEIrank":156,"SEIadj":0,"audienceSEI":9.22280948622027,"audienceSEIadj":0,"audienceSEIrank":56,"audienceScore":0.48820167920666885,"combinedScore":0.047576538140318134,"combinedScoreRank":160,"engagementSEI":0.28993147074327885,"engagementSEIadj":0,"engagementSEIrank":167,"engagementScore":0.022189778077003574,"voiceSEI":1.2711864406779663,"voiceSEIadj":0,"voiceSEIrank":169,"voiceScore":0.06391307821362946}},"instagram":{"entityString":"536575feb08f37d80186a0e6","type":"instagram","profiles":1,"postsMade":0,"repliesMade":0,"repliesRcvd":0,"sharesMade":0,"sharesRcvd":0,"mentionsRcvd":0,"likesRcvd":0,"reachRcvd":0,"audience":3831,"voice":0,"conversation":0,"engagement":0,"group_scoped":{"audienceScore":1.2632766051460962,"voiceScore":0,"engagementScore":0,"combinedScore":1.2632766051460962,"combinedScoreRank":49,"SEIrank":23,"engagementSEIrank":127,"voiceSEIrank":127,"audienceSEIrank":16,"engagementSEI":0,"engagementSEIadj":0,"voiceSEI":0,"voiceSEIadj":0,"audienceSEI":4.457968720908583,"audienceSEIadj":4.457968720908583,"SEI":0.4457968720908583,"SEIadj":0.4457968720908583},"non_scoped":{"SEI":0.31346141258100413,"SEIrank":24,"SEIadj":0,"audienceSEI":3.134614125810041,"audienceSEIadj":0,"audienceSEIrank":15,"audienceScore":0.6503162461933328,"combinedScore":0.032515812309666645,"combinedScoreRank":26,"engagementSEI":0,"engagementSEIadj":0,"engagementSEIrank":127,"engagementScore":0,"voiceSEI":0,"voiceSEIadj":0,"voiceSEIrank":127,"voiceScore":0},"scoped":{"SEI":0.4457968720908583,"SEIrank":21,"SEIadj":0,"audienceSEI":4.457968720908583,"audienceSEIadj":0,"audienceSEIrank":11,"audienceScore":1.6340371081254,"combinedScore":0.08170185540627001,"combinedScoreRank":21,"engagementSEI":0,"engagementSEIadj":0,"engagementSEIrank":115,"engagementScore":0,"voiceSEI":0,"voiceSEIadj":0,"voiceSEIrank":115,"voiceScore":0}}},"blended":{"combined":{"non_scoped":{"SEI":0.14300080890847106,"SEIadj":40.08580048534508,"SEIrank":184,"audienceSEI":0.9708760750079557,"audienceSEIadj":50.485438037503975,"audienceSEIrank":69,"engagementSEI":0.00047020334490981104,"engagementSEIadj":40.00028212200694,"engagementSEIrank":206,"voiceSEI":0.15210359800243192,"voiceSEIadj":40.091262158801456,"voiceSEIrank":198},"scoped":{"SEI":1.103856965241135,"SEIadj":40.66231417914468,"SEIrank":169,"compCharisma":0,"compInfluence":0,"compEva":1.103856965241135,"audienceSEI":12.67490049649173,"audienceSEIadj":65.06996019859669,"audienceSEIrank":58,"engagementSEI":0.013799711235017529,"engagementSEIadj":20.011039768988013,"engagementSEIrank":189,"voiceSEI":0.5889116630903306,"voiceSEIadj":40.353346997854196,"voiceSEIrank":182}},"facebook":{"non_scoped":{"SEI":0.054562971172419955,"SEIadj":50.02728148558621,"SEIrank":147,"audienceSEI":0.5456297117241996,"audienceSEIadj":50.2728148558621,"audienceSEIrank":86,"engagementSEI":0,"engagementSEIadj":0,"engagementSEIrank":201,"voiceSEI":0,"voiceSEIadj":0,"voiceSEIrank":201},"scoped":{"SEI":0.6954874315289468,"SEIadj":50.34774371576447,"SEIrank":125,"audienceSEI":6.954874315289466,"audienceSEIadj":53.47743715764474,"audienceSEIrank":75,"engagementSEI":0,"engagementSEIadj":0,"engagementSEIrank":185,"voiceSEI":0,"voiceSEIadj":0,"voiceSEIrank":185}},"twitter":{"non_scoped":{"SEI":0.28836133934038477,"SEIadj":40.173016803604234,"SEIrank":177,"audienceSEI":1.8985229000824828,"audienceSEIadj":60.759409160032995,"audienceSEIrank":67,"engagementSEI":0.028856126899237774,"engagementSEIadj":40.017313676139544,"engagementSEIrank":190,"voiceSEI":0.2706512439753127,"voiceSEIadj":40.162390746385185,"voiceSEIrank":187},"scoped":{"SEI":1.276006503857317,"SEIadj":40.76560390231439,"SEIrank":160,"audienceSEI":9.22280948622027,"audienceSEIadj":63.68912379448811,"audienceSEIrank":56,"engagementSEI":0.1755698040525637,"engagementSEIadj":40.10534188243154,"engagementSEIrank":175,"voiceSEI":0.8279455760125067,"voiceSEIadj":40.4967673456075,"voiceSEIrank":172}},"instagram":{"non_scoped":{"SEI":0.31346141258100413,"SEIadj":60.1253845650324,"SEIrank":25,"audienceSEI":3.134614125810041,"audienceSEIadj":70.94038423774302,"audienceSEIrank":15,"engagementSEI":0,"engagementSEIadj":0,"engagementSEIrank":127,"voiceSEI":0,"voiceSEIadj":0,"voiceSEIrank":127},"scoped":{"SEI":0.4457968720908583,"SEIadj":60.17831874883635,"SEIrank":21,"audienceSEI":4.457968720908583,"audienceSEIadj":71.33739061627257,"audienceSEIrank":11,"engagementSEI":0,"engagementSEIadj":0,"engagementSEIrank":115,"voiceSEI":0,"voiceSEIadj":0,"voiceSEIrank":115}},"influence":{"facebook":{"scope":"individual","ratio":0,"calculated":false},"instagram":{"scope":"individual","ratio":0,"calculated":false},"combined":{"ratio":0,"bottom":false,"scope":"individual","calculated":true},"twitter":{"ratio":0.04,"bottom":false,"scope":"individual","calculated":true}},"charisma":{"facebook":{"scope":"individual","ratio":0,"calculated":false},"instagram":{"scope":"individual","ratio":0,"calculated":false},"combined":{"ratio":0.12,"bottom":true,"scope":"individual","calculated":true},"twitter":{"ratio":0.18,"bottom":false,"scope":"individual","calculated":true}}},"scope":"individual"}}