{"scoreEntityString":"591d1494ab33fb0001804f89.asset.536575feb08f37d80186a091","timeQuantum":4995834,"scoreEntityType":"asset","scoreProfileID":"591d1494ab33fb0001804f89","data":{"scoreEntityString":"591d1494ab33fb0001804f89.asset.536575feb08f37d80186a091","scoreProfileID":"591d1494ab33fb0001804f89","scoreEntityType":"asset","entityID":"asset.536575feb08f37d80186a091","object_version":"1.2","score_engine_version":"3.0.20","timestamp":4995834,"start_quantum":4969914,"end_quantum":4995833,"schedule_options":{"interval":15,"offset":"1"},"_15min":{"boundaryQuantum":4995831,"combined":{"entityString":"536575feb08f37d80186a091","type":"combined","profiles":1,"postsMade":0,"repliesMade":0,"repliesRcvd":0,"sharesMade":0,"sharesRcvd":0,"mentionsRcvd":0,"likesRcvd":0,"reachRcvd":0,"audience":2940,"voice":0,"conversation":0,"engagement":0,"group_scoped":{"audienceScore":0.12791863330687941,"voiceScore":0,"engagementScore":0,"combinedScore":0.12791863330687941,"engagementSEI":0,"engagementSEIadj":0,"voiceSEI":0,"voiceSEIadj":0,"audienceSEI":0.1988306862025706,"audienceSEIadj":0.1988306862025706,"SEI":0.01988306862025706,"SEIadj":0.01988306862025706,"combinedScoreRank":212,"SEIrank":211,"engagementSEIrank":194,"voiceSEIrank":192,"audienceSEIrank":211},"non_scoped":{"SEI":0.011550565152652112,"SEIrank":202,"SEIadj":0,"audienceSEI":0.11550565152652112,"audienceSEIadj":0,"audienceSEIrank":202,"audienceScore":0.021284100169056568,"combinedScore":0.0010642050084528284,"combinedScoreRank":202,"engagementSEI":0,"engagementSEIadj":0,"engagementSEIrank":194,"engagementScore":0,"voiceSEI":0,"voiceSEIadj":0,"voiceSEIrank":192,"voiceScore":0},"scoped":{"SEI":0.2714455862393707,"SEIrank":5,"SEIadj":0,"audienceSEI":2.7144558623937067,"audienceSEIadj":0,"audienceSEIrank":5,"audienceScore":2.357374814577236,"combinedScore":2.357374814577236,"combinedScoreRank":5,"engagementSEI":0,"engagementSEIadj":0,"engagementSEIrank":6,"engagementScore":0,"voiceSEI":0,"voiceSEIadj":0,"voiceSEIrank":6,"voiceScore":0}},"facebook":{"entityString":"536575feb08f37d80186a091","type":"facebook","profiles":1,"postsMade":0,"repliesMade":0,"repliesRcvd":0,"sharesMade":0,"sharesRcvd":0,"mentionsRcvd":0,"likesRcvd":0,"reachRcvd":0,"audience":2940,"voice":0,"conversation":0,"engagement":0,"group_scoped":{"audienceScore":0.18983749522984866,"voiceScore":0,"engagementScore":0,"combinedScore":0.18983749522984866,"engagementSEI":0,"engagementSEIadj":0,"voiceSEI":0,"voiceSEIadj":0,"audienceSEI":0.2676618102132099,"audienceSEIadj":0.2676618102132099,"SEI":0.02676618102132099,"SEIadj":0.02676618102132099,"combinedScoreRank":132,"SEIrank":129,"engagementSEIrank":194,"voiceSEIrank":192,"audienceSEIrank":129},"non_scoped":{"SEI":0.01583252420518305,"SEIrank":128,"SEIadj":0,"audienceSEI":0.15832524205183052,"audienceSEIadj":0,"audienceSEIrank":128,"audienceScore":0.03019598426275683,"combinedScore":0.0015097992131378416,"combinedScoreRank":128,"engagementSEI":0,"engagementSEIadj":0,"engagementSEIrank":194,"engagementScore":0,"voiceSEI":0,"voiceSEIadj":0,"voiceSEIrank":192,"voiceScore":0},"scoped":{"SEI":0.35050489395438666,"SEIrank":2,"SEIadj":0,"audienceSEI":3.5050489395438666,"audienceSEIadj":0,"audienceSEIrank":2,"audienceScore":3.3863555212568675,"combinedScore":3.3863555212568675,"combinedScoreRank":2,"engagementSEI":0,"engagementSEIadj":0,"engagementSEIrank":6,"engagementScore":0,"voiceSEI":0,"voiceSEIadj":0,"voiceSEIrank":6,"voiceScore":0}},"twitter":{"entityString":"536575feb08f37d80186a091","type":"twitter","profiles":0,"postsMade":0,"repliesMade":0,"repliesRcvd":0,"sharesMade":0,"sharesRcvd":0,"mentionsRcvd":0,"likesRcvd":0,"reachRcvd":0,"audience":0,"voice":0,"conversation":0,"engagement":0,"group_scoped":{"audienceScore":0,"voiceScore":0,"engagementScore":0,"combinedScore":0,"engagementSEI":0,"engagementSEIadj":0,"voiceSEI":0,"voiceSEIadj":0,"audienceSEI":0,"audienceSEIadj":0,"SEI":0,"SEIadj":0,"combinedScoreRank":229,"SEIrank":229,"engagementSEIrank":192,"voiceSEIrank":192,"audienceSEIrank":229},"non_scoped":{"SEI":0,"SEIrank":229,"SEIadj":0,"audienceSEI":0,"audienceSEIadj":0,"audienceSEIrank":229,"audienceScore":0,"combinedScore":0,"combinedScoreRank":229,"engagementSEI":0,"engagementSEIadj":0,"engagementSEIrank":192,"engagementScore":0,"voiceSEI":0,"voiceSEIadj":0,"voiceSEIrank":192,"voiceScore":0},"scoped":{"SEI":0,"SEIrank":6,"SEIadj":0,"audienceSEI":0,"audienceSEIadj":0,"audienceSEIrank":6,"audienceScore":0,"combinedScore":0,"combinedScoreRank":6,"engagementSEI":0,"engagementSEIadj":0,"engagementSEIrank":6,"engagementScore":0,"voiceSEI":0,"voiceSEIadj":0,"voiceSEIrank":6,"voiceScore":0}},"instagram":{"entityString":"536575feb08f37d80186a091","type":"instagram","profiles":0,"postsMade":0,"repliesMade":0,"repliesRcvd":0,"sharesMade":0,"sharesRcvd":0,"mentionsRcvd":0,"likesRcvd":0,"reachRcvd":0,"audience":0,"voice":0,"conversation":0,"engagement":0,"group_scoped":{"audienceScore":0,"voiceScore":0,"engagementScore":0,"combinedScore":0,"engagementSEI":0,"engagementSEIadj":0,"voiceSEI":0,"voiceSEIadj":0,"audienceSEI":0,"audienceSEIadj":0,"SEI":0,"SEIadj":0,"combinedScoreRank":212,"SEIrank":193,"engagementSEIrank":193,"voiceSEIrank":192,"audienceSEIrank":193},"non_scoped":{"SEI":0,"SEIrank":193,"SEIadj":0,"audienceSEI":0,"audienceSEIadj":0,"audienceSEIrank":193,"audienceScore":0,"combinedScore":0,"combinedScoreRank":193,"engagementSEI":0,"engagementSEIadj":0,"engagementSEIrank":193,"engagementScore":0,"voiceSEI":0,"voiceSEIadj":0,"voiceSEIrank":192,"voiceScore":0},"scoped":{"SEI":0,"SEIrank":6,"SEIadj":0,"audienceSEI":0,"audienceSEIadj":0,"audienceSEIrank":6,"audienceScore":null,"combinedScore":null,"combinedScoreRank":1,"engagementSEI":0,"engagementSEIadj":0,"engagementSEIrank":6,"engagementScore":0,"voiceSEI":0,"voiceSEIadj":0,"voiceSEIrank":6,"voiceScore":0}}},"hour":{"boundaryQuantum":4995822,"combined":{"entityString":"536575feb08f37d80186a091","type":"combined","profiles":1,"postsMade":0,"repliesMade":0,"repliesRcvd":0,"sharesMade":0,"sharesRcvd":0,"mentionsRcvd":0,"likesRcvd":0,"reachRcvd":0,"audience":2940,"voice":0,"conversation":0,"engagement":0,"group_scoped":{"audienceScore":0.12791863330687941,"voiceScore":0,"engagementScore":0,"combinedScore":0.12791863330687941,"combinedScoreRank":208,"SEIrank":211,"engagementSEIrank":200,"voiceSEIrank":197,"audienceSEIrank":211,"engagementSEI":0,"engagementSEIadj":0,"voiceSEI":0,"voiceSEIadj":0,"audienceSEI":0.1988306862025706,"audienceSEIadj":0.1988306862025706,"SEI":0.01988306862025706,"SEIadj":0.01988306862025706},"non_scoped":{"SEI":0.011550565152652112,"SEIrank":203,"SEIadj":0,"audienceSEI":0.11550565152652112,"audienceSEIadj":0,"audienceSEIrank":202,"audienceScore":0.021284100169056568,"combinedScore":0.0010642050084528284,"combinedScoreRank":203,"engagementSEI":0,"engagementSEIadj":0,"engagementSEIrank":200,"engagementScore":0,"voiceSEI":0,"voiceSEIadj":0,"voiceSEIrank":197,"voiceScore":0},"scoped":{"SEI":0.2714455862393707,"SEIrank":5,"SEIadj":0,"audienceSEI":2.7144558623937067,"audienceSEIadj":0,"audienceSEIrank":5,"audienceScore":2.357374814577236,"combinedScore":0.3367678306538908,"combinedScoreRank":5,"engagementSEI":0,"engagementSEIadj":0,"engagementSEIrank":6,"engagementScore":0,"voiceSEI":0,"voiceSEIadj":0,"voiceSEIrank":6,"voiceScore":0}},"facebook":{"entityString":"536575feb08f37d80186a091","type":"facebook","profiles":1,"postsMade":0,"repliesMade":0,"repliesRcvd":0,"sharesMade":0,"sharesRcvd":0,"mentionsRcvd":0,"likesRcvd":0,"reachRcvd":0,"audience":2940,"voice":0,"conversation":0,"engagement":0,"group_scoped":{"audienceScore":0.18983749522984866,"voiceScore":0,"engagementScore":0,"combinedScore":0.18983749522984866,"combinedScoreRank":131,"SEIrank":130,"engagementSEIrank":198,"voiceSEIrank":195,"audienceSEIrank":129,"engagementSEI":0,"engagementSEIadj":0,"voiceSEI":0,"voiceSEIadj":0,"audienceSEI":0.2676618102132099,"audienceSEIadj":0.2676618102132099,"SEI":0.02676618102132099,"SEIadj":0.02676618102132099},"non_scoped":{"SEI":0.01583252420518305,"SEIrank":130,"SEIadj":0,"audienceSEI":0.15832524205183052,"audienceSEIadj":0,"audienceSEIrank":128,"audienceScore":0.03019598426275683,"combinedScore":0.0015097992131378416,"combinedScoreRank":130,"engagementSEI":0,"engagementSEIadj":0,"engagementSEIrank":198,"engagementScore":0,"voiceSEI":0,"voiceSEIadj":0,"voiceSEIrank":195,"voiceScore":0},"scoped":{"SEI":0.35050489395438666,"SEIrank":2,"SEIadj":0,"audienceSEI":3.5050489395438666,"audienceSEIadj":0,"audienceSEIrank":2,"audienceScore":3.3863555212568675,"combinedScore":0.48376507446526673,"combinedScoreRank":2,"engagementSEI":0,"engagementSEIadj":0,"engagementSEIrank":6,"engagementScore":0,"voiceSEI":0,"voiceSEIadj":0,"voiceSEIrank":6,"voiceScore":0}},"twitter":{"entityString":"536575feb08f37d80186a091","type":"twitter","profiles":0,"postsMade":0,"repliesMade":0,"repliesRcvd":0,"sharesMade":0,"sharesRcvd":0,"mentionsRcvd":0,"likesRcvd":0,"reachRcvd":0,"audience":0,"voice":0,"conversation":0,"engagement":0,"group_scoped":{"audienceScore":0,"voiceScore":0,"engagementScore":0,"combinedScore":0,"combinedScoreRank":229,"SEIrank":229,"engagementSEIrank":196,"voiceSEIrank":197,"audienceSEIrank":229,"engagementSEI":0,"engagementSEIadj":0,"voiceSEI":0,"voiceSEIadj":0,"audienceSEI":0,"audienceSEIadj":0,"SEI":0,"SEIadj":0},"non_scoped":{"SEI":0,"SEIrank":229,"SEIadj":0,"audienceSEI":0,"audienceSEIadj":0,"audienceSEIrank":229,"audienceScore":0,"combinedScore":0,"combinedScoreRank":229,"engagementSEI":0,"engagementSEIadj":0,"engagementSEIrank":196,"engagementScore":0,"voiceSEI":0,"voiceSEIadj":0,"voiceSEIrank":197,"voiceScore":0},"scoped":{"SEI":0,"SEIrank":6,"SEIadj":0,"audienceSEI":0,"audienceSEIadj":0,"audienceSEIrank":6,"audienceScore":0,"combinedScore":0,"combinedScoreRank":6,"engagementSEI":0,"engagementSEIadj":0,"engagementSEIrank":6,"engagementScore":0,"voiceSEI":0,"voiceSEIadj":0,"voiceSEIrank":6,"voiceScore":0}},"instagram":{"entityString":"536575feb08f37d80186a091","type":"instagram","profiles":0,"postsMade":0,"repliesMade":0,"repliesRcvd":0,"sharesMade":0,"sharesRcvd":0,"mentionsRcvd":0,"likesRcvd":0,"reachRcvd":0,"audience":0,"voice":0,"conversation":0,"engagement":0,"group_scoped":{"audienceScore":0,"voiceScore":0,"engagementScore":0,"combinedScore":0,"combinedScoreRank":212,"SEIrank":193,"engagementSEIrank":193,"voiceSEIrank":192,"audienceSEIrank":193,"engagementSEI":0,"engagementSEIadj":0,"voiceSEI":0,"voiceSEIadj":0,"audienceSEI":0,"audienceSEIadj":0,"SEI":0,"SEIadj":0},"non_scoped":{"SEI":0,"SEIrank":193,"SEIadj":0,"audienceSEI":0,"audienceSEIadj":0,"audienceSEIrank":193,"audienceScore":0,"combinedScore":0,"combinedScoreRank":193,"engagementSEI":0,"engagementSEIadj":0,"engagementSEIrank":193,"engagementScore":0,"voiceSEI":0,"voiceSEIadj":0,"voiceSEIrank":192,"voiceScore":0},"scoped":{"SEI":0,"SEIrank":6,"SEIadj":0,"audienceSEI":0,"audienceSEIadj":0,"audienceSEIrank":6,"audienceScore":null,"combinedScore":null,"combinedScoreRank":1,"engagementSEI":0,"engagementSEIadj":0,"engagementSEIrank":6,"engagementScore":0,"voiceSEI":0,"voiceSEIadj":0,"voiceSEIrank":6,"voiceScore":0}}},"today":{"boundaryQuantum":4995546,"combined":{"entityString":"536575feb08f37d80186a091","type":"combined","profiles":1,"postsMade":0,"repliesMade":0,"repliesRcvd":0,"sharesMade":0,"sharesRcvd":0,"mentionsRcvd":0,"likesRcvd":0,"reachRcvd":0,"audience":2940,"voice":0,"conversation":0,"engagement":0,"group_scoped":{"audienceScore":0.12791863330687941,"voiceScore":0,"engagementScore":0,"combinedScore":0.12791863330687941,"combinedScoreRank":168,"SEIrank":216,"engagementSEIrank":219,"voiceSEIrank":214,"audienceSEIrank":211,"engagementSEI":0,"engagementSEIadj":0,"voiceSEI":0,"voiceSEIadj":0,"audienceSEI":0.1988306862025706,"audienceSEIadj":0.1988306862025706,"SEI":0.01988306862025706,"SEIadj":0.01988306862025706},"non_scoped":{"SEI":0.011550565152652112,"SEIrank":212,"SEIadj":0,"audienceSEI":0.11550565152652112,"audienceSEIadj":0,"audienceSEIrank":202,"audienceScore":0.021284100169056568,"combinedScore":0.0010642050084528284,"combinedScoreRank":212,"engagementSEI":0,"engagementSEIadj":0,"engagementSEIrank":219,"engagementScore":0,"voiceSEI":0,"voiceSEIadj":0,"voiceSEIrank":214,"voiceScore":0},"scoped":{"SEI":0.2714455862393707,"SEIrank":5,"SEIadj":0,"audienceSEI":2.7144558623937067,"audienceSEIadj":0,"audienceSEIrank":5,"audienceScore":2.357374814577236,"combinedScore":0.1178687407288618,"combinedScoreRank":5,"engagementSEI":0,"engagementSEIadj":0,"engagementSEIrank":6,"engagementScore":0,"voiceSEI":0,"voiceSEIadj":0,"voiceSEIrank":6,"voiceScore":0}},"facebook":{"entityString":"536575feb08f37d80186a091","type":"facebook","profiles":1,"postsMade":0,"repliesMade":0,"repliesRcvd":0,"sharesMade":0,"sharesRcvd":0,"mentionsRcvd":0,"likesRcvd":0,"reachRcvd":0,"audience":2940,"voice":0,"conversation":0,"engagement":0,"group_scoped":{"audienceScore":0.18983749522984866,"voiceScore":0,"engagementScore":0,"combinedScore":0.18983749522984866,"combinedScoreRank":102,"SEIrank":136,"engagementSEIrank":206,"voiceSEIrank":204,"audienceSEIrank":129,"engagementSEI":0,"engagementSEIadj":0,"voiceSEI":0,"voiceSEIadj":0,"audienceSEI":0.2676618102132099,"audienceSEIadj":0.2676618102132099,"SEI":0.02676618102132099,"SEIadj":0.02676618102132099},"non_scoped":{"SEI":0.01583252420518305,"SEIrank":137,"SEIadj":0,"audienceSEI":0.15832524205183052,"audienceSEIadj":0,"audienceSEIrank":128,"audienceScore":0.03019598426275683,"combinedScore":0.0015097992131378416,"combinedScoreRank":137,"engagementSEI":0,"engagementSEIadj":0,"engagementSEIrank":206,"engagementScore":0,"voiceSEI":0,"voiceSEIadj":0,"voiceSEIrank":204,"voiceScore":0},"scoped":{"SEI":0.35050489395438666,"SEIrank":2,"SEIadj":0,"audienceSEI":3.5050489395438666,"audienceSEIadj":0,"audienceSEIrank":2,"audienceScore":3.3863555212568675,"combinedScore":0.16931777606284337,"combinedScoreRank":2,"engagementSEI":0,"engagementSEIadj":0,"engagementSEIrank":6,"engagementScore":0,"voiceSEI":0,"voiceSEIadj":0,"voiceSEIrank":6,"voiceScore":0}},"twitter":{"entityString":"536575feb08f37d80186a091","type":"twitter","profiles":0,"postsMade":0,"repliesMade":0,"repliesRcvd":0,"sharesMade":0,"sharesRcvd":0,"mentionsRcvd":0,"likesRcvd":0,"reachRcvd":0,"audience":0,"voice":0,"conversation":0,"engagement":0,"group_scoped":{"audienceScore":0,"voiceScore":0,"engagementScore":0,"combinedScore":0,"combinedScoreRank":229,"SEIrank":229,"engagementSEIrank":215,"voiceSEIrank":210,"audienceSEIrank":229,"engagementSEI":0,"engagementSEIadj":0,"voiceSEI":0,"voiceSEIadj":0,"audienceSEI":0,"audienceSEIadj":0,"SEI":0,"SEIadj":0},"non_scoped":{"SEI":0,"SEIrank":229,"SEIadj":0,"audienceSEI":0,"audienceSEIadj":0,"audienceSEIrank":229,"audienceScore":0,"combinedScore":0,"combinedScoreRank":229,"engagementSEI":0,"engagementSEIadj":0,"engagementSEIrank":215,"engagementScore":0,"voiceSEI":0,"voiceSEIadj":0,"voiceSEIrank":210,"voiceScore":0},"scoped":{"SEI":0,"SEIrank":6,"SEIadj":0,"audienceSEI":0,"audienceSEIadj":0,"audienceSEIrank":6,"audienceScore":0,"combinedScore":0,"combinedScoreRank":6,"engagementSEI":0,"engagementSEIadj":0,"engagementSEIrank":6,"engagementScore":0,"voiceSEI":0,"voiceSEIadj":0,"voiceSEIrank":6,"voiceScore":0}},"instagram":{"entityString":"536575feb08f37d80186a091","type":"instagram","profiles":0,"postsMade":0,"repliesMade":0,"repliesRcvd":0,"sharesMade":0,"sharesRcvd":0,"mentionsRcvd":0,"likesRcvd":0,"reachRcvd":0,"audience":0,"voice":0,"conversation":0,"engagement":0,"group_scoped":{"audienceScore":0,"voiceScore":0,"engagementScore":0,"combinedScore":0,"combinedScoreRank":212,"SEIrank":193,"engagementSEIrank":193,"voiceSEIrank":193,"audienceSEIrank":193,"engagementSEI":0,"engagementSEIadj":0,"voiceSEI":0,"voiceSEIadj":0,"audienceSEI":0,"audienceSEIadj":0,"SEI":0,"SEIadj":0},"non_scoped":{"SEI":0,"SEIrank":193,"SEIadj":0,"audienceSEI":0,"audienceSEIadj":0,"audienceSEIrank":193,"audienceScore":0,"combinedScore":0,"combinedScoreRank":193,"engagementSEI":0,"engagementSEIadj":0,"engagementSEIrank":193,"engagementScore":0,"voiceSEI":0,"voiceSEIadj":0,"voiceSEIrank":193,"voiceScore":0},"scoped":{"SEI":0,"SEIrank":6,"SEIadj":0,"audienceSEI":0,"audienceSEIadj":0,"audienceSEIrank":6,"audienceScore":null,"combinedScore":null,"combinedScoreRank":1,"engagementSEI":0,"engagementSEIadj":0,"engagementSEIrank":6,"engagementScore":0,"voiceSEI":0,"voiceSEIadj":0,"voiceSEIrank":6,"voiceScore":0}}},"week":{"boundaryQuantum":4993818,"combined":{"entityString":"536575feb08f37d80186a091","type":"combined","profiles":1,"postsMade":0,"repliesMade":0,"repliesRcvd":0,"sharesMade":0,"sharesRcvd":0,"mentionsRcvd":0,"likesRcvd":0,"reachRcvd":0,"audience":2940,"voice":0,"conversation":0,"engagement":0,"group_scoped":{"audienceScore":0.12791863330687941,"voiceScore":0,"engagementScore":0,"combinedScore":0.12791863330687941,"combinedScoreRank":151,"SEIrank":220,"engagementSEIrank":226,"voiceSEIrank":224,"audienceSEIrank":211,"engagementSEI":0,"engagementSEIadj":0,"voiceSEI":0,"voiceSEIadj":0,"audienceSEI":0.1988306862025706,"audienceSEIadj":0.1988306862025706,"SEI":0.01988306862025706,"SEIadj":0.01988306862025706},"non_scoped":{"SEI":0.011550565152652112,"SEIrank":216,"SEIadj":0,"audienceSEI":0.11550565152652112,"audienceSEIadj":0,"audienceSEIrank":202,"audienceScore":0.021284100169056568,"combinedScore":0.0010642050084528284,"combinedScoreRank":216,"engagementSEI":0,"engagementSEIadj":0,"engagementSEIrank":226,"engagementScore":0,"voiceSEI":0,"voiceSEIadj":0,"voiceSEIrank":224,"voiceScore":0},"scoped":{"SEI":0.2714455862393707,"SEIrank":6,"SEIadj":0,"audienceSEI":2.7144558623937067,"audienceSEIadj":0,"audienceSEIrank":5,"audienceScore":2.357374814577236,"combinedScore":0.1178687407288618,"combinedScoreRank":6,"engagementSEI":0,"engagementSEIadj":0,"engagementSEIrank":6,"engagementScore":0,"voiceSEI":0,"voiceSEIadj":0,"voiceSEIrank":6,"voiceScore":0}},"facebook":{"entityString":"536575feb08f37d80186a091","type":"facebook","profiles":1,"postsMade":0,"repliesMade":0,"repliesRcvd":0,"sharesMade":0,"sharesRcvd":0,"mentionsRcvd":0,"likesRcvd":0,"reachRcvd":0,"audience":2940,"voice":0,"conversation":0,"engagement":0,"group_scoped":{"audienceScore":0.18983749522984866,"voiceScore":0,"engagementScore":0,"combinedScore":0.18983749522984866,"combinedScoreRank":94,"SEIrank":148,"engagementSEIrank":213,"voiceSEIrank":210,"audienceSEIrank":129,"engagementSEI":0,"engagementSEIadj":0,"voiceSEI":0,"voiceSEIadj":0,"audienceSEI":0.2676618102132099,"audienceSEIadj":0.2676618102132099,"SEI":0.02676618102132099,"SEIadj":0.02676618102132099},"non_scoped":{"SEI":0.01583252420518305,"SEIrank":148,"SEIadj":0,"audienceSEI":0.15832524205183052,"audienceSEIadj":0,"audienceSEIrank":128,"audienceScore":0.03019598426275683,"combinedScore":0.0015097992131378416,"combinedScoreRank":148,"engagementSEI":0,"engagementSEIadj":0,"engagementSEIrank":213,"engagementScore":0,"voiceSEI":0,"voiceSEIadj":0,"voiceSEIrank":210,"voiceScore":0},"scoped":{"SEI":0.35050489395438666,"SEIrank":2,"SEIadj":0,"audienceSEI":3.5050489395438666,"audienceSEIadj":0,"audienceSEIrank":2,"audienceScore":3.3863555212568675,"combinedScore":0.16931777606284337,"combinedScoreRank":2,"engagementSEI":0,"engagementSEIadj":0,"engagementSEIrank":6,"engagementScore":0,"voiceSEI":0,"voiceSEIadj":0,"voiceSEIrank":6,"voiceScore":0}},"twitter":{"entityString":"536575feb08f37d80186a091","type":"twitter","profiles":0,"postsMade":0,"repliesMade":0,"repliesRcvd":0,"sharesMade":0,"sharesRcvd":0,"mentionsRcvd":0,"likesRcvd":0,"reachRcvd":0,"audience":0,"voice":0,"conversation":0,"engagement":0,"group_scoped":{"audienceScore":0,"voiceScore":0,"engagementScore":0,"combinedScore":0,"combinedScoreRank":229,"SEIrank":229,"engagementSEIrank":222,"voiceSEIrank":221,"audienceSEIrank":229,"engagementSEI":0,"engagementSEIadj":0,"voiceSEI":0,"voiceSEIadj":0,"audienceSEI":0,"audienceSEIadj":0,"SEI":0,"SEIadj":0},"non_scoped":{"SEI":0,"SEIrank":229,"SEIadj":0,"audienceSEI":0,"audienceSEIadj":0,"audienceSEIrank":229,"audienceScore":0,"combinedScore":0,"combinedScoreRank":229,"engagementSEI":0,"engagementSEIadj":0,"engagementSEIrank":222,"engagementScore":0,"voiceSEI":0,"voiceSEIadj":0,"voiceSEIrank":221,"voiceScore":0},"scoped":{"SEI":0,"SEIrank":6,"SEIadj":0,"audienceSEI":0,"audienceSEIadj":0,"audienceSEIrank":6,"audienceScore":0,"combinedScore":0,"combinedScoreRank":6,"engagementSEI":0,"engagementSEIadj":0,"engagementSEIrank":6,"engagementScore":0,"voiceSEI":0,"voiceSEIadj":0,"voiceSEIrank":6,"voiceScore":0}},"instagram":{"entityString":"536575feb08f37d80186a091","type":"instagram","profiles":0,"postsMade":0,"repliesMade":0,"repliesRcvd":0,"sharesMade":0,"sharesRcvd":0,"mentionsRcvd":0,"likesRcvd":0,"reachRcvd":0,"audience":0,"voice":0,"conversation":0,"engagement":0,"group_scoped":{"audienceScore":0,"voiceScore":0,"engagementScore":0,"combinedScore":0,"combinedScoreRank":212,"SEIrank":193,"engagementSEIrank":193,"voiceSEIrank":193,"audienceSEIrank":193,"engagementSEI":0,"engagementSEIadj":0,"voiceSEI":0,"voiceSEIadj":0,"audienceSEI":0,"audienceSEIadj":0,"SEI":0,"SEIadj":0},"non_scoped":{"SEI":0,"SEIrank":193,"SEIadj":0,"audienceSEI":0,"audienceSEIadj":0,"audienceSEIrank":193,"audienceScore":0,"combinedScore":0,"combinedScoreRank":193,"engagementSEI":0,"engagementSEIadj":0,"engagementSEIrank":193,"engagementScore":0,"voiceSEI":0,"voiceSEIadj":0,"voiceSEIrank":193,"voiceScore":0},"scoped":{"SEI":0,"SEIrank":6,"SEIadj":0,"audienceSEI":0,"audienceSEIadj":0,"audienceSEIrank":6,"audienceScore":null,"combinedScore":null,"combinedScoreRank":1,"engagementSEI":0,"engagementSEIadj":0,"engagementSEIrank":6,"engagementScore":0,"voiceSEI":0,"voiceSEIadj":0,"voiceSEIrank":6,"voiceScore":0}}},"month":{"boundaryQuantum":4987194,"combined":{"entityString":"536575feb08f37d80186a091","type":"combined","profiles":1,"postsMade":0,"repliesMade":0,"repliesRcvd":0,"sharesMade":0,"sharesRcvd":0,"mentionsRcvd":0,"likesRcvd":0,"reachRcvd":0,"audience":2940,"voice":0,"conversation":0,"engagement":0,"group_scoped":{"audienceScore":0.12791863330687941,"voiceScore":0,"engagementScore":0,"combinedScore":0.12791863330687941,"combinedScoreRank":138,"SEIrank":221,"engagementSEIrank":229,"voiceSEIrank":228,"audienceSEIrank":211,"engagementSEI":0,"engagementSEIadj":0,"voiceSEI":0,"voiceSEIadj":0,"audienceSEI":0.1988306862025706,"audienceSEIadj":0.1988306862025706,"SEI":0.01988306862025706,"SEIadj":0.01988306862025706},"non_scoped":{"SEI":0.011550565152652112,"SEIrank":218,"SEIadj":0,"audienceSEI":0.11550565152652112,"audienceSEIadj":0,"audienceSEIrank":202,"audienceScore":0.021284100169056568,"combinedScore":0.0010642050084528284,"combinedScoreRank":217,"engagementSEI":0,"engagementSEIadj":0,"engagementSEIrank":229,"engagementScore":0,"voiceSEI":0,"voiceSEIadj":0,"voiceSEIrank":228,"voiceScore":0},"scoped":{"SEI":0.2714455862393707,"SEIrank":6,"SEIadj":0,"audienceSEI":2.7144558623937067,"audienceSEIadj":0,"audienceSEIrank":5,"audienceScore":2.357374814577236,"combinedScore":0.1178687407288618,"combinedScoreRank":6,"engagementSEI":0,"engagementSEIadj":0,"engagementSEIrank":6,"engagementScore":0,"voiceSEI":0,"voiceSEIadj":0,"voiceSEIrank":6,"voiceScore":0}},"facebook":{"entityString":"536575feb08f37d80186a091","type":"facebook","profiles":1,"postsMade":0,"repliesMade":0,"repliesRcvd":0,"sharesMade":0,"sharesRcvd":0,"mentionsRcvd":0,"likesRcvd":0,"reachRcvd":0,"audience":2940,"voice":0,"conversation":0,"engagement":0,"group_scoped":{"audienceScore":0.18983749522984866,"voiceScore":0,"engagementScore":0,"combinedScore":0.18983749522984866,"combinedScoreRank":87,"SEIrank":154,"engagementSEIrank":217,"voiceSEIrank":215,"audienceSEIrank":129,"engagementSEI":0,"engagementSEIadj":0,"voiceSEI":0,"voiceSEIadj":0,"audienceSEI":0.2676618102132099,"audienceSEIadj":0.2676618102132099,"SEI":0.02676618102132099,"SEIadj":0.02676618102132099},"non_scoped":{"SEI":0.01583252420518305,"SEIrank":154,"SEIadj":0,"audienceSEI":0.15832524205183052,"audienceSEIadj":0,"audienceSEIrank":128,"audienceScore":0.03019598426275683,"combinedScore":0.0015097992131378416,"combinedScoreRank":154,"engagementSEI":0,"engagementSEIadj":0,"engagementSEIrank":217,"engagementScore":0,"voiceSEI":0,"voiceSEIadj":0,"voiceSEIrank":215,"voiceScore":0},"scoped":{"SEI":0.35050489395438666,"SEIrank":2,"SEIadj":0,"audienceSEI":3.5050489395438666,"audienceSEIadj":0,"audienceSEIrank":2,"audienceScore":3.3863555212568675,"combinedScore":0.16931777606284337,"combinedScoreRank":2,"engagementSEI":0,"engagementSEIadj":0,"engagementSEIrank":6,"engagementScore":0,"voiceSEI":0,"voiceSEIadj":0,"voiceSEIrank":6,"voiceScore":0}},"twitter":{"entityString":"536575feb08f37d80186a091","type":"twitter","profiles":0,"postsMade":0,"repliesMade":0,"repliesRcvd":0,"sharesMade":0,"sharesRcvd":0,"mentionsRcvd":0,"likesRcvd":0,"reachRcvd":0,"audience":0,"voice":0,"conversation":0,"engagement":0,"group_scoped":{"audienceScore":0,"voiceScore":0,"engagementScore":0,"combinedScore":0,"combinedScoreRank":229,"SEIrank":229,"engagementSEIrank":223,"voiceSEIrank":223,"audienceSEIrank":229,"engagementSEI":0,"engagementSEIadj":0,"voiceSEI":0,"voiceSEIadj":0,"audienceSEI":0,"audienceSEIadj":0,"SEI":0,"SEIadj":0},"non_scoped":{"SEI":0,"SEIrank":229,"SEIadj":0,"audienceSEI":0,"audienceSEIadj":0,"audienceSEIrank":229,"audienceScore":0,"combinedScore":0,"combinedScoreRank":229,"engagementSEI":0,"engagementSEIadj":0,"engagementSEIrank":223,"engagementScore":0,"voiceSEI":0,"voiceSEIadj":0,"voiceSEIrank":223,"voiceScore":0},"scoped":{"SEI":0,"SEIrank":6,"SEIadj":0,"audienceSEI":0,"audienceSEIadj":0,"audienceSEIrank":6,"audienceScore":0,"combinedScore":0,"combinedScoreRank":6,"engagementSEI":0,"engagementSEIadj":0,"engagementSEIrank":6,"engagementScore":0,"voiceSEI":0,"voiceSEIadj":0,"voiceSEIrank":6,"voiceScore":0}},"instagram":{"entityString":"536575feb08f37d80186a091","type":"instagram","profiles":0,"postsMade":0,"repliesMade":0,"repliesRcvd":0,"sharesMade":0,"sharesRcvd":0,"mentionsRcvd":0,"likesRcvd":0,"reachRcvd":0,"audience":0,"voice":0,"conversation":0,"engagement":0,"group_scoped":{"audienceScore":0,"voiceScore":0,"engagementScore":0,"combinedScore":0,"combinedScoreRank":212,"SEIrank":193,"engagementSEIrank":193,"voiceSEIrank":193,"audienceSEIrank":193,"engagementSEI":0,"engagementSEIadj":0,"voiceSEI":0,"voiceSEIadj":0,"audienceSEI":0,"audienceSEIadj":0,"SEI":0,"SEIadj":0},"non_scoped":{"SEI":0,"SEIrank":193,"SEIadj":0,"audienceSEI":0,"audienceSEIadj":0,"audienceSEIrank":193,"audienceScore":0,"combinedScore":0,"combinedScoreRank":193,"engagementSEI":0,"engagementSEIadj":0,"engagementSEIrank":193,"engagementScore":0,"voiceSEI":0,"voiceSEIadj":0,"voiceSEIrank":193,"voiceScore":0},"scoped":{"SEI":0,"SEIrank":6,"SEIadj":0,"audienceSEI":0,"audienceSEIadj":0,"audienceSEIrank":6,"audienceScore":null,"combinedScore":null,"combinedScoreRank":1,"engagementSEI":0,"engagementSEIadj":0,"engagementSEIrank":6,"engagementScore":0,"voiceSEI":0,"voiceSEIadj":0,"voiceSEIrank":6,"voiceScore":0}}},"quarter":{"boundaryQuantum":4969914,"combined":{"entityString":"536575feb08f37d80186a091","type":"combined","profiles":1,"postsMade":0,"repliesMade":0,"repliesRcvd":0,"sharesMade":0,"sharesRcvd":0,"mentionsRcvd":0,"likesRcvd":0,"reachRcvd":0,"audience":2940,"voice":0,"conversation":0,"engagement":0,"group_scoped":{"audienceScore":0.12791863330687941,"voiceScore":0,"engagementScore":0,"combinedScore":0.12791863330687941,"combinedScoreRank":134,"SEIrank":222,"engagementSEIrank":229,"voiceSEIrank":229,"audienceSEIrank":211,"engagementSEI":0,"engagementSEIadj":0,"voiceSEI":0,"voiceSEIadj":0,"audienceSEI":0.1988306862025706,"audienceSEIadj":0.1988306862025706,"SEI":0.01988306862025706,"SEIadj":0.01988306862025706},"non_scoped":{"SEI":0.011550565152652112,"SEIrank":220,"SEIadj":0,"audienceSEI":0.11550565152652112,"audienceSEIadj":0,"audienceSEIrank":202,"audienceScore":0.021284100169056568,"combinedScore":0.0010642050084528284,"combinedScoreRank":218,"engagementSEI":0,"engagementSEIadj":0,"engagementSEIrank":229,"engagementScore":0,"voiceSEI":0,"voiceSEIadj":0,"voiceSEIrank":229,"voiceScore":0},"scoped":{"SEI":0.2714455862393707,"SEIrank":6,"SEIadj":0,"audienceSEI":2.7144558623937067,"audienceSEIadj":0,"audienceSEIrank":5,"audienceScore":2.357374814577236,"combinedScore":0.1178687407288618,"combinedScoreRank":6,"engagementSEI":0,"engagementSEIadj":0,"engagementSEIrank":6,"engagementScore":0,"voiceSEI":0,"voiceSEIadj":0,"voiceSEIrank":6,"voiceScore":0}},"facebook":{"entityString":"536575feb08f37d80186a091","type":"facebook","profiles":1,"postsMade":0,"repliesMade":0,"repliesRcvd":0,"sharesMade":0,"sharesRcvd":0,"mentionsRcvd":0,"likesRcvd":0,"reachRcvd":0,"audience":2940,"voice":0,"conversation":0,"engagement":0,"group_scoped":{"audienceScore":0.18983749522984866,"voiceScore":0,"engagementScore":0,"combinedScore":0.18983749522984866,"combinedScoreRank":82,"SEIrank":157,"engagementSEIrank":219,"voiceSEIrank":219,"audienceSEIrank":129,"engagementSEI":0,"engagementSEIadj":0,"voiceSEI":0,"voiceSEIadj":0,"audienceSEI":0.2676618102132099,"audienceSEIadj":0.2676618102132099,"SEI":0.02676618102132099,"SEIadj":0.02676618102132099},"non_scoped":{"SEI":0.01583252420518305,"SEIrank":157,"SEIadj":0,"audienceSEI":0.15832524205183052,"audienceSEIadj":0,"audienceSEIrank":128,"audienceScore":0.03019598426275683,"combinedScore":0.0015097992131378416,"combinedScoreRank":154,"engagementSEI":0,"engagementSEIadj":0,"engagementSEIrank":219,"engagementScore":0,"voiceSEI":0,"voiceSEIadj":0,"voiceSEIrank":219,"voiceScore":0},"scoped":{"SEI":0.35050489395438666,"SEIrank":2,"SEIadj":0,"audienceSEI":3.5050489395438666,"audienceSEIadj":0,"audienceSEIrank":2,"audienceScore":3.3863555212568675,"combinedScore":0.16931777606284337,"combinedScoreRank":2,"engagementSEI":0,"engagementSEIadj":0,"engagementSEIrank":6,"engagementScore":0,"voiceSEI":0,"voiceSEIadj":0,"voiceSEIrank":6,"voiceScore":0}},"twitter":{"entityString":"536575feb08f37d80186a091","type":"twitter","profiles":0,"postsMade":0,"repliesMade":0,"repliesRcvd":0,"sharesMade":0,"sharesRcvd":0,"mentionsRcvd":0,"likesRcvd":0,"reachRcvd":0,"audience":0,"voice":0,"conversation":0,"engagement":0,"group_scoped":{"audienceScore":0,"voiceScore":0,"engagementScore":0,"combinedScore":0,"combinedScoreRank":229,"SEIrank":229,"engagementSEIrank":225,"voiceSEIrank":225,"audienceSEIrank":229,"engagementSEI":0,"engagementSEIadj":0,"voiceSEI":0,"voiceSEIadj":0,"audienceSEI":0,"audienceSEIadj":0,"SEI":0,"SEIadj":0},"non_scoped":{"SEI":0,"SEIrank":229,"SEIadj":0,"audienceSEI":0,"audienceSEIadj":0,"audienceSEIrank":229,"audienceScore":0,"combinedScore":0,"combinedScoreRank":229,"engagementSEI":0,"engagementSEIadj":0,"engagementSEIrank":225,"engagementScore":0,"voiceSEI":0,"voiceSEIadj":0,"voiceSEIrank":225,"voiceScore":0},"scoped":{"SEI":0,"SEIrank":6,"SEIadj":0,"audienceSEI":0,"audienceSEIadj":0,"audienceSEIrank":6,"audienceScore":0,"combinedScore":0,"combinedScoreRank":6,"engagementSEI":0,"engagementSEIadj":0,"engagementSEIrank":6,"engagementScore":0,"voiceSEI":0,"voiceSEIadj":0,"voiceSEIrank":6,"voiceScore":0}},"instagram":{"entityString":"536575feb08f37d80186a091","type":"instagram","profiles":0,"postsMade":0,"repliesMade":0,"repliesRcvd":0,"sharesMade":0,"sharesRcvd":0,"mentionsRcvd":0,"likesRcvd":0,"reachRcvd":0,"audience":0,"voice":0,"conversation":0,"engagement":0,"group_scoped":{"audienceScore":0,"voiceScore":0,"engagementScore":0,"combinedScore":0,"combinedScoreRank":212,"SEIrank":193,"engagementSEIrank":193,"voiceSEIrank":193,"audienceSEIrank":193,"engagementSEI":0,"engagementSEIadj":0,"voiceSEI":0,"voiceSEIadj":0,"audienceSEI":0,"audienceSEIadj":0,"SEI":0,"SEIadj":0},"non_scoped":{"SEI":0,"SEIrank":193,"SEIadj":0,"audienceSEI":0,"audienceSEIadj":0,"audienceSEIrank":193,"audienceScore":0,"combinedScore":0,"combinedScoreRank":193,"engagementSEI":0,"engagementSEIadj":0,"engagementSEIrank":193,"engagementScore":0,"voiceSEI":0,"voiceSEIadj":0,"voiceSEIrank":193,"voiceScore":0},"scoped":{"SEI":0,"SEIrank":6,"SEIadj":0,"audienceSEI":0,"audienceSEIadj":0,"audienceSEIrank":6,"audienceScore":null,"combinedScore":null,"combinedScoreRank":1,"engagementSEI":0,"engagementSEIadj":0,"engagementSEIrank":6,"engagementScore":0,"voiceSEI":0,"voiceSEIadj":0,"voiceSEIrank":6,"voiceScore":0}}},"blended":{"combined":{"non_scoped":{"SEI":0.011550565152652112,"SEIadj":20.00924045212212,"SEIrank":220,"audienceSEI":0.11550565152652112,"audienceSEIadj":40.06930339091591,"audienceSEIrank":202,"engagementSEI":0,"engagementSEIadj":0,"engagementSEIrank":229,"voiceSEI":0,"voiceSEIadj":0,"voiceSEIrank":229},"scoped":{"SEI":0.20629864554192173,"SEIadj":20.165038916433538,"SEIrank":6,"compCharisma":0,"compInfluence":0,"compEva":0.20629864554192173,"audienceSEI":2.7144558623937067,"audienceSEIadj":41.628673517436226,"audienceSEIrank":5,"engagementSEI":0,"engagementSEIadj":0,"engagementSEIrank":6,"voiceSEI":0,"voiceSEIadj":0,"voiceSEIrank":6}},"facebook":{"non_scoped":{"SEI":0.01583252420518305,"SEIadj":50.00791626210259,"SEIrank":156,"audienceSEI":0.15832524205183052,"audienceSEIadj":50.079162621025915,"audienceSEIrank":128,"engagementSEI":0,"engagementSEIadj":0,"engagementSEIrank":219,"voiceSEI":0,"voiceSEIadj":0,"voiceSEIrank":219},"scoped":{"SEI":0.35050489395438666,"SEIadj":50.17525244697719,"SEIrank":2,"audienceSEI":3.505048939543867,"audienceSEIadj":51.752524469771934,"audienceSEIrank":2,"engagementSEI":0,"engagementSEIadj":0,"engagementSEIrank":6,"voiceSEI":0,"voiceSEIadj":0,"voiceSEIrank":6}},"twitter":{"non_scoped":{"SEI":0,"SEIadj":0,"SEIrank":229,"audienceSEI":0,"audienceSEIadj":0,"audienceSEIrank":229,"engagementSEI":0,"engagementSEIadj":0,"engagementSEIrank":225,"voiceSEI":0,"voiceSEIadj":0,"voiceSEIrank":225},"scoped":{"SEI":0,"SEIadj":0,"SEIrank":6,"audienceSEI":0,"audienceSEIadj":0,"audienceSEIrank":6,"engagementSEI":0,"engagementSEIadj":0,"engagementSEIrank":6,"voiceSEI":0,"voiceSEIadj":0,"voiceSEIrank":6}},"instagram":{"non_scoped":{"SEI":0,"SEIadj":0,"SEIrank":193,"audienceSEI":0,"audienceSEIadj":0,"audienceSEIrank":193,"engagementSEI":0,"engagementSEIadj":0,"engagementSEIrank":193,"voiceSEI":0,"voiceSEIadj":0,"voiceSEIrank":193},"scoped":{"SEI":0,"SEIadj":0,"SEIrank":6,"audienceSEI":0,"audienceSEIadj":0,"audienceSEIrank":6,"engagementSEI":0,"engagementSEIadj":0,"engagementSEIrank":6,"voiceSEI":0,"voiceSEIadj":0,"voiceSEIrank":6}},"influence":{"combined":{"scope":"sub-brand","ratio":0,"calculated":false},"facebook":{"scope":"sub-brand","ratio":0,"calculated":false},"twitter":{"scope":"sub-brand","ratio":0,"calculated":false},"instagram":{"scope":"sub-brand","ratio":0,"calculated":false}},"charisma":{"combined":{"scope":"sub-brand","ratio":0,"calculated":false},"facebook":{"scope":"sub-brand","ratio":0,"calculated":false},"twitter":{"scope":"sub-brand","ratio":0,"calculated":false},"instagram":{"scope":"sub-brand","ratio":0,"calculated":false}}},"scope":"sub-brand"}}