{"scoreEntityString":"591d1494ab33fb0001804f89.asset.536575feb08f37d80186a0b7","timeQuantum":4995834,"scoreEntityType":"asset","scoreProfileID":"591d1494ab33fb0001804f89","data":{"scoreEntityString":"591d1494ab33fb0001804f89.asset.536575feb08f37d80186a0b7","scoreProfileID":"591d1494ab33fb0001804f89","scoreEntityType":"asset","entityID":"asset.536575feb08f37d80186a0b7","object_version":"1.2","score_engine_version":"3.0.20","timestamp":4995834,"start_quantum":4969914,"end_quantum":4995833,"schedule_options":{"interval":15,"offset":"1"},"_15min":{"boundaryQuantum":4995831,"combined":{"entityString":"536575feb08f37d80186a0b7","type":"combined","profiles":2,"postsMade":0,"repliesMade":0,"repliesRcvd":0,"sharesMade":0,"sharesRcvd":0,"mentionsRcvd":0,"likesRcvd":0,"reachRcvd":0,"audience":4507,"voice":0,"conversation":0,"engagement":0,"group_scoped":{"audienceScore":0.19609839466466172,"voiceScore":0,"engagementScore":0,"combinedScore":0.19609839466466172,"engagementSEI":0,"engagementSEIadj":0,"voiceSEI":0,"voiceSEIadj":0,"audienceSEI":0.30480608935883863,"audienceSEIadj":0.30480608935883863,"SEI":0.030480608935883863,"SEIadj":0.030480608935883863,"combinedScoreRank":191,"SEIrank":195,"engagementSEIrank":185,"voiceSEIrank":183,"audienceSEIrank":195},"non_scoped":{"SEI":0.01770693780374254,"SEIrank":177,"SEIadj":0,"audienceSEI":0.1770693780374254,"audienceSEIadj":0,"audienceSEIrank":177,"audienceScore":0.032628380769366645,"combinedScore":0.0016314190384683323,"combinedScoreRank":177,"engagementSEI":0,"engagementSEIadj":0,"engagementSEIrank":185,"engagementScore":0,"voiceSEI":0,"voiceSEIadj":0,"voiceSEIrank":183,"voiceScore":0},"scoped":{"SEI":0.23116614008452674,"SEIrank":161,"SEIadj":0,"audienceSEI":2.311661400845267,"audienceSEIadj":0,"audienceSEIrank":161,"audienceScore":0.09367388477260026,"combinedScore":0.004683694238630013,"combinedScoreRank":161,"engagementSEI":0,"engagementSEIadj":0,"engagementSEIrank":165,"engagementScore":0,"voiceSEI":0,"voiceSEIadj":0,"voiceSEIrank":165,"voiceScore":0}},"facebook":{"entityString":"536575feb08f37d80186a0b7","type":"facebook","profiles":1,"postsMade":0,"repliesMade":0,"repliesRcvd":0,"sharesMade":0,"sharesRcvd":0,"mentionsRcvd":0,"likesRcvd":0,"reachRcvd":0,"audience":2238,"voice":0,"conversation":0,"engagement":0,"group_scoped":{"audienceScore":0.14450895045047663,"voiceScore":0,"engagementScore":0,"combinedScore":0.14450895045047663,"engagementSEI":0,"engagementSEIadj":0,"voiceSEI":0,"voiceSEIadj":0,"audienceSEI":0.20375072491740265,"audienceSEIadj":0.20375072491740265,"SEI":0.020375072491740268,"SEIadj":0.020375072491740268,"combinedScoreRank":144,"SEIrank":143,"engagementSEIrank":185,"voiceSEIrank":183,"audienceSEIrank":143},"non_scoped":{"SEI":0.012052105160271998,"SEIrank":142,"SEIadj":0,"audienceSEI":0.12052105160271996,"audienceSEIadj":0,"audienceSEIrank":142,"audienceScore":0.022985922714302647,"combinedScore":0.0011492961357151324,"combinedScoreRank":142,"engagementSEI":0,"engagementSEIadj":0,"engagementSEIrank":185,"engagementScore":0,"voiceSEI":0,"voiceSEIadj":0,"voiceSEIrank":183,"voiceScore":0},"scoped":{"SEI":0.1536222731703299,"SEIrank":127,"SEIadj":0,"audienceSEI":1.5362227317032988,"audienceSEIadj":0,"audienceSEIrank":127,"audienceScore":0.09422487410369536,"combinedScore":0.004711243705184769,"combinedScoreRank":127,"engagementSEI":0,"engagementSEIadj":0,"engagementSEIrank":165,"engagementScore":0,"voiceSEI":0,"voiceSEIadj":0,"voiceSEIrank":165,"voiceScore":0}},"twitter":{"entityString":"536575feb08f37d80186a0b7","type":"twitter","profiles":1,"postsMade":0,"repliesMade":0,"repliesRcvd":0,"sharesMade":0,"sharesRcvd":0,"mentionsRcvd":0,"likesRcvd":0,"reachRcvd":0,"audience":2269,"voice":0,"conversation":0,"engagement":0,"group_scoped":{"audienceScore":0.35565601213838766,"voiceScore":0,"engagementScore":0,"combinedScore":0.35565601213838766,"engagementSEI":0,"engagementSEIadj":0,"voiceSEI":0,"voiceSEIadj":0,"audienceSEI":0.8448228999504797,"audienceSEIadj":0.8448228999504797,"SEI":0.08448228999504798,"SEIadj":0.08448228999504798,"combinedScoreRank":211,"SEIrank":213,"engagementSEIrank":183,"voiceSEIrank":183,"audienceSEIrank":213},"non_scoped":{"SEI":0.04007580668236258,"SEIrank":193,"SEIadj":0,"audienceSEI":0.4007580668236258,"audienceSEIadj":0,"audienceSEIrank":193,"audienceScore":0.06505839485542643,"combinedScore":0.003252919742771322,"combinedScoreRank":193,"engagementSEI":0,"engagementSEIadj":0,"engagementSEIrank":183,"engagementScore":0,"voiceSEI":0,"voiceSEIadj":0,"voiceSEIrank":183,"voiceScore":0},"scoped":{"SEI":0.1946837354566359,"SEIrank":175,"SEIadj":0,"audienceSEI":1.9468373545663589,"audienceSEIadj":0,"audienceSEIrank":175,"audienceScore":0.10305420133221059,"combinedScore":0.014722028761744369,"combinedScoreRank":175,"engagementSEI":0,"engagementSEIadj":0,"engagementSEIrank":165,"engagementScore":0,"voiceSEI":0,"voiceSEIadj":0,"voiceSEIrank":165,"voiceScore":0}},"instagram":{"entityString":"536575feb08f37d80186a0b7","type":"instagram","profiles":0,"postsMade":0,"repliesMade":0,"repliesRcvd":0,"sharesMade":0,"sharesRcvd":0,"mentionsRcvd":0,"likesRcvd":0,"reachRcvd":0,"audience":0,"voice":0,"conversation":0,"engagement":0,"group_scoped":{"audienceScore":0,"voiceScore":0,"engagementScore":0,"combinedScore":0,"engagementSEI":0,"engagementSEIadj":0,"voiceSEI":0,"voiceSEIadj":0,"audienceSEI":0,"audienceSEIadj":0,"SEI":0,"SEIadj":0,"combinedScoreRank":203,"SEIrank":184,"engagementSEIrank":184,"voiceSEIrank":183,"audienceSEIrank":184},"non_scoped":{"SEI":0,"SEIrank":184,"SEIadj":0,"audienceSEI":0,"audienceSEIadj":0,"audienceSEIrank":184,"audienceScore":0,"combinedScore":0,"combinedScoreRank":184,"engagementSEI":0,"engagementSEIadj":0,"engagementSEIrank":184,"engagementScore":0,"voiceSEI":0,"voiceSEIadj":0,"voiceSEIrank":183,"voiceScore":0},"scoped":{"SEI":0,"SEIrank":165,"SEIadj":0,"audienceSEI":0,"audienceSEIadj":0,"audienceSEIrank":165,"audienceScore":0,"combinedScore":0,"combinedScoreRank":165,"engagementSEI":0,"engagementSEIadj":0,"engagementSEIrank":165,"engagementScore":0,"voiceSEI":0,"voiceSEIadj":0,"voiceSEIrank":165,"voiceScore":0}}},"hour":{"boundaryQuantum":4995822,"combined":{"entityString":"536575feb08f37d80186a0b7","type":"combined","profiles":2,"postsMade":0,"repliesMade":0,"repliesRcvd":0,"sharesMade":0,"sharesRcvd":1,"mentionsRcvd":0,"likesRcvd":1,"reachRcvd":0,"audience":4507,"voice":0,"conversation":0,"engagement":2,"group_scoped":{"audienceScore":0.19609839466466172,"voiceScore":0,"engagementScore":0.1951219512195122,"combinedScore":0.19526144314024782,"combinedScoreRank":185,"SEIrank":106,"engagementSEIrank":44,"voiceSEIrank":189,"audienceSEIrank":195,"engagementSEI":0.20597322348094746,"engagementSEIadj":0.20597322348094746,"voiceSEI":0,"voiceSEIadj":0,"audienceSEI":0.30480608935883863,"audienceSEIadj":0.30480608935883863,"SEI":0.15406454302445233,"SEIadj":0.15406454302445233},"non_scoped":{"SEI":0.05769360891337266,"SEIrank":122,"SEIadj":0,"audienceSEI":0.1770693780374254,"audienceSEIadj":0,"audienceSEIrank":177,"audienceScore":0.032628380769366645,"combinedScore":0.022186403622229893,"combinedScoreRank":74,"engagementSEI":0.06664445184938354,"engagementSEIadj":0,"engagementSEIrank":56,"engagementScore":0.022838871759735067,"voiceSEI":0,"voiceSEIadj":0,"voiceSEIrank":189,"voiceScore":0},"scoped":{"SEI":1.1989080755683976,"SEIrank":88,"SEIadj":0,"audienceSEI":2.311661400845267,"audienceSEIadj":0,"audienceSEIrank":161,"audienceScore":0.09367388477260026,"combinedScore":0.3590144029000473,"combinedScoreRank":54,"engagementSEI":1.6129032258064515,"engagementSEIadj":0,"engagementSEIrank":47,"engagementScore":0.39370078740157477,"voiceSEI":0,"voiceSEIadj":0,"voiceSEIrank":169,"voiceScore":0}},"facebook":{"entityString":"536575feb08f37d80186a0b7","type":"facebook","profiles":1,"postsMade":0,"repliesMade":0,"repliesRcvd":0,"sharesMade":0,"sharesRcvd":0,"mentionsRcvd":0,"likesRcvd":0,"reachRcvd":0,"audience":2238,"voice":0,"conversation":0,"engagement":0,"group_scoped":{"audienceScore":0.14450895045047663,"voiceScore":0,"engagementScore":0,"combinedScore":0.14450895045047663,"combinedScoreRank":144,"SEIrank":144,"engagementSEIrank":190,"voiceSEIrank":187,"audienceSEIrank":143,"engagementSEI":0,"engagementSEIadj":0,"voiceSEI":0,"voiceSEIadj":0,"audienceSEI":0.20375072491740265,"audienceSEIadj":0.20375072491740265,"SEI":0.020375072491740268,"SEIadj":0.020375072491740268},"non_scoped":{"SEI":0.012052105160271998,"SEIrank":143,"SEIadj":0,"audienceSEI":0.12052105160271996,"audienceSEIadj":0,"audienceSEIrank":142,"audienceScore":0.022985922714302647,"combinedScore":0.0011492961357151324,"combinedScoreRank":143,"engagementSEI":0,"engagementSEIadj":0,"engagementSEIrank":190,"engagementScore":0,"voiceSEI":0,"voiceSEIadj":0,"voiceSEIrank":187,"voiceScore":0},"scoped":{"SEI":0.1536222731703299,"SEIrank":128,"SEIadj":0,"audienceSEI":1.5362227317032988,"audienceSEIadj":0,"audienceSEIrank":127,"audienceScore":0.09422487410369536,"combinedScore":0.004711243705184769,"combinedScoreRank":128,"engagementSEI":0,"engagementSEIadj":0,"engagementSEIrank":170,"engagementScore":0,"voiceSEI":0,"voiceSEIadj":0,"voiceSEIrank":167,"voiceScore":0}},"twitter":{"entityString":"536575feb08f37d80186a0b7","type":"twitter","profiles":1,"postsMade":0,"repliesMade":0,"repliesRcvd":0,"sharesMade":0,"sharesRcvd":1,"mentionsRcvd":0,"likesRcvd":1,"reachRcvd":0,"audience":2269,"voice":0,"conversation":0,"engagement":2,"group_scoped":{"audienceScore":0.35565601213838766,"voiceScore":0,"engagementScore":2.898550724637681,"combinedScore":2.5352800514234963,"combinedScoreRank":69,"SEIrank":37,"engagementSEIrank":25,"voiceSEIrank":188,"audienceSEIrank":213,"engagementSEI":4.444444444444445,"engagementSEIadj":4.444444444444445,"voiceSEI":0,"voiceSEIadj":0,"audienceSEI":0.8448228999504797,"audienceSEIadj":0.8448228999504797,"SEI":2.7511489566617144,"SEIadj":2.7511489566617144},"non_scoped":{"SEI":1.1615711337851662,"SEIrank":39,"SEIadj":0,"audienceSEI":0.4007580668236258,"audienceSEIadj":0,"audienceSEIrank":193,"audienceScore":0.06505839485542643,"combinedScore":0.6175873907325324,"combinedScoreRank":27,"engagementSEI":1.8691588785046727,"engagementSEIadj":0,"engagementSEIrank":26,"engagementScore":0.6825938566552902,"voiceSEI":0,"voiceSEIadj":0,"voiceSEIrank":188,"voiceScore":0},"scoped":{"SEI":7.6946837354566355,"SEIrank":29,"SEIadj":0,"audienceSEI":1.9468373545663589,"audienceSEIadj":0,"audienceSEIrank":175,"audienceScore":0.10305420133221059,"combinedScore":1.6267743316882322,"combinedScoreRank":21,"engagementSEI":12.5,"engagementSEIadj":0,"engagementSEIrank":20,"engagementScore":1.8018018018018018,"voiceSEI":0,"voiceSEIadj":0,"voiceSEIrank":168,"voiceScore":0}},"instagram":{"entityString":"536575feb08f37d80186a0b7","type":"instagram","profiles":0,"postsMade":0,"repliesMade":0,"repliesRcvd":0,"sharesMade":0,"sharesRcvd":0,"mentionsRcvd":0,"likesRcvd":0,"reachRcvd":0,"audience":0,"voice":0,"conversation":0,"engagement":0,"group_scoped":{"audienceScore":0,"voiceScore":0,"engagementScore":0,"combinedScore":0,"combinedScoreRank":203,"SEIrank":184,"engagementSEIrank":184,"voiceSEIrank":183,"audienceSEIrank":184,"engagementSEI":0,"engagementSEIadj":0,"voiceSEI":0,"voiceSEIadj":0,"audienceSEI":0,"audienceSEIadj":0,"SEI":0,"SEIadj":0},"non_scoped":{"SEI":0,"SEIrank":184,"SEIadj":0,"audienceSEI":0,"audienceSEIadj":0,"audienceSEIrank":184,"audienceScore":0,"combinedScore":0,"combinedScoreRank":184,"engagementSEI":0,"engagementSEIadj":0,"engagementSEIrank":184,"engagementScore":0,"voiceSEI":0,"voiceSEIadj":0,"voiceSEIrank":183,"voiceScore":0},"scoped":{"SEI":0,"SEIrank":165,"SEIadj":0,"audienceSEI":0,"audienceSEIadj":0,"audienceSEIrank":165,"audienceScore":0,"combinedScore":0,"combinedScoreRank":165,"engagementSEI":0,"engagementSEIadj":0,"engagementSEIrank":165,"engagementScore":0,"voiceSEI":0,"voiceSEIadj":0,"voiceSEIrank":165,"voiceScore":0}}},"today":{"boundaryQuantum":4995546,"combined":{"entityString":"536575feb08f37d80186a0b7","type":"combined","profiles":2,"postsMade":3,"repliesMade":0,"repliesRcvd":0,"sharesMade":0,"sharesRcvd":27,"mentionsRcvd":0,"likesRcvd":42,"reachRcvd":0,"audience":4507,"voice":3,"conversation":3,"engagement":69,"group_scoped":{"audienceScore":0.19609839466466172,"voiceScore":0.9803921568627451,"engagementScore":0.41762498486866,"combinedScore":0.4346870139581644,"combinedScoreRank":83,"SEIrank":86,"engagementSEIrank":48,"voiceSEIrank":72,"audienceSEIrank":195,"engagementSEI":0.472829438772014,"engagementSEIadj":0.472829438772014,"voiceSEI":2.459016393442623,"voiceSEIadj":2.459016393442623,"audienceSEI":0.30480608935883863,"audienceSEIadj":0.30480608935883863,"SEI":1.0518831902318793,"SEIadj":1.0518831902318793},"non_scoped":{"SEI":0.6762176095714674,"SEIrank":85,"SEIadj":0,"audienceSEI":0.1770693780374254,"audienceSEIadj":0,"audienceSEIrank":177,"audienceScore":0.032628380769366645,"combinedScore":0.03520534453535298,"combinedScoreRank":80,"engagementSEI":0.07012052600556899,"engagementSEIadj":0,"engagementSEIrank":65,"engagementScore":0.025673749893026045,"voiceSEI":2.054794520547945,"voiceSEIadj":0,"voiceSEIrank":86,"voiceScore":0.20935101186322402},"scoped":{"SEI":5.749196043338705,"SEIrank":79,"SEIadj":0,"audienceSEI":2.311661400845267,"audienceSEIadj":0,"audienceSEIrank":161,"audienceScore":0.09367388477260026,"combinedScore":0.28609992610510615,"combinedScoreRank":59,"engagementSEI":3.641160949868074,"engagementSEIadj":0,"engagementSEIrank":56,"engagementScore":0.28540701522170747,"voiceSEI":11.11111111111111,"voiceSEIadj":0,"voiceSEIrank":75,"voiceScore":0.4909983633387889}},"facebook":{"entityString":"536575feb08f37d80186a0b7","type":"facebook","profiles":1,"postsMade":0,"repliesMade":0,"repliesRcvd":0,"sharesMade":0,"sharesRcvd":0,"mentionsRcvd":0,"likesRcvd":0,"reachRcvd":0,"audience":2238,"voice":0,"conversation":0,"engagement":0,"group_scoped":{"audienceScore":0.14450895045047663,"voiceScore":0,"engagementScore":0,"combinedScore":0.14450895045047663,"combinedScoreRank":122,"SEIrank":148,"engagementSEIrank":199,"voiceSEIrank":196,"audienceSEIrank":143,"engagementSEI":0,"engagementSEIadj":0,"voiceSEI":0,"voiceSEIadj":0,"audienceSEI":0.20375072491740265,"audienceSEIadj":0.20375072491740265,"SEI":0.020375072491740268,"SEIadj":0.020375072491740268},"non_scoped":{"SEI":0.012052105160271998,"SEIrank":149,"SEIadj":0,"audienceSEI":0.12052105160271996,"audienceSEIadj":0,"audienceSEIrank":142,"audienceScore":0.022985922714302647,"combinedScore":0.0011492961357151324,"combinedScoreRank":149,"engagementSEI":0,"engagementSEIadj":0,"engagementSEIrank":199,"engagementScore":0,"voiceSEI":0,"voiceSEIadj":0,"voiceSEIrank":196,"voiceScore":0},"scoped":{"SEI":0.1536222731703299,"SEIrank":134,"SEIadj":0,"audienceSEI":1.5362227317032988,"audienceSEIadj":0,"audienceSEIrank":127,"audienceScore":0.09422487410369536,"combinedScore":0.004711243705184769,"combinedScoreRank":134,"engagementSEI":0,"engagementSEIadj":0,"engagementSEIrank":179,"engagementScore":0,"voiceSEI":0,"voiceSEIadj":0,"voiceSEIrank":176,"voiceScore":0}},"twitter":{"entityString":"536575feb08f37d80186a0b7","type":"twitter","profiles":1,"postsMade":3,"repliesMade":0,"repliesRcvd":0,"sharesMade":0,"sharesRcvd":27,"mentionsRcvd":0,"likesRcvd":42,"reachRcvd":0,"audience":2269,"voice":3,"conversation":3,"engagement":69,"group_scoped":{"audienceScore":0.35565601213838766,"voiceScore":1.276595744680851,"engagementScore":3.314121037463977,"combinedScore":3.0643215215585413,"combinedScoreRank":51,"SEIrank":63,"engagementSEIrank":44,"voiceSEIrank":74,"audienceSEIrank":213,"engagementSEI":6.063268892794376,"engagementSEIadj":6.063268892794376,"voiceSEI":3.4482758620689653,"voiceSEIadj":3.4482758620689653,"audienceSEI":0.8448228999504797,"audienceSEIadj":0.8448228999504797,"SEI":4.756926384292363,"SEIadj":4.756926384292363},"non_scoped":{"SEI":3.0619965601843897,"SEIrank":37,"SEIadj":0,"audienceSEI":0.4007580668236258,"audienceSEIadj":0,"audienceSEIrank":193,"audienceScore":0.06505839485542643,"combinedScore":0.7416816555493616,"combinedScoreRank":30,"engagementSEI":3.3511413307430793,"engagementSEIadj":0,"engagementSEIrank":26,"engagementScore":0.8015799256505576,"voiceSEI":3.3707865168539324,"voiceSEIadj":0,"voiceSEIrank":67,"voiceScore":0.3401360544217687},"scoped":{"SEI":18.78857827754729,"SEIrank":27,"SEIadj":0,"audienceSEI":1.9468373545663589,"audienceSEIadj":0,"audienceSEIrank":175,"audienceScore":0.10305420133221059,"combinedScore":1.5750859614637136,"combinedScoreRank":22,"engagementSEI":24.46808510638298,"engagementSEIadj":0,"engagementSEIrank":19,"engagementScore":1.7062314540059347,"voiceSEI":13.043478260869565,"voiceSEIadj":0,"voiceSEIrank":56,"voiceScore":0.6864988558352403}},"instagram":{"entityString":"536575feb08f37d80186a0b7","type":"instagram","profiles":0,"postsMade":0,"repliesMade":0,"repliesRcvd":0,"sharesMade":0,"sharesRcvd":0,"mentionsRcvd":0,"likesRcvd":0,"reachRcvd":0,"audience":0,"voice":0,"conversation":0,"engagement":0,"group_scoped":{"audienceScore":0,"voiceScore":0,"engagementScore":0,"combinedScore":0,"combinedScoreRank":203,"SEIrank":184,"engagementSEIrank":184,"voiceSEIrank":184,"audienceSEIrank":184,"engagementSEI":0,"engagementSEIadj":0,"voiceSEI":0,"voiceSEIadj":0,"audienceSEI":0,"audienceSEIadj":0,"SEI":0,"SEIadj":0},"non_scoped":{"SEI":0,"SEIrank":184,"SEIadj":0,"audienceSEI":0,"audienceSEIadj":0,"audienceSEIrank":184,"audienceScore":0,"combinedScore":0,"combinedScoreRank":184,"engagementSEI":0,"engagementSEIadj":0,"engagementSEIrank":184,"engagementScore":0,"voiceSEI":0,"voiceSEIadj":0,"voiceSEIrank":184,"voiceScore":0},"scoped":{"SEI":0,"SEIrank":165,"SEIadj":0,"audienceSEI":0,"audienceSEIadj":0,"audienceSEIrank":165,"audienceScore":0,"combinedScore":0,"combinedScoreRank":165,"engagementSEI":0,"engagementSEIadj":0,"engagementSEIrank":165,"engagementScore":0,"voiceSEI":0,"voiceSEIadj":0,"voiceSEIrank":165,"voiceScore":0}}},"week":{"boundaryQuantum":4993818,"combined":{"entityString":"536575feb08f37d80186a0b7","type":"combined","profiles":2,"postsMade":17,"repliesMade":0,"repliesRcvd":4,"sharesMade":0,"sharesRcvd":70,"mentionsRcvd":0,"likesRcvd":134,"reachRcvd":0,"audience":4507,"voice":17,"conversation":21,"engagement":208,"group_scoped":{"audienceScore":0.19609839466466172,"voiceScore":1.080737444373808,"engagementScore":0.17104700503272918,"combinedScore":0.21778409648137975,"combinedScoreRank":120,"SEIrank":97,"engagementSEIrank":94,"voiceSEIrank":81,"audienceSEIrank":195,"engagementSEI":0.20334741123103395,"engagementSEIadj":0.20334741123103395,"voiceSEI":2.8380634390651087,"voiceSEIadj":2.8380634390651087,"audienceSEI":0.30480608935883863,"audienceSEIadj":0.30480608935883863,"SEI":1.003908087394037,"SEIadj":1.003908087394037},"non_scoped":{"SEI":0.6442200500166674,"SEIrank":92,"SEIadj":0,"audienceSEI":0.1770693780374254,"audienceSEIadj":0,"audienceSEIrank":177,"audienceScore":0.032628380769366645,"combinedScore":0.02172827010436157,"combinedScoreRank":115,"engagementSEI":0.026224448498587283,"engagementSEIadj":0,"engagementSEIrank":109,"engagementScore":0.0109987673977498,"voiceSEI":2.035928143712575,"voiceSEIadj":0,"voiceSEIrank":81,"voiceScore":0.20395920815836832},"scoped":{"SEI":2.8853743344111082,"SEIrank":99,"SEIadj":0,"audienceSEI":2.311661400845267,"audienceSEIadj":0,"audienceSEIrank":161,"audienceScore":0.09367388477260026,"combinedScore":0.120039856961054,"combinedScoreRank":103,"engagementSEI":0.7118899308645356,"engagementSEIadj":0,"engagementSEIrank":98,"engagementScore":0.10419066892413116,"voiceSEI":7.423580786026202,"voiceSEIadj":0,"voiceSEIrank":70,"voiceScore":0.43169121381411885}},"facebook":{"entityString":"536575feb08f37d80186a0b7","type":"facebook","profiles":1,"postsMade":2,"repliesMade":0,"repliesRcvd":4,"sharesMade":0,"sharesRcvd":2,"mentionsRcvd":0,"likesRcvd":43,"reachRcvd":0,"audience":2238,"voice":2,"conversation":6,"engagement":49,"group_scoped":{"audienceScore":0.14450895045047663,"voiceScore":0.4629629629629629,"engagementScore":0.057961414258507905,"combinedScore":0.08253886850332909,"combinedScoreRank":132,"SEIrank":99,"engagementSEIrank":89,"voiceSEIrank":88,"audienceSEIrank":143,"engagementSEI":0.0670076306648798,"engagementSEIadj":0.0670076306648798,"voiceSEI":1.0869565217391304,"voiceSEIadj":1.0869565217391304,"audienceSEI":0.20375072491740265,"audienceSEIadj":0.20375072491740265,"SEI":0.3866666074124072,"SEIadj":0.3866666074124072},"non_scoped":{"SEI":0.19312511493132567,"SEIrank":106,"SEIadj":0,"audienceSEI":0.12052105160271996,"audienceSEIadj":0,"audienceSEIrank":142,"audienceScore":0.022985922714302647,"combinedScore":0.007319196714067409,"combinedScoreRank":116,"engagementSEI":0.006803098880959654,"engagementSEIadj":0,"engagementSEIrank":100,"engagementScore":0.003054175463003651,"voiceSEI":0.5899705014749262,"voiceSEIadj":0,"voiceSEIrank":98,"voiceScore":0.06842285323297981},"scoped":{"SEI":1.2059358978489931,"SEIrank":102,"SEIadj":0,"audienceSEI":1.5362227317032988,"audienceSEIadj":0,"audienceSEIrank":127,"audienceScore":0.09422487410369536,"combinedScore":0.0537068043908006,"combinedScoreRank":101,"engagementSEI":0.5038560411311054,"engagementSEIadj":0,"engagementSEIrank":90,"engagementScore":0.04354626568554264,"voiceSEI":2.5,"voiceSEIadj":0,"voiceSEIrank":88,"voiceScore":0.19607843137254902}},"twitter":{"entityString":"536575feb08f37d80186a0b7","type":"twitter","profiles":1,"postsMade":15,"repliesMade":0,"repliesRcvd":0,"sharesMade":0,"sharesRcvd":68,"mentionsRcvd":0,"likesRcvd":91,"reachRcvd":0,"audience":2269,"voice":15,"conversation":15,"engagement":159,"group_scoped":{"audienceScore":0.35565601213838766,"voiceScore":1.345291479820628,"engagementScore":1.10770516929079,"combinedScore":1.0819820269596618,"combinedScoreRank":111,"SEIrank":109,"engagementSEIrank":103,"voiceSEIrank":87,"audienceSEIrank":213,"engagementSEI":2.464734149744226,"engagementSEIadj":2.464734149744226,"voiceSEI":3.8560411311053984,"voiceSEIadj":3.8560411311053984,"audienceSEI":0.8448228999504797,"audienceSEIadj":0.8448228999504797,"SEI":2.720135119173203,"SEIadj":2.720135119173203},"non_scoped":{"SEI":1.7164662149058696,"SEIrank":81,"SEIadj":0,"audienceSEI":0.4007580668236258,"audienceSEIadj":0,"audienceSEIrank":193,"audienceScore":0.06505839485542643,"combinedScore":0.24861477607090268,"combinedScoreRank":73,"engagementSEI":1.211705532693187,"engagementSEIadj":0,"engagementSEIrank":70,"engagementScore":0.2562780052222688,"voiceSEI":3.1645569620253164,"voiceSEIadj":0,"voiceSEIrank":70,"voiceScore":0.29423303256178895},"scoped":{"SEI":7.199054364827265,"SEIrank":67,"SEIadj":0,"audienceSEI":1.9468373545663589,"audienceSEIadj":0,"audienceSEIrank":175,"audienceScore":0.10305420133221059,"combinedScore":0.4470686123336815,"combinedScoreRank":63,"engagementSEI":7.4125874125874125,"engagementSEIadj":0,"engagementSEIrank":60,"engagementScore":0.4615920571329037,"voiceSEI":8.522727272727272,"voiceSEIadj":0,"voiceSEIrank":59,"voiceScore":0.5296610169491525}},"instagram":{"entityString":"536575feb08f37d80186a0b7","type":"instagram","profiles":0,"postsMade":0,"repliesMade":0,"repliesRcvd":0,"sharesMade":0,"sharesRcvd":0,"mentionsRcvd":0,"likesRcvd":0,"reachRcvd":0,"audience":0,"voice":0,"conversation":0,"engagement":0,"group_scoped":{"audienceScore":0,"voiceScore":0,"engagementScore":0,"combinedScore":0,"combinedScoreRank":203,"SEIrank":184,"engagementSEIrank":184,"voiceSEIrank":184,"audienceSEIrank":184,"engagementSEI":0,"engagementSEIadj":0,"voiceSEI":0,"voiceSEIadj":0,"audienceSEI":0,"audienceSEIadj":0,"SEI":0,"SEIadj":0},"non_scoped":{"SEI":0,"SEIrank":184,"SEIadj":0,"audienceSEI":0,"audienceSEIadj":0,"audienceSEIrank":184,"audienceScore":0,"combinedScore":0,"combinedScoreRank":184,"engagementSEI":0,"engagementSEIadj":0,"engagementSEIrank":184,"engagementScore":0,"voiceSEI":0,"voiceSEIadj":0,"voiceSEIrank":184,"voiceScore":0},"scoped":{"SEI":0,"SEIrank":165,"SEIadj":0,"audienceSEI":0,"audienceSEIadj":0,"audienceSEIrank":165,"audienceScore":0,"combinedScore":0,"combinedScoreRank":165,"engagementSEI":0,"engagementSEIadj":0,"engagementSEIrank":165,"engagementScore":0,"voiceSEI":0,"voiceSEIadj":0,"voiceSEIrank":165,"voiceScore":0}}},"month":{"boundaryQuantum":4987194,"combined":{"entityString":"536575feb08f37d80186a0b7","type":"combined","profiles":2,"postsMade":28,"repliesMade":0,"repliesRcvd":4,"sharesMade":0,"sharesRcvd":100,"mentionsRcvd":0,"likesRcvd":182,"reachRcvd":0,"audience":4507,"voice":28,"conversation":32,"engagement":286,"group_scoped":{"audienceScore":0.19609839466466172,"voiceScore":0.36543983294179067,"engagementScore":0.053155997985276156,"combinedScore":0.07591730956707116,"combinedScoreRank":171,"SEIrank":171,"engagementSEIrank":141,"voiceSEIrank":149,"audienceSEIrank":195,"engagementSEI":0.06179508232142085,"engagementSEIadj":0.06179508232142085,"voiceSEI":0.9678534393363291,"voiceSEIadj":0.9678534393363291,"audienceSEI":0.30480608935883863,"audienceSEIadj":0.30480608935883863,"SEI":0.35791369012963503,"SEIadj":0.35791369012963503},"non_scoped":{"SEI":0.25080378176746915,"SEIrank":161,"SEIadj":0,"audienceSEI":0.1770693780374254,"audienceSEIadj":0,"audienceSEIrank":177,"audienceScore":0.032628380769366645,"combinedScore":0.008261432797367341,"combinedScoreRank":171,"engagementSEI":0.007853086867222423,"engagementSEIadj":0,"engagementSEIrank":154,"engagementScore":0.003285358672715096,"voiceSEI":0.7612833061446439,"voiceSEIadj":0,"voiceSEIrank":149,"voiceScore":0.07346381906910847},"scoped":{"SEI":1.2460281975747869,"SEIrank":156,"SEIadj":0,"audienceSEI":2.311661400845267,"audienceSEIadj":0,"audienceSEIrank":161,"audienceScore":0.09367388477260026,"combinedScore":0.04270648563414725,"combinedScoreRank":147,"engagementSEI":0.2361353071823113,"engagementSEIadj":0,"engagementSEIrank":141,"engagementScore":0.03365521526393456,"voiceSEI":2.9106029106029108,"voiceSEIadj":0,"voiceSEIrank":137,"voiceScore":0.15466195315952277}},"facebook":{"entityString":"536575feb08f37d80186a0b7","type":"facebook","profiles":1,"postsMade":2,"repliesMade":0,"repliesRcvd":4,"sharesMade":0,"sharesRcvd":2,"mentionsRcvd":0,"likesRcvd":52,"reachRcvd":0,"audience":2238,"voice":2,"conversation":6,"engagement":58,"group_scoped":{"audienceScore":0.14450895045047663,"voiceScore":0.09842519685039369,"engagementScore":0.015371649377978257,"combinedScore":0.025981191805223947,"combinedScoreRank":154,"SEIrank":138,"engagementSEIrank":116,"voiceSEIrank":131,"audienceSEIrank":143,"engagementSEI":0.01741208398628648,"engagementSEIadj":0.01741208398628648,"voiceSEI":0.24330900243309003,"voiceSEIadj":0.24330900243309003,"audienceSEI":0.20375072491740265,"audienceSEIadj":0.20375072491740265,"SEI":0.10381502361343915,"SEIadj":0.10381502361343915},"non_scoped":{"SEI":0.05269325227674507,"SEIrank":144,"SEIadj":0,"audienceSEI":0.12052105160271996,"audienceSEIadj":0,"audienceSEIrank":142,"audienceScore":0.022985922714302647,"combinedScore":0.0025936553318468866,"combinedScoreRank":143,"engagementSEI":0.0017286445340557875,"engagementSEIadj":0,"engagementSEIrank":127,"engagementScore":0.0007684783942299463,"voiceSEI":0.132013201320132,"voiceSEIadj":0,"voiceSEIrank":136,"voiceScore":0.015054572826496049},"scoped":{"SEI":0.38876383193290287,"SEIrank":133,"SEIadj":0,"audienceSEI":1.5362227317032988,"audienceSEIadj":0,"audienceSEIrank":127,"audienceScore":0.09422487410369536,"combinedScore":0.016929477854279798,"combinedScoreRank":128,"engagementSEI":0.1554959785522788,"engagementSEIadj":0,"engagementSEIrank":117,"engagementScore":0.011197581322434353,"voiceSEI":0.4728132387706856,"voiceSEIadj":0,"voiceSEIrank":126,"voiceScore":0.04280821917808219}},"twitter":{"entityString":"536575feb08f37d80186a0b7","type":"twitter","profiles":1,"postsMade":26,"repliesMade":0,"repliesRcvd":0,"sharesMade":0,"sharesRcvd":98,"mentionsRcvd":0,"likesRcvd":130,"reachRcvd":0,"audience":2269,"voice":26,"conversation":26,"engagement":228,"group_scoped":{"audienceScore":0.35565601213838766,"voiceScore":0.4704179482540257,"engagementScore":0.36375819652515196,"combinedScore":0.36868607489225746,"combinedScoreRank":159,"SEIrank":165,"engagementSEIrank":149,"voiceSEIrank":149,"audienceSEIrank":213,"engagementSEI":0.7197878520015154,"engagementSEIadj":0.7197878520015154,"voiceSEI":1.321138211382114,"voiceSEIadj":1.321138211382114,"audienceSEI":0.8448228999504797,"audienceSEIadj":0.8448228999504797,"SEI":0.9126964646105914,"SEIadj":0.9126964646105914},"non_scoped":{"SEI":0.6307084563086676,"SEIrank":138,"SEIadj":0,"audienceSEI":0.4007580668236258,"audienceSEIadj":0,"audienceSEIrank":193,"audienceScore":0.06505839485542643,"combinedScore":0.08410950564123412,"combinedScoreRank":118,"engagementSEI":0.3638626897113037,"engagementSEIadj":0,"engagementSEIrank":111,"engagementScore":0.08372841147373021,"voiceSEI":1.2410501193317423,"voiceSEIadj":0,"voiceSEIrank":130,"voiceScore":0.1100203114421124},"scoped":{"SEI":2.533580430100209,"SEIrank":122,"SEIadj":0,"audienceSEI":1.9468373545663589,"audienceSEIadj":0,"audienceSEIrank":175,"audienceScore":0.10305420133221059,"combinedScore":0.1594982863536872,"combinedScoreRank":106,"engagementSEI":2.000350938761186,"engagementSEIadj":0,"engagementSEIrank":99,"engagementScore":0.16047636140965815,"voiceSEI":3.795620437956204,"voiceSEIadj":0,"voiceSEIrank":118,"voiceScore":0.1983370203676863}},"instagram":{"entityString":"536575feb08f37d80186a0b7","type":"instagram","profiles":0,"postsMade":0,"repliesMade":0,"repliesRcvd":0,"sharesMade":0,"sharesRcvd":0,"mentionsRcvd":0,"likesRcvd":0,"reachRcvd":0,"audience":0,"voice":0,"conversation":0,"engagement":0,"group_scoped":{"audienceScore":0,"voiceScore":0,"engagementScore":0,"combinedScore":0,"combinedScoreRank":203,"SEIrank":184,"engagementSEIrank":184,"voiceSEIrank":184,"audienceSEIrank":184,"engagementSEI":0,"engagementSEIadj":0,"voiceSEI":0,"voiceSEIadj":0,"audienceSEI":0,"audienceSEIadj":0,"SEI":0,"SEIadj":0},"non_scoped":{"SEI":0,"SEIrank":184,"SEIadj":0,"audienceSEI":0,"audienceSEIadj":0,"audienceSEIrank":184,"audienceScore":0,"combinedScore":0,"combinedScoreRank":184,"engagementSEI":0,"engagementSEIadj":0,"engagementSEIrank":184,"engagementScore":0,"voiceSEI":0,"voiceSEIadj":0,"voiceSEIrank":184,"voiceScore":0},"scoped":{"SEI":0,"SEIrank":165,"SEIadj":0,"audienceSEI":0,"audienceSEIadj":0,"audienceSEIrank":165,"audienceScore":0,"combinedScore":0,"combinedScoreRank":165,"engagementSEI":0,"engagementSEIadj":0,"engagementSEIrank":165,"engagementScore":0,"voiceSEI":0,"voiceSEIadj":0,"voiceSEIrank":165,"voiceScore":0}}},"quarter":{"boundaryQuantum":4969914,"combined":{"entityString":"536575feb08f37d80186a0b7","type":"combined","profiles":2,"postsMade":94,"repliesMade":0,"repliesRcvd":6,"sharesMade":0,"sharesRcvd":217,"mentionsRcvd":0,"likesRcvd":437,"reachRcvd":0,"audience":4507,"voice":94,"conversation":100,"engagement":660,"group_scoped":{"audienceScore":0.19609839466466172,"voiceScore":0.4397660818713451,"engagementScore":0.03669767620305825,"combinedScore":0.06482113240955277,"combinedScoreRank":173,"SEIrank":167,"engagementSEIrank":150,"voiceSEIrank":152,"audienceSEIrank":195,"engagementSEI":0.041454448156501844,"engagementSEIadj":0.041454448156501844,"voiceSEI":1.0616670431443416,"voiceSEIadj":1.0616670431443416,"audienceSEI":0.30480608935883863,"audienceSEIadj":0.30480608935883863,"SEI":0.3738533907730874,"SEIadj":0.3738533907730874},"non_scoped":{"SEI":0.2846121078768334,"SEIrank":155,"SEIadj":0,"audienceSEI":0.1770693780374254,"audienceSEIadj":0,"audienceSEIrank":177,"audienceScore":0.032628380769366645,"combinedScore":0.007995074777460425,"combinedScoreRank":170,"engagementSEI":0.005794775904162835,"engagementSEIadj":0,"engagementSEIrank":160,"engagementScore":0.002385818693684738,"voiceSEI":0.8780943484353105,"voiceSEIadj":0,"voiceSEIrank":138,"voiceScore":0.08432837829351658},"scoped":{"SEI":1.374092268586825,"SEIrank":153,"SEIadj":0,"audienceSEI":2.311661400845267,"audienceSEIadj":0,"audienceSEIrank":161,"audienceScore":0.09367388477260026,"combinedScore":0.03549098726489369,"combinedScoreRank":154,"engagementSEI":0.1724773231519447,"engagementSEIadj":0,"engagementSEIrank":148,"engagementScore":0.024305542768548627,"voiceSEI":3.4647991153704387,"voiceSEIadj":0,"voiceSEIrank":127,"voiceScore":0.17864609069139836}},"facebook":{"entityString":"536575feb08f37d80186a0b7","type":"facebook","profiles":1,"postsMade":22,"repliesMade":0,"repliesRcvd":6,"sharesMade":0,"sharesRcvd":8,"mentionsRcvd":0,"likesRcvd":125,"reachRcvd":0,"audience":2238,"voice":22,"conversation":28,"engagement":139,"group_scoped":{"audienceScore":0.14450895045047663,"voiceScore":0.35935968637700094,"engagementScore":0.010525606377154438,"combinedScore":0.03466647758081287,"combinedScoreRank":146,"SEIrank":114,"engagementSEIrank":126,"voiceSEIrank":105,"audienceSEIrank":143,"engagementSEI":0.011696359150591886,"engagementSEIadj":0.011696359150591886,"voiceSEI":0.8208955223880596,"voiceSEIadj":0.8208955223880596,"audienceSEI":0.20375072491740265,"audienceSEIadj":0.20375072491740265,"SEI":0.2736615446985133,"SEIadj":0.2736615446985133},"non_scoped":{"SEI":0.15725095404348324,"SEIrank":115,"SEIadj":0,"audienceSEI":0.12052105160271996,"audienceSEIadj":0,"audienceSEIrank":142,"audienceScore":0.022985922714302647,"combinedScore":0.004413448319928439,"combinedScoreRank":138,"engagementSEI":0.001297862653637993,"engagementSEIadj":0,"engagementSEIrank":135,"engagementScore":0.0005670730309286527,"voiceSEI":0.48140043763676155,"voiceSEIadj":0,"voiceSEIrank":109,"voiceScore":0.055075729127550384},"scoped":{"SEI":0.9310339960964013,"SEIrank":120,"SEIadj":0,"audienceSEI":1.5362227317032988,"audienceSEIadj":0,"audienceSEIrank":127,"audienceScore":0.09422487410369536,"combinedScore":0.0194593963227978,"combinedScoreRank":126,"engagementSEI":0.12047252966311027,"engagementSEIadj":0,"engagementSEIrank":124,"engagementScore":0.007840425345895312,"voiceSEI":2.3504273504273505,"voiceSEIadj":0,"voiceSEIrank":99,"voiceScore":0.15383539612614502}},"twitter":{"entityString":"536575feb08f37d80186a0b7","type":"twitter","profiles":1,"postsMade":72,"repliesMade":0,"repliesRcvd":0,"sharesMade":0,"sharesRcvd":209,"mentionsRcvd":0,"likesRcvd":312,"reachRcvd":0,"audience":2269,"voice":72,"conversation":72,"engagement":521,"group_scoped":{"audienceScore":0.35565601213838766,"voiceScore":0.48083344463737143,"engagementScore":0.29811631686159623,"combinedScore":0.3101291580142246,"combinedScoreRank":172,"SEIrank":175,"engagementSEIrank":164,"voiceSEIrank":156,"audienceSEIrank":213,"engagementSEI":0.5180007755097983,"engagementSEIadj":0.5180007755097983,"voiceSEI":1.2213740458015268,"voiceSEIadj":1.2213740458015268,"audienceSEI":0.8448228999504797,"audienceSEIadj":0.8448228999504797,"SEI":0.761694969041385,"SEIadj":0.761694969041385},"non_scoped":{"SEI":0.5695590651794495,"SEIrank":144,"SEIadj":0,"audienceSEI":0.4007580668236258,"audienceSEIadj":0,"audienceSEIrank":193,"audienceScore":0.06505839485542643,"combinedScore":0.0680273312148437,"combinedScoreRank":137,"engagementSEI":0.2818714968945443,"engagementSEIadj":0,"engagementSEIrank":126,"engagementScore":0.0661494062424217,"voiceSEI":1.2012012012012012,"voiceSEIadj":0,"voiceSEIrank":134,"voiceScore":0.10479891707785687},"scoped":{"SEI":2.3686671883662256,"SEIrank":133,"SEIadj":0,"audienceSEI":1.9468373545663589,"audienceSEIadj":0,"audienceSEIrank":175,"audienceScore":0.10305420133221059,"combinedScore":0.132975887029416,"combinedScoreRank":123,"engagementSEI":1.716526093832367,"engagementSEIadj":0,"engagementSEIrank":114,"engagementScore":0.1313735724786234,"voiceSEI":3.8135593220338984,"voiceSEIadj":0,"voiceSEIrank":123,"voiceScore":0.1917392346408884}},"instagram":{"entityString":"536575feb08f37d80186a0b7","type":"instagram","profiles":0,"postsMade":0,"repliesMade":0,"repliesRcvd":0,"sharesMade":0,"sharesRcvd":0,"mentionsRcvd":0,"likesRcvd":0,"reachRcvd":0,"audience":0,"voice":0,"conversation":0,"engagement":0,"group_scoped":{"audienceScore":0,"voiceScore":0,"engagementScore":0,"combinedScore":0,"combinedScoreRank":203,"SEIrank":184,"engagementSEIrank":184,"voiceSEIrank":184,"audienceSEIrank":184,"engagementSEI":0,"engagementSEIadj":0,"voiceSEI":0,"voiceSEIadj":0,"audienceSEI":0,"audienceSEIadj":0,"SEI":0,"SEIadj":0},"non_scoped":{"SEI":0,"SEIrank":184,"SEIadj":0,"audienceSEI":0,"audienceSEIadj":0,"audienceSEIrank":184,"audienceScore":0,"combinedScore":0,"combinedScoreRank":184,"engagementSEI":0,"engagementSEIadj":0,"engagementSEIrank":184,"engagementScore":0,"voiceSEI":0,"voiceSEIadj":0,"voiceSEIrank":184,"voiceScore":0},"scoped":{"SEI":0,"SEIrank":165,"SEIadj":0,"audienceSEI":0,"audienceSEIadj":0,"audienceSEIrank":165,"audienceScore":0,"combinedScore":0,"combinedScoreRank":165,"engagementSEI":0,"engagementSEIadj":0,"engagementSEIrank":165,"engagementScore":0,"voiceSEI":0,"voiceSEIadj":0,"voiceSEIrank":165,"voiceScore":0}}},"blended":{"combined":{"non_scoped":{"SEI":0.40700351668711066,"SEIadj":50.203501758343556,"SEIrank":128,"audienceSEI":0.1770693780374254,"audienceSEIadj":40.10624162682245,"audienceSEIrank":177,"engagementSEI":0.015448711832019416,"engagementSEIadj":50.00772435591601,"engagementSEIrank":128,"voiceSEI":1.2667578392805214,"voiceSEIadj":50.63337891964026,"voiceSEIrank":116},"scoped":{"SEI":4.540537074479123,"SEIadj":52.27026853723956,"SEIrank":126,"compCharisma":0,"compInfluence":3,"compEva":1.5405370744791227,"audienceSEI":2.311661400845267,"audienceSEIadj":41.38699684050716,"audienceSEIrank":161,"engagementSEI":0.5172839844060835,"engagementSEIadj":50.25864199220304,"engagementSEIrank":116,"voiceSEI":4.951619785639071,"voiceSEIadj":52.475809892819534,"voiceSEIrank":105}},"facebook":{"non_scoped":{"SEI":0.14506960460066468,"SEIadj":50.07253480230033,"SEIrank":119,"audienceSEI":0.12052105160271995,"audienceSEIadj":50.06026052580136,"audienceSEIrank":142,"engagementSEI":0.0029491576712152604,"engagementSEIadj":50.001474578835605,"engagementSEIrank":123,"voiceSEI":0.43749334945887847,"voiceSEIadj":50.21874667472944,"voiceSEIrank":115},"scoped":{"SEI":0.8932934558513506,"SEIadj":50.446646727925675,"SEIrank":121,"audienceSEI":1.5362227317032986,"audienceSEIadj":50.76811136585165,"audienceSEIrank":127,"engagementSEI":0.23471747395372858,"engagementSEIadj":50.11735873697686,"engagementSEIrank":115,"voiceSEI":1.9961356610292782,"voiceSEIadj":50.99806783051464,"voiceSEIrank":104}},"twitter":{"non_scoped":{"SEI":1.0474254935170053,"SEIadj":50.523712746758505,"SEIrank":101,"audienceSEI":0.4007580668236258,"audienceSEIadj":40.24045484009417,"audienceSEIrank":193,"engagementSEI":0.7265838782490778,"engagementSEIadj":50.36329193912454,"engagementSEIrank":85,"voiceSEI":1.9046645329506535,"voiceSEIadj":50.952332266475324,"voiceSEIrank":105},"scoped":{"SEI":4.663515882023688,"SEIadj":52.331757941011844,"SEIrank":88,"audienceSEI":1.9468373545663586,"audienceSEIadj":41.16810241273981,"audienceSEIrank":175,"engagementSEI":4.605496166825734,"engagementSEIadj":52.302748083412865,"engagementSEIrank":75,"voiceSEI":5.685114821572039,"voiceSEIadj":52.84255741078602,"voiceSEIrank":95}},"instagram":{"non_scoped":{"SEI":0,"SEIadj":0,"SEIrank":184,"audienceSEI":0,"audienceSEIadj":0,"audienceSEIrank":184,"engagementSEI":0,"engagementSEIadj":0,"engagementSEIrank":184,"voiceSEI":0,"voiceSEIadj":0,"voiceSEIrank":184},"scoped":{"SEI":0,"SEIadj":0,"SEIrank":165,"audienceSEI":0,"audienceSEIadj":0,"audienceSEIrank":165,"engagementSEI":0,"engagementSEIadj":0,"engagementSEIrank":165,"voiceSEI":0,"voiceSEIadj":0,"voiceSEIrank":165}},"influence":{"instagram":{"scope":"individual","ratio":0,"calculated":false},"combined":{"ratio":0.84,"bottom":true,"scope":"individual","calculated":true},"facebook":{"ratio":0.38,"bottom":true,"scope":"individual","calculated":true},"twitter":{"ratio":1.73,"bottom":false,"scope":"individual","calculated":true}},"charisma":{"instagram":{"scope":"individual","ratio":0,"calculated":false},"combined":{"ratio":0.16,"bottom":false,"scope":"individual","calculated":true},"facebook":{"ratio":0.03,"bottom":false,"scope":"individual","calculated":true},"twitter":{"ratio":0.61,"bottom":false,"scope":"individual","calculated":true}}},"scope":"individual"}}