{"scoreEntityString":"591d1494ab33fb0001804f89.asset.536575ffb08f37d80186dea3","timeQuantum":4995834,"scoreEntityType":"asset","scoreProfileID":"591d1494ab33fb0001804f89","data":{"scoreEntityString":"591d1494ab33fb0001804f89.asset.536575ffb08f37d80186dea3","scoreProfileID":"591d1494ab33fb0001804f89","scoreEntityType":"asset","entityID":"asset.536575ffb08f37d80186dea3","object_version":"1.2","score_engine_version":"3.0.20","timestamp":4995834,"start_quantum":4969914,"end_quantum":4995833,"schedule_options":{"interval":15,"offset":"1"},"_15min":{"boundaryQuantum":4995831,"combined":{"entityString":"536575ffb08f37d80186dea3","type":"combined","profiles":1,"postsMade":0,"repliesMade":0,"repliesRcvd":0,"sharesMade":0,"sharesRcvd":0,"mentionsRcvd":0,"likesRcvd":0,"reachRcvd":0,"audience":5273,"voice":0,"conversation":0,"engagement":0,"group_scoped":{"audienceScore":0.37148374397562983,"voiceScore":0,"engagementScore":0,"combinedScore":0.37148374397562983,"engagementSEI":0,"engagementSEIadj":0,"voiceSEI":0,"voiceSEIadj":0,"audienceSEI":0.5371513558665933,"audienceSEIadj":0.5371513558665933,"SEI":0.053715135586659336,"SEIadj":0.053715135586659336,"combinedScoreRank":153,"SEIrank":159,"engagementSEIrank":83,"voiceSEIrank":77,"audienceSEIrank":158},"non_scoped":{"SEI":0.020716370765283876,"SEIrank":160,"SEIadj":0,"audienceSEI":0.20716370765283873,"audienceSEIadj":0,"audienceSEIrank":160,"audienceScore":0.03817382999708683,"combinedScore":0.0019086914998543416,"combinedScoreRank":160,"engagementSEI":0,"engagementSEIadj":0,"engagementSEIrank":83,"engagementScore":0,"voiceSEI":0,"voiceSEIadj":0,"voiceSEIrank":77,"voiceScore":0},"scoped":{"SEI":0.2704546387099422,"SEIrank":145,"SEIadj":0,"audienceSEI":2.7045463870994215,"audienceSEIadj":0,"audienceSEIrank":145,"audienceScore":0.10959449620721569,"combinedScore":0.005479724810360785,"combinedScoreRank":145,"engagementSEI":0,"engagementSEIadj":0,"engagementSEIrank":73,"engagementScore":0,"voiceSEI":0,"voiceSEIadj":0,"voiceSEIrank":70,"voiceScore":0}},"facebook":{"entityString":"536575ffb08f37d80186dea3","type":"facebook","profiles":0,"postsMade":0,"repliesMade":0,"repliesRcvd":0,"sharesMade":0,"sharesRcvd":0,"mentionsRcvd":0,"likesRcvd":0,"reachRcvd":0,"audience":0,"voice":0,"conversation":0,"engagement":0,"group_scoped":{"audienceScore":0,"voiceScore":0,"engagementScore":0,"combinedScore":0,"engagementSEI":0,"engagementSEIadj":0,"voiceSEI":0,"voiceSEIadj":0,"audienceSEI":0,"audienceSEIadj":0,"SEI":0,"SEIadj":0,"combinedScoreRank":212,"SEIrank":212,"engagementSEIrank":81,"voiceSEIrank":76,"audienceSEIrank":212},"non_scoped":{"SEI":0,"SEIrank":212,"SEIadj":0,"audienceSEI":0,"audienceSEIadj":0,"audienceSEIrank":212,"audienceScore":0,"combinedScore":0,"combinedScoreRank":212,"engagementSEI":0,"engagementSEIadj":0,"engagementSEIrank":81,"engagementScore":0,"voiceSEI":0,"voiceSEIadj":0,"voiceSEIrank":76,"voiceScore":0},"scoped":{"SEI":0,"SEIrank":194,"SEIadj":0,"audienceSEI":0,"audienceSEIadj":0,"audienceSEIrank":194,"audienceScore":0,"combinedScore":0,"combinedScoreRank":194,"engagementSEI":0,"engagementSEIadj":0,"engagementSEIrank":71,"engagementScore":0,"voiceSEI":0,"voiceSEIadj":0,"voiceSEIrank":70,"voiceScore":0}},"twitter":{"entityString":"536575ffb08f37d80186dea3","type":"twitter","profiles":1,"postsMade":0,"repliesMade":0,"repliesRcvd":0,"sharesMade":0,"sharesRcvd":0,"mentionsRcvd":0,"likesRcvd":0,"reachRcvd":0,"audience":5273,"voice":0,"conversation":0,"engagement":0,"group_scoped":{"audienceScore":1.5282596157468995,"voiceScore":0,"engagementScore":0,"combinedScore":1.5282596157468995,"engagementSEI":0,"engagementSEIadj":0,"voiceSEI":0,"voiceSEIadj":0,"audienceSEI":4.144332489743308,"audienceSEIadj":4.144332489743308,"SEI":0.41443324897433076,"SEIadj":0.41443324897433076,"combinedScoreRank":96,"SEIrank":108,"engagementSEIrank":78,"voiceSEIrank":77,"audienceSEIrank":107},"non_scoped":{"SEI":0.09313341940771172,"SEIrank":123,"SEIadj":0,"audienceSEI":0.9313341940771172,"audienceSEIadj":0,"audienceSEIrank":123,"audienceScore":0.15119123670016024,"combinedScore":0.007559561835008013,"combinedScoreRank":123,"engagementSEI":0,"engagementSEIadj":0,"engagementSEIrank":78,"engagementScore":0,"voiceSEI":0,"voiceSEIadj":0,"voiceSEIrank":77,"voiceScore":0},"scoped":{"SEI":0.4524316161581495,"SEIrank":109,"SEIadj":0,"audienceSEI":4.524316161581495,"audienceSEIadj":0,"audienceSEIrank":109,"audienceScore":0.23949087863585125,"combinedScore":0.03421298266226446,"combinedScoreRank":109,"engagementSEI":0,"engagementSEIadj":0,"engagementSEIrank":71,"engagementScore":0,"voiceSEI":0,"voiceSEIadj":0,"voiceSEIrank":70,"voiceScore":0}},"instagram":{"entityString":"536575ffb08f37d80186dea3","type":"instagram","profiles":0,"postsMade":0,"repliesMade":0,"repliesRcvd":0,"sharesMade":0,"sharesRcvd":0,"mentionsRcvd":0,"likesRcvd":0,"reachRcvd":0,"audience":0,"voice":0,"conversation":0,"engagement":0,"group_scoped":{"audienceScore":0,"voiceScore":0,"engagementScore":0,"combinedScore":0,"engagementSEI":0,"engagementSEIadj":0,"voiceSEI":0,"voiceSEIadj":0,"audienceSEI":0,"audienceSEIadj":0,"SEI":0,"SEIadj":0,"combinedScoreRank":138,"SEIrank":101,"engagementSEIrank":79,"voiceSEIrank":76,"audienceSEIrank":101},"non_scoped":{"SEI":0,"SEIrank":101,"SEIadj":0,"audienceSEI":0,"audienceSEIadj":0,"audienceSEIrank":101,"audienceScore":0,"combinedScore":0,"combinedScoreRank":101,"engagementSEI":0,"engagementSEIadj":0,"engagementSEIrank":79,"engagementScore":0,"voiceSEI":0,"voiceSEIadj":0,"voiceSEIrank":76,"voiceScore":0},"scoped":{"SEI":0,"SEIrank":92,"SEIadj":0,"audienceSEI":0,"audienceSEIadj":0,"audienceSEIrank":92,"audienceScore":0,"combinedScore":0,"combinedScoreRank":92,"engagementSEI":0,"engagementSEIadj":0,"engagementSEIrank":71,"engagementScore":0,"voiceSEI":0,"voiceSEIadj":0,"voiceSEIrank":70,"voiceScore":0}}},"hour":{"boundaryQuantum":4995822,"combined":{"entityString":"536575ffb08f37d80186dea3","type":"combined","profiles":1,"postsMade":0,"repliesMade":0,"repliesRcvd":0,"sharesMade":0,"sharesRcvd":0,"mentionsRcvd":0,"likesRcvd":0,"reachRcvd":0,"audience":5273,"voice":0,"conversation":0,"engagement":0,"group_scoped":{"audienceScore":0.37148374397562983,"voiceScore":0,"engagementScore":0,"combinedScore":0.37148374397562983,"combinedScoreRank":141,"SEIrank":165,"engagementSEIrank":119,"voiceSEIrank":87,"audienceSEIrank":158,"engagementSEI":0,"engagementSEIadj":0,"voiceSEI":0,"voiceSEIadj":0,"audienceSEI":0.5371513558665933,"audienceSEIadj":0.5371513558665933,"SEI":0.053715135586659336,"SEIadj":0.053715135586659336},"non_scoped":{"SEI":0.020716370765283876,"SEIrank":165,"SEIadj":0,"audienceSEI":0.20716370765283873,"audienceSEIadj":0,"audienceSEIrank":160,"audienceScore":0.03817382999708683,"combinedScore":0.0019086914998543416,"combinedScoreRank":165,"engagementSEI":0,"engagementSEIadj":0,"engagementSEIrank":119,"engagementScore":0,"voiceSEI":0,"voiceSEIadj":0,"voiceSEIrank":87,"voiceScore":0},"scoped":{"SEI":0.2704546387099422,"SEIrank":150,"SEIadj":0,"audienceSEI":2.7045463870994215,"audienceSEIadj":0,"audienceSEIrank":145,"audienceScore":0.10959449620721569,"combinedScore":0.005479724810360785,"combinedScoreRank":150,"engagementSEI":0,"engagementSEIadj":0,"engagementSEIrank":107,"engagementScore":0,"voiceSEI":0,"voiceSEIadj":0,"voiceSEIrank":76,"voiceScore":0}},"facebook":{"entityString":"536575ffb08f37d80186dea3","type":"facebook","profiles":0,"postsMade":0,"repliesMade":0,"repliesRcvd":0,"sharesMade":0,"sharesRcvd":0,"mentionsRcvd":0,"likesRcvd":0,"reachRcvd":0,"audience":0,"voice":0,"conversation":0,"engagement":0,"group_scoped":{"audienceScore":0,"voiceScore":0,"engagementScore":0,"combinedScore":0,"combinedScoreRank":212,"SEIrank":212,"engagementSEIrank":104,"voiceSEIrank":83,"audienceSEIrank":212,"engagementSEI":0,"engagementSEIadj":0,"voiceSEI":0,"voiceSEIadj":0,"audienceSEI":0,"audienceSEIadj":0,"SEI":0,"SEIadj":0},"non_scoped":{"SEI":0,"SEIrank":212,"SEIadj":0,"audienceSEI":0,"audienceSEIadj":0,"audienceSEIrank":212,"audienceScore":0,"combinedScore":0,"combinedScoreRank":212,"engagementSEI":0,"engagementSEIadj":0,"engagementSEIrank":104,"engagementScore":0,"voiceSEI":0,"voiceSEIadj":0,"voiceSEIrank":83,"voiceScore":0},"scoped":{"SEI":0,"SEIrank":194,"SEIadj":0,"audienceSEI":0,"audienceSEIadj":0,"audienceSEIrank":194,"audienceScore":0,"combinedScore":0,"combinedScoreRank":194,"engagementSEI":0,"engagementSEIadj":0,"engagementSEIrank":92,"engagementScore":0,"voiceSEI":0,"voiceSEIadj":0,"voiceSEIrank":72,"voiceScore":0}},"twitter":{"entityString":"536575ffb08f37d80186dea3","type":"twitter","profiles":1,"postsMade":0,"repliesMade":0,"repliesRcvd":0,"sharesMade":0,"sharesRcvd":0,"mentionsRcvd":0,"likesRcvd":0,"reachRcvd":0,"audience":5273,"voice":0,"conversation":0,"engagement":0,"group_scoped":{"audienceScore":1.5282596157468995,"voiceScore":0,"engagementScore":0,"combinedScore":1.5282596157468995,"combinedScoreRank":106,"SEIrank":124,"engagementSEIrank":95,"voiceSEIrank":86,"audienceSEIrank":107,"engagementSEI":0,"engagementSEIadj":0,"voiceSEI":0,"voiceSEIadj":0,"audienceSEI":4.144332489743308,"audienceSEIadj":4.144332489743308,"SEI":0.41443324897433076,"SEIadj":0.41443324897433076},"non_scoped":{"SEI":0.09313341940771172,"SEIrank":131,"SEIadj":0,"audienceSEI":0.9313341940771172,"audienceSEIadj":0,"audienceSEIrank":123,"audienceScore":0.15119123670016024,"combinedScore":0.007559561835008013,"combinedScoreRank":131,"engagementSEI":0,"engagementSEIadj":0,"engagementSEIrank":95,"engagementScore":0,"voiceSEI":0,"voiceSEIadj":0,"voiceSEIrank":86,"voiceScore":0},"scoped":{"SEI":0.4524316161581495,"SEIrank":117,"SEIadj":0,"audienceSEI":4.524316161581495,"audienceSEIadj":0,"audienceSEIrank":109,"audienceScore":0.23949087863585125,"combinedScore":0.011974543931792564,"combinedScoreRank":117,"engagementSEI":0,"engagementSEIadj":0,"engagementSEIrank":84,"engagementScore":0,"voiceSEI":0,"voiceSEIadj":0,"voiceSEIrank":75,"voiceScore":0}},"instagram":{"entityString":"536575ffb08f37d80186dea3","type":"instagram","profiles":0,"postsMade":0,"repliesMade":0,"repliesRcvd":0,"sharesMade":0,"sharesRcvd":0,"mentionsRcvd":0,"likesRcvd":0,"reachRcvd":0,"audience":0,"voice":0,"conversation":0,"engagement":0,"group_scoped":{"audienceScore":0,"voiceScore":0,"engagementScore":0,"combinedScore":0,"combinedScoreRank":138,"SEIrank":101,"engagementSEIrank":83,"voiceSEIrank":78,"audienceSEIrank":101,"engagementSEI":0,"engagementSEIadj":0,"voiceSEI":0,"voiceSEIadj":0,"audienceSEI":0,"audienceSEIadj":0,"SEI":0,"SEIadj":0},"non_scoped":{"SEI":0,"SEIrank":101,"SEIadj":0,"audienceSEI":0,"audienceSEIadj":0,"audienceSEIrank":101,"audienceScore":0,"combinedScore":0,"combinedScoreRank":101,"engagementSEI":0,"engagementSEIadj":0,"engagementSEIrank":83,"engagementScore":0,"voiceSEI":0,"voiceSEIadj":0,"voiceSEIrank":78,"voiceScore":0},"scoped":{"SEI":0,"SEIrank":92,"SEIadj":0,"audienceSEI":0,"audienceSEIadj":0,"audienceSEIrank":92,"audienceScore":0,"combinedScore":0,"combinedScoreRank":92,"engagementSEI":0,"engagementSEIadj":0,"engagementSEIrank":74,"engagementScore":0,"voiceSEI":0,"voiceSEIadj":0,"voiceSEIrank":70,"voiceScore":0}}},"today":{"boundaryQuantum":4995546,"combined":{"entityString":"536575ffb08f37d80186dea3","type":"combined","profiles":1,"postsMade":3,"repliesMade":0,"repliesRcvd":0,"sharesMade":0,"sharesRcvd":0,"mentionsRcvd":0,"likesRcvd":11,"reachRcvd":0,"audience":5273,"voice":3,"conversation":3,"engagement":11,"group_scoped":{"audienceScore":0.37148374397562983,"voiceScore":2.380952380952381,"engagementScore":0.12655315232397607,"combinedScore":0.25151964333797905,"combinedScoreRank":117,"SEIrank":82,"engagementSEIrank":81,"voiceSEIrank":65,"audienceSEIrank":158,"engagementSEI":0.15070557610631594,"engagementSEIadj":0.15070557610631594,"voiceSEI":3.296703296703297,"voiceSEIadj":3.296703296703297,"audienceSEI":0.5371513558665933,"audienceSEIadj":0.5371513558665933,"SEI":1.133149470261438,"SEIadj":1.133149470261438},"non_scoped":{"SEI":0.6438619076780261,"SEIrank":93,"SEIadj":0,"audienceSEI":0.20716370765283873,"audienceSEIadj":0,"audienceSEIrank":160,"audienceScore":0.03817382999708683,"combinedScore":0.016059867077667104,"combinedScoreRank":125,"engagementSEI":0.011178634580597955,"engagementSEIadj":0,"engagementSEIrank":117,"engagementScore":0.004092916649612847,"voiceSEI":2.054794520547945,"voiceSEIadj":0,"voiceSEIrank":78,"voiceScore":0.20935101186322402},"scoped":{"SEI":3.952072932465439,"SEIrank":100,"SEIadj":0,"audienceSEI":2.7045463870994215,"audienceSEIadj":0,"audienceSEIrank":145,"audienceScore":0.10959449620721569,"combinedScore":0.07097934516128435,"combinedScoreRank":107,"engagementSEI":0.5804749340369393,"engagementSEIadj":0,"engagementSEIrank":106,"engagementScore":0.04549966909331569,"voiceSEI":11.11111111111111,"voiceSEIadj":0,"voiceSEIrank":67,"voiceScore":0.4909983633387889}},"facebook":{"entityString":"536575ffb08f37d80186dea3","type":"facebook","profiles":0,"postsMade":0,"repliesMade":0,"repliesRcvd":0,"sharesMade":0,"sharesRcvd":0,"mentionsRcvd":0,"likesRcvd":0,"reachRcvd":0,"audience":0,"voice":0,"conversation":0,"engagement":0,"group_scoped":{"audienceScore":0,"voiceScore":0,"engagementScore":0,"combinedScore":0,"combinedScoreRank":212,"SEIrank":212,"engagementSEIrank":140,"voiceSEIrank":124,"audienceSEIrank":212,"engagementSEI":0,"engagementSEIadj":0,"voiceSEI":0,"voiceSEIadj":0,"audienceSEI":0,"audienceSEIadj":0,"SEI":0,"SEIadj":0},"non_scoped":{"SEI":0,"SEIrank":212,"SEIadj":0,"audienceSEI":0,"audienceSEIadj":0,"audienceSEIrank":212,"audienceScore":0,"combinedScore":0,"combinedScoreRank":212,"engagementSEI":0,"engagementSEIadj":0,"engagementSEIrank":140,"engagementScore":0,"voiceSEI":0,"voiceSEIadj":0,"voiceSEIrank":124,"voiceScore":0},"scoped":{"SEI":0,"SEIrank":194,"SEIadj":0,"audienceSEI":0,"audienceSEIadj":0,"audienceSEIrank":194,"audienceScore":0,"combinedScore":0,"combinedScoreRank":194,"engagementSEI":0,"engagementSEIadj":0,"engagementSEIrank":128,"engagementScore":0,"voiceSEI":0,"voiceSEIadj":0,"voiceSEIrank":112,"voiceScore":0}},"twitter":{"entityString":"536575ffb08f37d80186dea3","type":"twitter","profiles":1,"postsMade":3,"repliesMade":0,"repliesRcvd":0,"sharesMade":0,"sharesRcvd":0,"mentionsRcvd":0,"likesRcvd":11,"reachRcvd":0,"audience":5273,"voice":3,"conversation":3,"engagement":11,"group_scoped":{"audienceScore":1.5282596157468995,"voiceScore":3.5294117647058822,"engagementScore":1.4511873350923483,"combinedScore":1.5589521706057528,"combinedScoreRank":86,"SEIrank":74,"engagementSEIrank":75,"voiceSEIrank":58,"audienceSEIrank":107,"engagementSEI":2.6128266033254155,"engagementSEIadj":2.6128266033254155,"voiceSEI":5.357142857142857,"voiceSEIadj":5.357142857142857,"audienceSEI":4.144332489743308,"audienceSEIadj":4.144332489743308,"SEI":3.589272068112437,"SEIadj":3.589272068112437},"non_scoped":{"SEI":1.4249133278393162,"SEIrank":75,"SEIadj":0,"audienceSEI":0.9313341940771172,"audienceSEIadj":0,"audienceSEIrank":123,"audienceScore":0.15119123670016024,"combinedScore":0.13957565823639387,"combinedScoreRank":82,"engagementSEI":0.5342399222923749,"engagementSEIadj":0,"engagementSEIrank":77,"engagementScore":0.12778810408921934,"voiceSEI":3.3707865168539324,"voiceSEIadj":0,"voiceSEIrank":60,"voiceScore":0.3401360544217687},"scoped":{"SEI":6.7059006263339125,"SEIrank":66,"SEIadj":0,"audienceSEI":4.524316161581495,"audienceSEIadj":0,"audienceSEIrank":109,"audienceScore":0.23949087863585125,"combinedScore":0.29110660838527563,"combinedScoreRank":70,"engagementSEI":3.900709219858156,"engagementSEIadj":0,"engagementSEIrank":67,"engagementScore":0.27200791295746785,"voiceSEI":13.043478260869565,"voiceSEIadj":0,"voiceSEIrank":49,"voiceScore":0.6864988558352403}},"instagram":{"entityString":"536575ffb08f37d80186dea3","type":"instagram","profiles":0,"postsMade":0,"repliesMade":0,"repliesRcvd":0,"sharesMade":0,"sharesRcvd":0,"mentionsRcvd":0,"likesRcvd":0,"reachRcvd":0,"audience":0,"voice":0,"conversation":0,"engagement":0,"group_scoped":{"audienceScore":0,"voiceScore":0,"engagementScore":0,"combinedScore":0,"combinedScoreRank":138,"SEIrank":101,"engagementSEIrank":96,"voiceSEIrank":86,"audienceSEIrank":101,"engagementSEI":0,"engagementSEIadj":0,"voiceSEI":0,"voiceSEIadj":0,"audienceSEI":0,"audienceSEIadj":0,"SEI":0,"SEIadj":0},"non_scoped":{"SEI":0,"SEIrank":101,"SEIadj":0,"audienceSEI":0,"audienceSEIadj":0,"audienceSEIrank":101,"audienceScore":0,"combinedScore":0,"combinedScoreRank":101,"engagementSEI":0,"engagementSEIadj":0,"engagementSEIrank":96,"engagementScore":0,"voiceSEI":0,"voiceSEIadj":0,"voiceSEIrank":86,"voiceScore":0},"scoped":{"SEI":0,"SEIrank":92,"SEIadj":0,"audienceSEI":0,"audienceSEIadj":0,"audienceSEIrank":92,"audienceScore":0,"combinedScore":0,"combinedScoreRank":92,"engagementSEI":0,"engagementSEIadj":0,"engagementSEIrank":87,"engagementScore":0,"voiceSEI":0,"voiceSEIadj":0,"voiceSEIrank":77,"voiceScore":0}}},"week":{"boundaryQuantum":4993818,"combined":{"entityString":"536575ffb08f37d80186dea3","type":"combined","profiles":1,"postsMade":12,"repliesMade":0,"repliesRcvd":0,"sharesMade":0,"sharesRcvd":12,"mentionsRcvd":0,"likesRcvd":75,"reachRcvd":0,"audience":5273,"voice":12,"conversation":12,"engagement":87,"group_scoped":{"audienceScore":0.37148374397562983,"voiceScore":1.3793103448275863,"engagementScore":0.10265607853779984,"combinedScore":0.1799301751241807,"combinedScoreRank":132,"SEIrank":116,"engagementSEIrank":116,"voiceSEIrank":101,"audienceSEIrank":158,"engagementSEI":0.11355034065102196,"engagementSEIadj":0.11355034065102196,"voiceSEI":2.1052631578947367,"voiceSEIadj":2.1052631578947367,"audienceSEI":0.5371513558665933,"audienceSEIadj":0.5371513558665933,"SEI":0.7534242873456934,"SEIadj":0.7534242873456934},"non_scoped":{"SEI":0.45843542325669295,"SEIrank":119,"SEIadj":0,"audienceSEI":0.20716370765283873,"audienceSEIadj":0,"audienceSEIrank":160,"audienceScore":0.03817382999708683,"combinedScore":0.013247653168776605,"combinedScoreRank":146,"engagementSEI":0.010968879900851412,"engagementSEIadj":0,"engagementSEIrank":138,"engagementScore":0.004600445978866503,"voiceSEI":1.437125748502994,"voiceSEIadj":0,"voiceSEIrank":104,"voiceScore":0.14397120575884823},"scoped":{"SEI":2.021164032721709,"SEIrank":125,"SEIadj":0,"audienceSEI":2.7045463870994215,"audienceSEIadj":0,"audienceSEIrank":145,"audienceScore":0.10959449620721569,"combinedScore":0.059937661147723066,"combinedScoreRank":129,"engagementSEI":0.2977616537750702,"engagementSEIadj":0,"engagementSEIrank":127,"engagementScore":0.04357975094422793,"voiceSEI":5.240174672489083,"voiceSEIadj":0,"voiceSEIrank":93,"voiceScore":0.30472320975114275}},"facebook":{"entityString":"536575ffb08f37d80186dea3","type":"facebook","profiles":0,"postsMade":0,"repliesMade":0,"repliesRcvd":0,"sharesMade":0,"sharesRcvd":0,"mentionsRcvd":0,"likesRcvd":0,"reachRcvd":0,"audience":0,"voice":0,"conversation":0,"engagement":0,"group_scoped":{"audienceScore":0,"voiceScore":0,"engagementScore":0,"combinedScore":0,"combinedScoreRank":212,"SEIrank":212,"engagementSEIrank":167,"voiceSEIrank":155,"audienceSEIrank":212,"engagementSEI":0,"engagementSEIadj":0,"voiceSEI":0,"voiceSEIadj":0,"audienceSEI":0,"audienceSEIadj":0,"SEI":0,"SEIadj":0},"non_scoped":{"SEI":0,"SEIrank":212,"SEIadj":0,"audienceSEI":0,"audienceSEIadj":0,"audienceSEIrank":212,"audienceScore":0,"combinedScore":0,"combinedScoreRank":212,"engagementSEI":0,"engagementSEIadj":0,"engagementSEIrank":167,"engagementScore":0,"voiceSEI":0,"voiceSEIadj":0,"voiceSEIrank":155,"voiceScore":0},"scoped":{"SEI":0,"SEIrank":194,"SEIadj":0,"audienceSEI":0,"audienceSEIadj":0,"audienceSEIrank":194,"audienceScore":0,"combinedScore":0,"combinedScoreRank":194,"engagementSEI":0,"engagementSEIadj":0,"engagementSEIrank":155,"engagementScore":0,"voiceSEI":0,"voiceSEIadj":0,"voiceSEIrank":143,"voiceScore":0}},"twitter":{"entityString":"536575ffb08f37d80186dea3","type":"twitter","profiles":1,"postsMade":12,"repliesMade":0,"repliesRcvd":0,"sharesMade":0,"sharesRcvd":12,"mentionsRcvd":0,"likesRcvd":75,"reachRcvd":0,"audience":5273,"voice":12,"conversation":12,"engagement":87,"group_scoped":{"audienceScore":1.5282596157468995,"voiceScore":2.0202020202020203,"engagementScore":1.386012426318305,"combinedScore":1.4248342654839206,"combinedScoreRank":96,"SEIrank":104,"engagementSEIrank":97,"voiceSEIrank":90,"audienceSEIrank":107,"engagementSEI":3.008298755186722,"engagementSEIadj":3.008298755186722,"voiceSEI":3.6585365853658534,"voiceSEIadj":3.6585365853658534,"audienceSEI":4.144332489743308,"audienceSEIadj":4.144332489743308,"SEI":3.31697347769612,"SEIadj":3.31697347769612},"non_scoped":{"SEI":1.2504323029138151,"SEIrank":92,"SEIadj":0,"audienceSEI":0.9313341940771172,"audienceSEIadj":0,"audienceSEIrank":123,"audienceScore":0.15119123670016024,"combinedScore":0.14553371212429497,"combinedScoreRank":93,"engagementSEI":0.6630086877000457,"engagementSEIadj":0,"engagementSEIrank":90,"engagementScore":0.14022758776312821,"voiceSEI":2.5316455696202533,"voiceSEIadj":0,"voiceSEIrank":82,"voiceScore":0.23538642604943116},"scoped":{"SEI":4.9314525951791275,"SEIrank":86,"SEIadj":0,"audienceSEI":4.524316161581495,"audienceSEIadj":0,"audienceSEIrank":109,"audienceScore":0.23949087863585125,"combinedScore":0.26047329953747167,"combinedScoreRank":81,"engagementSEI":4.055944055944056,"engagementSEIadj":0,"engagementSEIrank":80,"engagementScore":0.25256923880856996,"voiceSEI":6.8181818181818175,"voiceSEIadj":0,"voiceSEIrank":71,"voiceScore":0.423728813559322}},"instagram":{"entityString":"536575ffb08f37d80186dea3","type":"instagram","profiles":0,"postsMade":0,"repliesMade":0,"repliesRcvd":0,"sharesMade":0,"sharesRcvd":0,"mentionsRcvd":0,"likesRcvd":0,"reachRcvd":0,"audience":0,"voice":0,"conversation":0,"engagement":0,"group_scoped":{"audienceScore":0,"voiceScore":0,"engagementScore":0,"combinedScore":0,"combinedScoreRank":138,"SEIrank":101,"engagementSEIrank":98,"voiceSEIrank":97,"audienceSEIrank":101,"engagementSEI":0,"engagementSEIadj":0,"voiceSEI":0,"voiceSEIadj":0,"audienceSEI":0,"audienceSEIadj":0,"SEI":0,"SEIadj":0},"non_scoped":{"SEI":0,"SEIrank":101,"SEIadj":0,"audienceSEI":0,"audienceSEIadj":0,"audienceSEIrank":101,"audienceScore":0,"combinedScore":0,"combinedScoreRank":101,"engagementSEI":0,"engagementSEIadj":0,"engagementSEIrank":98,"engagementScore":0,"voiceSEI":0,"voiceSEIadj":0,"voiceSEIrank":97,"voiceScore":0},"scoped":{"SEI":0,"SEIrank":92,"SEIadj":0,"audienceSEI":0,"audienceSEIadj":0,"audienceSEIrank":92,"audienceScore":0,"combinedScore":0,"combinedScoreRank":92,"engagementSEI":0,"engagementSEIadj":0,"engagementSEIrank":89,"engagementScore":0,"voiceSEI":0,"voiceSEIadj":0,"voiceSEIrank":88,"voiceScore":0}}},"month":{"boundaryQuantum":4987194,"combined":{"entityString":"536575ffb08f37d80186dea3","type":"combined","profiles":1,"postsMade":34,"repliesMade":0,"repliesRcvd":0,"sharesMade":0,"sharesRcvd":29,"mentionsRcvd":0,"likesRcvd":196,"reachRcvd":0,"audience":5273,"voice":34,"conversation":34,"engagement":225,"group_scoped":{"audienceScore":0.37148374397562983,"voiceScore":0.8729139922978177,"engagementScore":0.0614297571203914,"combinedScore":0.11750666822202464,"combinedScoreRank":147,"SEIrank":148,"engagementSEIrank":130,"voiceSEIrank":133,"audienceSEIrank":158,"engagementSEI":0.07036153319344418,"engagementSEIadj":0.07036153319344418,"voiceSEI":1.3934426229508197,"voiceSEIadj":1.3934426229508197,"audienceSEI":0.5371513558665933,"audienceSEIadj":0.5371513558665933,"SEI":0.5139648423879717,"SEIadj":0.5139648423879717},"non_scoped":{"SEI":0.30174788038607003,"SEIrank":149,"SEIadj":0,"audienceSEI":0.20716370765283873,"audienceSEIadj":0,"audienceSEIrank":160,"audienceScore":0.03817382999708683,"combinedScore":0.008695166587978111,"combinedScoreRank":168,"engagementSEI":0.0061781277801575005,"engagementSEIadj":0,"engagementSEIrank":159,"engagementScore":0.0025846353194436946,"voiceSEI":0.9244154431756388,"voiceSEIadj":0,"voiceSEIrank":134,"voiceScore":0.08920606601248886},"scoped":{"SEI":1.442208169174471,"SEIrank":146,"SEIadj":0,"audienceSEI":2.7045463870994215,"audienceSEIadj":0,"audienceSEIrank":145,"audienceScore":0.10959449620721569,"combinedScore":0.03869921933741734,"combinedScoreRank":153,"engagementSEI":0.18577078362244773,"engagementSEIadj":0,"engagementSEIrank":146,"engagementScore":0.026477005015333132,"voiceSEI":3.5343035343035343,"voiceSEIadj":0,"voiceSEIrank":122,"voiceScore":0.18780380026513477}},"facebook":{"entityString":"536575ffb08f37d80186dea3","type":"facebook","profiles":0,"postsMade":0,"repliesMade":0,"repliesRcvd":0,"sharesMade":0,"sharesRcvd":0,"mentionsRcvd":0,"likesRcvd":0,"reachRcvd":0,"audience":0,"voice":0,"conversation":0,"engagement":0,"group_scoped":{"audienceScore":0,"voiceScore":0,"engagementScore":0,"combinedScore":0,"combinedScoreRank":212,"SEIrank":212,"engagementSEIrank":177,"voiceSEIrank":172,"audienceSEIrank":212,"engagementSEI":0,"engagementSEIadj":0,"voiceSEI":0,"voiceSEIadj":0,"audienceSEI":0,"audienceSEIadj":0,"SEI":0,"SEIadj":0},"non_scoped":{"SEI":0,"SEIrank":212,"SEIadj":0,"audienceSEI":0,"audienceSEIadj":0,"audienceSEIrank":212,"audienceScore":0,"combinedScore":0,"combinedScoreRank":212,"engagementSEI":0,"engagementSEIadj":0,"engagementSEIrank":177,"engagementScore":0,"voiceSEI":0,"voiceSEIadj":0,"voiceSEIrank":172,"voiceScore":0},"scoped":{"SEI":0,"SEIrank":194,"SEIadj":0,"audienceSEI":0,"audienceSEIadj":0,"audienceSEIrank":194,"audienceScore":0,"combinedScore":0,"combinedScoreRank":194,"engagementSEI":0,"engagementSEIadj":0,"engagementSEIrank":163,"engagementScore":0,"voiceSEI":0,"voiceSEIadj":0,"voiceSEIrank":159,"voiceScore":0}},"twitter":{"entityString":"536575ffb08f37d80186dea3","type":"twitter","profiles":1,"postsMade":34,"repliesMade":0,"repliesRcvd":0,"sharesMade":0,"sharesRcvd":29,"mentionsRcvd":0,"likesRcvd":196,"reachRcvd":0,"audience":5273,"voice":34,"conversation":34,"engagement":225,"group_scoped":{"audienceScore":1.5282596157468995,"voiceScore":1.2724550898203593,"engagementScore":0.9076240419524002,"combinedScore":0.9568973730355232,"combinedScoreRank":106,"SEIrank":114,"engagementSEIrank":102,"voiceSEIrank":114,"audienceSEIrank":107,"engagementSEI":2.226400158321789,"engagementSEIadj":2.226400158321789,"voiceSEI":2.446043165467626,"voiceSEIadj":2.446043165467626,"audienceSEI":4.144332489743308,"audienceSEIadj":4.144332489743308,"SEI":2.4840862936076915,"SEIadj":2.4840862936076915},"non_scoped":{"SEI":0.7954519414057846,"SEIrank":123,"SEIadj":0,"audienceSEI":0.9313341940771172,"audienceSEIadj":0,"audienceSEIrank":123,"audienceScore":0.15119123670016024,"combinedScore":0.0891172472473144,"combinedScoreRank":115,"engagementSEI":0.3590750227414181,"engagementSEIadj":0,"engagementSEIrank":112,"engagementScore":0.08262672184907587,"voiceSEI":1.6229116945107398,"voiceSEIadj":0,"voiceSEIrank":111,"voiceScore":0.14387271496276235},"scoped":{"SEI":3.125901030051994,"SEIrank":108,"SEIadj":0,"audienceSEI":4.524316161581495,"audienceSEIadj":0,"audienceSEIrank":109,"audienceScore":0.23949087863585125,"combinedScore":0.16747108102969496,"combinedScoreRank":102,"engagementSEI":1.974030531672223,"engagementSEIadj":0,"engagementSEIrank":100,"engagementScore":0.15836483033847842,"voiceSEI":4.963503649635037,"voiceSEIadj":0,"voiceSEIrank":99,"voiceScore":0.25936379586543595}},"instagram":{"entityString":"536575ffb08f37d80186dea3","type":"instagram","profiles":0,"postsMade":0,"repliesMade":0,"repliesRcvd":0,"sharesMade":0,"sharesRcvd":0,"mentionsRcvd":0,"likesRcvd":0,"reachRcvd":0,"audience":0,"voice":0,"conversation":0,"engagement":0,"group_scoped":{"audienceScore":0,"voiceScore":0,"engagementScore":0,"combinedScore":0,"combinedScoreRank":138,"SEIrank":101,"engagementSEIrank":98,"voiceSEIrank":98,"audienceSEIrank":101,"engagementSEI":0,"engagementSEIadj":0,"voiceSEI":0,"voiceSEIadj":0,"audienceSEI":0,"audienceSEIadj":0,"SEI":0,"SEIadj":0},"non_scoped":{"SEI":0,"SEIrank":101,"SEIadj":0,"audienceSEI":0,"audienceSEIadj":0,"audienceSEIrank":101,"audienceScore":0,"combinedScore":0,"combinedScoreRank":101,"engagementSEI":0,"engagementSEIadj":0,"engagementSEIrank":98,"engagementScore":0,"voiceSEI":0,"voiceSEIadj":0,"voiceSEIrank":98,"voiceScore":0},"scoped":{"SEI":0,"SEIrank":92,"SEIadj":0,"audienceSEI":0,"audienceSEIadj":0,"audienceSEIrank":92,"audienceScore":0,"combinedScore":0,"combinedScoreRank":92,"engagementSEI":0,"engagementSEIadj":0,"engagementSEIrank":89,"engagementScore":0,"voiceSEI":0,"voiceSEIadj":0,"voiceSEIrank":89,"voiceScore":0}}},"quarter":{"boundaryQuantum":4969914,"combined":{"entityString":"536575ffb08f37d80186dea3","type":"combined","profiles":1,"postsMade":80,"repliesMade":0,"repliesRcvd":0,"sharesMade":0,"sharesRcvd":172,"mentionsRcvd":0,"likesRcvd":907,"reachRcvd":0,"audience":5273,"voice":80,"conversation":80,"engagement":1079,"group_scoped":{"audienceScore":0.37148374397562983,"voiceScore":0.6361829025844931,"engagementScore":0.09211829389065328,"combinedScore":0.1332897968295941,"combinedScoreRank":131,"SEIrank":159,"engagementSEIrank":113,"voiceSEIrank":156,"audienceSEIrank":158,"engagementSEI":0.10950056982919332,"engagementSEIadj":0.10950056982919332,"voiceSEI":1.0130429276940611,"voiceSEIadj":1.0130429276940611,"audienceSEI":0.5371513558665933,"audienceSEIadj":0.5371513558665933,"SEI":0.4233283557923937,"SEIadj":0.4233283557923937},"non_scoped":{"SEI":0.2505948208576225,"SEIrank":162,"SEIadj":0,"audienceSEI":0.20716370765283873,"audienceSEIadj":0,"audienceSEIrank":160,"audienceScore":0.03817382999708683,"combinedScore":0.009007539998210003,"combinedScoreRank":164,"engagementSEI":0.00947358060695712,"engagementSEIadj":0,"engagementSEIrank":144,"engagementScore":0.003900452076493685,"voiceSEI":0.7473143390938813,"voiceSEIadj":0,"voiceSEIrank":155,"voiceScore":0.07176883259022687},"scoped":{"SEI":1.3242687743365256,"SEIrank":156,"SEIadj":0,"audienceSEI":2.7045463870994215,"audienceSEIadj":0,"audienceSEIrank":145,"audienceScore":0.10959449620721569,"combinedScore":0.048843977908101334,"combinedScoreRank":142,"engagementSEI":0.2819742904256793,"engagementSEIadj":0,"engagementSEIrank":132,"engagementScore":0.039735879768581776,"voiceSEI":2.948765204570586,"voiceSEIadj":0,"voiceSEIrank":144,"voiceScore":0.15203922612033904}},"facebook":{"entityString":"536575ffb08f37d80186dea3","type":"facebook","profiles":0,"postsMade":0,"repliesMade":0,"repliesRcvd":0,"sharesMade":0,"sharesRcvd":0,"mentionsRcvd":0,"likesRcvd":0,"reachRcvd":0,"audience":0,"voice":0,"conversation":0,"engagement":0,"group_scoped":{"audienceScore":0,"voiceScore":0,"engagementScore":0,"combinedScore":0,"combinedScoreRank":212,"SEIrank":212,"engagementSEIrank":183,"voiceSEIrank":183,"audienceSEIrank":212,"engagementSEI":0,"engagementSEIadj":0,"voiceSEI":0,"voiceSEIadj":0,"audienceSEI":0,"audienceSEIadj":0,"SEI":0,"SEIadj":0},"non_scoped":{"SEI":0,"SEIrank":212,"SEIadj":0,"audienceSEI":0,"audienceSEIadj":0,"audienceSEIrank":212,"audienceScore":0,"combinedScore":0,"combinedScoreRank":212,"engagementSEI":0,"engagementSEIadj":0,"engagementSEIrank":183,"engagementScore":0,"voiceSEI":0,"voiceSEIadj":0,"voiceSEIrank":183,"voiceScore":0},"scoped":{"SEI":0,"SEIrank":194,"SEIadj":0,"audienceSEI":0,"audienceSEIadj":0,"audienceSEIrank":194,"audienceScore":0,"combinedScore":0,"combinedScoreRank":194,"engagementSEI":0,"engagementSEIadj":0,"engagementSEIrank":168,"engagementScore":0,"voiceSEI":0,"voiceSEIadj":0,"voiceSEIrank":168,"voiceScore":0}},"twitter":{"entityString":"536575ffb08f37d80186dea3","type":"twitter","profiles":1,"postsMade":80,"repliesMade":0,"repliesRcvd":0,"sharesMade":0,"sharesRcvd":172,"mentionsRcvd":0,"likesRcvd":907,"reachRcvd":0,"audience":5273,"voice":80,"conversation":80,"engagement":1079,"group_scoped":{"audienceScore":1.5282596157468995,"voiceScore":0.9190120620333142,"engagementScore":1.4266448064311403,"combinedScore":1.406343909677037,"combinedScoreRank":85,"SEIrank":98,"engagementSEIrank":79,"voiceSEIrank":130,"audienceSEIrank":107,"engagementSEI":3.654406285985233,"engagementSEIadj":3.654406285985233,"voiceSEI":1.7160017160017158,"voiceSEIadj":1.7160017160017158,"audienceSEI":4.144332489743308,"audienceSEIadj":4.144332489743308,"SEI":3.1218775353659853,"SEIadj":3.1218775353659853},"non_scoped":{"SEI":0.8437902633580698,"SEIrank":114,"SEIadj":0,"audienceSEI":0.9313341940771172,"audienceSEIadj":0,"audienceSEIrank":123,"audienceScore":0.15119123670016024,"combinedScore":0.13667863061660818,"combinedScoreRank":99,"engagementSEI":0.5837607392499297,"engagementSEIadj":0,"engagementSEIrank":93,"engagementScore":0.13699656302413246,"voiceSEI":1.334668001334668,"voiceSEIadj":0,"voiceSEIrank":128,"voiceScore":0.11644324119761873},"scoped":{"SEI":3.856591172281555,"SEIrank":100,"SEIadj":0,"audienceSEI":4.524316161581495,"audienceSEIadj":0,"audienceSEIrank":109,"audienceScore":0.23949087863585125,"combinedScore":0.2674959678451797,"combinedScoreRank":87,"engagementSEI":3.554955192409067,"engagementSEIadj":0,"engagementSEIrank":83,"engagementScore":0.2720769380123506,"voiceSEI":4.23728813559322,"voiceSEIadj":0,"voiceSEIrank":117,"voiceScore":0.21304359404543155}},"instagram":{"entityString":"536575ffb08f37d80186dea3","type":"instagram","profiles":0,"postsMade":0,"repliesMade":0,"repliesRcvd":0,"sharesMade":0,"sharesRcvd":0,"mentionsRcvd":0,"likesRcvd":0,"reachRcvd":0,"audience":0,"voice":0,"conversation":0,"engagement":0,"group_scoped":{"audienceScore":0,"voiceScore":0,"engagementScore":0,"combinedScore":0,"combinedScoreRank":138,"SEIrank":101,"engagementSEIrank":99,"voiceSEIrank":99,"audienceSEIrank":101,"engagementSEI":0,"engagementSEIadj":0,"voiceSEI":0,"voiceSEIadj":0,"audienceSEI":0,"audienceSEIadj":0,"SEI":0,"SEIadj":0},"non_scoped":{"SEI":0,"SEIrank":101,"SEIadj":0,"audienceSEI":0,"audienceSEIadj":0,"audienceSEIrank":101,"audienceScore":0,"combinedScore":0,"combinedScoreRank":101,"engagementSEI":0,"engagementSEIadj":0,"engagementSEIrank":99,"engagementScore":0,"voiceSEI":0,"voiceSEIadj":0,"voiceSEIrank":99,"voiceScore":0},"scoped":{"SEI":0,"SEIrank":92,"SEIadj":0,"audienceSEI":0,"audienceSEIadj":0,"audienceSEIrank":92,"audienceScore":0,"combinedScore":0,"combinedScoreRank":92,"engagementSEI":0,"engagementSEIadj":0,"engagementSEIrank":90,"engagementScore":0,"voiceSEI":0,"voiceSEIadj":0,"voiceSEIrank":90,"voiceScore":0}}},"blended":{"combined":{"non_scoped":{"SEI":0.3402833148476309,"SEIadj":50.17014165742381,"SEIrank":143,"audienceSEI":0.2071637076528387,"audienceSEIadj":50.10358185382642,"audienceSEIrank":160,"engagementSEI":0.009513105169787506,"engagementSEIadj":50.004756552584894,"engagementSEIrank":150,"voiceSEI":1.046196936601582,"voiceSEIadj":50.52309846830079,"voiceSEIrank":128},"scoped":{"SEI":7.278638036428005,"SEIadj":53.639319018214,"SEIrank":104,"compCharisma":0,"compInfluence":6,"compEva":1.2786380364280057,"audienceSEI":2.704546387099421,"audienceSEIadj":51.35227319354971,"audienceSEIrank":145,"engagementSEI":0.2872050055905749,"engagementSEIadj":50.14360250279529,"engagementSEIrank":139,"voiceSEI":4.132136089733104,"voiceSEIadj":52.066068044866554,"voiceSEIrank":117}},"facebook":{"non_scoped":{"SEI":0,"SEIadj":0,"SEIrank":212,"audienceSEI":0,"audienceSEIadj":0,"audienceSEIrank":212,"engagementSEI":0,"engagementSEIadj":0,"engagementSEIrank":183,"voiceSEI":0,"voiceSEIadj":0,"voiceSEIrank":183},"scoped":{"SEI":0,"SEIadj":0,"SEIrank":194,"audienceSEI":0,"audienceSEIadj":0,"audienceSEIrank":194,"engagementSEI":0,"engagementSEIadj":0,"engagementSEIrank":168,"voiceSEI":0,"voiceSEIadj":0,"voiceSEIrank":168}},"twitter":{"non_scoped":{"SEI":0.987588280156013,"SEIadj":50.49379414007801,"SEIrank":105,"audienceSEI":0.9313341940771173,"audienceSEIadj":50.46566709703856,"audienceSEIrank":123,"engagementSEI":0.57135622546081,"engagementSEIadj":50.2856781127304,"engagementSEIrank":99,"voiceSEI":1.8388037515727176,"voiceSEIadj":50.919401875786356,"voiceSEIrank":108},"scoped":{"SEI":4.211911550519011,"SEIadj":52.1059557752595,"SEIrank":96,"audienceSEI":4.524316161581495,"audienceSEIadj":52.26215808079075,"audienceSEIrank":109,"engagementSEI":3.485400853731491,"engagementSEIadj":51.742700426865746,"engagementSEIrank":89,"voiceSEI":5.560798073739889,"voiceSEIadj":52.780399036869944,"voiceSEIrank":98}},"instagram":{"non_scoped":{"SEI":0,"SEIadj":0,"SEIrank":101,"audienceSEI":0,"audienceSEIadj":0,"audienceSEIrank":101,"engagementSEI":0,"engagementSEIadj":0,"engagementSEIrank":99,"voiceSEI":0,"voiceSEIadj":0,"voiceSEIrank":99},"scoped":{"SEI":0,"SEIadj":0,"SEIrank":92,"audienceSEI":0,"audienceSEIadj":0,"audienceSEIrank":92,"engagementSEI":0,"engagementSEIadj":0,"engagementSEIrank":90,"voiceSEI":0,"voiceSEIadj":0,"voiceSEIrank":90}},"influence":{"facebook":{"scope":"individual","ratio":0,"calculated":false},"instagram":{"scope":"individual","ratio":0,"calculated":false},"combined":{"ratio":1.37,"bottom":true,"scope":"individual","calculated":true},"twitter":{"ratio":1.05,"bottom":false,"scope":"individual","calculated":true}},"charisma":{"facebook":{"scope":"individual","ratio":0,"calculated":false},"instagram":{"scope":"individual","ratio":0,"calculated":false},"combined":{"ratio":0.32,"bottom":false,"scope":"individual","calculated":true},"twitter":{"ratio":1.18,"bottom":false,"scope":"individual","calculated":true}}},"scope":"individual"}}