{"scoreEntityString":"591d1494ab33fb0001804f89.asset.536575ffb08f37d80186deb0","timeQuantum":4995834,"scoreEntityType":"asset","scoreProfileID":"591d1494ab33fb0001804f89","data":{"scoreEntityString":"591d1494ab33fb0001804f89.asset.536575ffb08f37d80186deb0","scoreProfileID":"591d1494ab33fb0001804f89","scoreEntityType":"asset","entityID":"asset.536575ffb08f37d80186deb0","object_version":"1.2","score_engine_version":"3.0.20","timestamp":4995834,"start_quantum":4969914,"end_quantum":4995833,"schedule_options":{"interval":15,"offset":"1"},"_15min":{"boundaryQuantum":4995831,"combined":{"entityString":"536575ffb08f37d80186deb0","type":"combined","profiles":1,"postsMade":0,"repliesMade":0,"repliesRcvd":0,"sharesMade":0,"sharesRcvd":0,"mentionsRcvd":0,"likesRcvd":0,"reachRcvd":0,"audience":3293,"voice":0,"conversation":0,"engagement":0,"group_scoped":{"audienceScore":0.23199240828973056,"voiceScore":0,"engagementScore":0,"combinedScore":0.23199240828973056,"engagementSEI":0,"engagementSEIadj":0,"voiceSEI":0,"voiceSEIadj":0,"audienceSEI":0.33545219322372305,"audienceSEIadj":0.33545219322372305,"SEI":0.033545219322372304,"SEIadj":0.033545219322372304,"combinedScoreRank":182,"SEIrank":189,"engagementSEIrank":81,"voiceSEIrank":75,"audienceSEIrank":189},"non_scoped":{"SEI":0.012937418723701839,"SEIrank":196,"SEIadj":0,"audienceSEI":0.12937418723701838,"audienceSEIadj":0,"audienceSEIrank":196,"audienceScore":0.02383964008731404,"combinedScore":0.001191982004365702,"combinedScoreRank":196,"engagementSEI":0,"engagementSEIadj":0,"engagementSEIrank":81,"engagementScore":0,"voiceSEI":0,"voiceSEIadj":0,"voiceSEIrank":75,"voiceScore":0},"scoped":{"SEI":0.16889951171474293,"SEIrank":179,"SEIadj":0,"audienceSEI":1.6889951171474293,"audienceSEIadj":0,"audienceSEIrank":179,"audienceScore":0.0684420018984186,"combinedScore":0.0034221000949209305,"combinedScoreRank":179,"engagementSEI":0,"engagementSEIadj":0,"engagementSEIrank":71,"engagementScore":0,"voiceSEI":0,"voiceSEIadj":0,"voiceSEIrank":68,"voiceScore":0}},"facebook":{"entityString":"536575ffb08f37d80186deb0","type":"facebook","profiles":0,"postsMade":0,"repliesMade":0,"repliesRcvd":0,"sharesMade":0,"sharesRcvd":0,"mentionsRcvd":0,"likesRcvd":0,"reachRcvd":0,"audience":0,"voice":0,"conversation":0,"engagement":0,"group_scoped":{"audienceScore":0,"voiceScore":0,"engagementScore":0,"combinedScore":0,"engagementSEI":0,"engagementSEIadj":0,"voiceSEI":0,"voiceSEIadj":0,"audienceSEI":0,"audienceSEIadj":0,"SEI":0,"SEIadj":0,"combinedScoreRank":210,"SEIrank":210,"engagementSEIrank":79,"voiceSEIrank":74,"audienceSEIrank":210},"non_scoped":{"SEI":0,"SEIrank":210,"SEIadj":0,"audienceSEI":0,"audienceSEIadj":0,"audienceSEIrank":210,"audienceScore":0,"combinedScore":0,"combinedScoreRank":210,"engagementSEI":0,"engagementSEIadj":0,"engagementSEIrank":79,"engagementScore":0,"voiceSEI":0,"voiceSEIadj":0,"voiceSEIrank":74,"voiceScore":0},"scoped":{"SEI":0,"SEIrank":192,"SEIadj":0,"audienceSEI":0,"audienceSEIadj":0,"audienceSEIrank":192,"audienceScore":0,"combinedScore":0,"combinedScoreRank":192,"engagementSEI":0,"engagementSEIadj":0,"engagementSEIrank":69,"engagementScore":0,"voiceSEI":0,"voiceSEIadj":0,"voiceSEIrank":68,"voiceScore":0}},"twitter":{"entityString":"536575ffb08f37d80186deb0","type":"twitter","profiles":1,"postsMade":0,"repliesMade":0,"repliesRcvd":0,"sharesMade":0,"sharesRcvd":0,"mentionsRcvd":0,"likesRcvd":0,"reachRcvd":0,"audience":3293,"voice":0,"conversation":0,"engagement":0,"group_scoped":{"audienceScore":0.9544014630484621,"voiceScore":0,"engagementScore":0,"combinedScore":0.9544014630484621,"engagementSEI":0,"engagementSEIadj":0,"voiceSEI":0,"voiceSEIadj":0,"audienceSEI":2.588144678309257,"audienceSEIadj":2.588144678309257,"SEI":0.2588144678309257,"SEIadj":0.2588144678309257,"combinedScoreRank":145,"SEIrank":150,"engagementSEIrank":76,"voiceSEIrank":75,"audienceSEIrank":149},"non_scoped":{"SEI":0.05816202353680916,"SEIrank":168,"SEIadj":0,"audienceSEI":0.5816202353680916,"audienceSEIadj":0,"audienceSEIrank":168,"audienceScore":0.09441925705549546,"combinedScore":0.004720962852774773,"combinedScoreRank":168,"engagementSEI":0,"engagementSEIadj":0,"engagementSEIrank":76,"engagementScore":0,"voiceSEI":0,"voiceSEIadj":0,"voiceSEIrank":75,"voiceScore":0},"scoped":{"SEI":0.2825445310086831,"SEIrank":152,"SEIadj":0,"audienceSEI":2.825445310086831,"audienceSEIadj":0,"audienceSEIrank":152,"audienceScore":0.14956257601893763,"combinedScore":0.02136608228841966,"combinedScoreRank":152,"engagementSEI":0,"engagementSEIadj":0,"engagementSEIrank":69,"engagementScore":0,"voiceSEI":0,"voiceSEIadj":0,"voiceSEIrank":68,"voiceScore":0}},"instagram":{"entityString":"536575ffb08f37d80186deb0","type":"instagram","profiles":0,"postsMade":0,"repliesMade":0,"repliesRcvd":0,"sharesMade":0,"sharesRcvd":0,"mentionsRcvd":0,"likesRcvd":0,"reachRcvd":0,"audience":0,"voice":0,"conversation":0,"engagement":0,"group_scoped":{"audienceScore":0,"voiceScore":0,"engagementScore":0,"combinedScore":0,"engagementSEI":0,"engagementSEIadj":0,"voiceSEI":0,"voiceSEIadj":0,"audienceSEI":0,"audienceSEIadj":0,"SEI":0,"SEIadj":0,"combinedScoreRank":136,"SEIrank":99,"engagementSEIrank":77,"voiceSEIrank":74,"audienceSEIrank":99},"non_scoped":{"SEI":0,"SEIrank":99,"SEIadj":0,"audienceSEI":0,"audienceSEIadj":0,"audienceSEIrank":99,"audienceScore":0,"combinedScore":0,"combinedScoreRank":99,"engagementSEI":0,"engagementSEIadj":0,"engagementSEIrank":77,"engagementScore":0,"voiceSEI":0,"voiceSEIadj":0,"voiceSEIrank":74,"voiceScore":0},"scoped":{"SEI":0,"SEIrank":90,"SEIadj":0,"audienceSEI":0,"audienceSEIadj":0,"audienceSEIrank":90,"audienceScore":0,"combinedScore":0,"combinedScoreRank":90,"engagementSEI":0,"engagementSEIadj":0,"engagementSEIrank":69,"engagementScore":0,"voiceSEI":0,"voiceSEIadj":0,"voiceSEIrank":68,"voiceScore":0}}},"hour":{"boundaryQuantum":4995822,"combined":{"entityString":"536575ffb08f37d80186deb0","type":"combined","profiles":1,"postsMade":0,"repliesMade":0,"repliesRcvd":0,"sharesMade":0,"sharesRcvd":0,"mentionsRcvd":0,"likesRcvd":0,"reachRcvd":0,"audience":3293,"voice":0,"conversation":0,"engagement":0,"group_scoped":{"audienceScore":0.23199240828973056,"voiceScore":0,"engagementScore":0,"combinedScore":0.23199240828973056,"combinedScoreRank":176,"SEIrank":191,"engagementSEIrank":117,"voiceSEIrank":85,"audienceSEIrank":189,"engagementSEI":0,"engagementSEIadj":0,"voiceSEI":0,"voiceSEIadj":0,"audienceSEI":0.33545219322372305,"audienceSEIadj":0.33545219322372305,"SEI":0.033545219322372304,"SEIadj":0.033545219322372304},"non_scoped":{"SEI":0.012937418723701839,"SEIrank":197,"SEIadj":0,"audienceSEI":0.12937418723701838,"audienceSEIadj":0,"audienceSEIrank":196,"audienceScore":0.02383964008731404,"combinedScore":0.001191982004365702,"combinedScoreRank":197,"engagementSEI":0,"engagementSEIadj":0,"engagementSEIrank":117,"engagementScore":0,"voiceSEI":0,"voiceSEIadj":0,"voiceSEIrank":85,"voiceScore":0},"scoped":{"SEI":0.16889951171474293,"SEIrank":180,"SEIadj":0,"audienceSEI":1.6889951171474293,"audienceSEIadj":0,"audienceSEIrank":179,"audienceScore":0.0684420018984186,"combinedScore":0.0034221000949209305,"combinedScoreRank":180,"engagementSEI":0,"engagementSEIadj":0,"engagementSEIrank":105,"engagementScore":0,"voiceSEI":0,"voiceSEIadj":0,"voiceSEIrank":74,"voiceScore":0}},"facebook":{"entityString":"536575ffb08f37d80186deb0","type":"facebook","profiles":0,"postsMade":0,"repliesMade":0,"repliesRcvd":0,"sharesMade":0,"sharesRcvd":0,"mentionsRcvd":0,"likesRcvd":0,"reachRcvd":0,"audience":0,"voice":0,"conversation":0,"engagement":0,"group_scoped":{"audienceScore":0,"voiceScore":0,"engagementScore":0,"combinedScore":0,"combinedScoreRank":210,"SEIrank":210,"engagementSEIrank":102,"voiceSEIrank":81,"audienceSEIrank":210,"engagementSEI":0,"engagementSEIadj":0,"voiceSEI":0,"voiceSEIadj":0,"audienceSEI":0,"audienceSEIadj":0,"SEI":0,"SEIadj":0},"non_scoped":{"SEI":0,"SEIrank":210,"SEIadj":0,"audienceSEI":0,"audienceSEIadj":0,"audienceSEIrank":210,"audienceScore":0,"combinedScore":0,"combinedScoreRank":210,"engagementSEI":0,"engagementSEIadj":0,"engagementSEIrank":102,"engagementScore":0,"voiceSEI":0,"voiceSEIadj":0,"voiceSEIrank":81,"voiceScore":0},"scoped":{"SEI":0,"SEIrank":192,"SEIadj":0,"audienceSEI":0,"audienceSEIadj":0,"audienceSEIrank":192,"audienceScore":0,"combinedScore":0,"combinedScoreRank":192,"engagementSEI":0,"engagementSEIadj":0,"engagementSEIrank":90,"engagementScore":0,"voiceSEI":0,"voiceSEIadj":0,"voiceSEIrank":70,"voiceScore":0}},"twitter":{"entityString":"536575ffb08f37d80186deb0","type":"twitter","profiles":1,"postsMade":0,"repliesMade":0,"repliesRcvd":0,"sharesMade":0,"sharesRcvd":0,"mentionsRcvd":0,"likesRcvd":0,"reachRcvd":0,"audience":3293,"voice":0,"conversation":0,"engagement":0,"group_scoped":{"audienceScore":0.9544014630484621,"voiceScore":0,"engagementScore":0,"combinedScore":0.9544014630484621,"combinedScoreRank":150,"SEIrank":158,"engagementSEIrank":93,"voiceSEIrank":84,"audienceSEIrank":149,"engagementSEI":0,"engagementSEIadj":0,"voiceSEI":0,"voiceSEIadj":0,"audienceSEI":2.588144678309257,"audienceSEIadj":2.588144678309257,"SEI":0.2588144678309257,"SEIadj":0.2588144678309257},"non_scoped":{"SEI":0.05816202353680916,"SEIrank":173,"SEIadj":0,"audienceSEI":0.5816202353680916,"audienceSEIadj":0,"audienceSEIrank":168,"audienceScore":0.09441925705549546,"combinedScore":0.004720962852774773,"combinedScoreRank":173,"engagementSEI":0,"engagementSEIadj":0,"engagementSEIrank":93,"engagementScore":0,"voiceSEI":0,"voiceSEIadj":0,"voiceSEIrank":84,"voiceScore":0},"scoped":{"SEI":0.2825445310086831,"SEIrank":157,"SEIadj":0,"audienceSEI":2.825445310086831,"audienceSEIadj":0,"audienceSEIrank":152,"audienceScore":0.14956257601893763,"combinedScore":0.007478128800946882,"combinedScoreRank":157,"engagementSEI":0,"engagementSEIadj":0,"engagementSEIrank":82,"engagementScore":0,"voiceSEI":0,"voiceSEIadj":0,"voiceSEIrank":73,"voiceScore":0}},"instagram":{"entityString":"536575ffb08f37d80186deb0","type":"instagram","profiles":0,"postsMade":0,"repliesMade":0,"repliesRcvd":0,"sharesMade":0,"sharesRcvd":0,"mentionsRcvd":0,"likesRcvd":0,"reachRcvd":0,"audience":0,"voice":0,"conversation":0,"engagement":0,"group_scoped":{"audienceScore":0,"voiceScore":0,"engagementScore":0,"combinedScore":0,"combinedScoreRank":136,"SEIrank":99,"engagementSEIrank":81,"voiceSEIrank":76,"audienceSEIrank":99,"engagementSEI":0,"engagementSEIadj":0,"voiceSEI":0,"voiceSEIadj":0,"audienceSEI":0,"audienceSEIadj":0,"SEI":0,"SEIadj":0},"non_scoped":{"SEI":0,"SEIrank":99,"SEIadj":0,"audienceSEI":0,"audienceSEIadj":0,"audienceSEIrank":99,"audienceScore":0,"combinedScore":0,"combinedScoreRank":99,"engagementSEI":0,"engagementSEIadj":0,"engagementSEIrank":81,"engagementScore":0,"voiceSEI":0,"voiceSEIadj":0,"voiceSEIrank":76,"voiceScore":0},"scoped":{"SEI":0,"SEIrank":90,"SEIadj":0,"audienceSEI":0,"audienceSEIadj":0,"audienceSEIrank":90,"audienceScore":0,"combinedScore":0,"combinedScoreRank":90,"engagementSEI":0,"engagementSEIadj":0,"engagementSEIrank":72,"engagementScore":0,"voiceSEI":0,"voiceSEIadj":0,"voiceSEIrank":68,"voiceScore":0}}},"today":{"boundaryQuantum":4995546,"combined":{"entityString":"536575ffb08f37d80186deb0","type":"combined","profiles":1,"postsMade":0,"repliesMade":0,"repliesRcvd":0,"sharesMade":0,"sharesRcvd":0,"mentionsRcvd":0,"likesRcvd":0,"reachRcvd":0,"audience":3293,"voice":0,"conversation":0,"engagement":0,"group_scoped":{"audienceScore":0.23199240828973056,"voiceScore":0,"engagementScore":0,"combinedScore":0.23199240828973056,"combinedScoreRank":122,"SEIrank":205,"engagementSEIrank":190,"voiceSEIrank":173,"audienceSEIrank":189,"engagementSEI":0,"engagementSEIadj":0,"voiceSEI":0,"voiceSEIadj":0,"audienceSEI":0.33545219322372305,"audienceSEIadj":0.33545219322372305,"SEI":0.033545219322372304,"SEIadj":0.033545219322372304},"non_scoped":{"SEI":0.012937418723701839,"SEIrank":205,"SEIadj":0,"audienceSEI":0.12937418723701838,"audienceSEIadj":0,"audienceSEIrank":196,"audienceScore":0.02383964008731404,"combinedScore":0.001191982004365702,"combinedScoreRank":207,"engagementSEI":0,"engagementSEIadj":0,"engagementSEIrank":190,"engagementScore":0,"voiceSEI":0,"voiceSEIadj":0,"voiceSEIrank":173,"voiceScore":0},"scoped":{"SEI":0.16889951171474293,"SEIrank":188,"SEIadj":0,"audienceSEI":1.6889951171474293,"audienceSEIadj":0,"audienceSEIrank":179,"audienceScore":0.0684420018984186,"combinedScore":0.0034221000949209305,"combinedScoreRank":188,"engagementSEI":0,"engagementSEIadj":0,"engagementSEIrank":176,"engagementScore":0,"voiceSEI":0,"voiceSEIadj":0,"voiceSEIrank":158,"voiceScore":0}},"facebook":{"entityString":"536575ffb08f37d80186deb0","type":"facebook","profiles":0,"postsMade":0,"repliesMade":0,"repliesRcvd":0,"sharesMade":0,"sharesRcvd":0,"mentionsRcvd":0,"likesRcvd":0,"reachRcvd":0,"audience":0,"voice":0,"conversation":0,"engagement":0,"group_scoped":{"audienceScore":0,"voiceScore":0,"engagementScore":0,"combinedScore":0,"combinedScoreRank":210,"SEIrank":210,"engagementSEIrank":138,"voiceSEIrank":122,"audienceSEIrank":210,"engagementSEI":0,"engagementSEIadj":0,"voiceSEI":0,"voiceSEIadj":0,"audienceSEI":0,"audienceSEIadj":0,"SEI":0,"SEIadj":0},"non_scoped":{"SEI":0,"SEIrank":210,"SEIadj":0,"audienceSEI":0,"audienceSEIadj":0,"audienceSEIrank":210,"audienceScore":0,"combinedScore":0,"combinedScoreRank":210,"engagementSEI":0,"engagementSEIadj":0,"engagementSEIrank":138,"engagementScore":0,"voiceSEI":0,"voiceSEIadj":0,"voiceSEIrank":122,"voiceScore":0},"scoped":{"SEI":0,"SEIrank":192,"SEIadj":0,"audienceSEI":0,"audienceSEIadj":0,"audienceSEIrank":192,"audienceScore":0,"combinedScore":0,"combinedScoreRank":192,"engagementSEI":0,"engagementSEIadj":0,"engagementSEIrank":126,"engagementScore":0,"voiceSEI":0,"voiceSEIadj":0,"voiceSEIrank":110,"voiceScore":0}},"twitter":{"entityString":"536575ffb08f37d80186deb0","type":"twitter","profiles":1,"postsMade":0,"repliesMade":0,"repliesRcvd":0,"sharesMade":0,"sharesRcvd":0,"mentionsRcvd":0,"likesRcvd":0,"reachRcvd":0,"audience":3293,"voice":0,"conversation":0,"engagement":0,"group_scoped":{"audienceScore":0.9544014630484621,"voiceScore":0,"engagementScore":0,"combinedScore":0.9544014630484621,"combinedScoreRank":123,"SEIrank":187,"engagementSEIrank":176,"voiceSEIrank":161,"audienceSEIrank":149,"engagementSEI":0,"engagementSEIadj":0,"voiceSEI":0,"voiceSEIadj":0,"audienceSEI":2.588144678309257,"audienceSEIadj":2.588144678309257,"SEI":0.2588144678309257,"SEIadj":0.2588144678309257},"non_scoped":{"SEI":0.05816202353680916,"SEIrank":190,"SEIadj":0,"audienceSEI":0.5816202353680916,"audienceSEIadj":0,"audienceSEIrank":168,"audienceScore":0.09441925705549546,"combinedScore":0.004720962852774773,"combinedScoreRank":190,"engagementSEI":0,"engagementSEIadj":0,"engagementSEIrank":176,"engagementScore":0,"voiceSEI":0,"voiceSEIadj":0,"voiceSEIrank":161,"voiceScore":0},"scoped":{"SEI":0.2825445310086831,"SEIrank":172,"SEIadj":0,"audienceSEI":2.825445310086831,"audienceSEIadj":0,"audienceSEIrank":152,"audienceScore":0.14956257601893763,"combinedScore":0.007478128800946882,"combinedScoreRank":172,"engagementSEI":0,"engagementSEIadj":0,"engagementSEIrank":162,"engagementScore":0,"voiceSEI":0,"voiceSEIadj":0,"voiceSEIrank":146,"voiceScore":0}},"instagram":{"entityString":"536575ffb08f37d80186deb0","type":"instagram","profiles":0,"postsMade":0,"repliesMade":0,"repliesRcvd":0,"sharesMade":0,"sharesRcvd":0,"mentionsRcvd":0,"likesRcvd":0,"reachRcvd":0,"audience":0,"voice":0,"conversation":0,"engagement":0,"group_scoped":{"audienceScore":0,"voiceScore":0,"engagementScore":0,"combinedScore":0,"combinedScoreRank":136,"SEIrank":99,"engagementSEIrank":94,"voiceSEIrank":84,"audienceSEIrank":99,"engagementSEI":0,"engagementSEIadj":0,"voiceSEI":0,"voiceSEIadj":0,"audienceSEI":0,"audienceSEIadj":0,"SEI":0,"SEIadj":0},"non_scoped":{"SEI":0,"SEIrank":99,"SEIadj":0,"audienceSEI":0,"audienceSEIadj":0,"audienceSEIrank":99,"audienceScore":0,"combinedScore":0,"combinedScoreRank":99,"engagementSEI":0,"engagementSEIadj":0,"engagementSEIrank":94,"engagementScore":0,"voiceSEI":0,"voiceSEIadj":0,"voiceSEIrank":84,"voiceScore":0},"scoped":{"SEI":0,"SEIrank":90,"SEIadj":0,"audienceSEI":0,"audienceSEIadj":0,"audienceSEIrank":90,"audienceScore":0,"combinedScore":0,"combinedScoreRank":90,"engagementSEI":0,"engagementSEIadj":0,"engagementSEIrank":85,"engagementScore":0,"voiceSEI":0,"voiceSEIadj":0,"voiceSEIrank":75,"voiceScore":0}}},"week":{"boundaryQuantum":4993818,"combined":{"entityString":"536575ffb08f37d80186deb0","type":"combined","profiles":1,"postsMade":1,"repliesMade":0,"repliesRcvd":0,"sharesMade":0,"sharesRcvd":23,"mentionsRcvd":0,"likesRcvd":60,"reachRcvd":0,"audience":3293,"voice":1,"conversation":1,"engagement":83,"group_scoped":{"audienceScore":0.23199240828973056,"voiceScore":0.11494252873563218,"engagementScore":0.0979362588349125,"combinedScore":0.10548937980268938,"combinedScoreRank":165,"SEIrank":192,"engagementSEIrank":117,"voiceSEIrank":189,"audienceSEIrank":189,"engagementSEI":0.10832963533373358,"engagementSEIadj":0.10832963533373358,"voiceSEI":0.17543859649122806,"voiceSEIadj":0.17543859649122806,"audienceSEI":0.33545219322372305,"audienceSEIadj":0.33545219322372305,"SEI":0.15117457946998086,"SEIadj":0.15117457946998086},"non_scoped":{"SEI":0.05514430058641922,"SEIrank":197,"SEIadj":0,"audienceSEI":0.12937418723701838,"audienceSEIadj":0,"audienceSEIrank":196,"audienceScore":0.02383964008731404,"combinedScore":0.0057419001274566246,"combinedScoreRank":181,"engagementSEI":0.010464563583570887,"engagementSEIadj":0,"engagementSEIrank":142,"engagementScore":0.004388931221217468,"voiceSEI":0.11976047904191617,"voiceSEIadj":0,"voiceSEIrank":184,"voiceScore":0.01199760047990402},"scoped":{"SEI":0.47034675620511357,"SEIrank":176,"SEIadj":0,"audienceSEI":1.6889951171474293,"audienceSEIadj":0,"audienceSEIrank":179,"audienceScore":0.0684420018984186,"combinedScore":0.04211025594628434,"combinedScoreRank":149,"engagementSEI":0.28407146279690604,"engagementSEIadj":0,"engagementSEIrank":131,"engagementScore":0.04157608423414849,"voiceSEI":0.43668122270742354,"voiceSEIadj":0,"voiceSEIrank":169,"voiceScore":0.025393600812595223}},"facebook":{"entityString":"536575ffb08f37d80186deb0","type":"facebook","profiles":0,"postsMade":0,"repliesMade":0,"repliesRcvd":0,"sharesMade":0,"sharesRcvd":0,"mentionsRcvd":0,"likesRcvd":0,"reachRcvd":0,"audience":0,"voice":0,"conversation":0,"engagement":0,"group_scoped":{"audienceScore":0,"voiceScore":0,"engagementScore":0,"combinedScore":0,"combinedScoreRank":210,"SEIrank":210,"engagementSEIrank":165,"voiceSEIrank":153,"audienceSEIrank":210,"engagementSEI":0,"engagementSEIadj":0,"voiceSEI":0,"voiceSEIadj":0,"audienceSEI":0,"audienceSEIadj":0,"SEI":0,"SEIadj":0},"non_scoped":{"SEI":0,"SEIrank":210,"SEIadj":0,"audienceSEI":0,"audienceSEIadj":0,"audienceSEIrank":210,"audienceScore":0,"combinedScore":0,"combinedScoreRank":210,"engagementSEI":0,"engagementSEIadj":0,"engagementSEIrank":165,"engagementScore":0,"voiceSEI":0,"voiceSEIadj":0,"voiceSEIrank":153,"voiceScore":0},"scoped":{"SEI":0,"SEIrank":192,"SEIadj":0,"audienceSEI":0,"audienceSEIadj":0,"audienceSEIrank":192,"audienceScore":0,"combinedScore":0,"combinedScoreRank":192,"engagementSEI":0,"engagementSEIadj":0,"engagementSEIrank":153,"engagementScore":0,"voiceSEI":0,"voiceSEIadj":0,"voiceSEIrank":141,"voiceScore":0}},"twitter":{"entityString":"536575ffb08f37d80186deb0","type":"twitter","profiles":1,"postsMade":1,"repliesMade":0,"repliesRcvd":0,"sharesMade":0,"sharesRcvd":23,"mentionsRcvd":0,"likesRcvd":60,"reachRcvd":0,"audience":3293,"voice":1,"conversation":1,"engagement":83,"group_scoped":{"audienceScore":0.9544014630484621,"voiceScore":0.16835016835016833,"engagementScore":1.3222877170622909,"combinedScore":1.2461965269259931,"combinedScoreRank":104,"SEIrank":127,"engagementSEIrank":98,"voiceSEIrank":178,"audienceSEIrank":149,"engagementSEI":2.8699861687413555,"engagementSEIadj":2.8699861687413555,"voiceSEI":0.3048780487804878,"voiceSEIadj":0.3048780487804878,"audienceSEI":2.588144678309257,"audienceSEIadj":2.588144678309257,"SEI":2.0722695837098852,"SEIadj":2.0722695837098852},"non_scoped":{"SEI":0.5009684805642381,"SEIrank":145,"SEIadj":0,"audienceSEI":0.5816202353680916,"audienceSEIadj":0,"audienceSEIrank":168,"audienceScore":0.09441925705549546,"combinedScore":0.12610404774183911,"combinedScoreRank":99,"engagementSEI":0.6325255296448712,"engagementSEIadj":0,"engagementSEIrank":93,"engagementScore":0.1337803423487315,"voiceSEI":0.21097046413502107,"voiceSEIadj":0,"voiceSEIrank":175,"voiceScore":0.019615535504119264},"scoped":{"SEI":2.7746773981415505,"SEIrank":109,"SEIadj":0,"audienceSEI":2.825445310086831,"audienceSEIadj":0,"audienceSEIrank":152,"audienceScore":0.14956257601893763,"combinedScore":0.226104839535607,"combinedScoreRank":89,"engagementSEI":3.86946386946387,"engagementSEIadj":0,"engagementSEIrank":83,"engagementScore":0.2409568600127736,"voiceSEI":0.5681818181818182,"voiceSEIadj":0,"voiceSEIrank":161,"voiceScore":0.03531073446327684}},"instagram":{"entityString":"536575ffb08f37d80186deb0","type":"instagram","profiles":0,"postsMade":0,"repliesMade":0,"repliesRcvd":0,"sharesMade":0,"sharesRcvd":0,"mentionsRcvd":0,"likesRcvd":0,"reachRcvd":0,"audience":0,"voice":0,"conversation":0,"engagement":0,"group_scoped":{"audienceScore":0,"voiceScore":0,"engagementScore":0,"combinedScore":0,"combinedScoreRank":136,"SEIrank":99,"engagementSEIrank":96,"voiceSEIrank":95,"audienceSEIrank":99,"engagementSEI":0,"engagementSEIadj":0,"voiceSEI":0,"voiceSEIadj":0,"audienceSEI":0,"audienceSEIadj":0,"SEI":0,"SEIadj":0},"non_scoped":{"SEI":0,"SEIrank":99,"SEIadj":0,"audienceSEI":0,"audienceSEIadj":0,"audienceSEIrank":99,"audienceScore":0,"combinedScore":0,"combinedScoreRank":99,"engagementSEI":0,"engagementSEIadj":0,"engagementSEIrank":96,"engagementScore":0,"voiceSEI":0,"voiceSEIadj":0,"voiceSEIrank":95,"voiceScore":0},"scoped":{"SEI":0,"SEIrank":90,"SEIadj":0,"audienceSEI":0,"audienceSEIadj":0,"audienceSEIrank":90,"audienceScore":0,"combinedScore":0,"combinedScoreRank":90,"engagementSEI":0,"engagementSEIadj":0,"engagementSEIrank":87,"engagementScore":0,"voiceSEI":0,"voiceSEIadj":0,"voiceSEIrank":86,"voiceScore":0}}},"month":{"boundaryQuantum":4987194,"combined":{"entityString":"536575ffb08f37d80186deb0","type":"combined","profiles":1,"postsMade":1,"repliesMade":0,"repliesRcvd":0,"sharesMade":0,"sharesRcvd":23,"mentionsRcvd":0,"likesRcvd":60,"reachRcvd":0,"audience":3293,"voice":1,"conversation":1,"engagement":83,"group_scoped":{"audienceScore":0.23199240828973056,"voiceScore":0.025673940949935817,"engagementScore":0.022660754848855495,"combinedScore":0.03327799682595327,"combinedScoreRank":213,"SEIrank":213,"engagementSEIrank":167,"voiceSEIrank":208,"audienceSEIrank":189,"engagementSEI":0.025955587800248297,"engagementSEIadj":0.025955587800248297,"voiceSEI":0.040983606557377046,"voiceSEIadj":0.040983606557377046,"audienceSEI":0.33545219322372305,"audienceSEIadj":0.33545219322372305,"SEI":0.061413653969734396,"SEIadj":0.061413653969734396},"non_scoped":{"SEI":0.022461451190593118,"SEIrank":213,"SEIadj":0,"audienceSEI":0.12937418723701838,"audienceSEIadj":0,"audienceSEIrank":196,"audienceScore":0.02383964008731404,"combinedScore":0.0021812663216158453,"combinedScoreRank":207,"engagementSEI":0.002279042692235878,"engagementSEIadj":0,"engagementSEIrank":185,"engagementScore":0.0009534432511725628,"voiceSEI":0.02718868950516585,"voiceSEIadj":0,"voiceSEIrank":208,"voiceScore":0.002623707823896731},"scoped":{"SEI":0.2412018096748759,"SEIrank":193,"SEIadj":0,"audienceSEI":1.6889951171474293,"audienceSEIadj":0,"audienceSEIrank":179,"audienceScore":0.0684420018984186,"combinedScore":0.012488647819224962,"combinedScoreRank":184,"engagementSEI":0.06852877795850294,"engagementSEIadj":0,"engagementSEIrank":171,"engagementScore":0.009767072961211775,"voiceSEI":0.10395010395010396,"voiceSEIadj":0,"voiceSEIrank":191,"voiceScore":0.00552364118426867}},"facebook":{"entityString":"536575ffb08f37d80186deb0","type":"facebook","profiles":0,"postsMade":0,"repliesMade":0,"repliesRcvd":0,"sharesMade":0,"sharesRcvd":0,"mentionsRcvd":0,"likesRcvd":0,"reachRcvd":0,"audience":0,"voice":0,"conversation":0,"engagement":0,"group_scoped":{"audienceScore":0,"voiceScore":0,"engagementScore":0,"combinedScore":0,"combinedScoreRank":210,"SEIrank":210,"engagementSEIrank":175,"voiceSEIrank":170,"audienceSEIrank":210,"engagementSEI":0,"engagementSEIadj":0,"voiceSEI":0,"voiceSEIadj":0,"audienceSEI":0,"audienceSEIadj":0,"SEI":0,"SEIadj":0},"non_scoped":{"SEI":0,"SEIrank":210,"SEIadj":0,"audienceSEI":0,"audienceSEIadj":0,"audienceSEIrank":210,"audienceScore":0,"combinedScore":0,"combinedScoreRank":210,"engagementSEI":0,"engagementSEIadj":0,"engagementSEIrank":175,"engagementScore":0,"voiceSEI":0,"voiceSEIadj":0,"voiceSEIrank":170,"voiceScore":0},"scoped":{"SEI":0,"SEIrank":192,"SEIadj":0,"audienceSEI":0,"audienceSEIadj":0,"audienceSEIrank":192,"audienceScore":0,"combinedScore":0,"combinedScoreRank":192,"engagementSEI":0,"engagementSEIadj":0,"engagementSEIrank":161,"engagementScore":0,"voiceSEI":0,"voiceSEIadj":0,"voiceSEIrank":157,"voiceScore":0}},"twitter":{"entityString":"536575ffb08f37d80186deb0","type":"twitter","profiles":1,"postsMade":1,"repliesMade":0,"repliesRcvd":0,"sharesMade":0,"sharesRcvd":23,"mentionsRcvd":0,"likesRcvd":60,"reachRcvd":0,"audience":3293,"voice":1,"conversation":1,"engagement":83,"group_scoped":{"audienceScore":0.9544014630484621,"voiceScore":0.037425149700598806,"engagementScore":0.3348124243646632,"combinedScore":0.3509225125656499,"combinedScoreRank":165,"SEIrank":175,"engagementSEIrank":142,"voiceSEIrank":204,"audienceSEIrank":149,"engagementSEI":0.821294280625371,"engagementSEIadj":0.821294280625371,"voiceSEI":0.07194244604316546,"voiceSEIadj":0.07194244604316546,"audienceSEI":2.588144678309257,"audienceSEIadj":2.588144678309257,"SEI":0.7731737700190979,"SEIadj":0.7731737700190979},"non_scoped":{"SEI":0.15195710430612208,"SEIrank":194,"SEIadj":0,"audienceSEI":0.5816202353680916,"audienceSEIadj":0,"audienceSEIrank":168,"audienceScore":0.09441925705549546,"combinedScore":0.032364612028672024,"combinedScoreRank":163,"engagementSEI":0.13245878616683424,"engagementSEIadj":0,"engagementSEIrank":155,"engagementScore":0.030480079615436875,"voiceSEI":0.0477326968973747,"voiceSEIadj":0,"voiceSEIrank":198,"voiceScore":0.0042315504400812455},"scoped":{"SEI":0.7632589091234248,"SEIrank":173,"SEIadj":0,"audienceSEI":2.825445310086831,"audienceSEIadj":0,"audienceSEIrank":152,"audienceScore":0.14956257601893763,"combinedScore":0.06043666982018265,"combinedScoreRank":149,"engagementSEI":0.728197929461309,"engagementSEIadj":0,"engagementSEIrank":142,"engagementScore":0.058419026302638705,"voiceSEI":0.145985401459854,"voiceSEIadj":0,"voiceSEIrank":183,"voiceScore":0.007628346937218705}},"instagram":{"entityString":"536575ffb08f37d80186deb0","type":"instagram","profiles":0,"postsMade":0,"repliesMade":0,"repliesRcvd":0,"sharesMade":0,"sharesRcvd":0,"mentionsRcvd":0,"likesRcvd":0,"reachRcvd":0,"audience":0,"voice":0,"conversation":0,"engagement":0,"group_scoped":{"audienceScore":0,"voiceScore":0,"engagementScore":0,"combinedScore":0,"combinedScoreRank":136,"SEIrank":99,"engagementSEIrank":96,"voiceSEIrank":96,"audienceSEIrank":99,"engagementSEI":0,"engagementSEIadj":0,"voiceSEI":0,"voiceSEIadj":0,"audienceSEI":0,"audienceSEIadj":0,"SEI":0,"SEIadj":0},"non_scoped":{"SEI":0,"SEIrank":99,"SEIadj":0,"audienceSEI":0,"audienceSEIadj":0,"audienceSEIrank":99,"audienceScore":0,"combinedScore":0,"combinedScoreRank":99,"engagementSEI":0,"engagementSEIadj":0,"engagementSEIrank":96,"engagementScore":0,"voiceSEI":0,"voiceSEIadj":0,"voiceSEIrank":96,"voiceScore":0},"scoped":{"SEI":0,"SEIrank":90,"SEIadj":0,"audienceSEI":0,"audienceSEIadj":0,"audienceSEIrank":90,"audienceScore":0,"combinedScore":0,"combinedScoreRank":90,"engagementSEI":0,"engagementSEIadj":0,"engagementSEIrank":87,"engagementScore":0,"voiceSEI":0,"voiceSEIadj":0,"voiceSEIrank":87,"voiceScore":0}}},"quarter":{"boundaryQuantum":4969914,"combined":{"entityString":"536575ffb08f37d80186deb0","type":"combined","profiles":1,"postsMade":3,"repliesMade":0,"repliesRcvd":0,"sharesMade":0,"sharesRcvd":24,"mentionsRcvd":0,"likesRcvd":75,"reachRcvd":0,"audience":3293,"voice":3,"conversation":3,"engagement":99,"group_scoped":{"audienceScore":0.23199240828973056,"voiceScore":0.023856858846918492,"engagementScore":0.00845200286855855,"combinedScore":0.02039926593853515,"combinedScoreRank":218,"SEIrank":215,"engagementSEIrank":193,"voiceSEIrank":213,"audienceSEIrank":189,"engagementSEI":0.010046854877748044,"engagementSEIadj":0.010046854877748044,"voiceSEI":0.03798910978852729,"voiceSEIadj":0.03798910978852729,"audienceSEI":0.33545219322372305,"audienceSEIadj":0.33545219322372305,"SEI":0.05097006518557931,"SEIadj":0.05097006518557931},"non_scoped":{"SEI":0.02186623486988266,"SEIrank":213,"SEIadj":0,"audienceSEI":0.12937418723701838,"audienceSEIadj":0,"audienceSEIrank":196,"audienceScore":0.02383964008731404,"combinedScore":0.0016486340891198172,"combinedScoreRank":213,"engagementSEI":0.0008692163856244253,"engagementSEIadj":0,"engagementSEIrank":199,"engagementScore":0.00035787280405271066,"voiceSEI":0.02802428771602055,"voiceSEIadj":0,"voiceSEIrank":212,"voiceScore":0.002691331222133508},"scoped":{"SEI":0.21759607934983705,"SEIrank":194,"SEIadj":0,"audienceSEI":1.6889951171474293,"audienceSEIadj":0,"audienceSEIrank":179,"audienceScore":0.0684420018984186,"combinedScore":0.006988421917650631,"combinedScoreRank":190,"engagementSEI":0.0258715984727917,"engagementSEIadj":0,"engagementSEIrank":184,"engagementScore":0.0036458314152822938,"voiceSEI":0.11057869517139698,"voiceSEIadj":0,"voiceSEIrank":194,"voiceScore":0.005701470979512714}},"facebook":{"entityString":"536575ffb08f37d80186deb0","type":"facebook","profiles":0,"postsMade":0,"repliesMade":0,"repliesRcvd":0,"sharesMade":0,"sharesRcvd":0,"mentionsRcvd":0,"likesRcvd":0,"reachRcvd":0,"audience":0,"voice":0,"conversation":0,"engagement":0,"group_scoped":{"audienceScore":0,"voiceScore":0,"engagementScore":0,"combinedScore":0,"combinedScoreRank":210,"SEIrank":210,"engagementSEIrank":181,"voiceSEIrank":181,"audienceSEIrank":210,"engagementSEI":0,"engagementSEIadj":0,"voiceSEI":0,"voiceSEIadj":0,"audienceSEI":0,"audienceSEIadj":0,"SEI":0,"SEIadj":0},"non_scoped":{"SEI":0,"SEIrank":210,"SEIadj":0,"audienceSEI":0,"audienceSEIadj":0,"audienceSEIrank":210,"audienceScore":0,"combinedScore":0,"combinedScoreRank":210,"engagementSEI":0,"engagementSEIadj":0,"engagementSEIrank":181,"engagementScore":0,"voiceSEI":0,"voiceSEIadj":0,"voiceSEIrank":181,"voiceScore":0},"scoped":{"SEI":0,"SEIrank":192,"SEIadj":0,"audienceSEI":0,"audienceSEIadj":0,"audienceSEIrank":192,"audienceScore":0,"combinedScore":0,"combinedScoreRank":192,"engagementSEI":0,"engagementSEIadj":0,"engagementSEIrank":166,"engagementScore":0,"voiceSEI":0,"voiceSEIadj":0,"voiceSEIrank":166,"voiceScore":0}},"twitter":{"entityString":"536575ffb08f37d80186deb0","type":"twitter","profiles":1,"postsMade":3,"repliesMade":0,"repliesRcvd":0,"sharesMade":0,"sharesRcvd":24,"mentionsRcvd":0,"likesRcvd":75,"reachRcvd":0,"audience":3293,"voice":3,"conversation":3,"engagement":99,"group_scoped":{"audienceScore":0.9544014630484621,"voiceScore":0.03446295232624928,"engagementScore":0.1308969748254707,"combinedScore":0.1672504981116592,"combinedScoreRank":191,"SEIrank":195,"engagementSEIrank":176,"voiceSEIrank":206,"audienceSEIrank":149,"engagementSEI":0.33529770371875633,"engagementSEIadj":0.33529770371875633,"voiceSEI":0.06435006435006435,"voiceSEIadj":0.06435006435006435,"audienceSEI":2.588144678309257,"audienceSEIadj":2.588144678309257,"SEI":0.47929810936719885,"SEIadj":0.47929810936719885},"non_scoped":{"SEI":0.10531363531868776,"SEIrank":205,"SEIadj":0,"audienceSEI":0.5816202353680916,"audienceSEIadj":0,"audienceSEIrank":168,"audienceScore":0.09441925705549546,"combinedScore":0.016251985093551545,"combinedScoreRank":184,"engagementSEI":0.05356099461143932,"engagementSEIadj":0,"engagementSEIrank":178,"engagementScore":0.01256965684836804,"voiceSEI":0.050050050050050046,"voiceSEIadj":0,"voiceSEIrank":204,"voiceScore":0.004366621544910703},"scoped":{"SEI":0.52591776528582,"SEIrank":184,"SEIadj":0,"audienceSEI":2.825445310086831,"audienceSEIadj":0,"audienceSEIrank":152,"audienceScore":0.14956257601893763,"combinedScore":0.03034473584274819,"combinedScoreRank":171,"engagementSEI":0.32617290458618875,"engagementSEIadj":0,"engagementSEIrank":165,"engagementScore":0.024963500336629023,"voiceSEI":0.15889830508474578,"voiceSEIadj":0,"voiceSEIrank":188,"voiceScore":0.007989134776703682}},"instagram":{"entityString":"536575ffb08f37d80186deb0","type":"instagram","profiles":0,"postsMade":0,"repliesMade":0,"repliesRcvd":0,"sharesMade":0,"sharesRcvd":0,"mentionsRcvd":0,"likesRcvd":0,"reachRcvd":0,"audience":0,"voice":0,"conversation":0,"engagement":0,"group_scoped":{"audienceScore":0,"voiceScore":0,"engagementScore":0,"combinedScore":0,"combinedScoreRank":136,"SEIrank":99,"engagementSEIrank":97,"voiceSEIrank":97,"audienceSEIrank":99,"engagementSEI":0,"engagementSEIadj":0,"voiceSEI":0,"voiceSEIadj":0,"audienceSEI":0,"audienceSEIadj":0,"SEI":0,"SEIadj":0},"non_scoped":{"SEI":0,"SEIrank":99,"SEIadj":0,"audienceSEI":0,"audienceSEIadj":0,"audienceSEIrank":99,"audienceScore":0,"combinedScore":0,"combinedScoreRank":99,"engagementSEI":0,"engagementSEIadj":0,"engagementSEIrank":97,"engagementScore":0,"voiceSEI":0,"voiceSEIadj":0,"voiceSEIrank":97,"voiceScore":0},"scoped":{"SEI":0,"SEIrank":90,"SEIadj":0,"audienceSEI":0,"audienceSEIadj":0,"audienceSEIrank":90,"audienceScore":0,"combinedScore":0,"combinedScoreRank":90,"engagementSEI":0,"engagementSEIadj":0,"engagementSEIrank":88,"engagementScore":0,"voiceSEI":0,"voiceSEIadj":0,"voiceSEIrank":88,"voiceScore":0}}},"blended":{"combined":{"non_scoped":{"SEI":0.03149249622564115,"SEIadj":20.025193996980512,"SEIrank":213,"audienceSEI":0.12937418723701838,"audienceSEIadj":40.07762451234221,"audienceSEIrank":196,"engagementSEI":0.00391583367171886,"engagementSEIadj":40.00234950020303,"engagementSEIrank":171,"voiceSEI":0.05401859099636,"voiceSEIadj":20.043214872797087,"voiceSEIrank":209},"scoped":{"SEI":0.22384075831580003,"SEIadj":20.17907260665264,"SEIrank":191,"compCharisma":0,"compInfluence":0,"compEva":0.22384075831580003,"audienceSEI":1.6889951171474293,"audienceSEIadj":41.013397070288455,"audienceSEIrank":179,"engagementSEI":0.1084365547692431,"engagementSEIadj":40.065061932861546,"engagementSEIrank":164,"voiceSEI":0.20188622999044115,"voiceSEIadj":20.161508983992352,"voiceSEIrank":192}},"facebook":{"non_scoped":{"SEI":0,"SEIadj":0,"SEIrank":210,"audienceSEI":0,"audienceSEIadj":0,"audienceSEIrank":210,"engagementSEI":0,"engagementSEIadj":0,"engagementSEIrank":181,"voiceSEI":0,"voiceSEIadj":0,"voiceSEIrank":181},"scoped":{"SEI":0,"SEIadj":0,"SEIrank":192,"audienceSEI":0,"audienceSEIadj":0,"audienceSEIrank":192,"engagementSEI":0,"engagementSEIadj":0,"engagementSEIrank":166,"voiceSEI":0,"voiceSEIadj":0,"voiceSEIrank":166}},"twitter":{"non_scoped":{"SEI":0.22864902865137407,"SEIadj":40.137189417190825,"SEIrank":187,"audienceSEI":0.5816202353680917,"audienceSEIadj":40.348972141220855,"audienceSEIrank":168,"engagementSEI":0.23640697412420614,"engagementSEIadj":50.118203487062104,"engagementSEIrank":132,"voiceSEI":0.09547606880013755,"voiceSEIadj":40.05728564128008,"voiceSEIrank":199},"scoped":{"SEI":1.2239781650043229,"SEIadj":40.734386899002594,"SEIrank":162,"audienceSEI":2.825445310086831,"audienceSEIadj":41.6952671860521,"audienceSEIrank":152,"engagementSEI":1.4331553025514516,"engagementSEIadj":50.71657765127573,"engagementSEIrank":120,"voiceSEI":0.27180150821589644,"voiceSEIadj":40.16308090492954,"voiceSEIrank":183}},"instagram":{"non_scoped":{"SEI":0,"SEIadj":0,"SEIrank":99,"audienceSEI":0,"audienceSEIadj":0,"audienceSEIrank":99,"engagementSEI":0,"engagementSEIadj":0,"engagementSEIrank":97,"voiceSEI":0,"voiceSEIadj":0,"voiceSEIrank":97},"scoped":{"SEI":0,"SEIadj":0,"SEIrank":90,"audienceSEI":0,"audienceSEIadj":0,"audienceSEIrank":90,"engagementSEI":0,"engagementSEIadj":0,"engagementSEIrank":88,"voiceSEI":0,"voiceSEIadj":0,"voiceSEIrank":88}},"influence":{"facebook":{"scope":"individual","ratio":0,"calculated":false},"instagram":{"scope":"individual","ratio":0,"calculated":false},"combined":{"ratio":0.13,"bottom":true,"scope":"individual","calculated":true},"twitter":{"ratio":0.18,"bottom":false,"scope":"individual","calculated":true}},"charisma":{"facebook":{"scope":"individual","ratio":0,"calculated":false},"instagram":{"scope":"individual","ratio":0,"calculated":false},"combined":{"ratio":0.14,"bottom":true,"scope":"individual","calculated":true},"twitter":{"ratio":0.31,"bottom":false,"scope":"individual","calculated":true}}},"scope":"individual"}}