{"scoreEntityString":"591d1494ab33fb0001804f89.asset.536575feb08f37d80186a0c6","timeQuantum":4995834,"scoreEntityType":"asset","scoreProfileID":"591d1494ab33fb0001804f89","data":{"scoreEntityString":"591d1494ab33fb0001804f89.asset.536575feb08f37d80186a0c6","scoreProfileID":"591d1494ab33fb0001804f89","scoreEntityType":"asset","entityID":"asset.536575feb08f37d80186a0c6","object_version":"1.2","score_engine_version":"3.0.20","timestamp":4995834,"start_quantum":4969914,"end_quantum":4995833,"schedule_options":{"interval":15,"offset":"1"},"_15min":{"boundaryQuantum":4995831,"combined":{"entityString":"536575feb08f37d80186a0c6","type":"combined","profiles":2,"postsMade":0,"repliesMade":0,"repliesRcvd":0,"sharesMade":0,"sharesRcvd":0,"mentionsRcvd":0,"likesRcvd":0,"reachRcvd":0,"audience":24847,"voice":0,"conversation":0,"engagement":0,"group_scoped":{"audienceScore":0.6224886065820397,"voiceScore":0,"engagementScore":0,"combinedScore":0.6224886065820397,"engagementSEI":0,"engagementSEIadj":0,"voiceSEI":0,"voiceSEIadj":0,"audienceSEI":0.9761799059453979,"audienceSEIadj":0.9761799059453979,"SEI":0.0976179905945398,"SEIadj":0.0976179905945398,"combinedScoreRank":112,"SEIrank":118,"engagementSEIrank":30,"voiceSEIrank":22,"audienceSEIrank":117},"non_scoped":{"SEI":0.0976179905945398,"SEIrank":68,"SEIadj":0,"audienceSEI":0.9761799059453979,"audienceSEIadj":0,"audienceSEIrank":67,"audienceScore":0.17987960438794168,"combinedScore":0.008993980219397084,"combinedScoreRank":68,"engagementSEI":0,"engagementSEIadj":0,"engagementSEIrank":30,"engagementScore":0,"voiceSEI":0,"voiceSEIadj":0,"voiceSEIrank":22,"voiceScore":0},"scoped":{"SEI":1.2744142628533914,"SEIrank":57,"SEIadj":0,"audienceSEI":12.744142628533913,"audienceSEIadj":0,"audienceSEIrank":56,"audienceScore":0.5164222353993341,"combinedScore":0.025821111769966706,"combinedScoreRank":57,"engagementSEI":0,"engagementSEIadj":0,"engagementSEIrank":24,"engagementScore":0,"voiceSEI":0,"voiceSEIadj":0,"voiceSEIrank":20,"voiceScore":0}},"facebook":{"entityString":"536575feb08f37d80186a0c6","type":"facebook","profiles":1,"postsMade":0,"repliesMade":0,"repliesRcvd":0,"sharesMade":0,"sharesRcvd":0,"mentionsRcvd":0,"likesRcvd":0,"reachRcvd":0,"audience":12942,"voice":0,"conversation":0,"engagement":0,"group_scoped":{"audienceScore":0.4950205340576193,"voiceScore":0,"engagementScore":0,"combinedScore":0.4950205340576193,"engagementSEI":0,"engagementSEIadj":0,"voiceSEI":0,"voiceSEIadj":0,"audienceSEI":0.6969541777669355,"audienceSEIadj":0.6969541777669355,"SEI":0.06969541777669355,"SEIadj":0.06969541777669355,"combinedScoreRank":91,"SEIrank":94,"engagementSEIrank":28,"voiceSEIrank":21,"audienceSEIrank":93},"non_scoped":{"SEI":0.06969541777669355,"SEIrank":69,"SEIadj":0,"audienceSEI":0.6969541777669355,"audienceSEIadj":0,"audienceSEIrank":68,"audienceScore":0.13292395521380915,"combinedScore":0.006646197760690458,"combinedScoreRank":69,"engagementSEI":0,"engagementSEIadj":0,"engagementSEIrank":28,"engagementScore":0,"voiceSEI":0,"voiceSEIadj":0,"voiceSEIrank":21,"voiceScore":0},"scoped":{"SEI":0.8883733062423635,"SEIrank":58,"SEIadj":0,"audienceSEI":8.883733062423635,"audienceSEIadj":0,"audienceSEIrank":57,"audienceScore":0.544887542739064,"combinedScore":0.027244377136953202,"combinedScoreRank":58,"engagementSEI":0,"engagementSEIadj":0,"engagementSEIrank":22,"engagementScore":0,"voiceSEI":0,"voiceSEIadj":0,"voiceSEIrank":20,"voiceScore":0}},"twitter":{"entityString":"536575feb08f37d80186a0c6","type":"twitter","profiles":1,"postsMade":0,"repliesMade":0,"repliesRcvd":0,"sharesMade":0,"sharesRcvd":0,"mentionsRcvd":0,"likesRcvd":0,"reachRcvd":0,"audience":11905,"voice":0,"conversation":0,"engagement":0,"group_scoped":{"audienceScore":0.9486766339470845,"voiceScore":0,"engagementScore":0,"combinedScore":0.9486766339470845,"engagementSEI":0,"engagementSEIadj":0,"voiceSEI":0,"voiceSEIadj":0,"audienceSEI":2.102699332540884,"audienceSEIadj":2.102699332540884,"SEI":0.2102699332540884,"SEIadj":0.2102699332540884,"combinedScoreRank":146,"SEIrank":164,"engagementSEIrank":22,"voiceSEIrank":21,"audienceSEIrank":164},"non_scoped":{"SEI":0.2102699332540884,"SEIrank":60,"SEIadj":0,"audienceSEI":2.102699332540884,"audienceSEIadj":0,"audienceSEIrank":59,"audienceScore":0.3413486957927949,"combinedScore":0.017067434789639745,"combinedScoreRank":60,"engagementSEI":0,"engagementSEIadj":0,"engagementSEIrank":22,"engagementScore":0,"voiceSEI":0,"voiceSEIadj":0,"voiceSEIrank":21,"voiceScore":0},"scoped":{"SEI":1.0214675498507053,"SEIrank":50,"SEIadj":0,"audienceSEI":10.214675498507052,"audienceSEIadj":0,"audienceSEIrank":49,"audienceScore":0.5407052740678567,"combinedScore":0.07724361058112239,"combinedScoreRank":50,"engagementSEI":0,"engagementSEIadj":0,"engagementSEIrank":20,"engagementScore":0,"voiceSEI":0,"voiceSEIadj":0,"voiceSEIrank":19,"voiceScore":0}},"instagram":{"entityString":"536575feb08f37d80186a0c6","type":"instagram","profiles":0,"postsMade":0,"repliesMade":0,"repliesRcvd":0,"sharesMade":0,"sharesRcvd":0,"mentionsRcvd":0,"likesRcvd":0,"reachRcvd":0,"audience":0,"voice":0,"conversation":0,"engagement":0,"group_scoped":{"audienceScore":0,"voiceScore":0,"engagementScore":0,"combinedScore":0,"engagementSEI":0,"engagementSEIadj":0,"voiceSEI":0,"voiceSEIadj":0,"audienceSEI":0,"audienceSEIadj":0,"SEI":0,"SEIadj":0,"combinedScoreRank":83,"SEIrank":46,"engagementSEIrank":23,"voiceSEIrank":20,"audienceSEIrank":46},"non_scoped":{"SEI":0,"SEIrank":46,"SEIadj":0,"audienceSEI":0,"audienceSEIadj":0,"audienceSEIrank":46,"audienceScore":0,"combinedScore":0,"combinedScoreRank":46,"engagementSEI":0,"engagementSEIadj":0,"engagementSEIrank":23,"engagementScore":0,"voiceSEI":0,"voiceSEIadj":0,"voiceSEIrank":20,"voiceScore":0},"scoped":{"SEI":0,"SEIrank":41,"SEIadj":0,"audienceSEI":0,"audienceSEIadj":0,"audienceSEIrank":41,"audienceScore":0,"combinedScore":0,"combinedScoreRank":41,"engagementSEI":0,"engagementSEIadj":0,"engagementSEIrank":20,"engagementScore":0,"voiceSEI":0,"voiceSEIadj":0,"voiceSEIrank":19,"voiceScore":0}}},"hour":{"boundaryQuantum":4995822,"combined":{"entityString":"536575feb08f37d80186a0c6","type":"combined","profiles":2,"postsMade":0,"repliesMade":0,"repliesRcvd":0,"sharesMade":0,"sharesRcvd":0,"mentionsRcvd":0,"likesRcvd":2,"reachRcvd":0,"audience":24847,"voice":0,"conversation":0,"engagement":2,"group_scoped":{"audienceScore":0.6224886065820397,"voiceScore":0,"engagementScore":0.07639419404125286,"combinedScore":0.15440768154707957,"combinedScoreRank":197,"SEIrank":108,"engagementSEIrank":58,"voiceSEIrank":38,"audienceSEIrank":117,"engagementSEI":0.08136696501220504,"engagementSEIadj":0.08136696501220504,"voiceSEI":0,"voiceSEIadj":0,"audienceSEI":0.9761799059453979,"audienceSEIadj":0.9761799059453979,"SEI":0.14643816960186282,"SEIadj":0.14643816960186282},"non_scoped":{"SEI":0.1376046617041699,"SEIrank":73,"SEIadj":0,"audienceSEI":0.9761799059453979,"audienceSEIadj":0,"audienceSEIrank":67,"audienceScore":0.17987960438794168,"combinedScore":0.029548964803158648,"combinedScoreRank":65,"engagementSEI":0.06664445184938354,"engagementSEIadj":0,"engagementSEIrank":50,"engagementScore":0.022838871759735067,"voiceSEI":0,"voiceSEIadj":0,"voiceSEIrank":38,"voiceScore":0},"scoped":{"SEI":2.242156198337262,"SEIrank":60,"SEIadj":0,"audienceSEI":12.744142628533913,"audienceSEIadj":0,"audienceSEIrank":56,"audienceScore":0.5164222353993341,"combinedScore":0.380151820431384,"combinedScoreRank":48,"engagementSEI":1.6129032258064515,"engagementSEIadj":0,"engagementSEIrank":41,"engagementScore":0.39370078740157477,"voiceSEI":0,"voiceSEIadj":0,"voiceSEIrank":31,"voiceScore":0}},"facebook":{"entityString":"536575feb08f37d80186a0c6","type":"facebook","profiles":1,"postsMade":0,"repliesMade":0,"repliesRcvd":0,"sharesMade":0,"sharesRcvd":0,"mentionsRcvd":0,"likesRcvd":0,"reachRcvd":0,"audience":12942,"voice":0,"conversation":0,"engagement":0,"group_scoped":{"audienceScore":0.4950205340576193,"voiceScore":0,"engagementScore":0,"combinedScore":0.4950205340576193,"combinedScoreRank":89,"SEIrank":102,"engagementSEIrank":58,"voiceSEIrank":32,"audienceSEIrank":93,"engagementSEI":0,"engagementSEIadj":0,"voiceSEI":0,"voiceSEIadj":0,"audienceSEI":0.6969541777669355,"audienceSEIadj":0.6969541777669355,"SEI":0.06969541777669355,"SEIadj":0.06969541777669355},"non_scoped":{"SEI":0.06969541777669355,"SEIrank":83,"SEIadj":0,"audienceSEI":0.6969541777669355,"audienceSEIadj":0,"audienceSEIrank":68,"audienceScore":0.13292395521380915,"combinedScore":0.006646197760690458,"combinedScoreRank":83,"engagementSEI":0,"engagementSEIadj":0,"engagementSEIrank":58,"engagementScore":0,"voiceSEI":0,"voiceSEIadj":0,"voiceSEIrank":32,"voiceScore":0},"scoped":{"SEI":0.8883733062423635,"SEIrank":72,"SEIadj":0,"audienceSEI":8.883733062423635,"audienceSEIadj":0,"audienceSEIrank":57,"audienceScore":0.544887542739064,"combinedScore":0.027244377136953202,"combinedScoreRank":72,"engagementSEI":0,"engagementSEIadj":0,"engagementSEIrank":49,"engagementScore":0,"voiceSEI":0,"voiceSEIadj":0,"voiceSEIrank":25,"voiceScore":0}},"twitter":{"entityString":"536575feb08f37d80186a0c6","type":"twitter","profiles":1,"postsMade":0,"repliesMade":0,"repliesRcvd":0,"sharesMade":0,"sharesRcvd":0,"mentionsRcvd":0,"likesRcvd":2,"reachRcvd":0,"audience":11905,"voice":0,"conversation":0,"engagement":2,"group_scoped":{"audienceScore":0.9486766339470845,"voiceScore":0,"engagementScore":1.257861635220126,"combinedScore":1.213692349323977,"combinedScoreRank":125,"SEIrank":59,"engagementSEIrank":31,"voiceSEIrank":35,"audienceSEIrank":164,"engagementSEI":1.8691588785046727,"engagementSEIadj":1.8691588785046727,"voiceSEI":0,"voiceSEIadj":0,"audienceSEI":2.102699332540884,"audienceSEIadj":2.102699332540884,"SEI":1.3317652603568921,"SEIadj":1.3317652603568921},"non_scoped":{"SEI":1.3317652603568921,"SEIrank":35,"SEIadj":0,"audienceSEI":2.102699332540884,"audienceSEIadj":0,"audienceSEIrank":59,"audienceScore":0.3413486957927949,"combinedScore":0.6314019057794009,"combinedScoreRank":24,"engagementSEI":1.8691588785046727,"engagementSEIadj":0,"engagementSEIrank":19,"engagementScore":0.6825938566552902,"voiceSEI":0,"voiceSEIadj":0,"voiceSEIrank":35,"voiceScore":0},"scoped":{"SEI":8.521467549850705,"SEIrank":25,"SEIadj":0,"audienceSEI":10.214675498507052,"audienceSEIadj":0,"audienceSEIrank":49,"audienceScore":0.5407052740678567,"combinedScore":1.6486568853250145,"combinedScoreRank":18,"engagementSEI":12.5,"engagementSEIadj":0,"engagementSEIrank":14,"engagementScore":1.8018018018018018,"voiceSEI":0,"voiceSEIadj":0,"voiceSEIrank":28,"voiceScore":0}},"instagram":{"entityString":"536575feb08f37d80186a0c6","type":"instagram","profiles":0,"postsMade":0,"repliesMade":0,"repliesRcvd":0,"sharesMade":0,"sharesRcvd":0,"mentionsRcvd":0,"likesRcvd":0,"reachRcvd":0,"audience":0,"voice":0,"conversation":0,"engagement":0,"group_scoped":{"audienceScore":0,"voiceScore":0,"engagementScore":0,"combinedScore":0,"combinedScoreRank":83,"SEIrank":46,"engagementSEIrank":28,"voiceSEIrank":22,"audienceSEIrank":46,"engagementSEI":0,"engagementSEIadj":0,"voiceSEI":0,"voiceSEIadj":0,"audienceSEI":0,"audienceSEIadj":0,"SEI":0,"SEIadj":0},"non_scoped":{"SEI":0,"SEIrank":46,"SEIadj":0,"audienceSEI":0,"audienceSEIadj":0,"audienceSEIrank":46,"audienceScore":0,"combinedScore":0,"combinedScoreRank":46,"engagementSEI":0,"engagementSEIadj":0,"engagementSEIrank":28,"engagementScore":0,"voiceSEI":0,"voiceSEIadj":0,"voiceSEIrank":22,"voiceScore":0},"scoped":{"SEI":0,"SEIrank":41,"SEIadj":0,"audienceSEI":0,"audienceSEIadj":0,"audienceSEIrank":41,"audienceScore":0,"combinedScore":0,"combinedScoreRank":41,"engagementSEI":0,"engagementSEIadj":0,"engagementSEIrank":23,"engagementScore":0,"voiceSEI":0,"voiceSEIadj":0,"voiceSEIrank":19,"voiceScore":0}}},"today":{"boundaryQuantum":4995546,"combined":{"entityString":"536575feb08f37d80186a0c6","type":"combined","profiles":2,"postsMade":3,"repliesMade":0,"repliesRcvd":4,"sharesMade":0,"sharesRcvd":4,"mentionsRcvd":0,"likesRcvd":56,"reachRcvd":0,"audience":24847,"voice":3,"conversation":7,"engagement":64,"group_scoped":{"audienceScore":0.6224886065820397,"voiceScore":0.949367088607595,"engagementScore":0.0665211516474379,"combinedScore":0.13846182124217585,"combinedScoreRank":159,"SEIrank":106,"engagementSEIrank":99,"voiceSEIrank":91,"audienceSEIrank":117,"engagementSEI":0.07325671901469713,"engagementSEIadj":0.07325671901469713,"voiceSEI":2.054794520547945,"voiceSEIadj":2.054794520547945,"audienceSEI":0.9761799059453979,"audienceSEIadj":0.9761799059453979,"SEI":0.7580103781677415,"SEIadj":0.7580103781677415},"non_scoped":{"SEI":0.7530799438402834,"SEIrank":79,"SEIadj":0,"audienceSEI":0.9761799059453979,"audienceSEIadj":0,"audienceSEIrank":67,"audienceScore":0.17987960438794168,"combinedScore":0.040893530723258284,"combinedScoreRank":74,"engagementSEI":0.06503932846893355,"engagementSEIadj":0,"engagementSEIrank":66,"engagementScore":0.02381333323411111,"voiceSEI":2.054794520547945,"voiceSEIadj":0,"voiceSEIrank":71,"voiceScore":0.20935101186322402},"scoped":{"SEI":6.634132820461131,"SEIrank":67,"SEIadj":0,"audienceSEI":12.744142628533913,"audienceSEIadj":0,"audienceSEIrank":56,"audienceScore":0.5164222353993341,"combinedScore":0.28862384264372287,"combinedScoreRank":58,"engagementSEI":3.37730870712401,"engagementSEIadj":0,"engagementSEIrank":57,"engagementScore":0.26472534745201853,"voiceSEI":11.11111111111111,"voiceSEIadj":0,"voiceSEIrank":60,"voiceScore":0.4909983633387889}},"facebook":{"entityString":"536575feb08f37d80186a0c6","type":"facebook","profiles":1,"postsMade":1,"repliesMade":0,"repliesRcvd":4,"sharesMade":0,"sharesRcvd":0,"mentionsRcvd":0,"likesRcvd":46,"reachRcvd":0,"audience":12942,"voice":1,"conversation":5,"engagement":50,"group_scoped":{"audienceScore":0.4950205340576193,"voiceScore":0.8064516129032258,"engagementScore":0.05991324562034174,"combinedScore":0.11899552840634982,"combinedScoreRank":132,"SEIrank":69,"engagementSEIrank":62,"voiceSEIrank":61,"audienceSEIrank":93,"engagementSEI":0.06579813133307014,"engagementSEIadj":0.06579813133307014,"voiceSEI":1.9607843137254901,"voiceSEIadj":1.9607843137254901,"audienceSEI":0.6969541777669355,"audienceSEIadj":0.6969541777669355,"SEI":0.6974095906941826,"SEIadj":0.6974095906941826},"non_scoped":{"SEI":0.5595076063874621,"SEIrank":62,"SEIadj":0,"audienceSEI":0.6969541777669355,"audienceSEIadj":0,"audienceSEIrank":68,"audienceScore":0.13292395521380915,"combinedScore":0.036043708447269854,"combinedScoreRank":59,"engagementSEI":0.05877789010885666,"engagementSEIadj":0,"engagementSEIrank":52,"engagementScore":0.02168454195742023,"voiceSEI":1.5151515151515151,"voiceSEIadj":0,"voiceSEIrank":46,"voiceScore":0.1976284584980237},"scoped":{"SEI":5.122477352485138,"SEIrank":55,"SEIadj":0,"audienceSEI":8.883733062423635,"audienceSEIadj":0,"audienceSEIrank":57,"audienceScore":0.544887542739064,"combinedScore":0.30807630177246315,"combinedScoreRank":45,"engagementSEI":2.8901734104046244,"engagementSEIadj":0,"engagementSEIrank":43,"engagementScore":0.2783654381471996,"voiceSEI":8.333333333333332,"voiceSEIadj":0,"voiceSEIrank":37,"voiceScore":0.6060606060606061}},"twitter":{"entityString":"536575feb08f37d80186a0c6","type":"twitter","profiles":1,"postsMade":2,"repliesMade":0,"repliesRcvd":0,"sharesMade":0,"sharesRcvd":4,"mentionsRcvd":0,"likesRcvd":10,"reachRcvd":0,"audience":11905,"voice":2,"conversation":2,"engagement":14,"group_scoped":{"audienceScore":0.9486766339470845,"voiceScore":1.0752688172043012,"engagementScore":0.4068584713746004,"combinedScore":0.46736989679470964,"combinedScoreRank":174,"SEIrank":126,"engagementSEIrank":118,"voiceSEIrank":97,"audienceSEIrank":164,"engagementSEI":0.6799417192812044,"engagementSEIadj":0.6799417192812044,"voiceSEI":2.247191011235955,"voiceSEIadj":2.247191011235955,"audienceSEI":2.102699332540884,"audienceSEIadj":2.102699332540884,"SEI":1.2923922681935975,"SEIadj":1.2923922681935975},"non_scoped":{"SEI":1.2923922681935975,"SEIrank":79,"SEIadj":0,"audienceSEI":2.102699332540884,"audienceSEIadj":0,"audienceSEIrank":59,"audienceScore":0.3413486957927949,"combinedScore":0.17478076795438025,"combinedScoreRank":70,"engagementSEI":0.6799417192812044,"engagementSEIadj":0,"engagementSEIrank":67,"engagementScore":0.16263940520446096,"voiceSEI":2.247191011235955,"voiceSEIadj":0,"voiceSEIrank":69,"voiceScore":0.22675736961451248},"scoped":{"SEI":6.608886606279937,"SEIrank":68,"SEIadj":0,"audienceSEI":10.214675498507052,"audienceSEIadj":0,"audienceSEIrank":49,"audienceScore":0.5407052740678567,"combinedScore":0.36149125919463676,"combinedScoreRank":57,"engagementSEI":4.964539007092199,"engagementSEIadj":0,"engagementSEIrank":57,"engagementScore":0.34619188921859545,"voiceSEI":8.695652173913043,"voiceSEIadj":0,"voiceSEIrank":58,"voiceScore":0.4576659038901602}},"instagram":{"entityString":"536575feb08f37d80186a0c6","type":"instagram","profiles":0,"postsMade":0,"repliesMade":0,"repliesRcvd":0,"sharesMade":0,"sharesRcvd":0,"mentionsRcvd":0,"likesRcvd":0,"reachRcvd":0,"audience":0,"voice":0,"conversation":0,"engagement":0,"group_scoped":{"audienceScore":0,"voiceScore":0,"engagementScore":0,"combinedScore":0,"combinedScoreRank":83,"SEIrank":46,"engagementSEIrank":41,"voiceSEIrank":31,"audienceSEIrank":46,"engagementSEI":0,"engagementSEIadj":0,"voiceSEI":0,"voiceSEIadj":0,"audienceSEI":0,"audienceSEIadj":0,"SEI":0,"SEIadj":0},"non_scoped":{"SEI":0,"SEIrank":46,"SEIadj":0,"audienceSEI":0,"audienceSEIadj":0,"audienceSEIrank":46,"audienceScore":0,"combinedScore":0,"combinedScoreRank":46,"engagementSEI":0,"engagementSEIadj":0,"engagementSEIrank":41,"engagementScore":0,"voiceSEI":0,"voiceSEIadj":0,"voiceSEIrank":31,"voiceScore":0},"scoped":{"SEI":0,"SEIrank":41,"SEIadj":0,"audienceSEI":0,"audienceSEIadj":0,"audienceSEIrank":41,"audienceScore":0,"combinedScore":0,"combinedScoreRank":41,"engagementSEI":0,"engagementSEIadj":0,"engagementSEIrank":36,"engagementScore":0,"voiceSEI":0,"voiceSEIadj":0,"voiceSEIrank":26,"voiceScore":0}}},"week":{"boundaryQuantum":4993818,"combined":{"entityString":"536575feb08f37d80186a0c6","type":"combined","profiles":2,"postsMade":29,"repliesMade":0,"repliesRcvd":32,"sharesMade":0,"sharesRcvd":78,"mentionsRcvd":0,"likesRcvd":627,"reachRcvd":0,"audience":24847,"voice":29,"conversation":61,"engagement":737,"group_scoped":{"audienceScore":0.6224886065820397,"voiceScore":1.4306857424765662,"engagementScore":0.12861882232627297,"combinedScore":0.218415657546576,"combinedScoreRank":119,"SEIrank":83,"engagementSEIrank":106,"voiceSEIrank":67,"audienceSEIrank":117,"engagementSEI":0.14457216838636275,"engagementSEIadj":0.14457216838636275,"voiceSEI":3.473053892215569,"voiceSEIadj":3.473053892215569,"audienceSEI":0.9761799059453979,"audienceSEIadj":0.9761799059453979,"SEI":1.2262774592910282,"SEIadj":1.2262774592910282},"non_scoped":{"SEI":1.1952863271345724,"SEIrank":52,"SEIadj":0,"audienceSEI":0.9761799059453979,"audienceSEIadj":0,"audienceSEIrank":67,"audienceScore":0.17987960438794168,"combinedScore":0.06146493560240907,"combinedScoreRank":64,"engagementSEI":0.09292028145893667,"engagementSEIadj":0,"engagementSEIrank":62,"engagementScore":0.03897159409683463,"voiceSEI":3.473053892215569,"voiceSEIadj":0,"voiceSEIrank":46,"voiceScore":0.3479304139172165},"scoped":{"SEI":6.586991513044023,"SEIrank":53,"SEIadj":0,"audienceSEI":12.744142628533913,"audienceSEIadj":0,"audienceSEIrank":56,"audienceScore":0.5164222353993341,"combinedScore":0.39489986514715386,"combinedScoreRank":51,"engagementSEI":2.5224176877267435,"engagementSEIadj":0,"engagementSEIrank":53,"engagementScore":0.36917559133213784,"voiceSEI":12.663755458515283,"voiceSEIadj":0,"voiceSEIrank":37,"voiceScore":0.7364144235652615}},"facebook":{"entityString":"536575feb08f37d80186a0c6","type":"facebook","profiles":1,"postsMade":12,"repliesMade":0,"repliesRcvd":32,"sharesMade":0,"sharesRcvd":22,"mentionsRcvd":0,"likesRcvd":482,"reachRcvd":0,"audience":12942,"voice":12,"conversation":44,"engagement":536,"group_scoped":{"audienceScore":0.4950205340576193,"voiceScore":1.6348773841961852,"engagementScore":0.11124186180689159,"combinedScore":0.20661257153889268,"combinedScoreRank":92,"SEIrank":51,"engagementSEIrank":75,"voiceSEIrank":35,"audienceSEIrank":93,"engagementSEI":0.12414735549919513,"engagementSEIadj":0.12414735549919513,"voiceSEI":3.79746835443038,"voiceSEIadj":3.79746835443038,"audienceSEI":0.6969541777669355,"audienceSEIadj":0.6969541777669355,"SEI":1.2834243374053247,"SEIadj":1.2834243374053247},"non_scoped":{"SEI":1.1762928632910838,"SEIrank":35,"SEIadj":0,"audienceSEI":0.6969541777669355,"audienceSEIadj":0,"audienceSEIrank":68,"audienceScore":0.13292395521380915,"combinedScore":0.057241099513297894,"combinedScoreRank":57,"engagementSEI":0.07441757143253826,"engagementSEIadj":0,"engagementSEIrank":57,"engagementScore":0.033408939758570545,"voiceSEI":3.5398230088495577,"voiceSEIadj":0,"voiceSEIrank":30,"voiceScore":0.4105371193978789},"scoped":{"SEI":8.695314180278354,"SEIrank":43,"SEIadj":0,"audienceSEI":8.883733062423635,"audienceSEIadj":0,"audienceSEIrank":57,"audienceScore":0.544887542739064,"combinedScore":0.5147764487263867,"combinedScoreRank":46,"engagementSEI":5.5115681233933165,"engagementSEIadj":0,"engagementSEIrank":48,"engagementScore":0.4763428246418542,"voiceSEI":15,"voiceSEIadj":0,"voiceSEIrank":22,"voiceScore":1.1764705882352942}},"twitter":{"entityString":"536575feb08f37d80186a0c6","type":"twitter","profiles":1,"postsMade":17,"repliesMade":0,"repliesRcvd":0,"sharesMade":0,"sharesRcvd":56,"mentionsRcvd":0,"likesRcvd":145,"reachRcvd":0,"audience":11905,"voice":17,"conversation":17,"engagement":201,"group_scoped":{"audienceScore":0.9486766339470845,"voiceScore":1.3621794871794872,"engagementScore":0.7652769845802398,"combinedScore":0.8042920921785445,"combinedScoreRank":129,"SEIrank":120,"engagementSEIrank":119,"voiceSEIrank":92,"audienceSEIrank":164,"engagementSEI":1.5317786922725194,"engagementSEIadj":1.5317786922725194,"voiceSEI":3.5864978902953584,"voiceSEIadj":3.5864978902953584,"audienceSEI":2.102699332540884,"audienceSEIadj":2.102699332540884,"SEI":2.2052865157062076,"SEIadj":2.2052865157062076},"non_scoped":{"SEI":2.2052865157062076,"SEIrank":59,"SEIadj":0,"audienceSEI":2.102699332540884,"audienceSEIadj":0,"audienceSEIrank":59,"audienceScore":0.3413486957927949,"combinedScore":0.3253173138342319,"combinedScoreRank":63,"engagementSEI":1.5317786922725194,"engagementSEIadj":0,"engagementSEIrank":58,"engagementScore":0.32397408207343414,"voiceSEI":3.5864978902953584,"voiceSEIadj":0,"voiceSEIrank":58,"voiceScore":0.3334641035700274},"scoped":{"SEI":9.5415724449556,"SEIrank":55,"SEIadj":0,"audienceSEI":10.214675498507052,"audienceSEIadj":0,"audienceSEIrank":49,"audienceScore":0.5407052740678567,"combinedScore":0.5822192190370667,"combinedScoreRank":53,"engagementSEI":9.37062937062937,"engagementSEIadj":0,"engagementSEIrank":48,"engagementScore":0.583522034488765,"voiceSEI":9.659090909090908,"voiceSEIadj":0,"voiceSEIrank":48,"voiceScore":0.6002824858757062}},"instagram":{"entityString":"536575feb08f37d80186a0c6","type":"instagram","profiles":0,"postsMade":0,"repliesMade":0,"repliesRcvd":0,"sharesMade":0,"sharesRcvd":0,"mentionsRcvd":0,"likesRcvd":0,"reachRcvd":0,"audience":0,"voice":0,"conversation":0,"engagement":0,"group_scoped":{"audienceScore":0,"voiceScore":0,"engagementScore":0,"combinedScore":0,"combinedScoreRank":83,"SEIrank":46,"engagementSEIrank":43,"voiceSEIrank":42,"audienceSEIrank":46,"engagementSEI":0,"engagementSEIadj":0,"voiceSEI":0,"voiceSEIadj":0,"audienceSEI":0,"audienceSEIadj":0,"SEI":0,"SEIadj":0},"non_scoped":{"SEI":0,"SEIrank":46,"SEIadj":0,"audienceSEI":0,"audienceSEIadj":0,"audienceSEIrank":46,"audienceScore":0,"combinedScore":0,"combinedScoreRank":46,"engagementSEI":0,"engagementSEIadj":0,"engagementSEIrank":43,"engagementScore":0,"voiceSEI":0,"voiceSEIadj":0,"voiceSEIrank":42,"voiceScore":0},"scoped":{"SEI":0,"SEIrank":41,"SEIadj":0,"audienceSEI":0,"audienceSEIadj":0,"audienceSEIrank":41,"audienceScore":0,"combinedScore":0,"combinedScoreRank":41,"engagementSEI":0,"engagementSEIadj":0,"engagementSEIrank":38,"engagementScore":0,"voiceSEI":0,"voiceSEIadj":0,"voiceSEIrank":37,"voiceScore":0}}},"month":{"boundaryQuantum":4987194,"combined":{"entityString":"536575feb08f37d80186a0c6","type":"combined","profiles":2,"postsMade":124,"repliesMade":0,"repliesRcvd":272,"sharesMade":0,"sharesRcvd":306,"mentionsRcvd":0,"likesRcvd":2725,"reachRcvd":0,"audience":24847,"voice":124,"conversation":396,"engagement":3303,"group_scoped":{"audienceScore":0.6224886065820397,"voiceScore":1.3793103448275863,"engagementScore":0.12720265080619447,"combinedScore":0.21457233329605635,"combinedScoreRank":106,"SEIrank":90,"engagementSEIrank":102,"voiceSEIrank":71,"audienceSEIrank":117,"engagementSEI":0.1423388474733454,"engagementSEIadj":0.1423388474733454,"voiceSEI":3.3713974986405653,"voiceSEIadj":3.3713974986405653,"audienceSEI":0.9761799059453979,"audienceSEIadj":0.9761799059453979,"SEI":1.1944405486707166,"SEIadj":1.1944405486707166},"non_scoped":{"SEI":1.1634541896743364,"SEIrank":55,"SEIadj":0,"audienceSEI":0.9761799059453979,"audienceSEIadj":0,"audienceSEIrank":67,"audienceScore":0.17987960438794168,"combinedScore":0.059409170568046905,"combinedScoreRank":67,"engagementSEI":0.09069491581271212,"engagementSEIadj":0,"engagementSEIrank":66,"engagementScore":0.037942446489433436,"voiceSEI":3.3713974986405653,"voiceSEIadj":0,"voiceSEIrank":50,"voiceScore":0.32533977016319465},"scoped":{"SEI":6.777627191943778,"SEIrank":53,"SEIadj":0,"audienceSEI":12.744142628533913,"audienceSEIadj":0,"audienceSEIrank":56,"audienceScore":0.5164222353993341,"combinedScore":0.4098818773750137,"combinedScoreRank":57,"engagementSEI":2.7271151035775323,"engagementSEIadj":0,"engagementSEIrank":57,"engagementScore":0.3886824336250903,"voiceSEI":12.889812889812891,"voiceSEIadj":0,"voiceSEIrank":40,"voiceScore":0.684931506849315}},"facebook":{"entityString":"536575feb08f37d80186a0c6","type":"facebook","profiles":1,"postsMade":57,"repliesMade":0,"repliesRcvd":272,"sharesMade":0,"sharesRcvd":59,"mentionsRcvd":0,"likesRcvd":2191,"reachRcvd":0,"audience":12942,"voice":57,"conversation":329,"engagement":2522,"group_scoped":{"audienceScore":0.4950205340576193,"voiceScore":1.7055655296229804,"engagementScore":0.1148315773178039,"combinedScore":0.2133777227700535,"combinedScoreRank":84,"SEIrank":52,"engagementSEIrank":77,"voiceSEIrank":34,"audienceSEIrank":93,"engagementSEI":0.12762783278628462,"engagementSEIadj":0.12762783278628462,"voiceSEI":4.124457308248915,"voiceSEIadj":4.124457308248915,"audienceSEI":0.6969541777669355,"audienceSEIadj":0.6969541777669355,"SEI":1.3836093099231386,"SEIadj":1.3836093099231386},"non_scoped":{"SEI":1.2435080288730156,"SEIrank":33,"SEIadj":0,"audienceSEI":0.6969541777669355,"audienceSEIadj":0,"audienceSEIrank":68,"audienceScore":0.13292395521380915,"combinedScore":0.05817296850781167,"combinedScoreRank":55,"engagementSEI":0.07516623301532235,"engagementSEIadj":0,"engagementSEIrank":57,"engagementScore":0.03341556052151594,"voiceSEI":3.762376237623762,"voiceSEIadj":0,"voiceSEIrank":30,"voiceScore":0.4290553255551373},"scoped":{"SEI":8.987762958857731,"SEIrank":44,"SEIadj":0,"audienceSEI":8.883733062423635,"audienceSEIadj":0,"audienceSEIrank":57,"audienceScore":0.544887542739064,"combinedScore":0.5264576426667806,"combinedScoreRank":47,"engagementSEI":6.761394101876676,"engagementSEIadj":0,"engagementSEIrank":48,"engagementScore":0.48690172577895585,"voiceSEI":13.47517730496454,"voiceSEIadj":0,"voiceSEIrank":22,"voiceScore":1.2200342465753424}},"twitter":{"entityString":"536575feb08f37d80186a0c6","type":"twitter","profiles":1,"postsMade":67,"repliesMade":0,"repliesRcvd":0,"sharesMade":0,"sharesRcvd":247,"mentionsRcvd":0,"likesRcvd":534,"reachRcvd":0,"audience":11905,"voice":67,"conversation":67,"engagement":781,"group_scoped":{"audienceScore":0.9486766339470845,"voiceScore":1.2300348815861943,"engagementScore":0.6586048708088781,"combinedScore":0.7016799595046542,"combinedScoreRank":124,"SEIrank":131,"engagementSEIrank":131,"voiceSEIrank":96,"audienceSEIrank":164,"engagementSEI":1.2463893011602114,"engagementSEIadj":1.2463893011602114,"voiceSEI":3.1980906921241052,"voiceSEIadj":3.1980906921241052,"audienceSEI":2.102699332540884,"audienceSEIadj":2.102699332540884,"SEI":1.9175307215874469,"SEIadj":1.9175307215874469},"non_scoped":{"SEI":1.9175307215874469,"SEIrank":69,"SEIadj":0,"audienceSEI":2.102699332540884,"audienceSEIadj":0,"audienceSEIrank":59,"audienceScore":0.3413486957927949,"combinedScore":0.28936900782042496,"combinedScoreRank":62,"engagementSEI":1.2463893011602114,"engagementSEIadj":0,"engagementSEIrank":59,"engagementScore":0.28680653228501446,"voiceSEI":3.1980906921241052,"voiceSEIadj":0,"voiceSEIrank":67,"voiceScore":0.28351387948544343},"scoped":{"SEI":8.067021706489788,"SEIrank":56,"SEIadj":0,"audienceSEI":10.214675498507052,"audienceSEIadj":0,"audienceSEIrank":49,"audienceScore":0.5407052740678567,"combinedScore":0.5473219559204823,"combinedScoreRank":52,"engagementSEI":6.852079312160028,"engagementSEIadj":0,"engagementSEIrank":49,"engagementScore":0.5497019221971186,"voiceSEI":9.781021897810218,"voiceSEIadj":0,"voiceSEIrank":56,"voiceScore":0.5110992447936532}},"instagram":{"entityString":"536575feb08f37d80186a0c6","type":"instagram","profiles":0,"postsMade":0,"repliesMade":0,"repliesRcvd":0,"sharesMade":0,"sharesRcvd":0,"mentionsRcvd":0,"likesRcvd":0,"reachRcvd":0,"audience":0,"voice":0,"conversation":0,"engagement":0,"group_scoped":{"audienceScore":0,"voiceScore":0,"engagementScore":0,"combinedScore":0,"combinedScoreRank":83,"SEIrank":46,"engagementSEIrank":43,"voiceSEIrank":43,"audienceSEIrank":46,"engagementSEI":0,"engagementSEIadj":0,"voiceSEI":0,"voiceSEIadj":0,"audienceSEI":0,"audienceSEIadj":0,"SEI":0,"SEIadj":0},"non_scoped":{"SEI":0,"SEIrank":46,"SEIadj":0,"audienceSEI":0,"audienceSEIadj":0,"audienceSEIrank":46,"audienceScore":0,"combinedScore":0,"combinedScoreRank":46,"engagementSEI":0,"engagementSEIadj":0,"engagementSEIrank":43,"engagementScore":0,"voiceSEI":0,"voiceSEIadj":0,"voiceSEIrank":43,"voiceScore":0},"scoped":{"SEI":0,"SEIrank":41,"SEIadj":0,"audienceSEI":0,"audienceSEIadj":0,"audienceSEIrank":41,"audienceScore":0,"combinedScore":0,"combinedScoreRank":41,"engagementSEI":0,"engagementSEIadj":0,"engagementSEIrank":38,"engagementScore":0,"voiceSEI":0,"voiceSEIadj":0,"voiceSEIrank":38,"voiceScore":0}}},"quarter":{"boundaryQuantum":4969914,"combined":{"entityString":"536575feb08f37d80186a0c6","type":"combined","profiles":2,"postsMade":433,"repliesMade":0,"repliesRcvd":1242,"sharesMade":0,"sharesRcvd":1674,"mentionsRcvd":0,"likesRcvd":10912,"reachRcvd":0,"audience":24847,"voice":433,"conversation":1675,"engagement":13828,"group_scoped":{"audienceScore":0.6224886065820397,"voiceScore":1.5958427007702798,"engagementScore":0.15921056979491796,"combinedScore":0.2542060781830422,"combinedScoreRank":91,"SEIrank":77,"engagementSEIrank":89,"voiceSEIrank":61,"audienceSEIrank":117,"engagementSEI":0.179708461100097,"engagementSEIadj":0.179708461100097,"voiceSEI":4.0448388603456324,"voiceSEIadj":4.0448388603456324,"audienceSEI":0.9761799059453979,"audienceSEIadj":0.9761799059453979,"SEI":1.4188947253582875,"SEIadj":1.4188947253582875},"non_scoped":{"SEI":1.383915249791651,"SEIrank":48,"SEIadj":0,"audienceSEI":0.9761799059453979,"audienceSEIadj":0,"audienceSEIrank":67,"audienceScore":0.17987960438794168,"combinedScore":0.07340428539768072,"combinedScoreRank":57,"engagementSEI":0.12140933515570256,"engagementSEIadj":0,"engagementSEIrank":55,"engagementScore":0.04998651650950387,"voiceSEI":4.0448388603456324,"voiceSEIadj":0,"voiceSEIrank":46,"voiceScore":0.38844880639460294},"scoped":{"SEI":8.230668513361326,"SEIrank":44,"SEIadj":0,"audienceSEI":12.744142628533913,"audienceSEIadj":0,"audienceSEIrank":56,"audienceScore":0.5164222353993341,"combinedScore":0.5252808801617249,"combinedScoreRank":45,"engagementSEI":3.613661249310744,"engagementSEIadj":0,"engagementSEIrank":46,"engagementScore":0.509237947581046,"voiceSEI":15.960191669738297,"voiceSEIadj":0,"voiceSEIrank":36,"voiceScore":0.822912311376335}},"facebook":{"entityString":"536575feb08f37d80186a0c6","type":"facebook","profiles":1,"postsMade":200,"repliesMade":0,"repliesRcvd":1242,"sharesMade":0,"sharesRcvd":996,"mentionsRcvd":0,"likesRcvd":9296,"reachRcvd":0,"audience":12942,"voice":200,"conversation":1442,"engagement":11534,"group_scoped":{"audienceScore":0.4950205340576193,"voiceScore":1.8910741301059002,"engagementScore":0.15289715181000985,"combinedScore":0.25691216983718485,"combinedScoreRank":72,"SEIrank":45,"engagementSEIrank":68,"voiceSEIrank":30,"audienceSEIrank":93,"engagementSEI":0.17147996996796086,"engagementSEIadj":0.17147996996796086,"voiceSEI":4.81811611659841,"voiceSEIadj":4.81811611659841,"audienceSEI":0.6969541777669355,"audienceSEIadj":0.6969541777669355,"SEI":1.618018234736993,"SEIadj":1.618018234736993},"non_scoped":{"SEI":1.447222455537253,"SEIrank":32,"SEIadj":0,"audienceSEI":0.6969541777669355,"audienceSEIadj":0,"audienceSEIrank":68,"audienceScore":0.13292395521380915,"combinedScore":0.07402996041411439,"combinedScoreRank":45,"engagementSEI":0.10769458882777419,"engagementSEIadj":0,"engagementSEIrank":48,"engagementScore":0.047054822580799134,"voiceSEI":4.3763676148796495,"voiceSEIadj":0,"voiceSEIrank":25,"voiceScore":0.5006884466140944},"scoped":{"SEI":13.29660161779797,"SEIrank":38,"SEIadj":0,"audienceSEI":8.883733062423635,"audienceSEIadj":0,"audienceSEIrank":57,"audienceScore":0.544887542739064,"combinedScore":0.682697034500773,"combinedScoreRank":39,"engagementSEI":9.996619835498661,"engagementSEIadj":0,"engagementSEIrank":39,"engagementScore":0.6505860858960901,"voiceSEI":21.367521367521366,"voiceSEIadj":0,"voiceSEIrank":17,"voiceScore":1.3985036011467729}},"twitter":{"entityString":"536575feb08f37d80186a0c6","type":"twitter","profiles":1,"postsMade":233,"repliesMade":0,"repliesRcvd":0,"sharesMade":0,"sharesRcvd":678,"mentionsRcvd":0,"likesRcvd":1616,"reachRcvd":0,"audience":11905,"voice":233,"conversation":233,"engagement":2294,"group_scoped":{"audienceScore":0.9486766339470845,"voiceScore":1.45652309808089,"engagementScore":0.640744537331609,"combinedScore":0.6969300701998468,"combinedScoreRank":125,"SEIrank":126,"engagementSEIrank":129,"voiceSEIrank":82,"audienceSEIrank":164,"engagementSEI":1.2411002185721396,"engagementSEIadj":1.2411002185721396,"voiceSEI":3.88722055388722,"voiceSEIadj":3.88722055388722,"audienceSEI":2.102699332540884,"audienceSEIadj":2.102699332540884,"SEI":2.121096230563538,"SEIadj":2.121096230563538},"non_scoped":{"SEI":2.121096230563538,"SEIrank":62,"SEIadj":0,"audienceSEI":2.102699332540884,"audienceSEIadj":0,"audienceSEIrank":59,"audienceScore":0.3413486957927949,"combinedScore":0.29615896188137286,"combinedScoreRank":53,"engagementSEI":1.2411002185721396,"engagementSEIadj":0,"engagementSEIrank":53,"engagementScore":0.29126053343592206,"voiceSEI":3.88722055388722,"voiceSEIadj":0,"voiceSEIrank":58,"voiceScore":0.33914093998806455},"scoped":{"SEI":9.258589834814474,"SEIrank":48,"SEIadj":0,"audienceSEI":10.214675498507052,"audienceSEIadj":0,"audienceSEIrank":49,"audienceScore":0.5407052740678567,"combinedScore":0.5786621895610494,"combinedScoreRank":44,"engagementSEI":7.557986294148655,"engagementSEIadj":0,"engagementSEIrank":43,"engagementScore":0.578447169416434,"voiceSEI":12.341101694915254,"voiceSEIadj":0,"voiceSEIrank":48,"voiceScore":0.6204894676573194}},"instagram":{"entityString":"536575feb08f37d80186a0c6","type":"instagram","profiles":0,"postsMade":0,"repliesMade":0,"repliesRcvd":0,"sharesMade":0,"sharesRcvd":0,"mentionsRcvd":0,"likesRcvd":0,"reachRcvd":0,"audience":0,"voice":0,"conversation":0,"engagement":0,"group_scoped":{"audienceScore":0,"voiceScore":0,"engagementScore":0,"combinedScore":0,"combinedScoreRank":83,"SEIrank":46,"engagementSEIrank":44,"voiceSEIrank":44,"audienceSEIrank":46,"engagementSEI":0,"engagementSEIadj":0,"voiceSEI":0,"voiceSEIadj":0,"audienceSEI":0,"audienceSEIadj":0,"SEI":0,"SEIadj":0},"non_scoped":{"SEI":0,"SEIrank":46,"SEIadj":0,"audienceSEI":0,"audienceSEIadj":0,"audienceSEIrank":46,"audienceScore":0,"combinedScore":0,"combinedScoreRank":46,"engagementSEI":0,"engagementSEIadj":0,"engagementSEIrank":44,"engagementScore":0,"voiceSEI":0,"voiceSEIadj":0,"voiceSEIrank":44,"voiceScore":0},"scoped":{"SEI":0,"SEIrank":41,"SEIadj":0,"audienceSEI":0,"audienceSEIadj":0,"audienceSEIrank":41,"audienceScore":0,"combinedScore":0,"combinedScoreRank":41,"engagementSEI":0,"engagementSEIadj":0,"engagementSEIrank":39,"engagementScore":0,"voiceSEI":0,"voiceSEIadj":0,"voiceSEIrank":39,"voiceScore":0}}},"blended":{"combined":{"non_scoped":{"SEI":1.2627156486793618,"SEIadj":60.505086259471746,"SEIrank":53,"audienceSEI":0.9761799059453979,"audienceSEIadj":60.39047196237816,"audienceSEIrank":67,"engagementSEI":0.10543695581088577,"engagementSEIadj":60.04217478232435,"engagementSEIrank":62,"voiceSEI":3.672784948660969,"voiceSEIadj":61.46911397946439,"voiceSEIrank":49},"scoped":{"SEI":11.654234647110455,"SEIadj":55.82711732355523,"SEIrank":77,"compCharisma":3,"compInfluence":3,"compEva":5.654234647110455,"audienceSEI":12.744142628533913,"audienceSEIadj":65.09765705141356,"audienceSEIrank":56,"engagementSEI":3.1414886318662254,"engagementSEIadj":61.25659545274649,"engagementSEIrank":53,"voiceSEI":14.268249961451222,"voiceSEIadj":65.70729998458049,"voiceSEIrank":40}},"facebook":{"non_scoped":{"SEI":1.2910006714062772,"SEIadj":60.51640026856251,"SEIrank":33,"audienceSEI":0.6969541777669355,"audienceSEIadj":60.27878167110678,"audienceSEIrank":68,"engagementSEI":0.09038639530138977,"engagementSEIadj":60.03615455812056,"engagementSEIrank":55,"voiceSEI":3.8902447214958324,"voiceSEIadj":61.55609788859833,"voiceSEIrank":30},"scoped":{"SEI":10.861183374435408,"SEIadj":64.34447334977416,"SEIrank":41,"audienceSEI":8.883733062423637,"audienceSEIadj":63.55349322496946,"audienceSEIrank":57,"engagementSEI":7.810498140569059,"engagementSEIadj":63.12419925622763,"engagementSEIrank":44,"voiceSEI":17.62170394617203,"voiceSEIadj":67.04868157846882,"voiceSEIrank":23}},"twitter":{"non_scoped":{"SEI":2.074383291641428,"SEIadj":60.82975331665657,"SEIrank":65,"audienceSEI":2.102699332540884,"audienceSEIadj":60.84107973301635,"audienceSEIrank":59,"engagementSEI":1.3010391981059173,"engagementSEIadj":60.52041567924237,"engagementSEIrank":58,"voiceSEI":3.611632798412631,"voiceSEIadj":61.44465311936505,"voiceSEIrank":61},"scoped":{"SEI":9.032264237181382,"SEIadj":63.61290569487255,"SEIrank":51,"audienceSEI":10.214675498507052,"audienceSEIadj":64.08587019940282,"audienceSEIrank":49,"engagementSEI":7.866220805441753,"engagementSEIadj":63.1464883221767,"engagementSEIrank":49,"voiceSEI":10.970214013552084,"voiceSEIadj":64.38808560542083,"voiceSEIrank":52}},"instagram":{"non_scoped":{"SEI":0,"SEIadj":0,"SEIrank":46,"audienceSEI":0,"audienceSEIadj":0,"audienceSEIrank":46,"engagementSEI":0,"engagementSEIadj":0,"engagementSEIrank":44,"voiceSEI":0,"voiceSEIadj":0,"voiceSEIrank":44},"scoped":{"SEI":0,"SEIadj":0,"SEIrank":41,"audienceSEI":0,"audienceSEIadj":0,"audienceSEIrank":41,"engagementSEI":0,"engagementSEIadj":0,"engagementSEIrank":39,"voiceSEI":0,"voiceSEIadj":0,"voiceSEIrank":39}},"influence":{"instagram":{"scope":"individual","ratio":0,"calculated":false},"combined":{"ratio":0.7,"bottom":false,"scope":"individual","calculated":true},"facebook":{"ratio":0.91,"bottom":false,"scope":"individual","calculated":true},"twitter":{"ratio":0.9,"bottom":false,"scope":"individual","calculated":true}},"charisma":{"instagram":{"scope":"individual","ratio":0,"calculated":false},"combined":{"ratio":0.55,"bottom":false,"scope":"individual","calculated":true},"facebook":{"ratio":0.44,"bottom":false,"scope":"individual","calculated":true},"twitter":{"ratio":1.04,"bottom":false,"scope":"individual","calculated":true}}},"scope":"individual"}}