{"scoreEntityString":"591d1494ab33fb0001804f89.asset.536575feb08f37d80186a0c1","timeQuantum":4995834,"scoreEntityType":"asset","scoreProfileID":"591d1494ab33fb0001804f89","data":{"scoreEntityString":"591d1494ab33fb0001804f89.asset.536575feb08f37d80186a0c1","scoreProfileID":"591d1494ab33fb0001804f89","scoreEntityType":"asset","entityID":"asset.536575feb08f37d80186a0c1","object_version":"1.2","score_engine_version":"3.0.20","timestamp":4995834,"start_quantum":4969914,"end_quantum":4995833,"schedule_options":{"interval":15,"offset":"1"},"_15min":{"boundaryQuantum":4995831,"combined":{"entityString":"536575feb08f37d80186a0c1","type":"combined","profiles":2,"postsMade":0,"repliesMade":0,"repliesRcvd":0,"sharesMade":0,"sharesRcvd":0,"mentionsRcvd":0,"likesRcvd":0,"reachRcvd":0,"audience":68925,"voice":0,"conversation":0,"engagement":0,"group_scoped":{"audienceScore":1.7267689141009819,"voiceScore":0,"engagementScore":0,"combinedScore":1.7267689141009819,"engagementSEI":0,"engagementSEIadj":0,"voiceSEI":0,"voiceSEIadj":0,"audienceSEI":2.7079003508385946,"audienceSEIadj":2.7079003508385946,"SEI":0.27079003508385946,"SEIadj":0.27079003508385946,"combinedScoreRank":42,"SEIrank":58,"engagementSEIrank":42,"voiceSEIrank":36,"audienceSEIrank":55},"non_scoped":{"SEI":0.27079003508385946,"SEIrank":28,"SEIadj":0,"audienceSEI":2.7079003508385946,"audienceSEIadj":0,"audienceSEIrank":24,"audienceScore":0.4989818381470149,"combinedScore":0.024949091907350746,"combinedScoreRank":29,"engagementSEI":0,"engagementSEIadj":0,"engagementSEIrank":42,"engagementScore":0,"voiceSEI":0,"voiceSEIadj":0,"voiceSEIrank":36,"voiceScore":0},"scoped":{"SEI":3.5351955192647,"SEIrank":20,"SEIadj":0,"audienceSEI":35.351955192647,"audienceSEIadj":0,"audienceSEIrank":16,"audienceScore":1.4325432677948686,"combinedScore":0.07162716338974344,"combinedScoreRank":21,"engagementSEI":0,"engagementSEIadj":0,"engagementSEIrank":35,"engagementScore":0,"voiceSEI":0,"voiceSEIadj":0,"voiceSEIrank":33,"voiceScore":0}},"facebook":{"entityString":"536575feb08f37d80186a0c1","type":"facebook","profiles":1,"postsMade":0,"repliesMade":0,"repliesRcvd":0,"sharesMade":0,"sharesRcvd":0,"mentionsRcvd":0,"likesRcvd":0,"reachRcvd":0,"audience":51411,"voice":0,"conversation":0,"engagement":0,"group_scoped":{"audienceScore":1.966427188721702,"voiceScore":0,"engagementScore":0,"combinedScore":1.966427188721702,"engagementSEI":0,"engagementSEIadj":0,"voiceSEI":0,"voiceSEIadj":0,"audienceSEI":2.7685915031043056,"audienceSEIadj":2.7685915031043056,"SEI":0.27685915031043057,"SEIadj":0.27685915031043057,"combinedScoreRank":30,"SEIrank":35,"engagementSEIrank":40,"voiceSEIrank":35,"audienceSEIrank":32},"non_scoped":{"SEI":0.27685915031043057,"SEIrank":21,"SEIadj":0,"audienceSEI":2.7685915031043056,"audienceSEIadj":0,"audienceSEIrank":17,"audienceScore":0.5280291656233304,"combinedScore":0.02640145828116652,"combinedScoreRank":21,"engagementSEI":0,"engagementSEIadj":0,"engagementSEIrank":40,"engagementScore":0,"voiceSEI":0,"voiceSEIadj":0,"voiceSEIrank":35,"voiceScore":0},"scoped":{"SEI":3.528987795335045,"SEIrank":13,"SEIadj":0,"audienceSEI":35.28987795335045,"audienceSEIadj":0,"audienceSEIrank":9,"audienceScore":2.1645196615482942,"combinedScore":0.10822598307741471,"combinedScoreRank":13,"engagementSEI":0,"engagementSEIadj":0,"engagementSEIrank":33,"engagementScore":0,"voiceSEI":0,"voiceSEIadj":0,"voiceSEIrank":33,"voiceScore":0}},"twitter":{"entityString":"536575feb08f37d80186a0c1","type":"twitter","profiles":1,"postsMade":0,"repliesMade":0,"repliesRcvd":0,"sharesMade":0,"sharesRcvd":0,"mentionsRcvd":0,"likesRcvd":0,"reachRcvd":0,"audience":17514,"voice":0,"conversation":0,"engagement":0,"group_scoped":{"audienceScore":1.3956423827760804,"voiceScore":0,"engagementScore":0,"combinedScore":1.3956423827760804,"engagementSEI":0,"engagementSEIadj":0,"voiceSEI":0,"voiceSEIadj":0,"audienceSEI":3.093378925671654,"audienceSEIadj":3.093378925671654,"SEI":0.30933789256716543,"SEIadj":0.30933789256716543,"combinedScoreRank":105,"SEIrank":132,"engagementSEIrank":36,"voiceSEIrank":35,"audienceSEIrank":131},"non_scoped":{"SEI":0.30933789256716543,"SEIrank":36,"SEIadj":0,"audienceSEI":3.093378925671654,"audienceSEIadj":0,"audienceSEIrank":35,"audienceScore":0.5021739654023528,"combinedScore":0.025108698270117642,"combinedScoreRank":36,"engagementSEI":0,"engagementSEIadj":0,"engagementSEIrank":36,"engagementScore":0,"voiceSEI":0,"voiceSEIadj":0,"voiceSEIrank":35,"voiceScore":0},"scoped":{"SEI":1.5027284895493704,"SEIrank":27,"SEIadj":0,"audienceSEI":15.027284895493704,"audienceSEIadj":0,"audienceSEIrank":26,"audienceScore":0.7954567131477904,"combinedScore":0.1136366733068272,"combinedScoreRank":27,"engagementSEI":0,"engagementSEIadj":0,"engagementSEIrank":33,"engagementScore":0,"voiceSEI":0,"voiceSEIadj":0,"voiceSEIrank":32,"voiceScore":0}},"instagram":{"entityString":"536575feb08f37d80186a0c1","type":"instagram","profiles":0,"postsMade":0,"repliesMade":0,"repliesRcvd":0,"sharesMade":0,"sharesRcvd":0,"mentionsRcvd":0,"likesRcvd":0,"reachRcvd":0,"audience":0,"voice":0,"conversation":0,"engagement":0,"group_scoped":{"audienceScore":0,"voiceScore":0,"engagementScore":0,"combinedScore":0,"engagementSEI":0,"engagementSEIadj":0,"voiceSEI":0,"voiceSEIadj":0,"audienceSEI":0,"audienceSEIadj":0,"SEI":0,"SEIadj":0,"combinedScoreRank":97,"SEIrank":60,"engagementSEIrank":37,"voiceSEIrank":34,"audienceSEIrank":60},"non_scoped":{"SEI":0,"SEIrank":60,"SEIadj":0,"audienceSEI":0,"audienceSEIadj":0,"audienceSEIrank":60,"audienceScore":0,"combinedScore":0,"combinedScoreRank":60,"engagementSEI":0,"engagementSEIadj":0,"engagementSEIrank":37,"engagementScore":0,"voiceSEI":0,"voiceSEIadj":0,"voiceSEIrank":34,"voiceScore":0},"scoped":{"SEI":0,"SEIrank":54,"SEIadj":0,"audienceSEI":0,"audienceSEIadj":0,"audienceSEIrank":54,"audienceScore":0,"combinedScore":0,"combinedScoreRank":54,"engagementSEI":0,"engagementSEIadj":0,"engagementSEIrank":33,"engagementScore":0,"voiceSEI":0,"voiceSEIadj":0,"voiceSEIrank":32,"voiceScore":0}}},"hour":{"boundaryQuantum":4995822,"combined":{"entityString":"536575feb08f37d80186a0c1","type":"combined","profiles":2,"postsMade":0,"repliesMade":0,"repliesRcvd":0,"sharesMade":0,"sharesRcvd":0,"mentionsRcvd":0,"likesRcvd":0,"reachRcvd":0,"audience":68925,"voice":0,"conversation":0,"engagement":0,"group_scoped":{"audienceScore":1.7267689141009819,"voiceScore":0,"engagementScore":0,"combinedScore":1.7267689141009819,"combinedScoreRank":38,"SEIrank":84,"engagementSEIrank":85,"voiceSEIrank":49,"audienceSEIrank":55,"engagementSEI":0,"engagementSEIadj":0,"voiceSEI":0,"voiceSEIadj":0,"audienceSEI":2.7079003508385946,"audienceSEIadj":2.7079003508385946,"SEI":0.27079003508385946,"SEIadj":0.27079003508385946},"non_scoped":{"SEI":0.27079003508385946,"SEIrank":49,"SEIadj":0,"audienceSEI":2.7079003508385946,"audienceSEIadj":0,"audienceSEIrank":24,"audienceScore":0.4989818381470149,"combinedScore":0.024949091907350746,"combinedScoreRank":69,"engagementSEI":0,"engagementSEIadj":0,"engagementSEIrank":85,"engagementScore":0,"voiceSEI":0,"voiceSEIadj":0,"voiceSEIrank":49,"voiceScore":0},"scoped":{"SEI":3.5351955192647,"SEIrank":43,"SEIadj":0,"audienceSEI":35.351955192647,"audienceSEIadj":0,"audienceSEIrank":16,"audienceScore":1.4325432677948686,"combinedScore":0.07162716338974344,"combinedScoreRank":68,"engagementSEI":0,"engagementSEIadj":0,"engagementSEIrank":75,"engagementScore":0,"voiceSEI":0,"voiceSEIadj":0,"voiceSEIrank":41,"voiceScore":0}},"facebook":{"entityString":"536575feb08f37d80186a0c1","type":"facebook","profiles":1,"postsMade":0,"repliesMade":0,"repliesRcvd":0,"sharesMade":0,"sharesRcvd":0,"mentionsRcvd":0,"likesRcvd":0,"reachRcvd":0,"audience":51411,"voice":0,"conversation":0,"engagement":0,"group_scoped":{"audienceScore":1.966427188721702,"voiceScore":0,"engagementScore":0,"combinedScore":1.966427188721702,"combinedScoreRank":31,"SEIrank":52,"engagementSEIrank":67,"voiceSEIrank":43,"audienceSEIrank":32,"engagementSEI":0,"engagementSEIadj":0,"voiceSEI":0,"voiceSEIadj":0,"audienceSEI":2.7685915031043056,"audienceSEIadj":2.7685915031043056,"SEI":0.27685915031043057,"SEIadj":0.27685915031043057},"non_scoped":{"SEI":0.27685915031043057,"SEIrank":33,"SEIadj":0,"audienceSEI":2.7685915031043056,"audienceSEIadj":0,"audienceSEIrank":17,"audienceScore":0.5280291656233304,"combinedScore":0.02640145828116652,"combinedScoreRank":49,"engagementSEI":0,"engagementSEIadj":0,"engagementSEIrank":67,"engagementScore":0,"voiceSEI":0,"voiceSEIadj":0,"voiceSEIrank":43,"voiceScore":0},"scoped":{"SEI":3.528987795335045,"SEIrank":26,"SEIadj":0,"audienceSEI":35.28987795335045,"audienceSEIadj":0,"audienceSEIrank":9,"audienceScore":2.1645196615482942,"combinedScore":0.10822598307741471,"combinedScoreRank":43,"engagementSEI":0,"engagementSEIadj":0,"engagementSEIrank":57,"engagementScore":0,"voiceSEI":0,"voiceSEIadj":0,"voiceSEIrank":35,"voiceScore":0}},"twitter":{"entityString":"536575feb08f37d80186a0c1","type":"twitter","profiles":1,"postsMade":0,"repliesMade":0,"repliesRcvd":0,"sharesMade":0,"sharesRcvd":0,"mentionsRcvd":0,"likesRcvd":0,"reachRcvd":0,"audience":17514,"voice":0,"conversation":0,"engagement":0,"group_scoped":{"audienceScore":1.3956423827760804,"voiceScore":0,"engagementScore":0,"combinedScore":1.3956423827760804,"combinedScoreRank":113,"SEIrank":144,"engagementSEIrank":59,"voiceSEIrank":47,"audienceSEIrank":131,"engagementSEI":0,"engagementSEIadj":0,"voiceSEI":0,"voiceSEIadj":0,"audienceSEI":3.093378925671654,"audienceSEIadj":3.093378925671654,"SEI":0.30933789256716543,"SEIadj":0.30933789256716543},"non_scoped":{"SEI":0.30933789256716543,"SEIrank":57,"SEIadj":0,"audienceSEI":3.093378925671654,"audienceSEIadj":0,"audienceSEIrank":35,"audienceScore":0.5021739654023528,"combinedScore":0.025108698270117642,"combinedScoreRank":57,"engagementSEI":0,"engagementSEIadj":0,"engagementSEIrank":59,"engagementScore":0,"voiceSEI":0,"voiceSEIadj":0,"voiceSEIrank":47,"voiceScore":0},"scoped":{"SEI":1.5027284895493704,"SEIrank":47,"SEIadj":0,"audienceSEI":15.027284895493704,"audienceSEIadj":0,"audienceSEIrank":26,"audienceScore":0.7954567131477904,"combinedScore":0.039772835657389524,"combinedScoreRank":47,"engagementSEI":0,"engagementSEIadj":0,"engagementSEIrank":50,"engagementScore":0,"voiceSEI":0,"voiceSEIadj":0,"voiceSEIrank":39,"voiceScore":0}},"instagram":{"entityString":"536575feb08f37d80186a0c1","type":"instagram","profiles":0,"postsMade":0,"repliesMade":0,"repliesRcvd":0,"sharesMade":0,"sharesRcvd":0,"mentionsRcvd":0,"likesRcvd":0,"reachRcvd":0,"audience":0,"voice":0,"conversation":0,"engagement":0,"group_scoped":{"audienceScore":0,"voiceScore":0,"engagementScore":0,"combinedScore":0,"combinedScoreRank":97,"SEIrank":60,"engagementSEIrank":42,"voiceSEIrank":36,"audienceSEIrank":60,"engagementSEI":0,"engagementSEIadj":0,"voiceSEI":0,"voiceSEIadj":0,"audienceSEI":0,"audienceSEIadj":0,"SEI":0,"SEIadj":0},"non_scoped":{"SEI":0,"SEIrank":60,"SEIadj":0,"audienceSEI":0,"audienceSEIadj":0,"audienceSEIrank":60,"audienceScore":0,"combinedScore":0,"combinedScoreRank":60,"engagementSEI":0,"engagementSEIadj":0,"engagementSEIrank":42,"engagementScore":0,"voiceSEI":0,"voiceSEIadj":0,"voiceSEIrank":36,"voiceScore":0},"scoped":{"SEI":0,"SEIrank":54,"SEIadj":0,"audienceSEI":0,"audienceSEIadj":0,"audienceSEIrank":54,"audienceScore":0,"combinedScore":0,"combinedScoreRank":54,"engagementSEI":0,"engagementSEIadj":0,"engagementSEIrank":36,"engagementScore":0,"voiceSEI":0,"voiceSEIadj":0,"voiceSEIrank":32,"voiceScore":0}}},"today":{"boundaryQuantum":4995546,"combined":{"entityString":"536575feb08f37d80186a0c1","type":"combined","profiles":2,"postsMade":0,"repliesMade":0,"repliesRcvd":0,"sharesMade":0,"sharesRcvd":1,"mentionsRcvd":0,"likesRcvd":0,"reachRcvd":0,"audience":68925,"voice":0,"conversation":0,"engagement":1,"group_scoped":{"audienceScore":1.7267689141009819,"voiceScore":0,"engagementScore":0.0010393929944912171,"combinedScore":0.24757218172398987,"combinedScoreRank":118,"SEIrank":146,"engagementSEIrank":168,"voiceSEIrank":149,"audienceSEIrank":55,"engagementSEI":0.0011446362346046427,"engagementSEIadj":0.0011446362346046427,"voiceSEI":0,"voiceSEIadj":0,"audienceSEI":2.7079003508385946,"audienceSEIadj":2.7079003508385946,"SEI":0.27147681682462227,"SEIadj":0.27147681682462227},"non_scoped":{"SEI":0.2713997787882557,"SEIrank":129,"SEIadj":0,"audienceSEI":2.7079003508385946,"audienceSEIadj":0,"audienceSEIrank":24,"audienceScore":0.4989818381470149,"combinedScore":0.025283966905955434,"combinedScoreRank":95,"engagementSEI":0.0010162395073270868,"engagementSEIadj":0,"engagementSEIrank":161,"engagementScore":0.0003720833317829861,"voiceSEI":0,"voiceSEIadj":0,"voiceSEIrank":149,"voiceScore":0},"scoped":{"SEI":3.5668577883939876,"SEIrank":105,"SEIadj":0,"audienceSEI":35.351955192647,"audienceSEIadj":0,"audienceSEIrank":16,"audienceScore":1.4325432677948686,"combinedScore":0.07534986358828745,"combinedScoreRank":104,"engagementSEI":0.05277044854881266,"engagementSEIadj":0,"engagementSEIrank":149,"engagementScore":0.00413633355393779,"voiceSEI":0,"voiceSEIadj":0,"voiceSEIrank":136,"voiceScore":0}},"facebook":{"entityString":"536575feb08f37d80186a0c1","type":"facebook","profiles":1,"postsMade":0,"repliesMade":0,"repliesRcvd":0,"sharesMade":0,"sharesRcvd":0,"mentionsRcvd":0,"likesRcvd":0,"reachRcvd":0,"audience":51411,"voice":0,"conversation":0,"engagement":0,"group_scoped":{"audienceScore":1.966427188721702,"voiceScore":0,"engagementScore":0,"combinedScore":1.966427188721702,"combinedScoreRank":26,"SEIrank":86,"engagementSEIrank":107,"voiceSEIrank":89,"audienceSEIrank":32,"engagementSEI":0,"engagementSEIadj":0,"voiceSEI":0,"voiceSEIadj":0,"audienceSEI":2.7685915031043056,"audienceSEIadj":2.7685915031043056,"SEI":0.27685915031043057,"SEIadj":0.27685915031043057},"non_scoped":{"SEI":0.27685915031043057,"SEIrank":79,"SEIadj":0,"audienceSEI":2.7685915031043056,"audienceSEIadj":0,"audienceSEIrank":17,"audienceScore":0.5280291656233304,"combinedScore":0.02640145828116652,"combinedScoreRank":67,"engagementSEI":0,"engagementSEIadj":0,"engagementSEIrank":107,"engagementScore":0,"voiceSEI":0,"voiceSEIadj":0,"voiceSEIrank":89,"voiceScore":0},"scoped":{"SEI":3.528987795335045,"SEIrank":61,"SEIadj":0,"audienceSEI":35.28987795335045,"audienceSEIadj":0,"audienceSEIrank":9,"audienceScore":2.1645196615482942,"combinedScore":0.10822598307741471,"combinedScoreRank":63,"engagementSEI":0,"engagementSEIadj":0,"engagementSEIrank":97,"engagementScore":0,"voiceSEI":0,"voiceSEIadj":0,"voiceSEIrank":79,"voiceScore":0}},"twitter":{"entityString":"536575feb08f37d80186a0c1","type":"twitter","profiles":1,"postsMade":0,"repliesMade":0,"repliesRcvd":0,"sharesMade":0,"sharesRcvd":1,"mentionsRcvd":0,"likesRcvd":0,"reachRcvd":0,"audience":17514,"voice":0,"conversation":0,"engagement":1,"group_scoped":{"audienceScore":1.3956423827760804,"voiceScore":0,"engagementScore":0.029061319383900032,"combinedScore":0.22428718558278293,"combinedScoreRank":206,"SEIrank":178,"engagementSEIrank":151,"voiceSEIrank":136,"audienceSEIrank":131,"engagementSEI":0.04856726566294317,"engagementSEIadj":0.04856726566294317,"voiceSEI":0,"voiceSEIadj":0,"audienceSEI":3.093378925671654,"audienceSEIadj":3.093378925671654,"SEI":0.3384782519649313,"SEIadj":0.3384782519649313},"non_scoped":{"SEI":0.3384782519649313,"SEIrank":138,"SEIadj":0,"audienceSEI":3.093378925671654,"audienceSEIadj":0,"audienceSEIrank":35,"audienceScore":0.5021739654023528,"combinedScore":0.03556408860469013,"combinedScoreRank":137,"engagementSEI":0.04856726566294317,"engagementSEIadj":0,"engagementSEIrank":142,"engagementScore":0.011617100371747211,"voiceSEI":0,"voiceSEIadj":0,"voiceSEIrank":136,"voiceScore":0},"scoped":{"SEI":1.715494446996179,"SEIrank":127,"SEIadj":0,"audienceSEI":15.027284895493704,"audienceSEIadj":0,"audienceSEIrank":26,"audienceScore":0.7954567131477904,"combinedScore":0.0620280285357278,"combinedScoreRank":130,"engagementSEI":0.3546099290780142,"engagementSEIadj":0,"engagementSEIrank":131,"engagementScore":0.02472799208704253,"voiceSEI":0,"voiceSEIadj":0,"voiceSEIrank":123,"voiceScore":0}},"instagram":{"entityString":"536575feb08f37d80186a0c1","type":"instagram","profiles":0,"postsMade":0,"repliesMade":0,"repliesRcvd":0,"sharesMade":0,"sharesRcvd":0,"mentionsRcvd":0,"likesRcvd":0,"reachRcvd":0,"audience":0,"voice":0,"conversation":0,"engagement":0,"group_scoped":{"audienceScore":0,"voiceScore":0,"engagementScore":0,"combinedScore":0,"combinedScoreRank":97,"SEIrank":60,"engagementSEIrank":55,"voiceSEIrank":45,"audienceSEIrank":60,"engagementSEI":0,"engagementSEIadj":0,"voiceSEI":0,"voiceSEIadj":0,"audienceSEI":0,"audienceSEIadj":0,"SEI":0,"SEIadj":0},"non_scoped":{"SEI":0,"SEIrank":60,"SEIadj":0,"audienceSEI":0,"audienceSEIadj":0,"audienceSEIrank":60,"audienceScore":0,"combinedScore":0,"combinedScoreRank":60,"engagementSEI":0,"engagementSEIadj":0,"engagementSEIrank":55,"engagementScore":0,"voiceSEI":0,"voiceSEIadj":0,"voiceSEIrank":45,"voiceScore":0},"scoped":{"SEI":0,"SEIrank":54,"SEIadj":0,"audienceSEI":0,"audienceSEIadj":0,"audienceSEIrank":54,"audienceScore":0,"combinedScore":0,"combinedScoreRank":54,"engagementSEI":0,"engagementSEIadj":0,"engagementSEIrank":49,"engagementScore":0,"voiceSEI":0,"voiceSEIadj":0,"voiceSEIrank":39,"voiceScore":0}}},"week":{"boundaryQuantum":4993818,"combined":{"entityString":"536575feb08f37d80186a0c1","type":"combined","profiles":2,"postsMade":3,"repliesMade":0,"repliesRcvd":5,"sharesMade":0,"sharesRcvd":7,"mentionsRcvd":0,"likesRcvd":123,"reachRcvd":0,"audience":68925,"voice":3,"conversation":8,"engagement":135,"group_scoped":{"audienceScore":1.7267689141009819,"voiceScore":0.1480019733596448,"engagementScore":0.02355975714253304,"combinedScore":0.11494232580131107,"combinedScoreRank":158,"SEIrank":156,"engagementSEIrank":155,"voiceSEIrank":179,"audienceSEIrank":55,"engagementSEI":0.026482011848248263,"engagementSEIadj":0.026482011848248263,"voiceSEI":0.3592814371257485,"voiceSEIadj":0.3592814371257485,"audienceSEI":2.7079003508385946,"audienceSEIadj":2.7079003508385946,"SEI":0.394463673330533,"SEIadj":0.394463673330533},"non_scoped":{"SEI":0.38878687164651465,"SEIrank":132,"SEIadj":0,"audienceSEI":2.7079003508385946,"audienceSEIadj":0,"audienceSEIrank":24,"audienceScore":0.4989818381470149,"combinedScore":0.033173492742925775,"combinedScoreRank":89,"engagementSEI":0.01702067570821771,"engagementSEIadj":0,"engagementSEIrank":126,"engagementScore":0.007138623070654919,"voiceSEI":0.3592814371257485,"voiceSEIadj":0,"voiceSEIrank":166,"voiceScore":0.035992801439712056},"scoped":{"SEI":4.205434987009205,"SEIrank":76,"SEIadj":0,"audienceSEI":35.351955192647,"audienceSEIadj":0,"audienceSEIrank":16,"audienceScore":1.4325432677948686,"combinedScore":0.1362975798302959,"combinedScoreRank":96,"engagementSEI":0.4620439455130399,"engagementSEIadj":0,"engagementSEIrank":115,"engagementScore":0.06762375146518128,"voiceSEI":1.3100436681222707,"voiceSEIadj":0,"voiceSEIrank":151,"voiceScore":0.07618080243778569}},"facebook":{"entityString":"536575feb08f37d80186a0c1","type":"facebook","profiles":1,"postsMade":0,"repliesMade":0,"repliesRcvd":5,"sharesMade":0,"sharesRcvd":2,"mentionsRcvd":0,"likesRcvd":73,"reachRcvd":0,"audience":51411,"voice":0,"conversation":5,"engagement":80,"group_scoped":{"audienceScore":1.966427188721702,"voiceScore":0,"engagementScore":0.016603262956252477,"combinedScore":0.2951495380656024,"combinedScoreRank":79,"SEIrank":109,"engagementSEIrank":103,"voiceSEIrank":124,"audienceSEIrank":32,"engagementSEI":0.01852945604465599,"engagementSEIadj":0.01852945604465599,"voiceSEI":0,"voiceSEIadj":0,"audienceSEI":2.7685915031043056,"audienceSEIadj":2.7685915031043056,"SEI":0.2879768239372242,"SEIadj":0.2879768239372242},"non_scoped":{"SEI":0.2835234104387176,"SEIrank":99,"SEIadj":0,"audienceSEI":2.7685915031043056,"audienceSEIadj":0,"audienceSEIrank":17,"audienceScore":0.5280291656233304,"combinedScore":0.03088922630843719,"combinedScoreRank":71,"engagementSEI":0.011107100213811678,"engagementSEIadj":0,"engagementSEIrank":93,"engagementScore":0.004986408919189634,"voiceSEI":0,"voiceSEIadj":0,"voiceSEIrank":124,"voiceScore":0},"scoped":{"SEI":4.022561060116535,"SEIrank":66,"SEIadj":0,"audienceSEI":35.28987795335045,"audienceSEIadj":0,"audienceSEIrank":9,"audienceScore":2.1645196615482942,"combinedScore":0.17221233265617125,"combinedScoreRank":75,"engagementSEI":0.8226221079691516,"engagementSEIadj":0,"engagementSEIrank":83,"engagementScore":0.07109594397639615,"voiceSEI":0,"voiceSEIadj":0,"voiceSEIrank":114,"voiceScore":0}},"twitter":{"entityString":"536575feb08f37d80186a0c1","type":"twitter","profiles":1,"postsMade":3,"repliesMade":0,"repliesRcvd":0,"sharesMade":0,"sharesRcvd":5,"mentionsRcvd":0,"likesRcvd":50,"reachRcvd":0,"audience":17514,"voice":3,"conversation":3,"engagement":55,"group_scoped":{"audienceScore":1.3956423827760804,"voiceScore":0.2403846153846154,"engagementScore":0.20940415000951837,"combinedScore":0.27026508491660134,"combinedScoreRank":188,"SEIrank":164,"engagementSEIrank":152,"voiceSEIrank":167,"audienceSEIrank":131,"engagementSEI":0.4191434232586496,"engagementSEIadj":0.4191434232586496,"voiceSEI":0.6329113924050633,"voiceSEIadj":0.6329113924050633,"audienceSEI":3.093378925671654,"audienceSEIadj":3.093378925671654,"SEI":0.7506973642438741,"SEIadj":0.7506973642438741},"non_scoped":{"SEI":0.7506973642438741,"SEIrank":122,"SEIadj":0,"audienceSEI":3.093378925671654,"audienceSEIadj":0,"audienceSEIrank":35,"audienceScore":0.5021739654023528,"combinedScore":0.1078356905988947,"combinedScoreRank":106,"engagementSEI":0.4191434232586496,"engagementSEIadj":0,"engagementSEIrank":108,"engagementScore":0.08864962444795461,"voiceSEI":0.6329113924050633,"voiceSEIadj":0,"voiceSEIrank":150,"voiceScore":0.05884660651235779},"scoped":{"SEI":3.5525536643745452,"SEIrank":100,"SEIadj":0,"audienceSEI":15.027284895493704,"audienceSEIadj":0,"audienceSEIrank":26,"audienceScore":0.7954567131477904,"combinedScore":0.1887726334248605,"combinedScoreRank":95,"engagementSEI":2.564102564102564,"engagementSEIadj":0,"engagementSEIrank":97,"engagementScore":0.1596702084421994,"voiceSEI":1.7045454545454544,"voiceSEIadj":0,"voiceSEIrank":136,"voiceScore":0.1059322033898305}},"instagram":{"entityString":"536575feb08f37d80186a0c1","type":"instagram","profiles":0,"postsMade":0,"repliesMade":0,"repliesRcvd":0,"sharesMade":0,"sharesRcvd":0,"mentionsRcvd":0,"likesRcvd":0,"reachRcvd":0,"audience":0,"voice":0,"conversation":0,"engagement":0,"group_scoped":{"audienceScore":0,"voiceScore":0,"engagementScore":0,"combinedScore":0,"combinedScoreRank":97,"SEIrank":60,"engagementSEIrank":57,"voiceSEIrank":56,"audienceSEIrank":60,"engagementSEI":0,"engagementSEIadj":0,"voiceSEI":0,"voiceSEIadj":0,"audienceSEI":0,"audienceSEIadj":0,"SEI":0,"SEIadj":0},"non_scoped":{"SEI":0,"SEIrank":60,"SEIadj":0,"audienceSEI":0,"audienceSEIadj":0,"audienceSEIrank":60,"audienceScore":0,"combinedScore":0,"combinedScoreRank":60,"engagementSEI":0,"engagementSEIadj":0,"engagementSEIrank":57,"engagementScore":0,"voiceSEI":0,"voiceSEIadj":0,"voiceSEIrank":56,"voiceScore":0},"scoped":{"SEI":0,"SEIrank":54,"SEIadj":0,"audienceSEI":0,"audienceSEIadj":0,"audienceSEIrank":54,"audienceScore":0,"combinedScore":0,"combinedScoreRank":54,"engagementSEI":0,"engagementSEIadj":0,"engagementSEIrank":51,"engagementScore":0,"voiceSEI":0,"voiceSEIadj":0,"voiceSEIrank":50,"voiceScore":0}}},"month":{"boundaryQuantum":4987194,"combined":{"entityString":"536575feb08f37d80186a0c1","type":"combined","profiles":2,"postsMade":32,"repliesMade":0,"repliesRcvd":530,"sharesMade":0,"sharesRcvd":306,"mentionsRcvd":0,"likesRcvd":9146,"reachRcvd":0,"audience":68925,"voice":32,"conversation":562,"engagement":9982,"group_scoped":{"audienceScore":1.7267689141009819,"voiceScore":0.3559510567296997,"engagementScore":0.38441927349301636,"combinedScore":0.45011334468524883,"combinedScoreRank":68,"SEIrank":111,"engagementSEIrank":60,"voiceSEIrank":159,"audienceSEIrank":55,"engagementSEI":0.4301623903962864,"engagementSEIadj":0.4301623903962864,"voiceSEI":0.8700380641653072,"voiceSEIadj":0.8700380641653072,"audienceSEI":2.7079003508385946,"audienceSEIadj":2.7079003508385946,"SEI":0.7898988885712235,"SEIadj":0.7898988885712235},"non_scoped":{"SEI":0.6962549783375374,"SEIrank":89,"SEIadj":0,"audienceSEI":2.7079003508385946,"audienceSEIadj":0,"audienceSEIrank":24,"audienceScore":0.4989818381470149,"combinedScore":0.13234634346033333,"combinedScoreRank":33,"engagementSEI":0.27408920667347636,"engagementSEIadj":0,"engagementSEIrank":31,"engagementScore":0.1146659100386087,"voiceSEI":0.8700380641653072,"voiceSEIadj":0,"voiceSEIrank":139,"voiceScore":0.0839586503646954},"scoped":{"SEI":9.478087082837092,"SEIrank":37,"SEIadj":0,"audienceSEI":35.351955192647,"audienceSEIadj":0,"audienceSEIrank":16,"audienceScore":1.4325432677948686,"combinedScore":1.1376388455367943,"combinedScoreRank":22,"engagementSEI":8.241617609418991,"engagementSEIadj":0,"engagementSEIrank":22,"engagementScore":1.1746376180580234,"voiceSEI":3.3264033264033266,"voiceSEIadj":0,"voiceSEIrank":127,"voiceScore":0.17675651789659744}},"facebook":{"entityString":"536575feb08f37d80186a0c1","type":"facebook","profiles":1,"postsMade":14,"repliesMade":0,"repliesRcvd":530,"sharesMade":0,"sharesRcvd":278,"mentionsRcvd":0,"likesRcvd":8823,"reachRcvd":0,"audience":51411,"voice":14,"conversation":544,"engagement":9631,"group_scoped":{"audienceScore":1.966427188721702,"voiceScore":0.41891083183722316,"engagementScore":0.43851820822671267,"combinedScore":0.5139332884319877,"combinedScoreRank":53,"SEIrank":76,"engagementSEIrank":46,"voiceSEIrank":92,"audienceSEIrank":32,"engagementSEI":0.4873844796053557,"engagementSEIadj":0.4873844796053557,"voiceSEI":1.0130246020260492,"voiceSEIadj":1.0130246020260492,"audienceSEI":2.7685915031043056,"audienceSEIadj":2.7685915031043056,"SEI":0.8731972186814587,"SEIadj":0.8731972186814587},"non_scoped":{"SEI":0.7263135162636521,"SEIrank":55,"SEIadj":0,"audienceSEI":2.7685915031043056,"audienceSEIadj":0,"audienceSEIrank":17,"audienceScore":0.5280291656233304,"combinedScore":0.14651700486260824,"combinedScoreRank":30,"engagementSEI":0.28704440530157393,"engagementSEIadj":0,"engagementSEIrank":28,"engagementScore":0.12760716232463123,"voiceSEI":0.9240924092409241,"voiceSEIadj":0,"voiceSEIrank":84,"voiceScore":0.10538200978547235},"scoped":{"SEI":20.01412079782587,"SEIrank":23,"SEIadj":0,"audienceSEI":35.28987795335045,"audienceSEIadj":0,"audienceSEIrank":9,"audienceScore":2.1645196615482942,"combinedScore":1.79664877607817,"combinedScoreRank":20,"engagementSEI":25.820375335120644,"engagementSEIadj":0,"engagementSEIrank":20,"engagementScore":1.8593776847649184,"voiceSEI":3.309692671394799,"voiceSEIadj":0,"voiceSEIrank":74,"voiceScore":0.2996575342465753}},"twitter":{"entityString":"536575feb08f37d80186a0c1","type":"twitter","profiles":1,"postsMade":18,"repliesMade":0,"repliesRcvd":0,"sharesMade":0,"sharesRcvd":28,"mentionsRcvd":0,"likesRcvd":323,"reachRcvd":0,"audience":17514,"voice":18,"conversation":18,"engagement":351,"group_scoped":{"audienceScore":1.3956423827760804,"voiceScore":0.3304571323664402,"engagementScore":0.2959927140255009,"combinedScore":0.3526984183800769,"combinedScoreRank":164,"SEIrank":166,"engagementSEIrank":159,"voiceSEIrank":169,"audienceSEIrank":131,"engagementSEI":0.5601570354766123,"engagementSEIadj":0.5601570354766123,"voiceSEI":0.8591885441527447,"voiceSEIadj":0.8591885441527447,"audienceSEI":3.093378925671654,"audienceSEIadj":3.093378925671654,"SEI":0.9031886770989563,"SEIadj":0.9031886770989563},"non_scoped":{"SEI":0.9031886770989563,"SEIrank":114,"SEIadj":0,"audienceSEI":3.093378925671654,"audienceSEIadj":0,"audienceSEIrank":35,"audienceScore":0.5021739654023528,"combinedScore":0.14492501114229328,"combinedScoreRank":97,"engagementSEI":0.5601570354766123,"engagementSEIadj":0,"engagementSEIrank":97,"engagementScore":0.12889768608455834,"voiceSEI":0.8591885441527447,"voiceSEIadj":0,"voiceSEIrank":153,"voiceScore":0.07616790792146243},"scoped":{"SEI":4.138742235077784,"SEIrank":92,"SEIadj":0,"audienceSEI":15.027284895493704,"audienceSEIadj":0,"audienceSEIrank":26,"audienceScore":0.7954567131477904,"combinedScore":0.2689825696961101,"combinedScoreRank":84,"engagementSEI":3.079487629408668,"engagementSEIadj":0,"engagementSEIrank":85,"engagementScore":0.24704913532802636,"voiceSEI":2.627737226277372,"voiceSEIadj":0,"voiceSEIrank":140,"voiceScore":0.1373102448699367}},"instagram":{"entityString":"536575feb08f37d80186a0c1","type":"instagram","profiles":0,"postsMade":0,"repliesMade":0,"repliesRcvd":0,"sharesMade":0,"sharesRcvd":0,"mentionsRcvd":0,"likesRcvd":0,"reachRcvd":0,"audience":0,"voice":0,"conversation":0,"engagement":0,"group_scoped":{"audienceScore":0,"voiceScore":0,"engagementScore":0,"combinedScore":0,"combinedScoreRank":97,"SEIrank":60,"engagementSEIrank":57,"voiceSEIrank":57,"audienceSEIrank":60,"engagementSEI":0,"engagementSEIadj":0,"voiceSEI":0,"voiceSEIadj":0,"audienceSEI":0,"audienceSEIadj":0,"SEI":0,"SEIadj":0},"non_scoped":{"SEI":0,"SEIrank":60,"SEIadj":0,"audienceSEI":0,"audienceSEIadj":0,"audienceSEIrank":60,"audienceScore":0,"combinedScore":0,"combinedScoreRank":60,"engagementSEI":0,"engagementSEIadj":0,"engagementSEIrank":57,"engagementScore":0,"voiceSEI":0,"voiceSEIadj":0,"voiceSEIrank":57,"voiceScore":0},"scoped":{"SEI":0,"SEIrank":54,"SEIadj":0,"audienceSEI":0,"audienceSEIadj":0,"audienceSEIrank":54,"audienceScore":0,"combinedScore":0,"combinedScoreRank":54,"engagementSEI":0,"engagementSEIadj":0,"engagementSEIrank":51,"engagementScore":0,"voiceSEI":0,"voiceSEIadj":0,"voiceSEIrank":51,"voiceScore":0}}},"quarter":{"boundaryQuantum":4969914,"combined":{"entityString":"536575feb08f37d80186a0c1","type":"combined","profiles":2,"postsMade":124,"repliesMade":0,"repliesRcvd":3203,"sharesMade":0,"sharesRcvd":1388,"mentionsRcvd":0,"likesRcvd":38885,"reachRcvd":0,"audience":68925,"voice":124,"conversation":3327,"engagement":43476,"group_scoped":{"audienceScore":1.7267689141009819,"voiceScore":0.45700807135222793,"engagementScore":0.5005668739082914,"combinedScore":0.5596990357901227,"combinedScoreRank":53,"SEIrank":98,"engagementSEIrank":51,"voiceSEIrank":141,"audienceSEIrank":55,"engagementSEI":0.5650133826141032,"engagementSEIadj":0.5650133826141032,"voiceSEI":1.1583372255955162,"voiceSEIadj":1.1583372255955162,"audienceSEI":2.7079003508385946,"audienceSEIadj":2.7079003508385946,"SEI":0.9572992323309761,"SEIadj":0.9572992323309761},"non_scoped":{"SEI":0.8473218184074083,"SEIrank":75,"SEIadj":0,"audienceSEI":2.7079003508385946,"audienceSEIadj":0,"audienceSEIrank":24,"audienceScore":0.4989818381470149,"combinedScore":0.1719555221512356,"combinedScoreRank":28,"engagementSEI":0.38171769274149003,"engagementSEIadj":0,"engagementSEIrank":26,"engagementScore":0.15716038413126918,"voiceSEI":1.1583372255955162,"voiceSEIadj":0,"voiceSEIrank":123,"voiceScore":0.11124169051485167},"scoped":{"SEI":11.723302340620883,"SEIrank":29,"SEIadj":0,"audienceSEI":35.351955192647,"audienceSEIadj":0,"audienceSEIrank":16,"audienceScore":1.4325432677948686,"combinedScore":1.524375354421461,"combinedScoreRank":18,"engagementSEI":11.361551668718102,"engagementSEIadj":0,"engagementSEIrank":18,"engagementScore":1.6010723900082124,"voiceSEI":4.570586067084408,"voiceSEIadj":0,"voiceSEIrank":112,"voiceScore":0.23566080048652555}},"facebook":{"entityString":"536575feb08f37d80186a0c1","type":"facebook","profiles":1,"postsMade":56,"repliesMade":0,"repliesRcvd":3203,"sharesMade":0,"sharesRcvd":1310,"mentionsRcvd":0,"likesRcvd":37680,"reachRcvd":0,"audience":51411,"voice":56,"conversation":3259,"engagement":42193,"group_scoped":{"audienceScore":1.966427188721702,"voiceScore":0.529500756429652,"engagementScore":0.5593193624345193,"combinedScore":0.6281838234486351,"combinedScoreRank":42,"SEIrank":66,"engagementSEIrank":42,"voiceSEIrank":89,"audienceSEIrank":32,"engagementSEI":0.6272979341822588,"engagementSEIadj":0.6272979341822588,"voiceSEI":1.3490725126475547,"voiceSEIadj":1.3490725126475547,"audienceSEI":2.7685915031043056,"audienceSEIadj":2.7685915031043056,"SEI":1.057959664614052,"SEIadj":1.057959664614052},"non_scoped":{"SEI":0.8808512340392327,"SEIrank":48,"SEIadj":0,"audienceSEI":2.7685915031043056,"audienceSEIadj":0,"audienceSEIrank":17,"audienceScore":0.5280291656233304,"combinedScore":0.18833096095516944,"combinedScoreRank":21,"engagementSEI":0.39396200679818594,"engagementSEIadj":0,"engagementSEIrank":20,"engagementScore":0.17213318269045066,"voiceSEI":1.225382932166302,"voiceSEIadj":0,"voiceSEIrank":77,"voiceScore":0.14019276505194644},"scoped":{"SEI":27.265287406360557,"SEIrank":17,"SEIadj":0,"audienceSEI":35.28987795335045,"audienceSEIadj":0,"audienceSEIrank":9,"audienceScore":2.1645196615482942,"combinedScore":2.2697471914605547,"combinedScoreRank":13,"engagementSEI":36.569046360256195,"engagementSEIadj":0,"engagementSEIrank":13,"engagementScore":2.379935731074539,"voiceSEI":5.982905982905983,"voiceSEIadj":0,"voiceSEIrank":68,"voiceScore":0.39158100832109644}},"twitter":{"entityString":"536575feb08f37d80186a0c1","type":"twitter","profiles":1,"postsMade":68,"repliesMade":0,"repliesRcvd":0,"sharesMade":0,"sharesRcvd":78,"mentionsRcvd":0,"likesRcvd":1205,"reachRcvd":0,"audience":17514,"voice":68,"conversation":68,"engagement":1283,"group_scoped":{"audienceScore":1.3956423827760804,"voiceScore":0.4250797024442083,"engagementScore":0.3583588672172861,"combinedScore":0.41355908475657194,"combinedScoreRank":152,"SEIrank":159,"engagementSEIrank":155,"voiceSEIrank":160,"audienceSEIrank":131,"engagementSEI":0.6941288493583501,"engagementSEIadj":0.6941288493583501,"voiceSEI":1.1344678011344678,"voiceSEIadj":1.1344678011344678,"audienceSEI":3.093378925671654,"audienceSEIadj":3.093378925671654,"SEI":1.0661555425225158,"SEIadj":1.0661555425225158},"non_scoped":{"SEI":1.0661555425225158,"SEIrank":101,"SEIadj":0,"audienceSEI":3.093378925671654,"audienceSEIadj":0,"audienceSEIrank":35,"audienceScore":0.5021739654023528,"combinedScore":0.17666544271607276,"combinedScoreRank":89,"engagementSEI":0.6941288493583501,"engagementSEIadj":0,"engagementSEIrank":89,"engagementScore":0.16289767410561815,"voiceSEI":1.1344678011344678,"voiceSEIadj":0,"voiceSEIrank":137,"voiceScore":0.09897675501797593},"scoped":{"SEI":5.119478397968551,"SEIrank":86,"SEIadj":0,"audienceSEI":15.027284895493704,"audienceSEIadj":0,"audienceSEIrank":26,"audienceScore":0.7954567131477904,"combinedScore":0.33999237869427523,"combinedScoreRank":79,"engagementSEI":4.22706905640485,"engagementSEIadj":0,"engagementSEIrank":79,"engagementScore":0.32351687809994983,"voiceSEI":3.6016949152542375,"voiceSEIadj":0,"voiceSEIrank":126,"voiceScore":0.18108705493861682}},"instagram":{"entityString":"536575feb08f37d80186a0c1","type":"instagram","profiles":0,"postsMade":0,"repliesMade":0,"repliesRcvd":0,"sharesMade":0,"sharesRcvd":0,"mentionsRcvd":0,"likesRcvd":0,"reachRcvd":0,"audience":0,"voice":0,"conversation":0,"engagement":0,"group_scoped":{"audienceScore":0,"voiceScore":0,"engagementScore":0,"combinedScore":0,"combinedScoreRank":97,"SEIrank":60,"engagementSEIrank":58,"voiceSEIrank":58,"audienceSEIrank":60,"engagementSEI":0,"engagementSEIadj":0,"voiceSEI":0,"voiceSEIadj":0,"audienceSEI":0,"audienceSEIadj":0,"SEI":0,"SEIadj":0},"non_scoped":{"SEI":0,"SEIrank":60,"SEIadj":0,"audienceSEI":0,"audienceSEIadj":0,"audienceSEIrank":60,"audienceScore":0,"combinedScore":0,"combinedScoreRank":60,"engagementSEI":0,"engagementSEIadj":0,"engagementSEIrank":58,"engagementScore":0,"voiceSEI":0,"voiceSEIadj":0,"voiceSEIrank":58,"voiceScore":0},"scoped":{"SEI":0,"SEIrank":54,"SEIadj":0,"audienceSEI":0,"audienceSEIadj":0,"audienceSEIrank":54,"audienceScore":0,"combinedScore":0,"combinedScoreRank":54,"engagementSEI":0,"engagementSEIadj":0,"engagementSEIrank":52,"engagementScore":0,"voiceSEI":0,"voiceSEIadj":0,"voiceSEIrank":52,"voiceScore":0}}},"blended":{"combined":{"non_scoped":{"SEI":0.658305206387702,"SEIadj":50.32915260319385,"SEIrank":92,"audienceSEI":2.707900350838594,"audienceSEIadj":61.08316014033544,"audienceSEIrank":24,"engagementSEI":0.23712924205959815,"engagementSEIadj":60.09485169682384,"engagementSEIrank":34,"voiceSEI":0.8174587535602786,"voiceSEIadj":50.40872937678014,"voiceSEIrank":149},"scoped":{"SEI":21.629736589876433,"SEIadj":68.65189463595057,"SEIrank":25,"compCharisma":12,"compInfluence":3,"compEva":6.629736589876434,"audienceSEI":35.351955192647,"audienceSEIadj":80.6055865577941,"audienceSEIrank":16,"engagementSEI":7.058270181853253,"engagementSEIadj":62.8233080727413,"engagementSEIrank":26,"voiceSEI":3.177266632939384,"voiceSEIadj":51.58863331646969,"voiceSEIrank":137}},"facebook":{"non_scoped":{"SEI":0.648272625106301,"SEIadj":60.25930905004252,"SEIrank":64,"audienceSEI":2.7685915031043056,"audienceSEIadj":70.83057745093129,"audienceSEIrank":17,"engagementSEI":0.24336979425847258,"engagementSEIadj":60.09734791770339,"engagementSEIrank":29,"voiceSEI":0.7513053274692896,"voiceSEIadj":50.37565266373465,"voiceSEIrank":100},"scoped":{"SEI":18.01797953065587,"SEIadj":67.20719181226235,"SEIrank":25,"audienceSEI":35.28987795335044,"audienceSEIadj":80.58696338600514,"audienceSEIrank":9,"engagementSEI":22.40436611278694,"engagementSEIadj":68.96174644511477,"engagementSEIrank":21,"voiceSEI":3.4879068921622114,"voiceSEIadj":51.74395344608111,"voiceSEIrank":90}},"twitter":{"non_scoped":{"SEI":0.9106891946975101,"SEIadj":50.455344597348756,"SEIrank":112,"audienceSEI":3.093378925671654,"audienceSEIadj":61.237351570268665,"audienceSEIrank":35,"engagementSEI":0.5592593702614089,"engagementSEIadj":50.27962968513071,"engagementSEIrank":100,"voiceSEI":0.8859855999116646,"voiceSEIadj":50.44299279995583,"voiceSEIrank":148},"scoped":{"SEI":4.332091355908116,"SEIadj":52.16604567795406,"SEIrank":93,"audienceSEI":15.027284895493704,"audienceSEIadj":66.01091395819748,"audienceSEIrank":26,"engagementSEI":3.3624189382983953,"engagementSEIadj":51.681209469149195,"engagementSEIrank":90,"voiceSEI":2.7063716779323608,"voiceSEIadj":51.35318583896618,"voiceSEIrank":136}},"instagram":{"non_scoped":{"SEI":0,"SEIadj":0,"SEIrank":60,"audienceSEI":0,"audienceSEIadj":0,"audienceSEIrank":60,"engagementSEI":0,"engagementSEIadj":0,"engagementSEIrank":58,"voiceSEI":0,"voiceSEIadj":0,"voiceSEIrank":58},"scoped":{"SEI":0,"SEIadj":0,"SEIrank":54,"audienceSEI":0,"audienceSEIadj":0,"audienceSEIrank":54,"engagementSEI":0,"engagementSEIadj":0,"engagementSEIrank":52,"voiceSEI":0,"voiceSEIadj":0,"voiceSEIrank":52}},"influence":{"instagram":{"scope":"individual","ratio":0,"calculated":false},"combined":{"ratio":0.81,"bottom":false,"scope":"individual","calculated":true},"facebook":{"ratio":0.96,"bottom":false,"scope":"individual","calculated":true},"twitter":{"ratio":0.34,"bottom":false,"scope":"individual","calculated":true}},"charisma":{"instagram":{"scope":"individual","ratio":0,"calculated":false},"combined":{"ratio":2,"bottom":false,"scope":"individual","calculated":true},"facebook":{"ratio":2,"bottom":false,"scope":"individual","calculated":true},"twitter":{"ratio":1.56,"bottom":false,"scope":"individual","calculated":true}}},"scope":"individual"}}