{"scoreEntityString":"591d1494ab33fb0001804f89.asset.536575feb08f37d80186a107","timeQuantum":4995834,"scoreEntityType":"asset","scoreProfileID":"591d1494ab33fb0001804f89","data":{"scoreEntityString":"591d1494ab33fb0001804f89.asset.536575feb08f37d80186a107","scoreProfileID":"591d1494ab33fb0001804f89","scoreEntityType":"asset","entityID":"asset.536575feb08f37d80186a107","object_version":"1.2","score_engine_version":"3.0.20","timestamp":4995834,"start_quantum":4969914,"end_quantum":4995833,"schedule_options":{"interval":15,"offset":"1"},"_15min":{"boundaryQuantum":4995831,"combined":{"entityString":"536575feb08f37d80186a107","type":"combined","profiles":2,"postsMade":0,"repliesMade":0,"repliesRcvd":0,"sharesMade":0,"sharesRcvd":0,"mentionsRcvd":0,"likesRcvd":0,"reachRcvd":0,"audience":3206,"voice":0,"conversation":0,"engagement":0,"group_scoped":{"audienceScore":0.21172658872539407,"voiceScore":0,"engagementScore":0,"combinedScore":0.21172658872539407,"engagementSEI":0,"engagementSEIadj":0,"voiceSEI":0,"voiceSEIadj":0,"audienceSEI":0.49240201875612427,"audienceSEIadj":0.49240201875612427,"SEI":0.04924020187561243,"SEIadj":0.04924020187561243,"combinedScoreRank":186,"SEIrank":163,"engagementSEIrank":142,"voiceSEIrank":138,"audienceSEIrank":163},"non_scoped":{"SEI":0.012595616285511113,"SEIrank":198,"SEIadj":0,"audienceSEI":0.12595616285511113,"audienceSEIadj":0,"audienceSEIrank":198,"audienceScore":0.023209804470066448,"combinedScore":0.0011604902235033225,"combinedScoreRank":198,"engagementSEI":0,"engagementSEIadj":0,"engagementSEIrank":142,"engagementScore":0,"voiceSEI":0,"voiceSEIadj":0,"voiceSEIrank":138,"voiceScore":0},"scoped":{"SEI":0.1644372409831357,"SEIrank":181,"SEIadj":0,"audienceSEI":1.6443724098313568,"audienceSEIadj":0,"audienceSEIrank":181,"audienceScore":0.0666337862393957,"combinedScore":0.003331689311969785,"combinedScoreRank":181,"engagementSEI":0,"engagementSEIadj":0,"engagementSEIrank":127,"engagementScore":0,"voiceSEI":0,"voiceSEIadj":0,"voiceSEIrank":125,"voiceScore":0}},"facebook":{"entityString":"536575feb08f37d80186a107","type":"facebook","profiles":1,"postsMade":0,"repliesMade":0,"repliesRcvd":0,"sharesMade":0,"sharesRcvd":0,"mentionsRcvd":0,"likesRcvd":0,"reachRcvd":0,"audience":253,"voice":0,"conversation":0,"engagement":0,"group_scoped":{"audienceScore":0.024337594175907896,"voiceScore":0,"engagementScore":0,"combinedScore":0.024337594175907896,"engagementSEI":0,"engagementSEIadj":0,"voiceSEI":0,"voiceSEIadj":0,"audienceSEI":0.046530019218920984,"audienceSEIadj":0.046530019218920984,"SEI":0.004653001921892099,"SEIadj":0.004653001921892099,"combinedScoreRank":165,"SEIrank":165,"engagementSEIrank":141,"voiceSEIrank":138,"audienceSEIrank":165},"non_scoped":{"SEI":0.0013624587156160926,"SEIrank":167,"SEIadj":0,"audienceSEI":0.013624587156160925,"audienceSEIadj":0,"audienceSEIrank":167,"audienceScore":0.0025984979654685297,"combinedScore":0.0001299248982734265,"combinedScoreRank":167,"engagementSEI":0,"engagementSEIadj":0,"engagementSEIrank":141,"engagementScore":0,"voiceSEI":0,"voiceSEIadj":0,"voiceSEIrank":138,"voiceScore":0},"scoped":{"SEI":0.01736659299021156,"SEIrank":152,"SEIadj":0,"audienceSEI":0.17366592990211557,"audienceSEIadj":0,"audienceSEIrank":152,"audienceScore":0.01065187361404599,"combinedScore":0.0005325936807022996,"combinedScoreRank":152,"engagementSEI":0,"engagementSEIadj":0,"engagementSEIrank":126,"engagementScore":0,"voiceSEI":0,"voiceSEIadj":0,"voiceSEIrank":125,"voiceScore":0}},"twitter":{"entityString":"536575feb08f37d80186a107","type":"twitter","profiles":1,"postsMade":0,"repliesMade":0,"repliesRcvd":0,"sharesMade":0,"sharesRcvd":0,"mentionsRcvd":0,"likesRcvd":0,"reachRcvd":0,"audience":2953,"voice":0,"conversation":0,"engagement":0,"group_scoped":{"audienceScore":0.6955419833663479,"voiceScore":0,"engagementScore":0,"combinedScore":0.6955419833663479,"engagementSEI":0,"engagementSEIadj":0,"voiceSEI":0,"voiceSEIadj":0,"audienceSEI":2.5337200123554244,"audienceSEIadj":2.5337200123554244,"SEI":0.25337200123554243,"SEIadj":0.25337200123554243,"combinedScoreRank":171,"SEIrank":152,"engagementSEIrank":139,"voiceSEIrank":138,"audienceSEIrank":151},"non_scoped":{"SEI":0.052156834346856196,"SEIrank":177,"SEIadj":0,"audienceSEI":0.521568343468562,"audienceSEIadj":0,"audienceSEIrank":177,"audienceScore":0.0846705332781288,"combinedScore":0.004233526663906441,"combinedScoreRank":177,"engagementSEI":0,"engagementSEIadj":0,"engagementSEIrank":139,"engagementScore":0,"voiceSEI":0,"voiceSEIadj":0,"voiceSEIrank":138,"voiceScore":0},"scoped":{"SEI":0.25337200123554243,"SEIrank":160,"SEIadj":0,"audienceSEI":2.5337200123554244,"audienceSEIadj":0,"audienceSEIrank":160,"audienceScore":0.1341203422362353,"combinedScore":0.01916004889089076,"combinedScoreRank":160,"engagementSEI":0,"engagementSEIadj":0,"engagementSEIrank":126,"engagementScore":0,"voiceSEI":0,"voiceSEIadj":0,"voiceSEIrank":125,"voiceScore":0}},"instagram":{"entityString":"536575feb08f37d80186a107","type":"instagram","profiles":0,"postsMade":0,"repliesMade":0,"repliesRcvd":0,"sharesMade":0,"sharesRcvd":0,"mentionsRcvd":0,"likesRcvd":0,"reachRcvd":0,"audience":0,"voice":0,"conversation":0,"engagement":0,"group_scoped":{"audienceScore":0,"voiceScore":0,"engagementScore":0,"combinedScore":0,"engagementSEI":0,"engagementSEIadj":0,"voiceSEI":0,"voiceSEIadj":0,"audienceSEI":0,"audienceSEIadj":0,"SEI":0,"SEIadj":0,"combinedScoreRank":158,"SEIrank":139,"engagementSEIrank":139,"voiceSEIrank":138,"audienceSEIrank":139},"non_scoped":{"SEI":0,"SEIrank":139,"SEIadj":0,"audienceSEI":0,"audienceSEIadj":0,"audienceSEIrank":139,"audienceScore":0,"combinedScore":0,"combinedScoreRank":139,"engagementSEI":0,"engagementSEIadj":0,"engagementSEIrank":139,"engagementScore":0,"voiceSEI":0,"voiceSEIadj":0,"voiceSEIrank":138,"voiceScore":0},"scoped":{"SEI":0,"SEIrank":125,"SEIadj":0,"audienceSEI":0,"audienceSEIadj":0,"audienceSEIrank":125,"audienceScore":0,"combinedScore":0,"combinedScoreRank":125,"engagementSEI":0,"engagementSEIadj":0,"engagementSEIrank":125,"engagementScore":0,"voiceSEI":0,"voiceSEIadj":0,"voiceSEIrank":125,"voiceScore":0}}},"hour":{"boundaryQuantum":4995822,"combined":{"entityString":"536575feb08f37d80186a107","type":"combined","profiles":2,"postsMade":0,"repliesMade":0,"repliesRcvd":0,"sharesMade":0,"sharesRcvd":0,"mentionsRcvd":0,"likesRcvd":0,"reachRcvd":0,"audience":3206,"voice":0,"conversation":0,"engagement":0,"group_scoped":{"audienceScore":0.21172658872539407,"voiceScore":0,"engagementScore":0,"combinedScore":0.21172658872539407,"combinedScoreRank":180,"SEIrank":169,"engagementSEIrank":161,"voiceSEIrank":144,"audienceSEIrank":163,"engagementSEI":0,"engagementSEIadj":0,"voiceSEI":0,"voiceSEIadj":0,"audienceSEI":0.49240201875612427,"audienceSEIadj":0.49240201875612427,"SEI":0.04924020187561243,"SEIadj":0.04924020187561243},"non_scoped":{"SEI":0.012595616285511113,"SEIrank":199,"SEIadj":0,"audienceSEI":0.12595616285511113,"audienceSEIadj":0,"audienceSEIrank":198,"audienceScore":0.023209804470066448,"combinedScore":0.0011604902235033225,"combinedScoreRank":199,"engagementSEI":0,"engagementSEIadj":0,"engagementSEIrank":161,"engagementScore":0,"voiceSEI":0,"voiceSEIadj":0,"voiceSEIrank":144,"voiceScore":0},"scoped":{"SEI":0.1644372409831357,"SEIrank":182,"SEIadj":0,"audienceSEI":1.6443724098313568,"audienceSEIadj":0,"audienceSEIrank":181,"audienceScore":0.0666337862393957,"combinedScore":0.003331689311969785,"combinedScoreRank":182,"engagementSEI":0,"engagementSEIadj":0,"engagementSEIrank":145,"engagementScore":0,"voiceSEI":0,"voiceSEIadj":0,"voiceSEIrank":129,"voiceScore":0}},"facebook":{"entityString":"536575feb08f37d80186a107","type":"facebook","profiles":1,"postsMade":0,"repliesMade":0,"repliesRcvd":0,"sharesMade":0,"sharesRcvd":0,"mentionsRcvd":0,"likesRcvd":0,"reachRcvd":0,"audience":253,"voice":0,"conversation":0,"engagement":0,"group_scoped":{"audienceScore":0.024337594175907896,"voiceScore":0,"engagementScore":0,"combinedScore":0.024337594175907896,"combinedScoreRank":165,"SEIrank":165,"engagementSEIrank":156,"voiceSEIrank":142,"audienceSEIrank":165,"engagementSEI":0,"engagementSEIadj":0,"voiceSEI":0,"voiceSEIadj":0,"audienceSEI":0.046530019218920984,"audienceSEIadj":0.046530019218920984,"SEI":0.004653001921892099,"SEIadj":0.004653001921892099},"non_scoped":{"SEI":0.0013624587156160926,"SEIrank":167,"SEIadj":0,"audienceSEI":0.013624587156160925,"audienceSEIadj":0,"audienceSEIrank":167,"audienceScore":0.0025984979654685297,"combinedScore":0.0001299248982734265,"combinedScoreRank":167,"engagementSEI":0,"engagementSEIadj":0,"engagementSEIrank":156,"engagementScore":0,"voiceSEI":0,"voiceSEIadj":0,"voiceSEIrank":142,"voiceScore":0},"scoped":{"SEI":0.01736659299021156,"SEIrank":152,"SEIadj":0,"audienceSEI":0.17366592990211557,"audienceSEIadj":0,"audienceSEIrank":152,"audienceScore":0.01065187361404599,"combinedScore":0.0005325936807022996,"combinedScoreRank":152,"engagementSEI":0,"engagementSEIadj":0,"engagementSEIrank":140,"engagementScore":0,"voiceSEI":0,"voiceSEIadj":0,"voiceSEIrank":127,"voiceScore":0}},"twitter":{"entityString":"536575feb08f37d80186a107","type":"twitter","profiles":1,"postsMade":0,"repliesMade":0,"repliesRcvd":0,"sharesMade":0,"sharesRcvd":0,"mentionsRcvd":0,"likesRcvd":0,"reachRcvd":0,"audience":2953,"voice":0,"conversation":0,"engagement":0,"group_scoped":{"audienceScore":0.6955419833663479,"voiceScore":0,"engagementScore":0,"combinedScore":0.6955419833663479,"combinedScoreRank":177,"SEIrank":160,"engagementSEIrank":147,"voiceSEIrank":143,"audienceSEIrank":151,"engagementSEI":0,"engagementSEIadj":0,"voiceSEI":0,"voiceSEIadj":0,"audienceSEI":2.5337200123554244,"audienceSEIadj":2.5337200123554244,"SEI":0.25337200123554243,"SEIadj":0.25337200123554243},"non_scoped":{"SEI":0.052156834346856196,"SEIrank":180,"SEIadj":0,"audienceSEI":0.521568343468562,"audienceSEIadj":0,"audienceSEIrank":177,"audienceScore":0.0846705332781288,"combinedScore":0.004233526663906441,"combinedScoreRank":180,"engagementSEI":0,"engagementSEIadj":0,"engagementSEIrank":147,"engagementScore":0,"voiceSEI":0,"voiceSEIadj":0,"voiceSEIrank":143,"voiceScore":0},"scoped":{"SEI":0.25337200123554243,"SEIrank":163,"SEIadj":0,"audienceSEI":2.5337200123554244,"audienceSEIadj":0,"audienceSEIrank":160,"audienceScore":0.1341203422362353,"combinedScore":0.006706017111811766,"combinedScoreRank":163,"engagementSEI":0,"engagementSEIadj":0,"engagementSEIrank":131,"engagementScore":0,"voiceSEI":0,"voiceSEIadj":0,"voiceSEIrank":128,"voiceScore":0}},"instagram":{"entityString":"536575feb08f37d80186a107","type":"instagram","profiles":0,"postsMade":0,"repliesMade":0,"repliesRcvd":0,"sharesMade":0,"sharesRcvd":0,"mentionsRcvd":0,"likesRcvd":0,"reachRcvd":0,"audience":0,"voice":0,"conversation":0,"engagement":0,"group_scoped":{"audienceScore":0,"voiceScore":0,"engagementScore":0,"combinedScore":0,"combinedScoreRank":158,"SEIrank":139,"engagementSEIrank":139,"voiceSEIrank":138,"audienceSEIrank":139,"engagementSEI":0,"engagementSEIadj":0,"voiceSEI":0,"voiceSEIadj":0,"audienceSEI":0,"audienceSEIadj":0,"SEI":0,"SEIadj":0},"non_scoped":{"SEI":0,"SEIrank":139,"SEIadj":0,"audienceSEI":0,"audienceSEIadj":0,"audienceSEIrank":139,"audienceScore":0,"combinedScore":0,"combinedScoreRank":139,"engagementSEI":0,"engagementSEIadj":0,"engagementSEIrank":139,"engagementScore":0,"voiceSEI":0,"voiceSEIadj":0,"voiceSEIrank":138,"voiceScore":0},"scoped":{"SEI":0,"SEIrank":125,"SEIadj":0,"audienceSEI":0,"audienceSEIadj":0,"audienceSEIrank":125,"audienceScore":0,"combinedScore":0,"combinedScoreRank":125,"engagementSEI":0,"engagementSEIadj":0,"engagementSEIrank":125,"engagementScore":0,"voiceSEI":0,"voiceSEIadj":0,"voiceSEIrank":125,"voiceScore":0}}},"today":{"boundaryQuantum":4995546,"combined":{"entityString":"536575feb08f37d80186a107","type":"combined","profiles":2,"postsMade":0,"repliesMade":0,"repliesRcvd":0,"sharesMade":0,"sharesRcvd":0,"mentionsRcvd":0,"likesRcvd":1,"reachRcvd":0,"audience":3206,"voice":0,"conversation":0,"engagement":1,"group_scoped":{"audienceScore":0.21172658872539407,"voiceScore":0,"engagementScore":0.0030933894267949394,"combinedScore":0.03289813218373767,"combinedScoreRank":225,"SEIrank":193,"engagementSEIrank":164,"voiceSEIrank":192,"audienceSEIrank":163,"engagementSEI":0.0037214841278701946,"engagementSEIadj":0.0037214841278701946,"voiceSEI":0,"voiceSEIadj":0,"audienceSEI":0.49240201875612427,"audienceSEIadj":0.49240201875612427,"SEI":0.05147309235233454,"SEIadj":0.05147309235233454},"non_scoped":{"SEI":0.013205359989907366,"SEIrank":204,"SEIadj":0,"audienceSEI":0.12595616285511113,"audienceSEIadj":0,"audienceSEIrank":198,"audienceScore":0.023209804470066448,"combinedScore":0.0014953652221080102,"combinedScoreRank":200,"engagementSEI":0.0010162395073270868,"engagementSEIadj":0,"engagementSEIrank":163,"engagementScore":0.0003720833317829861,"voiceSEI":0,"voiceSEIadj":0,"voiceSEIrank":192,"voiceScore":0},"scoped":{"SEI":0.1960995101124233,"SEIrank":184,"SEIadj":0,"audienceSEI":1.6443724098313568,"audienceSEIadj":0,"audienceSEIrank":181,"audienceScore":0.0666337862393957,"combinedScore":0.007054389510513796,"combinedScoreRank":173,"engagementSEI":0.05277044854881266,"engagementSEIadj":0,"engagementSEIrank":151,"engagementScore":0.00413633355393779,"voiceSEI":0,"voiceSEIadj":0,"voiceSEIrank":174,"voiceScore":0}},"facebook":{"entityString":"536575feb08f37d80186a107","type":"facebook","profiles":1,"postsMade":0,"repliesMade":0,"repliesRcvd":0,"sharesMade":0,"sharesRcvd":0,"mentionsRcvd":0,"likesRcvd":0,"reachRcvd":0,"audience":253,"voice":0,"conversation":0,"engagement":0,"group_scoped":{"audienceScore":0.024337594175907896,"voiceScore":0,"engagementScore":0,"combinedScore":0.024337594175907896,"combinedScoreRank":164,"SEIrank":165,"engagementSEIrank":181,"voiceSEIrank":169,"audienceSEIrank":165,"engagementSEI":0,"engagementSEIadj":0,"voiceSEI":0,"voiceSEIadj":0,"audienceSEI":0.046530019218920984,"audienceSEIadj":0.046530019218920984,"SEI":0.004653001921892099,"SEIadj":0.004653001921892099},"non_scoped":{"SEI":0.0013624587156160926,"SEIrank":167,"SEIadj":0,"audienceSEI":0.013624587156160925,"audienceSEIadj":0,"audienceSEIrank":167,"audienceScore":0.0025984979654685297,"combinedScore":0.0001299248982734265,"combinedScoreRank":167,"engagementSEI":0,"engagementSEIadj":0,"engagementSEIrank":181,"engagementScore":0,"voiceSEI":0,"voiceSEIadj":0,"voiceSEIrank":169,"voiceScore":0},"scoped":{"SEI":0.01736659299021156,"SEIrank":152,"SEIadj":0,"audienceSEI":0.17366592990211557,"audienceSEIadj":0,"audienceSEIrank":152,"audienceScore":0.01065187361404599,"combinedScore":0.0005325936807022996,"combinedScoreRank":152,"engagementSEI":0,"engagementSEIadj":0,"engagementSEIrank":165,"engagementScore":0,"voiceSEI":0,"voiceSEIadj":0,"voiceSEIrank":153,"voiceScore":0}},"twitter":{"entityString":"536575feb08f37d80186a107","type":"twitter","profiles":1,"postsMade":0,"repliesMade":0,"repliesRcvd":0,"sharesMade":0,"sharesRcvd":0,"mentionsRcvd":0,"likesRcvd":1,"reachRcvd":0,"audience":2953,"voice":0,"conversation":0,"engagement":1,"group_scoped":{"audienceScore":0.6955419833663479,"voiceScore":0,"engagementScore":0.13458950201884254,"combinedScore":0.21472557078277185,"combinedScoreRank":211,"SEIrank":161,"engagementSEIrank":128,"voiceSEIrank":183,"audienceSEIrank":151,"engagementSEI":0.43859649122807015,"engagementSEIadj":0.43859649122807015,"voiceSEI":0,"voiceSEIadj":0,"audienceSEI":2.5337200123554244,"audienceSEIadj":2.5337200123554244,"SEI":0.5165298959723845,"SEIadj":0.5165298959723845},"non_scoped":{"SEI":0.0812971937446221,"SEIrank":175,"SEIadj":0,"audienceSEI":0.521568343468562,"audienceSEIadj":0,"audienceSEIrank":177,"audienceScore":0.0846705332781288,"combinedScore":0.014688916998478931,"combinedScoreRank":160,"engagementSEI":0.04856726566294317,"engagementSEIadj":0,"engagementSEIrank":145,"engagementScore":0.011617100371747211,"voiceSEI":0,"voiceSEIadj":0,"voiceSEIrank":183,"voiceScore":0},"scoped":{"SEI":0.466137958682351,"SEIrank":156,"SEIadj":0,"audienceSEI":2.5337200123554244,"audienceSEIadj":0,"audienceSEIrank":160,"audienceScore":0.1341203422362353,"combinedScore":0.028961209990150043,"combinedScoreRank":144,"engagementSEI":0.3546099290780142,"engagementSEIadj":0,"engagementSEIrank":134,"engagementScore":0.02472799208704253,"voiceSEI":0,"voiceSEIadj":0,"voiceSEIrank":165,"voiceScore":0}},"instagram":{"entityString":"536575feb08f37d80186a107","type":"instagram","profiles":0,"postsMade":0,"repliesMade":0,"repliesRcvd":0,"sharesMade":0,"sharesRcvd":0,"mentionsRcvd":0,"likesRcvd":0,"reachRcvd":0,"audience":0,"voice":0,"conversation":0,"engagement":0,"group_scoped":{"audienceScore":0,"voiceScore":0,"engagementScore":0,"combinedScore":0,"combinedScoreRank":158,"SEIrank":139,"engagementSEIrank":139,"voiceSEIrank":139,"audienceSEIrank":139,"engagementSEI":0,"engagementSEIadj":0,"voiceSEI":0,"voiceSEIadj":0,"audienceSEI":0,"audienceSEIadj":0,"SEI":0,"SEIadj":0},"non_scoped":{"SEI":0,"SEIrank":139,"SEIadj":0,"audienceSEI":0,"audienceSEIadj":0,"audienceSEIrank":139,"audienceScore":0,"combinedScore":0,"combinedScoreRank":139,"engagementSEI":0,"engagementSEIadj":0,"engagementSEIrank":139,"engagementScore":0,"voiceSEI":0,"voiceSEIadj":0,"voiceSEIrank":139,"voiceScore":0},"scoped":{"SEI":0,"SEIrank":125,"SEIadj":0,"audienceSEI":0,"audienceSEIadj":0,"audienceSEIrank":125,"audienceScore":0,"combinedScore":0,"combinedScoreRank":125,"engagementSEI":0,"engagementSEIadj":0,"engagementSEIrank":125,"engagementScore":0,"voiceSEI":0,"voiceSEIadj":0,"voiceSEIrank":125,"voiceScore":0}}},"week":{"boundaryQuantum":4993818,"combined":{"entityString":"536575feb08f37d80186a107","type":"combined","profiles":2,"postsMade":1,"repliesMade":0,"repliesRcvd":0,"sharesMade":0,"sharesRcvd":0,"mentionsRcvd":0,"likesRcvd":9,"reachRcvd":0,"audience":3206,"voice":1,"conversation":1,"engagement":9,"group_scoped":{"audienceScore":0.21172658872539407,"voiceScore":0.0816326530612245,"engagementScore":0.0048272126065339,"combinedScore":0.019012453435211442,"combinedScoreRank":226,"SEIrank":201,"engagementSEIrank":184,"voiceSEIrank":185,"audienceSEIrank":163,"engagementSEI":0.005625773543862281,"engagementSEIadj":0.005625773543862281,"voiceSEI":0.1855287569573284,"voiceSEIadj":0.1855287569573284,"audienceSEI":0.49240201875612427,"audienceSEIadj":0.49240201875612427,"SEI":0.10827429308912831,"SEIadj":0.10827429308912831},"non_scoped":{"SEI":0.04920458702641467,"SEIrank":199,"SEIadj":0,"audienceSEI":0.12595616285511113,"audienceSEIadj":0,"audienceSEIrank":198,"audienceScore":0.023209804470066448,"combinedScore":0.0021886876317378187,"combinedScoreRank":203,"engagementSEI":0.0011347117138811806,"engagementSEIadj":0,"engagementSEIrank":181,"engagementScore":0.00047590820471032794,"voiceSEI":0.11976047904191617,"voiceSEIadj":0,"voiceSEIrank":187,"voiceScore":0.01199760047990402},"scoped":{"SEI":0.31392336561588435,"SEIrank":186,"SEIadj":0,"audienceSEI":1.6443724098313568,"audienceSEIadj":0,"audienceSEIrank":181,"audienceScore":0.0666337862393957,"combinedScore":0.008658794440510424,"combinedScoreRank":179,"engagementSEI":0.030802929700869328,"engagementSEIadj":0,"engagementSEIrank":167,"engagementScore":0.004508250097678752,"voiceSEI":0.43668122270742354,"voiceSEIadj":0,"voiceSEIrank":172,"voiceScore":0.025393600812595223}},"facebook":{"entityString":"536575feb08f37d80186a107","type":"facebook","profiles":1,"postsMade":0,"repliesMade":0,"repliesRcvd":0,"sharesMade":0,"sharesRcvd":0,"mentionsRcvd":0,"likesRcvd":8,"reachRcvd":0,"audience":253,"voice":0,"conversation":0,"engagement":8,"group_scoped":{"audienceScore":0.024337594175907896,"voiceScore":0,"engagementScore":0.004720404538668964,"combinedScore":0.007522860201131668,"combinedScoreRank":168,"SEIrank":164,"engagementSEIrank":117,"voiceSEIrank":190,"audienceSEIrank":165,"engagementSEI":0.0054479583775979955,"engagementSEIadj":0.0054479583775979955,"voiceSEI":0,"voiceSEIadj":0,"audienceSEI":0.046530019218920984,"audienceSEIadj":0.046530019218920984,"SEI":0.007921776948450896,"SEIadj":0.007921776948450896},"non_scoped":{"SEI":0.002028884728444793,"SEIrank":165,"SEIadj":0,"audienceSEI":0.013624587156160925,"audienceSEIadj":0,"audienceSEIrank":167,"audienceScore":0.0025984979654685297,"combinedScore":0.0005787017010004935,"combinedScoreRank":161,"engagementSEI":0.0011107100213811679,"engagementSEIadj":0,"engagementSEIrank":122,"engagementScore":0.0004986408919189633,"voiceSEI":0,"voiceSEIadj":0,"voiceSEIrank":190,"voiceScore":0},"scoped":{"SEI":0.06672391946836066,"SEIrank":148,"SEIadj":0,"audienceSEI":0.17366592990211557,"audienceSEIadj":0,"audienceSEIrank":152,"audienceScore":0.01065187361404599,"combinedScore":0.006931228638577954,"combinedScoreRank":134,"engagementSEI":0.08226221079691518,"engagementSEIadj":0,"engagementSEIrank":112,"engagementScore":0.007109594397639615,"voiceSEI":0,"voiceSEIadj":0,"voiceSEIrank":174,"voiceScore":0}},"twitter":{"entityString":"536575feb08f37d80186a107","type":"twitter","profiles":1,"postsMade":1,"repliesMade":0,"repliesRcvd":0,"sharesMade":0,"sharesRcvd":0,"mentionsRcvd":0,"likesRcvd":1,"reachRcvd":0,"audience":2953,"voice":1,"conversation":1,"engagement":1,"group_scoped":{"audienceScore":0.6955419833663479,"voiceScore":0.1358695652173913,"engagementScore":0.019817677368212445,"combinedScore":0.05940648706057816,"combinedScoreRank":223,"SEIrank":189,"engagementSEIrank":176,"voiceSEIrank":174,"audienceSEIrank":151,"engagementSEI":0.08237232289950577,"engagementSEIadj":0.08237232289950577,"voiceSEI":0.34965034965034963,"voiceSEIadj":0.34965034965034963,"audienceSEI":2.5337200123554244,"audienceSEIadj":2.5337200123554244,"SEI":0.4076904998703508,"SEIadj":0.4076904998703508},"non_scoped":{"SEI":0.1200204472956387,"SEIrank":191,"SEIadj":0,"audienceSEI":0.521568343468562,"audienceSEIadj":0,"audienceSEIrank":177,"audienceScore":0.0846705332781288,"combinedScore":0.006664933657351662,"combinedScoreRank":194,"engagementSEI":0.007620789513793629,"engagementSEIadj":0,"engagementSEIrank":180,"engagementScore":0.001611811353599175,"voiceSEI":0.21097046413502107,"voiceSEIadj":0,"voiceSEIrank":178,"voiceScore":0.019615535504119264},"scoped":{"SEI":0.45179857466211587,"SEIrank":174,"SEIadj":0,"audienceSEI":2.5337200123554244,"audienceSEIadj":0,"audienceSEIrank":160,"audienceScore":0.1341203422362353,"combinedScore":0.01108433906402978,"combinedScoreRank":176,"engagementSEI":0.046620046620046623,"engagementSEIadj":0,"engagementSEIrank":166,"engagementScore":0.0029030946989490798,"voiceSEI":0.5681818181818182,"voiceSEIadj":0,"voiceSEIrank":164,"voiceScore":0.03531073446327684}},"instagram":{"entityString":"536575feb08f37d80186a107","type":"instagram","profiles":0,"postsMade":0,"repliesMade":0,"repliesRcvd":0,"sharesMade":0,"sharesRcvd":0,"mentionsRcvd":0,"likesRcvd":0,"reachRcvd":0,"audience":0,"voice":0,"conversation":0,"engagement":0,"group_scoped":{"audienceScore":0,"voiceScore":0,"engagementScore":0,"combinedScore":0,"combinedScoreRank":158,"SEIrank":139,"engagementSEIrank":139,"voiceSEIrank":139,"audienceSEIrank":139,"engagementSEI":0,"engagementSEIadj":0,"voiceSEI":0,"voiceSEIadj":0,"audienceSEI":0,"audienceSEIadj":0,"SEI":0,"SEIadj":0},"non_scoped":{"SEI":0,"SEIrank":139,"SEIadj":0,"audienceSEI":0,"audienceSEIadj":0,"audienceSEIrank":139,"audienceScore":0,"combinedScore":0,"combinedScoreRank":139,"engagementSEI":0,"engagementSEIadj":0,"engagementSEIrank":139,"engagementScore":0,"voiceSEI":0,"voiceSEIadj":0,"voiceSEIrank":139,"voiceScore":0},"scoped":{"SEI":0,"SEIrank":125,"SEIadj":0,"audienceSEI":0,"audienceSEIadj":0,"audienceSEIrank":125,"audienceScore":0,"combinedScore":0,"combinedScoreRank":125,"engagementSEI":0,"engagementSEIadj":0,"engagementSEIrank":125,"engagementScore":0,"voiceSEI":0,"voiceSEIadj":0,"voiceSEIrank":125,"voiceScore":0}}},"month":{"boundaryQuantum":4987194,"combined":{"entityString":"536575feb08f37d80186a107","type":"combined","profiles":2,"postsMade":17,"repliesMade":0,"repliesRcvd":4,"sharesMade":0,"sharesRcvd":17,"mentionsRcvd":0,"likesRcvd":42,"reachRcvd":0,"audience":3206,"voice":17,"conversation":21,"engagement":63,"group_scoped":{"audienceScore":0.21172658872539407,"voiceScore":0.29300241296104795,"engagementScore":0.006371211025633506,"combinedScore":0.03097054000739226,"combinedScoreRank":216,"SEIrank":185,"engagementSEIrank":194,"voiceSEIrank":172,"audienceSEIrank":163,"engagementSEI":0.007368059112885683,"engagementSEIadj":0.007368059112885683,"voiceSEI":0.6952965235173825,"voiceSEIadj":0.6952965235173825,"audienceSEI":0.49240201875612427,"audienceSEIadj":0.49240201875612427,"SEI":0.26224999439855856,"SEIadj":0.26224999439855856},"non_scoped":{"SEI":0.15229585822892341,"SEIrank":181,"SEIadj":0,"audienceSEI":0.12595616285511113,"audienceSEIadj":0,"audienceSEIrank":198,"audienceScore":0.023209804470066448,"combinedScore":0.004041969974315355,"combinedScoreRank":196,"engagementSEI":0.0017298757784441005,"engagementSEIadj":0,"engagementSEIrank":191,"engagementScore":0.0007236978894442344,"voiceSEI":0.4622077215878194,"voiceSEIadj":0,"voiceSEIrank":175,"voiceScore":0.04460303300624443},"scoped":{"SEI":0.7257922627772371,"SEIrank":174,"SEIadj":0,"audienceSEI":1.6443724098313568,"audienceSEIadj":0,"audienceSEIrank":181,"audienceScore":0.0666337862393957,"combinedScore":0.014698989582462104,"combinedScoreRank":178,"engagementSEI":0.05201581941428537,"engagementSEIadj":0,"engagementSEIrank":176,"engagementScore":0.007413561404293276,"voiceSEI":1.7671517671517671,"voiceSEIadj":0,"voiceSEIrank":161,"voiceScore":0.09390190013256738}},"facebook":{"entityString":"536575feb08f37d80186a107","type":"facebook","profiles":1,"postsMade":5,"repliesMade":0,"repliesRcvd":4,"sharesMade":0,"sharesRcvd":4,"mentionsRcvd":0,"likesRcvd":11,"reachRcvd":0,"audience":253,"voice":5,"conversation":9,"engagement":19,"group_scoped":{"audienceScore":0.024337594175907896,"voiceScore":0.22727272727272727,"engagementScore":0.0020389941534525538,"combinedScore":0.014415610810539057,"combinedScoreRank":161,"SEIrank":129,"engagementSEIrank":135,"voiceSEIrank":118,"audienceSEIrank":165,"engagementSEI":0.002327843706123209,"engagementSEIadj":0.002327843706123209,"voiceSEI":0.47664442326024786,"voiceSEIadj":0.47664442326024786,"audienceSEI":0.046530019218920984,"audienceSEIadj":0.046530019218920984,"SEI":0.1490430351236404,"SEIadj":0.1490430351236404},"non_scoped":{"SEI":0.10071212776930537,"SEIrank":127,"SEIadj":0,"audienceSEI":0.013624587156160925,"audienceSEIadj":0,"audienceSEIrank":167,"audienceScore":0.0025984979654685297,"combinedScore":0.0022383151316083994,"combinedScoreRank":147,"engagementSEI":0.0005662801059837924,"engagementSEIadj":0,"engagementSEIrank":139,"engagementScore":0.000251742922247741,"voiceSEI":0.33003300330033003,"voiceSEIadj":0,"voiceSEIrank":117,"voiceScore":0.03763643206624012},"scoped":{"SEI":0.4025395247491908,"SEIrank":130,"SEIadj":0,"audienceSEI":0.17366592990211557,"audienceSEIadj":0,"audienceSEIrank":152,"audienceScore":0.01065187361404599,"combinedScore":0.009184976950611323,"combinedScoreRank":136,"engagementSEI":0.05093833780160857,"engagementSEIadj":0,"engagementSEIrank":128,"engagementScore":0.0036681731918319434,"voiceSEI":1.1820330969267139,"voiceSEIadj":0,"voiceSEIrank":107,"voiceScore":0.10702054794520548}},"twitter":{"entityString":"536575feb08f37d80186a107","type":"twitter","profiles":1,"postsMade":12,"repliesMade":0,"repliesRcvd":0,"sharesMade":0,"sharesRcvd":13,"mentionsRcvd":0,"likesRcvd":31,"reachRcvd":0,"audience":2953,"voice":12,"conversation":12,"engagement":44,"group_scoped":{"audienceScore":0.6955419833663479,"voiceScore":0.34110289937464466,"engagementScore":0.17180117918082075,"combinedScore":0.2064533053997883,"combinedScoreRank":189,"SEIrank":171,"engagementSEIrank":157,"voiceSEIrank":166,"audienceSEIrank":151,"engagementSEI":0.5901287553648069,"engagementSEIadj":0.5901287553648069,"voiceSEI":0.9146341463414633,"voiceSEIadj":0.9146341463414633,"audienceSEI":2.5337200123554244,"audienceSEIadj":2.5337200123554244,"SEI":0.8818394983568656,"SEIadj":0.8818394983568656},"non_scoped":{"SEI":0.26612601251239815,"SEIrank":178,"SEIadj":0,"audienceSEI":0.521568343468562,"audienceSEIadj":0,"audienceSEIrank":177,"audienceScore":0.0846705332781288,"combinedScore":0.02131475997339254,"combinedScoreRank":180,"engagementSEI":0.07021911555832176,"engagementSEIadj":0,"engagementSEIrank":175,"engagementScore":0.01615811449493039,"voiceSEI":0.5727923627684964,"voiceSEIadj":0,"voiceSEIrank":168,"voiceScore":0.05077860528097495},"scoped":{"SEI":1.0105390288738911,"SEIrank":166,"SEIadj":0,"audienceSEI":2.5337200123554244,"audienceSEIadj":0,"audienceSEIrank":160,"audienceScore":0.1341203422362353,"combinedScore":0.03915523541371519,"combinedScoreRank":164,"engagementSEI":0.3860326373047903,"engagementSEIadj":0,"engagementSEIrank":161,"engagementScore":0.030969122377302448,"voiceSEI":1.7518248175182483,"voiceSEIadj":0,"voiceSEIrank":155,"voiceScore":0.09154016324662445}},"instagram":{"entityString":"536575feb08f37d80186a107","type":"instagram","profiles":0,"postsMade":0,"repliesMade":0,"repliesRcvd":0,"sharesMade":0,"sharesRcvd":0,"mentionsRcvd":0,"likesRcvd":0,"reachRcvd":0,"audience":0,"voice":0,"conversation":0,"engagement":0,"group_scoped":{"audienceScore":0,"voiceScore":0,"engagementScore":0,"combinedScore":0,"combinedScoreRank":158,"SEIrank":139,"engagementSEIrank":139,"voiceSEIrank":139,"audienceSEIrank":139,"engagementSEI":0,"engagementSEIadj":0,"voiceSEI":0,"voiceSEIadj":0,"audienceSEI":0,"audienceSEIadj":0,"SEI":0,"SEIadj":0},"non_scoped":{"SEI":0,"SEIrank":139,"SEIadj":0,"audienceSEI":0,"audienceSEIadj":0,"audienceSEIrank":139,"audienceScore":0,"combinedScore":0,"combinedScoreRank":139,"engagementSEI":0,"engagementSEIadj":0,"engagementSEIrank":139,"engagementScore":0,"voiceSEI":0,"voiceSEIadj":0,"voiceSEIrank":139,"voiceScore":0},"scoped":{"SEI":0,"SEIrank":125,"SEIadj":0,"audienceSEI":0,"audienceSEIadj":0,"audienceSEIrank":125,"audienceScore":0,"combinedScore":0,"combinedScoreRank":125,"engagementSEI":0,"engagementSEIadj":0,"engagementSEIrank":125,"engagementScore":0,"voiceSEI":0,"voiceSEIadj":0,"voiceSEIrank":125,"voiceScore":0}}},"quarter":{"boundaryQuantum":4969914,"combined":{"entityString":"536575feb08f37d80186a107","type":"combined","profiles":2,"postsMade":176,"repliesMade":0,"repliesRcvd":14,"sharesMade":0,"sharesRcvd":157,"mentionsRcvd":0,"likesRcvd":275,"reachRcvd":0,"audience":3206,"voice":176,"conversation":190,"engagement":446,"group_scoped":{"audienceScore":0.21172658872539407,"voiceScore":1.044944487324111,"engagementScore":0.015685595945378956,"combinedScore":0.07695059015331632,"combinedScoreRank":161,"SEIrank":107,"engagementSEIrank":180,"voiceSEIrank":92,"audienceSEIrank":163,"engagementSEI":0.017837210260315286,"engagementSEIadj":0.017837210260315286,"voiceSEI":2.5247453736910055,"voiceSEIadj":2.5247453736910055,"audienceSEI":0.49240201875612427,"audienceSEIadj":0.49240201875612427,"SEI":0.8173661401391031,"SEIadj":0.8173661401391031},"non_scoped":{"SEI":0.5081725983177061,"SEIrank":114,"SEIadj":0,"audienceSEI":0.12595616285511113,"audienceSEIadj":0,"audienceSEIrank":198,"audienceScore":0.023209804470066448,"combinedScore":0.010506073359405633,"combinedScoreRank":157,"engagementSEI":0.003915863717055492,"engagementSEIadj":0,"engagementSEIrank":175,"engagementScore":0.001612235056641505,"voiceSEI":1.6440915460065388,"voiceSEIadj":0,"voiceSEIrank":101,"voiceScore":0.15789143169849912},"scoped":{"SEI":2.180553990659511,"SEIrank":124,"SEIadj":0,"audienceSEI":1.6443724098313568,"audienceSEIadj":0,"audienceSEIrank":181,"audienceScore":0.0666337862393957,"combinedScore":0.034838193378078926,"combinedScoreRank":156,"engagementSEI":0.11655285776631413,"engagementSEIadj":0,"engagementSEIrank":162,"engagementScore":0.016424654658746495,"voiceSEI":6.48728345005529,"voiceSEIadj":0,"voiceSEIrank":91,"voiceScore":0.3344862974647459}},"facebook":{"entityString":"536575feb08f37d80186a107","type":"facebook","profiles":1,"postsMade":74,"repliesMade":0,"repliesRcvd":14,"sharesMade":0,"sharesRcvd":36,"mentionsRcvd":0,"likesRcvd":101,"reachRcvd":0,"audience":253,"voice":74,"conversation":88,"engagement":151,"group_scoped":{"audienceScore":0.024337594175907896,"voiceScore":1.2065873145279635,"engagementScore":0.005557095103978402,"combinedScore":0.06654763102877413,"combinedScoreRank":121,"SEIrank":85,"engagementSEIrank":139,"voiceSEIrank":62,"audienceSEIrank":165,"engagementSEI":0.00623425952685686,"engagementSEIadj":0.00623425952685686,"voiceSEI":2.460924509477885,"voiceSEIadj":2.460924509477885,"audienceSEI":0.046530019218920984,"audienceSEIadj":0.046530019218920984,"SEI":0.7466709104813717,"SEIadj":0.7466709104813717},"non_scoped":{"SEI":0.48798520897747016,"SEIrank":82,"SEIadj":0,"audienceSEI":0.013624587156160925,"audienceSEIadj":0,"audienceSEIrank":167,"audienceScore":0.0025984979654685297,"combinedScore":0.009947087239074488,"combinedScoreRank":115,"engagementSEI":0.001409908350354942,"engagementSEIadj":0,"engagementSEIrank":134,"engagementScore":0.0006160289760447954,"voiceSEI":1.6192560175054704,"voiceSEIadj":0,"voiceSEIrank":65,"voiceScore":0.18525472524721492},"scoped":{"SEI":2.467685286277729,"SEIrank":95,"SEIadj":0,"audienceSEI":0.17366592990211557,"audienceSEIadj":0,"audienceSEIrank":152,"audienceScore":0.01065187361404599,"combinedScore":0.034070477240818124,"combinedScoreRank":117,"engagementSEI":0.13087303582107662,"engagementSEIadj":0,"engagementSEIrank":123,"engagementScore":0.008517296598778359,"voiceSEI":7.905982905982905,"voiceSEIadj":0,"voiceSEIrank":56,"voiceScore":0.517446332424306}},"twitter":{"entityString":"536575feb08f37d80186a107","type":"twitter","profiles":1,"postsMade":102,"repliesMade":0,"repliesRcvd":0,"sharesMade":0,"sharesRcvd":121,"mentionsRcvd":0,"likesRcvd":174,"reachRcvd":0,"audience":2953,"voice":102,"conversation":102,"engagement":295,"group_scoped":{"audienceScore":0.6955419833663479,"voiceScore":0.9665497962664644,"engagementScore":0.4219892142417784,"combinedScore":0.4628948817992412,"combinedScoreRank":146,"SEIrank":131,"engagementSEIrank":127,"voiceSEIrank":105,"audienceSEIrank":151,"engagementSEI":1.3365349764407393,"engagementSEIadj":1.3365349764407393,"voiceSEI":2.6792750197005515,"voiceSEIadj":2.6792750197005515,"audienceSEI":2.5337200123554244,"audienceSEIadj":2.5337200123554244,"SEI":1.8590754930101512,"SEIadj":1.8590754930101512},"non_scoped":{"SEI":0.6584279109808491,"SEIrank":137,"SEIadj":0,"audienceSEI":0.521568343468562,"audienceSEIadj":0,"audienceSEIrank":177,"audienceScore":0.0846705332781288,"combinedScore":0.04536631756542347,"combinedScoreRank":151,"engagementSEI":0.1596009435391374,"engagementSEIadj":0,"engagementSEIrank":148,"engagementScore":0.03745503808352092,"voiceSEI":1.7017017017017018,"voiceSEIadj":0,"voiceSEIrank":109,"voiceScore":0.1484651325269639},"scoped":{"SEI":2.457292330390408,"SEIrank":130,"SEIadj":0,"audienceSEI":2.5337200123554244,"audienceSEIadj":0,"audienceSEIrank":160,"audienceScore":0.1341203422362353,"combinedScore":0.08723511531680404,"combinedScoreRank":137,"engagementSEI":0.9719293621507644,"engagementSEIadj":0,"engagementSEIrank":135,"engagementScore":0.07438618787177334,"voiceSEI":5.402542372881356,"voiceSEIadj":0,"voiceSEIrank":98,"voiceScore":0.27163058240792526}},"instagram":{"entityString":"536575feb08f37d80186a107","type":"instagram","profiles":0,"postsMade":0,"repliesMade":0,"repliesRcvd":0,"sharesMade":0,"sharesRcvd":0,"mentionsRcvd":0,"likesRcvd":0,"reachRcvd":0,"audience":0,"voice":0,"conversation":0,"engagement":0,"group_scoped":{"audienceScore":0,"voiceScore":0,"engagementScore":0,"combinedScore":0,"combinedScoreRank":158,"SEIrank":139,"engagementSEIrank":139,"voiceSEIrank":139,"audienceSEIrank":139,"engagementSEI":0,"engagementSEIadj":0,"voiceSEI":0,"voiceSEIadj":0,"audienceSEI":0,"audienceSEIadj":0,"SEI":0,"SEIadj":0},"non_scoped":{"SEI":0,"SEIrank":139,"SEIadj":0,"audienceSEI":0,"audienceSEIadj":0,"audienceSEIrank":139,"audienceScore":0,"combinedScore":0,"combinedScoreRank":139,"engagementSEI":0,"engagementSEIadj":0,"engagementSEIrank":139,"engagementScore":0,"voiceSEI":0,"voiceSEIadj":0,"voiceSEIrank":139,"voiceScore":0},"scoped":{"SEI":0,"SEIrank":125,"SEIadj":0,"audienceSEI":0,"audienceSEIadj":0,"audienceSEIrank":125,"audienceScore":0,"combinedScore":0,"combinedScoreRank":125,"engagementSEI":0,"engagementSEIadj":0,"engagementSEIrank":125,"engagementScore":0,"voiceSEI":0,"voiceSEIadj":0,"voiceSEIrank":125,"voiceScore":0}}},"blended":{"combined":{"non_scoped":{"SEI":0.29235232200061134,"SEIadj":50.146176161000305,"SEIrank":154,"audienceSEI":0.1259561628551111,"audienceSEIadj":40.07557369771307,"audienceSEIrank":198,"engagementSEI":0.0026086387148250697,"engagementSEIadj":40.0015651832289,"engagementSEIrank":188,"voiceSEI":0.9273050749540172,"voiceSEIadj":50.46365253747701,"voiceSEIrank":137},"scoped":{"SEI":3.990377143151913,"SEIadj":51.99518857157596,"SEIrank":139,"compCharisma":0,"compInfluence":3,"compEva":0.9903771431519129,"audienceSEI":1.6443724098313568,"audienceSEIadj":40.986623445898815,"audienceSEIrank":181,"engagementSEI":0.0779582031330013,"engagementSEIadj":40.0467749218798,"engagementSEIrank":174,"voiceSEI":3.639718856912637,"voiceSEIadj":51.81985942845632,"voiceSEIrank":128}},"facebook":{"non_scoped":{"SEI":0.25977621200844514,"SEIadj":50.12988810600422,"SEIrank":106,"audienceSEI":0.013624587156160925,"audienceSEIadj":40.0081747522937,"audienceSEIrank":167,"engagementSEI":0.0011231091974893902,"engagementSEIadj":50.00056155459875,"engagementSEIrank":139,"voiceSEI":0.8591329592477848,"voiceSEIadj":50.429566479623894,"voiceSEIrank":94},"scoped":{"SEI":1.315109077341262,"SEIadj":50.65755453867063,"SEIrank":110,"audienceSEI":0.17366592990211557,"audienceSEIadj":40.10419955794127,"audienceSEIrank":152,"engagementSEI":0.09775593181985415,"engagementSEIadj":50.048877965909924,"engagementSEIrank":128,"voiceSEI":4.1302964175304595,"voiceSEIadj":52.06514820876523,"voiceSEIrank":80}},"twitter":{"non_scoped":{"SEI":0.4092038512432069,"SEIadj":40.245522310745926,"SEIrank":166,"audienceSEI":0.521568343468562,"audienceSEIadj":40.31294100608114,"audienceSEIrank":177,"engagementSEI":0.09504793924060222,"engagementSEIadj":40.05702876354436,"engagementSEIrank":169,"voiceSEI":1.0000608445066317,"voiceSEIadj":50.50003042225332,"voiceSEIrank":142},"scoped":{"SEI":1.5390734898590401,"SEIadj":40.92344409391542,"SEIrank":155,"audienceSEI":2.5337200123554244,"audienceSEIadj":41.520232007413256,"audienceSEIrank":160,"engagementSEI":0.5755860871110154,"engagementSEIadj":40.34535165226661,"engagementSEIrank":155,"voiceSEI":3.134499454522961,"voiceSEIadj":51.56724972726148,"voiceSEIrank":129}},"instagram":{"non_scoped":{"SEI":0,"SEIadj":0,"SEIrank":139,"audienceSEI":0,"audienceSEIadj":0,"audienceSEIrank":139,"engagementSEI":0,"engagementSEIadj":0,"engagementSEIrank":139,"voiceSEI":0,"voiceSEIadj":0,"voiceSEIrank":139},"scoped":{"SEI":0,"SEIadj":0,"SEIrank":125,"audienceSEI":0,"audienceSEIadj":0,"audienceSEIrank":125,"engagementSEI":0,"engagementSEIadj":0,"engagementSEIrank":125,"voiceSEI":0,"voiceSEIadj":0,"voiceSEIrank":125}},"influence":{"instagram":{"scope":"individual","ratio":0,"calculated":false},"combined":{"ratio":0.57,"bottom":true,"scope":"individual","calculated":true},"facebook":{"ratio":0.41,"bottom":true,"scope":"individual","calculated":true},"twitter":{"ratio":0.63,"bottom":false,"scope":"individual","calculated":true}},"charisma":{"instagram":{"scope":"individual","ratio":0,"calculated":false},"combined":{"ratio":0.05,"bottom":false,"scope":"individual","calculated":true},"facebook":{"ratio":0.01,"bottom":false,"scope":"individual","calculated":true},"twitter":{"ratio":0.27,"bottom":false,"scope":"individual","calculated":true}}},"scope":"individual"}}