{"scoreEntityString":"591d1494ab33fb0001804f89.asset.536575ffb08f37d80186deb5","timeQuantum":4995834,"scoreEntityType":"asset","scoreProfileID":"591d1494ab33fb0001804f89","data":{"scoreEntityString":"591d1494ab33fb0001804f89.asset.536575ffb08f37d80186deb5","scoreProfileID":"591d1494ab33fb0001804f89","scoreEntityType":"asset","entityID":"asset.536575ffb08f37d80186deb5","object_version":"1.2","score_engine_version":"3.0.20","timestamp":4995834,"start_quantum":4969914,"end_quantum":4995833,"schedule_options":{"interval":15,"offset":"1"},"_15min":{"boundaryQuantum":4995831,"combined":{"entityString":"536575ffb08f37d80186deb5","type":"combined","profiles":2,"postsMade":0,"repliesMade":0,"repliesRcvd":0,"sharesMade":0,"sharesRcvd":0,"mentionsRcvd":0,"likesRcvd":0,"reachRcvd":0,"audience":4952,"voice":0,"conversation":0,"engagement":0,"group_scoped":{"audienceScore":0.348869239553825,"voiceScore":0,"engagementScore":0,"combinedScore":0.348869239553825,"engagementSEI":0,"engagementSEIadj":0,"voiceSEI":0,"voiceSEIadj":0,"audienceSEI":0.5044516431350977,"audienceSEIadj":0.5044516431350977,"SEI":0.050445164313509774,"SEIadj":0.050445164313509774,"combinedScoreRank":158,"SEIrank":162,"engagementSEIrank":70,"voiceSEIrank":63,"audienceSEIrank":161},"non_scoped":{"SEI":0.019455237631269814,"SEIrank":168,"SEIadj":0,"audienceSEI":0.19455237631269814,"audienceSEIadj":0,"audienceSEIrank":168,"audienceScore":0.03584995375413882,"combinedScore":0.001792497687706941,"combinedScoreRank":168,"engagementSEI":0,"engagementSEIadj":0,"engagementSEIrank":70,"engagementScore":0,"voiceSEI":0,"voiceSEIadj":0,"voiceSEIrank":63,"voiceScore":0},"scoped":{"SEI":0.25399039842435683,"SEIrank":153,"SEIadj":0,"audienceSEI":2.5399039842435682,"audienceSEIadj":0,"audienceSEIrank":153,"audienceScore":0.10292280394806222,"combinedScore":0.005146140197403112,"combinedScoreRank":153,"engagementSEI":0,"engagementSEIadj":0,"engagementSEIrank":61,"engagementScore":0,"voiceSEI":0,"voiceSEIadj":0,"voiceSEIrank":58,"voiceScore":0}},"facebook":{"entityString":"536575ffb08f37d80186deb5","type":"facebook","profiles":1,"postsMade":0,"repliesMade":0,"repliesRcvd":0,"sharesMade":0,"sharesRcvd":0,"mentionsRcvd":0,"likesRcvd":0,"reachRcvd":0,"audience":1,"voice":0,"conversation":0,"engagement":0,"group_scoped":{"audienceScore":0.00009323435574127839,"voiceScore":0,"engagementScore":0,"combinedScore":0.00009323435574127839,"engagementSEI":0,"engagementSEIadj":0,"voiceSEI":0,"voiceSEIadj":0,"audienceSEI":0.00011729077085840423,"audienceSEIadj":0.00011729077085840423,"SEI":0.000011729077085840424,"SEIadj":0.000011729077085840424,"combinedScoreRank":183,"SEIrank":183,"engagementSEIrank":68,"voiceSEIrank":62,"audienceSEIrank":183},"non_scoped":{"SEI":0.000005385212314688114,"SEIrank":178,"SEIadj":0,"audienceSEI":0.00005385212314688113,"audienceSEIadj":0,"audienceSEIrank":178,"audienceScore":0.000010270742946515928,"combinedScore":5.135371473257964e-7,"combinedScoreRank":178,"engagementSEI":0,"engagementSEIadj":0,"engagementSEIrank":68,"engagementScore":0,"voiceSEI":0,"voiceSEIadj":0,"voiceSEIrank":62,"voiceScore":0},"scoped":{"SEI":0.00006864266004036188,"SEIrank":161,"SEIadj":0,"audienceSEI":0.0006864266004036188,"audienceSEIadj":0,"audienceSEIrank":161,"audienceScore":0.00004210226724919364,"combinedScore":0.000002105113362459682,"combinedScoreRank":161,"engagementSEI":0,"engagementSEIadj":0,"engagementSEIrank":59,"engagementScore":0,"voiceSEI":0,"voiceSEIadj":0,"voiceSEIrank":58,"voiceScore":0}},"twitter":{"entityString":"536575ffb08f37d80186deb5","type":"twitter","profiles":1,"postsMade":0,"repliesMade":0,"repliesRcvd":0,"sharesMade":0,"sharesRcvd":0,"mentionsRcvd":0,"likesRcvd":0,"reachRcvd":0,"audience":4951,"voice":0,"conversation":0,"engagement":0,"group_scoped":{"audienceScore":1.4349352090959417,"voiceScore":0,"engagementScore":0,"combinedScore":1.4349352090959417,"engagementSEI":0,"engagementSEIadj":0,"voiceSEI":0,"voiceSEIadj":0,"audienceSEI":3.891255482025245,"audienceSEIadj":3.891255482025245,"SEI":0.38912554820252454,"SEIadj":0.38912554820252454,"combinedScoreRank":102,"SEIrank":112,"engagementSEIrank":64,"voiceSEIrank":63,"audienceSEIrank":111},"non_scoped":{"SEI":0.08744615199840333,"SEIrank":128,"SEIadj":0,"audienceSEI":0.8744615199840332,"audienceSEIadj":0,"audienceSEIrank":128,"audienceScore":0.14195862182865415,"combinedScore":0.007097931091432708,"combinedScoreRank":128,"engagementSEI":0,"engagementSEIadj":0,"engagementSEIrank":64,"engagementScore":0,"voiceSEI":0,"voiceSEIadj":0,"voiceSEIrank":63,"voiceScore":0},"scoped":{"SEI":0.42480351443182207,"SEIrank":114,"SEIadj":0,"audienceSEI":4.24803514431822,"audienceSEIadj":0,"audienceSEIrank":114,"audienceScore":0.22486617487693902,"combinedScore":0.032123739268134145,"combinedScoreRank":114,"engagementSEI":0,"engagementSEIadj":0,"engagementSEIrank":59,"engagementScore":0,"voiceSEI":0,"voiceSEIadj":0,"voiceSEIrank":58,"voiceScore":0}},"instagram":{"entityString":"536575ffb08f37d80186deb5","type":"instagram","profiles":0,"postsMade":0,"repliesMade":0,"repliesRcvd":0,"sharesMade":0,"sharesRcvd":0,"mentionsRcvd":0,"likesRcvd":0,"reachRcvd":0,"audience":0,"voice":0,"conversation":0,"engagement":0,"group_scoped":{"audienceScore":0,"voiceScore":0,"engagementScore":0,"combinedScore":0,"engagementSEI":0,"engagementSEIadj":0,"voiceSEI":0,"voiceSEIadj":0,"audienceSEI":0,"audienceSEIadj":0,"SEI":0,"SEIadj":0,"combinedScoreRank":125,"SEIrank":88,"engagementSEIrank":65,"voiceSEIrank":62,"audienceSEIrank":88},"non_scoped":{"SEI":0,"SEIrank":88,"SEIadj":0,"audienceSEI":0,"audienceSEIadj":0,"audienceSEIrank":88,"audienceScore":0,"combinedScore":0,"combinedScoreRank":88,"engagementSEI":0,"engagementSEIadj":0,"engagementSEIrank":65,"engagementScore":0,"voiceSEI":0,"voiceSEIadj":0,"voiceSEIrank":62,"voiceScore":0},"scoped":{"SEI":0,"SEIrank":80,"SEIadj":0,"audienceSEI":0,"audienceSEIadj":0,"audienceSEIrank":80,"audienceScore":0,"combinedScore":0,"combinedScoreRank":80,"engagementSEI":0,"engagementSEIadj":0,"engagementSEIrank":59,"engagementScore":0,"voiceSEI":0,"voiceSEIadj":0,"voiceSEIrank":58,"voiceScore":0}}},"hour":{"boundaryQuantum":4995822,"combined":{"entityString":"536575ffb08f37d80186deb5","type":"combined","profiles":2,"postsMade":0,"repliesMade":0,"repliesRcvd":0,"sharesMade":0,"sharesRcvd":0,"mentionsRcvd":0,"likesRcvd":0,"reachRcvd":0,"audience":4952,"voice":0,"conversation":0,"engagement":0,"group_scoped":{"audienceScore":0.348869239553825,"voiceScore":0,"engagementScore":0,"combinedScore":0.348869239553825,"combinedScoreRank":147,"SEIrank":168,"engagementSEIrank":107,"voiceSEIrank":74,"audienceSEIrank":161,"engagementSEI":0,"engagementSEIadj":0,"voiceSEI":0,"voiceSEIadj":0,"audienceSEI":0.5044516431350977,"audienceSEIadj":0.5044516431350977,"SEI":0.050445164313509774,"SEIadj":0.050445164313509774},"non_scoped":{"SEI":0.019455237631269814,"SEIrank":171,"SEIadj":0,"audienceSEI":0.19455237631269814,"audienceSEIadj":0,"audienceSEIrank":168,"audienceScore":0.03584995375413882,"combinedScore":0.001792497687706941,"combinedScoreRank":171,"engagementSEI":0,"engagementSEIadj":0,"engagementSEIrank":107,"engagementScore":0,"voiceSEI":0,"voiceSEIadj":0,"voiceSEIrank":74,"voiceScore":0},"scoped":{"SEI":0.25399039842435683,"SEIrank":156,"SEIadj":0,"audienceSEI":2.5399039842435682,"audienceSEIadj":0,"audienceSEIrank":153,"audienceScore":0.10292280394806222,"combinedScore":0.005146140197403112,"combinedScoreRank":156,"engagementSEI":0,"engagementSEIadj":0,"engagementSEIrank":96,"engagementScore":0,"voiceSEI":0,"voiceSEIadj":0,"voiceSEIrank":64,"voiceScore":0}},"facebook":{"entityString":"536575ffb08f37d80186deb5","type":"facebook","profiles":1,"postsMade":0,"repliesMade":0,"repliesRcvd":0,"sharesMade":0,"sharesRcvd":0,"mentionsRcvd":0,"likesRcvd":0,"reachRcvd":0,"audience":1,"voice":0,"conversation":0,"engagement":0,"group_scoped":{"audienceScore":0.00009323435574127839,"voiceScore":0,"engagementScore":0,"combinedScore":0.00009323435574127839,"combinedScoreRank":183,"SEIrank":183,"engagementSEIrank":92,"voiceSEIrank":70,"audienceSEIrank":183,"engagementSEI":0,"engagementSEIadj":0,"voiceSEI":0,"voiceSEIadj":0,"audienceSEI":0.00011729077085840423,"audienceSEIadj":0.00011729077085840423,"SEI":0.000011729077085840424,"SEIadj":0.000011729077085840424},"non_scoped":{"SEI":0.000005385212314688114,"SEIrank":178,"SEIadj":0,"audienceSEI":0.00005385212314688113,"audienceSEIadj":0,"audienceSEIrank":178,"audienceScore":0.000010270742946515928,"combinedScore":5.135371473257964e-7,"combinedScoreRank":178,"engagementSEI":0,"engagementSEIadj":0,"engagementSEIrank":92,"engagementScore":0,"voiceSEI":0,"voiceSEIadj":0,"voiceSEIrank":70,"voiceScore":0},"scoped":{"SEI":0.00006864266004036188,"SEIrank":161,"SEIadj":0,"audienceSEI":0.0006864266004036188,"audienceSEIadj":0,"audienceSEIrank":161,"audienceScore":0.00004210226724919364,"combinedScore":0.000002105113362459682,"combinedScoreRank":161,"engagementSEI":0,"engagementSEIadj":0,"engagementSEIrank":81,"engagementScore":0,"voiceSEI":0,"voiceSEIadj":0,"voiceSEIrank":60,"voiceScore":0}},"twitter":{"entityString":"536575ffb08f37d80186deb5","type":"twitter","profiles":1,"postsMade":0,"repliesMade":0,"repliesRcvd":0,"sharesMade":0,"sharesRcvd":0,"mentionsRcvd":0,"likesRcvd":0,"reachRcvd":0,"audience":4951,"voice":0,"conversation":0,"engagement":0,"group_scoped":{"audienceScore":1.4349352090959417,"voiceScore":0,"engagementScore":0,"combinedScore":1.4349352090959417,"combinedScoreRank":111,"SEIrank":127,"engagementSEIrank":82,"voiceSEIrank":73,"audienceSEIrank":111,"engagementSEI":0,"engagementSEIadj":0,"voiceSEI":0,"voiceSEIadj":0,"audienceSEI":3.891255482025245,"audienceSEIadj":3.891255482025245,"SEI":0.38912554820252454,"SEIadj":0.38912554820252454},"non_scoped":{"SEI":0.08744615199840333,"SEIrank":135,"SEIadj":0,"audienceSEI":0.8744615199840332,"audienceSEIadj":0,"audienceSEIrank":128,"audienceScore":0.14195862182865415,"combinedScore":0.007097931091432708,"combinedScoreRank":135,"engagementSEI":0,"engagementSEIadj":0,"engagementSEIrank":82,"engagementScore":0,"voiceSEI":0,"voiceSEIadj":0,"voiceSEIrank":73,"voiceScore":0},"scoped":{"SEI":0.42480351443182207,"SEIrank":121,"SEIadj":0,"audienceSEI":4.24803514431822,"audienceSEIadj":0,"audienceSEIrank":114,"audienceScore":0.22486617487693902,"combinedScore":0.011243308743846952,"combinedScoreRank":121,"engagementSEI":0,"engagementSEIadj":0,"engagementSEIrank":72,"engagementScore":0,"voiceSEI":0,"voiceSEIadj":0,"voiceSEIrank":63,"voiceScore":0}},"instagram":{"entityString":"536575ffb08f37d80186deb5","type":"instagram","profiles":0,"postsMade":0,"repliesMade":0,"repliesRcvd":0,"sharesMade":0,"sharesRcvd":0,"mentionsRcvd":0,"likesRcvd":0,"reachRcvd":0,"audience":0,"voice":0,"conversation":0,"engagement":0,"group_scoped":{"audienceScore":0,"voiceScore":0,"engagementScore":0,"combinedScore":0,"combinedScoreRank":125,"SEIrank":88,"engagementSEIrank":70,"voiceSEIrank":64,"audienceSEIrank":88,"engagementSEI":0,"engagementSEIadj":0,"voiceSEI":0,"voiceSEIadj":0,"audienceSEI":0,"audienceSEIadj":0,"SEI":0,"SEIadj":0},"non_scoped":{"SEI":0,"SEIrank":88,"SEIadj":0,"audienceSEI":0,"audienceSEIadj":0,"audienceSEIrank":88,"audienceScore":0,"combinedScore":0,"combinedScoreRank":88,"engagementSEI":0,"engagementSEIadj":0,"engagementSEIrank":70,"engagementScore":0,"voiceSEI":0,"voiceSEIadj":0,"voiceSEIrank":64,"voiceScore":0},"scoped":{"SEI":0,"SEIrank":80,"SEIadj":0,"audienceSEI":0,"audienceSEIadj":0,"audienceSEIrank":80,"audienceScore":0,"combinedScore":0,"combinedScoreRank":80,"engagementSEI":0,"engagementSEIadj":0,"engagementSEIrank":62,"engagementScore":0,"voiceSEI":0,"voiceSEIadj":0,"voiceSEIrank":58,"voiceScore":0}}},"today":{"boundaryQuantum":4995546,"combined":{"entityString":"536575ffb08f37d80186deb5","type":"combined","profiles":2,"postsMade":0,"repliesMade":0,"repliesRcvd":0,"sharesMade":0,"sharesRcvd":0,"mentionsRcvd":0,"likesRcvd":0,"reachRcvd":0,"audience":4952,"voice":0,"conversation":0,"engagement":0,"group_scoped":{"audienceScore":0.348869239553825,"voiceScore":0,"engagementScore":0,"combinedScore":0.348869239553825,"combinedScoreRank":97,"SEIrank":195,"engagementSEIrank":184,"voiceSEIrank":164,"audienceSEIrank":161,"engagementSEI":0,"engagementSEIadj":0,"voiceSEI":0,"voiceSEIadj":0,"audienceSEI":0.5044516431350977,"audienceSEIadj":0.5044516431350977,"SEI":0.050445164313509774,"SEIadj":0.050445164313509774},"non_scoped":{"SEI":0.019455237631269814,"SEIrank":196,"SEIadj":0,"audienceSEI":0.19455237631269814,"audienceSEIadj":0,"audienceSEIrank":168,"audienceScore":0.03584995375413882,"combinedScore":0.001792497687706941,"combinedScoreRank":196,"engagementSEI":0,"engagementSEIadj":0,"engagementSEIrank":184,"engagementScore":0,"voiceSEI":0,"voiceSEIadj":0,"voiceSEIrank":164,"voiceScore":0},"scoped":{"SEI":0.25399039842435683,"SEIrank":178,"SEIadj":0,"audienceSEI":2.5399039842435682,"audienceSEIadj":0,"audienceSEIrank":153,"audienceScore":0.10292280394806222,"combinedScore":0.005146140197403112,"combinedScoreRank":181,"engagementSEI":0,"engagementSEIadj":0,"engagementSEIrank":171,"engagementScore":0,"voiceSEI":0,"voiceSEIadj":0,"voiceSEIrank":150,"voiceScore":0}},"facebook":{"entityString":"536575ffb08f37d80186deb5","type":"facebook","profiles":1,"postsMade":0,"repliesMade":0,"repliesRcvd":0,"sharesMade":0,"sharesRcvd":0,"mentionsRcvd":0,"likesRcvd":0,"reachRcvd":0,"audience":1,"voice":0,"conversation":0,"engagement":0,"group_scoped":{"audienceScore":0.00009323435574127839,"voiceScore":0,"engagementScore":0,"combinedScore":0.00009323435574127839,"combinedScoreRank":183,"SEIrank":183,"engagementSEIrank":130,"voiceSEIrank":112,"audienceSEIrank":183,"engagementSEI":0,"engagementSEIadj":0,"voiceSEI":0,"voiceSEIadj":0,"audienceSEI":0.00011729077085840423,"audienceSEIadj":0.00011729077085840423,"SEI":0.000011729077085840424,"SEIadj":0.000011729077085840424},"non_scoped":{"SEI":0.000005385212314688114,"SEIrank":178,"SEIadj":0,"audienceSEI":0.00005385212314688113,"audienceSEIadj":0,"audienceSEIrank":178,"audienceScore":0.000010270742946515928,"combinedScore":5.135371473257964e-7,"combinedScoreRank":178,"engagementSEI":0,"engagementSEIadj":0,"engagementSEIrank":130,"engagementScore":0,"voiceSEI":0,"voiceSEIadj":0,"voiceSEIrank":112,"voiceScore":0},"scoped":{"SEI":0.00006864266004036188,"SEIrank":161,"SEIadj":0,"audienceSEI":0.0006864266004036188,"audienceSEIadj":0,"audienceSEIrank":161,"audienceScore":0.00004210226724919364,"combinedScore":0.000002105113362459682,"combinedScoreRank":161,"engagementSEI":0,"engagementSEIadj":0,"engagementSEIrank":119,"engagementScore":0,"voiceSEI":0,"voiceSEIadj":0,"voiceSEIrank":101,"voiceScore":0}},"twitter":{"entityString":"536575ffb08f37d80186deb5","type":"twitter","profiles":1,"postsMade":0,"repliesMade":0,"repliesRcvd":0,"sharesMade":0,"sharesRcvd":0,"mentionsRcvd":0,"likesRcvd":0,"reachRcvd":0,"audience":4951,"voice":0,"conversation":0,"engagement":0,"group_scoped":{"audienceScore":1.4349352090959417,"voiceScore":0,"engagementScore":0,"combinedScore":1.4349352090959417,"combinedScoreRank":88,"SEIrank":171,"engagementSEIrank":170,"voiceSEIrank":152,"audienceSEIrank":111,"engagementSEI":0,"engagementSEIadj":0,"voiceSEI":0,"voiceSEIadj":0,"audienceSEI":3.891255482025245,"audienceSEIadj":3.891255482025245,"SEI":0.38912554820252454,"SEIadj":0.38912554820252454},"non_scoped":{"SEI":0.08744615199840333,"SEIrank":174,"SEIadj":0,"audienceSEI":0.8744615199840332,"audienceSEIadj":0,"audienceSEIrank":128,"audienceScore":0.14195862182865415,"combinedScore":0.007097931091432708,"combinedScoreRank":177,"engagementSEI":0,"engagementSEIadj":0,"engagementSEIrank":170,"engagementScore":0,"voiceSEI":0,"voiceSEIadj":0,"voiceSEIrank":152,"voiceScore":0},"scoped":{"SEI":0.42480351443182207,"SEIrank":160,"SEIadj":0,"audienceSEI":4.24803514431822,"audienceSEIadj":0,"audienceSEIrank":114,"audienceScore":0.22486617487693902,"combinedScore":0.011243308743846952,"combinedScoreRank":160,"engagementSEI":0,"engagementSEIadj":0,"engagementSEIrank":157,"engagementScore":0,"voiceSEI":0,"voiceSEIadj":0,"voiceSEIrank":138,"voiceScore":0}},"instagram":{"entityString":"536575ffb08f37d80186deb5","type":"instagram","profiles":0,"postsMade":0,"repliesMade":0,"repliesRcvd":0,"sharesMade":0,"sharesRcvd":0,"mentionsRcvd":0,"likesRcvd":0,"reachRcvd":0,"audience":0,"voice":0,"conversation":0,"engagement":0,"group_scoped":{"audienceScore":0,"voiceScore":0,"engagementScore":0,"combinedScore":0,"combinedScoreRank":125,"SEIrank":88,"engagementSEIrank":83,"voiceSEIrank":73,"audienceSEIrank":88,"engagementSEI":0,"engagementSEIadj":0,"voiceSEI":0,"voiceSEIadj":0,"audienceSEI":0,"audienceSEIadj":0,"SEI":0,"SEIadj":0},"non_scoped":{"SEI":0,"SEIrank":88,"SEIadj":0,"audienceSEI":0,"audienceSEIadj":0,"audienceSEIrank":88,"audienceScore":0,"combinedScore":0,"combinedScoreRank":88,"engagementSEI":0,"engagementSEIadj":0,"engagementSEIrank":83,"engagementScore":0,"voiceSEI":0,"voiceSEIadj":0,"voiceSEIrank":73,"voiceScore":0},"scoped":{"SEI":0,"SEIrank":80,"SEIadj":0,"audienceSEI":0,"audienceSEIadj":0,"audienceSEIrank":80,"audienceScore":0,"combinedScore":0,"combinedScoreRank":80,"engagementSEI":0,"engagementSEIadj":0,"engagementSEIrank":75,"engagementScore":0,"voiceSEI":0,"voiceSEIadj":0,"voiceSEIrank":65,"voiceScore":0}}},"week":{"boundaryQuantum":4993818,"combined":{"entityString":"536575ffb08f37d80186deb5","type":"combined","profiles":2,"postsMade":7,"repliesMade":0,"repliesRcvd":0,"sharesMade":0,"sharesRcvd":23,"mentionsRcvd":0,"likesRcvd":170,"reachRcvd":0,"audience":4952,"voice":7,"conversation":7,"engagement":193,"group_scoped":{"audienceScore":0.348869239553825,"voiceScore":0.8045977011494253,"engagementScore":0.2277313006643146,"combinedScore":0.2626315176330457,"combinedScoreRank":112,"SEIrank":137,"engagementSEIrank":85,"voiceSEIrank":136,"audienceSEIrank":161,"engagementSEI":0.25189903155916366,"engagementSEIadj":0.25189903155916366,"voiceSEI":1.2280701754385965,"voiceSEIadj":1.2280701754385965,"audienceSEI":0.5044516431350977,"audienceSEIadj":0.5044516431350977,"SEI":0.5700056358805868,"SEIadj":0.5700056358805868},"non_scoped":{"SEI":0.28555220100456497,"SEIrank":150,"SEIadj":0,"audienceSEI":0.19455237631269814,"audienceSEIadj":0,"audienceSEIrank":168,"audienceScore":0.03584995375413882,"combinedScore":0.015176686206582676,"combinedScoreRank":138,"engagementSEI":0.024333262308785318,"engagementSEIadj":0,"engagementSEIrank":113,"engagementScore":0.01020558705656592,"voiceSEI":0.8383233532934131,"voiceSEIadj":0,"voiceSEIrank":139,"voiceScore":0.08398320335932813},"scoped":{"SEI":1.5673519949277983,"SEIrank":141,"SEIadj":0,"audienceSEI":2.5399039842435682,"audienceSEIadj":0,"audienceSEIrank":153,"audienceScore":0.10292280394806222,"combinedScore":0.10104312736701136,"combinedScoreRank":109,"engagementSEI":0.66055171469642,"engagementSEIadj":0,"engagementSEIrank":102,"engagementScore":0.09667691876133325,"voiceSEI":3.056768558951965,"voiceSEIadj":0,"voiceSEIrank":127,"voiceScore":0.17775520568816658}},"facebook":{"entityString":"536575ffb08f37d80186deb5","type":"facebook","profiles":1,"postsMade":0,"repliesMade":0,"repliesRcvd":0,"sharesMade":0,"sharesRcvd":0,"mentionsRcvd":0,"likesRcvd":0,"reachRcvd":0,"audience":1,"voice":0,"conversation":0,"engagement":0,"group_scoped":{"audienceScore":0.00009323435574127839,"voiceScore":0,"engagementScore":0,"combinedScore":0.00009323435574127839,"combinedScoreRank":183,"SEIrank":183,"engagementSEIrank":157,"voiceSEIrank":145,"audienceSEIrank":183,"engagementSEI":0,"engagementSEIadj":0,"voiceSEI":0,"voiceSEIadj":0,"audienceSEI":0.00011729077085840423,"audienceSEIadj":0.00011729077085840423,"SEI":0.000011729077085840424,"SEIadj":0.000011729077085840424},"non_scoped":{"SEI":0.000005385212314688114,"SEIrank":178,"SEIadj":0,"audienceSEI":0.00005385212314688113,"audienceSEIadj":0,"audienceSEIrank":178,"audienceScore":0.000010270742946515928,"combinedScore":5.135371473257964e-7,"combinedScoreRank":178,"engagementSEI":0,"engagementSEIadj":0,"engagementSEIrank":157,"engagementScore":0,"voiceSEI":0,"voiceSEIadj":0,"voiceSEIrank":145,"voiceScore":0},"scoped":{"SEI":0.00006864266004036188,"SEIrank":161,"SEIadj":0,"audienceSEI":0.0006864266004036188,"audienceSEIadj":0,"audienceSEIrank":161,"audienceScore":0.00004210226724919364,"combinedScore":0.000002105113362459682,"combinedScoreRank":161,"engagementSEI":0,"engagementSEIadj":0,"engagementSEIrank":146,"engagementScore":0,"voiceSEI":0,"voiceSEIadj":0,"voiceSEIrank":134,"voiceScore":0}},"twitter":{"entityString":"536575ffb08f37d80186deb5","type":"twitter","profiles":1,"postsMade":7,"repliesMade":0,"repliesRcvd":0,"sharesMade":0,"sharesRcvd":23,"mentionsRcvd":0,"likesRcvd":170,"reachRcvd":0,"audience":4951,"voice":7,"conversation":7,"engagement":193,"group_scoped":{"audienceScore":1.4349352090959417,"voiceScore":1.1784511784511784,"engagementScore":3.0747172216026764,"combinedScore":2.8979148188197645,"combinedScoreRank":58,"SEIrank":78,"engagementSEIrank":61,"voiceSEIrank":115,"audienceSEIrank":111,"engagementSEI":6.673582295988935,"engagementSEIadj":6.673582295988935,"voiceSEI":2.1341463414634148,"voiceSEIadj":2.1341463414634148,"audienceSEI":3.891255482025245,"audienceSEIadj":3.891255482025245,"SEI":5.03351882823491,"SEIadj":5.03351882823491},"non_scoped":{"SEI":1.4129715523792497,"SEIrank":87,"SEIadj":0,"audienceSEI":0.8744615199840332,"audienceSEIadj":0,"audienceSEIrank":128,"audienceScore":0.14195862182865415,"combinedScore":0.2939350006380511,"combinedScoreRank":66,"engagementSEI":1.4708123761621703,"engagementSEIadj":0,"engagementSEIrank":61,"engagementScore":0.31107959124464074,"voiceSEI":1.4767932489451476,"voiceSEIadj":0,"voiceSEIrank":115,"voiceScore":0.13730874852883485},"scoped":{"SEI":7.016586731215039,"SEIrank":68,"SEIadj":0,"audienceSEI":4.24803514431822,"audienceSEIadj":0,"audienceSEIrank":114,"audienceScore":0.22486617487693902,"combinedScore":0.527869615013449,"combinedScoreRank":56,"engagementSEI":8.997668997668997,"engagementSEIadj":0,"engagementSEIrank":51,"engagementScore":0.5602972768971723,"voiceSEI":3.977272727272727,"voiceSEIadj":0,"voiceSEIrank":103,"voiceScore":0.24717514124293788}},"instagram":{"entityString":"536575ffb08f37d80186deb5","type":"instagram","profiles":0,"postsMade":0,"repliesMade":0,"repliesRcvd":0,"sharesMade":0,"sharesRcvd":0,"mentionsRcvd":0,"likesRcvd":0,"reachRcvd":0,"audience":0,"voice":0,"conversation":0,"engagement":0,"group_scoped":{"audienceScore":0,"voiceScore":0,"engagementScore":0,"combinedScore":0,"combinedScoreRank":125,"SEIrank":88,"engagementSEIrank":85,"voiceSEIrank":84,"audienceSEIrank":88,"engagementSEI":0,"engagementSEIadj":0,"voiceSEI":0,"voiceSEIadj":0,"audienceSEI":0,"audienceSEIadj":0,"SEI":0,"SEIadj":0},"non_scoped":{"SEI":0,"SEIrank":88,"SEIadj":0,"audienceSEI":0,"audienceSEIadj":0,"audienceSEIrank":88,"audienceScore":0,"combinedScore":0,"combinedScoreRank":88,"engagementSEI":0,"engagementSEIadj":0,"engagementSEIrank":85,"engagementScore":0,"voiceSEI":0,"voiceSEIadj":0,"voiceSEIrank":84,"voiceScore":0},"scoped":{"SEI":0,"SEIrank":80,"SEIadj":0,"audienceSEI":0,"audienceSEIadj":0,"audienceSEIrank":80,"audienceScore":0,"combinedScore":0,"combinedScoreRank":80,"engagementSEI":0,"engagementSEIadj":0,"engagementSEIrank":77,"engagementScore":0,"voiceSEI":0,"voiceSEIadj":0,"voiceSEIrank":76,"voiceScore":0}}},"month":{"boundaryQuantum":4987194,"combined":{"entityString":"536575ffb08f37d80186deb5","type":"combined","profiles":2,"postsMade":23,"repliesMade":0,"repliesRcvd":0,"sharesMade":0,"sharesRcvd":45,"mentionsRcvd":0,"likesRcvd":502,"reachRcvd":0,"audience":4952,"voice":23,"conversation":23,"engagement":547,"group_scoped":{"audienceScore":0.348869239553825,"voiceScore":0.5905006418485238,"engagementScore":0.14934256508824043,"combinedScore":0.18137680264953382,"combinedScoreRank":119,"SEIrank":153,"engagementSEIrank":91,"voiceSEIrank":151,"audienceSEIrank":161,"engagementSEI":0.1710567051413954,"engagementSEIadj":0.1710567051413954,"voiceSEI":0.9426229508196722,"voiceSEIadj":0.9426229508196722,"audienceSEI":0.5044516431350977,"audienceSEIadj":0.5044516431350977,"SEI":0.4358660726442486,"SEIadj":0.4358660726442486},"non_scoped":{"SEI":0.21606902427223726,"SEIrank":166,"SEIadj":0,"audienceSEI":0.19455237631269814,"audienceSEIadj":0,"audienceSEIrank":168,"audienceScore":0.03584995375413882,"combinedScore":0.010464943764130985,"combinedScoreRank":158,"engagementSEI":0.015019715092205125,"engagementSEIadj":0,"engagementSEIrank":130,"engagementScore":0.006283535643269781,"voiceSEI":0.6253398586188146,"voiceSEIadj":0,"voiceSEIrank":158,"voiceScore":0.060345279949624804},"scoped":{"SEI":1.2422237653906847,"SEIrank":158,"SEIadj":0,"audienceSEI":2.5399039842435682,"audienceSEIadj":0,"audienceSEIrank":153,"audienceScore":0.10292280394806222,"combinedScore":0.06943001453286098,"combinedScoreRank":127,"engagementSEI":0.4516294161843507,"engagementSEIadj":0,"engagementSEIrank":119,"engagementScore":0.06436854108172099,"voiceSEI":2.390852390852391,"voiceSEIadj":0,"voiceSEIrank":145,"voiceScore":0.1270437472381794}},"facebook":{"entityString":"536575ffb08f37d80186deb5","type":"facebook","profiles":1,"postsMade":0,"repliesMade":0,"repliesRcvd":0,"sharesMade":0,"sharesRcvd":0,"mentionsRcvd":0,"likesRcvd":0,"reachRcvd":0,"audience":1,"voice":0,"conversation":0,"engagement":0,"group_scoped":{"audienceScore":0.00009323435574127839,"voiceScore":0,"engagementScore":0,"combinedScore":0.00009323435574127839,"combinedScoreRank":183,"SEIrank":183,"engagementSEIrank":167,"voiceSEIrank":162,"audienceSEIrank":183,"engagementSEI":0,"engagementSEIadj":0,"voiceSEI":0,"voiceSEIadj":0,"audienceSEI":0.00011729077085840423,"audienceSEIadj":0.00011729077085840423,"SEI":0.000011729077085840424,"SEIadj":0.000011729077085840424},"non_scoped":{"SEI":0.000005385212314688114,"SEIrank":178,"SEIadj":0,"audienceSEI":0.00005385212314688113,"audienceSEIadj":0,"audienceSEIrank":178,"audienceScore":0.000010270742946515928,"combinedScore":5.135371473257964e-7,"combinedScoreRank":178,"engagementSEI":0,"engagementSEIadj":0,"engagementSEIrank":167,"engagementScore":0,"voiceSEI":0,"voiceSEIadj":0,"voiceSEIrank":162,"voiceScore":0},"scoped":{"SEI":0.00006864266004036188,"SEIrank":161,"SEIadj":0,"audienceSEI":0.0006864266004036188,"audienceSEIadj":0,"audienceSEIrank":161,"audienceScore":0.00004210226724919364,"combinedScore":0.000002105113362459682,"combinedScoreRank":161,"engagementSEI":0,"engagementSEIadj":0,"engagementSEIrank":154,"engagementScore":0,"voiceSEI":0,"voiceSEIadj":0,"voiceSEIrank":150,"voiceScore":0}},"twitter":{"entityString":"536575ffb08f37d80186deb5","type":"twitter","profiles":1,"postsMade":23,"repliesMade":0,"repliesRcvd":0,"sharesMade":0,"sharesRcvd":45,"mentionsRcvd":0,"likesRcvd":502,"reachRcvd":0,"audience":4951,"voice":23,"conversation":23,"engagement":547,"group_scoped":{"audienceScore":1.4349352090959417,"voiceScore":0.8607784431137725,"engagementScore":2.206534893102057,"combinedScore":2.1006670864023373,"combinedScoreRank":75,"SEIrank":89,"engagementSEIrank":68,"voiceSEIrank":137,"audienceSEIrank":111,"engagementSEI":5.412626162675639,"engagementSEIadj":5.412626162675639,"voiceSEI":1.6546762589928057,"voiceSEIadj":1.6546762589928057,"audienceSEI":3.891255482025245,"audienceSEIadj":3.891255482025245,"SEI":4.133104123505749,"SEIadj":4.133104123505749},"non_scoped":{"SEI":0.9405725270957705,"SEIrank":108,"SEIadj":0,"audienceSEI":0.8744615199840332,"audienceSEIadj":0,"audienceSEIrank":128,"audienceScore":0.14195862182865415,"combinedScore":0.19275148150330412,"combinedScoreRank":81,"engagementSEI":0.8729512775091365,"engagementSEIadj":0,"engagementSEIrank":77,"engagementScore":0.20087474156197554,"voiceSEI":1.097852028639618,"voiceSEIadj":0,"voiceSEIrank":139,"voiceScore":0.09732566012186865},"scoped":{"SEI":4.311555320037364,"SEIrank":89,"SEIadj":0,"audienceSEI":4.24803514431822,"audienceSEIadj":0,"audienceSEIrank":114,"audienceScore":0.22486617487693902,"combinedScore":0.3665181565022393,"combinedScoreRank":71,"engagementSEI":4.799087559220916,"engagementSEIadj":0,"engagementSEIrank":67,"engagementScore":0.3850024986451009,"voiceSEI":3.3576642335766427,"voiceSEIadj":0,"voiceSEIrank":127,"voiceScore":0.1754519795560302}},"instagram":{"entityString":"536575ffb08f37d80186deb5","type":"instagram","profiles":0,"postsMade":0,"repliesMade":0,"repliesRcvd":0,"sharesMade":0,"sharesRcvd":0,"mentionsRcvd":0,"likesRcvd":0,"reachRcvd":0,"audience":0,"voice":0,"conversation":0,"engagement":0,"group_scoped":{"audienceScore":0,"voiceScore":0,"engagementScore":0,"combinedScore":0,"combinedScoreRank":125,"SEIrank":88,"engagementSEIrank":85,"voiceSEIrank":85,"audienceSEIrank":88,"engagementSEI":0,"engagementSEIadj":0,"voiceSEI":0,"voiceSEIadj":0,"audienceSEI":0,"audienceSEIadj":0,"SEI":0,"SEIadj":0},"non_scoped":{"SEI":0,"SEIrank":88,"SEIadj":0,"audienceSEI":0,"audienceSEIadj":0,"audienceSEIrank":88,"audienceScore":0,"combinedScore":0,"combinedScoreRank":88,"engagementSEI":0,"engagementSEIadj":0,"engagementSEIrank":85,"engagementScore":0,"voiceSEI":0,"voiceSEIadj":0,"voiceSEIrank":85,"voiceScore":0},"scoped":{"SEI":0,"SEIrank":80,"SEIadj":0,"audienceSEI":0,"audienceSEIadj":0,"audienceSEIrank":80,"audienceScore":0,"combinedScore":0,"combinedScoreRank":80,"engagementSEI":0,"engagementSEIadj":0,"engagementSEIrank":77,"engagementScore":0,"voiceSEI":0,"voiceSEIadj":0,"voiceSEIrank":77,"voiceScore":0}}},"quarter":{"boundaryQuantum":4969914,"combined":{"entityString":"536575ffb08f37d80186deb5","type":"combined","profiles":2,"postsMade":88,"repliesMade":0,"repliesRcvd":0,"sharesMade":0,"sharesRcvd":147,"mentionsRcvd":0,"likesRcvd":1779,"reachRcvd":0,"audience":4952,"voice":88,"conversation":88,"engagement":1926,"group_scoped":{"audienceScore":0.348869239553825,"voiceScore":0.6998011928429424,"engagementScore":0.16442987398832087,"combinedScore":0.20042040820932716,"combinedScoreRank":107,"SEIrank":147,"engagementSEIrank":83,"voiceSEIrank":147,"audienceSEIrank":161,"engagementSEI":0.19545699489437102,"engagementSEIadj":0.19545699489437102,"voiceSEI":1.1143472204634672,"voiceSEIadj":1.1143472204634672,"audienceSEI":0.5044516431350977,"audienceSEIadj":0.5044516431350977,"SEI":0.5020235273891726,"SEIadj":0.5020235273891726},"non_scoped":{"SEI":0.2762150953426303,"SEIrank":156,"SEIadj":0,"audienceSEI":0.19455237631269814,"audienceSEIadj":0,"audienceSEIrank":168,"audienceScore":0.03584995375413882,"combinedScore":0.01200581094021961,"combinedScoreRank":149,"engagementSEI":0.016910209683966095,"engagementSEIadj":0,"engagementSEIrank":123,"engagementScore":0.006962252733389098,"voiceSEI":0.8220457730032694,"voiceSEIadj":0,"voiceSEIrank":146,"voiceScore":0.07894571584924956},"scoped":{"SEI":1.5290750290150552,"SEIrank":147,"SEIadj":0,"audienceSEI":2.5399039842435682,"audienceSEIadj":0,"audienceSEIrank":153,"audienceScore":0.10292280394806222,"combinedScore":0.07734349132341901,"combinedScoreRank":123,"engagementSEI":0.503320188470675,"engagementSEIadj":0,"engagementSEIrank":112,"engagementScore":0.07092799298821918,"voiceSEI":3.243641725027645,"voiceSEIadj":0,"voiceSEIrank":135,"voiceScore":0.16724314873237295}},"facebook":{"entityString":"536575ffb08f37d80186deb5","type":"facebook","profiles":1,"postsMade":0,"repliesMade":0,"repliesRcvd":0,"sharesMade":0,"sharesRcvd":0,"mentionsRcvd":0,"likesRcvd":0,"reachRcvd":0,"audience":1,"voice":0,"conversation":0,"engagement":0,"group_scoped":{"audienceScore":0.00009323435574127839,"voiceScore":0,"engagementScore":0,"combinedScore":0.00009323435574127839,"combinedScoreRank":183,"SEIrank":183,"engagementSEIrank":173,"voiceSEIrank":173,"audienceSEIrank":183,"engagementSEI":0,"engagementSEIadj":0,"voiceSEI":0,"voiceSEIadj":0,"audienceSEI":0.00011729077085840423,"audienceSEIadj":0.00011729077085840423,"SEI":0.000011729077085840424,"SEIadj":0.000011729077085840424},"non_scoped":{"SEI":0.000005385212314688114,"SEIrank":178,"SEIadj":0,"audienceSEI":0.00005385212314688113,"audienceSEIadj":0,"audienceSEIrank":178,"audienceScore":0.000010270742946515928,"combinedScore":5.135371473257964e-7,"combinedScoreRank":178,"engagementSEI":0,"engagementSEIadj":0,"engagementSEIrank":173,"engagementScore":0,"voiceSEI":0,"voiceSEIadj":0,"voiceSEIrank":173,"voiceScore":0},"scoped":{"SEI":0.00006864266004036188,"SEIrank":161,"SEIadj":0,"audienceSEI":0.0006864266004036188,"audienceSEIadj":0,"audienceSEIrank":161,"audienceScore":0.00004210226724919364,"combinedScore":0.000002105113362459682,"combinedScoreRank":161,"engagementSEI":0,"engagementSEIadj":0,"engagementSEIrank":159,"engagementScore":0,"voiceSEI":0,"voiceSEIadj":0,"voiceSEIrank":159,"voiceScore":0}},"twitter":{"entityString":"536575ffb08f37d80186deb5","type":"twitter","profiles":1,"postsMade":88,"repliesMade":0,"repliesRcvd":0,"sharesMade":0,"sharesRcvd":147,"mentionsRcvd":0,"likesRcvd":1779,"reachRcvd":0,"audience":4951,"voice":88,"conversation":88,"engagement":1926,"group_scoped":{"audienceScore":1.4349352090959417,"voiceScore":1.0109132682366457,"engagementScore":2.546541146604612,"combinedScore":2.41417945581078,"combinedScoreRank":64,"SEIrank":75,"engagementSEIrank":58,"voiceSEIrank":124,"audienceSEIrank":111,"engagementSEI":6.523064417801259,"engagementSEIadj":6.523064417801259,"voiceSEI":1.8876018876018876,"voiceSEIadj":1.8876018876018876,"audienceSEI":3.891255482025245,"audienceSEIadj":3.891255482025245,"SEI":4.869244765163846,"SEIadj":4.869244765163846},"non_scoped":{"SEI":1.1530894749941902,"SEIrank":97,"SEIadj":0,"audienceSEI":0.8744615199840332,"audienceSEIadj":0,"audienceSEIrank":128,"audienceScore":0.14195862182865415,"combinedScore":0.23358557381145484,"combinedScoreRank":73,"engagementSEI":1.0420048042589105,"engagementSEIadj":0,"engagementSEIrank":69,"engagementScore":0.24453696050461457,"voiceSEI":1.4681348014681348,"voiceSEIadj":0,"voiceSEIrank":120,"voiceScore":0.1280875653173806},"scoped":{"SEI":5.63043595816546,"SEIrank":81,"SEIadj":0,"audienceSEI":4.24803514431822,"audienceSEIadj":0,"audienceSEIrank":114,"audienceScore":0.22486617487693902,"combinedScore":0.4600489032195047,"combinedScoreRank":62,"engagementSEI":6.345545598313127,"engagementSEIadj":0,"engagementSEIrank":59,"engagementScore":0.48565355200351,"voiceSEI":4.661016949152542,"voiceSEIadj":0,"voiceSEIrank":109,"voiceScore":0.2343479534499747}},"instagram":{"entityString":"536575ffb08f37d80186deb5","type":"instagram","profiles":0,"postsMade":0,"repliesMade":0,"repliesRcvd":0,"sharesMade":0,"sharesRcvd":0,"mentionsRcvd":0,"likesRcvd":0,"reachRcvd":0,"audience":0,"voice":0,"conversation":0,"engagement":0,"group_scoped":{"audienceScore":0,"voiceScore":0,"engagementScore":0,"combinedScore":0,"combinedScoreRank":125,"SEIrank":88,"engagementSEIrank":86,"voiceSEIrank":86,"audienceSEIrank":88,"engagementSEI":0,"engagementSEIadj":0,"voiceSEI":0,"voiceSEIadj":0,"audienceSEI":0,"audienceSEIadj":0,"SEI":0,"SEIadj":0},"non_scoped":{"SEI":0,"SEIrank":88,"SEIadj":0,"audienceSEI":0,"audienceSEIadj":0,"audienceSEIrank":88,"audienceScore":0,"combinedScore":0,"combinedScoreRank":88,"engagementSEI":0,"engagementSEIadj":0,"engagementSEIrank":86,"engagementScore":0,"voiceSEI":0,"voiceSEIadj":0,"voiceSEIrank":86,"voiceScore":0},"scoped":{"SEI":0,"SEIrank":80,"SEIadj":0,"audienceSEI":0,"audienceSEIadj":0,"audienceSEIrank":80,"audienceScore":0,"combinedScore":0,"combinedScoreRank":80,"engagementSEI":0,"engagementSEIadj":0,"engagementSEIrank":78,"engagementScore":0,"voiceSEI":0,"voiceSEIadj":0,"voiceSEIrank":78,"voiceScore":0}}},"blended":{"combined":{"non_scoped":{"SEI":0.25715632349508366,"SEIadj":40.15429379409705,"SEIrank":162,"audienceSEI":0.19455237631269814,"audienceSEIadj":40.11673142578762,"audienceSEIrank":168,"engagementSEI":0.018008040798449414,"engagementSEIadj":50.009004020399225,"engagementSEIrank":124,"voiceSEI":0.7563208712824808,"voiceSEIadj":50.37816043564124,"voiceSEIrank":156},"scoped":{"SEI":16.089669910263922,"SEIadj":66.43586796410557,"SEIrank":47,"compCharisma":3,"compInfluence":12,"compEva":1.0896699102639227,"audienceSEI":2.5399039842435682,"audienceSEIadj":41.52394239054614,"audienceSEIrank":153,"engagementSEI":0.5175700210719161,"engagementSEIadj":50.25878501053596,"engagementSEIrank":115,"voiceSEI":2.8974792888272702,"voiceSEIadj":51.448739644413635,"voiceSEIrank":145}},"facebook":{"non_scoped":{"SEI":0.000005385212314688114,"SEIadj":40.00000323112739,"SEIrank":178,"audienceSEI":0.00005385212314688114,"audienceSEIadj":40.00003231127389,"audienceSEIrank":178,"engagementSEI":0,"engagementSEIadj":0,"engagementSEIrank":173,"voiceSEI":0,"voiceSEIadj":0,"voiceSEIrank":173},"scoped":{"SEI":0.00006864266004036188,"SEIadj":40.000041185596025,"SEIrank":161,"audienceSEI":0.0006864266004036188,"audienceSEIadj":40.000411855960245,"audienceSEIrank":161,"engagementSEI":0,"engagementSEIadj":0,"engagementSEIrank":159,"voiceSEI":0,"voiceSEIadj":0,"voiceSEIrank":159}},"twitter":{"non_scoped":{"SEI":1.145894389875156,"SEIadj":50.572947194937576,"SEIrank":93,"audienceSEI":0.8744615199840332,"audienceSEIadj":50.43723075999202,"audienceSEIrank":128,"engagementSEI":1.0931888066044768,"engagementSEIadj":60.43727552264179,"engagementSEIrank":68,"voiceSEI":1.3417831797135544,"voiceSEIadj":50.67089158985678,"voiceSEIrank":126},"scoped":{"SEI":5.588167472174437,"SEIadj":52.79408373608722,"SEIrank":78,"audienceSEI":4.24803514431822,"audienceSEIadj":52.12401757215911,"audienceSEIrank":114,"engagementSEI":6.5919366323404,"engagementSEIadj":62.63677465293616,"engagementSEIrank":58,"voiceSEI":4.027339927794586,"voiceSEIadj":52.01366996389729,"voiceSEIrank":115}},"instagram":{"non_scoped":{"SEI":0,"SEIadj":0,"SEIrank":88,"audienceSEI":0,"audienceSEIadj":0,"audienceSEIrank":88,"engagementSEI":0,"engagementSEIadj":0,"engagementSEIrank":86,"voiceSEI":0,"voiceSEIadj":0,"voiceSEIrank":86},"scoped":{"SEI":0,"SEIadj":0,"SEIrank":80,"audienceSEI":0,"audienceSEIadj":0,"audienceSEIrank":80,"engagementSEI":0,"engagementSEIadj":0,"engagementSEIrank":78,"voiceSEI":0,"voiceSEIadj":0,"voiceSEIrank":78}},"influence":{"facebook":{"scope":"individual","ratio":0,"calculated":false},"instagram":{"scope":"individual","ratio":0,"calculated":false},"combined":{"ratio":2,"bottom":true,"scope":"individual","calculated":true},"twitter":{"ratio":2,"bottom":false,"scope":"individual","calculated":true}},"charisma":{"facebook":{"scope":"individual","ratio":0,"calculated":false},"instagram":{"scope":"individual","ratio":0,"calculated":false},"combined":{"ratio":0.5,"bottom":false,"scope":"individual","calculated":true},"twitter":{"ratio":1.96,"bottom":false,"scope":"individual","calculated":true}}},"scope":"individual"}}