{"scoreEntityString":"591d1494ab33fb0001804f89.asset.536575ffb08f37d80186dc64","timeQuantum":4995834,"scoreEntityType":"asset","scoreProfileID":"591d1494ab33fb0001804f89","data":{"scoreEntityString":"591d1494ab33fb0001804f89.asset.536575ffb08f37d80186dc64","scoreProfileID":"591d1494ab33fb0001804f89","scoreEntityType":"asset","entityID":"asset.536575ffb08f37d80186dc64","object_version":"1.2","score_engine_version":"3.0.20","timestamp":4995834,"start_quantum":4969914,"end_quantum":4995833,"schedule_options":{"interval":15,"offset":"1"},"_15min":{"boundaryQuantum":4995831,"combined":{"entityString":"536575ffb08f37d80186dc64","type":"combined","profiles":2,"postsMade":0,"repliesMade":0,"repliesRcvd":0,"sharesMade":0,"sharesRcvd":0,"mentionsRcvd":0,"likesRcvd":0,"reachRcvd":0,"audience":9073,"voice":0,"conversation":0,"engagement":0,"group_scoped":{"audienceScore":0.6391943882212953,"voiceScore":0,"engagementScore":0,"combinedScore":0.6391943882212953,"engagementSEI":0,"engagementSEIadj":0,"voiceSEI":0,"voiceSEIadj":0,"audienceSEI":0.9242507589185665,"audienceSEIadj":0.9242507589185665,"SEI":0.09242507589185665,"SEIadj":0.09242507589185665,"combinedScoreRank":109,"SEIrank":121,"engagementSEIrank":60,"voiceSEIrank":53,"audienceSEIrank":120},"non_scoped":{"SEI":0.035645672663269595,"SEIrank":134,"SEIadj":0,"audienceSEI":0.35645672663269595,"audienceSEIadj":0,"audienceSEIrank":133,"audienceScore":0.06568389144008512,"combinedScore":0.003284194572004256,"combinedScoreRank":134,"engagementSEI":0,"engagementSEIadj":0,"engagementSEIrank":60,"engagementScore":0,"voiceSEI":0,"voiceSEIadj":0,"voiceSEIrank":53,"voiceScore":0},"scoped":{"SEI":0.46535841779163767,"SEIrank":121,"SEIadj":0,"audienceSEI":4.653584177916376,"audienceSEIadj":0,"audienceSEIrank":120,"audienceScore":0.18857403073925053,"combinedScore":0.009428701536962528,"combinedScoreRank":121,"engagementSEI":0,"engagementSEIadj":0,"engagementSEIrank":53,"engagementScore":0,"voiceSEI":0,"voiceSEIadj":0,"voiceSEIrank":50,"voiceScore":0}},"facebook":{"entityString":"536575ffb08f37d80186dc64","type":"facebook","profiles":1,"postsMade":0,"repliesMade":0,"repliesRcvd":0,"sharesMade":0,"sharesRcvd":0,"mentionsRcvd":0,"likesRcvd":0,"reachRcvd":0,"audience":3263,"voice":0,"conversation":0,"engagement":0,"group_scoped":{"audienceScore":0.3042237027837914,"voiceScore":0,"engagementScore":0,"combinedScore":0.3042237027837914,"engagementSEI":0,"engagementSEIadj":0,"voiceSEI":0,"voiceSEIadj":0,"audienceSEI":0.382719785310973,"audienceSEIadj":0.382719785310973,"SEI":0.0382719785310973,"SEIadj":0.0382719785310973,"combinedScoreRank":114,"SEIrank":117,"engagementSEIrank":58,"voiceSEIrank":52,"audienceSEIrank":117},"non_scoped":{"SEI":0.01757194778282731,"SEIrank":124,"SEIadj":0,"audienceSEI":0.1757194778282731,"audienceSEIadj":0,"audienceSEIrank":124,"audienceScore":0.03351343423448147,"combinedScore":0.0016756717117240737,"combinedScoreRank":124,"engagementSEI":0,"engagementSEIadj":0,"engagementSEIrank":58,"engagementScore":0,"voiceSEI":0,"voiceSEIadj":0,"voiceSEIrank":52,"voiceScore":0},"scoped":{"SEI":0.22398099971170082,"SEIrank":110,"SEIadj":0,"audienceSEI":2.2398099971170082,"audienceSEIadj":0,"audienceSEIrank":110,"audienceScore":0.1373796980341188,"combinedScore":0.006868984901705941,"combinedScoreRank":110,"engagementSEI":0,"engagementSEIadj":0,"engagementSEIrank":51,"engagementScore":0,"voiceSEI":0,"voiceSEIadj":0,"voiceSEIrank":50,"voiceScore":0}},"twitter":{"entityString":"536575ffb08f37d80186dc64","type":"twitter","profiles":1,"postsMade":0,"repliesMade":0,"repliesRcvd":0,"sharesMade":0,"sharesRcvd":0,"mentionsRcvd":0,"likesRcvd":0,"reachRcvd":0,"audience":5810,"voice":0,"conversation":0,"engagement":0,"group_scoped":{"audienceScore":1.6838969026151123,"voiceScore":0,"engagementScore":0,"combinedScore":1.6838969026151123,"engagementSEI":0,"engagementSEIadj":0,"voiceSEI":0,"voiceSEIadj":0,"audienceSEI":4.566389487086784,"audienceSEIadj":4.566389487086784,"SEI":0.45663894870867844,"SEIadj":0.45663894870867844,"combinedScoreRank":88,"SEIrank":98,"engagementSEIrank":54,"voiceSEIrank":53,"audienceSEIrank":97},"non_scoped":{"SEI":0.10261808586360804,"SEIrank":119,"SEIadj":0,"audienceSEI":1.0261808586360803,"audienceSEIadj":0,"audienceSEIrank":119,"audienceScore":0.16658848572500112,"combinedScore":0.008329424286250057,"combinedScoreRank":119,"engagementSEI":0,"engagementSEIadj":0,"engagementSEIrank":54,"engagementScore":0,"voiceSEI":0,"voiceSEIadj":0,"voiceSEIrank":53,"voiceScore":0},"scoped":{"SEI":0.49850705288808045,"SEIrank":105,"SEIadj":0,"audienceSEI":4.985070528880804,"audienceSEIadj":0,"audienceSEIrank":105,"audienceScore":0.26388052434558995,"combinedScore":0.037697217763655706,"combinedScoreRank":105,"engagementSEI":0,"engagementSEIadj":0,"engagementSEIrank":51,"engagementScore":0,"voiceSEI":0,"voiceSEIadj":0,"voiceSEIrank":50,"voiceScore":0}},"instagram":{"entityString":"536575ffb08f37d80186dc64","type":"instagram","profiles":0,"postsMade":0,"repliesMade":0,"repliesRcvd":0,"sharesMade":0,"sharesRcvd":0,"mentionsRcvd":0,"likesRcvd":0,"reachRcvd":0,"audience":0,"voice":0,"conversation":0,"engagement":0,"group_scoped":{"audienceScore":0,"voiceScore":0,"engagementScore":0,"combinedScore":0,"engagementSEI":0,"engagementSEIadj":0,"voiceSEI":0,"voiceSEIadj":0,"audienceSEI":0,"audienceSEIadj":0,"SEI":0,"SEIadj":0,"combinedScoreRank":115,"SEIrank":78,"engagementSEIrank":55,"voiceSEIrank":52,"audienceSEIrank":78},"non_scoped":{"SEI":0,"SEIrank":78,"SEIadj":0,"audienceSEI":0,"audienceSEIadj":0,"audienceSEIrank":78,"audienceScore":0,"combinedScore":0,"combinedScoreRank":78,"engagementSEI":0,"engagementSEIadj":0,"engagementSEIrank":55,"engagementScore":0,"voiceSEI":0,"voiceSEIadj":0,"voiceSEIrank":52,"voiceScore":0},"scoped":{"SEI":0,"SEIrank":72,"SEIadj":0,"audienceSEI":0,"audienceSEIadj":0,"audienceSEIrank":72,"audienceScore":0,"combinedScore":0,"combinedScoreRank":72,"engagementSEI":0,"engagementSEIadj":0,"engagementSEIrank":51,"engagementScore":0,"voiceSEI":0,"voiceSEIadj":0,"voiceSEIrank":50,"voiceScore":0}}},"hour":{"boundaryQuantum":4995822,"combined":{"entityString":"536575ffb08f37d80186dc64","type":"combined","profiles":2,"postsMade":0,"repliesMade":0,"repliesRcvd":0,"sharesMade":0,"sharesRcvd":0,"mentionsRcvd":0,"likesRcvd":0,"reachRcvd":0,"audience":9073,"voice":0,"conversation":0,"engagement":0,"group_scoped":{"audienceScore":0.6391943882212953,"voiceScore":0,"engagementScore":0,"combinedScore":0.6391943882212953,"combinedScoreRank":96,"SEIrank":135,"engagementSEIrank":100,"voiceSEIrank":65,"audienceSEIrank":120,"engagementSEI":0,"engagementSEIadj":0,"voiceSEI":0,"voiceSEIadj":0,"audienceSEI":0.9242507589185665,"audienceSEIadj":0.9242507589185665,"SEI":0.09242507589185665,"SEIadj":0.09242507589185665},"non_scoped":{"SEI":0.035645672663269595,"SEIrank":142,"SEIadj":0,"audienceSEI":0.35645672663269595,"audienceSEIadj":0,"audienceSEIrank":133,"audienceScore":0.06568389144008512,"combinedScore":0.003284194572004256,"combinedScoreRank":143,"engagementSEI":0,"engagementSEIadj":0,"engagementSEIrank":100,"engagementScore":0,"voiceSEI":0,"voiceSEIadj":0,"voiceSEIrank":65,"voiceScore":0},"scoped":{"SEI":0.46535841779163767,"SEIrank":130,"SEIadj":0,"audienceSEI":4.653584177916376,"audienceSEIadj":0,"audienceSEIrank":120,"audienceScore":0.18857403073925053,"combinedScore":0.009428701536962528,"combinedScoreRank":130,"engagementSEI":0,"engagementSEIadj":0,"engagementSEIrank":90,"engagementScore":0,"voiceSEI":0,"voiceSEIadj":0,"voiceSEIrank":57,"voiceScore":0}},"facebook":{"entityString":"536575ffb08f37d80186dc64","type":"facebook","profiles":1,"postsMade":0,"repliesMade":0,"repliesRcvd":0,"sharesMade":0,"sharesRcvd":0,"mentionsRcvd":0,"likesRcvd":0,"reachRcvd":0,"audience":3263,"voice":0,"conversation":0,"engagement":0,"group_scoped":{"audienceScore":0.3042237027837914,"voiceScore":0,"engagementScore":0,"combinedScore":0.3042237027837914,"combinedScoreRank":110,"SEIrank":120,"engagementSEIrank":83,"voiceSEIrank":60,"audienceSEIrank":117,"engagementSEI":0,"engagementSEIadj":0,"voiceSEI":0,"voiceSEIadj":0,"audienceSEI":0.382719785310973,"audienceSEIadj":0.382719785310973,"SEI":0.0382719785310973,"SEIadj":0.0382719785310973},"non_scoped":{"SEI":0.01757194778282731,"SEIrank":126,"SEIadj":0,"audienceSEI":0.1757194778282731,"audienceSEIadj":0,"audienceSEIrank":124,"audienceScore":0.03351343423448147,"combinedScore":0.0016756717117240737,"combinedScoreRank":126,"engagementSEI":0,"engagementSEIadj":0,"engagementSEIrank":83,"engagementScore":0,"voiceSEI":0,"voiceSEIadj":0,"voiceSEIrank":60,"voiceScore":0},"scoped":{"SEI":0.22398099971170082,"SEIrank":112,"SEIadj":0,"audienceSEI":2.2398099971170082,"audienceSEIadj":0,"audienceSEIrank":110,"audienceScore":0.1373796980341188,"combinedScore":0.006868984901705941,"combinedScoreRank":112,"engagementSEI":0,"engagementSEIadj":0,"engagementSEIrank":73,"engagementScore":0,"voiceSEI":0,"voiceSEIadj":0,"voiceSEIrank":52,"voiceScore":0}},"twitter":{"entityString":"536575ffb08f37d80186dc64","type":"twitter","profiles":1,"postsMade":0,"repliesMade":0,"repliesRcvd":0,"sharesMade":0,"sharesRcvd":0,"mentionsRcvd":0,"likesRcvd":0,"reachRcvd":0,"audience":5810,"voice":0,"conversation":0,"engagement":0,"group_scoped":{"audienceScore":1.6838969026151123,"voiceScore":0,"engagementScore":0,"combinedScore":1.6838969026151123,"combinedScoreRank":98,"SEIrank":114,"engagementSEIrank":75,"voiceSEIrank":64,"audienceSEIrank":97,"engagementSEI":0,"engagementSEIadj":0,"voiceSEI":0,"voiceSEIadj":0,"audienceSEI":4.566389487086784,"audienceSEIadj":4.566389487086784,"SEI":0.45663894870867844,"SEIadj":0.45663894870867844},"non_scoped":{"SEI":0.10261808586360804,"SEIrank":127,"SEIadj":0,"audienceSEI":1.0261808586360803,"audienceSEIadj":0,"audienceSEIrank":119,"audienceScore":0.16658848572500112,"combinedScore":0.008329424286250057,"combinedScoreRank":127,"engagementSEI":0,"engagementSEIadj":0,"engagementSEIrank":75,"engagementScore":0,"voiceSEI":0,"voiceSEIadj":0,"voiceSEIrank":64,"voiceScore":0},"scoped":{"SEI":0.49850705288808045,"SEIrank":113,"SEIadj":0,"audienceSEI":4.985070528880804,"audienceSEIadj":0,"audienceSEIrank":105,"audienceScore":0.26388052434558995,"combinedScore":0.013194026217279498,"combinedScoreRank":113,"engagementSEI":0,"engagementSEIadj":0,"engagementSEIrank":66,"engagementScore":0,"voiceSEI":0,"voiceSEIadj":0,"voiceSEIrank":56,"voiceScore":0}},"instagram":{"entityString":"536575ffb08f37d80186dc64","type":"instagram","profiles":0,"postsMade":0,"repliesMade":0,"repliesRcvd":0,"sharesMade":0,"sharesRcvd":0,"mentionsRcvd":0,"likesRcvd":0,"reachRcvd":0,"audience":0,"voice":0,"conversation":0,"engagement":0,"group_scoped":{"audienceScore":0,"voiceScore":0,"engagementScore":0,"combinedScore":0,"combinedScoreRank":115,"SEIrank":78,"engagementSEIrank":60,"voiceSEIrank":54,"audienceSEIrank":78,"engagementSEI":0,"engagementSEIadj":0,"voiceSEI":0,"voiceSEIadj":0,"audienceSEI":0,"audienceSEIadj":0,"SEI":0,"SEIadj":0},"non_scoped":{"SEI":0,"SEIrank":78,"SEIadj":0,"audienceSEI":0,"audienceSEIadj":0,"audienceSEIrank":78,"audienceScore":0,"combinedScore":0,"combinedScoreRank":78,"engagementSEI":0,"engagementSEIadj":0,"engagementSEIrank":60,"engagementScore":0,"voiceSEI":0,"voiceSEIadj":0,"voiceSEIrank":54,"voiceScore":0},"scoped":{"SEI":0,"SEIrank":72,"SEIadj":0,"audienceSEI":0,"audienceSEIadj":0,"audienceSEIrank":72,"audienceScore":0,"combinedScore":0,"combinedScoreRank":72,"engagementSEI":0,"engagementSEIadj":0,"engagementSEIrank":54,"engagementScore":0,"voiceSEI":0,"voiceSEIadj":0,"voiceSEIrank":50,"voiceScore":0}}},"today":{"boundaryQuantum":4995546,"combined":{"entityString":"536575ffb08f37d80186dc64","type":"combined","profiles":2,"postsMade":1,"repliesMade":0,"repliesRcvd":0,"sharesMade":0,"sharesRcvd":0,"mentionsRcvd":0,"likesRcvd":9,"reachRcvd":0,"audience":9073,"voice":1,"conversation":1,"engagement":9,"group_scoped":{"audienceScore":0.6391943882212953,"voiceScore":0.7936507936507936,"engagementScore":0.10354348826507134,"combinedScore":0.16483139853216866,"combinedScoreRank":144,"SEIrank":127,"engagementSEIrank":84,"voiceSEIrank":115,"audienceSEIrank":120,"engagementSEI":0.12330456226880394,"engagementSEIadj":0.12330456226880394,"voiceSEI":1.098901098901099,"voiceSEIadj":1.098901098901099,"audienceSEI":0.9242507589185665,"audienceSEIadj":0.9242507589185665,"SEI":0.4960781429234687,"SEIadj":0.4960781429234687},"non_scoped":{"SEI":0.24661281805763038,"SEIrank":133,"SEIadj":0,"audienceSEI":0.35645672663269595,"audienceSEIadj":0,"audienceSEIrank":133,"audienceScore":0.06568389144008512,"combinedScore":0.009787253090500176,"combinedScoreRank":141,"engagementSEI":0.009146155565943781,"engagementSEIadj":0,"engagementSEIrank":121,"engagementScore":0.003348749986046875,"voiceSEI":0.684931506849315,"voiceSEIadj":0,"voiceSEIrank":117,"voiceScore":0.06978367062107467},"scoped":{"SEI":1.861429951066337,"SEIrank":126,"SEIadj":0,"audienceSEI":4.653584177916376,"audienceSEIadj":0,"audienceSEIrank":120,"audienceScore":0.18857403073925053,"combinedScore":0.05111630937950511,"combinedScoreRank":117,"engagementSEI":0.47493403693931396,"engagementSEIadj":0,"engagementSEIrank":110,"engagementScore":0.03722700198544011,"voiceSEI":3.7037037037037033,"voiceSEIadj":0,"voiceSEIrank":105,"voiceScore":0.16366612111292964}},"facebook":{"entityString":"536575ffb08f37d80186dc64","type":"facebook","profiles":1,"postsMade":0,"repliesMade":0,"repliesRcvd":0,"sharesMade":0,"sharesRcvd":0,"mentionsRcvd":0,"likesRcvd":0,"reachRcvd":0,"audience":3263,"voice":0,"conversation":0,"engagement":0,"group_scoped":{"audienceScore":0.3042237027837914,"voiceScore":0,"engagementScore":0,"combinedScore":0.3042237027837914,"combinedScoreRank":84,"SEIrank":129,"engagementSEIrank":121,"voiceSEIrank":103,"audienceSEIrank":117,"engagementSEI":0,"engagementSEIadj":0,"voiceSEI":0,"voiceSEIadj":0,"audienceSEI":0.382719785310973,"audienceSEIadj":0.382719785310973,"SEI":0.0382719785310973,"SEIadj":0.0382719785310973},"non_scoped":{"SEI":0.01757194778282731,"SEIrank":135,"SEIadj":0,"audienceSEI":0.1757194778282731,"audienceSEIadj":0,"audienceSEIrank":124,"audienceScore":0.03351343423448147,"combinedScore":0.0016756717117240737,"combinedScoreRank":135,"engagementSEI":0,"engagementSEIadj":0,"engagementSEIrank":121,"engagementScore":0,"voiceSEI":0,"voiceSEIadj":0,"voiceSEIrank":103,"voiceScore":0},"scoped":{"SEI":0.22398099971170082,"SEIrank":121,"SEIadj":0,"audienceSEI":2.2398099971170082,"audienceSEIadj":0,"audienceSEIrank":110,"audienceScore":0.1373796980341188,"combinedScore":0.006868984901705941,"combinedScoreRank":121,"engagementSEI":0,"engagementSEIadj":0,"engagementSEIrank":111,"engagementScore":0,"voiceSEI":0,"voiceSEIadj":0,"voiceSEIrank":93,"voiceScore":0}},"twitter":{"entityString":"536575ffb08f37d80186dc64","type":"twitter","profiles":1,"postsMade":1,"repliesMade":0,"repliesRcvd":0,"sharesMade":0,"sharesRcvd":0,"mentionsRcvd":0,"likesRcvd":9,"reachRcvd":0,"audience":5810,"voice":1,"conversation":1,"engagement":9,"group_scoped":{"audienceScore":1.6838969026151123,"voiceScore":1.1764705882352942,"engagementScore":1.1873350923482848,"combinedScore":1.2116199576559767,"combinedScoreRank":102,"SEIrank":106,"engagementSEIrank":82,"voiceSEIrank":109,"audienceSEIrank":97,"engagementSEI":2.137767220902613,"engagementSEIadj":2.137767220902613,"voiceSEI":1.7857142857142856,"voiceSEIadj":1.7857142857142856,"audienceSEI":4.566389487086784,"audienceSEIadj":4.566389487086784,"SEI":2.2750135669645317,"SEIadj":2.2750135669645317},"non_scoped":{"SEI":0.7019599721288945,"SEIrank":106,"SEIadj":0,"audienceSEI":1.0261808586360803,"audienceSEIadj":0,"audienceSEIrank":119,"audienceScore":0.16658848572500112,"combinedScore":0.10809687153776527,"combinedScoreRank":92,"engagementSEI":0.4371053909664886,"engagementSEIadj":0,"engagementSEIrank":85,"engagementScore":0.1045539033457249,"voiceSEI":1.1235955056179776,"voiceSEIadj":0,"voiceSEIrank":94,"voiceScore":0.11337868480725624},"scoped":{"SEI":3.717748495996313,"SEIrank":91,"SEIadj":0,"audienceSEI":4.985070528880804,"audienceSEIadj":0,"audienceSEIrank":105,"audienceScore":0.26388052434558995,"combinedScore":0.224932409719578,"combinedScoreRank":81,"engagementSEI":3.1914893617021276,"engagementSEIadj":0,"engagementSEIrank":75,"engagementScore":0.22255192878338279,"voiceSEI":4.3478260869565215,"voiceSEIadj":0,"voiceSEIrank":83,"voiceScore":0.2288329519450801}},"instagram":{"entityString":"536575ffb08f37d80186dc64","type":"instagram","profiles":0,"postsMade":0,"repliesMade":0,"repliesRcvd":0,"sharesMade":0,"sharesRcvd":0,"mentionsRcvd":0,"likesRcvd":0,"reachRcvd":0,"audience":0,"voice":0,"conversation":0,"engagement":0,"group_scoped":{"audienceScore":0,"voiceScore":0,"engagementScore":0,"combinedScore":0,"combinedScoreRank":115,"SEIrank":78,"engagementSEIrank":73,"voiceSEIrank":63,"audienceSEIrank":78,"engagementSEI":0,"engagementSEIadj":0,"voiceSEI":0,"voiceSEIadj":0,"audienceSEI":0,"audienceSEIadj":0,"SEI":0,"SEIadj":0},"non_scoped":{"SEI":0,"SEIrank":78,"SEIadj":0,"audienceSEI":0,"audienceSEIadj":0,"audienceSEIrank":78,"audienceScore":0,"combinedScore":0,"combinedScoreRank":78,"engagementSEI":0,"engagementSEIadj":0,"engagementSEIrank":73,"engagementScore":0,"voiceSEI":0,"voiceSEIadj":0,"voiceSEIrank":63,"voiceScore":0},"scoped":{"SEI":0,"SEIrank":72,"SEIadj":0,"audienceSEI":0,"audienceSEIadj":0,"audienceSEIrank":72,"audienceScore":0,"combinedScore":0,"combinedScoreRank":72,"engagementSEI":0,"engagementSEIadj":0,"engagementSEIrank":67,"engagementScore":0,"voiceSEI":0,"voiceSEIadj":0,"voiceSEIrank":57,"voiceScore":0}}},"week":{"boundaryQuantum":4993818,"combined":{"entityString":"536575ffb08f37d80186dc64","type":"combined","profiles":2,"postsMade":18,"repliesMade":0,"repliesRcvd":0,"sharesMade":0,"sharesRcvd":36,"mentionsRcvd":0,"likesRcvd":103,"reachRcvd":0,"audience":9073,"voice":18,"conversation":18,"engagement":139,"group_scoped":{"audienceScore":0.6391943882212953,"voiceScore":2.0689655172413794,"engagementScore":0.1640137346753354,"combinedScore":0.2830203564809356,"combinedScoreRank":106,"SEIrank":85,"engagementSEIrank":96,"voiceSEIrank":71,"audienceSEIrank":120,"engagementSEI":0.1814195097757707,"engagementSEIadj":0.1814195097757707,"voiceSEI":3.1578947368421053,"voiceSEIadj":3.1578947368421053,"audienceSEI":0.9242507589185665,"audienceSEIadj":0.9242507589185665,"SEI":1.1486452028099505,"SEIadj":1.1486452028099505},"non_scoped":{"SEI":0.6928672547049158,"SEIrank":85,"SEIadj":0,"audienceSEI":0.35645672663269595,"audienceSEIadj":0,"audienceSEIrank":133,"audienceScore":0.06568389144008512,"combinedScore":0.02069715904939143,"combinedScoreRank":119,"engagementSEI":0.017524992025498235,"engagementSEIadj":0,"engagementSEIrank":125,"engagementScore":0.007350137828303954,"voiceSEI":2.155688622754491,"voiceSEIadj":0,"voiceSEIrank":74,"voiceScore":0.21595680863827235},"scoped":{"SEI":3.108877502306447,"SEIrank":94,"SEIadj":0,"audienceSEI":4.653584177916376,"audienceSEIadj":0,"audienceSEIrank":120,"audienceScore":0.18857403073925053,"combinedScore":0.0949476186260329,"combinedScoreRank":111,"engagementSEI":0.47573413649120405,"engagementSEIadj":0,"engagementSEIrank":114,"engagementScore":0.06962741817526073,"voiceSEI":7.860262008733625,"voiceSEIadj":0,"voiceSEIrank":64,"voiceScore":0.4570848146267141}},"facebook":{"entityString":"536575ffb08f37d80186dc64","type":"facebook","profiles":1,"postsMade":0,"repliesMade":0,"repliesRcvd":0,"sharesMade":0,"sharesRcvd":0,"mentionsRcvd":0,"likesRcvd":0,"reachRcvd":0,"audience":3263,"voice":0,"conversation":0,"engagement":0,"group_scoped":{"audienceScore":0.3042237027837914,"voiceScore":0,"engagementScore":0,"combinedScore":0.3042237027837914,"combinedScoreRank":78,"SEIrank":146,"engagementSEIrank":149,"voiceSEIrank":136,"audienceSEIrank":117,"engagementSEI":0,"engagementSEIadj":0,"voiceSEI":0,"voiceSEIadj":0,"audienceSEI":0.382719785310973,"audienceSEIadj":0.382719785310973,"SEI":0.0382719785310973,"SEIadj":0.0382719785310973},"non_scoped":{"SEI":0.01757194778282731,"SEIrank":146,"SEIadj":0,"audienceSEI":0.1757194778282731,"audienceSEIadj":0,"audienceSEIrank":124,"audienceScore":0.03351343423448147,"combinedScore":0.0016756717117240737,"combinedScoreRank":147,"engagementSEI":0,"engagementSEIadj":0,"engagementSEIrank":149,"engagementScore":0,"voiceSEI":0,"voiceSEIadj":0,"voiceSEIrank":136,"voiceScore":0},"scoped":{"SEI":0.22398099971170082,"SEIrank":133,"SEIadj":0,"audienceSEI":2.2398099971170082,"audienceSEIadj":0,"audienceSEIrank":110,"audienceScore":0.1373796980341188,"combinedScore":0.006868984901705941,"combinedScoreRank":135,"engagementSEI":0,"engagementSEIadj":0,"engagementSEIrank":139,"engagementScore":0,"voiceSEI":0,"voiceSEIadj":0,"voiceSEIrank":126,"voiceScore":0}},"twitter":{"entityString":"536575ffb08f37d80186dc64","type":"twitter","profiles":1,"postsMade":18,"repliesMade":0,"repliesRcvd":0,"sharesMade":0,"sharesRcvd":36,"mentionsRcvd":0,"likesRcvd":103,"reachRcvd":0,"audience":5810,"voice":18,"conversation":18,"engagement":139,"group_scoped":{"audienceScore":1.6838969026151123,"voiceScore":3.0303030303030303,"engagementScore":2.214433646646487,"combinedScore":2.2287002786277457,"combinedScoreRank":75,"SEIrank":81,"engagementSEIrank":83,"voiceSEIrank":70,"audienceSEIrank":97,"engagementSEI":4.8063623789764875,"engagementSEIadj":4.8063623789764875,"voiceSEI":5.487804878048781,"voiceSEIadj":5.487804878048781,"audienceSEI":4.566389487086784,"audienceSEIadj":4.566389487086784,"SEI":4.986797839509205,"SEIadj":4.986797839509205},"non_scoped":{"SEI":1.8774324376431109,"SEIrank":73,"SEIadj":0,"audienceSEI":1.0261808586360803,"audienceSEIadj":0,"audienceSEIrank":119,"audienceScore":0.16658848572500112,"combinedScore":0.2276210065752142,"combinedScoreRank":77,"engagementSEI":1.0592897424173144,"engagementSEIadj":0,"engagementSEIrank":76,"engagementScore":0.2240417781502853,"voiceSEI":3.79746835443038,"voiceSEIadj":0,"voiceSEIrank":55,"voiceScore":0.3530796390741467},"scoped":{"SEI":7.454800759181786,"SEIrank":64,"SEIadj":0,"audienceSEI":4.985070528880804,"audienceSEIadj":0,"audienceSEIrank":105,"audienceScore":0.26388052434558995,"combinedScore":0.4081508340727586,"combinedScoreRank":67,"engagementSEI":6.48018648018648,"engagementSEIadj":0,"engagementSEIrank":66,"engagementScore":0.4035301631539221,"voiceSEI":10.227272727272728,"voiceSEIadj":0,"voiceSEIrank":45,"voiceScore":0.6355932203389831}},"instagram":{"entityString":"536575ffb08f37d80186dc64","type":"instagram","profiles":0,"postsMade":0,"repliesMade":0,"repliesRcvd":0,"sharesMade":0,"sharesRcvd":0,"mentionsRcvd":0,"likesRcvd":0,"reachRcvd":0,"audience":0,"voice":0,"conversation":0,"engagement":0,"group_scoped":{"audienceScore":0,"voiceScore":0,"engagementScore":0,"combinedScore":0,"combinedScoreRank":115,"SEIrank":78,"engagementSEIrank":75,"voiceSEIrank":74,"audienceSEIrank":78,"engagementSEI":0,"engagementSEIadj":0,"voiceSEI":0,"voiceSEIadj":0,"audienceSEI":0,"audienceSEIadj":0,"SEI":0,"SEIadj":0},"non_scoped":{"SEI":0,"SEIrank":78,"SEIadj":0,"audienceSEI":0,"audienceSEIadj":0,"audienceSEIrank":78,"audienceScore":0,"combinedScore":0,"combinedScoreRank":78,"engagementSEI":0,"engagementSEIadj":0,"engagementSEIrank":75,"engagementScore":0,"voiceSEI":0,"voiceSEIadj":0,"voiceSEIrank":74,"voiceScore":0},"scoped":{"SEI":0,"SEIrank":72,"SEIadj":0,"audienceSEI":0,"audienceSEIadj":0,"audienceSEIrank":72,"audienceScore":0,"combinedScore":0,"combinedScoreRank":72,"engagementSEI":0,"engagementSEIadj":0,"engagementSEIrank":69,"engagementScore":0,"voiceSEI":0,"voiceSEIadj":0,"voiceSEIrank":68,"voiceScore":0}}},"month":{"boundaryQuantum":4987194,"combined":{"entityString":"536575ffb08f37d80186dc64","type":"combined","profiles":2,"postsMade":93,"repliesMade":0,"repliesRcvd":0,"sharesMade":0,"sharesRcvd":148,"mentionsRcvd":0,"likesRcvd":417,"reachRcvd":0,"audience":9073,"voice":93,"conversation":93,"engagement":565,"group_scoped":{"audienceScore":0.6391943882212953,"voiceScore":2.387676508344031,"engagementScore":0.15425694565787174,"combinedScore":0.2901747959203509,"combinedScoreRank":91,"SEIrank":81,"engagementSEIrank":90,"voiceSEIrank":62,"audienceSEIrank":120,"engagementSEI":0.17668562779687094,"engagementSEIadj":0.17668562779687094,"voiceSEI":3.8114754098360653,"voiceSEIadj":3.8114754098360653,"audienceSEI":0.9242507589185665,"audienceSEIadj":0.9242507589185665,"SEI":1.3418790755207985,"SEIadj":1.3418790755207985},"non_scoped":{"SEI":0.8035184890461673,"SEIrank":79,"SEIadj":0,"audienceSEI":0.35645672663269595,"audienceSEIadj":0,"audienceSEIrank":133,"audienceScore":0.06568389144008512,"combinedScore":0.021325711775066807,"combinedScoreRank":116,"engagementSEI":0.015513965314617725,"engagementSEIadj":0,"engagementSEIrank":129,"engagementScore":0.006490306468825278,"voiceSEI":2.528548123980424,"voiceSEIadj":0,"voiceSEIrank":69,"voiceScore":0.24400482762239598},"scoped":{"SEI":3.645460965324026,"SEIrank":95,"SEIadj":0,"audienceSEI":4.653584177916376,"audienceSEIadj":0,"audienceSEIrank":120,"audienceScore":0.18857403073925053,"combinedScore":0.0949516643784647,"combinedScoreRank":113,"engagementSEI":0.4664910788741465,"engagementSEIadj":0,"engagementSEIrank":118,"engagementScore":0.06648670148294762,"voiceSEI":9.667359667359667,"voiceSEIadj":0,"voiceSEIrank":59,"voiceScore":0.5136986301369862}},"facebook":{"entityString":"536575ffb08f37d80186dc64","type":"facebook","profiles":1,"postsMade":0,"repliesMade":0,"repliesRcvd":0,"sharesMade":0,"sharesRcvd":0,"mentionsRcvd":0,"likesRcvd":0,"reachRcvd":0,"audience":3263,"voice":0,"conversation":0,"engagement":0,"group_scoped":{"audienceScore":0.3042237027837914,"voiceScore":0,"engagementScore":0,"combinedScore":0.3042237027837914,"combinedScoreRank":69,"SEIrank":152,"engagementSEIrank":159,"voiceSEIrank":154,"audienceSEIrank":117,"engagementSEI":0,"engagementSEIadj":0,"voiceSEI":0,"voiceSEIadj":0,"audienceSEI":0.382719785310973,"audienceSEIadj":0.382719785310973,"SEI":0.0382719785310973,"SEIadj":0.0382719785310973},"non_scoped":{"SEI":0.01757194778282731,"SEIrank":153,"SEIadj":0,"audienceSEI":0.1757194778282731,"audienceSEIadj":0,"audienceSEIrank":124,"audienceScore":0.03351343423448147,"combinedScore":0.0016756717117240737,"combinedScoreRank":152,"engagementSEI":0,"engagementSEIadj":0,"engagementSEIrank":159,"engagementScore":0,"voiceSEI":0,"voiceSEIadj":0,"voiceSEIrank":154,"voiceScore":0},"scoped":{"SEI":0.22398099971170082,"SEIrank":139,"SEIadj":0,"audienceSEI":2.2398099971170082,"audienceSEIadj":0,"audienceSEIrank":110,"audienceScore":0.1373796980341188,"combinedScore":0.006868984901705941,"combinedScoreRank":138,"engagementSEI":0,"engagementSEIadj":0,"engagementSEIrank":147,"engagementScore":0,"voiceSEI":0,"voiceSEIadj":0,"voiceSEIrank":143,"voiceScore":0}},"twitter":{"entityString":"536575ffb08f37d80186dc64","type":"twitter","profiles":1,"postsMade":93,"repliesMade":0,"repliesRcvd":0,"sharesMade":0,"sharesRcvd":148,"mentionsRcvd":0,"likesRcvd":417,"reachRcvd":0,"audience":5810,"voice":93,"conversation":93,"engagement":565,"group_scoped":{"audienceScore":1.6838969026151123,"voiceScore":3.4805389221556884,"engagementScore":2.279144816458249,"combinedScore":2.3094521260509646,"combinedScoreRank":66,"SEIrank":69,"engagementSEIrank":67,"voiceSEIrank":60,"audienceSEIrank":97,"engagementSEI":5.590738175341381,"engagementSEIadj":5.590738175341381,"voiceSEI":6.6906474820143895,"voiceSEIadj":6.6906474820143895,"audienceSEI":4.566389487086784,"audienceSEIadj":4.566389487086784,"SEI":5.818276098517824,"SEIadj":5.818276098517824},"non_scoped":{"SEI":1.9753666968974324,"SEIrank":67,"SEIadj":0,"audienceSEI":1.0261808586360803,"audienceSEIadj":0,"audienceSEIrank":119,"audienceScore":0.16658848572500112,"combinedScore":0.21474252521153933,"combinedScoreRank":75,"engagementSEI":0.90167727932845,"engagementSEIadj":0,"engagementSEIrank":75,"engagementScore":0.20748487930990164,"voiceSEI":4.4391408114558475,"voiceSEIadj":0,"voiceSEIrank":52,"voiceScore":0.39353419092755587},"scoped":{"SEI":7.5457057546708235,"SEIrank":60,"SEIadj":0,"audienceSEI":4.985070528880804,"audienceSEIadj":0,"audienceSEIrank":105,"audienceScore":0.26388052434558995,"combinedScore":0.4065703560403077,"combinedScoreRank":65,"engagementSEI":4.957010001754694,"engagementSEIadj":0,"engagementSEIrank":65,"engagementScore":0.39767168507217915,"voiceSEI":13.576642335766422,"voiceSEIadj":0,"voiceSEIrank":42,"voiceScore":0.7094362651613395}},"instagram":{"entityString":"536575ffb08f37d80186dc64","type":"instagram","profiles":0,"postsMade":0,"repliesMade":0,"repliesRcvd":0,"sharesMade":0,"sharesRcvd":0,"mentionsRcvd":0,"likesRcvd":0,"reachRcvd":0,"audience":0,"voice":0,"conversation":0,"engagement":0,"group_scoped":{"audienceScore":0,"voiceScore":0,"engagementScore":0,"combinedScore":0,"combinedScoreRank":115,"SEIrank":78,"engagementSEIrank":75,"voiceSEIrank":75,"audienceSEIrank":78,"engagementSEI":0,"engagementSEIadj":0,"voiceSEI":0,"voiceSEIadj":0,"audienceSEI":0,"audienceSEIadj":0,"SEI":0,"SEIadj":0},"non_scoped":{"SEI":0,"SEIrank":78,"SEIadj":0,"audienceSEI":0,"audienceSEIadj":0,"audienceSEIrank":78,"audienceScore":0,"combinedScore":0,"combinedScoreRank":78,"engagementSEI":0,"engagementSEIadj":0,"engagementSEIrank":75,"engagementScore":0,"voiceSEI":0,"voiceSEIadj":0,"voiceSEIrank":75,"voiceScore":0},"scoped":{"SEI":0,"SEIrank":72,"SEIadj":0,"audienceSEI":0,"audienceSEIadj":0,"audienceSEIrank":72,"audienceScore":0,"combinedScore":0,"combinedScoreRank":72,"engagementSEI":0,"engagementSEIadj":0,"engagementSEIrank":69,"engagementScore":0,"voiceSEI":0,"voiceSEIadj":0,"voiceSEIrank":69,"voiceScore":0}}},"quarter":{"boundaryQuantum":4969914,"combined":{"entityString":"536575ffb08f37d80186dc64","type":"combined","profiles":2,"postsMade":118,"repliesMade":0,"repliesRcvd":0,"sharesMade":0,"sharesRcvd":217,"mentionsRcvd":0,"likesRcvd":598,"reachRcvd":0,"audience":9073,"voice":118,"conversation":118,"engagement":815,"group_scoped":{"audienceScore":0.6391943882212953,"voiceScore":0.9383697813121271,"engagementScore":0.06957961957449715,"combinedScore":0.14149986609371856,"combinedScoreRank":125,"SEIrank":130,"engagementSEIrank":123,"voiceSEIrank":125,"audienceSEIrank":120,"engagementSEI":0.0827089568218652,"engagementSEIadj":0.0827089568218652,"voiceSEI":1.49423831834874,"voiceSEIadj":1.49423831834874,"audienceSEI":0.9242507589185665,"audienceSEIadj":0.9242507589185665,"SEI":0.5903219454895977,"SEIadj":0.5903219454895977},"non_scoped":{"SEI":0.3706256698594873,"SEIrank":135,"SEIadj":0,"audienceSEI":0.35645672663269595,"audienceSEIadj":0,"audienceSEIrank":133,"audienceScore":0.06568389144008512,"combinedScore":0.0112286581146513,"combinedScoreRank":155,"engagementSEI":0.007155670245291987,"engagementSEIadj":0,"engagementSEIrank":153,"engagementScore":0.00294612459901979,"voiceSEI":1.102288650163475,"voiceSEIadj":0,"voiceSEIrank":126,"voiceScore":0.10585902807058464},"scoped":{"SEI":1.8979770375130627,"SEIrank":135,"SEIadj":0,"audienceSEI":4.653584177916376,"audienceSEIadj":0,"audienceSEIrank":120,"audienceScore":0.18857403073925053,"combinedScore":0.047653890858383625,"combinedScoreRank":143,"engagementSEI":0.21298336116490138,"engagementSEIadj":0,"engagementSEIrank":141,"engagementScore":0.030013662661162323,"voiceSEI":4.349428676741614,"voiceSEIadj":0,"voiceSEIrank":115,"voiceScore":0.2242578585275001}},"facebook":{"entityString":"536575ffb08f37d80186dc64","type":"facebook","profiles":1,"postsMade":0,"repliesMade":0,"repliesRcvd":0,"sharesMade":0,"sharesRcvd":0,"mentionsRcvd":0,"likesRcvd":0,"reachRcvd":0,"audience":3263,"voice":0,"conversation":0,"engagement":0,"group_scoped":{"audienceScore":0.3042237027837914,"voiceScore":0,"engagementScore":0,"combinedScore":0.3042237027837914,"combinedScoreRank":65,"SEIrank":153,"engagementSEIrank":165,"voiceSEIrank":165,"audienceSEIrank":117,"engagementSEI":0,"engagementSEIadj":0,"voiceSEI":0,"voiceSEIadj":0,"audienceSEI":0.382719785310973,"audienceSEIadj":0.382719785310973,"SEI":0.0382719785310973,"SEIadj":0.0382719785310973},"non_scoped":{"SEI":0.01757194778282731,"SEIrank":156,"SEIadj":0,"audienceSEI":0.1757194778282731,"audienceSEIadj":0,"audienceSEIrank":124,"audienceScore":0.03351343423448147,"combinedScore":0.0016756717117240737,"combinedScoreRank":153,"engagementSEI":0,"engagementSEIadj":0,"engagementSEIrank":165,"engagementScore":0,"voiceSEI":0,"voiceSEIadj":0,"voiceSEIrank":165,"voiceScore":0},"scoped":{"SEI":0.22398099971170082,"SEIrank":139,"SEIadj":0,"audienceSEI":2.2398099971170082,"audienceSEIadj":0,"audienceSEIrank":110,"audienceScore":0.1373796980341188,"combinedScore":0.006868984901705941,"combinedScoreRank":139,"engagementSEI":0,"engagementSEIadj":0,"engagementSEIrank":152,"engagementScore":0,"voiceSEI":0,"voiceSEIadj":0,"voiceSEIrank":152,"voiceScore":0}},"twitter":{"entityString":"536575ffb08f37d80186dc64","type":"twitter","profiles":1,"postsMade":118,"repliesMade":0,"repliesRcvd":0,"sharesMade":0,"sharesRcvd":217,"mentionsRcvd":0,"likesRcvd":598,"reachRcvd":0,"audience":5810,"voice":118,"conversation":118,"engagement":815,"group_scoped":{"audienceScore":1.6838969026151123,"voiceScore":1.3555427914991385,"engagementScore":1.0775862068965518,"combinedScore":1.1217995709126092,"combinedScoreRank":100,"SEIrank":105,"engagementSEIrank":95,"voiceSEIrank":111,"audienceSEIrank":97,"engagementSEI":2.7602790760685494,"engagementSEIadj":2.7602790760685494,"voiceSEI":2.531102531102531,"voiceSEIadj":2.531102531102531,"audienceSEI":4.566389487086784,"audienceSEIadj":4.566389487086784,"SEI":2.8721371536805673,"SEIadj":2.8721371536805673},"non_scoped":{"SEI":0.9577675286258536,"SEIrank":110,"SEIadj":0,"audienceSEI":1.0261808586360803,"audienceSEIadj":0,"audienceSEIrank":119,"audienceScore":0.16658848572500112,"combinedScore":0.11004684361021036,"combinedScoreRank":107,"engagementSEI":0.4409314202860915,"engagementSEIadj":0,"engagementSEIrank":105,"engagementScore":0.10347747809515102,"voiceSEI":1.9686353019686353,"voiceSEIadj":0,"voiceSEIrank":100,"voiceScore":0.17175378076648762},"scoped":{"SEI":3.984603520995619,"SEIrank":99,"SEIadj":0,"audienceSEI":4.985070528880804,"audienceSEIadj":0,"audienceSEIrank":105,"audienceScore":0.26388052434558995,"combinedScore":0.21386283468133596,"combinedScoreRank":96,"engagementSEI":2.6851607801792303,"engagementSEIadj":0,"engagementSEIrank":94,"engagementScore":0.2055076037813399,"voiceSEI":6.25,"voiceSEIadj":0,"voiceSEIrank":89,"voiceScore":0.31423930121701155}},"instagram":{"entityString":"536575ffb08f37d80186dc64","type":"instagram","profiles":0,"postsMade":0,"repliesMade":0,"repliesRcvd":0,"sharesMade":0,"sharesRcvd":0,"mentionsRcvd":0,"likesRcvd":0,"reachRcvd":0,"audience":0,"voice":0,"conversation":0,"engagement":0,"group_scoped":{"audienceScore":0,"voiceScore":0,"engagementScore":0,"combinedScore":0,"combinedScoreRank":115,"SEIrank":78,"engagementSEIrank":76,"voiceSEIrank":76,"audienceSEIrank":78,"engagementSEI":0,"engagementSEIadj":0,"voiceSEI":0,"voiceSEIadj":0,"audienceSEI":0,"audienceSEIadj":0,"SEI":0,"SEIadj":0},"non_scoped":{"SEI":0,"SEIrank":78,"SEIadj":0,"audienceSEI":0,"audienceSEIadj":0,"audienceSEIrank":78,"audienceScore":0,"combinedScore":0,"combinedScoreRank":78,"engagementSEI":0,"engagementSEIadj":0,"engagementSEIrank":76,"engagementScore":0,"voiceSEI":0,"voiceSEIadj":0,"voiceSEIrank":76,"voiceScore":0},"scoped":{"SEI":0,"SEIrank":72,"SEIadj":0,"audienceSEI":0,"audienceSEIadj":0,"audienceSEIrank":72,"audienceScore":0,"combinedScore":0,"combinedScoreRank":72,"engagementSEI":0,"engagementSEIadj":0,"engagementSEIrank":70,"engagementScore":0,"voiceSEI":0,"voiceSEIadj":0,"voiceSEIrank":70,"voiceScore":0}}},"blended":{"combined":{"non_scoped":{"SEI":0.526031425601025,"SEIadj":50.26301571280051,"SEIrank":111,"audienceSEI":0.35645672663269595,"audienceSEIadj":50.17822836331635,"audienceSEIrank":133,"engagementSEI":0.011619735305785311,"engagementSEIadj":50.00580986765289,"engagementSEIrank":144,"voiceSEI":1.611379705847614,"voiceSEIadj":50.805689852923805,"voiceSEIrank":100},"scoped":{"SEI":1.9163722329682933,"SEIadj":41.14982333978097,"SEIrank":157,"compCharisma":0,"compInfluence":0,"compEva":1.9163722329682933,"audienceSEI":4.653584177916376,"audienceSEIadj":52.326792088958186,"audienceSEIrank":120,"engagementSEI":0.34293228520789953,"engagementSEIadj":50.17146614260395,"engagementSEIrank":132,"voiceSEI":6.1680820762800295,"voiceSEIadj":53.084041038140015,"voiceSEIrank":91}},"facebook":{"non_scoped":{"SEI":0.01757194778282731,"SEIadj":50.00878597389141,"SEIrank":153,"audienceSEI":0.1757194778282731,"audienceSEIadj":50.08785973891413,"audienceSEIrank":124,"engagementSEI":0,"engagementSEIadj":0,"engagementSEIrank":165,"voiceSEI":0,"voiceSEIadj":0,"voiceSEIrank":165},"scoped":{"SEI":0.2239809997117008,"SEIadj":50.11199049985585,"SEIrank":139,"audienceSEI":2.2398099971170087,"audienceSEIadj":51.1199049985585,"audienceSEIrank":110,"engagementSEI":0,"engagementSEIadj":0,"engagementSEIrank":152,"voiceSEI":0,"voiceSEIadj":0,"voiceSEIrank":152}},"twitter":{"non_scoped":{"SEI":1.3735164987469195,"SEIadj":50.68675824937346,"SEIrank":87,"audienceSEI":1.0261808586360803,"audienceSEIadj":50.51309042931804,"audienceSEIrank":119,"engagementSEI":0.695359494315832,"engagementSEIadj":50.34767974715792,"engagementSEIrank":89,"voiceSEI":2.8456090543127073,"voiceSEIadj":51.42280452715635,"voiceSEIrank":74},"scoped":{"SEI":5.546485276252785,"SEIadj":52.77324263812639,"SEIrank":79,"audienceSEI":4.9850705288808035,"audienceSEIadj":52.4925352644404,"audienceSEIrank":105,"engagementSEI":4.189762302493869,"engagementSEIadj":52.09488115124694,"engagementSEIrank":79,"voiceSEI":8.447069472894608,"voiceSEIadj":54.223534736447306,"voiceSEIrank":65}},"instagram":{"non_scoped":{"SEI":0,"SEIadj":0,"SEIrank":78,"audienceSEI":0,"audienceSEIadj":0,"audienceSEIrank":78,"engagementSEI":0,"engagementSEIadj":0,"engagementSEIrank":76,"voiceSEI":0,"voiceSEIadj":0,"voiceSEIrank":76},"scoped":{"SEI":0,"SEIadj":0,"SEIrank":72,"audienceSEI":0,"audienceSEIadj":0,"audienceSEIrank":72,"engagementSEI":0,"engagementSEIadj":0,"engagementSEIrank":70,"voiceSEI":0,"voiceSEIadj":0,"voiceSEIrank":70}},"influence":{"facebook":{"scope":"individual","ratio":0,"calculated":false},"instagram":{"scope":"individual","ratio":0,"calculated":false},"combined":{"ratio":0.31,"bottom":false,"scope":"individual","calculated":true},"twitter":{"ratio":0.7,"bottom":false,"scope":"individual","calculated":true}},"charisma":{"facebook":{"scope":"individual","ratio":0,"calculated":false},"instagram":{"scope":"individual","ratio":0,"calculated":false},"combined":{"ratio":0.14,"bottom":false,"scope":"individual","calculated":true},"twitter":{"ratio":0.67,"bottom":false,"scope":"individual","calculated":true}}},"scope":"individual"}}