{"scoreEntityString":"591d1494ab33fb0001804f89.asset.536575feb08f37d80186a0cd","timeQuantum":4995834,"scoreEntityType":"asset","scoreProfileID":"591d1494ab33fb0001804f89","data":{"scoreEntityString":"591d1494ab33fb0001804f89.asset.536575feb08f37d80186a0cd","scoreProfileID":"591d1494ab33fb0001804f89","scoreEntityType":"asset","entityID":"asset.536575feb08f37d80186a0cd","object_version":"1.2","score_engine_version":"3.0.20","timestamp":4995834,"start_quantum":4969914,"end_quantum":4995833,"schedule_options":{"interval":15,"offset":"1"},"_15min":{"boundaryQuantum":4995831,"combined":{"entityString":"536575feb08f37d80186a0cd","type":"combined","profiles":2,"postsMade":0,"repliesMade":0,"repliesRcvd":0,"sharesMade":0,"sharesRcvd":0,"mentionsRcvd":0,"likesRcvd":0,"reachRcvd":0,"audience":8373,"voice":0,"conversation":0,"engagement":0,"group_scoped":{"audienceScore":0.20976766220917692,"voiceScore":0,"engagementScore":0,"combinedScore":0.20976766220917692,"engagementSEI":0,"engagementSEIadj":0,"voiceSEI":0,"voiceSEIadj":0,"audienceSEI":0.3289553810311433,"audienceSEIadj":0.3289553810311433,"SEI":0.03289553810311433,"SEIadj":0.03289553810311433,"combinedScoreRank":187,"SEIrank":190,"engagementSEIrank":49,"voiceSEIrank":42,"audienceSEIrank":190},"non_scoped":{"SEI":0.03289553810311433,"SEIrank":137,"SEIadj":0,"audienceSEI":0.3289553810311433,"audienceSEIadj":0,"audienceSEIrank":136,"audienceScore":0.060616248542690696,"combinedScore":0.003030812427134535,"combinedScoreRank":137,"engagementSEI":0,"engagementSEIadj":0,"engagementSEIrank":49,"engagementScore":0,"voiceSEI":0,"voiceSEIadj":0,"voiceSEIrank":42,"voiceScore":0},"scoped":{"SEI":0.4294550900660622,"SEIrank":124,"SEIadj":0,"audienceSEI":4.294550900660622,"audienceSEIadj":0,"audienceSEIrank":123,"audienceScore":0.17402516911492832,"combinedScore":0.008701258455746416,"combinedScoreRank":124,"engagementSEI":0,"engagementSEIadj":0,"engagementSEIrank":42,"engagementScore":0,"voiceSEI":0,"voiceSEIadj":0,"voiceSEIrank":39,"voiceScore":0}},"facebook":{"entityString":"536575feb08f37d80186a0cd","type":"facebook","profiles":1,"postsMade":0,"repliesMade":0,"repliesRcvd":0,"sharesMade":0,"sharesRcvd":0,"mentionsRcvd":0,"likesRcvd":0,"reachRcvd":0,"audience":2077,"voice":0,"conversation":0,"engagement":0,"group_scoped":{"audienceScore":0.07944349012808494,"voiceScore":0,"engagementScore":0,"combinedScore":0.07944349012808494,"engagementSEI":0,"engagementSEIadj":0,"voiceSEI":0,"voiceSEIadj":0,"audienceSEI":0.11185085977607209,"audienceSEIadj":0.11185085977607209,"SEI":0.01118508597760721,"SEIadj":0.01118508597760721,"combinedScoreRank":158,"SEIrank":156,"engagementSEIrank":47,"voiceSEIrank":41,"audienceSEIrank":156},"non_scoped":{"SEI":0.01118508597760721,"SEIrank":148,"SEIadj":0,"audienceSEI":0.11185085977607209,"audienceSEIadj":0,"audienceSEIrank":148,"audienceScore":0.021332333099913583,"combinedScore":0.0010666166549956793,"combinedScoreRank":148,"engagementSEI":0,"engagementSEIadj":0,"engagementSEIrank":47,"engagementScore":0,"voiceSEI":0,"voiceSEIadj":0,"voiceSEIrank":41,"voiceScore":0},"scoped":{"SEI":0.14257080490383164,"SEIrank":133,"SEIadj":0,"audienceSEI":1.4257080490383163,"audienceSEIadj":0,"audienceSEIrank":133,"audienceScore":0.08744640907657518,"combinedScore":0.004372320453828759,"combinedScoreRank":133,"engagementSEI":0,"engagementSEIadj":0,"engagementSEIrank":40,"engagementScore":0,"voiceSEI":0,"voiceSEIadj":0,"voiceSEIrank":39,"voiceScore":0}},"twitter":{"entityString":"536575feb08f37d80186a0cd","type":"twitter","profiles":1,"postsMade":0,"repliesMade":0,"repliesRcvd":0,"sharesMade":0,"sharesRcvd":0,"mentionsRcvd":0,"likesRcvd":0,"reachRcvd":0,"audience":6296,"voice":0,"conversation":0,"engagement":0,"group_scoped":{"audienceScore":0.5017108851180886,"voiceScore":0,"engagementScore":0,"combinedScore":0.5017108851180886,"engagementSEI":0,"engagementSEIadj":0,"voiceSEI":0,"voiceSEIadj":0,"audienceSEI":1.1120197394101137,"audienceSEIadj":1.1120197394101137,"SEI":0.11120197394101138,"SEIadj":0.11120197394101138,"combinedScoreRank":193,"SEIrank":204,"engagementSEIrank":43,"voiceSEIrank":42,"audienceSEIrank":204},"non_scoped":{"SEI":0.11120197394101138,"SEIrank":115,"SEIadj":0,"audienceSEI":1.1120197394101137,"audienceSEIadj":0,"audienceSEIrank":114,"audienceScore":0.18052342618323702,"combinedScore":0.009026171309161852,"combinedScoreRank":115,"engagementSEI":0,"engagementSEIadj":0,"engagementSEIrank":43,"engagementScore":0,"voiceSEI":0,"voiceSEIadj":0,"voiceSEIrank":42,"voiceScore":0},"scoped":{"SEI":0.5402066101520404,"SEIrank":101,"SEIadj":0,"audienceSEI":5.402066101520404,"audienceSEIadj":0,"audienceSEIrank":100,"audienceScore":0.28595383498792326,"combinedScore":0.040850547855417606,"combinedScoreRank":101,"engagementSEI":0,"engagementSEIadj":0,"engagementSEIrank":40,"engagementScore":0,"voiceSEI":0,"voiceSEIadj":0,"voiceSEIrank":39,"voiceScore":0}},"instagram":{"entityString":"536575feb08f37d80186a0cd","type":"instagram","profiles":0,"postsMade":0,"repliesMade":0,"repliesRcvd":0,"sharesMade":0,"sharesRcvd":0,"mentionsRcvd":0,"likesRcvd":0,"reachRcvd":0,"audience":0,"voice":0,"conversation":0,"engagement":0,"group_scoped":{"audienceScore":0,"voiceScore":0,"engagementScore":0,"combinedScore":0,"engagementSEI":0,"engagementSEIadj":0,"voiceSEI":0,"voiceSEIadj":0,"audienceSEI":0,"audienceSEIadj":0,"SEI":0,"SEIadj":0,"combinedScoreRank":104,"SEIrank":67,"engagementSEIrank":44,"voiceSEIrank":41,"audienceSEIrank":67},"non_scoped":{"SEI":0,"SEIrank":67,"SEIadj":0,"audienceSEI":0,"audienceSEIadj":0,"audienceSEIrank":67,"audienceScore":0,"combinedScore":0,"combinedScoreRank":67,"engagementSEI":0,"engagementSEIadj":0,"engagementSEIrank":44,"engagementScore":0,"voiceSEI":0,"voiceSEIadj":0,"voiceSEIrank":41,"voiceScore":0},"scoped":{"SEI":0,"SEIrank":61,"SEIadj":0,"audienceSEI":0,"audienceSEIadj":0,"audienceSEIrank":61,"audienceScore":0,"combinedScore":0,"combinedScoreRank":61,"engagementSEI":0,"engagementSEIadj":0,"engagementSEIrank":40,"engagementScore":0,"voiceSEI":0,"voiceSEIadj":0,"voiceSEIrank":39,"voiceScore":0}}},"hour":{"boundaryQuantum":4995822,"combined":{"entityString":"536575feb08f37d80186a0cd","type":"combined","profiles":2,"postsMade":0,"repliesMade":0,"repliesRcvd":0,"sharesMade":0,"sharesRcvd":0,"mentionsRcvd":0,"likesRcvd":0,"reachRcvd":0,"audience":8373,"voice":0,"conversation":0,"engagement":0,"group_scoped":{"audienceScore":0.20976766220917692,"voiceScore":0,"engagementScore":0,"combinedScore":0.20976766220917692,"combinedScoreRank":181,"SEIrank":192,"engagementSEIrank":90,"voiceSEIrank":55,"audienceSEIrank":190,"engagementSEI":0,"engagementSEIadj":0,"voiceSEI":0,"voiceSEIadj":0,"audienceSEI":0.3289553810311433,"audienceSEIadj":0.3289553810311433,"SEI":0.03289553810311433,"SEIadj":0.03289553810311433},"non_scoped":{"SEI":0.03289553810311433,"SEIrank":144,"SEIadj":0,"audienceSEI":0.3289553810311433,"audienceSEIadj":0,"audienceSEIrank":136,"audienceScore":0.060616248542690696,"combinedScore":0.003030812427134535,"combinedScoreRank":145,"engagementSEI":0,"engagementSEIadj":0,"engagementSEIrank":90,"engagementScore":0,"voiceSEI":0,"voiceSEIadj":0,"voiceSEIrank":55,"voiceScore":0},"scoped":{"SEI":0.4294550900660622,"SEIrank":132,"SEIadj":0,"audienceSEI":4.294550900660622,"audienceSEIadj":0,"audienceSEIrank":123,"audienceScore":0.17402516911492832,"combinedScore":0.008701258455746416,"combinedScoreRank":132,"engagementSEI":0,"engagementSEIadj":0,"engagementSEIrank":80,"engagementScore":0,"voiceSEI":0,"voiceSEIadj":0,"voiceSEIrank":47,"voiceScore":0}},"facebook":{"entityString":"536575feb08f37d80186a0cd","type":"facebook","profiles":1,"postsMade":0,"repliesMade":0,"repliesRcvd":0,"sharesMade":0,"sharesRcvd":0,"mentionsRcvd":0,"likesRcvd":0,"reachRcvd":0,"audience":2077,"voice":0,"conversation":0,"engagement":0,"group_scoped":{"audienceScore":0.07944349012808494,"voiceScore":0,"engagementScore":0,"combinedScore":0.07944349012808494,"combinedScoreRank":158,"SEIrank":156,"engagementSEIrank":73,"voiceSEIrank":49,"audienceSEIrank":156,"engagementSEI":0,"engagementSEIadj":0,"voiceSEI":0,"voiceSEIadj":0,"audienceSEI":0.11185085977607209,"audienceSEIadj":0.11185085977607209,"SEI":0.01118508597760721,"SEIadj":0.01118508597760721},"non_scoped":{"SEI":0.01118508597760721,"SEIrank":148,"SEIadj":0,"audienceSEI":0.11185085977607209,"audienceSEIadj":0,"audienceSEIrank":148,"audienceScore":0.021332333099913583,"combinedScore":0.0010666166549956793,"combinedScoreRank":148,"engagementSEI":0,"engagementSEIadj":0,"engagementSEIrank":73,"engagementScore":0,"voiceSEI":0,"voiceSEIadj":0,"voiceSEIrank":49,"voiceScore":0},"scoped":{"SEI":0.14257080490383164,"SEIrank":133,"SEIadj":0,"audienceSEI":1.4257080490383163,"audienceSEIadj":0,"audienceSEIrank":133,"audienceScore":0.08744640907657518,"combinedScore":0.004372320453828759,"combinedScoreRank":133,"engagementSEI":0,"engagementSEIadj":0,"engagementSEIrank":63,"engagementScore":0,"voiceSEI":0,"voiceSEIadj":0,"voiceSEIrank":41,"voiceScore":0}},"twitter":{"entityString":"536575feb08f37d80186a0cd","type":"twitter","profiles":1,"postsMade":0,"repliesMade":0,"repliesRcvd":0,"sharesMade":0,"sharesRcvd":0,"mentionsRcvd":0,"likesRcvd":0,"reachRcvd":0,"audience":6296,"voice":0,"conversation":0,"engagement":0,"group_scoped":{"audienceScore":0.5017108851180886,"voiceScore":0,"engagementScore":0,"combinedScore":0.5017108851180886,"combinedScoreRank":198,"SEIrank":207,"engagementSEIrank":64,"voiceSEIrank":54,"audienceSEIrank":204,"engagementSEI":0,"engagementSEIadj":0,"voiceSEI":0,"voiceSEIadj":0,"audienceSEI":1.1120197394101137,"audienceSEIadj":1.1120197394101137,"SEI":0.11120197394101138,"SEIadj":0.11120197394101138},"non_scoped":{"SEI":0.11120197394101138,"SEIrank":124,"SEIadj":0,"audienceSEI":1.1120197394101137,"audienceSEIadj":0,"audienceSEIrank":114,"audienceScore":0.18052342618323702,"combinedScore":0.009026171309161852,"combinedScoreRank":124,"engagementSEI":0,"engagementSEIadj":0,"engagementSEIrank":64,"engagementScore":0,"voiceSEI":0,"voiceSEIadj":0,"voiceSEIrank":54,"voiceScore":0},"scoped":{"SEI":0.5402066101520404,"SEIrank":110,"SEIadj":0,"audienceSEI":5.402066101520404,"audienceSEIadj":0,"audienceSEIrank":100,"audienceScore":0.28595383498792326,"combinedScore":0.014297691749396164,"combinedScoreRank":110,"engagementSEI":0,"engagementSEIadj":0,"engagementSEIrank":55,"engagementScore":0,"voiceSEI":0,"voiceSEIadj":0,"voiceSEIrank":46,"voiceScore":0}},"instagram":{"entityString":"536575feb08f37d80186a0cd","type":"instagram","profiles":0,"postsMade":0,"repliesMade":0,"repliesRcvd":0,"sharesMade":0,"sharesRcvd":0,"mentionsRcvd":0,"likesRcvd":0,"reachRcvd":0,"audience":0,"voice":0,"conversation":0,"engagement":0,"group_scoped":{"audienceScore":0,"voiceScore":0,"engagementScore":0,"combinedScore":0,"combinedScoreRank":104,"SEIrank":67,"engagementSEIrank":49,"voiceSEIrank":43,"audienceSEIrank":67,"engagementSEI":0,"engagementSEIadj":0,"voiceSEI":0,"voiceSEIadj":0,"audienceSEI":0,"audienceSEIadj":0,"SEI":0,"SEIadj":0},"non_scoped":{"SEI":0,"SEIrank":67,"SEIadj":0,"audienceSEI":0,"audienceSEIadj":0,"audienceSEIrank":67,"audienceScore":0,"combinedScore":0,"combinedScoreRank":67,"engagementSEI":0,"engagementSEIadj":0,"engagementSEIrank":49,"engagementScore":0,"voiceSEI":0,"voiceSEIadj":0,"voiceSEIrank":43,"voiceScore":0},"scoped":{"SEI":0,"SEIrank":61,"SEIadj":0,"audienceSEI":0,"audienceSEIadj":0,"audienceSEIrank":61,"audienceScore":0,"combinedScore":0,"combinedScoreRank":61,"engagementSEI":0,"engagementSEIadj":0,"engagementSEIrank":43,"engagementScore":0,"voiceSEI":0,"voiceSEIadj":0,"voiceSEIrank":39,"voiceScore":0}}},"today":{"boundaryQuantum":4995546,"combined":{"entityString":"536575feb08f37d80186a0cd","type":"combined","profiles":2,"postsMade":0,"repliesMade":0,"repliesRcvd":0,"sharesMade":0,"sharesRcvd":0,"mentionsRcvd":0,"likesRcvd":0,"reachRcvd":0,"audience":8373,"voice":0,"conversation":0,"engagement":0,"group_scoped":{"audienceScore":0.20976766220917692,"voiceScore":0,"engagementScore":0,"combinedScore":0.20976766220917692,"combinedScoreRank":127,"SEIrank":206,"engagementSEIrank":175,"voiceSEIrank":153,"audienceSEIrank":190,"engagementSEI":0,"engagementSEIadj":0,"voiceSEI":0,"voiceSEIadj":0,"audienceSEI":0.3289553810311433,"audienceSEIadj":0.3289553810311433,"SEI":0.03289553810311433,"SEIadj":0.03289553810311433},"non_scoped":{"SEI":0.03289553810311433,"SEIrank":177,"SEIadj":0,"audienceSEI":0.3289553810311433,"audienceSEIadj":0,"audienceSEIrank":136,"audienceScore":0.060616248542690696,"combinedScore":0.003030812427134535,"combinedScoreRank":183,"engagementSEI":0,"engagementSEIadj":0,"engagementSEIrank":175,"engagementScore":0,"voiceSEI":0,"voiceSEIadj":0,"voiceSEIrank":153,"voiceScore":0},"scoped":{"SEI":0.4294550900660622,"SEIrank":166,"SEIadj":0,"audienceSEI":4.294550900660622,"audienceSEIadj":0,"audienceSEIrank":123,"audienceScore":0.17402516911492832,"combinedScore":0.008701258455746416,"combinedScoreRank":169,"engagementSEI":0,"engagementSEIadj":0,"engagementSEIrank":163,"engagementScore":0,"voiceSEI":0,"voiceSEIadj":0,"voiceSEIrank":140,"voiceScore":0}},"facebook":{"entityString":"536575feb08f37d80186a0cd","type":"facebook","profiles":1,"postsMade":0,"repliesMade":0,"repliesRcvd":0,"sharesMade":0,"sharesRcvd":0,"mentionsRcvd":0,"likesRcvd":0,"reachRcvd":0,"audience":2077,"voice":0,"conversation":0,"engagement":0,"group_scoped":{"audienceScore":0.07944349012808494,"voiceScore":0,"engagementScore":0,"combinedScore":0.07944349012808494,"combinedScoreRank":151,"SEIrank":158,"engagementSEIrank":111,"voiceSEIrank":93,"audienceSEIrank":156,"engagementSEI":0,"engagementSEIadj":0,"voiceSEI":0,"voiceSEIadj":0,"audienceSEI":0.11185085977607209,"audienceSEIadj":0.11185085977607209,"SEI":0.01118508597760721,"SEIadj":0.01118508597760721},"non_scoped":{"SEI":0.01118508597760721,"SEIrank":152,"SEIadj":0,"audienceSEI":0.11185085977607209,"audienceSEIadj":0,"audienceSEIrank":148,"audienceScore":0.021332333099913583,"combinedScore":0.0010666166549956793,"combinedScoreRank":152,"engagementSEI":0,"engagementSEIadj":0,"engagementSEIrank":111,"engagementScore":0,"voiceSEI":0,"voiceSEIadj":0,"voiceSEIrank":93,"voiceScore":0},"scoped":{"SEI":0.14257080490383164,"SEIrank":137,"SEIadj":0,"audienceSEI":1.4257080490383163,"audienceSEIadj":0,"audienceSEIrank":133,"audienceScore":0.08744640907657518,"combinedScore":0.004372320453828759,"combinedScoreRank":137,"engagementSEI":0,"engagementSEIadj":0,"engagementSEIrank":101,"engagementScore":0,"voiceSEI":0,"voiceSEIadj":0,"voiceSEIrank":83,"voiceScore":0}},"twitter":{"entityString":"536575feb08f37d80186a0cd","type":"twitter","profiles":1,"postsMade":0,"repliesMade":0,"repliesRcvd":0,"sharesMade":0,"sharesRcvd":0,"mentionsRcvd":0,"likesRcvd":0,"reachRcvd":0,"audience":6296,"voice":0,"conversation":0,"engagement":0,"group_scoped":{"audienceScore":0.5017108851180886,"voiceScore":0,"engagementScore":0,"combinedScore":0.5017108851180886,"combinedScoreRank":169,"SEIrank":212,"engagementSEIrank":161,"voiceSEIrank":141,"audienceSEIrank":204,"engagementSEI":0,"engagementSEIadj":0,"voiceSEI":0,"voiceSEIadj":0,"audienceSEI":1.1120197394101137,"audienceSEIadj":1.1120197394101137,"SEI":0.11120197394101138,"SEIadj":0.11120197394101138},"non_scoped":{"SEI":0.11120197394101138,"SEIrank":170,"SEIadj":0,"audienceSEI":1.1120197394101137,"audienceSEIadj":0,"audienceSEIrank":114,"audienceScore":0.18052342618323702,"combinedScore":0.009026171309161852,"combinedScoreRank":173,"engagementSEI":0,"engagementSEIadj":0,"engagementSEIrank":161,"engagementScore":0,"voiceSEI":0,"voiceSEIadj":0,"voiceSEIrank":141,"voiceScore":0},"scoped":{"SEI":0.5402066101520404,"SEIrank":153,"SEIadj":0,"audienceSEI":5.402066101520404,"audienceSEIadj":0,"audienceSEIrank":100,"audienceScore":0.28595383498792326,"combinedScore":0.014297691749396164,"combinedScoreRank":156,"engagementSEI":0,"engagementSEIadj":0,"engagementSEIrank":149,"engagementScore":0,"voiceSEI":0,"voiceSEIadj":0,"voiceSEIrank":128,"voiceScore":0}},"instagram":{"entityString":"536575feb08f37d80186a0cd","type":"instagram","profiles":0,"postsMade":0,"repliesMade":0,"repliesRcvd":0,"sharesMade":0,"sharesRcvd":0,"mentionsRcvd":0,"likesRcvd":0,"reachRcvd":0,"audience":0,"voice":0,"conversation":0,"engagement":0,"group_scoped":{"audienceScore":0,"voiceScore":0,"engagementScore":0,"combinedScore":0,"combinedScoreRank":104,"SEIrank":67,"engagementSEIrank":62,"voiceSEIrank":52,"audienceSEIrank":67,"engagementSEI":0,"engagementSEIadj":0,"voiceSEI":0,"voiceSEIadj":0,"audienceSEI":0,"audienceSEIadj":0,"SEI":0,"SEIadj":0},"non_scoped":{"SEI":0,"SEIrank":67,"SEIadj":0,"audienceSEI":0,"audienceSEIadj":0,"audienceSEIrank":67,"audienceScore":0,"combinedScore":0,"combinedScoreRank":67,"engagementSEI":0,"engagementSEIadj":0,"engagementSEIrank":62,"engagementScore":0,"voiceSEI":0,"voiceSEIadj":0,"voiceSEIrank":52,"voiceScore":0},"scoped":{"SEI":0,"SEIrank":61,"SEIadj":0,"audienceSEI":0,"audienceSEIadj":0,"audienceSEIrank":61,"audienceScore":0,"combinedScore":0,"combinedScoreRank":61,"engagementSEI":0,"engagementSEIadj":0,"engagementSEIrank":56,"engagementScore":0,"voiceSEI":0,"voiceSEIadj":0,"voiceSEIrank":46,"voiceScore":0}}},"week":{"boundaryQuantum":4993818,"combined":{"entityString":"536575feb08f37d80186a0cd","type":"combined","profiles":2,"postsMade":17,"repliesMade":0,"repliesRcvd":2,"sharesMade":0,"sharesRcvd":6,"mentionsRcvd":0,"likesRcvd":33,"reachRcvd":0,"audience":8373,"voice":17,"conversation":19,"engagement":41,"group_scoped":{"audienceScore":0.20976766220917692,"voiceScore":0.8386778490379871,"engagementScore":0.007155185502547072,"combinedScore":0.05886194251465057,"combinedScoreRank":198,"SEIrank":125,"engagementSEIrank":179,"voiceSEIrank":103,"audienceSEIrank":190,"engagementSEI":0.00804268507983836,"engagementSEIadj":0.00804268507983836,"voiceSEI":2.035928143712575,"voiceSEIadj":2.035928143712575,"audienceSEI":0.3289553810311433,"audienceSEIadj":0.3289553810311433,"SEI":0.6484995922647898,"SEIadj":0.6484995922647898},"non_scoped":{"SEI":0.6467755265681621,"SEIrank":91,"SEIadj":0,"audienceSEI":0.3289553810311433,"audienceSEIadj":0,"audienceSEIrank":136,"audienceScore":0.060616248542690696,"combinedScore":0.015179996474365296,"combinedScoreRank":137,"engagementSEI":0.005169242252125378,"engagementSEIadj":0,"engagementSEIrank":157,"engagementScore":0.002168026265902605,"voiceSEI":2.035928143712575,"voiceSEIadj":0,"voiceSEIrank":77,"voiceScore":0.20395920815836832},"scoped":{"SEI":2.740724000389632,"SEIrank":108,"SEIadj":0,"audienceSEI":4.294550900660622,"audienceSEIadj":0,"audienceSEIrank":123,"audienceScore":0.17402516911492832,"combinedScore":0.04876964454693524,"combinedScoreRank":142,"engagementSEI":0.14032445752618247,"engagementSEIadj":0,"engagementSEIrank":145,"engagementScore":0.020537583778314314,"voiceSEI":7.423580786026202,"voiceSEIadj":0,"voiceSEIrank":67,"voiceScore":0.43169121381411885}},"facebook":{"entityString":"536575feb08f37d80186a0cd","type":"facebook","profiles":1,"postsMade":9,"repliesMade":0,"repliesRcvd":2,"sharesMade":0,"sharesRcvd":0,"mentionsRcvd":0,"likesRcvd":16,"reachRcvd":0,"audience":2077,"voice":9,"conversation":11,"engagement":18,"group_scoped":{"audienceScore":0.07944349012808494,"voiceScore":1.226158038147139,"engagementScore":0.0037357341651568076,"combinedScore":0.06864223716240234,"combinedScoreRank":141,"SEIrank":69,"engagementSEIrank":122,"voiceSEIrank":47,"audienceSEIrank":156,"engagementSEI":0.004169127610047597,"engagementSEIadj":0.004169127610047597,"voiceSEI":2.848101265822785,"voiceSEIadj":2.848101265822785,"audienceSEI":0.11185085977607209,"audienceSEIadj":0.11185085977607209,"SEI":0.8681169422904712,"SEIadj":0.8681169422904712},"non_scoped":{"SEI":0.8091447214976223,"SEIrank":48,"SEIadj":0,"audienceSEI":0.11185085977607209,"audienceSEIadj":0,"audienceSEIrank":148,"audienceScore":0.021332333099913583,"combinedScore":0.01747150643855204,"combinedScoreRank":93,"engagementSEI":0.002499097548107628,"engagementSEIadj":0,"engagementSEIrank":112,"engagementScore":0.0011219420068176676,"voiceSEI":2.6548672566371683,"voiceSEIadj":0,"voiceSEIrank":39,"voiceScore":0.3079028395484092},"scoped":{"SEI":3.6286247894796673,"SEIrank":69,"SEIadj":0,"audienceSEI":1.4257080490383163,"audienceSEIadj":0,"audienceSEIrank":133,"audienceScore":0.08744640907657518,"combinedScore":0.06288689616787252,"combinedScoreRank":96,"engagementSEI":0.18508997429305912,"engagementSEIadj":0,"engagementSEIrank":102,"engagementScore":0.015996587394689135,"voiceSEI":11.25,"voiceSEIadj":0,"voiceSEIrank":31,"voiceScore":0.8823529411764706}},"twitter":{"entityString":"536575feb08f37d80186a0cd","type":"twitter","profiles":1,"postsMade":8,"repliesMade":0,"repliesRcvd":0,"sharesMade":0,"sharesRcvd":6,"mentionsRcvd":0,"likesRcvd":17,"reachRcvd":0,"audience":6296,"voice":8,"conversation":8,"engagement":23,"group_scoped":{"audienceScore":0.5017108851180886,"voiceScore":0.641025641025641,"engagementScore":0.08756900818579859,"combinedScore":0.13594893367440522,"combinedScoreRank":212,"SEIrank":169,"engagementSEIrank":168,"voiceSEIrank":130,"audienceSEIrank":204,"engagementSEI":0.17527815881725348,"engagementSEIadj":0.17527815881725348,"voiceSEI":1.6877637130801686,"voiceSEIadj":1.6877637130801686,"audienceSEI":1.1120197394101137,"audienceSEIadj":1.1120197394101137,"SEI":0.722697983155414,"SEIadj":0.722697983155414},"non_scoped":{"SEI":0.722697983155414,"SEIrank":123,"SEIadj":0,"audienceSEI":1.1120197394101137,"audienceSEIadj":0,"audienceSEIrank":114,"audienceScore":0.18052342618323702,"combinedScore":0.05023688053031248,"combinedScoreRank":136,"engagementSEI":0.17527815881725348,"engagementSEIadj":0,"engagementSEIrank":139,"engagementScore":0.03707166113278102,"voiceSEI":1.6877637130801686,"voiceSEIadj":0,"voiceSEIrank":104,"voiceScore":0.1569242840329541},"scoped":{"SEI":2.5471996171450475,"SEIrank":117,"SEIadj":0,"audienceSEI":5.402066101520404,"audienceSEIadj":0,"audienceSEIrank":100,"audienceScore":0.28595383498792326,"combinedScore":0.08851604580295286,"combinedScoreRank":124,"engagementSEI":1.0722610722610724,"engagementSEIadj":0,"engagementSEIrank":127,"engagementScore":0.06677117807582883,"voiceSEI":4.545454545454546,"voiceSEIadj":0,"voiceSEIrank":93,"voiceScore":0.2824858757062147}},"instagram":{"entityString":"536575feb08f37d80186a0cd","type":"instagram","profiles":0,"postsMade":0,"repliesMade":0,"repliesRcvd":0,"sharesMade":0,"sharesRcvd":0,"mentionsRcvd":0,"likesRcvd":0,"reachRcvd":0,"audience":0,"voice":0,"conversation":0,"engagement":0,"group_scoped":{"audienceScore":0,"voiceScore":0,"engagementScore":0,"combinedScore":0,"combinedScoreRank":104,"SEIrank":67,"engagementSEIrank":64,"voiceSEIrank":63,"audienceSEIrank":67,"engagementSEI":0,"engagementSEIadj":0,"voiceSEI":0,"voiceSEIadj":0,"audienceSEI":0,"audienceSEIadj":0,"SEI":0,"SEIadj":0},"non_scoped":{"SEI":0,"SEIrank":67,"SEIadj":0,"audienceSEI":0,"audienceSEIadj":0,"audienceSEIrank":67,"audienceScore":0,"combinedScore":0,"combinedScoreRank":67,"engagementSEI":0,"engagementSEIadj":0,"engagementSEIrank":64,"engagementScore":0,"voiceSEI":0,"voiceSEIadj":0,"voiceSEIrank":63,"voiceScore":0},"scoped":{"SEI":0,"SEIrank":61,"SEIadj":0,"audienceSEI":0,"audienceSEIadj":0,"audienceSEIrank":61,"audienceScore":0,"combinedScore":0,"combinedScoreRank":61,"engagementSEI":0,"engagementSEIadj":0,"engagementSEIrank":58,"engagementScore":0,"voiceSEI":0,"voiceSEIadj":0,"voiceSEIrank":57,"voiceScore":0}}},"month":{"boundaryQuantum":4987194,"combined":{"entityString":"536575feb08f37d80186a0cd","type":"combined","profiles":2,"postsMade":75,"repliesMade":0,"repliesRcvd":16,"sharesMade":0,"sharesRcvd":152,"mentionsRcvd":0,"likesRcvd":314,"reachRcvd":0,"audience":8373,"voice":75,"conversation":91,"engagement":482,"group_scoped":{"audienceScore":0.20976766220917692,"voiceScore":0.8342602892102335,"engagementScore":0.018562421340776788,"combinedScore":0.06890757677766964,"combinedScoreRank":177,"SEIrank":125,"engagementSEIrank":177,"voiceSEIrank":106,"audienceSEIrank":190,"engagementSEI":0.020771215404829697,"engagementSEIadj":0.020771215404829697,"voiceSEI":2.039151712887439,"voiceSEIadj":2.039151712887439,"audienceSEI":0.3289553810311433,"audienceSEIadj":0.3289553810311433,"SEI":0.6571037812122438,"SEIadj":0.6571037812122438},"non_scoped":{"SEI":0.652582005542775,"SEIrank":94,"SEIadj":0,"audienceSEI":0.3289553810311433,"audienceSEIadj":0,"audienceSEIrank":136,"audienceScore":0.060616248542690696,"combinedScore":0.01785289366263472,"combinedScoreRank":129,"engagementSEI":0.013234922622381847,"engagementSEIadj":0,"engagementSEIrank":135,"engagementScore":0.005536863217652715,"voiceSEI":2.039151712887439,"voiceSEIadj":0,"voiceSEIrank":81,"voiceScore":0.1967780867922548},"scoped":{"SEI":3.007109809492787,"SEIrank":105,"SEIadj":0,"audienceSEI":4.294550900660622,"audienceSEIadj":0,"audienceSEIrank":123,"audienceScore":0.17402516911492832,"combinedScore":0.0804625785663162,"combinedScoreRank":121,"engagementSEI":0.3979623009156436,"engagementSEIadj":0,"engagementSEIrank":124,"engagementScore":0.05671962852173586,"voiceSEI":7.796257796257796,"voiceSEIadj":0,"voiceSEIrank":70,"voiceScore":0.41427308882015024}},"facebook":{"entityString":"536575feb08f37d80186a0cd","type":"facebook","profiles":1,"postsMade":34,"repliesMade":0,"repliesRcvd":16,"sharesMade":0,"sharesRcvd":1,"mentionsRcvd":0,"likesRcvd":79,"reachRcvd":0,"audience":2077,"voice":34,"conversation":50,"engagement":96,"group_scoped":{"audienceScore":0.07944349012808494,"voiceScore":1.0173548773189707,"engagementScore":0.004371067177838689,"combinedScore":0.0587738788324076,"combinedScoreRank":134,"SEIrank":81,"engagementSEIrank":132,"voiceSEIrank":53,"audienceSEIrank":156,"engagementSEI":0.004858156997416068,"engagementSEIadj":0.004858156997416068,"voiceSEI":2.460202604920405,"voiceSEIadj":2.460202604920405,"audienceSEI":0.11185085977607209,"audienceSEIadj":0.11185085977607209,"SEI":0.7521607616521784,"SEIadj":0.7521607616521784},"non_scoped":{"SEI":0.6861691355578946,"SEIrank":59,"SEIadj":0,"audienceSEI":0.11185085977607209,"audienceSEIadj":0,"audienceSEIrank":148,"audienceScore":0.021332333099913583,"combinedScore":0.015007771372370205,"combinedScoreRank":98,"engagementSEI":0.0028612047460233724,"engagementSEIadj":0,"engagementSEIrank":121,"engagementScore":0.0012719642387254283,"voiceSEI":2.2442244224422443,"voiceSEIadj":0,"voiceSEIrank":46,"voiceScore":0.2559277380504328},"scoped":{"SEI":2.7083419151276256,"SEIrank":82,"SEIadj":0,"audienceSEI":1.4257080490383163,"audienceSEIadj":0,"audienceSEIrank":133,"audienceScore":0.08744640907657518,"combinedScore":0.05743984169068704,"combinedScoreRank":103,"engagementSEI":0.257372654155496,"engagementSEIadj":0,"engagementSEIrank":111,"engagementScore":0.01853392770609824,"voiceSEI":8.037825059101655,"voiceSEIadj":0,"voiceSEIrank":38,"voiceScore":0.7277397260273972}},"twitter":{"entityString":"536575feb08f37d80186a0cd","type":"twitter","profiles":1,"postsMade":41,"repliesMade":0,"repliesRcvd":0,"sharesMade":0,"sharesRcvd":151,"mentionsRcvd":0,"likesRcvd":235,"reachRcvd":0,"audience":6296,"voice":41,"conversation":41,"engagement":386,"group_scoped":{"audienceScore":0.5017108851180886,"voiceScore":0.7527079126124472,"engagementScore":0.32550765701949674,"combinedScore":0.3556778312040739,"combinedScoreRank":163,"SEIrank":157,"engagementSEIrank":154,"voiceSEIrank":128,"audienceSEIrank":204,"engagementSEI":0.6160131501252772,"engagementSEIadj":0.6160131501252772,"voiceSEI":1.9570405727923628,"voiceSEIadj":1.9570405727923628,"audienceSEI":1.1120197394101137,"audienceSEIadj":1.1120197394101137,"SEI":1.0679220358538866,"SEIadj":1.0679220358538866},"non_scoped":{"SEI":1.0679220358538866,"SEIrank":98,"SEIadj":0,"audienceSEI":1.1120197394101137,"audienceSEIadj":0,"audienceSEIrank":114,"audienceScore":0.18052342618323702,"combinedScore":0.14527650824630153,"combinedScoreRank":96,"engagementSEI":0.6160131501252772,"engagementSEIadj":0,"engagementSEIrank":93,"engagementScore":0.14175073170552568,"voiceSEI":1.9570405727923628,"voiceSEIadj":0,"voiceSEIrank":97,"voiceScore":0.17349356804333108},"scoped":{"SEI":4.367762475376186,"SEIrank":87,"SEIadj":0,"audienceSEI":5.402066101520404,"audienceSEIadj":0,"audienceSEIrank":100,"audienceScore":0.28595383498792326,"combinedScore":0.2744511010133052,"combinedScoreRank":83,"engagementSEI":3.3865590454465697,"engagementSEIadj":0,"engagementSEIrank":81,"engagementScore":0.27168366449178966,"voiceSEI":5.985401459854015,"voiceSEIadj":0,"voiceSEIrank":86,"voiceScore":0.3127622244259669}},"instagram":{"entityString":"536575feb08f37d80186a0cd","type":"instagram","profiles":0,"postsMade":0,"repliesMade":0,"repliesRcvd":0,"sharesMade":0,"sharesRcvd":0,"mentionsRcvd":0,"likesRcvd":0,"reachRcvd":0,"audience":0,"voice":0,"conversation":0,"engagement":0,"group_scoped":{"audienceScore":0,"voiceScore":0,"engagementScore":0,"combinedScore":0,"combinedScoreRank":104,"SEIrank":67,"engagementSEIrank":64,"voiceSEIrank":64,"audienceSEIrank":67,"engagementSEI":0,"engagementSEIadj":0,"voiceSEI":0,"voiceSEIadj":0,"audienceSEI":0,"audienceSEIadj":0,"SEI":0,"SEIadj":0},"non_scoped":{"SEI":0,"SEIrank":67,"SEIadj":0,"audienceSEI":0,"audienceSEIadj":0,"audienceSEIrank":67,"audienceScore":0,"combinedScore":0,"combinedScoreRank":67,"engagementSEI":0,"engagementSEIadj":0,"engagementSEIrank":64,"engagementScore":0,"voiceSEI":0,"voiceSEIadj":0,"voiceSEIrank":64,"voiceScore":0},"scoped":{"SEI":0,"SEIrank":61,"SEIadj":0,"audienceSEI":0,"audienceSEIadj":0,"audienceSEIrank":61,"audienceScore":0,"combinedScore":0,"combinedScoreRank":61,"engagementSEI":0,"engagementSEIadj":0,"engagementSEIrank":58,"engagementScore":0,"voiceSEI":0,"voiceSEIadj":0,"voiceSEIrank":58,"voiceScore":0}}},"quarter":{"boundaryQuantum":4969914,"combined":{"entityString":"536575feb08f37d80186a0cd","type":"combined","profiles":2,"postsMade":226,"repliesMade":0,"repliesRcvd":32,"sharesMade":0,"sharesRcvd":253,"mentionsRcvd":0,"likesRcvd":626,"reachRcvd":0,"audience":8373,"voice":226,"conversation":258,"engagement":911,"group_scoped":{"audienceScore":0.20976766220917692,"voiceScore":0.8329340655290606,"engagementScore":0.010488923133003345,"combinedScore":0.06157511720661489,"combinedScoreRank":176,"SEIrank":120,"engagementSEIrank":191,"voiceSEIrank":101,"audienceSEIrank":190,"engagementSEI":0.011839341051647988,"engagementSEIadj":0.011839341051647988,"voiceSEI":2.1111630079402146,"voiceSEIadj":2.1111630079402146,"audienceSEI":0.3289553810311433,"audienceSEIadj":0.3289553810311433,"SEI":0.6733480451161674,"SEIadj":0.6733480451161674},"non_scoped":{"SEI":0.6710435685294444,"SEIrank":91,"SEIadj":0,"audienceSEI":0.3289553810311433,"audienceSEIadj":0,"audienceSEIrank":136,"audienceScore":0.060616248542690696,"combinedScore":0.016131997525886076,"combinedScoreRank":132,"engagementSEI":0.007998546740442944,"engagementSEIadj":0,"engagementSEIrank":147,"engagementScore":0.003293152772646661,"voiceSEI":2.1111630079402146,"voiceSEIadj":0,"voiceSEIrank":82,"voiceScore":0.20274695206739093},"scoped":{"SEI":3.071376184022744,"SEIrank":102,"SEIadj":0,"audienceSEI":4.294550900660622,"audienceSEIadj":0,"audienceSEIrank":123,"audienceScore":0.17402516911492832,"combinedScore":0.060370912048173124,"combinedScoreRank":134,"engagementSEI":0.23807097180518424,"engagementSEIadj":0,"engagementSEIrank":135,"engagementScore":0.03354901433658757,"voiceSEI":8.330261702911905,"voiceSEIadj":0,"voiceSEIrank":72,"voiceScore":0.42951081378995776}},"facebook":{"entityString":"536575feb08f37d80186a0cd","type":"facebook","profiles":1,"postsMade":128,"repliesMade":0,"repliesRcvd":32,"sharesMade":0,"sharesRcvd":4,"mentionsRcvd":0,"likesRcvd":209,"reachRcvd":0,"audience":2077,"voice":128,"conversation":160,"engagement":245,"group_scoped":{"audienceScore":0.07944349012808494,"voiceScore":1.2102874432677762,"engagementScore":0.003247771995270714,"combinedScore":0.06740954146553671,"combinedScoreRank":120,"SEIrank":73,"engagementSEIrank":144,"voiceSEIrank":47,"audienceSEIrank":156,"engagementSEI":0.0036424997955739912,"engagementSEIadj":0.0036424997955739912,"voiceSEI":3.0835943146229825,"voiceSEIadj":3.0835943146229825,"audienceSEI":0.11185085977607209,"audienceSEIadj":0.11185085977607209,"SEI":0.9384488802418464,"SEIadj":0.9384488802418464},"non_scoped":{"SEI":0.8528202278192827,"SEIrank":51,"SEIadj":0,"audienceSEI":0.11185085977607209,"audienceSEIadj":0,"audienceSEIrank":148,"audienceScore":0.021332333099913583,"combinedScore":0.01798821243815582,"combinedScoreRank":90,"engagementSEI":0.0022875996413043763,"engagementSEIadj":0,"engagementSEIrank":127,"engagementScore":0.0009995172127879128,"voiceSEI":2.800875273522976,"voiceSEIadj":0,"voiceSEIrank":40,"voiceScore":0.32044060583302036},"scoped":{"SEI":4.3725411079030225,"SEIrank":73,"SEIadj":0,"audienceSEI":1.4257080490383163,"audienceSEIadj":0,"audienceSEIrank":133,"audienceScore":0.08744640907657518,"combinedScore":0.06156194496225151,"combinedScoreRank":101,"engagementSEI":0.21234366739181307,"engagementSEIadj":0,"engagementSEIrank":116,"engagementScore":0.013819454746362241,"voiceSEI":13.675213675213676,"voiceSEIadj":0,"voiceSEIrank":32,"voiceScore":0.8950423047339346}},"twitter":{"entityString":"536575feb08f37d80186a0cd","type":"twitter","profiles":1,"postsMade":98,"repliesMade":0,"repliesRcvd":0,"sharesMade":0,"sharesRcvd":249,"mentionsRcvd":0,"likesRcvd":417,"reachRcvd":0,"audience":6296,"voice":98,"conversation":98,"engagement":666,"group_scoped":{"audienceScore":0.5017108851180886,"voiceScore":0.6126148652872414,"engagementScore":0.18602260761240264,"combinedScore":0.2231366343714289,"combinedScoreRank":179,"SEIrank":174,"engagementSEIrank":175,"voiceSEIrank":135,"audienceSEIrank":204,"engagementSEI":0.3603194182951373,"engagementSEIadj":0.3603194182951373,"voiceSEI":1.6349683016349683,"voiceSEIadj":1.6349683016349683,"audienceSEI":1.1120197394101137,"audienceSEIadj":1.1120197394101137,"SEI":0.8178841154085842,"SEIadj":0.8178841154085842},"non_scoped":{"SEI":0.8178841154085842,"SEIrank":119,"SEIadj":0,"audienceSEI":1.1120197394101137,"audienceSEIadj":0,"audienceSEIrank":114,"audienceScore":0.18052342618323702,"combinedScore":0.09226187856899887,"combinedScoreRank":116,"engagementSEI":0.3603194182951373,"engagementSEIadj":0,"engagementSEIrank":113,"engagementScore":0.08455950970720318,"voiceSEI":1.6349683016349683,"voiceSEIadj":0,"voiceSEIrank":112,"voiceScore":0.14264297046708296},"scoped":{"SEI":3.413962451221347,"SEIrank":108,"SEIadj":0,"audienceSEI":5.402066101520404,"audienceSEIadj":0,"audienceSEIrank":100,"audienceScore":0.28595383498792326,"combinedScore":0.17848925937736002,"combinedScoreRank":105,"engagementSEI":2.194254085397997,"engagementSEIadj":0,"engagementSEIrank":102,"engagementScore":0.16793627499186795,"voiceSEI":5.190677966101695,"voiceSEIadj":0,"voiceSEIrank":101,"voiceScore":0.26097840270565364}},"instagram":{"entityString":"536575feb08f37d80186a0cd","type":"instagram","profiles":0,"postsMade":0,"repliesMade":0,"repliesRcvd":0,"sharesMade":0,"sharesRcvd":0,"mentionsRcvd":0,"likesRcvd":0,"reachRcvd":0,"audience":0,"voice":0,"conversation":0,"engagement":0,"group_scoped":{"audienceScore":0,"voiceScore":0,"engagementScore":0,"combinedScore":0,"combinedScoreRank":104,"SEIrank":67,"engagementSEIrank":65,"voiceSEIrank":65,"audienceSEIrank":67,"engagementSEI":0,"engagementSEIadj":0,"voiceSEI":0,"voiceSEIadj":0,"audienceSEI":0,"audienceSEIadj":0,"SEI":0,"SEIadj":0},"non_scoped":{"SEI":0,"SEIrank":67,"SEIadj":0,"audienceSEI":0,"audienceSEIadj":0,"audienceSEIrank":67,"audienceScore":0,"combinedScore":0,"combinedScoreRank":67,"engagementSEI":0,"engagementSEIadj":0,"engagementSEIrank":65,"engagementScore":0,"voiceSEI":0,"voiceSEIadj":0,"voiceSEIrank":65,"voiceScore":0},"scoped":{"SEI":0,"SEIrank":61,"SEIadj":0,"audienceSEI":0,"audienceSEIadj":0,"audienceSEIrank":61,"audienceScore":0,"combinedScore":0,"combinedScoreRank":61,"engagementSEI":0,"engagementSEIadj":0,"engagementSEIrank":59,"engagementScore":0,"voiceSEI":0,"voiceSEIadj":0,"voiceSEIrank":59,"voiceScore":0}}},"blended":{"combined":{"non_scoped":{"SEI":0.6290865199717428,"SEIadj":50.31454325998587,"SEIrank":95,"audienceSEI":0.3289553810311433,"audienceSEIadj":50.164477690515575,"audienceSEIrank":136,"engagementSEI":0.007535284439216362,"engagementSEIadj":50.00376764221961,"engagementSEIrank":156,"voiceSEI":1.9722327040169958,"voiceSEIadj":50.986116352008494,"voiceSEIrank":86},"scoped":{"SEI":5.151137833722167,"SEIadj":52.57556891686109,"SEIrank":119,"compCharisma":0,"compInfluence":3,"compEva":2.1511378337221667,"audienceSEI":4.294550900660622,"audienceSEIadj":52.14727545033031,"audienceSEIrank":123,"engagementSEI":0.22082716829779342,"engagementSEIadj":50.110413584148894,"engagementSEIrank":146,"voiceSEI":7.561643756702482,"voiceSEIadj":53.78082187835124,"voiceSEIrank":77}},"facebook":{"non_scoped":{"SEI":0.7726381549914926,"SEIadj":60.3090552619966,"SEIrank":52,"audienceSEI":0.11185085977607209,"audienceSEIadj":50.055925429888035,"audienceSEIrank":148,"engagementSEI":0.0023227097969879826,"engagementSEIadj":50.00116135489849,"engagementSEIrank":128,"voiceSEI":2.533531477118975,"voiceSEIadj":61.01341259084759,"voiceSEIrank":41},"scoped":{"SEI":3.6882378183097466,"SEIadj":51.84411890915487,"SEIrank":76,"audienceSEI":1.4257080490383163,"audienceSEIadj":50.71285402451916,"audienceSEIrank":133,"engagementSEI":0.20030472410714867,"engagementSEIadj":50.10015236205358,"engagementSEIrank":118,"voiceSEI":11.418280596472087,"voiceSEIadj":64.56731223858884,"voiceSEIrank":35}},"twitter":{"non_scoped":{"SEI":0.7914998567260498,"SEIadj":50.395749928363024,"SEIrank":128,"audienceSEI":1.1120197394101137,"audienceSEIadj":50.55600986970506,"audienceSEIrank":114,"engagementSEI":0.3251451293115363,"engagementSEIadj":50.16257256465577,"engagementSEIrank":119,"voiceSEI":1.6173693506603892,"voiceSEIadj":50.80868467533019,"voiceSEIrank":114},"scoped":{"SEI":3.1533158125682177,"SEIadj":51.57665790628411,"SEIrank":114,"audienceSEI":5.402066101520404,"audienceSEIadj":52.7010330507602,"audienceSEIrank":100,"engagementSEI":1.9267892211943056,"engagementSEIadj":50.963394610597156,"engagementSEIrank":110,"voiceSEI":4.856785565665313,"voiceSEIadj":52.42839278283266,"voiceSEIrank":102}},"instagram":{"non_scoped":{"SEI":0,"SEIadj":0,"SEIrank":67,"audienceSEI":0,"audienceSEIadj":0,"audienceSEIrank":67,"engagementSEI":0,"engagementSEIadj":0,"engagementSEIrank":65,"voiceSEI":0,"voiceSEIadj":0,"voiceSEIrank":65},"scoped":{"SEI":0,"SEIadj":0,"SEIrank":61,"audienceSEI":0,"audienceSEIadj":0,"audienceSEIrank":61,"engagementSEI":0,"engagementSEIadj":0,"engagementSEIrank":59,"voiceSEI":0,"voiceSEIadj":0,"voiceSEIrank":59}},"influence":{"instagram":{"scope":"individual","ratio":0,"calculated":false},"combined":{"ratio":0.51,"bottom":false,"scope":"individual","calculated":true},"facebook":{"ratio":0.66,"bottom":true,"scope":"individual","calculated":true},"twitter":{"ratio":0.52,"bottom":false,"scope":"individual","calculated":true}},"charisma":{"instagram":{"scope":"individual","ratio":0,"calculated":false},"combined":{"ratio":0.07,"bottom":false,"scope":"individual","calculated":true},"facebook":{"ratio":0.01,"bottom":false,"scope":"individual","calculated":true},"twitter":{"ratio":0.63,"bottom":false,"scope":"individual","calculated":true}}},"scope":"individual"}}