{"scoreEntityString":"591d1494ab33fb0001804f89.asset.536575feb08f37d80186a0ad","timeQuantum":4995834,"scoreEntityType":"asset","scoreProfileID":"591d1494ab33fb0001804f89","data":{"scoreEntityString":"591d1494ab33fb0001804f89.asset.536575feb08f37d80186a0ad","scoreProfileID":"591d1494ab33fb0001804f89","scoreEntityType":"asset","entityID":"asset.536575feb08f37d80186a0ad","object_version":"1.2","score_engine_version":"3.0.20","timestamp":4995834,"start_quantum":4969914,"end_quantum":4995833,"schedule_options":{"interval":15,"offset":"1"},"_15min":{"boundaryQuantum":4995831,"combined":{"entityString":"536575feb08f37d80186a0ad","type":"combined","profiles":2,"postsMade":0,"repliesMade":0,"repliesRcvd":0,"sharesMade":0,"sharesRcvd":0,"mentionsRcvd":0,"likesRcvd":0,"reachRcvd":0,"audience":4508,"voice":0,"conversation":0,"engagement":0,"group_scoped":{"audienceScore":0.19614190440388177,"voiceScore":0,"engagementScore":0,"combinedScore":0.19614190440388177,"engagementSEI":0,"engagementSEIadj":0,"voiceSEI":0,"voiceSEIadj":0,"audienceSEI":0.30487371884394154,"audienceSEIadj":0.30487371884394154,"SEI":0.030487371884394154,"SEIadj":0.030487371884394154,"combinedScoreRank":190,"SEIrank":194,"engagementSEIrank":196,"voiceSEIrank":194,"audienceSEIrank":194},"non_scoped":{"SEI":0.017710866567399907,"SEIrank":176,"SEIadj":0,"audienceSEI":0.17710866567399905,"audienceSEIadj":0,"audienceSEIrank":176,"audienceScore":0.032635620259220066,"combinedScore":0.0016317810129610035,"combinedScoreRank":176,"engagementSEI":0,"engagementSEIadj":0,"engagementSEIrank":196,"engagementScore":0,"voiceSEI":0,"voiceSEIadj":0,"voiceSEIrank":194,"voiceScore":0},"scoped":{"SEI":0.23121743055270608,"SEIrank":160,"SEIadj":0,"audienceSEI":2.3121743055270607,"audienceSEIadj":0,"audienceSEIrank":160,"audienceScore":0.093694668860635,"combinedScore":0.00468473344303175,"combinedScoreRank":160,"engagementSEI":0,"engagementSEIadj":0,"engagementSEIrank":175,"engagementScore":0,"voiceSEI":0,"voiceSEIadj":0,"voiceSEIrank":175,"voiceScore":0}},"facebook":{"entityString":"536575feb08f37d80186a0ad","type":"facebook","profiles":1,"postsMade":0,"repliesMade":0,"repliesRcvd":0,"sharesMade":0,"sharesRcvd":0,"mentionsRcvd":0,"likesRcvd":0,"reachRcvd":0,"audience":1,"voice":0,"conversation":0,"engagement":0,"group_scoped":{"audienceScore":0.00006457057660879206,"voiceScore":0,"engagementScore":0,"combinedScore":0.00006457057660879206,"engagementSEI":0,"engagementSEIadj":0,"voiceSEI":0,"voiceSEIadj":0,"audienceSEI":0.0000910414320453095,"audienceSEIadj":0.0000910414320453095,"SEI":0.000009104143204530951,"SEIadj":0.000009104143204530951,"combinedScoreRank":191,"SEIrank":191,"engagementSEIrank":196,"voiceSEIrank":194,"audienceSEIrank":191},"non_scoped":{"SEI":0.000005385212314688114,"SEIrank":192,"SEIadj":0,"audienceSEI":0.00005385212314688113,"audienceSEIadj":0,"audienceSEIrank":192,"audienceScore":0.000010270742946515928,"combinedScore":5.135371473257964e-7,"combinedScoreRank":192,"engagementSEI":0,"engagementSEIadj":0,"engagementSEIrank":196,"engagementScore":0,"voiceSEI":0,"voiceSEIadj":0,"voiceSEIrank":194,"voiceScore":0},"scoped":{"SEI":0.00006864266004036188,"SEIrank":174,"SEIadj":0,"audienceSEI":0.0006864266004036188,"audienceSEIadj":0,"audienceSEIrank":174,"audienceScore":0.00004210226724919364,"combinedScore":0.000002105113362459682,"combinedScoreRank":174,"engagementSEI":0,"engagementSEIadj":0,"engagementSEIrank":175,"engagementScore":0,"voiceSEI":0,"voiceSEIadj":0,"voiceSEIrank":175,"voiceScore":0}},"twitter":{"entityString":"536575feb08f37d80186a0ad","type":"twitter","profiles":1,"postsMade":0,"repliesMade":0,"repliesRcvd":0,"sharesMade":0,"sharesRcvd":0,"mentionsRcvd":0,"likesRcvd":0,"reachRcvd":0,"audience":4507,"voice":0,"conversation":0,"engagement":0,"group_scoped":{"audienceScore":0.7064529073193976,"voiceScore":0,"engagementScore":0,"combinedScore":0.7064529073193976,"engagementSEI":0,"engagementSEIadj":0,"voiceSEI":0,"voiceSEIadj":0,"audienceSEI":1.6781034861510853,"audienceSEIadj":1.6781034861510853,"SEI":0.16781034861510855,"SEIadj":0.16781034861510855,"combinedScoreRank":168,"SEIrank":178,"engagementSEIrank":194,"voiceSEIrank":194,"audienceSEIrank":178},"non_scoped":{"SEI":0.07960408140917064,"SEIrank":138,"SEIadj":0,"audienceSEI":0.7960408140917064,"audienceSEIadj":0,"audienceSEIrank":138,"audienceScore":0.12922793548409295,"combinedScore":0.006461396774204648,"combinedScoreRank":138,"engagementSEI":0,"engagementSEIadj":0,"engagementSEIrank":194,"engagementScore":0,"voiceSEI":0,"voiceSEIadj":0,"voiceSEIrank":194,"voiceScore":0},"scoped":{"SEI":0.3867076226104266,"SEIrank":123,"SEIadj":0,"audienceSEI":3.867076226104266,"audienceSEIadj":0,"audienceSEIrank":123,"audienceScore":0.20470043429011595,"combinedScore":0.029242919184302277,"combinedScoreRank":123,"engagementSEI":0,"engagementSEIadj":0,"engagementSEIrank":175,"engagementScore":0,"voiceSEI":0,"voiceSEIadj":0,"voiceSEIrank":175,"voiceScore":0}},"instagram":{"entityString":"536575feb08f37d80186a0ad","type":"instagram","profiles":0,"postsMade":0,"repliesMade":0,"repliesRcvd":0,"sharesMade":0,"sharesRcvd":0,"mentionsRcvd":0,"likesRcvd":0,"reachRcvd":0,"audience":0,"voice":0,"conversation":0,"engagement":0,"group_scoped":{"audienceScore":0,"voiceScore":0,"engagementScore":0,"combinedScore":0,"engagementSEI":0,"engagementSEIadj":0,"voiceSEI":0,"voiceSEIadj":0,"audienceSEI":0,"audienceSEIadj":0,"SEI":0,"SEIadj":0,"combinedScoreRank":214,"SEIrank":195,"engagementSEIrank":195,"voiceSEIrank":194,"audienceSEIrank":195},"non_scoped":{"SEI":0,"SEIrank":195,"SEIadj":0,"audienceSEI":0,"audienceSEIadj":0,"audienceSEIrank":195,"audienceScore":0,"combinedScore":0,"combinedScoreRank":195,"engagementSEI":0,"engagementSEIadj":0,"engagementSEIrank":195,"engagementScore":0,"voiceSEI":0,"voiceSEIadj":0,"voiceSEIrank":194,"voiceScore":0},"scoped":{"SEI":0,"SEIrank":175,"SEIadj":0,"audienceSEI":0,"audienceSEIadj":0,"audienceSEIrank":175,"audienceScore":0,"combinedScore":0,"combinedScoreRank":175,"engagementSEI":0,"engagementSEIadj":0,"engagementSEIrank":175,"engagementScore":0,"voiceSEI":0,"voiceSEIadj":0,"voiceSEIrank":175,"voiceScore":0}}},"hour":{"boundaryQuantum":4995822,"combined":{"entityString":"536575feb08f37d80186a0ad","type":"combined","profiles":2,"postsMade":0,"repliesMade":0,"repliesRcvd":0,"sharesMade":0,"sharesRcvd":0,"mentionsRcvd":0,"likesRcvd":0,"reachRcvd":0,"audience":4508,"voice":0,"conversation":0,"engagement":0,"group_scoped":{"audienceScore":0.19614190440388177,"voiceScore":0,"engagementScore":0,"combinedScore":0.19614190440388177,"combinedScoreRank":184,"SEIrank":196,"engagementSEIrank":202,"voiceSEIrank":199,"audienceSEIrank":194,"engagementSEI":0,"engagementSEIadj":0,"voiceSEI":0,"voiceSEIadj":0,"audienceSEI":0.30487371884394154,"audienceSEIadj":0.30487371884394154,"SEI":0.030487371884394154,"SEIadj":0.030487371884394154},"non_scoped":{"SEI":0.017710866567399907,"SEIrank":178,"SEIadj":0,"audienceSEI":0.17710866567399905,"audienceSEIadj":0,"audienceSEIrank":176,"audienceScore":0.032635620259220066,"combinedScore":0.0016317810129610035,"combinedScoreRank":178,"engagementSEI":0,"engagementSEIadj":0,"engagementSEIrank":202,"engagementScore":0,"voiceSEI":0,"voiceSEIadj":0,"voiceSEIrank":199,"voiceScore":0},"scoped":{"SEI":0.23121743055270608,"SEIrank":162,"SEIadj":0,"audienceSEI":2.3121743055270607,"audienceSEIadj":0,"audienceSEIrank":160,"audienceScore":0.093694668860635,"combinedScore":0.00468473344303175,"combinedScoreRank":162,"engagementSEI":0,"engagementSEIadj":0,"engagementSEIrank":181,"engagementScore":0,"voiceSEI":0,"voiceSEIadj":0,"voiceSEIrank":178,"voiceScore":0}},"facebook":{"entityString":"536575feb08f37d80186a0ad","type":"facebook","profiles":1,"postsMade":0,"repliesMade":0,"repliesRcvd":0,"sharesMade":0,"sharesRcvd":0,"mentionsRcvd":0,"likesRcvd":0,"reachRcvd":0,"audience":1,"voice":0,"conversation":0,"engagement":0,"group_scoped":{"audienceScore":0.00006457057660879206,"voiceScore":0,"engagementScore":0,"combinedScore":0.00006457057660879206,"combinedScoreRank":191,"SEIrank":191,"engagementSEIrank":200,"voiceSEIrank":197,"audienceSEIrank":191,"engagementSEI":0,"engagementSEIadj":0,"voiceSEI":0,"voiceSEIadj":0,"audienceSEI":0.0000910414320453095,"audienceSEIadj":0.0000910414320453095,"SEI":0.000009104143204530951,"SEIadj":0.000009104143204530951},"non_scoped":{"SEI":0.000005385212314688114,"SEIrank":192,"SEIadj":0,"audienceSEI":0.00005385212314688113,"audienceSEIadj":0,"audienceSEIrank":192,"audienceScore":0.000010270742946515928,"combinedScore":5.135371473257964e-7,"combinedScoreRank":192,"engagementSEI":0,"engagementSEIadj":0,"engagementSEIrank":200,"engagementScore":0,"voiceSEI":0,"voiceSEIadj":0,"voiceSEIrank":197,"voiceScore":0},"scoped":{"SEI":0.00006864266004036188,"SEIrank":174,"SEIadj":0,"audienceSEI":0.0006864266004036188,"audienceSEIadj":0,"audienceSEIrank":174,"audienceScore":0.00004210226724919364,"combinedScore":0.000002105113362459682,"combinedScoreRank":174,"engagementSEI":0,"engagementSEIadj":0,"engagementSEIrank":179,"engagementScore":0,"voiceSEI":0,"voiceSEIadj":0,"voiceSEIrank":176,"voiceScore":0}},"twitter":{"entityString":"536575feb08f37d80186a0ad","type":"twitter","profiles":1,"postsMade":0,"repliesMade":0,"repliesRcvd":0,"sharesMade":0,"sharesRcvd":0,"mentionsRcvd":0,"likesRcvd":0,"reachRcvd":0,"audience":4507,"voice":0,"conversation":0,"engagement":0,"group_scoped":{"audienceScore":0.7064529073193976,"voiceScore":0,"engagementScore":0,"combinedScore":0.7064529073193976,"combinedScoreRank":174,"SEIrank":184,"engagementSEIrank":198,"voiceSEIrank":199,"audienceSEIrank":178,"engagementSEI":0,"engagementSEIadj":0,"voiceSEI":0,"voiceSEIadj":0,"audienceSEI":1.6781034861510853,"audienceSEIadj":1.6781034861510853,"SEI":0.16781034861510855,"SEIadj":0.16781034861510855},"non_scoped":{"SEI":0.07960408140917064,"SEIrank":144,"SEIadj":0,"audienceSEI":0.7960408140917064,"audienceSEIadj":0,"audienceSEIrank":138,"audienceScore":0.12922793548409295,"combinedScore":0.006461396774204648,"combinedScoreRank":144,"engagementSEI":0,"engagementSEIadj":0,"engagementSEIrank":198,"engagementScore":0,"voiceSEI":0,"voiceSEIadj":0,"voiceSEIrank":199,"voiceScore":0},"scoped":{"SEI":0.3867076226104266,"SEIrank":129,"SEIadj":0,"audienceSEI":3.867076226104266,"audienceSEIadj":0,"audienceSEIrank":123,"audienceScore":0.20470043429011595,"combinedScore":0.010235021714505799,"combinedScoreRank":129,"engagementSEI":0,"engagementSEIadj":0,"engagementSEIrank":177,"engagementScore":0,"voiceSEI":0,"voiceSEIadj":0,"voiceSEIrank":178,"voiceScore":0}},"instagram":{"entityString":"536575feb08f37d80186a0ad","type":"instagram","profiles":0,"postsMade":0,"repliesMade":0,"repliesRcvd":0,"sharesMade":0,"sharesRcvd":0,"mentionsRcvd":0,"likesRcvd":0,"reachRcvd":0,"audience":0,"voice":0,"conversation":0,"engagement":0,"group_scoped":{"audienceScore":0,"voiceScore":0,"engagementScore":0,"combinedScore":0,"combinedScoreRank":214,"SEIrank":195,"engagementSEIrank":195,"voiceSEIrank":194,"audienceSEIrank":195,"engagementSEI":0,"engagementSEIadj":0,"voiceSEI":0,"voiceSEIadj":0,"audienceSEI":0,"audienceSEIadj":0,"SEI":0,"SEIadj":0},"non_scoped":{"SEI":0,"SEIrank":195,"SEIadj":0,"audienceSEI":0,"audienceSEIadj":0,"audienceSEIrank":195,"audienceScore":0,"combinedScore":0,"combinedScoreRank":195,"engagementSEI":0,"engagementSEIadj":0,"engagementSEIrank":195,"engagementScore":0,"voiceSEI":0,"voiceSEIadj":0,"voiceSEIrank":194,"voiceScore":0},"scoped":{"SEI":0,"SEIrank":175,"SEIadj":0,"audienceSEI":0,"audienceSEIadj":0,"audienceSEIrank":175,"audienceScore":0,"combinedScore":0,"combinedScoreRank":175,"engagementSEI":0,"engagementSEIadj":0,"engagementSEIrank":175,"engagementScore":0,"voiceSEI":0,"voiceSEIadj":0,"voiceSEIrank":175,"voiceScore":0}}},"today":{"boundaryQuantum":4995546,"combined":{"entityString":"536575feb08f37d80186a0ad","type":"combined","profiles":2,"postsMade":6,"repliesMade":0,"repliesRcvd":0,"sharesMade":0,"sharesRcvd":2,"mentionsRcvd":0,"likesRcvd":0,"reachRcvd":0,"audience":4508,"voice":6,"conversation":6,"engagement":2,"group_scoped":{"audienceScore":0.19614190440388177,"voiceScore":1.9607843137254901,"engagementScore":0.01210507202517855,"combinedScore":0.1187408757291293,"combinedScoreRank":177,"SEIrank":64,"engagementSEIrank":147,"voiceSEIrank":37,"audienceSEIrank":194,"engagementSEI":0.013705201123826493,"engagementSEIadj":0.013705201123826493,"voiceSEI":4.918032786885246,"voiceSEIadj":4.918032786885246,"audienceSEI":0.30487371884394154,"audienceSEIadj":0.30487371884394154,"SEI":1.514120328624264,"SEIadj":1.514120328624264},"non_scoped":{"SEI":1.2518070663049594,"SEIrank":48,"SEIadj":0,"audienceSEI":0.17710866567399905,"audienceSEIadj":0,"audienceSEIrank":176,"audienceScore":0.032635620259220066,"combinedScore":0.02323663219649278,"combinedScoreRank":98,"engagementSEI":0.0020324790146541735,"engagementSEIadj":0,"engagementSEIrank":158,"engagementScore":0.0007441666635659722,"voiceSEI":4.10958904109589,"voiceSEIadj":0,"voiceSEIrank":42,"voiceScore":0.41870202372644805},"scoped":{"SEI":6.961208635477948,"SEIrank":65,"SEIadj":0,"audienceSEI":2.3121743055270607,"audienceSEIadj":0,"audienceSEIrank":160,"audienceScore":0.093694668860635,"combinedScore":0.06122997017399866,"combinedScoreRank":114,"engagementSEI":0.10554089709762532,"engagementSEIadj":0,"engagementSEIrank":146,"engagementScore":0.00827266710787558,"voiceSEI":22.22222222222222,"voiceSEIadj":0,"voiceSEIrank":34,"voiceScore":0.9819967266775778}},"facebook":{"entityString":"536575feb08f37d80186a0ad","type":"facebook","profiles":1,"postsMade":0,"repliesMade":0,"repliesRcvd":0,"sharesMade":0,"sharesRcvd":0,"mentionsRcvd":0,"likesRcvd":0,"reachRcvd":0,"audience":1,"voice":0,"conversation":0,"engagement":0,"group_scoped":{"audienceScore":0.00006457057660879206,"voiceScore":0,"engagementScore":0,"combinedScore":0.00006457057660879206,"combinedScoreRank":191,"SEIrank":191,"engagementSEIrank":208,"voiceSEIrank":206,"audienceSEIrank":191,"engagementSEI":0,"engagementSEIadj":0,"voiceSEI":0,"voiceSEIadj":0,"audienceSEI":0.0000910414320453095,"audienceSEIadj":0.0000910414320453095,"SEI":0.000009104143204530951,"SEIadj":0.000009104143204530951},"non_scoped":{"SEI":0.000005385212314688114,"SEIrank":192,"SEIadj":0,"audienceSEI":0.00005385212314688113,"audienceSEIadj":0,"audienceSEIrank":192,"audienceScore":0.000010270742946515928,"combinedScore":5.135371473257964e-7,"combinedScoreRank":192,"engagementSEI":0,"engagementSEIadj":0,"engagementSEIrank":208,"engagementScore":0,"voiceSEI":0,"voiceSEIadj":0,"voiceSEIrank":206,"voiceScore":0},"scoped":{"SEI":0.00006864266004036188,"SEIrank":174,"SEIadj":0,"audienceSEI":0.0006864266004036188,"audienceSEIadj":0,"audienceSEIrank":174,"audienceScore":0.00004210226724919364,"combinedScore":0.000002105113362459682,"combinedScoreRank":174,"engagementSEI":0,"engagementSEIadj":0,"engagementSEIrank":187,"engagementScore":0,"voiceSEI":0,"voiceSEIadj":0,"voiceSEIrank":185,"voiceScore":0}},"twitter":{"entityString":"536575feb08f37d80186a0ad","type":"twitter","profiles":1,"postsMade":6,"repliesMade":0,"repliesRcvd":0,"sharesMade":0,"sharesRcvd":2,"mentionsRcvd":0,"likesRcvd":0,"reachRcvd":0,"audience":4507,"voice":6,"conversation":6,"engagement":2,"group_scoped":{"audienceScore":0.7064529073193976,"voiceScore":2.553191489361702,"engagementScore":0.09606147934678194,"combinedScore":0.24943755124615874,"combinedScoreRank":200,"SEIrank":103,"engagementSEIrank":142,"voiceSEIrank":49,"audienceSEIrank":178,"engagementSEI":0.17574692442882248,"engagementSEIadj":0.17574692442882248,"voiceSEI":6.896551724137931,"voiceSEIadj":6.896551724137931,"audienceSEI":1.6781034861510853,"audienceSEIadj":1.6781034861510853,"SEI":2.342224020513781,"SEIadj":2.342224020513781},"non_scoped":{"SEI":2.160356710317062,"SEIrank":52,"SEIadj":0,"audienceSEI":0.7960408140917064,"audienceSEIadj":0,"audienceSEIrank":138,"audienceScore":0.12922793548409295,"combinedScore":0.0613857828855265,"combinedScoreRank":110,"engagementSEI":0.09713453132588634,"engagementSEIadj":0,"engagementSEIrank":140,"engagementScore":0.023234200743494422,"voiceSEI":6.741573033707865,"voiceSEIadj":0,"voiceSEIrank":33,"voiceScore":0.6802721088435374},"scoped":{"SEI":8.638326494025781,"SEIrank":52,"SEIadj":0,"audienceSEI":3.867076226104266,"audienceSEIadj":0,"audienceSEIrank":123,"audienceScore":0.20470043429011595,"combinedScore":0.12339529305470638,"combinedScoreRank":99,"engagementSEI":0.7092198581560284,"engagementSEIadj":0,"engagementSEIrank":129,"engagementScore":0.04945598417408506,"voiceSEI":26.08695652173913,"voiceSEIadj":0,"voiceSEIrank":25,"voiceScore":1.3729977116704806}},"instagram":{"entityString":"536575feb08f37d80186a0ad","type":"instagram","profiles":0,"postsMade":0,"repliesMade":0,"repliesRcvd":0,"sharesMade":0,"sharesRcvd":0,"mentionsRcvd":0,"likesRcvd":0,"reachRcvd":0,"audience":0,"voice":0,"conversation":0,"engagement":0,"group_scoped":{"audienceScore":0,"voiceScore":0,"engagementScore":0,"combinedScore":0,"combinedScoreRank":214,"SEIrank":195,"engagementSEIrank":195,"voiceSEIrank":195,"audienceSEIrank":195,"engagementSEI":0,"engagementSEIadj":0,"voiceSEI":0,"voiceSEIadj":0,"audienceSEI":0,"audienceSEIadj":0,"SEI":0,"SEIadj":0},"non_scoped":{"SEI":0,"SEIrank":195,"SEIadj":0,"audienceSEI":0,"audienceSEIadj":0,"audienceSEIrank":195,"audienceScore":0,"combinedScore":0,"combinedScoreRank":195,"engagementSEI":0,"engagementSEIadj":0,"engagementSEIrank":195,"engagementScore":0,"voiceSEI":0,"voiceSEIadj":0,"voiceSEIrank":195,"voiceScore":0},"scoped":{"SEI":0,"SEIrank":175,"SEIadj":0,"audienceSEI":0,"audienceSEIadj":0,"audienceSEIrank":175,"audienceScore":0,"combinedScore":0,"combinedScoreRank":175,"engagementSEI":0,"engagementSEIadj":0,"engagementSEIrank":175,"engagementScore":0,"voiceSEI":0,"voiceSEIadj":0,"voiceSEIrank":175,"voiceScore":0}}},"week":{"boundaryQuantum":4993818,"combined":{"entityString":"536575feb08f37d80186a0ad","type":"combined","profiles":2,"postsMade":6,"repliesMade":0,"repliesRcvd":0,"sharesMade":0,"sharesRcvd":2,"mentionsRcvd":0,"likesRcvd":1,"reachRcvd":0,"audience":4508,"voice":6,"conversation":6,"engagement":3,"group_scoped":{"audienceScore":0.19614190440388177,"voiceScore":0.3814367450731087,"engagementScore":0.0024670241110489786,"combinedScore":0.031099254173793604,"combinedScoreRank":223,"SEIrank":161,"engagementSEIrank":191,"voiceSEIrank":144,"audienceSEIrank":194,"engagementSEI":0.002932895354293759,"engagementSEIadj":0.002932895354293759,"voiceSEI":1.001669449081803,"voiceSEIadj":1.001669449081803,"audienceSEI":0.30487371884394154,"audienceSEIadj":0.30487371884394154,"SEI":0.3327479438215113,"SEIadj":0.3327479438215113},"non_scoped":{"SEI":0.23350667118562524,"SEIrank":155,"SEIadj":0,"audienceSEI":0.17710866567399905,"audienceSEIadj":0,"audienceSEIrank":176,"audienceScore":0.032635620259220066,"combinedScore":0.005373833618345307,"combinedScoreRank":186,"engagementSEI":0.00037823723796039354,"engagementSEIadj":0,"engagementSEIrank":194,"engagementScore":0.00015863606823677596,"voiceSEI":0.718562874251497,"voiceSEIadj":0,"voiceSEIrank":145,"voiceScore":0.07198560287942411},"scoped":{"SEI":1.0234042173662423,"SEIrank":159,"SEIadj":0,"audienceSEI":2.3121743055270607,"audienceSEIadj":0,"audienceSEIrank":160,"audienceScore":0.093694668860635,"combinedScore":0.013655288716113946,"combinedScoreRank":175,"engagementSEI":0.01026764323362311,"engagementSEIadj":0,"engagementSEIrank":179,"engagementScore":0.0015027500325595841,"voiceSEI":2.6200873362445414,"voiceSEIadj":0,"voiceSEIrank":133,"voiceScore":0.15236160487557138}},"facebook":{"entityString":"536575feb08f37d80186a0ad","type":"facebook","profiles":1,"postsMade":0,"repliesMade":0,"repliesRcvd":0,"sharesMade":0,"sharesRcvd":0,"mentionsRcvd":0,"likesRcvd":0,"reachRcvd":0,"audience":1,"voice":0,"conversation":0,"engagement":0,"group_scoped":{"audienceScore":0.00006457057660879206,"voiceScore":0,"engagementScore":0,"combinedScore":0.00006457057660879206,"combinedScoreRank":191,"SEIrank":191,"engagementSEIrank":215,"voiceSEIrank":212,"audienceSEIrank":191,"engagementSEI":0,"engagementSEIadj":0,"voiceSEI":0,"voiceSEIadj":0,"audienceSEI":0.0000910414320453095,"audienceSEIadj":0.0000910414320453095,"SEI":0.000009104143204530951,"SEIadj":0.000009104143204530951},"non_scoped":{"SEI":0.000005385212314688114,"SEIrank":192,"SEIadj":0,"audienceSEI":0.00005385212314688113,"audienceSEIadj":0,"audienceSEIrank":192,"audienceScore":0.000010270742946515928,"combinedScore":5.135371473257964e-7,"combinedScoreRank":192,"engagementSEI":0,"engagementSEIadj":0,"engagementSEIrank":215,"engagementScore":0,"voiceSEI":0,"voiceSEIadj":0,"voiceSEIrank":212,"voiceScore":0},"scoped":{"SEI":0.00006864266004036188,"SEIrank":174,"SEIadj":0,"audienceSEI":0.0006864266004036188,"audienceSEIadj":0,"audienceSEIrank":174,"audienceScore":0.00004210226724919364,"combinedScore":0.000002105113362459682,"combinedScoreRank":174,"engagementSEI":0,"engagementSEIadj":0,"engagementSEIrank":194,"engagementScore":0,"voiceSEI":0,"voiceSEIadj":0,"voiceSEIrank":191,"voiceScore":0}},"twitter":{"entityString":"536575feb08f37d80186a0ad","type":"twitter","profiles":1,"postsMade":6,"repliesMade":0,"repliesRcvd":0,"sharesMade":0,"sharesRcvd":2,"mentionsRcvd":0,"likesRcvd":1,"reachRcvd":0,"audience":4507,"voice":6,"conversation":6,"engagement":3,"group_scoped":{"audienceScore":0.7064529073193976,"voiceScore":0.5381165919282511,"engagementScore":0.020900097533788492,"combinedScore":0.08103856274279209,"combinedScoreRank":220,"SEIrank":172,"engagementSEIrank":180,"voiceSEIrank":133,"audienceSEIrank":178,"engagementSEI":0.04650441791970237,"engagementSEIadj":0.04650441791970237,"voiceSEI":1.5424164524421593,"voiceSEIadj":1.5424164524421593,"audienceSEI":1.6781034861510853,"audienceSEIadj":1.6781034861510853,"SEI":0.6584379350995777,"SEIadj":0.6584379350995777},"non_scoped":{"SEI":0.4730683379770372,"SEIrank":150,"SEIadj":0,"audienceSEI":0.7960408140917064,"audienceSEIadj":0,"audienceSEIrank":138,"audienceScore":0.12922793548409295,"combinedScore":0.016697948080158197,"combinedScoreRank":177,"engagementSEI":0.022862368541380886,"engagementSEIadj":0,"engagementSEIrank":175,"engagementScore":0.004835434060797524,"voiceSEI":1.2658227848101267,"voiceSEIadj":0,"voiceSEIrank":124,"voiceScore":0.11769321302471558},"scoped":{"SEI":1.4933509792537831,"SEIrank":147,"SEIadj":0,"audienceSEI":3.867076226104266,"audienceSEIadj":0,"audienceSEIrank":123,"audienceScore":0.20470043429011595,"combinedScore":0.028666597740651365,"combinedScoreRank":162,"engagementSEI":0.13986013986013987,"engagementSEIadj":0,"engagementSEIrank":161,"engagementScore":0.00870928409684724,"voiceSEI":3.4090909090909087,"voiceSEIadj":0,"voiceSEIrank":112,"voiceScore":0.211864406779661}},"instagram":{"entityString":"536575feb08f37d80186a0ad","type":"instagram","profiles":0,"postsMade":0,"repliesMade":0,"repliesRcvd":0,"sharesMade":0,"sharesRcvd":0,"mentionsRcvd":0,"likesRcvd":0,"reachRcvd":0,"audience":0,"voice":0,"conversation":0,"engagement":0,"group_scoped":{"audienceScore":0,"voiceScore":0,"engagementScore":0,"combinedScore":0,"combinedScoreRank":214,"SEIrank":195,"engagementSEIrank":195,"voiceSEIrank":195,"audienceSEIrank":195,"engagementSEI":0,"engagementSEIadj":0,"voiceSEI":0,"voiceSEIadj":0,"audienceSEI":0,"audienceSEIadj":0,"SEI":0,"SEIadj":0},"non_scoped":{"SEI":0,"SEIrank":195,"SEIadj":0,"audienceSEI":0,"audienceSEIadj":0,"audienceSEIrank":195,"audienceScore":0,"combinedScore":0,"combinedScoreRank":195,"engagementSEI":0,"engagementSEIadj":0,"engagementSEIrank":195,"engagementScore":0,"voiceSEI":0,"voiceSEIadj":0,"voiceSEIrank":195,"voiceScore":0},"scoped":{"SEI":0,"SEIrank":175,"SEIadj":0,"audienceSEI":0,"audienceSEIadj":0,"audienceSEIrank":175,"audienceScore":0,"combinedScore":0,"combinedScoreRank":175,"engagementSEI":0,"engagementSEIadj":0,"engagementSEIrank":175,"engagementScore":0,"voiceSEI":0,"voiceSEIadj":0,"voiceSEIrank":175,"voiceScore":0}}},"month":{"boundaryQuantum":4987194,"combined":{"entityString":"536575feb08f37d80186a0ad","type":"combined","profiles":2,"postsMade":56,"repliesMade":0,"repliesRcvd":0,"sharesMade":0,"sharesRcvd":10,"mentionsRcvd":0,"likesRcvd":18,"reachRcvd":0,"audience":4508,"voice":56,"conversation":56,"engagement":28,"group_scoped":{"audienceScore":0.19614190440388177,"voiceScore":0.7308796658835813,"engagementScore":0.005204083718838225,"combinedScore":0.05103475386132755,"combinedScoreRank":196,"SEIrank":132,"engagementSEIrank":196,"voiceSEIrank":110,"audienceSEIrank":194,"engagementSEI":0.006049868199299944,"engagementSEIadj":0.006049868199299944,"voiceSEI":1.9357068786726581,"voiceSEIadj":1.9357068786726581,"audienceSEI":0.30487371884394154,"audienceSEIadj":0.30487371884394154,"SEI":0.6148293564057715,"SEIadj":0.6148293564057715},"non_scoped":{"SEI":0.47494215046177135,"SEIrank":118,"SEIadj":0,"audienceSEI":0.17710866567399905,"audienceSEIadj":0,"audienceSEIrank":176,"audienceScore":0.032635620259220066,"combinedScore":0.009267642075649543,"combinedScoreRank":161,"engagementSEI":0.0007688336793084891,"engagementSEIadj":0,"engagementSEIrank":202,"engagementScore":0.00032164350641965977,"voiceSEI":1.5225666122892878,"voiceSEIadj":0,"voiceSEIrank":107,"voiceScore":0.14692763813821694},"scoped":{"SEI":1.9914500620915954,"SEIrank":128,"SEIadj":0,"audienceSEI":2.3121743055270607,"audienceSEIadj":0,"audienceSEIrank":160,"audienceScore":0.093694668860635,"combinedScore":0.023116353320701336,"combinedScoreRank":168,"engagementSEI":0.023118141961904603,"engagementSEIadj":0,"engagementSEIrank":185,"engagementScore":0.0032949161796859004,"voiceSEI":5.8212058212058215,"voiceSEIadj":0,"voiceSEIrank":96,"voiceScore":0.30932390631904555}},"facebook":{"entityString":"536575feb08f37d80186a0ad","type":"facebook","profiles":1,"postsMade":0,"repliesMade":0,"repliesRcvd":0,"sharesMade":0,"sharesRcvd":0,"mentionsRcvd":0,"likesRcvd":0,"reachRcvd":0,"audience":1,"voice":0,"conversation":0,"engagement":0,"group_scoped":{"audienceScore":0.00006457057660879206,"voiceScore":0,"engagementScore":0,"combinedScore":0.00006457057660879206,"combinedScoreRank":191,"SEIrank":191,"engagementSEIrank":219,"voiceSEIrank":217,"audienceSEIrank":191,"engagementSEI":0,"engagementSEIadj":0,"voiceSEI":0,"voiceSEIadj":0,"audienceSEI":0.0000910414320453095,"audienceSEIadj":0.0000910414320453095,"SEI":0.000009104143204530951,"SEIadj":0.000009104143204530951},"non_scoped":{"SEI":0.000005385212314688114,"SEIrank":192,"SEIadj":0,"audienceSEI":0.00005385212314688113,"audienceSEIadj":0,"audienceSEIrank":192,"audienceScore":0.000010270742946515928,"combinedScore":5.135371473257964e-7,"combinedScoreRank":192,"engagementSEI":0,"engagementSEIadj":0,"engagementSEIrank":219,"engagementScore":0,"voiceSEI":0,"voiceSEIadj":0,"voiceSEIrank":217,"voiceScore":0},"scoped":{"SEI":0.00006864266004036188,"SEIrank":174,"SEIadj":0,"audienceSEI":0.0006864266004036188,"audienceSEIadj":0,"audienceSEIrank":174,"audienceScore":0.00004210226724919364,"combinedScore":0.000002105113362459682,"combinedScoreRank":174,"engagementSEI":0,"engagementSEIadj":0,"engagementSEIrank":197,"engagementScore":0,"voiceSEI":0,"voiceSEIadj":0,"voiceSEIrank":196,"voiceScore":0}},"twitter":{"entityString":"536575feb08f37d80186a0ad","type":"twitter","profiles":1,"postsMade":56,"repliesMade":0,"repliesRcvd":0,"sharesMade":0,"sharesRcvd":10,"mentionsRcvd":0,"likesRcvd":18,"reachRcvd":0,"audience":4507,"voice":56,"conversation":56,"engagement":28,"group_scoped":{"audienceScore":0.7064529073193976,"voiceScore":1.0132078885471323,"engagementScore":0.04467205922238709,"combinedScore":0.1261878930934749,"combinedScoreRank":202,"SEIrank":156,"engagementSEIrank":195,"voiceSEIrank":102,"audienceSEIrank":178,"engagementSEI":0.08839499936860715,"engagementSEIadj":0.08839499936860715,"voiceSEI":2.8455284552845526,"voiceSEIadj":2.8455284552845526,"audienceSEI":1.6781034861510853,"audienceSEIadj":1.6781034861510853,"SEI":1.0745058848216387,"SEIadj":1.0745058848216387},"non_scoped":{"SEI":0.9083243243164248,"SEIrank":111,"SEIadj":0,"audienceSEI":0.7960408140917064,"audienceSEIadj":0,"audienceSEIrank":138,"audienceScore":0.12922793548409295,"combinedScore":0.027563930853528637,"combinedScoreRank":171,"engagementSEI":0.044684891718932036,"engagementSEIadj":0,"engagementSEIrank":183,"engagementScore":0.010282436496773885,"voiceSEI":2.6730310262529833,"voiceSEIadj":0,"voiceSEIrank":76,"voiceScore":0.23696682464454977},"scoped":{"SEI":2.986656646834167,"SEIrank":109,"SEIadj":0,"audienceSEI":3.867076226104266,"audienceSEIadj":0,"audienceSEIrank":123,"audienceScore":0.20470043429011595,"combinedScore":0.049331254136627756,"combinedScoreRank":159,"engagementSEI":0.24565713283032112,"engagementSEIadj":0,"engagementSEIrank":168,"engagementScore":0.01970762333101065,"voiceSEI":8.175182481751825,"voiceSEIadj":0,"voiceSEIrank":65,"voiceScore":0.42718742848424746}},"instagram":{"entityString":"536575feb08f37d80186a0ad","type":"instagram","profiles":0,"postsMade":0,"repliesMade":0,"repliesRcvd":0,"sharesMade":0,"sharesRcvd":0,"mentionsRcvd":0,"likesRcvd":0,"reachRcvd":0,"audience":0,"voice":0,"conversation":0,"engagement":0,"group_scoped":{"audienceScore":0,"voiceScore":0,"engagementScore":0,"combinedScore":0,"combinedScoreRank":214,"SEIrank":195,"engagementSEIrank":195,"voiceSEIrank":195,"audienceSEIrank":195,"engagementSEI":0,"engagementSEIadj":0,"voiceSEI":0,"voiceSEIadj":0,"audienceSEI":0,"audienceSEIadj":0,"SEI":0,"SEIadj":0},"non_scoped":{"SEI":0,"SEIrank":195,"SEIadj":0,"audienceSEI":0,"audienceSEIadj":0,"audienceSEIrank":195,"audienceScore":0,"combinedScore":0,"combinedScoreRank":195,"engagementSEI":0,"engagementSEIadj":0,"engagementSEIrank":195,"engagementScore":0,"voiceSEI":0,"voiceSEIadj":0,"voiceSEIrank":195,"voiceScore":0},"scoped":{"SEI":0,"SEIrank":175,"SEIadj":0,"audienceSEI":0,"audienceSEIadj":0,"audienceSEIrank":175,"audienceScore":0,"combinedScore":0,"combinedScoreRank":175,"engagementSEI":0,"engagementSEIadj":0,"engagementSEIrank":175,"engagementScore":0,"voiceSEI":0,"voiceSEIadj":0,"voiceSEIrank":175,"voiceScore":0}}},"quarter":{"boundaryQuantum":4969914,"combined":{"entityString":"536575feb08f37d80186a0ad","type":"combined","profiles":2,"postsMade":136,"repliesMade":0,"repliesRcvd":0,"sharesMade":0,"sharesRcvd":120,"mentionsRcvd":0,"likesRcvd":150,"reachRcvd":0,"audience":4508,"voice":136,"conversation":136,"engagement":270,"group_scoped":{"audienceScore":0.19614190440388177,"voiceScore":0.6362573099415205,"engagementScore":0.01501268571943292,"combinedScore":0.055131377864759745,"combinedScoreRank":186,"SEIrank":148,"engagementSEIrank":182,"voiceSEIrank":124,"audienceSEIrank":194,"engagementSEI":0.0169586378822053,"engagementSEIadj":0.0169586378822053,"voiceSEI":1.5360289134854304,"voiceSEIadj":1.5360289134854304,"audienceSEI":0.30487371884394154,"audienceSEIadj":0.30487371884394154,"SEI":0.5014712286593465,"SEIadj":0.5014712286593465},"non_scoped":{"SEI":0.40026353359084665,"SEIrank":132,"SEIadj":0,"audienceSEI":0.17710866567399905,"audienceSEIadj":0,"audienceSEIrank":176,"audienceScore":0.032635620259220066,"combinedScore":0.008610546847623307,"combinedScoreRank":166,"engagementSEI":0.002370590142612069,"engagementSEIadj":0,"engagementSEIrank":188,"engagementScore":0.0009760167383255745,"voiceSEI":1.2704343764595984,"voiceSEIadj":0,"voiceSEIrank":118,"voiceScore":0.12200701540338571},"scoped":{"SEI":1.7774230278391825,"SEIrank":138,"SEIadj":0,"audienceSEI":2.3121743055270607,"audienceSEIadj":0,"audienceSEIrank":160,"audienceScore":0.093694668860635,"combinedScore":0.026556926591680748,"combinedScoreRank":166,"engagementSEI":0.07055890492579556,"engagementSEIadj":0,"engagementSEIrank":173,"engagementScore":0.009943176587133529,"voiceSEI":5.012900847769997,"voiceSEIadj":0,"voiceSEIrank":107,"voiceScore":0.2584666844045764}},"facebook":{"entityString":"536575feb08f37d80186a0ad","type":"facebook","profiles":1,"postsMade":0,"repliesMade":0,"repliesRcvd":0,"sharesMade":0,"sharesRcvd":0,"mentionsRcvd":0,"likesRcvd":0,"reachRcvd":0,"audience":1,"voice":0,"conversation":0,"engagement":0,"group_scoped":{"audienceScore":0.00006457057660879206,"voiceScore":0,"engagementScore":0,"combinedScore":0.00006457057660879206,"combinedScoreRank":191,"SEIrank":191,"engagementSEIrank":221,"voiceSEIrank":221,"audienceSEIrank":191,"engagementSEI":0,"engagementSEIadj":0,"voiceSEI":0,"voiceSEIadj":0,"audienceSEI":0.0000910414320453095,"audienceSEIadj":0.0000910414320453095,"SEI":0.000009104143204530951,"SEIadj":0.000009104143204530951},"non_scoped":{"SEI":0.000005385212314688114,"SEIrank":192,"SEIadj":0,"audienceSEI":0.00005385212314688113,"audienceSEIadj":0,"audienceSEIrank":192,"audienceScore":0.000010270742946515928,"combinedScore":5.135371473257964e-7,"combinedScoreRank":192,"engagementSEI":0,"engagementSEIadj":0,"engagementSEIrank":221,"engagementScore":0,"voiceSEI":0,"voiceSEIadj":0,"voiceSEIrank":221,"voiceScore":0},"scoped":{"SEI":0.00006864266004036188,"SEIrank":174,"SEIadj":0,"audienceSEI":0.0006864266004036188,"audienceSEIadj":0,"audienceSEIrank":174,"audienceScore":0.00004210226724919364,"combinedScore":0.000002105113362459682,"combinedScoreRank":174,"engagementSEI":0,"engagementSEIadj":0,"engagementSEIrank":198,"engagementScore":0,"voiceSEI":0,"voiceSEIadj":0,"voiceSEIrank":198,"voiceScore":0}},"twitter":{"entityString":"536575feb08f37d80186a0ad","type":"twitter","profiles":1,"postsMade":136,"repliesMade":0,"repliesRcvd":0,"sharesMade":0,"sharesRcvd":120,"mentionsRcvd":0,"likesRcvd":150,"reachRcvd":0,"audience":4507,"voice":136,"conversation":136,"engagement":270,"group_scoped":{"audienceScore":0.7064529073193976,"voiceScore":0.9082409509817017,"engagementScore":0.15449406056167175,"combinedScore":0.21977934742055955,"combinedScoreRank":180,"SEIrank":164,"engagementSEIrank":181,"voiceSEIrank":115,"audienceSEIrank":178,"engagementSEI":0.26844569940047125,"engagementSEIadj":0.26844569940047125,"voiceSEI":2.307039864291773,"voiceSEIadj":2.307039864291773,"audienceSEI":1.6781034861510853,"audienceSEIadj":1.6781034861510853,"SEI":1.0209897275429232,"SEIadj":1.0209897275429232},"non_scoped":{"SEI":0.8479300259994793,"SEIrank":113,"SEIadj":0,"audienceSEI":0.7960408140917064,"audienceSEIadj":0,"audienceSEIrank":138,"audienceScore":0.12922793548409295,"combinedScore":0.04721186635836016,"combinedScoreRank":149,"engagementSEI":0.14607543984937998,"engagementSEIadj":0,"engagementSEIrank":153,"engagementScore":0.03428088231373102,"voiceSEI":2.2689356022689355,"voiceSEIadj":0,"voiceSEIrank":94,"voiceScore":0.19795351003595185},"scoped":{"SEI":3.0814620519949143,"SEIrank":115,"SEIadj":0,"audienceSEI":3.867076226104266,"audienceSEIadj":0,"audienceSEIrank":123,"audienceScore":0.20470043429011595,"combinedScore":0.08961777348918416,"combinedScoreRank":136,"engagementSEI":0.8895624670532419,"engagementSEIadj":0,"engagementSEIrank":140,"engagementScore":0.06808227364535187,"voiceSEI":7.203389830508475,"voiceSEIadj":0,"voiceSEIrank":83,"voiceScore":0.36217410987723364}},"instagram":{"entityString":"536575feb08f37d80186a0ad","type":"instagram","profiles":0,"postsMade":0,"repliesMade":0,"repliesRcvd":0,"sharesMade":0,"sharesRcvd":0,"mentionsRcvd":0,"likesRcvd":0,"reachRcvd":0,"audience":0,"voice":0,"conversation":0,"engagement":0,"group_scoped":{"audienceScore":0,"voiceScore":0,"engagementScore":0,"combinedScore":0,"combinedScoreRank":214,"SEIrank":195,"engagementSEIrank":195,"voiceSEIrank":195,"audienceSEIrank":195,"engagementSEI":0,"engagementSEIadj":0,"voiceSEI":0,"voiceSEIadj":0,"audienceSEI":0,"audienceSEIadj":0,"SEI":0,"SEIadj":0},"non_scoped":{"SEI":0,"SEIrank":195,"SEIadj":0,"audienceSEI":0,"audienceSEIadj":0,"audienceSEIrank":195,"audienceScore":0,"combinedScore":0,"combinedScoreRank":195,"engagementSEI":0,"engagementSEIadj":0,"engagementSEIrank":195,"engagementScore":0,"voiceSEI":0,"voiceSEIadj":0,"voiceSEIrank":195,"voiceScore":0},"scoped":{"SEI":0,"SEIrank":175,"SEIadj":0,"audienceSEI":0,"audienceSEIadj":0,"audienceSEIrank":175,"audienceScore":0,"combinedScore":0,"combinedScoreRank":175,"engagementSEI":0,"engagementSEIadj":0,"engagementSEIrank":175,"engagementScore":0,"voiceSEI":0,"voiceSEIadj":0,"voiceSEIrank":175,"voiceScore":0}}},"blended":{"combined":{"non_scoped":{"SEI":0.40401544403562456,"SEIadj":50.20200772201781,"SEIrank":129,"audienceSEI":0.17710866567399905,"audienceSEIadj":40.1062651994044,"audienceSEIrank":176,"engagementSEI":0.0015157152453231346,"engagementSEIadj":40.00090942914719,"engagementSEIrank":194,"voiceSEI":1.2846504944034358,"voiceSEIadj":50.64232524720172,"voiceSEIrank":115},"scoped":{"SEI":1.4003081473649965,"SEIadj":40.840184888418996,"SEIrank":162,"compCharisma":0,"compInfluence":0,"compEva":1.4003081473649965,"audienceSEI":2.3121743055270607,"audienceSEIadj":41.38730458331624,"audienceSEIrank":160,"engagementSEI":0.04710451158215167,"engagementSEIadj":40.02826270694929,"engagementSEIrank":179,"voiceSEI":5.276768609050345,"voiceSEIadj":52.638384304525175,"voiceSEIrank":102}},"facebook":{"non_scoped":{"SEI":0.000005385212314688114,"SEIadj":40.00000323112739,"SEIrank":192,"audienceSEI":0.00005385212314688114,"audienceSEIadj":40.00003231127389,"audienceSEIrank":192,"engagementSEI":0,"engagementSEIadj":0,"engagementSEIrank":221,"voiceSEI":0,"voiceSEIadj":0,"voiceSEIrank":221},"scoped":{"SEI":0.00006864266004036188,"SEIadj":40.000041185596025,"SEIrank":174,"audienceSEI":0.0006864266004036188,"audienceSEIadj":40.000411855960245,"audienceSEIrank":174,"engagementSEI":0,"engagementSEIadj":0,"engagementSEIrank":198,"voiceSEI":0,"voiceSEIadj":0,"voiceSEIrank":198}},"twitter":{"non_scoped":{"SEI":0.8101519985561676,"SEIadj":50.40507599927808,"SEIrank":126,"audienceSEI":0.7960408140917064,"audienceSEIadj":50.398020407045856,"audienceSEIrank":138,"engagementSEI":0.0914558908112384,"engagementSEIadj":40.054873534486745,"engagementSEIrank":170,"voiceSEI":2.252247942200847,"voiceSEIadj":51.12612397110043,"voiceSEIrank":97},"scoped":{"SEI":2.868651141500006,"SEIadj":51.434325570750005,"SEIrank":121,"audienceSEI":3.867076226104266,"audienceSEIadj":51.93353811305213,"audienceSEIrank":123,"engagementSEI":0.5590488383170126,"engagementSEIadj":40.33542930299021,"engagementSEIrank":156,"voiceSEI":7.1550473863312405,"voiceSEIadj":53.577523693165624,"voiceSEIrank":82}},"instagram":{"non_scoped":{"SEI":0,"SEIadj":0,"SEIrank":195,"audienceSEI":0,"audienceSEIadj":0,"audienceSEIrank":195,"engagementSEI":0,"engagementSEIadj":0,"engagementSEIrank":195,"voiceSEI":0,"voiceSEIadj":0,"voiceSEIrank":195},"scoped":{"SEI":0,"SEIadj":0,"SEIrank":175,"audienceSEI":0,"audienceSEIadj":0,"audienceSEIrank":175,"engagementSEI":0,"engagementSEIadj":0,"engagementSEIrank":175,"voiceSEI":0,"voiceSEIadj":0,"voiceSEIrank":175}},"influence":{"facebook":{"scope":"individual","ratio":0,"calculated":false},"instagram":{"scope":"individual","ratio":0,"calculated":false},"combined":{"ratio":0.34,"bottom":true,"scope":"individual","calculated":true},"twitter":{"ratio":0.32,"bottom":false,"scope":"individual","calculated":true}},"charisma":{"facebook":{"scope":"individual","ratio":0,"calculated":false},"instagram":{"scope":"individual","ratio":0,"calculated":false},"combined":{"ratio":0.04,"bottom":false,"scope":"individual","calculated":true},"twitter":{"ratio":0.2,"bottom":false,"scope":"individual","calculated":true}}},"scope":"individual"}}