{"scoreEntityString":"591d1494ab33fb0001804f89.asset.536575ffb08f37d80186deb7","timeQuantum":4995834,"scoreEntityType":"asset","scoreProfileID":"591d1494ab33fb0001804f89","data":{"scoreEntityString":"591d1494ab33fb0001804f89.asset.536575ffb08f37d80186deb7","scoreProfileID":"591d1494ab33fb0001804f89","scoreEntityType":"asset","entityID":"asset.536575ffb08f37d80186deb7","object_version":"1.2","score_engine_version":"3.0.20","timestamp":4995834,"start_quantum":4969914,"end_quantum":4995833,"schedule_options":{"interval":15,"offset":"1"},"_15min":{"boundaryQuantum":4995831,"combined":{"entityString":"536575ffb08f37d80186deb7","type":"combined","profiles":1,"postsMade":0,"repliesMade":0,"repliesRcvd":0,"sharesMade":0,"sharesRcvd":0,"mentionsRcvd":0,"likesRcvd":0,"reachRcvd":0,"audience":1400,"voice":0,"conversation":0,"engagement":0,"group_scoped":{"audienceScore":0.06091363490803781,"voiceScore":0,"engagementScore":0,"combinedScore":0.06091363490803781,"engagementSEI":0,"engagementSEIadj":0,"voiceSEI":0,"voiceSEIadj":0,"audienceSEI":0.09468127914408124,"audienceSEIadj":0.09468127914408124,"SEI":0.009468127914408125,"SEIadj":0.009468127914408125,"combinedScoreRank":222,"SEIrank":221,"engagementSEIrank":176,"voiceSEIrank":174,"audienceSEIrank":221},"non_scoped":{"SEI":0.005500269120310529,"SEIrank":217,"SEIadj":0,"audienceSEI":0.05500269120310529,"audienceSEIadj":0,"audienceSEIrank":217,"audienceScore":0.010135285794788841,"combinedScore":0.0005067642897394421,"combinedScoreRank":217,"engagementSEI":0,"engagementSEIadj":0,"engagementSEIrank":176,"engagementScore":0,"voiceSEI":0,"voiceSEIadj":0,"voiceSEIrank":174,"voiceScore":0},"scoped":{"SEI":0.1292598029711289,"SEIrank":6,"SEIadj":0,"audienceSEI":1.292598029711289,"audienceSEIadj":0,"audienceSEIrank":6,"audienceScore":1.1225594355129696,"combinedScore":1.1225594355129696,"combinedScoreRank":6,"engagementSEI":0,"engagementSEIadj":0,"engagementSEIrank":3,"engagementScore":0,"voiceSEI":0,"voiceSEIadj":0,"voiceSEIrank":3,"voiceScore":0}},"facebook":{"entityString":"536575ffb08f37d80186deb7","type":"facebook","profiles":0,"postsMade":0,"repliesMade":0,"repliesRcvd":0,"sharesMade":0,"sharesRcvd":0,"mentionsRcvd":0,"likesRcvd":0,"reachRcvd":0,"audience":0,"voice":0,"conversation":0,"engagement":0,"group_scoped":{"audienceScore":0,"voiceScore":0,"engagementScore":0,"combinedScore":0,"engagementSEI":0,"engagementSEIadj":0,"voiceSEI":0,"voiceSEIadj":0,"audienceSEI":0,"audienceSEIadj":0,"SEI":0,"SEIadj":0,"combinedScoreRank":225,"SEIrank":225,"engagementSEIrank":176,"voiceSEIrank":174,"audienceSEIrank":225},"non_scoped":{"SEI":0,"SEIrank":225,"SEIadj":0,"audienceSEI":0,"audienceSEIadj":0,"audienceSEIrank":225,"audienceScore":0,"combinedScore":0,"combinedScoreRank":225,"engagementSEI":0,"engagementSEIadj":0,"engagementSEIrank":176,"engagementScore":0,"voiceSEI":0,"voiceSEIadj":0,"voiceSEIrank":174,"voiceScore":0},"scoped":{"SEI":0,"SEIrank":5,"SEIadj":0,"audienceSEI":0,"audienceSEIadj":0,"audienceSEIrank":5,"audienceScore":0,"combinedScore":0,"combinedScoreRank":5,"engagementSEI":0,"engagementSEIadj":0,"engagementSEIrank":3,"engagementScore":0,"voiceSEI":0,"voiceSEIadj":0,"voiceSEIrank":3,"voiceScore":0}},"twitter":{"entityString":"536575ffb08f37d80186deb7","type":"twitter","profiles":1,"postsMade":0,"repliesMade":0,"repliesRcvd":0,"sharesMade":0,"sharesRcvd":0,"mentionsRcvd":0,"likesRcvd":0,"reachRcvd":0,"audience":1400,"voice":0,"conversation":0,"engagement":0,"group_scoped":{"audienceScore":0.21944399162350933,"voiceScore":0,"engagementScore":0,"combinedScore":0.21944399162350933,"engagementSEI":0,"engagementSEIadj":0,"voiceSEI":0,"voiceSEIadj":0,"audienceSEI":0.5212657822523894,"audienceSEIadj":0.5212657822523894,"SEI":0.052126578225238945,"SEIadj":0.052126578225238945,"combinedScoreRank":216,"SEIrank":221,"engagementSEIrank":174,"voiceSEIrank":174,"audienceSEIrank":221},"non_scoped":{"SEI":0.02472724960568868,"SEIrank":208,"SEIadj":0,"audienceSEI":0.24727249605688678,"audienceSEIadj":0,"audienceSEIrank":208,"audienceScore":0.040141803789156896,"combinedScore":0.002007090189457845,"combinedScoreRank":208,"engagementSEI":0,"engagementSEIadj":0,"engagementSEIrank":174,"engagementScore":0,"voiceSEI":0,"voiceSEIadj":0,"voiceSEIrank":174,"voiceScore":0},"scoped":{"SEI":0.5730659025787966,"SEIrank":5,"SEIadj":0,"audienceSEI":5.730659025787966,"audienceSEIadj":0,"audienceSEIrank":5,"audienceScore":3.6943213004010973,"combinedScore":3.6943213004010973,"combinedScoreRank":5,"engagementSEI":0,"engagementSEIadj":0,"engagementSEIrank":3,"engagementScore":0,"voiceSEI":0,"voiceSEIadj":0,"voiceSEIrank":3,"voiceScore":0}},"instagram":{"entityString":"536575ffb08f37d80186deb7","type":"instagram","profiles":0,"postsMade":0,"repliesMade":0,"repliesRcvd":0,"sharesMade":0,"sharesRcvd":0,"mentionsRcvd":0,"likesRcvd":0,"reachRcvd":0,"audience":0,"voice":0,"conversation":0,"engagement":0,"group_scoped":{"audienceScore":0,"voiceScore":0,"engagementScore":0,"combinedScore":0,"engagementSEI":0,"engagementSEIadj":0,"voiceSEI":0,"voiceSEIadj":0,"audienceSEI":0,"audienceSEIadj":0,"SEI":0,"SEIadj":0,"combinedScoreRank":194,"SEIrank":175,"engagementSEIrank":175,"voiceSEIrank":174,"audienceSEIrank":175},"non_scoped":{"SEI":0,"SEIrank":175,"SEIadj":0,"audienceSEI":0,"audienceSEIadj":0,"audienceSEIrank":175,"audienceScore":0,"combinedScore":0,"combinedScoreRank":175,"engagementSEI":0,"engagementSEIadj":0,"engagementSEIrank":175,"engagementScore":0,"voiceSEI":0,"voiceSEIadj":0,"voiceSEIrank":174,"voiceScore":0},"scoped":{"SEI":0,"SEIrank":3,"SEIadj":0,"audienceSEI":0,"audienceSEIadj":0,"audienceSEIrank":3,"audienceScore":null,"combinedScore":null,"combinedScoreRank":4,"engagementSEI":0,"engagementSEIadj":0,"engagementSEIrank":3,"engagementScore":0,"voiceSEI":0,"voiceSEIadj":0,"voiceSEIrank":3,"voiceScore":0}}},"hour":{"boundaryQuantum":4995822,"combined":{"entityString":"536575ffb08f37d80186deb7","type":"combined","profiles":1,"postsMade":0,"repliesMade":0,"repliesRcvd":0,"sharesMade":0,"sharesRcvd":0,"mentionsRcvd":0,"likesRcvd":0,"reachRcvd":0,"audience":1400,"voice":0,"conversation":0,"engagement":0,"group_scoped":{"audienceScore":0.06091363490803781,"voiceScore":0,"engagementScore":0,"combinedScore":0.06091363490803781,"combinedScoreRank":222,"SEIrank":221,"engagementSEIrank":186,"voiceSEIrank":180,"audienceSEIrank":221,"engagementSEI":0,"engagementSEIadj":0,"voiceSEI":0,"voiceSEIadj":0,"audienceSEI":0.09468127914408124,"audienceSEIadj":0.09468127914408124,"SEI":0.009468127914408125,"SEIadj":0.009468127914408125},"non_scoped":{"SEI":0.005500269120310529,"SEIrank":217,"SEIadj":0,"audienceSEI":0.05500269120310529,"audienceSEIadj":0,"audienceSEIrank":217,"audienceScore":0.010135285794788841,"combinedScore":0.0005067642897394421,"combinedScoreRank":217,"engagementSEI":0,"engagementSEIadj":0,"engagementSEIrank":186,"engagementScore":0,"voiceSEI":0,"voiceSEIadj":0,"voiceSEIrank":180,"voiceScore":0},"scoped":{"SEI":0.1292598029711289,"SEIrank":6,"SEIadj":0,"audienceSEI":1.292598029711289,"audienceSEIadj":0,"audienceSEIrank":6,"audienceScore":1.1225594355129696,"combinedScore":0.16036563364470993,"combinedScoreRank":6,"engagementSEI":0,"engagementSEIadj":0,"engagementSEIrank":4,"engagementScore":0,"voiceSEI":0,"voiceSEIadj":0,"voiceSEIrank":3,"voiceScore":0}},"facebook":{"entityString":"536575ffb08f37d80186deb7","type":"facebook","profiles":0,"postsMade":0,"repliesMade":0,"repliesRcvd":0,"sharesMade":0,"sharesRcvd":0,"mentionsRcvd":0,"likesRcvd":0,"reachRcvd":0,"audience":0,"voice":0,"conversation":0,"engagement":0,"group_scoped":{"audienceScore":0,"voiceScore":0,"engagementScore":0,"combinedScore":0,"combinedScoreRank":225,"SEIrank":225,"engagementSEIrank":183,"voiceSEIrank":178,"audienceSEIrank":225,"engagementSEI":0,"engagementSEIadj":0,"voiceSEI":0,"voiceSEIadj":0,"audienceSEI":0,"audienceSEIadj":0,"SEI":0,"SEIadj":0},"non_scoped":{"SEI":0,"SEIrank":225,"SEIadj":0,"audienceSEI":0,"audienceSEIadj":0,"audienceSEIrank":225,"audienceScore":0,"combinedScore":0,"combinedScoreRank":225,"engagementSEI":0,"engagementSEIadj":0,"engagementSEIrank":183,"engagementScore":0,"voiceSEI":0,"voiceSEIadj":0,"voiceSEIrank":178,"voiceScore":0},"scoped":{"SEI":0,"SEIrank":5,"SEIadj":0,"audienceSEI":0,"audienceSEIadj":0,"audienceSEIrank":5,"audienceScore":0,"combinedScore":0,"combinedScoreRank":5,"engagementSEI":0,"engagementSEIadj":0,"engagementSEIrank":4,"engagementScore":0,"voiceSEI":0,"voiceSEIadj":0,"voiceSEIrank":3,"voiceScore":0}},"twitter":{"entityString":"536575ffb08f37d80186deb7","type":"twitter","profiles":1,"postsMade":0,"repliesMade":0,"repliesRcvd":0,"sharesMade":0,"sharesRcvd":0,"mentionsRcvd":0,"likesRcvd":0,"reachRcvd":0,"audience":1400,"voice":0,"conversation":0,"engagement":0,"group_scoped":{"audienceScore":0.21944399162350933,"voiceScore":0,"engagementScore":0,"combinedScore":0.21944399162350933,"combinedScoreRank":216,"SEIrank":221,"engagementSEIrank":180,"voiceSEIrank":179,"audienceSEIrank":221,"engagementSEI":0,"engagementSEIadj":0,"voiceSEI":0,"voiceSEIadj":0,"audienceSEI":0.5212657822523894,"audienceSEIadj":0.5212657822523894,"SEI":0.052126578225238945,"SEIadj":0.052126578225238945},"non_scoped":{"SEI":0.02472724960568868,"SEIrank":208,"SEIadj":0,"audienceSEI":0.24727249605688678,"audienceSEIadj":0,"audienceSEIrank":208,"audienceScore":0.040141803789156896,"combinedScore":0.002007090189457845,"combinedScoreRank":208,"engagementSEI":0,"engagementSEIadj":0,"engagementSEIrank":180,"engagementScore":0,"voiceSEI":0,"voiceSEIadj":0,"voiceSEIrank":179,"voiceScore":0},"scoped":{"SEI":0.5730659025787966,"SEIrank":5,"SEIadj":0,"audienceSEI":5.730659025787966,"audienceSEIadj":0,"audienceSEIrank":5,"audienceScore":3.6943213004010973,"combinedScore":0.5277601857715853,"combinedScoreRank":5,"engagementSEI":0,"engagementSEIadj":0,"engagementSEIrank":4,"engagementScore":0,"voiceSEI":0,"voiceSEIadj":0,"voiceSEIrank":3,"voiceScore":0}},"instagram":{"entityString":"536575ffb08f37d80186deb7","type":"instagram","profiles":0,"postsMade":0,"repliesMade":0,"repliesRcvd":0,"sharesMade":0,"sharesRcvd":0,"mentionsRcvd":0,"likesRcvd":0,"reachRcvd":0,"audience":0,"voice":0,"conversation":0,"engagement":0,"group_scoped":{"audienceScore":0,"voiceScore":0,"engagementScore":0,"combinedScore":0,"combinedScoreRank":194,"SEIrank":175,"engagementSEIrank":175,"voiceSEIrank":174,"audienceSEIrank":175,"engagementSEI":0,"engagementSEIadj":0,"voiceSEI":0,"voiceSEIadj":0,"audienceSEI":0,"audienceSEIadj":0,"SEI":0,"SEIadj":0},"non_scoped":{"SEI":0,"SEIrank":175,"SEIadj":0,"audienceSEI":0,"audienceSEIadj":0,"audienceSEIrank":175,"audienceScore":0,"combinedScore":0,"combinedScoreRank":175,"engagementSEI":0,"engagementSEIadj":0,"engagementSEIrank":175,"engagementScore":0,"voiceSEI":0,"voiceSEIadj":0,"voiceSEIrank":174,"voiceScore":0},"scoped":{"SEI":0,"SEIrank":3,"SEIadj":0,"audienceSEI":0,"audienceSEIadj":0,"audienceSEIrank":3,"audienceScore":null,"combinedScore":null,"combinedScoreRank":4,"engagementSEI":0,"engagementSEIadj":0,"engagementSEIrank":3,"engagementScore":0,"voiceSEI":0,"voiceSEIadj":0,"voiceSEIrank":3,"voiceScore":0}}},"today":{"boundaryQuantum":4995546,"combined":{"entityString":"536575ffb08f37d80186deb7","type":"combined","profiles":1,"postsMade":0,"repliesMade":0,"repliesRcvd":0,"sharesMade":0,"sharesRcvd":0,"mentionsRcvd":0,"likesRcvd":0,"reachRcvd":0,"audience":1400,"voice":0,"conversation":0,"engagement":0,"group_scoped":{"audienceScore":0.06091363490803781,"voiceScore":0,"engagementScore":0,"combinedScore":0.06091363490803781,"combinedScoreRank":212,"SEIrank":222,"engagementSEIrank":214,"voiceSEIrank":205,"audienceSEIrank":221,"engagementSEI":0,"engagementSEIadj":0,"voiceSEI":0,"voiceSEIadj":0,"audienceSEI":0.09468127914408124,"audienceSEIadj":0.09468127914408124,"SEI":0.009468127914408125,"SEIadj":0.009468127914408125},"non_scoped":{"SEI":0.005500269120310529,"SEIrank":220,"SEIadj":0,"audienceSEI":0.05500269120310529,"audienceSEIadj":0,"audienceSEIrank":217,"audienceScore":0.010135285794788841,"combinedScore":0.0005067642897394421,"combinedScoreRank":220,"engagementSEI":0,"engagementSEIadj":0,"engagementSEIrank":214,"engagementScore":0,"voiceSEI":0,"voiceSEIadj":0,"voiceSEIrank":205,"voiceScore":0},"scoped":{"SEI":0.1292598029711289,"SEIrank":6,"SEIadj":0,"audienceSEI":1.292598029711289,"audienceSEIadj":0,"audienceSEIrank":6,"audienceScore":1.1225594355129696,"combinedScore":0.05612797177564848,"combinedScoreRank":6,"engagementSEI":0,"engagementSEIadj":0,"engagementSEIrank":4,"engagementScore":0,"voiceSEI":0,"voiceSEIadj":0,"voiceSEIrank":4,"voiceScore":0}},"facebook":{"entityString":"536575ffb08f37d80186deb7","type":"facebook","profiles":0,"postsMade":0,"repliesMade":0,"repliesRcvd":0,"sharesMade":0,"sharesRcvd":0,"mentionsRcvd":0,"likesRcvd":0,"reachRcvd":0,"audience":0,"voice":0,"conversation":0,"engagement":0,"group_scoped":{"audienceScore":0,"voiceScore":0,"engagementScore":0,"combinedScore":0,"combinedScoreRank":225,"SEIrank":225,"engagementSEIrank":194,"voiceSEIrank":189,"audienceSEIrank":225,"engagementSEI":0,"engagementSEIadj":0,"voiceSEI":0,"voiceSEIadj":0,"audienceSEI":0,"audienceSEIadj":0,"SEI":0,"SEIadj":0},"non_scoped":{"SEI":0,"SEIrank":225,"SEIadj":0,"audienceSEI":0,"audienceSEIadj":0,"audienceSEIrank":225,"audienceScore":0,"combinedScore":0,"combinedScoreRank":225,"engagementSEI":0,"engagementSEIadj":0,"engagementSEIrank":194,"engagementScore":0,"voiceSEI":0,"voiceSEIadj":0,"voiceSEIrank":189,"voiceScore":0},"scoped":{"SEI":0,"SEIrank":5,"SEIadj":0,"audienceSEI":0,"audienceSEIadj":0,"audienceSEIrank":5,"audienceScore":0,"combinedScore":0,"combinedScoreRank":5,"engagementSEI":0,"engagementSEIadj":0,"engagementSEIrank":4,"engagementScore":0,"voiceSEI":0,"voiceSEIadj":0,"voiceSEIrank":4,"voiceScore":0}},"twitter":{"entityString":"536575ffb08f37d80186deb7","type":"twitter","profiles":1,"postsMade":0,"repliesMade":0,"repliesRcvd":0,"sharesMade":0,"sharesRcvd":0,"mentionsRcvd":0,"likesRcvd":0,"reachRcvd":0,"audience":1400,"voice":0,"conversation":0,"engagement":0,"group_scoped":{"audienceScore":0.21944399162350933,"voiceScore":0,"engagementScore":0,"combinedScore":0.21944399162350933,"combinedScoreRank":208,"SEIrank":221,"engagementSEIrank":208,"voiceSEIrank":200,"audienceSEIrank":221,"engagementSEI":0,"engagementSEIadj":0,"voiceSEI":0,"voiceSEIadj":0,"audienceSEI":0.5212657822523894,"audienceSEIadj":0.5212657822523894,"SEI":0.052126578225238945,"SEIadj":0.052126578225238945},"non_scoped":{"SEI":0.02472724960568868,"SEIrank":212,"SEIadj":0,"audienceSEI":0.24727249605688678,"audienceSEIadj":0,"audienceSEIrank":208,"audienceScore":0.040141803789156896,"combinedScore":0.002007090189457845,"combinedScoreRank":212,"engagementSEI":0,"engagementSEIadj":0,"engagementSEIrank":208,"engagementScore":0,"voiceSEI":0,"voiceSEIadj":0,"voiceSEIrank":200,"voiceScore":0},"scoped":{"SEI":0.5730659025787966,"SEIrank":5,"SEIadj":0,"audienceSEI":5.730659025787966,"audienceSEIadj":0,"audienceSEIrank":5,"audienceScore":3.6943213004010973,"combinedScore":0.1847160650200549,"combinedScoreRank":5,"engagementSEI":0,"engagementSEIadj":0,"engagementSEIrank":4,"engagementScore":0,"voiceSEI":0,"voiceSEIadj":0,"voiceSEIrank":4,"voiceScore":0}},"instagram":{"entityString":"536575ffb08f37d80186deb7","type":"instagram","profiles":0,"postsMade":0,"repliesMade":0,"repliesRcvd":0,"sharesMade":0,"sharesRcvd":0,"mentionsRcvd":0,"likesRcvd":0,"reachRcvd":0,"audience":0,"voice":0,"conversation":0,"engagement":0,"group_scoped":{"audienceScore":0,"voiceScore":0,"engagementScore":0,"combinedScore":0,"combinedScoreRank":194,"SEIrank":175,"engagementSEIrank":175,"voiceSEIrank":175,"audienceSEIrank":175,"engagementSEI":0,"engagementSEIadj":0,"voiceSEI":0,"voiceSEIadj":0,"audienceSEI":0,"audienceSEIadj":0,"SEI":0,"SEIadj":0},"non_scoped":{"SEI":0,"SEIrank":175,"SEIadj":0,"audienceSEI":0,"audienceSEIadj":0,"audienceSEIrank":175,"audienceScore":0,"combinedScore":0,"combinedScoreRank":175,"engagementSEI":0,"engagementSEIadj":0,"engagementSEIrank":175,"engagementScore":0,"voiceSEI":0,"voiceSEIadj":0,"voiceSEIrank":175,"voiceScore":0},"scoped":{"SEI":0,"SEIrank":3,"SEIadj":0,"audienceSEI":0,"audienceSEIadj":0,"audienceSEIrank":3,"audienceScore":null,"combinedScore":null,"combinedScoreRank":4,"engagementSEI":0,"engagementSEIadj":0,"engagementSEIrank":3,"engagementScore":0,"voiceSEI":0,"voiceSEIadj":0,"voiceSEIrank":3,"voiceScore":0}}},"week":{"boundaryQuantum":4993818,"combined":{"entityString":"536575ffb08f37d80186deb7","type":"combined","profiles":1,"postsMade":4,"repliesMade":0,"repliesRcvd":0,"sharesMade":0,"sharesRcvd":18,"mentionsRcvd":0,"likesRcvd":56,"reachRcvd":0,"audience":1400,"voice":4,"conversation":4,"engagement":74,"group_scoped":{"audienceScore":0.06091363490803781,"voiceScore":0.25429116338207247,"engagementScore":0.060853261405874805,"combinedScore":0.07052817517979285,"combinedScoreRank":186,"SEIrank":175,"engagementSEIrank":129,"voiceSEIrank":159,"audienceSEIrank":221,"engagementSEI":0.07234475207257939,"engagementSEIadj":0.07234475207257939,"voiceSEI":0.667779632721202,"voiceSEIadj":0.667779632721202,"audienceSEI":0.09468127914408124,"audienceSEIadj":0.09468127914408124,"SEI":0.2532088689743164,"SEIadj":0.2532088689743164},"non_scoped":{"SEI":0.15481075509242376,"SEIrank":171,"SEIadj":0,"audienceSEI":0.05500269120310529,"audienceSEIadj":0,"audienceSEIrank":217,"audienceScore":0.010135285794788841,"combinedScore":0.0064280051005766725,"combinedScoreRank":176,"engagementSEI":0.009329851869689706,"engagementSEIadj":0,"engagementSEIrank":144,"engagementScore":0.00391302301650714,"voiceSEI":0.47904191616766467,"voiceSEIadj":0,"voiceSEIrank":161,"voiceScore":0.04799040191961608},"scoped":{"SEI":2.7670376485988766,"SEIrank":3,"SEIadj":0,"audienceSEI":1.292598029711289,"audienceSEIadj":0,"audienceSEIrank":6,"audienceScore":1.1225594355129696,"combinedScore":2.91181485496121,"combinedScoreRank":3,"engagementSEI":3.6150464093795796,"engagementSEIadj":0,"engagementSEIrank":3,"engagementScore":3.100125680770842,"voiceSEI":1.5625,"voiceSEIadj":0,"voiceSEIrank":3,"voiceScore":1.3114754098360655}},"facebook":{"entityString":"536575ffb08f37d80186deb7","type":"facebook","profiles":0,"postsMade":0,"repliesMade":0,"repliesRcvd":0,"sharesMade":0,"sharesRcvd":0,"mentionsRcvd":0,"likesRcvd":0,"reachRcvd":0,"audience":0,"voice":0,"conversation":0,"engagement":0,"group_scoped":{"audienceScore":0,"voiceScore":0,"engagementScore":0,"combinedScore":0,"combinedScoreRank":225,"SEIrank":225,"engagementSEIrank":205,"voiceSEIrank":200,"audienceSEIrank":225,"engagementSEI":0,"engagementSEIadj":0,"voiceSEI":0,"voiceSEIadj":0,"audienceSEI":0,"audienceSEIadj":0,"SEI":0,"SEIadj":0},"non_scoped":{"SEI":0,"SEIrank":225,"SEIadj":0,"audienceSEI":0,"audienceSEIadj":0,"audienceSEIrank":225,"audienceScore":0,"combinedScore":0,"combinedScoreRank":225,"engagementSEI":0,"engagementSEIadj":0,"engagementSEIrank":205,"engagementScore":0,"voiceSEI":0,"voiceSEIadj":0,"voiceSEIrank":200,"voiceScore":0},"scoped":{"SEI":0,"SEIrank":5,"SEIadj":0,"audienceSEI":0,"audienceSEIadj":0,"audienceSEIrank":5,"audienceScore":0,"combinedScore":0,"combinedScoreRank":5,"engagementSEI":0,"engagementSEIadj":0,"engagementSEIrank":4,"engagementScore":0,"voiceSEI":0,"voiceSEIadj":0,"voiceSEIrank":4,"voiceScore":0}},"twitter":{"entityString":"536575ffb08f37d80186deb7","type":"twitter","profiles":1,"postsMade":4,"repliesMade":0,"repliesRcvd":0,"sharesMade":0,"sharesRcvd":18,"mentionsRcvd":0,"likesRcvd":56,"reachRcvd":0,"audience":1400,"voice":4,"conversation":4,"engagement":74,"group_scoped":{"audienceScore":0.21944399162350933,"voiceScore":0.35874439461883406,"engagementScore":0.5155357391667827,"combinedScore":0.49289158456222165,"combinedScoreRank":157,"SEIrank":151,"engagementSEIrank":132,"voiceSEIrank":152,"audienceSEIrank":221,"engagementSEI":1.1471089753526584,"engagementSEIadj":1.1471089753526584,"voiceSEI":1.0282776349614395,"voiceSEIadj":1.0282776349614395,"audienceSEI":0.5212657822523894,"audienceSEIadj":0.5212657822523894,"SEI":1.048875253925266,"SEIadj":1.048875253925266},"non_scoped":{"SEI":0.616254860980151,"SEIrank":130,"SEIadj":0,"audienceSEI":0.24727249605688678,"audienceSEIadj":0,"audienceSEIrank":208,"audienceScore":0.040141803789156896,"combinedScore":0.11327683343998673,"combinedScoreRank":104,"engagementSEI":0.5639384240207286,"engagementSEIadj":0,"engagementSEIrank":98,"engagementScore":0.11927404016633893,"voiceSEI":0.8438818565400843,"voiceSEIadj":0,"voiceSEIrank":141,"voiceScore":0.07846214201647705},"scoped":{"SEI":9.089331011688879,"SEIrank":3,"SEIadj":0,"audienceSEI":5.730659025787966,"audienceSEIadj":0,"audienceSEIrank":5,"audienceScore":3.6943213004010973,"combinedScore":7.483467798723244,"combinedScoreRank":3,"engagementSEI":12.60647359454855,"engagementSEIadj":0,"engagementSEIrank":3,"engagementScore":7.982740021574973,"voiceSEI":3.1746031746031744,"voiceSEIadj":0,"voiceSEIrank":3,"voiceScore":2.2857142857142856}},"instagram":{"entityString":"536575ffb08f37d80186deb7","type":"instagram","profiles":0,"postsMade":0,"repliesMade":0,"repliesRcvd":0,"sharesMade":0,"sharesRcvd":0,"mentionsRcvd":0,"likesRcvd":0,"reachRcvd":0,"audience":0,"voice":0,"conversation":0,"engagement":0,"group_scoped":{"audienceScore":0,"voiceScore":0,"engagementScore":0,"combinedScore":0,"combinedScoreRank":194,"SEIrank":175,"engagementSEIrank":175,"voiceSEIrank":175,"audienceSEIrank":175,"engagementSEI":0,"engagementSEIadj":0,"voiceSEI":0,"voiceSEIadj":0,"audienceSEI":0,"audienceSEIadj":0,"SEI":0,"SEIadj":0},"non_scoped":{"SEI":0,"SEIrank":175,"SEIadj":0,"audienceSEI":0,"audienceSEIadj":0,"audienceSEIrank":175,"audienceScore":0,"combinedScore":0,"combinedScoreRank":175,"engagementSEI":0,"engagementSEIadj":0,"engagementSEIrank":175,"engagementScore":0,"voiceSEI":0,"voiceSEIadj":0,"voiceSEIrank":175,"voiceScore":0},"scoped":{"SEI":0,"SEIrank":3,"SEIadj":0,"audienceSEI":0,"audienceSEIadj":0,"audienceSEIrank":3,"audienceScore":null,"combinedScore":null,"combinedScoreRank":4,"engagementSEI":0,"engagementSEIadj":0,"engagementSEIrank":3,"engagementScore":0,"voiceSEI":0,"voiceSEIadj":0,"voiceSEIrank":3,"voiceScore":0}}},"month":{"boundaryQuantum":4987194,"combined":{"entityString":"536575ffb08f37d80186deb7","type":"combined","profiles":1,"postsMade":4,"repliesMade":0,"repliesRcvd":0,"sharesMade":0,"sharesRcvd":18,"mentionsRcvd":0,"likesRcvd":56,"reachRcvd":0,"audience":1400,"voice":4,"conversation":4,"engagement":74,"group_scoped":{"audienceScore":0.06091363490803781,"voiceScore":0.05220569042025581,"engagementScore":0.013753649828358167,"combinedScore":0.01803425111193703,"combinedScoreRank":223,"SEIrank":214,"engagementSEIrank":183,"voiceSEIrank":199,"audienceSEIrank":221,"engagementSEI":0.01598893738386414,"engagementSEIadj":0.01598893738386414,"voiceSEI":0.13826477704804702,"voiceSEIadj":0.13826477704804702,"audienceSEI":0.09468127914408124,"audienceSEIadj":0.09468127914408124,"SEI":0.060540923459140715,"SEIadj":0.060540923459140715},"non_scoped":{"SEI":0.03934584707512729,"SEIrank":207,"SEIadj":0,"audienceSEI":0.05500269120310529,"audienceSEIadj":0,"audienceSEIrank":217,"audienceScore":0.010135285794788841,"combinedScore":0.001796557909074122,"combinedScoreRank":209,"engagementSEI":0.002031917581029578,"engagementSEIadj":0,"engagementSEIrank":189,"engagementScore":0.000850057838394815,"voiceSEI":0.1087547580206634,"voiceSEIadj":0,"voiceSEIrank":199,"voiceScore":0.010494831295586924},"scoped":{"SEI":0.5693837032419533,"SEIrank":3,"SEIadj":0,"audienceSEI":1.292598029711289,"audienceSEIadj":0,"audienceSEIrank":6,"audienceScore":1.1225594355129696,"combinedScore":0.5425039892856773,"combinedScoreRank":3,"engagementSEI":0.5755619506883409,"engagementSEIadj":0,"engagementSEIrank":3,"engagementScore":0.5254935378497373,"voiceSEI":0.315955766192733,"voiceSEIadj":0,"voiceSEIrank":3,"voiceScore":0.2686366689053056}},"facebook":{"entityString":"536575ffb08f37d80186deb7","type":"facebook","profiles":0,"postsMade":0,"repliesMade":0,"repliesRcvd":0,"sharesMade":0,"sharesRcvd":0,"mentionsRcvd":0,"likesRcvd":0,"reachRcvd":0,"audience":0,"voice":0,"conversation":0,"engagement":0,"group_scoped":{"audienceScore":0,"voiceScore":0,"engagementScore":0,"combinedScore":0,"combinedScoreRank":225,"SEIrank":225,"engagementSEIrank":210,"voiceSEIrank":207,"audienceSEIrank":225,"engagementSEI":0,"engagementSEIadj":0,"voiceSEI":0,"voiceSEIadj":0,"audienceSEI":0,"audienceSEIadj":0,"SEI":0,"SEIadj":0},"non_scoped":{"SEI":0,"SEIrank":225,"SEIadj":0,"audienceSEI":0,"audienceSEIadj":0,"audienceSEIrank":225,"audienceScore":0,"combinedScore":0,"combinedScoreRank":225,"engagementSEI":0,"engagementSEIadj":0,"engagementSEIrank":210,"engagementScore":0,"voiceSEI":0,"voiceSEIadj":0,"voiceSEIrank":207,"voiceScore":0},"scoped":{"SEI":0,"SEIrank":5,"SEIadj":0,"audienceSEI":0,"audienceSEIadj":0,"audienceSEIrank":5,"audienceScore":0,"combinedScore":0,"combinedScoreRank":5,"engagementSEI":0,"engagementSEIadj":0,"engagementSEIrank":4,"engagementScore":0,"voiceSEI":0,"voiceSEIadj":0,"voiceSEIrank":4,"voiceScore":0}},"twitter":{"entityString":"536575ffb08f37d80186deb7","type":"twitter","profiles":1,"postsMade":4,"repliesMade":0,"repliesRcvd":0,"sharesMade":0,"sharesRcvd":18,"mentionsRcvd":0,"likesRcvd":56,"reachRcvd":0,"audience":1400,"voice":4,"conversation":4,"engagement":74,"group_scoped":{"audienceScore":0.21944399162350933,"voiceScore":0.07237199203908087,"engagementScore":0.11806187080202302,"combinedScore":0.12084648290495023,"combinedScoreRank":204,"SEIrank":208,"engagementSEIrank":178,"voiceSEIrank":193,"audienceSEIrank":221,"engagementSEI":0.23361535547417606,"engagementSEIadj":0.23361535547417606,"voiceSEI":0.20325203252032523,"voiceSEIadj":0.20325203252032523,"audienceSEI":0.5212657822523894,"audienceSEIadj":0.5212657822523894,"SEI":0.25327140126584213,"SEIadj":0.25327140126584213},"non_scoped":{"SEI":0.1528639570368448,"SEIrank":193,"SEIadj":0,"audienceSEI":0.24727249605688678,"audienceSEIadj":0,"audienceSEIrank":208,"audienceScore":0.040141803789156896,"combinedScore":0.02731090994480055,"combinedScoreRank":173,"engagementSEI":0.11809578525717751,"engagementSEIadj":0,"engagementSEIrank":162,"engagementScore":0.02717501074147384,"voiceSEI":0.1909307875894988,"voiceSEIadj":0,"voiceSEIrank":191,"voiceScore":0.016926201760324982},"scoped":{"SEI":2.377965098432297,"SEIrank":3,"SEIadj":0,"audienceSEI":5.730659025787966,"audienceSEIadj":0,"audienceSEIrank":5,"audienceScore":3.6943213004010973,"combinedScore":1.879212347613574,"combinedScoreRank":3,"engagementSEI":2.6792179580014484,"engagementSEIadj":0,"engagementSEIrank":3,"engagementScore":1.8560321043391022,"voiceSEI":0.6578947368421052,"voiceSEIadj":0,"voiceSEIrank":3,"voiceScore":0.48134777376654636}},"instagram":{"entityString":"536575ffb08f37d80186deb7","type":"instagram","profiles":0,"postsMade":0,"repliesMade":0,"repliesRcvd":0,"sharesMade":0,"sharesRcvd":0,"mentionsRcvd":0,"likesRcvd":0,"reachRcvd":0,"audience":0,"voice":0,"conversation":0,"engagement":0,"group_scoped":{"audienceScore":0,"voiceScore":0,"engagementScore":0,"combinedScore":0,"combinedScoreRank":194,"SEIrank":175,"engagementSEIrank":175,"voiceSEIrank":175,"audienceSEIrank":175,"engagementSEI":0,"engagementSEIadj":0,"voiceSEI":0,"voiceSEIadj":0,"audienceSEI":0,"audienceSEIadj":0,"SEI":0,"SEIadj":0},"non_scoped":{"SEI":0,"SEIrank":175,"SEIadj":0,"audienceSEI":0,"audienceSEIadj":0,"audienceSEIrank":175,"audienceScore":0,"combinedScore":0,"combinedScoreRank":175,"engagementSEI":0,"engagementSEIadj":0,"engagementSEIrank":175,"engagementScore":0,"voiceSEI":0,"voiceSEIadj":0,"voiceSEIrank":175,"voiceScore":0},"scoped":{"SEI":0,"SEIrank":3,"SEIadj":0,"audienceSEI":0,"audienceSEIadj":0,"audienceSEIrank":3,"audienceScore":null,"combinedScore":null,"combinedScoreRank":4,"engagementSEI":0,"engagementSEIadj":0,"engagementSEIrank":3,"engagementScore":0,"voiceSEI":0,"voiceSEIadj":0,"voiceSEIrank":3,"voiceScore":0}}},"quarter":{"boundaryQuantum":4969914,"combined":{"entityString":"536575ffb08f37d80186deb7","type":"combined","profiles":1,"postsMade":5,"repliesMade":0,"repliesRcvd":0,"sharesMade":0,"sharesRcvd":19,"mentionsRcvd":0,"likesRcvd":64,"reachRcvd":0,"audience":1400,"voice":5,"conversation":5,"engagement":83,"group_scoped":{"audienceScore":0.06091363490803781,"voiceScore":0.023391812865497078,"engagementScore":0.004615010795233083,"combinedScore":0.008368782104386518,"combinedScoreRank":226,"SEIrank":219,"engagementSEIrank":202,"voiceSEIrank":211,"audienceSEIrank":221,"engagementSEI":0.005213210904529778,"engagementSEIadj":0.005213210904529778,"voiceSEI":0.056471651231082,"voiceSEIadj":0.056471651231082,"audienceSEI":0.09468127914408124,"audienceSEIadj":0.09468127914408124,"SEI":0.029537549826450592,"SEIadj":0.029537549826450592},"non_scoped":{"SEI":0.019949655160180366,"SEIrank":215,"SEIadj":0,"audienceSEI":0.05500269120310529,"audienceSEIadj":0,"audienceSEIrank":217,"audienceScore":0.010135285794788841,"combinedScore":0.00100107318918731,"combinedScoreRank":219,"engagementSEI":0.0007287369697659323,"engagementSEIadj":0,"engagementSEIrank":201,"engagementScore":0.00030003477511489883,"voiceSEI":0.046707146193367584,"voiceSEIadj":0,"voiceSEIrank":210,"voiceScore":0.0044855520368891795},"scoped":{"SEI":0.33025450979015525,"SEIrank":4,"SEIadj":0,"audienceSEI":1.292598029711289,"audienceSEIadj":0,"audienceSEIrank":6,"audienceScore":1.1225594355129696,"combinedScore":0.27634680104837755,"combinedScoreRank":4,"engagementSEI":0.26515877579707364,"engagementSEIadj":0,"engagementSEIrank":3,"engagementScore":0.2381362253973719,"voiceSEI":0.13966480446927373,"voiceSEIadj":0,"voiceSEIrank":4,"voiceScore":0.1179245283018868}},"facebook":{"entityString":"536575ffb08f37d80186deb7","type":"facebook","profiles":0,"postsMade":0,"repliesMade":0,"repliesRcvd":0,"sharesMade":0,"sharesRcvd":0,"mentionsRcvd":0,"likesRcvd":0,"reachRcvd":0,"audience":0,"voice":0,"conversation":0,"engagement":0,"group_scoped":{"audienceScore":0,"voiceScore":0,"engagementScore":0,"combinedScore":0,"combinedScoreRank":225,"SEIrank":225,"engagementSEIrank":213,"voiceSEIrank":213,"audienceSEIrank":225,"engagementSEI":0,"engagementSEIadj":0,"voiceSEI":0,"voiceSEIadj":0,"audienceSEI":0,"audienceSEIadj":0,"SEI":0,"SEIadj":0},"non_scoped":{"SEI":0,"SEIrank":225,"SEIadj":0,"audienceSEI":0,"audienceSEIadj":0,"audienceSEIrank":225,"audienceScore":0,"combinedScore":0,"combinedScoreRank":225,"engagementSEI":0,"engagementSEIadj":0,"engagementSEIrank":213,"engagementScore":0,"voiceSEI":0,"voiceSEIadj":0,"voiceSEIrank":213,"voiceScore":0},"scoped":{"SEI":0,"SEIrank":5,"SEIadj":0,"audienceSEI":0,"audienceSEIadj":0,"audienceSEIrank":5,"audienceScore":0,"combinedScore":0,"combinedScoreRank":5,"engagementSEI":0,"engagementSEIadj":0,"engagementSEIrank":4,"engagementScore":0,"voiceSEI":0,"voiceSEIadj":0,"voiceSEIrank":4,"voiceScore":0}},"twitter":{"entityString":"536575ffb08f37d80186deb7","type":"twitter","profiles":1,"postsMade":5,"repliesMade":0,"repliesRcvd":0,"sharesMade":0,"sharesRcvd":19,"mentionsRcvd":0,"likesRcvd":64,"reachRcvd":0,"audience":1400,"voice":5,"conversation":5,"engagement":83,"group_scoped":{"audienceScore":0.21944399162350933,"voiceScore":0.03339121143315079,"engagementScore":0.0474926186171065,"combinedScore":0.05538511690822885,"combinedScoreRank":216,"SEIrank":216,"engagementSEIrank":200,"voiceSEIrank":205,"audienceSEIrank":221,"engagementSEI":0.0825221964823671,"engagementSEIadj":0.0825221964823671,"voiceSEI":0.08481764206955046,"voiceSEIadj":0.08481764206955046,"audienceSEI":0.5212657822523894,"audienceSEIadj":0.5212657822523894,"SEI":0.12708518873552435,"SEIadj":0.12708518873552435},"non_scoped":{"SEI":0.07669507798071046,"SEIrank":209,"SEIadj":0,"audienceSEI":0.24727249605688678,"audienceSEIadj":0,"audienceSEIrank":208,"audienceScore":0.040141803789156896,"combinedScore":0.01185535275833265,"combinedScoreRank":195,"engagementSEI":0.044904672249994594,"engagementSEIadj":0,"engagementSEIrank":183,"engagementScore":0.010538197155702497,"voiceSEI":0.08341675008341674,"voiceSEIadj":0,"voiceSEIrank":200,"voiceScore":0.007277702574851171},"scoped":{"SEI":1.399039537931508,"SEIrank":4,"SEIadj":0,"audienceSEI":5.730659025787966,"audienceSEIadj":0,"audienceSEIrank":5,"audienceScore":3.6943213004010973,"combinedScore":0.9186426855402625,"combinedScoreRank":4,"engagementSEI":1.2243693760141614,"engagementSEIadj":0,"engagementSEIrank":3,"engagementScore":0.8034072209853838,"voiceSEI":0.3045066991473812,"voiceSEIadj":0,"voiceSEIrank":4,"voiceScore":0.2172024326672459}},"instagram":{"entityString":"536575ffb08f37d80186deb7","type":"instagram","profiles":0,"postsMade":0,"repliesMade":0,"repliesRcvd":0,"sharesMade":0,"sharesRcvd":0,"mentionsRcvd":0,"likesRcvd":0,"reachRcvd":0,"audience":0,"voice":0,"conversation":0,"engagement":0,"group_scoped":{"audienceScore":0,"voiceScore":0,"engagementScore":0,"combinedScore":0,"combinedScoreRank":194,"SEIrank":175,"engagementSEIrank":175,"voiceSEIrank":175,"audienceSEIrank":175,"engagementSEI":0,"engagementSEIadj":0,"voiceSEI":0,"voiceSEIadj":0,"audienceSEI":0,"audienceSEIadj":0,"SEI":0,"SEIadj":0},"non_scoped":{"SEI":0,"SEIrank":175,"SEIadj":0,"audienceSEI":0,"audienceSEIadj":0,"audienceSEIrank":175,"audienceScore":0,"combinedScore":0,"combinedScoreRank":175,"engagementSEI":0,"engagementSEIadj":0,"engagementSEIrank":175,"engagementScore":0,"voiceSEI":0,"voiceSEIadj":0,"voiceSEIrank":175,"voiceScore":0},"scoped":{"SEI":0,"SEIrank":3,"SEIadj":0,"audienceSEI":0,"audienceSEIadj":0,"audienceSEIrank":3,"audienceScore":null,"combinedScore":null,"combinedScoreRank":4,"engagementSEI":0,"engagementSEIadj":0,"engagementSEIrank":3,"engagementScore":0,"voiceSEI":0,"voiceSEIadj":0,"voiceSEIrank":3,"voiceScore":0}}},"blended":{"combined":{"non_scoped":{"SEI":0.06259494462510193,"SEIadj":40.037556966775064,"SEIrank":203,"audienceSEI":0.05500269120310528,"audienceSEIadj":20.044002152962484,"audienceSEIrank":217,"engagementSEI":0.0034681116829443147,"engagementSEIadj":40.00208086700977,"engagementSEIrank":180,"voiceSEI":0.1833793616500827,"voiceSEIadj":40.11002761699005,"voiceSEIrank":194},"scoped":{"SEI":15.82620291228329,"SEIadj":57.913101456141646,"SEIrank":3,"compCharisma":9,"compInfluence":6,"compEva":0.8262029122832883,"audienceSEI":1.292598029711289,"audienceSEIadj":21.03407842376903,"audienceSEIrank":6,"engagementSEI":1.3034276033156618,"engagementSEIadj":50.651713801657834,"engagementSEIrank":3,"voiceSEI":0.5859757671635468,"voiceSEIadj":50.29298788358177,"voiceSEIrank":3}},"facebook":{"non_scoped":{"SEI":0,"SEIadj":0,"SEIrank":225,"audienceSEI":0,"audienceSEIadj":0,"audienceSEIrank":225,"engagementSEI":0,"engagementSEIadj":0,"engagementSEIrank":213,"voiceSEI":0,"voiceSEIadj":0,"voiceSEIrank":213},"scoped":{"SEI":0,"SEIadj":0,"SEIrank":5,"audienceSEI":0,"audienceSEIadj":0,"audienceSEIrank":5,"engagementSEI":0,"engagementSEIadj":0,"engagementSEIrank":4,"voiceSEI":0,"voiceSEIadj":0,"voiceSEIrank":4}},"twitter":{"non_scoped":{"SEI":0.24738995332021171,"SEIadj":40.14843397199213,"SEIrank":182,"audienceSEI":0.24727249605688675,"audienceSEIadj":40.14836349763413,"audienceSEIrank":208,"engagementSEI":0.2093482311197925,"engagementSEIadj":50.104674115559895,"engagementSEIrank":138,"voiceSEI":0.32351255014215846,"voiceSEIadj":40.1941075300853,"voiceSEIrank":183},"scoped":{"SEI":3.811667132366202,"SEIadj":51.9058335661831,"SEIrank":3,"audienceSEI":5.730659025787966,"audienceSEIadj":43.43839541547278,"audienceSEIrank":5,"engagementSEI":4.796009460071863,"engagementSEIadj":52.39800473003593,"engagementSEIrank":3,"voiceSEI":1.2033185124809587,"voiceSEIadj":50.60165925624048,"voiceSEIrank":3}},"instagram":{"non_scoped":{"SEI":0,"SEIadj":0,"SEIrank":175,"audienceSEI":0,"audienceSEIadj":0,"audienceSEIrank":175,"engagementSEI":0,"engagementSEIadj":0,"engagementSEIrank":175,"voiceSEI":0,"voiceSEIadj":0,"voiceSEIrank":175},"scoped":{"SEI":0,"SEIadj":0,"SEIrank":3,"audienceSEI":0,"audienceSEIadj":0,"audienceSEIrank":3,"engagementSEI":0,"engagementSEIadj":0,"engagementSEIrank":3,"voiceSEI":0,"voiceSEIadj":0,"voiceSEIrank":3}},"influence":{"facebook":{"scope":"sub-brand","ratio":0,"calculated":false},"instagram":{"scope":"sub-brand","ratio":0,"calculated":false},"combined":{"ratio":1,"bottom":true,"scope":"sub-brand","calculated":true},"twitter":{"ratio":1,"bottom":true,"scope":"sub-brand","calculated":true}},"charisma":{"facebook":{"scope":"sub-brand","ratio":0,"calculated":false},"instagram":{"scope":"sub-brand","ratio":0,"calculated":false},"combined":{"ratio":1.65,"bottom":false,"scope":"sub-brand","calculated":true},"twitter":{"ratio":1.84,"bottom":false,"scope":"sub-brand","calculated":true}}},"scope":"sub-brand"}}