{"scoreEntityString":"591d1494ab33fb0001804f89.asset.536575ffb08f37d80186dc68","timeQuantum":4995834,"scoreEntityType":"asset","scoreProfileID":"591d1494ab33fb0001804f89","data":{"scoreEntityString":"591d1494ab33fb0001804f89.asset.536575ffb08f37d80186dc68","scoreProfileID":"591d1494ab33fb0001804f89","scoreEntityType":"asset","entityID":"asset.536575ffb08f37d80186dc68","object_version":"1.2","score_engine_version":"3.0.20","timestamp":4995834,"start_quantum":4969914,"end_quantum":4995833,"schedule_options":{"interval":15,"offset":"1"},"_15min":{"boundaryQuantum":4995831,"combined":{"entityString":"536575ffb08f37d80186dc68","type":"combined","profiles":2,"postsMade":0,"repliesMade":0,"repliesRcvd":0,"sharesMade":0,"sharesRcvd":0,"mentionsRcvd":0,"likesRcvd":0,"reachRcvd":0,"audience":7358,"voice":0,"conversation":0,"engagement":0,"group_scoped":{"audienceScore":0.5183723474630542,"voiceScore":0,"engagementScore":0,"combinedScore":0.5183723474630542,"engagementSEI":0,"engagementSEIadj":0,"voiceSEI":0,"voiceSEIadj":0,"audienceSEI":0.7495466862253733,"audienceSEIadj":0.7495466862253733,"SEI":0.07495466862253734,"SEIadj":0.07495466862253734,"combinedScoreRank":126,"SEIrank":133,"engagementSEIrank":78,"voiceSEIrank":72,"audienceSEIrank":132},"non_scoped":{"SEI":0.0289078429908892,"SEIrank":142,"SEIadj":0,"audienceSEI":0.289078429908892,"audienceSEIadj":0,"audienceSEIrank":142,"audienceScore":0.053268166341468776,"combinedScore":0.002663408317073439,"combinedScoreRank":142,"engagementSEI":0,"engagementSEIadj":0,"engagementSEIrank":78,"engagementScore":0,"voiceSEI":0,"voiceSEIadj":0,"voiceSEIrank":72,"voiceScore":0},"scoped":{"SEI":1.6968774503021078,"SEIrank":6,"SEIadj":0,"audienceSEI":16.968774503021077,"audienceSEIadj":0,"audienceSEIrank":6,"audienceScore":4.348879681783526,"combinedScore":4.348879681783526,"combinedScoreRank":6,"engagementSEI":0,"engagementSEIadj":0,"engagementSEIrank":4,"engagementScore":0,"voiceSEI":0,"voiceSEIadj":0,"voiceSEIrank":4,"voiceScore":0}},"facebook":{"entityString":"536575ffb08f37d80186dc68","type":"facebook","profiles":1,"postsMade":0,"repliesMade":0,"repliesRcvd":0,"sharesMade":0,"sharesRcvd":0,"mentionsRcvd":0,"likesRcvd":0,"reachRcvd":0,"audience":1,"voice":0,"conversation":0,"engagement":0,"group_scoped":{"audienceScore":0.00009323435574127839,"voiceScore":0,"engagementScore":0,"combinedScore":0.00009323435574127839,"engagementSEI":0,"engagementSEIadj":0,"voiceSEI":0,"voiceSEIadj":0,"audienceSEI":0.00011729077085840423,"audienceSEIadj":0.00011729077085840423,"SEI":0.000011729077085840424,"SEIadj":0.000011729077085840424,"combinedScoreRank":184,"SEIrank":184,"engagementSEIrank":76,"voiceSEIrank":71,"audienceSEIrank":184},"non_scoped":{"SEI":0.000005385212314688114,"SEIrank":179,"SEIadj":0,"audienceSEI":0.00005385212314688113,"audienceSEIadj":0,"audienceSEIrank":179,"audienceScore":0.000010270742946515928,"combinedScore":5.135371473257964e-7,"combinedScoreRank":179,"engagementSEI":0,"engagementSEIadj":0,"engagementSEIrank":76,"engagementScore":0,"voiceSEI":0,"voiceSEIadj":0,"voiceSEIrank":71,"voiceScore":0},"scoped":{"SEI":0.00029649835443413294,"SEIrank":9,"SEIadj":0,"audienceSEI":0.002964983544341329,"audienceSEIadj":0,"audienceSEIrank":9,"audienceScore":0.0011110740753086008,"combinedScore":0.0011110740753086008,"combinedScoreRank":9,"engagementSEI":0,"engagementSEIadj":0,"engagementSEIrank":4,"engagementScore":0,"voiceSEI":0,"voiceSEIadj":0,"voiceSEIrank":4,"voiceScore":0}},"twitter":{"entityString":"536575ffb08f37d80186dc68","type":"twitter","profiles":1,"postsMade":0,"repliesMade":0,"repliesRcvd":0,"sharesMade":0,"sharesRcvd":0,"mentionsRcvd":0,"likesRcvd":0,"reachRcvd":0,"audience":7357,"voice":0,"conversation":0,"engagement":0,"group_scoped":{"audienceScore":2.1322598128294974,"voiceScore":0,"engagementScore":0,"combinedScore":2.1322598128294974,"engagementSEI":0,"engagementSEIadj":0,"voiceSEI":0,"voiceSEIadj":0,"audienceSEI":5.782259458949652,"audienceSEIadj":5.782259458949652,"SEI":0.5782259458949652,"SEIadj":0.5782259458949652,"combinedScoreRank":68,"SEIrank":83,"engagementSEIrank":73,"voiceSEIrank":72,"audienceSEIrank":82},"non_scoped":{"SEI":0.12994169667789401,"SEIrank":104,"SEIadj":0,"audienceSEI":1.2994169667789401,"audienceSEIadj":0,"audienceSEIrank":103,"audienceScore":0.2109451789120195,"combinedScore":0.010547258945600976,"combinedScoreRank":104,"engagementSEI":0,"engagementSEIadj":0,"engagementSEIrank":73,"engagementScore":0,"voiceSEI":0,"voiceSEIadj":0,"voiceSEIrank":72,"voiceScore":0},"scoped":{"SEI":3.5446880269814502,"SEIrank":5,"SEIadj":0,"audienceSEI":35.4468802698145,"audienceSEIadj":0,"audienceSEIrank":5,"audienceScore":9.290314433640612,"combinedScore":9.290314433640612,"combinedScoreRank":5,"engagementSEI":0,"engagementSEIadj":0,"engagementSEIrank":4,"engagementScore":0,"voiceSEI":0,"voiceSEIadj":0,"voiceSEIrank":4,"voiceScore":0}},"instagram":{"entityString":"536575ffb08f37d80186dc68","type":"instagram","profiles":0,"postsMade":0,"repliesMade":0,"repliesRcvd":0,"sharesMade":0,"sharesRcvd":0,"mentionsRcvd":0,"likesRcvd":0,"reachRcvd":0,"audience":0,"voice":0,"conversation":0,"engagement":0,"group_scoped":{"audienceScore":0,"voiceScore":0,"engagementScore":0,"combinedScore":0,"engagementSEI":0,"engagementSEIadj":0,"voiceSEI":0,"voiceSEIadj":0,"audienceSEI":0,"audienceSEIadj":0,"SEI":0,"SEIadj":0,"combinedScoreRank":133,"SEIrank":96,"engagementSEIrank":74,"voiceSEIrank":71,"audienceSEIrank":96},"non_scoped":{"SEI":0,"SEIrank":96,"SEIadj":0,"audienceSEI":0,"audienceSEIadj":0,"audienceSEIrank":96,"audienceScore":0,"combinedScore":0,"combinedScoreRank":96,"engagementSEI":0,"engagementSEIadj":0,"engagementSEIrank":74,"engagementScore":0,"voiceSEI":0,"voiceSEIadj":0,"voiceSEIrank":71,"voiceScore":0},"scoped":{"SEI":0,"SEIrank":4,"SEIadj":0,"audienceSEI":0,"audienceSEIadj":0,"audienceSEIrank":4,"audienceScore":null,"combinedScore":null,"combinedScoreRank":7,"engagementSEI":0,"engagementSEIadj":0,"engagementSEIrank":4,"engagementScore":0,"voiceSEI":0,"voiceSEIadj":0,"voiceSEIrank":4,"voiceScore":0}}},"hour":{"boundaryQuantum":4995822,"combined":{"entityString":"536575ffb08f37d80186dc68","type":"combined","profiles":2,"postsMade":0,"repliesMade":0,"repliesRcvd":0,"sharesMade":0,"sharesRcvd":0,"mentionsRcvd":0,"likesRcvd":0,"reachRcvd":0,"audience":7358,"voice":0,"conversation":0,"engagement":0,"group_scoped":{"audienceScore":0.5183723474630542,"voiceScore":0,"engagementScore":0,"combinedScore":0.5183723474630542,"combinedScoreRank":110,"SEIrank":146,"engagementSEIrank":114,"voiceSEIrank":82,"audienceSEIrank":132,"engagementSEI":0,"engagementSEIadj":0,"voiceSEI":0,"voiceSEIadj":0,"audienceSEI":0.7495466862253733,"audienceSEIadj":0.7495466862253733,"SEI":0.07495466862253734,"SEIadj":0.07495466862253734},"non_scoped":{"SEI":0.0289078429908892,"SEIrank":150,"SEIadj":0,"audienceSEI":0.289078429908892,"audienceSEIadj":0,"audienceSEIrank":142,"audienceScore":0.053268166341468776,"combinedScore":0.002663408317073439,"combinedScoreRank":150,"engagementSEI":0,"engagementSEIadj":0,"engagementSEIrank":114,"engagementScore":0,"voiceSEI":0,"voiceSEIadj":0,"voiceSEIrank":82,"voiceScore":0},"scoped":{"SEI":1.6968774503021078,"SEIrank":6,"SEIadj":0,"audienceSEI":16.968774503021077,"audienceSEIadj":0,"audienceSEIrank":6,"audienceScore":4.348879681783526,"combinedScore":0.6212685259690751,"combinedScoreRank":6,"engagementSEI":0,"engagementSEIadj":0,"engagementSEIrank":4,"engagementScore":0,"voiceSEI":0,"voiceSEIadj":0,"voiceSEIrank":4,"voiceScore":0}},"facebook":{"entityString":"536575ffb08f37d80186dc68","type":"facebook","profiles":1,"postsMade":0,"repliesMade":0,"repliesRcvd":0,"sharesMade":0,"sharesRcvd":0,"mentionsRcvd":0,"likesRcvd":0,"reachRcvd":0,"audience":1,"voice":0,"conversation":0,"engagement":0,"group_scoped":{"audienceScore":0.00009323435574127839,"voiceScore":0,"engagementScore":0,"combinedScore":0.00009323435574127839,"combinedScoreRank":184,"SEIrank":184,"engagementSEIrank":99,"voiceSEIrank":78,"audienceSEIrank":184,"engagementSEI":0,"engagementSEIadj":0,"voiceSEI":0,"voiceSEIadj":0,"audienceSEI":0.00011729077085840423,"audienceSEIadj":0.00011729077085840423,"SEI":0.000011729077085840424,"SEIadj":0.000011729077085840424},"non_scoped":{"SEI":0.000005385212314688114,"SEIrank":179,"SEIadj":0,"audienceSEI":0.00005385212314688113,"audienceSEIadj":0,"audienceSEIrank":179,"audienceScore":0.000010270742946515928,"combinedScore":5.135371473257964e-7,"combinedScoreRank":179,"engagementSEI":0,"engagementSEIadj":0,"engagementSEIrank":99,"engagementScore":0,"voiceSEI":0,"voiceSEIadj":0,"voiceSEIrank":78,"voiceScore":0},"scoped":{"SEI":0.00029649835443413294,"SEIrank":9,"SEIadj":0,"audienceSEI":0.002964983544341329,"audienceSEIadj":0,"audienceSEIrank":9,"audienceScore":0.0011110740753086008,"combinedScore":0.00015872486790122868,"combinedScoreRank":9,"engagementSEI":0,"engagementSEIadj":0,"engagementSEIrank":4,"engagementScore":0,"voiceSEI":0,"voiceSEIadj":0,"voiceSEIrank":4,"voiceScore":0}},"twitter":{"entityString":"536575ffb08f37d80186dc68","type":"twitter","profiles":1,"postsMade":0,"repliesMade":0,"repliesRcvd":0,"sharesMade":0,"sharesRcvd":0,"mentionsRcvd":0,"likesRcvd":0,"reachRcvd":0,"audience":7357,"voice":0,"conversation":0,"engagement":0,"group_scoped":{"audienceScore":2.1322598128294974,"voiceScore":0,"engagementScore":0,"combinedScore":2.1322598128294974,"combinedScoreRank":79,"SEIrank":101,"engagementSEIrank":90,"voiceSEIrank":81,"audienceSEIrank":82,"engagementSEI":0,"engagementSEIadj":0,"voiceSEI":0,"voiceSEIadj":0,"audienceSEI":5.782259458949652,"audienceSEIadj":5.782259458949652,"SEI":0.5782259458949652,"SEIadj":0.5782259458949652},"non_scoped":{"SEI":0.12994169667789401,"SEIrank":116,"SEIadj":0,"audienceSEI":1.2994169667789401,"audienceSEIadj":0,"audienceSEIrank":103,"audienceScore":0.2109451789120195,"combinedScore":0.010547258945600976,"combinedScoreRank":116,"engagementSEI":0,"engagementSEIadj":0,"engagementSEIrank":90,"engagementScore":0,"voiceSEI":0,"voiceSEIadj":0,"voiceSEIrank":81,"voiceScore":0},"scoped":{"SEI":3.5446880269814502,"SEIrank":5,"SEIadj":0,"audienceSEI":35.4468802698145,"audienceSEIadj":0,"audienceSEIrank":5,"audienceScore":9.290314433640612,"combinedScore":1.3271877762343731,"combinedScoreRank":5,"engagementSEI":0,"engagementSEIadj":0,"engagementSEIrank":4,"engagementScore":0,"voiceSEI":0,"voiceSEIadj":0,"voiceSEIrank":4,"voiceScore":0}},"instagram":{"entityString":"536575ffb08f37d80186dc68","type":"instagram","profiles":0,"postsMade":0,"repliesMade":0,"repliesRcvd":0,"sharesMade":0,"sharesRcvd":0,"mentionsRcvd":0,"likesRcvd":0,"reachRcvd":0,"audience":0,"voice":0,"conversation":0,"engagement":0,"group_scoped":{"audienceScore":0,"voiceScore":0,"engagementScore":0,"combinedScore":0,"combinedScoreRank":133,"SEIrank":96,"engagementSEIrank":78,"voiceSEIrank":73,"audienceSEIrank":96,"engagementSEI":0,"engagementSEIadj":0,"voiceSEI":0,"voiceSEIadj":0,"audienceSEI":0,"audienceSEIadj":0,"SEI":0,"SEIadj":0},"non_scoped":{"SEI":0,"SEIrank":96,"SEIadj":0,"audienceSEI":0,"audienceSEIadj":0,"audienceSEIrank":96,"audienceScore":0,"combinedScore":0,"combinedScoreRank":96,"engagementSEI":0,"engagementSEIadj":0,"engagementSEIrank":78,"engagementScore":0,"voiceSEI":0,"voiceSEIadj":0,"voiceSEIrank":73,"voiceScore":0},"scoped":{"SEI":0,"SEIrank":4,"SEIadj":0,"audienceSEI":0,"audienceSEIadj":0,"audienceSEIrank":4,"audienceScore":null,"combinedScore":null,"combinedScoreRank":7,"engagementSEI":0,"engagementSEIadj":0,"engagementSEIrank":4,"engagementScore":0,"voiceSEI":0,"voiceSEIadj":0,"voiceSEIrank":4,"voiceScore":0}}},"today":{"boundaryQuantum":4995546,"combined":{"entityString":"536575ffb08f37d80186dc68","type":"combined","profiles":2,"postsMade":0,"repliesMade":0,"repliesRcvd":0,"sharesMade":0,"sharesRcvd":0,"mentionsRcvd":0,"likesRcvd":0,"reachRcvd":0,"audience":7358,"voice":0,"conversation":0,"engagement":0,"group_scoped":{"audienceScore":0.5183723474630542,"voiceScore":0,"engagementScore":0,"combinedScore":0.5183723474630542,"combinedScoreRank":72,"SEIrank":184,"engagementSEIrank":188,"voiceSEIrank":170,"audienceSEIrank":132,"engagementSEI":0,"engagementSEIadj":0,"voiceSEI":0,"voiceSEIadj":0,"audienceSEI":0.7495466862253733,"audienceSEIadj":0.7495466862253733,"SEI":0.07495466862253734,"SEIadj":0.07495466862253734},"non_scoped":{"SEI":0.0289078429908892,"SEIrank":182,"SEIadj":0,"audienceSEI":0.289078429908892,"audienceSEIadj":0,"audienceSEIrank":142,"audienceScore":0.053268166341468776,"combinedScore":0.002663408317073439,"combinedScoreRank":187,"engagementSEI":0,"engagementSEIadj":0,"engagementSEIrank":188,"engagementScore":0,"voiceSEI":0,"voiceSEIadj":0,"voiceSEIrank":170,"voiceScore":0},"scoped":{"SEI":1.6968774503021078,"SEIrank":8,"SEIadj":0,"audienceSEI":16.968774503021077,"audienceSEIadj":0,"audienceSEIrank":6,"audienceScore":4.348879681783526,"combinedScore":0.2174439840891763,"combinedScoreRank":8,"engagementSEI":0,"engagementSEIadj":0,"engagementSEIrank":5,"engagementScore":0,"voiceSEI":0,"voiceSEIadj":0,"voiceSEIrank":6,"voiceScore":0}},"facebook":{"entityString":"536575ffb08f37d80186dc68","type":"facebook","profiles":1,"postsMade":0,"repliesMade":0,"repliesRcvd":0,"sharesMade":0,"sharesRcvd":0,"mentionsRcvd":0,"likesRcvd":0,"reachRcvd":0,"audience":1,"voice":0,"conversation":0,"engagement":0,"group_scoped":{"audienceScore":0.00009323435574127839,"voiceScore":0,"engagementScore":0,"combinedScore":0.00009323435574127839,"combinedScoreRank":184,"SEIrank":184,"engagementSEIrank":135,"voiceSEIrank":119,"audienceSEIrank":184,"engagementSEI":0,"engagementSEIadj":0,"voiceSEI":0,"voiceSEIadj":0,"audienceSEI":0.00011729077085840423,"audienceSEIadj":0.00011729077085840423,"SEI":0.000011729077085840424,"SEIadj":0.000011729077085840424},"non_scoped":{"SEI":0.000005385212314688114,"SEIrank":179,"SEIadj":0,"audienceSEI":0.00005385212314688113,"audienceSEIadj":0,"audienceSEIrank":179,"audienceScore":0.000010270742946515928,"combinedScore":5.135371473257964e-7,"combinedScoreRank":179,"engagementSEI":0,"engagementSEIadj":0,"engagementSEIrank":135,"engagementScore":0,"voiceSEI":0,"voiceSEIadj":0,"voiceSEIrank":119,"voiceScore":0},"scoped":{"SEI":0.00029649835443413294,"SEIrank":9,"SEIadj":0,"audienceSEI":0.002964983544341329,"audienceSEIadj":0,"audienceSEIrank":9,"audienceScore":0.0011110740753086008,"combinedScore":0.00005555370376543004,"combinedScoreRank":9,"engagementSEI":0,"engagementSEIadj":0,"engagementSEIrank":4,"engagementScore":0,"voiceSEI":0,"voiceSEIadj":0,"voiceSEIrank":4,"voiceScore":0}},"twitter":{"entityString":"536575ffb08f37d80186dc68","type":"twitter","profiles":1,"postsMade":0,"repliesMade":0,"repliesRcvd":0,"sharesMade":0,"sharesRcvd":0,"mentionsRcvd":0,"likesRcvd":0,"reachRcvd":0,"audience":7357,"voice":0,"conversation":0,"engagement":0,"group_scoped":{"audienceScore":2.1322598128294974,"voiceScore":0,"engagementScore":0,"combinedScore":2.1322598128294974,"combinedScoreRank":67,"SEIrank":153,"engagementSEIrank":174,"voiceSEIrank":158,"audienceSEIrank":82,"engagementSEI":0,"engagementSEIadj":0,"voiceSEI":0,"voiceSEIadj":0,"audienceSEI":5.782259458949652,"audienceSEIadj":5.782259458949652,"SEI":0.5782259458949652,"SEIadj":0.5782259458949652},"non_scoped":{"SEI":0.12994169667789401,"SEIrank":167,"SEIadj":0,"audienceSEI":1.2994169667789401,"audienceSEIadj":0,"audienceSEIrank":103,"audienceScore":0.2109451789120195,"combinedScore":0.010547258945600976,"combinedScoreRank":169,"engagementSEI":0,"engagementSEIadj":0,"engagementSEIrank":174,"engagementScore":0,"voiceSEI":0,"voiceSEIadj":0,"voiceSEIrank":158,"voiceScore":0},"scoped":{"SEI":3.5446880269814502,"SEIrank":7,"SEIadj":0,"audienceSEI":35.4468802698145,"audienceSEIadj":0,"audienceSEIrank":5,"audienceScore":9.290314433640612,"combinedScore":0.4645157216820306,"combinedScoreRank":7,"engagementSEI":0,"engagementSEIadj":0,"engagementSEIrank":5,"engagementScore":0,"voiceSEI":0,"voiceSEIadj":0,"voiceSEIrank":6,"voiceScore":0}},"instagram":{"entityString":"536575ffb08f37d80186dc68","type":"instagram","profiles":0,"postsMade":0,"repliesMade":0,"repliesRcvd":0,"sharesMade":0,"sharesRcvd":0,"mentionsRcvd":0,"likesRcvd":0,"reachRcvd":0,"audience":0,"voice":0,"conversation":0,"engagement":0,"group_scoped":{"audienceScore":0,"voiceScore":0,"engagementScore":0,"combinedScore":0,"combinedScoreRank":133,"SEIrank":96,"engagementSEIrank":91,"voiceSEIrank":81,"audienceSEIrank":96,"engagementSEI":0,"engagementSEIadj":0,"voiceSEI":0,"voiceSEIadj":0,"audienceSEI":0,"audienceSEIadj":0,"SEI":0,"SEIadj":0},"non_scoped":{"SEI":0,"SEIrank":96,"SEIadj":0,"audienceSEI":0,"audienceSEIadj":0,"audienceSEIrank":96,"audienceScore":0,"combinedScore":0,"combinedScoreRank":96,"engagementSEI":0,"engagementSEIadj":0,"engagementSEIrank":91,"engagementScore":0,"voiceSEI":0,"voiceSEIadj":0,"voiceSEIrank":81,"voiceScore":0},"scoped":{"SEI":0,"SEIrank":4,"SEIadj":0,"audienceSEI":0,"audienceSEIadj":0,"audienceSEIrank":4,"audienceScore":null,"combinedScore":null,"combinedScoreRank":7,"engagementSEI":0,"engagementSEIadj":0,"engagementSEIrank":4,"engagementScore":0,"voiceSEI":0,"voiceSEIadj":0,"voiceSEIrank":4,"voiceScore":0}}},"week":{"boundaryQuantum":4993818,"combined":{"entityString":"536575ffb08f37d80186dc68","type":"combined","profiles":2,"postsMade":4,"repliesMade":0,"repliesRcvd":0,"sharesMade":0,"sharesRcvd":3,"mentionsRcvd":0,"likesRcvd":9,"reachRcvd":0,"audience":7358,"voice":4,"conversation":4,"engagement":12,"group_scoped":{"audienceScore":0.5183723474630542,"voiceScore":0.45977011494252873,"engagementScore":0.01415945910866205,"combinedScore":0.06165063631807499,"combinedScoreRank":197,"SEIrank":168,"engagementSEIrank":172,"voiceSEIrank":158,"audienceSEIrank":132,"engagementSEI":0.015662115951865098,"engagementSEIadj":0.015662115951865098,"voiceSEI":0.7017543859649122,"voiceSEIadj":0.7017543859649122,"audienceSEI":0.7495466862253733,"audienceSEIadj":0.7495466862253733,"SEI":0.2948782539831301,"SEIadj":0.2948782539831301},"non_scoped":{"SEI":0.17352818721229354,"SEIrank":167,"SEIadj":0,"audienceSEI":0.289078429908892,"audienceSEIadj":0,"audienceSEIrank":142,"audienceScore":0.053268166341468776,"combinedScore":0.005634018258706637,"combinedScoreRank":183,"engagementSEI":0.0015129489518415742,"engagementSEIadj":0,"engagementSEIrank":178,"engagementScore":0.0006345442729471038,"voiceSEI":0.47904191616766467,"voiceSEIadj":0,"voiceSEIrank":158,"voiceScore":0.04799040191961608},"scoped":{"SEI":6.265610603940922,"SEIrank":6,"SEIadj":0,"audienceSEI":16.968774503021077,"audienceSEIadj":0,"audienceSEIrank":6,"audienceScore":4.348879681783526,"combinedScore":0.9125668852007944,"combinedScoreRank":5,"engagementSEI":0.4716981132075472,"engagementSEIadj":0,"engagementSEIrank":4,"engagementScore":0.4139358399448086,"voiceSEI":14.285714285714285,"voiceSEIadj":0,"voiceSEIrank":5,"voiceScore":6.451612903225806}},"facebook":{"entityString":"536575ffb08f37d80186dc68","type":"facebook","profiles":1,"postsMade":0,"repliesMade":0,"repliesRcvd":0,"sharesMade":0,"sharesRcvd":0,"mentionsRcvd":0,"likesRcvd":0,"reachRcvd":0,"audience":1,"voice":0,"conversation":0,"engagement":0,"group_scoped":{"audienceScore":0.00009323435574127839,"voiceScore":0,"engagementScore":0,"combinedScore":0.00009323435574127839,"combinedScoreRank":184,"SEIrank":184,"engagementSEIrank":162,"voiceSEIrank":150,"audienceSEIrank":184,"engagementSEI":0,"engagementSEIadj":0,"voiceSEI":0,"voiceSEIadj":0,"audienceSEI":0.00011729077085840423,"audienceSEIadj":0.00011729077085840423,"SEI":0.000011729077085840424,"SEIadj":0.000011729077085840424},"non_scoped":{"SEI":0.000005385212314688114,"SEIrank":179,"SEIadj":0,"audienceSEI":0.00005385212314688113,"audienceSEIadj":0,"audienceSEIrank":179,"audienceScore":0.000010270742946515928,"combinedScore":5.135371473257964e-7,"combinedScoreRank":179,"engagementSEI":0,"engagementSEIadj":0,"engagementSEIrank":162,"engagementScore":0,"voiceSEI":0,"voiceSEIadj":0,"voiceSEIrank":150,"voiceScore":0},"scoped":{"SEI":0.00029649835443413294,"SEIrank":9,"SEIadj":0,"audienceSEI":0.002964983544341329,"audienceSEIadj":0,"audienceSEIrank":9,"audienceScore":0.0011110740753086008,"combinedScore":0.00005555370376543004,"combinedScoreRank":9,"engagementSEI":0,"engagementSEIadj":0,"engagementSEIrank":4,"engagementScore":0,"voiceSEI":0,"voiceSEIadj":0,"voiceSEIrank":4,"voiceScore":0}},"twitter":{"entityString":"536575ffb08f37d80186dc68","type":"twitter","profiles":1,"postsMade":4,"repliesMade":0,"repliesRcvd":0,"sharesMade":0,"sharesRcvd":3,"mentionsRcvd":0,"likesRcvd":9,"reachRcvd":0,"audience":7357,"voice":4,"conversation":4,"engagement":12,"group_scoped":{"audienceScore":2.1322598128294974,"voiceScore":0.6734006734006733,"engagementScore":0.19117412776804205,"combinedScore":0.3123397393027464,"combinedScoreRank":182,"SEIrank":147,"engagementSEIrank":154,"voiceSEIrank":148,"audienceSEIrank":82,"engagementSEI":0.4149377593360996,"engagementSEIadj":0.4149377593360996,"voiceSEI":1.2195121951219512,"voiceSEIadj":1.2195121951219512,"audienceSEI":5.782259458949652,"audienceSEIadj":5.782259458949652,"SEI":1.1930422600332102,"SEIadj":1.1930422600332102},"non_scoped":{"SEI":0.4379759381392334,"SEIrank":154,"SEIadj":0,"audienceSEI":1.2994169667789401,"audienceSEIadj":0,"audienceSEIrank":103,"audienceScore":0.2109451789120195,"combinedScore":0.031877928665295915,"combinedScoreRank":158,"engagementSEI":0.09144947416552354,"engagementSEIadj":0,"engagementSEIrank":155,"engagementScore":0.019341736243190095,"voiceSEI":0.8438818565400843,"voiceSEIadj":0,"voiceSEIrank":136,"voiceScore":0.07846214201647705},"scoped":{"SEI":9.568870103795104,"SEIrank":5,"SEIadj":0,"audienceSEI":35.4468802698145,"audienceSEIadj":0,"audienceSEIrank":5,"audienceScore":9.290314433640612,"combinedScore":2.2761371604552396,"combinedScoreRank":3,"engagementSEI":1.7069701280227598,"engagementSEIadj":0,"engagementSEIrank":3,"engagementScore":1.593625498007968,"voiceSEI":16.666666666666664,"voiceSEIadj":0,"voiceSEIrank":4,"voiceScore":7.547169811320755}},"instagram":{"entityString":"536575ffb08f37d80186dc68","type":"instagram","profiles":0,"postsMade":0,"repliesMade":0,"repliesRcvd":0,"sharesMade":0,"sharesRcvd":0,"mentionsRcvd":0,"likesRcvd":0,"reachRcvd":0,"audience":0,"voice":0,"conversation":0,"engagement":0,"group_scoped":{"audienceScore":0,"voiceScore":0,"engagementScore":0,"combinedScore":0,"combinedScoreRank":133,"SEIrank":96,"engagementSEIrank":93,"voiceSEIrank":92,"audienceSEIrank":96,"engagementSEI":0,"engagementSEIadj":0,"voiceSEI":0,"voiceSEIadj":0,"audienceSEI":0,"audienceSEIadj":0,"SEI":0,"SEIadj":0},"non_scoped":{"SEI":0,"SEIrank":96,"SEIadj":0,"audienceSEI":0,"audienceSEIadj":0,"audienceSEIrank":96,"audienceScore":0,"combinedScore":0,"combinedScoreRank":96,"engagementSEI":0,"engagementSEIadj":0,"engagementSEIrank":93,"engagementScore":0,"voiceSEI":0,"voiceSEIadj":0,"voiceSEIrank":92,"voiceScore":0},"scoped":{"SEI":0,"SEIrank":4,"SEIadj":0,"audienceSEI":0,"audienceSEIadj":0,"audienceSEIrank":4,"audienceScore":null,"combinedScore":null,"combinedScoreRank":7,"engagementSEI":0,"engagementSEIadj":0,"engagementSEIrank":4,"engagementScore":0,"voiceSEI":0,"voiceSEIadj":0,"voiceSEIrank":4,"voiceScore":0}}},"month":{"boundaryQuantum":4987194,"combined":{"entityString":"536575ffb08f37d80186dc68","type":"combined","profiles":2,"postsMade":22,"repliesMade":0,"repliesRcvd":0,"sharesMade":0,"sharesRcvd":145,"mentionsRcvd":0,"likesRcvd":305,"reachRcvd":0,"audience":7358,"voice":22,"conversation":22,"engagement":450,"group_scoped":{"audienceScore":0.5183723474630542,"voiceScore":0.5648267008985879,"engagementScore":0.1228595142407828,"combinedScore":0.16473351523478663,"combinedScoreRank":123,"SEIrank":156,"engagementSEIrank":104,"voiceSEIrank":158,"audienceSEIrank":132,"engagementSEI":0.14072306638688836,"engagementSEIadj":0.14072306638688836,"voiceSEI":0.9016393442622952,"voiceSEIadj":0.9016393442622952,"audienceSEI":0.7495466862253733,"audienceSEIadj":0.7495466862253733,"SEI":0.42988031173335894,"SEIadj":0.42988031173335894},"non_scoped":{"SEI":0.2157669470611728,"SEIrank":167,"SEIadj":0,"audienceSEI":0.289078429908892,"audienceSEIadj":0,"audienceSEIrank":142,"audienceScore":0.053268166341468776,"combinedScore":0.010201830498358494,"combinedScoreRank":159,"engagementSEI":0.012356255560315001,"engagementSEIadj":0,"engagementSEIrank":136,"engagementScore":0.005169270638887389,"voiceSEI":0.5981511691136487,"voiceSEIadj":0,"voiceSEIrank":164,"voiceScore":0.05772157212572807},"scoped":{"SEI":9.408493719467355,"SEIrank":6,"SEIadj":0,"audienceSEI":16.968774503021077,"audienceSEIadj":0,"audienceSEIrank":6,"audienceScore":4.348879681783526,"combinedScore":3.6514281358710585,"combinedScoreRank":4,"engagementSEI":4.258943781942079,"engagementSEIadj":0,"engagementSEIrank":3,"engagementScore":3.421272713449403,"voiceSEI":17.1875,"voiceSEIadj":0,"voiceSEIrank":5,"voiceScore":7.096774193548387}},"facebook":{"entityString":"536575ffb08f37d80186dc68","type":"facebook","profiles":1,"postsMade":0,"repliesMade":0,"repliesRcvd":0,"sharesMade":0,"sharesRcvd":0,"mentionsRcvd":0,"likesRcvd":0,"reachRcvd":0,"audience":1,"voice":0,"conversation":0,"engagement":0,"group_scoped":{"audienceScore":0.00009323435574127839,"voiceScore":0,"engagementScore":0,"combinedScore":0.00009323435574127839,"combinedScoreRank":184,"SEIrank":184,"engagementSEIrank":172,"voiceSEIrank":167,"audienceSEIrank":184,"engagementSEI":0,"engagementSEIadj":0,"voiceSEI":0,"voiceSEIadj":0,"audienceSEI":0.00011729077085840423,"audienceSEIadj":0.00011729077085840423,"SEI":0.000011729077085840424,"SEIadj":0.000011729077085840424},"non_scoped":{"SEI":0.000005385212314688114,"SEIrank":179,"SEIadj":0,"audienceSEI":0.00005385212314688113,"audienceSEIadj":0,"audienceSEIrank":179,"audienceScore":0.000010270742946515928,"combinedScore":5.135371473257964e-7,"combinedScoreRank":179,"engagementSEI":0,"engagementSEIadj":0,"engagementSEIrank":172,"engagementScore":0,"voiceSEI":0,"voiceSEIadj":0,"voiceSEIrank":167,"voiceScore":0},"scoped":{"SEI":0.00029649835443413294,"SEIrank":9,"SEIadj":0,"audienceSEI":0.002964983544341329,"audienceSEIadj":0,"audienceSEIrank":9,"audienceScore":0.0011110740753086008,"combinedScore":0.00005555370376543004,"combinedScoreRank":9,"engagementSEI":0,"engagementSEIadj":0,"engagementSEIrank":6,"engagementScore":0,"voiceSEI":0,"voiceSEIadj":0,"voiceSEIrank":5,"voiceScore":0}},"twitter":{"entityString":"536575ffb08f37d80186dc68","type":"twitter","profiles":1,"postsMade":22,"repliesMade":0,"repliesRcvd":0,"sharesMade":0,"sharesRcvd":145,"mentionsRcvd":0,"likesRcvd":305,"reachRcvd":0,"audience":7357,"voice":22,"conversation":22,"engagement":450,"group_scoped":{"audienceScore":2.1322598128294974,"voiceScore":0.8233532934131738,"engagementScore":1.8152480839048004,"combinedScore":1.781503930826454,"combinedScoreRank":81,"SEIrank":93,"engagementSEIrank":75,"voiceSEIrank":143,"audienceSEIrank":82,"engagementSEI":4.452800316643578,"engagementSEIadj":4.452800316643578,"voiceSEI":1.5827338129496402,"voiceSEIadj":1.5827338129496402,"audienceSEI":5.782259458949652,"audienceSEIadj":5.782259458949652,"SEI":3.7247262797660037,"SEIadj":3.7247262797660037},"non_scoped":{"SEI":0.8758675234902688,"SEIrank":118,"SEIadj":0,"audienceSEI":1.2994169667789401,"audienceSEIadj":0,"audienceSEIrank":103,"audienceScore":0.2109451789120195,"combinedScore":0.1639300637580269,"combinedScoreRank":86,"engagementSEI":0.7181500454828362,"engagementSEIadj":0,"engagementSEIrank":84,"engagementScore":0.16525344369815173,"voiceSEI":1.0501193317422435,"voiceSEIadj":0,"voiceSEIrank":144,"voiceScore":0.0930941096817874},"scoped":{"SEI":19.846594085524675,"SEIrank":4,"SEIadj":0,"audienceSEI":35.4468802698145,"audienceSEIadj":0,"audienceSEIrank":5,"audienceScore":9.290314433640612,"combinedScore":11.524269532719774,"combinedScoreRank":2,"engagementSEI":16.5929203539823,"engagementSEIadj":0,"engagementSEIrank":2,"engagementScore":11.82033096926714,"voiceSEI":21.153846153846153,"voiceSEIadj":0,"voiceSEIrank":4,"voiceScore":8.42911877394636}},"instagram":{"entityString":"536575ffb08f37d80186dc68","type":"instagram","profiles":0,"postsMade":0,"repliesMade":0,"repliesRcvd":0,"sharesMade":0,"sharesRcvd":0,"mentionsRcvd":0,"likesRcvd":0,"reachRcvd":0,"audience":0,"voice":0,"conversation":0,"engagement":0,"group_scoped":{"audienceScore":0,"voiceScore":0,"engagementScore":0,"combinedScore":0,"combinedScoreRank":133,"SEIrank":96,"engagementSEIrank":93,"voiceSEIrank":93,"audienceSEIrank":96,"engagementSEI":0,"engagementSEIadj":0,"voiceSEI":0,"voiceSEIadj":0,"audienceSEI":0,"audienceSEIadj":0,"SEI":0,"SEIadj":0},"non_scoped":{"SEI":0,"SEIrank":96,"SEIadj":0,"audienceSEI":0,"audienceSEIadj":0,"audienceSEIrank":96,"audienceScore":0,"combinedScore":0,"combinedScoreRank":96,"engagementSEI":0,"engagementSEIadj":0,"engagementSEIrank":93,"engagementScore":0,"voiceSEI":0,"voiceSEIadj":0,"voiceSEIrank":93,"voiceScore":0},"scoped":{"SEI":0,"SEIrank":4,"SEIadj":0,"audienceSEI":0,"audienceSEIadj":0,"audienceSEIrank":4,"audienceScore":null,"combinedScore":null,"combinedScoreRank":7,"engagementSEI":0,"engagementSEIadj":0,"engagementSEIrank":4,"engagementScore":0,"voiceSEI":0,"voiceSEIadj":0,"voiceSEIrank":4,"voiceScore":0}}},"quarter":{"boundaryQuantum":4969914,"combined":{"entityString":"536575ffb08f37d80186dc68","type":"combined","profiles":2,"postsMade":29,"repliesMade":0,"repliesRcvd":0,"sharesMade":0,"sharesRcvd":158,"mentionsRcvd":0,"likesRcvd":368,"reachRcvd":0,"audience":7358,"voice":29,"conversation":29,"engagement":526,"group_scoped":{"audienceScore":0.5183723474630542,"voiceScore":0.2306163021868787,"engagementScore":0.044906601099614106,"combinedScore":0.07786537347214934,"combinedScoreRank":160,"SEIrank":193,"engagementSEIrank":140,"voiceSEIrank":191,"audienceSEIrank":132,"engagementSEI":0.0533802592494492,"engagementSEIadj":0.0533802592494492,"voiceSEI":0.36722806128909713,"voiceSEIadj":0.36722806128909713,"audienceSEI":0.7495466862253733,"audienceSEIadj":0.7495466862253733,"SEI":0.217151242558936,"SEIadj":0.217151242558936},"non_scoped":{"SEI":0.11294923384515755,"SEIrank":191,"SEIadj":0,"audienceSEI":0.289078429908892,"audienceSEIadj":0,"audienceSEIrank":142,"audienceScore":0.053268166341468776,"combinedScore":0.005675501088968809,"combinedScoreRank":185,"engagementSEI":0.004618260796347957,"engagementSEIadj":0,"engagementSEIrank":167,"engagementScore":0.0019014252013305638,"voiceSEI":0.270901447921532,"voiceSEIadj":0,"voiceSEIrank":191,"voiceScore":0.026016201813957245},"scoped":{"SEI":4.083378430267264,"SEIrank":7,"SEIadj":0,"audienceSEI":16.968774503021077,"audienceSEIadj":0,"audienceSEIrank":6,"audienceScore":4.348879681783526,"combinedScore":1.3324039514990478,"combinedScoreRank":5,"engagementSEI":1.1454703832752613,"engagementSEIadj":0,"engagementSEIrank":4,"engagementScore":1.0445004865068805,"voiceSEI":5.6640625,"voiceSEIadj":0,"voiceSEIrank":6,"voiceScore":3.4981905910735827}},"facebook":{"entityString":"536575ffb08f37d80186dc68","type":"facebook","profiles":1,"postsMade":0,"repliesMade":0,"repliesRcvd":0,"sharesMade":0,"sharesRcvd":0,"mentionsRcvd":0,"likesRcvd":0,"reachRcvd":0,"audience":1,"voice":0,"conversation":0,"engagement":0,"group_scoped":{"audienceScore":0.00009323435574127839,"voiceScore":0,"engagementScore":0,"combinedScore":0.00009323435574127839,"combinedScoreRank":184,"SEIrank":184,"engagementSEIrank":178,"voiceSEIrank":178,"audienceSEIrank":184,"engagementSEI":0,"engagementSEIadj":0,"voiceSEI":0,"voiceSEIadj":0,"audienceSEI":0.00011729077085840423,"audienceSEIadj":0.00011729077085840423,"SEI":0.000011729077085840424,"SEIadj":0.000011729077085840424},"non_scoped":{"SEI":0.000005385212314688114,"SEIrank":179,"SEIadj":0,"audienceSEI":0.00005385212314688113,"audienceSEIadj":0,"audienceSEIrank":179,"audienceScore":0.000010270742946515928,"combinedScore":5.135371473257964e-7,"combinedScoreRank":179,"engagementSEI":0,"engagementSEIadj":0,"engagementSEIrank":178,"engagementScore":0,"voiceSEI":0,"voiceSEIadj":0,"voiceSEIrank":178,"voiceScore":0},"scoped":{"SEI":0.00029649835443413294,"SEIrank":9,"SEIadj":0,"audienceSEI":0.002964983544341329,"audienceSEIadj":0,"audienceSEIrank":9,"audienceScore":0.0011110740753086008,"combinedScore":0.00005555370376543004,"combinedScoreRank":9,"engagementSEI":0,"engagementSEIadj":0,"engagementSEIrank":7,"engagementScore":0,"voiceSEI":0,"voiceSEIadj":0,"voiceSEIrank":7,"voiceScore":0}},"twitter":{"entityString":"536575ffb08f37d80186dc68","type":"twitter","profiles":1,"postsMade":29,"repliesMade":0,"repliesRcvd":0,"sharesMade":0,"sharesRcvd":158,"mentionsRcvd":0,"likesRcvd":368,"reachRcvd":0,"audience":7357,"voice":29,"conversation":29,"engagement":526,"group_scoped":{"audienceScore":2.1322598128294974,"voiceScore":0.3331418724870764,"engagementScore":0.6954728157393696,"combinedScore":0.7491956184312614,"combinedScoreRank":119,"SEIrank":133,"engagementSEIrank":114,"voiceSEIrank":179,"audienceSEIrank":82,"engagementSEI":1.78148072884915,"engagementSEIadj":1.78148072884915,"voiceSEI":0.6220506220506221,"voiceSEIadj":0.6220506220506221,"audienceSEI":5.782259458949652,"audienceSEIadj":5.782259458949652,"SEI":1.8337295698196419,"SEIadj":1.8337295698196419},"non_scoped":{"SEI":0.4458328004025367,"SEIrank":163,"SEIadj":0,"audienceSEI":1.2994169667789401,"audienceSEIadj":0,"audienceSEIrank":103,"audienceScore":0.2109451789120195,"combinedScore":0.07276360634904955,"combinedScoreRank":130,"engagementSEI":0.2845765976324959,"engagementSEIadj":0,"engagementSEIrank":124,"engagementScore":0.06678423739637969,"voiceSEI":0.4838171504838172,"voiceSEIadj":0,"voiceSEIrank":176,"voiceScore":0.04221067493413679},"scoped":{"SEI":8.525930659437936,"SEIrank":4,"SEIadj":0,"audienceSEI":35.4468802698145,"audienceSEIadj":0,"audienceSEIrank":5,"audienceScore":9.290314433640612,"combinedScore":4.323598915849672,"combinedScoreRank":3,"engagementSEI":4.748149485466691,"engagementSEIadj":0,"engagementSEIrank":3,"engagementScore":4.049892208192177,"voiceSEI":7.107843137254902,"voiceSEIadj":0,"voiceSEIrank":5,"voiceScore":4.283604135893649}},"instagram":{"entityString":"536575ffb08f37d80186dc68","type":"instagram","profiles":0,"postsMade":0,"repliesMade":0,"repliesRcvd":0,"sharesMade":0,"sharesRcvd":0,"mentionsRcvd":0,"likesRcvd":0,"reachRcvd":0,"audience":0,"voice":0,"conversation":0,"engagement":0,"group_scoped":{"audienceScore":0,"voiceScore":0,"engagementScore":0,"combinedScore":0,"combinedScoreRank":133,"SEIrank":96,"engagementSEIrank":94,"voiceSEIrank":94,"audienceSEIrank":96,"engagementSEI":0,"engagementSEIadj":0,"voiceSEI":0,"voiceSEIadj":0,"audienceSEI":0,"audienceSEIadj":0,"SEI":0,"SEIadj":0},"non_scoped":{"SEI":0,"SEIrank":96,"SEIadj":0,"audienceSEI":0,"audienceSEIadj":0,"audienceSEIrank":96,"audienceScore":0,"combinedScore":0,"combinedScoreRank":96,"engagementSEI":0,"engagementSEIadj":0,"engagementSEIrank":94,"engagementScore":0,"voiceSEI":0,"voiceSEIadj":0,"voiceSEIrank":94,"voiceScore":0},"scoped":{"SEI":0,"SEIrank":4,"SEIadj":0,"audienceSEI":0,"audienceSEIadj":0,"audienceSEIrank":4,"audienceScore":null,"combinedScore":null,"combinedScoreRank":7,"engagementSEI":0,"engagementSEIadj":0,"engagementSEIrank":4,"engagementScore":0,"voiceSEI":0,"voiceSEIadj":0,"voiceSEIrank":4,"voiceScore":0}}},"blended":{"combined":{"non_scoped":{"SEI":0.1423435072949872,"SEIadj":40.08540610437699,"SEIrank":185,"audienceSEI":0.289078429908892,"audienceSEIadj":50.14453921495445,"audienceSEIrank":142,"engagementSEI":0.004616453417773701,"engagementSEIadj":40.00276987205066,"engagementSEIrank":170,"voiceSEI":0.3688859741781127,"voiceSEIadj":40.22133158450687,"voiceSEIrank":181},"scoped":{"SEI":22.11729264833085,"SEIadj":68.84691705933234,"SEIrank":3,"compCharisma":9,"compInfluence":9,"compEva":4.117292648330849,"audienceSEI":16.968774503021077,"audienceSEIadj":58.48438725151054,"audienceSEIrank":6,"engagementSEI":1.3530861928912066,"engagementSEIadj":50.676543096445606,"engagementSEIrank":4,"voiceSEI":9.695870535714285,"voiceSEIadj":54.84793526785714,"voiceSEIrank":5}},"facebook":{"non_scoped":{"SEI":0.000005385212314688114,"SEIadj":40.00000323112739,"SEIrank":179,"audienceSEI":0.00005385212314688114,"audienceSEIadj":40.00003231127389,"audienceSEIrank":179,"engagementSEI":0,"engagementSEIadj":0,"engagementSEIrank":178,"voiceSEI":0,"voiceSEIadj":0,"voiceSEIrank":178},"scoped":{"SEI":0.00029649835443413294,"SEIadj":40.00017789901266,"SEIrank":9,"audienceSEI":0.002964983544341329,"audienceSEIadj":40.0017789901266,"audienceSEIrank":9,"engagementSEI":0,"engagementSEIadj":0,"engagementSEIrank":7,"voiceSEI":0,"voiceSEIadj":0,"voiceSEIrank":7}},"twitter":{"non_scoped":{"SEI":0.4921863950004734,"SEIadj":50.24609319750024,"SEIrank":152,"audienceSEI":1.2994169667789401,"audienceSEIadj":50.64970848338947,"audienceSEIrank":103,"engagementSEI":0.2774456478883305,"engagementSEIadj":50.138722823944164,"engagementSEIrank":129,"voiceSEI":0.6525910319652704,"voiceSEIadj":40.39155461917916,"voiceSEIrank":162},"scoped":{"SEI":10.287849875035274,"SEIadj":55.14392493751764,"SEIrank":4,"audienceSEI":35.4468802698145,"audienceSEIadj":67.72344013490725,"audienceSEIrank":5,"engagementSEI":5.3751038342375175,"engagementSEIadj":62.15004153369501,"engagementSEIrank":3,"voiceSEI":11.726998491704371,"voiceSEIadj":55.86349924585218,"voiceSEIrank":4}},"instagram":{"non_scoped":{"SEI":0,"SEIadj":0,"SEIrank":96,"audienceSEI":0,"audienceSEIadj":0,"audienceSEIrank":96,"engagementSEI":0,"engagementSEIadj":0,"engagementSEIrank":94,"voiceSEI":0,"voiceSEIadj":0,"voiceSEIrank":94},"scoped":{"SEI":0,"SEIadj":0,"SEIrank":4,"audienceSEI":0,"audienceSEIadj":0,"audienceSEIrank":4,"engagementSEI":0,"engagementSEIadj":0,"engagementSEIrank":4,"voiceSEI":0,"voiceSEIadj":0,"voiceSEIrank":4}},"influence":{"facebook":{"scope":"anchor","ratio":0,"calculated":false},"instagram":{"scope":"anchor","ratio":0,"calculated":false},"combined":{"ratio":1.73,"bottom":true,"scope":"anchor","calculated":true},"twitter":{"ratio":0.41,"bottom":false,"scope":"anchor","calculated":true}},"charisma":{"facebook":{"scope":"anchor","ratio":0,"calculated":false},"instagram":{"scope":"anchor","ratio":0,"calculated":false},"combined":{"ratio":1.87,"bottom":false,"scope":"anchor","calculated":true},"twitter":{"ratio":2,"bottom":false,"scope":"anchor","calculated":true}}},"scope":"anchor"}}