{"scoreEntityString":"591d1494ab33fb0001804f89.asset.536575feb08f37d80186a102","timeQuantum":4995834,"scoreEntityType":"asset","scoreProfileID":"591d1494ab33fb0001804f89","data":{"scoreEntityString":"591d1494ab33fb0001804f89.asset.536575feb08f37d80186a102","scoreProfileID":"591d1494ab33fb0001804f89","scoreEntityType":"asset","entityID":"asset.536575feb08f37d80186a102","object_version":"1.2","score_engine_version":"3.0.20","timestamp":4995834,"start_quantum":4969914,"end_quantum":4995833,"schedule_options":{"interval":15,"offset":"1"},"_15min":{"boundaryQuantum":4995831,"combined":{"entityString":"536575feb08f37d80186a102","type":"combined","profiles":2,"postsMade":0,"repliesMade":0,"repliesRcvd":0,"sharesMade":0,"sharesRcvd":0,"mentionsRcvd":0,"likesRcvd":0,"reachRcvd":0,"audience":16816,"voice":0,"conversation":0,"engagement":0,"group_scoped":{"audienceScore":1.1105409594529714,"voiceScore":0,"engagementScore":0,"combinedScore":1.1105409594529714,"engagementSEI":0,"engagementSEIadj":0,"voiceSEI":0,"voiceSEIadj":0,"audienceSEI":2.5827299898324974,"audienceSEIadj":2.5827299898324974,"SEI":0.25827299898324974,"SEIadj":0.25827299898324974,"combinedScoreRank":71,"SEIrank":62,"engagementSEIrank":155,"voiceSEIrank":151,"audienceSEIrank":59},"non_scoped":{"SEI":0.06606608966224418,"SEIrank":98,"SEIadj":0,"audienceSEI":0.6606608966224419,"audienceSEIadj":0,"audienceSEIrank":97,"audienceScore":0.12173926137512084,"combinedScore":0.0060869630687560424,"combinedScoreRank":98,"engagementSEI":0,"engagementSEIadj":0,"engagementSEIrank":155,"engagementScore":0,"voiceSEI":0,"voiceSEIadj":0,"voiceSEIrank":151,"voiceScore":0},"scoped":{"SEI":0.862500512904682,"SEIrank":86,"SEIadj":0,"audienceSEI":8.62500512904682,"audienceSEIadj":0,"audienceSEIrank":85,"audienceScore":0.34950522439228887,"combinedScore":0.017475261219614444,"combinedScoreRank":86,"engagementSEI":0,"engagementSEIadj":0,"engagementSEIrank":139,"engagementScore":0,"voiceSEI":0,"voiceSEIadj":0,"voiceSEIrank":137,"voiceScore":0}},"facebook":{"entityString":"536575feb08f37d80186a102","type":"facebook","profiles":1,"postsMade":0,"repliesMade":0,"repliesRcvd":0,"sharesMade":0,"sharesRcvd":0,"mentionsRcvd":0,"likesRcvd":0,"reachRcvd":0,"audience":11600,"voice":0,"conversation":0,"engagement":0,"group_scoped":{"audienceScore":1.1158738831641566,"voiceScore":0,"engagementScore":0,"combinedScore":1.1158738831641566,"engagementSEI":0,"engagementSEIadj":0,"voiceSEI":0,"voiceSEIadj":0,"audienceSEI":2.133392185531555,"audienceSEIadj":2.133392185531555,"SEI":0.21333921855315552,"SEIadj":0.21333921855315552,"combinedScoreRank":52,"SEIrank":43,"engagementSEIrank":154,"voiceSEIrank":151,"audienceSEIrank":41},"non_scoped":{"SEI":0.0624684628503821,"SEIrank":76,"SEIadj":0,"audienceSEI":0.624684628503821,"audienceSEIadj":0,"audienceSEIrank":76,"audienceScore":0.11914061817958475,"combinedScore":0.005957030908979238,"combinedScoreRank":76,"engagementSEI":0,"engagementSEIadj":0,"engagementSEIrank":154,"engagementScore":0,"voiceSEI":0,"voiceSEIadj":0,"voiceSEIrank":151,"voiceScore":0},"scoped":{"SEI":0.7962548564681979,"SEIrank":65,"SEIadj":0,"audienceSEI":7.9625485646819785,"audienceSEIadj":0,"audienceSEIrank":65,"audienceScore":0.4883863000906462,"combinedScore":0.024419315004532312,"combinedScoreRank":65,"engagementSEI":0,"engagementSEIadj":0,"engagementSEIrank":138,"engagementScore":0,"voiceSEI":0,"voiceSEIadj":0,"voiceSEIrank":137,"voiceScore":0}},"twitter":{"entityString":"536575feb08f37d80186a102","type":"twitter","profiles":1,"postsMade":0,"repliesMade":0,"repliesRcvd":0,"sharesMade":0,"sharesRcvd":0,"mentionsRcvd":0,"likesRcvd":0,"reachRcvd":0,"audience":5216,"voice":0,"conversation":0,"engagement":0,"group_scoped":{"audienceScore":1.2285631511137385,"voiceScore":0,"engagementScore":0,"combinedScore":1.2285631511137385,"engagementSEI":0,"engagementSEIadj":0,"voiceSEI":0,"voiceSEIadj":0,"audienceSEI":4.475409273432406,"audienceSEIadj":4.475409273432406,"SEI":0.4475409273432406,"SEIadj":0.4475409273432406,"combinedScoreRank":118,"SEIrank":99,"engagementSEIrank":152,"voiceSEIrank":151,"audienceSEIrank":98},"non_scoped":{"SEI":0.09212666710233726,"SEIrank":124,"SEIadj":0,"audienceSEI":0.9212666710233726,"audienceSEIadj":0,"audienceSEIrank":124,"audienceScore":0.14955689183160167,"combinedScore":0.007477844591580084,"combinedScoreRank":124,"engagementSEI":0,"engagementSEIadj":0,"engagementSEIrank":152,"engagementScore":0,"voiceSEI":0,"voiceSEIadj":0,"voiceSEIrank":151,"voiceScore":0},"scoped":{"SEI":0.4475409273432406,"SEIrank":110,"SEIadj":0,"audienceSEI":4.475409273432406,"audienceSEIadj":0,"audienceSEIrank":110,"audienceScore":0.23690203356051587,"combinedScore":0.033843147651502266,"combinedScoreRank":110,"engagementSEI":0,"engagementSEIadj":0,"engagementSEIrank":138,"engagementScore":0,"voiceSEI":0,"voiceSEIadj":0,"voiceSEIrank":137,"voiceScore":0}},"instagram":{"entityString":"536575feb08f37d80186a102","type":"instagram","profiles":0,"postsMade":0,"repliesMade":0,"repliesRcvd":0,"sharesMade":0,"sharesRcvd":0,"mentionsRcvd":0,"likesRcvd":0,"reachRcvd":0,"audience":0,"voice":0,"conversation":0,"engagement":0,"group_scoped":{"audienceScore":0,"voiceScore":0,"engagementScore":0,"combinedScore":0,"engagementSEI":0,"engagementSEIadj":0,"voiceSEI":0,"voiceSEIadj":0,"audienceSEI":0,"audienceSEIadj":0,"SEI":0,"SEIadj":0,"combinedScoreRank":171,"SEIrank":152,"engagementSEIrank":152,"voiceSEIrank":151,"audienceSEIrank":152},"non_scoped":{"SEI":0,"SEIrank":152,"SEIadj":0,"audienceSEI":0,"audienceSEIadj":0,"audienceSEIrank":152,"audienceScore":0,"combinedScore":0,"combinedScoreRank":152,"engagementSEI":0,"engagementSEIadj":0,"engagementSEIrank":152,"engagementScore":0,"voiceSEI":0,"voiceSEIadj":0,"voiceSEIrank":151,"voiceScore":0},"scoped":{"SEI":0,"SEIrank":137,"SEIadj":0,"audienceSEI":0,"audienceSEIadj":0,"audienceSEIrank":137,"audienceScore":0,"combinedScore":0,"combinedScoreRank":137,"engagementSEI":0,"engagementSEIadj":0,"engagementSEIrank":137,"engagementScore":0,"voiceSEI":0,"voiceSEIadj":0,"voiceSEIrank":137,"voiceScore":0}}},"hour":{"boundaryQuantum":4995822,"combined":{"entityString":"536575feb08f37d80186a102","type":"combined","profiles":2,"postsMade":0,"repliesMade":0,"repliesRcvd":1,"sharesMade":0,"sharesRcvd":0,"mentionsRcvd":0,"likesRcvd":3,"reachRcvd":0,"audience":16816,"voice":0,"conversation":1,"engagement":4,"group_scoped":{"audienceScore":1.1105409594529714,"voiceScore":0,"engagementScore":0.3289473684210526,"combinedScore":0.4406035957113267,"combinedScoreRank":132,"SEIrank":55,"engagementSEIrank":32,"voiceSEIrank":157,"audienceSEIrank":59,"engagementSEI":0.3795066413662239,"engagementSEIadj":0.3795066413662239,"voiceSEI":0,"voiceSEIadj":0,"audienceSEI":2.5827299898324974,"audienceSEIadj":2.5827299898324974,"SEI":0.48597698380298404,"SEIadj":0.48597698380298404},"non_scoped":{"SEI":0.14603943188150442,"SEIrank":70,"SEIadj":0,"audienceSEI":0.6606608966224419,"audienceSEIadj":0,"audienceSEIrank":97,"audienceScore":0.12173926137512084,"combinedScore":0.04719693223627917,"combinedScoreRank":50,"engagementSEI":0.13328890369876709,"engagementSEIadj":0,"engagementSEIrank":36,"engagementScore":0.04567774351947013,"voiceSEI":0,"voiceSEIadj":0,"voiceSEIrank":157,"voiceScore":0},"scoped":{"SEI":2.7979843838724237,"SEIrank":54,"SEIadj":0,"audienceSEI":8.62500512904682,"audienceSEIadj":0,"audienceSEIrank":85,"audienceScore":0.34950522439228887,"combinedScore":0.726136678542449,"combinedScoreRank":31,"engagementSEI":3.225806451612903,"engagementSEIadj":0,"engagementSEIrank":27,"engagementScore":0.7874015748031495,"voiceSEI":0,"voiceSEIadj":0,"voiceSEIrank":141,"voiceScore":0}},"facebook":{"entityString":"536575feb08f37d80186a102","type":"facebook","profiles":1,"postsMade":0,"repliesMade":0,"repliesRcvd":1,"sharesMade":0,"sharesRcvd":0,"mentionsRcvd":0,"likesRcvd":3,"reachRcvd":0,"audience":11600,"voice":0,"conversation":1,"engagement":4,"group_scoped":{"audienceScore":1.1158738831641566,"voiceScore":0,"engagementScore":0.39643211100099107,"combinedScore":0.49920950702430045,"combinedScoreRank":86,"SEIrank":41,"engagementSEIrank":27,"voiceSEIrank":155,"audienceSEIrank":41,"engagementSEI":0.4694835680751174,"engagementSEIadj":0.4694835680751174,"voiceSEI":0,"voiceSEIadj":0,"audienceSEI":2.133392185531555,"audienceSEIadj":2.133392185531555,"SEI":0.49502935939822595,"SEIadj":0.49502935939822595},"non_scoped":{"SEI":0.15885400501905678,"SEIrank":47,"SEIadj":0,"audienceSEI":0.624684628503821,"audienceSEIadj":0,"audienceSEIrank":76,"audienceScore":0.11914061817958475,"combinedScore":0.05746654586104677,"combinedScoreRank":33,"engagementSEI":0.1606425702811245,"engagementSEIadj":0,"engagementSEIrank":26,"engagementScore":0.05723279439118615,"voiceSEI":0,"voiceSEIadj":0,"voiceSEIrank":155,"voiceScore":0},"scoped":{"SEI":2.7634679712222963,"SEIrank":34,"SEIadj":0,"audienceSEI":7.9625485646819785,"audienceSEIadj":0,"audienceSEIrank":65,"audienceScore":0.4883863000906462,"combinedScore":1.0026801845697497,"combinedScoreRank":18,"engagementSEI":3.278688524590164,"engagementSEIadj":0,"engagementSEIrank":17,"engagementScore":1.0869565217391304,"voiceSEI":0,"voiceSEIadj":0,"voiceSEIrank":139,"voiceScore":0}},"twitter":{"entityString":"536575feb08f37d80186a102","type":"twitter","profiles":1,"postsMade":0,"repliesMade":0,"repliesRcvd":0,"sharesMade":0,"sharesRcvd":0,"mentionsRcvd":0,"likesRcvd":0,"reachRcvd":0,"audience":5216,"voice":0,"conversation":0,"engagement":0,"group_scoped":{"audienceScore":1.2285631511137385,"voiceScore":0,"engagementScore":0,"combinedScore":1.2285631511137385,"combinedScoreRank":124,"SEIrank":115,"engagementSEIrank":160,"voiceSEIrank":156,"audienceSEIrank":98,"engagementSEI":0,"engagementSEIadj":0,"voiceSEI":0,"voiceSEIadj":0,"audienceSEI":4.475409273432406,"audienceSEIadj":4.475409273432406,"SEI":0.4475409273432406,"SEIadj":0.4475409273432406},"non_scoped":{"SEI":0.09212666710233726,"SEIrank":132,"SEIadj":0,"audienceSEI":0.9212666710233726,"audienceSEIadj":0,"audienceSEIrank":124,"audienceScore":0.14955689183160167,"combinedScore":0.007477844591580084,"combinedScoreRank":132,"engagementSEI":0,"engagementSEIadj":0,"engagementSEIrank":160,"engagementScore":0,"voiceSEI":0,"voiceSEIadj":0,"voiceSEIrank":156,"voiceScore":0},"scoped":{"SEI":0.4475409273432406,"SEIrank":118,"SEIadj":0,"audienceSEI":4.475409273432406,"audienceSEIadj":0,"audienceSEIrank":110,"audienceScore":0.23690203356051587,"combinedScore":0.011845101678025794,"combinedScoreRank":118,"engagementSEI":0,"engagementSEIadj":0,"engagementSEIrank":143,"engagementScore":0,"voiceSEI":0,"voiceSEIadj":0,"voiceSEIrank":140,"voiceScore":0}},"instagram":{"entityString":"536575feb08f37d80186a102","type":"instagram","profiles":0,"postsMade":0,"repliesMade":0,"repliesRcvd":0,"sharesMade":0,"sharesRcvd":0,"mentionsRcvd":0,"likesRcvd":0,"reachRcvd":0,"audience":0,"voice":0,"conversation":0,"engagement":0,"group_scoped":{"audienceScore":0,"voiceScore":0,"engagementScore":0,"combinedScore":0,"combinedScoreRank":171,"SEIrank":152,"engagementSEIrank":152,"voiceSEIrank":151,"audienceSEIrank":152,"engagementSEI":0,"engagementSEIadj":0,"voiceSEI":0,"voiceSEIadj":0,"audienceSEI":0,"audienceSEIadj":0,"SEI":0,"SEIadj":0},"non_scoped":{"SEI":0,"SEIrank":152,"SEIadj":0,"audienceSEI":0,"audienceSEIadj":0,"audienceSEIrank":152,"audienceScore":0,"combinedScore":0,"combinedScoreRank":152,"engagementSEI":0,"engagementSEIadj":0,"engagementSEIrank":152,"engagementScore":0,"voiceSEI":0,"voiceSEIadj":0,"voiceSEIrank":151,"voiceScore":0},"scoped":{"SEI":0,"SEIrank":137,"SEIadj":0,"audienceSEI":0,"audienceSEIadj":0,"audienceSEIrank":137,"audienceScore":0,"combinedScore":0,"combinedScoreRank":137,"engagementSEI":0,"engagementSEIadj":0,"engagementSEIrank":137,"engagementScore":0,"voiceSEI":0,"voiceSEIadj":0,"voiceSEIrank":137,"voiceScore":0}}},"today":{"boundaryQuantum":4995546,"combined":{"entityString":"536575feb08f37d80186a102","type":"combined","profiles":2,"postsMade":2,"repliesMade":0,"repliesRcvd":44,"sharesMade":0,"sharesRcvd":14,"mentionsRcvd":0,"likesRcvd":199,"reachRcvd":0,"audience":16816,"voice":2,"conversation":46,"engagement":257,"group_scoped":{"audienceScore":1.1105409594529714,"voiceScore":1.0050251256281406,"engagementScore":0.7950010826862993,"combinedScore":0.8212792786717249,"combinedScoreRank":48,"SEIrank":69,"engagementSEIrank":37,"voiceSEIrank":98,"audienceSEIrank":59,"engagementSEI":0.95642142086264,"engagementSEIadj":0.95642142086264,"voiceSEI":1.9230769230769231,"voiceSEIadj":1.9230769230769231,"audienceSEI":2.5827299898324974,"audienceSEIadj":2.5827299898324974,"SEI":1.4090489284239105,"SEIadj":1.4090489284239105},"non_scoped":{"SEI":0.6337291258016701,"SEIrank":97,"SEIadj":0,"audienceSEI":0.6606608966224419,"audienceSEIadj":0,"audienceSEIrank":97,"audienceScore":0.12173926137512084,"combinedScore":0.0991282047722682,"combinedScoreRank":42,"engagementSEI":0.26117355338306136,"engagementSEIadj":0,"engagementSEIrank":36,"engagementScore":0.09562541626822743,"voiceSEI":1.36986301369863,"voiceSEIadj":0,"voiceSEIrank":101,"voiceScore":0.13956734124214934},"scoped":{"SEI":11.221925901353817,"SEIrank":43,"SEIadj":0,"audienceSEI":8.62500512904682,"audienceSEIadj":0,"audienceSEIrank":85,"audienceScore":0.34950522439228887,"combinedScore":0.9905758243567183,"combinedScoreRank":27,"engagementSEI":13.562005277044856,"engagementSEIadj":0,"engagementSEIrank":27,"engagementScore":1.063037723362012,"voiceSEI":7.4074074074074066,"voiceSEIadj":0,"voiceSEIrank":90,"voiceScore":0.32733224222585927}},"facebook":{"entityString":"536575feb08f37d80186a102","type":"facebook","profiles":1,"postsMade":2,"repliesMade":0,"repliesRcvd":44,"sharesMade":0,"sharesRcvd":14,"mentionsRcvd":0,"likesRcvd":199,"reachRcvd":0,"audience":11600,"voice":2,"conversation":46,"engagement":257,"group_scoped":{"audienceScore":1.1158738831641566,"voiceScore":2.380952380952381,"engagementScore":0.852206784494479,"combinedScore":0.9418274192508579,"combinedScoreRank":46,"SEIrank":35,"engagementSEIrank":32,"voiceSEIrank":36,"audienceSEIrank":41,"engagementSEI":1.0191941624365481,"engagementSEIadj":1.0191941624365481,"voiceSEI":4.444444444444445,"voiceSEIadj":4.444444444444445,"audienceSEI":2.133392185531555,"audienceSEIadj":2.133392185531555,"SEI":2.1581890493484175,"SEIadj":2.1581890493484175},"non_scoped":{"SEI":1.152830385037005,"SEIrank":38,"SEIadj":0,"audienceSEI":0.624684628503821,"audienceSEIadj":0,"audienceSEIrank":76,"audienceScore":0.11914061817958475,"combinedScore":0.12603256785380762,"combinedScoreRank":33,"engagementSEI":0.3021183551595232,"engagementSEIadj":0,"engagementSEIrank":31,"engagementScore":0.11145854566114,"voiceSEI":3.0303030303030303,"voiceSEIadj":0,"voiceSEIrank":38,"voiceScore":0.3952569169960474},"scoped":{"SEI":14.709549654156058,"SEIrank":27,"SEIadj":0,"audienceSEI":7.9625485646819785,"audienceSEIadj":0,"audienceSEIrank":65,"audienceScore":0.4883863000906462,"combinedScore":1.3727438924795385,"combinedScoreRank":23,"engagementSEI":14.85549132947977,"engagementSEIadj":0,"engagementSEIrank":23,"engagementScore":1.430798352076606,"voiceSEI":16.666666666666664,"voiceSEIadj":0,"voiceSEIrank":29,"voiceScore":1.2121212121212122}},"twitter":{"entityString":"536575feb08f37d80186a102","type":"twitter","profiles":1,"postsMade":0,"repliesMade":0,"repliesRcvd":0,"sharesMade":0,"sharesRcvd":0,"mentionsRcvd":0,"likesRcvd":0,"reachRcvd":0,"audience":5216,"voice":0,"conversation":0,"engagement":0,"group_scoped":{"audienceScore":1.2285631511137385,"voiceScore":0,"engagementScore":0,"combinedScore":1.2285631511137385,"combinedScoreRank":100,"SEIrank":165,"engagementSEIrank":196,"voiceSEIrank":187,"audienceSEIrank":98,"engagementSEI":0,"engagementSEIadj":0,"voiceSEI":0,"voiceSEIadj":0,"audienceSEI":4.475409273432406,"audienceSEIadj":4.475409273432406,"SEI":0.4475409273432406,"SEIadj":0.4475409273432406},"non_scoped":{"SEI":0.09212666710233726,"SEIrank":173,"SEIadj":0,"audienceSEI":0.9212666710233726,"audienceSEIadj":0,"audienceSEIrank":124,"audienceScore":0.14955689183160167,"combinedScore":0.007477844591580084,"combinedScoreRank":176,"engagementSEI":0,"engagementSEIadj":0,"engagementSEIrank":196,"engagementScore":0,"voiceSEI":0,"voiceSEIadj":0,"voiceSEIrank":187,"voiceScore":0},"scoped":{"SEI":0.4475409273432406,"SEIrank":159,"SEIadj":0,"audienceSEI":4.475409273432406,"audienceSEIadj":0,"audienceSEIrank":110,"audienceScore":0.23690203356051587,"combinedScore":0.011845101678025794,"combinedScoreRank":159,"engagementSEI":0,"engagementSEIadj":0,"engagementSEIrank":179,"engagementScore":0,"voiceSEI":0,"voiceSEIadj":0,"voiceSEIrank":169,"voiceScore":0}},"instagram":{"entityString":"536575feb08f37d80186a102","type":"instagram","profiles":0,"postsMade":0,"repliesMade":0,"repliesRcvd":0,"sharesMade":0,"sharesRcvd":0,"mentionsRcvd":0,"likesRcvd":0,"reachRcvd":0,"audience":0,"voice":0,"conversation":0,"engagement":0,"group_scoped":{"audienceScore":0,"voiceScore":0,"engagementScore":0,"combinedScore":0,"combinedScoreRank":171,"SEIrank":152,"engagementSEIrank":152,"voiceSEIrank":152,"audienceSEIrank":152,"engagementSEI":0,"engagementSEIadj":0,"voiceSEI":0,"voiceSEIadj":0,"audienceSEI":0,"audienceSEIadj":0,"SEI":0,"SEIadj":0},"non_scoped":{"SEI":0,"SEIrank":152,"SEIadj":0,"audienceSEI":0,"audienceSEIadj":0,"audienceSEIrank":152,"audienceScore":0,"combinedScore":0,"combinedScoreRank":152,"engagementSEI":0,"engagementSEIadj":0,"engagementSEIrank":152,"engagementScore":0,"voiceSEI":0,"voiceSEIadj":0,"voiceSEIrank":152,"voiceScore":0},"scoped":{"SEI":0,"SEIrank":137,"SEIadj":0,"audienceSEI":0,"audienceSEIadj":0,"audienceSEIrank":137,"audienceScore":0,"combinedScore":0,"combinedScoreRank":137,"engagementSEI":0,"engagementSEIadj":0,"engagementSEIrank":137,"engagementScore":0,"voiceSEI":0,"voiceSEIadj":0,"voiceSEIrank":137,"voiceScore":0}}},"week":{"boundaryQuantum":4993818,"combined":{"entityString":"536575feb08f37d80186a102","type":"combined","profiles":2,"postsMade":2,"repliesMade":0,"repliesRcvd":44,"sharesMade":0,"sharesRcvd":14,"mentionsRcvd":0,"likesRcvd":199,"reachRcvd":0,"audience":16816,"voice":2,"conversation":46,"engagement":257,"group_scoped":{"audienceScore":1.1105409594529714,"voiceScore":0.163265306122449,"engagementScore":0.13784373776435693,"combinedScore":0.18774967726669226,"combinedScoreRank":130,"SEIrank":150,"engagementSEIrank":101,"voiceSEIrank":174,"audienceSEIrank":59,"engagementSEI":0.16064708897473404,"engagementSEIadj":0.16064708897473404,"voiceSEI":0.3710575139146568,"voiceSEIadj":0.3710575139146568,"audienceSEI":2.5827299898324974,"audienceSEIadj":2.5827299898324974,"SEI":0.4659785065424872,"SEIadj":0.4659785065424872},"non_scoped":{"SEI":0.15736377111855812,"SEIrank":170,"SEIadj":0,"audienceSEI":0.6606608966224419,"audienceSEIadj":0,"audienceSEIrank":97,"audienceScore":0.12173926137512084,"combinedScore":0.01951756397780187,"combinedScoreRank":123,"engagementSEI":0.03240232338527371,"engagementSEIadj":0,"engagementSEIrank":98,"engagementScore":0.013589823178950473,"voiceSEI":0.23952095808383234,"voiceSEIadj":0,"voiceSEIrank":179,"voiceScore":0.02399520095980804},"scoped":{"SEI":1.6522661087373636,"SEIrank":138,"SEIadj":0,"audienceSEI":8.62500512904682,"audienceSEIadj":0,"audienceSEIrank":85,"audienceScore":0.34950522439228887,"combinedScore":0.1358766488112179,"combinedScoreRank":97,"engagementSEI":0.8795947703470463,"engagementSEIadj":0,"engagementSEIrank":87,"engagementScore":0.12873558612260436,"voiceSEI":0.8733624454148471,"voiceSEIadj":0,"voiceSEIrank":164,"voiceScore":0.050787201625190445}},"facebook":{"entityString":"536575feb08f37d80186a102","type":"facebook","profiles":1,"postsMade":2,"repliesMade":0,"repliesRcvd":44,"sharesMade":0,"sharesRcvd":14,"mentionsRcvd":0,"likesRcvd":199,"reachRcvd":0,"audience":11600,"voice":2,"conversation":46,"engagement":257,"group_scoped":{"audienceScore":1.1158738831641566,"voiceScore":0.43010752688172044,"engagementScore":0.15164299580474044,"combinedScore":0.21377776672656024,"combinedScoreRank":90,"SEIrank":91,"engagementSEIrank":69,"voiceSEIrank":99,"audienceSEIrank":41,"engagementSEI":0.1750156628803356,"engagementSEIadj":0.1750156628803356,"voiceSEI":0.8733624454148471,"voiceSEIadj":0.8733624454148471,"audienceSEI":2.133392185531555,"audienceSEIadj":2.133392185531555,"SEI":0.580357349905811,"SEIadj":0.580357349905811},"non_scoped":{"SEI":0.26086854895498196,"SEIrank":101,"SEIadj":0,"audienceSEI":0.624684628503821,"audienceSEIadj":0,"audienceSEIrank":76,"audienceScore":0.11914061817958475,"combinedScore":0.02379512835823526,"combinedScoreRank":83,"engagementSEI":0.03568155943687002,"engagementSEIadj":0,"engagementSEIrank":72,"engagementScore":0.0160188386528967,"voiceSEI":0.5899705014749262,"voiceSEIadj":0,"voiceSEIrank":94,"voiceScore":0.06842285323297981},"scoped":{"SEI":3.131858969578738,"SEIrank":82,"SEIadj":0,"audienceSEI":7.9625485646819785,"audienceSEIadj":0,"audienceSEIrank":65,"audienceScore":0.4883863000906462,"combinedScore":0.2397793845949151,"combinedScoreRank":65,"engagementSEI":2.6426735218509,"engagementSEIadj":0,"engagementSEIrank":62,"engagementScore":0.2283957200241726,"voiceSEI":2.5,"voiceSEIadj":0,"voiceSEIrank":84,"voiceScore":0.19607843137254902}},"twitter":{"entityString":"536575feb08f37d80186a102","type":"twitter","profiles":1,"postsMade":0,"repliesMade":0,"repliesRcvd":0,"sharesMade":0,"sharesRcvd":0,"mentionsRcvd":0,"likesRcvd":0,"reachRcvd":0,"audience":5216,"voice":0,"conversation":0,"engagement":0,"group_scoped":{"audienceScore":1.2285631511137385,"voiceScore":0,"engagementScore":0,"combinedScore":1.2285631511137385,"combinedScoreRank":105,"SEIrank":184,"engagementSEIrank":211,"voiceSEIrank":209,"audienceSEIrank":98,"engagementSEI":0,"engagementSEIadj":0,"voiceSEI":0,"voiceSEIadj":0,"audienceSEI":4.475409273432406,"audienceSEIadj":4.475409273432406,"SEI":0.4475409273432406,"SEIadj":0.4475409273432406},"non_scoped":{"SEI":0.09212666710233726,"SEIrank":195,"SEIadj":0,"audienceSEI":0.9212666710233726,"audienceSEIadj":0,"audienceSEIrank":124,"audienceScore":0.14955689183160167,"combinedScore":0.007477844591580084,"combinedScoreRank":192,"engagementSEI":0,"engagementSEIadj":0,"engagementSEIrank":211,"engagementScore":0,"voiceSEI":0,"voiceSEIadj":0,"voiceSEIrank":209,"voiceScore":0},"scoped":{"SEI":0.4475409273432406,"SEIrank":175,"SEIadj":0,"audienceSEI":4.475409273432406,"audienceSEIadj":0,"audienceSEIrank":110,"audienceScore":0.23690203356051587,"combinedScore":0.011845101678025794,"combinedScoreRank":175,"engagementSEI":0,"engagementSEIadj":0,"engagementSEIrank":192,"engagementScore":0,"voiceSEI":0,"voiceSEIadj":0,"voiceSEIrank":190,"voiceScore":0}},"instagram":{"entityString":"536575feb08f37d80186a102","type":"instagram","profiles":0,"postsMade":0,"repliesMade":0,"repliesRcvd":0,"sharesMade":0,"sharesRcvd":0,"mentionsRcvd":0,"likesRcvd":0,"reachRcvd":0,"audience":0,"voice":0,"conversation":0,"engagement":0,"group_scoped":{"audienceScore":0,"voiceScore":0,"engagementScore":0,"combinedScore":0,"combinedScoreRank":171,"SEIrank":152,"engagementSEIrank":152,"voiceSEIrank":152,"audienceSEIrank":152,"engagementSEI":0,"engagementSEIadj":0,"voiceSEI":0,"voiceSEIadj":0,"audienceSEI":0,"audienceSEIadj":0,"SEI":0,"SEIadj":0},"non_scoped":{"SEI":0,"SEIrank":152,"SEIadj":0,"audienceSEI":0,"audienceSEIadj":0,"audienceSEIrank":152,"audienceScore":0,"combinedScore":0,"combinedScoreRank":152,"engagementSEI":0,"engagementSEIadj":0,"engagementSEIrank":152,"engagementScore":0,"voiceSEI":0,"voiceSEIadj":0,"voiceSEIrank":152,"voiceScore":0},"scoped":{"SEI":0,"SEIrank":137,"SEIadj":0,"audienceSEI":0,"audienceSEIadj":0,"audienceSEIrank":137,"audienceScore":0,"combinedScore":0,"combinedScoreRank":137,"engagementSEI":0,"engagementSEIadj":0,"engagementSEIrank":137,"engagementScore":0,"voiceSEI":0,"voiceSEIadj":0,"voiceSEIrank":137,"voiceScore":0}}},"month":{"boundaryQuantum":4987194,"combined":{"entityString":"536575feb08f37d80186a102","type":"combined","profiles":2,"postsMade":6,"repliesMade":0,"repliesRcvd":75,"sharesMade":0,"sharesRcvd":24,"mentionsRcvd":0,"likesRcvd":341,"reachRcvd":0,"audience":16816,"voice":6,"conversation":81,"engagement":440,"group_scoped":{"audienceScore":1.1105409594529714,"voiceScore":0.1034126163391934,"engagementScore":0.04449734684569433,"combinedScore":0.10074529095073313,"combinedScoreRank":159,"SEIrank":170,"engagementSEIrank":149,"voiceSEIrank":195,"audienceSEIrank":59,"engagementSEI":0.05145946047094763,"engagementSEIadj":0.05145946047094763,"voiceSEI":0.245398773006135,"voiceSEIadj":0.245398773006135,"audienceSEI":2.5827299898324974,"audienceSEIadj":2.5827299898324974,"SEI":0.36276830716765884,"SEIadj":0.36276830716765884},"non_scoped":{"SEI":0.12225473403359419,"SEIrank":190,"SEIadj":0,"audienceSEI":0.6606608966224419,"audienceSEIadj":0,"audienceSEIrank":97,"audienceScore":0.12173926137512084,"combinedScore":0.011423033578145964,"combinedScoreRank":151,"engagementSEI":0.012081672103419113,"engagementSEIadj":0,"engagementSEIrank":138,"engagementScore":0.005054397958023225,"voiceSEI":0.1631321370309951,"voiceSEIadj":0,"voiceSEIrank":196,"voiceScore":0.015742246943380382},"scoped":{"SEI":1.2675817527985411,"SEIrank":153,"SEIadj":0,"audienceSEI":8.62500512904682,"audienceSEIadj":0,"audienceSEIrank":85,"audienceScore":0.34950522439228887,"combinedScore":0.06573188240188135,"combinedScoreRank":129,"engagementSEI":0.36328508797278664,"engagementSEIadj":0,"engagementSEIrank":126,"engagementScore":0.051777254252207,"voiceSEI":0.6237006237006237,"voiceSEIadj":0,"voiceSEIrank":181,"voiceScore":0.03314184710561202}},"facebook":{"entityString":"536575feb08f37d80186a102","type":"facebook","profiles":1,"postsMade":4,"repliesMade":0,"repliesRcvd":75,"sharesMade":0,"sharesRcvd":24,"mentionsRcvd":0,"likesRcvd":338,"reachRcvd":0,"audience":11600,"voice":4,"conversation":79,"engagement":437,"group_scoped":{"audienceScore":1.1158738831641566,"voiceScore":0.18181818181818182,"engagementScore":0.046896865529408735,"combinedScore":0.10709178222558478,"combinedScoreRank":115,"SEIrank":106,"engagementSEIrank":98,"voiceSEIrank":122,"audienceSEIrank":41,"engagementSEI":0.053540405240833804,"engagementSEIadj":0.053540405240833804,"voiceSEI":0.3813155386081983,"voiceSEIadj":0.3813155386081983,"audienceSEI":2.133392185531555,"audienceSEIadj":2.133392185531555,"SEI":0.3598581232801153,"SEIadj":0.3598581232801153},"non_scoped":{"SEI":0.14949104910503763,"SEIrank":118,"SEIadj":0,"audienceSEI":0.624684628503821,"audienceSEIadj":0,"audienceSEIrank":76,"audienceScore":0.11914061817958475,"combinedScore":0.012673566682157082,"combinedScoreRank":101,"engagementSEI":0.013024442437627229,"engagementSEIadj":0,"engagementSEIrank":98,"engagementScore":0.005790087211698043,"voiceSEI":0.264026402640264,"voiceSEIadj":0,"voiceSEIrank":122,"voiceScore":0.030109145652992098},"scoped":{"SEI":1.7828918613928075,"SEIrank":95,"SEIadj":0,"audienceSEI":7.9625485646819785,"audienceSEIadj":0,"audienceSEIrank":65,"audienceScore":0.4883863000906462,"combinedScore":0.10463132199326178,"combinedScoreRank":88,"engagementSEI":1.1715817694369972,"engagementSEIadj":0,"engagementSEIrank":88,"engagementScore":0.08436798341213471,"voiceSEI":0.9456264775413712,"voiceSEIadj":0,"voiceSEIrank":112,"voiceScore":0.08561643835616438}},"twitter":{"entityString":"536575feb08f37d80186a102","type":"twitter","profiles":1,"postsMade":2,"repliesMade":0,"repliesRcvd":0,"sharesMade":0,"sharesRcvd":0,"mentionsRcvd":0,"likesRcvd":3,"reachRcvd":0,"audience":5216,"voice":2,"conversation":2,"engagement":3,"group_scoped":{"audienceScore":1.2285631511137385,"voiceScore":0.05685048322910744,"engagementScore":0.011713716762328687,"combinedScore":0.07481302680323812,"combinedScoreRank":216,"SEIrank":192,"engagementSEIrank":199,"voiceSEIrank":194,"audienceSEIrank":98,"engagementSEI":0.040236051502145924,"engagementSEIadj":0.040236051502145924,"voiceSEI":0.1524390243902439,"voiceSEIadj":0.1524390243902439,"audienceSEI":4.475409273432406,"audienceSEIadj":4.475409273432406,"SEI":0.5174142655616013,"SEIadj":0.5174142655616013},"non_scoped":{"SEI":0.12363888542269343,"SEIrank":200,"SEIadj":0,"audienceSEI":0.9212666710233726,"audienceSEIadj":0,"audienceSEIrank":124,"audienceScore":0.14955689183160167,"combinedScore":0.00889252029777712,"combinedScoreRank":199,"engagementSEI":0.004787666969885574,"engagementSEIadj":0,"engagementSEIrank":201,"engagementScore":0.0011016896246543448,"voiceSEI":0.0954653937947494,"voiceSEIadj":0,"voiceSEIrank":195,"voiceScore":0.008463100880162491},"scoped":{"SEI":0.5509244124725308,"SEIrank":181,"SEIadj":0,"audienceSEI":4.475409273432406,"audienceSEIadj":0,"audienceSEIrank":110,"audienceScore":0.23690203356051587,"combinedScore":0.014508314335809406,"combinedScoreRank":182,"engagementSEI":0.026320407088962973,"engagementSEIadj":0,"engagementSEIrank":183,"engagementScore":0.0021115310711797126,"voiceSEI":0.291970802919708,"voiceSEIadj":0,"voiceSEIrank":180,"voiceScore":0.01525669387443741}},"instagram":{"entityString":"536575feb08f37d80186a102","type":"instagram","profiles":0,"postsMade":0,"repliesMade":0,"repliesRcvd":0,"sharesMade":0,"sharesRcvd":0,"mentionsRcvd":0,"likesRcvd":0,"reachRcvd":0,"audience":0,"voice":0,"conversation":0,"engagement":0,"group_scoped":{"audienceScore":0,"voiceScore":0,"engagementScore":0,"combinedScore":0,"combinedScoreRank":171,"SEIrank":152,"engagementSEIrank":152,"voiceSEIrank":152,"audienceSEIrank":152,"engagementSEI":0,"engagementSEIadj":0,"voiceSEI":0,"voiceSEIadj":0,"audienceSEI":0,"audienceSEIadj":0,"SEI":0,"SEIadj":0},"non_scoped":{"SEI":0,"SEIrank":152,"SEIadj":0,"audienceSEI":0,"audienceSEIadj":0,"audienceSEIrank":152,"audienceScore":0,"combinedScore":0,"combinedScoreRank":152,"engagementSEI":0,"engagementSEIadj":0,"engagementSEIrank":152,"engagementScore":0,"voiceSEI":0,"voiceSEIadj":0,"voiceSEIrank":152,"voiceScore":0},"scoped":{"SEI":0,"SEIrank":137,"SEIadj":0,"audienceSEI":0,"audienceSEIadj":0,"audienceSEIrank":137,"audienceScore":0,"combinedScore":0,"combinedScoreRank":137,"engagementSEI":0,"engagementSEIadj":0,"engagementSEIrank":137,"engagementScore":0,"voiceSEI":0,"voiceSEIadj":0,"voiceSEIrank":137,"voiceScore":0}}},"quarter":{"boundaryQuantum":4969914,"combined":{"entityString":"536575feb08f37d80186a102","type":"combined","profiles":2,"postsMade":37,"repliesMade":0,"repliesRcvd":847,"sharesMade":0,"sharesRcvd":91,"mentionsRcvd":0,"likesRcvd":3168,"reachRcvd":0,"audience":16816,"voice":37,"conversation":884,"engagement":4106,"group_scoped":{"audienceScore":1.1105409594529714,"voiceScore":0.21967582972154606,"engagementScore":0.14440595729086547,"combinedScore":0.1964762010205048,"combinedScoreRank":109,"SEIrank":145,"engagementSEIrank":93,"voiceSEIrank":181,"audienceSEIrank":59,"engagementSEI":0.16421431688083984,"engagementSEIadj":0.16421431688083984,"voiceSEI":0.5307703342418592,"voiceSEIadj":0.5307703342418592,"audienceSEI":2.5827299898324974,"audienceSEIadj":2.5827299898324974,"SEI":0.5160326893843113,"SEIadj":0.5160326893843113},"non_scoped":{"SEI":0.1913862722683317,"SEIrank":175,"SEIadj":0,"audienceSEI":0.6606608966224419,"audienceSEIadj":0,"audienceSEIrank":97,"audienceScore":0.12173926137512084,"combinedScore":0.0211050330809544,"combinedScoreRank":110,"engagementSEI":0.036050530094685763,"engagementSEIadj":0,"engagementSEIrank":91,"engagementScore":0.014842684176165959,"voiceSEI":0.34563288183092017,"voiceSEIadj":0,"voiceSEIrank":180,"voiceScore":0.03319308507297993},"scoped":{"SEI":1.9154524930951098,"SEIrank":134,"SEIadj":0,"audienceSEI":8.62500512904682,"audienceSEIadj":0,"audienceSEIrank":85,"audienceScore":0.34950522439228887,"combinedScore":0.1570801118795482,"combinedScoreRank":87,"engagementSEI":1.0730180134270981,"engagementSEIadj":0,"engagementSEIrank":82,"engagementScore":0.15120993728433435,"voiceSEI":1.363803907113896,"voiceSEIadj":0,"voiceSEIrank":167,"voiceScore":0.0703181420806568}},"facebook":{"entityString":"536575feb08f37d80186a102","type":"facebook","profiles":1,"postsMade":26,"repliesMade":0,"repliesRcvd":847,"sharesMade":0,"sharesRcvd":91,"mentionsRcvd":0,"likesRcvd":3156,"reachRcvd":0,"audience":11600,"voice":26,"conversation":873,"engagement":4094,"group_scoped":{"audienceScore":1.1158738831641566,"voiceScore":0.42393608348279793,"engagementScore":0.15066720103104356,"combinedScore":0.21259097926028692,"combinedScoreRank":79,"SEIrank":96,"engagementSEIrank":69,"voiceSEIrank":101,"audienceSEIrank":41,"engagementSEI":0.16902687750299328,"engagementSEIadj":0.16902687750299328,"voiceSEI":0.8646491519787164,"voiceSEIadj":0.8646491519787164,"audienceSEI":2.133392185531555,"audienceSEIadj":2.133392185531555,"SEI":0.5741500906485664,"SEIadj":0.5741500906485664},"non_scoped":{"SEI":0.2560825539486479,"SEIrank":104,"SEIadj":0,"audienceSEI":0.624684628503821,"audienceSEIadj":0,"audienceSEIrank":76,"audienceScore":0.11914061817958475,"combinedScore":0.02424342875988246,"combinedScoreRank":85,"engagementSEI":0.03822625686326578,"engagementSEIadj":0,"engagementSEIrank":71,"engagementScore":0.016702136608790677,"voiceSEI":0.5689277899343544,"voiceSEIadj":0,"voiceSEIrank":105,"voiceScore":0.06508949805983226},"scoped":{"SEI":3.7585718003372444,"SEIrank":80,"SEIadj":0,"audienceSEI":7.9625485646819785,"audienceSEIadj":0,"audienceSEIrank":65,"audienceScore":0.4883863000906462,"combinedScore":0.24134290660972638,"combinedScoreRank":67,"engagementSEI":3.5483060175595216,"engagementSEIadj":0,"engagementSEIrank":62,"engagementScore":0.23092590910860003,"voiceSEI":2.7777777777777777,"voiceSEIadj":0,"voiceSEIrank":95,"voiceScore":0.1818054681490805}},"twitter":{"entityString":"536575feb08f37d80186a102","type":"twitter","profiles":1,"postsMade":11,"repliesMade":0,"repliesRcvd":0,"sharesMade":0,"sharesRcvd":0,"mentionsRcvd":0,"likesRcvd":12,"reachRcvd":0,"audience":5216,"voice":11,"conversation":11,"engagement":12,"group_scoped":{"audienceScore":1.2285631511137385,"voiceScore":0.10423576234246186,"engagementScore":0.017165662952207932,"combinedScore":0.08208904232979716,"combinedScoreRank":212,"SEIrank":190,"engagementSEIrank":205,"voiceSEIrank":193,"audienceSEIrank":98,"engagementSEI":0.05436752446538601,"engagementSEIadj":0.05436752446538601,"voiceSEI":0.28894142369319675,"voiceSEIadj":0.28894142369319675,"audienceSEI":4.475409273432406,"audienceSEIadj":4.475409273432406,"SEI":0.5668438691304312,"SEIadj":0.5668438691304312},"non_scoped":{"SEI":0.15107706722004244,"SEIrank":195,"SEIadj":0,"audienceSEI":0.9212666710233726,"audienceSEIadj":0,"audienceSEIrank":124,"audienceScore":0.14955689183160167,"combinedScore":0.009649627167362954,"combinedScoreRank":201,"engagementSEI":0.006492241771083555,"engagementSEIadj":0,"engagementSEIrank":208,"engagementScore":0.0015235947694991563,"voiceSEI":0.18351685018351685,"voiceSEIadj":0,"voiceSEIrank":196,"voiceScore":0.016010945664672576},"scoped":{"SEI":0.6460507287245474,"SEIrank":178,"SEIadj":0,"audienceSEI":4.475409273432406,"audienceSEIadj":0,"audienceSEIrank":110,"audienceScore":0.23690203356051587,"combinedScore":0.01603306733290221,"combinedScoreRank":185,"engagementSEI":0.03953610964681075,"engagementSEIadj":0,"engagementSEIrank":190,"engagementScore":0.0030258788286823056,"voiceSEI":0.5826271186440678,"voiceSEIadj":0,"voiceSEIrank":181,"voiceScore":0.029293494181246837}},"instagram":{"entityString":"536575feb08f37d80186a102","type":"instagram","profiles":0,"postsMade":0,"repliesMade":0,"repliesRcvd":0,"sharesMade":0,"sharesRcvd":0,"mentionsRcvd":0,"likesRcvd":0,"reachRcvd":0,"audience":0,"voice":0,"conversation":0,"engagement":0,"group_scoped":{"audienceScore":0,"voiceScore":0,"engagementScore":0,"combinedScore":0,"combinedScoreRank":171,"SEIrank":152,"engagementSEIrank":152,"voiceSEIrank":152,"audienceSEIrank":152,"engagementSEI":0,"engagementSEIadj":0,"voiceSEI":0,"voiceSEIadj":0,"audienceSEI":0,"audienceSEIadj":0,"SEI":0,"SEIadj":0},"non_scoped":{"SEI":0,"SEIrank":152,"SEIadj":0,"audienceSEI":0,"audienceSEIadj":0,"audienceSEIrank":152,"audienceScore":0,"combinedScore":0,"combinedScoreRank":152,"engagementSEI":0,"engagementSEIadj":0,"engagementSEIrank":152,"engagementScore":0,"voiceSEI":0,"voiceSEIadj":0,"voiceSEIrank":152,"voiceScore":0},"scoped":{"SEI":0,"SEIrank":137,"SEIadj":0,"audienceSEI":0,"audienceSEIadj":0,"audienceSEIrank":137,"audienceScore":0,"combinedScore":0,"combinedScoreRank":137,"engagementSEI":0,"engagementSEIadj":0,"engagementSEIrank":137,"engagementScore":0,"voiceSEI":0,"voiceSEIadj":0,"voiceSEIrank":137,"voiceScore":0}}},"blended":{"combined":{"non_scoped":{"SEI":0.1929269338648559,"SEIadj":40.11575616031892,"SEIrank":172,"audienceSEI":0.6606608966224419,"audienceSEIadj":50.33033044831122,"audienceSEIrank":97,"engagementSEI":0.042616890547590935,"engagementSEIadj":50.021308445273796,"engagementSEIrank":89,"voiceSEI":0.3376356995801906,"voiceSEIadj":40.202581419748114,"voiceSEIrank":183},"scoped":{"SEI":13.67552612423874,"SEIadj":65.4702104496955,"SEIrank":62,"compCharisma":12,"compInfluence":0,"compEva":1.6755261242387394,"audienceSEI":8.62500512904682,"audienceSEIadj":54.31250256452341,"audienceSEIrank":85,"engagementSEI":1.5329804648658238,"engagementSEIadj":50.766490232432915,"engagementSEIrank":73,"voiceSEI":1.4078361511068662,"voiceSEIadj":40.84470169066412,"voiceSEIrank":168}},"facebook":{"non_scoped":{"SEI":0.2863670182784244,"SEIadj":50.14318350913921,"SEIrank":103,"audienceSEI":0.624684628503821,"audienceSEIadj":50.31234231425191,"audienceSEIrank":76,"engagementSEI":0.04687718038631414,"engagementSEIadj":50.02343859019316,"engagementSEIrank":69,"voiceSEI":0.6525741573208462,"voiceSEIadj":50.32628707866042,"voiceSEIrank":105},"scoped":{"SEI":3.8217548529589678,"SEIadj":51.91087742647948,"SEIrank":74,"audienceSEI":7.962548564681979,"audienceSEIadj":53.98127428234099,"audienceSEIrank":65,"engagementSEI":3.485466897224569,"engagementSEIadj":51.742733448612285,"engagementSEIrank":63,"voiceSEI":3.1140661938534278,"voiceSEIadj":51.557033096926716,"voiceSEIrank":95}},"twitter":{"non_scoped":{"SEI":0.12632869990924328,"SEIadj":40.07579721994555,"SEIrank":197,"audienceSEI":0.9212666710233726,"audienceSEIadj":50.46063333551169,"audienceSEIrank":124,"engagementSEI":0.003964270931024614,"engagementSEIadj":20.00317141674482,"engagementSEIrank":209,"voiceSEI":0.10607823416097084,"voiceSEIadj":40.06364694049658,"voiceSEIrank":197},"scoped":{"SEI":0.5623033508032874,"SEIadj":40.337382010481974,"SEIrank":179,"audienceSEI":4.475409273432406,"audienceSEIadj":52.2377046367162,"audienceSEIrank":110,"engagementSEI":0.023716115886749822,"engagementSEIadj":20.0189728927094,"engagementSEIrank":191,"voiceSEI":0.3351091797599901,"voiceSEIadj":40.20106550785599,"voiceSEIrank":181}},"instagram":{"non_scoped":{"SEI":0,"SEIadj":0,"SEIrank":152,"audienceSEI":0,"audienceSEIadj":0,"audienceSEIrank":152,"engagementSEI":0,"engagementSEIadj":0,"engagementSEIrank":152,"voiceSEI":0,"voiceSEIadj":0,"voiceSEIrank":152},"scoped":{"SEI":0,"SEIadj":0,"SEIrank":137,"audienceSEI":0,"audienceSEIadj":0,"audienceSEIrank":137,"engagementSEI":0,"engagementSEIadj":0,"engagementSEIrank":137,"voiceSEI":0,"voiceSEIadj":0,"voiceSEIrank":137}},"influence":{"instagram":{"scope":"individual","ratio":0,"calculated":false},"combined":{"ratio":0.36,"bottom":false,"scope":"individual","calculated":true},"facebook":{"ratio":0.37,"bottom":false,"scope":"individual","calculated":true},"twitter":{"ratio":0.01,"bottom":false,"scope":"individual","calculated":true}},"charisma":{"instagram":{"scope":"individual","ratio":0,"calculated":false},"combined":{"ratio":2,"bottom":true,"scope":"individual","calculated":true},"facebook":{"ratio":0.9,"bottom":false,"scope":"individual","calculated":true},"twitter":{"ratio":0.03,"bottom":false,"scope":"individual","calculated":true}}},"scope":"individual"}}