{"scoreEntityString":"591d1494ab33fb0001804f89.asset.536575ffb08f37d80186dea5","timeQuantum":4995834,"scoreEntityType":"asset","scoreProfileID":"591d1494ab33fb0001804f89","data":{"scoreEntityString":"591d1494ab33fb0001804f89.asset.536575ffb08f37d80186dea5","scoreProfileID":"591d1494ab33fb0001804f89","scoreEntityType":"asset","entityID":"asset.536575ffb08f37d80186dea5","object_version":"1.2","score_engine_version":"3.0.20","timestamp":4995834,"start_quantum":4969914,"end_quantum":4995833,"schedule_options":{"interval":15,"offset":"1"},"_15min":{"boundaryQuantum":4995831,"combined":{"entityString":"536575ffb08f37d80186dea5","type":"combined","profiles":2,"postsMade":0,"repliesMade":0,"repliesRcvd":0,"sharesMade":0,"sharesRcvd":0,"mentionsRcvd":0,"likesRcvd":0,"reachRcvd":0,"audience":6959,"voice":0,"conversation":0,"engagement":0,"group_scoped":{"audienceScore":0.4902627298172593,"voiceScore":0,"engagementScore":0,"combinedScore":0.4902627298172593,"engagementSEI":0,"engagementSEIadj":0,"voiceSEI":0,"voiceSEIadj":0,"audienceSEI":0.7089012489049162,"audienceSEIadj":0.7089012489049162,"SEI":0.07089012489049162,"SEIadj":0.07089012489049162,"combinedScoreRank":133,"SEIrank":139,"engagementSEIrank":54,"voiceSEIrank":47,"audienceSEIrank":138},"non_scoped":{"SEI":0.027340266291600697,"SEIrank":147,"SEIadj":0,"audienceSEI":0.27340266291600696,"audienceSEIadj":0,"audienceSEIrank":147,"audienceScore":0.050379609889953963,"combinedScore":0.0025189804944976985,"combinedScoreRank":147,"engagementSEI":0,"engagementSEIadj":0,"engagementSEIrank":54,"engagementScore":0,"voiceSEI":0,"voiceSEIadj":0,"voiceSEIrank":47,"voiceScore":0},"scoped":{"SEI":0.3569303680603997,"SEIrank":133,"SEIadj":0,"audienceSEI":3.569303680603997,"audienceSEIadj":0,"audienceSEIrank":133,"audienceScore":0.14463646863379748,"combinedScore":0.007231823431689874,"combinedScoreRank":133,"engagementSEI":0,"engagementSEIadj":0,"engagementSEIrank":47,"engagementScore":0,"voiceSEI":0,"voiceSEIadj":0,"voiceSEIrank":44,"voiceScore":0}},"facebook":{"entityString":"536575ffb08f37d80186dea5","type":"facebook","profiles":1,"postsMade":0,"repliesMade":0,"repliesRcvd":0,"sharesMade":0,"sharesRcvd":0,"mentionsRcvd":0,"likesRcvd":0,"reachRcvd":0,"audience":1,"voice":0,"conversation":0,"engagement":0,"group_scoped":{"audienceScore":0.00009323435574127839,"voiceScore":0,"engagementScore":0,"combinedScore":0.00009323435574127839,"engagementSEI":0,"engagementSEIadj":0,"voiceSEI":0,"voiceSEIadj":0,"audienceSEI":0.00011729077085840423,"audienceSEIadj":0.00011729077085840423,"SEI":0.000011729077085840424,"SEIadj":0.000011729077085840424,"combinedScoreRank":179,"SEIrank":179,"engagementSEIrank":52,"voiceSEIrank":46,"audienceSEIrank":179},"non_scoped":{"SEI":0.000005385212314688114,"SEIrank":174,"SEIadj":0,"audienceSEI":0.00005385212314688113,"audienceSEIadj":0,"audienceSEIrank":174,"audienceScore":0.000010270742946515928,"combinedScore":5.135371473257964e-7,"combinedScoreRank":174,"engagementSEI":0,"engagementSEIadj":0,"engagementSEIrank":52,"engagementScore":0,"voiceSEI":0,"voiceSEIadj":0,"voiceSEIrank":46,"voiceScore":0},"scoped":{"SEI":0.00006864266004036188,"SEIrank":158,"SEIadj":0,"audienceSEI":0.0006864266004036188,"audienceSEIadj":0,"audienceSEIrank":158,"audienceScore":0.00004210226724919364,"combinedScore":0.000002105113362459682,"combinedScoreRank":158,"engagementSEI":0,"engagementSEIadj":0,"engagementSEIrank":45,"engagementScore":0,"voiceSEI":0,"voiceSEIadj":0,"voiceSEIrank":44,"voiceScore":0}},"twitter":{"entityString":"536575ffb08f37d80186dea5","type":"twitter","profiles":1,"postsMade":0,"repliesMade":0,"repliesRcvd":0,"sharesMade":0,"sharesRcvd":0,"mentionsRcvd":0,"likesRcvd":0,"reachRcvd":0,"audience":6958,"voice":0,"conversation":0,"engagement":0,"group_scoped":{"audienceScore":2.016618700240267,"voiceScore":0,"engagementScore":0,"combinedScore":2.016618700240267,"engagementSEI":0,"engagementSEIadj":0,"voiceSEI":0,"voiceSEIadj":0,"audienceSEI":5.468664036342487,"audienceSEIadj":5.468664036342487,"SEI":0.5468664036342487,"SEIadj":0.5468664036342487,"combinedScoreRank":74,"SEIrank":87,"engagementSEIrank":48,"voiceSEIrank":47,"audienceSEIrank":86},"non_scoped":{"SEI":0.12289443054027274,"SEIrank":109,"SEIadj":0,"audienceSEI":1.2289443054027274,"audienceSEIadj":0,"audienceSEIrank":108,"audienceScore":0.19950476483210974,"combinedScore":0.009975238241605488,"combinedScoreRank":109,"engagementSEI":0,"engagementSEIadj":0,"engagementSEIrank":48,"engagementScore":0,"voiceSEI":0,"voiceSEIadj":0,"voiceSEIrank":47,"voiceScore":0},"scoped":{"SEI":0.5970072416515084,"SEIrank":96,"SEIadj":0,"audienceSEI":5.970072416515084,"audienceSEIadj":0,"audienceSEIrank":95,"audienceScore":0.3160207725295378,"combinedScore":0.045145824647076824,"combinedScoreRank":96,"engagementSEI":0,"engagementSEIadj":0,"engagementSEIrank":45,"engagementScore":0,"voiceSEI":0,"voiceSEIadj":0,"voiceSEIrank":44,"voiceScore":0}},"instagram":{"entityString":"536575ffb08f37d80186dea5","type":"instagram","profiles":0,"postsMade":0,"repliesMade":0,"repliesRcvd":0,"sharesMade":0,"sharesRcvd":0,"mentionsRcvd":0,"likesRcvd":0,"reachRcvd":0,"audience":0,"voice":0,"conversation":0,"engagement":0,"group_scoped":{"audienceScore":0,"voiceScore":0,"engagementScore":0,"combinedScore":0,"engagementSEI":0,"engagementSEIadj":0,"voiceSEI":0,"voiceSEIadj":0,"audienceSEI":0,"audienceSEIadj":0,"SEI":0,"SEIadj":0,"combinedScoreRank":109,"SEIrank":72,"engagementSEIrank":49,"voiceSEIrank":46,"audienceSEIrank":72},"non_scoped":{"SEI":0,"SEIrank":72,"SEIadj":0,"audienceSEI":0,"audienceSEIadj":0,"audienceSEIrank":72,"audienceScore":0,"combinedScore":0,"combinedScoreRank":72,"engagementSEI":0,"engagementSEIadj":0,"engagementSEIrank":49,"engagementScore":0,"voiceSEI":0,"voiceSEIadj":0,"voiceSEIrank":46,"voiceScore":0},"scoped":{"SEI":0,"SEIrank":66,"SEIadj":0,"audienceSEI":0,"audienceSEIadj":0,"audienceSEIrank":66,"audienceScore":0,"combinedScore":0,"combinedScoreRank":66,"engagementSEI":0,"engagementSEIadj":0,"engagementSEIrank":45,"engagementScore":0,"voiceSEI":0,"voiceSEIadj":0,"voiceSEIrank":44,"voiceScore":0}}},"hour":{"boundaryQuantum":4995822,"combined":{"entityString":"536575ffb08f37d80186dea5","type":"combined","profiles":2,"postsMade":0,"repliesMade":0,"repliesRcvd":0,"sharesMade":0,"sharesRcvd":0,"mentionsRcvd":0,"likesRcvd":0,"reachRcvd":0,"audience":6959,"voice":0,"conversation":0,"engagement":0,"group_scoped":{"audienceScore":0.4902627298172593,"voiceScore":0,"engagementScore":0,"combinedScore":0.4902627298172593,"combinedScoreRank":120,"SEIrank":151,"engagementSEIrank":95,"voiceSEIrank":60,"audienceSEIrank":138,"engagementSEI":0,"engagementSEIadj":0,"voiceSEI":0,"voiceSEIadj":0,"audienceSEI":0.7089012489049162,"audienceSEIadj":0.7089012489049162,"SEI":0.07089012489049162,"SEIadj":0.07089012489049162},"non_scoped":{"SEI":0.027340266291600697,"SEIrank":154,"SEIadj":0,"audienceSEI":0.27340266291600696,"audienceSEIadj":0,"audienceSEIrank":147,"audienceScore":0.050379609889953963,"combinedScore":0.0025189804944976985,"combinedScoreRank":154,"engagementSEI":0,"engagementSEIadj":0,"engagementSEIrank":95,"engagementScore":0,"voiceSEI":0,"voiceSEIadj":0,"voiceSEIrank":60,"voiceScore":0},"scoped":{"SEI":0.3569303680603997,"SEIrank":140,"SEIadj":0,"audienceSEI":3.569303680603997,"audienceSEIadj":0,"audienceSEIrank":133,"audienceScore":0.14463646863379748,"combinedScore":0.007231823431689874,"combinedScoreRank":140,"engagementSEI":0,"engagementSEIadj":0,"engagementSEIrank":85,"engagementScore":0,"voiceSEI":0,"voiceSEIadj":0,"voiceSEIrank":52,"voiceScore":0}},"facebook":{"entityString":"536575ffb08f37d80186dea5","type":"facebook","profiles":1,"postsMade":0,"repliesMade":0,"repliesRcvd":0,"sharesMade":0,"sharesRcvd":0,"mentionsRcvd":0,"likesRcvd":0,"reachRcvd":0,"audience":1,"voice":0,"conversation":0,"engagement":0,"group_scoped":{"audienceScore":0.00009323435574127839,"voiceScore":0,"engagementScore":0,"combinedScore":0.00009323435574127839,"combinedScoreRank":179,"SEIrank":179,"engagementSEIrank":78,"voiceSEIrank":54,"audienceSEIrank":179,"engagementSEI":0,"engagementSEIadj":0,"voiceSEI":0,"voiceSEIadj":0,"audienceSEI":0.00011729077085840423,"audienceSEIadj":0.00011729077085840423,"SEI":0.000011729077085840424,"SEIadj":0.000011729077085840424},"non_scoped":{"SEI":0.000005385212314688114,"SEIrank":174,"SEIadj":0,"audienceSEI":0.00005385212314688113,"audienceSEIadj":0,"audienceSEIrank":174,"audienceScore":0.000010270742946515928,"combinedScore":5.135371473257964e-7,"combinedScoreRank":174,"engagementSEI":0,"engagementSEIadj":0,"engagementSEIrank":78,"engagementScore":0,"voiceSEI":0,"voiceSEIadj":0,"voiceSEIrank":54,"voiceScore":0},"scoped":{"SEI":0.00006864266004036188,"SEIrank":158,"SEIadj":0,"audienceSEI":0.0006864266004036188,"audienceSEIadj":0,"audienceSEIrank":158,"audienceScore":0.00004210226724919364,"combinedScore":0.000002105113362459682,"combinedScoreRank":158,"engagementSEI":0,"engagementSEIadj":0,"engagementSEIrank":68,"engagementScore":0,"voiceSEI":0,"voiceSEIadj":0,"voiceSEIrank":46,"voiceScore":0}},"twitter":{"entityString":"536575ffb08f37d80186dea5","type":"twitter","profiles":1,"postsMade":0,"repliesMade":0,"repliesRcvd":0,"sharesMade":0,"sharesRcvd":0,"mentionsRcvd":0,"likesRcvd":0,"reachRcvd":0,"audience":6958,"voice":0,"conversation":0,"engagement":0,"group_scoped":{"audienceScore":2.016618700240267,"voiceScore":0,"engagementScore":0,"combinedScore":2.016618700240267,"combinedScoreRank":84,"SEIrank":105,"engagementSEIrank":69,"voiceSEIrank":59,"audienceSEIrank":86,"engagementSEI":0,"engagementSEIadj":0,"voiceSEI":0,"voiceSEIadj":0,"audienceSEI":5.468664036342487,"audienceSEIadj":5.468664036342487,"SEI":0.5468664036342487,"SEIadj":0.5468664036342487},"non_scoped":{"SEI":0.12289443054027274,"SEIrank":119,"SEIadj":0,"audienceSEI":1.2289443054027274,"audienceSEIadj":0,"audienceSEIrank":108,"audienceScore":0.19950476483210974,"combinedScore":0.009975238241605488,"combinedScoreRank":119,"engagementSEI":0,"engagementSEIadj":0,"engagementSEIrank":69,"engagementScore":0,"voiceSEI":0,"voiceSEIadj":0,"voiceSEIrank":59,"voiceScore":0},"scoped":{"SEI":0.5970072416515084,"SEIrank":106,"SEIadj":0,"audienceSEI":5.970072416515084,"audienceSEIadj":0,"audienceSEIrank":95,"audienceScore":0.3160207725295378,"combinedScore":0.01580103862647689,"combinedScoreRank":106,"engagementSEI":0,"engagementSEIadj":0,"engagementSEIrank":60,"engagementScore":0,"voiceSEI":0,"voiceSEIadj":0,"voiceSEIrank":51,"voiceScore":0}},"instagram":{"entityString":"536575ffb08f37d80186dea5","type":"instagram","profiles":0,"postsMade":0,"repliesMade":0,"repliesRcvd":0,"sharesMade":0,"sharesRcvd":0,"mentionsRcvd":0,"likesRcvd":0,"reachRcvd":0,"audience":0,"voice":0,"conversation":0,"engagement":0,"group_scoped":{"audienceScore":0,"voiceScore":0,"engagementScore":0,"combinedScore":0,"combinedScoreRank":109,"SEIrank":72,"engagementSEIrank":54,"voiceSEIrank":48,"audienceSEIrank":72,"engagementSEI":0,"engagementSEIadj":0,"voiceSEI":0,"voiceSEIadj":0,"audienceSEI":0,"audienceSEIadj":0,"SEI":0,"SEIadj":0},"non_scoped":{"SEI":0,"SEIrank":72,"SEIadj":0,"audienceSEI":0,"audienceSEIadj":0,"audienceSEIrank":72,"audienceScore":0,"combinedScore":0,"combinedScoreRank":72,"engagementSEI":0,"engagementSEIadj":0,"engagementSEIrank":54,"engagementScore":0,"voiceSEI":0,"voiceSEIadj":0,"voiceSEIrank":48,"voiceScore":0},"scoped":{"SEI":0,"SEIrank":66,"SEIadj":0,"audienceSEI":0,"audienceSEIadj":0,"audienceSEIrank":66,"audienceScore":0,"combinedScore":0,"combinedScoreRank":66,"engagementSEI":0,"engagementSEIadj":0,"engagementSEIrank":48,"engagementScore":0,"voiceSEI":0,"voiceSEIadj":0,"voiceSEIrank":44,"voiceScore":0}}},"today":{"boundaryQuantum":4995546,"combined":{"entityString":"536575ffb08f37d80186dea5","type":"combined","profiles":2,"postsMade":0,"repliesMade":0,"repliesRcvd":0,"sharesMade":0,"sharesRcvd":0,"mentionsRcvd":0,"likesRcvd":0,"reachRcvd":0,"audience":6959,"voice":0,"conversation":0,"engagement":0,"group_scoped":{"audienceScore":0.4902627298172593,"voiceScore":0,"engagementScore":0,"combinedScore":0.4902627298172593,"combinedScoreRank":76,"SEIrank":186,"engagementSEIrank":178,"voiceSEIrank":156,"audienceSEIrank":138,"engagementSEI":0,"engagementSEIadj":0,"voiceSEI":0,"voiceSEIadj":0,"audienceSEI":0.7089012489049162,"audienceSEIadj":0.7089012489049162,"SEI":0.07089012489049162,"SEIadj":0.07089012489049162},"non_scoped":{"SEI":0.027340266291600697,"SEIrank":183,"SEIadj":0,"audienceSEI":0.27340266291600696,"audienceSEIadj":0,"audienceSEIrank":147,"audienceScore":0.050379609889953963,"combinedScore":0.0025189804944976985,"combinedScoreRank":188,"engagementSEI":0,"engagementSEIadj":0,"engagementSEIrank":178,"engagementScore":0,"voiceSEI":0,"voiceSEIadj":0,"voiceSEIrank":156,"voiceScore":0},"scoped":{"SEI":0.3569303680603997,"SEIrank":170,"SEIadj":0,"audienceSEI":3.569303680603997,"audienceSEIadj":0,"audienceSEIrank":133,"audienceScore":0.14463646863379748,"combinedScore":0.007231823431689874,"combinedScoreRank":171,"engagementSEI":0,"engagementSEIadj":0,"engagementSEIrank":166,"engagementScore":0,"voiceSEI":0,"voiceSEIadj":0,"voiceSEIrank":143,"voiceScore":0}},"facebook":{"entityString":"536575ffb08f37d80186dea5","type":"facebook","profiles":1,"postsMade":0,"repliesMade":0,"repliesRcvd":0,"sharesMade":0,"sharesRcvd":0,"mentionsRcvd":0,"likesRcvd":0,"reachRcvd":0,"audience":1,"voice":0,"conversation":0,"engagement":0,"group_scoped":{"audienceScore":0.00009323435574127839,"voiceScore":0,"engagementScore":0,"combinedScore":0.00009323435574127839,"combinedScoreRank":179,"SEIrank":179,"engagementSEIrank":116,"voiceSEIrank":98,"audienceSEIrank":179,"engagementSEI":0,"engagementSEIadj":0,"voiceSEI":0,"voiceSEIadj":0,"audienceSEI":0.00011729077085840423,"audienceSEIadj":0.00011729077085840423,"SEI":0.000011729077085840424,"SEIadj":0.000011729077085840424},"non_scoped":{"SEI":0.000005385212314688114,"SEIrank":174,"SEIadj":0,"audienceSEI":0.00005385212314688113,"audienceSEIadj":0,"audienceSEIrank":174,"audienceScore":0.000010270742946515928,"combinedScore":5.135371473257964e-7,"combinedScoreRank":174,"engagementSEI":0,"engagementSEIadj":0,"engagementSEIrank":116,"engagementScore":0,"voiceSEI":0,"voiceSEIadj":0,"voiceSEIrank":98,"voiceScore":0},"scoped":{"SEI":0.00006864266004036188,"SEIrank":158,"SEIadj":0,"audienceSEI":0.0006864266004036188,"audienceSEIadj":0,"audienceSEIrank":158,"audienceScore":0.00004210226724919364,"combinedScore":0.000002105113362459682,"combinedScoreRank":158,"engagementSEI":0,"engagementSEIadj":0,"engagementSEIrank":106,"engagementScore":0,"voiceSEI":0,"voiceSEIadj":0,"voiceSEIrank":88,"voiceScore":0}},"twitter":{"entityString":"536575ffb08f37d80186dea5","type":"twitter","profiles":1,"postsMade":0,"repliesMade":0,"repliesRcvd":0,"sharesMade":0,"sharesRcvd":0,"mentionsRcvd":0,"likesRcvd":0,"reachRcvd":0,"audience":6958,"voice":0,"conversation":0,"engagement":0,"group_scoped":{"audienceScore":2.016618700240267,"voiceScore":0,"engagementScore":0,"combinedScore":2.016618700240267,"combinedScoreRank":68,"SEIrank":157,"engagementSEIrank":164,"voiceSEIrank":144,"audienceSEIrank":86,"engagementSEI":0,"engagementSEIadj":0,"voiceSEI":0,"voiceSEIadj":0,"audienceSEI":5.468664036342487,"audienceSEIadj":5.468664036342487,"SEI":0.5468664036342487,"SEIadj":0.5468664036342487},"non_scoped":{"SEI":0.12289443054027274,"SEIrank":168,"SEIadj":0,"audienceSEI":1.2289443054027274,"audienceSEIadj":0,"audienceSEIrank":108,"audienceScore":0.19950476483210974,"combinedScore":0.009975238241605488,"combinedScoreRank":170,"engagementSEI":0,"engagementSEIadj":0,"engagementSEIrank":164,"engagementScore":0,"voiceSEI":0,"voiceSEIadj":0,"voiceSEIrank":144,"voiceScore":0},"scoped":{"SEI":0.5970072416515084,"SEIrank":152,"SEIadj":0,"audienceSEI":5.970072416515084,"audienceSEIadj":0,"audienceSEIrank":95,"audienceScore":0.3160207725295378,"combinedScore":0.01580103862647689,"combinedScoreRank":155,"engagementSEI":0,"engagementSEIadj":0,"engagementSEIrank":152,"engagementScore":0,"voiceSEI":0,"voiceSEIadj":0,"voiceSEIrank":131,"voiceScore":0}},"instagram":{"entityString":"536575ffb08f37d80186dea5","type":"instagram","profiles":0,"postsMade":0,"repliesMade":0,"repliesRcvd":0,"sharesMade":0,"sharesRcvd":0,"mentionsRcvd":0,"likesRcvd":0,"reachRcvd":0,"audience":0,"voice":0,"conversation":0,"engagement":0,"group_scoped":{"audienceScore":0,"voiceScore":0,"engagementScore":0,"combinedScore":0,"combinedScoreRank":109,"SEIrank":72,"engagementSEIrank":67,"voiceSEIrank":57,"audienceSEIrank":72,"engagementSEI":0,"engagementSEIadj":0,"voiceSEI":0,"voiceSEIadj":0,"audienceSEI":0,"audienceSEIadj":0,"SEI":0,"SEIadj":0},"non_scoped":{"SEI":0,"SEIrank":72,"SEIadj":0,"audienceSEI":0,"audienceSEIadj":0,"audienceSEIrank":72,"audienceScore":0,"combinedScore":0,"combinedScoreRank":72,"engagementSEI":0,"engagementSEIadj":0,"engagementSEIrank":67,"engagementScore":0,"voiceSEI":0,"voiceSEIadj":0,"voiceSEIrank":57,"voiceScore":0},"scoped":{"SEI":0,"SEIrank":66,"SEIadj":0,"audienceSEI":0,"audienceSEIadj":0,"audienceSEIrank":66,"audienceScore":0,"combinedScore":0,"combinedScoreRank":66,"engagementSEI":0,"engagementSEIadj":0,"engagementSEIrank":61,"engagementScore":0,"voiceSEI":0,"voiceSEIadj":0,"voiceSEIrank":51,"voiceScore":0}}},"week":{"boundaryQuantum":4993818,"combined":{"entityString":"536575ffb08f37d80186dea5","type":"combined","profiles":2,"postsMade":0,"repliesMade":0,"repliesRcvd":0,"sharesMade":0,"sharesRcvd":0,"mentionsRcvd":0,"likesRcvd":0,"reachRcvd":0,"audience":6959,"voice":0,"conversation":0,"engagement":0,"group_scoped":{"audienceScore":0.4902627298172593,"voiceScore":0,"engagementScore":0,"combinedScore":0.4902627298172593,"combinedScoreRank":73,"SEIrank":209,"engagementSEIrank":203,"voiceSEIrank":197,"audienceSEIrank":138,"engagementSEI":0,"engagementSEIadj":0,"voiceSEI":0,"voiceSEIadj":0,"audienceSEI":0.7089012489049162,"audienceSEIadj":0.7089012489049162,"SEI":0.07089012489049162,"SEIadj":0.07089012489049162},"non_scoped":{"SEI":0.027340266291600697,"SEIrank":206,"SEIadj":0,"audienceSEI":0.27340266291600696,"audienceSEIadj":0,"audienceSEIrank":147,"audienceScore":0.050379609889953963,"combinedScore":0.0025189804944976985,"combinedScoreRank":199,"engagementSEI":0,"engagementSEIadj":0,"engagementSEIrank":203,"engagementScore":0,"voiceSEI":0,"voiceSEIadj":0,"voiceSEIrank":197,"voiceScore":0},"scoped":{"SEI":0.3569303680603997,"SEIrank":183,"SEIadj":0,"audienceSEI":3.569303680603997,"audienceSEIadj":0,"audienceSEIrank":133,"audienceScore":0.14463646863379748,"combinedScore":0.007231823431689874,"combinedScoreRank":183,"engagementSEI":0,"engagementSEIadj":0,"engagementSEIrank":188,"engagementScore":0,"voiceSEI":0,"voiceSEIadj":0,"voiceSEIrank":182,"voiceScore":0}},"facebook":{"entityString":"536575ffb08f37d80186dea5","type":"facebook","profiles":1,"postsMade":0,"repliesMade":0,"repliesRcvd":0,"sharesMade":0,"sharesRcvd":0,"mentionsRcvd":0,"likesRcvd":0,"reachRcvd":0,"audience":1,"voice":0,"conversation":0,"engagement":0,"group_scoped":{"audienceScore":0.00009323435574127839,"voiceScore":0,"engagementScore":0,"combinedScore":0.00009323435574127839,"combinedScoreRank":179,"SEIrank":179,"engagementSEIrank":144,"voiceSEIrank":131,"audienceSEIrank":179,"engagementSEI":0,"engagementSEIadj":0,"voiceSEI":0,"voiceSEIadj":0,"audienceSEI":0.00011729077085840423,"audienceSEIadj":0.00011729077085840423,"SEI":0.000011729077085840424,"SEIadj":0.000011729077085840424},"non_scoped":{"SEI":0.000005385212314688114,"SEIrank":174,"SEIadj":0,"audienceSEI":0.00005385212314688113,"audienceSEIadj":0,"audienceSEIrank":174,"audienceScore":0.000010270742946515928,"combinedScore":5.135371473257964e-7,"combinedScoreRank":174,"engagementSEI":0,"engagementSEIadj":0,"engagementSEIrank":144,"engagementScore":0,"voiceSEI":0,"voiceSEIadj":0,"voiceSEIrank":131,"voiceScore":0},"scoped":{"SEI":0.00006864266004036188,"SEIrank":158,"SEIadj":0,"audienceSEI":0.0006864266004036188,"audienceSEIadj":0,"audienceSEIrank":158,"audienceScore":0.00004210226724919364,"combinedScore":0.000002105113362459682,"combinedScoreRank":158,"engagementSEI":0,"engagementSEIadj":0,"engagementSEIrank":134,"engagementScore":0,"voiceSEI":0,"voiceSEIadj":0,"voiceSEIrank":121,"voiceScore":0}},"twitter":{"entityString":"536575ffb08f37d80186dea5","type":"twitter","profiles":1,"postsMade":0,"repliesMade":0,"repliesRcvd":0,"sharesMade":0,"sharesRcvd":0,"mentionsRcvd":0,"likesRcvd":0,"reachRcvd":0,"audience":6958,"voice":0,"conversation":0,"engagement":0,"group_scoped":{"audienceScore":2.016618700240267,"voiceScore":0,"engagementScore":0,"combinedScore":2.016618700240267,"combinedScoreRank":79,"SEIrank":179,"engagementSEIrank":189,"voiceSEIrank":188,"audienceSEIrank":86,"engagementSEI":0,"engagementSEIadj":0,"voiceSEI":0,"voiceSEIadj":0,"audienceSEI":5.468664036342487,"audienceSEIadj":5.468664036342487,"SEI":0.5468664036342487,"SEIadj":0.5468664036342487},"non_scoped":{"SEI":0.12289443054027274,"SEIrank":189,"SEIadj":0,"audienceSEI":1.2289443054027274,"audienceSEIadj":0,"audienceSEIrank":108,"audienceScore":0.19950476483210974,"combinedScore":0.009975238241605488,"combinedScoreRank":184,"engagementSEI":0,"engagementSEIadj":0,"engagementSEIrank":189,"engagementScore":0,"voiceSEI":0,"voiceSEIadj":0,"voiceSEIrank":188,"voiceScore":0},"scoped":{"SEI":0.5970072416515084,"SEIrank":167,"SEIadj":0,"audienceSEI":5.970072416515084,"audienceSEIadj":0,"audienceSEIrank":95,"audienceScore":0.3160207725295378,"combinedScore":0.01580103862647689,"combinedScoreRank":168,"engagementSEI":0,"engagementSEIadj":0,"engagementSEIrank":174,"engagementScore":0,"voiceSEI":0,"voiceSEIadj":0,"voiceSEIrank":173,"voiceScore":0}},"instagram":{"entityString":"536575ffb08f37d80186dea5","type":"instagram","profiles":0,"postsMade":0,"repliesMade":0,"repliesRcvd":0,"sharesMade":0,"sharesRcvd":0,"mentionsRcvd":0,"likesRcvd":0,"reachRcvd":0,"audience":0,"voice":0,"conversation":0,"engagement":0,"group_scoped":{"audienceScore":0,"voiceScore":0,"engagementScore":0,"combinedScore":0,"combinedScoreRank":109,"SEIrank":72,"engagementSEIrank":69,"voiceSEIrank":68,"audienceSEIrank":72,"engagementSEI":0,"engagementSEIadj":0,"voiceSEI":0,"voiceSEIadj":0,"audienceSEI":0,"audienceSEIadj":0,"SEI":0,"SEIadj":0},"non_scoped":{"SEI":0,"SEIrank":72,"SEIadj":0,"audienceSEI":0,"audienceSEIadj":0,"audienceSEIrank":72,"audienceScore":0,"combinedScore":0,"combinedScoreRank":72,"engagementSEI":0,"engagementSEIadj":0,"engagementSEIrank":69,"engagementScore":0,"voiceSEI":0,"voiceSEIadj":0,"voiceSEIrank":68,"voiceScore":0},"scoped":{"SEI":0,"SEIrank":66,"SEIadj":0,"audienceSEI":0,"audienceSEIadj":0,"audienceSEIrank":66,"audienceScore":0,"combinedScore":0,"combinedScoreRank":66,"engagementSEI":0,"engagementSEIadj":0,"engagementSEIrank":63,"engagementScore":0,"voiceSEI":0,"voiceSEIadj":0,"voiceSEIrank":62,"voiceScore":0}}},"month":{"boundaryQuantum":4987194,"combined":{"entityString":"536575ffb08f37d80186dea5","type":"combined","profiles":2,"postsMade":4,"repliesMade":0,"repliesRcvd":0,"sharesMade":0,"sharesRcvd":6,"mentionsRcvd":0,"likesRcvd":80,"reachRcvd":0,"audience":6959,"voice":4,"conversation":4,"engagement":86,"group_scoped":{"audienceScore":0.4902627298172593,"voiceScore":0.10269576379974327,"engagementScore":0.023479818277127383,"combinedScore":0.05077976113026478,"combinedScoreRank":197,"SEIrank":203,"engagementSEIrank":165,"voiceSEIrank":198,"audienceSEIrank":138,"engagementSEI":0.026893741576160885,"engagementSEIadj":0.026893741576160885,"voiceSEI":0.16393442622950818,"voiceSEIadj":0.16393442622950818,"audienceSEI":0.7089012489049162,"audienceSEIadj":0.7089012489049162,"SEI":0.13620669770504062,"SEIadj":0.13620669770504062},"non_scoped":{"SEI":0.061383544335382505,"SEIrank":202,"SEIadj":0,"audienceSEI":0.27340266291600696,"audienceSEIadj":0,"audienceSEIrank":147,"audienceScore":0.050379609889953963,"combinedScore":0.003932836609165676,"combinedScoreRank":197,"engagementSEI":0.002361417729304645,"engagementSEIadj":0,"engagementSEIrank":184,"engagementScore":0.0009879050554318122,"voiceSEI":0.1087547580206634,"voiceSEIadj":0,"voiceSEIrank":198,"voiceScore":0.010494831295586924},"scoped":{"SEI":0.5242739258446057,"SEIrank":184,"SEIadj":0,"audienceSEI":3.569303680603997,"audienceSEIadj":0,"audienceSEIrank":133,"audienceScore":0.14463646863379748,"combinedScore":0.017444641393818204,"combinedScoreRank":175,"engagementSEI":0.07100572174013557,"engagementSEIadj":0,"engagementSEIrank":170,"engagementScore":0.010120099694749552,"voiceSEI":0.4158004158004158,"voiceSEIadj":0,"voiceSEIrank":183,"voiceScore":0.02209456473707468}},"facebook":{"entityString":"536575ffb08f37d80186dea5","type":"facebook","profiles":1,"postsMade":0,"repliesMade":0,"repliesRcvd":0,"sharesMade":0,"sharesRcvd":0,"mentionsRcvd":0,"likesRcvd":0,"reachRcvd":0,"audience":1,"voice":0,"conversation":0,"engagement":0,"group_scoped":{"audienceScore":0.00009323435574127839,"voiceScore":0,"engagementScore":0,"combinedScore":0.00009323435574127839,"combinedScoreRank":179,"SEIrank":179,"engagementSEIrank":154,"voiceSEIrank":149,"audienceSEIrank":179,"engagementSEI":0,"engagementSEIadj":0,"voiceSEI":0,"voiceSEIadj":0,"audienceSEI":0.00011729077085840423,"audienceSEIadj":0.00011729077085840423,"SEI":0.000011729077085840424,"SEIadj":0.000011729077085840424},"non_scoped":{"SEI":0.000005385212314688114,"SEIrank":174,"SEIadj":0,"audienceSEI":0.00005385212314688113,"audienceSEIadj":0,"audienceSEIrank":174,"audienceScore":0.000010270742946515928,"combinedScore":5.135371473257964e-7,"combinedScoreRank":174,"engagementSEI":0,"engagementSEIadj":0,"engagementSEIrank":154,"engagementScore":0,"voiceSEI":0,"voiceSEIadj":0,"voiceSEIrank":149,"voiceScore":0},"scoped":{"SEI":0.00006864266004036188,"SEIrank":158,"SEIadj":0,"audienceSEI":0.0006864266004036188,"audienceSEIadj":0,"audienceSEIrank":158,"audienceScore":0.00004210226724919364,"combinedScore":0.000002105113362459682,"combinedScoreRank":158,"engagementSEI":0,"engagementSEIadj":0,"engagementSEIrank":142,"engagementScore":0,"voiceSEI":0,"voiceSEIadj":0,"voiceSEIrank":138,"voiceScore":0}},"twitter":{"entityString":"536575ffb08f37d80186dea5","type":"twitter","profiles":1,"postsMade":4,"repliesMade":0,"repliesRcvd":0,"sharesMade":0,"sharesRcvd":6,"mentionsRcvd":0,"likesRcvd":80,"reachRcvd":0,"audience":6958,"voice":4,"conversation":4,"engagement":86,"group_scoped":{"audienceScore":2.016618700240267,"voiceScore":0.14970059880239522,"engagementScore":0.3469140782573618,"combinedScore":0.4205386353837588,"combinedScoreRank":153,"SEIrank":154,"engagementSEIrank":140,"voiceSEIrank":188,"audienceSEIrank":86,"engagementSEI":0.8509796160696615,"engagementSEIadj":0.8509796160696615,"voiceSEI":0.28776978417266186,"voiceSEIadj":0.28776978417266186,"audienceSEI":5.468664036342487,"audienceSEIadj":5.468664036342487,"SEI":1.143785108527844,"SEIadj":1.143785108527844},"non_scoped":{"SEI":0.2625215386991543,"SEIrank":179,"SEIadj":0,"audienceSEI":1.2289443054027274,"audienceSEIadj":0,"audienceSEIrank":108,"audienceScore":0.19950476483210974,"combinedScore":0.039245140645703835,"combinedScoreRank":157,"engagementSEI":0.13724645313671982,"engagementSEIadj":0,"engagementSEIrank":154,"engagementScore":0.03158176924009122,"voiceSEI":0.1909307875894988,"voiceSEIadj":0,"voiceSEIrank":190,"voiceScore":0.016926201760324982},"scoped":{"SEI":1.2249007253334965,"SEIrank":161,"SEIadj":0,"audienceSEI":5.970072416515084,"audienceSEIadj":0,"audienceSEIrank":95,"audienceScore":0.3160207725295378,"combinedScore":0.07180420965035722,"combinedScoreRank":144,"engagementSEI":0.754518336550272,"engagementSEIadj":0,"engagementSEIrank":141,"engagementScore":0.060530557373818426,"voiceSEI":0.583941605839416,"voiceSEIadj":0,"voiceSEIrank":176,"voiceScore":0.03051338774887482}},"instagram":{"entityString":"536575ffb08f37d80186dea5","type":"instagram","profiles":0,"postsMade":0,"repliesMade":0,"repliesRcvd":0,"sharesMade":0,"sharesRcvd":0,"mentionsRcvd":0,"likesRcvd":0,"reachRcvd":0,"audience":0,"voice":0,"conversation":0,"engagement":0,"group_scoped":{"audienceScore":0,"voiceScore":0,"engagementScore":0,"combinedScore":0,"combinedScoreRank":109,"SEIrank":72,"engagementSEIrank":69,"voiceSEIrank":69,"audienceSEIrank":72,"engagementSEI":0,"engagementSEIadj":0,"voiceSEI":0,"voiceSEIadj":0,"audienceSEI":0,"audienceSEIadj":0,"SEI":0,"SEIadj":0},"non_scoped":{"SEI":0,"SEIrank":72,"SEIadj":0,"audienceSEI":0,"audienceSEIadj":0,"audienceSEIrank":72,"audienceScore":0,"combinedScore":0,"combinedScoreRank":72,"engagementSEI":0,"engagementSEIadj":0,"engagementSEIrank":69,"engagementScore":0,"voiceSEI":0,"voiceSEIadj":0,"voiceSEIrank":69,"voiceScore":0},"scoped":{"SEI":0,"SEIrank":66,"SEIadj":0,"audienceSEI":0,"audienceSEIadj":0,"audienceSEIrank":66,"audienceScore":0,"combinedScore":0,"combinedScoreRank":66,"engagementSEI":0,"engagementSEIadj":0,"engagementSEIrank":63,"engagementScore":0,"voiceSEI":0,"voiceSEIadj":0,"voiceSEIrank":63,"voiceScore":0}}},"quarter":{"boundaryQuantum":4969914,"combined":{"entityString":"536575ffb08f37d80186dea5","type":"combined","profiles":2,"postsMade":17,"repliesMade":0,"repliesRcvd":0,"sharesMade":0,"sharesRcvd":28,"mentionsRcvd":0,"likesRcvd":298,"reachRcvd":0,"audience":6959,"voice":17,"conversation":17,"engagement":326,"group_scoped":{"audienceScore":0.4902627298172593,"voiceScore":0.13518886679920475,"engagementScore":0.02783184782979886,"combinedScore":0.056321242877642175,"combinedScoreRank":184,"SEIrank":199,"engagementSEIrank":158,"voiceSEIrank":199,"audienceSEIrank":138,"engagementSEI":0.033083582728746085,"engagementSEIadj":0.033083582728746085,"voiceSEI":0.21527162213498796,"voiceSEIadj":0.21527162213498796,"audienceSEI":0.7089012489049162,"audienceSEIadj":0.7089012489049162,"SEI":0.15532176116823568,"SEIadj":0.15532176116823568},"non_scoped":{"SEI":0.07669891626770571,"SEIrank":203,"SEIadj":0,"audienceSEI":0.27340266291600696,"audienceSEIadj":0,"audienceSEIrank":147,"audienceScore":0.050379609889953963,"combinedScore":0.004342129196415984,"combinedScoreRank":193,"engagementSEI":0.0028622680981167945,"engagementSEIadj":0,"engagementSEIrank":182,"engagementScore":0.001178449839607916,"voiceSEI":0.1588042970574498,"voiceSEIadj":0,"voiceSEIrank":200,"voiceScore":0.015250876925423214},"scoped":{"SEI":0.5960301565313508,"SEIrank":184,"SEIadj":0,"audienceSEI":3.569303680603997,"audienceSEIadj":0,"audienceSEIrank":133,"audienceScore":0.14463646863379748,"combinedScore":0.019652158767236912,"combinedScoreRank":175,"engagementSEI":0.08519334446596055,"engagementSEIadj":0,"engagementSEIrank":169,"engagementScore":0.012005465064464928,"voiceSEI":0.6266126059712496,"voiceSEIadj":0,"voiceSEIrank":185,"voiceScore":0.03230833555057205}},"facebook":{"entityString":"536575ffb08f37d80186dea5","type":"facebook","profiles":1,"postsMade":0,"repliesMade":0,"repliesRcvd":0,"sharesMade":0,"sharesRcvd":0,"mentionsRcvd":0,"likesRcvd":0,"reachRcvd":0,"audience":1,"voice":0,"conversation":0,"engagement":0,"group_scoped":{"audienceScore":0.00009323435574127839,"voiceScore":0,"engagementScore":0,"combinedScore":0.00009323435574127839,"combinedScoreRank":179,"SEIrank":179,"engagementSEIrank":160,"voiceSEIrank":160,"audienceSEIrank":179,"engagementSEI":0,"engagementSEIadj":0,"voiceSEI":0,"voiceSEIadj":0,"audienceSEI":0.00011729077085840423,"audienceSEIadj":0.00011729077085840423,"SEI":0.000011729077085840424,"SEIadj":0.000011729077085840424},"non_scoped":{"SEI":0.000005385212314688114,"SEIrank":174,"SEIadj":0,"audienceSEI":0.00005385212314688113,"audienceSEIadj":0,"audienceSEIrank":174,"audienceScore":0.000010270742946515928,"combinedScore":5.135371473257964e-7,"combinedScoreRank":174,"engagementSEI":0,"engagementSEIadj":0,"engagementSEIrank":160,"engagementScore":0,"voiceSEI":0,"voiceSEIadj":0,"voiceSEIrank":160,"voiceScore":0},"scoped":{"SEI":0.00006864266004036188,"SEIrank":158,"SEIadj":0,"audienceSEI":0.0006864266004036188,"audienceSEIadj":0,"audienceSEIrank":158,"audienceScore":0.00004210226724919364,"combinedScore":0.000002105113362459682,"combinedScoreRank":158,"engagementSEI":0,"engagementSEIadj":0,"engagementSEIrank":147,"engagementScore":0,"voiceSEI":0,"voiceSEIadj":0,"voiceSEIrank":147,"voiceScore":0}},"twitter":{"entityString":"536575ffb08f37d80186dea5","type":"twitter","profiles":1,"postsMade":17,"repliesMade":0,"repliesRcvd":0,"sharesMade":0,"sharesRcvd":28,"mentionsRcvd":0,"likesRcvd":298,"reachRcvd":0,"audience":6958,"voice":17,"conversation":17,"engagement":326,"group_scoped":{"audienceScore":2.016618700240267,"voiceScore":0.19529006318207925,"engagementScore":0.43103448275862066,"combinedScore":0.49852647265387595,"combinedScoreRank":137,"SEIrank":148,"engagementSEIrank":132,"voiceSEIrank":190,"audienceSEIrank":86,"engagementSEI":1.1041116304274199,"engagementSEIadj":1.1041116304274199,"voiceSEI":0.36465036465036466,"voiceSEIadj":0.36465036465036466,"audienceSEI":5.468664036342487,"audienceSEIadj":5.468664036342487,"SEI":1.31872849128581,"SEIadj":1.31872849128581},"non_scoped":{"SEI":0.31380305649401974,"SEIrank":174,"SEIadj":0,"audienceSEI":1.2289443054027274,"audienceSEIadj":0,"audienceSEIrank":108,"audienceScore":0.19950476483210974,"combinedScore":0.04846433979358456,"combinedScoreRank":146,"engagementSEI":0.17637256811443658,"engagementSEIadj":0,"engagementSEIrank":144,"engagementScore":0.041390991238060414,"voiceSEI":0.28361695028361694,"voiceSEIadj":0,"voiceSEIrank":188,"voiceScore":0.02474418875449398},"scoped":{"SEI":1.5115729475385915,"SEIrank":154,"SEIadj":0,"audienceSEI":5.970072416515084,"audienceSEIadj":0,"audienceSEIrank":95,"audienceScore":0.3160207725295378,"combinedScore":0.09204736417449197,"combinedScoreRank":135,"engagementSEI":1.0740643120716922,"engagementSEIadj":0,"engagementSEIrank":132,"engagementScore":0.08220304151253596,"voiceSEI":0.9004237288135594,"voiceSEIadj":0,"voiceSEIrank":174,"voiceScore":0.045271763734654205}},"instagram":{"entityString":"536575ffb08f37d80186dea5","type":"instagram","profiles":0,"postsMade":0,"repliesMade":0,"repliesRcvd":0,"sharesMade":0,"sharesRcvd":0,"mentionsRcvd":0,"likesRcvd":0,"reachRcvd":0,"audience":0,"voice":0,"conversation":0,"engagement":0,"group_scoped":{"audienceScore":0,"voiceScore":0,"engagementScore":0,"combinedScore":0,"combinedScoreRank":109,"SEIrank":72,"engagementSEIrank":70,"voiceSEIrank":70,"audienceSEIrank":72,"engagementSEI":0,"engagementSEIadj":0,"voiceSEI":0,"voiceSEIadj":0,"audienceSEI":0,"audienceSEIadj":0,"SEI":0,"SEIadj":0},"non_scoped":{"SEI":0,"SEIrank":72,"SEIadj":0,"audienceSEI":0,"audienceSEIadj":0,"audienceSEIrank":72,"audienceScore":0,"combinedScore":0,"combinedScoreRank":72,"engagementSEI":0,"engagementSEIadj":0,"engagementSEIrank":70,"engagementScore":0,"voiceSEI":0,"voiceSEIadj":0,"voiceSEIrank":70,"voiceScore":0},"scoped":{"SEI":0,"SEIrank":66,"SEIadj":0,"audienceSEI":0,"audienceSEIadj":0,"audienceSEIrank":66,"audienceScore":0,"combinedScore":0,"combinedScoreRank":66,"engagementSEI":0,"engagementSEIadj":0,"engagementSEIrank":64,"engagementScore":0,"voiceSEI":0,"voiceSEIadj":0,"voiceSEIrank":64,"voiceScore":0}}},"blended":{"combined":{"non_scoped":{"SEI":0.057126082986220475,"SEIadj":40.03427564979173,"SEIrank":204,"audienceSEI":0.27340266291600696,"audienceSEIadj":50.136701331458006,"audienceSEIrank":147,"engagementSEI":0.001785346708454094,"engagementSEIadj":40.001071208025074,"engagementSEIrank":191,"voiceSEI":0.09571536223182442,"voiceSEIadj":40.05742921733909,"voiceSEIrank":201},"scoped":{"SEI":0.38120216493226466,"SEIadj":40.22872129895936,"SEIrank":186,"compCharisma":0,"compInfluence":0,"compEva":0.38120216493226466,"audienceSEI":3.569303680603997,"audienceSEIadj":51.784651840302,"audienceSEIrank":133,"engagementSEI":0.05324753049400061,"engagementSEIadj":40.0319485182964,"engagementSEIrank":176,"voiceSEI":0.37567636535568716,"voiceSEIadj":40.225405819213414,"voiceSEIrank":185}},"facebook":{"non_scoped":{"SEI":0.000005385212314688114,"SEIadj":40.00000323112739,"SEIrank":174,"audienceSEI":0.00005385212314688114,"audienceSEIadj":40.00003231127389,"audienceSEIrank":174,"engagementSEI":0,"engagementSEIadj":0,"engagementSEIrank":160,"voiceSEI":0,"voiceSEIadj":0,"voiceSEIrank":160},"scoped":{"SEI":0.00006864266004036188,"SEIadj":40.000041185596025,"SEIrank":158,"audienceSEI":0.0006864266004036188,"audienceSEIadj":40.000411855960245,"audienceSEIrank":158,"engagementSEI":0,"engagementSEIadj":0,"engagementSEIrank":147,"voiceSEI":0,"voiceSEIadj":0,"voiceSEIrank":147}},"twitter":{"non_scoped":{"SEI":0.23929280974097847,"SEIadj":40.14357568584459,"SEIrank":185,"audienceSEI":1.2289443054027274,"audienceSEIadj":50.61447215270137,"audienceSEIrank":108,"engagementSEI":0.10877325202772627,"engagementSEIadj":40.065263951216636,"engagementSEIrank":165,"voiceSEI":0.1704480932802333,"voiceSEIadj":40.10226885596814,"voiceSEIrank":191},"scoped":{"SEI":1.148474117147348,"SEIadj":40.68908447028841,"SEIrank":163,"audienceSEI":5.970072416515085,"audienceSEIadj":52.98503620825754,"audienceSEIrank":95,"engagementSEI":0.6502099065183868,"engagementSEIadj":40.39012594391103,"engagementSEIrank":151,"voiceSEI":0.537803105282692,"voiceSEIadj":40.32268186316961,"voiceSEIrank":176}},"instagram":{"non_scoped":{"SEI":0,"SEIadj":0,"SEIrank":72,"audienceSEI":0,"audienceSEIadj":0,"audienceSEIrank":72,"engagementSEI":0,"engagementSEIadj":0,"engagementSEIrank":70,"voiceSEI":0,"voiceSEIadj":0,"voiceSEIrank":70},"scoped":{"SEI":0,"SEIadj":0,"SEIrank":66,"audienceSEI":0,"audienceSEIadj":0,"audienceSEIrank":66,"engagementSEI":0,"engagementSEIadj":0,"engagementSEIrank":64,"voiceSEI":0,"voiceSEIadj":0,"voiceSEIrank":64}},"influence":{"facebook":{"scope":"individual","ratio":0,"calculated":false},"instagram":{"scope":"individual","ratio":0,"calculated":false},"combined":{"ratio":0.42,"bottom":true,"scope":"individual","calculated":true},"twitter":{"ratio":0.23,"bottom":false,"scope":"individual","calculated":true}},"charisma":{"facebook":{"scope":"individual","ratio":0,"calculated":false},"instagram":{"scope":"individual","ratio":0,"calculated":false},"combined":{"ratio":0.45,"bottom":true,"scope":"individual","calculated":true},"twitter":{"ratio":0.76,"bottom":false,"scope":"individual","calculated":true}}},"scope":"individual"}}