{"scoreEntityString":"591d1494ab33fb0001804f89.asset.536575feb08f37d80186a13f","timeQuantum":4995834,"scoreEntityType":"asset","scoreProfileID":"591d1494ab33fb0001804f89","data":{"scoreEntityString":"591d1494ab33fb0001804f89.asset.536575feb08f37d80186a13f","scoreProfileID":"591d1494ab33fb0001804f89","scoreEntityType":"asset","entityID":"asset.536575feb08f37d80186a13f","object_version":"1.2","score_engine_version":"3.0.20","timestamp":4995834,"start_quantum":4969914,"end_quantum":4995833,"schedule_options":{"interval":15,"offset":"1"},"_15min":{"boundaryQuantum":4995831,"combined":{"entityString":"536575feb08f37d80186a13f","type":"combined","profiles":2,"postsMade":0,"repliesMade":0,"repliesRcvd":0,"sharesMade":0,"sharesRcvd":0,"mentionsRcvd":0,"likesRcvd":0,"reachRcvd":0,"audience":2216,"voice":0,"conversation":0,"engagement":0,"group_scoped":{"audienceScore":0.1463462634483697,"voiceScore":0,"engagementScore":0,"combinedScore":0.1463462634483697,"engagementSEI":0,"engagementSEIadj":0,"voiceSEI":0,"voiceSEIadj":0,"audienceSEI":0.34035024128620445,"audienceSEIadj":0.34035024128620445,"SEI":0.034035024128620445,"SEIadj":0.034035024128620445,"combinedScoreRank":206,"SEIrank":188,"engagementSEIrank":157,"voiceSEIrank":153,"audienceSEIrank":188},"non_scoped":{"SEI":0.008706140264720096,"SEIrank":211,"SEIadj":0,"audienceSEI":0.08706140264720096,"audienceSEIadj":0,"audienceSEIrank":211,"audienceScore":0.01604270951518005,"combinedScore":0.0008021354757590026,"combinedScoreRank":211,"engagementSEI":0,"engagementSEIadj":0,"engagementSEIrank":157,"engagementScore":0,"voiceSEI":0,"voiceSEIadj":0,"voiceSEIrank":153,"voiceScore":0},"scoped":{"SEI":0.1136596774855361,"SEIrank":191,"SEIadj":0,"audienceSEI":1.136596774855361,"audienceSEIadj":0,"audienceSEIrank":191,"audienceScore":0.04605753908499715,"combinedScore":0.0023028769542498577,"combinedScoreRank":191,"engagementSEI":0,"engagementSEIadj":0,"engagementSEIrank":141,"engagementScore":0,"voiceSEI":0,"voiceSEIadj":0,"voiceSEIrank":139,"voiceScore":0}},"facebook":{"entityString":"536575feb08f37d80186a13f","type":"facebook","profiles":1,"postsMade":0,"repliesMade":0,"repliesRcvd":0,"sharesMade":0,"sharesRcvd":0,"mentionsRcvd":0,"likesRcvd":0,"reachRcvd":0,"audience":1,"voice":0,"conversation":0,"engagement":0,"group_scoped":{"audienceScore":0.00009619602441070315,"voiceScore":0,"engagementScore":0,"combinedScore":0.00009619602441070315,"engagementSEI":0,"engagementSEIadj":0,"voiceSEI":0,"voiceSEIadj":0,"audienceSEI":0.00018391311944237544,"audienceSEIadj":0.00018391311944237544,"SEI":0.000018391311944237545,"SEIadj":0.000018391311944237545,"combinedScoreRank":176,"SEIrank":176,"engagementSEIrank":156,"voiceSEIrank":153,"audienceSEIrank":176},"non_scoped":{"SEI":0.000005385212314688114,"SEIrank":189,"SEIadj":0,"audienceSEI":0.00005385212314688113,"audienceSEIadj":0,"audienceSEIrank":189,"audienceScore":0.000010270742946515928,"combinedScore":5.135371473257964e-7,"combinedScoreRank":189,"engagementSEI":0,"engagementSEIadj":0,"engagementSEIrank":156,"engagementScore":0,"voiceSEI":0,"voiceSEIadj":0,"voiceSEIrank":153,"voiceScore":0},"scoped":{"SEI":0.00006864266004036188,"SEIrank":171,"SEIadj":0,"audienceSEI":0.0006864266004036188,"audienceSEIadj":0,"audienceSEIrank":171,"audienceScore":0.00004210226724919364,"combinedScore":0.000002105113362459682,"combinedScoreRank":171,"engagementSEI":0,"engagementSEIadj":0,"engagementSEIrank":140,"engagementScore":0,"voiceSEI":0,"voiceSEIadj":0,"voiceSEIrank":139,"voiceScore":0}},"twitter":{"entityString":"536575feb08f37d80186a13f","type":"twitter","profiles":1,"postsMade":0,"repliesMade":0,"repliesRcvd":0,"sharesMade":0,"sharesRcvd":0,"mentionsRcvd":0,"likesRcvd":0,"reachRcvd":0,"audience":2215,"voice":0,"conversation":0,"engagement":0,"group_scoped":{"audienceScore":0.521715371878246,"voiceScore":0,"engagementScore":0,"combinedScore":0.521715371878246,"engagementSEI":0,"engagementSEIadj":0,"voiceSEI":0,"voiceSEIadj":0,"audienceSEI":1.9005045131619591,"audienceSEIadj":1.9005045131619591,"SEI":0.1900504513161959,"SEIadj":0.1900504513161959,"combinedScoreRank":190,"SEIrank":167,"engagementSEIrank":154,"voiceSEIrank":153,"audienceSEIrank":167},"non_scoped":{"SEI":0.039122041340428876,"SEIrank":196,"SEIadj":0,"audienceSEI":0.39122041340428876,"audienceSEIadj":0,"audienceSEIrank":196,"audienceScore":0.06351006813784466,"combinedScore":0.003175503406892233,"combinedScoreRank":196,"engagementSEI":0,"engagementSEIadj":0,"engagementSEIrank":154,"engagementScore":0,"voiceSEI":0,"voiceSEIadj":0,"voiceSEIrank":153,"voiceScore":0},"scoped":{"SEI":0.1900504513161959,"SEIrank":178,"SEIadj":0,"audienceSEI":1.9005045131619591,"audienceSEIadj":0,"audienceSEIrank":178,"audienceScore":0.10060161126084022,"combinedScore":0.014371658751548602,"combinedScoreRank":178,"engagementSEI":0,"engagementSEIadj":0,"engagementSEIrank":140,"engagementScore":0,"voiceSEI":0,"voiceSEIadj":0,"voiceSEIrank":139,"voiceScore":0}},"instagram":{"entityString":"536575feb08f37d80186a13f","type":"instagram","profiles":0,"postsMade":0,"repliesMade":0,"repliesRcvd":0,"sharesMade":0,"sharesRcvd":0,"mentionsRcvd":0,"likesRcvd":0,"reachRcvd":0,"audience":0,"voice":0,"conversation":0,"engagement":0,"group_scoped":{"audienceScore":0,"voiceScore":0,"engagementScore":0,"combinedScore":0,"engagementSEI":0,"engagementSEIadj":0,"voiceSEI":0,"voiceSEIadj":0,"audienceSEI":0,"audienceSEIadj":0,"SEI":0,"SEIadj":0,"combinedScoreRank":173,"SEIrank":154,"engagementSEIrank":154,"voiceSEIrank":153,"audienceSEIrank":154},"non_scoped":{"SEI":0,"SEIrank":154,"SEIadj":0,"audienceSEI":0,"audienceSEIadj":0,"audienceSEIrank":154,"audienceScore":0,"combinedScore":0,"combinedScoreRank":154,"engagementSEI":0,"engagementSEIadj":0,"engagementSEIrank":154,"engagementScore":0,"voiceSEI":0,"voiceSEIadj":0,"voiceSEIrank":153,"voiceScore":0},"scoped":{"SEI":0,"SEIrank":139,"SEIadj":0,"audienceSEI":0,"audienceSEIadj":0,"audienceSEIrank":139,"audienceScore":0,"combinedScore":0,"combinedScoreRank":139,"engagementSEI":0,"engagementSEIadj":0,"engagementSEIrank":139,"engagementScore":0,"voiceSEI":0,"voiceSEIadj":0,"voiceSEIrank":139,"voiceScore":0}}},"hour":{"boundaryQuantum":4995822,"combined":{"entityString":"536575feb08f37d80186a13f","type":"combined","profiles":2,"postsMade":0,"repliesMade":0,"repliesRcvd":0,"sharesMade":0,"sharesRcvd":0,"mentionsRcvd":0,"likesRcvd":0,"reachRcvd":0,"audience":2216,"voice":0,"conversation":0,"engagement":0,"group_scoped":{"audienceScore":0.1463462634483697,"voiceScore":0,"engagementScore":0,"combinedScore":0.1463462634483697,"combinedScoreRank":203,"SEIrank":190,"engagementSEIrank":170,"voiceSEIrank":159,"audienceSEIrank":188,"engagementSEI":0,"engagementSEIadj":0,"voiceSEI":0,"voiceSEIadj":0,"audienceSEI":0.34035024128620445,"audienceSEIadj":0.34035024128620445,"SEI":0.034035024128620445,"SEIadj":0.034035024128620445},"non_scoped":{"SEI":0.008706140264720096,"SEIrank":211,"SEIadj":0,"audienceSEI":0.08706140264720096,"audienceSEIadj":0,"audienceSEIrank":211,"audienceScore":0.01604270951518005,"combinedScore":0.0008021354757590026,"combinedScoreRank":211,"engagementSEI":0,"engagementSEIadj":0,"engagementSEIrank":170,"engagementScore":0,"voiceSEI":0,"voiceSEIadj":0,"voiceSEIrank":159,"voiceScore":0},"scoped":{"SEI":0.1136596774855361,"SEIrank":191,"SEIadj":0,"audienceSEI":1.136596774855361,"audienceSEIadj":0,"audienceSEIrank":191,"audienceScore":0.04605753908499715,"combinedScore":0.0023028769542498577,"combinedScoreRank":191,"engagementSEI":0,"engagementSEIadj":0,"engagementSEIrank":153,"engagementScore":0,"voiceSEI":0,"voiceSEIadj":0,"voiceSEIrank":143,"voiceScore":0}},"facebook":{"entityString":"536575feb08f37d80186a13f","type":"facebook","profiles":1,"postsMade":0,"repliesMade":0,"repliesRcvd":0,"sharesMade":0,"sharesRcvd":0,"mentionsRcvd":0,"likesRcvd":0,"reachRcvd":0,"audience":1,"voice":0,"conversation":0,"engagement":0,"group_scoped":{"audienceScore":0.00009619602441070315,"voiceScore":0,"engagementScore":0,"combinedScore":0.00009619602441070315,"combinedScoreRank":176,"SEIrank":176,"engagementSEIrank":165,"voiceSEIrank":157,"audienceSEIrank":176,"engagementSEI":0,"engagementSEIadj":0,"voiceSEI":0,"voiceSEIadj":0,"audienceSEI":0.00018391311944237544,"audienceSEIadj":0.00018391311944237544,"SEI":0.000018391311944237545,"SEIadj":0.000018391311944237545},"non_scoped":{"SEI":0.000005385212314688114,"SEIrank":189,"SEIadj":0,"audienceSEI":0.00005385212314688113,"audienceSEIadj":0,"audienceSEIrank":189,"audienceScore":0.000010270742946515928,"combinedScore":5.135371473257964e-7,"combinedScoreRank":189,"engagementSEI":0,"engagementSEIadj":0,"engagementSEIrank":165,"engagementScore":0,"voiceSEI":0,"voiceSEIadj":0,"voiceSEIrank":157,"voiceScore":0},"scoped":{"SEI":0.00006864266004036188,"SEIrank":171,"SEIadj":0,"audienceSEI":0.0006864266004036188,"audienceSEIadj":0,"audienceSEIrank":171,"audienceScore":0.00004210226724919364,"combinedScore":0.000002105113362459682,"combinedScoreRank":171,"engagementSEI":0,"engagementSEIadj":0,"engagementSEIrank":148,"engagementScore":0,"voiceSEI":0,"voiceSEIadj":0,"voiceSEIrank":141,"voiceScore":0}},"twitter":{"entityString":"536575feb08f37d80186a13f","type":"twitter","profiles":1,"postsMade":0,"repliesMade":0,"repliesRcvd":0,"sharesMade":0,"sharesRcvd":0,"mentionsRcvd":0,"likesRcvd":0,"reachRcvd":0,"audience":2215,"voice":0,"conversation":0,"engagement":0,"group_scoped":{"audienceScore":0.521715371878246,"voiceScore":0,"engagementScore":0,"combinedScore":0.521715371878246,"combinedScoreRank":195,"SEIrank":173,"engagementSEIrank":162,"voiceSEIrank":158,"audienceSEIrank":167,"engagementSEI":0,"engagementSEIadj":0,"voiceSEI":0,"voiceSEIadj":0,"audienceSEI":1.9005045131619591,"audienceSEIadj":1.9005045131619591,"SEI":0.1900504513161959,"SEIadj":0.1900504513161959},"non_scoped":{"SEI":0.039122041340428876,"SEIrank":196,"SEIadj":0,"audienceSEI":0.39122041340428876,"audienceSEIadj":0,"audienceSEIrank":196,"audienceScore":0.06351006813784466,"combinedScore":0.003175503406892233,"combinedScoreRank":196,"engagementSEI":0,"engagementSEIadj":0,"engagementSEIrank":162,"engagementScore":0,"voiceSEI":0,"voiceSEIadj":0,"voiceSEIrank":158,"voiceScore":0},"scoped":{"SEI":0.1900504513161959,"SEIrank":178,"SEIadj":0,"audienceSEI":1.9005045131619591,"audienceSEIadj":0,"audienceSEIrank":178,"audienceScore":0.10060161126084022,"combinedScore":0.005030080563042012,"combinedScoreRank":178,"engagementSEI":0,"engagementSEIadj":0,"engagementSEIrank":145,"engagementScore":0,"voiceSEI":0,"voiceSEIadj":0,"voiceSEIrank":142,"voiceScore":0}},"instagram":{"entityString":"536575feb08f37d80186a13f","type":"instagram","profiles":0,"postsMade":0,"repliesMade":0,"repliesRcvd":0,"sharesMade":0,"sharesRcvd":0,"mentionsRcvd":0,"likesRcvd":0,"reachRcvd":0,"audience":0,"voice":0,"conversation":0,"engagement":0,"group_scoped":{"audienceScore":0,"voiceScore":0,"engagementScore":0,"combinedScore":0,"combinedScoreRank":173,"SEIrank":154,"engagementSEIrank":154,"voiceSEIrank":153,"audienceSEIrank":154,"engagementSEI":0,"engagementSEIadj":0,"voiceSEI":0,"voiceSEIadj":0,"audienceSEI":0,"audienceSEIadj":0,"SEI":0,"SEIadj":0},"non_scoped":{"SEI":0,"SEIrank":154,"SEIadj":0,"audienceSEI":0,"audienceSEIadj":0,"audienceSEIrank":154,"audienceScore":0,"combinedScore":0,"combinedScoreRank":154,"engagementSEI":0,"engagementSEIadj":0,"engagementSEIrank":154,"engagementScore":0,"voiceSEI":0,"voiceSEIadj":0,"voiceSEIrank":153,"voiceScore":0},"scoped":{"SEI":0,"SEIrank":139,"SEIadj":0,"audienceSEI":0,"audienceSEIadj":0,"audienceSEIrank":139,"audienceScore":0,"combinedScore":0,"combinedScoreRank":139,"engagementSEI":0,"engagementSEIadj":0,"engagementSEIrank":139,"engagementScore":0,"voiceSEI":0,"voiceSEIadj":0,"voiceSEIrank":139,"voiceScore":0}}},"today":{"boundaryQuantum":4995546,"combined":{"entityString":"536575feb08f37d80186a13f","type":"combined","profiles":2,"postsMade":0,"repliesMade":0,"repliesRcvd":0,"sharesMade":0,"sharesRcvd":0,"mentionsRcvd":0,"likesRcvd":0,"reachRcvd":0,"audience":2216,"voice":0,"conversation":0,"engagement":0,"group_scoped":{"audienceScore":0.1463462634483697,"voiceScore":0,"engagementScore":0,"combinedScore":0.1463462634483697,"combinedScoreRank":156,"SEIrank":204,"engagementSEIrank":205,"voiceSEIrank":196,"audienceSEIrank":188,"engagementSEI":0,"engagementSEIadj":0,"voiceSEI":0,"voiceSEIadj":0,"audienceSEI":0.34035024128620445,"audienceSEIadj":0.34035024128620445,"SEI":0.034035024128620445,"SEIadj":0.034035024128620445},"non_scoped":{"SEI":0.008706140264720096,"SEIrank":216,"SEIadj":0,"audienceSEI":0.08706140264720096,"audienceSEIadj":0,"audienceSEIrank":211,"audienceScore":0.01604270951518005,"combinedScore":0.0008021354757590026,"combinedScoreRank":216,"engagementSEI":0,"engagementSEIadj":0,"engagementSEIrank":205,"engagementScore":0,"voiceSEI":0,"voiceSEIadj":0,"voiceSEIrank":196,"voiceScore":0},"scoped":{"SEI":0.1136596774855361,"SEIrank":195,"SEIadj":0,"audienceSEI":1.136596774855361,"audienceSEIadj":0,"audienceSEIrank":191,"audienceScore":0.04605753908499715,"combinedScore":0.0023028769542498577,"combinedScoreRank":195,"engagementSEI":0,"engagementSEIadj":0,"engagementSEIrank":188,"engagementScore":0,"voiceSEI":0,"voiceSEIadj":0,"voiceSEIrank":178,"voiceScore":0}},"facebook":{"entityString":"536575feb08f37d80186a13f","type":"facebook","profiles":1,"postsMade":0,"repliesMade":0,"repliesRcvd":0,"sharesMade":0,"sharesRcvd":0,"mentionsRcvd":0,"likesRcvd":0,"reachRcvd":0,"audience":1,"voice":0,"conversation":0,"engagement":0,"group_scoped":{"audienceScore":0.00009619602441070315,"voiceScore":0,"engagementScore":0,"combinedScore":0.00009619602441070315,"combinedScoreRank":176,"SEIrank":176,"engagementSEIrank":184,"voiceSEIrank":178,"audienceSEIrank":176,"engagementSEI":0,"engagementSEIadj":0,"voiceSEI":0,"voiceSEIadj":0,"audienceSEI":0.00018391311944237544,"audienceSEIadj":0.00018391311944237544,"SEI":0.000018391311944237545,"SEIadj":0.000018391311944237545},"non_scoped":{"SEI":0.000005385212314688114,"SEIrank":189,"SEIadj":0,"audienceSEI":0.00005385212314688113,"audienceSEIadj":0,"audienceSEIrank":189,"audienceScore":0.000010270742946515928,"combinedScore":5.135371473257964e-7,"combinedScoreRank":189,"engagementSEI":0,"engagementSEIadj":0,"engagementSEIrank":184,"engagementScore":0,"voiceSEI":0,"voiceSEIadj":0,"voiceSEIrank":178,"voiceScore":0},"scoped":{"SEI":0.00006864266004036188,"SEIrank":171,"SEIadj":0,"audienceSEI":0.0006864266004036188,"audienceSEIadj":0,"audienceSEIrank":171,"audienceScore":0.00004210226724919364,"combinedScore":0.000002105113362459682,"combinedScoreRank":171,"engagementSEI":0,"engagementSEIadj":0,"engagementSEIrank":167,"engagementScore":0,"voiceSEI":0,"voiceSEIadj":0,"voiceSEIrank":161,"voiceScore":0}},"twitter":{"entityString":"536575feb08f37d80186a13f","type":"twitter","profiles":1,"postsMade":0,"repliesMade":0,"repliesRcvd":0,"sharesMade":0,"sharesRcvd":0,"mentionsRcvd":0,"likesRcvd":0,"reachRcvd":0,"audience":2215,"voice":0,"conversation":0,"engagement":0,"group_scoped":{"audienceScore":0.521715371878246,"voiceScore":0,"engagementScore":0,"combinedScore":0.521715371878246,"combinedScoreRank":167,"SEIrank":196,"engagementSEIrank":197,"voiceSEIrank":189,"audienceSEIrank":167,"engagementSEI":0,"engagementSEIadj":0,"voiceSEI":0,"voiceSEIadj":0,"audienceSEI":1.9005045131619591,"audienceSEIadj":1.9005045131619591,"SEI":0.1900504513161959,"SEIadj":0.1900504513161959},"non_scoped":{"SEI":0.039122041340428876,"SEIrank":204,"SEIadj":0,"audienceSEI":0.39122041340428876,"audienceSEIadj":0,"audienceSEIrank":196,"audienceScore":0.06351006813784466,"combinedScore":0.003175503406892233,"combinedScoreRank":204,"engagementSEI":0,"engagementSEIadj":0,"engagementSEIrank":197,"engagementScore":0,"voiceSEI":0,"voiceSEIadj":0,"voiceSEIrank":189,"voiceScore":0},"scoped":{"SEI":0.1900504513161959,"SEIrank":185,"SEIadj":0,"audienceSEI":1.9005045131619591,"audienceSEIadj":0,"audienceSEIrank":178,"audienceScore":0.10060161126084022,"combinedScore":0.005030080563042012,"combinedScoreRank":185,"engagementSEI":0,"engagementSEIadj":0,"engagementSEIrank":180,"engagementScore":0,"voiceSEI":0,"voiceSEIadj":0,"voiceSEIrank":171,"voiceScore":0}},"instagram":{"entityString":"536575feb08f37d80186a13f","type":"instagram","profiles":0,"postsMade":0,"repliesMade":0,"repliesRcvd":0,"sharesMade":0,"sharesRcvd":0,"mentionsRcvd":0,"likesRcvd":0,"reachRcvd":0,"audience":0,"voice":0,"conversation":0,"engagement":0,"group_scoped":{"audienceScore":0,"voiceScore":0,"engagementScore":0,"combinedScore":0,"combinedScoreRank":173,"SEIrank":154,"engagementSEIrank":154,"voiceSEIrank":154,"audienceSEIrank":154,"engagementSEI":0,"engagementSEIadj":0,"voiceSEI":0,"voiceSEIadj":0,"audienceSEI":0,"audienceSEIadj":0,"SEI":0,"SEIadj":0},"non_scoped":{"SEI":0,"SEIrank":154,"SEIadj":0,"audienceSEI":0,"audienceSEIadj":0,"audienceSEIrank":154,"audienceScore":0,"combinedScore":0,"combinedScoreRank":154,"engagementSEI":0,"engagementSEIadj":0,"engagementSEIrank":154,"engagementScore":0,"voiceSEI":0,"voiceSEIadj":0,"voiceSEIrank":154,"voiceScore":0},"scoped":{"SEI":0,"SEIrank":139,"SEIadj":0,"audienceSEI":0,"audienceSEIadj":0,"audienceSEIrank":139,"audienceScore":0,"combinedScore":0,"combinedScoreRank":139,"engagementSEI":0,"engagementSEIadj":0,"engagementSEIrank":139,"engagementScore":0,"voiceSEI":0,"voiceSEIadj":0,"voiceSEIrank":139,"voiceScore":0}}},"week":{"boundaryQuantum":4993818,"combined":{"entityString":"536575feb08f37d80186a13f","type":"combined","profiles":2,"postsMade":0,"repliesMade":0,"repliesRcvd":0,"sharesMade":0,"sharesRcvd":0,"mentionsRcvd":0,"likesRcvd":0,"reachRcvd":0,"audience":2216,"voice":0,"conversation":0,"engagement":0,"group_scoped":{"audienceScore":0.1463462634483697,"voiceScore":0,"engagementScore":0,"combinedScore":0.1463462634483697,"combinedScoreRank":140,"SEIrank":215,"engagementSEIrank":222,"voiceSEIrank":216,"audienceSEIrank":188,"engagementSEI":0,"engagementSEIadj":0,"voiceSEI":0,"voiceSEIadj":0,"audienceSEI":0.34035024128620445,"audienceSEIadj":0.34035024128620445,"SEI":0.034035024128620445,"SEIadj":0.034035024128620445},"non_scoped":{"SEI":0.008706140264720096,"SEIrank":220,"SEIadj":0,"audienceSEI":0.08706140264720096,"audienceSEIadj":0,"audienceSEIrank":211,"audienceScore":0.01604270951518005,"combinedScore":0.0008021354757590026,"combinedScoreRank":220,"engagementSEI":0,"engagementSEIadj":0,"engagementSEIrank":222,"engagementScore":0,"voiceSEI":0,"voiceSEIadj":0,"voiceSEIrank":216,"voiceScore":0},"scoped":{"SEI":0.1136596774855361,"SEIrank":198,"SEIadj":0,"audienceSEI":1.136596774855361,"audienceSEIadj":0,"audienceSEIrank":191,"audienceScore":0.04605753908499715,"combinedScore":0.0023028769542498577,"combinedScoreRank":198,"engagementSEI":0,"engagementSEIadj":0,"engagementSEIrank":203,"engagementScore":0,"voiceSEI":0,"voiceSEIadj":0,"voiceSEIrank":197,"voiceScore":0}},"facebook":{"entityString":"536575feb08f37d80186a13f","type":"facebook","profiles":1,"postsMade":0,"repliesMade":0,"repliesRcvd":0,"sharesMade":0,"sharesRcvd":0,"mentionsRcvd":0,"likesRcvd":0,"reachRcvd":0,"audience":1,"voice":0,"conversation":0,"engagement":0,"group_scoped":{"audienceScore":0.00009619602441070315,"voiceScore":0,"engagementScore":0,"combinedScore":0.00009619602441070315,"combinedScoreRank":176,"SEIrank":176,"engagementSEIrank":202,"voiceSEIrank":192,"audienceSEIrank":176,"engagementSEI":0,"engagementSEIadj":0,"voiceSEI":0,"voiceSEIadj":0,"audienceSEI":0.00018391311944237544,"audienceSEIadj":0.00018391311944237544,"SEI":0.000018391311944237545,"SEIadj":0.000018391311944237545},"non_scoped":{"SEI":0.000005385212314688114,"SEIrank":189,"SEIadj":0,"audienceSEI":0.00005385212314688113,"audienceSEIadj":0,"audienceSEIrank":189,"audienceScore":0.000010270742946515928,"combinedScore":5.135371473257964e-7,"combinedScoreRank":189,"engagementSEI":0,"engagementSEIadj":0,"engagementSEIrank":202,"engagementScore":0,"voiceSEI":0,"voiceSEIadj":0,"voiceSEIrank":192,"voiceScore":0},"scoped":{"SEI":0.00006864266004036188,"SEIrank":171,"SEIadj":0,"audienceSEI":0.0006864266004036188,"audienceSEIadj":0,"audienceSEIrank":171,"audienceScore":0.00004210226724919364,"combinedScore":0.000002105113362459682,"combinedScoreRank":171,"engagementSEI":0,"engagementSEIadj":0,"engagementSEIrank":185,"engagementScore":0,"voiceSEI":0,"voiceSEIadj":0,"voiceSEIrank":175,"voiceScore":0}},"twitter":{"entityString":"536575feb08f37d80186a13f","type":"twitter","profiles":1,"postsMade":0,"repliesMade":0,"repliesRcvd":0,"sharesMade":0,"sharesRcvd":0,"mentionsRcvd":0,"likesRcvd":0,"reachRcvd":0,"audience":2215,"voice":0,"conversation":0,"engagement":0,"group_scoped":{"audienceScore":0.521715371878246,"voiceScore":0,"engagementScore":0,"combinedScore":0.521715371878246,"combinedScoreRank":153,"SEIrank":208,"engagementSEIrank":212,"voiceSEIrank":210,"audienceSEIrank":167,"engagementSEI":0,"engagementSEIadj":0,"voiceSEI":0,"voiceSEIadj":0,"audienceSEI":1.9005045131619591,"audienceSEIadj":1.9005045131619591,"SEI":0.1900504513161959,"SEIadj":0.1900504513161959},"non_scoped":{"SEI":0.039122041340428876,"SEIrank":211,"SEIadj":0,"audienceSEI":0.39122041340428876,"audienceSEIadj":0,"audienceSEIrank":196,"audienceScore":0.06351006813784466,"combinedScore":0.003175503406892233,"combinedScoreRank":211,"engagementSEI":0,"engagementSEIadj":0,"engagementSEIrank":212,"engagementScore":0,"voiceSEI":0,"voiceSEIadj":0,"voiceSEIrank":210,"voiceScore":0},"scoped":{"SEI":0.1900504513161959,"SEIrank":191,"SEIadj":0,"audienceSEI":1.9005045131619591,"audienceSEIadj":0,"audienceSEIrank":178,"audienceScore":0.10060161126084022,"combinedScore":0.005030080563042012,"combinedScoreRank":191,"engagementSEI":0,"engagementSEIadj":0,"engagementSEIrank":193,"engagementScore":0,"voiceSEI":0,"voiceSEIadj":0,"voiceSEIrank":191,"voiceScore":0}},"instagram":{"entityString":"536575feb08f37d80186a13f","type":"instagram","profiles":0,"postsMade":0,"repliesMade":0,"repliesRcvd":0,"sharesMade":0,"sharesRcvd":0,"mentionsRcvd":0,"likesRcvd":0,"reachRcvd":0,"audience":0,"voice":0,"conversation":0,"engagement":0,"group_scoped":{"audienceScore":0,"voiceScore":0,"engagementScore":0,"combinedScore":0,"combinedScoreRank":173,"SEIrank":154,"engagementSEIrank":154,"voiceSEIrank":154,"audienceSEIrank":154,"engagementSEI":0,"engagementSEIadj":0,"voiceSEI":0,"voiceSEIadj":0,"audienceSEI":0,"audienceSEIadj":0,"SEI":0,"SEIadj":0},"non_scoped":{"SEI":0,"SEIrank":154,"SEIadj":0,"audienceSEI":0,"audienceSEIadj":0,"audienceSEIrank":154,"audienceScore":0,"combinedScore":0,"combinedScoreRank":154,"engagementSEI":0,"engagementSEIadj":0,"engagementSEIrank":154,"engagementScore":0,"voiceSEI":0,"voiceSEIadj":0,"voiceSEIrank":154,"voiceScore":0},"scoped":{"SEI":0,"SEIrank":139,"SEIadj":0,"audienceSEI":0,"audienceSEIadj":0,"audienceSEIrank":139,"audienceScore":0,"combinedScore":0,"combinedScoreRank":139,"engagementSEI":0,"engagementSEIadj":0,"engagementSEIrank":139,"engagementScore":0,"voiceSEI":0,"voiceSEIadj":0,"voiceSEIrank":139,"voiceScore":0}}},"month":{"boundaryQuantum":4987194,"combined":{"entityString":"536575feb08f37d80186a13f","type":"combined","profiles":2,"postsMade":2,"repliesMade":0,"repliesRcvd":0,"sharesMade":0,"sharesRcvd":4,"mentionsRcvd":0,"likesRcvd":5,"reachRcvd":0,"audience":2216,"voice":2,"conversation":2,"engagement":9,"group_scoped":{"audienceScore":0.1463462634483697,"voiceScore":0.03447087211306446,"engagementScore":0.0009101730036619294,"combinedScore":0.009860012481367444,"combinedScoreRank":226,"SEIrank":215,"engagementSEIrank":207,"voiceSEIrank":205,"audienceSEIrank":188,"engagementSEI":0.0010525798732693833,"engagementSEIadj":0.0010525798732693833,"voiceSEI":0.081799591002045,"voiceSEIadj":0.081799591002045,"audienceSEI":0.34035024128620445,"audienceSEIadj":0.34035024128620445,"SEI":0.05920644935319557,"SEIadj":0.05920644935319557},"non_scoped":{"SEI":0.025167629034543382,"SEIrank":211,"SEIadj":0,"audienceSEI":0.08706140264720096,"audienceSEIadj":0,"audienceSEIrank":211,"audienceScore":0.01604270951518005,"combinedScore":0.0011575531296486486,"combinedScoreRank":214,"engagementSEI":0.00024712511120630003,"engagementSEIadj":0,"engagementSEIrank":208,"engagementScore":0.00010338541277774779,"voiceSEI":0.0543773790103317,"voiceSEIadj":0,"voiceSEIrank":205,"voiceScore":0.005247415647793462},"scoped":{"SEI":0.18048823866253721,"SEIrank":194,"SEIadj":0,"audienceSEI":1.136596774855361,"audienceSEIadj":0,"audienceSEIrank":191,"audienceScore":0.04605753908499715,"combinedScore":0.003808413253228717,"combinedScoreRank":194,"engagementSEI":0.0074308313448979086,"engagementSEIadj":0,"engagementSEIrank":190,"engagementScore":0.0010590802006133252,"voiceSEI":0.2079002079002079,"voiceSEIadj":0,"voiceSEIrank":188,"voiceScore":0.01104728236853734}},"facebook":{"entityString":"536575feb08f37d80186a13f","type":"facebook","profiles":1,"postsMade":0,"repliesMade":0,"repliesRcvd":0,"sharesMade":0,"sharesRcvd":0,"mentionsRcvd":0,"likesRcvd":0,"reachRcvd":0,"audience":1,"voice":0,"conversation":0,"engagement":0,"group_scoped":{"audienceScore":0.00009619602441070315,"voiceScore":0,"engagementScore":0,"combinedScore":0.00009619602441070315,"combinedScoreRank":176,"SEIrank":176,"engagementSEIrank":207,"voiceSEIrank":204,"audienceSEIrank":176,"engagementSEI":0,"engagementSEIadj":0,"voiceSEI":0,"voiceSEIadj":0,"audienceSEI":0.00018391311944237544,"audienceSEIadj":0.00018391311944237544,"SEI":0.000018391311944237545,"SEIadj":0.000018391311944237545},"non_scoped":{"SEI":0.000005385212314688114,"SEIrank":189,"SEIadj":0,"audienceSEI":0.00005385212314688113,"audienceSEIadj":0,"audienceSEIrank":189,"audienceScore":0.000010270742946515928,"combinedScore":5.135371473257964e-7,"combinedScoreRank":189,"engagementSEI":0,"engagementSEIadj":0,"engagementSEIrank":207,"engagementScore":0,"voiceSEI":0,"voiceSEIadj":0,"voiceSEIrank":204,"voiceScore":0},"scoped":{"SEI":0.00006864266004036188,"SEIrank":171,"SEIadj":0,"audienceSEI":0.0006864266004036188,"audienceSEIadj":0,"audienceSEIrank":171,"audienceScore":0.00004210226724919364,"combinedScore":0.000002105113362459682,"combinedScoreRank":171,"engagementSEI":0,"engagementSEIadj":0,"engagementSEIrank":189,"engagementScore":0,"voiceSEI":0,"voiceSEIadj":0,"voiceSEIrank":187,"voiceScore":0}},"twitter":{"entityString":"536575feb08f37d80186a13f","type":"twitter","profiles":1,"postsMade":2,"repliesMade":0,"repliesRcvd":0,"sharesMade":0,"sharesRcvd":4,"mentionsRcvd":0,"likesRcvd":5,"reachRcvd":0,"audience":2215,"voice":2,"conversation":2,"engagement":9,"group_scoped":{"audienceScore":0.521715371878246,"voiceScore":0.05685048322910744,"engagementScore":0.035141150286986056,"combinedScore":0.060555328013655124,"combinedScoreRank":219,"SEIrank":204,"engagementSEIrank":193,"voiceSEIrank":195,"audienceSEIrank":167,"engagementSEI":0.12070815450643778,"engagementSEIadj":0.12070815450643778,"voiceSEI":0.1524390243902439,"voiceSEIadj":0.1524390243902439,"audienceSEI":1.9005045131619591,"audienceSEIadj":1.9005045131619591,"SEI":0.3082070513371317,"SEIadj":0.3082070513371317},"non_scoped":{"SEI":0.07637946002464772,"SEIrank":206,"SEIadj":0,"audienceSEI":0.39122041340428876,"audienceSEIadj":0,"audienceSEIrank":196,"audienceScore":0.06351006813784466,"combinedScore":0.006573220437467089,"combinedScoreRank":204,"engagementSEI":0.014363000909656726,"engagementSEIadj":0,"engagementSEIrank":198,"engagementScore":0.0033050688739630347,"voiceSEI":0.0954653937947494,"voiceSEIadj":0,"voiceSEIrank":196,"voiceScore":0.008463100880162491},"scoped":{"SEI":0.3250184249522417,"SEIrank":188,"SEIadj":0,"audienceSEI":1.9005045131619591,"audienceSEIadj":0,"audienceSEIrank":178,"audienceScore":0.10060161126084022,"combinedScore":0.011494049148949106,"combinedScoreRank":185,"engagementSEI":0.07896122126688893,"engagementSEIadj":0,"engagementSEIrank":181,"engagementScore":0.006334593213539137,"voiceSEI":0.291970802919708,"voiceSEIadj":0,"voiceSEIrank":181,"voiceScore":0.01525669387443741}},"instagram":{"entityString":"536575feb08f37d80186a13f","type":"instagram","profiles":0,"postsMade":0,"repliesMade":0,"repliesRcvd":0,"sharesMade":0,"sharesRcvd":0,"mentionsRcvd":0,"likesRcvd":0,"reachRcvd":0,"audience":0,"voice":0,"conversation":0,"engagement":0,"group_scoped":{"audienceScore":0,"voiceScore":0,"engagementScore":0,"combinedScore":0,"combinedScoreRank":173,"SEIrank":154,"engagementSEIrank":154,"voiceSEIrank":154,"audienceSEIrank":154,"engagementSEI":0,"engagementSEIadj":0,"voiceSEI":0,"voiceSEIadj":0,"audienceSEI":0,"audienceSEIadj":0,"SEI":0,"SEIadj":0},"non_scoped":{"SEI":0,"SEIrank":154,"SEIadj":0,"audienceSEI":0,"audienceSEIadj":0,"audienceSEIrank":154,"audienceScore":0,"combinedScore":0,"combinedScoreRank":154,"engagementSEI":0,"engagementSEIadj":0,"engagementSEIrank":154,"engagementScore":0,"voiceSEI":0,"voiceSEIadj":0,"voiceSEIrank":154,"voiceScore":0},"scoped":{"SEI":0,"SEIrank":139,"SEIadj":0,"audienceSEI":0,"audienceSEIadj":0,"audienceSEIrank":139,"audienceScore":0,"combinedScore":0,"combinedScoreRank":139,"engagementSEI":0,"engagementSEIadj":0,"engagementSEIrank":139,"engagementScore":0,"voiceSEI":0,"voiceSEIadj":0,"voiceSEIrank":139,"voiceScore":0}}},"quarter":{"boundaryQuantum":4969914,"combined":{"entityString":"536575feb08f37d80186a13f","type":"combined","profiles":2,"postsMade":2,"repliesMade":0,"repliesRcvd":0,"sharesMade":0,"sharesRcvd":4,"mentionsRcvd":0,"likesRcvd":5,"reachRcvd":0,"audience":2216,"voice":2,"conversation":2,"engagement":9,"group_scoped":{"audienceScore":0.1463462634483697,"voiceScore":0.011874369174137624,"engagementScore":0.00031652547871840943,"combinedScore":0.008195904561971935,"combinedScoreRank":227,"SEIrank":217,"engagementSEIrank":215,"voiceSEIrank":214,"audienceSEIrank":188,"engagementSEI":0.00035994370480456854,"engagementSEIadj":0.00035994370480456854,"voiceSEI":0.02869028833739779,"voiceSEIadj":0.02869028833739779,"audienceSEI":0.34035024128620445,"audienceSEIadj":0.34035024128620445,"SEI":0.04285807685272252,"SEIadj":0.04285807685272252},"non_scoped":{"SEI":0.014358409610776448,"SEIrank":216,"SEIadj":0,"audienceSEI":0.08706140264720096,"audienceSEIadj":0,"audienceSEIrank":211,"audienceScore":0.01604270951518005,"combinedScore":0.0009211270186465534,"combinedScoreRank":220,"engagementSEI":0.0000790196714204023,"engagementSEIadj":0,"engagementSEIrank":215,"engagementScore":0.00003253389127751915,"voiceSEI":0.018682858477347034,"voiceSEIadj":0,"voiceSEIrank":216,"voiceScore":0.0017942208147556718},"scoped":{"SEI":0.1371865946183314,"SEIrank":198,"SEIadj":0,"audienceSEI":1.136596774855361,"audienceSEIadj":0,"audienceSEIrank":191,"audienceScore":0.04605753908499715,"combinedScore":0.0027912212845142875,"combinedScoreRank":198,"engagementSEI":0.0023519634975265186,"engagementSEIadj":0,"engagementSEIrank":195,"engagementScore":0.0003314392195711177,"voiceSEI":0.07371913011426465,"voiceSEIadj":0,"voiceSEIrank":196,"voiceScore":0.0038009806530084765}},"facebook":{"entityString":"536575feb08f37d80186a13f","type":"facebook","profiles":1,"postsMade":0,"repliesMade":0,"repliesRcvd":0,"sharesMade":0,"sharesRcvd":0,"mentionsRcvd":0,"likesRcvd":0,"reachRcvd":0,"audience":1,"voice":0,"conversation":0,"engagement":0,"group_scoped":{"audienceScore":0.00009619602441070315,"voiceScore":0,"engagementScore":0,"combinedScore":0.00009619602441070315,"combinedScoreRank":176,"SEIrank":176,"engagementSEIrank":210,"voiceSEIrank":210,"audienceSEIrank":176,"engagementSEI":0,"engagementSEIadj":0,"voiceSEI":0,"voiceSEIadj":0,"audienceSEI":0.00018391311944237544,"audienceSEIadj":0.00018391311944237544,"SEI":0.000018391311944237545,"SEIadj":0.000018391311944237545},"non_scoped":{"SEI":0.000005385212314688114,"SEIrank":189,"SEIadj":0,"audienceSEI":0.00005385212314688113,"audienceSEIadj":0,"audienceSEIrank":189,"audienceScore":0.000010270742946515928,"combinedScore":5.135371473257964e-7,"combinedScoreRank":189,"engagementSEI":0,"engagementSEIadj":0,"engagementSEIrank":210,"engagementScore":0,"voiceSEI":0,"voiceSEIadj":0,"voiceSEIrank":210,"voiceScore":0},"scoped":{"SEI":0.00006864266004036188,"SEIrank":171,"SEIadj":0,"audienceSEI":0.0006864266004036188,"audienceSEIadj":0,"audienceSEIrank":171,"audienceScore":0.00004210226724919364,"combinedScore":0.000002105113362459682,"combinedScoreRank":171,"engagementSEI":0,"engagementSEIadj":0,"engagementSEIrank":191,"engagementScore":0,"voiceSEI":0,"voiceSEIadj":0,"voiceSEIrank":191,"voiceScore":0}},"twitter":{"entityString":"536575feb08f37d80186a13f","type":"twitter","profiles":1,"postsMade":2,"repliesMade":0,"repliesRcvd":0,"sharesMade":0,"sharesRcvd":4,"mentionsRcvd":0,"likesRcvd":5,"reachRcvd":0,"audience":2215,"voice":2,"conversation":2,"engagement":9,"group_scoped":{"audienceScore":0.521715371878246,"voiceScore":0.01895195678953852,"engagementScore":0.012874247214155952,"combinedScore":0.03862018892612959,"combinedScoreRank":221,"SEIrank":209,"engagementSEIrank":206,"voiceSEIrank":207,"audienceSEIrank":167,"engagementSEI":0.040775643349039506,"engagementSEIadj":0.040775643349039506,"voiceSEI":0.052534804307853955,"voiceSEIadj":0.052534804307853955,"audienceSEI":1.9005045131619591,"audienceSEIadj":1.9005045131619591,"SEI":0.23027627861797578,"SEIadj":0.23027627861797578},"non_scoped":{"SEI":0.052053560147426486,"SEIrank":211,"SEIadj":0,"audienceSEI":0.39122041340428876,"audienceSEIadj":0,"audienceSEIrank":196,"audienceScore":0.06351006813784466,"combinedScore":0.004349483927801187,"combinedScoreRank":211,"engagementSEI":0.004869181328312666,"engagementSEIadj":0,"engagementSEIrank":209,"engagementScore":0.0011426960771243673,"voiceSEI":0.033366700033366704,"voiceSEIadj":0,"voiceSEIrank":209,"voiceScore":0.0029110810299404683},"scoped":{"SEI":0.23962136167420992,"SEIrank":191,"SEIadj":0,"audienceSEI":1.9005045131619591,"audienceSEIadj":0,"audienceSEIrank":178,"audienceScore":0.10060161126084022,"combinedScore":0.007338853264959358,"combinedScoreRank":191,"engagementSEI":0.029652082235108068,"engagementSEIadj":0,"engagementSEIrank":191,"engagementScore":0.002269409121511729,"voiceSEI":0.1059322033898305,"voiceSEIadj":0,"voiceSEIrank":192,"voiceScore":0.005326089851135789}},"instagram":{"entityString":"536575feb08f37d80186a13f","type":"instagram","profiles":0,"postsMade":0,"repliesMade":0,"repliesRcvd":0,"sharesMade":0,"sharesRcvd":0,"mentionsRcvd":0,"likesRcvd":0,"reachRcvd":0,"audience":0,"voice":0,"conversation":0,"engagement":0,"group_scoped":{"audienceScore":0,"voiceScore":0,"engagementScore":0,"combinedScore":0,"combinedScoreRank":173,"SEIrank":154,"engagementSEIrank":154,"voiceSEIrank":154,"audienceSEIrank":154,"engagementSEI":0,"engagementSEIadj":0,"voiceSEI":0,"voiceSEIadj":0,"audienceSEI":0,"audienceSEIadj":0,"SEI":0,"SEIadj":0},"non_scoped":{"SEI":0,"SEIrank":154,"SEIadj":0,"audienceSEI":0,"audienceSEIadj":0,"audienceSEIrank":154,"audienceScore":0,"combinedScore":0,"combinedScoreRank":154,"engagementSEI":0,"engagementSEIadj":0,"engagementSEIrank":154,"engagementScore":0,"voiceSEI":0,"voiceSEIadj":0,"voiceSEIrank":154,"voiceScore":0},"scoped":{"SEI":0,"SEIrank":139,"SEIadj":0,"audienceSEI":0,"audienceSEIadj":0,"audienceSEIrank":139,"audienceScore":0,"combinedScore":0,"combinedScoreRank":139,"engagementSEI":0,"engagementSEIadj":0,"engagementSEIrank":139,"engagementScore":0,"voiceSEI":0,"voiceSEIadj":0,"voiceSEIrank":139,"voiceScore":0}}},"blended":{"combined":{"non_scoped":{"SEI":0.014001498253221766,"SEIadj":20.011201198602578,"SEIrank":216,"audienceSEI":0.08706140264720096,"audienceSEIadj":20.06964912211776,"audienceSEIrank":211,"engagementSEI":0.00007657860239114616,"engagementSEIadj":20.000061262881914,"engagementSEIrank":215,"voiceSEI":0.01749803609022327,"voiceSEIadj":20.013998428872178,"voiceSEIrank":215},"scoped":{"SEI":0.10294003937364778,"SEIadj":20.082352031498917,"SEIrank":198,"compCharisma":0,"compInfluence":0,"compEva":0.10294003937364778,"audienceSEI":1.136596774855361,"audienceSEIadj":20.90927741988429,"audienceSEIrank":191,"engagementSEI":0.0022906064504979455,"engagementSEIadj":20.0018324851604,"engagementSEIrank":195,"voiceSEI":0.06804459624216351,"voiceSEIadj":20.05443567699373,"voiceSEIrank":195}},"facebook":{"non_scoped":{"SEI":0.000005385212314688114,"SEIadj":40.00000323112739,"SEIrank":189,"audienceSEI":0.00005385212314688114,"audienceSEIadj":40.00003231127389,"audienceSEIrank":189,"engagementSEI":0,"engagementSEIadj":0,"engagementSEIrank":210,"voiceSEI":0,"voiceSEIadj":0,"voiceSEIrank":210},"scoped":{"SEI":0.00006864266004036188,"SEIadj":40.000041185596025,"SEIrank":171,"audienceSEI":0.0006864266004036188,"audienceSEIadj":40.000411855960245,"audienceSEIrank":171,"engagementSEI":0,"engagementSEIadj":0,"engagementSEIrank":191,"voiceSEI":0,"voiceSEIadj":0,"voiceSEIrank":191}},"twitter":{"non_scoped":{"SEI":0.05117641354656051,"SEIadj":20.040941130837247,"SEIrank":211,"audienceSEI":0.39122041340428876,"audienceSEIadj":40.234732248042576,"audienceSEIrank":196,"engagementSEI":0.004589040800604842,"engagementSEIadj":40.00275342448036,"engagementSEIrank":206,"voiceSEI":0.03100315908589576,"voiceSEIadj":40.01860189545154,"voiceSEIrank":207},"scoped":{"SEI":0.2350811025406098,"SEIadj":20.18806488203249,"SEIrank":191,"audienceSEI":1.9005045131619591,"audienceSEIadj":41.14030270789718,"audienceSEIrank":178,"engagementSEI":0.02667022430758737,"engagementSEIadj":40.016002134584554,"engagementSEIrank":188,"voiceSEI":0.09676172213287146,"voiceSEIadj":20.077409377706296,"voiceSEIrank":190}},"instagram":{"non_scoped":{"SEI":0,"SEIadj":0,"SEIrank":154,"audienceSEI":0,"audienceSEIadj":0,"audienceSEIrank":154,"engagementSEI":0,"engagementSEIadj":0,"engagementSEIrank":154,"voiceSEI":0,"voiceSEIadj":0,"voiceSEIrank":154},"scoped":{"SEI":0,"SEIadj":0,"SEIrank":139,"audienceSEI":0,"audienceSEIadj":0,"audienceSEIrank":139,"engagementSEI":0,"engagementSEIadj":0,"engagementSEIrank":139,"voiceSEI":0,"voiceSEIadj":0,"voiceSEIrank":139}},"influence":{"facebook":{"scope":"individual","ratio":0,"calculated":false},"instagram":{"scope":"individual","ratio":0,"calculated":false},"combined":{"ratio":0.01,"bottom":true,"scope":"individual","calculated":true},"twitter":{"ratio":0.03,"bottom":false,"scope":"individual","calculated":true}},"charisma":{"facebook":{"scope":"individual","ratio":0,"calculated":false},"instagram":{"scope":"individual","ratio":0,"calculated":false},"combined":{"ratio":0.01,"bottom":true,"scope":"individual","calculated":true},"twitter":{"ratio":0.03,"bottom":false,"scope":"individual","calculated":true}}},"scope":"individual"}}