{"scoreEntityString":"591d1494ab33fb0001804f89.asset.536575feb08f37d80186a0f5","timeQuantum":4995834,"scoreEntityType":"asset","scoreProfileID":"591d1494ab33fb0001804f89","data":{"scoreEntityString":"591d1494ab33fb0001804f89.asset.536575feb08f37d80186a0f5","scoreProfileID":"591d1494ab33fb0001804f89","scoreEntityType":"asset","entityID":"asset.536575feb08f37d80186a0f5","object_version":"1.2","score_engine_version":"3.0.20","timestamp":4995834,"start_quantum":4969914,"end_quantum":4995833,"schedule_options":{"interval":15,"offset":"1"},"_15min":{"boundaryQuantum":4995831,"combined":{"entityString":"536575feb08f37d80186a0f5","type":"combined","profiles":3,"postsMade":0,"repliesMade":0,"repliesRcvd":0,"sharesMade":0,"sharesRcvd":0,"mentionsRcvd":0,"likesRcvd":0,"reachRcvd":0,"audience":29978,"voice":0,"conversation":0,"engagement":0,"group_scoped":{"audienceScore":1.011174595764589,"voiceScore":0,"engagementScore":0,"combinedScore":1.011174595764589,"engagementSEI":0,"engagementSEIadj":0,"voiceSEI":0,"voiceSEIadj":0,"audienceSEI":1.5582684704558993,"audienceSEIadj":1.5582684704558993,"SEI":0.15582684704558994,"SEIadj":0.15582684704558994,"combinedScoreRank":79,"SEIrank":89,"engagementSEIrank":118,"voiceSEIrank":112,"audienceSEIrank":86},"non_scoped":{"SEI":0.11777647692047791,"SEIrank":59,"SEIadj":0,"audienceSEI":1.177764769204779,"audienceSEIadj":0,"audienceSEIrank":57,"audienceScore":0.2170254268258428,"combinedScore":0.010851271341292141,"combinedScoreRank":59,"engagementSEI":0,"engagementSEIadj":0,"engagementSEIrank":118,"engagementScore":0,"voiceSEI":0,"voiceSEIadj":0,"voiceSEIrank":112,"voiceScore":0},"scoped":{"SEI":1.5375856550818596,"SEIrank":48,"SEIadj":0,"audienceSEI":15.375856550818595,"audienceSEIadj":0,"audienceSEIrank":46,"audienceScore":0.6230653911056158,"combinedScore":0.03115326955528079,"combinedScoreRank":48,"engagementSEI":0,"engagementSEIadj":0,"engagementSEIrank":105,"engagementScore":0,"voiceSEI":0,"voiceSEIadj":0,"voiceSEIrank":102,"voiceScore":0}},"facebook":{"entityString":"536575feb08f37d80186a0f5","type":"facebook","profiles":1,"postsMade":0,"repliesMade":0,"repliesRcvd":0,"sharesMade":0,"sharesRcvd":0,"mentionsRcvd":0,"likesRcvd":0,"reachRcvd":0,"audience":9599,"voice":0,"conversation":0,"engagement":0,"group_scoped":{"audienceScore":0.4595410908439824,"voiceScore":0,"engagementScore":0,"combinedScore":0.4595410908439824,"engagementSEI":0,"engagementSEIadj":0,"voiceSEI":0,"voiceSEIadj":0,"audienceSEI":0.5456783175439643,"audienceSEIadj":0.5456783175439643,"SEI":0.05456783175439644,"SEIadj":0.05456783175439644,"combinedScoreRank":94,"SEIrank":103,"engagementSEIrank":116,"voiceSEIrank":112,"audienceSEIrank":103},"non_scoped":{"SEI":0.05169265300869119,"SEIrank":87,"SEIadj":0,"audienceSEI":0.5169265300869119,"audienceSEIadj":0,"audienceSEIrank":87,"audienceScore":0.0985888615436064,"combinedScore":0.00492944307718032,"combinedScoreRank":87,"engagementSEI":0,"engagementSEIadj":0,"engagementSEIrank":116,"engagementScore":0,"voiceSEI":0,"voiceSEIadj":0,"voiceSEIrank":112,"voiceScore":0},"scoped":{"SEI":0.6589008937274339,"SEIrank":76,"SEIadj":0,"audienceSEI":6.589008937274338,"audienceSEIadj":0,"audienceSEIrank":76,"audienceScore":0.4041396633250097,"combinedScore":0.020206983166250487,"combinedScoreRank":76,"engagementSEI":0,"engagementSEIadj":0,"engagementSEIrank":103,"engagementScore":0,"voiceSEI":0,"voiceSEIadj":0,"voiceSEIrank":102,"voiceScore":0}},"twitter":{"entityString":"536575feb08f37d80186a0f5","type":"twitter","profiles":1,"postsMade":0,"repliesMade":0,"repliesRcvd":0,"sharesMade":0,"sharesRcvd":0,"mentionsRcvd":0,"likesRcvd":0,"reachRcvd":0,"audience":13016,"voice":0,"conversation":0,"engagement":0,"group_scoped":{"audienceScore":2.2731837321359647,"voiceScore":0,"engagementScore":0,"combinedScore":2.2731837321359647,"engagementSEI":0,"engagementSEIadj":0,"voiceSEI":0,"voiceSEIadj":0,"audienceSEI":13.572754384867256,"audienceSEIadj":13.572754384867256,"SEI":1.3572754384867256,"SEIadj":1.3572754384867256,"combinedScoreRank":65,"SEIrank":34,"engagementSEIrank":113,"voiceSEIrank":112,"audienceSEIrank":33},"non_scoped":{"SEI":0.22989277204831704,"SEIrank":55,"SEIadj":0,"audienceSEI":2.2989277204831704,"audienceSEIadj":0,"audienceSEIrank":54,"audienceScore":0.37320408437119007,"combinedScore":0.018660204218559504,"combinedScoreRank":55,"engagementSEI":0,"engagementSEIadj":0,"engagementSEIrank":113,"engagementScore":0,"voiceSEI":0,"voiceSEIadj":0,"voiceSEIrank":112,"voiceScore":0},"scoped":{"SEI":1.1167930809623503,"SEIrank":45,"SEIadj":0,"audienceSEI":11.167930809623503,"audienceSEIadj":0,"audienceSEIrank":44,"audienceScore":0.5911650438695695,"combinedScore":0.0844521491242242,"combinedScoreRank":45,"engagementSEI":0,"engagementSEIadj":0,"engagementSEIrank":103,"engagementScore":0,"voiceSEI":0,"voiceSEIadj":0,"voiceSEIrank":102,"voiceScore":0}},"instagram":{"entityString":"536575feb08f37d80186a0f5","type":"instagram","profiles":1,"postsMade":0,"repliesMade":0,"repliesRcvd":0,"sharesMade":0,"sharesRcvd":0,"mentionsRcvd":0,"likesRcvd":0,"reachRcvd":0,"audience":7363,"voice":0,"conversation":0,"engagement":0,"group_scoped":{"audienceScore":2.4279576203838964,"voiceScore":0,"engagementScore":0,"combinedScore":2.4279576203838964,"engagementSEI":0,"engagementSEIadj":0,"voiceSEI":0,"voiceSEIadj":0,"audienceSEI":8.568004096071496,"audienceSEIadj":8.568004096071496,"SEI":0.8568004096071496,"SEIadj":0.8568004096071496,"combinedScoreRank":49,"SEIrank":13,"engagementSEIrank":114,"voiceSEIrank":112,"audienceSEIrank":13},"non_scoped":{"SEI":0.6024579433134778,"SEIrank":12,"SEIadj":0,"audienceSEI":6.024579433134778,"audienceSEIadj":0,"audienceSEIrank":12,"audienceScore":1.2498769304937378,"combinedScore":0.1785538472133911,"combinedScoreRank":12,"engagementSEI":0,"engagementSEIadj":0,"engagementSEIrank":114,"engagementScore":0,"voiceSEI":0,"voiceSEIadj":0,"voiceSEIrank":112,"voiceScore":0},"scoped":{"SEI":0.8568004096071496,"SEIrank":8,"SEIadj":0,"audienceSEI":8.568004096071496,"audienceSEIadj":0,"audienceSEIrank":8,"audienceScore":3.1405416933248027,"combinedScore":0.44864881333211465,"combinedScoreRank":8,"engagementSEI":0,"engagementSEIadj":0,"engagementSEIrank":103,"engagementScore":0,"voiceSEI":0,"voiceSEIadj":0,"voiceSEIrank":102,"voiceScore":0}}},"hour":{"boundaryQuantum":4995822,"combined":{"entityString":"536575feb08f37d80186a0f5","type":"combined","profiles":3,"postsMade":0,"repliesMade":0,"repliesRcvd":0,"sharesMade":0,"sharesRcvd":0,"mentionsRcvd":0,"likesRcvd":0,"reachRcvd":0,"audience":29978,"voice":0,"conversation":0,"engagement":0,"group_scoped":{"audienceScore":1.011174595764589,"voiceScore":0,"engagementScore":0,"combinedScore":1.011174595764589,"combinedScoreRank":69,"SEIrank":103,"engagementSEIrank":146,"voiceSEIrank":120,"audienceSEIrank":86,"engagementSEI":0,"engagementSEIadj":0,"voiceSEI":0,"voiceSEIadj":0,"audienceSEI":1.5582684704558993,"audienceSEIadj":1.5582684704558993,"SEI":0.15582684704558994,"SEIadj":0.15582684704558994},"non_scoped":{"SEI":0.11777647692047791,"SEIrank":84,"SEIadj":0,"audienceSEI":1.177764769204779,"audienceSEIadj":0,"audienceSEIrank":57,"audienceScore":0.2170254268258428,"combinedScore":0.010851271341292141,"combinedScoreRank":92,"engagementSEI":0,"engagementSEIadj":0,"engagementSEIrank":146,"engagementScore":0,"voiceSEI":0,"voiceSEIadj":0,"voiceSEIrank":120,"voiceScore":0},"scoped":{"SEI":1.5375856550818596,"SEIrank":78,"SEIadj":0,"audienceSEI":15.375856550818595,"audienceSEIadj":0,"audienceSEIrank":46,"audienceScore":0.6230653911056158,"combinedScore":0.03115326955528079,"combinedScoreRank":81,"engagementSEI":0,"engagementSEIadj":0,"engagementSEIrank":132,"engagementScore":0,"voiceSEI":0,"voiceSEIadj":0,"voiceSEIrank":107,"voiceScore":0}},"facebook":{"entityString":"536575feb08f37d80186a0f5","type":"facebook","profiles":1,"postsMade":0,"repliesMade":0,"repliesRcvd":0,"sharesMade":0,"sharesRcvd":0,"mentionsRcvd":0,"likesRcvd":0,"reachRcvd":0,"audience":9599,"voice":0,"conversation":0,"engagement":0,"group_scoped":{"audienceScore":0.4595410908439824,"voiceScore":0,"engagementScore":0,"combinedScore":0.4595410908439824,"combinedScoreRank":92,"SEIrank":109,"engagementSEIrank":136,"voiceSEIrank":117,"audienceSEIrank":103,"engagementSEI":0,"engagementSEIadj":0,"voiceSEI":0,"voiceSEIadj":0,"audienceSEI":0.5456783175439643,"audienceSEIadj":0.5456783175439643,"SEI":0.05456783175439644,"SEIadj":0.05456783175439644},"non_scoped":{"SEI":0.05169265300869119,"SEIrank":96,"SEIadj":0,"audienceSEI":0.5169265300869119,"audienceSEIadj":0,"audienceSEIrank":87,"audienceScore":0.0985888615436064,"combinedScore":0.00492944307718032,"combinedScoreRank":96,"engagementSEI":0,"engagementSEIadj":0,"engagementSEIrank":136,"engagementScore":0,"voiceSEI":0,"voiceSEIadj":0,"voiceSEIrank":117,"voiceScore":0},"scoped":{"SEI":0.6589008937274339,"SEIrank":85,"SEIadj":0,"audienceSEI":6.589008937274338,"audienceSEIadj":0,"audienceSEIrank":76,"audienceScore":0.4041396633250097,"combinedScore":0.020206983166250487,"combinedScoreRank":85,"engagementSEI":0,"engagementSEIadj":0,"engagementSEIrank":122,"engagementScore":0,"voiceSEI":0,"voiceSEIadj":0,"voiceSEIrank":104,"voiceScore":0}},"twitter":{"entityString":"536575feb08f37d80186a0f5","type":"twitter","profiles":1,"postsMade":0,"repliesMade":0,"repliesRcvd":0,"sharesMade":0,"sharesRcvd":0,"mentionsRcvd":0,"likesRcvd":0,"reachRcvd":0,"audience":13016,"voice":0,"conversation":0,"engagement":0,"group_scoped":{"audienceScore":2.2731837321359647,"voiceScore":0,"engagementScore":0,"combinedScore":2.2731837321359647,"combinedScoreRank":76,"SEIrank":55,"engagementSEIrank":126,"voiceSEIrank":119,"audienceSEIrank":33,"engagementSEI":0,"engagementSEIadj":0,"voiceSEI":0,"voiceSEIadj":0,"audienceSEI":13.572754384867256,"audienceSEIadj":13.572754384867256,"SEI":1.3572754384867256,"SEIadj":1.3572754384867256},"non_scoped":{"SEI":0.22989277204831704,"SEIrank":72,"SEIadj":0,"audienceSEI":2.2989277204831704,"audienceSEIadj":0,"audienceSEIrank":54,"audienceScore":0.37320408437119007,"combinedScore":0.018660204218559504,"combinedScoreRank":72,"engagementSEI":0,"engagementSEIadj":0,"engagementSEIrank":126,"engagementScore":0,"voiceSEI":0,"voiceSEIadj":0,"voiceSEIrank":119,"voiceScore":0},"scoped":{"SEI":1.1167930809623503,"SEIrank":62,"SEIadj":0,"audienceSEI":11.167930809623503,"audienceSEIadj":0,"audienceSEIrank":44,"audienceScore":0.5911650438695695,"combinedScore":0.029558252193478476,"combinedScoreRank":62,"engagementSEI":0,"engagementSEIadj":0,"engagementSEIrank":112,"engagementScore":0,"voiceSEI":0,"voiceSEIadj":0,"voiceSEIrank":106,"voiceScore":0}},"instagram":{"entityString":"536575feb08f37d80186a0f5","type":"instagram","profiles":1,"postsMade":0,"repliesMade":0,"repliesRcvd":0,"sharesMade":0,"sharesRcvd":0,"mentionsRcvd":0,"likesRcvd":0,"reachRcvd":0,"audience":7363,"voice":0,"conversation":0,"engagement":0,"group_scoped":{"audienceScore":2.4279576203838964,"voiceScore":0,"engagementScore":0,"combinedScore":2.4279576203838964,"combinedScoreRank":48,"SEIrank":13,"engagementSEIrank":117,"voiceSEIrank":113,"audienceSEIrank":13,"engagementSEI":0,"engagementSEIadj":0,"voiceSEI":0,"voiceSEIadj":0,"audienceSEI":8.568004096071496,"audienceSEIadj":8.568004096071496,"SEI":0.8568004096071496,"SEIadj":0.8568004096071496},"non_scoped":{"SEI":0.6024579433134778,"SEIrank":13,"SEIadj":0,"audienceSEI":6.024579433134778,"audienceSEIadj":0,"audienceSEIrank":12,"audienceScore":1.2498769304937378,"combinedScore":0.0624938465246869,"combinedScoreRank":13,"engagementSEI":0,"engagementSEIadj":0,"engagementSEIrank":117,"engagementScore":0,"voiceSEI":0,"voiceSEIadj":0,"voiceSEIrank":113,"voiceScore":0},"scoped":{"SEI":0.8568004096071496,"SEIrank":8,"SEIadj":0,"audienceSEI":8.568004096071496,"audienceSEIadj":0,"audienceSEIrank":8,"audienceScore":3.1405416933248027,"combinedScore":0.44864881333211465,"combinedScoreRank":8,"engagementSEI":0,"engagementSEIadj":0,"engagementSEIrank":105,"engagementScore":0,"voiceSEI":0,"voiceSEIadj":0,"voiceSEIrank":102,"voiceScore":0}}},"today":{"boundaryQuantum":4995546,"combined":{"entityString":"536575feb08f37d80186a0f5","type":"combined","profiles":3,"postsMade":2,"repliesMade":0,"repliesRcvd":1,"sharesMade":0,"sharesRcvd":1,"mentionsRcvd":0,"likesRcvd":31,"reachRcvd":0,"audience":29978,"voice":2,"conversation":3,"engagement":33,"group_scoped":{"audienceScore":1.011174595764589,"voiceScore":0.7936507936507936,"engagementScore":0.0319133504182583,"combinedScore":0.1189632848472016,"combinedScoreRank":176,"SEIrank":117,"engagementSEIrank":122,"voiceSEIrank":108,"audienceSEIrank":86,"engagementSEI":0.03353590374179387,"engagementSEIadj":0.03353590374179387,"voiceSEI":1.574803149606299,"voiceSEIadj":1.574803149606299,"audienceSEI":1.5582684704558993,"audienceSEIadj":1.5582684704558993,"SEI":0.648389334172556,"SEIadj":0.648389334172556},"non_scoped":{"SEI":0.5488569232751432,"SEIrank":99,"SEIadj":0,"audienceSEI":1.177764769204779,"audienceSEIadj":0,"audienceSEIrank":57,"audienceScore":0.2170254268258428,"combinedScore":0.028880513357354295,"combinedScoreRank":91,"engagementSEI":0.03353590374179387,"engagementSEIadj":0,"engagementSEIrank":85,"engagementScore":0.012278749948838543,"voiceSEI":1.36986301369863,"voiceSEIadj":0,"voiceSEIrank":98,"voiceScore":0.13956734124214934},"scoped":{"SEI":4.804662758570572,"SEIrank":85,"SEIadj":0,"audienceSEI":15.375856550818595,"audienceSEIadj":0,"audienceSEIrank":46,"audienceScore":0.6230653911056158,"combinedScore":0.17036898821852614,"combinedScoreRank":79,"engagementSEI":1.7414248021108178,"engagementSEIadj":0,"engagementSEIrank":76,"engagementScore":0.13649900727994707,"voiceSEI":7.4074074074074066,"voiceSEIadj":0,"voiceSEIrank":87,"voiceScore":0.32733224222585927}},"facebook":{"entityString":"536575feb08f37d80186a0f5","type":"facebook","profiles":1,"postsMade":0,"repliesMade":0,"repliesRcvd":0,"sharesMade":0,"sharesRcvd":0,"mentionsRcvd":0,"likesRcvd":0,"reachRcvd":0,"audience":9599,"voice":0,"conversation":0,"engagement":0,"group_scoped":{"audienceScore":0.4595410908439824,"voiceScore":0,"engagementScore":0,"combinedScore":0.4595410908439824,"combinedScoreRank":67,"SEIrank":122,"engagementSEIrank":167,"voiceSEIrank":153,"audienceSEIrank":103,"engagementSEI":0,"engagementSEIadj":0,"voiceSEI":0,"voiceSEIadj":0,"audienceSEI":0.5456783175439643,"audienceSEIadj":0.5456783175439643,"SEI":0.05456783175439644,"SEIadj":0.05456783175439644},"non_scoped":{"SEI":0.05169265300869119,"SEIrank":111,"SEIadj":0,"audienceSEI":0.5169265300869119,"audienceSEIadj":0,"audienceSEIrank":87,"audienceScore":0.0985888615436064,"combinedScore":0.00492944307718032,"combinedScoreRank":112,"engagementSEI":0,"engagementSEIadj":0,"engagementSEIrank":167,"engagementScore":0,"voiceSEI":0,"voiceSEIadj":0,"voiceSEIrank":153,"voiceScore":0},"scoped":{"SEI":0.6589008937274339,"SEIrank":100,"SEIadj":0,"audienceSEI":6.589008937274338,"audienceSEIadj":0,"audienceSEIrank":76,"audienceScore":0.4041396633250097,"combinedScore":0.020206983166250487,"combinedScoreRank":104,"engagementSEI":0,"engagementSEIadj":0,"engagementSEIrank":153,"engagementScore":0,"voiceSEI":0,"voiceSEIadj":0,"voiceSEIrank":139,"voiceScore":0}},"twitter":{"entityString":"536575feb08f37d80186a0f5","type":"twitter","profiles":1,"postsMade":2,"repliesMade":0,"repliesRcvd":0,"sharesMade":0,"sharesRcvd":1,"mentionsRcvd":0,"likesRcvd":8,"reachRcvd":0,"audience":13016,"voice":2,"conversation":2,"engagement":9,"group_scoped":{"audienceScore":2.2731837321359647,"voiceScore":1.36986301369863,"engagementScore":0.7377049180327869,"combinedScore":0.846086763521238,"combinedScoreRank":131,"SEIrank":67,"engagementSEIrank":78,"voiceSEIrank":59,"audienceSEIrank":33,"engagementSEI":2.5210084033613445,"engagementSEIadj":2.5210084033613445,"voiceSEI":5,"voiceSEIadj":5,"audienceSEI":13.572754384867256,"audienceSEIadj":13.572754384867256,"SEI":4.369880480503532,"SEIadj":4.369880480503532},"non_scoped":{"SEI":1.1663133099989966,"SEIrank":83,"SEIadj":0,"audienceSEI":2.2989277204831704,"audienceSEIadj":0,"audienceSEIrank":54,"audienceScore":0.37320408437119007,"combinedScore":0.12409658571043754,"combinedScoreRank":84,"engagementSEI":0.4371053909664886,"engagementSEIadj":0,"engagementSEIrank":87,"engagementScore":0.1045539033457249,"voiceSEI":2.247191011235955,"voiceSEIadj":0,"voiceSEIrank":76,"voiceScore":0.22675736961451248},"scoped":{"SEI":5.640382350157539,"SEIrank":74,"SEIadj":0,"audienceSEI":11.167930809623503,"audienceSEIadj":0,"audienceSEIrank":44,"audienceScore":0.5911650438695695,"combinedScore":0.252738283293031,"combinedScoreRank":75,"engagementSEI":3.1914893617021276,"engagementSEIadj":0,"engagementSEIrank":77,"engagementScore":0.22255192878338279,"voiceSEI":8.695652173913043,"voiceSEIadj":0,"voiceSEIrank":65,"voiceScore":0.4576659038901602}},"instagram":{"entityString":"536575feb08f37d80186a0f5","type":"instagram","profiles":1,"postsMade":0,"repliesMade":0,"repliesRcvd":1,"sharesMade":0,"sharesRcvd":0,"mentionsRcvd":0,"likesRcvd":23,"reachRcvd":0,"audience":7363,"voice":0,"conversation":1,"engagement":24,"group_scoped":{"audienceScore":2.4279576203838964,"voiceScore":0,"engagementScore":0.15842629876559508,"combinedScore":0.48264505899678095,"combinedScoreRank":57,"SEIrank":17,"engagementSEIrank":17,"voiceSEIrank":120,"audienceSEIrank":13,"engagementSEI":0.18491409199476078,"engagementSEIadj":0.18491409199476078,"voiceSEI":0,"voiceSEIadj":0,"audienceSEI":8.568004096071496,"audienceSEIadj":8.568004096071496,"SEI":0.9677488648040061,"SEIadj":0.9677488648040061},"non_scoped":{"SEI":0.7134063985103343,"SEIrank":18,"SEIadj":0,"audienceSEI":6.024579433134778,"audienceSEIadj":0,"audienceSEIrank":12,"audienceScore":1.2498769304937378,"combinedScore":0.13554085362647927,"combinedScoreRank":18,"engagementSEI":0.18491409199476078,"engagementSEIadj":0,"engagementSEIrank":17,"engagementScore":0.08116334122421373,"voiceSEI":0,"voiceSEIadj":0,"voiceSEIrank":120,"voiceScore":0},"scoped":{"SEI":3.4054729759788307,"SEIrank":12,"SEIadj":0,"audienceSEI":8.568004096071496,"audienceSEIadj":0,"audienceSEIrank":8,"audienceScore":3.1405416933248027,"combinedScore":1.1524187897353646,"combinedScoreRank":12,"engagementSEI":4.2477876106194685,"engagementSEIadj":0,"engagementSEIrank":12,"engagementScore":1.1059907834101383,"voiceSEI":0,"voiceSEIadj":0,"voiceSEIrank":108,"voiceScore":0}}},"week":{"boundaryQuantum":4993818,"combined":{"entityString":"536575feb08f37d80186a0f5","type":"combined","profiles":3,"postsMade":38,"repliesMade":0,"repliesRcvd":58,"sharesMade":0,"sharesRcvd":30,"mentionsRcvd":0,"likesRcvd":1081,"reachRcvd":0,"audience":29978,"voice":38,"conversation":96,"engagement":1169,"group_scoped":{"audienceScore":1.011174595764589,"voiceScore":2.655485674353599,"engagementScore":0.13475877142422385,"combinedScore":0.30461590778771086,"combinedScoreRank":100,"SEIrank":56,"engagementSEIrank":105,"voiceSEIrank":38,"audienceSEIrank":86,"engagementSEI":0.14738644372523335,"engagementSEIadj":0.14738644372523335,"voiceSEI":6.158833063209076,"voiceSEIadj":6.158833063209076,"audienceSEI":1.5582684704558993,"audienceSEIadj":1.5582684704558993,"SEI":2.091908632243453,"SEIadj":2.091908632243453},"non_scoped":{"SEI":1.5714778042334623,"SEIrank":41,"SEIadj":0,"audienceSEI":1.177764769204779,"audienceSEIadj":0,"audienceSEIrank":57,"audienceScore":0.2170254268258428,"combinedScore":0.08928038138374711,"combinedScoreRank":51,"engagementSEI":0.14738644372523335,"engagementSEIadj":0,"engagementSEIrank":53,"engagementScore":0.061815187922930365,"voiceSEI":4.550898203592815,"voiceSEIadj":0,"voiceSEIrank":41,"voiceScore":0.4559088182363527},"scoped":{"SEI":8.91632658196757,"SEIrank":36,"SEIadj":0,"audienceSEI":15.375856550818595,"audienceSEIadj":0,"audienceSEIrank":46,"audienceScore":0.6230653911056158,"combinedScore":0.6064155475178579,"combinedScoreRank":43,"engagementSEI":4.000958313368471,"engagementSEIadj":0,"engagementSEIrank":44,"engagementScore":0.585571596020718,"voiceSEI":16.593886462882097,"voiceSEIadj":0,"voiceSEIrank":32,"voiceScore":0.9649568308786186}},"facebook":{"entityString":"536575feb08f37d80186a0f5","type":"facebook","profiles":1,"postsMade":0,"repliesMade":0,"repliesRcvd":0,"sharesMade":0,"sharesRcvd":0,"mentionsRcvd":0,"likesRcvd":0,"reachRcvd":0,"audience":9599,"voice":0,"conversation":0,"engagement":0,"group_scoped":{"audienceScore":0.4595410908439824,"voiceScore":0,"engagementScore":0,"combinedScore":0.4595410908439824,"combinedScoreRank":61,"SEIrank":141,"engagementSEIrank":188,"voiceSEIrank":177,"audienceSEIrank":103,"engagementSEI":0,"engagementSEIadj":0,"voiceSEI":0,"voiceSEIadj":0,"audienceSEI":0.5456783175439643,"audienceSEIadj":0.5456783175439643,"SEI":0.05456783175439644,"SEIadj":0.05456783175439644},"non_scoped":{"SEI":0.05169265300869119,"SEIrank":136,"SEIadj":0,"audienceSEI":0.5169265300869119,"audienceSEIadj":0,"audienceSEIrank":87,"audienceScore":0.0985888615436064,"combinedScore":0.00492944307718032,"combinedScoreRank":130,"engagementSEI":0,"engagementSEIadj":0,"engagementSEIrank":188,"engagementScore":0,"voiceSEI":0,"voiceSEIadj":0,"voiceSEIrank":177,"voiceScore":0},"scoped":{"SEI":0.6589008937274339,"SEIrank":123,"SEIadj":0,"audienceSEI":6.589008937274338,"audienceSEIadj":0,"audienceSEIrank":76,"audienceScore":0.4041396633250097,"combinedScore":0.020206983166250487,"combinedScoreRank":121,"engagementSEI":0,"engagementSEIadj":0,"engagementSEIrank":174,"engagementScore":0,"voiceSEI":0,"voiceSEIadj":0,"voiceSEIrank":163,"voiceScore":0}},"twitter":{"entityString":"536575feb08f37d80186a0f5","type":"twitter","profiles":1,"postsMade":34,"repliesMade":0,"repliesRcvd":0,"sharesMade":0,"sharesRcvd":30,"mentionsRcvd":0,"likesRcvd":67,"reachRcvd":0,"audience":13016,"voice":34,"conversation":34,"engagement":97,"group_scoped":{"audienceScore":2.2731837321359647,"voiceScore":4.3312101910828025,"engagementScore":1.1826383808827117,"combinedScore":1.3945942389553787,"combinedScoreRank":98,"SEIrank":41,"engagementSEIrank":60,"voiceSEIrank":18,"audienceSEIrank":33,"engagementSEI":6.689655172413793,"engagementSEIadj":6.689655172413793,"voiceSEI":22.36842105263158,"voiceSEIadj":22.36842105263158,"audienceSEI":13.572754384867256,"audienceSEIadj":13.572754384867256,"SEI":12.081594857724475,"SEIadj":12.081594857724475},"non_scoped":{"SEI":2.8253214559283215,"SEIrank":52,"SEIadj":0,"audienceSEI":2.2989277204831704,"audienceSEIadj":0,"audienceSEIrank":54,"audienceScore":0.37320408437119007,"combinedScore":0.1927177457447702,"combinedScoreRank":85,"engagementSEI":0.7392165828379821,"engagementSEIadj":0,"engagementSEIrank":87,"engagementScore":0.15634570129911995,"voiceSEI":7.172995780590717,"voiceSEIadj":0,"voiceSEIrank":36,"voiceScore":0.6669282071400549},"scoped":{"SEI":9.62553433970361,"SEIrank":54,"SEIadj":0,"audienceSEI":11.167930809623503,"audienceSEIadj":0,"audienceSEIrank":44,"audienceScore":0.5911650438695695,"combinedScore":0.3430266679993038,"combinedScoreRank":75,"engagementSEI":4.522144522144522,"engagementSEIadj":0,"engagementSEIrank":77,"engagementScore":0.28160018579806073,"voiceSEI":19.318181818181817,"voiceSEIadj":0,"voiceSEIrank":27,"voiceScore":1.2005649717514124}},"instagram":{"entityString":"536575feb08f37d80186a0f5","type":"instagram","profiles":1,"postsMade":4,"repliesMade":0,"repliesRcvd":58,"sharesMade":0,"sharesRcvd":0,"mentionsRcvd":0,"likesRcvd":1014,"reachRcvd":0,"audience":7363,"voice":4,"conversation":62,"engagement":1072,"group_scoped":{"audienceScore":2.4279576203838964,"voiceScore":1.8867924528301887,"engagementScore":0.8637707784411839,"combinedScore":0.9931312042577698,"combinedScoreRank":52,"SEIrank":14,"engagementSEIrank":14,"voiceSEIrank":14,"audienceSEIrank":13,"engagementSEI":1.5004968996262755,"engagementSEIadj":1.5004968996262755,"voiceSEI":3.1746031746031744,"voiceSEIadj":3.1746031746031744,"audienceSEI":8.568004096071496,"audienceSEIadj":8.568004096071496,"SEI":2.709479501763867,"SEIadj":2.709479501763867},"non_scoped":{"SEI":2.4551370354701954,"SEIrank":14,"SEIadj":0,"audienceSEI":6.024579433134778,"audienceSEIadj":0,"audienceSEIrank":12,"audienceScore":1.2498769304937378,"combinedScore":0.5555262177973188,"combinedScoreRank":13,"engagementSEI":1.5004968996262755,"engagementSEIadj":0,"engagementSEIrank":13,"engagementScore":0.4770423375074538,"voiceSEI":3.1746031746031744,"voiceSEIadj":0,"voiceSEIrank":14,"voiceScore":1.2738853503184715},"scoped":{"SEI":9.79858999375109,"SEIrank":8,"SEIadj":0,"audienceSEI":8.568004096071496,"audienceSEIadj":0,"audienceSEIrank":8,"audienceScore":3.1405416933248027,"combinedScore":2.221576717441288,"combinedScoreRank":9,"engagementSEI":3.7918715291287897,"engagementSEIadj":0,"engagementSEIrank":9,"engagementScore":2.0355461036001823,"voiceSEI":22.22222222222222,"voiceSEIadj":0,"voiceSEIrank":9,"voiceScore":4.651162790697675}}},"month":{"boundaryQuantum":4987194,"combined":{"entityString":"536575feb08f37d80186a0f5","type":"combined","profiles":3,"postsMade":119,"repliesMade":0,"repliesRcvd":168,"sharesMade":0,"sharesRcvd":63,"mentionsRcvd":0,"likesRcvd":3218,"reachRcvd":0,"audience":29978,"voice":119,"conversation":287,"engagement":3449,"group_scoped":{"audienceScore":1.011174595764589,"voiceScore":1.8900889453621346,"engagementScore":0.08752372073005289,"combinedScore":0.2238345257133838,"combinedScoreRank":101,"SEIrank":73,"engagementSEIrank":118,"voiceSEIrank":56,"audienceSEIrank":86,"engagementSEI":0.0947038342833921,"engagementSEIadj":0.0947038342833921,"voiceSEI":4.500756429652043,"voiceSEIadj":4.500756429652043,"audienceSEI":1.5582684704558993,"audienceSEIadj":1.5582684704558993,"SEI":1.562876076511238,"SEIadj":1.562876076511238},"non_scoped":{"SEI":1.145234992824934,"SEIrank":57,"SEIadj":0,"audienceSEI":1.177764769204779,"audienceSEIadj":0,"audienceSEIrank":57,"audienceScore":0.2170254268258428,"combinedScore":0.0621199617605229,"combinedScoreRank":65,"engagementSEI":0.0947038342833921,"engagementSEIadj":0,"engagementSEIrank":65,"engagementScore":0.03961958763005023,"voiceSEI":3.2354540511147363,"voiceSEIadj":0,"voiceSEIrank":55,"voiceScore":0.31222123104371097},"scoped":{"SEI":6.957200186670763,"SEIrank":49,"SEIadj":0,"audienceSEI":15.375856550818595,"audienceSEIadj":0,"audienceSEIrank":46,"audienceScore":0.6230653911056158,"combinedScore":0.42929569579321525,"combinedScoreRank":56,"engagementSEI":2.8476597009503206,"engagementSEIadj":0,"engagementSEIrank":56,"engagementScore":0.40586306799059535,"voiceSEI":12.37006237006237,"voiceSEIadj":0,"voiceSEIrank":45,"voiceScore":0.6573133009279717}},"facebook":{"entityString":"536575feb08f37d80186a0f5","type":"facebook","profiles":1,"postsMade":0,"repliesMade":0,"repliesRcvd":11,"sharesMade":0,"sharesRcvd":0,"mentionsRcvd":0,"likesRcvd":1,"reachRcvd":0,"audience":9599,"voice":0,"conversation":11,"engagement":12,"group_scoped":{"audienceScore":0.4595410908439824,"voiceScore":0,"engagementScore":0.00034898938490620913,"combinedScore":0.0659478610219171,"combinedScoreRank":130,"SEIrank":148,"engagementSEIrank":143,"voiceSEIrank":190,"audienceSEIrank":103,"engagementSEI":0.00035765059325292155,"engagementSEIadj":0.00035765059325292155,"voiceSEI":0,"voiceSEIadj":0,"audienceSEI":0.5456783175439643,"audienceSEIadj":0.5456783175439643,"SEI":0.05478242211034819,"SEIadj":0.05478242211034819},"non_scoped":{"SEI":0.051907243364642947,"SEIrank":145,"SEIadj":0,"audienceSEI":0.5169265300869119,"audienceSEIadj":0,"audienceSEIrank":87,"audienceScore":0.0985888615436064,"combinedScore":0.00507253905403693,"combinedScoreRank":133,"engagementSEI":0.00035765059325292155,"engagementSEIadj":0,"engagementSEIrank":140,"engagementScore":0.00015899552984067854,"voiceSEI":0,"voiceSEIadj":0,"voiceSEIrank":190,"voiceScore":0},"scoped":{"SEI":0.6782038427890961,"SEIrank":122,"SEIadj":0,"audienceSEI":6.589008937274338,"audienceSEIadj":0,"audienceSEIrank":76,"audienceScore":0.4041396633250097,"combinedScore":0.022292050033186538,"combinedScoreRank":122,"engagementSEI":0.032171581769437,"engagementSEIadj":0,"engagementSEIrank":129,"engagementScore":0.00231674096326228,"voiceSEI":0,"voiceSEIadj":0,"voiceSEIrank":176,"voiceScore":0}},"twitter":{"entityString":"536575feb08f37d80186a0f5","type":"twitter","profiles":1,"postsMade":108,"repliesMade":0,"repliesRcvd":0,"sharesMade":0,"sharesRcvd":63,"mentionsRcvd":0,"likesRcvd":185,"reachRcvd":0,"audience":13016,"voice":108,"conversation":108,"engagement":248,"group_scoped":{"audienceScore":2.2731837321359647,"voiceScore":3.020979020979021,"engagementScore":0.7554756755110124,"combinedScore":0.9446362456156604,"combinedScoreRank":107,"SEIrank":54,"engagementSEIrank":86,"voiceSEIrank":22,"audienceSEIrank":33,"engagementSEI":3.5033196779206106,"engagementSEIadj":3.5033196779206106,"voiceSEI":16.047548291233284,"voiceSEIadj":16.047548291233284,"audienceSEI":13.572754384867256,"audienceSEIadj":13.572754384867256,"SEI":8.273531732609076,"SEIadj":8.273531732609076},"non_scoped":{"SEI":2.0139004332295816,"SEIrank":66,"SEIadj":0,"audienceSEI":2.2989277204831704,"audienceSEIadj":0,"audienceSEIrank":54,"audienceScore":0.37320408437119007,"combinedScore":0.12347628466928151,"combinedScoreRank":104,"engagementSEI":0.39578046951054086,"engagementSEIadj":0,"engagementSEIrank":108,"engagementScore":0.09107300897142585,"voiceSEI":5.155131264916467,"voiceSEIadj":0,"voiceSEIrank":44,"voiceScore":0.45700744752877454},"scoped":{"SEI":7.152212279874183,"SEIrank":63,"SEIadj":0,"audienceSEI":11.167930809623503,"audienceSEIadj":0,"audienceSEIrank":44,"audienceScore":0.5911650438695695,"combinedScore":0.2278492373502301,"combinedScoreRank":92,"engagementSEI":2.1758203193542727,"engagementSEIadj":0,"engagementSEIrank":96,"engagementScore":0.1745532352175229,"voiceSEI":15.766423357664234,"voiceSEIadj":0,"voiceSEIrank":35,"voiceScore":0.8238614692196201}},"instagram":{"entityString":"536575feb08f37d80186a0f5","type":"instagram","profiles":1,"postsMade":11,"repliesMade":0,"repliesRcvd":157,"sharesMade":0,"sharesRcvd":0,"mentionsRcvd":0,"likesRcvd":3032,"reachRcvd":0,"audience":7363,"voice":11,"conversation":168,"engagement":3189,"group_scoped":{"audienceScore":2.4279576203838964,"voiceScore":1.4120667522464698,"engagementScore":0.6794951834466535,"combinedScore":0.8035468837335065,"combinedScoreRank":52,"SEIrank":15,"engagementSEIrank":13,"voiceSEIrank":17,"audienceSEIrank":13,"engagementSEI":1.140676250397931,"engagementSEIadj":1.140676250397931,"voiceSEI":2.4122807017543857,"voiceSEIadj":2.4122807017543857,"audienceSEI":8.568004096071496,"audienceSEIadj":8.568004096071496,"SEI":2.264890370372224,"SEIadj":2.264890370372224},"non_scoped":{"SEI":2.005134346884506,"SEIrank":15,"SEIadj":0,"audienceSEI":6.024579433134778,"audienceSEIadj":0,"audienceSEIrank":12,"audienceScore":1.2498769304937378,"combinedScore":0.43252778217175114,"combinedScoreRank":14,"engagementSEI":1.131653655074521,"engagementSEIadj":0,"engagementSEIrank":13,"engagementScore":0.36009525756013727,"voiceSEI":2.4122807017543857,"voiceSEIadj":0,"voiceSEIrank":17,"voiceScore":0.9189640768588136},"scoped":{"SEI":7.4814650157953775,"SEIrank":10,"SEIadj":0,"audienceSEI":8.568004096071496,"audienceSEIadj":0,"audienceSEIrank":8,"audienceScore":3.1405416933248027,"combinedScore":1.8398908353237031,"combinedScoreRank":9,"engagementSEI":2.707774343647047,"engagementSEIadj":0,"engagementSEIrank":8,"engagementScore":1.680650125429517,"voiceSEI":16.666666666666664,"voiceSEIadj":0,"voiceSEIrank":12,"voiceScore":3.4055727554179565}}},"quarter":{"boundaryQuantum":4969914,"combined":{"entityString":"536575feb08f37d80186a0f5","type":"combined","profiles":3,"postsMade":404,"repliesMade":0,"repliesRcvd":1150,"sharesMade":0,"sharesRcvd":226,"mentionsRcvd":0,"likesRcvd":9010,"reachRcvd":0,"audience":29978,"voice":404,"conversation":1554,"engagement":10386,"group_scoped":{"audienceScore":1.011174595764589,"voiceScore":2.2706834532374103,"engagementScore":0.08459225328481185,"combinedScore":0.24022593040643064,"combinedScoreRank":97,"SEIrank":61,"engagementSEIrank":117,"voiceSEIrank":49,"audienceSEIrank":86,"engagementSEI":0.09118870081914425,"engagementSEIadj":0.09118870081914425,"voiceSEI":5.222337125129266,"voiceSEIadj":5.222337125129266,"audienceSEI":1.5582684704558993,"audienceSEIadj":1.5582684704558993,"SEI":1.7772412050758561,"SEIadj":1.7772412050758561},"non_scoped":{"SEI":1.3046709211391947,"SEIrank":53,"SEIadj":0,"audienceSEI":1.177764769204779,"audienceSEIadj":0,"audienceSEIrank":57,"audienceScore":0.2170254268258428,"combinedScore":0.06276260105115583,"combinedScoreRank":61,"engagementSEI":0.09118870081914425,"engagementSEIadj":0,"engagementSEIrank":61,"engagementScore":0.0375441105342571,"voiceSEI":3.7739374124241007,"voiceSEIadj":0,"voiceSEIrank":49,"voiceScore":0.36243260458064575},"scoped":{"SEI":7.63346446569366,"SEIrank":48,"SEIadj":0,"audienceSEI":15.375856550818595,"audienceSEIadj":0,"audienceSEIrank":46,"audienceScore":0.6230653911056158,"combinedScore":0.4137759475972292,"combinedScoreRank":52,"engagementSEI":2.7141658761456022,"engagementSEIadj":0,"engagementSEIrank":52,"engagementScore":0.38248085938506976,"voiceSEI":14.89126428308146,"voiceSEIadj":0,"voiceSEIrank":39,"voiceScore":0.7677980919077122}},"facebook":{"entityString":"536575feb08f37d80186a0f5","type":"facebook","profiles":1,"postsMade":7,"repliesMade":0,"repliesRcvd":801,"sharesMade":0,"sharesRcvd":55,"mentionsRcvd":0,"likesRcvd":1179,"reachRcvd":0,"audience":9599,"voice":7,"conversation":808,"engagement":2035,"group_scoped":{"audienceScore":0.4595410908439824,"voiceScore":0.11796427367711494,"engagementScore":0.01852440168913414,"combinedScore":0.0455472297462756,"combinedScoreRank":140,"SEIrank":139,"engagementSEIrank":115,"voiceSEIrank":142,"audienceSEIrank":103,"engagementSEI":0.01900108273491594,"engagementSEIadj":0.01900108273491594,"voiceSEI":0.15317286652078774,"voiceSEIadj":0.15317286652078774,"audienceSEI":0.5456783175439643,"audienceSEIadj":0.5456783175439643,"SEI":0.11192034135158233,"SEIadj":0.11192034135158233},"non_scoped":{"SEI":0.10904516260587707,"SEIrank":128,"SEIadj":0,"audienceSEI":0.5169265300869119,"audienceSEIadj":0,"audienceSEIrank":87,"audienceScore":0.0985888615436064,"combinedScore":0.013277548982106261,"combinedScoreRank":105,"engagementSEI":0.01900108273491594,"engagementSEIadj":0,"engagementSEIrank":90,"engagementScore":0.008302112359279195,"voiceSEI":0.15317286652078774,"voiceSEIadj":0,"voiceSEIrank":138,"voiceScore":0.017524095631493306},"scoped":{"SEI":1.9415113696594846,"SEIrank":103,"SEIadj":0,"audienceSEI":6.589008937274338,"audienceSEIadj":0,"audienceSEIrank":76,"audienceScore":0.4041396633250097,"combinedScore":0.12596183943953262,"combinedScoreRank":86,"engagementSEI":1.7637525026217942,"engagementSEIadj":0,"engagementSEIrank":80,"engagementScore":0.11478608330141697,"voiceSEI":0.7478632478632479,"voiceSEIadj":0,"voiceSEIrank":128,"voiceScore":0.048947626040137054}},"twitter":{"entityString":"536575feb08f37d80186a0f5","type":"twitter","profiles":1,"postsMade":370,"repliesMade":0,"repliesRcvd":0,"sharesMade":0,"sharesRcvd":171,"mentionsRcvd":0,"likesRcvd":671,"reachRcvd":0,"audience":13016,"voice":370,"conversation":370,"engagement":842,"group_scoped":{"audienceScore":2.2731837321359647,"voiceScore":3.655042971451151,"engagementScore":0.9635962051246838,"combinedScore":1.1636479197915712,"combinedScoreRank":97,"SEIrank":43,"engagementSEIrank":71,"voiceSEIrank":20,"audienceSEIrank":33,"engagementSEI":4.045742840668845,"engagementSEIadj":4.045742840668845,"voiceSEI":16.84114701866181,"voiceSEIadj":16.84114701866181,"audienceSEI":13.572754384867256,"audienceSEIadj":13.572754384867256,"SEI":8.837065248486576,"SEIadj":8.837065248486576},"non_scoped":{"SEI":2.355068002462786,"SEIrank":58,"SEIadj":0,"audienceSEI":2.2989277204831704,"audienceSEIadj":0,"audienceSEIrank":54,"audienceScore":0.37320408437119007,"combinedScore":0.14180271343938056,"combinedScoreRank":97,"engagementSEI":0.45553896427102947,"engagementSEIadj":0,"engagementSEIrank":102,"engagementScore":0.10690556632652413,"voiceSEI":6.172839506172839,"voiceSEIadj":0,"voiceSEIrank":39,"voiceScore":0.5385499905389867},"scoped":{"SEI":8.660500585228675,"SEIrank":54,"SEIadj":0,"audienceSEI":11.167930809623503,"audienceSEIadj":0,"audienceSEIrank":44,"audienceScore":0.5911650438695695,"combinedScore":0.2699088313477721,"combinedScoreRank":85,"engagementSEI":2.7741170268845545,"engagementSEIadj":0,"engagementSEIrank":91,"engagementScore":0.2123158311458751,"voiceSEI":19.597457627118644,"voiceSEIadj":0,"voiceSEIrank":29,"voiceScore":0.9853266224601208}},"instagram":{"entityString":"536575feb08f37d80186a0f5","type":"instagram","profiles":1,"postsMade":27,"repliesMade":0,"repliesRcvd":349,"sharesMade":0,"sharesRcvd":0,"mentionsRcvd":0,"likesRcvd":7160,"reachRcvd":0,"audience":7363,"voice":27,"conversation":376,"engagement":7509,"group_scoped":{"audienceScore":2.4279576203838964,"voiceScore":1.5561959654178674,"engagementScore":0.6232419704372986,"combinedScore":0.7601254526836569,"combinedScoreRank":51,"SEIrank":15,"engagementSEIrank":13,"voiceSEIrank":18,"audienceSEIrank":13,"engagementSEI":1.139728705408437,"engagementSEIadj":1.139728705408437,"voiceSEI":2.786377708978328,"voiceSEIadj":2.786377708978328,"audienceSEI":8.568004096071496,"audienceSEIadj":8.568004096071496,"SEI":2.37655094554571,"SEIadj":2.37655094554571},"non_scoped":{"SEI":2.0132603396985465,"SEIrank":15,"SEIadj":0,"audienceSEI":6.024579433134778,"audienceSEIadj":0,"audienceSEIrank":12,"audienceScore":1.2498769304937378,"combinedScore":0.3962230375582875,"combinedScoreRank":13,"engagementSEI":0.9581484728192838,"engagementSEIadj":0,"engagementSEIrank":13,"engagementScore":0.31763757844176116,"voiceSEI":2.786377708978328,"voiceSEIadj":0,"voiceSEIrank":18,"voiceScore":0.9571074087203121},"scoped":{"SEI":7.216106398138693,"SEIrank":12,"SEIadj":0,"audienceSEI":8.568004096071496,"audienceSEIadj":0,"audienceSEIrank":8,"audienceScore":3.1405416933248027,"combinedScore":1.5710417501249883,"combinedScoreRank":8,"engagementSEI":2.000117199569558,"engagementSEIadj":0,"engagementSEIrank":8,"engagementScore":1.3753049517571816,"voiceSEI":17.197452229299362,"voiceSEIadj":0,"voiceSEIrank":13,"voiceScore":3.524804177545692}}},"blended":{"combined":{"non_scoped":{"SEI":1.3230068969271334,"SEIadj":60.52920275877085,"SEIrank":51,"audienceSEI":1.177764769204779,"audienceSEIadj":60.47110590768191,"audienceSEIrank":57,"engagementSEI":0.10569265385674063,"engagementSEIadj":60.0422770615427,"engagementSEIrank":61,"voiceSEI":3.8060494256420365,"voiceSEIadj":61.52241977025682,"voiceSEIrank":47},"scoped":{"SEI":5.909336963758346,"SEIadj":52.954668481879175,"SEIrank":116,"compCharisma":0,"compInfluence":0,"compEva":5.909336963758346,"audienceSEI":15.375856550818595,"audienceSEIadj":66.15034262032744,"audienceSEIrank":46,"engagementSEI":3.0715906273314317,"engagementSEIadj":61.228636250932574,"engagementSEIrank":56,"voiceSEI":14.649677806285084,"voiceSEIadj":65.85987112251404,"voiceSEIrank":37}},"facebook":{"non_scoped":{"SEI":0.0804010963606769,"SEIadj":50.04020054818034,"SEIrank":136,"audienceSEI":0.5169265300869119,"audienceSEIadj":50.25846326504345,"audienceSEIrank":87,"engagementSEI":0.009554188956445909,"engagementSEIadj":50.00477709447822,"engagementSEIrank":105,"voiceSEI":0.07658643326039387,"voiceSEIadj":50.038293216630194,"voiceSEIrank":143},"scoped":{"SEI":1.3031015740527085,"SEIadj":50.65155078702635,"SEIrank":111,"audienceSEI":6.589008937274338,"audienceSEIadj":53.29450446863717,"audienceSEIrank":76,"engagementSEI":0.8867019885763127,"engagementSEIadj":50.44335099428815,"engagementSEIrank":94,"voiceSEI":0.37393162393162394,"voiceSEIadj":50.18696581196581,"voiceSEIrank":133}},"twitter":{"non_scoped":{"SEI":2.385531168494276,"SEIadj":60.95421246739771,"SEIrank":56,"audienceSEI":2.2989277204831704,"audienceSEIadj":60.919571088193265,"audienceSEIrank":54,"engagementSEI":0.5307567969618149,"engagementSEIadj":50.265378398480905,"engagementSEIrank":102,"voiceSEI":6.123947727562903,"voiceSEIadj":62.449579091025164,"voiceSEIrank":38},"scoped":{"SEI":8.572761554014425,"SEIadj":63.429104621605774,"SEIrank":55,"audienceSEI":11.167930809623503,"audienceSEIadj":64.4671723238494,"audienceSEIrank":44,"engagementSEI":3.229649386073881,"engagementSEIadj":51.614824693036944,"engagementSEIrank":93,"voiceSEI":18.393929471359154,"voiceSEIadj":67.35757178854367,"voiceSEIrank":29}},"instagram":{"non_scoped":{"SEI":2.0796117524485243,"SEIadj":70.62388352573456,"SEIrank":15,"audienceSEI":6.024579433134779,"audienceSEIadj":71.80737382994043,"audienceSEIrank":12,"engagementSEI":1.1082170591584406,"engagementSEIadj":70.33246511774753,"engagementSEIrank":14,"voiceSEI":2.7074119121332743,"voiceSEIadj":70.81222357363998,"voiceSEIrank":15},"scoped":{"SEI":7.840123598362921,"SEIadj":72.35203707950888,"SEIrank":11,"audienceSEI":8.568004096071496,"audienceSEIadj":72.57040122882145,"audienceSEIrank":8,"engagementSEI":2.7561755906014462,"engagementSEIadj":70.82685267718044,"engagementSEIrank":10,"voiceSEI":17.765392781316347,"voiceSEIadj":75.32961783439491,"voiceSEIrank":10}},"influence":{"combined":{"ratio":0.42,"bottom":false,"scope":"individual","calculated":true},"facebook":{"ratio":0.23,"bottom":false,"scope":"individual","calculated":true},"twitter":{"ratio":0.3,"bottom":false,"scope":"individual","calculated":true},"instagram":{"ratio":1.37,"bottom":false,"scope":"individual","calculated":true}},"charisma":{"combined":{"ratio":0.44,"bottom":false,"scope":"individual","calculated":true},"facebook":{"ratio":1.07,"bottom":false,"scope":"individual","calculated":true},"twitter":{"ratio":0.24,"bottom":false,"scope":"individual","calculated":true},"instagram":{"ratio":0.26,"bottom":false,"scope":"individual","calculated":true}}},"scope":"individual"}}