{"scoreEntityString":"591d1494ab33fb0001804f89.asset.536575ffb08f37d80186deb2","timeQuantum":4995834,"scoreEntityType":"asset","scoreProfileID":"591d1494ab33fb0001804f89","data":{"scoreEntityString":"591d1494ab33fb0001804f89.asset.536575ffb08f37d80186deb2","scoreProfileID":"591d1494ab33fb0001804f89","scoreEntityType":"asset","entityID":"asset.536575ffb08f37d80186deb2","object_version":"1.2","score_engine_version":"3.0.20","timestamp":4995834,"start_quantum":4969914,"end_quantum":4995833,"schedule_options":{"interval":15,"offset":"1"},"_15min":{"boundaryQuantum":4995831,"combined":{"entityString":"536575ffb08f37d80186deb2","type":"combined","profiles":1,"postsMade":0,"repliesMade":0,"repliesRcvd":0,"sharesMade":0,"sharesRcvd":0,"mentionsRcvd":0,"likesRcvd":0,"reachRcvd":0,"audience":1510,"voice":0,"conversation":0,"engagement":0,"group_scoped":{"audienceScore":0.10637975600288282,"voiceScore":0,"engagementScore":0,"combinedScore":0.10637975600288282,"engagementSEI":0,"engagementSEIadj":0,"voiceSEI":0,"voiceSEIadj":0,"audienceSEI":0.15382107858117883,"audienceSEIadj":0.15382107858117883,"SEI":0.015382107858117883,"SEIadj":0.015382107858117883,"combinedScoreRank":216,"SEIrank":217,"engagementSEIrank":56,"voiceSEIrank":49,"audienceSEIrank":217},"non_scoped":{"SEI":0.005932433122620643,"SEIrank":216,"SEIadj":0,"audienceSEI":0.05932433122620642,"audienceSEIadj":0,"audienceSEIrank":216,"audienceScore":0.010931629678665108,"combinedScore":0.0005465814839332554,"combinedScoreRank":216,"engagementSEI":0,"engagementSEIadj":0,"engagementSEIrank":56,"engagementScore":0,"voiceSEI":0,"voiceSEIadj":0,"voiceSEIrank":49,"voiceScore":0},"scoped":{"SEI":0.07744860695088425,"SEIrank":196,"SEIadj":0,"audienceSEI":0.7744860695088425,"audienceSEIadj":0,"audienceSEIrank":196,"audienceScore":0.03138397293246647,"combinedScore":0.0015691986466233234,"combinedScoreRank":196,"engagementSEI":0,"engagementSEIadj":0,"engagementSEIrank":49,"engagementScore":0,"voiceSEI":0,"voiceSEIadj":0,"voiceSEIrank":46,"voiceScore":0}},"facebook":{"entityString":"536575ffb08f37d80186deb2","type":"facebook","profiles":0,"postsMade":0,"repliesMade":0,"repliesRcvd":0,"sharesMade":0,"sharesRcvd":0,"mentionsRcvd":0,"likesRcvd":0,"reachRcvd":0,"audience":0,"voice":0,"conversation":0,"engagement":0,"group_scoped":{"audienceScore":0,"voiceScore":0,"engagementScore":0,"combinedScore":0,"engagementSEI":0,"engagementSEIadj":0,"voiceSEI":0,"voiceSEIadj":0,"audienceSEI":0,"audienceSEIadj":0,"SEI":0,"SEIadj":0,"combinedScoreRank":199,"SEIrank":199,"engagementSEIrank":54,"voiceSEIrank":48,"audienceSEIrank":199},"non_scoped":{"SEI":0,"SEIrank":199,"SEIadj":0,"audienceSEI":0,"audienceSEIadj":0,"audienceSEIrank":199,"audienceScore":0,"combinedScore":0,"combinedScoreRank":199,"engagementSEI":0,"engagementSEIadj":0,"engagementSEIrank":54,"engagementScore":0,"voiceSEI":0,"voiceSEIadj":0,"voiceSEIrank":48,"voiceScore":0},"scoped":{"SEI":0,"SEIrank":181,"SEIadj":0,"audienceSEI":0,"audienceSEIadj":0,"audienceSEIrank":181,"audienceScore":0,"combinedScore":0,"combinedScoreRank":181,"engagementSEI":0,"engagementSEIadj":0,"engagementSEIrank":47,"engagementScore":0,"voiceSEI":0,"voiceSEIadj":0,"voiceSEIrank":46,"voiceScore":0}},"twitter":{"entityString":"536575ffb08f37d80186deb2","type":"twitter","profiles":1,"postsMade":0,"repliesMade":0,"repliesRcvd":0,"sharesMade":0,"sharesRcvd":0,"mentionsRcvd":0,"likesRcvd":0,"reachRcvd":0,"audience":1510,"voice":0,"conversation":0,"engagement":0,"group_scoped":{"audienceScore":0.43763929827002057,"voiceScore":0,"engagementScore":0,"combinedScore":0.43763929827002057,"engagementSEI":0,"engagementSEIadj":0,"voiceSEI":0,"voiceSEIadj":0,"audienceSEI":1.1867896945784933,"audienceSEIadj":1.1867896945784933,"SEI":0.11867896945784934,"SEIadj":0.11867896945784934,"combinedScoreRank":202,"SEIrank":199,"engagementSEIrank":50,"voiceSEIrank":49,"audienceSEIrank":199},"non_scoped":{"SEI":0.02667010493184993,"SEIrank":207,"SEIadj":0,"audienceSEI":0.2667010493184993,"audienceSEIadj":0,"audienceSEIrank":207,"audienceScore":0.04329580265830494,"combinedScore":0.002164790132915247,"combinedScoreRank":207,"engagementSEI":0,"engagementSEIadj":0,"engagementSEIrank":50,"engagementScore":0,"voiceSEI":0,"voiceSEIadj":0,"voiceSEIrank":49,"voiceScore":0},"scoped":{"SEI":0.12956035281600717,"SEIrank":188,"SEIadj":0,"audienceSEI":1.2956035281600715,"audienceSEIadj":0,"audienceSEIrank":188,"audienceScore":0.06858168532906038,"combinedScore":0.009797383618437197,"combinedScoreRank":188,"engagementSEI":0,"engagementSEIadj":0,"engagementSEIrank":47,"engagementScore":0,"voiceSEI":0,"voiceSEIadj":0,"voiceSEIrank":46,"voiceScore":0}},"instagram":{"entityString":"536575ffb08f37d80186deb2","type":"instagram","profiles":0,"postsMade":0,"repliesMade":0,"repliesRcvd":0,"sharesMade":0,"sharesRcvd":0,"mentionsRcvd":0,"likesRcvd":0,"reachRcvd":0,"audience":0,"voice":0,"conversation":0,"engagement":0,"group_scoped":{"audienceScore":0,"voiceScore":0,"engagementScore":0,"combinedScore":0,"engagementSEI":0,"engagementSEIadj":0,"voiceSEI":0,"voiceSEIadj":0,"audienceSEI":0,"audienceSEIadj":0,"SEI":0,"SEIadj":0,"combinedScoreRank":111,"SEIrank":74,"engagementSEIrank":51,"voiceSEIrank":48,"audienceSEIrank":74},"non_scoped":{"SEI":0,"SEIrank":74,"SEIadj":0,"audienceSEI":0,"audienceSEIadj":0,"audienceSEIrank":74,"audienceScore":0,"combinedScore":0,"combinedScoreRank":74,"engagementSEI":0,"engagementSEIadj":0,"engagementSEIrank":51,"engagementScore":0,"voiceSEI":0,"voiceSEIadj":0,"voiceSEIrank":48,"voiceScore":0},"scoped":{"SEI":0,"SEIrank":68,"SEIadj":0,"audienceSEI":0,"audienceSEIadj":0,"audienceSEIrank":68,"audienceScore":0,"combinedScore":0,"combinedScoreRank":68,"engagementSEI":0,"engagementSEIadj":0,"engagementSEIrank":47,"engagementScore":0,"voiceSEI":0,"voiceSEIadj":0,"voiceSEIrank":46,"voiceScore":0}}},"hour":{"boundaryQuantum":4995822,"combined":{"entityString":"536575ffb08f37d80186deb2","type":"combined","profiles":1,"postsMade":0,"repliesMade":0,"repliesRcvd":0,"sharesMade":0,"sharesRcvd":0,"mentionsRcvd":0,"likesRcvd":0,"reachRcvd":0,"audience":1510,"voice":0,"conversation":0,"engagement":0,"group_scoped":{"audienceScore":0.10637975600288282,"voiceScore":0,"engagementScore":0,"combinedScore":0.10637975600288282,"combinedScoreRank":216,"SEIrank":217,"engagementSEIrank":97,"voiceSEIrank":61,"audienceSEIrank":217,"engagementSEI":0,"engagementSEIadj":0,"voiceSEI":0,"voiceSEIadj":0,"audienceSEI":0.15382107858117883,"audienceSEIadj":0.15382107858117883,"SEI":0.015382107858117883,"SEIadj":0.015382107858117883},"non_scoped":{"SEI":0.005932433122620643,"SEIrank":216,"SEIadj":0,"audienceSEI":0.05932433122620642,"audienceSEIadj":0,"audienceSEIrank":216,"audienceScore":0.010931629678665108,"combinedScore":0.0005465814839332554,"combinedScoreRank":216,"engagementSEI":0,"engagementSEIadj":0,"engagementSEIrank":97,"engagementScore":0,"voiceSEI":0,"voiceSEIadj":0,"voiceSEIrank":61,"voiceScore":0},"scoped":{"SEI":0.07744860695088425,"SEIrank":196,"SEIadj":0,"audienceSEI":0.7744860695088425,"audienceSEIadj":0,"audienceSEIrank":196,"audienceScore":0.03138397293246647,"combinedScore":0.0015691986466233234,"combinedScoreRank":196,"engagementSEI":0,"engagementSEIadj":0,"engagementSEIrank":87,"engagementScore":0,"voiceSEI":0,"voiceSEIadj":0,"voiceSEIrank":53,"voiceScore":0}},"facebook":{"entityString":"536575ffb08f37d80186deb2","type":"facebook","profiles":0,"postsMade":0,"repliesMade":0,"repliesRcvd":0,"sharesMade":0,"sharesRcvd":0,"mentionsRcvd":0,"likesRcvd":0,"reachRcvd":0,"audience":0,"voice":0,"conversation":0,"engagement":0,"group_scoped":{"audienceScore":0,"voiceScore":0,"engagementScore":0,"combinedScore":0,"combinedScoreRank":199,"SEIrank":199,"engagementSEIrank":80,"voiceSEIrank":56,"audienceSEIrank":199,"engagementSEI":0,"engagementSEIadj":0,"voiceSEI":0,"voiceSEIadj":0,"audienceSEI":0,"audienceSEIadj":0,"SEI":0,"SEIadj":0},"non_scoped":{"SEI":0,"SEIrank":199,"SEIadj":0,"audienceSEI":0,"audienceSEIadj":0,"audienceSEIrank":199,"audienceScore":0,"combinedScore":0,"combinedScoreRank":199,"engagementSEI":0,"engagementSEIadj":0,"engagementSEIrank":80,"engagementScore":0,"voiceSEI":0,"voiceSEIadj":0,"voiceSEIrank":56,"voiceScore":0},"scoped":{"SEI":0,"SEIrank":181,"SEIadj":0,"audienceSEI":0,"audienceSEIadj":0,"audienceSEIrank":181,"audienceScore":0,"combinedScore":0,"combinedScoreRank":181,"engagementSEI":0,"engagementSEIadj":0,"engagementSEIrank":70,"engagementScore":0,"voiceSEI":0,"voiceSEIadj":0,"voiceSEIrank":48,"voiceScore":0}},"twitter":{"entityString":"536575ffb08f37d80186deb2","type":"twitter","profiles":1,"postsMade":0,"repliesMade":0,"repliesRcvd":0,"sharesMade":0,"sharesRcvd":0,"mentionsRcvd":0,"likesRcvd":0,"reachRcvd":0,"audience":1510,"voice":0,"conversation":0,"engagement":0,"group_scoped":{"audienceScore":0.43763929827002057,"voiceScore":0,"engagementScore":0,"combinedScore":0.43763929827002057,"combinedScoreRank":204,"SEIrank":205,"engagementSEIrank":71,"voiceSEIrank":60,"audienceSEIrank":199,"engagementSEI":0,"engagementSEIadj":0,"voiceSEI":0,"voiceSEIadj":0,"audienceSEI":1.1867896945784933,"audienceSEIadj":1.1867896945784933,"SEI":0.11867896945784934,"SEIadj":0.11867896945784934},"non_scoped":{"SEI":0.02667010493184993,"SEIrank":207,"SEIadj":0,"audienceSEI":0.2667010493184993,"audienceSEIadj":0,"audienceSEIrank":207,"audienceScore":0.04329580265830494,"combinedScore":0.002164790132915247,"combinedScoreRank":207,"engagementSEI":0,"engagementSEIadj":0,"engagementSEIrank":71,"engagementScore":0,"voiceSEI":0,"voiceSEIadj":0,"voiceSEIrank":60,"voiceScore":0},"scoped":{"SEI":0.12956035281600717,"SEIrank":188,"SEIadj":0,"audienceSEI":1.2956035281600715,"audienceSEIadj":0,"audienceSEIrank":188,"audienceScore":0.06858168532906038,"combinedScore":0.003429084266453019,"combinedScoreRank":188,"engagementSEI":0,"engagementSEIadj":0,"engagementSEIrank":62,"engagementScore":0,"voiceSEI":0,"voiceSEIadj":0,"voiceSEIrank":52,"voiceScore":0}},"instagram":{"entityString":"536575ffb08f37d80186deb2","type":"instagram","profiles":0,"postsMade":0,"repliesMade":0,"repliesRcvd":0,"sharesMade":0,"sharesRcvd":0,"mentionsRcvd":0,"likesRcvd":0,"reachRcvd":0,"audience":0,"voice":0,"conversation":0,"engagement":0,"group_scoped":{"audienceScore":0,"voiceScore":0,"engagementScore":0,"combinedScore":0,"combinedScoreRank":111,"SEIrank":74,"engagementSEIrank":56,"voiceSEIrank":50,"audienceSEIrank":74,"engagementSEI":0,"engagementSEIadj":0,"voiceSEI":0,"voiceSEIadj":0,"audienceSEI":0,"audienceSEIadj":0,"SEI":0,"SEIadj":0},"non_scoped":{"SEI":0,"SEIrank":74,"SEIadj":0,"audienceSEI":0,"audienceSEIadj":0,"audienceSEIrank":74,"audienceScore":0,"combinedScore":0,"combinedScoreRank":74,"engagementSEI":0,"engagementSEIadj":0,"engagementSEIrank":56,"engagementScore":0,"voiceSEI":0,"voiceSEIadj":0,"voiceSEIrank":50,"voiceScore":0},"scoped":{"SEI":0,"SEIrank":68,"SEIadj":0,"audienceSEI":0,"audienceSEIadj":0,"audienceSEIrank":68,"audienceScore":0,"combinedScore":0,"combinedScoreRank":68,"engagementSEI":0,"engagementSEIadj":0,"engagementSEIrank":50,"engagementScore":0,"voiceSEI":0,"voiceSEIadj":0,"voiceSEIrank":46,"voiceScore":0}}},"today":{"boundaryQuantum":4995546,"combined":{"entityString":"536575ffb08f37d80186deb2","type":"combined","profiles":1,"postsMade":0,"repliesMade":0,"repliesRcvd":0,"sharesMade":0,"sharesRcvd":0,"mentionsRcvd":0,"likesRcvd":0,"reachRcvd":0,"audience":1510,"voice":0,"conversation":0,"engagement":0,"group_scoped":{"audienceScore":0.10637975600288282,"voiceScore":0,"engagementScore":0,"combinedScore":0.10637975600288282,"combinedScoreRank":183,"SEIrank":219,"engagementSEIrank":179,"voiceSEIrank":157,"audienceSEIrank":217,"engagementSEI":0,"engagementSEIadj":0,"voiceSEI":0,"voiceSEIadj":0,"audienceSEI":0.15382107858117883,"audienceSEIadj":0.15382107858117883,"SEI":0.015382107858117883,"SEIadj":0.015382107858117883},"non_scoped":{"SEI":0.005932433122620643,"SEIrank":219,"SEIadj":0,"audienceSEI":0.05932433122620642,"audienceSEIadj":0,"audienceSEIrank":216,"audienceScore":0.010931629678665108,"combinedScore":0.0005465814839332554,"combinedScoreRank":219,"engagementSEI":0,"engagementSEIadj":0,"engagementSEIrank":179,"engagementScore":0,"voiceSEI":0,"voiceSEIadj":0,"voiceSEIrank":157,"voiceScore":0},"scoped":{"SEI":0.07744860695088425,"SEIrank":198,"SEIadj":0,"audienceSEI":0.7744860695088425,"audienceSEIadj":0,"audienceSEIrank":196,"audienceScore":0.03138397293246647,"combinedScore":0.0015691986466233234,"combinedScoreRank":198,"engagementSEI":0,"engagementSEIadj":0,"engagementSEIrank":167,"engagementScore":0,"voiceSEI":0,"voiceSEIadj":0,"voiceSEIrank":144,"voiceScore":0}},"facebook":{"entityString":"536575ffb08f37d80186deb2","type":"facebook","profiles":0,"postsMade":0,"repliesMade":0,"repliesRcvd":0,"sharesMade":0,"sharesRcvd":0,"mentionsRcvd":0,"likesRcvd":0,"reachRcvd":0,"audience":0,"voice":0,"conversation":0,"engagement":0,"group_scoped":{"audienceScore":0,"voiceScore":0,"engagementScore":0,"combinedScore":0,"combinedScoreRank":199,"SEIrank":199,"engagementSEIrank":118,"voiceSEIrank":100,"audienceSEIrank":199,"engagementSEI":0,"engagementSEIadj":0,"voiceSEI":0,"voiceSEIadj":0,"audienceSEI":0,"audienceSEIadj":0,"SEI":0,"SEIadj":0},"non_scoped":{"SEI":0,"SEIrank":199,"SEIadj":0,"audienceSEI":0,"audienceSEIadj":0,"audienceSEIrank":199,"audienceScore":0,"combinedScore":0,"combinedScoreRank":199,"engagementSEI":0,"engagementSEIadj":0,"engagementSEIrank":118,"engagementScore":0,"voiceSEI":0,"voiceSEIadj":0,"voiceSEIrank":100,"voiceScore":0},"scoped":{"SEI":0,"SEIrank":181,"SEIadj":0,"audienceSEI":0,"audienceSEIadj":0,"audienceSEIrank":181,"audienceScore":0,"combinedScore":0,"combinedScoreRank":181,"engagementSEI":0,"engagementSEIadj":0,"engagementSEIrank":108,"engagementScore":0,"voiceSEI":0,"voiceSEIadj":0,"voiceSEIrank":90,"voiceScore":0}},"twitter":{"entityString":"536575ffb08f37d80186deb2","type":"twitter","profiles":1,"postsMade":0,"repliesMade":0,"repliesRcvd":0,"sharesMade":0,"sharesRcvd":0,"mentionsRcvd":0,"likesRcvd":0,"reachRcvd":0,"audience":1510,"voice":0,"conversation":0,"engagement":0,"group_scoped":{"audienceScore":0.43763929827002057,"voiceScore":0,"engagementScore":0,"combinedScore":0.43763929827002057,"combinedScoreRank":177,"SEIrank":210,"engagementSEIrank":165,"voiceSEIrank":145,"audienceSEIrank":199,"engagementSEI":0,"engagementSEIadj":0,"voiceSEI":0,"voiceSEIadj":0,"audienceSEI":1.1867896945784933,"audienceSEIadj":1.1867896945784933,"SEI":0.11867896945784934,"SEIadj":0.11867896945784934},"non_scoped":{"SEI":0.02667010493184993,"SEIrank":211,"SEIadj":0,"audienceSEI":0.2667010493184993,"audienceSEIadj":0,"audienceSEIrank":207,"audienceScore":0.04329580265830494,"combinedScore":0.002164790132915247,"combinedScoreRank":211,"engagementSEI":0,"engagementSEIadj":0,"engagementSEIrank":165,"engagementScore":0,"voiceSEI":0,"voiceSEIadj":0,"voiceSEIrank":145,"voiceScore":0},"scoped":{"SEI":0.12956035281600717,"SEIrank":191,"SEIadj":0,"audienceSEI":1.2956035281600715,"audienceSEIadj":0,"audienceSEIrank":188,"audienceScore":0.06858168532906038,"combinedScore":0.003429084266453019,"combinedScoreRank":191,"engagementSEI":0,"engagementSEIadj":0,"engagementSEIrank":153,"engagementScore":0,"voiceSEI":0,"voiceSEIadj":0,"voiceSEIrank":132,"voiceScore":0}},"instagram":{"entityString":"536575ffb08f37d80186deb2","type":"instagram","profiles":0,"postsMade":0,"repliesMade":0,"repliesRcvd":0,"sharesMade":0,"sharesRcvd":0,"mentionsRcvd":0,"likesRcvd":0,"reachRcvd":0,"audience":0,"voice":0,"conversation":0,"engagement":0,"group_scoped":{"audienceScore":0,"voiceScore":0,"engagementScore":0,"combinedScore":0,"combinedScoreRank":111,"SEIrank":74,"engagementSEIrank":69,"voiceSEIrank":59,"audienceSEIrank":74,"engagementSEI":0,"engagementSEIadj":0,"voiceSEI":0,"voiceSEIadj":0,"audienceSEI":0,"audienceSEIadj":0,"SEI":0,"SEIadj":0},"non_scoped":{"SEI":0,"SEIrank":74,"SEIadj":0,"audienceSEI":0,"audienceSEIadj":0,"audienceSEIrank":74,"audienceScore":0,"combinedScore":0,"combinedScoreRank":74,"engagementSEI":0,"engagementSEIadj":0,"engagementSEIrank":69,"engagementScore":0,"voiceSEI":0,"voiceSEIadj":0,"voiceSEIrank":59,"voiceScore":0},"scoped":{"SEI":0,"SEIrank":68,"SEIadj":0,"audienceSEI":0,"audienceSEIadj":0,"audienceSEIrank":68,"audienceScore":0,"combinedScore":0,"combinedScoreRank":68,"engagementSEI":0,"engagementSEIadj":0,"engagementSEIrank":63,"engagementScore":0,"voiceSEI":0,"voiceSEIadj":0,"voiceSEIrank":53,"voiceScore":0}}},"week":{"boundaryQuantum":4993818,"combined":{"entityString":"536575ffb08f37d80186deb2","type":"combined","profiles":1,"postsMade":0,"repliesMade":0,"repliesRcvd":0,"sharesMade":0,"sharesRcvd":0,"mentionsRcvd":0,"likesRcvd":0,"reachRcvd":0,"audience":1510,"voice":0,"conversation":0,"engagement":0,"group_scoped":{"audienceScore":0.10637975600288282,"voiceScore":0,"engagementScore":0,"combinedScore":0.10637975600288282,"combinedScoreRank":164,"SEIrank":223,"engagementSEIrank":204,"voiceSEIrank":198,"audienceSEIrank":217,"engagementSEI":0,"engagementSEIadj":0,"voiceSEI":0,"voiceSEIadj":0,"audienceSEI":0.15382107858117883,"audienceSEIadj":0.15382107858117883,"SEI":0.015382107858117883,"SEIadj":0.015382107858117883},"non_scoped":{"SEI":0.005932433122620643,"SEIrank":223,"SEIadj":0,"audienceSEI":0.05932433122620642,"audienceSEIadj":0,"audienceSEIrank":216,"audienceScore":0.010931629678665108,"combinedScore":0.0005465814839332554,"combinedScoreRank":223,"engagementSEI":0,"engagementSEIadj":0,"engagementSEIrank":204,"engagementScore":0,"voiceSEI":0,"voiceSEIadj":0,"voiceSEIrank":198,"voiceScore":0},"scoped":{"SEI":0.07744860695088425,"SEIrank":201,"SEIadj":0,"audienceSEI":0.7744860695088425,"audienceSEIadj":0,"audienceSEIrank":196,"audienceScore":0.03138397293246647,"combinedScore":0.0015691986466233234,"combinedScoreRank":201,"engagementSEI":0,"engagementSEIadj":0,"engagementSEIrank":189,"engagementScore":0,"voiceSEI":0,"voiceSEIadj":0,"voiceSEIrank":183,"voiceScore":0}},"facebook":{"entityString":"536575ffb08f37d80186deb2","type":"facebook","profiles":0,"postsMade":0,"repliesMade":0,"repliesRcvd":0,"sharesMade":0,"sharesRcvd":0,"mentionsRcvd":0,"likesRcvd":0,"reachRcvd":0,"audience":0,"voice":0,"conversation":0,"engagement":0,"group_scoped":{"audienceScore":0,"voiceScore":0,"engagementScore":0,"combinedScore":0,"combinedScoreRank":199,"SEIrank":199,"engagementSEIrank":146,"voiceSEIrank":133,"audienceSEIrank":199,"engagementSEI":0,"engagementSEIadj":0,"voiceSEI":0,"voiceSEIadj":0,"audienceSEI":0,"audienceSEIadj":0,"SEI":0,"SEIadj":0},"non_scoped":{"SEI":0,"SEIrank":199,"SEIadj":0,"audienceSEI":0,"audienceSEIadj":0,"audienceSEIrank":199,"audienceScore":0,"combinedScore":0,"combinedScoreRank":199,"engagementSEI":0,"engagementSEIadj":0,"engagementSEIrank":146,"engagementScore":0,"voiceSEI":0,"voiceSEIadj":0,"voiceSEIrank":133,"voiceScore":0},"scoped":{"SEI":0,"SEIrank":181,"SEIadj":0,"audienceSEI":0,"audienceSEIadj":0,"audienceSEIrank":181,"audienceScore":0,"combinedScore":0,"combinedScoreRank":181,"engagementSEI":0,"engagementSEIadj":0,"engagementSEIrank":136,"engagementScore":0,"voiceSEI":0,"voiceSEIadj":0,"voiceSEIrank":123,"voiceScore":0}},"twitter":{"entityString":"536575ffb08f37d80186deb2","type":"twitter","profiles":1,"postsMade":0,"repliesMade":0,"repliesRcvd":0,"sharesMade":0,"sharesRcvd":0,"mentionsRcvd":0,"likesRcvd":0,"reachRcvd":0,"audience":1510,"voice":0,"conversation":0,"engagement":0,"group_scoped":{"audienceScore":0.43763929827002057,"voiceScore":0,"engagementScore":0,"combinedScore":0.43763929827002057,"combinedScoreRank":164,"SEIrank":215,"engagementSEIrank":190,"voiceSEIrank":189,"audienceSEIrank":199,"engagementSEI":0,"engagementSEIadj":0,"voiceSEI":0,"voiceSEIadj":0,"audienceSEI":1.1867896945784933,"audienceSEIadj":1.1867896945784933,"SEI":0.11867896945784934,"SEIadj":0.11867896945784934},"non_scoped":{"SEI":0.02667010493184993,"SEIrank":216,"SEIadj":0,"audienceSEI":0.2667010493184993,"audienceSEIadj":0,"audienceSEIrank":207,"audienceScore":0.04329580265830494,"combinedScore":0.002164790132915247,"combinedScoreRank":216,"engagementSEI":0,"engagementSEIadj":0,"engagementSEIrank":190,"engagementScore":0,"voiceSEI":0,"voiceSEIadj":0,"voiceSEIrank":189,"voiceScore":0},"scoped":{"SEI":0.12956035281600717,"SEIrank":195,"SEIadj":0,"audienceSEI":1.2956035281600715,"audienceSEIadj":0,"audienceSEIrank":188,"audienceScore":0.06858168532906038,"combinedScore":0.003429084266453019,"combinedScoreRank":195,"engagementSEI":0,"engagementSEIadj":0,"engagementSEIrank":175,"engagementScore":0,"voiceSEI":0,"voiceSEIadj":0,"voiceSEIrank":174,"voiceScore":0}},"instagram":{"entityString":"536575ffb08f37d80186deb2","type":"instagram","profiles":0,"postsMade":0,"repliesMade":0,"repliesRcvd":0,"sharesMade":0,"sharesRcvd":0,"mentionsRcvd":0,"likesRcvd":0,"reachRcvd":0,"audience":0,"voice":0,"conversation":0,"engagement":0,"group_scoped":{"audienceScore":0,"voiceScore":0,"engagementScore":0,"combinedScore":0,"combinedScoreRank":111,"SEIrank":74,"engagementSEIrank":71,"voiceSEIrank":70,"audienceSEIrank":74,"engagementSEI":0,"engagementSEIadj":0,"voiceSEI":0,"voiceSEIadj":0,"audienceSEI":0,"audienceSEIadj":0,"SEI":0,"SEIadj":0},"non_scoped":{"SEI":0,"SEIrank":74,"SEIadj":0,"audienceSEI":0,"audienceSEIadj":0,"audienceSEIrank":74,"audienceScore":0,"combinedScore":0,"combinedScoreRank":74,"engagementSEI":0,"engagementSEIadj":0,"engagementSEIrank":71,"engagementScore":0,"voiceSEI":0,"voiceSEIadj":0,"voiceSEIrank":70,"voiceScore":0},"scoped":{"SEI":0,"SEIrank":68,"SEIadj":0,"audienceSEI":0,"audienceSEIadj":0,"audienceSEIrank":68,"audienceScore":0,"combinedScore":0,"combinedScoreRank":68,"engagementSEI":0,"engagementSEIadj":0,"engagementSEIrank":65,"engagementScore":0,"voiceSEI":0,"voiceSEIadj":0,"voiceSEIrank":64,"voiceScore":0}}},"month":{"boundaryQuantum":4987194,"combined":{"entityString":"536575ffb08f37d80186deb2","type":"combined","profiles":1,"postsMade":0,"repliesMade":0,"repliesRcvd":0,"sharesMade":0,"sharesRcvd":0,"mentionsRcvd":0,"likesRcvd":0,"reachRcvd":0,"audience":1510,"voice":0,"conversation":0,"engagement":0,"group_scoped":{"audienceScore":0.10637975600288282,"voiceScore":0,"engagementScore":0,"combinedScore":0.10637975600288282,"combinedScoreRank":158,"SEIrank":223,"engagementSEIrank":214,"voiceSEIrank":214,"audienceSEIrank":217,"engagementSEI":0,"engagementSEIadj":0,"voiceSEI":0,"voiceSEIadj":0,"audienceSEI":0.15382107858117883,"audienceSEIadj":0.15382107858117883,"SEI":0.015382107858117883,"SEIadj":0.015382107858117883},"non_scoped":{"SEI":0.005932433122620643,"SEIrank":223,"SEIadj":0,"audienceSEI":0.05932433122620642,"audienceSEIadj":0,"audienceSEIrank":216,"audienceScore":0.010931629678665108,"combinedScore":0.0005465814839332554,"combinedScoreRank":223,"engagementSEI":0,"engagementSEIadj":0,"engagementSEIrank":214,"engagementScore":0,"voiceSEI":0,"voiceSEIadj":0,"voiceSEIrank":214,"voiceScore":0},"scoped":{"SEI":0.07744860695088425,"SEIrank":201,"SEIadj":0,"audienceSEI":0.7744860695088425,"audienceSEIadj":0,"audienceSEIrank":196,"audienceScore":0.03138397293246647,"combinedScore":0.0015691986466233234,"combinedScoreRank":201,"engagementSEI":0,"engagementSEIadj":0,"engagementSEIrank":194,"engagementScore":0,"voiceSEI":0,"voiceSEIadj":0,"voiceSEIrank":195,"voiceScore":0}},"facebook":{"entityString":"536575ffb08f37d80186deb2","type":"facebook","profiles":0,"postsMade":0,"repliesMade":0,"repliesRcvd":0,"sharesMade":0,"sharesRcvd":0,"mentionsRcvd":0,"likesRcvd":0,"reachRcvd":0,"audience":0,"voice":0,"conversation":0,"engagement":0,"group_scoped":{"audienceScore":0,"voiceScore":0,"engagementScore":0,"combinedScore":0,"combinedScoreRank":199,"SEIrank":199,"engagementSEIrank":156,"voiceSEIrank":151,"audienceSEIrank":199,"engagementSEI":0,"engagementSEIadj":0,"voiceSEI":0,"voiceSEIadj":0,"audienceSEI":0,"audienceSEIadj":0,"SEI":0,"SEIadj":0},"non_scoped":{"SEI":0,"SEIrank":199,"SEIadj":0,"audienceSEI":0,"audienceSEIadj":0,"audienceSEIrank":199,"audienceScore":0,"combinedScore":0,"combinedScoreRank":199,"engagementSEI":0,"engagementSEIadj":0,"engagementSEIrank":156,"engagementScore":0,"voiceSEI":0,"voiceSEIadj":0,"voiceSEIrank":151,"voiceScore":0},"scoped":{"SEI":0,"SEIrank":181,"SEIadj":0,"audienceSEI":0,"audienceSEIadj":0,"audienceSEIrank":181,"audienceScore":0,"combinedScore":0,"combinedScoreRank":181,"engagementSEI":0,"engagementSEIadj":0,"engagementSEIrank":144,"engagementScore":0,"voiceSEI":0,"voiceSEIadj":0,"voiceSEIrank":140,"voiceScore":0}},"twitter":{"entityString":"536575ffb08f37d80186deb2","type":"twitter","profiles":1,"postsMade":0,"repliesMade":0,"repliesRcvd":0,"sharesMade":0,"sharesRcvd":0,"mentionsRcvd":0,"likesRcvd":0,"reachRcvd":0,"audience":1510,"voice":0,"conversation":0,"engagement":0,"group_scoped":{"audienceScore":0.43763929827002057,"voiceScore":0,"engagementScore":0,"combinedScore":0.43763929827002057,"combinedScoreRank":150,"SEIrank":218,"engagementSEIrank":207,"voiceSEIrank":208,"audienceSEIrank":199,"engagementSEI":0,"engagementSEIadj":0,"voiceSEI":0,"voiceSEIadj":0,"audienceSEI":1.1867896945784933,"audienceSEIadj":1.1867896945784933,"SEI":0.11867896945784934,"SEIadj":0.11867896945784934},"non_scoped":{"SEI":0.02667010493184993,"SEIrank":217,"SEIadj":0,"audienceSEI":0.2667010493184993,"audienceSEIadj":0,"audienceSEIrank":207,"audienceScore":0.04329580265830494,"combinedScore":0.002164790132915247,"combinedScoreRank":217,"engagementSEI":0,"engagementSEIadj":0,"engagementSEIrank":207,"engagementScore":0,"voiceSEI":0,"voiceSEIadj":0,"voiceSEIrank":208,"voiceScore":0},"scoped":{"SEI":0.12956035281600717,"SEIrank":196,"SEIadj":0,"audienceSEI":1.2956035281600715,"audienceSEIadj":0,"audienceSEIrank":188,"audienceScore":0.06858168532906038,"combinedScore":0.003429084266453019,"combinedScoreRank":196,"engagementSEI":0,"engagementSEIadj":0,"engagementSEIrank":188,"engagementScore":0,"voiceSEI":0,"voiceSEIadj":0,"voiceSEIrank":189,"voiceScore":0}},"instagram":{"entityString":"536575ffb08f37d80186deb2","type":"instagram","profiles":0,"postsMade":0,"repliesMade":0,"repliesRcvd":0,"sharesMade":0,"sharesRcvd":0,"mentionsRcvd":0,"likesRcvd":0,"reachRcvd":0,"audience":0,"voice":0,"conversation":0,"engagement":0,"group_scoped":{"audienceScore":0,"voiceScore":0,"engagementScore":0,"combinedScore":0,"combinedScoreRank":111,"SEIrank":74,"engagementSEIrank":71,"voiceSEIrank":71,"audienceSEIrank":74,"engagementSEI":0,"engagementSEIadj":0,"voiceSEI":0,"voiceSEIadj":0,"audienceSEI":0,"audienceSEIadj":0,"SEI":0,"SEIadj":0},"non_scoped":{"SEI":0,"SEIrank":74,"SEIadj":0,"audienceSEI":0,"audienceSEIadj":0,"audienceSEIrank":74,"audienceScore":0,"combinedScore":0,"combinedScoreRank":74,"engagementSEI":0,"engagementSEIadj":0,"engagementSEIrank":71,"engagementScore":0,"voiceSEI":0,"voiceSEIadj":0,"voiceSEIrank":71,"voiceScore":0},"scoped":{"SEI":0,"SEIrank":68,"SEIadj":0,"audienceSEI":0,"audienceSEIadj":0,"audienceSEIrank":68,"audienceScore":0,"combinedScore":0,"combinedScoreRank":68,"engagementSEI":0,"engagementSEIadj":0,"engagementSEIrank":65,"engagementScore":0,"voiceSEI":0,"voiceSEIadj":0,"voiceSEIrank":65,"voiceScore":0}}},"quarter":{"boundaryQuantum":4969914,"combined":{"entityString":"536575ffb08f37d80186deb2","type":"combined","profiles":1,"postsMade":0,"repliesMade":0,"repliesRcvd":0,"sharesMade":0,"sharesRcvd":0,"mentionsRcvd":0,"likesRcvd":0,"reachRcvd":0,"audience":1510,"voice":0,"conversation":0,"engagement":0,"group_scoped":{"audienceScore":0.10637975600288282,"voiceScore":0,"engagementScore":0,"combinedScore":0.10637975600288282,"combinedScoreRank":143,"SEIrank":223,"engagementSEIrank":220,"voiceSEIrank":221,"audienceSEIrank":217,"engagementSEI":0,"engagementSEIadj":0,"voiceSEI":0,"voiceSEIadj":0,"audienceSEI":0.15382107858117883,"audienceSEIadj":0.15382107858117883,"SEI":0.015382107858117883,"SEIadj":0.015382107858117883},"non_scoped":{"SEI":0.005932433122620643,"SEIrank":224,"SEIadj":0,"audienceSEI":0.05932433122620642,"audienceSEIadj":0,"audienceSEIrank":216,"audienceScore":0.010931629678665108,"combinedScore":0.0005465814839332554,"combinedScoreRank":223,"engagementSEI":0,"engagementSEIadj":0,"engagementSEIrank":220,"engagementScore":0,"voiceSEI":0,"voiceSEIadj":0,"voiceSEIrank":221,"voiceScore":0},"scoped":{"SEI":0.07744860695088425,"SEIrank":201,"SEIadj":0,"audienceSEI":0.7744860695088425,"audienceSEIadj":0,"audienceSEIrank":196,"audienceScore":0.03138397293246647,"combinedScore":0.0015691986466233234,"combinedScoreRank":201,"engagementSEI":0,"engagementSEIadj":0,"engagementSEIrank":200,"engagementScore":0,"voiceSEI":0,"voiceSEIadj":0,"voiceSEIrank":201,"voiceScore":0}},"facebook":{"entityString":"536575ffb08f37d80186deb2","type":"facebook","profiles":0,"postsMade":0,"repliesMade":0,"repliesRcvd":0,"sharesMade":0,"sharesRcvd":0,"mentionsRcvd":0,"likesRcvd":0,"reachRcvd":0,"audience":0,"voice":0,"conversation":0,"engagement":0,"group_scoped":{"audienceScore":0,"voiceScore":0,"engagementScore":0,"combinedScore":0,"combinedScoreRank":199,"SEIrank":199,"engagementSEIrank":162,"voiceSEIrank":162,"audienceSEIrank":199,"engagementSEI":0,"engagementSEIadj":0,"voiceSEI":0,"voiceSEIadj":0,"audienceSEI":0,"audienceSEIadj":0,"SEI":0,"SEIadj":0},"non_scoped":{"SEI":0,"SEIrank":199,"SEIadj":0,"audienceSEI":0,"audienceSEIadj":0,"audienceSEIrank":199,"audienceScore":0,"combinedScore":0,"combinedScoreRank":199,"engagementSEI":0,"engagementSEIadj":0,"engagementSEIrank":162,"engagementScore":0,"voiceSEI":0,"voiceSEIadj":0,"voiceSEIrank":162,"voiceScore":0},"scoped":{"SEI":0,"SEIrank":181,"SEIadj":0,"audienceSEI":0,"audienceSEIadj":0,"audienceSEIrank":181,"audienceScore":0,"combinedScore":0,"combinedScoreRank":181,"engagementSEI":0,"engagementSEIadj":0,"engagementSEIrank":149,"engagementScore":0,"voiceSEI":0,"voiceSEIadj":0,"voiceSEIrank":149,"voiceScore":0}},"twitter":{"entityString":"536575ffb08f37d80186deb2","type":"twitter","profiles":1,"postsMade":0,"repliesMade":0,"repliesRcvd":0,"sharesMade":0,"sharesRcvd":0,"mentionsRcvd":0,"likesRcvd":0,"reachRcvd":0,"audience":1510,"voice":0,"conversation":0,"engagement":0,"group_scoped":{"audienceScore":0.43763929827002057,"voiceScore":0,"engagementScore":0,"combinedScore":0.43763929827002057,"combinedScoreRank":147,"SEIrank":217,"engagementSEIrank":215,"voiceSEIrank":216,"audienceSEIrank":199,"engagementSEI":0,"engagementSEIadj":0,"voiceSEI":0,"voiceSEIadj":0,"audienceSEI":1.1867896945784933,"audienceSEIadj":1.1867896945784933,"SEI":0.11867896945784934,"SEIadj":0.11867896945784934},"non_scoped":{"SEI":0.02667010493184993,"SEIrank":219,"SEIadj":0,"audienceSEI":0.2667010493184993,"audienceSEIadj":0,"audienceSEIrank":207,"audienceScore":0.04329580265830494,"combinedScore":0.002164790132915247,"combinedScoreRank":219,"engagementSEI":0,"engagementSEIadj":0,"engagementSEIrank":215,"engagementScore":0,"voiceSEI":0,"voiceSEIadj":0,"voiceSEIrank":216,"voiceScore":0},"scoped":{"SEI":0.12956035281600717,"SEIrank":198,"SEIadj":0,"audienceSEI":1.2956035281600715,"audienceSEIadj":0,"audienceSEIrank":188,"audienceScore":0.06858168532906038,"combinedScore":0.003429084266453019,"combinedScoreRank":198,"engagementSEI":0,"engagementSEIadj":0,"engagementSEIrank":196,"engagementScore":0,"voiceSEI":0,"voiceSEIadj":0,"voiceSEIrank":197,"voiceScore":0}},"instagram":{"entityString":"536575ffb08f37d80186deb2","type":"instagram","profiles":0,"postsMade":0,"repliesMade":0,"repliesRcvd":0,"sharesMade":0,"sharesRcvd":0,"mentionsRcvd":0,"likesRcvd":0,"reachRcvd":0,"audience":0,"voice":0,"conversation":0,"engagement":0,"group_scoped":{"audienceScore":0,"voiceScore":0,"engagementScore":0,"combinedScore":0,"combinedScoreRank":111,"SEIrank":74,"engagementSEIrank":72,"voiceSEIrank":72,"audienceSEIrank":74,"engagementSEI":0,"engagementSEIadj":0,"voiceSEI":0,"voiceSEIadj":0,"audienceSEI":0,"audienceSEIadj":0,"SEI":0,"SEIadj":0},"non_scoped":{"SEI":0,"SEIrank":74,"SEIadj":0,"audienceSEI":0,"audienceSEIadj":0,"audienceSEIrank":74,"audienceScore":0,"combinedScore":0,"combinedScoreRank":74,"engagementSEI":0,"engagementSEIadj":0,"engagementSEIrank":72,"engagementScore":0,"voiceSEI":0,"voiceSEIadj":0,"voiceSEIrank":72,"voiceScore":0},"scoped":{"SEI":0,"SEIrank":68,"SEIadj":0,"audienceSEI":0,"audienceSEIadj":0,"audienceSEIrank":68,"audienceScore":0,"combinedScore":0,"combinedScoreRank":68,"engagementSEI":0,"engagementSEIadj":0,"engagementSEIrank":66,"engagementScore":0,"voiceSEI":0,"voiceSEIadj":0,"voiceSEIrank":66,"voiceScore":0}}},"blended":{"combined":{"non_scoped":{"SEI":0.005932433122620642,"SEIadj":20.004745946498097,"SEIrank":223,"audienceSEI":0.059324331226206416,"audienceSEIadj":20.047459464980964,"audienceSEIrank":216,"engagementSEI":0,"engagementSEIadj":0,"engagementSEIrank":220,"voiceSEI":0,"voiceSEIadj":0,"voiceSEIrank":221},"scoped":{"SEI":0.05886094128267203,"SEIadj":20.047088753026138,"SEIrank":201,"compCharisma":0,"compInfluence":0,"compEva":0.05886094128267203,"audienceSEI":0.7744860695088425,"audienceSEIadj":20.619588855607073,"audienceSEIrank":196,"engagementSEI":0,"engagementSEIadj":0,"engagementSEIrank":200,"voiceSEI":0,"voiceSEIadj":0,"voiceSEIrank":201}},"facebook":{"non_scoped":{"SEI":0,"SEIadj":0,"SEIrank":199,"audienceSEI":0,"audienceSEIadj":0,"audienceSEIrank":199,"engagementSEI":0,"engagementSEIadj":0,"engagementSEIrank":162,"voiceSEI":0,"voiceSEIadj":0,"voiceSEIrank":162},"scoped":{"SEI":0,"SEIadj":0,"SEIrank":181,"audienceSEI":0,"audienceSEIadj":0,"audienceSEIrank":181,"engagementSEI":0,"engagementSEIadj":0,"engagementSEIrank":149,"voiceSEI":0,"voiceSEIadj":0,"voiceSEIrank":149}},"twitter":{"non_scoped":{"SEI":0.02667010493184993,"SEIadj":20.02133608394548,"SEIrank":219,"audienceSEI":0.2667010493184993,"audienceSEIadj":40.1600206295911,"audienceSEIrank":207,"engagementSEI":0,"engagementSEIadj":0,"engagementSEIrank":215,"voiceSEI":0,"voiceSEIadj":0,"voiceSEIrank":216},"scoped":{"SEI":0.12956035281600717,"SEIadj":20.103648282252806,"SEIrank":197,"audienceSEI":1.2956035281600715,"audienceSEIadj":40.77736211689604,"audienceSEIrank":188,"engagementSEI":0,"engagementSEIadj":0,"engagementSEIrank":196,"voiceSEI":0,"voiceSEIadj":0,"voiceSEIrank":197}},"instagram":{"non_scoped":{"SEI":0,"SEIadj":0,"SEIrank":74,"audienceSEI":0,"audienceSEIadj":0,"audienceSEIrank":74,"engagementSEI":0,"engagementSEIadj":0,"engagementSEIrank":72,"voiceSEI":0,"voiceSEIadj":0,"voiceSEIrank":72},"scoped":{"SEI":0,"SEIadj":0,"SEIrank":68,"audienceSEI":0,"audienceSEIadj":0,"audienceSEIrank":68,"engagementSEI":0,"engagementSEIadj":0,"engagementSEIrank":66,"voiceSEI":0,"voiceSEIadj":0,"voiceSEIrank":66}},"influence":{"combined":{"scope":"individual","ratio":0,"calculated":false},"facebook":{"scope":"individual","ratio":0,"calculated":false},"twitter":{"scope":"individual","ratio":0,"calculated":false},"instagram":{"scope":"individual","ratio":0,"calculated":false}},"charisma":{"combined":{"scope":"individual","ratio":0,"calculated":false},"facebook":{"scope":"individual","ratio":0,"calculated":false},"twitter":{"scope":"individual","ratio":0,"calculated":false},"instagram":{"scope":"individual","ratio":0,"calculated":false}}},"scope":"individual"}}