{"scoreEntityString":"591d1494ab33fb0001804f89.asset.53bee8adb4e50eb276dac80c","timeQuantum":4995834,"scoreEntityType":"asset","scoreProfileID":"591d1494ab33fb0001804f89","data":{"scoreEntityString":"591d1494ab33fb0001804f89.asset.53bee8adb4e50eb276dac80c","scoreProfileID":"591d1494ab33fb0001804f89","scoreEntityType":"asset","entityID":"asset.53bee8adb4e50eb276dac80c","object_version":"1.2","score_engine_version":"3.0.20","timestamp":4995834,"start_quantum":4969914,"end_quantum":4995833,"schedule_options":{"interval":15,"offset":"1"},"_15min":{"boundaryQuantum":4995831,"combined":{"entityString":"53bee8adb4e50eb276dac80c","type":"combined","profiles":2,"postsMade":0,"repliesMade":0,"repliesRcvd":0,"sharesMade":0,"sharesRcvd":0,"mentionsRcvd":0,"likesRcvd":0,"reachRcvd":0,"audience":33468,"voice":0,"conversation":0,"engagement":0,"group_scoped":{"audienceScore":0.8384693800091643,"voiceScore":0,"engagementScore":0,"combinedScore":0.8384693800091643,"engagementSEI":0,"engagementSEIadj":0,"voiceSEI":0,"voiceSEIadj":0,"audienceSEI":1.3148786208468057,"audienceSEIadj":1.3148786208468057,"SEI":0.13148786208468058,"SEIadj":0.13148786208468058,"combinedScoreRank":86,"SEIrank":95,"engagementSEIrank":35,"voiceSEIrank":28,"audienceSEIrank":93},"non_scoped":{"SEI":0.13148786208468058,"SEIrank":50,"SEIadj":0,"audienceSEI":1.3148786208468057,"audienceSEIadj":0,"audienceSEIrank":48,"audienceScore":0.24229124641428068,"combinedScore":0.012114562320714034,"combinedScoreRank":50,"engagementSEI":0,"engagementSEIadj":0,"engagementSEIrank":35,"engagementScore":0,"voiceSEI":0,"voiceSEIadj":0,"voiceSEIrank":28,"voiceScore":0},"scoped":{"SEI":1.7165893890279431,"SEIrank":39,"SEIadj":0,"audienceSEI":17.16589389027943,"audienceSEIadj":0,"audienceSEIrank":37,"audienceScore":0.6956018583468794,"combinedScore":0.03478009291734397,"combinedScoreRank":39,"engagementSEI":0,"engagementSEIadj":0,"engagementSEIrank":29,"engagementScore":0,"voiceSEI":0,"voiceSEIadj":0,"voiceSEIrank":26,"voiceScore":0}},"facebook":{"entityString":"53bee8adb4e50eb276dac80c","type":"facebook","profiles":1,"postsMade":0,"repliesMade":0,"repliesRcvd":0,"sharesMade":0,"sharesRcvd":0,"mentionsRcvd":0,"likesRcvd":0,"reachRcvd":0,"audience":18637,"voice":0,"conversation":0,"engagement":0,"group_scoped":{"audienceScore":0.7128494586023683,"voiceScore":0,"engagementScore":0,"combinedScore":0.7128494586023683,"engagementSEI":0,"engagementSEIadj":0,"voiceSEI":0,"voiceSEIadj":0,"audienceSEI":1.0036420190884237,"audienceSEIadj":1.0036420190884237,"SEI":0.10036420190884238,"SEIadj":0.10036420190884238,"combinedScoreRank":76,"SEIrank":79,"engagementSEIrank":33,"voiceSEIrank":27,"audienceSEIrank":77},"non_scoped":{"SEI":0.10036420190884238,"SEIrank":45,"SEIadj":0,"audienceSEI":1.0036420190884237,"audienceSEIadj":0,"audienceSEIrank":43,"audienceScore":0.19141583629421735,"combinedScore":0.009570791814710869,"combinedScoreRank":45,"engagementSEI":0,"engagementSEIadj":0,"engagementSEIrank":33,"engagementScore":0,"voiceSEI":0,"voiceSEIadj":0,"voiceSEIrank":27,"voiceScore":0},"scoped":{"SEI":1.2792932551722245,"SEIrank":35,"SEIadj":0,"audienceSEI":12.792932551722243,"audienceSEIadj":0,"audienceSEIrank":33,"audienceScore":0.7846599547232219,"combinedScore":0.039232997736161096,"combinedScoreRank":35,"engagementSEI":0,"engagementSEIadj":0,"engagementSEIrank":27,"engagementScore":0,"voiceSEI":0,"voiceSEIadj":0,"voiceSEIrank":26,"voiceScore":0}},"twitter":{"entityString":"53bee8adb4e50eb276dac80c","type":"twitter","profiles":1,"postsMade":0,"repliesMade":0,"repliesRcvd":0,"sharesMade":0,"sharesRcvd":0,"mentionsRcvd":0,"likesRcvd":0,"reachRcvd":0,"audience":14831,"voice":0,"conversation":0,"engagement":0,"group_scoped":{"audienceScore":1.1818415084476448,"voiceScore":0,"engagementScore":0,"combinedScore":1.1818415084476448,"engagementSEI":0,"engagementSEIadj":0,"voiceSEI":0,"voiceSEIadj":0,"audienceSEI":2.6194988492997773,"audienceSEIadj":2.6194988492997773,"SEI":0.2619498849299777,"SEIadj":0.2619498849299777,"combinedScoreRank":122,"SEIrank":148,"engagementSEIrank":28,"voiceSEIrank":27,"audienceSEIrank":147},"non_scoped":{"SEI":0.2619498849299777,"SEIrank":49,"SEIadj":0,"audienceSEI":2.6194988492997773,"audienceSEIadj":0,"audienceSEIrank":48,"audienceScore":0.42524506571213283,"combinedScore":0.021262253285606644,"combinedScoreRank":49,"engagementSEI":0,"engagementSEIadj":0,"engagementSEIrank":28,"engagementScore":0,"voiceSEI":0,"voiceSEIadj":0,"voiceSEIrank":27,"voiceScore":0},"scoped":{"SEI":1.272522909016028,"SEIrank":39,"SEIadj":0,"audienceSEI":12.725229090160278,"audienceSEIadj":0,"audienceSEIrank":38,"audienceScore":0.6735993212684069,"combinedScore":0.09622847446691526,"combinedScoreRank":39,"engagementSEI":0,"engagementSEIadj":0,"engagementSEIrank":26,"engagementScore":0,"voiceSEI":0,"voiceSEIadj":0,"voiceSEIrank":25,"voiceScore":0}},"instagram":{"entityString":"53bee8adb4e50eb276dac80c","type":"instagram","profiles":0,"postsMade":0,"repliesMade":0,"repliesRcvd":0,"sharesMade":0,"sharesRcvd":0,"mentionsRcvd":0,"likesRcvd":0,"reachRcvd":0,"audience":0,"voice":0,"conversation":0,"engagement":0,"group_scoped":{"audienceScore":0,"voiceScore":0,"engagementScore":0,"combinedScore":0,"engagementSEI":0,"engagementSEIadj":0,"voiceSEI":0,"voiceSEIadj":0,"audienceSEI":0,"audienceSEIadj":0,"SEI":0,"SEIadj":0,"combinedScoreRank":89,"SEIrank":52,"engagementSEIrank":29,"voiceSEIrank":26,"audienceSEIrank":52},"non_scoped":{"SEI":0,"SEIrank":52,"SEIadj":0,"audienceSEI":0,"audienceSEIadj":0,"audienceSEIrank":52,"audienceScore":0,"combinedScore":0,"combinedScoreRank":52,"engagementSEI":0,"engagementSEIadj":0,"engagementSEIrank":29,"engagementScore":0,"voiceSEI":0,"voiceSEIadj":0,"voiceSEIrank":26,"voiceScore":0},"scoped":{"SEI":0,"SEIrank":47,"SEIadj":0,"audienceSEI":0,"audienceSEIadj":0,"audienceSEIrank":47,"audienceScore":0,"combinedScore":0,"combinedScoreRank":47,"engagementSEI":0,"engagementSEIadj":0,"engagementSEIrank":26,"engagementScore":0,"voiceSEI":0,"voiceSEIadj":0,"voiceSEIrank":25,"voiceScore":0}}},"hour":{"boundaryQuantum":4995822,"combined":{"entityString":"53bee8adb4e50eb276dac80c","type":"combined","profiles":2,"postsMade":0,"repliesMade":0,"repliesRcvd":0,"sharesMade":0,"sharesRcvd":0,"mentionsRcvd":0,"likesRcvd":0,"reachRcvd":0,"audience":33468,"voice":0,"conversation":0,"engagement":0,"group_scoped":{"audienceScore":0.8384693800091643,"voiceScore":0,"engagementScore":0,"combinedScore":0.8384693800091643,"combinedScoreRank":76,"SEIrank":113,"engagementSEIrank":80,"voiceSEIrank":42,"audienceSEIrank":93,"engagementSEI":0,"engagementSEIadj":0,"voiceSEI":0,"voiceSEIadj":0,"audienceSEI":1.3148786208468057,"audienceSEIadj":1.3148786208468057,"SEI":0.13148786208468058,"SEIadj":0.13148786208468058},"non_scoped":{"SEI":0.13148786208468058,"SEIrank":75,"SEIadj":0,"audienceSEI":1.3148786208468057,"audienceSEIadj":0,"audienceSEIrank":48,"audienceScore":0.24229124641428068,"combinedScore":0.012114562320714034,"combinedScoreRank":87,"engagementSEI":0,"engagementSEIadj":0,"engagementSEIrank":80,"engagementScore":0,"voiceSEI":0,"voiceSEIadj":0,"voiceSEIrank":42,"voiceScore":0},"scoped":{"SEI":1.7165893890279431,"SEIrank":72,"SEIadj":0,"audienceSEI":17.16589389027943,"audienceSEIadj":0,"audienceSEIrank":37,"audienceScore":0.6956018583468794,"combinedScore":0.03478009291734397,"combinedScoreRank":77,"engagementSEI":0,"engagementSEIadj":0,"engagementSEIrank":71,"engagementScore":0,"voiceSEI":0,"voiceSEIadj":0,"voiceSEIrank":35,"voiceScore":0}},"facebook":{"entityString":"53bee8adb4e50eb276dac80c","type":"facebook","profiles":1,"postsMade":0,"repliesMade":0,"repliesRcvd":0,"sharesMade":0,"sharesRcvd":0,"mentionsRcvd":0,"likesRcvd":0,"reachRcvd":0,"audience":18637,"voice":0,"conversation":0,"engagement":0,"group_scoped":{"audienceScore":0.7128494586023683,"voiceScore":0,"engagementScore":0,"combinedScore":0.7128494586023683,"combinedScoreRank":66,"SEIrank":87,"engagementSEIrank":61,"voiceSEIrank":36,"audienceSEIrank":77,"engagementSEI":0,"engagementSEIadj":0,"voiceSEI":0,"voiceSEIadj":0,"audienceSEI":1.0036420190884237,"audienceSEIadj":1.0036420190884237,"SEI":0.10036420190884238,"SEIadj":0.10036420190884238},"non_scoped":{"SEI":0.10036420190884238,"SEIrank":64,"SEIadj":0,"audienceSEI":1.0036420190884237,"audienceSEIadj":0,"audienceSEIrank":43,"audienceScore":0.19141583629421735,"combinedScore":0.009570791814710869,"combinedScoreRank":66,"engagementSEI":0,"engagementSEIadj":0,"engagementSEIrank":61,"engagementScore":0,"voiceSEI":0,"voiceSEIadj":0,"voiceSEIrank":36,"voiceScore":0},"scoped":{"SEI":1.2792932551722245,"SEIrank":56,"SEIadj":0,"audienceSEI":12.792932551722243,"audienceSEIadj":0,"audienceSEIrank":33,"audienceScore":0.7846599547232219,"combinedScore":0.039232997736161096,"combinedScoreRank":56,"engagementSEI":0,"engagementSEIadj":0,"engagementSEIrank":52,"engagementScore":0,"voiceSEI":0,"voiceSEIadj":0,"voiceSEIrank":29,"voiceScore":0}},"twitter":{"entityString":"53bee8adb4e50eb276dac80c","type":"twitter","profiles":1,"postsMade":0,"repliesMade":0,"repliesRcvd":0,"sharesMade":0,"sharesRcvd":0,"mentionsRcvd":0,"likesRcvd":0,"reachRcvd":0,"audience":14831,"voice":0,"conversation":0,"engagement":0,"group_scoped":{"audienceScore":1.1818415084476448,"voiceScore":0,"engagementScore":0,"combinedScore":1.1818415084476448,"combinedScoreRank":128,"SEIrank":157,"engagementSEIrank":53,"voiceSEIrank":40,"audienceSEIrank":147,"engagementSEI":0,"engagementSEIadj":0,"voiceSEI":0,"voiceSEIadj":0,"audienceSEI":2.6194988492997773,"audienceSEIadj":2.6194988492997773,"SEI":0.2619498849299777,"SEIadj":0.2619498849299777},"non_scoped":{"SEI":0.2619498849299777,"SEIrank":66,"SEIadj":0,"audienceSEI":2.6194988492997773,"audienceSEIadj":0,"audienceSEIrank":48,"audienceScore":0.42524506571213283,"combinedScore":0.021262253285606644,"combinedScoreRank":66,"engagementSEI":0,"engagementSEIadj":0,"engagementSEIrank":53,"engagementScore":0,"voiceSEI":0,"voiceSEIadj":0,"voiceSEIrank":40,"voiceScore":0},"scoped":{"SEI":1.272522909016028,"SEIrank":56,"SEIadj":0,"audienceSEI":12.725229090160278,"audienceSEIadj":0,"audienceSEIrank":38,"audienceScore":0.6735993212684069,"combinedScore":0.03367996606342035,"combinedScoreRank":56,"engagementSEI":0,"engagementSEIadj":0,"engagementSEIrank":45,"engagementScore":0,"voiceSEI":0,"voiceSEIadj":0,"voiceSEIrank":33,"voiceScore":0}},"instagram":{"entityString":"53bee8adb4e50eb276dac80c","type":"instagram","profiles":0,"postsMade":0,"repliesMade":0,"repliesRcvd":0,"sharesMade":0,"sharesRcvd":0,"mentionsRcvd":0,"likesRcvd":0,"reachRcvd":0,"audience":0,"voice":0,"conversation":0,"engagement":0,"group_scoped":{"audienceScore":0,"voiceScore":0,"engagementScore":0,"combinedScore":0,"combinedScoreRank":89,"SEIrank":52,"engagementSEIrank":34,"voiceSEIrank":28,"audienceSEIrank":52,"engagementSEI":0,"engagementSEIadj":0,"voiceSEI":0,"voiceSEIadj":0,"audienceSEI":0,"audienceSEIadj":0,"SEI":0,"SEIadj":0},"non_scoped":{"SEI":0,"SEIrank":52,"SEIadj":0,"audienceSEI":0,"audienceSEIadj":0,"audienceSEIrank":52,"audienceScore":0,"combinedScore":0,"combinedScoreRank":52,"engagementSEI":0,"engagementSEIadj":0,"engagementSEIrank":34,"engagementScore":0,"voiceSEI":0,"voiceSEIadj":0,"voiceSEIrank":28,"voiceScore":0},"scoped":{"SEI":0,"SEIrank":47,"SEIadj":0,"audienceSEI":0,"audienceSEIadj":0,"audienceSEIrank":47,"audienceScore":0,"combinedScore":0,"combinedScoreRank":47,"engagementSEI":0,"engagementSEIadj":0,"engagementSEIrank":29,"engagementScore":0,"voiceSEI":0,"voiceSEIadj":0,"voiceSEIrank":25,"voiceScore":0}}},"today":{"boundaryQuantum":4995546,"combined":{"entityString":"53bee8adb4e50eb276dac80c","type":"combined","profiles":2,"postsMade":0,"repliesMade":0,"repliesRcvd":3,"sharesMade":0,"sharesRcvd":0,"mentionsRcvd":0,"likesRcvd":50,"reachRcvd":0,"audience":33468,"voice":0,"conversation":3,"engagement":53,"group_scoped":{"audienceScore":0.8384693800091643,"voiceScore":0,"engagementScore":0.055087828708034504,"combinedScore":0.16699947889391017,"combinedScoreRank":140,"SEIrank":152,"engagementSEIrank":104,"voiceSEIrank":147,"audienceSEIrank":93,"engagementSEI":0.06066572043404606,"engagementSEIadj":0.06066572043404606,"voiceSEI":0,"voiceSEIadj":0,"audienceSEI":1.3148786208468057,"audienceSEIadj":1.3148786208468057,"SEI":0.1678872943451082,"SEIadj":0.1678872943451082},"non_scoped":{"SEI":0.16380427841768194,"SEIrank":145,"SEIadj":0,"audienceSEI":1.3148786208468057,"audienceSEIadj":0,"audienceSEIrank":48,"audienceScore":0.24229124641428068,"combinedScore":0.02986293724676247,"combinedScoreRank":87,"engagementSEI":0.0538606938883356,"engagementSEIadj":0,"engagementSEIrank":69,"engagementScore":0.019720416584498263,"voiceSEI":0,"voiceSEIadj":0,"voiceSEIrank":147,"voiceScore":0},"scoped":{"SEI":3.394689652880186,"SEIrank":108,"SEIadj":0,"audienceSEI":17.16589389027943,"audienceSEIadj":0,"audienceSEIrank":37,"audienceScore":0.6956018583468794,"combinedScore":0.23208320344017655,"combinedScoreRank":70,"engagementSEI":2.7968337730870716,"engagementSEIadj":0,"engagementSEIrank":60,"engagementScore":0.21922567835870288,"voiceSEI":0,"voiceSEIadj":0,"voiceSEIrank":134,"voiceScore":0}},"facebook":{"entityString":"53bee8adb4e50eb276dac80c","type":"facebook","profiles":1,"postsMade":0,"repliesMade":0,"repliesRcvd":3,"sharesMade":0,"sharesRcvd":0,"mentionsRcvd":0,"likesRcvd":41,"reachRcvd":0,"audience":18637,"voice":0,"conversation":3,"engagement":44,"group_scoped":{"audienceScore":0.7128494586023683,"voiceScore":0,"engagementScore":0.05272365614590074,"combinedScore":0.14702734221111036,"combinedScoreRank":121,"SEIrank":98,"engagementSEIrank":65,"voiceSEIrank":86,"audienceSEIrank":77,"engagementSEI":0.05790235557310172,"engagementSEIadj":0.05790235557310172,"voiceSEI":0,"voiceSEIadj":0,"audienceSEI":1.0036420190884237,"audienceSEIadj":1.0036420190884237,"SEI":0.1351056152527034,"SEIadj":0.1351056152527034},"non_scoped":{"SEI":0.13139892788631868,"SEIrank":89,"SEIadj":0,"audienceSEI":1.0036420190884237,"audienceSEIadj":0,"audienceSEIrank":43,"audienceScore":0.19141583629421735,"combinedScore":0.02674494904498769,"combinedScoreRank":66,"engagementSEI":0.05172454329579385,"engagementSEIadj":0,"engagementSEIrank":55,"engagementScore":0.019082396922529804,"voiceSEI":0,"voiceSEIadj":0,"voiceSEIrank":86,"voiceScore":0},"scoped":{"SEI":2.805304815865866,"SEIrank":72,"SEIadj":0,"audienceSEI":12.792932551722243,"audienceSEIadj":0,"audienceSEIrank":33,"audienceScore":0.7846599547232219,"combinedScore":0.2596984247487433,"combinedScoreRank":48,"engagementSEI":2.5433526011560694,"engagementSEIadj":0,"engagementSEIrank":46,"engagementScore":0.2449615855695357,"voiceSEI":0,"voiceSEIadj":0,"voiceSEIrank":76,"voiceScore":0}},"twitter":{"entityString":"53bee8adb4e50eb276dac80c","type":"twitter","profiles":1,"postsMade":0,"repliesMade":0,"repliesRcvd":0,"sharesMade":0,"sharesRcvd":0,"mentionsRcvd":0,"likesRcvd":9,"reachRcvd":0,"audience":14831,"voice":0,"conversation":0,"engagement":9,"group_scoped":{"audienceScore":1.1818415084476448,"voiceScore":0,"engagementScore":0.26155187445510025,"combinedScore":0.39302182216832093,"combinedScoreRank":183,"SEIrank":159,"engagementSEIrank":131,"voiceSEIrank":133,"audienceSEIrank":147,"engagementSEI":0.4371053909664886,"engagementSEIadj":0.4371053909664886,"voiceSEI":0,"voiceSEIadj":0,"audienceSEI":2.6194988492997773,"audienceSEIadj":2.6194988492997773,"SEI":0.5242131195098709,"SEIadj":0.5242131195098709},"non_scoped":{"SEI":0.5242131195098709,"SEIrank":119,"SEIadj":0,"audienceSEI":2.6194988492997773,"audienceSEIadj":0,"audienceSEIrank":48,"audienceScore":0.42524506571213283,"combinedScore":0.11536076629675905,"combinedScoreRank":89,"engagementSEI":0.4371053909664886,"engagementSEIadj":0,"engagementSEIrank":84,"engagementScore":0.1045539033457249,"voiceSEI":0,"voiceSEIadj":0,"voiceSEIrank":133,"voiceScore":0},"scoped":{"SEI":3.187416526037304,"SEIrank":99,"SEIadj":0,"audienceSEI":12.725229090160278,"audienceSEIadj":0,"audienceSEIrank":38,"audienceScore":0.6735993212684069,"combinedScore":0.23397670196846487,"combinedScoreRank":79,"engagementSEI":3.1914893617021276,"engagementSEIadj":0,"engagementSEIrank":74,"engagementScore":0.22255192878338279,"voiceSEI":0,"voiceSEIadj":0,"voiceSEIrank":121,"voiceScore":0}},"instagram":{"entityString":"53bee8adb4e50eb276dac80c","type":"instagram","profiles":0,"postsMade":0,"repliesMade":0,"repliesRcvd":0,"sharesMade":0,"sharesRcvd":0,"mentionsRcvd":0,"likesRcvd":0,"reachRcvd":0,"audience":0,"voice":0,"conversation":0,"engagement":0,"group_scoped":{"audienceScore":0,"voiceScore":0,"engagementScore":0,"combinedScore":0,"combinedScoreRank":89,"SEIrank":52,"engagementSEIrank":47,"voiceSEIrank":37,"audienceSEIrank":52,"engagementSEI":0,"engagementSEIadj":0,"voiceSEI":0,"voiceSEIadj":0,"audienceSEI":0,"audienceSEIadj":0,"SEI":0,"SEIadj":0},"non_scoped":{"SEI":0,"SEIrank":52,"SEIadj":0,"audienceSEI":0,"audienceSEIadj":0,"audienceSEIrank":52,"audienceScore":0,"combinedScore":0,"combinedScoreRank":52,"engagementSEI":0,"engagementSEIadj":0,"engagementSEIrank":47,"engagementScore":0,"voiceSEI":0,"voiceSEIadj":0,"voiceSEIrank":37,"voiceScore":0},"scoped":{"SEI":0,"SEIrank":47,"SEIadj":0,"audienceSEI":0,"audienceSEIadj":0,"audienceSEIrank":47,"audienceScore":0,"combinedScore":0,"combinedScoreRank":47,"engagementSEI":0,"engagementSEIadj":0,"engagementSEIrank":42,"engagementScore":0,"voiceSEI":0,"voiceSEIadj":0,"voiceSEIrank":32,"voiceScore":0}}},"week":{"boundaryQuantum":4993818,"combined":{"entityString":"53bee8adb4e50eb276dac80c","type":"combined","profiles":2,"postsMade":52,"repliesMade":0,"repliesRcvd":148,"sharesMade":0,"sharesRcvd":19,"mentionsRcvd":0,"likesRcvd":1581,"reachRcvd":0,"audience":33468,"voice":52,"conversation":200,"engagement":1748,"group_scoped":{"audienceScore":0.8384693800091643,"voiceScore":2.5653675382338434,"engagementScore":0.30505522581590927,"combinedScore":0.4447415491464688,"combinedScoreRank":81,"SEIrank":53,"engagementSEIrank":73,"voiceSEIrank":37,"audienceSEIrank":93,"engagementSEI":0.34289301267213307,"engagementSEIadj":0.34289301267213307,"voiceSEI":6.227544910179641,"voiceSEIadj":6.227544910179641,"audienceSEI":1.3148786208468057,"audienceSEIadj":1.3148786208468057,"SEI":2.2054871427418528,"SEIadj":2.2054871427418528},"non_scoped":{"SEI":2.1319830735295264,"SEIrank":29,"SEIadj":0,"audienceSEI":1.3148786208468057,"audienceSEIadj":0,"audienceSEIrank":48,"audienceScore":0.24229124641428068,"combinedScore":0.1264970777518298,"combinedScoreRank":37,"engagementSEI":0.2203862306515893,"engagementSEIadj":0,"engagementSEIrank":43,"engagementScore":0.09243194909262814,"voiceSEI":6.227544910179641,"voiceSEIadj":0,"voiceSEIrank":26,"voiceScore":0.623875224955009},"scoped":{"SEI":12.11838453773839,"SEIrank":26,"SEIadj":0,"audienceSEI":17.16589389027943,"audienceSEIadj":0,"audienceSEIrank":37,"audienceScore":0.6956018583468794,"combinedScore":0.8888455721043375,"combinedScoreRank":34,"engagementSEI":5.982613457457731,"engagementSEIadj":0,"engagementSEIrank":34,"engagementScore":0.8756023523047176,"voiceSEI":22.707423580786028,"voiceSEIadj":0,"voiceSEIrank":18,"voiceScore":1.3204672422549517}},"facebook":{"entityString":"53bee8adb4e50eb276dac80c","type":"facebook","profiles":1,"postsMade":10,"repliesMade":0,"repliesRcvd":148,"sharesMade":0,"sharesRcvd":11,"mentionsRcvd":0,"likesRcvd":1288,"reachRcvd":0,"audience":18637,"voice":10,"conversation":158,"engagement":1447,"group_scoped":{"audienceScore":0.7128494586023683,"voiceScore":1.3623978201634876,"engagementScore":0.3003115187212167,"combinedScore":0.3740427307873878,"combinedScoreRank":73,"SEIrank":53,"engagementSEIrank":56,"voiceSEIrank":43,"audienceSEIrank":77,"engagementSEI":0.3351515362077152,"engagementSEIadj":0.3351515362077152,"voiceSEI":3.1645569620253164,"voiceSEIadj":3.1645569620253164,"audienceSEI":1.0036420190884237,"audienceSEIadj":1.0036420190884237,"SEI":1.2508222122410664,"SEIadj":1.2508222122410664},"non_scoped":{"SEI":1.1058597591916228,"SEIrank":37,"SEIadj":0,"audienceSEI":1.0036420190884237,"audienceSEIadj":0,"audienceSEIrank":43,"audienceScore":0.19141583629421735,"combinedScore":0.10784900931621408,"combinedScoreRank":41,"engagementSEI":0.20089967511731874,"engagementSEIadj":0,"engagementSEIrank":39,"engagementScore":0.09019167132584249,"voiceSEI":2.949852507374631,"voiceSEIadj":0,"voiceSEIrank":36,"voiceScore":0.34211426616489904},"scoped":{"SEI":13.956799681907444,"SEIrank":32,"SEIadj":0,"audienceSEI":12.792932551722243,"audienceSEIadj":0,"audienceSEIrank":33,"audienceScore":0.7846599547232219,"combinedScore":1.2456057035850572,"combinedScoreRank":31,"engagementSEI":14.87917737789203,"engagementSEIadj":0,"engagementSEIrank":30,"engagementScore":1.2859478866730654,"voiceSEI":12.5,"voiceSEIadj":0,"voiceSEIrank":28,"voiceScore":0.9803921568627451}},"twitter":{"entityString":"53bee8adb4e50eb276dac80c","type":"twitter","profiles":1,"postsMade":42,"repliesMade":0,"repliesRcvd":0,"sharesMade":0,"sharesRcvd":8,"mentionsRcvd":0,"likesRcvd":293,"reachRcvd":0,"audience":14831,"voice":42,"conversation":42,"engagement":301,"group_scoped":{"audienceScore":1.1818415084476448,"voiceScore":3.3653846153846154,"engagementScore":1.1460118027793642,"combinedScore":1.258771928693041,"combinedScoreRank":102,"SEIrank":96,"engagementSEIrank":107,"voiceSEIrank":44,"audienceSEIrank":147,"engagementSEI":2.2938576436518825,"engagementSEIadj":2.2938576436518825,"voiceSEI":8.860759493670885,"voiceSEIadj":8.860759493670885,"audienceSEI":2.6194988492997773,"audienceSEIadj":2.6194988492997773,"SEI":4.296492319222373,"SEIadj":4.296492319222373},"non_scoped":{"SEI":4.296492319222373,"SEIrank":34,"SEIadj":0,"audienceSEI":2.6194988492997773,"audienceSEIadj":0,"audienceSEIrank":48,"audienceScore":0.42524506571213283,"combinedScore":0.4990945735342735,"combinedScoreRank":44,"engagementSEI":2.2938576436518825,"engagementSEIadj":0,"engagementSEIrank":43,"engagementScore":0.4851552174333516,"voiceSEI":8.860759493670885,"voiceSEIadj":0,"voiceSEIrank":27,"voiceScore":0.823852491173009},"scoped":{"SEI":16.85119423768736,"SEIrank":28,"SEIadj":0,"audienceSEI":12.725229090160278,"audienceSEIadj":0,"audienceSEIrank":38,"audienceScore":0.6735993212684069,"combinedScore":0.8942808623816074,"combinedScoreRank":35,"engagementSEI":14.032634032634034,"engagementSEIadj":0,"engagementSEIrank":35,"engagementScore":0.873831504383673,"voiceSEI":23.863636363636363,"voiceSEIadj":0,"voiceSEIrank":18,"voiceScore":1.4830508474576272}},"instagram":{"entityString":"53bee8adb4e50eb276dac80c","type":"instagram","profiles":0,"postsMade":0,"repliesMade":0,"repliesRcvd":0,"sharesMade":0,"sharesRcvd":0,"mentionsRcvd":0,"likesRcvd":0,"reachRcvd":0,"audience":0,"voice":0,"conversation":0,"engagement":0,"group_scoped":{"audienceScore":0,"voiceScore":0,"engagementScore":0,"combinedScore":0,"combinedScoreRank":89,"SEIrank":52,"engagementSEIrank":49,"voiceSEIrank":48,"audienceSEIrank":52,"engagementSEI":0,"engagementSEIadj":0,"voiceSEI":0,"voiceSEIadj":0,"audienceSEI":0,"audienceSEIadj":0,"SEI":0,"SEIadj":0},"non_scoped":{"SEI":0,"SEIrank":52,"SEIadj":0,"audienceSEI":0,"audienceSEIadj":0,"audienceSEIrank":52,"audienceScore":0,"combinedScore":0,"combinedScoreRank":52,"engagementSEI":0,"engagementSEIadj":0,"engagementSEIrank":49,"engagementScore":0,"voiceSEI":0,"voiceSEIadj":0,"voiceSEIrank":48,"voiceScore":0},"scoped":{"SEI":0,"SEIrank":47,"SEIadj":0,"audienceSEI":0,"audienceSEIadj":0,"audienceSEIrank":47,"audienceScore":0,"combinedScore":0,"combinedScoreRank":47,"engagementSEI":0,"engagementSEIadj":0,"engagementSEIrank":44,"engagementScore":0,"voiceSEI":0,"voiceSEIadj":0,"voiceSEIrank":43,"voiceScore":0}}},"month":{"boundaryQuantum":4987194,"combined":{"entityString":"53bee8adb4e50eb276dac80c","type":"combined","profiles":2,"postsMade":166,"repliesMade":0,"repliesRcvd":914,"sharesMade":0,"sharesRcvd":104,"mentionsRcvd":0,"likesRcvd":7653,"reachRcvd":0,"audience":33468,"voice":166,"conversation":1080,"engagement":8671,"group_scoped":{"audienceScore":0.8384693800091643,"voiceScore":1.846496106785317,"engagementScore":0.3339310278960073,"combinedScore":0.4347861994461306,"combinedScoreRank":71,"SEIrank":67,"engagementSEIrank":62,"voiceSEIrank":55,"audienceSEIrank":93,"engagementSEI":0.37366640824746533,"engagementSEIadj":0.37366640824746533,"voiceSEI":4.513322457857531,"voiceSEIadj":4.513322457857531,"audienceSEI":1.3148786208468057,"audienceSEIadj":1.3148786208468057,"SEI":1.7096844443904191,"SEIadj":1.7096844443904191},"non_scoped":{"SEI":1.6283393887265951,"SEIrank":40,"SEIadj":0,"audienceSEI":1.3148786208468057,"audienceSEIadj":0,"audienceSEIrank":48,"audienceScore":0.24229124641428068,"combinedScore":0.12353682867864202,"combinedScoreRank":36,"engagementSEI":0.2380913154744253,"engagementSEIadj":0,"engagementSEIrank":34,"engagementScore":0.09960610157731678,"voiceSEI":4.513322457857531,"voiceSEIadj":0,"voiceSEIrank":39,"voiceScore":0.4355354987668573},"scoped":{"SEI":11.188820471850438,"SEIrank":26,"SEIadj":0,"audienceSEI":17.16589389027943,"audienceSEIadj":0,"audienceSEIrank":37,"audienceScore":0.6956018583468794,"combinedScore":0.9989547566985881,"combinedScoreRank":25,"engagementSEI":7.1591931768455295,"engagementSEIadj":0,"engagementSEIrank":25,"engagementScore":1.0203649355020157,"voiceSEI":17.255717255717258,"voiceSEIadj":0,"voiceSEIrank":30,"voiceScore":0.9169244365885991}},"facebook":{"entityString":"53bee8adb4e50eb276dac80c","type":"facebook","profiles":1,"postsMade":32,"repliesMade":0,"repliesRcvd":914,"sharesMade":0,"sharesRcvd":55,"mentionsRcvd":0,"likesRcvd":6571,"reachRcvd":0,"audience":18637,"voice":32,"conversation":946,"engagement":7540,"group_scoped":{"audienceScore":0.7128494586023683,"voiceScore":0.9575104727707959,"engagementScore":0.3433109012594137,"combinedScore":0.39249780770213055,"combinedScoreRank":62,"SEIrank":70,"engagementSEIrank":53,"voiceSEIrank":57,"audienceSEIrank":77,"engagementSEI":0.38156774750538697,"engagementSEIadj":0.38156774750538697,"voiceSEI":2.3154848046309695,"voiceSEIadj":2.3154848046309695,"audienceSEI":1.0036420190884237,"audienceSEIadj":1.0036420190884237,"SEI":1.0239502918013654,"SEIadj":1.0239502918013654},"non_scoped":{"SEI":0.8688618419018275,"SEIrank":46,"SEIadj":0,"audienceSEI":1.0036420190884237,"audienceSEIadj":0,"audienceSEIrank":43,"audienceScore":0.19141583629421735,"combinedScore":0.11152642220081141,"combinedScoreRank":35,"engagementSEI":0.22472378942725238,"engagementSEIadj":0,"engagementSEIrank":32,"engagementScore":0.09990219124989301,"voiceSEI":2.112211221122112,"voiceSEIadj":0,"voiceSEIrank":47,"voiceScore":0.24087316522393679},"scoped":{"SEI":15.677483128349262,"SEIrank":28,"SEIadj":0,"audienceSEI":12.792932551722243,"audienceSEIadj":0,"audienceSEIrank":33,"audienceScore":0.7846599547232219,"combinedScore":1.3835965878034464,"combinedScoreRank":25,"engagementSEI":20.214477211796247,"engagementSEIadj":0,"engagementSEIrank":23,"engagementScore":1.455685571916466,"voiceSEI":7.5650118203309695,"voiceSEIadj":0,"voiceSEIrank":39,"voiceScore":0.684931506849315}},"twitter":{"entityString":"53bee8adb4e50eb276dac80c","type":"twitter","profiles":1,"postsMade":134,"repliesMade":0,"repliesRcvd":0,"sharesMade":0,"sharesRcvd":49,"mentionsRcvd":0,"likesRcvd":1082,"reachRcvd":0,"audience":14831,"voice":134,"conversation":134,"engagement":1131,"group_scoped":{"audienceScore":1.1818415084476448,"voiceScore":2.4600697631723887,"engagementScore":0.9537543007488363,"combinedScore":1.0404744342549543,"combinedScoreRank":103,"SEIrank":102,"engagementSEIrank":114,"voiceSEIrank":62,"audienceSEIrank":147,"engagementSEI":1.8049504476468616,"engagementSEIadj":1.8049504476468616,"voiceSEI":6.3961813842482105,"voiceSEIadj":6.3961813842482105,"audienceSEI":2.6194988492997773,"audienceSEIadj":2.6194988492997773,"SEI":3.2637745687925577,"SEIadj":3.2637745687925577},"non_scoped":{"SEI":3.2637745687925577,"SEIrank":43,"SEIadj":0,"audienceSEI":2.6194988492997773,"audienceSEIadj":0,"audienceSEIrank":48,"audienceScore":0.42524506571213283,"combinedScore":0.42341693087937027,"combinedScoreRank":44,"engagementSEI":1.8049504476468616,"engagementSEIadj":0,"engagementSEIrank":43,"engagementScore":0.41533698849468803,"voiceSEI":6.3961813842482105,"voiceSEIadj":0,"voiceSEIrank":38,"voiceScore":0.5670277589708869},"scoped":{"SEI":13.094812131225584,"SEIrank":37,"SEIadj":0,"audienceSEI":12.725229090160278,"audienceSEIadj":0,"audienceSEIrank":38,"audienceScore":0.6735993212684069,"combinedScore":0.801232382994062,"combinedScoreRank":34,"engagementSEI":9.922793472539041,"engagementSEIadj":0,"engagementSEIrank":33,"engagementScore":0.7960472138347515,"voiceSEI":19.562043795620436,"voiceSEIadj":0,"voiceSEIrank":29,"voiceScore":1.0221984895873064}},"instagram":{"entityString":"53bee8adb4e50eb276dac80c","type":"instagram","profiles":0,"postsMade":0,"repliesMade":0,"repliesRcvd":0,"sharesMade":0,"sharesRcvd":0,"mentionsRcvd":0,"likesRcvd":0,"reachRcvd":0,"audience":0,"voice":0,"conversation":0,"engagement":0,"group_scoped":{"audienceScore":0,"voiceScore":0,"engagementScore":0,"combinedScore":0,"combinedScoreRank":89,"SEIrank":52,"engagementSEIrank":49,"voiceSEIrank":49,"audienceSEIrank":52,"engagementSEI":0,"engagementSEIadj":0,"voiceSEI":0,"voiceSEIadj":0,"audienceSEI":0,"audienceSEIadj":0,"SEI":0,"SEIadj":0},"non_scoped":{"SEI":0,"SEIrank":52,"SEIadj":0,"audienceSEI":0,"audienceSEIadj":0,"audienceSEIrank":52,"audienceScore":0,"combinedScore":0,"combinedScoreRank":52,"engagementSEI":0,"engagementSEIadj":0,"engagementSEIrank":49,"engagementScore":0,"voiceSEI":0,"voiceSEIadj":0,"voiceSEIrank":49,"voiceScore":0},"scoped":{"SEI":0,"SEIrank":47,"SEIadj":0,"audienceSEI":0,"audienceSEIadj":0,"audienceSEIrank":47,"audienceScore":0,"combinedScore":0,"combinedScoreRank":47,"engagementSEI":0,"engagementSEIadj":0,"engagementSEIrank":44,"engagementScore":0,"voiceSEI":0,"voiceSEIadj":0,"voiceSEIrank":44,"voiceScore":0}}},"quarter":{"boundaryQuantum":4969914,"combined":{"entityString":"53bee8adb4e50eb276dac80c","type":"combined","profiles":2,"postsMade":605,"repliesMade":0,"repliesRcvd":2499,"sharesMade":0,"sharesRcvd":610,"mentionsRcvd":0,"likesRcvd":22472,"reachRcvd":0,"audience":33468,"voice":605,"conversation":3104,"engagement":25581,"group_scoped":{"audienceScore":0.8384693800091643,"voiceScore":2.2297571223233703,"engagementScore":0.294530343211151,"combinedScore":0.4184886340066627,"combinedScoreRank":65,"SEIrank":57,"engagementSEIrank":63,"voiceSEIrank":47,"audienceSEIrank":93,"engagementSEI":0.33245025624830643,"engagementSEIadj":0.33245025624830643,"voiceSEI":5.651564689397478,"voiceSEIadj":5.651564689397478,"audienceSEI":1.3148786208468057,"audienceSEIadj":1.3148786208468057,"SEI":2.026427422652908,"SEIadj":2.026427422652908},"non_scoped":{"SEI":1.9617174165442783,"SEIrank":37,"SEIadj":0,"audienceSEI":1.3148786208468057,"audienceSEIadj":0,"audienceSEIrank":48,"audienceScore":0.24229124641428068,"combinedScore":0.12247709942091534,"combinedScoreRank":37,"engagementSEI":0.22460024606725681,"engagementSEIadj":0,"engagementSEIrank":35,"engagementScore":0.09247216364113528,"voiceSEI":5.651564689397478,"voiceSEIadj":0,"voiceSEIrank":33,"voiceScore":0.5427517964635907},"scoped":{"SEI":12.417638995579185,"SEIrank":26,"SEIadj":0,"audienceSEI":17.16589389027943,"audienceSEIadj":0,"audienceSEIrank":37,"audienceScore":0.6956018583468794,"combinedScore":0.9401245928789733,"combinedScoreRank":26,"engagementSEI":6.685064247802874,"engagementSEIadj":0,"engagementSEIrank":26,"engagementScore":0.9420607417609734,"voiceSEI":22.300036859565058,"voiceSEIadj":0,"voiceSEIrank":24,"voiceScore":1.149796647535064}},"facebook":{"entityString":"53bee8adb4e50eb276dac80c","type":"facebook","profiles":1,"postsMade":149,"repliesMade":0,"repliesRcvd":2499,"sharesMade":0,"sharesRcvd":273,"mentionsRcvd":0,"likesRcvd":18601,"reachRcvd":0,"audience":18637,"voice":149,"conversation":2648,"engagement":21373,"group_scoped":{"audienceScore":0.7128494586023683,"voiceScore":1.4088502269288956,"engagementScore":0.2833250238976366,"combinedScore":0.36107750578443615,"combinedScoreRank":58,"SEIrank":55,"engagementSEIrank":53,"voiceSEIrank":41,"audienceSEIrank":77,"engagementSEI":0.3177597882889915,"engagementSEIadj":0.3177597882889915,"voiceSEI":3.5894965068658156,"voiceSEIadj":3.5894965068658156,"audienceSEI":1.0036420190884237,"audienceSEIadj":1.0036420190884237,"SEI":1.367869026941982,"SEIadj":1.367869026941982},"non_scoped":{"SEI":1.1982199976310117,"SEIrank":38,"SEIadj":0,"audienceSEI":1.0036420190884237,"audienceSEIadj":0,"audienceSEIrank":43,"audienceScore":0.19141583629421735,"combinedScore":0.1066965925736347,"combinedScoreRank":36,"engagementSEI":0.19956272299427932,"engagementSEIadj":0,"engagementSEIrank":33,"engagementScore":0.08719461791394312,"voiceSEI":3.2603938730853392,"voiceSEIadj":0,"voiceSEIrank":38,"voiceScore":0.3730128927275003},"scoped":{"SEI":17.16943518652399,"SEIrank":27,"SEIadj":0,"audienceSEI":12.792932551722243,"audienceSEIadj":0,"audienceSEIrank":33,"audienceScore":0.7846599547232219,"combinedScore":1.176334953469083,"combinedScoreRank":25,"engagementSEI":18.524168176184574,"engagementSEIadj":0,"engagementSEIrank":24,"engagementScore":1.2055641073224497,"voiceSEI":15.918803418803417,"voiceSEIadj":0,"voiceSEIrank":30,"voiceScore":1.0418851828543458}},"twitter":{"entityString":"53bee8adb4e50eb276dac80c","type":"twitter","profiles":1,"postsMade":456,"repliesMade":0,"repliesRcvd":0,"sharesMade":0,"sharesRcvd":337,"mentionsRcvd":0,"likesRcvd":3871,"reachRcvd":0,"audience":14831,"voice":456,"conversation":456,"engagement":4208,"group_scoped":{"audienceScore":1.1818415084476448,"voiceScore":2.8505344752141024,"engagementScore":1.175350049298784,"combinedScore":1.259433843551993,"combinedScoreRank":90,"SEIrank":88,"engagementSEIrank":103,"voiceSEIrank":51,"audienceSEIrank":147,"engagementSEI":2.276612781059967,"engagementSEIadj":2.276612781059967,"voiceSEI":7.6076076076076085,"voiceSEIadj":7.6076076076076085,"audienceSEI":2.6194988492997773,"audienceSEIadj":2.6194988492997773,"SEI":3.91019983584824,"SEIadj":3.91019983584824},"non_scoped":{"SEI":3.91019983584824,"SEIrank":35,"SEIadj":0,"audienceSEI":2.6194988492997773,"audienceSEIadj":0,"audienceSEIrank":48,"audienceScore":0.42524506571213283,"combinedScore":0.5352950862808618,"combinedScoreRank":36,"engagementSEI":2.276612781059967,"engagementSEIadj":0,"engagementSEIrank":34,"engagementScore":0.5342738991710375,"voiceSEI":7.6076076076076085,"voiceSEIadj":0,"voiceSEIrank":33,"voiceScore":0.6637264748264268},"scoped":{"SEI":16.836683090569416,"SEIrank":28,"SEIadj":0,"audienceSEI":12.725229090160278,"audienceSEIadj":0,"audienceSEIrank":38,"audienceScore":0.6735993212684069,"combinedScore":1.0493647486985038,"combinedScoreRank":27,"engagementSEI":13.863995782814973,"engagementSEIadj":0,"engagementSEIrank":26,"engagementScore":1.0610748425912617,"voiceSEI":24.152542372881356,"voiceSEIadj":0,"voiceSEIrank":24,"voiceScore":1.2143484860589597}},"instagram":{"entityString":"53bee8adb4e50eb276dac80c","type":"instagram","profiles":0,"postsMade":0,"repliesMade":0,"repliesRcvd":0,"sharesMade":0,"sharesRcvd":0,"mentionsRcvd":0,"likesRcvd":0,"reachRcvd":0,"audience":0,"voice":0,"conversation":0,"engagement":0,"group_scoped":{"audienceScore":0,"voiceScore":0,"engagementScore":0,"combinedScore":0,"combinedScoreRank":89,"SEIrank":52,"engagementSEIrank":50,"voiceSEIrank":50,"audienceSEIrank":52,"engagementSEI":0,"engagementSEIadj":0,"voiceSEI":0,"voiceSEIadj":0,"audienceSEI":0,"audienceSEIadj":0,"SEI":0,"SEIadj":0},"non_scoped":{"SEI":0,"SEIrank":52,"SEIadj":0,"audienceSEI":0,"audienceSEIadj":0,"audienceSEIrank":52,"audienceScore":0,"combinedScore":0,"combinedScoreRank":52,"engagementSEI":0,"engagementSEIadj":0,"engagementSEIrank":50,"engagementScore":0,"voiceSEI":0,"voiceSEIadj":0,"voiceSEIrank":50,"voiceScore":0},"scoped":{"SEI":0,"SEIrank":47,"SEIadj":0,"audienceSEI":0,"audienceSEIadj":0,"audienceSEIrank":47,"audienceScore":0,"combinedScore":0,"combinedScoreRank":47,"engagementSEI":0,"engagementSEIadj":0,"engagementSEIrank":45,"engagementScore":0,"voiceSEI":0,"voiceSEIadj":0,"voiceSEIrank":45,"voiceScore":0}}},"blended":{"combined":{"non_scoped":{"SEI":1.8728947525608703,"SEIadj":60.74915790102435,"SEIrank":35,"audienceSEI":1.3148786208468057,"audienceSEIadj":60.52595144833872,"audienceSEIrank":48,"engagementSEI":0.2168227242446858,"engagementSEIadj":60.086729089697876,"engagementSEIrank":38,"voiceSEI":5.371044186431261,"voiceSEIadj":62.14841767457251,"voiceSEIrank":35},"scoped":{"SEI":14.886218233524842,"SEIadj":65.95448729340994,"SEIrank":52,"compCharisma":3,"compInfluence":3,"compEva":8.886218233524842,"audienceSEI":17.165893890279435,"audienceSEIadj":66.86635755611178,"audienceSEIrank":37,"engagementSEI":6.351036826319939,"engagementSEIadj":62.54041473052798,"engagementSEIrank":31,"voiceSEI":20.550603092375926,"voiceSEIadj":68.22024123695037,"voiceSEIrank":27}},"facebook":{"non_scoped":{"SEI":1.0677671492525826,"SEIadj":60.427106859701034,"SEIrank":41,"audienceSEI":1.0036420190884237,"audienceSEIadj":60.40145680763537,"audienceSEIrank":43,"engagementSEI":0.19634605961121285,"engagementSEIadj":60.078538423844485,"engagementSEIrank":38,"voiceSEI":2.831984371923376,"voiceSEIadj":61.13279374876935,"voiceSEIrank":38},"scoped":{"SEI":15.263645207879911,"SEIadj":66.10545808315196,"SEIrank":29,"audienceSEI":12.792932551722243,"audienceSEIadj":65.1171730206889,"audienceSEIrank":33,"engagementSEI":16.88517651328714,"engagementSEIadj":66.75407060531485,"engagementSEIrank":26,"voiceSEI":12.844153482451354,"voiceSEIadj":65.13766139298055,"voiceSEIrank":30}},"twitter":{"non_scoped":{"SEI":3.7598244549852087,"SEIadj":61.50392978199408,"SEIrank":40,"audienceSEI":2.6194988492997773,"audienceSEIadj":61.04779953971991,"audienceSEIrank":48,"engagementSEI":2.119061520320902,"engagementSEIadj":60.84762460812836,"engagementSEIrank":41,"voiceSEI":7.421458859542302,"voiceSEIadj":62.96858354381692,"voiceSEIrank":32},"scoped":{"SEI":15.597292462576618,"SEIadj":66.23891698503064,"SEIrank":29,"audienceSEI":12.725229090160278,"audienceSEIadj":65.09009163606412,"audienceSEIrank":38,"engagementSEI":12.789781590163658,"engagementSEIadj":65.11591263606546,"engagementSEIrank":33,"voiceSEI":22.169668664874653,"voiceSEIadj":68.86786746594986,"voiceSEIrank":24}},"instagram":{"non_scoped":{"SEI":0,"SEIadj":0,"SEIrank":52,"audienceSEI":0,"audienceSEIadj":0,"audienceSEIrank":52,"engagementSEI":0,"engagementSEIadj":0,"engagementSEIrank":50,"voiceSEI":0,"voiceSEIadj":0,"voiceSEIrank":50},"scoped":{"SEI":0,"SEIadj":0,"SEIrank":47,"audienceSEI":0,"audienceSEIadj":0,"audienceSEIrank":47,"engagementSEI":0,"engagementSEIadj":0,"engagementSEIrank":45,"voiceSEI":0,"voiceSEIadj":0,"voiceSEIrank":45}},"influence":{"instagram":{"scope":"individual","ratio":0,"calculated":false},"combined":{"ratio":0.92,"bottom":false,"scope":"individual","calculated":true},"facebook":{"ratio":1.13,"bottom":false,"scope":"individual","calculated":true},"twitter":{"ratio":1.33,"bottom":false,"scope":"individual","calculated":true}},"charisma":{"instagram":{"scope":"individual","ratio":0,"calculated":false},"combined":{"ratio":0.74,"bottom":false,"scope":"individual","calculated":true},"facebook":{"ratio":1.06,"bottom":false,"scope":"individual","calculated":true},"twitter":{"ratio":0.97,"bottom":false,"scope":"individual","calculated":true}}},"scope":"individual"}}