{"scoreEntityString":"591d1494ab33fb0001804f89.asset.53c070e7b4e50eb276dac8ab","timeQuantum":4995834,"scoreEntityType":"asset","scoreProfileID":"591d1494ab33fb0001804f89","data":{"scoreEntityString":"591d1494ab33fb0001804f89.asset.53c070e7b4e50eb276dac8ab","scoreProfileID":"591d1494ab33fb0001804f89","scoreEntityType":"asset","entityID":"asset.53c070e7b4e50eb276dac8ab","object_version":"1.2","score_engine_version":"3.0.20","timestamp":4995834,"start_quantum":4969914,"end_quantum":4995833,"schedule_options":{"interval":15,"offset":"1"},"_15min":{"boundaryQuantum":4995831,"combined":{"entityString":"53c070e7b4e50eb276dac8ab","type":"combined","profiles":2,"postsMade":0,"repliesMade":0,"repliesRcvd":0,"sharesMade":0,"sharesRcvd":0,"mentionsRcvd":0,"likesRcvd":0,"reachRcvd":0,"audience":1026,"voice":0,"conversation":0,"engagement":0,"group_scoped":{"audienceScore":0.06775779165073434,"voiceScore":0,"engagementScore":0,"combinedScore":0.06775779165073434,"engagementSEI":0,"engagementSEIadj":0,"voiceSEI":0,"voiceSEIadj":0,"audienceSEI":0.15758093301428058,"audienceSEIadj":0.15758093301428058,"SEI":0.01575809330142806,"SEIadj":0.01575809330142806,"combinedScoreRank":220,"SEIrank":216,"engagementSEIrank":145,"voiceSEIrank":141,"audienceSEIrank":216},"non_scoped":{"SEI":0.004030911512456145,"SEIrank":221,"SEIadj":0,"audienceSEI":0.04030911512456145,"audienceSEIadj":0,"audienceSEIrank":221,"audienceScore":0.007427716589609537,"combinedScore":0.0003713858294804769,"combinedScoreRank":221,"engagementSEI":0,"engagementSEIadj":0,"engagementSEIrank":145,"engagementScore":0,"voiceSEI":0,"voiceSEIadj":0,"voiceSEIrank":141,"voiceScore":0},"scoped":{"SEI":0.05262402035205778,"SEIrank":199,"SEIadj":0,"audienceSEI":0.5262402035205778,"audienceSEIadj":0,"audienceSEIrank":199,"audienceScore":0.021324474323649405,"combinedScore":0.0010662237161824704,"combinedScoreRank":199,"engagementSEI":0,"engagementSEIadj":0,"engagementSEIrank":130,"engagementScore":0,"voiceSEI":0,"voiceSEIadj":0,"voiceSEIrank":128,"voiceScore":0}},"facebook":{"entityString":"53c070e7b4e50eb276dac8ab","type":"facebook","profiles":1,"postsMade":0,"repliesMade":0,"repliesRcvd":0,"sharesMade":0,"sharesRcvd":0,"mentionsRcvd":0,"likesRcvd":0,"reachRcvd":0,"audience":327,"voice":0,"conversation":0,"engagement":0,"group_scoped":{"audienceScore":0.03145609998229993,"voiceScore":0,"engagementScore":0,"combinedScore":0.03145609998229993,"engagementSEI":0,"engagementSEIadj":0,"voiceSEI":0,"voiceSEIadj":0,"audienceSEI":0.06013959005765677,"audienceSEIadj":0.06013959005765677,"SEI":0.006013959005765677,"SEIadj":0.006013959005765677,"combinedScoreRank":164,"SEIrank":164,"engagementSEIrank":144,"voiceSEIrank":141,"audienceSEIrank":164},"non_scoped":{"SEI":0.001760964426903013,"SEIrank":166,"SEIadj":0,"audienceSEI":0.01760964426903013,"audienceSEIadj":0,"audienceSEIrank":166,"audienceScore":0.003358532943510708,"combinedScore":0.0001679266471755354,"combinedScoreRank":166,"engagementSEI":0,"engagementSEIadj":0,"engagementSEIrank":144,"engagementScore":0,"voiceSEI":0,"voiceSEIadj":0,"voiceSEIrank":141,"voiceScore":0},"scoped":{"SEI":0.02244614983319834,"SEIrank":151,"SEIadj":0,"audienceSEI":0.22446149833198337,"audienceSEIadj":0,"audienceSEIrank":151,"audienceScore":0.013767441390486319,"combinedScore":0.000688372069524316,"combinedScoreRank":151,"engagementSEI":0,"engagementSEIadj":0,"engagementSEIrank":129,"engagementScore":0,"voiceSEI":0,"voiceSEIadj":0,"voiceSEIrank":128,"voiceScore":0}},"twitter":{"entityString":"53c070e7b4e50eb276dac8ab","type":"twitter","profiles":1,"postsMade":0,"repliesMade":0,"repliesRcvd":0,"sharesMade":0,"sharesRcvd":0,"mentionsRcvd":0,"likesRcvd":0,"reachRcvd":0,"audience":699,"voice":0,"conversation":0,"engagement":0,"group_scoped":{"audienceScore":0.16464065234442166,"voiceScore":0,"engagementScore":0,"combinedScore":0.16464065234442166,"engagementSEI":0,"engagementSEIadj":0,"voiceSEI":0,"voiceSEIadj":0,"audienceSEI":0.5997528915125099,"audienceSEIadj":0.5997528915125099,"SEI":0.05997528915125099,"SEIadj":0.05997528915125099,"combinedScoreRank":220,"SEIrank":218,"engagementSEIrank":142,"voiceSEIrank":141,"audienceSEIrank":218},"non_scoped":{"SEI":0.01234596248169742,"SEIrank":221,"SEIadj":0,"audienceSEI":0.1234596248169742,"audienceSEIadj":0,"audienceSEIrank":221,"audienceScore":0.02004222917758619,"combinedScore":0.0010021114588793095,"combinedScoreRank":221,"engagementSEI":0,"engagementSEIadj":0,"engagementSEIrank":142,"engagementScore":0,"voiceSEI":0,"voiceSEIadj":0,"voiceSEIrank":141,"voiceScore":0},"scoped":{"SEI":0.05997528915125099,"SEIrank":199,"SEIadj":0,"audienceSEI":0.5997528915125099,"audienceSEIadj":0,"audienceSEIrank":199,"audienceScore":0.0317474159238498,"combinedScore":0.004535345131978543,"combinedScoreRank":199,"engagementSEI":0,"engagementSEIadj":0,"engagementSEIrank":129,"engagementScore":0,"voiceSEI":0,"voiceSEIadj":0,"voiceSEIrank":128,"voiceScore":0}},"instagram":{"entityString":"53c070e7b4e50eb276dac8ab","type":"instagram","profiles":0,"postsMade":0,"repliesMade":0,"repliesRcvd":0,"sharesMade":0,"sharesRcvd":0,"mentionsRcvd":0,"likesRcvd":0,"reachRcvd":0,"audience":0,"voice":0,"conversation":0,"engagement":0,"group_scoped":{"audienceScore":0,"voiceScore":0,"engagementScore":0,"combinedScore":0,"engagementSEI":0,"engagementSEIadj":0,"voiceSEI":0,"voiceSEIadj":0,"audienceSEI":0,"audienceSEIadj":0,"SEI":0,"SEIadj":0,"combinedScoreRank":161,"SEIrank":142,"engagementSEIrank":142,"voiceSEIrank":141,"audienceSEIrank":142},"non_scoped":{"SEI":0,"SEIrank":142,"SEIadj":0,"audienceSEI":0,"audienceSEIadj":0,"audienceSEIrank":142,"audienceScore":0,"combinedScore":0,"combinedScoreRank":142,"engagementSEI":0,"engagementSEIadj":0,"engagementSEIrank":142,"engagementScore":0,"voiceSEI":0,"voiceSEIadj":0,"voiceSEIrank":141,"voiceScore":0},"scoped":{"SEI":0,"SEIrank":128,"SEIadj":0,"audienceSEI":0,"audienceSEIadj":0,"audienceSEIrank":128,"audienceScore":0,"combinedScore":0,"combinedScoreRank":128,"engagementSEI":0,"engagementSEIadj":0,"engagementSEIrank":128,"engagementScore":0,"voiceSEI":0,"voiceSEIadj":0,"voiceSEIrank":128,"voiceScore":0}}},"hour":{"boundaryQuantum":4995822,"combined":{"entityString":"53c070e7b4e50eb276dac8ab","type":"combined","profiles":2,"postsMade":0,"repliesMade":0,"repliesRcvd":0,"sharesMade":0,"sharesRcvd":0,"mentionsRcvd":0,"likesRcvd":0,"reachRcvd":0,"audience":1026,"voice":0,"conversation":0,"engagement":0,"group_scoped":{"audienceScore":0.06775779165073434,"voiceScore":0,"engagementScore":0,"combinedScore":0.06775779165073434,"combinedScoreRank":220,"SEIrank":216,"engagementSEIrank":163,"voiceSEIrank":147,"audienceSEIrank":216,"engagementSEI":0,"engagementSEIadj":0,"voiceSEI":0,"voiceSEIadj":0,"audienceSEI":0.15758093301428058,"audienceSEIadj":0.15758093301428058,"SEI":0.01575809330142806,"SEIadj":0.01575809330142806},"non_scoped":{"SEI":0.004030911512456145,"SEIrank":221,"SEIadj":0,"audienceSEI":0.04030911512456145,"audienceSEIadj":0,"audienceSEIrank":221,"audienceScore":0.007427716589609537,"combinedScore":0.0003713858294804769,"combinedScoreRank":221,"engagementSEI":0,"engagementSEIadj":0,"engagementSEIrank":163,"engagementScore":0,"voiceSEI":0,"voiceSEIadj":0,"voiceSEIrank":147,"voiceScore":0},"scoped":{"SEI":0.05262402035205778,"SEIrank":199,"SEIadj":0,"audienceSEI":0.5262402035205778,"audienceSEIadj":0,"audienceSEIrank":199,"audienceScore":0.021324474323649405,"combinedScore":0.0010662237161824704,"combinedScoreRank":199,"engagementSEI":0,"engagementSEIadj":0,"engagementSEIrank":147,"engagementScore":0,"voiceSEI":0,"voiceSEIadj":0,"voiceSEIrank":132,"voiceScore":0}},"facebook":{"entityString":"53c070e7b4e50eb276dac8ab","type":"facebook","profiles":1,"postsMade":0,"repliesMade":0,"repliesRcvd":0,"sharesMade":0,"sharesRcvd":0,"mentionsRcvd":0,"likesRcvd":0,"reachRcvd":0,"audience":327,"voice":0,"conversation":0,"engagement":0,"group_scoped":{"audienceScore":0.03145609998229993,"voiceScore":0,"engagementScore":0,"combinedScore":0.03145609998229993,"combinedScoreRank":164,"SEIrank":164,"engagementSEIrank":158,"voiceSEIrank":145,"audienceSEIrank":164,"engagementSEI":0,"engagementSEIadj":0,"voiceSEI":0,"voiceSEIadj":0,"audienceSEI":0.06013959005765677,"audienceSEIadj":0.06013959005765677,"SEI":0.006013959005765677,"SEIadj":0.006013959005765677},"non_scoped":{"SEI":0.001760964426903013,"SEIrank":166,"SEIadj":0,"audienceSEI":0.01760964426903013,"audienceSEIadj":0,"audienceSEIrank":166,"audienceScore":0.003358532943510708,"combinedScore":0.0001679266471755354,"combinedScoreRank":166,"engagementSEI":0,"engagementSEIadj":0,"engagementSEIrank":158,"engagementScore":0,"voiceSEI":0,"voiceSEIadj":0,"voiceSEIrank":145,"voiceScore":0},"scoped":{"SEI":0.02244614983319834,"SEIrank":151,"SEIadj":0,"audienceSEI":0.22446149833198337,"audienceSEIadj":0,"audienceSEIrank":151,"audienceScore":0.013767441390486319,"combinedScore":0.000688372069524316,"combinedScoreRank":151,"engagementSEI":0,"engagementSEIadj":0,"engagementSEIrank":142,"engagementScore":0,"voiceSEI":0,"voiceSEIadj":0,"voiceSEIrank":130,"voiceScore":0}},"twitter":{"entityString":"53c070e7b4e50eb276dac8ab","type":"twitter","profiles":1,"postsMade":0,"repliesMade":0,"repliesRcvd":0,"sharesMade":0,"sharesRcvd":0,"mentionsRcvd":0,"likesRcvd":0,"reachRcvd":0,"audience":699,"voice":0,"conversation":0,"engagement":0,"group_scoped":{"audienceScore":0.16464065234442166,"voiceScore":0,"engagementScore":0,"combinedScore":0.16464065234442166,"combinedScoreRank":220,"SEIrank":218,"engagementSEIrank":150,"voiceSEIrank":146,"audienceSEIrank":218,"engagementSEI":0,"engagementSEIadj":0,"voiceSEI":0,"voiceSEIadj":0,"audienceSEI":0.5997528915125099,"audienceSEIadj":0.5997528915125099,"SEI":0.05997528915125099,"SEIadj":0.05997528915125099},"non_scoped":{"SEI":0.01234596248169742,"SEIrank":221,"SEIadj":0,"audienceSEI":0.1234596248169742,"audienceSEIadj":0,"audienceSEIrank":221,"audienceScore":0.02004222917758619,"combinedScore":0.0010021114588793095,"combinedScoreRank":221,"engagementSEI":0,"engagementSEIadj":0,"engagementSEIrank":150,"engagementScore":0,"voiceSEI":0,"voiceSEIadj":0,"voiceSEIrank":146,"voiceScore":0},"scoped":{"SEI":0.05997528915125099,"SEIrank":199,"SEIadj":0,"audienceSEI":0.5997528915125099,"audienceSEIadj":0,"audienceSEIrank":199,"audienceScore":0.0317474159238498,"combinedScore":0.0015873707961924903,"combinedScoreRank":199,"engagementSEI":0,"engagementSEIadj":0,"engagementSEIrank":134,"engagementScore":0,"voiceSEI":0,"voiceSEIadj":0,"voiceSEIrank":131,"voiceScore":0}},"instagram":{"entityString":"53c070e7b4e50eb276dac8ab","type":"instagram","profiles":0,"postsMade":0,"repliesMade":0,"repliesRcvd":0,"sharesMade":0,"sharesRcvd":0,"mentionsRcvd":0,"likesRcvd":0,"reachRcvd":0,"audience":0,"voice":0,"conversation":0,"engagement":0,"group_scoped":{"audienceScore":0,"voiceScore":0,"engagementScore":0,"combinedScore":0,"combinedScoreRank":161,"SEIrank":142,"engagementSEIrank":142,"voiceSEIrank":141,"audienceSEIrank":142,"engagementSEI":0,"engagementSEIadj":0,"voiceSEI":0,"voiceSEIadj":0,"audienceSEI":0,"audienceSEIadj":0,"SEI":0,"SEIadj":0},"non_scoped":{"SEI":0,"SEIrank":142,"SEIadj":0,"audienceSEI":0,"audienceSEIadj":0,"audienceSEIrank":142,"audienceScore":0,"combinedScore":0,"combinedScoreRank":142,"engagementSEI":0,"engagementSEIadj":0,"engagementSEIrank":142,"engagementScore":0,"voiceSEI":0,"voiceSEIadj":0,"voiceSEIrank":141,"voiceScore":0},"scoped":{"SEI":0,"SEIrank":128,"SEIadj":0,"audienceSEI":0,"audienceSEIadj":0,"audienceSEIrank":128,"audienceScore":0,"combinedScore":0,"combinedScoreRank":128,"engagementSEI":0,"engagementSEIadj":0,"engagementSEIrank":128,"engagementScore":0,"voiceSEI":0,"voiceSEIadj":0,"voiceSEIrank":128,"voiceScore":0}}},"today":{"boundaryQuantum":4995546,"combined":{"entityString":"53c070e7b4e50eb276dac8ab","type":"combined","profiles":2,"postsMade":5,"repliesMade":0,"repliesRcvd":0,"sharesMade":0,"sharesRcvd":1,"mentionsRcvd":0,"likesRcvd":5,"reachRcvd":0,"audience":1026,"voice":5,"conversation":5,"engagement":6,"group_scoped":{"audienceScore":0.06775779165073434,"voiceScore":2.512562814070352,"engagementScore":0.018560336560769636,"combinedScore":0.145720333190747,"combinedScoreRank":157,"SEIrank":67,"engagementSEIrank":129,"voiceSEIrank":43,"audienceSEIrank":216,"engagementSEI":0.02232890476722117,"engagementSEIadj":0.02232890476722117,"voiceSEI":4.807692307692308,"voiceSEIadj":4.807692307692308,"audienceSEI":0.15758093301428058,"audienceSEIadj":0.15758093301428058,"SEI":1.4714631284694533,"SEIadj":1.4714631284694533},"non_scoped":{"SEI":1.0350866340128062,"SEIrank":59,"SEIadj":0,"audienceSEI":0.04030911512456145,"audienceSEIadj":0,"audienceSEIrank":221,"audienceScore":0.007427716589609537,"combinedScore":0.019826553476377268,"combinedScoreRank":108,"engagementSEI":0.006097437043962521,"engagementSEIadj":0,"engagementSEIrank":132,"engagementScore":0.0022324999906979167,"voiceSEI":3.4246575342465753,"voiceSEIadj":0,"voiceSEIrank":47,"voiceScore":0.34891835310537334},"scoped":{"SEI":5.798153190683339,"SEIrank":77,"SEIadj":0,"audienceSEI":0.5262402035205778,"audienceSEIadj":0,"audienceSEIrank":199,"audienceScore":0.021324474323649405,"combinedScore":0.06431895518567896,"combinedScoreRank":111,"engagementSEI":0.31662269129287596,"engagementSEIadj":0,"engagementSEIrank":120,"engagementScore":0.024818001323626736,"voiceSEI":18.51851851851852,"voiceSEIadj":0,"voiceSEIrank":38,"voiceScore":0.8183306055646482}},"facebook":{"entityString":"53c070e7b4e50eb276dac8ab","type":"facebook","profiles":1,"postsMade":1,"repliesMade":0,"repliesRcvd":0,"sharesMade":0,"sharesRcvd":0,"mentionsRcvd":0,"likesRcvd":3,"reachRcvd":0,"audience":327,"voice":1,"conversation":1,"engagement":3,"group_scoped":{"audienceScore":0.03145609998229993,"voiceScore":1.1904761904761905,"engagementScore":0.009947939118612595,"combinedScore":0.07004975972967586,"combinedScoreRank":156,"SEIrank":70,"engagementSEIrank":83,"voiceSEIrank":53,"audienceSEIrank":164,"engagementSEI":0.011897208121827412,"engagementSEIadj":0.011897208121827412,"voiceSEI":2.2222222222222223,"voiceSEIadj":2.2222222222222223,"audienceSEI":0.06013959005765677,"audienceSEIadj":0.06013959005765677,"SEI":0.6798189505455287,"SEIadj":0.6798189505455287},"non_scoped":{"SEI":0.45842242301627634,"SEIrank":76,"SEIadj":0,"audienceSEI":0.01760964426903013,"audienceSEIadj":0,"audienceSEIrank":166,"audienceScore":0.003358532943510708,"combinedScore":0.011220314837777414,"combinedScoreRank":93,"engagementSEI":0.003526673406531399,"engagementSEIadj":0,"engagementSEIrank":87,"engagementScore":0.001301072517445214,"voiceSEI":1.5151515151515151,"voiceSEIadj":0,"voiceSEIrank":62,"voiceScore":0.1976284584980237},"scoped":{"SEI":2.6264923926077643,"SEIrank":75,"SEIadj":0,"audienceSEI":0.22446149833198337,"audienceSEIadj":0,"audienceSEIrank":151,"audienceScore":0.013767441390486319,"combinedScore":0.0460231360325034,"combinedScoreRank":86,"engagementSEI":0.17341040462427745,"engagementSEIadj":0,"engagementSEIrank":77,"engagementScore":0.016701926288831978,"voiceSEI":8.333333333333332,"voiceSEIadj":0,"voiceSEIrank":52,"voiceScore":0.6060606060606061}},"twitter":{"entityString":"53c070e7b4e50eb276dac8ab","type":"twitter","profiles":1,"postsMade":4,"repliesMade":0,"repliesRcvd":0,"sharesMade":0,"sharesRcvd":1,"mentionsRcvd":0,"likesRcvd":2,"reachRcvd":0,"audience":699,"voice":4,"conversation":4,"engagement":3,"group_scoped":{"audienceScore":0.16464065234442166,"voiceScore":3.6036036036036037,"engagementScore":0.4037685060565276,"combinedScore":0.5518038682482761,"combinedScoreRank":164,"SEIrank":82,"engagementSEIrank":103,"voiceSEIrank":46,"audienceSEIrank":218,"engagementSEI":1.3157894736842104,"engagementSEIadj":1.3157894736842104,"voiceSEI":7.2727272727272725,"voiceSEIadj":7.2727272727272725,"audienceSEI":0.5997528915125099,"audienceSEIadj":0.5997528915125099,"SEI":3.031267155179959,"SEIadj":3.031267155179959},"non_scoped":{"SEI":1.4480816474165683,"SEIrank":73,"SEIadj":0,"audienceSEI":0.1234596248169742,"audienceSEIadj":0,"audienceSEIrank":221,"audienceScore":0.02004222917758619,"combinedScore":0.05504401942404803,"combinedScoreRank":123,"engagementSEI":0.1457017969888295,"engagementSEIadj":0,"engagementSEIrank":126,"engagementScore":0.03485130111524164,"voiceSEI":4.49438202247191,"voiceSEIadj":0,"voiceSEIrank":48,"voiceScore":0.45351473922902497},"scoped":{"SEI":5.915664465839502,"SEIrank":72,"SEIadj":0,"audienceSEI":0.5997528915125099,"audienceSEIadj":0,"audienceSEIrank":199,"audienceScore":0.0317474159238498,"combinedScore":0.11411953982022337,"combinedScoreRank":108,"engagementSEI":1.0638297872340425,"engagementSEIadj":0,"engagementSEIrank":115,"engagementScore":0.0741839762611276,"voiceSEI":17.391304347826086,"voiceSEIadj":0,"voiceSEIrank":39,"voiceScore":0.9153318077803204}},"instagram":{"entityString":"53c070e7b4e50eb276dac8ab","type":"instagram","profiles":0,"postsMade":0,"repliesMade":0,"repliesRcvd":0,"sharesMade":0,"sharesRcvd":0,"mentionsRcvd":0,"likesRcvd":0,"reachRcvd":0,"audience":0,"voice":0,"conversation":0,"engagement":0,"group_scoped":{"audienceScore":0,"voiceScore":0,"engagementScore":0,"combinedScore":0,"combinedScoreRank":161,"SEIrank":142,"engagementSEIrank":142,"voiceSEIrank":142,"audienceSEIrank":142,"engagementSEI":0,"engagementSEIadj":0,"voiceSEI":0,"voiceSEIadj":0,"audienceSEI":0,"audienceSEIadj":0,"SEI":0,"SEIadj":0},"non_scoped":{"SEI":0,"SEIrank":142,"SEIadj":0,"audienceSEI":0,"audienceSEIadj":0,"audienceSEIrank":142,"audienceScore":0,"combinedScore":0,"combinedScoreRank":142,"engagementSEI":0,"engagementSEIadj":0,"engagementSEIrank":142,"engagementScore":0,"voiceSEI":0,"voiceSEIadj":0,"voiceSEIrank":142,"voiceScore":0},"scoped":{"SEI":0,"SEIrank":128,"SEIadj":0,"audienceSEI":0,"audienceSEIadj":0,"audienceSEIrank":128,"audienceScore":0,"combinedScore":0,"combinedScoreRank":128,"engagementSEI":0,"engagementSEIadj":0,"engagementSEIrank":128,"engagementScore":0,"voiceSEI":0,"voiceSEIadj":0,"voiceSEIrank":128,"voiceScore":0}}},"week":{"boundaryQuantum":4993818,"combined":{"entityString":"53c070e7b4e50eb276dac8ab","type":"combined","profiles":2,"postsMade":41,"repliesMade":0,"repliesRcvd":0,"sharesMade":0,"sharesRcvd":5,"mentionsRcvd":0,"likesRcvd":39,"reachRcvd":0,"audience":1026,"voice":41,"conversation":41,"engagement":44,"group_scoped":{"audienceScore":0.06775779165073434,"voiceScore":3.346938775510204,"engagementScore":0.023599706076387957,"combinedScore":0.1919745638267961,"combinedScoreRank":127,"SEIrank":50,"engagementSEIrank":154,"voiceSEIrank":32,"audienceSEIrank":216,"engagementSEI":0.027503781769993376,"engagementSEIadj":0.027503781769993376,"voiceSEI":7.606679035250464,"voiceSEIadj":7.606679035250464,"audienceSEI":0.15758093301428058,"audienceSEIadj":0.15758093301428058,"SEI":2.314264072938563,"SEIadj":2.314264072938563},"non_scoped":{"SEI":1.4804132914220764,"SEIrank":43,"SEIadj":0,"audienceSEI":0.04030911512456145,"audienceSEIadj":0,"audienceSEIrank":221,"audienceScore":0.007427716589609537,"combinedScore":0.027060462914009157,"combinedScoreRank":102,"engagementSEI":0.005547479490085772,"engagementSEIadj":0,"engagementSEIrank":156,"engagementScore":0.002326662334139381,"voiceSEI":4.910179640718563,"voiceSEIadj":0,"voiceSEIrank":39,"voiceScore":0.49190161967606477},"scoped":{"SEI":5.51415832010925,"SEIrank":60,"SEIadj":0,"audienceSEI":0.5262402035205778,"audienceSEIadj":0,"audienceSEIrank":199,"audienceScore":0.021324474323649405,"combinedScore":0.07295940581178921,"combinedScoreRank":123,"engagementSEI":0.15059210075980559,"engagementSEIadj":0,"engagementSEIrank":144,"engagementScore":0.022040333810873898,"voiceSEI":17.903930131004365,"voiceSEIadj":0,"voiceSEIrank":30,"voiceScore":1.0411376333164044}},"facebook":{"entityString":"53c070e7b4e50eb276dac8ab","type":"facebook","profiles":1,"postsMade":14,"repliesMade":0,"repliesRcvd":0,"sharesMade":0,"sharesRcvd":0,"mentionsRcvd":0,"likesRcvd":15,"reachRcvd":0,"audience":327,"voice":14,"conversation":14,"engagement":15,"group_scoped":{"audienceScore":0.03145609998229993,"voiceScore":3.010752688172043,"engagementScore":0.008850758510004308,"combinedScore":0.16007612206672103,"combinedScoreRank":108,"SEIrank":40,"engagementSEIrank":111,"voiceSEIrank":22,"audienceSEIrank":164,"engagementSEI":0.010214921957996241,"engagementSEIadj":0.010214921957996241,"voiceSEI":6.11353711790393,"voiceSEIadj":6.11353711790393,"audienceSEI":0.06013959005765677,"audienceSEIadj":0.06013959005765677,"SEI":1.8462040475517423,"SEIadj":1.8462040475517423},"non_scoped":{"SEI":1.2419485662983019,"SEIrank":31,"SEIadj":0,"audienceSEI":0.01760964426903013,"audienceSEIadj":0,"audienceSEIrank":166,"audienceScore":0.003358532943510708,"combinedScore":0.024957381783831722,"combinedScoreRank":78,"engagementSEI":0.00208258129008969,"engagementSEIadj":0,"engagementSEIrank":114,"engagementScore":0.0009349516723480564,"voiceSEI":4.129793510324483,"voiceSEIadj":0,"voiceSEIrank":26,"voiceScore":0.4789599726308587},"scoped":{"SEI":5.364991136979728,"SEIrank":57,"SEIadj":0,"audienceSEI":0.22446149833198337,"audienceSEIadj":0,"audienceSEIrank":151,"audienceScore":0.013767441390486319,"combinedScore":0.08131326359593333,"combinedScoreRank":89,"engagementSEI":0.15424164524421594,"engagementSEIadj":0,"engagementSEIrank":104,"engagementScore":0.013330489495574279,"voiceSEI":17.5,"voiceSEIadj":0,"voiceSEIrank":18,"voiceScore":1.3725490196078431}},"twitter":{"entityString":"53c070e7b4e50eb276dac8ab","type":"twitter","profiles":1,"postsMade":27,"repliesMade":0,"repliesRcvd":0,"sharesMade":0,"sharesRcvd":5,"mentionsRcvd":0,"likesRcvd":24,"reachRcvd":0,"audience":699,"voice":27,"conversation":27,"engagement":29,"group_scoped":{"audienceScore":0.16464065234442166,"voiceScore":3.6684782608695654,"engagementScore":0.5747126436781609,"combinedScore":0.7088973249710442,"combinedScoreRank":138,"SEIrank":95,"engagementSEIrank":105,"voiceSEIrank":41,"audienceSEIrank":218,"engagementSEI":2.3887973640856672,"engagementSEIadj":2.3887973640856672,"voiceSEI":9.44055944055944,"voiceSEIadj":9.44055944055944,"audienceSEI":0.5997528915125099,"audienceSEIadj":0.5997528915125099,"SEI":4.325421539770483,"SEIadj":4.325421539770483},"non_scoped":{"SEI":1.8538084595153776,"SEIrank":74,"SEIadj":0,"audienceSEI":0.1234596248169742,"audienceSEIadj":0,"audienceSEIrank":221,"audienceScore":0.02004222917758619,"combinedScore":0.06955136071837878,"combinedScoreRank":120,"engagementSEI":0.22100289590001523,"engagementSEIadj":0,"engagementSEIrank":132,"engagementScore":0.04674252925437607,"voiceSEI":5.69620253164557,"voiceSEIadj":0,"voiceSEIrank":41,"voiceScore":0.5296194586112201},"scoped":{"SEI":5.47343682761279,"SEIrank":78,"SEIadj":0,"audienceSEI":0.5997528915125099,"audienceSEIadj":0,"audienceSEIrank":199,"audienceScore":0.0317474159238498,"combinedScore":0.1250276339641872,"combinedScoreRank":108,"engagementSEI":1.3519813519813522,"engagementSEIadj":0,"engagementSEIrank":120,"engagementScore":0.08418974626952332,"voiceSEI":15.340909090909092,"voiceSEIadj":0,"voiceSEIrank":32,"voiceScore":0.9533898305084746}},"instagram":{"entityString":"53c070e7b4e50eb276dac8ab","type":"instagram","profiles":0,"postsMade":0,"repliesMade":0,"repliesRcvd":0,"sharesMade":0,"sharesRcvd":0,"mentionsRcvd":0,"likesRcvd":0,"reachRcvd":0,"audience":0,"voice":0,"conversation":0,"engagement":0,"group_scoped":{"audienceScore":0,"voiceScore":0,"engagementScore":0,"combinedScore":0,"combinedScoreRank":161,"SEIrank":142,"engagementSEIrank":142,"voiceSEIrank":142,"audienceSEIrank":142,"engagementSEI":0,"engagementSEIadj":0,"voiceSEI":0,"voiceSEIadj":0,"audienceSEI":0,"audienceSEIadj":0,"SEI":0,"SEIadj":0},"non_scoped":{"SEI":0,"SEIrank":142,"SEIadj":0,"audienceSEI":0,"audienceSEIadj":0,"audienceSEIrank":142,"audienceScore":0,"combinedScore":0,"combinedScoreRank":142,"engagementSEI":0,"engagementSEIadj":0,"engagementSEIrank":142,"engagementScore":0,"voiceSEI":0,"voiceSEIadj":0,"voiceSEIrank":142,"voiceScore":0},"scoped":{"SEI":0,"SEIrank":128,"SEIadj":0,"audienceSEI":0,"audienceSEIadj":0,"audienceSEIrank":128,"audienceScore":0,"combinedScore":0,"combinedScoreRank":128,"engagementSEI":0,"engagementSEIadj":0,"engagementSEIrank":128,"engagementScore":0,"voiceSEI":0,"voiceSEIadj":0,"voiceSEIrank":128,"voiceScore":0}}},"month":{"boundaryQuantum":4987194,"combined":{"entityString":"53c070e7b4e50eb276dac8ab","type":"combined","profiles":2,"postsMade":215,"repliesMade":0,"repliesRcvd":3,"sharesMade":0,"sharesRcvd":23,"mentionsRcvd":0,"likesRcvd":167,"reachRcvd":0,"audience":1026,"voice":215,"conversation":218,"engagement":193,"group_scoped":{"audienceScore":0.06775779165073434,"voiceScore":3.7056187521544297,"engagementScore":0.019518154411861374,"combinedScore":0.20623516616093346,"combinedScoreRank":110,"SEIrank":43,"engagementSEIrank":173,"voiceSEIrank":28,"audienceSEIrank":216,"engagementSEI":0.022571990615665664,"engagementSEIadj":0.022571990615665664,"voiceSEI":8.793456032719837,"voiceSEIadj":8.793456032719837,"audienceSEI":0.15758093301428058,"audienceSEIadj":0.15758093301428058,"SEI":2.667338097486778,"SEIadj":2.667338097486778},"non_scoped":{"SEI":1.760881061026508,"SEIrank":36,"SEIadj":0,"audienceSEI":0.04030911512456145,"audienceSEIadj":0,"audienceSEIrank":221,"audienceScore":0.007427716589609537,"combinedScore":0.030571583402980863,"combinedScoreRank":101,"engagementSEI":0.005299460718090657,"engagementSEIadj":0,"engagementSEIrank":162,"engagementScore":0.002217042740678369,"voiceSEI":5.845568243610658,"voiceSEIadj":0,"voiceSEIrank":31,"voiceScore":0.5640971821377971},"scoped":{"SEI":6.853015755104782,"SEIrank":51,"SEIadj":0,"audienceSEI":0.5262402035205778,"audienceSEIadj":0,"audienceSEIrank":199,"audienceScore":0.021324474323649405,"combinedScore":0.08088561431890785,"combinedScoreRank":120,"engagementSEI":0.1593500499516996,"engagementSEIadj":0,"engagementSEIrank":149,"engagementScore":0.02271138652426353,"voiceSEI":22.34927234927235,"voiceSEIadj":0,"voiceSEIrank":22,"voiceScore":1.187582854617764}},"facebook":{"entityString":"53c070e7b4e50eb276dac8ab","type":"facebook","profiles":1,"postsMade":65,"repliesMade":0,"repliesRcvd":3,"sharesMade":0,"sharesRcvd":3,"mentionsRcvd":0,"likesRcvd":74,"reachRcvd":0,"audience":327,"voice":65,"conversation":68,"engagement":80,"group_scoped":{"audienceScore":0.03145609998229993,"voiceScore":2.9545454545454546,"engagementScore":0.008585238540852858,"combinedScore":0.15702679241315531,"combinedScoreRank":97,"SEIrank":36,"engagementSEIrank":126,"voiceSEIrank":23,"audienceSEIrank":164,"engagementSEI":0.009801447183676669,"engagementSEIadj":0.009801447183676669,"voiceSEI":6.196377502383222,"voiceSEIadj":6.196377502383222,"audienceSEI":0.06013959005765677,"audienceSEIadj":0.06013959005765677,"SEI":1.8708080780309384,"SEIadj":1.8708080780309384},"non_scoped":{"SEI":1.2903202796712019,"SEIrank":31,"SEIadj":0,"audienceSEI":0.01760964426903013,"audienceSEIadj":0,"audienceSEIrank":166,"audienceScore":0.003358532943510708,"combinedScore":0.025585580669275684,"combinedScoreRank":86,"engagementSEI":0.00238433728835281,"engagementSEIadj":0,"engagementSEIrank":122,"engagementScore":0.001059970198937857,"voiceSEI":4.29042904290429,"voiceSEIadj":0,"voiceSEIrank":26,"voiceScore":0.48927361686112153},"scoped":{"SEI":4.7610615549251305,"SEIrank":68,"SEIadj":0,"audienceSEI":0.22446149833198337,"audienceSEIadj":0,"audienceSEIrank":151,"audienceScore":0.013767441390486319,"combinedScore":0.08415217401348156,"combinedScoreRank":94,"engagementSEI":0.21447721179624668,"engagementSEIadj":0,"engagementSEIrank":112,"engagementScore":0.015444939755081868,"voiceSEI":15.36643026004728,"voiceSEIadj":0,"voiceSEIrank":18,"voiceScore":1.3912671232876712}},"twitter":{"entityString":"53c070e7b4e50eb276dac8ab","type":"twitter","profiles":1,"postsMade":150,"repliesMade":0,"repliesRcvd":0,"sharesMade":0,"sharesRcvd":20,"mentionsRcvd":0,"likesRcvd":93,"reachRcvd":0,"audience":699,"voice":150,"conversation":150,"engagement":113,"group_scoped":{"audienceScore":0.16464065234442166,"voiceScore":4.263786242183058,"engagementScore":0.4412166647143805,"combinedScore":0.6185163429693165,"combinedScoreRank":133,"SEIrank":84,"engagementSEIrank":119,"voiceSEIrank":33,"audienceSEIrank":218,"engagementSEI":1.515557939914163,"engagementSEIadj":1.515557939914163,"voiceSEI":11.432926829268293,"voiceSEIadj":11.432926829268293,"audienceSEI":0.5997528915125099,"audienceSEIadj":0.5997528915125099,"SEI":4.399188101880237,"SEIadj":4.399188101880237},"non_scoped":{"SEI":2.268518596382973,"SEIrank":58,"SEIadj":0,"audienceSEI":0.1234596248169742,"audienceSEIadj":0,"audienceSEIrank":221,"audienceScore":0.02004222917758619,"combinedScore":0.07008601803527095,"combinedScoreRank":130,"engagementSEI":0.18033545586569,"engagementSEIadj":0,"engagementSEIrank":141,"engagementScore":0.041496975861980326,"voiceSEI":7.159904534606206,"voiceSEIadj":0,"voiceSEIrank":33,"voiceScore":0.6347325660121869},"scoped":{"SEI":7.2241595550552455,"SEIrank":62,"SEIadj":0,"audienceSEI":0.5997528915125099,"audienceSEIadj":0,"audienceSEIrank":199,"audienceScore":0.0317474159238498,"combinedScore":0.13038087613832502,"combinedScoreRank":117,"engagementSEI":0.9914020003509388,"engagementSEIadj":0,"engagementSEIrank":128,"engagementScore":0.07953433701443582,"voiceSEI":21.897810218978105,"voiceSEIadj":0,"voiceSEIrank":24,"voiceScore":1.1442520405828056}},"instagram":{"entityString":"53c070e7b4e50eb276dac8ab","type":"instagram","profiles":0,"postsMade":0,"repliesMade":0,"repliesRcvd":0,"sharesMade":0,"sharesRcvd":0,"mentionsRcvd":0,"likesRcvd":0,"reachRcvd":0,"audience":0,"voice":0,"conversation":0,"engagement":0,"group_scoped":{"audienceScore":0,"voiceScore":0,"engagementScore":0,"combinedScore":0,"combinedScoreRank":161,"SEIrank":142,"engagementSEIrank":142,"voiceSEIrank":142,"audienceSEIrank":142,"engagementSEI":0,"engagementSEIadj":0,"voiceSEI":0,"voiceSEIadj":0,"audienceSEI":0,"audienceSEIadj":0,"SEI":0,"SEIadj":0},"non_scoped":{"SEI":0,"SEIrank":142,"SEIadj":0,"audienceSEI":0,"audienceSEIadj":0,"audienceSEIrank":142,"audienceScore":0,"combinedScore":0,"combinedScoreRank":142,"engagementSEI":0,"engagementSEIadj":0,"engagementSEIrank":142,"engagementScore":0,"voiceSEI":0,"voiceSEIadj":0,"voiceSEIrank":142,"voiceScore":0},"scoped":{"SEI":0,"SEIrank":128,"SEIadj":0,"audienceSEI":0,"audienceSEIadj":0,"audienceSEIrank":128,"audienceScore":0,"combinedScore":0,"combinedScoreRank":128,"engagementSEI":0,"engagementSEIadj":0,"engagementSEIrank":128,"engagementScore":0,"voiceSEI":0,"voiceSEIadj":0,"voiceSEIrank":128,"voiceScore":0}}},"quarter":{"boundaryQuantum":4969914,"combined":{"entityString":"53c070e7b4e50eb276dac8ab","type":"combined","profiles":2,"postsMade":716,"repliesMade":0,"repliesRcvd":16,"sharesMade":0,"sharesRcvd":71,"mentionsRcvd":0,"likesRcvd":430,"reachRcvd":0,"audience":1026,"voice":716,"conversation":732,"engagement":517,"group_scoped":{"audienceScore":0.06775779165073434,"voiceScore":4.25102416434127,"engagementScore":0.01818263027749085,"combinedScore":0.232303465049342,"combinedScoreRank":98,"SEIrank":38,"engagementSEIrank":175,"voiceSEIrank":18,"audienceSEIrank":216,"engagementSEI":0.02067676615377355,"engagementSEIadj":0.02067676615377355,"voiceSEI":10.27112322478841,"voiceSEIadj":10.27112322478841,"audienceSEI":0.15758093301428058,"audienceSEIadj":0.15758093301428058,"SEI":3.1095011204302145,"SEIadj":3.1095011204302145},"non_scoped":{"SEI":2.013293456654484,"SEIrank":34,"SEIadj":0,"audienceSEI":0.04030911512456145,"audienceSEIadj":0,"audienceSEIrank":221,"audienceScore":0.007427716589609537,"combinedScore":0.03416994059265475,"combinedScoreRank":88,"engagementSEI":0.004539241124927554,"engagementSEIadj":0,"engagementSEIrank":168,"engagementScore":0.0018688913100530446,"voiceSEI":6.688463334890238,"voiceSEIadj":0,"voiceSEIrank":26,"voiceScore":0.6423310516825306},"scoped":{"SEI":8.051122936505495,"SEIrank":45,"SEIadj":0,"audienceSEI":0.5262402035205778,"audienceSEIadj":0,"audienceSEIrank":199,"audienceScore":0.021324474323649405,"combinedScore":0.08623918505686098,"combinedScoreRank":116,"engagementSEI":0.13510723646902334,"engagementSEIadj":0,"engagementSEIrank":155,"engagementScore":0.019039341835363092,"voiceSEI":26.391448580906747,"voiceSEIadj":0,"voiceSEIrank":18,"voiceScore":1.3607510737770345}},"facebook":{"entityString":"53c070e7b4e50eb276dac8ab","type":"facebook","profiles":1,"postsMade":184,"repliesMade":0,"repliesRcvd":16,"sharesMade":0,"sharesRcvd":14,"mentionsRcvd":0,"likesRcvd":194,"reachRcvd":0,"audience":327,"voice":184,"conversation":200,"engagement":224,"group_scoped":{"audienceScore":0.03145609998229993,"voiceScore":3.000163052339801,"engagementScore":0.008243637770140146,"combinedScore":0.1590002316092312,"combinedScoreRank":92,"SEIrank":38,"engagementSEIrank":133,"voiceSEIrank":22,"audienceSEIrank":164,"engagementSEI":0.009248173072953222,"engagementSEIadj":0.009248173072953222,"voiceSEI":6.119055537080147,"voiceSEIadj":6.119055537080147,"audienceSEI":0.06013959005765677,"audienceSEIadj":0.06013959005765677,"SEI":1.8472795239735817,"SEIadj":1.8472795239735817},"non_scoped":{"SEI":1.2108933379369164,"SEIrank":37,"SEIadj":0,"audienceSEI":0.01760964426903013,"audienceSEIadj":0,"audienceSEIrank":166,"audienceScore":0.003358532943510708,"combinedScore":0.024022055069375072,"combinedScoreRank":86,"engagementSEI":0.0020915196720497154,"engagementSEIadj":0,"engagementSEIrank":129,"engagementScore":0.0009138443088346632,"voiceSEI":4.026258205689278,"voiceSEIadj":0,"voiceSEIrank":30,"voiceScore":0.4606333708849668},"scoped":{"SEI":6.03636771623832,"SEIrank":65,"SEIadj":0,"audienceSEI":0.22446149833198337,"audienceSEIadj":0,"audienceSEIrank":151,"audienceScore":0.013767441390486319,"combinedScore":0.07639097477071108,"combinedScoreRank":98,"engagementSEI":0.19414278161537193,"engagementSEIadj":0,"engagementSEIrank":118,"engagementScore":0.012634930053816905,"voiceSEI":19.65811965811966,"voiceSEIadj":0,"voiceSEIrank":22,"voiceScore":1.286623313055031}},"twitter":{"entityString":"53c070e7b4e50eb276dac8ab","type":"twitter","profiles":1,"postsMade":532,"repliesMade":0,"repliesRcvd":0,"sharesMade":0,"sharesRcvd":57,"mentionsRcvd":0,"likesRcvd":236,"reachRcvd":0,"audience":699,"voice":532,"conversation":532,"engagement":293,"group_scoped":{"audienceScore":0.16464065234442166,"voiceScore":5.041220506017247,"engagementScore":0.4191282704164104,"combinedScore":0.6375085012928527,"combinedScoreRank":128,"SEIrank":74,"engagementSEIrank":128,"voiceSEIrank":25,"audienceSEIrank":218,"engagementSEI":1.327473722363175,"engagementSEIadj":1.327473722363175,"voiceSEI":13.974257945889152,"voiceSEIadj":13.974257945889152,"audienceSEI":0.5997528915125099,"audienceSEIadj":0.5997528915125099,"SEI":5.048736906335901,"SEIadj":5.048736906335901},"non_scoped":{"SEI":2.770119967090734,"SEIrank":50,"SEIadj":0,"audienceSEI":0.1234596248169742,"audienceSEIadj":0,"audienceSEIrank":221,"audienceScore":0.02004222917758619,"combinedScore":0.07320048421683151,"combinedScoreRank":129,"engagementSEI":0.15851890324395682,"engagementSEIadj":0,"engagementSEIrank":149,"engagementScore":0.037201105621937736,"voiceSEI":8.875542208875542,"voiceSEIadj":0,"voiceSEIrank":28,"voiceScore":0.7743475539641647},"scoped":{"SEI":9.092569125985502,"SEIrank":50,"SEIadj":0,"audienceSEI":0.5997528915125099,"audienceSEIadj":0,"audienceSEIrank":199,"audienceScore":0.0317474159238498,"combinedScore":0.13891805307659216,"combinedScoreRank":118,"engagementSEI":0.9653400105429626,"engagementSEIadj":0,"engagementSEIrank":136,"engagementScore":0.07388187473365963,"voiceSEI":28.177966101694917,"voiceSEIadj":0,"voiceSEIrank":19,"voiceScore":1.4167399004021197}},"instagram":{"entityString":"53c070e7b4e50eb276dac8ab","type":"instagram","profiles":0,"postsMade":0,"repliesMade":0,"repliesRcvd":0,"sharesMade":0,"sharesRcvd":0,"mentionsRcvd":0,"likesRcvd":0,"reachRcvd":0,"audience":0,"voice":0,"conversation":0,"engagement":0,"group_scoped":{"audienceScore":0,"voiceScore":0,"engagementScore":0,"combinedScore":0,"combinedScoreRank":161,"SEIrank":142,"engagementSEIrank":142,"voiceSEIrank":142,"audienceSEIrank":142,"engagementSEI":0,"engagementSEIadj":0,"voiceSEI":0,"voiceSEIadj":0,"audienceSEI":0,"audienceSEIadj":0,"SEI":0,"SEIadj":0},"non_scoped":{"SEI":0,"SEIrank":142,"SEIadj":0,"audienceSEI":0,"audienceSEIadj":0,"audienceSEIrank":142,"audienceScore":0,"combinedScore":0,"combinedScoreRank":142,"engagementSEI":0,"engagementSEIadj":0,"engagementSEIrank":142,"engagementScore":0,"voiceSEI":0,"voiceSEIadj":0,"voiceSEIrank":142,"voiceScore":0},"scoped":{"SEI":0,"SEIrank":128,"SEIadj":0,"audienceSEI":0,"audienceSEIadj":0,"audienceSEIrank":128,"audienceScore":0,"combinedScore":0,"combinedScoreRank":128,"engagementSEI":0,"engagementSEIadj":0,"engagementSEIrank":128,"engagementScore":0,"voiceSEI":0,"voiceSEIadj":0,"voiceSEIrank":128,"voiceScore":0}}},"blended":{"combined":{"non_scoped":{"SEI":1.7666572066084816,"SEIadj":60.70666288264339,"SEIrank":38,"audienceSEI":0.04030911512456145,"audienceSEIadj":20.032247292099647,"audienceSEIrank":221,"engagementSEI":0.005033655369401233,"engagementSEIadj":40.003020193221644,"engagementSEIrank":168,"voiceSEI":5.865353672914615,"voiceSEIadj":62.34614146916584,"voiceSEIrank":30},"scoped":{"SEI":8.31822843018491,"SEIadj":54.15911421509246,"SEIrank":94,"compCharisma":0,"compInfluence":3,"compEva":5.3182284301849085,"audienceSEI":0.5262402035205778,"audienceSEIadj":20.42099216281646,"audienceSEIrank":199,"engagementSEI":0.15246489051985207,"engagementSEIadj":40.09147893431191,"engagementSEIrank":156,"voiceSEI":22.845220108071462,"voiceSEIadj":69.13808804322858,"voiceSEIrank":22}},"facebook":{"non_scoped":{"SEI":1.194500401959443,"SEIadj":60.47780016078378,"SEIrank":35,"audienceSEI":0.01760964426903013,"audienceSEIadj":40.010565786561415,"audienceSEIrank":166,"engagementSEI":0.002204518486631256,"engagementSEIadj":50.00110225924332,"engagementSEIrank":131,"voiceSEI":3.971389088135204,"voiceSEIadj":61.58855563525408,"voiceSEIrank":28},"scoped":{"SEI":5.473165052082236,"SEIadj":52.73658252604112,"SEIrank":64,"audienceSEI":0.22446149833198334,"audienceSEIadj":40.13467689899919,"audienceSEIrank":151,"engagementSEI":0.18418598638160164,"engagementSEIadj":50.0920929931908,"engagementSEIrank":120,"voiceSEI":17.80069103473359,"voiceSEIadj":67.12027641389344,"voiceSEIrank":21}},"twitter":{"non_scoped":{"SEI":2.3538843932282547,"SEIadj":60.9415537572913,"SEIrank":57,"audienceSEI":0.1234596248169742,"audienceSEIadj":20.09876769985358,"audienceSEIrank":221,"engagementSEI":0.17989572862127795,"engagementSEIadj":50.08994786431064,"engagementSEIrank":147,"voiceSEI":7.445336645245968,"voiceSEIadj":62.978134658098384,"voiceSEIrank":31},"scoped":{"SEI":7.56772276782685,"SEIadj":53.783861383913425,"SEIrank":66,"audienceSEI":0.5997528915125099,"audienceSEIadj":20.47980231321001,"audienceSEIrank":199,"engagementSEI":1.09016620028023,"engagementSEIadj":50.54508310014012,"engagementSEIrank":133,"voiceSEI":22.845492528358207,"voiceSEIadj":69.13819701134328,"voiceSEIrank":22}},"instagram":{"non_scoped":{"SEI":0,"SEIadj":0,"SEIrank":142,"audienceSEI":0,"audienceSEIadj":0,"audienceSEIrank":142,"engagementSEI":0,"engagementSEIadj":0,"engagementSEIrank":142,"voiceSEI":0,"voiceSEIadj":0,"voiceSEIrank":142},"scoped":{"SEI":0,"SEIadj":0,"SEIrank":128,"audienceSEI":0,"audienceSEIadj":0,"audienceSEIrank":128,"engagementSEI":0,"engagementSEIadj":0,"engagementSEIrank":128,"voiceSEI":0,"voiceSEIadj":0,"voiceSEIrank":128}},"influence":{"instagram":{"scope":"individual","ratio":0,"calculated":false},"combined":{"ratio":0.66,"bottom":true,"scope":"individual","calculated":true},"facebook":{"ratio":0.61,"bottom":true,"scope":"individual","calculated":true},"twitter":{"ratio":2,"bottom":true,"scope":"individual","calculated":true}},"charisma":{"instagram":{"scope":"individual","ratio":0,"calculated":false},"combined":{"ratio":0.01,"bottom":false,"scope":"individual","calculated":true},"facebook":{"ratio":0.01,"bottom":false,"scope":"individual","calculated":true},"twitter":{"ratio":0.06,"bottom":false,"scope":"individual","calculated":true}}},"scope":"individual"}}