{"scoreEntityString":"591d1494ab33fb0001804f89.asset.53c01db3b4e50eb276dac853","timeQuantum":4995834,"scoreEntityType":"asset","scoreProfileID":"591d1494ab33fb0001804f89","data":{"scoreEntityString":"591d1494ab33fb0001804f89.asset.53c01db3b4e50eb276dac853","scoreProfileID":"591d1494ab33fb0001804f89","scoreEntityType":"asset","entityID":"asset.53c01db3b4e50eb276dac853","object_version":"1.2","score_engine_version":"3.0.20","timestamp":4995834,"start_quantum":4969914,"end_quantum":4995833,"schedule_options":{"interval":15,"offset":"1"},"_15min":{"boundaryQuantum":4995831,"combined":{"entityString":"53c01db3b4e50eb276dac853","type":"combined","profiles":2,"postsMade":0,"repliesMade":0,"repliesRcvd":0,"sharesMade":0,"sharesRcvd":0,"mentionsRcvd":0,"likesRcvd":0,"reachRcvd":0,"audience":7188,"voice":0,"conversation":0,"engagement":0,"group_scoped":{"audienceScore":0.5063958186415376,"voiceScore":0,"engagementScore":0,"combinedScore":0.5063958186415376,"engagementSEI":0,"engagementSEIadj":0,"voiceSEI":0,"voiceSEIadj":0,"audienceSEI":0.7322290813519956,"audienceSEIadj":0.7322290813519956,"SEI":0.07322290813519956,"SEIadj":0.07322290813519956,"combinedScoreRank":128,"SEIrank":135,"engagementSEIrank":77,"voiceSEIrank":71,"audienceSEIrank":134},"non_scoped":{"SEI":0.028239953169137202,"SEIrank":143,"SEIadj":0,"audienceSEI":0.282399531691372,"audienceSEIadj":0,"audienceSEIrank":143,"audienceScore":0.052037453066387275,"combinedScore":0.0026018726533193638,"combinedScoreRank":143,"engagementSEI":0,"engagementSEIadj":0,"engagementSEIrank":77,"engagementScore":0,"voiceSEI":0,"voiceSEIadj":0,"voiceSEIrank":71,"voiceScore":0},"scoped":{"SEI":0.3686758852734808,"SEIrank":129,"SEIadj":0,"audienceSEI":3.6867588527348074,"audienceSEIadj":0,"audienceSEIrank":129,"audienceScore":0.1493960247937543,"combinedScore":0.007469801239687716,"combinedScoreRank":129,"engagementSEI":0,"engagementSEIadj":0,"engagementSEIrank":68,"engagementScore":0,"voiceSEI":0,"voiceSEIadj":0,"voiceSEIrank":65,"voiceScore":0}},"facebook":{"entityString":"53c01db3b4e50eb276dac853","type":"facebook","profiles":1,"postsMade":0,"repliesMade":0,"repliesRcvd":0,"sharesMade":0,"sharesRcvd":0,"mentionsRcvd":0,"likesRcvd":0,"reachRcvd":0,"audience":3543,"voice":0,"conversation":0,"engagement":0,"group_scoped":{"audienceScore":0.3303293223913493,"voiceScore":0,"engagementScore":0,"combinedScore":0.3303293223913493,"engagementSEI":0,"engagementSEIadj":0,"voiceSEI":0,"voiceSEIadj":0,"audienceSEI":0.4155612011513262,"audienceSEIadj":0.4155612011513262,"SEI":0.04155612011513263,"SEIadj":0.04155612011513263,"combinedScoreRank":110,"SEIrank":114,"engagementSEIrank":75,"voiceSEIrank":70,"audienceSEIrank":114},"non_scoped":{"SEI":0.019079807230939987,"SEIrank":120,"SEIadj":0,"audienceSEI":0.19079807230939985,"audienceSEIadj":0,"audienceSEIrank":120,"audienceScore":0.03638924225950593,"combinedScore":0.0018194621129752966,"combinedScoreRank":120,"engagementSEI":0,"engagementSEIadj":0,"engagementSEIrank":75,"engagementScore":0,"voiceSEI":0,"voiceSEIadj":0,"voiceSEIrank":70,"voiceScore":0},"scoped":{"SEI":0.24320094452300217,"SEIrank":106,"SEIadj":0,"audienceSEI":2.4320094452300216,"audienceSEIadj":0,"audienceSEIrank":106,"audienceScore":0.14916833286389306,"combinedScore":0.007458416643194653,"combinedScoreRank":106,"engagementSEI":0,"engagementSEIadj":0,"engagementSEIrank":66,"engagementScore":0,"voiceSEI":0,"voiceSEIadj":0,"voiceSEIrank":65,"voiceScore":0}},"twitter":{"entityString":"53c01db3b4e50eb276dac853","type":"twitter","profiles":1,"postsMade":0,"repliesMade":0,"repliesRcvd":0,"sharesMade":0,"sharesRcvd":0,"mentionsRcvd":0,"likesRcvd":0,"reachRcvd":0,"audience":3645,"voice":0,"conversation":0,"engagement":0,"group_scoped":{"audienceScore":1.0564206901948507,"voiceScore":0,"engagementScore":0,"combinedScore":1.0564206901948507,"engagementSEI":0,"engagementSEIadj":0,"voiceSEI":0,"voiceSEIadj":0,"audienceSEI":2.864800289230866,"audienceSEIadj":2.864800289230866,"SEI":0.2864800289230866,"SEIadj":0.2864800289230866,"combinedScoreRank":135,"SEIrank":138,"engagementSEIrank":72,"voiceSEIrank":71,"audienceSEIrank":137},"non_scoped":{"SEI":0.06437916058052517,"SEIrank":161,"SEIadj":0,"audienceSEI":0.6437916058052517,"audienceSEIadj":0,"audienceSEIrank":161,"audienceScore":0.10451205343676921,"combinedScore":0.005225602671838461,"combinedScoreRank":161,"engagementSEI":0,"engagementSEIadj":0,"engagementSEIrank":72,"engagementScore":0,"voiceSEI":0,"voiceSEIadj":0,"voiceSEIrank":71,"voiceScore":0},"scoped":{"SEI":0.31274667947969936,"SEIrank":145,"SEIadj":0,"audienceSEI":3.1274667947969936,"audienceSEIadj":0,"audienceSEIrank":145,"audienceScore":0.16554982981750005,"combinedScore":0.02364997568821429,"combinedScoreRank":145,"engagementSEI":0,"engagementSEIadj":0,"engagementSEIrank":66,"engagementScore":0,"voiceSEI":0,"voiceSEIadj":0,"voiceSEIrank":65,"voiceScore":0}},"instagram":{"entityString":"53c01db3b4e50eb276dac853","type":"instagram","profiles":0,"postsMade":0,"repliesMade":0,"repliesRcvd":0,"sharesMade":0,"sharesRcvd":0,"mentionsRcvd":0,"likesRcvd":0,"reachRcvd":0,"audience":0,"voice":0,"conversation":0,"engagement":0,"group_scoped":{"audienceScore":0,"voiceScore":0,"engagementScore":0,"combinedScore":0,"engagementSEI":0,"engagementSEIadj":0,"voiceSEI":0,"voiceSEIadj":0,"audienceSEI":0,"audienceSEIadj":0,"SEI":0,"SEIadj":0,"combinedScoreRank":132,"SEIrank":95,"engagementSEIrank":73,"voiceSEIrank":70,"audienceSEIrank":95},"non_scoped":{"SEI":0,"SEIrank":95,"SEIadj":0,"audienceSEI":0,"audienceSEIadj":0,"audienceSEIrank":95,"audienceScore":0,"combinedScore":0,"combinedScoreRank":95,"engagementSEI":0,"engagementSEIadj":0,"engagementSEIrank":73,"engagementScore":0,"voiceSEI":0,"voiceSEIadj":0,"voiceSEIrank":70,"voiceScore":0},"scoped":{"SEI":0,"SEIrank":87,"SEIadj":0,"audienceSEI":0,"audienceSEIadj":0,"audienceSEIrank":87,"audienceScore":0,"combinedScore":0,"combinedScoreRank":87,"engagementSEI":0,"engagementSEIadj":0,"engagementSEIrank":66,"engagementScore":0,"voiceSEI":0,"voiceSEIadj":0,"voiceSEIrank":65,"voiceScore":0}}},"hour":{"boundaryQuantum":4995822,"combined":{"entityString":"53c01db3b4e50eb276dac853","type":"combined","profiles":2,"postsMade":0,"repliesMade":0,"repliesRcvd":0,"sharesMade":0,"sharesRcvd":0,"mentionsRcvd":0,"likesRcvd":0,"reachRcvd":0,"audience":7188,"voice":0,"conversation":0,"engagement":0,"group_scoped":{"audienceScore":0.5063958186415376,"voiceScore":0,"engagementScore":0,"combinedScore":0.5063958186415376,"combinedScoreRank":114,"SEIrank":148,"engagementSEIrank":113,"voiceSEIrank":81,"audienceSEIrank":134,"engagementSEI":0,"engagementSEIadj":0,"voiceSEI":0,"voiceSEIadj":0,"audienceSEI":0.7322290813519956,"audienceSEIadj":0.7322290813519956,"SEI":0.07322290813519956,"SEIadj":0.07322290813519956},"non_scoped":{"SEI":0.028239953169137202,"SEIrank":151,"SEIadj":0,"audienceSEI":0.282399531691372,"audienceSEIadj":0,"audienceSEIrank":143,"audienceScore":0.052037453066387275,"combinedScore":0.0026018726533193638,"combinedScoreRank":151,"engagementSEI":0,"engagementSEIadj":0,"engagementSEIrank":113,"engagementScore":0,"voiceSEI":0,"voiceSEIadj":0,"voiceSEIrank":81,"voiceScore":0},"scoped":{"SEI":0.3686758852734808,"SEIrank":137,"SEIadj":0,"audienceSEI":3.6867588527348074,"audienceSEIadj":0,"audienceSEIrank":129,"audienceScore":0.1493960247937543,"combinedScore":0.007469801239687716,"combinedScoreRank":137,"engagementSEI":0,"engagementSEIadj":0,"engagementSEIrank":102,"engagementScore":0,"voiceSEI":0,"voiceSEIadj":0,"voiceSEIrank":71,"voiceScore":0}},"facebook":{"entityString":"53c01db3b4e50eb276dac853","type":"facebook","profiles":1,"postsMade":0,"repliesMade":0,"repliesRcvd":0,"sharesMade":0,"sharesRcvd":0,"mentionsRcvd":0,"likesRcvd":0,"reachRcvd":0,"audience":3543,"voice":0,"conversation":0,"engagement":0,"group_scoped":{"audienceScore":0.3303293223913493,"voiceScore":0,"engagementScore":0,"combinedScore":0.3303293223913493,"combinedScoreRank":106,"SEIrank":117,"engagementSEIrank":98,"voiceSEIrank":77,"audienceSEIrank":114,"engagementSEI":0,"engagementSEIadj":0,"voiceSEI":0,"voiceSEIadj":0,"audienceSEI":0.4155612011513262,"audienceSEIadj":0.4155612011513262,"SEI":0.04155612011513263,"SEIadj":0.04155612011513263},"non_scoped":{"SEI":0.019079807230939987,"SEIrank":122,"SEIadj":0,"audienceSEI":0.19079807230939985,"audienceSEIadj":0,"audienceSEIrank":120,"audienceScore":0.03638924225950593,"combinedScore":0.0018194621129752966,"combinedScoreRank":122,"engagementSEI":0,"engagementSEIadj":0,"engagementSEIrank":98,"engagementScore":0,"voiceSEI":0,"voiceSEIadj":0,"voiceSEIrank":77,"voiceScore":0},"scoped":{"SEI":0.24320094452300217,"SEIrank":108,"SEIadj":0,"audienceSEI":2.4320094452300216,"audienceSEIadj":0,"audienceSEIrank":106,"audienceScore":0.14916833286389306,"combinedScore":0.007458416643194653,"combinedScoreRank":108,"engagementSEI":0,"engagementSEIadj":0,"engagementSEIrank":87,"engagementScore":0,"voiceSEI":0,"voiceSEIadj":0,"voiceSEIrank":67,"voiceScore":0}},"twitter":{"entityString":"53c01db3b4e50eb276dac853","type":"twitter","profiles":1,"postsMade":0,"repliesMade":0,"repliesRcvd":0,"sharesMade":0,"sharesRcvd":0,"mentionsRcvd":0,"likesRcvd":0,"reachRcvd":0,"audience":3645,"voice":0,"conversation":0,"engagement":0,"group_scoped":{"audienceScore":1.0564206901948507,"voiceScore":0,"engagementScore":0,"combinedScore":1.0564206901948507,"combinedScoreRank":140,"SEIrank":149,"engagementSEIrank":89,"voiceSEIrank":80,"audienceSEIrank":137,"engagementSEI":0,"engagementSEIadj":0,"voiceSEI":0,"voiceSEIadj":0,"audienceSEI":2.864800289230866,"audienceSEIadj":2.864800289230866,"SEI":0.2864800289230866,"SEIadj":0.2864800289230866},"non_scoped":{"SEI":0.06437916058052517,"SEIrank":166,"SEIadj":0,"audienceSEI":0.6437916058052517,"audienceSEIadj":0,"audienceSEIrank":161,"audienceScore":0.10451205343676921,"combinedScore":0.005225602671838461,"combinedScoreRank":166,"engagementSEI":0,"engagementSEIadj":0,"engagementSEIrank":89,"engagementScore":0,"voiceSEI":0,"voiceSEIadj":0,"voiceSEIrank":80,"voiceScore":0},"scoped":{"SEI":0.31274667947969936,"SEIrank":150,"SEIadj":0,"audienceSEI":3.1274667947969936,"audienceSEIadj":0,"audienceSEIrank":145,"audienceScore":0.16554982981750005,"combinedScore":0.008277491490875004,"combinedScoreRank":150,"engagementSEI":0,"engagementSEIadj":0,"engagementSEIrank":79,"engagementScore":0,"voiceSEI":0,"voiceSEIadj":0,"voiceSEIrank":70,"voiceScore":0}},"instagram":{"entityString":"53c01db3b4e50eb276dac853","type":"instagram","profiles":0,"postsMade":0,"repliesMade":0,"repliesRcvd":0,"sharesMade":0,"sharesRcvd":0,"mentionsRcvd":0,"likesRcvd":0,"reachRcvd":0,"audience":0,"voice":0,"conversation":0,"engagement":0,"group_scoped":{"audienceScore":0,"voiceScore":0,"engagementScore":0,"combinedScore":0,"combinedScoreRank":132,"SEIrank":95,"engagementSEIrank":77,"voiceSEIrank":72,"audienceSEIrank":95,"engagementSEI":0,"engagementSEIadj":0,"voiceSEI":0,"voiceSEIadj":0,"audienceSEI":0,"audienceSEIadj":0,"SEI":0,"SEIadj":0},"non_scoped":{"SEI":0,"SEIrank":95,"SEIadj":0,"audienceSEI":0,"audienceSEIadj":0,"audienceSEIrank":95,"audienceScore":0,"combinedScore":0,"combinedScoreRank":95,"engagementSEI":0,"engagementSEIadj":0,"engagementSEIrank":77,"engagementScore":0,"voiceSEI":0,"voiceSEIadj":0,"voiceSEIrank":72,"voiceScore":0},"scoped":{"SEI":0,"SEIrank":87,"SEIadj":0,"audienceSEI":0,"audienceSEIadj":0,"audienceSEIrank":87,"audienceScore":0,"combinedScore":0,"combinedScoreRank":87,"engagementSEI":0,"engagementSEIadj":0,"engagementSEIrank":69,"engagementScore":0,"voiceSEI":0,"voiceSEIadj":0,"voiceSEIrank":65,"voiceScore":0}}},"today":{"boundaryQuantum":4995546,"combined":{"entityString":"53c01db3b4e50eb276dac853","type":"combined","profiles":2,"postsMade":0,"repliesMade":0,"repliesRcvd":0,"sharesMade":0,"sharesRcvd":2,"mentionsRcvd":0,"likesRcvd":4,"reachRcvd":0,"audience":7188,"voice":0,"conversation":0,"engagement":6,"group_scoped":{"audienceScore":0.5063958186415376,"voiceScore":0,"engagementScore":0.06902899217671422,"combinedScore":0.1315099673859747,"combinedScoreRank":167,"SEIrank":166,"engagementSEIrank":98,"voiceSEIrank":169,"audienceSEIrank":134,"engagementSEI":0.08220304151253596,"engagementSEIadj":0.08220304151253596,"voiceSEI":0,"voiceSEIadj":0,"audienceSEI":0.7322290813519956,"audienceSEIadj":0.7322290813519956,"SEI":0.12254473304272115,"SEIadj":0.12254473304272115},"non_scoped":{"SEI":0.03189841539551472,"SEIrank":178,"SEIadj":0,"audienceSEI":0.282399531691372,"audienceSEIadj":0,"audienceSEIrank":143,"audienceScore":0.052037453066387275,"combinedScore":0.004611122644947488,"combinedScoreRank":168,"engagementSEI":0.006097437043962521,"engagementSEIadj":0,"engagementSEIrank":130,"engagementScore":0.0022324999906979167,"voiceSEI":0,"voiceSEIadj":0,"voiceSEIrank":169,"voiceScore":0},"scoped":{"SEI":0.5586495000492063,"SEIrank":157,"SEIadj":0,"audienceSEI":3.6867588527348074,"audienceSEIadj":0,"audienceSEIrank":129,"audienceScore":0.1493960247937543,"combinedScore":0.02980600243095178,"combinedScoreRank":141,"engagementSEI":0.31662269129287596,"engagementSEIadj":0,"engagementSEIrank":118,"engagementScore":0.024818001323626736,"voiceSEI":0,"voiceSEIadj":0,"voiceSEIrank":155,"voiceScore":0}},"facebook":{"entityString":"53c01db3b4e50eb276dac853","type":"facebook","profiles":1,"postsMade":0,"repliesMade":0,"repliesRcvd":0,"sharesMade":0,"sharesRcvd":0,"mentionsRcvd":0,"likesRcvd":1,"reachRcvd":0,"audience":3543,"voice":0,"conversation":0,"engagement":1,"group_scoped":{"audienceScore":0.3303293223913493,"voiceScore":0,"engagementScore":0.012804097311139564,"combinedScore":0.05816484375116952,"combinedScoreRank":160,"SEIrank":126,"engagementSEIrank":81,"voiceSEIrank":118,"audienceSEIrank":114,"engagementSEI":0.014806040864672786,"engagementSEIadj":0.014806040864672786,"voiceSEI":0,"voiceSEIadj":0,"audienceSEI":0.4155612011513262,"audienceSEIadj":0.4155612011513262,"SEI":0.0504397446339363,"SEIadj":0.0504397446339363},"non_scoped":{"SEI":0.019785141912246267,"SEIrank":130,"SEIadj":0,"audienceSEI":0.19079807230939985,"audienceSEIadj":0,"audienceSEIrank":120,"audienceScore":0.03638924225950593,"combinedScore":0.002209783868208861,"combinedScoreRank":126,"engagementSEI":0.001175557802177133,"engagementSEIadj":0,"engagementSEIrank":95,"engagementScore":0.00043369083914840466,"voiceSEI":0,"voiceSEIadj":0,"voiceSEIrank":118,"voiceScore":0},"scoped":{"SEI":0.27788302544785765,"SEIrank":114,"SEIadj":0,"audienceSEI":2.4320094452300216,"audienceSEIadj":0,"audienceSEIrank":106,"audienceScore":0.14916833286389306,"combinedScore":0.012468994529844245,"combinedScoreRank":109,"engagementSEI":0.05780346820809249,"engagementSEIadj":0,"engagementSEIrank":85,"engagementScore":0.005567308762943993,"voiceSEI":0,"voiceSEIadj":0,"voiceSEIrank":107,"voiceScore":0}},"twitter":{"entityString":"53c01db3b4e50eb276dac853","type":"twitter","profiles":1,"postsMade":0,"repliesMade":0,"repliesRcvd":0,"sharesMade":0,"sharesRcvd":2,"mentionsRcvd":0,"likesRcvd":3,"reachRcvd":0,"audience":3645,"voice":0,"conversation":0,"engagement":5,"group_scoped":{"audienceScore":1.0564206901948507,"voiceScore":0,"engagementScore":0.6596306068601583,"combinedScore":0.7163149044794,"combinedScoreRank":144,"SEIrank":138,"engagementSEIrank":106,"voiceSEIrank":157,"audienceSEIrank":137,"engagementSEI":1.187648456057007,"engagementSEIadj":1.187648456057007,"voiceSEI":0,"voiceSEIadj":0,"audienceSEI":2.864800289230866,"audienceSEIadj":2.864800289230866,"SEI":0.9990691025572909,"SEIadj":0.9990691025572909},"non_scoped":{"SEI":0.2100809575693547,"SEIrank":154,"SEIadj":0,"audienceSEI":0.6437916058052517,"audienceSEIadj":0,"audienceSEIrank":161,"audienceScore":0.10451205343676921,"combinedScore":0.05750255434470092,"combinedScoreRank":117,"engagementSEI":0.24283632831471588,"engagementSEIadj":0,"engagementSEIrank":105,"engagementScore":0.05808550185873606,"voiceSEI":0,"voiceSEIadj":0,"voiceSEIrank":157,"voiceScore":0},"scoped":{"SEI":1.376576466713742,"SEIrank":135,"SEIadj":0,"audienceSEI":3.1274667947969936,"audienceSEIadj":0,"audienceSEIrank":145,"audienceScore":0.16554982981750005,"combinedScore":0.1195534558825664,"combinedScoreRank":106,"engagementSEI":1.773049645390071,"engagementSEIadj":0,"engagementSEIrank":94,"engagementScore":0.12363996043521265,"voiceSEI":0,"voiceSEIadj":0,"voiceSEIrank":143,"voiceScore":0}},"instagram":{"entityString":"53c01db3b4e50eb276dac853","type":"instagram","profiles":0,"postsMade":0,"repliesMade":0,"repliesRcvd":0,"sharesMade":0,"sharesRcvd":0,"mentionsRcvd":0,"likesRcvd":0,"reachRcvd":0,"audience":0,"voice":0,"conversation":0,"engagement":0,"group_scoped":{"audienceScore":0,"voiceScore":0,"engagementScore":0,"combinedScore":0,"combinedScoreRank":132,"SEIrank":95,"engagementSEIrank":90,"voiceSEIrank":80,"audienceSEIrank":95,"engagementSEI":0,"engagementSEIadj":0,"voiceSEI":0,"voiceSEIadj":0,"audienceSEI":0,"audienceSEIadj":0,"SEI":0,"SEIadj":0},"non_scoped":{"SEI":0,"SEIrank":95,"SEIadj":0,"audienceSEI":0,"audienceSEIadj":0,"audienceSEIrank":95,"audienceScore":0,"combinedScore":0,"combinedScoreRank":95,"engagementSEI":0,"engagementSEIadj":0,"engagementSEIrank":90,"engagementScore":0,"voiceSEI":0,"voiceSEIadj":0,"voiceSEIrank":80,"voiceScore":0},"scoped":{"SEI":0,"SEIrank":87,"SEIadj":0,"audienceSEI":0,"audienceSEIadj":0,"audienceSEIrank":87,"audienceScore":0,"combinedScore":0,"combinedScoreRank":87,"engagementSEI":0,"engagementSEIadj":0,"engagementSEIrank":82,"engagementScore":0,"voiceSEI":0,"voiceSEIadj":0,"voiceSEIrank":72,"voiceScore":0}}},"week":{"boundaryQuantum":4993818,"combined":{"entityString":"53c01db3b4e50eb276dac853","type":"combined","profiles":2,"postsMade":9,"repliesMade":0,"repliesRcvd":14,"sharesMade":0,"sharesRcvd":16,"mentionsRcvd":0,"likesRcvd":100,"reachRcvd":0,"audience":7188,"voice":9,"conversation":23,"engagement":130,"group_scoped":{"audienceScore":0.5063958186415376,"voiceScore":1.0344827586206897,"engagementScore":0.15339414034383886,"combinedScore":0.21509865517256635,"combinedScoreRank":123,"SEIrank":124,"engagementSEIrank":97,"voiceSEIrank":119,"audienceSEIrank":134,"engagementSEI":0.16967292281187188,"engagementSEIadj":0.16967292281187188,"voiceSEI":1.5789473684210527,"voiceSEIadj":1.5789473684210527,"audienceSEI":0.7322290813519956,"audienceSEIadj":0.7322290813519956,"SEI":0.6487108723486384,"SEIadj":0.6487108723486384},"non_scoped":{"SEI":0.3614274147692811,"SEIrank":137,"SEIadj":0,"audienceSEI":0.282399531691372,"audienceSEIadj":0,"audienceSEIrank":143,"audienceScore":0.052037453066387275,"combinedScore":0.014187599530510436,"combinedScoreRank":143,"engagementSEI":0.01639028031161705,"engagementSEIadj":0,"engagementSEIrank":127,"engagementScore":0.0068742296235936255,"voiceSEI":1.0778443113772456,"voiceSEIadj":0,"voiceSEIrank":120,"voiceScore":0.10797840431913618},"scoped":{"SEI":1.8146739106577254,"SEIrank":132,"SEIadj":0,"audienceSEI":3.6867588527348074,"audienceSEIadj":0,"audienceSEIrank":129,"audienceScore":0.1493960247937543,"combinedScore":0.07750417287517936,"combinedScoreRank":118,"engagementSEI":0.44493120679033477,"engagementSEIadj":0,"engagementSEIrank":116,"engagementScore":0.06511916807758197,"voiceSEI":3.9301310043668125,"voiceSEIadj":0,"voiceSEIrank":109,"voiceScore":0.22854240731335704}},"facebook":{"entityString":"53c01db3b4e50eb276dac853","type":"facebook","profiles":1,"postsMade":4,"repliesMade":0,"repliesRcvd":14,"sharesMade":0,"sharesRcvd":2,"mentionsRcvd":0,"likesRcvd":67,"reachRcvd":0,"audience":3543,"voice":4,"conversation":18,"engagement":83,"group_scoped":{"audienceScore":0.3303293223913493,"voiceScore":1.486988847583643,"engagementScore":0.10722821523157419,"combinedScore":0.1873713022071664,"combinedScoreRank":97,"SEIrank":88,"engagementSEIrank":78,"voiceSEIrank":69,"audienceSEIrank":114,"engagementSEI":0.11423223551108602,"engagementSEIadj":0.11423223551108602,"voiceSEI":1.702127659574468,"voiceSEIadj":1.702127659574468,"audienceSEI":0.4155612011513262,"audienceSEIadj":0.4155612011513262,"SEI":0.6207337592941247,"SEIadj":0.6207337592941247},"non_scoped":{"SEI":0.37997627799899353,"SEIrank":84,"SEIadj":0,"audienceSEI":0.19079807230939985,"audienceSEIadj":0,"audienceSEIrank":120,"audienceScore":0.03638924225950593,"combinedScore":0.013317806764566599,"combinedScoreRank":102,"engagementSEI":0.011523616471829616,"engagementSEIadj":0,"engagementSEIrank":92,"engagementScore":0.005173399253659245,"voiceSEI":1.1799410029498525,"voiceSEIadj":0,"voiceSEIrank":70,"voiceScore":0.13684570646595962},"scoped":{"SEI":2.255283206733799,"SEIrank":88,"SEIadj":0,"audienceSEI":2.4320094452300216,"audienceSEIadj":0,"audienceSEIrank":106,"audienceScore":0.14916833286389306,"combinedScore":0.09345209746840946,"combinedScoreRank":87,"engagementSEI":0.8534704370179949,"engagementSEIadj":0,"engagementSEIrank":82,"engagementScore":0.073762041875511,"voiceSEI":5,"voiceSEIadj":0,"voiceSEIrank":60,"voiceScore":0.39215686274509803}},"twitter":{"entityString":"53c01db3b4e50eb276dac853","type":"twitter","profiles":1,"postsMade":5,"repliesMade":0,"repliesRcvd":0,"sharesMade":0,"sharesRcvd":14,"mentionsRcvd":0,"likesRcvd":33,"reachRcvd":0,"audience":3645,"voice":5,"conversation":5,"engagement":47,"group_scoped":{"audienceScore":1.0564206901948507,"voiceScore":0.8417508417508417,"engagementScore":0.7487653337581647,"combinedScore":0.7687973769796328,"combinedScoreRank":131,"SEIrank":137,"engagementSEIrank":116,"voiceSEIrank":135,"audienceSEIrank":137,"engagementSEI":1.625172890733057,"engagementSEIadj":1.625172890733057,"voiceSEI":1.524390243902439,"voiceSEIadj":1.524390243902439,"audienceSEI":2.864800289230866,"audienceSEIadj":2.864800289230866,"SEI":1.7189008365336524,"SEIadj":1.7189008365336524},"non_scoped":{"SEI":0.5957411210720371,"SEIrank":133,"SEIadj":0,"audienceSEI":0.6437916058052517,"audienceSEIadj":0,"audienceSEIrank":161,"audienceScore":0.10451205343676921,"combinedScore":0.07830910680511337,"combinedScoreRank":117,"engagementSEI":0.3581771071483006,"engagementSEIadj":0,"engagementSEIrank":115,"engagementScore":0.07575513361916121,"voiceSEI":1.0548523206751055,"voiceSEIadj":0,"voiceSEIrank":129,"voiceScore":0.0980776775205963},"scoped":{"SEI":2.479704721437741,"SEIrank":119,"SEIadj":0,"audienceSEI":3.1274667947969936,"audienceSEIadj":0,"audienceSEIrank":145,"audienceScore":0.16554982981750005,"combinedScore":0.1399060808722403,"combinedScoreRank":106,"engagementSEI":2.191142191142191,"engagementSEIadj":0,"engagementSEIrank":104,"engagementScore":0.13644545085060675,"voiceSEI":2.840909090909091,"voiceSEIadj":0,"voiceSEIrank":117,"voiceScore":0.1765536723163842}},"instagram":{"entityString":"53c01db3b4e50eb276dac853","type":"instagram","profiles":0,"postsMade":0,"repliesMade":0,"repliesRcvd":0,"sharesMade":0,"sharesRcvd":0,"mentionsRcvd":0,"likesRcvd":0,"reachRcvd":0,"audience":0,"voice":0,"conversation":0,"engagement":0,"group_scoped":{"audienceScore":0,"voiceScore":0,"engagementScore":0,"combinedScore":0,"combinedScoreRank":132,"SEIrank":95,"engagementSEIrank":92,"voiceSEIrank":91,"audienceSEIrank":95,"engagementSEI":0,"engagementSEIadj":0,"voiceSEI":0,"voiceSEIadj":0,"audienceSEI":0,"audienceSEIadj":0,"SEI":0,"SEIadj":0},"non_scoped":{"SEI":0,"SEIrank":95,"SEIadj":0,"audienceSEI":0,"audienceSEIadj":0,"audienceSEIrank":95,"audienceScore":0,"combinedScore":0,"combinedScoreRank":95,"engagementSEI":0,"engagementSEIadj":0,"engagementSEIrank":92,"engagementScore":0,"voiceSEI":0,"voiceSEIadj":0,"voiceSEIrank":91,"voiceScore":0},"scoped":{"SEI":0,"SEIrank":87,"SEIadj":0,"audienceSEI":0,"audienceSEIadj":0,"audienceSEIrank":87,"audienceScore":0,"combinedScore":0,"combinedScoreRank":87,"engagementSEI":0,"engagementSEIadj":0,"engagementSEIrank":84,"engagementScore":0,"voiceSEI":0,"voiceSEIadj":0,"voiceSEIrank":83,"voiceScore":0}}},"month":{"boundaryQuantum":4987194,"combined":{"entityString":"53c01db3b4e50eb276dac853","type":"combined","profiles":2,"postsMade":23,"repliesMade":0,"repliesRcvd":33,"sharesMade":0,"sharesRcvd":36,"mentionsRcvd":0,"likesRcvd":334,"reachRcvd":0,"audience":7188,"voice":23,"conversation":56,"engagement":403,"group_scoped":{"audienceScore":0.5063958186415376,"voiceScore":0.5905006418485238,"engagementScore":0.11002752053118994,"combinedScore":0.15386959150257404,"combinedScoreRank":128,"SEIrank":154,"engagementSEIrank":109,"voiceSEIrank":152,"audienceSEIrank":134,"engagementSEI":0.12602532389759113,"engagementSEIadj":0.12602532389759113,"voiceSEI":0.9426229508196722,"voiceSEIadj":0.9426229508196722,"audienceSEI":0.7322290813519956,"audienceSEIadj":0.7322290813519956,"SEI":0.43162498771965585,"SEIadj":0.43162498771965585},"non_scoped":{"SEI":0.22248133874252418,"SEIrank":165,"SEIadj":0,"audienceSEI":0.282399531691372,"audienceSEIadj":0,"audienceSEIrank":143,"audienceScore":0.052037453066387275,"combinedScore":0.00978556878574384,"combinedScoreRank":160,"engagementSEI":0.011065713312904324,"engagementSEIadj":0,"engagementSEIrank":142,"engagementScore":0.004629369038825817,"voiceSEI":0.6253398586188146,"voiceSEIadj":0,"voiceSEIrank":159,"voiceScore":0.060345279949624804},"scoped":{"SEI":1.2855732713287886,"SEIrank":152,"SEIadj":0,"audienceSEI":3.6867588527348074,"audienceSEIadj":0,"audienceSEIrank":129,"audienceScore":0.1493960247937543,"combinedScore":0.056502920686313685,"combinedScoreRank":139,"engagementSEI":0.33273611466598413,"engagementSEIadj":0,"engagementSEIrank":129,"engagementScore":0.04742325787190778,"voiceSEI":2.390852390852391,"voiceSEIadj":0,"voiceSEIrank":146,"voiceScore":0.1270437472381794}},"facebook":{"entityString":"53c01db3b4e50eb276dac853","type":"facebook","profiles":1,"postsMade":10,"repliesMade":0,"repliesRcvd":33,"sharesMade":0,"sharesRcvd":16,"mentionsRcvd":0,"likesRcvd":255,"reachRcvd":0,"audience":3543,"voice":10,"conversation":43,"engagement":304,"group_scoped":{"audienceScore":0.3303293223913493,"voiceScore":0.8382229673093042,"engagementScore":0.09036216203362424,"combinedScore":0.1397535603152945,"combinedScoreRank":103,"SEIrank":104,"engagementSEIrank":82,"voiceSEIrank":95,"audienceSEIrank":114,"engagementSEI":0.09979876105090722,"engagementSEIadj":0.09979876105090722,"voiceSEI":0.9803921568627451,"voiceSEIadj":0.9803921568627451,"audienceSEI":0.4155612011513262,"audienceSEIadj":0.4155612011513262,"SEI":0.39555302380450047,"SEIadj":0.39555302380450047},"non_scoped":{"SEI":0.2225358982285824,"SEIrank":109,"SEIadj":0,"audienceSEI":0.19079807230939985,"audienceSEIadj":0,"audienceSEIrank":120,"audienceScore":0.03638924225950593,"combinedScore":0.00920820339996678,"combinedScoreRank":112,"engagementSEI":0.009060481695740679,"engagementSEIadj":0,"engagementSEIrank":104,"engagementScore":0.004027886755963856,"voiceSEI":0.6600660066006601,"voiceSEIadj":0,"voiceSEIrank":100,"voiceScore":0.07527286413248024},"scoped":{"SEI":1.4414288455744726,"SEIrank":102,"SEIadj":0,"audienceSEI":2.4320094452300216,"audienceSEIadj":0,"audienceSEIrank":106,"audienceScore":0.14916833286389306,"combinedScore":0.07098216540009519,"combinedScoreRank":97,"engagementSEI":0.8150134048257371,"engagementSEIadj":0,"engagementSEIrank":94,"engagementScore":0.058690771069311094,"voiceSEI":2.3640661938534278,"voiceSEIadj":0,"voiceSEIrank":90,"voiceScore":0.21404109589041095}},"twitter":{"entityString":"53c01db3b4e50eb276dac853","type":"twitter","profiles":1,"postsMade":13,"repliesMade":0,"repliesRcvd":0,"sharesMade":0,"sharesRcvd":20,"mentionsRcvd":0,"likesRcvd":79,"reachRcvd":0,"audience":3645,"voice":13,"conversation":13,"engagement":99,"group_scoped":{"audienceScore":1.0564206901948507,"voiceScore":0.48652694610778446,"engagementScore":0.39935457845905603,"combinedScore":0.4365665024282822,"combinedScoreRank":152,"SEIrank":153,"engagementSEIrank":136,"voiceSEIrank":164,"audienceSEIrank":137,"engagementSEI":0.9796160696615872,"engagementSEIadj":0.9796160696615872,"voiceSEI":0.935251798561151,"voiceSEIadj":0.935251798561151,"audienceSEI":2.864800289230866,"audienceSEIadj":2.864800289230866,"SEI":1.1548252102883843,"SEIadj":1.1548252102883843},"non_scoped":{"SEI":0.3453324844840209,"SEIrank":172,"SEIadj":0,"audienceSEI":0.6437916058052517,"audienceSEIadj":0,"audienceSEIrank":161,"audienceScore":0.10451205343676921,"combinedScore":0.04069629231012531,"combinedScoreRank":154,"engagementSEI":0.15799301000622398,"engagementSEIadj":0,"engagementSEIrank":145,"engagementScore":0.03635575761359338,"voiceSEI":0.6205250596658711,"voiceSEIadj":0,"voiceSEIrank":164,"voiceScore":0.0550101557210562},"scoped":{"SEI":1.403233805534597,"SEIrank":158,"SEIadj":0,"audienceSEI":3.1274667947969936,"audienceSEIadj":0,"audienceSEIrank":145,"audienceScore":0.16554982981750005,"combinedScore":0.07594838981410462,"combinedScoreRank":141,"engagementSEI":0.8685734339357782,"engagementSEIadj":0,"engagementSEIrank":132,"engagementScore":0.0696805253489305,"voiceSEI":1.897810218978102,"voiceSEIadj":0,"voiceSEIrank":151,"voiceScore":0.09916851018384315}},"instagram":{"entityString":"53c01db3b4e50eb276dac853","type":"instagram","profiles":0,"postsMade":0,"repliesMade":0,"repliesRcvd":0,"sharesMade":0,"sharesRcvd":0,"mentionsRcvd":0,"likesRcvd":0,"reachRcvd":0,"audience":0,"voice":0,"conversation":0,"engagement":0,"group_scoped":{"audienceScore":0,"voiceScore":0,"engagementScore":0,"combinedScore":0,"combinedScoreRank":132,"SEIrank":95,"engagementSEIrank":92,"voiceSEIrank":92,"audienceSEIrank":95,"engagementSEI":0,"engagementSEIadj":0,"voiceSEI":0,"voiceSEIadj":0,"audienceSEI":0,"audienceSEIadj":0,"SEI":0,"SEIadj":0},"non_scoped":{"SEI":0,"SEIrank":95,"SEIadj":0,"audienceSEI":0,"audienceSEIadj":0,"audienceSEIrank":95,"audienceScore":0,"combinedScore":0,"combinedScoreRank":95,"engagementSEI":0,"engagementSEIadj":0,"engagementSEIrank":92,"engagementScore":0,"voiceSEI":0,"voiceSEIadj":0,"voiceSEIrank":92,"voiceScore":0},"scoped":{"SEI":0,"SEIrank":87,"SEIadj":0,"audienceSEI":0,"audienceSEIadj":0,"audienceSEIrank":87,"audienceScore":0,"combinedScore":0,"combinedScoreRank":87,"engagementSEI":0,"engagementSEIadj":0,"engagementSEIrank":84,"engagementScore":0,"voiceSEI":0,"voiceSEIadj":0,"voiceSEIrank":84,"voiceScore":0}}},"quarter":{"boundaryQuantum":4969914,"combined":{"entityString":"53c01db3b4e50eb276dac853","type":"combined","profiles":2,"postsMade":92,"repliesMade":0,"repliesRcvd":132,"sharesMade":0,"sharesRcvd":78,"mentionsRcvd":0,"likesRcvd":1374,"reachRcvd":0,"audience":7188,"voice":92,"conversation":224,"engagement":1584,"group_scoped":{"audienceScore":0.5063958186415376,"voiceScore":0.731610337972167,"engagementScore":0.1352320458969368,"combinedScore":0.18360914913792836,"combinedScoreRank":112,"SEIrank":144,"engagementSEIrank":96,"voiceSEIrank":139,"audienceSEIrank":134,"engagementSEI":0.1607496780439687,"engagementSEIadj":0.1607496780439687,"voiceSEI":1.1649993668481702,"voiceSEIadj":1.1649993668481702,"audienceSEI":0.7322290813519956,"audienceSEIadj":0.7322290813519956,"SEI":0.5191725250160317,"SEIadj":0.5191725250160317},"non_scoped":{"SEI":0.29440787745852076,"SEIrank":152,"SEIadj":0,"audienceSEI":0.282399531691372,"audienceSEIadj":0,"audienceSEIrank":143,"audienceScore":0.052037453066387275,"combinedScore":0.011881948905616443,"combinedScoreRank":150,"engagementSEI":0.013907462169990805,"engagementSEIadj":0,"engagementSEIrank":133,"engagementScore":0.005725964864843371,"voiceSEI":0.8594114899579637,"voiceSEIadj":0,"voiceSEIrank":140,"voiceScore":0.08253415747876092},"scoped":{"SEI":1.6343672261891333,"SEIrank":142,"SEIadj":0,"audienceSEI":3.6867588527348074,"audienceSEIadj":0,"audienceSEIrank":129,"audienceScore":0.1493960247937543,"combinedScore":0.06871202912167225,"combinedScoreRank":128,"engagementSEI":0.4139455755646672,"engagementSEIadj":0,"engagementSEIrank":122,"engagementScore":0.0583333026445167,"voiceSEI":3.3910799852561744,"voiceSEIadj":0,"voiceSEIrank":129,"voiceScore":0.17484511003838993}},"facebook":{"entityString":"53c01db3b4e50eb276dac853","type":"facebook","profiles":1,"postsMade":40,"repliesMade":0,"repliesRcvd":132,"sharesMade":0,"sharesRcvd":49,"mentionsRcvd":0,"likesRcvd":1197,"reachRcvd":0,"audience":3543,"voice":40,"conversation":172,"engagement":1378,"group_scoped":{"audienceScore":0.3303293223913493,"voiceScore":1.0582010582010581,"engagementScore":0.12764625129452567,"combinedScore":0.1843081451946935,"combinedScoreRank":84,"SEIrank":101,"engagementSEIrank":75,"voiceSEIrank":92,"audienceSEIrank":114,"engagementSEI":0.14664020474292738,"engagementSEIadj":0.14664020474292738,"voiceSEI":1.2718600953895072,"voiceSEIadj":1.2718600953895072,"audienceSEI":0.4155612011513262,"audienceSEIadj":0.4155612011513262,"SEI":0.5110982715777411,"SEIadj":0.5110982715777411},"non_scoped":{"SEI":0.2893818126275168,"SEIrank":101,"SEIadj":0,"audienceSEI":0.19079807230939985,"audienceSEIadj":0,"audienceSEIrank":120,"audienceScore":0.03638924225950593,"combinedScore":0.011885943506869587,"combinedScoreRank":110,"engagementSEI":0.01286658083966298,"engagementSEIadj":0,"engagementSEIrank":101,"engagementScore":0.005621774364170384,"voiceSEI":0.87527352297593,"voiceSEIadj":0,"voiceSEIrank":95,"voiceScore":0.10013768932281887},"scoped":{"SEI":2.2418471008581657,"SEIrank":100,"SEIadj":0,"audienceSEI":2.4320094452300216,"audienceSEIadj":0,"audienceSEIrank":106,"audienceScore":0.14916833286389306,"combinedScore":0.09139809664012544,"combinedScoreRank":93,"engagementSEI":1.1943247904731362,"engagementSEIadj":0,"engagementSEIrank":91,"engagementScore":0.07772738220607006,"voiceSEI":4.273504273504273,"voiceSEIadj":0,"voiceSEIrank":86,"voiceScore":0.2797007202293546}},"twitter":{"entityString":"53c01db3b4e50eb276dac853","type":"twitter","profiles":1,"postsMade":52,"repliesMade":0,"repliesRcvd":0,"sharesMade":0,"sharesRcvd":29,"mentionsRcvd":0,"likesRcvd":177,"reachRcvd":0,"audience":3645,"voice":52,"conversation":52,"engagement":206,"group_scoped":{"audienceScore":1.0564206901948507,"voiceScore":0.5973578403216542,"engagementScore":0.27237148297017133,"combinedScore":0.3278232611989795,"combinedScoreRank":166,"SEIrank":160,"engagementSEIrank":154,"voiceSEIrank":161,"audienceSEIrank":137,"engagementSEI":0.6976901713743819,"engagementSEIadj":0.6976901713743819,"voiceSEI":1.1154011154011154,"voiceSEIadj":1.1154011154011154,"audienceSEI":2.864800289230866,"audienceSEIadj":2.864800289230866,"SEI":1.0397144663680504,"SEIadj":1.0397144663680504},"non_scoped":{"SEI":0.39150951108294607,"SEIrank":166,"SEIadj":0,"audienceSEI":0.6437916058052517,"audienceSEIadj":0,"audienceSEIrank":161,"audienceScore":0.10451205343676921,"combinedScore":0.032549547199523035,"combinedScoreRank":167,"engagementSEI":0.11145015040360104,"engagementSEIadj":0,"engagementSEIrank":163,"engagementScore":0.02615504354306885,"voiceSEI":0.8675342008675343,"voiceSEIadj":0,"voiceSEIrank":155,"voiceScore":0.07568810677845217},"scoped":{"SEI":1.5462397952825278,"SEIrank":153,"SEIadj":0,"audienceSEI":3.1274667947969936,"audienceSEIadj":0,"audienceSEIrank":145,"audienceScore":0.16554982981750005,"combinedScore":0.06195123620049314,"combinedScoreRank":154,"engagementSEI":0.6787032156035846,"engagementSEIadj":0,"engagementSEIrank":150,"engagementScore":0.0519442532257129,"voiceSEI":2.754237288135593,"voiceSEIadj":0,"voiceSEIrank":143,"voiceScore":0.1384783361295305}},"instagram":{"entityString":"53c01db3b4e50eb276dac853","type":"instagram","profiles":0,"postsMade":0,"repliesMade":0,"repliesRcvd":0,"sharesMade":0,"sharesRcvd":0,"mentionsRcvd":0,"likesRcvd":0,"reachRcvd":0,"audience":0,"voice":0,"conversation":0,"engagement":0,"group_scoped":{"audienceScore":0,"voiceScore":0,"engagementScore":0,"combinedScore":0,"combinedScoreRank":132,"SEIrank":95,"engagementSEIrank":93,"voiceSEIrank":93,"audienceSEIrank":95,"engagementSEI":0,"engagementSEIadj":0,"voiceSEI":0,"voiceSEIadj":0,"audienceSEI":0,"audienceSEIadj":0,"SEI":0,"SEIadj":0},"non_scoped":{"SEI":0,"SEIrank":95,"SEIadj":0,"audienceSEI":0,"audienceSEIadj":0,"audienceSEIrank":95,"audienceScore":0,"combinedScore":0,"combinedScoreRank":95,"engagementSEI":0,"engagementSEIadj":0,"engagementSEIrank":93,"engagementScore":0,"voiceSEI":0,"voiceSEIadj":0,"voiceSEIrank":93,"voiceScore":0},"scoped":{"SEI":0,"SEIrank":87,"SEIadj":0,"audienceSEI":0,"audienceSEIadj":0,"audienceSEIrank":87,"audienceScore":0,"combinedScore":0,"combinedScoreRank":87,"engagementSEI":0,"engagementSEIadj":0,"engagementSEIrank":85,"engagementScore":0,"voiceSEI":0,"voiceSEIadj":0,"voiceSEIrank":85,"voiceScore":0}}},"blended":{"combined":{"non_scoped":{"SEI":0.29059928474119906,"SEIadj":50.1452996423706,"SEIrank":155,"audienceSEI":0.28239953169137194,"audienceSEIadj":50.141199765845684,"audienceSEIrank":143,"engagementSEI":0.013835544027614291,"engagementSEIadj":50.00691777201381,"engagementSEIrank":134,"voiceSEI":0.8468600171849777,"voiceSEIadj":50.42343000859249,"voiceSEIrank":145},"scoped":{"SEI":13.202589231515184,"SEIadj":56.601294615757595,"SEIrank":68,"compCharisma":0,"compInfluence":12,"compEva":1.2025892315151838,"audienceSEI":3.6867588527348074,"audienceSEIadj":51.843379426367406,"audienceSEIrank":129,"engagementSEI":0.40619370158397544,"engagementSEIadj":50.20309685079199,"engagementSEIrank":124,"voiceSEI":3.2332071525659893,"voiceSEIadj":51.616603576283,"voiceSEIrank":136}},"facebook":{"non_scoped":{"SEI":0.2930534315433561,"SEIadj":50.14652671577168,"SEIrank":102,"audienceSEI":0.19079807230939985,"audienceSEIadj":50.0953990361547,"audienceSEIrank":120,"engagementSEI":0.011308225505850332,"engagementSEIadj":50.00565411275293,"engagementSEIrank":98,"voiceSEI":0.8906289633630198,"voiceSEIadj":50.44531448168151,"voiceSEIrank":92},"scoped":{"SEI":2.0276169905577865,"SEIadj":51.013808495278894,"SEIrank":98,"audienceSEI":2.4320094452300216,"audienceSEIadj":51.21600472261501,"audienceSEIrank":106,"engagementSEI":0.9783457104762318,"engagementSEIadj":50.48917285523812,"engagementSEIrank":90,"voiceSEI":3.9913620658301507,"voiceSEIadj":51.99568103291507,"voiceSEIrank":83}},"twitter":{"non_scoped":{"SEI":0.43678101241415507,"SEIadj":50.21839050620708,"SEIrank":161,"audienceSEI":0.6437916058052517,"audienceSEIadj":50.321895802902624,"audienceSEIrank":161,"engagementSEI":0.19901897526296009,"engagementSEIadj":50.09950948763148,"engagementSEIrank":141,"voiceSEI":0.8433015555861794,"voiceSEIadj":50.42165077779309,"voiceSEIrank":152},"scoped":{"SEI":1.7963452082384628,"SEIadj":50.89817260411923,"SEIrank":146,"audienceSEI":3.1274667947969936,"audienceSEIadj":51.563733397398494,"audienceSEIrank":145,"engagementSEI":1.21563276250432,"engagementSEIadj":50.60781638125216,"engagementSEIrank":127,"voiceSEI":2.514062904187239,"voiceSEIadj":51.25703145209362,"voiceSEIrank":140}},"instagram":{"non_scoped":{"SEI":0,"SEIadj":0,"SEIrank":95,"audienceSEI":0,"audienceSEIadj":0,"audienceSEIrank":95,"engagementSEI":0,"engagementSEIadj":0,"engagementSEIrank":93,"voiceSEI":0,"voiceSEIadj":0,"voiceSEIrank":93},"scoped":{"SEI":0,"SEIadj":0,"SEIrank":87,"audienceSEI":0,"audienceSEIadj":0,"audienceSEIrank":87,"engagementSEI":0,"engagementSEIadj":0,"engagementSEIrank":85,"voiceSEI":0,"voiceSEIadj":0,"voiceSEIrank":85}},"influence":{"instagram":{"scope":"individual","ratio":0,"calculated":false},"combined":{"ratio":2,"bottom":true,"scope":"individual","calculated":true},"facebook":{"ratio":1.21,"bottom":false,"scope":"individual","calculated":true},"twitter":{"ratio":0.32,"bottom":false,"scope":"individual","calculated":true}},"charisma":{"instagram":{"scope":"individual","ratio":0,"calculated":false},"combined":{"ratio":0.38,"bottom":false,"scope":"individual","calculated":true},"facebook":{"ratio":0.21,"bottom":false,"scope":"individual","calculated":true},"twitter":{"ratio":0.3,"bottom":false,"scope":"individual","calculated":true}}},"scope":"individual"}}