{"scoreEntityString":"591d1494ab33fb0001804f89.asset.53c069cbb4e50eb276dac89e","timeQuantum":4995834,"scoreEntityType":"asset","scoreProfileID":"591d1494ab33fb0001804f89","data":{"scoreEntityString":"591d1494ab33fb0001804f89.asset.53c069cbb4e50eb276dac89e","scoreProfileID":"591d1494ab33fb0001804f89","scoreEntityType":"asset","entityID":"asset.53c069cbb4e50eb276dac89e","object_version":"1.2","score_engine_version":"3.0.20","timestamp":4995834,"start_quantum":4969914,"end_quantum":4995833,"schedule_options":{"interval":15,"offset":"1"},"_15min":{"boundaryQuantum":4995831,"combined":{"entityString":"53c069cbb4e50eb276dac89e","type":"combined","profiles":2,"postsMade":0,"repliesMade":0,"repliesRcvd":0,"sharesMade":0,"sharesRcvd":0,"mentionsRcvd":0,"likesRcvd":0,"reachRcvd":0,"audience":6930,"voice":0,"conversation":0,"engagement":0,"group_scoped":{"audienceScore":0.45766227693917055,"voiceScore":0,"engagementScore":0,"combinedScore":0.45766227693917055,"engagementSEI":0,"engagementSEIadj":0,"voiceSEI":0,"voiceSEIadj":0,"audienceSEI":1.064362442289439,"audienceSEIadj":1.064362442289439,"SEI":0.10643624422894392,"SEIadj":0.10643624422894392,"combinedScoreRank":136,"SEIrank":112,"engagementSEIrank":171,"voiceSEIrank":168,"audienceSEIrank":111},"non_scoped":{"SEI":0.02722633214553712,"SEIrank":148,"SEIadj":0,"audienceSEI":0.2722633214553712,"audienceSEIadj":0,"audienceSEIrank":148,"audienceScore":0.050169664684204765,"combinedScore":0.0025084832342102386,"combinedScoreRank":148,"engagementSEI":0,"engagementSEIadj":0,"engagementSEIrank":171,"engagementScore":0,"voiceSEI":0,"voiceSEIadj":0,"voiceSEIrank":168,"voiceScore":0},"scoped":{"SEI":0.35544294448319724,"SEIrank":134,"SEIadj":0,"audienceSEI":3.5544294448319724,"audienceSEIadj":0,"audienceSEIrank":134,"audienceScore":0.14403373008078982,"combinedScore":0.007201686504039491,"combinedScoreRank":134,"engagementSEI":0,"engagementSEIadj":0,"engagementSEIrank":154,"engagementScore":0,"voiceSEI":0,"voiceSEIadj":0,"voiceSEIrank":153,"voiceScore":0}},"facebook":{"entityString":"53c069cbb4e50eb276dac89e","type":"facebook","profiles":1,"postsMade":0,"repliesMade":0,"repliesRcvd":0,"sharesMade":0,"sharesRcvd":0,"mentionsRcvd":0,"likesRcvd":0,"reachRcvd":0,"audience":2586,"voice":0,"conversation":0,"engagement":0,"group_scoped":{"audienceScore":0.24876291912607837,"voiceScore":0,"engagementScore":0,"combinedScore":0.24876291912607837,"engagementSEI":0,"engagementSEIadj":0,"voiceSEI":0,"voiceSEIadj":0,"audienceSEI":0.47559932687798284,"audienceSEIadj":0.47559932687798284,"SEI":0.04755993268779829,"SEIadj":0.04755993268779829,"combinedScoreRank":121,"SEIrank":111,"engagementSEIrank":170,"voiceSEIrank":168,"audienceSEIrank":111},"non_scoped":{"SEI":0.01392615904578346,"SEIrank":136,"SEIadj":0,"audienceSEI":0.1392615904578346,"audienceSEIadj":0,"audienceSEIrank":136,"audienceScore":0.02656014125969019,"combinedScore":0.0013280070629845095,"combinedScoreRank":136,"engagementSEI":0,"engagementSEIadj":0,"engagementSEIrank":170,"engagementScore":0,"voiceSEI":0,"voiceSEIadj":0,"voiceSEIrank":168,"voiceScore":0},"scoped":{"SEI":0.17750991886437584,"SEIrank":121,"SEIadj":0,"audienceSEI":1.7750991886437584,"audienceSEIadj":0,"audienceSEIrank":121,"audienceScore":0.10887646310641474,"combinedScore":0.005443823155320738,"combinedScoreRank":121,"engagementSEI":0,"engagementSEIadj":0,"engagementSEIrank":153,"engagementScore":0,"voiceSEI":0,"voiceSEIadj":0,"voiceSEIrank":153,"voiceScore":0}},"twitter":{"entityString":"53c069cbb4e50eb276dac89e","type":"twitter","profiles":1,"postsMade":0,"repliesMade":0,"repliesRcvd":0,"sharesMade":0,"sharesRcvd":0,"mentionsRcvd":0,"likesRcvd":0,"reachRcvd":0,"audience":4344,"voice":0,"conversation":0,"engagement":0,"group_scoped":{"audienceScore":1.0231745261576075,"voiceScore":0,"engagementScore":0,"combinedScore":1.0231745261576075,"engagementSEI":0,"engagementSEIadj":0,"voiceSEI":0,"voiceSEIadj":0,"audienceSEI":3.7272196863095033,"audienceSEIadj":3.7272196863095033,"SEI":0.37272196863095036,"SEIadj":0.37272196863095036,"combinedScoreRank":138,"SEIrank":116,"engagementSEIrank":169,"voiceSEIrank":168,"audienceSEIrank":115},"non_scoped":{"SEI":0.0767251230622226,"SEIrank":144,"SEIadj":0,"audienceSEI":0.7672512306222259,"audienceSEIadj":0,"audienceSEIrank":144,"audienceScore":0.1245542826143554,"combinedScore":0.0062277141307177705,"combinedScoreRank":144,"engagementSEI":0,"engagementSEIadj":0,"engagementSEIrank":169,"engagementScore":0,"voiceSEI":0,"voiceSEIadj":0,"voiceSEIrank":168,"voiceScore":0},"scoped":{"SEI":0.37272196863095036,"SEIrank":129,"SEIadj":0,"audienceSEI":3.7272196863095033,"audienceSEIadj":0,"audienceSEIrank":129,"audienceScore":0.19729724574134985,"combinedScore":0.028185320820192834,"combinedScoreRank":129,"engagementSEI":0,"engagementSEIadj":0,"engagementSEIrank":154,"engagementScore":0,"voiceSEI":0,"voiceSEIadj":0,"voiceSEIrank":153,"voiceScore":0}},"instagram":{"entityString":"53c069cbb4e50eb276dac89e","type":"instagram","profiles":0,"postsMade":0,"repliesMade":0,"repliesRcvd":0,"sharesMade":0,"sharesRcvd":0,"mentionsRcvd":0,"likesRcvd":0,"reachRcvd":0,"audience":0,"voice":0,"conversation":0,"engagement":0,"group_scoped":{"audienceScore":0,"voiceScore":0,"engagementScore":0,"combinedScore":0,"engagementSEI":0,"engagementSEIadj":0,"voiceSEI":0,"voiceSEIadj":0,"audienceSEI":0,"audienceSEIadj":0,"SEI":0,"SEIadj":0,"combinedScoreRank":188,"SEIrank":169,"engagementSEIrank":169,"voiceSEIrank":168,"audienceSEIrank":169},"non_scoped":{"SEI":0,"SEIrank":169,"SEIadj":0,"audienceSEI":0,"audienceSEIadj":0,"audienceSEIrank":169,"audienceScore":0,"combinedScore":0,"combinedScoreRank":169,"engagementSEI":0,"engagementSEIadj":0,"engagementSEIrank":169,"engagementScore":0,"voiceSEI":0,"voiceSEIadj":0,"voiceSEIrank":168,"voiceScore":0},"scoped":{"SEI":0,"SEIrank":153,"SEIadj":0,"audienceSEI":0,"audienceSEIadj":0,"audienceSEIrank":153,"audienceScore":0,"combinedScore":0,"combinedScoreRank":153,"engagementSEI":0,"engagementSEIadj":0,"engagementSEIrank":153,"engagementScore":0,"voiceSEI":0,"voiceSEIadj":0,"voiceSEIrank":153,"voiceScore":0}}},"hour":{"boundaryQuantum":4995822,"combined":{"entityString":"53c069cbb4e50eb276dac89e","type":"combined","profiles":2,"postsMade":0,"repliesMade":0,"repliesRcvd":0,"sharesMade":0,"sharesRcvd":0,"mentionsRcvd":0,"likesRcvd":0,"reachRcvd":0,"audience":6930,"voice":0,"conversation":0,"engagement":0,"group_scoped":{"audienceScore":0.45766227693917055,"voiceScore":0,"engagementScore":0,"combinedScore":0.45766227693917055,"combinedScoreRank":126,"SEIrank":130,"engagementSEIrank":183,"voiceSEIrank":174,"audienceSEIrank":111,"engagementSEI":0,"engagementSEIadj":0,"voiceSEI":0,"voiceSEIadj":0,"audienceSEI":1.064362442289439,"audienceSEIadj":1.064362442289439,"SEI":0.10643624422894392,"SEIadj":0.10643624422894392},"non_scoped":{"SEI":0.02722633214553712,"SEIrank":155,"SEIadj":0,"audienceSEI":0.2722633214553712,"audienceSEIadj":0,"audienceSEIrank":148,"audienceScore":0.050169664684204765,"combinedScore":0.0025084832342102386,"combinedScoreRank":155,"engagementSEI":0,"engagementSEIadj":0,"engagementSEIrank":183,"engagementScore":0,"voiceSEI":0,"voiceSEIadj":0,"voiceSEIrank":174,"voiceScore":0},"scoped":{"SEI":0.35544294448319724,"SEIrank":141,"SEIadj":0,"audienceSEI":3.5544294448319724,"audienceSEIadj":0,"audienceSEIrank":134,"audienceScore":0.14403373008078982,"combinedScore":0.007201686504039491,"combinedScoreRank":141,"engagementSEI":0,"engagementSEIadj":0,"engagementSEIrank":165,"engagementScore":0,"voiceSEI":0,"voiceSEIadj":0,"voiceSEIrank":157,"voiceScore":0}},"facebook":{"entityString":"53c069cbb4e50eb276dac89e","type":"facebook","profiles":1,"postsMade":0,"repliesMade":0,"repliesRcvd":0,"sharesMade":0,"sharesRcvd":0,"mentionsRcvd":0,"likesRcvd":0,"reachRcvd":0,"audience":2586,"voice":0,"conversation":0,"engagement":0,"group_scoped":{"audienceScore":0.24876291912607837,"voiceScore":0,"engagementScore":0,"combinedScore":0.24876291912607837,"combinedScoreRank":121,"SEIrank":115,"engagementSEIrank":179,"voiceSEIrank":172,"audienceSEIrank":111,"engagementSEI":0,"engagementSEIadj":0,"voiceSEI":0,"voiceSEIadj":0,"audienceSEI":0.47559932687798284,"audienceSEIadj":0.47559932687798284,"SEI":0.04755993268779829,"SEIadj":0.04755993268779829},"non_scoped":{"SEI":0.01392615904578346,"SEIrank":137,"SEIadj":0,"audienceSEI":0.1392615904578346,"audienceSEIadj":0,"audienceSEIrank":136,"audienceScore":0.02656014125969019,"combinedScore":0.0013280070629845095,"combinedScoreRank":137,"engagementSEI":0,"engagementSEIadj":0,"engagementSEIrank":179,"engagementScore":0,"voiceSEI":0,"voiceSEIadj":0,"voiceSEIrank":172,"voiceScore":0},"scoped":{"SEI":0.17750991886437584,"SEIrank":122,"SEIadj":0,"audienceSEI":1.7750991886437584,"audienceSEIadj":0,"audienceSEIrank":121,"audienceScore":0.10887646310641474,"combinedScore":0.005443823155320738,"combinedScoreRank":122,"engagementSEI":0,"engagementSEIadj":0,"engagementSEIrank":161,"engagementScore":0,"voiceSEI":0,"voiceSEIadj":0,"voiceSEIrank":155,"voiceScore":0}},"twitter":{"entityString":"53c069cbb4e50eb276dac89e","type":"twitter","profiles":1,"postsMade":0,"repliesMade":0,"repliesRcvd":0,"sharesMade":0,"sharesRcvd":0,"mentionsRcvd":0,"likesRcvd":0,"reachRcvd":0,"audience":4344,"voice":0,"conversation":0,"engagement":0,"group_scoped":{"audienceScore":1.0231745261576075,"voiceScore":0,"engagementScore":0,"combinedScore":1.0231745261576075,"combinedScoreRank":143,"SEIrank":130,"engagementSEIrank":175,"voiceSEIrank":173,"audienceSEIrank":115,"engagementSEI":0,"engagementSEIadj":0,"voiceSEI":0,"voiceSEIadj":0,"audienceSEI":3.7272196863095033,"audienceSEIadj":3.7272196863095033,"SEI":0.37272196863095036,"SEIadj":0.37272196863095036},"non_scoped":{"SEI":0.0767251230622226,"SEIrank":150,"SEIadj":0,"audienceSEI":0.7672512306222259,"audienceSEIadj":0,"audienceSEIrank":144,"audienceScore":0.1245542826143554,"combinedScore":0.0062277141307177705,"combinedScoreRank":150,"engagementSEI":0,"engagementSEIadj":0,"engagementSEIrank":175,"engagementScore":0,"voiceSEI":0,"voiceSEIadj":0,"voiceSEIrank":173,"voiceScore":0},"scoped":{"SEI":0.37272196863095036,"SEIrank":135,"SEIadj":0,"audienceSEI":3.7272196863095033,"audienceSEIadj":0,"audienceSEIrank":129,"audienceScore":0.19729724574134985,"combinedScore":0.009864862287067493,"combinedScoreRank":135,"engagementSEI":0,"engagementSEIadj":0,"engagementSEIrank":157,"engagementScore":0,"voiceSEI":0,"voiceSEIadj":0,"voiceSEIrank":156,"voiceScore":0}},"instagram":{"entityString":"53c069cbb4e50eb276dac89e","type":"instagram","profiles":0,"postsMade":0,"repliesMade":0,"repliesRcvd":0,"sharesMade":0,"sharesRcvd":0,"mentionsRcvd":0,"likesRcvd":0,"reachRcvd":0,"audience":0,"voice":0,"conversation":0,"engagement":0,"group_scoped":{"audienceScore":0,"voiceScore":0,"engagementScore":0,"combinedScore":0,"combinedScoreRank":188,"SEIrank":169,"engagementSEIrank":169,"voiceSEIrank":168,"audienceSEIrank":169,"engagementSEI":0,"engagementSEIadj":0,"voiceSEI":0,"voiceSEIadj":0,"audienceSEI":0,"audienceSEIadj":0,"SEI":0,"SEIadj":0},"non_scoped":{"SEI":0,"SEIrank":169,"SEIadj":0,"audienceSEI":0,"audienceSEIadj":0,"audienceSEIrank":169,"audienceScore":0,"combinedScore":0,"combinedScoreRank":169,"engagementSEI":0,"engagementSEIadj":0,"engagementSEIrank":169,"engagementScore":0,"voiceSEI":0,"voiceSEIadj":0,"voiceSEIrank":168,"voiceScore":0},"scoped":{"SEI":0,"SEIrank":153,"SEIadj":0,"audienceSEI":0,"audienceSEIadj":0,"audienceSEIrank":153,"audienceScore":0,"combinedScore":0,"combinedScoreRank":153,"engagementSEI":0,"engagementSEIadj":0,"engagementSEIrank":153,"engagementScore":0,"voiceSEI":0,"voiceSEIadj":0,"voiceSEIrank":153,"voiceScore":0}}},"today":{"boundaryQuantum":4995546,"combined":{"entityString":"53c069cbb4e50eb276dac89e","type":"combined","profiles":2,"postsMade":0,"repliesMade":0,"repliesRcvd":0,"sharesMade":0,"sharesRcvd":0,"mentionsRcvd":0,"likesRcvd":0,"reachRcvd":0,"audience":6930,"voice":0,"conversation":0,"engagement":0,"group_scoped":{"audienceScore":0.45766227693917055,"voiceScore":0,"engagementScore":0,"combinedScore":0.45766227693917055,"combinedScoreRank":79,"SEIrank":174,"engagementSEIrank":211,"voiceSEIrank":202,"audienceSEIrank":111,"engagementSEI":0,"engagementSEIadj":0,"voiceSEI":0,"voiceSEIadj":0,"audienceSEI":1.064362442289439,"audienceSEIadj":1.064362442289439,"SEI":0.10643624422894392,"SEIadj":0.10643624422894392},"non_scoped":{"SEI":0.02722633214553712,"SEIrank":184,"SEIadj":0,"audienceSEI":0.2722633214553712,"audienceSEIadj":0,"audienceSEIrank":148,"audienceScore":0.050169664684204765,"combinedScore":0.0025084832342102386,"combinedScoreRank":189,"engagementSEI":0,"engagementSEIadj":0,"engagementSEIrank":211,"engagementScore":0,"voiceSEI":0,"voiceSEIadj":0,"voiceSEIrank":202,"voiceScore":0},"scoped":{"SEI":0.35544294448319724,"SEIrank":171,"SEIadj":0,"audienceSEI":3.5544294448319724,"audienceSEIadj":0,"audienceSEIrank":134,"audienceScore":0.14403373008078982,"combinedScore":0.007201686504039491,"combinedScoreRank":172,"engagementSEI":0,"engagementSEIadj":0,"engagementSEIrank":193,"engagementScore":0,"voiceSEI":0,"voiceSEIadj":0,"voiceSEIrank":184,"voiceScore":0}},"facebook":{"entityString":"53c069cbb4e50eb276dac89e","type":"facebook","profiles":1,"postsMade":0,"repliesMade":0,"repliesRcvd":0,"sharesMade":0,"sharesRcvd":0,"mentionsRcvd":0,"likesRcvd":0,"reachRcvd":0,"audience":2586,"voice":0,"conversation":0,"engagement":0,"group_scoped":{"audienceScore":0.24876291912607837,"voiceScore":0,"engagementScore":0,"combinedScore":0.24876291912607837,"combinedScoreRank":92,"SEIrank":127,"engagementSEIrank":190,"voiceSEIrank":186,"audienceSEIrank":111,"engagementSEI":0,"engagementSEIadj":0,"voiceSEI":0,"voiceSEIadj":0,"audienceSEI":0.47559932687798284,"audienceSEIadj":0.47559932687798284,"SEI":0.04755993268779829,"SEIadj":0.04755993268779829},"non_scoped":{"SEI":0.01392615904578346,"SEIrank":144,"SEIadj":0,"audienceSEI":0.1392615904578346,"audienceSEIadj":0,"audienceSEIrank":136,"audienceScore":0.02656014125969019,"combinedScore":0.0013280070629845095,"combinedScoreRank":144,"engagementSEI":0,"engagementSEIadj":0,"engagementSEIrank":190,"engagementScore":0,"voiceSEI":0,"voiceSEIadj":0,"voiceSEIrank":186,"voiceScore":0},"scoped":{"SEI":0.17750991886437584,"SEIrank":129,"SEIadj":0,"audienceSEI":1.7750991886437584,"audienceSEIadj":0,"audienceSEIrank":121,"audienceScore":0.10887646310641474,"combinedScore":0.005443823155320738,"combinedScoreRank":129,"engagementSEI":0,"engagementSEIadj":0,"engagementSEIrank":172,"engagementScore":0,"voiceSEI":0,"voiceSEIadj":0,"voiceSEIrank":168,"voiceScore":0}},"twitter":{"entityString":"53c069cbb4e50eb276dac89e","type":"twitter","profiles":1,"postsMade":0,"repliesMade":0,"repliesRcvd":0,"sharesMade":0,"sharesRcvd":0,"mentionsRcvd":0,"likesRcvd":0,"reachRcvd":0,"audience":4344,"voice":0,"conversation":0,"engagement":0,"group_scoped":{"audienceScore":1.0231745261576075,"voiceScore":0,"engagementScore":0,"combinedScore":1.0231745261576075,"combinedScoreRank":115,"SEIrank":173,"engagementSEIrank":205,"voiceSEIrank":197,"audienceSEIrank":115,"engagementSEI":0,"engagementSEIadj":0,"voiceSEI":0,"voiceSEIadj":0,"audienceSEI":3.7272196863095033,"audienceSEIadj":3.7272196863095033,"SEI":0.37272196863095036,"SEIadj":0.37272196863095036},"non_scoped":{"SEI":0.0767251230622226,"SEIrank":181,"SEIadj":0,"audienceSEI":0.7672512306222259,"audienceSEIadj":0,"audienceSEIrank":144,"audienceScore":0.1245542826143554,"combinedScore":0.0062277141307177705,"combinedScoreRank":181,"engagementSEI":0,"engagementSEIadj":0,"engagementSEIrank":205,"engagementScore":0,"voiceSEI":0,"voiceSEIadj":0,"voiceSEIrank":197,"voiceScore":0},"scoped":{"SEI":0.37272196863095036,"SEIrank":164,"SEIadj":0,"audienceSEI":3.7272196863095033,"audienceSEIadj":0,"audienceSEIrank":129,"audienceScore":0.19729724574134985,"combinedScore":0.009864862287067493,"combinedScoreRank":164,"engagementSEI":0,"engagementSEIadj":0,"engagementSEIrank":187,"engagementScore":0,"voiceSEI":0,"voiceSEIadj":0,"voiceSEIrank":179,"voiceScore":0}},"instagram":{"entityString":"53c069cbb4e50eb276dac89e","type":"instagram","profiles":0,"postsMade":0,"repliesMade":0,"repliesRcvd":0,"sharesMade":0,"sharesRcvd":0,"mentionsRcvd":0,"likesRcvd":0,"reachRcvd":0,"audience":0,"voice":0,"conversation":0,"engagement":0,"group_scoped":{"audienceScore":0,"voiceScore":0,"engagementScore":0,"combinedScore":0,"combinedScoreRank":188,"SEIrank":169,"engagementSEIrank":169,"voiceSEIrank":169,"audienceSEIrank":169,"engagementSEI":0,"engagementSEIadj":0,"voiceSEI":0,"voiceSEIadj":0,"audienceSEI":0,"audienceSEIadj":0,"SEI":0,"SEIadj":0},"non_scoped":{"SEI":0,"SEIrank":169,"SEIadj":0,"audienceSEI":0,"audienceSEIadj":0,"audienceSEIrank":169,"audienceScore":0,"combinedScore":0,"combinedScoreRank":169,"engagementSEI":0,"engagementSEIadj":0,"engagementSEIrank":169,"engagementScore":0,"voiceSEI":0,"voiceSEIadj":0,"voiceSEIrank":169,"voiceScore":0},"scoped":{"SEI":0,"SEIrank":153,"SEIadj":0,"audienceSEI":0,"audienceSEIadj":0,"audienceSEIrank":153,"audienceScore":0,"combinedScore":0,"combinedScoreRank":153,"engagementSEI":0,"engagementSEIadj":0,"engagementSEIrank":153,"engagementScore":0,"voiceSEI":0,"voiceSEIadj":0,"voiceSEIrank":153,"voiceScore":0}}},"week":{"boundaryQuantum":4993818,"combined":{"entityString":"53c069cbb4e50eb276dac89e","type":"combined","profiles":2,"postsMade":0,"repliesMade":0,"repliesRcvd":0,"sharesMade":0,"sharesRcvd":0,"mentionsRcvd":0,"likesRcvd":2,"reachRcvd":0,"audience":6930,"voice":0,"conversation":0,"engagement":2,"group_scoped":{"audienceScore":0.45766227693917055,"voiceScore":0,"engagementScore":0.001072713912563089,"combinedScore":0.06629979434493559,"combinedScoreRank":190,"SEIrank":202,"engagementSEIrank":195,"voiceSEIrank":219,"audienceSEIrank":111,"engagementSEI":0.0012501718986360625,"engagementSEIadj":0.0012501718986360625,"voiceSEI":0,"voiceSEIadj":0,"audienceSEI":1.064362442289439,"audienceSEIadj":1.064362442289439,"SEI":0.10718634736812556,"SEIadj":0.10718634736812556},"non_scoped":{"SEI":0.027377627040721275,"SEIrank":205,"SEIadj":0,"audienceSEI":0.2722633214553712,"audienceSEIadj":0,"audienceSEIrank":148,"audienceScore":0.050169664684204765,"combinedScore":0.0026036648751523042,"combinedScoreRank":198,"engagementSEI":0.0002521581586402624,"engagementSEIadj":0,"engagementSEIrank":197,"engagementScore":0.00010575737882451731,"voiceSEI":0,"voiceSEIadj":0,"voiceSEIrank":219,"voiceScore":0},"scoped":{"SEI":0.3595500017766465,"SEIrank":182,"SEIadj":0,"audienceSEI":3.5544294448319724,"audienceSEIadj":0,"audienceSEIrank":134,"audienceScore":0.14403373008078982,"combinedScore":0.008103336523575241,"combinedScoreRank":181,"engagementSEI":0.006845095489082072,"engagementSEIadj":0,"engagementSEIrank":182,"engagementScore":0.0010018333550397228,"voiceSEI":0,"voiceSEIadj":0,"voiceSEIrank":200,"voiceScore":0}},"facebook":{"entityString":"53c069cbb4e50eb276dac89e","type":"facebook","profiles":1,"postsMade":0,"repliesMade":0,"repliesRcvd":0,"sharesMade":0,"sharesRcvd":0,"mentionsRcvd":0,"likesRcvd":2,"reachRcvd":0,"audience":2586,"voice":0,"conversation":0,"engagement":2,"group_scoped":{"audienceScore":0.24876291912607837,"voiceScore":0,"engagementScore":0.001180101134667241,"combinedScore":0.03654907513344026,"combinedScoreRank":151,"SEIrank":144,"engagementSEIrank":133,"voiceSEIrank":197,"audienceSEIrank":111,"engagementSEI":0.0013619895943994989,"engagementSEIadj":0.0013619895943994989,"voiceSEI":0,"voiceSEIadj":0,"audienceSEI":0.47559932687798284,"audienceSEIadj":0.47559932687798284,"SEI":0.048377126444437986,"SEIadj":0.048377126444437986},"non_scoped":{"SEI":0.014092765548990636,"SEIrank":151,"SEIadj":0,"audienceSEI":0.1392615904578346,"audienceSEIadj":0,"audienceSEIrank":136,"audienceScore":0.02656014125969019,"combinedScore":0.0014402012636662762,"combinedScoreRank":150,"engagementSEI":0.00027767750534529197,"engagementSEIadj":0,"engagementSEIrank":132,"engagementScore":0.00012466022297974083,"voiceSEI":0,"voiceSEIadj":0,"voiceSEIrank":197,"voiceScore":0},"scoped":{"SEI":0.1898492504839131,"SEIrank":135,"SEIadj":0,"audienceSEI":1.7750991886437584,"audienceSEIadj":0,"audienceSEIrank":121,"audienceScore":0.10887646310641474,"combinedScore":0.007043481894789651,"combinedScoreRank":133,"engagementSEI":0.020565552699228794,"engagementSEIadj":0,"engagementSEIrank":122,"engagementScore":0.0017773985994099038,"voiceSEI":0,"voiceSEIadj":0,"voiceSEIrank":179,"voiceScore":0}},"twitter":{"entityString":"53c069cbb4e50eb276dac89e","type":"twitter","profiles":1,"postsMade":0,"repliesMade":0,"repliesRcvd":0,"sharesMade":0,"sharesRcvd":0,"mentionsRcvd":0,"likesRcvd":0,"reachRcvd":0,"audience":4344,"voice":0,"conversation":0,"engagement":0,"group_scoped":{"audienceScore":1.0231745261576075,"voiceScore":0,"engagementScore":0,"combinedScore":1.0231745261576075,"combinedScoreRank":119,"SEIrank":192,"engagementSEIrank":217,"voiceSEIrank":216,"audienceSEIrank":115,"engagementSEI":0,"engagementSEIadj":0,"voiceSEI":0,"voiceSEIadj":0,"audienceSEI":3.7272196863095033,"audienceSEIadj":3.7272196863095033,"SEI":0.37272196863095036,"SEIadj":0.37272196863095036},"non_scoped":{"SEI":0.0767251230622226,"SEIrank":197,"SEIadj":0,"audienceSEI":0.7672512306222259,"audienceSEIadj":0,"audienceSEIrank":144,"audienceScore":0.1245542826143554,"combinedScore":0.0062277141307177705,"combinedScoreRank":196,"engagementSEI":0,"engagementSEIadj":0,"engagementSEIrank":217,"engagementScore":0,"voiceSEI":0,"voiceSEIadj":0,"voiceSEIrank":216,"voiceScore":0},"scoped":{"SEI":0.37272196863095036,"SEIrank":178,"SEIadj":0,"audienceSEI":3.7272196863095033,"audienceSEIadj":0,"audienceSEIrank":129,"audienceScore":0.19729724574134985,"combinedScore":0.009864862287067493,"combinedScoreRank":178,"engagementSEI":0,"engagementSEIadj":0,"engagementSEIrank":198,"engagementScore":0,"voiceSEI":0,"voiceSEIadj":0,"voiceSEIrank":197,"voiceScore":0}},"instagram":{"entityString":"53c069cbb4e50eb276dac89e","type":"instagram","profiles":0,"postsMade":0,"repliesMade":0,"repliesRcvd":0,"sharesMade":0,"sharesRcvd":0,"mentionsRcvd":0,"likesRcvd":0,"reachRcvd":0,"audience":0,"voice":0,"conversation":0,"engagement":0,"group_scoped":{"audienceScore":0,"voiceScore":0,"engagementScore":0,"combinedScore":0,"combinedScoreRank":188,"SEIrank":169,"engagementSEIrank":169,"voiceSEIrank":169,"audienceSEIrank":169,"engagementSEI":0,"engagementSEIadj":0,"voiceSEI":0,"voiceSEIadj":0,"audienceSEI":0,"audienceSEIadj":0,"SEI":0,"SEIadj":0},"non_scoped":{"SEI":0,"SEIrank":169,"SEIadj":0,"audienceSEI":0,"audienceSEIadj":0,"audienceSEIrank":169,"audienceScore":0,"combinedScore":0,"combinedScoreRank":169,"engagementSEI":0,"engagementSEIadj":0,"engagementSEIrank":169,"engagementScore":0,"voiceSEI":0,"voiceSEIadj":0,"voiceSEIrank":169,"voiceScore":0},"scoped":{"SEI":0,"SEIrank":153,"SEIadj":0,"audienceSEI":0,"audienceSEIadj":0,"audienceSEIrank":153,"audienceScore":0,"combinedScore":0,"combinedScoreRank":153,"engagementSEI":0,"engagementSEIadj":0,"engagementSEIrank":153,"engagementScore":0,"voiceSEI":0,"voiceSEIadj":0,"voiceSEIrank":153,"voiceScore":0}}},"month":{"boundaryQuantum":4987194,"combined":{"entityString":"53c069cbb4e50eb276dac89e","type":"combined","profiles":2,"postsMade":3,"repliesMade":0,"repliesRcvd":17,"sharesMade":0,"sharesRcvd":5,"mentionsRcvd":0,"likesRcvd":140,"reachRcvd":0,"audience":6930,"voice":3,"conversation":20,"engagement":162,"group_scoped":{"audienceScore":0.45766227693917055,"voiceScore":0.0517063081695967,"engagementScore":0.01638311406591473,"combinedScore":0.040213231914761616,"combinedScoreRank":210,"SEIrank":196,"engagementSEIrank":178,"voiceSEIrank":201,"audienceSEIrank":111,"engagementSEI":0.0189464377188489,"engagementSEIadj":0.0189464377188489,"voiceSEI":0.1226993865030675,"voiceSEIadj":0.1226993865030675,"audienceSEI":1.064362442289439,"audienceSEIadj":1.064362442289439,"SEI":0.1546139228111735,"SEIadj":0.1546139228111735},"non_scoped":{"SEI":0.05436510390121442,"SEIrank":204,"SEIadj":0,"audienceSEI":0.2722633214553712,"audienceSEIadj":0,"audienceSEIrank":148,"audienceScore":0.050169664684204765,"combinedScore":0.004576883094794262,"combinedScoreRank":191,"engagementSEI":0.004448252001713401,"engagementSEIadj":0,"engagementSEIrank":172,"engagementScore":0.00186093742999946,"voiceSEI":0.08156606851549755,"voiceSEIadj":0,"voiceSEIrank":201,"voiceScore":0.007871123471690191},"scoped":{"SEI":0.5292510165631882,"SEIrank":183,"SEIadj":0,"audienceSEI":3.5544294448319724,"audienceSEIadj":0,"audienceSEIrank":134,"audienceScore":0.14403373008078982,"combinedScore":0.02518733193161566,"combinedScoreRank":165,"engagementSEI":0.13375496420816235,"engagementSEIadj":0,"engagementSEIrank":159,"engagementScore":0.01906344361103985,"voiceSEI":0.31185031185031187,"voiceSEIadj":0,"voiceSEIrank":185,"voiceScore":0.01657092355280601}},"facebook":{"entityString":"53c069cbb4e50eb276dac89e","type":"facebook","profiles":1,"postsMade":2,"repliesMade":0,"repliesRcvd":17,"sharesMade":0,"sharesRcvd":1,"mentionsRcvd":0,"likesRcvd":118,"reachRcvd":0,"audience":2586,"voice":2,"conversation":19,"engagement":136,"group_scoped":{"audienceScore":0.24876291912607837,"voiceScore":0.09090909090909091,"engagementScore":0.014594905519449858,"combinedScore":0.03011901546926334,"combinedScoreRank":151,"SEIrank":136,"engagementSEIrank":119,"voiceSEIrank":135,"audienceSEIrank":111,"engagementSEI":0.01666246021225034,"engagementSEIadj":0.01666246021225034,"voiceSEI":0.19065776930409914,"voiceSEIadj":0.19065776930409914,"audienceSEI":0.47559932687798284,"audienceSEIadj":0.47559932687798284,"SEI":0.11475473960637823,"SEIadj":0.11475473960637823},"non_scoped":{"SEI":0.05596214347594292,"SEIrank":140,"SEIadj":0,"audienceSEI":0.1392615904578346,"audienceSEIadj":0,"audienceSEIrank":136,"audienceScore":0.02656014125969019,"combinedScore":0.003702490108684233,"combinedScoreRank":136,"engagementSEI":0.004053373390199778,"engagementSEIadj":0,"engagementSEIrank":115,"engagementScore":0.0018019493381943568,"voiceSEI":0.132013201320132,"voiceSEIadj":0,"voiceSEIrank":135,"voiceScore":0.015054572826496049},"scoped":{"SEI":0.538120646527753,"SEIrank":126,"SEIadj":0,"audienceSEI":1.7750991886437584,"audienceSEIadj":0,"audienceSEIrank":121,"audienceScore":0.10887646310641474,"combinedScore":0.031214991939500104,"combinedScoreRank":115,"engagementSEI":0.3646112600536193,"engagementSEIadj":0,"engagementSEIrank":105,"engagementScore":0.026256397583639172,"voiceSEI":0.4728132387706856,"voiceSEIadj":0,"voiceSEIrank":125,"voiceScore":0.04280821917808219}},"twitter":{"entityString":"53c069cbb4e50eb276dac89e","type":"twitter","profiles":1,"postsMade":1,"repliesMade":0,"repliesRcvd":0,"sharesMade":0,"sharesRcvd":4,"mentionsRcvd":0,"likesRcvd":22,"reachRcvd":0,"audience":4344,"voice":1,"conversation":1,"engagement":26,"group_scoped":{"audienceScore":1.0231745261576075,"voiceScore":0.02842524161455372,"engagementScore":0.1015188786068486,"combinedScore":0.1439469791347718,"combinedScoreRank":198,"SEIrank":182,"engagementSEIrank":169,"voiceSEIrank":203,"audienceSEIrank":115,"engagementSEI":0.3487124463519313,"engagementSEIadj":0.3487124463519313,"voiceSEI":0.07621951219512195,"voiceSEIadj":0.07621951219512195,"audienceSEI":3.7272196863095033,"audienceSEIadj":3.7272196863095033,"SEI":0.6048152901006457,"SEIadj":0.6048152901006457},"non_scoped":{"SEI":0.11594080037483998,"SEIrank":201,"SEIadj":0,"audienceSEI":0.7672512306222259,"audienceSEIadj":0,"audienceSEIrank":144,"audienceScore":0.1245542826143554,"combinedScore":0.015032470725025723,"combinedScoreRank":188,"engagementSEI":0.04149311373900831,"engagementSEIadj":0,"engagementSEIrank":184,"engagementScore":0.009547976747004321,"voiceSEI":0.0477326968973747,"voiceSEIadj":0,"voiceSEIrank":205,"voiceScore":0.0042315504400812455},"scoped":{"SEI":0.5533837059315141,"SEIrank":180,"SEIadj":0,"audienceSEI":3.7272196863095033,"audienceSEIadj":0,"audienceSEIrank":129,"audienceScore":0.19729724574134985,"combinedScore":0.026716221989130186,"combinedScoreRank":170,"engagementSEI":0.22811019477101246,"engagementSEIadj":0,"engagementSEIrank":169,"engagementScore":0.018299935950224173,"voiceSEI":0.145985401459854,"voiceSEIadj":0,"voiceSEIrank":187,"voiceScore":0.007628346937218705}},"instagram":{"entityString":"53c069cbb4e50eb276dac89e","type":"instagram","profiles":0,"postsMade":0,"repliesMade":0,"repliesRcvd":0,"sharesMade":0,"sharesRcvd":0,"mentionsRcvd":0,"likesRcvd":0,"reachRcvd":0,"audience":0,"voice":0,"conversation":0,"engagement":0,"group_scoped":{"audienceScore":0,"voiceScore":0,"engagementScore":0,"combinedScore":0,"combinedScoreRank":188,"SEIrank":169,"engagementSEIrank":169,"voiceSEIrank":169,"audienceSEIrank":169,"engagementSEI":0,"engagementSEIadj":0,"voiceSEI":0,"voiceSEIadj":0,"audienceSEI":0,"audienceSEIadj":0,"SEI":0,"SEIadj":0},"non_scoped":{"SEI":0,"SEIrank":169,"SEIadj":0,"audienceSEI":0,"audienceSEIadj":0,"audienceSEIrank":169,"audienceScore":0,"combinedScore":0,"combinedScoreRank":169,"engagementSEI":0,"engagementSEIadj":0,"engagementSEIrank":169,"engagementScore":0,"voiceSEI":0,"voiceSEIadj":0,"voiceSEIrank":169,"voiceScore":0},"scoped":{"SEI":0,"SEIrank":153,"SEIadj":0,"audienceSEI":0,"audienceSEIadj":0,"audienceSEIrank":153,"audienceScore":0,"combinedScore":0,"combinedScoreRank":153,"engagementSEI":0,"engagementSEIadj":0,"engagementSEIrank":153,"engagementScore":0,"voiceSEI":0,"voiceSEIadj":0,"voiceSEIrank":153,"voiceScore":0}}},"quarter":{"boundaryQuantum":4969914,"combined":{"entityString":"53c069cbb4e50eb276dac89e","type":"combined","profiles":2,"postsMade":16,"repliesMade":0,"repliesRcvd":51,"sharesMade":0,"sharesRcvd":14,"mentionsRcvd":0,"likesRcvd":522,"reachRcvd":0,"audience":6930,"voice":16,"conversation":67,"engagement":587,"group_scoped":{"audienceScore":0.45766227693917055,"voiceScore":0.09499495339310099,"engagementScore":0.02064449511196737,"combinedScore":0.04621290711738421,"combinedScoreRank":196,"SEIrank":195,"engagementSEIrank":172,"voiceSEIrank":197,"audienceSEIrank":111,"engagementSEI":0.02347632830225353,"engagementSEIadj":0.02347632830225353,"voiceSEI":0.22952230669918233,"voiceSEIadj":0.22952230669918233,"audienceSEI":1.064362442289439,"audienceSEIadj":1.064362442289439,"SEI":0.18937873322005075,"SEIadj":0.18937873322005075},"non_scoped":{"SEI":0.07515749563275508,"SEIrank":204,"SEIadj":0,"audienceSEI":0.2722633214553712,"audienceSEIadj":0,"audienceSEIrank":148,"audienceScore":0.050169664684204765,"combinedScore":0.005135910978102882,"combinedScoreRank":189,"engagementSEI":0.0051538385693084615,"engagementSEIadj":0,"engagementSEIrank":164,"engagementScore":0.0021219326866559717,"voiceSEI":0.14946286781877627,"voiceSEIadj":0,"voiceSEIrank":201,"voiceScore":0.014353766518045374},"scoped":{"SEI":0.6244090282939702,"SEIrank":181,"SEIadj":0,"audienceSEI":3.5544294448319724,"audienceSEIadj":0,"audienceSEIrank":134,"audienceScore":0.14403373008078982,"combinedScore":0.02817756095406749,"combinedScoreRank":163,"engagementSEI":0.15340028589422958,"engagementSEIadj":0,"engagementSEIrank":152,"engagementScore":0.02161720243202734,"voiceSEI":0.5897530409141172,"voiceSEIadj":0,"voiceSEIrank":186,"voiceScore":0.030407845224067812}},"facebook":{"entityString":"53c069cbb4e50eb276dac89e","type":"facebook","profiles":1,"postsMade":11,"repliesMade":0,"repliesRcvd":51,"sharesMade":0,"sharesRcvd":1,"mentionsRcvd":0,"likesRcvd":447,"reachRcvd":0,"audience":2586,"voice":11,"conversation":62,"engagement":499,"group_scoped":{"audienceScore":0.24876291912607837,"voiceScore":0.17935757378118375,"engagementScore":0.018364175211160412,"combinedScore":0.03793378233540748,"combinedScoreRank":145,"SEIrank":130,"engagementSEIrank":114,"voiceSEIrank":127,"audienceSEIrank":111,"engagementSEI":0.020601956979480616,"engagementSEIadj":0.020601956979480616,"voiceSEI":0.36581310276022616,"voiceSEIadj":0.36581310276022616,"audienceSEI":0.47559932687798284,"audienceSEIadj":0.47559932687798284,"SEI":0.16966503770355448,"SEIadj":0.16966503770355448},"non_scoped":{"SEI":0.08893176482438557,"SEIrank":137,"SEIadj":0,"audienceSEI":0.1392615904578346,"audienceSEIadj":0,"audienceSEIrank":136,"audienceScore":0.02656014125969019,"combinedScore":0.004537076537144909,"combinedScoreRank":137,"engagementSEI":0.004659233555146464,"engagementSEIadj":0,"engagementSEIrank":118,"engagementScore":0.002035751384412933,"voiceSEI":0.24070021881838077,"voiceSEIadj":0,"voiceSEIrank":127,"voiceScore":0.027537864563775192},"scoped":{"SEI":0.789566650069739,"SEIrank":125,"SEIadj":0,"audienceSEI":1.7750991886437584,"audienceSEIadj":0,"audienceSEIrank":121,"audienceScore":0.10887646310641474,"combinedScore":0.034621614697622455,"combinedScoreRank":116,"engagementSEI":0.43248771440210093,"engagementSEIadj":0,"engagementSEIrank":108,"engagementScore":0.028146562932386765,"voiceSEI":1.1752136752136753,"voiceSEIadj":0,"voiceSEIrank":117,"voiceScore":0.07691769806307251}},"twitter":{"entityString":"53c069cbb4e50eb276dac89e","type":"twitter","profiles":1,"postsMade":5,"repliesMade":0,"repliesRcvd":0,"sharesMade":0,"sharesRcvd":13,"mentionsRcvd":0,"likesRcvd":75,"reachRcvd":0,"audience":4344,"voice":5,"conversation":5,"engagement":88,"group_scoped":{"audienceScore":1.0231745261576075,"voiceScore":0.0473798919738463,"engagementScore":0.1258815283161915,"combinedScore":0.16682109639114506,"combinedScoreRank":192,"SEIrank":186,"engagementSEIrank":174,"voiceSEIrank":202,"audienceSEIrank":115,"engagementSEI":0.3986951794128307,"engagementSEIadj":0.3986951794128307,"voiceSEI":0.1313370107696349,"voiceSEIadj":0.1313370107696349,"audienceSEI":3.7272196863095033,"audienceSEIadj":3.7272196863095033,"SEI":0.6513401795095393,"SEIadj":0.6513401795095393},"non_scoped":{"SEI":0.13031601188001526,"SEIrank":200,"SEIadj":0,"audienceSEI":0.7672512306222259,"audienceSEIadj":0,"audienceSEIrank":144,"audienceScore":0.1245542826143554,"combinedScore":0.01664732473815476,"combinedScoreRank":183,"engagementSEI":0.047609772987946074,"engagementSEIadj":0,"engagementSEIrank":181,"engagementScore":0.01117302830966048,"voiceSEI":0.08341675008341674,"voiceSEIadj":0,"voiceSEIrank":199,"voiceScore":0.007277702574851171},"scoped":{"SEI":0.6261300036192905,"SEIrank":180,"SEIadj":0,"audienceSEI":3.7272196863095033,"audienceSEIadj":0,"audienceSEIrank":129,"audienceScore":0.19729724574134985,"combinedScore":0.03050142378776268,"combinedScoreRank":170,"engagementSEI":0.28993147074327885,"engagementSEIadj":0,"engagementSEIrank":168,"engagementScore":0.022189778077003574,"voiceSEI":0.26483050847457623,"voiceSEIadj":0,"voiceSEIrank":184,"voiceScore":0.013315224627839472}},"instagram":{"entityString":"53c069cbb4e50eb276dac89e","type":"instagram","profiles":0,"postsMade":0,"repliesMade":0,"repliesRcvd":0,"sharesMade":0,"sharesRcvd":0,"mentionsRcvd":0,"likesRcvd":0,"reachRcvd":0,"audience":0,"voice":0,"conversation":0,"engagement":0,"group_scoped":{"audienceScore":0,"voiceScore":0,"engagementScore":0,"combinedScore":0,"combinedScoreRank":188,"SEIrank":169,"engagementSEIrank":169,"voiceSEIrank":169,"audienceSEIrank":169,"engagementSEI":0,"engagementSEIadj":0,"voiceSEI":0,"voiceSEIadj":0,"audienceSEI":0,"audienceSEIadj":0,"SEI":0,"SEIadj":0},"non_scoped":{"SEI":0,"SEIrank":169,"SEIadj":0,"audienceSEI":0,"audienceSEIadj":0,"audienceSEIrank":169,"audienceScore":0,"combinedScore":0,"combinedScoreRank":169,"engagementSEI":0,"engagementSEIadj":0,"engagementSEIrank":169,"engagementScore":0,"voiceSEI":0,"voiceSEIadj":0,"voiceSEIrank":169,"voiceScore":0},"scoped":{"SEI":0,"SEIrank":153,"SEIadj":0,"audienceSEI":0,"audienceSEIadj":0,"audienceSEIrank":153,"audienceScore":0,"combinedScore":0,"combinedScoreRank":153,"engagementSEI":0,"engagementSEIadj":0,"engagementSEIrank":153,"engagementScore":0,"voiceSEI":0,"voiceSEIadj":0,"voiceSEIrank":153,"voiceScore":0}}},"blended":{"combined":{"non_scoped":{"SEI":0.055308118121052935,"SEIadj":40.03318487087263,"SEIrank":206,"audienceSEI":0.2722633214553712,"audienceSEIadj":50.136131660727685,"audienceSEIrank":148,"engagementSEI":0.0033198045325033196,"engagementSEIadj":40.0019918827195,"engagementSEIrank":181,"voiceSEI":0.08696634418671277,"voiceSEIadj":40.05217980651203,"voiceSEIrank":202},"scoped":{"SEI":6.393094278935349,"SEIadj":53.196547139467675,"SEIrank":112,"compCharisma":3,"compInfluence":3,"compEva":0.393094278935349,"audienceSEI":3.554429444831973,"audienceSEIadj":51.777214722415984,"audienceSEIrank":134,"engagementSEI":0.09881691622506375,"engagementSEIadj":40.05929014973504,"engagementSEIrank":167,"voiceSEI":0.34165406723460534,"voiceSEIadj":40.20499244034076,"voiceSEIrank":186}},"facebook":{"non_scoped":{"SEI":0.057784341550570585,"SEIadj":50.028892170775286,"SEIrank":144,"audienceSEI":0.13926159045783462,"audienceSEIadj":50.06963079522892,"audienceSEIrank":136,"engagementSEI":0.003020926037706786,"engagementSEIadj":50.00151046301885,"engagementSEIrank":122,"voiceSEI":0.14015208960721018,"voiceSEIadj":50.070076044803606,"voiceSEIrank":136},"scoped":{"SEI":0.5413316931024251,"SEIadj":50.27066584655121,"SEIrank":131,"audienceSEI":1.7750991886437584,"audienceSEIadj":50.88754959432188,"audienceSEIrank":121,"engagementSEI":0.277105212018862,"engagementSEIadj":50.13855260600943,"engagementSEIrank":112,"voiceSEI":0.6585288234224405,"voiceSEIadj":50.32926441171122,"voiceSEIrank":126}},"twitter":{"non_scoped":{"SEI":0.10940291906801153,"SEIadj":40.06564175144081,"SEIrank":202,"audienceSEI":0.7672512306222258,"audienceSEIadj":50.38362561531111,"audienceSEIrank":144,"engagementSEI":0.030028853554824285,"engagementSEIadj":40.0180173121329,"engagementSEIrank":188,"voiceSEI":0.04886827957631458,"voiceSEIadj":40.02932096774579,"voiceSEIrank":201},"scoped":{"SEI":0.526525246720205,"SEIadj":40.315915148032126,"SEIrank":180,"audienceSEI":3.7272196863095033,"audienceSEIadj":51.86360984315475,"audienceSEIrank":129,"engagementSEI":0.1791822645872913,"engagementSEIadj":40.107509358752374,"engagementSEIrank":173,"voiceSEI":0.15431306445626622,"voiceSEIadj":40.09258783867376,"voiceSEIrank":185}},"instagram":{"non_scoped":{"SEI":0,"SEIadj":0,"SEIrank":169,"audienceSEI":0,"audienceSEIadj":0,"audienceSEIrank":169,"engagementSEI":0,"engagementSEIadj":0,"engagementSEIrank":169,"voiceSEI":0,"voiceSEIadj":0,"voiceSEIrank":169},"scoped":{"SEI":0,"SEIadj":0,"SEIrank":153,"audienceSEI":0,"audienceSEIadj":0,"audienceSEIrank":153,"engagementSEI":0,"engagementSEIadj":0,"engagementSEIrank":153,"voiceSEI":0,"voiceSEIadj":0,"voiceSEIrank":153}},"influence":{"instagram":{"scope":"individual","ratio":0,"calculated":false},"combined":{"ratio":0.75,"bottom":true,"scope":"individual","calculated":true},"facebook":{"ratio":1.35,"bottom":true,"scope":"individual","calculated":true},"twitter":{"ratio":0.11,"bottom":false,"scope":"individual","calculated":true}},"charisma":{"instagram":{"scope":"individual","ratio":0,"calculated":false},"combined":{"ratio":0.81,"bottom":true,"scope":"individual","calculated":true},"facebook":{"ratio":0.2,"bottom":false,"scope":"individual","calculated":true},"twitter":{"ratio":0.26,"bottom":false,"scope":"individual","calculated":true}}},"scope":"individual"}}