{"scoreEntityString":"591d1494ab33fb0001804f89.asset.53c0728fb4e50eb276dac8b1","timeQuantum":4995834,"scoreEntityType":"asset","scoreProfileID":"591d1494ab33fb0001804f89","data":{"scoreEntityString":"591d1494ab33fb0001804f89.asset.53c0728fb4e50eb276dac8b1","scoreProfileID":"591d1494ab33fb0001804f89","scoreEntityType":"asset","entityID":"asset.53c0728fb4e50eb276dac8b1","object_version":"1.2","score_engine_version":"3.0.20","timestamp":4995834,"start_quantum":4969914,"end_quantum":4995833,"schedule_options":{"interval":15,"offset":"1"},"_15min":{"boundaryQuantum":4995831,"combined":{"entityString":"53c0728fb4e50eb276dac8b1","type":"combined","profiles":2,"postsMade":0,"repliesMade":0,"repliesRcvd":0,"sharesMade":0,"sharesRcvd":0,"mentionsRcvd":0,"likesRcvd":0,"reachRcvd":0,"audience":28573,"voice":0,"conversation":0,"engagement":0,"group_scoped":{"audienceScore":1.886981852667088,"voiceScore":0,"engagementScore":0,"combinedScore":1.886981852667088,"engagementSEI":0,"engagementSEIadj":0,"voiceSEI":0,"voiceSEIadj":0,"audienceSEI":4.388460038028303,"audienceSEIadj":4.388460038028303,"SEI":0.43884600380283034,"SEIadj":0.43884600380283034,"combinedScoreRank":36,"SEIrank":34,"engagementSEIrank":165,"voiceSEIrank":162,"audienceSEIrank":31},"non_scoped":{"SEI":0.11225656398188055,"SEIrank":63,"SEIadj":0,"audienceSEI":1.1225656398188055,"audienceSEIadj":0,"audienceSEIrank":61,"audienceScore":0.20685394358178683,"combinedScore":0.010342697179089342,"combinedScoreRank":63,"engagementSEI":0,"engagementSEIadj":0,"engagementSEIrank":165,"engagementScore":0,"voiceSEI":0,"voiceSEIadj":0,"voiceSEIrank":162,"voiceScore":0},"scoped":{"SEI":1.4655225472898117,"SEIrank":52,"SEIadj":0,"audienceSEI":14.655225472898117,"audienceSEIadj":0,"audienceSEIrank":50,"audienceScore":0.5938637474167977,"combinedScore":0.029693187370839886,"combinedScoreRank":52,"engagementSEI":0,"engagementSEIadj":0,"engagementSEIrank":149,"engagementScore":0,"voiceSEI":0,"voiceSEIadj":0,"voiceSEIrank":148,"voiceScore":0}},"facebook":{"entityString":"53c0728fb4e50eb276dac8b1","type":"facebook","profiles":1,"postsMade":0,"repliesMade":0,"repliesRcvd":0,"sharesMade":0,"sharesRcvd":0,"mentionsRcvd":0,"likesRcvd":0,"reachRcvd":0,"audience":26373,"voice":0,"conversation":0,"engagement":0,"group_scoped":{"audienceScore":2.5369777517834744,"voiceScore":0,"engagementScore":0,"combinedScore":2.5369777517834744,"engagementSEI":0,"engagementSEIadj":0,"voiceSEI":0,"voiceSEIadj":0,"audienceSEI":4.850340699053767,"audienceSEIadj":4.850340699053767,"SEI":0.48503406990537673,"SEIadj":0.48503406990537673,"combinedScoreRank":24,"SEIrank":25,"engagementSEIrank":164,"voiceSEIrank":162,"audienceSEIrank":21},"non_scoped":{"SEI":0.1420242043752696,"SEIrank":35,"SEIadj":0,"audienceSEI":1.420242043752696,"audienceSEIadj":0,"audienceSEIrank":33,"audienceScore":0.27087030372846455,"combinedScore":0.013543515186423228,"combinedScoreRank":35,"engagementSEI":0,"engagementSEIadj":0,"engagementSEIrank":164,"engagementScore":0,"voiceSEI":0,"voiceSEIadj":0,"voiceSEIrank":162,"voiceScore":0},"scoped":{"SEI":1.810312873244464,"SEIrank":26,"SEIadj":0,"audienceSEI":18.103128732444638,"audienceSEIadj":0,"audienceSEIrank":24,"audienceScore":1.1103630941629838,"combinedScore":0.05551815470814919,"combinedScoreRank":26,"engagementSEI":0,"engagementSEIadj":0,"engagementSEIrank":148,"engagementScore":0,"voiceSEI":0,"voiceSEIadj":0,"voiceSEIrank":148,"voiceScore":0}},"twitter":{"entityString":"53c0728fb4e50eb276dac8b1","type":"twitter","profiles":1,"postsMade":0,"repliesMade":0,"repliesRcvd":0,"sharesMade":0,"sharesRcvd":0,"mentionsRcvd":0,"likesRcvd":0,"reachRcvd":0,"audience":2200,"voice":0,"conversation":0,"engagement":0,"group_scoped":{"audienceScore":0.5181823106691382,"voiceScore":0,"engagementScore":0,"combinedScore":0.5181823106691382,"engagementSEI":0,"engagementSEIadj":0,"voiceSEI":0,"voiceSEIadj":0,"audienceSEI":1.8876342794385146,"audienceSEIadj":1.8876342794385146,"SEI":0.18876342794385148,"SEIadj":0.18876342794385148,"combinedScoreRank":192,"SEIrank":168,"engagementSEIrank":163,"voiceSEIrank":162,"audienceSEIrank":168},"non_scoped":{"SEI":0.03885710652322508,"SEIrank":197,"SEIadj":0,"audienceSEI":0.3885710652322507,"audienceSEIadj":0,"audienceSEIrank":197,"audienceScore":0.06307997738296084,"combinedScore":0.003153998869148042,"combinedScoreRank":197,"engagementSEI":0,"engagementSEIadj":0,"engagementSEIrank":163,"engagementScore":0,"voiceSEI":0,"voiceSEIadj":0,"voiceSEIrank":162,"voiceScore":0},"scoped":{"SEI":0.18876342794385148,"SEIrank":179,"SEIadj":0,"audienceSEI":1.8876342794385146,"audienceSEIadj":0,"audienceSEIrank":179,"audienceScore":0.09992033624101511,"combinedScore":0.014274333748716443,"combinedScoreRank":179,"engagementSEI":0,"engagementSEIadj":0,"engagementSEIrank":149,"engagementScore":0,"voiceSEI":0,"voiceSEIadj":0,"voiceSEIrank":148,"voiceScore":0}},"instagram":{"entityString":"53c0728fb4e50eb276dac8b1","type":"instagram","profiles":0,"postsMade":0,"repliesMade":0,"repliesRcvd":0,"sharesMade":0,"sharesRcvd":0,"mentionsRcvd":0,"likesRcvd":0,"reachRcvd":0,"audience":0,"voice":0,"conversation":0,"engagement":0,"group_scoped":{"audienceScore":0,"voiceScore":0,"engagementScore":0,"combinedScore":0,"engagementSEI":0,"engagementSEIadj":0,"voiceSEI":0,"voiceSEIadj":0,"audienceSEI":0,"audienceSEIadj":0,"SEI":0,"SEIadj":0,"combinedScoreRank":182,"SEIrank":163,"engagementSEIrank":163,"voiceSEIrank":162,"audienceSEIrank":163},"non_scoped":{"SEI":0,"SEIrank":163,"SEIadj":0,"audienceSEI":0,"audienceSEIadj":0,"audienceSEIrank":163,"audienceScore":0,"combinedScore":0,"combinedScoreRank":163,"engagementSEI":0,"engagementSEIadj":0,"engagementSEIrank":163,"engagementScore":0,"voiceSEI":0,"voiceSEIadj":0,"voiceSEIrank":162,"voiceScore":0},"scoped":{"SEI":0,"SEIrank":148,"SEIadj":0,"audienceSEI":0,"audienceSEIadj":0,"audienceSEIrank":148,"audienceScore":0,"combinedScore":0,"combinedScoreRank":148,"engagementSEI":0,"engagementSEIadj":0,"engagementSEIrank":148,"engagementScore":0,"voiceSEI":0,"voiceSEIadj":0,"voiceSEIrank":148,"voiceScore":0}}},"hour":{"boundaryQuantum":4995822,"combined":{"entityString":"53c0728fb4e50eb276dac8b1","type":"combined","profiles":2,"postsMade":0,"repliesMade":0,"repliesRcvd":0,"sharesMade":0,"sharesRcvd":0,"mentionsRcvd":0,"likesRcvd":0,"reachRcvd":0,"audience":28573,"voice":0,"conversation":0,"engagement":0,"group_scoped":{"audienceScore":1.886981852667088,"voiceScore":0,"engagementScore":0,"combinedScore":1.886981852667088,"combinedScoreRank":31,"SEIrank":60,"engagementSEIrank":177,"voiceSEIrank":168,"audienceSEIrank":31,"engagementSEI":0,"engagementSEIadj":0,"voiceSEI":0,"voiceSEIadj":0,"audienceSEI":4.388460038028303,"audienceSEIadj":4.388460038028303,"SEI":0.43884600380283034,"SEIadj":0.43884600380283034},"non_scoped":{"SEI":0.11225656398188055,"SEIrank":89,"SEIadj":0,"audienceSEI":1.1225656398188055,"audienceSEIadj":0,"audienceSEIrank":61,"audienceScore":0.20685394358178683,"combinedScore":0.010342697179089342,"combinedScoreRank":96,"engagementSEI":0,"engagementSEIadj":0,"engagementSEIrank":177,"engagementScore":0,"voiceSEI":0,"voiceSEIadj":0,"voiceSEIrank":168,"voiceScore":0},"scoped":{"SEI":1.4655225472898117,"SEIrank":82,"SEIadj":0,"audienceSEI":14.655225472898117,"audienceSEIadj":0,"audienceSEIrank":50,"audienceScore":0.5938637474167977,"combinedScore":0.029693187370839886,"combinedScoreRank":85,"engagementSEI":0,"engagementSEIadj":0,"engagementSEIrank":160,"engagementScore":0,"voiceSEI":0,"voiceSEIadj":0,"voiceSEIrank":152,"voiceScore":0}},"facebook":{"entityString":"53c0728fb4e50eb276dac8b1","type":"facebook","profiles":1,"postsMade":0,"repliesMade":0,"repliesRcvd":0,"sharesMade":0,"sharesRcvd":0,"mentionsRcvd":0,"likesRcvd":0,"reachRcvd":0,"audience":26373,"voice":0,"conversation":0,"engagement":0,"group_scoped":{"audienceScore":2.5369777517834744,"voiceScore":0,"engagementScore":0,"combinedScore":2.5369777517834744,"combinedScoreRank":24,"SEIrank":43,"engagementSEIrank":173,"voiceSEIrank":166,"audienceSEIrank":21,"engagementSEI":0,"engagementSEIadj":0,"voiceSEI":0,"voiceSEIadj":0,"audienceSEI":4.850340699053767,"audienceSEIadj":4.850340699053767,"SEI":0.48503406990537673,"SEIadj":0.48503406990537673},"non_scoped":{"SEI":0.1420242043752696,"SEIrank":53,"SEIadj":0,"audienceSEI":1.420242043752696,"audienceSEIadj":0,"audienceSEIrank":33,"audienceScore":0.27087030372846455,"combinedScore":0.013543515186423228,"combinedScoreRank":60,"engagementSEI":0,"engagementSEIadj":0,"engagementSEIrank":173,"engagementScore":0,"voiceSEI":0,"voiceSEIadj":0,"voiceSEIrank":166,"voiceScore":0},"scoped":{"SEI":1.810312873244464,"SEIrank":47,"SEIadj":0,"audienceSEI":18.103128732444638,"audienceSEIadj":0,"audienceSEIrank":24,"audienceScore":1.1103630941629838,"combinedScore":0.05551815470814919,"combinedScoreRank":50,"engagementSEI":0,"engagementSEIadj":0,"engagementSEIrank":156,"engagementScore":0,"voiceSEI":0,"voiceSEIadj":0,"voiceSEIrank":150,"voiceScore":0}},"twitter":{"entityString":"53c0728fb4e50eb276dac8b1","type":"twitter","profiles":1,"postsMade":0,"repliesMade":0,"repliesRcvd":0,"sharesMade":0,"sharesRcvd":0,"mentionsRcvd":0,"likesRcvd":0,"reachRcvd":0,"audience":2200,"voice":0,"conversation":0,"engagement":0,"group_scoped":{"audienceScore":0.5181823106691382,"voiceScore":0,"engagementScore":0,"combinedScore":0.5181823106691382,"combinedScoreRank":197,"SEIrank":174,"engagementSEIrank":169,"voiceSEIrank":167,"audienceSEIrank":168,"engagementSEI":0,"engagementSEIadj":0,"voiceSEI":0,"voiceSEIadj":0,"audienceSEI":1.8876342794385146,"audienceSEIadj":1.8876342794385146,"SEI":0.18876342794385148,"SEIadj":0.18876342794385148},"non_scoped":{"SEI":0.03885710652322508,"SEIrank":197,"SEIadj":0,"audienceSEI":0.3885710652322507,"audienceSEIadj":0,"audienceSEIrank":197,"audienceScore":0.06307997738296084,"combinedScore":0.003153998869148042,"combinedScoreRank":197,"engagementSEI":0,"engagementSEIadj":0,"engagementSEIrank":169,"engagementScore":0,"voiceSEI":0,"voiceSEIadj":0,"voiceSEIrank":167,"voiceScore":0},"scoped":{"SEI":0.18876342794385148,"SEIrank":179,"SEIadj":0,"audienceSEI":1.8876342794385146,"audienceSEIadj":0,"audienceSEIrank":179,"audienceScore":0.09992033624101511,"combinedScore":0.0049960168120507555,"combinedScoreRank":179,"engagementSEI":0,"engagementSEIadj":0,"engagementSEIrank":152,"engagementScore":0,"voiceSEI":0,"voiceSEIadj":0,"voiceSEIrank":151,"voiceScore":0}},"instagram":{"entityString":"53c0728fb4e50eb276dac8b1","type":"instagram","profiles":0,"postsMade":0,"repliesMade":0,"repliesRcvd":0,"sharesMade":0,"sharesRcvd":0,"mentionsRcvd":0,"likesRcvd":0,"reachRcvd":0,"audience":0,"voice":0,"conversation":0,"engagement":0,"group_scoped":{"audienceScore":0,"voiceScore":0,"engagementScore":0,"combinedScore":0,"combinedScoreRank":182,"SEIrank":163,"engagementSEIrank":163,"voiceSEIrank":162,"audienceSEIrank":163,"engagementSEI":0,"engagementSEIadj":0,"voiceSEI":0,"voiceSEIadj":0,"audienceSEI":0,"audienceSEIadj":0,"SEI":0,"SEIadj":0},"non_scoped":{"SEI":0,"SEIrank":163,"SEIadj":0,"audienceSEI":0,"audienceSEIadj":0,"audienceSEIrank":163,"audienceScore":0,"combinedScore":0,"combinedScoreRank":163,"engagementSEI":0,"engagementSEIadj":0,"engagementSEIrank":163,"engagementScore":0,"voiceSEI":0,"voiceSEIadj":0,"voiceSEIrank":162,"voiceScore":0},"scoped":{"SEI":0,"SEIrank":148,"SEIadj":0,"audienceSEI":0,"audienceSEIadj":0,"audienceSEIrank":148,"audienceScore":0,"combinedScore":0,"combinedScoreRank":148,"engagementSEI":0,"engagementSEIadj":0,"engagementSEIrank":148,"engagementScore":0,"voiceSEI":0,"voiceSEIadj":0,"voiceSEIrank":148,"voiceScore":0}}},"today":{"boundaryQuantum":4995546,"combined":{"entityString":"53c0728fb4e50eb276dac8b1","type":"combined","profiles":2,"postsMade":1,"repliesMade":0,"repliesRcvd":0,"sharesMade":0,"sharesRcvd":0,"mentionsRcvd":0,"likesRcvd":8,"reachRcvd":0,"audience":28573,"voice":1,"conversation":1,"engagement":8,"group_scoped":{"audienceScore":1.886981852667088,"voiceScore":0.5025125628140703,"engagementScore":0.024747115414359516,"combinedScore":0.14174712464698147,"combinedScoreRank":158,"SEIrank":107,"engagementSEIrank":123,"voiceSEIrank":126,"audienceSEIrank":31,"engagementSEI":0.029771873022961557,"engagementSEIadj":0.029771873022961557,"voiceSEI":0.9615384615384616,"voiceSEIadj":0.9615384615384616,"audienceSEI":4.388460038028303,"audienceSEIadj":4.388460038028303,"SEI":0.7451706660781457,"SEIadj":0.7451706660781457},"non_scoped":{"SEI":0.3226139656718451,"SEIrank":123,"SEIadj":0,"audienceSEI":1.1225656398188055,"audienceSEIadj":0,"audienceSEIrank":61,"audienceScore":0.20685394358178683,"combinedScore":0.016510880698980577,"combinedScoreRank":120,"engagementSEI":0.008129916058616694,"engagementSEIadj":0,"engagementSEIrank":125,"engagementScore":0.002976666654263889,"voiceSEI":0.684931506849315,"voiceSEIadj":0,"voiceSEIrank":133,"voiceScore":0.06978367062107467},"scoped":{"SEI":2.829931811435223,"SEIrank":114,"SEIadj":0,"audienceSEI":14.655225472898117,"audienceSEIadj":0,"audienceSEIrank":50,"audienceScore":0.5938637474167977,"combinedScore":0.06765809501483847,"combinedScoreRank":109,"engagementSEI":0.4221635883905013,"engagementSEIadj":0,"engagementSEIrank":113,"engagementScore":0.03309066843150232,"voiceSEI":3.7037037037037033,"voiceSEIadj":0,"voiceSEIrank":121,"voiceScore":0.16366612111292964}},"facebook":{"entityString":"53c0728fb4e50eb276dac8b1","type":"facebook","profiles":1,"postsMade":0,"repliesMade":0,"repliesRcvd":0,"sharesMade":0,"sharesRcvd":0,"mentionsRcvd":0,"likesRcvd":2,"reachRcvd":0,"audience":26373,"voice":0,"conversation":0,"engagement":2,"group_scoped":{"audienceScore":2.5369777517834744,"voiceScore":0,"engagementScore":0.006631959412408395,"combinedScore":0.3681099297511321,"combinedScoreRank":78,"SEIrank":80,"engagementSEIrank":90,"voiceSEIrank":182,"audienceSEIrank":21,"engagementSEI":0.007931472081218274,"engagementSEIadj":0.007931472081218274,"voiceSEI":0,"voiceSEIadj":0,"audienceSEI":4.850340699053767,"audienceSEIadj":4.850340699053767,"SEI":0.4897929531541077,"SEIadj":0.4897929531541077},"non_scoped":{"SEI":0.14343487373788216,"SEIrank":86,"SEIadj":0,"audienceSEI":1.420242043752696,"audienceSEIadj":0,"audienceSEIrank":33,"audienceScore":0.27087030372846455,"combinedScore":0.014324158696890356,"combinedScoreRank":88,"engagementSEI":0.002351115604354266,"engagementSEIadj":0,"engagementSEIrank":91,"engagementScore":0.0008673816782968093,"voiceSEI":0,"voiceSEIadj":0,"voiceSEIrank":182,"voiceScore":0},"scoped":{"SEI":1.879677035094175,"SEIrank":80,"SEIadj":0,"audienceSEI":18.103128732444638,"audienceSEIadj":0,"audienceSEIrank":24,"audienceScore":1.1103630941629838,"combinedScore":0.06553931048144838,"combinedScoreRank":75,"engagementSEI":0.11560693641618498,"engagementSEIadj":0,"engagementSEIrank":81,"engagementScore":0.011134617525887985,"voiceSEI":0,"voiceSEIadj":0,"voiceSEIrank":165,"voiceScore":0}},"twitter":{"entityString":"53c0728fb4e50eb276dac8b1","type":"twitter","profiles":1,"postsMade":1,"repliesMade":0,"repliesRcvd":0,"sharesMade":0,"sharesRcvd":0,"mentionsRcvd":0,"likesRcvd":6,"reachRcvd":0,"audience":2200,"voice":1,"conversation":1,"engagement":6,"group_scoped":{"audienceScore":0.5181823106691382,"voiceScore":0.9009009009009009,"engagementScore":0.8075370121130552,"combinedScore":0.7977374714802516,"combinedScoreRank":136,"SEIrank":105,"engagementSEIrank":74,"voiceSEIrank":103,"audienceSEIrank":168,"engagementSEI":2.631578947368421,"engagementSEIadj":2.631578947368421,"voiceSEI":1.8181818181818181,"voiceSEIadj":1.8181818181818181,"audienceSEI":1.8876342794385146,"audienceSEIadj":1.8876342794385146,"SEI":2.3131653418194493,"SEIadj":2.3131653418194493},"non_scoped":{"SEI":0.5507779145952137,"SEIrank":117,"SEIadj":0,"audienceSEI":0.3885710652322507,"audienceSEIadj":0,"audienceSEIrank":197,"audienceScore":0.06307997738296084,"combinedScore":0.0715552751169458,"combinedScoreRank":106,"engagementSEI":0.291403593977659,"engagementSEIadj":0,"engagementSEIrank":102,"engagementScore":0.06970260223048327,"voiceSEI":1.1235955056179776,"voiceSEIadj":0,"voiceSEIrank":115,"voiceScore":0.11337868480725624},"scoped":{"SEI":2.7697069987116585,"SEIrank":106,"SEIadj":0,"audienceSEI":1.8876342794385146,"audienceSEIadj":0,"audienceSEIrank":179,"audienceScore":0.09992033624101511,"combinedScore":0.14996882167933445,"combinedScoreRank":93,"engagementSEI":2.127659574468085,"engagementSEIadj":0,"engagementSEIrank":91,"engagementScore":0.1483679525222552,"voiceSEI":4.3478260869565215,"voiceSEIadj":0,"voiceSEIrank":104,"voiceScore":0.2288329519450801}},"instagram":{"entityString":"53c0728fb4e50eb276dac8b1","type":"instagram","profiles":0,"postsMade":0,"repliesMade":0,"repliesRcvd":0,"sharesMade":0,"sharesRcvd":0,"mentionsRcvd":0,"likesRcvd":0,"reachRcvd":0,"audience":0,"voice":0,"conversation":0,"engagement":0,"group_scoped":{"audienceScore":0,"voiceScore":0,"engagementScore":0,"combinedScore":0,"combinedScoreRank":182,"SEIrank":163,"engagementSEIrank":163,"voiceSEIrank":163,"audienceSEIrank":163,"engagementSEI":0,"engagementSEIadj":0,"voiceSEI":0,"voiceSEIadj":0,"audienceSEI":0,"audienceSEIadj":0,"SEI":0,"SEIadj":0},"non_scoped":{"SEI":0,"SEIrank":163,"SEIadj":0,"audienceSEI":0,"audienceSEIadj":0,"audienceSEIrank":163,"audienceScore":0,"combinedScore":0,"combinedScoreRank":163,"engagementSEI":0,"engagementSEIadj":0,"engagementSEIrank":163,"engagementScore":0,"voiceSEI":0,"voiceSEIadj":0,"voiceSEIrank":163,"voiceScore":0},"scoped":{"SEI":0,"SEIrank":148,"SEIadj":0,"audienceSEI":0,"audienceSEIadj":0,"audienceSEIrank":148,"audienceScore":0,"combinedScore":0,"combinedScoreRank":148,"engagementSEI":0,"engagementSEIadj":0,"engagementSEIrank":148,"engagementScore":0,"voiceSEI":0,"voiceSEIadj":0,"voiceSEIrank":148,"voiceScore":0}}},"week":{"boundaryQuantum":4993818,"combined":{"entityString":"53c0728fb4e50eb276dac8b1","type":"combined","profiles":2,"postsMade":20,"repliesMade":0,"repliesRcvd":8,"sharesMade":0,"sharesRcvd":10,"mentionsRcvd":0,"likesRcvd":204,"reachRcvd":0,"audience":28573,"voice":20,"conversation":28,"engagement":222,"group_scoped":{"audienceScore":1.886981852667088,"voiceScore":1.6326530612244898,"engagementScore":0.11907124429450287,"combinedScore":0.2831458655596315,"combinedScoreRank":105,"SEIrank":73,"engagementSEIrank":107,"voiceSEIrank":63,"audienceSEIrank":31,"engagementSEI":0.13876908074860292,"engagementSEIadj":0.13876908074860292,"voiceSEI":3.710575139146568,"voiceSEIadj":3.710575139146568,"audienceSEI":4.388460038028303,"audienceSEIadj":4.388460038028303,"SEI":1.6352799939959626,"SEIadj":1.6352799939959626},"non_scoped":{"SEI":0.847613171598819,"SEIrank":71,"SEIadj":0,"audienceSEI":1.1225656398188055,"audienceSEIadj":0,"audienceSEIrank":61,"audienceScore":0.20685394358178683,"combinedScore":0.032905459803562645,"combinedScoreRank":90,"engagementSEI":0.027989555609069117,"engagementSEIadj":0,"engagementSEIrank":105,"engagementScore":0.011739069049521421,"voiceSEI":2.3952095808383236,"voiceSEIadj":0,"voiceSEIrank":69,"voiceScore":0.23995200959808036},"scoped":{"SEI":4.541493243107219,"SEIrank":71,"SEIadj":0,"audienceSEI":14.655225472898117,"audienceSEIadj":0,"audienceSEIrank":50,"audienceScore":0.5938637474167977,"combinedScore":0.1551699403519034,"combinedScoreRank":86,"engagementSEI":0.7598055992881101,"engagementSEIadj":0,"engagementSEIrank":94,"engagementScore":0.11120350240940921,"voiceSEI":8.73362445414847,"voiceSEIadj":0,"voiceSEIrank":59,"voiceScore":0.5078720162519045}},"facebook":{"entityString":"53c0728fb4e50eb276dac8b1","type":"facebook","profiles":1,"postsMade":8,"repliesMade":0,"repliesRcvd":8,"sharesMade":0,"sharesRcvd":0,"mentionsRcvd":0,"likesRcvd":133,"reachRcvd":0,"audience":26373,"voice":8,"conversation":16,"engagement":141,"group_scoped":{"audienceScore":2.5369777517834744,"voiceScore":1.7204301075268817,"engagementScore":0.0831971299940405,"combinedScore":0.28774780996015425,"combinedScoreRank":81,"SEIrank":44,"engagementSEIrank":81,"voiceSEIrank":37,"audienceSEIrank":21,"engagementSEI":0.09602026640516466,"engagementSEIadj":0.09602026640516466,"voiceSEI":3.4934497816593884,"voiceSEIadj":3.4934497816593884,"audienceSEI":4.850340699053767,"audienceSEIadj":4.850340699053767,"SEI":1.590681164246292,"SEIadj":1.590681164246292},"non_scoped":{"SEI":0.861734564621287,"SEIrank":43,"SEIadj":0,"audienceSEI":1.420242043752696,"audienceSEIadj":0,"audienceSEIrank":33,"audienceScore":0.27087030372846455,"combinedScore":0.03513777698108375,"combinedScoreRank":67,"engagementSEI":0.019576264126843084,"engagementSEIadj":0,"engagementSEIrank":85,"engagementScore":0.00878854572007173,"voiceSEI":2.359882005899705,"voiceSEIadj":0,"voiceSEIrank":44,"voiceScore":0.27369141293191923},"scoped":{"SEI":5.680235752421842,"SEIrank":55,"SEIadj":0,"audienceSEI":18.103128732444638,"audienceSEIadj":0,"audienceSEIrank":24,"audienceScore":1.1103630941629838,"combinedScore":0.20750978211521737,"combinedScoreRank":68,"engagementSEI":1.4498714652956297,"engagementSEIadj":0,"engagementSEIrank":75,"engagementScore":0.1253066012583982,"voiceSEI":10,"voiceSEIadj":0,"voiceSEIrank":36,"voiceScore":0.7843137254901961}},"twitter":{"entityString":"53c0728fb4e50eb276dac8b1","type":"twitter","profiles":1,"postsMade":12,"repliesMade":0,"repliesRcvd":0,"sharesMade":0,"sharesRcvd":10,"mentionsRcvd":0,"likesRcvd":71,"reachRcvd":0,"audience":2200,"voice":12,"conversation":12,"engagement":81,"group_scoped":{"audienceScore":0.5181823106691382,"voiceScore":1.6304347826086956,"engagementScore":1.6052318668252081,"combinedScore":1.5521395348065792,"combinedScoreRank":92,"SEIrank":72,"engagementSEIrank":62,"voiceSEIrank":82,"audienceSEIrank":168,"engagementSEI":6.672158154859967,"engagementSEIadj":6.672158154859967,"voiceSEI":4.195804195804196,"voiceSEIadj":4.195804195804196,"audienceSEI":1.8876342794385146,"audienceSEIadj":1.8876342794385146,"SEI":5.45079957960109,"SEIadj":5.45079957960109},"non_scoped":{"SEI":1.1687211477796713,"SEIrank":99,"SEIadj":0,"audienceSEI":0.3885710652322507,"audienceSEIadj":0,"audienceSEIrank":197,"audienceScore":0.06307997738296084,"combinedScore":0.13242436784899944,"combinedScoreRank":97,"engagementSEI":0.6172839506172839,"engagementSEIadj":0,"engagementSEIrank":94,"engagementScore":0.13055671964153315,"voiceSEI":2.5316455696202533,"voiceSEIadj":0,"voiceSEIrank":85,"voiceScore":0.23538642604943116},"scoped":{"SEI":4.4999522391326625,"SEIrank":89,"SEIadj":0,"audienceSEI":1.8876342794385146,"audienceSEIadj":0,"audienceSEIrank":179,"audienceScore":0.09992033624101511,"combinedScore":0.23781806104340478,"combinedScoreRank":87,"engagementSEI":3.7762237762237763,"engagementSEIadj":0,"engagementSEIrank":84,"engagementScore":0.23515067061487546,"voiceSEI":6.8181818181818175,"voiceSEIadj":0,"voiceSEIrank":74,"voiceScore":0.423728813559322}},"instagram":{"entityString":"53c0728fb4e50eb276dac8b1","type":"instagram","profiles":0,"postsMade":0,"repliesMade":0,"repliesRcvd":0,"sharesMade":0,"sharesRcvd":0,"mentionsRcvd":0,"likesRcvd":0,"reachRcvd":0,"audience":0,"voice":0,"conversation":0,"engagement":0,"group_scoped":{"audienceScore":0,"voiceScore":0,"engagementScore":0,"combinedScore":0,"combinedScoreRank":182,"SEIrank":163,"engagementSEIrank":163,"voiceSEIrank":163,"audienceSEIrank":163,"engagementSEI":0,"engagementSEIadj":0,"voiceSEI":0,"voiceSEIadj":0,"audienceSEI":0,"audienceSEIadj":0,"SEI":0,"SEIadj":0},"non_scoped":{"SEI":0,"SEIrank":163,"SEIadj":0,"audienceSEI":0,"audienceSEIadj":0,"audienceSEIrank":163,"audienceScore":0,"combinedScore":0,"combinedScoreRank":163,"engagementSEI":0,"engagementSEIadj":0,"engagementSEIrank":163,"engagementScore":0,"voiceSEI":0,"voiceSEIadj":0,"voiceSEIrank":163,"voiceScore":0},"scoped":{"SEI":0,"SEIrank":148,"SEIadj":0,"audienceSEI":0,"audienceSEIadj":0,"audienceSEIrank":148,"audienceScore":0,"combinedScore":0,"combinedScoreRank":148,"engagementSEI":0,"engagementSEIadj":0,"engagementSEIrank":148,"engagementScore":0,"voiceSEI":0,"voiceSEIadj":0,"voiceSEIrank":148,"voiceScore":0}}},"month":{"boundaryQuantum":4987194,"combined":{"entityString":"53c0728fb4e50eb276dac8b1","type":"combined","profiles":2,"postsMade":63,"repliesMade":0,"repliesRcvd":49,"sharesMade":0,"sharesRcvd":26,"mentionsRcvd":0,"likesRcvd":525,"reachRcvd":0,"audience":28573,"voice":63,"conversation":112,"engagement":600,"group_scoped":{"audienceScore":1.886981852667088,"voiceScore":1.0858324715615306,"engagementScore":0.06067820024412863,"combinedScore":0.2032510964311467,"combinedScoreRank":112,"SEIrank":87,"engagementSEIrank":131,"voiceSEIrank":86,"audienceSEIrank":31,"engagementSEI":0.07017199155129221,"engagementSEIadj":0.07017199155129221,"voiceSEI":2.5766871165644174,"voiceSEIadj":2.5766871165644174,"audienceSEI":4.388460038028303,"audienceSEIadj":4.388460038028303,"SEI":1.2539553337029308,"SEIadj":1.2539553337029308},"non_scoped":{"SEI":0.6360078000777671,"SEIrank":97,"SEIadj":0,"audienceSEI":1.1225656398188055,"audienceSEIadj":0,"audienceSEIrank":61,"audienceScore":0.20685394358178683,"combinedScore":0.024810501591028912,"combinedScoreRank":108,"engagementSEI":0.016475007413753337,"engagementSEIadj":0,"engagementSEIrank":124,"engagementScore":0.006892360851849852,"voiceSEI":1.7128874388254487,"voiceSEIadj":0,"voiceSEIrank":96,"voiceScore":0.16529359290549406},"scoped":{"SEI":3.7274127657426925,"SEIrank":91,"SEIadj":0,"audienceSEI":14.655225472898117,"audienceSEIadj":0,"audienceSEIrank":50,"audienceScore":0.5938637474167977,"combinedScore":0.11063746913808571,"combinedScoreRank":105,"engagementSEI":0.4953887563265273,"engagementSEIadj":0,"engagementSEIrank":113,"engagementScore":0.07060534670755501,"voiceSEI":6.548856548856549,"voiceSEIadj":0,"voiceSEIrank":85,"voiceScore":0.3479893946089262}},"facebook":{"entityString":"53c0728fb4e50eb276dac8b1","type":"facebook","profiles":1,"postsMade":29,"repliesMade":0,"repliesRcvd":49,"sharesMade":0,"sharesRcvd":10,"mentionsRcvd":0,"likesRcvd":401,"reachRcvd":0,"audience":26373,"voice":29,"conversation":78,"engagement":460,"group_scoped":{"audienceScore":2.5369777517834744,"voiceScore":1.3181818181818181,"engagementScore":0.04936512160990393,"combinedScore":0.23718658794717817,"combinedScoreRank":79,"SEIrank":53,"engagementSEIrank":96,"voiceSEIrank":49,"audienceSEIrank":21,"engagementSEI":0.05635832130614086,"engagementSEIadj":0.05635832130614086,"voiceSEI":2.7645376549094376,"voiceSEIadj":2.7645376549094376,"audienceSEI":4.850340699053767,"audienceSEIadj":4.850340699053767,"SEI":1.3482103591618926,"SEIadj":1.3482103591618926},"non_scoped":{"SEI":0.724507593762661,"SEIrank":56,"SEIadj":0,"audienceSEI":1.420242043752696,"audienceSEIadj":0,"audienceSEIrank":33,"audienceScore":0.27087030372846455,"combinedScore":0.029943426265136273,"combinedScoreRank":81,"engagementSEI":0.013709939408028659,"engagementSEIadj":0,"engagementSEIrank":96,"engagementScore":0.006094828643892677,"voiceSEI":1.914191419141914,"voiceSEIadj":0,"voiceSEIrank":49,"voiceScore":0.2182913059841927},"scoped":{"SEI":4.606996842593997,"SEIrank":69,"SEIadj":0,"audienceSEI":18.103128732444638,"audienceSEIadj":0,"audienceSEIrank":24,"audienceScore":1.1103630941629838,"combinedScore":0.16648167684480747,"combinedScoreRank":77,"engagementSEI":1.2332439678284184,"engagementSEIadj":0,"engagementSEIrank":86,"engagementScore":0.08880840359172074,"voiceSEI":6.8557919621749415,"voiceSEIadj":0,"voiceSEIrank":41,"voiceScore":0.6207191780821918}},"twitter":{"entityString":"53c0728fb4e50eb276dac8b1","type":"twitter","profiles":1,"postsMade":34,"repliesMade":0,"repliesRcvd":0,"sharesMade":0,"sharesRcvd":16,"mentionsRcvd":0,"likesRcvd":124,"reachRcvd":0,"audience":2200,"voice":34,"conversation":34,"engagement":140,"group_scoped":{"audienceScore":0.5181823106691382,"voiceScore":0.9664582148948266,"engagementScore":0.5466401155753386,"combinedScore":0.566208130296003,"combinedScoreRank":136,"SEIrank":124,"engagementSEIrank":110,"voiceSEIrank":107,"audienceSEIrank":168,"engagementSEI":1.8776824034334765,"engagementSEIadj":1.8776824034334765,"voiceSEI":2.591463414634146,"voiceSEIadj":2.591463414634146,"audienceSEI":1.8876342794385146,"audienceSEIadj":1.8876342794385146,"SEI":2.092811894394181,"SEIadj":2.092811894394181},"non_scoped":{"SEI":0.659785290033243,"SEIrank":134,"SEIadj":0,"audienceSEI":0.3885710652322507,"audienceSEIadj":0,"audienceSEIrank":197,"audienceScore":0.06307997738296084,"combinedScore":0.05661859885276865,"combinedScoreRank":140,"engagementSEI":0.22342445859466015,"engagementSEIadj":0,"engagementSEIrank":134,"engagementScore":0.05141218248386943,"voiceSEI":1.6229116945107398,"voiceSEIadj":0,"voiceSEIrank":112,"voiceScore":0.14387271496276235},"scoped":{"SEI":2.4147859213253255,"SEIrank":128,"SEIadj":0,"audienceSEI":1.8876342794385146,"audienceSEIadj":0,"audienceSEIrank":179,"audienceScore":0.09992033624101511,"combinedScore":0.10664851159487047,"combinedScoreRank":126,"engagementSEI":1.2282856641516056,"engagementSEIadj":0,"engagementSEIrank":121,"engagementScore":0.09853811665505324,"voiceSEI":4.963503649635037,"voiceSEIadj":0,"voiceSEIrank":100,"voiceScore":0.25936379586543595}},"instagram":{"entityString":"53c0728fb4e50eb276dac8b1","type":"instagram","profiles":0,"postsMade":0,"repliesMade":0,"repliesRcvd":0,"sharesMade":0,"sharesRcvd":0,"mentionsRcvd":0,"likesRcvd":0,"reachRcvd":0,"audience":0,"voice":0,"conversation":0,"engagement":0,"group_scoped":{"audienceScore":0,"voiceScore":0,"engagementScore":0,"combinedScore":0,"combinedScoreRank":182,"SEIrank":163,"engagementSEIrank":163,"voiceSEIrank":163,"audienceSEIrank":163,"engagementSEI":0,"engagementSEIadj":0,"voiceSEI":0,"voiceSEIadj":0,"audienceSEI":0,"audienceSEIadj":0,"SEI":0,"SEIadj":0},"non_scoped":{"SEI":0,"SEIrank":163,"SEIadj":0,"audienceSEI":0,"audienceSEIadj":0,"audienceSEIrank":163,"audienceScore":0,"combinedScore":0,"combinedScoreRank":163,"engagementSEI":0,"engagementSEIadj":0,"engagementSEIrank":163,"engagementScore":0,"voiceSEI":0,"voiceSEIadj":0,"voiceSEIrank":163,"voiceScore":0},"scoped":{"SEI":0,"SEIrank":148,"SEIadj":0,"audienceSEI":0,"audienceSEIadj":0,"audienceSEIrank":148,"audienceScore":0,"combinedScore":0,"combinedScoreRank":148,"engagementSEI":0,"engagementSEIadj":0,"engagementSEIrank":148,"engagementScore":0,"voiceSEI":0,"voiceSEIadj":0,"voiceSEIrank":148,"voiceScore":0}}},"quarter":{"boundaryQuantum":4969914,"combined":{"entityString":"53c0728fb4e50eb276dac8b1","type":"combined","profiles":2,"postsMade":272,"repliesMade":0,"repliesRcvd":237,"sharesMade":0,"sharesRcvd":145,"mentionsRcvd":0,"likesRcvd":2650,"reachRcvd":0,"audience":28573,"voice":272,"conversation":509,"engagement":3032,"group_scoped":{"audienceScore":1.886981852667088,"voiceScore":1.6149142076827168,"engagementScore":0.1066339168304686,"combinedScore":0.271065328164912,"combinedScoreRank":87,"SEIrank":66,"engagementSEIrank":108,"voiceSEIrank":62,"audienceSEIrank":31,"engagementSEI":0.12126103477416134,"engagementSEIadj":0.12126103477416134,"voiceSEI":3.9018792138860996,"voiceSEIadj":3.9018792138860996,"audienceSEI":4.388460038028303,"audienceSEIadj":4.388460038028303,"SEI":1.6821663888331568,"SEIadj":1.6821663888331568},"non_scoped":{"SEI":0.8904896994407503,"SEIrank":69,"SEIadj":0,"audienceSEI":1.1225656398188055,"audienceSEIadj":0,"audienceSEIrank":61,"audienceScore":0.20685394358178683,"combinedScore":0.03240767455477172,"combinedScoreRank":93,"engagementSEI":0.026620849305184418,"engagementSEIadj":0,"engagementSEIrank":101,"engagementScore":0.010960306483715342,"voiceSEI":2.540868752919197,"voiceSEIadj":0,"voiceSEIrank":69,"voiceScore":0.24401403080677142},"scoped":{"SEI":4.948673277585169,"SEIrank":71,"SEIadj":0,"audienceSEI":14.655225472898117,"audienceSEIadj":0,"audienceSEIrank":50,"audienceScore":0.5938637474167977,"combinedScore":0.1560322271852604,"combinedScoreRank":88,"engagementSEI":0.7923503693889337,"engagementSEIadj":0,"engagementSEIrank":91,"engagementScore":0.11165819041551431,"voiceSEI":10.025801695539993,"voiceSEIadj":0,"voiceSEIrank":59,"voiceScore":0.5169333688091527}},"facebook":{"entityString":"53c0728fb4e50eb276dac8b1","type":"facebook","profiles":1,"postsMade":117,"repliesMade":0,"repliesRcvd":237,"sharesMade":0,"sharesRcvd":79,"mentionsRcvd":0,"likesRcvd":2192,"reachRcvd":0,"audience":26373,"voice":117,"conversation":354,"engagement":2508,"group_scoped":{"audienceScore":2.5369777517834744,"voiceScore":1.9077123756725909,"engagementScore":0.09229930146210484,"combinedScore":0.30530387768869766,"combinedScoreRank":64,"SEIrank":41,"engagementSEIrank":85,"voiceSEIrank":38,"audienceSEIrank":21,"engagementSEI":0.10354650922752982,"engagementSEIadj":0.10354650922752982,"voiceSEI":3.890921183904224,"voiceSEIadj":3.890921183904224,"audienceSEI":4.850340699053767,"audienceSEIadj":4.850340699053767,"SEI":1.7144383306131616,"SEIadj":1.7144383306131616},"non_scoped":{"SEI":0.9241272511549535,"SEIrank":47,"SEIadj":0,"audienceSEI":1.420242043752696,"audienceSEIadj":0,"audienceSEIrank":33,"audienceScore":0.27087030372846455,"combinedScore":0.037397265526231925,"combinedScoreRank":70,"engagementSEI":0.02341755061384235,"engagementSEIadj":0,"engagementSEIrank":82,"engagementScore":0.01023179252927382,"voiceSEI":2.560175054704595,"voiceSEIadj":0,"voiceSEIrank":46,"voiceScore":0.2929027412692452},"scoped":{"SEI":6.864536345453445,"SEIrank":58,"SEIadj":0,"audienceSEI":18.103128732444638,"audienceSEIadj":0,"audienceSEIrank":24,"audienceScore":1.1103630941629838,"combinedScore":0.22374386770899374,"combinedScoreRank":72,"engagementSEI":2.1737057870149683,"engagementSEIadj":0,"engagementSEIrank":73,"engagementScore":0.14146609185255715,"voiceSEI":12.5,"voiceSEIadj":0,"voiceSEIrank":38,"voiceScore":0.8181246066708621}},"twitter":{"entityString":"53c0728fb4e50eb276dac8b1","type":"twitter","profiles":1,"postsMade":155,"repliesMade":0,"repliesRcvd":0,"sharesMade":0,"sharesRcvd":66,"mentionsRcvd":0,"likesRcvd":458,"reachRcvd":0,"audience":2200,"voice":155,"conversation":155,"engagement":524,"group_scoped":{"audienceScore":0.5181823106691382,"voiceScore":1.4687766511892353,"engagementScore":0.7495672822464131,"combinedScore":0.7739585021146905,"combinedScoreRank":117,"SEIrank":106,"engagementSEIrank":100,"voiceSEIrank":80,"audienceSEIrank":168,"engagementSEI":2.3740485683218555,"engagementSEIadj":2.3740485683218555,"voiceSEI":4.071447333858681,"voiceSEIadj":4.071447333858681,"audienceSEI":1.8876342794385146,"audienceSEIadj":1.8876342794385146,"SEI":2.8346267690945695,"SEIadj":2.8346267690945695},"non_scoped":{"SEI":0.98472961670139,"SEIrank":107,"SEIadj":0,"audienceSEI":0.3885710652322507,"audienceSEIadj":0,"audienceSEIrank":197,"audienceScore":0.06307997738296084,"combinedScore":0.07431171230148421,"combinedScoreRank":126,"engagementSEI":0.28349455733731527,"engagementSEIadj":0,"engagementSEIrank":125,"engagementScore":0.0665303049347965,"voiceSEI":2.5859192525859194,"voiceSEIadj":0,"voiceSEIrank":87,"voiceScore":0.22560877982038632},"scoped":{"SEI":3.6875332295038525,"SEIrank":101,"SEIadj":0,"audienceSEI":1.8876342794385146,"audienceSEIadj":0,"audienceSEIrank":179,"audienceScore":0.09992033624101511,"combinedScore":0.14455165295241654,"combinedScoreRank":114,"engagementSEI":1.7264101212440697,"engagementSEIadj":0,"engagementSEIrank":113,"engagementScore":0.132130042185794,"voiceSEI":8.209745762711865,"voiceSEIadj":0,"voiceSEIrank":77,"voiceScore":0.41277196346302364}},"instagram":{"entityString":"53c0728fb4e50eb276dac8b1","type":"instagram","profiles":0,"postsMade":0,"repliesMade":0,"repliesRcvd":0,"sharesMade":0,"sharesRcvd":0,"mentionsRcvd":0,"likesRcvd":0,"reachRcvd":0,"audience":0,"voice":0,"conversation":0,"engagement":0,"group_scoped":{"audienceScore":0,"voiceScore":0,"engagementScore":0,"combinedScore":0,"combinedScoreRank":182,"SEIrank":163,"engagementSEIrank":163,"voiceSEIrank":163,"audienceSEIrank":163,"engagementSEI":0,"engagementSEIadj":0,"voiceSEI":0,"voiceSEIadj":0,"audienceSEI":0,"audienceSEIadj":0,"SEI":0,"SEIadj":0},"non_scoped":{"SEI":0,"SEIrank":163,"SEIadj":0,"audienceSEI":0,"audienceSEIadj":0,"audienceSEIrank":163,"audienceScore":0,"combinedScore":0,"combinedScoreRank":163,"engagementSEI":0,"engagementSEIadj":0,"engagementSEIrank":163,"engagementScore":0,"voiceSEI":0,"voiceSEIadj":0,"voiceSEIrank":163,"voiceScore":0},"scoped":{"SEI":0,"SEIrank":148,"SEIadj":0,"audienceSEI":0,"audienceSEIadj":0,"audienceSEIrank":148,"audienceScore":0,"combinedScore":0,"combinedScoreRank":148,"engagementSEI":0,"engagementSEIadj":0,"engagementSEIrank":148,"engagementScore":0,"voiceSEI":0,"voiceSEIadj":0,"voiceSEIrank":148,"voiceScore":0}}},"blended":{"combined":{"non_scoped":{"SEI":0.8110606694952781,"SEIadj":50.40553033474764,"SEIrank":78,"audienceSEI":1.1225656398188055,"audienceSEIadj":60.44902625592752,"audienceSEIrank":61,"engagementSEI":0.024585038250306782,"engagementSEIadj":50.012292519125154,"engagementSEIrank":110,"voiceSEI":2.2801769418773783,"voiceSEIadj":51.140088470938686,"voiceSEIrank":74},"scoped":{"SEI":3.4484187690400154,"SEIadj":51.72420938452001,"SEIrank":146,"compCharisma":0,"compInfluence":0,"compEva":3.4484187690400154,"audienceSEI":14.655225472898117,"audienceSEIadj":65.86209018915925,"audienceSEIrank":50,"engagementSEI":0.7195333573494039,"engagementSEIadj":50.3597666786747,"engagementSEIrank":98,"voiceSEI":8.800501851528205,"voiceSEIadj":54.400250925764105,"voiceSEIrank":66}},"facebook":{"non_scoped":{"SEI":0.836431877715156,"SEIadj":60.334572751086064,"SEIrank":49,"audienceSEI":1.420242043752696,"audienceSEIadj":60.56809681750108,"audienceSEIrank":33,"engagementSEI":0.01975570123639611,"engagementSEIadj":50.009877850618196,"engagementSEIrank":91,"voiceSEI":2.275180841993496,"voiceSEIadj":60.9100723367974,"voiceSEIrank":46},"scoped":{"SEI":5.921372276597084,"SEIadj":62.368548910638836,"SEIrank":61,"audienceSEI":18.103128732444635,"audienceSEIadj":67.24125149297785,"audienceSEIrank":24,"engagementSEI":1.7125812750912452,"engagementSEIadj":50.85629063754562,"engagementSEIrank":81,"voiceSEI":10.27836879432624,"voiceSEIadj":64.1113475177305,"voiceSEIrank":38}},"twitter":{"non_scoped":{"SEI":0.9694878419193436,"SEIadj":50.48474392095967,"SEIrank":108,"audienceSEI":0.38857106523225066,"audienceSEIadj":40.23314263913935,"audienceSEIrank":197,"engagementSEI":0.3750163123419248,"engagementSEIadj":50.18750815617096,"engagementSEIrank":114,"voiceSEI":2.3520698266365456,"voiceSEIadj":51.176034913318276,"voiceSEIrank":92},"scoped":{"SEI":3.6944555246261066,"SEIadj":51.847227762313054,"SEIrank":103,"audienceSEI":1.8876342794385148,"audienceSEIadj":41.13258056766311,"audienceSEIrank":179,"engagementSEI":2.2866980218353126,"engagementSEIadj":51.14334901091765,"engagementSEIrank":104,"voiceSEI":7.112244278603559,"voiceSEIadj":53.55612213930178,"voiceSEIrank":83}},"instagram":{"non_scoped":{"SEI":0,"SEIadj":0,"SEIrank":163,"audienceSEI":0,"audienceSEIadj":0,"audienceSEIrank":163,"engagementSEI":0,"engagementSEIadj":0,"engagementSEIrank":163,"voiceSEI":0,"voiceSEIadj":0,"voiceSEIrank":163},"scoped":{"SEI":0,"SEIadj":0,"SEIrank":148,"audienceSEI":0,"audienceSEIadj":0,"audienceSEIrank":148,"engagementSEI":0,"engagementSEIadj":0,"engagementSEIrank":148,"voiceSEI":0,"voiceSEIadj":0,"voiceSEIrank":148}},"influence":{"instagram":{"scope":"individual","ratio":0,"calculated":false},"combined":{"ratio":0.13,"bottom":false,"scope":"individual","calculated":true},"facebook":{"ratio":0.09,"bottom":false,"scope":"individual","calculated":true},"twitter":{"ratio":1.85,"bottom":false,"scope":"individual","calculated":true}},"charisma":{"instagram":{"scope":"individual","ratio":0,"calculated":false},"combined":{"ratio":0.2,"bottom":false,"scope":"individual","calculated":true},"facebook":{"ratio":0.15,"bottom":false,"scope":"individual","calculated":true},"twitter":{"ratio":0.34,"bottom":false,"scope":"individual","calculated":true}}},"scope":"individual"}}