{"scoreEntityString":"591d1494ab33fb0001804f89.asset.53c09576b4e50eb276dac8c9","timeQuantum":4995834,"scoreEntityType":"asset","scoreProfileID":"591d1494ab33fb0001804f89","data":{"scoreEntityString":"591d1494ab33fb0001804f89.asset.53c09576b4e50eb276dac8c9","scoreProfileID":"591d1494ab33fb0001804f89","scoreEntityType":"asset","entityID":"asset.53c09576b4e50eb276dac8c9","object_version":"1.2","score_engine_version":"3.0.20","timestamp":4995834,"start_quantum":4969914,"end_quantum":4995833,"schedule_options":{"interval":15,"offset":"1"},"_15min":{"boundaryQuantum":4995831,"combined":{"entityString":"53c09576b4e50eb276dac8c9","type":"combined","profiles":0,"postsMade":0,"repliesMade":0,"repliesRcvd":0,"sharesMade":0,"sharesRcvd":0,"mentionsRcvd":0,"likesRcvd":0,"reachRcvd":0,"audience":0,"voice":0,"conversation":0,"engagement":0,"group_scoped":{"audienceScore":0,"voiceScore":0,"engagementScore":0,"combinedScore":0,"engagementSEI":0,"engagementSEIadj":0,"voiceSEI":0,"voiceSEIadj":0,"audienceSEI":0,"audienceSEIadj":0,"SEI":0,"SEIadj":0,"combinedScoreRank":231,"SEIrank":231,"engagementSEIrank":88,"voiceSEIrank":82,"audienceSEIrank":231},"non_scoped":{"SEI":0,"SEIrank":231,"SEIadj":0,"audienceSEI":0,"audienceSEIadj":0,"audienceSEIrank":231,"audienceScore":0,"combinedScore":0,"combinedScoreRank":231,"engagementSEI":0,"engagementSEIadj":0,"engagementSEIrank":88,"engagementScore":0,"voiceSEI":0,"voiceSEIadj":0,"voiceSEIrank":82,"voiceScore":0},"scoped":{"SEI":0,"SEIrank":208,"SEIadj":0,"audienceSEI":0,"audienceSEIadj":0,"audienceSEIrank":208,"audienceScore":0,"combinedScore":0,"combinedScoreRank":208,"engagementSEI":0,"engagementSEIadj":0,"engagementSEIrank":78,"engagementScore":0,"voiceSEI":0,"voiceSEIadj":0,"voiceSEIrank":75,"voiceScore":0}},"facebook":{"entityString":"53c09576b4e50eb276dac8c9","type":"facebook","profiles":0,"postsMade":0,"repliesMade":0,"repliesRcvd":0,"sharesMade":0,"sharesRcvd":0,"mentionsRcvd":0,"likesRcvd":0,"reachRcvd":0,"audience":0,"voice":0,"conversation":0,"engagement":0,"group_scoped":{"audienceScore":0,"voiceScore":0,"engagementScore":0,"combinedScore":0,"engagementSEI":0,"engagementSEIadj":0,"voiceSEI":0,"voiceSEIadj":0,"audienceSEI":0,"audienceSEIadj":0,"SEI":0,"SEIadj":0,"combinedScoreRank":214,"SEIrank":214,"engagementSEIrank":86,"voiceSEIrank":81,"audienceSEIrank":214},"non_scoped":{"SEI":0,"SEIrank":214,"SEIadj":0,"audienceSEI":0,"audienceSEIadj":0,"audienceSEIrank":214,"audienceScore":0,"combinedScore":0,"combinedScoreRank":214,"engagementSEI":0,"engagementSEIadj":0,"engagementSEIrank":86,"engagementScore":0,"voiceSEI":0,"voiceSEIadj":0,"voiceSEIrank":81,"voiceScore":0},"scoped":{"SEI":0,"SEIrank":196,"SEIadj":0,"audienceSEI":0,"audienceSEIadj":0,"audienceSEIrank":196,"audienceScore":0,"combinedScore":0,"combinedScoreRank":196,"engagementSEI":0,"engagementSEIadj":0,"engagementSEIrank":76,"engagementScore":0,"voiceSEI":0,"voiceSEIadj":0,"voiceSEIrank":75,"voiceScore":0}},"twitter":{"entityString":"53c09576b4e50eb276dac8c9","type":"twitter","profiles":0,"postsMade":0,"repliesMade":0,"repliesRcvd":0,"sharesMade":0,"sharesRcvd":0,"mentionsRcvd":0,"likesRcvd":0,"reachRcvd":0,"audience":0,"voice":0,"conversation":0,"engagement":0,"group_scoped":{"audienceScore":0,"voiceScore":0,"engagementScore":0,"combinedScore":0,"engagementSEI":0,"engagementSEIadj":0,"voiceSEI":0,"voiceSEIadj":0,"audienceSEI":0,"audienceSEIadj":0,"SEI":0,"SEIadj":0,"combinedScoreRank":228,"SEIrank":228,"engagementSEIrank":83,"voiceSEIrank":82,"audienceSEIrank":228},"non_scoped":{"SEI":0,"SEIrank":228,"SEIadj":0,"audienceSEI":0,"audienceSEIadj":0,"audienceSEIrank":228,"audienceScore":0,"combinedScore":0,"combinedScoreRank":228,"engagementSEI":0,"engagementSEIadj":0,"engagementSEIrank":83,"engagementScore":0,"voiceSEI":0,"voiceSEIadj":0,"voiceSEIrank":82,"voiceScore":0},"scoped":{"SEI":0,"SEIrank":206,"SEIadj":0,"audienceSEI":0,"audienceSEIadj":0,"audienceSEIrank":206,"audienceScore":0,"combinedScore":0,"combinedScoreRank":206,"engagementSEI":0,"engagementSEIadj":0,"engagementSEIrank":76,"engagementScore":0,"voiceSEI":0,"voiceSEIadj":0,"voiceSEIrank":75,"voiceScore":0}},"instagram":{"entityString":"53c09576b4e50eb276dac8c9","type":"instagram","profiles":0,"postsMade":0,"repliesMade":0,"repliesRcvd":0,"sharesMade":0,"sharesRcvd":0,"mentionsRcvd":0,"likesRcvd":0,"reachRcvd":0,"audience":0,"voice":0,"conversation":0,"engagement":0,"group_scoped":{"audienceScore":null,"voiceScore":0,"engagementScore":0,"combinedScore":null,"engagementSEI":0,"engagementSEIadj":0,"voiceSEI":0,"voiceSEIadj":0,"audienceSEI":0,"audienceSEIadj":0,"SEI":0,"SEIadj":0,"combinedScoreRank":3,"SEIrank":106,"engagementSEIrank":84,"voiceSEIrank":81,"audienceSEIrank":106},"non_scoped":{"SEI":0,"SEIrank":106,"SEIadj":0,"audienceSEI":0,"audienceSEIadj":0,"audienceSEIrank":106,"audienceScore":0,"combinedScore":0,"combinedScoreRank":106,"engagementSEI":0,"engagementSEIadj":0,"engagementSEIrank":84,"engagementScore":0,"voiceSEI":0,"voiceSEIadj":0,"voiceSEIrank":81,"voiceScore":0},"scoped":{"SEI":0,"SEIrank":97,"SEIadj":0,"audienceSEI":0,"audienceSEIadj":0,"audienceSEIrank":97,"audienceScore":0,"combinedScore":0,"combinedScoreRank":97,"engagementSEI":0,"engagementSEIadj":0,"engagementSEIrank":76,"engagementScore":0,"voiceSEI":0,"voiceSEIadj":0,"voiceSEIrank":75,"voiceScore":0}}},"hour":{"boundaryQuantum":4995822,"combined":{"entityString":"53c09576b4e50eb276dac8c9","type":"combined","profiles":0,"postsMade":0,"repliesMade":0,"repliesRcvd":0,"sharesMade":0,"sharesRcvd":0,"mentionsRcvd":0,"likesRcvd":0,"reachRcvd":0,"audience":0,"voice":0,"conversation":0,"engagement":0,"group_scoped":{"audienceScore":0,"voiceScore":0,"engagementScore":0,"combinedScore":0,"combinedScoreRank":231,"SEIrank":231,"engagementSEIrank":124,"voiceSEIrank":92,"audienceSEIrank":231,"engagementSEI":0,"engagementSEIadj":0,"voiceSEI":0,"voiceSEIadj":0,"audienceSEI":0,"audienceSEIadj":0,"SEI":0,"SEIadj":0},"non_scoped":{"SEI":0,"SEIrank":231,"SEIadj":0,"audienceSEI":0,"audienceSEIadj":0,"audienceSEIrank":231,"audienceScore":0,"combinedScore":0,"combinedScoreRank":231,"engagementSEI":0,"engagementSEIadj":0,"engagementSEIrank":124,"engagementScore":0,"voiceSEI":0,"voiceSEIadj":0,"voiceSEIrank":92,"voiceScore":0},"scoped":{"SEI":0,"SEIrank":208,"SEIadj":0,"audienceSEI":0,"audienceSEIadj":0,"audienceSEIrank":208,"audienceScore":0,"combinedScore":0,"combinedScoreRank":208,"engagementSEI":0,"engagementSEIadj":0,"engagementSEIrank":112,"engagementScore":0,"voiceSEI":0,"voiceSEIadj":0,"voiceSEIrank":81,"voiceScore":0}},"facebook":{"entityString":"53c09576b4e50eb276dac8c9","type":"facebook","profiles":0,"postsMade":0,"repliesMade":0,"repliesRcvd":0,"sharesMade":0,"sharesRcvd":0,"mentionsRcvd":0,"likesRcvd":0,"reachRcvd":0,"audience":0,"voice":0,"conversation":0,"engagement":0,"group_scoped":{"audienceScore":0,"voiceScore":0,"engagementScore":0,"combinedScore":0,"combinedScoreRank":214,"SEIrank":214,"engagementSEIrank":109,"voiceSEIrank":88,"audienceSEIrank":214,"engagementSEI":0,"engagementSEIadj":0,"voiceSEI":0,"voiceSEIadj":0,"audienceSEI":0,"audienceSEIadj":0,"SEI":0,"SEIadj":0},"non_scoped":{"SEI":0,"SEIrank":214,"SEIadj":0,"audienceSEI":0,"audienceSEIadj":0,"audienceSEIrank":214,"audienceScore":0,"combinedScore":0,"combinedScoreRank":214,"engagementSEI":0,"engagementSEIadj":0,"engagementSEIrank":109,"engagementScore":0,"voiceSEI":0,"voiceSEIadj":0,"voiceSEIrank":88,"voiceScore":0},"scoped":{"SEI":0,"SEIrank":196,"SEIadj":0,"audienceSEI":0,"audienceSEIadj":0,"audienceSEIrank":196,"audienceScore":0,"combinedScore":0,"combinedScoreRank":196,"engagementSEI":0,"engagementSEIadj":0,"engagementSEIrank":97,"engagementScore":0,"voiceSEI":0,"voiceSEIadj":0,"voiceSEIrank":77,"voiceScore":0}},"twitter":{"entityString":"53c09576b4e50eb276dac8c9","type":"twitter","profiles":0,"postsMade":0,"repliesMade":0,"repliesRcvd":0,"sharesMade":0,"sharesRcvd":0,"mentionsRcvd":0,"likesRcvd":0,"reachRcvd":0,"audience":0,"voice":0,"conversation":0,"engagement":0,"group_scoped":{"audienceScore":0,"voiceScore":0,"engagementScore":0,"combinedScore":0,"combinedScoreRank":228,"SEIrank":228,"engagementSEIrank":100,"voiceSEIrank":91,"audienceSEIrank":228,"engagementSEI":0,"engagementSEIadj":0,"voiceSEI":0,"voiceSEIadj":0,"audienceSEI":0,"audienceSEIadj":0,"SEI":0,"SEIadj":0},"non_scoped":{"SEI":0,"SEIrank":228,"SEIadj":0,"audienceSEI":0,"audienceSEIadj":0,"audienceSEIrank":228,"audienceScore":0,"combinedScore":0,"combinedScoreRank":228,"engagementSEI":0,"engagementSEIadj":0,"engagementSEIrank":100,"engagementScore":0,"voiceSEI":0,"voiceSEIadj":0,"voiceSEIrank":91,"voiceScore":0},"scoped":{"SEI":0,"SEIrank":206,"SEIadj":0,"audienceSEI":0,"audienceSEIadj":0,"audienceSEIrank":206,"audienceScore":0,"combinedScore":0,"combinedScoreRank":206,"engagementSEI":0,"engagementSEIadj":0,"engagementSEIrank":89,"engagementScore":0,"voiceSEI":0,"voiceSEIadj":0,"voiceSEIrank":80,"voiceScore":0}},"instagram":{"entityString":"53c09576b4e50eb276dac8c9","type":"instagram","profiles":0,"postsMade":0,"repliesMade":0,"repliesRcvd":0,"sharesMade":0,"sharesRcvd":0,"mentionsRcvd":0,"likesRcvd":0,"reachRcvd":0,"audience":0,"voice":0,"conversation":0,"engagement":0,"group_scoped":{"audienceScore":null,"voiceScore":0,"engagementScore":0,"combinedScore":null,"combinedScoreRank":3,"SEIrank":106,"engagementSEIrank":88,"voiceSEIrank":83,"audienceSEIrank":106,"engagementSEI":0,"engagementSEIadj":0,"voiceSEI":0,"voiceSEIadj":0,"audienceSEI":0,"audienceSEIadj":0,"SEI":0,"SEIadj":0},"non_scoped":{"SEI":0,"SEIrank":106,"SEIadj":0,"audienceSEI":0,"audienceSEIadj":0,"audienceSEIrank":106,"audienceScore":0,"combinedScore":0,"combinedScoreRank":106,"engagementSEI":0,"engagementSEIadj":0,"engagementSEIrank":88,"engagementScore":0,"voiceSEI":0,"voiceSEIadj":0,"voiceSEIrank":83,"voiceScore":0},"scoped":{"SEI":0,"SEIrank":97,"SEIadj":0,"audienceSEI":0,"audienceSEIadj":0,"audienceSEIrank":97,"audienceScore":0,"combinedScore":0,"combinedScoreRank":97,"engagementSEI":0,"engagementSEIadj":0,"engagementSEIrank":79,"engagementScore":0,"voiceSEI":0,"voiceSEIadj":0,"voiceSEIrank":75,"voiceScore":0}}},"today":{"boundaryQuantum":4995546,"combined":{"entityString":"53c09576b4e50eb276dac8c9","type":"combined","profiles":0,"postsMade":0,"repliesMade":0,"repliesRcvd":0,"sharesMade":0,"sharesRcvd":0,"mentionsRcvd":0,"likesRcvd":0,"reachRcvd":0,"audience":0,"voice":0,"conversation":0,"engagement":0,"group_scoped":{"audienceScore":0,"voiceScore":0,"engagementScore":0,"combinedScore":0,"combinedScoreRank":231,"SEIrank":231,"engagementSEIrank":192,"voiceSEIrank":175,"audienceSEIrank":231,"engagementSEI":0,"engagementSEIadj":0,"voiceSEI":0,"voiceSEIadj":0,"audienceSEI":0,"audienceSEIadj":0,"SEI":0,"SEIadj":0},"non_scoped":{"SEI":0,"SEIrank":231,"SEIadj":0,"audienceSEI":0,"audienceSEIadj":0,"audienceSEIrank":231,"audienceScore":0,"combinedScore":0,"combinedScoreRank":231,"engagementSEI":0,"engagementSEIadj":0,"engagementSEIrank":192,"engagementScore":0,"voiceSEI":0,"voiceSEIadj":0,"voiceSEIrank":175,"voiceScore":0},"scoped":{"SEI":0,"SEIrank":208,"SEIadj":0,"audienceSEI":0,"audienceSEIadj":0,"audienceSEIrank":208,"audienceScore":0,"combinedScore":0,"combinedScoreRank":208,"engagementSEI":0,"engagementSEIadj":0,"engagementSEIrank":178,"engagementScore":0,"voiceSEI":0,"voiceSEIadj":0,"voiceSEIrank":160,"voiceScore":0}},"facebook":{"entityString":"53c09576b4e50eb276dac8c9","type":"facebook","profiles":0,"postsMade":0,"repliesMade":0,"repliesRcvd":0,"sharesMade":0,"sharesRcvd":0,"mentionsRcvd":0,"likesRcvd":0,"reachRcvd":0,"audience":0,"voice":0,"conversation":0,"engagement":0,"group_scoped":{"audienceScore":0,"voiceScore":0,"engagementScore":0,"combinedScore":0,"combinedScoreRank":214,"SEIrank":214,"engagementSEIrank":144,"voiceSEIrank":129,"audienceSEIrank":214,"engagementSEI":0,"engagementSEIadj":0,"voiceSEI":0,"voiceSEIadj":0,"audienceSEI":0,"audienceSEIadj":0,"SEI":0,"SEIadj":0},"non_scoped":{"SEI":0,"SEIrank":214,"SEIadj":0,"audienceSEI":0,"audienceSEIadj":0,"audienceSEIrank":214,"audienceScore":0,"combinedScore":0,"combinedScoreRank":214,"engagementSEI":0,"engagementSEIadj":0,"engagementSEIrank":144,"engagementScore":0,"voiceSEI":0,"voiceSEIadj":0,"voiceSEIrank":129,"voiceScore":0},"scoped":{"SEI":0,"SEIrank":196,"SEIadj":0,"audienceSEI":0,"audienceSEIadj":0,"audienceSEIrank":196,"audienceScore":0,"combinedScore":0,"combinedScoreRank":196,"engagementSEI":0,"engagementSEIadj":0,"engagementSEIrank":132,"engagementScore":0,"voiceSEI":0,"voiceSEIadj":0,"voiceSEIrank":117,"voiceScore":0}},"twitter":{"entityString":"53c09576b4e50eb276dac8c9","type":"twitter","profiles":0,"postsMade":0,"repliesMade":0,"repliesRcvd":0,"sharesMade":0,"sharesRcvd":0,"mentionsRcvd":0,"likesRcvd":0,"reachRcvd":0,"audience":0,"voice":0,"conversation":0,"engagement":0,"group_scoped":{"audienceScore":0,"voiceScore":0,"engagementScore":0,"combinedScore":0,"combinedScoreRank":228,"SEIrank":228,"engagementSEIrank":178,"voiceSEIrank":163,"audienceSEIrank":228,"engagementSEI":0,"engagementSEIadj":0,"voiceSEI":0,"voiceSEIadj":0,"audienceSEI":0,"audienceSEIadj":0,"SEI":0,"SEIadj":0},"non_scoped":{"SEI":0,"SEIrank":228,"SEIadj":0,"audienceSEI":0,"audienceSEIadj":0,"audienceSEIrank":228,"audienceScore":0,"combinedScore":0,"combinedScoreRank":228,"engagementSEI":0,"engagementSEIadj":0,"engagementSEIrank":178,"engagementScore":0,"voiceSEI":0,"voiceSEIadj":0,"voiceSEIrank":163,"voiceScore":0},"scoped":{"SEI":0,"SEIrank":206,"SEIadj":0,"audienceSEI":0,"audienceSEIadj":0,"audienceSEIrank":206,"audienceScore":0,"combinedScore":0,"combinedScoreRank":206,"engagementSEI":0,"engagementSEIadj":0,"engagementSEIrank":164,"engagementScore":0,"voiceSEI":0,"voiceSEIadj":0,"voiceSEIrank":148,"voiceScore":0}},"instagram":{"entityString":"53c09576b4e50eb276dac8c9","type":"instagram","profiles":0,"postsMade":0,"repliesMade":0,"repliesRcvd":0,"sharesMade":0,"sharesRcvd":0,"mentionsRcvd":0,"likesRcvd":0,"reachRcvd":0,"audience":0,"voice":0,"conversation":0,"engagement":0,"group_scoped":{"audienceScore":null,"voiceScore":0,"engagementScore":0,"combinedScore":null,"combinedScoreRank":3,"SEIrank":106,"engagementSEIrank":101,"voiceSEIrank":91,"audienceSEIrank":106,"engagementSEI":0,"engagementSEIadj":0,"voiceSEI":0,"voiceSEIadj":0,"audienceSEI":0,"audienceSEIadj":0,"SEI":0,"SEIadj":0},"non_scoped":{"SEI":0,"SEIrank":106,"SEIadj":0,"audienceSEI":0,"audienceSEIadj":0,"audienceSEIrank":106,"audienceScore":0,"combinedScore":0,"combinedScoreRank":106,"engagementSEI":0,"engagementSEIadj":0,"engagementSEIrank":101,"engagementScore":0,"voiceSEI":0,"voiceSEIadj":0,"voiceSEIrank":91,"voiceScore":0},"scoped":{"SEI":0,"SEIrank":97,"SEIadj":0,"audienceSEI":0,"audienceSEIadj":0,"audienceSEIrank":97,"audienceScore":0,"combinedScore":0,"combinedScoreRank":97,"engagementSEI":0,"engagementSEIadj":0,"engagementSEIrank":92,"engagementScore":0,"voiceSEI":0,"voiceSEIadj":0,"voiceSEIrank":82,"voiceScore":0}}},"week":{"boundaryQuantum":4993818,"combined":{"entityString":"53c09576b4e50eb276dac8c9","type":"combined","profiles":0,"postsMade":0,"repliesMade":0,"repliesRcvd":0,"sharesMade":0,"sharesRcvd":0,"mentionsRcvd":0,"likesRcvd":0,"reachRcvd":0,"audience":0,"voice":0,"conversation":0,"engagement":0,"group_scoped":{"audienceScore":0,"voiceScore":0,"engagementScore":0,"combinedScore":0,"combinedScoreRank":231,"SEIrank":231,"engagementSEIrank":212,"voiceSEIrank":206,"audienceSEIrank":231,"engagementSEI":0,"engagementSEIadj":0,"voiceSEI":0,"voiceSEIadj":0,"audienceSEI":0,"audienceSEIadj":0,"SEI":0,"SEIadj":0},"non_scoped":{"SEI":0,"SEIrank":231,"SEIadj":0,"audienceSEI":0,"audienceSEIadj":0,"audienceSEIrank":231,"audienceScore":0,"combinedScore":0,"combinedScoreRank":231,"engagementSEI":0,"engagementSEIadj":0,"engagementSEIrank":212,"engagementScore":0,"voiceSEI":0,"voiceSEIadj":0,"voiceSEIrank":206,"voiceScore":0},"scoped":{"SEI":0,"SEIrank":208,"SEIadj":0,"audienceSEI":0,"audienceSEIadj":0,"audienceSEIrank":208,"audienceScore":0,"combinedScore":0,"combinedScoreRank":208,"engagementSEI":0,"engagementSEIadj":0,"engagementSEIrank":196,"engagementScore":0,"voiceSEI":0,"voiceSEIadj":0,"voiceSEIrank":190,"voiceScore":0}},"facebook":{"entityString":"53c09576b4e50eb276dac8c9","type":"facebook","profiles":0,"postsMade":0,"repliesMade":0,"repliesRcvd":0,"sharesMade":0,"sharesRcvd":0,"mentionsRcvd":0,"likesRcvd":0,"reachRcvd":0,"audience":0,"voice":0,"conversation":0,"engagement":0,"group_scoped":{"audienceScore":0,"voiceScore":0,"engagementScore":0,"combinedScore":0,"combinedScoreRank":214,"SEIrank":214,"engagementSEIrank":171,"voiceSEIrank":159,"audienceSEIrank":214,"engagementSEI":0,"engagementSEIadj":0,"voiceSEI":0,"voiceSEIadj":0,"audienceSEI":0,"audienceSEIadj":0,"SEI":0,"SEIadj":0},"non_scoped":{"SEI":0,"SEIrank":214,"SEIadj":0,"audienceSEI":0,"audienceSEIadj":0,"audienceSEIrank":214,"audienceScore":0,"combinedScore":0,"combinedScoreRank":214,"engagementSEI":0,"engagementSEIadj":0,"engagementSEIrank":171,"engagementScore":0,"voiceSEI":0,"voiceSEIadj":0,"voiceSEIrank":159,"voiceScore":0},"scoped":{"SEI":0,"SEIrank":196,"SEIadj":0,"audienceSEI":0,"audienceSEIadj":0,"audienceSEIrank":196,"audienceScore":0,"combinedScore":0,"combinedScoreRank":196,"engagementSEI":0,"engagementSEIadj":0,"engagementSEIrank":159,"engagementScore":0,"voiceSEI":0,"voiceSEIadj":0,"voiceSEIrank":147,"voiceScore":0}},"twitter":{"entityString":"53c09576b4e50eb276dac8c9","type":"twitter","profiles":0,"postsMade":0,"repliesMade":0,"repliesRcvd":0,"sharesMade":0,"sharesRcvd":0,"mentionsRcvd":0,"likesRcvd":0,"reachRcvd":0,"audience":0,"voice":0,"conversation":0,"engagement":0,"group_scoped":{"audienceScore":0,"voiceScore":0,"engagementScore":0,"combinedScore":0,"combinedScoreRank":228,"SEIrank":228,"engagementSEIrank":198,"voiceSEIrank":197,"audienceSEIrank":228,"engagementSEI":0,"engagementSEIadj":0,"voiceSEI":0,"voiceSEIadj":0,"audienceSEI":0,"audienceSEIadj":0,"SEI":0,"SEIadj":0},"non_scoped":{"SEI":0,"SEIrank":228,"SEIadj":0,"audienceSEI":0,"audienceSEIadj":0,"audienceSEIrank":228,"audienceScore":0,"combinedScore":0,"combinedScoreRank":228,"engagementSEI":0,"engagementSEIadj":0,"engagementSEIrank":198,"engagementScore":0,"voiceSEI":0,"voiceSEIadj":0,"voiceSEIrank":197,"voiceScore":0},"scoped":{"SEI":0,"SEIrank":206,"SEIadj":0,"audienceSEI":0,"audienceSEIadj":0,"audienceSEIrank":206,"audienceScore":0,"combinedScore":0,"combinedScoreRank":206,"engagementSEI":0,"engagementSEIadj":0,"engagementSEIrank":182,"engagementScore":0,"voiceSEI":0,"voiceSEIadj":0,"voiceSEIrank":181,"voiceScore":0}},"instagram":{"entityString":"53c09576b4e50eb276dac8c9","type":"instagram","profiles":0,"postsMade":0,"repliesMade":0,"repliesRcvd":0,"sharesMade":0,"sharesRcvd":0,"mentionsRcvd":0,"likesRcvd":0,"reachRcvd":0,"audience":0,"voice":0,"conversation":0,"engagement":0,"group_scoped":{"audienceScore":null,"voiceScore":0,"engagementScore":0,"combinedScore":null,"combinedScoreRank":3,"SEIrank":106,"engagementSEIrank":103,"voiceSEIrank":102,"audienceSEIrank":106,"engagementSEI":0,"engagementSEIadj":0,"voiceSEI":0,"voiceSEIadj":0,"audienceSEI":0,"audienceSEIadj":0,"SEI":0,"SEIadj":0},"non_scoped":{"SEI":0,"SEIrank":106,"SEIadj":0,"audienceSEI":0,"audienceSEIadj":0,"audienceSEIrank":106,"audienceScore":0,"combinedScore":0,"combinedScoreRank":106,"engagementSEI":0,"engagementSEIadj":0,"engagementSEIrank":103,"engagementScore":0,"voiceSEI":0,"voiceSEIadj":0,"voiceSEIrank":102,"voiceScore":0},"scoped":{"SEI":0,"SEIrank":97,"SEIadj":0,"audienceSEI":0,"audienceSEIadj":0,"audienceSEIrank":97,"audienceScore":0,"combinedScore":0,"combinedScoreRank":97,"engagementSEI":0,"engagementSEIadj":0,"engagementSEIrank":94,"engagementScore":0,"voiceSEI":0,"voiceSEIadj":0,"voiceSEIrank":93,"voiceScore":0}}},"month":{"boundaryQuantum":4987194,"combined":{"entityString":"53c09576b4e50eb276dac8c9","type":"combined","profiles":0,"postsMade":0,"repliesMade":0,"repliesRcvd":0,"sharesMade":0,"sharesRcvd":0,"mentionsRcvd":0,"likesRcvd":0,"reachRcvd":0,"audience":0,"voice":0,"conversation":0,"engagement":0,"group_scoped":{"audienceScore":0,"voiceScore":0,"engagementScore":0,"combinedScore":0,"combinedScoreRank":231,"SEIrank":231,"engagementSEIrank":222,"voiceSEIrank":221,"audienceSEIrank":231,"engagementSEI":0,"engagementSEIadj":0,"voiceSEI":0,"voiceSEIadj":0,"audienceSEI":0,"audienceSEIadj":0,"SEI":0,"SEIadj":0},"non_scoped":{"SEI":0,"SEIrank":231,"SEIadj":0,"audienceSEI":0,"audienceSEIadj":0,"audienceSEIrank":231,"audienceScore":0,"combinedScore":0,"combinedScoreRank":231,"engagementSEI":0,"engagementSEIadj":0,"engagementSEIrank":222,"engagementScore":0,"voiceSEI":0,"voiceSEIadj":0,"voiceSEIrank":221,"voiceScore":0},"scoped":{"SEI":0,"SEIrank":208,"SEIadj":0,"audienceSEI":0,"audienceSEIadj":0,"audienceSEIrank":208,"audienceScore":0,"combinedScore":0,"combinedScoreRank":208,"engagementSEI":0,"engagementSEIadj":0,"engagementSEIrank":201,"engagementScore":0,"voiceSEI":0,"voiceSEIadj":0,"voiceSEIrank":201,"voiceScore":0}},"facebook":{"entityString":"53c09576b4e50eb276dac8c9","type":"facebook","profiles":0,"postsMade":0,"repliesMade":0,"repliesRcvd":0,"sharesMade":0,"sharesRcvd":0,"mentionsRcvd":0,"likesRcvd":0,"reachRcvd":0,"audience":0,"voice":0,"conversation":0,"engagement":0,"group_scoped":{"audienceScore":0,"voiceScore":0,"engagementScore":0,"combinedScore":0,"combinedScoreRank":214,"SEIrank":214,"engagementSEIrank":181,"voiceSEIrank":176,"audienceSEIrank":214,"engagementSEI":0,"engagementSEIadj":0,"voiceSEI":0,"voiceSEIadj":0,"audienceSEI":0,"audienceSEIadj":0,"SEI":0,"SEIadj":0},"non_scoped":{"SEI":0,"SEIrank":214,"SEIadj":0,"audienceSEI":0,"audienceSEIadj":0,"audienceSEIrank":214,"audienceScore":0,"combinedScore":0,"combinedScoreRank":214,"engagementSEI":0,"engagementSEIadj":0,"engagementSEIrank":181,"engagementScore":0,"voiceSEI":0,"voiceSEIadj":0,"voiceSEIrank":176,"voiceScore":0},"scoped":{"SEI":0,"SEIrank":196,"SEIadj":0,"audienceSEI":0,"audienceSEIadj":0,"audienceSEIrank":196,"audienceScore":0,"combinedScore":0,"combinedScoreRank":196,"engagementSEI":0,"engagementSEIadj":0,"engagementSEIrank":167,"engagementScore":0,"voiceSEI":0,"voiceSEIadj":0,"voiceSEIrank":163,"voiceScore":0}},"twitter":{"entityString":"53c09576b4e50eb276dac8c9","type":"twitter","profiles":0,"postsMade":0,"repliesMade":0,"repliesRcvd":0,"sharesMade":0,"sharesRcvd":0,"mentionsRcvd":0,"likesRcvd":0,"reachRcvd":0,"audience":0,"voice":0,"conversation":0,"engagement":0,"group_scoped":{"audienceScore":0,"voiceScore":0,"engagementScore":0,"combinedScore":0,"combinedScoreRank":228,"SEIrank":228,"engagementSEIrank":215,"voiceSEIrank":215,"audienceSEIrank":228,"engagementSEI":0,"engagementSEIadj":0,"voiceSEI":0,"voiceSEIadj":0,"audienceSEI":0,"audienceSEIadj":0,"SEI":0,"SEIadj":0},"non_scoped":{"SEI":0,"SEIrank":228,"SEIadj":0,"audienceSEI":0,"audienceSEIadj":0,"audienceSEIrank":228,"audienceScore":0,"combinedScore":0,"combinedScoreRank":228,"engagementSEI":0,"engagementSEIadj":0,"engagementSEIrank":215,"engagementScore":0,"voiceSEI":0,"voiceSEIadj":0,"voiceSEIrank":215,"voiceScore":0},"scoped":{"SEI":0,"SEIrank":206,"SEIadj":0,"audienceSEI":0,"audienceSEIadj":0,"audienceSEIrank":206,"audienceScore":0,"combinedScore":0,"combinedScoreRank":206,"engagementSEI":0,"engagementSEIadj":0,"engagementSEIrank":195,"engagementScore":0,"voiceSEI":0,"voiceSEIadj":0,"voiceSEIrank":195,"voiceScore":0}},"instagram":{"entityString":"53c09576b4e50eb276dac8c9","type":"instagram","profiles":0,"postsMade":0,"repliesMade":0,"repliesRcvd":0,"sharesMade":0,"sharesRcvd":0,"mentionsRcvd":0,"likesRcvd":0,"reachRcvd":0,"audience":0,"voice":0,"conversation":0,"engagement":0,"group_scoped":{"audienceScore":null,"voiceScore":0,"engagementScore":0,"combinedScore":null,"combinedScoreRank":3,"SEIrank":106,"engagementSEIrank":103,"voiceSEIrank":103,"audienceSEIrank":106,"engagementSEI":0,"engagementSEIadj":0,"voiceSEI":0,"voiceSEIadj":0,"audienceSEI":0,"audienceSEIadj":0,"SEI":0,"SEIadj":0},"non_scoped":{"SEI":0,"SEIrank":106,"SEIadj":0,"audienceSEI":0,"audienceSEIadj":0,"audienceSEIrank":106,"audienceScore":0,"combinedScore":0,"combinedScoreRank":106,"engagementSEI":0,"engagementSEIadj":0,"engagementSEIrank":103,"engagementScore":0,"voiceSEI":0,"voiceSEIadj":0,"voiceSEIrank":103,"voiceScore":0},"scoped":{"SEI":0,"SEIrank":97,"SEIadj":0,"audienceSEI":0,"audienceSEIadj":0,"audienceSEIrank":97,"audienceScore":0,"combinedScore":0,"combinedScoreRank":97,"engagementSEI":0,"engagementSEIadj":0,"engagementSEIrank":94,"engagementScore":0,"voiceSEI":0,"voiceSEIadj":0,"voiceSEIrank":94,"voiceScore":0}}},"quarter":{"boundaryQuantum":4969914,"combined":{"entityString":"53c09576b4e50eb276dac8c9","type":"combined","profiles":0,"postsMade":0,"repliesMade":0,"repliesRcvd":0,"sharesMade":0,"sharesRcvd":0,"mentionsRcvd":0,"likesRcvd":0,"reachRcvd":0,"audience":0,"voice":0,"conversation":0,"engagement":0,"group_scoped":{"audienceScore":0,"voiceScore":0,"engagementScore":0,"combinedScore":0,"combinedScoreRank":231,"SEIrank":231,"engagementSEIrank":226,"voiceSEIrank":226,"audienceSEIrank":231,"engagementSEI":0,"engagementSEIadj":0,"voiceSEI":0,"voiceSEIadj":0,"audienceSEI":0,"audienceSEIadj":0,"SEI":0,"SEIadj":0},"non_scoped":{"SEI":0,"SEIrank":231,"SEIadj":0,"audienceSEI":0,"audienceSEIadj":0,"audienceSEIrank":231,"audienceScore":0,"combinedScore":0,"combinedScoreRank":231,"engagementSEI":0,"engagementSEIadj":0,"engagementSEIrank":226,"engagementScore":0,"voiceSEI":0,"voiceSEIadj":0,"voiceSEIrank":226,"voiceScore":0},"scoped":{"SEI":0,"SEIrank":208,"SEIadj":0,"audienceSEI":0,"audienceSEIadj":0,"audienceSEIrank":208,"audienceScore":0,"combinedScore":0,"combinedScoreRank":208,"engagementSEI":0,"engagementSEIadj":0,"engagementSEIrank":205,"engagementScore":0,"voiceSEI":0,"voiceSEIadj":0,"voiceSEIrank":205,"voiceScore":0}},"facebook":{"entityString":"53c09576b4e50eb276dac8c9","type":"facebook","profiles":0,"postsMade":0,"repliesMade":0,"repliesRcvd":0,"sharesMade":0,"sharesRcvd":0,"mentionsRcvd":0,"likesRcvd":0,"reachRcvd":0,"audience":0,"voice":0,"conversation":0,"engagement":0,"group_scoped":{"audienceScore":0,"voiceScore":0,"engagementScore":0,"combinedScore":0,"combinedScoreRank":214,"SEIrank":214,"engagementSEIrank":187,"voiceSEIrank":187,"audienceSEIrank":214,"engagementSEI":0,"engagementSEIadj":0,"voiceSEI":0,"voiceSEIadj":0,"audienceSEI":0,"audienceSEIadj":0,"SEI":0,"SEIadj":0},"non_scoped":{"SEI":0,"SEIrank":214,"SEIadj":0,"audienceSEI":0,"audienceSEIadj":0,"audienceSEIrank":214,"audienceScore":0,"combinedScore":0,"combinedScoreRank":214,"engagementSEI":0,"engagementSEIadj":0,"engagementSEIrank":187,"engagementScore":0,"voiceSEI":0,"voiceSEIadj":0,"voiceSEIrank":187,"voiceScore":0},"scoped":{"SEI":0,"SEIrank":196,"SEIadj":0,"audienceSEI":0,"audienceSEIadj":0,"audienceSEIrank":196,"audienceScore":0,"combinedScore":0,"combinedScoreRank":196,"engagementSEI":0,"engagementSEIadj":0,"engagementSEIrank":172,"engagementScore":0,"voiceSEI":0,"voiceSEIadj":0,"voiceSEIrank":172,"voiceScore":0}},"twitter":{"entityString":"53c09576b4e50eb276dac8c9","type":"twitter","profiles":0,"postsMade":0,"repliesMade":0,"repliesRcvd":0,"sharesMade":0,"sharesRcvd":0,"mentionsRcvd":0,"likesRcvd":0,"reachRcvd":0,"audience":0,"voice":0,"conversation":0,"engagement":0,"group_scoped":{"audienceScore":0,"voiceScore":0,"engagementScore":0,"combinedScore":0,"combinedScoreRank":228,"SEIrank":228,"engagementSEIrank":221,"voiceSEIrank":221,"audienceSEIrank":228,"engagementSEI":0,"engagementSEIadj":0,"voiceSEI":0,"voiceSEIadj":0,"audienceSEI":0,"audienceSEIadj":0,"SEI":0,"SEIadj":0},"non_scoped":{"SEI":0,"SEIrank":228,"SEIadj":0,"audienceSEI":0,"audienceSEIadj":0,"audienceSEIrank":228,"audienceScore":0,"combinedScore":0,"combinedScoreRank":228,"engagementSEI":0,"engagementSEIadj":0,"engagementSEIrank":221,"engagementScore":0,"voiceSEI":0,"voiceSEIadj":0,"voiceSEIrank":221,"voiceScore":0},"scoped":{"SEI":0,"SEIrank":206,"SEIadj":0,"audienceSEI":0,"audienceSEIadj":0,"audienceSEIrank":206,"audienceScore":0,"combinedScore":0,"combinedScoreRank":206,"engagementSEI":0,"engagementSEIadj":0,"engagementSEIrank":201,"engagementScore":0,"voiceSEI":0,"voiceSEIadj":0,"voiceSEIrank":201,"voiceScore":0}},"instagram":{"entityString":"53c09576b4e50eb276dac8c9","type":"instagram","profiles":0,"postsMade":0,"repliesMade":0,"repliesRcvd":0,"sharesMade":0,"sharesRcvd":0,"mentionsRcvd":0,"likesRcvd":0,"reachRcvd":0,"audience":0,"voice":0,"conversation":0,"engagement":0,"group_scoped":{"audienceScore":null,"voiceScore":0,"engagementScore":0,"combinedScore":null,"combinedScoreRank":3,"SEIrank":106,"engagementSEIrank":104,"voiceSEIrank":104,"audienceSEIrank":106,"engagementSEI":0,"engagementSEIadj":0,"voiceSEI":0,"voiceSEIadj":0,"audienceSEI":0,"audienceSEIadj":0,"SEI":0,"SEIadj":0},"non_scoped":{"SEI":0,"SEIrank":106,"SEIadj":0,"audienceSEI":0,"audienceSEIadj":0,"audienceSEIrank":106,"audienceScore":0,"combinedScore":0,"combinedScoreRank":106,"engagementSEI":0,"engagementSEIadj":0,"engagementSEIrank":104,"engagementScore":0,"voiceSEI":0,"voiceSEIadj":0,"voiceSEIrank":104,"voiceScore":0},"scoped":{"SEI":0,"SEIrank":97,"SEIadj":0,"audienceSEI":0,"audienceSEIadj":0,"audienceSEIrank":97,"audienceScore":0,"combinedScore":0,"combinedScoreRank":97,"engagementSEI":0,"engagementSEIadj":0,"engagementSEIrank":95,"engagementScore":0,"voiceSEI":0,"voiceSEIadj":0,"voiceSEIrank":95,"voiceScore":0}}},"blended":{"combined":{"non_scoped":{"SEI":0,"SEIadj":0,"SEIrank":231,"audienceSEI":0,"audienceSEIadj":0,"audienceSEIrank":231,"engagementSEI":0,"engagementSEIadj":0,"engagementSEIrank":226,"voiceSEI":0,"voiceSEIadj":0,"voiceSEIrank":226},"scoped":{"SEI":0,"SEIadj":0,"SEIrank":208,"compCharisma":0,"compInfluence":0,"compEva":0,"audienceSEI":0,"audienceSEIadj":0,"audienceSEIrank":208,"engagementSEI":0,"engagementSEIadj":0,"engagementSEIrank":205,"voiceSEI":0,"voiceSEIadj":0,"voiceSEIrank":205}},"facebook":{"non_scoped":{"SEI":0,"SEIadj":0,"SEIrank":214,"audienceSEI":0,"audienceSEIadj":0,"audienceSEIrank":214,"engagementSEI":0,"engagementSEIadj":0,"engagementSEIrank":187,"voiceSEI":0,"voiceSEIadj":0,"voiceSEIrank":187},"scoped":{"SEI":0,"SEIadj":0,"SEIrank":196,"audienceSEI":0,"audienceSEIadj":0,"audienceSEIrank":196,"engagementSEI":0,"engagementSEIadj":0,"engagementSEIrank":172,"voiceSEI":0,"voiceSEIadj":0,"voiceSEIrank":172}},"twitter":{"non_scoped":{"SEI":0,"SEIadj":0,"SEIrank":228,"audienceSEI":0,"audienceSEIadj":0,"audienceSEIrank":228,"engagementSEI":0,"engagementSEIadj":0,"engagementSEIrank":221,"voiceSEI":0,"voiceSEIadj":0,"voiceSEIrank":221},"scoped":{"SEI":0,"SEIadj":0,"SEIrank":206,"audienceSEI":0,"audienceSEIadj":0,"audienceSEIrank":206,"engagementSEI":0,"engagementSEIadj":0,"engagementSEIrank":201,"voiceSEI":0,"voiceSEIadj":0,"voiceSEIrank":201}},"instagram":{"non_scoped":{"SEI":0,"SEIadj":0,"SEIrank":106,"audienceSEI":0,"audienceSEIadj":0,"audienceSEIrank":106,"engagementSEI":0,"engagementSEIadj":0,"engagementSEIrank":104,"voiceSEI":0,"voiceSEIadj":0,"voiceSEIrank":104},"scoped":{"SEI":0,"SEIadj":0,"SEIrank":97,"audienceSEI":0,"audienceSEIadj":0,"audienceSEIrank":97,"engagementSEI":0,"engagementSEIadj":0,"engagementSEIrank":95,"voiceSEI":0,"voiceSEIadj":0,"voiceSEIrank":95}},"influence":{"combined":{"scope":"individual","ratio":0,"calculated":false},"facebook":{"scope":"individual","ratio":0,"calculated":false},"twitter":{"scope":"individual","ratio":0,"calculated":false},"instagram":{"scope":"individual","ratio":0,"calculated":false}},"charisma":{"combined":{"scope":"individual","ratio":0,"calculated":false},"facebook":{"scope":"individual","ratio":0,"calculated":false},"twitter":{"scope":"individual","ratio":0,"calculated":false},"instagram":{"scope":"individual","ratio":0,"calculated":false}}},"scope":"individual"}}