{"scoreEntityString":"591d1494ab33fb0001804f89.asset.548880ccf372e13640a025c3","timeQuantum":4995834,"scoreEntityType":"asset","scoreProfileID":"591d1494ab33fb0001804f89","data":{"scoreEntityString":"591d1494ab33fb0001804f89.asset.548880ccf372e13640a025c3","scoreProfileID":"591d1494ab33fb0001804f89","scoreEntityType":"asset","entityID":"asset.548880ccf372e13640a025c3","object_version":"1.2","score_engine_version":"3.0.20","timestamp":4995834,"start_quantum":4969914,"end_quantum":4995833,"schedule_options":{"interval":15,"offset":"1"},"_15min":{"boundaryQuantum":4995831,"combined":{"entityString":"548880ccf372e13640a025c3","type":"combined","profiles":2,"postsMade":0,"repliesMade":0,"repliesRcvd":0,"sharesMade":0,"sharesRcvd":0,"mentionsRcvd":0,"likesRcvd":0,"reachRcvd":0,"audience":2902,"voice":0,"conversation":0,"engagement":0,"group_scoped":{"audienceScore":0.24471258077328165,"voiceScore":0,"engagementScore":0,"combinedScore":0.24471258077328165,"engagementSEI":0,"engagementSEIadj":0,"voiceSEI":0,"voiceSEIadj":0,"audienceSEI":0.3009349515932338,"audienceSEIadj":0.3009349515932338,"SEI":0.030093495159323382,"SEIadj":0.030093495159323382,"combinedScoreRank":179,"SEIrank":198,"engagementSEIrank":218,"voiceSEIrank":218,"audienceSEIrank":198},"non_scoped":{"SEI":0.011401272133672256,"SEIrank":203,"SEIadj":0,"audienceSEI":0.11401272133672255,"audienceSEIadj":0,"audienceSEIrank":203,"audienceScore":0.021008999554626585,"combinedScore":0.0010504499777313292,"combinedScoreRank":203,"engagementSEI":0,"engagementSEIadj":0,"engagementSEIrank":218,"engagementScore":0,"voiceSEI":0,"voiceSEIadj":0,"voiceSEIrank":218,"voiceScore":0},"scoped":{"SEI":0.14884493865660006,"SEIrank":184,"SEIadj":0,"audienceSEI":1.4884493865660007,"audienceSEIadj":0,"audienceSEIrank":184,"audienceScore":0.060315423476832906,"combinedScore":0.0030157711738416455,"combinedScoreRank":184,"engagementSEI":0,"engagementSEIadj":0,"engagementSEIrank":196,"engagementScore":0,"voiceSEI":0,"voiceSEIadj":0,"voiceSEIrank":196,"voiceScore":0}},"facebook":{"entityString":"548880ccf372e13640a025c3","type":"facebook","profiles":1,"postsMade":0,"repliesMade":0,"repliesRcvd":0,"sharesMade":0,"sharesRcvd":0,"mentionsRcvd":0,"likesRcvd":0,"reachRcvd":0,"audience":1,"voice":0,"conversation":0,"engagement":0,"group_scoped":{"audienceScore":0.00008952671701052387,"voiceScore":0,"engagementScore":0,"combinedScore":0.00008952671701052387,"engagementSEI":0,"engagementSEIadj":0,"voiceSEI":0,"voiceSEIadj":0,"audienceSEI":0.00010607367240843455,"audienceSEIadj":0.00010607367240843455,"SEI":0.000010607367240843457,"SEIadj":0.000010607367240843457,"combinedScoreRank":187,"SEIrank":187,"engagementSEIrank":218,"voiceSEIrank":218,"audienceSEIrank":187},"non_scoped":{"SEI":0.000005385212314688114,"SEIrank":196,"SEIadj":0,"audienceSEI":0.00005385212314688113,"audienceSEIadj":0,"audienceSEIrank":196,"audienceScore":0.000010270742946515928,"combinedScore":5.135371473257964e-7,"combinedScoreRank":196,"engagementSEI":0,"engagementSEIadj":0,"engagementSEIrank":218,"engagementScore":0,"voiceSEI":0,"voiceSEIadj":0,"voiceSEIrank":218,"voiceScore":0},"scoped":{"SEI":0.00006864266004036188,"SEIrank":178,"SEIadj":0,"audienceSEI":0.0006864266004036188,"audienceSEIadj":0,"audienceSEIrank":178,"audienceScore":0.00004210226724919364,"combinedScore":0.000002105113362459682,"combinedScoreRank":178,"engagementSEI":0,"engagementSEIadj":0,"engagementSEIrank":196,"engagementScore":0,"voiceSEI":0,"voiceSEIadj":0,"voiceSEIrank":196,"voiceScore":0}},"twitter":{"entityString":"548880ccf372e13640a025c3","type":"twitter","profiles":1,"postsMade":0,"repliesMade":0,"repliesRcvd":0,"sharesMade":0,"sharesRcvd":0,"mentionsRcvd":0,"likesRcvd":0,"reachRcvd":0,"audience":2901,"voice":0,"conversation":0,"engagement":0,"group_scoped":{"audienceScore":4.210694379934974,"voiceScore":0,"engagementScore":0,"combinedScore":4.210694379934974,"engagementSEI":0,"engagementSEIadj":0,"voiceSEI":0,"voiceSEIadj":0,"audienceSEI":13.438643628109512,"audienceSEIadj":13.438643628109512,"SEI":1.3438643628109512,"SEIadj":1.3438643628109512,"combinedScoreRank":33,"SEIrank":36,"engagementSEIrank":218,"voiceSEIrank":218,"audienceSEIrank":35},"non_scoped":{"SEI":0.05123839364721633,"SEIrank":178,"SEIadj":0,"audienceSEI":0.5123839364721633,"audienceSEIadj":0,"audienceSEIrank":178,"audienceScore":0.08317955199453154,"combinedScore":0.004158977599726578,"combinedScoreRank":178,"engagementSEI":0,"engagementSEIadj":0,"engagementSEIrank":218,"engagementScore":0,"voiceSEI":0,"voiceSEIadj":0,"voiceSEIrank":218,"voiceScore":0},"scoped":{"SEI":0.24891032021141504,"SEIrank":161,"SEIadj":0,"audienceSEI":2.4891032021141504,"audienceSEIadj":0,"audienceSEIrank":161,"audienceScore":0.13175858883417493,"combinedScore":0.018822655547739275,"combinedScoreRank":161,"engagementSEI":0,"engagementSEIadj":0,"engagementSEIrank":196,"engagementScore":0,"voiceSEI":0,"voiceSEIadj":0,"voiceSEIrank":196,"voiceScore":0}},"instagram":{"entityString":"548880ccf372e13640a025c3","type":"instagram","profiles":0,"postsMade":0,"repliesMade":0,"repliesRcvd":0,"sharesMade":0,"sharesRcvd":0,"mentionsRcvd":0,"likesRcvd":0,"reachRcvd":0,"audience":0,"voice":0,"conversation":0,"engagement":0,"group_scoped":{"audienceScore":null,"voiceScore":0,"engagementScore":0,"combinedScore":null,"engagementSEI":0,"engagementSEIadj":0,"voiceSEI":0,"voiceSEIadj":0,"audienceSEI":0,"audienceSEIadj":0,"SEI":0,"SEIadj":0,"combinedScoreRank":27,"SEIrank":218,"engagementSEIrank":218,"voiceSEIrank":218,"audienceSEIrank":218},"non_scoped":{"SEI":0,"SEIrank":218,"SEIadj":0,"audienceSEI":0,"audienceSEIadj":0,"audienceSEIrank":218,"audienceScore":0,"combinedScore":0,"combinedScoreRank":218,"engagementSEI":0,"engagementSEIadj":0,"engagementSEIrank":218,"engagementScore":0,"voiceSEI":0,"voiceSEIadj":0,"voiceSEIrank":218,"voiceScore":0},"scoped":{"SEI":0,"SEIrank":196,"SEIadj":0,"audienceSEI":0,"audienceSEIadj":0,"audienceSEIrank":196,"audienceScore":0,"combinedScore":0,"combinedScoreRank":196,"engagementSEI":0,"engagementSEIadj":0,"engagementSEIrank":196,"engagementScore":0,"voiceSEI":0,"voiceSEIadj":0,"voiceSEIrank":196,"voiceScore":0}}},"hour":{"boundaryQuantum":4995822,"combined":{"entityString":"548880ccf372e13640a025c3","type":"combined","profiles":2,"postsMade":0,"repliesMade":0,"repliesRcvd":0,"sharesMade":0,"sharesRcvd":0,"mentionsRcvd":0,"likesRcvd":0,"reachRcvd":0,"audience":2902,"voice":0,"conversation":0,"engagement":0,"group_scoped":{"audienceScore":0.24471258077328165,"voiceScore":0,"engagementScore":0,"combinedScore":0.24471258077328165,"combinedScoreRank":173,"SEIrank":199,"engagementSEIrank":219,"voiceSEIrank":218,"audienceSEIrank":198,"engagementSEI":0,"engagementSEIadj":0,"voiceSEI":0,"voiceSEIadj":0,"audienceSEI":0.3009349515932338,"audienceSEIadj":0.3009349515932338,"SEI":0.030093495159323382,"SEIadj":0.030093495159323382},"non_scoped":{"SEI":0.011401272133672256,"SEIrank":204,"SEIadj":0,"audienceSEI":0.11401272133672255,"audienceSEIadj":0,"audienceSEIrank":203,"audienceScore":0.021008999554626585,"combinedScore":0.0010504499777313292,"combinedScoreRank":204,"engagementSEI":0,"engagementSEIadj":0,"engagementSEIrank":219,"engagementScore":0,"voiceSEI":0,"voiceSEIadj":0,"voiceSEIrank":218,"voiceScore":0},"scoped":{"SEI":0.14884493865660006,"SEIrank":185,"SEIadj":0,"audienceSEI":1.4884493865660007,"audienceSEIadj":0,"audienceSEIrank":184,"audienceScore":0.060315423476832906,"combinedScore":0.0030157711738416455,"combinedScoreRank":185,"engagementSEI":0,"engagementSEIadj":0,"engagementSEIrank":197,"engagementScore":0,"voiceSEI":0,"voiceSEIadj":0,"voiceSEIrank":196,"voiceScore":0}},"facebook":{"entityString":"548880ccf372e13640a025c3","type":"facebook","profiles":1,"postsMade":0,"repliesMade":0,"repliesRcvd":0,"sharesMade":0,"sharesRcvd":0,"mentionsRcvd":0,"likesRcvd":0,"reachRcvd":0,"audience":1,"voice":0,"conversation":0,"engagement":0,"group_scoped":{"audienceScore":0.00008952671701052387,"voiceScore":0,"engagementScore":0,"combinedScore":0.00008952671701052387,"combinedScoreRank":187,"SEIrank":187,"engagementSEIrank":219,"voiceSEIrank":218,"audienceSEIrank":187,"engagementSEI":0,"engagementSEIadj":0,"voiceSEI":0,"voiceSEIadj":0,"audienceSEI":0.00010607367240843455,"audienceSEIadj":0.00010607367240843455,"SEI":0.000010607367240843457,"SEIadj":0.000010607367240843457},"non_scoped":{"SEI":0.000005385212314688114,"SEIrank":196,"SEIadj":0,"audienceSEI":0.00005385212314688113,"audienceSEIadj":0,"audienceSEIrank":196,"audienceScore":0.000010270742946515928,"combinedScore":5.135371473257964e-7,"combinedScoreRank":196,"engagementSEI":0,"engagementSEIadj":0,"engagementSEIrank":219,"engagementScore":0,"voiceSEI":0,"voiceSEIadj":0,"voiceSEIrank":218,"voiceScore":0},"scoped":{"SEI":0.00006864266004036188,"SEIrank":178,"SEIadj":0,"audienceSEI":0.0006864266004036188,"audienceSEIadj":0,"audienceSEIrank":178,"audienceScore":0.00004210226724919364,"combinedScore":0.000002105113362459682,"combinedScoreRank":178,"engagementSEI":0,"engagementSEIadj":0,"engagementSEIrank":197,"engagementScore":0,"voiceSEI":0,"voiceSEIadj":0,"voiceSEIrank":196,"voiceScore":0}},"twitter":{"entityString":"548880ccf372e13640a025c3","type":"twitter","profiles":1,"postsMade":0,"repliesMade":0,"repliesRcvd":0,"sharesMade":0,"sharesRcvd":0,"mentionsRcvd":0,"likesRcvd":0,"reachRcvd":0,"audience":2901,"voice":0,"conversation":0,"engagement":0,"group_scoped":{"audienceScore":4.210694379934974,"voiceScore":0,"engagementScore":0,"combinedScore":4.210694379934974,"combinedScoreRank":45,"SEIrank":57,"engagementSEIrank":218,"voiceSEIrank":218,"audienceSEIrank":35,"engagementSEI":0,"engagementSEIadj":0,"voiceSEI":0,"voiceSEIadj":0,"audienceSEI":13.438643628109512,"audienceSEIadj":13.438643628109512,"SEI":1.3438643628109512,"SEIadj":1.3438643628109512},"non_scoped":{"SEI":0.05123839364721633,"SEIrank":181,"SEIadj":0,"audienceSEI":0.5123839364721633,"audienceSEIadj":0,"audienceSEIrank":178,"audienceScore":0.08317955199453154,"combinedScore":0.004158977599726578,"combinedScoreRank":181,"engagementSEI":0,"engagementSEIadj":0,"engagementSEIrank":218,"engagementScore":0,"voiceSEI":0,"voiceSEIadj":0,"voiceSEIrank":218,"voiceScore":0},"scoped":{"SEI":0.24891032021141504,"SEIrank":164,"SEIadj":0,"audienceSEI":2.4891032021141504,"audienceSEIadj":0,"audienceSEIrank":161,"audienceScore":0.13175858883417493,"combinedScore":0.006587929441708747,"combinedScoreRank":164,"engagementSEI":0,"engagementSEIadj":0,"engagementSEIrank":196,"engagementScore":0,"voiceSEI":0,"voiceSEIadj":0,"voiceSEIrank":196,"voiceScore":0}},"instagram":{"entityString":"548880ccf372e13640a025c3","type":"instagram","profiles":0,"postsMade":0,"repliesMade":0,"repliesRcvd":0,"sharesMade":0,"sharesRcvd":0,"mentionsRcvd":0,"likesRcvd":0,"reachRcvd":0,"audience":0,"voice":0,"conversation":0,"engagement":0,"group_scoped":{"audienceScore":null,"voiceScore":0,"engagementScore":0,"combinedScore":null,"combinedScoreRank":27,"SEIrank":218,"engagementSEIrank":218,"voiceSEIrank":218,"audienceSEIrank":218,"engagementSEI":0,"engagementSEIadj":0,"voiceSEI":0,"voiceSEIadj":0,"audienceSEI":0,"audienceSEIadj":0,"SEI":0,"SEIadj":0},"non_scoped":{"SEI":0,"SEIrank":218,"SEIadj":0,"audienceSEI":0,"audienceSEIadj":0,"audienceSEIrank":218,"audienceScore":0,"combinedScore":0,"combinedScoreRank":218,"engagementSEI":0,"engagementSEIadj":0,"engagementSEIrank":218,"engagementScore":0,"voiceSEI":0,"voiceSEIadj":0,"voiceSEIrank":218,"voiceScore":0},"scoped":{"SEI":0,"SEIrank":196,"SEIadj":0,"audienceSEI":0,"audienceSEIadj":0,"audienceSEIrank":196,"audienceScore":0,"combinedScore":0,"combinedScoreRank":196,"engagementSEI":0,"engagementSEIadj":0,"engagementSEIrank":196,"engagementScore":0,"voiceSEI":0,"voiceSEIadj":0,"voiceSEIrank":196,"voiceScore":0}}},"today":{"boundaryQuantum":4995546,"combined":{"entityString":"548880ccf372e13640a025c3","type":"combined","profiles":2,"postsMade":0,"repliesMade":0,"repliesRcvd":0,"sharesMade":0,"sharesRcvd":0,"mentionsRcvd":0,"likesRcvd":1,"reachRcvd":0,"audience":2902,"voice":0,"conversation":0,"engagement":1,"group_scoped":{"audienceScore":0.24471258077328165,"voiceScore":0,"engagementScore":0.011916110581506196,"combinedScore":0.045172749180331255,"combinedScoreRank":218,"SEIrank":202,"engagementSEIrank":142,"voiceSEIrank":225,"audienceSEIrank":198,"engagementSEI":0.014148273910582909,"engagementSEIadj":0.014148273910582909,"voiceSEI":0,"voiceSEIadj":0,"audienceSEI":0.3009349515932338,"audienceSEIadj":0.3009349515932338,"SEI":0.03858245950567313,"SEIadj":0.03858245950567313},"non_scoped":{"SEI":0.012011015838068509,"SEIrank":208,"SEIadj":0,"audienceSEI":0.11401272133672255,"audienceSEIadj":0,"audienceSEIrank":203,"audienceScore":0.021008999554626585,"combinedScore":0.0013853249763360167,"combinedScoreRank":204,"engagementSEI":0.0010162395073270868,"engagementSEIadj":0,"engagementSEIrank":168,"engagementScore":0.0003720833317829861,"voiceSEI":0,"voiceSEIadj":0,"voiceSEIrank":225,"voiceScore":0},"scoped":{"SEI":0.18050720778588766,"SEIrank":186,"SEIadj":0,"audienceSEI":1.4884493865660007,"audienceSEIadj":0,"audienceSEIrank":184,"audienceScore":0.060315423476832906,"combinedScore":0.006738471372385656,"combinedScoreRank":174,"engagementSEI":0.05277044854881266,"engagementSEIadj":0,"engagementSEIrank":156,"engagementScore":0.00413633355393779,"voiceSEI":0,"voiceSEIadj":0,"voiceSEIrank":203,"voiceScore":0}},"facebook":{"entityString":"548880ccf372e13640a025c3","type":"facebook","profiles":1,"postsMade":0,"repliesMade":0,"repliesRcvd":0,"sharesMade":0,"sharesRcvd":0,"mentionsRcvd":0,"likesRcvd":0,"reachRcvd":0,"audience":1,"voice":0,"conversation":0,"engagement":0,"group_scoped":{"audienceScore":0.00008952671701052387,"voiceScore":0,"engagementScore":0,"combinedScore":0.00008952671701052387,"combinedScoreRank":187,"SEIrank":187,"engagementSEIrank":223,"voiceSEIrank":222,"audienceSEIrank":187,"engagementSEI":0,"engagementSEIadj":0,"voiceSEI":0,"voiceSEIadj":0,"audienceSEI":0.00010607367240843455,"audienceSEIadj":0.00010607367240843455,"SEI":0.000010607367240843457,"SEIadj":0.000010607367240843457},"non_scoped":{"SEI":0.000005385212314688114,"SEIrank":196,"SEIadj":0,"audienceSEI":0.00005385212314688113,"audienceSEIadj":0,"audienceSEIrank":196,"audienceScore":0.000010270742946515928,"combinedScore":5.135371473257964e-7,"combinedScoreRank":196,"engagementSEI":0,"engagementSEIadj":0,"engagementSEIrank":223,"engagementScore":0,"voiceSEI":0,"voiceSEIadj":0,"voiceSEIrank":222,"voiceScore":0},"scoped":{"SEI":0.00006864266004036188,"SEIrank":178,"SEIadj":0,"audienceSEI":0.0006864266004036188,"audienceSEIadj":0,"audienceSEIrank":178,"audienceScore":0.00004210226724919364,"combinedScore":0.000002105113362459682,"combinedScoreRank":178,"engagementSEI":0,"engagementSEIadj":0,"engagementSEIrank":201,"engagementScore":0,"voiceSEI":0,"voiceSEIadj":0,"voiceSEIrank":200,"voiceScore":0}},"twitter":{"entityString":"548880ccf372e13640a025c3","type":"twitter","profiles":1,"postsMade":0,"repliesMade":0,"repliesRcvd":0,"sharesMade":0,"sharesRcvd":0,"mentionsRcvd":0,"likesRcvd":1,"reachRcvd":0,"audience":2901,"voice":0,"conversation":0,"engagement":1,"group_scoped":{"audienceScore":4.210694379934974,"voiceScore":0,"engagementScore":0.819672131147541,"combinedScore":1.304103880974317,"combinedScoreRank":93,"SEIrank":97,"engagementSEIrank":88,"voiceSEIrank":222,"audienceSEIrank":35,"engagementSEI":1.8867924528301887,"engagementSEIadj":1.8867924528301887,"voiceSEI":0,"voiceSEIadj":0,"audienceSEI":13.438643628109512,"audienceSEIadj":13.438643628109512,"SEI":2.4759398345090644,"SEIadj":2.4759398345090644},"non_scoped":{"SEI":0.08037875304498224,"SEIrank":177,"SEIadj":0,"audienceSEI":0.5123839364721633,"audienceSEIadj":0,"audienceSEIrank":178,"audienceScore":0.08317955199453154,"combinedScore":0.014614367934299068,"combinedScoreRank":161,"engagementSEI":0.04856726566294317,"engagementSEIadj":0,"engagementSEIrank":151,"engagementScore":0.011617100371747211,"voiceSEI":0,"voiceSEIadj":0,"voiceSEIrank":222,"voiceScore":0},"scoped":{"SEI":0.46167627765822356,"SEIrank":157,"SEIadj":0,"audienceSEI":2.4891032021141504,"audienceSEIadj":0,"audienceSEIrank":161,"audienceScore":0.13175858883417493,"combinedScore":0.028843122320047022,"combinedScoreRank":145,"engagementSEI":0.3546099290780142,"engagementSEIadj":0,"engagementSEIrank":140,"engagementScore":0.02472799208704253,"voiceSEI":0,"voiceSEIadj":0,"voiceSEIrank":200,"voiceScore":0}},"instagram":{"entityString":"548880ccf372e13640a025c3","type":"instagram","profiles":0,"postsMade":0,"repliesMade":0,"repliesRcvd":0,"sharesMade":0,"sharesRcvd":0,"mentionsRcvd":0,"likesRcvd":0,"reachRcvd":0,"audience":0,"voice":0,"conversation":0,"engagement":0,"group_scoped":{"audienceScore":null,"voiceScore":0,"engagementScore":0,"combinedScore":null,"combinedScoreRank":27,"SEIrank":218,"engagementSEIrank":218,"voiceSEIrank":218,"audienceSEIrank":218,"engagementSEI":0,"engagementSEIadj":0,"voiceSEI":0,"voiceSEIadj":0,"audienceSEI":0,"audienceSEIadj":0,"SEI":0,"SEIadj":0},"non_scoped":{"SEI":0,"SEIrank":218,"SEIadj":0,"audienceSEI":0,"audienceSEIadj":0,"audienceSEIrank":218,"audienceScore":0,"combinedScore":0,"combinedScoreRank":218,"engagementSEI":0,"engagementSEIadj":0,"engagementSEIrank":218,"engagementScore":0,"voiceSEI":0,"voiceSEIadj":0,"voiceSEIrank":218,"voiceScore":0},"scoped":{"SEI":0,"SEIrank":196,"SEIadj":0,"audienceSEI":0,"audienceSEIadj":0,"audienceSEIrank":196,"audienceScore":0,"combinedScore":0,"combinedScoreRank":196,"engagementSEI":0,"engagementSEIadj":0,"engagementSEIrank":196,"engagementScore":0,"voiceSEI":0,"voiceSEIadj":0,"voiceSEIrank":196,"voiceScore":0}}},"week":{"boundaryQuantum":4993818,"combined":{"entityString":"548880ccf372e13640a025c3","type":"combined","profiles":2,"postsMade":14,"repliesMade":0,"repliesRcvd":0,"sharesMade":0,"sharesRcvd":4,"mentionsRcvd":0,"likesRcvd":24,"reachRcvd":0,"audience":2902,"voice":14,"conversation":14,"engagement":28,"group_scoped":{"audienceScore":0.24471258077328165,"voiceScore":2.3890784982935154,"engagementScore":0.07066602730737198,"combinedScore":0.19528897852997465,"combinedScoreRank":126,"SEIrank":86,"engagementSEIrank":125,"voiceSEIrank":64,"audienceSEIrank":198,"engagementSEI":0.08216685741115709,"engagementSEIadj":0.08216685741115709,"voiceSEI":3.5623409669211195,"voiceSEIadj":3.5623409669211195,"audienceSEI":0.3009349515932338,"audienceSEIadj":0.3009349515932338,"SEI":1.1480958996823536,"SEIadj":1.1480958996823536},"non_scoped":{"SEI":0.5165134126422983,"SEIrank":107,"SEIadj":0,"audienceSEI":0.11401272133672255,"audienceSEIadj":0,"audienceSEIrank":203,"audienceScore":0.021008999554626585,"combinedScore":0.01078131328685306,"combinedScoreRank":160,"engagementSEI":0.003530214220963673,"engagementSEIadj":0,"engagementSEIrank":167,"engagementScore":0.0014806033035432424,"voiceSEI":1.6766467065868262,"voiceSEIadj":0,"voiceSEIrank":96,"voiceScore":0.16796640671865626},"scoped":{"SEI":2.0404048761360682,"SEIrank":123,"SEIadj":0,"audienceSEI":1.4884493865660007,"audienceSEIadj":0,"audienceSEIrank":184,"audienceScore":0.060315423476832906,"combinedScore":0.03341439201615881,"combinedScoreRank":153,"engagementSEI":0.09583133684714902,"engagementSEIadj":0,"engagementSEIrank":154,"engagementScore":0.014025666970556117,"voiceSEI":6.11353711790393,"voiceSEIadj":0,"voiceSEIrank":85,"voiceScore":0.35551041137633316}},"facebook":{"entityString":"548880ccf372e13640a025c3","type":"facebook","profiles":1,"postsMade":0,"repliesMade":0,"repliesRcvd":0,"sharesMade":0,"sharesRcvd":0,"mentionsRcvd":0,"likesRcvd":0,"reachRcvd":0,"audience":1,"voice":0,"conversation":0,"engagement":0,"group_scoped":{"audienceScore":0.00008952671701052387,"voiceScore":0,"engagementScore":0,"combinedScore":0.00008952671701052387,"combinedScoreRank":187,"SEIrank":187,"engagementSEIrank":227,"voiceSEIrank":225,"audienceSEIrank":187,"engagementSEI":0,"engagementSEIadj":0,"voiceSEI":0,"voiceSEIadj":0,"audienceSEI":0.00010607367240843455,"audienceSEIadj":0.00010607367240843455,"SEI":0.000010607367240843457,"SEIadj":0.000010607367240843457},"non_scoped":{"SEI":0.000005385212314688114,"SEIrank":196,"SEIadj":0,"audienceSEI":0.00005385212314688113,"audienceSEIadj":0,"audienceSEIrank":196,"audienceScore":0.000010270742946515928,"combinedScore":5.135371473257964e-7,"combinedScoreRank":196,"engagementSEI":0,"engagementSEIadj":0,"engagementSEIrank":227,"engagementScore":0,"voiceSEI":0,"voiceSEIadj":0,"voiceSEIrank":225,"voiceScore":0},"scoped":{"SEI":0.00006864266004036188,"SEIrank":178,"SEIadj":0,"audienceSEI":0.0006864266004036188,"audienceSEIadj":0,"audienceSEIrank":178,"audienceScore":0.00004210226724919364,"combinedScore":0.000002105113362459682,"combinedScoreRank":178,"engagementSEI":0,"engagementSEIadj":0,"engagementSEIrank":205,"engagementScore":0,"voiceSEI":0,"voiceSEIadj":0,"voiceSEIrank":203,"voiceScore":0}},"twitter":{"entityString":"548880ccf372e13640a025c3","type":"twitter","profiles":1,"postsMade":14,"repliesMade":0,"repliesRcvd":0,"sharesMade":0,"sharesRcvd":4,"mentionsRcvd":0,"likesRcvd":24,"reachRcvd":0,"audience":2901,"voice":14,"conversation":14,"engagement":28,"group_scoped":{"audienceScore":4.210694379934974,"voiceScore":4.713804713804714,"engagementScore":3.3373063170441,"combinedScore":3.449800640026675,"combinedScoreRank":48,"SEIrank":44,"engagementSEIrank":42,"voiceSEIrank":51,"audienceSEIrank":35,"engagementSEI":11.864406779661017,"engagementSEIadj":11.864406779661017,"voiceSEI":7.253886010362693,"voiceSEIadj":7.253886010362693,"audienceSEI":13.438643628109512,"audienceSEIadj":13.438643628109512,"SEI":10.638674233716369,"SEIadj":10.638674233716369},"non_scoped":{"SEI":1.0653436068460378,"SEIrank":103,"SEIadj":0,"audienceSEI":0.5123839364721633,"audienceSEIadj":0,"audienceSEIrank":178,"audienceScore":0.08317955199453154,"combinedScore":0.058507498563309265,"combinedScoreRank":132,"engagementSEI":0.2133821063862216,"engagementSEIadj":0,"engagementSEIrank":133,"engagementScore":0.04513071790077689,"voiceSEI":2.9535864978902953,"voiceSEIadj":0,"voiceSEIrank":72,"voiceScore":0.2746174970576697},"scoped":{"SEI":3.4184907397918347,"SEIrank":104,"SEIadj":0,"audienceSEI":2.4891032021141504,"audienceSEIadj":0,"audienceSEIrank":161,"audienceScore":0.13175858883417493,"combinedScore":0.10446342997951935,"combinedScoreRank":120,"engagementSEI":1.3053613053613053,"engagementSEIadj":0,"engagementSEIrank":121,"engagementScore":0.08128665157057423,"voiceSEI":7.954545454545454,"voiceSEIadj":0,"voiceSEIrank":61,"voiceScore":0.49435028248587576}},"instagram":{"entityString":"548880ccf372e13640a025c3","type":"instagram","profiles":0,"postsMade":0,"repliesMade":0,"repliesRcvd":0,"sharesMade":0,"sharesRcvd":0,"mentionsRcvd":0,"likesRcvd":0,"reachRcvd":0,"audience":0,"voice":0,"conversation":0,"engagement":0,"group_scoped":{"audienceScore":null,"voiceScore":0,"engagementScore":0,"combinedScore":null,"combinedScoreRank":27,"SEIrank":218,"engagementSEIrank":218,"voiceSEIrank":218,"audienceSEIrank":218,"engagementSEI":0,"engagementSEIadj":0,"voiceSEI":0,"voiceSEIadj":0,"audienceSEI":0,"audienceSEIadj":0,"SEI":0,"SEIadj":0},"non_scoped":{"SEI":0,"SEIrank":218,"SEIadj":0,"audienceSEI":0,"audienceSEIadj":0,"audienceSEIrank":218,"audienceScore":0,"combinedScore":0,"combinedScoreRank":218,"engagementSEI":0,"engagementSEIadj":0,"engagementSEIrank":218,"engagementScore":0,"voiceSEI":0,"voiceSEIadj":0,"voiceSEIrank":218,"voiceScore":0},"scoped":{"SEI":0,"SEIrank":196,"SEIadj":0,"audienceSEI":0,"audienceSEIadj":0,"audienceSEIrank":196,"audienceScore":0,"combinedScore":0,"combinedScoreRank":196,"engagementSEI":0,"engagementSEIadj":0,"engagementSEIrank":196,"engagementScore":0,"voiceSEI":0,"voiceSEIadj":0,"voiceSEIrank":196,"voiceScore":0}}},"month":{"boundaryQuantum":4987194,"combined":{"entityString":"548880ccf372e13640a025c3","type":"combined","profiles":2,"postsMade":39,"repliesMade":0,"repliesRcvd":0,"sharesMade":0,"sharesRcvd":6,"mentionsRcvd":0,"likesRcvd":81,"reachRcvd":0,"audience":2902,"voice":39,"conversation":39,"engagement":87,"group_scoped":{"audienceScore":0.24471258077328165,"voiceScore":1.461769115442279,"engagementScore":0.0434665307713061,"combinedScore":0.12444396250495353,"combinedScoreRank":140,"SEIrank":122,"engagementSEIrank":150,"voiceSEIrank":105,"audienceSEIrank":198,"engagementSEI":0.048760256467739765,"engagementSEIadj":0.048760256467739765,"voiceSEI":2.055877701634159,"voiceSEIadj":2.055877701634159,"audienceSEI":0.3009349515932338,"audienceSEIadj":0.3009349515932338,"SEI":0.6761129595302149,"SEIadj":0.6761129595302149},"non_scoped":{"SEI":0.3309422649891093,"SEIrank":142,"SEIadj":0,"audienceSEI":0.11401272133672255,"audienceSEIadj":0,"audienceSEIrank":203,"audienceScore":0.021008999554626585,"combinedScore":0.00706613332549636,"combinedScoreRank":179,"engagementSEI":0.0023888760749942338,"engagementSEIadj":0,"engagementSEIrank":183,"engagementScore":0.0009993923235182287,"voiceSEI":1.0603588907014683,"voiceSEIadj":0,"voiceSEIrank":129,"voiceScore":0.1023246051319725},"scoped":{"SEI":1.408159976673224,"SEIrank":147,"SEIadj":0,"audienceSEI":1.4884493865660007,"audienceSEIadj":0,"audienceSEIrank":184,"audienceScore":0.060315423476832906,"combinedScore":0.023000869228501482,"combinedScoreRank":169,"engagementSEI":0.07183136966734645,"engagementSEIadj":0,"engagementSEIrank":169,"engagementScore":0.010237775272595477,"voiceSEI":4.054054054054054,"voiceSEIadj":0,"voiceSEIrank":117,"voiceScore":0.2154220061864781}},"facebook":{"entityString":"548880ccf372e13640a025c3","type":"facebook","profiles":1,"postsMade":0,"repliesMade":0,"repliesRcvd":0,"sharesMade":0,"sharesRcvd":0,"mentionsRcvd":0,"likesRcvd":0,"reachRcvd":0,"audience":1,"voice":0,"conversation":0,"engagement":0,"group_scoped":{"audienceScore":0.00008952671701052387,"voiceScore":0,"engagementScore":0,"combinedScore":0.00008952671701052387,"combinedScoreRank":187,"SEIrank":187,"engagementSEIrank":228,"voiceSEIrank":227,"audienceSEIrank":187,"engagementSEI":0,"engagementSEIadj":0,"voiceSEI":0,"voiceSEIadj":0,"audienceSEI":0.00010607367240843455,"audienceSEIadj":0.00010607367240843455,"SEI":0.000010607367240843457,"SEIadj":0.000010607367240843457},"non_scoped":{"SEI":0.000005385212314688114,"SEIrank":196,"SEIadj":0,"audienceSEI":0.00005385212314688113,"audienceSEIadj":0,"audienceSEIrank":196,"audienceScore":0.000010270742946515928,"combinedScore":5.135371473257964e-7,"combinedScoreRank":196,"engagementSEI":0,"engagementSEIadj":0,"engagementSEIrank":228,"engagementScore":0,"voiceSEI":0,"voiceSEIadj":0,"voiceSEIrank":227,"voiceScore":0},"scoped":{"SEI":0.00006864266004036188,"SEIrank":178,"SEIadj":0,"audienceSEI":0.0006864266004036188,"audienceSEIadj":0,"audienceSEIrank":178,"audienceScore":0.00004210226724919364,"combinedScore":0.000002105113362459682,"combinedScoreRank":178,"engagementSEI":0,"engagementSEIadj":0,"engagementSEIrank":205,"engagementScore":0,"voiceSEI":0,"voiceSEIadj":0,"voiceSEIrank":205,"voiceScore":0}},"twitter":{"entityString":"548880ccf372e13640a025c3","type":"twitter","profiles":1,"postsMade":39,"repliesMade":0,"repliesRcvd":0,"sharesMade":0,"sharesRcvd":6,"mentionsRcvd":0,"likesRcvd":81,"reachRcvd":0,"audience":2901,"voice":39,"conversation":39,"engagement":87,"group_scoped":{"audienceScore":4.210694379934974,"voiceScore":2.8363636363636364,"engagementScore":2.4006622516556293,"combinedScore":2.512948927304997,"combinedScoreRank":62,"SEIrank":60,"engagementSEIrank":54,"voiceSEIrank":73,"audienceSEIrank":35,"engagementSEI":7.004830917874397,"engagementSEIadj":7.004830917874397,"voiceSEI":4.17558886509636,"voiceSEIadj":4.17558886509636,"audienceSEI":13.438643628109512,"audienceSEIadj":13.438643628109512,"SEI":6.799439573064497,"SEIadj":6.799439573064497},"non_scoped":{"SEI":0.6930163526225094,"SEIrank":129,"SEIadj":0,"audienceSEI":0.5123839364721633,"audienceSEIadj":0,"audienceSEIrank":178,"audienceScore":0.08317955199453154,"combinedScore":0.04116460016136341,"combinedScoreRank":153,"engagementSEI":0.13884234212668167,"engagementSEIadj":0,"engagementSEIrank":153,"engagementScore":0.03194899911497601,"voiceSEI":1.8615751789976134,"voiceSEIadj":0,"voiceSEIrank":103,"voiceScore":0.16503046716316858},"scoped":{"SEI":2.414914600639663,"SEIrank":127,"SEIadj":0,"audienceSEI":2.4891032021141504,"audienceSEIadj":0,"audienceSEIrank":161,"audienceScore":0.13175858883417493,"combinedScore":0.07657416692707572,"combinedScoreRank":140,"engagementSEI":0.7632918055799263,"engagementSEIadj":0,"engagementSEIrank":140,"engagementScore":0.06123440106421166,"voiceSEI":5.693430656934306,"voiceSEIadj":0,"voiceSEIrank":91,"voiceScore":0.2975055305515295}},"instagram":{"entityString":"548880ccf372e13640a025c3","type":"instagram","profiles":0,"postsMade":0,"repliesMade":0,"repliesRcvd":0,"sharesMade":0,"sharesRcvd":0,"mentionsRcvd":0,"likesRcvd":0,"reachRcvd":0,"audience":0,"voice":0,"conversation":0,"engagement":0,"group_scoped":{"audienceScore":null,"voiceScore":0,"engagementScore":0,"combinedScore":null,"combinedScoreRank":27,"SEIrank":218,"engagementSEIrank":218,"voiceSEIrank":218,"audienceSEIrank":218,"engagementSEI":0,"engagementSEIadj":0,"voiceSEI":0,"voiceSEIadj":0,"audienceSEI":0,"audienceSEIadj":0,"SEI":0,"SEIadj":0},"non_scoped":{"SEI":0,"SEIrank":218,"SEIadj":0,"audienceSEI":0,"audienceSEIadj":0,"audienceSEIrank":218,"audienceScore":0,"combinedScore":0,"combinedScoreRank":218,"engagementSEI":0,"engagementSEIadj":0,"engagementSEIrank":218,"engagementScore":0,"voiceSEI":0,"voiceSEIadj":0,"voiceSEIrank":218,"voiceScore":0},"scoped":{"SEI":0,"SEIrank":196,"SEIadj":0,"audienceSEI":0,"audienceSEIadj":0,"audienceSEIrank":196,"audienceScore":0,"combinedScore":0,"combinedScoreRank":196,"engagementSEI":0,"engagementSEIadj":0,"engagementSEIrank":196,"engagementScore":0,"voiceSEI":0,"voiceSEIadj":0,"voiceSEIrank":196,"voiceScore":0}}},"quarter":{"boundaryQuantum":4969914,"combined":{"entityString":"548880ccf372e13640a025c3","type":"combined","profiles":2,"postsMade":84,"repliesMade":0,"repliesRcvd":0,"sharesMade":0,"sharesRcvd":19,"mentionsRcvd":0,"likesRcvd":260,"reachRcvd":0,"audience":2902,"voice":84,"conversation":84,"engagement":279,"group_scoped":{"audienceScore":0.24471258077328165,"voiceScore":1.044516289480229,"engagementScore":0.04242494282516666,"combinedScore":0.10264389205532554,"combinedScoreRank":148,"SEIrank":150,"engagementSEIrank":143,"voiceSEIrank":129,"audienceSEIrank":198,"engagementSEI":0.04822734265613386,"engagementSEIadj":0.04822734265613386,"voiceSEI":1.4030399198262904,"voiceSEIadj":1.4030399198262904,"audienceSEI":0.3009349515932338,"audienceSEIadj":0.3009349515932338,"SEI":0.4799418767008908,"SEIadj":0.4799418767008908},"non_scoped":{"SEI":0.24827505483666434,"SEIrank":163,"SEIadj":0,"audienceSEI":0.11401272133672255,"audienceSEIadj":0,"audienceSEIrank":203,"audienceScore":0.021008999554626585,"combinedScore":0.005726009255361025,"combinedScoreRank":184,"engagementSEI":0.002449609814032471,"engagementSEIadj":0,"engagementSEIrank":186,"engagementScore":0.0010085506296030938,"voiceSEI":0.7846800560485754,"voiceSEIadj":0,"voiceSEIrank":152,"voiceScore":0.07535727421973822},"scoped":{"SEI":1.1214524991503279,"SEIrank":162,"SEIadj":0,"audienceSEI":1.4884493865660007,"audienceSEIadj":0,"audienceSEIrank":184,"audienceScore":0.060315423476832906,"combinedScore":0.020244984771193627,"combinedScoreRank":174,"engagementSEI":0.07291086842332206,"engagementSEIadj":0,"engagementSEIrank":171,"engagementScore":0.010274615806704647,"voiceSEI":3.0962034647991152,"voiceSEIadj":0,"voiceSEIrank":141,"voiceScore":0.159641187426356}},"facebook":{"entityString":"548880ccf372e13640a025c3","type":"facebook","profiles":1,"postsMade":0,"repliesMade":0,"repliesRcvd":0,"sharesMade":0,"sharesRcvd":0,"mentionsRcvd":0,"likesRcvd":0,"reachRcvd":0,"audience":1,"voice":0,"conversation":0,"engagement":0,"group_scoped":{"audienceScore":0.00008952671701052387,"voiceScore":0,"engagementScore":0,"combinedScore":0.00008952671701052387,"combinedScoreRank":187,"SEIrank":187,"engagementSEIrank":228,"voiceSEIrank":228,"audienceSEIrank":187,"engagementSEI":0,"engagementSEIadj":0,"voiceSEI":0,"voiceSEIadj":0,"audienceSEI":0.00010607367240843455,"audienceSEIadj":0.00010607367240843455,"SEI":0.000010607367240843457,"SEIadj":0.000010607367240843457},"non_scoped":{"SEI":0.000005385212314688114,"SEIrank":196,"SEIadj":0,"audienceSEI":0.00005385212314688113,"audienceSEIadj":0,"audienceSEIrank":196,"audienceScore":0.000010270742946515928,"combinedScore":5.135371473257964e-7,"combinedScoreRank":196,"engagementSEI":0,"engagementSEIadj":0,"engagementSEIrank":228,"engagementScore":0,"voiceSEI":0,"voiceSEIadj":0,"voiceSEIrank":228,"voiceScore":0},"scoped":{"SEI":0.00006864266004036188,"SEIrank":178,"SEIadj":0,"audienceSEI":0.0006864266004036188,"audienceSEIadj":0,"audienceSEIrank":178,"audienceScore":0.00004210226724919364,"combinedScore":0.000002105113362459682,"combinedScoreRank":178,"engagementSEI":0,"engagementSEIadj":0,"engagementSEIrank":205,"engagementScore":0,"voiceSEI":0,"voiceSEIadj":0,"voiceSEIrank":205,"voiceScore":0}},"twitter":{"entityString":"548880ccf372e13640a025c3","type":"twitter","profiles":1,"postsMade":84,"repliesMade":0,"repliesRcvd":0,"sharesMade":0,"sharesRcvd":19,"mentionsRcvd":0,"likesRcvd":260,"reachRcvd":0,"audience":2901,"voice":84,"conversation":84,"engagement":279,"group_scoped":{"audienceScore":4.210694379934974,"voiceScore":2.037351443123939,"engagementScore":3.1313131313131315,"combinedScore":3.130584109334764,"combinedScoreRank":48,"SEIrank":57,"engagementSEIrank":48,"voiceSEIrank":100,"audienceSEIrank":35,"engagementSEI":7.71570796460177,"engagementSEIadj":7.71570796460177,"voiceSEI":2.766798418972332,"voiceSEIadj":2.766798418972332,"audienceSEI":13.438643628109512,"audienceSEIadj":13.438643628109512,"SEI":6.803328667263713,"SEIadj":6.803328667263713},"non_scoped":{"SEI":0.5622255867742523,"SEIrank":146,"SEIadj":0,"audienceSEI":0.5123839364721633,"audienceSEIadj":0,"audienceSEIrank":178,"audienceScore":0.08317955199453154,"combinedScore":0.0421534683143714,"combinedScoreRank":155,"engagementSEI":0.15094462117769264,"engagementSEIadj":0,"engagementSEIrank":150,"engagementScore":0.03542357839085539,"voiceSEI":1.4014014014014013,"voiceSEIadj":0,"voiceSEIrank":125,"voiceScore":0.12226540325749966},"scoped":{"SEI":2.1351848124962896,"SEIrank":141,"SEIadj":0,"audienceSEI":2.4891032021141504,"audienceSEIadj":0,"audienceSEIrank":161,"audienceScore":0.13175858883417493,"combinedScore":0.08108923261927115,"combinedScoreRank":141,"engagementSEI":0.91921454928835,"engagementSEIadj":0,"engagementSEIrank":137,"engagementScore":0.0703516827668636,"voiceSEI":4.4491525423728815,"voiceSEIadj":0,"voiceSEIrank":114,"voiceScore":0.2236957737477031}},"instagram":{"entityString":"548880ccf372e13640a025c3","type":"instagram","profiles":0,"postsMade":0,"repliesMade":0,"repliesRcvd":0,"sharesMade":0,"sharesRcvd":0,"mentionsRcvd":0,"likesRcvd":0,"reachRcvd":0,"audience":0,"voice":0,"conversation":0,"engagement":0,"group_scoped":{"audienceScore":null,"voiceScore":0,"engagementScore":0,"combinedScore":null,"combinedScoreRank":27,"SEIrank":218,"engagementSEIrank":218,"voiceSEIrank":218,"audienceSEIrank":218,"engagementSEI":0,"engagementSEIadj":0,"voiceSEI":0,"voiceSEIadj":0,"audienceSEI":0,"audienceSEIadj":0,"SEI":0,"SEIadj":0},"non_scoped":{"SEI":0,"SEIrank":218,"SEIadj":0,"audienceSEI":0,"audienceSEIadj":0,"audienceSEIrank":218,"audienceScore":0,"combinedScore":0,"combinedScoreRank":218,"engagementSEI":0,"engagementSEIadj":0,"engagementSEIrank":218,"engagementScore":0,"voiceSEI":0,"voiceSEIadj":0,"voiceSEIrank":218,"voiceScore":0},"scoped":{"SEI":0,"SEIrank":196,"SEIadj":0,"audienceSEI":0,"audienceSEIadj":0,"audienceSEIrank":196,"audienceScore":0,"combinedScore":0,"combinedScoreRank":196,"engagementSEI":0,"engagementSEIadj":0,"engagementSEIrank":196,"engagementScore":0,"voiceSEI":0,"voiceSEIadj":0,"voiceSEIrank":196,"voiceScore":0}}},"blended":{"combined":{"non_scoped":{"SEI":0.3293334417512915,"SEIadj":50.164666720875644,"SEIrank":147,"audienceSEI":0.11401272133672255,"audienceSEIadj":40.068407632802035,"audienceSEIrank":203,"engagementSEI":0.002693012559920827,"engagementSEIadj":40.001615807535956,"engagementSEIrank":186,"voiceSEI":1.0543878736055559,"voiceSEIadj":50.527193936802774,"voiceSEIrank":127},"scoped":{"SEI":1.0587537726727594,"SEIadj":40.635252263603654,"SEIrank":171,"compCharisma":0,"compInfluence":0,"compEva":1.0587537726727594,"audienceSEI":1.4884493865660007,"audienceSEIadj":40.8930696319396,"audienceSEIrank":184,"engagementSEI":0.07861806314334834,"engagementSEIadj":40.04717083788601,"engagementSEIrank":171,"voiceSEI":3.9902709758788446,"voiceSEIadj":51.99513548793942,"voiceSEIrank":118}},"facebook":{"non_scoped":{"SEI":0.000005385212314688114,"SEIadj":40.00000323112739,"SEIrank":196,"audienceSEI":0.00005385212314688114,"audienceSEIadj":40.00003231127389,"audienceSEIrank":196,"engagementSEI":0,"engagementSEIadj":0,"engagementSEIrank":228,"voiceSEI":0,"voiceSEIadj":0,"voiceSEIrank":228},"scoped":{"SEI":0.00006864266004036188,"SEIadj":40.000041185596025,"SEIrank":178,"audienceSEI":0.0006864266004036188,"audienceSEIadj":40.000411855960245,"audienceSEIrank":178,"engagementSEI":0,"engagementSEIadj":0,"engagementSEIrank":205,"voiceSEI":0,"voiceSEIadj":0,"voiceSEIrank":205}},"twitter":{"non_scoped":{"SEI":0.708687265986563,"SEIadj":50.354343632993285,"SEIrank":133,"audienceSEI":0.5123839364721633,"audienceSEIadj":40.3074303618833,"audienceSEIrank":178,"engagementSEI":0.16274165710686223,"engagementSEIadj":50.08137082855343,"engagementSEIrank":149,"voiceSEI":1.8660129269174313,"voiceSEIadj":50.93300646345872,"voiceSEIrank":106},"scoped":{"SEI":2.4784606321645555,"SEIadj":51.23923031608228,"SEIrank":129,"audienceSEI":2.4891032021141504,"audienceSEIadj":41.49346192126849,"audienceSEIrank":161,"engagementSEI":0.9834399335434563,"engagementSEIadj":50.491719966771726,"engagementSEIrank":135,"voiceSEI":5.464954506090223,"voiceSEIadj":52.73247725304511,"voiceSEIrank":99}},"instagram":{"non_scoped":{"SEI":0,"SEIadj":0,"SEIrank":218,"audienceSEI":0,"audienceSEIadj":0,"audienceSEIrank":218,"engagementSEI":0,"engagementSEIadj":0,"engagementSEIrank":218,"voiceSEI":0,"voiceSEIadj":0,"voiceSEIrank":218},"scoped":{"SEI":0,"SEIadj":0,"SEIrank":196,"audienceSEI":0,"audienceSEIadj":0,"audienceSEIrank":196,"engagementSEI":0,"engagementSEIadj":0,"engagementSEIrank":196,"voiceSEI":0,"voiceSEIadj":0,"voiceSEIrank":196}},"influence":{"facebook":{"scope":"individual","ratio":0,"calculated":false},"instagram":{"scope":"individual","ratio":0,"calculated":false},"combined":{"ratio":0.36,"bottom":true,"scope":"individual","calculated":true},"twitter":{"ratio":0.61,"bottom":false,"scope":"individual","calculated":true}},"charisma":{"facebook":{"scope":"individual","ratio":0,"calculated":false},"instagram":{"scope":"individual","ratio":0,"calculated":false},"combined":{"ratio":0.08,"bottom":false,"scope":"individual","calculated":true},"twitter":{"ratio":0.29,"bottom":false,"scope":"individual","calculated":true}}},"scope":"individual"}}