{"scoreEntityString":"591d1494ab33fb0001804f89.asset.54886442f372e13640a025b5","timeQuantum":4995834,"scoreEntityType":"asset","scoreProfileID":"591d1494ab33fb0001804f89","data":{"scoreEntityString":"591d1494ab33fb0001804f89.asset.54886442f372e13640a025b5","scoreProfileID":"591d1494ab33fb0001804f89","scoreEntityType":"asset","entityID":"asset.54886442f372e13640a025b5","object_version":"1.2","score_engine_version":"3.0.20","timestamp":4995834,"start_quantum":4969914,"end_quantum":4995833,"schedule_options":{"interval":15,"offset":"1"},"_15min":{"boundaryQuantum":4995831,"combined":{"entityString":"54886442f372e13640a025b5","type":"combined","profiles":2,"postsMade":0,"repliesMade":0,"repliesRcvd":9,"sharesMade":0,"sharesRcvd":7,"mentionsRcvd":0,"likesRcvd":63,"reachRcvd":0,"audience":964328,"voice":0,"conversation":9,"engagement":79,"group_scoped":{"audienceScore":81.31743404270749,"voiceScore":0,"engagementScore":100,"combinedScore":97.33106200610106,"engagementSEI":100,"engagementSEIadj":100,"voiceSEI":0,"voiceSEIadj":0,"audienceSEI":100,"audienceSEIadj":100,"SEI":70,"SEIadj":70,"combinedScoreRank":2,"SEIrank":6,"engagementSEIrank":6,"voiceSEIrank":217,"audienceSEIrank":7},"non_scoped":{"SEI":12.782924200558659,"SEIrank":7,"SEIadj":0,"audienceSEI":37.88616800179152,"audienceSEIadj":0,"audienceSEIrank":5,"audienceScore":6.981242771369381,"combinedScore":5.4568207592581235,"combinedScoreRank":6,"engagementSEI":14.990512333965844,"engagementSEIadj":0,"engagementSEIrank":6,"engagementScore":5.675287356321839,"voiceSEI":0,"voiceSEIadj":0,"voiceSEIrank":217,"voiceScore":0},"scoped":{"SEI":12.782924200558659,"SEIrank":6,"SEIadj":0,"audienceSEI":37.88616800179152,"audienceSEIadj":0,"audienceSEIrank":5,"audienceScore":11.074241428449536,"combinedScore":5.812587811067448,"combinedScoreRank":6,"engagementSEI":14.990512333965844,"engagementSEIadj":0,"engagementSEIrank":6,"engagementScore":5.84319526627219,"voiceSEI":0,"voiceSEIadj":0,"voiceSEIrank":7,"voiceScore":0}},"facebook":{"entityString":"54886442f372e13640a025b5","type":"facebook","profiles":1,"postsMade":0,"repliesMade":0,"repliesRcvd":9,"sharesMade":0,"sharesRcvd":7,"mentionsRcvd":0,"likesRcvd":63,"reachRcvd":0,"audience":942741,"voice":0,"conversation":9,"engagement":79,"group_scoped":{"audienceScore":84.40050672121828,"voiceScore":0,"engagementScore":100,"combinedScore":97.77150096017404,"engagementSEI":100,"engagementSEIadj":100,"voiceSEI":0,"voiceSEIadj":0,"audienceSEI":100,"audienceSEIadj":100,"SEI":70,"SEIadj":70,"combinedScoreRank":1,"SEIrank":6,"engagementSEIrank":6,"voiceSEIrank":217,"audienceSEIrank":7},"non_scoped":{"SEI":16.023742659851457,"SEIrank":6,"SEIadj":0,"audienceSEI":50.76860442761386,"audienceSEIadj":0,"audienceSEIrank":4,"audienceScore":9.682650476141372,"combinedScore":6.699167488842034,"combinedScoreRank":5,"engagementSEI":18.244803695150118,"engagementSEIadj":0,"engagementSEIrank":6,"engagementScore":6.905594405594405,"voiceSEI":0,"voiceSEIadj":0,"voiceSEIrank":217,"voiceScore":0},"scoped":{"SEI":16.023742659851457,"SEIrank":5,"SEIadj":0,"audienceSEI":50.76860442761386,"audienceSEIadj":0,"audienceSEIrank":4,"audienceScore":13.122050642203673,"combinedScore":7.997027642763789,"combinedScoreRank":5,"engagementSEI":18.244803695150118,"engagementSEIadj":0,"engagementSEIrank":6,"engagementScore":7.142857142857142,"voiceSEI":0,"voiceSEIadj":0,"voiceSEIrank":7,"voiceScore":0}},"twitter":{"entityString":"54886442f372e13640a025b5","type":"twitter","profiles":1,"postsMade":0,"repliesMade":0,"repliesRcvd":0,"sharesMade":0,"sharesRcvd":0,"mentionsRcvd":0,"likesRcvd":0,"reachRcvd":0,"audience":21587,"voice":0,"conversation":0,"engagement":0,"group_scoped":{"audienceScore":31.332733395262423,"voiceScore":0,"engagementScore":0,"combinedScore":31.332733395262423,"engagementSEI":0,"engagementSEIadj":0,"voiceSEI":0,"voiceSEIadj":0,"audienceSEI":100,"audienceSEIadj":100,"SEI":10,"SEIadj":10,"combinedScoreRank":7,"SEIrank":8,"engagementSEIrank":217,"voiceSEIrank":217,"audienceSEIrank":7},"non_scoped":{"SEI":0.38127652659857253,"SEIrank":31,"SEIadj":0,"audienceSEI":3.812765265985725,"audienceSEIadj":0,"audienceSEIrank":30,"audienceScore":0.6189579417118071,"combinedScore":0.030947897085590356,"combinedScoreRank":31,"engagementSEI":0,"engagementSEIadj":0,"engagementSEIrank":217,"engagementScore":0,"voiceSEI":0,"voiceSEIadj":0,"voiceSEIrank":217,"voiceScore":0},"scoped":{"SEI":0.38127652659857253,"SEIrank":7,"SEIadj":0,"audienceSEI":3.812765265985725,"audienceSEIadj":0,"audienceSEIrank":7,"audienceScore":1.8469433502510277,"combinedScore":0.0923471675125514,"combinedScoreRank":7,"engagementSEI":0,"engagementSEIadj":0,"engagementSEIrank":7,"engagementScore":0,"voiceSEI":0,"voiceSEIadj":0,"voiceSEIrank":7,"voiceScore":0}},"instagram":{"entityString":"54886442f372e13640a025b5","type":"instagram","profiles":0,"postsMade":0,"repliesMade":0,"repliesRcvd":0,"sharesMade":0,"sharesRcvd":0,"mentionsRcvd":0,"likesRcvd":0,"reachRcvd":0,"audience":0,"voice":0,"conversation":0,"engagement":0,"group_scoped":{"audienceScore":null,"voiceScore":0,"engagementScore":0,"combinedScore":null,"engagementSEI":0,"engagementSEIadj":0,"voiceSEI":0,"voiceSEIadj":0,"audienceSEI":0,"audienceSEIadj":0,"SEI":0,"SEIadj":0,"combinedScoreRank":29,"SEIrank":217,"engagementSEIrank":217,"voiceSEIrank":217,"audienceSEIrank":217},"non_scoped":{"SEI":0,"SEIrank":217,"SEIadj":0,"audienceSEI":0,"audienceSEIadj":0,"audienceSEIrank":217,"audienceScore":0,"combinedScore":0,"combinedScoreRank":217,"engagementSEI":0,"engagementSEIadj":0,"engagementSEIrank":217,"engagementScore":0,"voiceSEI":0,"voiceSEIadj":0,"voiceSEIrank":217,"voiceScore":0},"scoped":{"SEI":0,"SEIrank":7,"SEIadj":0,"audienceSEI":0,"audienceSEIadj":0,"audienceSEIrank":7,"audienceScore":0,"combinedScore":0,"combinedScoreRank":7,"engagementSEI":0,"engagementSEIadj":0,"engagementSEIrank":7,"engagementScore":0,"voiceSEI":0,"voiceSEIadj":0,"voiceSEIrank":7,"voiceScore":0}}},"hour":{"boundaryQuantum":4995822,"combined":{"entityString":"54886442f372e13640a025b5","type":"combined","profiles":2,"postsMade":3,"repliesMade":0,"repliesRcvd":29,"sharesMade":0,"sharesRcvd":28,"mentionsRcvd":0,"likesRcvd":213,"reachRcvd":0,"audience":964328,"voice":3,"conversation":32,"engagement":270,"group_scoped":{"audienceScore":81.31743404270749,"voiceScore":60,"engagementScore":97.47292418772562,"combinedScore":94.79150347108843,"combinedScoreRank":2,"SEIrank":6,"engagementSEIrank":7,"voiceSEIrank":7,"audienceSEIrank":7,"engagementSEI":100,"engagementSEIadj":100,"voiceSEI":100,"voiceSEIadj":100,"audienceSEI":100,"audienceSEIadj":100,"SEI":100,"SEIadj":100},"non_scoped":{"SEI":19.18681739997922,"SEIrank":7,"SEIadj":0,"audienceSEI":37.88616800179152,"audienceSEIadj":0,"audienceSEIrank":5,"audienceScore":6.981242771369381,"combinedScore":3.3547542881455112,"combinedScoreRank":6,"engagementSEI":8.997000999666778,"engagementSEIadj":0,"engagementSEIrank":6,"engagementScore":3.0832476875642345,"voiceSEI":33.33333333333333,"voiceSEIadj":0,"voiceSEIrank":9,"voiceScore":4.615384615384616},"scoped":{"SEI":19.18681739997922,"SEIrank":7,"SEIadj":0,"audienceSEI":37.88616800179152,"audienceSEIadj":0,"audienceSEIrank":5,"audienceScore":11.074241428449536,"combinedScore":3.9011891356426607,"combinedScoreRank":6,"engagementSEI":8.997000999666778,"engagementSEIadj":0,"engagementSEIrank":6,"engagementScore":3.302752293577982,"voiceSEI":33.33333333333333,"voiceSEIadj":0,"voiceSEIrank":7,"voiceScore":7.5}},"facebook":{"entityString":"54886442f372e13640a025b5","type":"facebook","profiles":1,"postsMade":1,"repliesMade":0,"repliesRcvd":29,"sharesMade":0,"sharesRcvd":27,"mentionsRcvd":0,"likesRcvd":213,"reachRcvd":0,"audience":942741,"voice":1,"conversation":30,"engagement":269,"group_scoped":{"audienceScore":84.40050672121828,"voiceScore":50,"engagementScore":97.46376811594203,"combinedScore":94.43741664040874,"combinedScoreRank":2,"SEIrank":6,"engagementSEIrank":7,"voiceSEIrank":9,"audienceSEIrank":7,"engagementSEI":100,"engagementSEIadj":100,"voiceSEI":100,"voiceSEIadj":100,"audienceSEI":100,"audienceSEIadj":100,"SEI":100,"SEIadj":100},"non_scoped":{"SEI":19.05878815360476,"SEIrank":7,"SEIadj":0,"audienceSEI":50.76860442761386,"audienceSEIadj":0,"audienceSEIrank":4,"audienceScore":9.682650476141372,"combinedScore":4.156480737666944,"combinedScoreRank":6,"engagementSEI":10.803212851405622,"engagementSEIadj":0,"engagementSEIrank":6,"engagementScore":3.8489054228072686,"voiceSEI":25,"voiceSEIadj":0,"voiceSEIrank":14,"voiceScore":4.166666666666666},"scoped":{"SEI":19.05878815360476,"SEIrank":7,"SEIadj":0,"audienceSEI":50.76860442761386,"audienceSEIadj":0,"audienceSEIrank":4,"audienceScore":13.122050642203673,"combinedScore":4.664785738217054,"combinedScoreRank":6,"engagementSEI":10.803212851405622,"engagementSEIadj":0,"engagementSEIrank":6,"engagementScore":4.106870229007634,"voiceSEI":25,"voiceSEIadj":0,"voiceSEIrank":7,"voiceScore":6.25}},"twitter":{"entityString":"54886442f372e13640a025b5","type":"twitter","profiles":1,"postsMade":2,"repliesMade":0,"repliesRcvd":0,"sharesMade":0,"sharesRcvd":1,"mentionsRcvd":0,"likesRcvd":0,"reachRcvd":0,"audience":21587,"voice":2,"conversation":2,"engagement":1,"group_scoped":{"audienceScore":31.332733395262423,"voiceScore":66.66666666666666,"engagementScore":100,"combinedScore":94.89997000309646,"combinedScoreRank":1,"SEIrank":5,"engagementSEIrank":8,"voiceSEIrank":8,"audienceSEIrank":7,"engagementSEI":100,"engagementSEIadj":100,"voiceSEI":100,"voiceSEIadj":100,"audienceSEI":100,"audienceSEIadj":100,"SEI":100,"SEIadj":100},"non_scoped":{"SEI":10.942024190149972,"SEIrank":10,"SEIadj":0,"audienceSEI":3.812765265985725,"audienceSEIadj":0,"audienceSEIrank":30,"audienceScore":0.6189579417118071,"combinedScore":0.6083854028507412,"combinedScoreRank":28,"engagementSEI":0.9345794392523363,"engagementSEIadj":0,"engagementSEIrank":36,"engagementScore":0.3412969283276451,"voiceSEI":33.33333333333333,"voiceSEIadj":0,"voiceSEIrank":11,"voiceScore":5.405405405405405},"scoped":{"SEI":10.942024190149972,"SEIrank":6,"SEIadj":0,"audienceSEI":3.812765265985725,"audienceSEIadj":0,"audienceSEIrank":7,"audienceScore":1.8469433502510277,"combinedScore":1.0951404636019368,"combinedScoreRank":6,"engagementSEI":0.9345794392523363,"engagementSEIadj":0,"engagementSEIrank":6,"engagementScore":0.5586592178770949,"voiceSEI":33.33333333333333,"voiceSEIadj":0,"voiceSEIrank":6,"voiceScore":10}},"instagram":{"entityString":"54886442f372e13640a025b5","type":"instagram","profiles":0,"postsMade":0,"repliesMade":0,"repliesRcvd":0,"sharesMade":0,"sharesRcvd":0,"mentionsRcvd":0,"likesRcvd":0,"reachRcvd":0,"audience":0,"voice":0,"conversation":0,"engagement":0,"group_scoped":{"audienceScore":null,"voiceScore":0,"engagementScore":0,"combinedScore":null,"combinedScoreRank":29,"SEIrank":217,"engagementSEIrank":217,"voiceSEIrank":217,"audienceSEIrank":217,"engagementSEI":0,"engagementSEIadj":0,"voiceSEI":0,"voiceSEIadj":0,"audienceSEI":0,"audienceSEIadj":0,"SEI":0,"SEIadj":0},"non_scoped":{"SEI":0,"SEIrank":217,"SEIadj":0,"audienceSEI":0,"audienceSEIadj":0,"audienceSEIrank":217,"audienceScore":0,"combinedScore":0,"combinedScoreRank":217,"engagementSEI":0,"engagementSEIadj":0,"engagementSEIrank":217,"engagementScore":0,"voiceSEI":0,"voiceSEIadj":0,"voiceSEIrank":217,"voiceScore":0},"scoped":{"SEI":0,"SEIrank":7,"SEIadj":0,"audienceSEI":0,"audienceSEIadj":0,"audienceSEIrank":7,"audienceScore":0,"combinedScore":0,"combinedScoreRank":7,"engagementSEI":0,"engagementSEIadj":0,"engagementSEIrank":7,"engagementScore":0,"voiceSEI":0,"voiceSEIadj":0,"voiceSEIrank":7,"voiceScore":0}}},"today":{"boundaryQuantum":4995546,"combined":{"entityString":"54886442f372e13640a025b5","type":"combined","profiles":2,"postsMade":82,"repliesMade":0,"repliesRcvd":458,"sharesMade":0,"sharesRcvd":447,"mentionsRcvd":0,"likesRcvd":6163,"reachRcvd":0,"audience":964328,"voice":82,"conversation":540,"engagement":7068,"group_scoped":{"audienceScore":81.31743404270749,"voiceScore":78.0952380952381,"engagementScore":84.2230695900858,"combinedScore":83.7713962379745,"combinedScoreRank":4,"SEIrank":7,"engagementSEIrank":7,"voiceSEIrank":7,"audienceSEIrank":7,"engagementSEI":100,"engagementSEIadj":100,"voiceSEI":100,"voiceSEIadj":100,"audienceSEI":100,"audienceSEIadj":100,"SEI":100,"SEIadj":100},"non_scoped":{"SEI":24.947600371345015,"SEIrank":6,"SEIadj":0,"audienceSEI":37.88616800179152,"audienceSEIadj":0,"audienceSEIrank":5,"audienceScore":6.981242771369381,"combinedScore":3.0020716782528067,"combinedScoreRank":6,"engagementSEI":7.18278083778785,"engagementSEIadj":0,"engagementSEIrank":6,"engagementScore":2.6298849890421456,"voiceSEI":56.16438356164384,"voiceSEIadj":0,"voiceSEIrank":7,"voiceScore":5.722260990928123},"scoped":{"SEI":24.947600371345015,"SEIrank":6,"SEIadj":0,"audienceSEI":37.88616800179152,"audienceSEIadj":0,"audienceSEIrank":5,"audienceScore":11.074241428449536,"combinedScore":3.7016546265347308,"combinedScoreRank":6,"engagementSEI":7.18278083778785,"engagementSEIadj":0,"engagementSEIrank":6,"engagementScore":2.9022164918821702,"voiceSEI":56.16438356164384,"voiceSEIadj":0,"voiceSEIrank":7,"voiceScore":10.718954248366012}},"facebook":{"entityString":"54886442f372e13640a025b5","type":"facebook","profiles":1,"postsMade":38,"repliesMade":0,"repliesRcvd":458,"sharesMade":0,"sharesRcvd":421,"mentionsRcvd":0,"likesRcvd":6136,"reachRcvd":0,"audience":942741,"voice":38,"conversation":496,"engagement":7015,"group_scoped":{"audienceScore":84.40050672121828,"voiceScore":77.55102040816327,"engagementScore":84.82466747279322,"combinedScore":84.43977708198298,"combinedScoreRank":5,"SEIrank":7,"engagementSEIrank":7,"voiceSEIrank":7,"audienceSEIrank":7,"engagementSEI":100,"engagementSEIadj":100,"voiceSEI":100,"voiceSEIadj":100,"audienceSEI":100,"audienceSEIadj":100,"SEI":100,"SEIadj":100},"non_scoped":{"SEI":27.297510504852212,"SEIrank":4,"SEIadj":0,"audienceSEI":50.76860442761386,"audienceSEIadj":0,"audienceSEIrank":4,"audienceScore":9.682650476141372,"combinedScore":3.597733707916767,"combinedScoreRank":5,"engagementSEI":8.246537982272589,"engagementSEIadj":0,"engagementSEIrank":5,"engagementScore":3.0423412366260587,"voiceSEI":57.57575757575758,"voiceSEIadj":0,"voiceSEIrank":5,"voiceScore":7.5098814229249005},"scoped":{"SEI":27.297510504852212,"SEIrank":4,"SEIadj":0,"audienceSEI":50.76860442761386,"audienceSEIadj":0,"audienceSEIrank":4,"audienceScore":13.122050642203673,"combinedScore":4.2370677523303675,"combinedScoreRank":5,"engagementSEI":8.246537982272589,"engagementSEIadj":0,"engagementSEIrank":5,"engagementScore":3.312884594496314,"voiceSEI":57.57575757575758,"voiceSEIadj":0,"voiceSEIrank":5,"voiceScore":11.987381703470032}},"twitter":{"entityString":"54886442f372e13640a025b5","type":"twitter","profiles":1,"postsMade":44,"repliesMade":0,"repliesRcvd":0,"sharesMade":0,"sharesRcvd":26,"mentionsRcvd":0,"likesRcvd":27,"reachRcvd":0,"audience":21587,"voice":44,"conversation":44,"engagement":53,"group_scoped":{"audienceScore":31.332733395262423,"voiceScore":78.57142857142857,"engagementScore":43.44262295081967,"combinedScore":44.59356875407225,"combinedScoreRank":5,"SEIrank":5,"engagementSEIrank":7,"voiceSEIrank":7,"audienceSEIrank":7,"engagementSEI":100,"engagementSEIadj":100,"voiceSEI":100,"voiceSEIadj":100,"audienceSEI":100,"audienceSEIadj":100,"SEI":100,"SEIadj":100},"non_scoped":{"SEI":16.757176248837467,"SEIrank":7,"SEIadj":0,"audienceSEI":3.812765265985725,"audienceSEIadj":0,"audienceSEIrank":30,"audienceScore":0.6189579417118071,"combinedScore":0.8345166913938962,"combinedScoreRank":25,"engagementSEI":2.5740650801359886,"engagementSEIadj":0,"engagementSEIrank":31,"engagementScore":0.6157063197026023,"voiceSEI":49.43820224719101,"voiceSEIadj":0,"voiceSEIrank":5,"voiceScore":4.988662131519274},"scoped":{"SEI":16.757176248837467,"SEIrank":7,"SEIadj":0,"audienceSEI":3.812765265985725,"audienceSEIadj":0,"audienceSEIrank":7,"audienceScore":1.8469433502510277,"combinedScore":1.7131356789500152,"combinedScoreRank":7,"engagementSEI":2.5740650801359886,"engagementSEIadj":0,"engagementSEIrank":7,"engagementScore":1.2075643654591022,"voiceSEI":49.43820224719101,"voiceSEIadj":0,"voiceSEIrank":5,"voiceScore":10.679611650485436}},"instagram":{"entityString":"54886442f372e13640a025b5","type":"instagram","profiles":0,"postsMade":0,"repliesMade":0,"repliesRcvd":0,"sharesMade":0,"sharesRcvd":0,"mentionsRcvd":0,"likesRcvd":0,"reachRcvd":0,"audience":0,"voice":0,"conversation":0,"engagement":0,"group_scoped":{"audienceScore":null,"voiceScore":0,"engagementScore":0,"combinedScore":null,"combinedScoreRank":29,"SEIrank":217,"engagementSEIrank":217,"voiceSEIrank":217,"audienceSEIrank":217,"engagementSEI":0,"engagementSEIadj":0,"voiceSEI":0,"voiceSEIadj":0,"audienceSEI":0,"audienceSEIadj":0,"SEI":0,"SEIadj":0},"non_scoped":{"SEI":0,"SEIrank":217,"SEIadj":0,"audienceSEI":0,"audienceSEIadj":0,"audienceSEIrank":217,"audienceScore":0,"combinedScore":0,"combinedScoreRank":217,"engagementSEI":0,"engagementSEIadj":0,"engagementSEIrank":217,"engagementScore":0,"voiceSEI":0,"voiceSEIadj":0,"voiceSEIrank":217,"voiceScore":0},"scoped":{"SEI":0,"SEIrank":7,"SEIadj":0,"audienceSEI":0,"audienceSEIadj":0,"audienceSEIrank":7,"audienceScore":0,"combinedScore":0,"combinedScoreRank":7,"engagementSEI":0,"engagementSEIadj":0,"engagementSEIrank":7,"engagementScore":0,"voiceSEI":0,"voiceSEIadj":0,"voiceSEIrank":7,"voiceScore":0}}},"week":{"boundaryQuantum":4993818,"combined":{"entityString":"54886442f372e13640a025b5","type":"combined","profiles":2,"postsMade":393,"repliesMade":0,"repliesRcvd":2150,"sharesMade":0,"sharesRcvd":2538,"mentionsRcvd":0,"likesRcvd":29389,"reachRcvd":0,"audience":964328,"voice":393,"conversation":2543,"engagement":34077,"group_scoped":{"audienceScore":81.31743404270749,"voiceScore":67.06484641638225,"engagementScore":86.00307901976126,"combinedScore":84.82188514073962,"combinedScoreRank":4,"SEIrank":7,"engagementSEIrank":7,"voiceSEIrank":7,"audienceSEIrank":7,"engagementSEI":100,"engagementSEIadj":100,"voiceSEI":100,"voiceSEIadj":100,"audienceSEI":100,"audienceSEIadj":100,"SEI":100,"SEIadj":100},"non_scoped":{"SEI":20.486215350816334,"SEIrank":6,"SEIadj":0,"audienceSEI":37.88616800179152,"audienceSEIadj":0,"audienceSEIrank":5,"audienceScore":6.981242771369381,"combinedScore":2.206567377189968,"combinedScoreRank":6,"engagementSEI":4.29639678599211,"engagementSEIadj":0,"engagementSEIrank":6,"engagementScore":1.8019470991015383,"voiceSEI":47.06586826347306,"voiceSEIadj":0,"voiceSEIrank":7,"voiceScore":4.71505698860228},"scoped":{"SEI":20.486215350816334,"SEIrank":6,"SEIadj":0,"audienceSEI":37.88616800179152,"audienceSEIadj":0,"audienceSEIrank":5,"audienceScore":11.074241428449536,"combinedScore":2.8601452262240414,"combinedScoreRank":6,"engagementSEI":4.29639678599211,"engagementSEIadj":0,"engagementSEIrank":6,"engagementScore":2.020933447435982,"voiceSEI":47.06586826347306,"voiceSEIadj":0,"voiceSEIrank":7,"voiceScore":9.751861042183622}},"facebook":{"entityString":"54886442f372e13640a025b5","type":"facebook","profiles":1,"postsMade":200,"repliesMade":0,"repliesRcvd":2150,"sharesMade":0,"sharesRcvd":2438,"mentionsRcvd":0,"likesRcvd":29264,"reachRcvd":0,"audience":942741,"voice":200,"conversation":2350,"engagement":33852,"group_scoped":{"audienceScore":84.40050672121828,"voiceScore":69.20415224913495,"engagementScore":87.28341584158416,"combinedScore":86.2353072059434,"combinedScoreRank":4,"SEIrank":7,"engagementSEIrank":7,"voiceSEIrank":7,"audienceSEIrank":7,"engagementSEI":100,"engagementSEIadj":100,"voiceSEI":100,"voiceSEIadj":100,"audienceSEI":100,"audienceSEIadj":100,"SEI":100,"SEIadj":100},"non_scoped":{"SEI":25.59595716029382,"SEIrank":6,"SEIadj":0,"audienceSEI":50.76860442761386,"audienceSEIadj":0,"audienceSEIrank":4,"audienceScore":9.682650476141372,"combinedScore":2.725245830711552,"combinedScoreRank":6,"engagementSEI":4.699969455474412,"engagementSEIadj":0,"engagementSEIrank":6,"engagementScore":2.1099989341550938,"voiceSEI":58.99705014749262,"voiceSEIadj":0,"voiceSEIrank":6,"voiceScore":6.842285323297983},"scoped":{"SEI":25.59595716029382,"SEIrank":6,"SEIadj":0,"audienceSEI":50.76860442761386,"audienceSEIadj":0,"audienceSEIrank":4,"audienceScore":13.122050642203673,"combinedScore":3.270178147620772,"combinedScoreRank":6,"engagementSEI":4.699969455474412,"engagementSEIadj":0,"engagementSEIrank":6,"engagementScore":2.274646879415897,"voiceSEI":58.99705014749262,"voiceSEIadj":0,"voiceSEIrank":6,"voiceScore":11.337868480725625}},"twitter":{"entityString":"54886442f372e13640a025b5","type":"twitter","profiles":1,"postsMade":193,"repliesMade":0,"repliesRcvd":0,"sharesMade":0,"sharesRcvd":100,"mentionsRcvd":0,"likesRcvd":125,"reachRcvd":0,"audience":21587,"voice":193,"conversation":193,"engagement":225,"group_scoped":{"audienceScore":31.332733395262423,"voiceScore":64.98316498316498,"engagementScore":26.817640047675805,"combinedScore":28.951670961829596,"combinedScoreRank":5,"SEIrank":5,"engagementSEIrank":8,"voiceSEIrank":7,"audienceSEIrank":7,"engagementSEI":95.33898305084746,"engagementSEIadj":95.33898305084746,"voiceSEI":100,"voiceSEIadj":100,"audienceSEI":100,"audienceSEIadj":100,"SEI":97.20338983050848,"SEIadj":97.20338983050848},"non_scoped":{"SEI":13.625272984378435,"SEIrank":8,"SEIadj":0,"audienceSEI":3.812765265985725,"audienceSEIadj":0,"audienceSEIrank":30,"audienceScore":0.6189579417118071,"combinedScore":0.5466296138041742,"combinedScoreRank":40,"engagementSEI":1.7146776406035666,"engagementSEIadj":0,"engagementSEIrank":53,"engagementScore":0.3626575545598143,"voiceSEI":40.71729957805908,"voiceSEIadj":0,"voiceSEIrank":6,"voiceScore":3.7857983522950174},"scoped":{"SEI":13.625272984378435,"SEIrank":7,"SEIadj":0,"audienceSEI":3.812765265985725,"audienceSEIadj":0,"audienceSEIrank":7,"audienceScore":1.8469433502510277,"combinedScore":1.3472211841324122,"combinedScoreRank":7,"engagementSEI":1.7146776406035666,"engagementSEIadj":0,"engagementSEIrank":7,"engagementScore":0.868189535422133,"voiceSEI":40.71729957805908,"voiceSEIadj":0,"voiceSEIrank":6,"voiceScore":9.470068694798822}},"instagram":{"entityString":"54886442f372e13640a025b5","type":"instagram","profiles":0,"postsMade":0,"repliesMade":0,"repliesRcvd":0,"sharesMade":0,"sharesRcvd":0,"mentionsRcvd":0,"likesRcvd":0,"reachRcvd":0,"audience":0,"voice":0,"conversation":0,"engagement":0,"group_scoped":{"audienceScore":null,"voiceScore":0,"engagementScore":0,"combinedScore":null,"combinedScoreRank":29,"SEIrank":217,"engagementSEIrank":217,"voiceSEIrank":217,"audienceSEIrank":217,"engagementSEI":0,"engagementSEIadj":0,"voiceSEI":0,"voiceSEIadj":0,"audienceSEI":0,"audienceSEIadj":0,"SEI":0,"SEIadj":0},"non_scoped":{"SEI":0,"SEIrank":217,"SEIadj":0,"audienceSEI":0,"audienceSEIadj":0,"audienceSEIrank":217,"audienceScore":0,"combinedScore":0,"combinedScoreRank":217,"engagementSEI":0,"engagementSEIadj":0,"engagementSEIrank":217,"engagementScore":0,"voiceSEI":0,"voiceSEIadj":0,"voiceSEIrank":217,"voiceScore":0},"scoped":{"SEI":0,"SEIrank":7,"SEIadj":0,"audienceSEI":0,"audienceSEIadj":0,"audienceSEIrank":7,"audienceScore":0,"combinedScore":0,"combinedScoreRank":7,"engagementSEI":0,"engagementSEIadj":0,"engagementSEIrank":7,"engagementScore":0,"voiceSEI":0,"voiceSEIadj":0,"voiceSEIrank":7,"voiceScore":0}}},"month":{"boundaryQuantum":4987194,"combined":{"entityString":"54886442f372e13640a025b5","type":"combined","profiles":2,"postsMade":1897,"repliesMade":0,"repliesRcvd":10379,"sharesMade":0,"sharesRcvd":16404,"mentionsRcvd":0,"likesRcvd":151641,"reachRcvd":0,"audience":964328,"voice":1897,"conversation":12276,"engagement":178424,"group_scoped":{"audienceScore":81.31743404270749,"voiceScore":71.10194902548726,"engagementScore":89.14335961309791,"combinedScore":87.84999280519786,"combinedScoreRank":2,"SEIrank":7,"engagementSEIrank":7,"voiceSEIrank":7,"audienceSEIrank":7,"engagementSEI":100,"engagementSEIadj":100,"voiceSEI":100,"voiceSEIadj":100,"audienceSEI":100,"audienceSEIadj":100,"SEI":100,"SEIadj":100},"non_scoped":{"SEI":22.201236720360562,"SEIrank":6,"SEIadj":0,"audienceSEI":37.88616800179152,"audienceSEIadj":0,"audienceSEIrank":5,"audienceScore":6.981242771369381,"combinedScore":2.442564714610761,"combinedScoreRank":6,"engagementSEI":4.899227871319209,"engagementSEIadj":0,"engagementSEIrank":6,"engagementScore":2.0496043210507633,"voiceSEI":51.576943991299615,"voiceSEIadj":0,"voiceSEIrank":7,"voiceScore":4.9771737419320985},"scoped":{"SEI":22.201236720360562,"SEIrank":6,"SEIadj":0,"audienceSEI":37.88616800179152,"audienceSEIadj":0,"audienceSEIrank":5,"audienceScore":11.074241428449536,"combinedScore":3.1258572832872007,"combinedScoreRank":6,"engagementSEI":4.899227871319209,"engagementSEIadj":0,"engagementSEIrank":6,"engagementScore":2.279229065050335,"voiceSEI":51.576943991299615,"voiceSEIadj":0,"voiceSEIrank":7,"voiceScore":10.416781066388445}},"facebook":{"entityString":"54886442f372e13640a025b5","type":"facebook","profiles":1,"postsMade":963,"repliesMade":0,"repliesRcvd":10379,"sharesMade":0,"sharesRcvd":15828,"mentionsRcvd":0,"likesRcvd":150975,"reachRcvd":0,"audience":942741,"voice":963,"conversation":11342,"engagement":177182,"group_scoped":{"audienceScore":84.40050672121828,"voiceScore":74.47795823665894,"engagementScore":90.15519259146187,"combinedScore":89.08359658020954,"combinedScoreRank":3,"SEIrank":7,"engagementSEIrank":7,"voiceSEIrank":7,"audienceSEIrank":7,"engagementSEI":100,"engagementSEIadj":100,"voiceSEI":100,"voiceSEIadj":100,"audienceSEI":100,"audienceSEIadj":100,"SEI":100,"SEIadj":100},"non_scoped":{"SEI":27.314629744141413,"SEIrank":6,"SEIadj":0,"audienceSEI":50.76860442761386,"audienceSEIadj":0,"audienceSEIrank":4,"audienceScore":9.682650476141372,"combinedScore":2.959407312222294,"combinedScoreRank":6,"engagementSEI":5.280770617811595,"engagementSEIadj":0,"engagementSEIrank":6,"engagementScore":2.347595497352592,"voiceSEI":63.56435643564357,"voiceSEIadj":0,"voiceSEIrank":6,"voiceScore":7.2487768159578465},"scoped":{"SEI":27.314629744141413,"SEIrank":6,"SEIadj":0,"audienceSEI":50.76860442761386,"audienceSEIadj":0,"audienceSEIrank":4,"audienceScore":13.122050642203673,"combinedScore":3.5399472989000706,"combinedScoreRank":6,"engagementSEI":5.280770617811595,"engagementSEIadj":0,"engagementSEIrank":6,"engagementScore":2.527570723534987,"voiceSEI":63.56435643564357,"voiceSEIadj":0,"voiceSEIrank":6,"voiceScore":12.180622312167975}},"twitter":{"entityString":"54886442f372e13640a025b5","type":"twitter","profiles":1,"postsMade":934,"repliesMade":0,"repliesRcvd":0,"sharesMade":0,"sharesRcvd":576,"mentionsRcvd":0,"likesRcvd":666,"reachRcvd":0,"audience":21587,"voice":934,"conversation":934,"engagement":1242,"group_scoped":{"audienceScore":31.332733395262423,"voiceScore":67.92727272727272,"engagementScore":34.271523178807946,"combinedScore":35.80737116705391,"combinedScoreRank":5,"SEIrank":5,"engagementSEIrank":7,"voiceSEIrank":7,"audienceSEIrank":7,"engagementSEI":100,"engagementSEIadj":100,"voiceSEI":100,"voiceSEIadj":100,"audienceSEI":100,"audienceSEIadj":100,"SEI":100,"SEIadj":100},"non_scoped":{"SEI":14.94523467256254,"SEIrank":8,"SEIadj":0,"audienceSEI":3.812765265985725,"audienceSEIadj":0,"audienceSEIrank":30,"audienceScore":0.6189579417118071,"combinedScore":0.6390508567835935,"combinedScoreRank":31,"engagementSEI":1.9820941255326279,"engagementSEIadj":0,"engagementSEIrank":40,"engagementScore":0.4560995046068988,"voiceSEI":44.582338902147974,"voiceSEIadj":0,"voiceSEIrank":6,"voiceScore":3.9522681110358837},"scoped":{"SEI":14.94523467256254,"SEIrank":7,"SEIadj":0,"audienceSEI":3.812765265985725,"audienceSEIadj":0,"audienceSEIrank":7,"audienceScore":1.8469433502510277,"combinedScore":1.500474513965108,"combinedScoreRank":7,"engagementSEI":1.9820941255326279,"engagementSEIadj":0,"engagementSEIrank":7,"engagementScore":1.0143909570558158,"voiceSEI":44.582338902147974,"voiceSEIadj":0,"voiceSEIrank":6,"voiceScore":9.903509702046442}},"instagram":{"entityString":"54886442f372e13640a025b5","type":"instagram","profiles":0,"postsMade":0,"repliesMade":0,"repliesRcvd":0,"sharesMade":0,"sharesRcvd":0,"mentionsRcvd":0,"likesRcvd":0,"reachRcvd":0,"audience":0,"voice":0,"conversation":0,"engagement":0,"group_scoped":{"audienceScore":null,"voiceScore":0,"engagementScore":0,"combinedScore":null,"combinedScoreRank":29,"SEIrank":217,"engagementSEIrank":217,"voiceSEIrank":217,"audienceSEIrank":217,"engagementSEI":0,"engagementSEIadj":0,"voiceSEI":0,"voiceSEIadj":0,"audienceSEI":0,"audienceSEIadj":0,"SEI":0,"SEIadj":0},"non_scoped":{"SEI":0,"SEIrank":217,"SEIadj":0,"audienceSEI":0,"audienceSEIadj":0,"audienceSEIrank":217,"audienceScore":0,"combinedScore":0,"combinedScoreRank":217,"engagementSEI":0,"engagementSEIadj":0,"engagementSEIrank":217,"engagementScore":0,"voiceSEI":0,"voiceSEIadj":0,"voiceSEIrank":217,"voiceScore":0},"scoped":{"SEI":0,"SEIrank":7,"SEIadj":0,"audienceSEI":0,"audienceSEIadj":0,"audienceSEIrank":7,"audienceScore":0,"combinedScore":0,"combinedScoreRank":7,"engagementSEI":0,"engagementSEIadj":0,"engagementSEIrank":7,"engagementScore":0,"voiceSEI":0,"voiceSEIadj":0,"voiceSEIrank":7,"voiceScore":0}}},"quarter":{"boundaryQuantum":4969914,"combined":{"entityString":"54886442f372e13640a025b5","type":"combined","profiles":2,"postsMade":5987,"repliesMade":0,"repliesRcvd":32555,"sharesMade":0,"sharesRcvd":54448,"mentionsRcvd":0,"likesRcvd":491507,"reachRcvd":0,"audience":964328,"voice":5987,"conversation":38542,"engagement":578510,"group_scoped":{"audienceScore":81.31743404270749,"voiceScore":74.44665506093011,"engagementScore":87.96865116052747,"combinedScore":86.95999049965661,"combinedScoreRank":2,"SEIrank":7,"engagementSEIrank":7,"voiceSEIrank":7,"audienceSEIrank":7,"engagementSEI":100,"engagementSEIadj":100,"voiceSEI":100,"voiceSEIadj":100,"audienceSEI":100,"audienceSEIadj":100,"SEI":100,"SEIadj":100},"non_scoped":{"SEI":23.614335863321784,"SEIrank":6,"SEIadj":0,"audienceSEI":37.88616800179152,"audienceSEIadj":0,"audienceSEIrank":5,"audienceScore":6.981242771369381,"combinedScore":2.499730283312785,"combinedScoreRank":6,"engagementSEI":5.079296679268548,"engagementSEIadj":0,"engagementSEIrank":6,"engagementScore":2.091242382550845,"voiceSEI":55.92713685193834,"voiceSEIadj":0,"voiceSEIrank":6,"voiceScore":5.371000008971103},"scoped":{"SEI":23.614335863321784,"SEIrank":6,"SEIadj":0,"audienceSEI":37.88616800179152,"audienceSEIadj":0,"audienceSEIrank":5,"audienceScore":11.074241428449536,"combinedScore":3.2044380792648135,"combinedScoreRank":6,"engagementSEI":5.079296679268548,"engagementSEIadj":0,"engagementSEIrank":6,"engagementScore":2.3268079397439156,"voiceSEI":55.92713685193834,"voiceSEIadj":0,"voiceSEIrank":6,"voiceScore":11.13197724145625}},"facebook":{"entityString":"54886442f372e13640a025b5","type":"facebook","profiles":1,"postsMade":2951,"repliesMade":0,"repliesRcvd":32555,"sharesMade":0,"sharesRcvd":52809,"mentionsRcvd":0,"likesRcvd":489530,"reachRcvd":0,"audience":942741,"voice":2951,"conversation":35506,"engagement":574894,"group_scoped":{"audienceScore":84.40050672121828,"voiceScore":75.29982138300588,"engagementScore":88.619470281569,"combinedScore":87.74253965862331,"combinedScoreRank":2,"SEIrank":7,"engagementSEIrank":7,"voiceSEIrank":7,"audienceSEIrank":7,"engagementSEI":100,"engagementSEIadj":100,"voiceSEI":100,"voiceSEIadj":100,"audienceSEI":100,"audienceSEIadj":100,"SEI":100,"SEIadj":100},"non_scoped":{"SEI":27.669571628445844,"SEIrank":6,"SEIadj":0,"audienceSEI":50.76860442761386,"audienceSEIadj":0,"audienceSEIrank":4,"audienceScore":9.682650476141372,"combinedScore":2.9643513586665966,"combinedScoreRank":6,"engagementSEI":5.367866564032808,"engagementSEIadj":0,"engagementSEIrank":6,"engagementScore":2.3453732592999774,"voiceSEI":64.57330415754925,"voiceSEIadj":0,"voiceSEIrank":6,"voiceScore":7.387658029790963},"scoped":{"SEI":27.669571628445844,"SEIrank":6,"SEIadj":0,"audienceSEI":50.76860442761386,"audienceSEIadj":0,"audienceSEIrank":4,"audienceScore":13.122050642203673,"combinedScore":3.5641548618543912,"combinedScoreRank":6,"engagementSEI":5.367866564032808,"engagementSEIadj":0,"engagementSEIrank":6,"engagementScore":2.5351327245570494,"voiceSEI":64.57330415754925,"voiceSEIadj":0,"voiceSEIrank":6,"voiceScore":12.528657552857265}},"twitter":{"entityString":"54886442f372e13640a025b5","type":"twitter","profiles":1,"postsMade":3036,"repliesMade":0,"repliesRcvd":0,"sharesMade":0,"sharesRcvd":1639,"mentionsRcvd":0,"likesRcvd":1977,"reachRcvd":0,"audience":21587,"voice":3036,"conversation":3036,"engagement":3616,"group_scoped":{"audienceScore":31.332733395262423,"voiceScore":73.63570215862237,"engagementScore":40.58361391694725,"combinedScore":41.773674302946766,"combinedScoreRank":4,"SEIrank":5,"engagementSEIrank":7,"voiceSEIrank":7,"audienceSEIrank":7,"engagementSEI":100,"engagementSEIadj":100,"voiceSEI":100,"voiceSEIadj":100,"audienceSEI":100,"audienceSEIadj":100,"SEI":100,"SEIadj":100},"non_scoped":{"SEI":16.750269034005676,"SEIrank":7,"SEIadj":0,"audienceSEI":3.812765265985725,"audienceSEIadj":0,"audienceSEIrank":30,"audienceScore":0.6189579417118071,"combinedScore":0.6650978487462431,"combinedScoreRank":28,"engagementSEI":1.9563288536865113,"engagementSEIadj":0,"engagementSEIrank":40,"engagementScore":0.45910989054241247,"voiceSEI":50.650650650650654,"voiceSEIadj":0,"voiceSEIrank":5,"voiceScore":4.419021003449631},"scoped":{"SEI":16.750269034005676,"SEIrank":6,"SEIadj":0,"audienceSEI":3.812765265985725,"audienceSEIadj":0,"audienceSEIrank":7,"audienceScore":1.8469433502510277,"combinedScore":1.5161989849394502,"combinedScoreRank":7,"engagementSEI":1.9563288536865113,"engagementSEIadj":0,"engagementSEIrank":7,"engagementScore":0.9833756217484831,"voiceSEI":50.650650650650654,"voiceSEIadj":0,"voiceSEIrank":5,"voiceScore":10.776275157065275}},"instagram":{"entityString":"54886442f372e13640a025b5","type":"instagram","profiles":0,"postsMade":0,"repliesMade":0,"repliesRcvd":0,"sharesMade":0,"sharesRcvd":0,"mentionsRcvd":0,"likesRcvd":0,"reachRcvd":0,"audience":0,"voice":0,"conversation":0,"engagement":0,"group_scoped":{"audienceScore":null,"voiceScore":0,"engagementScore":0,"combinedScore":null,"combinedScoreRank":29,"SEIrank":217,"engagementSEIrank":217,"voiceSEIrank":217,"audienceSEIrank":217,"engagementSEI":0,"engagementSEIadj":0,"voiceSEI":0,"voiceSEIadj":0,"audienceSEI":0,"audienceSEIadj":0,"SEI":0,"SEIadj":0},"non_scoped":{"SEI":0,"SEIrank":217,"SEIadj":0,"audienceSEI":0,"audienceSEIadj":0,"audienceSEIrank":217,"audienceScore":0,"combinedScore":0,"combinedScoreRank":217,"engagementSEI":0,"engagementSEIadj":0,"engagementSEIrank":217,"engagementScore":0,"voiceSEI":0,"voiceSEIadj":0,"voiceSEIrank":217,"voiceScore":0},"scoped":{"SEI":0,"SEIrank":7,"SEIadj":0,"audienceSEI":0,"audienceSEIadj":0,"audienceSEIrank":7,"audienceScore":0,"combinedScore":0,"combinedScoreRank":7,"engagementSEI":0,"engagementSEIadj":0,"engagementSEIrank":7,"engagementScore":0,"voiceSEI":0,"voiceSEIadj":0,"voiceSEIrank":7,"voiceScore":0}}},"blended":{"combined":{"non_scoped":{"SEI":22.53059806352713,"SEIadj":76.75917941905814,"SEIrank":6,"audienceSEI":37.88616800179152,"audienceSEIadj":81.36585040053745,"audienceSEIrank":5,"engagementSEI":4.92259059801918,"engagementSEIadj":71.47677717940576,"engagementSEIrank":6,"voiceSEI":52.62808968178822,"voiceSEIadj":85.78842690453646,"voiceSEIrank":7},"scoped":{"SEI":20.12325452828062,"SEIadj":52.07395271696837,"SEIrank":6,"compCharisma":3,"compInfluence":0,"compEva":17.12325452828062,"audienceSEI":37.88616800179152,"audienceSEIadj":62.73170080107491,"audienceSEIrank":5,"engagementSEI":4.92259059801918,"engagementSEIadj":42.95355435881151,"engagementSEIrank":6,"voiceSEI":52.62808968178822,"voiceSEIadj":62.10247174543057,"voiceSEIrank":7}},"facebook":{"non_scoped":{"SEI":26.97564294917489,"SEIadj":78.09269288475247,"SEIrank":6,"audienceSEI":50.76860442761385,"audienceSEIadj":85.23058132828416,"audienceSEIrank":4,"engagementSEI":5.298366610444096,"engagementSEIadj":71.58950998313323,"engagementSEIrank":6,"voiceSEI":62.399208467156825,"voiceSEIadj":88.71976254014704,"voiceSEIrank":6},"scoped":{"SEI":26.97564294917489,"SEIadj":56.18538576950493,"SEIrank":6,"audienceSEI":50.76860442761385,"audienceSEIadj":75.38430221380693,"audienceSEIrank":4,"engagementSEI":5.298366610444096,"engagementSEIadj":43.17901996626646,"engagementSEIrank":6,"voiceSEI":62.399208467156825,"voiceSEIadj":77.43952508029409,"voiceSEIrank":6}},"twitter":{"non_scoped":{"SEI":15.542360425642622,"SEIadj":74.66270812769278,"SEIrank":8,"audienceSEI":3.8127652659857247,"audienceSEIadj":61.52510610639429,"audienceSEIrank":30,"engagementSEI":1.9185850918610192,"engagementSEIadj":60.767434036744405,"engagementSEIrank":47,"voiceSEI":46.699776146424796,"voiceSEIadj":84.00993284392744,"voiceSEIrank":5},"scoped":{"SEI":15.542360425642622,"SEIadj":32.433888340514095,"SEIrank":7,"audienceSEI":3.8127652659857247,"audienceSEIadj":23.05021221278858,"audienceSEIrank":7,"engagementSEI":1.9185850918610192,"engagementSEIadj":21.534868073488816,"engagementSEIrank":7,"voiceSEI":46.699776146424796,"voiceSEIadj":68.01986568785487,"voiceSEIrank":5}},"instagram":{"non_scoped":{"SEI":0,"SEIadj":0,"SEIrank":217,"audienceSEI":0,"audienceSEIadj":0,"audienceSEIrank":217,"engagementSEI":0,"engagementSEIadj":0,"engagementSEIrank":217,"voiceSEI":0,"voiceSEIadj":0,"voiceSEIrank":217},"scoped":{"SEI":0,"SEIadj":0,"SEIrank":7,"audienceSEI":0,"audienceSEIadj":0,"audienceSEIrank":7,"engagementSEI":0,"engagementSEIadj":0,"engagementSEIrank":7,"voiceSEI":0,"voiceSEIadj":0,"voiceSEIrank":7}},"influence":{"instagram":{"scope":"brand","ratio":0,"calculated":false},"combined":{"ratio":0.27,"bottom":false,"scope":"brand","calculated":true},"facebook":{"ratio":0.39,"bottom":false,"scope":"brand","calculated":true},"twitter":{"ratio":2,"bottom":false,"scope":"brand","calculated":true}},"charisma":{"instagram":{"scope":"brand","ratio":0,"calculated":false},"combined":{"ratio":0.5,"bottom":false,"scope":"brand","calculated":true},"facebook":{"ratio":0.59,"bottom":false,"scope":"brand","calculated":true},"twitter":{"ratio":1.63,"bottom":false,"scope":"brand","calculated":true}}},"scope":"brand"}}