{"scoreEntityString":"591d1494ab33fb0001804f89.asset.54888046f372e13640a025bd","timeQuantum":4995834,"scoreEntityType":"asset","scoreProfileID":"591d1494ab33fb0001804f89","data":{"scoreEntityString":"591d1494ab33fb0001804f89.asset.54888046f372e13640a025bd","scoreProfileID":"591d1494ab33fb0001804f89","scoreEntityType":"asset","entityID":"asset.54888046f372e13640a025bd","object_version":"1.2","score_engine_version":"3.0.20","timestamp":4995834,"start_quantum":4969914,"end_quantum":4995833,"schedule_options":{"interval":15,"offset":"1"},"_15min":{"boundaryQuantum":4995831,"combined":{"entityString":"54888046f372e13640a025bd","type":"combined","profiles":2,"postsMade":0,"repliesMade":0,"repliesRcvd":0,"sharesMade":0,"sharesRcvd":0,"mentionsRcvd":0,"likesRcvd":0,"reachRcvd":0,"audience":7106,"voice":0,"conversation":0,"engagement":0,"group_scoped":{"audienceScore":0.5992169534717228,"voiceScore":0,"engagementScore":0,"combinedScore":0.5992169534717228,"engagementSEI":0,"engagementSEIadj":0,"voiceSEI":0,"voiceSEIadj":0,"audienceSEI":0.7368862046938386,"audienceSEIadj":0.7368862046938386,"SEI":0.07368862046938386,"SEIadj":0.07368862046938386,"combinedScoreRank":114,"SEIrank":134,"engagementSEIrank":224,"voiceSEIrank":224,"audienceSEIrank":133},"non_scoped":{"SEI":0.027917794549233307,"SEIrank":146,"SEIadj":0,"audienceSEI":0.27917794549233305,"audienceSEIadj":0,"audienceSEIrank":146,"audienceScore":0.05144381489840679,"combinedScore":0.0025721907449203396,"combinedScoreRank":146,"engagementSEI":0,"engagementSEIadj":0,"engagementSEIrank":224,"engagementScore":0,"voiceSEI":0,"voiceSEIadj":0,"voiceSEIrank":224,"voiceScore":0},"scoped":{"SEI":0.3644700668827705,"SEIrank":132,"SEIadj":0,"audienceSEI":3.644700668827705,"audienceSEIadj":0,"audienceSEIrank":132,"audienceScore":0.14769172957490512,"combinedScore":0.007384586478745256,"combinedScoreRank":132,"engagementSEI":0,"engagementSEIadj":0,"engagementSEIrank":201,"engagementScore":0,"voiceSEI":0,"voiceSEIadj":0,"voiceSEIrank":201,"voiceScore":0}},"facebook":{"entityString":"54888046f372e13640a025bd","type":"facebook","profiles":1,"postsMade":0,"repliesMade":0,"repliesRcvd":0,"sharesMade":0,"sharesRcvd":0,"mentionsRcvd":0,"likesRcvd":0,"reachRcvd":0,"audience":4557,"voice":0,"conversation":0,"engagement":0,"group_scoped":{"audienceScore":0.40797324941695723,"voiceScore":0,"engagementScore":0,"combinedScore":0.40797324941695723,"engagementSEI":0,"engagementSEIadj":0,"voiceSEI":0,"voiceSEIadj":0,"audienceSEI":0.4833777251652363,"audienceSEIadj":0.4833777251652363,"SEI":0.04833777251652363,"SEIadj":0.04833777251652363,"combinedScoreRank":102,"SEIrank":109,"engagementSEIrank":224,"voiceSEIrank":224,"audienceSEIrank":109},"non_scoped":{"SEI":0.02454041251803373,"SEIrank":112,"SEIadj":0,"audienceSEI":0.2454041251803373,"audienceSEIadj":0,"audienceSEIrank":112,"audienceScore":0.046803775607273085,"combinedScore":0.0023401887803636543,"combinedScoreRank":112,"engagementSEI":0,"engagementSEIadj":0,"engagementSEIrank":224,"engagementScore":0,"voiceSEI":0,"voiceSEIadj":0,"voiceSEIrank":224,"voiceScore":0},"scoped":{"SEI":0.31280460180392916,"SEIrank":99,"SEIadj":0,"audienceSEI":3.1280460180392913,"audienceSEIadj":0,"audienceSEIrank":99,"audienceScore":0.1918600318545754,"combinedScore":0.009593001592728771,"combinedScoreRank":99,"engagementSEI":0,"engagementSEIadj":0,"engagementSEIrank":201,"engagementScore":0,"voiceSEI":0,"voiceSEIadj":0,"voiceSEIrank":201,"voiceScore":0}},"twitter":{"entityString":"54888046f372e13640a025bd","type":"twitter","profiles":1,"postsMade":0,"repliesMade":0,"repliesRcvd":0,"sharesMade":0,"sharesRcvd":0,"mentionsRcvd":0,"likesRcvd":0,"reachRcvd":0,"audience":2549,"voice":0,"conversation":0,"engagement":0,"group_scoped":{"audienceScore":3.699779377612634,"voiceScore":0,"engagementScore":0,"combinedScore":3.699779377612634,"engagementSEI":0,"engagementSEIadj":0,"voiceSEI":0,"voiceSEIadj":0,"audienceSEI":11.808032612220318,"audienceSEIadj":11.808032612220318,"SEI":1.1808032612220318,"SEIadj":1.1808032612220318,"combinedScoreRank":42,"SEIrank":43,"engagementSEIrank":224,"voiceSEIrank":224,"audienceSEIrank":42},"non_scoped":{"SEI":0.045021256603500315,"SEIrank":188,"SEIadj":0,"audienceSEI":0.45021256603500315,"audienceSEIadj":0,"audienceSEIrank":188,"audienceScore":0.07308675561325781,"combinedScore":0.003654337780662891,"combinedScoreRank":188,"engagementSEI":0,"engagementSEIadj":0,"engagementSEIrank":224,"engagementScore":0,"voiceSEI":0,"voiceSEIadj":0,"voiceSEIrank":224,"voiceScore":0},"scoped":{"SEI":0.2187081717403988,"SEIrank":171,"SEIadj":0,"audienceSEI":2.187081717403988,"audienceSEIadj":0,"audienceSEIrank":171,"audienceScore":0.1157713350356125,"combinedScore":0.01653876214794464,"combinedScoreRank":171,"engagementSEI":0,"engagementSEIadj":0,"engagementSEIrank":201,"engagementScore":0,"voiceSEI":0,"voiceSEIadj":0,"voiceSEIrank":201,"voiceScore":0}},"instagram":{"entityString":"54888046f372e13640a025bd","type":"instagram","profiles":0,"postsMade":0,"repliesMade":0,"repliesRcvd":0,"sharesMade":0,"sharesRcvd":0,"mentionsRcvd":0,"likesRcvd":0,"reachRcvd":0,"audience":0,"voice":0,"conversation":0,"engagement":0,"group_scoped":{"audienceScore":null,"voiceScore":0,"engagementScore":0,"combinedScore":null,"engagementSEI":0,"engagementSEIadj":0,"voiceSEI":0,"voiceSEIadj":0,"audienceSEI":0,"audienceSEIadj":0,"SEI":0,"SEIadj":0,"combinedScoreRank":15,"SEIrank":224,"engagementSEIrank":224,"voiceSEIrank":224,"audienceSEIrank":224},"non_scoped":{"SEI":0,"SEIrank":224,"SEIadj":0,"audienceSEI":0,"audienceSEIadj":0,"audienceSEIrank":224,"audienceScore":0,"combinedScore":0,"combinedScoreRank":224,"engagementSEI":0,"engagementSEIadj":0,"engagementSEIrank":224,"engagementScore":0,"voiceSEI":0,"voiceSEIadj":0,"voiceSEIrank":224,"voiceScore":0},"scoped":{"SEI":0,"SEIrank":201,"SEIadj":0,"audienceSEI":0,"audienceSEIadj":0,"audienceSEIrank":201,"audienceScore":0,"combinedScore":0,"combinedScoreRank":201,"engagementSEI":0,"engagementSEIadj":0,"engagementSEIrank":201,"engagementScore":0,"voiceSEI":0,"voiceSEIadj":0,"voiceSEIrank":201,"voiceScore":0}}},"hour":{"boundaryQuantum":4995822,"combined":{"entityString":"54888046f372e13640a025bd","type":"combined","profiles":2,"postsMade":0,"repliesMade":0,"repliesRcvd":0,"sharesMade":0,"sharesRcvd":0,"mentionsRcvd":0,"likesRcvd":0,"reachRcvd":0,"audience":7106,"voice":0,"conversation":0,"engagement":0,"group_scoped":{"audienceScore":0.5992169534717228,"voiceScore":0,"engagementScore":0,"combinedScore":0.5992169534717228,"combinedScoreRank":98,"SEIrank":147,"engagementSEIrank":225,"voiceSEIrank":224,"audienceSEIrank":133,"engagementSEI":0,"engagementSEIadj":0,"voiceSEI":0,"voiceSEIadj":0,"audienceSEI":0.7368862046938386,"audienceSEIadj":0.7368862046938386,"SEI":0.07368862046938386,"SEIadj":0.07368862046938386},"non_scoped":{"SEI":0.027917794549233307,"SEIrank":153,"SEIadj":0,"audienceSEI":0.27917794549233305,"audienceSEIadj":0,"audienceSEIrank":146,"audienceScore":0.05144381489840679,"combinedScore":0.0025721907449203396,"combinedScoreRank":153,"engagementSEI":0,"engagementSEIadj":0,"engagementSEIrank":225,"engagementScore":0,"voiceSEI":0,"voiceSEIadj":0,"voiceSEIrank":224,"voiceScore":0},"scoped":{"SEI":0.3644700668827705,"SEIrank":139,"SEIadj":0,"audienceSEI":3.644700668827705,"audienceSEIadj":0,"audienceSEIrank":132,"audienceScore":0.14769172957490512,"combinedScore":0.007384586478745256,"combinedScoreRank":139,"engagementSEI":0,"engagementSEIadj":0,"engagementSEIrank":202,"engagementScore":0,"voiceSEI":0,"voiceSEIadj":0,"voiceSEIrank":201,"voiceScore":0}},"facebook":{"entityString":"54888046f372e13640a025bd","type":"facebook","profiles":1,"postsMade":0,"repliesMade":0,"repliesRcvd":0,"sharesMade":0,"sharesRcvd":0,"mentionsRcvd":0,"likesRcvd":0,"reachRcvd":0,"audience":4557,"voice":0,"conversation":0,"engagement":0,"group_scoped":{"audienceScore":0.40797324941695723,"voiceScore":0,"engagementScore":0,"combinedScore":0.40797324941695723,"combinedScoreRank":100,"SEIrank":113,"engagementSEIrank":225,"voiceSEIrank":224,"audienceSEIrank":109,"engagementSEI":0,"engagementSEIadj":0,"voiceSEI":0,"voiceSEIadj":0,"audienceSEI":0.4833777251652363,"audienceSEIadj":0.4833777251652363,"SEI":0.04833777251652363,"SEIadj":0.04833777251652363},"non_scoped":{"SEI":0.02454041251803373,"SEIrank":114,"SEIadj":0,"audienceSEI":0.2454041251803373,"audienceSEIadj":0,"audienceSEIrank":112,"audienceScore":0.046803775607273085,"combinedScore":0.0023401887803636543,"combinedScoreRank":114,"engagementSEI":0,"engagementSEIadj":0,"engagementSEIrank":225,"engagementScore":0,"voiceSEI":0,"voiceSEIadj":0,"voiceSEIrank":224,"voiceScore":0},"scoped":{"SEI":0.31280460180392916,"SEIrank":101,"SEIadj":0,"audienceSEI":3.1280460180392913,"audienceSEIadj":0,"audienceSEIrank":99,"audienceScore":0.1918600318545754,"combinedScore":0.009593001592728771,"combinedScoreRank":101,"engagementSEI":0,"engagementSEIadj":0,"engagementSEIrank":202,"engagementScore":0,"voiceSEI":0,"voiceSEIadj":0,"voiceSEIrank":201,"voiceScore":0}},"twitter":{"entityString":"54888046f372e13640a025bd","type":"twitter","profiles":1,"postsMade":0,"repliesMade":0,"repliesRcvd":0,"sharesMade":0,"sharesRcvd":0,"mentionsRcvd":0,"likesRcvd":0,"reachRcvd":0,"audience":2549,"voice":0,"conversation":0,"engagement":0,"group_scoped":{"audienceScore":3.699779377612634,"voiceScore":0,"engagementScore":0,"combinedScore":3.699779377612634,"combinedScoreRank":54,"SEIrank":64,"engagementSEIrank":224,"voiceSEIrank":224,"audienceSEIrank":42,"engagementSEI":0,"engagementSEIadj":0,"voiceSEI":0,"voiceSEIadj":0,"audienceSEI":11.808032612220318,"audienceSEIadj":11.808032612220318,"SEI":1.1808032612220318,"SEIadj":1.1808032612220318},"non_scoped":{"SEI":0.045021256603500315,"SEIrank":189,"SEIadj":0,"audienceSEI":0.45021256603500315,"audienceSEIadj":0,"audienceSEIrank":188,"audienceScore":0.07308675561325781,"combinedScore":0.003654337780662891,"combinedScoreRank":189,"engagementSEI":0,"engagementSEIadj":0,"engagementSEIrank":224,"engagementScore":0,"voiceSEI":0,"voiceSEIadj":0,"voiceSEIrank":224,"voiceScore":0},"scoped":{"SEI":0.2187081717403988,"SEIrank":172,"SEIadj":0,"audienceSEI":2.187081717403988,"audienceSEIadj":0,"audienceSEIrank":171,"audienceScore":0.1157713350356125,"combinedScore":0.005788566751780626,"combinedScoreRank":172,"engagementSEI":0,"engagementSEIadj":0,"engagementSEIrank":201,"engagementScore":0,"voiceSEI":0,"voiceSEIadj":0,"voiceSEIrank":201,"voiceScore":0}},"instagram":{"entityString":"54888046f372e13640a025bd","type":"instagram","profiles":0,"postsMade":0,"repliesMade":0,"repliesRcvd":0,"sharesMade":0,"sharesRcvd":0,"mentionsRcvd":0,"likesRcvd":0,"reachRcvd":0,"audience":0,"voice":0,"conversation":0,"engagement":0,"group_scoped":{"audienceScore":null,"voiceScore":0,"engagementScore":0,"combinedScore":null,"combinedScoreRank":15,"SEIrank":224,"engagementSEIrank":224,"voiceSEIrank":224,"audienceSEIrank":224,"engagementSEI":0,"engagementSEIadj":0,"voiceSEI":0,"voiceSEIadj":0,"audienceSEI":0,"audienceSEIadj":0,"SEI":0,"SEIadj":0},"non_scoped":{"SEI":0,"SEIrank":224,"SEIadj":0,"audienceSEI":0,"audienceSEIadj":0,"audienceSEIrank":224,"audienceScore":0,"combinedScore":0,"combinedScoreRank":224,"engagementSEI":0,"engagementSEIadj":0,"engagementSEIrank":224,"engagementScore":0,"voiceSEI":0,"voiceSEIadj":0,"voiceSEIrank":224,"voiceScore":0},"scoped":{"SEI":0,"SEIrank":201,"SEIadj":0,"audienceSEI":0,"audienceSEIadj":0,"audienceSEIrank":201,"audienceScore":0,"combinedScore":0,"combinedScoreRank":201,"engagementSEI":0,"engagementSEIadj":0,"engagementSEIrank":201,"engagementScore":0,"voiceSEI":0,"voiceSEIadj":0,"voiceSEIrank":201,"voiceScore":0}}},"today":{"boundaryQuantum":4995546,"combined":{"entityString":"54888046f372e13640a025bd","type":"combined","profiles":2,"postsMade":4,"repliesMade":0,"repliesRcvd":0,"sharesMade":0,"sharesRcvd":3,"mentionsRcvd":0,"likesRcvd":10,"reachRcvd":0,"audience":7106,"voice":4,"conversation":4,"engagement":13,"group_scoped":{"audienceScore":0.5992169534717228,"voiceScore":3.8095238095238098,"engagementScore":0.15490943755958056,"combinedScore":0.35985553195339914,"combinedScoreRank":95,"SEIrank":59,"engagementSEIrank":75,"voiceSEIrank":39,"audienceSEIrank":133,"engagementSEI":0.18392756083757783,"engagementSEIadj":0.18392756083757783,"voiceSEI":4.878048780487805,"voiceSEIadj":4.878048780487805,"audienceSEI":0.7368862046938386,"audienceSEIadj":0.7368862046938386,"SEI":1.647459791118272,"SEIadj":1.647459791118272},"non_scoped":{"SEI":0.8577622709255626,"SEIrank":70,"SEIadj":0,"audienceSEI":0.27917794549233305,"audienceSEIadj":0,"audienceSEIrank":146,"audienceScore":0.05144381489840679,"combinedScore":0.02088229985099621,"combinedScoreRank":102,"engagementSEI":0.013211113595252129,"engagementSEIadj":0,"engagementSEIrank":110,"engagementScore":0.0048370833131788195,"voiceSEI":2.73972602739726,"voiceSEIadj":0,"voiceSEIrank":64,"voiceScore":0.2791346824842987},"scoped":{"SEI":5.220524010007953,"SEIrank":81,"SEIadj":0,"audienceSEI":3.644700668827705,"audienceSEIadj":0,"audienceSEIrank":132,"audienceScore":0.14769172957490512,"combinedScore":0.08851291328240332,"combinedScoreRank":101,"engagementSEI":0.6860158311345647,"engagementSEIadj":0,"engagementSEIrank":99,"engagementScore":0.05377233620119127,"voiceSEI":14.814814814814813,"voiceSEIadj":0,"voiceSEIrank":53,"voiceScore":0.6546644844517185}},"facebook":{"entityString":"54888046f372e13640a025bd","type":"facebook","profiles":1,"postsMade":0,"repliesMade":0,"repliesRcvd":0,"sharesMade":0,"sharesRcvd":2,"mentionsRcvd":0,"likesRcvd":2,"reachRcvd":0,"audience":4557,"voice":0,"conversation":0,"engagement":4,"group_scoped":{"audienceScore":0.40797324941695723,"voiceScore":0,"engagementScore":0.04836759371221282,"combinedScore":0.09973983024146202,"combinedScoreRank":136,"SEIrank":114,"engagementSEIrank":66,"voiceSEIrank":227,"audienceSEIrank":109,"engagementSEI":0.05702066999287242,"engagementSEIadj":0.05702066999287242,"voiceSEI":0,"voiceSEIadj":0,"audienceSEI":0.4833777251652363,"audienceSEIadj":0.4833777251652363,"SEI":0.08255017451224708,"SEIadj":0.08255017451224708},"non_scoped":{"SEI":0.02736175124325885,"SEIrank":121,"SEIadj":0,"audienceSEI":0.2454041251803373,"audienceSEIadj":0,"audienceSEIrank":112,"audienceScore":0.046803775607273085,"combinedScore":0.0039014758012979114,"combinedScoreRank":116,"engagementSEI":0.004702231208708532,"engagementSEIadj":0,"engagementSEIrank":83,"engagementScore":0.0017347633565936186,"voiceSEI":0,"voiceSEIadj":0,"voiceSEIrank":227,"voiceScore":0},"scoped":{"SEI":0.4515329255033511,"SEIrank":105,"SEIadj":0,"audienceSEI":3.1280460180392913,"audienceSEIadj":0,"audienceSEIrank":99,"audienceScore":0.1918600318545754,"combinedScore":0.029635313139327144,"combinedScoreRank":95,"engagementSEI":0.23121387283236997,"engagementSEIadj":0,"engagementSEIrank":73,"engagementScore":0.02226923505177597,"voiceSEI":0,"voiceSEIadj":0,"voiceSEIrank":204,"voiceScore":0}},"twitter":{"entityString":"54888046f372e13640a025bd","type":"twitter","profiles":1,"postsMade":4,"repliesMade":0,"repliesRcvd":0,"sharesMade":0,"sharesRcvd":1,"mentionsRcvd":0,"likesRcvd":8,"reachRcvd":0,"audience":2549,"voice":4,"conversation":4,"engagement":9,"group_scoped":{"audienceScore":3.699779377612634,"voiceScore":7.142857142857142,"engagementScore":7.377049180327869,"combinedScore":7.181476088318571,"combinedScoreRank":21,"SEIrank":24,"engagementSEIrank":22,"voiceSEIrank":38,"audienceSEIrank":42,"engagementSEI":16.9811320754717,"engagementSEIadj":16.9811320754717,"voiceSEI":9.090909090909092,"voiceSEIadj":9.090909090909092,"audienceSEI":11.808032612220318,"audienceSEIadj":11.808032612220318,"SEI":14.096755233777778,"SEIadj":14.096755233777778},"non_scoped":{"SEI":1.6555990979249664,"SEIrank":66,"SEIadj":0,"audienceSEI":0.45021256603500315,"audienceSEIadj":0,"audienceSEIrank":188,"audienceScore":0.07308675561325781,"combinedScore":0.12042858775326655,"combinedScoreRank":86,"engagementSEI":0.4371053909664886,"engagementSEIadj":0,"engagementSEIrank":91,"engagementScore":0.1045539033457249,"voiceSEI":4.49438202247191,"voiceSEIadj":0,"voiceSEIrank":51,"voiceScore":0.45351473922902497},"scoped":{"SEI":7.350993093109501,"SEIrank":62,"SEIadj":0,"audienceSEI":2.187081717403988,"audienceSEIadj":0,"audienceSEIrank":171,"audienceScore":0.1157713350356125,"combinedScore":0.25185189304584116,"combinedScoreRank":76,"engagementSEI":3.1914893617021276,"engagementSEIadj":0,"engagementSEIrank":81,"engagementScore":0.22255192878338279,"voiceSEI":17.391304347826086,"voiceSEIadj":0,"voiceSEIrank":41,"voiceScore":0.9153318077803204}},"instagram":{"entityString":"54888046f372e13640a025bd","type":"instagram","profiles":0,"postsMade":0,"repliesMade":0,"repliesRcvd":0,"sharesMade":0,"sharesRcvd":0,"mentionsRcvd":0,"likesRcvd":0,"reachRcvd":0,"audience":0,"voice":0,"conversation":0,"engagement":0,"group_scoped":{"audienceScore":null,"voiceScore":0,"engagementScore":0,"combinedScore":null,"combinedScoreRank":15,"SEIrank":224,"engagementSEIrank":224,"voiceSEIrank":224,"audienceSEIrank":224,"engagementSEI":0,"engagementSEIadj":0,"voiceSEI":0,"voiceSEIadj":0,"audienceSEI":0,"audienceSEIadj":0,"SEI":0,"SEIadj":0},"non_scoped":{"SEI":0,"SEIrank":224,"SEIadj":0,"audienceSEI":0,"audienceSEIadj":0,"audienceSEIrank":224,"audienceScore":0,"combinedScore":0,"combinedScoreRank":224,"engagementSEI":0,"engagementSEIadj":0,"engagementSEIrank":224,"engagementScore":0,"voiceSEI":0,"voiceSEIadj":0,"voiceSEIrank":224,"voiceScore":0},"scoped":{"SEI":0,"SEIrank":201,"SEIadj":0,"audienceSEI":0,"audienceSEIadj":0,"audienceSEIrank":201,"audienceScore":0,"combinedScore":0,"combinedScoreRank":201,"engagementSEI":0,"engagementSEIadj":0,"engagementSEIrank":201,"engagementScore":0,"voiceSEI":0,"voiceSEIadj":0,"voiceSEIrank":201,"voiceScore":0}}},"week":{"boundaryQuantum":4993818,"combined":{"entityString":"54888046f372e13640a025bd","type":"combined","profiles":2,"postsMade":16,"repliesMade":0,"repliesRcvd":3,"sharesMade":0,"sharesRcvd":7,"mentionsRcvd":0,"likesRcvd":63,"reachRcvd":0,"audience":7106,"voice":16,"conversation":19,"engagement":73,"group_scoped":{"audienceScore":0.5992169534717228,"voiceScore":2.7303754266211606,"engagementScore":0.18423642833707696,"combinedScore":0.33229240450801345,"combinedScoreRank":96,"SEIrank":78,"engagementSEIrank":92,"voiceSEIrank":62,"audienceSEIrank":133,"engagementSEI":0.21422073539337383,"engagementSEIadj":0.21422073539337383,"voiceSEI":4.071246819338422,"voiceSEIadj":4.071246819338422,"audienceSEI":0.7368862046938386,"audienceSEIadj":0.7368862046938386,"SEI":1.4235951075069349,"SEIadj":1.4235951075069349},"non_scoped":{"SEI":0.6082903576246526,"SEIrank":94,"SEIadj":0,"audienceSEI":0.27917794549233305,"audienceSEIadj":0,"audienceSEIrank":146,"audienceScore":0.05144381489840679,"combinedScore":0.01564440102322895,"combinedScoreRank":133,"engagementSEI":0.009203772790369576,"engagementSEIadj":0,"engagementSEIrank":145,"engagementScore":0.0038601443270948814,"voiceSEI":1.9161676646706587,"voiceSEIadj":0,"voiceSEIrank":86,"voiceScore":0.19196160767846432},"scoped":{"SEI":2.6104475270893004,"SEIrank":110,"SEIadj":0,"audienceSEI":3.644700668827705,"audienceSEIadj":0,"audienceSEIrank":132,"audienceScore":0.14769172957490512,"combinedScore":0.060609692841876325,"combinedScoreRank":128,"engagementSEI":0.24984598535149563,"engagementSEIadj":0,"engagementSEIrank":133,"engagementScore":0.036566917458949875,"voiceSEI":6.986899563318777,"voiceSEIadj":0,"voiceSEIrank":75,"voiceScore":0.40629761300152356}},"facebook":{"entityString":"54888046f372e13640a025bd","type":"facebook","profiles":1,"postsMade":5,"repliesMade":0,"repliesRcvd":3,"sharesMade":0,"sharesRcvd":5,"mentionsRcvd":0,"likesRcvd":46,"reachRcvd":0,"audience":4557,"voice":5,"conversation":8,"engagement":54,"group_scoped":{"audienceScore":0.40797324941695723,"voiceScore":1.7301038062283738,"engagementScore":0.13923267326732672,"combinedScore":0.2322132587228606,"combinedScoreRank":89,"SEIrank":68,"engagementSEIrank":70,"voiceSEIrank":53,"audienceSEIrank":109,"engagementSEI":0.15951790145338532,"engagementSEIadj":0.15951790145338532,"voiceSEI":2.5,"voiceSEIadj":2.5,"audienceSEI":0.4833777251652363,"audienceSEIadj":0.4833777251652363,"SEI":0.8940485133885547,"SEIadj":0.8940485133885547},"non_scoped":{"SEI":0.4715166642108221,"SEIrank":76,"SEIadj":0,"audienceSEI":0.2454041251803373,"audienceSEIadj":0,"audienceSEIrank":112,"audienceScore":0.046803775607273085,"combinedScore":0.013922288852893833,"combinedScoreRank":101,"engagementSEI":0.007497292644322884,"engagementSEIadj":0,"engagementSEIrank":99,"engagementScore":0.003365826020453003,"voiceSEI":1.4749262536873156,"voiceSEIadj":0,"voiceSEIrank":63,"voiceScore":0.17105713308244952},"scoped":{"SEI":2.5209665555314356,"SEIrank":85,"SEIadj":0,"audienceSEI":3.1280460180392913,"audienceSEIadj":0,"audienceSEIrank":99,"audienceScore":0.1918600318545754,"combinedScore":0.07729359147995805,"combinedScoreRank":91,"engagementSEI":0.5552699228791774,"engagementSEIadj":0,"engagementSEIrank":89,"engagementScore":0.0479897621840674,"voiceSEI":6.25,"voiceSEIadj":0,"voiceSEIrank":54,"voiceScore":0.49019607843137253}},"twitter":{"entityString":"54888046f372e13640a025bd","type":"twitter","profiles":1,"postsMade":11,"repliesMade":0,"repliesRcvd":0,"sharesMade":0,"sharesRcvd":2,"mentionsRcvd":0,"likesRcvd":17,"reachRcvd":0,"audience":2549,"voice":11,"conversation":11,"engagement":19,"group_scoped":{"audienceScore":3.699779377612634,"voiceScore":3.7037037037037033,"engagementScore":2.264600715137068,"combinedScore":2.408314797689178,"combinedScoreRank":70,"SEIrank":60,"engagementSEIrank":54,"voiceSEIrank":67,"audienceSEIrank":42,"engagementSEI":8.050847457627118,"engagementSEIadj":8.050847457627118,"voiceSEI":5.699481865284974,"voiceSEIadj":5.699481865284974,"audienceSEI":11.808032612220318,"audienceSEIadj":11.808032612220318,"SEI":7.721156295383794,"SEIadj":7.721156295383794},"non_scoped":{"SEI":0.8281007887063173,"SEIrank":118,"SEIadj":0,"audienceSEI":0.45021256603500315,"audienceSEIadj":0,"audienceSEIrank":188,"audienceScore":0.07308675561325781,"combinedScore":0.042004856454474375,"combinedScoreRank":143,"engagementSEI":0.14479500076207896,"engagementSEIadj":0,"engagementSEIrank":148,"engagementScore":0.03062441571838432,"voiceSEI":2.320675105485232,"voiceSEIadj":0,"voiceSEIrank":89,"voiceScore":0.21577089054531187},"scoped":{"SEI":2.62517670320893,"SEIrank":115,"SEIadj":0,"audienceSEI":2.187081717403988,"audienceSEIadj":0,"audienceSEIrank":171,"audienceScore":0.1157713350356125,"combinedScore":0.07485239005861215,"combinedScoreRank":131,"engagementSEI":0.8857808857808859,"engagementSEIadj":0,"engagementSEIrank":136,"engagementScore":0.05515879928003251,"voiceSEI":6.25,"voiceSEIadj":0,"voiceSEIrank":78,"voiceScore":0.3884180790960452}},"instagram":{"entityString":"54888046f372e13640a025bd","type":"instagram","profiles":0,"postsMade":0,"repliesMade":0,"repliesRcvd":0,"sharesMade":0,"sharesRcvd":0,"mentionsRcvd":0,"likesRcvd":0,"reachRcvd":0,"audience":0,"voice":0,"conversation":0,"engagement":0,"group_scoped":{"audienceScore":null,"voiceScore":0,"engagementScore":0,"combinedScore":null,"combinedScoreRank":15,"SEIrank":224,"engagementSEIrank":224,"voiceSEIrank":224,"audienceSEIrank":224,"engagementSEI":0,"engagementSEIadj":0,"voiceSEI":0,"voiceSEIadj":0,"audienceSEI":0,"audienceSEIadj":0,"SEI":0,"SEIadj":0},"non_scoped":{"SEI":0,"SEIrank":224,"SEIadj":0,"audienceSEI":0,"audienceSEIadj":0,"audienceSEIrank":224,"audienceScore":0,"combinedScore":0,"combinedScoreRank":224,"engagementSEI":0,"engagementSEIadj":0,"engagementSEIrank":224,"engagementScore":0,"voiceSEI":0,"voiceSEIadj":0,"voiceSEIrank":224,"voiceScore":0},"scoped":{"SEI":0,"SEIrank":201,"SEIadj":0,"audienceSEI":0,"audienceSEIadj":0,"audienceSEIrank":201,"audienceScore":0,"combinedScore":0,"combinedScoreRank":201,"engagementSEI":0,"engagementSEIadj":0,"engagementSEIrank":201,"engagementScore":0,"voiceSEI":0,"voiceSEIadj":0,"voiceSEIrank":201,"voiceScore":0}}},"month":{"boundaryQuantum":4987194,"combined":{"entityString":"54888046f372e13640a025bd","type":"combined","profiles":2,"postsMade":46,"repliesMade":0,"repliesRcvd":9,"sharesMade":0,"sharesRcvd":15,"mentionsRcvd":0,"likesRcvd":202,"reachRcvd":0,"audience":7106,"voice":46,"conversation":55,"engagement":226,"group_scoped":{"audienceScore":0.5992169534717228,"voiceScore":1.7241379310344827,"engagementScore":0.11291305694615147,"combinedScore":0.21778949547684662,"combinedScoreRank":104,"SEIrank":103,"engagementSEIrank":108,"voiceSEIrank":90,"audienceSEIrank":133,"engagementSEI":0.1266645742725194,"engagementSEIadj":0.1266645742725194,"voiceSEI":2.4248813916710596,"voiceSEIadj":2.4248813916710596,"audienceSEI":0.7368862046938386,"audienceSEIadj":0.7368862046938386,"SEI":0.8771517825342133,"SEIadj":0.8771517825342133},"non_scoped":{"SEI":0.4068450613960303,"SEIrank":129,"SEIadj":0,"audienceSEI":0.27917794549233305,"audienceSEIadj":0,"audienceSEIrank":146,"audienceScore":0.05144381489840679,"combinedScore":0.01094322906865992,"combinedScoreRank":157,"engagementSEI":0.0062055861258470905,"engagementSEIadj":0,"engagementSEIrank":158,"engagementScore":0.002596122587530111,"voiceSEI":1.2506797172376292,"voiceSEIadj":0,"voiceSEIrank":114,"voiceScore":0.12069055989924961},"scoped":{"SEI":1.9109393603240004,"SEIrank":132,"SEIadj":0,"audienceSEI":3.644700668827705,"audienceSEIadj":0,"audienceSEIrank":132,"audienceScore":0.14769172957490512,"combinedScore":0.044024173736424345,"combinedScoreRank":146,"engagementSEI":0.1865964315496586,"engagementSEIadj":0,"engagementSEIrank":145,"engagementScore":0.026594680593179054,"voiceSEI":4.781704781704782,"voiceSEIadj":0,"voiceSEIrank":103,"voiceScore":0.2540874944763588}},"facebook":{"entityString":"54888046f372e13640a025bd","type":"facebook","profiles":1,"postsMade":13,"repliesMade":0,"repliesRcvd":9,"sharesMade":0,"sharesRcvd":9,"mentionsRcvd":0,"likesRcvd":132,"reachRcvd":0,"audience":4557,"voice":13,"conversation":22,"engagement":150,"group_scoped":{"audienceScore":0.40797324941695723,"voiceScore":1.005413766434648,"engagementScore":0.0763242253091131,"combinedScore":0.13936115357078205,"combinedScoreRank":104,"SEIrank":95,"engagementSEIrank":84,"voiceSEIrank":79,"audienceSEIrank":109,"engagementSEI":0.08465871251030015,"engagementSEIadj":0.08465871251030015,"voiceSEI":1.3499480789200415,"voiceSEIadj":1.3499480789200415,"audienceSEI":0.4833777251652363,"audienceSEIadj":0.4833777251652363,"SEI":0.5041174236987161,"SEIadj":0.5041174236987161},"non_scoped":{"SEI":0.2846485345416881,"SEIrank":97,"SEIadj":0,"audienceSEI":0.2454041251803373,"audienceSEIadj":0,"audienceSEIrank":112,"audienceScore":0.046803775607273085,"combinedScore":0.009021624659682504,"combinedScoreRank":113,"engagementSEI":0.0044706324156615195,"engagementSEIadj":0,"engagementSEIrank":114,"engagementScore":0.0019874441230084815,"voiceSEI":0.8580858085808581,"voiceSEIadj":0,"voiceSEIrank":92,"voiceScore":0.09785472337222431},"scoped":{"SEI":1.4760772806775435,"SEIrank":101,"SEIadj":0,"audienceSEI":3.1280460180392913,"audienceSEIadj":0,"audienceSEIrank":99,"audienceScore":0.1918600318545754,"combinedScore":0.04956900866230614,"combinedScoreRank":107,"engagementSEI":0.40214477211796246,"engagementSEIadj":0,"engagementSEIrank":104,"engagementScore":0.0289592620407785,"voiceSEI":3.0732860520094563,"voiceSEIadj":0,"voiceSEIrank":82,"voiceScore":0.2782534246575342}},"twitter":{"entityString":"54888046f372e13640a025bd","type":"twitter","profiles":1,"postsMade":33,"repliesMade":0,"repliesRcvd":0,"sharesMade":0,"sharesRcvd":6,"mentionsRcvd":0,"likesRcvd":70,"reachRcvd":0,"audience":2549,"voice":33,"conversation":33,"engagement":76,"group_scoped":{"audienceScore":3.699779377612634,"voiceScore":2.4,"engagementScore":2.097130242825607,"combinedScore":2.192406187423678,"combinedScoreRank":73,"SEIrank":66,"engagementSEIrank":59,"voiceSEIrank":86,"audienceSEIrank":42,"engagementSEI":6.119162640901772,"engagementSEIadj":6.119162640901772,"voiceSEI":3.5331905781584587,"voiceSEIadj":3.5331905781584587,"audienceSEI":11.808032612220318,"audienceSEIadj":11.808032612220318,"SEI":5.912258019210633,"SEIadj":5.912258019210633},"non_scoped":{"SEI":0.5903474938297706,"SEIrank":142,"SEIadj":0,"audienceSEI":0.45021256603500315,"audienceSEIadj":0,"audienceSEIrank":188,"audienceScore":0.07308675561325781,"combinedScore":0.03575491944891601,"combinedScoreRank":158,"engagementSEI":0.12128756323710123,"engagementSEIadj":0,"engagementSEIrank":161,"engagementScore":0.027909470491243406,"voiceSEI":1.5751789976133652,"voiceSEIadj":0,"voiceSEIrank":117,"voiceScore":0.1396411645226811},"scoped":{"SEI":2.064033833945191,"SEIrank":135,"SEIadj":0,"audienceSEI":2.187081717403988,"audienceSEIadj":0,"audienceSEIrank":171,"audienceScore":0.1157713350356125,"combinedScore":0.06651824762108893,"combinedScoreRank":145,"engagementSEI":0.6667836462537287,"engagementSEIadj":0,"engagementSEIrank":148,"engagementScore":0.053492120469886044,"voiceSEI":4.817518248175182,"voiceSEIadj":0,"voiceSEIrank":105,"voiceScore":0.25173544892821725}},"instagram":{"entityString":"54888046f372e13640a025bd","type":"instagram","profiles":0,"postsMade":0,"repliesMade":0,"repliesRcvd":0,"sharesMade":0,"sharesRcvd":0,"mentionsRcvd":0,"likesRcvd":0,"reachRcvd":0,"audience":0,"voice":0,"conversation":0,"engagement":0,"group_scoped":{"audienceScore":null,"voiceScore":0,"engagementScore":0,"combinedScore":null,"combinedScoreRank":15,"SEIrank":224,"engagementSEIrank":224,"voiceSEIrank":224,"audienceSEIrank":224,"engagementSEI":0,"engagementSEIadj":0,"voiceSEI":0,"voiceSEIadj":0,"audienceSEI":0,"audienceSEIadj":0,"SEI":0,"SEIadj":0},"non_scoped":{"SEI":0,"SEIrank":224,"SEIadj":0,"audienceSEI":0,"audienceSEIadj":0,"audienceSEIrank":224,"audienceScore":0,"combinedScore":0,"combinedScoreRank":224,"engagementSEI":0,"engagementSEIadj":0,"engagementSEIrank":224,"engagementScore":0,"voiceSEI":0,"voiceSEIadj":0,"voiceSEIrank":224,"voiceScore":0},"scoped":{"SEI":0,"SEIrank":201,"SEIadj":0,"audienceSEI":0,"audienceSEIadj":0,"audienceSEIrank":201,"audienceScore":0,"combinedScore":0,"combinedScoreRank":201,"engagementSEI":0,"engagementSEIadj":0,"engagementSEIrank":201,"engagementScore":0,"voiceSEI":0,"voiceSEIadj":0,"voiceSEIrank":201,"voiceScore":0}}},"quarter":{"boundaryQuantum":4969914,"combined":{"entityString":"54888046f372e13640a025bd","type":"combined","profiles":2,"postsMade":172,"repliesMade":0,"repliesRcvd":50,"sharesMade":0,"sharesRcvd":167,"mentionsRcvd":0,"likesRcvd":773,"reachRcvd":0,"audience":7106,"voice":172,"conversation":222,"engagement":990,"group_scoped":{"audienceScore":0.5992169534717228,"voiceScore":2.1387714498880874,"engagementScore":0.15054011970220427,"combinedScore":0.2723855278999744,"combinedScoreRank":86,"SEIrank":92,"engagementSEIrank":91,"voiceSEIrank":79,"audienceSEIrank":133,"engagementSEI":0.17112928039273306,"engagementSEIadj":0.17112928039273306,"voiceSEI":2.8728912644062135,"voiceSEIadj":2.8728912644062135,"audienceSEI":0.7368862046938386,"audienceSEIadj":0.7368862046938386,"SEI":1.0382335680268877,"SEIadj":1.0382335680268877},"non_scoped":{"SEI":0.5151508415785334,"SEIrank":109,"SEIadj":0,"audienceSEI":0.27917794549233305,"audienceSEIadj":0,"audienceSEIrank":146,"audienceScore":0.05144381489840679,"combinedScore":0.013508195484844126,"combinedScoreRank":140,"engagementSEI":0.008692163856244252,"engagementSEIadj":0,"engagementSEIrank":145,"engagementScore":0.0035787280405271066,"voiceSEI":1.6067258290518451,"voiceSEIadj":0,"voiceSEIrank":104,"voiceScore":0.1543029900689878},"scoped":{"SEI":2.4216532146675482,"SEIrank":116,"SEIadj":0,"audienceSEI":3.644700668827705,"audienceSEIadj":0,"audienceSEIrank":132,"audienceScore":0.14769172957490512,"combinedScore":0.056541286024222356,"combinedScoreRank":135,"engagementSEI":0.258715984727917,"engagementSEIadj":0,"engagementSEIrank":133,"engagementScore":0.03645831415282294,"voiceSEI":6.339845189826759,"voiceSEIadj":0,"voiceSEIrank":94,"voiceScore":0.32688433615872897}},"facebook":{"entityString":"54888046f372e13640a025bd","type":"facebook","profiles":1,"postsMade":38,"repliesMade":0,"repliesRcvd":50,"sharesMade":0,"sharesRcvd":141,"mentionsRcvd":0,"likesRcvd":564,"reachRcvd":0,"audience":4557,"voice":38,"conversation":88,"engagement":755,"group_scoped":{"audienceScore":0.40797324941695723,"voiceScore":0.9696351109977035,"engagementScore":0.11638267239279691,"combinedScore":0.17362482317425026,"combinedScoreRank":86,"SEIrank":100,"engagementSEIrank":79,"voiceSEIrank":91,"audienceSEIrank":109,"engagementSEI":0.1313285579602501,"engagementSEIadj":0.1313285579602501,"voiceSEI":1.2876990850559134,"voiceSEIadj":1.2876990850559134,"audienceSEI":0.4833777251652363,"audienceSEIadj":0.4833777251652363,"SEI":0.5134446328094476,"SEIadj":0.5134446328094476},"non_scoped":{"SEI":0.27822309161723857,"SEIrank":102,"SEIadj":0,"audienceSEI":0.2454041251803373,"audienceSEIadj":0,"audienceSEIrank":112,"audienceScore":0.046803775607273085,"combinedScore":0.00986885941539913,"combinedScoreRank":116,"engagementSEI":0.007049541751774711,"engagementSEIadj":0,"engagementSEIrank":109,"engagementScore":0.003080144880223977,"voiceSEI":0.8315098468271335,"voiceSEIadj":0,"voiceSEIrank":97,"voiceScore":0.09513080485667792},"scoped":{"SEI":1.923372427215877,"SEIrank":105,"SEIadj":0,"audienceSEI":3.1280460180392913,"audienceSEIadj":0,"audienceSEIrank":99,"audienceScore":0.1918600318545754,"combinedScore":0.061206620498125745,"combinedScoreRank":102,"engagementSEI":0.654365179105383,"engagementSEIadj":0,"engagementSEIrank":99,"engagementScore":0.042586482993891804,"voiceSEI":4.05982905982906,"voiceSEIadj":0,"voiceSEIrank":87,"voiceScore":0.2657156842178869}},"twitter":{"entityString":"54888046f372e13640a025bd","type":"twitter","profiles":1,"postsMade":134,"repliesMade":0,"repliesRcvd":0,"sharesMade":0,"sharesRcvd":26,"mentionsRcvd":0,"likesRcvd":209,"reachRcvd":0,"audience":2549,"voice":134,"conversation":134,"engagement":235,"group_scoped":{"audienceScore":3.699779377612634,"voiceScore":3.2500606354596164,"engagementScore":2.6374859708193044,"combinedScore":2.7212293743909868,"combinedScoreRank":58,"SEIrank":61,"engagementSEIrank":59,"voiceSEIrank":73,"audienceSEIrank":42,"engagementSEI":6.498893805309734,"engagementSEIadj":6.498893805309734,"voiceSEI":4.413702239789196,"voiceSEIadj":4.413702239789196,"audienceSEI":11.808032612220318,"audienceSEIadj":11.808032612220318,"SEI":6.40425021634463,"SEIadj":6.40425021634463},"non_scoped":{"SEI":0.7919757680844026,"SEIrank":123,"SEIadj":0,"audienceSEI":0.45021256603500315,"audienceSEIadj":0,"audienceSEIrank":188,"audienceScore":0.07308675561325781,"combinedScore":0.04025981704338609,"combinedScoreRank":159,"engagementSEI":0.1271397346837196,"engagementSEIadj":0,"engagementSEIrank":160,"engagementScore":0.02983706423602514,"voiceSEI":2.2355689022355687,"voiceSEIadj":0,"voiceSEIrank":95,"voiceScore":0.19504242900601138},"scoped":{"SEI":2.8124947482260185,"SEIrank":121,"SEIadj":0,"audienceSEI":2.187081717403988,"audienceSEIadj":0,"audienceSEIrank":171,"audienceScore":0.1157713350356125,"combinedScore":0.07696208210861115,"combinedScoreRank":146,"engagementSEI":0.7742488139167106,"engagementSEIadj":0,"engagementSEIrank":147,"engagementScore":0.05925679372836181,"voiceSEI":7.0974576271186445,"voiceSEIadj":0,"voiceSEIrank":84,"voiceScore":0.35684802002609783}},"instagram":{"entityString":"54888046f372e13640a025bd","type":"instagram","profiles":0,"postsMade":0,"repliesMade":0,"repliesRcvd":0,"sharesMade":0,"sharesRcvd":0,"mentionsRcvd":0,"likesRcvd":0,"reachRcvd":0,"audience":0,"voice":0,"conversation":0,"engagement":0,"group_scoped":{"audienceScore":null,"voiceScore":0,"engagementScore":0,"combinedScore":null,"combinedScoreRank":15,"SEIrank":224,"engagementSEIrank":224,"voiceSEIrank":224,"audienceSEIrank":224,"engagementSEI":0,"engagementSEIadj":0,"voiceSEI":0,"voiceSEIadj":0,"audienceSEI":0,"audienceSEIadj":0,"SEI":0,"SEIadj":0},"non_scoped":{"SEI":0,"SEIrank":224,"SEIadj":0,"audienceSEI":0,"audienceSEIadj":0,"audienceSEIrank":224,"audienceScore":0,"combinedScore":0,"combinedScoreRank":224,"engagementSEI":0,"engagementSEIadj":0,"engagementSEIrank":224,"engagementScore":0,"voiceSEI":0,"voiceSEIadj":0,"voiceSEIrank":224,"voiceScore":0},"scoped":{"SEI":0,"SEIrank":201,"SEIadj":0,"audienceSEI":0,"audienceSEIadj":0,"audienceSEIrank":201,"audienceScore":0,"combinedScore":0,"combinedScoreRank":201,"engagementSEI":0,"engagementSEIadj":0,"engagementSEIrank":201,"engagementScore":0,"voiceSEI":0,"voiceSEIadj":0,"voiceSEIrank":201,"voiceScore":0}}},"blended":{"combined":{"non_scoped":{"SEI":0.5439774008323451,"SEIadj":50.27198870041617,"SEIrank":108,"audienceSEI":0.279177945492333,"audienceSEIadj":50.13958897274617,"audienceSEIrank":146,"engagementSEI":0.008698607363872667,"engagementSEIadj":50.004349303681934,"engagementSEIrank":154,"voiceSEI":1.7028014728826277,"voiceSEIadj":50.85140073644131,"voiceSEIrank":98},"scoped":{"SEI":7.931637257207267,"SEIadj":53.965818628603635,"SEIrank":98,"compCharisma":0,"compInfluence":6,"compEva":1.9316372572072673,"audienceSEI":3.6447006688277046,"audienceSEIadj":51.822350334413855,"audienceSEIrank":132,"engagementSEI":0.2666020442585842,"engagementSEIadj":50.133301022129295,"engagementSEIrank":143,"voiceSEI":6.72398892190547,"voiceSEIadj":53.36199446095274,"voiceSEIrank":87}},"facebook":{"non_scoped":{"SEI":0.3246319128152821,"SEIadj":50.16231595640764,"SEIrank":96,"audienceSEI":0.2454041251803373,"audienceSEIadj":50.12270206259017,"audienceSEIrank":112,"engagementSEI":0.006679665091968875,"engagementSEIadj":50.00333983254598,"engagementSEIrank":113,"voiceSEI":0.9869456708068902,"voiceSEIadj":50.493472835403445,"voiceSEIrank":86},"scoped":{"SEI":1.9619644186441683,"SEIadj":50.980982209322086,"SEIrank":99,"audienceSEI":3.1280460180392913,"audienceSEIadj":51.56402300901964,"audienceSEIrank":99,"engagementSEI":0.5656459758757576,"engagementSEIadj":50.28282298793788,"engagementSEIrank":102,"voiceSEI":4.365907437715949,"voiceSEIadj":52.18295371885797,"voiceSEIrank":78}},"twitter":{"non_scoped":{"SEI":0.8157501996248103,"SEIadj":50.40787509981241,"SEIrank":123,"audienceSEI":0.45021256603500315,"audienceSEIadj":40.270127539621,"audienceSEIrank":188,"engagementSEI":0.1470567716043731,"engagementSEIadj":50.073528385802184,"engagementSEIrank":155,"voiceSEI":2.274982933528954,"voiceSEIadj":51.13749146676448,"voiceSEIrank":96},"scoped":{"SEI":2.8709551148229417,"SEIadj":51.435477557411474,"SEIrank":120,"audienceSEI":2.187081717403988,"audienceSEIadj":41.312249030442395,"audienceSEIrank":171,"engagementSEI":0.9124506877157867,"engagementSEIadj":50.456225343857895,"engagementSEIrank":139,"voiceSEI":7.015921768176904,"voiceSEIadj":53.507960884088455,"voiceSEIrank":85}},"instagram":{"non_scoped":{"SEI":0,"SEIadj":0,"SEIrank":224,"audienceSEI":0,"audienceSEIadj":0,"audienceSEIrank":224,"engagementSEI":0,"engagementSEIadj":0,"engagementSEIrank":224,"voiceSEI":0,"voiceSEIadj":0,"voiceSEIrank":224},"scoped":{"SEI":0,"SEIadj":0,"SEIrank":201,"audienceSEI":0,"audienceSEIadj":0,"audienceSEIrank":201,"engagementSEI":0,"engagementSEIadj":0,"engagementSEIrank":201,"voiceSEI":0,"voiceSEIadj":0,"voiceSEIrank":201}},"influence":{"instagram":{"scope":"individual","ratio":0,"calculated":false},"combined":{"ratio":1.26,"bottom":true,"scope":"individual","calculated":true},"facebook":{"ratio":0.31,"bottom":false,"scope":"individual","calculated":true},"twitter":{"ratio":0.64,"bottom":false,"scope":"individual","calculated":true}},"charisma":{"instagram":{"scope":"individual","ratio":0,"calculated":false},"combined":{"ratio":0.11,"bottom":false,"scope":"individual","calculated":true},"facebook":{"ratio":0.12,"bottom":false,"scope":"individual","calculated":true},"twitter":{"ratio":0.17,"bottom":false,"scope":"individual","calculated":true}}},"scope":"individual"}}