{"scoreEntityString":"591d1494ab33fb0001804f89.asset.548880daf372e13640a025c4","timeQuantum":4995834,"scoreEntityType":"asset","scoreProfileID":"591d1494ab33fb0001804f89","data":{"scoreEntityString":"591d1494ab33fb0001804f89.asset.548880daf372e13640a025c4","scoreProfileID":"591d1494ab33fb0001804f89","scoreEntityType":"asset","entityID":"asset.548880daf372e13640a025c4","object_version":"1.2","score_engine_version":"3.0.20","timestamp":4995834,"start_quantum":4969914,"end_quantum":4995833,"schedule_options":{"interval":15,"offset":"1"},"_15min":{"boundaryQuantum":4995831,"combined":{"entityString":"548880daf372e13640a025c4","type":"combined","profiles":2,"postsMade":0,"repliesMade":0,"repliesRcvd":0,"sharesMade":0,"sharesRcvd":0,"mentionsRcvd":0,"likesRcvd":0,"reachRcvd":0,"audience":5189,"voice":0,"conversation":0,"engagement":0,"group_scoped":{"audienceScore":0.43756498333306626,"voiceScore":0,"engagementScore":0,"combinedScore":0.43756498333306626,"engagementSEI":0,"engagementSEIadj":0,"voiceSEI":0,"voiceSEIadj":0,"audienceSEI":0.5380949220597142,"audienceSEIadj":0.5380949220597142,"SEI":0.05380949220597142,"SEIadj":0.05380949220597142,"combinedScoreRank":142,"SEIrank":158,"engagementSEIrank":217,"voiceSEIrank":216,"audienceSEIrank":157},"non_scoped":{"SEI":0.02038635461806524,"SEIrank":163,"SEIadj":0,"audienceSEI":0.2038635461806524,"audienceSEIadj":0,"audienceSEIrank":163,"audienceScore":0.0375657128493995,"combinedScore":0.0018782856424699752,"combinedScoreRank":163,"engagementSEI":0,"engagementSEIadj":0,"engagementSEIrank":217,"engagementScore":0,"voiceSEI":0,"voiceSEIadj":0,"voiceSEIrank":216,"voiceScore":0},"scoped":{"SEI":0.2661462393828731,"SEIrank":148,"SEIadj":0,"audienceSEI":2.6614623938287307,"audienceSEIadj":0,"audienceSEIrank":148,"audienceScore":0.10784863281229702,"combinedScore":0.005392431640614852,"combinedScoreRank":148,"engagementSEI":0,"engagementSEIadj":0,"engagementSEIrank":195,"engagementScore":0,"voiceSEI":0,"voiceSEIadj":0,"voiceSEIrank":195,"voiceScore":0}},"facebook":{"entityString":"548880daf372e13640a025c4","type":"facebook","profiles":1,"postsMade":0,"repliesMade":0,"repliesRcvd":0,"sharesMade":0,"sharesRcvd":0,"mentionsRcvd":0,"likesRcvd":0,"reachRcvd":0,"audience":2478,"voice":0,"conversation":0,"engagement":0,"group_scoped":{"audienceScore":0.22184720475207814,"voiceScore":0,"engagementScore":0,"combinedScore":0.22184720475207814,"engagementSEI":0,"engagementSEIadj":0,"voiceSEI":0,"voiceSEIadj":0,"audienceSEI":0.2628505602281008,"audienceSEIadj":0.2628505602281008,"SEI":0.026285056022810085,"SEIadj":0.026285056022810085,"combinedScoreRank":126,"SEIrank":131,"engagementSEIrank":217,"voiceSEIrank":216,"audienceSEIrank":131},"non_scoped":{"SEI":0.013344556115797143,"SEIrank":138,"SEIadj":0,"audienceSEI":0.13344556115797143,"audienceSEIadj":0,"audienceSEIrank":138,"audienceScore":0.025450901021466472,"combinedScore":0.0012725450510733237,"combinedScoreRank":138,"engagementSEI":0,"engagementSEIadj":0,"engagementSEIrank":217,"engagementScore":0,"voiceSEI":0,"voiceSEIadj":0,"voiceSEIrank":216,"voiceScore":0},"scoped":{"SEI":0.17009651158001676,"SEIrank":123,"SEIadj":0,"audienceSEI":1.7009651158001675,"audienceSEIadj":0,"audienceSEIrank":123,"audienceScore":0.10432941824350182,"combinedScore":0.0052164709121750915,"combinedScoreRank":123,"engagementSEI":0,"engagementSEIadj":0,"engagementSEIrank":195,"engagementScore":0,"voiceSEI":0,"voiceSEIadj":0,"voiceSEIrank":195,"voiceScore":0}},"twitter":{"entityString":"548880daf372e13640a025c4","type":"twitter","profiles":1,"postsMade":0,"repliesMade":0,"repliesRcvd":0,"sharesMade":0,"sharesRcvd":0,"mentionsRcvd":0,"likesRcvd":0,"reachRcvd":0,"audience":2711,"voice":0,"conversation":0,"engagement":0,"group_scoped":{"audienceScore":3.934916395726893,"voiceScore":0,"engagementScore":0,"combinedScore":3.934916395726893,"engagementSEI":0,"engagementSEIadj":0,"voiceSEI":0,"voiceSEIadj":0,"audienceSEI":12.55848427294205,"audienceSEIadj":12.55848427294205,"SEI":1.255848427294205,"SEIadj":1.255848427294205,"combinedScoreRank":35,"SEIrank":40,"engagementSEIrank":216,"voiceSEIrank":216,"audienceSEIrank":39},"non_scoped":{"SEI":0.04788255262930144,"SEIrank":184,"SEIadj":0,"audienceSEI":0.4788255262930144,"audienceSEIadj":0,"audienceSEIrank":184,"audienceScore":0.0777317357660031,"combinedScore":0.0038865867883001552,"combinedScoreRank":184,"engagementSEI":0,"engagementSEIadj":0,"engagementSEIrank":216,"engagementScore":0,"voiceSEI":0,"voiceSEIadj":0,"voiceSEIrank":216,"voiceScore":0},"scoped":{"SEI":0.23260802416171877,"SEIrank":167,"SEIadj":0,"audienceSEI":2.3260802416171877,"audienceSEIadj":0,"audienceSEIrank":167,"audienceScore":0.12312910524972365,"combinedScore":0.01758987217853195,"combinedScoreRank":167,"engagementSEI":0,"engagementSEIadj":0,"engagementSEIrank":195,"engagementScore":0,"voiceSEI":0,"voiceSEIadj":0,"voiceSEIrank":195,"voiceScore":0}},"instagram":{"entityString":"548880daf372e13640a025c4","type":"instagram","profiles":0,"postsMade":0,"repliesMade":0,"repliesRcvd":0,"sharesMade":0,"sharesRcvd":0,"mentionsRcvd":0,"likesRcvd":0,"reachRcvd":0,"audience":0,"voice":0,"conversation":0,"engagement":0,"group_scoped":{"audienceScore":null,"voiceScore":0,"engagementScore":0,"combinedScore":null,"engagementSEI":0,"engagementSEIadj":0,"voiceSEI":0,"voiceSEIadj":0,"audienceSEI":0,"audienceSEIadj":0,"SEI":0,"SEIadj":0,"combinedScoreRank":33,"SEIrank":216,"engagementSEIrank":216,"voiceSEIrank":216,"audienceSEIrank":216},"non_scoped":{"SEI":0,"SEIrank":216,"SEIadj":0,"audienceSEI":0,"audienceSEIadj":0,"audienceSEIrank":216,"audienceScore":0,"combinedScore":0,"combinedScoreRank":216,"engagementSEI":0,"engagementSEIadj":0,"engagementSEIrank":216,"engagementScore":0,"voiceSEI":0,"voiceSEIadj":0,"voiceSEIrank":216,"voiceScore":0},"scoped":{"SEI":0,"SEIrank":195,"SEIadj":0,"audienceSEI":0,"audienceSEIadj":0,"audienceSEIrank":195,"audienceScore":0,"combinedScore":0,"combinedScoreRank":195,"engagementSEI":0,"engagementSEIadj":0,"engagementSEIrank":195,"engagementScore":0,"voiceSEI":0,"voiceSEIadj":0,"voiceSEIrank":195,"voiceScore":0}}},"hour":{"boundaryQuantum":4995822,"combined":{"entityString":"548880daf372e13640a025c4","type":"combined","profiles":2,"postsMade":0,"repliesMade":0,"repliesRcvd":0,"sharesMade":0,"sharesRcvd":0,"mentionsRcvd":0,"likesRcvd":0,"reachRcvd":0,"audience":5189,"voice":0,"conversation":0,"engagement":0,"group_scoped":{"audienceScore":0.43756498333306626,"voiceScore":0,"engagementScore":0,"combinedScore":0.43756498333306626,"combinedScoreRank":133,"SEIrank":164,"engagementSEIrank":218,"voiceSEIrank":217,"audienceSEIrank":157,"engagementSEI":0,"engagementSEIadj":0,"voiceSEI":0,"voiceSEIadj":0,"audienceSEI":0.5380949220597142,"audienceSEIadj":0.5380949220597142,"SEI":0.05380949220597142,"SEIadj":0.05380949220597142},"non_scoped":{"SEI":0.02038635461806524,"SEIrank":166,"SEIadj":0,"audienceSEI":0.2038635461806524,"audienceSEIadj":0,"audienceSEIrank":163,"audienceScore":0.0375657128493995,"combinedScore":0.0018782856424699752,"combinedScoreRank":166,"engagementSEI":0,"engagementSEIadj":0,"engagementSEIrank":218,"engagementScore":0,"voiceSEI":0,"voiceSEIadj":0,"voiceSEIrank":217,"voiceScore":0},"scoped":{"SEI":0.2661462393828731,"SEIrank":151,"SEIadj":0,"audienceSEI":2.6614623938287307,"audienceSEIadj":0,"audienceSEIrank":148,"audienceScore":0.10784863281229702,"combinedScore":0.005392431640614852,"combinedScoreRank":151,"engagementSEI":0,"engagementSEIadj":0,"engagementSEIrank":196,"engagementScore":0,"voiceSEI":0,"voiceSEIadj":0,"voiceSEIrank":195,"voiceScore":0}},"facebook":{"entityString":"548880daf372e13640a025c4","type":"facebook","profiles":1,"postsMade":0,"repliesMade":0,"repliesRcvd":0,"sharesMade":0,"sharesRcvd":0,"mentionsRcvd":0,"likesRcvd":0,"reachRcvd":0,"audience":2478,"voice":0,"conversation":0,"engagement":0,"group_scoped":{"audienceScore":0.22184720475207814,"voiceScore":0,"engagementScore":0,"combinedScore":0.22184720475207814,"combinedScoreRank":124,"SEIrank":132,"engagementSEIrank":218,"voiceSEIrank":217,"audienceSEIrank":131,"engagementSEI":0,"engagementSEIadj":0,"voiceSEI":0,"voiceSEIadj":0,"audienceSEI":0.2628505602281008,"audienceSEIadj":0.2628505602281008,"SEI":0.026285056022810085,"SEIadj":0.026285056022810085},"non_scoped":{"SEI":0.013344556115797143,"SEIrank":139,"SEIadj":0,"audienceSEI":0.13344556115797143,"audienceSEIadj":0,"audienceSEIrank":138,"audienceScore":0.025450901021466472,"combinedScore":0.0012725450510733237,"combinedScoreRank":139,"engagementSEI":0,"engagementSEIadj":0,"engagementSEIrank":218,"engagementScore":0,"voiceSEI":0,"voiceSEIadj":0,"voiceSEIrank":217,"voiceScore":0},"scoped":{"SEI":0.17009651158001676,"SEIrank":124,"SEIadj":0,"audienceSEI":1.7009651158001675,"audienceSEIadj":0,"audienceSEIrank":123,"audienceScore":0.10432941824350182,"combinedScore":0.0052164709121750915,"combinedScoreRank":124,"engagementSEI":0,"engagementSEIadj":0,"engagementSEIrank":196,"engagementScore":0,"voiceSEI":0,"voiceSEIadj":0,"voiceSEIrank":195,"voiceScore":0}},"twitter":{"entityString":"548880daf372e13640a025c4","type":"twitter","profiles":1,"postsMade":0,"repliesMade":0,"repliesRcvd":0,"sharesMade":0,"sharesRcvd":0,"mentionsRcvd":0,"likesRcvd":0,"reachRcvd":0,"audience":2711,"voice":0,"conversation":0,"engagement":0,"group_scoped":{"audienceScore":3.934916395726893,"voiceScore":0,"engagementScore":0,"combinedScore":3.934916395726893,"combinedScoreRank":49,"SEIrank":62,"engagementSEIrank":217,"voiceSEIrank":217,"audienceSEIrank":39,"engagementSEI":0,"engagementSEIadj":0,"voiceSEI":0,"voiceSEIadj":0,"audienceSEI":12.55848427294205,"audienceSEIadj":12.55848427294205,"SEI":1.255848427294205,"SEIadj":1.255848427294205},"non_scoped":{"SEI":0.04788255262930144,"SEIrank":186,"SEIadj":0,"audienceSEI":0.4788255262930144,"audienceSEIadj":0,"audienceSEIrank":184,"audienceScore":0.0777317357660031,"combinedScore":0.0038865867883001552,"combinedScoreRank":186,"engagementSEI":0,"engagementSEIadj":0,"engagementSEIrank":217,"engagementScore":0,"voiceSEI":0,"voiceSEIadj":0,"voiceSEIrank":217,"voiceScore":0},"scoped":{"SEI":0.23260802416171877,"SEIrank":169,"SEIadj":0,"audienceSEI":2.3260802416171877,"audienceSEIadj":0,"audienceSEIrank":167,"audienceScore":0.12312910524972365,"combinedScore":0.006156455262486183,"combinedScoreRank":169,"engagementSEI":0,"engagementSEIadj":0,"engagementSEIrank":195,"engagementScore":0,"voiceSEI":0,"voiceSEIadj":0,"voiceSEIrank":195,"voiceScore":0}},"instagram":{"entityString":"548880daf372e13640a025c4","type":"instagram","profiles":0,"postsMade":0,"repliesMade":0,"repliesRcvd":0,"sharesMade":0,"sharesRcvd":0,"mentionsRcvd":0,"likesRcvd":0,"reachRcvd":0,"audience":0,"voice":0,"conversation":0,"engagement":0,"group_scoped":{"audienceScore":null,"voiceScore":0,"engagementScore":0,"combinedScore":null,"combinedScoreRank":33,"SEIrank":216,"engagementSEIrank":216,"voiceSEIrank":216,"audienceSEIrank":216,"engagementSEI":0,"engagementSEIadj":0,"voiceSEI":0,"voiceSEIadj":0,"audienceSEI":0,"audienceSEIadj":0,"SEI":0,"SEIadj":0},"non_scoped":{"SEI":0,"SEIrank":216,"SEIadj":0,"audienceSEI":0,"audienceSEIadj":0,"audienceSEIrank":216,"audienceScore":0,"combinedScore":0,"combinedScoreRank":216,"engagementSEI":0,"engagementSEIadj":0,"engagementSEIrank":216,"engagementScore":0,"voiceSEI":0,"voiceSEIadj":0,"voiceSEIrank":216,"voiceScore":0},"scoped":{"SEI":0,"SEIrank":195,"SEIadj":0,"audienceSEI":0,"audienceSEIadj":0,"audienceSEIrank":195,"audienceScore":0,"combinedScore":0,"combinedScoreRank":195,"engagementSEI":0,"engagementSEIadj":0,"engagementSEIrank":195,"engagementScore":0,"voiceSEI":0,"voiceSEIadj":0,"voiceSEIrank":195,"voiceScore":0}}},"today":{"boundaryQuantum":4995546,"combined":{"entityString":"548880daf372e13640a025c4","type":"combined","profiles":2,"postsMade":2,"repliesMade":0,"repliesRcvd":0,"sharesMade":0,"sharesRcvd":0,"mentionsRcvd":0,"likesRcvd":6,"reachRcvd":0,"audience":5189,"voice":2,"conversation":2,"engagement":6,"group_scoped":{"audienceScore":0.43756498333306626,"voiceScore":1.9047619047619049,"engagementScore":0.07149666348903717,"combinedScore":0.18146334154488203,"combinedScoreRank":136,"SEIrank":98,"engagementSEIrank":95,"voiceSEIrank":73,"audienceSEIrank":157,"engagementSEI":0.08488964346349745,"engagementSEIadj":0.08488964346349745,"voiceSEI":2.4390243902439024,"voiceSEIadj":2.4390243902439024,"audienceSEI":0.5380949220597142,"audienceSEIadj":0.5380949220597142,"SEI":0.8364505953572406,"SEIadj":0.8364505953572406},"non_scoped":{"SEI":0.4350037209540318,"SEIrank":114,"SEIadj":0,"audienceSEI":0.2038635461806524,"audienceSEIadj":0,"audienceSEIrank":163,"audienceScore":0.0375657128493995,"combinedScore":0.010865902696205567,"combinedScoreRank":137,"engagementSEI":0.006097437043962521,"engagementSEIadj":0,"engagementSEIrank":134,"engagementScore":0.0022324999906979167,"voiceSEI":1.36986301369863,"voiceSEIadj":0,"voiceSEIrank":109,"voiceScore":0.13956734124214934},"scoped":{"SEI":2.6783420763808206,"SEIrank":116,"SEIadj":0,"audienceSEI":2.6614623938287307,"audienceSEIadj":0,"audienceSEIrank":148,"audienceScore":0.10784863281229702,"combinedScore":0.04409524494317188,"combinedScoreRank":126,"engagementSEI":0.31662269129287596,"engagementSEIadj":0,"engagementSEIrank":122,"engagementScore":0.024818001323626736,"voiceSEI":7.4074074074074066,"voiceSEIadj":0,"voiceSEIrank":98,"voiceScore":0.32733224222585927}},"facebook":{"entityString":"548880daf372e13640a025c4","type":"facebook","profiles":1,"postsMade":2,"repliesMade":0,"repliesRcvd":0,"sharesMade":0,"sharesRcvd":0,"mentionsRcvd":0,"likesRcvd":6,"reachRcvd":0,"audience":2478,"voice":2,"conversation":2,"engagement":6,"group_scoped":{"audienceScore":0.22184720475207814,"voiceScore":4.081632653061225,"engagementScore":0.07255139056831923,"combinedScore":0.28047024440215246,"combinedScoreRank":90,"SEIrank":43,"engagementSEIrank":58,"voiceSEIrank":31,"audienceSEIrank":131,"engagementSEI":0.08553100498930863,"engagementSEIadj":0.08553100498930863,"voiceSEI":5.263157894736842,"voiceSEIadj":5.263157894736842,"audienceSEI":0.2628505602281008,"audienceSEIadj":0.2628505602281008,"SEI":1.6565510274374478,"SEIadj":1.6565510274374478},"non_scoped":{"SEI":0.9266674732945438,"SEIrank":46,"SEIadj":0,"audienceSEI":0.13344556115797143,"audienceSEIadj":0,"audienceSEIrank":138,"audienceScore":0.025450901021466472,"combinedScore":0.023377321432277078,"combinedScoreRank":70,"engagementSEI":0.007053346813062798,"engagementSEIadj":0,"engagementSEIrank":77,"engagementScore":0.002602145034890428,"voiceSEI":3.0303030303030303,"voiceSEIadj":0,"voiceSEIrank":43,"voiceScore":0.3952569169960474},"scoped":{"SEI":5.378188997129149,"SEIrank":51,"SEIadj":0,"audienceSEI":1.7009651158001675,"audienceSEIadj":0,"audienceSEIrank":123,"audienceScore":0.10432941824350182,"combinedScore":0.09588599883813326,"combinedScoreRank":67,"engagementSEI":0.3468208092485549,"engagementSEIadj":0,"engagementSEIrank":67,"engagementScore":0.033403852577663956,"voiceSEI":16.666666666666664,"voiceSEIadj":0,"voiceSEIrank":34,"voiceScore":1.2121212121212122}},"twitter":{"entityString":"548880daf372e13640a025c4","type":"twitter","profiles":1,"postsMade":0,"repliesMade":0,"repliesRcvd":0,"sharesMade":0,"sharesRcvd":0,"mentionsRcvd":0,"likesRcvd":0,"reachRcvd":0,"audience":2711,"voice":0,"conversation":0,"engagement":0,"group_scoped":{"audienceScore":3.934916395726893,"voiceScore":0,"engagementScore":0,"combinedScore":3.934916395726893,"combinedScoreRank":45,"SEIrank":128,"engagementSEIrank":223,"voiceSEIrank":221,"audienceSEIrank":39,"engagementSEI":0,"engagementSEIadj":0,"voiceSEI":0,"voiceSEIadj":0,"audienceSEI":12.55848427294205,"audienceSEIadj":12.55848427294205,"SEI":1.255848427294205,"SEIadj":1.255848427294205},"non_scoped":{"SEI":0.04788255262930144,"SEIrank":198,"SEIadj":0,"audienceSEI":0.4788255262930144,"audienceSEIadj":0,"audienceSEIrank":184,"audienceScore":0.0777317357660031,"combinedScore":0.0038865867883001552,"combinedScoreRank":198,"engagementSEI":0,"engagementSEIadj":0,"engagementSEIrank":223,"engagementScore":0,"voiceSEI":0,"voiceSEIadj":0,"voiceSEIrank":221,"voiceScore":0},"scoped":{"SEI":0.23260802416171877,"SEIrank":179,"SEIadj":0,"audienceSEI":2.3260802416171877,"audienceSEIadj":0,"audienceSEIrank":167,"audienceScore":0.12312910524972365,"combinedScore":0.006156455262486183,"combinedScoreRank":179,"engagementSEI":0,"engagementSEIadj":0,"engagementSEIrank":201,"engagementScore":0,"voiceSEI":0,"voiceSEIadj":0,"voiceSEIrank":199,"voiceScore":0}},"instagram":{"entityString":"548880daf372e13640a025c4","type":"instagram","profiles":0,"postsMade":0,"repliesMade":0,"repliesRcvd":0,"sharesMade":0,"sharesRcvd":0,"mentionsRcvd":0,"likesRcvd":0,"reachRcvd":0,"audience":0,"voice":0,"conversation":0,"engagement":0,"group_scoped":{"audienceScore":null,"voiceScore":0,"engagementScore":0,"combinedScore":null,"combinedScoreRank":33,"SEIrank":216,"engagementSEIrank":216,"voiceSEIrank":216,"audienceSEIrank":216,"engagementSEI":0,"engagementSEIadj":0,"voiceSEI":0,"voiceSEIadj":0,"audienceSEI":0,"audienceSEIadj":0,"SEI":0,"SEIadj":0},"non_scoped":{"SEI":0,"SEIrank":216,"SEIadj":0,"audienceSEI":0,"audienceSEIadj":0,"audienceSEIrank":216,"audienceScore":0,"combinedScore":0,"combinedScoreRank":216,"engagementSEI":0,"engagementSEIadj":0,"engagementSEIrank":216,"engagementScore":0,"voiceSEI":0,"voiceSEIadj":0,"voiceSEIrank":216,"voiceScore":0},"scoped":{"SEI":0,"SEIrank":195,"SEIadj":0,"audienceSEI":0,"audienceSEIadj":0,"audienceSEIrank":195,"audienceScore":0,"combinedScore":0,"combinedScoreRank":195,"engagementSEI":0,"engagementSEIadj":0,"engagementSEIrank":195,"engagementScore":0,"voiceSEI":0,"voiceSEIadj":0,"voiceSEIrank":195,"voiceScore":0}}},"week":{"boundaryQuantum":4993818,"combined":{"entityString":"548880daf372e13640a025c4","type":"combined","profiles":2,"postsMade":55,"repliesMade":0,"repliesRcvd":0,"sharesMade":0,"sharesRcvd":0,"mentionsRcvd":0,"likesRcvd":148,"reachRcvd":0,"audience":5189,"voice":55,"conversation":55,"engagement":148,"group_scoped":{"audienceScore":0.43756498333306626,"voiceScore":9.385665529010238,"engagementScore":0.37352043005325186,"combinedScore":0.8273299126650919,"combinedScoreRank":44,"SEIrank":25,"engagementSEIrank":64,"voiceSEIrank":14,"audienceSEIrank":157,"engagementSEI":0.43431053203040176,"engagementSEIadj":0.43431053203040176,"voiceSEI":13.994910941475828,"voiceSEIadj":13.994910941475828,"audienceSEI":0.5380949220597142,"audienceSEIadj":0.5380949220597142,"SEI":4.512869093866961,"SEIadj":4.512869093866961},"non_scoped":{"SEI":2.0076300810533096,"SEIrank":31,"SEIadj":0,"audienceSEI":0.2038635461806524,"audienceSEIadj":0,"audienceSEIrank":163,"audienceScore":0.0375657128493995,"combinedScore":0.04191512839191888,"combinedScoreRank":80,"engagementSEI":0.01865970373937941,"engagementSEIadj":0,"engagementSEIrank":123,"engagementScore":0.00782604603301428,"voiceSEI":6.58682634730539,"voiceSEIadj":0,"voiceSEIrank":24,"voiceScore":0.6598680263947211},"scoped":{"SEI":7.7753086537706055,"SEIrank":43,"SEIadj":0,"audienceSEI":2.6614623938287307,"audienceSEIadj":0,"audienceSEIrank":148,"audienceScore":0.10784863281229702,"combinedScore":0.14194693532089725,"combinedScoreRank":91,"engagementSEI":0.5065370661920734,"engagementSEIadj":0,"engagementSEIrank":112,"engagementScore":0.07413566827293948,"voiceSEI":24.017467248908297,"voiceSEIadj":0,"voiceSEIrank":16,"voiceScore":1.3966480446927374}},"facebook":{"entityString":"548880daf372e13640a025c4","type":"facebook","profiles":1,"postsMade":49,"repliesMade":0,"repliesRcvd":0,"sharesMade":0,"sharesRcvd":0,"mentionsRcvd":0,"likesRcvd":136,"reachRcvd":0,"audience":2478,"voice":49,"conversation":49,"engagement":136,"group_scoped":{"audienceScore":0.22184720475207814,"voiceScore":16.955017301038062,"engagementScore":0.35066006600660066,"combinedScore":1.1744372846954476,"combinedScoreRank":30,"SEIrank":14,"engagementSEIrank":51,"voiceSEIrank":10,"audienceSEIrank":131,"engagementSEI":0.40174878884556303,"engagementSEIadj":0.40174878884556303,"voiceSEI":24.5,"voiceSEIadj":24.5,"audienceSEI":0.2628505602281008,"audienceSEIadj":0.2628505602281008,"SEI":7.617334329330148,"SEIadj":7.617334329330148},"non_scoped":{"SEI":4.360956984174593,"SEIrank":12,"SEIadj":0,"audienceSEI":0.13344556115797143,"audienceSEIadj":0,"audienceSEIrank":138,"audienceScore":0.025450901021466472,"combinedScore":0.09271974590783376,"combinedScoreRank":43,"engagementSEI":0.018882070363479855,"engagementSEIadj":0,"engagementSEIrank":86,"engagementScore":0.008476895162622377,"voiceSEI":14.454277286135694,"voiceSEIadj":0,"voiceSEIrank":12,"voiceScore":1.6763599042080055},"scoped":{"SEI":19.38417106170855,"SEIrank":19,"SEIadj":0,"audienceSEI":1.7009651158001675,"audienceSEIadj":0,"audienceSEIrank":123,"audienceScore":0.10432941824350182,"combinedScore":0.35418934362743376,"combinedScoreRank":55,"engagementSEI":1.398457583547558,"engagementSEIadj":0,"engagementSEIrank":76,"engagementScore":0.12086310475987345,"voiceSEI":61.25000000000001,"voiceSEIadj":0,"voiceSEIrank":4,"voiceScore":4.803921568627452}},"twitter":{"entityString":"548880daf372e13640a025c4","type":"twitter","profiles":1,"postsMade":6,"repliesMade":0,"repliesRcvd":0,"sharesMade":0,"sharesRcvd":0,"mentionsRcvd":0,"likesRcvd":12,"reachRcvd":0,"audience":2711,"voice":6,"conversation":6,"engagement":12,"group_scoped":{"audienceScore":3.934916395726893,"voiceScore":2.0202020202020203,"engagementScore":1.430274135876043,"combinedScore":1.5850026430848843,"combinedScoreRank":91,"SEIrank":76,"engagementSEIrank":78,"voiceSEIrank":100,"audienceSEIrank":39,"engagementSEI":5.084745762711865,"engagementSEIadj":5.084745762711865,"voiceSEI":3.1088082901554404,"voiceSEIadj":3.1088082901554404,"audienceSEI":12.55848427294205,"audienceSEIadj":12.55848427294205,"SEI":5.239338371967956,"SEIadj":5.239338371967956},"non_scoped":{"SEI":0.48249907257165353,"SEIrank":147,"SEIadj":0,"audienceSEI":0.4788255262930144,"audienceSEIadj":0,"audienceSEIrank":184,"audienceScore":0.0777317357660031,"combinedScore":0.02717881005840702,"combinedScoreRank":164,"engagementSEI":0.09144947416552354,"engagementSEIadj":0,"engagementSEIrank":156,"engagementScore":0.019341736243190095,"voiceSEI":1.2658227848101267,"voiceSEIadj":0,"voiceSEIrank":125,"voiceScore":0.11769321302471558},"scoped":{"SEI":1.5909996325533269,"SEIrank":144,"SEIadj":0,"audienceSEI":2.3260802416171877,"audienceSEIadj":0,"audienceSEIrank":167,"audienceScore":0.12312910524972365,"combinedScore":0.0481030983501193,"combinedScoreRank":149,"engagementSEI":0.5594405594405595,"engagementSEIadj":0,"engagementSEIrank":143,"engagementScore":0.03483713638738896,"voiceSEI":3.4090909090909087,"voiceSEIadj":0,"voiceSEIrank":113,"voiceScore":0.211864406779661}},"instagram":{"entityString":"548880daf372e13640a025c4","type":"instagram","profiles":0,"postsMade":0,"repliesMade":0,"repliesRcvd":0,"sharesMade":0,"sharesRcvd":0,"mentionsRcvd":0,"likesRcvd":0,"reachRcvd":0,"audience":0,"voice":0,"conversation":0,"engagement":0,"group_scoped":{"audienceScore":null,"voiceScore":0,"engagementScore":0,"combinedScore":null,"combinedScoreRank":33,"SEIrank":216,"engagementSEIrank":216,"voiceSEIrank":216,"audienceSEIrank":216,"engagementSEI":0,"engagementSEIadj":0,"voiceSEI":0,"voiceSEIadj":0,"audienceSEI":0,"audienceSEIadj":0,"SEI":0,"SEIadj":0},"non_scoped":{"SEI":0,"SEIrank":216,"SEIadj":0,"audienceSEI":0,"audienceSEIadj":0,"audienceSEIrank":216,"audienceScore":0,"combinedScore":0,"combinedScoreRank":216,"engagementSEI":0,"engagementSEIadj":0,"engagementSEIrank":216,"engagementScore":0,"voiceSEI":0,"voiceSEIadj":0,"voiceSEIrank":216,"voiceScore":0},"scoped":{"SEI":0,"SEIrank":195,"SEIadj":0,"audienceSEI":0,"audienceSEIadj":0,"audienceSEIrank":195,"audienceScore":0,"combinedScore":0,"combinedScoreRank":195,"engagementSEI":0,"engagementSEIadj":0,"engagementSEIrank":195,"engagementScore":0,"voiceSEI":0,"voiceSEIadj":0,"voiceSEIrank":195,"voiceScore":0}}},"month":{"boundaryQuantum":4987194,"combined":{"entityString":"548880daf372e13640a025c4","type":"combined","profiles":2,"postsMade":171,"repliesMade":0,"repliesRcvd":19,"sharesMade":0,"sharesRcvd":3,"mentionsRcvd":0,"likesRcvd":756,"reachRcvd":0,"audience":5189,"voice":171,"conversation":190,"engagement":778,"group_scoped":{"audienceScore":0.43756498333306626,"voiceScore":6.409295352323838,"engagementScore":0.3887007004606453,"combinedScore":0.692173647197426,"combinedScoreRank":49,"SEIrank":39,"engagementSEIrank":59,"voiceSEIrank":25,"audienceSEIrank":157,"engagementSEI":0.43603999461955795,"engagementSEIadj":0.43603999461955795,"voiceSEI":9.014232999472851,"voiceSEIadj":9.014232999472851,"audienceSEI":0.5380949220597142,"audienceSEIadj":0.5380949220597142,"SEI":3.0197033888195612,"SEIadj":3.0197033888195612},"non_scoped":{"SEI":1.427983682000973,"SEIrank":44,"SEIadj":0,"audienceSEI":0.2038635461806524,"audienceSEIadj":0,"audienceSEIrank":163,"audienceScore":0.0375657128493995,"combinedScore":0.0323543726508958,"combinedScoreRank":95,"engagementSEI":0.02136259294650016,"engagementSEIadj":0,"engagementSEIrank":114,"engagementScore":0.008937094571231976,"voiceSEI":4.64926590538336,"voiceSEIadj":0,"voiceSEIrank":37,"voiceScore":0.448654037886341},"scoped":{"SEI":5.984199024445244,"SEIrank":64,"SEIadj":0,"audienceSEI":2.6614623938287307,"audienceSEIadj":0,"audienceSEIrank":148,"audienceScore":0.10784863281229702,"combinedScore":0.13501600337382869,"combinedScoreRank":96,"engagementSEI":0.6423540873700636,"engagementSEIadj":0,"engagementSEIrank":103,"engagementScore":0.09155159956412966,"voiceSEI":17.775467775467778,"voiceSEIadj":0,"voiceSEIrank":28,"voiceScore":0.9445426425099426}},"facebook":{"entityString":"548880daf372e13640a025c4","type":"facebook","profiles":1,"postsMade":149,"repliesMade":0,"repliesRcvd":19,"sharesMade":0,"sharesRcvd":1,"mentionsRcvd":0,"likesRcvd":701,"reachRcvd":0,"audience":2478,"voice":149,"conversation":168,"engagement":721,"group_scoped":{"audienceScore":0.22184720475207814,"voiceScore":11.523588553750967,"engagementScore":0.3668651096524704,"combinedScore":0.9174503866123757,"combinedScoreRank":37,"SEIrank":17,"engagementSEIrank":49,"voiceSEIrank":13,"audienceSEIrank":131,"engagementSEI":0.40692621146617597,"engagementSEIadj":0.40692621146617597,"voiceSEI":15.472481827622014,"voiceSEIadj":15.472481827622014,"audienceSEI":0.2628505602281008,"audienceSEIadj":0.2628505602281008,"SEI":4.91218533118912,"SEIadj":4.91218533118912},"non_scoped":{"SEI":2.9767329095075152,"SEIrank":14,"SEIadj":0,"audienceSEI":0.13344556115797143,"audienceSEIadj":0,"audienceSEIrank":138,"audienceScore":0.025450901021466472,"combinedScore":0.0659485121059058,"combinedScoreRank":50,"engagementSEI":0.021488839811279702,"engagementSEIadj":0,"engagementSEIrank":86,"engagementScore":0.009552981417927434,"voiceSEI":9.834983498349835,"voiceSEIadj":0,"voiceSEIrank":14,"voiceScore":1.1215656755739556},"scoped":{"SEI":11.897257920893043,"SEIrank":34,"SEIadj":0,"audienceSEI":1.7009651158001675,"audienceSEIadj":0,"audienceSEIrank":123,"audienceScore":0.10432941824350182,"combinedScore":0.2899548549389391,"combinedScoreRank":65,"engagementSEI":1.9329758713136729,"engagementSEIadj":0,"engagementSEIrank":76,"engagementScore":0.13919751954267534,"voiceSEI":35.22458628841608,"voiceSEIadj":0,"voiceSEIrank":6,"voiceScore":3.1892123287671237}},"twitter":{"entityString":"548880daf372e13640a025c4","type":"twitter","profiles":1,"postsMade":22,"repliesMade":0,"repliesRcvd":0,"sharesMade":0,"sharesRcvd":2,"mentionsRcvd":0,"likesRcvd":55,"reachRcvd":0,"audience":2711,"voice":22,"conversation":22,"engagement":57,"group_scoped":{"audienceScore":3.934916395726893,"voiceScore":1.6,"engagementScore":1.5728476821192054,"combinedScore":1.6923087336936296,"combinedScoreRank":83,"SEIrank":82,"engagementSEIrank":73,"voiceSEIrank":117,"audienceSEIrank":39,"engagementSEI":4.5893719806763285,"engagementSEIadj":4.5893719806763285,"voiceSEI":2.355460385438972,"voiceSEIadj":2.355460385438972,"audienceSEI":12.55848427294205,"audienceSEIadj":12.55848427294205,"SEI":4.716109731331693,"SEIadj":4.716109731331693},"non_scoped":{"SEI":0.41749775560867,"SEIrank":166,"SEIadj":0,"audienceSEI":0.4788255262930144,"audienceSEIadj":0,"audienceSEIrank":184,"audienceScore":0.0777317357660031,"combinedScore":0.027380184853978824,"combinedScoreRank":172,"engagementSEI":0.09096567242782592,"engagementSEIadj":0,"engagementSEIrank":168,"engagementScore":0.020932102868432553,"voiceSEI":1.0501193317422435,"voiceSEIadj":0,"voiceSEIrank":145,"voiceScore":0.0930941096817874},"scoped":{"SEI":1.4961643146109331,"SEIrank":153,"SEIadj":0,"audienceSEI":2.3260802416171877,"audienceSEIadj":0,"audienceSEIrank":167,"audienceScore":0.12312910524972365,"combinedScore":0.05065481821059985,"combinedScoreRank":158,"engagementSEI":0.5000877346902965,"engagementSEIadj":0,"engagementSEIrank":154,"engagementScore":0.04011909035241454,"voiceSEI":3.2116788321167884,"voiceSEIadj":0,"voiceSEIrank":132,"voiceScore":0.1678236326188115}},"instagram":{"entityString":"548880daf372e13640a025c4","type":"instagram","profiles":0,"postsMade":0,"repliesMade":0,"repliesRcvd":0,"sharesMade":0,"sharesRcvd":0,"mentionsRcvd":0,"likesRcvd":0,"reachRcvd":0,"audience":0,"voice":0,"conversation":0,"engagement":0,"group_scoped":{"audienceScore":null,"voiceScore":0,"engagementScore":0,"combinedScore":null,"combinedScoreRank":33,"SEIrank":216,"engagementSEIrank":216,"voiceSEIrank":216,"audienceSEIrank":216,"engagementSEI":0,"engagementSEIadj":0,"voiceSEI":0,"voiceSEIadj":0,"audienceSEI":0,"audienceSEIadj":0,"SEI":0,"SEIadj":0},"non_scoped":{"SEI":0,"SEIrank":216,"SEIadj":0,"audienceSEI":0,"audienceSEIadj":0,"audienceSEIrank":216,"audienceScore":0,"combinedScore":0,"combinedScoreRank":216,"engagementSEI":0,"engagementSEIadj":0,"engagementSEIrank":216,"engagementScore":0,"voiceSEI":0,"voiceSEIadj":0,"voiceSEIrank":216,"voiceScore":0},"scoped":{"SEI":0,"SEIrank":195,"SEIadj":0,"audienceSEI":0,"audienceSEIadj":0,"audienceSEIrank":195,"audienceScore":0,"combinedScore":0,"combinedScoreRank":195,"engagementSEI":0,"engagementSEIadj":0,"engagementSEIrank":195,"engagementScore":0,"voiceSEI":0,"voiceSEIadj":0,"voiceSEIrank":195,"voiceScore":0}}},"quarter":{"boundaryQuantum":4969914,"combined":{"entityString":"548880daf372e13640a025c4","type":"combined","profiles":2,"postsMade":472,"repliesMade":0,"repliesRcvd":55,"sharesMade":0,"sharesRcvd":29,"mentionsRcvd":0,"likesRcvd":2009,"reachRcvd":0,"audience":5189,"voice":472,"conversation":527,"engagement":2093,"group_scoped":{"audienceScore":0.43756498333306626,"voiceScore":5.869186769460334,"engagementScore":0.3182631015522359,"combinedScore":0.6017743790366823,"combinedScoreRank":50,"SEIrank":45,"engagementSEIrank":59,"voiceSEIrank":27,"audienceSEIrank":157,"engagementSEI":0.3617914988504952,"engagementSEIadj":0.3617914988504952,"voiceSEI":7.883748120928678,"voiceSEIadj":7.883748120928678,"audienceSEI":0.5380949220597142,"audienceSEIadj":0.5380949220597142,"SEI":2.6360088277948717,"SEIadj":2.6360088277948717},"non_scoped":{"SEI":1.3541586129664285,"SEIrank":50,"SEIadj":0,"audienceSEI":0.2038635461806524,"audienceSEIadj":0,"audienceSEIrank":163,"audienceScore":0.0375657128493995,"combinedScore":0.029859434700971667,"combinedScoreRank":98,"engagementSEI":0.018376463586989113,"engagementSEIadj":0,"engagementSEIrank":117,"engagementScore":0.007565937160427511,"voiceSEI":4.4091546006539,"voiceSEIadj":0,"voiceSEIrank":41,"voiceScore":0.4234361122823386},"scoped":{"SEI":5.81363795816101,"SEIrank":65,"SEIadj":0,"audienceSEI":2.6614623938287307,"audienceSEIadj":0,"audienceSEIrank":148,"audienceScore":0.10784863281229702,"combinedScore":0.1196142320023498,"combinedScoreRank":96,"engagementSEI":0.546962177813667,"engagementSEIadj":0,"engagementSEIrank":107,"engagementScore":0.07707803184026102,"voiceSEI":17.397714706966457,"voiceSEIadj":0,"voiceSEIrank":31,"voiceScore":0.8970314341100004}},"facebook":{"entityString":"548880daf372e13640a025c4","type":"facebook","profiles":1,"postsMade":390,"repliesMade":0,"repliesRcvd":55,"sharesMade":0,"sharesRcvd":15,"mentionsRcvd":0,"likesRcvd":1877,"reachRcvd":0,"audience":2478,"voice":390,"conversation":445,"engagement":1947,"group_scoped":{"audienceScore":0.22184720475207814,"voiceScore":9.951518244450115,"engagementScore":0.3001285604619544,"combinedScore":0.7787839768758686,"combinedScoreRank":38,"SEIrank":19,"engagementSEIrank":52,"voiceSEIrank":14,"audienceSEIrank":131,"engagementSEI":0.3386711289385521,"engagementSEIadj":0.3386711289385521,"voiceSEI":13.215859030837004,"voiceSEIadj":13.215859030837004,"audienceSEI":0.2628505602281008,"audienceSEIadj":0.2628505602281008,"SEI":4.194245442637042,"SEIadj":4.194245442637042},"non_scoped":{"SEI":2.5844272593957873,"SEIrank":15,"SEIadj":0,"audienceSEI":0.13344556115797143,"audienceSEIadj":0,"audienceSEIrank":138,"audienceScore":0.025450901021466472,"combinedScore":0.05723846048153226,"combinedScoreRank":52,"engagementSEI":0.01817941429232498,"engagementSEIadj":0,"engagementSEIrank":93,"engagementScore":0.00794310209509415,"voiceSEI":8.533916849015318,"voiceSEIadj":0,"voiceSEIrank":15,"voiceScore":0.976342470897484},"scoped":{"SEI":13.682585786058043,"SEIrank":35,"SEIadj":0,"audienceSEI":1.7009651158001675,"audienceSEIadj":0,"audienceSEIrank":123,"audienceScore":0.10432941824350182,"combinedScore":0.2404106967262326,"combinedScoreRank":68,"engagementSEI":1.6874821241300408,"engagementSEIadj":0,"engagementSEIrank":83,"engagementScore":0.10982236078027463,"voiceSEI":41.66666666666667,"voiceSEIadj":0,"voiceSEIrank":7,"voiceScore":2.727082022236207}},"twitter":{"entityString":"548880daf372e13640a025c4","type":"twitter","profiles":1,"postsMade":82,"repliesMade":0,"repliesRcvd":0,"sharesMade":0,"sharesRcvd":14,"mentionsRcvd":0,"likesRcvd":132,"reachRcvd":0,"audience":2711,"voice":82,"conversation":82,"engagement":146,"group_scoped":{"audienceScore":3.934916395726893,"voiceScore":1.9888430754305118,"engagementScore":1.638608305274972,"combinedScore":1.7709354483053452,"combinedScoreRank":75,"SEIrank":78,"engagementSEIrank":72,"voiceSEIrank":103,"audienceSEIrank":39,"engagementSEI":4.037610619469026,"engagementSEIadj":4.037610619469026,"voiceSEI":2.7009222661396577,"voiceSEIadj":2.7009222661396577,"audienceSEI":12.55848427294205,"audienceSEIadj":12.55848427294205,"SEI":4.488691478817518,"SEIadj":4.488691478817518},"non_scoped":{"SEI":0.5056863279686219,"SEIrank":153,"SEIadj":0,"audienceSEI":0.4788255262930144,"audienceSEIadj":0,"audienceSEIrank":184,"audienceScore":0.0777317357660031,"combinedScore":0.026537665625693877,"combinedScoreRank":172,"engagementSEI":0.07898894154818326,"engagementSEIadj":0,"engagementSEIrank":172,"engagementScore":0.018537069695573068,"voiceSEI":1.3680347013680347,"voiceSEIadj":0,"voiceSEIrank":127,"voiceScore":0.1193543222275592},"scoped":{"SEI":1.8241877262783526,"SEIrank":148,"SEIadj":0,"audienceSEI":2.3260802416171877,"audienceSEIadj":0,"audienceSEIrank":167,"audienceScore":0.12312910524972365,"combinedScore":0.050208312631385796,"combinedScoreRank":159,"engagementSEI":0.48102266736953087,"engagementSEIadj":0,"engagementSEIrank":159,"engagementScore":0.036814859082301386,"voiceSEI":4.343220338983051,"voiceSEIadj":0,"voiceSEIrank":116,"voiceScore":0.2183696838965673}},"instagram":{"entityString":"548880daf372e13640a025c4","type":"instagram","profiles":0,"postsMade":0,"repliesMade":0,"repliesRcvd":0,"sharesMade":0,"sharesRcvd":0,"mentionsRcvd":0,"likesRcvd":0,"reachRcvd":0,"audience":0,"voice":0,"conversation":0,"engagement":0,"group_scoped":{"audienceScore":null,"voiceScore":0,"engagementScore":0,"combinedScore":null,"combinedScoreRank":33,"SEIrank":216,"engagementSEIrank":216,"voiceSEIrank":216,"audienceSEIrank":216,"engagementSEI":0,"engagementSEIadj":0,"voiceSEI":0,"voiceSEIadj":0,"audienceSEI":0,"audienceSEIadj":0,"SEI":0,"SEIadj":0},"non_scoped":{"SEI":0,"SEIrank":216,"SEIadj":0,"audienceSEI":0,"audienceSEIadj":0,"audienceSEIrank":216,"audienceScore":0,"combinedScore":0,"combinedScoreRank":216,"engagementSEI":0,"engagementSEIadj":0,"engagementSEIrank":216,"engagementScore":0,"voiceSEI":0,"voiceSEIadj":0,"voiceSEIrank":216,"voiceScore":0},"scoped":{"SEI":0,"SEIrank":195,"SEIadj":0,"audienceSEI":0,"audienceSEIadj":0,"audienceSEIrank":195,"audienceScore":0,"combinedScore":0,"combinedScoreRank":195,"engagementSEI":0,"engagementSEIadj":0,"engagementSEIrank":195,"engagementScore":0,"voiceSEI":0,"voiceSEIadj":0,"voiceSEIrank":195,"voiceScore":0}}},"blended":{"combined":{"non_scoped":{"SEI":1.5153160691470546,"SEIadj":60.60612642765882,"SEIrank":45,"audienceSEI":0.2038635461806524,"audienceSEIadj":40.12231812770839,"audienceSEIrank":163,"engagementSEI":0.01829540370948153,"engagementSEIadj":50.009147701854744,"engagementSEIrank":121,"voiceSEI":4.946508241011003,"voiceSEIadj":61.9786032964044,"voiceSEIrank":38},"scoped":{"SEI":16.76592848485011,"SEIadj":66.70637139394005,"SEIrank":42,"compCharisma":0,"compInfluence":12,"compEva":4.765928484850111,"audienceSEI":2.6614623938287307,"audienceSEIadj":41.59687743629724,"audienceSEIrank":148,"engagementSEI":0.5376264564346088,"engagementSEIadj":50.268813228217304,"engagementSEIrank":111,"voiceSEI":18.940788064846256,"voiceSEIadj":67.5763152259385,"voiceSEIrank":29}},"facebook":{"non_scoped":{"SEI":3.0933440350411265,"SEIadj":70.92800321051234,"SEIrank":14,"audienceSEI":0.13344556115797143,"audienceSEIadj":50.066722780578985,"audienceSEIrank":138,"engagementSEI":0.01833032156755154,"engagementSEIadj":50.00916516078377,"engagementSEIrank":94,"voiceSEI":10.230004286615994,"voiceSEIadj":73.0690012859848,"voiceSEIrank":14},"scoped":{"SEI":14.710042349532001,"SEIadj":65.8840169398128,"SEIrank":34,"audienceSEI":1.7009651158001673,"audienceSEIadj":50.85048255790009,"audienceSEIrank":123,"engagementSEI":1.5705657582887664,"engagementSEIadj":50.78528287914438,"engagementSEIrank":84,"voiceSEI":45.325354609929086,"voiceSEIadj":83.59760638297873,"voiceSEIrank":6}},"twitter":{"non_scoped":{"SEI":0.4626116767285726,"SEIadj":50.231305838364285,"SEIrank":155,"audienceSEI":0.47882552629301434,"audienceSEIadj":40.28729531577581,"audienceSEIrank":184,"engagementSEI":0.08057416388792257,"engagementSEIadj":40.04834449833275,"engagementSEIrank":172,"voiceSEI":1.221282085888392,"voiceSEIadj":50.610641042944195,"voiceSEIrank":131},"scoped":{"SEI":1.6254488013049,"SEIadj":40.97526928078294,"SEIrank":152,"audienceSEI":2.3260802416171877,"audienceSEIadj":41.39564814497031,"audienceSEIrank":167,"engagementSEI":0.48335666172047775,"engagementSEIadj":40.29001399703229,"engagementSEIrank":158,"voiceSEI":3.6760892670363163,"voiceSEIadj":51.83804463351816,"voiceSEIrank":119}},"instagram":{"non_scoped":{"SEI":0,"SEIadj":0,"SEIrank":216,"audienceSEI":0,"audienceSEIadj":0,"audienceSEIrank":216,"engagementSEI":0,"engagementSEIadj":0,"engagementSEIrank":216,"voiceSEI":0,"voiceSEIadj":0,"voiceSEIrank":216},"scoped":{"SEI":0,"SEIadj":0,"SEIrank":195,"audienceSEI":0,"audienceSEIadj":0,"audienceSEIrank":195,"engagementSEI":0,"engagementSEIadj":0,"engagementSEIrank":195,"voiceSEI":0,"voiceSEIadj":0,"voiceSEIrank":195}},"influence":{"instagram":{"scope":"individual","ratio":0,"calculated":false},"combined":{"ratio":2,"bottom":true,"scope":"individual","calculated":true},"facebook":{"ratio":2,"bottom":true,"scope":"individual","calculated":true},"twitter":{"ratio":0.36,"bottom":false,"scope":"individual","calculated":true}},"charisma":{"instagram":{"scope":"individual","ratio":0,"calculated":false},"combined":{"ratio":0.08,"bottom":false,"scope":"individual","calculated":true},"facebook":{"ratio":0.04,"bottom":false,"scope":"individual","calculated":true},"twitter":{"ratio":0.16,"bottom":false,"scope":"individual","calculated":true}}},"scope":"individual"}}