{"scoreEntityString":"591d1494ab33fb0001804f89.asset.54f79194d2f3a4520b89a7fd","timeQuantum":4995834,"scoreEntityType":"asset","scoreProfileID":"591d1494ab33fb0001804f89","data":{"scoreEntityString":"591d1494ab33fb0001804f89.asset.54f79194d2f3a4520b89a7fd","scoreProfileID":"591d1494ab33fb0001804f89","scoreEntityType":"asset","entityID":"asset.54f79194d2f3a4520b89a7fd","object_version":"1.2","score_engine_version":"3.0.20","timestamp":4995834,"start_quantum":4969914,"end_quantum":4995833,"schedule_options":{"interval":15,"offset":"1"},"_15min":{"boundaryQuantum":4995831,"combined":{"entityString":"54f79194d2f3a4520b89a7fd","type":"combined","profiles":2,"postsMade":0,"repliesMade":0,"repliesRcvd":0,"sharesMade":0,"sharesRcvd":0,"mentionsRcvd":0,"likesRcvd":0,"reachRcvd":0,"audience":4984,"voice":0,"conversation":0,"engagement":0,"group_scoped":{"audienceScore":0.1248634931864968,"voiceScore":0,"engagementScore":0,"combinedScore":0.1248634931864968,"engagementSEI":0,"engagementSEIadj":0,"voiceSEI":0,"voiceSEIadj":0,"audienceSEI":0.19580958068305485,"audienceSEIadj":0.19580958068305485,"SEI":0.019580958068305485,"SEIadj":0.019580958068305485,"combinedScoreRank":214,"SEIrank":212,"engagementSEIrank":46,"voiceSEIrank":39,"audienceSEIrank":212},"non_scoped":{"SEI":0.019580958068305485,"SEIrank":167,"SEIadj":0,"audienceSEI":0.19580958068305485,"audienceSEIadj":0,"audienceSEIrank":167,"audienceScore":0.03608161742944827,"combinedScore":0.0018040808714724138,"combinedScoreRank":167,"engagementSEI":0,"engagementSEIadj":0,"engagementSEIrank":46,"engagementScore":0,"voiceSEI":0,"voiceSEIadj":0,"voiceSEIrank":39,"voiceScore":0},"scoped":{"SEI":0.2556316934060974,"SEIrank":152,"SEIadj":0,"audienceSEI":2.556316934060974,"audienceSEIadj":0,"audienceSEIrank":152,"audienceScore":0.1035878947651741,"combinedScore":0.005179394738258705,"combinedScoreRank":152,"engagementSEI":0,"engagementSEIadj":0,"engagementSEIrank":39,"engagementScore":0,"voiceSEI":0,"voiceSEIadj":0,"voiceSEIrank":36,"voiceScore":0}},"facebook":{"entityString":"54f79194d2f3a4520b89a7fd","type":"facebook","profiles":1,"postsMade":0,"repliesMade":0,"repliesRcvd":0,"sharesMade":0,"sharesRcvd":0,"mentionsRcvd":0,"likesRcvd":0,"reachRcvd":0,"audience":2160,"voice":0,"conversation":0,"engagement":0,"group_scoped":{"audienceScore":0.08261816980099349,"voiceScore":0,"engagementScore":0,"combinedScore":0.08261816980099349,"engagementSEI":0,"engagementSEIadj":0,"voiceSEI":0,"voiceSEIadj":0,"audienceSEI":0.11632058599726325,"audienceSEIadj":0.11632058599726325,"SEI":0.011632058599726325,"SEIadj":0.011632058599726325,"combinedScoreRank":155,"SEIrank":153,"engagementSEIrank":44,"voiceSEIrank":38,"audienceSEIrank":153},"non_scoped":{"SEI":0.011632058599726325,"SEIrank":144,"SEIadj":0,"audienceSEI":0.11632058599726325,"audienceSEIadj":0,"audienceSEIrank":144,"audienceScore":0.022184804764474406,"combinedScore":0.0011092402382237203,"combinedScoreRank":144,"engagementSEI":0,"engagementSEIadj":0,"engagementSEIrank":44,"engagementScore":0,"voiceSEI":0,"voiceSEIadj":0,"voiceSEIrank":38,"voiceScore":0},"scoped":{"SEI":0.1482681456871817,"SEIrank":129,"SEIadj":0,"audienceSEI":1.4826814568718167,"audienceSEIadj":0,"audienceSEIrank":129,"audienceScore":0.09094089725825825,"combinedScore":0.004547044862912913,"combinedScoreRank":129,"engagementSEI":0,"engagementSEIadj":0,"engagementSEIrank":37,"engagementScore":0,"voiceSEI":0,"voiceSEIadj":0,"voiceSEIrank":36,"voiceScore":0}},"twitter":{"entityString":"54f79194d2f3a4520b89a7fd","type":"twitter","profiles":1,"postsMade":0,"repliesMade":0,"repliesRcvd":0,"sharesMade":0,"sharesRcvd":0,"mentionsRcvd":0,"likesRcvd":0,"reachRcvd":0,"audience":2824,"voice":0,"conversation":0,"engagement":0,"group_scoped":{"audienceScore":0.2250367756628783,"voiceScore":0,"engagementScore":0,"combinedScore":0.2250367756628783,"engagementSEI":0,"engagementSEIadj":0,"voiceSEI":0,"voiceSEIadj":0,"audienceSEI":0.4987839491890345,"audienceSEIadj":0.4987839491890345,"SEI":0.04987839491890345,"SEIadj":0.04987839491890345,"combinedScoreRank":214,"SEIrank":222,"engagementSEIrank":40,"voiceSEIrank":39,"audienceSEIrank":222},"non_scoped":{"SEI":0.04987839491890345,"SEIrank":180,"SEIadj":0,"audienceSEI":0.4987839491890345,"audienceSEIadj":0,"audienceSEIrank":180,"audienceScore":0.08097175278612792,"combinedScore":0.004048587639306396,"combinedScoreRank":180,"engagementSEI":0,"engagementSEIadj":0,"engagementSEIrank":40,"engagementScore":0,"voiceSEI":0,"voiceSEIadj":0,"voiceSEIrank":39,"voiceScore":0},"scoped":{"SEI":0.24230360023338027,"SEIrank":163,"SEIadj":0,"audienceSEI":2.4230360023338027,"audienceSEIadj":0,"audienceSEIrank":163,"audienceScore":0.1282613770657394,"combinedScore":0.018323053866534197,"combinedScoreRank":163,"engagementSEI":0,"engagementSEIadj":0,"engagementSEIrank":37,"engagementScore":0,"voiceSEI":0,"voiceSEIadj":0,"voiceSEIrank":36,"voiceScore":0}},"instagram":{"entityString":"54f79194d2f3a4520b89a7fd","type":"instagram","profiles":0,"postsMade":0,"repliesMade":0,"repliesRcvd":0,"sharesMade":0,"sharesRcvd":0,"mentionsRcvd":0,"likesRcvd":0,"reachRcvd":0,"audience":0,"voice":0,"conversation":0,"engagement":0,"group_scoped":{"audienceScore":0,"voiceScore":0,"engagementScore":0,"combinedScore":0,"engagementSEI":0,"engagementSEIadj":0,"voiceSEI":0,"voiceSEIadj":0,"audienceSEI":0,"audienceSEIadj":0,"SEI":0,"SEIadj":0,"combinedScoreRank":101,"SEIrank":64,"engagementSEIrank":41,"voiceSEIrank":38,"audienceSEIrank":64},"non_scoped":{"SEI":0,"SEIrank":64,"SEIadj":0,"audienceSEI":0,"audienceSEIadj":0,"audienceSEIrank":64,"audienceScore":0,"combinedScore":0,"combinedScoreRank":64,"engagementSEI":0,"engagementSEIadj":0,"engagementSEIrank":41,"engagementScore":0,"voiceSEI":0,"voiceSEIadj":0,"voiceSEIrank":38,"voiceScore":0},"scoped":{"SEI":0,"SEIrank":58,"SEIadj":0,"audienceSEI":0,"audienceSEIadj":0,"audienceSEIrank":58,"audienceScore":0,"combinedScore":0,"combinedScoreRank":58,"engagementSEI":0,"engagementSEIadj":0,"engagementSEIrank":37,"engagementScore":0,"voiceSEI":0,"voiceSEIadj":0,"voiceSEIrank":36,"voiceScore":0}}},"hour":{"boundaryQuantum":4995822,"combined":{"entityString":"54f79194d2f3a4520b89a7fd","type":"combined","profiles":2,"postsMade":0,"repliesMade":0,"repliesRcvd":0,"sharesMade":0,"sharesRcvd":0,"mentionsRcvd":0,"likesRcvd":0,"reachRcvd":0,"audience":4984,"voice":0,"conversation":0,"engagement":0,"group_scoped":{"audienceScore":0.1248634931864968,"voiceScore":0,"engagementScore":0,"combinedScore":0.1248634931864968,"combinedScoreRank":210,"SEIrank":212,"engagementSEIrank":88,"voiceSEIrank":52,"audienceSEIrank":212,"engagementSEI":0,"engagementSEIadj":0,"voiceSEI":0,"voiceSEIadj":0,"audienceSEI":0.19580958068305485,"audienceSEIadj":0.19580958068305485,"SEI":0.019580958068305485,"SEIadj":0.019580958068305485},"non_scoped":{"SEI":0.019580958068305485,"SEIrank":170,"SEIadj":0,"audienceSEI":0.19580958068305485,"audienceSEIadj":0,"audienceSEIrank":167,"audienceScore":0.03608161742944827,"combinedScore":0.0018040808714724138,"combinedScoreRank":170,"engagementSEI":0,"engagementSEIadj":0,"engagementSEIrank":88,"engagementScore":0,"voiceSEI":0,"voiceSEIadj":0,"voiceSEIrank":52,"voiceScore":0},"scoped":{"SEI":0.2556316934060974,"SEIrank":155,"SEIadj":0,"audienceSEI":2.556316934060974,"audienceSEIadj":0,"audienceSEIrank":152,"audienceScore":0.1035878947651741,"combinedScore":0.005179394738258705,"combinedScoreRank":155,"engagementSEI":0,"engagementSEIadj":0,"engagementSEIrank":78,"engagementScore":0,"voiceSEI":0,"voiceSEIadj":0,"voiceSEIrank":44,"voiceScore":0}},"facebook":{"entityString":"54f79194d2f3a4520b89a7fd","type":"facebook","profiles":1,"postsMade":0,"repliesMade":0,"repliesRcvd":0,"sharesMade":0,"sharesRcvd":0,"mentionsRcvd":0,"likesRcvd":0,"reachRcvd":0,"audience":2160,"voice":0,"conversation":0,"engagement":0,"group_scoped":{"audienceScore":0.08261816980099349,"voiceScore":0,"engagementScore":0,"combinedScore":0.08261816980099349,"combinedScoreRank":156,"SEIrank":154,"engagementSEIrank":70,"voiceSEIrank":46,"audienceSEIrank":153,"engagementSEI":0,"engagementSEIadj":0,"voiceSEI":0,"voiceSEIadj":0,"audienceSEI":0.11632058599726325,"audienceSEIadj":0.11632058599726325,"SEI":0.011632058599726325,"SEIadj":0.011632058599726325},"non_scoped":{"SEI":0.011632058599726325,"SEIrank":145,"SEIadj":0,"audienceSEI":0.11632058599726325,"audienceSEIadj":0,"audienceSEIrank":144,"audienceScore":0.022184804764474406,"combinedScore":0.0011092402382237203,"combinedScoreRank":145,"engagementSEI":0,"engagementSEIadj":0,"engagementSEIrank":70,"engagementScore":0,"voiceSEI":0,"voiceSEIadj":0,"voiceSEIrank":46,"voiceScore":0},"scoped":{"SEI":0.1482681456871817,"SEIrank":130,"SEIadj":0,"audienceSEI":1.4826814568718167,"audienceSEIadj":0,"audienceSEIrank":129,"audienceScore":0.09094089725825825,"combinedScore":0.004547044862912913,"combinedScoreRank":130,"engagementSEI":0,"engagementSEIadj":0,"engagementSEIrank":60,"engagementScore":0,"voiceSEI":0,"voiceSEIadj":0,"voiceSEIrank":38,"voiceScore":0}},"twitter":{"entityString":"54f79194d2f3a4520b89a7fd","type":"twitter","profiles":1,"postsMade":0,"repliesMade":0,"repliesRcvd":0,"sharesMade":0,"sharesRcvd":0,"mentionsRcvd":0,"likesRcvd":0,"reachRcvd":0,"audience":2824,"voice":0,"conversation":0,"engagement":0,"group_scoped":{"audienceScore":0.2250367756628783,"voiceScore":0,"engagementScore":0,"combinedScore":0.2250367756628783,"combinedScoreRank":214,"SEIrank":222,"engagementSEIrank":62,"voiceSEIrank":51,"audienceSEIrank":222,"engagementSEI":0,"engagementSEIadj":0,"voiceSEI":0,"voiceSEIadj":0,"audienceSEI":0.4987839491890345,"audienceSEIadj":0.4987839491890345,"SEI":0.04987839491890345,"SEIadj":0.04987839491890345},"non_scoped":{"SEI":0.04987839491890345,"SEIrank":183,"SEIadj":0,"audienceSEI":0.4987839491890345,"audienceSEIadj":0,"audienceSEIrank":180,"audienceScore":0.08097175278612792,"combinedScore":0.004048587639306396,"combinedScoreRank":183,"engagementSEI":0,"engagementSEIadj":0,"engagementSEIrank":62,"engagementScore":0,"voiceSEI":0,"voiceSEIadj":0,"voiceSEIrank":51,"voiceScore":0},"scoped":{"SEI":0.24230360023338027,"SEIrank":166,"SEIadj":0,"audienceSEI":2.4230360023338027,"audienceSEIadj":0,"audienceSEIrank":163,"audienceScore":0.1282613770657394,"combinedScore":0.00641306885328697,"combinedScoreRank":166,"engagementSEI":0,"engagementSEIadj":0,"engagementSEIrank":53,"engagementScore":0,"voiceSEI":0,"voiceSEIadj":0,"voiceSEIrank":43,"voiceScore":0}},"instagram":{"entityString":"54f79194d2f3a4520b89a7fd","type":"instagram","profiles":0,"postsMade":0,"repliesMade":0,"repliesRcvd":0,"sharesMade":0,"sharesRcvd":0,"mentionsRcvd":0,"likesRcvd":0,"reachRcvd":0,"audience":0,"voice":0,"conversation":0,"engagement":0,"group_scoped":{"audienceScore":0,"voiceScore":0,"engagementScore":0,"combinedScore":0,"combinedScoreRank":101,"SEIrank":64,"engagementSEIrank":46,"voiceSEIrank":40,"audienceSEIrank":64,"engagementSEI":0,"engagementSEIadj":0,"voiceSEI":0,"voiceSEIadj":0,"audienceSEI":0,"audienceSEIadj":0,"SEI":0,"SEIadj":0},"non_scoped":{"SEI":0,"SEIrank":64,"SEIadj":0,"audienceSEI":0,"audienceSEIadj":0,"audienceSEIrank":64,"audienceScore":0,"combinedScore":0,"combinedScoreRank":64,"engagementSEI":0,"engagementSEIadj":0,"engagementSEIrank":46,"engagementScore":0,"voiceSEI":0,"voiceSEIadj":0,"voiceSEIrank":40,"voiceScore":0},"scoped":{"SEI":0,"SEIrank":58,"SEIadj":0,"audienceSEI":0,"audienceSEIadj":0,"audienceSEIrank":58,"audienceScore":0,"combinedScore":0,"combinedScoreRank":58,"engagementSEI":0,"engagementSEIadj":0,"engagementSEIrank":40,"engagementScore":0,"voiceSEI":0,"voiceSEIadj":0,"voiceSEIrank":36,"voiceScore":0}}},"today":{"boundaryQuantum":4995546,"combined":{"entityString":"54f79194d2f3a4520b89a7fd","type":"combined","profiles":2,"postsMade":0,"repliesMade":0,"repliesRcvd":0,"sharesMade":0,"sharesRcvd":0,"mentionsRcvd":0,"likesRcvd":0,"reachRcvd":0,"audience":4984,"voice":0,"conversation":0,"engagement":0,"group_scoped":{"audienceScore":0.1248634931864968,"voiceScore":0,"engagementScore":0,"combinedScore":0.1248634931864968,"combinedScoreRank":172,"SEIrank":217,"engagementSEIrank":174,"voiceSEIrank":151,"audienceSEIrank":212,"engagementSEI":0,"engagementSEIadj":0,"voiceSEI":0,"voiceSEIadj":0,"audienceSEI":0.19580958068305485,"audienceSEIadj":0.19580958068305485,"SEI":0.019580958068305485,"SEIadj":0.019580958068305485},"non_scoped":{"SEI":0.019580958068305485,"SEIrank":195,"SEIadj":0,"audienceSEI":0.19580958068305485,"audienceSEIadj":0,"audienceSEIrank":167,"audienceScore":0.03608161742944827,"combinedScore":0.0018040808714724138,"combinedScoreRank":195,"engagementSEI":0,"engagementSEIadj":0,"engagementSEIrank":174,"engagementScore":0,"voiceSEI":0,"voiceSEIadj":0,"voiceSEIrank":151,"voiceScore":0},"scoped":{"SEI":0.2556316934060974,"SEIrank":177,"SEIadj":0,"audienceSEI":2.556316934060974,"audienceSEIadj":0,"audienceSEIrank":152,"audienceScore":0.1035878947651741,"combinedScore":0.005179394738258705,"combinedScoreRank":180,"engagementSEI":0,"engagementSEIadj":0,"engagementSEIrank":162,"engagementScore":0,"voiceSEI":0,"voiceSEIadj":0,"voiceSEIrank":138,"voiceScore":0}},"facebook":{"entityString":"54f79194d2f3a4520b89a7fd","type":"facebook","profiles":1,"postsMade":0,"repliesMade":0,"repliesRcvd":0,"sharesMade":0,"sharesRcvd":0,"mentionsRcvd":0,"likesRcvd":0,"reachRcvd":0,"audience":2160,"voice":0,"conversation":0,"engagement":0,"group_scoped":{"audienceScore":0.08261816980099349,"voiceScore":0,"engagementScore":0,"combinedScore":0.08261816980099349,"combinedScoreRank":149,"SEIrank":156,"engagementSEIrank":109,"voiceSEIrank":91,"audienceSEIrank":153,"engagementSEI":0,"engagementSEIadj":0,"voiceSEI":0,"voiceSEIadj":0,"audienceSEI":0.11632058599726325,"audienceSEIadj":0.11632058599726325,"SEI":0.011632058599726325,"SEIadj":0.011632058599726325},"non_scoped":{"SEI":0.011632058599726325,"SEIrank":150,"SEIadj":0,"audienceSEI":0.11632058599726325,"audienceSEIadj":0,"audienceSEIrank":144,"audienceScore":0.022184804764474406,"combinedScore":0.0011092402382237203,"combinedScoreRank":150,"engagementSEI":0,"engagementSEIadj":0,"engagementSEIrank":109,"engagementScore":0,"voiceSEI":0,"voiceSEIadj":0,"voiceSEIrank":91,"voiceScore":0},"scoped":{"SEI":0.1482681456871817,"SEIrank":135,"SEIadj":0,"audienceSEI":1.4826814568718167,"audienceSEIadj":0,"audienceSEIrank":129,"audienceScore":0.09094089725825825,"combinedScore":0.004547044862912913,"combinedScoreRank":135,"engagementSEI":0,"engagementSEIadj":0,"engagementSEIrank":99,"engagementScore":0,"voiceSEI":0,"voiceSEIadj":0,"voiceSEIrank":81,"voiceScore":0}},"twitter":{"entityString":"54f79194d2f3a4520b89a7fd","type":"twitter","profiles":1,"postsMade":0,"repliesMade":0,"repliesRcvd":0,"sharesMade":0,"sharesRcvd":0,"mentionsRcvd":0,"likesRcvd":0,"reachRcvd":0,"audience":2824,"voice":0,"conversation":0,"engagement":0,"group_scoped":{"audienceScore":0.2250367756628783,"voiceScore":0,"engagementScore":0,"combinedScore":0.2250367756628783,"combinedScoreRank":204,"SEIrank":222,"engagementSEIrank":160,"voiceSEIrank":139,"audienceSEIrank":222,"engagementSEI":0,"engagementSEIadj":0,"voiceSEI":0,"voiceSEIadj":0,"audienceSEI":0.4987839491890345,"audienceSEIadj":0.4987839491890345,"SEI":0.04987839491890345,"SEIadj":0.04987839491890345},"non_scoped":{"SEI":0.04987839491890345,"SEIrank":195,"SEIadj":0,"audienceSEI":0.4987839491890345,"audienceSEIadj":0,"audienceSEIrank":180,"audienceScore":0.08097175278612792,"combinedScore":0.004048587639306396,"combinedScoreRank":195,"engagementSEI":0,"engagementSEIadj":0,"engagementSEIrank":160,"engagementScore":0,"voiceSEI":0,"voiceSEIadj":0,"voiceSEIrank":139,"voiceScore":0},"scoped":{"SEI":0.24230360023338027,"SEIrank":176,"SEIadj":0,"audienceSEI":2.4230360023338027,"audienceSEIadj":0,"audienceSEIrank":163,"audienceScore":0.1282613770657394,"combinedScore":0.00641306885328697,"combinedScoreRank":176,"engagementSEI":0,"engagementSEIadj":0,"engagementSEIrank":148,"engagementScore":0,"voiceSEI":0,"voiceSEIadj":0,"voiceSEIrank":126,"voiceScore":0}},"instagram":{"entityString":"54f79194d2f3a4520b89a7fd","type":"instagram","profiles":0,"postsMade":0,"repliesMade":0,"repliesRcvd":0,"sharesMade":0,"sharesRcvd":0,"mentionsRcvd":0,"likesRcvd":0,"reachRcvd":0,"audience":0,"voice":0,"conversation":0,"engagement":0,"group_scoped":{"audienceScore":0,"voiceScore":0,"engagementScore":0,"combinedScore":0,"combinedScoreRank":101,"SEIrank":64,"engagementSEIrank":59,"voiceSEIrank":49,"audienceSEIrank":64,"engagementSEI":0,"engagementSEIadj":0,"voiceSEI":0,"voiceSEIadj":0,"audienceSEI":0,"audienceSEIadj":0,"SEI":0,"SEIadj":0},"non_scoped":{"SEI":0,"SEIrank":64,"SEIadj":0,"audienceSEI":0,"audienceSEIadj":0,"audienceSEIrank":64,"audienceScore":0,"combinedScore":0,"combinedScoreRank":64,"engagementSEI":0,"engagementSEIadj":0,"engagementSEIrank":59,"engagementScore":0,"voiceSEI":0,"voiceSEIadj":0,"voiceSEIrank":49,"voiceScore":0},"scoped":{"SEI":0,"SEIrank":58,"SEIadj":0,"audienceSEI":0,"audienceSEIadj":0,"audienceSEIrank":58,"audienceScore":0,"combinedScore":0,"combinedScoreRank":58,"engagementSEI":0,"engagementSEIadj":0,"engagementSEIrank":53,"engagementScore":0,"voiceSEI":0,"voiceSEIadj":0,"voiceSEIrank":43,"voiceScore":0}}},"week":{"boundaryQuantum":4993818,"combined":{"entityString":"54f79194d2f3a4520b89a7fd","type":"combined","profiles":2,"postsMade":0,"repliesMade":0,"repliesRcvd":0,"sharesMade":0,"sharesRcvd":0,"mentionsRcvd":0,"likesRcvd":0,"reachRcvd":0,"audience":4984,"voice":0,"conversation":0,"engagement":0,"group_scoped":{"audienceScore":0.1248634931864968,"voiceScore":0,"engagementScore":0,"combinedScore":0.1248634931864968,"combinedScoreRank":153,"SEIrank":221,"engagementSEIrank":201,"voiceSEIrank":195,"audienceSEIrank":212,"engagementSEI":0,"engagementSEIadj":0,"voiceSEI":0,"voiceSEIadj":0,"audienceSEI":0.19580958068305485,"audienceSEIadj":0.19580958068305485,"SEI":0.019580958068305485,"SEIadj":0.019580958068305485},"non_scoped":{"SEI":0.019580958068305485,"SEIrank":210,"SEIadj":0,"audienceSEI":0.19580958068305485,"audienceSEIadj":0,"audienceSEIrank":167,"audienceScore":0.03608161742944827,"combinedScore":0.0018040808714724138,"combinedScoreRank":208,"engagementSEI":0,"engagementSEIadj":0,"engagementSEIrank":201,"engagementScore":0,"voiceSEI":0,"voiceSEIadj":0,"voiceSEIrank":195,"voiceScore":0},"scoped":{"SEI":0.2556316934060974,"SEIrank":191,"SEIadj":0,"audienceSEI":2.556316934060974,"audienceSEIadj":0,"audienceSEIrank":152,"audienceScore":0.1035878947651741,"combinedScore":0.005179394738258705,"combinedScoreRank":189,"engagementSEI":0,"engagementSEIadj":0,"engagementSEIrank":186,"engagementScore":0,"voiceSEI":0,"voiceSEIadj":0,"voiceSEIrank":180,"voiceScore":0}},"facebook":{"entityString":"54f79194d2f3a4520b89a7fd","type":"facebook","profiles":1,"postsMade":0,"repliesMade":0,"repliesRcvd":0,"sharesMade":0,"sharesRcvd":0,"mentionsRcvd":0,"likesRcvd":0,"reachRcvd":0,"audience":2160,"voice":0,"conversation":0,"engagement":0,"group_scoped":{"audienceScore":0.08261816980099349,"voiceScore":0,"engagementScore":0,"combinedScore":0.08261816980099349,"combinedScoreRank":131,"SEIrank":159,"engagementSEIrank":139,"voiceSEIrank":126,"audienceSEIrank":153,"engagementSEI":0,"engagementSEIadj":0,"voiceSEI":0,"voiceSEIadj":0,"audienceSEI":0.11632058599726325,"audienceSEIadj":0.11632058599726325,"SEI":0.011632058599726325,"SEIadj":0.011632058599726325},"non_scoped":{"SEI":0.011632058599726325,"SEIrank":155,"SEIadj":0,"audienceSEI":0.11632058599726325,"audienceSEIadj":0,"audienceSEIrank":144,"audienceScore":0.022184804764474406,"combinedScore":0.0011092402382237203,"combinedScoreRank":155,"engagementSEI":0,"engagementSEIadj":0,"engagementSEIrank":139,"engagementScore":0,"voiceSEI":0,"voiceSEIadj":0,"voiceSEIrank":126,"voiceScore":0},"scoped":{"SEI":0.1482681456871817,"SEIrank":140,"SEIadj":0,"audienceSEI":1.4826814568718167,"audienceSEIadj":0,"audienceSEIrank":129,"audienceScore":0.09094089725825825,"combinedScore":0.004547044862912913,"combinedScoreRank":142,"engagementSEI":0,"engagementSEIadj":0,"engagementSEIrank":129,"engagementScore":0,"voiceSEI":0,"voiceSEIadj":0,"voiceSEIrank":116,"voiceScore":0}},"twitter":{"entityString":"54f79194d2f3a4520b89a7fd","type":"twitter","profiles":1,"postsMade":0,"repliesMade":0,"repliesRcvd":0,"sharesMade":0,"sharesRcvd":0,"mentionsRcvd":0,"likesRcvd":0,"reachRcvd":0,"audience":2824,"voice":0,"conversation":0,"engagement":0,"group_scoped":{"audienceScore":0.2250367756628783,"voiceScore":0,"engagementScore":0,"combinedScore":0.2250367756628783,"combinedScoreRank":192,"SEIrank":222,"engagementSEIrank":187,"voiceSEIrank":186,"audienceSEIrank":222,"engagementSEI":0,"engagementSEIadj":0,"voiceSEI":0,"voiceSEIadj":0,"audienceSEI":0.4987839491890345,"audienceSEIadj":0.4987839491890345,"SEI":0.04987839491890345,"SEIadj":0.04987839491890345},"non_scoped":{"SEI":0.04987839491890345,"SEIrank":204,"SEIadj":0,"audienceSEI":0.4987839491890345,"audienceSEIadj":0,"audienceSEIrank":180,"audienceScore":0.08097175278612792,"combinedScore":0.004048587639306396,"combinedScoreRank":203,"engagementSEI":0,"engagementSEIadj":0,"engagementSEIrank":187,"engagementScore":0,"voiceSEI":0,"voiceSEIadj":0,"voiceSEIrank":186,"voiceScore":0},"scoped":{"SEI":0.24230360023338027,"SEIrank":185,"SEIadj":0,"audienceSEI":2.4230360023338027,"audienceSEIadj":0,"audienceSEIrank":163,"audienceScore":0.1282613770657394,"combinedScore":0.00641306885328697,"combinedScoreRank":184,"engagementSEI":0,"engagementSEIadj":0,"engagementSEIrank":172,"engagementScore":0,"voiceSEI":0,"voiceSEIadj":0,"voiceSEIrank":171,"voiceScore":0}},"instagram":{"entityString":"54f79194d2f3a4520b89a7fd","type":"instagram","profiles":0,"postsMade":0,"repliesMade":0,"repliesRcvd":0,"sharesMade":0,"sharesRcvd":0,"mentionsRcvd":0,"likesRcvd":0,"reachRcvd":0,"audience":0,"voice":0,"conversation":0,"engagement":0,"group_scoped":{"audienceScore":0,"voiceScore":0,"engagementScore":0,"combinedScore":0,"combinedScoreRank":101,"SEIrank":64,"engagementSEIrank":61,"voiceSEIrank":60,"audienceSEIrank":64,"engagementSEI":0,"engagementSEIadj":0,"voiceSEI":0,"voiceSEIadj":0,"audienceSEI":0,"audienceSEIadj":0,"SEI":0,"SEIadj":0},"non_scoped":{"SEI":0,"SEIrank":64,"SEIadj":0,"audienceSEI":0,"audienceSEIadj":0,"audienceSEIrank":64,"audienceScore":0,"combinedScore":0,"combinedScoreRank":64,"engagementSEI":0,"engagementSEIadj":0,"engagementSEIrank":61,"engagementScore":0,"voiceSEI":0,"voiceSEIadj":0,"voiceSEIrank":60,"voiceScore":0},"scoped":{"SEI":0,"SEIrank":58,"SEIadj":0,"audienceSEI":0,"audienceSEIadj":0,"audienceSEIrank":58,"audienceScore":0,"combinedScore":0,"combinedScoreRank":58,"engagementSEI":0,"engagementSEIadj":0,"engagementSEIrank":55,"engagementScore":0,"voiceSEI":0,"voiceSEIadj":0,"voiceSEIrank":54,"voiceScore":0}}},"month":{"boundaryQuantum":4987194,"combined":{"entityString":"54f79194d2f3a4520b89a7fd","type":"combined","profiles":2,"postsMade":13,"repliesMade":0,"repliesRcvd":0,"sharesMade":0,"sharesRcvd":1,"mentionsRcvd":0,"likesRcvd":39,"reachRcvd":0,"audience":4984,"voice":13,"conversation":13,"engagement":40,"group_scoped":{"audienceScore":0.1248634931864968,"voiceScore":0.14460511679644047,"engagementScore":0.0015404499037989037,"combinedScore":0.014859835412565877,"combinedScoreRank":224,"SEIrank":205,"engagementSEIrank":204,"voiceSEIrank":190,"audienceSEIrank":212,"engagementSEI":0.0017237523157535017,"engagementSEIadj":0.0017237523157535017,"voiceSEI":0.35345296356715605,"voiceSEIadj":0.35345296356715605,"audienceSEI":0.19580958068305485,"audienceSEIadj":0.19580958068305485,"SEI":0.1266510985279044,"SEIadj":0.1266510985279044},"non_scoped":{"SEI":0.12627584743500245,"SEIrank":188,"SEIadj":0,"audienceSEI":0.19580958068305485,"audienceSEIadj":0,"audienceSEIrank":167,"audienceScore":0.03608161742944827,"combinedScore":0.00392303260811628,"combinedScoreRank":198,"engagementSEI":0.0010983338275835557,"engagementSEIadj":0,"engagementSEIrank":196,"engagementScore":0.0004594907234566568,"voiceSEI":0.35345296356715605,"voiceSEIadj":0,"voiceSEIrank":183,"voiceScore":0.0341082017106575},"scoped":{"SEI":0.680852649064564,"SEIrank":178,"SEIadj":0,"audienceSEI":2.556316934060974,"audienceSEIadj":0,"audienceSEIrank":152,"audienceScore":0.1035878947651741,"combinedScore":0.013006082310486642,"combinedScoreRank":182,"engagementSEI":0.03302591708843515,"engagementSEIadj":0,"engagementSEIrank":180,"engagementScore":0.004707023113837001,"voiceSEI":1.3513513513513513,"voiceSEIadj":0,"voiceSEIrank":169,"voiceScore":0.07180733539549271}},"facebook":{"entityString":"54f79194d2f3a4520b89a7fd","type":"facebook","profiles":1,"postsMade":6,"repliesMade":0,"repliesRcvd":0,"sharesMade":0,"sharesRcvd":1,"mentionsRcvd":0,"likesRcvd":24,"reachRcvd":0,"audience":2160,"voice":6,"conversation":6,"engagement":25,"group_scoped":{"audienceScore":0.08261816980099349,"voiceScore":0.17953321364452424,"engagementScore":0.0011382987442288253,"combinedScore":0.01413203804208183,"combinedScoreRank":162,"SEIrank":130,"engagementSEIrank":137,"voiceSEIrank":120,"audienceSEIrank":153,"engagementSEI":0.0012651450514104341,"engagementSEIadj":0.0012651450514104341,"voiceSEI":0.43415340086830684,"voiceSEIadj":0.43415340086830684,"audienceSEI":0.11632058599726325,"audienceSEIadj":0.11632058599726325,"SEI":0.14263716589106462,"SEIadj":0.14263716589106462},"non_scoped":{"SEI":0.13089100302941128,"SEIrank":120,"SEIadj":0,"audienceSEI":0.11632058599726325,"audienceSEIadj":0,"audienceSEIrank":144,"audienceScore":0.022184804764474406,"combinedScore":0.0036655427806493997,"combinedScoreRank":138,"engagementSEI":0.0007451054026102532,"engagementSEIadj":0,"engagementSEIrank":135,"engagementScore":0.00033124068716808026,"voiceSEI":0.39603960396039606,"voiceSEIadj":0,"voiceSEIrank":112,"voiceScore":0.04516371847948814},"scoped":{"SEI":0.614014537792595,"SEIrank":123,"SEIadj":0,"audienceSEI":1.4826814568718167,"audienceSEIadj":0,"audienceSEIrank":129,"audienceScore":0.09094089725825825,"combinedScore":0.015312167045742016,"combinedScoreRank":129,"engagementSEI":0.06702412868632708,"engagementSEIadj":0,"engagementSEIrank":125,"engagementScore":0.004826543673463083,"voiceSEI":1.4184397163120568,"voiceSEIadj":0,"voiceSEIrank":102,"voiceScore":0.12842465753424656}},"twitter":{"entityString":"54f79194d2f3a4520b89a7fd","type":"twitter","profiles":1,"postsMade":7,"repliesMade":0,"repliesRcvd":0,"sharesMade":0,"sharesRcvd":0,"mentionsRcvd":0,"likesRcvd":15,"reachRcvd":0,"audience":2824,"voice":7,"conversation":7,"engagement":15,"group_scoped":{"audienceScore":0.2250367756628783,"voiceScore":0.12851110703139343,"engagementScore":0.012649261283141065,"combinedScore":0.029061729289540546,"combinedScoreRank":224,"SEIrank":213,"engagementSEIrank":202,"voiceSEIrank":185,"audienceSEIrank":222,"engagementSEI":0.023938334849427874,"engagementSEIadj":0.023938334849427874,"voiceSEI":0.3341288782816229,"voiceSEIadj":0.3341288782816229,"audienceSEI":0.4987839491890345,"audienceSEIadj":0.4987839491890345,"SEI":0.16448005931304704,"SEIadj":0.16448005931304704},"non_scoped":{"SEI":0.16448005931304704,"SEIrank":191,"SEIadj":0,"audienceSEI":0.4987839491890345,"audienceSEIadj":0,"audienceSEIrank":180,"audienceScore":0.08097175278612792,"combinedScore":0.010487233604279386,"combinedScoreRank":196,"engagementSEI":0.023938334849427874,"engagementSEIadj":0,"engagementSEIrank":192,"engagementScore":0.005508448123271724,"voiceSEI":0.3341288782816229,"voiceSEIadj":0,"voiceSEIrank":179,"voiceScore":0.02962085308056872},"scoped":{"SEI":0.6278341645659626,"SEIrank":177,"SEIadj":0,"audienceSEI":2.4230360023338027,"audienceSEIadj":0,"audienceSEIrank":163,"audienceScore":0.1282613770657394,"combinedScore":0.018584880101622223,"combinedScoreRank":179,"engagementSEI":0.13160203544481489,"engagementSEIadj":0,"engagementSEIrank":176,"engagementScore":0.010557655355898561,"voiceSEI":1.0218978102189782,"voiceSEIadj":0,"voiceSEIrank":166,"voiceScore":0.05339842856053093}},"instagram":{"entityString":"54f79194d2f3a4520b89a7fd","type":"instagram","profiles":0,"postsMade":0,"repliesMade":0,"repliesRcvd":0,"sharesMade":0,"sharesRcvd":0,"mentionsRcvd":0,"likesRcvd":0,"reachRcvd":0,"audience":0,"voice":0,"conversation":0,"engagement":0,"group_scoped":{"audienceScore":0,"voiceScore":0,"engagementScore":0,"combinedScore":0,"combinedScoreRank":101,"SEIrank":64,"engagementSEIrank":61,"voiceSEIrank":61,"audienceSEIrank":64,"engagementSEI":0,"engagementSEIadj":0,"voiceSEI":0,"voiceSEIadj":0,"audienceSEI":0,"audienceSEIadj":0,"SEI":0,"SEIadj":0},"non_scoped":{"SEI":0,"SEIrank":64,"SEIadj":0,"audienceSEI":0,"audienceSEIadj":0,"audienceSEIrank":64,"audienceScore":0,"combinedScore":0,"combinedScoreRank":64,"engagementSEI":0,"engagementSEIadj":0,"engagementSEIrank":61,"engagementScore":0,"voiceSEI":0,"voiceSEIadj":0,"voiceSEIrank":61,"voiceScore":0},"scoped":{"SEI":0,"SEIrank":58,"SEIadj":0,"audienceSEI":0,"audienceSEIadj":0,"audienceSEIrank":58,"audienceScore":0,"combinedScore":0,"combinedScoreRank":58,"engagementSEI":0,"engagementSEIadj":0,"engagementSEIrank":55,"engagementScore":0,"voiceSEI":0,"voiceSEIadj":0,"voiceSEIrank":55,"voiceScore":0}}},"quarter":{"boundaryQuantum":4969914,"combined":{"entityString":"54f79194d2f3a4520b89a7fd","type":"combined","profiles":2,"postsMade":23,"repliesMade":0,"repliesRcvd":0,"sharesMade":0,"sharesRcvd":1,"mentionsRcvd":0,"likesRcvd":70,"reachRcvd":0,"audience":4984,"voice":23,"conversation":23,"engagement":71,"group_scoped":{"audienceScore":0.1248634931864968,"voiceScore":0.08476762613791325,"engagementScore":0.0008174682134393386,"combinedScore":0.011217277358315908,"combinedScoreRank":221,"SEIrank":211,"engagementSEIrank":209,"voiceSEIrank":201,"audienceSEIrank":212,"engagementSEI":0.0009227148349802495,"engagementSEIadj":0.0009227148349802495,"voiceSEI":0.21485287248949092,"voiceSEIadj":0.21485287248949092,"audienceSEI":0.19580958068305485,"audienceSEIadj":0.19580958068305485,"SEI":0.0845904487161409,"SEIadj":0.0845904487161409},"non_scoped":{"SEI":0.084410846259876,"SEIrank":199,"SEIadj":0,"audienceSEI":0.19580958068305485,"audienceSEIadj":0,"audienceSEIrank":167,"audienceScore":0.03608161742944827,"combinedScore":0.0030667484680273116,"combinedScoreRank":201,"engagementSEI":0.0006233774078720626,"engagementSEIadj":0,"engagementSEIrank":204,"engagementScore":0.00025665625341154,"voiceSEI":0.21485287248949092,"voiceSEIadj":0,"voiceSEIrank":194,"voiceScore":0.02063353936969023},"scoped":{"SEI":0.521095319521936,"SEIrank":186,"SEIadj":0,"audienceSEI":2.556316934060974,"audienceSEIadj":0,"audienceSEIrank":152,"audienceScore":0.1035878947651741,"combinedScore":0.009718177072693516,"combinedScoreRank":185,"engagementSEI":0.0185543787027092,"engagementSEIadj":0,"engagementSEIrank":188,"engagementScore":0.0026146871766165947,"voiceSEI":0.8477699963140436,"voiceSEIadj":0,"voiceSEIrank":179,"voiceScore":0.04371127750959748}},"facebook":{"entityString":"54f79194d2f3a4520b89a7fd","type":"facebook","profiles":1,"postsMade":11,"repliesMade":0,"repliesRcvd":0,"sharesMade":0,"sharesRcvd":1,"mentionsRcvd":0,"likesRcvd":51,"reachRcvd":0,"audience":2160,"voice":11,"conversation":11,"engagement":52,"group_scoped":{"audienceScore":0.08261816980099349,"voiceScore":0.10400907715582451,"engagementScore":0.0006893230357309269,"combinedScore":0.009951753079998736,"combinedScoreRank":164,"SEIrank":145,"engagementSEIrank":147,"voiceSEIrank":132,"audienceSEIrank":153,"engagementSEI":0.0007731019974279492,"engagementSEIadj":0.0007731019974279492,"voiceSEI":0.26499638641291257,"voiceSEIadj":0.26499638641291257,"audienceSEI":0.11632058599726325,"audienceSEIadj":0.11632058599726325,"SEI":0.09159483572205687,"SEIadj":0.09159483572205687},"non_scoped":{"SEI":0.08413344305670462,"SEIrank":139,"SEIadj":0,"audienceSEI":0.11632058599726325,"audienceSEIadj":0,"audienceSEIrank":144,"audienceScore":0.022184804764474406,"combinedScore":0.0026770616523654365,"combinedScoreRank":146,"engagementSEI":0.00048553135244011256,"engagementSEIadj":0,"engagementSEIrank":147,"engagementScore":0.00021214242883661828,"voiceSEI":0.24070021881838077,"voiceSEIadj":0,"voiceSEIrank":125,"voiceScore":0.027537864563775192},"scoped":{"SEI":0.5278735642619967,"SEIrank":132,"SEIadj":0,"audienceSEI":1.4826814568718167,"audienceSEIadj":0,"audienceSEIrank":129,"audienceScore":0.09094089725825825,"combinedScore":0.011032727652310427,"combinedScoreRank":134,"engagementSEI":0.045068860017854206,"engagementSEIadj":0,"engagementSEIrank":135,"engagementScore":0.0029331087624932103,"voiceSEI":1.1752136752136753,"voiceSEIadj":0,"voiceSEIrank":115,"voiceScore":0.07691769806307251}},"twitter":{"entityString":"54f79194d2f3a4520b89a7fd","type":"twitter","profiles":1,"postsMade":12,"repliesMade":0,"repliesRcvd":0,"sharesMade":0,"sharesRcvd":0,"mentionsRcvd":0,"likesRcvd":19,"reachRcvd":0,"audience":2824,"voice":12,"conversation":12,"engagement":19,"group_scoped":{"audienceScore":0.2250367756628783,"voiceScore":0.07501406513721323,"engagementScore":0.0053069512682216964,"combinedScore":0.019778798181404107,"combinedScoreRank":223,"SEIrank":219,"engagementSEIrank":211,"voiceSEIrank":197,"audienceSEIrank":222,"engagementSEI":0.010279382804215628,"engagementSEIadj":0.010279382804215628,"voiceSEI":0.20020020020020018,"voiceSEIadj":0.20020020020020018,"audienceSEI":0.4987839491890345,"audienceSEIadj":0.4987839491890345,"SEI":0.11610608466149289,"SEIadj":0.11610608466149289},"non_scoped":{"SEI":0.11610608466149289,"SEIrank":203,"SEIadj":0,"audienceSEI":0.4987839491890345,"audienceSEIadj":0,"audienceSEIrank":180,"audienceScore":0.08097175278612792,"combinedScore":0.007093034494824835,"combinedScoreRank":207,"engagementSEI":0.010279382804215628,"engagementSEIadj":0,"engagementSEIrank":202,"engagementScore":0.002412358385040331,"voiceSEI":0.20020020020020018,"voiceSEIadj":0,"voiceSEIrank":194,"voiceScore":0.01746648617964281},"scoped":{"SEI":0.47054087049954546,"SEIrank":186,"SEIadj":0,"audienceSEI":2.4230360023338027,"audienceSEIadj":0,"audienceSEIrank":163,"audienceScore":0.1282613770657394,"combinedScore":0.012322773139499994,"combinedScoreRank":188,"engagementSEI":0.06259884027411702,"engagementSEIadj":0,"engagementSEIrank":184,"engagementScore":0.004790974812080317,"voiceSEI":0.6355932203389831,"voiceSEIadj":0,"voiceSEIrank":180,"voiceScore":0.03195653910681473}},"instagram":{"entityString":"54f79194d2f3a4520b89a7fd","type":"instagram","profiles":0,"postsMade":0,"repliesMade":0,"repliesRcvd":0,"sharesMade":0,"sharesRcvd":0,"mentionsRcvd":0,"likesRcvd":0,"reachRcvd":0,"audience":0,"voice":0,"conversation":0,"engagement":0,"group_scoped":{"audienceScore":0,"voiceScore":0,"engagementScore":0,"combinedScore":0,"combinedScoreRank":101,"SEIrank":64,"engagementSEIrank":62,"voiceSEIrank":62,"audienceSEIrank":64,"engagementSEI":0,"engagementSEIadj":0,"voiceSEI":0,"voiceSEIadj":0,"audienceSEI":0,"audienceSEIadj":0,"SEI":0,"SEIadj":0},"non_scoped":{"SEI":0,"SEIrank":64,"SEIadj":0,"audienceSEI":0,"audienceSEIadj":0,"audienceSEIrank":64,"audienceScore":0,"combinedScore":0,"combinedScoreRank":64,"engagementSEI":0,"engagementSEIadj":0,"engagementSEIrank":62,"engagementScore":0,"voiceSEI":0,"voiceSEIadj":0,"voiceSEIrank":62,"voiceScore":0},"scoped":{"SEI":0,"SEIrank":58,"SEIadj":0,"audienceSEI":0,"audienceSEIadj":0,"audienceSEIrank":58,"audienceScore":0,"combinedScore":0,"combinedScoreRank":58,"engagementSEI":0,"engagementSEIadj":0,"engagementSEIrank":56,"engagementScore":0,"voiceSEI":0,"voiceSEIadj":0,"voiceSEIrank":56,"voiceScore":0}}},"blended":{"combined":{"non_scoped":{"SEI":0.06800013556909527,"SEIadj":40.04080008134146,"SEIrank":201,"audienceSEI":0.19580958068305485,"audienceSEIadj":40.117485748409834,"audienceSEIrank":167,"engagementSEI":0.0004764387780735646,"engagementSEIadj":40.000285863266846,"engagementSEIrank":205,"voiceSEI":0.16044438077981887,"voiceSEIadj":40.096266628467895,"voiceSEIrank":197},"scoped":{"SEI":0.3436314538577179,"SEIadj":40.20617887231463,"SEIrank":187,"compCharisma":0,"compInfluence":0,"compEva":0.3436314538577179,"audienceSEI":2.556316934060974,"audienceSEIadj":41.53379016043658,"audienceSEIrank":152,"engagementSEI":0.014231076914619872,"engagementSEIadj":40.00853864614877,"engagementSEIrank":188,"voiceSEI":0.6265877008597245,"voiceSEIadj":40.37595262051583,"voiceSEIrank":181}},"facebook":{"non_scoped":{"SEI":0.0657715924926682,"SEIadj":50.03288579624633,"SEIrank":142,"audienceSEI":0.11632058599726325,"audienceSEIadj":50.05816029299863,"audienceSEIrank":144,"engagementSEI":0.0003545314866115943,"engagementSEIadj":50.000177265743304,"engagementSEIrank":147,"voiceSEI":0.1797560500032498,"voiceSEIadj":50.089878025001624,"voiceSEIrank":130},"scoped":{"SEI":0.4079328137904012,"SEIadj":50.2039664068952,"SEIrank":135,"audienceSEI":1.4826814568718167,"audienceSEIadj":50.74134072843591,"audienceSEIrank":129,"engagementSEI":0.032588049311876165,"engagementSEIadj":50.01629402465594,"engagementSEIrank":135,"voiceSEI":0.8003727950536461,"voiceSEIadj":50.400186397526824,"voiceSEIrank":120}},"twitter":{"non_scoped":{"SEI":0.10018248944931972,"SEIadj":40.06010949366959,"SEIrank":205,"audienceSEI":0.49878394918903446,"audienceSEIadj":40.29927036951342,"audienceSEIrank":180,"engagementSEI":0.008730441629521996,"engagementSEIadj":40.00523826497771,"engagementSEIrank":202,"voiceSEI":0.15021943184234354,"voiceSEIadj":40.0901316591054,"voiceSEIrank":194},"scoped":{"SEI":0.4142518200163502,"SEIadj":40.24855109200981,"SEIrank":185,"audienceSEI":2.4230360023338027,"audienceSEIadj":41.45382160140028,"audienceSEIrank":163,"engagementSEI":0.05103972545378074,"engagementSEIadj":40.030623835272266,"engagementSEIrank":184,"voiceSEI":0.4710812817023383,"voiceSEIadj":40.2826487690214,"voiceSEIrank":179}},"instagram":{"non_scoped":{"SEI":0,"SEIadj":0,"SEIrank":64,"audienceSEI":0,"audienceSEIadj":0,"audienceSEIrank":64,"engagementSEI":0,"engagementSEIadj":0,"engagementSEIrank":62,"voiceSEI":0,"voiceSEIadj":0,"voiceSEIrank":62},"scoped":{"SEI":0,"SEIadj":0,"SEIrank":58,"audienceSEI":0,"audienceSEIadj":0,"audienceSEIrank":58,"engagementSEI":0,"engagementSEIadj":0,"engagementSEIrank":56,"voiceSEI":0,"voiceSEIadj":0,"voiceSEIrank":56}},"influence":{"instagram":{"scope":"individual","ratio":0,"calculated":false},"combined":{"ratio":0.09,"bottom":true,"scope":"individual","calculated":true},"facebook":{"ratio":0.14,"bottom":true,"scope":"individual","calculated":true},"twitter":{"ratio":0.04,"bottom":false,"scope":"individual","calculated":true}},"charisma":{"instagram":{"scope":"individual","ratio":0,"calculated":false},"combined":{"ratio":0.1,"bottom":true,"scope":"individual","calculated":true},"facebook":{"ratio":0.02,"bottom":false,"scope":"individual","calculated":true},"twitter":{"ratio":0.05,"bottom":false,"scope":"individual","calculated":true}}},"scope":"individual"}}