{"scoreEntityString":"591d1494ab33fb0001804f89.asset.5582f61d01412cb93c595cc0","timeQuantum":4995834,"scoreEntityType":"asset","scoreProfileID":"591d1494ab33fb0001804f89","data":{"scoreEntityString":"591d1494ab33fb0001804f89.asset.5582f61d01412cb93c595cc0","scoreProfileID":"591d1494ab33fb0001804f89","scoreEntityType":"asset","entityID":"asset.5582f61d01412cb93c595cc0","object_version":"1.2","score_engine_version":"3.0.20","timestamp":4995834,"start_quantum":4969914,"end_quantum":4995833,"schedule_options":{"interval":15,"offset":"1"},"_15min":{"boundaryQuantum":4995831,"combined":{"entityString":"5582f61d01412cb93c595cc0","type":"combined","profiles":2,"postsMade":0,"repliesMade":0,"repliesRcvd":0,"sharesMade":0,"sharesRcvd":0,"mentionsRcvd":0,"likesRcvd":0,"reachRcvd":0,"audience":4471,"voice":0,"conversation":0,"engagement":0,"group_scoped":{"audienceScore":0.15080931408577883,"voiceScore":0,"engagementScore":0,"combinedScore":0.15080931408577883,"engagementSEI":0,"engagementSEIadj":0,"voiceSEI":0,"voiceSEIadj":0,"audienceSEI":0.232404374254731,"audienceSEIadj":0.232404374254731,"SEI":0.023240437425473104,"SEIadj":0.023240437425473104,"combinedScoreRank":205,"SEIrank":205,"engagementSEIrank":123,"voiceSEIrank":117,"audienceSEIrank":205},"non_scoped":{"SEI":0.017565502312077413,"SEIrank":179,"SEIadj":0,"audienceSEI":0.17565502312077413,"audienceSEIadj":0,"audienceSEIrank":179,"audienceScore":0.03236775913464351,"combinedScore":0.0016183879567321755,"combinedScoreRank":179,"engagementSEI":0,"engagementSEIadj":0,"engagementSEIrank":123,"engagementScore":0,"voiceSEI":0,"voiceSEIadj":0,"voiceSEIrank":117,"voiceScore":0},"scoped":{"SEI":0.22931968323006854,"SEIrank":163,"SEIadj":0,"audienceSEI":2.2931968323006853,"audienceSEIadj":0,"audienceSEIrank":163,"audienceScore":0.0929256576033494,"combinedScore":0.00464628288016747,"combinedScoreRank":163,"engagementSEI":0,"engagementSEIadj":0,"engagementSEIrank":110,"engagementScore":0,"voiceSEI":0,"voiceSEIadj":0,"voiceSEIrank":107,"voiceScore":0}},"facebook":{"entityString":"5582f61d01412cb93c595cc0","type":"facebook","profiles":0,"postsMade":0,"repliesMade":0,"repliesRcvd":0,"sharesMade":0,"sharesRcvd":0,"mentionsRcvd":0,"likesRcvd":0,"reachRcvd":0,"audience":0,"voice":0,"conversation":0,"engagement":0,"group_scoped":{"audienceScore":0,"voiceScore":0,"engagementScore":0,"combinedScore":0,"engagementSEI":0,"engagementSEIadj":0,"voiceSEI":0,"voiceSEIadj":0,"audienceSEI":0,"audienceSEIadj":0,"SEI":0,"SEIadj":0,"combinedScoreRank":220,"SEIrank":220,"engagementSEIrank":121,"voiceSEIrank":117,"audienceSEIrank":220},"non_scoped":{"SEI":0,"SEIrank":220,"SEIadj":0,"audienceSEI":0,"audienceSEIadj":0,"audienceSEIrank":220,"audienceScore":0,"combinedScore":0,"combinedScoreRank":220,"engagementSEI":0,"engagementSEIadj":0,"engagementSEIrank":121,"engagementScore":0,"voiceSEI":0,"voiceSEIadj":0,"voiceSEIrank":117,"voiceScore":0},"scoped":{"SEI":0,"SEIrank":202,"SEIadj":0,"audienceSEI":0,"audienceSEIadj":0,"audienceSEIrank":202,"audienceScore":0,"combinedScore":0,"combinedScoreRank":202,"engagementSEI":0,"engagementSEIadj":0,"engagementSEIrank":108,"engagementScore":0,"voiceSEI":0,"voiceSEIadj":0,"voiceSEIrank":107,"voiceScore":0}},"twitter":{"entityString":"5582f61d01412cb93c595cc0","type":"twitter","profiles":1,"postsMade":0,"repliesMade":0,"repliesRcvd":0,"sharesMade":0,"sharesRcvd":0,"mentionsRcvd":0,"likesRcvd":0,"reachRcvd":0,"audience":3555,"voice":0,"conversation":0,"engagement":0,"group_scoped":{"audienceScore":0.6208641800663303,"voiceScore":0,"engagementScore":0,"combinedScore":0.6208641800663303,"engagementSEI":0,"engagementSEIadj":0,"voiceSEI":0,"voiceSEIadj":0,"audienceSEI":3.7070637552399424,"audienceSEIadj":3.7070637552399424,"SEI":0.37070637552399427,"SEIadj":0.37070637552399427,"combinedScoreRank":181,"SEIrank":118,"engagementSEIrank":118,"voiceSEIrank":117,"audienceSEIrank":117},"non_scoped":{"SEI":0.06278955167730232,"SEIrank":163,"SEIadj":0,"audienceSEI":0.6278955167730232,"audienceSEIadj":0,"audienceSEIrank":163,"audienceScore":0.10193150890746626,"combinedScore":0.005096575445373314,"combinedScoreRank":163,"engagementSEI":0,"engagementSEIadj":0,"engagementSEIrank":118,"engagementScore":0,"voiceSEI":0,"voiceSEIadj":0,"voiceSEIrank":117,"voiceScore":0},"scoped":{"SEI":0.3050245392456327,"SEIrank":147,"SEIadj":0,"audienceSEI":3.050245392456327,"audienceSEIadj":0,"audienceSEIrank":147,"audienceScore":0.16146217969854942,"combinedScore":0.023066025671221346,"combinedScoreRank":147,"engagementSEI":0,"engagementSEIadj":0,"engagementSEIrank":108,"engagementScore":0,"voiceSEI":0,"voiceSEIadj":0,"voiceSEIrank":107,"voiceScore":0}},"instagram":{"entityString":"5582f61d01412cb93c595cc0","type":"instagram","profiles":1,"postsMade":0,"repliesMade":0,"repliesRcvd":0,"sharesMade":0,"sharesRcvd":0,"mentionsRcvd":0,"likesRcvd":0,"reachRcvd":0,"audience":916,"voice":0,"conversation":0,"engagement":0,"group_scoped":{"audienceScore":0.3020520413244125,"voiceScore":0,"engagementScore":0,"combinedScore":0.3020520413244125,"engagementSEI":0,"engagementSEIadj":0,"voiceSEI":0,"voiceSEIadj":0,"audienceSEI":1.0659095140569725,"audienceSEIadj":1.0659095140569725,"SEI":0.10659095140569726,"SEIadj":0.10659095140569726,"combinedScoreRank":60,"SEIrank":23,"engagementSEIrank":119,"voiceSEIrank":117,"audienceSEIrank":23},"non_scoped":{"SEI":0.0749492701446619,"SEIrank":23,"SEIadj":0,"audienceSEI":0.7494927014466191,"audienceSEIadj":0,"audienceSEIrank":23,"audienceScore":0.15549195549806652,"combinedScore":0.022213136499723788,"combinedScoreRank":23,"engagementSEI":0,"engagementSEIadj":0,"engagementSEIrank":119,"engagementScore":0,"voiceSEI":0,"voiceSEIadj":0,"voiceSEIrank":117,"voiceScore":0},"scoped":{"SEI":0.10659095140569726,"SEIrank":18,"SEIadj":0,"audienceSEI":1.0659095140569725,"audienceSEIadj":0,"audienceSEIrank":18,"audienceScore":0.3907016421411815,"combinedScore":0.055814520305883075,"combinedScoreRank":18,"engagementSEI":0,"engagementSEIadj":0,"engagementSEIrank":108,"engagementScore":0,"voiceSEI":0,"voiceSEIadj":0,"voiceSEIrank":107,"voiceScore":0}}},"hour":{"boundaryQuantum":4995822,"combined":{"entityString":"5582f61d01412cb93c595cc0","type":"combined","profiles":2,"postsMade":0,"repliesMade":0,"repliesRcvd":0,"sharesMade":0,"sharesRcvd":0,"mentionsRcvd":0,"likesRcvd":0,"reachRcvd":0,"audience":4471,"voice":0,"conversation":0,"engagement":0,"group_scoped":{"audienceScore":0.15080931408577883,"voiceScore":0,"engagementScore":0,"combinedScore":0.15080931408577883,"combinedScoreRank":202,"SEIrank":206,"engagementSEIrank":148,"voiceSEIrank":125,"audienceSEIrank":205,"engagementSEI":0,"engagementSEIadj":0,"voiceSEI":0,"voiceSEIadj":0,"audienceSEI":0.232404374254731,"audienceSEIadj":0.232404374254731,"SEI":0.023240437425473104,"SEIadj":0.023240437425473104},"non_scoped":{"SEI":0.017565502312077413,"SEIrank":180,"SEIadj":0,"audienceSEI":0.17565502312077413,"audienceSEIadj":0,"audienceSEIrank":179,"audienceScore":0.03236775913464351,"combinedScore":0.0016183879567321755,"combinedScoreRank":180,"engagementSEI":0,"engagementSEIadj":0,"engagementSEIrank":148,"engagementScore":0,"voiceSEI":0,"voiceSEIadj":0,"voiceSEIrank":125,"voiceScore":0},"scoped":{"SEI":0.22931968323006854,"SEIrank":164,"SEIadj":0,"audienceSEI":2.2931968323006853,"audienceSEIadj":0,"audienceSEIrank":163,"audienceScore":0.0929256576033494,"combinedScore":0.00464628288016747,"combinedScoreRank":164,"engagementSEI":0,"engagementSEIadj":0,"engagementSEIrank":134,"engagementScore":0,"voiceSEI":0,"voiceSEIadj":0,"voiceSEIrank":112,"voiceScore":0}},"facebook":{"entityString":"5582f61d01412cb93c595cc0","type":"facebook","profiles":0,"postsMade":0,"repliesMade":0,"repliesRcvd":0,"sharesMade":0,"sharesRcvd":0,"mentionsRcvd":0,"likesRcvd":0,"reachRcvd":0,"audience":0,"voice":0,"conversation":0,"engagement":0,"group_scoped":{"audienceScore":0,"voiceScore":0,"engagementScore":0,"combinedScore":0,"combinedScoreRank":220,"SEIrank":220,"engagementSEIrank":140,"voiceSEIrank":122,"audienceSEIrank":220,"engagementSEI":0,"engagementSEIadj":0,"voiceSEI":0,"voiceSEIadj":0,"audienceSEI":0,"audienceSEIadj":0,"SEI":0,"SEIadj":0},"non_scoped":{"SEI":0,"SEIrank":220,"SEIadj":0,"audienceSEI":0,"audienceSEIadj":0,"audienceSEIrank":220,"audienceScore":0,"combinedScore":0,"combinedScoreRank":220,"engagementSEI":0,"engagementSEIadj":0,"engagementSEIrank":140,"engagementScore":0,"voiceSEI":0,"voiceSEIadj":0,"voiceSEIrank":122,"voiceScore":0},"scoped":{"SEI":0,"SEIrank":202,"SEIadj":0,"audienceSEI":0,"audienceSEIadj":0,"audienceSEIrank":202,"audienceScore":0,"combinedScore":0,"combinedScoreRank":202,"engagementSEI":0,"engagementSEIadj":0,"engagementSEIrank":126,"engagementScore":0,"voiceSEI":0,"voiceSEIadj":0,"voiceSEIrank":109,"voiceScore":0}},"twitter":{"entityString":"5582f61d01412cb93c595cc0","type":"twitter","profiles":1,"postsMade":0,"repliesMade":0,"repliesRcvd":0,"sharesMade":0,"sharesRcvd":0,"mentionsRcvd":0,"likesRcvd":0,"reachRcvd":0,"audience":3555,"voice":0,"conversation":0,"engagement":0,"group_scoped":{"audienceScore":0.6208641800663303,"voiceScore":0,"engagementScore":0,"combinedScore":0.6208641800663303,"combinedScoreRank":187,"SEIrank":132,"engagementSEIrank":129,"voiceSEIrank":124,"audienceSEIrank":117,"engagementSEI":0,"engagementSEIadj":0,"voiceSEI":0,"voiceSEIadj":0,"audienceSEI":3.7070637552399424,"audienceSEIadj":3.7070637552399424,"SEI":0.37070637552399427,"SEIadj":0.37070637552399427},"non_scoped":{"SEI":0.06278955167730232,"SEIrank":168,"SEIadj":0,"audienceSEI":0.6278955167730232,"audienceSEIadj":0,"audienceSEIrank":163,"audienceScore":0.10193150890746626,"combinedScore":0.005096575445373314,"combinedScoreRank":168,"engagementSEI":0,"engagementSEIadj":0,"engagementSEIrank":129,"engagementScore":0,"voiceSEI":0,"voiceSEIadj":0,"voiceSEIrank":124,"voiceScore":0},"scoped":{"SEI":0.3050245392456327,"SEIrank":152,"SEIadj":0,"audienceSEI":3.050245392456327,"audienceSEIadj":0,"audienceSEIrank":147,"audienceScore":0.16146217969854942,"combinedScore":0.008073108984927472,"combinedScoreRank":152,"engagementSEI":0,"engagementSEIadj":0,"engagementSEIrank":115,"engagementScore":0,"voiceSEI":0,"voiceSEIadj":0,"voiceSEIrank":111,"voiceScore":0}},"instagram":{"entityString":"5582f61d01412cb93c595cc0","type":"instagram","profiles":1,"postsMade":0,"repliesMade":0,"repliesRcvd":0,"sharesMade":0,"sharesRcvd":0,"mentionsRcvd":0,"likesRcvd":0,"reachRcvd":0,"audience":916,"voice":0,"conversation":0,"engagement":0,"group_scoped":{"audienceScore":0.3020520413244125,"voiceScore":0,"engagementScore":0,"combinedScore":0.3020520413244125,"combinedScoreRank":60,"SEIrank":23,"engagementSEIrank":121,"voiceSEIrank":118,"audienceSEIrank":23,"engagementSEI":0,"engagementSEIadj":0,"voiceSEI":0,"voiceSEIadj":0,"audienceSEI":1.0659095140569725,"audienceSEIadj":1.0659095140569725,"SEI":0.10659095140569726,"SEIadj":0.10659095140569726},"non_scoped":{"SEI":0.0749492701446619,"SEIrank":23,"SEIadj":0,"audienceSEI":0.7494927014466191,"audienceSEIadj":0,"audienceSEIrank":23,"audienceScore":0.15549195549806652,"combinedScore":0.007774597774903327,"combinedScoreRank":23,"engagementSEI":0,"engagementSEIadj":0,"engagementSEIrank":121,"engagementScore":0,"voiceSEI":0,"voiceSEIadj":0,"voiceSEIrank":118,"voiceScore":0},"scoped":{"SEI":0.10659095140569726,"SEIrank":18,"SEIadj":0,"audienceSEI":1.0659095140569725,"audienceSEIadj":0,"audienceSEIrank":18,"audienceScore":0.3907016421411815,"combinedScore":0.055814520305883075,"combinedScoreRank":18,"engagementSEI":0,"engagementSEIadj":0,"engagementSEIrank":109,"engagementScore":0,"voiceSEI":0,"voiceSEIadj":0,"voiceSEIrank":107,"voiceScore":0}}},"today":{"boundaryQuantum":4995546,"combined":{"entityString":"5582f61d01412cb93c595cc0","type":"combined","profiles":2,"postsMade":4,"repliesMade":0,"repliesRcvd":1,"sharesMade":0,"sharesRcvd":2,"mentionsRcvd":0,"likesRcvd":55,"reachRcvd":0,"audience":4471,"voice":4,"conversation":5,"engagement":58,"group_scoped":{"audienceScore":0.15080931408577883,"voiceScore":1.5873015873015872,"engagementScore":0.05609013103815096,"combinedScore":0.13738666300370417,"combinedScoreRank":162,"SEIrank":87,"engagementSEIrank":107,"voiceSEIrank":70,"audienceSEIrank":205,"engagementSEI":0.05894189142497104,"engagementSEIadj":0.05894189142497104,"voiceSEI":3.149606299212598,"voiceSEIadj":3.149606299212598,"audienceSEI":0.232404374254731,"audienceSEIadj":0.232404374254731,"SEI":1.0034874620442351,"SEIadj":1.0034874620442351},"non_scoped":{"SEI":0.8748484453862381,"SEIrank":67,"SEIadj":0,"audienceSEI":0.17565502312077413,"audienceSEIadj":0,"audienceSEIrank":179,"audienceScore":0.03236775913464351,"combinedScore":0.034997872000018984,"combinedScoreRank":81,"engagementSEI":0.05894189142497104,"engagementSEIadj":0,"engagementSEIrank":67,"engagementScore":0.021580833243413197,"voiceSEI":2.73972602739726,"voiceSEIadj":0,"voiceSEIrank":55,"voiceScore":0.2791346824842987},"scoped":{"SEI":6.510175737173193,"SEIrank":68,"SEIadj":0,"audienceSEI":2.2931968323006853,"audienceSEIadj":0,"audienceSEIrank":163,"audienceScore":0.0929256576033494,"combinedScore":0.25329611861830603,"combinedScoreRank":64,"engagementSEI":3.0606860158311346,"engagementSEIadj":0,"engagementSEIrank":58,"engagementScore":0.2399073461283918,"voiceSEI":14.814814814814813,"voiceSEIadj":0,"voiceSEIrank":45,"voiceScore":0.6546644844517185}},"facebook":{"entityString":"5582f61d01412cb93c595cc0","type":"facebook","profiles":0,"postsMade":0,"repliesMade":0,"repliesRcvd":0,"sharesMade":0,"sharesRcvd":0,"mentionsRcvd":0,"likesRcvd":0,"reachRcvd":0,"audience":0,"voice":0,"conversation":0,"engagement":0,"group_scoped":{"audienceScore":0,"voiceScore":0,"engagementScore":0,"combinedScore":0,"combinedScoreRank":220,"SEIrank":220,"engagementSEIrank":171,"voiceSEIrank":157,"audienceSEIrank":220,"engagementSEI":0,"engagementSEIadj":0,"voiceSEI":0,"voiceSEIadj":0,"audienceSEI":0,"audienceSEIadj":0,"SEI":0,"SEIadj":0},"non_scoped":{"SEI":0,"SEIrank":220,"SEIadj":0,"audienceSEI":0,"audienceSEIadj":0,"audienceSEIrank":220,"audienceScore":0,"combinedScore":0,"combinedScoreRank":220,"engagementSEI":0,"engagementSEIadj":0,"engagementSEIrank":171,"engagementScore":0,"voiceSEI":0,"voiceSEIadj":0,"voiceSEIrank":157,"voiceScore":0},"scoped":{"SEI":0,"SEIrank":202,"SEIadj":0,"audienceSEI":0,"audienceSEIadj":0,"audienceSEIrank":202,"audienceScore":0,"combinedScore":0,"combinedScoreRank":202,"engagementSEI":0,"engagementSEIadj":0,"engagementSEIrank":157,"engagementScore":0,"voiceSEI":0,"voiceSEIadj":0,"voiceSEIrank":143,"voiceScore":0}},"twitter":{"entityString":"5582f61d01412cb93c595cc0","type":"twitter","profiles":1,"postsMade":4,"repliesMade":0,"repliesRcvd":0,"sharesMade":0,"sharesRcvd":2,"mentionsRcvd":0,"likesRcvd":10,"reachRcvd":0,"audience":3555,"voice":4,"conversation":4,"engagement":12,"group_scoped":{"audienceScore":0.6208641800663303,"voiceScore":2.73972602739726,"engagementScore":0.9836065573770493,"combinedScore":1.0532754120125238,"combinedScoreRank":112,"SEIrank":57,"engagementSEIrank":64,"voiceSEIrank":31,"audienceSEIrank":117,"engagementSEI":3.361344537815126,"engagementSEIadj":3.361344537815126,"voiceSEI":10,"voiceSEIadj":10,"audienceSEI":3.7070637552399424,"audienceSEIadj":3.7070637552399424,"SEI":5.38751309821307,"SEIadj":5.38751309821307},"non_scoped":{"SEI":1.760788471192066,"SEIrank":61,"SEIadj":0,"audienceSEI":0.6278955167730232,"audienceSEIadj":0,"audienceSEIrank":163,"audienceScore":0.10193150890746626,"combinedScore":0.15323699642169447,"combinedScoreRank":77,"engagementSEI":0.582807187955318,"engagementSEIadj":0,"engagementSEIrank":74,"engagementScore":0.13940520446096655,"voiceSEI":4.49438202247191,"voiceSEIadj":0,"voiceSEIrank":45,"voiceScore":0.45351473922902497},"scoped":{"SEI":8.07560733295516,"SEIrank":56,"SEIadj":0,"audienceSEI":3.050245392456327,"audienceSEIadj":0,"audienceSEIrank":147,"audienceScore":0.16146217969854942,"combinedScore":0.3209020139140029,"combinedScoreRank":66,"engagementSEI":4.25531914893617,"engagementSEIadj":0,"engagementSEIrank":64,"engagementScore":0.2967359050445104,"voiceSEI":17.391304347826086,"voiceSEIadj":0,"voiceSEIrank":36,"voiceScore":0.9153318077803204}},"instagram":{"entityString":"5582f61d01412cb93c595cc0","type":"instagram","profiles":1,"postsMade":0,"repliesMade":0,"repliesRcvd":1,"sharesMade":0,"sharesRcvd":0,"mentionsRcvd":0,"likesRcvd":45,"reachRcvd":0,"audience":916,"voice":0,"conversation":1,"engagement":46,"group_scoped":{"audienceScore":0.3020520413244125,"voiceScore":0,"engagementScore":0.30365040596739057,"combinedScore":0.30342206816125084,"combinedScoreRank":60,"SEIrank":22,"engagementSEIrank":16,"voiceSEIrank":124,"audienceSEIrank":23,"engagementSEI":0.3544186763232915,"engagementSEIadj":0.3544186763232915,"voiceSEI":0,"voiceSEIadj":0,"audienceSEI":1.0659095140569725,"audienceSEIadj":1.0659095140569725,"SEI":0.31924215719967214,"SEIadj":0.31924215719967214},"non_scoped":{"SEI":0.2876004759386368,"SEIrank":21,"SEIadj":0,"audienceSEI":0.7494927014466191,"audienceSEIadj":0,"audienceSEIrank":23,"audienceScore":0.15549195549806652,"combinedScore":0.14778136138667203,"combinedScoreRank":16,"engagementSEI":0.3544186763232915,"engagementSEIadj":0,"engagementSEIrank":16,"engagementScore":0.15556307067974298,"voiceSEI":0,"voiceSEIadj":0,"voiceSEIrank":124,"voiceScore":0},"scoped":{"SEI":4.991546703618086,"SEIrank":11,"SEIadj":0,"audienceSEI":1.0659095140569725,"audienceSEIadj":0,"audienceSEIrank":18,"audienceScore":0.3907016421411815,"combinedScore":1.9273691834895472,"combinedScoreRank":11,"engagementSEI":8.141592920353983,"engagementSEIadj":0,"engagementSEIrank":11,"engagementScore":2.1198156682027647,"voiceSEI":0,"voiceSEIadj":0,"voiceSEIrank":112,"voiceScore":0}}},"week":{"boundaryQuantum":4993818,"combined":{"entityString":"5582f61d01412cb93c595cc0","type":"combined","profiles":2,"postsMade":15,"repliesMade":0,"repliesRcvd":4,"sharesMade":0,"sharesRcvd":30,"mentionsRcvd":0,"likesRcvd":221,"reachRcvd":0,"audience":4471,"voice":15,"conversation":19,"engagement":255,"group_scoped":{"audienceScore":0.15080931408577883,"voiceScore":1.0482180293501049,"engagementScore":0.02939562593086149,"combinedScore":0.08640743050956953,"combinedScoreRank":177,"SEIrank":114,"engagementSEIrank":152,"voiceSEIrank":88,"audienceSEIrank":205,"engagementSEI":0.03215016522663345,"engagementSEIadj":0.03215016522663345,"voiceSEI":2.4311183144246353,"voiceSEIadj":2.4311183144246353,"audienceSEI":0.232404374254731,"audienceSEIadj":0.232404374254731,"SEI":0.7718660308888438,"SEIadj":0.7718660308888438},"non_scoped":{"SEI":0.5757777571366802,"SEIrank":100,"SEIadj":0,"audienceSEI":0.17565502312077413,"audienceSEIadj":0,"audienceSEIrank":179,"audienceScore":0.03236775913464351,"combinedScore":0.022752247536773552,"combinedScoreRank":111,"engagementSEI":0.03215016522663345,"engagementSEIadj":0,"engagementSEIrank":99,"engagementScore":0.013484065800125957,"voiceSEI":1.7964071856287425,"voiceSEIadj":0,"voiceSEIrank":91,"voiceScore":0.1799640071985603},"scoped":{"SEI":2.718034990328253,"SEIrank":109,"SEIadj":0,"audienceSEI":2.2931968323006853,"audienceSEIadj":0,"audienceSEIrank":163,"audienceScore":0.0929256576033494,"combinedScore":0.13865186098042206,"combinedScoreRank":94,"engagementSEI":0.8727496748579642,"engagementSEIadj":0,"engagementSEIrank":88,"engagementScore":0.12773375276756463,"voiceSEI":6.550218340611353,"voiceSEIadj":0,"voiceSEIrank":80,"voiceScore":0.3809040121889284}},"facebook":{"entityString":"5582f61d01412cb93c595cc0","type":"facebook","profiles":0,"postsMade":0,"repliesMade":0,"repliesRcvd":0,"sharesMade":0,"sharesRcvd":0,"mentionsRcvd":0,"likesRcvd":0,"reachRcvd":0,"audience":0,"voice":0,"conversation":0,"engagement":0,"group_scoped":{"audienceScore":0,"voiceScore":0,"engagementScore":0,"combinedScore":0,"combinedScoreRank":220,"SEIrank":220,"engagementSEIrank":192,"voiceSEIrank":181,"audienceSEIrank":220,"engagementSEI":0,"engagementSEIadj":0,"voiceSEI":0,"voiceSEIadj":0,"audienceSEI":0,"audienceSEIadj":0,"SEI":0,"SEIadj":0},"non_scoped":{"SEI":0,"SEIrank":220,"SEIadj":0,"audienceSEI":0,"audienceSEIadj":0,"audienceSEIrank":220,"audienceScore":0,"combinedScore":0,"combinedScoreRank":220,"engagementSEI":0,"engagementSEIadj":0,"engagementSEIrank":192,"engagementScore":0,"voiceSEI":0,"voiceSEIadj":0,"voiceSEIrank":181,"voiceScore":0},"scoped":{"SEI":0,"SEIrank":202,"SEIadj":0,"audienceSEI":0,"audienceSEIadj":0,"audienceSEIrank":202,"audienceScore":0,"combinedScore":0,"combinedScoreRank":202,"engagementSEI":0,"engagementSEIadj":0,"engagementSEIrank":178,"engagementScore":0,"voiceSEI":0,"voiceSEIadj":0,"voiceSEIrank":167,"voiceScore":0}},"twitter":{"entityString":"5582f61d01412cb93c595cc0","type":"twitter","profiles":1,"postsMade":14,"repliesMade":0,"repliesRcvd":0,"sharesMade":0,"sharesRcvd":30,"mentionsRcvd":0,"likesRcvd":64,"reachRcvd":0,"audience":3555,"voice":14,"conversation":14,"engagement":94,"group_scoped":{"audienceScore":0.6208641800663303,"voiceScore":1.78343949044586,"engagementScore":1.1460619361131432,"combinedScore":1.1516709260274385,"combinedScoreRank":109,"SEIrank":64,"engagementSEIrank":63,"voiceSEIrank":43,"audienceSEIrank":117,"engagementSEI":6.482758620689655,"engagementSEIadj":6.482758620689655,"voiceSEI":9.210526315789473,"voiceSEIadj":9.210526315789473,"audienceSEI":3.7070637552399424,"audienceSEIadj":3.7070637552399424,"SEI":7.023519442674629,"SEIadj":7.023519442674629},"non_scoped":{"SEI":1.3786780296223515,"SEIrank":88,"SEIadj":0,"audienceSEI":0.6278955167730232,"audienceSEIadj":0,"audienceSEIrank":163,"audienceScore":0.10193150890746626,"combinedScore":0.155186690812747,"combinedScoreRank":90,"engagementSEI":0.7163542142966012,"engagementSEIadj":0,"engagementSEIrank":88,"engagementScore":0.15151026723832242,"voiceSEI":2.9535864978902953,"voiceSEIadj":0,"voiceSEIrank":71,"voiceScore":0.2746174970576697},"scoped":{"SEI":5.3207588049798975,"SEIrank":80,"SEIadj":0,"audienceSEI":3.050245392456327,"audienceSEIadj":0,"audienceSEIrank":147,"audienceScore":0.16146217969854942,"combinedScore":0.2783924346403134,"combinedScoreRank":79,"engagementSEI":4.382284382284382,"engagementSEIadj":0,"engagementSEIrank":78,"engagementScore":0.2728909017012135,"voiceSEI":7.954545454545454,"voiceSEIadj":0,"voiceSEIrank":60,"voiceScore":0.49435028248587576}},"instagram":{"entityString":"5582f61d01412cb93c595cc0","type":"instagram","profiles":1,"postsMade":1,"repliesMade":0,"repliesRcvd":4,"sharesMade":0,"sharesRcvd":0,"mentionsRcvd":0,"likesRcvd":157,"reachRcvd":0,"audience":916,"voice":1,"conversation":5,"engagement":161,"group_scoped":{"audienceScore":0.3020520413244125,"voiceScore":0.4716981132075472,"engagementScore":0.12972676803081212,"combinedScore":0.1554415989543289,"combinedScoreRank":62,"SEIrank":23,"engagementSEIrank":20,"voiceSEIrank":23,"audienceSEIrank":23,"engagementSEI":0.22535447839536413,"engagementSEIadj":0.22535447839536413,"voiceSEI":0.7936507936507936,"voiceSEIadj":0.7936507936507936,"audienceSEI":1.0659095140569725,"audienceSEIadj":1.0659095140569725,"SEI":0.4798988765381538,"SEIadj":0.4798988765381538},"non_scoped":{"SEI":0.4482571952771185,"SEIrank":23,"SEIadj":0,"audienceSEI":0.7494927014466191,"audienceSEIadj":0,"audienceSEIrank":23,"audienceScore":0.15549195549806652,"combinedScore":0.0881789806098824,"combinedScoreRank":23,"engagementSEI":0.22535447839536413,"engagementSEIadj":0,"engagementSEIrank":20,"engagementScore":0.0716453510622202,"voiceSEI":0.7936507936507936,"voiceSEIadj":0,"voiceSEIrank":23,"voiceScore":0.3184713375796179},"scoped":{"SEI":2.1149505189248274,"SEIrank":17,"SEIadj":0,"audienceSEI":1.0659095140569725,"audienceSEIadj":0,"audienceSEIrank":18,"audienceScore":0.3907016421411815,"combinedScore":0.35281513043449875,"combinedScoreRank":17,"engagementSEI":0.5694881680874394,"engagementSEIadj":0,"engagementSEIrank":15,"engagementScore":0.30571168160413187,"voiceSEI":5.555555555555555,"voiceSEIadj":0,"voiceSEIrank":18,"voiceScore":1.1627906976744187}}},"month":{"boundaryQuantum":4987194,"combined":{"entityString":"5582f61d01412cb93c595cc0","type":"combined","profiles":2,"postsMade":28,"repliesMade":0,"repliesRcvd":18,"sharesMade":0,"sharesRcvd":94,"mentionsRcvd":0,"likesRcvd":738,"reachRcvd":0,"audience":4471,"voice":28,"conversation":46,"engagement":850,"group_scoped":{"audienceScore":0.15080931408577883,"voiceScore":0.44472681067344344,"engagementScore":0.02157006744579442,"combinedScore":0.0491898669391761,"combinedScoreRank":198,"SEIrank":172,"engagementSEIrank":172,"voiceSEIrank":145,"audienceSEIrank":205,"engagementSEI":0.023339593836150557,"engagementSEIadj":0.023339593836150557,"voiceSEI":1.059001512859304,"voiceSEIadj":1.059001512859304,"audienceSEI":0.232404374254731,"audienceSEIadj":0.232404374254731,"SEI":0.3549446475849546,"SEIadj":0.3549446475849546},"non_scoped":{"SEI":0.2599542504571609,"SEIrank":158,"SEIadj":0,"audienceSEI":0.17565502312077413,"audienceSEIadj":0,"audienceSEIrank":179,"audienceScore":0.03236775913464351,"combinedScore":0.01407933899629616,"combinedScoreRank":135,"engagementSEI":0.023339593836150557,"engagementSEIadj":0,"engagementSEIrank":110,"engagementScore":0.009764177873453957,"voiceSEI":0.7612833061446439,"voiceSEIadj":0,"voiceSEIrank":147,"voiceScore":0.07346381906910847},"scoped":{"SEI":1.52358099928849,"SEIrank":143,"SEIadj":0,"audienceSEI":2.2931968323006853,"audienceSEIadj":0,"audienceSEIrank":163,"audienceScore":0.0929256576033494,"combinedScore":0.10240119759027623,"combinedScoreRank":108,"engagementSEI":0.7018007381292469,"engagementSEIadj":0,"engagementSEIrank":99,"engagementScore":0.10002424116903624,"voiceSEI":2.9106029106029108,"voiceSEIadj":0,"voiceSEIrank":135,"voiceScore":0.15466195315952277}},"facebook":{"entityString":"5582f61d01412cb93c595cc0","type":"facebook","profiles":0,"postsMade":0,"repliesMade":0,"repliesRcvd":0,"sharesMade":0,"sharesRcvd":0,"mentionsRcvd":0,"likesRcvd":0,"reachRcvd":0,"audience":0,"voice":0,"conversation":0,"engagement":0,"group_scoped":{"audienceScore":0,"voiceScore":0,"engagementScore":0,"combinedScore":0,"combinedScoreRank":220,"SEIrank":220,"engagementSEIrank":198,"voiceSEIrank":194,"audienceSEIrank":220,"engagementSEI":0,"engagementSEIadj":0,"voiceSEI":0,"voiceSEIadj":0,"audienceSEI":0,"audienceSEIadj":0,"SEI":0,"SEIadj":0},"non_scoped":{"SEI":0,"SEIrank":220,"SEIadj":0,"audienceSEI":0,"audienceSEIadj":0,"audienceSEIrank":220,"audienceScore":0,"combinedScore":0,"combinedScoreRank":220,"engagementSEI":0,"engagementSEIadj":0,"engagementSEIrank":198,"engagementScore":0,"voiceSEI":0,"voiceSEIadj":0,"voiceSEIrank":194,"voiceScore":0},"scoped":{"SEI":0,"SEIrank":202,"SEIadj":0,"audienceSEI":0,"audienceSEIadj":0,"audienceSEIrank":202,"audienceScore":0,"combinedScore":0,"combinedScoreRank":202,"engagementSEI":0,"engagementSEIadj":0,"engagementSEIrank":183,"engagementScore":0,"voiceSEI":0,"voiceSEIadj":0,"voiceSEIrank":180,"voiceScore":0}},"twitter":{"entityString":"5582f61d01412cb93c595cc0","type":"twitter","profiles":1,"postsMade":25,"repliesMade":0,"repliesRcvd":0,"sharesMade":0,"sharesRcvd":94,"mentionsRcvd":0,"likesRcvd":167,"reachRcvd":0,"audience":3555,"voice":25,"conversation":25,"engagement":261,"group_scoped":{"audienceScore":0.6208641800663303,"voiceScore":0.6993006993006993,"engagementScore":0.795077223017638,"combinedScore":0.7815777446842257,"combinedScoreRank":115,"SEIrank":94,"engagementSEIrank":84,"voiceSEIrank":81,"audienceSEIrank":117,"engagementSEI":3.6869614352309648,"engagementSEIadj":3.6869614352309648,"voiceSEI":3.7147102526002973,"voiceSEIadj":3.7147102526002973,"audienceSEI":3.7070637552399424,"audienceSEIadj":3.7070637552399424,"SEI":3.697296312442662,"SEIadj":3.697296312442662},"non_scoped":{"SEI":0.6707009942356394,"SEIrank":132,"SEIadj":0,"audienceSEI":0.6278955167730232,"audienceSEIadj":0,"audienceSEIrank":163,"audienceScore":0.10193150890746626,"combinedScore":0.09664831110591007,"combinedScoreRank":110,"engagementSEI":0.41652702638004496,"engagementSEIadj":0,"engagementSEIrank":106,"engagementScore":0.095846997344928,"voiceSEI":1.1933174224343674,"voiceSEIadj":0,"voiceSEIrank":134,"voiceScore":0.10578876100203113},"scoped":{"SEI":2.773840300238405,"SEIrank":117,"SEIadj":0,"audienceSEI":3.050245392456327,"audienceSEIadj":0,"audienceSEIrank":147,"audienceScore":0.16146217969854942,"combinedScore":0.18294142552982232,"combinedScoreRank":98,"engagementSEI":2.289875416739779,"engagementSEIadj":0,"engagementSEIrank":94,"engagementScore":0.18370320319263497,"voiceSEI":3.64963503649635,"voiceSEIadj":0,"voiceSEIrank":122,"voiceScore":0.19070867343046763}},"instagram":{"entityString":"5582f61d01412cb93c595cc0","type":"instagram","profiles":1,"postsMade":3,"repliesMade":0,"repliesRcvd":18,"sharesMade":0,"sharesRcvd":0,"mentionsRcvd":0,"likesRcvd":571,"reachRcvd":0,"audience":916,"voice":3,"conversation":21,"engagement":589,"group_scoped":{"audienceScore":0.3020520413244125,"voiceScore":0.38510911424903727,"engagementScore":0.12550099186267763,"combinedScore":0.14730895045508235,"combinedScoreRank":62,"SEIrank":24,"engagementSEIrank":22,"voiceSEIrank":24,"audienceSEIrank":23,"engagementSEI":0.2106799346141052,"engagementSEIadj":0.2106799346141052,"voiceSEI":0.6578947368421052,"voiceSEIadj":0.6578947368421052,"audienceSEI":1.0659095140569725,"audienceSEIadj":1.0659095140569725,"SEI":0.43036733322679194,"SEIadj":0.43036733322679194},"non_scoped":{"SEI":0.39772578204186404,"SEIrank":23,"SEIadj":0,"audienceSEI":0.7494927014466191,"audienceSEIadj":0,"audienceSEIrank":23,"audienceScore":0.15549195549806652,"combinedScore":0.08016371726303954,"combinedScoreRank":23,"engagementSEI":0.20901348474095102,"engagementSEIadj":0,"engagementSEIrank":22,"engagementScore":0.06650865685259356,"voiceSEI":0.6578947368421052,"voiceSEIadj":0,"voiceSEIrank":24,"voiceScore":0.2506265664160401},"scoped":{"SEI":1.7702986392957036,"SEIrank":19,"SEIadj":0,"audienceSEI":1.0659095140569725,"audienceSEIadj":0,"audienceSEIrank":18,"audienceScore":0.3907016421411815,"combinedScore":0.34534524413979195,"combinedScoreRank":18,"engagementSEI":0.5001188737560711,"engagementSEIadj":0,"engagementSEIrank":17,"engagementScore":0.31041170394417855,"voiceSEI":4.545454545454546,"voiceSEIadj":0,"voiceSEIrank":19,"voiceScore":0.9287925696594427}}},"quarter":{"boundaryQuantum":4969914,"combined":{"entityString":"5582f61d01412cb93c595cc0","type":"combined","profiles":2,"postsMade":77,"repliesMade":0,"repliesRcvd":18,"sharesMade":0,"sharesRcvd":166,"mentionsRcvd":0,"likesRcvd":934,"reachRcvd":0,"audience":4471,"voice":77,"conversation":95,"engagement":1118,"group_scoped":{"audienceScore":0.15080931408577883,"voiceScore":0.43277877697841727,"engagementScore":0.009105925204353903,"combinedScore":0.03737473723712832,"combinedScoreRank":207,"SEIrank":172,"engagementSEIrank":195,"voiceSEIrank":157,"audienceSEIrank":205,"engagementSEI":0.009815999183112198,"engagementSEIadj":0.009815999183112198,"voiceSEI":0.9953464322647363,"voiceSEIadj":0.9953464322647363,"audienceSEI":0.232404374254731,"audienceSEIadj":0.232404374254731,"SEI":0.32773396661476134,"SEIadj":0.32773396661476134},"non_scoped":{"SEI":0.23924211723530295,"SEIrank":166,"SEIadj":0,"audienceSEI":0.17565502312077413,"audienceSEIadj":0,"audienceSEIrank":179,"audienceScore":0.03236775913464351,"combinedScore":0.008709552069963485,"combinedScoreRank":165,"engagementSEI":0.009815999183112198,"engagementSEIadj":0,"engagementSEIrank":142,"engagementScore":0.004041432272029601,"voiceSEI":0.7192900513778608,"voiceSEIadj":0,"voiceSEIrank":158,"voiceScore":0.06907750136809337},"scoped":{"SEI":1.2560753153988016,"SEIrank":159,"SEIadj":0,"audienceSEI":2.2931968323006853,"audienceSEIadj":0,"audienceSEIrank":163,"audienceScore":0.0929256576033494,"combinedScore":0.04901807538525974,"combinedScoreRank":141,"engagementSEI":0.2921661322482942,"engagementSEIadj":0,"engagementSEIrank":131,"engagementScore":0.04117211638672328,"voiceSEI":2.838186509399189,"voiceSEIadj":0,"voiceSEIrank":147,"voiceScore":0.14633775514082634}},"facebook":{"entityString":"5582f61d01412cb93c595cc0","type":"facebook","profiles":0,"postsMade":0,"repliesMade":0,"repliesRcvd":0,"sharesMade":0,"sharesRcvd":0,"mentionsRcvd":0,"likesRcvd":0,"reachRcvd":0,"audience":0,"voice":0,"conversation":0,"engagement":0,"group_scoped":{"audienceScore":0,"voiceScore":0,"engagementScore":0,"combinedScore":0,"combinedScoreRank":220,"SEIrank":220,"engagementSEIrank":202,"voiceSEIrank":202,"audienceSEIrank":220,"engagementSEI":0,"engagementSEIadj":0,"voiceSEI":0,"voiceSEIadj":0,"audienceSEI":0,"audienceSEIadj":0,"SEI":0,"SEIadj":0},"non_scoped":{"SEI":0,"SEIrank":220,"SEIadj":0,"audienceSEI":0,"audienceSEIadj":0,"audienceSEIrank":220,"audienceScore":0,"combinedScore":0,"combinedScoreRank":220,"engagementSEI":0,"engagementSEIadj":0,"engagementSEIrank":202,"engagementScore":0,"voiceSEI":0,"voiceSEIadj":0,"voiceSEIrank":202,"voiceScore":0},"scoped":{"SEI":0,"SEIrank":202,"SEIadj":0,"audienceSEI":0,"audienceSEIadj":0,"audienceSEIrank":202,"audienceScore":0,"combinedScore":0,"combinedScoreRank":202,"engagementSEI":0,"engagementSEIadj":0,"engagementSEIrank":186,"engagementScore":0,"voiceSEI":0,"voiceSEIadj":0,"voiceSEIrank":186,"voiceScore":0}},"twitter":{"entityString":"5582f61d01412cb93c595cc0","type":"twitter","profiles":1,"postsMade":74,"repliesMade":0,"repliesRcvd":0,"sharesMade":0,"sharesRcvd":166,"mentionsRcvd":0,"likesRcvd":363,"reachRcvd":0,"audience":3555,"voice":74,"conversation":74,"engagement":529,"group_scoped":{"audienceScore":0.6208641800663303,"voiceScore":0.7310085942902301,"engagementScore":0.6053947654524439,"combinedScore":0.6124489276250276,"combinedScoreRank":130,"SEIrank":103,"engagementSEIrank":97,"voiceSEIrank":92,"audienceSEIrank":117,"engagementSEI":2.5418028060734192,"engagementSEIadj":2.5418028060734192,"voiceSEI":3.3682294037323626,"voiceSEIadj":3.3682294037323626,"audienceSEI":3.7070637552399424,"audienceSEIadj":3.7070637552399424,"SEI":2.9062568802877546,"SEIadj":2.9062568802877546},"non_scoped":{"SEI":0.6048797168928327,"SEIrank":142,"SEIadj":0,"audienceSEI":0.6278955167730232,"audienceSEIadj":0,"audienceSEIrank":163,"audienceScore":0.10193150890746626,"combinedScore":0.07093069783064221,"combinedScoreRank":132,"engagementSEI":0.2861996580752667,"engagementSEIadj":0,"engagementSEIrank":123,"engagementScore":0.06716513608875448,"voiceSEI":1.2345679012345678,"voiceSEIadj":0,"voiceSEIrank":133,"voiceScore":0.10770999810779734},"scoped":{"SEI":2.5266020970308958,"SEIrank":128,"SEIadj":0,"audienceSEI":3.050245392456327,"audienceSEIadj":0,"audienceSEIrank":147,"audienceScore":0.16146217969854942,"combinedScore":0.13797811773749916,"combinedScoreRank":119,"engagementSEI":1.7428835002635739,"engagementSEIadj":0,"engagementSEIrank":112,"engagementScore":0.1333908250310783,"voiceSEI":3.919491525423729,"voiceSEIadj":0,"voiceSEIrank":122,"voiceScore":0.19706532449202419}},"instagram":{"entityString":"5582f61d01412cb93c595cc0","type":"instagram","profiles":1,"postsMade":3,"repliesMade":0,"repliesRcvd":18,"sharesMade":0,"sharesRcvd":0,"mentionsRcvd":0,"likesRcvd":571,"reachRcvd":0,"audience":916,"voice":3,"conversation":21,"engagement":589,"group_scoped":{"audienceScore":0.3020520413244125,"voiceScore":0.1729106628242075,"engagementScore":0.04888660548509374,"combinedScore":0.06774608014401537,"combinedScoreRank":63,"SEIrank":26,"engagementSEIrank":24,"voiceSEIrank":24,"audienceSEIrank":23,"engagementSEI":0.0893994150333692,"engagementSEIadj":0.0893994150333692,"voiceSEI":0.30959752321981426,"voiceSEIadj":0.30959752321981426,"audienceSEI":1.0659095140569725,"audienceSEIadj":1.0659095140569725,"SEI":0.25310985739166303,"SEIadj":0.25310985739166303},"non_scoped":{"SEI":0.2129223705377383,"SEIrank":26,"SEIadj":0,"audienceSEI":0.7494927014466191,"audienceSEIadj":0,"audienceSEIrank":23,"audienceScore":0.15549195549806652,"combinedScore":0.03551557674224384,"combinedScoreRank":25,"engagementSEI":0.07515640571188684,"engagementSEIadj":0,"engagementSEIrank":24,"engagementScore":0.02491523953951223,"voiceSEI":0.30959752321981426,"voiceSEIadj":0,"voiceSEIrank":24,"voiceScore":0.10634526763559021},"scoped":{"SEI":0.7739719224166858,"SEIrank":20,"SEIadj":0,"audienceSEI":1.0659095140569725,"audienceSEIadj":0,"audienceSEIrank":18,"audienceScore":0.3907016421411815,"combinedScore":0.13620737347294398,"combinedScoreRank":20,"engagementSEI":0.15688760561279394,"engagementSEIadj":0,"engagementSEIrank":19,"engagementScore":0.10787782881675055,"voiceSEI":1.910828025477707,"voiceSEIadj":0,"voiceSEIrank":19,"voiceScore":0.39164490861618795}}},"blended":{"combined":{"non_scoped":{"SEI":0.3750899455965416,"SEIadj":50.18754497279827,"SEIrank":134,"audienceSEI":0.17565502312077413,"audienceSEIadj":40.105393013872465,"audienceSEIrank":179,"engagementSEI":0.02100108280621727,"engagementSEIadj":50.01050054140311,"engagementSEIrank":115,"voiceSEI":1.1497459786691127,"voiceSEIadj":50.57487298933456,"voiceSEIrank":119},"scoped":{"SEI":7.518095509577855,"SEIadj":53.759047754788924,"SEIrank":102,"compCharisma":0,"compInfluence":6,"compEva":1.5180955095778554,"audienceSEI":2.2931968323006853,"audienceSEIadj":41.375918099380414,"audienceSEIrank":163,"engagementSEI":0.6662123800924802,"engagementSEIadj":50.33310619004624,"engagementSEIrank":104,"voiceSEI":4.561489934214178,"voiceSEIadj":52.28074496710709,"voiceSEIrank":108}},"facebook":{"non_scoped":{"SEI":0,"SEIadj":0,"SEIrank":220,"audienceSEI":0,"audienceSEIadj":0,"audienceSEIrank":220,"engagementSEI":0,"engagementSEIadj":0,"engagementSEIrank":202,"voiceSEI":0,"voiceSEIadj":0,"voiceSEIrank":202},"scoped":{"SEI":0,"SEIadj":0,"SEIrank":202,"audienceSEI":0,"audienceSEIadj":0,"audienceSEIrank":202,"engagementSEI":0,"engagementSEIadj":0,"engagementSEIrank":186,"voiceSEI":0,"voiceSEIadj":0,"voiceSEIrank":186}},"twitter":{"non_scoped":{"SEI":0.9046878400280711,"SEIadj":50.45234392001404,"SEIrank":113,"audienceSEI":0.6278955167730232,"audienceSEIadj":40.37673731006382,"audienceSEIrank":163,"engagementSEI":0.44962550668138634,"engagementSEIadj":50.22481275334069,"engagementSEIrank":109,"voiceSEI":1.907076614473123,"voiceSEIadj":50.95353830723656,"voiceSEIrank":104},"scoped":{"SEI":3.679385101692936,"SEIadj":51.839692550846465,"SEIrank":104,"audienceSEI":3.050245392456327,"audienceSEIadj":41.830147235473795,"audienceSEIrank":147,"engagementSEI":2.742374334774877,"engagementSEIadj":51.37118716738744,"engagementSEIrank":99,"voiceSEI":5.763119871941258,"voiceSEIadj":52.88155993597063,"voiceSEIrank":91}},"instagram":{"non_scoped":{"SEI":0.3149772349552161,"SEIadj":60.125990893982085,"SEIrank":24,"audienceSEI":0.7494927014466191,"audienceSEIadj":60.29979708057865,"audienceSEIrank":23,"engagementSEI":0.15425750290185988,"engagementSEIadj":60.061703001160744,"engagementSEIrank":24,"voiceSEI":0.491578210231461,"voiceSEIadj":60.19663128409258,"voiceSEIrank":24},"scoped":{"SEI":1.536593247961051,"SEIadj":70.46097797438831,"SEIrank":19,"audienceSEI":1.0659095140569723,"audienceSEIadj":70.31977285421709,"audienceSEIrank":18,"engagementSEI":0.7313877303137386,"engagementSEIadj":70.21941631909412,"engagementSEIrank":17,"voiceSEI":3.303898861223702,"voiceSEIadj":70.99116965836711,"voiceSEIrank":19}},"influence":{"facebook":{"scope":"individual","ratio":0,"calculated":false},"combined":{"ratio":1.42,"bottom":true,"scope":"individual","calculated":true},"twitter":{"ratio":0.86,"bottom":false,"scope":"individual","calculated":true},"instagram":{"ratio":0.16,"bottom":false,"scope":"individual","calculated":true}},"charisma":{"facebook":{"scope":"individual","ratio":0,"calculated":false},"combined":{"ratio":0.36,"bottom":false,"scope":"individual","calculated":true},"twitter":{"ratio":0.61,"bottom":false,"scope":"individual","calculated":true},"instagram":{"ratio":0.04,"bottom":false,"scope":"individual","calculated":true}}},"scope":"individual"}}