{"scoreEntityString":"591d1494ab33fb0001804f89.asset.5588111e01412cb93c595cd1","timeQuantum":4995834,"scoreEntityType":"asset","scoreProfileID":"591d1494ab33fb0001804f89","data":{"scoreEntityString":"591d1494ab33fb0001804f89.asset.5588111e01412cb93c595cd1","scoreProfileID":"591d1494ab33fb0001804f89","scoreEntityType":"asset","entityID":"asset.5588111e01412cb93c595cd1","object_version":"1.2","score_engine_version":"3.0.20","timestamp":4995834,"start_quantum":4969914,"end_quantum":4995833,"schedule_options":{"interval":15,"offset":"1"},"_15min":{"boundaryQuantum":4995831,"combined":{"entityString":"5588111e01412cb93c595cd1","type":"combined","profiles":2,"postsMade":0,"repliesMade":0,"repliesRcvd":0,"sharesMade":0,"sharesRcvd":0,"mentionsRcvd":0,"likesRcvd":0,"reachRcvd":0,"audience":1890,"voice":0,"conversation":0,"engagement":0,"group_scoped":{"audienceScore":0.06375075008323014,"voiceScore":0,"engagementScore":0,"combinedScore":0.06375075008323014,"engagementSEI":0,"engagementSEIadj":0,"voiceSEI":0,"voiceSEIadj":0,"audienceSEI":0.09824295847493661,"audienceSEIadj":0.09824295847493661,"SEI":0.009824295847493662,"SEIadj":0.009824295847493662,"combinedScoreRank":221,"SEIrank":220,"engagementSEIrank":127,"voiceSEIrank":122,"audienceSEIrank":220},"non_scoped":{"SEI":0.007425363312419216,"SEIrank":213,"SEIadj":0,"audienceSEI":0.07425363312419216,"audienceSEIadj":0,"audienceSEIrank":213,"audienceScore":0.013682635822964936,"combinedScore":0.0006841317911482469,"combinedScoreRank":213,"engagementSEI":0,"engagementSEIadj":0,"engagementSEIrank":127,"engagementScore":0,"voiceSEI":0,"voiceSEIadj":0,"voiceSEIrank":122,"voiceScore":0},"scoped":{"SEI":0.0969389848590538,"SEIrank":193,"SEIadj":0,"audienceSEI":0.969389848590538,"audienceSEIadj":0,"audienceSEIrank":193,"audienceScore":0.039281926385669956,"combinedScore":0.001964096319283498,"combinedScoreRank":193,"engagementSEI":0,"engagementSEIadj":0,"engagementSEIrank":114,"engagementScore":0,"voiceSEI":0,"voiceSEIadj":0,"voiceSEIrank":112,"voiceScore":0}},"facebook":{"entityString":"5588111e01412cb93c595cd1","type":"facebook","profiles":0,"postsMade":0,"repliesMade":0,"repliesRcvd":0,"sharesMade":0,"sharesRcvd":0,"mentionsRcvd":0,"likesRcvd":0,"reachRcvd":0,"audience":0,"voice":0,"conversation":0,"engagement":0,"group_scoped":{"audienceScore":0,"voiceScore":0,"engagementScore":0,"combinedScore":0,"engagementSEI":0,"engagementSEIadj":0,"voiceSEI":0,"voiceSEIadj":0,"audienceSEI":0,"audienceSEIadj":0,"SEI":0,"SEIadj":0,"combinedScoreRank":221,"SEIrank":221,"engagementSEIrank":126,"voiceSEIrank":122,"audienceSEIrank":221},"non_scoped":{"SEI":0,"SEIrank":221,"SEIadj":0,"audienceSEI":0,"audienceSEIadj":0,"audienceSEIrank":221,"audienceScore":0,"combinedScore":0,"combinedScoreRank":221,"engagementSEI":0,"engagementSEIadj":0,"engagementSEIrank":126,"engagementScore":0,"voiceSEI":0,"voiceSEIadj":0,"voiceSEIrank":122,"voiceScore":0},"scoped":{"SEI":0,"SEIrank":203,"SEIadj":0,"audienceSEI":0,"audienceSEIadj":0,"audienceSEIrank":203,"audienceScore":0,"combinedScore":0,"combinedScoreRank":203,"engagementSEI":0,"engagementSEIadj":0,"engagementSEIrank":113,"engagementScore":0,"voiceSEI":0,"voiceSEIadj":0,"voiceSEIrank":112,"voiceScore":0}},"twitter":{"entityString":"5588111e01412cb93c595cd1","type":"twitter","profiles":1,"postsMade":0,"repliesMade":0,"repliesRcvd":0,"sharesMade":0,"sharesRcvd":0,"mentionsRcvd":0,"likesRcvd":0,"reachRcvd":0,"audience":864,"voice":0,"conversation":0,"engagement":0,"group_scoped":{"audienceScore":0.15089357287688027,"voiceScore":0,"engagementScore":0,"combinedScore":0.15089357287688027,"engagementSEI":0,"engagementSEIadj":0,"voiceSEI":0,"voiceSEIadj":0,"audienceSEI":0.9009572670962899,"audienceSEIadj":0.9009572670962899,"SEI":0.090095726709629,"SEIadj":0.090095726709629,"combinedScoreRank":222,"SEIrank":212,"engagementSEIrank":123,"voiceSEIrank":122,"audienceSEIrank":212},"non_scoped":{"SEI":0.0152602454709393,"SEIrank":217,"SEIadj":0,"audienceSEI":0.152602454709393,"audienceSEIadj":0,"audienceSEIrank":217,"audienceScore":0.02477322748130826,"combinedScore":0.001238661374065413,"combinedScoreRank":217,"engagementSEI":0,"engagementSEIadj":0,"engagementSEIrank":123,"engagementScore":0,"voiceSEI":0,"voiceSEIadj":0,"voiceSEIrank":122,"voiceScore":0},"scoped":{"SEI":0.07413254624703985,"SEIrank":196,"SEIadj":0,"audienceSEI":0.7413254624703985,"audienceSEIadj":0,"audienceSEIrank":196,"audienceScore":0.03924144114192594,"combinedScore":0.005605920163132276,"combinedScoreRank":196,"engagementSEI":0,"engagementSEIadj":0,"engagementSEIrank":113,"engagementScore":0,"voiceSEI":0,"voiceSEIadj":0,"voiceSEIrank":112,"voiceScore":0}},"instagram":{"entityString":"5588111e01412cb93c595cd1","type":"instagram","profiles":1,"postsMade":0,"repliesMade":0,"repliesRcvd":0,"sharesMade":0,"sharesRcvd":0,"mentionsRcvd":0,"likesRcvd":0,"reachRcvd":0,"audience":1026,"voice":0,"conversation":0,"engagement":0,"group_scoped":{"audienceScore":0.3383246663742873,"voiceScore":0,"engagementScore":0,"combinedScore":0.3383246663742873,"engagementSEI":0,"engagementSEIadj":0,"voiceSEI":0,"voiceSEIadj":0,"audienceSEI":1.1939117482777881,"audienceSEIadj":1.1939117482777881,"SEI":0.11939117482777882,"SEIadj":0.11939117482777882,"combinedScoreRank":59,"SEIrank":22,"engagementSEIrank":123,"voiceSEIrank":122,"audienceSEIrank":22},"non_scoped":{"SEI":0.0839497283498069,"SEIrank":22,"SEIadj":0,"audienceSEI":0.839497283498069,"audienceSEIadj":0,"audienceSEIrank":22,"audienceScore":0.17416457024128415,"combinedScore":0.02488065289161202,"combinedScoreRank":22,"engagementSEI":0,"engagementSEIadj":0,"engagementSEIrank":123,"engagementScore":0,"voiceSEI":0,"voiceSEIadj":0,"voiceSEIrank":122,"voiceScore":0},"scoped":{"SEI":0.11939117482777882,"SEIrank":17,"SEIadj":0,"audienceSEI":1.1939117482777881,"audienceSEIadj":0,"audienceSEIrank":17,"audienceScore":0.4376199616122841,"combinedScore":0.06251713737318344,"combinedScoreRank":17,"engagementSEI":0,"engagementSEIadj":0,"engagementSEIrank":112,"engagementScore":0,"voiceSEI":0,"voiceSEIadj":0,"voiceSEIrank":112,"voiceScore":0}}},"hour":{"boundaryQuantum":4995822,"combined":{"entityString":"5588111e01412cb93c595cd1","type":"combined","profiles":2,"postsMade":0,"repliesMade":0,"repliesRcvd":0,"sharesMade":0,"sharesRcvd":0,"mentionsRcvd":0,"likesRcvd":0,"reachRcvd":0,"audience":1890,"voice":0,"conversation":0,"engagement":0,"group_scoped":{"audienceScore":0.06375075008323014,"voiceScore":0,"engagementScore":0,"combinedScore":0.06375075008323014,"combinedScoreRank":221,"SEIrank":220,"engagementSEIrank":151,"voiceSEIrank":130,"audienceSEIrank":220,"engagementSEI":0,"engagementSEIadj":0,"voiceSEI":0,"voiceSEIadj":0,"audienceSEI":0.09824295847493661,"audienceSEIadj":0.09824295847493661,"SEI":0.009824295847493662,"SEIadj":0.009824295847493662},"non_scoped":{"SEI":0.007425363312419216,"SEIrank":213,"SEIadj":0,"audienceSEI":0.07425363312419216,"audienceSEIadj":0,"audienceSEIrank":213,"audienceScore":0.013682635822964936,"combinedScore":0.0006841317911482469,"combinedScoreRank":213,"engagementSEI":0,"engagementSEIadj":0,"engagementSEIrank":151,"engagementScore":0,"voiceSEI":0,"voiceSEIadj":0,"voiceSEIrank":130,"voiceScore":0},"scoped":{"SEI":0.0969389848590538,"SEIrank":193,"SEIadj":0,"audienceSEI":0.969389848590538,"audienceSEIadj":0,"audienceSEIrank":193,"audienceScore":0.039281926385669956,"combinedScore":0.001964096319283498,"combinedScoreRank":193,"engagementSEI":0,"engagementSEIadj":0,"engagementSEIrank":137,"engagementScore":0,"voiceSEI":0,"voiceSEIadj":0,"voiceSEIrank":117,"voiceScore":0}},"facebook":{"entityString":"5588111e01412cb93c595cd1","type":"facebook","profiles":0,"postsMade":0,"repliesMade":0,"repliesRcvd":0,"sharesMade":0,"sharesRcvd":0,"mentionsRcvd":0,"likesRcvd":0,"reachRcvd":0,"audience":0,"voice":0,"conversation":0,"engagement":0,"group_scoped":{"audienceScore":0,"voiceScore":0,"engagementScore":0,"combinedScore":0,"combinedScoreRank":221,"SEIrank":221,"engagementSEIrank":144,"voiceSEIrank":127,"audienceSEIrank":221,"engagementSEI":0,"engagementSEIadj":0,"voiceSEI":0,"voiceSEIadj":0,"audienceSEI":0,"audienceSEIadj":0,"SEI":0,"SEIadj":0},"non_scoped":{"SEI":0,"SEIrank":221,"SEIadj":0,"audienceSEI":0,"audienceSEIadj":0,"audienceSEIrank":221,"audienceScore":0,"combinedScore":0,"combinedScoreRank":221,"engagementSEI":0,"engagementSEIadj":0,"engagementSEIrank":144,"engagementScore":0,"voiceSEI":0,"voiceSEIadj":0,"voiceSEIrank":127,"voiceScore":0},"scoped":{"SEI":0,"SEIrank":203,"SEIadj":0,"audienceSEI":0,"audienceSEIadj":0,"audienceSEIrank":203,"audienceScore":0,"combinedScore":0,"combinedScoreRank":203,"engagementSEI":0,"engagementSEIadj":0,"engagementSEIrank":130,"engagementScore":0,"voiceSEI":0,"voiceSEIadj":0,"voiceSEIrank":114,"voiceScore":0}},"twitter":{"entityString":"5588111e01412cb93c595cd1","type":"twitter","profiles":1,"postsMade":0,"repliesMade":0,"repliesRcvd":0,"sharesMade":0,"sharesRcvd":0,"mentionsRcvd":0,"likesRcvd":0,"reachRcvd":0,"audience":864,"voice":0,"conversation":0,"engagement":0,"group_scoped":{"audienceScore":0.15089357287688027,"voiceScore":0,"engagementScore":0,"combinedScore":0.15089357287688027,"combinedScoreRank":222,"SEIrank":214,"engagementSEIrank":134,"voiceSEIrank":129,"audienceSEIrank":212,"engagementSEI":0,"engagementSEIadj":0,"voiceSEI":0,"voiceSEIadj":0,"audienceSEI":0.9009572670962899,"audienceSEIadj":0.9009572670962899,"SEI":0.090095726709629,"SEIadj":0.090095726709629},"non_scoped":{"SEI":0.0152602454709393,"SEIrank":217,"SEIadj":0,"audienceSEI":0.152602454709393,"audienceSEIadj":0,"audienceSEIrank":217,"audienceScore":0.02477322748130826,"combinedScore":0.001238661374065413,"combinedScoreRank":217,"engagementSEI":0,"engagementSEIadj":0,"engagementSEIrank":134,"engagementScore":0,"voiceSEI":0,"voiceSEIadj":0,"voiceSEIrank":129,"voiceScore":0},"scoped":{"SEI":0.07413254624703985,"SEIrank":196,"SEIadj":0,"audienceSEI":0.7413254624703985,"audienceSEIadj":0,"audienceSEIrank":196,"audienceScore":0.03924144114192594,"combinedScore":0.001962072057096297,"combinedScoreRank":196,"engagementSEI":0,"engagementSEIadj":0,"engagementSEIrank":120,"engagementScore":0,"voiceSEI":0,"voiceSEIadj":0,"voiceSEIrank":116,"voiceScore":0}},"instagram":{"entityString":"5588111e01412cb93c595cd1","type":"instagram","profiles":1,"postsMade":0,"repliesMade":0,"repliesRcvd":0,"sharesMade":0,"sharesRcvd":0,"mentionsRcvd":0,"likesRcvd":0,"reachRcvd":0,"audience":1026,"voice":0,"conversation":0,"engagement":0,"group_scoped":{"audienceScore":0.3383246663742873,"voiceScore":0,"engagementScore":0,"combinedScore":0.3383246663742873,"combinedScoreRank":59,"SEIrank":22,"engagementSEIrank":125,"voiceSEIrank":123,"audienceSEIrank":22,"engagementSEI":0,"engagementSEIadj":0,"voiceSEI":0,"voiceSEIadj":0,"audienceSEI":1.1939117482777881,"audienceSEIadj":1.1939117482777881,"SEI":0.11939117482777882,"SEIadj":0.11939117482777882},"non_scoped":{"SEI":0.0839497283498069,"SEIrank":22,"SEIadj":0,"audienceSEI":0.839497283498069,"audienceSEIadj":0,"audienceSEIrank":22,"audienceScore":0.17416457024128415,"combinedScore":0.008708228512064207,"combinedScoreRank":22,"engagementSEI":0,"engagementSEIadj":0,"engagementSEIrank":125,"engagementScore":0,"voiceSEI":0,"voiceSEIadj":0,"voiceSEIrank":123,"voiceScore":0},"scoped":{"SEI":0.11939117482777882,"SEIrank":17,"SEIadj":0,"audienceSEI":1.1939117482777881,"audienceSEIadj":0,"audienceSEIrank":17,"audienceScore":0.4376199616122841,"combinedScore":0.06251713737318344,"combinedScoreRank":17,"engagementSEI":0,"engagementSEIadj":0,"engagementSEIrank":113,"engagementScore":0,"voiceSEI":0,"voiceSEIadj":0,"voiceSEIrank":112,"voiceScore":0}}},"today":{"boundaryQuantum":4995546,"combined":{"entityString":"5588111e01412cb93c595cd1","type":"combined","profiles":2,"postsMade":5,"repliesMade":0,"repliesRcvd":5,"sharesMade":0,"sharesRcvd":0,"mentionsRcvd":0,"likesRcvd":79,"reachRcvd":0,"audience":1890,"voice":5,"conversation":10,"engagement":84,"group_scoped":{"audienceScore":0.06375075008323014,"voiceScore":1.984126984126984,"engagementScore":0.08123398288283933,"combinedScore":0.1755044713050661,"combinedScoreRank":139,"SEIrank":77,"engagementSEIrank":94,"voiceSEIrank":56,"audienceSEIrank":220,"engagementSEI":0.0853641186154753,"engagementSEIadj":0.0853641186154753,"voiceSEI":3.937007874015748,"voiceSEIadj":3.937007874015748,"audienceSEI":0.09824295847493661,"audienceSEIadj":0.09824295847493661,"SEI":1.242145129221503,"SEIadj":1.242145129221503},"non_scoped":{"SEI":1.086041094755677,"SEIrank":54,"SEIadj":0,"audienceSEI":0.07425363312419216,"audienceSEIadj":0,"audienceSEIrank":213,"audienceScore":0.013682635822964936,"combinedScore":0.046259549329210656,"combinedScoreRank":67,"engagementSEI":0.0853641186154753,"engagementSEIadj":0,"engagementSEIrank":61,"engagementScore":0.03125499986977083,"voiceSEI":3.4246575342465753,"voiceSEIadj":0,"voiceSEIrank":45,"voiceScore":0.34891835310537334},"scoped":{"SEI":8.312125147274767,"SEIrank":58,"SEIadj":0,"audienceSEI":0.969389848590538,"audienceSEIadj":0,"audienceSEIrank":193,"audienceScore":0.039281926385669956,"combinedScore":0.3555874432752128,"combinedScoreRank":52,"engagementSEI":4.432717678100264,"engagementSEIadj":0,"engagementSEIrank":52,"engagementScore":0.34745201853077434,"voiceSEI":18.51851851851852,"voiceSEIadj":0,"voiceSEIrank":36,"voiceScore":0.8183306055646482}},"facebook":{"entityString":"5588111e01412cb93c595cd1","type":"facebook","profiles":0,"postsMade":0,"repliesMade":0,"repliesRcvd":0,"sharesMade":0,"sharesRcvd":0,"mentionsRcvd":0,"likesRcvd":0,"reachRcvd":0,"audience":0,"voice":0,"conversation":0,"engagement":0,"group_scoped":{"audienceScore":0,"voiceScore":0,"engagementScore":0,"combinedScore":0,"combinedScoreRank":221,"SEIrank":221,"engagementSEIrank":174,"voiceSEIrank":160,"audienceSEIrank":221,"engagementSEI":0,"engagementSEIadj":0,"voiceSEI":0,"voiceSEIadj":0,"audienceSEI":0,"audienceSEIadj":0,"SEI":0,"SEIadj":0},"non_scoped":{"SEI":0,"SEIrank":221,"SEIadj":0,"audienceSEI":0,"audienceSEIadj":0,"audienceSEIrank":221,"audienceScore":0,"combinedScore":0,"combinedScoreRank":221,"engagementSEI":0,"engagementSEIadj":0,"engagementSEIrank":174,"engagementScore":0,"voiceSEI":0,"voiceSEIadj":0,"voiceSEIrank":160,"voiceScore":0},"scoped":{"SEI":0,"SEIrank":203,"SEIadj":0,"audienceSEI":0,"audienceSEIadj":0,"audienceSEIrank":203,"audienceScore":0,"combinedScore":0,"combinedScoreRank":203,"engagementSEI":0,"engagementSEIadj":0,"engagementSEIrank":160,"engagementScore":0,"voiceSEI":0,"voiceSEIadj":0,"voiceSEIrank":146,"voiceScore":0}},"twitter":{"entityString":"5588111e01412cb93c595cd1","type":"twitter","profiles":1,"postsMade":4,"repliesMade":0,"repliesRcvd":0,"sharesMade":0,"sharesRcvd":0,"mentionsRcvd":0,"likesRcvd":4,"reachRcvd":0,"audience":864,"voice":4,"conversation":4,"engagement":4,"group_scoped":{"audienceScore":0.15089357287688027,"voiceScore":2.73972602739726,"engagementScore":0.32786885245901637,"combinedScore":0.43961294722682176,"combinedScoreRank":176,"SEIrank":70,"engagementSEIrank":108,"voiceSEIrank":32,"audienceSEIrank":212,"engagementSEI":1.1204481792717087,"engagementSEIadj":1.1204481792717087,"voiceSEI":10,"voiceSEIadj":10,"audienceSEI":0.9009572670962899,"audienceSEIadj":0.9009572670962899,"SEI":3.762364634272654,"SEIadj":3.762364634272654},"non_scoped":{"SEI":1.480136289803576,"SEIrank":72,"SEIadj":0,"audienceSEI":0.152602454709393,"audienceSEIadj":0,"audienceSEIrank":217,"audienceScore":0.02477322748130826,"combinedScore":0.06573595967380662,"combinedScoreRank":107,"engagementSEI":0.19426906265177268,"engagementSEIadj":0,"engagementSEIrank":113,"engagementScore":0.046468401486988845,"voiceSEI":4.49438202247191,"voiceSEIadj":0,"voiceSEIrank":46,"voiceScore":0.45351473922902497},"scoped":{"SEI":6.1425876803821,"SEIrank":71,"SEIadj":0,"audienceSEI":0.7413254624703985,"audienceSEIadj":0,"audienceSEIrank":196,"audienceScore":0.03924144114192594,"combinedScore":0.13674943395946543,"combinedScoreRank":96,"engagementSEI":1.4184397163120568,"engagementSEIadj":0,"engagementSEIrank":102,"engagementScore":0.09891196834817012,"voiceSEI":17.391304347826086,"voiceSEIadj":0,"voiceSEIrank":37,"voiceScore":0.9153318077803204}},"instagram":{"entityString":"5588111e01412cb93c595cd1","type":"instagram","profiles":1,"postsMade":1,"repliesMade":0,"repliesRcvd":5,"sharesMade":0,"sharesRcvd":0,"mentionsRcvd":0,"likesRcvd":75,"reachRcvd":0,"audience":1026,"voice":1,"conversation":6,"engagement":80,"group_scoped":{"audienceScore":0.3383246663742873,"voiceScore":3.3333333333333335,"engagementScore":0.5280876625519836,"combinedScore":0.6588617962821662,"combinedScoreRank":54,"SEIrank":15,"engagementSEIrank":14,"voiceSEIrank":10,"audienceSEIrank":22,"engagementSEI":0.6163803066492025,"engagementSEIadj":0.6163803066492025,"voiceSEI":4.761904761904762,"voiceSEIadj":4.761904761904762,"audienceSEI":1.1939117482777881,"audienceSEIadj":1.1939117482777881,"SEI":1.9177907873887288,"SEIadj":1.9177907873887288},"non_scoped":{"SEI":1.882349340910757,"SEIrank":14,"SEIadj":0,"audienceSEI":0.839497283498069,"audienceSEIadj":0,"audienceSEIrank":22,"audienceScore":0.17416457024128415,"combinedScore":0.36330936329581653,"combinedScoreRank":14,"engagementSEI":0.6163803066492025,"engagementSEIadj":0,"engagementSEIrank":14,"engagementScore":0.2705444707473791,"voiceSEI":4.761904761904762,"voiceSEIadj":0,"voiceSEIrank":10,"voiceScore":2.2222222222222223},"scoped":{"SEI":18.614966396066716,"SEIrank":9,"SEIadj":0,"audienceSEI":1.1939117482777881,"audienceSEIadj":0,"audienceSEIrank":17,"audienceScore":0.4376199616122841,"combinedScore":3.895408903866585,"combinedScoreRank":9,"engagementSEI":14.15929203539823,"engagementSEIadj":0,"engagementSEIrank":9,"engagementScore":3.686635944700461,"voiceSEI":33.33333333333333,"voiceSEIadj":0,"voiceSEIrank":5,"voiceScore":11.11111111111111}}},"week":{"boundaryQuantum":4993818,"combined":{"entityString":"5588111e01412cb93c595cd1","type":"combined","profiles":2,"postsMade":15,"repliesMade":0,"repliesRcvd":35,"sharesMade":0,"sharesRcvd":1,"mentionsRcvd":0,"likesRcvd":474,"reachRcvd":0,"audience":1890,"voice":15,"conversation":50,"engagement":510,"group_scoped":{"audienceScore":0.06375075008323014,"voiceScore":1.0482180293501049,"engagementScore":0.05879125186172298,"combinedScore":0.10851056564721744,"combinedScoreRank":163,"SEIrank":113,"engagementSEIrank":131,"voiceSEIrank":89,"audienceSEIrank":220,"engagementSEI":0.0643003304532669,"engagementSEIadj":0.0643003304532669,"voiceSEI":2.4311183144246353,"voiceSEIadj":2.4311183144246353,"audienceSEI":0.09824295847493661,"audienceSEIadj":0.09824295847493661,"SEI":0.7777399884468443,"SEIadj":0.7777399884468443},"non_scoped":{"SEI":0.584927717273002,"SEIrank":97,"SEIadj":0,"audienceSEI":0.07425363312419216,"audienceSEIadj":0,"audienceSEIrank":213,"audienceScore":0.013682635822964936,"combinedScore":0.03395365059130298,"combinedScoreRank":87,"engagementSEI":0.0643003304532669,"engagementSEIadj":0,"engagementSEIrank":74,"engagementScore":0.026968131600251913,"voiceSEI":1.7964071856287425,"voiceSEIadj":0,"voiceSEIrank":92,"voiceScore":0.1799640071985603},"scoped":{"SEI":3.109304096872017,"SEIrank":93,"SEIadj":0,"audienceSEI":0.969389848590538,"audienceSEIadj":0,"audienceSEIrank":193,"audienceScore":0.039281926385669956,"combinedScore":0.2509300519103463,"combinedScoreRank":69,"engagementSEI":1.7454993497159283,"engagementSEIadj":0,"engagementSEIrank":65,"engagementScore":0.25546750553512926,"voiceSEI":6.550218340611353,"voiceSEIadj":0,"voiceSEIrank":81,"voiceScore":0.3809040121889284}},"facebook":{"entityString":"5588111e01412cb93c595cd1","type":"facebook","profiles":0,"postsMade":0,"repliesMade":0,"repliesRcvd":0,"sharesMade":0,"sharesRcvd":0,"mentionsRcvd":0,"likesRcvd":0,"reachRcvd":0,"audience":0,"voice":0,"conversation":0,"engagement":0,"group_scoped":{"audienceScore":0,"voiceScore":0,"engagementScore":0,"combinedScore":0,"combinedScoreRank":221,"SEIrank":221,"engagementSEIrank":195,"voiceSEIrank":184,"audienceSEIrank":221,"engagementSEI":0,"engagementSEIadj":0,"voiceSEI":0,"voiceSEIadj":0,"audienceSEI":0,"audienceSEIadj":0,"SEI":0,"SEIadj":0},"non_scoped":{"SEI":0,"SEIrank":221,"SEIadj":0,"audienceSEI":0,"audienceSEIadj":0,"audienceSEIrank":221,"audienceScore":0,"combinedScore":0,"combinedScoreRank":221,"engagementSEI":0,"engagementSEIadj":0,"engagementSEIrank":195,"engagementScore":0,"voiceSEI":0,"voiceSEIadj":0,"voiceSEIrank":184,"voiceScore":0},"scoped":{"SEI":0,"SEIrank":203,"SEIadj":0,"audienceSEI":0,"audienceSEIadj":0,"audienceSEIrank":203,"audienceScore":0,"combinedScore":0,"combinedScoreRank":203,"engagementSEI":0,"engagementSEIadj":0,"engagementSEIrank":181,"engagementScore":0,"voiceSEI":0,"voiceSEIadj":0,"voiceSEIrank":170,"voiceScore":0}},"twitter":{"entityString":"5588111e01412cb93c595cd1","type":"twitter","profiles":1,"postsMade":10,"repliesMade":0,"repliesRcvd":0,"sharesMade":0,"sharesRcvd":1,"mentionsRcvd":0,"likesRcvd":23,"reachRcvd":0,"audience":864,"voice":10,"conversation":10,"engagement":24,"group_scoped":{"audienceScore":0.15089357287688027,"voiceScore":1.2738853503184715,"engagementScore":0.2926115581565472,"combinedScore":0.33458934850066013,"combinedScoreRank":178,"SEIrank":105,"engagementSEIrank":115,"voiceSEIrank":56,"audienceSEIrank":212,"engagementSEI":1.6551724137931034,"engagementSEIadj":1.6551724137931034,"voiceSEI":6.578947368421052,"voiceSEIadj":6.578947368421052,"audienceSEI":0.9009572670962899,"audienceSEIadj":0.9009572670962899,"SEI":3.0568833855118065,"SEIadj":3.0568833855118065},"non_scoped":{"SEI":0.7579110068746308,"SEIrank":121,"SEIadj":0,"audienceSEI":0.152602454709393,"audienceSEIadj":0,"audienceSEIrank":217,"audienceScore":0.02477322748130826,"combinedScore":0.04586155436386721,"combinedScoreRank":140,"engagementSEI":0.18289894833104708,"engagementSEIadj":0,"engagementSEIrank":136,"engagementScore":0.03868347248638019,"voiceSEI":2.109704641350211,"voiceSEIadj":0,"voiceSEIrank":94,"voiceScore":0.1961553550411926},"scoped":{"SEI":2.4500066721211655,"SEIrank":120,"SEIadj":0,"audienceSEI":0.7413254624703985,"audienceSEIadj":0,"audienceSEIrank":196,"audienceScore":0.03924144114192594,"combinedScore":0.08232428478603485,"combinedScoreRank":128,"engagementSEI":1.118881118881119,"engagementSEIadj":0,"engagementSEIrank":124,"engagementScore":0.06967427277477792,"voiceSEI":5.681818181818182,"voiceSEIadj":0,"voiceSEIrank":83,"voiceScore":0.3531073446327684}},"instagram":{"entityString":"5588111e01412cb93c595cd1","type":"instagram","profiles":1,"postsMade":5,"repliesMade":0,"repliesRcvd":35,"sharesMade":0,"sharesRcvd":0,"mentionsRcvd":0,"likesRcvd":451,"reachRcvd":0,"audience":1026,"voice":5,"conversation":40,"engagement":486,"group_scoped":{"audienceScore":0.3383246663742873,"voiceScore":2.358490566037736,"engagementScore":0.39159757306195464,"combinedScore":0.4872785773763604,"combinedScoreRank":56,"SEIrank":16,"engagementSEIrank":16,"voiceSEIrank":11,"audienceSEIrank":22,"engagementSEI":0.6802625869574346,"engagementSEIadj":0.6802625869574346,"voiceSEI":3.968253968253968,"voiceSEIadj":3.968253968253968,"audienceSEI":1.1939117482777881,"audienceSEIadj":1.1939117482777881,"SEI":1.7180249174784297,"SEIadj":1.7180249174784297},"non_scoped":{"SEI":1.682583471000458,"SEIrank":15,"SEIadj":0,"audienceSEI":0.839497283498069,"audienceSEIadj":0,"audienceSEIrank":22,"audienceScore":0.17416457024128415,"combinedScore":0.2829700166623421,"combinedScoreRank":16,"engagementSEI":0.6802625869574346,"engagementSEIadj":0,"engagementSEIrank":16,"engagementScore":0.21627105972819266,"voiceSEI":3.968253968253968,"voiceSEIadj":0,"voiceSEIrank":11,"voiceScore":1.5923566878980893},"scoped":{"SEI":9.484170159181593,"SEIrank":9,"SEIadj":0,"audienceSEI":1.1939117482777881,"audienceSEIadj":0,"audienceSEIrank":17,"audienceScore":0.4376199616122841,"combinedScore":1.143127054695786,"combinedScoreRank":10,"engagementSEI":1.7190760850341338,"engagementSEIadj":0,"engagementSEIrank":11,"engagementScore":0.9228315357739633,"voiceSEI":27.77777777777778,"voiceSEIadj":0,"voiceSEIrank":6,"voiceScore":5.813953488372093}}},"month":{"boundaryQuantum":4987194,"combined":{"entityString":"5588111e01412cb93c595cd1","type":"combined","profiles":2,"postsMade":69,"repliesMade":0,"repliesRcvd":210,"sharesMade":0,"sharesRcvd":13,"mentionsRcvd":0,"likesRcvd":2696,"reachRcvd":0,"audience":1890,"voice":69,"conversation":279,"engagement":2919,"group_scoped":{"audienceScore":0.06375075008323014,"voiceScore":1.0959339263024144,"engagementScore":0.07407414926385167,"combinedScore":0.12465096815674873,"combinedScoreRank":139,"SEIrank":107,"engagementSEIrank":126,"voiceSEIrank":83,"audienceSEIrank":220,"engagementSEI":0.08015091106790999,"engagementSEIadj":0.08015091106790999,"voiceSEI":2.6096822995461424,"voiceSEIadj":2.6096822995461424,"audienceSEI":0.09824295847493661,"audienceSEIadj":0.09824295847493661,"SEI":0.8408195323520823,"SEIadj":0.8408195323520823},"non_scoped":{"SEI":0.6183217827100982,"SEIrank":101,"SEIadj":0,"audienceSEI":0.07425363312419216,"audienceSEIadj":0,"audienceSEIrank":213,"audienceScore":0.013682635822964936,"combinedScore":0.03991412577341655,"combinedScoreRank":82,"engagementSEI":0.08015091106790999,"engagementSEIadj":0,"engagementSEIrank":70,"engagementScore":0.03353133554424953,"voiceSEI":1.8760195758564437,"voiceSEIadj":0,"voiceSEIrank":87,"voiceScore":0.18103583984887445},"scoped":{"SEI":3.6947459163433383,"SEIrank":93,"SEIadj":0,"audienceSEI":0.969389848590538,"audienceSEIadj":0,"audienceSEIrank":193,"audienceScore":0.039281926385669956,"combinedScore":0.33016616896404,"combinedScoreRank":64,"engagementSEI":2.410066299528555,"engagementSEIadj":0,"engagementSEIrank":61,"engagementScore":0.3434950117322551,"voiceSEI":7.172557172557173,"voiceSEIadj":0,"voiceSEIrank":76,"voiceScore":0.3811312417145382}},"facebook":{"entityString":"5588111e01412cb93c595cd1","type":"facebook","profiles":0,"postsMade":0,"repliesMade":0,"repliesRcvd":0,"sharesMade":0,"sharesRcvd":0,"mentionsRcvd":0,"likesRcvd":0,"reachRcvd":0,"audience":0,"voice":0,"conversation":0,"engagement":0,"group_scoped":{"audienceScore":0,"voiceScore":0,"engagementScore":0,"combinedScore":0,"combinedScoreRank":221,"SEIrank":221,"engagementSEIrank":200,"voiceSEIrank":197,"audienceSEIrank":221,"engagementSEI":0,"engagementSEIadj":0,"voiceSEI":0,"voiceSEIadj":0,"audienceSEI":0,"audienceSEIadj":0,"SEI":0,"SEIadj":0},"non_scoped":{"SEI":0,"SEIrank":221,"SEIadj":0,"audienceSEI":0,"audienceSEIadj":0,"audienceSEIrank":221,"audienceScore":0,"combinedScore":0,"combinedScoreRank":221,"engagementSEI":0,"engagementSEIadj":0,"engagementSEIrank":200,"engagementScore":0,"voiceSEI":0,"voiceSEIadj":0,"voiceSEIrank":197,"voiceScore":0},"scoped":{"SEI":0,"SEIrank":203,"SEIadj":0,"audienceSEI":0,"audienceSEIadj":0,"audienceSEIrank":203,"audienceScore":0,"combinedScore":0,"combinedScoreRank":203,"engagementSEI":0,"engagementSEIadj":0,"engagementSEIrank":185,"engagementScore":0,"voiceSEI":0,"voiceSEIadj":0,"voiceSEIrank":183,"voiceScore":0}},"twitter":{"entityString":"5588111e01412cb93c595cd1","type":"twitter","profiles":1,"postsMade":43,"repliesMade":0,"repliesRcvd":0,"sharesMade":0,"sharesRcvd":13,"mentionsRcvd":0,"likesRcvd":172,"reachRcvd":0,"audience":864,"voice":43,"conversation":43,"engagement":185,"group_scoped":{"audienceScore":0.15089357287688027,"voiceScore":1.202797202797203,"engagementScore":0.5635604837481342,"combinedScore":0.5748889741570249,"combinedScoreRank":135,"SEIrank":98,"engagementSEIrank":97,"voiceSEIrank":63,"audienceSEIrank":212,"engagementSEI":2.6133634694165844,"engagementSEIadj":2.6133634694165844,"voiceSEI":6.389301634472511,"voiceSEIadj":6.389301634472511,"audienceSEI":0.9009572670962899,"audienceSEIadj":0.9009572670962899,"SEI":3.574904298701333,"SEIadj":3.574904298701333},"non_scoped":{"SEI":0.8081557133328392,"SEIrank":122,"SEIadj":0,"audienceSEI":0.152602454709393,"audienceSEIadj":0,"audienceSEIrank":217,"audienceScore":0.02477322748130826,"combinedScore":0.07148026898855624,"combinedScoreRank":127,"engagementSEI":0.2952394631429438,"engagementSEIadj":0,"engagementSEIrank":122,"engagementScore":0.06793752685368461,"voiceSEI":2.052505966587112,"voiceSEIadj":0,"voiceSEIrank":94,"voiceScore":0.18195666892349358},"scoped":{"SEI":2.9311992873707866,"SEIrank":111,"SEIadj":0,"audienceSEI":0.7413254624703985,"audienceSEIadj":0,"audienceSEIrank":196,"audienceScore":0.03924144114192594,"combinedScore":0.13555299242259058,"combinedScoreRank":112,"engagementSEI":1.6230917704860501,"engagementSEIadj":0,"engagementSEIrank":110,"engagementScore":0.13021108272274895,"voiceSEI":6.2773722627737225,"voiceSEIadj":0,"voiceSEIrank":83,"voiceScore":0.3280189183004043}},"instagram":{"entityString":"5588111e01412cb93c595cd1","type":"instagram","profiles":1,"postsMade":26,"repliesMade":0,"repliesRcvd":210,"sharesMade":0,"sharesRcvd":0,"mentionsRcvd":0,"likesRcvd":2524,"reachRcvd":0,"audience":1026,"voice":26,"conversation":236,"engagement":2734,"group_scoped":{"audienceScore":0.3383246663742873,"voiceScore":3.3376123234916557,"engagementScore":0.5825461999194578,"combinedScore":0.7080884294208092,"combinedScoreRank":55,"SEIrank":14,"engagementSEIrank":16,"voiceSEIrank":10,"audienceSEIrank":22,"engagementSEI":0.9779268951357617,"engagementSEIadj":0.9779268951357617,"voiceSEI":5.701754385964912,"voiceSEIadj":5.701754385964912,"audienceSEI":1.1939117482777881,"audienceSEIadj":1.1939117482777881,"SEI":2.4166736276987093,"SEIadj":2.4166736276987093},"non_scoped":{"SEI":2.376591019298968,"SEIrank":14,"SEIadj":0,"audienceSEI":0.839497283498069,"audienceSEIadj":0,"audienceSEIrank":22,"audienceScore":0.17416457024128415,"combinedScore":0.39515891615170035,"combinedScoreRank":16,"engagementSEI":0.9701916252661462,"engagementSEIadj":0,"engagementSEIrank":16,"engagementScore":0.30871760243631713,"voiceSEI":5.701754385964912,"voiceSEIadj":0,"voiceSEIrank":10,"voiceScore":2.172096908939014},"scoped":{"SEI":13.330433774859271,"SEIrank":8,"SEIadj":0,"audienceSEI":1.1939117482777881,"audienceSEIadj":0,"audienceSEIrank":17,"audienceScore":0.4376199616122841,"combinedScore":1.7211303397689972,"combinedScoreRank":11,"engagementSEI":2.321434636416126,"engagementSEIadj":0,"engagementSEIrank":11,"engagementScore":1.4408584016695827,"voiceSEI":39.39393939393939,"voiceSEIadj":0,"voiceSEIrank":5,"voiceScore":8.04953560371517}}},"quarter":{"boundaryQuantum":4969914,"combined":{"entityString":"5588111e01412cb93c595cd1","type":"combined","profiles":2,"postsMade":159,"repliesMade":0,"repliesRcvd":305,"sharesMade":0,"sharesRcvd":54,"mentionsRcvd":0,"likesRcvd":3897,"reachRcvd":0,"audience":1890,"voice":159,"conversation":464,"engagement":4256,"group_scoped":{"audienceScore":0.06375075008323014,"voiceScore":0.893660071942446,"engagementScore":0.034664416520331136,"combinedScore":0.07906851596958184,"combinedScoreRank":159,"SEIrank":124,"engagementSEIrank":153,"voiceSEIrank":105,"audienceSEIrank":220,"engagementSEI":0.037367524618359134,"engagementSEIadj":0.037367524618359134,"voiceSEI":2.0553257497414683,"voiceSEIadj":2.0553257497414683,"audienceSEI":0.09824295847493661,"audienceSEIadj":0.09824295847493661,"SEI":0.6488425355409496,"SEIadj":0.6488425355409496},"non_scoped":{"SEI":0.4754320527681614,"SEIrank":122,"SEIadj":0,"audienceSEI":0.07425363312419216,"audienceSEIadj":0,"audienceSEIrank":213,"audienceScore":0.013682635822964936,"combinedScore":0.021662583657514195,"combinedScoreRank":109,"engagementSEI":0.037367524618359134,"engagementSEIadj":0,"engagementSEIrank":89,"engagementScore":0.015384915697457945,"voiceSEI":1.4852872489490891,"voiceSEIadj":0,"voiceSEIrank":109,"voiceScore":0.1426405547730759},"scoped":{"SEI":2.5224706811157898,"SEIrank":113,"SEIadj":0,"audienceSEI":0.969389848590538,"audienceSEIadj":0,"audienceSEIrank":193,"audienceScore":0.039281926385669956,"combinedScore":0.15813352626445987,"combinedScoreRank":85,"engagementSEI":1.1122174050525402,"engagementSEIadj":0,"engagementSEIrank":80,"engagementScore":0.1567339242771863,"voiceSEI":5.86067084408404,"voiceSEIadj":0,"voiceSEIrank":99,"voiceScore":0.30217796191417384}},"facebook":{"entityString":"5588111e01412cb93c595cd1","type":"facebook","profiles":0,"postsMade":0,"repliesMade":0,"repliesRcvd":0,"sharesMade":0,"sharesRcvd":0,"mentionsRcvd":0,"likesRcvd":0,"reachRcvd":0,"audience":0,"voice":0,"conversation":0,"engagement":0,"group_scoped":{"audienceScore":0,"voiceScore":0,"engagementScore":0,"combinedScore":0,"combinedScoreRank":221,"SEIrank":221,"engagementSEIrank":203,"voiceSEIrank":203,"audienceSEIrank":221,"engagementSEI":0,"engagementSEIadj":0,"voiceSEI":0,"voiceSEIadj":0,"audienceSEI":0,"audienceSEIadj":0,"SEI":0,"SEIadj":0},"non_scoped":{"SEI":0,"SEIrank":221,"SEIadj":0,"audienceSEI":0,"audienceSEIadj":0,"audienceSEIrank":221,"audienceScore":0,"combinedScore":0,"combinedScoreRank":221,"engagementSEI":0,"engagementSEIadj":0,"engagementSEIrank":203,"engagementScore":0,"voiceSEI":0,"voiceSEIadj":0,"voiceSEIrank":203,"voiceScore":0},"scoped":{"SEI":0,"SEIrank":203,"SEIadj":0,"audienceSEI":0,"audienceSEIadj":0,"audienceSEIrank":203,"audienceScore":0,"combinedScore":0,"combinedScoreRank":203,"engagementSEI":0,"engagementSEIadj":0,"engagementSEIrank":187,"engagementScore":0,"voiceSEI":0,"voiceSEIadj":0,"voiceSEIrank":187,"voiceScore":0}},"twitter":{"entityString":"5588111e01412cb93c595cd1","type":"twitter","profiles":1,"postsMade":123,"repliesMade":0,"repliesRcvd":0,"sharesMade":0,"sharesRcvd":54,"mentionsRcvd":0,"likesRcvd":415,"reachRcvd":0,"audience":864,"voice":123,"conversation":123,"engagement":469,"group_scoped":{"audienceScore":0.15089357287688027,"voiceScore":1.2150548256445717,"engagementScore":0.5367299527357206,"combinedScore":0.5513543773882211,"combinedScoreRank":132,"SEIrank":99,"engagementSEIrank":104,"voiceSEIrank":62,"audienceSEIrank":212,"engagementSEI":2.2535075917739764,"engagementSEIadj":2.2535075917739764,"voiceSEI":5.598543468365953,"voiceSEIadj":5.598543468365953,"audienceSEI":0.9009572670962899,"audienceSEIadj":0.9009572670962899,"SEI":3.1217633222838006,"SEIadj":3.1217633222838006},"non_scoped":{"SEI":0.7831189306184642,"SEIrank":124,"SEIadj":0,"audienceSEI":0.152602454709393,"audienceSEIadj":0,"audienceSEIrank":217,"audienceScore":0.02477322748130826,"combinedScore":0.06378268155826518,"combinedScoreRank":140,"engagementSEI":0.25373844921984895,"engagementSEIadj":0,"engagementSEIrank":133,"engagementScore":0.059547162241258694,"voiceSEI":2.0520520520520518,"voiceSEIadj":0,"voiceSEIrank":98,"voiceScore":0.1790314833413388},"scoped":{"SEI":2.955703470007125,"SEIrank":119,"SEIadj":0,"audienceSEI":0.7413254624703985,"audienceSEIadj":0,"audienceSEIrank":196,"audienceScore":0.03924144114192594,"combinedScore":0.12477508614823896,"combinedScoreRank":128,"engagementSEI":1.5452029520295203,"engagementSEIadj":0,"engagementSEIrank":121,"engagementScore":0.11826143088766677,"voiceSEI":6.514830508474577,"voiceSEIadj":0,"voiceSEIrank":87,"voiceScore":0.327554525844851}},"instagram":{"entityString":"5588111e01412cb93c595cd1","type":"instagram","profiles":1,"postsMade":36,"repliesMade":0,"repliesRcvd":305,"sharesMade":0,"sharesRcvd":0,"mentionsRcvd":0,"likesRcvd":3482,"reachRcvd":0,"audience":1026,"voice":36,"conversation":341,"engagement":3787,"group_scoped":{"audienceScore":0.3383246663742873,"voiceScore":2.07492795389049,"engagementScore":0.31431846345,"combinedScore":0.40354924811823883,"combinedScoreRank":56,"SEIrank":18,"engagementSEIrank":18,"voiceSEIrank":12,"audienceSEIrank":22,"engagementSEI":0.5747972576084367,"engagementSEIadj":0.5747972576084367,"voiceSEI":3.7151702786377707,"voiceSEIadj":3.7151702786377707,"audienceSEI":1.1939117482777881,"audienceSEIadj":1.1939117482777881,"SEI":1.578820612984172,"SEIadj":1.578820612984172},"non_scoped":{"SEI":1.4884335539760265,"SEIrank":18,"SEIadj":0,"audienceSEI":0.839497283498069,"audienceSEIadj":0,"audienceSEIrank":22,"audienceScore":0.17416457024128415,"combinedScore":0.2166896011859812,"combinedScoreRank":18,"engagementSEI":0.483221236724814,"engagementSEIadj":0,"engagementSEIrank":18,"engagementScore":0.1601935689917365,"voiceSEI":3.7151702786377707,"voiceSEIadj":0,"voiceSEIrank":12,"voiceScore":1.2761432116270826},"scoped":{"SEI":7.603601298251074,"SEIrank":11,"SEIadj":0,"audienceSEI":1.1939117482777881,"audienceSEIadj":0,"audienceSEIrank":17,"audienceScore":0.4376199616122841,"combinedScore":0.8811124321401926,"combinedScoreRank":13,"engagementSEI":1.0087153861725817,"engagementSEIadj":0,"engagementSEIrank":13,"engagementScore":0.6936049876554063,"voiceSEI":22.929936305732486,"voiceSEIadj":0,"voiceSEIrank":7,"voiceScore":4.699738903394255}}},"blended":{"combined":{"non_scoped":{"SEI":0.5602446637102798,"SEIadj":50.28012233185514,"SEIrank":107,"audienceSEI":0.07425363312419216,"audienceSEIadj":20.059402906499354,"audienceSEIrank":213,"engagementSEI":0.0542647040361199,"engagementSEIadj":50.02713235201806,"engagementSEIrank":78,"voiceSEI":1.7342015932539625,"voiceSEIadj":50.86710079662698,"voiceSEIrank":97},"scoped":{"SEI":17.4045219829704,"SEIadj":66.96180879318815,"SEIrank":37,"compCharisma":3,"compInfluence":12,"compEva":2.404521982970402,"audienceSEI":0.969389848590538,"audienceSEIadj":20.77551187887243,"audienceSEIrank":193,"engagementSEI":1.662904336275345,"engagementSEIadj":50.83145216813767,"engagementSEIrank":68,"voiceSEI":6.897210426034928,"voiceSEIadj":53.448605213017466,"voiceSEIrank":85}},"facebook":{"non_scoped":{"SEI":0,"SEIadj":0,"SEIrank":221,"audienceSEI":0,"audienceSEIadj":0,"audienceSEIrank":221,"engagementSEI":0,"engagementSEIadj":0,"engagementSEIrank":203,"voiceSEI":0,"voiceSEIadj":0,"voiceSEIrank":203},"scoped":{"SEI":0,"SEIadj":0,"SEIrank":203,"audienceSEI":0,"audienceSEIadj":0,"audienceSEIrank":203,"engagementSEI":0,"engagementSEIadj":0,"engagementSEIrank":187,"voiceSEI":0,"voiceSEIadj":0,"voiceSEIrank":187}},"twitter":{"non_scoped":{"SEI":0.8141629388617259,"SEIadj":50.407081469430864,"SEIrank":124,"audienceSEI":0.152602454709393,"audienceSEIadj":20.122081963767513,"audienceSEIrank":217,"engagementSEI":0.2357382817132688,"engagementSEIadj":50.117869140856634,"engagementSEIrank":133,"voiceSEI":2.1915324145427517,"voiceSEIadj":51.095766207271375,"voiceSEIrank":98},"scoped":{"SEI":2.9596630137646356,"SEIadj":51.47983150688232,"SEIrank":119,"audienceSEI":0.7413254624703985,"audienceSEIadj":20.593060369976318,"audienceSEIrank":196,"engagementSEI":1.4226515630676062,"engagementSEIadj":50.7113257815338,"engagementSEIrank":121,"voiceSEI":6.773131765590105,"voiceSEIadj":53.386565882795054,"voiceSEIrank":87}},"instagram":{"non_scoped":{"SEI":1.6995979382285336,"SEIadj":70.50987938146856,"SEIrank":18,"audienceSEI":0.839497283498069,"audienceSEIadj":60.33579891339923,"audienceSEIrank":22,"engagementSEI":0.6220371535720194,"engagementSEIadj":70.18661114607161,"engagementSEIrank":17,"voiceSEI":4.14141972578505,"voiceSEIadj":71.24242591773552,"voiceSEIrank":12},"scoped":{"SEI":9.577365082912241,"SEIadj":72.87320952487367,"SEIrank":9,"audienceSEI":1.1939117482777881,"audienceSEIadj":70.35817352448333,"audienceSEIrank":17,"engagementSEI":2.0762603158288617,"engagementSEIadj":70.62287809474866,"engagementSEIrank":12,"voiceSEI":27.37405906195715,"voiceSEIadj":78.21221771858714,"voiceSEIrank":7}},"influence":{"facebook":{"scope":"individual","ratio":0,"calculated":false},"combined":{"ratio":2,"bottom":true,"scope":"individual","calculated":true},"twitter":{"ratio":2,"bottom":true,"scope":"individual","calculated":true},"instagram":{"ratio":1.03,"bottom":false,"scope":"individual","calculated":true}},"charisma":{"facebook":{"scope":"individual","ratio":0,"calculated":false},"combined":{"ratio":0.5,"bottom":false,"scope":"individual","calculated":true},"twitter":{"ratio":0.37,"bottom":false,"scope":"individual","calculated":true},"instagram":{"ratio":0.12,"bottom":false,"scope":"individual","calculated":true}}},"scope":"individual"}}