{"scoreEntityString":"591d1494ab33fb0001804f89.asset.5588113201412cb93c595cd2","timeQuantum":4995834,"scoreEntityType":"asset","scoreProfileID":"591d1494ab33fb0001804f89","data":{"scoreEntityString":"591d1494ab33fb0001804f89.asset.5588113201412cb93c595cd2","scoreProfileID":"591d1494ab33fb0001804f89","scoreEntityType":"asset","entityID":"asset.5588113201412cb93c595cd2","object_version":"1.2","score_engine_version":"3.0.20","timestamp":4995834,"start_quantum":4969914,"end_quantum":4995833,"schedule_options":{"interval":15,"offset":"1"},"_15min":{"boundaryQuantum":4995831,"combined":{"entityString":"5588113201412cb93c595cd2","type":"combined","profiles":2,"postsMade":0,"repliesMade":0,"repliesRcvd":0,"sharesMade":0,"sharesRcvd":0,"mentionsRcvd":0,"likesRcvd":0,"reachRcvd":0,"audience":11911,"voice":0,"conversation":0,"engagement":0,"group_scoped":{"audienceScore":0.4017646477467483,"voiceScore":0,"engagementScore":0,"combinedScore":0.4017646477467483,"engagementSEI":0,"engagementSEIadj":0,"voiceSEI":0,"voiceSEIadj":0,"audienceSEI":0.6191385599973386,"audienceSEIadj":0.6191385599973386,"SEI":0.06191385599973386,"SEIadj":0.06191385599973386,"combinedScoreRank":149,"SEIrank":149,"engagementSEIrank":120,"voiceSEIrank":114,"audienceSEIrank":148},"non_scoped":{"SEI":0.04679550392287052,"SEIrank":120,"SEIadj":0,"audienceSEI":0.4679550392287051,"audienceSEIadj":0,"audienceSEIrank":119,"audienceScore":0.08622956364409277,"combinedScore":0.004311478182204639,"combinedScoreRank":120,"engagementSEI":0,"engagementSEIadj":0,"engagementSEIrank":120,"engagementScore":0,"voiceSEI":0,"voiceSEIadj":0,"voiceSEIrank":114,"voiceScore":0},"scoped":{"SEI":0.6109207664847566,"SEIrank":108,"SEIadj":0,"audienceSEI":6.109207664847565,"audienceSEIadj":0,"audienceSEIrank":107,"audienceScore":0.2475592725818597,"combinedScore":0.012377963629092985,"combinedScoreRank":108,"engagementSEI":0,"engagementSEIadj":0,"engagementSEIrank":107,"engagementScore":0,"voiceSEI":0,"voiceSEIadj":0,"voiceSEIrank":104,"voiceScore":0}},"facebook":{"entityString":"5588113201412cb93c595cd2","type":"facebook","profiles":0,"postsMade":0,"repliesMade":0,"repliesRcvd":0,"sharesMade":0,"sharesRcvd":0,"mentionsRcvd":0,"likesRcvd":0,"reachRcvd":0,"audience":0,"voice":0,"conversation":0,"engagement":0,"group_scoped":{"audienceScore":0,"voiceScore":0,"engagementScore":0,"combinedScore":0,"engagementSEI":0,"engagementSEIadj":0,"voiceSEI":0,"voiceSEIadj":0,"audienceSEI":0,"audienceSEIadj":0,"SEI":0,"SEIadj":0,"combinedScoreRank":219,"SEIrank":219,"engagementSEIrank":118,"voiceSEIrank":114,"audienceSEIrank":219},"non_scoped":{"SEI":0,"SEIrank":219,"SEIadj":0,"audienceSEI":0,"audienceSEIadj":0,"audienceSEIrank":219,"audienceScore":0,"combinedScore":0,"combinedScoreRank":219,"engagementSEI":0,"engagementSEIadj":0,"engagementSEIrank":118,"engagementScore":0,"voiceSEI":0,"voiceSEIadj":0,"voiceSEIrank":114,"voiceScore":0},"scoped":{"SEI":0,"SEIrank":201,"SEIadj":0,"audienceSEI":0,"audienceSEIadj":0,"audienceSEIrank":201,"audienceScore":0,"combinedScore":0,"combinedScoreRank":201,"engagementSEI":0,"engagementSEIadj":0,"engagementSEIrank":105,"engagementScore":0,"voiceSEI":0,"voiceSEIadj":0,"voiceSEIrank":104,"voiceScore":0}},"twitter":{"entityString":"5588113201412cb93c595cd2","type":"twitter","profiles":1,"postsMade":0,"repliesMade":0,"repliesRcvd":0,"sharesMade":0,"sharesRcvd":0,"mentionsRcvd":0,"likesRcvd":0,"reachRcvd":0,"audience":4965,"voice":0,"conversation":0,"engagement":0,"group_scoped":{"audienceScore":0.867114108025128,"voiceScore":0,"engagementScore":0,"combinedScore":0.867114108025128,"engagementSEI":0,"engagementSEIadj":0,"voiceSEI":0,"voiceSEIadj":0,"audienceSEI":5.177375961959582,"audienceSEIadj":5.177375961959582,"SEI":0.5177375961959582,"SEIadj":0.5177375961959582,"combinedScoreRank":151,"SEIrank":89,"engagementSEIrank":115,"voiceSEIrank":114,"audienceSEIrank":88},"non_scoped":{"SEI":0.08769342449446021,"SEIrank":127,"SEIadj":0,"audienceSEI":0.8769342449446021,"audienceSEIadj":0,"audienceSEIrank":127,"audienceScore":0.14236003986654572,"combinedScore":0.007118001993327286,"combinedScoreRank":127,"engagementSEI":0,"engagementSEIadj":0,"engagementSEIrank":115,"engagementScore":0,"voiceSEI":0,"voiceSEIadj":0,"voiceSEIrank":114,"voiceScore":0},"scoped":{"SEI":0.4260047362460102,"SEIrank":113,"SEIadj":0,"audienceSEI":4.260047362460102,"audienceSEIadj":0,"audienceSEIrank":113,"audienceScore":0.22550203156210913,"combinedScore":0.03221457593744416,"combinedScoreRank":113,"engagementSEI":0,"engagementSEIadj":0,"engagementSEIrank":105,"engagementScore":0,"voiceSEI":0,"voiceSEIadj":0,"voiceSEIrank":104,"voiceScore":0}},"instagram":{"entityString":"5588113201412cb93c595cd2","type":"instagram","profiles":1,"postsMade":0,"repliesMade":0,"repliesRcvd":0,"sharesMade":0,"sharesRcvd":0,"mentionsRcvd":0,"likesRcvd":0,"reachRcvd":0,"audience":6946,"voice":0,"conversation":0,"engagement":0,"group_scoped":{"audienceScore":2.290451396331189,"voiceScore":0,"engagementScore":0,"combinedScore":2.290451396331189,"engagementSEI":0,"engagementSEIadj":0,"voiceSEI":0,"voiceSEIadj":0,"audienceSEI":8.082759262707132,"audienceSEIadj":8.082759262707132,"SEI":0.8082759262707132,"SEIadj":0.8082759262707132,"combinedScoreRank":50,"SEIrank":14,"engagementSEIrank":116,"voiceSEIrank":114,"audienceSEIrank":14},"non_scoped":{"SEI":0.5683380244812464,"SEIrank":13,"SEIadj":0,"audienceSEI":5.683380244812463,"audienceSEIadj":0,"audienceSEIrank":13,"audienceScore":1.1790907455126312,"combinedScore":0.168441535073233,"combinedScoreRank":13,"engagementSEI":0,"engagementSEIadj":0,"engagementSEIrank":116,"engagementScore":0,"voiceSEI":0,"voiceSEIadj":0,"voiceSEIrank":114,"voiceScore":0},"scoped":{"SEI":0.8082759262707132,"SEIrank":9,"SEIadj":0,"audienceSEI":8.082759262707132,"audienceSEIadj":0,"audienceSEIrank":9,"audienceScore":2.962678609511623,"combinedScore":0.42323980135880324,"combinedScoreRank":9,"engagementSEI":0,"engagementSEIadj":0,"engagementSEIrank":105,"engagementScore":0,"voiceSEI":0,"voiceSEIadj":0,"voiceSEIrank":104,"voiceScore":0}}},"hour":{"boundaryQuantum":4995822,"combined":{"entityString":"5588113201412cb93c595cd2","type":"combined","profiles":2,"postsMade":0,"repliesMade":0,"repliesRcvd":0,"sharesMade":0,"sharesRcvd":0,"mentionsRcvd":0,"likesRcvd":2,"reachRcvd":0,"audience":11911,"voice":0,"conversation":0,"engagement":2,"group_scoped":{"audienceScore":0.4017646477467483,"voiceScore":0,"engagementScore":0.06540222367560497,"combinedScore":0.11345399854291116,"combinedScoreRank":215,"SEIrank":131,"engagementSEIrank":61,"voiceSEIrank":122,"audienceSEIrank":148,"engagementSEI":0.06664445184938354,"engagementSEIadj":0.06664445184938354,"voiceSEI":0,"voiceSEIadj":0,"audienceSEI":0.6191385599973386,"audienceSEIadj":0.6191385599973386,"SEI":0.10190052710936398,"SEIadj":0.10190052710936398},"non_scoped":{"SEI":0.08678217503250064,"SEIrank":99,"SEIadj":0,"audienceSEI":0.4679550392287051,"audienceSEIadj":0,"audienceSEIrank":119,"audienceScore":0.08622956364409277,"combinedScore":0.0248664627659662,"combinedScoreRank":70,"engagementSEI":0.06664445184938354,"engagementSEIadj":0,"engagementSEIrank":54,"engagementScore":0.022838871759735067,"voiceSEI":0,"voiceSEIadj":0,"voiceSEIrank":122,"voiceScore":0},"scoped":{"SEI":1.5786627019686275,"SEIrank":76,"SEIadj":0,"audienceSEI":6.109207664847565,"audienceSEIadj":0,"audienceSEIrank":107,"audienceScore":0.2475592725818597,"combinedScore":0.3667086722905103,"combinedScoreRank":52,"engagementSEI":1.6129032258064515,"engagementSEIadj":0,"engagementSEIrank":45,"engagementScore":0.39370078740157477,"voiceSEI":0,"voiceSEIadj":0,"voiceSEIrank":109,"voiceScore":0}},"facebook":{"entityString":"5588113201412cb93c595cd2","type":"facebook","profiles":0,"postsMade":0,"repliesMade":0,"repliesRcvd":0,"sharesMade":0,"sharesRcvd":0,"mentionsRcvd":0,"likesRcvd":0,"reachRcvd":0,"audience":0,"voice":0,"conversation":0,"engagement":0,"group_scoped":{"audienceScore":0,"voiceScore":0,"engagementScore":0,"combinedScore":0,"combinedScoreRank":219,"SEIrank":219,"engagementSEIrank":138,"voiceSEIrank":119,"audienceSEIrank":219,"engagementSEI":0,"engagementSEIadj":0,"voiceSEI":0,"voiceSEIadj":0,"audienceSEI":0,"audienceSEIadj":0,"SEI":0,"SEIadj":0},"non_scoped":{"SEI":0,"SEIrank":219,"SEIadj":0,"audienceSEI":0,"audienceSEIadj":0,"audienceSEIrank":219,"audienceScore":0,"combinedScore":0,"combinedScoreRank":219,"engagementSEI":0,"engagementSEIadj":0,"engagementSEIrank":138,"engagementScore":0,"voiceSEI":0,"voiceSEIadj":0,"voiceSEIrank":119,"voiceScore":0},"scoped":{"SEI":0,"SEIrank":201,"SEIadj":0,"audienceSEI":0,"audienceSEIadj":0,"audienceSEIrank":201,"audienceScore":0,"combinedScore":0,"combinedScoreRank":201,"engagementSEI":0,"engagementSEIadj":0,"engagementSEIrank":124,"engagementScore":0,"voiceSEI":0,"voiceSEIadj":0,"voiceSEIrank":106,"voiceScore":0}},"twitter":{"entityString":"5588113201412cb93c595cd2","type":"twitter","profiles":1,"postsMade":0,"repliesMade":0,"repliesRcvd":0,"sharesMade":0,"sharesRcvd":0,"mentionsRcvd":0,"likesRcvd":2,"reachRcvd":0,"audience":4965,"voice":0,"conversation":0,"engagement":2,"group_scoped":{"audienceScore":0.867114108025128,"voiceScore":0,"engagementScore":7.142857142857142,"combinedScore":6.2463224235954256,"combinedScoreRank":37,"SEIrank":28,"engagementSEIrank":17,"voiceSEIrank":121,"audienceSEIrank":88,"engagementSEI":13.333333333333334,"engagementSEIadj":13.333333333333334,"voiceSEI":0,"voiceSEIadj":0,"audienceSEI":5.177375961959582,"audienceSEIadj":5.177375961959582,"SEI":8.517737596195959,"SEIadj":8.517737596195959},"non_scoped":{"SEI":1.209188751597264,"SEIrank":38,"SEIadj":0,"audienceSEI":0.8769342449446021,"audienceSEIadj":0,"audienceSEIrank":127,"audienceScore":0.14236003986654572,"combinedScore":0.6214524729830884,"combinedScoreRank":26,"engagementSEI":1.8691588785046727,"engagementSEIadj":0,"engagementSEIrank":24,"engagementScore":0.6825938566552902,"voiceSEI":0,"voiceSEIadj":0,"voiceSEIrank":121,"voiceScore":0},"scoped":{"SEI":7.926004736246011,"SEIrank":27,"SEIadj":0,"audienceSEI":4.260047362460102,"audienceSEIadj":0,"audienceSEIrank":113,"audienceScore":0.22550203156210913,"combinedScore":1.6328967231997271,"combinedScoreRank":20,"engagementSEI":12.5,"engagementSEIadj":0,"engagementSEIrank":18,"engagementScore":1.8018018018018018,"voiceSEI":0,"voiceSEIadj":0,"voiceSEIrank":108,"voiceScore":0}},"instagram":{"entityString":"5588113201412cb93c595cd2","type":"instagram","profiles":1,"postsMade":0,"repliesMade":0,"repliesRcvd":0,"sharesMade":0,"sharesRcvd":0,"mentionsRcvd":0,"likesRcvd":0,"reachRcvd":0,"audience":6946,"voice":0,"conversation":0,"engagement":0,"group_scoped":{"audienceScore":2.290451396331189,"voiceScore":0,"engagementScore":0,"combinedScore":2.290451396331189,"combinedScoreRank":50,"SEIrank":14,"engagementSEIrank":118,"voiceSEIrank":115,"audienceSEIrank":14,"engagementSEI":0,"engagementSEIadj":0,"voiceSEI":0,"voiceSEIadj":0,"audienceSEI":8.082759262707132,"audienceSEIadj":8.082759262707132,"SEI":0.8082759262707132,"SEIadj":0.8082759262707132},"non_scoped":{"SEI":0.5683380244812464,"SEIrank":14,"SEIadj":0,"audienceSEI":5.683380244812463,"audienceSEIadj":0,"audienceSEIrank":13,"audienceScore":1.1790907455126312,"combinedScore":0.05895453727563156,"combinedScoreRank":14,"engagementSEI":0,"engagementSEIadj":0,"engagementSEIrank":118,"engagementScore":0,"voiceSEI":0,"voiceSEIadj":0,"voiceSEIrank":115,"voiceScore":0},"scoped":{"SEI":0.8082759262707132,"SEIrank":9,"SEIadj":0,"audienceSEI":8.082759262707132,"audienceSEIadj":0,"audienceSEIrank":9,"audienceScore":2.962678609511623,"combinedScore":0.42323980135880324,"combinedScoreRank":9,"engagementSEI":0,"engagementSEIadj":0,"engagementSEIrank":106,"engagementScore":0,"voiceSEI":0,"voiceSEIadj":0,"voiceSEIrank":104,"voiceScore":0}}},"today":{"boundaryQuantum":4995546,"combined":{"entityString":"5588113201412cb93c595cd2","type":"combined","profiles":2,"postsMade":11,"repliesMade":0,"repliesRcvd":0,"sharesMade":0,"sharesRcvd":7,"mentionsRcvd":0,"likesRcvd":82,"reachRcvd":0,"audience":11911,"voice":11,"conversation":11,"engagement":89,"group_scoped":{"audienceScore":0.4017646477467483,"voiceScore":4.365079365079365,"engagementScore":0.08606933900681786,"combinedScore":0.31580460574744174,"combinedScoreRank":103,"SEIrank":39,"engagementSEIrank":92,"voiceSEIrank":19,"audienceSEIrank":148,"engagementSEI":0.09044531615211072,"engagementSEIadj":0.09044531615211072,"voiceSEI":8.661417322834646,"voiceSEIadj":8.661417322834646,"audienceSEI":0.6191385599973386,"audienceSEIadj":0.6191385599973386,"SEI":2.7146062425413944,"SEIadj":2.7146062425413944},"non_scoped":{"SEI":2.3613366662168764,"SEIrank":26,"SEIadj":0,"audienceSEI":0.4679550392287051,"audienceSEIadj":0,"audienceSEIrank":119,"audienceScore":0.08622956364409277,"combinedScore":0.07249637189961289,"combinedScoreRank":55,"engagementSEI":0.09044531615211072,"engagementSEIadj":0,"engagementSEIrank":59,"engagementScore":0.033115416528685764,"voiceSEI":7.534246575342466,"voiceSEIadj":0,"voiceSEIrank":20,"voiceScore":0.7676203768318213},"scoped":{"SEI":15.651084941213574,"SEIrank":34,"SEIadj":0,"audienceSEI":6.109207664847565,"audienceSEIadj":0,"audienceSEIrank":107,"audienceScore":0.2475592725818597,"combinedScore":0.4337146479116212,"combinedScoreRank":47,"engagementSEI":4.696569920844327,"engagementSEIadj":0,"engagementSEIrank":50,"engagementScore":0.3681336863004632,"voiceSEI":40.74074074074074,"voiceSEIadj":0,"voiceSEIrank":12,"voiceScore":1.800327332242226}},"facebook":{"entityString":"5588113201412cb93c595cd2","type":"facebook","profiles":0,"postsMade":0,"repliesMade":0,"repliesRcvd":0,"sharesMade":0,"sharesRcvd":0,"mentionsRcvd":0,"likesRcvd":0,"reachRcvd":0,"audience":0,"voice":0,"conversation":0,"engagement":0,"group_scoped":{"audienceScore":0,"voiceScore":0,"engagementScore":0,"combinedScore":0,"combinedScoreRank":219,"SEIrank":219,"engagementSEIrank":169,"voiceSEIrank":155,"audienceSEIrank":219,"engagementSEI":0,"engagementSEIadj":0,"voiceSEI":0,"voiceSEIadj":0,"audienceSEI":0,"audienceSEIadj":0,"SEI":0,"SEIadj":0},"non_scoped":{"SEI":0,"SEIrank":219,"SEIadj":0,"audienceSEI":0,"audienceSEIadj":0,"audienceSEIrank":219,"audienceScore":0,"combinedScore":0,"combinedScoreRank":219,"engagementSEI":0,"engagementSEIadj":0,"engagementSEIrank":169,"engagementScore":0,"voiceSEI":0,"voiceSEIadj":0,"voiceSEIrank":155,"voiceScore":0},"scoped":{"SEI":0,"SEIrank":201,"SEIadj":0,"audienceSEI":0,"audienceSEIadj":0,"audienceSEIrank":201,"audienceScore":0,"combinedScore":0,"combinedScoreRank":201,"engagementSEI":0,"engagementSEIadj":0,"engagementSEIrank":155,"engagementScore":0,"voiceSEI":0,"voiceSEIadj":0,"voiceSEIrank":141,"voiceScore":0}},"twitter":{"entityString":"5588113201412cb93c595cd2","type":"twitter","profiles":1,"postsMade":11,"repliesMade":0,"repliesRcvd":0,"sharesMade":0,"sharesRcvd":7,"mentionsRcvd":0,"likesRcvd":60,"reachRcvd":0,"audience":4965,"voice":11,"conversation":11,"engagement":67,"group_scoped":{"audienceScore":0.867114108025128,"voiceScore":7.534246575342466,"engagementScore":5.491803278688525,"combinedScore":5.362690984988052,"combinedScoreRank":31,"SEIrank":19,"engagementSEIrank":21,"voiceSEIrank":10,"audienceSEIrank":88,"engagementSEI":18.76750700280112,"engagementSEIadj":18.76750700280112,"voiceSEI":27.500000000000004,"voiceSEIadj":27.500000000000004,"audienceSEI":5.177375961959582,"audienceSEIadj":5.177375961959582,"SEI":20.028241797876632,"SEIadj":20.028241797876632},"non_scoped":{"SEI":5.7479626726841015,"SEIrank":19,"SEIadj":0,"audienceSEI":0.8769342449446021,"audienceSEIadj":0,"audienceSEIrank":127,"audienceScore":0.14236003986654572,"combinedScore":0.7699874310536751,"combinedScoreRank":29,"engagementSEI":3.2540067994171933,"engagementSEIadj":0,"engagementSEIrank":27,"engagementScore":0.7783457249070632,"voiceSEI":12.359550561797752,"voiceSEIadj":0,"voiceSEIrank":16,"voiceScore":1.2471655328798186},"scoped":{"SEI":29.029149972138704,"SEIrank":16,"SEIadj":0,"audienceSEI":4.260047362460102,"audienceSEIadj":0,"audienceSEIrank":113,"audienceScore":0.22550203156210913,"combinedScore":1.6282311479965643,"combinedScoreRank":19,"engagementSEI":23.75886524822695,"engagementSEIadj":0,"engagementSEIrank":20,"engagementScore":1.6567754698318498,"voiceSEI":47.82608695652174,"voiceSEIadj":0,"voiceSEIrank":8,"voiceScore":2.517162471395881}},"instagram":{"entityString":"5588113201412cb93c595cd2","type":"instagram","profiles":1,"postsMade":0,"repliesMade":0,"repliesRcvd":0,"sharesMade":0,"sharesRcvd":0,"mentionsRcvd":0,"likesRcvd":22,"reachRcvd":0,"audience":6946,"voice":0,"conversation":0,"engagement":22,"group_scoped":{"audienceScore":2.290451396331189,"voiceScore":0,"engagementScore":0.1452241072017955,"combinedScore":0.45168514850599456,"combinedScoreRank":58,"SEIrank":19,"engagementSEIrank":18,"voiceSEIrank":121,"audienceSEIrank":14,"engagementSEI":0.16950458432853072,"engagementSEIadj":0.16950458432853072,"voiceSEI":0,"voiceSEIadj":0,"audienceSEI":8.082759262707132,"audienceSEIadj":8.082759262707132,"SEI":0.9099786768678316,"SEIadj":0.9099786768678316},"non_scoped":{"SEI":0.6700407750783648,"SEIrank":19,"SEIadj":0,"audienceSEI":5.683380244812463,"audienceSEIadj":0,"audienceSEIrank":13,"audienceScore":1.1790907455126312,"combinedScore":0.1259142937856079,"combinedScoreRank":19,"engagementSEI":0.16950458432853072,"engagementSEIadj":0,"engagementSEIrank":18,"engagementScore":0.07439972945552925,"voiceSEI":0,"voiceSEIadj":0,"voiceSEIrank":121,"voiceScore":0},"scoped":{"SEI":3.1445591121114207,"SEIrank":13,"SEIadj":0,"audienceSEI":8.082759262707132,"audienceSEIadj":0,"audienceSEIrank":9,"audienceScore":2.962678609511623,"combinedScore":1.0605763267889452,"combinedScoreRank":13,"engagementSEI":3.893805309734513,"engagementSEIadj":0,"engagementSEIrank":13,"engagementScore":1.0138248847926268,"voiceSEI":0,"voiceSEIadj":0,"voiceSEIrank":109,"voiceScore":0}}},"week":{"boundaryQuantum":4993818,"combined":{"entityString":"5588113201412cb93c595cd2","type":"combined","profiles":2,"postsMade":19,"repliesMade":0,"repliesRcvd":105,"sharesMade":0,"sharesRcvd":208,"mentionsRcvd":0,"likesRcvd":1702,"reachRcvd":0,"audience":11911,"voice":19,"conversation":124,"engagement":2015,"group_scoped":{"audienceScore":0.4017646477467483,"voiceScore":1.3277428371767994,"engagementScore":0.23228308333602313,"combinedScore":0.2955301492485982,"combinedScoreRank":101,"SEIrank":87,"engagementSEIrank":84,"voiceSEIrank":74,"audienceSEIrank":148,"engagementSEI":0.2540493448300643,"engagementSEIadj":0.2540493448300643,"voiceSEI":3.079416531604538,"voiceSEIadj":3.079416531604538,"audienceSEI":0.6191385599973386,"audienceSEIadj":0.6191385599973386,"SEI":1.1381684223791337,"SEIadj":1.1381684223791337},"non_scoped":{"SEI":0.8818598413598313,"SEIrank":69,"SEIadj":0,"audienceSEI":0.4679550392287051,"audienceSEIadj":0,"audienceSEIrank":119,"audienceScore":0.08622956364409277,"combinedScore":0.11160470188724451,"combinedScoreRank":45,"engagementSEI":0.2540493448300643,"engagementSEIadj":0,"engagementSEIrank":37,"engagementScore":0.10655055916570118,"voiceSEI":2.2754491017964074,"voiceSEIadj":0,"voiceSEIrank":72,"voiceScore":0.22795440911817635},"scoped":{"SEI":7.237863959067184,"SEIrank":49,"SEIadj":0,"audienceSEI":6.109207664847565,"audienceSEIadj":0,"audienceSEIrank":107,"audienceScore":0.2475592725818597,"combinedScore":0.9449142790833271,"combinedScoreRank":29,"engagementSEI":6.896433705250188,"engagementSEIadj":0,"engagementSEIrank":28,"engagementScore":1.0093471052025207,"voiceSEI":8.296943231441048,"voiceSEIadj":0,"voiceSEIrank":62,"voiceScore":0.4824784154393093}},"facebook":{"entityString":"5588113201412cb93c595cd2","type":"facebook","profiles":0,"postsMade":0,"repliesMade":0,"repliesRcvd":0,"sharesMade":0,"sharesRcvd":0,"mentionsRcvd":0,"likesRcvd":0,"reachRcvd":0,"audience":0,"voice":0,"conversation":0,"engagement":0,"group_scoped":{"audienceScore":0,"voiceScore":0,"engagementScore":0,"combinedScore":0,"combinedScoreRank":219,"SEIrank":219,"engagementSEIrank":190,"voiceSEIrank":179,"audienceSEIrank":219,"engagementSEI":0,"engagementSEIadj":0,"voiceSEI":0,"voiceSEIadj":0,"audienceSEI":0,"audienceSEIadj":0,"SEI":0,"SEIadj":0},"non_scoped":{"SEI":0,"SEIrank":219,"SEIadj":0,"audienceSEI":0,"audienceSEIadj":0,"audienceSEIrank":219,"audienceScore":0,"combinedScore":0,"combinedScoreRank":219,"engagementSEI":0,"engagementSEIadj":0,"engagementSEIrank":190,"engagementScore":0,"voiceSEI":0,"voiceSEIadj":0,"voiceSEIrank":179,"voiceScore":0},"scoped":{"SEI":0,"SEIrank":201,"SEIadj":0,"audienceSEI":0,"audienceSEIadj":0,"audienceSEIrank":201,"audienceScore":0,"combinedScore":0,"combinedScoreRank":201,"engagementSEI":0,"engagementSEIadj":0,"engagementSEIrank":176,"engagementScore":0,"voiceSEI":0,"voiceSEIadj":0,"voiceSEIrank":165,"voiceScore":0}},"twitter":{"entityString":"5588113201412cb93c595cd2","type":"twitter","profiles":1,"postsMade":16,"repliesMade":0,"repliesRcvd":0,"sharesMade":0,"sharesRcvd":208,"mentionsRcvd":0,"likesRcvd":324,"reachRcvd":0,"audience":4965,"voice":16,"conversation":16,"engagement":532,"group_scoped":{"audienceScore":0.867114108025128,"voiceScore":2.038216560509554,"engagementScore":6.48622287247013,"combinedScore":5.982867118649851,"combinedScoreRank":28,"SEIrank":21,"engagementSEIrank":16,"voiceSEIrank":38,"audienceSEIrank":88,"engagementSEI":36.689655172413794,"engagementSEIadj":36.689655172413794,"voiceSEI":10.526315789473683,"voiceSEIadj":10.526315789473683,"audienceSEI":5.177375961959582,"audienceSEIadj":5.177375961959582,"SEI":25.68942543648634,"SEIadj":25.68942543648634},"non_scoped":{"SEI":3.532907665145488,"SEIrank":39,"SEIadj":0,"audienceSEI":0.8769342449446021,"audienceSEIadj":0,"audienceSEIrank":127,"audienceScore":0.14236003986654572,"combinedScore":0.7945457064999076,"combinedScoreRank":27,"engagementSEI":4.0542600213382105,"engagementSEIadj":0,"engagementSEIrank":26,"engagementScore":0.8574836401147611,"voiceSEI":3.375527426160337,"voiceSEIadj":0,"voiceSEIrank":65,"voiceScore":0.3138485680659082},"scoped":{"SEI":18.034396344637617,"SEIrank":24,"SEIadj":0,"audienceSEI":4.260047362460102,"audienceSEIadj":0,"audienceSEIrank":113,"audienceScore":0.22550203156210913,"combinedScore":1.4295254310055465,"combinedScoreRank":19,"engagementSEI":24.801864801864802,"engagementSEIadj":0,"engagementSEIrank":18,"engagementScore":1.5444463798409105,"voiceSEI":9.090909090909092,"voiceSEIadj":0,"voiceSEIrank":54,"voiceScore":0.5649717514124294}},"instagram":{"entityString":"5588113201412cb93c595cd2","type":"instagram","profiles":1,"postsMade":3,"repliesMade":0,"repliesRcvd":105,"sharesMade":0,"sharesRcvd":0,"mentionsRcvd":0,"likesRcvd":1378,"reachRcvd":0,"audience":6946,"voice":3,"conversation":108,"engagement":1483,"group_scoped":{"audienceScore":2.290451396331189,"voiceScore":1.4150943396226416,"engagementScore":1.1949366272651825,"combinedScore":1.2607202513363558,"combinedScoreRank":51,"SEIrank":13,"engagementSEIrank":12,"voiceSEIrank":16,"audienceSEIrank":14,"engagementSEI":2.0757806923001554,"engagementSEIadj":2.0757806923001554,"voiceSEI":2.380952380952381,"voiceSEIadj":2.380952380952381,"audienceSEI":8.082759262707132,"audienceSEIadj":8.082759262707132,"SEI":2.7680300559365207,"SEIadj":2.7680300559365207},"non_scoped":{"SEI":2.528092154147054,"SEIrank":13,"SEIadj":0,"audienceSEI":5.683380244812463,"audienceSEIadj":0,"audienceSEIrank":13,"audienceScore":1.1790907455126312,"combinedScore":0.7006696482401849,"combinedScoreRank":12,"engagementSEI":2.0757806923001554,"engagementSEIadj":0,"engagementSEIrank":11,"engagementScore":0.6599382336973451,"voiceSEI":2.380952380952381,"voiceSEIadj":0,"voiceSEIrank":16,"voiceScore":0.9554140127388535},"scoped":{"SEI":8.955670783191232,"SEIrank":10,"SEIadj":0,"audienceSEI":8.082759262707132,"audienceSEIadj":0,"audienceSEIrank":9,"audienceScore":2.962678609511623,"combinedScore":2.856921363928202,"combinedScoreRank":8,"engagementSEI":5.245658094867532,"engagementSEIadj":0,"engagementSEIrank":7,"engagementScore":2.8159653653349537,"voiceSEI":16.666666666666664,"voiceSEIadj":0,"voiceSEIrank":11,"voiceScore":3.488372093023256}}},"month":{"boundaryQuantum":4987194,"combined":{"entityString":"5588113201412cb93c595cd2","type":"combined","profiles":2,"postsMade":62,"repliesMade":0,"repliesRcvd":172,"sharesMade":0,"sharesRcvd":275,"mentionsRcvd":0,"likesRcvd":3606,"reachRcvd":0,"audience":11911,"voice":62,"conversation":234,"engagement":4053,"group_scoped":{"audienceScore":0.4017646477467483,"voiceScore":0.9847522236340533,"engagementScore":0.10285115689153504,"combinedScore":0.16189188477142163,"combinedScoreRank":125,"SEIrank":108,"engagementSEIrank":111,"voiceSEIrank":94,"audienceSEIrank":148,"engagementSEI":0.1112886750799038,"engagementSEIadj":0.1112886750799038,"voiceSEI":2.344931921331316,"voiceSEIadj":2.344931921331316,"audienceSEI":0.6191385599973386,"audienceSEIadj":0.6191385599973386,"SEI":0.8321666374470709,"SEIadj":0.8321666374470709},"non_scoped":{"SEI":0.6192783337668976,"SEIrank":100,"SEIadj":0,"audienceSEI":0.4679550392287051,"audienceSEIadj":0,"audienceSEIrank":119,"audienceScore":0.08622956364409277,"combinedScore":0.054347080235105684,"combinedScoreRank":71,"engagementSEI":0.1112886750799038,"engagementSEIadj":0,"engagementSEIrank":60,"engagementScore":0.04655789755424575,"voiceSEI":1.6856987493202826,"voiceSEIadj":0,"voiceSEIrank":97,"voiceScore":0.16266988508159733},"scoped":{"SEI":4.552203329348105,"SEIrank":80,"SEIadj":0,"audienceSEI":6.109207664847565,"audienceSEIadj":0,"audienceSEIrank":107,"audienceScore":0.2475592725818597,"combinedScore":0.4587464566089066,"combinedScoreRank":54,"engagementSEI":3.3463510489856914,"engagementSEIadj":0,"engagementSEIrank":51,"engagementScore":0.4769391170095341,"voiceSEI":6.4449064449064455,"voiceSEIadj":0,"voiceSEIrank":86,"voiceScore":0.3424657534246575}},"facebook":{"entityString":"5588113201412cb93c595cd2","type":"facebook","profiles":0,"postsMade":0,"repliesMade":0,"repliesRcvd":0,"sharesMade":0,"sharesRcvd":0,"mentionsRcvd":0,"likesRcvd":0,"reachRcvd":0,"audience":0,"voice":0,"conversation":0,"engagement":0,"group_scoped":{"audienceScore":0,"voiceScore":0,"engagementScore":0,"combinedScore":0,"combinedScoreRank":219,"SEIrank":219,"engagementSEIrank":196,"voiceSEIrank":192,"audienceSEIrank":219,"engagementSEI":0,"engagementSEIadj":0,"voiceSEI":0,"voiceSEIadj":0,"audienceSEI":0,"audienceSEIadj":0,"SEI":0,"SEIadj":0},"non_scoped":{"SEI":0,"SEIrank":219,"SEIadj":0,"audienceSEI":0,"audienceSEIadj":0,"audienceSEIrank":219,"audienceScore":0,"combinedScore":0,"combinedScoreRank":219,"engagementSEI":0,"engagementSEIadj":0,"engagementSEIrank":196,"engagementScore":0,"voiceSEI":0,"voiceSEIadj":0,"voiceSEIrank":192,"voiceScore":0},"scoped":{"SEI":0,"SEIrank":201,"SEIadj":0,"audienceSEI":0,"audienceSEIadj":0,"audienceSEIrank":201,"audienceScore":0,"combinedScore":0,"combinedScoreRank":201,"engagementSEI":0,"engagementSEIadj":0,"engagementSEIrank":181,"engagementScore":0,"voiceSEI":0,"voiceSEIadj":0,"voiceSEIrank":178,"voiceScore":0}},"twitter":{"entityString":"5588113201412cb93c595cd2","type":"twitter","profiles":1,"postsMade":51,"repliesMade":0,"repliesRcvd":0,"sharesMade":0,"sharesRcvd":275,"mentionsRcvd":0,"likesRcvd":673,"reachRcvd":0,"audience":4965,"voice":51,"conversation":51,"engagement":948,"group_scoped":{"audienceScore":0.867114108025128,"voiceScore":1.4265734265734267,"engagementScore":2.887866695098547,"combinedScore":2.71376440231862,"combinedScoreRank":56,"SEIrank":39,"engagementSEIrank":35,"voiceSEIrank":53,"audienceSEIrank":88,"engagementSEI":13.391721994632011,"engagementSEIadj":13.391721994632011,"voiceSEI":7.578008915304606,"voiceSEIadj":7.578008915304606,"audienceSEI":5.177375961959582,"audienceSEIadj":5.177375961959582,"SEI":10.826173467566546,"SEIadj":10.826173467566546},"non_scoped":{"SEI":1.725745344514598,"SEIrank":73,"SEIadj":0,"audienceSEI":0.8769342449446021,"audienceSEIadj":0,"audienceSEIrank":127,"audienceScore":0.14236003986654572,"combinedScore":0.3312289848672301,"combinedScoreRank":53,"engagementSEI":1.5129027624838416,"engagementSEIadj":0,"engagementSEIrank":49,"engagementScore":0.348133921390773,"voiceSEI":2.4343675417661097,"voiceSEIadj":0,"voiceSEIrank":87,"voiceScore":0.21580907244414355},"scoped":{"SEI":7.649930562649157,"SEIrank":59,"SEIadj":0,"audienceSEI":4.260047362460102,"audienceSEIadj":0,"audienceSEIrank":113,"audienceScore":0.22550203156210913,"combinedScore":0.6312468229115235,"combinedScoreRank":43,"engagementSEI":8.3172486401123,"engagementSEIadj":0,"engagementSEIrank":39,"engagementScore":0.6672438184927891,"voiceSEI":7.445255474452554,"voiceSEIadj":0,"voiceSEIrank":76,"voiceScore":0.3890456937981539}},"instagram":{"entityString":"5588113201412cb93c595cd2","type":"instagram","profiles":1,"postsMade":11,"repliesMade":0,"repliesRcvd":172,"sharesMade":0,"sharesRcvd":0,"mentionsRcvd":0,"likesRcvd":2933,"reachRcvd":0,"audience":6946,"voice":11,"conversation":183,"engagement":3105,"group_scoped":{"audienceScore":2.290451396331189,"voiceScore":1.4120667522464698,"engagementScore":0.6615969095647097,"combinedScore":0.7805631260371217,"combinedScoreRank":53,"SEIrank":16,"engagementSEIrank":14,"voiceSEIrank":18,"audienceSEIrank":14,"engagementSEI":1.1106302155802998,"engagementSEIadj":1.1106302155802998,"voiceSEI":2.4122807017543857,"voiceSEIadj":2.4122807017543857,"audienceSEI":8.082759262707132,"audienceSEIadj":8.082759262707132,"SEI":2.1983382661452087,"SEIadj":2.1983382661452087},"non_scoped":{"SEI":1.9531294032119622,"SEIrank":16,"SEIadj":0,"audienceSEI":5.683380244812463,"audienceSEIadj":0,"audienceSEIrank":13,"audienceScore":1.1790907455126312,"combinedScore":0.4204518779175072,"combinedScoreRank":15,"engagementSEI":1.101845280340667,"engagementSEIadj":0,"engagementSEIrank":14,"engagementScore":0.3506101519988166,"voiceSEI":2.4122807017543857,"voiceSEIadj":0,"voiceSEIrank":18,"voiceScore":0.9189640768588136},"scoped":{"SEI":7.390145980273362,"SEIrank":11,"SEIadj":0,"audienceSEI":8.082759262707132,"audienceSEIadj":0,"audienceSEIrank":9,"audienceScore":2.962678609511623,"combinedScore":1.7911553639544708,"combinedScoreRank":10,"engagementSEI":2.6364500900044154,"engagementSEIadj":0,"engagementSEIrank":9,"engagementScore":1.636380884119991,"voiceSEI":16.666666666666664,"voiceSEIadj":0,"voiceSEIrank":13,"voiceScore":3.4055727554179565}}},"quarter":{"boundaryQuantum":4969914,"combined":{"entityString":"5588113201412cb93c595cd2","type":"combined","profiles":2,"postsMade":181,"repliesMade":0,"repliesRcvd":266,"sharesMade":0,"sharesRcvd":393,"mentionsRcvd":0,"likesRcvd":6007,"reachRcvd":0,"audience":11911,"voice":181,"conversation":447,"engagement":6666,"group_scoped":{"audienceScore":0.4017646477467483,"voiceScore":1.0173111510791366,"engagementScore":0.05429346816835699,"combinedScore":0.11981791129281555,"combinedScoreRank":139,"SEIrank":108,"engagementSEIrank":134,"voiceSEIrank":96,"audienceSEIrank":148,"engagementSEI":0.058527236632044635,"engagementSEIadj":0.058527236632044635,"voiceSEI":2.33971044467425,"voiceSEIadj":2.33971044467425,"audienceSEI":0.6191385599973386,"audienceSEIadj":0.6191385599973386,"SEI":0.7989433313812356,"SEIadj":0.7989433313812356},"non_scoped":{"SEI":0.5891514535620693,"SEIrank":104,"SEIadj":0,"audienceSEI":0.4679550392287051,"audienceSEIadj":0,"audienceSEIrank":119,"audienceScore":0.08622956364409277,"combinedScore":0.034117419294568324,"combinedScoreRank":89,"engagementSEI":0.058527236632044635,"engagementSEIadj":0,"engagementSEIrank":75,"engagementScore":0.024096768806215852,"voiceSEI":1.6907986921999067,"voiceSEIadj":0,"voiceSEIrank":100,"voiceScore":0.16237698373538834},"scoped":{"SEI":3.657607727387827,"SEIrank":92,"SEIadj":0,"audienceSEI":6.109207664847565,"audienceSEIadj":0,"audienceSEIrank":107,"audienceScore":0.2475592725818597,"combinedScore":0.25051478485006334,"combinedScoreRank":74,"engagementSEI":1.7420209638346413,"engagementSEIadj":0,"engagementSEIrank":66,"engagementScore":0.24548598196234114,"voiceSEI":6.671581275340952,"voiceSEIadj":0,"voiceSEIrank":90,"voiceScore":0.34398874909726707}},"facebook":{"entityString":"5588113201412cb93c595cd2","type":"facebook","profiles":0,"postsMade":0,"repliesMade":0,"repliesRcvd":0,"sharesMade":0,"sharesRcvd":0,"mentionsRcvd":0,"likesRcvd":0,"reachRcvd":0,"audience":0,"voice":0,"conversation":0,"engagement":0,"group_scoped":{"audienceScore":0,"voiceScore":0,"engagementScore":0,"combinedScore":0,"combinedScoreRank":219,"SEIrank":219,"engagementSEIrank":200,"voiceSEIrank":200,"audienceSEIrank":219,"engagementSEI":0,"engagementSEIadj":0,"voiceSEI":0,"voiceSEIadj":0,"audienceSEI":0,"audienceSEIadj":0,"SEI":0,"SEIadj":0},"non_scoped":{"SEI":0,"SEIrank":219,"SEIadj":0,"audienceSEI":0,"audienceSEIadj":0,"audienceSEIrank":219,"audienceScore":0,"combinedScore":0,"combinedScoreRank":219,"engagementSEI":0,"engagementSEIadj":0,"engagementSEIrank":200,"engagementScore":0,"voiceSEI":0,"voiceSEIadj":0,"voiceSEIrank":200,"voiceScore":0},"scoped":{"SEI":0,"SEIrank":201,"SEIadj":0,"audienceSEI":0,"audienceSEIadj":0,"audienceSEIrank":201,"audienceScore":0,"combinedScore":0,"combinedScoreRank":201,"engagementSEI":0,"engagementSEIadj":0,"engagementSEIrank":184,"engagementScore":0,"voiceSEI":0,"voiceSEIadj":0,"voiceSEIrank":184,"voiceScore":0}},"twitter":{"entityString":"5588113201412cb93c595cd2","type":"twitter","profiles":1,"postsMade":164,"repliesMade":0,"repliesRcvd":0,"sharesMade":0,"sharesRcvd":393,"mentionsRcvd":0,"likesRcvd":1617,"reachRcvd":0,"audience":4965,"voice":164,"conversation":164,"engagement":2010,"group_scoped":{"audienceScore":0.867114108025128,"voiceScore":1.6200731008594291,"engagementScore":2.300271226010231,"combinedScore":2.194603463853436,"combinedScoreRank":70,"SEIrank":45,"engagementSEIrank":39,"voiceSEIrank":52,"audienceSEIrank":88,"engagementSEI":9.657889679031328,"engagementSEIadj":9.657889679031328,"voiceSEI":7.464724624487938,"voiceSEIadj":7.464724624487938,"audienceSEI":5.177375961959582,"audienceSEIadj":5.177375961959582,"SEI":8.551888790961137,"SEIadj":8.551888790961137},"non_scoped":{"SEI":1.5609845433091785,"SEIrank":79,"SEIadj":0,"audienceSEI":0.8769342449446021,"audienceSEIadj":0,"audienceSEIrank":127,"audienceScore":0.14236003986654572,"combinedScore":0.24873534571808104,"combinedScoreRank":69,"engagementSEI":1.0874504966564955,"engagementSEIadj":0,"engagementSEIrank":62,"engagementScore":0.2552021238911087,"voiceSEI":2.7360694027360695,"voiceSEIadj":0,"voiceSEIrank":77,"voiceScore":0.2387086444551184},"scoped":{"SEI":7.0053159591403205,"SEIrank":70,"SEIadj":0,"audienceSEI":4.260047362460102,"audienceSEIadj":0,"audienceSEIrank":113,"audienceScore":0.22550203156210913,"combinedScore":0.4892633033916198,"combinedScoreRank":58,"engagementSEI":6.622298365840801,"engagementSEIadj":0,"engagementSEIrank":52,"engagementScore":0.5068347038042862,"voiceSEI":8.686440677966102,"voiceSEIadj":0,"voiceSEIrank":67,"voiceScore":0.4367393677931346}},"instagram":{"entityString":"5588113201412cb93c595cd2","type":"instagram","profiles":1,"postsMade":17,"repliesMade":0,"repliesRcvd":266,"sharesMade":0,"sharesRcvd":0,"mentionsRcvd":0,"likesRcvd":4390,"reachRcvd":0,"audience":6946,"voice":17,"conversation":283,"engagement":4656,"group_scoped":{"audienceScore":2.290451396331189,"voiceScore":0.9798270893371758,"engagementScore":0.38644488138980715,"combinedScore":0.5113143175342447,"combinedScoreRank":54,"SEIrank":16,"engagementSEIrank":16,"voiceSEIrank":20,"audienceSEIrank":14,"engagementSEI":0.7066955456627624,"engagementSEIadj":0.7066955456627624,"voiceSEI":1.7543859649122806,"voiceSEIadj":1.7543859649122806,"audienceSEI":8.082759262707132,"audienceSEIadj":8.082759262707132,"SEI":1.7586090431420547,"SEIadj":1.7586090431420547},"non_scoped":{"SEI":1.4511172010461482,"SEIrank":19,"SEIadj":0,"audienceSEI":5.683380244812463,"audienceSEIadj":0,"audienceSEIrank":13,"audienceScore":1.1790907455126312,"combinedScore":0.26634345495580947,"combinedScoreRank":16,"engagementSEI":0.594105645152029,"engagementSEIadj":0,"engagementSEIrank":16,"engagementScore":0.19695306501862297,"voiceSEI":1.7543859649122806,"voiceSEIadj":0,"voiceSEIrank":20,"voiceScore":0.6026231832683445},"scoped":{"SEI":4.8007942912125285,"SEIrank":15,"SEIadj":0,"audienceSEI":8.082759262707132,"audienceSEIadj":0,"audienceSEIrank":9,"audienceScore":2.962678609511623,"combinedScore":1.0265893832881612,"combinedScoreRank":11,"engagementSEI":1.2401845360495223,"engagementSEIadj":0,"engagementSEIrank":11,"engagementScore":0.8527659948570299,"voiceSEI":10.828025477707007,"voiceSEIadj":0,"voiceSEIrank":15,"voiceScore":2.219321148825065}}},"blended":{"combined":{"non_scoped":{"SEI":0.7700922625648625,"SEIadj":50.38504613128243,"SEIrank":82,"audienceSEI":0.46795503922870507,"audienceSEIadj":50.23397751961435,"audienceSEIrank":119,"engagementSEI":0.12669398883463273,"engagementSEIadj":60.050677595533855,"engagementSEIrank":55,"voiceSEI":2.157601217804041,"voiceSEIadj":51.07880060890202,"voiceSEIrank":80},"scoped":{"SEI":13.153816326386492,"SEIadj":56.576908163193245,"SEIrank":69,"compCharisma":3,"compInfluence":6,"compEva":4.153816326386492,"audienceSEI":6.109207664847565,"audienceSEIadj":53.05460383242378,"audienceSEIrank":107,"engagementSEI":3.676721746882447,"engagementSEIadj":61.47068869875298,"engagementSEIrank":48,"voiceSEI":8.828646610875793,"voiceSEIadj":54.4143233054379,"voiceSEIrank":64}},"facebook":{"non_scoped":{"SEI":0,"SEIadj":0,"SEIrank":219,"audienceSEI":0,"audienceSEIadj":0,"audienceSEIrank":219,"engagementSEI":0,"engagementSEIadj":0,"engagementSEIrank":200,"voiceSEI":0,"voiceSEIadj":0,"voiceSEIrank":200},"scoped":{"SEI":0,"SEIadj":0,"SEIrank":201,"audienceSEI":0,"audienceSEIadj":0,"audienceSEIrank":201,"engagementSEI":0,"engagementSEIadj":0,"engagementSEIrank":184,"voiceSEI":0,"voiceSEIadj":0,"voiceSEIrank":184}},"twitter":{"non_scoped":{"SEI":2.3866245065096305,"SEIadj":60.95464980260385,"SEIrank":55,"audienceSEI":0.8769342449446023,"audienceSEIadj":50.438467122472304,"audienceSEIrank":127,"engagementSEI":2.1496390090731468,"engagementSEIadj":60.859855603629256,"engagementSEIrank":39,"voiceSEI":3.36382558857094,"voiceSEIadj":61.34553023542838,"voiceSEIrank":67},"scoped":{"SEI":11.511923965965753,"SEIadj":64.6047695863863,"SEIrank":43,"audienceSEI":4.260047362460103,"audienceSEIadj":52.13002368123005,"audienceSEIrank":113,"engagementSEI":13.187239181908033,"engagementSEIadj":65.27489567276321,"engagementSEIrank":30,"voiceSEI":10.57858573524975,"voiceSEIadj":64.2314342940999,"voiceSEIrank":53}},"instagram":{"non_scoped":{"SEI":1.8104576960029028,"SEIadj":70.54313730880087,"SEIrank":16,"audienceSEI":5.683380244812463,"audienceSEIadj":71.70501407344373,"audienceSEIrank":13,"engagementSEI":1.0935390515335877,"engagementSEIadj":70.32806171546008,"engagementSEIrank":15,"voiceSEI":1.9533208020050123,"voiceSEIadj":70.5859962406015,"voiceSEIrank":18},"scoped":{"SEI":6.352848233210209,"SEIadj":71.90585446996306,"SEIrank":15,"audienceSEI":8.082759262707132,"audienceSEIadj":72.42482777881214,"audienceSEIrank":9,"engagementSEI":2.7839474754724085,"engagementSEIadj":70.83518424264172,"engagementSEIrank":9,"voiceSEI":12.9140127388535,"voiceSEIadj":73.87420382165605,"voiceSEIrank":13}},"influence":{"facebook":{"scope":"individual","ratio":0,"calculated":false},"combined":{"ratio":1.14,"bottom":false,"scope":"individual","calculated":true},"twitter":{"ratio":2,"bottom":false,"scope":"individual","calculated":true},"instagram":{"ratio":0.89,"bottom":false,"scope":"individual","calculated":true}},"charisma":{"facebook":{"scope":"individual","ratio":0,"calculated":false},"combined":{"ratio":0.68,"bottom":false,"scope":"individual","calculated":true},"twitter":{"ratio":1.25,"bottom":false,"scope":"individual","calculated":true},"instagram":{"ratio":0.2,"bottom":false,"scope":"individual","calculated":true}}},"scope":"individual"}}