{"scoreEntityString":"591d1494ab33fb0001804f89.asset.5589ca142b4faf9f2660030d","timeQuantum":4995834,"scoreEntityType":"asset","scoreProfileID":"591d1494ab33fb0001804f89","data":{"scoreEntityString":"591d1494ab33fb0001804f89.asset.5589ca142b4faf9f2660030d","scoreProfileID":"591d1494ab33fb0001804f89","scoreEntityType":"asset","entityID":"asset.5589ca142b4faf9f2660030d","object_version":"1.2","score_engine_version":"3.0.20","timestamp":4995834,"start_quantum":4969914,"end_quantum":4995833,"schedule_options":{"interval":15,"offset":"1"},"_15min":{"boundaryQuantum":4995831,"combined":{"entityString":"5589ca142b4faf9f2660030d","type":"combined","profiles":3,"postsMade":0,"repliesMade":0,"repliesRcvd":0,"sharesMade":0,"sharesRcvd":0,"mentionsRcvd":0,"likesRcvd":0,"reachRcvd":0,"audience":57694,"voice":0,"conversation":0,"engagement":0,"group_scoped":{"audienceScore":1.9460506747628996,"voiceScore":0,"engagementScore":0,"combinedScore":1.9460506747628996,"engagementSEI":0,"engagementSEIadj":0,"voiceSEI":0,"voiceSEIadj":0,"audienceSEI":2.9989572731497316,"audienceSEIadj":2.9989572731497316,"SEI":0.29989572731497316,"SEIadj":0.29989572731497316,"combinedScoreRank":35,"SEIrank":51,"engagementSEIrank":105,"voiceSEIrank":99,"audienceSEIrank":46},"non_scoped":{"SEI":0.2266660904479969,"SEIrank":32,"SEIadj":0,"audienceSEI":2.266660904479969,"audienceSEIadj":0,"audienceSEIrank":28,"audienceScore":0.4176751276032482,"combinedScore":0.020883756380162412,"combinedScoreRank":33,"engagementSEI":0,"engagementSEIadj":0,"engagementSEIrank":105,"engagementScore":0,"voiceSEI":0,"voiceSEIadj":0,"voiceSEIrank":99,"voiceScore":0},"scoped":{"SEI":2.959152271141931,"SEIrank":24,"SEIadj":0,"audienceSEI":29.59152271141931,"audienceSEIadj":0,"audienceSEIrank":20,"audienceScore":1.199117175076636,"combinedScore":0.0599558587538318,"combinedScoreRank":25,"engagementSEI":0,"engagementSEIadj":0,"engagementSEIrank":94,"engagementScore":0,"voiceSEI":0,"voiceSEIadj":0,"voiceSEIrank":91,"voiceScore":0}},"facebook":{"entityString":"5589ca142b4faf9f2660030d","type":"facebook","profiles":1,"postsMade":0,"repliesMade":0,"repliesRcvd":0,"sharesMade":0,"sharesRcvd":0,"mentionsRcvd":0,"likesRcvd":0,"reachRcvd":0,"audience":8494,"voice":0,"conversation":0,"engagement":0,"group_scoped":{"audienceScore":0.40664048605362924,"voiceScore":0,"engagementScore":0,"combinedScore":0.40664048605362924,"engagementSEI":0,"engagementSEIadj":0,"voiceSEI":0,"voiceSEIadj":0,"audienceSEI":0.48286192616089524,"audienceSEIadj":0.48286192616089524,"SEI":0.048286192616089525,"SEIadj":0.048286192616089525,"combinedScoreRank":104,"SEIrank":110,"engagementSEIrank":103,"voiceSEIrank":98,"audienceSEIrank":110},"non_scoped":{"SEI":0.045741993400960836,"SEIrank":92,"SEIadj":0,"audienceSEI":0.45741993400960834,"audienceSEIadj":0,"audienceSEIrank":92,"audienceScore":0.0872396905877063,"combinedScore":0.004361984529385315,"combinedScoreRank":92,"engagementSEI":0,"engagementSEIadj":0,"engagementSEIrank":103,"engagementScore":0,"voiceSEI":0,"voiceSEIadj":0,"voiceSEIrank":98,"voiceScore":0},"scoped":{"SEI":0.5830507543828339,"SEIrank":80,"SEIadj":0,"audienceSEI":5.830507543828339,"audienceSEIadj":0,"audienceSEIrank":80,"audienceScore":0.35761665801465076,"combinedScore":0.01788083290073254,"combinedScoreRank":80,"engagementSEI":0,"engagementSEIadj":0,"engagementSEIrank":92,"engagementScore":0,"voiceSEI":0,"voiceSEIadj":0,"voiceSEIrank":91,"voiceScore":0}},"twitter":{"entityString":"5589ca142b4faf9f2660030d","type":"twitter","profiles":1,"postsMade":0,"repliesMade":0,"repliesRcvd":0,"sharesMade":0,"sharesRcvd":0,"mentionsRcvd":0,"likesRcvd":0,"reachRcvd":0,"audience":39864,"voice":0,"conversation":0,"engagement":0,"group_scoped":{"audienceScore":6.962061793013836,"voiceScore":0,"engagementScore":0,"combinedScore":6.962061793013836,"engagementSEI":0,"engagementSEIadj":0,"voiceSEI":0,"voiceSEIadj":0,"audienceSEI":41.569167240192705,"audienceSEIadj":41.569167240192705,"SEI":4.156916724019271,"SEIadj":4.156916724019271,"combinedScoreRank":19,"SEIrank":15,"engagementSEIrank":100,"voiceSEIrank":99,"audienceSEIrank":14},"non_scoped":{"SEI":0.7040907702008383,"SEIrank":16,"SEIadj":0,"audienceSEI":7.040907702008383,"audienceSEIadj":0,"audienceSEIrank":15,"audienceScore":1.1430091901792503,"combinedScore":0.05715045950896252,"combinedScoreRank":16,"engagementSEI":0,"engagementSEIadj":0,"engagementSEIrank":100,"engagementScore":0,"voiceSEI":0,"voiceSEIadj":0,"voiceSEIrank":99,"voiceScore":0},"scoped":{"SEI":3.4203933143425886,"SEIrank":11,"SEIadj":0,"audienceSEI":34.203933143425886,"audienceSEIadj":0,"audienceSEIrank":10,"audienceScore":1.8105564926871938,"combinedScore":0.25865092752674196,"combinedScoreRank":11,"engagementSEI":0,"engagementSEIadj":0,"engagementSEIrank":92,"engagementScore":0,"voiceSEI":0,"voiceSEIadj":0,"voiceSEIrank":91,"voiceScore":0}},"instagram":{"entityString":"5589ca142b4faf9f2660030d","type":"instagram","profiles":1,"postsMade":0,"repliesMade":0,"repliesRcvd":0,"sharesMade":0,"sharesRcvd":0,"mentionsRcvd":0,"likesRcvd":0,"reachRcvd":0,"audience":9336,"voice":0,"conversation":0,"engagement":0,"group_scoped":{"audienceScore":3.0785566133239244,"voiceScore":0,"engagementScore":0,"combinedScore":3.0785566133239244,"engagementSEI":0,"engagementSEIadj":0,"voiceSEI":0,"voiceSEIadj":0,"audienceSEI":10.863898715323032,"audienceSEIadj":10.863898715323032,"SEI":1.0863898715323033,"SEIadj":1.0863898715323033,"combinedScoreRank":48,"SEIrank":12,"engagementSEIrank":101,"voiceSEIrank":98,"audienceSEIrank":12},"non_scoped":{"SEI":0.7638934345748511,"SEIrank":11,"SEIadj":0,"audienceSEI":7.638934345748511,"audienceSEIadj":0,"audienceSEIrank":11,"audienceScore":1.5847957385698135,"combinedScore":0.22639939122425906,"combinedScoreRank":11,"engagementSEI":0,"engagementSEIadj":0,"engagementSEIrank":101,"engagementScore":0,"voiceSEI":0,"voiceSEIadj":0,"voiceSEIrank":98,"voiceScore":0},"scoped":{"SEI":1.0863898715323033,"SEIrank":7,"SEIadj":0,"audienceSEI":10.863898715323032,"audienceSEIadj":0,"audienceSEIrank":7,"audienceScore":3.982085732565579,"combinedScore":0.5688693903665113,"combinedScoreRank":7,"engagementSEI":0,"engagementSEIadj":0,"engagementSEIrank":92,"engagementScore":0,"voiceSEI":0,"voiceSEIadj":0,"voiceSEIrank":91,"voiceScore":0}}},"hour":{"boundaryQuantum":4995822,"combined":{"entityString":"5589ca142b4faf9f2660030d","type":"combined","profiles":3,"postsMade":0,"repliesMade":0,"repliesRcvd":0,"sharesMade":0,"sharesRcvd":0,"mentionsRcvd":0,"likesRcvd":1,"reachRcvd":0,"audience":57694,"voice":0,"conversation":0,"engagement":1,"group_scoped":{"audienceScore":1.9460506747628996,"voiceScore":0,"engagementScore":0.032701111837802485,"combinedScore":0.30603676368424493,"combinedScoreRank":162,"SEIrank":72,"engagementSEIrank":65,"voiceSEIrank":108,"audienceSEIrank":46,"engagementSEI":0.03332222592469177,"engagementSEIadj":0.03332222592469177,"voiceSEI":0,"voiceSEIadj":0,"audienceSEI":2.9989572731497316,"audienceSEIadj":2.9989572731497316,"SEI":0.31988906286978824,"SEIadj":0.31988906286978824},"non_scoped":{"SEI":0.24665942600281196,"SEIrank":51,"SEIadj":0,"audienceSEI":2.266660904479969,"audienceSEIadj":0,"audienceSEIrank":28,"audienceScore":0.4176751276032482,"combinedScore":0.031161248672043194,"combinedScoreRank":64,"engagementSEI":0.03332222592469177,"engagementSEIadj":0,"engagementSEIrank":62,"engagementScore":0.011419435879867533,"voiceSEI":0,"voiceSEIadj":0,"voiceSEIrank":108,"voiceScore":0},"scoped":{"SEI":3.4430232388838666,"SEIrank":47,"SEIadj":0,"audienceSEI":29.59152271141931,"audienceSEIadj":0,"audienceSEIrank":20,"audienceScore":1.199117175076636,"combinedScore":0.23712121308454046,"combinedScoreRank":56,"engagementSEI":0.8064516129032258,"engagementSEIadj":0,"engagementSEIrank":53,"engagementScore":0.19685039370078738,"voiceSEI":0,"voiceSEIadj":0,"voiceSEIrank":97,"voiceScore":0}},"facebook":{"entityString":"5589ca142b4faf9f2660030d","type":"facebook","profiles":1,"postsMade":0,"repliesMade":0,"repliesRcvd":0,"sharesMade":0,"sharesRcvd":0,"mentionsRcvd":0,"likesRcvd":0,"reachRcvd":0,"audience":8494,"voice":0,"conversation":0,"engagement":0,"group_scoped":{"audienceScore":0.40664048605362924,"voiceScore":0,"engagementScore":0,"combinedScore":0.40664048605362924,"combinedScoreRank":102,"SEIrank":114,"engagementSEIrank":123,"voiceSEIrank":104,"audienceSEIrank":110,"engagementSEI":0,"engagementSEIadj":0,"voiceSEI":0,"voiceSEIadj":0,"audienceSEI":0.48286192616089524,"audienceSEIadj":0.48286192616089524,"SEI":0.048286192616089525,"SEIadj":0.048286192616089525},"non_scoped":{"SEI":0.045741993400960836,"SEIrank":99,"SEIadj":0,"audienceSEI":0.45741993400960834,"audienceSEIadj":0,"audienceSEIrank":92,"audienceScore":0.0872396905877063,"combinedScore":0.004361984529385315,"combinedScoreRank":99,"engagementSEI":0,"engagementSEIadj":0,"engagementSEIrank":123,"engagementScore":0,"voiceSEI":0,"voiceSEIadj":0,"voiceSEIrank":104,"voiceScore":0},"scoped":{"SEI":0.5830507543828339,"SEIrank":87,"SEIadj":0,"audienceSEI":5.830507543828339,"audienceSEIadj":0,"audienceSEIrank":80,"audienceScore":0.35761665801465076,"combinedScore":0.01788083290073254,"combinedScoreRank":87,"engagementSEI":0,"engagementSEIadj":0,"engagementSEIrank":111,"engagementScore":0,"voiceSEI":0,"voiceSEIadj":0,"voiceSEIrank":93,"voiceScore":0}},"twitter":{"entityString":"5589ca142b4faf9f2660030d","type":"twitter","profiles":1,"postsMade":0,"repliesMade":0,"repliesRcvd":0,"sharesMade":0,"sharesRcvd":0,"mentionsRcvd":0,"likesRcvd":1,"reachRcvd":0,"audience":39864,"voice":0,"conversation":0,"engagement":1,"group_scoped":{"audienceScore":6.962061793013836,"voiceScore":0,"engagementScore":3.571428571428571,"combinedScore":4.055804745940751,"combinedScoreRank":47,"SEIrank":29,"engagementSEIrank":22,"voiceSEIrank":107,"audienceSEIrank":14,"engagementSEI":6.666666666666667,"engagementSEIadj":6.666666666666667,"voiceSEI":0,"voiceSEIadj":0,"audienceSEI":41.569167240192705,"audienceSEIadj":41.569167240192705,"SEI":8.156916724019272,"SEIadj":8.156916724019272},"non_scoped":{"SEI":1.26483843375224,"SEIrank":37,"SEIadj":0,"audienceSEI":7.040907702008383,"audienceSEIadj":0,"audienceSEIrank":15,"audienceScore":1.1430091901792503,"combinedScore":0.3643176950038431,"combinedScoreRank":31,"engagementSEI":0.9345794392523363,"engagementSEIadj":0,"engagementSEIrank":33,"engagementScore":0.3412969283276451,"voiceSEI":0,"voiceSEIadj":0,"voiceSEIrank":107,"voiceScore":0},"scoped":{"SEI":7.170393314342588,"SEIrank":30,"SEIadj":0,"audienceSEI":34.203933143425886,"audienceSEIadj":0,"audienceSEIrank":10,"audienceScore":1.8105564926871938,"combinedScore":0.9013386354451706,"combinedScoreRank":23,"engagementSEI":6.25,"engagementSEIadj":0,"engagementSEIrank":27,"engagementScore":0.9009009009009009,"voiceSEI":0,"voiceSEIadj":0,"voiceSEIrank":96,"voiceScore":0}},"instagram":{"entityString":"5589ca142b4faf9f2660030d","type":"instagram","profiles":1,"postsMade":0,"repliesMade":0,"repliesRcvd":0,"sharesMade":0,"sharesRcvd":0,"mentionsRcvd":0,"likesRcvd":0,"reachRcvd":0,"audience":9336,"voice":0,"conversation":0,"engagement":0,"group_scoped":{"audienceScore":3.0785566133239244,"voiceScore":0,"engagementScore":0,"combinedScore":3.0785566133239244,"combinedScoreRank":47,"SEIrank":12,"engagementSEIrank":105,"voiceSEIrank":100,"audienceSEIrank":12,"engagementSEI":0,"engagementSEIadj":0,"voiceSEI":0,"voiceSEIadj":0,"audienceSEI":10.863898715323032,"audienceSEIadj":10.863898715323032,"SEI":1.0863898715323033,"SEIadj":1.0863898715323033},"non_scoped":{"SEI":0.7638934345748511,"SEIrank":11,"SEIadj":0,"audienceSEI":7.638934345748511,"audienceSEIadj":0,"audienceSEIrank":11,"audienceScore":1.5847957385698135,"combinedScore":0.07923978692849068,"combinedScoreRank":12,"engagementSEI":0,"engagementSEIadj":0,"engagementSEIrank":105,"engagementScore":0,"voiceSEI":0,"voiceSEIadj":0,"voiceSEIrank":100,"voiceScore":0},"scoped":{"SEI":1.0863898715323033,"SEIrank":7,"SEIadj":0,"audienceSEI":10.863898715323032,"audienceSEIadj":0,"audienceSEIrank":7,"audienceScore":3.982085732565579,"combinedScore":0.5688693903665113,"combinedScoreRank":7,"engagementSEI":0,"engagementSEIadj":0,"engagementSEIrank":95,"engagementScore":0,"voiceSEI":0,"voiceSEIadj":0,"voiceSEIrank":91,"voiceScore":0}}},"today":{"boundaryQuantum":4995546,"combined":{"entityString":"5589ca142b4faf9f2660030d","type":"combined","profiles":3,"postsMade":2,"repliesMade":0,"repliesRcvd":1,"sharesMade":0,"sharesRcvd":0,"mentionsRcvd":0,"likesRcvd":33,"reachRcvd":0,"audience":57694,"voice":2,"conversation":3,"engagement":34,"group_scoped":{"audienceScore":1.9460506747628996,"voiceScore":0.7936507936507936,"engagementScore":0.03288042164305401,"combinedScore":0.16657745289943326,"combinedScoreRank":143,"SEIrank":102,"engagementSEIrank":120,"voiceSEIrank":106,"audienceSEIrank":46,"engagementSEI":0.034552143249120953,"engagementSEIadj":0.034552143249120953,"voiceSEI":1.574803149606299,"voiceSEIadj":1.574803149606299,"audienceSEI":2.9989572731497316,"audienceSEIadj":2.9989572731497316,"SEI":0.7930679581463355,"SEIadj":0.7930679581463355},"non_scoped":{"SEI":0.6583562805070585,"SEIrank":90,"SEIadj":0,"audienceSEI":2.266660904479969,"audienceSEIadj":0,"audienceSEIrank":28,"audienceScore":0.4176751276032482,"combinedScore":0.039247873394829255,"combinedScoreRank":75,"engagementSEI":0.034552143249120953,"engagementSEIadj":0,"engagementSEIrank":84,"engagementScore":0.012650833280621528,"voiceSEI":1.36986301369863,"voiceSEIadj":0,"voiceSEIrank":96,"voiceScore":0.13956734124214934},"scoped":{"SEI":6.2578916437599315,"SEIrank":71,"SEIadj":0,"audienceSEI":29.59152271141931,"audienceSEIadj":0,"audienceSEIrank":20,"audienceScore":1.199117175076636,"combinedScore":0.20289427761562112,"combinedScoreRank":73,"engagementSEI":1.7941952506596308,"engagementSEIadj":0,"engagementSEIrank":75,"engagementScore":0.14063534083388485,"voiceSEI":7.4074074074074066,"voiceSEIadj":0,"voiceSEIrank":85,"voiceScore":0.32733224222585927}},"facebook":{"entityString":"5589ca142b4faf9f2660030d","type":"facebook","profiles":1,"postsMade":1,"repliesMade":0,"repliesRcvd":0,"sharesMade":0,"sharesRcvd":0,"mentionsRcvd":0,"likesRcvd":10,"reachRcvd":0,"audience":8494,"voice":1,"conversation":1,"engagement":10,"group_scoped":{"audienceScore":0.40664048605362924,"voiceScore":1.3157894736842104,"engagementScore":0.011489498598281172,"combinedScore":0.09646204672534504,"combinedScoreRank":142,"SEIrank":78,"engagementSEIrank":85,"voiceSEIrank":69,"audienceSEIrank":110,"engagementSEI":0.01175557802177133,"engagementSEIadj":0.01175557802177133,"voiceSEI":1.5151515151515151,"voiceSEIadj":1.5151515151515151,"audienceSEI":0.48286192616089524,"audienceSEIadj":0.48286192616089524,"SEI":0.5098849939746068,"SEIadj":0.5098849939746068},"non_scoped":{"SEI":0.5073407947594781,"SEIrank":67,"SEIadj":0,"audienceSEI":0.45741993400960834,"audienceSEIadj":0,"audienceSEIrank":92,"audienceScore":0.0872396905877063,"combinedScore":0.018146625006622143,"combinedScoreRank":77,"engagementSEI":0.01175557802177133,"engagementSEIadj":0,"engagementSEIrank":71,"engagementScore":0.004336908391484047,"voiceSEI":1.5151515151515151,"voiceSEIadj":0,"voiceSEIrank":55,"voiceScore":0.1976284584980237},"scoped":{"SEI":3.4298715636313886,"SEIrank":62,"SEIadj":0,"audienceSEI":5.830507543828339,"audienceSEIadj":0,"audienceSEIrank":80,"audienceScore":0.35761665801465076,"combinedScore":0.09828964207025878,"combinedScoreRank":65,"engagementSEI":0.5780346820809248,"engagementSEIadj":0,"engagementSEIrank":61,"engagementScore":0.055673087629439934,"voiceSEI":8.333333333333332,"voiceSEIadj":0,"voiceSEIrank":45,"voiceScore":0.6060606060606061}},"twitter":{"entityString":"5589ca142b4faf9f2660030d","type":"twitter","profiles":1,"postsMade":1,"repliesMade":0,"repliesRcvd":0,"sharesMade":0,"sharesRcvd":0,"mentionsRcvd":0,"likesRcvd":9,"reachRcvd":0,"audience":39864,"voice":1,"conversation":1,"engagement":9,"group_scoped":{"audienceScore":6.962061793013836,"voiceScore":0.684931506849315,"engagementScore":0.7377049180327869,"combinedScore":1.0462840912226659,"combinedScoreRank":113,"SEIrank":50,"engagementSEIrank":77,"voiceSEIrank":80,"audienceSEIrank":14,"engagementSEI":2.5210084033613445,"engagementSEIadj":2.5210084033613445,"voiceSEI":2.5,"voiceSEIadj":2.5,"audienceSEI":41.569167240192705,"audienceSEIadj":41.569167240192705,"SEI":6.419521766036078,"SEIadj":6.419521766036078},"non_scoped":{"SEI":1.3034326564661247,"SEIrank":78,"SEIadj":0,"audienceSEI":7.040907702008383,"audienceSEIadj":0,"audienceSEIrank":15,"audienceScore":1.1430091901792503,"combinedScore":0.15691790676047773,"combinedScoreRank":76,"engagementSEI":0.4371053909664886,"engagementSEIadj":0,"engagementSEIrank":86,"engagementScore":0.1045539033457249,"voiceSEI":1.1235955056179776,"voiceSEIadj":0,"voiceSEIrank":106,"voiceScore":0.11337868480725624},"scoped":{"SEI":6.639634757450821,"SEIrank":67,"SEIadj":0,"audienceSEI":34.203933143425886,"audienceSEIadj":0,"audienceSEIrank":10,"audienceScore":1.8105564926871938,"combinedScore":0.3022662081366582,"combinedScoreRank":68,"engagementSEI":3.1914893617021276,"engagementSEIadj":0,"engagementSEIrank":76,"engagementScore":0.22255192878338279,"voiceSEI":4.3478260869565215,"voiceSEIadj":0,"voiceSEIrank":95,"voiceScore":0.2288329519450801}},"instagram":{"entityString":"5589ca142b4faf9f2660030d","type":"instagram","profiles":1,"postsMade":0,"repliesMade":0,"repliesRcvd":1,"sharesMade":0,"sharesRcvd":0,"mentionsRcvd":0,"likesRcvd":14,"reachRcvd":0,"audience":9336,"voice":0,"conversation":1,"engagement":15,"group_scoped":{"audienceScore":3.0785566133239244,"voiceScore":0,"engagementScore":0.09901643672849693,"combinedScore":0.5246650333849866,"combinedScoreRank":56,"SEIrank":16,"engagementSEIrank":19,"voiceSEIrank":108,"audienceSEIrank":12,"engagementSEI":0.11557130749672549,"engagementSEIadj":0.11557130749672549,"voiceSEI":0,"voiceSEIadj":0,"audienceSEI":10.863898715323032,"audienceSEIadj":10.863898715323032,"SEI":1.1557326560303385,"SEIadj":1.1557326560303385},"non_scoped":{"SEI":0.8332362190728865,"SEIrank":16,"SEIadj":0,"audienceSEI":7.638934345748511,"audienceSEIadj":0,"audienceSEIrank":11,"audienceScore":1.5847957385698135,"combinedScore":0.1248941663671109,"combinedScoreRank":20,"engagementSEI":0.11557130749672549,"engagementSEIadj":0,"engagementSEIrank":19,"engagementScore":0.05072708826513358,"voiceSEI":0,"voiceSEIadj":0,"voiceSEIrank":108,"voiceScore":0},"scoped":{"SEI":2.6793102255146044,"SEIrank":14,"SEIadj":0,"audienceSEI":10.863898715323032,"audienceSEIadj":0,"audienceSEIrank":7,"audienceScore":3.982085732565579,"combinedScore":0.8212241022964817,"combinedScoreRank":14,"engagementSEI":2.6548672566371683,"engagementSEIadj":0,"engagementSEIrank":14,"engagementScore":0.6912442396313364,"voiceSEI":0,"voiceSEIadj":0,"voiceSEIrank":98,"voiceScore":0}}},"week":{"boundaryQuantum":4993818,"combined":{"entityString":"5589ca142b4faf9f2660030d","type":"combined","profiles":3,"postsMade":84,"repliesMade":0,"repliesRcvd":87,"sharesMade":0,"sharesRcvd":50,"mentionsRcvd":0,"likesRcvd":2329,"reachRcvd":0,"audience":57694,"voice":84,"conversation":171,"engagement":2466,"group_scoped":{"audienceScore":1.9460506747628996,"voiceScore":5.870020964360587,"engagementScore":0.2842729942960958,"combinedScore":0.6466492768226606,"combinedScoreRank":57,"SEIrank":23,"engagementSEIrank":74,"voiceSEIrank":15,"audienceSEIrank":46,"engagementSEI":0.3109110096034435,"engagementSEIadj":0.3109110096034435,"voiceSEI":13.614262560777956,"voiceSEIadj":13.614262560777956,"audienceSEI":2.9989572731497316,"audienceSEIadj":2.9989572731497316,"SEI":4.570721101310426,"SEIadj":4.570721101310426},"non_scoped":{"SEI":3.4311767680663503,"SEIrank":17,"SEIadj":0,"audienceSEI":2.266660904479969,"audienceSEIadj":0,"audienceSEIrank":28,"audienceScore":0.4176751276032482,"combinedScore":0.18863264167732616,"combinedScoreRank":26,"engagementSEI":0.3109110096034435,"engagementSEIadj":0,"engagementSEIrank":29,"engagementScore":0.13039884809062985,"voiceSEI":10.059880239520957,"voiceSEIadj":0,"voiceSEIrank":15,"voiceScore":1.0077984403119375},"scoped":{"SEI":19.027520726191923,"SEIrank":14,"SEIadj":0,"audienceSEI":29.59152271141931,"audienceSEIadj":0,"audienceSEIrank":20,"audienceScore":1.199117175076636,"combinedScore":1.2783434562543121,"combinedScoreRank":21,"engagementSEI":8.440002738038196,"engagementSEIadj":0,"engagementSEIrank":21,"engagementScore":1.235260526763978,"voiceSEI":36.681222707423586,"voiceSEIadj":0,"voiceSEIrank":7,"voiceScore":2.133062468257999}},"facebook":{"entityString":"5589ca142b4faf9f2660030d","type":"facebook","profiles":1,"postsMade":31,"repliesMade":0,"repliesRcvd":18,"sharesMade":0,"sharesRcvd":2,"mentionsRcvd":0,"likesRcvd":335,"reachRcvd":0,"audience":8494,"voice":31,"conversation":49,"engagement":355,"group_scoped":{"audienceScore":0.40664048605362924,"voiceScore":7.142857142857142,"engagementScore":0.04828834808961773,"combinedScore":0.42093439472619454,"combinedScoreRank":67,"SEIrank":27,"engagementSEIrank":93,"voiceSEIrank":17,"audienceSEIrank":110,"engagementSEI":0.04928775719878932,"engagementSEIadj":0.04928775719878932,"voiceSEI":9.144542772861357,"voiceSEIadj":9.144542772861357,"audienceSEI":0.48286192616089524,"audienceSEIadj":0.48286192616089524,"SEI":2.82122167879377,"SEIadj":2.82122167879377},"non_scoped":{"SEI":2.8186774795786413,"SEIrank":16,"SEIadj":0,"audienceSEI":0.45741993400960834,"audienceSEIadj":0,"audienceSEIrank":92,"audienceScore":0.0872396905877063,"combinedScore":0.07730416640595827,"combinedScoreRank":48,"engagementSEI":0.04928775719878932,"engagementSEIadj":0,"engagementSEIrank":63,"engagementScore":0.022127189578904,"voiceSEI":9.144542772861357,"voiceSEIadj":0,"voiceSEIrank":16,"voiceScore":1.0605542251111872},"scoped":{"SEI":14.3982821168507,"SEIrank":31,"SEIadj":0,"audienceSEI":5.830507543828339,"audienceSEIadj":0,"audienceSEIrank":80,"audienceScore":0.35761665801465076,"combinedScore":0.4537810434701902,"combinedScoreRank":51,"engagementSEI":3.6503856041131106,"engagementSEIadj":0,"engagementSEIrank":54,"engagementScore":0.31548825139525793,"voiceSEI":38.75,"voiceSEIadj":0,"voiceSEIrank":8,"voiceScore":3.0392156862745097}},"twitter":{"entityString":"5589ca142b4faf9f2660030d","type":"twitter","profiles":1,"postsMade":45,"repliesMade":0,"repliesRcvd":0,"sharesMade":0,"sharesRcvd":48,"mentionsRcvd":0,"likesRcvd":427,"reachRcvd":0,"audience":39864,"voice":45,"conversation":45,"engagement":475,"group_scoped":{"audienceScore":6.962061793013836,"voiceScore":5.7324840764331215,"engagementScore":5.7912704218483295,"combinedScore":5.846870673135844,"combinedScoreRank":30,"SEIrank":17,"engagementSEIrank":20,"voiceSEIrank":16,"audienceSEIrank":14,"engagementSEI":32.758620689655174,"engagementSEIadj":32.758620689655174,"voiceSEI":29.605263157894733,"voiceSEIadj":29.605263157894733,"audienceSEI":41.569167240192705,"audienceSEIadj":41.569167240192705,"SEI":32.69366808518079,"SEIadj":32.69366808518079},"non_scoped":{"SEI":5.724117047454808,"SEIrank":24,"SEIadj":0,"audienceSEI":7.040907702008383,"audienceSEIadj":0,"audienceSEIrank":15,"audienceScore":1.1430091901792503,"combinedScore":0.7903347680568781,"combinedScoreRank":28,"engagementSEI":3.619875019051974,"engagementSEIadj":0,"engagementSEIrank":31,"engagementScore":0.765610392959608,"voiceSEI":9.49367088607595,"voiceSEIadj":0,"voiceSEIrank":24,"voiceScore":0.8826990976853669},"scoped":{"SEI":24.37756114651042,"SEIrank":19,"SEIadj":0,"audienceSEI":34.203933143425886,"audienceSEIadj":0,"audienceSEIrank":10,"audienceScore":1.8105564926871938,"combinedScore":1.411049960977464,"combinedScoreRank":20,"engagementSEI":22.144522144522146,"engagementSEIadj":0,"engagementSEIrank":23,"engagementScore":1.3789699820008128,"voiceSEI":25.568181818181817,"voiceSEIadj":0,"voiceSEIrank":16,"voiceScore":1.5889830508474576}},"instagram":{"entityString":"5589ca142b4faf9f2660030d","type":"instagram","profiles":1,"postsMade":8,"repliesMade":0,"repliesRcvd":69,"sharesMade":0,"sharesRcvd":0,"mentionsRcvd":0,"likesRcvd":1567,"reachRcvd":0,"audience":9336,"voice":8,"conversation":77,"engagement":1636,"group_scoped":{"audienceScore":3.0785566133239244,"voiceScore":3.7735849056603774,"engagementScore":1.3182173447106127,"combinedScore":1.5290026861887664,"combinedScoreRank":48,"SEIrank":12,"engagementSEIrank":11,"voiceSEIrank":8,"audienceSEIrank":12,"engagementSEI":2.2899374326386073,"engagementSEIadj":2.2899374326386073,"voiceSEI":6.349206349206349,"voiceSEIadj":6.349206349206349,"audienceSEI":10.863898715323032,"audienceSEIadj":10.863898715323032,"SEI":4.365114235877372,"SEIadj":4.365114235877372},"non_scoped":{"SEI":4.04261779891992,"SEIrank":11,"SEIadj":0,"audienceSEI":7.638934345748511,"audienceSEIadj":0,"audienceSEIrank":11,"audienceScore":1.5847957385698135,"combinedScore":0.8618495325442698,"combinedScoreRank":10,"engagementSEI":2.2899374326386073,"engagementSEIadj":0,"engagementSEIrank":10,"engagementScore":0.7280235673154799,"voiceSEI":6.349206349206349,"voiceSEIadj":0,"voiceSEIrank":7,"voiceScore":2.547770700636943},"scoped":{"SEI":17.891832433403714,"SEIrank":7,"SEIadj":0,"audienceSEI":10.863898715323032,"audienceSEIadj":0,"audienceSEIrank":7,"audienceScore":3.982085732565579,"combinedScore":3.460058329635461,"combinedScoreRank":6,"engagementSEI":5.78684871423013,"engagementSEIadj":0,"engagementSEIrank":6,"engagementScore":3.106486404374905,"voiceSEI":44.44444444444444,"voiceSEIadj":0,"voiceSEIrank":3,"voiceScore":9.30232558139535}}},"month":{"boundaryQuantum":4987194,"combined":{"entityString":"5589ca142b4faf9f2660030d","type":"combined","profiles":3,"postsMade":248,"repliesMade":0,"repliesRcvd":222,"sharesMade":0,"sharesRcvd":154,"mentionsRcvd":0,"likesRcvd":5838,"reachRcvd":0,"audience":57694,"voice":248,"conversation":470,"engagement":6214,"group_scoped":{"audienceScore":1.9460506747628996,"voiceScore":3.9390088945362134,"engagementScore":0.15768988130372533,"combinedScore":0.43617387163830845,"combinedScoreRank":70,"SEIrank":37,"engagementSEIrank":93,"voiceSEIrank":24,"audienceSEIrank":46,"engagementSEI":0.17062616011510537,"engagementSEIadj":0.17062616011510537,"voiceSEI":9.379727685325264,"voiceSEIadj":9.379727685325264,"audienceSEI":2.9989572731497316,"audienceSEIadj":2.9989572731497316,"SEI":3.2161897289816155,"SEIadj":3.2161897289816155},"non_scoped":{"SEI":2.351880285701399,"SEIrank":24,"SEIadj":0,"audienceSEI":2.266660904479969,"audienceSEIadj":0,"audienceSEIrank":28,"audienceScore":0.4176751276032482,"combinedScore":0.11766142889657435,"combinedScoreRank":38,"engagementSEI":0.17062616011510537,"engagementSEIadj":0,"engagementSEIrank":44,"engagementScore":0.07138188388899164,"voiceSEI":6.7427949972811305,"voiceSEIadj":0,"voiceSEIrank":23,"voiceScore":0.6506795403263893},"scoped":{"SEI":13.771385736842706,"SEIrank":23,"SEIadj":0,"audienceSEI":29.59152271141931,"audienceSEIadj":0,"audienceSEIrank":20,"audienceScore":1.199117175076636,"combinedScore":0.7865614460998835,"combinedScoreRank":33,"engagementSEI":5.1305762196884,"engagementSEIadj":0,"engagementSEIrank":35,"engagementScore":0.731236040734578,"voiceSEI":25.779625779625782,"voiceSEIadj":0,"voiceSEIrank":15,"voiceScore":1.36986301369863}},"facebook":{"entityString":"5589ca142b4faf9f2660030d","type":"facebook","profiles":1,"postsMade":82,"repliesMade":0,"repliesRcvd":32,"sharesMade":0,"sharesRcvd":8,"mentionsRcvd":0,"likesRcvd":691,"reachRcvd":0,"audience":8494,"voice":82,"conversation":114,"engagement":731,"group_scoped":{"audienceScore":0.40664048605362924,"voiceScore":4.222451081359424,"engagementScore":0.02125927003053657,"combinedScore":0.25058792139813557,"combinedScoreRank":77,"SEIrank":39,"engagementSEIrank":113,"voiceSEIrank":26,"audienceSEIrank":110,"engagementSEI":0.021786881972323806,"engagementSEIadj":0.021786881972323806,"voiceSEI":5.412541254125412,"voiceSEIadj":5.412541254125412,"audienceSEI":0.48286192616089524,"audienceSEIadj":0.48286192616089524,"SEI":1.6851206980371074,"SEIadj":1.6851206980371074},"non_scoped":{"SEI":1.6825764988219787,"SEIrank":24,"SEIadj":0,"audienceSEI":0.45741993400960834,"audienceSEIadj":0,"audienceSEIrank":92,"audienceScore":0.0872396905877063,"combinedScore":0.043940788747217414,"combinedScoreRank":62,"engagementSEI":0.021786881972323806,"engagementSEIadj":0,"engagementSEIrank":85,"engagementScore":0.009685477692794667,"voiceSEI":5.412541254125412,"voiceSEIadj":0,"voiceSEIrank":17,"voiceScore":0.617237485886338},"scoped":{"SEI":7.574524904935188,"SEIrank":50,"SEIadj":0,"audienceSEI":5.830507543828339,"audienceSEIadj":0,"audienceSEIrank":80,"audienceScore":0.35761665801465076,"combinedScore":0.23265300552665558,"combinedScoreRank":74,"engagementSEI":1.9597855227882037,"engagementSEIadj":0,"engagementSEIrank":75,"engagementScore":0.14112813701206056,"voiceSEI":19.38534278959811,"voiceSEIadj":0,"voiceSEIrank":9,"voiceScore":1.75513698630137}},"twitter":{"entityString":"5589ca142b4faf9f2660030d","type":"twitter","profiles":1,"postsMade":139,"repliesMade":0,"repliesRcvd":0,"sharesMade":0,"sharesRcvd":146,"mentionsRcvd":0,"likesRcvd":971,"reachRcvd":0,"audience":39864,"voice":139,"conversation":139,"engagement":1117,"group_scoped":{"audienceScore":6.962061793013836,"voiceScore":3.888111888111888,"engagementScore":3.4026868126846805,"combinedScore":3.604926815472499,"combinedScoreRank":44,"SEIrank":20,"engagementSEIrank":29,"voiceSEIrank":17,"audienceSEIrank":14,"engagementSEI":15.77906483966662,"engagementSEIadj":15.77906483966662,"voiceSEI":20.65378900445765,"voiceSEIadj":20.65378900445765,"audienceSEI":41.569167240192705,"audienceSEIadj":41.569167240192705,"SEI":19.820492329156536,"SEIadj":19.820492329156536},"non_scoped":{"SEI":3.764109031893801,"SEIrank":38,"SEIadj":0,"audienceSEI":7.040907702008383,"audienceSEIadj":0,"audienceSEIrank":15,"audienceScore":1.1430091901792503,"combinedScore":0.4557359282891982,"combinedScoreRank":42,"engagementSEI":1.7826080017873958,"engagementSEIadj":0,"engagementSEIrank":44,"engagementScore":0.4101957702463011,"voiceSEI":6.634844868735083,"voiceSEIadj":0,"voiceSEIrank":35,"voiceScore":0.5881855111712931},"scoped":{"SEI":15.38796349889283,"SEIrank":27,"SEIadj":0,"audienceSEI":34.203933143425886,"audienceSEIadj":0,"audienceSEIrank":10,"audienceScore":1.8105564926871938,"combinedScore":0.8511188978003513,"combinedScoreRank":33,"engagementSEI":9.799964906123881,"engagementSEIadj":0,"engagementSEIrank":34,"engagementScore":0.7861934021692463,"voiceSEI":20.29197080291971,"voiceSEIadj":0,"voiceSEIrank":26,"voiceScore":1.0603402242734}},"instagram":{"entityString":"5589ca142b4faf9f2660030d","type":"instagram","profiles":1,"postsMade":27,"repliesMade":0,"repliesRcvd":190,"sharesMade":0,"sharesRcvd":0,"mentionsRcvd":0,"likesRcvd":4176,"reachRcvd":0,"audience":9336,"voice":27,"conversation":217,"engagement":4366,"group_scoped":{"audienceScore":3.0785566133239244,"voiceScore":3.465982028241335,"engagementScore":0.9302840924829381,"combinedScore":1.1644826153129073,"combinedScoreRank":49,"SEIrank":11,"engagementSEIrank":11,"voiceSEIrank":7,"audienceSEIrank":12,"engagementSEI":1.5616784287354553,"engagementSEIadj":1.5616784287354553,"voiceSEI":5.921052631578947,"voiceSEIadj":5.921052631578947,"audienceSEI":10.863898715323032,"audienceSEIadj":10.863898715323032,"SEI":3.7997127182472603,"SEIadj":3.7997127182472603},"non_scoped":{"SEI":3.4698046818200043,"SEIrank":10,"SEIadj":0,"audienceSEI":7.638934345748511,"audienceSEIadj":0,"audienceSEIrank":11,"audienceScore":1.5847957385698135,"combinedScore":0.6357214298234866,"combinedScoreRank":11,"engagementSEI":1.5493257629524486,"engagementSEIadj":0,"engagementSEIrank":11,"engagementScore":0.4929996533419754,"voiceSEI":5.921052631578947,"voiceSEIadj":0,"voiceSEIrank":7,"voiceScore":2.2556390977443606},"scoped":{"SEI":15.583414940000498,"SEIrank":5,"SEIadj":0,"audienceSEI":10.863898715323032,"audienceSEIadj":0,"audienceSEIrank":7,"audienceScore":3.982085732565579,"combinedScore":2.6879128096613703,"combinedScoreRank":6,"engagementSEI":3.7071629929015386,"engagementSEIadj":0,"engagementSEIrank":6,"engagementScore":2.30094651854038,"voiceSEI":40.909090909090914,"voiceSEIadj":0,"voiceSEIrank":2,"voiceScore":8.359133126934983}}},"quarter":{"boundaryQuantum":4969914,"combined":{"entityString":"5589ca142b4faf9f2660030d","type":"combined","profiles":3,"postsMade":613,"repliesMade":0,"repliesRcvd":305,"sharesMade":0,"sharesRcvd":347,"mentionsRcvd":0,"likesRcvd":8956,"reachRcvd":0,"audience":57694,"voice":613,"conversation":918,"engagement":9608,"group_scoped":{"audienceScore":1.9460506747628996,"voiceScore":3.445368705035971,"engagementScore":0.07825557188142424,"combinedScore":0.3400009836832254,"combinedScoreRank":74,"SEIrank":43,"engagementSEIrank":121,"voiceSEIrank":25,"audienceSEIrank":46,"engagementSEI":0.08435788922302503,"engagementSEIadj":0.08435788922302503,"voiceSEI":7.9239917269906925,"voiceSEIadj":7.9239917269906925,"audienceSEI":2.9989572731497316,"audienceSEIadj":2.9989572731497316,"SEI":2.7277079789459955,"SEIadj":2.7277079789459955},"non_scoped":{"SEI":1.9951696609738718,"SEIrank":35,"SEIadj":0,"audienceSEI":2.266660904479969,"audienceSEIadj":0,"audienceSEIrank":28,"audienceScore":0.4176751276032482,"combinedScore":0.07963875310573348,"combinedScoreRank":53,"engagementSEI":0.08435788922302503,"engagementSEIadj":0,"engagementSEIrank":63,"engagementScore":0.034731736377156,"voiceSEI":5.7262961233068665,"voiceSEIadj":0,"voiceSEIrank":32,"voiceScore":0.5499286797226135},"scoped":{"SEI":11.244137304097553,"SEIrank":32,"SEIadj":0,"audienceSEI":29.59152271141931,"audienceSEIadj":0,"audienceSEIrank":20,"audienceScore":1.199117175076636,"combinedScore":0.43665268942511654,"combinedScoreRank":50,"engagementSEI":2.51085169824831,"engagementSEIadj":0,"engagementSEIrank":54,"engagementScore":0.3538297801821443,"voiceSEI":22.594913380022117,"voiceSEIadj":0,"voiceSEIrank":23,"voiceScore":1.165000570147098}},"facebook":{"entityString":"5589ca142b4faf9f2660030d","type":"facebook","profiles":1,"postsMade":215,"repliesMade":0,"repliesRcvd":74,"sharesMade":0,"sharesRcvd":27,"mentionsRcvd":0,"likesRcvd":1495,"reachRcvd":0,"audience":8494,"voice":215,"conversation":289,"engagement":1596,"group_scoped":{"audienceScore":0.40664048605362924,"voiceScore":3.6231884057971016,"engagementScore":0.014528228548333215,"combinedScore":0.21456685028603645,"combinedScoreRank":77,"SEIrank":49,"engagementSEIrank":120,"voiceSEIrank":32,"audienceSEIrank":110,"engagementSEI":0.014902077663354224,"engagementSEIadj":0.014902077663354224,"voiceSEI":4.704595185995624,"voiceSEIadj":4.704595185995624,"audienceSEI":0.48286192616089524,"audienceSEIadj":0.48286192616089524,"SEI":1.4686059950127892,"SEIadj":1.4686059950127892},"non_scoped":{"SEI":1.4660617957976605,"SEIrank":31,"SEIadj":0,"audienceSEI":0.45741993400960834,"audienceSEIadj":0,"audienceSEIrank":92,"audienceScore":0.0872396905877063,"combinedScore":0.037134015165295166,"combinedScoreRank":71,"engagementSEI":0.014902077663354224,"engagementSEIadj":0,"engagementSEIrank":97,"engagementScore":0.006511140700446975,"voiceSEI":4.704595185995624,"voiceSEIadj":0,"voiceSEIrank":21,"voiceScore":0.5382400801101515},"scoped":{"SEI":8.304036786814189,"SEIrank":49,"SEIadj":0,"audienceSEI":5.830507543828339,"audienceSEIadj":0,"audienceSEIrank":80,"audienceScore":0.35761665801465076,"combinedScore":0.1740718904324725,"combinedScoreRank":74,"engagementSEI":1.383267319009525,"engagementSEIadj":0,"engagementSEIrank":87,"engagementScore":0.09002387663344545,"voiceSEI":22.97008547008547,"voiceSEIadj":0,"voiceSEIrank":13,"voiceScore":1.5033913712327809}},"twitter":{"entityString":"5589ca142b4faf9f2660030d","type":"twitter","profiles":1,"postsMade":362,"repliesMade":0,"repliesRcvd":0,"sharesMade":0,"sharesRcvd":320,"mentionsRcvd":0,"likesRcvd":2107,"reachRcvd":0,"audience":39864,"voice":362,"conversation":362,"engagement":2427,"group_scoped":{"audienceScore":6.962061793013836,"voiceScore":3.576015015311666,"engagementScore":2.7774916743914577,"combinedScore":3.026646347368587,"combinedScoreRank":50,"SEIrank":27,"engagementSEIrank":33,"voiceSEIrank":21,"audienceSEIrank":14,"engagementSEI":11.661541418412455,"engagementSEIadj":11.661541418412455,"voiceSEI":16.477014110150204,"voiceSEIadj":16.477014110150204,"audienceSEI":41.569167240192705,"audienceSEIadj":41.569167240192705,"SEI":16.096945808111805,"SEIadj":16.096945808111805},"non_scoped":{"SEI":3.3037361209336393,"SEIrank":42,"SEIadj":0,"audienceSEI":7.040907702008383,"audienceSEIadj":0,"audienceSEIrank":15,"audienceScore":1.1430091901792503,"combinedScore":0.36082808074800765,"combinedScoreRank":47,"engagementSEI":1.313055898201649,"engagementSEIadj":0,"engagementSEIrank":50,"engagementScore":0.30814704213120436,"voiceSEI":6.039372706039373,"voiceSEIadj":0,"voiceSEIrank":41,"voiceScore":0.5269056664192248},"scoped":{"SEI":13.97021886405087,"SEIrank":36,"SEIadj":0,"audienceSEI":34.203933143425886,"audienceSEIadj":0,"audienceSEIrank":10,"audienceScore":1.8105564926871938,"combinedScore":0.6895145315780352,"combinedScoreRank":37,"engagementSEI":7.996178176067476,"engagementSEIadj":0,"engagementSEIrank":40,"engagementScore":0.6119839931009963,"voiceSEI":19.173728813559322,"voiceSEIadj":0,"voiceSEIrank":31,"voiceScore":0.9640222630555778}},"instagram":{"entityString":"5589ca142b4faf9f2660030d","type":"instagram","profiles":1,"postsMade":36,"repliesMade":0,"repliesRcvd":231,"sharesMade":0,"sharesRcvd":0,"mentionsRcvd":0,"likesRcvd":5354,"reachRcvd":0,"audience":9336,"voice":36,"conversation":267,"engagement":5585,"group_scoped":{"audienceScore":3.0785566133239244,"voiceScore":2.07492795389049,"engagementScore":0.46355125914133877,"combinedScore":0.6748703615879257,"combinedScoreRank":53,"SEIrank":13,"engagementSEIrank":15,"voiceSEIrank":11,"audienceSEIrank":12,"engagementSEI":0.8477007350787216,"engagementSEIadj":0.8477007350787216,"voiceSEI":3.7151702786377707,"voiceSEIadj":3.7151702786377707,"audienceSEI":10.863898715323032,"audienceSEIadj":10.863898715323032,"SEI":2.7095613961708676,"SEIadj":2.7095613961708676},"non_scoped":{"SEI":2.3060321506628423,"SEIrank":13,"SEIadj":0,"audienceSEI":7.638934345748511,"audienceSEIadj":0,"audienceSEIrank":11,"audienceScore":1.5847957385698135,"combinedScore":0.3556725019162255,"combinedScoreRank":15,"engagementSEI":0.7126460541611002,"engagementSEIadj":0,"engagementSEIrank":15,"engagementScore":0.23625061600708966,"voiceSEI":3.7151702786377707,"voiceSEIadj":0,"voiceSEIrank":11,"voiceScore":1.2761432116270826},"scoped":{"SEI":8.85795203049903,"SEIrank":8,"SEIadj":0,"audienceSEI":10.863898715323032,"audienceSEIadj":0,"audienceSEIrank":7,"audienceScore":3.982085732565579,"combinedScore":1.3547158609107195,"combinedScoreRank":10,"engagementSEI":1.487635445411637,"engagementSEIadj":0,"engagementSEIrank":10,"engagementScore":1.0229162545696975,"voiceSEI":22.929936305732486,"voiceSEIadj":0,"voiceSEIrank":6,"voiceScore":4.699738903394255}}},"blended":{"combined":{"non_scoped":{"SEI":2.4126377177874034,"SEIadj":70.72379131533621,"SEIrank":21,"audienceSEI":2.266660904479969,"audienceSEIadj":60.90666436179199,"audienceSEIrank":28,"engagementSEI":0.16277377867226742,"engagementSEIadj":60.065109511468904,"engagementSEIrank":51,"voiceSEI":6.961024533786821,"voiceSEIadj":72.08830736013604,"voiceSEIrank":21},"scoped":{"SEI":10.418784757591775,"SEIadj":55.20939237879589,"SEIrank":84,"compCharisma":0,"compInfluence":0,"compEva":10.418784757591775,"audienceSEI":29.59152271141931,"audienceSEIadj":78.8774568134258,"audienceSEIrank":20,"engagementSEI":4.646722866021856,"engagementSEIadj":61.85868914640874,"engagementSEIrank":44,"voiceSEI":26.53913773955237,"voiceSEIadj":77.96174132186572,"voiceSEIrank":13}},"facebook":{"non_scoped":{"SEI":1.8563876563336934,"SEIadj":70.55691629690011,"SEIrank":20,"audienceSEI":0.45741993400960834,"audienceSEIadj":50.228709967004804,"audienceSEIrank":92,"engagementSEI":0.026093177188251045,"engagementSEIadj":50.01304658859412,"engagementSEIrank":82,"voiceSEI":5.983299188732607,"voiceSEIadj":71.79498975661978,"voiceSEIrank":18},"scoped":{"SEI":9.779175342384152,"SEIadj":63.91167013695366,"SEIrank":43,"audienceSEI":5.830507543828339,"audienceSEIadj":52.915253771914166,"audienceSEIrank":80,"engagementSEI":2.1096189032609725,"engagementSEIadj":51.05480945163048,"engagementSEIrank":73,"voiceSEI":26.434510820149118,"voiceSEIadj":77.93035324604473,"voiceSEIrank":10}},"twitter":{"non_scoped":{"SEI":3.9988911623106382,"SEIadj":61.599556464924255,"SEIrank":36,"audienceSEI":7.040907702008383,"audienceSEIadj":72.11227231060252,"audienceSEIrank":15,"engagementSEI":2.0317369246328507,"engagementSEIadj":60.81269476985314,"engagementSEIrank":44,"voiceSEI":6.919194124433633,"voiceSEIadj":62.767677649773454,"voiceSEIrank":35},"scoped":{"SEI":16.938554038685027,"SEIadj":66.77542161547402,"SEIrank":28,"audienceSEI":34.203933143425886,"audienceSEIadj":80.26117994302777,"audienceSEIrank":10,"engagementSEI":12.271014935394069,"engagementSEIadj":64.90840597415763,"engagementSEIrank":36,"voiceSEI":20.518505877019987,"voiceSEIadj":68.207402350808,"voiceSEIrank":26}},"instagram":{"non_scoped":{"SEI":2.927933928234042,"SEIadj":70.87838017847021,"SEIrank":12,"audienceSEI":7.63893434574851,"audienceSEIadj":72.29168030372455,"audienceSEIrank":11,"engagementSEI":1.2814816866898358,"engagementSEIadj":70.38444450600696,"engagementSEIrank":13,"voiceSEI":4.650504938817631,"voiceSEIadj":71.39515148164529,"voiceSEIrank":11},"scoped":{"SEI":12.268003497546434,"SEIadj":73.68040104926393,"SEIrank":7,"audienceSEI":10.863898715323032,"audienceSEIadj":73.25916961459691,"audienceSEIrank":7,"engagementSEI":3.1686901487419465,"engagementSEIadj":70.95060704462259,"engagementSEIrank":7,"voiceSEI":30.934665122563214,"voiceSEIadj":79.28039953676897,"voiceSEIrank":6}},"influence":{"combined":{"ratio":0.21,"bottom":false,"scope":"individual","calculated":true},"facebook":{"ratio":0.21,"bottom":false,"scope":"individual","calculated":true},"twitter":{"ratio":0.32,"bottom":false,"scope":"individual","calculated":true},"instagram":{"ratio":0.81,"bottom":false,"scope":"individual","calculated":true}},"charisma":{"combined":{"ratio":0.28,"bottom":false,"scope":"individual","calculated":true},"facebook":{"ratio":0.06,"bottom":false,"scope":"individual","calculated":true},"twitter":{"ratio":0.71,"bottom":false,"scope":"individual","calculated":true},"instagram":{"ratio":0.17,"bottom":false,"scope":"individual","calculated":true}}},"scope":"individual"}}