{"scoreEntityString":"591d1494ab33fb0001804f89.asset.55940f985465fda06c459cd9","timeQuantum":4995834,"scoreEntityType":"asset","scoreProfileID":"591d1494ab33fb0001804f89","data":{"scoreEntityString":"591d1494ab33fb0001804f89.asset.55940f985465fda06c459cd9","scoreProfileID":"591d1494ab33fb0001804f89","scoreEntityType":"asset","entityID":"asset.55940f985465fda06c459cd9","object_version":"1.2","score_engine_version":"3.0.20","timestamp":4995834,"start_quantum":4969914,"end_quantum":4995833,"schedule_options":{"interval":15,"offset":"1"},"_15min":{"boundaryQuantum":4995831,"combined":{"entityString":"55940f985465fda06c459cd9","type":"combined","profiles":3,"postsMade":0,"repliesMade":0,"repliesRcvd":0,"sharesMade":0,"sharesRcvd":0,"mentionsRcvd":0,"likesRcvd":0,"reachRcvd":0,"audience":52550,"voice":0,"conversation":0,"engagement":0,"group_scoped":{"audienceScore":1.7725406967585948,"voiceScore":0,"engagementScore":0,"combinedScore":1.7725406967585948,"engagementSEI":0,"engagementSEIadj":0,"voiceSEI":0,"voiceSEIadj":0,"audienceSEI":2.7315700888137133,"audienceSEIadj":2.7315700888137133,"SEI":0.27315700888137134,"SEIadj":0.27315700888137134,"combinedScoreRank":38,"SEIrank":57,"engagementSEIrank":125,"voiceSEIrank":120,"audienceSEIrank":54},"non_scoped":{"SEI":0.20645653019451307,"SEIrank":34,"SEIadj":0,"audienceSEI":2.0645653019451307,"audienceSEIadj":0,"audienceSEIrank":31,"audienceScore":0.3804351917972526,"combinedScore":0.01902175958986263,"combinedScoreRank":35,"engagementSEI":0,"engagementSEIadj":0,"engagementSEIrank":125,"engagementScore":0,"voiceSEI":0,"voiceSEIadj":0,"voiceSEIrank":120,"voiceScore":0},"scoped":{"SEI":2.6953141028271306,"SEIrank":27,"SEIadj":0,"audienceSEI":26.953141028271304,"audienceSEIadj":0,"audienceSEIrank":23,"audienceScore":1.0922038262259026,"combinedScore":0.05461019131129513,"combinedScoreRank":27,"engagementSEI":0,"engagementSEIadj":0,"engagementSEIrank":112,"engagementScore":0,"voiceSEI":0,"voiceSEIadj":0,"voiceSEIrank":110,"voiceScore":0}},"facebook":{"entityString":"55940f985465fda06c459cd9","type":"facebook","profiles":1,"postsMade":0,"repliesMade":0,"repliesRcvd":0,"sharesMade":0,"sharesRcvd":0,"mentionsRcvd":0,"likesRcvd":0,"reachRcvd":0,"audience":4132,"voice":0,"conversation":0,"engagement":0,"group_scoped":{"audienceScore":0.1978147502205788,"voiceScore":0,"engagementScore":0,"combinedScore":0.1978147502205788,"engagementSEI":0,"engagementSEIadj":0,"voiceSEI":0,"voiceSEIadj":0,"audienceSEI":0.23489351058356714,"audienceSEIadj":0.23489351058356714,"SEI":0.023489351058356714,"SEIadj":0.023489351058356714,"combinedScoreRank":130,"SEIrank":136,"engagementSEIrank":124,"voiceSEIrank":120,"audienceSEIrank":136},"non_scoped":{"SEI":0.022251697284291282,"SEIrank":114,"SEIadj":0,"audienceSEI":0.2225169728429128,"audienceSEIadj":0,"audienceSEIrank":114,"audienceScore":0.04243870985500381,"combinedScore":0.0021219354927501906,"combinedScoreRank":114,"engagementSEI":0,"engagementSEIadj":0,"engagementSEIrank":124,"engagementScore":0,"voiceSEI":0,"voiceSEIadj":0,"voiceSEIrank":120,"voiceScore":0},"scoped":{"SEI":0.2836314712867753,"SEIrank":101,"SEIadj":0,"audienceSEI":2.836314712867753,"audienceSEIadj":0,"audienceSEIrank":101,"audienceScore":0.1739665682736681,"combinedScore":0.008698328413683405,"combinedScoreRank":101,"engagementSEI":0,"engagementSEIadj":0,"engagementSEIrank":111,"engagementScore":0,"voiceSEI":0,"voiceSEIadj":0,"voiceSEIrank":110,"voiceScore":0}},"twitter":{"entityString":"55940f985465fda06c459cd9","type":"twitter","profiles":1,"postsMade":0,"repliesMade":0,"repliesRcvd":0,"sharesMade":0,"sharesRcvd":0,"mentionsRcvd":0,"likesRcvd":0,"reachRcvd":0,"audience":44685,"voice":0,"conversation":0,"engagement":0,"group_scoped":{"audienceScore":7.804026972226152,"voiceScore":0,"engagementScore":0,"combinedScore":7.804026972226152,"engagementSEI":0,"engagementSEIadj":0,"voiceSEI":0,"voiceSEIadj":0,"audienceSEI":46.59638365763624,"audienceSEIadj":46.59638365763624,"SEI":4.659638365763624,"SEIadj":4.659638365763624,"combinedScoreRank":14,"SEIrank":13,"engagementSEIrank":121,"voiceSEIrank":120,"audienceSEIrank":12},"non_scoped":{"SEI":0.789240820450142,"SEIrank":14,"SEIadj":0,"audienceSEI":7.892408204501419,"audienceSEIadj":0,"audienceSEIrank":13,"audienceScore":1.2812403587989114,"combinedScore":0.06406201793994558,"combinedScoreRank":14,"engagementSEI":0,"engagementSEIadj":0,"engagementSEIrank":121,"engagementScore":0,"voiceSEI":0,"voiceSEIadj":0,"voiceSEIrank":120,"voiceScore":0},"scoped":{"SEI":3.8340426262140923,"SEIrank":9,"SEIadj":0,"audienceSEI":38.34042626214092,"audienceSEIadj":0,"audienceSEIrank":8,"audienceScore":2.029518284058982,"combinedScore":0.2899311834369974,"combinedScoreRank":9,"engagementSEI":0,"engagementSEIadj":0,"engagementSEIrank":111,"engagementScore":0,"voiceSEI":0,"voiceSEIadj":0,"voiceSEIrank":110,"voiceScore":0}},"instagram":{"entityString":"55940f985465fda06c459cd9","type":"instagram","profiles":1,"postsMade":0,"repliesMade":0,"repliesRcvd":0,"sharesMade":0,"sharesRcvd":0,"mentionsRcvd":0,"likesRcvd":0,"reachRcvd":0,"audience":3733,"voice":0,"conversation":0,"engagement":0,"group_scoped":{"audienceScore":1.230960993738026,"voiceScore":0,"engagementScore":0,"combinedScore":1.230960993738026,"engagementSEI":0,"engagementSEIadj":0,"voiceSEI":0,"voiceSEIadj":0,"audienceSEI":4.343930366784584,"audienceSEIadj":4.343930366784584,"SEI":0.43439303667845847,"SEIadj":0.43439303667845847,"combinedScoreRank":54,"SEIrank":17,"engagementSEIrank":121,"voiceSEIrank":120,"audienceSEIrank":17},"non_scoped":{"SEI":0.30544282254369315,"SEIrank":16,"SEIadj":0,"audienceSEI":3.0544282254369315,"audienceSEIadj":0,"audienceSEIrank":16,"audienceScore":0.6336806439675572,"combinedScore":0.09052580628107959,"combinedScoreRank":16,"engagementSEI":0,"engagementSEIadj":0,"engagementSEIrank":121,"engagementScore":0,"voiceSEI":0,"voiceSEIadj":0,"voiceSEIrank":120,"voiceScore":0},"scoped":{"SEI":0.43439303667845847,"SEIrank":12,"SEIadj":0,"audienceSEI":4.343930366784584,"audienceSEIadj":0,"audienceSEIrank":12,"audienceScore":1.5922371507784177,"combinedScore":0.2274624501112025,"combinedScoreRank":12,"engagementSEI":0,"engagementSEIadj":0,"engagementSEIrank":110,"engagementScore":0,"voiceSEI":0,"voiceSEIadj":0,"voiceSEIrank":110,"voiceScore":0}}},"hour":{"boundaryQuantum":4995822,"combined":{"entityString":"55940f985465fda06c459cd9","type":"combined","profiles":3,"postsMade":0,"repliesMade":0,"repliesRcvd":0,"sharesMade":0,"sharesRcvd":0,"mentionsRcvd":0,"likesRcvd":0,"reachRcvd":0,"audience":52550,"voice":0,"conversation":0,"engagement":0,"group_scoped":{"audienceScore":1.7725406967585948,"voiceScore":0,"engagementScore":0,"combinedScore":1.7725406967585948,"combinedScoreRank":34,"SEIrank":83,"engagementSEIrank":150,"voiceSEIrank":128,"audienceSEIrank":54,"engagementSEI":0,"engagementSEIadj":0,"voiceSEI":0,"voiceSEIadj":0,"audienceSEI":2.7315700888137133,"audienceSEIadj":2.7315700888137133,"SEI":0.27315700888137134,"SEIadj":0.27315700888137134},"non_scoped":{"SEI":0.20645653019451307,"SEIrank":58,"SEIadj":0,"audienceSEI":2.0645653019451307,"audienceSEIadj":0,"audienceSEIrank":31,"audienceScore":0.3804351917972526,"combinedScore":0.01902175958986263,"combinedScoreRank":78,"engagementSEI":0,"engagementSEIadj":0,"engagementSEIrank":150,"engagementScore":0,"voiceSEI":0,"voiceSEIadj":0,"voiceSEIrank":128,"voiceScore":0},"scoped":{"SEI":2.6953141028271306,"SEIrank":56,"SEIadj":0,"audienceSEI":26.953141028271304,"audienceSEIadj":0,"audienceSEIrank":23,"audienceScore":1.0922038262259026,"combinedScore":0.05461019131129513,"combinedScoreRank":71,"engagementSEI":0,"engagementSEIadj":0,"engagementSEIrank":136,"engagementScore":0,"voiceSEI":0,"voiceSEIadj":0,"voiceSEIrank":115,"voiceScore":0}},"facebook":{"entityString":"55940f985465fda06c459cd9","type":"facebook","profiles":1,"postsMade":0,"repliesMade":0,"repliesRcvd":0,"sharesMade":0,"sharesRcvd":0,"mentionsRcvd":0,"likesRcvd":0,"reachRcvd":0,"audience":4132,"voice":0,"conversation":0,"engagement":0,"group_scoped":{"audienceScore":0.1978147502205788,"voiceScore":0,"engagementScore":0,"combinedScore":0.1978147502205788,"combinedScoreRank":129,"SEIrank":137,"engagementSEIrank":143,"voiceSEIrank":125,"audienceSEIrank":136,"engagementSEI":0,"engagementSEIadj":0,"voiceSEI":0,"voiceSEIadj":0,"audienceSEI":0.23489351058356714,"audienceSEIadj":0.23489351058356714,"SEI":0.023489351058356714,"SEIadj":0.023489351058356714},"non_scoped":{"SEI":0.022251697284291282,"SEIrank":116,"SEIadj":0,"audienceSEI":0.2225169728429128,"audienceSEIadj":0,"audienceSEIrank":114,"audienceScore":0.04243870985500381,"combinedScore":0.0021219354927501906,"combinedScoreRank":116,"engagementSEI":0,"engagementSEIadj":0,"engagementSEIrank":143,"engagementScore":0,"voiceSEI":0,"voiceSEIadj":0,"voiceSEIrank":125,"voiceScore":0},"scoped":{"SEI":0.2836314712867753,"SEIrank":103,"SEIadj":0,"audienceSEI":2.836314712867753,"audienceSEIadj":0,"audienceSEIrank":101,"audienceScore":0.1739665682736681,"combinedScore":0.008698328413683405,"combinedScoreRank":103,"engagementSEI":0,"engagementSEIadj":0,"engagementSEIrank":129,"engagementScore":0,"voiceSEI":0,"voiceSEIadj":0,"voiceSEIrank":112,"voiceScore":0}},"twitter":{"entityString":"55940f985465fda06c459cd9","type":"twitter","profiles":1,"postsMade":0,"repliesMade":0,"repliesRcvd":0,"sharesMade":0,"sharesRcvd":0,"mentionsRcvd":0,"likesRcvd":0,"reachRcvd":0,"audience":44685,"voice":0,"conversation":0,"engagement":0,"group_scoped":{"audienceScore":7.804026972226152,"voiceScore":0,"engagementScore":0,"combinedScore":7.804026972226152,"combinedScoreRank":25,"SEIrank":34,"engagementSEIrank":132,"voiceSEIrank":127,"audienceSEIrank":12,"engagementSEI":0,"engagementSEIadj":0,"voiceSEI":0,"voiceSEIadj":0,"audienceSEI":46.59638365763624,"audienceSEIadj":46.59638365763624,"SEI":4.659638365763624,"SEIadj":4.659638365763624},"non_scoped":{"SEI":0.789240820450142,"SEIrank":46,"SEIadj":0,"audienceSEI":7.892408204501419,"audienceSEIadj":0,"audienceSEIrank":13,"audienceScore":1.2812403587989114,"combinedScore":0.06406201793994558,"combinedScoreRank":47,"engagementSEI":0,"engagementSEIadj":0,"engagementSEIrank":132,"engagementScore":0,"voiceSEI":0,"voiceSEIadj":0,"voiceSEIrank":127,"voiceScore":0},"scoped":{"SEI":3.8340426262140923,"SEIrank":38,"SEIadj":0,"audienceSEI":38.34042626214092,"audienceSEIadj":0,"audienceSEIrank":8,"audienceScore":2.029518284058982,"combinedScore":0.1014759142029491,"combinedScoreRank":38,"engagementSEI":0,"engagementSEIadj":0,"engagementSEIrank":118,"engagementScore":0,"voiceSEI":0,"voiceSEIadj":0,"voiceSEIrank":114,"voiceScore":0}},"instagram":{"entityString":"55940f985465fda06c459cd9","type":"instagram","profiles":1,"postsMade":0,"repliesMade":0,"repliesRcvd":0,"sharesMade":0,"sharesRcvd":0,"mentionsRcvd":0,"likesRcvd":0,"reachRcvd":0,"audience":3733,"voice":0,"conversation":0,"engagement":0,"group_scoped":{"audienceScore":1.230960993738026,"voiceScore":0,"engagementScore":0,"combinedScore":1.230960993738026,"combinedScoreRank":54,"SEIrank":17,"engagementSEIrank":123,"voiceSEIrank":121,"audienceSEIrank":17,"engagementSEI":0,"engagementSEIadj":0,"voiceSEI":0,"voiceSEIadj":0,"audienceSEI":4.343930366784584,"audienceSEIadj":4.343930366784584,"SEI":0.43439303667845847,"SEIadj":0.43439303667845847},"non_scoped":{"SEI":0.30544282254369315,"SEIrank":17,"SEIadj":0,"audienceSEI":3.0544282254369315,"audienceSEIadj":0,"audienceSEIrank":16,"audienceScore":0.6336806439675572,"combinedScore":0.031684032198377864,"combinedScoreRank":17,"engagementSEI":0,"engagementSEIadj":0,"engagementSEIrank":123,"engagementScore":0,"voiceSEI":0,"voiceSEIadj":0,"voiceSEIrank":121,"voiceScore":0},"scoped":{"SEI":0.43439303667845847,"SEIrank":12,"SEIadj":0,"audienceSEI":4.343930366784584,"audienceSEIadj":0,"audienceSEIrank":12,"audienceScore":1.5922371507784177,"combinedScore":0.2274624501112025,"combinedScoreRank":12,"engagementSEI":0,"engagementSEIadj":0,"engagementSEIrank":111,"engagementScore":0,"voiceSEI":0,"voiceSEIadj":0,"voiceSEIrank":110,"voiceScore":0}}},"today":{"boundaryQuantum":4995546,"combined":{"entityString":"55940f985465fda06c459cd9","type":"combined","profiles":3,"postsMade":1,"repliesMade":0,"repliesRcvd":9,"sharesMade":0,"sharesRcvd":0,"mentionsRcvd":0,"likesRcvd":171,"reachRcvd":0,"audience":52550,"voice":1,"conversation":10,"engagement":180,"group_scoped":{"audienceScore":1.7725406967585948,"voiceScore":0.3968253968253968,"engagementScore":0.1740728204632271,"combinedScore":0.265133843096104,"combinedScoreRank":115,"SEIrank":119,"engagementSEIrank":76,"voiceSEIrank":134,"audienceSEIrank":54,"engagementSEI":0.18292311131887562,"engagementSEIadj":0.18292311131887562,"voiceSEI":0.7874015748031495,"voiceSEIadj":0.7874015748031495,"audienceSEI":2.7315700888137133,"audienceSEIadj":2.7315700888137133,"SEI":0.6191313481136416,"SEIadj":0.6191313481136416},"non_scoped":{"SEI":0.521689849040633,"SEIrank":102,"SEIadj":0,"audienceSEI":2.0645653019451307,"audienceSEIadj":0,"audienceSEIrank":31,"audienceScore":0.3804351917972526,"combinedScore":0.08278844286976013,"combinedScoreRank":49,"engagementSEI":0.18292311131887562,"engagementSEIadj":0,"engagementSEIrank":43,"engagementScore":0.06697499972093751,"voiceSEI":0.684931506849315,"voiceSEIadj":0,"voiceSEIrank":128,"voiceScore":0.06978367062107467},"scoped":{"SEI":9.505633657210009,"SEIrank":52,"SEIadj":0,"audienceSEI":26.953141028271304,"audienceSEIadj":0,"audienceSEIrank":23,"audienceScore":1.0922038262259026,"combinedScore":0.7328795331048635,"combinedScoreRank":35,"engagementSEI":9.498680738786279,"engagementSEIadj":0,"engagementSEIrank":34,"engagementScore":0.7445400397088021,"voiceSEI":3.7037037037037033,"voiceSEIadj":0,"voiceSEIrank":116,"voiceScore":0.16366612111292964}},"facebook":{"entityString":"55940f985465fda06c459cd9","type":"facebook","profiles":1,"postsMade":0,"repliesMade":0,"repliesRcvd":0,"sharesMade":0,"sharesRcvd":0,"mentionsRcvd":0,"likesRcvd":0,"reachRcvd":0,"audience":4132,"voice":0,"conversation":0,"engagement":0,"group_scoped":{"audienceScore":0.1978147502205788,"voiceScore":0,"engagementScore":0,"combinedScore":0.1978147502205788,"combinedScoreRank":98,"SEIrank":142,"engagementSEIrank":173,"voiceSEIrank":159,"audienceSEIrank":136,"engagementSEI":0,"engagementSEIadj":0,"voiceSEI":0,"voiceSEIadj":0,"audienceSEI":0.23489351058356714,"audienceSEIadj":0.23489351058356714,"SEI":0.023489351058356714,"SEIadj":0.023489351058356714},"non_scoped":{"SEI":0.022251697284291282,"SEIrank":125,"SEIadj":0,"audienceSEI":0.2225169728429128,"audienceSEIadj":0,"audienceSEIrank":114,"audienceScore":0.04243870985500381,"combinedScore":0.0021219354927501906,"combinedScoreRank":127,"engagementSEI":0,"engagementSEIadj":0,"engagementSEIrank":173,"engagementScore":0,"voiceSEI":0,"voiceSEIadj":0,"voiceSEIrank":159,"voiceScore":0},"scoped":{"SEI":0.2836314712867753,"SEIrank":113,"SEIadj":0,"audienceSEI":2.836314712867753,"audienceSEIadj":0,"audienceSEIrank":101,"audienceScore":0.1739665682736681,"combinedScore":0.008698328413683405,"combinedScoreRank":115,"engagementSEI":0,"engagementSEIadj":0,"engagementSEIrank":159,"engagementScore":0,"voiceSEI":0,"voiceSEIadj":0,"voiceSEIrank":145,"voiceScore":0}},"twitter":{"entityString":"55940f985465fda06c459cd9","type":"twitter","profiles":1,"postsMade":0,"repliesMade":0,"repliesRcvd":0,"sharesMade":0,"sharesRcvd":0,"mentionsRcvd":0,"likesRcvd":11,"reachRcvd":0,"audience":44685,"voice":0,"conversation":0,"engagement":11,"group_scoped":{"audienceScore":7.804026972226152,"voiceScore":0,"engagementScore":0.9016393442622952,"combinedScore":1.8876947196857032,"combinedScoreRank":73,"SEIrank":48,"engagementSEIrank":69,"voiceSEIrank":178,"audienceSEIrank":12,"engagementSEI":3.081232492997199,"engagementSEIadj":3.081232492997199,"voiceSEI":0,"voiceSEIadj":0,"audienceSEI":46.59638365763624,"audienceSEIadj":46.59638365763624,"SEI":6.508377861561943,"SEIadj":6.508377861561943},"non_scoped":{"SEI":1.109784773825567,"SEIrank":86,"SEIadj":0,"audienceSEI":7.892408204501419,"audienceSEIadj":0,"audienceSEIrank":13,"audienceScore":1.2812403587989114,"combinedScore":0.17907131162024298,"combinedScoreRank":69,"engagementSEI":0.5342399222923749,"engagementSEIadj":0,"engagementSEIrank":80,"engagementScore":0.12778810408921934,"voiceSEI":0,"voiceSEIadj":0,"voiceSEIrank":178,"voiceScore":0},"scoped":{"SEI":6.174468158128986,"SEIrank":70,"SEIadj":0,"audienceSEI":38.34042626214092,"audienceSEIadj":0,"audienceSEIrank":8,"audienceScore":2.029518284058982,"combinedScore":0.34628303586467013,"combinedScoreRank":61,"engagementSEI":3.900709219858156,"engagementSEIadj":0,"engagementSEIrank":70,"engagementScore":0.27200791295746785,"voiceSEI":0,"voiceSEIadj":0,"voiceSEIrank":162,"voiceScore":0}},"instagram":{"entityString":"55940f985465fda06c459cd9","type":"instagram","profiles":1,"postsMade":1,"repliesMade":0,"repliesRcvd":9,"sharesMade":0,"sharesRcvd":0,"mentionsRcvd":0,"likesRcvd":160,"reachRcvd":0,"audience":3733,"voice":1,"conversation":10,"engagement":169,"group_scoped":{"audienceScore":1.230960993738026,"voiceScore":3.3333333333333335,"engagementScore":1.1155851871410654,"combinedScore":1.2322413847805267,"combinedScoreRank":50,"SEIrank":11,"engagementSEIrank":9,"voiceSEIrank":9,"audienceSEIrank":17,"engagementSEI":1.3021033977964402,"engagementSEIadj":1.3021033977964402,"voiceSEI":4.761904761904762,"voiceSEIadj":4.761904761904762,"audienceSEI":4.343930366784584,"audienceSEIadj":4.343930366784584,"SEI":2.6442265039277513,"SEIadj":2.6442265039277513},"non_scoped":{"SEI":2.515276289792986,"SEIrank":10,"SEIadj":0,"audienceSEI":3.0544282254369315,"audienceSEIadj":0,"audienceSEIrank":16,"audienceScore":0.6336806439675572,"combinedScore":0.6571678183179435,"combinedScoreRank":10,"engagementSEI":1.3021033977964402,"engagementSEIadj":0,"engagementSEIrank":8,"engagementScore":0.5715251944538383,"voiceSEI":4.761904761904762,"voiceSEIadj":0,"voiceSEIrank":9,"voiceScore":2.2222222222222223},"scoped":{"SEI":28.38129569154571,"SEIrank":5,"SEIadj":0,"audienceSEI":4.343930366784584,"audienceSEIadj":0,"audienceSEIrank":12,"audienceScore":1.5922371507784177,"combinedScore":7.644384002956228,"combinedScoreRank":5,"engagementSEI":29.911504424778762,"engagementSEIadj":0,"engagementSEIrank":4,"engagementScore":7.788018433179723,"voiceSEI":33.33333333333333,"voiceSEIadj":0,"voiceSEIrank":4,"voiceScore":11.11111111111111}}},"week":{"boundaryQuantum":4993818,"combined":{"entityString":"55940f985465fda06c459cd9","type":"combined","profiles":3,"postsMade":53,"repliesMade":0,"repliesRcvd":153,"sharesMade":0,"sharesRcvd":21,"mentionsRcvd":0,"likesRcvd":3661,"reachRcvd":0,"audience":52550,"voice":53,"conversation":206,"engagement":3835,"group_scoped":{"audienceScore":1.7725406967585948,"voiceScore":3.7037037037037033,"engagementScore":0.4420871586072698,"combinedScore":0.6716906627696577,"combinedScoreRank":54,"SEIrank":39,"engagementSEIrank":57,"voiceSEIrank":25,"audienceSEIrank":54,"engagementSEI":0.48351326919270304,"engagementSEIadj":0.48351326919270304,"voiceSEI":8.589951377633712,"voiceSEIadj":8.589951377633712,"audienceSEI":2.7315700888137133,"audienceSEIadj":2.7315700888137133,"SEI":3.1402503836871065,"SEIadj":3.1402503836871065},"non_scoped":{"SEI":2.400756108476602,"SEIrank":23,"SEIadj":0,"audienceSEI":2.0645653019451307,"audienceSEIadj":0,"audienceSEIrank":31,"audienceScore":0.3804351917972526,"combinedScore":0.23332619736801904,"combinedScoreRank":20,"engagementSEI":0.48351326919270304,"engagementSEIadj":0,"engagementSEIrank":19,"engagementScore":0.20278977389601194,"voiceSEI":6.347305389221557,"voiceSEIadj":0,"voiceSEIrank":25,"voiceScore":0.6358728254349131},"scoped":{"SEI":17.51382790406409,"SEIrank":17,"SEIadj":0,"audienceSEI":26.953141028271304,"audienceSEIadj":0,"audienceSEIrank":23,"audienceScore":1.0922038262259026,"combinedScore":1.850817145924474,"combinedScoreRank":12,"engagementSEI":13.125470600314875,"engagementSEIadj":0,"engagementSEIrank":12,"engagementScore":1.9210154582886683,"voiceSEI":23.144104803493452,"voiceSEIadj":0,"voiceSEIrank":17,"voiceScore":1.345860843067547}},"facebook":{"entityString":"55940f985465fda06c459cd9","type":"facebook","profiles":1,"postsMade":0,"repliesMade":0,"repliesRcvd":0,"sharesMade":0,"sharesRcvd":0,"mentionsRcvd":0,"likesRcvd":0,"reachRcvd":0,"audience":4132,"voice":0,"conversation":0,"engagement":0,"group_scoped":{"audienceScore":0.1978147502205788,"voiceScore":0,"engagementScore":0,"combinedScore":0.1978147502205788,"combinedScoreRank":93,"SEIrank":151,"engagementSEIrank":194,"voiceSEIrank":183,"audienceSEIrank":136,"engagementSEI":0,"engagementSEIadj":0,"voiceSEI":0,"voiceSEIadj":0,"audienceSEI":0.23489351058356714,"audienceSEIadj":0.23489351058356714,"SEI":0.023489351058356714,"SEIadj":0.023489351058356714},"non_scoped":{"SEI":0.022251697284291282,"SEIrank":142,"SEIadj":0,"audienceSEI":0.2225169728429128,"audienceSEIadj":0,"audienceSEIrank":114,"audienceScore":0.04243870985500381,"combinedScore":0.0021219354927501906,"combinedScoreRank":143,"engagementSEI":0,"engagementSEIadj":0,"engagementSEIrank":194,"engagementScore":0,"voiceSEI":0,"voiceSEIadj":0,"voiceSEIrank":183,"voiceScore":0},"scoped":{"SEI":0.2836314712867753,"SEIrank":130,"SEIadj":0,"audienceSEI":2.836314712867753,"audienceSEIadj":0,"audienceSEIrank":101,"audienceScore":0.1739665682736681,"combinedScore":0.008698328413683405,"combinedScoreRank":130,"engagementSEI":0,"engagementSEIadj":0,"engagementSEIrank":180,"engagementScore":0,"voiceSEI":0,"voiceSEIadj":0,"voiceSEIrank":169,"voiceScore":0}},"twitter":{"entityString":"55940f985465fda06c459cd9","type":"twitter","profiles":1,"postsMade":35,"repliesMade":0,"repliesRcvd":0,"sharesMade":0,"sharesRcvd":21,"mentionsRcvd":0,"likesRcvd":525,"reachRcvd":0,"audience":44685,"voice":35,"conversation":35,"engagement":546,"group_scoped":{"audienceScore":7.804026972226152,"voiceScore":4.45859872611465,"engagementScore":6.656912948061448,"combinedScore":6.604352938172344,"combinedScoreRank":25,"SEIrank":16,"engagementSEIrank":15,"voiceSEIrank":17,"audienceSEIrank":12,"engagementSEI":37.6551724137931,"engagementSEIadj":37.6551724137931,"voiceSEI":23.026315789473685,"voiceSEIadj":23.026315789473685,"audienceSEI":46.59638365763624,"audienceSEIadj":46.59638365763624,"SEI":34.16063655088159,"SEIadj":34.16063655088159},"non_scoped":{"SEI":5.501001338586656,"SEIrank":25,"SEIadj":0,"audienceSEI":7.892408204501419,"audienceSEIadj":0,"audienceSEIrank":13,"audienceScore":1.2812403587989114,"combinedScore":0.8904333042307888,"combinedScoreRank":24,"engagementSEI":4.160951074531321,"engagementSEIadj":0,"engagementSEIrank":24,"engagementScore":0.8800489990651494,"voiceSEI":7.383966244725738,"voiceSEIadj":0,"voiceSEIrank":35,"voiceScore":0.6865437426441742},"scoped":{"SEI":25.072678989850452,"SEIrank":17,"SEIadj":0,"audienceSEI":38.34042626214092,"audienceSEIadj":0,"audienceSEIrank":8,"audienceScore":2.029518284058982,"combinedScore":1.5898504345772615,"combinedScoreRank":16,"engagementSEI":25.454545454545453,"engagementSEIadj":0,"engagementSEIrank":16,"engagementScore":1.5850897056261977,"voiceSEI":19.886363636363637,"voiceSEIadj":0,"voiceSEIrank":26,"voiceScore":1.2358757062146892}},"instagram":{"entityString":"55940f985465fda06c459cd9","type":"instagram","profiles":1,"postsMade":18,"repliesMade":0,"repliesRcvd":153,"sharesMade":0,"sharesRcvd":0,"mentionsRcvd":0,"likesRcvd":3136,"reachRcvd":0,"audience":3733,"voice":18,"conversation":171,"engagement":3289,"group_scoped":{"audienceScore":1.230960993738026,"voiceScore":8.49056603773585,"engagementScore":2.6501325469151618,"combinedScore":2.8711956437973396,"combinedScoreRank":45,"SEIrank":8,"engagementSEIrank":8,"voiceSEIrank":6,"audienceSEIrank":17,"engagementSEI":4.603670058648153,"engagementSEIadj":4.603670058648153,"voiceSEI":14.285714285714285,"voiceSEIadj":14.285714285714285,"audienceSEI":4.343930366784584,"audienceSEIadj":4.343930366784584,"SEI":7.482309357581636,"SEIadj":7.482309357581636},"non_scoped":{"SEI":7.35335914344687,"SEIrank":7,"SEIadj":0,"audienceSEI":3.0544282254369315,"audienceSEIadj":0,"audienceSEIrank":16,"audienceScore":0.6336806439675572,"combinedScore":1.635559190549711,"combinedScoreRank":7,"engagementSEI":4.603670058648153,"engagementSEIadj":0,"engagementSEIrank":7,"engagementScore":1.4636121716996413,"voiceSEI":14.285714285714285,"voiceSEIadj":0,"voiceSEIrank":5,"voiceScore":5.7324840764331215},"scoped":{"SEI":37.414690868378784,"SEIrank":2,"SEIadj":0,"audienceSEI":4.343930366784584,"audienceSEIadj":0,"audienceSEIrank":12,"audienceScore":1.5922371507784177,"combinedScore":6.746851117224722,"combinedScoreRank":3,"engagementSEI":11.633829719500548,"engagementSEIadj":0,"engagementSEIrank":3,"engagementScore":6.245252924198693,"voiceSEI":100,"voiceSEIadj":0,"voiceSEIrank":1,"voiceScore":20.930232558139537}}},"month":{"boundaryQuantum":4987194,"combined":{"entityString":"55940f985465fda06c459cd9","type":"combined","profiles":3,"postsMade":96,"repliesMade":0,"repliesRcvd":196,"sharesMade":0,"sharesRcvd":44,"mentionsRcvd":0,"likesRcvd":4908,"reachRcvd":0,"audience":52550,"voice":96,"conversation":292,"engagement":5148,"group_scoped":{"audienceScore":1.7725406967585948,"voiceScore":1.5247776365946633,"engagementScore":0.1306384790717055,"combinedScore":0.28244054783219785,"combinedScoreRank":93,"SEIrank":80,"engagementSEIrank":103,"voiceSEIrank":67,"audienceSEIrank":54,"engagementSEI":0.14135556361000362,"engagementSEIadj":0.14135556361000362,"voiceSEI":3.6308623298033282,"voiceSEIadj":3.6308623298033282,"audienceSEI":2.7315700888137133,"audienceSEIadj":2.7315700888137133,"SEI":1.4472290459883719,"SEIadj":1.4472290459883719},"non_scoped":{"SEI":1.0743041261092916,"SEIrank":60,"SEIadj":0,"audienceSEI":2.0645653019451307,"audienceSEIadj":0,"audienceSEIrank":31,"audienceScore":0.3804351917972526,"combinedScore":0.0848383676425515,"combinedScoreRank":52,"engagementSEI":0.14135556361000362,"engagementSEIadj":0,"engagementSEIrank":50,"engagementScore":0.05913645610887173,"voiceSEI":2.6101141924959217,"voiceSEIadj":0,"voiceSEIrank":67,"voiceScore":0.2518759510940861},"scoped":{"SEI":8.239338414159086,"SEIrank":43,"SEIadj":0,"audienceSEI":26.953141028271304,"audienceSEIadj":0,"audienceSEIrank":23,"audienceScore":1.0922038262259026,"combinedScore":0.6263381562715246,"combinedScoreRank":40,"engagementSEI":4.250435529281604,"engagementSEIadj":0,"engagementSEIrank":41,"engagementScore":0.605793874750822,"voiceSEI":9.97920997920998,"voiceSEIadj":0,"voiceSEIrank":57,"voiceScore":0.5302695536897923}},"facebook":{"entityString":"55940f985465fda06c459cd9","type":"facebook","profiles":1,"postsMade":0,"repliesMade":0,"repliesRcvd":1,"sharesMade":0,"sharesRcvd":1,"mentionsRcvd":0,"likesRcvd":2,"reachRcvd":0,"audience":4132,"voice":0,"conversation":1,"engagement":4,"group_scoped":{"audienceScore":0.1978147502205788,"voiceScore":0,"engagementScore":0.00011632979496873636,"combinedScore":0.0283589612843416,"combinedScoreRank":152,"SEIrank":156,"engagementSEIrank":147,"voiceSEIrank":196,"audienceSEIrank":136,"engagementSEI":0.00011921686441764051,"engagementSEIadj":0.00011921686441764051,"voiceSEI":0,"voiceSEIadj":0,"audienceSEI":0.23489351058356714,"audienceSEIadj":0.23489351058356714,"SEI":0.023560881177007297,"SEIadj":0.023560881177007297},"non_scoped":{"SEI":0.022323227402941865,"SEIrank":151,"SEIadj":0,"audienceSEI":0.2225169728429128,"audienceSEIadj":0,"audienceSEIrank":114,"audienceScore":0.04243870985500381,"combinedScore":0.0021696341517023943,"combinedScoreRank":149,"engagementSEI":0.00011921686441764051,"engagementSEIadj":0,"engagementSEIrank":144,"engagementScore":0.00005299850994689284,"voiceSEI":0,"voiceSEIadj":0,"voiceSEIrank":196,"voiceScore":0},"scoped":{"SEI":0.2900657876406627,"SEIrank":136,"SEIadj":0,"audienceSEI":2.836314712867753,"audienceSEIadj":0,"audienceSEIrank":101,"audienceScore":0.1739665682736681,"combinedScore":0.00939335070266209,"combinedScoreRank":135,"engagementSEI":0.010723860589812333,"engagementSEIadj":0,"engagementSEIrank":133,"engagementScore":0.0007722469877540934,"voiceSEI":0,"voiceSEIadj":0,"voiceSEIrank":182,"voiceScore":0}},"twitter":{"entityString":"55940f985465fda06c459cd9","type":"twitter","profiles":1,"postsMade":70,"repliesMade":0,"repliesRcvd":0,"sharesMade":0,"sharesRcvd":43,"mentionsRcvd":0,"likesRcvd":922,"reachRcvd":0,"audience":44685,"voice":70,"conversation":70,"engagement":965,"group_scoped":{"audienceScore":7.804026972226152,"voiceScore":1.9580419580419581,"engagementScore":2.9396533341456728,"combinedScore":3.133791447244511,"combinedScoreRank":48,"SEIrank":26,"engagementSEIrank":33,"voiceSEIrank":36,"audienceSEIrank":12,"engagementSEI":13.631868908037859,"engagementSEIadj":13.631868908037859,"voiceSEI":10.401188707280832,"voiceSEIadj":10.401188707280832,"audienceSEI":46.59638365763624,"audienceSEIadj":46.59638365763624,"SEI":15.959116322770589,"SEIadj":15.959116322770589},"non_scoped":{"SEI":2.7156471804829265,"SEIrank":52,"SEIadj":0,"audienceSEI":7.892408204501419,"audienceSEIadj":0,"audienceSEIrank":13,"audienceScore":1.2812403587989114,"combinedScore":0.39781159081766276,"combinedScoreRank":46,"engagementSEI":1.540032875313193,"engagementSEIadj":0,"engagementSEIrank":47,"engagementScore":0.35437682926381425,"voiceSEI":3.341288782816229,"voiceSEIadj":0,"voiceSEIrank":65,"voiceScore":0.2962085308056872},"scoped":{"SEI":11.97957462504088,"SEIrank":40,"SEIadj":0,"audienceSEI":38.34042626214092,"audienceSEIadj":0,"audienceSEIrank":8,"audienceScore":2.029518284058982,"combinedScore":0.7394633735897413,"combinedScoreRank":36,"engagementSEI":8.466397613616424,"engagementSEIadj":0,"engagementSEIrank":37,"engagementScore":0.6792091612294742,"voiceSEI":10.218978102189782,"voiceSEIadj":0,"voiceSEIrank":54,"voiceScore":0.5339842856053093}},"instagram":{"entityString":"55940f985465fda06c459cd9","type":"instagram","profiles":1,"postsMade":26,"repliesMade":0,"repliesRcvd":195,"sharesMade":0,"sharesRcvd":0,"mentionsRcvd":0,"likesRcvd":3984,"reachRcvd":0,"audience":3733,"voice":26,"conversation":221,"engagement":4179,"group_scoped":{"audienceScore":1.230960993738026,"voiceScore":3.3376123234916557,"engagementScore":0.8904391256267059,"combinedScore":1.0298238789255194,"combinedScoreRank":50,"SEIrank":13,"engagementSEIrank":12,"voiceSEIrank":9,"audienceSEIrank":17,"engagementSEI":1.4947902321771571,"engagementSEIadj":1.4947902321771571,"voiceSEI":5.701754385964912,"voiceSEIadj":5.701754385964912,"audienceSEI":4.343930366784584,"audienceSEIadj":4.343930366784584,"SEI":3.041793491774226,"SEIadj":3.041793491774226},"non_scoped":{"SEI":2.905749124138702,"SEIrank":12,"SEIadj":0,"audienceSEI":3.0544282254369315,"audienceSEIadj":0,"audienceSEIrank":16,"audienceScore":0.6336806439675572,"combinedScore":0.5649844791534603,"combinedScoreRank":12,"engagementSEI":1.4829666430092263,"engagementSEIadj":0,"engagementSEIrank":12,"engagementScore":0.47188400167570194,"voiceSEI":5.701754385964912,"voiceSEIadj":0,"voiceSEIrank":9,"voiceScore":2.172096908939014},"scoped":{"SEI":14.381603826092825,"SEIrank":7,"SEIadj":0,"audienceSEI":4.343930366784584,"audienceSEIadj":0,"audienceSEIrank":12,"audienceScore":1.5922371507784177,"combinedScore":2.4642439173587207,"combinedScoreRank":7,"engagementSEI":3.5483816187209185,"engagementSEIadj":0,"engagementSEIrank":7,"engagementScore":2.2023947551489345,"voiceSEI":39.39393939393939,"voiceSEIadj":0,"voiceSEIrank":4,"voiceScore":8.04953560371517}}},"quarter":{"boundaryQuantum":4969914,"combined":{"entityString":"55940f985465fda06c459cd9","type":"combined","profiles":3,"postsMade":349,"repliesMade":0,"repliesRcvd":211,"sharesMade":0,"sharesRcvd":331,"mentionsRcvd":0,"likesRcvd":7332,"reachRcvd":0,"audience":52550,"voice":349,"conversation":560,"engagement":7874,"group_scoped":{"audienceScore":1.7725406967585948,"voiceScore":1.9615557553956835,"engagementScore":0.06413242849649609,"combinedScore":0.2444240082545604,"combinedScoreRank":95,"SEIrank":69,"engagementSEIrank":126,"voiceSEIrank":54,"audienceSEIrank":54,"engagementSEI":0.06913343252936086,"engagementSEIadj":0.06913343252936086,"voiceSEI":4.511375387797311,"voiceSEIadj":4.511375387797311,"audienceSEI":2.7315700888137133,"audienceSEIadj":2.7315700888137133,"SEI":1.6680496847381812,"SEIadj":1.6680496847381812},"non_scoped":{"SEI":1.2259842310012468,"SEIrank":55,"SEIadj":0,"audienceSEI":2.0645653019451307,"audienceSEIadj":0,"audienceSEIrank":31,"audienceScore":0.3804351917972526,"combinedScore":0.060293522190524446,"combinedScoreRank":64,"engagementSEI":0.06913343252936086,"engagementSEIadj":0,"engagementSEIrank":71,"engagementScore":0.028463539991020644,"voiceSEI":3.260158804297057,"voiceSEIadj":0,"voiceSEIrank":57,"voiceScore":0.31309153217486474},"scoped":{"SEI":7.789134602943805,"SEIrank":47,"SEIadj":0,"audienceSEI":26.953141028271304,"audienceSEIadj":0,"audienceSEIrank":23,"audienceScore":1.0922038262259026,"combinedScore":0.3487489889990921,"combinedScoreRank":59,"engagementSEI":2.0577067310582007,"engagementSEIadj":0,"engagementSEIrank":62,"engagementScore":0.2899724905447756,"voiceSEI":12.863988204939181,"voiceSEIadj":0,"voiceSEIrank":47,"voiceScore":0.6632711239499791}},"facebook":{"entityString":"55940f985465fda06c459cd9","type":"facebook","profiles":1,"postsMade":10,"repliesMade":0,"repliesRcvd":8,"sharesMade":0,"sharesRcvd":6,"mentionsRcvd":0,"likesRcvd":58,"reachRcvd":0,"audience":4132,"voice":10,"conversation":18,"engagement":72,"group_scoped":{"audienceScore":0.1978147502205788,"voiceScore":0.16852039096730706,"engagementScore":0.000655408806691724,"combinedScore":0.018906624985416842,"combinedScoreRank":159,"SEIrank":146,"engagementSEIrank":149,"voiceSEIrank":135,"audienceSEIrank":136,"engagementSEI":0.0006722741803016942,"engagementSEIadj":0.0006722741803016942,"voiceSEI":0.2188183807439825,"voiceSEIadj":0.2188183807439825,"audienceSEI":0.23489351058356714,"audienceSEIadj":0.23489351058356714,"SEI":0.08953822978973247,"SEIadj":0.08953822978973247},"non_scoped":{"SEI":0.08830057601566704,"SEIrank":138,"SEIadj":0,"audienceSEI":0.2225169728429128,"audienceSEIadj":0,"audienceSEIrank":114,"audienceScore":0.04243870985500381,"combinedScore":0.0036380187129125973,"combinedScoreRank":141,"engagementSEI":0.0006722741803016942,"engagementSEIadj":0,"engagementSEIrank":144,"engagementScore":0.00029373567069685606,"voiceSEI":0.2188183807439825,"voiceSEIadj":0,"voiceSEIrank":131,"voiceScore":0.025034422330704718},"scoped":{"SEI":0.6415861139682747,"SEIrank":128,"SEIadj":0,"audienceSEI":2.836314712867753,"audienceSEIadj":0,"audienceSEIrank":101,"audienceScore":0.1739665682736681,"combinedScore":0.015849692182118798,"combinedScoreRank":129,"engagementSEI":0.06240303694779812,"engagementSEIadj":0,"engagementSEIrank":132,"engagementScore":0.004061227517298291,"voiceSEI":1.0683760683760684,"voiceSEIadj":0,"voiceSEIrank":121,"voiceScore":0.06992518005733865}},"twitter":{"entityString":"55940f985465fda06c459cd9","type":"twitter","profiles":1,"postsMade":311,"repliesMade":0,"repliesRcvd":0,"sharesMade":0,"sharesRcvd":325,"mentionsRcvd":0,"likesRcvd":3001,"reachRcvd":0,"audience":44685,"voice":311,"conversation":311,"engagement":3326,"group_scoped":{"audienceScore":7.804026972226152,"voiceScore":3.072211794922454,"engagementScore":3.806319451597029,"combinedScore":3.9694994447947565,"combinedScoreRank":39,"SEIrank":22,"engagementSEIrank":27,"voiceSEIrank":24,"audienceSEIrank":12,"engagementSEI":15.981164712665768,"engagementSEIadj":15.981164712665768,"voiceSEI":14.155666818388713,"voiceSEIadj":14.155666818388713,"audienceSEI":46.59638365763624,"audienceSEIadj":46.59638365763624,"SEI":18.495037238879696,"SEIadj":18.495037238879696},"non_scoped":{"SEI":3.425457183537894,"SEIrank":40,"SEIadj":0,"audienceSEI":7.892408204501419,"audienceSEIadj":0,"audienceSEIrank":13,"audienceScore":1.2812403587989114,"combinedScore":0.46675638819929727,"combinedScoreRank":40,"engagementSEI":1.7994330108853251,"engagementSEIadj":0,"engagementSEIrank":46,"engagementScore":0.42228968361284946,"voiceSEI":5.188521855188522,"voiceSEIadj":0,"voiceSEIrank":48,"voiceScore":0.45267310015574286},"scoped":{"SEI":15.350634948614312,"SEIrank":31,"SEIadj":0,"audienceSEI":38.34042626214092,"audienceSEIadj":0,"audienceSEIrank":8,"audienceScore":2.029518284058982,"combinedScore":0.8976917366103309,"combinedScoreRank":31,"engagementSEI":10.95809172377438,"engagementSEIadj":0,"engagementSEIrank":36,"engagementScore":0.8386727486831123,"voiceSEI":16.472457627118644,"voiceSEIadj":0,"voiceSEIrank":38,"voiceScore":0.8282069718516151}},"instagram":{"entityString":"55940f985465fda06c459cd9","type":"instagram","profiles":1,"postsMade":28,"repliesMade":0,"repliesRcvd":203,"sharesMade":0,"sharesRcvd":0,"mentionsRcvd":0,"likesRcvd":4273,"reachRcvd":0,"audience":3733,"voice":28,"conversation":231,"engagement":4476,"group_scoped":{"audienceScore":1.230960993738026,"voiceScore":1.6138328530259365,"engagementScore":0.3715050019546342,"combinedScore":0.4765941940973689,"combinedScoreRank":55,"SEIrank":17,"engagementSEIrank":17,"voiceSEIrank":17,"audienceSEIrank":17,"engagementSEI":0.6793748415778617,"engagementSEIadj":0.6793748415778617,"voiceSEI":2.8895768833849327,"voiceSEIadj":2.8895768833849327,"audienceSEI":4.343930366784584,"audienceSEIadj":4.343930366784584,"SEI":1.708891006640655,"SEIadj":1.708891006640655},"non_scoped":{"SEI":1.5149984736030495,"SEIrank":16,"SEIadj":0,"audienceSEI":3.0544282254369315,"audienceSEIadj":0,"audienceSEIrank":16,"audienceScore":0.6336806439675572,"combinedScore":0.25171683388214744,"combinedScoreRank":17,"engagementSEI":0.5711376434064609,"engagementSEIadj":0,"engagementSEIrank":17,"engagementScore":0.18933890013388238,"voiceSEI":2.8895768833849327,"voiceSEIadj":0,"voiceSEIrank":17,"voiceScore":0.9925558312655087},"scoped":{"SEI":6.500055062572438,"SEIrank":14,"SEIadj":0,"audienceSEI":4.343930366784584,"audienceSEIadj":0,"audienceSEIrank":12,"audienceScore":1.5922371507784177,"combinedScore":1.0001978951513162,"combinedScoreRank":12,"engagementSEI":1.1922392575939993,"engagementSEIadj":0,"engagementSEIrank":12,"engagementScore":0.8197982373238972,"voiceSEI":17.8343949044586,"voiceSEIadj":0,"voiceSEIrank":12,"voiceScore":3.6553524804177546}}},"blended":{"combined":{"non_scoped":{"SEI":1.5204490594120292,"SEIadj":60.60817962376481,"SEIrank":44,"audienceSEI":2.0645653019451307,"audienceSEIadj":60.82582612077805,"audienceSEIrank":31,"engagementSEI":0.20997018712993565,"engagementSEIadj":60.08398807485197,"engagementSEIrank":39,"voiceSEI":3.96003472313185,"voiceSEIadj":61.58401388925274,"voiceSEIrank":43},"scoped":{"SEI":8.253522569433374,"SEIadj":54.126761284716686,"SEIrank":95,"compCharisma":0,"compInfluence":0,"compEva":8.253522569433374,"audienceSEI":26.953141028271308,"audienceSEIadj":70.78125641130852,"audienceSEIrank":23,"engagementSEI":6.078993911955117,"engagementSEIadj":62.431597564782045,"engagementSEIrank":32,"voiceSEI":15.057292225584307,"voiceSEIadj":66.02291689023372,"voiceSEIrank":36}},"facebook":{"non_scoped":{"SEI":0.05528686616777675,"SEIadj":50.02764343308389,"SEIrank":146,"audienceSEI":0.2225169728429128,"audienceSEIadj":50.111258486421455,"audienceSEIrank":114,"engagementSEI":0.0003540196198134932,"engagementSEIadj":50.00017700980991,"engagementSEIrank":148,"voiceSEI":0.10940919037199125,"voiceSEIadj":50.054704595185996,"voiceSEIrank":140},"scoped":{"SEI":0.4635739400806081,"SEIadj":50.231786970040304,"SEIrank":134,"audienceSEI":2.836314712867753,"audienceSEIadj":51.41815735643387,"audienceSEIrank":101,"engagementSEI":0.03281009756237091,"engagementSEIadj":50.01640504878119,"engagementSEIrank":134,"voiceSEI":0.5341880341880342,"voiceSEIadj":50.26709401709402,"voiceSEIrank":130}},"twitter":{"non_scoped":{"SEI":3.825865309108661,"SEIadj":61.53034612364346,"SEIrank":39,"audienceSEI":7.89240820450142,"audienceSEIadj":72.36772246135043,"audienceSEIrank":13,"engagementSEI":2.405718755213657,"engagementSEIadj":60.96228750208546,"engagementSEIrank":34,"voiceSEI":5.310644118434417,"voiceSEIadj":62.12425764737377,"voiceSEIrank":46},"scoped":{"SEI":17.302780772924873,"SEIadj":66.92111230916996,"SEIrank":26,"audienceSEI":38.34042626214092,"audienceSEIadj":81.50212787864228,"audienceSEIrank":8,"engagementSEI":14.580404601286197,"engagementSEIadj":65.83216184051447,"engagementSEIrank":26,"voiceSEI":15.73498461979688,"voiceSEIadj":66.29399384791876,"voiceSEIrank":36}},"instagram":{"non_scoped":{"SEI":3.52513316294604,"SEIadj":71.05753994888381,"SEIrank":10,"audienceSEI":3.054428225436931,"audienceSEIadj":70.91632846763108,"audienceSEIrank":16,"engagementSEI":1.954220005638882,"engagementSEIadj":70.58626600169167,"engagementSEIrank":10,"voiceSEI":6.823861123396727,"voiceSEIadj":72.04715833701901,"voiceSEIrank":8},"scoped":{"SEI":18.050740150291062,"SEIadj":75.41522204508732,"SEIrank":5,"audienceSEI":4.343930366784584,"audienceSEIadj":71.30317911003537,"audienceSEIrank":12,"engagementSEI":6.11410100869424,"engagementSEIadj":71.83423030260828,"engagementSEIrank":6,"voiceSEI":46.49295502798687,"voiceSEIadj":83.94788650839607,"voiceSEIrank":3}},"influence":{"combined":{"ratio":0.18,"bottom":false,"scope":"individual","calculated":true},"facebook":{"ratio":0.04,"bottom":false,"scope":"individual","calculated":true},"twitter":{"ratio":0.41,"bottom":false,"scope":"individual","calculated":true},"instagram":{"ratio":1.14,"bottom":false,"scope":"individual","calculated":true}},"charisma":{"combined":{"ratio":0.39,"bottom":false,"scope":"individual","calculated":true},"facebook":{"ratio":0.03,"bottom":false,"scope":"individual","calculated":true},"twitter":{"ratio":1.14,"bottom":false,"scope":"individual","calculated":true},"instagram":{"ratio":0.16,"bottom":false,"scope":"individual","calculated":true}}},"scope":"individual"}}