{"scoreEntityString":"591d1494ab33fb0001804f89.asset.559f41a54586ac1049bd4367","timeQuantum":4995834,"scoreEntityType":"asset","scoreProfileID":"591d1494ab33fb0001804f89","data":{"scoreEntityString":"591d1494ab33fb0001804f89.asset.559f41a54586ac1049bd4367","scoreProfileID":"591d1494ab33fb0001804f89","scoreEntityType":"asset","entityID":"asset.559f41a54586ac1049bd4367","object_version":"1.2","score_engine_version":"3.0.20","timestamp":4995834,"start_quantum":4969914,"end_quantum":4995833,"schedule_options":{"interval":15,"offset":"1"},"_15min":{"boundaryQuantum":4995831,"combined":{"entityString":"559f41a54586ac1049bd4367","type":"combined","profiles":3,"postsMade":0,"repliesMade":0,"repliesRcvd":0,"sharesMade":0,"sharesRcvd":0,"mentionsRcvd":0,"likesRcvd":0,"reachRcvd":0,"audience":46956,"voice":0,"conversation":0,"engagement":0,"group_scoped":{"audienceScore":1.5838519687344736,"voiceScore":0,"engagementScore":0,"combinedScore":1.5838519687344736,"engagementSEI":0,"engagementSEIadj":0,"voiceSEI":0,"voiceSEIadj":0,"audienceSEI":2.440791723888425,"audienceSEIadj":2.440791723888425,"SEI":0.24407917238884252,"SEIadj":0.24407917238884252,"combinedScoreRank":48,"SEIrank":64,"engagementSEIrank":107,"voiceSEIrank":101,"audienceSEIrank":61},"non_scoped":{"SEI":0.18447902629521518,"SEIrank":38,"SEIadj":0,"audienceSEI":1.8447902629521518,"audienceSEIadj":0,"audienceSEIrank":36,"audienceScore":0.33993748555721776,"combinedScore":0.01699687427786089,"combinedScoreRank":39,"engagementSEI":0,"engagementSEIadj":0,"engagementSEIrank":107,"engagementScore":0,"voiceSEI":0,"voiceSEIadj":0,"voiceSEIrank":101,"voiceScore":0},"scoped":{"SEI":2.408395223831603,"SEIrank":31,"SEIadj":0,"audienceSEI":24.08395223831603,"audienceSEIadj":0,"audienceSEIrank":28,"audienceScore":0.9759376377595336,"combinedScore":0.04879688188797668,"combinedScoreRank":31,"engagementSEI":0,"engagementSEIadj":0,"engagementSEIrank":95,"engagementScore":0,"voiceSEI":0,"voiceSEIadj":0,"voiceSEIrank":92,"voiceScore":0}},"facebook":{"entityString":"559f41a54586ac1049bd4367","type":"facebook","profiles":1,"postsMade":0,"repliesMade":0,"repliesRcvd":0,"sharesMade":0,"sharesRcvd":0,"mentionsRcvd":0,"likesRcvd":0,"reachRcvd":0,"audience":5139,"voice":0,"conversation":0,"engagement":0,"group_scoped":{"audienceScore":0.24602371766300926,"voiceScore":0,"engagementScore":0,"combinedScore":0.24602371766300926,"engagementSEI":0,"engagementSEIadj":0,"voiceSEI":0,"voiceSEIadj":0,"audienceSEI":0.29213885549103374,"audienceSEIadj":0.29213885549103374,"SEI":0.029213885549103376,"SEIadj":0.029213885549103376,"combinedScoreRank":123,"SEIrank":126,"engagementSEIrank":105,"voiceSEIrank":100,"audienceSEIrank":126},"non_scoped":{"SEI":0.027674606085182213,"SEIrank":107,"SEIadj":0,"audienceSEI":0.27674606085182213,"audienceSEIadj":0,"audienceSEIrank":107,"audienceScore":0.05278134800214535,"combinedScore":0.0026390674001072678,"combinedScoreRank":107,"engagementSEI":0,"engagementSEIadj":0,"engagementSEIrank":105,"engagementScore":0,"voiceSEI":0,"voiceSEIadj":0,"voiceSEIrank":100,"voiceScore":0},"scoped":{"SEI":0.35275462994741974,"SEIrank":95,"SEIadj":0,"audienceSEI":3.527546299474197,"audienceSEIadj":0,"audienceSEIrank":95,"audienceScore":0.21636355139360608,"combinedScore":0.010818177569680305,"combinedScoreRank":95,"engagementSEI":0,"engagementSEIadj":0,"engagementSEIrank":93,"engagementScore":0,"voiceSEI":0,"voiceSEIadj":0,"voiceSEIrank":92,"voiceScore":0}},"twitter":{"entityString":"559f41a54586ac1049bd4367","type":"twitter","profiles":1,"postsMade":0,"repliesMade":0,"repliesRcvd":0,"sharesMade":0,"sharesRcvd":0,"mentionsRcvd":0,"likesRcvd":0,"reachRcvd":0,"audience":14903,"voice":0,"conversation":0,"engagement":0,"group_scoped":{"audienceScore":2.6027394867872067,"voiceScore":0,"engagementScore":0,"combinedScore":2.6027394867872067,"engagementSEI":0,"engagementSEIadj":0,"voiceSEI":0,"voiceSEIadj":0,"audienceSEI":15.540470082796304,"audienceSEIadj":15.540470082796304,"SEI":1.5540470082796305,"SEIadj":1.5540470082796305,"combinedScoreRank":58,"SEIrank":28,"engagementSEIrank":102,"voiceSEIrank":101,"audienceSEIrank":27},"non_scoped":{"SEI":0.26322157205255603,"SEIrank":48,"SEIadj":0,"audienceSEI":2.63221572052556,"audienceSEIadj":0,"audienceSEIrank":47,"audienceScore":0.42730950133557516,"combinedScore":0.021365475066778758,"combinedScoreRank":48,"engagementSEI":0,"engagementSEIadj":0,"engagementSEIrank":102,"engagementScore":0,"voiceSEI":0,"voiceSEIadj":0,"voiceSEIrank":101,"voiceScore":0},"scoped":{"SEI":1.2787006212032812,"SEIrank":38,"SEIadj":0,"audienceSEI":12.78700621203281,"audienceSEIadj":0,"audienceSEIrank":37,"audienceScore":0.6768694413635674,"combinedScore":0.09669563448050962,"combinedScoreRank":38,"engagementSEI":0,"engagementSEIadj":0,"engagementSEIrank":93,"engagementScore":0,"voiceSEI":0,"voiceSEIadj":0,"voiceSEIrank":92,"voiceScore":0}},"instagram":{"entityString":"559f41a54586ac1049bd4367","type":"instagram","profiles":1,"postsMade":0,"repliesMade":0,"repliesRcvd":0,"sharesMade":0,"sharesRcvd":0,"mentionsRcvd":0,"likesRcvd":0,"reachRcvd":0,"audience":26914,"voice":0,"conversation":0,"engagement":0,"group_scoped":{"audienceScore":8.874922096293927,"voiceScore":0,"engagementScore":0,"combinedScore":8.874922096293927,"engagementSEI":0,"engagementSEIadj":0,"voiceSEI":0,"voiceSEIadj":0,"audienceSEI":31.318655743809348,"audienceSEIadj":31.318655743809348,"SEI":3.131865574380935,"SEIadj":3.131865574380935,"combinedScoreRank":44,"SEIrank":7,"engagementSEIrank":103,"voiceSEIrank":100,"audienceSEIrank":7},"non_scoped":{"SEI":2.2021666557570203,"SEIrank":6,"SEIadj":0,"audienceSEI":22.021666557570203,"audienceSEIadj":0,"audienceSEIrank":6,"audienceScore":4.568679574535985,"combinedScore":0.6526685106479979,"combinedScoreRank":7,"engagementSEI":0,"engagementSEIadj":0,"engagementSEIrank":103,"engagementScore":0,"voiceSEI":0,"voiceSEIadj":0,"voiceSEIrank":100,"voiceScore":0},"scoped":{"SEI":3.131865574380935,"SEIrank":3,"SEIadj":0,"audienceSEI":31.318655743809348,"audienceSEIadj":0,"audienceSEIrank":2,"audienceScore":11.479633184047772,"combinedScore":1.6399475977211102,"combinedScoreRank":3,"engagementSEI":0,"engagementSEIadj":0,"engagementSEIrank":93,"engagementScore":0,"voiceSEI":0,"voiceSEIadj":0,"voiceSEIrank":92,"voiceScore":0}}},"hour":{"boundaryQuantum":4995822,"combined":{"entityString":"559f41a54586ac1049bd4367","type":"combined","profiles":3,"postsMade":0,"repliesMade":0,"repliesRcvd":0,"sharesMade":0,"sharesRcvd":0,"mentionsRcvd":0,"likesRcvd":7,"reachRcvd":0,"audience":46956,"voice":0,"conversation":0,"engagement":7,"group_scoped":{"audienceScore":1.5838519687344736,"voiceScore":0,"engagementScore":0.22890778286461738,"combinedScore":0.42247123798888253,"combinedScoreRank":138,"SEIrank":63,"engagementSEIrank":42,"voiceSEIrank":110,"audienceSEIrank":61,"engagementSEI":0.23325558147284237,"engagementSEIadj":0.23325558147284237,"voiceSEI":0,"voiceSEIadj":0,"audienceSEI":2.440791723888425,"audienceSEIadj":2.440791723888425,"SEI":0.38403252127254794,"SEIadj":0.38403252127254794},"non_scoped":{"SEI":0.3244323751789206,"SEIrank":44,"SEIadj":0,"audienceSEI":1.8447902629521518,"audienceSEIadj":0,"audienceSEIrank":36,"audienceScore":0.33993748555721776,"combinedScore":0.08893932032102636,"combinedScoreRank":37,"engagementSEI":0.23325558147284237,"engagementSEIadj":0,"engagementSEIrank":23,"engagementScore":0.07993605115907274,"voiceSEI":0,"voiceSEIadj":0,"voiceSEIrank":110,"voiceScore":0},"scoped":{"SEI":5.795491998025151,"SEIrank":33,"SEIadj":0,"audienceSEI":24.08395223831603,"audienceSEIadj":0,"audienceSEIrank":28,"audienceScore":0.9759376377595336,"combinedScore":1.2889543622029374,"combinedScoreRank":18,"engagementSEI":5.64516129032258,"engagementSEIadj":0,"engagementSEIrank":16,"engagementScore":1.3779527559055118,"voiceSEI":0,"voiceSEIadj":0,"voiceSEIrank":98,"voiceScore":0}},"facebook":{"entityString":"559f41a54586ac1049bd4367","type":"facebook","profiles":1,"postsMade":0,"repliesMade":0,"repliesRcvd":0,"sharesMade":0,"sharesRcvd":0,"mentionsRcvd":0,"likesRcvd":0,"reachRcvd":0,"audience":5139,"voice":0,"conversation":0,"engagement":0,"group_scoped":{"audienceScore":0.24602371766300926,"voiceScore":0,"engagementScore":0,"combinedScore":0.24602371766300926,"combinedScoreRank":122,"SEIrank":128,"engagementSEIrank":125,"voiceSEIrank":106,"audienceSEIrank":126,"engagementSEI":0,"engagementSEIadj":0,"voiceSEI":0,"voiceSEIadj":0,"audienceSEI":0.29213885549103374,"audienceSEIadj":0.29213885549103374,"SEI":0.029213885549103376,"SEIadj":0.029213885549103376},"non_scoped":{"SEI":0.027674606085182213,"SEIrank":109,"SEIadj":0,"audienceSEI":0.27674606085182213,"audienceSEIadj":0,"audienceSEIrank":107,"audienceScore":0.05278134800214535,"combinedScore":0.0026390674001072678,"combinedScoreRank":109,"engagementSEI":0,"engagementSEIadj":0,"engagementSEIrank":125,"engagementScore":0,"voiceSEI":0,"voiceSEIadj":0,"voiceSEIrank":106,"voiceScore":0},"scoped":{"SEI":0.35275462994741974,"SEIrank":97,"SEIadj":0,"audienceSEI":3.527546299474197,"audienceSEIadj":0,"audienceSEIrank":95,"audienceScore":0.21636355139360608,"combinedScore":0.010818177569680305,"combinedScoreRank":97,"engagementSEI":0,"engagementSEIadj":0,"engagementSEIrank":112,"engagementScore":0,"voiceSEI":0,"voiceSEIadj":0,"voiceSEIrank":94,"voiceScore":0}},"twitter":{"entityString":"559f41a54586ac1049bd4367","type":"twitter","profiles":1,"postsMade":0,"repliesMade":0,"repliesRcvd":0,"sharesMade":0,"sharesRcvd":0,"mentionsRcvd":0,"likesRcvd":0,"reachRcvd":0,"audience":14903,"voice":0,"conversation":0,"engagement":0,"group_scoped":{"audienceScore":2.6027394867872067,"voiceScore":0,"engagementScore":0,"combinedScore":2.6027394867872067,"combinedScoreRank":67,"SEIrank":50,"engagementSEIrank":116,"voiceSEIrank":109,"audienceSEIrank":27,"engagementSEI":0,"engagementSEIadj":0,"voiceSEI":0,"voiceSEIadj":0,"audienceSEI":15.540470082796304,"audienceSEIadj":15.540470082796304,"SEI":1.5540470082796305,"SEIadj":1.5540470082796305},"non_scoped":{"SEI":0.26322157205255603,"SEIrank":65,"SEIadj":0,"audienceSEI":2.63221572052556,"audienceSEIadj":0,"audienceSEIrank":47,"audienceScore":0.42730950133557516,"combinedScore":0.021365475066778758,"combinedScoreRank":65,"engagementSEI":0,"engagementSEIadj":0,"engagementSEIrank":116,"engagementScore":0,"voiceSEI":0,"voiceSEIadj":0,"voiceSEIrank":109,"voiceScore":0},"scoped":{"SEI":1.2787006212032812,"SEIrank":55,"SEIadj":0,"audienceSEI":12.78700621203281,"audienceSEIadj":0,"audienceSEIrank":37,"audienceScore":0.6768694413635674,"combinedScore":0.03384347206817837,"combinedScoreRank":55,"engagementSEI":0,"engagementSEIadj":0,"engagementSEIrank":103,"engagementScore":0,"voiceSEI":0,"voiceSEIadj":0,"voiceSEIrank":97,"voiceScore":0}},"instagram":{"entityString":"559f41a54586ac1049bd4367","type":"instagram","profiles":1,"postsMade":0,"repliesMade":0,"repliesRcvd":0,"sharesMade":0,"sharesRcvd":0,"mentionsRcvd":0,"likesRcvd":7,"reachRcvd":0,"audience":26914,"voice":0,"conversation":0,"engagement":7,"group_scoped":{"audienceScore":8.874922096293927,"voiceScore":0,"engagementScore":1.3333333333333335,"combinedScore":2.410703156613418,"combinedScoreRank":49,"SEIrank":8,"engagementSEIrank":8,"voiceSEIrank":102,"audienceSEIrank":7,"engagementSEI":1.411290322580645,"engagementSEIadj":1.411290322580645,"voiceSEI":0,"voiceSEIadj":0,"audienceSEI":31.318655743809348,"audienceSEIadj":31.318655743809348,"SEI":3.978639767929322,"SEIadj":3.978639767929322},"non_scoped":{"SEI":3.0489408493054073,"SEIrank":7,"SEIadj":0,"audienceSEI":22.021666557570203,"audienceSEIadj":0,"audienceSEIrank":6,"audienceScore":4.568679574535985,"combinedScore":0.6555526227945958,"combinedScoreRank":7,"engagementSEI":1.411290322580645,"engagementSEIadj":0,"engagementSEIrank":7,"engagementScore":0.47457627118644063,"voiceSEI":0,"voiceSEIadj":0,"voiceSEIrank":102,"voiceScore":0},"scoped":{"SEI":35.439557882073245,"SEIrank":3,"SEIadj":0,"audienceSEI":31.318655743809348,"audienceSEIadj":0,"audienceSEIrank":2,"audienceScore":11.479633184047772,"combinedScore":22.3296027701349,"combinedScoreRank":3,"engagementSEI":53.84615384615385,"engagementSEIadj":0,"engagementSEIrank":3,"engagementScore":24.137931034482758,"voiceSEI":0,"voiceSEIadj":0,"voiceSEIrank":92,"voiceScore":0}}},"today":{"boundaryQuantum":4995546,"combined":{"entityString":"559f41a54586ac1049bd4367","type":"combined","profiles":3,"postsMade":1,"repliesMade":0,"repliesRcvd":2,"sharesMade":0,"sharesRcvd":1,"mentionsRcvd":0,"likesRcvd":165,"reachRcvd":0,"audience":46956,"voice":1,"conversation":3,"engagement":168,"group_scoped":{"audienceScore":1.5838519687344736,"voiceScore":0.3968253968253968,"engagementScore":0.16246796576567865,"combinedScore":0.2452550374671043,"combinedScoreRank":120,"SEIrank":124,"engagementSEIrank":78,"voiceSEIrank":132,"audienceSEIrank":61,"engagementSEI":0.1707282372309506,"engagementSEIadj":0.1707282372309506,"voiceSEI":0.7874015748031495,"voiceSEIadj":0.7874015748031495,"audienceSEI":2.440791723888425,"audienceSEIadj":2.440791723888425,"SEI":0.5827365871683577,"SEIadj":0.5827365871683577},"non_scoped":{"SEI":0.49239542068858005,"SEIrank":104,"SEIadj":0,"audienceSEI":1.8447902629521518,"audienceSEIadj":0,"audienceSEIrank":36,"audienceScore":0.33993748555721776,"combinedScore":0.07674505757450212,"combinedScoreRank":53,"engagementSEI":0.1707282372309506,"engagementSEIadj":0,"engagementSEIrank":45,"engagementScore":0.06250999973954166,"voiceSEI":0.684931506849315,"voiceSEIadj":0,"voiceSEIrank":126,"voiceScore":0.06978367062107467},"scoped":{"SEI":8.838767548663032,"SEIrank":54,"SEIadj":0,"audienceSEI":24.08395223831603,"audienceSEIadj":0,"audienceSEIrank":28,"audienceScore":0.9759376377595336,"combinedScore":0.6823938212990169,"combinedScoreRank":39,"engagementSEI":8.865435356200528,"engagementSEIadj":0,"engagementSEIrank":36,"engagementScore":0.6949040370615487,"voiceSEI":3.7037037037037033,"voiceSEIadj":0,"voiceSEIrank":114,"voiceScore":0.16366612111292964}},"facebook":{"entityString":"559f41a54586ac1049bd4367","type":"facebook","profiles":1,"postsMade":0,"repliesMade":0,"repliesRcvd":0,"sharesMade":0,"sharesRcvd":0,"mentionsRcvd":0,"likesRcvd":0,"reachRcvd":0,"audience":5139,"voice":0,"conversation":0,"engagement":0,"group_scoped":{"audienceScore":0.24602371766300926,"voiceScore":0,"engagementScore":0,"combinedScore":0.24602371766300926,"combinedScoreRank":93,"SEIrank":134,"engagementSEIrank":157,"voiceSEIrank":142,"audienceSEIrank":126,"engagementSEI":0,"engagementSEIadj":0,"voiceSEI":0,"voiceSEIadj":0,"audienceSEI":0.29213885549103374,"audienceSEIadj":0.29213885549103374,"SEI":0.029213885549103376,"SEIadj":0.029213885549103376},"non_scoped":{"SEI":0.027674606085182213,"SEIrank":118,"SEIadj":0,"audienceSEI":0.27674606085182213,"audienceSEIadj":0,"audienceSEIrank":107,"audienceScore":0.05278134800214535,"combinedScore":0.0026390674001072678,"combinedScoreRank":121,"engagementSEI":0,"engagementSEIadj":0,"engagementSEIrank":157,"engagementScore":0,"voiceSEI":0,"voiceSEIadj":0,"voiceSEIrank":142,"voiceScore":0},"scoped":{"SEI":0.35275462994741974,"SEIrank":109,"SEIadj":0,"audienceSEI":3.527546299474197,"audienceSEIadj":0,"audienceSEIrank":95,"audienceScore":0.21636355139360608,"combinedScore":0.010818177569680305,"combinedScoreRank":111,"engagementSEI":0,"engagementSEIadj":0,"engagementSEIrank":144,"engagementScore":0,"voiceSEI":0,"voiceSEIadj":0,"voiceSEIrank":129,"voiceScore":0}},"twitter":{"entityString":"559f41a54586ac1049bd4367","type":"twitter","profiles":1,"postsMade":1,"repliesMade":0,"repliesRcvd":0,"sharesMade":0,"sharesRcvd":1,"mentionsRcvd":0,"likesRcvd":10,"reachRcvd":0,"audience":14903,"voice":1,"conversation":1,"engagement":11,"group_scoped":{"audienceScore":2.6027394867872067,"voiceScore":0.684931506849315,"engagementScore":0.9016393442622952,"combinedScore":0.9758589595178918,"combinedScoreRank":121,"SEIrank":68,"engagementSEIrank":67,"voiceSEIrank":81,"audienceSEIrank":27,"engagementSEI":3.081232492997199,"engagementSEIadj":3.081232492997199,"voiceSEI":2.5,"voiceSEIadj":2.5,"audienceSEI":15.540470082796304,"audienceSEIadj":15.540470082796304,"SEI":4.15278650407795,"SEIadj":4.15278650407795},"non_scoped":{"SEI":0.9208441771133743,"SEIrank":95,"SEIadj":0,"audienceSEI":2.63221572052556,"audienceSEIadj":0,"audienceSEIrank":47,"audienceScore":0.42730950133557516,"combinedScore":0.14204370298743899,"combinedScoreRank":80,"engagementSEI":0.5342399222923749,"engagementSEIadj":0,"engagementSEIrank":78,"engagementScore":0.12778810408921934,"voiceSEI":1.1235955056179776,"voiceSEIadj":0,"voiceSEIrank":107,"voiceScore":0.11337868480725624},"scoped":{"SEI":4.923473979205131,"SEIrank":82,"SEIadj":0,"audienceSEI":12.78700621203281,"audienceSEIadj":0,"audienceSEIrank":37,"audienceScore":0.6768694413635674,"combinedScore":0.29009224132715344,"combinedScoreRank":71,"engagementSEI":3.900709219858156,"engagementSEIadj":0,"engagementSEIrank":68,"engagementScore":0.27200791295746785,"voiceSEI":4.3478260869565215,"voiceSEIadj":0,"voiceSEIrank":96,"voiceScore":0.2288329519450801}},"instagram":{"entityString":"559f41a54586ac1049bd4367","type":"instagram","profiles":1,"postsMade":0,"repliesMade":0,"repliesRcvd":2,"sharesMade":0,"sharesRcvd":0,"mentionsRcvd":0,"likesRcvd":155,"reachRcvd":0,"audience":26914,"voice":0,"conversation":2,"engagement":157,"group_scoped":{"audienceScore":8.874922096293927,"voiceScore":0,"engagementScore":1.036372037758268,"combinedScore":2.156164903263362,"combinedScoreRank":47,"SEIrank":10,"engagementSEIrank":11,"voiceSEIrank":110,"audienceSEIrank":7,"engagementSEI":1.20964635179906,"engagementSEIadj":1.20964635179906,"voiceSEI":0,"voiceSEIadj":0,"audienceSEI":31.318655743809348,"audienceSEIadj":31.318655743809348,"SEI":3.857653385460371,"SEIadj":3.857653385460371},"non_scoped":{"SEI":2.9279544668364563,"SEIrank":9,"SEIadj":0,"audienceSEI":22.021666557570203,"audienceSEIadj":0,"audienceSEIrank":6,"audienceScore":4.568679574535985,"combinedScore":0.7062831501843576,"combinedScoreRank":9,"engagementSEI":1.20964635179906,"engagementSEIadj":0,"engagementSEIrank":10,"engagementScore":0.5309435238417315,"voiceSEI":0,"voiceSEIadj":0,"voiceSEIrank":110,"voiceScore":0},"scoped":{"SEI":19.80443194606235,"SEIrank":7,"SEIadj":0,"audienceSEI":31.318655743809348,"audienceSEIadj":0,"audienceSEIrank":2,"audienceScore":11.479633184047772,"combinedScore":7.085502396529578,"combinedScoreRank":6,"engagementSEI":27.787610619469028,"engagementSEIadj":0,"engagementSEIrank":6,"engagementScore":7.235023041474655,"voiceSEI":0,"voiceSEIadj":0,"voiceSEIrank":99,"voiceScore":0}}},"week":{"boundaryQuantum":4993818,"combined":{"entityString":"559f41a54586ac1049bd4367","type":"combined","profiles":3,"postsMade":12,"repliesMade":0,"repliesRcvd":126,"sharesMade":0,"sharesRcvd":19,"mentionsRcvd":0,"likesRcvd":7915,"reachRcvd":0,"audience":46956,"voice":12,"conversation":138,"engagement":8060,"group_scoped":{"audienceScore":1.5838519687344736,"voiceScore":0.8385744234800839,"engagementScore":0.9291323333440925,"combinedScore":0.9573404196204112,"combinedScoreRank":41,"SEIrank":77,"engagementSEIrank":35,"voiceSEIrank":108,"audienceSEIrank":61,"engagementSEI":1.0161973793202572,"engagementSEIadj":1.0161973793202572,"voiceSEI":1.9448946515397085,"voiceSEIadj":1.9448946515397085,"audienceSEI":2.440791723888425,"audienceSEIadj":2.440791723888425,"SEI":1.4372659954429094,"SEIadj":1.4372659954429094},"non_scoped":{"SEI":1.2253351784382678,"SEIrank":50,"SEIadj":0,"audienceSEI":1.8447902629521518,"audienceSEIadj":0,"audienceSEIrank":36,"audienceScore":0.33993748555721776,"combinedScore":0.40777744756232753,"combinedScoreRank":13,"engagementSEI":1.0161973793202572,"engagementSEIadj":0,"engagementSEIrank":10,"engagementScore":0.4262022366628047,"voiceSEI":1.437125748502994,"voiceSEIadj":0,"voiceSEIrank":105,"voiceScore":0.14397120575884823},"scoped":{"SEI":20.53188851817878,"SEIrank":12,"SEIadj":0,"audienceSEI":24.08395223831603,"audienceSEIadj":0,"audienceSEIrank":28,"audienceScore":0.9759376377595336,"combinedScore":3.6976826211046085,"combinedScoreRank":3,"engagementSEI":27.585734821000752,"engagementSEIadj":0,"engagementSEIrank":3,"engagementScore":4.037388420810083,"voiceSEI":5.240174672489083,"voiceSEIadj":0,"voiceSEIrank":94,"voiceScore":0.30472320975114275}},"facebook":{"entityString":"559f41a54586ac1049bd4367","type":"facebook","profiles":1,"postsMade":1,"repliesMade":0,"repliesRcvd":12,"sharesMade":0,"sharesRcvd":2,"mentionsRcvd":0,"likesRcvd":115,"reachRcvd":0,"audience":5139,"voice":1,"conversation":13,"engagement":129,"group_scoped":{"audienceScore":0.24602371766300926,"voiceScore":0.2304147465437788,"engagementScore":0.017547033531156865,"combinedScore":0.03961425338838058,"combinedScoreRank":150,"SEIrank":124,"engagementSEIrank":104,"voiceSEIrank":117,"audienceSEIrank":126,"engagementSEI":0.01791019909477133,"engagementSEIadj":0.01791019909477133,"voiceSEI":0.2949852507374631,"voiceSEIadj":0.2949852507374631,"audienceSEI":0.29213885549103374,"audienceSEIadj":0.29213885549103374,"SEI":0.1284555802272051,"SEIadj":0.1284555802272051},"non_scoped":{"SEI":0.12691630076328395,"SEIrank":115,"SEIadj":0,"audienceSEI":0.27674606085182213,"audienceSEIadj":0,"audienceSEIrank":107,"audienceScore":0.05278134800214535,"combinedScore":0.01158616467490572,"combinedScoreRank":104,"engagementSEI":0.01791019909477133,"engagementSEIadj":0,"engagementSEIrank":87,"engagementScore":0.008040584382193284,"voiceSEI":0.2949852507374631,"voiceSEIadj":0,"voiceSEIrank":110,"voiceScore":0.034211426616489904},"scoped":{"SEI":1.5236415194075739,"SEIrank":97,"SEIadj":0,"audienceSEI":3.527546299474197,"audienceSEIadj":0,"audienceSEIrank":95,"audienceScore":0.21636355139360608,"combinedScore":0.11889812704973896,"combinedScoreRank":81,"engagementSEI":1.326478149100257,"engagementSEIadj":0,"engagementSEIrank":77,"engagementScore":0.11464220966193879,"voiceSEI":1.25,"voiceSEIadj":0,"voiceSEIrank":100,"voiceScore":0.09803921568627451}},"twitter":{"entityString":"559f41a54586ac1049bd4367","type":"twitter","profiles":1,"postsMade":10,"repliesMade":0,"repliesRcvd":0,"sharesMade":0,"sharesRcvd":17,"mentionsRcvd":0,"likesRcvd":199,"reachRcvd":0,"audience":14903,"voice":10,"conversation":10,"engagement":216,"group_scoped":{"audienceScore":2.6027394867872067,"voiceScore":1.2738853503184715,"engagementScore":2.6335040234089244,"combinedScore":2.563984862923316,"combinedScoreRank":64,"SEIrank":37,"engagementSEIrank":34,"voiceSEIrank":54,"audienceSEIrank":27,"engagementSEI":14.896551724137929,"engagementSEIadj":14.896551724137929,"voiceSEI":6.578947368421052,"voiceSEIadj":6.578947368421052,"audienceSEI":15.540470082796304,"audienceSEIadj":15.540470082796304,"SEI":12.465662253288702,"SEIadj":12.465662253288702},"non_scoped":{"SEI":1.8837872854452735,"SEIrank":72,"SEIadj":0,"audienceSEI":2.63221572052556,"audienceSEIadj":0,"audienceSEIrank":47,"audienceScore":0.42730950133557516,"combinedScore":0.34450936995851794,"combinedScoreRank":57,"engagementSEI":1.646090534979424,"engagementSEIadj":0,"engagementSEIrank":54,"engagementScore":0.3481512523774217,"voiceSEI":2.109704641350211,"voiceSEIadj":0,"voiceSEIrank":92,"voiceScore":0.1961553550411926},"scoped":{"SEI":9.025204117706778,"SEIrank":58,"SEIadj":0,"audienceSEI":12.78700621203281,"audienceSEIadj":0,"audienceSEIrank":37,"audienceScore":0.6768694413635674,"combinedScore":0.6158604487755179,"combinedScoreRank":47,"engagementSEI":10.06993006993007,"engagementSEIadj":0,"engagementSEIrank":44,"engagementScore":0.6270684549730012,"voiceSEI":5.681818181818182,"voiceSEIadj":0,"voiceSEIrank":81,"voiceScore":0.3531073446327684}},"instagram":{"entityString":"559f41a54586ac1049bd4367","type":"instagram","profiles":1,"postsMade":1,"repliesMade":0,"repliesRcvd":114,"sharesMade":0,"sharesRcvd":0,"mentionsRcvd":0,"likesRcvd":7601,"reachRcvd":0,"audience":26914,"voice":1,"conversation":115,"engagement":7715,"group_scoped":{"audienceScore":8.874922096293927,"voiceScore":0.4716981132075472,"engagementScore":6.216410033277736,"combinedScore":6.062100040425037,"combinedScoreRank":44,"SEIrank":7,"engagementSEIrank":7,"voiceSEIrank":20,"audienceSEIrank":7,"engagementSEI":10.798818638634994,"engagementSEIadj":10.798818638634994,"voiceSEI":0.7936507936507936,"voiceSEIadj":0.7936507936507936,"audienceSEI":31.318655743809348,"audienceSEIadj":31.318655743809348,"SEI":9.84925199565717,"SEIadj":9.84925199565717},"non_scoped":{"SEI":8.919553077033255,"SEIrank":6,"SEIadj":0,"audienceSEI":22.021666557570203,"audienceSEIadj":0,"audienceSEIrank":6,"audienceScore":4.568679574535985,"combinedScore":3.3342301859817183,"combinedScoreRank":6,"engagementSEI":10.798818638634994,"engagementSEIadj":0,"engagementSEIrank":6,"engagementScore":3.433191822639931,"voiceSEI":0.7936507936507936,"voiceSEIadj":0,"voiceSEIrank":20,"voiceScore":0.3184713375796179},"scoped":{"SEI":21.172201371959133,"SEIrank":4,"SEIadj":0,"audienceSEI":31.318655743809348,"audienceSEIadj":0,"audienceSEIrank":2,"audienceScore":11.479633184047772,"combinedScore":13.816649524634492,"combinedScoreRank":2,"engagementSEI":27.289448551519225,"engagementSEIadj":0,"engagementSEIrank":2,"engagementScore":14.649475922831536,"voiceSEI":5.555555555555555,"voiceSEIadj":0,"voiceSEIrank":15,"voiceScore":1.1627906976744187}}},"month":{"boundaryQuantum":4987194,"combined":{"entityString":"559f41a54586ac1049bd4367","type":"combined","profiles":3,"postsMade":122,"repliesMade":0,"repliesRcvd":469,"sharesMade":0,"sharesRcvd":224,"mentionsRcvd":0,"likesRcvd":17029,"reachRcvd":0,"audience":46956,"voice":122,"conversation":591,"engagement":17722,"group_scoped":{"audienceScore":1.5838519687344736,"voiceScore":1.9377382465057178,"engagementScore":0.44972321796984555,"combinedScore":0.5808304069348705,"combinedScoreRank":55,"SEIrank":59,"engagementSEIrank":55,"voiceSEIrank":51,"audienceSEIrank":61,"engagementSEI":0.48661680231089444,"engagementSEIadj":0.48661680231089444,"voiceSEI":4.614220877458396,"voiceSEIadj":4.614220877458396,"audienceSEI":2.440791723888425,"audienceSEIadj":2.440791723888425,"SEI":1.920315517012898,"SEIadj":1.920315517012898},"non_scoped":{"SEI":1.471555143570822,"SEIrank":43,"SEIadj":0,"audienceSEI":1.8447902629521518,"audienceSEIadj":0,"audienceSEIrank":36,"audienceScore":0.33993748555721776,"combinedScore":0.2162211205283556,"combinedScoreRank":21,"engagementSEI":0.48661680231089444,"engagementSEIadj":0,"engagementSEIrank":20,"engagementScore":0.2035773650274718,"voiceSEI":3.317020119630234,"voiceSEIadj":0,"voiceSEIrank":52,"voiceScore":0.3200923545154012},"scoped":{"SEI":14.992248568024124,"SEIrank":20,"SEIadj":0,"audienceSEI":24.08395223831603,"audienceSEIadj":0,"audienceSEIrank":28,"audienceScore":0.9759376377595336,"combinedScore":1.9593930246389506,"combinedScoreRank":13,"engagementSEI":14.632132566031192,"engagementSEIadj":0,"engagementSEIrank":13,"engagementScore":2.0854465905854833,"voiceSEI":12.681912681912683,"voiceSEIadj":0,"voiceSEIrank":42,"voiceScore":0.6738842244807778}},"facebook":{"entityString":"559f41a54586ac1049bd4367","type":"facebook","profiles":1,"postsMade":15,"repliesMade":0,"repliesRcvd":147,"sharesMade":0,"sharesRcvd":16,"mentionsRcvd":0,"likesRcvd":1302,"reachRcvd":0,"audience":5139,"voice":15,"conversation":162,"engagement":1465,"group_scoped":{"audienceScore":0.24602371766300926,"voiceScore":0.772399588053553,"engagementScore":0.04260578740729969,"combinedScore":0.08926637395239784,"combinedScoreRank":121,"SEIrank":107,"engagementSEIrank":101,"voiceSEIrank":93,"audienceSEIrank":126,"engagementSEI":0.04366317659296084,"engagementSEIadj":0.04366317659296084,"voiceSEI":0.9900990099009901,"voiceSEIadj":0.9900990099009901,"audienceSEI":0.29213885549103374,"audienceSEIadj":0.29213885549103374,"SEI":0.35244149447517686,"SEIadj":0.35244149447517686},"non_scoped":{"SEI":0.3509022150112557,"SEIrank":91,"SEIadj":0,"audienceSEI":0.27674606085182213,"audienceSEIadj":0,"audienceSEIrank":107,"audienceScore":0.05278134800214535,"combinedScore":0.02575416605128784,"combinedScoreRank":85,"engagementSEI":0.04366317659296084,"engagementSEIadj":0,"engagementSEIrank":73,"engagementScore":0.019410704268049504,"voiceSEI":0.9900990099009901,"voiceSEIadj":0,"voiceSEIrank":80,"voiceScore":0.11290929619872037},"scoped":{"SEI":3.7731527817927226,"SEIrank":75,"SEIadj":0,"audienceSEI":3.527546299474197,"audienceSEIadj":0,"audienceSEIrank":95,"audienceScore":0.21636355139360608,"combinedScore":0.28142317309990417,"combinedScoreRank":67,"engagementSEI":3.927613941018767,"engagementSEIadj":0,"engagementSEIrank":63,"engagementScore":0.2828354592649367,"voiceSEI":3.546099290780142,"voiceSEIadj":0,"voiceSEIrank":70,"voiceScore":0.3210616438356164}},"twitter":{"entityString":"559f41a54586ac1049bd4367","type":"twitter","profiles":1,"postsMade":96,"repliesMade":0,"repliesRcvd":0,"sharesMade":0,"sharesRcvd":208,"mentionsRcvd":0,"likesRcvd":2178,"reachRcvd":0,"audience":14903,"voice":96,"conversation":96,"engagement":2386,"group_scoped":{"audienceScore":2.6027394867872067,"voiceScore":2.6853146853146854,"engagementScore":7.268407103908368,"combinedScore":6.805969102122626,"combinedScoreRank":24,"SEIrank":16,"engagementSEIrank":14,"voiceSEIrank":26,"audienceSEIrank":27,"engagementSEI":33.705325610962,"engagementSEIadj":33.705325610962,"voiceSEI":14.26448736998514,"voiceSEIadj":14.26448736998514,"audienceSEI":15.540470082796304,"audienceSEIadj":15.540470082796304,"SEI":26.05658858585237,"SEIadj":26.05658858585237},"non_scoped":{"SEI":3.9225979207263433,"SEIrank":35,"SEIadj":0,"audienceSEI":2.63221572052556,"audienceSEIadj":0,"audienceSEIrank":47,"audienceScore":0.42730950133557516,"combinedScore":0.8302663505067488,"combinedScoreRank":24,"engagementSEI":3.8077911300489937,"engagementSEIadj":0,"engagementSEIrank":22,"engagementScore":0.876210481475089,"voiceSEI":4.5823389021479715,"voiceSEIadj":0,"voiceSEIrank":51,"voiceScore":0.4062288422477996},"scoped":{"SEI":18.043178446100207,"SEIrank":22,"SEIadj":0,"audienceSEI":12.78700621203281,"audienceSEIadj":0,"audienceSEIrank":37,"audienceScore":0.6768694413635674,"combinedScore":1.5818934781172662,"combinedScoreRank":16,"engagementSEI":20.93349710475522,"engagementSEIadj":0,"engagementSEIrank":15,"engagementScore":1.6793710452782644,"voiceSEI":14.014598540145986,"voiceSEIadj":0,"voiceSEIrank":41,"voiceScore":0.7323213059729956}},"instagram":{"entityString":"559f41a54586ac1049bd4367","type":"instagram","profiles":1,"postsMade":11,"repliesMade":0,"repliesRcvd":322,"sharesMade":0,"sharesRcvd":0,"mentionsRcvd":0,"likesRcvd":13549,"reachRcvd":0,"audience":26914,"voice":11,"conversation":333,"engagement":13871,"group_scoped":{"audienceScore":8.874922096293927,"voiceScore":1.4120667522464698,"engagementScore":2.9555590121005118,"combinedScore":3.1743525533174806,"combinedScoreRank":44,"SEIrank":8,"engagementSEIrank":7,"voiceSEIrank":16,"audienceSEIrank":7,"engagementSEI":4.961530344706711,"engagementSEIadj":4.961530344706711,"voiceSEI":2.4122807017543857,"voiceSEIadj":2.4122807017543857,"audienceSEI":31.318655743809348,"audienceSEIadj":31.318655743809348,"SEI":6.832467991731278,"SEIadj":6.832467991731278},"non_scoped":{"SEI":5.879222051521094,"SEIrank":7,"SEIadj":0,"audienceSEI":22.021666557570203,"audienceSEIadj":0,"audienceSEIrank":6,"audienceScore":4.568679574535985,"combinedScore":1.6840382458670111,"combinedScoreRank":6,"engagementSEI":4.922285308729595,"engagementSEIadj":0,"engagementSEIrank":6,"engagementScore":1.5662845147747457,"voiceSEI":2.4122807017543857,"voiceSEIadj":0,"voiceSEIrank":16,"voiceScore":0.9189640768588136},"scoped":{"SEI":15.198570733501949,"SEIrank":6,"SEIadj":0,"audienceSEI":31.318655743809348,"audienceSEIadj":0,"audienceSEIrank":2,"audienceScore":11.479633184047772,"combinedScore":7.323460077735139,"combinedScoreRank":2,"engagementSEI":11.777841931868355,"engagementSEIadj":0,"engagementSEIrank":2,"engagementScore":7.310221978624281,"voiceSEI":16.666666666666664,"voiceSEIadj":0,"voiceSEIrank":11,"voiceScore":3.4055727554179565}}},"quarter":{"boundaryQuantum":4969914,"combined":{"entityString":"559f41a54586ac1049bd4367","type":"combined","profiles":3,"postsMade":294,"repliesMade":0,"repliesRcvd":1076,"sharesMade":0,"sharesRcvd":493,"mentionsRcvd":0,"likesRcvd":27328,"reachRcvd":0,"audience":46956,"voice":294,"conversation":1370,"engagement":28897,"group_scoped":{"audienceScore":1.5838519687344736,"voiceScore":1.652428057553957,"engagementScore":0.23536128857800961,"combinedScore":0.3736391610346302,"combinedScoreRank":68,"SEIrank":74,"engagementSEIrank":69,"voiceSEIrank":64,"audienceSEIrank":61,"engagementSEI":0.2537146050039295,"engagementSEIadj":0.2537146050039295,"voiceSEI":3.800413650465357,"voiceSEIadj":3.800413650465357,"audienceSEI":2.440791723888425,"audienceSEIadj":2.440791723888425,"SEI":1.5364320305308072,"SEIadj":1.5364320305308072},"non_scoped":{"SEI":1.160621848148577,"SEIrank":58,"SEIadj":0,"audienceSEI":1.8447902629521518,"audienceSEIadj":0,"audienceSEIrank":36,"audienceScore":0.33993748555721776,"combinedScore":0.12419758289096218,"combinedScoreRank":36,"engagementSEI":0.2537146050039295,"engagementSEIadj":0,"engagementSEIrank":33,"engagementScore":0.10445909513849677,"voiceSEI":2.746380196170014,"voiceSEIadj":0,"voiceSEIrank":62,"voiceScore":0.2637504597690838},"scoped":{"SEI":10.190388141072262,"SEIrank":37,"SEIadj":0,"audienceSEI":24.08395223831603,"audienceSEIadj":0,"audienceSEIrank":28,"audienceScore":0.9759376377595336,"combinedScore":1.0344940024822475,"combinedScoreRank":24,"engagementSEI":7.551632132002645,"engagementSEIadj":0,"engagementSEIrank":24,"engagementScore":1.064177680882954,"voiceSEI":10.836712126796904,"voiceSEIadj":0,"voiceSEIrank":52,"voiceScore":0.558744155992246}},"facebook":{"entityString":"559f41a54586ac1049bd4367","type":"facebook","profiles":1,"postsMade":47,"repliesMade":0,"repliesRcvd":516,"sharesMade":0,"sharesRcvd":54,"mentionsRcvd":0,"likesRcvd":4177,"reachRcvd":0,"audience":5139,"voice":47,"conversation":563,"engagement":4747,"group_scoped":{"audienceScore":0.24602371766300926,"voiceScore":0.7920458375463432,"engagementScore":0.04321146674118908,"combinedScore":0.0907937978275378,"combinedScoreRank":111,"SEIrank":107,"engagementSEIrank":98,"voiceSEIrank":97,"audienceSEIrank":126,"engagementSEI":0.04432341019294642,"engagementSEIadj":0.04432341019294642,"voiceSEI":1.0284463894967177,"voiceSEIadj":1.0284463894967177,"audienceSEI":0.29213885549103374,"audienceSEIadj":0.29213885549103374,"SEI":0.36434184851388657,"SEIadj":0.36434184851388657},"non_scoped":{"SEI":0.36280256904996544,"SEIrank":95,"SEIadj":0,"audienceSEI":0.27674606085182213,"audienceSEIadj":0,"audienceSEIrank":107,"audienceScore":0.05278134800214535,"combinedScore":0.025951697007797574,"combinedScoreRank":82,"engagementSEI":0.04432341019294642,"engagementSEIadj":0,"engagementSEIrank":69,"engagementScore":0.01936615595552744,"voiceSEI":1.0284463894967177,"voiceSEIadj":0,"voiceSEIrank":86,"voiceScore":0.11766178495431219},"scoped":{"SEI":4.3277250229509905,"SEIrank":74,"SEIadj":0,"audienceSEI":3.527546299474197,"audienceSEIadj":0,"audienceSEIrank":95,"audienceScore":0.21636355139360608,"combinedScore":0.26823368269084225,"combinedScoreRank":61,"engagementSEI":4.11426689432219,"engagementSEIadj":0,"engagementSEIrank":60,"engagementScore":0.26775898645298596,"voiceSEI":5.021367521367521,"voiceSEIadj":0,"voiceSEIrank":77,"voiceScore":0.32864834626949163}},"twitter":{"entityString":"559f41a54586ac1049bd4367","type":"twitter","profiles":1,"postsMade":230,"repliesMade":0,"repliesRcvd":0,"sharesMade":0,"sharesRcvd":439,"mentionsRcvd":0,"likesRcvd":4834,"reachRcvd":0,"audience":14903,"voice":230,"conversation":230,"engagement":5273,"group_scoped":{"audienceScore":2.6027394867872067,"voiceScore":2.272053739010175,"engagementScore":6.034492624254701,"combinedScore":5.674783023119099,"combinedScoreRank":29,"SEIrank":21,"engagementSEIrank":19,"voiceSEIrank":38,"audienceSEIrank":27,"engagementSEI":25.33634441668268,"engagementSEIadj":25.33634441668268,"voiceSEI":10.468821119708693,"voiceSEIadj":10.468821119708693,"audienceSEI":15.540470082796304,"audienceSEIadj":15.540470082796304,"SEI":19.896499994201847,"SEIadj":19.896499994201847},"non_scoped":{"SEI":3.1260522661498866,"SEIrank":46,"SEIadj":0,"audienceSEI":2.63221572052556,"audienceSEIadj":0,"audienceSEIrank":47,"audienceScore":0.42730950133557516,"combinedScore":0.6406478324566153,"combinedScoreRank":32,"engagementSEI":2.852799238243632,"engagementSEIadj":0,"engagementSEIrank":29,"engagementScore":0.6694929349640876,"voiceSEI":3.8371705038371706,"voiceSEIadj":0,"voiceSEIrank":60,"voiceScore":0.33477431844315386},"scoped":{"SEI":15.357056946534088,"SEIrank":30,"SEIadj":0,"audienceSEI":12.78700621203281,"audienceSEIadj":0,"audienceSEIrank":37,"audienceScore":0.6768694413635674,"combinedScore":1.261127918485344,"combinedScoreRank":23,"engagementSEI":17.372825513969424,"engagementSEIadj":0,"engagementSEIrank":21,"engagementScore":1.3296215886368163,"voiceSEI":12.182203389830509,"voiceSEIadj":0,"voiceSEIrank":50,"voiceScore":0.6125003328806157}},"instagram":{"entityString":"559f41a54586ac1049bd4367","type":"instagram","profiles":1,"postsMade":17,"repliesMade":0,"repliesRcvd":560,"sharesMade":0,"sharesRcvd":0,"mentionsRcvd":0,"likesRcvd":18317,"reachRcvd":0,"audience":26914,"voice":17,"conversation":577,"engagement":18877,"group_scoped":{"audienceScore":8.874922096293927,"voiceScore":0.9798270893371758,"engagementScore":1.5667783560986663,"combinedScore":1.902837979770355,"combinedScoreRank":47,"SEIrank":10,"engagementSEIrank":10,"voiceSEIrank":19,"audienceSEIrank":7,"engagementSEI":2.8651829500592707,"engagementSEIadj":2.8651829500592707,"voiceSEI":1.7543859649122806,"voiceSEIadj":1.7543859649122806,"audienceSEI":31.318655743809348,"audienceSEIadj":31.318655743809348,"SEI":5.377291133890182,"SEIadj":5.377291133890182},"non_scoped":{"SEI":4.173705675067669,"SEIrank":9,"SEIadj":0,"audienceSEI":22.021666557570203,"audienceSEIadj":0,"audienceSEIrank":6,"audienceScore":4.568679574535985,"combinedScore":0.9772280905364561,"combinedScoreRank":9,"engagementSEI":2.408705383061609,"engagementSEIadj":0,"engagementSEIrank":9,"engagementScore":0.7985143918291551,"voiceSEI":1.7543859649122806,"voiceSEIadj":0,"voiceSEIrank":19,"voiceScore":0.6026231832683445},"scoped":{"SEI":9.397149955709382,"SEIrank":7,"SEIadj":0,"audienceSEI":31.318655743809348,"audienceSEIadj":0,"audienceSEIrank":2,"audienceScore":11.479633184047772,"combinedScore":3.796609511408362,"combinedScoreRank":5,"engagementSEI":5.028127896693907,"engagementSEIadj":0,"engagementSEIrank":5,"engagementScore":3.457401994183022,"voiceSEI":10.828025477707007,"voiceSEIadj":0,"voiceSEIrank":14,"voiceScore":2.219321148825065}}},"blended":{"combined":{"non_scoped":{"SEI":1.193264520175821,"SEIadj":60.47730580807033,"SEIrank":54,"audienceSEI":1.8447902629521518,"audienceSEIadj":60.73791610518086,"audienceSEIrank":36,"engagementSEI":0.5132454485062236,"engagementSEIadj":70.15397363455186,"engagementSEIrank":20,"voiceSEI":2.3361274159229057,"voiceSEIadj":51.16806370796145,"voiceSEIrank":71},"scoped":{"SEI":22.598607579356166,"SEIadj":69.03944303174246,"SEIrank":22,"compCharisma":9,"compInfluence":3,"compEva":10.598607579356166,"audienceSEI":24.08395223831603,"audienceSEIadj":69.63358089532642,"audienceSEIrank":28,"engagementSEI":14.689628165016252,"engagementSEIadj":74.40688844950488,"engagementSEIrank":14,"voiceSEI":9.077880552617264,"voiceSEIadj":63.631152221046904,"voiceSEIrank":61}},"facebook":{"non_scoped":{"SEI":0.2734952373099153,"SEIadj":50.13674761865496,"SEIrank":105,"audienceSEI":0.2767460608518222,"audienceSEIadj":50.13837303042591,"audienceSEIrank":107,"engagementSEI":0.03408424131384874,"engagementSEIadj":50.017042120656924,"engagementSEIrank":76,"voiceSEI":0.7512336214547464,"voiceSEIadj":50.37561681072737,"voiceSEIrank":101},"scoped":{"SEI":3.2045656160640466,"SEIadj":51.60228280803202,"SEIrank":83,"audienceSEI":3.527546299474197,"audienceSEIadj":51.7637731497371,"audienceSEIrank":95,"engagementSEI":3.044218983043987,"engagementSEIadj":51.522109491521995,"engagementSEIrank":67,"voiceSEI":3.417598654300782,"voiceSEIadj":51.70879932715039,"voiceSEIrank":91}},"twitter":{"non_scoped":{"SEI":2.7625942156731456,"SEIadj":61.105037686269256,"SEIrank":50,"audienceSEI":2.63221572052556,"audienceSEIadj":61.052886288210225,"audienceSEIrank":47,"engagementSEI":2.518107445237611,"engagementSEIadj":61.00724297809504,"engagementSEIrank":32,"voiceSEI":3.295027254926743,"voiceSEIadj":61.318010901970695,"voiceSEIrank":68},"scoped":{"SEI":13.338740174454365,"SEIadj":65.33549606978174,"SEIrank":36,"audienceSEI":12.78700621203281,"audienceSEIadj":65.11480248481313,"audienceSEIrank":37,"engagementSEI":15.042451804669923,"engagementSEIadj":66.01698072186797,"engagementSEIrank":24,"voiceSEI":10.115228234830433,"voiceSEIadj":64.04609129393218,"voiceSEIrank":58}},"instagram":{"non_scoped":{"SEI":5.790999791713799,"SEIadj":71.73729993751414,"SEIrank":7,"audienceSEI":22.021666557570203,"audienceSEIadj":76.60649996727106,"audienceSEIrank":6,"engagementSEI":5.242823397020695,"engagementSEIadj":71.5728470191062,"engagementSEIrank":6,"voiceSEI":1.4771303258145363,"voiceSEIadj":60.590852130325814,"voiceSEIrank":22},"scoped":{"SEI":14.320242596770841,"SEIadj":74.29607277903125,"SEIrank":6,"audienceSEI":31.31865574380935,"audienceSEIadj":79.3955967231428,"audienceSEIrank":2,"engagementSEI":13.856955334556424,"engagementSEIadj":74.15708660036692,"engagementSEIrank":2,"voiceSEI":9.580679405520169,"voiceSEIadj":72.87420382165605,"voiceSEIrank":17}},"influence":{"combined":{"ratio":0.74,"bottom":false,"scope":"individual","calculated":true},"facebook":{"ratio":1.48,"bottom":false,"scope":"individual","calculated":true},"twitter":{"ratio":1.65,"bottom":false,"scope":"individual","calculated":true},"instagram":{"ratio":0.51,"bottom":false,"scope":"individual","calculated":true}},"charisma":{"combined":{"ratio":1.72,"bottom":false,"scope":"individual","calculated":true},"facebook":{"ratio":0.64,"bottom":false,"scope":"individual","calculated":true},"twitter":{"ratio":2,"bottom":false,"scope":"individual","calculated":true},"instagram":{"ratio":0.83,"bottom":false,"scope":"individual","calculated":true}}},"scope":"individual"}}