[{"content":"Passengers onboard the LIRR's 7:37AM from Huntington arrive at Penn Station at 10:07; exactly 90 minutes late after a power failure in East River tunnels this morning.  \n\nJust some of the tens of thousands of rush hour commuters who suffered through long delays.  I'll continue to follow the situation at Penn Station, with updates throughout the day and later this evening on Eyewitness News.  #LIRR","profileString":"facebook_page.1592924470936088","postURL":"https://facebook.com/1592924470936088/posts/1988318514730013","avatar":"https://graph.facebook.com/1592924470936088/picture","classification":{"engine":"aylien","language":"en","taxonomy":[{"score":"0.4673","confident":false,"links":[{"link":"https://api.aylien.com/api/v1/classify/taxonomy/iab-qag/IAB12-2","rel":"self"},{"link":"https://api.aylien.com/api/v1/classify/taxonomy/iab-qag/IAB12","rel":"parent"}],"id":"IAB12-2","label":"National News"},{"score":"0.0768","confident":false,"links":[{"link":"https://api.aylien.com/api/v1/classify/taxonomy/iab-qag/IAB12","rel":"self"}],"id":"IAB12","label":"News"}]},"postidString":"facebook_page.1592924470936088_1988318514730013","postMeta":{"inserted":"content-engine"},"timestamp":1496158610,"sharesRcvd":0,"likesRcvd":19,"source":"facebook_page","lastUpdateQuantum":4995658,"name":"NJ Burkett","imageLarge":"https://scontent.xx.fbcdn.net/v/t15.0-10/s720x720/18868157_1988320101396521_1764811931761246208_n.jpg?oh=80114368c9bd5c4a001a8ca263a77fba&oe=59AFD1B4","objectID":"1988318514730013","repliesRcvd":13,"image":"https://scontent.xx.fbcdn.net/v/t15.0-10/s130x130/18868157_1988320101396521_1764811931761246208_n.jpg?oh=5694b23afefa21a18576ca5007475d80&oe=59AF1196","username":"njburkett7","link":"https://www.facebook.com/njburkett7/videos/1988318514730013/","timeQuantum":4987195,"video":"https://video.xx.fbcdn.net/v/t42.1790-2/18795311_320092811742003_2896686756587896832_n.mp4?efg=eyJybHIiOjcwMCwicmxhIjo1MTIsInZlbmNvZGVfdGFnIjoic3ZlX3NkIn0%3D&rl=700&vabr=389&oh=fc5fc5ce41100210feabdbe7e43e0c85&oe=592F5B86","type":"video"},{"content":"Amtrak rail workers have completed their repairs on a damaged third rail outside the East River tunnels. The LIRR says a routine evening rush hour is expected.  (I suppose we'll see!)  #LIRR","profileString":"facebook_page.1592924470936088","postURL":"https://facebook.com/1592924470936088/posts/1988417868053411","avatar":"https://graph.facebook.com/1592924470936088/picture","classification":{"engine":"aylien","language":"en","taxonomy":[{"score":"0.1070","confident":true,"links":[{"link":"https://api.aylien.com/api/v1/classify/taxonomy/iab-qag/IAB2-2","rel":"self"},{"link":"https://api.aylien.com/api/v1/classify/taxonomy/iab-qag/IAB2","rel":"parent"}],"id":"IAB2-2","label":"Auto Repair"},{"score":"0.0683","confident":false,"links":[{"link":"https://api.aylien.com/api/v1/classify/taxonomy/iab-qag/IAB2","rel":"self"}],"id":"IAB2","label":"Automotive"},{"score":"0.0617","confident":false,"links":[{"link":"https://api.aylien.com/api/v1/classify/taxonomy/iab-qag/IAB9","rel":"self"}],"id":"IAB9","label":"Hobbies & Interests"},{"score":"0.0518","confident":false,"links":[{"link":"https://api.aylien.com/api/v1/classify/taxonomy/iab-qag/IAB9-4","rel":"self"},{"link":"https://api.aylien.com/api/v1/classify/taxonomy/iab-qag/IAB9","rel":"parent"}],"id":"IAB9-4","label":"Birdwatching"}]},"postidString":"facebook_page.1592924470936088_1988417868053411","postMeta":{"inserted":"content-engine"},"timestamp":1496175213,"sharesRcvd":1,"likesRcvd":18,"source":"facebook_page","lastUpdateQuantum":4989196,"name":"NJ Burkett","imageLarge":"https://scontent.xx.fbcdn.net/v/t1.0-9/s720x720/18814406_1988417868053411_5534362026900564280_n.jpg?oh=0ec028e27929ee1b995e9a66742f214d&oe=59B365D6","objectID":"1988417868053411","repliesRcvd":7,"image":"https://scontent.xx.fbcdn.net/v/t1.0-0/s130x130/18814406_1988417868053411_5534362026900564280_n.jpg?oh=a6dcaf61f9e57fd78c3a9a03b662959d&oe=59AE9BC3","username":"njburkett7","link":"https://www.facebook.com/njburkett7/photos/a.1593036737591528.1073741828.1592924470936088/1988417868053411/?type=3","timeQuantum":4987250,"title":"Timeline Photos","type":"photo"},{"content":"Viktor Yashchyshyk left Ukraine eleven years ago, hoping to find a better life in America.  And he did.  Until last week.  \n\nHe was walking his dog Hugo near his home in Old Bridge, NJ when he was brutally beaten.  One eyewitness says the attacker grabbed Hugo by the leash, twirling him like a lasso, until the collar slipped off and the dog escaped.  \n\nViktor was found unconscious on the sidewalk, with several missing teeth.  In 48 hours, he would be dead from a traumatic brain injury.  \n\nHugo ran home and was found on Viktor's doorstep.  The family says he's listless and heartbroken.  \n\nPolice say the attack was random, senseless and entirely unprovoked.  \n\nIt happened at 9PM, exactly one week ago tonight.  One suspect, a 20 year-old from Sayreville, is in custody and the investigation is not over.  Eyewitness News, 11PM tonight.","profileString":"facebook_page.1592924470936088","postURL":"https://facebook.com/1592924470936088/posts/1988998217995376","avatar":"https://graph.facebook.com/1592924470936088/picture","classification":{"engine":"aylien","language":"en","taxonomy":[{"score":"0.4126","confident":true,"links":[{"link":"https://api.aylien.com/api/v1/classify/taxonomy/iab-qag/IAB16-4","rel":"self"},{"link":"https://api.aylien.com/api/v1/classify/taxonomy/iab-qag/IAB16","rel":"parent"}],"id":"IAB16-4","label":"Dogs"},{"score":"0.1221","confident":true,"links":[{"link":"https://api.aylien.com/api/v1/classify/taxonomy/iab-qag/IAB16","rel":"self"}],"id":"IAB16","label":"Pets"}]},"postidString":"facebook_page.1592924470936088_1988997724662092","postMeta":{"inserted":"content-engine"},"timestamp":1496274455,"sharesRcvd":21,"likesRcvd":159,"source":"facebook_page","lastUpdateQuantum":4995658,"name":"NJ Burkett","imageLarge":"https://scontent.xx.fbcdn.net/v/t1.0-9/s720x720/18835862_1988997724662092_6339760778968017831_n.jpg?oh=0eceb6ed10dbc9b68f2c81671235aa78&oe=599F6BCF","originalID":"1592924470936088_1988998217995376","objectID":"1988997724662092","repliesRcvd":52,"image":"https://scontent.xx.fbcdn.net/v/t1.0-0/s130x130/18835862_1988997724662092_6339760778968017831_n.jpg?oh=20e70318291850470184e7c97ec15c35&oe=59E032DA","username":"njburkett7","link":"https://www.facebook.com/njburkett7/photos/a.1594023234159545.1073741829.1592924470936088/1988997724662092/?type=3","timeQuantum":4987581,"title":"Photos from NJ Burkett's post","type":"photo"},{"content":"Random, brutal and unprovoked.   \n\nI'm truly at a loss after meeting the friends and family of Viktor Yashchyshyk.  He left Ukraine eleven years ago, hoping to find a better life in America, only to be murdered in his own neighborhood.  \n\nWednesday's 11PM report","profileString":"facebook_page.1592924470936088","postURL":"https://facebook.com/1592924470936088/posts/1989091437986054","avatar":"https://graph.facebook.com/1592924470936088/picture","classification":{"engine":"aylien","language":"en","taxonomy":[{"score":"0.6433","confident":true,"links":[{"link":"https://api.aylien.com/api/v1/classify/taxonomy/iab-qag/IAB16-4","rel":"self"},{"link":"https://api.aylien.com/api/v1/classify/taxonomy/iab-qag/IAB16","rel":"parent"}],"id":"IAB16-4","label":"Dogs"},{"score":"0.2516","confident":true,"links":[{"link":"https://api.aylien.com/api/v1/classify/taxonomy/iab-qag/IAB16","rel":"self"}],"id":"IAB16","label":"Pets"}]},"postidString":"facebook_page.1592924470936088_1989091437986054","postMeta":{"inserted":"content-engine"},"timestamp":1496289527,"sharesRcvd":4,"likesRcvd":64,"source":"facebook_page","lastUpdateQuantum":4995658,"name":"NJ Burkett","imageLarge":"https://external.xx.fbcdn.net/safe_image.php?d=AQC2ph1sojo8UC10&url=http%3A%2F%2Fcdn.abclocal.go.com%2Fcontent%2Fwabc%2Fimages%2Fcms%2F2059857_1280x720.jpg&_nc_hash=AQAKtR5hhYX5yCTC","repliesRcvd":8,"image":"https://external.xx.fbcdn.net/safe_image.php?d=AQBXAIihI34wv1b9&w=130&h=130&url=http%3A%2F%2Fcdn.abclocal.go.com%2Fcontent%2Fwabc%2Fimages%2Fcms%2F2059857_1280x720.jpg&cfs=1&sx=179&sy=0&sw=720&sh=720&_nc_hash=AQAY_uYhKaSbNKHg","username":"njburkett7","link":"http://abc7ny.com/news/wake-held-for-immigrant-beaten-and-killed-walking-dog-in-nj/2059961/","timeQuantum":4987631,"title":"Wake held for immigrant beaten and killed walking dog in NJ","type":"link"},{"content":"My concentration face, right before the liveshot.  (One of these days, they'll catch me on TV doing this!)  \n\nSo, what's yours?","profileString":"facebook_page.1592924470936088","postURL":"https://facebook.com/1592924470936088/posts/1989460351282496","avatar":"https://graph.facebook.com/1592924470936088/picture","classification":{"engine":"aylien","language":"en","taxonomy":[{"score":"0.4150","confident":true,"links":[{"link":"https://api.aylien.com/api/v1/classify/taxonomy/iab-qag/IAB1-7","rel":"self"},{"link":"https://api.aylien.com/api/v1/classify/taxonomy/iab-qag/IAB1","rel":"parent"}],"id":"IAB1-7","label":"Television"},{"score":"0.0962","confident":true,"links":[{"link":"https://api.aylien.com/api/v1/classify/taxonomy/iab-qag/IAB1","rel":"self"}],"id":"IAB1","label":"Arts & Entertainment"}]},"postidString":"facebook_page.1592924470936088_1989460351282496","postMeta":{"inserted":"content-engine"},"timestamp":1496354022,"sharesRcvd":1,"likesRcvd":121,"source":"facebook_page","lastUpdateQuantum":4995658,"name":"NJ Burkett","imageLarge":"https://scontent.xx.fbcdn.net/v/t1.0-9/s720x720/18767668_1989460351282496_5992389000020143476_n.jpg?oh=5e0cb36ac6259bf0417fd99c1355d7ae&oe=59ABE55B","objectID":"1989460351282496","repliesRcvd":26,"image":"https://scontent.xx.fbcdn.net/v/t1.0-0/s130x130/18767668_1989460351282496_5992389000020143476_n.jpg?oh=6c5206aa241f62e88d282d21afa8d9d2&oe=59E2C54E","username":"njburkett7","link":"https://www.facebook.com/njburkett7/photos/a.1593036737591528.1073741828.1592924470936088/1989460351282496/?type=3","timeQuantum":4987846,"title":"Timeline Photos","type":"photo"},{"content":"Chaos on the Grand Concourse tonight after a young mother shoves her little boy down a flight of stairs in his stroller.  \n\nJohn Smith, an eyewitness, says the woman appeared distraught, cursing and shouting, \"I can't do this!\" before she pushed the stroller and the child down the steps of the 149th Street station in The Bronx. \n\nNeither mother nor child has been identified and charges have not yet been announced.  The child is two years-old and was rushed to the hospital in stable condition.  The precise nature of his injuries could not immediately be confirmed.  \n\nSmith told me the mother remained at the scene, leaning against a wall with a blank expression on her face, until police arrived.  \n\nEyewitness News, after the NBA tonight.","profileString":"facebook_page.1592924470936088","postURL":"https://facebook.com/1592924470936088/posts/1989526954609169","avatar":"https://graph.facebook.com/1592924470936088/picture","classification":{"engine":"aylien","language":"en","taxonomy":[{"score":"0.2275","confident":false,"links":[{"link":"https://api.aylien.com/api/v1/classify/taxonomy/iab-qag/IAB6-7","rel":"self"},{"link":"https://api.aylien.com/api/v1/classify/taxonomy/iab-qag/IAB6","rel":"parent"}],"id":"IAB6-7","label":"Pregnancy"},{"score":"0.1031","confident":true,"links":[{"link":"https://api.aylien.com/api/v1/classify/taxonomy/iab-qag/IAB6","rel":"self"}],"id":"IAB6","label":"Family & Parenting"}]},"postidString":"facebook_page.1592924470936088_1989526561275875","postMeta":{"inserted":"content-engine"},"timestamp":1496362280,"sharesRcvd":3,"likesRcvd":33,"source":"facebook_page","lastUpdateQuantum":4995658,"name":"NJ Burkett","imageLarge":"https://scontent.xx.fbcdn.net/v/t1.0-0/p180x540/18766143_1989526561275875_8774420652089078379_n.jpg?oh=2114454551e10655984755a5265f18cf&oe=59B367B3","originalID":"1592924470936088_1989526954609169","objectID":"1989526561275875","repliesRcvd":7,"image":"https://scontent.xx.fbcdn.net/v/t1.0-0/s130x130/18766143_1989526561275875_8774420652089078379_n.jpg?oh=f7686df7cbff7bd76326490d9519b49c&oe=59E0FDCF","username":"njburkett7","link":"https://www.facebook.com/njburkett7/photos/a.1594023234159545.1073741829.1592924470936088/1989526561275875/?type=3","timeQuantum":4987874,"title":"Photos from NJ Burkett's post","type":"photo"},{"content":"BREAKING: New York Mayor Bill de Blasio has just announced that Oscar Lopez Rivera will \"step aside from any formal role\" in this year's Puerto Rican Day Parade.  \n\nHere is his statement, just released.","profileString":"facebook_page.1592924470936088","postURL":"https://facebook.com/1592924470936088/posts/1989560254605839","avatar":"https://graph.facebook.com/1592924470936088/picture","classification":{"engine":"aylien","language":"en","taxonomy":[{"score":"0.4885","confident":false,"links":[{"link":"https://api.aylien.com/api/v1/classify/taxonomy/iab-qag/IAB12-3","rel":"self"},{"link":"https://api.aylien.com/api/v1/classify/taxonomy/iab-qag/IAB12","rel":"parent"}],"id":"IAB12-3","label":"Local News"},{"score":"0.1938","confident":false,"links":[{"link":"https://api.aylien.com/api/v1/classify/taxonomy/iab-qag/IAB1-5","rel":"self"},{"link":"https://api.aylien.com/api/v1/classify/taxonomy/iab-qag/IAB1","rel":"parent"}],"id":"IAB1-5","label":"Movies"},{"score":"0.0788","confident":true,"links":[{"link":"https://api.aylien.com/api/v1/classify/taxonomy/iab-qag/IAB20-11","rel":"self"},{"link":"https://api.aylien.com/api/v1/classify/taxonomy/iab-qag/IAB20","rel":"parent"}],"id":"IAB20-11","label":"Caribbean"},{"score":"0.0616","confident":false,"links":[{"link":"https://api.aylien.com/api/v1/classify/taxonomy/iab-qag/IAB20","rel":"self"}],"id":"IAB20","label":"Travel"},{"score":"0.0604","confident":false,"links":[{"link":"https://api.aylien.com/api/v1/classify/taxonomy/iab-qag/IAB12","rel":"self"}],"id":"IAB12","label":"News"},{"score":"0.0603","confident":false,"links":[{"link":"https://api.aylien.com/api/v1/classify/taxonomy/iab-qag/IAB17","rel":"self"}],"id":"IAB17","label":"Sports"},{"score":"0.0593","confident":false,"links":[{"link":"https://api.aylien.com/api/v1/classify/taxonomy/iab-qag/IAB1","rel":"self"}],"id":"IAB1","label":"Arts & Entertainment"},{"score":"0.0560","confident":false,"links":[{"link":"https://api.aylien.com/api/v1/classify/taxonomy/iab-qag/IAB9-23","rel":"self"},{"link":"https://api.aylien.com/api/v1/classify/taxonomy/iab-qag/IAB9","rel":"parent"}],"id":"IAB9-23","label":"Photography"},{"score":"0.0503","confident":false,"links":[{"link":"https://api.aylien.com/api/v1/classify/taxonomy/iab-qag/IAB9","rel":"self"}],"id":"IAB9","label":"Hobbies & Interests"},{"score":"0.0390","confident":false,"links":[{"link":"https://api.aylien.com/api/v1/classify/taxonomy/iab-qag/IAB17-42","rel":"self"},{"link":"https://api.aylien.com/api/v1/classify/taxonomy/iab-qag/IAB17","rel":"parent"}],"id":"IAB17-42","label":"Walking"}]},"postidString":"facebook_page.1592924470936088_1989560254605839","postMeta":{"inserted":"content-engine"},"timestamp":1496368420,"sharesRcvd":1,"likesRcvd":14,"source":"facebook_page","lastUpdateQuantum":4995658,"name":"NJ Burkett","imageLarge":"https://scontent.xx.fbcdn.net/v/t1.0-9/s720x720/18839077_1989560254605839_2039792572711078661_n.jpg?oh=e7e8955de53df37402beb7e10cd1fc9e&oe=599B7776","objectID":"1989560254605839","repliesRcvd":1,"image":"https://scontent.xx.fbcdn.net/v/t1.0-0/s130x130/18839077_1989560254605839_2039792572711078661_n.jpg?oh=471f9b606a125f54ab4a2991fb7004bb&oe=59A36563","username":"njburkett7","link":"https://www.facebook.com/njburkett7/photos/a.1593036737591528.1073741828.1592924470936088/1989560254605839/?type=3","timeQuantum":4987894,"title":"Timeline Photos","type":"photo"},{"content":"Organizers say controversial former FALN leader Oscar Lopez Rivera will relinquish his role as Grand Marshal of New York's Puerto Rican Day Parade.  \n\nBut he will march \"not as an honoree but as a humble Puerto Rican and grandfather.\"","profileString":"facebook_page.1592924470936088","postURL":"https://facebook.com/1592924470936088/posts/1989580751270456","avatar":"https://graph.facebook.com/1592924470936088/picture","classification":{"engine":"aylien","language":"en","taxonomy":[{"score":"0.0928","confident":true,"links":[{"link":"https://api.aylien.com/api/v1/classify/taxonomy/iab-qag/IAB20-11","rel":"self"},{"link":"https://api.aylien.com/api/v1/classify/taxonomy/iab-qag/IAB20","rel":"parent"}],"id":"IAB20-11","label":"Caribbean"},{"score":"0.0661","confident":false,"links":[{"link":"https://api.aylien.com/api/v1/classify/taxonomy/iab-qag/IAB20","rel":"self"}],"id":"IAB20","label":"Travel"},{"score":"0.0615","confident":false,"links":[{"link":"https://api.aylien.com/api/v1/classify/taxonomy/iab-qag/IAB17","rel":"self"}],"id":"IAB17","label":"Sports"},{"score":"0.0614","confident":false,"links":[{"link":"https://api.aylien.com/api/v1/classify/taxonomy/iab-qag/IAB9","rel":"self"}],"id":"IAB9","label":"Hobbies & Interests"},{"score":"0.0508","confident":false,"links":[{"link":"https://api.aylien.com/api/v1/classify/taxonomy/iab-qag/IAB9-4","rel":"self"},{"link":"https://api.aylien.com/api/v1/classify/taxonomy/iab-qag/IAB9","rel":"parent"}],"id":"IAB9-4","label":"Birdwatching"},{"score":"0.0377","confident":false,"links":[{"link":"https://api.aylien.com/api/v1/classify/taxonomy/iab-qag/IAB17-13","rel":"self"},{"link":"https://api.aylien.com/api/v1/classify/taxonomy/iab-qag/IAB17","rel":"parent"}],"id":"IAB17-13","label":"Freshwater Fishing"}]},"postidString":"facebook_page.1592924470936088_1989580751270456","postMeta":{"inserted":"content-engine"},"timestamp":1496372583,"sharesRcvd":0,"likesRcvd":7,"source":"facebook_page","lastUpdateQuantum":4995658,"name":"NJ Burkett","imageLarge":"https://scontent.xx.fbcdn.net/v/t1.0-9/17554224_1989580751270456_4655721935848274298_n.jpg?oh=200b5c2568fee462c3aa3ae51403111c&oe=59AA4C44","objectID":"1989580751270456","repliesRcvd":1,"image":"https://scontent.xx.fbcdn.net/v/t1.0-0/s130x130/17554224_1989580751270456_4655721935848274298_n.jpg?oh=9cf8e3a1875f283d75ba04d4b9eee4f0&oe=59A8B62F","username":"njburkett7","link":"https://www.facebook.com/njburkett7/photos/a.1593036737591528.1073741828.1592924470936088/1989580751270456/?type=3","timeQuantum":4987908,"title":"Timeline Photos","type":"photo"},{"content":"This is very cool.","profileString":"facebook_page.1592924470936088","postURL":"https://facebook.com/1592924470936088/posts/1990610797834118","avatar":"https://graph.facebook.com/1592924470936088/picture","classification":{"engine":"aylien","language":"en","taxonomy":[{"score":"0.0852","confident":true,"links":[{"link":"https://api.aylien.com/api/v1/classify/taxonomy/iab-qag/IAB9","rel":"self"}],"id":"IAB9","label":"Hobbies & Interests"},{"score":"0.0544","confident":false,"links":[{"link":"https://api.aylien.com/api/v1/classify/taxonomy/iab-qag/IAB9-4","rel":"self"},{"link":"https://api.aylien.com/api/v1/classify/taxonomy/iab-qag/IAB9","rel":"parent"}],"id":"IAB9-4","label":"Birdwatching"}]},"postidString":"facebook_page.1592924470936088_10154812919409091","postMeta":{"inserted":"content-engine"},"timestamp":1496528499,"sharesRcvd":0,"likesRcvd":34,"source":"facebook_page","lastUpdateQuantum":4995658,"name":"NJ Burkett","imageLarge":"https://scontent.xx.fbcdn.net/v/t1.0-9/18921778_10154812919409091_2709003041095924230_n.jpg?oh=cdb6f849916887131bb074eecbd38ed5&oe=59E3B2F8","originalID":"1592924470936088_1990610797834118","objectID":"10154812919409091","repliesRcvd":2,"image":"https://scontent.xx.fbcdn.net/v/t1.0-0/s130x130/18921778_10154812919409091_2709003041095924230_n.jpg?oh=8f81e2819e24b67a8845f601a201f3d1&oe=59A7431E","username":"njburkett7","link":"https://www.facebook.com/ABC7NY/photos/a.10150159356494091.298144.31160214090/10154812919409091/?type=3","timeQuantum":4988428,"title":"ABC7NY","type":"photo"},{"content":"ABC7NY","profileString":"facebook_page.1592924470936088","postURL":"https://facebook.com/1592924470936088/posts/1991287161099815","avatar":"https://graph.facebook.com/1592924470936088/picture","classification":{"engine":"aylien","language":"en","taxonomy":[{"score":"0.2566","confident":false,"links":[{"link":"https://api.aylien.com/api/v1/classify/taxonomy/iab-qag/IAB1-6","rel":"self"},{"link":"https://api.aylien.com/api/v1/classify/taxonomy/iab-qag/IAB1","rel":"parent"}],"id":"IAB1-6","label":"Music"},{"score":"0.0895","confident":true,"links":[{"link":"https://api.aylien.com/api/v1/classify/taxonomy/iab-qag/IAB1","rel":"self"}],"id":"IAB1","label":"Arts & Entertainment"}]},"postidString":"facebook_page.1592924470936088_1991287161099815","postMeta":{"inserted":"content-engine"},"timestamp":1496625472,"sharesRcvd":0,"likesRcvd":10,"source":"facebook_page","lastUpdateQuantum":4995658,"name":"NJ Burkett","imageLarge":"https://external.xx.fbcdn.net/safe_image.php?d=AQDRid6TdTmc58z3&url=http%3A%2F%2Fa.abcnews.com%2Fimages%2FEntertainment%2FHT-ariana-grande-4-jt-170604_16x9_992.jpg&_nc_hash=AQBWemgH2Y6WhGZ8","repliesRcvd":1,"image":"https://external.xx.fbcdn.net/safe_image.php?d=AQCP6VMQZickt6Na&w=130&h=130&url=http%3A%2F%2Fa.abcnews.com%2Fimages%2FEntertainment%2FHT-ariana-grande-4-jt-170604_16x9_992.jpg&cfs=1&sx=250&sy=0&sw=558&sh=558&_nc_hash=AQD5zUJjBcaGZh2S","username":"njburkett7","link":"http://7ny.tv/2rUGdbO","timeQuantum":4988751,"title":"ABC7NY","type":"link"},{"content":"One hundred exotic animals are being seized from a home in residential Carle Place, LI including a tarantula, an alligator and dozens of snakes.  Eyewitness News at 4, 5PM tonight.","profileString":"facebook_page.1592924470936088","postURL":"https://facebook.com/1592924470936088/posts/1991657464396118","avatar":"https://graph.facebook.com/1592924470936088/picture","classification":{"engine":"aylien","language":"en","taxonomy":[{"score":"0.2969","confident":true,"links":[{"link":"https://api.aylien.com/api/v1/classify/taxonomy/iab-qag/IAB16-6","rel":"self"},{"link":"https://api.aylien.com/api/v1/classify/taxonomy/iab-qag/IAB16","rel":"parent"}],"id":"IAB16-6","label":"Reptiles"},{"score":"0.1444","confident":true,"links":[{"link":"https://api.aylien.com/api/v1/classify/taxonomy/iab-qag/IAB16","rel":"self"}],"id":"IAB16","label":"Pets"}]},"postidString":"facebook_page.1592924470936088_1991657464396118","postMeta":{"inserted":"content-engine"},"timestamp":1496690067,"sharesRcvd":3,"likesRcvd":19,"source":"facebook_page","lastUpdateQuantum":4995658,"name":"NJ Burkett","imageLarge":"https://scontent.xx.fbcdn.net/v/t15.0-10/s720x720/19002332_1991658431062688_6346690615161389056_n.jpg?oh=26024418f1bff40b1c9620b872710472&oe=59AC40C9","objectID":"1991657464396118","repliesRcvd":4,"image":"https://scontent.xx.fbcdn.net/v/t15.0-10/s130x130/19002332_1991658431062688_6346690615161389056_n.jpg?oh=c604f60d5f2189c73e8b99923ccc2671&oe=59A12FEB","username":"njburkett7","link":"https://www.facebook.com/njburkett7/videos/1991657464396118/","timeQuantum":4988966,"video":"https://video.xx.fbcdn.net/v/t42.1790-2/19012400_302199353558585_4170956905671294976_n.mp4?efg=eyJybHIiOjYyNCwicmxhIjo1MTIsInZlbmNvZGVfdGFnIjoic3ZlX3NkIn0%3D&rl=624&vabr=347&oh=c12db9eaf8c645452b5a961edeb6d96b&oe=5938911D","type":"video"},{"content":"Animal control officers on Long Island seizing more than 100 exotic animals","profileString":"facebook_page.1592924470936088","postURL":"https://facebook.com/1592924470936088/posts/1991725207722677","avatar":"https://graph.facebook.com/1592924470936088/picture","classification":{"engine":"aylien","language":"en","taxonomy":[{"score":"0.4433","confident":true,"links":[{"link":"https://api.aylien.com/api/v1/classify/taxonomy/iab-qag/IAB16","rel":"self"}],"id":"IAB16","label":"Pets"},{"score":"0.2505","confident":false,"links":[{"link":"https://api.aylien.com/api/v1/classify/taxonomy/iab-qag/IAB16-7","rel":"self"},{"link":"https://api.aylien.com/api/v1/classify/taxonomy/iab-qag/IAB16","rel":"parent"}],"id":"IAB16-7","label":"Veterinary Medicine"}]},"postidString":"facebook_page.1592924470936088_1991725207722677","postMeta":{"inserted":"content-engine"},"timestamp":1496698646,"sharesRcvd":292,"likesRcvd":333,"source":"facebook_page","lastUpdateQuantum":4989601,"name":"NJ Burkett","imageLarge":"https://scontent.xx.fbcdn.net/v/t15.0-10/18977528_1991741154387749_8122232865581694976_n.jpg?oh=22420b73b7d2672194213473493fcd4d&oe=59DDA4EA","objectID":"1991725207722677","repliesRcvd":427,"image":"https://scontent.xx.fbcdn.net/v/t15.0-10/s130x130/18977528_1991741154387749_8122232865581694976_n.jpg?oh=cb2ac956890f99cf14896ba03db19bc4&oe=599E7C91","username":"njburkett7","link":"https://www.facebook.com/njburkett7/videos/1991725207722677/","timeQuantum":4988995,"video":"https://www.facebook.com/video/playback/playlist.m3u8?v=1991725207722677","type":"video"},{"content":"You would have driven right past this place--and a lot of people did--having no idea what was inside.  Monday's 5PM report.","profileString":"facebook_page.1592924470936088","postURL":"https://facebook.com/1592924470936088/posts/1991804334381431","avatar":"https://graph.facebook.com/1592924470936088/picture","classification":{"engine":"aylien","language":"en","taxonomy":[{"score":"0.6154","confident":true,"links":[{"link":"https://api.aylien.com/api/v1/classify/taxonomy/iab-qag/IAB16","rel":"self"}],"id":"IAB16","label":"Pets"},{"score":"0.4137","confident":true,"links":[{"link":"https://api.aylien.com/api/v1/classify/taxonomy/iab-qag/IAB16-6","rel":"self"},{"link":"https://api.aylien.com/api/v1/classify/taxonomy/iab-qag/IAB16","rel":"parent"}],"id":"IAB16-6","label":"Reptiles"}]},"postidString":"facebook_page.1592924470936088_1991804334381431","postMeta":{"inserted":"content-engine"},"timestamp":1496710389,"sharesRcvd":0,"likesRcvd":8,"source":"facebook_page","lastUpdateQuantum":4995658,"name":"NJ Burkett","imageLarge":"https://external.xx.fbcdn.net/safe_image.php?d=AQCT_CfNMxU5ZLWG&url=http%3A%2F%2Fcdn.abclocal.go.com%2Fcontent%2Fwabc%2Fimages%2Fcms%2F2066890_1280x720.jpg&_nc_hash=AQDH7ycg8xchm41G","repliesRcvd":0,"image":"https://external.xx.fbcdn.net/safe_image.php?d=AQB3d474XVzRkuRK&w=130&h=130&url=http%3A%2F%2Fcdn.abclocal.go.com%2Fcontent%2Fwabc%2Fimages%2Fcms%2F2066890_1280x720.jpg&cfs=1&_nc_hash=AQBrdCdgzUhXw_xy","username":"njburkett7","link":"http://abc7ny.com/news/tarantula-snakes-among-100-exotic-animals-seized-from-home/2066871/","timeQuantum":4989034,"title":"Tarantula, snakes among 100 exotic animals seized from home","type":"link"},{"content":"An extraordinary moment in American history.","profileString":"facebook_page.1592924470936088","postURL":"https://facebook.com/1592924470936088/posts/1992049487690249","avatar":"https://graph.facebook.com/1592924470936088/picture","classification":{"engine":"aylien","language":"en","taxonomy":[{"score":"0.2374","confident":false,"links":[{"link":"https://api.aylien.com/api/v1/classify/taxonomy/iab-qag/IAB25-4","rel":"self"},{"link":"https://api.aylien.com/api/v1/classify/taxonomy/iab-qag/IAB25","rel":"parent"}],"id":"IAB25-4","label":"Profane Content"},{"score":"0.0866","confident":true,"links":[{"link":"https://api.aylien.com/api/v1/classify/taxonomy/iab-qag/IAB25","rel":"self"}],"id":"IAB25","label":"Non-Standard Content"},{"score":"0.0767","confident":false,"links":[{"link":"https://api.aylien.com/api/v1/classify/taxonomy/iab-qag/IAB9-3","rel":"self"},{"link":"https://api.aylien.com/api/v1/classify/taxonomy/iab-qag/IAB9","rel":"parent"}],"id":"IAB9-3","label":"Beadwork"},{"score":"0.0693","confident":false,"links":[{"link":"https://api.aylien.com/api/v1/classify/taxonomy/iab-qag/IAB9","rel":"self"}],"id":"IAB9","label":"Hobbies & Interests"}]},"postidString":"facebook_page.1592924470936088_10154821415454091","postMeta":{"inserted":"content-engine"},"timestamp":1496755456,"sharesRcvd":0,"likesRcvd":25,"source":"facebook_page","lastUpdateQuantum":4995658,"name":"NJ Burkett","imageLarge":"https://scontent.xx.fbcdn.net/v/t1.0-9/18839275_10154821415454091_3674360469650739580_n.jpg?oh=bc647eda10b1cd2392b821c507628260&oe=599C8320","originalID":"1592924470936088_1992049487690249","objectID":"10154821415454091","repliesRcvd":5,"image":"https://scontent.xx.fbcdn.net/v/t1.0-0/s130x130/18839275_10154821415454091_3674360469650739580_n.jpg?oh=e3b89f55c787664ed10570b9bf64a838&oe=59E2BCC6","username":"njburkett7","link":"https://www.facebook.com/ABC7NY/photos/a.10150159356494091.298144.31160214090/10154821415454091/?type=3","timeQuantum":4989184,"title":"ABC7NY","type":"photo"},{"content":"Conservative political commentator Ann Coulter apparently believes New York City police officers are wimps.  \n\nSo, what do we think of this?","profileString":"facebook_page.1592924470936088","postURL":"https://facebook.com/1592924470936088/posts/1992190474342817","avatar":"https://graph.facebook.com/1592924470936088/picture","classification":{"engine":"aylien","language":"en","taxonomy":[{"score":"0.4510","confident":false,"links":[{"link":"https://api.aylien.com/api/v1/classify/taxonomy/iab-qag/IAB12-3","rel":"self"},{"link":"https://api.aylien.com/api/v1/classify/taxonomy/iab-qag/IAB12","rel":"parent"}],"id":"IAB12-3","label":"Local News"},{"score":"0.1944","confident":false,"links":[{"link":"https://api.aylien.com/api/v1/classify/taxonomy/iab-qag/IAB25-3","rel":"self"},{"link":"https://api.aylien.com/api/v1/classify/taxonomy/iab-qag/IAB25","rel":"parent"}],"id":"IAB25-3","label":"Pornography"},{"score":"0.0827","confident":false,"links":[{"link":"https://api.aylien.com/api/v1/classify/taxonomy/iab-qag/IAB2-4","rel":"self"},{"link":"https://api.aylien.com/api/v1/classify/taxonomy/iab-qag/IAB2","rel":"parent"}],"id":"IAB2-4","label":"Car Culture"},{"score":"0.0681","confident":false,"links":[{"link":"https://api.aylien.com/api/v1/classify/taxonomy/iab-qag/IAB12","rel":"self"}],"id":"IAB12","label":"News"},{"score":"0.0598","confident":false,"links":[{"link":"https://api.aylien.com/api/v1/classify/taxonomy/iab-qag/IAB25","rel":"self"}],"id":"IAB25","label":"Non-Standard Content"},{"score":"0.0549","confident":false,"links":[{"link":"https://api.aylien.com/api/v1/classify/taxonomy/iab-qag/IAB2","rel":"self"}],"id":"IAB2","label":"Automotive"}]},"postidString":"facebook_page.1592924470936088_1992190474342817","postMeta":{"inserted":"content-engine"},"timestamp":1496774233,"sharesRcvd":14,"likesRcvd":57,"source":"facebook_page","lastUpdateQuantum":4992940,"name":"NJ Burkett","imageLarge":"https://scontent.xx.fbcdn.net/v/t1.0-9/s720x720/18893347_1992190474342817_7652397333085067347_n.jpg?oh=3507ce028c3bb2f8d610ee281558a567&oe=599D6FAA","objectID":"1992190474342817","repliesRcvd":70,"image":"https://scontent.xx.fbcdn.net/v/t1.0-0/s130x130/18893347_1992190474342817_7652397333085067347_n.jpg?oh=d476cdd6c5c8c3855ac5f050ff527327&oe=59E297BF","username":"njburkett7","link":"https://www.facebook.com/njburkett7/photos/a.1593036737591528.1073741828.1592924470936088/1992190474342817/?type=3","timeQuantum":4989247,"title":"Timeline Photos","type":"photo"},{"content":"\"Sorry, my bad!\"\n\nWitnesses say those were the gunman's fleeing words to the father of a five year-old boy, struck by a stray bullet.  \n\nTuesday's 11PM lead story.","profileString":"facebook_page.1592924470936088","postURL":"https://facebook.com/1592924470936088/posts/1992391487656049","avatar":"https://graph.facebook.com/1592924470936088/picture","classification":{"engine":"aylien","language":"en","taxonomy":[{"score":"0.2604","confident":false,"links":[{"link":"https://api.aylien.com/api/v1/classify/taxonomy/iab-qag/IAB25-3","rel":"self"},{"link":"https://api.aylien.com/api/v1/classify/taxonomy/iab-qag/IAB25","rel":"parent"}],"id":"IAB25-3","label":"Pornography"},{"score":"0.1103","confident":true,"links":[{"link":"https://api.aylien.com/api/v1/classify/taxonomy/iab-qag/IAB25","rel":"self"}],"id":"IAB25","label":"Non-Standard Content"}]},"postidString":"facebook_page.1592924470936088_1992391487656049","postMeta":{"inserted":"content-engine"},"timestamp":1496808914,"sharesRcvd":1,"likesRcvd":23,"source":"facebook_page","lastUpdateQuantum":4995658,"name":"NJ Burkett","imageLarge":"https://external.xx.fbcdn.net/safe_image.php?d=AQCl3Cs7RecQtuYr&url=http%3A%2F%2Fcdn.abclocal.go.com%2Fcontent%2Fwabc%2Fimages%2Fcms%2Fautomation%2Fvod%2F2068635_1280x720.jpg&_nc_hash=AQA9hPhfuHd-zed8","repliesRcvd":8,"image":"https://external.xx.fbcdn.net/safe_image.php?d=AQBmQziqr8vPycsv&w=130&h=130&url=http%3A%2F%2Fcdn.abclocal.go.com%2Fcontent%2Fwabc%2Fimages%2Fcms%2Fautomation%2Fvod%2F2068635_1280x720.jpg&cfs=1&sx=0&sy=0&sw=720&sh=720&_nc_hash=AQA1mwNQ9C1nRLYD","username":"njburkett7","link":"http://abc7ny.com/news/suspect-sorry-my-bad-to-5-year-olds-father-after-shooting-police-say/2067722/","timeQuantum":4989363,"title":"Suspect: 'Sorry, my bad!' to 5-year-old's father after shooting, police say","type":"link"},{"content":"Okay, friends, question for you:  Have you ever shared a taxi with a stranger?  If you haven't, would you?  (As for me, I actually shared a cab last Thursday night after work.)\n\nWhy do I ask?  Ridesharing comes to New York's medallion cabs this week.  So, how does it work?  And who's using it??  \n\nSee you tonight on Eyewitness News at 5!","profileString":"facebook_page.1592924470936088","postURL":"https://facebook.com/1592924470936088/posts/1992653037629894","avatar":"https://graph.facebook.com/1592924470936088/picture","classification":{"engine":"aylien","language":"en","taxonomy":[{"score":"0.4457","confident":false,"links":[{"link":"https://api.aylien.com/api/v1/classify/taxonomy/iab-qag/IAB12-3","rel":"self"},{"link":"https://api.aylien.com/api/v1/classify/taxonomy/iab-qag/IAB12","rel":"parent"}],"id":"IAB12-3","label":"Local News"},{"score":"0.0707","confident":false,"links":[{"link":"https://api.aylien.com/api/v1/classify/taxonomy/iab-qag/IAB12","rel":"self"}],"id":"IAB12","label":"News"},{"score":"0.0662","confident":false,"links":[{"link":"https://api.aylien.com/api/v1/classify/taxonomy/iab-qag/IAB9","rel":"self"}],"id":"IAB9","label":"Hobbies & Interests"},{"score":"0.0609","confident":false,"links":[{"link":"https://api.aylien.com/api/v1/classify/taxonomy/iab-qag/IAB9-23","rel":"self"},{"link":"https://api.aylien.com/api/v1/classify/taxonomy/iab-qag/IAB9","rel":"parent"}],"id":"IAB9-23","label":"Photography"}]},"postidString":"facebook_page.1592924470936088_1992653037629894","postMeta":{"inserted":"content-engine"},"timestamp":1496860757,"sharesRcvd":0,"likesRcvd":9,"source":"facebook_page","lastUpdateQuantum":4993372,"name":"NJ Burkett","imageLarge":"https://scontent.xx.fbcdn.net/v/t1.0-9/p720x720/18893461_1992653037629894_4325250718834297525_n.jpg?oh=837a5bd0626fa5ce47585d6b068f7e62&oe=59AA846A","objectID":"1992653037629894","repliesRcvd":6,"image":"https://scontent.xx.fbcdn.net/v/t1.0-0/q81/p130x130/18893461_1992653037629894_4325250718834297525_n.jpg?oh=7ae78794a1a7ee724956759a0e0d65fc&oe=59DAA7F7","username":"njburkett7","link":"https://www.facebook.com/njburkett7/photos/a.1593036737591528.1073741828.1592924470936088/1992653037629894/?type=3","timeQuantum":4989535,"title":"Timeline Photos","type":"photo"},{"content":"No matter where I find myself, it's my favorite time of day.","profileString":"facebook_page.1592924470936088","postURL":"https://facebook.com/1592924470936088/posts/1992810917614106","avatar":"https://graph.facebook.com/1592924470936088/picture","classification":{"engine":"aylien","language":"en","taxonomy":[{"score":"0.0994","confident":true,"links":[{"link":"https://api.aylien.com/api/v1/classify/taxonomy/iab-qag/IAB9","rel":"self"}],"id":"IAB9","label":"Hobbies & Interests"},{"score":"0.0631","confident":false,"links":[{"link":"https://api.aylien.com/api/v1/classify/taxonomy/iab-qag/IAB9-23","rel":"self"},{"link":"https://api.aylien.com/api/v1/classify/taxonomy/iab-qag/IAB9","rel":"parent"}],"id":"IAB9-23","label":"Photography"}]},"postidString":"facebook_page.1592924470936088_1992810917614106","postMeta":{"inserted":"content-engine"},"timestamp":1496884322,"sharesRcvd":1,"likesRcvd":67,"source":"facebook_page","lastUpdateQuantum":4993372,"name":"NJ Burkett","imageLarge":"https://scontent.xx.fbcdn.net/v/t1.0-9/q82/s720x720/18893220_1992810917614106_4530707418707018001_n.jpg?oh=31f2654db4d424269dfdb2254ea5a24f&oe=59DDC8F0","objectID":"1992810917614106","repliesRcvd":8,"image":"https://scontent.xx.fbcdn.net/v/t1.0-0/q82/s130x130/18893220_1992810917614106_4530707418707018001_n.jpg?oh=b2856a46c42298ca47d52ba2e1ec0590&oe=59D8A0F6","username":"njburkett7","link":"https://www.facebook.com/njburkett7/photos/a.1593036737591528.1073741828.1592924470936088/1992810917614106/?type=3","timeQuantum":4989614,"title":"Timeline Photos","type":"photo"},{"content":"Would you share a taxi with a stranger?  \n\nCheck out tonight's report on the new ridesharing program for medallion cabs in New York City.  \n\nAnd two more reasons to watch:  My cringeworthy pun at the end of the piece and the master class in shooting and editing by WABC-TV photographer Rob Cantwell.","profileString":"facebook_page.1592924470936088","postURL":"https://facebook.com/1592924470936088/posts/1992825430945988","avatar":"https://graph.facebook.com/1592924470936088/picture","classification":{"engine":"aylien","language":"en","taxonomy":[{"score":"0.0914","confident":true,"links":[{"link":"https://api.aylien.com/api/v1/classify/taxonomy/iab-qag/IAB2-15","rel":"self"},{"link":"https://api.aylien.com/api/v1/classify/taxonomy/iab-qag/IAB2","rel":"parent"}],"id":"IAB2-15","label":"Motorcycles"},{"score":"0.0907","confident":true,"links":[{"link":"https://api.aylien.com/api/v1/classify/taxonomy/iab-qag/IAB2","rel":"self"}],"id":"IAB2","label":"Automotive"}]},"postidString":"facebook_page.1592924470936088_1992825430945988","postMeta":{"inserted":"content-engine"},"timestamp":1496887312,"sharesRcvd":0,"likesRcvd":11,"source":"facebook_page","lastUpdateQuantum":4993372,"name":"NJ Burkett","imageLarge":"https://external.xx.fbcdn.net/safe_image.php?d=AQAn4_li1Xf6uubC&url=http%3A%2F%2Fcdn.abclocal.go.com%2Fcontent%2Fwabc%2Fimages%2Fcms%2Fautomation%2Fvod%2F2070066_1280x720.jpg&_nc_hash=AQBybFoUGhV4LAMY","repliesRcvd":4,"image":"https://external.xx.fbcdn.net/safe_image.php?d=AQCcXvp8rG34d4zi&w=130&h=130&url=http%3A%2F%2Fcdn.abclocal.go.com%2Fcontent%2Fwabc%2Fimages%2Fcms%2Fautomation%2Fvod%2F2070066_1280x720.jpg&cfs=1&_nc_hash=AQAlx9TLbGyvWMxM","username":"njburkett7","link":"http://7ny.tv/2qY18GQ","timeQuantum":4989624,"title":"Via, Curb push New Yorkers to share taxis at a discount","type":"link"},{"content":"ABC7NY","profileString":"facebook_page.1592924470936088","postURL":"https://facebook.com/1592924470936088/posts/1993141950914336","avatar":"https://graph.facebook.com/1592924470936088/picture","classification":{"engine":"aylien","language":"en","taxonomy":[{"score":"0.5129","confident":false,"links":[{"link":"https://api.aylien.com/api/v1/classify/taxonomy/iab-qag/IAB12-3","rel":"self"},{"link":"https://api.aylien.com/api/v1/classify/taxonomy/iab-qag/IAB12","rel":"parent"}],"id":"IAB12-3","label":"Local News"},{"score":"0.2690","confident":true,"links":[{"link":"https://api.aylien.com/api/v1/classify/taxonomy/iab-qag/IAB3-3","rel":"self"},{"link":"https://api.aylien.com/api/v1/classify/taxonomy/iab-qag/IAB3","rel":"parent"}],"id":"IAB3-3","label":"Biotech/Biomedical"},{"score":"0.0812","confident":true,"links":[{"link":"https://api.aylien.com/api/v1/classify/taxonomy/iab-qag/IAB3","rel":"self"}],"id":"IAB3","label":"Business"},{"score":"0.0769","confident":true,"links":[{"link":"https://api.aylien.com/api/v1/classify/taxonomy/iab-qag/IAB12","rel":"self"}],"id":"IAB12","label":"News"}]},"postidString":"facebook_page.1592924470936088_1993141950914336","postMeta":{"inserted":"content-engine"},"timestamp":1496946016,"sharesRcvd":0,"likesRcvd":11,"source":"facebook_page","lastUpdateQuantum":4995658,"name":"NJ Burkett","imageLarge":"https://external.xx.fbcdn.net/safe_image.php?d=AQA_L15xFd3F_sRH&url=http%3A%2F%2Fcdn.abclocal.go.com%2Fcontent%2Fwtvd%2Fimages%2Fcms%2Fautomation%2Fimages%2F1996784_1280x720.jpg&_nc_hash=AQCgUAIyHkBSq2FY","repliesRcvd":1,"image":"https://external.xx.fbcdn.net/safe_image.php?d=AQArsNJjURph4jMN&w=130&h=130&url=http%3A%2F%2Fcdn.abclocal.go.com%2Fcontent%2Fwtvd%2Fimages%2Fcms%2Fautomation%2Fimages%2F1996784_1280x720.jpg&cfs=1&_nc_hash=AQB6L83fLfNbpVN-","username":"njburkett7","link":"http://7ny.tv/2s0KN7p","timeQuantum":4989820,"title":"ABC7NY","type":"link"},{"content":"EXCLUSIVE:  Tears stream down the cheek where the bullet grazed her face.  \n\n18 year-old Tyshamik Manuel was on Broadway in Bushwick, walking with her cousins, when gunfire sent them running for their lives.  She remembers at least four shots before her cousin, Kieth Kyser, fell to the pavement with two shots to the chest.  \n\nOne of the bullets whizzed past her head, and left a mark that was still visible this afternoon.  She can't believe she's alive and can't believe her cousin is dead.  \n\nTyshamik tells me she has no idea why Kieth was targeted.  But witnesses say this was not a random crime.  \n\nEyewitness News tonight at 6.","profileString":"facebook_page.1592924470936088","postURL":"https://facebook.com/1592924470936088/posts/1993597354202129","avatar":"https://graph.facebook.com/1592924470936088/picture","classification":{"engine":"aylien","language":"en","taxonomy":[{"score":"0.1876","confident":false,"links":[{"link":"https://api.aylien.com/api/v1/classify/taxonomy/iab-qag/IAB25-4","rel":"self"},{"link":"https://api.aylien.com/api/v1/classify/taxonomy/iab-qag/IAB25","rel":"parent"}],"id":"IAB25-4","label":"Profane Content"},{"score":"0.0809","confident":true,"links":[{"link":"https://api.aylien.com/api/v1/classify/taxonomy/iab-qag/IAB17-42","rel":"self"},{"link":"https://api.aylien.com/api/v1/classify/taxonomy/iab-qag/IAB17","rel":"parent"}],"id":"IAB17-42","label":"Walking"},{"score":"0.0714","confident":false,"links":[{"link":"https://api.aylien.com/api/v1/classify/taxonomy/iab-qag/IAB9","rel":"self"}],"id":"IAB9","label":"Hobbies & Interests"},{"score":"0.0604","confident":false,"links":[{"link":"https://api.aylien.com/api/v1/classify/taxonomy/iab-qag/IAB17","rel":"self"}],"id":"IAB17","label":"Sports"},{"score":"0.0592","confident":false,"links":[{"link":"https://api.aylien.com/api/v1/classify/taxonomy/iab-qag/IAB25","rel":"self"}],"id":"IAB25","label":"Non-Standard Content"},{"score":"0.0570","confident":false,"links":[{"link":"https://api.aylien.com/api/v1/classify/taxonomy/iab-qag/IAB9-23","rel":"self"},{"link":"https://api.aylien.com/api/v1/classify/taxonomy/iab-qag/IAB9","rel":"parent"}],"id":"IAB9-23","label":"Photography"}]},"postidString":"facebook_page.1592924470936088_1993597140868817","postMeta":{"inserted":"content-engine"},"timestamp":1497035366,"sharesRcvd":1,"likesRcvd":16,"source":"facebook_page","lastUpdateQuantum":4995658,"name":"NJ Burkett","imageLarge":"https://scontent.xx.fbcdn.net/v/t1.0-9/s720x720/18950989_1993597140868817_4766521550576070213_n.jpg?oh=72ba94fa2ca1b92e54d96bcc01625023&oe=59A56138","originalID":"1592924470936088_1993597354202129","objectID":"1993597140868817","repliesRcvd":5,"image":"https://scontent.xx.fbcdn.net/v/t1.0-0/s130x130/18950989_1993597140868817_4766521550576070213_n.jpg?oh=a29db52d30dcc21c0051dbcbd96d02d1&oe=599BB32D","username":"njburkett7","link":"https://www.facebook.com/njburkett7/photos/a.1594023234159545.1073741829.1592924470936088/1993597140868817/?type=3","timeQuantum":4990117,"title":"Photos from NJ Burkett's post","type":"photo"},{"content":"EXCLUSIVE:  Tears stream down the cheek where the bullet grazed her face.  \n\n18 year-old Tyshamik Manuel was on Broadway in Bushwick, walking with her cousins, when gunfire send them running for their lives.  She remembers at least four shots before her cousin, Kieth Kyser, fell to the pavement with two shots to the chest.  \n\nFriday's 6PM lead story.","profileString":"facebook_page.1592924470936088","postURL":"https://facebook.com/1592924470936088/posts/1993683044193560","avatar":"https://graph.facebook.com/1592924470936088/picture","classification":{"engine":"aylien","language":"en","taxonomy":[{"score":"0.4421","confident":false,"links":[{"link":"https://api.aylien.com/api/v1/classify/taxonomy/iab-qag/IAB12-3","rel":"self"},{"link":"https://api.aylien.com/api/v1/classify/taxonomy/iab-qag/IAB12","rel":"parent"}],"id":"IAB12-3","label":"Local News"},{"score":"0.2492","confident":false,"links":[{"link":"https://api.aylien.com/api/v1/classify/taxonomy/iab-qag/IAB14-6","rel":"self"},{"link":"https://api.aylien.com/api/v1/classify/taxonomy/iab-qag/IAB14","rel":"parent"}],"id":"IAB14-6","label":"Teens"},{"score":"0.2386","confident":false,"links":[{"link":"https://api.aylien.com/api/v1/classify/taxonomy/iab-qag/IAB25-3","rel":"self"},{"link":"https://api.aylien.com/api/v1/classify/taxonomy/iab-qag/IAB25","rel":"parent"}],"id":"IAB25-3","label":"Pornography"},{"score":"0.0688","confident":false,"links":[{"link":"https://api.aylien.com/api/v1/classify/taxonomy/iab-qag/IAB14","rel":"self"}],"id":"IAB14","label":"Society"},{"score":"0.0645","confident":false,"links":[{"link":"https://api.aylien.com/api/v1/classify/taxonomy/iab-qag/IAB12","rel":"self"}],"id":"IAB12","label":"News"},{"score":"0.0621","confident":false,"links":[{"link":"https://api.aylien.com/api/v1/classify/taxonomy/iab-qag/IAB25","rel":"self"}],"id":"IAB25","label":"Non-Standard Content"}]},"postidString":"facebook_page.1592924470936088_1993683044193560","postMeta":{"inserted":"content-engine"},"timestamp":1497049428,"sharesRcvd":0,"likesRcvd":3,"source":"facebook_page","lastUpdateQuantum":4995658,"name":"NJ Burkett","imageLarge":"https://external.xx.fbcdn.net/safe_image.php?d=AQCpNJfJXTOlogqw&url=http%3A%2F%2Fcdn.abclocal.go.com%2Fcontent%2Fwabc%2Fimages%2Fcms%2Fautomation%2Fvod%2F2077338_1280x720.jpg&_nc_hash=AQBHqKLLtZlLMvBN","repliesRcvd":0,"image":"https://external.xx.fbcdn.net/safe_image.php?w=130&h=130&url=http%3A%2F%2Fcdn.abclocal.go.com%2Fcontent%2Fwabc%2Fimages%2Fcms%2Fautomation%2Fvod%2F2077338_1280x720.jpg&cfs=1&sx=371&sy=0&sw=720&sh=720&_nc_hash=AQBaxdhzEhbRNyEe","username":"njburkett7","link":"http://abc7ny.com/news/17-year-old-killed-cousin-hurt-in-brooklyn-shooting/2075126/","timeQuantum":4990164,"title":"17-year-old killed, cousin hurt in Brooklyn shooting","type":"link"},{"content":"Bushwick, Brooklyn for Eyewitness News at 6, where a group of teens was ambushed by a young man with a gun.  One was killed.","profileString":"facebook_page.1592924470936088","postURL":"https://facebook.com/1592924470936088/posts/1993753894186475","avatar":"https://graph.facebook.com/1592924470936088/picture","classification":{"engine":"aylien","language":"en","taxonomy":[{"score":"0.4522","confident":false,"links":[{"link":"https://api.aylien.com/api/v1/classify/taxonomy/iab-qag/IAB12-2","rel":"self"},{"link":"https://api.aylien.com/api/v1/classify/taxonomy/iab-qag/IAB12","rel":"parent"}],"id":"IAB12-2","label":"National News"},{"score":"0.3426","confident":true,"links":[{"link":"https://api.aylien.com/api/v1/classify/taxonomy/iab-qag/IAB14-6","rel":"self"},{"link":"https://api.aylien.com/api/v1/classify/taxonomy/iab-qag/IAB14","rel":"parent"}],"id":"IAB14-6","label":"Teens"},{"score":"0.0953","confident":true,"links":[{"link":"https://api.aylien.com/api/v1/classify/taxonomy/iab-qag/IAB12","rel":"self"}],"id":"IAB12","label":"News"},{"score":"0.0847","confident":true,"links":[{"link":"https://api.aylien.com/api/v1/classify/taxonomy/iab-qag/IAB14","rel":"self"}],"id":"IAB14","label":"Society"}]},"postidString":"facebook_page.1592924470936088_1993753894186475","postMeta":{"inserted":"content-engine"},"timestamp":1497063474,"sharesRcvd":0,"likesRcvd":18,"source":"facebook_page","lastUpdateQuantum":4995658,"name":"NJ Burkett","imageLarge":"https://scontent.xx.fbcdn.net/v/t1.0-9/s720x720/19030708_1993753894186475_1511829784094175616_n.jpg?oh=e9227ef907f33039e823098c1cc9395b&oe=59A0273F","objectID":"1993753894186475","repliesRcvd":3,"image":"https://scontent.xx.fbcdn.net/v/t1.0-0/s130x130/19030708_1993753894186475_1511829784094175616_n.jpg?oh=7c398701600fd8e5ed1ac75d5b3fc291&oe=59A7D32A","username":"njburkett7","link":"https://www.facebook.com/njburkett7/photos/a.1593036737591528.1073741828.1592924470936088/1993753894186475/?type=3","timeQuantum":4990211,"title":"Timeline Photos","type":"photo"},{"content":"Sunday sunset!  Here's hoping you enjoyed the best weather weekend we've had in weeks.","profileString":"facebook_page.1592924470936088","postURL":"https://facebook.com/1592924470936088/posts/1994719324089932","avatar":"https://graph.facebook.com/1592924470936088/picture","classification":{"engine":"aylien","language":"en","taxonomy":[{"score":"0.5171","confident":true,"links":[{"link":"https://api.aylien.com/api/v1/classify/taxonomy/iab-qag/IAB15-10","rel":"self"},{"link":"https://api.aylien.com/api/v1/classify/taxonomy/iab-qag/IAB15","rel":"parent"}],"id":"IAB15-10","label":"Weather"},{"score":"0.2732","confident":false,"links":[{"link":"https://api.aylien.com/api/v1/classify/taxonomy/iab-qag/IAB1-2","rel":"self"},{"link":"https://api.aylien.com/api/v1/classify/taxonomy/iab-qag/IAB1","rel":"parent"}],"id":"IAB1-2","label":"Celebrity Fan/Gossip"},{"score":"0.0906","confident":true,"links":[{"link":"https://api.aylien.com/api/v1/classify/taxonomy/iab-qag/IAB15","rel":"self"}],"id":"IAB15","label":"Science"},{"score":"0.0737","confident":false,"links":[{"link":"https://api.aylien.com/api/v1/classify/taxonomy/iab-qag/IAB1","rel":"self"}],"id":"IAB1","label":"Arts & Entertainment"}]},"postidString":"facebook_page.1592924470936088_1994719324089932","postMeta":{"inserted":"content-engine"},"timestamp":1497228566,"sharesRcvd":0,"likesRcvd":111,"source":"facebook_page","lastUpdateQuantum":4995658,"name":"NJ Burkett","imageLarge":"https://scontent.xx.fbcdn.net/v/t1.0-9/q87/s720x720/19029471_1994719324089932_693985538529820049_n.jpg?oh=e3ef1c09758321dd40ce63ec49f06f68&oe=59D1B2A3","objectID":"1994719324089932","repliesRcvd":16,"image":"https://scontent.xx.fbcdn.net/v/t1.0-0/q81/s130x130/19029471_1994719324089932_693985538529820049_n.jpg?oh=40112abe0c051b68328ed0aba5711dcc&oe=59A4818A","username":"njburkett7","link":"https://www.facebook.com/njburkett7/photos/a.1593036737591528.1073741828.1592924470936088/1994719324089932/?type=3","timeQuantum":4990761,"title":"Timeline Photos","type":"photo"},{"content":"NJ Burkett on NJ Transit!  \n\nHeading back to the city after tonight's 5 and 6PM reports in Jersey City, NJ.  Hope you ended your Monday with a smile, despite the heat.","profileString":"facebook_page.1592924470936088","postURL":"https://facebook.com/1592924470936088/posts/1995174757377722","avatar":"https://graph.facebook.com/1592924470936088/picture","classification":{"engine":"aylien","language":"en","taxonomy":[{"score":"0.2130","confident":false,"links":[{"link":"https://api.aylien.com/api/v1/classify/taxonomy/iab-qag/IAB10-5","rel":"self"},{"link":"https://api.aylien.com/api/v1/classify/taxonomy/iab-qag/IAB10","rel":"parent"}],"id":"IAB10-5","label":"Home Repair"},{"score":"0.0875","confident":false,"links":[{"link":"https://api.aylien.com/api/v1/classify/taxonomy/iab-qag/IAB8-2","rel":"self"},{"link":"https://api.aylien.com/api/v1/classify/taxonomy/iab-qag/IAB8","rel":"parent"}],"id":"IAB8-2","label":"Barbecues & Grilling"},{"score":"0.0826","confident":false,"links":[{"link":"https://api.aylien.com/api/v1/classify/taxonomy/iab-qag/IAB2-16","rel":"self"},{"link":"https://api.aylien.com/api/v1/classify/taxonomy/iab-qag/IAB2","rel":"parent"}],"id":"IAB2-16","label":"Off-Road Vehicles"},{"score":"0.0632","confident":false,"links":[{"link":"https://api.aylien.com/api/v1/classify/taxonomy/iab-qag/IAB20-21","rel":"self"},{"link":"https://api.aylien.com/api/v1/classify/taxonomy/iab-qag/IAB20","rel":"parent"}],"id":"IAB20-21","label":"Mexico & Central America"},{"score":"0.0607","confident":false,"links":[{"link":"https://api.aylien.com/api/v1/classify/taxonomy/iab-qag/IAB9","rel":"self"}],"id":"IAB9","label":"Hobbies & Interests"},{"score":"0.0539","confident":false,"links":[{"link":"https://api.aylien.com/api/v1/classify/taxonomy/iab-qag/IAB20","rel":"self"}],"id":"IAB20","label":"Travel"},{"score":"0.0539","confident":false,"links":[{"link":"https://api.aylien.com/api/v1/classify/taxonomy/iab-qag/IAB10","rel":"self"}],"id":"IAB10","label":"Home & Garden"},{"score":"0.0513","confident":false,"links":[{"link":"https://api.aylien.com/api/v1/classify/taxonomy/iab-qag/IAB2","rel":"self"}],"id":"IAB2","label":"Automotive"},{"score":"0.0504","confident":false,"links":[{"link":"https://api.aylien.com/api/v1/classify/taxonomy/iab-qag/IAB9-23","rel":"self"},{"link":"https://api.aylien.com/api/v1/classify/taxonomy/iab-qag/IAB9","rel":"parent"}],"id":"IAB9-23","label":"Photography"},{"score":"0.0503","confident":false,"links":[{"link":"https://api.aylien.com/api/v1/classify/taxonomy/iab-qag/IAB17","rel":"self"}],"id":"IAB17","label":"Sports"},{"score":"0.0491","confident":false,"links":[{"link":"https://api.aylien.com/api/v1/classify/taxonomy/iab-qag/IAB8","rel":"self"}],"id":"IAB8","label":"Food & Drink"},{"score":"0.0420","confident":false,"links":[{"link":"https://api.aylien.com/api/v1/classify/taxonomy/iab-qag/IAB17-42","rel":"self"},{"link":"https://api.aylien.com/api/v1/classify/taxonomy/iab-qag/IAB17","rel":"parent"}],"id":"IAB17-42","label":"Walking"}]},"postidString":"facebook_page.1592924470936088_1995174757377722","postMeta":{"inserted":"content-engine"},"timestamp":1497308092,"sharesRcvd":1,"likesRcvd":163,"source":"facebook_page","lastUpdateQuantum":4995658,"name":"NJ Burkett","imageLarge":"https://scontent.xx.fbcdn.net/v/t1.0-9/s720x720/19030425_1995174757377722_6853448519424092214_n.jpg?oh=5fd484009c9d34bf06781a989baf1c0b&oe=59DC1DA5","objectID":"1995174757377722","repliesRcvd":32,"image":"https://scontent.xx.fbcdn.net/v/t1.0-0/s130x130/19030425_1995174757377722_6853448519424092214_n.jpg?oh=a1e8e74c2d478267dc8015ee9957281a&oe=59DB69B0","username":"njburkett7","link":"https://www.facebook.com/njburkett7/photos/a.1593036737591528.1073741828.1592924470936088/1995174757377722/?type=3","timeQuantum":4991026,"title":"Timeline Photos","type":"photo"},{"content":"Did you know that, by some estimates, eighty percent of the cigarettes sold in New York City are sold illegally?  \n\nTonight, authorities are cracking down with sweeping indictments and one of the largest seizures of illegal cigarettes and cigars ever made in the metropolitan area.  \n\nOur exclusive report on Eyewitness News at 5.","profileString":"facebook_page.1592924470936088","postURL":"https://facebook.com/1592924470936088/posts/1995713687323829","avatar":"https://graph.facebook.com/1592924470936088/picture","classification":{"engine":"aylien","language":"en","taxonomy":[{"score":"0.4589","confident":false,"links":[{"link":"https://api.aylien.com/api/v1/classify/taxonomy/iab-qag/IAB12-3","rel":"self"},{"link":"https://api.aylien.com/api/v1/classify/taxonomy/iab-qag/IAB12","rel":"parent"}],"id":"IAB12-3","label":"Local News"},{"score":"0.3007","confident":false,"links":[{"link":"https://api.aylien.com/api/v1/classify/taxonomy/iab-qag/IAB26-4","rel":"self"},{"link":"https://api.aylien.com/api/v1/classify/taxonomy/iab-qag/IAB26","rel":"parent"}],"id":"IAB26-4","label":"Copyright Infringement"},{"score":"0.0832","confident":true,"links":[{"link":"https://api.aylien.com/api/v1/classify/taxonomy/iab-qag/IAB26","rel":"self"}],"id":"IAB26","label":"Illegal Content"},{"score":"0.0767","confident":false,"links":[{"link":"https://api.aylien.com/api/v1/classify/taxonomy/iab-qag/IAB12","rel":"self"}],"id":"IAB12","label":"News"}]},"postidString":"facebook_page.1592924470936088_1995713653990499","postMeta":{"inserted":"content-engine"},"timestamp":1497385257,"sharesRcvd":2,"likesRcvd":18,"source":"facebook_page","lastUpdateQuantum":4995658,"name":"NJ Burkett","imageLarge":"https://scontent.xx.fbcdn.net/v/t1.0-9/s720x720/19146180_1995713653990499_643649256579254403_n.jpg?oh=ec92810df0fa0a086565e1104141805d&oe=59D98A56","originalID":"1592924470936088_1995713687323829","objectID":"1995713653990499","repliesRcvd":3,"image":"https://scontent.xx.fbcdn.net/v/t1.0-0/s130x130/19146180_1995713653990499_643649256579254403_n.jpg?oh=47600f2bdcd4856d730174935749f733&oe=59A1B6A9","username":"njburkett7","link":"https://www.facebook.com/njburkett7/photos/a.1594023234159545.1073741829.1592924470936088/1995713653990499/?type=3","timeQuantum":4991284,"title":"Photos from NJ Burkett's post","type":"photo"},{"content":"It's one of the best things about my job--meeting people who watch Eyewitness News.  \n\nAnd a lot of them have been watching for a long time.  And they're the children of parents who watched the great Bill Beutel and Roger Grimsby.  \n\nLike Bronx bodega owner, Mohammed Nagi, whose parents emigrated here from Yemen.  He started watching WABC-TV in 1982.  \n\nBut Xzaiver and Kazier Martin are some of our youngest viewers.  I met them with their mom, Khaliyah Martin, as I was headed to the subway at 125th Street.  \n\nAnd, by the way, I say an emphatic NO to those trying to rename the southern edge of Harlem \"SoHa.\"  (That's offensive.  If you live in Harlem, say you live in Harlem and be proud of it.)","profileString":"facebook_page.1592924470936088","postURL":"https://facebook.com/1592924470936088/posts/1995793030649228","avatar":"https://graph.facebook.com/1592924470936088/picture","classification":{"engine":"aylien","language":"en","taxonomy":[{"score":"0.2934","confident":true,"links":[{"link":"https://api.aylien.com/api/v1/classify/taxonomy/iab-qag/IAB1-7","rel":"self"},{"link":"https://api.aylien.com/api/v1/classify/taxonomy/iab-qag/IAB1","rel":"parent"}],"id":"IAB1-7","label":"Television"},{"score":"0.2159","confident":false,"links":[{"link":"https://api.aylien.com/api/v1/classify/taxonomy/iab-qag/IAB6-6","rel":"self"},{"link":"https://api.aylien.com/api/v1/classify/taxonomy/iab-qag/IAB6","rel":"parent"}],"id":"IAB6-6","label":"Parenting teens"},{"score":"0.0780","confident":true,"links":[{"link":"https://api.aylien.com/api/v1/classify/taxonomy/iab-qag/IAB6","rel":"self"}],"id":"IAB6","label":"Family & Parenting"},{"score":"0.0715","confident":false,"links":[{"link":"https://api.aylien.com/api/v1/classify/taxonomy/iab-qag/IAB1","rel":"self"}],"id":"IAB1","label":"Arts & Entertainment"}]},"postidString":"facebook_page.1592924470936088_1995792630649268","postMeta":{"inserted":"content-engine"},"timestamp":1497396230,"sharesRcvd":1,"likesRcvd":124,"source":"facebook_page","lastUpdateQuantum":4995658,"name":"NJ Burkett","imageLarge":"https://scontent.xx.fbcdn.net/v/t1.0-0/p180x540/19105995_1995792630649268_8517829036739785425_n.jpg?oh=ead9939c41fc0504f431d4220539f532&oe=59E74F5B","originalID":"1592924470936088_1995793030649228","objectID":"1995792630649268","repliesRcvd":25,"image":"https://scontent.xx.fbcdn.net/v/t1.0-0/s130x130/19105995_1995792630649268_8517829036739785425_n.jpg?oh=3a54b98cbedd55c3d3143a303a67eccf&oe=59D84D27","username":"njburkett7","link":"https://www.facebook.com/njburkett7/photos/a.1594023234159545.1073741829.1592924470936088/1995792630649268/?type=3","timeQuantum":4991320,"title":"Photos from NJ Burkett's post","type":"photo"},{"content":"By some estimates, eighty percent of the cigarettes sold in New York City are sold illegally.  \n\nTonight, authorities are cracking down with sweeping indictments and one of the largest seizures of illegal cigarettes and cigars ever made in the metropolitan area.  \n\nOur exclusive report on Eyewitness News at 5.","profileString":"facebook_page.1592924470936088","postURL":"https://facebook.com/1592924470936088/posts/1995854137309784","avatar":"https://graph.facebook.com/1592924470936088/picture","classification":{"engine":"aylien","language":"en","taxonomy":[{"score":"0.4071","confident":false,"links":[{"link":"https://api.aylien.com/api/v1/classify/taxonomy/iab-qag/IAB21-1","rel":"self"},{"link":"https://api.aylien.com/api/v1/classify/taxonomy/iab-qag/IAB21","rel":"parent"}],"id":"IAB21-1","label":"Apartments"},{"score":"0.3750","confident":false,"links":[{"link":"https://api.aylien.com/api/v1/classify/taxonomy/iab-qag/IAB26-4","rel":"self"},{"link":"https://api.aylien.com/api/v1/classify/taxonomy/iab-qag/IAB26","rel":"parent"}],"id":"IAB26-4","label":"Copyright Infringement"},{"score":"0.2568","confident":false,"links":[{"link":"https://api.aylien.com/api/v1/classify/taxonomy/iab-qag/IAB10-5","rel":"self"},{"link":"https://api.aylien.com/api/v1/classify/taxonomy/iab-qag/IAB10","rel":"parent"}],"id":"IAB10-5","label":"Home Repair"},{"score":"0.1236","confident":true,"links":[{"link":"https://api.aylien.com/api/v1/classify/taxonomy/iab-qag/IAB2-3","rel":"self"},{"link":"https://api.aylien.com/api/v1/classify/taxonomy/iab-qag/IAB2","rel":"parent"}],"id":"IAB2-3","label":"Buying/Selling Cars"},{"score":"0.0612","confident":false,"links":[{"link":"https://api.aylien.com/api/v1/classify/taxonomy/iab-qag/IAB21","rel":"self"}],"id":"IAB21","label":"Real Estate"},{"score":"0.0521","confident":false,"links":[{"link":"https://api.aylien.com/api/v1/classify/taxonomy/iab-qag/IAB10","rel":"self"}],"id":"IAB10","label":"Home & Garden"},{"score":"0.0521","confident":false,"links":[{"link":"https://api.aylien.com/api/v1/classify/taxonomy/iab-qag/IAB26","rel":"self"}],"id":"IAB26","label":"Illegal Content"},{"score":"0.0495","confident":false,"links":[{"link":"https://api.aylien.com/api/v1/classify/taxonomy/iab-qag/IAB2","rel":"self"}],"id":"IAB2","label":"Automotive"}]},"postidString":"facebook_page.1592924470936088_1995854137309784","postMeta":{"inserted":"content-engine"},"timestamp":1497406836,"sharesRcvd":1,"likesRcvd":10,"source":"facebook_page","lastUpdateQuantum":4995658,"name":"NJ Burkett","imageLarge":"https://external.xx.fbcdn.net/safe_image.php?d=AQBwpmaoYOaLuoRc&url=http%3A%2F%2Fcdn.abclocal.go.com%2Fcontent%2Fwabc%2Fimages%2Fcms%2F2094131_1280x720.jpg&_nc_hash=AQBzdbIHAAYdHY0G","repliesRcvd":5,"image":"https://external.xx.fbcdn.net/safe_image.php?d=AQCpwo5SJN1g97NX&w=130&h=130&url=http%3A%2F%2Fcdn.abclocal.go.com%2Fcontent%2Fwabc%2Fimages%2Fcms%2F2094131_1280x720.jpg&cfs=1&_nc_hash=AQDjxntIp96xwf42","username":"njburkett7","link":"http://7ny.tv/2slofOY","timeQuantum":4991356,"title":"Exclusive: Illegal cigarettes are big business in NYC","type":"link"},{"content":"BREAKING:  Gunman opens fire on Republican congressmen on a softball field just outside D.C. in Alexandria, Virginia.  \n\nFive reported hit.  The extent of their injuries is not clear; conditions cannot be confirmed.  Gunman is reported to have been captured or killed after a minutes-long shootout with officers.  \n\nStay tuned to Channel 7 and ABC7NY for details as the situation continues to unfold.","profileString":"facebook_page.1592924470936088","postURL":"https://facebook.com/1592924470936088/posts/1996107093951155","avatar":"https://graph.facebook.com/1592924470936088/picture","classification":{"engine":"aylien","language":"en","taxonomy":[{"score":"0.4188","confident":false,"links":[{"link":"https://api.aylien.com/api/v1/classify/taxonomy/iab-qag/IAB12-3","rel":"self"},{"link":"https://api.aylien.com/api/v1/classify/taxonomy/iab-qag/IAB12","rel":"parent"}],"id":"IAB12-3","label":"Local News"},{"score":"0.1922","confident":false,"links":[{"link":"https://api.aylien.com/api/v1/classify/taxonomy/iab-qag/IAB25-2","rel":"self"},{"link":"https://api.aylien.com/api/v1/classify/taxonomy/iab-qag/IAB25","rel":"parent"}],"id":"IAB25-2","label":"Extreme Graphic/Explicit Violence"},{"score":"0.1855","confident":false,"links":[{"link":"https://api.aylien.com/api/v1/classify/taxonomy/iab-qag/IAB16-4","rel":"self"},{"link":"https://api.aylien.com/api/v1/classify/taxonomy/iab-qag/IAB16","rel":"parent"}],"id":"IAB16-4","label":"Dogs"},{"score":"0.0900","confident":true,"links":[{"link":"https://api.aylien.com/api/v1/classify/taxonomy/iab-qag/IAB2-19","rel":"self"},{"link":"https://api.aylien.com/api/v1/classify/taxonomy/iab-qag/IAB2","rel":"parent"}],"id":"IAB2-19","label":"Road-Side Assistance"},{"score":"0.0584","confident":false,"links":[{"link":"https://api.aylien.com/api/v1/classify/taxonomy/iab-qag/IAB12","rel":"self"}],"id":"IAB12","label":"News"},{"score":"0.0576","confident":false,"links":[{"link":"https://api.aylien.com/api/v1/classify/taxonomy/iab-qag/IAB17","rel":"self"}],"id":"IAB17","label":"Sports"},{"score":"0.0564","confident":false,"links":[{"link":"https://api.aylien.com/api/v1/classify/taxonomy/iab-qag/IAB9","rel":"self"}],"id":"IAB9","label":"Hobbies & Interests"},{"score":"0.0494","confident":false,"links":[{"link":"https://api.aylien.com/api/v1/classify/taxonomy/iab-qag/IAB2","rel":"self"}],"id":"IAB2","label":"Automotive"},{"score":"0.0490","confident":false,"links":[{"link":"https://api.aylien.com/api/v1/classify/taxonomy/iab-qag/IAB16","rel":"self"}],"id":"IAB16","label":"Pets"},{"score":"0.0484","confident":false,"links":[{"link":"https://api.aylien.com/api/v1/classify/taxonomy/iab-qag/IAB25","rel":"self"}],"id":"IAB25","label":"Non-Standard Content"},{"score":"0.0481","confident":false,"links":[{"link":"https://api.aylien.com/api/v1/classify/taxonomy/iab-qag/IAB9-9","rel":"self"},{"link":"https://api.aylien.com/api/v1/classify/taxonomy/iab-qag/IAB9","rel":"parent"}],"id":"IAB9-9","label":"Cigars"},{"score":"0.0451","confident":false,"links":[{"link":"https://api.aylien.com/api/v1/classify/taxonomy/iab-qag/IAB17-24","rel":"self"},{"link":"https://api.aylien.com/api/v1/classify/taxonomy/iab-qag/IAB17","rel":"parent"}],"id":"IAB17-24","label":"Paintball"}]},"postidString":"facebook_page.1592924470936088_1996107093951155","postMeta":{"inserted":"content-engine"},"timestamp":1497442883,"sharesRcvd":0,"likesRcvd":22,"source":"facebook_page","lastUpdateQuantum":4995658,"name":"NJ Burkett","repliesRcvd":5,"username":"njburkett7","timeQuantum":4991476,"type":"status"},{"content":"Authorities say they will need more arrests to break the back of MS-13.  But they say it's possible.  Wednesday's 6PM report.","profileString":"facebook_page.1592924470936088","postURL":"https://facebook.com/1592924470936088/posts/1996434020585129","avatar":"https://graph.facebook.com/1592924470936088/picture","classification":{"engine":"aylien","language":"en","taxonomy":[{"score":"0.2392","confident":false,"links":[{"link":"https://api.aylien.com/api/v1/classify/taxonomy/iab-qag/IAB25-3","rel":"self"},{"link":"https://api.aylien.com/api/v1/classify/taxonomy/iab-qag/IAB25","rel":"parent"}],"id":"IAB25-3","label":"Pornography"},{"score":"0.0881","confident":true,"links":[{"link":"https://api.aylien.com/api/v1/classify/taxonomy/iab-qag/IAB25","rel":"self"}],"id":"IAB25","label":"Non-Standard Content"}]},"postidString":"facebook_page.1592924470936088_1996434020585129","postMeta":{"inserted":"content-engine"},"timestamp":1497493228,"sharesRcvd":5,"likesRcvd":35,"source":"facebook_page","lastUpdateQuantum":4995658,"name":"NJ Burkett","imageLarge":"https://external.xx.fbcdn.net/safe_image.php?d=AQB_73YIC_gi65a7&url=http%3A%2F%2Fcdn.abclocal.go.com%2Fcontent%2Fwabc%2Fimages%2Fcms%2Fautomation%2Fvod%2F2099652_1280x720.jpg&_nc_hash=AQBGjw8-4-Jfcc0k","repliesRcvd":1,"image":"https://external.xx.fbcdn.net/safe_image.php?d=AQCp5KFbloY_kRRx&w=130&h=130&url=http%3A%2F%2Fcdn.abclocal.go.com%2Fcontent%2Fwabc%2Fimages%2Fcms%2Fautomation%2Fvod%2F2099652_1280x720.jpg&cfs=1&_nc_hash=AQAOlQIl-TtJ3nJ3","username":"njburkett7","link":"http://abc7ny.com/news/operation-matador-nets-39-ms-13-arrests-in-nyc-li/2097917/","timeQuantum":4991644,"title":"'Operation Matador' nets 39 MS-13 arrests in NYC, LI","type":"link"},{"content":"I'm taking a long weekend in The Lone Star State!  \n\nIt was great seeing the Modern Art Museum of Ft Worth.  A really sensational collection, from Andy Warhol to Jenny Holzer and John Chamberlain.  \n\nI'm off to see my dad's boyhood home in McKinney on Saturday morning, then to Dallas for a tour of Dealey Plaza and other historic sites in the afternoon.","profileString":"facebook_page.1592924470936088","postURL":"https://facebook.com/1592924470936088/posts/1997588720469659","avatar":"https://graph.facebook.com/1592924470936088/picture","classification":{"engine":"aylien","language":"en","taxonomy":[{"score":"0.3441","confident":false,"links":[{"link":"https://api.aylien.com/api/v1/classify/taxonomy/iab-qag/IAB18-2","rel":"self"},{"link":"https://api.aylien.com/api/v1/classify/taxonomy/iab-qag/IAB18","rel":"parent"}],"id":"IAB18-2","label":"Body Art"},{"score":"0.3102","confident":true,"links":[{"link":"https://api.aylien.com/api/v1/classify/taxonomy/iab-qag/IAB1-3","rel":"self"},{"link":"https://api.aylien.com/api/v1/classify/taxonomy/iab-qag/IAB1","rel":"parent"}],"id":"IAB1-3","label":"Fine Art"},{"score":"0.0743","confident":false,"links":[{"link":"https://api.aylien.com/api/v1/classify/taxonomy/iab-qag/IAB9","rel":"self"}],"id":"IAB9","label":"Hobbies & Interests"},{"score":"0.0644","confident":false,"links":[{"link":"https://api.aylien.com/api/v1/classify/taxonomy/iab-qag/IAB1","rel":"self"}],"id":"IAB1","label":"Arts & Entertainment"},{"score":"0.0621","confident":false,"links":[{"link":"https://api.aylien.com/api/v1/classify/taxonomy/iab-qag/IAB18","rel":"self"}],"id":"IAB18","label":"Style & Fashion"},{"score":"0.0608","confident":false,"links":[{"link":"https://api.aylien.com/api/v1/classify/taxonomy/iab-qag/IAB17","rel":"self"}],"id":"IAB17","label":"Sports"},{"score":"0.0541","confident":false,"links":[{"link":"https://api.aylien.com/api/v1/classify/taxonomy/iab-qag/IAB9-3","rel":"self"},{"link":"https://api.aylien.com/api/v1/classify/taxonomy/iab-qag/IAB9","rel":"parent"}],"id":"IAB9-3","label":"Beadwork"},{"score":"0.0390","confident":false,"links":[{"link":"https://api.aylien.com/api/v1/classify/taxonomy/iab-qag/IAB17-18","rel":"self"},{"link":"https://api.aylien.com/api/v1/classify/taxonomy/iab-qag/IAB17","rel":"parent"}],"id":"IAB17-18","label":"Hunting/Shooting"}]},"postidString":"facebook_page.1592924470936088_1997588443803020","postMeta":{"inserted":"content-engine"},"timestamp":1497669212,"sharesRcvd":0,"likesRcvd":80,"source":"facebook_page","lastUpdateQuantum":4995658,"name":"NJ Burkett","imageLarge":"https://scontent.xx.fbcdn.net/v/t1.0-9/s720x720/19247849_1997588443803020_4296773579071519598_n.jpg?oh=ffabe6e1a72b51205a6b8ddbbff22dae&oe=599EDD4A","originalID":"1592924470936088_1997588720469659","objectID":"1997588443803020","repliesRcvd":19,"image":"https://scontent.xx.fbcdn.net/v/t1.0-0/s130x130/19247849_1997588443803020_4296773579071519598_n.jpg?oh=b5a96d825ff020d008caeb2c59e7e865&oe=599ED15F","username":"njburkett7","link":"https://www.facebook.com/njburkett7/photos/a.1594023234159545.1073741829.1592924470936088/1997588443803020/?type=3","timeQuantum":4992230,"title":"Photos from NJ Burkett's post","type":"photo"},{"content":"Happy Father's Day, my friends!  \n\nSpecial thanks to our social media producer, Jamie Nguyen who put together this terrific tribute to the fathers and sons of Eyewitness News.","profileString":"facebook_page.1592924470936088","postURL":"https://facebook.com/1592924470936088/posts/1998508520377679","avatar":"https://graph.facebook.com/1592924470936088/picture","classification":{"engine":"aylien","language":"en","taxonomy":[{"score":"0.4578","confident":false,"links":[{"link":"https://api.aylien.com/api/v1/classify/taxonomy/iab-qag/IAB12-2","rel":"self"},{"link":"https://api.aylien.com/api/v1/classify/taxonomy/iab-qag/IAB12","rel":"parent"}],"id":"IAB12-2","label":"National News"},{"score":"0.1739","confident":true,"links":[{"link":"https://api.aylien.com/api/v1/classify/taxonomy/iab-qag/IAB12","rel":"self"}],"id":"IAB12","label":"News"}]},"postidString":"facebook_page.1592924470936088_1998508520377679","postMeta":{"inserted":"content-engine"},"timestamp":1497819863,"sharesRcvd":0,"likesRcvd":19,"source":"facebook_page","lastUpdateQuantum":4995658,"name":"NJ Burkett","imageLarge":"https://external.xx.fbcdn.net/safe_image.php?d=AQCkiAaGzEqeo89N&url=http%3A%2F%2Fcdn.abclocal.go.com%2Fcontent%2Fwabc%2Fimages%2Fcms%2Fautomation%2Fvod%2F2098922_1280x720.jpg&_nc_hash=AQDyIst0bPri1VR7","repliesRcvd":4,"image":"https://external.xx.fbcdn.net/safe_image.php?d=AQAnrcFbcD0Zox3w&w=130&h=130&url=http%3A%2F%2Fcdn.abclocal.go.com%2Fcontent%2Fwabc%2Fimages%2Fcms%2Fautomation%2Fvod%2F2098922_1280x720.jpg&cfs=1&sx=25&sy=0&sw=720&sh=720&_nc_hash=AQDIPcfX9-Fdh-0L","username":"njburkett7","link":"http://7ny.tv/2sb93BO","timeQuantum":4992732,"title":"Eyewitness News Team celebrates Father's Day","type":"link"},{"content":"Here's a beautiful tribute to her dad from my friend, Lucy.  Not all of us are fortunate, as am I, to have our dads with us today.  \n\nBut we are all fortunate for the time we do have.","profileString":"facebook_page.1592924470936088","postURL":"https://facebook.com/1592924470936088/posts/1998528417042356","avatar":"https://graph.facebook.com/1592924470936088/picture","classification":{"engine":"aylien","language":"en","taxonomy":[{"score":"0.0769","confident":false,"links":[{"link":"https://api.aylien.com/api/v1/classify/taxonomy/iab-qag/IAB9","rel":"self"}],"id":"IAB9","label":"Hobbies & Interests"},{"score":"0.0505","confident":false,"links":[{"link":"https://api.aylien.com/api/v1/classify/taxonomy/iab-qag/IAB9-21","rel":"self"},{"link":"https://api.aylien.com/api/v1/classify/taxonomy/iab-qag/IAB9","rel":"parent"}],"id":"IAB9-21","label":"Needlework"}]},"postidString":"facebook_page.1592924470936088_1777867235573343","postMeta":{"inserted":"content-engine"},"timestamp":1497823410,"sharesRcvd":0,"likesRcvd":165,"source":"facebook_page","lastUpdateQuantum":4995658,"name":"NJ Burkett","imageLarge":"https://scontent.xx.fbcdn.net/v/t1.0-9/s720x720/19225122_1777867235573343_5299420060472239871_n.jpg?oh=560d45212854898dfed9c2aacb11e049&oe=599E6DD1","originalID":"1592924470936088_1998528417042356","objectID":"1777867235573343","repliesRcvd":11,"image":"https://scontent.xx.fbcdn.net/v/t1.0-0/s130x130/19225122_1777867235573343_5299420060472239871_n.jpg?oh=45782037dc377eaea3494da06b3d2514&oe=59DA7AC4","username":"njburkett7","link":"https://www.facebook.com/lucyyang.abc7ny/photos/a.1201501499876589.1073741829.1036437016383039/1777867235573343/?type=3","timeQuantum":4992744,"title":"Lucy Yang","type":"photo"},{"content":"On Father's Day weekend, I made a trip to McKinney, Texas, where my dad was raised.  I hadn't been there since I was a child, so things looked pretty different.  \n\nThe road to McKinney from Dallas is a huge interstate and the cattle pastures that stretched for miles are long gone.  \n\nBut dad's home, on West Virginia Street, was still there (it's not white anymore) and so was the home of my great-grandmother, Mary Francis Thompson, just a few blocks up the street.  At some point, it was turned into a bed and breakfast.\n\nAnd the former law office of my great-great grandfather, who built the building after he returned from the war, is still there.  It's a bistro now. \n\nThe city is thriving.  And it was great to see!","profileString":"facebook_page.1592924470936088","postURL":"https://facebook.com/1592924470936088/posts/1998575160371015","avatar":"https://graph.facebook.com/1592924470936088/picture","classification":{"engine":"aylien","language":"en","taxonomy":[{"score":"0.4148","confident":true,"links":[{"link":"https://api.aylien.com/api/v1/classify/taxonomy/iab-qag/IAB10-4","rel":"self"},{"link":"https://api.aylien.com/api/v1/classify/taxonomy/iab-qag/IAB10","rel":"parent"}],"id":"IAB10-4","label":"Gardening"},{"score":"0.2123","confident":false,"links":[{"link":"https://api.aylien.com/api/v1/classify/taxonomy/iab-qag/IAB25-5","rel":"self"},{"link":"https://api.aylien.com/api/v1/classify/taxonomy/iab-qag/IAB25","rel":"parent"}],"id":"IAB25-5","label":"Hate Content"},{"score":"0.0782","confident":true,"links":[{"link":"https://api.aylien.com/api/v1/classify/taxonomy/iab-qag/IAB10","rel":"self"}],"id":"IAB10","label":"Home & Garden"},{"score":"0.0654","confident":false,"links":[{"link":"https://api.aylien.com/api/v1/classify/taxonomy/iab-qag/IAB25","rel":"self"}],"id":"IAB25","label":"Non-Standard Content"}]},"postidString":"facebook_page.1592924470936088_1998575050371026","postMeta":{"inserted":"content-engine"},"timestamp":1497833415,"sharesRcvd":0,"likesRcvd":199,"source":"facebook_page","lastUpdateQuantum":4995658,"name":"NJ Burkett","imageLarge":"https://scontent.xx.fbcdn.net/v/t1.0-9/s720x720/19247652_1998575050371026_8909903997115113038_n.jpg?oh=6ec30cb672723f13bd48057e7bec30fc&oe=59DBC3D7","originalID":"1592924470936088_1998575160371015","objectID":"1998575050371026","repliesRcvd":26,"image":"https://scontent.xx.fbcdn.net/v/t1.0-0/q83/s130x130/19247652_1998575050371026_8909903997115113038_n.jpg?oh=d647c81a71f6fa548f22419beeedb4d4&oe=59E8BEEB","username":"njburkett7","link":"https://www.facebook.com/njburkett7/photos/a.1594023234159545.1073741829.1592924470936088/1998575050371026/?type=3","timeQuantum":4992778,"title":"Photos from NJ Burkett's post","type":"photo"},{"content":"I'll have the latest on Eyewitness News at Noon.","profileString":"facebook_page.1592924470936088","postURL":"https://facebook.com/1592924470936088/posts/1998792610349270","avatar":"https://graph.facebook.com/1592924470936088/picture","classification":{"engine":"aylien","language":"en","taxonomy":[{"score":"0.2779","confident":true,"links":[{"link":"https://api.aylien.com/api/v1/classify/taxonomy/iab-qag/IAB2","rel":"self"}],"id":"IAB2","label":"Automotive"},{"score":"0.1469","confident":true,"links":[{"link":"https://api.aylien.com/api/v1/classify/taxonomy/iab-qag/IAB2-4","rel":"self"},{"link":"https://api.aylien.com/api/v1/classify/taxonomy/iab-qag/IAB2","rel":"parent"}],"id":"IAB2-4","label":"Car Culture"}]},"postidString":"facebook_page.1592924470936088_1998792610349270","postMeta":{"inserted":"content-engine"},"timestamp":1497881156,"sharesRcvd":0,"likesRcvd":11,"source":"facebook_page","lastUpdateQuantum":4995658,"name":"NJ Burkett","imageLarge":"https://external.xx.fbcdn.net/safe_image.php?d=AQBBfiGc8_A0qoTM&url=http%3A%2F%2Fcdn.abclocal.go.com%2Fcontent%2Fwabc%2Fimages%2Fcms%2Fautomation%2Fvod%2F2116588_1280x720.jpg&_nc_hash=AQALI9dzxGa3aYP1","repliesRcvd":1,"image":"https://external.xx.fbcdn.net/safe_image.php?d=AQDXz7PvE3_J8QRL&w=130&h=130&url=http%3A%2F%2Fcdn.abclocal.go.com%2Fcontent%2Fwabc%2Fimages%2Fcms%2Fautomation%2Fvod%2F2116588_1280x720.jpg&cfs=1&_nc_hash=AQDDC58xSMqxNujY","username":"njburkett7","link":"http://7ny.tv/2sKfgYP","timeQuantum":4992937,"title":"ABC7NY","type":"link"},{"content":"Keep an eye on the skies, friends!","profileString":"facebook_page.1592924470936088","postURL":"https://facebook.com/1592924470936088/posts/1998843573677507","avatar":"https://graph.facebook.com/1592924470936088/picture","classification":{"engine":"aylien","language":"en","taxonomy":[{"score":"0.3418","confident":true,"links":[{"link":"https://api.aylien.com/api/v1/classify/taxonomy/iab-qag/IAB14-7","rel":"self"},{"link":"https://api.aylien.com/api/v1/classify/taxonomy/iab-qag/IAB14","rel":"parent"}],"id":"IAB14-7","label":"Weddings"},{"score":"0.0712","confident":false,"links":[{"link":"https://api.aylien.com/api/v1/classify/taxonomy/iab-qag/IAB9","rel":"self"}],"id":"IAB9","label":"Hobbies & Interests"},{"score":"0.0595","confident":false,"links":[{"link":"https://api.aylien.com/api/v1/classify/taxonomy/iab-qag/IAB14","rel":"self"}],"id":"IAB14","label":"Society"},{"score":"0.0520","confident":false,"links":[{"link":"https://api.aylien.com/api/v1/classify/taxonomy/iab-qag/IAB9-4","rel":"self"},{"link":"https://api.aylien.com/api/v1/classify/taxonomy/iab-qag/IAB9","rel":"parent"}],"id":"IAB9-4","label":"Birdwatching"}]},"postidString":"facebook_page.1592924470936088_1919904374889039","postMeta":{"inserted":"content-engine"},"timestamp":1497889616,"sharesRcvd":0,"likesRcvd":7,"source":"facebook_page","lastUpdateQuantum":4995658,"name":"NJ Burkett","imageLarge":"https://scontent.xx.fbcdn.net/v/t1.0-9/q82/s720x720/19274759_1919904374889039_7468750043761917352_n.jpg?oh=e9a17162f2eeba92a92c60e86009af90&oe=59D3EA3F","originalID":"1592924470936088_1998843573677507","objectID":"1919904374889039","repliesRcvd":6,"image":"https://scontent.xx.fbcdn.net/v/t1.0-0/q82/s130x130/19274759_1919904374889039_7468750043761917352_n.jpg?oh=c7ca97520bd5da0e4e1f8c3c8b837068&oe=59D12039","username":"njburkett7","link":"https://www.facebook.com/billevans.abc7ny/photos/a.1696672450545567.1073741828.1591715391041274/1919904374889039/?type=3","timeQuantum":4992965,"title":"Bill Evans Meteorologist","type":"photo"},{"content":"‪18% of the graduating class at #Copiague High School are banned from their own graduation ceremony after a senior \"prank\" in the middle of the night.","profileString":"facebook_page.1592924470936088","postURL":"https://facebook.com/1592924470936088/posts/1999479083613956","avatar":"https://graph.facebook.com/1592924470936088/picture","classification":{"engine":"aylien","language":"en","taxonomy":[{"score":"0.3374","confident":true,"links":[{"link":"https://api.aylien.com/api/v1/classify/taxonomy/iab-qag/IAB5","rel":"self"}],"id":"IAB5","label":"Education"},{"score":"0.0963","confident":false,"links":[{"link":"https://api.aylien.com/api/v1/classify/taxonomy/iab-qag/IAB5-10","rel":"self"},{"link":"https://api.aylien.com/api/v1/classify/taxonomy/iab-qag/IAB5","rel":"parent"}],"id":"IAB5-10","label":"Homeschooling"}]},"postidString":"facebook_page.1592924470936088_1999479083613956","postMeta":{"inserted":"content-engine"},"timestamp":1498004316,"sharesRcvd":4,"likesRcvd":34,"source":"facebook_page","lastUpdateQuantum":4995658,"name":"NJ Burkett","imageLarge":"https://external.xx.fbcdn.net/safe_image.php?d=AQAtJ6apyJCtPpJe&url=http%3A%2F%2Fcdn.abclocal.go.com%2Fcontent%2Fwabc%2Fimages%2Fcms%2Fautomation%2Fvod%2F2124058_1280x720.jpg&_nc_hash=AQCkClxIv_hZqChh","repliesRcvd":32,"image":"https://external.xx.fbcdn.net/safe_image.php?d=AQCTB3sqxoOh-aH_&w=130&h=130&url=http%3A%2F%2Fcdn.abclocal.go.com%2Fcontent%2Fwabc%2Fimages%2Fcms%2Fautomation%2Fvod%2F2124058_1280x720.jpg&cfs=1&_nc_hash=AQCmRhSfXKhbGNfk","username":"njburkett7","link":"http://7ny.tv/2tLgmzS","timeQuantum":4993347,"title":"School officials urged to lift graduation ban after prank","type":"link"},{"content":"You have to admire the magnanimity of Mr Blake.  How many of us would let that episode go?","profileString":"facebook_page.1592924470936088","postURL":"https://facebook.com/1592924470936088/posts/1999788700249661","avatar":"https://graph.facebook.com/1592924470936088/picture","classification":{"engine":"aylien","language":"en","taxonomy":[{"score":"0.5661","confident":false,"links":[{"link":"https://api.aylien.com/api/v1/classify/taxonomy/iab-qag/IAB12-3","rel":"self"},{"link":"https://api.aylien.com/api/v1/classify/taxonomy/iab-qag/IAB12","rel":"parent"}],"id":"IAB12-3","label":"Local News"},{"score":"0.4526","confident":false,"links":[{"link":"https://api.aylien.com/api/v1/classify/taxonomy/iab-qag/IAB21-1","rel":"self"},{"link":"https://api.aylien.com/api/v1/classify/taxonomy/iab-qag/IAB21","rel":"parent"}],"id":"IAB21-1","label":"Apartments"},{"score":"0.2542","confident":false,"links":[{"link":"https://api.aylien.com/api/v1/classify/taxonomy/iab-qag/IAB11-2","rel":"self"},{"link":"https://api.aylien.com/api/v1/classify/taxonomy/iab-qag/IAB11","rel":"parent"}],"id":"IAB11-2","label":"Legal Issues"},{"score":"0.2307","confident":false,"links":[{"link":"https://api.aylien.com/api/v1/classify/taxonomy/iab-qag/IAB25-3","rel":"self"},{"link":"https://api.aylien.com/api/v1/classify/taxonomy/iab-qag/IAB25","rel":"parent"}],"id":"IAB25-3","label":"Pornography"},{"score":"0.1310","confident":true,"links":[{"link":"https://api.aylien.com/api/v1/classify/taxonomy/iab-qag/IAB2-4","rel":"self"},{"link":"https://api.aylien.com/api/v1/classify/taxonomy/iab-qag/IAB2","rel":"parent"}],"id":"IAB2-4","label":"Car Culture"},{"score":"0.0755","confident":false,"links":[{"link":"https://api.aylien.com/api/v1/classify/taxonomy/iab-qag/IAB20-21","rel":"self"},{"link":"https://api.aylien.com/api/v1/classify/taxonomy/iab-qag/IAB20","rel":"parent"}],"id":"IAB20-21","label":"Mexico & Central America"},{"score":"0.0595","confident":false,"links":[{"link":"https://api.aylien.com/api/v1/classify/taxonomy/iab-qag/IAB20","rel":"self"}],"id":"IAB20","label":"Travel"},{"score":"0.0577","confident":false,"links":[{"link":"https://api.aylien.com/api/v1/classify/taxonomy/iab-qag/IAB21","rel":"self"}],"id":"IAB21","label":"Real Estate"},{"score":"0.0542","confident":false,"links":[{"link":"https://api.aylien.com/api/v1/classify/taxonomy/iab-qag/IAB25","rel":"self"}],"id":"IAB25","label":"Non-Standard Content"},{"score":"0.0528","confident":false,"links":[{"link":"https://api.aylien.com/api/v1/classify/taxonomy/iab-qag/IAB12","rel":"self"}],"id":"IAB12","label":"News"},{"score":"0.0505","confident":false,"links":[{"link":"https://api.aylien.com/api/v1/classify/taxonomy/iab-qag/IAB11","rel":"self"}],"id":"IAB11","label":"Law, Gov’t & Politics"},{"score":"0.0497","confident":false,"links":[{"link":"https://api.aylien.com/api/v1/classify/taxonomy/iab-qag/IAB2","rel":"self"}],"id":"IAB2","label":"Automotive"}]},"postidString":"facebook_page.1592924470936088_1999788700249661","postMeta":{"inserted":"content-engine"},"timestamp":1498056255,"sharesRcvd":0,"likesRcvd":16,"source":"facebook_page","lastUpdateQuantum":4995658,"name":"NJ Burkett","imageLarge":"https://external.xx.fbcdn.net/safe_image.php?d=AQAOve0E9rzOZQ9V&url=http%3A%2F%2Fcdn.abclocal.go.com%2Fcontent%2Fwabc%2Fimages%2Fcms%2F1022031_1280x720.jpg&_nc_hash=AQBeG5HEefbRNyUx","repliesRcvd":0,"image":"https://external.xx.fbcdn.net/safe_image.php?d=AQA8aozyo4KcTgsA&w=130&h=130&url=http%3A%2F%2Fcdn.abclocal.go.com%2Fcontent%2Fwabc%2Fimages%2Fcms%2F1022031_1280x720.jpg&cfs=1&sx=560&sy=0&sw=720&sh=720&_nc_hash=AQBmgAwZe-jkR8m1","username":"njburkett7","link":"http://7ny.tv/2sPRbiq","timeQuantum":4993520,"title":"ABC7NY","type":"link"},{"content":"This was one of the most bizarre stories I've covered in a long time.  \n\nA runaway bus rolls backwards for three city blocks.  You have to see this cellphone video to believe it.  And no, nobody was killed.","profileString":"facebook_page.1592924470936088","postURL":"https://facebook.com/1592924470936088/posts/2000031540225377","avatar":"https://graph.facebook.com/1592924470936088/picture","classification":{"engine":"aylien","language":"en","taxonomy":[{"score":"0.2697","confident":true,"links":[{"link":"https://api.aylien.com/api/v1/classify/taxonomy/iab-qag/IAB2","rel":"self"}],"id":"IAB2","label":"Automotive"},{"score":"0.0863","confident":false,"links":[{"link":"https://api.aylien.com/api/v1/classify/taxonomy/iab-qag/IAB2-4","rel":"self"},{"link":"https://api.aylien.com/api/v1/classify/taxonomy/iab-qag/IAB2","rel":"parent"}],"id":"IAB2-4","label":"Car Culture"}]},"postidString":"facebook_page.1592924470936088_2000031540225377","postMeta":{"inserted":"content-engine"},"timestamp":1498095076,"sharesRcvd":3,"likesRcvd":44,"source":"facebook_page","lastUpdateQuantum":4995658,"name":"NJ Burkett","imageLarge":"https://external.xx.fbcdn.net/safe_image.php?d=AQDGVKtzsGkq5IfK&url=http%3A%2F%2Fcdn.abclocal.go.com%2Fcontent%2Fwabc%2Fimages%2Fcms%2Fautomation%2Fvod%2F2126308_1280x720.JPG&_nc_hash=AQBLVzVL1IW56UD1","repliesRcvd":9,"image":"https://external.xx.fbcdn.net/safe_image.php?d=AQAEFTZywo8hjc13&w=130&h=130&url=http%3A%2F%2Fcdn.abclocal.go.com%2Fcontent%2Fwabc%2Fimages%2Fcms%2Fautomation%2Fvod%2F2126308_1280x720.JPG&cfs=1&_nc_hash=AQCRgcDwiRSCLjMX","username":"njburkett7","link":"http://abc7ny.com/news/crazy-video-runaway-bus-rolls-backwards-slams-into-church/2126018/","timeQuantum":4993650,"title":"Crazy video: Runaway bus rolls backwards, slams into church","type":"link"},{"content":"When Gabe Pressman spoke, you listened.  Not just because he was Gabe Pressman, but because he had something to say.  And because you wanted to know what Gabe thought about just about everything.  \n\nInsightful, thoughtful, wise.  And kind.  Those are the words I'd use to describe a man I admired deeply and respected thoroughly.  Gabe passed away overnight at the age of 93.  \n\nYou may not know this, but Gabe was the original television news reporter.  The first TV newsman to go into the street with portable equipment to cover stories in the field.\n\nGabe and I became friends several years ago, after I was inducted into the Inner Circle of City Hall Journalists, where Gabe began performing in the annual show some forty years earlier.  He cared passionately about journalism and was a fierce defender the First Amendment.  \n\nAnd even into his nineties, he was still belting out songs onstage at the Inner Circle Show.  As sharp and as engaged as ever.  \n\n\"Over the course of his long and distinguished career,\" Gov Andrew Cuomo said today, \"Gabe was the North Star for several generations of New York reporters, fighting doggedly to hold public officials accountable and to protect the rights of the press.\"  The Governor was absolutely right, and I was one of those reporters.  \n\nThe word icon is overused these days.  But Gabe was an icon.  He loved journalism and he loved New York City.","profileString":"facebook_page.1592924470936088","postURL":"https://facebook.com/1592924470936088/posts/2000949823466882","avatar":"https://graph.facebook.com/1592924470936088/picture","classification":{"engine":"aylien","language":"en","taxonomy":[{"score":"0.4553","confident":false,"links":[{"link":"https://api.aylien.com/api/v1/classify/taxonomy/iab-qag/IAB12-2","rel":"self"},{"link":"https://api.aylien.com/api/v1/classify/taxonomy/iab-qag/IAB12","rel":"parent"}],"id":"IAB12-2","label":"National News"},{"score":"0.1934","confident":false,"links":[{"link":"https://api.aylien.com/api/v1/classify/taxonomy/iab-qag/IAB1-4","rel":"self"},{"link":"https://api.aylien.com/api/v1/classify/taxonomy/iab-qag/IAB1","rel":"parent"}],"id":"IAB1-4","label":"Humor"},{"score":"0.0746","confident":false,"links":[{"link":"https://api.aylien.com/api/v1/classify/taxonomy/iab-qag/IAB12","rel":"self"}],"id":"IAB12","label":"News"},{"score":"0.0726","confident":false,"links":[{"link":"https://api.aylien.com/api/v1/classify/taxonomy/iab-qag/IAB1","rel":"self"}],"id":"IAB1","label":"Arts & Entertainment"}]},"postidString":"facebook_page.1592924470936088_2000948986800299","postMeta":{"inserted":"content-engine"},"timestamp":1498240967,"sharesRcvd":4,"likesRcvd":200,"source":"facebook_page","lastUpdateQuantum":4995829,"name":"NJ Burkett","imageLarge":"https://scontent.xx.fbcdn.net/v/t1.0-0/p180x540/19366388_2000948986800299_3821584253201649748_n.jpg?oh=3e9b73f0b7d0266cf139363788724742&oe=59D7CF53","originalID":"1592924470936088_2000949823466882","objectID":"2000948986800299","repliesRcvd":25,"image":"https://scontent.xx.fbcdn.net/v/t1.0-0/s130x130/19366388_2000948986800299_3821584253201649748_n.jpg?oh=2b02e46f824a822ae880b7bf10149b77&oe=59D1B82F","username":"njburkett7","link":"https://www.facebook.com/njburkett7/photos/a.1594023234159545.1073741829.1592924470936088/2000948986800299/?type=3","timeQuantum":4994136,"title":"Photos from NJ Burkett's post","type":"photo"},{"content":"Human error was the cause of Tuesday's A-Train derailment in Harlem.  \n\nWe broke the story on Eyewitness News at 11 and, minutes after our report, the MTA issued a statement confirming it: \n\n\"The preliminary investigation of Tuesday morning's  train derailment indicates the cause was an improperly secured piece of replacement rail that was stored on the tracks; the cause appears to be human error, not a track defect. \n\n\"Storing equipment in between tracks is a common practice employed by railroads across the country to accelerate rail repairs. The key to this being an effective and safe practice is making sure that the extra equipment is properly bolted down, which does not appear to have happened in this case. \n\n\"NYCT is inspecting every inch of rail to ensure that each and every replacement part is properly stored and secured. Nothing is more important than the safety of our customers. \n\n\"The investigation into this incident continues.\"","profileString":"facebook_page.1592924470936088","postURL":"https://facebook.com/1592924470936088/posts/2003252549903276","avatar":"https://graph.facebook.com/1592924470936088/picture","classification":{"engine":"aylien","language":"en","taxonomy":[{"score":"0.3047","links":[{"rel":"self","link":"https://api.aylien.com/api/v1/classify/taxonomy/iab-qag/IAB2"}],"label":"Automotive","id":"IAB2","confident":true},{"score":"0.1034","links":[{"rel":"self","link":"https://api.aylien.com/api/v1/classify/taxonomy/iab-qag/IAB2-2"},{"rel":"parent","link":"https://api.aylien.com/api/v1/classify/taxonomy/iab-qag/IAB2"}],"label":"Auto Repair","id":"IAB2-2","confident":true}]},"postidString":"facebook_page.1592924470936088_2003252549903276","postMeta":{"inserted":"content-engine"},"timestamp":1498623485,"sharesRcvd":4,"likesRcvd":17,"source":"facebook_page","lastUpdateQuantum":4995829,"name":"NJ Burkett","imageLarge":"https://external.xx.fbcdn.net/safe_image.php?d=AQCd3W6F7Ox7gnsF&url=http%3A%2F%2Fcdn.abclocal.go.com%2Fcontent%2Fwabc%2Fimages%2Fcms%2Fautomation%2Fvod%2F2156577_1280x720.jpg&_nc_hash=AQDJ6YM396mmLu31","repliesRcvd":4,"image":"https://external.xx.fbcdn.net/safe_image.php?d=AQCWwPd1ZijBwKga&w=130&h=130&url=http%3A%2F%2Fcdn.abclocal.go.com%2Fcontent%2Fwabc%2Fimages%2Fcms%2Fautomation%2Fvod%2F2156577_1280x720.jpg&cfs=1&_nc_hash=AQCwnDLVEV94CeC0","username":"njburkett7","link":"http://abc7ny.com/traffic/sources-a-train-derailment-caused-by-unsecured-rail/2154319/","timeQuantum":4995411,"type":"link","title":"Sources: 'A' train derailment caused by unsecured rail"}]