[{"content":"Working on an incredible innovative idea for CNN's virtual reality unit. It involved climbing the Brooklyn Bridge with the NYPD's elite ESU unit. It was exhilarating and terrifying. I can't wait till you guys see this!!","profileString":"facebook_page.377963525573766","postURL":"https://facebook.com/377963525573766/posts/1340098442693598","avatar":"https://graph.facebook.com/377963525573766/picture","classification":{"engine":"aylien","language":"en","taxonomy":[{"score":"0.0673","confident":false,"links":[{"link":"https://api.aylien.com/api/v1/classify/taxonomy/iab-qag/IAB9","rel":"self"}],"id":"IAB9","label":"Hobbies & Interests"},{"score":"0.0524","confident":false,"links":[{"link":"https://api.aylien.com/api/v1/classify/taxonomy/iab-qag/IAB9-23","rel":"self"},{"link":"https://api.aylien.com/api/v1/classify/taxonomy/iab-qag/IAB9","rel":"parent"}],"id":"IAB9-23","label":"Photography"}]},"postidString":"facebook_page.377963525573766_1340098206026955","postMeta":{"inserted":"content-engine"},"timestamp":1498150704,"sharesRcvd":0,"likesRcvd":34,"source":"facebook_page","lastUpdateQuantum":4995832,"name":"Brynn Gingras","imageLarge":"https://scontent.xx.fbcdn.net/v/t1.0-0/p180x540/19424266_1340098206026955_6703552848225464681_n.jpg?oh=7ed0cbeb89e577b87064440e75a24292&oe=59CA1093","originalID":"377963525573766_1340098442693598","objectID":"1340098206026955","repliesRcvd":5,"image":"https://scontent.xx.fbcdn.net/v/t1.0-0/s130x130/19424266_1340098206026955_6703552848225464681_n.jpg?oh=8128c0977045f4cfe94ed140dc0972a3&oe=59CF1AEF","username":"BrynnCNN","link":"https://www.facebook.com/BrynnCNN/photos/a.624226090947507.1073741825.377963525573766/1340098206026955/?type=3","timeQuantum":4993835,"title":"Photos from Brynn Gingras's post","type":"photo"},{"content":"Incredibly sad to hear this news. He was a legend in New York, a legend in journalism.  I felt honored to even share an elevator with him at 30 Rock. Thinking of my friends at WNBC today.","profileString":"facebook_page.377963525573766","postURL":"https://facebook.com/377963525573766/posts/1340882399281869","avatar":"https://graph.facebook.com/377963525573766/picture","classification":{"engine":"aylien","language":"en","taxonomy":[{"score":"0.6654","confident":false,"links":[{"link":"https://api.aylien.com/api/v1/classify/taxonomy/iab-qag/IAB12-2","rel":"self"},{"link":"https://api.aylien.com/api/v1/classify/taxonomy/iab-qag/IAB12","rel":"parent"}],"id":"IAB12-2","label":"National News"},{"score":"0.1229","confident":true,"links":[{"link":"https://api.aylien.com/api/v1/classify/taxonomy/iab-qag/IAB12","rel":"self"}],"id":"IAB12","label":"News"}]},"postidString":"facebook_page.377963525573766_1340882399281869","postMeta":{"inserted":"content-engine"},"timestamp":1498221315,"sharesRcvd":4,"likesRcvd":32,"source":"facebook_page","lastUpdateQuantum":4995832,"name":"Brynn Gingras","imageLarge":"https://external.xx.fbcdn.net/safe_image.php?d=AQAL_fldQeWzU9MH&url=http%3A%2F%2Fmedia.nbcnewyork.com%2Fimages%2F1200%2A675%2Fgabe-pressman-90.jpg&_nc_hash=AQAt_sth2Cfy5q_h","repliesRcvd":2,"image":"https://external.xx.fbcdn.net/safe_image.php?d=AQDI0zLlT-fXpbqA&w=130&h=130&url=http%3A%2F%2Fmedia.nbcnewyork.com%2Fimages%2F1200%2A675%2Fgabe-pressman-90.jpg&cfs=1&sx=175&sy=0&sw=675&sh=675&_nc_hash=AQD5FaD5ffRa27mC","username":"BrynnCNN","link":"http://www.nbcnewyork.com/news/local/Gabe-Pressman-WNBC-Dead-430323423.html","timeQuantum":4994071,"title":"New York Legend Gabe Pressman Dead at 93","type":"link"}]