[{"content":"Must see TV!\nhttps://www.facebook.com/SteveLacyNYC/videos/1388772497856109/","profileString":"facebook_page.218336981520938","postURL":"https://facebook.com/218336981520938/posts/1445351198819504","avatar":"https://graph.facebook.com/218336981520938/picture","classification":{"engine":"aylien","language":"en","taxonomy":[{"score":"0.4210","confident":true,"links":[{"link":"https://api.aylien.com/api/v1/classify/taxonomy/iab-qag/IAB1-7","rel":"self"},{"link":"https://api.aylien.com/api/v1/classify/taxonomy/iab-qag/IAB1","rel":"parent"}],"id":"IAB1-7","label":"Television"},{"score":"0.0935","confident":true,"links":[{"link":"https://api.aylien.com/api/v1/classify/taxonomy/iab-qag/IAB1","rel":"self"}],"id":"IAB1","label":"Arts & Entertainment"},{"score":"0.0812","confident":true,"links":[{"link":"https://api.aylien.com/api/v1/classify/taxonomy/iab-qag/IAB9","rel":"self"}],"id":"IAB9","label":"Hobbies & Interests"},{"score":"0.0535","confident":false,"links":[{"link":"https://api.aylien.com/api/v1/classify/taxonomy/iab-qag/IAB9-28","rel":"self"},{"link":"https://api.aylien.com/api/v1/classify/taxonomy/iab-qag/IAB9","rel":"parent"}],"id":"IAB9-28","label":"Screenwriting"}]},"postidString":"facebook_page.218336981520938_1445351198819504","postMeta":{"inserted":"content-engine"},"timestamp":1496937711,"sharesRcvd":0,"likesRcvd":21,"source":"facebook_page","lastUpdateQuantum":4995257,"name":"Anna Lacy","imageLarge":"https://scontent.xx.fbcdn.net/v/t15.0-10/s720x720/19048127_1388782234521802_890547110749929472_n.jpg?oh=05c45e50901fcd1c1d84b8e10ac50834&oe=59ABBE76","repliesRcvd":2,"image":"https://scontent.xx.fbcdn.net/v/t15.0-10/s130x130/19048127_1388782234521802_890547110749929472_n.jpg?oh=25d187d3fa5206cbdd396cc46efe7125&oe=59D7DECC","username":"AnnaGilliganNYC","link":"https://www.facebook.com/SteveLacyNYC/videos/1388772497856109/","timeQuantum":4989792,"video":"https://video.xx.fbcdn.net/v/t42.1790-2/19019095_1450927125205768_7747033915696611328_n.mp4?efg=eyJybHIiOjU1OSwicmxhIjo1MTIsInZlbmNvZGVfdGFnIjoic3ZlX3NkIn0%3D&rl=559&vabr=311&oh=31902480c3b190332118d243633a0113&oe=593B4D30","title":"Steve Lacy","type":"video"}]