[{"content":"Looking into long work hours as a possible factor in January's LIRR train crash. The engineer who doesn't remember crashing into station tells us fatigue was NOT an issue. https://www.facebook.com/ABC7NY/videos/10154698184979091/","profileString":"facebook_page.204243346253158","postURL":"https://facebook.com/204243346253158/posts/1550749508269195","avatar":"https://graph.facebook.com/204243346253158/picture","classification":{"engine":"aylien","language":"en","taxonomy":[{"score":"0.0906","links":[{"rel":"self","link":"https://api.aylien.com/api/v1/classify/taxonomy/iab-qag/IAB2-23"},{"rel":"parent","link":"https://api.aylien.com/api/v1/classify/taxonomy/iab-qag/IAB2"}],"label":"Wagon","id":"IAB2-23","confident":true},{"score":"0.0706","links":[{"rel":"self","link":"https://api.aylien.com/api/v1/classify/taxonomy/iab-qag/IAB2"}],"label":"Automotive","id":"IAB2","confident":false},{"score":"0.0703","links":[{"rel":"self","link":"https://api.aylien.com/api/v1/classify/taxonomy/iab-qag/IAB9"}],"label":"Hobbies & Interests","id":"IAB9","confident":false},{"score":"0.0473","links":[{"rel":"self","link":"https://api.aylien.com/api/v1/classify/taxonomy/iab-qag/IAB9-23"},{"rel":"parent","link":"https://api.aylien.com/api/v1/classify/taxonomy/iab-qag/IAB9"}],"label":"Photography","id":"IAB9-23","confident":false}]},"postidString":"facebook_page.204243346253158_1550749508269195","postMeta":{"inserted":"content-engine"},"timestamp":1493304388,"sharesRcvd":0,"likesRcvd":5,"source":"facebook_page","lastUpdateQuantum":4983675,"name":"Jim Hoffer","imageLarge":"https://scontent.xx.fbcdn.net/v/t15.0-10/s720x720/18174982_10154698197094091_6836584785490477056_n.jpg?oh=2aaae085e9692dc0e864f23b5a24d97c&oe=598F1EE5","repliesRcvd":2,"image":"https://scontent.xx.fbcdn.net/v/t15.0-10/s130x130/18174982_10154698197094091_6836584785490477056_n.jpg?oh=884127da643875f4ef950a0222c09812&oe=5975D517","username":"jimhoffer.wabc","link":"https://www.facebook.com/ABC7NY/videos/10154698184979091/","timeQuantum":4977681,"video":"https://scontent.xx.fbcdn.net/v/t42.1790-4/18163596_126050904608235_3262131449196707840_n.mp4?efg=eyJ2ZW5jb2RlX3RhZyI6InN2ZV9zZCJ9&oh=b562985a530c0cede0403ab5961a6a92&oe=590508A4","type":"video","title":"ABC7NY"},{"content":"It took us weeks and a Freedom of Information filing to find out the salary of the Engineer in the LIRR crash.  Why is that important? Because it sheds light on overtime which if excessive could contribute to fatigue: http://7ny.tv/2qc9870","profileString":"facebook_page.204243346253158","postURL":"https://facebook.com/204243346253158/posts/1551159701561509","avatar":"https://graph.facebook.com/204243346253158/picture","classification":{"engine":"aylien","language":"en","taxonomy":[{"score":"0.1198","confident":true,"links":[{"link":"https://api.aylien.com/api/v1/classify/taxonomy/iab-qag/IAB2-2","rel":"self"},{"link":"https://api.aylien.com/api/v1/classify/taxonomy/iab-qag/IAB2","rel":"parent"}],"id":"IAB2-2","label":"Auto Repair"},{"score":"0.0891","confident":true,"links":[{"link":"https://api.aylien.com/api/v1/classify/taxonomy/iab-qag/IAB2","rel":"self"}],"id":"IAB2","label":"Automotive"}]},"postidString":"facebook_page.204243346253158_1551159701561509","postMeta":{"inserted":"content-engine"},"timestamp":1493339247,"sharesRcvd":1,"likesRcvd":14,"source":"facebook_page","lastUpdateQuantum":4983675,"name":"Jim Hoffer","imageLarge":"https://external.xx.fbcdn.net/safe_image.php?d=AQAiSI7pz_0PzOlg&url=http%3A%2F%2Fcdn.abclocal.go.com%2Fcontent%2Fwabc%2Fimages%2Fcms%2F1708780_1280x720.jpg&_nc_hash=AQCwXb7govxYypDx","repliesRcvd":3,"image":"https://external.xx.fbcdn.net/safe_image.php?d=AQDjpCpSSFaOQvrz&w=130&h=130&url=http%3A%2F%2Fcdn.abclocal.go.com%2Fcontent%2Fwabc%2Fimages%2Fcms%2F1708780_1280x720.jpg&cfs=1&_nc_hash=AQDHmSkFeZ8iXhkL","username":"jimhoffer.wabc","link":"http://7ny.tv/2qc9870","timeQuantum":4977797,"title":"EXCLUSIVE: Was fatigue a factor in January LIRR crash?","type":"link"},{"content":"Governor Cuomo says he doesn't believe in ghosts but says creepy noises in governor' mansion are keeping him up at night. http://tinyurl.com/k9suavv","profileString":"facebook_page.204243346253158","postURL":"https://facebook.com/204243346253158/posts/1558397710837708","avatar":"https://graph.facebook.com/204243346253158/picture","classification":{"engine":"aylien","language":"en","taxonomy":[{"score":"0.1909","confident":false,"links":[{"link":"https://api.aylien.com/api/v1/classify/taxonomy/iab-qag/IAB25-2","rel":"self"},{"link":"https://api.aylien.com/api/v1/classify/taxonomy/iab-qag/IAB25","rel":"parent"}],"id":"IAB25-2","label":"Extreme Graphic/Explicit Violence"},{"score":"0.0677","confident":false,"links":[{"link":"https://api.aylien.com/api/v1/classify/taxonomy/iab-qag/IAB9","rel":"self"}],"id":"IAB9","label":"Hobbies & Interests"},{"score":"0.0543","confident":false,"links":[{"link":"https://api.aylien.com/api/v1/classify/taxonomy/iab-qag/IAB25","rel":"self"}],"id":"IAB25","label":"Non-Standard Content"},{"score":"0.0507","confident":false,"links":[{"link":"https://api.aylien.com/api/v1/classify/taxonomy/iab-qag/IAB9-9","rel":"self"},{"link":"https://api.aylien.com/api/v1/classify/taxonomy/iab-qag/IAB9","rel":"parent"}],"id":"IAB9-9","label":"Cigars"}]},"postidString":"facebook_page.204243346253158_1558397710837708","postMeta":{"inserted":"content-engine"},"timestamp":1493990620,"sharesRcvd":0,"likesRcvd":12,"source":"facebook_page","lastUpdateQuantum":4983819,"name":"Jim Hoffer","imageLarge":"https://scontent.xx.fbcdn.net/v/t1.0-0/p180x540/18268305_1558397710837708_1278549608711682857_n.jpg?oh=ee09419ecad18d015620080d6c9183c5&oe=59BA2827","objectID":"1558397710837708","repliesRcvd":2,"image":"https://scontent.xx.fbcdn.net/v/t1.0-0/s130x130/18268305_1558397710837708_1278549608711682857_n.jpg?oh=5730eefc85620eb4e14e966f93dc2440&oe=59BC865B","username":"jimhoffer.wabc","link":"https://www.facebook.com/jimhoffer.wabc/photos/a.514188021925354.119743.204243346253158/1558397710837708/?type=3","timeQuantum":4979968,"title":"Timeline Photos","type":"photo"},{"content":"Our investigation leads city inspectors to shut down construction site. https://www.facebook.com/ABC7NY/videos/10154724773539091/","profileString":"facebook_page.204243346253158","postURL":"https://facebook.com/204243346253158/posts/1561641287180017","avatar":"https://graph.facebook.com/204243346253158/picture","classification":{"engine":"aylien","language":"en","taxonomy":[{"score":"0.6422","confident":true,"links":[{"link":"https://api.aylien.com/api/v1/classify/taxonomy/iab-qag/IAB25-6","rel":"self"},{"link":"https://api.aylien.com/api/v1/classify/taxonomy/iab-qag/IAB25","rel":"parent"}],"id":"IAB25-6","label":"Under Construction"},{"score":"0.0985","confident":true,"links":[{"link":"https://api.aylien.com/api/v1/classify/taxonomy/iab-qag/IAB25","rel":"self"}],"id":"IAB25","label":"Non-Standard Content"}]},"postidString":"facebook_page.204243346253158_1561641287180017","postMeta":{"inserted":"content-engine"},"timestamp":1494258189,"sharesRcvd":0,"likesRcvd":14,"source":"facebook_page","lastUpdateQuantum":4984296,"name":"Jim Hoffer","imageLarge":"https://scontent.xx.fbcdn.net/v/t15.0-10/18340074_10154724783304091_3846550307748184064_n.jpg?oh=37e62ad016fdbc14e56b3c486b70686a&oe=59790CD9","repliesRcvd":1,"image":"https://scontent.xx.fbcdn.net/v/t15.0-10/p130x130/18340074_10154724783304091_3846550307748184064_n.jpg?oh=4afbd1ec7bb900f5594e5689bb80f535&oe=59B48823","username":"jimhoffer.wabc","link":"https://www.facebook.com/ABC7NY/videos/10154724773539091/","timeQuantum":4980860,"video":"https://scontent.xx.fbcdn.net/v/t42.1790-4/18329044_1933009826957477_6124604315916042240_n.mp4?efg=eyJ2ZW5jb2RlX3RhZyI6InN2ZV9zZCJ9&oh=e9754e7850eaa6abd9eb0a96ffc155a0&oe=5912B7FB","title":"ABC7NY","type":"video"},{"content":"In a city as large as NY, it would be impossible to watch over every construction site. But this Bronx building has been in the news before. So why did it take our investigation for city to shut it down AGAIN for safety reasons. http://7ny.tv/2qjkDg5","profileString":"facebook_page.204243346253158","postURL":"https://facebook.com/204243346253158/posts/1562006973810115","avatar":"https://graph.facebook.com/204243346253158/picture","classification":{"engine":"aylien","language":"en","taxonomy":[{"score":"0.4330","confident":false,"links":[{"link":"https://api.aylien.com/api/v1/classify/taxonomy/iab-qag/IAB21-1","rel":"self"},{"link":"https://api.aylien.com/api/v1/classify/taxonomy/iab-qag/IAB21","rel":"parent"}],"id":"IAB21-1","label":"Apartments"},{"score":"0.1942","confident":true,"links":[{"link":"https://api.aylien.com/api/v1/classify/taxonomy/iab-qag/IAB21","rel":"self"}],"id":"IAB21","label":"Real Estate"}]},"postidString":"facebook_page.204243346253158_1562006973810115","postMeta":{"inserted":"content-engine"},"timestamp":1494286045,"sharesRcvd":3,"likesRcvd":16,"source":"facebook_page","lastUpdateQuantum":4984296,"name":"Jim Hoffer","imageLarge":"https://external.xx.fbcdn.net/safe_image.php?d=AQConcpT5MZoNn-h&url=http%3A%2F%2Fcdn.abclocal.go.com%2Fcontent%2Fwabc%2Fimages%2Fcms%2F1968953_1280x720.jpg&_nc_hash=AQAUht0BI8AS-cPl","repliesRcvd":1,"image":"https://external.xx.fbcdn.net/safe_image.php?d=AQBvEPlD_Spb6jxR&w=130&h=130&url=http%3A%2F%2Fcdn.abclocal.go.com%2Fcontent%2Fwabc%2Fimages%2Fcms%2F1968953_1280x720.jpg&cfs=1&_nc_hash=AQBslejx6NcmDwzA","username":"jimhoffer.wabc","link":"http://7ny.tv/2qjkDg5","timeQuantum":4980953,"title":"Exclusive: Construction on Bronx high-rise shut down again","type":"link"},{"content":"A joint investigation today with ABC's Chief Investigative Correspondent Brian Ross on fires involving parked BMW cars. https://www.facebook.com/ABC7NY/videos/10154735943079091/","profileString":"facebook_page.204243346253158","postURL":"https://facebook.com/204243346253158/posts/1563467640330715","avatar":"https://graph.facebook.com/204243346253158/picture","classification":{"engine":"aylien","language":"en","taxonomy":[{"score":"0.1561","confident":true,"links":[{"link":"https://api.aylien.com/api/v1/classify/taxonomy/iab-qag/IAB2","rel":"self"}],"id":"IAB2","label":"Automotive"},{"score":"0.0748","confident":false,"links":[{"link":"https://api.aylien.com/api/v1/classify/taxonomy/iab-qag/IAB2-13","rel":"self"},{"link":"https://api.aylien.com/api/v1/classify/taxonomy/iab-qag/IAB2","rel":"parent"}],"id":"IAB2-13","label":"Luxury"}]},"postidString":"facebook_page.204243346253158_1563467640330715","postMeta":{"inserted":"content-engine"},"timestamp":1494422344,"sharesRcvd":3,"likesRcvd":5,"source":"facebook_page","lastUpdateQuantum":4984296,"name":"Jim Hoffer","imageLarge":"https://scontent.xx.fbcdn.net/v/t1.0-9/s720x720/18423783_1563467640330715_4851284167604859610_n.jpg?oh=e85484c2d3cdae63f592e8c90c8fe750&oe=59B7DF14","objectID":"1563467640330715","repliesRcvd":1,"image":"https://scontent.xx.fbcdn.net/v/t1.0-0/s130x130/18423783_1563467640330715_4851284167604859610_n.jpg?oh=91bb5677887af749a1367dbc88560881&oe=597E0E01","username":"jimhoffer.wabc","link":"https://www.facebook.com/jimhoffer.wabc/photos/a.514188021925354.119743.204243346253158/1563467640330715/?type=3","timeQuantum":4981407,"title":"Timeline Photos","type":"photo"},{"content":"Forty three cases of parked BMW cars igniting uncovered in our joint investigation with ABC News.  The number of mystery BMW fires likely to grow: http://7ny.tv/2qU7LND","profileString":"facebook_page.204243346253158","postURL":"https://facebook.com/204243346253158/posts/1564029353607877","avatar":"https://graph.facebook.com/204243346253158/picture","classification":{"engine":"aylien","language":"en","taxonomy":[{"score":"0.4361","confident":true,"links":[{"link":"https://api.aylien.com/api/v1/classify/taxonomy/iab-qag/IAB2","rel":"self"}],"id":"IAB2","label":"Automotive"},{"score":"0.0846","confident":false,"links":[{"link":"https://api.aylien.com/api/v1/classify/taxonomy/iab-qag/IAB2-2","rel":"self"},{"link":"https://api.aylien.com/api/v1/classify/taxonomy/iab-qag/IAB2","rel":"parent"}],"id":"IAB2-2","label":"Auto Repair"}]},"postidString":"facebook_page.204243346253158_1564029353607877","postMeta":{"inserted":"content-engine"},"timestamp":1494461957,"sharesRcvd":6,"likesRcvd":8,"source":"facebook_page","lastUpdateQuantum":4983513,"name":"Jim Hoffer","imageLarge":"https://external.xx.fbcdn.net/safe_image.php?d=AQC0MFQdZmA2IvCX&url=http%3A%2F%2Fcdn.abclocal.go.com%2Fcontent%2Fwabc%2Fimages%2Fcms%2F1977023_1280x720.jpg&_nc_hash=AQCYpXCfYrmgrCqb","repliesRcvd":6,"image":"https://external.xx.fbcdn.net/safe_image.php?d=AQA8tNA-MzVxDoxF&w=130&h=130&url=http%3A%2F%2Fcdn.abclocal.go.com%2Fcontent%2Fwabc%2Fimages%2Fcms%2F1977023_1280x720.jpg&cfs=1&_nc_hash=AQDH_BBB9vYoFU1o","username":"jimhoffer.wabc","link":"http://7ny.tv/2qU7LND","timeQuantum":4981539,"title":"Exclusive: BMWs mysteriously bursting into flames","type":"link"},{"content":"ABC7NY","profileString":"facebook_page.204243346253158","postURL":"https://facebook.com/204243346253158/posts/1569120963098716","avatar":"https://graph.facebook.com/204243346253158/picture","classification":{"engine":"aylien","language":"en","taxonomy":[{"score":"0.0741","confident":false,"links":[{"link":"https://api.aylien.com/api/v1/classify/taxonomy/iab-qag/IAB9","rel":"self"}],"id":"IAB9","label":"Hobbies & Interests"},{"score":"0.0515","confident":false,"links":[{"link":"https://api.aylien.com/api/v1/classify/taxonomy/iab-qag/IAB9-4","rel":"self"},{"link":"https://api.aylien.com/api/v1/classify/taxonomy/iab-qag/IAB9","rel":"parent"}],"id":"IAB9-4","label":"Birdwatching"}]},"postidString":"facebook_page.204243346253158_1569120963098716","postMeta":{"inserted":"content-engine"},"timestamp":1494870212,"sharesRcvd":0,"likesRcvd":4,"source":"facebook_page","lastUpdateQuantum":4984422,"name":"Jim Hoffer","imageLarge":"https://scontent.xx.fbcdn.net/v/t15.0-10/18467295_10154745066694091_8736204814276362240_n.jpg?oh=c8507a18ec7f5979726cafc01dec75cb&oe=59B9212A","repliesRcvd":0,"image":"https://scontent.xx.fbcdn.net/v/t15.0-10/p130x130/18467295_10154745066694091_8736204814276362240_n.jpg?oh=04e108186706ea03992fa5b07b76871b&oe=59776FD0","username":"jimhoffer.wabc","link":"https://www.facebook.com/ABC7NY/videos/10154745061854091/","timeQuantum":4982900,"video":"https://scontent.xx.fbcdn.net/v/t42.1790-4/18482331_716350218555479_6301346158631452672_n.mp4?efg=eyJ2ZW5jb2RlX3RhZyI6InN2ZV9zZCJ9&oh=82bc3f22099bd1077260c3c3e5296b18&oe=591C988A","title":"ABC7NY","type":"video"},{"content":"Learjet slams into building attempting to land at Teterboro airport. Plane took off from Philadelphia. FAA heading to scene. @GodwinClassic33","profileString":"facebook_page.204243346253158","postURL":"https://facebook.com/204243346253158/posts/1569217896422356","avatar":"https://graph.facebook.com/204243346253158/picture","classification":{"engine":"aylien","language":"en","taxonomy":[{"score":"0.3919","confident":false,"links":[{"link":"https://api.aylien.com/api/v1/classify/taxonomy/iab-qag/IAB21-1","rel":"self"},{"link":"https://api.aylien.com/api/v1/classify/taxonomy/iab-qag/IAB21","rel":"parent"}],"id":"IAB21-1","label":"Apartments"},{"score":"0.2391","confident":false,"links":[{"link":"https://api.aylien.com/api/v1/classify/taxonomy/iab-qag/IAB10-9","rel":"self"},{"link":"https://api.aylien.com/api/v1/classify/taxonomy/iab-qag/IAB10","rel":"parent"}],"id":"IAB10-9","label":"Remodeling & Construction"},{"score":"0.1877","confident":false,"links":[{"link":"https://api.aylien.com/api/v1/classify/taxonomy/iab-qag/IAB25-2","rel":"self"},{"link":"https://api.aylien.com/api/v1/classify/taxonomy/iab-qag/IAB25","rel":"parent"}],"id":"IAB25-2","label":"Extreme Graphic/Explicit Violence"},{"score":"0.1086","confident":true,"links":[{"link":"https://api.aylien.com/api/v1/classify/taxonomy/iab-qag/IAB2-16","rel":"self"},{"link":"https://api.aylien.com/api/v1/classify/taxonomy/iab-qag/IAB2","rel":"parent"}],"id":"IAB2-16","label":"Off-Road Vehicles"},{"score":"0.0651","confident":false,"links":[{"link":"https://api.aylien.com/api/v1/classify/taxonomy/iab-qag/IAB20-27","rel":"self"},{"link":"https://api.aylien.com/api/v1/classify/taxonomy/iab-qag/IAB20","rel":"parent"}],"id":"IAB20-27","label":"United Kingdom"},{"score":"0.0612","confident":false,"links":[{"link":"https://api.aylien.com/api/v1/classify/taxonomy/iab-qag/IAB9","rel":"self"}],"id":"IAB9","label":"Hobbies & Interests"},{"score":"0.0584","confident":false,"links":[{"link":"https://api.aylien.com/api/v1/classify/taxonomy/iab-qag/IAB25","rel":"self"}],"id":"IAB25","label":"Non-Standard Content"},{"score":"0.0555","confident":false,"links":[{"link":"https://api.aylien.com/api/v1/classify/taxonomy/iab-qag/IAB10","rel":"self"}],"id":"IAB10","label":"Home & Garden"},{"score":"0.0550","confident":false,"links":[{"link":"https://api.aylien.com/api/v1/classify/taxonomy/iab-qag/IAB9-31","rel":"self"},{"link":"https://api.aylien.com/api/v1/classify/taxonomy/iab-qag/IAB9","rel":"parent"}],"id":"IAB9-31","label":"Woodworking"},{"score":"0.0532","confident":false,"links":[{"link":"https://api.aylien.com/api/v1/classify/taxonomy/iab-qag/IAB21","rel":"self"}],"id":"IAB21","label":"Real Estate"},{"score":"0.0527","confident":false,"links":[{"link":"https://api.aylien.com/api/v1/classify/taxonomy/iab-qag/IAB2","rel":"self"}],"id":"IAB2","label":"Automotive"},{"score":"0.0523","confident":false,"links":[{"link":"https://api.aylien.com/api/v1/classify/taxonomy/iab-qag/IAB20","rel":"self"}],"id":"IAB20","label":"Travel"}]},"postidString":"facebook_page.204243346253158_1569217896422356","postMeta":{"inserted":"content-engine"},"timestamp":1494879223,"sharesRcvd":1,"likesRcvd":3,"source":"facebook_page","lastUpdateQuantum":4984422,"name":"Jim Hoffer","imageLarge":"https://scontent.xx.fbcdn.net/v/t15.0-10/s720x720/18555670_1569223469755132_6337066160386736128_n.jpg?oh=f1e6e7a6d9699584394ff8bc868e3d87&oe=597A577E","objectID":"1569217896422356","repliesRcvd":1,"image":"https://scontent.xx.fbcdn.net/v/t15.0-10/s130x130/18555670_1569223469755132_6337066160386736128_n.jpg?oh=cbf063662c1944b2d07a4304ec0d1f1f&oe=59B3245C","username":"jimhoffer.wabc","link":"https://www.facebook.com/jimhoffer.wabc/videos/1569217896422356/","timeQuantum":4982930,"video":"https://video.xx.fbcdn.net/v/t42.1790-2/18529972_431262037248673_8188192821535047680_n.mp4?efg=eyJybHIiOjQ1MywicmxhIjo1MTIsInZlbmNvZGVfdGFnIjoic3ZlX3NkIn0%3D&rl=453&vabr=252&oh=416fc5d20746ddf1c9fa44ed50e722d7&oe=591C6AE4","type":"video"},{"content":"Federal government is teaching flight attendants self-defense to protect against unruly passengers. Good idea or not? \nhttp://7ny.tv/2pHZKLM","profileString":"facebook_page.204243346253158","postURL":"https://facebook.com/204243346253158/posts/1570365359640943","avatar":"https://graph.facebook.com/204243346253158/picture","classification":{"engine":"aylien","language":"en","taxonomy":[{"score":"0.4577","confident":false,"links":[{"link":"https://api.aylien.com/api/v1/classify/taxonomy/iab-qag/IAB12-3","rel":"self"},{"link":"https://api.aylien.com/api/v1/classify/taxonomy/iab-qag/IAB12","rel":"parent"}],"id":"IAB12-3","label":"Local News"},{"score":"0.0899","confident":true,"links":[{"link":"https://api.aylien.com/api/v1/classify/taxonomy/iab-qag/IAB12","rel":"self"}],"id":"IAB12","label":"News"}]},"postidString":"facebook_page.204243346253158_1570365359640943","postMeta":{"inserted":"content-engine"},"timestamp":1494980486,"sharesRcvd":0,"likesRcvd":3,"source":"facebook_page","lastUpdateQuantum":4984422,"name":"Jim Hoffer","imageLarge":"https://external.xx.fbcdn.net/safe_image.php?d=AQApsv73GagKYF68&url=http%3A%2F%2Fcdn.abclocal.go.com%2Fcontent%2Fwabc%2Fimages%2Fcms%2F1996271_1280x720.jpg&_nc_hash=AQAf-ZZthgdlE1Lm","repliesRcvd":1,"image":"https://external.xx.fbcdn.net/safe_image.php?d=AQB7JmLSY6545qtL&w=130&h=130&url=http%3A%2F%2Fcdn.abclocal.go.com%2Fcontent%2Fwabc%2Fimages%2Fcms%2F1996271_1280x720.jpg&cfs=1&sx=0&sy=0&sw=720&sh=720&_nc_hash=AQDNZLjBjnoAVT1z","username":"jimhoffer.wabc","link":"http://7ny.tv/2pHZKLM","timeQuantum":4983268,"title":"7 On Your Side Investigates: Self-defense training for flight attendants","type":"link"},{"content":"Went undercover to a \"secret\" rave and found barricaded exits and dark crowded hallway that served as both main entrance AND exit.","profileString":"facebook_page.204243346253158","postURL":"https://facebook.com/204243346253158/posts/1572039776140168","avatar":"https://graph.facebook.com/204243346253158/picture","classification":{"engine":"aylien","language":"en","taxonomy":[{"score":"0.2139","confident":false,"links":[{"link":"https://api.aylien.com/api/v1/classify/taxonomy/iab-qag/IAB25-2","rel":"self"},{"link":"https://api.aylien.com/api/v1/classify/taxonomy/iab-qag/IAB25","rel":"parent"}],"id":"IAB25-2","label":"Extreme Graphic/Explicit Violence"},{"score":"0.0884","confident":false,"links":[{"link":"https://api.aylien.com/api/v1/classify/taxonomy/iab-qag/IAB8-11","rel":"self"},{"link":"https://api.aylien.com/api/v1/classify/taxonomy/iab-qag/IAB8","rel":"parent"}],"id":"IAB8-11","label":"French Cuisine"},{"score":"0.0652","confident":false,"links":[{"link":"https://api.aylien.com/api/v1/classify/taxonomy/iab-qag/IAB9","rel":"self"}],"id":"IAB9","label":"Hobbies & Interests"},{"score":"0.0651","confident":false,"links":[{"link":"https://api.aylien.com/api/v1/classify/taxonomy/iab-qag/IAB8","rel":"self"}],"id":"IAB8","label":"Food & Drink"},{"score":"0.0546","confident":false,"links":[{"link":"https://api.aylien.com/api/v1/classify/taxonomy/iab-qag/IAB25","rel":"self"}],"id":"IAB25","label":"Non-Standard Content"},{"score":"0.0545","confident":false,"links":[{"link":"https://api.aylien.com/api/v1/classify/taxonomy/iab-qag/IAB9-28","rel":"self"},{"link":"https://api.aylien.com/api/v1/classify/taxonomy/iab-qag/IAB9","rel":"parent"}],"id":"IAB9-28","label":"Screenwriting"}]},"postidString":"facebook_page.204243346253158_1572039776140168","postMeta":{"inserted":"content-engine"},"timestamp":1495114689,"sharesRcvd":0,"likesRcvd":4,"source":"facebook_page","lastUpdateQuantum":4984422,"name":"Jim Hoffer","imageLarge":"https://scontent.xx.fbcdn.net/v/t15.0-10/18577308_10154760280519091_3309910885895503872_n.jpg?oh=657e20d9edbee3187d232f081d0c5f43&oe=59BDA4CB","repliesRcvd":2,"image":"https://scontent.xx.fbcdn.net/v/t15.0-10/p130x130/18577308_10154760280519091_3309910885895503872_n.jpg?oh=54d7ce4bb48a91a157b8ce1bf941c63f&oe=59BBC931","username":"jimhoffer.wabc","link":"https://www.facebook.com/ABC7NY/videos/10154760271864091/","timeQuantum":4983715,"video":"https://scontent.xx.fbcdn.net/v/t42.1790-4/18588642_647215955471842_5304637373403889664_n.mp4?efg=eyJ2ZW5jb2RlX3RhZyI6InN2ZV9zZCJ9&oh=a078ae634675e4b5e59ba09d4ae35760&oe=5920C5BE","title":"ABC7NY","type":"video"},{"content":"Time Square car crash turned out not to be Terrorism but the aftermath the same : innocent lives changed forever. http://abc7ny.com/video/embed/?pid=2009326","profileString":"facebook_page.204243346253158","postURL":"https://facebook.com/204243346253158/posts/1572653566078789","avatar":"https://graph.facebook.com/204243346253158/picture","classification":{"engine":"aylien","language":"en","taxonomy":[{"score":"0.4902","confident":false,"links":[{"link":"https://api.aylien.com/api/v1/classify/taxonomy/iab-qag/IAB12-2","rel":"self"},{"link":"https://api.aylien.com/api/v1/classify/taxonomy/iab-qag/IAB12","rel":"parent"}],"id":"IAB12-2","label":"National News"},{"score":"0.1312","confident":true,"links":[{"link":"https://api.aylien.com/api/v1/classify/taxonomy/iab-qag/IAB12","rel":"self"}],"id":"IAB12","label":"News"}]},"postidString":"facebook_page.204243346253158_1572653566078789","postMeta":{"inserted":"content-engine"},"timestamp":1495156816,"sharesRcvd":0,"likesRcvd":6,"source":"facebook_page","lastUpdateQuantum":4984422,"name":"Jim Hoffer","repliesRcvd":1,"username":"jimhoffer.wabc","link":"http://abc7ny.com/video/embed/?pid=2009326","timeQuantum":4983856,"title":"abc7ny.com","type":"link"}]