[{"content":"A GREAT CAUSE: Mario Diaz & I are hosting the @Riverdale Mental Health. lth Association 8th annual Healthy Minds/Healthy Bodies 5K Run/Walk at #VanCortlandt Park.","profileString":"facebook_page.1055826994450733","postURL":"https://facebook.com/1055826994450733/posts/1610090089024418","avatar":"https://graph.facebook.com/1055826994450733/picture","classification":{"engine":"aylien","language":"en","taxonomy":[{"score":"0.1590","confident":true,"links":[{"link":"https://api.aylien.com/api/v1/classify/taxonomy/iab-qag/IAB7","rel":"self"}],"id":"IAB7","label":"Health & Fitness"},{"score":"0.0417","confident":false,"links":[{"link":"https://api.aylien.com/api/v1/classify/taxonomy/iab-qag/IAB7-12","rel":"self"},{"link":"https://api.aylien.com/api/v1/classify/taxonomy/iab-qag/IAB7","rel":"parent"}],"id":"IAB7-12","label":"Cholesterol"}]},"postidString":"facebook_page.1055826994450733_1610090089024418","postMeta":{"inserted":"content-engine"},"timestamp":1492959538,"sharesRcvd":6,"likesRcvd":15,"source":"facebook_page","lastUpdateQuantum":4984228,"name":"Jay Dow","imageLarge":"https://scontent.xx.fbcdn.net/v/t15.0-10/s720x720/18094444_1610093599024067_7933098813856677888_n.jpg?oh=5e913a65cf00262ecc6dec0121683d51&oe=5993E8C0","objectID":"1610090089024418","repliesRcvd":1,"image":"https://scontent.xx.fbcdn.net/v/t15.0-10/s130x130/18094444_1610093599024067_7933098813856677888_n.jpg?oh=6cae55dc8e059d2f1f56cbb3c8d3613a&oe=597CECE2","username":"JayDowJournalist","link":"https://www.facebook.com/JayDowJournalist/videos/1610090089024418/","timeQuantum":4976531,"video":"https://scontent.xx.fbcdn.net/v/t42.1790-29/18104738_782113721955576_4311443370368040960_n.mp4?efg=eyJybHIiOjEwNDIsInJsYSI6MTI0MCwidmVuY29kZV90YWciOiJzZCJ9&rl=1042&vabr=579&oh=b2405a8e0525114e7f3a89cda4f71deb&oe=58FFD83A","type":"video"},{"content":"HUGE NEWS.....\n\nWe are so pleased - and honored - to announce we earned TWO prestigious RTNDA Edward R. Murrow Awards for our series, \"Jack Johnson: The Final Fight\"!!! \n\nOur two wins (for Chapters 5 & 8 of our series), in the \"Sports Reporting\" and \"Excellence in Writing\" categories represent months of hard work, travel to several states (and Washington D.C.), and a commitment to tell the story of the institutionalized injustice forced upon America's first Black Heavyweight Boxing Champion. \n\nJack Johnson was forced to give up his boxing career, his freedom (he was sentenced to the federal penitentiary at Leavenworth), and ultimately died with a federal criminal conviction on his record. \n\nThe conviction remains a lingering blemish on the Champ's name - handed down for beating up the reigning White boxing champion, and for exercising his God given right to date and marry a white woman. \n\nYou have to remember, this infuriated America's shameful Jim Crow Society of the early 1900s. \n\nMario Diaz, James Ford, and I are so proud of these - two - Edward R. Murrow Awards, and grateful to the photographers & editors who helped craft these stories. \n\nWe are also particularly thankful to PIX 11 General Manager Greg Easterly, News Director Amy Waldman, and our Digital team (led by Rolando Pujol) for their unwavering support. \n\nIn an industry climate where reporters are routinely forced into a daily formula of short, \"nuts and bolts\" packages, our management trusted us, and gave us the green light to let this series breathe in \"long form\" - utilizing the multi-reporter format that we established with our homeless crisis series, \"No Place To Call Home\". \n\nMost importantly, I want to thank my family  - including my amazing wife, Shamina Rai Dow, and two daughters - for their incredible patience and support as we worked off hours and through vacations to bring this series to air. \n\nIf you have a moment, please take a look at our two winning entries,Chapters 5 & 8, from \"Jack Johnson: The Final Fight\". \n\nI know I speak for Mario & James when I say, hands down - this achievement ranks among the proudest moments of our careers.   \n\nBravo everyone!","profileString":"facebook_page.1055826994450733","postURL":"https://facebook.com/1055826994450733/posts/1612892755410818","avatar":"https://graph.facebook.com/1055826994450733/picture","classification":{"engine":"aylien","language":"en","taxonomy":[{"score":"0.1543","confident":true,"links":[{"link":"https://api.aylien.com/api/v1/classify/taxonomy/iab-qag/IAB17-5","rel":"self"},{"link":"https://api.aylien.com/api/v1/classify/taxonomy/iab-qag/IAB17","rel":"parent"}],"id":"IAB17-5","label":"Boxing"},{"score":"0.1467","confident":true,"links":[{"link":"https://api.aylien.com/api/v1/classify/taxonomy/iab-qag/IAB17","rel":"self"}],"id":"IAB17","label":"Sports"}]},"postidString":"facebook_page.1055826994450733_1612892755410818","postMeta":{"inserted":"content-engine"},"timestamp":1493137588,"sharesRcvd":9,"likesRcvd":20,"source":"facebook_page","lastUpdateQuantum":4978540,"name":"Jay Dow","imageLarge":"https://scontent.xx.fbcdn.net/v/t15.0-10/s720x720/18175162_1612957822070978_6114309790408638464_n.jpg?oh=90dbbc859daa4ee60d0e42d75a489005&oe=5992A7B8","objectID":"1612892755410818","repliesRcvd":8,"image":"https://scontent.xx.fbcdn.net/v/t15.0-10/s130x130/18175162_1612957822070978_6114309790408638464_n.jpg?oh=dfa5dd86b001663dbdc7a26d4d669173&oe=597F0B9A","username":"JayDowJournalist","link":"https://www.facebook.com/JayDowJournalist/videos/1612892755410818/","timeQuantum":4977125,"video":"https://video.xx.fbcdn.net/v/t42.1790-2/18166006_1608731622489416_3941886203623636992_n.mp4?efg=eyJybHIiOjM1MiwicmxhIjozMjk1LCJ2ZW5jb2RlX3RhZyI6InN2ZV9zZCJ9&rl=352&vabr=196&oh=40e5110f9ff7271ad197853b54cd16e7&oe=59018D5E","title":"@PIX11 WINS TWO MURROW AWARDS FOR INNOVATIVE SERIES ON BOXER J...","type":"video"},{"content":"WATCH & SHARE: Premature Lambs SURVIVE in Liquid Filled Plastic Bags!","profileString":"facebook_page.1055826994450733","postURL":"https://facebook.com/1055826994450733/posts/1614519495248144","avatar":"https://graph.facebook.com/1055826994450733/picture","classification":{"engine":"aylien","language":"en","taxonomy":[{"score":"0.3400","links":[{"rel":"self","link":"https://api.aylien.com/api/v1/classify/taxonomy/iab-qag/IAB18-6"},{"rel":"parent","link":"https://api.aylien.com/api/v1/classify/taxonomy/iab-qag/IAB18"}],"label":"Accessories","id":"IAB18-6","confident":false},{"score":"0.0613","links":[{"rel":"self","link":"https://api.aylien.com/api/v1/classify/taxonomy/iab-qag/IAB9"}],"label":"Hobbies & Interests","id":"IAB9","confident":false},{"score":"0.0606","links":[{"rel":"self","link":"https://api.aylien.com/api/v1/classify/taxonomy/iab-qag/IAB18"}],"label":"Style & Fashion","id":"IAB18","confident":false},{"score":"0.0519","links":[{"rel":"self","link":"https://api.aylien.com/api/v1/classify/taxonomy/iab-qag/IAB9-4"},{"rel":"parent","link":"https://api.aylien.com/api/v1/classify/taxonomy/iab-qag/IAB9"}],"label":"Birdwatching","id":"IAB9-4","confident":false}]},"postidString":"facebook_page.1055826994450733_1614519495248144","postMeta":{"inserted":"content-engine"},"timestamp":1493236521,"sharesRcvd":7,"likesRcvd":9,"source":"facebook_page","lastUpdateQuantum":4984228,"name":"Jay Dow","imageLarge":"https://scontent.xx.fbcdn.net/v/t15.0-10/s720x720/18137501_1614522245247869_5748699788803571712_n.jpg?oh=bb316921b1199a9c31ac320b6536e5df&oe=5977F42B","objectID":"1614519495248144","repliesRcvd":0,"image":"https://scontent.xx.fbcdn.net/v/t15.0-10/s130x130/18137501_1614522245247869_5748699788803571712_n.jpg?oh=cde661e52dd1023d0d000c5f4ed69baf&oe=598A5409","username":"JayDowJournalist","link":"https://www.facebook.com/JayDowJournalist/videos/1614519495248144/","timeQuantum":4977455,"video":"https://video.xx.fbcdn.net/v/t42.1790-2/18129371_1851578614868193_561212347092303872_n.mp4?efg=eyJybHIiOjQxMCwicmxhIjo1MTIsInZlbmNvZGVfdGFnIjoic3ZlX3NkIn0%3D&rl=410&vabr=228&oh=d88cc1abcbe2a01d0c41835dc0bf45b2&oe=59028D53","type":"video","title":"WATCH & SHARE: Premature Lambs SURVIVE in Liquid Filled Plasti..."},{"content":"Once in a while, I get to take a break from hard news...and work on a story about - - - gourmet pizza! It was AMAZING!","profileString":"facebook_page.1055826994450733","postURL":"https://facebook.com/1055826994450733/posts/1622730504427043","avatar":"https://graph.facebook.com/1055826994450733/picture","classification":{"engine":"aylien","language":"en","taxonomy":[{"score":"0.4934","confident":false,"links":[{"link":"https://api.aylien.com/api/v1/classify/taxonomy/iab-qag/IAB12-2","rel":"self"},{"link":"https://api.aylien.com/api/v1/classify/taxonomy/iab-qag/IAB12","rel":"parent"}],"id":"IAB12-2","label":"National News"},{"score":"0.1174","confident":true,"links":[{"link":"https://api.aylien.com/api/v1/classify/taxonomy/iab-qag/IAB12","rel":"self"}],"id":"IAB12","label":"News"}]},"postidString":"facebook_page.1055826994450733_1622730504427043","postMeta":{"inserted":"content-engine"},"timestamp":1493769395,"sharesRcvd":2,"likesRcvd":14,"source":"facebook_page","lastUpdateQuantum":4984228,"name":"Jay Dow","imageLarge":"https://scontent.xx.fbcdn.net/v/t31.0-8/s720x720/18238208_1622730504427043_4641569133744964907_o.jpg?oh=0951676ca5477f4839f584d2988b2fb9&oe=5986C409","objectID":"1622730504427043","repliesRcvd":1,"image":"https://scontent.xx.fbcdn.net/v/t1.0-0/s130x130/18300885_1622730504427043_4641569133744964907_n.jpg?oh=0ce2474c1578e28d2084faf46c696a52&oe=598D4CC6","username":"JayDowJournalist","link":"https://www.facebook.com/JayDowJournalist/photos/a.1101581533208612.1073741829.1055826994450733/1622730504427043/?type=3","timeQuantum":4979231,"title":"Timeline Photos","type":"photo"},{"content":"HOW GOOD DOES THIS LOOK?! - This Pizza Pie Costs $35. Customers Can't Get Enough Of Them\n\nThis story is about just how much we are willing to pay these days…for good, many would argue - great, pizza.\n\nGone are the days of the forty-five cent slice. \n\nToday, customers like Kristina Toth are eagerly paying a premium - as much as thirty-eight bucks a pie - for Sofia's Pizza on Manhattan's East Side..","profileString":"facebook_page.1055826994450733","postURL":"https://facebook.com/1055826994450733/posts/1623230834377010","avatar":"https://graph.facebook.com/1055826994450733/picture","classification":{"engine":"aylien","language":"en","taxonomy":[{"score":"0.1366","confident":true,"links":[{"link":"https://api.aylien.com/api/v1/classify/taxonomy/iab-qag/IAB8-8","rel":"self"},{"link":"https://api.aylien.com/api/v1/classify/taxonomy/iab-qag/IAB8","rel":"parent"}],"id":"IAB8-8","label":"Desserts & Baking"},{"score":"0.1147","confident":true,"links":[{"link":"https://api.aylien.com/api/v1/classify/taxonomy/iab-qag/IAB8","rel":"self"}],"id":"IAB8","label":"Food & Drink"}]},"postidString":"facebook_page.1055826994450733_1623230834377010","postMeta":{"inserted":"content-engine"},"timestamp":1493810913,"sharesRcvd":32,"likesRcvd":43,"source":"facebook_page","lastUpdateQuantum":4984228,"name":"Jay Dow","imageLarge":"https://scontent.xx.fbcdn.net/v/t15.0-10/s720x720/18300611_1623240141042746_8611046353419632640_n.jpg?oh=f7e4e4d3132f89562003ab58a0fb0ca4&oe=59BAE65E","objectID":"1623230834377010","repliesRcvd":6,"image":"https://scontent.xx.fbcdn.net/v/t15.0-10/s130x130/18300611_1623240141042746_8611046353419632640_n.jpg?oh=a496262e0de94eecb7a2642070c78a60&oe=597BD47C","username":"JayDowJournalist","link":"https://www.facebook.com/JayDowJournalist/videos/1623230834377010/","timeQuantum":4979369,"video":"https://video.xx.fbcdn.net/v/t42.1790-2/18266100_306753173091183_5179537805138722816_n.mp4?efg=eyJybHIiOjM5NCwicmxhIjo3MjEsInZlbmNvZGVfdGFnIjoic3ZlX3NkIn0%3D&rl=394&vabr=219&oh=4807a75d39e547c40e04055510c2daab&oe=590C5C6E","title":"HOW GOOD DOES THIS LOOK?! - This Pizza Pie Costs $35. Customer...","type":"video"},{"content":"IT'S FINALLY OVER: They're Demolishing the Legendary Lenox Lounge in Harlem\n\nThe legendary Lenox Lounge may have officially closed its doors five years ago. \n\nBut the legendary nightclub officially broke hearts in Harlem - with the sight of its demolition. \n\nIt’s not as if anyone needed a reminder that #Harlem - is changing.\n\nSome call it gentrification…others call it progress.\n\nThe old…making way for the new.\n\nThe bottom line - it’s been happening for some time now.\n\nDecades.\n\nAnd the Lenox Lounge is just the latest participant.\n\nStill, this place - where Billie Holiday, Miles Davis, and other greats took the stage….was different.","profileString":"facebook_page.1055826994450733","postURL":"https://facebook.com/1055826994450733/posts/1625178084182285","avatar":"https://graph.facebook.com/1055826994450733/picture","classification":{"engine":"aylien","language":"en","taxonomy":[{"score":"0.1954","confident":false,"links":[{"link":"https://api.aylien.com/api/v1/classify/taxonomy/iab-qag/IAB25-4","rel":"self"},{"link":"https://api.aylien.com/api/v1/classify/taxonomy/iab-qag/IAB25","rel":"parent"}],"id":"IAB25-4","label":"Profane Content"},{"score":"0.0663","confident":false,"links":[{"link":"https://api.aylien.com/api/v1/classify/taxonomy/iab-qag/IAB9","rel":"self"}],"id":"IAB9","label":"Hobbies & Interests"},{"score":"0.0538","confident":false,"links":[{"link":"https://api.aylien.com/api/v1/classify/taxonomy/iab-qag/IAB25","rel":"self"}],"id":"IAB25","label":"Non-Standard Content"},{"score":"0.0479","confident":false,"links":[{"link":"https://api.aylien.com/api/v1/classify/taxonomy/iab-qag/IAB9-6","rel":"self"},{"link":"https://api.aylien.com/api/v1/classify/taxonomy/iab-qag/IAB9","rel":"parent"}],"id":"IAB9-6","label":"Candle & Soap Making"}]},"postidString":"facebook_page.1055826994450733_1625178084182285","postMeta":{"inserted":"content-engine"},"timestamp":1493927171,"sharesRcvd":71,"likesRcvd":41,"source":"facebook_page","lastUpdateQuantum":4984228,"name":"Jay Dow","imageLarge":"https://scontent.xx.fbcdn.net/v/t15.0-10/s720x720/18324378_1625184644181629_3137098251061166080_n.jpg?oh=4b24e152b2dd18a6e35b46dfeb57586b&oe=598A6B51","objectID":"1625178084182285","repliesRcvd":9,"image":"https://scontent.xx.fbcdn.net/v/t15.0-10/s130x130/18324378_1625184644181629_3137098251061166080_n.jpg?oh=2b79d3e16985465138774aa6b82b2020&oe=59B87B73","username":"JayDowJournalist","link":"https://www.facebook.com/JayDowJournalist/videos/1625178084182285/","timeQuantum":4979757,"video":"https://video.xx.fbcdn.net/v/t42.1790-2/18348941_455140391495253_7179020346157170688_n.mp4?efg=eyJybHIiOjQ2MiwicmxhIjo4NDAsInZlbmNvZGVfdGFnIjoic3ZlX3NkIn0%3D&rl=462&vabr=257&oh=701f2473fcf3275fa3111c24c079e762&oe=590E3D3E","title":"IT'S FINALLY OVER: They're Demolishing the Legendary Lenox Lou...","type":"video"},{"content":"TEASING AHEAD -> New York City's Homeless Crisis Isn't Going Away. Neither Are We.\n\nTune in Sunday @ 6am to PIX 11 News (or catch our Facebook livestream) and watch us discuss how this all fits into Mayor Bill de Blasio's re-election campaign - with host Marvin Scott.\n\nMario Diaz","profileString":"facebook_page.1055826994450733","postURL":"https://facebook.com/1055826994450733/posts/1626467427386684","avatar":"https://graph.facebook.com/1055826994450733/picture","classification":{"engine":"aylien","language":"en","taxonomy":[{"score":"0.4285","confident":false,"links":[{"link":"https://api.aylien.com/api/v1/classify/taxonomy/iab-qag/IAB12-3","rel":"self"},{"link":"https://api.aylien.com/api/v1/classify/taxonomy/iab-qag/IAB12","rel":"parent"}],"id":"IAB12-3","label":"Local News"},{"score":"0.1292","confident":true,"links":[{"link":"https://api.aylien.com/api/v1/classify/taxonomy/iab-qag/IAB12","rel":"self"}],"id":"IAB12","label":"News"}]},"postidString":"facebook_page.1055826994450733_1626467427386684","postMeta":{"inserted":"content-engine"},"timestamp":1494014986,"sharesRcvd":8,"likesRcvd":10,"source":"facebook_page","lastUpdateQuantum":4984228,"name":"Jay Dow","imageLarge":"https://scontent.xx.fbcdn.net/v/t15.0-10/s720x720/18364131_1626479070718853_5794286150776520704_n.jpg?oh=f52dea6c7a15b9f99f4ddb8e2a9b8949&oe=5988EC34","objectID":"1626467427386684","repliesRcvd":1,"image":"https://scontent.xx.fbcdn.net/v/t15.0-10/s130x130/18364131_1626479070718853_5794286150776520704_n.jpg?oh=03e56e728ba867866ec94bd493e93873&oe=59764616","username":"JayDowJournalist","link":"https://www.facebook.com/JayDowJournalist/videos/1626467427386684/","timeQuantum":4980049,"video":"https://video.xx.fbcdn.net/v/t42.1790-2/18349109_490014691329941_594056327077036032_n.mp4?efg=eyJybHIiOjMwMCwicmxhIjo1MTIsInZlbmNvZGVfdGFnIjoic3ZlX3NkIn0%3D&rl=300&vabr=152&oh=1939e5ff39e881531931538d30debf2b&oe=590FA942","title":"TEASING AHEAD -> New York City's Homeless Crisis Isn't Going A...","type":"video"},{"content":"WEIGH IN PLEASE: More Crown Heights Residents Decide To Sue NYC Over Homeless Shelters?\n\nBuild it, and they will come. \n\nSo with the dollars.\n\nThe question is where - and why.\n\nIt…in this scenario is this much discussed family homeless shelter in Crown Heights, Brooklyn, where a service provider is slated to get a 43-million dollar contract to run it!\n\nThe why…as in “why here” is the question Crown Heights residents have been asking since they learned the de Blasio administration plans to ultimately *increase* the homeless presence in a community that already has 18 shelters.\n\nPIX11 has learned the Crown Street Block Association intends to express its frustration with the city’s policies…in the form of legal action against the city.","profileString":"facebook_page.1055826994450733","postURL":"https://facebook.com/1055826994450733/posts/1632442486789178","avatar":"https://graph.facebook.com/1055826994450733/picture","classification":{"engine":"aylien","language":"en","taxonomy":[{"score":"0.4635","confident":false,"links":[{"link":"https://api.aylien.com/api/v1/classify/taxonomy/iab-qag/IAB21-1","rel":"self"},{"link":"https://api.aylien.com/api/v1/classify/taxonomy/iab-qag/IAB21","rel":"parent"}],"id":"IAB21-1","label":"Apartments"},{"score":"0.2369","confident":false,"links":[{"link":"https://api.aylien.com/api/v1/classify/taxonomy/iab-qag/IAB10-5","rel":"self"},{"link":"https://api.aylien.com/api/v1/classify/taxonomy/iab-qag/IAB10","rel":"parent"}],"id":"IAB10-5","label":"Home Repair"},{"score":"0.0712","confident":false,"links":[{"link":"https://api.aylien.com/api/v1/classify/taxonomy/iab-qag/IAB10","rel":"self"}],"id":"IAB10","label":"Home & Garden"},{"score":"0.0626","confident":false,"links":[{"link":"https://api.aylien.com/api/v1/classify/taxonomy/iab-qag/IAB21","rel":"self"}],"id":"IAB21","label":"Real Estate"}]},"postidString":"facebook_page.1055826994450733_1632442486789178","postMeta":{"inserted":"content-engine"},"timestamp":1494447682,"sharesRcvd":8,"likesRcvd":4,"source":"facebook_page","lastUpdateQuantum":4984228,"name":"Jay Dow","imageLarge":"https://scontent.xx.fbcdn.net/v/t15.0-10/s720x720/18443075_1632461513453942_7309531298337390592_n.jpg?oh=24a6ddd5e76e42812c045344f363206a&oe=5979AECE","objectID":"1632442486789178","repliesRcvd":0,"image":"https://scontent.xx.fbcdn.net/v/t15.0-10/s130x130/18443075_1632461513453942_7309531298337390592_n.jpg?oh=e52a301ba9ecbc8cb1dd956ca70d8e1f&oe=597D31EC","username":"JayDowJournalist","link":"https://www.facebook.com/JayDowJournalist/videos/1632442486789178/","timeQuantum":4981492,"video":"https://video.xx.fbcdn.net/v/t42.1790-2/18438389_1919750984928105_3712647108793204736_n.mp4?efg=eyJybHIiOjMwMCwicmxhIjo2NTksInZlbmNvZGVfdGFnIjoic3ZlX3NkIn0%3D&rl=300&vabr=155&oh=dd286b628b278f5163d1f5bf62716e62&oe=59160D4B","title":"WEIGH IN PLEASE: More Crown Heights Residents Decide To Sue NY...","type":"video"},{"content":"SAY WHAT???? #NYC Teacher Rips Hijab Off 8-Year Old Student's Head As A Joke. No One Laughed.\n\nEight-year old Safa - we are not going to use her last name, or show her face - says she simply did not feel safe at P.S. 76 in the #Bronx on the afternoon of May 2nd, when her substitute teacher ripped off her hijab…injuring her eye in the process.\n\nIf you live in New York City - one of the most diverse in the world - then you probably don’t need us to explain what a hijab is, or why some #Muslim wear it.\n\nThe fact of the matter is, it is worn for many reasons, including as a way to demonstrate modesty, or devotion to #God. \n\nIt is a religious custom and preference no different than Orthodox #Jewish women who choose to wear wigs and long skirts, or #Christians who choose to also dress conservatively, or wear crosses around their neck.","profileString":"facebook_page.1055826994450733","postURL":"https://facebook.com/1055826994450733/posts/1632767990089961","avatar":"https://graph.facebook.com/1055826994450733/picture","classification":{"engine":"aylien","language":"en","taxonomy":[{"score":"0.3265","confident":false,"links":[{"link":"https://api.aylien.com/api/v1/classify/taxonomy/iab-qag/IAB18-6","rel":"self"},{"link":"https://api.aylien.com/api/v1/classify/taxonomy/iab-qag/IAB18","rel":"parent"}],"id":"IAB18-6","label":"Accessories"},{"score":"0.1635","confident":false,"links":[{"link":"https://api.aylien.com/api/v1/classify/taxonomy/iab-qag/IAB23-7","rel":"self"},{"link":"https://api.aylien.com/api/v1/classify/taxonomy/iab-qag/IAB23","rel":"parent"}],"id":"IAB23-7","label":"Islam"},{"score":"0.1242","confident":true,"links":[{"link":"https://api.aylien.com/api/v1/classify/taxonomy/iab-qag/IAB23","rel":"self"}],"id":"IAB23","label":"Religion & Spirituality"},{"score":"0.1186","confident":true,"links":[{"link":"https://api.aylien.com/api/v1/classify/taxonomy/iab-qag/IAB18","rel":"self"}],"id":"IAB18","label":"Style & Fashion"}]},"postidString":"facebook_page.1055826994450733_1632767990089961","postMeta":{"inserted":"content-engine"},"timestamp":1494470990,"sharesRcvd":12,"likesRcvd":11,"source":"facebook_page","lastUpdateQuantum":4984228,"name":"Jay Dow","imageLarge":"https://scontent.xx.fbcdn.net/v/t15.0-10/s720x720/18466943_1632772663422827_3354725790137712640_n.jpg?oh=fb30ce5ecacd7970ae8c83a5dc85630f&oe=59B12B7C","objectID":"1632767990089961","repliesRcvd":7,"image":"https://scontent.xx.fbcdn.net/v/t15.0-10/s130x130/18466943_1632772663422827_3354725790137712640_n.jpg?oh=5b877fe7738dc44244dcd8c01d18c1ea&oe=5981165E","username":"JayDowJournalist","link":"https://www.facebook.com/JayDowJournalist/videos/1632767990089961/","timeQuantum":4981569,"video":"https://video.xx.fbcdn.net/v/t42.1790-2/18477777_1866043713665296_8847126751332007936_n.mp4?efg=eyJybHIiOjM0MiwicmxhIjo2OTgsInZlbmNvZGVfdGFnIjoic3ZlX3NkIn0%3D&rl=342&vabr=190&oh=68d2f48af3c06e41ac3ce30028f5a975&oe=5916D251","title":"SAY WHAT???? Teacher Rips Hijab Off 8-Year Old Student's Head ...","type":"video"},{"content":"BRUTAL BEATING: Any Regrets? Suspects Mum After Arrest For Beating Up Veteran Street Vendor\n\nAs NYPD detectives escorted suspects Enrique Foote and Octavious Profit out of the 40th precinct station house, we posed to both of them a single question.","profileString":"facebook_page.1055826994450733","postURL":"https://facebook.com/1055826994450733/posts/1634285053271588","avatar":"https://graph.facebook.com/1055826994450733/picture","classification":{"engine":"aylien","language":"en","taxonomy":[{"score":"0.2080","confident":false,"links":[{"link":"https://api.aylien.com/api/v1/classify/taxonomy/iab-qag/IAB10-5","rel":"self"},{"link":"https://api.aylien.com/api/v1/classify/taxonomy/iab-qag/IAB10","rel":"parent"}],"id":"IAB10-5","label":"Home Repair"},{"score":"0.1961","confident":false,"links":[{"link":"https://api.aylien.com/api/v1/classify/taxonomy/iab-qag/IAB25-2","rel":"self"},{"link":"https://api.aylien.com/api/v1/classify/taxonomy/iab-qag/IAB25","rel":"parent"}],"id":"IAB25-2","label":"Extreme Graphic/Explicit Violence"},{"score":"0.0685","confident":false,"links":[{"link":"https://api.aylien.com/api/v1/classify/taxonomy/iab-qag/IAB10","rel":"self"}],"id":"IAB10","label":"Home & Garden"},{"score":"0.0681","confident":false,"links":[{"link":"https://api.aylien.com/api/v1/classify/taxonomy/iab-qag/IAB25","rel":"self"}],"id":"IAB25","label":"Non-Standard Content"},{"score":"0.0549","confident":false,"links":[{"link":"https://api.aylien.com/api/v1/classify/taxonomy/iab-qag/IAB9","rel":"self"}],"id":"IAB9","label":"Hobbies & Interests"},{"score":"0.0505","confident":false,"links":[{"link":"https://api.aylien.com/api/v1/classify/taxonomy/iab-qag/IAB9-4","rel":"self"},{"link":"https://api.aylien.com/api/v1/classify/taxonomy/iab-qag/IAB9","rel":"parent"}],"id":"IAB9-4","label":"Birdwatching"}]},"postidString":"facebook_page.1055826994450733_1634285053271588","postMeta":{"inserted":"content-engine"},"timestamp":1494600103,"sharesRcvd":59,"likesRcvd":74,"source":"facebook_page","lastUpdateQuantum":4982077,"name":"Jay Dow","imageLarge":"https://scontent.xx.fbcdn.net/v/t15.0-10/s720x720/18442887_1634299716603455_8866418593374404608_n.jpg?oh=c025241713dc815efc06b8c69edd8fdb&oe=597CFF40","objectID":"1634285053271588","repliesRcvd":26,"image":"https://scontent.xx.fbcdn.net/v/t15.0-10/s130x130/18442887_1634299716603455_8866418593374404608_n.jpg?oh=1cb2943b3c06399669b93dc268ab1145&oe=59B9BD62","username":"JayDowJournalist","link":"https://www.facebook.com/JayDowJournalist/videos/1634285053271588/","timeQuantum":4982000,"video":"https://video.xx.fbcdn.net/v/t42.1790-2/18436572_454284918253722_4492202360419909632_n.mp4?efg=eyJybHIiOjQ1MSwicmxhIjo4MTQsInZlbmNvZGVfdGFnIjoic3ZlX3NkIn0%3D&rl=451&vabr=251&oh=db476f0922bf2db95cbbf35f79ddd0dc&oe=591803F6","title":"BRUTAL BEATING: Any Regrets? Suspects Mum After Arrest For Bea...","type":"video"},{"content":"WATCH: Man Falls Off Tracks At Penn Station, Gets Electrocuted by 3rd Rail. New York City Fire Department (FDNY) & NYPD Swoop in With RAPID Response...","profileString":"facebook_page.1055826994450733","postURL":"https://facebook.com/1055826994450733/posts/1634568156576611","avatar":"https://graph.facebook.com/1055826994450733/picture","classification":{"engine":"aylien","language":"en","taxonomy":[{"score":"0.1288","confident":true,"links":[{"link":"https://api.aylien.com/api/v1/classify/taxonomy/iab-qag/IAB2-23","rel":"self"},{"link":"https://api.aylien.com/api/v1/classify/taxonomy/iab-qag/IAB2","rel":"parent"}],"id":"IAB2-23","label":"Wagon"},{"score":"0.0699","confident":false,"links":[{"link":"https://api.aylien.com/api/v1/classify/taxonomy/iab-qag/IAB2","rel":"self"}],"id":"IAB2","label":"Automotive"}]},"postidString":"facebook_page.1055826994450733_1634568156576611","postMeta":{"inserted":"content-engine"},"timestamp":1494622744,"sharesRcvd":0,"likesRcvd":0,"source":"facebook_page","lastUpdateQuantum":4982077,"name":"Jay Dow","imageLarge":"https://scontent.xx.fbcdn.net/v/t15.0-10/s720x720/18479076_1634575009909259_6489269785493241856_n.jpg?oh=1b42934b9c13c12fe820085429827e9b&oe=59BF9E32","objectID":"1634568156576611","repliesRcvd":0,"image":"https://scontent.xx.fbcdn.net/v/t15.0-10/s130x130/18479076_1634575009909259_6489269785493241856_n.jpg?oh=86dfc9408696ce87dbb050f87ae351dd&oe=59742710","username":"JayDowJournalist","link":"https://www.facebook.com/JayDowJournalist/videos/1634568156576611/","timeQuantum":4982075,"video":"https://video.xx.fbcdn.net/v/t42.1790-2/18457827_1694868510530950_5299008148747583488_n.mp4?efg=eyJybHIiOjY4NSwicmxhIjo3MjMsInZlbmNvZGVfdGFnIjoic3ZlX3NkIn0%3D&rl=685&vabr=381&oh=a6d84db3409229523dc582ef54209157&oe=59188460","title":"WATCH: Man Falls Off Tracks At Penn Station​, Gets Electrocute...","type":"video"},{"content":"WATCH & SHARE:Man Falls Off Tracks At Penn Station, Gets Electrocuted By 3rd Rail. New York City Fire Department (FDNY) & NYPD Swoop In With RAPID Response...","profileString":"facebook_page.1055826994450733","postURL":"https://facebook.com/1055826994450733/posts/1634587513241342","avatar":"https://graph.facebook.com/1055826994450733/picture","classification":{"engine":"aylien","language":"en","taxonomy":[{"score":"0.1703","confident":false,"links":[{"link":"https://api.aylien.com/api/v1/classify/taxonomy/iab-qag/IAB1-4","rel":"self"},{"link":"https://api.aylien.com/api/v1/classify/taxonomy/iab-qag/IAB1","rel":"parent"}],"id":"IAB1-4","label":"Humor"},{"score":"0.1213","confident":true,"links":[{"link":"https://api.aylien.com/api/v1/classify/taxonomy/iab-qag/IAB2-23","rel":"self"},{"link":"https://api.aylien.com/api/v1/classify/taxonomy/iab-qag/IAB2","rel":"parent"}],"id":"IAB2-23","label":"Wagon"},{"score":"0.0679","confident":false,"links":[{"link":"https://api.aylien.com/api/v1/classify/taxonomy/iab-qag/IAB2","rel":"self"}],"id":"IAB2","label":"Automotive"},{"score":"0.0548","confident":false,"links":[{"link":"https://api.aylien.com/api/v1/classify/taxonomy/iab-qag/IAB1","rel":"self"}],"id":"IAB1","label":"Arts & Entertainment"}]},"postidString":"facebook_page.1055826994450733_1634587513241342","postMeta":{"inserted":"content-engine"},"timestamp":1494624225,"sharesRcvd":3,"likesRcvd":9,"source":"facebook_page","lastUpdateQuantum":4984228,"name":"Jay Dow","imageLarge":"https://scontent.xx.fbcdn.net/v/t15.0-10/s720x720/18479041_1634592843240809_1857902272705462272_n.jpg?oh=ed14d7d03ed1af0238558fe87fe28810&oe=59B52C2C","objectID":"1634587513241342","repliesRcvd":0,"image":"https://scontent.xx.fbcdn.net/v/t15.0-10/s130x130/18479041_1634592843240809_1857902272705462272_n.jpg?oh=a3819a0490aac358f735314728bf7130&oe=59BFD00E","username":"JayDowJournalist","link":"https://www.facebook.com/JayDowJournalist/videos/1634587513241342/","timeQuantum":4982080,"video":"https://video.xx.fbcdn.net/v/t42.1790-2/18465758_1890091661271311_8947839168872972288_n.mp4?efg=eyJybHIiOjY4NSwicmxhIjo3MjMsInZlbmNvZGVfdGFnIjoic3ZlX3NkIn0%3D&rl=685&vabr=381&oh=2f39bd0f059678182a642627df77ff41&oe=5918E18B","title":"WATCH & SHARE:Man Falls Off Tracks At Penn Station​, Gets Elec...","type":"video"},{"content":"SPEAK UP PLEASE -> Suspects Mum After Arrest For Beating Up Veteran Street Vendor\n\nAs NYPD detectives escorted suspects Enrique Foote and Octavious Profit out of the 40th precinct station house, we posed to both of them a single question.\"Any Regrets?\"","profileString":"facebook_page.1055826994450733","postURL":"https://facebook.com/1055826994450733/posts/1634598133240280","avatar":"https://graph.facebook.com/1055826994450733/picture","classification":{"engine":"aylien","language":"en","taxonomy":[{"score":"0.2067","confident":false,"links":[{"link":"https://api.aylien.com/api/v1/classify/taxonomy/iab-qag/IAB10-5","rel":"self"},{"link":"https://api.aylien.com/api/v1/classify/taxonomy/iab-qag/IAB10","rel":"parent"}],"id":"IAB10-5","label":"Home Repair"},{"score":"0.0751","confident":false,"links":[{"link":"https://api.aylien.com/api/v1/classify/taxonomy/iab-qag/IAB10","rel":"self"}],"id":"IAB10","label":"Home & Garden"}]},"postidString":"facebook_page.1055826994450733_1634598133240280","postMeta":{"inserted":"content-engine"},"timestamp":1494626820,"sharesRcvd":10,"likesRcvd":31,"source":"facebook_page","lastUpdateQuantum":4984228,"name":"Jay Dow","imageLarge":"https://scontent.xx.fbcdn.net/v/t15.0-10/s720x720/18472913_1634605996572827_3732911271301873664_n.jpg?oh=3bfd8e86949ddd8a11c3e8e4fd4309ae&oe=59BE57CC","objectID":"1634598133240280","repliesRcvd":8,"image":"https://scontent.xx.fbcdn.net/v/t15.0-10/s130x130/18472913_1634605996572827_3732911271301873664_n.jpg?oh=70e51b968ca4321d941df9061ff7755d&oe=59C1F2EE","username":"JayDowJournalist","link":"https://www.facebook.com/JayDowJournalist/videos/1634598133240280/","timeQuantum":4982089,"video":"https://video.xx.fbcdn.net/v/t42.1790-2/18463642_133182997230596_3482536977415274496_n.mp4?efg=eyJybHIiOjQ1MSwicmxhIjo4MTQsInZlbmNvZGVfdGFnIjoic3ZlX3NkIn0%3D&rl=451&vabr=251&oh=ede7ac0278c10bd032ffa48a03a71585&oe=59185EBA","title":"NOT MUCH TO SAY NOW HUH -> Any Regrets? Suspects Mum After Arr...","type":"video"},{"content":"CHEERS: 127-Yr Old Sunny's Bar In #RedHook, Brooklyn - The Ultimate Survivor\n\nIn a city that refuses to play favorites when it comes to its social institutions…the appeal of Sunny’s Bar in Red Hook, Brooklyn - cuts across generations.\n\nThat’s a notable accomplishment when you consider Sunny’s been showing its customers a good time since 1890.","profileString":"facebook_page.1055826994450733","postURL":"https://facebook.com/1055826994450733/posts/1638357656197661","avatar":"https://graph.facebook.com/1055826994450733/picture","classification":{"engine":"aylien","language":"en","taxonomy":[{"score":"0.1181","confident":false,"links":[{"link":"https://api.aylien.com/api/v1/classify/taxonomy/iab-qag/IAB8-5","rel":"self"},{"link":"https://api.aylien.com/api/v1/classify/taxonomy/iab-qag/IAB8","rel":"parent"}],"id":"IAB8-5","label":"Cocktails/Beer"},{"score":"0.0895","confident":true,"links":[{"link":"https://api.aylien.com/api/v1/classify/taxonomy/iab-qag/IAB8","rel":"self"}],"id":"IAB8","label":"Food & Drink"}]},"postidString":"facebook_page.1055826994450733_1638357656197661","postMeta":{"inserted":"content-engine"},"timestamp":1494946632,"sharesRcvd":1,"likesRcvd":3,"source":"facebook_page","lastUpdateQuantum":4984417,"name":"Jay Dow","imageLarge":"https://scontent.xx.fbcdn.net/v/t15.0-10/s720x720/18555508_1638361392863954_7014958917641830400_n.jpg?oh=1ed149a9d4423c1472ceb02b512572d6&oe=5975F560","objectID":"1638357656197661","repliesRcvd":0,"image":"https://scontent.xx.fbcdn.net/v/t15.0-10/s130x130/18555508_1638361392863954_7014958917641830400_n.jpg?oh=18fb8551d1a3f8d5cf4101ad72db1eb3&oe=59AC2B42","username":"JayDowJournalist","link":"https://www.facebook.com/JayDowJournalist/videos/1638357656197661/","timeQuantum":4983155,"video":"https://video.xx.fbcdn.net/v/t42.1790-2/18568724_1302810013165254_6344892711786512384_n.mp4?efg=eyJybHIiOjQ1MCwicmxhIjo3NzIsInZlbmNvZGVfdGFnIjoic3ZlX3NkIn0%3D&rl=450&vabr=250&oh=6df0ddf66e92ac4766be62ab34830e38&oe=591CF4A3","title":"CHEERS: 127 Yr Old Sunny's Bar In Red Hook, BK - The Ultimate ...","type":"video"},{"content":"YOU DECIDE: Another Homicide In An #NYC Homeless Shelter - Did Security  Do Enough??\n\nDHS has been touting a strengthened #NYPD partnership at homeless shelters for a year now.\n\nWe submitted several questions to DHS about security at the Park View - as it relates to the homicide.\n\nBut a #DHS spokesperson responded by instead sending us what appears to be appears to be the same canned responses about the NYPD/DHS partnership with eerily familiar phrasing we have been seeing since June of last year.","profileString":"facebook_page.1055826994450733","postURL":"https://facebook.com/1055826994450733/posts/1639905582709535","avatar":"https://graph.facebook.com/1055826994450733/picture","classification":{"engine":"aylien","language":"en","taxonomy":[{"score":"0.2076","confident":false,"links":[{"link":"https://api.aylien.com/api/v1/classify/taxonomy/iab-qag/IAB10-5","rel":"self"},{"link":"https://api.aylien.com/api/v1/classify/taxonomy/iab-qag/IAB10","rel":"parent"}],"id":"IAB10-5","label":"Home Repair"},{"score":"0.0766","confident":false,"links":[{"link":"https://api.aylien.com/api/v1/classify/taxonomy/iab-qag/IAB20-22","rel":"self"},{"link":"https://api.aylien.com/api/v1/classify/taxonomy/iab-qag/IAB20","rel":"parent"}],"id":"IAB20-22","label":"National Parks"},{"score":"0.0647","confident":false,"links":[{"link":"https://api.aylien.com/api/v1/classify/taxonomy/iab-qag/IAB10","rel":"self"}],"id":"IAB10","label":"Home & Garden"},{"score":"0.0536","confident":false,"links":[{"link":"https://api.aylien.com/api/v1/classify/taxonomy/iab-qag/IAB9","rel":"self"}],"id":"IAB9","label":"Hobbies & Interests"},{"score":"0.0531","confident":false,"links":[{"link":"https://api.aylien.com/api/v1/classify/taxonomy/iab-qag/IAB20","rel":"self"}],"id":"IAB20","label":"Travel"},{"score":"0.0509","confident":false,"links":[{"link":"https://api.aylien.com/api/v1/classify/taxonomy/iab-qag/IAB9-4","rel":"self"},{"link":"https://api.aylien.com/api/v1/classify/taxonomy/iab-qag/IAB9","rel":"parent"}],"id":"IAB9-4","label":"Birdwatching"}]},"postidString":"facebook_page.1055826994450733_1639905582709535","postMeta":{"inserted":"content-engine"},"timestamp":1495073580,"sharesRcvd":6,"likesRcvd":12,"source":"facebook_page","lastUpdateQuantum":4984417,"name":"Jay Dow","imageLarge":"https://scontent.xx.fbcdn.net/v/t15.0-10/s720x720/18576091_1639910846042342_8621595175350697984_n.jpg?oh=a0ee3444f92e2e1c57f8320ecfd7e314&oe=59AD8F66","objectID":"1639905582709535","repliesRcvd":0,"image":"https://scontent.xx.fbcdn.net/v/t15.0-10/s130x130/18576091_1639910846042342_8621595175350697984_n.jpg?oh=109dd8908dd00e418886ab41c279598e&oe=59BDCA44","username":"JayDowJournalist","link":"https://www.facebook.com/JayDowJournalist/videos/1639905582709535/","timeQuantum":4983578,"video":"https://video.xx.fbcdn.net/v/t42.1790-2/18570244_203642863489025_2348750355270991872_n.mp4?efg=eyJybHIiOjM3NCwicmxhIjo1NTUsInZlbmNvZGVfdGFnIjoic3ZlX3NkIn0%3D&rl=374&vabr=208&oh=5d9038c825fa65138ac8d655b3a99205&oe=592024E8","title":"YOU DECIDE: Another Homicide In An #NYC Homeless Shelter - Did...","type":"video"},{"content":"SHARE & BE AWARE!! Are Tighter #Vaping Restrictions Coming To Your Neighborhood???\n\n#Vape users still enjoy the right to puff away - indoors - in most counties across New York State…for now.\n\nWe say for now, because the state Assembly just passed a bill that expands the existing fourteen year-old Clean Indoor Air Act.\n\nThe bill's sponsor says vapes do not make smoking “cool”, and should be treated just like regular cigarettes…that is, banned from restaurants and other indoor areas.\n\nWhat do you think?\n\n#Philippines\n#RodrigoDuterte\nRodrigo Duterte Lines\nRodrigo Duterte\nRodrigo \"Rody\" Roa Duterte\n#Smoking\n#Vaping\n#Cigarette\n#Tobacco\n#ECigarette\n#Health\n#SanFrancisco\n#LosAngeles\n#Chicago\n#Miami\n#Boston\n#Philadelphia\n#WashingtonDC\n#Albany\n#mod\n#mechanical\n#voltage\n#vape\n#battery \n#batteries","profileString":"facebook_page.1055826994450733","postURL":"https://facebook.com/1055826994450733/posts/1639936719373088","avatar":"https://graph.facebook.com/1055826994450733/picture","classification":{"engine":"aylien","language":"en","taxonomy":[{"score":"0.1603","confident":true,"links":[{"link":"https://api.aylien.com/api/v1/classify/taxonomy/iab-qag/IAB9-9","rel":"self"},{"link":"https://api.aylien.com/api/v1/classify/taxonomy/iab-qag/IAB9","rel":"parent"}],"id":"IAB9-9","label":"Cigars"},{"score":"0.1203","confident":true,"links":[{"link":"https://api.aylien.com/api/v1/classify/taxonomy/iab-qag/IAB7-41","rel":"self"},{"link":"https://api.aylien.com/api/v1/classify/taxonomy/iab-qag/IAB7","rel":"parent"}],"id":"IAB7-41","label":"Smoking Cessation"},{"score":"0.0837","confident":false,"links":[{"link":"https://api.aylien.com/api/v1/classify/taxonomy/iab-qag/IAB2-16","rel":"self"},{"link":"https://api.aylien.com/api/v1/classify/taxonomy/iab-qag/IAB2","rel":"parent"}],"id":"IAB2-16","label":"Off-Road Vehicles"},{"score":"0.0661","confident":false,"links":[{"link":"https://api.aylien.com/api/v1/classify/taxonomy/iab-qag/IAB7","rel":"self"}],"id":"IAB7","label":"Health & Fitness"},{"score":"0.0594","confident":false,"links":[{"link":"https://api.aylien.com/api/v1/classify/taxonomy/iab-qag/IAB9","rel":"self"}],"id":"IAB9","label":"Hobbies & Interests"},{"score":"0.0540","confident":false,"links":[{"link":"https://api.aylien.com/api/v1/classify/taxonomy/iab-qag/IAB2","rel":"self"}],"id":"IAB2","label":"Automotive"}]},"postidString":"facebook_page.1055826994450733_1639936719373088","postMeta":{"inserted":"content-engine"},"timestamp":1495076077,"sharesRcvd":3,"likesRcvd":5,"source":"facebook_page","lastUpdateQuantum":4984417,"name":"Jay Dow","imageLarge":"https://scontent.xx.fbcdn.net/v/t15.0-10/s720x720/18576121_1639940616039365_2553967423136989184_n.jpg?oh=09489be4367ffcc5012a12e34417e657&oe=59B15AF3","objectID":"1639936719373088","repliesRcvd":0,"image":"https://scontent.xx.fbcdn.net/v/t15.0-10/s130x130/18576121_1639940616039365_2553967423136989184_n.jpg?oh=69277aaa40af45da885c56db1d3012c6&oe=59BCFBD1","username":"JayDowJournalist","link":"https://www.facebook.com/JayDowJournalist/videos/1639936719373088/","timeQuantum":4983586,"video":"https://video.xx.fbcdn.net/v/t42.1790-2/18546071_1674659889509884_7317162016408338432_n.mp4?efg=eyJybHIiOjM1OCwicmxhIjo1MTIsInZlbmNvZGVfdGFnIjoic3ZlX3NkIn0%3D&rl=358&vabr=199&oh=1147d27c3229f317f082efc7590777f1&oe=591F5480","title":"PUFF PUFF PASS: Are Tighter Vaping Restrictions Coming To All ...","type":"video"},{"content":"SCARY: #TimesSquare Madman Mows Down Pedestrians. Hero Bouncer Tackles Him.\n\nWhen the news broke - the scenario was disturbingly familiar.\n\nThe driver of a vehicle swung a wild U-Turn at 42nd Street in bustling Times Square, hopped the curb, and then proceeded to mow down pedestrians while traveling back up Seventh Avenue - against traffic.\n\nBut this is not believed this was an act of terrorism - rather the actions of a deranged, US Navy Vet who investigators suspect was high on some type of drug...possibly #K2 (synthetic marijuana).","profileString":"facebook_page.1055826994450733","postURL":"https://facebook.com/1055826994450733/posts/1641743979192362","avatar":"https://graph.facebook.com/1055826994450733/picture","classification":{"engine":"aylien","language":"en","taxonomy":[{"score":"0.0890","confident":true,"links":[{"link":"https://api.aylien.com/api/v1/classify/taxonomy/iab-qag/IAB2","rel":"self"}],"id":"IAB2","label":"Automotive"},{"score":"0.0743","confident":false,"links":[{"link":"https://api.aylien.com/api/v1/classify/taxonomy/iab-qag/IAB2-19","rel":"self"},{"link":"https://api.aylien.com/api/v1/classify/taxonomy/iab-qag/IAB2","rel":"parent"}],"id":"IAB2-19","label":"Road-Side Assistance"}]},"postidString":"facebook_page.1055826994450733_1641743979192362","postMeta":{"inserted":"content-engine"},"timestamp":1495227482,"sharesRcvd":2,"likesRcvd":2,"source":"facebook_page","lastUpdateQuantum":4984417,"name":"Jay Dow","imageLarge":"https://scontent.xx.fbcdn.net/v/t15.0-10/s720x720/18640420_1641763169190443_1155417091059220480_n.jpg?oh=d4091b5a946788f2e317c2f4f89d1acd&oe=59C274B1","objectID":"1641743979192362","repliesRcvd":0,"image":"https://scontent.xx.fbcdn.net/v/t15.0-10/s130x130/18640420_1641763169190443_1155417091059220480_n.jpg?oh=ca5239f6c40804bb0a8efd2a21888ef7&oe=59763293","username":"JayDowJournalist","link":"https://www.facebook.com/JayDowJournalist/videos/1641743979192362/","timeQuantum":4984091,"video":"https://video.xx.fbcdn.net/v/t42.1790-2/18604881_1903592056577952_423425028822925312_n.mp4?efg=eyJybHIiOjQ5NSwicmxhIjo2NTksInZlbmNvZGVfdGFnIjoic3ZlX3NkIn0%3D&rl=495&vabr=275&oh=f93bf01bec7d50b6c552c9aa3223551b&oe=5921F3AF","title":"SCARY: Times Square Madman Mows Down Pedestrians. Hero Bouncer...","type":"video"}]