[{"content":"Ayer no fue un día fácil, pero despues de un arduo trabajo, este es el resultado final de nuestro esfuerzo:","profileString":"facebook_page.204788292875555","postURL":"https://facebook.com/204788292875555/posts/1455926014428437","avatar":"https://graph.facebook.com/204788292875555/picture","classification":{"engine":"aylien","language":"en","taxonomy":[{"score":"0.2069","confident":true,"links":[{"link":"https://api.aylien.com/api/v1/classify/taxonomy/iab-qag/IAB20-21","rel":"self"},{"link":"https://api.aylien.com/api/v1/classify/taxonomy/iab-qag/IAB20","rel":"parent"}],"id":"IAB20-21","label":"Mexico & Central America"},{"score":"0.0750","confident":false,"links":[{"link":"https://api.aylien.com/api/v1/classify/taxonomy/iab-qag/IAB20","rel":"self"}],"id":"IAB20","label":"Travel"},{"score":"0.0672","confident":false,"links":[{"link":"https://api.aylien.com/api/v1/classify/taxonomy/iab-qag/IAB17","rel":"self"}],"id":"IAB17","label":"Sports"},{"score":"0.0620","confident":false,"links":[{"link":"https://api.aylien.com/api/v1/classify/taxonomy/iab-qag/IAB9","rel":"self"}],"id":"IAB9","label":"Hobbies & Interests"},{"score":"0.0612","confident":false,"links":[{"link":"https://api.aylien.com/api/v1/classify/taxonomy/iab-qag/IAB9-4","rel":"self"},{"link":"https://api.aylien.com/api/v1/classify/taxonomy/iab-qag/IAB9","rel":"parent"}],"id":"IAB9-4","label":"Birdwatching"},{"score":"0.0500","confident":true,"links":[{"link":"https://api.aylien.com/api/v1/classify/taxonomy/iab-qag/IAB17-13","rel":"self"},{"link":"https://api.aylien.com/api/v1/classify/taxonomy/iab-qag/IAB17","rel":"parent"}],"id":"IAB17-13","label":"Freshwater Fishing"}]},"postidString":"facebook_page.204788292875555_1455926014428437","postMeta":{"inserted":"content-engine"},"timestamp":1492980230,"sharesRcvd":1,"likesRcvd":1,"source":"facebook_page","lastUpdateQuantum":4984354,"name":"Nathalia Ortiz","imageLarge":"https://external.xx.fbcdn.net/safe_image.php?d=AQCAzqNEzzLyewFq&url=http%3A%2F%2Fmedia.telemundo51.com%2Fimages%2F1200%2A675%2Ffoto-florida-incendio-naples-001.jpg&_nc_hash=AQA9Rj_YFhcJi5kJ","repliesRcvd":0,"image":"https://external.xx.fbcdn.net/safe_image.php?d=AQBUwoRCiuDDnW1m&w=130&h=130&url=http%3A%2F%2Fmedia.telemundo51.com%2Fimages%2F1200%2A675%2Ffoto-florida-incendio-naples-001.jpg&cfs=1&_nc_hash=AQAQhfcWEbd9AsRj","username":"YoSoyNathaliaOrtiz","link":"http://www.telemundo51.com/noticias/destacados/Bomberos-de-Miami-batallan-incendio-en-el-suroeste-de-Florida-420168603.html","timeQuantum":4976600,"title":"Bomberos de Miami batallan incendio en el suroeste de Florida","type":"link"},{"content":"\"What I believe, as a woman in this business, it’s good to be tough, but it’s even better to be you.”\nI already loved Savannah Guthrie.  Now, I adore her.  Congratulations, Savannah!","profileString":"facebook_page.204788292875555","postURL":"https://facebook.com/204788292875555/posts/1458450437509328","avatar":"https://graph.facebook.com/204788292875555/picture","classification":{"engine":"aylien","language":"en","taxonomy":[{"score":"0.2403","links":[{"rel":"self","link":"https://api.aylien.com/api/v1/classify/taxonomy/iab-qag/IAB4-11"},{"rel":"parent","link":"https://api.aylien.com/api/v1/classify/taxonomy/iab-qag/IAB4"}],"label":"Career Advice","id":"IAB4-11","confident":false},{"score":"0.1391","links":[{"rel":"self","link":"https://api.aylien.com/api/v1/classify/taxonomy/iab-qag/IAB4"}],"label":"Careers","id":"IAB4","confident":true}]},"postidString":"facebook_page.204788292875555_1458450437509328","postMeta":{"inserted":"content-engine"},"timestamp":1493181985,"sharesRcvd":0,"likesRcvd":1,"source":"facebook_page","lastUpdateQuantum":4984354,"name":"Nathalia Ortiz","imageLarge":"https://external.xx.fbcdn.net/safe_image.php?d=AQBS9anmABM9GbuN&url=http%3A%2F%2Fmedia4.s-nbcnews.com%2Fi%2Fnewscms%2F2017_17%2F1209843%2Fsavannah-guthrie-matrix-awards-today-tease-170425_cd69c4d0aede3beb8d782dc94176bd31.jpg&_nc_hash=AQBCmI25HK_Q3bQK","repliesRcvd":0,"image":"https://external.xx.fbcdn.net/safe_image.php?d=AQD-zQNvMv3q6-SR&w=130&h=130&url=http%3A%2F%2Fmedia4.s-nbcnews.com%2Fi%2Fnewscms%2F2017_17%2F1209843%2Fsavannah-guthrie-matrix-awards-today-tease-170425_cd69c4d0aede3beb8d782dc94176bd31.jpg&cfs=1&sx=441&sy=0&sw=1080&sh=1080&_nc_hash=AQA6d7UTsm40f12k","username":"YoSoyNathaliaOrtiz","link":"http://www.today.com/news/savannah-guthrie-receives-matrix-award-i-ve-been-lucky-i-t110758","timeQuantum":4977273,"type":"link","title":"Savannah Guthrie on her success: 'I’ve been lucky and I have been blessed'"},{"content":"money.cnn.com","profileString":"facebook_page.204788292875555","postURL":"https://facebook.com/204788292875555/posts/1465524223468616","avatar":"https://graph.facebook.com/204788292875555/picture","classification":{"engine":"aylien","language":"en","taxonomy":[{"score":"0.1245","confident":true,"links":[{"link":"https://api.aylien.com/api/v1/classify/taxonomy/iab-qag/IAB20-7","rel":"self"},{"link":"https://api.aylien.com/api/v1/classify/taxonomy/iab-qag/IAB20","rel":"parent"}],"id":"IAB20-7","label":"Business Travel"},{"score":"0.1213","confident":true,"links":[{"link":"https://api.aylien.com/api/v1/classify/taxonomy/iab-qag/IAB2-4","rel":"self"},{"link":"https://api.aylien.com/api/v1/classify/taxonomy/iab-qag/IAB2","rel":"parent"}],"id":"IAB2-4","label":"Car Culture"},{"score":"0.0925","confident":true,"links":[{"link":"https://api.aylien.com/api/v1/classify/taxonomy/iab-qag/IAB20","rel":"self"}],"id":"IAB20","label":"Travel"},{"score":"0.0873","confident":true,"links":[{"link":"https://api.aylien.com/api/v1/classify/taxonomy/iab-qag/IAB2","rel":"self"}],"id":"IAB2","label":"Automotive"}]},"postidString":"facebook_page.204788292875555_1465524223468616","postMeta":{"inserted":"content-engine"},"timestamp":1493737224,"sharesRcvd":0,"likesRcvd":1,"source":"facebook_page","lastUpdateQuantum":4984354,"name":"Nathalia Ortiz","imageLarge":"https://external.xx.fbcdn.net/safe_image.php?d=AQAzB1FHQIejRe02&url=http%3A%2F%2Fi2.cdn.turner.com%2Fmoney%2Fdam%2Fassets%2F160603145518-united-airlines-ceo-oscar-munoz-polaris-00000717-780x439.jpg&_nc_hash=AQAa3QzadP4GZ8BF","repliesRcvd":0,"image":"https://external.xx.fbcdn.net/safe_image.php?w=130&h=130&url=http%3A%2F%2Fi2.cdn.turner.com%2Fmoney%2Fdam%2Fassets%2F160603145518-united-airlines-ceo-oscar-munoz-polaris-00000717-780x439.jpg&cfs=1&sx=182&sy=0&sw=439&sh=439&_nc_hash=AQCtSo3V1W7hgF2J","username":"YoSoyNathaliaOrtiz","link":"http://money.cnn.com/2017/05/02/news/companies/united-ceo-munoz-congress/index.html","timeQuantum":4979124,"title":"United CEO: 'We had a horrible failure'","type":"link"},{"content":"A petición popular, Abuela estrena canal de YouTube para compartir con el mundo cibernético sus vivencias y aventuras de Abuela y Bisabuela. Dichosos serán los que se suscriban. He aquí su primer episodio. #CubanAbuelasSayTheDarndestThings","profileString":"facebook_page.204788292875555","postURL":"https://facebook.com/204788292875555/posts/1474324699255235","avatar":"https://graph.facebook.com/204788292875555/picture","classification":{"engine":"aylien","language":"en","taxonomy":[{"score":"0.2209","confident":false,"links":[{"link":"https://api.aylien.com/api/v1/classify/taxonomy/iab-qag/IAB25-2","rel":"self"},{"link":"https://api.aylien.com/api/v1/classify/taxonomy/iab-qag/IAB25","rel":"parent"}],"id":"IAB25-2","label":"Extreme Graphic/Explicit Violence"},{"score":"0.1576","confident":true,"links":[{"link":"https://api.aylien.com/api/v1/classify/taxonomy/iab-qag/IAB20-21","rel":"self"},{"link":"https://api.aylien.com/api/v1/classify/taxonomy/iab-qag/IAB20","rel":"parent"}],"id":"IAB20-21","label":"Mexico & Central America"},{"score":"0.0657","confident":false,"links":[{"link":"https://api.aylien.com/api/v1/classify/taxonomy/iab-qag/IAB9","rel":"self"}],"id":"IAB9","label":"Hobbies & Interests"},{"score":"0.0616","confident":false,"links":[{"link":"https://api.aylien.com/api/v1/classify/taxonomy/iab-qag/IAB17","rel":"self"}],"id":"IAB17","label":"Sports"},{"score":"0.0612","confident":false,"links":[{"link":"https://api.aylien.com/api/v1/classify/taxonomy/iab-qag/IAB20","rel":"self"}],"id":"IAB20","label":"Travel"},{"score":"0.0542","confident":false,"links":[{"link":"https://api.aylien.com/api/v1/classify/taxonomy/iab-qag/IAB9-4","rel":"self"},{"link":"https://api.aylien.com/api/v1/classify/taxonomy/iab-qag/IAB9","rel":"parent"}],"id":"IAB9-4","label":"Birdwatching"},{"score":"0.0532","confident":false,"links":[{"link":"https://api.aylien.com/api/v1/classify/taxonomy/iab-qag/IAB25","rel":"self"}],"id":"IAB25","label":"Non-Standard Content"},{"score":"0.0509","confident":true,"links":[{"link":"https://api.aylien.com/api/v1/classify/taxonomy/iab-qag/IAB17-43","rel":"self"},{"link":"https://api.aylien.com/api/v1/classify/taxonomy/iab-qag/IAB17","rel":"parent"}],"id":"IAB17-43","label":"Waterski/Wakeboard"}]},"postidString":"facebook_page.204788292875555_1474324699255235","postMeta":{"inserted":"content-engine"},"timestamp":1494389045,"sharesRcvd":0,"likesRcvd":4,"source":"facebook_page","lastUpdateQuantum":4984354,"name":"Nathalia Ortiz","imageLarge":"https://external.xx.fbcdn.net/safe_image.php?d=AQC7rgrIt0Mw0XuA&w=720&h=720&url=https%3A%2F%2Fi.ytimg.com%2Fvi%2Fz_VzJU3BvNs%2Fmaxresdefault.jpg&crop&sx=487&sy=0&sw=720&sh=720&_nc_hash=AQCT7i8SadIin1ay","repliesRcvd":0,"image":"https://external.xx.fbcdn.net/safe_image.php?d=AQC7Xetq5p5NO_8f&w=130&h=130&url=https%3A%2F%2Fi.ytimg.com%2Fvi%2Fz_VzJU3BvNs%2Fmaxresdefault.jpg&cfs=1&sx=487&sy=0&sw=720&sh=720&_nc_hash=AQAQhzEihq83yt0M","username":"YoSoyNathaliaOrtiz","link":"https://youtu.be/z_VzJU3BvNs","timeQuantum":4981296,"video":"https://www.youtube.com/embed/z_VzJU3BvNs?autoplay=1","title":"Las ocho almohadas de Abuela","type":"video"},{"content":"The hustle is real: Working woman tip of the day\n\n#workingwoman #catholicwoman #gratitude #ImperfectCatholicChick","profileString":"facebook_page.204788292875555","postURL":"https://facebook.com/204788292875555/posts/1475289792492059","avatar":"https://graph.facebook.com/204788292875555/picture","classification":{"engine":"aylien","language":"en","taxonomy":[{"score":"0.4280","confident":false,"links":[{"link":"https://api.aylien.com/api/v1/classify/taxonomy/iab-qag/IAB21-2","rel":"self"},{"link":"https://api.aylien.com/api/v1/classify/taxonomy/iab-qag/IAB21","rel":"parent"}],"id":"IAB21-2","label":"Architects"},{"score":"0.1023","confident":true,"links":[{"link":"https://api.aylien.com/api/v1/classify/taxonomy/iab-qag/IAB21","rel":"self"}],"id":"IAB21","label":"Real Estate"}]},"postidString":"facebook_page.204788292875555_1475289792492059","postMeta":{"inserted":"content-engine"},"timestamp":1494474124,"sharesRcvd":0,"likesRcvd":7,"source":"facebook_page","lastUpdateQuantum":4984354,"name":"Nathalia Ortiz","imageLarge":"https://scontent.xx.fbcdn.net/v/t15.0-10/s720x720/18443082_1475297422491296_5345213784875073536_n.jpg?oh=1a634da95e69c73663e8c951543101f0&oe=597EFAC0","objectID":"1475289792492059","repliesRcvd":0,"image":"https://scontent.xx.fbcdn.net/v/t15.0-10/s130x130/18443082_1475297422491296_5345213784875073536_n.jpg?oh=7813aef6196d14f94bdb056c7e96a193&oe=5977BFE2","username":"YoSoyNathaliaOrtiz","link":"https://www.facebook.com/YoSoyNathaliaOrtiz/videos/1475289792492059/","timeQuantum":4981580,"video":"https://video.xx.fbcdn.net/v/t42.1790-2/18458129_1408744639183551_5686234016378781696_n.mp4?efg=eyJybHIiOjMzMywicmxhIjo1MTIsInZlbmNvZGVfdGFnIjoic3ZlX3NkIn0%3D&rl=333&vabr=185&oh=5d1f7cd3d57b9a70b79553595f450c21&oe=5915DD1E","type":"video"}]