[{"content":"Rafael Franklin Pujols nos trae los detalles de este hecho que conmociona a la comunidad","profileString":"facebook_page.128629527211777","postURL":"https://facebook.com/128629527211777/posts/1462722587135791","avatar":"https://graph.facebook.com/128629527211777/picture","classification":{"engine":"aylien","language":"en","taxonomy":[{"score":"0.1879","confident":true,"links":[{"link":"https://api.aylien.com/api/v1/classify/taxonomy/iab-qag/IAB20-21","rel":"self"},{"link":"https://api.aylien.com/api/v1/classify/taxonomy/iab-qag/IAB20","rel":"parent"}],"id":"IAB20-21","label":"Mexico & Central America"},{"score":"0.0691","confident":false,"links":[{"link":"https://api.aylien.com/api/v1/classify/taxonomy/iab-qag/IAB20","rel":"self"}],"id":"IAB20","label":"Travel"},{"score":"0.0636","confident":false,"links":[{"link":"https://api.aylien.com/api/v1/classify/taxonomy/iab-qag/IAB9","rel":"self"}],"id":"IAB9","label":"Hobbies & Interests"},{"score":"0.0633","confident":false,"links":[{"link":"https://api.aylien.com/api/v1/classify/taxonomy/iab-qag/IAB17","rel":"self"}],"id":"IAB17","label":"Sports"},{"score":"0.0572","confident":false,"links":[{"link":"https://api.aylien.com/api/v1/classify/taxonomy/iab-qag/IAB9-4","rel":"self"},{"link":"https://api.aylien.com/api/v1/classify/taxonomy/iab-qag/IAB9","rel":"parent"}],"id":"IAB9-4","label":"Birdwatching"},{"score":"0.0433","confident":false,"links":[{"link":"https://api.aylien.com/api/v1/classify/taxonomy/iab-qag/IAB17-13","rel":"self"},{"link":"https://api.aylien.com/api/v1/classify/taxonomy/iab-qag/IAB17","rel":"parent"}],"id":"IAB17-13","label":"Freshwater Fishing"}]},"postidString":"facebook_page.128629527211777_1462722587135791","postMeta":{"inserted":"content-engine"},"timestamp":1492781958,"sharesRcvd":0,"likesRcvd":2,"source":"facebook_page","lastUpdateQuantum":4983619,"name":"Nadia Torres","imageLarge":"https://external.xx.fbcdn.net/safe_image.php?d=AQAZay-dHv4WOEaL&url=http%3A%2F%2Fmedia.telemundo47.com%2Fimages%2F1200%2A675%2FTLMD-pitbull-ataca-a-nino-spring-valley-st.jpg&_nc_hash=AQA8C7sxckovnBhE","repliesRcvd":0,"image":"https://external.xx.fbcdn.net/safe_image.php?d=AQBoV0zQfMxP_IZp&w=130&h=130&url=http%3A%2F%2Fmedia.telemundo47.com%2Fimages%2F1200%2A675%2FTLMD-pitbull-ataca-a-nino-spring-valley-st.jpg&cfs=1&_nc_hash=AQAi-UGeXI9tvc6T","username":"NadiaTorresT47","link":"http://www.telemundo47.com/noticias/destacados/Pit-bull-ataca-a-nino-de-tres-anos-en-Spring-Valley-Nueva-York-420061024.html","timeQuantum":4975939,"title":"Video capta feroz ataque de perro pitbull contra niño","type":"link"},{"content":"telemundo47.com","profileString":"facebook_page.128629527211777","postURL":"https://facebook.com/128629527211777/posts/1462730703801646","avatar":"https://graph.facebook.com/128629527211777/picture","classification":{"engine":"aylien","language":"en","taxonomy":[{"score":"0.3809","confident":false,"links":[{"link":"https://api.aylien.com/api/v1/classify/taxonomy/iab-qag/IAB26-4","rel":"self"},{"link":"https://api.aylien.com/api/v1/classify/taxonomy/iab-qag/IAB26","rel":"parent"}],"id":"IAB26-4","label":"Copyright Infringement"},{"score":"0.1002","confident":true,"links":[{"link":"https://api.aylien.com/api/v1/classify/taxonomy/iab-qag/IAB26","rel":"self"}],"id":"IAB26","label":"Illegal Content"}]},"postidString":"facebook_page.128629527211777_1462730703801646","postMeta":{"inserted":"content-engine"},"timestamp":1492782342,"sharesRcvd":0,"likesRcvd":3,"source":"facebook_page","lastUpdateQuantum":4983619,"name":"Nadia Torres","imageLarge":"https://external.xx.fbcdn.net/safe_image.php?d=AQChaRyMbSV81uiN&url=http%3A%2F%2Fmedia.telemundo47.com%2Fimages%2F1200%2A675%2FInmigrantes_protestan_tras_despido_masivo_1200x675_926281283982.jpg&_nc_hash=AQAhXZnDuPkU9ROC","repliesRcvd":0,"image":"https://external.xx.fbcdn.net/safe_image.php?d=AQBwr6l1u_NoPZtg&w=130&h=130&url=http%3A%2F%2Fmedia.telemundo47.com%2Fimages%2F1200%2A675%2FInmigrantes_protestan_tras_despido_masivo_1200x675_926281283982.jpg&cfs=1&sx=260&sy=0&sw=675&sh=675&_nc_hash=AQAGqY-VmzAFI_7M","username":"NadiaTorresT47","link":"http://www.telemundo47.com/videos/noticias/Panader_a-m_s-antigua-de-NY-despide-ola-de-inmigrantes_TLMD---Nueva-York-420066453.html","timeQuantum":4975941,"title":"Panadería más antigua de NY despide ola de inmigrantes","type":"link"},{"content":"Usuarios Njtransit planean protesta #nopaymay Telemundo 47","profileString":"facebook_page.128629527211777","postURL":"https://facebook.com/128629527211777/posts/1477634412311275","avatar":"https://graph.facebook.com/128629527211777/picture","classification":{"engine":"aylien","language":"en","taxonomy":[{"score":"0.3809","confident":false,"links":[{"link":"https://api.aylien.com/api/v1/classify/taxonomy/iab-qag/IAB26-4","rel":"self"},{"link":"https://api.aylien.com/api/v1/classify/taxonomy/iab-qag/IAB26","rel":"parent"}],"id":"IAB26-4","label":"Copyright Infringement"},{"score":"0.1002","confident":true,"links":[{"link":"https://api.aylien.com/api/v1/classify/taxonomy/iab-qag/IAB26","rel":"self"}],"id":"IAB26","label":"Illegal Content"}]},"postidString":"facebook_page.128629527211777_1477634412311275","postMeta":{"inserted":"content-engine"},"timestamp":1493663593,"sharesRcvd":0,"likesRcvd":4,"source":"facebook_page","lastUpdateQuantum":4983619,"name":"Nadia Torres","imageLarge":"https://external.xx.fbcdn.net/safe_image.php?d=AQBbfr9Re0aVLEeG&url=http%3A%2F%2Fmedia.telemundo47.com%2Fimages%2F1200%2A675%2Fno_pay_may_nadia_4-28_1200x675_932339779903.jpg&_nc_hash=AQAKZ4jt-G1JqdMP","repliesRcvd":0,"image":"https://external.xx.fbcdn.net/safe_image.php?d=AQBlTHghlwQ4u6sE&w=130&h=130&url=http%3A%2F%2Fmedia.telemundo47.com%2Fimages%2F1200%2A675%2Fno_pay_may_nadia_4-28_1200x675_932339779903.jpg&cfs=1&sx=157&sy=0&sw=675&sh=675&_nc_hash=AQAvJ1iW0FzgPxuo","username":"NadiaTorresT47","link":"http://www.telemundo47.com/videos/noticias/local/Usuarios-de-NJ-Transit-lanzan-campa_a-_No-Pay-May__TLMD---Nueva-York-420777913.html","timeQuantum":4978878,"title":"Usuarios de NJ Transit lanzan campaña “No Pay May”","type":"link"},{"content":"Ejemplo de superación :)) estudiantes #Bronx aprenden inglés con poesía","profileString":"facebook_page.128629527211777","postURL":"https://facebook.com/128629527211777/posts/1477640942310622","avatar":"https://graph.facebook.com/128629527211777/picture","classification":{"engine":"aylien","language":"en","taxonomy":[{"score":"0.3809","confident":false,"links":[{"link":"https://api.aylien.com/api/v1/classify/taxonomy/iab-qag/IAB26-4","rel":"self"},{"link":"https://api.aylien.com/api/v1/classify/taxonomy/iab-qag/IAB26","rel":"parent"}],"id":"IAB26-4","label":"Copyright Infringement"},{"score":"0.1002","confident":true,"links":[{"link":"https://api.aylien.com/api/v1/classify/taxonomy/iab-qag/IAB26","rel":"self"}],"id":"IAB26","label":"Illegal Content"}]},"postidString":"facebook_page.128629527211777_1477640942310622","postMeta":{"inserted":"content-engine"},"timestamp":1493663928,"sharesRcvd":0,"likesRcvd":2,"source":"facebook_page","lastUpdateQuantum":4983619,"name":"Nadia Torres","imageLarge":"https://external.xx.fbcdn.net/safe_image.php?d=AQAI7LStsW69VYXM&url=http%3A%2F%2Fmedia.telemundo47.com%2Fimages%2F1200%2A675%2Faprender_ingles_con_poesia_nadia_4-27_1200x675_931355203756.jpg&_nc_hash=AQBBg7NaqWMNAPC9","repliesRcvd":0,"image":"https://external.xx.fbcdn.net/safe_image.php?d=AQAHhdLzOeDwnvHh&w=130&h=130&url=http%3A%2F%2Fmedia.telemundo47.com%2Fimages%2F1200%2A675%2Faprender_ingles_con_poesia_nadia_4-27_1200x675_931355203756.jpg&cfs=1&sx=454&sy=0&sw=675&sh=675&_nc_hash=AQAbQGlXjGPvWsXe","username":"NadiaTorresT47","link":"http://www.telemundo47.com/noticias/local/Estudiantes-aprenden-ingl_s-con-poes_a_TLMD---Nueva-York-420663463.html","timeQuantum":4978879,"title":"Estudiantes aprenden inglés con poesía","type":"link"},{"content":"telemundo47.com","profileString":"facebook_page.128629527211777","postURL":"https://facebook.com/128629527211777/posts/1480680392006677","avatar":"https://graph.facebook.com/128629527211777/picture","classification":{"engine":"aylien","language":"en","taxonomy":[{"score":"0.3809","confident":false,"links":[{"link":"https://api.aylien.com/api/v1/classify/taxonomy/iab-qag/IAB26-4","rel":"self"},{"link":"https://api.aylien.com/api/v1/classify/taxonomy/iab-qag/IAB26","rel":"parent"}],"id":"IAB26-4","label":"Copyright Infringement"},{"score":"0.1002","confident":true,"links":[{"link":"https://api.aylien.com/api/v1/classify/taxonomy/iab-qag/IAB26","rel":"self"}],"id":"IAB26","label":"Illegal Content"}]},"postidString":"facebook_page.128629527211777_1480680392006677","postMeta":{"inserted":"content-engine"},"timestamp":1493827369,"sharesRcvd":0,"likesRcvd":0,"source":"facebook_page","lastUpdateQuantum":4983619,"name":"Nadia Torres","imageLarge":"https://external.xx.fbcdn.net/safe_image.php?d=AQCQbw_UNdUnot5t&url=http%3A%2F%2Fmedia.telemundo47.com%2Fimages%2F1200%2A675%2Fterapia_con_sal_nadia_5-2_1200x675_934887491973.jpg&_nc_hash=AQA3TqDuCcxwQGuI","repliesRcvd":0,"image":"https://external.xx.fbcdn.net/safe_image.php?d=AQDc9Qr_YgTZijJW&w=130&h=130&url=http%3A%2F%2Fmedia.telemundo47.com%2Fimages%2F1200%2A675%2Fterapia_con_sal_nadia_5-2_1200x675_934887491973.jpg&cfs=1&_nc_hash=AQBbPXwN-oB6FK7-","username":"NadiaTorresT47","link":"http://www.telemundo47.com/noticias/local/Terapia-con-sal-para-las-alergias_TLMD---Nueva-York-421077133.html","timeQuantum":4979424,"title":"Terapia con sal para las alergias","type":"link"},{"content":"@CarmeFarinaDOE motiva a estudiantes de #WashingtonHeights a superarse y seguir estudiando!","profileString":"facebook_page.128629527211777","postURL":"https://facebook.com/128629527211777/posts/1480696078671775","avatar":"https://graph.facebook.com/128629527211777/picture","classification":{"engine":"aylien","language":"en","taxonomy":[{"score":"0.3809","confident":false,"links":[{"link":"https://api.aylien.com/api/v1/classify/taxonomy/iab-qag/IAB26-4","rel":"self"},{"link":"https://api.aylien.com/api/v1/classify/taxonomy/iab-qag/IAB26","rel":"parent"}],"id":"IAB26-4","label":"Copyright Infringement"},{"score":"0.1002","confident":true,"links":[{"link":"https://api.aylien.com/api/v1/classify/taxonomy/iab-qag/IAB26","rel":"self"}],"id":"IAB26","label":"Illegal Content"}]},"postidString":"facebook_page.128629527211777_1480696078671775","postMeta":{"inserted":"content-engine"},"timestamp":1493827951,"sharesRcvd":0,"likesRcvd":2,"source":"facebook_page","lastUpdateQuantum":4983619,"name":"Nadia Torres","imageLarge":"https://external.xx.fbcdn.net/safe_image.php?d=AQBHKYFxSf5RoqW3&url=http%3A%2F%2Fmedia.telemundo47.com%2Fimages%2F1200%2A675%2Fexitos_en_la_escuela_nadia_4-26_1200x675_930444867936.jpg&_nc_hash=AQBoZZbztNkf51UQ","repliesRcvd":0,"image":"https://external.xx.fbcdn.net/safe_image.php?d=AQB8hcP02yh8LJ0Q&w=130&h=130&url=http%3A%2F%2Fmedia.telemundo47.com%2Fimages%2F1200%2A675%2Fexitos_en_la_escuela_nadia_4-26_1200x675_930444867936.jpg&cfs=1&sx=311&sy=0&sw=675&sh=675&_nc_hash=AQCKpMlbCSbiHYDY","username":"NadiaTorresT47","link":"http://www.telemundo47.com/noticias/local/Ayuda-para-el-_xito-estudiantil_TLMD---Nueva-York-420542803.html","timeQuantum":4979426,"title":"Ayuda para el éxito estudiantil","type":"link"},{"content":"Telemundo 47","profileString":"facebook_page.128629527211777","postURL":"https://facebook.com/128629527211777/posts/1489840354424014","avatar":"https://graph.facebook.com/128629527211777/picture","classification":{"engine":"aylien","language":"en","taxonomy":[{"score":"0.0739","confident":false,"links":[{"link":"https://api.aylien.com/api/v1/classify/taxonomy/iab-qag/IAB9","rel":"self"}],"id":"IAB9","label":"Hobbies & Interests"},{"score":"0.0515","confident":false,"links":[{"link":"https://api.aylien.com/api/v1/classify/taxonomy/iab-qag/IAB9-4","rel":"self"},{"link":"https://api.aylien.com/api/v1/classify/taxonomy/iab-qag/IAB9","rel":"parent"}],"id":"IAB9-4","label":"Birdwatching"}]},"postidString":"facebook_page.128629527211777_1489840354424014","postMeta":{"inserted":"content-engine"},"timestamp":1494358783,"sharesRcvd":0,"likesRcvd":1,"source":"facebook_page","lastUpdateQuantum":4983619,"name":"Nadia Torres","imageLarge":"https://scontent.xx.fbcdn.net/v/t15.0-10/s720x720/18442616_10155303610598633_6766916520414019584_n.jpg?oh=2e086421a4ae7d25565cc7de7ffcba3e&oe=59B1E75D","repliesRcvd":0,"image":"https://scontent.xx.fbcdn.net/v/t15.0-10/s130x130/18442616_10155303610598633_6766916520414019584_n.jpg?oh=967b7e899f168202b3a9b56cd190ebcd&oe=59795EAF","username":"NadiaTorresT47","link":"https://www.facebook.com/Telemundo47/videos/10155303609578633/","timeQuantum":4981195,"video":"https://scontent.xx.fbcdn.net/v/t42.1790-4/18415048_1438936992832521_6030028255589826560_n.mp4?efg=eyJ2ZW5jb2RlX3RhZyI6InN2ZV9zZCJ9&oh=ee65cb6d35dbc6c2ae11432e4232e94b&oe=5913AE99","title":"Telemundo 47","type":"video"},{"content":"Si no vio esta mañana #PrimeraEdicion Telemundo Telemundo 47...","profileString":"facebook_page.128629527211777","postURL":"https://facebook.com/128629527211777/posts/1491786947562688","avatar":"https://graph.facebook.com/128629527211777/picture","classification":{"engine":"aylien","language":"en","taxonomy":[{"score":"0.2088","confident":true,"links":[{"link":"https://api.aylien.com/api/v1/classify/taxonomy/iab-qag/IAB20-21","rel":"self"},{"link":"https://api.aylien.com/api/v1/classify/taxonomy/iab-qag/IAB20","rel":"parent"}],"id":"IAB20-21","label":"Mexico & Central America"},{"score":"0.0773","confident":true,"links":[{"link":"https://api.aylien.com/api/v1/classify/taxonomy/iab-qag/IAB20","rel":"self"}],"id":"IAB20","label":"Travel"},{"score":"0.0621","confident":false,"links":[{"link":"https://api.aylien.com/api/v1/classify/taxonomy/iab-qag/IAB9","rel":"self"}],"id":"IAB9","label":"Hobbies & Interests"},{"score":"0.0557","confident":false,"links":[{"link":"https://api.aylien.com/api/v1/classify/taxonomy/iab-qag/IAB9-4","rel":"self"},{"link":"https://api.aylien.com/api/v1/classify/taxonomy/iab-qag/IAB9","rel":"parent"}],"id":"IAB9-4","label":"Birdwatching"}]},"postidString":"facebook_page.128629527211777_1491786947562688","postMeta":{"inserted":"content-engine"},"timestamp":1494510390,"sharesRcvd":0,"likesRcvd":0,"source":"facebook_page","lastUpdateQuantum":4983736,"name":"Nadia Torres","imageLarge":"https://external.xx.fbcdn.net/safe_image.php?d=AQA-RgSJNi6e4d4n&url=http%3A%2F%2Fmedia.telemundo47.com%2Fimages%2F1200%2A675%2FTLMD-bomberos-ny-el-bronx-st.jpg&_nc_hash=AQAERe-SSoOmrIfb","repliesRcvd":0,"image":"https://external.xx.fbcdn.net/safe_image.php?d=AQAss2yFJOI4BxPf&w=130&h=130&url=http%3A%2F%2Fmedia.telemundo47.com%2Fimages%2F1200%2A675%2FTLMD-bomberos-ny-el-bronx-st.jpg&cfs=1&_nc_hash=AQB8-zvyrU1DtVU0","username":"NadiaTorresT47","link":"http://www.telemundo47.com/noticias/destacados/Dos-hombres-mueren-tras-un-incendio-en-una-casa-de-El-Bronx-421983563.html","timeQuantum":4981701,"title":"Dos hombres mueren tras un incendio en una casa del Bronx","type":"link"},{"content":"Inmigrantes unidos luchan por aprender ingles, superarse y salir adelante","profileString":"facebook_page.128629527211777","postURL":"https://facebook.com/128629527211777/posts/1491797140895002","avatar":"https://graph.facebook.com/128629527211777/picture","classification":{"engine":"aylien","language":"en","taxonomy":[{"score":"0.3809","confident":false,"links":[{"link":"https://api.aylien.com/api/v1/classify/taxonomy/iab-qag/IAB26-4","rel":"self"},{"link":"https://api.aylien.com/api/v1/classify/taxonomy/iab-qag/IAB26","rel":"parent"}],"id":"IAB26-4","label":"Copyright Infringement"},{"score":"0.1002","confident":true,"links":[{"link":"https://api.aylien.com/api/v1/classify/taxonomy/iab-qag/IAB26","rel":"self"}],"id":"IAB26","label":"Illegal Content"}]},"postidString":"facebook_page.128629527211777_1491797140895002","postMeta":{"inserted":"content-engine"},"timestamp":1494511117,"sharesRcvd":0,"likesRcvd":0,"source":"facebook_page","lastUpdateQuantum":4983736,"name":"Nadia Torres","imageLarge":"https://external.xx.fbcdn.net/safe_image.php?d=AQDRA8U3s0ZGjBWy&url=http%3A%2F%2Fmedia.telemundo47.com%2Fimages%2F1200%2A675%2Ffondos_clases_de_ingles_nadia_5-10_1200x675_940846147814.jpg&_nc_hash=AQAzAEj-Q6WhU1KX","repliesRcvd":0,"image":"https://external.xx.fbcdn.net/safe_image.php?d=AQC_byYUNI_2daQG&w=130&h=130&url=http%3A%2F%2Fmedia.telemundo47.com%2Fimages%2F1200%2A675%2Ffondos_clases_de_ingles_nadia_5-10_1200x675_940846147814.jpg&cfs=1&_nc_hash=AQDZJmofMfFPSeJo","username":"NadiaTorresT47","link":"http://trib.al/A04gHxE","timeQuantum":4981703,"title":"Exigen fondos para clases de inglés","type":"link"},{"content":"La policia le sigue la pista, Si lo reconoce llama al 1-888-57-PISTA Rafael Franklin Pujols Telemundo Telemundo 47","profileString":"facebook_page.128629527211777","postURL":"https://facebook.com/128629527211777/posts/1491811147560268","avatar":"https://graph.facebook.com/128629527211777/picture","classification":{"engine":"aylien","language":"en","taxonomy":[{"score":"0.2461","confident":true,"links":[{"link":"https://api.aylien.com/api/v1/classify/taxonomy/iab-qag/IAB20-21","rel":"self"},{"link":"https://api.aylien.com/api/v1/classify/taxonomy/iab-qag/IAB20","rel":"parent"}],"id":"IAB20-21","label":"Mexico & Central America"},{"score":"0.0811","confident":true,"links":[{"link":"https://api.aylien.com/api/v1/classify/taxonomy/iab-qag/IAB20","rel":"self"}],"id":"IAB20","label":"Travel"}]},"postidString":"facebook_page.128629527211777_1491811147560268","postMeta":{"inserted":"content-engine"},"timestamp":1494512027,"sharesRcvd":1,"likesRcvd":5,"source":"facebook_page","lastUpdateQuantum":4983736,"name":"Nadia Torres","imageLarge":"https://external.xx.fbcdn.net/safe_image.php?d=AQAKIYKkMZLlQURW&url=http%3A%2F%2Fmedia.telemundo47.com%2Fimages%2F1200%2A675%2Fpolice%2Blights19.jpg&_nc_hash=AQCpRFshmOqSO2VE","repliesRcvd":0,"image":"https://external.xx.fbcdn.net/safe_image.php?d=AQC1NRRCyp4gykpP&w=130&h=130&url=http%3A%2F%2Fmedia.telemundo47.com%2Fimages%2F1200%2A675%2Fpolice%2Blights19.jpg&cfs=1&_nc_hash=AQAyZ5AQG27iqPZH","username":"NadiaTorresT47","link":"http://www.telemundo47.com/noticias/destacados/Sospechoso-derriba-a-mujer-e-intenta-violarla-en-Brooklyn-421979843.html","timeQuantum":4981706,"title":"Sospechoso derriba a mujer e intenta violarla en Brooklyn","type":"link"},{"content":"Una vez mas una persona de la tercera edad cae presa de la violencia en #Brooklyn  reconoce al sospechoso llame al 1-888-57-PISTA","profileString":"facebook_page.128629527211777","postURL":"https://facebook.com/128629527211777/posts/1498872606854122","avatar":"https://graph.facebook.com/128629527211777/picture","classification":{"engine":"aylien","language":"en","taxonomy":[{"score":"0.3809","confident":false,"links":[{"link":"https://api.aylien.com/api/v1/classify/taxonomy/iab-qag/IAB26-4","rel":"self"},{"link":"https://api.aylien.com/api/v1/classify/taxonomy/iab-qag/IAB26","rel":"parent"}],"id":"IAB26-4","label":"Copyright Infringement"},{"score":"0.1002","confident":true,"links":[{"link":"https://api.aylien.com/api/v1/classify/taxonomy/iab-qag/IAB26","rel":"self"}],"id":"IAB26","label":"Illegal Content"}]},"postidString":"facebook_page.128629527211777_1498872606854122","postMeta":{"inserted":"content-engine"},"timestamp":1495028932,"sharesRcvd":0,"likesRcvd":0,"source":"facebook_page","lastUpdateQuantum":4984420,"name":"Nadia Torres","imageLarge":"https://external.xx.fbcdn.net/safe_image.php?d=AQDPMoJfPXfWs6NZ&url=http%3A%2F%2Fmedia.telemundo47.com%2Fimages%2F1200%2A675%2Fataque_anciano_brooklyn_nadia_5-16_1200x675_945510467625.jpg&_nc_hash=AQCPn-lut8dLSyPk","repliesRcvd":0,"image":"https://external.xx.fbcdn.net/safe_image.php?d=AQARMaxI0V4sRvN2&w=130&h=130&url=http%3A%2F%2Fmedia.telemundo47.com%2Fimages%2F1200%2A675%2Fataque_anciano_brooklyn_nadia_5-16_1200x675_945510467625.jpg&cfs=1&_nc_hash=AQCW4kUFxPrCh-sR","username":"NadiaTorresT47","link":"http://www.telemundo47.com/noticias/local/Anciano-es-v_ctima-de-brutal-golpiza-en-Brooklyn_TLMD---Nueva-York-422630934.html","timeQuantum":4983429,"title":"Anciano es víctima de brutal golpiza en Brooklyn","type":"link"}]