[{"profileString":"facebook_page.143032059063945","postsMade":1,"repliesRcvd":3,"postidString":"facebook_page.143032059063945_1549696308397506","sharesRcvd":1,"likesRcvd":15,"timeQuantum":4988446},{"profileString":"facebook_page.143032059063945","likesRcvd":15,"repliesRcvd":2,"timeQuantum":4988447,"postidString":"facebook_page.143032059063945_1549696308397506"},{"sharesRcvd":1,"profileString":"facebook_page.143032059063945","likesRcvd":8,"repliesRcvd":1,"timeQuantum":4988449,"postidString":"facebook_page.143032059063945_1549696308397506"},{"profileString":"facebook_page.143032059063945","likesRcvd":8,"repliesRcvd":1,"timeQuantum":4988450,"postidString":"facebook_page.143032059063945_1549696308397506"},{"profileString":"facebook_page.143032059063945","likesRcvd":7,"repliesRcvd":1,"timeQuantum":4988451,"postidString":"facebook_page.143032059063945_1549696308397506"},{"profileString":"facebook_page.143032059063945","likesRcvd":7,"repliesRcvd":1,"timeQuantum":4988452,"postidString":"facebook_page.143032059063945_1549696308397506"},{"profileString":"facebook_page.143032059063945","likesRcvd":7,"repliesRcvd":1,"timeQuantum":4988453,"postidString":"facebook_page.143032059063945_1549696308397506"},{"profileString":"facebook_page.143032059063945","likesRcvd":7,"timeQuantum":4988454,"postidString":"facebook_page.143032059063945_1549696308397506"},{"profileString":"facebook_page.143032059063945","likesRcvd":7,"timeQuantum":4988455,"postidString":"facebook_page.143032059063945_1549696308397506"},{"profileString":"facebook_page.143032059063945","likesRcvd":7,"timeQuantum":4988456,"postidString":"facebook_page.143032059063945_1549696308397506"},{"sharesRcvd":1,"profileString":"facebook_page.143032059063945","likesRcvd":4,"repliesRcvd":1,"timeQuantum":4988458,"postidString":"facebook_page.143032059063945_1549696308397506"},{"profileString":"facebook_page.143032059063945","likesRcvd":4,"repliesRcvd":1,"timeQuantum":4988459,"postidString":"facebook_page.143032059063945_1549696308397506"},{"profileString":"facebook_page.143032059063945","likesRcvd":4,"repliesRcvd":1,"timeQuantum":4988460,"postidString":"facebook_page.143032059063945_1549696308397506"},{"profileString":"facebook_page.143032059063945","likesRcvd":4,"timeQuantum":4988461,"postidString":"facebook_page.143032059063945_1549696308397506"},{"profileString":"facebook_page.143032059063945","likesRcvd":4,"timeQuantum":4988462,"postidString":"facebook_page.143032059063945_1549696308397506"},{"profileString":"facebook_page.143032059063945","likesRcvd":4,"timeQuantum":4988463,"postidString":"facebook_page.143032059063945_1549696308397506"},{"profileString":"facebook_page.143032059063945","likesRcvd":4,"timeQuantum":4988464,"postidString":"facebook_page.143032059063945_1549696308397506"},{"profileString":"facebook_page.143032059063945","likesRcvd":4,"timeQuantum":4988465,"postidString":"facebook_page.143032059063945_1549696308397506"},{"profileString":"facebook_page.143032059063945","likesRcvd":4,"timeQuantum":4988466,"postidString":"facebook_page.143032059063945_1549696308397506"},{"profileString":"facebook_page.143032059063945","likesRcvd":4,"timeQuantum":4988467,"postidString":"facebook_page.143032059063945_1549696308397506"},{"profileString":"facebook_page.143032059063945","likesRcvd":4,"timeQuantum":4988468,"postidString":"facebook_page.143032059063945_1549696308397506"},{"profileString":"facebook_page.143032059063945","likesRcvd":4,"timeQuantum":4988469,"postidString":"facebook_page.143032059063945_1549696308397506"},{"profileString":"facebook_page.143032059063945","likesRcvd":4,"timeQuantum":4988470,"postidString":"facebook_page.143032059063945_1549696308397506"},{"profileString":"facebook_page.143032059063945","likesRcvd":4,"timeQuantum":4988471,"postidString":"facebook_page.143032059063945_1549696308397506"},{"profileString":"facebook_page.143032059063945","likesRcvd":3,"timeQuantum":4988472,"postidString":"facebook_page.143032059063945_1549696308397506"},{"profileString":"facebook_page.143032059063945","likesRcvd":3,"timeQuantum":4988473,"postidString":"facebook_page.143032059063945_1549696308397506"},{"profileString":"facebook_page.143032059063945","likesRcvd":3,"timeQuantum":4988474,"postidString":"facebook_page.143032059063945_1549696308397506"},{"profileString":"facebook_page.143032059063945","likesRcvd":3,"repliesRcvd":1,"timeQuantum":4988476,"postidString":"facebook_page.143032059063945_1549696308397506"},{"profileString":"facebook_page.143032059063945","likesRcvd":3,"repliesRcvd":1,"timeQuantum":4988477,"postidString":"facebook_page.143032059063945_1549696308397506"},{"profileString":"facebook_page.143032059063945","likesRcvd":3,"timeQuantum":4988478,"postidString":"facebook_page.143032059063945_1549696308397506"},{"profileString":"facebook_page.143032059063945","likesRcvd":2,"timeQuantum":4988479,"postidString":"facebook_page.143032059063945_1549696308397506"},{"profileString":"facebook_page.143032059063945","likesRcvd":2,"timeQuantum":4988480,"postidString":"facebook_page.143032059063945_1549696308397506"},{"profileString":"facebook_page.143032059063945","likesRcvd":2,"timeQuantum":4988481,"postidString":"facebook_page.143032059063945_1549696308397506"},{"profileString":"facebook_page.143032059063945","likesRcvd":2,"timeQuantum":4988482,"postidString":"facebook_page.143032059063945_1549696308397506"},{"profileString":"facebook_page.143032059063945","likesRcvd":2,"timeQuantum":4988483,"postidString":"facebook_page.143032059063945_1549696308397506"},{"profileString":"facebook_page.143032059063945","likesRcvd":2,"timeQuantum":4988485,"postidString":"facebook_page.143032059063945_1549696308397506"},{"profileString":"facebook_page.143032059063945","likesRcvd":1,"timeQuantum":4988486,"postidString":"facebook_page.143032059063945_1549696308397506"},{"profileString":"facebook_page.143032059063945","likesRcvd":1,"timeQuantum":4988487,"postidString":"facebook_page.143032059063945_1549696308397506"},{"profileString":"facebook_page.143032059063945","likesRcvd":1,"timeQuantum":4988488,"postidString":"facebook_page.143032059063945_1549696308397506"},{"profileString":"facebook_page.143032059063945","likesRcvd":1,"timeQuantum":4988489,"postidString":"facebook_page.143032059063945_1549696308397506"},{"profileString":"facebook_page.143032059063945","likesRcvd":1,"timeQuantum":4988490,"postidString":"facebook_page.143032059063945_1549696308397506"},{"profileString":"facebook_page.143032059063945","likesRcvd":1,"timeQuantum":4988491,"postidString":"facebook_page.143032059063945_1549696308397506"},{"profileString":"facebook_page.143032059063945","likesRcvd":1,"timeQuantum":4988492,"postidString":"facebook_page.143032059063945_1549696308397506"},{"profileString":"facebook_page.143032059063945","likesRcvd":1,"timeQuantum":4988494,"postidString":"facebook_page.143032059063945_1549696308397506"},{"profileString":"facebook_page.143032059063945","likesRcvd":1,"timeQuantum":4988495,"postidString":"facebook_page.143032059063945_1549696308397506"},{"profileString":"facebook_page.143032059063945","likesRcvd":1,"timeQuantum":4988496,"postidString":"facebook_page.143032059063945_1549696308397506"},{"profileString":"facebook_page.143032059063945","likesRcvd":1,"timeQuantum":4988497,"postidString":"facebook_page.143032059063945_1549696308397506"},{"profileString":"facebook_page.143032059063945","likesRcvd":1,"timeQuantum":4988498,"postidString":"facebook_page.143032059063945_1549696308397506"},{"profileString":"facebook_page.143032059063945","likesRcvd":1,"timeQuantum":4988499,"postidString":"facebook_page.143032059063945_1549696308397506"},{"profileString":"facebook_page.143032059063945","likesRcvd":1,"timeQuantum":4988500,"postidString":"facebook_page.143032059063945_1549696308397506"},{"profileString":"facebook_page.143032059063945","likesRcvd":1,"timeQuantum":4988503,"postidString":"facebook_page.143032059063945_1549696308397506"},{"profileString":"facebook_page.143032059063945","likesRcvd":1,"timeQuantum":4988504,"postidString":"facebook_page.143032059063945_1549696308397506"},{"profileString":"facebook_page.143032059063945","likesRcvd":1,"repliesRcvd":1,"timeQuantum":4988512,"postidString":"facebook_page.143032059063945_1549696308397506"},{"profileString":"facebook_page.143032059063945","likesRcvd":1,"repliesRcvd":1,"timeQuantum":4988513,"postidString":"facebook_page.143032059063945_1549696308397506"},{"profileString":"facebook_page.143032059063945","likesRcvd":1,"timeQuantum":4988514,"postidString":"facebook_page.143032059063945_1549696308397506"},{"profileString":"facebook_page.143032059063945","likesRcvd":1,"timeQuantum":4988515,"postidString":"facebook_page.143032059063945_1549696308397506"},{"profileString":"facebook_page.143032059063945","likesRcvd":1,"timeQuantum":4988516,"postidString":"facebook_page.143032059063945_1549696308397506"},{"profileString":"facebook_page.143032059063945","likesRcvd":1,"timeQuantum":4988517,"postidString":"facebook_page.143032059063945_1549696308397506"},{"profileString":"facebook_page.143032059063945","likesRcvd":1,"repliesRcvd":1,"timeQuantum":4988521,"postidString":"facebook_page.143032059063945_1549696308397506"},{"profileString":"facebook_page.143032059063945","likesRcvd":1,"timeQuantum":4988522,"postidString":"facebook_page.143032059063945_1549696308397506"},{"profileString":"facebook_page.143032059063945","likesRcvd":1,"timeQuantum":4988539,"postidString":"facebook_page.143032059063945_1549696308397506"},{"profileString":"facebook_page.143032059063945","likesRcvd":1,"timeQuantum":4988540,"postidString":"facebook_page.143032059063945_1549696308397506"},{"profileString":"facebook_page.143032059063945","likesRcvd":1,"timeQuantum":4988557,"postidString":"facebook_page.143032059063945_1549696308397506"},{"profileString":"facebook_page.143032059063945","likesRcvd":1,"timeQuantum":4988566,"postidString":"facebook_page.143032059063945_1549696308397506"},{"profileString":"facebook_page.143032059063945","likesRcvd":1,"timeQuantum":4988567,"postidString":"facebook_page.143032059063945_1549696308397506"},{"profileString":"facebook_page.143032059063945","likesRcvd":1,"timeQuantum":4988568,"postidString":"facebook_page.143032059063945_1549696308397506"},{"profileString":"facebook_page.143032059063945","likesRcvd":1,"timeQuantum":4988569,"postidString":"facebook_page.143032059063945_1549696308397506"},{"profileString":"facebook_page.143032059063945","likesRcvd":1,"timeQuantum":4988570,"postidString":"facebook_page.143032059063945_1549696308397506"},{"profileString":"facebook_page.143032059063945","likesRcvd":1,"timeQuantum":4988571,"postidString":"facebook_page.143032059063945_1549696308397506"},{"profileString":"facebook_page.143032059063945","likesRcvd":1,"timeQuantum":4988572,"postidString":"facebook_page.143032059063945_1549696308397506"},{"profileString":"facebook_page.143032059063945","likesRcvd":1,"timeQuantum":4988573,"postidString":"facebook_page.143032059063945_1549696308397506"},{"profileString":"facebook_page.143032059063945","likesRcvd":1,"timeQuantum":4988575,"postidString":"facebook_page.143032059063945_1549696308397506"},{"profileString":"facebook_page.143032059063945","likesRcvd":1,"timeQuantum":4988576,"postidString":"facebook_page.143032059063945_1549696308397506"},{"profileString":"facebook_page.143032059063945","likesRcvd":1,"timeQuantum":4988577,"postidString":"facebook_page.143032059063945_1549696308397506"},{"profileString":"facebook_page.143032059063945","likesRcvd":1,"timeQuantum":4988578,"postidString":"facebook_page.143032059063945_1549696308397506"},{"profileString":"facebook_page.143032059063945","likesRcvd":1,"timeQuantum":4988579,"postidString":"facebook_page.143032059063945_1549696308397506"},{"profileString":"facebook_page.143032059063945","likesRcvd":1,"timeQuantum":4988580,"postidString":"facebook_page.143032059063945_1549696308397506"},{"profileString":"facebook_page.143032059063945","likesRcvd":1,"timeQuantum":4988581,"postidString":"facebook_page.143032059063945_1549696308397506"},{"profileString":"facebook_page.143032059063945","likesRcvd":1,"timeQuantum":4988582,"postidString":"facebook_page.143032059063945_1549696308397506"},{"profileString":"facebook_page.143032059063945","likesRcvd":1,"timeQuantum":4988583,"postidString":"facebook_page.143032059063945_1549696308397506"},{"profileString":"facebook_page.143032059063945","likesRcvd":1,"timeQuantum":4988584,"postidString":"facebook_page.143032059063945_1549696308397506"},{"profileString":"facebook_page.143032059063945","likesRcvd":1,"timeQuantum":4988585,"postidString":"facebook_page.143032059063945_1549696308397506"},{"profileString":"facebook_page.143032059063945","likesRcvd":1,"timeQuantum":4988586,"postidString":"facebook_page.143032059063945_1549696308397506"},{"profileString":"facebook_page.143032059063945","likesRcvd":1,"timeQuantum":4988587,"postidString":"facebook_page.143032059063945_1549696308397506"},{"profileString":"facebook_page.143032059063945","likesRcvd":1,"timeQuantum":4988588,"postidString":"facebook_page.143032059063945_1549696308397506"},{"profileString":"facebook_page.143032059063945","likesRcvd":1,"timeQuantum":4988593,"postidString":"facebook_page.143032059063945_1549696308397506"},{"profileString":"facebook_page.143032059063945","likesRcvd":1,"timeQuantum":4988594,"postidString":"facebook_page.143032059063945_1549696308397506"},{"profileString":"facebook_page.143032059063945","likesRcvd":1,"timeQuantum":4988595,"postidString":"facebook_page.143032059063945_1549696308397506"},{"profileString":"facebook_page.143032059063945","likesRcvd":1,"timeQuantum":4988596,"postidString":"facebook_page.143032059063945_1549696308397506"},{"profileString":"facebook_page.143032059063945","likesRcvd":1,"repliesRcvd":1,"timeQuantum":4988602,"postidString":"facebook_page.143032059063945_1549696308397506"},{"profileString":"facebook_page.143032059063945","likesRcvd":1,"repliesRcvd":1,"timeQuantum":4988603,"postidString":"facebook_page.143032059063945_1549696308397506"},{"profileString":"facebook_page.143032059063945","likesRcvd":1,"timeQuantum":4988604,"postidString":"facebook_page.143032059063945_1549696308397506"},{"profileString":"facebook_page.143032059063945","likesRcvd":1,"timeQuantum":4988605,"postidString":"facebook_page.143032059063945_1549696308397506"},{"profileString":"facebook_page.143032059063945","likesRcvd":1,"timeQuantum":4988606,"postidString":"facebook_page.143032059063945_1549696308397506"},{"profileString":"facebook_page.143032059063945","likesRcvd":1,"timeQuantum":4988607,"postidString":"facebook_page.143032059063945_1549696308397506"},{"profileString":"facebook_page.143032059063945","likesRcvd":1,"timeQuantum":4988611,"postidString":"facebook_page.143032059063945_1549696308397506"},{"profileString":"facebook_page.143032059063945","likesRcvd":1,"timeQuantum":4988612,"postidString":"facebook_page.143032059063945_1549696308397506"},{"profileString":"facebook_page.143032059063945","likesRcvd":1,"timeQuantum":4988620,"postidString":"facebook_page.143032059063945_1549696308397506"},{"profileString":"facebook_page.143032059063945","likesRcvd":1,"timeQuantum":4988621,"postidString":"facebook_page.143032059063945_1549696308397506"},{"profileString":"facebook_page.143032059063945","likesRcvd":1,"timeQuantum":4988629,"postidString":"facebook_page.143032059063945_1549696308397506"},{"profileString":"facebook_page.143032059063945","likesRcvd":1,"timeQuantum":4988630,"postidString":"facebook_page.143032059063945_1549696308397506"},{"profileString":"facebook_page.143032059063945","likesRcvd":1,"timeQuantum":4988631,"postidString":"facebook_page.143032059063945_1549696308397506"},{"profileString":"facebook_page.143032059063945","likesRcvd":1,"timeQuantum":4988632,"postidString":"facebook_page.143032059063945_1549696308397506"},{"profileString":"facebook_page.143032059063945","likesRcvd":1,"repliesRcvd":1,"timeQuantum":4988638,"postidString":"facebook_page.143032059063945_1549696308397506"},{"profileString":"facebook_page.143032059063945","likesRcvd":1,"repliesRcvd":1,"timeQuantum":4988639,"postidString":"facebook_page.143032059063945_1549696308397506"},{"profileString":"facebook_page.143032059063945","likesRcvd":1,"timeQuantum":4988640,"postidString":"facebook_page.143032059063945_1549696308397506"},{"profileString":"facebook_page.143032059063945","likesRcvd":1,"repliesRcvd":1,"timeQuantum":4988647,"postidString":"facebook_page.143032059063945_1549696308397506"},{"profileString":"facebook_page.143032059063945","likesRcvd":1,"timeQuantum":4988648,"postidString":"facebook_page.143032059063945_1549696308397506"},{"profileString":"facebook_page.143032059063945","likesRcvd":1,"timeQuantum":4988656,"postidString":"facebook_page.143032059063945_1549696308397506"},{"profileString":"facebook_page.143032059063945","likesRcvd":1,"timeQuantum":4988657,"postidString":"facebook_page.143032059063945_1549696308397506"},{"profileString":"facebook_page.143032059063945","likesRcvd":1,"timeQuantum":4988658,"postidString":"facebook_page.143032059063945_1549696308397506"},{"profileString":"facebook_page.143032059063945","likesRcvd":1,"timeQuantum":4988659,"postidString":"facebook_page.143032059063945_1549696308397506"},{"profileString":"facebook_page.143032059063945","likesRcvd":1,"timeQuantum":4988660,"postidString":"facebook_page.143032059063945_1549696308397506"},{"profileString":"facebook_page.143032059063945","likesRcvd":1,"repliesRcvd":1,"timeQuantum":4988665,"postidString":"facebook_page.143032059063945_1549696308397506"},{"profileString":"facebook_page.143032059063945","likesRcvd":1,"timeQuantum":4988666,"postidString":"facebook_page.143032059063945_1549696308397506"},{"profileString":"facebook_page.143032059063945","likesRcvd":1,"timeQuantum":4988674,"postidString":"facebook_page.143032059063945_1549696308397506"},{"profileString":"facebook_page.143032059063945","likesRcvd":1,"timeQuantum":4988675,"postidString":"facebook_page.143032059063945_1549696308397506"},{"profileString":"facebook_page.143032059063945","likesRcvd":1,"timeQuantum":4988683,"postidString":"facebook_page.143032059063945_1549696308397506"},{"profileString":"facebook_page.143032059063945","likesRcvd":1,"timeQuantum":4988701,"postidString":"facebook_page.143032059063945_1549696308397506"},{"profileString":"facebook_page.143032059063945","likesRcvd":1,"timeQuantum":4988710,"postidString":"facebook_page.143032059063945_1549696308397506"},{"profileString":"facebook_page.143032059063945","likesRcvd":1,"timeQuantum":4988711,"postidString":"facebook_page.143032059063945_1549696308397506"},{"profileString":"facebook_page.143032059063945","likesRcvd":1,"timeQuantum":4988737,"postidString":"facebook_page.143032059063945_1549696308397506"},{"profileString":"facebook_page.143032059063945","likesRcvd":1,"timeQuantum":4988738,"postidString":"facebook_page.143032059063945_1549696308397506"},{"profileString":"facebook_page.143032059063945","likesRcvd":1,"timeQuantum":4988739,"postidString":"facebook_page.143032059063945_1549696308397506"},{"profileString":"facebook_page.143032059063945","likesRcvd":1,"timeQuantum":4988773,"postidString":"facebook_page.143032059063945_1549696308397506"},{"profileString":"facebook_page.143032059063945","likesRcvd":1,"timeQuantum":4988774,"postidString":"facebook_page.143032059063945_1549696308397506"},{"profileString":"facebook_page.143032059063945","likesRcvd":1,"timeQuantum":4988782,"postidString":"facebook_page.143032059063945_1549696308397506"},{"profileString":"facebook_page.143032059063945","likesRcvd":1,"timeQuantum":4988783,"postidString":"facebook_page.143032059063945_1549696308397506"},{"profileString":"facebook_page.143032059063945","likesRcvd":1,"timeQuantum":4988784,"postidString":"facebook_page.143032059063945_1549696308397506"},{"profileString":"facebook_page.143032059063945","likesRcvd":1,"timeQuantum":4988818,"postidString":"facebook_page.143032059063945_1549696308397506"},{"profileString":"facebook_page.143032059063945","likesRcvd":1,"timeQuantum":4988845,"postidString":"facebook_page.143032059063945_1549696308397506"},{"profileString":"facebook_page.143032059063945","likesRcvd":1,"timeQuantum":4988854,"postidString":"facebook_page.143032059063945_1549696308397506"},{"profileString":"facebook_page.143032059063945","likesRcvd":1,"timeQuantum":4988917,"postidString":"facebook_page.143032059063945_1549696308397506"},{"profileString":"facebook_page.143032059063945","likesRcvd":1,"timeQuantum":4988962,"postidString":"facebook_page.143032059063945_1549696308397506"},{"profileString":"facebook_page.143032059063945","likesRcvd":1,"timeQuantum":4989007,"postidString":"facebook_page.143032059063945_1549696308397506"},{"profileString":"facebook_page.143032059063945","likesRcvd":1,"timeQuantum":4989034,"postidString":"facebook_page.143032059063945_1549696308397506"},{"profileString":"facebook_page.143032059063945","likesRcvd":1,"repliesRcvd":1,"timeQuantum":4989043,"postidString":"facebook_page.143032059063945_1549696308397506"},{"profileString":"facebook_page.143032059063945","likesRcvd":1,"timeQuantum":4989205,"postidString":"facebook_page.143032059063945_1549696308397506"},{"profileString":"facebook_page.143032059063945","likesRcvd":1,"timeQuantum":4989223,"postidString":"facebook_page.143032059063945_1549696308397506"},{"profileString":"facebook_page.143032059063945","likesRcvd":1,"timeQuantum":4989277,"postidString":"facebook_page.143032059063945_1549696308397506"},{"profileString":"facebook_page.143032059063945","likesRcvd":1,"timeQuantum":4989565,"postidString":"facebook_page.143032059063945_1549696308397506"},{"profileString":"facebook_page.143032059063945","likesRcvd":2,"postsMade":1,"timeQuantum":4990070,"postidString":"facebook_page.143032059063945_1784410634918861"},{"profileString":"facebook_page.143032059063945","likesRcvd":2,"timeQuantum":4990071,"postidString":"facebook_page.143032059063945_1784410634918861"},{"profileString":"facebook_page.143032059063945","likesRcvd":1,"timeQuantum":4990072,"postidString":"facebook_page.143032059063945_1784410634918861"},{"profileString":"facebook_page.143032059063945","likesRcvd":1,"timeQuantum":4990073,"postidString":"facebook_page.143032059063945_1784410634918861"},{"profileString":"facebook_page.143032059063945","likesRcvd":1,"timeQuantum":4990074,"postidString":"facebook_page.143032059063945_1784410634918861"},{"profileString":"facebook_page.143032059063945","likesRcvd":1,"timeQuantum":4990075,"postidString":"facebook_page.143032059063945_1784410634918861"},{"profileString":"facebook_page.143032059063945","likesRcvd":1,"timeQuantum":4990076,"postidString":"facebook_page.143032059063945_1784410634918861"},{"profileString":"facebook_page.143032059063945","likesRcvd":3,"repliesRcvd":1,"timeQuantum":4990078,"postidString":"facebook_page.143032059063945_1784410634918861"},{"profileString":"facebook_page.143032059063945","likesRcvd":4,"postsMade":1,"repliesRcvd":1,"timeQuantum":4990078,"postidString":"facebook_page.143032059063945_1556729451027525"},{"profileString":"facebook_page.143032059063945","likesRcvd":3,"timeQuantum":4990079,"postidString":"facebook_page.143032059063945_1784410634918861"},{"profileString":"facebook_page.143032059063945","likesRcvd":4,"repliesRcvd":1,"timeQuantum":4990079,"postidString":"facebook_page.143032059063945_1556729451027525"},{"profileString":"facebook_page.143032059063945","likesRcvd":3,"timeQuantum":4990080,"postidString":"facebook_page.143032059063945_1784410634918861"},{"profileString":"facebook_page.143032059063945","likesRcvd":4,"repliesRcvd":1,"timeQuantum":4990080,"postidString":"facebook_page.143032059063945_1556729451027525"},{"profileString":"facebook_page.143032059063945","likesRcvd":3,"timeQuantum":4990081,"postidString":"facebook_page.143032059063945_1784410634918861"},{"profileString":"facebook_page.143032059063945","likesRcvd":4,"timeQuantum":4990081,"postidString":"facebook_page.143032059063945_1556729451027525"},{"profileString":"facebook_page.143032059063945","likesRcvd":3,"timeQuantum":4990082,"postidString":"facebook_page.143032059063945_1784410634918861"},{"profileString":"facebook_page.143032059063945","likesRcvd":4,"timeQuantum":4990082,"postidString":"facebook_page.143032059063945_1556729451027525"},{"profileString":"facebook_page.143032059063945","likesRcvd":3,"timeQuantum":4990083,"postidString":"facebook_page.143032059063945_1784410634918861"},{"profileString":"facebook_page.143032059063945","likesRcvd":3,"timeQuantum":4990083,"postidString":"facebook_page.143032059063945_1556729451027525"},{"profileString":"facebook_page.143032059063945","likesRcvd":3,"timeQuantum":4990084,"postidString":"facebook_page.143032059063945_1784410634918861"},{"profileString":"facebook_page.143032059063945","likesRcvd":3,"timeQuantum":4990084,"postidString":"facebook_page.143032059063945_1556729451027525"},{"profileString":"facebook_page.143032059063945","likesRcvd":3,"timeQuantum":4990085,"postidString":"facebook_page.143032059063945_1784410634918861"},{"profileString":"facebook_page.143032059063945","likesRcvd":3,"timeQuantum":4990085,"postidString":"facebook_page.143032059063945_1556729451027525"},{"profileString":"facebook_page.143032059063945","likesRcvd":1,"timeQuantum":4990087,"postidString":"facebook_page.143032059063945_1784410634918861"},{"profileString":"facebook_page.143032059063945","likesRcvd":2,"repliesRcvd":1,"timeQuantum":4990087,"postidString":"facebook_page.143032059063945_1556729451027525"},{"profileString":"facebook_page.143032059063945","likesRcvd":1,"timeQuantum":4990088,"postidString":"facebook_page.143032059063945_1784410634918861"},{"profileString":"facebook_page.143032059063945","likesRcvd":2,"timeQuantum":4990088,"postidString":"facebook_page.143032059063945_1556729451027525"},{"profileString":"facebook_page.143032059063945","likesRcvd":1,"timeQuantum":4990089,"postidString":"facebook_page.143032059063945_1784410634918861"},{"profileString":"facebook_page.143032059063945","likesRcvd":2,"timeQuantum":4990089,"postidString":"facebook_page.143032059063945_1556729451027525"},{"profileString":"facebook_page.143032059063945","likesRcvd":1,"timeQuantum":4990090,"postidString":"facebook_page.143032059063945_1784410634918861"},{"profileString":"facebook_page.143032059063945","likesRcvd":2,"timeQuantum":4990090,"postidString":"facebook_page.143032059063945_1556729451027525"},{"profileString":"facebook_page.143032059063945","likesRcvd":1,"timeQuantum":4990091,"postidString":"facebook_page.143032059063945_1784410634918861"},{"profileString":"facebook_page.143032059063945","likesRcvd":2,"timeQuantum":4990091,"postidString":"facebook_page.143032059063945_1556729451027525"},{"profileString":"facebook_page.143032059063945","likesRcvd":2,"timeQuantum":4990092,"postidString":"facebook_page.143032059063945_1556729451027525"},{"profileString":"facebook_page.143032059063945","likesRcvd":1,"timeQuantum":4990093,"postidString":"facebook_page.143032059063945_1556729451027525"},{"profileString":"facebook_page.143032059063945","likesRcvd":1,"timeQuantum":4990094,"postidString":"facebook_page.143032059063945_1556729451027525"},{"profileString":"facebook_page.143032059063945","likesRcvd":1,"timeQuantum":4990096,"postidString":"facebook_page.143032059063945_1784410634918861"},{"profileString":"facebook_page.143032059063945","likesRcvd":2,"repliesRcvd":1,"timeQuantum":4990096,"postidString":"facebook_page.143032059063945_1556729451027525"},{"profileString":"facebook_page.143032059063945","likesRcvd":1,"timeQuantum":4990097,"postidString":"facebook_page.143032059063945_1784410634918861"},{"profileString":"facebook_page.143032059063945","likesRcvd":2,"timeQuantum":4990097,"postidString":"facebook_page.143032059063945_1556729451027525"},{"profileString":"facebook_page.143032059063945","likesRcvd":1,"timeQuantum":4990098,"postidString":"facebook_page.143032059063945_1784410634918861"},{"profileString":"facebook_page.143032059063945","likesRcvd":2,"timeQuantum":4990098,"postidString":"facebook_page.143032059063945_1556729451027525"},{"profileString":"facebook_page.143032059063945","likesRcvd":1,"timeQuantum":4990099,"postidString":"facebook_page.143032059063945_1784410634918861"},{"profileString":"facebook_page.143032059063945","likesRcvd":2,"timeQuantum":4990099,"postidString":"facebook_page.143032059063945_1556729451027525"},{"profileString":"facebook_page.143032059063945","likesRcvd":1,"timeQuantum":4990100,"postidString":"facebook_page.143032059063945_1784410634918861"},{"profileString":"facebook_page.143032059063945","likesRcvd":2,"timeQuantum":4990100,"postidString":"facebook_page.143032059063945_1556729451027525"},{"profileString":"facebook_page.143032059063945","likesRcvd":1,"timeQuantum":4990101,"postidString":"facebook_page.143032059063945_1784410634918861"},{"profileString":"facebook_page.143032059063945","likesRcvd":2,"timeQuantum":4990101,"postidString":"facebook_page.143032059063945_1556729451027525"},{"profileString":"facebook_page.143032059063945","likesRcvd":1,"timeQuantum":4990102,"postidString":"facebook_page.143032059063945_1784410634918861"},{"profileString":"facebook_page.143032059063945","likesRcvd":1,"timeQuantum":4990102,"postidString":"facebook_page.143032059063945_1556729451027525"},{"profileString":"facebook_page.143032059063945","likesRcvd":1,"timeQuantum":4990103,"postidString":"facebook_page.143032059063945_1784410634918861"},{"profileString":"facebook_page.143032059063945","likesRcvd":1,"timeQuantum":4990103,"postidString":"facebook_page.143032059063945_1556729451027525"},{"profileString":"facebook_page.143032059063945","likesRcvd":1,"timeQuantum":4990104,"postidString":"facebook_page.143032059063945_1784410634918861"},{"profileString":"facebook_page.143032059063945","likesRcvd":1,"timeQuantum":4990104,"postidString":"facebook_page.143032059063945_1556729451027525"},{"profileString":"facebook_page.143032059063945","likesRcvd":1,"timeQuantum":4990105,"postidString":"facebook_page.143032059063945_1784410634918861"},{"profileString":"facebook_page.143032059063945","likesRcvd":1,"timeQuantum":4990105,"postidString":"facebook_page.143032059063945_1556729451027525"},{"profileString":"facebook_page.143032059063945","likesRcvd":1,"timeQuantum":4990106,"postidString":"facebook_page.143032059063945_1784410634918861"},{"profileString":"facebook_page.143032059063945","likesRcvd":1,"timeQuantum":4990106,"postidString":"facebook_page.143032059063945_1556729451027525"},{"profileString":"facebook_page.143032059063945","likesRcvd":1,"timeQuantum":4990107,"postidString":"facebook_page.143032059063945_1784410634918861"},{"profileString":"facebook_page.143032059063945","likesRcvd":1,"timeQuantum":4990107,"postidString":"facebook_page.143032059063945_1556729451027525"},{"profileString":"facebook_page.143032059063945","likesRcvd":1,"timeQuantum":4990108,"postidString":"facebook_page.143032059063945_1784410634918861"},{"profileString":"facebook_page.143032059063945","likesRcvd":1,"timeQuantum":4990108,"postidString":"facebook_page.143032059063945_1556729451027525"},{"profileString":"facebook_page.143032059063945","likesRcvd":1,"timeQuantum":4990109,"postidString":"facebook_page.143032059063945_1784410634918861"},{"profileString":"facebook_page.143032059063945","likesRcvd":1,"timeQuantum":4990109,"postidString":"facebook_page.143032059063945_1556729451027525"},{"profileString":"facebook_page.143032059063945","likesRcvd":1,"timeQuantum":4990110,"postidString":"facebook_page.143032059063945_1784410634918861"},{"profileString":"facebook_page.143032059063945","likesRcvd":1,"timeQuantum":4990110,"postidString":"facebook_page.143032059063945_1556729451027525"},{"profileString":"facebook_page.143032059063945","likesRcvd":1,"timeQuantum":4990111,"postidString":"facebook_page.143032059063945_1556729451027525"},{"profileString":"facebook_page.143032059063945","likesRcvd":1,"timeQuantum":4990112,"postidString":"facebook_page.143032059063945_1556729451027525"},{"profileString":"facebook_page.143032059063945","likesRcvd":1,"timeQuantum":4990114,"postidString":"facebook_page.143032059063945_1784410634918861"},{"profileString":"facebook_page.143032059063945","likesRcvd":1,"timeQuantum":4990114,"postidString":"facebook_page.143032059063945_1549696308397506"},{"profileString":"facebook_page.143032059063945","likesRcvd":1,"repliesRcvd":1,"timeQuantum":4990114,"postidString":"facebook_page.143032059063945_1556729451027525"},{"profileString":"facebook_page.143032059063945","likesRcvd":1,"timeQuantum":4990115,"postidString":"facebook_page.143032059063945_1784410634918861"},{"profileString":"facebook_page.143032059063945","likesRcvd":1,"repliesRcvd":1,"timeQuantum":4990115,"postidString":"facebook_page.143032059063945_1556729451027525"},{"profileString":"facebook_page.143032059063945","likesRcvd":1,"timeQuantum":4990116,"postidString":"facebook_page.143032059063945_1784410634918861"},{"profileString":"facebook_page.143032059063945","likesRcvd":1,"timeQuantum":4990116,"postidString":"facebook_page.143032059063945_1556729451027525"},{"profileString":"facebook_page.143032059063945","likesRcvd":1,"timeQuantum":4990117,"postidString":"facebook_page.143032059063945_1784410634918861"},{"profileString":"facebook_page.143032059063945","likesRcvd":1,"timeQuantum":4990117,"postidString":"facebook_page.143032059063945_1556729451027525"},{"profileString":"facebook_page.143032059063945","likesRcvd":1,"timeQuantum":4990118,"postidString":"facebook_page.143032059063945_1556729451027525"},{"profileString":"facebook_page.143032059063945","likesRcvd":1,"timeQuantum":4990119,"postidString":"facebook_page.143032059063945_1556729451027525"},{"profileString":"facebook_page.143032059063945","likesRcvd":1,"timeQuantum":4990120,"postidString":"facebook_page.143032059063945_1556729451027525"},{"profileString":"facebook_page.143032059063945","likesRcvd":1,"timeQuantum":4990121,"postidString":"facebook_page.143032059063945_1556729451027525"},{"profileString":"facebook_page.143032059063945","likesRcvd":1,"repliesRcvd":1,"timeQuantum":4990123,"postidString":"facebook_page.143032059063945_1784410634918861"},{"profileString":"facebook_page.143032059063945","likesRcvd":1,"timeQuantum":4990123,"postidString":"facebook_page.143032059063945_1556729451027525"},{"profileString":"facebook_page.143032059063945","likesRcvd":1,"timeQuantum":4990124,"postidString":"facebook_page.143032059063945_1784410634918861"},{"profileString":"facebook_page.143032059063945","likesRcvd":1,"timeQuantum":4990124,"postidString":"facebook_page.143032059063945_1556729451027525"},{"profileString":"facebook_page.143032059063945","likesRcvd":1,"timeQuantum":4990125,"postidString":"facebook_page.143032059063945_1784410634918861"},{"profileString":"facebook_page.143032059063945","likesRcvd":1,"timeQuantum":4990125,"postidString":"facebook_page.143032059063945_1556729451027525"},{"profileString":"facebook_page.143032059063945","likesRcvd":1,"timeQuantum":4990126,"postidString":"facebook_page.143032059063945_1784410634918861"},{"profileString":"facebook_page.143032059063945","likesRcvd":1,"timeQuantum":4990126,"postidString":"facebook_page.143032059063945_1556729451027525"},{"profileString":"facebook_page.143032059063945","likesRcvd":1,"timeQuantum":4990127,"postidString":"facebook_page.143032059063945_1784410634918861"},{"profileString":"facebook_page.143032059063945","likesRcvd":1,"timeQuantum":4990128,"postidString":"facebook_page.143032059063945_1784410634918861"},{"profileString":"facebook_page.143032059063945","likesRcvd":1,"timeQuantum":4990132,"postidString":"facebook_page.143032059063945_1784410634918861"},{"profileString":"facebook_page.143032059063945","likesRcvd":1,"timeQuantum":4990132,"postidString":"facebook_page.143032059063945_1556729451027525"},{"profileString":"facebook_page.143032059063945","likesRcvd":1,"timeQuantum":4990133,"postidString":"facebook_page.143032059063945_1784410634918861"},{"profileString":"facebook_page.143032059063945","likesRcvd":1,"timeQuantum":4990133,"postidString":"facebook_page.143032059063945_1556729451027525"},{"profileString":"facebook_page.143032059063945","likesRcvd":1,"timeQuantum":4990134,"postidString":"facebook_page.143032059063945_1784410634918861"},{"profileString":"facebook_page.143032059063945","likesRcvd":1,"timeQuantum":4990134,"postidString":"facebook_page.143032059063945_1556729451027525"},{"profileString":"facebook_page.143032059063945","likesRcvd":1,"timeQuantum":4990135,"postidString":"facebook_page.143032059063945_1784410634918861"},{"profileString":"facebook_page.143032059063945","likesRcvd":1,"timeQuantum":4990136,"postidString":"facebook_page.143032059063945_1784410634918861"},{"profileString":"facebook_page.143032059063945","likesRcvd":1,"timeQuantum":4990137,"postidString":"facebook_page.143032059063945_1784410634918861"},{"profileString":"facebook_page.143032059063945","likesRcvd":1,"timeQuantum":4990141,"postidString":"facebook_page.143032059063945_1784410634918861"},{"profileString":"facebook_page.143032059063945","likesRcvd":1,"timeQuantum":4990141,"postidString":"facebook_page.143032059063945_1556729451027525"},{"profileString":"facebook_page.143032059063945","likesRcvd":1,"timeQuantum":4990142,"postidString":"facebook_page.143032059063945_1784410634918861"},{"profileString":"facebook_page.143032059063945","likesRcvd":1,"timeQuantum":4990142,"postidString":"facebook_page.143032059063945_1556729451027525"},{"profileString":"facebook_page.143032059063945","likesRcvd":1,"timeQuantum":4990143,"postidString":"facebook_page.143032059063945_1784410634918861"},{"profileString":"facebook_page.143032059063945","likesRcvd":1,"timeQuantum":4990143,"postidString":"facebook_page.143032059063945_1556729451027525"},{"profileString":"facebook_page.143032059063945","likesRcvd":1,"timeQuantum":4990144,"postidString":"facebook_page.143032059063945_1784410634918861"},{"profileString":"facebook_page.143032059063945","likesRcvd":1,"timeQuantum":4990144,"postidString":"facebook_page.143032059063945_1556729451027525"},{"profileString":"facebook_page.143032059063945","likesRcvd":1,"timeQuantum":4990145,"postidString":"facebook_page.143032059063945_1784410634918861"},{"profileString":"facebook_page.143032059063945","likesRcvd":1,"timeQuantum":4990145,"postidString":"facebook_page.143032059063945_1556729451027525"},{"profileString":"facebook_page.143032059063945","likesRcvd":1,"timeQuantum":4990146,"postidString":"facebook_page.143032059063945_1784410634918861"},{"profileString":"facebook_page.143032059063945","likesRcvd":1,"timeQuantum":4990146,"postidString":"facebook_page.143032059063945_1556729451027525"},{"profileString":"facebook_page.143032059063945","likesRcvd":1,"timeQuantum":4990147,"postidString":"facebook_page.143032059063945_1784410634918861"},{"profileString":"facebook_page.143032059063945","likesRcvd":1,"timeQuantum":4990147,"postidString":"facebook_page.143032059063945_1556729451027525"},{"profileString":"facebook_page.143032059063945","likesRcvd":1,"timeQuantum":4990148,"postidString":"facebook_page.143032059063945_1784410634918861"},{"profileString":"facebook_page.143032059063945","likesRcvd":1,"timeQuantum":4990148,"postidString":"facebook_page.143032059063945_1556729451027525"},{"profileString":"facebook_page.143032059063945","likesRcvd":1,"timeQuantum":4990149,"postidString":"facebook_page.143032059063945_1784410634918861"},{"profileString":"facebook_page.143032059063945","likesRcvd":1,"timeQuantum":4990149,"postidString":"facebook_page.143032059063945_1556729451027525"},{"profileString":"facebook_page.143032059063945","likesRcvd":1,"timeQuantum":4990150,"postidString":"facebook_page.143032059063945_1784410634918861"},{"profileString":"facebook_page.143032059063945","likesRcvd":1,"timeQuantum":4990151,"postidString":"facebook_page.143032059063945_1784410634918861"},{"profileString":"facebook_page.143032059063945","likesRcvd":1,"timeQuantum":4990152,"postidString":"facebook_page.143032059063945_1784410634918861"},{"profileString":"facebook_page.143032059063945","likesRcvd":1,"timeQuantum":4990153,"postidString":"facebook_page.143032059063945_1784410634918861"},{"profileString":"facebook_page.143032059063945","likesRcvd":1,"timeQuantum":4990154,"postidString":"facebook_page.143032059063945_1784410634918861"},{"profileString":"facebook_page.143032059063945","likesRcvd":1,"timeQuantum":4990155,"postidString":"facebook_page.143032059063945_1784410634918861"},{"profileString":"facebook_page.143032059063945","likesRcvd":1,"timeQuantum":4990168,"postidString":"facebook_page.143032059063945_1784410634918861"},{"profileString":"facebook_page.143032059063945","likesRcvd":1,"timeQuantum":4990168,"postidString":"facebook_page.143032059063945_1556729451027525"},{"profileString":"facebook_page.143032059063945","likesRcvd":1,"timeQuantum":4990169,"postidString":"facebook_page.143032059063945_1784410634918861"},{"profileString":"facebook_page.143032059063945","likesRcvd":1,"timeQuantum":4990169,"postidString":"facebook_page.143032059063945_1556729451027525"},{"profileString":"facebook_page.143032059063945","likesRcvd":1,"timeQuantum":4990170,"postidString":"facebook_page.143032059063945_1784410634918861"},{"profileString":"facebook_page.143032059063945","likesRcvd":1,"timeQuantum":4990171,"postidString":"facebook_page.143032059063945_1784410634918861"},{"profileString":"facebook_page.143032059063945","likesRcvd":1,"timeQuantum":4990172,"postidString":"facebook_page.143032059063945_1784410634918861"},{"profileString":"facebook_page.143032059063945","likesRcvd":1,"timeQuantum":4990173,"postidString":"facebook_page.143032059063945_1784410634918861"},{"profileString":"facebook_page.143032059063945","likesRcvd":1,"timeQuantum":4990174,"postidString":"facebook_page.143032059063945_1784410634918861"},{"profileString":"facebook_page.143032059063945","likesRcvd":1,"timeQuantum":4990177,"postidString":"facebook_page.143032059063945_1784410634918861"},{"profileString":"facebook_page.143032059063945","likesRcvd":1,"repliesRcvd":1,"timeQuantum":4990177,"postidString":"facebook_page.143032059063945_1556729451027525"},{"profileString":"facebook_page.143032059063945","likesRcvd":1,"timeQuantum":4990178,"postidString":"facebook_page.143032059063945_1784410634918861"},{"profileString":"facebook_page.143032059063945","likesRcvd":1,"timeQuantum":4990178,"postidString":"facebook_page.143032059063945_1556729451027525"},{"profileString":"facebook_page.143032059063945","likesRcvd":1,"timeQuantum":4990179,"postidString":"facebook_page.143032059063945_1784410634918861"},{"profileString":"facebook_page.143032059063945","likesRcvd":1,"timeQuantum":4990179,"postidString":"facebook_page.143032059063945_1556729451027525"},{"profileString":"facebook_page.143032059063945","likesRcvd":1,"timeQuantum":4990180,"postidString":"facebook_page.143032059063945_1784410634918861"},{"profileString":"facebook_page.143032059063945","likesRcvd":1,"timeQuantum":4990180,"postidString":"facebook_page.143032059063945_1556729451027525"},{"profileString":"facebook_page.143032059063945","likesRcvd":1,"timeQuantum":4990181,"postidString":"facebook_page.143032059063945_1784410634918861"},{"profileString":"facebook_page.143032059063945","likesRcvd":1,"timeQuantum":4990181,"postidString":"facebook_page.143032059063945_1556729451027525"},{"profileString":"facebook_page.143032059063945","likesRcvd":1,"timeQuantum":4990182,"postidString":"facebook_page.143032059063945_1556729451027525"},{"profileString":"facebook_page.143032059063945","likesRcvd":1,"timeQuantum":4990183,"postidString":"facebook_page.143032059063945_1556729451027525"},{"profileString":"facebook_page.143032059063945","likesRcvd":1,"timeQuantum":4990184,"postidString":"facebook_page.143032059063945_1556729451027525"},{"profileString":"facebook_page.143032059063945","likesRcvd":1,"timeQuantum":4990185,"postidString":"facebook_page.143032059063945_1556729451027525"},{"profileString":"facebook_page.143032059063945","likesRcvd":1,"timeQuantum":4990186,"postidString":"facebook_page.143032059063945_1556729451027525"},{"profileString":"facebook_page.143032059063945","likesRcvd":1,"timeQuantum":4990187,"postidString":"facebook_page.143032059063945_1556729451027525"},{"profileString":"facebook_page.143032059063945","likesRcvd":1,"timeQuantum":4990188,"postidString":"facebook_page.143032059063945_1556729451027525"},{"profileString":"facebook_page.143032059063945","likesRcvd":1,"timeQuantum":4990195,"postidString":"facebook_page.143032059063945_1784410634918861"},{"profileString":"facebook_page.143032059063945","likesRcvd":1,"timeQuantum":4990195,"postidString":"facebook_page.143032059063945_1556729451027525"},{"profileString":"facebook_page.143032059063945","likesRcvd":1,"timeQuantum":4990204,"postidString":"facebook_page.143032059063945_1784410634918861"},{"profileString":"facebook_page.143032059063945","likesRcvd":1,"timeQuantum":4990204,"postidString":"facebook_page.143032059063945_1556729451027525"},{"profileString":"facebook_page.143032059063945","likesRcvd":1,"timeQuantum":4990205,"postidString":"facebook_page.143032059063945_1784410634918861"},{"profileString":"facebook_page.143032059063945","likesRcvd":1,"timeQuantum":4990205,"postidString":"facebook_page.143032059063945_1556729451027525"},{"profileString":"facebook_page.143032059063945","likesRcvd":1,"timeQuantum":4990206,"postidString":"facebook_page.143032059063945_1784410634918861"},{"profileString":"facebook_page.143032059063945","likesRcvd":1,"timeQuantum":4990206,"postidString":"facebook_page.143032059063945_1556729451027525"},{"profileString":"facebook_page.143032059063945","likesRcvd":1,"timeQuantum":4990213,"postidString":"facebook_page.143032059063945_1784410634918861"},{"profileString":"facebook_page.143032059063945","likesRcvd":1,"timeQuantum":4990213,"postidString":"facebook_page.143032059063945_1556729451027525"},{"profileString":"facebook_page.143032059063945","likesRcvd":1,"timeQuantum":4990214,"postidString":"facebook_page.143032059063945_1784410634918861"},{"profileString":"facebook_page.143032059063945","likesRcvd":1,"timeQuantum":4990249,"postidString":"facebook_page.143032059063945_1784410634918861"},{"profileString":"facebook_page.143032059063945","likesRcvd":1,"timeQuantum":4990249,"postidString":"facebook_page.143032059063945_1556729451027525"},{"profileString":"facebook_page.143032059063945","likesRcvd":1,"timeQuantum":4990294,"postidString":"facebook_page.143032059063945_1556729451027525"},{"profileString":"facebook_page.143032059063945","likesRcvd":1,"timeQuantum":4990303,"postidString":"facebook_page.143032059063945_1556729451027525"},{"profileString":"facebook_page.143032059063945","likesRcvd":1,"timeQuantum":4990312,"postidString":"facebook_page.143032059063945_1784410634918861"},{"sharesRcvd":1,"profileString":"facebook_page.143032059063945","likesRcvd":1,"timeQuantum":4990312,"postidString":"facebook_page.143032059063945_1556729451027525"},{"profileString":"facebook_page.143032059063945","likesRcvd":1,"timeQuantum":4990313,"postidString":"facebook_page.143032059063945_1784410634918861"},{"profileString":"facebook_page.143032059063945","likesRcvd":1,"timeQuantum":4990321,"postidString":"facebook_page.143032059063945_1784410634918861"},{"profileString":"facebook_page.143032059063945","repliesRcvd":1,"timeQuantum":4990321,"postidString":"facebook_page.143032059063945_1556729451027525"},{"profileString":"facebook_page.143032059063945","likesRcvd":1,"timeQuantum":4990322,"postidString":"facebook_page.143032059063945_1784410634918861"},{"profileString":"facebook_page.143032059063945","likesRcvd":1,"timeQuantum":4990323,"postidString":"facebook_page.143032059063945_1784410634918861"},{"profileString":"facebook_page.143032059063945","likesRcvd":1,"timeQuantum":4990330,"postidString":"facebook_page.143032059063945_1556729451027525"},{"profileString":"facebook_page.143032059063945","likesRcvd":1,"timeQuantum":4990339,"postidString":"facebook_page.143032059063945_1784410634918861"},{"profileString":"facebook_page.143032059063945","likesRcvd":1,"timeQuantum":4990339,"postidString":"facebook_page.143032059063945_1556729451027525"},{"profileString":"facebook_page.143032059063945","likesRcvd":1,"timeQuantum":4990340,"postidString":"facebook_page.143032059063945_1784410634918861"},{"profileString":"facebook_page.143032059063945","likesRcvd":1,"timeQuantum":4990348,"postidString":"facebook_page.143032059063945_1784410634918861"},{"profileString":"facebook_page.143032059063945","likesRcvd":1,"timeQuantum":4990393,"postidString":"facebook_page.143032059063945_1784410634918861"},{"profileString":"facebook_page.143032059063945","likesRcvd":1,"timeQuantum":4990429,"postidString":"facebook_page.143032059063945_1556729451027525"},{"profileString":"facebook_page.143032059063945","likesRcvd":1,"timeQuantum":4990438,"postidString":"facebook_page.143032059063945_1784410634918861"},{"profileString":"facebook_page.143032059063945","likesRcvd":1,"timeQuantum":4990439,"postidString":"facebook_page.143032059063945_1784410634918861"},{"profileString":"facebook_page.143032059063945","likesRcvd":1,"timeQuantum":4990447,"postidString":"facebook_page.143032059063945_1784410634918861"},{"profileString":"facebook_page.143032059063945","likesRcvd":1,"timeQuantum":4990456,"postidString":"facebook_page.143032059063945_1556729451027525"},{"profileString":"facebook_page.143032059063945","likesRcvd":1,"timeQuantum":4990474,"postidString":"facebook_page.143032059063945_1784410634918861"},{"profileString":"facebook_page.143032059063945","likesRcvd":1,"timeQuantum":4990483,"postidString":"facebook_page.143032059063945_1784410634918861"},{"profileString":"facebook_page.143032059063945","likesRcvd":1,"timeQuantum":4990501,"postidString":"facebook_page.143032059063945_1784410634918861"},{"profileString":"facebook_page.143032059063945","likesRcvd":1,"timeQuantum":4990501,"postidString":"facebook_page.143032059063945_1556729451027525"},{"profileString":"facebook_page.143032059063945","likesRcvd":1,"timeQuantum":4990502,"postidString":"facebook_page.143032059063945_1784410634918861"},{"profileString":"facebook_page.143032059063945","likesRcvd":1,"timeQuantum":4990510,"postidString":"facebook_page.143032059063945_1556729451027525"},{"profileString":"facebook_page.143032059063945","likesRcvd":1,"timeQuantum":4990582,"postidString":"facebook_page.143032059063945_1784410634918861"},{"profileString":"facebook_page.143032059063945","likesRcvd":1,"timeQuantum":4990609,"postidString":"facebook_page.143032059063945_1784410634918861"},{"profileString":"facebook_page.143032059063945","likesRcvd":1,"timeQuantum":4990610,"postidString":"facebook_page.143032059063945_1784410634918861"},{"profileString":"facebook_page.143032059063945","likesRcvd":1,"timeQuantum":4990618,"postidString":"facebook_page.143032059063945_1556729451027525"},{"profileString":"facebook_page.143032059063945","likesRcvd":1,"timeQuantum":4990619,"postidString":"facebook_page.143032059063945_1556729451027525"},{"sharesRcvd":1,"profileString":"facebook_page.143032059063945","likesRcvd":1,"timeQuantum":4990672,"postidString":"facebook_page.143032059063945_1549696308397506"},{"profileString":"facebook_page.143032059063945","likesRcvd":1,"timeQuantum":4990699,"postidString":"facebook_page.143032059063945_1556729451027525"},{"profileString":"facebook_page.143032059063945","likesRcvd":1,"timeQuantum":4990708,"postidString":"facebook_page.143032059063945_1556729451027525"},{"profileString":"facebook_page.143032059063945","likesRcvd":1,"repliesRcvd":1,"timeQuantum":4990744,"postidString":"facebook_page.143032059063945_1556729451027525"},{"profileString":"facebook_page.143032059063945","likesRcvd":1,"timeQuantum":4990753,"postidString":"facebook_page.143032059063945_1556729451027525"},{"profileString":"facebook_page.143032059063945","likesRcvd":1,"timeQuantum":4990762,"postidString":"facebook_page.143032059063945_1556729451027525"},{"profileString":"facebook_page.143032059063945","likesRcvd":1,"timeQuantum":4990771,"postidString":"facebook_page.143032059063945_1556729451027525"},{"profileString":"facebook_page.143032059063945","likesRcvd":1,"timeQuantum":4990789,"postidString":"facebook_page.143032059063945_1784410634918861"},{"profileString":"facebook_page.143032059063945","likesRcvd":1,"timeQuantum":4990933,"postidString":"facebook_page.143032059063945_1784410634918861"},{"profileString":"facebook_page.143032059063945","likesRcvd":1,"timeQuantum":4990933,"postidString":"facebook_page.143032059063945_1556729451027525"},{"profileString":"facebook_page.143032059063945","likesRcvd":1,"timeQuantum":4990942,"postidString":"facebook_page.143032059063945_1556729451027525"},{"profileString":"facebook_page.143032059063945","likesRcvd":11,"postsMade":1,"repliesRcvd":2,"timeQuantum":4990967,"postidString":"facebook_page.143032059063945_1560694253964378"},{"profileString":"facebook_page.143032059063945","likesRcvd":9,"repliesRcvd":1,"timeQuantum":4990969,"postidString":"facebook_page.143032059063945_1560694253964378"},{"profileString":"facebook_page.143032059063945","likesRcvd":9,"repliesRcvd":1,"timeQuantum":4990970,"postidString":"facebook_page.143032059063945_1560694253964378"},{"profileString":"facebook_page.143032059063945","likesRcvd":9,"repliesRcvd":1,"timeQuantum":4990971,"postidString":"facebook_page.143032059063945_1560694253964378"},{"profileString":"facebook_page.143032059063945","likesRcvd":9,"repliesRcvd":1,"timeQuantum":4990972,"postidString":"facebook_page.143032059063945_1560694253964378"},{"profileString":"facebook_page.143032059063945","likesRcvd":8,"repliesRcvd":1,"timeQuantum":4990973,"postidString":"facebook_page.143032059063945_1560694253964378"},{"profileString":"facebook_page.143032059063945","likesRcvd":8,"repliesRcvd":1,"timeQuantum":4990974,"postidString":"facebook_page.143032059063945_1560694253964378"},{"profileString":"facebook_page.143032059063945","likesRcvd":8,"repliesRcvd":1,"timeQuantum":4990975,"postidString":"facebook_page.143032059063945_1560694253964378"},{"profileString":"facebook_page.143032059063945","likesRcvd":8,"timeQuantum":4990976,"postidString":"facebook_page.143032059063945_1560694253964378"},{"sharesRcvd":1,"profileString":"facebook_page.143032059063945","likesRcvd":4,"repliesRcvd":1,"timeQuantum":4990978,"postidString":"facebook_page.143032059063945_1560694253964378"},{"profileString":"facebook_page.143032059063945","likesRcvd":4,"repliesRcvd":1,"timeQuantum":4990979,"postidString":"facebook_page.143032059063945_1560694253964378"},{"profileString":"facebook_page.143032059063945","likesRcvd":4,"repliesRcvd":1,"timeQuantum":4990980,"postidString":"facebook_page.143032059063945_1560694253964378"},{"profileString":"facebook_page.143032059063945","likesRcvd":4,"timeQuantum":4990981,"postidString":"facebook_page.143032059063945_1560694253964378"},{"profileString":"facebook_page.143032059063945","likesRcvd":4,"timeQuantum":4990982,"postidString":"facebook_page.143032059063945_1560694253964378"},{"profileString":"facebook_page.143032059063945","likesRcvd":3,"timeQuantum":4990983,"postidString":"facebook_page.143032059063945_1560694253964378"},{"profileString":"facebook_page.143032059063945","likesRcvd":3,"timeQuantum":4990984,"postidString":"facebook_page.143032059063945_1560694253964378"},{"profileString":"facebook_page.143032059063945","likesRcvd":3,"timeQuantum":4990985,"postidString":"facebook_page.143032059063945_1560694253964378"},{"sharesRcvd":1,"profileString":"facebook_page.143032059063945","likesRcvd":5,"repliesRcvd":1,"timeQuantum":4990987,"postidString":"facebook_page.143032059063945_1560694253964378"},{"profileString":"facebook_page.143032059063945","likesRcvd":5,"repliesRcvd":1,"timeQuantum":4990988,"postidString":"facebook_page.143032059063945_1560694253964378"},{"profileString":"facebook_page.143032059063945","likesRcvd":4,"repliesRcvd":1,"timeQuantum":4990989,"postidString":"facebook_page.143032059063945_1560694253964378"},{"profileString":"facebook_page.143032059063945","likesRcvd":4,"repliesRcvd":1,"timeQuantum":4990990,"postidString":"facebook_page.143032059063945_1560694253964378"},{"profileString":"facebook_page.143032059063945","likesRcvd":4,"timeQuantum":4990991,"postidString":"facebook_page.143032059063945_1560694253964378"},{"profileString":"facebook_page.143032059063945","likesRcvd":4,"timeQuantum":4990992,"postidString":"facebook_page.143032059063945_1560694253964378"},{"profileString":"facebook_page.143032059063945","likesRcvd":4,"timeQuantum":4990993,"postidString":"facebook_page.143032059063945_1560694253964378"},{"profileString":"facebook_page.143032059063945","likesRcvd":4,"timeQuantum":4990994,"postidString":"facebook_page.143032059063945_1560694253964378"},{"profileString":"facebook_page.143032059063945","likesRcvd":1,"timeQuantum":4990996,"postidString":"facebook_page.143032059063945_1784410634918861"},{"profileString":"facebook_page.143032059063945","likesRcvd":2,"timeQuantum":4990996,"postidString":"facebook_page.143032059063945_1560694253964378"},{"profileString":"facebook_page.143032059063945","likesRcvd":2,"timeQuantum":4990997,"postidString":"facebook_page.143032059063945_1560694253964378"},{"profileString":"facebook_page.143032059063945","likesRcvd":2,"timeQuantum":4990998,"postidString":"facebook_page.143032059063945_1560694253964378"},{"profileString":"facebook_page.143032059063945","likesRcvd":2,"timeQuantum":4990999,"postidString":"facebook_page.143032059063945_1560694253964378"},{"profileString":"facebook_page.143032059063945","likesRcvd":2,"timeQuantum":4991000,"postidString":"facebook_page.143032059063945_1560694253964378"},{"profileString":"facebook_page.143032059063945","likesRcvd":2,"timeQuantum":4991001,"postidString":"facebook_page.143032059063945_1560694253964378"},{"profileString":"facebook_page.143032059063945","likesRcvd":2,"timeQuantum":4991002,"postidString":"facebook_page.143032059063945_1560694253964378"},{"profileString":"facebook_page.143032059063945","likesRcvd":2,"timeQuantum":4991003,"postidString":"facebook_page.143032059063945_1560694253964378"},{"profileString":"facebook_page.143032059063945","likesRcvd":2,"timeQuantum":4991004,"postidString":"facebook_page.143032059063945_1560694253964378"},{"profileString":"facebook_page.143032059063945","likesRcvd":2,"timeQuantum":4991005,"postidString":"facebook_page.143032059063945_1560694253964378"},{"profileString":"facebook_page.143032059063945","likesRcvd":2,"timeQuantum":4991006,"postidString":"facebook_page.143032059063945_1560694253964378"},{"profileString":"facebook_page.143032059063945","likesRcvd":2,"timeQuantum":4991007,"postidString":"facebook_page.143032059063945_1560694253964378"},{"profileString":"facebook_page.143032059063945","likesRcvd":2,"timeQuantum":4991008,"postidString":"facebook_page.143032059063945_1560694253964378"},{"profileString":"facebook_page.143032059063945","likesRcvd":2,"timeQuantum":4991009,"postidString":"facebook_page.143032059063945_1560694253964378"},{"profileString":"facebook_page.143032059063945","likesRcvd":1,"timeQuantum":4991010,"postidString":"facebook_page.143032059063945_1560694253964378"},{"profileString":"facebook_page.143032059063945","likesRcvd":1,"timeQuantum":4991011,"postidString":"facebook_page.143032059063945_1560694253964378"},{"profileString":"facebook_page.143032059063945","likesRcvd":1,"timeQuantum":4991012,"postidString":"facebook_page.143032059063945_1560694253964378"},{"profileString":"facebook_page.143032059063945","likesRcvd":2,"timeQuantum":4991014,"postidString":"facebook_page.143032059063945_1560694253964378"},{"profileString":"facebook_page.143032059063945","likesRcvd":2,"timeQuantum":4991015,"postidString":"facebook_page.143032059063945_1560694253964378"},{"profileString":"facebook_page.143032059063945","likesRcvd":2,"timeQuantum":4991016,"postidString":"facebook_page.143032059063945_1560694253964378"},{"profileString":"facebook_page.143032059063945","likesRcvd":2,"timeQuantum":4991017,"postidString":"facebook_page.143032059063945_1560694253964378"},{"profileString":"facebook_page.143032059063945","likesRcvd":2,"timeQuantum":4991018,"postidString":"facebook_page.143032059063945_1560694253964378"},{"profileString":"facebook_page.143032059063945","likesRcvd":2,"timeQuantum":4991019,"postidString":"facebook_page.143032059063945_1560694253964378"},{"profileString":"facebook_page.143032059063945","likesRcvd":2,"timeQuantum":4991020,"postidString":"facebook_page.143032059063945_1560694253964378"},{"profileString":"facebook_page.143032059063945","likesRcvd":2,"timeQuantum":4991021,"postidString":"facebook_page.143032059063945_1560694253964378"},{"profileString":"facebook_page.143032059063945","likesRcvd":3,"repliesRcvd":1,"timeQuantum":4991023,"postidString":"facebook_page.143032059063945_1560694253964378"},{"profileString":"facebook_page.143032059063945","likesRcvd":2,"repliesRcvd":1,"timeQuantum":4991024,"postidString":"facebook_page.143032059063945_1560694253964378"},{"profileString":"facebook_page.143032059063945","likesRcvd":2,"repliesRcvd":1,"timeQuantum":4991025,"postidString":"facebook_page.143032059063945_1560694253964378"},{"profileString":"facebook_page.143032059063945","likesRcvd":2,"repliesRcvd":1,"timeQuantum":4991026,"postidString":"facebook_page.143032059063945_1560694253964378"},{"profileString":"facebook_page.143032059063945","likesRcvd":2,"timeQuantum":4991027,"postidString":"facebook_page.143032059063945_1560694253964378"},{"profileString":"facebook_page.143032059063945","likesRcvd":2,"timeQuantum":4991028,"postidString":"facebook_page.143032059063945_1560694253964378"},{"profileString":"facebook_page.143032059063945","likesRcvd":2,"timeQuantum":4991029,"postidString":"facebook_page.143032059063945_1560694253964378"},{"profileString":"facebook_page.143032059063945","likesRcvd":2,"timeQuantum":4991030,"postidString":"facebook_page.143032059063945_1560694253964378"},{"profileString":"facebook_page.143032059063945","likesRcvd":2,"repliesRcvd":1,"timeQuantum":4991032,"postidString":"facebook_page.143032059063945_1560694253964378"},{"profileString":"facebook_page.143032059063945","likesRcvd":2,"repliesRcvd":1,"timeQuantum":4991033,"postidString":"facebook_page.143032059063945_1560694253964378"},{"profileString":"facebook_page.143032059063945","likesRcvd":2,"timeQuantum":4991034,"postidString":"facebook_page.143032059063945_1560694253964378"},{"profileString":"facebook_page.143032059063945","likesRcvd":2,"timeQuantum":4991035,"postidString":"facebook_page.143032059063945_1560694253964378"},{"profileString":"facebook_page.143032059063945","likesRcvd":2,"timeQuantum":4991036,"postidString":"facebook_page.143032059063945_1560694253964378"},{"profileString":"facebook_page.143032059063945","likesRcvd":2,"timeQuantum":4991037,"postidString":"facebook_page.143032059063945_1560694253964378"},{"profileString":"facebook_page.143032059063945","likesRcvd":2,"timeQuantum":4991038,"postidString":"facebook_page.143032059063945_1560694253964378"},{"profileString":"facebook_page.143032059063945","likesRcvd":2,"timeQuantum":4991039,"postidString":"facebook_page.143032059063945_1560694253964378"},{"profileString":"facebook_page.143032059063945","likesRcvd":2,"timeQuantum":4991040,"postidString":"facebook_page.143032059063945_1560694253964378"},{"profileString":"facebook_page.143032059063945","likesRcvd":2,"timeQuantum":4991041,"postidString":"facebook_page.143032059063945_1560694253964378"},{"profileString":"facebook_page.143032059063945","likesRcvd":2,"timeQuantum":4991042,"postidString":"facebook_page.143032059063945_1560694253964378"},{"profileString":"facebook_page.143032059063945","likesRcvd":1,"timeQuantum":4991043,"postidString":"facebook_page.143032059063945_1560694253964378"},{"profileString":"facebook_page.143032059063945","likesRcvd":1,"timeQuantum":4991044,"postidString":"facebook_page.143032059063945_1560694253964378"},{"profileString":"facebook_page.143032059063945","likesRcvd":1,"timeQuantum":4991045,"postidString":"facebook_page.143032059063945_1560694253964378"},{"profileString":"facebook_page.143032059063945","likesRcvd":1,"timeQuantum":4991046,"postidString":"facebook_page.143032059063945_1560694253964378"},{"profileString":"facebook_page.143032059063945","likesRcvd":1,"timeQuantum":4991047,"postidString":"facebook_page.143032059063945_1560694253964378"},{"profileString":"facebook_page.143032059063945","likesRcvd":1,"timeQuantum":4991048,"postidString":"facebook_page.143032059063945_1560694253964378"},{"profileString":"facebook_page.143032059063945","likesRcvd":1,"timeQuantum":4991049,"postidString":"facebook_page.143032059063945_1560694253964378"},{"profileString":"facebook_page.143032059063945","likesRcvd":1,"timeQuantum":4991050,"postidString":"facebook_page.143032059063945_1560694253964378"},{"profileString":"facebook_page.143032059063945","likesRcvd":1,"timeQuantum":4991051,"postidString":"facebook_page.143032059063945_1560694253964378"},{"profileString":"facebook_page.143032059063945","likesRcvd":1,"timeQuantum":4991052,"postidString":"facebook_page.143032059063945_1560694253964378"},{"profileString":"facebook_page.143032059063945","likesRcvd":1,"timeQuantum":4991053,"postidString":"facebook_page.143032059063945_1560694253964378"},{"profileString":"facebook_page.143032059063945","likesRcvd":1,"timeQuantum":4991054,"postidString":"facebook_page.143032059063945_1560694253964378"},{"profileString":"facebook_page.143032059063945","likesRcvd":1,"timeQuantum":4991055,"postidString":"facebook_page.143032059063945_1560694253964378"},{"profileString":"facebook_page.143032059063945","likesRcvd":1,"timeQuantum":4991056,"postidString":"facebook_page.143032059063945_1560694253964378"},{"profileString":"facebook_page.143032059063945","likesRcvd":1,"timeQuantum":4991057,"postidString":"facebook_page.143032059063945_1560694253964378"},{"profileString":"facebook_page.143032059063945","likesRcvd":1,"timeQuantum":4991059,"postidString":"facebook_page.143032059063945_1560694253964378"},{"profileString":"facebook_page.143032059063945","likesRcvd":1,"timeQuantum":4991059,"postidString":"facebook_page.143032059063945_1556729451027525"},{"profileString":"facebook_page.143032059063945","likesRcvd":1,"timeQuantum":4991060,"postidString":"facebook_page.143032059063945_1560694253964378"},{"profileString":"facebook_page.143032059063945","likesRcvd":1,"timeQuantum":4991061,"postidString":"facebook_page.143032059063945_1560694253964378"},{"profileString":"facebook_page.143032059063945","likesRcvd":1,"timeQuantum":4991062,"postidString":"facebook_page.143032059063945_1560694253964378"},{"profileString":"facebook_page.143032059063945","likesRcvd":1,"timeQuantum":4991063,"postidString":"facebook_page.143032059063945_1560694253964378"},{"profileString":"facebook_page.143032059063945","likesRcvd":1,"timeQuantum":4991068,"postidString":"facebook_page.143032059063945_1560694253964378"},{"profileString":"facebook_page.143032059063945","likesRcvd":1,"timeQuantum":4991069,"postidString":"facebook_page.143032059063945_1560694253964378"},{"profileString":"facebook_page.143032059063945","likesRcvd":1,"timeQuantum":4991070,"postidString":"facebook_page.143032059063945_1560694253964378"},{"profileString":"facebook_page.143032059063945","likesRcvd":1,"timeQuantum":4991071,"postidString":"facebook_page.143032059063945_1560694253964378"},{"profileString":"facebook_page.143032059063945","likesRcvd":1,"timeQuantum":4991072,"postidString":"facebook_page.143032059063945_1560694253964378"},{"profileString":"facebook_page.143032059063945","likesRcvd":1,"timeQuantum":4991073,"postidString":"facebook_page.143032059063945_1560694253964378"},{"profileString":"facebook_page.143032059063945","likesRcvd":1,"timeQuantum":4991074,"postidString":"facebook_page.143032059063945_1560694253964378"},{"profileString":"facebook_page.143032059063945","likesRcvd":1,"timeQuantum":4991075,"postidString":"facebook_page.143032059063945_1560694253964378"},{"profileString":"facebook_page.143032059063945","likesRcvd":1,"timeQuantum":4991076,"postidString":"facebook_page.143032059063945_1560694253964378"},{"profileString":"facebook_page.143032059063945","likesRcvd":1,"timeQuantum":4991077,"postidString":"facebook_page.143032059063945_1560694253964378"},{"profileString":"facebook_page.143032059063945","likesRcvd":1,"timeQuantum":4991078,"postidString":"facebook_page.143032059063945_1560694253964378"},{"profileString":"facebook_page.143032059063945","likesRcvd":1,"timeQuantum":4991079,"postidString":"facebook_page.143032059063945_1560694253964378"},{"profileString":"facebook_page.143032059063945","likesRcvd":1,"timeQuantum":4991086,"postidString":"facebook_page.143032059063945_1560694253964378"},{"profileString":"facebook_page.143032059063945","likesRcvd":1,"timeQuantum":4991087,"postidString":"facebook_page.143032059063945_1560694253964378"},{"profileString":"facebook_page.143032059063945","likesRcvd":1,"timeQuantum":4991095,"postidString":"facebook_page.143032059063945_1560694253964378"},{"profileString":"facebook_page.143032059063945","likesRcvd":1,"timeQuantum":4991096,"postidString":"facebook_page.143032059063945_1560694253964378"},{"profileString":"facebook_page.143032059063945","likesRcvd":1,"repliesRcvd":1,"timeQuantum":4991104,"postidString":"facebook_page.143032059063945_1560694253964378"},{"profileString":"facebook_page.143032059063945","likesRcvd":1,"repliesRcvd":1,"timeQuantum":4991105,"postidString":"facebook_page.143032059063945_1560694253964378"},{"profileString":"facebook_page.143032059063945","likesRcvd":1,"repliesRcvd":1,"timeQuantum":4991106,"postidString":"facebook_page.143032059063945_1560694253964378"},{"profileString":"facebook_page.143032059063945","likesRcvd":1,"timeQuantum":4991107,"postidString":"facebook_page.143032059063945_1560694253964378"},{"profileString":"facebook_page.143032059063945","likesRcvd":1,"timeQuantum":4991113,"postidString":"facebook_page.143032059063945_1560694253964378"},{"profileString":"facebook_page.143032059063945","likesRcvd":1,"repliesRcvd":1,"timeQuantum":4991131,"postidString":"facebook_page.143032059063945_1560694253964378"},{"profileString":"facebook_page.143032059063945","likesRcvd":1,"timeQuantum":4991158,"postidString":"facebook_page.143032059063945_1560694253964378"},{"profileString":"facebook_page.143032059063945","likesRcvd":1,"timeQuantum":4991167,"postidString":"facebook_page.143032059063945_1560694253964378"},{"profileString":"facebook_page.143032059063945","likesRcvd":1,"timeQuantum":4991168,"postidString":"facebook_page.143032059063945_1560694253964378"},{"profileString":"facebook_page.143032059063945","likesRcvd":1,"timeQuantum":4991169,"postidString":"facebook_page.143032059063945_1560694253964378"},{"profileString":"facebook_page.143032059063945","likesRcvd":1,"timeQuantum":4991176,"postidString":"facebook_page.143032059063945_1560694253964378"},{"profileString":"facebook_page.143032059063945","likesRcvd":1,"timeQuantum":4991176,"postidString":"facebook_page.143032059063945_1556729451027525"},{"profileString":"facebook_page.143032059063945","likesRcvd":1,"timeQuantum":4991177,"postidString":"facebook_page.143032059063945_1560694253964378"},{"profileString":"facebook_page.143032059063945","likesRcvd":1,"timeQuantum":4991178,"postidString":"facebook_page.143032059063945_1560694253964378"},{"profileString":"facebook_page.143032059063945","likesRcvd":1,"timeQuantum":4991185,"postidString":"facebook_page.143032059063945_1560694253964378"},{"profileString":"facebook_page.143032059063945","likesRcvd":1,"timeQuantum":4991194,"postidString":"facebook_page.143032059063945_1560694253964378"},{"profileString":"facebook_page.143032059063945","likesRcvd":1,"timeQuantum":4991203,"postidString":"facebook_page.143032059063945_1560694253964378"},{"profileString":"facebook_page.143032059063945","likesRcvd":1,"timeQuantum":4991212,"postidString":"facebook_page.143032059063945_1560694253964378"},{"profileString":"facebook_page.143032059063945","likesRcvd":1,"timeQuantum":4991221,"postidString":"facebook_page.143032059063945_1560694253964378"},{"profileString":"facebook_page.143032059063945","likesRcvd":1,"timeQuantum":4991239,"postidString":"facebook_page.143032059063945_1556729451027525"},{"profileString":"facebook_page.143032059063945","likesRcvd":1,"timeQuantum":4993309,"postidString":"facebook_page.143032059063945_1784410634918861"},{"profileString":"facebook_page.143032059063945","likesRcvd":1,"timeQuantum":4993903,"postidString":"facebook_page.143032059063945_1556729451027525"}]