[{"profileString":"facebook_page.229935980511573","likesRcvd":1,"postsMade":1,"timeQuantum":4987485,"postidString":"facebook_page.229935980511573_731767686995064"},{"profileString":"facebook_page.229935980511573","likesRcvd":1,"timeQuantum":4987486,"postidString":"facebook_page.229935980511573_731767686995064"},{"profileString":"facebook_page.229935980511573","likesRcvd":1,"timeQuantum":4987487,"postidString":"facebook_page.229935980511573_731767686995064"},{"profileString":"facebook_page.229935980511573","likesRcvd":1,"timeQuantum":4987512,"postidString":"facebook_page.229935980511573_731767686995064"},{"profileString":"facebook_page.229935980511573","likesRcvd":1,"timeQuantum":4987539,"postidString":"facebook_page.229935980511573_731767686995064"},{"profileString":"facebook_page.229935980511573","likesRcvd":1,"timeQuantum":4987593,"postidString":"facebook_page.229935980511573_731767686995064"},{"profileString":"facebook_page.229935980511573","likesRcvd":1,"timeQuantum":4987611,"postidString":"facebook_page.229935980511573_731767686995064"},{"profileString":"facebook_page.229935980511573","likesRcvd":1,"timeQuantum":4987629,"postidString":"facebook_page.229935980511573_731767686995064"},{"profileString":"facebook_page.229935980511573","postsMade":1,"timeQuantum":4987638,"postidString":"facebook_page.229935980511573_732070403631459"},{"profileString":"facebook_page.229935980511573","likesRcvd":1,"timeQuantum":4987647,"postidString":"facebook_page.229935980511573_732070403631459"},{"profileString":"facebook_page.229935980511573","likesRcvd":1,"timeQuantum":4987701,"postidString":"facebook_page.229935980511573_731767686995064"},{"profileString":"facebook_page.229935980511573","likesRcvd":1,"timeQuantum":4987719,"postidString":"facebook_page.229935980511573_732070403631459"},{"profileString":"facebook_page.229935980511573","likesRcvd":1,"timeQuantum":4987720,"postidString":"facebook_page.229935980511573_732070403631459"},{"profileString":"facebook_page.229935980511573","likesRcvd":1,"timeQuantum":4987728,"postidString":"facebook_page.229935980511573_732070403631459"},{"profileString":"facebook_page.229935980511573","likesRcvd":1,"timeQuantum":4987773,"postidString":"facebook_page.229935980511573_732070403631459"},{"profileString":"facebook_page.229935980511573","likesRcvd":2,"postsMade":1,"timeQuantum":4987807,"postidString":"facebook_page.229935980511573_732361143602385"},{"profileString":"facebook_page.229935980511573","likesRcvd":1,"repliesRcvd":1,"timeQuantum":4987809,"postidString":"facebook_page.229935980511573_732361143602385"},{"profileString":"facebook_page.229935980511573","likesRcvd":1,"timeQuantum":4987810,"postidString":"facebook_page.229935980511573_732361143602385"},{"profileString":"facebook_page.229935980511573","likesRcvd":1,"timeQuantum":4987811,"postidString":"facebook_page.229935980511573_732361143602385"},{"profileString":"facebook_page.229935980511573","likesRcvd":1,"timeQuantum":4987812,"postidString":"facebook_page.229935980511573_732361143602385"},{"profileString":"facebook_page.229935980511573","likesRcvd":1,"timeQuantum":4987813,"postidString":"facebook_page.229935980511573_732361143602385"},{"profileString":"facebook_page.229935980511573","likesRcvd":1,"timeQuantum":4987814,"postidString":"facebook_page.229935980511573_732361143602385"},{"profileString":"facebook_page.229935980511573","likesRcvd":1,"timeQuantum":4987815,"postidString":"facebook_page.229935980511573_732361143602385"},{"profileString":"facebook_page.229935980511573","likesRcvd":1,"timeQuantum":4987818,"postidString":"facebook_page.229935980511573_732361143602385"},{"profileString":"facebook_page.229935980511573","likesRcvd":1,"timeQuantum":4987819,"postidString":"facebook_page.229935980511573_732361143602385"},{"profileString":"facebook_page.229935980511573","likesRcvd":1,"timeQuantum":4987820,"postidString":"facebook_page.229935980511573_732361143602385"},{"sharesRcvd":1,"profileString":"facebook_page.229935980511573","likesRcvd":1,"timeQuantum":4987827,"postidString":"facebook_page.229935980511573_732361143602385"},{"profileString":"facebook_page.229935980511573","likesRcvd":1,"timeQuantum":4987828,"postidString":"facebook_page.229935980511573_732361143602385"},{"profileString":"facebook_page.229935980511573","likesRcvd":1,"timeQuantum":4987829,"postidString":"facebook_page.229935980511573_732361143602385"},{"profileString":"facebook_page.229935980511573","likesRcvd":1,"timeQuantum":4987830,"postidString":"facebook_page.229935980511573_732361143602385"},{"profileString":"facebook_page.229935980511573","likesRcvd":1,"timeQuantum":4987836,"postidString":"facebook_page.229935980511573_732361143602385"},{"sharesRcvd":1,"profileString":"facebook_page.229935980511573","likesRcvd":1,"timeQuantum":4987854,"postidString":"facebook_page.229935980511573_732361143602385"},{"profileString":"facebook_page.229935980511573","likesRcvd":1,"timeQuantum":4987854,"postidString":"facebook_page.229935980511573_732070403631459"},{"profileString":"facebook_page.229935980511573","likesRcvd":1,"timeQuantum":4987855,"postidString":"facebook_page.229935980511573_732361143602385"},{"profileString":"facebook_page.229935980511573","likesRcvd":1,"timeQuantum":4987856,"postidString":"facebook_page.229935980511573_732361143602385"},{"profileString":"facebook_page.229935980511573","likesRcvd":1,"timeQuantum":4987857,"postidString":"facebook_page.229935980511573_732361143602385"},{"profileString":"facebook_page.229935980511573","likesRcvd":1,"timeQuantum":4987858,"postidString":"facebook_page.229935980511573_732361143602385"},{"profileString":"facebook_page.229935980511573","likesRcvd":1,"postsMade":1,"timeQuantum":4987876,"postidString":"facebook_page.229935980511573_732533556918477"},{"profileString":"facebook_page.229935980511573","likesRcvd":1,"timeQuantum":4987877,"postidString":"facebook_page.229935980511573_732533556918477"},{"profileString":"facebook_page.229935980511573","postsMade":1,"timeQuantum":4987878,"postidString":"facebook_page.229935980511573_732536170251549"},{"profileString":"facebook_page.229935980511573","likesRcvd":1,"repliesRcvd":1,"timeQuantum":4987890,"postidString":"facebook_page.229935980511573_732361143602385"},{"profileString":"facebook_page.229935980511573","likesRcvd":1,"timeQuantum":4987908,"postidString":"facebook_page.229935980511573_732361143602385"},{"profileString":"facebook_page.229935980511573","likesRcvd":1,"timeQuantum":4987908,"postidString":"facebook_page.229935980511573_732533556918477"},{"profileString":"facebook_page.229935980511573","likesRcvd":1,"timeQuantum":4987998,"postidString":"facebook_page.229935980511573_732361143602385"},{"profileString":"facebook_page.229935980511573","likesRcvd":1,"timeQuantum":4988007,"postidString":"facebook_page.229935980511573_732361143602385"},{"profileString":"facebook_page.229935980511573","likesRcvd":1,"postsMade":1,"timeQuantum":4988024,"postidString":"facebook_page.229935980511573_732773170227849"},{"sharesRcvd":1,"profileString":"facebook_page.229935980511573","likesRcvd":1,"postsMade":1,"timeQuantum":4988036,"postidString":"facebook_page.229935980511573_732797910225375"},{"profileString":"facebook_page.229935980511573","likesRcvd":1,"timeQuantum":4988043,"postidString":"facebook_page.229935980511573_732797910225375"},{"profileString":"facebook_page.229935980511573","likesRcvd":1,"timeQuantum":4988044,"postidString":"facebook_page.229935980511573_732797910225375"},{"sharesRcvd":1,"profileString":"facebook_page.229935980511573","timeQuantum":4988052,"postidString":"facebook_page.229935980511573_732797910225375"},{"profileString":"facebook_page.229935980511573","likesRcvd":1,"timeQuantum":4988061,"postidString":"facebook_page.229935980511573_732773170227849"},{"sharesRcvd":1,"profileString":"facebook_page.229935980511573","likesRcvd":1,"repliesRcvd":1,"timeQuantum":4988061,"postidString":"facebook_page.229935980511573_732797910225375"},{"sharesRcvd":1,"profileString":"facebook_page.229935980511573","likesRcvd":1,"timeQuantum":4988062,"postidString":"facebook_page.229935980511573_732797910225375"},{"sharesRcvd":1,"profileString":"facebook_page.229935980511573","likesRcvd":1,"timeQuantum":4988063,"postidString":"facebook_page.229935980511573_732797910225375"},{"profileString":"facebook_page.229935980511573","likesRcvd":1,"timeQuantum":4988064,"postidString":"facebook_page.229935980511573_732797910225375"},{"profileString":"facebook_page.229935980511573","likesRcvd":1,"timeQuantum":4988065,"postidString":"facebook_page.229935980511573_732797910225375"},{"profileString":"facebook_page.229935980511573","likesRcvd":1,"timeQuantum":4988066,"postidString":"facebook_page.229935980511573_732797910225375"},{"profileString":"facebook_page.229935980511573","likesRcvd":1,"timeQuantum":4988067,"postidString":"facebook_page.229935980511573_732797910225375"},{"profileString":"facebook_page.229935980511573","likesRcvd":1,"timeQuantum":4988068,"postidString":"facebook_page.229935980511573_732797910225375"},{"profileString":"facebook_page.229935980511573","likesRcvd":1,"timeQuantum":4988069,"postidString":"facebook_page.229935980511573_732797910225375"},{"profileString":"facebook_page.229935980511573","likesRcvd":1,"timeQuantum":4988070,"postidString":"facebook_page.229935980511573_732797910225375"},{"profileString":"facebook_page.229935980511573","likesRcvd":1,"timeQuantum":4988071,"postidString":"facebook_page.229935980511573_732797910225375"},{"sharesRcvd":1,"profileString":"facebook_page.229935980511573","likesRcvd":1,"timeQuantum":4988079,"postidString":"facebook_page.229935980511573_732797910225375"},{"profileString":"facebook_page.229935980511573","likesRcvd":1,"timeQuantum":4988080,"postidString":"facebook_page.229935980511573_732797910225375"},{"profileString":"facebook_page.229935980511573","likesRcvd":1,"timeQuantum":4988081,"postidString":"facebook_page.229935980511573_732797910225375"},{"profileString":"facebook_page.229935980511573","likesRcvd":1,"timeQuantum":4988082,"postidString":"facebook_page.229935980511573_732797910225375"},{"profileString":"facebook_page.229935980511573","likesRcvd":1,"timeQuantum":4988083,"postidString":"facebook_page.229935980511573_732797910225375"},{"profileString":"facebook_page.229935980511573","likesRcvd":1,"timeQuantum":4988088,"postidString":"facebook_page.229935980511573_732361143602385"},{"sharesRcvd":1,"profileString":"facebook_page.229935980511573","likesRcvd":1,"repliesRcvd":1,"timeQuantum":4988088,"postidString":"facebook_page.229935980511573_732797910225375"},{"sharesRcvd":1,"profileString":"facebook_page.229935980511573","likesRcvd":1,"timeQuantum":4988089,"postidString":"facebook_page.229935980511573_732797910225375"},{"sharesRcvd":1,"profileString":"facebook_page.229935980511573","likesRcvd":1,"timeQuantum":4988090,"postidString":"facebook_page.229935980511573_732797910225375"},{"profileString":"facebook_page.229935980511573","likesRcvd":1,"timeQuantum":4988091,"postidString":"facebook_page.229935980511573_732797910225375"},{"profileString":"facebook_page.229935980511573","likesRcvd":1,"timeQuantum":4988092,"postidString":"facebook_page.229935980511573_732797910225375"},{"profileString":"facebook_page.229935980511573","likesRcvd":1,"timeQuantum":4988093,"postidString":"facebook_page.229935980511573_732797910225375"},{"profileString":"facebook_page.229935980511573","likesRcvd":1,"timeQuantum":4988094,"postidString":"facebook_page.229935980511573_732797910225375"},{"profileString":"facebook_page.229935980511573","likesRcvd":1,"timeQuantum":4988095,"postidString":"facebook_page.229935980511573_732797910225375"},{"profileString":"facebook_page.229935980511573","likesRcvd":1,"timeQuantum":4988096,"postidString":"facebook_page.229935980511573_732797910225375"},{"profileString":"facebook_page.229935980511573","likesRcvd":1,"postsMade":1,"repliesRcvd":1,"timeQuantum":4988097,"postidString":"facebook_page.229935980511573_731924986979334"},{"profileString":"facebook_page.229935980511573","likesRcvd":1,"repliesRcvd":1,"timeQuantum":4988098,"postidString":"facebook_page.229935980511573_731924986979334"},{"profileString":"facebook_page.229935980511573","likesRcvd":1,"repliesRcvd":1,"timeQuantum":4988099,"postidString":"facebook_page.229935980511573_731924986979334"},{"profileString":"facebook_page.229935980511573","likesRcvd":1,"timeQuantum":4988100,"postidString":"facebook_page.229935980511573_731924986979334"},{"profileString":"facebook_page.229935980511573","likesRcvd":1,"timeQuantum":4988101,"postidString":"facebook_page.229935980511573_731924986979334"},{"profileString":"facebook_page.229935980511573","likesRcvd":1,"timeQuantum":4988102,"postidString":"facebook_page.229935980511573_731924986979334"},{"profileString":"facebook_page.229935980511573","likesRcvd":1,"timeQuantum":4988103,"postidString":"facebook_page.229935980511573_731924986979334"},{"profileString":"facebook_page.229935980511573","likesRcvd":1,"timeQuantum":4988104,"postidString":"facebook_page.229935980511573_731924986979334"},{"profileString":"facebook_page.229935980511573","likesRcvd":1,"timeQuantum":4988105,"postidString":"facebook_page.229935980511573_731924986979334"},{"profileString":"facebook_page.229935980511573","likesRcvd":1,"timeQuantum":4988106,"postidString":"facebook_page.229935980511573_731924986979334"},{"profileString":"facebook_page.229935980511573","likesRcvd":1,"timeQuantum":4988107,"postidString":"facebook_page.229935980511573_731924986979334"},{"profileString":"facebook_page.229935980511573","likesRcvd":1,"timeQuantum":4988108,"postidString":"facebook_page.229935980511573_731924986979334"},{"profileString":"facebook_page.229935980511573","likesRcvd":1,"timeQuantum":4988109,"postidString":"facebook_page.229935980511573_731924986979334"},{"profileString":"facebook_page.229935980511573","likesRcvd":1,"timeQuantum":4988110,"postidString":"facebook_page.229935980511573_731924986979334"},{"profileString":"facebook_page.229935980511573","likesRcvd":1,"timeQuantum":4988111,"postidString":"facebook_page.229935980511573_731924986979334"},{"profileString":"facebook_page.229935980511573","likesRcvd":1,"timeQuantum":4988112,"postidString":"facebook_page.229935980511573_731924986979334"},{"profileString":"facebook_page.229935980511573","likesRcvd":1,"timeQuantum":4988115,"postidString":"facebook_page.229935980511573_731924986979334"},{"profileString":"facebook_page.229935980511573","likesRcvd":1,"timeQuantum":4988115,"postidString":"facebook_page.229935980511573_732797910225375"},{"profileString":"facebook_page.229935980511573","likesRcvd":1,"timeQuantum":4988116,"postidString":"facebook_page.229935980511573_731924986979334"},{"profileString":"facebook_page.229935980511573","likesRcvd":1,"timeQuantum":4988116,"postidString":"facebook_page.229935980511573_732797910225375"},{"profileString":"facebook_page.229935980511573","likesRcvd":1,"timeQuantum":4988117,"postidString":"facebook_page.229935980511573_731924986979334"},{"profileString":"facebook_page.229935980511573","likesRcvd":1,"timeQuantum":4988117,"postidString":"facebook_page.229935980511573_732797910225375"},{"profileString":"facebook_page.229935980511573","likesRcvd":1,"timeQuantum":4988118,"postidString":"facebook_page.229935980511573_731924986979334"},{"profileString":"facebook_page.229935980511573","likesRcvd":1,"timeQuantum":4988118,"postidString":"facebook_page.229935980511573_732797910225375"},{"profileString":"facebook_page.229935980511573","likesRcvd":1,"timeQuantum":4988119,"postidString":"facebook_page.229935980511573_731924986979334"},{"profileString":"facebook_page.229935980511573","likesRcvd":1,"repliesRcvd":1,"timeQuantum":4988124,"postidString":"facebook_page.229935980511573_731924986979334"},{"profileString":"facebook_page.229935980511573","likesRcvd":1,"timeQuantum":4988124,"postidString":"facebook_page.229935980511573_732797910225375"},{"profileString":"facebook_page.229935980511573","likesRcvd":1,"timeQuantum":4988125,"postidString":"facebook_page.229935980511573_732797910225375"},{"sharesRcvd":1,"profileString":"facebook_page.229935980511573","likesRcvd":1,"repliesRcvd":1,"timeQuantum":4988133,"postidString":"facebook_page.229935980511573_731924986979334"},{"sharesRcvd":1,"profileString":"facebook_page.229935980511573","likesRcvd":1,"timeQuantum":4988133,"postidString":"facebook_page.229935980511573_732797910225375"},{"profileString":"facebook_page.229935980511573","likesRcvd":1,"timeQuantum":4988134,"postidString":"facebook_page.229935980511573_731924986979334"},{"profileString":"facebook_page.229935980511573","likesRcvd":1,"timeQuantum":4988134,"postidString":"facebook_page.229935980511573_732797910225375"},{"profileString":"facebook_page.229935980511573","likesRcvd":1,"timeQuantum":4988135,"postidString":"facebook_page.229935980511573_731924986979334"},{"profileString":"facebook_page.229935980511573","likesRcvd":1,"timeQuantum":4988135,"postidString":"facebook_page.229935980511573_732797910225375"},{"profileString":"facebook_page.229935980511573","likesRcvd":1,"timeQuantum":4988136,"postidString":"facebook_page.229935980511573_731924986979334"},{"profileString":"facebook_page.229935980511573","likesRcvd":1,"timeQuantum":4988136,"postidString":"facebook_page.229935980511573_732797910225375"},{"profileString":"facebook_page.229935980511573","likesRcvd":1,"timeQuantum":4988137,"postidString":"facebook_page.229935980511573_731924986979334"},{"profileString":"facebook_page.229935980511573","likesRcvd":1,"timeQuantum":4988137,"postidString":"facebook_page.229935980511573_732797910225375"},{"profileString":"facebook_page.229935980511573","likesRcvd":1,"timeQuantum":4988138,"postidString":"facebook_page.229935980511573_731924986979334"},{"profileString":"facebook_page.229935980511573","likesRcvd":1,"timeQuantum":4988138,"postidString":"facebook_page.229935980511573_732797910225375"},{"profileString":"facebook_page.229935980511573","likesRcvd":1,"timeQuantum":4988139,"postidString":"facebook_page.229935980511573_731924986979334"},{"profileString":"facebook_page.229935980511573","likesRcvd":1,"timeQuantum":4988139,"postidString":"facebook_page.229935980511573_732797910225375"},{"profileString":"facebook_page.229935980511573","likesRcvd":1,"timeQuantum":4988140,"postidString":"facebook_page.229935980511573_731924986979334"},{"profileString":"facebook_page.229935980511573","likesRcvd":1,"timeQuantum":4988140,"postidString":"facebook_page.229935980511573_732797910225375"},{"profileString":"facebook_page.229935980511573","likesRcvd":1,"timeQuantum":4988141,"postidString":"facebook_page.229935980511573_731924986979334"},{"profileString":"facebook_page.229935980511573","likesRcvd":1,"repliesRcvd":1,"timeQuantum":4988151,"postidString":"facebook_page.229935980511573_731924986979334"},{"profileString":"facebook_page.229935980511573","likesRcvd":1,"timeQuantum":4988151,"postidString":"facebook_page.229935980511573_732773170227849"},{"sharesRcvd":1,"profileString":"facebook_page.229935980511573","likesRcvd":1,"timeQuantum":4988151,"postidString":"facebook_page.229935980511573_732797910225375"},{"profileString":"facebook_page.229935980511573","likesRcvd":1,"timeQuantum":4988152,"postidString":"facebook_page.229935980511573_731924986979334"},{"sharesRcvd":1,"profileString":"facebook_page.229935980511573","likesRcvd":1,"timeQuantum":4988152,"postidString":"facebook_page.229935980511573_732797910225375"},{"profileString":"facebook_page.229935980511573","likesRcvd":1,"timeQuantum":4988153,"postidString":"facebook_page.229935980511573_731924986979334"},{"sharesRcvd":1,"profileString":"facebook_page.229935980511573","likesRcvd":1,"timeQuantum":4988153,"postidString":"facebook_page.229935980511573_732797910225375"},{"profileString":"facebook_page.229935980511573","likesRcvd":1,"timeQuantum":4988154,"postidString":"facebook_page.229935980511573_731924986979334"},{"profileString":"facebook_page.229935980511573","likesRcvd":1,"timeQuantum":4988154,"postidString":"facebook_page.229935980511573_732797910225375"},{"profileString":"facebook_page.229935980511573","likesRcvd":1,"timeQuantum":4988155,"postidString":"facebook_page.229935980511573_731924986979334"},{"profileString":"facebook_page.229935980511573","likesRcvd":1,"timeQuantum":4988155,"postidString":"facebook_page.229935980511573_732797910225375"},{"profileString":"facebook_page.229935980511573","likesRcvd":1,"timeQuantum":4988156,"postidString":"facebook_page.229935980511573_731924986979334"},{"profileString":"facebook_page.229935980511573","likesRcvd":1,"timeQuantum":4988156,"postidString":"facebook_page.229935980511573_732797910225375"},{"profileString":"facebook_page.229935980511573","likesRcvd":1,"timeQuantum":4988157,"postidString":"facebook_page.229935980511573_731924986979334"},{"profileString":"facebook_page.229935980511573","likesRcvd":1,"timeQuantum":4988157,"postidString":"facebook_page.229935980511573_732797910225375"},{"profileString":"facebook_page.229935980511573","likesRcvd":1,"timeQuantum":4988158,"postidString":"facebook_page.229935980511573_731924986979334"},{"profileString":"facebook_page.229935980511573","likesRcvd":1,"timeQuantum":4988159,"postidString":"facebook_page.229935980511573_731924986979334"},{"profileString":"facebook_page.229935980511573","likesRcvd":1,"timeQuantum":4988160,"postidString":"facebook_page.229935980511573_731924986979334"},{"profileString":"facebook_page.229935980511573","likesRcvd":1,"timeQuantum":4988161,"postidString":"facebook_page.229935980511573_731924986979334"},{"profileString":"facebook_page.229935980511573","likesRcvd":1,"timeQuantum":4988162,"postidString":"facebook_page.229935980511573_731924986979334"},{"profileString":"facebook_page.229935980511573","likesRcvd":1,"repliesRcvd":1,"timeQuantum":4988169,"postidString":"facebook_page.229935980511573_731924986979334"},{"sharesRcvd":1,"profileString":"facebook_page.229935980511573","likesRcvd":1,"repliesRcvd":1,"timeQuantum":4988169,"postidString":"facebook_page.229935980511573_732797910225375"},{"profileString":"facebook_page.229935980511573","likesRcvd":1,"timeQuantum":4988170,"postidString":"facebook_page.229935980511573_731924986979334"},{"sharesRcvd":1,"profileString":"facebook_page.229935980511573","likesRcvd":1,"timeQuantum":4988170,"postidString":"facebook_page.229935980511573_732797910225375"},{"profileString":"facebook_page.229935980511573","likesRcvd":1,"timeQuantum":4988171,"postidString":"facebook_page.229935980511573_731924986979334"},{"profileString":"facebook_page.229935980511573","likesRcvd":1,"timeQuantum":4988171,"postidString":"facebook_page.229935980511573_732797910225375"},{"profileString":"facebook_page.229935980511573","likesRcvd":1,"timeQuantum":4988172,"postidString":"facebook_page.229935980511573_731924986979334"},{"profileString":"facebook_page.229935980511573","likesRcvd":1,"timeQuantum":4988172,"postidString":"facebook_page.229935980511573_732797910225375"},{"profileString":"facebook_page.229935980511573","likesRcvd":1,"timeQuantum":4988173,"postidString":"facebook_page.229935980511573_731924986979334"},{"profileString":"facebook_page.229935980511573","likesRcvd":1,"timeQuantum":4988174,"postidString":"facebook_page.229935980511573_731924986979334"},{"profileString":"facebook_page.229935980511573","likesRcvd":1,"timeQuantum":4988187,"postidString":"facebook_page.229935980511573_731924986979334"},{"sharesRcvd":1,"profileString":"facebook_page.229935980511573","likesRcvd":1,"timeQuantum":4988187,"postidString":"facebook_page.229935980511573_732797910225375"},{"profileString":"facebook_page.229935980511573","likesRcvd":1,"timeQuantum":4988188,"postidString":"facebook_page.229935980511573_732797910225375"},{"profileString":"facebook_page.229935980511573","likesRcvd":1,"timeQuantum":4988189,"postidString":"facebook_page.229935980511573_732797910225375"},{"profileString":"facebook_page.229935980511573","likesRcvd":1,"postsMade":1,"repliesRcvd":1,"timeQuantum":4988190,"postidString":"facebook_page.229935980511573_733082286863604"},{"profileString":"facebook_page.229935980511573","likesRcvd":1,"timeQuantum":4988191,"postidString":"facebook_page.229935980511573_733082286863604"},{"profileString":"facebook_page.229935980511573","likesRcvd":1,"timeQuantum":4988192,"postidString":"facebook_page.229935980511573_733082286863604"},{"profileString":"facebook_page.229935980511573","likesRcvd":1,"timeQuantum":4988193,"postidString":"facebook_page.229935980511573_733082286863604"},{"profileString":"facebook_page.229935980511573","likesRcvd":1,"timeQuantum":4988196,"postidString":"facebook_page.229935980511573_733082286863604"},{"profileString":"facebook_page.229935980511573","likesRcvd":1,"repliesRcvd":1,"timeQuantum":4988196,"postidString":"facebook_page.229935980511573_731924986979334"},{"profileString":"facebook_page.229935980511573","likesRcvd":1,"timeQuantum":4988196,"postidString":"facebook_page.229935980511573_732361143602385"},{"sharesRcvd":1,"profileString":"facebook_page.229935980511573","likesRcvd":1,"timeQuantum":4988196,"postidString":"facebook_page.229935980511573_732797910225375"},{"profileString":"facebook_page.229935980511573","likesRcvd":1,"timeQuantum":4988197,"postidString":"facebook_page.229935980511573_733082286863604"},{"profileString":"facebook_page.229935980511573","likesRcvd":1,"timeQuantum":4988197,"postidString":"facebook_page.229935980511573_731924986979334"},{"profileString":"facebook_page.229935980511573","likesRcvd":1,"timeQuantum":4988197,"postidString":"facebook_page.229935980511573_732797910225375"},{"profileString":"facebook_page.229935980511573","likesRcvd":1,"timeQuantum":4988198,"postidString":"facebook_page.229935980511573_733082286863604"},{"profileString":"facebook_page.229935980511573","likesRcvd":1,"timeQuantum":4988198,"postidString":"facebook_page.229935980511573_731924986979334"},{"profileString":"facebook_page.229935980511573","likesRcvd":1,"timeQuantum":4988198,"postidString":"facebook_page.229935980511573_732797910225375"},{"profileString":"facebook_page.229935980511573","likesRcvd":1,"timeQuantum":4988199,"postidString":"facebook_page.229935980511573_733082286863604"},{"profileString":"facebook_page.229935980511573","likesRcvd":1,"timeQuantum":4988199,"postidString":"facebook_page.229935980511573_732797910225375"},{"profileString":"facebook_page.229935980511573","likesRcvd":1,"timeQuantum":4988200,"postidString":"facebook_page.229935980511573_733082286863604"},{"profileString":"facebook_page.229935980511573","likesRcvd":1,"timeQuantum":4988205,"postidString":"facebook_page.229935980511573_731924986979334"},{"sharesRcvd":1,"profileString":"facebook_page.229935980511573","likesRcvd":1,"timeQuantum":4988205,"postidString":"facebook_page.229935980511573_732797910225375"},{"profileString":"facebook_page.229935980511573","likesRcvd":1,"timeQuantum":4988206,"postidString":"facebook_page.229935980511573_732797910225375"},{"profileString":"facebook_page.229935980511573","likesRcvd":1,"repliesRcvd":1,"timeQuantum":4988214,"postidString":"facebook_page.229935980511573_731924986979334"},{"profileString":"facebook_page.229935980511573","likesRcvd":1,"timeQuantum":4988214,"postidString":"facebook_page.229935980511573_732797910225375"},{"profileString":"facebook_page.229935980511573","likesRcvd":1,"timeQuantum":4988215,"postidString":"facebook_page.229935980511573_731924986979334"},{"profileString":"facebook_page.229935980511573","likesRcvd":1,"timeQuantum":4988215,"postidString":"facebook_page.229935980511573_732797910225375"},{"profileString":"facebook_page.229935980511573","likesRcvd":1,"timeQuantum":4988223,"postidString":"facebook_page.229935980511573_733082286863604"},{"profileString":"facebook_page.229935980511573","likesRcvd":1,"timeQuantum":4988223,"postidString":"facebook_page.229935980511573_731924986979334"},{"profileString":"facebook_page.229935980511573","likesRcvd":1,"timeQuantum":4988223,"postidString":"facebook_page.229935980511573_732797910225375"},{"profileString":"facebook_page.229935980511573","likesRcvd":1,"timeQuantum":4988224,"postidString":"facebook_page.229935980511573_732797910225375"},{"profileString":"facebook_page.229935980511573","likesRcvd":1,"timeQuantum":4988232,"postidString":"facebook_page.229935980511573_733082286863604"},{"sharesRcvd":1,"profileString":"facebook_page.229935980511573","timeQuantum":4988232,"postidString":"facebook_page.229935980511573_732797910225375"},{"profileString":"facebook_page.229935980511573","likesRcvd":1,"timeQuantum":4988241,"postidString":"facebook_page.229935980511573_732797910225375"},{"profileString":"facebook_page.229935980511573","likesRcvd":1,"timeQuantum":4988242,"postidString":"facebook_page.229935980511573_732797910225375"},{"profileString":"facebook_page.229935980511573","likesRcvd":1,"timeQuantum":4988259,"postidString":"facebook_page.229935980511573_731924986979334"},{"profileString":"facebook_page.229935980511573","likesRcvd":1,"timeQuantum":4988295,"postidString":"facebook_page.229935980511573_732797910225375"},{"sharesRcvd":1,"profileString":"facebook_page.229935980511573","likesRcvd":1,"timeQuantum":4988304,"postidString":"facebook_page.229935980511573_732797910225375"},{"sharesRcvd":1,"profileString":"facebook_page.229935980511573","likesRcvd":1,"timeQuantum":4988313,"postidString":"facebook_page.229935980511573_732797910225375"},{"profileString":"facebook_page.229935980511573","likesRcvd":1,"timeQuantum":4988314,"postidString":"facebook_page.229935980511573_732797910225375"},{"profileString":"facebook_page.229935980511573","likesRcvd":1,"timeQuantum":4988322,"postidString":"facebook_page.229935980511573_733082286863604"},{"profileString":"facebook_page.229935980511573","likesRcvd":1,"timeQuantum":4988322,"postidString":"facebook_page.229935980511573_732797910225375"},{"profileString":"facebook_page.229935980511573","likesRcvd":1,"timeQuantum":4988323,"postidString":"facebook_page.229935980511573_733082286863604"},{"profileString":"facebook_page.229935980511573","likesRcvd":1,"timeQuantum":4988323,"postidString":"facebook_page.229935980511573_732797910225375"},{"profileString":"facebook_page.229935980511573","likesRcvd":1,"timeQuantum":4988331,"postidString":"facebook_page.229935980511573_732797910225375"},{"profileString":"facebook_page.229935980511573","likesRcvd":1,"timeQuantum":4988332,"postidString":"facebook_page.229935980511573_732797910225375"},{"profileString":"facebook_page.229935980511573","likesRcvd":1,"timeQuantum":4988340,"postidString":"facebook_page.229935980511573_731924986979334"},{"sharesRcvd":1,"profileString":"facebook_page.229935980511573","timeQuantum":4988340,"postidString":"facebook_page.229935980511573_732797910225375"},{"profileString":"facebook_page.229935980511573","likesRcvd":1,"repliesRcvd":1,"timeQuantum":4988349,"postidString":"facebook_page.229935980511573_731924986979334"},{"profileString":"facebook_page.229935980511573","likesRcvd":1,"timeQuantum":4988350,"postidString":"facebook_page.229935980511573_731924986979334"},{"profileString":"facebook_page.229935980511573","likesRcvd":1,"timeQuantum":4988358,"postidString":"facebook_page.229935980511573_731924986979334"},{"profileString":"facebook_page.229935980511573","likesRcvd":1,"repliesRcvd":1,"timeQuantum":4988367,"postidString":"facebook_page.229935980511573_733082286863604"},{"profileString":"facebook_page.229935980511573","likesRcvd":1,"timeQuantum":4988376,"postidString":"facebook_page.229935980511573_733082286863604"},{"profileString":"facebook_page.229935980511573","likesRcvd":1,"repliesRcvd":1,"timeQuantum":4988385,"postidString":"facebook_page.229935980511573_732797910225375"},{"profileString":"facebook_page.229935980511573","likesRcvd":1,"timeQuantum":4988394,"postidString":"facebook_page.229935980511573_733082286863604"},{"profileString":"facebook_page.229935980511573","likesRcvd":1,"timeQuantum":4988395,"postidString":"facebook_page.229935980511573_733082286863604"},{"profileString":"facebook_page.229935980511573","likesRcvd":1,"timeQuantum":4988412,"postidString":"facebook_page.229935980511573_732797910225375"},{"profileString":"facebook_page.229935980511573","likesRcvd":1,"timeQuantum":4988421,"postidString":"facebook_page.229935980511573_731924986979334"},{"profileString":"facebook_page.229935980511573","likesRcvd":1,"timeQuantum":4988430,"postidString":"facebook_page.229935980511573_731924986979334"},{"profileString":"facebook_page.229935980511573","likesRcvd":1,"repliesRcvd":1,"timeQuantum":4988439,"postidString":"facebook_page.229935980511573_733082286863604"},{"profileString":"facebook_page.229935980511573","likesRcvd":1,"timeQuantum":4988484,"postidString":"facebook_page.229935980511573_733082286863604"},{"profileString":"facebook_page.229935980511573","likesRcvd":1,"timeQuantum":4988485,"postidString":"facebook_page.229935980511573_733082286863604"},{"profileString":"facebook_page.229935980511573","repliesRcvd":1,"timeQuantum":4988493,"postidString":"facebook_page.229935980511573_733082286863604"},{"profileString":"facebook_page.229935980511573","postsMade":1,"timeQuantum":4989050,"postidString":"facebook_page.229935980511573_734522356719597"},{"profileString":"facebook_page.229935980511573","likesRcvd":1,"postsMade":1,"timeQuantum":4989050,"postidString":"facebook_page.229935980511573_734526286719204"},{"profileString":"facebook_page.229935980511573","likesRcvd":1,"timeQuantum":4989051,"postidString":"facebook_page.229935980511573_734526286719204"},{"profileString":"facebook_page.229935980511573","likesRcvd":1,"timeQuantum":4989060,"postidString":"facebook_page.229935980511573_734526286719204"},{"profileString":"facebook_page.229935980511573","likesRcvd":1,"timeQuantum":4989159,"postidString":"facebook_page.229935980511573_734526286719204"},{"profileString":"facebook_page.229935980511573","likesRcvd":1,"postsMade":1,"timeQuantum":4989200,"postidString":"facebook_page.229935980511573_734793150025851"},{"profileString":"facebook_page.229935980511573","likesRcvd":1,"timeQuantum":4989213,"postidString":"facebook_page.229935980511573_734526286719204"},{"profileString":"facebook_page.229935980511573","likesRcvd":1,"repliesRcvd":1,"timeQuantum":4989222,"postidString":"facebook_page.229935980511573_734793150025851"},{"profileString":"facebook_page.229935980511573","likesRcvd":1,"timeQuantum":4989223,"postidString":"facebook_page.229935980511573_734793150025851"},{"profileString":"facebook_page.229935980511573","likesRcvd":1,"timeQuantum":4989231,"postidString":"facebook_page.229935980511573_734526286719204"},{"profileString":"facebook_page.229935980511573","likesRcvd":1,"repliesRcvd":1,"timeQuantum":4989231,"postidString":"facebook_page.229935980511573_734793150025851"},{"profileString":"facebook_page.229935980511573","repliesRcvd":1,"timeQuantum":4989240,"postidString":"facebook_page.229935980511573_734793150025851"},{"profileString":"facebook_page.229935980511573","likesRcvd":1,"timeQuantum":4989258,"postidString":"facebook_page.229935980511573_734793150025851"},{"profileString":"facebook_page.229935980511573","likesRcvd":1,"timeQuantum":4989267,"postidString":"facebook_page.229935980511573_734793150025851"},{"profileString":"facebook_page.229935980511573","likesRcvd":1,"timeQuantum":4989285,"postidString":"facebook_page.229935980511573_734526286719204"},{"profileString":"facebook_page.229935980511573","repliesRcvd":1,"timeQuantum":4989285,"postidString":"facebook_page.229935980511573_734793150025851"},{"profileString":"facebook_page.229935980511573","postsMade":1,"timeQuantum":4989653,"postidString":"facebook_page.229935980511573_735728216599011"},{"sharesRcvd":1,"profileString":"facebook_page.229935980511573","timeQuantum":4989663,"postidString":"facebook_page.229935980511573_735728216599011"},{"profileString":"facebook_page.229935980511573","likesRcvd":1,"timeQuantum":4989708,"postidString":"facebook_page.229935980511573_735728216599011"},{"profileString":"facebook_page.229935980511573","likesRcvd":1,"timeQuantum":4989726,"postidString":"facebook_page.229935980511573_735728216599011"},{"sharesRcvd":1,"profileString":"facebook_page.229935980511573","likesRcvd":1,"timeQuantum":4989735,"postidString":"facebook_page.229935980511573_735728216599011"},{"profileString":"facebook_page.229935980511573","likesRcvd":1,"timeQuantum":4989762,"postidString":"facebook_page.229935980511573_735728216599011"},{"profileString":"facebook_page.229935980511573","likesRcvd":1,"timeQuantum":4989771,"postidString":"facebook_page.229935980511573_735728216599011"},{"profileString":"facebook_page.229935980511573","postsMade":1,"timeQuantum":4989788,"postidString":"facebook_page.229935980511573_735998283238671"},{"profileString":"facebook_page.229935980511573","likesRcvd":1,"timeQuantum":4989816,"postidString":"facebook_page.229935980511573_735728216599011"},{"profileString":"facebook_page.229935980511573","likesRcvd":1,"timeQuantum":4989879,"postidString":"facebook_page.229935980511573_735728216599011"},{"profileString":"facebook_page.229935980511573","likesRcvd":1,"timeQuantum":4989978,"postidString":"facebook_page.229935980511573_735728216599011"},{"profileString":"facebook_page.229935980511573","likesRcvd":1,"timeQuantum":4990113,"postidString":"facebook_page.229935980511573_735728216599011"},{"profileString":"facebook_page.229935980511573","postsMade":1,"timeQuantum":4990133,"postidString":"facebook_page.229935980511573_736747899830376"},{"profileString":"facebook_page.229935980511573","likesRcvd":1,"timeQuantum":4990140,"postidString":"facebook_page.229935980511573_736747899830376"},{"sharesRcvd":1,"profileString":"facebook_page.229935980511573","likesRcvd":1,"timeQuantum":4990167,"postidString":"facebook_page.229935980511573_736747899830376"},{"profileString":"facebook_page.229935980511573","likesRcvd":1,"timeQuantum":4990176,"postidString":"facebook_page.229935980511573_736747899830376"},{"profileString":"facebook_page.229935980511573","likesRcvd":1,"repliesRcvd":1,"timeQuantum":4990185,"postidString":"facebook_page.229935980511573_736747899830376"},{"profileString":"facebook_page.229935980511573","likesRcvd":1,"postsMade":1,"timeQuantum":4990324,"postidString":"facebook_page.229935980511573_737193439785822"},{"profileString":"facebook_page.229935980511573","likesRcvd":1,"timeQuantum":4990325,"postidString":"facebook_page.229935980511573_737193439785822"},{"profileString":"facebook_page.229935980511573","likesRcvd":1,"timeQuantum":4990329,"postidString":"facebook_page.229935980511573_737193439785822"},{"profileString":"facebook_page.229935980511573","likesRcvd":1,"timeQuantum":4990330,"postidString":"facebook_page.229935980511573_737193439785822"},{"profileString":"facebook_page.229935980511573","likesRcvd":1,"timeQuantum":4990356,"postidString":"facebook_page.229935980511573_731924986979334"},{"profileString":"facebook_page.229935980511573","likesRcvd":1,"timeQuantum":4990356,"postidString":"facebook_page.229935980511573_737193439785822"},{"profileString":"facebook_page.229935980511573","likesRcvd":1,"timeQuantum":4990365,"postidString":"facebook_page.229935980511573_737193439785822"},{"profileString":"facebook_page.229935980511573","likesRcvd":1,"timeQuantum":4990365,"postidString":"facebook_page.229935980511573_736747899830376"},{"profileString":"facebook_page.229935980511573","likesRcvd":1,"timeQuantum":4990374,"postidString":"facebook_page.229935980511573_737193439785822"},{"profileString":"facebook_page.229935980511573","likesRcvd":1,"timeQuantum":4990401,"postidString":"facebook_page.229935980511573_737193439785822"},{"profileString":"facebook_page.229935980511573","likesRcvd":1,"timeQuantum":4990410,"postidString":"facebook_page.229935980511573_737193439785822"},{"profileString":"facebook_page.229935980511573","likesRcvd":1,"postsMade":1,"repliesRcvd":1,"timeQuantum":4990429,"postidString":"facebook_page.229935980511573_737469463091553"},{"profileString":"facebook_page.229935980511573","likesRcvd":1,"repliesRcvd":1,"timeQuantum":4990430,"postidString":"facebook_page.229935980511573_737469463091553"},{"profileString":"facebook_page.229935980511573","likesRcvd":1,"repliesRcvd":1,"timeQuantum":4990431,"postidString":"facebook_page.229935980511573_737469463091553"},{"profileString":"facebook_page.229935980511573","likesRcvd":1,"timeQuantum":4990432,"postidString":"facebook_page.229935980511573_737469463091553"},{"profileString":"facebook_page.229935980511573","likesRcvd":1,"timeQuantum":4990433,"postidString":"facebook_page.229935980511573_737469463091553"},{"profileString":"facebook_page.229935980511573","likesRcvd":1,"timeQuantum":4990437,"postidString":"facebook_page.229935980511573_737469463091553"},{"profileString":"facebook_page.229935980511573","likesRcvd":1,"timeQuantum":4990438,"postidString":"facebook_page.229935980511573_737469463091553"},{"profileString":"facebook_page.229935980511573","likesRcvd":1,"timeQuantum":4990439,"postidString":"facebook_page.229935980511573_737469463091553"},{"profileString":"facebook_page.229935980511573","likesRcvd":1,"timeQuantum":4990440,"postidString":"facebook_page.229935980511573_737469463091553"},{"sharesRcvd":1,"profileString":"facebook_page.229935980511573","likesRcvd":1,"repliesRcvd":1,"timeQuantum":4990446,"postidString":"facebook_page.229935980511573_737469463091553"},{"profileString":"facebook_page.229935980511573","likesRcvd":1,"repliesRcvd":1,"timeQuantum":4990447,"postidString":"facebook_page.229935980511573_737469463091553"},{"profileString":"facebook_page.229935980511573","likesRcvd":1,"timeQuantum":4990448,"postidString":"facebook_page.229935980511573_737469463091553"},{"profileString":"facebook_page.229935980511573","likesRcvd":1,"timeQuantum":4990449,"postidString":"facebook_page.229935980511573_737469463091553"},{"profileString":"facebook_page.229935980511573","likesRcvd":1,"timeQuantum":4990450,"postidString":"facebook_page.229935980511573_737469463091553"},{"profileString":"facebook_page.229935980511573","likesRcvd":1,"timeQuantum":4990464,"postidString":"facebook_page.229935980511573_737469463091553"},{"profileString":"facebook_page.229935980511573","likesRcvd":1,"timeQuantum":4990465,"postidString":"facebook_page.229935980511573_737469463091553"},{"profileString":"facebook_page.229935980511573","likesRcvd":1,"timeQuantum":4990466,"postidString":"facebook_page.229935980511573_737469463091553"},{"profileString":"facebook_page.229935980511573","likesRcvd":1,"repliesRcvd":1,"timeQuantum":4990473,"postidString":"facebook_page.229935980511573_737469463091553"},{"profileString":"facebook_page.229935980511573","likesRcvd":1,"timeQuantum":4990474,"postidString":"facebook_page.229935980511573_737469463091553"},{"profileString":"facebook_page.229935980511573","likesRcvd":1,"timeQuantum":4990475,"postidString":"facebook_page.229935980511573_737469463091553"},{"profileString":"facebook_page.229935980511573","likesRcvd":1,"timeQuantum":4990476,"postidString":"facebook_page.229935980511573_737469463091553"},{"profileString":"facebook_page.229935980511573","likesRcvd":1,"timeQuantum":4990482,"postidString":"facebook_page.229935980511573_737469463091553"},{"profileString":"facebook_page.229935980511573","likesRcvd":1,"timeQuantum":4990483,"postidString":"facebook_page.229935980511573_737469463091553"},{"profileString":"facebook_page.229935980511573","likesRcvd":1,"timeQuantum":4990484,"postidString":"facebook_page.229935980511573_737469463091553"},{"profileString":"facebook_page.229935980511573","likesRcvd":1,"timeQuantum":4990485,"postidString":"facebook_page.229935980511573_737469463091553"},{"profileString":"facebook_page.229935980511573","likesRcvd":1,"timeQuantum":4990500,"postidString":"facebook_page.229935980511573_737469463091553"},{"profileString":"facebook_page.229935980511573","likesRcvd":1,"timeQuantum":4990501,"postidString":"facebook_page.229935980511573_737469463091553"},{"profileString":"facebook_page.229935980511573","likesRcvd":1,"timeQuantum":4990502,"postidString":"facebook_page.229935980511573_737469463091553"},{"profileString":"facebook_page.229935980511573","likesRcvd":1,"timeQuantum":4990527,"postidString":"facebook_page.229935980511573_737469463091553"},{"profileString":"facebook_page.229935980511573","likesRcvd":1,"timeQuantum":4990590,"postidString":"facebook_page.229935980511573_737469463091553"},{"profileString":"facebook_page.229935980511573","likesRcvd":1,"timeQuantum":4990599,"postidString":"facebook_page.229935980511573_737469463091553"},{"profileString":"facebook_page.229935980511573","likesRcvd":1,"timeQuantum":4990626,"postidString":"facebook_page.229935980511573_737193439785822"},{"profileString":"facebook_page.229935980511573","likesRcvd":1,"repliesRcvd":1,"timeQuantum":4990635,"postidString":"facebook_page.229935980511573_737469463091553"},{"profileString":"facebook_page.229935980511573","likesRcvd":1,"timeQuantum":4990644,"postidString":"facebook_page.229935980511573_737469463091553"},{"profileString":"facebook_page.229935980511573","likesRcvd":1,"timeQuantum":4990644,"postidString":"facebook_page.229935980511573_737193439785822"},{"profileString":"facebook_page.229935980511573","likesRcvd":1,"timeQuantum":4990645,"postidString":"facebook_page.229935980511573_737469463091553"},{"profileString":"facebook_page.229935980511573","likesRcvd":1,"timeQuantum":4990689,"postidString":"facebook_page.229935980511573_737469463091553"},{"profileString":"facebook_page.229935980511573","likesRcvd":1,"timeQuantum":4990698,"postidString":"facebook_page.229935980511573_737469463091553"},{"profileString":"facebook_page.229935980511573","likesRcvd":1,"timeQuantum":4990698,"postidString":"facebook_page.229935980511573_736747899830376"},{"profileString":"facebook_page.229935980511573","likesRcvd":3,"postsMade":1,"repliesRcvd":1,"timeQuantum":4992467,"postidString":"facebook_page.229935980511573_740967856075047"},{"profileString":"facebook_page.229935980511573","likesRcvd":3,"timeQuantum":4992468,"postidString":"facebook_page.229935980511573_740967856075047"},{"profileString":"facebook_page.229935980511573","likesRcvd":2,"timeQuantum":4992469,"postidString":"facebook_page.229935980511573_740967856075047"},{"profileString":"facebook_page.229935980511573","likesRcvd":2,"repliesRcvd":1,"timeQuantum":4992471,"postidString":"facebook_page.229935980511573_740967856075047"},{"profileString":"facebook_page.229935980511573","likesRcvd":1,"timeQuantum":4992472,"postidString":"facebook_page.229935980511573_740967856075047"},{"profileString":"facebook_page.229935980511573","likesRcvd":1,"timeQuantum":4992473,"postidString":"facebook_page.229935980511573_740967856075047"},{"profileString":"facebook_page.229935980511573","likesRcvd":1,"timeQuantum":4992474,"postidString":"facebook_page.229935980511573_740967856075047"},{"profileString":"facebook_page.229935980511573","likesRcvd":1,"timeQuantum":4992475,"postidString":"facebook_page.229935980511573_740967856075047"},{"profileString":"facebook_page.229935980511573","likesRcvd":1,"timeQuantum":4992476,"postidString":"facebook_page.229935980511573_740967856075047"},{"profileString":"facebook_page.229935980511573","likesRcvd":1,"timeQuantum":4992477,"postidString":"facebook_page.229935980511573_740967856075047"},{"profileString":"facebook_page.229935980511573","likesRcvd":1,"timeQuantum":4992478,"postidString":"facebook_page.229935980511573_740967856075047"},{"profileString":"facebook_page.229935980511573","likesRcvd":1,"repliesRcvd":1,"timeQuantum":4992480,"postidString":"facebook_page.229935980511573_740967856075047"},{"profileString":"facebook_page.229935980511573","likesRcvd":1,"timeQuantum":4992481,"postidString":"facebook_page.229935980511573_740967856075047"},{"profileString":"facebook_page.229935980511573","likesRcvd":1,"timeQuantum":4992482,"postidString":"facebook_page.229935980511573_740967856075047"},{"profileString":"facebook_page.229935980511573","repliesRcvd":1,"timeQuantum":4992489,"postidString":"facebook_page.229935980511573_740967856075047"},{"profileString":"facebook_page.229935980511573","repliesRcvd":1,"timeQuantum":4992490,"postidString":"facebook_page.229935980511573_740967856075047"},{"profileString":"facebook_page.229935980511573","likesRcvd":1,"repliesRcvd":1,"timeQuantum":4992498,"postidString":"facebook_page.229935980511573_740967856075047"},{"profileString":"facebook_page.229935980511573","likesRcvd":1,"timeQuantum":4992499,"postidString":"facebook_page.229935980511573_740967856075047"},{"profileString":"facebook_page.229935980511573","likesRcvd":1,"postsMade":1,"repliesRcvd":1,"timeQuantum":4992499,"postidString":"facebook_page.229935980511573_741018699403296"},{"profileString":"facebook_page.229935980511573","likesRcvd":1,"timeQuantum":4992500,"postidString":"facebook_page.229935980511573_740967856075047"},{"profileString":"facebook_page.229935980511573","likesRcvd":1,"timeQuantum":4992500,"postidString":"facebook_page.229935980511573_741018699403296"},{"profileString":"facebook_page.229935980511573","likesRcvd":1,"timeQuantum":4992501,"postidString":"facebook_page.229935980511573_740967856075047"},{"profileString":"facebook_page.229935980511573","likesRcvd":1,"timeQuantum":4992501,"postidString":"facebook_page.229935980511573_741018699403296"},{"profileString":"facebook_page.229935980511573","likesRcvd":1,"timeQuantum":4992502,"postidString":"facebook_page.229935980511573_740967856075047"},{"profileString":"facebook_page.229935980511573","likesRcvd":1,"timeQuantum":4992502,"postidString":"facebook_page.229935980511573_741018699403296"},{"profileString":"facebook_page.229935980511573","likesRcvd":1,"timeQuantum":4992507,"postidString":"facebook_page.229935980511573_740967856075047"},{"profileString":"facebook_page.229935980511573","likesRcvd":1,"timeQuantum":4992507,"postidString":"facebook_page.229935980511573_741018699403296"},{"profileString":"facebook_page.229935980511573","likesRcvd":1,"timeQuantum":4992508,"postidString":"facebook_page.229935980511573_740967856075047"},{"profileString":"facebook_page.229935980511573","likesRcvd":1,"timeQuantum":4992509,"postidString":"facebook_page.229935980511573_740967856075047"},{"profileString":"facebook_page.229935980511573","likesRcvd":1,"repliesRcvd":1,"timeQuantum":4992516,"postidString":"facebook_page.229935980511573_740967856075047"},{"profileString":"facebook_page.229935980511573","likesRcvd":1,"repliesRcvd":1,"timeQuantum":4992517,"postidString":"facebook_page.229935980511573_740967856075047"},{"profileString":"facebook_page.229935980511573","likesRcvd":1,"timeQuantum":4992518,"postidString":"facebook_page.229935980511573_740967856075047"},{"profileString":"facebook_page.229935980511573","likesRcvd":1,"repliesRcvd":1,"timeQuantum":4992525,"postidString":"facebook_page.229935980511573_740967856075047"},{"profileString":"facebook_page.229935980511573","likesRcvd":1,"timeQuantum":4992525,"postidString":"facebook_page.229935980511573_741018699403296"},{"profileString":"facebook_page.229935980511573","likesRcvd":1,"timeQuantum":4992534,"postidString":"facebook_page.229935980511573_741018699403296"},{"profileString":"facebook_page.229935980511573","likesRcvd":1,"timeQuantum":4992597,"postidString":"facebook_page.229935980511573_740967856075047"},{"profileString":"facebook_page.229935980511573","likesRcvd":1,"timeQuantum":4992696,"postidString":"facebook_page.229935980511573_740967856075047"},{"profileString":"facebook_page.229935980511573","likesRcvd":1,"timeQuantum":4992714,"postidString":"facebook_page.229935980511573_741018699403296"},{"profileString":"facebook_page.229935980511573","likesRcvd":1,"repliesRcvd":1,"timeQuantum":4992741,"postidString":"facebook_page.229935980511573_741018699403296"},{"profileString":"facebook_page.229935980511573","likesRcvd":1,"timeQuantum":4992786,"postidString":"facebook_page.229935980511573_740967856075047"},{"profileString":"facebook_page.229935980511573","likesRcvd":1,"repliesRcvd":1,"timeQuantum":4992804,"postidString":"facebook_page.229935980511573_741018699403296"},{"profileString":"facebook_page.229935980511573","likesRcvd":1,"timeQuantum":4992966,"postidString":"facebook_page.229935980511573_741018699403296"},{"profileString":"facebook_page.229935980511573","likesRcvd":3,"postsMade":1,"repliesRcvd":1,"timeQuantum":4993034,"postidString":"facebook_page.229935980511573_742059425965890"},{"profileString":"facebook_page.229935980511573","likesRcvd":3,"repliesRcvd":1,"timeQuantum":4993035,"postidString":"facebook_page.229935980511573_742059425965890"},{"profileString":"facebook_page.229935980511573","likesRcvd":2,"repliesRcvd":1,"timeQuantum":4993036,"postidString":"facebook_page.229935980511573_742059425965890"},{"profileString":"facebook_page.229935980511573","likesRcvd":2,"repliesRcvd":1,"timeQuantum":4993038,"postidString":"facebook_page.229935980511573_742059425965890"},{"profileString":"facebook_page.229935980511573","likesRcvd":2,"repliesRcvd":1,"timeQuantum":4993039,"postidString":"facebook_page.229935980511573_742059425965890"},{"profileString":"facebook_page.229935980511573","likesRcvd":2,"repliesRcvd":1,"timeQuantum":4993040,"postidString":"facebook_page.229935980511573_742059425965890"},{"profileString":"facebook_page.229935980511573","likesRcvd":2,"repliesRcvd":1,"timeQuantum":4993041,"postidString":"facebook_page.229935980511573_742059425965890"},{"profileString":"facebook_page.229935980511573","likesRcvd":2,"timeQuantum":4993042,"postidString":"facebook_page.229935980511573_742059425965890"},{"profileString":"facebook_page.229935980511573","likesRcvd":1,"timeQuantum":4993043,"postidString":"facebook_page.229935980511573_742059425965890"},{"profileString":"facebook_page.229935980511573","likesRcvd":1,"timeQuantum":4993044,"postidString":"facebook_page.229935980511573_742059425965890"},{"profileString":"facebook_page.229935980511573","likesRcvd":1,"timeQuantum":4993045,"postidString":"facebook_page.229935980511573_742059425965890"},{"profileString":"facebook_page.229935980511573","likesRcvd":1,"repliesRcvd":1,"timeQuantum":4993047,"postidString":"facebook_page.229935980511573_742059425965890"},{"profileString":"facebook_page.229935980511573","likesRcvd":1,"repliesRcvd":1,"timeQuantum":4993048,"postidString":"facebook_page.229935980511573_742059425965890"},{"profileString":"facebook_page.229935980511573","likesRcvd":1,"repliesRcvd":1,"timeQuantum":4993049,"postidString":"facebook_page.229935980511573_742059425965890"},{"profileString":"facebook_page.229935980511573","likesRcvd":1,"timeQuantum":4993050,"postidString":"facebook_page.229935980511573_742059425965890"},{"profileString":"facebook_page.229935980511573","likesRcvd":1,"timeQuantum":4993051,"postidString":"facebook_page.229935980511573_742059425965890"},{"profileString":"facebook_page.229935980511573","likesRcvd":1,"timeQuantum":4993052,"postidString":"facebook_page.229935980511573_742059425965890"},{"profileString":"facebook_page.229935980511573","likesRcvd":1,"timeQuantum":4993053,"postidString":"facebook_page.229935980511573_742059425965890"},{"profileString":"facebook_page.229935980511573","likesRcvd":2,"repliesRcvd":1,"timeQuantum":4993056,"postidString":"facebook_page.229935980511573_742059425965890"},{"profileString":"facebook_page.229935980511573","likesRcvd":1,"timeQuantum":4993057,"postidString":"facebook_page.229935980511573_742059425965890"},{"profileString":"facebook_page.229935980511573","likesRcvd":1,"timeQuantum":4993058,"postidString":"facebook_page.229935980511573_742059425965890"},{"profileString":"facebook_page.229935980511573","likesRcvd":1,"timeQuantum":4993059,"postidString":"facebook_page.229935980511573_742059425965890"},{"profileString":"facebook_page.229935980511573","likesRcvd":1,"timeQuantum":4993060,"postidString":"facebook_page.229935980511573_742059425965890"},{"profileString":"facebook_page.229935980511573","likesRcvd":1,"timeQuantum":4993061,"postidString":"facebook_page.229935980511573_742059425965890"},{"profileString":"facebook_page.229935980511573","likesRcvd":1,"timeQuantum":4993062,"postidString":"facebook_page.229935980511573_742059425965890"},{"profileString":"facebook_page.229935980511573","likesRcvd":1,"timeQuantum":4993063,"postidString":"facebook_page.229935980511573_742059425965890"},{"profileString":"facebook_page.229935980511573","likesRcvd":1,"timeQuantum":4993065,"postidString":"facebook_page.229935980511573_742059425965890"},{"profileString":"facebook_page.229935980511573","likesRcvd":1,"timeQuantum":4993066,"postidString":"facebook_page.229935980511573_742059425965890"},{"profileString":"facebook_page.229935980511573","likesRcvd":1,"timeQuantum":4993067,"postidString":"facebook_page.229935980511573_742059425965890"},{"profileString":"facebook_page.229935980511573","likesRcvd":1,"timeQuantum":4993074,"postidString":"facebook_page.229935980511573_742059425965890"},{"profileString":"facebook_page.229935980511573","likesRcvd":1,"timeQuantum":4993083,"postidString":"facebook_page.229935980511573_742059425965890"},{"profileString":"facebook_page.229935980511573","likesRcvd":1,"timeQuantum":4993084,"postidString":"facebook_page.229935980511573_742059425965890"},{"profileString":"facebook_page.229935980511573","likesRcvd":1,"repliesRcvd":1,"timeQuantum":4993092,"postidString":"facebook_page.229935980511573_742059425965890"},{"profileString":"facebook_page.229935980511573","likesRcvd":1,"timeQuantum":4993101,"postidString":"facebook_page.229935980511573_742059425965890"},{"profileString":"facebook_page.229935980511573","likesRcvd":1,"timeQuantum":4993102,"postidString":"facebook_page.229935980511573_742059425965890"},{"profileString":"facebook_page.229935980511573","likesRcvd":1,"timeQuantum":4993103,"postidString":"facebook_page.229935980511573_742059425965890"},{"profileString":"facebook_page.229935980511573","likesRcvd":1,"timeQuantum":4993104,"postidString":"facebook_page.229935980511573_742059425965890"},{"profileString":"facebook_page.229935980511573","likesRcvd":1,"timeQuantum":4993191,"postidString":"facebook_page.229935980511573_742059425965890"},{"profileString":"facebook_page.229935980511573","likesRcvd":1,"timeQuantum":4993209,"postidString":"facebook_page.229935980511573_742059425965890"},{"profileString":"facebook_page.229935980511573","likesRcvd":1,"timeQuantum":4993245,"postidString":"facebook_page.229935980511573_742059425965890"},{"profileString":"facebook_page.229935980511573","likesRcvd":1,"timeQuantum":4993254,"postidString":"facebook_page.229935980511573_742059425965890"},{"profileString":"facebook_page.229935980511573","likesRcvd":1,"timeQuantum":4993263,"postidString":"facebook_page.229935980511573_742059425965890"},{"profileString":"facebook_page.229935980511573","likesRcvd":3,"postsMade":1,"timeQuantum":4993360,"postidString":"facebook_page.229935980511573_742613009243865"},{"profileString":"facebook_page.229935980511573","likesRcvd":1,"repliesRcvd":1,"timeQuantum":4993362,"postidString":"facebook_page.229935980511573_742613009243865"},{"profileString":"facebook_page.229935980511573","likesRcvd":1,"timeQuantum":4993371,"postidString":"facebook_page.229935980511573_742613009243865"},{"profileString":"facebook_page.229935980511573","postsMade":1,"timeQuantum":4993476,"postidString":"facebook_page.229935980511573_742825059222660"},{"profileString":"facebook_page.229935980511573","likesRcvd":1,"timeQuantum":4993479,"postidString":"facebook_page.229935980511573_742825059222660"},{"profileString":"facebook_page.229935980511573","likesRcvd":1,"timeQuantum":4993506,"postidString":"facebook_page.229935980511573_742825059222660"},{"profileString":"facebook_page.229935980511573","likesRcvd":1,"repliesRcvd":1,"timeQuantum":4993614,"postidString":"facebook_page.229935980511573_742825059222660"},{"profileString":"facebook_page.229935980511573","likesRcvd":1,"repliesRcvd":1,"timeQuantum":4993614,"postidString":"facebook_page.229935980511573_742613009243865"},{"profileString":"facebook_page.229935980511573","likesRcvd":1,"timeQuantum":4993695,"postidString":"facebook_page.229935980511573_742825059222660"},{"profileString":"facebook_page.229935980511573","likesRcvd":1,"timeQuantum":4993740,"postidString":"facebook_page.229935980511573_742825059222660"},{"profileString":"facebook_page.229935980511573","likesRcvd":1,"postsMade":1,"repliesRcvd":1,"timeQuantum":4993839,"postidString":"facebook_page.229935980511573_743472752491224"},{"profileString":"facebook_page.229935980511573","likesRcvd":1,"repliesRcvd":1,"timeQuantum":4993840,"postidString":"facebook_page.229935980511573_743472752491224"},{"profileString":"facebook_page.229935980511573","likesRcvd":1,"repliesRcvd":1,"timeQuantum":4993841,"postidString":"facebook_page.229935980511573_743472752491224"},{"profileString":"facebook_page.229935980511573","likesRcvd":1,"timeQuantum":4993842,"postidString":"facebook_page.229935980511573_743472752491224"},{"profileString":"facebook_page.229935980511573","likesRcvd":1,"timeQuantum":4993843,"postidString":"facebook_page.229935980511573_743472752491224"},{"profileString":"facebook_page.229935980511573","likesRcvd":1,"timeQuantum":4993844,"postidString":"facebook_page.229935980511573_743472752491224"},{"profileString":"facebook_page.229935980511573","likesRcvd":1,"timeQuantum":4993845,"postidString":"facebook_page.229935980511573_743472752491224"},{"profileString":"facebook_page.229935980511573","likesRcvd":1,"timeQuantum":4993846,"postidString":"facebook_page.229935980511573_743472752491224"},{"profileString":"facebook_page.229935980511573","likesRcvd":1,"timeQuantum":4993847,"postidString":"facebook_page.229935980511573_743472752491224"},{"profileString":"facebook_page.229935980511573","likesRcvd":1,"timeQuantum":4993848,"postidString":"facebook_page.229935980511573_743472752491224"},{"profileString":"facebook_page.229935980511573","likesRcvd":1,"timeQuantum":4993849,"postidString":"facebook_page.229935980511573_743472752491224"},{"profileString":"facebook_page.229935980511573","likesRcvd":2,"repliesRcvd":1,"timeQuantum":4993857,"postidString":"facebook_page.229935980511573_743472752491224"},{"profileString":"facebook_page.229935980511573","likesRcvd":2,"timeQuantum":4993858,"postidString":"facebook_page.229935980511573_743472752491224"},{"profileString":"facebook_page.229935980511573","likesRcvd":2,"timeQuantum":4993859,"postidString":"facebook_page.229935980511573_743472752491224"},{"profileString":"facebook_page.229935980511573","likesRcvd":2,"timeQuantum":4993860,"postidString":"facebook_page.229935980511573_743472752491224"},{"profileString":"facebook_page.229935980511573","likesRcvd":1,"timeQuantum":4993861,"postidString":"facebook_page.229935980511573_743472752491224"},{"profileString":"facebook_page.229935980511573","likesRcvd":1,"timeQuantum":4993862,"postidString":"facebook_page.229935980511573_743472752491224"},{"profileString":"facebook_page.229935980511573","likesRcvd":1,"timeQuantum":4993863,"postidString":"facebook_page.229935980511573_743472752491224"},{"profileString":"facebook_page.229935980511573","likesRcvd":1,"timeQuantum":4993864,"postidString":"facebook_page.229935980511573_743472752491224"},{"profileString":"facebook_page.229935980511573","likesRcvd":1,"timeQuantum":4993866,"postidString":"facebook_page.229935980511573_743472752491224"},{"profileString":"facebook_page.229935980511573","likesRcvd":1,"timeQuantum":4993867,"postidString":"facebook_page.229935980511573_743472752491224"},{"profileString":"facebook_page.229935980511573","likesRcvd":1,"timeQuantum":4993875,"postidString":"facebook_page.229935980511573_743472752491224"},{"profileString":"facebook_page.229935980511573","likesRcvd":1,"timeQuantum":4993893,"postidString":"facebook_page.229935980511573_743472752491224"},{"profileString":"facebook_page.229935980511573","likesRcvd":1,"timeQuantum":4993894,"postidString":"facebook_page.229935980511573_743472752491224"},{"profileString":"facebook_page.229935980511573","likesRcvd":1,"timeQuantum":4993902,"postidString":"facebook_page.229935980511573_743472752491224"},{"profileString":"facebook_page.229935980511573","likesRcvd":1,"timeQuantum":4993903,"postidString":"facebook_page.229935980511573_743472752491224"},{"profileString":"facebook_page.229935980511573","likesRcvd":1,"timeQuantum":4993929,"postidString":"facebook_page.229935980511573_743472752491224"},{"profileString":"facebook_page.229935980511573","likesRcvd":1,"timeQuantum":4993930,"postidString":"facebook_page.229935980511573_743472752491224"},{"profileString":"facebook_page.229935980511573","likesRcvd":1,"timeQuantum":4993931,"postidString":"facebook_page.229935980511573_743472752491224"},{"profileString":"facebook_page.229935980511573","likesRcvd":1,"timeQuantum":4993932,"postidString":"facebook_page.229935980511573_743472752491224"},{"profileString":"facebook_page.229935980511573","likesRcvd":1,"timeQuantum":4993956,"postidString":"facebook_page.229935980511573_743472752491224"},{"profileString":"facebook_page.229935980511573","likesRcvd":1,"timeQuantum":4993957,"postidString":"facebook_page.229935980511573_743472752491224"},{"profileString":"facebook_page.229935980511573","likesRcvd":1,"timeQuantum":4993958,"postidString":"facebook_page.229935980511573_743472752491224"},{"profileString":"facebook_page.229935980511573","likesRcvd":1,"timeQuantum":4994064,"postidString":"facebook_page.229935980511573_743472752491224"},{"profileString":"facebook_page.229935980511573","likesRcvd":1,"timeQuantum":4994073,"postidString":"facebook_page.229935980511573_743472752491224"},{"profileString":"facebook_page.229935980511573","likesRcvd":1,"timeQuantum":4994082,"postidString":"facebook_page.229935980511573_743472752491224"},{"profileString":"facebook_page.229935980511573","likesRcvd":1,"timeQuantum":4994136,"postidString":"facebook_page.229935980511573_742825059222660"},{"profileString":"facebook_page.229935980511573","likesRcvd":1,"timeQuantum":4994181,"postidString":"facebook_page.229935980511573_743472752491224"},{"profileString":"facebook_page.229935980511573","repliesRcvd":1,"timeQuantum":4994199,"postidString":"facebook_page.229935980511573_743472752491224"},{"profileString":"facebook_page.229935980511573","likesRcvd":4,"postsMade":1,"timeQuantum":4994241,"postidString":"facebook_page.229935980511573_744351395736693"},{"profileString":"facebook_page.229935980511573","likesRcvd":4,"timeQuantum":4994242,"postidString":"facebook_page.229935980511573_744351395736693"},{"profileString":"facebook_page.229935980511573","likesRcvd":1,"repliesRcvd":1,"timeQuantum":4994244,"postidString":"facebook_page.229935980511573_744351395736693"},{"profileString":"facebook_page.229935980511573","likesRcvd":1,"timeQuantum":4994245,"postidString":"facebook_page.229935980511573_744351395736693"},{"profileString":"facebook_page.229935980511573","likesRcvd":1,"timeQuantum":4994246,"postidString":"facebook_page.229935980511573_744351395736693"},{"profileString":"facebook_page.229935980511573","likesRcvd":1,"timeQuantum":4994247,"postidString":"facebook_page.229935980511573_744351395736693"},{"profileString":"facebook_page.229935980511573","likesRcvd":1,"timeQuantum":4994248,"postidString":"facebook_page.229935980511573_744351395736693"},{"profileString":"facebook_page.229935980511573","likesRcvd":1,"timeQuantum":4994249,"postidString":"facebook_page.229935980511573_744351395736693"},{"profileString":"facebook_page.229935980511573","likesRcvd":1,"timeQuantum":4994253,"postidString":"facebook_page.229935980511573_744351395736693"},{"profileString":"facebook_page.229935980511573","likesRcvd":1,"repliesRcvd":1,"timeQuantum":4994262,"postidString":"facebook_page.229935980511573_744351395736693"},{"profileString":"facebook_page.229935980511573","likesRcvd":1,"timeQuantum":4994263,"postidString":"facebook_page.229935980511573_744351395736693"},{"profileString":"facebook_page.229935980511573","likesRcvd":1,"timeQuantum":4994264,"postidString":"facebook_page.229935980511573_744351395736693"},{"profileString":"facebook_page.229935980511573","likesRcvd":1,"timeQuantum":4994265,"postidString":"facebook_page.229935980511573_744351395736693"},{"profileString":"facebook_page.229935980511573","likesRcvd":1,"timeQuantum":4994271,"postidString":"facebook_page.229935980511573_744351395736693"},{"profileString":"facebook_page.229935980511573","likesRcvd":1,"timeQuantum":4994289,"postidString":"facebook_page.229935980511573_744351395736693"},{"profileString":"facebook_page.229935980511573","likesRcvd":1,"timeQuantum":4994290,"postidString":"facebook_page.229935980511573_744351395736693"},{"profileString":"facebook_page.229935980511573","likesRcvd":1,"timeQuantum":4994316,"postidString":"facebook_page.229935980511573_744351395736693"},{"profileString":"facebook_page.229935980511573","likesRcvd":1,"timeQuantum":4994325,"postidString":"facebook_page.229935980511573_744351395736693"},{"profileString":"facebook_page.229935980511573","likesRcvd":1,"timeQuantum":4994326,"postidString":"facebook_page.229935980511573_744351395736693"},{"profileString":"facebook_page.229935980511573","likesRcvd":1,"timeQuantum":4994334,"postidString":"facebook_page.229935980511573_744351395736693"},{"profileString":"facebook_page.229935980511573","likesRcvd":1,"timeQuantum":4994343,"postidString":"facebook_page.229935980511573_744351395736693"},{"profileString":"facebook_page.229935980511573","likesRcvd":1,"repliesRcvd":1,"timeQuantum":4994361,"postidString":"facebook_page.229935980511573_744351395736693"},{"profileString":"facebook_page.229935980511573","likesRcvd":1,"timeQuantum":4994362,"postidString":"facebook_page.229935980511573_744351395736693"},{"profileString":"facebook_page.229935980511573","likesRcvd":1,"timeQuantum":4994363,"postidString":"facebook_page.229935980511573_744351395736693"},{"profileString":"facebook_page.229935980511573","likesRcvd":1,"timeQuantum":4994370,"postidString":"facebook_page.229935980511573_743472752491224"},{"profileString":"facebook_page.229935980511573","likesRcvd":1,"repliesRcvd":1,"timeQuantum":4994370,"postidString":"facebook_page.229935980511573_744351395736693"},{"profileString":"facebook_page.229935980511573","likesRcvd":1,"timeQuantum":4994371,"postidString":"facebook_page.229935980511573_744351395736693"},{"profileString":"facebook_page.229935980511573","likesRcvd":1,"timeQuantum":4994372,"postidString":"facebook_page.229935980511573_744351395736693"},{"profileString":"facebook_page.229935980511573","likesRcvd":1,"timeQuantum":4994373,"postidString":"facebook_page.229935980511573_744351395736693"},{"profileString":"facebook_page.229935980511573","likesRcvd":1,"timeQuantum":4994374,"postidString":"facebook_page.229935980511573_744351395736693"},{"profileString":"facebook_page.229935980511573","likesRcvd":1,"timeQuantum":4994375,"postidString":"facebook_page.229935980511573_744351395736693"},{"profileString":"facebook_page.229935980511573","likesRcvd":1,"timeQuantum":4994379,"postidString":"facebook_page.229935980511573_744351395736693"},{"profileString":"facebook_page.229935980511573","likesRcvd":1,"timeQuantum":4994388,"postidString":"facebook_page.229935980511573_744351395736693"},{"profileString":"facebook_page.229935980511573","likesRcvd":1,"timeQuantum":4994397,"postidString":"facebook_page.229935980511573_743472752491224"},{"profileString":"facebook_page.229935980511573","likesRcvd":1,"timeQuantum":4994397,"postidString":"facebook_page.229935980511573_744351395736693"},{"profileString":"facebook_page.229935980511573","likesRcvd":1,"timeQuantum":4994398,"postidString":"facebook_page.229935980511573_744351395736693"},{"profileString":"facebook_page.229935980511573","likesRcvd":1,"repliesRcvd":1,"timeQuantum":4994406,"postidString":"facebook_page.229935980511573_744351395736693"},{"profileString":"facebook_page.229935980511573","repliesRcvd":1,"timeQuantum":4994407,"postidString":"facebook_page.229935980511573_744351395736693"},{"profileString":"facebook_page.229935980511573","likesRcvd":1,"timeQuantum":4994415,"postidString":"facebook_page.229935980511573_744351395736693"},{"profileString":"facebook_page.229935980511573","likesRcvd":1,"repliesRcvd":1,"timeQuantum":4994424,"postidString":"facebook_page.229935980511573_744351395736693"},{"profileString":"facebook_page.229935980511573","likesRcvd":1,"timeQuantum":4994433,"postidString":"facebook_page.229935980511573_744351395736693"},{"profileString":"facebook_page.229935980511573","likesRcvd":1,"timeQuantum":4994434,"postidString":"facebook_page.229935980511573_744351395736693"},{"profileString":"facebook_page.229935980511573","likesRcvd":1,"timeQuantum":4994442,"postidString":"facebook_page.229935980511573_744351395736693"},{"profileString":"facebook_page.229935980511573","likesRcvd":1,"timeQuantum":4994496,"postidString":"facebook_page.229935980511573_744351395736693"},{"profileString":"facebook_page.229935980511573","likesRcvd":1,"timeQuantum":4994523,"postidString":"facebook_page.229935980511573_744351395736693"},{"profileString":"facebook_page.229935980511573","likesRcvd":1,"timeQuantum":4994946,"postidString":"facebook_page.229935980511573_744351395736693"},{"profileString":"facebook_page.229935980511573","likesRcvd":3,"postsMade":1,"repliesRcvd":1,"timeQuantum":4995104,"postidString":"facebook_page.229935980511573_746070208898145"},{"profileString":"facebook_page.229935980511573","likesRcvd":3,"repliesRcvd":1,"timeQuantum":4995105,"postidString":"facebook_page.229935980511573_746070208898145"},{"profileString":"facebook_page.229935980511573","likesRcvd":2,"timeQuantum":4995106,"postidString":"facebook_page.229935980511573_746070208898145"},{"profileString":"facebook_page.229935980511573","likesRcvd":3,"repliesRcvd":1,"timeQuantum":4995108,"postidString":"facebook_page.229935980511573_746070208898145"},{"profileString":"facebook_page.229935980511573","likesRcvd":3,"repliesRcvd":1,"timeQuantum":4995109,"postidString":"facebook_page.229935980511573_746070208898145"},{"profileString":"facebook_page.229935980511573","likesRcvd":3,"repliesRcvd":1,"timeQuantum":4995110,"postidString":"facebook_page.229935980511573_746070208898145"},{"profileString":"facebook_page.229935980511573","likesRcvd":3,"repliesRcvd":1,"timeQuantum":4995111,"postidString":"facebook_page.229935980511573_746070208898145"},{"profileString":"facebook_page.229935980511573","likesRcvd":2,"timeQuantum":4995112,"postidString":"facebook_page.229935980511573_746070208898145"},{"profileString":"facebook_page.229935980511573","likesRcvd":2,"timeQuantum":4995113,"postidString":"facebook_page.229935980511573_746070208898145"},{"profileString":"facebook_page.229935980511573","likesRcvd":2,"timeQuantum":4995114,"postidString":"facebook_page.229935980511573_746070208898145"},{"profileString":"facebook_page.229935980511573","likesRcvd":2,"timeQuantum":4995115,"postidString":"facebook_page.229935980511573_746070208898145"},{"profileString":"facebook_page.229935980511573","likesRcvd":1,"timeQuantum":4995117,"postidString":"facebook_page.229935980511573_746070208898145"},{"profileString":"facebook_page.229935980511573","likesRcvd":1,"timeQuantum":4995118,"postidString":"facebook_page.229935980511573_746070208898145"},{"profileString":"facebook_page.229935980511573","likesRcvd":1,"timeQuantum":4995119,"postidString":"facebook_page.229935980511573_746070208898145"},{"profileString":"facebook_page.229935980511573","likesRcvd":1,"timeQuantum":4995126,"postidString":"facebook_page.229935980511573_746070208898145"},{"profileString":"facebook_page.229935980511573","likesRcvd":1,"timeQuantum":4995144,"postidString":"facebook_page.229935980511573_746070208898145"},{"profileString":"facebook_page.229935980511573","repliesRcvd":1,"timeQuantum":4995180,"postidString":"facebook_page.229935980511573_746070208898145"},{"profileString":"facebook_page.229935980511573","likesRcvd":1,"timeQuantum":4995189,"postidString":"facebook_page.229935980511573_746070208898145"},{"profileString":"facebook_page.229935980511573","likesRcvd":1,"repliesRcvd":1,"timeQuantum":4995198,"postidString":"facebook_page.229935980511573_746070208898145"},{"profileString":"facebook_page.229935980511573","likesRcvd":1,"timeQuantum":4995199,"postidString":"facebook_page.229935980511573_746070208898145"},{"profileString":"facebook_page.229935980511573","likesRcvd":1,"timeQuantum":4995200,"postidString":"facebook_page.229935980511573_746070208898145"},{"profileString":"facebook_page.229935980511573","likesRcvd":1,"repliesRcvd":1,"timeQuantum":4995207,"postidString":"facebook_page.229935980511573_746070208898145"},{"profileString":"facebook_page.229935980511573","likesRcvd":1,"timeQuantum":4995208,"postidString":"facebook_page.229935980511573_746070208898145"},{"profileString":"facebook_page.229935980511573","likesRcvd":1,"repliesRcvd":1,"timeQuantum":4995216,"postidString":"facebook_page.229935980511573_746070208898145"},{"profileString":"facebook_page.229935980511573","likesRcvd":1,"timeQuantum":4995217,"postidString":"facebook_page.229935980511573_746070208898145"},{"profileString":"facebook_page.229935980511573","likesRcvd":1,"timeQuantum":4995218,"postidString":"facebook_page.229935980511573_746070208898145"},{"profileString":"facebook_page.229935980511573","likesRcvd":1,"timeQuantum":4995225,"postidString":"facebook_page.229935980511573_746070208898145"},{"profileString":"facebook_page.229935980511573","likesRcvd":1,"timeQuantum":4995226,"postidString":"facebook_page.229935980511573_746070208898145"},{"profileString":"facebook_page.229935980511573","likesRcvd":1,"timeQuantum":4995227,"postidString":"facebook_page.229935980511573_746070208898145"},{"profileString":"facebook_page.229935980511573","likesRcvd":1,"timeQuantum":4995243,"postidString":"facebook_page.229935980511573_746070208898145"},{"profileString":"facebook_page.229935980511573","likesRcvd":1,"timeQuantum":4995244,"postidString":"facebook_page.229935980511573_746070208898145"},{"profileString":"facebook_page.229935980511573","likesRcvd":1,"timeQuantum":4995261,"postidString":"facebook_page.229935980511573_746070208898145"},{"profileString":"facebook_page.229935980511573","likesRcvd":1,"timeQuantum":4995262,"postidString":"facebook_page.229935980511573_746070208898145"},{"profileString":"facebook_page.229935980511573","likesRcvd":1,"timeQuantum":4995297,"postidString":"facebook_page.229935980511573_746070208898145"},{"profileString":"facebook_page.229935980511573","likesRcvd":1,"timeQuantum":4995324,"postidString":"facebook_page.229935980511573_746070208898145"},{"profileString":"facebook_page.229935980511573","likesRcvd":1,"timeQuantum":4995325,"postidString":"facebook_page.229935980511573_746070208898145"},{"profileString":"facebook_page.229935980511573","likesRcvd":1,"timeQuantum":4995333,"postidString":"facebook_page.229935980511573_746070208898145"},{"profileString":"facebook_page.229935980511573","repliesRcvd":1,"timeQuantum":4995342,"postidString":"facebook_page.229935980511573_746070208898145"},{"profileString":"facebook_page.229935980511573","likesRcvd":1,"repliesRcvd":1,"timeQuantum":4995351,"postidString":"facebook_page.229935980511573_746070208898145"},{"profileString":"facebook_page.229935980511573","likesRcvd":1,"timeQuantum":4995352,"postidString":"facebook_page.229935980511573_746070208898145"},{"profileString":"facebook_page.229935980511573","postsMade":1,"timeQuantum":4995359,"postidString":"facebook_page.229935980511573_746659075505925"},{"profileString":"facebook_page.229935980511573","likesRcvd":1,"timeQuantum":4995360,"postidString":"facebook_page.229935980511573_746659075505925"},{"profileString":"facebook_page.229935980511573","likesRcvd":1,"timeQuantum":4995360,"postidString":"facebook_page.229935980511573_746070208898145"},{"profileString":"facebook_page.229935980511573","likesRcvd":1,"timeQuantum":4995361,"postidString":"facebook_page.229935980511573_746659075505925"},{"profileString":"facebook_page.229935980511573","likesRcvd":1,"timeQuantum":4995361,"postidString":"facebook_page.229935980511573_746070208898145"},{"profileString":"facebook_page.229935980511573","likesRcvd":1,"timeQuantum":4995362,"postidString":"facebook_page.229935980511573_746659075505925"},{"profileString":"facebook_page.229935980511573","likesRcvd":1,"timeQuantum":4995362,"postidString":"facebook_page.229935980511573_746070208898145"},{"profileString":"facebook_page.229935980511573","likesRcvd":1,"timeQuantum":4995363,"postidString":"facebook_page.229935980511573_746659075505925"},{"profileString":"facebook_page.229935980511573","likesRcvd":1,"timeQuantum":4995363,"postidString":"facebook_page.229935980511573_746070208898145"},{"profileString":"facebook_page.229935980511573","likesRcvd":1,"timeQuantum":4995364,"postidString":"facebook_page.229935980511573_746659075505925"},{"profileString":"facebook_page.229935980511573","likesRcvd":1,"timeQuantum":4995364,"postidString":"facebook_page.229935980511573_746070208898145"},{"profileString":"facebook_page.229935980511573","likesRcvd":1,"timeQuantum":4995365,"postidString":"facebook_page.229935980511573_746659075505925"},{"profileString":"facebook_page.229935980511573","likesRcvd":1,"repliesRcvd":1,"timeQuantum":4995369,"postidString":"facebook_page.229935980511573_746659075505925"},{"profileString":"facebook_page.229935980511573","likesRcvd":1,"timeQuantum":4995369,"postidString":"facebook_page.229935980511573_746070208898145"},{"profileString":"facebook_page.229935980511573","likesRcvd":1,"timeQuantum":4995370,"postidString":"facebook_page.229935980511573_746070208898145"},{"profileString":"facebook_page.229935980511573","likesRcvd":1,"timeQuantum":4995378,"postidString":"facebook_page.229935980511573_746659075505925"},{"profileString":"facebook_page.229935980511573","likesRcvd":1,"repliesRcvd":1,"timeQuantum":4995378,"postidString":"facebook_page.229935980511573_746070208898145"},{"profileString":"facebook_page.229935980511573","likesRcvd":1,"repliesRcvd":1,"timeQuantum":4995387,"postidString":"facebook_page.229935980511573_746659075505925"},{"profileString":"facebook_page.229935980511573","likesRcvd":1,"timeQuantum":4995387,"postidString":"facebook_page.229935980511573_746070208898145"},{"profileString":"facebook_page.229935980511573","likesRcvd":1,"timeQuantum":4995388,"postidString":"facebook_page.229935980511573_746659075505925"},{"profileString":"facebook_page.229935980511573","likesRcvd":1,"timeQuantum":4995389,"postidString":"facebook_page.229935980511573_746659075505925"},{"profileString":"facebook_page.229935980511573","likesRcvd":1,"timeQuantum":4995396,"postidString":"facebook_page.229935980511573_746070208898145"},{"profileString":"facebook_page.229935980511573","likesRcvd":1,"timeQuantum":4995405,"postidString":"facebook_page.229935980511573_746659075505925"},{"profileString":"facebook_page.229935980511573","likesRcvd":1,"timeQuantum":4995406,"postidString":"facebook_page.229935980511573_746659075505925"},{"profileString":"facebook_page.229935980511573","likesRcvd":1,"timeQuantum":4995407,"postidString":"facebook_page.229935980511573_746659075505925"},{"profileString":"facebook_page.229935980511573","likesRcvd":1,"timeQuantum":4995459,"postidString":"facebook_page.229935980511573_746070208898145"},{"profileString":"facebook_page.229935980511573","likesRcvd":1,"timeQuantum":4995477,"postidString":"facebook_page.229935980511573_746070208898145"},{"profileString":"facebook_page.229935980511573","likesRcvd":1,"timeQuantum":4995522,"postidString":"facebook_page.229935980511573_746659075505925"},{"profileString":"facebook_page.229935980511573","likesRcvd":1,"timeQuantum":4995585,"postidString":"facebook_page.229935980511573_746659075505925"},{"profileString":"facebook_page.229935980511573","likesRcvd":1,"timeQuantum":4995594,"postidString":"facebook_page.229935980511573_746070208898145"},{"profileString":"facebook_page.229935980511573","likesRcvd":1,"timeQuantum":4995621,"postidString":"facebook_page.229935980511573_746659075505925"},{"profileString":"facebook_page.229935980511573","likesRcvd":1,"timeQuantum":4995783,"postidString":"facebook_page.229935980511573_746070208898145"},{"profileString":"facebook_page.229935980511573","likesRcvd":1,"postsMade":1,"timeQuantum":4995810,"postidString":"facebook_page.229935980511573_747642328740933"}]