[{"profileString":"facebook_page.393948727476542","likesRcvd":1,"postsMade":1,"timeQuantum":4975986,"postidString":"facebook_page.393948727476542_637072986497447"},{"profileString":"facebook_page.393948727476542","likesRcvd":2,"postsMade":1,"timeQuantum":4975987,"postidString":"facebook_page.393948727476542_637079646496781"},{"profileString":"facebook_page.393948727476542","likesRcvd":2,"timeQuantum":4975988,"postidString":"facebook_page.393948727476542_637079646496781"},{"profileString":"facebook_page.393948727476542","likesRcvd":1,"timeQuantum":4975989,"postidString":"facebook_page.393948727476542_637079646496781"},{"sharesRcvd":1,"profileString":"facebook_page.393948727476542","likesRcvd":1,"repliesRcvd":1,"timeQuantum":4975991,"postidString":"facebook_page.393948727476542_637079646496781"},{"profileString":"facebook_page.393948727476542","likesRcvd":1,"timeQuantum":4975992,"postidString":"facebook_page.393948727476542_637079646496781"},{"profileString":"facebook_page.393948727476542","likesRcvd":1,"timeQuantum":4976009,"postidString":"facebook_page.393948727476542_637072986497447"},{"profileString":"facebook_page.393948727476542","likesRcvd":1,"timeQuantum":4976027,"postidString":"facebook_page.393948727476542_637079646496781"},{"profileString":"facebook_page.393948727476542","likesRcvd":1,"timeQuantum":4976036,"postidString":"facebook_page.393948727476542_637079646496781"},{"profileString":"facebook_page.393948727476542","likesRcvd":1,"postsMade":1,"timeQuantum":4976042,"postidString":"facebook_page.393948727476542_637172549820824"},{"profileString":"facebook_page.393948727476542","likesRcvd":1,"timeQuantum":4976045,"postidString":"facebook_page.393948727476542_637072986497447"},{"profileString":"facebook_page.393948727476542","likesRcvd":1,"repliesRcvd":1,"timeQuantum":4976045,"postidString":"facebook_page.393948727476542_637079646496781"},{"profileString":"facebook_page.393948727476542","likesRcvd":1,"repliesRcvd":1,"timeQuantum":4976045,"postidString":"facebook_page.393948727476542_637172549820824"},{"profileString":"facebook_page.393948727476542","likesRcvd":1,"timeQuantum":4976046,"postidString":"facebook_page.393948727476542_637172549820824"},{"profileString":"facebook_page.393948727476542","likesRcvd":1,"timeQuantum":4976054,"postidString":"facebook_page.393948727476542_637072986497447"},{"profileString":"facebook_page.393948727476542","likesRcvd":1,"timeQuantum":4976054,"postidString":"facebook_page.393948727476542_637079646496781"},{"profileString":"facebook_page.393948727476542","likesRcvd":1,"repliesRcvd":1,"timeQuantum":4976054,"postidString":"facebook_page.393948727476542_637172549820824"},{"profileString":"facebook_page.393948727476542","likesRcvd":1,"timeQuantum":4976055,"postidString":"facebook_page.393948727476542_637172549820824"},{"profileString":"facebook_page.393948727476542","likesRcvd":1,"timeQuantum":4976063,"postidString":"facebook_page.393948727476542_637072986497447"},{"profileString":"facebook_page.393948727476542","likesRcvd":1,"timeQuantum":4976063,"postidString":"facebook_page.393948727476542_637079646496781"},{"profileString":"facebook_page.393948727476542","likesRcvd":1,"repliesRcvd":1,"timeQuantum":4976081,"postidString":"facebook_page.393948727476542_637172549820824"},{"profileString":"facebook_page.393948727476542","likesRcvd":1,"repliesRcvd":1,"timeQuantum":4976090,"postidString":"facebook_page.393948727476542_637079646496781"},{"profileString":"facebook_page.393948727476542","likesRcvd":1,"timeQuantum":4976091,"postidString":"facebook_page.393948727476542_637079646496781"},{"profileString":"facebook_page.393948727476542","likesRcvd":1,"timeQuantum":4976117,"postidString":"facebook_page.393948727476542_637172549820824"},{"profileString":"facebook_page.393948727476542","likesRcvd":1,"timeQuantum":4976189,"postidString":"facebook_page.393948727476542_637172549820824"},{"profileString":"facebook_page.393948727476542","likesRcvd":1,"timeQuantum":4976207,"postidString":"facebook_page.393948727476542_637079646496781"},{"profileString":"facebook_page.393948727476542","likesRcvd":1,"timeQuantum":4977233,"postidString":"facebook_page.393948727476542_637079646496781"},{"profileString":"facebook_page.393948727476542","likesRcvd":1,"postsMade":1,"timeQuantum":4978002,"postidString":"facebook_page.393948727476542_640247102846702"},{"profileString":"facebook_page.393948727476542","likesRcvd":1,"timeQuantum":4978003,"postidString":"facebook_page.393948727476542_640247102846702"},{"profileString":"facebook_page.393948727476542","likesRcvd":1,"timeQuantum":4978004,"postidString":"facebook_page.393948727476542_640247102846702"},{"profileString":"facebook_page.393948727476542","likesRcvd":2,"repliesRcvd":1,"timeQuantum":4978007,"postidString":"facebook_page.393948727476542_640247102846702"},{"profileString":"facebook_page.393948727476542","likesRcvd":1,"repliesRcvd":1,"timeQuantum":4978008,"postidString":"facebook_page.393948727476542_640247102846702"},{"profileString":"facebook_page.393948727476542","likesRcvd":1,"timeQuantum":4978009,"postidString":"facebook_page.393948727476542_640247102846702"},{"profileString":"facebook_page.393948727476542","likesRcvd":1,"timeQuantum":4978010,"postidString":"facebook_page.393948727476542_640247102846702"},{"profileString":"facebook_page.393948727476542","likesRcvd":1,"timeQuantum":4978011,"postidString":"facebook_page.393948727476542_640247102846702"},{"profileString":"facebook_page.393948727476542","likesRcvd":1,"timeQuantum":4978012,"postidString":"facebook_page.393948727476542_640247102846702"},{"profileString":"facebook_page.393948727476542","likesRcvd":1,"timeQuantum":4978013,"postidString":"facebook_page.393948727476542_640247102846702"},{"profileString":"facebook_page.393948727476542","likesRcvd":1,"timeQuantum":4978014,"postidString":"facebook_page.393948727476542_640247102846702"},{"profileString":"facebook_page.393948727476542","likesRcvd":1,"timeQuantum":4978016,"postidString":"facebook_page.393948727476542_640247102846702"},{"profileString":"facebook_page.393948727476542","likesRcvd":1,"timeQuantum":4978017,"postidString":"facebook_page.393948727476542_640247102846702"},{"profileString":"facebook_page.393948727476542","likesRcvd":1,"timeQuantum":4978018,"postidString":"facebook_page.393948727476542_640247102846702"},{"profileString":"facebook_page.393948727476542","likesRcvd":1,"timeQuantum":4978025,"postidString":"facebook_page.393948727476542_640247102846702"},{"profileString":"facebook_page.393948727476542","likesRcvd":1,"timeQuantum":4978026,"postidString":"facebook_page.393948727476542_640247102846702"},{"profileString":"facebook_page.393948727476542","likesRcvd":1,"timeQuantum":4978027,"postidString":"facebook_page.393948727476542_640247102846702"},{"profileString":"facebook_page.393948727476542","likesRcvd":1,"timeQuantum":4978028,"postidString":"facebook_page.393948727476542_640247102846702"},{"profileString":"facebook_page.393948727476542","likesRcvd":1,"timeQuantum":4978034,"postidString":"facebook_page.393948727476542_640247102846702"},{"profileString":"facebook_page.393948727476542","likesRcvd":1,"timeQuantum":4978035,"postidString":"facebook_page.393948727476542_640247102846702"},{"profileString":"facebook_page.393948727476542","likesRcvd":1,"timeQuantum":4978043,"postidString":"facebook_page.393948727476542_640247102846702"},{"profileString":"facebook_page.393948727476542","likesRcvd":1,"timeQuantum":4978044,"postidString":"facebook_page.393948727476542_640247102846702"},{"profileString":"facebook_page.393948727476542","likesRcvd":1,"timeQuantum":4978045,"postidString":"facebook_page.393948727476542_640247102846702"},{"profileString":"facebook_page.393948727476542","likesRcvd":1,"timeQuantum":4978046,"postidString":"facebook_page.393948727476542_640247102846702"},{"profileString":"facebook_page.393948727476542","likesRcvd":1,"timeQuantum":4978047,"postidString":"facebook_page.393948727476542_640247102846702"},{"profileString":"facebook_page.393948727476542","likesRcvd":1,"timeQuantum":4978052,"postidString":"facebook_page.393948727476542_640247102846702"},{"profileString":"facebook_page.393948727476542","likesRcvd":1,"timeQuantum":4978053,"postidString":"facebook_page.393948727476542_640247102846702"},{"profileString":"facebook_page.393948727476542","likesRcvd":1,"timeQuantum":4978054,"postidString":"facebook_page.393948727476542_640247102846702"},{"profileString":"facebook_page.393948727476542","likesRcvd":1,"timeQuantum":4978055,"postidString":"facebook_page.393948727476542_640247102846702"},{"profileString":"facebook_page.393948727476542","likesRcvd":1,"timeQuantum":4978056,"postidString":"facebook_page.393948727476542_640247102846702"},{"profileString":"facebook_page.393948727476542","likesRcvd":1,"timeQuantum":4978057,"postidString":"facebook_page.393948727476542_640247102846702"},{"profileString":"facebook_page.393948727476542","likesRcvd":1,"timeQuantum":4978058,"postidString":"facebook_page.393948727476542_640247102846702"},{"profileString":"facebook_page.393948727476542","likesRcvd":1,"timeQuantum":4978059,"postidString":"facebook_page.393948727476542_640247102846702"},{"profileString":"facebook_page.393948727476542","likesRcvd":1,"timeQuantum":4978061,"postidString":"facebook_page.393948727476542_640247102846702"},{"profileString":"facebook_page.393948727476542","likesRcvd":1,"timeQuantum":4978062,"postidString":"facebook_page.393948727476542_640247102846702"},{"profileString":"facebook_page.393948727476542","likesRcvd":1,"timeQuantum":4978063,"postidString":"facebook_page.393948727476542_640247102846702"},{"profileString":"facebook_page.393948727476542","likesRcvd":1,"timeQuantum":4978064,"postidString":"facebook_page.393948727476542_640247102846702"},{"profileString":"facebook_page.393948727476542","likesRcvd":1,"timeQuantum":4978065,"postidString":"facebook_page.393948727476542_640247102846702"},{"profileString":"facebook_page.393948727476542","likesRcvd":1,"timeQuantum":4978070,"postidString":"facebook_page.393948727476542_640247102846702"},{"profileString":"facebook_page.393948727476542","likesRcvd":1,"timeQuantum":4978071,"postidString":"facebook_page.393948727476542_640247102846702"},{"profileString":"facebook_page.393948727476542","likesRcvd":1,"timeQuantum":4978079,"postidString":"facebook_page.393948727476542_640247102846702"},{"profileString":"facebook_page.393948727476542","likesRcvd":1,"timeQuantum":4978080,"postidString":"facebook_page.393948727476542_640247102846702"},{"profileString":"facebook_page.393948727476542","likesRcvd":1,"timeQuantum":4978081,"postidString":"facebook_page.393948727476542_640247102846702"},{"profileString":"facebook_page.393948727476542","likesRcvd":1,"timeQuantum":4978082,"postidString":"facebook_page.393948727476542_640247102846702"},{"profileString":"facebook_page.393948727476542","likesRcvd":1,"timeQuantum":4978083,"postidString":"facebook_page.393948727476542_640247102846702"},{"profileString":"facebook_page.393948727476542","likesRcvd":1,"timeQuantum":4978084,"postidString":"facebook_page.393948727476542_640247102846702"},{"profileString":"facebook_page.393948727476542","likesRcvd":1,"timeQuantum":4978088,"postidString":"facebook_page.393948727476542_640247102846702"},{"profileString":"facebook_page.393948727476542","likesRcvd":1,"timeQuantum":4978089,"postidString":"facebook_page.393948727476542_640247102846702"},{"profileString":"facebook_page.393948727476542","likesRcvd":1,"timeQuantum":4978090,"postidString":"facebook_page.393948727476542_640247102846702"},{"profileString":"facebook_page.393948727476542","likesRcvd":1,"timeQuantum":4978091,"postidString":"facebook_page.393948727476542_640247102846702"},{"profileString":"facebook_page.393948727476542","likesRcvd":1,"timeQuantum":4978092,"postidString":"facebook_page.393948727476542_640247102846702"},{"profileString":"facebook_page.393948727476542","likesRcvd":1,"timeQuantum":4978093,"postidString":"facebook_page.393948727476542_640247102846702"},{"profileString":"facebook_page.393948727476542","likesRcvd":1,"timeQuantum":4978094,"postidString":"facebook_page.393948727476542_640247102846702"},{"profileString":"facebook_page.393948727476542","likesRcvd":1,"timeQuantum":4978095,"postidString":"facebook_page.393948727476542_640247102846702"},{"profileString":"facebook_page.393948727476542","likesRcvd":1,"timeQuantum":4978097,"postidString":"facebook_page.393948727476542_640247102846702"},{"profileString":"facebook_page.393948727476542","likesRcvd":1,"timeQuantum":4978098,"postidString":"facebook_page.393948727476542_640247102846702"},{"profileString":"facebook_page.393948727476542","likesRcvd":1,"timeQuantum":4978099,"postidString":"facebook_page.393948727476542_640247102846702"},{"profileString":"facebook_page.393948727476542","likesRcvd":1,"repliesRcvd":1,"timeQuantum":4978106,"postidString":"facebook_page.393948727476542_640247102846702"},{"profileString":"facebook_page.393948727476542","likesRcvd":1,"timeQuantum":4978107,"postidString":"facebook_page.393948727476542_640247102846702"},{"profileString":"facebook_page.393948727476542","likesRcvd":1,"timeQuantum":4978115,"postidString":"facebook_page.393948727476542_640247102846702"},{"profileString":"facebook_page.393948727476542","likesRcvd":1,"timeQuantum":4978116,"postidString":"facebook_page.393948727476542_640247102846702"},{"profileString":"facebook_page.393948727476542","likesRcvd":1,"timeQuantum":4978124,"postidString":"facebook_page.393948727476542_640247102846702"},{"profileString":"facebook_page.393948727476542","likesRcvd":1,"timeQuantum":4978125,"postidString":"facebook_page.393948727476542_640247102846702"},{"profileString":"facebook_page.393948727476542","likesRcvd":1,"repliesRcvd":1,"timeQuantum":4978205,"postidString":"facebook_page.393948727476542_640247102846702"},{"profileString":"facebook_page.393948727476542","likesRcvd":1,"timeQuantum":4978214,"postidString":"facebook_page.393948727476542_640247102846702"},{"profileString":"facebook_page.393948727476542","likesRcvd":1,"timeQuantum":4978223,"postidString":"facebook_page.393948727476542_640247102846702"},{"profileString":"facebook_page.393948727476542","likesRcvd":1,"timeQuantum":4978224,"postidString":"facebook_page.393948727476542_640247102846702"},{"profileString":"facebook_page.393948727476542","likesRcvd":1,"timeQuantum":4978225,"postidString":"facebook_page.393948727476542_640247102846702"},{"profileString":"facebook_page.393948727476542","likesRcvd":1,"timeQuantum":4978232,"postidString":"facebook_page.393948727476542_640247102846702"},{"profileString":"facebook_page.393948727476542","likesRcvd":1,"timeQuantum":4978250,"postidString":"facebook_page.393948727476542_640247102846702"},{"profileString":"facebook_page.393948727476542","likesRcvd":1,"timeQuantum":4978259,"postidString":"facebook_page.393948727476542_640247102846702"},{"profileString":"facebook_page.393948727476542","likesRcvd":1,"repliesRcvd":1,"timeQuantum":4978268,"postidString":"facebook_page.393948727476542_640247102846702"},{"profileString":"facebook_page.393948727476542","likesRcvd":1,"timeQuantum":4978269,"postidString":"facebook_page.393948727476542_640247102846702"},{"profileString":"facebook_page.393948727476542","likesRcvd":1,"timeQuantum":4978295,"postidString":"facebook_page.393948727476542_640247102846702"},{"profileString":"facebook_page.393948727476542","likesRcvd":1,"timeQuantum":4978313,"postidString":"facebook_page.393948727476542_640247102846702"},{"profileString":"facebook_page.393948727476542","likesRcvd":1,"repliesRcvd":1,"timeQuantum":4978394,"postidString":"facebook_page.393948727476542_640247102846702"},{"profileString":"facebook_page.393948727476542","likesRcvd":1,"timeQuantum":4978574,"postidString":"facebook_page.393948727476542_637172549820824"},{"profileString":"facebook_page.393948727476542","likesRcvd":1,"timeQuantum":4978853,"postidString":"facebook_page.393948727476542_640247102846702"},{"profileString":"facebook_page.393948727476542","likesRcvd":4,"postsMade":1,"repliesRcvd":1,"timeQuantum":4978855,"postidString":"facebook_page.393948727476542_641590729379006"},{"profileString":"facebook_page.393948727476542","likesRcvd":3,"repliesRcvd":1,"timeQuantum":4978856,"postidString":"facebook_page.393948727476542_641590729379006"},{"profileString":"facebook_page.393948727476542","likesRcvd":3,"repliesRcvd":1,"timeQuantum":4978857,"postidString":"facebook_page.393948727476542_641590729379006"},{"profileString":"facebook_page.393948727476542","likesRcvd":3,"repliesRcvd":1,"timeQuantum":4978858,"postidString":"facebook_page.393948727476542_641590729379006"},{"profileString":"facebook_page.393948727476542","likesRcvd":3,"timeQuantum":4978859,"postidString":"facebook_page.393948727476542_641590729379006"},{"profileString":"facebook_page.393948727476542","likesRcvd":3,"timeQuantum":4978860,"postidString":"facebook_page.393948727476542_641590729379006"},{"profileString":"facebook_page.393948727476542","likesRcvd":2,"repliesRcvd":1,"timeQuantum":4978862,"postidString":"facebook_page.393948727476542_641590729379006"},{"profileString":"facebook_page.393948727476542","likesRcvd":2,"repliesRcvd":1,"timeQuantum":4978863,"postidString":"facebook_page.393948727476542_641590729379006"},{"profileString":"facebook_page.393948727476542","likesRcvd":2,"repliesRcvd":1,"timeQuantum":4978864,"postidString":"facebook_page.393948727476542_641590729379006"},{"profileString":"facebook_page.393948727476542","likesRcvd":1,"timeQuantum":4978865,"postidString":"facebook_page.393948727476542_641590729379006"},{"profileString":"facebook_page.393948727476542","likesRcvd":1,"timeQuantum":4978866,"postidString":"facebook_page.393948727476542_641590729379006"},{"profileString":"facebook_page.393948727476542","likesRcvd":1,"timeQuantum":4978867,"postidString":"facebook_page.393948727476542_641590729379006"},{"profileString":"facebook_page.393948727476542","likesRcvd":1,"timeQuantum":4978868,"postidString":"facebook_page.393948727476542_641590729379006"},{"profileString":"facebook_page.393948727476542","likesRcvd":1,"timeQuantum":4978869,"postidString":"facebook_page.393948727476542_641590729379006"},{"profileString":"facebook_page.393948727476542","likesRcvd":1,"repliesRcvd":1,"timeQuantum":4978871,"postidString":"facebook_page.393948727476542_641590729379006"},{"profileString":"facebook_page.393948727476542","likesRcvd":1,"repliesRcvd":1,"timeQuantum":4978872,"postidString":"facebook_page.393948727476542_641590729379006"},{"profileString":"facebook_page.393948727476542","likesRcvd":1,"repliesRcvd":1,"timeQuantum":4978873,"postidString":"facebook_page.393948727476542_641590729379006"},{"profileString":"facebook_page.393948727476542","likesRcvd":1,"timeQuantum":4978874,"postidString":"facebook_page.393948727476542_641590729379006"},{"profileString":"facebook_page.393948727476542","likesRcvd":1,"timeQuantum":4978875,"postidString":"facebook_page.393948727476542_641590729379006"},{"profileString":"facebook_page.393948727476542","likesRcvd":1,"timeQuantum":4978880,"postidString":"facebook_page.393948727476542_641590729379006"},{"profileString":"facebook_page.393948727476542","likesRcvd":1,"timeQuantum":4978881,"postidString":"facebook_page.393948727476542_641590729379006"},{"profileString":"facebook_page.393948727476542","likesRcvd":1,"timeQuantum":4978889,"postidString":"facebook_page.393948727476542_641590729379006"},{"profileString":"facebook_page.393948727476542","likesRcvd":1,"repliesRcvd":1,"timeQuantum":4978898,"postidString":"facebook_page.393948727476542_641590729379006"},{"profileString":"facebook_page.393948727476542","likesRcvd":1,"timeQuantum":4978899,"postidString":"facebook_page.393948727476542_641590729379006"},{"profileString":"facebook_page.393948727476542","likesRcvd":1,"timeQuantum":4978900,"postidString":"facebook_page.393948727476542_641590729379006"},{"profileString":"facebook_page.393948727476542","likesRcvd":1,"timeQuantum":4978901,"postidString":"facebook_page.393948727476542_641590729379006"},{"profileString":"facebook_page.393948727476542","likesRcvd":1,"timeQuantum":4978902,"postidString":"facebook_page.393948727476542_641590729379006"},{"profileString":"facebook_page.393948727476542","likesRcvd":1,"timeQuantum":4978907,"postidString":"facebook_page.393948727476542_641590729379006"},{"profileString":"facebook_page.393948727476542","likesRcvd":1,"timeQuantum":4978908,"postidString":"facebook_page.393948727476542_641590729379006"},{"profileString":"facebook_page.393948727476542","likesRcvd":1,"timeQuantum":4978909,"postidString":"facebook_page.393948727476542_641590729379006"},{"profileString":"facebook_page.393948727476542","repliesRcvd":1,"timeQuantum":4978925,"postidString":"facebook_page.393948727476542_641590729379006"},{"profileString":"facebook_page.393948727476542","likesRcvd":1,"repliesRcvd":1,"timeQuantum":4978934,"postidString":"facebook_page.393948727476542_641590729379006"},{"profileString":"facebook_page.393948727476542","likesRcvd":1,"repliesRcvd":1,"timeQuantum":4978935,"postidString":"facebook_page.393948727476542_641590729379006"},{"profileString":"facebook_page.393948727476542","likesRcvd":1,"repliesRcvd":1,"timeQuantum":4978936,"postidString":"facebook_page.393948727476542_641590729379006"},{"profileString":"facebook_page.393948727476542","likesRcvd":1,"timeQuantum":4978937,"postidString":"facebook_page.393948727476542_641590729379006"},{"profileString":"facebook_page.393948727476542","likesRcvd":1,"repliesRcvd":1,"timeQuantum":4978943,"postidString":"facebook_page.393948727476542_641590729379006"},{"profileString":"facebook_page.393948727476542","likesRcvd":1,"repliesRcvd":1,"timeQuantum":4978944,"postidString":"facebook_page.393948727476542_641590729379006"},{"profileString":"facebook_page.393948727476542","likesRcvd":1,"repliesRcvd":1,"timeQuantum":4978945,"postidString":"facebook_page.393948727476542_641590729379006"},{"sharesRcvd":1,"profileString":"facebook_page.393948727476542","likesRcvd":1,"repliesRcvd":1,"timeQuantum":4978961,"postidString":"facebook_page.393948727476542_641590729379006"},{"profileString":"facebook_page.393948727476542","likesRcvd":1,"repliesRcvd":1,"timeQuantum":4978970,"postidString":"facebook_page.393948727476542_641590729379006"},{"profileString":"facebook_page.393948727476542","likesRcvd":1,"timeQuantum":4978988,"postidString":"facebook_page.393948727476542_641590729379006"},{"profileString":"facebook_page.393948727476542","likesRcvd":1,"timeQuantum":4978989,"postidString":"facebook_page.393948727476542_641590729379006"},{"profileString":"facebook_page.393948727476542","likesRcvd":1,"timeQuantum":4978997,"postidString":"facebook_page.393948727476542_641590729379006"},{"profileString":"facebook_page.393948727476542","likesRcvd":1,"timeQuantum":4979024,"postidString":"facebook_page.393948727476542_641590729379006"},{"profileString":"facebook_page.393948727476542","likesRcvd":1,"timeQuantum":4979033,"postidString":"facebook_page.393948727476542_641590729379006"},{"profileString":"facebook_page.393948727476542","likesRcvd":1,"repliesRcvd":1,"timeQuantum":4979042,"postidString":"facebook_page.393948727476542_641590729379006"},{"profileString":"facebook_page.393948727476542","likesRcvd":1,"timeQuantum":4979043,"postidString":"facebook_page.393948727476542_641590729379006"},{"profileString":"facebook_page.393948727476542","likesRcvd":1,"timeQuantum":4979051,"postidString":"facebook_page.393948727476542_641590729379006"},{"profileString":"facebook_page.393948727476542","likesRcvd":1,"timeQuantum":4979060,"postidString":"facebook_page.393948727476542_641590729379006"},{"profileString":"facebook_page.393948727476542","likesRcvd":1,"repliesRcvd":1,"timeQuantum":4979069,"postidString":"facebook_page.393948727476542_641590729379006"},{"profileString":"facebook_page.393948727476542","likesRcvd":1,"timeQuantum":4979070,"postidString":"facebook_page.393948727476542_641590729379006"},{"profileString":"facebook_page.393948727476542","likesRcvd":1,"timeQuantum":4979071,"postidString":"facebook_page.393948727476542_641590729379006"},{"profileString":"facebook_page.393948727476542","likesRcvd":1,"timeQuantum":4979072,"postidString":"facebook_page.393948727476542_641590729379006"},{"profileString":"facebook_page.393948727476542","likesRcvd":1,"timeQuantum":4979078,"postidString":"facebook_page.393948727476542_641590729379006"},{"profileString":"facebook_page.393948727476542","likesRcvd":1,"timeQuantum":4979079,"postidString":"facebook_page.393948727476542_641590729379006"},{"profileString":"facebook_page.393948727476542","likesRcvd":1,"timeQuantum":4979080,"postidString":"facebook_page.393948727476542_641590729379006"},{"profileString":"facebook_page.393948727476542","likesRcvd":1,"timeQuantum":4979081,"postidString":"facebook_page.393948727476542_641590729379006"},{"profileString":"facebook_page.393948727476542","likesRcvd":1,"timeQuantum":4979082,"postidString":"facebook_page.393948727476542_641590729379006"},{"profileString":"facebook_page.393948727476542","likesRcvd":1,"repliesRcvd":1,"timeQuantum":4979087,"postidString":"facebook_page.393948727476542_641590729379006"},{"profileString":"facebook_page.393948727476542","likesRcvd":1,"timeQuantum":4979096,"postidString":"facebook_page.393948727476542_641590729379006"},{"profileString":"facebook_page.393948727476542","likesRcvd":1,"timeQuantum":4979097,"postidString":"facebook_page.393948727476542_641590729379006"},{"profileString":"facebook_page.393948727476542","likesRcvd":1,"timeQuantum":4979114,"postidString":"facebook_page.393948727476542_641590729379006"},{"profileString":"facebook_page.393948727476542","likesRcvd":1,"timeQuantum":4979115,"postidString":"facebook_page.393948727476542_641590729379006"},{"profileString":"facebook_page.393948727476542","likesRcvd":1,"timeQuantum":4979116,"postidString":"facebook_page.393948727476542_641590729379006"},{"profileString":"facebook_page.393948727476542","likesRcvd":1,"timeQuantum":4979117,"postidString":"facebook_page.393948727476542_641590729379006"},{"profileString":"facebook_page.393948727476542","likesRcvd":1,"timeQuantum":4979118,"postidString":"facebook_page.393948727476542_641590729379006"},{"profileString":"facebook_page.393948727476542","likesRcvd":1,"timeQuantum":4979119,"postidString":"facebook_page.393948727476542_641590729379006"},{"profileString":"facebook_page.393948727476542","likesRcvd":1,"timeQuantum":4979123,"postidString":"facebook_page.393948727476542_641590729379006"},{"profileString":"facebook_page.393948727476542","likesRcvd":1,"timeQuantum":4979124,"postidString":"facebook_page.393948727476542_641590729379006"},{"profileString":"facebook_page.393948727476542","likesRcvd":1,"timeQuantum":4979125,"postidString":"facebook_page.393948727476542_641590729379006"},{"profileString":"facebook_page.393948727476542","likesRcvd":1,"timeQuantum":4979141,"postidString":"facebook_page.393948727476542_641590729379006"},{"profileString":"facebook_page.393948727476542","likesRcvd":1,"postsMade":1,"timeQuantum":4979160,"postidString":"facebook_page.393948727476542_642113905993355"},{"profileString":"facebook_page.393948727476542","likesRcvd":1,"timeQuantum":4979161,"postidString":"facebook_page.393948727476542_642113905993355"},{"profileString":"facebook_page.393948727476542","likesRcvd":1,"timeQuantum":4979162,"postidString":"facebook_page.393948727476542_642113905993355"},{"profileString":"facebook_page.393948727476542","likesRcvd":1,"timeQuantum":4979163,"postidString":"facebook_page.393948727476542_642113905993355"},{"profileString":"facebook_page.393948727476542","likesRcvd":1,"timeQuantum":4979164,"postidString":"facebook_page.393948727476542_642113905993355"},{"profileString":"facebook_page.393948727476542","likesRcvd":1,"timeQuantum":4979165,"postidString":"facebook_page.393948727476542_642113905993355"},{"profileString":"facebook_page.393948727476542","likesRcvd":1,"timeQuantum":4979166,"postidString":"facebook_page.393948727476542_642113905993355"},{"profileString":"facebook_page.393948727476542","likesRcvd":1,"timeQuantum":4979195,"postidString":"facebook_page.393948727476542_642113905993355"},{"profileString":"facebook_page.393948727476542","likesRcvd":1,"timeQuantum":4979195,"postidString":"facebook_page.393948727476542_641590729379006"},{"profileString":"facebook_page.393948727476542","likesRcvd":1,"timeQuantum":4979204,"postidString":"facebook_page.393948727476542_642113905993355"},{"profileString":"facebook_page.393948727476542","likesRcvd":1,"repliesRcvd":1,"timeQuantum":4979213,"postidString":"facebook_page.393948727476542_641590729379006"},{"profileString":"facebook_page.393948727476542","likesRcvd":1,"repliesRcvd":1,"timeQuantum":4979214,"postidString":"facebook_page.393948727476542_641590729379006"},{"profileString":"facebook_page.393948727476542","likesRcvd":1,"timeQuantum":4979249,"postidString":"facebook_page.393948727476542_642113905993355"},{"profileString":"facebook_page.393948727476542","likesRcvd":1,"timeQuantum":4979258,"postidString":"facebook_page.393948727476542_642113905993355"},{"profileString":"facebook_page.393948727476542","likesRcvd":1,"timeQuantum":4979258,"postidString":"facebook_page.393948727476542_641590729379006"},{"profileString":"facebook_page.393948727476542","likesRcvd":1,"timeQuantum":4979276,"postidString":"facebook_page.393948727476542_641590729379006"},{"profileString":"facebook_page.393948727476542","likesRcvd":1,"repliesRcvd":1,"timeQuantum":4979348,"postidString":"facebook_page.393948727476542_641590729379006"},{"profileString":"facebook_page.393948727476542","likesRcvd":1,"timeQuantum":4979357,"postidString":"facebook_page.393948727476542_641590729379006"},{"profileString":"facebook_page.393948727476542","likesRcvd":1,"timeQuantum":4979465,"postidString":"facebook_page.393948727476542_642113905993355"},{"profileString":"facebook_page.393948727476542","postsMade":1,"timeQuantum":4979726,"postidString":"facebook_page.393948727476542_643254405879305"},{"profileString":"facebook_page.393948727476542","likesRcvd":1,"postsMade":1,"timeQuantum":4979738,"postidString":"facebook_page.393948727476542_643284035876342"},{"profileString":"facebook_page.393948727476542","likesRcvd":1,"timeQuantum":4979739,"postidString":"facebook_page.393948727476542_643284035876342"},{"profileString":"facebook_page.393948727476542","likesRcvd":1,"timeQuantum":4979744,"postidString":"facebook_page.393948727476542_643254405879305"},{"profileString":"facebook_page.393948727476542","likesRcvd":1,"timeQuantum":4979744,"postidString":"facebook_page.393948727476542_643284035876342"},{"profileString":"facebook_page.393948727476542","likesRcvd":1,"timeQuantum":4979745,"postidString":"facebook_page.393948727476542_643284035876342"},{"profileString":"facebook_page.393948727476542","likesRcvd":1,"timeQuantum":4979753,"postidString":"facebook_page.393948727476542_643284035876342"},{"profileString":"facebook_page.393948727476542","likesRcvd":1,"timeQuantum":4979754,"postidString":"facebook_page.393948727476542_643284035876342"},{"profileString":"facebook_page.393948727476542","likesRcvd":1,"repliesRcvd":1,"timeQuantum":4979771,"postidString":"facebook_page.393948727476542_643284035876342"},{"profileString":"facebook_page.393948727476542","likesRcvd":1,"timeQuantum":4979772,"postidString":"facebook_page.393948727476542_643284035876342"},{"profileString":"facebook_page.393948727476542","likesRcvd":1,"timeQuantum":4979773,"postidString":"facebook_page.393948727476542_643284035876342"},{"profileString":"facebook_page.393948727476542","likesRcvd":1,"timeQuantum":4979780,"postidString":"facebook_page.393948727476542_643284035876342"},{"profileString":"facebook_page.393948727476542","likesRcvd":1,"timeQuantum":4979781,"postidString":"facebook_page.393948727476542_643284035876342"},{"profileString":"facebook_page.393948727476542","likesRcvd":1,"timeQuantum":4979789,"postidString":"facebook_page.393948727476542_643284035876342"},{"profileString":"facebook_page.393948727476542","likesRcvd":1,"timeQuantum":4979798,"postidString":"facebook_page.393948727476542_643284035876342"},{"profileString":"facebook_page.393948727476542","likesRcvd":1,"timeQuantum":4979799,"postidString":"facebook_page.393948727476542_643284035876342"},{"profileString":"facebook_page.393948727476542","likesRcvd":1,"timeQuantum":4979807,"postidString":"facebook_page.393948727476542_643284035876342"},{"profileString":"facebook_page.393948727476542","likesRcvd":1,"repliesRcvd":1,"timeQuantum":4979816,"postidString":"facebook_page.393948727476542_643284035876342"},{"profileString":"facebook_page.393948727476542","likesRcvd":1,"timeQuantum":4979825,"postidString":"facebook_page.393948727476542_643284035876342"},{"profileString":"facebook_page.393948727476542","likesRcvd":1,"timeQuantum":4979826,"postidString":"facebook_page.393948727476542_643284035876342"},{"profileString":"facebook_page.393948727476542","likesRcvd":1,"timeQuantum":4979843,"postidString":"facebook_page.393948727476542_643284035876342"},{"profileString":"facebook_page.393948727476542","likesRcvd":1,"timeQuantum":4979861,"postidString":"facebook_page.393948727476542_643284035876342"},{"profileString":"facebook_page.393948727476542","likesRcvd":1,"timeQuantum":4979942,"postidString":"facebook_page.393948727476542_643254405879305"},{"profileString":"facebook_page.393948727476542","likesRcvd":1,"timeQuantum":4979942,"postidString":"facebook_page.393948727476542_643284035876342"},{"profileString":"facebook_page.393948727476542","likesRcvd":1,"timeQuantum":4979943,"postidString":"facebook_page.393948727476542_643284035876342"},{"profileString":"facebook_page.393948727476542","likesRcvd":1,"timeQuantum":4979944,"postidString":"facebook_page.393948727476542_643284035876342"},{"profileString":"facebook_page.393948727476542","repliesRcvd":1,"timeQuantum":4979960,"postidString":"facebook_page.393948727476542_643284035876342"},{"profileString":"facebook_page.393948727476542","likesRcvd":1,"timeQuantum":4980023,"postidString":"facebook_page.393948727476542_643284035876342"},{"profileString":"facebook_page.393948727476542","likesRcvd":1,"repliesRcvd":1,"timeQuantum":4980338,"postidString":"facebook_page.393948727476542_643284035876342"},{"profileString":"facebook_page.393948727476542","likesRcvd":1,"timeQuantum":4980401,"postidString":"facebook_page.393948727476542_643284035876342"},{"profileString":"facebook_page.393948727476542","likesRcvd":1,"timeQuantum":4980635,"postidString":"facebook_page.393948727476542_643284035876342"},{"profileString":"facebook_page.393948727476542","likesRcvd":1,"postsMade":1,"timeQuantum":4980960,"postidString":"facebook_page.393948727476542_645367215668024"},{"profileString":"facebook_page.393948727476542","likesRcvd":1,"timeQuantum":4980968,"postidString":"facebook_page.393948727476542_645367215668024"},{"profileString":"facebook_page.393948727476542","likesRcvd":1,"timeQuantum":4980969,"postidString":"facebook_page.393948727476542_645367215668024"},{"profileString":"facebook_page.393948727476542","likesRcvd":1,"timeQuantum":4980977,"postidString":"facebook_page.393948727476542_645367215668024"},{"profileString":"facebook_page.393948727476542","likesRcvd":1,"postsMade":1,"timeQuantum":4981124,"postidString":"facebook_page.393948727476542_645673992304013"},{"profileString":"facebook_page.393948727476542","likesRcvd":1,"timeQuantum":4981125,"postidString":"facebook_page.393948727476542_645673992304013"},{"profileString":"facebook_page.393948727476542","likesRcvd":1,"timeQuantum":4981130,"postidString":"facebook_page.393948727476542_645673992304013"},{"profileString":"facebook_page.393948727476542","likesRcvd":1,"timeQuantum":4981131,"postidString":"facebook_page.393948727476542_645673992304013"},{"profileString":"facebook_page.393948727476542","likesRcvd":1,"timeQuantum":4981132,"postidString":"facebook_page.393948727476542_645673992304013"},{"profileString":"facebook_page.393948727476542","likesRcvd":1,"timeQuantum":4981139,"postidString":"facebook_page.393948727476542_645367215668024"},{"profileString":"facebook_page.393948727476542","likesRcvd":1,"timeQuantum":4981139,"postidString":"facebook_page.393948727476542_645673992304013"},{"profileString":"facebook_page.393948727476542","likesRcvd":1,"timeQuantum":4981140,"postidString":"facebook_page.393948727476542_645367215668024"},{"profileString":"facebook_page.393948727476542","repliesRcvd":1,"timeQuantum":4981166,"postidString":"facebook_page.393948727476542_645673992304013"},{"profileString":"facebook_page.393948727476542","likesRcvd":1,"timeQuantum":4981184,"postidString":"facebook_page.393948727476542_645367215668024"},{"profileString":"facebook_page.393948727476542","likesRcvd":1,"timeQuantum":4981184,"postidString":"facebook_page.393948727476542_645673992304013"},{"profileString":"facebook_page.393948727476542","likesRcvd":1,"timeQuantum":4981185,"postidString":"facebook_page.393948727476542_645673992304013"},{"profileString":"facebook_page.393948727476542","likesRcvd":1,"timeQuantum":4981186,"postidString":"facebook_page.393948727476542_645673992304013"},{"profileString":"facebook_page.393948727476542","likesRcvd":1,"timeQuantum":4981211,"postidString":"facebook_page.393948727476542_645673992304013"},{"profileString":"facebook_page.393948727476542","likesRcvd":1,"timeQuantum":4981238,"postidString":"facebook_page.393948727476542_645367215668024"},{"profileString":"facebook_page.393948727476542","likesRcvd":1,"repliesRcvd":1,"timeQuantum":4981238,"postidString":"facebook_page.393948727476542_645673992304013"},{"profileString":"facebook_page.393948727476542","likesRcvd":1,"timeQuantum":4981239,"postidString":"facebook_page.393948727476542_645673992304013"},{"profileString":"facebook_page.393948727476542","likesRcvd":1,"timeQuantum":4981274,"postidString":"facebook_page.393948727476542_645673992304013"},{"profileString":"facebook_page.393948727476542","likesRcvd":1,"timeQuantum":4981337,"postidString":"facebook_page.393948727476542_645673992304013"},{"profileString":"facebook_page.393948727476542","likesRcvd":1,"timeQuantum":4981364,"postidString":"facebook_page.393948727476542_645673992304013"},{"profileString":"facebook_page.393948727476542","likesRcvd":1,"timeQuantum":4981382,"postidString":"facebook_page.393948727476542_645673992304013"},{"profileString":"facebook_page.393948727476542","likesRcvd":1,"timeQuantum":4981383,"postidString":"facebook_page.393948727476542_645673992304013"},{"profileString":"facebook_page.393948727476542","likesRcvd":1,"timeQuantum":4981400,"postidString":"facebook_page.393948727476542_645673992304013"},{"profileString":"facebook_page.393948727476542","likesRcvd":1,"timeQuantum":4981436,"postidString":"facebook_page.393948727476542_645673992304013"},{"profileString":"facebook_page.393948727476542","likesRcvd":1,"timeQuantum":4981454,"postidString":"facebook_page.393948727476542_645673992304013"},{"profileString":"facebook_page.393948727476542","likesRcvd":1,"timeQuantum":4981472,"postidString":"facebook_page.393948727476542_645673992304013"},{"profileString":"facebook_page.393948727476542","postsMade":1,"timeQuantum":4981489,"postidString":"facebook_page.393948727476542_646420142229398"},{"profileString":"facebook_page.393948727476542","likesRcvd":1,"timeQuantum":4981490,"postidString":"facebook_page.393948727476542_646420142229398"},{"profileString":"facebook_page.393948727476542","likesRcvd":1,"timeQuantum":4981491,"postidString":"facebook_page.393948727476542_646420142229398"},{"profileString":"facebook_page.393948727476542","likesRcvd":1,"repliesRcvd":1,"timeQuantum":4981499,"postidString":"facebook_page.393948727476542_646420142229398"},{"profileString":"facebook_page.393948727476542","likesRcvd":1,"timeQuantum":4981499,"postidString":"facebook_page.393948727476542_645673992304013"},{"profileString":"facebook_page.393948727476542","likesRcvd":1,"timeQuantum":4981500,"postidString":"facebook_page.393948727476542_646420142229398"},{"profileString":"facebook_page.393948727476542","likesRcvd":1,"timeQuantum":4981501,"postidString":"facebook_page.393948727476542_646420142229398"},{"profileString":"facebook_page.393948727476542","likesRcvd":1,"timeQuantum":4981502,"postidString":"facebook_page.393948727476542_646420142229398"},{"profileString":"facebook_page.393948727476542","likesRcvd":1,"timeQuantum":4981503,"postidString":"facebook_page.393948727476542_646420142229398"},{"profileString":"facebook_page.393948727476542","likesRcvd":1,"repliesRcvd":1,"timeQuantum":4981508,"postidString":"facebook_page.393948727476542_646420142229398"},{"profileString":"facebook_page.393948727476542","likesRcvd":1,"timeQuantum":4981509,"postidString":"facebook_page.393948727476542_646420142229398"},{"profileString":"facebook_page.393948727476542","likesRcvd":1,"repliesRcvd":1,"timeQuantum":4981517,"postidString":"facebook_page.393948727476542_646420142229398"},{"profileString":"facebook_page.393948727476542","likesRcvd":1,"timeQuantum":4981518,"postidString":"facebook_page.393948727476542_646420142229398"},{"profileString":"facebook_page.393948727476542","likesRcvd":1,"timeQuantum":4981526,"postidString":"facebook_page.393948727476542_646420142229398"},{"profileString":"facebook_page.393948727476542","repliesRcvd":1,"timeQuantum":4981535,"postidString":"facebook_page.393948727476542_646420142229398"},{"profileString":"facebook_page.393948727476542","likesRcvd":1,"timeQuantum":4981562,"postidString":"facebook_page.393948727476542_646420142229398"},{"profileString":"facebook_page.393948727476542","likesRcvd":1,"timeQuantum":4981563,"postidString":"facebook_page.393948727476542_646420142229398"},{"profileString":"facebook_page.393948727476542","likesRcvd":1,"timeQuantum":4981564,"postidString":"facebook_page.393948727476542_646420142229398"},{"profileString":"facebook_page.393948727476542","likesRcvd":1,"timeQuantum":4981565,"postidString":"facebook_page.393948727476542_646420142229398"},{"profileString":"facebook_page.393948727476542","likesRcvd":1,"timeQuantum":4981589,"postidString":"facebook_page.393948727476542_645673992304013"},{"profileString":"facebook_page.393948727476542","likesRcvd":1,"timeQuantum":4981670,"postidString":"facebook_page.393948727476542_642113905993355"},{"profileString":"facebook_page.393948727476542","likesRcvd":1,"repliesRcvd":1,"timeQuantum":4981670,"postidString":"facebook_page.393948727476542_646420142229398"},{"profileString":"facebook_page.393948727476542","likesRcvd":1,"timeQuantum":4981724,"postidString":"facebook_page.393948727476542_646420142229398"},{"profileString":"facebook_page.393948727476542","likesRcvd":1,"timeQuantum":4981742,"postidString":"facebook_page.393948727476542_646420142229398"},{"profileString":"facebook_page.393948727476542","postsMade":1,"timeQuantum":4981748,"postidString":"facebook_page.393948727476542_10155468069661320"},{"profileString":"facebook_page.393948727476542","likesRcvd":1,"timeQuantum":4981751,"postidString":"facebook_page.393948727476542_10155468069661320"},{"profileString":"facebook_page.393948727476542","likesRcvd":1,"timeQuantum":4981760,"postidString":"facebook_page.393948727476542_10155468069661320"},{"profileString":"facebook_page.393948727476542","likesRcvd":1,"timeQuantum":4981769,"postidString":"facebook_page.393948727476542_10155468069661320"},{"profileString":"facebook_page.393948727476542","likesRcvd":1,"timeQuantum":4981769,"postidString":"facebook_page.393948727476542_646420142229398"},{"profileString":"facebook_page.393948727476542","likesRcvd":1,"timeQuantum":4981770,"postidString":"facebook_page.393948727476542_646420142229398"},{"profileString":"facebook_page.393948727476542","likesRcvd":1,"timeQuantum":4981778,"postidString":"facebook_page.393948727476542_10155468069661320"},{"profileString":"facebook_page.393948727476542","likesRcvd":1,"timeQuantum":4981787,"postidString":"facebook_page.393948727476542_10155468069661320"},{"profileString":"facebook_page.393948727476542","likesRcvd":1,"timeQuantum":4981805,"postidString":"facebook_page.393948727476542_646420142229398"},{"profileString":"facebook_page.393948727476542","likesRcvd":1,"repliesRcvd":1,"timeQuantum":4981814,"postidString":"facebook_page.393948727476542_10155468069661320"},{"profileString":"facebook_page.393948727476542","likesRcvd":1,"timeQuantum":4981814,"postidString":"facebook_page.393948727476542_645367215668024"},{"profileString":"facebook_page.393948727476542","likesRcvd":1,"timeQuantum":4981815,"postidString":"facebook_page.393948727476542_10155468069661320"},{"profileString":"facebook_page.393948727476542","likesRcvd":1,"timeQuantum":4981816,"postidString":"facebook_page.393948727476542_10155468069661320"},{"profileString":"facebook_page.393948727476542","likesRcvd":1,"timeQuantum":4981832,"postidString":"facebook_page.393948727476542_10155468069661320"},{"profileString":"facebook_page.393948727476542","likesRcvd":1,"timeQuantum":4981886,"postidString":"facebook_page.393948727476542_10155468069661320"},{"profileString":"facebook_page.393948727476542","likesRcvd":1,"timeQuantum":4981913,"postidString":"facebook_page.393948727476542_10155468069661320"},{"profileString":"facebook_page.393948727476542","likesRcvd":1,"timeQuantum":4981976,"postidString":"facebook_page.393948727476542_10155468069661320"},{"profileString":"facebook_page.393948727476542","likesRcvd":1,"timeQuantum":4981994,"postidString":"facebook_page.393948727476542_10155468069661320"},{"profileString":"facebook_page.393948727476542","likesRcvd":1,"timeQuantum":4982003,"postidString":"facebook_page.393948727476542_10155468069661320"},{"profileString":"facebook_page.393948727476542","likesRcvd":1,"timeQuantum":4982004,"postidString":"facebook_page.393948727476542_10155468069661320"},{"profileString":"facebook_page.393948727476542","likesRcvd":1,"timeQuantum":4982012,"postidString":"facebook_page.393948727476542_10155468069661320"},{"profileString":"facebook_page.393948727476542","likesRcvd":1,"timeQuantum":4982255,"postidString":"facebook_page.393948727476542_10155468069661320"},{"profileString":"facebook_page.393948727476542","likesRcvd":1,"timeQuantum":4982264,"postidString":"facebook_page.393948727476542_645367215668024"},{"profileString":"facebook_page.393948727476542","likesRcvd":1,"postsMade":1,"repliesRcvd":1,"timeQuantum":4982275,"postidString":"facebook_page.393948727476542_647959208742158"},{"profileString":"facebook_page.393948727476542","likesRcvd":1,"timeQuantum":4982276,"postidString":"facebook_page.393948727476542_647959208742158"},{"profileString":"facebook_page.393948727476542","likesRcvd":1,"timeQuantum":4982277,"postidString":"facebook_page.393948727476542_647959208742158"},{"profileString":"facebook_page.393948727476542","likesRcvd":1,"timeQuantum":4982278,"postidString":"facebook_page.393948727476542_647959208742158"},{"profileString":"facebook_page.393948727476542","likesRcvd":1,"timeQuantum":4982279,"postidString":"facebook_page.393948727476542_647959208742158"},{"profileString":"facebook_page.393948727476542","likesRcvd":1,"timeQuantum":4982280,"postidString":"facebook_page.393948727476542_647959208742158"},{"profileString":"facebook_page.393948727476542","likesRcvd":1,"timeQuantum":4982281,"postidString":"facebook_page.393948727476542_647959208742158"},{"profileString":"facebook_page.393948727476542","likesRcvd":1,"timeQuantum":4982282,"postidString":"facebook_page.393948727476542_647959208742158"},{"profileString":"facebook_page.393948727476542","likesRcvd":1,"timeQuantum":4982283,"postidString":"facebook_page.393948727476542_647959208742158"},{"profileString":"facebook_page.393948727476542","likesRcvd":1,"timeQuantum":4982291,"postidString":"facebook_page.393948727476542_647959208742158"},{"profileString":"facebook_page.393948727476542","likesRcvd":1,"timeQuantum":4982300,"postidString":"facebook_page.393948727476542_647959208742158"},{"profileString":"facebook_page.393948727476542","likesRcvd":1,"timeQuantum":4982301,"postidString":"facebook_page.393948727476542_647959208742158"},{"profileString":"facebook_page.393948727476542","likesRcvd":1,"timeQuantum":4982309,"postidString":"facebook_page.393948727476542_647959208742158"},{"profileString":"facebook_page.393948727476542","likesRcvd":1,"timeQuantum":4982310,"postidString":"facebook_page.393948727476542_647959208742158"},{"profileString":"facebook_page.393948727476542","likesRcvd":1,"timeQuantum":4982311,"postidString":"facebook_page.393948727476542_647959208742158"},{"profileString":"facebook_page.393948727476542","likesRcvd":1,"timeQuantum":4982312,"postidString":"facebook_page.393948727476542_647959208742158"},{"profileString":"facebook_page.393948727476542","likesRcvd":1,"timeQuantum":4982313,"postidString":"facebook_page.393948727476542_647959208742158"},{"profileString":"facebook_page.393948727476542","likesRcvd":1,"timeQuantum":4982327,"postidString":"facebook_page.393948727476542_647959208742158"},{"profileString":"facebook_page.393948727476542","likesRcvd":1,"timeQuantum":4982345,"postidString":"facebook_page.393948727476542_10155468069661320"},{"profileString":"facebook_page.393948727476542","likesRcvd":1,"timeQuantum":4982354,"postidString":"facebook_page.393948727476542_647959208742158"},{"profileString":"facebook_page.393948727476542","likesRcvd":1,"timeQuantum":4982355,"postidString":"facebook_page.393948727476542_647959208742158"},{"profileString":"facebook_page.393948727476542","likesRcvd":1,"timeQuantum":4982356,"postidString":"facebook_page.393948727476542_647959208742158"},{"profileString":"facebook_page.393948727476542","likesRcvd":1,"timeQuantum":4982357,"postidString":"facebook_page.393948727476542_647959208742158"},{"profileString":"facebook_page.393948727476542","likesRcvd":1,"timeQuantum":4982372,"postidString":"facebook_page.393948727476542_10155468069661320"},{"profileString":"facebook_page.393948727476542","likesRcvd":1,"timeQuantum":4982372,"postidString":"facebook_page.393948727476542_647959208742158"},{"profileString":"facebook_page.393948727476542","likesRcvd":1,"timeQuantum":4982390,"postidString":"facebook_page.393948727476542_10155468069661320"},{"profileString":"facebook_page.393948727476542","likesRcvd":1,"timeQuantum":4982390,"postidString":"facebook_page.393948727476542_647959208742158"},{"profileString":"facebook_page.393948727476542","likesRcvd":1,"repliesRcvd":1,"timeQuantum":4982408,"postidString":"facebook_page.393948727476542_647959208742158"},{"profileString":"facebook_page.393948727476542","likesRcvd":1,"timeQuantum":4982409,"postidString":"facebook_page.393948727476542_647959208742158"},{"profileString":"facebook_page.393948727476542","likesRcvd":1,"timeQuantum":4982410,"postidString":"facebook_page.393948727476542_647959208742158"},{"profileString":"facebook_page.393948727476542","likesRcvd":1,"timeQuantum":4982435,"postidString":"facebook_page.393948727476542_647959208742158"},{"profileString":"facebook_page.393948727476542","likesRcvd":1,"timeQuantum":4982471,"postidString":"facebook_page.393948727476542_647959208742158"},{"profileString":"facebook_page.393948727476542","likesRcvd":1,"timeQuantum":4982472,"postidString":"facebook_page.393948727476542_647959208742158"},{"profileString":"facebook_page.393948727476542","likesRcvd":1,"timeQuantum":4982473,"postidString":"facebook_page.393948727476542_647959208742158"},{"profileString":"facebook_page.393948727476542","likesRcvd":1,"timeQuantum":4982507,"postidString":"facebook_page.393948727476542_647959208742158"},{"profileString":"facebook_page.393948727476542","repliesRcvd":1,"timeQuantum":4982525,"postidString":"facebook_page.393948727476542_645673992304013"},{"profileString":"facebook_page.393948727476542","likesRcvd":1,"timeQuantum":4982525,"postidString":"facebook_page.393948727476542_647959208742158"},{"profileString":"facebook_page.393948727476542","likesRcvd":1,"postsMade":1,"repliesRcvd":1,"timeQuantum":4982564,"postidString":"facebook_page.393948727476542_648486165356129"},{"profileString":"facebook_page.393948727476542","likesRcvd":1,"timeQuantum":4982565,"postidString":"facebook_page.393948727476542_648486165356129"},{"profileString":"facebook_page.393948727476542","likesRcvd":1,"timeQuantum":4982566,"postidString":"facebook_page.393948727476542_648486165356129"},{"profileString":"facebook_page.393948727476542","likesRcvd":1,"timeQuantum":4982567,"postidString":"facebook_page.393948727476542_648486165356129"},{"profileString":"facebook_page.393948727476542","likesRcvd":1,"timeQuantum":4982570,"postidString":"facebook_page.393948727476542_648486165356129"},{"profileString":"facebook_page.393948727476542","likesRcvd":1,"timeQuantum":4982571,"postidString":"facebook_page.393948727476542_648486165356129"},{"profileString":"facebook_page.393948727476542","likesRcvd":1,"timeQuantum":4982579,"postidString":"facebook_page.393948727476542_648486165356129"},{"profileString":"facebook_page.393948727476542","likesRcvd":1,"timeQuantum":4982580,"postidString":"facebook_page.393948727476542_648486165356129"},{"profileString":"facebook_page.393948727476542","likesRcvd":1,"timeQuantum":4982588,"postidString":"facebook_page.393948727476542_648486165356129"},{"profileString":"facebook_page.393948727476542","likesRcvd":1,"timeQuantum":4982589,"postidString":"facebook_page.393948727476542_648486165356129"},{"profileString":"facebook_page.393948727476542","likesRcvd":1,"timeQuantum":4982590,"postidString":"facebook_page.393948727476542_648486165356129"},{"profileString":"facebook_page.393948727476542","likesRcvd":1,"timeQuantum":4982591,"postidString":"facebook_page.393948727476542_648486165356129"},{"profileString":"facebook_page.393948727476542","likesRcvd":2,"postsMade":1,"repliesRcvd":1,"timeQuantum":4982596,"postidString":"facebook_page.393948727476542_648546302016782"},{"profileString":"facebook_page.393948727476542","likesRcvd":1,"repliesRcvd":1,"timeQuantum":4982597,"postidString":"facebook_page.393948727476542_648546302016782"},{"profileString":"facebook_page.393948727476542","likesRcvd":1,"timeQuantum":4982598,"postidString":"facebook_page.393948727476542_648546302016782"},{"profileString":"facebook_page.393948727476542","likesRcvd":1,"timeQuantum":4982599,"postidString":"facebook_page.393948727476542_648546302016782"},{"profileString":"facebook_page.393948727476542","likesRcvd":1,"timeQuantum":4982600,"postidString":"facebook_page.393948727476542_648546302016782"},{"profileString":"facebook_page.393948727476542","likesRcvd":1,"timeQuantum":4982601,"postidString":"facebook_page.393948727476542_648546302016782"},{"profileString":"facebook_page.393948727476542","likesRcvd":1,"timeQuantum":4982602,"postidString":"facebook_page.393948727476542_648546302016782"},{"profileString":"facebook_page.393948727476542","likesRcvd":1,"timeQuantum":4982603,"postidString":"facebook_page.393948727476542_648546302016782"},{"profileString":"facebook_page.393948727476542","likesRcvd":1,"timeQuantum":4982604,"postidString":"facebook_page.393948727476542_648546302016782"},{"profileString":"facebook_page.393948727476542","likesRcvd":1,"repliesRcvd":1,"timeQuantum":4982606,"postidString":"facebook_page.393948727476542_648546302016782"},{"profileString":"facebook_page.393948727476542","likesRcvd":1,"timeQuantum":4982607,"postidString":"facebook_page.393948727476542_648546302016782"},{"profileString":"facebook_page.393948727476542","likesRcvd":1,"timeQuantum":4982608,"postidString":"facebook_page.393948727476542_648546302016782"},{"profileString":"facebook_page.393948727476542","likesRcvd":1,"timeQuantum":4982609,"postidString":"facebook_page.393948727476542_648546302016782"},{"profileString":"facebook_page.393948727476542","likesRcvd":1,"timeQuantum":4982610,"postidString":"facebook_page.393948727476542_648546302016782"},{"profileString":"facebook_page.393948727476542","likesRcvd":1,"timeQuantum":4982611,"postidString":"facebook_page.393948727476542_648546302016782"},{"profileString":"facebook_page.393948727476542","likesRcvd":1,"timeQuantum":4982612,"postidString":"facebook_page.393948727476542_648546302016782"},{"profileString":"facebook_page.393948727476542","likesRcvd":1,"timeQuantum":4982613,"postidString":"facebook_page.393948727476542_648546302016782"},{"profileString":"facebook_page.393948727476542","likesRcvd":1,"timeQuantum":4982615,"postidString":"facebook_page.393948727476542_648486165356129"},{"profileString":"facebook_page.393948727476542","likesRcvd":1,"timeQuantum":4982615,"postidString":"facebook_page.393948727476542_648546302016782"},{"profileString":"facebook_page.393948727476542","likesRcvd":1,"timeQuantum":4982616,"postidString":"facebook_page.393948727476542_648546302016782"},{"profileString":"facebook_page.393948727476542","likesRcvd":1,"timeQuantum":4982617,"postidString":"facebook_page.393948727476542_648546302016782"},{"profileString":"facebook_page.393948727476542","likesRcvd":1,"repliesRcvd":1,"timeQuantum":4982624,"postidString":"facebook_page.393948727476542_648546302016782"},{"profileString":"facebook_page.393948727476542","likesRcvd":1,"timeQuantum":4982625,"postidString":"facebook_page.393948727476542_648546302016782"},{"profileString":"facebook_page.393948727476542","likesRcvd":1,"timeQuantum":4982626,"postidString":"facebook_page.393948727476542_648546302016782"},{"profileString":"facebook_page.393948727476542","likesRcvd":1,"timeQuantum":4982627,"postidString":"facebook_page.393948727476542_648546302016782"},{"profileString":"facebook_page.393948727476542","likesRcvd":1,"timeQuantum":4982628,"postidString":"facebook_page.393948727476542_648546302016782"},{"profileString":"facebook_page.393948727476542","likesRcvd":1,"timeQuantum":4982633,"postidString":"facebook_page.393948727476542_648486165356129"},{"profileString":"facebook_page.393948727476542","likesRcvd":1,"timeQuantum":4982633,"postidString":"facebook_page.393948727476542_648546302016782"},{"profileString":"facebook_page.393948727476542","likesRcvd":1,"timeQuantum":4982634,"postidString":"facebook_page.393948727476542_648546302016782"},{"profileString":"facebook_page.393948727476542","likesRcvd":1,"timeQuantum":4982635,"postidString":"facebook_page.393948727476542_648546302016782"},{"profileString":"facebook_page.393948727476542","likesRcvd":1,"timeQuantum":4982642,"postidString":"facebook_page.393948727476542_648546302016782"},{"profileString":"facebook_page.393948727476542","likesRcvd":1,"timeQuantum":4982643,"postidString":"facebook_page.393948727476542_648546302016782"},{"profileString":"facebook_page.393948727476542","likesRcvd":1,"repliesRcvd":1,"timeQuantum":4982660,"postidString":"facebook_page.393948727476542_648546302016782"},{"profileString":"facebook_page.393948727476542","likesRcvd":1,"timeQuantum":4982669,"postidString":"facebook_page.393948727476542_648486165356129"},{"profileString":"facebook_page.393948727476542","likesRcvd":1,"repliesRcvd":1,"timeQuantum":4982696,"postidString":"facebook_page.393948727476542_648546302016782"},{"profileString":"facebook_page.393948727476542","likesRcvd":1,"timeQuantum":4982697,"postidString":"facebook_page.393948727476542_648546302016782"},{"profileString":"facebook_page.393948727476542","likesRcvd":1,"timeQuantum":4982698,"postidString":"facebook_page.393948727476542_648546302016782"},{"profileString":"facebook_page.393948727476542","likesRcvd":1,"timeQuantum":4982699,"postidString":"facebook_page.393948727476542_648546302016782"},{"profileString":"facebook_page.393948727476542","likesRcvd":1,"timeQuantum":4982700,"postidString":"facebook_page.393948727476542_648546302016782"},{"profileString":"facebook_page.393948727476542","likesRcvd":1,"timeQuantum":4982759,"postidString":"facebook_page.393948727476542_648486165356129"},{"profileString":"facebook_page.393948727476542","likesRcvd":1,"timeQuantum":4982813,"postidString":"facebook_page.393948727476542_648546302016782"},{"profileString":"facebook_page.393948727476542","likesRcvd":1,"repliesRcvd":1,"timeQuantum":4982822,"postidString":"facebook_page.393948727476542_648546302016782"},{"profileString":"facebook_page.393948727476542","likesRcvd":1,"timeQuantum":4982823,"postidString":"facebook_page.393948727476542_648546302016782"},{"profileString":"facebook_page.393948727476542","likesRcvd":1,"timeQuantum":4982831,"postidString":"facebook_page.393948727476542_648546302016782"},{"profileString":"facebook_page.393948727476542","likesRcvd":1,"timeQuantum":4982849,"postidString":"facebook_page.393948727476542_648546302016782"},{"profileString":"facebook_page.393948727476542","likesRcvd":1,"timeQuantum":4982858,"postidString":"facebook_page.393948727476542_648486165356129"},{"sharesRcvd":1,"profileString":"facebook_page.393948727476542","postsMade":1,"timeQuantum":4982872,"postidString":"facebook_page.393948727476542_649023198635759"},{"profileString":"facebook_page.393948727476542","likesRcvd":1,"timeQuantum":4982876,"postidString":"facebook_page.393948727476542_648546302016782"},{"profileString":"facebook_page.393948727476542","likesRcvd":1,"timeQuantum":4982894,"postidString":"facebook_page.393948727476542_649023198635759"},{"profileString":"facebook_page.393948727476542","likesRcvd":1,"timeQuantum":4982894,"postidString":"facebook_page.393948727476542_648546302016782"},{"profileString":"facebook_page.393948727476542","likesRcvd":1,"timeQuantum":4982895,"postidString":"facebook_page.393948727476542_648546302016782"},{"profileString":"facebook_page.393948727476542","repliesRcvd":1,"timeQuantum":4982903,"postidString":"facebook_page.393948727476542_648486165356129"},{"profileString":"facebook_page.393948727476542","repliesRcvd":1,"timeQuantum":4982903,"postidString":"facebook_page.393948727476542_648546302016782"},{"profileString":"facebook_page.393948727476542","likesRcvd":1,"timeQuantum":4982921,"postidString":"facebook_page.393948727476542_648486165356129"},{"profileString":"facebook_page.393948727476542","likesRcvd":1,"timeQuantum":4982948,"postidString":"facebook_page.393948727476542_648546302016782"},{"profileString":"facebook_page.393948727476542","repliesRcvd":1,"timeQuantum":4982993,"postidString":"facebook_page.393948727476542_649023198635759"},{"profileString":"facebook_page.393948727476542","likesRcvd":1,"timeQuantum":4983020,"postidString":"facebook_page.393948727476542_648546302016782"},{"profileString":"facebook_page.393948727476542","likesRcvd":1,"timeQuantum":4983137,"postidString":"facebook_page.393948727476542_642113905993355"},{"profileString":"facebook_page.393948727476542","likesRcvd":1,"timeQuantum":4983137,"postidString":"facebook_page.393948727476542_643254405879305"},{"profileString":"facebook_page.393948727476542","likesRcvd":1,"timeQuantum":4983137,"postidString":"facebook_page.393948727476542_645367215668024"},{"profileString":"facebook_page.393948727476542","likesRcvd":1,"timeQuantum":4983137,"postidString":"facebook_page.393948727476542_640247102846702"},{"profileString":"facebook_page.393948727476542","likesRcvd":1,"timeQuantum":4983137,"postidString":"facebook_page.393948727476542_643284035876342"},{"profileString":"facebook_page.393948727476542","likesRcvd":1,"timeQuantum":4983290,"postidString":"facebook_page.393948727476542_648546302016782"},{"profileString":"facebook_page.393948727476542","likesRcvd":1,"postsMade":1,"repliesRcvd":1,"timeQuantum":4983433,"postidString":"facebook_page.393948727476542_650084045196341"},{"profileString":"facebook_page.393948727476542","likesRcvd":1,"repliesRcvd":1,"timeQuantum":4983434,"postidString":"facebook_page.393948727476542_650084045196341"},{"profileString":"facebook_page.393948727476542","likesRcvd":1,"repliesRcvd":1,"timeQuantum":4983435,"postidString":"facebook_page.393948727476542_650084045196341"},{"profileString":"facebook_page.393948727476542","likesRcvd":1,"timeQuantum":4983436,"postidString":"facebook_page.393948727476542_650084045196341"},{"profileString":"facebook_page.393948727476542","likesRcvd":1,"timeQuantum":4983437,"postidString":"facebook_page.393948727476542_650084045196341"},{"profileString":"facebook_page.393948727476542","likesRcvd":1,"timeQuantum":4983438,"postidString":"facebook_page.393948727476542_650084045196341"},{"profileString":"facebook_page.393948727476542","likesRcvd":1,"timeQuantum":4983439,"postidString":"facebook_page.393948727476542_650084045196341"},{"profileString":"facebook_page.393948727476542","likesRcvd":1,"timeQuantum":4983440,"postidString":"facebook_page.393948727476542_650084045196341"},{"profileString":"facebook_page.393948727476542","likesRcvd":1,"timeQuantum":4983441,"postidString":"facebook_page.393948727476542_650084045196341"},{"profileString":"facebook_page.393948727476542","likesRcvd":1,"repliesRcvd":1,"timeQuantum":4983443,"postidString":"facebook_page.393948727476542_650084045196341"},{"profileString":"facebook_page.393948727476542","likesRcvd":1,"repliesRcvd":1,"timeQuantum":4983444,"postidString":"facebook_page.393948727476542_650084045196341"},{"profileString":"facebook_page.393948727476542","likesRcvd":1,"timeQuantum":4983445,"postidString":"facebook_page.393948727476542_650084045196341"},{"profileString":"facebook_page.393948727476542","likesRcvd":1,"timeQuantum":4983446,"postidString":"facebook_page.393948727476542_650084045196341"},{"profileString":"facebook_page.393948727476542","likesRcvd":1,"timeQuantum":4983447,"postidString":"facebook_page.393948727476542_650084045196341"},{"profileString":"facebook_page.393948727476542","likesRcvd":1,"timeQuantum":4983448,"postidString":"facebook_page.393948727476542_650084045196341"},{"profileString":"facebook_page.393948727476542","likesRcvd":1,"repliesRcvd":1,"timeQuantum":4983452,"postidString":"facebook_page.393948727476542_650084045196341"},{"profileString":"facebook_page.393948727476542","likesRcvd":1,"timeQuantum":4983453,"postidString":"facebook_page.393948727476542_650084045196341"},{"profileString":"facebook_page.393948727476542","likesRcvd":1,"timeQuantum":4983454,"postidString":"facebook_page.393948727476542_650084045196341"},{"profileString":"facebook_page.393948727476542","likesRcvd":1,"timeQuantum":4983461,"postidString":"facebook_page.393948727476542_650084045196341"},{"profileString":"facebook_page.393948727476542","likesRcvd":1,"timeQuantum":4983470,"postidString":"facebook_page.393948727476542_650084045196341"},{"profileString":"facebook_page.393948727476542","likesRcvd":1,"timeQuantum":4983471,"postidString":"facebook_page.393948727476542_650084045196341"},{"profileString":"facebook_page.393948727476542","likesRcvd":1,"timeQuantum":4983472,"postidString":"facebook_page.393948727476542_650084045196341"},{"profileString":"facebook_page.393948727476542","likesRcvd":1,"timeQuantum":4983473,"postidString":"facebook_page.393948727476542_650084045196341"},{"profileString":"facebook_page.393948727476542","repliesRcvd":1,"timeQuantum":4983479,"postidString":"facebook_page.393948727476542_650084045196341"},{"profileString":"facebook_page.393948727476542","repliesRcvd":1,"timeQuantum":4983480,"postidString":"facebook_page.393948727476542_650084045196341"},{"profileString":"facebook_page.393948727476542","likesRcvd":1,"timeQuantum":4983488,"postidString":"facebook_page.393948727476542_650084045196341"},{"profileString":"facebook_page.393948727476542","likesRcvd":1,"timeQuantum":4983489,"postidString":"facebook_page.393948727476542_650084045196341"},{"profileString":"facebook_page.393948727476542","likesRcvd":1,"timeQuantum":4983490,"postidString":"facebook_page.393948727476542_650084045196341"},{"profileString":"facebook_page.393948727476542","likesRcvd":1,"timeQuantum":4983491,"postidString":"facebook_page.393948727476542_650084045196341"},{"profileString":"facebook_page.393948727476542","likesRcvd":1,"timeQuantum":4983497,"postidString":"facebook_page.393948727476542_650084045196341"},{"profileString":"facebook_page.393948727476542","likesRcvd":1,"timeQuantum":4983506,"postidString":"facebook_page.393948727476542_650084045196341"},{"profileString":"facebook_page.393948727476542","likesRcvd":1,"timeQuantum":4983515,"postidString":"facebook_page.393948727476542_646420142229398"},{"profileString":"facebook_page.393948727476542","likesRcvd":1,"timeQuantum":4983515,"postidString":"facebook_page.393948727476542_650084045196341"},{"profileString":"facebook_page.393948727476542","likesRcvd":1,"timeQuantum":4983524,"postidString":"facebook_page.393948727476542_650084045196341"},{"profileString":"facebook_page.393948727476542","likesRcvd":1,"repliesRcvd":1,"timeQuantum":4983533,"postidString":"facebook_page.393948727476542_650084045196341"},{"profileString":"facebook_page.393948727476542","likesRcvd":1,"timeQuantum":4983534,"postidString":"facebook_page.393948727476542_650084045196341"},{"profileString":"facebook_page.393948727476542","likesRcvd":1,"timeQuantum":4983535,"postidString":"facebook_page.393948727476542_650084045196341"},{"profileString":"facebook_page.393948727476542","likesRcvd":1,"timeQuantum":4983542,"postidString":"facebook_page.393948727476542_650084045196341"},{"profileString":"facebook_page.393948727476542","likesRcvd":1,"timeQuantum":4983543,"postidString":"facebook_page.393948727476542_650084045196341"},{"profileString":"facebook_page.393948727476542","likesRcvd":1,"timeQuantum":4983551,"postidString":"facebook_page.393948727476542_650084045196341"},{"profileString":"facebook_page.393948727476542","likesRcvd":1,"timeQuantum":4983560,"postidString":"facebook_page.393948727476542_10155468069661320"},{"profileString":"facebook_page.393948727476542","likesRcvd":1,"timeQuantum":4983560,"postidString":"facebook_page.393948727476542_648486165356129"},{"profileString":"facebook_page.393948727476542","likesRcvd":1,"timeQuantum":4983560,"postidString":"facebook_page.393948727476542_650084045196341"},{"profileString":"facebook_page.393948727476542","likesRcvd":1,"timeQuantum":4983560,"postidString":"facebook_page.393948727476542_647959208742158"},{"profileString":"facebook_page.393948727476542","likesRcvd":1,"timeQuantum":4983560,"postidString":"facebook_page.393948727476542_649023198635759"},{"profileString":"facebook_page.393948727476542","likesRcvd":1,"timeQuantum":4983560,"postidString":"facebook_page.393948727476542_648546302016782"},{"profileString":"facebook_page.393948727476542","likesRcvd":1,"timeQuantum":4983561,"postidString":"facebook_page.393948727476542_650084045196341"},{"profileString":"facebook_page.393948727476542","likesRcvd":1,"timeQuantum":4983562,"postidString":"facebook_page.393948727476542_650084045196341"},{"profileString":"facebook_page.393948727476542","likesRcvd":1,"timeQuantum":4983569,"postidString":"facebook_page.393948727476542_650084045196341"},{"profileString":"facebook_page.393948727476542","likesRcvd":1,"timeQuantum":4983570,"postidString":"facebook_page.393948727476542_650084045196341"},{"profileString":"facebook_page.393948727476542","likesRcvd":1,"timeQuantum":4983578,"postidString":"facebook_page.393948727476542_650084045196341"},{"profileString":"facebook_page.393948727476542","likesRcvd":1,"timeQuantum":4983587,"postidString":"facebook_page.393948727476542_650084045196341"},{"profileString":"facebook_page.393948727476542","likesRcvd":1,"timeQuantum":4983596,"postidString":"facebook_page.393948727476542_650084045196341"},{"profileString":"facebook_page.393948727476542","likesRcvd":1,"timeQuantum":4983695,"postidString":"facebook_page.393948727476542_650084045196341"},{"profileString":"facebook_page.393948727476542","likesRcvd":1,"timeQuantum":4983696,"postidString":"facebook_page.393948727476542_650084045196341"},{"profileString":"facebook_page.393948727476542","likesRcvd":1,"postsMade":1,"timeQuantum":4983784,"postidString":"facebook_page.393948727476542_650816615123084"},{"profileString":"facebook_page.393948727476542","likesRcvd":1,"repliesRcvd":1,"timeQuantum":4983794,"postidString":"facebook_page.393948727476542_650816615123084"},{"profileString":"facebook_page.393948727476542","likesRcvd":1,"timeQuantum":4983812,"postidString":"facebook_page.393948727476542_650816615123084"},{"profileString":"facebook_page.393948727476542","likesRcvd":1,"timeQuantum":4983813,"postidString":"facebook_page.393948727476542_650816615123084"},{"profileString":"facebook_page.393948727476542","likesRcvd":1,"timeQuantum":4983814,"postidString":"facebook_page.393948727476542_650816615123084"},{"profileString":"facebook_page.393948727476542","likesRcvd":1,"timeQuantum":4983920,"postidString":"facebook_page.393948727476542_650084045196341"},{"profileString":"facebook_page.393948727476542","postsMade":1,"timeQuantum":4984040,"postidString":"facebook_page.393948727476542_651316361739776"},{"profileString":"facebook_page.393948727476542","likesRcvd":1,"repliesRcvd":1,"timeQuantum":4984046,"postidString":"facebook_page.393948727476542_651316361739776"},{"profileString":"facebook_page.393948727476542","repliesRcvd":1,"timeQuantum":4984047,"postidString":"facebook_page.393948727476542_651316361739776"},{"profileString":"facebook_page.393948727476542","repliesRcvd":1,"timeQuantum":4984048,"postidString":"facebook_page.393948727476542_651316361739776"},{"profileString":"facebook_page.393948727476542","likesRcvd":1,"timeQuantum":4984055,"postidString":"facebook_page.393948727476542_651316361739776"},{"profileString":"facebook_page.393948727476542","repliesRcvd":1,"timeQuantum":4984064,"postidString":"facebook_page.393948727476542_651316361739776"},{"profileString":"facebook_page.393948727476542","likesRcvd":1,"timeQuantum":4984064,"postidString":"facebook_page.393948727476542_650816615123084"},{"profileString":"facebook_page.393948727476542","repliesRcvd":1,"timeQuantum":4984065,"postidString":"facebook_page.393948727476542_651316361739776"},{"profileString":"facebook_page.393948727476542","likesRcvd":1,"timeQuantum":4984073,"postidString":"facebook_page.393948727476542_651316361739776"},{"profileString":"facebook_page.393948727476542","likesRcvd":1,"timeQuantum":4984181,"postidString":"facebook_page.393948727476542_651316361739776"},{"profileString":"facebook_page.393948727476542","likesRcvd":1,"timeQuantum":4984280,"postidString":"facebook_page.393948727476542_651316361739776"},{"profileString":"facebook_page.393948727476542","likesRcvd":1,"timeQuantum":4984280,"postidString":"facebook_page.393948727476542_650816615123084"},{"profileString":"facebook_page.393948727476542","likesRcvd":1,"repliesRcvd":1,"timeQuantum":4984343,"postidString":"facebook_page.393948727476542_650084045196341"}]