[{"content":"A picture of fallen #FDNY #firefighter William Tolley erected at the firehouse in Queens where he worked. FF Tolley died yesterday after falling 5 stories while fighting a fire.   🙏","profileString":"facebook_page.393948727476542","postURL":"https://facebook.com/393948727476542/posts/637072986497447","avatar":"https://graph.facebook.com/393948727476542/picture","classification":{"engine":"aylien","language":"en","taxonomy":[{"score":"0.0792","confident":true,"links":[{"link":"https://api.aylien.com/api/v1/classify/taxonomy/iab-qag/IAB9","rel":"self"}],"id":"IAB9","label":"Hobbies & Interests"},{"score":"0.0632","confident":false,"links":[{"link":"https://api.aylien.com/api/v1/classify/taxonomy/iab-qag/IAB9-28","rel":"self"},{"link":"https://api.aylien.com/api/v1/classify/taxonomy/iab-qag/IAB9","rel":"parent"}],"id":"IAB9-28","label":"Screenwriting"}]},"postidString":"facebook_page.393948727476542_637072986497447","postMeta":{"inserted":"content-engine"},"timestamp":1492796024,"sharesRcvd":0,"likesRcvd":5,"source":"facebook_page","lastUpdateQuantum":4984342,"name":"Linda Schmidt FOX 5 TV","imageLarge":"https://scontent.xx.fbcdn.net/v/t15.0-10/18094361_637079613163451_6312389498802012160_n.jpg?oh=a9acb0966e2cc6aefe86e25abea9095f&oe=5977E0CD","objectID":"637072986497447","repliesRcvd":0,"image":"https://scontent.xx.fbcdn.net/v/t15.0-10/p130x130/18094361_637079613163451_6312389498802012160_n.jpg?oh=1d69644719827631fdd8e6042cc6d76a&oe=59823B33","username":"LindaSchmidtFox5TV","link":"https://www.facebook.com/LindaSchmidtFox5TV/videos/637072986497447/","timeQuantum":4975986,"video":"https://video.xx.fbcdn.net/v/t42.1790-2/18085514_246530299085522_4354845986284109824_n.mp4?efg=eyJybHIiOjQyMSwicmxhIjo1MTIsInZlbmNvZGVfdGFnIjoic3ZlX3NkIn0%3D&rl=421&vabr=234&oh=e0802b2692c944f1e9e7c3dff27b096a&oe=58FD3158","type":"video"},{"content":"The neighborhood is bringing flowers and candles in Queens to pay tribute to #FDNY firefighter William Tolley.  The married Father of an 8 year old daughter died yesterday while responding to a fire 🙏","profileString":"facebook_page.393948727476542","postURL":"https://facebook.com/393948727476542/posts/637079646496781","avatar":"https://graph.facebook.com/393948727476542/picture","classification":{"engine":"aylien","language":"en","taxonomy":[{"score":"0.0850","confident":true,"links":[{"link":"https://api.aylien.com/api/v1/classify/taxonomy/iab-qag/IAB9","rel":"self"}],"id":"IAB9","label":"Hobbies & Interests"},{"score":"0.0708","confident":false,"links":[{"link":"https://api.aylien.com/api/v1/classify/taxonomy/iab-qag/IAB9-6","rel":"self"},{"link":"https://api.aylien.com/api/v1/classify/taxonomy/iab-qag/IAB9","rel":"parent"}],"id":"IAB9-6","label":"Candle & Soap Making"}]},"postidString":"facebook_page.393948727476542_637079646496781","postMeta":{"inserted":"content-engine"},"timestamp":1492796177,"sharesRcvd":1,"likesRcvd":16,"source":"facebook_page","lastUpdateQuantum":4984342,"name":"Linda Schmidt FOX 5 TV","imageLarge":"https://scontent.xx.fbcdn.net/v/t1.0-9/s720x720/18033318_637079646496781_6604246166474628551_n.jpg?oh=c9af53f97b37a636bf984d09261f9f97&oe=59793AA2","objectID":"637079646496781","repliesRcvd":3,"image":"https://scontent.xx.fbcdn.net/v/t1.0-0/s130x130/18033318_637079646496781_6604246166474628551_n.jpg?oh=e70e2ab544268549138824e68d8e35c8&oe=5987385D","username":"LindaSchmidtFox5TV","link":"https://www.facebook.com/LindaSchmidtFox5TV/photos/a.440740782797336.1073741831.393948727476542/637079646496781/?type=3","timeQuantum":4975987,"title":"Timeline Photos","type":"photo"},{"content":"Where did this fog come from?? Crossing 59th Street bridge and you can't see the NYC skyline.","profileString":"facebook_page.393948727476542","postURL":"https://facebook.com/393948727476542/posts/637172549820824","avatar":"https://graph.facebook.com/393948727476542/picture","classification":{"engine":"aylien","language":"en","taxonomy":[{"score":"0.0814","confident":false,"links":[{"link":"https://api.aylien.com/api/v1/classify/taxonomy/iab-qag/IAB2-16","rel":"self"},{"link":"https://api.aylien.com/api/v1/classify/taxonomy/iab-qag/IAB2","rel":"parent"}],"id":"IAB2-16","label":"Off-Road Vehicles"},{"score":"0.0729","confident":false,"links":[{"link":"https://api.aylien.com/api/v1/classify/taxonomy/iab-qag/IAB9","rel":"self"}],"id":"IAB9","label":"Hobbies & Interests"},{"score":"0.0646","confident":false,"links":[{"link":"https://api.aylien.com/api/v1/classify/taxonomy/iab-qag/IAB2","rel":"self"}],"id":"IAB2","label":"Automotive"},{"score":"0.0562","confident":false,"links":[{"link":"https://api.aylien.com/api/v1/classify/taxonomy/iab-qag/IAB9-23","rel":"self"},{"link":"https://api.aylien.com/api/v1/classify/taxonomy/iab-qag/IAB9","rel":"parent"}],"id":"IAB9-23","label":"Photography"}]},"postidString":"facebook_page.393948727476542_637172549820824","postMeta":{"inserted":"content-engine"},"timestamp":1492812814,"sharesRcvd":0,"likesRcvd":9,"source":"facebook_page","lastUpdateQuantum":4984342,"name":"Linda Schmidt FOX 5 TV","imageLarge":"https://scontent.xx.fbcdn.net/v/t1.0-0/p180x540/18033516_637172549820824_8449231708661963425_n.jpg?oh=f5066292602f58adc4f3e97dfc162d43&oe=59953BAB","objectID":"637172549820824","repliesRcvd":3,"image":"https://scontent.xx.fbcdn.net/v/t1.0-0/s130x130/18033516_637172549820824_8449231708661963425_n.jpg?oh=327058f3508be1a9ae860a93127415d0&oe=594D036A","username":"LindaSchmidtFox5TV","link":"https://www.facebook.com/LindaSchmidtFox5TV/photos/a.440740782797336.1073741831.393948727476542/637172549820824/?type=3","timeQuantum":4976042,"title":"Timeline Photos","type":"photo"},{"content":"Linda Schmidt FOX 5 TV","profileString":"facebook_page.393948727476542","postURL":"https://facebook.com/393948727476542/posts/640247102846702","avatar":"https://graph.facebook.com/393948727476542/picture","classification":{"engine":"aylien","language":"en","taxonomy":[{"score":"0.5257","confident":true,"links":[{"link":"https://api.aylien.com/api/v1/classify/taxonomy/iab-qag/IAB1-7","rel":"self"},{"link":"https://api.aylien.com/api/v1/classify/taxonomy/iab-qag/IAB1","rel":"parent"}],"id":"IAB1-7","label":"Television"},{"score":"0.1100","confident":true,"links":[{"link":"https://api.aylien.com/api/v1/classify/taxonomy/iab-qag/IAB1","rel":"self"}],"id":"IAB1","label":"Arts & Entertainment"}]},"postidString":"facebook_page.393948727476542_640247102846702","postMeta":{"inserted":"content-engine"},"timestamp":1493400843,"sharesRcvd":0,"likesRcvd":79,"source":"facebook_page","lastUpdateQuantum":4984342,"name":"Linda Schmidt FOX 5 TV","imageLarge":"https://scontent.xx.fbcdn.net/v/t1.0-9/18221779_640247102846702_8875381063151496132_n.jpg?oh=507755aa81fc493274205ed30d3e17de&oe=5988A9F5","objectID":"640247102846702","repliesRcvd":6,"image":"https://scontent.xx.fbcdn.net/v/t1.0-0/p130x130/18221779_640247102846702_8875381063151496132_n.jpg?oh=4d6f00c310b99aa71545c6a28c91e32e&oe=5977FF7B","username":"LindaSchmidtFox5TV","link":"https://www.facebook.com/LindaSchmidtFox5TV/photos/a.393950877476327.1073741825.393948727476542/640247102846702/?type=3","timeQuantum":4978002,"title":"Linda Schmidt FOX 5 TV","type":"photo"},{"content":"My 24th Anniversary at Fox 5 News! It's hard to believe it's been 24 years!! I've worked with some Great people Like camerawoman Brenda Rivera ( seen in picture) covering majors news events across the country and the world.   I've been Blessed to travel to Israel, Guatemala, Costa Rica and England... interviewing Leaders like Israeli Prime Minister Benjamin Netanyahu.   I even got to ring the opening bell at the New York Stock Exchange & Nasdaq.  And THANK YOU Fox 5 viewers for watching us and saying so many kind things when I see you on the streets!! You are the BEST!! ( and what about All those hair styles! What was I thinking 😀)","profileString":"facebook_page.393948727476542","postURL":"https://facebook.com/393948727476542/posts/641590729379006","avatar":"https://graph.facebook.com/393948727476542/picture","classification":{"engine":"aylien","language":"en","taxonomy":[{"score":"0.5016","confident":false,"links":[{"link":"https://api.aylien.com/api/v1/classify/taxonomy/iab-qag/IAB12-2","rel":"self"},{"link":"https://api.aylien.com/api/v1/classify/taxonomy/iab-qag/IAB12","rel":"parent"}],"id":"IAB12-2","label":"National News"},{"score":"0.1011","confident":true,"links":[{"link":"https://api.aylien.com/api/v1/classify/taxonomy/iab-qag/IAB12","rel":"self"}],"id":"IAB12","label":"News"},{"score":"0.0898","confident":true,"links":[{"link":"https://api.aylien.com/api/v1/classify/taxonomy/iab-qag/IAB20-27","rel":"self"},{"link":"https://api.aylien.com/api/v1/classify/taxonomy/iab-qag/IAB20","rel":"parent"}],"id":"IAB20-27","label":"United Kingdom"},{"score":"0.0814","confident":true,"links":[{"link":"https://api.aylien.com/api/v1/classify/taxonomy/iab-qag/IAB20","rel":"self"}],"id":"IAB20","label":"Travel"}]},"postidString":"facebook_page.393948727476542_641590729379006","postMeta":{"inserted":"content-engine"},"timestamp":1493656792,"sharesRcvd":1,"likesRcvd":93,"source":"facebook_page","lastUpdateQuantum":4984342,"name":"Linda Schmidt FOX 5 TV","imageLarge":"https://scontent.xx.fbcdn.net/v/t1.0-9/p720x720/18198381_641590729379006_4859885976924321802_n.jpg?oh=33430d5d0d767f8714807e9676bc2893&oe=59C2F977","objectID":"641590729379006","repliesRcvd":26,"image":"https://scontent.xx.fbcdn.net/v/t1.0-0/p130x130/18198381_641590729379006_4859885976924321802_n.jpg?oh=a27f3276c7d6e5bbfbe2849e570953db&oe=59B9B388","username":"LindaSchmidtFox5TV","link":"https://www.facebook.com/LindaSchmidtFox5TV/photos/a.440740782797336.1073741831.393948727476542/641590729379006/?type=3","timeQuantum":4978855,"title":"Timeline Photos","type":"photo"},{"content":"❤️❤️❤️ #spring #flowers in New York!!","profileString":"facebook_page.393948727476542","postURL":"https://facebook.com/393948727476542/posts/642113905993355","avatar":"https://graph.facebook.com/393948727476542/picture","classification":{"engine":"aylien","language":"en","taxonomy":[{"score":"0.3992","confident":false,"links":[{"link":"https://api.aylien.com/api/v1/classify/taxonomy/iab-qag/IAB18-6","rel":"self"},{"link":"https://api.aylien.com/api/v1/classify/taxonomy/iab-qag/IAB18","rel":"parent"}],"id":"IAB18-6","label":"Accessories"},{"score":"0.3065","confident":true,"links":[{"link":"https://api.aylien.com/api/v1/classify/taxonomy/iab-qag/IAB10-4","rel":"self"},{"link":"https://api.aylien.com/api/v1/classify/taxonomy/iab-qag/IAB10","rel":"parent"}],"id":"IAB10-4","label":"Gardening"},{"score":"0.1013","confident":true,"links":[{"link":"https://api.aylien.com/api/v1/classify/taxonomy/iab-qag/IAB10","rel":"self"}],"id":"IAB10","label":"Home & Garden"},{"score":"0.0826","confident":true,"links":[{"link":"https://api.aylien.com/api/v1/classify/taxonomy/iab-qag/IAB18","rel":"self"}],"id":"IAB18","label":"Style & Fashion"}]},"postidString":"facebook_page.393948727476542_642113905993355","postMeta":{"inserted":"content-engine"},"timestamp":1493748209,"sharesRcvd":0,"likesRcvd":14,"source":"facebook_page","lastUpdateQuantum":4984342,"name":"Linda Schmidt FOX 5 TV","imageLarge":"https://scontent.xx.fbcdn.net/v/t15.0-10/18279171_642114125993333_815935557359108096_n.jpg?oh=81f3478899086c0c484aaaecc5fcbb2b&oe=59BA2538","objectID":"642113905993355","repliesRcvd":0,"image":"https://scontent.xx.fbcdn.net/v/t15.0-10/p130x130/18279171_642114125993333_815935557359108096_n.jpg?oh=d49a184385963a65130a811f5f25e841&oe=597BFB86","username":"LindaSchmidtFox5TV","link":"https://www.facebook.com/LindaSchmidtFox5TV/videos/642113905993355/","timeQuantum":4979160,"video":"https://video.xx.fbcdn.net/v/t42.1790-2/18273923_1299772453391190_6776700868231168000_n.mp4?efg=eyJybHIiOjkyMywicmxhIjo1MTIsInZlbmNvZGVfdGFnIjoic3ZlX3NkIn0%3D&rl=923&vabr=513&oh=85d31af05a8b8d6ee04699add7aaa307&oe=590B997F","type":"video"},{"content":"Sanitation trucks filled with dirt are now lining areas of Fifth Avenue near #TrumpTower as protective barriers for the president's visit today to #NYC #AReportersLife","profileString":"facebook_page.393948727476542","postURL":"https://facebook.com/393948727476542/posts/643254405879305","avatar":"https://graph.facebook.com/393948727476542/picture","classification":{"engine":"aylien","language":"en","taxonomy":[{"score":"0.1385","confident":true,"links":[{"link":"https://api.aylien.com/api/v1/classify/taxonomy/iab-qag/IAB2","rel":"self"}],"id":"IAB2","label":"Automotive"},{"score":"0.0888","confident":true,"links":[{"link":"https://api.aylien.com/api/v1/classify/taxonomy/iab-qag/IAB2-16","rel":"self"},{"link":"https://api.aylien.com/api/v1/classify/taxonomy/iab-qag/IAB2","rel":"parent"}],"id":"IAB2-16","label":"Off-Road Vehicles"}]},"postidString":"facebook_page.393948727476542_643254405879305","postMeta":{"inserted":"content-engine"},"timestamp":1493917882,"sharesRcvd":0,"likesRcvd":3,"source":"facebook_page","lastUpdateQuantum":4984342,"name":"Linda Schmidt FOX 5 TV","imageLarge":"https://scontent.xx.fbcdn.net/v/t15.0-10/18324423_643255042545908_8703568431535882240_n.jpg?oh=42759164c793833131fe86cd30c91579&oe=5988CB0E","objectID":"643254405879305","repliesRcvd":0,"image":"https://scontent.xx.fbcdn.net/v/t15.0-10/p130x130/18324423_643255042545908_8703568431535882240_n.jpg?oh=9db2ae38074dc7936638d470e564ad31&oe=59BB82F0","username":"LindaSchmidtFox5TV","link":"https://www.facebook.com/LindaSchmidtFox5TV/videos/643254405879305/","timeQuantum":4979726,"video":"https://video.xx.fbcdn.net/v/t42.1790-2/18290586_736671606506387_399005829052760064_n.mp4?efg=eyJybHIiOjc2NiwicmxhIjo1MTIsInZlbmNvZGVfdGFnIjoic3ZlX3NkIn0%3D&rl=766&vabr=426&oh=728a8741fe0d4224b442caf98b751866&oe=590D585E","type":"video"},{"content":"#TBT circa 2003 Anchoring at Fox 5 News. One of my colleagues found this and gave it to me.   I've had so many hairdos 😊 #AReportersLife","profileString":"facebook_page.393948727476542","postURL":"https://facebook.com/393948727476542/posts/643284035876342","avatar":"https://graph.facebook.com/393948727476542/picture","classification":{"engine":"aylien","language":"en","taxonomy":[{"score":"0.5449","confident":false,"links":[{"link":"https://api.aylien.com/api/v1/classify/taxonomy/iab-qag/IAB12-2","rel":"self"},{"link":"https://api.aylien.com/api/v1/classify/taxonomy/iab-qag/IAB12","rel":"parent"}],"id":"IAB12-2","label":"National News"},{"score":"0.0921","confident":true,"links":[{"link":"https://api.aylien.com/api/v1/classify/taxonomy/iab-qag/IAB12","rel":"self"}],"id":"IAB12","label":"News"}]},"postidString":"facebook_page.393948727476542_643284035876342","postMeta":{"inserted":"content-engine"},"timestamp":1493921694,"sharesRcvd":0,"likesRcvd":28,"source":"facebook_page","lastUpdateQuantum":4984342,"name":"Linda Schmidt FOX 5 TV","imageLarge":"https://scontent.xx.fbcdn.net/v/t1.0-9/s720x720/18222154_643284035876342_131636752171926893_n.jpg?oh=1cb33897d5acc1e85b1db0cdcb1d1554&oe=59BB752D","objectID":"643284035876342","repliesRcvd":4,"image":"https://scontent.xx.fbcdn.net/v/t1.0-0/s130x130/18222154_643284035876342_131636752171926893_n.jpg?oh=b9b19067b811ade077f12a9b6d65b8c2&oe=5987A6DA","username":"LindaSchmidtFox5TV","link":"https://www.facebook.com/LindaSchmidtFox5TV/photos/a.440740782797336.1073741831.393948727476542/643284035876342/?type=3","timeQuantum":4979738,"title":"Timeline Photos","type":"photo"},{"content":"Alpacas in New Rochelle!!\n\nhttps://www.facebook.com/FOX5NY/videos/10155458530511320/","profileString":"facebook_page.393948727476542","postURL":"https://facebook.com/393948727476542/posts/645367215668024","avatar":"https://graph.facebook.com/393948727476542/picture","classification":{"engine":"aylien","language":"en","taxonomy":[{"score":"0.0741","confident":false,"links":[{"link":"https://api.aylien.com/api/v1/classify/taxonomy/iab-qag/IAB9","rel":"self"}],"id":"IAB9","label":"Hobbies & Interests"},{"score":"0.0546","confident":false,"links":[{"link":"https://api.aylien.com/api/v1/classify/taxonomy/iab-qag/IAB9-28","rel":"self"},{"link":"https://api.aylien.com/api/v1/classify/taxonomy/iab-qag/IAB9","rel":"parent"}],"id":"IAB9-28","label":"Screenwriting"}]},"postidString":"facebook_page.393948727476542_645367215668024","postMeta":{"inserted":"content-engine"},"timestamp":1494288216,"sharesRcvd":0,"likesRcvd":11,"source":"facebook_page","lastUpdateQuantum":4984342,"name":"Linda Schmidt FOX 5 TV","imageLarge":"https://scontent.xx.fbcdn.net/v/t15.0-10/s720x720/18407563_10155458533501320_5360374151846559744_n.jpg?oh=27094a5e68b103d5fe1f606b42125af1&oe=597BB177","repliesRcvd":0,"image":"https://scontent.xx.fbcdn.net/v/t15.0-10/s130x130/18407563_10155458533501320_5360374151846559744_n.jpg?oh=3fd27e918db31f6ad247a5d15cc00326&oe=59798E85","username":"LindaSchmidtFox5TV","link":"https://www.facebook.com/FOX5NY/videos/10155458530511320/","timeQuantum":4980960,"video":"https://video.xx.fbcdn.net/v/t42.1790-2/18437349_266452327155077_908821784277549056_n.mp4?efg=eyJybHIiOjUxMSwicmxhIjo1MTIsInZlbmNvZGVfdGFnIjoic3ZlX3NkIn0%3D&rl=511&vabr=284&oh=0b92029aabb63fd834db41404fef157d&oe=59136E0C","title":"FOX 5 / Fox5NY.com","type":"video"},{"content":"There's a reason they call this Chocolate Therapy! 😜 A great late night snack after work!","profileString":"facebook_page.393948727476542","postURL":"https://facebook.com/393948727476542/posts/645673992304013","avatar":"https://graph.facebook.com/393948727476542/picture","classification":{"engine":"aylien","language":"en","taxonomy":[{"score":"0.2034","confident":false,"links":[{"link":"https://api.aylien.com/api/v1/classify/taxonomy/iab-qag/IAB25-4","rel":"self"},{"link":"https://api.aylien.com/api/v1/classify/taxonomy/iab-qag/IAB25","rel":"parent"}],"id":"IAB25-4","label":"Profane Content"},{"score":"0.1485","confident":true,"links":[{"link":"https://api.aylien.com/api/v1/classify/taxonomy/iab-qag/IAB8-8","rel":"self"},{"link":"https://api.aylien.com/api/v1/classify/taxonomy/iab-qag/IAB8","rel":"parent"}],"id":"IAB8-8","label":"Desserts & Baking"},{"score":"0.0697","confident":false,"links":[{"link":"https://api.aylien.com/api/v1/classify/taxonomy/iab-qag/IAB9","rel":"self"}],"id":"IAB9","label":"Hobbies & Interests"},{"score":"0.0588","confident":false,"links":[{"link":"https://api.aylien.com/api/v1/classify/taxonomy/iab-qag/IAB8","rel":"self"}],"id":"IAB8","label":"Food & Drink"},{"score":"0.0587","confident":false,"links":[{"link":"https://api.aylien.com/api/v1/classify/taxonomy/iab-qag/IAB25","rel":"self"}],"id":"IAB25","label":"Non-Standard Content"},{"score":"0.0566","confident":false,"links":[{"link":"https://api.aylien.com/api/v1/classify/taxonomy/iab-qag/IAB9-23","rel":"self"},{"link":"https://api.aylien.com/api/v1/classify/taxonomy/iab-qag/IAB9","rel":"parent"}],"id":"IAB9-23","label":"Photography"}]},"postidString":"facebook_page.393948727476542_645673992304013","postMeta":{"inserted":"content-engine"},"timestamp":1494337421,"sharesRcvd":0,"likesRcvd":23,"source":"facebook_page","lastUpdateQuantum":4984342,"name":"Linda Schmidt FOX 5 TV","imageLarge":"https://scontent.xx.fbcdn.net/v/t1.0-9/p720x720/18342073_645673992304013_7119067670274060027_n.jpg?oh=8be3eea3dc50987945ebce879faefb52&oe=5977D809","objectID":"645673992304013","repliesRcvd":3,"image":"https://scontent.xx.fbcdn.net/v/t1.0-0/p130x130/18342073_645673992304013_7119067670274060027_n.jpg?oh=2de5d5b3f06af85f82ad6d3aacdca768&oe=59BC73F6","username":"LindaSchmidtFox5TV","link":"https://www.facebook.com/LindaSchmidtFox5TV/photos/a.440740782797336.1073741831.393948727476542/645673992304013/?type=3","timeQuantum":4981124,"title":"Timeline Photos","type":"photo"},{"content":"I know it's #spring, but it's still a suede boots day! #AReportersLife","profileString":"facebook_page.393948727476542","postURL":"https://facebook.com/393948727476542/posts/646420142229398","avatar":"https://graph.facebook.com/393948727476542/picture","classification":{"engine":"aylien","language":"en","taxonomy":[{"score":"0.3086","confident":false,"links":[{"link":"https://api.aylien.com/api/v1/classify/taxonomy/iab-qag/IAB18-2","rel":"self"},{"link":"https://api.aylien.com/api/v1/classify/taxonomy/iab-qag/IAB18","rel":"parent"}],"id":"IAB18-2","label":"Body Art"},{"score":"0.1274","confident":true,"links":[{"link":"https://api.aylien.com/api/v1/classify/taxonomy/iab-qag/IAB18","rel":"self"}],"id":"IAB18","label":"Style & Fashion"}]},"postidString":"facebook_page.393948727476542_646420142229398","postMeta":{"inserted":"content-engine"},"timestamp":1494446861,"sharesRcvd":0,"likesRcvd":23,"source":"facebook_page","lastUpdateQuantum":4984342,"name":"Linda Schmidt FOX 5 TV","imageLarge":"https://scontent.xx.fbcdn.net/v/t1.0-0/q84/p180x540/18446972_646420142229398_2087678078341878589_n.jpg?oh=6b1dde6979563bad7c6dc2287ae871ee&oe=59BDC2D3","objectID":"646420142229398","repliesRcvd":5,"image":"https://scontent.xx.fbcdn.net/v/t1.0-0/q84/s130x130/18446972_646420142229398_2087678078341878589_n.jpg?oh=7363f0f7edf8e34beed98be34294c074&oe=597A4C12","username":"LindaSchmidtFox5TV","link":"https://www.facebook.com/LindaSchmidtFox5TV/photos/a.440740782797336.1073741831.393948727476542/646420142229398/?type=3","timeQuantum":4981489,"title":"Timeline Photos","type":"photo"},{"content":"HEARTWARMING:  Paramedic Jared Bryer was with his partner when a young man came up to their truck in need of some help.  He was getting ready for prom but didn't know how to tie his tie.  That's when this happened. <3 FULL STORY:  http://www.fox5ny.com/news/253953176-story\nhttps://www.facebook.com/FOX5NY/posts/10155468069661320:0","profileString":"facebook_page.393948727476542","postURL":"https://facebook.com/393948727476542/posts/646910208847058","avatar":"https://graph.facebook.com/393948727476542/picture","classification":{"engine":"aylien","language":"en","taxonomy":[{"score":"0.4208","confident":false,"links":[{"link":"https://api.aylien.com/api/v1/classify/taxonomy/iab-qag/IAB12-3","rel":"self"},{"link":"https://api.aylien.com/api/v1/classify/taxonomy/iab-qag/IAB12","rel":"parent"}],"id":"IAB12-3","label":"Local News"},{"score":"0.0854","confident":false,"links":[{"link":"https://api.aylien.com/api/v1/classify/taxonomy/iab-qag/IAB2-18","rel":"self"},{"link":"https://api.aylien.com/api/v1/classify/taxonomy/iab-qag/IAB2","rel":"parent"}],"id":"IAB2-18","label":"Pickup"},{"score":"0.0853","confident":true,"links":[{"link":"https://api.aylien.com/api/v1/classify/taxonomy/iab-qag/IAB12","rel":"self"}],"id":"IAB12","label":"News"},{"score":"0.0751","confident":false,"links":[{"link":"https://api.aylien.com/api/v1/classify/taxonomy/iab-qag/IAB2","rel":"self"}],"id":"IAB2","label":"Automotive"}]},"postidString":"facebook_page.393948727476542_10155468069661320","postMeta":{"inserted":"content-engine"},"timestamp":1494524486,"sharesRcvd":0,"likesRcvd":21,"source":"facebook_page","lastUpdateQuantum":4984342,"name":"Linda Schmidt FOX 5 TV","imageLarge":"https://scontent.xx.fbcdn.net/v/t1.0-9/s720x720/18342124_10155468069661320_8531594254532026298_n.jpg?oh=6dbc1f4317668055bd4d1ee8a2f74d56&oe=59BC3489","originalID":"393948727476542_646910208847058","objectID":"10155468069661320","repliesRcvd":1,"image":"https://scontent.xx.fbcdn.net/v/t1.0-0/s130x130/18342124_10155468069661320_8531594254532026298_n.jpg?oh=324b446373b451b9dedc9986f3a1e400&oe=59751D84","username":"LindaSchmidtFox5TV","link":"https://www.facebook.com/FOX5NY/photos/a.107956651319.116657.39442131319/10155468069661320/?type=3","timeQuantum":4981748,"title":"FOX 5 / Fox5NY.com","type":"photo"},{"content":"Happy Mother's Day!! Me and my Mom way back when. 😊","profileString":"facebook_page.393948727476542","postURL":"https://facebook.com/393948727476542/posts/647959208742158","avatar":"https://graph.facebook.com/393948727476542/picture","classification":{"engine":"aylien","language":"en","taxonomy":[{"score":"0.2724","confident":false,"links":[{"link":"https://api.aylien.com/api/v1/classify/taxonomy/iab-qag/IAB14-7","rel":"self"},{"link":"https://api.aylien.com/api/v1/classify/taxonomy/iab-qag/IAB14","rel":"parent"}],"id":"IAB14-7","label":"Weddings"},{"score":"0.0708","confident":false,"links":[{"link":"https://api.aylien.com/api/v1/classify/taxonomy/iab-qag/IAB9","rel":"self"}],"id":"IAB9","label":"Hobbies & Interests"},{"score":"0.0594","confident":false,"links":[{"link":"https://api.aylien.com/api/v1/classify/taxonomy/iab-qag/IAB14","rel":"self"}],"id":"IAB14","label":"Society"},{"score":"0.0586","confident":false,"links":[{"link":"https://api.aylien.com/api/v1/classify/taxonomy/iab-qag/IAB9-23","rel":"self"},{"link":"https://api.aylien.com/api/v1/classify/taxonomy/iab-qag/IAB9","rel":"parent"}],"id":"IAB9-23","label":"Photography"}]},"postidString":"facebook_page.393948727476542_647959208742158","postMeta":{"inserted":"content-engine"},"timestamp":1494682580,"sharesRcvd":0,"likesRcvd":34,"source":"facebook_page","lastUpdateQuantum":4984342,"name":"Linda Schmidt FOX 5 TV","imageLarge":"https://scontent.xx.fbcdn.net/v/t1.0-0/p180x540/18424099_647959208742158_4427944869950624514_n.jpg?oh=1ad046fc736c5ee014b2a425999b76d7&oe=59B74D26","objectID":"647959208742158","repliesRcvd":2,"image":"https://scontent.xx.fbcdn.net/v/t1.0-0/s130x130/18424099_647959208742158_4427944869950624514_n.jpg?oh=7d185cd64d1ecc4b1a1d77d234ec9f9a&oe=59BE70E7","username":"LindaSchmidtFox5TV","link":"https://www.facebook.com/LindaSchmidtFox5TV/photos/a.440740782797336.1073741831.393948727476542/647959208742158/?type=3","timeQuantum":4982275,"title":"Timeline Photos","type":"photo"},{"content":"Happy Mother's Day from our family to yours! Circa 1970's 😊","profileString":"facebook_page.393948727476542","postURL":"https://facebook.com/393948727476542/posts/648486165356129","avatar":"https://graph.facebook.com/393948727476542/picture","classification":{"engine":"aylien","language":"en","taxonomy":[{"score":"0.1792","confident":false,"links":[{"link":"https://api.aylien.com/api/v1/classify/taxonomy/iab-qag/IAB6-3","rel":"self"},{"link":"https://api.aylien.com/api/v1/classify/taxonomy/iab-qag/IAB6","rel":"parent"}],"id":"IAB6-3","label":"Daycare/Pre School"},{"score":"0.1005","confident":true,"links":[{"link":"https://api.aylien.com/api/v1/classify/taxonomy/iab-qag/IAB6","rel":"self"}],"id":"IAB6","label":"Family & Parenting"}]},"postidString":"facebook_page.393948727476542_648486165356129","postMeta":{"inserted":"content-engine"},"timestamp":1494769360,"sharesRcvd":0,"likesRcvd":19,"source":"facebook_page","lastUpdateQuantum":4984414,"name":"Linda Schmidt FOX 5 TV","imageLarge":"https://scontent.xx.fbcdn.net/v/t1.0-0/p180x540/18423949_648486165356129_2593698719233002319_n.jpg?oh=d45c708ac0e189a3592043f16ff48e6c&oe=59B45988","objectID":"648486165356129","repliesRcvd":2,"image":"https://scontent.xx.fbcdn.net/v/t1.0-0/s130x130/18423949_648486165356129_2593698719233002319_n.jpg?oh=66b698c5dd5dfce2e20701edf4ec1a9b&oe=59BE5749","username":"LindaSchmidtFox5TV","link":"https://www.facebook.com/LindaSchmidtFox5TV/photos/a.440740782797336.1073741831.393948727476542/648486165356129/?type=3","timeQuantum":4982564,"title":"Timeline Photos","type":"photo"},{"content":"Some Serious family competition in Wii bowling 😂 My niece took this picture","profileString":"facebook_page.393948727476542","postURL":"https://facebook.com/393948727476542/posts/648546302016782","avatar":"https://graph.facebook.com/393948727476542/picture","classification":{"engine":"aylien","language":"en","taxonomy":[{"score":"0.2045","confident":false,"links":[{"link":"https://api.aylien.com/api/v1/classify/taxonomy/iab-qag/IAB6-1","rel":"self"},{"link":"https://api.aylien.com/api/v1/classify/taxonomy/iab-qag/IAB6","rel":"parent"}],"id":"IAB6-1","label":"Adoption"},{"score":"0.0796","confident":true,"links":[{"link":"https://api.aylien.com/api/v1/classify/taxonomy/iab-qag/IAB6","rel":"self"}],"id":"IAB6","label":"Family & Parenting"},{"score":"0.0762","confident":false,"links":[{"link":"https://api.aylien.com/api/v1/classify/taxonomy/iab-qag/IAB17","rel":"self"}],"id":"IAB17","label":"Sports"},{"score":"0.0720","confident":false,"links":[{"link":"https://api.aylien.com/api/v1/classify/taxonomy/iab-qag/IAB9","rel":"self"}],"id":"IAB9","label":"Hobbies & Interests"},{"score":"0.0569","confident":false,"links":[{"link":"https://api.aylien.com/api/v1/classify/taxonomy/iab-qag/IAB9-23","rel":"self"},{"link":"https://api.aylien.com/api/v1/classify/taxonomy/iab-qag/IAB9","rel":"parent"}],"id":"IAB9-23","label":"Photography"},{"score":"0.0399","confident":false,"links":[{"link":"https://api.aylien.com/api/v1/classify/taxonomy/iab-qag/IAB17-24","rel":"self"},{"link":"https://api.aylien.com/api/v1/classify/taxonomy/iab-qag/IAB17","rel":"parent"}],"id":"IAB17-24","label":"Paintball"}]},"postidString":"facebook_page.393948727476542_648546302016782","postMeta":{"inserted":"content-engine"},"timestamp":1494778822,"sharesRcvd":0,"likesRcvd":49,"source":"facebook_page","lastUpdateQuantum":4984414,"name":"Linda Schmidt FOX 5 TV","imageLarge":"https://scontent.xx.fbcdn.net/v/t1.0-9/s720x720/18446569_648546302016782_2969186633914835755_n.jpg?oh=e5a0c058008fcee1559c51b3d9d79fbd&oe=59BAB0A5","objectID":"648546302016782","repliesRcvd":8,"image":"https://scontent.xx.fbcdn.net/v/t1.0-0/s130x130/18446569_648546302016782_2969186633914835755_n.jpg?oh=e1b270ddbeb39c974b59e80dafd90cd9&oe=597FFF5A","username":"LindaSchmidtFox5TV","link":"https://www.facebook.com/LindaSchmidtFox5TV/photos/a.440740782797336.1073741831.393948727476542/648546302016782/?type=3","timeQuantum":4982596,"title":"Timeline Photos","type":"photo"},{"content":"Timeline Photos","profileString":"facebook_page.393948727476542","postURL":"https://facebook.com/393948727476542/posts/649023198635759","avatar":"https://graph.facebook.com/393948727476542/picture","classification":{"engine":"aylien","language":"en","taxonomy":[{"score":"0.0926","confident":true,"links":[{"link":"https://api.aylien.com/api/v1/classify/taxonomy/iab-qag/IAB9","rel":"self"}],"id":"IAB9","label":"Hobbies & Interests"},{"score":"0.0698","confident":false,"links":[{"link":"https://api.aylien.com/api/v1/classify/taxonomy/iab-qag/IAB9-23","rel":"self"},{"link":"https://api.aylien.com/api/v1/classify/taxonomy/iab-qag/IAB9","rel":"parent"}],"id":"IAB9-23","label":"Photography"}]},"postidString":"facebook_page.393948727476542_649023198635759","postMeta":{"inserted":"content-engine"},"timestamp":1494861806,"sharesRcvd":1,"likesRcvd":2,"source":"facebook_page","lastUpdateQuantum":4984414,"name":"Linda Schmidt FOX 5 TV","imageLarge":"https://scontent.xx.fbcdn.net/v/t1.0-9/18447152_649023198635759_8551867011565972990_n.jpg?oh=e29a533d88bff627707d2db8c82ecc1d&oe=59B39C3E","objectID":"649023198635759","repliesRcvd":1,"image":"https://scontent.xx.fbcdn.net/v/t1.0-0/s130x130/18447152_649023198635759_8551867011565972990_n.jpg?oh=2022001cf068f8a29667ca3e1444d4b0&oe=59BDF6A3","username":"LindaSchmidtFox5TV","link":"https://www.facebook.com/LindaSchmidtFox5TV/photos/a.440740782797336.1073741831.393948727476542/649023198635759/?type=3","timeQuantum":4982872,"title":"Timeline Photos","type":"photo"},{"content":"Our Fox 5 Promo shoot for a new series I have coming soon called Above And Beyond.  Thanks to stellar cameraman Mauro Brattoli and Creative Services Manager Ken Ashley for their hard work along with Steve and Vivian our intern.","profileString":"facebook_page.393948727476542","postURL":"https://facebook.com/393948727476542/posts/650084045196341","avatar":"https://graph.facebook.com/393948727476542/picture","classification":{"engine":"aylien","language":"en","taxonomy":[{"score":"0.0819","confident":true,"links":[{"link":"https://api.aylien.com/api/v1/classify/taxonomy/iab-qag/IAB9","rel":"self"}],"id":"IAB9","label":"Hobbies & Interests"},{"score":"0.0589","confident":false,"links":[{"link":"https://api.aylien.com/api/v1/classify/taxonomy/iab-qag/IAB9-23","rel":"self"},{"link":"https://api.aylien.com/api/v1/classify/taxonomy/iab-qag/IAB9","rel":"parent"}],"id":"IAB9-23","label":"Photography"}]},"postidString":"facebook_page.393948727476542_650084045196341","postMeta":{"inserted":"content-engine"},"timestamp":1495029933,"sharesRcvd":0,"likesRcvd":49,"source":"facebook_page","lastUpdateQuantum":4984414,"name":"Linda Schmidt FOX 5 TV","imageLarge":"https://scontent.xx.fbcdn.net/v/t1.0-9/q82/s720x720/18486166_650084045196341_4651644344160900941_n.jpg?oh=dce761043e6dfec28b28ce0f4b2246af&oe=597AAB2E","objectID":"650084045196341","repliesRcvd":10,"image":"https://scontent.xx.fbcdn.net/v/t1.0-0/s130x130/18486166_650084045196341_4651644344160900941_n.jpg?oh=eae36f5ba7d3f18b0ddbbece5fc37956&oe=59AA933B","username":"LindaSchmidtFox5TV","link":"https://www.facebook.com/LindaSchmidtFox5TV/photos/a.440740782797336.1073741831.393948727476542/650084045196341/?type=3","timeQuantum":4983433,"title":"Timeline Photos","type":"photo"},{"content":"Part of the car on sidewalk in #timessquare that plowed into pedestrians killing an 18 year old girl and injuring at least 22 others.  Police say it's drunk driver.  He's in custody and from the Bronx.   Has 2 previous DWI's","profileString":"facebook_page.393948727476542","postURL":"https://facebook.com/393948727476542/posts/650816615123084","avatar":"https://graph.facebook.com/393948727476542/picture","classification":{"engine":"aylien","language":"en","taxonomy":[{"score":"0.2104","confident":true,"links":[{"link":"https://api.aylien.com/api/v1/classify/taxonomy/iab-qag/IAB2","rel":"self"}],"id":"IAB2","label":"Automotive"},{"score":"0.0969","confident":true,"links":[{"link":"https://api.aylien.com/api/v1/classify/taxonomy/iab-qag/IAB2-4","rel":"self"},{"link":"https://api.aylien.com/api/v1/classify/taxonomy/iab-qag/IAB2","rel":"parent"}],"id":"IAB2-4","label":"Car Culture"}]},"postidString":"facebook_page.393948727476542_650816615123084","postMeta":{"inserted":"content-engine"},"timestamp":1495135389,"sharesRcvd":0,"likesRcvd":7,"source":"facebook_page","lastUpdateQuantum":4984414,"name":"Linda Schmidt FOX 5 TV","imageLarge":"https://scontent.xx.fbcdn.net/v/t1.0-0/p180x540/18581830_650816615123084_4014025347506822294_n.jpg?oh=650f9cb08885241ae0c986e7bda7ffff&oe=59B19268","objectID":"650816615123084","repliesRcvd":1,"image":"https://scontent.xx.fbcdn.net/v/t1.0-0/s130x130/18581830_650816615123084_4014025347506822294_n.jpg?oh=da02683af470a18715db70ffe2aeec67&oe=597442A9","username":"LindaSchmidtFox5TV","link":"https://www.facebook.com/LindaSchmidtFox5TV/photos/a.440740782797336.1073741831.393948727476542/650816615123084/?type=3","timeQuantum":4983784,"title":"Timeline Photos","type":"photo"},{"content":"Anthony Weiner's statement he read in court today while pleading guilty to a Felony count of child sex charges involving a 15 year old girl. He must now register as a child sex offender.  He will be sentenced in September.  The Prosecution has asked for 21-27 months in prison.","profileString":"facebook_page.393948727476542","postURL":"https://facebook.com/393948727476542/posts/651316361739776","avatar":"https://graph.facebook.com/393948727476542/picture","classification":{"engine":"aylien","language":"en","taxonomy":[{"score":"0.3330","confident":true,"links":[{"link":"https://api.aylien.com/api/v1/classify/taxonomy/iab-qag/IAB14-6","rel":"self"},{"link":"https://api.aylien.com/api/v1/classify/taxonomy/iab-qag/IAB14","rel":"parent"}],"id":"IAB14-6","label":"Teens"},{"score":"0.1675","confident":true,"links":[{"link":"https://api.aylien.com/api/v1/classify/taxonomy/iab-qag/IAB14","rel":"self"}],"id":"IAB14","label":"Society"}]},"postidString":"facebook_page.393948727476542_651316361739776","postMeta":{"inserted":"content-engine"},"timestamp":1495212252,"sharesRcvd":0,"likesRcvd":5,"source":"facebook_page","lastUpdateQuantum":4984414,"name":"Linda Schmidt FOX 5 TV","imageLarge":"https://scontent.xx.fbcdn.net/v/t1.0-9/s720x720/18555918_651316361739776_8688420215352921846_n.jpg?oh=f8c0a3a5411424781c4c94dbeafd0998&oe=59B2EA37","objectID":"651316361739776","repliesRcvd":5,"image":"https://scontent.xx.fbcdn.net/v/t1.0-0/s130x130/18555918_651316361739776_8688420215352921846_n.jpg?oh=611ad7459f3d339859ad3ce9f091a74b&oe=59B727C8","username":"LindaSchmidtFox5TV","link":"https://www.facebook.com/LindaSchmidtFox5TV/photos/a.440740782797336.1073741831.393948727476542/651316361739776/?type=3","timeQuantum":4984040,"title":"Timeline Photos","type":"photo"}]