[{"content":"The spirit of the Big Island is everything. See you on Monday!","profileString":"facebook_page.131879450236240","postURL":"https://facebook.com/131879450236240/posts/1376722659085240","avatar":"https://graph.facebook.com/131879450236240/picture","classification":{"engine":"aylien","language":"en","taxonomy":[{"score":"0.0857","confident":true,"links":[{"link":"https://api.aylien.com/api/v1/classify/taxonomy/iab-qag/IAB20-11","rel":"self"},{"link":"https://api.aylien.com/api/v1/classify/taxonomy/iab-qag/IAB20","rel":"parent"}],"id":"IAB20-11","label":"Caribbean"},{"score":"0.0775","confident":true,"links":[{"link":"https://api.aylien.com/api/v1/classify/taxonomy/iab-qag/IAB9","rel":"self"}],"id":"IAB9","label":"Hobbies & Interests"},{"score":"0.0661","confident":false,"links":[{"link":"https://api.aylien.com/api/v1/classify/taxonomy/iab-qag/IAB20","rel":"self"}],"id":"IAB20","label":"Travel"},{"score":"0.0628","confident":false,"links":[{"link":"https://api.aylien.com/api/v1/classify/taxonomy/iab-qag/IAB17","rel":"self"}],"id":"IAB17","label":"Sports"},{"score":"0.0591","confident":false,"links":[{"link":"https://api.aylien.com/api/v1/classify/taxonomy/iab-qag/IAB9-23","rel":"self"},{"link":"https://api.aylien.com/api/v1/classify/taxonomy/iab-qag/IAB9","rel":"parent"}],"id":"IAB9-23","label":"Photography"},{"score":"0.0419","confident":false,"links":[{"link":"https://api.aylien.com/api/v1/classify/taxonomy/iab-qag/IAB17-43","rel":"self"},{"link":"https://api.aylien.com/api/v1/classify/taxonomy/iab-qag/IAB17","rel":"parent"}],"id":"IAB17-43","label":"Waterski/Wakeboard"}]},"postidString":"facebook_page.131879450236240_1376722659085240","postMeta":{"inserted":"content-engine"},"timestamp":1496855877,"sharesRcvd":0,"likesRcvd":38,"source":"facebook_page","lastUpdateQuantum":4995778,"name":"Craig Treadway","imageLarge":"https://scontent.xx.fbcdn.net/v/t1.0-0/p180x540/18882033_1376722659085240_8153678154544229891_n.jpg?oh=0315744c3efaefe4d4dc7a58707c5508&oe=59E8BCEB","objectID":"1376722659085240","repliesRcvd":5,"image":"https://scontent.xx.fbcdn.net/v/t1.0-0/s130x130/18882033_1376722659085240_8153678154544229891_n.jpg?oh=bded373930eb3141d7f8cc556d5e89d6&oe=59E20D97","username":"zcraigtreadwaytv","link":"https://www.facebook.com/zcraigtreadwaytv/photos/a.501512439939604.1073741825.131879450236240/1376722659085240/?type=3","timeQuantum":4989519,"title":"Timeline Photos","type":"photo"},{"content":"I love ma girls!","profileString":"facebook_page.131879450236240","postURL":"https://facebook.com/131879450236240/posts/1381221758635330","avatar":"https://graph.facebook.com/131879450236240/picture","classification":{"engine":"aylien","language":"en","taxonomy":[{"score":"0.0865","confident":true,"links":[{"link":"https://api.aylien.com/api/v1/classify/taxonomy/iab-qag/IAB9","rel":"self"}],"id":"IAB9","label":"Hobbies & Interests"},{"score":"0.0589","confident":false,"links":[{"link":"https://api.aylien.com/api/v1/classify/taxonomy/iab-qag/IAB9-23","rel":"self"},{"link":"https://api.aylien.com/api/v1/classify/taxonomy/iab-qag/IAB9","rel":"parent"}],"id":"IAB9-23","label":"Photography"}]},"postidString":"facebook_page.131879450236240_1381221758635330","postMeta":{"inserted":"content-engine"},"timestamp":1497273784,"sharesRcvd":0,"likesRcvd":43,"source":"facebook_page","lastUpdateQuantum":4995778,"name":"Craig Treadway","imageLarge":"https://scontent.xx.fbcdn.net/v/t1.0-0/p180x540/19029726_1381221758635330_4995763668492836138_n.jpg?oh=6ace368f8e2c8c43e6b1b573390e4c4a&oe=59EA4976","objectID":"1381221758635330","repliesRcvd":4,"image":"https://scontent.xx.fbcdn.net/v/t1.0-0/s130x130/19029726_1381221758635330_4995763668492836138_n.jpg?oh=1aced62baaa7e1d4c6d6c3b648f05e6b&oe=59A8450A","username":"zcraigtreadwaytv","link":"https://www.facebook.com/zcraigtreadwaytv/photos/a.501512439939604.1073741825.131879450236240/1381221758635330/?type=3","timeQuantum":4990912,"title":"Timeline Photos","type":"photo"},{"content":"Back to the rise and grind!","profileString":"facebook_page.131879450236240","postURL":"https://facebook.com/131879450236240/posts/1381220638635442","avatar":"https://graph.facebook.com/131879450236240/picture","classification":{"engine":"aylien","language":"en","taxonomy":[{"score":"0.0816","confident":true,"links":[{"link":"https://api.aylien.com/api/v1/classify/taxonomy/iab-qag/IAB9","rel":"self"}],"id":"IAB9","label":"Hobbies & Interests"},{"score":"0.0602","confident":false,"links":[{"link":"https://api.aylien.com/api/v1/classify/taxonomy/iab-qag/IAB9-23","rel":"self"},{"link":"https://api.aylien.com/api/v1/classify/taxonomy/iab-qag/IAB9","rel":"parent"}],"id":"IAB9-23","label":"Photography"}]},"postidString":"facebook_page.131879450236240_1381220638635442","postMeta":{"inserted":"content-engine"},"timestamp":1497273668,"sharesRcvd":0,"likesRcvd":52,"source":"facebook_page","lastUpdateQuantum":4995778,"name":"Craig Treadway","imageLarge":"https://scontent.xx.fbcdn.net/v/t1.0-9/s720x720/19105963_1381220638635442_6587720285860342552_n.jpg?oh=1b30a92157dbb8f6af2d5f4d7b4eb73d&oe=59A1C8DC","objectID":"1381220638635442","repliesRcvd":9,"image":"https://scontent.xx.fbcdn.net/v/t1.0-0/s130x130/19105963_1381220638635442_6587720285860342552_n.jpg?oh=2ac8a69a546f103eb9b6a82e27cfb70d&oe=59DDD5C9","username":"zcraigtreadwaytv","link":"https://www.facebook.com/zcraigtreadwaytv/photos/a.501512439939604.1073741825.131879450236240/1381220638635442/?type=3","timeQuantum":4990912,"title":"Timeline Photos","type":"photo"},{"content":"Kala Rama and the Old Guy back at it this morning, on the PIX11 Morning News, PIX 11","profileString":"facebook_page.131879450236240","postURL":"https://facebook.com/131879450236240/posts/1388706857886820","avatar":"https://graph.facebook.com/131879450236240/picture","classification":{"engine":"aylien","language":"en","taxonomy":[{"score":"0.5345","confident":false,"links":[{"link":"https://api.aylien.com/api/v1/classify/taxonomy/iab-qag/IAB12-2","rel":"self"},{"link":"https://api.aylien.com/api/v1/classify/taxonomy/iab-qag/IAB12","rel":"parent"}],"id":"IAB12-2","label":"National News"},{"score":"0.1338","confident":true,"links":[{"link":"https://api.aylien.com/api/v1/classify/taxonomy/iab-qag/IAB12","rel":"self"}],"id":"IAB12","label":"News"}]},"postidString":"facebook_page.131879450236240_1388706857886820","postMeta":{"inserted":"content-engine"},"timestamp":1497949982,"sharesRcvd":0,"likesRcvd":40,"source":"facebook_page","lastUpdateQuantum":4995778,"name":"Craig Treadway","imageLarge":"https://scontent.xx.fbcdn.net/v/t1.0-9/s720x720/19399295_1388706857886820_8736383630374867414_n.jpg?oh=2ec0846780f09b07e105a073135deb58&oe=59E16993","objectID":"1388706857886820","repliesRcvd":6,"image":"https://scontent.xx.fbcdn.net/v/t1.0-0/s130x130/19399295_1388706857886820_8736383630374867414_n.jpg?oh=0862a2eb616c995de54ab9b2be21e870&oe=59CE1886","username":"zcraigtreadwaytv","link":"https://www.facebook.com/zcraigtreadwaytv/photos/a.501512439939604.1073741825.131879450236240/1388706857886820/?type=3","timeQuantum":4993166,"title":"Timeline Photos","type":"photo"}]