[{"content":null,"profileString":"facebook_page.260996580604464","postURL":"https://facebook.com/260996580604464/posts/1298093833561395","avatar":"https://graph.facebook.com/260996580604464/picture","classification":{"engine":"aylien","language":"en","taxonomy":[{"score":0,"label":"News","categoryId":"INSERTED"}]},"postidString":"facebook_page.260996580604464_1298093833561395","postMeta":{"inserted":"content-engine"},"timestamp":1494441973,"sharesRcvd":17,"likesRcvd":366,"source":"facebook_page","lastUpdateQuantum":4982822,"name":"Adriana Vargas","imageLarge":"https://scontent.xx.fbcdn.net/v/t15.0-10/18442926_1298094123561366_2650909907364085760_n.jpg?oh=ff7bfdc57f006e8e513ab698787d9714&oe=59767D14","objectID":"1298093833561395","repliesRcvd":43,"image":"https://scontent.xx.fbcdn.net/v/t15.0-10/s130x130/18442926_1298094123561366_2650909907364085760_n.jpg?oh=1fc212200e5bfd83d8c7b65b2a48d16a&oe=597CD66F","username":"AdrianaVargasNY","link":"https://www.facebook.com/AdrianaVargasNY/videos/1298093833561395/","timeQuantum":4981473,"video":"https://video.xx.fbcdn.net/v/t42.1790-2/18409006_1311047858972530_4319515203055124480_n.mp4?efg=eyJybHIiOjUxNCwicmxhIjo1MTIsInZlbmNvZGVfdGFnIjoic3ZlX3NkIn0%3D&rl=514&vabr=286&oh=752034be2533db8dbf6b2bc2087bdaaa&oe=59152CDA","type":"video"},{"content":"Adriana Vargas's cover photo","profileString":"facebook_page.260996580604464","postURL":"https://facebook.com/260996580604464/posts/1298096010227844","avatar":"https://graph.facebook.com/260996580604464/picture","classification":{"engine":"aylien","language":"en","taxonomy":[{"score":"0.0851","confident":true,"links":[{"link":"https://api.aylien.com/api/v1/classify/taxonomy/iab-qag/IAB9","rel":"self"}],"id":"IAB9","label":"Hobbies & Interests"},{"score":"0.0601","confident":false,"links":[{"link":"https://api.aylien.com/api/v1/classify/taxonomy/iab-qag/IAB9-23","rel":"self"},{"link":"https://api.aylien.com/api/v1/classify/taxonomy/iab-qag/IAB9","rel":"parent"}],"id":"IAB9-23","label":"Photography"}]},"postidString":"facebook_page.260996580604464_1298096010227844","postMeta":{"inserted":"content-engine"},"timestamp":1494442181,"sharesRcvd":3,"likesRcvd":149,"source":"facebook_page","lastUpdateQuantum":4984307,"name":"Adriana Vargas","imageLarge":"https://scontent.xx.fbcdn.net/v/t1.0-9/s720x720/18447493_1298096010227844_6004363679775107596_n.jpg?oh=5ca2ce103bd103c9da112ccd538868c7&oe=59B3C2C7","objectID":"1298096010227844","repliesRcvd":8,"image":"https://scontent.xx.fbcdn.net/v/t1.0-0/s130x130/18447493_1298096010227844_6004363679775107596_n.jpg?oh=09fac4fd355d33603c53dca5575c70dc&oe=59794DD2","username":"AdrianaVargasNY","link":"https://www.facebook.com/AdrianaVargasNY/photos/a.364320023605452.75998.260996580604464/1298096010227844/?type=3","timeQuantum":4981473,"title":"Adriana Vargas's cover photo","type":"photo"},{"content":"Adriana Vargas's cover photo","profileString":"facebook_page.260996580604464","postURL":"https://facebook.com/260996580604464/posts/1299181530119292","avatar":"https://graph.facebook.com/260996580604464/picture","classification":{"engine":"aylien","language":"en","taxonomy":[{"score":"0.0851","confident":true,"links":[{"link":"https://api.aylien.com/api/v1/classify/taxonomy/iab-qag/IAB9","rel":"self"}],"id":"IAB9","label":"Hobbies & Interests"},{"score":"0.0601","confident":false,"links":[{"link":"https://api.aylien.com/api/v1/classify/taxonomy/iab-qag/IAB9-23","rel":"self"},{"link":"https://api.aylien.com/api/v1/classify/taxonomy/iab-qag/IAB9","rel":"parent"}],"id":"IAB9-23","label":"Photography"}]},"postidString":"facebook_page.260996580604464_1299181530119292","postMeta":{"inserted":"content-engine"},"timestamp":1494540718,"sharesRcvd":1,"likesRcvd":82,"source":"facebook_page","lastUpdateQuantum":4981859,"name":"Adriana Vargas","imageLarge":"https://scontent.xx.fbcdn.net/v/t1.0-9/s720x720/18423940_1299181530119292_8263408160556907744_n.jpg?oh=ea9cb1227959eb9532dd0a5ffc3adb7f&oe=59780484","objectID":"1299181530119292","repliesRcvd":4,"image":"https://scontent.xx.fbcdn.net/v/t1.0-0/s130x130/18423940_1299181530119292_8263408160556907744_n.jpg?oh=6f77817960b686be8a54f1da110beee7&oe=59AB6491","username":"AdrianaVargasNY","link":"https://www.facebook.com/AdrianaVargasNY/photos/a.364320023605452.75998.260996580604464/1299181530119292/?type=3","timeQuantum":4981802,"title":"Adriana Vargas's cover photo","type":"photo"},{"content":"Hoy en el Univision Upfront con las nuevas apuestas para esta temporada. Equipo UnivisionNY presente!  Aquí algunos momentos de la jornada...","profileString":"facebook_page.260996580604464","postURL":"https://facebook.com/260996580604464/posts/1303379003032878","avatar":"https://graph.facebook.com/260996580604464/picture","classification":{"engine":"aylien","language":"en","taxonomy":[{"score":"0.0987","confident":true,"links":[{"link":"https://api.aylien.com/api/v1/classify/taxonomy/iab-qag/IAB20-21","rel":"self"},{"link":"https://api.aylien.com/api/v1/classify/taxonomy/iab-qag/IAB20","rel":"parent"}],"id":"IAB20-21","label":"Mexico & Central America"},{"score":"0.0710","confident":false,"links":[{"link":"https://api.aylien.com/api/v1/classify/taxonomy/iab-qag/IAB9","rel":"self"}],"id":"IAB9","label":"Hobbies & Interests"},{"score":"0.0570","confident":false,"links":[{"link":"https://api.aylien.com/api/v1/classify/taxonomy/iab-qag/IAB20","rel":"self"}],"id":"IAB20","label":"Travel"},{"score":"0.0530","confident":false,"links":[{"link":"https://api.aylien.com/api/v1/classify/taxonomy/iab-qag/IAB9-23","rel":"self"},{"link":"https://api.aylien.com/api/v1/classify/taxonomy/iab-qag/IAB9","rel":"parent"}],"id":"IAB9-23","label":"Photography"}]},"postidString":"facebook_page.260996580604464_1303377466366365","postMeta":{"inserted":"content-engine"},"timestamp":1494963070,"sharesRcvd":4,"likesRcvd":272,"source":"facebook_page","lastUpdateQuantum":4984415,"name":"Adriana Vargas","imageLarge":"https://scontent.xx.fbcdn.net/v/t1.0-0/p180x540/18519573_1303377466366365_8468521547868264017_n.jpg?oh=97052f8cd5fdf3d273be7af25754c388&oe=59B0DDBA","originalID":"260996580604464_1303379003032878","objectID":"1303377466366365","repliesRcvd":18,"image":"https://scontent.xx.fbcdn.net/v/t1.0-0/s130x130/18519573_1303377466366365_8468521547868264017_n.jpg?oh=8b912fa25b7d087f561236b1930e4902&oe=59ADB1C6","username":"AdrianaVargasNY","link":"https://www.facebook.com/AdrianaVargasNY/photos/a.558625184174934.1073741825.260996580604464/1303377466366365/?type=3","timeQuantum":4983210,"title":"Photos from Adriana Vargas's post","type":"photo"},{"content":"Recomendado: Semana en Revisión\n\nhttps://www.facebook.com/univisionny/videos/10155264388292482/","profileString":"facebook_page.260996580604464","postURL":"https://facebook.com/260996580604464/posts/1305901079447337","avatar":"https://graph.facebook.com/260996580604464/picture","classification":{"engine":"aylien","language":"en","taxonomy":[{"score":"0.0705","confident":false,"links":[{"link":"https://api.aylien.com/api/v1/classify/taxonomy/iab-qag/IAB9","rel":"self"}],"id":"IAB9","label":"Hobbies & Interests"},{"score":"0.0549","confident":false,"links":[{"link":"https://api.aylien.com/api/v1/classify/taxonomy/iab-qag/IAB9-28","rel":"self"},{"link":"https://api.aylien.com/api/v1/classify/taxonomy/iab-qag/IAB9","rel":"parent"}],"id":"IAB9-28","label":"Screenwriting"}]},"postidString":"facebook_page.260996580604464_1305901079447337","postMeta":{"inserted":"content-engine"},"timestamp":1495205965,"sharesRcvd":0,"likesRcvd":12,"source":"facebook_page","lastUpdateQuantum":4984415,"name":"Adriana Vargas","imageLarge":"https://scontent.xx.fbcdn.net/v/t15.0-10/s720x720/18619107_10155264510707482_4859254629222842368_n.jpg?oh=1d13541a03595b13713159e5475a9c23&oe=59A5BDF8","repliesRcvd":0,"image":"https://scontent.xx.fbcdn.net/v/t15.0-10/s130x130/18619107_10155264510707482_4859254629222842368_n.jpg?oh=12e1444cc33974243f35b3fcc4089dec&oe=5975E50A","username":"AdrianaVargasNY","link":"https://www.facebook.com/univisionny/videos/10155264388292482/","timeQuantum":4984019,"video":"https://scontent.xx.fbcdn.net/v/t42.9040-29/10000000_702816536592172_5551812084158693376_n.mp4?efg=eyJybHIiOjg0NiwicmxhIjo0MDk2LCJ2ZW5jb2RlX3RhZyI6InNkIn0%3D&rl=846&vabr=470&oh=7f33ee8e26aa7e34b1189d45af41cd51&oe=5920EC30","title":"Univision Nueva York","type":"video"}]