[{"content":"This story really touched me. Mano, the Upper East Side Deli manager, lived a life so full of love and compassion. So sad that a taxi making a left hand turn ended it all.","profileString":"facebook_page.234472229907174","postURL":"https://facebook.com/234472229907174/posts/1426226324065086","avatar":"https://graph.facebook.com/234472229907174/picture","classification":{"engine":"aylien","language":"en","taxonomy":[{"score":"0.2020","confident":false,"links":[{"link":"https://api.aylien.com/api/v1/classify/taxonomy/iab-qag/IAB14-7","rel":"self"},{"link":"https://api.aylien.com/api/v1/classify/taxonomy/iab-qag/IAB14","rel":"parent"}],"id":"IAB14-7","label":"Weddings"},{"score":"0.1419","confident":true,"links":[{"link":"https://api.aylien.com/api/v1/classify/taxonomy/iab-qag/IAB2-4","rel":"self"},{"link":"https://api.aylien.com/api/v1/classify/taxonomy/iab-qag/IAB2","rel":"parent"}],"id":"IAB2-4","label":"Car Culture"},{"score":"0.0849","confident":true,"links":[{"link":"https://api.aylien.com/api/v1/classify/taxonomy/iab-qag/IAB2","rel":"self"}],"id":"IAB2","label":"Automotive"},{"score":"0.0775","confident":true,"links":[{"link":"https://api.aylien.com/api/v1/classify/taxonomy/iab-qag/IAB14","rel":"self"}],"id":"IAB14","label":"Society"}]},"postidString":"facebook_page.234472229907174_1426226324065086","postMeta":{"inserted":"content-engine"},"timestamp":1493125562,"sharesRcvd":3,"likesRcvd":36,"source":"facebook_page","lastUpdateQuantum":4984049,"name":"Magee Hickey","imageLarge":"https://external.xx.fbcdn.net/safe_image.php?d=AQBl4HZQOtknC4pl&url=http%3A%2F%2Ftribwpix.files.wordpress.com%2F2017%2F04%2Fmano.jpeg%3Fquality%3D85%26strip%3Dall%26w%3D1200&_nc_hash=AQDNMIWQWXrEsjYw","repliesRcvd":11,"image":"https://external.xx.fbcdn.net/safe_image.php?d=AQBPtHUkT7798Jbo&w=130&h=130&url=http%3A%2F%2Ftribwpix.files.wordpress.com%2F2017%2F04%2Fmano.jpeg%3Fquality%3D85%26strip%3Dall%26w%3D1200&cfs=1&sx=296&sy=0&sw=675&sh=675&_nc_hash=AQCMA5HgmC6kfQli","username":"mageehickey","link":"http://via.pix11.com/0NP6K","timeQuantum":4977085,"title":"Beloved Yorkville deli manager fatally struck by taxi","type":"link"},{"content":"This great group is changing lives every day. Project Sunshine is a group of 15,000 adult volunteers who visit sick children in hospitals around the world and that's why the Empire State Building is yellow tonight! The Project Sunshine gala is Thursday at Cipriani 42nd Street and thank you Meredith Vieira!(third from left!) for adding that celebrity sparkle!","profileString":"facebook_page.234472229907174","postURL":"https://facebook.com/234472229907174/posts/1426740490680336","avatar":"https://graph.facebook.com/234472229907174/picture","classification":{"engine":"aylien","language":"en","taxonomy":[{"score":"0.4758","links":[{"rel":"self","link":"https://api.aylien.com/api/v1/classify/taxonomy/iab-qag/IAB21-1"},{"rel":"parent","link":"https://api.aylien.com/api/v1/classify/taxonomy/iab-qag/IAB21"}],"label":"Apartments","id":"IAB21-1","confident":false},{"score":"0.2431","links":[{"rel":"self","link":"https://api.aylien.com/api/v1/classify/taxonomy/iab-qag/IAB10-4"},{"rel":"parent","link":"https://api.aylien.com/api/v1/classify/taxonomy/iab-qag/IAB10"}],"label":"Gardening","id":"IAB10-4","confident":false},{"score":"0.2249","links":[{"rel":"self","link":"https://api.aylien.com/api/v1/classify/taxonomy/iab-qag/IAB6-6"},{"rel":"parent","link":"https://api.aylien.com/api/v1/classify/taxonomy/iab-qag/IAB6"}],"label":"Parenting teens","id":"IAB6-6","confident":false},{"score":"0.1816","links":[{"rel":"self","link":"https://api.aylien.com/api/v1/classify/taxonomy/iab-qag/IAB25-3"},{"rel":"parent","link":"https://api.aylien.com/api/v1/classify/taxonomy/iab-qag/IAB25"}],"label":"Pornography","id":"IAB25-3","confident":false},{"score":"0.0609","links":[{"rel":"self","link":"https://api.aylien.com/api/v1/classify/taxonomy/iab-qag/IAB21"}],"label":"Real Estate","id":"IAB21","confident":false},{"score":"0.0579","links":[{"rel":"self","link":"https://api.aylien.com/api/v1/classify/taxonomy/iab-qag/IAB25"}],"label":"Non-Standard Content","id":"IAB25","confident":false},{"score":"0.0566","links":[{"rel":"self","link":"https://api.aylien.com/api/v1/classify/taxonomy/iab-qag/IAB6"}],"label":"Family & Parenting","id":"IAB6","confident":false},{"score":"0.0539","links":[{"rel":"self","link":"https://api.aylien.com/api/v1/classify/taxonomy/iab-qag/IAB10"}],"label":"Home & Garden","id":"IAB10","confident":false}]},"postidString":"facebook_page.234472229907174_1426740490680336","postMeta":{"inserted":"content-engine"},"timestamp":1493173941,"sharesRcvd":0,"likesRcvd":21,"source":"facebook_page","lastUpdateQuantum":4984049,"name":"Magee Hickey","imageLarge":"https://scontent.xx.fbcdn.net/v/t1.0-9/p720x720/18010020_1426740490680336_6601716447159174384_n.jpg?oh=07f09bc688b37b6b736014265ecc5c4d&oe=597EEB54","objectID":"1426740490680336","repliesRcvd":1,"image":"https://scontent.xx.fbcdn.net/v/t1.0-0/p130x130/18010020_1426740490680336_6601716447159174384_n.jpg?oh=4c5633f37ea4b27c4348eea79fb97a62&oe=59796041","username":"mageehickey","link":"https://www.facebook.com/mageehickey/photos/a.1009203692434020.1073741828.234472229907174/1426740490680336/?type=3","timeQuantum":4977246,"type":"photo","title":"Timeline Photos"},{"content":"Fabulous new documentary on Netflix called Casting Jonbenet. 32-year-old Australian director Kitty Green with a fresh, so original take on the World's most sensational, unsolved child murder case. (Lower left) And the ever wonderful Kristen Shaughnessy of NY1 joining me at the great opening night party!","profileString":"facebook_page.234472229907174","postURL":"https://facebook.com/234472229907174/posts/1427692947251757","avatar":"https://graph.facebook.com/234472229907174/picture","classification":{"engine":"aylien","language":"en","taxonomy":[{"score":"0.2111","links":[{"rel":"self","link":"https://api.aylien.com/api/v1/classify/taxonomy/iab-qag/IAB25-3"},{"rel":"parent","link":"https://api.aylien.com/api/v1/classify/taxonomy/iab-qag/IAB25"}],"label":"Pornography","id":"IAB25-3","confident":false},{"score":"0.1808","links":[{"rel":"self","link":"https://api.aylien.com/api/v1/classify/taxonomy/iab-qag/IAB1-2"},{"rel":"parent","link":"https://api.aylien.com/api/v1/classify/taxonomy/iab-qag/IAB1"}],"label":"Celebrity Fan/Gossip","id":"IAB1-2","confident":false},{"score":"0.1101","links":[{"rel":"self","link":"https://api.aylien.com/api/v1/classify/taxonomy/iab-qag/IAB8-11"},{"rel":"parent","link":"https://api.aylien.com/api/v1/classify/taxonomy/iab-qag/IAB8"}],"label":"French Cuisine","id":"IAB8-11","confident":false},{"score":"0.0745","links":[{"rel":"self","link":"https://api.aylien.com/api/v1/classify/taxonomy/iab-qag/IAB1"}],"label":"Arts & Entertainment","id":"IAB1","confident":false},{"score":"0.0621","links":[{"rel":"self","link":"https://api.aylien.com/api/v1/classify/taxonomy/iab-qag/IAB25"}],"label":"Non-Standard Content","id":"IAB25","confident":false},{"score":"0.0606","links":[{"rel":"self","link":"https://api.aylien.com/api/v1/classify/taxonomy/iab-qag/IAB8"}],"label":"Food & Drink","id":"IAB8","confident":false}]},"postidString":"facebook_page.234472229907174_1427692947251757","postMeta":{"inserted":"content-engine"},"timestamp":1493264674,"sharesRcvd":0,"likesRcvd":5,"source":"facebook_page","lastUpdateQuantum":4984049,"name":"Magee Hickey","imageLarge":"https://scontent.xx.fbcdn.net/v/t1.0-9/p720x720/18157317_1427692947251757_7384064440093071624_n.jpg?oh=aefb5e8725503fa4b64f803e91a64d8b&oe=5978E665","objectID":"1427692947251757","repliesRcvd":0,"image":"https://scontent.xx.fbcdn.net/v/t1.0-0/p130x130/18157317_1427692947251757_7384064440093071624_n.jpg?oh=735a38933726131e5fdb9b5babff6d64&oe=59772A70","username":"mageehickey","link":"https://www.facebook.com/mageehickey/photos/a.1009203692434020.1073741828.234472229907174/1427692947251757/?type=3","timeQuantum":4977548,"type":"photo","title":"Timeline Photos"},{"content":"Fabulous Project Sunshine gala. The gang from Sesame Street, Jacquie Lee from The Voice and the wonderful PIX11 anchor team all coming together to help raise money for adult volunteers to visit sick children in hospitals around the world.","profileString":"facebook_page.234472229907174","postURL":"https://facebook.com/234472229907174/posts/1428622057158846","avatar":"https://graph.facebook.com/234472229907174/picture","classification":{"engine":"aylien","language":"en","taxonomy":[{"score":"0.2136","confident":false,"links":[{"link":"https://api.aylien.com/api/v1/classify/taxonomy/iab-qag/IAB6-6","rel":"self"},{"link":"https://api.aylien.com/api/v1/classify/taxonomy/iab-qag/IAB6","rel":"parent"}],"id":"IAB6-6","label":"Parenting teens"},{"score":"0.0732","confident":false,"links":[{"link":"https://api.aylien.com/api/v1/classify/taxonomy/iab-qag/IAB6","rel":"self"}],"id":"IAB6","label":"Family & Parenting"}]},"postidString":"facebook_page.234472229907174_1428622057158846","postMeta":{"inserted":"content-engine"},"timestamp":1493353562,"sharesRcvd":0,"likesRcvd":16,"source":"facebook_page","lastUpdateQuantum":4984049,"name":"Magee Hickey","imageLarge":"https://scontent.xx.fbcdn.net/v/t1.0-9/p720x720/18118548_1428622057158846_6971206636925138485_n.jpg?oh=d3e0645c03ae211a2c38792a8f6ee1fa&oe=598A05AB","objectID":"1428622057158846","repliesRcvd":3,"image":"https://scontent.xx.fbcdn.net/v/t1.0-0/p130x130/18118548_1428622057158846_6971206636925138485_n.jpg?oh=331712a218840004ad35dd71dd5154ac&oe=59BF00BE","username":"mageehickey","link":"https://www.facebook.com/mageehickey/photos/a.1009203692434020.1073741828.234472229907174/1428622057158846/?type=3","timeQuantum":4977845,"title":"Timeline Photos","type":"photo"},{"content":"Congratulations, Patti Kenner, for your lifetime of service award from Educational Alliance. You do so much for so many that I am proud to call you my good friend.","profileString":"facebook_page.234472229907174","postURL":"https://facebook.com/234472229907174/posts/1439250762762642","avatar":"https://graph.facebook.com/234472229907174/picture","classification":{"engine":"aylien","language":"en","taxonomy":[{"score":"0.0763","confident":false,"links":[{"link":"https://api.aylien.com/api/v1/classify/taxonomy/iab-qag/IAB9","rel":"self"}],"id":"IAB9","label":"Hobbies & Interests"},{"score":"0.0547","confident":false,"links":[{"link":"https://api.aylien.com/api/v1/classify/taxonomy/iab-qag/IAB9-23","rel":"self"},{"link":"https://api.aylien.com/api/v1/classify/taxonomy/iab-qag/IAB9","rel":"parent"}],"id":"IAB9-23","label":"Photography"}]},"postidString":"facebook_page.234472229907174_1439250762762642","postMeta":{"inserted":"content-engine"},"timestamp":1494299133,"sharesRcvd":0,"likesRcvd":14,"source":"facebook_page","lastUpdateQuantum":4984085,"name":"Magee Hickey","imageLarge":"https://scontent.xx.fbcdn.net/v/t1.0-9/p720x720/18403425_1439250762762642_2209834751273312288_n.jpg?oh=6f0abb7dbb2ed5b35e435723305542df&oe=59B66AFC","objectID":"1439250762762642","repliesRcvd":1,"image":"https://scontent.xx.fbcdn.net/v/t1.0-0/p130x130/18403425_1439250762762642_2209834751273312288_n.jpg?oh=d4f4cd59d9764480dd12e2242b4bd311&oe=59B389E9","username":"mageehickey","link":"https://www.facebook.com/mageehickey/photos/a.1009203692434020.1073741828.234472229907174/1439250762762642/?type=3","timeQuantum":4980997,"title":"Timeline Photos","type":"photo"}]