[{"content":"ARIANA GRANDE RETURNS TO MANCHESTER SUNDAY:  The show is called #OneLoveManchester, and \nAriana Grande has a mega-star lineup for this Sunday fundraiser in Manchester, UK.  It's happening at Emirates Old Trafford Cricket Ground.  Justin Bieber, Coldplay, Miley Cyrus, Katy Perry and Pharrell Williams among the music superstars taking the stage to raise money for the Manchester Arena victims and survivors.","profileString":"facebook_page.1386551514902988","postURL":"https://facebook.com/1386551514902988/posts/1916494468575354","avatar":"https://graph.facebook.com/1386551514902988/picture","classification":{"engine":"aylien","language":"en","taxonomy":[{"score":"0.3098","confident":true,"links":[{"link":"https://api.aylien.com/api/v1/classify/taxonomy/iab-qag/IAB1-6","rel":"self"},{"link":"https://api.aylien.com/api/v1/classify/taxonomy/iab-qag/IAB1","rel":"parent"}],"id":"IAB1-6","label":"Music"},{"score":"0.0743","confident":false,"links":[{"link":"https://api.aylien.com/api/v1/classify/taxonomy/iab-qag/IAB1","rel":"self"}],"id":"IAB1","label":"Arts & Entertainment"},{"score":"0.0726","confident":false,"links":[{"link":"https://api.aylien.com/api/v1/classify/taxonomy/iab-qag/IAB17","rel":"self"}],"id":"IAB17","label":"Sports"},{"score":"0.0668","confident":false,"links":[{"link":"https://api.aylien.com/api/v1/classify/taxonomy/iab-qag/IAB9","rel":"self"}],"id":"IAB9","label":"Hobbies & Interests"},{"score":"0.0540","confident":false,"links":[{"link":"https://api.aylien.com/api/v1/classify/taxonomy/iab-qag/IAB9-19","rel":"self"},{"link":"https://api.aylien.com/api/v1/classify/taxonomy/iab-qag/IAB9","rel":"parent"}],"id":"IAB9-19","label":"Jewelry Making"},{"score":"0.0441","confident":false,"links":[{"link":"https://api.aylien.com/api/v1/classify/taxonomy/iab-qag/IAB17-9","rel":"self"},{"link":"https://api.aylien.com/api/v1/classify/taxonomy/iab-qag/IAB17","rel":"parent"}],"id":"IAB17-9","label":"Cricket"}]},"postidString":"facebook_page.1386551514902988_1916494468575354","postMeta":{"inserted":"content-engine"},"timestamp":1496190832,"sharesRcvd":1,"likesRcvd":6,"source":"facebook_page","lastUpdateQuantum":4995709,"name":"Mary Murphy Mystery","imageLarge":"https://scontent.xx.fbcdn.net/v/t15.0-10/s720x720/18868046_1916495795241888_2218529828779327488_n.jpg?oh=4d33b86dfb1dc2fb6f441eddc133a247&oe=59A156D7","objectID":"1916494468575354","repliesRcvd":0,"image":"https://scontent.xx.fbcdn.net/v/t15.0-10/s130x130/18868046_1916495795241888_2218529828779327488_n.jpg?oh=fccfee666f06d3c7bc2c0424e1e504f7&oe=59A548F5","username":"marymurphymystery","link":"https://www.facebook.com/marymurphymystery/videos/1916494468575354/","timeQuantum":4987302,"video":"https://video.xx.fbcdn.net/v/t42.1790-2/18845507_1948138362069591_4834145816618729472_n.mp4?efg=eyJybHIiOjUwMiwicmxhIjo1MTIsInZlbmNvZGVfdGFnIjoic3ZlX3NkIn0%3D&rl=502&vabr=279&oh=5081bc3acc14aaa90548ce4af89b8fbe&oe=59309628","type":"video"},{"content":"'ACID MAN' AT ATM:  The same guy has come up behind 2, different women at a #Citibank ATM (same East Side bank) demanding money--and threatening to throw acid in their faces, if they didn't come up with the cash. The first victim--22 years old--handed over the maximum withdrawal allowed, $1,000. In the second case, Monday May 29th, the 36 year old victim gave the guy $500.  The address is 1266 First Avenue, Manhattan.","profileString":"facebook_page.1386551514902988","postURL":"https://facebook.com/1386551514902988/posts/1916539828570818","avatar":"https://graph.facebook.com/1386551514902988/picture","classification":{"engine":"aylien","language":"en","taxonomy":[{"score":"0.2328","confident":false,"links":[{"link":"https://api.aylien.com/api/v1/classify/taxonomy/iab-qag/IAB25-3","rel":"self"},{"link":"https://api.aylien.com/api/v1/classify/taxonomy/iab-qag/IAB25","rel":"parent"}],"id":"IAB25-3","label":"Pornography"},{"score":"0.2078","confident":false,"links":[{"link":"https://api.aylien.com/api/v1/classify/taxonomy/iab-qag/IAB14-7","rel":"self"},{"link":"https://api.aylien.com/api/v1/classify/taxonomy/iab-qag/IAB14","rel":"parent"}],"id":"IAB14-7","label":"Weddings"},{"score":"0.0590","confident":false,"links":[{"link":"https://api.aylien.com/api/v1/classify/taxonomy/iab-qag/IAB17","rel":"self"}],"id":"IAB17","label":"Sports"},{"score":"0.0576","confident":false,"links":[{"link":"https://api.aylien.com/api/v1/classify/taxonomy/iab-qag/IAB25","rel":"self"}],"id":"IAB25","label":"Non-Standard Content"},{"score":"0.0538","confident":false,"links":[{"link":"https://api.aylien.com/api/v1/classify/taxonomy/iab-qag/IAB14","rel":"self"}],"id":"IAB14","label":"Society"},{"score":"0.0524","confident":false,"links":[{"link":"https://api.aylien.com/api/v1/classify/taxonomy/iab-qag/IAB9-21","rel":"self"},{"link":"https://api.aylien.com/api/v1/classify/taxonomy/iab-qag/IAB9","rel":"parent"}],"id":"IAB9-21","label":"Needlework"},{"score":"0.0524","confident":false,"links":[{"link":"https://api.aylien.com/api/v1/classify/taxonomy/iab-qag/IAB9","rel":"self"}],"id":"IAB9","label":"Hobbies & Interests"},{"score":"0.0392","confident":false,"links":[{"link":"https://api.aylien.com/api/v1/classify/taxonomy/iab-qag/IAB17-42","rel":"self"},{"link":"https://api.aylien.com/api/v1/classify/taxonomy/iab-qag/IAB17","rel":"parent"}],"id":"IAB17-42","label":"Walking"}]},"postidString":"facebook_page.1386551514902988_1916539828570818","postMeta":{"inserted":"content-engine"},"timestamp":1496200416,"sharesRcvd":3,"likesRcvd":2,"source":"facebook_page","lastUpdateQuantum":4995709,"name":"Mary Murphy Mystery","imageLarge":"https://scontent.xx.fbcdn.net/v/t15.0-10/s720x720/18895013_1916540651904069_7619315138935390208_n.jpg?oh=becb43cd3ba4190fc842d1ab0d601f41&oe=59E778C4","objectID":"1916539828570818","repliesRcvd":2,"image":"https://scontent.xx.fbcdn.net/v/t15.0-10/s130x130/18895013_1916540651904069_7619315138935390208_n.jpg?oh=0820e05611b621ffe5be996a2ab8ac10&oe=59A26CE6","username":"marymurphymystery","link":"https://www.facebook.com/marymurphymystery/videos/1916539828570818/","timeQuantum":4987334,"video":"https://video.xx.fbcdn.net/v/t42.1790-2/18831437_1913073238972357_7046200161860583424_n.mp4?efg=eyJybHIiOjMwMiwicmxhIjo1MTIsInZlbmNvZGVfdGFnIjoic3ZlX3NkIn0%3D&rl=302&vabr=168&oh=ab382ca6490f20b2c74797390699dbaa&oe=59307363","type":"video"},{"content":"We at PIX 11 will be covering the funeral for retired FDNY Firefighter, Ray Pfeifer, on Friday.  Emmy-winning entertainer, Jon Stewart, will deliver one of the eulogies.  But Pfeifer won't get his dying wish.  The attached story explains why.","profileString":"facebook_page.1386551514902988","postURL":"https://facebook.com/1386551514902988/posts/1917433741814760","avatar":"https://graph.facebook.com/1386551514902988/picture","classification":{"engine":"aylien","language":"en","taxonomy":[{"score":"0.3181","confident":true,"links":[{"link":"https://api.aylien.com/api/v1/classify/taxonomy/iab-qag/IAB23-4","rel":"self"},{"link":"https://api.aylien.com/api/v1/classify/taxonomy/iab-qag/IAB23","rel":"parent"}],"id":"IAB23-4","label":"Catholicism"},{"score":"0.2731","confident":false,"links":[{"link":"https://api.aylien.com/api/v1/classify/taxonomy/iab-qag/IAB6-6","rel":"self"},{"link":"https://api.aylien.com/api/v1/classify/taxonomy/iab-qag/IAB6","rel":"parent"}],"id":"IAB6-6","label":"Parenting teens"},{"score":"0.0763","confident":false,"links":[{"link":"https://api.aylien.com/api/v1/classify/taxonomy/iab-qag/IAB6","rel":"self"}],"id":"IAB6","label":"Family & Parenting"},{"score":"0.0763","confident":false,"links":[{"link":"https://api.aylien.com/api/v1/classify/taxonomy/iab-qag/IAB23","rel":"self"}],"id":"IAB23","label":"Religion & Spirituality"}]},"postidString":"facebook_page.1386551514902988_1917433741814760","postMeta":{"inserted":"content-engine"},"timestamp":1496341134,"sharesRcvd":0,"likesRcvd":15,"source":"facebook_page","lastUpdateQuantum":4988995,"name":"Mary Murphy Mystery","imageLarge":"https://external.xx.fbcdn.net/safe_image.php?d=AQB-1o--Ys8O4z0Q&url=http%3A%2F%2Ftribwpix.files.wordpress.com%2F2017%2F05%2Fraypfeifer.jpg%3Fquality%3D85%26strip%3Dall%26w%3D1200&_nc_hash=AQChaVWmg9MuWPko","repliesRcvd":2,"image":"https://external.xx.fbcdn.net/safe_image.php?d=AQDgTZBPLxQZX-SF&w=130&h=130&url=http%3A%2F%2Ftribwpix.files.wordpress.com%2F2017%2F05%2Fraypfeifer.jpg%3Fquality%3D85%26strip%3Dall%26w%3D1200&cfs=1&sx=276&sy=0&sw=675&sh=675&_nc_hash=AQBgMQMwgAg5FPlT","username":"marymurphymystery","link":"http://pix11.com/2017/06/01/ray-pfeifer-hero-for-sick-911-firefighters-will-get-honorable-send-off-but-not-his-last-wish/","timeQuantum":4987803,"title":"Ray Pfeifer, hero for sick 9/11 firefighters, will get honorable send-off but not his last wish","type":"link"},{"content":"JON STEWART GIVES TEARFUL EULOGY FOR FDNY'S Ray Pfeifer, who became the face of sick, 9/11 first responders.  Hope you can take two minutes to watch this moving report.","profileString":"facebook_page.1386551514902988","postURL":"https://facebook.com/1386551514902988/posts/1917959418428859","avatar":"https://graph.facebook.com/1386551514902988/picture","classification":{"engine":"aylien","language":"en","taxonomy":[{"score":"0.2296","confident":false,"links":[{"link":"https://api.aylien.com/api/v1/classify/taxonomy/iab-qag/IAB1-4","rel":"self"},{"link":"https://api.aylien.com/api/v1/classify/taxonomy/iab-qag/IAB1","rel":"parent"}],"id":"IAB1-4","label":"Humor"},{"score":"0.2005","confident":false,"links":[{"link":"https://api.aylien.com/api/v1/classify/taxonomy/iab-qag/IAB10-5","rel":"self"},{"link":"https://api.aylien.com/api/v1/classify/taxonomy/iab-qag/IAB10","rel":"parent"}],"id":"IAB10-5","label":"Home Repair"},{"score":"0.1901","confident":false,"links":[{"link":"https://api.aylien.com/api/v1/classify/taxonomy/iab-qag/IAB25-2","rel":"self"},{"link":"https://api.aylien.com/api/v1/classify/taxonomy/iab-qag/IAB25","rel":"parent"}],"id":"IAB25-2","label":"Extreme Graphic/Explicit Violence"},{"score":"0.1758","confident":false,"links":[{"link":"https://api.aylien.com/api/v1/classify/taxonomy/iab-qag/IAB16-4","rel":"self"},{"link":"https://api.aylien.com/api/v1/classify/taxonomy/iab-qag/IAB16","rel":"parent"}],"id":"IAB16-4","label":"Dogs"},{"score":"0.0559","confident":false,"links":[{"link":"https://api.aylien.com/api/v1/classify/taxonomy/iab-qag/IAB9","rel":"self"}],"id":"IAB9","label":"Hobbies & Interests"},{"score":"0.0503","confident":false,"links":[{"link":"https://api.aylien.com/api/v1/classify/taxonomy/iab-qag/IAB17","rel":"self"}],"id":"IAB17","label":"Sports"},{"score":"0.0499","confident":false,"links":[{"link":"https://api.aylien.com/api/v1/classify/taxonomy/iab-qag/IAB1","rel":"self"}],"id":"IAB1","label":"Arts & Entertainment"},{"score":"0.0484","confident":false,"links":[{"link":"https://api.aylien.com/api/v1/classify/taxonomy/iab-qag/IAB25","rel":"self"}],"id":"IAB25","label":"Non-Standard Content"},{"score":"0.0474","confident":false,"links":[{"link":"https://api.aylien.com/api/v1/classify/taxonomy/iab-qag/IAB16","rel":"self"}],"id":"IAB16","label":"Pets"},{"score":"0.0473","confident":false,"links":[{"link":"https://api.aylien.com/api/v1/classify/taxonomy/iab-qag/IAB9-4","rel":"self"},{"link":"https://api.aylien.com/api/v1/classify/taxonomy/iab-qag/IAB9","rel":"parent"}],"id":"IAB9-4","label":"Birdwatching"},{"score":"0.0455","confident":false,"links":[{"link":"https://api.aylien.com/api/v1/classify/taxonomy/iab-qag/IAB10","rel":"self"}],"id":"IAB10","label":"Home & Garden"},{"score":"0.0416","confident":false,"links":[{"link":"https://api.aylien.com/api/v1/classify/taxonomy/iab-qag/IAB17-24","rel":"self"},{"link":"https://api.aylien.com/api/v1/classify/taxonomy/iab-qag/IAB17","rel":"parent"}],"id":"IAB17-24","label":"Paintball"}]},"postidString":"facebook_page.1386551514902988_1917959418428859","postMeta":{"inserted":"content-engine"},"timestamp":1496440846,"sharesRcvd":20,"likesRcvd":57,"source":"facebook_page","lastUpdateQuantum":4992937,"name":"Mary Murphy Mystery","imageLarge":"https://scontent.xx.fbcdn.net/v/t15.0-10/s720x720/18930921_1917961665095301_4328790313779855360_n.jpg?oh=f074389dac32826b128f599b94dcd0b5&oe=599EEB8E","objectID":"1917959418428859","repliesRcvd":6,"image":"https://scontent.xx.fbcdn.net/v/t15.0-10/s130x130/18930921_1917961665095301_4328790313779855360_n.jpg?oh=6b6eef3647c87bb50abc814da85b9c79&oe=59B5B5AC","username":"marymurphymystery","link":"https://www.facebook.com/marymurphymystery/videos/1917959418428859/","timeQuantum":4988136,"video":"https://video.xx.fbcdn.net/v/t42.1790-2/18887570_801312126696002_6039917525163048960_n.mp4?efg=eyJybHIiOjUwMCwicmxhIjo2MzMsInZlbmNvZGVfdGFnIjoic3ZlX3NkIn0%3D&rl=500&vabr=278&oh=63716a91b5f151aa9e4162fd2d0374c8&oe=59340BA7","type":"video"},{"content":"TWO DEAD TERRORISTS....","profileString":"facebook_page.1386551514902988","postURL":"https://facebook.com/1386551514902988/posts/1919662664925201","avatar":"https://graph.facebook.com/1386551514902988/picture","classification":{"engine":"aylien","language":"en","taxonomy":[{"score":"0.2810","confident":false,"links":[{"link":"https://api.aylien.com/api/v1/classify/taxonomy/iab-qag/IAB14-6","rel":"self"},{"link":"https://api.aylien.com/api/v1/classify/taxonomy/iab-qag/IAB14","rel":"parent"}],"id":"IAB14-6","label":"Teens"},{"score":"0.0953","confident":true,"links":[{"link":"https://api.aylien.com/api/v1/classify/taxonomy/iab-qag/IAB14","rel":"self"}],"id":"IAB14","label":"Society"}]},"postidString":"facebook_page.1386551514902988_1919662664925201","postMeta":{"inserted":"content-engine"},"timestamp":1496700029,"sharesRcvd":0,"likesRcvd":6,"source":"facebook_page","lastUpdateQuantum":4995709,"name":"Mary Murphy Mystery","imageLarge":"https://external.xx.fbcdn.net/safe_image.php?d=AQBopmBvPyG09GZz&url=http%3A%2F%2Ftribwpix.files.wordpress.com%2F2017%2F06%2Flondon-attackers.png&_nc_hash=AQDEZ8D2vNUK5Kg9","repliesRcvd":1,"image":"https://external.xx.fbcdn.net/safe_image.php?d=AQCbwOWzCg-wIk-G&w=130&h=130&url=http%3A%2F%2Ftribwpix.files.wordpress.com%2F2017%2F06%2Flondon-attackers.png&cfs=1&_nc_hash=AQAiWEG8rt_QUw8u","username":"marymurphymystery","link":"http://pix11.com/2017/06/05/london-bridge-attack-2-of-3-killers-identified/","timeQuantum":4989000,"title":"London Bridge attack: 2 of 3 killers identified","type":"link"},{"content":"BRIDE-TO-BE among the dead victims of Saturday's London Bridge terror attack....","profileString":"facebook_page.1386551514902988","postURL":"https://facebook.com/1386551514902988/posts/1919677188257082","avatar":"https://graph.facebook.com/1386551514902988/picture","classification":{"engine":"aylien","language":"en","taxonomy":[{"score":"0.4439","confident":false,"links":[{"link":"https://api.aylien.com/api/v1/classify/taxonomy/iab-qag/IAB12-3","rel":"self"},{"link":"https://api.aylien.com/api/v1/classify/taxonomy/iab-qag/IAB12","rel":"parent"}],"id":"IAB12-3","label":"Local News"},{"score":"0.2163","confident":true,"links":[{"link":"https://api.aylien.com/api/v1/classify/taxonomy/iab-qag/IAB20-15","rel":"self"},{"link":"https://api.aylien.com/api/v1/classify/taxonomy/iab-qag/IAB20","rel":"parent"}],"id":"IAB20-15","label":"France"},{"score":"0.1065","confident":true,"links":[{"link":"https://api.aylien.com/api/v1/classify/taxonomy/iab-qag/IAB20","rel":"self"}],"id":"IAB20","label":"Travel"},{"score":"0.0999","confident":true,"links":[{"link":"https://api.aylien.com/api/v1/classify/taxonomy/iab-qag/IAB12","rel":"self"}],"id":"IAB12","label":"News"}]},"postidString":"facebook_page.1386551514902988_1919677188257082","postMeta":{"inserted":"content-engine"},"timestamp":1496703272,"sharesRcvd":2,"likesRcvd":10,"source":"facebook_page","lastUpdateQuantum":4995709,"name":"Mary Murphy Mystery","imageLarge":"https://external.xx.fbcdn.net/safe_image.php?d=AQDfdPkUTNu0TtZC&url=http%3A%2F%2Ftribwpix.files.wordpress.com%2F2017%2F06%2Fgettyimages-692161228.jpg%3Fquality%3D85%26strip%3Dall%26w%3D1200&_nc_hash=AQAWZrb4p8GQzOBs","repliesRcvd":0,"image":"https://external.xx.fbcdn.net/safe_image.php?d=AQCsVsxtPI6zijw_&w=130&h=130&url=http%3A%2F%2Ftribwpix.files.wordpress.com%2F2017%2F06%2Fgettyimages-692161228.jpg%3Fquality%3D85%26strip%3Dall%26w%3D1200&cfs=1&_nc_hash=AQBD99NmwPsmFtdk","username":"marymurphymystery","link":"http://pix11.com/2017/06/05/london-attack-what-we-know-about-the-victims/","timeQuantum":4989010,"title":"London attack: What we know about the victims","type":"link"},{"content":"Now, we know who all 3 were....","profileString":"facebook_page.1386551514902988","postURL":"https://facebook.com/1386551514902988/posts/1920059124885555","avatar":"https://graph.facebook.com/1386551514902988/picture","classification":{"engine":"aylien","language":"en","taxonomy":[{"score":"0.3906","confident":false,"links":[{"link":"https://api.aylien.com/api/v1/classify/taxonomy/iab-qag/IAB11-3","rel":"self"},{"link":"https://api.aylien.com/api/v1/classify/taxonomy/iab-qag/IAB11","rel":"parent"}],"id":"IAB11-3","label":"U.S. Government Resources"},{"score":"0.1900","confident":true,"links":[{"link":"https://api.aylien.com/api/v1/classify/taxonomy/iab-qag/IAB11","rel":"self"}],"id":"IAB11","label":"Law, Gov’t & Politics"}]},"postidString":"facebook_page.1386551514902988_1920059124885555","postMeta":{"inserted":"content-engine"},"timestamp":1496772380,"sharesRcvd":0,"likesRcvd":3,"source":"facebook_page","lastUpdateQuantum":4995709,"name":"Mary Murphy Mystery","imageLarge":"https://external.xx.fbcdn.net/safe_image.php?d=AQCu11nv014c1ule&url=http%3A%2F%2Ftribwpix.files.wordpress.com%2F2017%2F06%2Flondon-attackers.jpg%3Fquality%3D85%26strip%3Dall%26w%3D1200&_nc_hash=AQDORmZu40rtftvq","repliesRcvd":0,"image":"https://external.xx.fbcdn.net/safe_image.php?d=AQAwGffuYgndmKRK&w=130&h=130&url=http%3A%2F%2Ftribwpix.files.wordpress.com%2F2017%2F06%2Flondon-attackers.jpg%3Fquality%3D85%26strip%3Dall%26w%3D1200&cfs=1&_nc_hash=AQDwjFJndAj1v0Yu","username":"marymurphymystery","link":"http://pix11.com/2017/06/06/third-suspect-in-deadly-london-bridge-attack-is-idd/","timeQuantum":4989241,"title":"Third suspect in deadly London bridge attack is ID’d","type":"link"},{"content":"5 YEAR OLD SHOT IN HEAD...ON BIRTHDAY!\nThe little boy is adorable; Jaheen Hunter was walking out of a Bronx apartment building Monday, after celebrating his 5th birthday with his father. A stray bullet hit him. On Tuesday, U.S. Marshals arrested Michael \"White Boy\" Quiles. ****One piece of good news: We're hearing the bullet lodged in Jaheen's skull and did not cause brain damage.","profileString":"facebook_page.1386551514902988","postURL":"https://facebook.com/1386551514902988/posts/1920108724880595","avatar":"https://graph.facebook.com/1386551514902988/picture","classification":{"engine":"aylien","language":"en","taxonomy":[{"score":"0.4818","confident":false,"links":[{"link":"https://api.aylien.com/api/v1/classify/taxonomy/iab-qag/IAB21-1","rel":"self"},{"link":"https://api.aylien.com/api/v1/classify/taxonomy/iab-qag/IAB21","rel":"parent"}],"id":"IAB21-1","label":"Apartments"},{"score":"0.4202","confident":false,"links":[{"link":"https://api.aylien.com/api/v1/classify/taxonomy/iab-qag/IAB12-3","rel":"self"},{"link":"https://api.aylien.com/api/v1/classify/taxonomy/iab-qag/IAB12","rel":"parent"}],"id":"IAB12-3","label":"Local News"},{"score":"0.0822","confident":true,"links":[{"link":"https://api.aylien.com/api/v1/classify/taxonomy/iab-qag/IAB12","rel":"self"}],"id":"IAB12","label":"News"},{"score":"0.0729","confident":false,"links":[{"link":"https://api.aylien.com/api/v1/classify/taxonomy/iab-qag/IAB21","rel":"self"}],"id":"IAB21","label":"Real Estate"}]},"postidString":"facebook_page.1386551514902988_1920108724880595","postMeta":{"inserted":"content-engine"},"timestamp":1496783149,"sharesRcvd":4,"likesRcvd":27,"source":"facebook_page","lastUpdateQuantum":4995709,"name":"Mary Murphy Mystery","imageLarge":"https://scontent.xx.fbcdn.net/v/t1.0-9/s720x720/18881950_1920108724880595_1593679440865988509_n.jpg?oh=9f1246e45500506ea4ed49d158470809&oe=59E5ABB7","objectID":"1920108724880595","repliesRcvd":15,"image":"https://scontent.xx.fbcdn.net/v/t1.0-0/s130x130/18881950_1920108724880595_1593679440865988509_n.jpg?oh=2b634e3dfa825c4fd2b0155f0098ec46&oe=59A24EA2","username":"marymurphymystery","link":"https://www.facebook.com/marymurphymystery/photos/a.1386695011555305.1073741833.1386551514902988/1920108724880595/?type=3","timeQuantum":4989277,"title":"Timeline Photos","type":"photo"},{"content":"HUSBAND OF NBC EXEC CHARGED WiTH KILLING THEIR 7 YEAR OLD DAUGHTER:\nThis is a heartbreaking story. Gabrielle White was just 7 years old. Her mother, Michelle Hord-White, is Vice President of Talent Acquisition for NBC Network. Hord-White's estranged husband, Neil White, is now charged with suffocating their little girl at his New Rochelle home Tuesday. A nanny found the child dead in bed. When police responded to the home, they found Neil White's wrists were slit, perhaps due to an attempted suicide attempt. After he was treated at a local hospital, White was charged with murder in the 2nd degree.","profileString":"facebook_page.1386551514902988","postURL":"https://facebook.com/1386551514902988/posts/1920526804838787","avatar":"https://graph.facebook.com/1386551514902988/picture","classification":{"engine":"aylien","language":"en","taxonomy":[{"score":"0.4661","confident":false,"links":[{"link":"https://api.aylien.com/api/v1/classify/taxonomy/iab-qag/IAB12-3","rel":"self"},{"link":"https://api.aylien.com/api/v1/classify/taxonomy/iab-qag/IAB12","rel":"parent"}],"id":"IAB12-3","label":"Local News"},{"score":"0.2848","confident":false,"links":[{"link":"https://api.aylien.com/api/v1/classify/taxonomy/iab-qag/IAB6-6","rel":"self"},{"link":"https://api.aylien.com/api/v1/classify/taxonomy/iab-qag/IAB6","rel":"parent"}],"id":"IAB6-6","label":"Parenting teens"},{"score":"0.2311","confident":false,"links":[{"link":"https://api.aylien.com/api/v1/classify/taxonomy/iab-qag/IAB25-3","rel":"self"},{"link":"https://api.aylien.com/api/v1/classify/taxonomy/iab-qag/IAB25","rel":"parent"}],"id":"IAB25-3","label":"Pornography"},{"score":"0.0718","confident":false,"links":[{"link":"https://api.aylien.com/api/v1/classify/taxonomy/iab-qag/IAB25","rel":"self"}],"id":"IAB25","label":"Non-Standard Content"},{"score":"0.0699","confident":false,"links":[{"link":"https://api.aylien.com/api/v1/classify/taxonomy/iab-qag/IAB6","rel":"self"}],"id":"IAB6","label":"Family & Parenting"},{"score":"0.0660","confident":false,"links":[{"link":"https://api.aylien.com/api/v1/classify/taxonomy/iab-qag/IAB12","rel":"self"}],"id":"IAB12","label":"News"}]},"postidString":"facebook_page.1386551514902988_1920526804838787","postMeta":{"inserted":"content-engine"},"timestamp":1496852662,"sharesRcvd":4,"likesRcvd":17,"source":"facebook_page","lastUpdateQuantum":4989652,"name":"Mary Murphy Mystery","imageLarge":"https://scontent.xx.fbcdn.net/v/t1.0-9/18952676_1920526804838787_2427663173780690243_n.jpg?oh=0b45048e975d8f1780a2b4bfb8727873&oe=59E7EDAC","objectID":"1920526804838787","repliesRcvd":6,"image":"https://scontent.xx.fbcdn.net/v/t1.0-0/s130x130/18952676_1920526804838787_2427663173780690243_n.jpg?oh=a7702ff74f871d5b8d8e486f72124c92&oe=59E736C7","username":"marymurphymystery","link":"https://www.facebook.com/marymurphymystery/photos/a.1386695011555305.1073741833.1386551514902988/1920526804838787/?type=3","timeQuantum":4989508,"title":"Timeline Photos","type":"photo"},{"content":"'WHITE BOY' CHARGED WITH SHOOTING 5 YEAR OLD BIRTHDAY CHILD IN HEAD:  A hulking Michael (White Boy) Quiles was walked out of a Bronx police precinct Tuesday night, charged with nearly killing 5 year old #JaheenHunter.  Jaheen was leaving an apartment building Monday with his dad, on the little boy's 5th birthday, when a stray bullet hit him in the head. Quilies allegedly apologized to the victim's dad, saying \"Sorry, Charlie,\" before running away. The latest reports say the bullet actually DID pass through Jaheen's brain and lodged in his skull. A family vigil for the child continues at New York-Presbyterian Hospital, where he remains in very critical condition.","profileString":"facebook_page.1386551514902988","postURL":"https://facebook.com/1386551514902988/posts/1920544364837031","avatar":"https://graph.facebook.com/1386551514902988/picture","classification":{"engine":"aylien","language":"en","taxonomy":[{"score":"0.3018","confident":true,"links":[{"link":"https://api.aylien.com/api/v1/classify/taxonomy/iab-qag/IAB6-6","rel":"self"},{"link":"https://api.aylien.com/api/v1/classify/taxonomy/iab-qag/IAB6","rel":"parent"}],"id":"IAB6-6","label":"Parenting teens"},{"score":"0.1285","confident":true,"links":[{"link":"https://api.aylien.com/api/v1/classify/taxonomy/iab-qag/IAB6","rel":"self"}],"id":"IAB6","label":"Family & Parenting"}]},"postidString":"facebook_page.1386551514902988_1920544364837031","postMeta":{"inserted":"content-engine"},"timestamp":1496854504,"sharesRcvd":4,"likesRcvd":11,"source":"facebook_page","lastUpdateQuantum":4995709,"name":"Mary Murphy Mystery","imageLarge":"https://scontent.xx.fbcdn.net/v/t15.0-10/s720x720/19048037_1920548774836590_2699058354768052224_n.jpg?oh=165a9150f5a4d1b2b8d15905d26ea996&oe=59A398DB","objectID":"1920544364837031","repliesRcvd":5,"image":"https://scontent.xx.fbcdn.net/v/t15.0-10/s130x130/19048037_1920548774836590_2699058354768052224_n.jpg?oh=6934c7a1180be050a4107594009f87f7&oe=59A3A8F9","username":"marymurphymystery","link":"https://www.facebook.com/marymurphymystery/videos/1920544364837031/","timeQuantum":4989515,"video":"https://video.xx.fbcdn.net/v/t42.1790-2/18999265_1692989854336339_3500662375059554304_n.mp4?efg=eyJybHIiOjU5MCwicmxhIjo1MTIsInZlbmNvZGVfdGFnIjoic3ZlX3NkIn0%3D&rl=590&vabr=328&oh=a32715926a381bd3aada51f039e2e7a4&oe=593AF9D8","type":"video"},{"content":"DADDY DID IT:  POLICE This is the mug shot from the Westchester County DA's office, after 47 year old Neil White was charged with suffocating his 7 year old daughter, Gabrielle. \nThe 2nd grader was found in her bed Tuesday by a babysitter, after the sitter showed up at the father's New Rochelle home about 3 pm and encountered Neil White, who had slit wrists. The girl's mother is  Michelle Hord-White, an executive at NBC. Hord-White had filed for divorce in April and the couple shared custody of the child. PIX 11 will have a \"live\" report from New Rochelle at 5 PM.","profileString":"facebook_page.1386551514902988","postURL":"https://facebook.com/1386551514902988/posts/1920608581497276","avatar":"https://graph.facebook.com/1386551514902988/picture","classification":{"engine":"aylien","language":"en","taxonomy":[{"score":"0.5112","confident":false,"links":[{"link":"https://api.aylien.com/api/v1/classify/taxonomy/iab-qag/IAB12-3","rel":"self"},{"link":"https://api.aylien.com/api/v1/classify/taxonomy/iab-qag/IAB12","rel":"parent"}],"id":"IAB12-3","label":"Local News"},{"score":"0.0916","confident":true,"links":[{"link":"https://api.aylien.com/api/v1/classify/taxonomy/iab-qag/IAB12","rel":"self"}],"id":"IAB12","label":"News"}]},"postidString":"facebook_page.1386551514902988_1920608581497276","postMeta":{"inserted":"content-engine"},"timestamp":1496865263,"sharesRcvd":1,"likesRcvd":14,"source":"facebook_page","lastUpdateQuantum":4995709,"name":"Mary Murphy Mystery","imageLarge":"https://scontent.xx.fbcdn.net/v/t1.0-9/s720x720/19059297_1920608581497276_1688434288226332121_n.jpg?oh=edf8afae582d37fa668c8af391ae3e9f&oe=59DC3D3F","objectID":"1920608581497276","repliesRcvd":3,"image":"https://scontent.xx.fbcdn.net/v/t1.0-0/s130x130/19059297_1920608581497276_1688434288226332121_n.jpg?oh=d147b990451a14bd65656c09fc2b2ed8&oe=59E2F42A","username":"marymurphymystery","link":"https://www.facebook.com/marymurphymystery/photos/a.1386695011555305.1073741833.1386551514902988/1920608581497276/?type=3","timeQuantum":4989550,"title":"Timeline Photos","type":"photo"},{"content":"TEARS FOR GABRIELLE; DAUGHTER OF NBC EXEC ALLEGEDLY KILLED BY FATHER: Police in New Rochelle, New York, have accused the father of 7 year old, Gabrielle White, with suffocating her--when the 2nd grader visited his home.  Gabrielle's mother is an executive with NBC Network, Michelle Hord-White.  The New York Times covered her wedding to Neil White in 2007.  Hord-White had filed for divorce from her husband in April.  The estranged couple was sharing custody of their daughter. Nicole Johnson filed this report for PIX 11 News at 5 PM.","profileString":"facebook_page.1386551514902988","postURL":"https://facebook.com/1386551514902988/posts/1920635164827951","avatar":"https://graph.facebook.com/1386551514902988/picture","classification":{"engine":"aylien","language":"en","taxonomy":[{"score":"0.4066","confident":false,"links":[{"link":"https://api.aylien.com/api/v1/classify/taxonomy/iab-qag/IAB12-3","rel":"self"},{"link":"https://api.aylien.com/api/v1/classify/taxonomy/iab-qag/IAB12","rel":"parent"}],"id":"IAB12-3","label":"Local News"},{"score":"0.3446","confident":true,"links":[{"link":"https://api.aylien.com/api/v1/classify/taxonomy/iab-qag/IAB14-2","rel":"self"},{"link":"https://api.aylien.com/api/v1/classify/taxonomy/iab-qag/IAB14","rel":"parent"}],"id":"IAB14-2","label":"Divorce Support"},{"score":"0.1050","confident":true,"links":[{"link":"https://api.aylien.com/api/v1/classify/taxonomy/iab-qag/IAB14","rel":"self"}],"id":"IAB14","label":"Society"},{"score":"0.1042","confident":true,"links":[{"link":"https://api.aylien.com/api/v1/classify/taxonomy/iab-qag/IAB12","rel":"self"}],"id":"IAB12","label":"News"}]},"postidString":"facebook_page.1386551514902988_1920635164827951","postMeta":{"inserted":"content-engine"},"timestamp":1496871393,"sharesRcvd":19,"likesRcvd":35,"source":"facebook_page","lastUpdateQuantum":4995709,"name":"Mary Murphy Mystery","imageLarge":"https://scontent.xx.fbcdn.net/v/t15.0-10/s720x720/19025381_1920638261494308_8251264832888635392_n.jpg?oh=4b62a09fc0ce8178f53db4d29b5c4ba9&oe=59A3B201","objectID":"1920635164827951","repliesRcvd":6,"image":"https://scontent.xx.fbcdn.net/v/t15.0-10/s130x130/19025381_1920638261494308_8251264832888635392_n.jpg?oh=3a9d23883edabb3b4f72839d0c4f4c25&oe=59DB6323","username":"marymurphymystery","link":"https://www.facebook.com/marymurphymystery/videos/1920635164827951/","timeQuantum":4989571,"video":"https://video.xx.fbcdn.net/v/t42.1790-2/19034547_1782478338730895_5009651176904327168_n.mp4?efg=eyJybHIiOjMwMCwicmxhIjo1MTIsInZlbmNvZGVfdGFnIjoic3ZlX3NkIn0%3D&rl=300&vabr=159&oh=5eb40248ecd14aa38d9cba65af57d33c&oe=593B12FE","type":"video"},{"content":"\"LIVE\" TESTIMONY:  Fired by President Trump, former FBI Director, \n#JamesComey, is testifying before a U.S. Senate panel about the private meetings he had with the  President--where the new Commander-in-Chief allegedly asked for \"loyalty\"--and asked Comey to \"let go\" of a probe into ties between Russia and former National Security Advisor, Mike Flynn.","profileString":"facebook_page.1386551514902988","postURL":"https://facebook.com/1386551514902988/posts/1920988848125916","avatar":"https://graph.facebook.com/1386551514902988/picture","classification":{"engine":"aylien","language":"en","taxonomy":[{"score":"0.2566","confident":false,"links":[{"link":"https://api.aylien.com/api/v1/classify/taxonomy/iab-qag/IAB11-5","rel":"self"},{"link":"https://api.aylien.com/api/v1/classify/taxonomy/iab-qag/IAB11","rel":"parent"}],"id":"IAB11-5","label":"Commentary"},{"score":"0.0866","confident":true,"links":[{"link":"https://api.aylien.com/api/v1/classify/taxonomy/iab-qag/IAB11","rel":"self"}],"id":"IAB11","label":"Law, Gov’t & Politics"}]},"postidString":"facebook_page.1386551514902988_1920988848125916","postMeta":{"inserted":"content-engine"},"timestamp":1496933137,"sharesRcvd":0,"likesRcvd":8,"source":"facebook_page","lastUpdateQuantum":4995709,"name":"Mary Murphy Mystery","imageLarge":"https://scontent.xx.fbcdn.net/v/t15.0-10/s720x720/19057444_10155525448052042_3957640289694253056_n.jpg?oh=e63a02dfbc180ff02f4f2eea12f6abdf&oe=59E32265","repliesRcvd":0,"image":"https://scontent.xx.fbcdn.net/v/t15.0-10/s130x130/19057444_10155525448052042_3957640289694253056_n.jpg?oh=37eb5606515436719ef274e494a16d42&oe=59A45797","username":"marymurphymystery","link":"https://www.facebook.com/pix11news/videos/10155525289697042/","timeQuantum":4989777,"video":"https://www.facebook.com/video/playback/playlist.m3u8?v=10155525289697042","title":"PIX 11","type":"video"},{"content":"FINAL PHOTO OF DAD WHO FISHED WITH, AND THEN DIED FOR, 6 YEAR OLD SON:  This story will break your heart, but it speaks to the beauty of a young father's love for his son.","profileString":"facebook_page.1386551514902988","postURL":"https://facebook.com/1386551514902988/posts/1921113741446760","avatar":"https://graph.facebook.com/1386551514902988/picture","classification":{"engine":"aylien","language":"en","taxonomy":[{"score":"0.2614","confident":false,"links":[{"link":"https://api.aylien.com/api/v1/classify/taxonomy/iab-qag/IAB6-6","rel":"self"},{"link":"https://api.aylien.com/api/v1/classify/taxonomy/iab-qag/IAB6","rel":"parent"}],"id":"IAB6-6","label":"Parenting teens"},{"score":"0.1160","confident":true,"links":[{"link":"https://api.aylien.com/api/v1/classify/taxonomy/iab-qag/IAB6","rel":"self"}],"id":"IAB6","label":"Family & Parenting"}]},"postidString":"facebook_page.1386551514902988_1921113741446760","postMeta":{"inserted":"content-engine"},"timestamp":1496954842,"sharesRcvd":6,"likesRcvd":48,"source":"facebook_page","lastUpdateQuantum":4995709,"name":"Mary Murphy Mystery","imageLarge":"https://external.xx.fbcdn.net/safe_image.php?d=AQB5q9njAijYQZLZ&url=http%3A%2F%2Ftribwpix.files.wordpress.com%2F2017%2F06%2Ffishing2.png&_nc_hash=AQATuTXxT9vBar2i","repliesRcvd":2,"image":"https://external.xx.fbcdn.net/safe_image.php?d=AQALRl-AK0mDZ2fs&w=130&h=130&url=http%3A%2F%2Ftribwpix.files.wordpress.com%2F2017%2F06%2Ffishing2.png&cfs=1&_nc_hash=AQDBQPFgUVsTGtsu","username":"marymurphymystery","link":"http://pix11.com/2017/06/07/photo-shows-father-seconds-before-he-disappeared-into-mississippi-river-trying-to-save-son/","timeQuantum":4989849,"title":"Photo shows father seconds before he disappeared into Mississippi River trying to save son","type":"link"},{"content":"CANNABIS TO COMBAT PTSD?  Military groups are pushing New York State to allow Medical Marijuana as a treatment for #PTSD, Post-Traumatic Stress Disorder.  U.S. vets are struggling. A 2016 study said 20+ a day commit suicide. That's a staggering number. Please watch this link from PIX 11 and share your thoughts with me.","profileString":"facebook_page.1386551514902988","postURL":"https://facebook.com/1386551514902988/posts/1921851248039676","avatar":"https://graph.facebook.com/1386551514902988/picture","classification":{"engine":"aylien","language":"en","taxonomy":[{"score":"0.2242","confident":true,"links":[{"link":"https://api.aylien.com/api/v1/classify/taxonomy/iab-qag/IAB7","rel":"self"}],"id":"IAB7","label":"Health & Fitness"},{"score":"0.1154","confident":true,"links":[{"link":"https://api.aylien.com/api/v1/classify/taxonomy/iab-qag/IAB7-34","rel":"self"},{"link":"https://api.aylien.com/api/v1/classify/taxonomy/iab-qag/IAB7","rel":"parent"}],"id":"IAB7-34","label":"Panic/Anxiety Disorders"}]},"postidString":"facebook_page.1386551514902988_1921851248039676","postMeta":{"inserted":"content-engine"},"timestamp":1497089913,"sharesRcvd":0,"likesRcvd":5,"source":"facebook_page","lastUpdateQuantum":4995709,"name":"Mary Murphy Mystery","imageLarge":"https://external.xx.fbcdn.net/safe_image.php?d=AQBf61vg8LP1LTEu&url=http%3A%2F%2Ftribwpix.files.wordpress.com%2F2017%2F06%2Fptsd.jpeg%3Fquality%3D85%26strip%3Dall%26w%3D1200&_nc_hash=AQDCqrrJtD9HRA07","repliesRcvd":0,"image":"https://external.xx.fbcdn.net/safe_image.php?d=AQB0xsf5pnZ4Zrj_&w=130&h=130&url=http%3A%2F%2Ftribwpix.files.wordpress.com%2F2017%2F06%2Fptsd.jpeg%3Fquality%3D85%26strip%3Dall%26w%3D1200&cfs=1&_nc_hash=AQAaJRVkeB0hLHwg","username":"marymurphymystery","link":"http://pix11.com/2017/06/09/military-vets-push-nys-senate-to-approve-medical-marijuana-for-ptsd/?utm_campaign=trueAnthem%3A+Trending+Content&utm_content=593bb64104d301199eb4ae71&utm_medium=trueAnthem&utm_source=facebook","timeQuantum":4990299,"title":"Military vets push NYS Senate to approve medical marijuana for PTSD","type":"link"},{"content":"MELANIA MOVES IN:  First Lady Melania Trump finally moved into the White House Sunday evening with the President's youngest son, Barron.  Barron has finished his school year in New York and will start a new school in the Washington, D.C. area.  This video shows the First Family exiting Marine 1.  The first lady tweeted a photo of two, lit candles on a table, with the window showing a glimpse of the Washington Monument outside in the distance.  She said she was looking forward to the memories the family would be making in its new home.","profileString":"facebook_page.1386551514902988","postURL":"https://facebook.com/1386551514902988/posts/1922851064606361","avatar":"https://graph.facebook.com/1386551514902988/picture","classification":{"engine":"aylien","language":"en","taxonomy":[{"score":"0.3023","confident":true,"links":[{"link":"https://api.aylien.com/api/v1/classify/taxonomy/iab-qag/IAB6-6","rel":"self"},{"link":"https://api.aylien.com/api/v1/classify/taxonomy/iab-qag/IAB6","rel":"parent"}],"id":"IAB6-6","label":"Parenting teens"},{"score":"0.2387","confident":false,"links":[{"link":"https://api.aylien.com/api/v1/classify/taxonomy/iab-qag/IAB10-5","rel":"self"},{"link":"https://api.aylien.com/api/v1/classify/taxonomy/iab-qag/IAB10","rel":"parent"}],"id":"IAB10-5","label":"Home Repair"},{"score":"0.0798","confident":true,"links":[{"link":"https://api.aylien.com/api/v1/classify/taxonomy/iab-qag/IAB6","rel":"self"}],"id":"IAB6","label":"Family & Parenting"},{"score":"0.0712","confident":false,"links":[{"link":"https://api.aylien.com/api/v1/classify/taxonomy/iab-qag/IAB9","rel":"self"}],"id":"IAB9","label":"Hobbies & Interests"},{"score":"0.0660","confident":false,"links":[{"link":"https://api.aylien.com/api/v1/classify/taxonomy/iab-qag/IAB10","rel":"self"}],"id":"IAB10","label":"Home & Garden"},{"score":"0.0590","confident":false,"links":[{"link":"https://api.aylien.com/api/v1/classify/taxonomy/iab-qag/IAB9-6","rel":"self"},{"link":"https://api.aylien.com/api/v1/classify/taxonomy/iab-qag/IAB9","rel":"parent"}],"id":"IAB9-6","label":"Candle & Soap Making"}]},"postidString":"facebook_page.1386551514902988_1922851064606361","postMeta":{"inserted":"content-engine"},"timestamp":1497279259,"sharesRcvd":34,"likesRcvd":77,"source":"facebook_page","lastUpdateQuantum":4992901,"name":"Mary Murphy Mystery","imageLarge":"https://scontent.xx.fbcdn.net/v/t15.0-10/s720x720/19124987_1922852841272850_7740000326928826368_n.jpg?oh=e84996784fded1bf92106cb97cc72a6b&oe=59D4E6A3","objectID":"1922851064606361","repliesRcvd":45,"image":"https://scontent.xx.fbcdn.net/v/t15.0-10/s130x130/19124987_1922852841272850_7740000326928826368_n.jpg?oh=98982769d5162b10655aebee912e2a46&oe=59E3A681","username":"marymurphymystery","link":"https://www.facebook.com/marymurphymystery/videos/1922851064606361/","timeQuantum":4990930,"video":"https://video.xx.fbcdn.net/v/t42.1790-2/19108089_697188750468548_7402734910454104064_n.mp4?efg=eyJybHIiOjQyMSwicmxhIjo1MTIsInZlbmNvZGVfdGFnIjoic3ZlX3NkIn0%3D&rl=421&vabr=234&oh=514559f2de915fcc01c94966890d0459&oe=5941AF0D","type":"video"},{"content":"CHILD MARRIAGE LAWS:  Tonight at 10:42 PM on PIX 11 News, we talk to a child marriage survivor who bares the emotional scars of her ordeal.  The LAW has changed in New York State.  Will New Jersey follow suit?  Hope you will watch.","profileString":"facebook_page.1386551514902988","postURL":"https://facebook.com/1386551514902988/posts/1923538954537572","avatar":"https://graph.facebook.com/1386551514902988/picture","classification":{"engine":"aylien","language":"en","taxonomy":[{"score":"0.4362","confident":true,"links":[{"link":"https://api.aylien.com/api/v1/classify/taxonomy/iab-qag/IAB14-4","rel":"self"},{"link":"https://api.aylien.com/api/v1/classify/taxonomy/iab-qag/IAB14","rel":"parent"}],"id":"IAB14-4","label":"Marriage"},{"score":"0.1656","confident":true,"links":[{"link":"https://api.aylien.com/api/v1/classify/taxonomy/iab-qag/IAB14","rel":"self"}],"id":"IAB14","label":"Society"}]},"postidString":"facebook_page.1386551514902988_1923538954537572","postMeta":{"inserted":"content-engine"},"timestamp":1497396824,"sharesRcvd":4,"likesRcvd":10,"source":"facebook_page","lastUpdateQuantum":4995709,"name":"Mary Murphy Mystery","imageLarge":"https://scontent.xx.fbcdn.net/v/t15.0-10/19190551_1923539347870866_6924851448664555520_n.jpg?oh=aaa2fe1f4d22f9cda46f3d556143da37&oe=59E009C0","objectID":"1923538954537572","repliesRcvd":2,"image":"https://scontent.xx.fbcdn.net/v/t15.0-10/s130x130/19190551_1923539347870866_6924851448664555520_n.jpg?oh=b3aa170df887c5de0f61f10a13556a09&oe=59E5A4BB","username":"marymurphymystery","link":"https://www.facebook.com/marymurphymystery/videos/1923538954537572/","timeQuantum":4991322,"video":"https://video.xx.fbcdn.net/v/t42.1790-2/19134551_338732403210659_9052692433103486976_n.mp4?efg=eyJybHIiOjQ5OCwicmxhIjo1MTIsInZlbmNvZGVfdGFnIjoic3ZlX3NkIn0%3D&rl=498&vabr=277&oh=87faf4ef1f9d9a5b693cbb7dde852c01&oe=5942EDF8","type":"video"},{"content":"DRAGGED COP; DEEP TROUBLE:  The NYPD booked Justin Murrell Friday for allegedly dragging an NYPD cop 3 blocks, using a stolen car, and leaving Officer #DalshVeve in a coma. This happened on June 3rd in #EastFlatbush, Brooklyn. Officer Murrell managed to squeeze off two shots, while he was being dragged, hitting Murrell in the face.  Now that Murrell's been treated in the hospital, he is being charged, at 15, with attempted murder and assault.  He's already got a lengthy rap sheet as an alleged member of Eight Trey Crips gang.","profileString":"facebook_page.1386551514902988","postURL":"https://facebook.com/1386551514902988/posts/1924946557730145","avatar":"https://graph.facebook.com/1386551514902988/picture","classification":{"engine":"aylien","language":"en","taxonomy":[{"score":"0.0902","confident":true,"links":[{"link":"https://api.aylien.com/api/v1/classify/taxonomy/iab-qag/IAB2","rel":"self"}],"id":"IAB2","label":"Automotive"},{"score":"0.0637","confident":false,"links":[{"link":"https://api.aylien.com/api/v1/classify/taxonomy/iab-qag/IAB2-16","rel":"self"},{"link":"https://api.aylien.com/api/v1/classify/taxonomy/iab-qag/IAB2","rel":"parent"}],"id":"IAB2-16","label":"Off-Road Vehicles"}]},"postidString":"facebook_page.1386551514902988_1924946557730145","postMeta":{"inserted":"content-engine"},"timestamp":1497624943,"sharesRcvd":232,"likesRcvd":149,"source":"facebook_page","lastUpdateQuantum":4994863,"name":"Mary Murphy Mystery","imageLarge":"https://scontent.xx.fbcdn.net/v/t15.0-10/s720x720/19281636_1924951661062968_712611254241329152_n.jpg?oh=f9b22311e2386e0b460e182f6653aeb7&oe=59E45AD0","objectID":"1924946557730145","repliesRcvd":55,"image":"https://scontent.xx.fbcdn.net/v/t15.0-10/s130x130/19281636_1924951661062968_712611254241329152_n.jpg?oh=e71b9c5d30f956f1af189c433fa22b4f&oe=599F256A","username":"marymurphymystery","link":"https://www.facebook.com/marymurphymystery/videos/1924946557730145/","timeQuantum":4992083,"video":"https://video.xx.fbcdn.net/v/t42.1790-2/19269255_678851302310718_4602551434737614848_n.mp4?efg=eyJybHIiOjUyMywicmxhIjo1MTIsInZlbmNvZGVfdGFnIjoic3ZlX3NkIn0%3D&rl=523&vabr=291&oh=10d41232af3b5f7f1b5951ff36ea473b&oe=59460348","type":"video"},{"content":"SUICIDE BY TEXT:  #GUILTY!  Michelle Carter, the 20 year old Massachusetts woman accused of urging her troubled boyfriend to commit suicide, was found guilty this morning of involuntary manslaughter.  A judge rendered the verdict, after a bench trial.  In July 2014, Carter had sent 100's of texts to her boyfriend, who was grappling with suicidal thoughts.  18 year old Conrad Roy inhaled carbon monoxide in his pickup truck to kill himself.  Prosecutors said Michelle Carter listened by phone to Roy's last breaths. The brief clip here has the judge allowing Carter to remain free on bail, until she's sentenced.","profileString":"facebook_page.1386551514902988","postURL":"https://facebook.com/1386551514902988/posts/1924975701060564","avatar":"https://graph.facebook.com/1386551514902988/picture","classification":{"engine":"aylien","language":"en","taxonomy":[{"score":"0.1867","confident":false,"links":[{"link":"https://api.aylien.com/api/v1/classify/taxonomy/iab-qag/IAB25-3","rel":"self"},{"link":"https://api.aylien.com/api/v1/classify/taxonomy/iab-qag/IAB25","rel":"parent"}],"id":"IAB25-3","label":"Pornography"},{"score":"0.1248","confident":true,"links":[{"link":"https://api.aylien.com/api/v1/classify/taxonomy/iab-qag/IAB2-18","rel":"self"},{"link":"https://api.aylien.com/api/v1/classify/taxonomy/iab-qag/IAB2","rel":"parent"}],"id":"IAB2-18","label":"Pickup"},{"score":"0.0715","confident":false,"links":[{"link":"https://api.aylien.com/api/v1/classify/taxonomy/iab-qag/IAB2","rel":"self"}],"id":"IAB2","label":"Automotive"},{"score":"0.0645","confident":false,"links":[{"link":"https://api.aylien.com/api/v1/classify/taxonomy/iab-qag/IAB25","rel":"self"}],"id":"IAB25","label":"Non-Standard Content"},{"score":"0.0599","confident":false,"links":[{"link":"https://api.aylien.com/api/v1/classify/taxonomy/iab-qag/IAB9","rel":"self"}],"id":"IAB9","label":"Hobbies & Interests"},{"score":"0.0477","confident":false,"links":[{"link":"https://api.aylien.com/api/v1/classify/taxonomy/iab-qag/IAB9-21","rel":"self"},{"link":"https://api.aylien.com/api/v1/classify/taxonomy/iab-qag/IAB9","rel":"parent"}],"id":"IAB9-21","label":"Needlework"}]},"postidString":"facebook_page.1386551514902988_1924975701060564","postMeta":{"inserted":"content-engine"},"timestamp":1497627686,"sharesRcvd":4,"likesRcvd":4,"source":"facebook_page","lastUpdateQuantum":4995709,"name":"Mary Murphy Mystery","imageLarge":"https://scontent.xx.fbcdn.net/v/t15.0-10/s720x720/19291748_1924978571060277_1803018960099082240_n.jpg?oh=549a3f3bb2cf03c68afbf2e68204c53a&oe=59A02BE5","objectID":"1924975701060564","repliesRcvd":4,"image":"https://scontent.xx.fbcdn.net/v/t15.0-10/s130x130/19291748_1924978571060277_1803018960099082240_n.jpg?oh=f9e05efe9b839f6f872f113f541a0be6&oe=59E139C7","username":"marymurphymystery","link":"https://www.facebook.com/marymurphymystery/videos/1924975701060564/","timeQuantum":4992092,"video":"https://video.xx.fbcdn.net/v/t42.1790-2/19257109_764871010358020_5352785631829295104_n.mp4?efg=eyJybHIiOjMwMCwicmxhIjo1MTIsInZlbmNvZGVfdGFnIjoic3ZlX3NkIn0%3D&rl=300&vabr=120&oh=f795d0d93e95c411755f1772f4640349&oe=5945E128","type":"video"},{"content":"JERSEY SHORE TRAGEDY FOR 2, YOUNG COUSINS:  13 year old Mitzi Hernandez was not strong enough for the rough surf in Belmar, NJ on Thursday--the day before her final day of school this year. Good Samaritans could not save her, when they found her in the water. Her 12 year old cousin, Emily, is now on life support.  Christie Duffy of PIX 11 went to #Belmar Friday to report on this #JerseyShore tragedy.","profileString":"facebook_page.1386551514902988","postURL":"https://facebook.com/1386551514902988/posts/1925137954377672","avatar":"https://graph.facebook.com/1386551514902988/picture","classification":{"engine":"aylien","language":"en","taxonomy":[{"score":"0.2050","confident":false,"links":[{"link":"https://api.aylien.com/api/v1/classify/taxonomy/iab-qag/IAB14-6","rel":"self"},{"link":"https://api.aylien.com/api/v1/classify/taxonomy/iab-qag/IAB14","rel":"parent"}],"id":"IAB14-6","label":"Teens"},{"score":"0.0697","confident":false,"links":[{"link":"https://api.aylien.com/api/v1/classify/taxonomy/iab-qag/IAB17","rel":"self"}],"id":"IAB17","label":"Sports"},{"score":"0.0696","confident":true,"links":[{"link":"https://api.aylien.com/api/v1/classify/taxonomy/iab-qag/IAB17-37","rel":"self"},{"link":"https://api.aylien.com/api/v1/classify/taxonomy/iab-qag/IAB17","rel":"parent"}],"id":"IAB17-37","label":"Surfing/Bodyboarding"},{"score":"0.0567","confident":false,"links":[{"link":"https://api.aylien.com/api/v1/classify/taxonomy/iab-qag/IAB14","rel":"self"}],"id":"IAB14","label":"Society"}]},"postidString":"facebook_page.1386551514902988_1925137954377672","postMeta":{"inserted":"content-engine"},"timestamp":1497654171,"sharesRcvd":1,"likesRcvd":19,"source":"facebook_page","lastUpdateQuantum":4995709,"name":"Mary Murphy Mystery","imageLarge":"https://scontent.xx.fbcdn.net/v/t15.0-10/s720x720/19305479_1925138941044240_7448611504842080256_n.jpg?oh=436cb5adff120dfa733a637dec20083b&oe=59A174AE","objectID":"1925137954377672","repliesRcvd":3,"image":"https://scontent.xx.fbcdn.net/v/t15.0-10/s130x130/19305479_1925138941044240_7448611504842080256_n.jpg?oh=5d62474aea26afc278359052a9853b70&oe=59E27C8C","username":"marymurphymystery","link":"https://www.facebook.com/marymurphymystery/videos/1925137954377672/","timeQuantum":4992180,"video":"https://video.xx.fbcdn.net/v/t42.1790-2/19203184_199882747203114_5385603210650058752_n.mp4?efg=eyJybHIiOjM3MCwicmxhIjo1MTIsInZlbmNvZGVfdGFnIjoic3ZlX3NkIn0%3D&rl=370&vabr=206&oh=bf18eafc06acb435475179184edded0b&oe=594693BF","type":"video"},{"content":"MONEY TRAIL:  Cigarette smuggling can be more profitable than drug dealing, according to one, Bronx prosecutor. But bargain smokes can be hurting national security.  In this PIX 11 report from Friday night at 10, I explain why cheap #cigarettes could come at a cost to our safety.","profileString":"facebook_page.1386551514902988","postURL":"https://facebook.com/1386551514902988/posts/1925379487686852","avatar":"https://graph.facebook.com/1386551514902988/picture","classification":{"engine":"aylien","language":"en","taxonomy":[{"score":"0.4604","confident":false,"links":[{"link":"https://api.aylien.com/api/v1/classify/taxonomy/iab-qag/IAB21-1","rel":"self"},{"link":"https://api.aylien.com/api/v1/classify/taxonomy/iab-qag/IAB21","rel":"parent"}],"id":"IAB21-1","label":"Apartments"},{"score":"0.1118","confident":true,"links":[{"link":"https://api.aylien.com/api/v1/classify/taxonomy/iab-qag/IAB21","rel":"self"}],"id":"IAB21","label":"Real Estate"}]},"postidString":"facebook_page.1386551514902988_1925379487686852","postMeta":{"inserted":"content-engine"},"timestamp":1497696095,"sharesRcvd":2,"likesRcvd":5,"source":"facebook_page","lastUpdateQuantum":4995709,"name":"Mary Murphy Mystery","imageLarge":"https://external.xx.fbcdn.net/safe_image.php?d=AQB5hgY05HwbYKxO&url=http%3A%2F%2Ftribwpix.files.wordpress.com%2F2017%2F06%2Fcig-smuggler.jpeg%3Fquality%3D85%26strip%3Dall%26w%3D1200&_nc_hash=AQDt9fOy8f_11t6y","repliesRcvd":0,"image":"https://external.xx.fbcdn.net/safe_image.php?w=130&h=130&url=http%3A%2F%2Ftribwpix.files.wordpress.com%2F2017%2F06%2Fcig-smuggler.jpeg%3Fquality%3D85%26strip%3Dall%26w%3D1200&cfs=1&sx=472&sy=0&sw=675&sh=675&_nc_hash=AQB0OwXoJwkGzUtn","username":"marymurphymystery","link":"http://pix11.com/2017/06/16/bronx-cigarette-smuggling-could-be-financing-more-than-just-fancy-houses-and-jewels-police-worry-about-terror-funding/?utm_campaign=trueAnthem%3A+Trending+Content&utm_content=5944c69104d30126944aad40&utm_medium=trueAnthem&utm_source=facebook","timeQuantum":4992320,"title":"Bronx cigarette smuggling could be financing more than just fancy houses and jewels; police worry about terror funding","type":"link"},{"content":"PARIS POLICE TARGETED:  The renowned Avenue des Champs-Élysées in #Paris was on lockdown Monday, after a car crashed into a police van and burst into flames. The driver was found unconscious on the ground. Just months ago, terrorists had killed a Paris police officer and wounded 2 others in #ChampsElysees attack.","profileString":"facebook_page.1386551514902988","postURL":"https://facebook.com/1386551514902988/posts/1926514934239974","avatar":"https://graph.facebook.com/1386551514902988/picture","classification":{"engine":"aylien","language":"en","taxonomy":[{"score":"0.1986","confident":true,"links":[{"link":"https://api.aylien.com/api/v1/classify/taxonomy/iab-qag/IAB2","rel":"self"}],"id":"IAB2","label":"Automotive"},{"score":"0.1271","confident":true,"links":[{"link":"https://api.aylien.com/api/v1/classify/taxonomy/iab-qag/IAB2-4","rel":"self"},{"link":"https://api.aylien.com/api/v1/classify/taxonomy/iab-qag/IAB2","rel":"parent"}],"id":"IAB2-4","label":"Car Culture"}]},"postidString":"facebook_page.1386551514902988_1926514934239974","postMeta":{"inserted":"content-engine"},"timestamp":1497885837,"sharesRcvd":4,"likesRcvd":7,"source":"facebook_page","lastUpdateQuantum":4995709,"name":"Mary Murphy Mystery","imageLarge":"https://scontent.xx.fbcdn.net/v/t15.0-10/s720x720/19340197_1926517197573081_1760813854079582208_n.jpg?oh=3327abfebbd73700f5c826efb576bcac&oe=59DC5E2C","objectID":"1926514934239974","repliesRcvd":3,"image":"https://scontent.xx.fbcdn.net/v/t15.0-10/s130x130/19340197_1926517197573081_1760813854079582208_n.jpg?oh=7b78d7e2ddf6f27b9122775c46cf925e&oe=59D81C0E","username":"marymurphymystery","link":"https://www.facebook.com/marymurphymystery/videos/1926514934239974/","timeQuantum":4992952,"video":"https://video.xx.fbcdn.net/v/t42.1790-2/19310365_144315629451244_8320661325319503872_n.mp4?efg=eyJybHIiOjUyNSwicmxhIjo1MTIsInZlbmNvZGVfdGFnIjoic3ZlX3NkIn0%3D&rl=525&vabr=292&oh=42b2cffbe40fd4e559d4e4ca2ab09bdc&oe=594A264E","type":"video"},{"content":"DEER SWIMS IN FAMILY POOL:  If you want a little \"lightness\" in your day, this video shows a baby deer taking a dip in a New Jersey family's pool.  It's far better than a deer in the headlights!  If you wait until :30 seconds into the clip, you will see the deer swimming.","profileString":"facebook_page.1386551514902988","postURL":"https://facebook.com/1386551514902988/posts/1927104400847694","avatar":"https://graph.facebook.com/1386551514902988/picture","classification":{"engine":"aylien","language":"en","taxonomy":[{"score":"0.2054","confident":true,"links":[{"link":"https://api.aylien.com/api/v1/classify/taxonomy/iab-qag/IAB17-38","rel":"self"},{"link":"https://api.aylien.com/api/v1/classify/taxonomy/iab-qag/IAB17","rel":"parent"}],"id":"IAB17-38","label":"Swimming"},{"score":"0.1798","confident":false,"links":[{"link":"https://api.aylien.com/api/v1/classify/taxonomy/iab-qag/IAB6-3","rel":"self"},{"link":"https://api.aylien.com/api/v1/classify/taxonomy/iab-qag/IAB6","rel":"parent"}],"id":"IAB6-3","label":"Daycare/Pre School"},{"score":"0.0790","confident":true,"links":[{"link":"https://api.aylien.com/api/v1/classify/taxonomy/iab-qag/IAB6","rel":"self"}],"id":"IAB6","label":"Family & Parenting"},{"score":"0.0732","confident":false,"links":[{"link":"https://api.aylien.com/api/v1/classify/taxonomy/iab-qag/IAB17","rel":"self"}],"id":"IAB17","label":"Sports"}]},"postidString":"facebook_page.1386551514902988_1927104400847694","postMeta":{"inserted":"content-engine"},"timestamp":1497991203,"sharesRcvd":0,"likesRcvd":1,"source":"facebook_page","lastUpdateQuantum":4993315,"name":"Mary Murphy Mystery","imageLarge":"https://scontent.xx.fbcdn.net/v/t15.0-10/s720x720/19347776_1927105050847629_4390765734083428352_n.jpg?oh=d82946c516d2e0dca5bd30ca8547db51&oe=59DF840D","objectID":"1927104400847694","repliesRcvd":0,"image":"https://scontent.xx.fbcdn.net/v/t15.0-10/s130x130/19347776_1927105050847629_4390765734083428352_n.jpg?oh=89020173868580e704507f30fb640735&oe=59C8942F","username":"marymurphymystery","link":"https://www.facebook.com/marymurphymystery/videos/1927104400847694/","timeQuantum":4993304,"video":"https://video.xx.fbcdn.net/v/t42.1790-2/19330602_1941269832787732_1645314658707439616_n.mp4?efg=eyJybHIiOjM4MywicmxhIjo1MTIsInZlbmNvZGVfdGFnIjoic3ZlX3NkIn0%3D&rl=383&vabr=213&oh=18e255e648f0941ba38ae02879d0ce58&oe=594C07B2","type":"video"},{"content":"YO, THE BUS IS REVERSING!  Check out this cell phone clip of an MTA New York City Transit bus racing backwards for several city blocks, after the driver thought she had put the Q58 bus in park.  Turns out she had left the bus in NEUTRAL, and it started rolling backwards down a full, city block in Brooklyn, hitting 10, parked cars--and one guy changing a tire--before it FINALLY hit a fence outside St. Paul's Lutheran Church.  It came to a stop at Knickerbocker Avenue and Palmetto Street.  Luckily, the guy changing the tire wasn't badly hurt.","profileString":"facebook_page.1386551514902988","postURL":"https://facebook.com/1386551514902988/posts/1927480457476755","avatar":"https://graph.facebook.com/1386551514902988/picture","classification":{"engine":"aylien","language":"en","taxonomy":[{"score":"0.1532","confident":true,"links":[{"link":"https://api.aylien.com/api/v1/classify/taxonomy/iab-qag/IAB2","rel":"self"}],"id":"IAB2","label":"Automotive"},{"score":"0.0665","confident":false,"links":[{"link":"https://api.aylien.com/api/v1/classify/taxonomy/iab-qag/IAB2-4","rel":"self"},{"link":"https://api.aylien.com/api/v1/classify/taxonomy/iab-qag/IAB2","rel":"parent"}],"id":"IAB2-4","label":"Car Culture"}]},"postidString":"facebook_page.1386551514902988_1927480457476755","postMeta":{"inserted":"content-engine"},"timestamp":1498056294,"sharesRcvd":9,"likesRcvd":15,"source":"facebook_page","lastUpdateQuantum":4995709,"name":"Mary Murphy Mystery","imageLarge":"https://scontent.xx.fbcdn.net/v/t15.0-10/s720x720/19365949_1927482460809888_2119618626033025024_n.jpg?oh=3305749fd1b1b3cd7067c5e1c482a164&oe=59D21D47","objectID":"1927480457476755","repliesRcvd":1,"image":"https://scontent.xx.fbcdn.net/v/t15.0-10/s130x130/19365949_1927482460809888_2119618626033025024_n.jpg?oh=c79400aeac7476dcee344521fb7d40b3&oe=59D43E65","username":"marymurphymystery","link":"https://www.facebook.com/marymurphymystery/videos/1927480457476755/","timeQuantum":4993520,"video":"https://video.xx.fbcdn.net/v/t42.1790-2/19339232_677185049146036_3843370498645819392_n.mp4?efg=eyJybHIiOjMyNSwicmxhIjo1MTIsInZlbmNvZGVfdGFnIjoic3ZlX3NkIn0%3D&rl=325&vabr=181&oh=389cc4c29c3cf96fa26171e4fdaa99d0&oe=594C9F4E","type":"video"},{"content":"ONE PUNCH, YOU'RE DEAD:  But there's no law in #NewYork that treats a sucker-punch as a felony, if the victim ends up maimed or dead.  Since last June, several New Yorkers have been knocked into comas--or landed in the morgue--after getting sucker punched.  The perps are usually charged with 3rd degree assault, and the maximum jail time is often =far less= than a year.  The New York State Senate is trying to pass a new bill, named for victim Ildefonso Romero, Jr.  It would turn a sucker punch into a felony.  Romero's family did an extremely emotional interview with PIX 11.  Please watch and share your thoughts on the matter.","profileString":"facebook_page.1386551514902988","postURL":"https://facebook.com/1386551514902988/posts/1927492014142266","avatar":"https://graph.facebook.com/1386551514902988/picture","classification":{"engine":"aylien","language":"en","taxonomy":[{"score":"0.2278","confident":false,"links":[{"link":"https://api.aylien.com/api/v1/classify/taxonomy/iab-qag/IAB6-6","rel":"self"},{"link":"https://api.aylien.com/api/v1/classify/taxonomy/iab-qag/IAB6","rel":"parent"}],"id":"IAB6-6","label":"Parenting teens"},{"score":"0.1916","confident":false,"links":[{"link":"https://api.aylien.com/api/v1/classify/taxonomy/iab-qag/IAB25-3","rel":"self"},{"link":"https://api.aylien.com/api/v1/classify/taxonomy/iab-qag/IAB25","rel":"parent"}],"id":"IAB25-3","label":"Pornography"},{"score":"0.0597","confident":false,"links":[{"link":"https://api.aylien.com/api/v1/classify/taxonomy/iab-qag/IAB9","rel":"self"}],"id":"IAB9","label":"Hobbies & Interests"},{"score":"0.0576","confident":false,"links":[{"link":"https://api.aylien.com/api/v1/classify/taxonomy/iab-qag/IAB25","rel":"self"}],"id":"IAB25","label":"Non-Standard Content"},{"score":"0.0530","confident":false,"links":[{"link":"https://api.aylien.com/api/v1/classify/taxonomy/iab-qag/IAB6","rel":"self"}],"id":"IAB6","label":"Family & Parenting"},{"score":"0.0501","confident":true,"links":[{"link":"https://api.aylien.com/api/v1/classify/taxonomy/iab-qag/IAB17-42","rel":"self"},{"link":"https://api.aylien.com/api/v1/classify/taxonomy/iab-qag/IAB17","rel":"parent"}],"id":"IAB17-42","label":"Walking"},{"score":"0.0498","confident":false,"links":[{"link":"https://api.aylien.com/api/v1/classify/taxonomy/iab-qag/IAB17","rel":"self"}],"id":"IAB17","label":"Sports"},{"score":"0.0482","confident":false,"links":[{"link":"https://api.aylien.com/api/v1/classify/taxonomy/iab-qag/IAB9-4","rel":"self"},{"link":"https://api.aylien.com/api/v1/classify/taxonomy/iab-qag/IAB9","rel":"parent"}],"id":"IAB9-4","label":"Birdwatching"}]},"postidString":"facebook_page.1386551514902988_1927492014142266","postMeta":{"inserted":"content-engine"},"timestamp":1498058319,"sharesRcvd":218,"likesRcvd":117,"source":"facebook_page","lastUpdateQuantum":4995709,"name":"Mary Murphy Mystery","imageLarge":"https://scontent.xx.fbcdn.net/v/t15.0-10/s720x720/19370067_1927494627475338_1438583486020583424_n.jpg?oh=0b6af9fd91dd3a2108cb78b0774f980a&oe=59E1CDB8","objectID":"1927492014142266","repliesRcvd":16,"image":"https://scontent.xx.fbcdn.net/v/t15.0-10/s130x130/19370067_1927494627475338_1438583486020583424_n.jpg?oh=c6df37281ef0f09620846b860633e923&oe=59CA4D9A","username":"marymurphymystery","link":"https://www.facebook.com/marymurphymystery/videos/1927492014142266/","timeQuantum":4993527,"video":"https://video.xx.fbcdn.net/v/t42.1790-2/19328043_1890754297858420_1497469712441802752_n.mp4?efg=eyJybHIiOjM3MiwicmxhIjo1MjUsInZlbmNvZGVfdGFnIjoic3ZlX3NkIn0%3D&rl=372&vabr=207&oh=2eb9eacfe57c12cd6e9af32a70c18082&oe=594D862E","type":"video"},{"content":"Gabe died peacefully in his sleep....","profileString":"facebook_page.1386551514902988","postURL":"https://facebook.com/1386551514902988/posts/1928416607383140","avatar":"https://graph.facebook.com/1386551514902988/picture","classification":{"engine":"aylien","language":"en","taxonomy":[{"score":"0.1591","confident":true,"links":[{"link":"https://api.aylien.com/api/v1/classify/taxonomy/iab-qag/IAB7-40","rel":"self"},{"link":"https://api.aylien.com/api/v1/classify/taxonomy/iab-qag/IAB7","rel":"parent"}],"id":"IAB7-40","label":"Sleep Disorders"},{"score":"0.0789","confident":true,"links":[{"link":"https://api.aylien.com/api/v1/classify/taxonomy/iab-qag/IAB7","rel":"self"}],"id":"IAB7","label":"Health & Fitness"}]},"postidString":"facebook_page.1386551514902988_1520510787979685","postMeta":{"inserted":"content-engine"},"timestamp":1498226077,"sharesRcvd":0,"likesRcvd":18,"source":"facebook_page","lastUpdateQuantum":4995835,"name":"Mary Murphy Mystery","imageLarge":"https://scontent.xx.fbcdn.net/v/t1.0-9/19399634_1520510787979685_3508154901780954067_n.png?oh=ceaa9e90fc0f2a99f4621d5987a6dd0d&oe=59C8526B","originalID":"1386551514902988_1928416607383140","objectID":"1520510787979685","repliesRcvd":2,"image":"https://scontent.xx.fbcdn.net/v/t1.0-0/s130x130/19399634_1520510787979685_3508154901780954067_n.png?oh=06e61d76b5685dff835dd7a0fa9f6dfc&oe=59D8E100","username":"marymurphymystery","link":"https://www.facebook.com/InnerCircleShow/photos/a.196163767081067.48672.187797481251029/1520510787979685/?type=3","timeQuantum":4994086,"title":"The Inner Circle","type":"photo"},{"content":"#WANTED: New York State Police are hunting for these two fugitives from #Tennessee. Jarret Cole Heitman, 24, and Makayla Danielle Stilwell, 22, are wanted for kidnapping and attempted murder.  The male suspect is 6'1 and Stilwell is 5'9.  They were confirmed to be in Pine Bush, NY and may be in Bloomingburg area. If you see them, call state police at \n(845) 344-5300 or (845) 888-2494.","profileString":"facebook_page.1386551514902988","postURL":"https://facebook.com/1386551514902988/posts/1929440427280758","avatar":"https://graph.facebook.com/1386551514902988/picture","classification":{"engine":"aylien","language":"en","taxonomy":[{"score":"0.5006","links":[{"rel":"self","link":"https://api.aylien.com/api/v1/classify/taxonomy/iab-qag/IAB12-3"},{"rel":"parent","link":"https://api.aylien.com/api/v1/classify/taxonomy/iab-qag/IAB12"}],"label":"Local News","id":"IAB12-3","confident":false},{"score":"0.2150","links":[{"rel":"self","link":"https://api.aylien.com/api/v1/classify/taxonomy/iab-qag/IAB25-3"},{"rel":"parent","link":"https://api.aylien.com/api/v1/classify/taxonomy/iab-qag/IAB25"}],"label":"Pornography","id":"IAB25-3","confident":false},{"score":"0.0991","links":[{"rel":"self","link":"https://api.aylien.com/api/v1/classify/taxonomy/iab-qag/IAB2-4"},{"rel":"parent","link":"https://api.aylien.com/api/v1/classify/taxonomy/iab-qag/IAB2"}],"label":"Car Culture","id":"IAB2-4","confident":true},{"score":"0.0697","links":[{"rel":"self","link":"https://api.aylien.com/api/v1/classify/taxonomy/iab-qag/IAB25"}],"label":"Non-Standard Content","id":"IAB25","confident":false},{"score":"0.0626","links":[{"rel":"self","link":"https://api.aylien.com/api/v1/classify/taxonomy/iab-qag/IAB2"}],"label":"Automotive","id":"IAB2","confident":false},{"score":"0.0565","links":[{"rel":"self","link":"https://api.aylien.com/api/v1/classify/taxonomy/iab-qag/IAB12"}],"label":"News","id":"IAB12","confident":false}]},"postidString":"facebook_page.1386551514902988_1929440427280758","postMeta":{"inserted":"content-engine"},"timestamp":1498396270,"sharesRcvd":13,"likesRcvd":5,"source":"facebook_page","lastUpdateQuantum":4995835,"name":"Mary Murphy Mystery","imageLarge":"https://scontent.xx.fbcdn.net/v/t1.0-9/s720x720/19248022_1929440427280758_6115040940557022534_n.jpg?oh=5a098928c10114841fdabd2a33aea469&oe=59D2EF0F","objectID":"1929440427280758","repliesRcvd":4,"image":"https://scontent.xx.fbcdn.net/v/t1.0-0/s130x130/19248022_1929440427280758_6115040940557022534_n.jpg?oh=07fd2e41d54da2915079a698fc29c652&oe=59CDC71A","username":"marymurphymystery","link":"https://www.facebook.com/marymurphymystery/photos/a.1386695011555305.1073741833.1386551514902988/1929440427280758/?type=3","timeQuantum":4994654,"type":"photo","title":"Timeline Photos"},{"content":"$40,000 REWARD:  It's been nearly a year since an 18 year old college student from #Virginia stepped on a plastic bag, tucked into a Central Park boulder, and had his left foot blown up.  Connor Golden, who was on vacation from the University of Miami, had part of his left leg amputated at BELLEVUE HOSPITAL CENTER.  \nThe first anniversary is July 3rd.  Now, the NYPD wants people to submit their photos from that time of year near Central Park. Deputy Commissioner for Counter-Terrorism, John Miller, noted the explosive materials were similar to those used in the recent Manchester Arena bombing that killed 22 people.  Myles NM spoke to the federal ATF investigators, along with the NYPD Chief of Detectives.","profileString":"facebook_page.1386551514902988","postURL":"https://facebook.com/1386551514902988/posts/1931389457085855","avatar":"https://graph.facebook.com/1386551514902988/picture","classification":{"engine":"aylien","language":"en","taxonomy":[{"score":"0.2145","links":[{"rel":"self","link":"https://api.aylien.com/api/v1/classify/taxonomy/iab-qag/IAB16-4"},{"rel":"parent","link":"https://api.aylien.com/api/v1/classify/taxonomy/iab-qag/IAB16"}],"label":"Dogs","id":"IAB16-4","confident":false},{"score":"0.2089","links":[{"rel":"self","link":"https://api.aylien.com/api/v1/classify/taxonomy/iab-qag/IAB14-7"},{"rel":"parent","link":"https://api.aylien.com/api/v1/classify/taxonomy/iab-qag/IAB14"}],"label":"Weddings","id":"IAB14-7","confident":false},{"score":"0.1557","links":[{"rel":"self","link":"https://api.aylien.com/api/v1/classify/taxonomy/iab-qag/IAB20-22"},{"rel":"parent","link":"https://api.aylien.com/api/v1/classify/taxonomy/iab-qag/IAB20"}],"label":"National Parks","id":"IAB20-22","confident":true},{"score":"0.0619","links":[{"rel":"self","link":"https://api.aylien.com/api/v1/classify/taxonomy/iab-qag/IAB20"}],"label":"Travel","id":"IAB20","confident":false},{"score":"0.0605","links":[{"rel":"self","link":"https://api.aylien.com/api/v1/classify/taxonomy/iab-qag/IAB17"}],"label":"Sports","id":"IAB17","confident":false},{"score":"0.0571","links":[{"rel":"self","link":"https://api.aylien.com/api/v1/classify/taxonomy/iab-qag/IAB14"}],"label":"Society","id":"IAB14","confident":false},{"score":"0.0553","links":[{"rel":"self","link":"https://api.aylien.com/api/v1/classify/taxonomy/iab-qag/IAB9"}],"label":"Hobbies & Interests","id":"IAB9","confident":false},{"score":"0.0515","links":[{"rel":"self","link":"https://api.aylien.com/api/v1/classify/taxonomy/iab-qag/IAB9-4"},{"rel":"parent","link":"https://api.aylien.com/api/v1/classify/taxonomy/iab-qag/IAB9"}],"label":"Birdwatching","id":"IAB9-4","confident":false},{"score":"0.0500","links":[{"rel":"self","link":"https://api.aylien.com/api/v1/classify/taxonomy/iab-qag/IAB16"}],"label":"Pets","id":"IAB16","confident":false},{"score":"0.0443","links":[{"rel":"self","link":"https://api.aylien.com/api/v1/classify/taxonomy/iab-qag/IAB17-42"},{"rel":"parent","link":"https://api.aylien.com/api/v1/classify/taxonomy/iab-qag/IAB17"}],"label":"Walking","id":"IAB17-42","confident":false}]},"postidString":"facebook_page.1386551514902988_1931389457085855","postMeta":{"inserted":"content-engine"},"timestamp":1498685825,"sharesRcvd":1,"likesRcvd":4,"source":"facebook_page","lastUpdateQuantum":4995835,"name":"Mary Murphy Mystery","imageLarge":"https://scontent.xx.fbcdn.net/v/t15.0-10/s720x720/19644685_1931396420418492_3694340094161846272_n.jpg?oh=4a751d54cf2e64e8fe86e267ac6dec0c&oe=59D5E110","objectID":"1931389457085855","repliesRcvd":0,"image":"https://scontent.xx.fbcdn.net/v/t15.0-10/s130x130/19644685_1931396420418492_3694340094161846272_n.jpg?oh=2c039f41327e5004d0c6106fda09639b&oe=59DECD32","username":"marymurphymystery","link":"https://www.facebook.com/marymurphymystery/videos/1931389457085855/","timeQuantum":4995619,"video":"https://video.xx.fbcdn.net/v/t42.1790-2/19548159_249544485545793_2356723386530398208_n.mp4?efg=eyJybHIiOjUxMywicmxhIjo2NzYsInZlbmNvZGVfdGFnIjoic3ZlX3NkIn0%3D&rl=513&vabr=285&oh=8af1b87d2c102a67f76a61b5018b59d7&oe=5955A6BE","type":"video"},{"content":"SCREENING LAPTOPS =AND= AIRLINE EMPLOYEES:  John Kelly, the U.S. Secretary for the Department of #HomelandSecurity, announced new, #aviation security measures for airlines that have direct flights to the United States from overseas.  This affects about 2,000 commercial flights daily.  The measures call for enhanced screening of \"personal electronic devices\" and better VETTING of airport staff, before they're hired!  There will also be better measures for detection of \"trace\" explosives.","profileString":"facebook_page.1386551514902988","postURL":"https://facebook.com/1386551514902988/posts/1931404000417734","avatar":"https://graph.facebook.com/1386551514902988/picture","classification":{"engine":"aylien","language":"en","taxonomy":[{"score":"0.3431","links":[{"rel":"self","link":"https://api.aylien.com/api/v1/classify/taxonomy/iab-qag/IAB26-3"},{"rel":"parent","link":"https://api.aylien.com/api/v1/classify/taxonomy/iab-qag/IAB26"}],"label":"Spyware/Malware","id":"IAB26-3","confident":false},{"score":"0.1825","links":[{"rel":"self","link":"https://api.aylien.com/api/v1/classify/taxonomy/iab-qag/IAB25-3"},{"rel":"parent","link":"https://api.aylien.com/api/v1/classify/taxonomy/iab-qag/IAB25"}],"label":"Pornography","id":"IAB25-3","confident":false},{"score":"0.1441","links":[{"rel":"self","link":"https://api.aylien.com/api/v1/classify/taxonomy/iab-qag/IAB15-10"},{"rel":"parent","link":"https://api.aylien.com/api/v1/classify/taxonomy/iab-qag/IAB15"}],"label":"Weather","id":"IAB15-10","confident":false},{"score":"0.1105","links":[{"rel":"self","link":"https://api.aylien.com/api/v1/classify/taxonomy/iab-qag/IAB20-7"},{"rel":"parent","link":"https://api.aylien.com/api/v1/classify/taxonomy/iab-qag/IAB20"}],"label":"Business Travel","id":"IAB20-7","confident":true},{"score":"0.0596","links":[{"rel":"self","link":"https://api.aylien.com/api/v1/classify/taxonomy/iab-qag/IAB20"}],"label":"Travel","id":"IAB20","confident":false},{"score":"0.0595","links":[{"rel":"self","link":"https://api.aylien.com/api/v1/classify/taxonomy/iab-qag/IAB19-28"},{"rel":"parent","link":"https://api.aylien.com/api/v1/classify/taxonomy/iab-qag/IAB19"}],"label":"Portable","id":"IAB19-28","confident":false},{"score":"0.0579","links":[{"rel":"self","link":"https://api.aylien.com/api/v1/classify/taxonomy/iab-qag/IAB19"}],"label":"Technology & Computing","id":"IAB19","confident":false},{"score":"0.0560","links":[{"rel":"self","link":"https://api.aylien.com/api/v1/classify/taxonomy/iab-qag/IAB26"}],"label":"Illegal Content","id":"IAB26","confident":false},{"score":"0.0511","links":[{"rel":"self","link":"https://api.aylien.com/api/v1/classify/taxonomy/iab-qag/IAB25"}],"label":"Non-Standard Content","id":"IAB25","confident":false},{"score":"0.0478","links":[{"rel":"self","link":"https://api.aylien.com/api/v1/classify/taxonomy/iab-qag/IAB15"}],"label":"Science","id":"IAB15","confident":false}]},"postidString":"facebook_page.1386551514902988_1931404000417734","postMeta":{"inserted":"content-engine"},"timestamp":1498687600,"sharesRcvd":2,"likesRcvd":4,"source":"facebook_page","lastUpdateQuantum":4995826,"name":"Mary Murphy Mystery","imageLarge":"https://scontent.xx.fbcdn.net/v/t15.0-10/s720x720/19622042_1931414413750026_8131309905299636224_n.jpg?oh=7e1e3a1a122a0a4976fa3cf5eaa4d5e4&oe=5A0E2DD9","objectID":"1931404000417734","repliesRcvd":1,"image":"https://scontent.xx.fbcdn.net/v/t15.0-10/s130x130/19622042_1931414413750026_8131309905299636224_n.jpg?oh=7508553900728ecfde2c0fb7353eec0f&oe=59C5E8FB","username":"marymurphymystery","link":"https://www.facebook.com/marymurphymystery/videos/1931404000417734/","timeQuantum":4995625,"video":"https://video.xx.fbcdn.net/v/t42.1790-2/19630483_455571951479090_8472482389099020288_n.mp4?efg=eyJybHIiOjMwMCwicmxhIjo1MTIsInZlbmNvZGVfdGFnIjoic3ZlX3NkIn0%3D&rl=300&vabr=79&oh=411bfea96d96a3915689415eaaf77ae4&oe=59566661","type":"video"}]