[{"content":"Our :15 second PSA debuts in homes across the U.S. later this month!  Join us, donate and save lives.  Lisafoundation.org.","profileString":"facebook_page.1411705239122968","postURL":"https://facebook.com/1411705239122968/posts/1726266794333476","avatar":"https://graph.facebook.com/1411705239122968/picture","classification":{"engine":"aylien","language":"en","taxonomy":[{"score":"0.2354","confident":false,"links":[{"link":"https://api.aylien.com/api/v1/classify/taxonomy/iab-qag/IAB10-9","rel":"self"},{"link":"https://api.aylien.com/api/v1/classify/taxonomy/iab-qag/IAB10","rel":"parent"}],"id":"IAB10-9","label":"Remodeling & Construction"},{"score":"0.0709","confident":false,"links":[{"link":"https://api.aylien.com/api/v1/classify/taxonomy/iab-qag/IAB10","rel":"self"}],"id":"IAB10","label":"Home & Garden"}]},"postidString":"facebook_page.1411705239122968_1726266794333476","postMeta":{"inserted":"content-engine"},"timestamp":1495120233,"sharesRcvd":9,"likesRcvd":32,"source":"facebook_page","lastUpdateQuantum":4984419,"name":"The Lisa Colagrossi Foundation","imageLarge":"https://scontent.xx.fbcdn.net/v/t15.0-10/s720x720/18597765_1726266934333462_9119353808755884032_n.jpg?oh=f563bbb17317c8399994ec9a18047884&oe=59B97D8E","objectID":"1726266794333476","repliesRcvd":0,"image":"https://scontent.xx.fbcdn.net/v/t15.0-10/s130x130/18597765_1726266934333462_9119353808755884032_n.jpg?oh=42abe9889beff09c6449798ba52459f3&oe=59AE48AC","username":"lisafoundation","link":"https://www.facebook.com/lisafoundation/videos/1726266794333476/","timeQuantum":4983734,"video":"https://video.xx.fbcdn.net/v/t42.1790-2/18568289_297272220724049_6098365905438244864_n.mp4?efg=eyJybHIiOjMwMCwicmxhIjo1MTIsInZlbmNvZGVfdGFnIjoic3ZlX3NkIn0%3D&rl=300&vabr=93&oh=143647f3fd907d44d3b9d097c08fe30f&oe=5920C8C6","type":"video"},{"content":"Join the leader in saving lives from Brain Aneurysms!  Learn more about us.  We are making changes to our website and want to hear from you.  Tell us what you would like to see or just leave a comment by emailing us at info@lisafoundation.org.  Lost someone or survived a Brain Aneurysm?  Share your personal story on our website.  Visit lisafoundation.org","profileString":"facebook_page.1411705239122968","postURL":"https://facebook.com/1411705239122968/posts/1726269414333214","avatar":"https://graph.facebook.com/1411705239122968/picture","classification":{"engine":"aylien","language":"en","taxonomy":[{"score":"0.2524","confident":true,"links":[{"link":"https://api.aylien.com/api/v1/classify/taxonomy/iab-qag/IAB7-10","rel":"self"},{"link":"https://api.aylien.com/api/v1/classify/taxonomy/iab-qag/IAB7","rel":"parent"}],"id":"IAB7-10","label":"Brain Tumor"},{"score":"0.2223","confident":false,"links":[{"link":"https://api.aylien.com/api/v1/classify/taxonomy/iab-qag/IAB6-6","rel":"self"},{"link":"https://api.aylien.com/api/v1/classify/taxonomy/iab-qag/IAB6","rel":"parent"}],"id":"IAB6-6","label":"Parenting teens"},{"score":"0.1197","confident":true,"links":[{"link":"https://api.aylien.com/api/v1/classify/taxonomy/iab-qag/IAB7","rel":"self"}],"id":"IAB7","label":"Health & Fitness"},{"score":"0.0976","confident":true,"links":[{"link":"https://api.aylien.com/api/v1/classify/taxonomy/iab-qag/IAB6","rel":"self"}],"id":"IAB6","label":"Family & Parenting"}]},"postidString":"facebook_page.1411705239122968_1726269414333214","postMeta":{"inserted":"content-engine"},"timestamp":1495120677,"sharesRcvd":9,"likesRcvd":47,"source":"facebook_page","lastUpdateQuantum":4984419,"name":"The Lisa Colagrossi Foundation","imageLarge":"https://external.xx.fbcdn.net/safe_image.php?d=AQBZeX-Qp6zdEZTv&url=http%3A%2F%2Flisafoundation.org%2Fwp-content%2Fuploads%2F2017%2F05%2Fhero-first-psa.jpg&_nc_hash=AQD9PqNpOUHaZRId","repliesRcvd":0,"image":"https://external.xx.fbcdn.net/safe_image.php?d=AQAd85YRbRqX3Tr2&w=130&h=130&url=http%3A%2F%2Flisafoundation.org%2Fwp-content%2Fuploads%2F2017%2F05%2Fhero-first-psa.jpg&cfs=1&_nc_hash=AQDGItuXzEdhwgod","username":"lisafoundation","link":"http://lisafoundation.org/","timeQuantum":4983735,"title":"Lisa Colagrossi Foundation – Shedding light on brain aneurysms","type":"link"},{"content":"A great organization and great people.  Please support our Maine brothers and sisters for Brain Aneurysms if you and visit their page to see the wonderful work they do.","profileString":"facebook_page.1411705239122968","postURL":"https://facebook.com/1411705239122968/posts/1726617110965111","avatar":"https://graph.facebook.com/1411705239122968/picture","classification":{"engine":"aylien","language":"en","taxonomy":[{"score":"0.2441","confident":false,"links":[{"link":"https://api.aylien.com/api/v1/classify/taxonomy/iab-qag/IAB1-4","rel":"self"},{"link":"https://api.aylien.com/api/v1/classify/taxonomy/iab-qag/IAB1","rel":"parent"}],"id":"IAB1-4","label":"Humor"},{"score":"0.2328","confident":false,"links":[{"link":"https://api.aylien.com/api/v1/classify/taxonomy/iab-qag/IAB25-5","rel":"self"},{"link":"https://api.aylien.com/api/v1/classify/taxonomy/iab-qag/IAB25","rel":"parent"}],"id":"IAB25-5","label":"Hate Content"},{"score":"0.2083","confident":false,"links":[{"link":"https://api.aylien.com/api/v1/classify/taxonomy/iab-qag/IAB14-7","rel":"self"},{"link":"https://api.aylien.com/api/v1/classify/taxonomy/iab-qag/IAB14","rel":"parent"}],"id":"IAB14-7","label":"Weddings"},{"score":"0.0952","confident":true,"links":[{"link":"https://api.aylien.com/api/v1/classify/taxonomy/iab-qag/IAB7-2","rel":"self"},{"link":"https://api.aylien.com/api/v1/classify/taxonomy/iab-qag/IAB7","rel":"parent"}],"id":"IAB7-2","label":"A.D.D."},{"score":"0.0695","confident":false,"links":[{"link":"https://api.aylien.com/api/v1/classify/taxonomy/iab-qag/IAB7","rel":"self"}],"id":"IAB7","label":"Health & Fitness"},{"score":"0.0613","confident":false,"links":[{"link":"https://api.aylien.com/api/v1/classify/taxonomy/iab-qag/IAB14","rel":"self"}],"id":"IAB14","label":"Society"},{"score":"0.0602","confident":false,"links":[{"link":"https://api.aylien.com/api/v1/classify/taxonomy/iab-qag/IAB25","rel":"self"}],"id":"IAB25","label":"Non-Standard Content"},{"score":"0.0571","confident":false,"links":[{"link":"https://api.aylien.com/api/v1/classify/taxonomy/iab-qag/IAB1","rel":"self"}],"id":"IAB1","label":"Arts & Entertainment"}]},"postidString":"facebook_page.1411705239122968_278694778886648","postMeta":{"inserted":"content-engine"},"timestamp":1495201650,"sharesRcvd":0,"likesRcvd":4,"source":"facebook_page","lastUpdateQuantum":4984419,"name":"The Lisa Colagrossi Foundation","imageLarge":"https://external.xx.fbcdn.net/safe_image.php?d=AQBPiShyCpEDs4Dz&url=https%3A%2F%2Fscontent.xx.fbcdn.net%2Fv%2Ft1.0-1%2F12278859_878109688945151_8716002487415216757_n.jpg%3Foh%3D551a13e65f1d0c7e55db0a57936a20dc%26oe%3D597919BB&_nc_hash=AQDXwuRw3bSQjmPH","originalID":"1411705239122968_1726617110965111","objectID":"278694778886648","repliesRcvd":0,"image":"https://scontent.xx.fbcdn.net/v/t1.0-1/12278859_878109688945151_8716002487415216757_n.jpg?oh=551a13e65f1d0c7e55db0a57936a20dc&oe=597919BB","username":"lisafoundation","link":"https://www.facebook.com/KatWalkKaro5k/","timeQuantum":4984005,"title":"KAT-Walk & Karo 5K For Maine Brain Aneurysm Awareness","type":"link"},{"content":"wcyb.com","profileString":"facebook_page.1411705239122968","postURL":"https://facebook.com/1411705239122968/posts/1726668197626669","avatar":"https://graph.facebook.com/1411705239122968/picture","classification":{"engine":"aylien","language":"en","taxonomy":[{"score":"0.1647","confident":true,"links":[{"link":"https://api.aylien.com/api/v1/classify/taxonomy/iab-qag/IAB7","rel":"self"}],"id":"IAB7","label":"Health & Fitness"},{"score":"0.0834","confident":true,"links":[{"link":"https://api.aylien.com/api/v1/classify/taxonomy/iab-qag/IAB7-24","rel":"self"},{"link":"https://api.aylien.com/api/v1/classify/taxonomy/iab-qag/IAB7","rel":"parent"}],"id":"IAB7-24","label":"Heart Disease"}]},"postidString":"facebook_page.1411705239122968_1726668197626669","postMeta":{"inserted":"content-engine"},"timestamp":1495210776,"sharesRcvd":14,"likesRcvd":59,"source":"facebook_page","lastUpdateQuantum":4984419,"name":"The Lisa Colagrossi Foundation","imageLarge":"https://external.xx.fbcdn.net/safe_image.php?d=AQCWyhgd7xXx9CRT&url=http%3A%2F%2Fstatic.lakana.com%2Fbmg-wcybtv-media-us-east-1%2Fphoto%2F2017%2F05%2F18%2Femergency%2520pic_1495144210328_6801012_ver1.0_640_360.bmp&_nc_hash=AQB2OoQ7i7FSRHpJ","repliesRcvd":0,"image":"https://external.xx.fbcdn.net/safe_image.php?d=AQDahfspNVYRVX-5&w=130&h=130&url=http%3A%2F%2Fstatic.lakana.com%2Fbmg-wcybtv-media-us-east-1%2Fphoto%2F2017%2F05%2F18%2Femergency%2520pic_1495144210328_6801012_ver1.0_640_360.bmp&cfs=1&_nc_hash=AQAlu8rPx_X6AH6M","username":"lisafoundation","link":"http://www.wcyb.com/news/tennessee/johnson-city/jcmc-touts-new-procedure-saving-stroke-and-aneurysm-victims/505152105","timeQuantum":4984035,"title":"JCMC touts new procedure saving stroke and aneurysm victims","type":"link"}]