[{"content":"http://www.nbcnewyork.com/news/local/FDNY-Firefighter-William-Tolley-Wake-Long-Island-420433473.html","profileString":"facebook_page.146076218883251","postURL":"https://facebook.com/146076218883251/posts/779100392247494","avatar":"https://graph.facebook.com/146076218883251/picture","classification":{"engine":"aylien","language":"en","taxonomy":[{"score":"0.2430","links":[{"rel":"self","link":"https://api.aylien.com/api/v1/classify/taxonomy/iab-qag/IAB6-6"},{"rel":"parent","link":"https://api.aylien.com/api/v1/classify/taxonomy/iab-qag/IAB6"}],"label":"Parenting teens","id":"IAB6-6","confident":false},{"score":"0.0748","links":[{"rel":"self","link":"https://api.aylien.com/api/v1/classify/taxonomy/iab-qag/IAB6"}],"label":"Family & Parenting","id":"IAB6","confident":false}]},"postidString":"facebook_page.146076218883251_779100392247494","postMeta":{"inserted":"content-engine"},"timestamp":1493217598,"sharesRcvd":0,"likesRcvd":2,"source":"facebook_page","lastUpdateQuantum":4984204,"name":"Checkey Beckford NBC New York","imageLarge":"https://external.xx.fbcdn.net/safe_image.php?d=AQAJnn7c1ftoZ11z&url=http%3A%2F%2Fmedia.nbcnewyork.com%2Fimages%2F1200%2A675%2Fwilliam%2Btolley%2Bwake.jpg&_nc_hash=AQDNEA-V40pfE2QT","repliesRcvd":0,"image":"https://external.xx.fbcdn.net/safe_image.php?d=AQDDIFcapegNhUHC&w=130&h=130&url=http%3A%2F%2Fmedia.nbcnewyork.com%2Fimages%2F1200%2A675%2Fwilliam%2Btolley%2Bwake.jpg&cfs=1&sx=525&sy=0&sw=675&sh=675&_nc_hash=AQDedIhz4ZoyFDWk","username":"Checkey4NewYork","link":"http://www.nbcnewyork.com/news/local/FDNY-Firefighter-William-Tolley-Wake-Long-Island-420433473.html","timeQuantum":4977391,"type":"link","title":"FDNY Firefighter Killed on Job Mourned at Long Island Wake"},{"content":"http://4.nbcny.com/XmslKbO","profileString":"facebook_page.146076218883251","postURL":"https://facebook.com/146076218883251/posts/779695725521294","avatar":"https://graph.facebook.com/146076218883251/picture","classification":{"engine":"aylien","language":"en","taxonomy":[{"score":"0.1256","links":[{"rel":"self","link":"https://api.aylien.com/api/v1/classify/taxonomy/iab-qag/IAB7-1"},{"rel":"parent","link":"https://api.aylien.com/api/v1/classify/taxonomy/iab-qag/IAB7"}],"label":"Exercise","id":"IAB7-1","confident":true},{"score":"0.0984","links":[{"rel":"self","link":"https://api.aylien.com/api/v1/classify/taxonomy/iab-qag/IAB7"}],"label":"Health & Fitness","id":"IAB7","confident":true}]},"postidString":"facebook_page.146076218883251_779695725521294","postMeta":{"inserted":"content-engine"},"timestamp":1493311026,"sharesRcvd":0,"likesRcvd":2,"source":"facebook_page","lastUpdateQuantum":4984204,"name":"Checkey Beckford NBC New York","imageLarge":"https://external.xx.fbcdn.net/safe_image.php?d=AQB3qFwKAIfTfqvd&url=http%3A%2F%2Fmedia.nbcnewyork.com%2Fimages%2F1200%2A675%2FNUCLEAR%2BEXERCISE%2BMETLIFE%2BSTADIUM%2BNJ%2Bphotos%2B-%2B01001805_WNBC_0000.jpg&_nc_hash=AQCq6TEsFNI7kwZs","repliesRcvd":0,"image":"https://external.xx.fbcdn.net/safe_image.php?d=AQADtO0K4yXUOLNE&w=130&h=130&url=http%3A%2F%2Fmedia.nbcnewyork.com%2Fimages%2F1200%2A675%2FNUCLEAR%2BEXERCISE%2BMETLIFE%2BSTADIUM%2BNJ%2Bphotos%2B-%2B01001805_WNBC_0000.jpg&cfs=1&_nc_hash=AQBgT8_2qg7VINXo","username":"Checkey4NewYork","link":"http://4.nbcny.com/XmslKbO","timeQuantum":4977703,"type":"link","title":"How Authorities Prepare for Nuclear Blast in NYC Area"},{"content":"Did your teen's high school make the list? 📓📚📝\nhttp://4.nbcny.com/ti2CL8X","profileString":"facebook_page.146076218883251","postURL":"https://facebook.com/146076218883251/posts/779697455521121","avatar":"https://graph.facebook.com/146076218883251/picture","classification":{"engine":"aylien","language":"en","taxonomy":[{"score":"0.1877","links":[{"rel":"self","link":"https://api.aylien.com/api/v1/classify/taxonomy/iab-qag/IAB5"}],"label":"Education","id":"IAB5","confident":true},{"score":"0.1046","links":[{"rel":"self","link":"https://api.aylien.com/api/v1/classify/taxonomy/iab-qag/IAB5-13"},{"rel":"parent","link":"https://api.aylien.com/api/v1/classify/taxonomy/iab-qag/IAB5"}],"label":"Private School","id":"IAB5-13","confident":false}]},"postidString":"facebook_page.146076218883251_779697455521121","postMeta":{"inserted":"content-engine"},"timestamp":1493311162,"sharesRcvd":0,"likesRcvd":0,"source":"facebook_page","lastUpdateQuantum":4984204,"name":"Checkey Beckford NBC New York","imageLarge":"https://external.xx.fbcdn.net/safe_image.php?d=AQBK6lmxxL7weMry&url=http%3A%2F%2Fmedia.nbcnewyork.com%2Fimages%2F1200%2A675%2FGeneric%2BLockers%2BGeneric%2BSchool%2BGeneric.JPG&_nc_hash=AQBPE-hRzlRLPjaf","repliesRcvd":0,"image":"https://external.xx.fbcdn.net/safe_image.php?d=AQA5p5goGHsonW4I&w=130&h=130&url=http%3A%2F%2Fmedia.nbcnewyork.com%2Fimages%2F1200%2A675%2FGeneric%2BLockers%2BGeneric%2BSchool%2BGeneric.JPG&cfs=1&_nc_hash=AQAturtTH6oKFo-Q","username":"Checkey4NewYork","link":"http://4.nbcny.com/ti2CL8X","timeQuantum":4977703,"type":"link","title":"17 Local High Schools Ranked Among Top 100 in the Country"},{"content":"He went to jail for punching a Times Square tourist, has a history of mental illness but the man known for \"Free Hugs\" sign is back on the streets. And he's already been reported to police for harassing a woman. His stunning admission to me... \nhttps://twitter.com/checkey4ny/status/857783798272053252","profileString":"facebook_page.146076218883251","postURL":"https://facebook.com/146076218883251/posts/779931142164419","avatar":"https://graph.facebook.com/146076218883251/picture","classification":{"engine":"aylien","language":"en","taxonomy":[{"score":"0.2048","confident":false,"links":[{"link":"https://api.aylien.com/api/v1/classify/taxonomy/iab-qag/IAB25-4","rel":"self"},{"link":"https://api.aylien.com/api/v1/classify/taxonomy/iab-qag/IAB25","rel":"parent"}],"id":"IAB25-4","label":"Profane Content"},{"score":"0.0800","confident":true,"links":[{"link":"https://api.aylien.com/api/v1/classify/taxonomy/iab-qag/IAB7-2","rel":"self"},{"link":"https://api.aylien.com/api/v1/classify/taxonomy/iab-qag/IAB7","rel":"parent"}],"id":"IAB7-2","label":"A.D.D."},{"score":"0.0713","confident":false,"links":[{"link":"https://api.aylien.com/api/v1/classify/taxonomy/iab-qag/IAB7","rel":"self"}],"id":"IAB7","label":"Health & Fitness"},{"score":"0.0595","confident":false,"links":[{"link":"https://api.aylien.com/api/v1/classify/taxonomy/iab-qag/IAB9","rel":"self"}],"id":"IAB9","label":"Hobbies & Interests"},{"score":"0.0573","confident":false,"links":[{"link":"https://api.aylien.com/api/v1/classify/taxonomy/iab-qag/IAB25","rel":"self"}],"id":"IAB25","label":"Non-Standard Content"},{"score":"0.0503","confident":false,"links":[{"link":"https://api.aylien.com/api/v1/classify/taxonomy/iab-qag/IAB9-23","rel":"self"},{"link":"https://api.aylien.com/api/v1/classify/taxonomy/iab-qag/IAB9","rel":"parent"}],"id":"IAB9-23","label":"Photography"}]},"postidString":"facebook_page.146076218883251_779931142164419","postMeta":{"inserted":"content-engine"},"timestamp":1493347678,"sharesRcvd":1,"likesRcvd":5,"source":"facebook_page","lastUpdateQuantum":4984204,"name":"Checkey Beckford NBC New York","imageLarge":"https://external.xx.fbcdn.net/safe_image.php?d=AQBYNEeNsYXYN4LF&w=320&h=320&url=https%3A%2F%2Fpbs.twimg.com%2Fext_tw_video_thumb%2F857783556713533441%2Fpu%2Fimg%2FA3apRXme8Hyte-mL.jpg&cfs=1&sx=198&sy=0&sw=320&sh=320&_nc_hash=AQD8q6vZ7vrMs-hX","repliesRcvd":0,"image":"https://external.xx.fbcdn.net/safe_image.php?d=AQDJIX4EGKaqq9VP&w=130&h=130&url=https%3A%2F%2Fpbs.twimg.com%2Fext_tw_video_thumb%2F857783556713533441%2Fpu%2Fimg%2FA3apRXme8Hyte-mL.jpg&cfs=1&sx=198&sy=0&sw=320&sh=320&_nc_hash=AQC2XFw04gl3vjGB","username":"Checkey4NewYork","link":"https://twitter.com/checkey4ny/status/857783798272053252","timeQuantum":4977825,"video":"https://twitter.com/i/videos/857783798272053252?embed_source=facebook","title":"Checkey Beckford on Twitter","type":"video"},{"content":"On a story in #Newark last night, came across Stephen Bryant aka \"Flash\", I think. He's all about bike safety. #RideOn Flash 👍🏾","profileString":"facebook_page.146076218883251","postURL":"https://facebook.com/146076218883251/posts/780270132130520","avatar":"https://graph.facebook.com/146076218883251/picture","classification":{"engine":"aylien","language":"en","taxonomy":[{"score":"0.2303","confident":false,"links":[{"link":"https://api.aylien.com/api/v1/classify/taxonomy/iab-qag/IAB1-2","rel":"self"},{"link":"https://api.aylien.com/api/v1/classify/taxonomy/iab-qag/IAB1","rel":"parent"}],"id":"IAB1-2","label":"Celebrity Fan/Gossip"},{"score":"0.1746","confident":true,"links":[{"link":"https://api.aylien.com/api/v1/classify/taxonomy/iab-qag/IAB17-21","rel":"self"},{"link":"https://api.aylien.com/api/v1/classify/taxonomy/iab-qag/IAB17","rel":"parent"}],"id":"IAB17-21","label":"Mountain Biking"},{"score":"0.1307","confident":true,"links":[{"link":"https://api.aylien.com/api/v1/classify/taxonomy/iab-qag/IAB2-15","rel":"self"},{"link":"https://api.aylien.com/api/v1/classify/taxonomy/iab-qag/IAB2","rel":"parent"}],"id":"IAB2-15","label":"Motorcycles"},{"score":"0.0661","confident":false,"links":[{"link":"https://api.aylien.com/api/v1/classify/taxonomy/iab-qag/IAB17","rel":"self"}],"id":"IAB17","label":"Sports"},{"score":"0.0657","confident":false,"links":[{"link":"https://api.aylien.com/api/v1/classify/taxonomy/iab-qag/IAB9","rel":"self"}],"id":"IAB9","label":"Hobbies & Interests"},{"score":"0.0576","confident":false,"links":[{"link":"https://api.aylien.com/api/v1/classify/taxonomy/iab-qag/IAB2","rel":"self"}],"id":"IAB2","label":"Automotive"},{"score":"0.0560","confident":false,"links":[{"link":"https://api.aylien.com/api/v1/classify/taxonomy/iab-qag/IAB9-23","rel":"self"},{"link":"https://api.aylien.com/api/v1/classify/taxonomy/iab-qag/IAB9","rel":"parent"}],"id":"IAB9-23","label":"Photography"},{"score":"0.0533","confident":false,"links":[{"link":"https://api.aylien.com/api/v1/classify/taxonomy/iab-qag/IAB1","rel":"self"}],"id":"IAB1","label":"Arts & Entertainment"}]},"postidString":"facebook_page.146076218883251_780270132130520","postMeta":{"inserted":"content-engine"},"timestamp":1493406620,"sharesRcvd":0,"likesRcvd":2,"source":"facebook_page","lastUpdateQuantum":4984204,"name":"Checkey Beckford NBC New York","imageLarge":"https://scontent.xx.fbcdn.net/v/t1.0-9/s720x720/18199356_780270132130520_7234532592006172208_n.jpg?oh=35c445f3d54140ace18f96c47e3e3628&oe=59803E2B","objectID":"780270132130520","repliesRcvd":0,"image":"https://scontent.xx.fbcdn.net/v/t1.0-0/s130x130/18199356_780270132130520_7234532592006172208_n.jpg?oh=80363a7b0f9ad571548c0a4a85ee2aaa&oe=59BF41D4","username":"Checkey4NewYork","link":"https://www.facebook.com/Checkey4NewYork/photos/a.537022313121971.1073741826.146076218883251/780270132130520/?type=3","timeQuantum":4978022,"title":"Timeline Photos","type":"photo"},{"content":"Rarely do I get to do \"feel good\" stories so when I do it's a true pleasure! Anil Venavalli of Piscataway had his work bag stolen while he was in the middle of jumping onto train tracks to rescue a woman who had collapsed. Today Edison Police gave him a $1000 check to buy back his laptop and other stolen items. And, get this, while accepting the check Venavalli said the amount was too much, more than the cost of his items and wanted to give some of the money back. The chief simply told him, \"that's OK\".  😊#nbc4ny","profileString":"facebook_page.146076218883251","postURL":"https://facebook.com/146076218883251/posts/782099995280867","avatar":"https://graph.facebook.com/146076218883251/picture","classification":{"engine":"aylien","language":"en","taxonomy":[{"score":"0.4879","confident":false,"links":[{"link":"https://api.aylien.com/api/v1/classify/taxonomy/iab-qag/IAB12-3","rel":"self"},{"link":"https://api.aylien.com/api/v1/classify/taxonomy/iab-qag/IAB12","rel":"parent"}],"id":"IAB12-3","label":"Local News"},{"score":"0.3100","confident":false,"links":[{"link":"https://api.aylien.com/api/v1/classify/taxonomy/iab-qag/IAB26-4","rel":"self"},{"link":"https://api.aylien.com/api/v1/classify/taxonomy/iab-qag/IAB26","rel":"parent"}],"id":"IAB26-4","label":"Copyright Infringement"},{"score":"0.3084","confident":false,"links":[{"link":"https://api.aylien.com/api/v1/classify/taxonomy/iab-qag/IAB18-6","rel":"self"},{"link":"https://api.aylien.com/api/v1/classify/taxonomy/iab-qag/IAB18","rel":"parent"}],"id":"IAB18-6","label":"Accessories"},{"score":"0.0836","confident":false,"links":[{"link":"https://api.aylien.com/api/v1/classify/taxonomy/iab-qag/IAB2-13","rel":"self"},{"link":"https://api.aylien.com/api/v1/classify/taxonomy/iab-qag/IAB2","rel":"parent"}],"id":"IAB2-13","label":"Luxury"},{"score":"0.0585","confident":false,"links":[{"link":"https://api.aylien.com/api/v1/classify/taxonomy/iab-qag/IAB18","rel":"self"}],"id":"IAB18","label":"Style & Fashion"},{"score":"0.0560","confident":false,"links":[{"link":"https://api.aylien.com/api/v1/classify/taxonomy/iab-qag/IAB9-23","rel":"self"},{"link":"https://api.aylien.com/api/v1/classify/taxonomy/iab-qag/IAB9","rel":"parent"}],"id":"IAB9-23","label":"Photography"},{"score":"0.0510","confident":false,"links":[{"link":"https://api.aylien.com/api/v1/classify/taxonomy/iab-qag/IAB12","rel":"self"}],"id":"IAB12","label":"News"},{"score":"0.0500","confident":false,"links":[{"link":"https://api.aylien.com/api/v1/classify/taxonomy/iab-qag/IAB2","rel":"self"}],"id":"IAB2","label":"Automotive"},{"score":"0.0481","confident":false,"links":[{"link":"https://api.aylien.com/api/v1/classify/taxonomy/iab-qag/IAB26","rel":"self"}],"id":"IAB26","label":"Illegal Content"},{"score":"0.0470","confident":false,"links":[{"link":"https://api.aylien.com/api/v1/classify/taxonomy/iab-qag/IAB9","rel":"self"}],"id":"IAB9","label":"Hobbies & Interests"}]},"postidString":"facebook_page.146076218883251_782099995280867","postMeta":{"inserted":"content-engine"},"timestamp":1493690167,"sharesRcvd":0,"likesRcvd":5,"source":"facebook_page","lastUpdateQuantum":4984204,"name":"Checkey Beckford NBC New York","imageLarge":"https://scontent.xx.fbcdn.net/v/t1.0-0/p180x540/18274694_782099995280867_1692286120082764533_n.jpg?oh=acc9f1f1de243c57516baca13796606f&oe=5987CFBE","objectID":"782099995280867","repliesRcvd":1,"image":"https://scontent.xx.fbcdn.net/v/t1.0-0/s130x130/18274694_782099995280867_1692286120082764533_n.jpg?oh=01bbf804852bca89965a4f440439b378&oe=59C0547F","username":"Checkey4NewYork","link":"https://www.facebook.com/Checkey4NewYork/photos/a.537022313121971.1073741826.146076218883251/782099995280867/?type=3","timeQuantum":4978967,"title":"Timeline Photos","type":"photo"},{"content":"Here's one you done see everyday...","profileString":"facebook_page.146076218883251","postURL":"https://facebook.com/146076218883251/posts/782530671904466","avatar":"https://graph.facebook.com/146076218883251/picture","classification":{"engine":"aylien","language":"en","taxonomy":[{"score":"0.2032","confident":true,"links":[{"link":"https://api.aylien.com/api/v1/classify/taxonomy/iab-qag/IAB17-2","rel":"self"},{"link":"https://api.aylien.com/api/v1/classify/taxonomy/iab-qag/IAB17","rel":"parent"}],"id":"IAB17-2","label":"Baseball"},{"score":"0.1064","confident":true,"links":[{"link":"https://api.aylien.com/api/v1/classify/taxonomy/iab-qag/IAB17","rel":"self"}],"id":"IAB17","label":"Sports"},{"score":"0.0873","confident":true,"links":[{"link":"https://api.aylien.com/api/v1/classify/taxonomy/iab-qag/IAB9","rel":"self"}],"id":"IAB9","label":"Hobbies & Interests"},{"score":"0.0508","confident":false,"links":[{"link":"https://api.aylien.com/api/v1/classify/taxonomy/iab-qag/IAB9-7","rel":"self"},{"link":"https://api.aylien.com/api/v1/classify/taxonomy/iab-qag/IAB9","rel":"parent"}],"id":"IAB9-7","label":"Card Games"}]},"postidString":"facebook_page.146076218883251_782530671904466","postMeta":{"inserted":"content-engine"},"timestamp":1493757061,"sharesRcvd":1,"likesRcvd":2,"source":"facebook_page","lastUpdateQuantum":4984204,"name":"Checkey Beckford NBC New York","imageLarge":"https://external.xx.fbcdn.net/safe_image.php?d=AQB0nWTzcJBxzU2J&url=http%3A%2F%2Fmedia.nbcnewyork.com%2Fimages%2F1200%2A675%2FMets-Reds-26-June-2015.jpg&_nc_hash=AQDNbxkWO9PV9yzg","repliesRcvd":0,"image":"https://external.xx.fbcdn.net/safe_image.php?d=AQAOYwL8ptRvXxYO&w=130&h=130&url=http%3A%2F%2Fmedia.nbcnewyork.com%2Fimages%2F1200%2A675%2FMets-Reds-26-June-2015.jpg&cfs=1&_nc_hash=AQAzP0bikmARZDwN","username":"Checkey4NewYork","link":"http://4.nbcny.com/v61PqD5","timeQuantum":4979190,"title":"NYC Man Hoping to Flush Friend's Ashes at Ballpark Bathrooms Nationwide","type":"link"},{"content":"Emotional vigil tonight for Brooklyn mother of 6, MTA conductor as she was coming home from work. #nbc4ny","profileString":"facebook_page.146076218883251","postURL":"https://facebook.com/146076218883251/posts/782653748558825","avatar":"https://graph.facebook.com/146076218883251/picture","classification":{"engine":"aylien","language":"en","taxonomy":[{"score":"0.0823","confident":true,"links":[{"link":"https://api.aylien.com/api/v1/classify/taxonomy/iab-qag/IAB9","rel":"self"}],"id":"IAB9","label":"Hobbies & Interests"},{"score":"0.0555","confident":false,"links":[{"link":"https://api.aylien.com/api/v1/classify/taxonomy/iab-qag/IAB9-23","rel":"self"},{"link":"https://api.aylien.com/api/v1/classify/taxonomy/iab-qag/IAB9","rel":"parent"}],"id":"IAB9-23","label":"Photography"}]},"postidString":"facebook_page.146076218883251_782653748558825","postMeta":{"inserted":"content-engine"},"timestamp":1493775496,"sharesRcvd":0,"likesRcvd":3,"source":"facebook_page","lastUpdateQuantum":4984204,"name":"Checkey Beckford NBC New York","imageLarge":"https://scontent.xx.fbcdn.net/v/t1.0-9/s720x720/18301479_782653748558825_1904068575992306813_n.jpg?oh=f262583f9df866d6a728cb60fb22f2b5&oe=59763112","objectID":"782653748558825","repliesRcvd":0,"image":"https://scontent.xx.fbcdn.net/v/t1.0-0/s130x130/18301479_782653748558825_1904068575992306813_n.jpg?oh=a1d25b1a58eb3475f9561cc24cc69d9f&oe=598448ED","username":"Checkey4NewYork","link":"https://www.facebook.com/Checkey4NewYork/photos/a.537022313121971.1073741826.146076218883251/782653748558825/?type=3","timeQuantum":4979251,"title":"Timeline Photos","type":"photo"},{"content":"The \"I want more treats\" look 👀...\nGets me every time!!","profileString":"facebook_page.146076218883251","postURL":"https://facebook.com/146076218883251/posts/782945225196344","avatar":"https://graph.facebook.com/146076218883251/picture","classification":{"engine":"aylien","language":"en","taxonomy":[{"score":"0.1095","confident":true,"links":[{"link":"https://api.aylien.com/api/v1/classify/taxonomy/iab-qag/IAB9","rel":"self"}],"id":"IAB9","label":"Hobbies & Interests"},{"score":"0.0605","confident":false,"links":[{"link":"https://api.aylien.com/api/v1/classify/taxonomy/iab-qag/IAB9-23","rel":"self"},{"link":"https://api.aylien.com/api/v1/classify/taxonomy/iab-qag/IAB9","rel":"parent"}],"id":"IAB9-23","label":"Photography"}]},"postidString":"facebook_page.146076218883251_782945225196344","postMeta":{"inserted":"content-engine"},"timestamp":1493827113,"sharesRcvd":0,"likesRcvd":9,"source":"facebook_page","lastUpdateQuantum":4984204,"name":"Checkey Beckford NBC New York","imageLarge":"https://scontent.xx.fbcdn.net/v/t1.0-9/q83/s720x720/18274971_782945225196344_5339059856839884314_n.jpg?oh=97fc9fcef51e063c941927d5a0fb7539&oe=59BB2F85","objectID":"782945225196344","repliesRcvd":0,"image":"https://scontent.xx.fbcdn.net/v/t1.0-0/s130x130/18274971_782945225196344_5339059856839884314_n.jpg?oh=c2e1d5a5a9ff9996e41209fd2fc41281&oe=59763BAF","username":"Checkey4NewYork","link":"https://www.facebook.com/Checkey4NewYork/photos/a.537022313121971.1073741826.146076218883251/782945225196344/?type=3","timeQuantum":4979423,"title":"Timeline Photos","type":"photo"},{"content":"HOW did they pull this off?? \nMore importantly... WHY?? \nThe mysteries of the universe...","profileString":"facebook_page.146076218883251","postURL":"https://facebook.com/146076218883251/posts/782946161862917","avatar":"https://graph.facebook.com/146076218883251/picture","classification":{"engine":"aylien","language":"en","taxonomy":[{"score":"0.1161","confident":false,"links":[{"link":"https://api.aylien.com/api/v1/classify/taxonomy/iab-qag/IAB8-11","rel":"self"},{"link":"https://api.aylien.com/api/v1/classify/taxonomy/iab-qag/IAB8","rel":"parent"}],"id":"IAB8-11","label":"French Cuisine"},{"score":"0.0785","confident":true,"links":[{"link":"https://api.aylien.com/api/v1/classify/taxonomy/iab-qag/IAB8","rel":"self"}],"id":"IAB8","label":"Food & Drink"}]},"postidString":"facebook_page.146076218883251_782946161862917","postMeta":{"inserted":"content-engine"},"timestamp":1493827293,"sharesRcvd":0,"likesRcvd":4,"source":"facebook_page","lastUpdateQuantum":4984204,"name":"Checkey Beckford NBC New York","imageLarge":"https://external.xx.fbcdn.net/safe_image.php?d=AQClszuxPFfW8DAs&url=http%3A%2F%2Fmedia.nbcnewyork.com%2Fimages%2F1200%2A675%2Fmcdonald%2Bstatue.jpg&_nc_hash=AQBpdDWK-Q5aN8DR","repliesRcvd":0,"image":"https://external.xx.fbcdn.net/safe_image.php?d=AQD6PpXfYDS4j021&w=130&h=130&url=http%3A%2F%2Fmedia.nbcnewyork.com%2Fimages%2F1200%2A675%2Fmcdonald%2Bstatue.jpg&cfs=1&sx=268&sy=0&sw=675&sh=675&_nc_hash=AQBgCVsGdLfHuxC4","username":"Checkey4NewYork","link":"http://4.nbcny.com/rHh6AXn","timeQuantum":4979424,"title":"Life-Size Ronald McDonald Statue Goes Missing in New Jersey","type":"link"},{"content":"The I-Team's Sarah Wallace's bombshell report on  hazing allegations at U.S. Customs at Newark. \nhttp://4.nbcny.com/y2iKyWE","profileString":"facebook_page.146076218883251","postURL":"https://facebook.com/146076218883251/posts/786199004870966","avatar":"https://graph.facebook.com/146076218883251/picture","classification":{"engine":"aylien","language":"en","taxonomy":[{"score":"0.2791","confident":false,"links":[{"link":"https://api.aylien.com/api/v1/classify/taxonomy/iab-qag/IAB14-6","rel":"self"},{"link":"https://api.aylien.com/api/v1/classify/taxonomy/iab-qag/IAB14","rel":"parent"}],"id":"IAB14-6","label":"Teens"},{"score":"0.2515","confident":false,"links":[{"link":"https://api.aylien.com/api/v1/classify/taxonomy/iab-qag/IAB25-3","rel":"self"},{"link":"https://api.aylien.com/api/v1/classify/taxonomy/iab-qag/IAB25","rel":"parent"}],"id":"IAB25-3","label":"Pornography"},{"score":"0.2371","confident":false,"links":[{"link":"https://api.aylien.com/api/v1/classify/taxonomy/iab-qag/IAB11-5","rel":"self"},{"link":"https://api.aylien.com/api/v1/classify/taxonomy/iab-qag/IAB11","rel":"parent"}],"id":"IAB11-5","label":"Commentary"},{"score":"0.0791","confident":true,"links":[{"link":"https://api.aylien.com/api/v1/classify/taxonomy/iab-qag/IAB14","rel":"self"}],"id":"IAB14","label":"Society"},{"score":"0.0725","confident":false,"links":[{"link":"https://api.aylien.com/api/v1/classify/taxonomy/iab-qag/IAB11","rel":"self"}],"id":"IAB11","label":"Law, Gov’t & Politics"},{"score":"0.0674","confident":false,"links":[{"link":"https://api.aylien.com/api/v1/classify/taxonomy/iab-qag/IAB25","rel":"self"}],"id":"IAB25","label":"Non-Standard Content"}]},"postidString":"facebook_page.146076218883251_786199004870966","postMeta":{"inserted":"content-engine"},"timestamp":1494372083,"sharesRcvd":2,"likesRcvd":3,"source":"facebook_page","lastUpdateQuantum":4984267,"name":"Checkey Beckford NBC New York","imageLarge":"https://external.xx.fbcdn.net/safe_image.php?d=AQDqbe_NYyylbW0Z&url=http%3A%2F%2Fmedia.nbcnewyork.com%2Fimages%2F1200%2A675%2Fwallace%2Bborder%2Bpatrol.jpg&_nc_hash=AQA8Gfuhk1QjXf0W","repliesRcvd":0,"image":"https://external.xx.fbcdn.net/safe_image.php?d=AQDm52so0Xr3KIdZ&w=130&h=130&url=http%3A%2F%2Fmedia.nbcnewyork.com%2Fimages%2F1200%2A675%2Fwallace%2Bborder%2Bpatrol.jpg&cfs=1&sx=72&sy=0&sw=675&sh=675&_nc_hash=AQCB9ga38P9JjL0X","username":"Checkey4NewYork","link":"http://4.nbcny.com/y2iKyWE","timeQuantum":4981240,"title":"Fed Officers Allege Hazing, 'Rape Table' at Newark Airport","type":"link"},{"content":"Long delays earlier at #LIRR . MTA police blocking  7th Ave. and 34th St. entrance b/c of overcrowding in the terminal.","profileString":"facebook_page.146076218883251","postURL":"https://facebook.com/146076218883251/posts/786720761485457","avatar":"https://graph.facebook.com/146076218883251/picture","classification":{"engine":"aylien","language":"en","taxonomy":[{"score":"0.1952","confident":false,"links":[{"link":"https://api.aylien.com/api/v1/classify/taxonomy/iab-qag/IAB25-2","rel":"self"},{"link":"https://api.aylien.com/api/v1/classify/taxonomy/iab-qag/IAB25","rel":"parent"}],"id":"IAB25-2","label":"Extreme Graphic/Explicit Violence"},{"score":"0.0863","confident":false,"links":[{"link":"https://api.aylien.com/api/v1/classify/taxonomy/iab-qag/IAB2-16","rel":"self"},{"link":"https://api.aylien.com/api/v1/classify/taxonomy/iab-qag/IAB2","rel":"parent"}],"id":"IAB2-16","label":"Off-Road Vehicles"},{"score":"0.0649","confident":false,"links":[{"link":"https://api.aylien.com/api/v1/classify/taxonomy/iab-qag/IAB9","rel":"self"}],"id":"IAB9","label":"Hobbies & Interests"},{"score":"0.0596","confident":false,"links":[{"link":"https://api.aylien.com/api/v1/classify/taxonomy/iab-qag/IAB2","rel":"self"}],"id":"IAB2","label":"Automotive"},{"score":"0.0547","confident":false,"links":[{"link":"https://api.aylien.com/api/v1/classify/taxonomy/iab-qag/IAB17","rel":"self"}],"id":"IAB17","label":"Sports"},{"score":"0.0528","confident":false,"links":[{"link":"https://api.aylien.com/api/v1/classify/taxonomy/iab-qag/IAB25","rel":"self"}],"id":"IAB25","label":"Non-Standard Content"},{"score":"0.0517","confident":false,"links":[{"link":"https://api.aylien.com/api/v1/classify/taxonomy/iab-qag/IAB9-23","rel":"self"},{"link":"https://api.aylien.com/api/v1/classify/taxonomy/iab-qag/IAB9","rel":"parent"}],"id":"IAB9-23","label":"Photography"},{"score":"0.0395","confident":false,"links":[{"link":"https://api.aylien.com/api/v1/classify/taxonomy/iab-qag/IAB17-43","rel":"self"},{"link":"https://api.aylien.com/api/v1/classify/taxonomy/iab-qag/IAB17","rel":"parent"}],"id":"IAB17-43","label":"Waterski/Wakeboard"}]},"postidString":"facebook_page.146076218883251_786720761485457","postMeta":{"inserted":"content-engine"},"timestamp":1494465109,"sharesRcvd":2,"likesRcvd":4,"source":"facebook_page","lastUpdateQuantum":4984267,"name":"Checkey Beckford NBC New York","imageLarge":"https://scontent.xx.fbcdn.net/v/t1.0-0/p180x540/18425385_786720761485457_2069128120917144841_n.jpg?oh=ed5850ad492d2ee7511fced3098f714d&oe=59B4616F","objectID":"786720761485457","repliesRcvd":0,"image":"https://scontent.xx.fbcdn.net/v/t1.0-0/s130x130/18425385_786720761485457_2069128120917144841_n.jpg?oh=695d2097835027c0329d272d30fc09fe&oe=5981C0AE","username":"Checkey4NewYork","link":"https://www.facebook.com/Checkey4NewYork/photos/a.537022313121971.1073741826.146076218883251/786720761485457/?type=3","timeQuantum":4981550,"title":"Timeline Photos","type":"photo"},{"content":"NBC New York Michael George had me bawling with this story about a love letter missing since WWII!!! 😥❤️❤️❤️ \nhttps://www.facebook.com/NBCNewYork/posts/10155298945649099","profileString":"facebook_page.146076218883251","postURL":"https://facebook.com/146076218883251/posts/786834798140720","avatar":"https://graph.facebook.com/146076218883251/picture","classification":{"engine":"aylien","language":"en","taxonomy":[{"score":"0.2584","confident":false,"links":[{"link":"https://api.aylien.com/api/v1/classify/taxonomy/iab-qag/IAB25-5","rel":"self"},{"link":"https://api.aylien.com/api/v1/classify/taxonomy/iab-qag/IAB25","rel":"parent"}],"id":"IAB25-5","label":"Hate Content"},{"score":"0.0697","confident":false,"links":[{"link":"https://api.aylien.com/api/v1/classify/taxonomy/iab-qag/IAB9","rel":"self"}],"id":"IAB9","label":"Hobbies & Interests"},{"score":"0.0624","confident":false,"links":[{"link":"https://api.aylien.com/api/v1/classify/taxonomy/iab-qag/IAB25","rel":"self"}],"id":"IAB25","label":"Non-Standard Content"},{"score":"0.0523","confident":false,"links":[{"link":"https://api.aylien.com/api/v1/classify/taxonomy/iab-qag/IAB9-13","rel":"self"},{"link":"https://api.aylien.com/api/v1/classify/taxonomy/iab-qag/IAB9","rel":"parent"}],"id":"IAB9-13","label":"Freelance Writing"}]},"postidString":"facebook_page.146076218883251_786834798140720","postMeta":{"inserted":"content-engine"},"timestamp":1494475489,"sharesRcvd":0,"likesRcvd":4,"source":"facebook_page","lastUpdateQuantum":4984267,"name":"Checkey Beckford NBC New York","imageLarge":"https://external.xx.fbcdn.net/safe_image.php?d=AQCvIwGF3-HVv7pF&url=http%3A%2F%2Fmedia.nbcnewyork.com%2Fimages%2F1200%2A675%2Fletter%2Bfound%2Bin%2Bhouse%2Bworld%2Bwar%2BII.jpg&_nc_hash=AQA5M9cuIB7-7Ean","repliesRcvd":0,"image":"https://external.xx.fbcdn.net/safe_image.php?d=AQDpzFbw6PKmbFX1&w=130&h=130&url=http%3A%2F%2Fmedia.nbcnewyork.com%2Fimages%2F1200%2A675%2Fletter%2Bfound%2Bin%2Bhouse%2Bworld%2Bwar%2BII.jpg&cfs=1&sx=525&sy=0&sw=675&sh=675&_nc_hash=AQCqR1PC_eJ9jwVG","username":"Checkey4NewYork","link":"http://4.nbcny.com/hvhyHl9","timeQuantum":4981584,"title":"NBC New York","type":"link"},{"content":"NBC Nightly News with Lester Holt","profileString":"facebook_page.146076218883251","postURL":"https://facebook.com/146076218883251/posts/787804378043762","avatar":"https://graph.facebook.com/146076218883251/picture","classification":{"engine":"aylien","language":"en","taxonomy":[{"score":"0.6208","confident":false,"links":[{"link":"https://api.aylien.com/api/v1/classify/taxonomy/iab-qag/IAB12-2","rel":"self"},{"link":"https://api.aylien.com/api/v1/classify/taxonomy/iab-qag/IAB12","rel":"parent"}],"id":"IAB12-2","label":"National News"},{"score":"0.1001","confident":true,"links":[{"link":"https://api.aylien.com/api/v1/classify/taxonomy/iab-qag/IAB12","rel":"self"}],"id":"IAB12","label":"News"}]},"postidString":"facebook_page.146076218883251_787804378043762","postMeta":{"inserted":"content-engine"},"timestamp":1494646141,"sharesRcvd":0,"likesRcvd":0,"source":"facebook_page","lastUpdateQuantum":4984267,"name":"Checkey Beckford NBC New York","imageLarge":"https://scontent.xx.fbcdn.net/v/t15.0-10/s720x720/18479102_10155432403388689_8677569581448953856_n.jpg?oh=6c8ba56fc3dacb1aa90c183b062c9363&oe=59B26A6D","repliesRcvd":0,"image":"https://scontent.xx.fbcdn.net/v/t15.0-10/s130x130/18479102_10155432403388689_8677569581448953856_n.jpg?oh=16d5eee10282c21830e2dbcb58c0e032&oe=597BFB9F","username":"Checkey4NewYork","link":"https://www.facebook.com/nbcnightlynews/videos/10155432393223689/","timeQuantum":4982153,"video":"https://scontent.xx.fbcdn.net/v/t42.1790-4/17675869_1186487608141443_4070030530039513088_n.mp4?efg=eyJ2ZW5jb2RlX3RhZyI6InN2ZV9zZCJ9&oh=64ec7d7afecc83267ad4ed314b4d8d34&oe=59196BCB","title":"NBC Nightly News with Lester Holt","type":"video"},{"content":"Happy Mother's Day to all the amazing nurturers out there! 💐💐💐 #MothersDay #nbcnewyork","profileString":"facebook_page.146076218883251","postURL":"https://facebook.com/146076218883251/posts/788589874631879","avatar":"https://graph.facebook.com/146076218883251/picture","classification":{"engine":"aylien","language":"en","taxonomy":[{"score":"0.0813","confident":true,"links":[{"link":"https://api.aylien.com/api/v1/classify/taxonomy/iab-qag/IAB9","rel":"self"}],"id":"IAB9","label":"Hobbies & Interests"},{"score":"0.0626","confident":false,"links":[{"link":"https://api.aylien.com/api/v1/classify/taxonomy/iab-qag/IAB9-23","rel":"self"},{"link":"https://api.aylien.com/api/v1/classify/taxonomy/iab-qag/IAB9","rel":"parent"}],"id":"IAB9-23","label":"Photography"}]},"postidString":"facebook_page.146076218883251_788589874631879","postMeta":{"inserted":"content-engine"},"timestamp":1494783675,"sharesRcvd":0,"likesRcvd":8,"source":"facebook_page","lastUpdateQuantum":4984420,"name":"Checkey Beckford NBC New York","imageLarge":"https://scontent.xx.fbcdn.net/v/t1.0-9/18447171_788589874631879_7469676529872717926_n.jpg?oh=e38cb9c739960e9008bdb2d245da4fd3&oe=59B5417A","objectID":"788589874631879","repliesRcvd":1,"image":"https://scontent.xx.fbcdn.net/v/t1.0-0/s130x130/18447171_788589874631879_7469676529872717926_n.jpg?oh=0668d9341f76ebecddc9cae253da9a28&oe=597F41E7","username":"Checkey4NewYork","link":"https://www.facebook.com/Checkey4NewYork/photos/a.537022313121971.1073741826.146076218883251/788589874631879/?type=3","timeQuantum":4982612,"title":"Timeline Photos","type":"photo"},{"content":"NBC New York","profileString":"facebook_page.146076218883251","postURL":"https://facebook.com/146076218883251/posts/789095874581279","avatar":"https://graph.facebook.com/146076218883251/picture","classification":{"engine":"aylien","language":"en","taxonomy":[{"score":"0.3525","confident":false,"links":[{"link":"https://api.aylien.com/api/v1/classify/taxonomy/iab-qag/IAB26-3","rel":"self"},{"link":"https://api.aylien.com/api/v1/classify/taxonomy/iab-qag/IAB26","rel":"parent"}],"id":"IAB26-3","label":"Spyware/Malware"},{"score":"0.1000","confident":true,"links":[{"link":"https://api.aylien.com/api/v1/classify/taxonomy/iab-qag/IAB26","rel":"self"}],"id":"IAB26","label":"Illegal Content"}]},"postidString":"facebook_page.146076218883251_789095874581279","postMeta":{"inserted":"content-engine"},"timestamp":1494868211,"sharesRcvd":0,"likesRcvd":1,"source":"facebook_page","lastUpdateQuantum":4984420,"name":"Checkey Beckford NBC New York","imageLarge":"https://external.xx.fbcdn.net/safe_image.php?d=AQApr4J4qfF3JfeH&url=https%3A%2F%2Fs3.amazonaws.com%2Fprod-cust-photo-posts-jfaikqealaka%2F2063-8e296a90597cff013ddf52bb97b40792.jpg&_nc_hash=AQBNz0lPPksCgRi5","repliesRcvd":0,"image":"https://external.xx.fbcdn.net/safe_image.php?d=AQBxc5b4316ozIWb&w=130&h=130&url=https%3A%2F%2Fs3.amazonaws.com%2Fprod-cust-photo-posts-jfaikqealaka%2F2063-8e296a90597cff013ddf52bb97b40792.jpg&cfs=1&_nc_hash=AQCR-Ail2oUJrT0H","username":"Checkey4NewYork","link":"http://4.nbcny.com/mZlfUIA","timeQuantum":4982894,"title":"NBC New York","type":"link"},{"content":"This is what you call, dedication. 😊","profileString":"facebook_page.146076218883251","postURL":"https://facebook.com/146076218883251/posts/789096311247902","avatar":"https://graph.facebook.com/146076218883251/picture","classification":{"engine":"aylien","language":"en","taxonomy":[{"score":"0.0853","confident":false,"links":[{"link":"https://api.aylien.com/api/v1/classify/taxonomy/iab-qag/IAB2-4","rel":"self"},{"link":"https://api.aylien.com/api/v1/classify/taxonomy/iab-qag/IAB2","rel":"parent"}],"id":"IAB2-4","label":"Car Culture"},{"score":"0.0771","confident":true,"links":[{"link":"https://api.aylien.com/api/v1/classify/taxonomy/iab-qag/IAB2","rel":"self"}],"id":"IAB2","label":"Automotive"},{"score":"0.0683","confident":false,"links":[{"link":"https://api.aylien.com/api/v1/classify/taxonomy/iab-qag/IAB9","rel":"self"}],"id":"IAB9","label":"Hobbies & Interests"},{"score":"0.0525","confident":false,"links":[{"link":"https://api.aylien.com/api/v1/classify/taxonomy/iab-qag/IAB9-23","rel":"self"},{"link":"https://api.aylien.com/api/v1/classify/taxonomy/iab-qag/IAB9","rel":"parent"}],"id":"IAB9-23","label":"Photography"}]},"postidString":"facebook_page.146076218883251_789096311247902","postMeta":{"inserted":"content-engine"},"timestamp":1494868322,"sharesRcvd":0,"likesRcvd":2,"source":"facebook_page","lastUpdateQuantum":4984420,"name":"Checkey Beckford NBC New York","imageLarge":"https://external.xx.fbcdn.net/safe_image.php?d=AQCGi5fdWtFCAqJu&url=http%3A%2F%2Fmedia.nbcnewyork.com%2Fimages%2F1200%2A675%2FGettyImages-4863730442.jpg&_nc_hash=AQDuU0QMty5qihKV","repliesRcvd":0,"image":"https://external.xx.fbcdn.net/safe_image.php?d=AQBI4s3HIlXOOuB9&w=130&h=130&url=http%3A%2F%2Fmedia.nbcnewyork.com%2Fimages%2F1200%2A675%2FGettyImages-4863730442.jpg&cfs=1&_nc_hash=AQCcG5tG0Boue410","username":"Checkey4NewYork","link":"http://4.nbcny.com/GIDUvuR","timeQuantum":4982894,"title":"NBC New York","type":"link"},{"content":"Use of police body cameras on the rise in the tri-state. Do you think they're a good idea ? \nhttp://www.nbcnewyork.com/on-air/as-seen-on/Edison-Police-Embrace-Body-Cameras_New-York-422632254.html","profileString":"facebook_page.146076218883251","postURL":"https://facebook.com/146076218883251/posts/790287407795459","avatar":"https://graph.facebook.com/146076218883251/picture","classification":{"engine":"aylien","language":"en","taxonomy":[{"score":"0.4433","confident":false,"links":[{"link":"https://api.aylien.com/api/v1/classify/taxonomy/iab-qag/IAB12-3","rel":"self"},{"link":"https://api.aylien.com/api/v1/classify/taxonomy/iab-qag/IAB12","rel":"parent"}],"id":"IAB12-3","label":"Local News"},{"score":"0.2189","confident":true,"links":[{"link":"https://api.aylien.com/api/v1/classify/taxonomy/iab-qag/IAB19-5","rel":"self"},{"link":"https://api.aylien.com/api/v1/classify/taxonomy/iab-qag/IAB19","rel":"parent"}],"id":"IAB19-5","label":"Cameras & Camcorders"},{"score":"0.0736","confident":false,"links":[{"link":"https://api.aylien.com/api/v1/classify/taxonomy/iab-qag/IAB12","rel":"self"}],"id":"IAB12","label":"News"},{"score":"0.0610","confident":false,"links":[{"link":"https://api.aylien.com/api/v1/classify/taxonomy/iab-qag/IAB19","rel":"self"}],"id":"IAB19","label":"Technology & Computing"}]},"postidString":"facebook_page.146076218883251_790287407795459","postMeta":{"inserted":"content-engine"},"timestamp":1495056251,"sharesRcvd":0,"likesRcvd":4,"source":"facebook_page","lastUpdateQuantum":4984420,"name":"Checkey Beckford NBC New York","imageLarge":"https://external.xx.fbcdn.net/safe_image.php?d=AQDcm0HujN3RwZpb&url=http%3A%2F%2Fmedia.nbcnewyork.com%2Fimages%2F1201%2A675%2FEdison_Police_Embrace_Body_Cameras.jpg&_nc_hash=AQD8qRMPU4kJFr_d","repliesRcvd":0,"image":"https://external.xx.fbcdn.net/safe_image.php?d=AQB3hKXZ0TdIPSOF&w=130&h=130&url=http%3A%2F%2Fmedia.nbcnewyork.com%2Fimages%2F1201%2A675%2FEdison_Police_Embrace_Body_Cameras.jpg&cfs=1&sx=236&sy=0&sw=675&sh=675&_nc_hash=AQCWFjXZ3eGQtlGX","username":"Checkey4NewYork","link":"http://www.nbcnewyork.com/on-air/as-seen-on/Edison-Police-Embrace-Body-Cameras_New-York-422632254.html","timeQuantum":4983520,"title":"Edison Police Embrace Body Cameras","type":"link"}]