[{"content":"Such a great day with a pair of Mets pitchers today at the Henry Viscardi School in Albertson, NY. Jerry Blevins and Josh Smoker played wheelchair whiffle ball with some really cool kids!","profileString":"facebook_page.137710766254575","postURL":"https://facebook.com/137710766254575/posts/1918557248169909","avatar":"https://graph.facebook.com/137710766254575/picture","classification":{"engine":"aylien","language":"en","taxonomy":[{"score":"0.1024","confident":true,"links":[{"link":"https://api.aylien.com/api/v1/classify/taxonomy/iab-qag/IAB17","rel":"self"}],"id":"IAB17","label":"Sports"},{"score":"0.0700","confident":true,"links":[{"link":"https://api.aylien.com/api/v1/classify/taxonomy/iab-qag/IAB17-2","rel":"self"},{"link":"https://api.aylien.com/api/v1/classify/taxonomy/iab-qag/IAB17","rel":"parent"}],"id":"IAB17-2","label":"Baseball"}]},"postidString":"facebook_page.137710766254575_1918557248169909","postMeta":{"inserted":"content-engine"},"timestamp":1496264221,"sharesRcvd":2,"likesRcvd":49,"source":"facebook_page","lastUpdateQuantum":4994503,"name":"Laura Behnke","repliesRcvd":10,"username":"laurabbehnke","timeQuantum":4987547,"type":"status"},{"content":"Just borrowing a stoop on which to sit and make strange poses while my boyfriend/photographer documents it all. Totally normal! A man actually did come out while I was sitting on his stoop. Fortunately he was cool and said he liked my dress, told Marc to have a nice day, and went on his way! || 📷: @marcjfowler","profileString":"facebook_page.137710766254575","postURL":"https://facebook.com/137710766254575/posts/1922711547754479","avatar":"https://graph.facebook.com/137710766254575/picture","classification":{"engine":"aylien","language":"en","taxonomy":[{"score":"0.3546","confident":false,"links":[{"link":"https://api.aylien.com/api/v1/classify/taxonomy/iab-qag/IAB18-2","rel":"self"},{"link":"https://api.aylien.com/api/v1/classify/taxonomy/iab-qag/IAB18","rel":"parent"}],"id":"IAB18-2","label":"Body Art"},{"score":"0.0804","confident":true,"links":[{"link":"https://api.aylien.com/api/v1/classify/taxonomy/iab-qag/IAB18","rel":"self"}],"id":"IAB18","label":"Style & Fashion"},{"score":"0.0800","confident":true,"links":[{"link":"https://api.aylien.com/api/v1/classify/taxonomy/iab-qag/IAB9-23","rel":"self"},{"link":"https://api.aylien.com/api/v1/classify/taxonomy/iab-qag/IAB9","rel":"parent"}],"id":"IAB9-23","label":"Photography"},{"score":"0.0702","confident":false,"links":[{"link":"https://api.aylien.com/api/v1/classify/taxonomy/iab-qag/IAB9","rel":"self"}],"id":"IAB9","label":"Hobbies & Interests"}]},"postidString":"facebook_page.137710766254575_1922711547754479","postMeta":{"inserted":"content-engine"},"timestamp":1496494761,"sharesRcvd":2,"likesRcvd":157,"source":"facebook_page","lastUpdateQuantum":4994503,"name":"Laura Behnke","imageLarge":"https://scontent.xx.fbcdn.net/v/t1.0-9/s720x720/18951071_1922711547754479_2034756210444357245_n.jpg?oh=32ca6c3d88529e12b69feb513542bf1b&oe=59AC8873","objectID":"1922711547754479","repliesRcvd":21,"image":"https://scontent.xx.fbcdn.net/v/t1.0-0/s130x130/18951071_1922711547754479_2034756210444357245_n.jpg?oh=e1d91409456265526e6dd9d1b129aaae&oe=599CA966","username":"laurabbehnke","link":"https://www.facebook.com/laurabbehnke/photos/a.1885386084820359.1073741827.137710766254575/1922711547754479/?type=3","timeQuantum":4988315,"title":"Instagram Photos","type":"photo"},{"content":"When the AM and PM weekend teams collide! Sandra Bookman and I get to work with Rob Nelson and Amy Freeze tonight. See you again at 11.","profileString":"facebook_page.137710766254575","postURL":"https://facebook.com/137710766254575/posts/1923500207675613","avatar":"https://graph.facebook.com/137710766254575/picture","classification":{"engine":"aylien","language":"en","taxonomy":[{"score":"0.4307","confident":false,"links":[{"link":"https://api.aylien.com/api/v1/classify/taxonomy/iab-qag/IAB12-3","rel":"self"},{"link":"https://api.aylien.com/api/v1/classify/taxonomy/iab-qag/IAB12","rel":"parent"}],"id":"IAB12-3","label":"Local News"},{"score":"0.0794","confident":true,"links":[{"link":"https://api.aylien.com/api/v1/classify/taxonomy/iab-qag/IAB9","rel":"self"}],"id":"IAB9","label":"Hobbies & Interests"},{"score":"0.0772","confident":true,"links":[{"link":"https://api.aylien.com/api/v1/classify/taxonomy/iab-qag/IAB12","rel":"self"}],"id":"IAB12","label":"News"},{"score":"0.0667","confident":false,"links":[{"link":"https://api.aylien.com/api/v1/classify/taxonomy/iab-qag/IAB17","rel":"self"}],"id":"IAB17","label":"Sports"},{"score":"0.0557","confident":false,"links":[{"link":"https://api.aylien.com/api/v1/classify/taxonomy/iab-qag/IAB9-23","rel":"self"},{"link":"https://api.aylien.com/api/v1/classify/taxonomy/iab-qag/IAB9","rel":"parent"}],"id":"IAB9-23","label":"Photography"},{"score":"0.0391","confident":false,"links":[{"link":"https://api.aylien.com/api/v1/classify/taxonomy/iab-qag/IAB17-24","rel":"self"},{"link":"https://api.aylien.com/api/v1/classify/taxonomy/iab-qag/IAB17","rel":"parent"}],"id":"IAB17-24","label":"Paintball"}]},"postidString":"facebook_page.137710766254575_1923499551009012","postMeta":{"inserted":"content-engine"},"timestamp":1496534755,"sharesRcvd":2,"likesRcvd":114,"source":"facebook_page","lastUpdateQuantum":4994503,"name":"Laura Behnke","imageLarge":"https://scontent.xx.fbcdn.net/v/t1.0-0/p180x540/18765863_1923499551009012_3920457901225922102_n.jpg?oh=1a1ea85439fa31d10aa8546abab7923d&oe=59A4B220","originalID":"137710766254575_1923500207675613","objectID":"1923499551009012","repliesRcvd":100,"image":"https://scontent.xx.fbcdn.net/v/t1.0-0/s130x130/18765863_1923499551009012_3920457901225922102_n.jpg?oh=ae393031abae0f849cca7a5c003cc2f9&oe=59E5515C","username":"laurabbehnke","link":"https://www.facebook.com/laurabbehnke/photos/a.729917930367186.1073741826.137710766254575/1923499551009012/?type=3","timeQuantum":4988449,"title":"Photos from Laura Behnke's post","type":"photo"},{"content":"In case you missed it: former Knicks head coach Derek Fisher had a rough night last night.","profileString":"facebook_page.137710766254575","postURL":"https://facebook.com/137710766254575/posts/1925476360811331","avatar":"https://graph.facebook.com/137710766254575/picture","classification":{"engine":"aylien","language":"en","taxonomy":[{"score":"0.1821","confident":true,"links":[{"link":"https://api.aylien.com/api/v1/classify/taxonomy/iab-qag/IAB17-26","rel":"self"},{"link":"https://api.aylien.com/api/v1/classify/taxonomy/iab-qag/IAB17","rel":"parent"}],"id":"IAB17-26","label":"Pro Basketball"},{"score":"0.1643","confident":true,"links":[{"link":"https://api.aylien.com/api/v1/classify/taxonomy/iab-qag/IAB17","rel":"self"}],"id":"IAB17","label":"Sports"}]},"postidString":"facebook_page.137710766254575_1925476360811331","postMeta":{"inserted":"content-engine"},"timestamp":1496629842,"sharesRcvd":0,"likesRcvd":7,"source":"facebook_page","lastUpdateQuantum":4994503,"name":"Laura Behnke","imageLarge":"https://external.xx.fbcdn.net/safe_image.php?d=AQCJdY1OoERRk647&url=http%3A%2F%2Fcdn.abclocal.go.com%2Fcontent%2Fkabc%2Fimages%2Fcms%2F1729968_1280x720.jpg&_nc_hash=AQBBq3HpRzWmbs_b","repliesRcvd":5,"image":"https://external.xx.fbcdn.net/safe_image.php?d=AQAAHgrouDr49eI3&w=130&h=130&url=http%3A%2F%2Fcdn.abclocal.go.com%2Fcontent%2Fkabc%2Fimages%2Fcms%2F1729968_1280x720.jpg&cfs=1&sx=300&sy=0&sw=720&sh=720&_nc_hash=AQCByZeUjCHLoss8","username":"laurabbehnke","link":"http://7ny.tv/2st3DC3","timeQuantum":4988766,"title":"ABC7NY","type":"link"},{"content":"No matter which team you are cheering for, it's great to see Steve Kerr back on the Warriors bench.","profileString":"facebook_page.137710766254575","postURL":"https://facebook.com/137710766254575/posts/1925478427477791","avatar":"https://graph.facebook.com/137710766254575/picture","classification":{"engine":"aylien","language":"en","taxonomy":[{"score":"0.1437","confident":true,"links":[{"link":"https://api.aylien.com/api/v1/classify/taxonomy/iab-qag/IAB17","rel":"self"}],"id":"IAB17","label":"Sports"},{"score":"0.0596","confident":true,"links":[{"link":"https://api.aylien.com/api/v1/classify/taxonomy/iab-qag/IAB17-26","rel":"self"},{"link":"https://api.aylien.com/api/v1/classify/taxonomy/iab-qag/IAB17","rel":"parent"}],"id":"IAB17-26","label":"Pro Basketball"}]},"postidString":"facebook_page.137710766254575_1925478427477791","postMeta":{"inserted":"content-engine"},"timestamp":1496629961,"sharesRcvd":0,"likesRcvd":39,"source":"facebook_page","lastUpdateQuantum":4994503,"name":"Laura Behnke","imageLarge":"https://scontent.xx.fbcdn.net/v/t15.0-10/18946456_1666183680095048_6532556012090556416_n.jpg?oh=49031ece331956081eb4c0b9448c3013&oe=59E6F0F6","repliesRcvd":11,"image":"https://scontent.xx.fbcdn.net/v/t15.0-10/p130x130/18946456_1666183680095048_6532556012090556416_n.jpg?oh=ad07f4f20b91e65fa1c948acf5e52bf8&oe=59E32C5D","username":"laurabbehnke","link":"https://www.facebook.com/ESPN/videos/1666183136761769/","timeQuantum":4988766,"video":"https://video.xx.fbcdn.net/v/t42.1790-2/18995005_1726371587659893_9108281241332875264_n.mp4?efg=eyJybHIiOjcxMiwicmxhIjo1MTIsInZlbmNvZGVfdGFnIjoic3ZlX3NkIn0%3D&rl=712&vabr=396&oh=6266c033ecfb0214999a2b95ef4de1c9&oe=5936CB31","title":"ESPN","type":"video"},{"content":"Despite assurances earlier this week that the rotation would remain the same, today the Yankees announced they've pushed Masahiro Tanaka's next start back a day.  He will now pitch Monday in Anaheim.  The team's ace has been struggling with inconsistency all season, but the he and the team insist he is not injured.\n\nYankees fans, what do you think?  Are you worried about Tanaka?","profileString":"facebook_page.137710766254575","postURL":"https://facebook.com/137710766254575/posts/1932665740092393","avatar":"https://graph.facebook.com/137710766254575/picture","classification":{"engine":"aylien","language":"en","taxonomy":[{"score":"0.1372","confident":true,"links":[{"link":"https://api.aylien.com/api/v1/classify/taxonomy/iab-qag/IAB17","rel":"self"}],"id":"IAB17","label":"Sports"},{"score":"0.1033","confident":true,"links":[{"link":"https://api.aylien.com/api/v1/classify/taxonomy/iab-qag/IAB17-2","rel":"self"},{"link":"https://api.aylien.com/api/v1/classify/taxonomy/iab-qag/IAB17","rel":"parent"}],"id":"IAB17-2","label":"Baseball"}]},"postidString":"facebook_page.137710766254575_1932665740092393","postMeta":{"inserted":"content-engine"},"timestamp":1497038745,"sharesRcvd":2,"likesRcvd":24,"source":"facebook_page","lastUpdateQuantum":4990435,"name":"Laura Behnke","repliesRcvd":12,"username":"laurabbehnke","timeQuantum":4990129,"type":"status"},{"content":"Dancing through this Monday. Because, why not? 💃|| 📷: @marcjfowler","profileString":"facebook_page.137710766254575","postURL":"https://facebook.com/137710766254575/posts/1937185232973777","avatar":"https://graph.facebook.com/137710766254575/picture","classification":{"engine":"aylien","language":"en","taxonomy":[{"score":"0.3697","confident":true,"links":[{"link":"https://api.aylien.com/api/v1/classify/taxonomy/iab-qag/IAB1-2","rel":"self"},{"link":"https://api.aylien.com/api/v1/classify/taxonomy/iab-qag/IAB1","rel":"parent"}],"id":"IAB1-2","label":"Celebrity Fan/Gossip"},{"score":"0.0913","confident":true,"links":[{"link":"https://api.aylien.com/api/v1/classify/taxonomy/iab-qag/IAB9-23","rel":"self"},{"link":"https://api.aylien.com/api/v1/classify/taxonomy/iab-qag/IAB9","rel":"parent"}],"id":"IAB9-23","label":"Photography"},{"score":"0.0738","confident":false,"links":[{"link":"https://api.aylien.com/api/v1/classify/taxonomy/iab-qag/IAB9","rel":"self"}],"id":"IAB9","label":"Hobbies & Interests"},{"score":"0.0691","confident":false,"links":[{"link":"https://api.aylien.com/api/v1/classify/taxonomy/iab-qag/IAB1","rel":"self"}],"id":"IAB1","label":"Arts & Entertainment"}]},"postidString":"facebook_page.137710766254575_1937185232973777","postMeta":{"inserted":"content-engine"},"timestamp":1497293927,"sharesRcvd":0,"likesRcvd":165,"source":"facebook_page","lastUpdateQuantum":4995034,"name":"Laura Behnke","imageLarge":"https://scontent.xx.fbcdn.net/v/t1.0-9/s720x720/19113513_1937185232973777_4594526648302207053_n.jpg?oh=559726f5943bcbd3c5fd336b533b5106&oe=59E7355A","objectID":"1937185232973777","repliesRcvd":18,"image":"https://scontent.xx.fbcdn.net/v/t1.0-0/s130x130/19113513_1937185232973777_4594526648302207053_n.jpg?oh=4fb205c9272f9f4978737e0a6fea76d0&oe=59D1C84F","username":"laurabbehnke","link":"https://www.facebook.com/laurabbehnke/photos/a.1885386084820359.1073741827.137710766254575/1937185232973777/?type=3","timeQuantum":4990979,"title":"Instagram Photos","type":"photo"},{"content":"The Mets are back home with a three-game winning streak and a handful of players fresh off the disabled list. Terry Collins saying pregame that this is he time for this team to start making a move by playing quality baseball. First opponent on tap, the defending champion Cubs for three games starting tonight.","profileString":"facebook_page.137710766254575","postURL":"https://facebook.com/137710766254575/posts/1937273826298251","avatar":"https://graph.facebook.com/137710766254575/picture","classification":{"engine":"aylien","language":"en","taxonomy":[{"score":"0.3208","confident":true,"links":[{"link":"https://api.aylien.com/api/v1/classify/taxonomy/iab-qag/IAB17","rel":"self"}],"id":"IAB17","label":"Sports"},{"score":"0.2697","confident":true,"links":[{"link":"https://api.aylien.com/api/v1/classify/taxonomy/iab-qag/IAB17-2","rel":"self"},{"link":"https://api.aylien.com/api/v1/classify/taxonomy/iab-qag/IAB17","rel":"parent"}],"id":"IAB17-2","label":"Baseball"}]},"postidString":"facebook_page.137710766254575_1937273826298251","postMeta":{"inserted":"content-engine"},"timestamp":1497298978,"sharesRcvd":1,"likesRcvd":24,"source":"facebook_page","lastUpdateQuantum":4995034,"name":"Laura Behnke","imageLarge":"https://scontent.xx.fbcdn.net/v/t1.0-0/p180x540/19029436_1937273826298251_8777562068961641379_n.jpg?oh=a283bb3f7c59e1cc09305d19b534b343&oe=59E9B480","objectID":"1937273826298251","repliesRcvd":9,"image":"https://scontent.xx.fbcdn.net/v/t1.0-0/s130x130/19029436_1937273826298251_8777562068961641379_n.jpg?oh=1124f0c0f645cad4c589cd5e502b46bb&oe=59E964FC","username":"laurabbehnke","link":"https://www.facebook.com/laurabbehnke/photos/a.137724789586506.21683.137710766254575/1937273826298251/?type=3","timeQuantum":4990996,"title":"Timeline Photos","type":"photo"},{"content":"So excited to be emceeing BronxWorks annual Sapphire Gala for the second year in a row. Should be a great night!","profileString":"facebook_page.137710766254575","postURL":"https://facebook.com/137710766254575/posts/1937380879620879","avatar":"https://graph.facebook.com/137710766254575/picture","classification":{"engine":"aylien","language":"en","taxonomy":[{"score":"0.0804","confident":true,"links":[{"link":"https://api.aylien.com/api/v1/classify/taxonomy/iab-qag/IAB9","rel":"self"}],"id":"IAB9","label":"Hobbies & Interests"},{"score":"0.0714","confident":false,"links":[{"link":"https://api.aylien.com/api/v1/classify/taxonomy/iab-qag/IAB17","rel":"self"}],"id":"IAB17","label":"Sports"},{"score":"0.0575","confident":false,"links":[{"link":"https://api.aylien.com/api/v1/classify/taxonomy/iab-qag/IAB9-23","rel":"self"},{"link":"https://api.aylien.com/api/v1/classify/taxonomy/iab-qag/IAB9","rel":"parent"}],"id":"IAB9-23","label":"Photography"},{"score":"0.0335","confident":false,"links":[{"link":"https://api.aylien.com/api/v1/classify/taxonomy/iab-qag/IAB17-11","rel":"self"},{"link":"https://api.aylien.com/api/v1/classify/taxonomy/iab-qag/IAB17","rel":"parent"}],"id":"IAB17-11","label":"Fly Fishing"}]},"postidString":"facebook_page.137710766254575_1937380879620879","postMeta":{"inserted":"content-engine"},"timestamp":1497305676,"sharesRcvd":1,"likesRcvd":24,"source":"facebook_page","lastUpdateQuantum":4995034,"name":"Laura Behnke","imageLarge":"https://scontent.xx.fbcdn.net/v/t1.0-9/s720x720/19059073_1937380879620879_2211836985657312417_n.jpg?oh=522b15dd70d6c91d6400ecb0aaae4874&oe=59DC7F0D","objectID":"1937380879620879","repliesRcvd":7,"image":"https://scontent.xx.fbcdn.net/v/t1.0-0/s130x130/19059073_1937380879620879_2211836985657312417_n.jpg?oh=acaa191e4c3c8cc59523ca424c095b70&oe=59E75618","username":"laurabbehnke","link":"https://www.facebook.com/laurabbehnke/photos/a.137724789586506.21683.137710766254575/1937380879620879/?type=3","timeQuantum":4991018,"title":"Timeline Photos","type":"photo"},{"content":"The Giants mandatory mini-camp is underway. Odell Beckham Jr, who skipped all of the voluntary OTAs is here and working out.","profileString":"facebook_page.137710766254575","postURL":"https://facebook.com/137710766254575/posts/1938476969511270","avatar":"https://graph.facebook.com/137710766254575/picture","classification":{"engine":"aylien","language":"en","taxonomy":[{"score":"0.0784","confident":true,"links":[{"link":"https://api.aylien.com/api/v1/classify/taxonomy/iab-qag/IAB9","rel":"self"}],"id":"IAB9","label":"Hobbies & Interests"},{"score":"0.0499","confident":false,"links":[{"link":"https://api.aylien.com/api/v1/classify/taxonomy/iab-qag/IAB9-31","rel":"self"},{"link":"https://api.aylien.com/api/v1/classify/taxonomy/iab-qag/IAB9","rel":"parent"}],"id":"IAB9-31","label":"Woodworking"}]},"postidString":"facebook_page.137710766254575_1938476969511270","postMeta":{"inserted":"content-engine"},"timestamp":1497369022,"sharesRcvd":1,"likesRcvd":16,"source":"facebook_page","lastUpdateQuantum":4995268,"name":"Laura Behnke","imageLarge":"https://scontent.xx.fbcdn.net/v/t15.0-10/s720x720/19190651_1938479006177733_739204532096991232_n.jpg?oh=1533594f5b6488740534a71c48444fa0&oe=59DADFCC","objectID":"1938476969511270","repliesRcvd":2,"image":"https://scontent.xx.fbcdn.net/v/t15.0-10/s130x130/19190651_1938479006177733_739204532096991232_n.jpg?oh=a3f4bc1bf3eca737268b0677ff8a9639&oe=599D5F76","username":"laurabbehnke","link":"https://www.facebook.com/laurabbehnke/videos/1938476969511270/","timeQuantum":4991230,"video":"https://video.xx.fbcdn.net/v/t42.1790-2/19184829_1408510019209835_1040876854510092288_n.mp4?efg=eyJybHIiOjM2NSwicmxhIjo1MTIsInZlbmNvZGVfdGFnIjoic3ZlX3NkIn0%3D&rl=365&vabr=203&oh=491252cfe2f045d18bb6023a7c663e36&oe=594232E8","type":"video"},{"content":"Odell Beckham Junior meets the media. Said there was no doubt he would report for the mandatory minicamp. On whether or not he's looking for a new contract, Beckham said this isn't the time or place to discuss that.","profileString":"facebook_page.137710766254575","postURL":"https://facebook.com/137710766254575/posts/1938627726162861","avatar":"https://graph.facebook.com/137710766254575/picture","classification":{"engine":"aylien","language":"en","taxonomy":[{"score":"0.1932","confident":false,"links":[{"link":"https://api.aylien.com/api/v1/classify/taxonomy/iab-qag/IAB25-2","rel":"self"},{"link":"https://api.aylien.com/api/v1/classify/taxonomy/iab-qag/IAB25","rel":"parent"}],"id":"IAB25-2","label":"Extreme Graphic/Explicit Violence"},{"score":"0.0962","confident":true,"links":[{"link":"https://api.aylien.com/api/v1/classify/taxonomy/iab-qag/IAB17-44","rel":"self"},{"link":"https://api.aylien.com/api/v1/classify/taxonomy/iab-qag/IAB17","rel":"parent"}],"id":"IAB17-44","label":"World Soccer"},{"score":"0.0631","confident":false,"links":[{"link":"https://api.aylien.com/api/v1/classify/taxonomy/iab-qag/IAB9","rel":"self"}],"id":"IAB9","label":"Hobbies & Interests"},{"score":"0.0605","confident":false,"links":[{"link":"https://api.aylien.com/api/v1/classify/taxonomy/iab-qag/IAB25","rel":"self"}],"id":"IAB25","label":"Non-Standard Content"},{"score":"0.0543","confident":false,"links":[{"link":"https://api.aylien.com/api/v1/classify/taxonomy/iab-qag/IAB17","rel":"self"}],"id":"IAB17","label":"Sports"},{"score":"0.0527","confident":false,"links":[{"link":"https://api.aylien.com/api/v1/classify/taxonomy/iab-qag/IAB9-23","rel":"self"},{"link":"https://api.aylien.com/api/v1/classify/taxonomy/iab-qag/IAB9","rel":"parent"}],"id":"IAB9-23","label":"Photography"}]},"postidString":"facebook_page.137710766254575_1938627726162861","postMeta":{"inserted":"content-engine"},"timestamp":1497376845,"sharesRcvd":0,"likesRcvd":12,"source":"facebook_page","lastUpdateQuantum":4995268,"name":"Laura Behnke","imageLarge":"https://scontent.xx.fbcdn.net/v/t1.0-0/p180x540/19145711_1938627726162861_8762269932684472812_n.jpg?oh=e78e03a3156c2d8b647fa3e4ea4dc8c2&oe=59D81FF3","objectID":"1938627726162861","repliesRcvd":4,"image":"https://scontent.xx.fbcdn.net/v/t1.0-0/s130x130/19145711_1938627726162861_8762269932684472812_n.jpg?oh=5e0e57c61bbaca9949c23dcfda130b41&oe=59E5878F","username":"laurabbehnke","link":"https://www.facebook.com/laurabbehnke/photos/a.137724789586506.21683.137710766254575/1938627726162861/?type=3","timeQuantum":4991256,"title":"Timeline Photos","type":"photo"},{"content":"The Jets are on the field for day two of their three-day minicamp in Florham Park. It's their last time together before training camp next month.","profileString":"facebook_page.137710766254575","postURL":"https://facebook.com/137710766254575/posts/1940552599303707","avatar":"https://graph.facebook.com/137710766254575/picture","classification":{"engine":"aylien","language":"en","taxonomy":[{"score":"0.3404","confident":true,"links":[{"link":"https://api.aylien.com/api/v1/classify/taxonomy/iab-qag/IAB20-22","rel":"self"},{"link":"https://api.aylien.com/api/v1/classify/taxonomy/iab-qag/IAB20","rel":"parent"}],"id":"IAB20-22","label":"National Parks"},{"score":"0.0879","confident":true,"links":[{"link":"https://api.aylien.com/api/v1/classify/taxonomy/iab-qag/IAB17","rel":"self"}],"id":"IAB17","label":"Sports"},{"score":"0.0826","confident":true,"links":[{"link":"https://api.aylien.com/api/v1/classify/taxonomy/iab-qag/IAB20","rel":"self"}],"id":"IAB20","label":"Travel"},{"score":"0.0439","confident":false,"links":[{"link":"https://api.aylien.com/api/v1/classify/taxonomy/iab-qag/IAB17-2","rel":"self"},{"link":"https://api.aylien.com/api/v1/classify/taxonomy/iab-qag/IAB17","rel":"parent"}],"id":"IAB17-2","label":"Baseball"}]},"postidString":"facebook_page.137710766254575_1940552599303707","postMeta":{"inserted":"content-engine"},"timestamp":1497467049,"sharesRcvd":0,"likesRcvd":11,"source":"facebook_page","lastUpdateQuantum":4995268,"name":"Laura Behnke","imageLarge":"https://scontent.xx.fbcdn.net/v/t15.0-10/s720x720/19190463_1940553735970260_3573879378339168256_n.jpg?oh=e7a7843ce96b7ffeacf4bdefd5076da9&oe=59A18632","objectID":"1940552599303707","repliesRcvd":2,"image":"https://scontent.xx.fbcdn.net/v/t15.0-10/s130x130/19190463_1940553735970260_3573879378339168256_n.jpg?oh=135088c0890718baafaa9c44aeb026b4&oe=59DEE010","username":"laurabbehnke","link":"https://www.facebook.com/laurabbehnke/videos/1940552599303707/","timeQuantum":4991556,"video":"https://video.xx.fbcdn.net/v/t42.1790-2/19177488_1913925265543192_184968813916192768_n.mp4?efg=eyJybHIiOjUxMywicmxhIjo1MTIsInZlbmNvZGVfdGFnIjoic3ZlX3NkIn0%3D&rl=513&vabr=285&oh=1ca398b98426c2895e14ea05628408f6&oe=594425B2","type":"video"},{"content":"I've lived a couple blocks off Central Park for almost seven years now and I'm still in awe every time I see it.","profileString":"facebook_page.137710766254575","postURL":"https://facebook.com/137710766254575/posts/1942290789129888","avatar":"https://graph.facebook.com/137710766254575/picture","classification":{"engine":"aylien","language":"en","taxonomy":[{"score":"0.2412","confident":true,"links":[{"link":"https://api.aylien.com/api/v1/classify/taxonomy/iab-qag/IAB20-22","rel":"self"},{"link":"https://api.aylien.com/api/v1/classify/taxonomy/iab-qag/IAB20","rel":"parent"}],"id":"IAB20-22","label":"National Parks"},{"score":"0.0854","confident":true,"links":[{"link":"https://api.aylien.com/api/v1/classify/taxonomy/iab-qag/IAB20","rel":"self"}],"id":"IAB20","label":"Travel"},{"score":"0.0784","confident":true,"links":[{"link":"https://api.aylien.com/api/v1/classify/taxonomy/iab-qag/IAB9","rel":"self"}],"id":"IAB9","label":"Hobbies & Interests"},{"score":"0.0573","confident":false,"links":[{"link":"https://api.aylien.com/api/v1/classify/taxonomy/iab-qag/IAB9-23","rel":"self"},{"link":"https://api.aylien.com/api/v1/classify/taxonomy/iab-qag/IAB9","rel":"parent"}],"id":"IAB9-23","label":"Photography"}]},"postidString":"facebook_page.137710766254575_1942290789129888","postMeta":{"inserted":"content-engine"},"timestamp":1497553023,"sharesRcvd":2,"likesRcvd":88,"source":"facebook_page","lastUpdateQuantum":4995268,"name":"Laura Behnke","imageLarge":"https://scontent.xx.fbcdn.net/v/t1.0-9/s720x720/19113582_1942290789129888_5476596989928487418_n.jpg?oh=73816f17c353080f2b6dee444a732280&oe=59A292D6","objectID":"1942290789129888","repliesRcvd":10,"image":"https://scontent.xx.fbcdn.net/v/t1.0-0/s130x130/19113582_1942290789129888_5476596989928487418_n.jpg?oh=6e7170aca484634ff880b5e2f5459b24&oe=59E676C3","username":"laurabbehnke","link":"https://www.facebook.com/laurabbehnke/photos/a.137724789586506.21683.137710766254575/1942290789129888/?type=3","timeQuantum":4991843,"title":"Timeline Photos","type":"photo"},{"content":"Such a great night!!","profileString":"facebook_page.137710766254575","postURL":"https://facebook.com/137710766254575/posts/1945876868771280","avatar":"https://graph.facebook.com/137710766254575/picture","classification":{"engine":"aylien","language":"en","taxonomy":[{"score":"0.2663","confident":false,"links":[{"link":"https://api.aylien.com/api/v1/classify/taxonomy/iab-qag/IAB1-4","rel":"self"},{"link":"https://api.aylien.com/api/v1/classify/taxonomy/iab-qag/IAB1","rel":"parent"}],"id":"IAB1-4","label":"Humor"},{"score":"0.2663","confident":false,"links":[{"link":"https://api.aylien.com/api/v1/classify/taxonomy/iab-qag/IAB25-4","rel":"self"},{"link":"https://api.aylien.com/api/v1/classify/taxonomy/iab-qag/IAB25","rel":"parent"}],"id":"IAB25-4","label":"Profane Content"},{"score":"0.1172","confident":false,"links":[{"link":"https://api.aylien.com/api/v1/classify/taxonomy/iab-qag/IAB8-5","rel":"self"},{"link":"https://api.aylien.com/api/v1/classify/taxonomy/iab-qag/IAB8","rel":"parent"}],"id":"IAB8-5","label":"Cocktails/Beer"},{"score":"0.0847","confident":true,"links":[{"link":"https://api.aylien.com/api/v1/classify/taxonomy/iab-qag/IAB1","rel":"self"}],"id":"IAB1","label":"Arts & Entertainment"},{"score":"0.0826","confident":true,"links":[{"link":"https://api.aylien.com/api/v1/classify/taxonomy/iab-qag/IAB8","rel":"self"}],"id":"IAB8","label":"Food & Drink"},{"score":"0.0701","confident":false,"links":[{"link":"https://api.aylien.com/api/v1/classify/taxonomy/iab-qag/IAB25","rel":"self"}],"id":"IAB25","label":"Non-Standard Content"}]},"postidString":"facebook_page.137710766254575_10155470832182698","postMeta":{"inserted":"content-engine"},"timestamp":1497731048,"sharesRcvd":0,"likesRcvd":13,"source":"facebook_page","lastUpdateQuantum":4995268,"name":"Laura Behnke","imageLarge":"https://scontent.xx.fbcdn.net/v/t1.0-9/s720x720/19060080_10155470832182698_7635589397628277984_n.jpg?oh=1de2978914f7df2bd09ff572ec5d6ed6&oe=59D15B89","originalID":"137710766254575_1945876868771280","objectID":"10155470832182698","repliesRcvd":2,"image":"https://scontent.xx.fbcdn.net/v/t1.0-0/s130x130/19060080_10155470832182698_7635589397628277984_n.jpg?oh=decbab242b08db13589903d1332d43cf&oe=59D8FA84","username":"laurabbehnke","link":"https://www.facebook.com/194322567697/photos/a.10155470831517698.1073741886.194322567697/10155470832182698/?type=3","timeQuantum":4992436,"title":"BronxWorks","type":"photo"},{"content":"To the man who has always allowed me follow my dreams and become the best \"me\" possible. Happy Father's Day, Dad! (Hopefully Mom will show this to you since she's the one actually on Instagram 😂)","profileString":"facebook_page.137710766254575","postURL":"https://facebook.com/137710766254575/posts/1947333381958962","avatar":"https://graph.facebook.com/137710766254575/picture","classification":{"engine":"aylien","language":"en","taxonomy":[{"score":"0.2557","confident":false,"links":[{"link":"https://api.aylien.com/api/v1/classify/taxonomy/iab-qag/IAB1-2","rel":"self"},{"link":"https://api.aylien.com/api/v1/classify/taxonomy/iab-qag/IAB1","rel":"parent"}],"id":"IAB1-2","label":"Celebrity Fan/Gossip"},{"score":"0.0795","confident":true,"links":[{"link":"https://api.aylien.com/api/v1/classify/taxonomy/iab-qag/IAB1","rel":"self"}],"id":"IAB1","label":"Arts & Entertainment"}]},"postidString":"facebook_page.137710766254575_1947333381958962","postMeta":{"inserted":"content-engine"},"timestamp":1497812317,"sharesRcvd":0,"likesRcvd":96,"source":"facebook_page","lastUpdateQuantum":4995268,"name":"Laura Behnke","imageLarge":"https://scontent.xx.fbcdn.net/v/t1.0-9/p720x720/19224996_1947333381958962_7721408802186533570_n.jpg?oh=32ac6222cec01b04e110415a7c0579ed&oe=59DEF266","objectID":"1947333381958962","repliesRcvd":11,"image":"https://scontent.xx.fbcdn.net/v/t1.0-0/p130x130/19224996_1947333381958962_7721408802186533570_n.jpg?oh=b66abceebb90c2b4d9ff376e2a964125&oe=599D4673","username":"laurabbehnke","link":"https://www.facebook.com/laurabbehnke/photos/a.137724789586506.21683.137710766254575/1947333381958962/?type=3","timeQuantum":4992707,"title":"Timeline Photos","type":"photo"},{"content":"It's a gorgeous day for baseball as the Yankees return to the Stadium tonight trying to snap a season-worst six-game losing streak. They begin a three-game set against the Angels tonight.","profileString":"facebook_page.137710766254575","postURL":"https://facebook.com/137710766254575/posts/1950749894950644","avatar":"https://graph.facebook.com/137710766254575/picture","classification":{"engine":"aylien","language":"en","taxonomy":[{"score":"0.3670","confident":true,"links":[{"link":"https://api.aylien.com/api/v1/classify/taxonomy/iab-qag/IAB17-2","rel":"self"},{"link":"https://api.aylien.com/api/v1/classify/taxonomy/iab-qag/IAB17","rel":"parent"}],"id":"IAB17-2","label":"Baseball"},{"score":"0.2303","confident":true,"links":[{"link":"https://api.aylien.com/api/v1/classify/taxonomy/iab-qag/IAB17","rel":"self"}],"id":"IAB17","label":"Sports"}]},"postidString":"facebook_page.137710766254575_1950749894950644","postMeta":{"inserted":"content-engine"},"timestamp":1497990125,"sharesRcvd":1,"likesRcvd":40,"source":"facebook_page","lastUpdateQuantum":4995340,"name":"Laura Behnke","imageLarge":"https://scontent.xx.fbcdn.net/v/t15.0-10/s720x720/19348932_1950759784949655_1873388425831251968_n.jpg?oh=7a003c992622f7ff27654f538c5eb984&oe=59E82CF1","objectID":"1950749894950644","repliesRcvd":4,"image":"https://scontent.xx.fbcdn.net/v/t15.0-10/s130x130/19348932_1950759784949655_1873388425831251968_n.jpg?oh=b8f0e71d47ca09f3eec70d27e6a00ec7&oe=59CC44D3","username":"laurabbehnke","link":"https://www.facebook.com/laurabbehnke/videos/1950749894950644/","timeQuantum":4993300,"video":"https://video.xx.fbcdn.net/v/t42.1790-2/19371798_1949848468563009_5326758507972657152_n.mp4?efg=eyJybHIiOjQ3NywicmxhIjo1MTIsInZlbmNvZGVfdGFnIjoic3ZlX3NkIn0%3D&rl=477&vabr=265&oh=49a91246e4e6b619e287bf815b61dc22&oe=594B0AC7","type":"video"},{"content":"Wine country paradise 🍷🍷|| 📷: @marcjfowler","profileString":"facebook_page.137710766254575","postURL":"https://facebook.com/137710766254575/posts/1956898371002463","avatar":"https://graph.facebook.com/137710766254575/picture","classification":{"engine":"aylien","language":"en","taxonomy":[{"score":"0.4229","links":[{"rel":"self","link":"https://api.aylien.com/api/v1/classify/taxonomy/iab-qag/IAB8-18"},{"rel":"parent","link":"https://api.aylien.com/api/v1/classify/taxonomy/iab-qag/IAB8"}],"label":"Wine","id":"IAB8-18","confident":true},{"score":"0.1489","links":[{"rel":"self","link":"https://api.aylien.com/api/v1/classify/taxonomy/iab-qag/IAB8"}],"label":"Food & Drink","id":"IAB8","confident":true}]},"postidString":"facebook_page.137710766254575_1956898371002463","postMeta":{"inserted":"content-engine"},"timestamp":1498330685,"sharesRcvd":2,"likesRcvd":168,"source":"facebook_page","lastUpdateQuantum":4995826,"name":"Laura Behnke","imageLarge":"https://scontent.xx.fbcdn.net/v/t1.0-9/s720x720/19437448_1956898371002463_6990298018582310743_n.jpg?oh=733ad46de5044455016ede8ee0931948&oe=59CF7338","objectID":"1956898371002463","repliesRcvd":23,"image":"https://scontent.xx.fbcdn.net/v/t1.0-0/s130x130/19437448_1956898371002463_6990298018582310743_n.jpg?oh=84e27ee10990c190b0ef0738b6e8278e&oe=59DAF82D","username":"laurabbehnke","link":"https://www.facebook.com/laurabbehnke/photos/a.137724789586506.21683.137710766254575/1956898371002463/?type=3","timeQuantum":4994435,"type":"photo","title":"Timeline Photos"}]