[{"content":"I woke up with a heavy heart when I heard last night about the passing of  FDNY firefighter Bill Tolley. As many of you know, I am married to Fireman who ironically started his career with the FDNY at Ladder 135, Engine 286 in Glendale where Bill worked tirelessly for 17 years.  \n\nMy husband called me yesterday with the sad news as he rushed to Wyckoff Hospital to see if there was anything he could do.  His voice on the phone was somber and I knew immediately it was bad news.  \n\nI had met Bill and his wife Marie at several FDNY family function for the firehouse over the years. He was kind, gracious and a gentleman. He always had a smile on his face and I just remember a couple who loved each other tremendously.  My heart is broken for Marie and their beautiful daughter. There are no words. No words!\n\n As many of you know being a Firefighter and part of the FDNY is a brotherhood.  We hear that all the time. But I can tell you first hand the love, support and respect firefighters have for each other  is something I have never experienced ever.   And I know during this incredibly difficult time, the brotherhood will not let his family down.  \n\nSo this morning as you wake up, keep Bill  and his family in your prayers.  God bless him and his family. 💔\nNew York City Fire Department (FDNY)","profileString":"facebook_page.275687682609654","postURL":"https://facebook.com/275687682609654/posts/734608630050888","avatar":"https://graph.facebook.com/275687682609654/picture","classification":{"engine":"aylien","language":"en","taxonomy":[{"score":"0.2497","confident":false,"links":[{"link":"https://api.aylien.com/api/v1/classify/taxonomy/iab-qag/IAB6-6","rel":"self"},{"link":"https://api.aylien.com/api/v1/classify/taxonomy/iab-qag/IAB6","rel":"parent"}],"id":"IAB6-6","label":"Parenting teens"},{"score":"0.1548","confident":true,"links":[{"link":"https://api.aylien.com/api/v1/classify/taxonomy/iab-qag/IAB6","rel":"self"}],"id":"IAB6","label":"Family & Parenting"}]},"postidString":"facebook_page.275687682609654_734608606717557","postMeta":{"inserted":"content-engine"},"timestamp":1492769196,"sharesRcvd":18,"likesRcvd":412,"source":"facebook_page","lastUpdateQuantum":4983245,"name":"Sukanya Krishnan","imageLarge":"https://scontent.xx.fbcdn.net/v/t1.0-9/p720x720/18033050_734608606717557_5720135618034699843_n.jpg?oh=9ee5cd83b980a43726420ec4eeca1c74&oe=598D85A2","originalID":"275687682609654_734608630050888","objectID":"734608606717557","repliesRcvd":82,"image":"https://scontent.xx.fbcdn.net/v/t1.0-0/p130x130/18033050_734608606717557_5720135618034699843_n.jpg?oh=700ded07020c2fa40e11749d2e2ccac1&oe=59790C5D","username":"sukanyakrishnantv","link":"https://www.facebook.com/sukanyakrishnantv/photos/a.278602428984846.1073741828.275687682609654/734608606717557/?type=3","timeQuantum":4975897,"type":"photo"},{"content":"It's Friday.  Let's talk Scott Stanford","profileString":"facebook_page.275687682609654","postURL":"https://facebook.com/275687682609654/posts/734723596706058","avatar":"https://graph.facebook.com/275687682609654/picture","classification":{"engine":"aylien","language":"en","taxonomy":[{"score":"0.1561","confident":false,"links":[{"link":"https://api.aylien.com/api/v1/classify/taxonomy/iab-qag/IAB23-4","rel":"self"},{"link":"https://api.aylien.com/api/v1/classify/taxonomy/iab-qag/IAB23","rel":"parent"}],"id":"IAB23-4","label":"Catholicism"},{"score":"0.0678","confident":false,"links":[{"link":"https://api.aylien.com/api/v1/classify/taxonomy/iab-qag/IAB9","rel":"self"}],"id":"IAB9","label":"Hobbies & Interests"},{"score":"0.0600","confident":false,"links":[{"link":"https://api.aylien.com/api/v1/classify/taxonomy/iab-qag/IAB23","rel":"self"}],"id":"IAB23","label":"Religion & Spirituality"},{"score":"0.0551","confident":false,"links":[{"link":"https://api.aylien.com/api/v1/classify/taxonomy/iab-qag/IAB7","rel":"self"}],"id":"IAB7","label":"Health & Fitness"},{"score":"0.0528","confident":false,"links":[{"link":"https://api.aylien.com/api/v1/classify/taxonomy/iab-qag/IAB9-6","rel":"self"},{"link":"https://api.aylien.com/api/v1/classify/taxonomy/iab-qag/IAB9","rel":"parent"}],"id":"IAB9-6","label":"Candle & Soap Making"},{"score":"0.0510","confident":true,"links":[{"link":"https://api.aylien.com/api/v1/classify/taxonomy/iab-qag/IAB7-34","rel":"self"},{"link":"https://api.aylien.com/api/v1/classify/taxonomy/iab-qag/IAB7","rel":"parent"}],"id":"IAB7-34","label":"Panic/Anxiety Disorders"}]},"postidString":"facebook_page.275687682609654_734723596706058","postMeta":{"inserted":"content-engine"},"timestamp":1492780550,"sharesRcvd":2,"likesRcvd":78,"source":"facebook_page","lastUpdateQuantum":4983245,"name":"Sukanya Krishnan","imageLarge":"https://scontent.xx.fbcdn.net/v/t15.0-10/18073061_734737426704675_3423324573997727744_n.jpg?oh=82672fd72e8d285a8beaead66588968c&oe=598DFD0D","objectID":"734723596706058","repliesRcvd":120,"image":"https://scontent.xx.fbcdn.net/v/t15.0-10/s130x130/18073061_734737426704675_3423324573997727744_n.jpg?oh=c0d756f94eec9f2ea84d58bb129bd9db&oe=594F87E0","username":"sukanyakrishnantv","link":"https://www.facebook.com/sukanyakrishnantv/videos/734723596706058/","timeQuantum":4975935,"video":"https://www.facebook.com/video/playback/playlist.m3u8?v=734723596706058","type":"video"},{"content":"This is amazing.  If you are a mom who is looking for some fabulous ideas for lunch for your picky eater meet Dear jeni Check out her page www.dearjenni.com for more amazing ideas.","profileString":"facebook_page.275687682609654","postURL":"https://facebook.com/275687682609654/posts/736315053213579","avatar":"https://graph.facebook.com/275687682609654/picture","classification":{"engine":"aylien","language":"en","taxonomy":[{"score":"0.1826","confident":false,"links":[{"link":"https://api.aylien.com/api/v1/classify/taxonomy/iab-qag/IAB25-2","rel":"self"},{"link":"https://api.aylien.com/api/v1/classify/taxonomy/iab-qag/IAB25","rel":"parent"}],"id":"IAB25-2","label":"Extreme Graphic/Explicit Violence"},{"score":"0.0845","confident":false,"links":[{"link":"https://api.aylien.com/api/v1/classify/taxonomy/iab-qag/IAB8-2","rel":"self"},{"link":"https://api.aylien.com/api/v1/classify/taxonomy/iab-qag/IAB8","rel":"parent"}],"id":"IAB8-2","label":"Barbecues & Grilling"},{"score":"0.0715","confident":false,"links":[{"link":"https://api.aylien.com/api/v1/classify/taxonomy/iab-qag/IAB9","rel":"self"}],"id":"IAB9","label":"Hobbies & Interests"},{"score":"0.0606","confident":false,"links":[{"link":"https://api.aylien.com/api/v1/classify/taxonomy/iab-qag/IAB25","rel":"self"}],"id":"IAB25","label":"Non-Standard Content"},{"score":"0.0573","confident":false,"links":[{"link":"https://api.aylien.com/api/v1/classify/taxonomy/iab-qag/IAB8","rel":"self"}],"id":"IAB8","label":"Food & Drink"},{"score":"0.0496","confident":false,"links":[{"link":"https://api.aylien.com/api/v1/classify/taxonomy/iab-qag/IAB9-4","rel":"self"},{"link":"https://api.aylien.com/api/v1/classify/taxonomy/iab-qag/IAB9","rel":"parent"}],"id":"IAB9-4","label":"Birdwatching"}]},"postidString":"facebook_page.275687682609654_736315053213579","postMeta":{"inserted":"content-engine"},"timestamp":1493039385,"sharesRcvd":21,"likesRcvd":67,"source":"facebook_page","lastUpdateQuantum":4983245,"name":"Sukanya Krishnan","imageLarge":"https://scontent.xx.fbcdn.net/v/t15.0-10/s720x720/18137157_736316603213424_6342077390788755456_n.jpg?oh=8579b9f4f9516de3e4ef4b649a6059e3&oe=598CB0E1","objectID":"736315053213579","repliesRcvd":21,"image":"https://scontent.xx.fbcdn.net/v/t15.0-10/s130x130/18137157_736316603213424_6342077390788755456_n.jpg?oh=9b1c2bca664b4036e6cd47daa07fa1da&oe=5995955B","username":"sukanyakrishnantv","link":"https://www.facebook.com/sukanyakrishnantv/videos/736315053213579/","timeQuantum":4976797,"video":"https://video.xx.fbcdn.net/v/t42.1790-2/18148082_2372915706267334_9152942720753336320_n.mp4?efg=eyJybHIiOjUzOCwicmxhIjoxMzY0LCJ2ZW5jb2RlX3RhZyI6InN2ZV9zZCJ9&rl=538&vabr=299&oh=25a2e836e9e9d814437526710904722b&oe=59006247","type":"video"},{"content":"Good Monday. Scott Stanford has the day off Craig Treadway is here","profileString":"facebook_page.275687682609654","postURL":"https://facebook.com/275687682609654/posts/736319326546485","avatar":"https://graph.facebook.com/275687682609654/picture","classification":{"engine":"aylien","language":"en","taxonomy":[{"score":"0.0938","confident":false,"links":[{"link":"https://api.aylien.com/api/v1/classify/taxonomy/iab-qag/IAB8-6","rel":"self"},{"link":"https://api.aylien.com/api/v1/classify/taxonomy/iab-qag/IAB8","rel":"parent"}],"id":"IAB8-6","label":"Coffee/Tea"},{"score":"0.0649","confident":false,"links":[{"link":"https://api.aylien.com/api/v1/classify/taxonomy/iab-qag/IAB17","rel":"self"}],"id":"IAB17","label":"Sports"},{"score":"0.0618","confident":false,"links":[{"link":"https://api.aylien.com/api/v1/classify/taxonomy/iab-qag/IAB9","rel":"self"}],"id":"IAB9","label":"Hobbies & Interests"},{"score":"0.0544","confident":false,"links":[{"link":"https://api.aylien.com/api/v1/classify/taxonomy/iab-qag/IAB8","rel":"self"}],"id":"IAB8","label":"Food & Drink"},{"score":"0.0530","confident":false,"links":[{"link":"https://api.aylien.com/api/v1/classify/taxonomy/iab-qag/IAB9-6","rel":"self"},{"link":"https://api.aylien.com/api/v1/classify/taxonomy/iab-qag/IAB9","rel":"parent"}],"id":"IAB9-6","label":"Candle & Soap Making"},{"score":"0.0411","confident":false,"links":[{"link":"https://api.aylien.com/api/v1/classify/taxonomy/iab-qag/IAB17-43","rel":"self"},{"link":"https://api.aylien.com/api/v1/classify/taxonomy/iab-qag/IAB17","rel":"parent"}],"id":"IAB17-43","label":"Waterski/Wakeboard"}]},"postidString":"facebook_page.275687682609654_736319326546485","postMeta":{"inserted":"content-engine"},"timestamp":1493039838,"sharesRcvd":3,"likesRcvd":107,"source":"facebook_page","lastUpdateQuantum":4983245,"name":"Sukanya Krishnan","imageLarge":"https://scontent.xx.fbcdn.net/v/t15.0-10/18137044_736323303212754_8256202400306561024_n.jpg?oh=8d68ac4c8f4b54efb646799d918329d7&oe=59994A98","objectID":"736319326546485","repliesRcvd":113,"image":"https://scontent.xx.fbcdn.net/v/t15.0-10/s130x130/18137044_736323303212754_8256202400306561024_n.jpg?oh=befd756ee03e097eb13a6e18f8c8d9f1&oe=59757875","username":"sukanyakrishnantv","link":"https://www.facebook.com/sukanyakrishnantv/videos/736319326546485/","timeQuantum":4976799,"video":"https://www.facebook.com/video/playback/playlist.m3u8?v=736319326546485","type":"video"},{"content":"Time to talk on this rainy Tuesday.  Scott Stanford is here","profileString":"facebook_page.275687682609654","postURL":"https://facebook.com/275687682609654/posts/736807836497634","avatar":"https://graph.facebook.com/275687682609654/picture","classification":{"engine":"aylien","language":"en","taxonomy":[{"score":"0.0875","confident":true,"links":[{"link":"https://api.aylien.com/api/v1/classify/taxonomy/iab-qag/IAB9","rel":"self"}],"id":"IAB9","label":"Hobbies & Interests"},{"score":"0.0541","confident":false,"links":[{"link":"https://api.aylien.com/api/v1/classify/taxonomy/iab-qag/IAB9-13","rel":"self"},{"link":"https://api.aylien.com/api/v1/classify/taxonomy/iab-qag/IAB9","rel":"parent"}],"id":"IAB9-13","label":"Freelance Writing"}]},"postidString":"facebook_page.275687682609654_736807836497634","postMeta":{"inserted":"content-engine"},"timestamp":1493126185,"sharesRcvd":4,"likesRcvd":102,"source":"facebook_page","lastUpdateQuantum":4983245,"name":"Sukanya Krishnan","imageLarge":"https://scontent.xx.fbcdn.net/v/t15.0-10/18175124_736813653163719_4700441564843868160_n.jpg?oh=ade04c1f0c0d50e2d1d8ed046b153fc6&oe=598F46D7","objectID":"736807836497634","repliesRcvd":117,"image":"https://scontent.xx.fbcdn.net/v/t15.0-10/s130x130/18175124_736813653163719_4700441564843868160_n.jpg?oh=5cc6d3a02030f438b03ec01611d91848&oe=597A963A","username":"sukanyakrishnantv","link":"https://www.facebook.com/sukanyakrishnantv/videos/736807836497634/","timeQuantum":4977087,"video":"https://www.facebook.com/video/playback/playlist.m3u8?v=736807836497634","type":"video"},{"content":"Happy Thursday.  Scott Stanford and I will be talking","profileString":"facebook_page.275687682609654","postURL":"https://facebook.com/275687682609654/posts/737729146405503","avatar":"https://graph.facebook.com/275687682609654/picture","classification":{"engine":"aylien","language":"en","taxonomy":[{"score":"0.2341","links":[{"rel":"self","link":"https://api.aylien.com/api/v1/classify/taxonomy/iab-qag/IAB14-1"},{"rel":"parent","link":"https://api.aylien.com/api/v1/classify/taxonomy/iab-qag/IAB14"}],"label":"Dating","id":"IAB14-1","confident":false},{"score":"0.1837","links":[{"rel":"self","link":"https://api.aylien.com/api/v1/classify/taxonomy/iab-qag/IAB1-7"},{"rel":"parent","link":"https://api.aylien.com/api/v1/classify/taxonomy/iab-qag/IAB1"}],"label":"Television","id":"IAB1-7","confident":false},{"score":"0.1790","links":[{"rel":"self","link":"https://api.aylien.com/api/v1/classify/taxonomy/iab-qag/IAB25-2"},{"rel":"parent","link":"https://api.aylien.com/api/v1/classify/taxonomy/iab-qag/IAB25"}],"label":"Extreme Graphic/Explicit Violence","id":"IAB25-2","confident":false},{"score":"0.1699","links":[{"rel":"self","link":"https://api.aylien.com/api/v1/classify/taxonomy/iab-qag/IAB23-4"},{"rel":"parent","link":"https://api.aylien.com/api/v1/classify/taxonomy/iab-qag/IAB23"}],"label":"Catholicism","id":"IAB23-4","confident":false},{"score":"0.0643","links":[{"rel":"self","link":"https://api.aylien.com/api/v1/classify/taxonomy/iab-qag/IAB7-2"},{"rel":"parent","link":"https://api.aylien.com/api/v1/classify/taxonomy/iab-qag/IAB7"}],"label":"A.D.D.","id":"IAB7-2","confident":true},{"score":"0.0569","links":[{"rel":"self","link":"https://api.aylien.com/api/v1/classify/taxonomy/iab-qag/IAB9-15"},{"rel":"parent","link":"https://api.aylien.com/api/v1/classify/taxonomy/iab-qag/IAB9"}],"label":"Getting Published","id":"IAB9-15","confident":false},{"score":"0.0557","links":[{"rel":"self","link":"https://api.aylien.com/api/v1/classify/taxonomy/iab-qag/IAB14"}],"label":"Society","id":"IAB14","confident":false},{"score":"0.0521","links":[{"rel":"self","link":"https://api.aylien.com/api/v1/classify/taxonomy/iab-qag/IAB25"}],"label":"Non-Standard Content","id":"IAB25","confident":false},{"score":"0.0500","links":[{"rel":"self","link":"https://api.aylien.com/api/v1/classify/taxonomy/iab-qag/IAB7"}],"label":"Health & Fitness","id":"IAB7","confident":false},{"score":"0.0494","links":[{"rel":"self","link":"https://api.aylien.com/api/v1/classify/taxonomy/iab-qag/IAB17"}],"label":"Sports","id":"IAB17","confident":false},{"score":"0.0474","links":[{"rel":"self","link":"https://api.aylien.com/api/v1/classify/taxonomy/iab-qag/IAB1"}],"label":"Arts & Entertainment","id":"IAB1","confident":false},{"score":"0.0468","links":[{"rel":"self","link":"https://api.aylien.com/api/v1/classify/taxonomy/iab-qag/IAB23"}],"label":"Religion & Spirituality","id":"IAB23","confident":false},{"score":"0.0466","links":[{"rel":"self","link":"https://api.aylien.com/api/v1/classify/taxonomy/iab-qag/IAB9"}],"label":"Hobbies & Interests","id":"IAB9","confident":false},{"score":"0.0369","links":[{"rel":"self","link":"https://api.aylien.com/api/v1/classify/taxonomy/iab-qag/IAB17-30"},{"rel":"parent","link":"https://api.aylien.com/api/v1/classify/taxonomy/iab-qag/IAB17"}],"label":"Running/Jogging","id":"IAB17-30","confident":false}]},"postidString":"facebook_page.275687682609654_737729146405503","postMeta":{"inserted":"content-engine"},"timestamp":1493299027,"sharesRcvd":2,"likesRcvd":74,"source":"facebook_page","lastUpdateQuantum":4983245,"name":"Sukanya Krishnan","imageLarge":"https://scontent.xx.fbcdn.net/v/t15.0-10/18192109_737733099738441_2688831814297976832_n.jpg?oh=bb8a2a736a43e4ca431700678d3e637e&oe=598A5AEE","objectID":"737729146405503","repliesRcvd":101,"image":"https://scontent.xx.fbcdn.net/v/t15.0-10/s130x130/18192109_737733099738441_2688831814297976832_n.jpg?oh=76c5ceecb3be6121610653432b50820b&oe=598CA003","username":"sukanyakrishnantv","link":"https://www.facebook.com/sukanyakrishnantv/videos/737729146405503/","timeQuantum":4977663,"video":"https://www.facebook.com/video/playback/playlist.m3u8?v=737729146405503","type":"video"},{"content":"TGIF my friends.  Just a reminder if you would like to join us on Facebook live at 9:15 right after the show.  \nScott Stanford and I are ready to get our FriYayyyy on!  \n☀️","profileString":"facebook_page.275687682609654","postURL":"https://facebook.com/275687682609654/posts/738125346365883","avatar":"https://graph.facebook.com/275687682609654/picture","classification":{"engine":"aylien","language":"en","taxonomy":[{"score":"0.0857","confident":true,"links":[{"link":"https://api.aylien.com/api/v1/classify/taxonomy/iab-qag/IAB9","rel":"self"}],"id":"IAB9","label":"Hobbies & Interests"},{"score":"0.0551","confident":false,"links":[{"link":"https://api.aylien.com/api/v1/classify/taxonomy/iab-qag/IAB9-23","rel":"self"},{"link":"https://api.aylien.com/api/v1/classify/taxonomy/iab-qag/IAB9","rel":"parent"}],"id":"IAB9-23","label":"Photography"}]},"postidString":"facebook_page.275687682609654_738125346365883","postMeta":{"inserted":"content-engine"},"timestamp":1493376219,"sharesRcvd":4,"likesRcvd":235,"source":"facebook_page","lastUpdateQuantum":4983245,"name":"Sukanya Krishnan","imageLarge":"https://scontent.xx.fbcdn.net/v/t1.0-9/s720x720/18157662_738125346365883_7607955085203398384_n.jpg?oh=06acf5ae84205d159511bf1e827d4527&oe=59BE8169","objectID":"738125346365883","repliesRcvd":34,"image":"https://scontent.xx.fbcdn.net/v/t1.0-0/s130x130/18157662_738125346365883_7607955085203398384_n.jpg?oh=5ee6a57ff16ad9b636addcfd0e13a96d&oe=598D7E96","username":"sukanyakrishnantv","link":"https://www.facebook.com/sukanyakrishnantv/photos/a.482944118550675.1073741829.275687682609654/738125346365883/?type=3","timeQuantum":4977920,"title":"Timeline Photos","type":"photo"},{"content":"Welcome to our Facebook live.  Special guest Fran Drescher Scott Stanford","profileString":"facebook_page.275687682609654","postURL":"https://facebook.com/275687682609654/posts/738175923027492","avatar":"https://graph.facebook.com/275687682609654/picture","classification":{"engine":"aylien","language":"en","taxonomy":[{"score":"0.2020","confident":false,"links":[{"link":"https://api.aylien.com/api/v1/classify/taxonomy/iab-qag/IAB1-4","rel":"self"},{"link":"https://api.aylien.com/api/v1/classify/taxonomy/iab-qag/IAB1","rel":"parent"}],"id":"IAB1-4","label":"Humor"},{"score":"0.0776","confident":true,"links":[{"link":"https://api.aylien.com/api/v1/classify/taxonomy/iab-qag/IAB9","rel":"self"}],"id":"IAB9","label":"Hobbies & Interests"},{"score":"0.0635","confident":false,"links":[{"link":"https://api.aylien.com/api/v1/classify/taxonomy/iab-qag/IAB1","rel":"self"}],"id":"IAB1","label":"Arts & Entertainment"},{"score":"0.0548","confident":false,"links":[{"link":"https://api.aylien.com/api/v1/classify/taxonomy/iab-qag/IAB9-6","rel":"self"},{"link":"https://api.aylien.com/api/v1/classify/taxonomy/iab-qag/IAB9","rel":"parent"}],"id":"IAB9-6","label":"Candle & Soap Making"}]},"postidString":"facebook_page.275687682609654_738175923027492","postMeta":{"inserted":"content-engine"},"timestamp":1493385302,"sharesRcvd":1,"likesRcvd":90,"source":"facebook_page","lastUpdateQuantum":4983245,"name":"Sukanya Krishnan","imageLarge":"https://scontent.xx.fbcdn.net/v/t15.0-10/18192205_738182229693528_7679553030219366400_n.jpg?oh=c696c1b856559a1bdbb8121eb5ba6adf&oe=59899F20","objectID":"738175923027492","repliesRcvd":103,"image":"https://scontent.xx.fbcdn.net/v/t15.0-10/s130x130/18192205_738182229693528_7679553030219366400_n.jpg?oh=7e52a6c53dec5ca21d157ec594d1ce63&oe=598871CD","username":"sukanyakrishnantv","link":"https://www.facebook.com/sukanyakrishnantv/videos/738175923027492/","timeQuantum":4977951,"video":"https://www.facebook.com/video/playback/playlist.m3u8?v=738175923027492","type":"video"},{"content":"Good Monday morning.  Facebook live time Scott Stanford PIX11 Morning News","profileString":"facebook_page.275687682609654","postURL":"https://facebook.com/275687682609654/posts/739732326205185","avatar":"https://graph.facebook.com/275687682609654/picture","classification":{"engine":"aylien","language":"en","taxonomy":[{"score":"0.4920","confident":false,"links":[{"link":"https://api.aylien.com/api/v1/classify/taxonomy/iab-qag/IAB12-2","rel":"self"},{"link":"https://api.aylien.com/api/v1/classify/taxonomy/iab-qag/IAB12","rel":"parent"}],"id":"IAB12-2","label":"National News"},{"score":"0.2416","confident":true,"links":[{"link":"https://api.aylien.com/api/v1/classify/taxonomy/iab-qag/IAB12","rel":"self"}],"id":"IAB12","label":"News"}]},"postidString":"facebook_page.275687682609654_739732326205185","postMeta":{"inserted":"content-engine"},"timestamp":1493644483,"sharesRcvd":0,"likesRcvd":62,"source":"facebook_page","lastUpdateQuantum":4979670,"name":"Sukanya Krishnan","imageLarge":"https://scontent.xx.fbcdn.net/v/t15.0-10/18279435_739739339537817_1011818995570966528_n.jpg?oh=cb1279d0944ae2b0312eb362745790da&oe=59821F38","objectID":"739732326205185","repliesRcvd":107,"image":"https://scontent.xx.fbcdn.net/v/t15.0-10/s130x130/18279435_739739339537817_1011818995570966528_n.jpg?oh=332c30f5b48c029b3fcb3898f53900c0&oe=598DF7D5","username":"sukanyakrishnantv","link":"https://www.facebook.com/sukanyakrishnantv/videos/739732326205185/","timeQuantum":4978814,"video":"https://www.facebook.com/video/playback/playlist.m3u8?v=739732326205185","type":"video"},{"content":"Let's talk.  Facebook live time. Scott Stanford","profileString":"facebook_page.275687682609654","postURL":"https://facebook.com/275687682609654/posts/740234282821656","avatar":"https://graph.facebook.com/275687682609654/picture","classification":{"engine":"aylien","language":"en","taxonomy":[{"score":"0.1029","confident":true,"links":[{"link":"https://api.aylien.com/api/v1/classify/taxonomy/iab-qag/IAB9","rel":"self"}],"id":"IAB9","label":"Hobbies & Interests"},{"score":"0.0559","confident":false,"links":[{"link":"https://api.aylien.com/api/v1/classify/taxonomy/iab-qag/IAB9-13","rel":"self"},{"link":"https://api.aylien.com/api/v1/classify/taxonomy/iab-qag/IAB9","rel":"parent"}],"id":"IAB9-13","label":"Freelance Writing"}]},"postidString":"facebook_page.275687682609654_740234282821656","postMeta":{"inserted":"content-engine"},"timestamp":1493730870,"sharesRcvd":6,"likesRcvd":122,"source":"facebook_page","lastUpdateQuantum":4980434,"name":"Sukanya Krishnan","imageLarge":"https://scontent.xx.fbcdn.net/v/t15.0-10/18279515_740239712821113_1284341679888793600_n.jpg?oh=7c037da1b12eb81d36869b2ef0290677&oe=59848010","objectID":"740234282821656","repliesRcvd":203,"image":"https://scontent.xx.fbcdn.net/v/t15.0-10/s130x130/18279515_740239712821113_1284341679888793600_n.jpg?oh=26705c226b5ee419cccc9cdfd7f57e1e&oe=597D8EFD","username":"sukanyakrishnantv","link":"https://www.facebook.com/sukanyakrishnantv/videos/740234282821656/","timeQuantum":4979102,"video":"https://www.facebook.com/video/playback/playlist.m3u8?v=740234282821656","type":"video"},{"content":"Thank you everyone for your kind  words. Its been my honor to be apart of your family for the past 17 years. I will be leaving PIX at the end of the month.  My time here has been filled with nothing but love. Be FEARLESS and complete the journey!","profileString":"facebook_page.275687682609654","postURL":"https://facebook.com/275687682609654/posts/741202716058146","avatar":"https://graph.facebook.com/275687682609654/picture","classification":{"engine":"aylien","language":"en","taxonomy":[{"score":"0.2088","confident":false,"links":[{"link":"https://api.aylien.com/api/v1/classify/taxonomy/iab-qag/IAB6-6","rel":"self"},{"link":"https://api.aylien.com/api/v1/classify/taxonomy/iab-qag/IAB6","rel":"parent"}],"id":"IAB6-6","label":"Parenting teens"},{"score":"0.0890","confident":true,"links":[{"link":"https://api.aylien.com/api/v1/classify/taxonomy/iab-qag/IAB6","rel":"self"}],"id":"IAB6","label":"Family & Parenting"}]},"postidString":"facebook_page.275687682609654_741202716058146","postMeta":{"inserted":"content-engine"},"timestamp":1493894888,"sharesRcvd":944,"likesRcvd":3631,"source":"facebook_page","lastUpdateQuantum":4983371,"name":"Sukanya Krishnan","imageLarge":"https://scontent.xx.fbcdn.net/v/t15.0-10/s720x720/18324368_741206699391081_7914949905561419776_n.jpg?oh=d84dba25bac55904762292671daf1231&oe=59BF5401","objectID":"741202716058146","repliesRcvd":1625,"image":"https://scontent.xx.fbcdn.net/v/t15.0-10/s130x130/18324368_741206699391081_7914949905561419776_n.jpg?oh=a6b7e57e4d8befa03a63e652502dd75c&oe=598AB8BB","username":"sukanyakrishnantv","link":"https://www.facebook.com/sukanyakrishnantv/videos/741202716058146/","timeQuantum":4979649,"video":"https://video.xx.fbcdn.net/v/t42.1790-2/18309904_1964691767092666_5991040870349012992_n.mp4?efg=eyJybHIiOjMwMCwicmxhIjo1MTIsInZlbmNvZGVfdGFnIjoic3ZlX3NkIn0%3D&rl=300&vabr=142&oh=ec3277e37c2ea14a66e1762ad2111cbe&oe=590D93B0","type":"video"},{"content":"I would just like to thank all of you for your kind words.  I am speechless by the so many beautiful comments you have written.  I have read all of them and I have cried.  They have all touched my heart.   \nWe have shared so much together and tonight I will share this with you Emmy Night 2017.  I am up for best news anchor and best morning show with my friend Scott Stanford.  I wasn't going to go but I decided that life is too short and every moment and accomplishment must be celebrated, espically now.  ❤.Wish me luck.","profileString":"facebook_page.275687682609654","postURL":"https://facebook.com/275687682609654/posts/742433249268426","avatar":"https://graph.facebook.com/275687682609654/picture","classification":{"engine":"aylien","language":"en","taxonomy":[{"score":"0.2384","confident":false,"links":[{"link":"https://api.aylien.com/api/v1/classify/taxonomy/iab-qag/IAB1-4","rel":"self"},{"link":"https://api.aylien.com/api/v1/classify/taxonomy/iab-qag/IAB1","rel":"parent"}],"id":"IAB1-4","label":"Humor"},{"score":"0.1110","confident":true,"links":[{"link":"https://api.aylien.com/api/v1/classify/taxonomy/iab-qag/IAB1","rel":"self"}],"id":"IAB1","label":"Arts & Entertainment"}]},"postidString":"facebook_page.275687682609654_742428565935561","postMeta":{"inserted":"content-engine"},"timestamp":1494102216,"sharesRcvd":57,"likesRcvd":3217,"source":"facebook_page","lastUpdateQuantum":4984325,"name":"Sukanya Krishnan","imageLarge":"https://scontent.xx.fbcdn.net/v/t1.0-9/s720x720/18301145_742428565935561_3016631912958585200_n.jpg?oh=a0bc6171755f5b0e9c22632bcd000dd3&oe=597DA148","originalID":"275687682609654_742433249268426","objectID":"742428565935561","repliesRcvd":955,"image":"https://scontent.xx.fbcdn.net/v/t1.0-0/s130x130/18301145_742428565935561_3016631912958585200_n.jpg?oh=f518ebb5158aa379e5c1c3182c60d25d&oe=59BEA4B7","username":"sukanyakrishnantv","link":"https://www.facebook.com/sukanyakrishnantv/photos/a.278602428984846.1073741828.275687682609654/742428565935561/?type=3","timeQuantum":4980340,"title":"Photos from Sukanya Krishnan's post","type":"photo"},{"content":"Emmys 2017 Scott Stanford and I are ready to do a segment called something about Saturday night.","profileString":"facebook_page.275687682609654","postURL":"https://facebook.com/275687682609654/posts/742495825928835","avatar":"https://graph.facebook.com/275687682609654/picture","classification":{"engine":"aylien","language":"en","taxonomy":[{"score":"0.2423","confident":false,"links":[{"link":"https://api.aylien.com/api/v1/classify/taxonomy/iab-qag/IAB1-4","rel":"self"},{"link":"https://api.aylien.com/api/v1/classify/taxonomy/iab-qag/IAB1","rel":"parent"}],"id":"IAB1-4","label":"Humor"},{"score":"0.2184","confident":false,"links":[{"link":"https://api.aylien.com/api/v1/classify/taxonomy/iab-qag/IAB10-5","rel":"self"},{"link":"https://api.aylien.com/api/v1/classify/taxonomy/iab-qag/IAB10","rel":"parent"}],"id":"IAB10-5","label":"Home Repair"},{"score":"0.1946","confident":false,"links":[{"link":"https://api.aylien.com/api/v1/classify/taxonomy/iab-qag/IAB25-4","rel":"self"},{"link":"https://api.aylien.com/api/v1/classify/taxonomy/iab-qag/IAB25","rel":"parent"}],"id":"IAB25-4","label":"Profane Content"},{"score":"0.1492","confident":false,"links":[{"link":"https://api.aylien.com/api/v1/classify/taxonomy/iab-qag/IAB23-6","rel":"self"},{"link":"https://api.aylien.com/api/v1/classify/taxonomy/iab-qag/IAB23","rel":"parent"}],"id":"IAB23-6","label":"Hinduism"},{"score":"0.0868","confident":false,"links":[{"link":"https://api.aylien.com/api/v1/classify/taxonomy/iab-qag/IAB8-5","rel":"self"},{"link":"https://api.aylien.com/api/v1/classify/taxonomy/iab-qag/IAB8","rel":"parent"}],"id":"IAB8-5","label":"Cocktails/Beer"},{"score":"0.0751","confident":false,"links":[{"link":"https://api.aylien.com/api/v1/classify/taxonomy/iab-qag/IAB2-16","rel":"self"},{"link":"https://api.aylien.com/api/v1/classify/taxonomy/iab-qag/IAB2","rel":"parent"}],"id":"IAB2-16","label":"Off-Road Vehicles"},{"score":"0.0587","confident":false,"links":[{"link":"https://api.aylien.com/api/v1/classify/taxonomy/iab-qag/IAB17","rel":"self"}],"id":"IAB17","label":"Sports"},{"score":"0.0552","confident":false,"links":[{"link":"https://api.aylien.com/api/v1/classify/taxonomy/iab-qag/IAB1","rel":"self"}],"id":"IAB1","label":"Arts & Entertainment"},{"score":"0.0541","confident":false,"links":[{"link":"https://api.aylien.com/api/v1/classify/taxonomy/iab-qag/IAB8","rel":"self"}],"id":"IAB8","label":"Food & Drink"},{"score":"0.0539","confident":false,"links":[{"link":"https://api.aylien.com/api/v1/classify/taxonomy/iab-qag/IAB9","rel":"self"}],"id":"IAB9","label":"Hobbies & Interests"},{"score":"0.0508","confident":false,"links":[{"link":"https://api.aylien.com/api/v1/classify/taxonomy/iab-qag/IAB9-6","rel":"self"},{"link":"https://api.aylien.com/api/v1/classify/taxonomy/iab-qag/IAB9","rel":"parent"}],"id":"IAB9-6","label":"Candle & Soap Making"},{"score":"0.0500","confident":false,"links":[{"link":"https://api.aylien.com/api/v1/classify/taxonomy/iab-qag/IAB25","rel":"self"}],"id":"IAB25","label":"Non-Standard Content"},{"score":"0.0500","confident":false,"links":[{"link":"https://api.aylien.com/api/v1/classify/taxonomy/iab-qag/IAB23","rel":"self"}],"id":"IAB23","label":"Religion & Spirituality"},{"score":"0.0497","confident":false,"links":[{"link":"https://api.aylien.com/api/v1/classify/taxonomy/iab-qag/IAB2","rel":"self"}],"id":"IAB2","label":"Automotive"},{"score":"0.0481","confident":false,"links":[{"link":"https://api.aylien.com/api/v1/classify/taxonomy/iab-qag/IAB10","rel":"self"}],"id":"IAB10","label":"Home & Garden"},{"score":"0.0389","confident":false,"links":[{"link":"https://api.aylien.com/api/v1/classify/taxonomy/iab-qag/IAB17-24","rel":"self"},{"link":"https://api.aylien.com/api/v1/classify/taxonomy/iab-qag/IAB17","rel":"parent"}],"id":"IAB17-24","label":"Paintball"}]},"postidString":"facebook_page.275687682609654_742495825928835","postMeta":{"inserted":"content-engine"},"timestamp":1494114255,"sharesRcvd":26,"likesRcvd":998,"source":"facebook_page","lastUpdateQuantum":4984325,"name":"Sukanya Krishnan","imageLarge":"https://scontent.xx.fbcdn.net/v/t15.0-10/18385304_742500849261666_8142116012951601152_n.jpg?oh=0633092a6d5b981763f70463eac16dc5&oe=5973F3DB","objectID":"742495825928835","repliesRcvd":761,"image":"https://scontent.xx.fbcdn.net/v/t15.0-10/s130x130/18385304_742500849261666_8142116012951601152_n.jpg?oh=9079373a113cf279899ab52252998567&oe=59B28736","username":"sukanyakrishnantv","link":"https://www.facebook.com/sukanyakrishnantv/videos/742495825928835/","timeQuantum":4980380,"video":"https://scontent.xx.fbcdn.net/v/t42.1790-29/18354748_288045154986292_7073341116765962240_n.mp4?efg=eyJybHIiOjEwMzgsInJsYSI6MjgzMCwidmVuY29kZV90YWciOiJzZCJ9&rl=1038&vabr=577&oh=b97aebf7f990e2bc73c2c123a2370dfb&oe=5910CA1E","type":"video"},{"content":"Congrats to a a man who I love so much.  The Emmy goes to...,, Scott Stanford","profileString":"facebook_page.275687682609654","postURL":"https://facebook.com/275687682609654/posts/742517549259996","avatar":"https://graph.facebook.com/275687682609654/picture","classification":{"engine":"aylien","language":"en","taxonomy":[{"score":"0.1930","confident":false,"links":[{"link":"https://api.aylien.com/api/v1/classify/taxonomy/iab-qag/IAB25-4","rel":"self"},{"link":"https://api.aylien.com/api/v1/classify/taxonomy/iab-qag/IAB25","rel":"parent"}],"id":"IAB25-4","label":"Profane Content"},{"score":"0.0759","confident":false,"links":[{"link":"https://api.aylien.com/api/v1/classify/taxonomy/iab-qag/IAB9","rel":"self"}],"id":"IAB9","label":"Hobbies & Interests"},{"score":"0.0745","confident":false,"links":[{"link":"https://api.aylien.com/api/v1/classify/taxonomy/iab-qag/IAB25","rel":"self"}],"id":"IAB25","label":"Non-Standard Content"},{"score":"0.0504","confident":false,"links":[{"link":"https://api.aylien.com/api/v1/classify/taxonomy/iab-qag/IAB9-6","rel":"self"},{"link":"https://api.aylien.com/api/v1/classify/taxonomy/iab-qag/IAB9","rel":"parent"}],"id":"IAB9-6","label":"Candle & Soap Making"}]},"postidString":"facebook_page.275687682609654_742517549259996","postMeta":{"inserted":"content-engine"},"timestamp":1494116847,"sharesRcvd":26,"likesRcvd":1061,"source":"facebook_page","lastUpdateQuantum":4980995,"name":"Sukanya Krishnan","imageLarge":"https://scontent.xx.fbcdn.net/v/t15.0-10/s720x720/18384234_742518172593267_6214881483346149376_n.jpg?oh=dea8feb41ab7d7916255249f64007a96&oe=5982E6FF","objectID":"742517549259996","repliesRcvd":108,"image":"https://scontent.xx.fbcdn.net/v/t15.0-10/s130x130/18384234_742518172593267_6214881483346149376_n.jpg?oh=424ce83e263fcbe7ff429e48950eab0b&oe=597D5345","username":"sukanyakrishnantv","link":"https://www.facebook.com/sukanyakrishnantv/videos/742517549259996/","timeQuantum":4980389,"video":"https://video.xx.fbcdn.net/v/t42.1790-2/18353846_1900374660207548_3083607452751495168_n.mp4?efg=eyJybHIiOjMxNSwicmxhIjo1MTIsInZlbmNvZGVfdGFnIjoic3ZlX3NkIn0%3D&rl=315&vabr=175&oh=f0970de97075f7badd421a92e4f9eb79&oe=59106B46","type":"video"},{"content":"Great night! Emmys 2017","profileString":"facebook_page.275687682609654","postURL":"https://facebook.com/275687682609654/posts/742581449253606","avatar":"https://graph.facebook.com/275687682609654/picture","classification":{"engine":"aylien","language":"en","taxonomy":[{"score":"0.0863","confident":true,"links":[{"link":"https://api.aylien.com/api/v1/classify/taxonomy/iab-qag/IAB9","rel":"self"}],"id":"IAB9","label":"Hobbies & Interests"},{"score":"0.0721","confident":false,"links":[{"link":"https://api.aylien.com/api/v1/classify/taxonomy/iab-qag/IAB9-23","rel":"self"},{"link":"https://api.aylien.com/api/v1/classify/taxonomy/iab-qag/IAB9","rel":"parent"}],"id":"IAB9-23","label":"Photography"}]},"postidString":"facebook_page.275687682609654_742580299253721","postMeta":{"inserted":"content-engine"},"timestamp":1494128111,"sharesRcvd":7,"likesRcvd":1216,"source":"facebook_page","lastUpdateQuantum":4984325,"name":"Sukanya Krishnan","imageLarge":"https://scontent.xx.fbcdn.net/v/t1.0-9/s720x720/18222044_742580299253721_3788350671478100554_n.jpg?oh=2bb0c638aef064da6ad06399ef7d980f&oe=59B66A13","originalID":"275687682609654_742581449253606","objectID":"742580299253721","repliesRcvd":152,"image":"https://scontent.xx.fbcdn.net/v/t1.0-0/s130x130/18222044_742580299253721_3788350671478100554_n.jpg?oh=06e4afcae2775a785a0f9c10d988adfa&oe=59BCD0EC","username":"sukanyakrishnantv","link":"https://www.facebook.com/sukanyakrishnantv/photos/a.278602428984846.1073741828.275687682609654/742580299253721/?type=3","timeQuantum":4980427,"title":"Photos from Sukanya Krishnan's post","type":"photo"},{"content":"Good morning Facebook live time. Scott Stanford","profileString":"facebook_page.275687682609654","postURL":"https://facebook.com/275687682609654/posts/743230579188693","avatar":"https://graph.facebook.com/275687682609654/picture","classification":{"engine":"aylien","language":"en","taxonomy":[{"score":"0.0893","confident":true,"links":[{"link":"https://api.aylien.com/api/v1/classify/taxonomy/iab-qag/IAB9","rel":"self"}],"id":"IAB9","label":"Hobbies & Interests"},{"score":"0.0544","confident":false,"links":[{"link":"https://api.aylien.com/api/v1/classify/taxonomy/iab-qag/IAB9-13","rel":"self"},{"link":"https://api.aylien.com/api/v1/classify/taxonomy/iab-qag/IAB9","rel":"parent"}],"id":"IAB9-13","label":"Freelance Writing"}]},"postidString":"facebook_page.275687682609654_743230579188693","postMeta":{"inserted":"content-engine"},"timestamp":1494246163,"sharesRcvd":2,"likesRcvd":303,"source":"facebook_page","lastUpdateQuantum":4984325,"name":"Sukanya Krishnan","imageLarge":"https://scontent.xx.fbcdn.net/v/t15.0-10/s720x720/18407988_743236852521399_1086201025909489664_n.jpg?oh=b57689e85ef173860721676629d388ef&oe=59B0DEF7","objectID":"743230579188693","repliesRcvd":329,"image":"https://scontent.xx.fbcdn.net/v/t15.0-10/s130x130/18407988_743236852521399_1086201025909489664_n.jpg?oh=95f129a9acec674fa67079dd05290ae1&oe=59845E4D","username":"sukanyakrishnantv","link":"https://www.facebook.com/sukanyakrishnantv/videos/743230579188693/","timeQuantum":4980820,"video":"https://scontent.xx.fbcdn.net/v/t42.1790-29/18389945_1819349368391890_5751561100311134208_n.mp4?efg=eyJybHIiOjEwMzUsInJsYSI6NDA5NiwidmVuY29kZV90YWciOiJtZF9zZCJ9&rl=1035&vabr=575&oh=c6a7d973a522e261cb5bcff7c9f93e40&oe=5912607D","type":"video"},{"content":"Many valuable lessons are learned when you are young.  My teachers and professors have always been the ones  who believed in me and inspired me to be the person I am today.  Thank you to my alma mater Dickinson College for helping me to make a difference.  Check out the article. Share it, like it and tell\nme what you think?","profileString":"facebook_page.275687682609654","postURL":"https://facebook.com/275687682609654/posts/743452985833119","avatar":"https://graph.facebook.com/275687682609654/picture","classification":{"engine":"aylien","language":"en","taxonomy":[{"score":"0.5660","confident":false,"links":[{"link":"https://api.aylien.com/api/v1/classify/taxonomy/iab-qag/IAB12-2","rel":"self"},{"link":"https://api.aylien.com/api/v1/classify/taxonomy/iab-qag/IAB12","rel":"parent"}],"id":"IAB12-2","label":"National News"},{"score":"0.1172","confident":true,"links":[{"link":"https://api.aylien.com/api/v1/classify/taxonomy/iab-qag/IAB12","rel":"self"}],"id":"IAB12","label":"News"}]},"postidString":"facebook_page.275687682609654_743452985833119","postMeta":{"inserted":"content-engine"},"timestamp":1494280996,"sharesRcvd":25,"likesRcvd":648,"source":"facebook_page","lastUpdateQuantum":4983371,"name":"Sukanya Krishnan","imageLarge":"https://external.xx.fbcdn.net/safe_image.php?d=AQA3_18mL5xVdjQK&url=http%3A%2F%2Fwww.dickinson.edu%2Fimages%2FSuki_DSC0652.png&_nc_hash=AQCWZbKTdWoBxf1f","repliesRcvd":84,"image":"https://external.xx.fbcdn.net/safe_image.php?d=AQD-opN37HSIcblv&w=130&h=130&url=http%3A%2F%2Fwww.dickinson.edu%2Fimages%2FSuki_DSC0652.png&cfs=1&_nc_hash=AQD-ZMGIfeGimisB","username":"sukanyakrishnantv","link":"http://dson.co/2pX3acz","timeQuantum":4980936,"title":"Sukanya Krishnan ’93 | Dickinson College","type":"link"},{"content":null,"profileString":"facebook_page.275687682609654","postURL":"https://facebook.com/275687682609654/posts/743475352497549","avatar":"https://graph.facebook.com/275687682609654/picture","classification":{"engine":"aylien","language":"en","taxonomy":[{"score":0,"label":"News","categoryId":"INSERTED"}]},"postidString":"facebook_page.275687682609654_743475352497549","postMeta":{"inserted":"content-engine"},"timestamp":1494285018,"sharesRcvd":1,"likesRcvd":49,"source":"facebook_page","lastUpdateQuantum":4984325,"name":"Sukanya Krishnan","repliesRcvd":14,"username":"sukanyakrishnantv","timeQuantum":4980950,"type":"status"},{"content":"Good Wednesday morning.  Facebook live time. Scott Stanford. Show during show","profileString":"facebook_page.275687682609654","postURL":"https://facebook.com/275687682609654/posts/744197952425289","avatar":"https://graph.facebook.com/275687682609654/picture","classification":{"engine":"aylien","language":"en","taxonomy":[{"score":"0.0850","confident":true,"links":[{"link":"https://api.aylien.com/api/v1/classify/taxonomy/iab-qag/IAB9","rel":"self"}],"id":"IAB9","label":"Hobbies & Interests"},{"score":"0.0525","confident":false,"links":[{"link":"https://api.aylien.com/api/v1/classify/taxonomy/iab-qag/IAB9-13","rel":"self"},{"link":"https://api.aylien.com/api/v1/classify/taxonomy/iab-qag/IAB9","rel":"parent"}],"id":"IAB9-13","label":"Freelance Writing"}]},"postidString":"facebook_page.275687682609654_744197952425289","postMeta":{"inserted":"content-engine"},"timestamp":1494418326,"sharesRcvd":6,"likesRcvd":173,"source":"facebook_page","lastUpdateQuantum":4984325,"name":"Sukanya Krishnan","imageLarge":"https://scontent.xx.fbcdn.net/v/t15.0-10/18467106_744210259090725_8495205205636284416_n.jpg?oh=e35d462d9c5674ace9d42cc47a716782&oe=5976546F","objectID":"744197952425289","repliesRcvd":203,"image":"https://scontent.xx.fbcdn.net/v/t15.0-10/s130x130/18467106_744210259090725_8495205205636284416_n.jpg?oh=42889cdedc8c4e34320949ccfa9dace0&oe=59BA9F82","username":"sukanyakrishnantv","link":"https://www.facebook.com/sukanyakrishnantv/videos/744197952425289/","timeQuantum":4981394,"video":"https://scontent.xx.fbcdn.net/v/t42.1790-29/18408725_1272227906224660_2453227659539251200_n.mp4?efg=eyJybHIiOjEwMzMsInJsYSI6NDA5NiwidmVuY29kZV90YWciOiJtZF9zZCJ9&rl=1033&vabr=574&oh=834fb07f01f1f1a1bb3b4d30acab0aa2&oe=59153FAA","type":"video"},{"content":"Sukanya Krishnan","profileString":"facebook_page.275687682609654","postURL":"https://facebook.com/275687682609654/posts/744707019041049","avatar":"https://graph.facebook.com/275687682609654/picture","classification":{"engine":"aylien","language":"en","taxonomy":[{"score":"0.0829","confident":true,"links":[{"link":"https://api.aylien.com/api/v1/classify/taxonomy/iab-qag/IAB9","rel":"self"}],"id":"IAB9","label":"Hobbies & Interests"},{"score":"0.0512","confident":false,"links":[{"link":"https://api.aylien.com/api/v1/classify/taxonomy/iab-qag/IAB9-4","rel":"self"},{"link":"https://api.aylien.com/api/v1/classify/taxonomy/iab-qag/IAB9","rel":"parent"}],"id":"IAB9-4","label":"Birdwatching"}]},"postidString":"facebook_page.275687682609654_744707019041049","postMeta":{"inserted":"content-engine"},"timestamp":1494504834,"sharesRcvd":9,"likesRcvd":1022,"source":"facebook_page","lastUpdateQuantum":4984325,"name":"Sukanya Krishnan","imageLarge":"https://scontent.xx.fbcdn.net/v/t1.0-9/p720x720/18446863_744707019041049_390129777707224755_n.jpg?oh=afba04fc169b466edbe3c05d21816f20&oe=59C0AE3A","objectID":"744707019041049","repliesRcvd":125,"image":"https://scontent.xx.fbcdn.net/v/t1.0-0/p130x130/18446863_744707019041049_390129777707224755_n.jpg?oh=5be60944717a26c27934557c61b15c68&oe=59B97BCD","username":"sukanyakrishnantv","link":"https://www.facebook.com/sukanyakrishnantv/photos/a.275688265942929.1073741827.275687682609654/744707019041049/?type=3","timeQuantum":4981682,"title":"Sukanya Krishnan","type":"photo"},{"content":"Sukanya Krishnan's cover photo","profileString":"facebook_page.275687682609654","postURL":"https://facebook.com/275687682609654/posts/744706605707757","avatar":"https://graph.facebook.com/275687682609654/picture","classification":{"engine":"aylien","language":"en","taxonomy":[{"score":"0.0991","confident":true,"links":[{"link":"https://api.aylien.com/api/v1/classify/taxonomy/iab-qag/IAB9","rel":"self"}],"id":"IAB9","label":"Hobbies & Interests"},{"score":"0.0604","confident":false,"links":[{"link":"https://api.aylien.com/api/v1/classify/taxonomy/iab-qag/IAB9-23","rel":"self"},{"link":"https://api.aylien.com/api/v1/classify/taxonomy/iab-qag/IAB9","rel":"parent"}],"id":"IAB9-23","label":"Photography"}]},"postidString":"facebook_page.275687682609654_744706605707757","postMeta":{"inserted":"content-engine"},"timestamp":1494504800,"sharesRcvd":7,"likesRcvd":2125,"source":"facebook_page","lastUpdateQuantum":4984325,"name":"Sukanya Krishnan","imageLarge":"https://scontent.xx.fbcdn.net/v/t1.0-9/s720x720/18341659_744706605707757_3436700440487845906_n.jpg?oh=33d4886357279f31e8d0e1af6a0ed027&oe=59B3944D","objectID":"744706605707757","repliesRcvd":344,"image":"https://scontent.xx.fbcdn.net/v/t1.0-0/s130x130/18341659_744706605707757_3436700440487845906_n.jpg?oh=9a64b6fa922e4ca90b861377b34dea33&oe=5978A7B2","username":"sukanyakrishnantv","link":"https://www.facebook.com/sukanyakrishnantv/photos/a.275687732609649.1073741826.275687682609654/744706605707757/?type=3","timeQuantum":4981682,"title":"Sukanya Krishnan's cover photo","type":"photo"},{"content":"Remember this song!  Morning show moments with my main man. See you in the morning.","profileString":"facebook_page.275687682609654","postURL":"https://facebook.com/275687682609654/posts/744971149014636","avatar":"https://graph.facebook.com/275687682609654/picture","classification":{"engine":"aylien","language":"en","taxonomy":[{"score":"0.4344","confident":false,"links":[{"link":"https://api.aylien.com/api/v1/classify/taxonomy/iab-qag/IAB12-3","rel":"self"},{"link":"https://api.aylien.com/api/v1/classify/taxonomy/iab-qag/IAB12","rel":"parent"}],"id":"IAB12-3","label":"Local News"},{"score":"0.2128","confident":false,"links":[{"link":"https://api.aylien.com/api/v1/classify/taxonomy/iab-qag/IAB25-4","rel":"self"},{"link":"https://api.aylien.com/api/v1/classify/taxonomy/iab-qag/IAB25","rel":"parent"}],"id":"IAB25-4","label":"Profane Content"},{"score":"0.2015","confident":false,"links":[{"link":"https://api.aylien.com/api/v1/classify/taxonomy/iab-qag/IAB1-6","rel":"self"},{"link":"https://api.aylien.com/api/v1/classify/taxonomy/iab-qag/IAB1","rel":"parent"}],"id":"IAB1-6","label":"Music"},{"score":"0.0660","confident":false,"links":[{"link":"https://api.aylien.com/api/v1/classify/taxonomy/iab-qag/IAB25","rel":"self"}],"id":"IAB25","label":"Non-Standard Content"},{"score":"0.0654","confident":false,"links":[{"link":"https://api.aylien.com/api/v1/classify/taxonomy/iab-qag/IAB1","rel":"self"}],"id":"IAB1","label":"Arts & Entertainment"},{"score":"0.0648","confident":false,"links":[{"link":"https://api.aylien.com/api/v1/classify/taxonomy/iab-qag/IAB9","rel":"self"}],"id":"IAB9","label":"Hobbies & Interests"},{"score":"0.0640","confident":false,"links":[{"link":"https://api.aylien.com/api/v1/classify/taxonomy/iab-qag/IAB12","rel":"self"}],"id":"IAB12","label":"News"},{"score":"0.0566","confident":false,"links":[{"link":"https://api.aylien.com/api/v1/classify/taxonomy/iab-qag/IAB9-16","rel":"self"},{"link":"https://api.aylien.com/api/v1/classify/taxonomy/iab-qag/IAB9","rel":"parent"}],"id":"IAB9-16","label":"Guitar"}]},"postidString":"facebook_page.275687682609654_744971149014636","postMeta":{"inserted":"content-engine"},"timestamp":1494548402,"sharesRcvd":0,"likesRcvd":192,"source":"facebook_page","lastUpdateQuantum":4984325,"name":"Sukanya Krishnan","imageLarge":"https://scontent.xx.fbcdn.net/v/t15.0-10/s720x720/17798446_1506308329392789_6801414406405095424_n.jpg?oh=60fd8e2725988b36a45773630659ec23&oe=59BBAB34","repliesRcvd":31,"image":"https://scontent.xx.fbcdn.net/v/t15.0-10/s130x130/17798446_1506308329392789_6801414406405095424_n.jpg?oh=7d5d14c54adef190fa27ae5bd9baeb56&oe=5976E816","username":"sukanyakrishnantv","link":"https://www.facebook.com/ScottStanfordTV/videos/1506300226060266/","timeQuantum":4981828,"video":"https://video.xx.fbcdn.net/v/t42.1790-2/17518739_500225693701042_298099291874918400_n.mp4?efg=eyJybHIiOjM1NCwicmxhIjo1MTIsInZlbmNvZGVfdGFnIjoic3ZlX3NkIn0%3D&rl=354&vabr=197&oh=8227b6b710042f31732e1c0029bdbe4b&oe=59172458","title":"Scott Stanford","type":"video"},{"content":"Morning show Mother's day Moment. From my family to yours enjoy  the things this weekend that make you happy and celebrate your family.","profileString":"facebook_page.275687682609654","postURL":"https://facebook.com/275687682609654/posts/745264112318673","avatar":"https://graph.facebook.com/275687682609654/picture","classification":{"engine":"aylien","language":"en","taxonomy":[{"score":"0.2167","confident":true,"links":[{"link":"https://api.aylien.com/api/v1/classify/taxonomy/iab-qag/IAB6","rel":"self"}],"id":"IAB6","label":"Family & Parenting"},{"score":"0.1772","confident":false,"links":[{"link":"https://api.aylien.com/api/v1/classify/taxonomy/iab-qag/IAB6-3","rel":"self"},{"link":"https://api.aylien.com/api/v1/classify/taxonomy/iab-qag/IAB6","rel":"parent"}],"id":"IAB6-3","label":"Daycare/Pre School"}]},"postidString":"facebook_page.275687682609654_745264112318673","postMeta":{"inserted":"content-engine"},"timestamp":1494601665,"sharesRcvd":11,"likesRcvd":300,"source":"facebook_page","lastUpdateQuantum":4984325,"name":"Sukanya Krishnan","imageLarge":"https://scontent.xx.fbcdn.net/v/t15.0-10/s720x720/18467313_745269025651515_7393056038443810816_n.jpg?oh=8edcc79639c603c42e95654b23db4a05&oe=59B1C67F","objectID":"745264112318673","repliesRcvd":43,"image":"https://scontent.xx.fbcdn.net/v/t15.0-10/s130x130/18467313_745269025651515_7393056038443810816_n.jpg?oh=3b45d3dc1185678db2d099bd2c20dcae&oe=59764AC5","username":"sukanyakrishnantv","link":"https://www.facebook.com/sukanyakrishnantv/videos/745264112318673/","timeQuantum":4982005,"video":"https://video.xx.fbcdn.net/v/t42.1790-2/18475481_1854670008130408_8888946238007803904_n.mp4?efg=eyJybHIiOjM1NiwicmxhIjo2MDIsInZlbmNvZGVfdGFnIjoic3ZlX3NkIn0%3D&rl=356&vabr=198&oh=03b0c67f0acb4264c10821fc21d8f2d8&oe=5917D879","type":"video"},{"content":"Missing my family already.  It's been an amazing ride and now the countdown begins.  8 working days left and saying goodbye to all of you will be one of the hardest things I will do.   Thanking all of you.  🙏🏽. Your words have comforted me!!","profileString":"facebook_page.275687682609654","postURL":"https://facebook.com/275687682609654/posts/747114332133651","avatar":"https://graph.facebook.com/275687682609654/picture","classification":{"engine":"aylien","language":"en","taxonomy":[{"score":"0.1864","confident":false,"links":[{"link":"https://api.aylien.com/api/v1/classify/taxonomy/iab-qag/IAB6-3","rel":"self"},{"link":"https://api.aylien.com/api/v1/classify/taxonomy/iab-qag/IAB6","rel":"parent"}],"id":"IAB6-3","label":"Daycare/Pre School"},{"score":"0.0698","confident":false,"links":[{"link":"https://api.aylien.com/api/v1/classify/taxonomy/iab-qag/IAB6","rel":"self"}],"id":"IAB6","label":"Family & Parenting"},{"score":"0.0688","confident":false,"links":[{"link":"https://api.aylien.com/api/v1/classify/taxonomy/iab-qag/IAB9","rel":"self"}],"id":"IAB9","label":"Hobbies & Interests"},{"score":"0.0685","confident":false,"links":[{"link":"https://api.aylien.com/api/v1/classify/taxonomy/iab-qag/IAB9-23","rel":"self"},{"link":"https://api.aylien.com/api/v1/classify/taxonomy/iab-qag/IAB9","rel":"parent"}],"id":"IAB9-23","label":"Photography"}]},"postidString":"facebook_page.275687682609654_747113708800380","postMeta":{"inserted":"content-engine"},"timestamp":1494935921,"sharesRcvd":44,"likesRcvd":1816,"source":"facebook_page","lastUpdateQuantum":4984415,"name":"Sukanya Krishnan","imageLarge":"https://scontent.xx.fbcdn.net/v/t1.0-9/s720x720/18447290_747113708800380_1953903082742791223_n.jpg?oh=1fa5027f28206e110ba4fc95dc0b547c&oe=59BDBDD1","originalID":"275687682609654_747114332133651","objectID":"747113708800380","repliesRcvd":475,"image":"https://scontent.xx.fbcdn.net/v/t1.0-0/s130x130/18447290_747113708800380_1953903082742791223_n.jpg?oh=4eddd5d203c65c3e6cf110e69ec795e8&oe=5974E92E","username":"sukanyakrishnantv","link":"https://www.facebook.com/sukanyakrishnantv/photos/a.278602428984846.1073741828.275687682609654/747113708800380/?type=3","timeQuantum":4983119,"title":"Photos from Sukanya Krishnan's post","type":"photo"},{"content":"Suki: You know what they say about music?\nScott: No Suki what do they say?\nSuki: When you're happy you enjoy the music When you're sad you understand the lyrics. \n💔","profileString":"facebook_page.275687682609654","postURL":"https://facebook.com/275687682609654/posts/747629595415458","avatar":"https://graph.facebook.com/275687682609654/picture","classification":{"engine":"aylien","language":"en","taxonomy":[{"score":"0.6936","confident":true,"links":[{"link":"https://api.aylien.com/api/v1/classify/taxonomy/iab-qag/IAB1-6","rel":"self"},{"link":"https://api.aylien.com/api/v1/classify/taxonomy/iab-qag/IAB1","rel":"parent"}],"id":"IAB1-6","label":"Music"},{"score":"0.1192","confident":true,"links":[{"link":"https://api.aylien.com/api/v1/classify/taxonomy/iab-qag/IAB9-16","rel":"self"},{"link":"https://api.aylien.com/api/v1/classify/taxonomy/iab-qag/IAB9","rel":"parent"}],"id":"IAB9-16","label":"Guitar"},{"score":"0.1019","confident":true,"links":[{"link":"https://api.aylien.com/api/v1/classify/taxonomy/iab-qag/IAB9","rel":"self"}],"id":"IAB9","label":"Hobbies & Interests"},{"score":"0.0859","confident":true,"links":[{"link":"https://api.aylien.com/api/v1/classify/taxonomy/iab-qag/IAB1","rel":"self"}],"id":"IAB1","label":"Arts & Entertainment"}]},"postidString":"facebook_page.275687682609654_747629595415458","postMeta":{"inserted":"content-engine"},"timestamp":1495023690,"sharesRcvd":18,"likesRcvd":519,"source":"facebook_page","lastUpdateQuantum":4984415,"name":"Sukanya Krishnan","imageLarge":"https://scontent.xx.fbcdn.net/v/t15.0-10/18576039_747632425415175_2627471459080994816_n.jpg?oh=78df2f16976f71efa0734fa18328ddd4&oe=59AC7D3E","objectID":"747629595415458","repliesRcvd":67,"image":"https://scontent.xx.fbcdn.net/v/t15.0-10/p130x130/18576039_747632425415175_2627471459080994816_n.jpg?oh=7bbd87074eafc8fd1e4ff2f1c175eea5&oe=59797CC0","username":"sukanyakrishnantv","link":"https://www.facebook.com/sukanyakrishnantv/videos/747629595415458/","timeQuantum":4983412,"video":"https://video.xx.fbcdn.net/v/t42.1790-2/18572894_1397228547022721_2356832938261217280_n.mp4?efg=eyJybHIiOjU0NSwicmxhIjo1MTIsInZlbmNvZGVfdGFnIjoic3ZlX3NkIn0%3D&rl=545&vabr=303&oh=5339fb3e6a079d5bbc141f0d14840746&oe=591E3893","type":"video"},{"content":"6 more days left on air and there are many things on my mind.  We have all been friends for a long time but the next few days will take an enormous amount of courage to leave something I have loved doing.   Have you ever loved something so much it hurts to say goodbye?\n\nI keep telling myself  this...keep me focused at a time when it feels like things are unraveling. Let's all become bigger than our situation and dig deep.  It will take courage and a great spirit to have a new larger outlook on life.  \n\nLife is never perfect.  We all know there are twists and turns. But what I have learned is that you have to be brave, be courageous and be determined. \n It's not where you are that matter, it's where you are going.  💕","profileString":"facebook_page.275687682609654","postURL":"https://facebook.com/275687682609654/posts/748089245369493","avatar":"https://graph.facebook.com/275687682609654/picture","classification":{"engine":"aylien","language":"en","taxonomy":[{"score":"0.2516","confident":false,"links":[{"link":"https://api.aylien.com/api/v1/classify/taxonomy/iab-qag/IAB25-5","rel":"self"},{"link":"https://api.aylien.com/api/v1/classify/taxonomy/iab-qag/IAB25","rel":"parent"}],"id":"IAB25-5","label":"Hate Content"},{"score":"0.0936","confident":true,"links":[{"link":"https://api.aylien.com/api/v1/classify/taxonomy/iab-qag/IAB25","rel":"self"}],"id":"IAB25","label":"Non-Standard Content"}]},"postidString":"facebook_page.275687682609654_748089245369493","postMeta":{"inserted":"content-engine"},"timestamp":1495108798,"sharesRcvd":33,"likesRcvd":1623,"source":"facebook_page","lastUpdateQuantum":4984415,"name":"Sukanya Krishnan","imageLarge":"https://scontent.xx.fbcdn.net/v/t1.0-9/s720x720/18519902_748089245369493_160019246766162478_n.jpg?oh=2a830913dafb243887ac9ac867d5651c&oe=597718A2","objectID":"748089245369493","repliesRcvd":533,"image":"https://scontent.xx.fbcdn.net/v/t1.0-0/s130x130/18519902_748089245369493_160019246766162478_n.jpg?oh=dd749e5e93cfb6a867e0c6bc3999ab2c&oe=59A80D55","username":"sukanyakrishnantv","link":"https://www.facebook.com/sukanyakrishnantv/photos/a.482944118550675.1073741829.275687682609654/748089245369493/?type=3","timeQuantum":4983695,"title":"Timeline Photos","type":"photo"}]