[{"profileString":"facebook_page.230609267719","likesRcvd":1,"postsMade":1,"timeQuantum":4976891,"postidString":"facebook_page.230609267719_1653076864721622"},{"profileString":"facebook_page.230609267719","likesRcvd":1,"timeQuantum":4976898,"postidString":"facebook_page.230609267719_1653076864721622"},{"profileString":"facebook_page.230609267719","likesRcvd":1,"timeQuantum":4976899,"postidString":"facebook_page.230609267719_1653076864721622"},{"profileString":"facebook_page.230609267719","likesRcvd":1,"timeQuantum":4976900,"postidString":"facebook_page.230609267719_1653076864721622"},{"profileString":"facebook_page.230609267719","likesRcvd":1,"timeQuantum":4976901,"postidString":"facebook_page.230609267719_1653076864721622"},{"profileString":"facebook_page.230609267719","likesRcvd":1,"timeQuantum":4976925,"postidString":"facebook_page.230609267719_1653076864721622"},{"profileString":"facebook_page.230609267719","likesRcvd":1,"timeQuantum":4976934,"postidString":"facebook_page.230609267719_1653076864721622"},{"profileString":"facebook_page.230609267719","likesRcvd":1,"timeQuantum":4976935,"postidString":"facebook_page.230609267719_1653076864721622"},{"profileString":"facebook_page.230609267719","likesRcvd":1,"timeQuantum":4976970,"postidString":"facebook_page.230609267719_1653076864721622"},{"profileString":"facebook_page.230609267719","likesRcvd":1,"timeQuantum":4977141,"postidString":"facebook_page.230609267719_1653076864721622"},{"profileString":"facebook_page.230609267719","likesRcvd":1,"postsMade":1,"timeQuantum":4977168,"postidString":"facebook_page.230609267719_1185755741547067"},{"profileString":"facebook_page.230609267719","likesRcvd":1,"timeQuantum":4977169,"postidString":"facebook_page.230609267719_1185755741547067"},{"profileString":"facebook_page.230609267719","likesRcvd":1,"timeQuantum":4977170,"postidString":"facebook_page.230609267719_1185755741547067"},{"profileString":"facebook_page.230609267719","likesRcvd":1,"timeQuantum":4977171,"postidString":"facebook_page.230609267719_1185755741547067"},{"profileString":"facebook_page.230609267719","likesRcvd":1,"timeQuantum":4977172,"postidString":"facebook_page.230609267719_1185755741547067"},{"profileString":"facebook_page.230609267719","likesRcvd":1,"timeQuantum":4977173,"postidString":"facebook_page.230609267719_1185755741547067"},{"profileString":"facebook_page.230609267719","likesRcvd":1,"timeQuantum":4977174,"postidString":"facebook_page.230609267719_1185755741547067"},{"profileString":"facebook_page.230609267719","likesRcvd":1,"timeQuantum":4977175,"postidString":"facebook_page.230609267719_1185755741547067"},{"profileString":"facebook_page.230609267719","likesRcvd":1,"repliesRcvd":1,"timeQuantum":4977177,"postidString":"facebook_page.230609267719_1653076864721622"},{"profileString":"facebook_page.230609267719","likesRcvd":1,"timeQuantum":4977177,"postidString":"facebook_page.230609267719_1185755741547067"},{"profileString":"facebook_page.230609267719","likesRcvd":1,"timeQuantum":4977178,"postidString":"facebook_page.230609267719_1653076864721622"},{"profileString":"facebook_page.230609267719","likesRcvd":1,"timeQuantum":4977178,"postidString":"facebook_page.230609267719_1185755741547067"},{"profileString":"facebook_page.230609267719","likesRcvd":1,"timeQuantum":4977186,"postidString":"facebook_page.230609267719_1185755741547067"},{"profileString":"facebook_page.230609267719","likesRcvd":1,"timeQuantum":4977187,"postidString":"facebook_page.230609267719_1185755741547067"},{"profileString":"facebook_page.230609267719","likesRcvd":1,"timeQuantum":4977188,"postidString":"facebook_page.230609267719_1185755741547067"},{"profileString":"facebook_page.230609267719","likesRcvd":1,"timeQuantum":4977189,"postidString":"facebook_page.230609267719_1185755741547067"},{"profileString":"facebook_page.230609267719","likesRcvd":1,"timeQuantum":4977195,"postidString":"facebook_page.230609267719_1185755741547067"},{"profileString":"facebook_page.230609267719","likesRcvd":1,"timeQuantum":4977196,"postidString":"facebook_page.230609267719_1185755741547067"},{"profileString":"facebook_page.230609267719","likesRcvd":1,"timeQuantum":4977197,"postidString":"facebook_page.230609267719_1185755741547067"},{"profileString":"facebook_page.230609267719","likesRcvd":1,"timeQuantum":4977213,"postidString":"facebook_page.230609267719_1185755741547067"},{"profileString":"facebook_page.230609267719","likesRcvd":1,"timeQuantum":4977222,"postidString":"facebook_page.230609267719_1653076864721622"},{"profileString":"facebook_page.230609267719","likesRcvd":1,"postsMade":1,"repliesRcvd":1,"timeQuantum":4977227,"postidString":"facebook_page.230609267719_10155262473622720"},{"profileString":"facebook_page.230609267719","likesRcvd":1,"timeQuantum":4977228,"postidString":"facebook_page.230609267719_10155262473622720"},{"profileString":"facebook_page.230609267719","likesRcvd":1,"timeQuantum":4977229,"postidString":"facebook_page.230609267719_10155262473622720"},{"profileString":"facebook_page.230609267719","likesRcvd":1,"timeQuantum":4977231,"postidString":"facebook_page.230609267719_10155262473622720"},{"profileString":"facebook_page.230609267719","likesRcvd":1,"timeQuantum":4977231,"postidString":"facebook_page.230609267719_1653076864721622"},{"profileString":"facebook_page.230609267719","likesRcvd":1,"timeQuantum":4977231,"postidString":"facebook_page.230609267719_1185755741547067"},{"profileString":"facebook_page.230609267719","likesRcvd":1,"timeQuantum":4977232,"postidString":"facebook_page.230609267719_10155262473622720"},{"profileString":"facebook_page.230609267719","likesRcvd":1,"timeQuantum":4977233,"postidString":"facebook_page.230609267719_10155262473622720"},{"profileString":"facebook_page.230609267719","likesRcvd":1,"timeQuantum":4977234,"postidString":"facebook_page.230609267719_10155262473622720"},{"profileString":"facebook_page.230609267719","likesRcvd":1,"timeQuantum":4977235,"postidString":"facebook_page.230609267719_10155262473622720"},{"profileString":"facebook_page.230609267719","likesRcvd":1,"timeQuantum":4977236,"postidString":"facebook_page.230609267719_10155262473622720"},{"profileString":"facebook_page.230609267719","likesRcvd":1,"timeQuantum":4977237,"postidString":"facebook_page.230609267719_10155262473622720"},{"sharesRcvd":1,"profileString":"facebook_page.230609267719","likesRcvd":1,"timeQuantum":4977240,"postidString":"facebook_page.230609267719_10155262473622720"},{"profileString":"facebook_page.230609267719","likesRcvd":1,"timeQuantum":4977241,"postidString":"facebook_page.230609267719_10155262473622720"},{"profileString":"facebook_page.230609267719","likesRcvd":1,"timeQuantum":4977242,"postidString":"facebook_page.230609267719_10155262473622720"},{"profileString":"facebook_page.230609267719","likesRcvd":1,"repliesRcvd":1,"timeQuantum":4977258,"postidString":"facebook_page.230609267719_10155262473622720"},{"profileString":"facebook_page.230609267719","likesRcvd":1,"timeQuantum":4977276,"postidString":"facebook_page.230609267719_10155262473622720"},{"profileString":"facebook_page.230609267719","likesRcvd":1,"timeQuantum":4977321,"postidString":"facebook_page.230609267719_10155262473622720"},{"profileString":"facebook_page.230609267719","likesRcvd":1,"timeQuantum":4977348,"postidString":"facebook_page.230609267719_1185755741547067"},{"profileString":"facebook_page.230609267719","likesRcvd":1,"timeQuantum":4977366,"postidString":"facebook_page.230609267719_10155262473622720"},{"profileString":"facebook_page.230609267719","likesRcvd":1,"timeQuantum":4977384,"postidString":"facebook_page.230609267719_1185755741547067"},{"profileString":"facebook_page.230609267719","likesRcvd":1,"timeQuantum":4977420,"postidString":"facebook_page.230609267719_1185755741547067"},{"profileString":"facebook_page.230609267719","likesRcvd":1,"timeQuantum":4977421,"postidString":"facebook_page.230609267719_1185755741547067"},{"profileString":"facebook_page.230609267719","likesRcvd":1,"timeQuantum":4977456,"postidString":"facebook_page.230609267719_10155262473622720"},{"profileString":"facebook_page.230609267719","likesRcvd":1,"timeQuantum":4977537,"postidString":"facebook_page.230609267719_1185755741547067"},{"profileString":"facebook_page.230609267719","likesRcvd":4,"postsMade":1,"repliesRcvd":2,"timeQuantum":4977632,"postidString":"facebook_page.230609267719_10155266419577720"},{"profileString":"facebook_page.230609267719","likesRcvd":4,"repliesRcvd":1,"timeQuantum":4977633,"postidString":"facebook_page.230609267719_10155266419577720"},{"profileString":"facebook_page.230609267719","likesRcvd":3,"repliesRcvd":1,"timeQuantum":4977634,"postidString":"facebook_page.230609267719_10155266419577720"},{"profileString":"facebook_page.230609267719","likesRcvd":3,"repliesRcvd":1,"timeQuantum":4977636,"postidString":"facebook_page.230609267719_10155266419577720"},{"profileString":"facebook_page.230609267719","likesRcvd":3,"repliesRcvd":1,"timeQuantum":4977637,"postidString":"facebook_page.230609267719_10155266419577720"},{"profileString":"facebook_page.230609267719","likesRcvd":3,"repliesRcvd":1,"timeQuantum":4977638,"postidString":"facebook_page.230609267719_10155266419577720"},{"profileString":"facebook_page.230609267719","likesRcvd":3,"repliesRcvd":1,"timeQuantum":4977639,"postidString":"facebook_page.230609267719_10155266419577720"},{"profileString":"facebook_page.230609267719","likesRcvd":3,"timeQuantum":4977640,"postidString":"facebook_page.230609267719_10155266419577720"},{"profileString":"facebook_page.230609267719","likesRcvd":2,"timeQuantum":4977641,"postidString":"facebook_page.230609267719_10155266419577720"},{"profileString":"facebook_page.230609267719","likesRcvd":2,"timeQuantum":4977642,"postidString":"facebook_page.230609267719_10155266419577720"},{"profileString":"facebook_page.230609267719","likesRcvd":2,"timeQuantum":4977643,"postidString":"facebook_page.230609267719_10155266419577720"},{"sharesRcvd":1,"profileString":"facebook_page.230609267719","likesRcvd":2,"repliesRcvd":1,"timeQuantum":4977645,"postidString":"facebook_page.230609267719_10155266419577720"},{"profileString":"facebook_page.230609267719","likesRcvd":2,"repliesRcvd":1,"timeQuantum":4977646,"postidString":"facebook_page.230609267719_10155266419577720"},{"profileString":"facebook_page.230609267719","likesRcvd":2,"repliesRcvd":1,"timeQuantum":4977647,"postidString":"facebook_page.230609267719_10155266419577720"},{"profileString":"facebook_page.230609267719","likesRcvd":2,"timeQuantum":4977648,"postidString":"facebook_page.230609267719_10155266419577720"},{"profileString":"facebook_page.230609267719","likesRcvd":2,"timeQuantum":4977649,"postidString":"facebook_page.230609267719_10155266419577720"},{"profileString":"facebook_page.230609267719","likesRcvd":2,"timeQuantum":4977650,"postidString":"facebook_page.230609267719_10155266419577720"},{"profileString":"facebook_page.230609267719","likesRcvd":1,"timeQuantum":4977651,"postidString":"facebook_page.230609267719_10155266419577720"},{"profileString":"facebook_page.230609267719","likesRcvd":1,"timeQuantum":4977652,"postidString":"facebook_page.230609267719_10155266419577720"},{"profileString":"facebook_page.230609267719","likesRcvd":2,"repliesRcvd":1,"timeQuantum":4977654,"postidString":"facebook_page.230609267719_10155266419577720"},{"profileString":"facebook_page.230609267719","likesRcvd":1,"timeQuantum":4977654,"postidString":"facebook_page.230609267719_1185755741547067"},{"profileString":"facebook_page.230609267719","likesRcvd":2,"repliesRcvd":1,"timeQuantum":4977655,"postidString":"facebook_page.230609267719_10155266419577720"},{"profileString":"facebook_page.230609267719","likesRcvd":1,"repliesRcvd":1,"timeQuantum":4977656,"postidString":"facebook_page.230609267719_10155266419577720"},{"profileString":"facebook_page.230609267719","likesRcvd":1,"repliesRcvd":1,"timeQuantum":4977657,"postidString":"facebook_page.230609267719_10155266419577720"},{"profileString":"facebook_page.230609267719","likesRcvd":1,"timeQuantum":4977658,"postidString":"facebook_page.230609267719_10155266419577720"},{"profileString":"facebook_page.230609267719","likesRcvd":1,"timeQuantum":4977659,"postidString":"facebook_page.230609267719_10155266419577720"},{"profileString":"facebook_page.230609267719","likesRcvd":1,"timeQuantum":4977660,"postidString":"facebook_page.230609267719_10155266419577720"},{"profileString":"facebook_page.230609267719","likesRcvd":1,"timeQuantum":4977661,"postidString":"facebook_page.230609267719_10155266419577720"},{"profileString":"facebook_page.230609267719","likesRcvd":2,"repliesRcvd":1,"timeQuantum":4977663,"postidString":"facebook_page.230609267719_10155266419577720"},{"profileString":"facebook_page.230609267719","likesRcvd":1,"repliesRcvd":1,"timeQuantum":4977664,"postidString":"facebook_page.230609267719_10155266419577720"},{"profileString":"facebook_page.230609267719","likesRcvd":1,"timeQuantum":4977665,"postidString":"facebook_page.230609267719_10155266419577720"},{"profileString":"facebook_page.230609267719","likesRcvd":1,"timeQuantum":4977666,"postidString":"facebook_page.230609267719_10155266419577720"},{"profileString":"facebook_page.230609267719","likesRcvd":1,"timeQuantum":4977667,"postidString":"facebook_page.230609267719_10155266419577720"},{"profileString":"facebook_page.230609267719","likesRcvd":1,"timeQuantum":4977668,"postidString":"facebook_page.230609267719_10155266419577720"},{"profileString":"facebook_page.230609267719","likesRcvd":1,"timeQuantum":4977669,"postidString":"facebook_page.230609267719_10155266419577720"},{"profileString":"facebook_page.230609267719","likesRcvd":1,"timeQuantum":4977670,"postidString":"facebook_page.230609267719_10155266419577720"},{"profileString":"facebook_page.230609267719","likesRcvd":2,"repliesRcvd":1,"timeQuantum":4977672,"postidString":"facebook_page.230609267719_10155266419577720"},{"profileString":"facebook_page.230609267719","likesRcvd":1,"repliesRcvd":1,"timeQuantum":4977673,"postidString":"facebook_page.230609267719_10155266419577720"},{"profileString":"facebook_page.230609267719","likesRcvd":1,"timeQuantum":4977674,"postidString":"facebook_page.230609267719_10155266419577720"},{"profileString":"facebook_page.230609267719","likesRcvd":1,"timeQuantum":4977675,"postidString":"facebook_page.230609267719_10155266419577720"},{"profileString":"facebook_page.230609267719","likesRcvd":1,"timeQuantum":4977676,"postidString":"facebook_page.230609267719_10155266419577720"},{"profileString":"facebook_page.230609267719","likesRcvd":1,"timeQuantum":4977677,"postidString":"facebook_page.230609267719_10155266419577720"},{"profileString":"facebook_page.230609267719","likesRcvd":1,"timeQuantum":4977678,"postidString":"facebook_page.230609267719_10155266419577720"},{"profileString":"facebook_page.230609267719","likesRcvd":1,"timeQuantum":4977679,"postidString":"facebook_page.230609267719_10155266419577720"},{"profileString":"facebook_page.230609267719","likesRcvd":1,"timeQuantum":4977681,"postidString":"facebook_page.230609267719_10155266419577720"},{"profileString":"facebook_page.230609267719","likesRcvd":1,"timeQuantum":4977682,"postidString":"facebook_page.230609267719_10155266419577720"},{"profileString":"facebook_page.230609267719","likesRcvd":1,"timeQuantum":4977683,"postidString":"facebook_page.230609267719_10155266419577720"},{"profileString":"facebook_page.230609267719","likesRcvd":1,"timeQuantum":4977684,"postidString":"facebook_page.230609267719_10155266419577720"},{"profileString":"facebook_page.230609267719","likesRcvd":1,"repliesRcvd":1,"timeQuantum":4977690,"postidString":"facebook_page.230609267719_10155266419577720"},{"profileString":"facebook_page.230609267719","likesRcvd":1,"repliesRcvd":1,"timeQuantum":4977691,"postidString":"facebook_page.230609267719_10155266419577720"},{"profileString":"facebook_page.230609267719","likesRcvd":1,"timeQuantum":4977692,"postidString":"facebook_page.230609267719_10155266419577720"},{"profileString":"facebook_page.230609267719","likesRcvd":1,"timeQuantum":4977693,"postidString":"facebook_page.230609267719_10155266419577720"},{"profileString":"facebook_page.230609267719","likesRcvd":1,"timeQuantum":4977694,"postidString":"facebook_page.230609267719_10155266419577720"},{"profileString":"facebook_page.230609267719","likesRcvd":1,"timeQuantum":4977695,"postidString":"facebook_page.230609267719_10155266419577720"},{"profileString":"facebook_page.230609267719","likesRcvd":1,"timeQuantum":4977696,"postidString":"facebook_page.230609267719_10155266419577720"},{"profileString":"facebook_page.230609267719","likesRcvd":1,"timeQuantum":4977708,"postidString":"facebook_page.230609267719_10155266419577720"},{"profileString":"facebook_page.230609267719","likesRcvd":1,"timeQuantum":4977709,"postidString":"facebook_page.230609267719_10155266419577720"},{"profileString":"facebook_page.230609267719","likesRcvd":1,"timeQuantum":4977710,"postidString":"facebook_page.230609267719_10155266419577720"},{"profileString":"facebook_page.230609267719","likesRcvd":1,"timeQuantum":4977711,"postidString":"facebook_page.230609267719_10155266419577720"},{"profileString":"facebook_page.230609267719","likesRcvd":1,"timeQuantum":4977717,"postidString":"facebook_page.230609267719_10155266419577720"},{"profileString":"facebook_page.230609267719","likesRcvd":1,"timeQuantum":4977718,"postidString":"facebook_page.230609267719_10155266419577720"},{"profileString":"facebook_page.230609267719","likesRcvd":1,"timeQuantum":4977726,"postidString":"facebook_page.230609267719_10155266419577720"},{"profileString":"facebook_page.230609267719","likesRcvd":1,"timeQuantum":4977727,"postidString":"facebook_page.230609267719_10155266419577720"},{"profileString":"facebook_page.230609267719","likesRcvd":1,"timeQuantum":4977744,"postidString":"facebook_page.230609267719_10155266419577720"},{"profileString":"facebook_page.230609267719","likesRcvd":1,"repliesRcvd":1,"timeQuantum":4977762,"postidString":"facebook_page.230609267719_10155266419577720"},{"profileString":"facebook_page.230609267719","likesRcvd":1,"timeQuantum":4977763,"postidString":"facebook_page.230609267719_10155266419577720"},{"profileString":"facebook_page.230609267719","likesRcvd":1,"timeQuantum":4977764,"postidString":"facebook_page.230609267719_10155266419577720"},{"sharesRcvd":1,"profileString":"facebook_page.230609267719","likesRcvd":1,"timeQuantum":4977771,"postidString":"facebook_page.230609267719_10155266419577720"},{"profileString":"facebook_page.230609267719","likesRcvd":1,"timeQuantum":4977780,"postidString":"facebook_page.230609267719_10155266419577720"},{"profileString":"facebook_page.230609267719","likesRcvd":1,"timeQuantum":4977781,"postidString":"facebook_page.230609267719_10155266419577720"},{"profileString":"facebook_page.230609267719","likesRcvd":1,"repliesRcvd":1,"timeQuantum":4977789,"postidString":"facebook_page.230609267719_10155266419577720"},{"profileString":"facebook_page.230609267719","likesRcvd":1,"timeQuantum":4977790,"postidString":"facebook_page.230609267719_10155266419577720"},{"profileString":"facebook_page.230609267719","likesRcvd":1,"timeQuantum":4977791,"postidString":"facebook_page.230609267719_10155266419577720"},{"profileString":"facebook_page.230609267719","likesRcvd":1,"repliesRcvd":1,"timeQuantum":4977798,"postidString":"facebook_page.230609267719_10155266419577720"},{"profileString":"facebook_page.230609267719","likesRcvd":1,"timeQuantum":4977799,"postidString":"facebook_page.230609267719_10155266419577720"},{"profileString":"facebook_page.230609267719","likesRcvd":1,"timeQuantum":4977800,"postidString":"facebook_page.230609267719_10155266419577720"},{"profileString":"facebook_page.230609267719","likesRcvd":1,"timeQuantum":4977816,"postidString":"facebook_page.230609267719_10155266419577720"},{"profileString":"facebook_page.230609267719","likesRcvd":1,"timeQuantum":4977816,"postidString":"facebook_page.230609267719_1185755741547067"},{"profileString":"facebook_page.230609267719","likesRcvd":1,"timeQuantum":4977817,"postidString":"facebook_page.230609267719_10155266419577720"},{"profileString":"facebook_page.230609267719","likesRcvd":1,"repliesRcvd":1,"timeQuantum":4977825,"postidString":"facebook_page.230609267719_10155266419577720"},{"profileString":"facebook_page.230609267719","likesRcvd":1,"timeQuantum":4977834,"postidString":"facebook_page.230609267719_10155266419577720"},{"profileString":"facebook_page.230609267719","likesRcvd":1,"repliesRcvd":1,"timeQuantum":4977906,"postidString":"facebook_page.230609267719_10155266419577720"},{"profileString":"facebook_page.230609267719","likesRcvd":1,"timeQuantum":4977960,"postidString":"facebook_page.230609267719_10155266419577720"},{"profileString":"facebook_page.230609267719","likesRcvd":1,"repliesRcvd":1,"timeQuantum":4977969,"postidString":"facebook_page.230609267719_10155266419577720"},{"profileString":"facebook_page.230609267719","repliesRcvd":1,"timeQuantum":4977970,"postidString":"facebook_page.230609267719_10155266419577720"},{"profileString":"facebook_page.230609267719","likesRcvd":1,"timeQuantum":4977987,"postidString":"facebook_page.230609267719_10155266419577720"},{"profileString":"facebook_page.230609267719","likesRcvd":1,"timeQuantum":4978356,"postidString":"facebook_page.230609267719_10155266419577720"},{"profileString":"facebook_page.230609267719","likesRcvd":1,"repliesRcvd":1,"timeQuantum":4978410,"postidString":"facebook_page.230609267719_10155266419577720"},{"profileString":"facebook_page.230609267719","postsMade":1,"repliesRcvd":1,"postidString":"facebook_page.230609267719_10155279847007720","sharesRcvd":1,"likesRcvd":1,"timeQuantum":4978618},{"profileString":"facebook_page.230609267719","likesRcvd":1,"repliesRcvd":1,"timeQuantum":4978619,"postidString":"facebook_page.230609267719_10155279847007720"},{"profileString":"facebook_page.230609267719","likesRcvd":1,"timeQuantum":4978620,"postidString":"facebook_page.230609267719_10155279847007720"},{"profileString":"facebook_page.230609267719","likesRcvd":1,"timeQuantum":4978621,"postidString":"facebook_page.230609267719_10155279847007720"},{"profileString":"facebook_page.230609267719","likesRcvd":1,"timeQuantum":4978622,"postidString":"facebook_page.230609267719_10155279847007720"},{"profileString":"facebook_page.230609267719","likesRcvd":1,"repliesRcvd":1,"timeQuantum":4978626,"postidString":"facebook_page.230609267719_10155279847007720"},{"profileString":"facebook_page.230609267719","likesRcvd":1,"timeQuantum":4978627,"postidString":"facebook_page.230609267719_10155279847007720"},{"sharesRcvd":1,"profileString":"facebook_page.230609267719","likesRcvd":1,"timeQuantum":4978635,"postidString":"facebook_page.230609267719_10155279847007720"},{"sharesRcvd":1,"profileString":"facebook_page.230609267719","timeQuantum":4978636,"postidString":"facebook_page.230609267719_10155279847007720"},{"profileString":"facebook_page.230609267719","likesRcvd":1,"timeQuantum":4978653,"postidString":"facebook_page.230609267719_10155279847007720"},{"profileString":"facebook_page.230609267719","likesRcvd":1,"timeQuantum":4978654,"postidString":"facebook_page.230609267719_10155279847007720"},{"profileString":"facebook_page.230609267719","likesRcvd":1,"timeQuantum":4978662,"postidString":"facebook_page.230609267719_10155279847007720"},{"profileString":"facebook_page.230609267719","postsMade":1,"timeQuantum":4978678,"postidString":"facebook_page.230609267719_10155280500202720"},{"profileString":"facebook_page.230609267719","likesRcvd":1,"timeQuantum":4978680,"postidString":"facebook_page.230609267719_10155280500202720"},{"profileString":"facebook_page.230609267719","likesRcvd":1,"timeQuantum":4978680,"postidString":"facebook_page.230609267719_10155279847007720"},{"profileString":"facebook_page.230609267719","likesRcvd":1,"timeQuantum":4978681,"postidString":"facebook_page.230609267719_10155280500202720"},{"profileString":"facebook_page.230609267719","likesRcvd":1,"timeQuantum":4978682,"postidString":"facebook_page.230609267719_10155280500202720"},{"profileString":"facebook_page.230609267719","likesRcvd":1,"timeQuantum":4978689,"postidString":"facebook_page.230609267719_10155280500202720"},{"profileString":"facebook_page.230609267719","likesRcvd":1,"timeQuantum":4978690,"postidString":"facebook_page.230609267719_10155280500202720"},{"profileString":"facebook_page.230609267719","likesRcvd":1,"timeQuantum":4978698,"postidString":"facebook_page.230609267719_10155280500202720"},{"profileString":"facebook_page.230609267719","likesRcvd":1,"timeQuantum":4978699,"postidString":"facebook_page.230609267719_10155280500202720"},{"profileString":"facebook_page.230609267719","likesRcvd":1,"timeQuantum":4978716,"postidString":"facebook_page.230609267719_10155280500202720"},{"profileString":"facebook_page.230609267719","likesRcvd":1,"timeQuantum":4978761,"postidString":"facebook_page.230609267719_10155279847007720"},{"profileString":"facebook_page.230609267719","likesRcvd":1,"timeQuantum":4978770,"postidString":"facebook_page.230609267719_10155280500202720"},{"sharesRcvd":1,"profileString":"facebook_page.230609267719","timeQuantum":4978788,"postidString":"facebook_page.230609267719_10155279847007720"},{"profileString":"facebook_page.230609267719","likesRcvd":1,"timeQuantum":4978806,"postidString":"facebook_page.230609267719_10155279847007720"},{"profileString":"facebook_page.230609267719","likesRcvd":1,"timeQuantum":4978815,"postidString":"facebook_page.230609267719_10155280500202720"},{"profileString":"facebook_page.230609267719","repliesRcvd":1,"timeQuantum":4978815,"postidString":"facebook_page.230609267719_10155279847007720"},{"sharesRcvd":1,"profileString":"facebook_page.230609267719","likesRcvd":1,"timeQuantum":4978833,"postidString":"facebook_page.230609267719_10155279847007720"},{"profileString":"facebook_page.230609267719","likesRcvd":1,"repliesRcvd":1,"timeQuantum":4978860,"postidString":"facebook_page.230609267719_10155280500202720"},{"profileString":"facebook_page.230609267719","likesRcvd":1,"timeQuantum":4978878,"postidString":"facebook_page.230609267719_10155279847007720"},{"profileString":"facebook_page.230609267719","likesRcvd":1,"postsMade":1,"timeQuantum":4978897,"postidString":"facebook_page.230609267719_1334089750002520"},{"profileString":"facebook_page.230609267719","likesRcvd":1,"timeQuantum":4978898,"postidString":"facebook_page.230609267719_1334089750002520"},{"profileString":"facebook_page.230609267719","likesRcvd":1,"timeQuantum":4978899,"postidString":"facebook_page.230609267719_1334089750002520"},{"profileString":"facebook_page.230609267719","likesRcvd":1,"timeQuantum":4978905,"postidString":"facebook_page.230609267719_1334089750002520"},{"profileString":"facebook_page.230609267719","likesRcvd":1,"timeQuantum":4978906,"postidString":"facebook_page.230609267719_1334089750002520"},{"profileString":"facebook_page.230609267719","likesRcvd":1,"timeQuantum":4978923,"postidString":"facebook_page.230609267719_1334089750002520"},{"profileString":"facebook_page.230609267719","likesRcvd":1,"timeQuantum":4978924,"postidString":"facebook_page.230609267719_1334089750002520"},{"sharesRcvd":1,"profileString":"facebook_page.230609267719","postsMade":1,"timeQuantum":4978948,"postidString":"facebook_page.230609267719_10155283211627720"},{"sharesRcvd":1,"profileString":"facebook_page.230609267719","likesRcvd":1,"repliesRcvd":1,"timeQuantum":4978950,"postidString":"facebook_page.230609267719_10155283211627720"},{"profileString":"facebook_page.230609267719","likesRcvd":1,"repliesRcvd":1,"timeQuantum":4978951,"postidString":"facebook_page.230609267719_10155283211627720"},{"profileString":"facebook_page.230609267719","likesRcvd":1,"timeQuantum":4978952,"postidString":"facebook_page.230609267719_10155283211627720"},{"profileString":"facebook_page.230609267719","likesRcvd":1,"timeQuantum":4978953,"postidString":"facebook_page.230609267719_10155283211627720"},{"profileString":"facebook_page.230609267719","likesRcvd":1,"timeQuantum":4978954,"postidString":"facebook_page.230609267719_10155283211627720"},{"profileString":"facebook_page.230609267719","likesRcvd":1,"timeQuantum":4978959,"postidString":"facebook_page.230609267719_10155283211627720"},{"profileString":"facebook_page.230609267719","likesRcvd":1,"timeQuantum":4978960,"postidString":"facebook_page.230609267719_10155283211627720"},{"profileString":"facebook_page.230609267719","likesRcvd":1,"timeQuantum":4978968,"postidString":"facebook_page.230609267719_10155280500202720"},{"profileString":"facebook_page.230609267719","likesRcvd":1,"timeQuantum":4978977,"postidString":"facebook_page.230609267719_1334089750002520"},{"profileString":"facebook_page.230609267719","likesRcvd":1,"timeQuantum":4979022,"postidString":"facebook_page.230609267719_10155283211627720"},{"profileString":"facebook_page.230609267719","likesRcvd":1,"timeQuantum":4979076,"postidString":"facebook_page.230609267719_10155283211627720"},{"profileString":"facebook_page.230609267719","postsMade":1,"repliesRcvd":1,"postidString":"facebook_page.230609267719_10155288689527720","sharesRcvd":1,"likesRcvd":2,"timeQuantum":4979499},{"sharesRcvd":1,"profileString":"facebook_page.230609267719","likesRcvd":2,"repliesRcvd":1,"timeQuantum":4979500,"postidString":"facebook_page.230609267719_10155288689527720"},{"sharesRcvd":1,"profileString":"facebook_page.230609267719","likesRcvd":2,"repliesRcvd":1,"timeQuantum":4979501,"postidString":"facebook_page.230609267719_10155288689527720"},{"sharesRcvd":1,"profileString":"facebook_page.230609267719","likesRcvd":1,"repliesRcvd":1,"timeQuantum":4979502,"postidString":"facebook_page.230609267719_10155288689527720"},{"profileString":"facebook_page.230609267719","likesRcvd":1,"timeQuantum":4979503,"postidString":"facebook_page.230609267719_10155288689527720"},{"profileString":"facebook_page.230609267719","likesRcvd":1,"timeQuantum":4979504,"postidString":"facebook_page.230609267719_10155288689527720"},{"profileString":"facebook_page.230609267719","likesRcvd":1,"timeQuantum":4979505,"postidString":"facebook_page.230609267719_10155288689527720"},{"profileString":"facebook_page.230609267719","likesRcvd":1,"timeQuantum":4979506,"postidString":"facebook_page.230609267719_10155288689527720"},{"profileString":"facebook_page.230609267719","likesRcvd":1,"timeQuantum":4979508,"postidString":"facebook_page.230609267719_10155288689527720"},{"profileString":"facebook_page.230609267719","likesRcvd":1,"timeQuantum":4979509,"postidString":"facebook_page.230609267719_10155288689527720"},{"profileString":"facebook_page.230609267719","likesRcvd":1,"timeQuantum":4979510,"postidString":"facebook_page.230609267719_10155288689527720"},{"profileString":"facebook_page.230609267719","likesRcvd":1,"timeQuantum":4979511,"postidString":"facebook_page.230609267719_10155288689527720"},{"profileString":"facebook_page.230609267719","likesRcvd":1,"timeQuantum":4979512,"postidString":"facebook_page.230609267719_10155288689527720"},{"profileString":"facebook_page.230609267719","likesRcvd":1,"repliesRcvd":1,"timeQuantum":4979517,"postidString":"facebook_page.230609267719_10155288689527720"},{"profileString":"facebook_page.230609267719","likesRcvd":1,"repliesRcvd":1,"timeQuantum":4979518,"postidString":"facebook_page.230609267719_10155288689527720"},{"profileString":"facebook_page.230609267719","likesRcvd":1,"timeQuantum":4979519,"postidString":"facebook_page.230609267719_10155288689527720"},{"profileString":"facebook_page.230609267719","likesRcvd":1,"timeQuantum":4979526,"postidString":"facebook_page.230609267719_10155288689527720"},{"profileString":"facebook_page.230609267719","likesRcvd":1,"timeQuantum":4979527,"postidString":"facebook_page.230609267719_10155288689527720"},{"profileString":"facebook_page.230609267719","likesRcvd":1,"repliesRcvd":1,"timeQuantum":4979535,"postidString":"facebook_page.230609267719_10155288689527720"},{"profileString":"facebook_page.230609267719","likesRcvd":1,"timeQuantum":4979536,"postidString":"facebook_page.230609267719_10155288689527720"},{"profileString":"facebook_page.230609267719","likesRcvd":1,"timeQuantum":4979537,"postidString":"facebook_page.230609267719_10155288689527720"},{"profileString":"facebook_page.230609267719","likesRcvd":1,"repliesRcvd":1,"timeQuantum":4979544,"postidString":"facebook_page.230609267719_10155288689527720"},{"profileString":"facebook_page.230609267719","likesRcvd":1,"timeQuantum":4979545,"postidString":"facebook_page.230609267719_10155288689527720"},{"profileString":"facebook_page.230609267719","likesRcvd":1,"timeQuantum":4979546,"postidString":"facebook_page.230609267719_10155288689527720"},{"sharesRcvd":1,"profileString":"facebook_page.230609267719","likesRcvd":1,"repliesRcvd":1,"timeQuantum":4979553,"postidString":"facebook_page.230609267719_10155288689527720"},{"profileString":"facebook_page.230609267719","likesRcvd":1,"timeQuantum":4979571,"postidString":"facebook_page.230609267719_10155288689527720"},{"profileString":"facebook_page.230609267719","likesRcvd":1,"timeQuantum":4979580,"postidString":"facebook_page.230609267719_10155288689527720"},{"profileString":"facebook_page.230609267719","likesRcvd":1,"timeQuantum":4979715,"postidString":"facebook_page.230609267719_10155288689527720"},{"profileString":"facebook_page.230609267719","likesRcvd":1,"timeQuantum":4979742,"postidString":"facebook_page.230609267719_10155288689527720"},{"profileString":"facebook_page.230609267719","likesRcvd":1,"postsMade":1,"timeQuantum":4979748,"postidString":"facebook_page.230609267719_10155153099478400"},{"profileString":"facebook_page.230609267719","likesRcvd":1,"timeQuantum":4979760,"postidString":"facebook_page.230609267719_10155153099478400"},{"profileString":"facebook_page.230609267719","likesRcvd":1,"timeQuantum":4979787,"postidString":"facebook_page.230609267719_10155153099478400"},{"profileString":"facebook_page.230609267719","likesRcvd":1,"timeQuantum":4979796,"postidString":"facebook_page.230609267719_10155153099478400"},{"profileString":"facebook_page.230609267719","likesRcvd":1,"timeQuantum":4979814,"postidString":"facebook_page.230609267719_10155288689527720"},{"profileString":"facebook_page.230609267719","likesRcvd":1,"timeQuantum":4979823,"postidString":"facebook_page.230609267719_10155153099478400"},{"profileString":"facebook_page.230609267719","likesRcvd":1,"timeQuantum":4979868,"postidString":"facebook_page.230609267719_10155288689527720"},{"profileString":"facebook_page.230609267719","likesRcvd":1,"timeQuantum":4979949,"postidString":"facebook_page.230609267719_10155153099478400"},{"profileString":"facebook_page.230609267719","likesRcvd":1,"timeQuantum":4979967,"postidString":"facebook_page.230609267719_10155153099478400"},{"profileString":"facebook_page.230609267719","postsMade":1,"repliesRcvd":1,"postidString":"facebook_page.230609267719_10155293865172720","sharesRcvd":1,"likesRcvd":1,"timeQuantum":4980016},{"sharesRcvd":1,"profileString":"facebook_page.230609267719","likesRcvd":1,"repliesRcvd":1,"timeQuantum":4980017,"postidString":"facebook_page.230609267719_10155293865172720"},{"sharesRcvd":1,"profileString":"facebook_page.230609267719","likesRcvd":1,"timeQuantum":4980018,"postidString":"facebook_page.230609267719_10155293865172720"},{"profileString":"facebook_page.230609267719","repliesRcvd":1,"timeQuantum":4980021,"postidString":"facebook_page.230609267719_10155293865172720"},{"sharesRcvd":1,"profileString":"facebook_page.230609267719","likesRcvd":1,"postsMade":1,"timeQuantum":4980026,"postidString":"facebook_page.230609267719_10155293975792720"},{"profileString":"facebook_page.230609267719","likesRcvd":1,"timeQuantum":4980027,"postidString":"facebook_page.230609267719_10155293975792720"},{"profileString":"facebook_page.230609267719","likesRcvd":1,"timeQuantum":4980028,"postidString":"facebook_page.230609267719_10155293975792720"},{"sharesRcvd":1,"profileString":"facebook_page.230609267719","timeQuantum":4980030,"postidString":"facebook_page.230609267719_10155293865172720"},{"profileString":"facebook_page.230609267719","likesRcvd":1,"timeQuantum":4980030,"postidString":"facebook_page.230609267719_10155293975792720"},{"sharesRcvd":1,"profileString":"facebook_page.230609267719","timeQuantum":4980031,"postidString":"facebook_page.230609267719_10155293865172720"},{"profileString":"facebook_page.230609267719","likesRcvd":1,"timeQuantum":4980031,"postidString":"facebook_page.230609267719_10155293975792720"},{"profileString":"facebook_page.230609267719","likesRcvd":1,"timeQuantum":4980039,"postidString":"facebook_page.230609267719_10155293975792720"},{"profileString":"facebook_page.230609267719","likesRcvd":1,"postsMade":1,"repliesRcvd":1,"timeQuantum":4980061,"postidString":"facebook_page.230609267719_10155294461867720"},{"profileString":"facebook_page.230609267719","likesRcvd":1,"timeQuantum":4980062,"postidString":"facebook_page.230609267719_10155294461867720"},{"profileString":"facebook_page.230609267719","likesRcvd":1,"timeQuantum":4980063,"postidString":"facebook_page.230609267719_10155294461867720"},{"profileString":"facebook_page.230609267719","likesRcvd":1,"timeQuantum":4980064,"postidString":"facebook_page.230609267719_10155294461867720"},{"profileString":"facebook_page.230609267719","likesRcvd":1,"timeQuantum":4980066,"postidString":"facebook_page.230609267719_10155294461867720"},{"profileString":"facebook_page.230609267719","likesRcvd":1,"timeQuantum":4980067,"postidString":"facebook_page.230609267719_10155294461867720"},{"profileString":"facebook_page.230609267719","likesRcvd":1,"timeQuantum":4980068,"postidString":"facebook_page.230609267719_10155294461867720"},{"profileString":"facebook_page.230609267719","likesRcvd":1,"timeQuantum":4980069,"postidString":"facebook_page.230609267719_10155294461867720"},{"profileString":"facebook_page.230609267719","likesRcvd":1,"repliesRcvd":1,"timeQuantum":4980075,"postidString":"facebook_page.230609267719_10155294461867720"},{"profileString":"facebook_page.230609267719","likesRcvd":1,"repliesRcvd":1,"timeQuantum":4980084,"postidString":"facebook_page.230609267719_10155294461867720"},{"profileString":"facebook_page.230609267719","likesRcvd":1,"repliesRcvd":1,"timeQuantum":4980093,"postidString":"facebook_page.230609267719_10155294461867720"},{"profileString":"facebook_page.230609267719","repliesRcvd":1,"timeQuantum":4980102,"postidString":"facebook_page.230609267719_10155293975792720"},{"profileString":"facebook_page.230609267719","repliesRcvd":1,"timeQuantum":4980102,"postidString":"facebook_page.230609267719_10155294461867720"},{"profileString":"facebook_page.230609267719","likesRcvd":1,"timeQuantum":4980111,"postidString":"facebook_page.230609267719_10155293975792720"},{"profileString":"facebook_page.230609267719","likesRcvd":1,"timeQuantum":4980111,"postidString":"facebook_page.230609267719_10155294461867720"},{"profileString":"facebook_page.230609267719","likesRcvd":1,"timeQuantum":4980112,"postidString":"facebook_page.230609267719_10155294461867720"},{"profileString":"facebook_page.230609267719","likesRcvd":1,"timeQuantum":4980246,"postidString":"facebook_page.230609267719_10155294461867720"},{"profileString":"facebook_page.230609267719","postsMade":1,"timeQuantum":4980288,"postidString":"facebook_page.230609267719_10155296578332720"},{"profileString":"facebook_page.230609267719","likesRcvd":1,"timeQuantum":4980291,"postidString":"facebook_page.230609267719_10155296578332720"},{"profileString":"facebook_page.230609267719","likesRcvd":1,"timeQuantum":4980300,"postidString":"facebook_page.230609267719_10155296578332720"},{"profileString":"facebook_page.230609267719","likesRcvd":1,"timeQuantum":4980309,"postidString":"facebook_page.230609267719_10155296578332720"},{"profileString":"facebook_page.230609267719","likesRcvd":1,"timeQuantum":4980310,"postidString":"facebook_page.230609267719_10155296578332720"},{"profileString":"facebook_page.230609267719","likesRcvd":1,"timeQuantum":4980318,"postidString":"facebook_page.230609267719_10155296578332720"},{"profileString":"facebook_page.230609267719","likesRcvd":1,"timeQuantum":4980363,"postidString":"facebook_page.230609267719_10155296578332720"},{"profileString":"facebook_page.230609267719","likesRcvd":1,"timeQuantum":4980381,"postidString":"facebook_page.230609267719_10155296578332720"},{"profileString":"facebook_page.230609267719","repliesRcvd":1,"timeQuantum":4980381,"postidString":"facebook_page.230609267719_10155294461867720"},{"profileString":"facebook_page.230609267719","likesRcvd":1,"timeQuantum":4980390,"postidString":"facebook_page.230609267719_10155296578332720"},{"profileString":"facebook_page.230609267719","likesRcvd":1,"timeQuantum":4980391,"postidString":"facebook_page.230609267719_10155296578332720"},{"profileString":"facebook_page.230609267719","likesRcvd":1,"timeQuantum":4980399,"postidString":"facebook_page.230609267719_10155296578332720"},{"profileString":"facebook_page.230609267719","likesRcvd":1,"postsMade":1,"timeQuantum":4980400,"postidString":"facebook_page.230609267719_10155297900777720"},{"profileString":"facebook_page.230609267719","likesRcvd":1,"timeQuantum":4980401,"postidString":"facebook_page.230609267719_10155297900777720"},{"profileString":"facebook_page.230609267719","likesRcvd":1,"timeQuantum":4980402,"postidString":"facebook_page.230609267719_10155297900777720"},{"profileString":"facebook_page.230609267719","likesRcvd":1,"timeQuantum":4980403,"postidString":"facebook_page.230609267719_10155297900777720"},{"profileString":"facebook_page.230609267719","likesRcvd":1,"timeQuantum":4980404,"postidString":"facebook_page.230609267719_10155297900777720"},{"profileString":"facebook_page.230609267719","likesRcvd":1,"timeQuantum":4980408,"postidString":"facebook_page.230609267719_10155296578332720"},{"profileString":"facebook_page.230609267719","likesRcvd":1,"timeQuantum":4980408,"postidString":"facebook_page.230609267719_10155297900777720"},{"profileString":"facebook_page.230609267719","likesRcvd":1,"timeQuantum":4980409,"postidString":"facebook_page.230609267719_10155297900777720"},{"profileString":"facebook_page.230609267719","likesRcvd":1,"timeQuantum":4980410,"postidString":"facebook_page.230609267719_10155297900777720"},{"profileString":"facebook_page.230609267719","likesRcvd":1,"timeQuantum":4980411,"postidString":"facebook_page.230609267719_10155297900777720"},{"profileString":"facebook_page.230609267719","likesRcvd":1,"timeQuantum":4980412,"postidString":"facebook_page.230609267719_10155297900777720"},{"profileString":"facebook_page.230609267719","likesRcvd":1,"timeQuantum":4980413,"postidString":"facebook_page.230609267719_10155297900777720"},{"profileString":"facebook_page.230609267719","likesRcvd":1,"timeQuantum":4980417,"postidString":"facebook_page.230609267719_10155297900777720"},{"profileString":"facebook_page.230609267719","likesRcvd":1,"timeQuantum":4980435,"postidString":"facebook_page.230609267719_10155296578332720"},{"profileString":"facebook_page.230609267719","likesRcvd":1,"timeQuantum":4980435,"postidString":"facebook_page.230609267719_10155297900777720"},{"profileString":"facebook_page.230609267719","likesRcvd":1,"timeQuantum":4980444,"postidString":"facebook_page.230609267719_10155297900777720"},{"profileString":"facebook_page.230609267719","likesRcvd":1,"timeQuantum":4980445,"postidString":"facebook_page.230609267719_10155297900777720"},{"profileString":"facebook_page.230609267719","likesRcvd":1,"timeQuantum":4980498,"postidString":"facebook_page.230609267719_10155297900777720"},{"profileString":"facebook_page.230609267719","likesRcvd":1,"timeQuantum":4980543,"postidString":"facebook_page.230609267719_10155297900777720"},{"profileString":"facebook_page.230609267719","likesRcvd":1,"timeQuantum":4980552,"postidString":"facebook_page.230609267719_10155297900777720"},{"profileString":"facebook_page.230609267719","likesRcvd":1,"timeQuantum":4980660,"postidString":"facebook_page.230609267719_10155297900777720"},{"profileString":"facebook_page.230609267719","likesRcvd":1,"timeQuantum":4980678,"postidString":"facebook_page.230609267719_10155297900777720"},{"sharesRcvd":1,"profileString":"facebook_page.230609267719","likesRcvd":1,"postsMade":1,"timeQuantum":4980679,"postidString":"facebook_page.230609267719_10155300634667720"},{"profileString":"facebook_page.230609267719","likesRcvd":1,"timeQuantum":4980680,"postidString":"facebook_page.230609267719_10155300634667720"},{"profileString":"facebook_page.230609267719","likesRcvd":1,"timeQuantum":4980681,"postidString":"facebook_page.230609267719_10155300634667720"},{"profileString":"facebook_page.230609267719","likesRcvd":1,"timeQuantum":4980682,"postidString":"facebook_page.230609267719_10155300634667720"},{"profileString":"facebook_page.230609267719","likesRcvd":1,"timeQuantum":4980683,"postidString":"facebook_page.230609267719_10155300634667720"},{"profileString":"facebook_page.230609267719","likesRcvd":1,"timeQuantum":4980687,"postidString":"facebook_page.230609267719_10155300634667720"},{"profileString":"facebook_page.230609267719","likesRcvd":1,"timeQuantum":4980688,"postidString":"facebook_page.230609267719_10155300634667720"},{"profileString":"facebook_page.230609267719","likesRcvd":1,"timeQuantum":4980689,"postidString":"facebook_page.230609267719_10155300634667720"},{"profileString":"facebook_page.230609267719","likesRcvd":1,"timeQuantum":4980831,"postidString":"facebook_page.230609267719_10155300634667720"},{"profileString":"facebook_page.230609267719","repliesRcvd":1,"timeQuantum":4980876,"postidString":"facebook_page.230609267719_10155300634667720"},{"profileString":"facebook_page.230609267719","postsMade":1,"timeQuantum":4980919,"postidString":"facebook_page.230609267719_10155303315732720"},{"profileString":"facebook_page.230609267719","likesRcvd":1,"timeQuantum":4980921,"postidString":"facebook_page.230609267719_10155303315732720"},{"profileString":"facebook_page.230609267719","likesRcvd":1,"timeQuantum":4980921,"postidString":"facebook_page.230609267719_10155300634667720"},{"profileString":"facebook_page.230609267719","likesRcvd":1,"timeQuantum":4980930,"postidString":"facebook_page.230609267719_10155303315732720"},{"profileString":"facebook_page.230609267719","likesRcvd":1,"timeQuantum":4980939,"postidString":"facebook_page.230609267719_10155303315732720"},{"profileString":"facebook_page.230609267719","likesRcvd":1,"timeQuantum":4980940,"postidString":"facebook_page.230609267719_10155303315732720"},{"profileString":"facebook_page.230609267719","likesRcvd":1,"timeQuantum":4980957,"postidString":"facebook_page.230609267719_10155303315732720"},{"profileString":"facebook_page.230609267719","likesRcvd":1,"timeQuantum":4980966,"postidString":"facebook_page.230609267719_10155303315732720"},{"profileString":"facebook_page.230609267719","likesRcvd":1,"repliesRcvd":1,"timeQuantum":4980993,"postidString":"facebook_page.230609267719_10155303315732720"},{"profileString":"facebook_page.230609267719","likesRcvd":1,"timeQuantum":4981011,"postidString":"facebook_page.230609267719_10155303315732720"},{"profileString":"facebook_page.230609267719","likesRcvd":1,"timeQuantum":4981056,"postidString":"facebook_page.230609267719_10155303315732720"},{"profileString":"facebook_page.230609267719","likesRcvd":1,"timeQuantum":4981101,"postidString":"facebook_page.230609267719_10155303315732720"},{"profileString":"facebook_page.230609267719","likesRcvd":1,"timeQuantum":4981102,"postidString":"facebook_page.230609267719_10155303315732720"},{"profileString":"facebook_page.230609267719","likesRcvd":1,"timeQuantum":4981119,"postidString":"facebook_page.230609267719_10155303315732720"},{"profileString":"facebook_page.230609267719","likesRcvd":1,"timeQuantum":4981182,"postidString":"facebook_page.230609267719_10155303315732720"},{"profileString":"facebook_page.230609267719","likesRcvd":1,"timeQuantum":4981182,"postidString":"facebook_page.230609267719_10155297900777720"},{"profileString":"facebook_page.230609267719","likesRcvd":1,"timeQuantum":4981245,"postidString":"facebook_page.230609267719_10155297900777720"},{"profileString":"facebook_page.230609267719","likesRcvd":1,"postsMade":1,"repliesRcvd":1,"timeQuantum":4981283,"postidString":"facebook_page.230609267719_10155308261102720"},{"profileString":"facebook_page.230609267719","likesRcvd":1,"timeQuantum":4981284,"postidString":"facebook_page.230609267719_10155308261102720"},{"profileString":"facebook_page.230609267719","likesRcvd":1,"timeQuantum":4981285,"postidString":"facebook_page.230609267719_10155308261102720"},{"profileString":"facebook_page.230609267719","likesRcvd":1,"timeQuantum":4981290,"postidString":"facebook_page.230609267719_10155308261102720"},{"profileString":"facebook_page.230609267719","likesRcvd":1,"timeQuantum":4981291,"postidString":"facebook_page.230609267719_10155308261102720"},{"profileString":"facebook_page.230609267719","likesRcvd":1,"timeQuantum":4981292,"postidString":"facebook_page.230609267719_10155308261102720"},{"profileString":"facebook_page.230609267719","likesRcvd":1,"timeQuantum":4981293,"postidString":"facebook_page.230609267719_10155308261102720"},{"profileString":"facebook_page.230609267719","likesRcvd":1,"timeQuantum":4981294,"postidString":"facebook_page.230609267719_10155308261102720"},{"profileString":"facebook_page.230609267719","likesRcvd":1,"timeQuantum":4981353,"postidString":"facebook_page.230609267719_10155308261102720"},{"profileString":"facebook_page.230609267719","likesRcvd":1,"timeQuantum":4981362,"postidString":"facebook_page.230609267719_10155308261102720"},{"profileString":"facebook_page.230609267719","likesRcvd":1,"timeQuantum":4981371,"postidString":"facebook_page.230609267719_10155308261102720"},{"profileString":"facebook_page.230609267719","likesRcvd":1,"timeQuantum":4981372,"postidString":"facebook_page.230609267719_10155308261102720"},{"profileString":"facebook_page.230609267719","likesRcvd":1,"timeQuantum":4981380,"postidString":"facebook_page.230609267719_10155308261102720"},{"profileString":"facebook_page.230609267719","likesRcvd":1,"timeQuantum":4981389,"postidString":"facebook_page.230609267719_10155308261102720"},{"profileString":"facebook_page.230609267719","likesRcvd":1,"timeQuantum":4981390,"postidString":"facebook_page.230609267719_10155308261102720"},{"profileString":"facebook_page.230609267719","likesRcvd":1,"timeQuantum":4981398,"postidString":"facebook_page.230609267719_10155308261102720"},{"profileString":"facebook_page.230609267719","likesRcvd":1,"timeQuantum":4981399,"postidString":"facebook_page.230609267719_10155308261102720"},{"profileString":"facebook_page.230609267719","likesRcvd":1,"timeQuantum":4981407,"postidString":"facebook_page.230609267719_10155308261102720"},{"sharesRcvd":1,"profileString":"facebook_page.230609267719","likesRcvd":1,"timeQuantum":4981416,"postidString":"facebook_page.230609267719_10155308261102720"},{"profileString":"facebook_page.230609267719","likesRcvd":1,"timeQuantum":4981425,"postidString":"facebook_page.230609267719_10155308261102720"},{"profileString":"facebook_page.230609267719","likesRcvd":1,"timeQuantum":4981470,"postidString":"facebook_page.230609267719_10155308261102720"},{"profileString":"facebook_page.230609267719","likesRcvd":1,"timeQuantum":4981479,"postidString":"facebook_page.230609267719_10155308261102720"},{"profileString":"facebook_page.230609267719","likesRcvd":1,"timeQuantum":4981506,"postidString":"facebook_page.230609267719_10155308261102720"},{"profileString":"facebook_page.230609267719","likesRcvd":2,"postsMade":1,"timeQuantum":4981519,"postidString":"facebook_page.230609267719_10155311259437720"},{"profileString":"facebook_page.230609267719","likesRcvd":1,"timeQuantum":4981520,"postidString":"facebook_page.230609267719_10155311259437720"},{"profileString":"facebook_page.230609267719","likesRcvd":1,"timeQuantum":4981521,"postidString":"facebook_page.230609267719_10155311259437720"},{"profileString":"facebook_page.230609267719","likesRcvd":2,"postsMade":1,"timeQuantum":4981521,"postidString":"facebook_page.230609267719_10154635496837339"},{"profileString":"facebook_page.230609267719","likesRcvd":1,"timeQuantum":4981522,"postidString":"facebook_page.230609267719_10155311259437720"},{"profileString":"facebook_page.230609267719","likesRcvd":2,"timeQuantum":4981522,"postidString":"facebook_page.230609267719_10154635496837339"},{"sharesRcvd":1,"profileString":"facebook_page.230609267719","likesRcvd":1,"repliesRcvd":1,"timeQuantum":4981524,"postidString":"facebook_page.230609267719_10155311259437720"},{"profileString":"facebook_page.230609267719","likesRcvd":3,"repliesRcvd":1,"timeQuantum":4981524,"postidString":"facebook_page.230609267719_10154635496837339"},{"profileString":"facebook_page.230609267719","likesRcvd":3,"repliesRcvd":1,"timeQuantum":4981525,"postidString":"facebook_page.230609267719_10154635496837339"},{"profileString":"facebook_page.230609267719","likesRcvd":3,"repliesRcvd":1,"timeQuantum":4981526,"postidString":"facebook_page.230609267719_10154635496837339"},{"profileString":"facebook_page.230609267719","likesRcvd":2,"repliesRcvd":1,"timeQuantum":4981527,"postidString":"facebook_page.230609267719_10154635496837339"},{"profileString":"facebook_page.230609267719","likesRcvd":2,"timeQuantum":4981528,"postidString":"facebook_page.230609267719_10154635496837339"},{"profileString":"facebook_page.230609267719","likesRcvd":2,"timeQuantum":4981529,"postidString":"facebook_page.230609267719_10154635496837339"},{"profileString":"facebook_page.230609267719","likesRcvd":2,"timeQuantum":4981530,"postidString":"facebook_page.230609267719_10154635496837339"},{"profileString":"facebook_page.230609267719","likesRcvd":2,"timeQuantum":4981531,"postidString":"facebook_page.230609267719_10154635496837339"},{"profileString":"facebook_page.230609267719","likesRcvd":1,"timeQuantum":4981533,"postidString":"facebook_page.230609267719_10155311259437720"},{"profileString":"facebook_page.230609267719","likesRcvd":1,"repliesRcvd":1,"timeQuantum":4981533,"postidString":"facebook_page.230609267719_10154635496837339"},{"sharesRcvd":1,"profileString":"facebook_page.230609267719","likesRcvd":1,"repliesRcvd":1,"timeQuantum":4981533,"postidString":"facebook_page.230609267719_10155308261102720"},{"profileString":"facebook_page.230609267719","likesRcvd":1,"timeQuantum":4981534,"postidString":"facebook_page.230609267719_10155311259437720"},{"profileString":"facebook_page.230609267719","likesRcvd":1,"timeQuantum":4981534,"postidString":"facebook_page.230609267719_10154635496837339"},{"profileString":"facebook_page.230609267719","likesRcvd":1,"timeQuantum":4981534,"postidString":"facebook_page.230609267719_10155308261102720"},{"profileString":"facebook_page.230609267719","likesRcvd":1,"timeQuantum":4981542,"postidString":"facebook_page.230609267719_10155303315732720"},{"profileString":"facebook_page.230609267719","likesRcvd":1,"timeQuantum":4981542,"postidString":"facebook_page.230609267719_10155311259437720"},{"profileString":"facebook_page.230609267719","likesRcvd":1,"repliesRcvd":1,"timeQuantum":4981542,"postidString":"facebook_page.230609267719_10154635496837339"},{"profileString":"facebook_page.230609267719","likesRcvd":1,"repliesRcvd":1,"timeQuantum":4981542,"postidString":"facebook_page.230609267719_10155308261102720"},{"profileString":"facebook_page.230609267719","likesRcvd":1,"timeQuantum":4981543,"postidString":"facebook_page.230609267719_10155311259437720"},{"profileString":"facebook_page.230609267719","likesRcvd":1,"repliesRcvd":1,"timeQuantum":4981543,"postidString":"facebook_page.230609267719_10154635496837339"},{"profileString":"facebook_page.230609267719","likesRcvd":1,"timeQuantum":4981543,"postidString":"facebook_page.230609267719_10155308261102720"},{"profileString":"facebook_page.230609267719","likesRcvd":1,"timeQuantum":4981544,"postidString":"facebook_page.230609267719_10154635496837339"},{"profileString":"facebook_page.230609267719","likesRcvd":1,"timeQuantum":4981545,"postidString":"facebook_page.230609267719_10154635496837339"},{"profileString":"facebook_page.230609267719","likesRcvd":1,"timeQuantum":4981546,"postidString":"facebook_page.230609267719_10154635496837339"},{"profileString":"facebook_page.230609267719","likesRcvd":1,"timeQuantum":4981547,"postidString":"facebook_page.230609267719_10154635496837339"},{"profileString":"facebook_page.230609267719","likesRcvd":1,"timeQuantum":4981548,"postidString":"facebook_page.230609267719_10154635496837339"},{"profileString":"facebook_page.230609267719","likesRcvd":1,"timeQuantum":4981549,"postidString":"facebook_page.230609267719_10154635496837339"},{"profileString":"facebook_page.230609267719","likesRcvd":1,"timeQuantum":4981551,"postidString":"facebook_page.230609267719_10154635496837339"},{"profileString":"facebook_page.230609267719","likesRcvd":1,"timeQuantum":4981552,"postidString":"facebook_page.230609267719_10154635496837339"},{"profileString":"facebook_page.230609267719","likesRcvd":1,"timeQuantum":4981553,"postidString":"facebook_page.230609267719_10154635496837339"},{"profileString":"facebook_page.230609267719","likesRcvd":1,"timeQuantum":4981560,"postidString":"facebook_page.230609267719_10155311259437720"},{"profileString":"facebook_page.230609267719","likesRcvd":1,"timeQuantum":4981560,"postidString":"facebook_page.230609267719_10154635496837339"},{"profileString":"facebook_page.230609267719","likesRcvd":1,"timeQuantum":4981569,"postidString":"facebook_page.230609267719_10154635496837339"},{"sharesRcvd":1,"profileString":"facebook_page.230609267719","likesRcvd":1,"timeQuantum":4981569,"postidString":"facebook_page.230609267719_10155308261102720"},{"profileString":"facebook_page.230609267719","likesRcvd":1,"timeQuantum":4981570,"postidString":"facebook_page.230609267719_10154635496837339"},{"profileString":"facebook_page.230609267719","likesRcvd":1,"timeQuantum":4981578,"postidString":"facebook_page.230609267719_10155308261102720"},{"profileString":"facebook_page.230609267719","likesRcvd":1,"timeQuantum":4981587,"postidString":"facebook_page.230609267719_10155311259437720"},{"profileString":"facebook_page.230609267719","likesRcvd":1,"timeQuantum":4981596,"postidString":"facebook_page.230609267719_10155311259437720"},{"profileString":"facebook_page.230609267719","likesRcvd":1,"timeQuantum":4981686,"postidString":"facebook_page.230609267719_10154635496837339"},{"profileString":"facebook_page.230609267719","likesRcvd":1,"timeQuantum":4981687,"postidString":"facebook_page.230609267719_10154635496837339"},{"profileString":"facebook_page.230609267719","repliesRcvd":1,"timeQuantum":4981704,"postidString":"facebook_page.230609267719_10154635496837339"},{"profileString":"facebook_page.230609267719","likesRcvd":1,"timeQuantum":4981722,"postidString":"facebook_page.230609267719_10155311259437720"},{"profileString":"facebook_page.230609267719","likesRcvd":1,"timeQuantum":4981731,"postidString":"facebook_page.230609267719_10155311259437720"},{"profileString":"facebook_page.230609267719","likesRcvd":1,"timeQuantum":4981731,"postidString":"facebook_page.230609267719_10154635496837339"},{"profileString":"facebook_page.230609267719","likesRcvd":1,"timeQuantum":4981732,"postidString":"facebook_page.230609267719_10155311259437720"},{"profileString":"facebook_page.230609267719","likesRcvd":1,"timeQuantum":4981749,"postidString":"facebook_page.230609267719_10154635496837339"},{"profileString":"facebook_page.230609267719","likesRcvd":1,"timeQuantum":4981767,"postidString":"facebook_page.230609267719_10155311259437720"},{"profileString":"facebook_page.230609267719","likesRcvd":1,"repliesRcvd":1,"timeQuantum":4981767,"postidString":"facebook_page.230609267719_10154635496837339"},{"profileString":"facebook_page.230609267719","likesRcvd":1,"timeQuantum":4981812,"postidString":"facebook_page.230609267719_10155311259437720"},{"profileString":"facebook_page.230609267719","likesRcvd":1,"timeQuantum":4981830,"postidString":"facebook_page.230609267719_10154635496837339"},{"profileString":"facebook_page.230609267719","likesRcvd":1,"repliesRcvd":1,"timeQuantum":4981848,"postidString":"facebook_page.230609267719_10155311259437720"},{"profileString":"facebook_page.230609267719","postsMade":1,"timeQuantum":4982108,"postidString":"facebook_page.230609267719_10155317892642720"},{"sharesRcvd":1,"profileString":"facebook_page.230609267719","likesRcvd":1,"timeQuantum":4982109,"postidString":"facebook_page.230609267719_10155317892642720"},{"sharesRcvd":1,"profileString":"facebook_page.230609267719","likesRcvd":1,"timeQuantum":4982110,"postidString":"facebook_page.230609267719_10155317892642720"},{"sharesRcvd":1,"profileString":"facebook_page.230609267719","likesRcvd":1,"timeQuantum":4982111,"postidString":"facebook_page.230609267719_10155317892642720"},{"profileString":"facebook_page.230609267719","likesRcvd":1,"timeQuantum":4982112,"postidString":"facebook_page.230609267719_10155317892642720"},{"profileString":"facebook_page.230609267719","likesRcvd":1,"timeQuantum":4982113,"postidString":"facebook_page.230609267719_10155317892642720"},{"sharesRcvd":1,"profileString":"facebook_page.230609267719","likesRcvd":1,"repliesRcvd":1,"timeQuantum":4982118,"postidString":"facebook_page.230609267719_10155317892642720"},{"sharesRcvd":1,"profileString":"facebook_page.230609267719","likesRcvd":1,"repliesRcvd":1,"timeQuantum":4982119,"postidString":"facebook_page.230609267719_10155317892642720"},{"sharesRcvd":1,"profileString":"facebook_page.230609267719","likesRcvd":1,"timeQuantum":4982127,"postidString":"facebook_page.230609267719_10155317892642720"},{"profileString":"facebook_page.230609267719","likesRcvd":1,"timeQuantum":4982128,"postidString":"facebook_page.230609267719_10155317892642720"},{"profileString":"facebook_page.230609267719","likesRcvd":1,"timeQuantum":4982136,"postidString":"facebook_page.230609267719_10155317892642720"},{"sharesRcvd":1,"profileString":"facebook_page.230609267719","timeQuantum":4982145,"postidString":"facebook_page.230609267719_10155317892642720"},{"profileString":"facebook_page.230609267719","likesRcvd":1,"repliesRcvd":1,"timeQuantum":4982154,"postidString":"facebook_page.230609267719_10155317892642720"},{"profileString":"facebook_page.230609267719","likesRcvd":1,"timeQuantum":4982154,"postidString":"facebook_page.230609267719_10154635496837339"},{"sharesRcvd":1,"profileString":"facebook_page.230609267719","timeQuantum":4982190,"postidString":"facebook_page.230609267719_10155317892642720"},{"profileString":"facebook_page.230609267719","likesRcvd":1,"timeQuantum":4982217,"postidString":"facebook_page.230609267719_10155317892642720"},{"profileString":"facebook_page.230609267719","likesRcvd":1,"timeQuantum":4982271,"postidString":"facebook_page.230609267719_10155317892642720"},{"profileString":"facebook_page.230609267719","likesRcvd":1,"timeQuantum":4982271,"postidString":"facebook_page.230609267719_10154635496837339"},{"profileString":"facebook_page.230609267719","likesRcvd":1,"timeQuantum":4982289,"postidString":"facebook_page.230609267719_10155317892642720"},{"profileString":"facebook_page.230609267719","likesRcvd":1,"timeQuantum":4982379,"postidString":"facebook_page.230609267719_10155317892642720"},{"profileString":"facebook_page.230609267719","likesRcvd":1,"postsMade":1,"timeQuantum":4982411,"postidString":"facebook_page.230609267719_10155321240552720"},{"profileString":"facebook_page.230609267719","likesRcvd":1,"timeQuantum":4982412,"postidString":"facebook_page.230609267719_10155321240552720"},{"profileString":"facebook_page.230609267719","likesRcvd":1,"repliesRcvd":1,"timeQuantum":4982415,"postidString":"facebook_page.230609267719_10155321240552720"},{"profileString":"facebook_page.230609267719","likesRcvd":1,"repliesRcvd":1,"timeQuantum":4982416,"postidString":"facebook_page.230609267719_10155321240552720"},{"profileString":"facebook_page.230609267719","likesRcvd":1,"timeQuantum":4982417,"postidString":"facebook_page.230609267719_10155321240552720"},{"profileString":"facebook_page.230609267719","likesRcvd":1,"timeQuantum":4982418,"postidString":"facebook_page.230609267719_10155321240552720"},{"profileString":"facebook_page.230609267719","likesRcvd":1,"timeQuantum":4982419,"postidString":"facebook_page.230609267719_10155321240552720"},{"profileString":"facebook_page.230609267719","likesRcvd":1,"timeQuantum":4982424,"postidString":"facebook_page.230609267719_10155321240552720"},{"profileString":"facebook_page.230609267719","likesRcvd":1,"timeQuantum":4982425,"postidString":"facebook_page.230609267719_10155321240552720"},{"profileString":"facebook_page.230609267719","likesRcvd":1,"timeQuantum":4982426,"postidString":"facebook_page.230609267719_10155321240552720"},{"profileString":"facebook_page.230609267719","likesRcvd":1,"timeQuantum":4982433,"postidString":"facebook_page.230609267719_10155321240552720"},{"profileString":"facebook_page.230609267719","likesRcvd":1,"timeQuantum":4982434,"postidString":"facebook_page.230609267719_10155321240552720"},{"profileString":"facebook_page.230609267719","likesRcvd":1,"timeQuantum":4982451,"postidString":"facebook_page.230609267719_10155321240552720"},{"profileString":"facebook_page.230609267719","likesRcvd":1,"timeQuantum":4982460,"postidString":"facebook_page.230609267719_10155317892642720"},{"profileString":"facebook_page.230609267719","likesRcvd":1,"repliesRcvd":1,"timeQuantum":4982460,"postidString":"facebook_page.230609267719_10155321240552720"},{"profileString":"facebook_page.230609267719","likesRcvd":1,"timeQuantum":4982532,"postidString":"facebook_page.230609267719_10154635496837339"},{"profileString":"facebook_page.230609267719","likesRcvd":1,"timeQuantum":4982559,"postidString":"facebook_page.230609267719_10155321240552720"},{"profileString":"facebook_page.230609267719","likesRcvd":1,"timeQuantum":4982586,"postidString":"facebook_page.230609267719_10155317892642720"},{"profileString":"facebook_page.230609267719","likesRcvd":1,"postsMade":1,"repliesRcvd":1,"timeQuantum":4982604,"postidString":"facebook_page.230609267719_10155323228492720"},{"profileString":"facebook_page.230609267719","likesRcvd":1,"repliesRcvd":1,"timeQuantum":4982605,"postidString":"facebook_page.230609267719_10155323228492720"},{"profileString":"facebook_page.230609267719","likesRcvd":1,"timeQuantum":4982606,"postidString":"facebook_page.230609267719_10155323228492720"},{"profileString":"facebook_page.230609267719","likesRcvd":1,"timeQuantum":4982607,"postidString":"facebook_page.230609267719_10155323228492720"},{"profileString":"facebook_page.230609267719","likesRcvd":1,"repliesRcvd":1,"timeQuantum":4982613,"postidString":"facebook_page.230609267719_10155323228492720"},{"profileString":"facebook_page.230609267719","repliesRcvd":1,"timeQuantum":4982614,"postidString":"facebook_page.230609267719_10155323228492720"},{"profileString":"facebook_page.230609267719","likesRcvd":1,"timeQuantum":4982622,"postidString":"facebook_page.230609267719_10155323228492720"},{"profileString":"facebook_page.230609267719","likesRcvd":1,"timeQuantum":4982622,"postidString":"facebook_page.230609267719_10155321240552720"},{"profileString":"facebook_page.230609267719","likesRcvd":1,"repliesRcvd":1,"timeQuantum":4982640,"postidString":"facebook_page.230609267719_10155323228492720"},{"profileString":"facebook_page.230609267719","likesRcvd":2,"postsMade":1,"repliesRcvd":1,"timeQuantum":4982652,"postidString":"facebook_page.230609267719_10155323971537720"},{"profileString":"facebook_page.230609267719","likesRcvd":1,"timeQuantum":4982653,"postidString":"facebook_page.230609267719_10155323971537720"},{"profileString":"facebook_page.230609267719","likesRcvd":1,"timeQuantum":4982654,"postidString":"facebook_page.230609267719_10155323971537720"},{"profileString":"facebook_page.230609267719","likesRcvd":1,"timeQuantum":4982655,"postidString":"facebook_page.230609267719_10155323971537720"},{"profileString":"facebook_page.230609267719","likesRcvd":1,"timeQuantum":4982656,"postidString":"facebook_page.230609267719_10155323971537720"},{"profileString":"facebook_page.230609267719","likesRcvd":1,"repliesRcvd":1,"timeQuantum":4982658,"postidString":"facebook_page.230609267719_10155323228492720"},{"profileString":"facebook_page.230609267719","likesRcvd":1,"repliesRcvd":1,"timeQuantum":4982658,"postidString":"facebook_page.230609267719_10155323971537720"},{"profileString":"facebook_page.230609267719","likesRcvd":1,"timeQuantum":4982659,"postidString":"facebook_page.230609267719_10155323228492720"},{"profileString":"facebook_page.230609267719","likesRcvd":1,"repliesRcvd":1,"timeQuantum":4982659,"postidString":"facebook_page.230609267719_10155323971537720"},{"profileString":"facebook_page.230609267719","likesRcvd":1,"timeQuantum":4982660,"postidString":"facebook_page.230609267719_10155323228492720"},{"profileString":"facebook_page.230609267719","likesRcvd":1,"timeQuantum":4982660,"postidString":"facebook_page.230609267719_10155323971537720"},{"profileString":"facebook_page.230609267719","likesRcvd":1,"timeQuantum":4982661,"postidString":"facebook_page.230609267719_10155323228492720"},{"profileString":"facebook_page.230609267719","likesRcvd":1,"timeQuantum":4982676,"postidString":"facebook_page.230609267719_10155323228492720"},{"profileString":"facebook_page.230609267719","likesRcvd":1,"timeQuantum":4982676,"postidString":"facebook_page.230609267719_10154635496837339"},{"profileString":"facebook_page.230609267719","likesRcvd":1,"timeQuantum":4982676,"postidString":"facebook_page.230609267719_10155308261102720"},{"profileString":"facebook_page.230609267719","likesRcvd":1,"timeQuantum":4982874,"postidString":"facebook_page.230609267719_10154635496837339"},{"profileString":"facebook_page.230609267719","likesRcvd":1,"timeQuantum":4983108,"postidString":"facebook_page.230609267719_10155321240552720"},{"profileString":"facebook_page.230609267719","likesRcvd":1,"postsMade":1,"repliesRcvd":1,"timeQuantum":4983135,"postidString":"facebook_page.230609267719_10155328979037720"},{"profileString":"facebook_page.230609267719","likesRcvd":1,"repliesRcvd":1,"timeQuantum":4983136,"postidString":"facebook_page.230609267719_10155328979037720"},{"profileString":"facebook_page.230609267719","likesRcvd":1,"timeQuantum":4983144,"postidString":"facebook_page.230609267719_10155328979037720"},{"profileString":"facebook_page.230609267719","likesRcvd":1,"repliesRcvd":1,"timeQuantum":4983153,"postidString":"facebook_page.230609267719_10155328979037720"},{"profileString":"facebook_page.230609267719","likesRcvd":1,"timeQuantum":4983154,"postidString":"facebook_page.230609267719_10155328979037720"},{"profileString":"facebook_page.230609267719","likesRcvd":1,"timeQuantum":4983155,"postidString":"facebook_page.230609267719_10155328979037720"},{"profileString":"facebook_page.230609267719","likesRcvd":1,"timeQuantum":4983207,"postidString":"facebook_page.230609267719_10155328979037720"},{"sharesRcvd":1,"profileString":"facebook_page.230609267719","timeQuantum":4983270,"postidString":"facebook_page.230609267719_10155328979037720"},{"profileString":"facebook_page.230609267719","likesRcvd":1,"repliesRcvd":1,"timeQuantum":4983279,"postidString":"facebook_page.230609267719_10155328979037720"},{"profileString":"facebook_page.230609267719","repliesRcvd":1,"timeQuantum":4983280,"postidString":"facebook_page.230609267719_10155328979037720"},{"profileString":"facebook_page.230609267719","repliesRcvd":1,"timeQuantum":4983281,"postidString":"facebook_page.230609267719_10155328979037720"},{"profileString":"facebook_page.230609267719","likesRcvd":1,"timeQuantum":4983396,"postidString":"facebook_page.230609267719_10155328979037720"},{"profileString":"facebook_page.230609267719","likesRcvd":1,"timeQuantum":4983414,"postidString":"facebook_page.230609267719_10155328979037720"},{"profileString":"facebook_page.230609267719","likesRcvd":1,"timeQuantum":4983486,"postidString":"facebook_page.230609267719_10155328979037720"},{"profileString":"facebook_page.230609267719","likesRcvd":1,"postsMade":1,"timeQuantum":4983821,"postidString":"facebook_page.230609267719_1677688768927098"},{"profileString":"facebook_page.230609267719","likesRcvd":1,"timeQuantum":4983822,"postidString":"facebook_page.230609267719_1677688768927098"},{"profileString":"facebook_page.230609267719","likesRcvd":1,"timeQuantum":4983823,"postidString":"facebook_page.230609267719_1677688768927098"},{"profileString":"facebook_page.230609267719","likesRcvd":1,"timeQuantum":4983828,"postidString":"facebook_page.230609267719_1677688768927098"},{"profileString":"facebook_page.230609267719","likesRcvd":1,"timeQuantum":4983837,"postidString":"facebook_page.230609267719_1677688768927098"},{"profileString":"facebook_page.230609267719","likesRcvd":1,"timeQuantum":4983855,"postidString":"facebook_page.230609267719_1677688768927098"},{"profileString":"facebook_page.230609267719","likesRcvd":1,"timeQuantum":4983864,"postidString":"facebook_page.230609267719_1677688768927098"},{"profileString":"facebook_page.230609267719","likesRcvd":1,"timeQuantum":4983865,"postidString":"facebook_page.230609267719_1677688768927098"},{"profileString":"facebook_page.230609267719","likesRcvd":1,"timeQuantum":4983972,"postidString":"facebook_page.230609267719_1677688768927098"},{"profileString":"facebook_page.230609267719","likesRcvd":1,"postsMade":1,"repliesRcvd":1,"timeQuantum":4984092,"postidString":"facebook_page.230609267719_10155341062857720"},{"profileString":"facebook_page.230609267719","likesRcvd":1,"timeQuantum":4984093,"postidString":"facebook_page.230609267719_10155341062857720"},{"sharesRcvd":1,"profileString":"facebook_page.230609267719","likesRcvd":1,"repliesRcvd":1,"timeQuantum":4984098,"postidString":"facebook_page.230609267719_10155341062857720"},{"sharesRcvd":1,"profileString":"facebook_page.230609267719","likesRcvd":1,"timeQuantum":4984099,"postidString":"facebook_page.230609267719_10155341062857720"},{"profileString":"facebook_page.230609267719","likesRcvd":1,"timeQuantum":4984100,"postidString":"facebook_page.230609267719_10155341062857720"},{"profileString":"facebook_page.230609267719","likesRcvd":1,"timeQuantum":4984101,"postidString":"facebook_page.230609267719_10155341062857720"},{"profileString":"facebook_page.230609267719","likesRcvd":1,"timeQuantum":4984116,"postidString":"facebook_page.230609267719_10155341062857720"},{"profileString":"facebook_page.230609267719","likesRcvd":1,"timeQuantum":4984117,"postidString":"facebook_page.230609267719_10155341062857720"},{"profileString":"facebook_page.230609267719","likesRcvd":1,"timeQuantum":4984125,"postidString":"facebook_page.230609267719_10155341062857720"},{"profileString":"facebook_page.230609267719","likesRcvd":1,"repliesRcvd":1,"timeQuantum":4984134,"postidString":"facebook_page.230609267719_10155341062857720"},{"profileString":"facebook_page.230609267719","likesRcvd":1,"repliesRcvd":1,"timeQuantum":4984135,"postidString":"facebook_page.230609267719_10155341062857720"},{"profileString":"facebook_page.230609267719","likesRcvd":1,"timeQuantum":4984136,"postidString":"facebook_page.230609267719_10155341062857720"},{"sharesRcvd":1,"profileString":"facebook_page.230609267719","likesRcvd":1,"repliesRcvd":1,"timeQuantum":4984143,"postidString":"facebook_page.230609267719_10155341062857720"},{"sharesRcvd":1,"profileString":"facebook_page.230609267719","likesRcvd":1,"repliesRcvd":1,"timeQuantum":4984144,"postidString":"facebook_page.230609267719_10155341062857720"},{"sharesRcvd":1,"profileString":"facebook_page.230609267719","likesRcvd":1,"timeQuantum":4984145,"postidString":"facebook_page.230609267719_10155341062857720"},{"profileString":"facebook_page.230609267719","likesRcvd":1,"timeQuantum":4984152,"postidString":"facebook_page.230609267719_10155341062857720"},{"profileString":"facebook_page.230609267719","likesRcvd":1,"timeQuantum":4984153,"postidString":"facebook_page.230609267719_10155341062857720"},{"profileString":"facebook_page.230609267719","likesRcvd":1,"timeQuantum":4984154,"postidString":"facebook_page.230609267719_10155341062857720"},{"profileString":"facebook_page.230609267719","likesRcvd":1,"timeQuantum":4984170,"postidString":"facebook_page.230609267719_10155341062857720"},{"profileString":"facebook_page.230609267719","likesRcvd":1,"timeQuantum":4984179,"postidString":"facebook_page.230609267719_10155341062857720"},{"profileString":"facebook_page.230609267719","likesRcvd":1,"timeQuantum":4984224,"postidString":"facebook_page.230609267719_10155341062857720"},{"profileString":"facebook_page.230609267719","postsMade":1,"timeQuantum":4984321,"postidString":"facebook_page.230609267719_10155343742082720"},{"sharesRcvd":1,"profileString":"facebook_page.230609267719","likesRcvd":1,"repliesRcvd":1,"timeQuantum":4984323,"postidString":"facebook_page.230609267719_10155343742082720"},{"profileString":"facebook_page.230609267719","likesRcvd":1,"repliesRcvd":1,"timeQuantum":4984324,"postidString":"facebook_page.230609267719_10155343742082720"},{"profileString":"facebook_page.230609267719","likesRcvd":1,"timeQuantum":4984325,"postidString":"facebook_page.230609267719_10155343742082720"},{"profileString":"facebook_page.230609267719","likesRcvd":1,"timeQuantum":4984326,"postidString":"facebook_page.230609267719_10155343742082720"},{"profileString":"facebook_page.230609267719","likesRcvd":1,"repliesRcvd":1,"timeQuantum":4984332,"postidString":"facebook_page.230609267719_10155343742082720"},{"profileString":"facebook_page.230609267719","likesRcvd":1,"timeQuantum":4984333,"postidString":"facebook_page.230609267719_10155343742082720"},{"profileString":"facebook_page.230609267719","likesRcvd":1,"timeQuantum":4984334,"postidString":"facebook_page.230609267719_10155343742082720"},{"profileString":"facebook_page.230609267719","likesRcvd":1,"timeQuantum":4984341,"postidString":"facebook_page.230609267719_10155341062857720"},{"profileString":"facebook_page.230609267719","likesRcvd":1,"repliesRcvd":1,"timeQuantum":4984341,"postidString":"facebook_page.230609267719_10155343742082720"},{"profileString":"facebook_page.230609267719","likesRcvd":1,"repliesRcvd":1,"timeQuantum":4984342,"postidString":"facebook_page.230609267719_10155343742082720"},{"profileString":"facebook_page.230609267719","likesRcvd":1,"repliesRcvd":1,"timeQuantum":4984343,"postidString":"facebook_page.230609267719_10155343742082720"},{"profileString":"facebook_page.230609267719","likesRcvd":1,"timeQuantum":4984344,"postidString":"facebook_page.230609267719_10155343742082720"},{"profileString":"facebook_page.230609267719","likesRcvd":1,"timeQuantum":4984345,"postidString":"facebook_page.230609267719_10155343742082720"},{"profileString":"facebook_page.230609267719","likesRcvd":1,"timeQuantum":4984346,"postidString":"facebook_page.230609267719_10155343742082720"},{"profileString":"facebook_page.230609267719","likesRcvd":1,"timeQuantum":4984347,"postidString":"facebook_page.230609267719_10155343742082720"},{"profileString":"facebook_page.230609267719","likesRcvd":1,"timeQuantum":4984348,"postidString":"facebook_page.230609267719_10155343742082720"},{"profileString":"facebook_page.230609267719","likesRcvd":1,"timeQuantum":4984349,"postidString":"facebook_page.230609267719_10155343742082720"},{"profileString":"facebook_page.230609267719","likesRcvd":1,"timeQuantum":4984350,"postidString":"facebook_page.230609267719_10155343742082720"},{"profileString":"facebook_page.230609267719","likesRcvd":1,"timeQuantum":4984368,"postidString":"facebook_page.230609267719_10155343742082720"},{"profileString":"facebook_page.230609267719","likesRcvd":1,"timeQuantum":4984377,"postidString":"facebook_page.230609267719_10155341062857720"},{"profileString":"facebook_page.230609267719","likesRcvd":1,"timeQuantum":4984386,"postidString":"facebook_page.230609267719_10155341062857720"},{"profileString":"facebook_page.230609267719","likesRcvd":1,"repliesRcvd":1,"timeQuantum":4984395,"postidString":"facebook_page.230609267719_10155343742082720"},{"profileString":"facebook_page.230609267719","likesRcvd":1,"repliesRcvd":1,"timeQuantum":4984396,"postidString":"facebook_page.230609267719_10155343742082720"},{"profileString":"facebook_page.230609267719","likesRcvd":1,"timeQuantum":4984397,"postidString":"facebook_page.230609267719_10155343742082720"},{"profileString":"facebook_page.230609267719","likesRcvd":1,"timeQuantum":4984413,"postidString":"facebook_page.230609267719_10155343742082720"}]