[{"content":"See you Next Monday! Come out for an inspirational evening.  Stories, drinks and nibbles. Head to the website in picture for tickets and info.","profileString":"facebook_page.143520195713414","postURL":"https://facebook.com/143520195713414/posts/1473947429337344","avatar":"https://graph.facebook.com/143520195713414/picture","classification":{"engine":"aylien","language":"en","taxonomy":[{"score":"0.1220","confident":false,"links":[{"link":"https://api.aylien.com/api/v1/classify/taxonomy/iab-qag/IAB8-5","rel":"self"},{"link":"https://api.aylien.com/api/v1/classify/taxonomy/iab-qag/IAB8","rel":"parent"}],"id":"IAB8-5","label":"Cocktails/Beer"},{"score":"0.0829","confident":true,"links":[{"link":"https://api.aylien.com/api/v1/classify/taxonomy/iab-qag/IAB8","rel":"self"}],"id":"IAB8","label":"Food & Drink"},{"score":"0.0709","confident":false,"links":[{"link":"https://api.aylien.com/api/v1/classify/taxonomy/iab-qag/IAB9","rel":"self"}],"id":"IAB9","label":"Hobbies & Interests"},{"score":"0.0607","confident":false,"links":[{"link":"https://api.aylien.com/api/v1/classify/taxonomy/iab-qag/IAB9-23","rel":"self"},{"link":"https://api.aylien.com/api/v1/classify/taxonomy/iab-qag/IAB9","rel":"parent"}],"id":"IAB9-23","label":"Photography"}]},"postidString":"facebook_page.143520195713414_1473947429337344","postMeta":{"inserted":"content-engine"},"timestamp":1496156882,"sharesRcvd":2,"likesRcvd":61,"source":"facebook_page","lastUpdateQuantum":4995719,"name":"Raphael Miranda","imageLarge":"https://scontent.xx.fbcdn.net/v/t1.0-9/s720x720/18740283_1473947429337344_2876880455183304531_n.jpg?oh=cbfb90d7b4e619cf6d183ae8173269b3&oe=59B660D3","objectID":"1473947429337344","repliesRcvd":0,"image":"https://scontent.xx.fbcdn.net/v/t1.0-0/s130x130/18740283_1473947429337344_2876880455183304531_n.jpg?oh=85e316c9ab5cc33bdf0f1a1335ba4036&oe=599FF7C6","username":"raphael.miranda","link":"https://www.facebook.com/raphael.miranda/photos/a.243899995675433.58156.143520195713414/1473947429337344/?type=3","timeQuantum":4987189,"title":"Timeline Photos","type":"photo"},{"content":"It's been a while since I've been in daddy mode...great to reunite with my agave light brown ginger snap @gingetere321","profileString":"facebook_page.143520195713414","postURL":"https://facebook.com/143520195713414/posts/1475039645894789","avatar":"https://graph.facebook.com/143520195713414/picture","classification":{"engine":"aylien","language":"en","taxonomy":[{"score":"0.0802","confident":true,"links":[{"link":"https://api.aylien.com/api/v1/classify/taxonomy/iab-qag/IAB9","rel":"self"}],"id":"IAB9","label":"Hobbies & Interests"},{"score":"0.0619","confident":false,"links":[{"link":"https://api.aylien.com/api/v1/classify/taxonomy/iab-qag/IAB9-23","rel":"self"},{"link":"https://api.aylien.com/api/v1/classify/taxonomy/iab-qag/IAB9","rel":"parent"}],"id":"IAB9-23","label":"Photography"}]},"postidString":"facebook_page.143520195713414_1475039645894789","postMeta":{"inserted":"content-engine"},"timestamp":1496272823,"sharesRcvd":0,"likesRcvd":258,"source":"facebook_page","lastUpdateQuantum":4995719,"name":"Raphael Miranda","imageLarge":"https://scontent.xx.fbcdn.net/v/t1.0-9/s720x720/18740499_1475039645894789_4125950904623780601_n.jpg?oh=504fad187a3995a302669938338d9fa3&oe=59E0589F","objectID":"1475039645894789","repliesRcvd":24,"image":"https://scontent.xx.fbcdn.net/v/t1.0-0/s130x130/18740499_1475039645894789_4125950904623780601_n.jpg?oh=a07358844360e74dde637d48b6bf08ee&oe=599C308A","username":"raphael.miranda","link":"https://www.facebook.com/raphael.miranda/photos/a.243899995675433.58156.143520195713414/1475039645894789/?type=3","timeQuantum":4987576,"title":"Timeline Photos","type":"photo"},{"content":"Happy Birthday! 🎉","profileString":"facebook_page.143520195713414","postURL":"https://facebook.com/143520195713414/posts/1475492129182874","avatar":"https://graph.facebook.com/143520195713414/picture","classification":{"engine":"aylien","language":"en","taxonomy":[{"score":"0.3747","confident":false,"links":[{"link":"https://api.aylien.com/api/v1/classify/taxonomy/iab-qag/IAB18-6","rel":"self"},{"link":"https://api.aylien.com/api/v1/classify/taxonomy/iab-qag/IAB18","rel":"parent"}],"id":"IAB18-6","label":"Accessories"},{"score":"0.2704","confident":false,"links":[{"link":"https://api.aylien.com/api/v1/classify/taxonomy/iab-qag/IAB14-7","rel":"self"},{"link":"https://api.aylien.com/api/v1/classify/taxonomy/iab-qag/IAB14","rel":"parent"}],"id":"IAB14-7","label":"Weddings"},{"score":"0.0947","confident":false,"links":[{"link":"https://api.aylien.com/api/v1/classify/taxonomy/iab-qag/IAB8-5","rel":"self"},{"link":"https://api.aylien.com/api/v1/classify/taxonomy/iab-qag/IAB8","rel":"parent"}],"id":"IAB8-5","label":"Cocktails/Beer"},{"score":"0.0648","confident":false,"links":[{"link":"https://api.aylien.com/api/v1/classify/taxonomy/iab-qag/IAB8","rel":"self"}],"id":"IAB8","label":"Food & Drink"},{"score":"0.0630","confident":false,"links":[{"link":"https://api.aylien.com/api/v1/classify/taxonomy/iab-qag/IAB14","rel":"self"}],"id":"IAB14","label":"Society"},{"score":"0.0603","confident":false,"links":[{"link":"https://api.aylien.com/api/v1/classify/taxonomy/iab-qag/IAB9","rel":"self"}],"id":"IAB9","label":"Hobbies & Interests"},{"score":"0.0547","confident":false,"links":[{"link":"https://api.aylien.com/api/v1/classify/taxonomy/iab-qag/IAB18","rel":"self"}],"id":"IAB18","label":"Style & Fashion"},{"score":"0.0486","confident":false,"links":[{"link":"https://api.aylien.com/api/v1/classify/taxonomy/iab-qag/IAB9-4","rel":"self"},{"link":"https://api.aylien.com/api/v1/classify/taxonomy/iab-qag/IAB9","rel":"parent"}],"id":"IAB9-4","label":"Birdwatching"}]},"postidString":"facebook_page.143520195713414_1475492129182874","postMeta":{"inserted":"content-engine"},"timestamp":1496315922,"sharesRcvd":1,"likesRcvd":202,"source":"facebook_page","lastUpdateQuantum":4995719,"name":"Raphael Miranda","imageLarge":"https://scontent.xx.fbcdn.net/v/t15.0-10/18840990_1475492429182844_8933296220630155264_n.jpg?oh=d9650db63807de1c8dbf44c1f2018256&oe=59EA56FA","objectID":"1475492129182874","repliesRcvd":42,"image":"https://scontent.xx.fbcdn.net/v/t15.0-10/p130x130/18840990_1475492429182844_8933296220630155264_n.jpg?oh=367e399886b4ae9f5fad131781772c11&oe=599DF851","username":"raphael.miranda","link":"https://www.facebook.com/raphael.miranda/videos/1475492129182874/","timeQuantum":4987719,"video":"https://video.xx.fbcdn.net/v/t42.1790-2/18887234_1420679264691753_2558462188016631808_n.mp4?efg=eyJybHIiOjkwNywicmxhIjo1MTIsInZlbmNvZGVfdGFnIjoic3ZlX3NkIn0%3D&rl=907&vabr=504&oh=9916f615804574fdd3156554d2b39228&oe=593257C2","type":"video"},{"content":"Eddie blessing the box before I take it out to recycling.","profileString":"facebook_page.143520195713414","postURL":"https://facebook.com/143520195713414/posts/1475938049138282","avatar":"https://graph.facebook.com/143520195713414/picture","classification":{"engine":"aylien","language":"en","taxonomy":[{"score":"0.1909","confident":false,"links":[{"link":"https://api.aylien.com/api/v1/classify/taxonomy/iab-qag/IAB10-8","rel":"self"},{"link":"https://api.aylien.com/api/v1/classify/taxonomy/iab-qag/IAB10","rel":"parent"}],"id":"IAB10-8","label":"Landscaping"},{"score":"0.0716","confident":false,"links":[{"link":"https://api.aylien.com/api/v1/classify/taxonomy/iab-qag/IAB10","rel":"self"}],"id":"IAB10","label":"Home & Garden"},{"score":"0.0619","confident":false,"links":[{"link":"https://api.aylien.com/api/v1/classify/taxonomy/iab-qag/IAB9","rel":"self"}],"id":"IAB9","label":"Hobbies & Interests"},{"score":"0.0518","confident":false,"links":[{"link":"https://api.aylien.com/api/v1/classify/taxonomy/iab-qag/IAB9-28","rel":"self"},{"link":"https://api.aylien.com/api/v1/classify/taxonomy/iab-qag/IAB9","rel":"parent"}],"id":"IAB9-28","label":"Screenwriting"}]},"postidString":"facebook_page.143520195713414_1475938049138282","postMeta":{"inserted":"content-engine"},"timestamp":1496353138,"sharesRcvd":1,"likesRcvd":174,"source":"facebook_page","lastUpdateQuantum":4995719,"name":"Raphael Miranda","imageLarge":"https://scontent.xx.fbcdn.net/v/t15.0-10/s720x720/18921405_1475938299138257_5840651061471215616_n.jpg?oh=d8106ea32b19fb2a7d27da7d456eb786&oe=59B47CE9","objectID":"1475938049138282","repliesRcvd":24,"image":"https://scontent.xx.fbcdn.net/v/t15.0-10/s130x130/18921405_1475938299138257_5840651061471215616_n.jpg?oh=ecc4298daf65dfc9d3ef84e7e6b864ee&oe=59AC1CCB","username":"raphael.miranda","link":"https://www.facebook.com/raphael.miranda/videos/1475938049138282/","timeQuantum":4987843,"video":"https://video.xx.fbcdn.net/v/t42.1790-2/18873532_115386215715464_2608253546310664192_n.mp4?efg=eyJybHIiOjQ3NSwicmxhIjo1MTIsInZlbmNvZGVfdGFnIjoic3ZlX3NkIn0%3D&rl=475&vabr=264&oh=4c370abbb662b23b6d75403c2cce9695&oe=59332566","type":"video"},{"content":"Nuff said","profileString":"facebook_page.143520195713414","postURL":"https://facebook.com/143520195713414/posts/1476529509079136","avatar":"https://graph.facebook.com/143520195713414/picture","classification":{"engine":"aylien","language":"en","taxonomy":[{"score":"0.0926","confident":true,"links":[{"link":"https://api.aylien.com/api/v1/classify/taxonomy/iab-qag/IAB9","rel":"self"}],"id":"IAB9","label":"Hobbies & Interests"},{"score":"0.0580","confident":false,"links":[{"link":"https://api.aylien.com/api/v1/classify/taxonomy/iab-qag/IAB9-23","rel":"self"},{"link":"https://api.aylien.com/api/v1/classify/taxonomy/iab-qag/IAB9","rel":"parent"}],"id":"IAB9-23","label":"Photography"}]},"postidString":"facebook_page.143520195713414_1476529509079136","postMeta":{"inserted":"content-engine"},"timestamp":1496409461,"sharesRcvd":2,"likesRcvd":880,"source":"facebook_page","lastUpdateQuantum":4995719,"name":"Raphael Miranda","imageLarge":"https://scontent.xx.fbcdn.net/v/t1.0-9/s720x720/18839112_1476529509079136_5582480881865647970_n.jpg?oh=5bd92cb328658b9d0efe2145608532fb&oe=59EA1BE8","objectID":"1476529509079136","repliesRcvd":81,"image":"https://scontent.xx.fbcdn.net/v/t1.0-0/s130x130/18839112_1476529509079136_5582480881865647970_n.jpg?oh=11f9a21865f2a4d71c873ba9385d20eb&oe=599EE2FD","username":"raphael.miranda","link":"https://www.facebook.com/raphael.miranda/photos/a.243899995675433.58156.143520195713414/1476529509079136/?type=3","timeQuantum":4988031,"title":"Timeline Photos","type":"photo"},{"content":"Tonight's the night! Hope to see you there.","profileString":"facebook_page.143520195713414","postURL":"https://facebook.com/143520195713414/posts/1479442768787810","avatar":"https://graph.facebook.com/143520195713414/picture","classification":{"engine":"aylien","language":"en","taxonomy":[{"score":"0.2551","confident":false,"links":[{"link":"https://api.aylien.com/api/v1/classify/taxonomy/iab-qag/IAB1-2","rel":"self"},{"link":"https://api.aylien.com/api/v1/classify/taxonomy/iab-qag/IAB1","rel":"parent"}],"id":"IAB1-2","label":"Celebrity Fan/Gossip"},{"score":"0.0759","confident":false,"links":[{"link":"https://api.aylien.com/api/v1/classify/taxonomy/iab-qag/IAB9","rel":"self"}],"id":"IAB9","label":"Hobbies & Interests"},{"score":"0.0753","confident":false,"links":[{"link":"https://api.aylien.com/api/v1/classify/taxonomy/iab-qag/IAB1","rel":"self"}],"id":"IAB1","label":"Arts & Entertainment"},{"score":"0.0632","confident":false,"links":[{"link":"https://api.aylien.com/api/v1/classify/taxonomy/iab-qag/IAB9-23","rel":"self"},{"link":"https://api.aylien.com/api/v1/classify/taxonomy/iab-qag/IAB9","rel":"parent"}],"id":"IAB9-23","label":"Photography"}]},"postidString":"facebook_page.143520195713414_1479442768787810","postMeta":{"inserted":"content-engine"},"timestamp":1496674931,"sharesRcvd":0,"likesRcvd":75,"source":"facebook_page","lastUpdateQuantum":4995719,"name":"Raphael Miranda","imageLarge":"https://scontent.xx.fbcdn.net/v/t1.0-9/p720x720/18813435_1479442768787810_1100980614077963744_n.jpg?oh=ca60919fe69da6043874f18361a0b130&oe=59AE4F19","objectID":"1479442768787810","repliesRcvd":5,"image":"https://scontent.xx.fbcdn.net/v/t1.0-0/p130x130/18813435_1479442768787810_1100980614077963744_n.jpg?oh=cb81abaddca07acd2d95011e20993adf&oe=59E9F20C","username":"raphael.miranda","link":"https://www.facebook.com/raphael.miranda/photos/a.243899995675433.58156.143520195713414/1479442768787810/?type=3","timeQuantum":4988916,"title":"Timeline Photos","type":"photo"},{"content":"I remember how to tie a tie! 👔","profileString":"facebook_page.143520195713414","postURL":"https://facebook.com/143520195713414/posts/1479714322093988","avatar":"https://graph.facebook.com/143520195713414/picture","classification":{"engine":"aylien","language":"en","taxonomy":[{"score":"0.0791","confident":true,"links":[{"link":"https://api.aylien.com/api/v1/classify/taxonomy/iab-qag/IAB9","rel":"self"}],"id":"IAB9","label":"Hobbies & Interests"},{"score":"0.0550","confident":false,"links":[{"link":"https://api.aylien.com/api/v1/classify/taxonomy/iab-qag/IAB9-23","rel":"self"},{"link":"https://api.aylien.com/api/v1/classify/taxonomy/iab-qag/IAB9","rel":"parent"}],"id":"IAB9-23","label":"Photography"}]},"postidString":"facebook_page.143520195713414_1479714322093988","postMeta":{"inserted":"content-engine"},"timestamp":1496696175,"sharesRcvd":1,"likesRcvd":684,"source":"facebook_page","lastUpdateQuantum":4995719,"name":"Raphael Miranda","imageLarge":"https://scontent.xx.fbcdn.net/v/t1.0-9/p720x720/18881983_1479714322093988_3950211896011518963_n.jpg?oh=65cbaef0d45cd95b98a26aa7812afa1e&oe=59A73703","objectID":"1479714322093988","repliesRcvd":130,"image":"https://scontent.xx.fbcdn.net/v/t1.0-0/p130x130/18881983_1479714322093988_3950211896011518963_n.jpg?oh=d0e1cf6e28874ce27ec4bb68c9eb3f74&oe=599E1F16","username":"raphael.miranda","link":"https://www.facebook.com/raphael.miranda/photos/a.243899995675433.58156.143520195713414/1479714322093988/?type=3","timeQuantum":4988987,"title":"Timeline Photos","type":"photo"},{"content":"Mac turned one month! He knows exactly how to melt his momma's and daddies' ♥️♥️♥️","profileString":"facebook_page.143520195713414","postURL":"https://facebook.com/143520195713414/posts/1481660605232693","avatar":"https://graph.facebook.com/143520195713414/picture","classification":{"engine":"aylien","language":"en","taxonomy":[{"score":"0.0763","confident":false,"links":[{"link":"https://api.aylien.com/api/v1/classify/taxonomy/iab-qag/IAB9","rel":"self"}],"id":"IAB9","label":"Hobbies & Interests"},{"score":"0.0573","confident":false,"links":[{"link":"https://api.aylien.com/api/v1/classify/taxonomy/iab-qag/IAB9-23","rel":"self"},{"link":"https://api.aylien.com/api/v1/classify/taxonomy/iab-qag/IAB9","rel":"parent"}],"id":"IAB9-23","label":"Photography"}]},"postidString":"facebook_page.143520195713414_1481660605232693","postMeta":{"inserted":"content-engine"},"timestamp":1496862643,"sharesRcvd":1,"likesRcvd":923,"source":"facebook_page","lastUpdateQuantum":4995719,"name":"Raphael Miranda","imageLarge":"https://scontent.xx.fbcdn.net/v/t1.0-9/p720x720/19029291_1481660605232693_3690146643238003618_n.jpg?oh=8b76f2b26e87cc71dd3eb5b2bc77c16a&oe=59D99FD5","objectID":"1481660605232693","repliesRcvd":156,"image":"https://scontent.xx.fbcdn.net/v/t1.0-0/p130x130/19029291_1481660605232693_3690146643238003618_n.jpg?oh=e72463eb94ebe7784adca925106281c9&oe=59A288C0","username":"raphael.miranda","link":"https://www.facebook.com/raphael.miranda/photos/a.243899995675433.58156.143520195713414/1481660605232693/?type=3","timeQuantum":4989542,"title":"Timeline Photos","type":"photo"},{"content":"Celebrating 50 years of love tonight. Happy anniversary Produce Pete and Bette!!!@jr.peternapolitano","profileString":"facebook_page.143520195713414","postURL":"https://facebook.com/143520195713414/posts/1484902204908533","avatar":"https://graph.facebook.com/143520195713414/picture","classification":{"engine":"aylien","language":"en","taxonomy":[{"score":"0.2077","confident":false,"links":[{"link":"https://api.aylien.com/api/v1/classify/taxonomy/iab-qag/IAB1-2","rel":"self"},{"link":"https://api.aylien.com/api/v1/classify/taxonomy/iab-qag/IAB1","rel":"parent"}],"id":"IAB1-2","label":"Celebrity Fan/Gossip"},{"score":"0.0792","confident":true,"links":[{"link":"https://api.aylien.com/api/v1/classify/taxonomy/iab-qag/IAB9","rel":"self"}],"id":"IAB9","label":"Hobbies & Interests"},{"score":"0.0664","confident":false,"links":[{"link":"https://api.aylien.com/api/v1/classify/taxonomy/iab-qag/IAB1","rel":"self"}],"id":"IAB1","label":"Arts & Entertainment"},{"score":"0.0547","confident":false,"links":[{"link":"https://api.aylien.com/api/v1/classify/taxonomy/iab-qag/IAB9-23","rel":"self"},{"link":"https://api.aylien.com/api/v1/classify/taxonomy/iab-qag/IAB9","rel":"parent"}],"id":"IAB9-23","label":"Photography"}]},"postidString":"facebook_page.143520195713414_1484902204908533","postMeta":{"inserted":"content-engine"},"timestamp":1497153564,"sharesRcvd":1,"likesRcvd":469,"source":"facebook_page","lastUpdateQuantum":4995719,"name":"Raphael Miranda","imageLarge":"https://scontent.xx.fbcdn.net/v/t1.0-9/s720x720/18952604_1484902204908533_2307125644720044044_n.jpg?oh=728ac369aa614461c2189f45a35d6332&oe=59A232E3","objectID":"1484902204908533","repliesRcvd":38,"image":"https://scontent.xx.fbcdn.net/v/t1.0-0/s130x130/18952604_1484902204908533_2307125644720044044_n.jpg?oh=b73b070bd66edb3e8840e9ebbd34e0aa&oe=59A6F1F6","username":"raphael.miranda","link":"https://www.facebook.com/raphael.miranda/photos/a.243899995675433.58156.143520195713414/1484902204908533/?type=3","timeQuantum":4990511,"title":"Timeline Photos","type":"photo"},{"content":"Broccoli rabe and lemon tilapia. Clearly I was a little rough with the fish.  I can't wait till Mac can eat this with us. Although he'll probably hate it and ask for McNuggets.","profileString":"facebook_page.143520195713414","postURL":"https://facebook.com/143520195713414/posts/1486491344749619","avatar":"https://graph.facebook.com/143520195713414/picture","classification":{"engine":"aylien","language":"en","taxonomy":[{"score":"0.3709","confident":true,"links":[{"link":"https://api.aylien.com/api/v1/classify/taxonomy/iab-qag/IAB16-1","rel":"self"},{"link":"https://api.aylien.com/api/v1/classify/taxonomy/iab-qag/IAB16","rel":"parent"}],"id":"IAB16-1","label":"Aquariums"},{"score":"0.1268","confident":true,"links":[{"link":"https://api.aylien.com/api/v1/classify/taxonomy/iab-qag/IAB8-8","rel":"self"},{"link":"https://api.aylien.com/api/v1/classify/taxonomy/iab-qag/IAB8","rel":"parent"}],"id":"IAB8-8","label":"Desserts & Baking"},{"score":"0.1011","confident":true,"links":[{"link":"https://api.aylien.com/api/v1/classify/taxonomy/iab-qag/IAB16","rel":"self"}],"id":"IAB16","label":"Pets"},{"score":"0.0896","confident":true,"links":[{"link":"https://api.aylien.com/api/v1/classify/taxonomy/iab-qag/IAB8","rel":"self"}],"id":"IAB8","label":"Food & Drink"}]},"postidString":"facebook_page.143520195713414_1486491344749619","postMeta":{"inserted":"content-engine"},"timestamp":1497311319,"sharesRcvd":1,"likesRcvd":374,"source":"facebook_page","lastUpdateQuantum":4995719,"name":"Raphael Miranda","imageLarge":"https://scontent.xx.fbcdn.net/v/t1.0-9/s720x720/19113610_1486491344749619_3357288716115973834_n.jpg?oh=53e05b5bb34bbf3aeb3974c3b1d43b47&oe=599F8A31","objectID":"1486491344749619","repliesRcvd":68,"image":"https://scontent.xx.fbcdn.net/v/t1.0-0/s130x130/19113610_1486491344749619_3357288716115973834_n.jpg?oh=0926fc0b53eb4bc8df9048540dbbc82c&oe=59A5F224","username":"raphael.miranda","link":"https://www.facebook.com/raphael.miranda/photos/a.243899995675433.58156.143520195713414/1486491344749619/?type=3","timeQuantum":4991037,"title":"Timeline Photos","type":"photo"},{"content":"Mugsy has HAD IT with this heat. Anyone else feeling the same way? #mugsymiranda","profileString":"facebook_page.143520195713414","postURL":"https://facebook.com/143520195713414/posts/1487075251357895","avatar":"https://graph.facebook.com/143520195713414/picture","classification":{"engine":"aylien","language":"en","taxonomy":[{"score":"0.0841","confident":true,"links":[{"link":"https://api.aylien.com/api/v1/classify/taxonomy/iab-qag/IAB9","rel":"self"}],"id":"IAB9","label":"Hobbies & Interests"},{"score":"0.0608","confident":false,"links":[{"link":"https://api.aylien.com/api/v1/classify/taxonomy/iab-qag/IAB9-23","rel":"self"},{"link":"https://api.aylien.com/api/v1/classify/taxonomy/iab-qag/IAB9","rel":"parent"}],"id":"IAB9-23","label":"Photography"}]},"postidString":"facebook_page.143520195713414_1487075251357895","postMeta":{"inserted":"content-engine"},"timestamp":1497365026,"sharesRcvd":0,"likesRcvd":195,"source":"facebook_page","lastUpdateQuantum":4995719,"name":"Raphael Miranda","imageLarge":"https://scontent.xx.fbcdn.net/v/t1.0-9/p720x720/19060003_1487075251357895_717452912910304061_n.jpg?oh=e040591a40442937422ed5d67425d909&oe=59D7FF92","objectID":"1487075251357895","repliesRcvd":42,"image":"https://scontent.xx.fbcdn.net/v/t1.0-0/p130x130/19060003_1487075251357895_717452912910304061_n.jpg?oh=3265db65ebfbc447eb3a4c6acba2f285&oe=599B7E6D","username":"raphael.miranda","link":"https://www.facebook.com/raphael.miranda/photos/a.243899995675433.58156.143520195713414/1487075251357895/?type=3","timeQuantum":4991216,"title":"Timeline Photos","type":"photo"},{"content":"Happy Father's Day to my cool dad!","profileString":"facebook_page.143520195713414","postURL":"https://facebook.com/143520195713414/posts/1491924587539628","avatar":"https://graph.facebook.com/143520195713414/picture","classification":{"engine":"aylien","language":"en","taxonomy":[{"score":"0.2753","confident":false,"links":[{"link":"https://api.aylien.com/api/v1/classify/taxonomy/iab-qag/IAB1-2","rel":"self"},{"link":"https://api.aylien.com/api/v1/classify/taxonomy/iab-qag/IAB1","rel":"parent"}],"id":"IAB1-2","label":"Celebrity Fan/Gossip"},{"score":"0.0691","confident":false,"links":[{"link":"https://api.aylien.com/api/v1/classify/taxonomy/iab-qag/IAB9","rel":"self"}],"id":"IAB9","label":"Hobbies & Interests"},{"score":"0.0602","confident":false,"links":[{"link":"https://api.aylien.com/api/v1/classify/taxonomy/iab-qag/IAB1","rel":"self"}],"id":"IAB1","label":"Arts & Entertainment"},{"score":"0.0569","confident":false,"links":[{"link":"https://api.aylien.com/api/v1/classify/taxonomy/iab-qag/IAB9-23","rel":"self"},{"link":"https://api.aylien.com/api/v1/classify/taxonomy/iab-qag/IAB9","rel":"parent"}],"id":"IAB9-23","label":"Photography"}]},"postidString":"facebook_page.143520195713414_1491924587539628","postMeta":{"inserted":"content-engine"},"timestamp":1497786573,"sharesRcvd":0,"likesRcvd":350,"source":"facebook_page","lastUpdateQuantum":4995755,"name":"Raphael Miranda","imageLarge":"https://scontent.xx.fbcdn.net/v/t1.0-9/s720x720/19396937_1491924587539628_2856758992701583121_n.jpg?oh=4d6f557c9494ea70ae58d4860116f053&oe=59A0D914","objectID":"1491924587539628","repliesRcvd":40,"image":"https://scontent.xx.fbcdn.net/v/t1.0-0/s130x130/19396937_1491924587539628_2856758992701583121_n.jpg?oh=08c1d31414f7d76640e57ca0e42ef532&oe=599C8F01","username":"raphael.miranda","link":"https://www.facebook.com/raphael.miranda/photos/a.243899995675433.58156.143520195713414/1491924587539628/?type=3","timeQuantum":4992621,"title":"Timeline Photos","type":"photo"},{"content":"Rainbow 🌈 to end the stormy day","profileString":"facebook_page.143520195713414","postURL":"https://facebook.com/143520195713414/posts/1493489570716463","avatar":"https://graph.facebook.com/143520195713414/picture","classification":{"engine":"aylien","language":"en","taxonomy":[{"score":"0.0748","confident":false,"links":[{"link":"https://api.aylien.com/api/v1/classify/taxonomy/iab-qag/IAB9","rel":"self"}],"id":"IAB9","label":"Hobbies & Interests"},{"score":"0.0568","confident":false,"links":[{"link":"https://api.aylien.com/api/v1/classify/taxonomy/iab-qag/IAB9-23","rel":"self"},{"link":"https://api.aylien.com/api/v1/classify/taxonomy/iab-qag/IAB9","rel":"parent"}],"id":"IAB9-23","label":"Photography"}]},"postidString":"facebook_page.143520195713414_1493489570716463","postMeta":{"inserted":"content-engine"},"timestamp":1497918886,"sharesRcvd":3,"likesRcvd":371,"source":"facebook_page","lastUpdateQuantum":4995755,"name":"Raphael Miranda","imageLarge":"https://scontent.xx.fbcdn.net/v/t1.0-9/q81/s720x720/19399695_1493489570716463_8609430103111685244_n.jpg?oh=72924c475db8eac3bbef3f346e888b19&oe=59E90E70","objectID":"1493489570716463","repliesRcvd":37,"image":"https://scontent.xx.fbcdn.net/v/t1.0-0/s130x130/19399695_1493489570716463_8609430103111685244_n.jpg?oh=7497d9221369eaa46d59efc307fc3639&oe=59C700FE","username":"raphael.miranda","link":"https://www.facebook.com/raphael.miranda/photos/a.243899995675433.58156.143520195713414/1493489570716463/?type=3","timeQuantum":4993062,"title":"Timeline Photos","type":"photo"},{"content":"Wtc","profileString":"facebook_page.143520195713414","postURL":"https://facebook.com/143520195713414/posts/1493968924001861","avatar":"https://graph.facebook.com/143520195713414/picture","classification":{"engine":"aylien","language":"en","taxonomy":[{"score":"0.0855","confident":true,"links":[{"link":"https://api.aylien.com/api/v1/classify/taxonomy/iab-qag/IAB9","rel":"self"}],"id":"IAB9","label":"Hobbies & Interests"},{"score":"0.0582","confident":false,"links":[{"link":"https://api.aylien.com/api/v1/classify/taxonomy/iab-qag/IAB9-23","rel":"self"},{"link":"https://api.aylien.com/api/v1/classify/taxonomy/iab-qag/IAB9","rel":"parent"}],"id":"IAB9-23","label":"Photography"}]},"postidString":"facebook_page.143520195713414_1493968924001861","postMeta":{"inserted":"content-engine"},"timestamp":1497958770,"sharesRcvd":0,"likesRcvd":52,"source":"facebook_page","lastUpdateQuantum":4995755,"name":"Raphael Miranda","imageLarge":"https://scontent.xx.fbcdn.net/v/t1.0-9/19225774_1493968924001861_20940376333102085_n.jpg?oh=1591e8152e92784118be08db2c5c3485&oe=59E7B2BA","objectID":"1493968924001861","repliesRcvd":7,"image":"https://scontent.xx.fbcdn.net/v/t1.0-0/p130x130/19225774_1493968924001861_20940376333102085_n.jpg?oh=04ce17350bfbd20f076f06b8e4e8287d&oe=59E694BC","username":"raphael.miranda","link":"https://www.facebook.com/raphael.miranda/photos/a.243899995675433.58156.143520195713414/1493968924001861/?type=3","timeQuantum":4993195,"title":"Timeline Photos","type":"photo"},{"content":"The family that #tats together...#taurus #coparenting #3to1 #nugget #lifeontheoutside","profileString":"facebook_page.143520195713414","postURL":"https://facebook.com/143520195713414/posts/1498101003588653","avatar":"https://graph.facebook.com/143520195713414/picture","classification":{"engine":"aylien","language":"en","taxonomy":[{"score":"0.1813","links":[{"rel":"self","link":"https://api.aylien.com/api/v1/classify/taxonomy/iab-qag/IAB6-1"},{"rel":"parent","link":"https://api.aylien.com/api/v1/classify/taxonomy/iab-qag/IAB6"}],"label":"Adoption","id":"IAB6-1","confident":false},{"score":"0.0770","links":[{"rel":"self","link":"https://api.aylien.com/api/v1/classify/taxonomy/iab-qag/IAB9"}],"label":"Hobbies & Interests","id":"IAB9","confident":true},{"score":"0.0734","links":[{"rel":"self","link":"https://api.aylien.com/api/v1/classify/taxonomy/iab-qag/IAB6"}],"label":"Family & Parenting","id":"IAB6","confident":false},{"score":"0.0528","links":[{"rel":"self","link":"https://api.aylien.com/api/v1/classify/taxonomy/iab-qag/IAB9-23"},{"rel":"parent","link":"https://api.aylien.com/api/v1/classify/taxonomy/iab-qag/IAB9"}],"label":"Photography","id":"IAB9-23","confident":false}]},"postidString":"facebook_page.143520195713414_1498101003588653","postMeta":{"inserted":"content-engine"},"timestamp":1498355663,"sharesRcvd":0,"likesRcvd":137,"source":"facebook_page","lastUpdateQuantum":4995827,"name":"Raphael Miranda","imageLarge":"https://scontent.xx.fbcdn.net/v/t1.0-9/p720x720/19510438_1498101003588653_3014634533666551500_n.jpg?oh=b30c12c60e0a40af98bf15d0a31c0d2c&oe=59D316AA","objectID":"1498101003588653","repliesRcvd":18,"image":"https://scontent.xx.fbcdn.net/v/t1.0-0/p130x130/19510438_1498101003588653_3014634533666551500_n.jpg?oh=8407cc6d87734d551927a9d69cc3cced&oe=5A1071BF","username":"raphael.miranda","link":"https://www.facebook.com/raphael.miranda/photos/a.243899995675433.58156.143520195713414/1498101003588653/?type=3","timeQuantum":4994518,"type":"photo","title":"Timeline Photos"},{"content":"#pride #family #nbc","profileString":"facebook_page.143520195713414","postURL":"https://facebook.com/143520195713414/posts/1498891443509609","avatar":"https://graph.facebook.com/143520195713414/picture","classification":{"engine":"aylien","language":"en","taxonomy":[{"score":"0.1834","links":[{"rel":"self","link":"https://api.aylien.com/api/v1/classify/taxonomy/iab-qag/IAB6-1"},{"rel":"parent","link":"https://api.aylien.com/api/v1/classify/taxonomy/iab-qag/IAB6"}],"label":"Adoption","id":"IAB6-1","confident":false},{"score":"0.1056","links":[{"rel":"self","link":"https://api.aylien.com/api/v1/classify/taxonomy/iab-qag/IAB6"}],"label":"Family & Parenting","id":"IAB6","confident":true}]},"postidString":"facebook_page.143520195713414_1498891443509609","postMeta":{"inserted":"content-engine"},"timestamp":1498427727,"sharesRcvd":0,"likesRcvd":472,"source":"facebook_page","lastUpdateQuantum":4995827,"name":"Raphael Miranda","imageLarge":"https://scontent.xx.fbcdn.net/v/t1.0-9/p720x720/19248150_1498891443509609_8680435766571349439_n.jpg?oh=a0a65535368426a7d5d5ec5b2865bf5f&oe=59CD96B6","objectID":"1498891443509609","repliesRcvd":25,"image":"https://scontent.xx.fbcdn.net/v/t1.0-0/p130x130/19248150_1498891443509609_8680435766571349439_n.jpg?oh=88d4115ef1ff2a37d8bde4ce052ec086&oe=59D669A3","username":"raphael.miranda","link":"https://www.facebook.com/raphael.miranda/photos/a.243899995675433.58156.143520195713414/1498891443509609/?type=3","timeQuantum":4994759,"type":"photo","title":"Timeline Photos"},{"content":"Zippy has heard enough! Shhhhh 😺","profileString":"facebook_page.143520195713414","postURL":"https://facebook.com/143520195713414/posts/1499808790084541","avatar":"https://graph.facebook.com/143520195713414/picture","classification":{"engine":"aylien","language":"en","taxonomy":[{"score":"0.0805","links":[{"rel":"self","link":"https://api.aylien.com/api/v1/classify/taxonomy/iab-qag/IAB9"}],"label":"Hobbies & Interests","id":"IAB9","confident":true},{"score":"0.0561","links":[{"rel":"self","link":"https://api.aylien.com/api/v1/classify/taxonomy/iab-qag/IAB9-23"},{"rel":"parent","link":"https://api.aylien.com/api/v1/classify/taxonomy/iab-qag/IAB9"}],"label":"Photography","id":"IAB9-23","confident":false}]},"postidString":"facebook_page.143520195713414_1499808790084541","postMeta":{"inserted":"content-engine"},"timestamp":1498514134,"sharesRcvd":0,"likesRcvd":359,"source":"facebook_page","lastUpdateQuantum":4995827,"name":"Raphael Miranda","imageLarge":"https://scontent.xx.fbcdn.net/v/t1.0-9/p720x720/19247655_1499808790084541_3530553261342080865_n.jpg?oh=7b366cfe41ead3605fd39cd90802d412&oe=59C727E4","objectID":"1499808790084541","repliesRcvd":50,"image":"https://scontent.xx.fbcdn.net/v/t1.0-0/p130x130/19247655_1499808790084541_3530553261342080865_n.jpg?oh=712a6340863e19bc91f7760cd1b30661&oe=59DD78F1","username":"raphael.miranda","link":"https://www.facebook.com/raphael.miranda/photos/a.243899995675433.58156.143520195713414/1499808790084541/?type=3","timeQuantum":4995047,"type":"photo","title":"Timeline Photos"},{"content":"😺🙏🏽Good morning everyone!","profileString":"facebook_page.143520195713414","postURL":"https://facebook.com/143520195713414/posts/1502793983119355","avatar":"https://graph.facebook.com/143520195713414/picture","classification":{"engine":"aylien","language":"en","taxonomy":[{"score":"0.4283","links":[{"rel":"self","link":"https://api.aylien.com/api/v1/classify/taxonomy/iab-qag/IAB12-2"},{"rel":"parent","link":"https://api.aylien.com/api/v1/classify/taxonomy/iab-qag/IAB12"}],"label":"National News","id":"IAB12-2","confident":false},{"score":"0.2209","links":[{"rel":"self","link":"https://api.aylien.com/api/v1/classify/taxonomy/iab-qag/IAB8-6"},{"rel":"parent","link":"https://api.aylien.com/api/v1/classify/taxonomy/iab-qag/IAB8"}],"label":"Coffee/Tea","id":"IAB8-6","confident":true},{"score":"0.0802","links":[{"rel":"self","link":"https://api.aylien.com/api/v1/classify/taxonomy/iab-qag/IAB8"}],"label":"Food & Drink","id":"IAB8","confident":true},{"score":"0.0720","links":[{"rel":"self","link":"https://api.aylien.com/api/v1/classify/taxonomy/iab-qag/IAB12"}],"label":"News","id":"IAB12","confident":false}]},"postidString":"facebook_page.143520195713414_1502793983119355","postMeta":{"inserted":"content-engine"},"timestamp":1498734344,"sharesRcvd":3,"likesRcvd":179,"source":"facebook_page","lastUpdateQuantum":4995827,"name":"Raphael Miranda","imageLarge":"https://scontent.xx.fbcdn.net/v/t15.0-10/19683430_1502794486452638_1219179591420084224_n.jpg?oh=5d1ea67e8f548eacdd318894d3be4316&oe=59D64705","objectID":"1502793983119355","repliesRcvd":32,"image":"https://scontent.xx.fbcdn.net/v/t15.0-10/p130x130/19683430_1502794486452638_1219179591420084224_n.jpg?oh=9558fdc3e2e4085055d14a68e8cbc97c&oe=59C671AE","username":"raphael.miranda","link":"https://www.facebook.com/raphael.miranda/videos/1502793983119355/","timeQuantum":4995781,"video":"https://video.xx.fbcdn.net/v/t42.1790-2/19590407_1703105113325087_3827388998351847424_n.mp4?efg=eyJybHIiOjUxOCwicmxhIjo1MTIsInZlbmNvZGVfdGFnIjoic3ZlX3NkIn0%3D&rl=518&vabr=288&oh=bffbf36677fc09a3146910676ef4c7fc&oe=59575CAC","type":"video"}]