[{"content":"FDNY firefighter William Tolley made the supreme sacrifice today while battling a 2-alarm fire in Queens. As he was stepping off the roof of a 5-story apartment building and into a ladder bucket, the ladder moved,Tolley lost his footing, and fell to his death. Tonight dozens of NYC's bravest along with first responders lined up while his fellow firefighters carried his body into an ambulance from Wyckoff Heights Medical Center in Brooklyn-- saluting the 42 year old father, husband, and senior firefighter. #fdny #rip #nycbravest","profileString":"facebook_page.1651691018379739","postURL":"https://facebook.com/1651691018379739/posts/1888389754709863","avatar":"https://graph.facebook.com/1651691018379739/picture","classification":{"engine":"aylien","language":"en","taxonomy":[{"score":"0.4834","confident":false,"links":[{"link":"https://api.aylien.com/api/v1/classify/taxonomy/iab-qag/IAB21-1","rel":"self"},{"link":"https://api.aylien.com/api/v1/classify/taxonomy/iab-qag/IAB21","rel":"parent"}],"id":"IAB21-1","label":"Apartments"},{"score":"0.0868","confident":true,"links":[{"link":"https://api.aylien.com/api/v1/classify/taxonomy/iab-qag/IAB21","rel":"self"}],"id":"IAB21","label":"Real Estate"}]},"postidString":"facebook_page.1651691018379739_1888389754709863","postMeta":{"inserted":"content-engine"},"timestamp":1492738853,"sharesRcvd":0,"likesRcvd":36,"source":"facebook_page","lastUpdateQuantum":4983873,"name":"Jennifer Lahmers","imageLarge":"https://scontent.xx.fbcdn.net/v/t1.0-9/p720x720/17990768_1888389754709863_2312413187321531909_n.jpg?oh=757718c91f8e41961d4c7e9594b41a7f&oe=594EB96C","objectID":"1888389754709863","repliesRcvd":6,"image":"https://scontent.xx.fbcdn.net/v/t1.0-0/p130x130/17990768_1888389754709863_2312413187321531909_n.jpg?oh=c61de00e675b34910df8ee78df926c39&oe=59832179","username":"JennLahmers","link":"https://www.facebook.com/JennLahmers/photos/a.1652719194943588.1073741829.1651691018379739/1888389754709863/?type=3","timeQuantum":4975796,"title":"Timeline Photos","type":"photo"},{"content":"Bunting hangs at Engine 286, the firehouse where #FDNY firefighter  William Tolley was stationed. On Thursday Tolley lost his life in the line of duty when he fell from the roof of a 5 story building as he was battling a 2-alarm fire. Prayers going out to his brothers, family and friends tonight. #nycbravest","profileString":"facebook_page.1651691018379739","postURL":"https://facebook.com/1651691018379739/posts/1888800401335465","avatar":"https://graph.facebook.com/1651691018379739/picture","classification":{"engine":"aylien","language":"en","taxonomy":[{"score":"0.0654","confident":false,"links":[{"link":"https://api.aylien.com/api/v1/classify/taxonomy/iab-qag/IAB9","rel":"self"}],"id":"IAB9","label":"Hobbies & Interests"},{"score":"0.0606","confident":false,"links":[{"link":"https://api.aylien.com/api/v1/classify/taxonomy/iab-qag/IAB2-16","rel":"self"},{"link":"https://api.aylien.com/api/v1/classify/taxonomy/iab-qag/IAB2","rel":"parent"}],"id":"IAB2-16","label":"Off-Road Vehicles"},{"score":"0.0541","confident":false,"links":[{"link":"https://api.aylien.com/api/v1/classify/taxonomy/iab-qag/IAB2","rel":"self"}],"id":"IAB2","label":"Automotive"},{"score":"0.0532","confident":false,"links":[{"link":"https://api.aylien.com/api/v1/classify/taxonomy/iab-qag/IAB9-28","rel":"self"},{"link":"https://api.aylien.com/api/v1/classify/taxonomy/iab-qag/IAB9","rel":"parent"}],"id":"IAB9-28","label":"Screenwriting"}]},"postidString":"facebook_page.1651691018379739_1888800401335465","postMeta":{"inserted":"content-engine"},"timestamp":1492819863,"sharesRcvd":1,"likesRcvd":38,"source":"facebook_page","lastUpdateQuantum":4983873,"name":"Jennifer Lahmers","imageLarge":"https://scontent.xx.fbcdn.net/v/t1.0-9/p720x720/18033857_1888800401335465_8873575217908644653_n.jpg?oh=5f7a0ca8ae42dbf9d160724c8e1c8e85&oe=594DEA4A","objectID":"1888800401335465","repliesRcvd":6,"image":"https://scontent.xx.fbcdn.net/v/t1.0-0/p130x130/18033857_1888800401335465_8873575217908644653_n.jpg?oh=b17818aae9757a52569504eff4acae4c&oe=5978EF5F","username":"JennLahmers","link":"https://www.facebook.com/JennLahmers/photos/a.1652719194943588.1073741829.1651691018379739/1888800401335465/?type=3","timeQuantum":4976066,"title":"Timeline Photos","type":"photo"},{"content":"Surprise! Anchoring the FOX 5 / Fox5NY.com news at 10 with Steve Lacy. Check it out!","profileString":"facebook_page.1651691018379739","postURL":"https://facebook.com/1651691018379739/posts/1890520831163422","avatar":"https://graph.facebook.com/1651691018379739/picture","classification":{"engine":"aylien","language":"en","taxonomy":[{"score":"0.4002","links":[{"rel":"self","link":"https://api.aylien.com/api/v1/classify/taxonomy/iab-qag/IAB18-2"},{"rel":"parent","link":"https://api.aylien.com/api/v1/classify/taxonomy/iab-qag/IAB18"}],"label":"Body Art","id":"IAB18-2","confident":false},{"score":"0.2020","links":[{"rel":"self","link":"https://api.aylien.com/api/v1/classify/taxonomy/iab-qag/IAB25-4"},{"rel":"parent","link":"https://api.aylien.com/api/v1/classify/taxonomy/iab-qag/IAB25"}],"label":"Profane Content","id":"IAB25-4","confident":false},{"score":"0.0784","links":[{"rel":"self","link":"https://api.aylien.com/api/v1/classify/taxonomy/iab-qag/IAB25"}],"label":"Non-Standard Content","id":"IAB25","confident":true},{"score":"0.0751","links":[{"rel":"self","link":"https://api.aylien.com/api/v1/classify/taxonomy/iab-qag/IAB9"}],"label":"Hobbies & Interests","id":"IAB9","confident":false},{"score":"0.0669","links":[{"rel":"self","link":"https://api.aylien.com/api/v1/classify/taxonomy/iab-qag/IAB18"}],"label":"Style & Fashion","id":"IAB18","confident":false},{"score":"0.0545","links":[{"rel":"self","link":"https://api.aylien.com/api/v1/classify/taxonomy/iab-qag/IAB9-21"},{"rel":"parent","link":"https://api.aylien.com/api/v1/classify/taxonomy/iab-qag/IAB9"}],"label":"Needlework","id":"IAB9-21","confident":false}]},"postidString":"facebook_page.1651691018379739_1890520831163422","postMeta":{"inserted":"content-engine"},"timestamp":1493171819,"sharesRcvd":1,"likesRcvd":41,"source":"facebook_page","lastUpdateQuantum":4978221,"name":"Jennifer Lahmers","imageLarge":"https://external.xx.fbcdn.net/safe_image.php?d=AQAW8QT0OP03Ge5H&url=http%3A%2F%2Fstatic.lakana.com%2Flakana-fox-global%2Ftheme%2Fimages%2Fwnyw%2Fplaceholder-4x3.jpg&_nc_hash=AQDUwYv2nYvA6-tz","repliesRcvd":7,"image":"https://external.xx.fbcdn.net/safe_image.php?d=AQDgYc3YpVWxjmru&w=130&h=130&url=http%3A%2F%2Fstatic.lakana.com%2Flakana-fox-global%2Ftheme%2Fimages%2Fwnyw%2Fplaceholder-4x3.jpg&cfs=1&_nc_hash=AQDUM7p2UD28g38O","username":"JennLahmers","link":"http://fox5ny.com/","timeQuantum":4977239,"type":"link","title":"Fox 5 NY, New York News, Breaking News, weather, sports, traffic and more. | WNYW"},{"content":"My story from last night. Would you want to get fashion advice from an electronic device? That rhymed.","profileString":"facebook_page.1651691018379739","postURL":"https://facebook.com/1651691018379739/posts/1891117124437126","avatar":"https://graph.facebook.com/1651691018379739/picture","classification":{"engine":"aylien","language":"en","taxonomy":[{"score":"0.3454","links":[{"rel":"self","link":"https://api.aylien.com/api/v1/classify/taxonomy/iab-qag/IAB18-6"},{"rel":"parent","link":"https://api.aylien.com/api/v1/classify/taxonomy/iab-qag/IAB18"}],"label":"Accessories","id":"IAB18-6","confident":false},{"score":"0.1643","links":[{"rel":"self","link":"https://api.aylien.com/api/v1/classify/taxonomy/iab-qag/IAB18"}],"label":"Style & Fashion","id":"IAB18","confident":true},{"score":"0.1316","links":[{"rel":"self","link":"https://api.aylien.com/api/v1/classify/taxonomy/iab-qag/IAB19"}],"label":"Technology & Computing","id":"IAB19","confident":true},{"score":"0.1051","links":[{"rel":"self","link":"https://api.aylien.com/api/v1/classify/taxonomy/iab-qag/IAB19-10"},{"rel":"parent","link":"https://api.aylien.com/api/v1/classify/taxonomy/iab-qag/IAB19"}],"label":"Computer Reviews","id":"IAB19-10","confident":true}]},"postidString":"facebook_page.1651691018379739_1891117124437126","postMeta":{"inserted":"content-engine"},"timestamp":1493308838,"sharesRcvd":0,"likesRcvd":14,"source":"facebook_page","lastUpdateQuantum":4983873,"name":"Jennifer Lahmers","imageLarge":"https://external.xx.fbcdn.net/safe_image.php?d=AQABiBpYPupet7hT&url=http%3A%2F%2Fstatic.lakana.com%2Fmedia.fox5ny.com%2Fphoto%2F2017%2F04%2F26%2FAmazon_Echo_Look_0_3212134_ver1.0_640_360.jpg&_nc_hash=AQBqjy6MK1kf0CqK","repliesRcvd":0,"image":"https://external.xx.fbcdn.net/safe_image.php?d=AQACE4CXHiI9vNj3&w=130&h=130&url=http%3A%2F%2Fstatic.lakana.com%2Fmedia.fox5ny.com%2Fphoto%2F2017%2F04%2F26%2FAmazon_Echo_Look_0_3212134_ver1.0_640_360.jpg&cfs=1&_nc_hash=AQC5ZkopqZH4q8MN","username":"JennLahmers","link":"http://www.fox5ny.com/news/251018869-story","timeQuantum":4977696,"type":"link","title":"Amazon's new Echo device helps with your wardrobe"},{"content":"On these streets 📺👀🎤","profileString":"facebook_page.1651691018379739","postURL":"https://facebook.com/1651691018379739/posts/1891120537770118","avatar":"https://graph.facebook.com/1651691018379739/picture","classification":{"engine":"aylien","language":"en","taxonomy":[{"score":"0.0847","links":[{"rel":"self","link":"https://api.aylien.com/api/v1/classify/taxonomy/iab-qag/IAB9"}],"label":"Hobbies & Interests","id":"IAB9","confident":true},{"score":"0.0641","links":[{"rel":"self","link":"https://api.aylien.com/api/v1/classify/taxonomy/iab-qag/IAB9-23"},{"rel":"parent","link":"https://api.aylien.com/api/v1/classify/taxonomy/iab-qag/IAB9"}],"label":"Photography","id":"IAB9-23","confident":false}]},"postidString":"facebook_page.1651691018379739_1891120537770118","postMeta":{"inserted":"content-engine"},"timestamp":1493309653,"sharesRcvd":2,"likesRcvd":132,"source":"facebook_page","lastUpdateQuantum":4977888,"name":"Jennifer Lahmers","imageLarge":"https://scontent.xx.fbcdn.net/v/t1.0-9/18118677_1891120537770118_5812775687436470529_n.jpg?oh=f644b4659d367c8ce4981af4497c1449&oe=59770855","objectID":"1891120537770118","repliesRcvd":18,"image":"https://scontent.xx.fbcdn.net/v/t1.0-0/s130x130/18118677_1891120537770118_5812775687436470529_n.jpg?oh=1392a8f8921012dbfb0d0fd813a74530&oe=59885E3E","username":"JennLahmers","link":"https://www.facebook.com/JennLahmers/photos/a.1652719194943588.1073741829.1651691018379739/1891120537770118/?type=3","timeQuantum":4977698,"type":"photo","title":"Timeline Photos"},{"content":"Pleased to be a part of this terrific event as honorary chair! Redandbluesoiree2017.eventbrite.com to get your tickets. Come out and support NYC's bravest and finest and the families of those who've made the ultimate sacrifice for our safety. #Repost @answerthecallnyc with @repostapp\n・・・\nPlease join us for a special night of cocktails and music to honor New York City's fallen first responders and raise funds for the families they left behind. There will be a silent auction and raffle table with amazing prizes!  For tickets and information please click the link in our bio. #redandbluesoiree #answerthecall","profileString":"facebook_page.1651691018379739","postURL":"https://facebook.com/1651691018379739/posts/1892680530947452","avatar":"https://graph.facebook.com/1651691018379739/picture","classification":{"engine":"aylien","language":"en","taxonomy":[{"score":"0.2453","confident":false,"links":[{"link":"https://api.aylien.com/api/v1/classify/taxonomy/iab-qag/IAB6-8","rel":"self"},{"link":"https://api.aylien.com/api/v1/classify/taxonomy/iab-qag/IAB6","rel":"parent"}],"id":"IAB6-8","label":"Special Needs Kids"},{"score":"0.1148","confident":true,"links":[{"link":"https://api.aylien.com/api/v1/classify/taxonomy/iab-qag/IAB6","rel":"self"}],"id":"IAB6","label":"Family & Parenting"}]},"postidString":"facebook_page.1651691018379739_1892680530947452","postMeta":{"inserted":"content-engine"},"timestamp":1493660187,"sharesRcvd":0,"likesRcvd":15,"source":"facebook_page","lastUpdateQuantum":4983873,"name":"Jennifer Lahmers","imageLarge":"https://scontent.xx.fbcdn.net/v/t1.0-9/s720x720/18194215_1892680530947452_8085962643971856973_n.jpg?oh=a59fcd6ac5eff1406ba29848ab304782&oe=59815FE3","objectID":"1892680530947452","repliesRcvd":1,"image":"https://scontent.xx.fbcdn.net/v/t1.0-0/s130x130/18194215_1892680530947452_8085962643971856973_n.jpg?oh=f77c23bfa61806dbaff039d6f2bbbe3a&oe=597683F6","username":"JennLahmers","link":"https://www.facebook.com/JennLahmers/photos/a.1652719194943588.1073741829.1651691018379739/1892680530947452/?type=3","timeQuantum":4978867,"title":"Timeline Photos","type":"photo"},{"content":"When we think of the hero first responders who ran into the towers on September 11th, there's one group that doesn't often come to mind-- their stories are under told, but their sacrifice was and is just as profound. They are New York City's court officers; and I'm honored to share their stories as they remember their four fallen brothers during the Stephen Siller Tunnel to Towers Tower Climb on June 4th. What a team these three represent! @fox5ny @tunnel2towers #nyccourtofficers #neverforget #911 #firstresponders","profileString":"facebook_page.1651691018379739","postURL":"https://facebook.com/1651691018379739/posts/1893105917571580","avatar":"https://graph.facebook.com/1651691018379739/picture","classification":{"engine":"aylien","language":"en","taxonomy":[{"score":"0.0830","confident":true,"links":[{"link":"https://api.aylien.com/api/v1/classify/taxonomy/iab-qag/IAB17","rel":"self"}],"id":"IAB17","label":"Sports"},{"score":"0.0762","confident":true,"links":[{"link":"https://api.aylien.com/api/v1/classify/taxonomy/iab-qag/IAB17-8","rel":"self"},{"link":"https://api.aylien.com/api/v1/classify/taxonomy/iab-qag/IAB17","rel":"parent"}],"id":"IAB17-8","label":"Climbing"}]},"postidString":"facebook_page.1651691018379739_1893105917571580","postMeta":{"inserted":"content-engine"},"timestamp":1493745918,"sharesRcvd":2,"likesRcvd":63,"source":"facebook_page","lastUpdateQuantum":4979310,"name":"Jennifer Lahmers","imageLarge":"https://scontent.xx.fbcdn.net/v/t1.0-9/s720x720/18301326_1893105917571580_4870591061790158601_n.jpg?oh=556cb450c00c3455095f65ce2e0500ed&oe=59BC0B75","objectID":"1893105917571580","repliesRcvd":6,"image":"https://scontent.xx.fbcdn.net/v/t1.0-0/s130x130/18301326_1893105917571580_4870591061790158601_n.jpg?oh=8a3a39a0f4c93935ecfc0feb94ac3a9c&oe=59B9DB60","username":"JennLahmers","link":"https://www.facebook.com/JennLahmers/photos/a.1652719194943588.1073741829.1651691018379739/1893105917571580/?type=3","timeQuantum":4979153,"title":"Timeline Photos","type":"photo"},{"content":"I nearly barfed today. That is all. @tonyjamesmpt #humpday #fitness #training #gym #deadlifts #squats","profileString":"facebook_page.1651691018379739","postURL":"https://facebook.com/1651691018379739/posts/1893518120863693","avatar":"https://graph.facebook.com/1651691018379739/picture","classification":{"engine":"aylien","language":"en","taxonomy":[{"score":"0.1228","confident":true,"links":[{"link":"https://api.aylien.com/api/v1/classify/taxonomy/iab-qag/IAB7-1","rel":"self"},{"link":"https://api.aylien.com/api/v1/classify/taxonomy/iab-qag/IAB7","rel":"parent"}],"id":"IAB7-1","label":"Exercise"},{"score":"0.0769","confident":true,"links":[{"link":"https://api.aylien.com/api/v1/classify/taxonomy/iab-qag/IAB17-4","rel":"self"},{"link":"https://api.aylien.com/api/v1/classify/taxonomy/iab-qag/IAB17","rel":"parent"}],"id":"IAB17-4","label":"Bodybuilding"},{"score":"0.0746","confident":false,"links":[{"link":"https://api.aylien.com/api/v1/classify/taxonomy/iab-qag/IAB7","rel":"self"}],"id":"IAB7","label":"Health & Fitness"},{"score":"0.0729","confident":false,"links":[{"link":"https://api.aylien.com/api/v1/classify/taxonomy/iab-qag/IAB9","rel":"self"}],"id":"IAB9","label":"Hobbies & Interests"},{"score":"0.0631","confident":false,"links":[{"link":"https://api.aylien.com/api/v1/classify/taxonomy/iab-qag/IAB17","rel":"self"}],"id":"IAB17","label":"Sports"},{"score":"0.0559","confident":false,"links":[{"link":"https://api.aylien.com/api/v1/classify/taxonomy/iab-qag/IAB9-23","rel":"self"},{"link":"https://api.aylien.com/api/v1/classify/taxonomy/iab-qag/IAB9","rel":"parent"}],"id":"IAB9-23","label":"Photography"}]},"postidString":"facebook_page.1651691018379739_1893518120863693","postMeta":{"inserted":"content-engine"},"timestamp":1493832866,"sharesRcvd":2,"likesRcvd":73,"source":"facebook_page","lastUpdateQuantum":4979625,"name":"Jennifer Lahmers","imageLarge":"https://scontent.xx.fbcdn.net/v/t1.0-9/s720x720/18222296_1893518120863693_7961964515943681562_n.jpg?oh=e03451fa56b0c099176aed3290d0ae6c&oe=598639E9","objectID":"1893518120863693","repliesRcvd":6,"image":"https://scontent.xx.fbcdn.net/v/t1.0-0/s130x130/18222296_1893518120863693_7961964515943681562_n.jpg?oh=5ac383153566fd3a1f4093305531e8ee&oe=598AF8FC","username":"JennLahmers","link":"https://www.facebook.com/JennLahmers/photos/a.1652719194943588.1073741829.1651691018379739/1893518120863693/?type=3","timeQuantum":4979442,"title":"Timeline Photos","type":"photo"},{"content":"Concrete jungle 🌇🗽","profileString":"facebook_page.1651691018379739","postURL":"https://facebook.com/1651691018379739/posts/1895719907310181","avatar":"https://graph.facebook.com/1651691018379739/picture","classification":{"engine":"aylien","language":"en","taxonomy":[{"score":"0.0827","confident":true,"links":[{"link":"https://api.aylien.com/api/v1/classify/taxonomy/iab-qag/IAB9","rel":"self"}],"id":"IAB9","label":"Hobbies & Interests"},{"score":"0.0578","confident":false,"links":[{"link":"https://api.aylien.com/api/v1/classify/taxonomy/iab-qag/IAB9-23","rel":"self"},{"link":"https://api.aylien.com/api/v1/classify/taxonomy/iab-qag/IAB9","rel":"parent"}],"id":"IAB9-23","label":"Photography"}]},"postidString":"facebook_page.1651691018379739_1895719907310181","postMeta":{"inserted":"content-engine"},"timestamp":1494329155,"sharesRcvd":0,"likesRcvd":55,"source":"facebook_page","lastUpdateQuantum":4983873,"name":"Jennifer Lahmers","imageLarge":"https://scontent.xx.fbcdn.net/v/t1.0-0/p180x540/18446597_1895719907310181_3155704488397087725_n.jpg?oh=dabd01e33d3d3b9f4e36f63ced34b07f&oe=59C2C6A8","objectID":"1895719907310181","repliesRcvd":6,"image":"https://scontent.xx.fbcdn.net/v/t1.0-0/s130x130/18446597_1895719907310181_3155704488397087725_n.jpg?oh=99882656d8001e59dbcfb7b236fa3035&oe=59B1C4D4","username":"JennLahmers","link":"https://www.facebook.com/JennLahmers/photos/a.1652719194943588.1073741829.1651691018379739/1895719907310181/?type=3","timeQuantum":4981097,"title":"Timeline Photos","type":"photo"},{"content":"#tbt to how stressed does this dog look right now? 😳🐶📸","profileString":"facebook_page.1651691018379739","postURL":"https://facebook.com/1651691018379739/posts/1896527960562709","avatar":"https://graph.facebook.com/1651691018379739/picture","classification":{"engine":"aylien","language":"en","taxonomy":[{"score":"0.4814","confident":true,"links":[{"link":"https://api.aylien.com/api/v1/classify/taxonomy/iab-qag/IAB16-4","rel":"self"},{"link":"https://api.aylien.com/api/v1/classify/taxonomy/iab-qag/IAB16","rel":"parent"}],"id":"IAB16-4","label":"Dogs"},{"score":"0.2078","confident":true,"links":[{"link":"https://api.aylien.com/api/v1/classify/taxonomy/iab-qag/IAB16","rel":"self"}],"id":"IAB16","label":"Pets"}]},"postidString":"facebook_page.1651691018379739_1896527960562709","postMeta":{"inserted":"content-engine"},"timestamp":1494512895,"sharesRcvd":2,"likesRcvd":140,"source":"facebook_page","lastUpdateQuantum":4983873,"name":"Jennifer Lahmers","imageLarge":"https://scontent.xx.fbcdn.net/v/t1.0-9/18425325_1896527960562709_3112116938478431429_n.jpg?oh=64f306cfb5c6ccb19216896e7a3ca78c&oe=59C12776","objectID":"1896527960562709","repliesRcvd":18,"image":"https://scontent.xx.fbcdn.net/v/t1.0-0/p130x130/18425325_1896527960562709_3112116938478431429_n.jpg?oh=2654f1a49a499d51fb5e90dafc7a199a&oe=598187CD","username":"JennLahmers","link":"https://www.facebook.com/JennLahmers/photos/a.1652719194943588.1073741829.1651691018379739/1896527960562709/?type=3","timeQuantum":4981709,"title":"Timeline Photos","type":"photo"},{"content":"At the screening for HBO's new drama The Wizard of Lies starring Robert Deniro as Bernie Madoff. premiering May 20th at 8 pm! #hbo #wizardoflies #deniro #berniemadoff #ponzischeme #redcarpet","profileString":"facebook_page.1651691018379739","postURL":"https://facebook.com/1651691018379739/posts/1896710220544483","avatar":"https://graph.facebook.com/1651691018379739/picture","classification":{"engine":"aylien","language":"en","taxonomy":[{"score":"0.2377","confident":false,"links":[{"link":"https://api.aylien.com/api/v1/classify/taxonomy/iab-qag/IAB1-7","rel":"self"},{"link":"https://api.aylien.com/api/v1/classify/taxonomy/iab-qag/IAB1","rel":"parent"}],"id":"IAB1-7","label":"Television"},{"score":"0.0917","confident":true,"links":[{"link":"https://api.aylien.com/api/v1/classify/taxonomy/iab-qag/IAB9","rel":"self"}],"id":"IAB9","label":"Hobbies & Interests"},{"score":"0.0781","confident":true,"links":[{"link":"https://api.aylien.com/api/v1/classify/taxonomy/iab-qag/IAB1","rel":"self"}],"id":"IAB1","label":"Arts & Entertainment"},{"score":"0.0505","confident":false,"links":[{"link":"https://api.aylien.com/api/v1/classify/taxonomy/iab-qag/IAB9-28","rel":"self"},{"link":"https://api.aylien.com/api/v1/classify/taxonomy/iab-qag/IAB9","rel":"parent"}],"id":"IAB9-28","label":"Screenwriting"}]},"postidString":"facebook_page.1651691018379739_1896710220544483","postMeta":{"inserted":"content-engine"},"timestamp":1494547634,"sharesRcvd":1,"likesRcvd":158,"source":"facebook_page","lastUpdateQuantum":4983873,"name":"Jennifer Lahmers","imageLarge":"https://scontent.xx.fbcdn.net/v/t1.0-9/s720x720/18403507_1896710220544483_8891195302121692677_n.jpg?oh=334590f2de1834e3ddff349cb576b212&oe=59C20441","objectID":"1896710220544483","repliesRcvd":24,"image":"https://scontent.xx.fbcdn.net/v/t1.0-0/q81/s130x130/18403507_1896710220544483_8891195302121692677_n.jpg?oh=a314e898784df8341d40a3c0c5317078&oe=59756DDC","username":"JennLahmers","link":"https://www.facebook.com/JennLahmers/photos/a.1652719194943588.1073741829.1651691018379739/1896710220544483/?type=3","timeQuantum":4981825,"title":"Timeline Photos","type":"photo"},{"content":"Thank you for loving me without condition, for being my strength when I've had none, for luring the first person I run to with good news, and for being the only person who understands even if I don't. Your my best friend and I am blessed to have you in my life and better yet, as my mother. Happy Mother's Day @mamalahmas52 ❤️❤️❤️","profileString":"facebook_page.1651691018379739","postURL":"https://facebook.com/1651691018379739/posts/1897819537100218","avatar":"https://graph.facebook.com/1651691018379739/picture","classification":{"engine":"aylien","language":"en","taxonomy":[{"score":"0.4416","confident":false,"links":[{"link":"https://api.aylien.com/api/v1/classify/taxonomy/iab-qag/IAB12-3","rel":"self"},{"link":"https://api.aylien.com/api/v1/classify/taxonomy/iab-qag/IAB12","rel":"parent"}],"id":"IAB12-3","label":"Local News"},{"score":"0.2598","confident":false,"links":[{"link":"https://api.aylien.com/api/v1/classify/taxonomy/iab-qag/IAB14-7","rel":"self"},{"link":"https://api.aylien.com/api/v1/classify/taxonomy/iab-qag/IAB14","rel":"parent"}],"id":"IAB14-7","label":"Weddings"},{"score":"0.0834","confident":true,"links":[{"link":"https://api.aylien.com/api/v1/classify/taxonomy/iab-qag/IAB14","rel":"self"}],"id":"IAB14","label":"Society"},{"score":"0.0698","confident":false,"links":[{"link":"https://api.aylien.com/api/v1/classify/taxonomy/iab-qag/IAB12","rel":"self"}],"id":"IAB12","label":"News"}]},"postidString":"facebook_page.1651691018379739_1897819537100218","postMeta":{"inserted":"content-engine"},"timestamp":1494779054,"sharesRcvd":1,"likesRcvd":45,"source":"facebook_page","lastUpdateQuantum":4983405,"name":"Jennifer Lahmers","imageLarge":"https://scontent.xx.fbcdn.net/v/t1.0-9/q85/s720x720/18423763_1897819537100218_5411909811117073786_n.jpg?oh=4447097c9c1c9b7e3a0be60a62e63273&oe=59A93E48","objectID":"1897819537100218","repliesRcvd":8,"image":"https://scontent.xx.fbcdn.net/v/t1.0-0/s130x130/18423763_1897819537100218_5411909811117073786_n.jpg?oh=75066f49e07890fbce977617bf328251&oe=59AEE0C5","username":"JennLahmers","link":"https://www.facebook.com/JennLahmers/photos/a.1652719194943588.1073741829.1651691018379739/1897819537100218/?type=3","timeQuantum":4982596,"title":"Timeline Photos","type":"photo"},{"content":"Times Square is a crime scene tonight after an out of control driver plowed into a crowd of people on a sidewalk, killing one teen tourist from Michigan who was with her family, and injuring more than a dozen others.  26 year old Richard Rojas is now behind bars.","profileString":"facebook_page.1651691018379739","postURL":"https://facebook.com/1651691018379739/posts/1899416910273814","avatar":"https://graph.facebook.com/1651691018379739/picture","classification":{"engine":"aylien","language":"en","taxonomy":[{"score":"0.3940","confident":true,"links":[{"link":"https://api.aylien.com/api/v1/classify/taxonomy/iab-qag/IAB6-6","rel":"self"},{"link":"https://api.aylien.com/api/v1/classify/taxonomy/iab-qag/IAB6","rel":"parent"}],"id":"IAB6-6","label":"Parenting teens"},{"score":"0.2572","confident":false,"links":[{"link":"https://api.aylien.com/api/v1/classify/taxonomy/iab-qag/IAB14-6","rel":"self"},{"link":"https://api.aylien.com/api/v1/classify/taxonomy/iab-qag/IAB14","rel":"parent"}],"id":"IAB14-6","label":"Teens"},{"score":"0.0810","confident":true,"links":[{"link":"https://api.aylien.com/api/v1/classify/taxonomy/iab-qag/IAB14","rel":"self"}],"id":"IAB14","label":"Society"},{"score":"0.0796","confident":true,"links":[{"link":"https://api.aylien.com/api/v1/classify/taxonomy/iab-qag/IAB6","rel":"self"}],"id":"IAB6","label":"Family & Parenting"}]},"postidString":"facebook_page.1651691018379739_1899416910273814","postMeta":{"inserted":"content-engine"},"timestamp":1495151055,"sharesRcvd":1,"likesRcvd":25,"source":"facebook_page","lastUpdateQuantum":4984422,"name":"Jennifer Lahmers","imageLarge":"https://scontent.xx.fbcdn.net/v/t15.0-10/18599122_1899417200273785_5866192171123605504_n.jpg?oh=6ac8b5e9bf48823b26ed1e46c2ee95f7&oe=59A7A6E3","objectID":"1899416910273814","repliesRcvd":8,"image":"https://scontent.xx.fbcdn.net/v/t15.0-10/p130x130/18599122_1899417200273785_5866192171123605504_n.jpg?oh=856585a0af532b227d64151bfbf46163&oe=59A5F348","username":"JennLahmers","link":"https://www.facebook.com/JennLahmers/videos/1899416910273814/","timeQuantum":4983836,"video":"https://video.xx.fbcdn.net/v/t42.1790-2/18572058_864023977069286_8895513998917632000_n.mp4?efg=eyJybHIiOjkwNywicmxhIjo1MTIsInZlbmNvZGVfdGFnIjoic3ZlX3NkIn0%3D&rl=907&vabr=504&oh=21d13e83b5fd8e5cf1b7d63079e80e5d&oe=59204C2F","type":"video"}]