[{"content":"Grateful to announce that Mario Lopez will be joining me as our Co-Host for the Urban Fitness League World Cup Event... July 4th on Coney Island.    NYC Productions ...  UFLPro.com","profileString":"facebook_page.203288903059392","postURL":"https://facebook.com/203288903059392/posts/1438763629511907","avatar":"https://graph.facebook.com/203288903059392/picture","classification":{"engine":"aylien","language":"en","taxonomy":[{"score":"0.1181","confident":true,"links":[{"link":"https://api.aylien.com/api/v1/classify/taxonomy/iab-qag/IAB17","rel":"self"}],"id":"IAB17","label":"Sports"},{"score":"0.0447","confident":false,"links":[{"link":"https://api.aylien.com/api/v1/classify/taxonomy/iab-qag/IAB17-44","rel":"self"},{"link":"https://api.aylien.com/api/v1/classify/taxonomy/iab-qag/IAB17","rel":"parent"}],"id":"IAB17-44","label":"World Soccer"}]},"postidString":"facebook_page.203288903059392_1438763629511907","postMeta":{"inserted":"content-engine"},"timestamp":1497397610,"sharesRcvd":2,"likesRcvd":12,"source":"facebook_page","lastUpdateQuantum":4995607,"name":"Harry Cicma","imageLarge":"https://scontent.xx.fbcdn.net/v/t1.0-9/p720x720/19105608_1438763629511907_7174382111982357185_n.jpg?oh=26e6dff917070be51706b5babd1aa094&oe=599FF394","objectID":"1438763629511907","repliesRcvd":1,"image":"https://scontent.xx.fbcdn.net/v/t1.0-0/p130x130/19105608_1438763629511907_7174382111982357185_n.jpg?oh=571c004f76378b7e7ca63838ffdf2d56&oe=59A4B281","link":"https://www.facebook.com/203288903059392/photos/a.402486793139601.99537.203288903059392/1438763629511907/?type=3","timeQuantum":4991325,"title":"Timeline Photos","type":"photo"},{"content":"Nice day of Live TV Coverage at the Travelers Championship in Connecticut","profileString":"facebook_page.203288903059392","postURL":"https://facebook.com/203288903059392/posts/1446551785399758","avatar":"https://graph.facebook.com/203288903059392/picture","classification":{"engine":"aylien","language":"en","taxonomy":[{"score":"0.3940","confident":true,"links":[{"link":"https://api.aylien.com/api/v1/classify/taxonomy/iab-qag/IAB1-7","rel":"self"},{"link":"https://api.aylien.com/api/v1/classify/taxonomy/iab-qag/IAB1","rel":"parent"}],"id":"IAB1-7","label":"Television"},{"score":"0.1021","confident":true,"links":[{"link":"https://api.aylien.com/api/v1/classify/taxonomy/iab-qag/IAB1","rel":"self"}],"id":"IAB1","label":"Arts & Entertainment"}]},"postidString":"facebook_page.203288903059392_1446551785399758","postMeta":{"inserted":"content-engine"},"timestamp":1498132029,"sharesRcvd":0,"likesRcvd":9,"source":"facebook_page","lastUpdateQuantum":4994212,"name":"Harry Cicma","imageLarge":"https://scontent.xx.fbcdn.net/v/t1.0-9/s720x720/19399437_1446551785399758_2186680585409102978_n.jpg?oh=895888db08c5b823074892c883e9ee29&oe=59DB14A1","objectID":"1446551785399758","repliesRcvd":2,"image":"https://scontent.xx.fbcdn.net/v/t1.0-0/s130x130/19399437_1446551785399758_2186680585409102978_n.jpg?oh=ac156e6d66e14639f2a0b99bbff9b5d3&oe=59E093B4","link":"https://www.facebook.com/203288903059392/photos/a.402486793139601.99537.203288903059392/1446551785399758/?type=3","timeQuantum":4993773,"title":"Timeline Photos","type":"photo"},{"content":"Nice night with the Team.  Anchoring Sports tonight at 6pm & 11pm on WNBC News 4 New York","profileString":"facebook_page.203288903059392","postURL":"https://facebook.com/203288903059392/posts/1447889128599357","avatar":"https://graph.facebook.com/203288903059392/picture","classification":{"engine":"aylien","language":"en","taxonomy":[{"score":"0.2808","links":[{"rel":"self","link":"https://api.aylien.com/api/v1/classify/taxonomy/iab-qag/IAB17"}],"label":"Sports","id":"IAB17","confident":true},{"score":"0.0411","links":[{"rel":"self","link":"https://api.aylien.com/api/v1/classify/taxonomy/iab-qag/IAB17-17"},{"rel":"parent","link":"https://api.aylien.com/api/v1/classify/taxonomy/iab-qag/IAB17"}],"label":"Horses","id":"IAB17-17","confident":false}]},"postidString":"facebook_page.203288903059392_1447889128599357","postMeta":{"inserted":"content-engine"},"timestamp":1498264099,"sharesRcvd":0,"likesRcvd":10,"source":"facebook_page","lastUpdateQuantum":4995832,"name":"Harry Cicma","imageLarge":"https://scontent.xx.fbcdn.net/v/t1.0-9/s720x720/19423993_1447889128599357_2511972535306092512_n.jpg?oh=293188eb17b9f8982701500490d9026a&oe=59D95910","objectID":"1447889128599357","repliesRcvd":0,"image":"https://scontent.xx.fbcdn.net/v/t1.0-0/s130x130/19423993_1447889128599357_2511972535306092512_n.jpg?oh=653d03a90334036c47b58882e8c33c17&oe=59CE5805","link":"https://www.facebook.com/203288903059392/photos/a.402486793139601.99537.203288903059392/1447889128599357/?type=3","timeQuantum":4994213,"type":"photo","title":"Timeline Photos"},{"content":"WNBC News 4 New York. Hosting Sports Tonight","profileString":"facebook_page.203288903059392","postURL":"https://facebook.com/203288903059392/posts/1447890205265916","avatar":"https://graph.facebook.com/203288903059392/picture","classification":{"engine":"aylien","language":"en","taxonomy":[{"score":"0.2155","links":[{"rel":"self","link":"https://api.aylien.com/api/v1/classify/taxonomy/iab-qag/IAB17"}],"label":"Sports","id":"IAB17","confident":true},{"score":"0.0478","links":[{"rel":"self","link":"https://api.aylien.com/api/v1/classify/taxonomy/iab-qag/IAB17-17"},{"rel":"parent","link":"https://api.aylien.com/api/v1/classify/taxonomy/iab-qag/IAB17"}],"label":"Horses","id":"IAB17-17","confident":true}]},"postidString":"facebook_page.203288903059392_1447890205265916","postMeta":{"inserted":"content-engine"},"timestamp":1498264167,"sharesRcvd":0,"likesRcvd":21,"source":"facebook_page","lastUpdateQuantum":4995832,"name":"Harry Cicma","imageLarge":"https://scontent.xx.fbcdn.net/v/t1.0-9/s720x720/19420491_1447890205265916_6655453535592514203_n.jpg?oh=22c2e50cf553687a717065e5f97c4ca7&oe=59D1F90E","objectID":"1447890205265916","repliesRcvd":0,"image":"https://scontent.xx.fbcdn.net/v/t1.0-0/s130x130/19420491_1447890205265916_6655453535592514203_n.jpg?oh=8b0744ad6bb18b47d7db6a542f692ec3&oe=59C69D1B","link":"https://www.facebook.com/203288903059392/photos/a.402486793139601.99537.203288903059392/1447890205265916/?type=3","timeQuantum":4994213,"type":"photo","title":"Timeline Photos"}]