[{"content":"Well, Hello Dolly!","profileString":"facebook_page.207076125987250","postURL":"https://facebook.com/207076125987250/posts/1602028456492003","avatar":"https://graph.facebook.com/207076125987250/picture","classification":{"engine":"aylien","language":"en","taxonomy":[{"score":"0.0808","confident":true,"links":[{"link":"https://api.aylien.com/api/v1/classify/taxonomy/iab-qag/IAB9","rel":"self"}],"id":"IAB9","label":"Hobbies & Interests"},{"score":"0.0587","confident":false,"links":[{"link":"https://api.aylien.com/api/v1/classify/taxonomy/iab-qag/IAB9-23","rel":"self"},{"link":"https://api.aylien.com/api/v1/classify/taxonomy/iab-qag/IAB9","rel":"parent"}],"id":"IAB9-23","label":"Photography"}]},"postidString":"facebook_page.207076125987250_1602028456492003","postMeta":{"inserted":"content-engine"},"timestamp":1492738057,"sharesRcvd":2,"likesRcvd":242,"source":"facebook_page","lastUpdateQuantum":4981523,"name":"Rosanna Scotto Fox 5","imageLarge":"https://scontent.xx.fbcdn.net/v/t1.0-0/p180x540/17951921_1602028456492003_8195314549181597060_n.jpg?oh=7befd2b56f8550e5bff81e2a96abc32a&oe=5983CE0A","objectID":"1602028456492003","repliesRcvd":45,"image":"https://scontent.xx.fbcdn.net/v/t1.0-0/s130x130/17951921_1602028456492003_8195314549181597060_n.jpg?oh=876fffafc297fe0ff045fcba99c92c97&oe=597D5976","username":"rosanna.scotto","link":"https://www.facebook.com/rosanna.scotto/photos/a.1113063945388459.1073741826.207076125987250/1602028456492003/?type=3","timeQuantum":4975793,"title":"Timeline Photos","type":"photo"},{"content":"#gdny after hours","profileString":"facebook_page.207076125987250","postURL":"https://facebook.com/207076125987250/posts/1602653296429519","avatar":"https://graph.facebook.com/207076125987250/picture","classification":{"engine":"aylien","language":"en","taxonomy":[{"score":"0.0808","confident":true,"links":[{"link":"https://api.aylien.com/api/v1/classify/taxonomy/iab-qag/IAB9","rel":"self"}],"id":"IAB9","label":"Hobbies & Interests"},{"score":"0.0547","confident":false,"links":[{"link":"https://api.aylien.com/api/v1/classify/taxonomy/iab-qag/IAB9-4","rel":"self"},{"link":"https://api.aylien.com/api/v1/classify/taxonomy/iab-qag/IAB9","rel":"parent"}],"id":"IAB9-4","label":"Birdwatching"}]},"postidString":"facebook_page.207076125987250_1602653296429519","postMeta":{"inserted":"content-engine"},"timestamp":1492783039,"sharesRcvd":5,"likesRcvd":126,"source":"facebook_page","lastUpdateQuantum":4981523,"name":"Rosanna Scotto Fox 5","imageLarge":"https://scontent.xx.fbcdn.net/v/t15.0-10/18094077_1602656539762528_1992834425565478912_n.jpg?oh=42c73ecf6fa61613734a54aae7ecc652&oe=598A738F","objectID":"1602653296429519","repliesRcvd":177,"image":"https://scontent.xx.fbcdn.net/v/t15.0-10/s130x130/18094077_1602656539762528_1992834425565478912_n.jpg?oh=3f03cc67df52b5425e717787dba48594&oe=5980B0F4","username":"rosanna.scotto","link":"https://www.facebook.com/rosanna.scotto/videos/1602653296429519/","timeQuantum":4975943,"video":"https://www.facebook.com/video/playback/playlist.m3u8?v=1602653296429519","type":"video"},{"content":"Good morning spring. Happy Sunday","profileString":"facebook_page.207076125987250","postURL":"https://facebook.com/207076125987250/posts/1604883809539801","avatar":"https://graph.facebook.com/207076125987250/picture","classification":{"engine":"aylien","language":"en","taxonomy":[{"score":"0.4659","confident":false,"links":[{"link":"https://api.aylien.com/api/v1/classify/taxonomy/iab-qag/IAB12-3","rel":"self"},{"link":"https://api.aylien.com/api/v1/classify/taxonomy/iab-qag/IAB12","rel":"parent"}],"id":"IAB12-3","label":"Local News"},{"score":"0.2999","confident":false,"links":[{"link":"https://api.aylien.com/api/v1/classify/taxonomy/iab-qag/IAB18-6","rel":"self"},{"link":"https://api.aylien.com/api/v1/classify/taxonomy/iab-qag/IAB18","rel":"parent"}],"id":"IAB18-6","label":"Accessories"},{"score":"0.2360","confident":false,"links":[{"link":"https://api.aylien.com/api/v1/classify/taxonomy/iab-qag/IAB10-4","rel":"self"},{"link":"https://api.aylien.com/api/v1/classify/taxonomy/iab-qag/IAB10","rel":"parent"}],"id":"IAB10-4","label":"Gardening"},{"score":"0.1258","confident":true,"links":[{"link":"https://api.aylien.com/api/v1/classify/taxonomy/iab-qag/IAB8-6","rel":"self"},{"link":"https://api.aylien.com/api/v1/classify/taxonomy/iab-qag/IAB8","rel":"parent"}],"id":"IAB8-6","label":"Coffee/Tea"},{"score":"0.0641","confident":false,"links":[{"link":"https://api.aylien.com/api/v1/classify/taxonomy/iab-qag/IAB12","rel":"self"}],"id":"IAB12","label":"News"},{"score":"0.0613","confident":false,"links":[{"link":"https://api.aylien.com/api/v1/classify/taxonomy/iab-qag/IAB9","rel":"self"}],"id":"IAB9","label":"Hobbies & Interests"},{"score":"0.0610","confident":false,"links":[{"link":"https://api.aylien.com/api/v1/classify/taxonomy/iab-qag/IAB9-23","rel":"self"},{"link":"https://api.aylien.com/api/v1/classify/taxonomy/iab-qag/IAB9","rel":"parent"}],"id":"IAB9-23","label":"Photography"},{"score":"0.0607","confident":false,"links":[{"link":"https://api.aylien.com/api/v1/classify/taxonomy/iab-qag/IAB8","rel":"self"}],"id":"IAB8","label":"Food & Drink"},{"score":"0.0592","confident":false,"links":[{"link":"https://api.aylien.com/api/v1/classify/taxonomy/iab-qag/IAB17","rel":"self"}],"id":"IAB17","label":"Sports"},{"score":"0.0559","confident":false,"links":[{"link":"https://api.aylien.com/api/v1/classify/taxonomy/iab-qag/IAB18","rel":"self"}],"id":"IAB18","label":"Style & Fashion"},{"score":"0.0518","confident":false,"links":[{"link":"https://api.aylien.com/api/v1/classify/taxonomy/iab-qag/IAB10","rel":"self"}],"id":"IAB10","label":"Home & Garden"},{"score":"0.0428","confident":false,"links":[{"link":"https://api.aylien.com/api/v1/classify/taxonomy/iab-qag/IAB17-18","rel":"self"},{"link":"https://api.aylien.com/api/v1/classify/taxonomy/iab-qag/IAB17","rel":"parent"}],"id":"IAB17-18","label":"Hunting/Shooting"}]},"postidString":"facebook_page.207076125987250_1604883809539801","postMeta":{"inserted":"content-engine"},"timestamp":1492959981,"sharesRcvd":18,"likesRcvd":665,"source":"facebook_page","lastUpdateQuantum":4981523,"name":"Rosanna Scotto Fox 5","imageLarge":"https://scontent.xx.fbcdn.net/v/t1.0-9/s720x720/18118707_1604883809539801_2715941871854715621_n.jpg?oh=4608b593884aa9127b8d660746a4bb95&oe=5990632B","objectID":"1604883809539801","repliesRcvd":59,"image":"https://scontent.xx.fbcdn.net/v/t1.0-0/s130x130/18118707_1604883809539801_2715941871854715621_n.jpg?oh=86d7529399b86357ca3d1427c6570939&oe=598ED93E","username":"rosanna.scotto","link":"https://www.facebook.com/rosanna.scotto/photos/a.1113063945388459.1073741826.207076125987250/1604883809539801/?type=3","timeQuantum":4976533,"title":"Timeline Photos","type":"photo"},{"content":"#gdny Is that you? Someone shaved ...","profileString":"facebook_page.207076125987250","postURL":"https://facebook.com/207076125987250/posts/1605717536123095","avatar":"https://graph.facebook.com/207076125987250/picture","classification":{"engine":"aylien","language":"en","taxonomy":[{"score":"0.0874","confident":true,"links":[{"link":"https://api.aylien.com/api/v1/classify/taxonomy/iab-qag/IAB9","rel":"self"}],"id":"IAB9","label":"Hobbies & Interests"},{"score":"0.0577","confident":false,"links":[{"link":"https://api.aylien.com/api/v1/classify/taxonomy/iab-qag/IAB9-23","rel":"self"},{"link":"https://api.aylien.com/api/v1/classify/taxonomy/iab-qag/IAB9","rel":"parent"}],"id":"IAB9-23","label":"Photography"}]},"postidString":"facebook_page.207076125987250_1605717536123095","postMeta":{"inserted":"content-engine"},"timestamp":1493031761,"sharesRcvd":6,"likesRcvd":549,"source":"facebook_page","lastUpdateQuantum":4981523,"name":"Rosanna Scotto Fox 5","imageLarge":"https://scontent.xx.fbcdn.net/v/t1.0-0/p180x540/18156996_1605717536123095_9020485275404559430_n.jpg?oh=38f93c31ac5aa102798bc1d72a687d26&oe=599A7A9D","objectID":"1605717536123095","repliesRcvd":147,"image":"https://scontent.xx.fbcdn.net/v/t1.0-0/s130x130/18156996_1605717536123095_9020485275404559430_n.jpg?oh=aa2e9a06da956970387d8f64fe00821e&oe=599544E1","username":"rosanna.scotto","link":"https://www.facebook.com/rosanna.scotto/photos/a.1113063945388459.1073741826.207076125987250/1605717536123095/?type=3","timeQuantum":4976772,"title":"Timeline Photos","type":"photo"},{"content":"#gdny after hours.","profileString":"facebook_page.207076125987250","postURL":"https://facebook.com/207076125987250/posts/1605861919441990","avatar":"https://graph.facebook.com/207076125987250/picture","classification":{"engine":"aylien","language":"en","taxonomy":[{"score":"0.0808","confident":true,"links":[{"link":"https://api.aylien.com/api/v1/classify/taxonomy/iab-qag/IAB9","rel":"self"}],"id":"IAB9","label":"Hobbies & Interests"},{"score":"0.0547","confident":false,"links":[{"link":"https://api.aylien.com/api/v1/classify/taxonomy/iab-qag/IAB9-4","rel":"self"},{"link":"https://api.aylien.com/api/v1/classify/taxonomy/iab-qag/IAB9","rel":"parent"}],"id":"IAB9-4","label":"Birdwatching"}]},"postidString":"facebook_page.207076125987250_1605861919441990","postMeta":{"inserted":"content-engine"},"timestamp":1493042235,"sharesRcvd":7,"likesRcvd":183,"source":"facebook_page","lastUpdateQuantum":4981523,"name":"Rosanna Scotto Fox 5","imageLarge":"https://scontent.xx.fbcdn.net/v/t15.0-10/18137273_1605865042775011_6607021613902725120_n.jpg?oh=b012d745e0931fdf067b35989ca24010&oe=597FDD68","objectID":"1605861919441990","repliesRcvd":152,"image":"https://scontent.xx.fbcdn.net/v/t15.0-10/s130x130/18137273_1605865042775011_6607021613902725120_n.jpg?oh=fd74dda08ae4c98302455a351feb440d&oe=59944A13","username":"rosanna.scotto","link":"https://www.facebook.com/rosanna.scotto/videos/1605861919441990/","timeQuantum":4976807,"video":"https://www.facebook.com/video/playback/playlist.m3u8?v=1605861919441990","type":"video"},{"content":"#gdny after hours","profileString":"facebook_page.207076125987250","postURL":"https://facebook.com/207076125987250/posts/1607526539275528","avatar":"https://graph.facebook.com/207076125987250/picture","classification":{"engine":"aylien","language":"en","taxonomy":[{"score":"0.0808","confident":true,"links":[{"link":"https://api.aylien.com/api/v1/classify/taxonomy/iab-qag/IAB9","rel":"self"}],"id":"IAB9","label":"Hobbies & Interests"},{"score":"0.0547","confident":false,"links":[{"link":"https://api.aylien.com/api/v1/classify/taxonomy/iab-qag/IAB9-4","rel":"self"},{"link":"https://api.aylien.com/api/v1/classify/taxonomy/iab-qag/IAB9","rel":"parent"}],"id":"IAB9-4","label":"Birdwatching"}]},"postidString":"facebook_page.207076125987250_1607526539275528","postMeta":{"inserted":"content-engine"},"timestamp":1493128632,"sharesRcvd":7,"likesRcvd":215,"source":"facebook_page","lastUpdateQuantum":4978148,"name":"Rosanna Scotto Fox 5","imageLarge":"https://scontent.xx.fbcdn.net/v/t15.0-10/18175113_1607528379275344_6014852851937837056_n.jpg?oh=4917a31d7799001d74c2c0d3ee855970&oe=59865434","objectID":"1607526539275528","repliesRcvd":153,"image":"https://scontent.xx.fbcdn.net/v/t15.0-10/s130x130/18175113_1607528379275344_6014852851937837056_n.jpg?oh=f284daad00b9e236d6c39f4fd1580f8b&oe=5975F84F","username":"rosanna.scotto","link":"https://www.facebook.com/rosanna.scotto/videos/1607526539275528/","timeQuantum":4977095,"video":"https://www.facebook.com/video/playback/playlist.m3u8?v=1607526539275528","type":"video"},{"content":"#gdny after hours sa","profileString":"facebook_page.207076125987250","postURL":"https://facebook.com/207076125987250/posts/1608445829183599","avatar":"https://graph.facebook.com/207076125987250/picture","classification":{"engine":"aylien","language":"en","taxonomy":[{"score":"0.0788","links":[{"rel":"self","link":"https://api.aylien.com/api/v1/classify/taxonomy/iab-qag/IAB9"}],"label":"Hobbies & Interests","id":"IAB9","confident":true},{"score":"0.0545","links":[{"rel":"self","link":"https://api.aylien.com/api/v1/classify/taxonomy/iab-qag/IAB9-6"},{"rel":"parent","link":"https://api.aylien.com/api/v1/classify/taxonomy/iab-qag/IAB9"}],"label":"Candle & Soap Making","id":"IAB9-6","confident":false}]},"postidString":"facebook_page.207076125987250_1608445829183599","postMeta":{"inserted":"content-engine"},"timestamp":1493215043,"sharesRcvd":3,"likesRcvd":116,"source":"facebook_page","lastUpdateQuantum":4981523,"name":"Rosanna Scotto Fox 5","imageLarge":"https://scontent.xx.fbcdn.net/v/t15.0-10/18175107_1608448022516713_4105394045214261248_n.jpg?oh=425a64be85e3d500b67d612266e638f8&oe=5989415E","objectID":"1608445829183599","repliesRcvd":100,"image":"https://scontent.xx.fbcdn.net/v/t15.0-10/s130x130/18175107_1608448022516713_4105394045214261248_n.jpg?oh=b20fd3282cc64833e10f846435ae168f&oe=598F4725","username":"rosanna.scotto","link":"https://www.facebook.com/rosanna.scotto/videos/1608445829183599/","timeQuantum":4977383,"video":"https://www.facebook.com/video/playback/playlist.m3u8?v=1608445829183599","type":"video"},{"content":"My pretty girl, Lulu, got a haircut! What do you think?","profileString":"facebook_page.207076125987250","postURL":"https://facebook.com/207076125987250/posts/1608854782476037","avatar":"https://graph.facebook.com/207076125987250/picture","classification":{"engine":"aylien","language":"en","taxonomy":[{"score":"0.0744","links":[{"rel":"self","link":"https://api.aylien.com/api/v1/classify/taxonomy/iab-qag/IAB9"}],"label":"Hobbies & Interests","id":"IAB9","confident":false},{"score":"0.0548","links":[{"rel":"self","link":"https://api.aylien.com/api/v1/classify/taxonomy/iab-qag/IAB9-23"},{"rel":"parent","link":"https://api.aylien.com/api/v1/classify/taxonomy/iab-qag/IAB9"}],"label":"Photography","id":"IAB9-23","confident":false}]},"postidString":"facebook_page.207076125987250_1608854782476037","postMeta":{"inserted":"content-engine"},"timestamp":1493243750,"sharesRcvd":12,"likesRcvd":2981,"source":"facebook_page","lastUpdateQuantum":4981523,"name":"Rosanna Scotto Fox 5","imageLarge":"https://scontent.xx.fbcdn.net/v/t1.0-9/s720x720/18198238_1608854782476037_1212564760055593875_n.jpg?oh=d14938455091d739419b706ff7ce2d7b&oe=598A5A61","objectID":"1608854782476037","repliesRcvd":700,"image":"https://scontent.xx.fbcdn.net/v/t1.0-0/s130x130/18198238_1608854782476037_1212564760055593875_n.jpg?oh=c3960b7f0a25ef5f3e2c43788d46231f&oe=597D7B74","username":"rosanna.scotto","link":"https://www.facebook.com/rosanna.scotto/photos/a.1113063945388459.1073741826.207076125987250/1608854782476037/?type=3","timeQuantum":4977479,"type":"photo","title":"Timeline Photos"},{"content":"#gdny after hours","profileString":"facebook_page.207076125987250","postURL":"https://facebook.com/207076125987250/posts/1609469529081229","avatar":"https://graph.facebook.com/207076125987250/picture","classification":{"engine":"aylien","language":"en","taxonomy":[{"score":"0.0808","links":[{"rel":"self","link":"https://api.aylien.com/api/v1/classify/taxonomy/iab-qag/IAB9"}],"label":"Hobbies & Interests","id":"IAB9","confident":true},{"score":"0.0547","links":[{"rel":"self","link":"https://api.aylien.com/api/v1/classify/taxonomy/iab-qag/IAB9-4"},{"rel":"parent","link":"https://api.aylien.com/api/v1/classify/taxonomy/iab-qag/IAB9"}],"label":"Birdwatching","id":"IAB9-4","confident":false}]},"postidString":"facebook_page.207076125987250_1609469529081229","postMeta":{"inserted":"content-engine"},"timestamp":1493301439,"sharesRcvd":5,"likesRcvd":133,"source":"facebook_page","lastUpdateQuantum":4978148,"name":"Rosanna Scotto Fox 5","imageLarge":"https://scontent.xx.fbcdn.net/v/t15.0-10/18191907_1609471812414334_3151601659835056128_n.jpg?oh=7ecd2ead5b75a011650dc07933e36e58&oe=5976E013","objectID":"1609469529081229","repliesRcvd":132,"image":"https://scontent.xx.fbcdn.net/v/t15.0-10/s130x130/18191907_1609471812414334_3151601659835056128_n.jpg?oh=c024a4665b63b14218df5cae0ab9d56c&oe=5988CA68","username":"rosanna.scotto","link":"https://www.facebook.com/rosanna.scotto/videos/1609469529081229/","timeQuantum":4977671,"video":"https://www.facebook.com/video/playback/playlist.m3u8?v=1609469529081229","type":"video"},{"content":"#tbt where did the time go? I remember when my kids used to like to come to #takeyourchildtoworkday… Now they have their own jobs!","profileString":"facebook_page.207076125987250","postURL":"https://facebook.com/207076125987250/posts/1609793055715543","avatar":"https://graph.facebook.com/207076125987250/picture","classification":{"engine":"aylien","language":"en","taxonomy":[{"score":"0.2371","links":[{"rel":"self","link":"https://api.aylien.com/api/v1/classify/taxonomy/iab-qag/IAB6-3"},{"rel":"parent","link":"https://api.aylien.com/api/v1/classify/taxonomy/iab-qag/IAB6"}],"label":"Daycare/Pre School","id":"IAB6-3","confident":false},{"score":"0.0824","links":[{"rel":"self","link":"https://api.aylien.com/api/v1/classify/taxonomy/iab-qag/IAB9"}],"label":"Hobbies & Interests","id":"IAB9","confident":true},{"score":"0.0687","links":[{"rel":"self","link":"https://api.aylien.com/api/v1/classify/taxonomy/iab-qag/IAB6"}],"label":"Family & Parenting","id":"IAB6","confident":false},{"score":"0.0565","links":[{"rel":"self","link":"https://api.aylien.com/api/v1/classify/taxonomy/iab-qag/IAB9-23"},{"rel":"parent","link":"https://api.aylien.com/api/v1/classify/taxonomy/iab-qag/IAB9"}],"label":"Photography","id":"IAB9-23","confident":false}]},"postidString":"facebook_page.207076125987250_1609793055715543","postMeta":{"inserted":"content-engine"},"timestamp":1493326423,"sharesRcvd":3,"likesRcvd":566,"source":"facebook_page","lastUpdateQuantum":4981523,"name":"Rosanna Scotto Fox 5","imageLarge":"https://scontent.xx.fbcdn.net/v/t1.0-9/s720x720/18193780_1609793055715543_2091423909749369198_n.jpg?oh=78f3ae33823f73d7220800e73aa90b02&oe=597A0DC5","objectID":"1609793055715543","repliesRcvd":56,"image":"https://scontent.xx.fbcdn.net/v/t1.0-0/s130x130/18193780_1609793055715543_2091423909749369198_n.jpg?oh=6a3cb510d71ecdd5421c2cf3bdcda1d7&oe=598F2ED0","username":"rosanna.scotto","link":"https://www.facebook.com/rosanna.scotto/photos/a.1113063945388459.1073741826.207076125987250/1609793055715543/?type=3","timeQuantum":4977754,"type":"photo","title":"Timeline Photos"},{"content":"GDNY after hours","profileString":"facebook_page.207076125987250","postURL":"https://facebook.com/207076125987250/posts/1610488018979380","avatar":"https://graph.facebook.com/207076125987250/picture","classification":{"engine":"aylien","language":"en","taxonomy":[{"score":"0.0808","confident":true,"links":[{"link":"https://api.aylien.com/api/v1/classify/taxonomy/iab-qag/IAB9","rel":"self"}],"id":"IAB9","label":"Hobbies & Interests"},{"score":"0.0547","confident":false,"links":[{"link":"https://api.aylien.com/api/v1/classify/taxonomy/iab-qag/IAB9-4","rel":"self"},{"link":"https://api.aylien.com/api/v1/classify/taxonomy/iab-qag/IAB9","rel":"parent"}],"id":"IAB9-4","label":"Birdwatching"}]},"postidString":"facebook_page.207076125987250_1610488018979380","postMeta":{"inserted":"content-engine"},"timestamp":1493387831,"sharesRcvd":3,"likesRcvd":128,"source":"facebook_page","lastUpdateQuantum":4978220,"name":"Rosanna Scotto Fox 5","imageLarge":"https://scontent.xx.fbcdn.net/v/t15.0-10/18202217_1610491202312395_7278245592617189376_n.jpg?oh=42f4c958011bda076dd898bbcd7b3229&oe=59C2B7E4","objectID":"1610488018979380","repliesRcvd":104,"image":"https://scontent.xx.fbcdn.net/v/t15.0-10/s130x130/18202217_1610491202312395_7278245592617189376_n.jpg?oh=4554752c351529ceafac4fa5eb874c53&oe=5974119F","username":"rosanna.scotto","link":"https://www.facebook.com/rosanna.scotto/videos/1610488018979380/","timeQuantum":4977959,"video":"https://www.facebook.com/video/playback/playlist.m3u8?v=1610488018979380","type":"video"},{"content":"#fbf when the weather would turn nice, and before the tree with bloom, my sister and I would love to climb the tree in our front yard in Brooklyn #goodtimes","profileString":"facebook_page.207076125987250","postURL":"https://facebook.com/207076125987250/posts/1610763028951879","avatar":"https://graph.facebook.com/207076125987250/picture","classification":{"engine":"aylien","language":"en","taxonomy":[{"score":"0.2545","confident":false,"links":[{"link":"https://api.aylien.com/api/v1/classify/taxonomy/iab-qag/IAB10-8","rel":"self"},{"link":"https://api.aylien.com/api/v1/classify/taxonomy/iab-qag/IAB10","rel":"parent"}],"id":"IAB10-8","label":"Landscaping"},{"score":"0.0845","confident":true,"links":[{"link":"https://api.aylien.com/api/v1/classify/taxonomy/iab-qag/IAB10","rel":"self"}],"id":"IAB10","label":"Home & Garden"}]},"postidString":"facebook_page.207076125987250_1610763028951879","postMeta":{"inserted":"content-engine"},"timestamp":1493410921,"sharesRcvd":5,"likesRcvd":599,"source":"facebook_page","lastUpdateQuantum":4982027,"name":"Rosanna Scotto Fox 5","imageLarge":"https://scontent.xx.fbcdn.net/v/t1.0-9/s720x720/18157322_1610763028951879_8102905819315023946_n.jpg?oh=cd9d625685bfdd9790e7b6f83969693f&oe=59BCAC6A","objectID":"1610763028951879","repliesRcvd":105,"image":"https://scontent.xx.fbcdn.net/v/t1.0-0/s130x130/18157322_1610763028951879_8102905819315023946_n.jpg?oh=eba4caba9798f57d5b66cdc55c5e22ed&oe=597A3C7F","username":"rosanna.scotto","link":"https://www.facebook.com/rosanna.scotto/photos/a.1113063945388459.1073741826.207076125987250/1610763028951879/?type=3","timeQuantum":4978036,"title":"Timeline Photos","type":"photo"},{"content":"Saturday night out with the husband","profileString":"facebook_page.207076125987250","postURL":"https://facebook.com/207076125987250/posts/1611776405517208","avatar":"https://graph.facebook.com/207076125987250/picture","classification":{"engine":"aylien","language":"en","taxonomy":[{"score":"0.3115","confident":true,"links":[{"link":"https://api.aylien.com/api/v1/classify/taxonomy/iab-qag/IAB1-2","rel":"self"},{"link":"https://api.aylien.com/api/v1/classify/taxonomy/iab-qag/IAB1","rel":"parent"}],"id":"IAB1-2","label":"Celebrity Fan/Gossip"},{"score":"0.0730","confident":false,"links":[{"link":"https://api.aylien.com/api/v1/classify/taxonomy/iab-qag/IAB9","rel":"self"}],"id":"IAB9","label":"Hobbies & Interests"},{"score":"0.0707","confident":false,"links":[{"link":"https://api.aylien.com/api/v1/classify/taxonomy/iab-qag/IAB1","rel":"self"}],"id":"IAB1","label":"Arts & Entertainment"},{"score":"0.0626","confident":false,"links":[{"link":"https://api.aylien.com/api/v1/classify/taxonomy/iab-qag/IAB9-23","rel":"self"},{"link":"https://api.aylien.com/api/v1/classify/taxonomy/iab-qag/IAB9","rel":"parent"}],"id":"IAB9-23","label":"Photography"},{"score":"0.0594","confident":false,"links":[{"link":"https://api.aylien.com/api/v1/classify/taxonomy/iab-qag/IAB17","rel":"self"}],"id":"IAB17","label":"Sports"},{"score":"0.0462","confident":false,"links":[{"link":"https://api.aylien.com/api/v1/classify/taxonomy/iab-qag/IAB17-43","rel":"self"},{"link":"https://api.aylien.com/api/v1/classify/taxonomy/iab-qag/IAB17","rel":"parent"}],"id":"IAB17-43","label":"Waterski/Wakeboard"}]},"postidString":"facebook_page.207076125987250_1611776405517208","postMeta":{"inserted":"content-engine"},"timestamp":1493509940,"sharesRcvd":6,"likesRcvd":2259,"source":"facebook_page","lastUpdateQuantum":4982027,"name":"Rosanna Scotto Fox 5","imageLarge":"https://scontent.xx.fbcdn.net/v/t1.0-9/s720x720/18157003_1611776405517208_839830764317966044_n.jpg?oh=bab20a69b11ff1425c85b92b80c6a860&oe=597BBED3","objectID":"1611776405517208","repliesRcvd":265,"image":"https://scontent.xx.fbcdn.net/v/t1.0-0/s130x130/18157003_1611776405517208_839830764317966044_n.jpg?oh=14b548482824bc4e0fffc7eb1641748c&oe=5982DB2C","username":"rosanna.scotto","link":"https://www.facebook.com/rosanna.scotto/photos/a.1113063945388459.1073741826.207076125987250/1611776405517208/?type=3","timeQuantum":4978366,"title":"Timeline Photos","type":"photo"},{"content":"#gdny after hours","profileString":"facebook_page.207076125987250","postURL":"https://facebook.com/207076125987250/posts/1613497758678406","avatar":"https://graph.facebook.com/207076125987250/picture","classification":{"engine":"aylien","language":"en","taxonomy":[{"score":"0.0808","confident":true,"links":[{"link":"https://api.aylien.com/api/v1/classify/taxonomy/iab-qag/IAB9","rel":"self"}],"id":"IAB9","label":"Hobbies & Interests"},{"score":"0.0547","confident":false,"links":[{"link":"https://api.aylien.com/api/v1/classify/taxonomy/iab-qag/IAB9-4","rel":"self"},{"link":"https://api.aylien.com/api/v1/classify/taxonomy/iab-qag/IAB9","rel":"parent"}],"id":"IAB9-4","label":"Birdwatching"}]},"postidString":"facebook_page.207076125987250_1613497758678406","postMeta":{"inserted":"content-engine"},"timestamp":1493647039,"sharesRcvd":9,"likesRcvd":97,"source":"facebook_page","lastUpdateQuantum":4982675,"name":"Rosanna Scotto Fox 5","imageLarge":"https://scontent.xx.fbcdn.net/v/t15.0-10/18259677_1613500245344824_6975783095005872128_n.jpg?oh=3a902acf5c693ada8e7e9774c487f05a&oe=598F96A4","objectID":"1613497758678406","repliesRcvd":102,"image":"https://scontent.xx.fbcdn.net/v/t15.0-10/s130x130/18259677_1613500245344824_6975783095005872128_n.jpg?oh=360435766809bf1d4d842d2a203e3882&oe=598F07DF","username":"rosanna.scotto","link":"https://www.facebook.com/rosanna.scotto/videos/1613497758678406/","timeQuantum":4978823,"video":"https://www.facebook.com/video/playback/playlist.m3u8?v=1613497758678406","type":"video"},{"content":"Yes.. I went there with Ali Macgraw. Doesn't she look great!?!","profileString":"facebook_page.207076125987250","postURL":"https://facebook.com/207076125987250/posts/1613891125305736","avatar":"https://graph.facebook.com/207076125987250/picture","classification":{"engine":"aylien","language":"en","taxonomy":[{"score":"0.2026","confident":false,"links":[{"link":"https://api.aylien.com/api/v1/classify/taxonomy/iab-qag/IAB25-2","rel":"self"},{"link":"https://api.aylien.com/api/v1/classify/taxonomy/iab-qag/IAB25","rel":"parent"}],"id":"IAB25-2","label":"Extreme Graphic/Explicit Violence"},{"score":"0.0705","confident":false,"links":[{"link":"https://api.aylien.com/api/v1/classify/taxonomy/iab-qag/IAB9","rel":"self"}],"id":"IAB9","label":"Hobbies & Interests"},{"score":"0.0656","confident":false,"links":[{"link":"https://api.aylien.com/api/v1/classify/taxonomy/iab-qag/IAB25","rel":"self"}],"id":"IAB25","label":"Non-Standard Content"},{"score":"0.0514","confident":false,"links":[{"link":"https://api.aylien.com/api/v1/classify/taxonomy/iab-qag/IAB9-4","rel":"self"},{"link":"https://api.aylien.com/api/v1/classify/taxonomy/iab-qag/IAB9","rel":"parent"}],"id":"IAB9-4","label":"Birdwatching"}]},"postidString":"facebook_page.207076125987250_1613891125305736","postMeta":{"inserted":"content-engine"},"timestamp":1493678360,"sharesRcvd":16,"likesRcvd":408,"source":"facebook_page","lastUpdateQuantum":4982675,"name":"Rosanna Scotto Fox 5","imageLarge":"https://scontent.xx.fbcdn.net/v/t15.0-10/s720x720/18279081_1613902551971260_2550336333230899200_n.jpg?oh=7a7452947ab9990b94e1d8a1c565a501&oe=59819F37","objectID":"1613891125305736","repliesRcvd":52,"image":"https://scontent.xx.fbcdn.net/v/t15.0-10/s130x130/18279081_1613902551971260_2550336333230899200_n.jpg?oh=490355e090e150eb09789cdecca5d7a5&oe=59BAAB15","username":"rosanna.scotto","link":"https://www.facebook.com/rosanna.scotto/videos/1613891125305736/","timeQuantum":4978927,"video":"https://video.xx.fbcdn.net/v/t42.1790-2/18243246_629191873941403_6117800954575192064_n.mp4?efg=eyJybHIiOjY5MywicmxhIjo1MTIsInZlbmNvZGVfdGFnIjoic3ZlX3NkIn0%3D&rl=693&vabr=385&oh=0f6430db6977e50742f388cd53e98b70&oe=590A585B","type":"video"},{"content":"#Gdny after hours","profileString":"facebook_page.207076125987250","postURL":"https://facebook.com/207076125987250/posts/1614477478580434","avatar":"https://graph.facebook.com/207076125987250/picture","classification":{"engine":"aylien","language":"en","taxonomy":[{"score":"0.0808","confident":true,"links":[{"link":"https://api.aylien.com/api/v1/classify/taxonomy/iab-qag/IAB9","rel":"self"}],"id":"IAB9","label":"Hobbies & Interests"},{"score":"0.0547","confident":false,"links":[{"link":"https://api.aylien.com/api/v1/classify/taxonomy/iab-qag/IAB9-4","rel":"self"},{"link":"https://api.aylien.com/api/v1/classify/taxonomy/iab-qag/IAB9","rel":"parent"}],"id":"IAB9-4","label":"Birdwatching"}]},"postidString":"facebook_page.207076125987250_1614477478580434","postMeta":{"inserted":"content-engine"},"timestamp":1493733455,"sharesRcvd":2,"likesRcvd":115,"source":"facebook_page","lastUpdateQuantum":4983134,"name":"Rosanna Scotto Fox 5","imageLarge":"https://scontent.xx.fbcdn.net/v/t15.0-10/18279566_1614478621913653_5885953826753609728_n.jpg?oh=a08233ddc3b6b15d62f9e76b67b9d11a&oe=597AF91D","objectID":"1614477478580434","repliesRcvd":101,"image":"https://scontent.xx.fbcdn.net/v/t15.0-10/s130x130/18279566_1614478621913653_5885953826753609728_n.jpg?oh=232562775caca713835ea760dc49c19f&oe=59805B66","username":"rosanna.scotto","link":"https://www.facebook.com/rosanna.scotto/videos/1614477478580434/","timeQuantum":4979111,"video":"https://www.facebook.com/video/playback/playlist.m3u8?v=1614477478580434","type":"video"},{"content":"My husband will freak! #JoeNamath","profileString":"facebook_page.207076125987250","postURL":"https://facebook.com/207076125987250/posts/1615005978527584","avatar":"https://graph.facebook.com/207076125987250/picture","classification":{"engine":"aylien","language":"en","taxonomy":[{"score":"0.0736","confident":false,"links":[{"link":"https://api.aylien.com/api/v1/classify/taxonomy/iab-qag/IAB9","rel":"self"}],"id":"IAB9","label":"Hobbies & Interests"},{"score":"0.0643","confident":false,"links":[{"link":"https://api.aylien.com/api/v1/classify/taxonomy/iab-qag/IAB9-23","rel":"self"},{"link":"https://api.aylien.com/api/v1/classify/taxonomy/iab-qag/IAB9","rel":"parent"}],"id":"IAB9-23","label":"Photography"}]},"postidString":"facebook_page.207076125987250_1615005978527584","postMeta":{"inserted":"content-engine"},"timestamp":1493770510,"sharesRcvd":7,"likesRcvd":1465,"source":"facebook_page","lastUpdateQuantum":4980515,"name":"Rosanna Scotto Fox 5","imageLarge":"https://scontent.xx.fbcdn.net/v/t1.0-9/s720x720/18268386_1615005978527584_6009994594594870249_n.jpg?oh=9dfca5e32a9e73e365336ba2e8b0ddf1&oe=59B77804","objectID":"1615005978527584","repliesRcvd":182,"image":"https://scontent.xx.fbcdn.net/v/t1.0-0/s130x130/18268386_1615005978527584_6009994594594870249_n.jpg?oh=cecbc9761c9810bff43a6089d375d55a&oe=597D7311","username":"rosanna.scotto","link":"https://www.facebook.com/rosanna.scotto/photos/a.1113063945388459.1073741826.207076125987250/1615005978527584/?type=3","timeQuantum":4979235,"title":"Timeline Photos","type":"photo"},{"content":"#Gdny after hours","profileString":"facebook_page.207076125987250","postURL":"https://facebook.com/207076125987250/posts/1615560271805488","avatar":"https://graph.facebook.com/207076125987250/picture","classification":{"engine":"aylien","language":"en","taxonomy":[{"score":"0.0808","confident":true,"links":[{"link":"https://api.aylien.com/api/v1/classify/taxonomy/iab-qag/IAB9","rel":"self"}],"id":"IAB9","label":"Hobbies & Interests"},{"score":"0.0547","confident":false,"links":[{"link":"https://api.aylien.com/api/v1/classify/taxonomy/iab-qag/IAB9-4","rel":"self"},{"link":"https://api.aylien.com/api/v1/classify/taxonomy/iab-qag/IAB9","rel":"parent"}],"id":"IAB9-4","label":"Birdwatching"}]},"postidString":"facebook_page.207076125987250_1615560271805488","postMeta":{"inserted":"content-engine"},"timestamp":1493819837,"sharesRcvd":4,"likesRcvd":93,"source":"facebook_page","lastUpdateQuantum":4983404,"name":"Rosanna Scotto Fox 5","imageLarge":"https://scontent.xx.fbcdn.net/v/t15.0-10/18339814_1615564078471774_1044600969112846336_n.jpg?oh=585094d967817f47b4e77061025bfe9b&oe=59BCA3B6","objectID":"1615560271805488","repliesRcvd":101,"image":"https://scontent.xx.fbcdn.net/v/t15.0-10/s130x130/18339814_1615564078471774_1044600969112846336_n.jpg?oh=ca87e4065135ae3448e91a4ca305449c&oe=59BA19CD","username":"rosanna.scotto","link":"https://www.facebook.com/rosanna.scotto/videos/1615560271805488/","timeQuantum":4979399,"video":"https://www.facebook.com/video/playback/playlist.m3u8?v=1615560271805488","type":"video"},{"content":"I can't believe I did this to #TonyBennett","profileString":"facebook_page.207076125987250","postURL":"https://facebook.com/207076125987250/posts/1615663595128489","avatar":"https://graph.facebook.com/207076125987250/picture","classification":{"engine":"aylien","language":"en","taxonomy":[{"score":"0.0741","confident":false,"links":[{"link":"https://api.aylien.com/api/v1/classify/taxonomy/iab-qag/IAB9","rel":"self"}],"id":"IAB9","label":"Hobbies & Interests"},{"score":"0.0515","confident":false,"links":[{"link":"https://api.aylien.com/api/v1/classify/taxonomy/iab-qag/IAB9-4","rel":"self"},{"link":"https://api.aylien.com/api/v1/classify/taxonomy/iab-qag/IAB9","rel":"parent"}],"id":"IAB9-4","label":"Birdwatching"}]},"postidString":"facebook_page.207076125987250_1615663595128489","postMeta":{"inserted":"content-engine"},"timestamp":1493827435,"sharesRcvd":10,"likesRcvd":669,"source":"facebook_page","lastUpdateQuantum":4983404,"name":"Rosanna Scotto Fox 5","imageLarge":"https://scontent.xx.fbcdn.net/v/t15.0-10/s720x720/18300741_1615664371795078_2171031407495741440_n.jpg?oh=c3bd7c335bd65bb2181beee61cd5dce6&oe=59BDF2F6","objectID":"1615663595128489","repliesRcvd":70,"image":"https://scontent.xx.fbcdn.net/v/t15.0-10/s130x130/18300741_1615664371795078_2171031407495741440_n.jpg?oh=1c159a8ff37e2f454d48373bb34d34a6&oe=59777CD4","username":"rosanna.scotto","link":"https://www.facebook.com/rosanna.scotto/videos/1615663595128489/","timeQuantum":4979424,"video":"https://video.xx.fbcdn.net/v/t42.1790-2/18250421_396629844056214_5089844066066104320_n.mp4?efg=eyJybHIiOjM1OCwicmxhIjo1MTIsInZlbmNvZGVfdGFnIjoic3ZlX3NkIn0%3D&rl=358&vabr=199&oh=c304f2daffdb326c032b77cdd631b3b8&oe=590C2568","type":"video"},{"content":"When you have the audacity to post a photo with no make up because you had the best spin class ever! Angela Davis Motivational Coach #gratitude pleasedobtjudge","profileString":"facebook_page.207076125987250","postURL":"https://facebook.com/207076125987250/posts/1617821761579339","avatar":"https://graph.facebook.com/207076125987250/picture","classification":{"engine":"aylien","language":"en","taxonomy":[{"score":"0.0874","confident":true,"links":[{"link":"https://api.aylien.com/api/v1/classify/taxonomy/iab-qag/IAB17","rel":"self"}],"id":"IAB17","label":"Sports"},{"score":"0.0748","confident":false,"links":[{"link":"https://api.aylien.com/api/v1/classify/taxonomy/iab-qag/IAB9","rel":"self"}],"id":"IAB9","label":"Hobbies & Interests"},{"score":"0.0658","confident":false,"links":[{"link":"https://api.aylien.com/api/v1/classify/taxonomy/iab-qag/IAB9-23","rel":"self"},{"link":"https://api.aylien.com/api/v1/classify/taxonomy/iab-qag/IAB9","rel":"parent"}],"id":"IAB9-23","label":"Photography"},{"score":"0.0374","confident":false,"links":[{"link":"https://api.aylien.com/api/v1/classify/taxonomy/iab-qag/IAB17-12","rel":"self"},{"link":"https://api.aylien.com/api/v1/classify/taxonomy/iab-qag/IAB17","rel":"parent"}],"id":"IAB17-12","label":"Football"}]},"postidString":"facebook_page.207076125987250_1617821761579339","postMeta":{"inserted":"content-engine"},"timestamp":1494007603,"sharesRcvd":5,"likesRcvd":837,"source":"facebook_page","lastUpdateQuantum":4983593,"name":"Rosanna Scotto Fox 5","imageLarge":"https://scontent.xx.fbcdn.net/v/t1.0-9/s720x720/18274868_1617821761579339_4446030419037601927_n.jpg?oh=9b82979932ed0a5d96d7782ecdf92123&oe=59BDBD1B","objectID":"1617821761579339","repliesRcvd":163,"image":"https://scontent.xx.fbcdn.net/v/t1.0-0/s130x130/18274868_1617821761579339_4446030419037601927_n.jpg?oh=c4dcfc3b6a43e530478d9ec602ee711f&oe=59741E0E","username":"rosanna.scotto","link":"https://www.facebook.com/rosanna.scotto/photos/a.1113063945388459.1073741826.207076125987250/1617821761579339/?type=3","timeQuantum":4980025,"title":"Timeline Photos","type":"photo"},{"content":"Time flies! It seems like yesterday when you came into this world. Now you're a strong, independent and beautiful young woman. #HappyBirthday Jenna Ruggiero ❤️❤️","profileString":"facebook_page.207076125987250","postURL":"https://facebook.com/207076125987250/posts/1620569974637851","avatar":"https://graph.facebook.com/207076125987250/picture","classification":{"engine":"aylien","language":"en","taxonomy":[{"score":"0.0800","confident":true,"links":[{"link":"https://api.aylien.com/api/v1/classify/taxonomy/iab-qag/IAB9","rel":"self"}],"id":"IAB9","label":"Hobbies & Interests"},{"score":"0.0566","confident":false,"links":[{"link":"https://api.aylien.com/api/v1/classify/taxonomy/iab-qag/IAB9-23","rel":"self"},{"link":"https://api.aylien.com/api/v1/classify/taxonomy/iab-qag/IAB9","rel":"parent"}],"id":"IAB9-23","label":"Photography"}]},"postidString":"facebook_page.207076125987250_1620569974637851","postMeta":{"inserted":"content-engine"},"timestamp":1494247700,"sharesRcvd":4,"likesRcvd":1368,"source":"facebook_page","lastUpdateQuantum":4984250,"name":"Rosanna Scotto Fox 5","imageLarge":"https://scontent.xx.fbcdn.net/v/t1.0-9/p720x720/18402931_1620569974637851_5375955272429703579_n.jpg?oh=1117b6c9c8525779fec5b9c59e8a24ee&oe=59BD21D9","objectID":"1620569974637851","repliesRcvd":203,"image":"https://scontent.xx.fbcdn.net/v/t1.0-0/p130x130/18402931_1620569974637851_5375955272429703579_n.jpg?oh=41430875a62cc05ab7c0eb12d0f1ad48&oe=59BF27CC","username":"rosanna.scotto","link":"https://www.facebook.com/rosanna.scotto/photos/a.1113063945388459.1073741826.207076125987250/1620569974637851/?type=3","timeQuantum":4980825,"title":"Timeline Photos","type":"photo"},{"content":"#Gdny after hours","profileString":"facebook_page.207076125987250","postURL":"https://facebook.com/207076125987250/posts/1620629431298572","avatar":"https://graph.facebook.com/207076125987250/picture","classification":{"engine":"aylien","language":"en","taxonomy":[{"score":"0.0808","confident":true,"links":[{"link":"https://api.aylien.com/api/v1/classify/taxonomy/iab-qag/IAB9","rel":"self"}],"id":"IAB9","label":"Hobbies & Interests"},{"score":"0.0547","confident":false,"links":[{"link":"https://api.aylien.com/api/v1/classify/taxonomy/iab-qag/IAB9-4","rel":"self"},{"link":"https://api.aylien.com/api/v1/classify/taxonomy/iab-qag/IAB9","rel":"parent"}],"id":"IAB9-4","label":"Birdwatching"}]},"postidString":"facebook_page.207076125987250_1620629431298572","postMeta":{"inserted":"content-engine"},"timestamp":1494251837,"sharesRcvd":3,"likesRcvd":119,"source":"facebook_page","lastUpdateQuantum":4984250,"name":"Rosanna Scotto Fox 5","imageLarge":"https://scontent.xx.fbcdn.net/v/t15.0-10/18407612_1620631997964982_6608132782071742464_n.jpg?oh=80db74c9ef45c26b1a1b22f6ab7d637f&oe=59860DB7","objectID":"1620629431298572","repliesRcvd":103,"image":"https://scontent.xx.fbcdn.net/v/t15.0-10/s130x130/18407612_1620631997964982_6608132782071742464_n.jpg?oh=689e6331aca7e8498b966d19d8107dfb&oe=59B747CC","username":"rosanna.scotto","link":"https://www.facebook.com/rosanna.scotto/videos/1620629431298572/","timeQuantum":4980839,"video":"https://www.facebook.com/video/playback/playlist.m3u8?v=1620629431298572","type":"video"},{"content":"#gdny after hours","profileString":"facebook_page.207076125987250","postURL":"https://facebook.com/207076125987250/posts/1621585311202984","avatar":"https://graph.facebook.com/207076125987250/picture","classification":{"engine":"aylien","language":"en","taxonomy":[{"score":"0.0808","confident":true,"links":[{"link":"https://api.aylien.com/api/v1/classify/taxonomy/iab-qag/IAB9","rel":"self"}],"id":"IAB9","label":"Hobbies & Interests"},{"score":"0.0547","confident":false,"links":[{"link":"https://api.aylien.com/api/v1/classify/taxonomy/iab-qag/IAB9-4","rel":"self"},{"link":"https://api.aylien.com/api/v1/classify/taxonomy/iab-qag/IAB9","rel":"parent"}],"id":"IAB9-4","label":"Birdwatching"}]},"postidString":"facebook_page.207076125987250_1621585311202984","postMeta":{"inserted":"content-engine"},"timestamp":1494338239,"sharesRcvd":5,"likesRcvd":125,"source":"facebook_page","lastUpdateQuantum":4984250,"name":"Rosanna Scotto Fox 5","imageLarge":"https://scontent.xx.fbcdn.net/v/t15.0-10/18407671_1621587194536129_1066282921800761344_n.jpg?oh=806ca0f426f719619daaa64403f685d0&oe=598155CA","objectID":"1621585311202984","repliesRcvd":106,"image":"https://scontent.xx.fbcdn.net/v/t15.0-10/s130x130/18407671_1621587194536129_1066282921800761344_n.jpg?oh=cb150c39710f67c8035c52aebc6ddfe1&oe=59AEE7B1","username":"rosanna.scotto","link":"https://www.facebook.com/rosanna.scotto/videos/1621585311202984/","timeQuantum":4981127,"video":"https://www.facebook.com/video/playback/playlist.m3u8?v=1621585311202984","type":"video"},{"content":"Got to meet Gisele Bündchen David Lynch Foundation She truly is a #WomenofCourage ! ❤️💪","profileString":"facebook_page.207076125987250","postURL":"https://facebook.com/207076125987250/posts/1621776364517212","avatar":"https://graph.facebook.com/207076125987250/picture","classification":{"engine":"aylien","language":"en","taxonomy":[{"score":"0.0749","confident":false,"links":[{"link":"https://api.aylien.com/api/v1/classify/taxonomy/iab-qag/IAB9","rel":"self"}],"id":"IAB9","label":"Hobbies & Interests"},{"score":"0.0563","confident":false,"links":[{"link":"https://api.aylien.com/api/v1/classify/taxonomy/iab-qag/IAB9-23","rel":"self"},{"link":"https://api.aylien.com/api/v1/classify/taxonomy/iab-qag/IAB9","rel":"parent"}],"id":"IAB9-23","label":"Photography"}]},"postidString":"facebook_page.207076125987250_1621776364517212","postMeta":{"inserted":"content-engine"},"timestamp":1494352908,"sharesRcvd":4,"likesRcvd":383,"source":"facebook_page","lastUpdateQuantum":4984250,"name":"Rosanna Scotto Fox 5","imageLarge":"https://scontent.xx.fbcdn.net/v/t1.0-9/s720x720/18342534_1621776364517212_2877256953349878485_n.jpg?oh=809311bc22519ff1b43026efb594835e&oe=59BF2F21","objectID":"1621776364517212","repliesRcvd":36,"image":"https://scontent.xx.fbcdn.net/v/t1.0-0/s130x130/18342534_1621776364517212_2877256953349878485_n.jpg?oh=9cfb72e5023e03fd381a45519961bf93&oe=59B61C34","username":"rosanna.scotto","link":"https://www.facebook.com/rosanna.scotto/photos/a.1113063945388459.1073741826.207076125987250/1621776364517212/?type=3","timeQuantum":4981176,"title":"Timeline Photos","type":"photo"},{"content":"Thank you Natasha! Love ❤️ Blushington and you!!","profileString":"facebook_page.207076125987250","postURL":"https://facebook.com/207076125987250/posts/1621892044505644","avatar":"https://graph.facebook.com/207076125987250/picture","classification":{"engine":"aylien","language":"en","taxonomy":[{"score":"0.0830","confident":true,"links":[{"link":"https://api.aylien.com/api/v1/classify/taxonomy/iab-qag/IAB9","rel":"self"}],"id":"IAB9","label":"Hobbies & Interests"},{"score":"0.0483","confident":false,"links":[{"link":"https://api.aylien.com/api/v1/classify/taxonomy/iab-qag/IAB9-28","rel":"self"},{"link":"https://api.aylien.com/api/v1/classify/taxonomy/iab-qag/IAB9","rel":"parent"}],"id":"IAB9-28","label":"Screenwriting"}]},"postidString":"facebook_page.207076125987250_1621892044505644","postMeta":{"inserted":"content-engine"},"timestamp":1494362304,"sharesRcvd":0,"likesRcvd":90,"source":"facebook_page","lastUpdateQuantum":4984250,"name":"Rosanna Scotto Fox 5","imageLarge":"https://scontent.xx.fbcdn.net/v/t15.0-10/s720x720/18466894_1472979462766299_3090234132022689792_n.jpg?oh=47580e6c969e26896b55326837db3a82&oe=59C09F2E","repliesRcvd":1,"image":"https://scontent.xx.fbcdn.net/v/t15.0-10/s130x130/18466894_1472979462766299_3090234132022689792_n.jpg?oh=22227a647cfb8626caabb40ece3d60f3&oe=5975E70C","username":"rosanna.scotto","link":"https://www.facebook.com/blushington/videos/1472946589436253/","timeQuantum":4981207,"video":"https://scontent.xx.fbcdn.net/v/t42.9040-4/10000000_1880931691932860_2891455370457251840_n.mp4?efg=eyJ2ZW5jb2RlX3RhZyI6InNkIn0%3D&oh=0783869d0ca259081a5d2a6418cd82ed&oe=5913D521","title":"Blushington","type":"video"},{"content":"Happy Birthday 🎂 Louis ❤️","profileString":"facebook_page.207076125987250","postURL":"https://facebook.com/207076125987250/posts/1622437904451058","avatar":"https://graph.facebook.com/207076125987250/picture","classification":{"engine":"aylien","language":"en","taxonomy":[{"score":"0.3963","confident":false,"links":[{"link":"https://api.aylien.com/api/v1/classify/taxonomy/iab-qag/IAB18-6","rel":"self"},{"link":"https://api.aylien.com/api/v1/classify/taxonomy/iab-qag/IAB18","rel":"parent"}],"id":"IAB18-6","label":"Accessories"},{"score":"0.1106","confident":false,"links":[{"link":"https://api.aylien.com/api/v1/classify/taxonomy/iab-qag/IAB8-5","rel":"self"},{"link":"https://api.aylien.com/api/v1/classify/taxonomy/iab-qag/IAB8","rel":"parent"}],"id":"IAB8-5","label":"Cocktails/Beer"},{"score":"0.0665","confident":false,"links":[{"link":"https://api.aylien.com/api/v1/classify/taxonomy/iab-qag/IAB8","rel":"self"}],"id":"IAB8","label":"Food & Drink"},{"score":"0.0621","confident":false,"links":[{"link":"https://api.aylien.com/api/v1/classify/taxonomy/iab-qag/IAB18","rel":"self"}],"id":"IAB18","label":"Style & Fashion"},{"score":"0.0592","confident":false,"links":[{"link":"https://api.aylien.com/api/v1/classify/taxonomy/iab-qag/IAB9","rel":"self"}],"id":"IAB9","label":"Hobbies & Interests"},{"score":"0.0547","confident":false,"links":[{"link":"https://api.aylien.com/api/v1/classify/taxonomy/iab-qag/IAB17","rel":"self"}],"id":"IAB17","label":"Sports"},{"score":"0.0497","confident":false,"links":[{"link":"https://api.aylien.com/api/v1/classify/taxonomy/iab-qag/IAB9-21","rel":"self"},{"link":"https://api.aylien.com/api/v1/classify/taxonomy/iab-qag/IAB9","rel":"parent"}],"id":"IAB9-21","label":"Needlework"},{"score":"0.0413","confident":false,"links":[{"link":"https://api.aylien.com/api/v1/classify/taxonomy/iab-qag/IAB17-43","rel":"self"},{"link":"https://api.aylien.com/api/v1/classify/taxonomy/iab-qag/IAB17","rel":"parent"}],"id":"IAB17-43","label":"Waterski/Wakeboard"}]},"postidString":"facebook_page.207076125987250_1622437904451058","postMeta":{"inserted":"content-engine"},"timestamp":1494417551,"sharesRcvd":3,"likesRcvd":1452,"source":"facebook_page","lastUpdateQuantum":4984250,"name":"Rosanna Scotto Fox 5","imageLarge":"https://scontent.xx.fbcdn.net/v/t15.0-10/s720x720/18467044_1622438957784286_2191571113631285248_n.jpg?oh=84a35b9719ff3b31ead4629ba826842d&oe=597EE1CD","objectID":"1622437904451058","repliesRcvd":186,"image":"https://scontent.xx.fbcdn.net/v/t15.0-10/s130x130/18467044_1622438957784286_2191571113631285248_n.jpg?oh=50fa49fc8b7e859dbf66e15ac5781cb4&oe=5983B0EF","username":"rosanna.scotto","link":"https://www.facebook.com/rosanna.scotto/videos/1622437904451058/","timeQuantum":4981391,"video":"https://video.xx.fbcdn.net/v/t42.1790-2/18429902_804522249712051_5145182232888999936_n.mp4?efg=eyJybHIiOjMwMCwicmxhIjo1MTIsInZlbmNvZGVfdGFnIjoic3ZlX3NkIn0%3D&rl=300&vabr=92&oh=3ff639fe5a2989eca9cdaad2f085643a&oe=59150786","type":"video"},{"content":"#gdny after hours","profileString":"facebook_page.207076125987250","postURL":"https://facebook.com/207076125987250/posts/1622531874441661","avatar":"https://graph.facebook.com/207076125987250/picture","classification":{"engine":"aylien","language":"en","taxonomy":[{"score":"0.0808","confident":true,"links":[{"link":"https://api.aylien.com/api/v1/classify/taxonomy/iab-qag/IAB9","rel":"self"}],"id":"IAB9","label":"Hobbies & Interests"},{"score":"0.0547","confident":false,"links":[{"link":"https://api.aylien.com/api/v1/classify/taxonomy/iab-qag/IAB9-4","rel":"self"},{"link":"https://api.aylien.com/api/v1/classify/taxonomy/iab-qag/IAB9","rel":"parent"}],"id":"IAB9-4","label":"Birdwatching"}]},"postidString":"facebook_page.207076125987250_1622531874441661","postMeta":{"inserted":"content-engine"},"timestamp":1494424633,"sharesRcvd":6,"likesRcvd":150,"source":"facebook_page","lastUpdateQuantum":4984250,"name":"Rosanna Scotto Fox 5","imageLarge":"https://scontent.xx.fbcdn.net/v/t15.0-10/18443091_1622538847774297_2517238713952501760_n.jpg?oh=b2715648752cd43cac9bfd727a4c3502&oe=59B61854","objectID":"1622531874441661","repliesRcvd":127,"image":"https://scontent.xx.fbcdn.net/v/t15.0-10/s130x130/18443091_1622538847774297_2517238713952501760_n.jpg?oh=977506d19596f3fe7ff6a93504eba35e&oe=59B3162F","username":"rosanna.scotto","link":"https://www.facebook.com/rosanna.scotto/videos/1622531874441661/","timeQuantum":4981415,"video":"https://scontent.xx.fbcdn.net/v/t42.1790-29/18457103_884973078307793_4843559852355616768_n.mp4?efg=eyJybHIiOjEwMzgsInJsYSI6MzgyNywidmVuY29kZV90YWciOiJzZCJ9&rl=1038&vabr=577&oh=f3c533b1672f7fb4777cd9895f91aef9&oe=59154FD3","type":"video"},{"content":"If you think the #sweetpotatopie was delish, check out the #bananapudding #pattilabelle and her new album #belhommage and all that jazz! #gdny @walmart Patti LaBelle","profileString":"facebook_page.207076125987250","postURL":"https://facebook.com/207076125987250/posts/1622691857758996","avatar":"https://graph.facebook.com/207076125987250/picture","classification":{"engine":"aylien","language":"en","taxonomy":[{"score":"0.3801","confident":true,"links":[{"link":"https://api.aylien.com/api/v1/classify/taxonomy/iab-qag/IAB1-6","rel":"self"},{"link":"https://api.aylien.com/api/v1/classify/taxonomy/iab-qag/IAB1","rel":"parent"}],"id":"IAB1-6","label":"Music"},{"score":"0.0884","confident":true,"links":[{"link":"https://api.aylien.com/api/v1/classify/taxonomy/iab-qag/IAB9","rel":"self"}],"id":"IAB9","label":"Hobbies & Interests"},{"score":"0.0882","confident":true,"links":[{"link":"https://api.aylien.com/api/v1/classify/taxonomy/iab-qag/IAB1","rel":"self"}],"id":"IAB1","label":"Arts & Entertainment"},{"score":"0.0660","confident":false,"links":[{"link":"https://api.aylien.com/api/v1/classify/taxonomy/iab-qag/IAB9-16","rel":"self"},{"link":"https://api.aylien.com/api/v1/classify/taxonomy/iab-qag/IAB9","rel":"parent"}],"id":"IAB9-16","label":"Guitar"}]},"postidString":"facebook_page.207076125987250_1622691857758996","postMeta":{"inserted":"content-engine"},"timestamp":1494434924,"sharesRcvd":34,"likesRcvd":248,"source":"facebook_page","lastUpdateQuantum":4984250,"name":"Rosanna Scotto Fox 5","imageLarge":"https://scontent.xx.fbcdn.net/v/t15.0-10/18442667_1622693047758877_5071088897367212032_n.jpg?oh=ad4e53574adabab9cdf15e67293b12f1&oe=59B841A3","objectID":"1622691857758996","repliesRcvd":26,"image":"https://scontent.xx.fbcdn.net/v/t15.0-10/p130x130/18442667_1622693047758877_5071088897367212032_n.jpg?oh=8ecda6d0b44642eb0244bcc39326db60&oe=59B7C608","username":"rosanna.scotto","link":"https://www.facebook.com/rosanna.scotto/videos/1622691857758996/","timeQuantum":4981449,"video":"https://video.xx.fbcdn.net/v/t42.1790-2/18436574_943389889136252_8443866894611513344_n.mp4?efg=eyJybHIiOjc1MCwicmxhIjo1MTIsInZlbmNvZGVfdGFnIjoic3ZlX3NkIn0%3D&rl=750&vabr=417&oh=b201c9252c45699869209e13ab1e390d&oe=5916180F","type":"video"},{"content":"#gdny we just felt like doing this #Thursdaymotivation","profileString":"facebook_page.207076125987250","postURL":"https://facebook.com/207076125987250/posts/1623492087678973","avatar":"https://graph.facebook.com/207076125987250/picture","classification":{"engine":"aylien","language":"en","taxonomy":[{"score":"0.4004","confident":false,"links":[{"link":"https://api.aylien.com/api/v1/classify/taxonomy/iab-qag/IAB18-2","rel":"self"},{"link":"https://api.aylien.com/api/v1/classify/taxonomy/iab-qag/IAB18","rel":"parent"}],"id":"IAB18-2","label":"Body Art"},{"score":"0.1988","confident":false,"links":[{"link":"https://api.aylien.com/api/v1/classify/taxonomy/iab-qag/IAB25-2","rel":"self"},{"link":"https://api.aylien.com/api/v1/classify/taxonomy/iab-qag/IAB25","rel":"parent"}],"id":"IAB25-2","label":"Extreme Graphic/Explicit Violence"},{"score":"0.0640","confident":false,"links":[{"link":"https://api.aylien.com/api/v1/classify/taxonomy/iab-qag/IAB18","rel":"self"}],"id":"IAB18","label":"Style & Fashion"},{"score":"0.0580","confident":false,"links":[{"link":"https://api.aylien.com/api/v1/classify/taxonomy/iab-qag/IAB25","rel":"self"}],"id":"IAB25","label":"Non-Standard Content"},{"score":"0.0553","confident":false,"links":[{"link":"https://api.aylien.com/api/v1/classify/taxonomy/iab-qag/IAB9","rel":"self"}],"id":"IAB9","label":"Hobbies & Interests"},{"score":"0.0515","confident":false,"links":[{"link":"https://api.aylien.com/api/v1/classify/taxonomy/iab-qag/IAB9-3","rel":"self"},{"link":"https://api.aylien.com/api/v1/classify/taxonomy/iab-qag/IAB9","rel":"parent"}],"id":"IAB9-3","label":"Beadwork"}]},"postidString":"facebook_page.207076125987250_1623492087678973","postMeta":{"inserted":"content-engine"},"timestamp":1494506680,"sharesRcvd":3,"likesRcvd":384,"source":"facebook_page","lastUpdateQuantum":4984250,"name":"Rosanna Scotto Fox 5","imageLarge":"https://scontent.xx.fbcdn.net/v/t15.0-10/s720x720/18467266_1623492627678919_3851499793700356096_n.jpg?oh=322595e01cdd6081eeebc98ff4ab383e&oe=59AD27B6","objectID":"1623492087678973","repliesRcvd":58,"image":"https://scontent.xx.fbcdn.net/v/t15.0-10/s130x130/18467266_1623492627678919_3851499793700356096_n.jpg?oh=fff8d3736dcc5bc6247a0241f7dd3a53&oe=59B96294","username":"rosanna.scotto","link":"https://www.facebook.com/rosanna.scotto/videos/1623492087678973/","timeQuantum":4981688,"video":"https://video.xx.fbcdn.net/v/t42.1790-2/18441099_1911114012470380_7817992131250749440_n.mp4?efg=eyJybHIiOjM2NSwicmxhIjo1MTIsInZlbmNvZGVfdGFnIjoic3ZlX3NkIn0%3D&rl=365&vabr=203&oh=88cbca3f068441549127e5b7418c1989&oe=5916B6FD","type":"video"},{"content":"#gdny after hours","profileString":"facebook_page.207076125987250","postURL":"https://facebook.com/207076125987250/posts/1623546194340229","avatar":"https://graph.facebook.com/207076125987250/picture","classification":{"engine":"aylien","language":"en","taxonomy":[{"score":"0.0808","confident":true,"links":[{"link":"https://api.aylien.com/api/v1/classify/taxonomy/iab-qag/IAB9","rel":"self"}],"id":"IAB9","label":"Hobbies & Interests"},{"score":"0.0547","confident":false,"links":[{"link":"https://api.aylien.com/api/v1/classify/taxonomy/iab-qag/IAB9-4","rel":"self"},{"link":"https://api.aylien.com/api/v1/classify/taxonomy/iab-qag/IAB9","rel":"parent"}],"id":"IAB9-4","label":"Birdwatching"}]},"postidString":"facebook_page.207076125987250_1623546194340229","postMeta":{"inserted":"content-engine"},"timestamp":1494511057,"sharesRcvd":4,"likesRcvd":114,"source":"facebook_page","lastUpdateQuantum":4984250,"name":"Rosanna Scotto Fox 5","imageLarge":"https://scontent.xx.fbcdn.net/v/t15.0-10/18466937_1623547347673447_3205797691774730240_n.jpg?oh=c039defce8f6a75b4a1c999dd60e1821&oe=59B23C33","objectID":"1623546194340229","repliesRcvd":100,"image":"https://scontent.xx.fbcdn.net/v/t15.0-10/s130x130/18466937_1623547347673447_3205797691774730240_n.jpg?oh=c4d418a1c107b93249702452b06c77ea&oe=59B87C48","username":"rosanna.scotto","link":"https://www.facebook.com/rosanna.scotto/videos/1623546194340229/","timeQuantum":4981703,"video":"https://www.facebook.com/video/playback/playlist.m3u8?v=1623546194340229","type":"video"},{"content":"#tbt look at this picture .I was at #IvannaTrump 's bridal shower for her second husband.","profileString":"facebook_page.207076125987250","postURL":"https://facebook.com/207076125987250/posts/1623883334306515","avatar":"https://graph.facebook.com/207076125987250/picture","classification":{"engine":"aylien","language":"en","taxonomy":[{"score":"0.0856","confident":true,"links":[{"link":"https://api.aylien.com/api/v1/classify/taxonomy/iab-qag/IAB9","rel":"self"}],"id":"IAB9","label":"Hobbies & Interests"},{"score":"0.0579","confident":false,"links":[{"link":"https://api.aylien.com/api/v1/classify/taxonomy/iab-qag/IAB9-23","rel":"self"},{"link":"https://api.aylien.com/api/v1/classify/taxonomy/iab-qag/IAB9","rel":"parent"}],"id":"IAB9-23","label":"Photography"}]},"postidString":"facebook_page.207076125987250_1623883334306515","postMeta":{"inserted":"content-engine"},"timestamp":1494537980,"sharesRcvd":3,"likesRcvd":283,"source":"facebook_page","lastUpdateQuantum":4984250,"name":"Rosanna Scotto Fox 5","imageLarge":"https://scontent.xx.fbcdn.net/v/t1.0-9/s720x720/18342271_1623883334306515_4421526691695335112_n.jpg?oh=498f9dc173c8ba11945f6004599009a2&oe=59B74C14","objectID":"1623883334306515","repliesRcvd":26,"image":"https://scontent.xx.fbcdn.net/v/t1.0-0/s130x130/18342271_1623883334306515_4421526691695335112_n.jpg?oh=82e18d21c72f0713658e3b977bab33ba&oe=59B11801","username":"rosanna.scotto","link":"https://www.facebook.com/rosanna.scotto/photos/a.1113063945388459.1073741826.207076125987250/1623883334306515/?type=3","timeQuantum":4981793,"title":"Timeline Photos","type":"photo"},{"content":"#Gdny after hours","profileString":"facebook_page.207076125987250","postURL":"https://facebook.com/207076125987250/posts/1624539504240898","avatar":"https://graph.facebook.com/207076125987250/picture","classification":{"engine":"aylien","language":"en","taxonomy":[{"score":"0.0808","confident":true,"links":[{"link":"https://api.aylien.com/api/v1/classify/taxonomy/iab-qag/IAB9","rel":"self"}],"id":"IAB9","label":"Hobbies & Interests"},{"score":"0.0547","confident":false,"links":[{"link":"https://api.aylien.com/api/v1/classify/taxonomy/iab-qag/IAB9-4","rel":"self"},{"link":"https://api.aylien.com/api/v1/classify/taxonomy/iab-qag/IAB9","rel":"parent"}],"id":"IAB9-4","label":"Birdwatching"}]},"postidString":"facebook_page.207076125987250_1624539504240898","postMeta":{"inserted":"content-engine"},"timestamp":1494597457,"sharesRcvd":8,"likesRcvd":187,"source":"facebook_page","lastUpdateQuantum":4984250,"name":"Rosanna Scotto Fox 5","imageLarge":"https://scontent.xx.fbcdn.net/v/t15.0-10/18472760_1624542580907257_1356011146322116608_n.jpg?oh=e540c4073db6db39907998f778b516d2&oe=5973F3F4","objectID":"1624539504240898","repliesRcvd":109,"image":"https://scontent.xx.fbcdn.net/v/t15.0-10/s130x130/18472760_1624542580907257_1356011146322116608_n.jpg?oh=29004fb69c3868f19b24648fd0835a43&oe=59BD5D8F","username":"rosanna.scotto","link":"https://www.facebook.com/rosanna.scotto/videos/1624539504240898/","timeQuantum":4981991,"video":"https://www.facebook.com/video/playback/playlist.m3u8?v=1624539504240898","type":"video"},{"content":"#fbf #motheranddaughter Looking for that matching dress 👗","profileString":"facebook_page.207076125987250","postURL":"https://facebook.com/207076125987250/posts/1624915224203326","avatar":"https://graph.facebook.com/207076125987250/picture","classification":{"engine":"aylien","language":"en","taxonomy":[{"score":"0.3714","confident":false,"links":[{"link":"https://api.aylien.com/api/v1/classify/taxonomy/iab-qag/IAB18-2","rel":"self"},{"link":"https://api.aylien.com/api/v1/classify/taxonomy/iab-qag/IAB18","rel":"parent"}],"id":"IAB18-2","label":"Body Art"},{"score":"0.1291","confident":true,"links":[{"link":"https://api.aylien.com/api/v1/classify/taxonomy/iab-qag/IAB18","rel":"self"}],"id":"IAB18","label":"Style & Fashion"}]},"postidString":"facebook_page.207076125987250_1624915224203326","postMeta":{"inserted":"content-engine"},"timestamp":1494623740,"sharesRcvd":3,"likesRcvd":588,"source":"facebook_page","lastUpdateQuantum":4984250,"name":"Rosanna Scotto Fox 5","imageLarge":"https://scontent.xx.fbcdn.net/v/t1.0-9/s720x720/18010759_1624915224203326_2454809766897301541_n.jpg?oh=1c88b5caf4b42c969bc7eccc47a0f4d2&oe=59778F58","objectID":"1624915224203326","repliesRcvd":58,"image":"https://scontent.xx.fbcdn.net/v/t1.0-0/s130x130/18010759_1624915224203326_2454809766897301541_n.jpg?oh=9cae152c9793db1ab71a49ddad30995d&oe=59BBB74D","username":"rosanna.scotto","link":"https://www.facebook.com/rosanna.scotto/photos/a.1113063945388459.1073741826.207076125987250/1624915224203326/?type=3","timeQuantum":4982079,"title":"Timeline Photos","type":"photo"},{"content":"Sending love to all mothers, caregivers and family! #HappyMothersDay . And a very special Mother's Day to my wonderful mom Fresco by Scotto","profileString":"facebook_page.207076125987250","postURL":"https://facebook.com/207076125987250/posts/1626498647378317","avatar":"https://graph.facebook.com/207076125987250/picture","classification":{"engine":"aylien","language":"en","taxonomy":[{"score":"0.3593","confident":true,"links":[{"link":"https://api.aylien.com/api/v1/classify/taxonomy/iab-qag/IAB6-8","rel":"self"},{"link":"https://api.aylien.com/api/v1/classify/taxonomy/iab-qag/IAB6","rel":"parent"}],"id":"IAB6-8","label":"Special Needs Kids"},{"score":"0.1928","confident":true,"links":[{"link":"https://api.aylien.com/api/v1/classify/taxonomy/iab-qag/IAB6","rel":"self"}],"id":"IAB6","label":"Family & Parenting"}]},"postidString":"facebook_page.207076125987250_1626498647378317","postMeta":{"inserted":"content-engine"},"timestamp":1494764759,"sharesRcvd":7,"likesRcvd":856,"source":"facebook_page","lastUpdateQuantum":4984421,"name":"Rosanna Scotto Fox 5","imageLarge":"https://scontent.xx.fbcdn.net/v/t15.0-10/18494111_1626499677378214_6669822518330654720_n.jpg?oh=04f967b63db892531bcd6cef76ea3ebf&oe=59B17695","objectID":"1626498647378317","repliesRcvd":116,"image":"https://scontent.xx.fbcdn.net/v/t15.0-10/p130x130/18494111_1626499677378214_6669822518330654720_n.jpg?oh=8e27583bcf8642c146f64b83c5ae408a&oe=5973FB3E","username":"rosanna.scotto","link":"https://www.facebook.com/rosanna.scotto/videos/1626498647378317/","timeQuantum":4982549,"video":"https://video.xx.fbcdn.net/v/t42.1790-2/18496891_1366519826762119_1214046920817770496_n.mp4?efg=eyJybHIiOjQxMiwicmxhIjo1MTIsInZlbmNvZGVfdGFnIjoic3ZlX3NkIn0%3D&rl=412&vabr=229&oh=a6dad2ed6314e7056792dc11c043c66c&oe=591A5760","type":"video"},{"content":"#gdny do my eyes deceive me on #monday ! Look who's got the news of the day! My daughter Jenna Ruggiero","profileString":"facebook_page.207076125987250","postURL":"https://facebook.com/207076125987250/posts/1627452493949599","avatar":"https://graph.facebook.com/207076125987250/picture","classification":{"engine":"aylien","language":"en","taxonomy":[{"score":"0.4664","confident":false,"links":[{"link":"https://api.aylien.com/api/v1/classify/taxonomy/iab-qag/IAB12-2","rel":"self"},{"link":"https://api.aylien.com/api/v1/classify/taxonomy/iab-qag/IAB12","rel":"parent"}],"id":"IAB12-2","label":"National News"},{"score":"0.1047","confident":true,"links":[{"link":"https://api.aylien.com/api/v1/classify/taxonomy/iab-qag/IAB12","rel":"self"}],"id":"IAB12","label":"News"}]},"postidString":"facebook_page.207076125987250_1627452493949599","postMeta":{"inserted":"content-engine"},"timestamp":1494852899,"sharesRcvd":1,"likesRcvd":283,"source":"facebook_page","lastUpdateQuantum":4984421,"name":"Rosanna Scotto Fox 5","imageLarge":"https://scontent.xx.fbcdn.net/v/t1.0-0/p180x540/18519503_1627452493949599_3871148626932340793_n.jpg?oh=a52d391d1d2223fea5d7cd1b54737be5&oe=59B32C3A","objectID":"1627452493949599","repliesRcvd":39,"image":"https://scontent.xx.fbcdn.net/v/t1.0-0/s130x130/18519503_1627452493949599_3871148626932340793_n.jpg?oh=c66b4ee18f59d30d84266552720fbf7b&oe=59742A46","username":"rosanna.scotto","link":"https://www.facebook.com/rosanna.scotto/photos/a.1113063945388459.1073741826.207076125987250/1627452493949599/?type=3","timeQuantum":4982842,"title":"Timeline Photos","type":"photo"},{"content":"#gdny after hours","profileString":"facebook_page.207076125987250","postURL":"https://facebook.com/207076125987250/posts/1627499560611559","avatar":"https://graph.facebook.com/207076125987250/picture","classification":{"engine":"aylien","language":"en","taxonomy":[{"score":"0.0808","confident":true,"links":[{"link":"https://api.aylien.com/api/v1/classify/taxonomy/iab-qag/IAB9","rel":"self"}],"id":"IAB9","label":"Hobbies & Interests"},{"score":"0.0547","confident":false,"links":[{"link":"https://api.aylien.com/api/v1/classify/taxonomy/iab-qag/IAB9-4","rel":"self"},{"link":"https://api.aylien.com/api/v1/classify/taxonomy/iab-qag/IAB9","rel":"parent"}],"id":"IAB9-4","label":"Birdwatching"}]},"postidString":"facebook_page.207076125987250_1627499560611559","postMeta":{"inserted":"content-engine"},"timestamp":1494856637,"sharesRcvd":5,"likesRcvd":95,"source":"facebook_page","lastUpdateQuantum":4984421,"name":"Rosanna Scotto Fox 5","imageLarge":"https://scontent.xx.fbcdn.net/v/t15.0-10/18555615_1627503197277862_5603856573706272768_n.jpg?oh=ec9e17710a5668989c07f0cbe9df7adc&oe=59A91312","objectID":"1627499560611559","repliesRcvd":79,"image":"https://scontent.xx.fbcdn.net/v/t15.0-10/s130x130/18555615_1627503197277862_5603856573706272768_n.jpg?oh=dd2eff8a05f1c9bf916057ed8aa76322&oe=59B67A69","username":"rosanna.scotto","link":"https://www.facebook.com/rosanna.scotto/videos/1627499560611559/","timeQuantum":4982855,"video":"https://www.facebook.com/video/playback/playlist.m3u8?v=1627499560611559","type":"video"},{"content":"#gdny after hours","profileString":"facebook_page.207076125987250","postURL":"https://facebook.com/207076125987250/posts/1628432703851578","avatar":"https://graph.facebook.com/207076125987250/picture","classification":{"engine":"aylien","language":"en","taxonomy":[{"score":"0.0808","confident":true,"links":[{"link":"https://api.aylien.com/api/v1/classify/taxonomy/iab-qag/IAB9","rel":"self"}],"id":"IAB9","label":"Hobbies & Interests"},{"score":"0.0547","confident":false,"links":[{"link":"https://api.aylien.com/api/v1/classify/taxonomy/iab-qag/IAB9-4","rel":"self"},{"link":"https://api.aylien.com/api/v1/classify/taxonomy/iab-qag/IAB9","rel":"parent"}],"id":"IAB9-4","label":"Birdwatching"}]},"postidString":"facebook_page.207076125987250_1628432703851578","postMeta":{"inserted":"content-engine"},"timestamp":1494943065,"sharesRcvd":4,"likesRcvd":74,"source":"facebook_page","lastUpdateQuantum":4984421,"name":"Rosanna Scotto Fox 5","imageLarge":"https://scontent.xx.fbcdn.net/v/t15.0-10/18576011_1628433773851471_390198088079245312_n.jpg?oh=7c99617ffd79ad94432d94800d1e8a47&oe=59BA2D89","objectID":"1628432703851578","repliesRcvd":29,"image":"https://scontent.xx.fbcdn.net/v/t15.0-10/s130x130/18576011_1628433773851471_390198088079245312_n.jpg?oh=8fe7e36cdcb3cc0439ac7a9d92ee53e8&oe=59BF3B64","username":"rosanna.scotto","link":"https://www.facebook.com/rosanna.scotto/videos/1628432703851578/","timeQuantum":4983143,"video":"https://www.facebook.com/video/playback/playlist.m3u8?v=1628432703851578","type":"video"},{"content":"Look who I ran into tonight.. Joy and Regis Philbin Fresco by Scotto Don't they look great??","profileString":"facebook_page.207076125987250","postURL":"https://facebook.com/207076125987250/posts/1628860187142163","avatar":"https://graph.facebook.com/207076125987250/picture","classification":{"engine":"aylien","language":"en","taxonomy":[{"score":"0.1867","confident":false,"links":[{"link":"https://api.aylien.com/api/v1/classify/taxonomy/iab-qag/IAB25-4","rel":"self"},{"link":"https://api.aylien.com/api/v1/classify/taxonomy/iab-qag/IAB25","rel":"parent"}],"id":"IAB25-4","label":"Profane Content"},{"score":"0.0779","confident":true,"links":[{"link":"https://api.aylien.com/api/v1/classify/taxonomy/iab-qag/IAB9","rel":"self"}],"id":"IAB9","label":"Hobbies & Interests"},{"score":"0.0672","confident":false,"links":[{"link":"https://api.aylien.com/api/v1/classify/taxonomy/iab-qag/IAB25","rel":"self"}],"id":"IAB25","label":"Non-Standard Content"},{"score":"0.0554","confident":false,"links":[{"link":"https://api.aylien.com/api/v1/classify/taxonomy/iab-qag/IAB9-23","rel":"self"},{"link":"https://api.aylien.com/api/v1/classify/taxonomy/iab-qag/IAB9","rel":"parent"}],"id":"IAB9-23","label":"Photography"}]},"postidString":"facebook_page.207076125987250_1628860187142163","postMeta":{"inserted":"content-engine"},"timestamp":1494980816,"sharesRcvd":16,"likesRcvd":1624,"source":"facebook_page","lastUpdateQuantum":4984421,"name":"Rosanna Scotto Fox 5","imageLarge":"https://scontent.xx.fbcdn.net/v/t1.0-0/p180x540/18555897_1628860187142163_8712474838563205535_n.jpg?oh=65fde7b596ed227bfb415f1b2a6d6c70&oe=59B3E401","objectID":"1628860187142163","repliesRcvd":161,"image":"https://scontent.xx.fbcdn.net/v/t1.0-0/s130x130/18555897_1628860187142163_8712474838563205535_n.jpg?oh=2ce1626b7986ba65a083421cb5e374d2&oe=59B1A47D","username":"rosanna.scotto","link":"https://www.facebook.com/rosanna.scotto/photos/a.1113063945388459.1073741826.207076125987250/1628860187142163/?type=3","timeQuantum":4983269,"title":"Timeline Photos","type":"photo"},{"content":"#gdny after hours","profileString":"facebook_page.207076125987250","postURL":"https://facebook.com/207076125987250/posts/1629354803759368","avatar":"https://graph.facebook.com/207076125987250/picture","classification":{"engine":"aylien","language":"en","taxonomy":[{"score":"0.0808","confident":true,"links":[{"link":"https://api.aylien.com/api/v1/classify/taxonomy/iab-qag/IAB9","rel":"self"}],"id":"IAB9","label":"Hobbies & Interests"},{"score":"0.0547","confident":false,"links":[{"link":"https://api.aylien.com/api/v1/classify/taxonomy/iab-qag/IAB9-4","rel":"self"},{"link":"https://api.aylien.com/api/v1/classify/taxonomy/iab-qag/IAB9","rel":"parent"}],"id":"IAB9-4","label":"Birdwatching"}]},"postidString":"facebook_page.207076125987250_1629354803759368","postMeta":{"inserted":"content-engine"},"timestamp":1495029468,"sharesRcvd":1,"likesRcvd":153,"source":"facebook_page","lastUpdateQuantum":4984421,"name":"Rosanna Scotto Fox 5","imageLarge":"https://scontent.xx.fbcdn.net/v/t15.0-10/18597668_1629356127092569_2218474771593560064_n.jpg?oh=8e2cdedabc912ba0273026878a98bbcc&oe=5975E95C","objectID":"1629354803759368","repliesRcvd":88,"image":"https://scontent.xx.fbcdn.net/v/t15.0-10/s130x130/18597668_1629356127092569_2218474771593560064_n.jpg?oh=c54dc5d09398e6407bfce5933bc7a3a7&oe=59AEF127","username":"rosanna.scotto","link":"https://www.facebook.com/rosanna.scotto/videos/1629354803759368/","timeQuantum":4983431,"video":"https://www.facebook.com/video/playback/playlist.m3u8?v=1629354803759368","type":"video"},{"content":"Lulu and I are playing with my new instagram filters 😂","profileString":"facebook_page.207076125987250","postURL":"https://facebook.com/207076125987250/posts/1629668800394635","avatar":"https://graph.facebook.com/207076125987250/picture","classification":{"engine":"aylien","language":"en","taxonomy":[{"score":"0.1191","confident":true,"links":[{"link":"https://api.aylien.com/api/v1/classify/taxonomy/iab-qag/IAB9","rel":"self"}],"id":"IAB9","label":"Hobbies & Interests"},{"score":"0.0642","confident":false,"links":[{"link":"https://api.aylien.com/api/v1/classify/taxonomy/iab-qag/IAB9-23","rel":"self"},{"link":"https://api.aylien.com/api/v1/classify/taxonomy/iab-qag/IAB9","rel":"parent"}],"id":"IAB9-23","label":"Photography"}]},"postidString":"facebook_page.207076125987250_1629668800394635","postMeta":{"inserted":"content-engine"},"timestamp":1495056545,"sharesRcvd":5,"likesRcvd":680,"source":"facebook_page","lastUpdateQuantum":4984421,"name":"Rosanna Scotto Fox 5","imageLarge":"https://scontent.xx.fbcdn.net/v/t1.0-9/s720x720/18581510_1629668800394635_7458083769136601433_n.jpg?oh=782835be2910cfcc057ca1c9eee17591&oe=597B1D4D","objectID":"1629668800394635","repliesRcvd":72,"image":"https://scontent.xx.fbcdn.net/v/t1.0-0/s130x130/18581510_1629668800394635_7458083769136601433_n.jpg?oh=838c62938fc93bb776f9c346301b9a24&oe=59AE3E58","username":"rosanna.scotto","link":"https://www.facebook.com/rosanna.scotto/photos/a.1113063945388459.1073741826.207076125987250/1629668800394635/?type=3","timeQuantum":4983521,"title":"Timeline Photos","type":"photo"},{"content":"#gdny afyerhours","profileString":"facebook_page.207076125987250","postURL":"https://facebook.com/207076125987250/posts/1630269927001189","avatar":"https://graph.facebook.com/207076125987250/picture","classification":{"engine":"aylien","language":"en","taxonomy":[{"score":"0.0741","confident":false,"links":[{"link":"https://api.aylien.com/api/v1/classify/taxonomy/iab-qag/IAB9","rel":"self"}],"id":"IAB9","label":"Hobbies & Interests"},{"score":"0.0515","confident":false,"links":[{"link":"https://api.aylien.com/api/v1/classify/taxonomy/iab-qag/IAB9-4","rel":"self"},{"link":"https://api.aylien.com/api/v1/classify/taxonomy/iab-qag/IAB9","rel":"parent"}],"id":"IAB9-4","label":"Birdwatching"}]},"postidString":"facebook_page.207076125987250_1630269927001189","postMeta":{"inserted":"content-engine"},"timestamp":1495115846,"sharesRcvd":5,"likesRcvd":100,"source":"facebook_page","lastUpdateQuantum":4984421,"name":"Rosanna Scotto Fox 5","imageLarge":"https://scontent.xx.fbcdn.net/v/t15.0-10/18597687_1630271390334376_4477881436216492032_n.jpg?oh=ce664a9ccf06ba62374799afd792c1b3&oe=59AABE06","objectID":"1630269927001189","repliesRcvd":56,"image":"https://scontent.xx.fbcdn.net/v/t15.0-10/s130x130/18597687_1630271390334376_4477881436216492032_n.jpg?oh=17ab0e60419a4e77c3cad54c5164dbb8&oe=59ACEB7D","username":"rosanna.scotto","link":"https://www.facebook.com/rosanna.scotto/videos/1630269927001189/","timeQuantum":4983719,"video":"https://www.facebook.com/video/playback/playlist.m3u8?v=1630269927001189","type":"video"},{"content":"O yes! On the subway because traffic is so bad. Have a q& a in 25 min . Hope to make it","profileString":"facebook_page.207076125987250","postURL":"https://facebook.com/207076125987250/posts/1630569796971202","avatar":"https://graph.facebook.com/207076125987250/picture","classification":{"engine":"aylien","language":"en","taxonomy":[{"score":"0.0834","confident":false,"links":[{"link":"https://api.aylien.com/api/v1/classify/taxonomy/iab-qag/IAB2-16","rel":"self"},{"link":"https://api.aylien.com/api/v1/classify/taxonomy/iab-qag/IAB2","rel":"parent"}],"id":"IAB2-16","label":"Off-Road Vehicles"},{"score":"0.0760","confident":false,"links":[{"link":"https://api.aylien.com/api/v1/classify/taxonomy/iab-qag/IAB9","rel":"self"}],"id":"IAB9","label":"Hobbies & Interests"},{"score":"0.0714","confident":false,"links":[{"link":"https://api.aylien.com/api/v1/classify/taxonomy/iab-qag/IAB2","rel":"self"}],"id":"IAB2","label":"Automotive"},{"score":"0.0574","confident":false,"links":[{"link":"https://api.aylien.com/api/v1/classify/taxonomy/iab-qag/IAB9-23","rel":"self"},{"link":"https://api.aylien.com/api/v1/classify/taxonomy/iab-qag/IAB9","rel":"parent"}],"id":"IAB9-23","label":"Photography"}]},"postidString":"facebook_page.207076125987250_1630569796971202","postMeta":{"inserted":"content-engine"},"timestamp":1495139690,"sharesRcvd":4,"likesRcvd":428,"source":"facebook_page","lastUpdateQuantum":4984421,"name":"Rosanna Scotto Fox 5","imageLarge":"https://scontent.xx.fbcdn.net/v/t1.0-9/s720x720/18527607_1630569796971202_5818863329379614320_n.jpg?oh=5557547c30f973ffa422769a53d1b5ab&oe=59A2DA29","objectID":"1630569796971202","repliesRcvd":67,"image":"https://scontent.xx.fbcdn.net/v/t1.0-0/s130x130/18527607_1630569796971202_5818863329379614320_n.jpg?oh=39e0e98ea6e43b36fd234c15cd8b29b9&oe=59B6433C","username":"rosanna.scotto","link":"https://www.facebook.com/rosanna.scotto/photos/a.1113063945388459.1073741826.207076125987250/1630569796971202/?type=3","timeQuantum":4983798,"title":"Timeline Photos","type":"photo"},{"content":"#gdny meet the men who tackled that mad monster in Time Square yesterday, holding him until seconds later NYPD cuffed him . Teamwork","profileString":"facebook_page.207076125987250","postURL":"https://facebook.com/207076125987250/posts/1631112480250267","avatar":"https://graph.facebook.com/207076125987250/picture","classification":{"engine":"aylien","language":"en","taxonomy":[{"score":"0.0744","confident":false,"links":[{"link":"https://api.aylien.com/api/v1/classify/taxonomy/iab-qag/IAB9","rel":"self"}],"id":"IAB9","label":"Hobbies & Interests"},{"score":"0.0507","confident":false,"links":[{"link":"https://api.aylien.com/api/v1/classify/taxonomy/iab-qag/IAB9-23","rel":"self"},{"link":"https://api.aylien.com/api/v1/classify/taxonomy/iab-qag/IAB9","rel":"parent"}],"id":"IAB9-23","label":"Photography"}]},"postidString":"facebook_page.207076125987250_1631112480250267","postMeta":{"inserted":"content-engine"},"timestamp":1495194307,"sharesRcvd":11,"likesRcvd":418,"source":"facebook_page","lastUpdateQuantum":4984421,"name":"Rosanna Scotto Fox 5","imageLarge":"https://scontent.xx.fbcdn.net/v/t1.0-0/p180x540/18486415_1631112480250267_3614953903941925840_n.jpg?oh=e20f7e9c1802d327d1b948b8e1671b0d&oe=59B3AAAE","objectID":"1631112480250267","repliesRcvd":100,"image":"https://scontent.xx.fbcdn.net/v/t1.0-0/s130x130/18486415_1631112480250267_3614953903941925840_n.jpg?oh=5f45f521a2d68eaf6b6ab03a49a042e0&oe=59C1C8D2","username":"rosanna.scotto","link":"https://www.facebook.com/rosanna.scotto/photos/a.1113063945388459.1073741826.207076125987250/1631112480250267/?type=3","timeQuantum":4983981,"title":"Timeline Photos","type":"photo"},{"content":"#gdny after hours","profileString":"facebook_page.207076125987250","postURL":"https://facebook.com/207076125987250/posts/1631207943574054","avatar":"https://graph.facebook.com/207076125987250/picture","classification":{"engine":"aylien","language":"en","taxonomy":[{"score":"0.0808","confident":true,"links":[{"link":"https://api.aylien.com/api/v1/classify/taxonomy/iab-qag/IAB9","rel":"self"}],"id":"IAB9","label":"Hobbies & Interests"},{"score":"0.0547","confident":false,"links":[{"link":"https://api.aylien.com/api/v1/classify/taxonomy/iab-qag/IAB9-4","rel":"self"},{"link":"https://api.aylien.com/api/v1/classify/taxonomy/iab-qag/IAB9","rel":"parent"}],"id":"IAB9-4","label":"Birdwatching"}]},"postidString":"facebook_page.207076125987250_1631207943574054","postMeta":{"inserted":"content-engine"},"timestamp":1495202234,"sharesRcvd":13,"likesRcvd":143,"source":"facebook_page","lastUpdateQuantum":4984421,"name":"Rosanna Scotto Fox 5","imageLarge":"https://scontent.xx.fbcdn.net/v/t15.0-10/18619078_1631211976906984_8152041158386647040_n.jpg?oh=982d7cd7042da31b12df196fb5fa3465&oe=59BB9850","objectID":"1631207943574054","repliesRcvd":104,"image":"https://scontent.xx.fbcdn.net/v/t15.0-10/s130x130/18619078_1631211976906984_8152041158386647040_n.jpg?oh=caf7deb554dc9456694aa359bac83133&oe=59A68A2B","username":"rosanna.scotto","link":"https://www.facebook.com/rosanna.scotto/videos/1631207943574054/","timeQuantum":4984007,"video":"https://www.facebook.com/video/playback/playlist.m3u8?v=1631207943574054","type":"video"}]