[{"content":"Stacey Sager","profileString":"facebook_page.1406157203016497","postURL":"https://facebook.com/1406157203016497/posts/1727937877505093","avatar":"https://graph.facebook.com/1406157203016497/picture","classification":{"engine":"aylien","language":"en","taxonomy":[{"score":"0.0745","confident":false,"links":[{"link":"https://api.aylien.com/api/v1/classify/taxonomy/iab-qag/IAB9","rel":"self"}],"id":"IAB9","label":"Hobbies & Interests"},{"score":"0.0515","confident":false,"links":[{"link":"https://api.aylien.com/api/v1/classify/taxonomy/iab-qag/IAB9-4","rel":"self"},{"link":"https://api.aylien.com/api/v1/classify/taxonomy/iab-qag/IAB9","rel":"parent"}],"id":"IAB9-4","label":"Birdwatching"}]},"postidString":"facebook_page.1406157203016497_1781917605396981","postMeta":{"inserted":"content-engine"},"timestamp":1492801432,"sharesRcvd":0,"likesRcvd":88,"source":"facebook_page","lastUpdateQuantum":4983955,"name":"Liz Cho","imageLarge":"https://scontent.xx.fbcdn.net/v/t1.0-9/s720x720/17952969_1781917605396981_7703657548371151728_n.jpg?oh=3350edba6e3dd47f89ca40b17713e3ca&oe=5999035E","originalID":"1406157203016497_1727937877505093","objectID":"1781917605396981","repliesRcvd":1,"image":"https://scontent.xx.fbcdn.net/v/t1.0-0/s130x130/17952969_1781917605396981_7703657548371151728_n.jpg?oh=9ca0acf5b9e70feb34154fd5a584cfda&oe=597AA44B","username":"lizcho.abc7ny","link":"https://www.facebook.com/staceysagerABC7/photos/a.1431278213794257.1073741829.1422275608027851/1781917605396981/?type=3","timeQuantum":4976004,"title":"Stacey Sager","type":"photo"},{"content":"abc7ny.com","profileString":"facebook_page.1406157203016497","postURL":"https://facebook.com/1406157203016497/posts/1729268844038663","avatar":"https://graph.facebook.com/1406157203016497/picture","classification":{"engine":"aylien","language":"en","taxonomy":[{"score":"0.2871","confident":true,"links":[{"link":"https://api.aylien.com/api/v1/classify/taxonomy/iab-qag/IAB6-6","rel":"self"},{"link":"https://api.aylien.com/api/v1/classify/taxonomy/iab-qag/IAB6","rel":"parent"}],"id":"IAB6-6","label":"Parenting teens"},{"score":"0.1193","confident":true,"links":[{"link":"https://api.aylien.com/api/v1/classify/taxonomy/iab-qag/IAB2","rel":"self"}],"id":"IAB2","label":"Automotive"},{"score":"0.1106","confident":true,"links":[{"link":"https://api.aylien.com/api/v1/classify/taxonomy/iab-qag/IAB2-4","rel":"self"},{"link":"https://api.aylien.com/api/v1/classify/taxonomy/iab-qag/IAB2","rel":"parent"}],"id":"IAB2-4","label":"Car Culture"},{"score":"0.1037","confident":true,"links":[{"link":"https://api.aylien.com/api/v1/classify/taxonomy/iab-qag/IAB6","rel":"self"}],"id":"IAB6","label":"Family & Parenting"}]},"postidString":"facebook_page.1406157203016497_1729268844038663","postMeta":{"inserted":"content-engine"},"timestamp":1493061626,"sharesRcvd":3,"likesRcvd":39,"source":"facebook_page","lastUpdateQuantum":4983955,"name":"Liz Cho","imageLarge":"https://external.xx.fbcdn.net/safe_image.php?d=AQA8bdthHURToohU&url=http%3A%2F%2Fcdn.abclocal.go.com%2Fcontent%2Fwabc%2Fimages%2Fcms%2Fautomation%2Fvod%2F1911002_1280x720.jpg&_nc_hash=AQDLHszI9HDEJm6I","repliesRcvd":5,"image":"https://external.xx.fbcdn.net/safe_image.php?d=AQBo3-cPuftXPDAy&w=130&h=130&url=http%3A%2F%2Fcdn.abclocal.go.com%2Fcontent%2Fwabc%2Fimages%2Fcms%2Fautomation%2Fvod%2F1911002_1280x720.jpg&cfs=1&sx=0&sy=0&sw=720&sh=720&_nc_hash=AQBZuEuRGwPDsvOG","username":"lizcho.abc7ny","link":"http://abc7ny.com/1909867/","timeQuantum":4976872,"title":"5 victims ID'd in Queens fire; No working smoke detectors found","type":"link"},{"content":"ABC7NY","profileString":"facebook_page.1406157203016497","postURL":"https://facebook.com/1406157203016497/posts/1730351823930365","avatar":"https://graph.facebook.com/1406157203016497/picture","classification":{"engine":"aylien","language":"en","taxonomy":[{"score":"0.0741","links":[{"rel":"self","link":"https://api.aylien.com/api/v1/classify/taxonomy/iab-qag/IAB9"}],"label":"Hobbies & Interests","id":"IAB9","confident":false},{"score":"0.0515","links":[{"rel":"self","link":"https://api.aylien.com/api/v1/classify/taxonomy/iab-qag/IAB9-4"},{"rel":"parent","link":"https://api.aylien.com/api/v1/classify/taxonomy/iab-qag/IAB9"}],"label":"Birdwatching","id":"IAB9-4","confident":false}]},"postidString":"facebook_page.1406157203016497_1730351823930365","postMeta":{"inserted":"content-engine"},"timestamp":1493307880,"sharesRcvd":0,"likesRcvd":107,"source":"facebook_page","lastUpdateQuantum":4983955,"name":"Liz Cho","imageLarge":"https://scontent.xx.fbcdn.net/v/t15.0-10/s720x720/18201558_10154699808374091_9095447290641907712_n.jpg?oh=21a8f9657dedc4267ced91976f77b11c&oe=59C20469","repliesRcvd":8,"image":"https://scontent.xx.fbcdn.net/v/t15.0-10/s130x130/18201558_10154699808374091_9095447290641907712_n.jpg?oh=e0273f2fba70b556aa10cd4009e23ee4&oe=5982559B","username":"lizcho.abc7ny","link":"https://www.facebook.com/ABC7NY/videos/10154699660224091/","timeQuantum":4977692,"video":"https://www.facebook.com/video/playback/playlist.m3u8?v=10154699660224091","type":"video","title":"ABC7NY"},{"content":"Facebook reminded me this pic was taken 5 years ago today with Bill Ritter and David Novarro. Made me chuckle when it popped up this morning. Hope it does the same for you.","profileString":"facebook_page.1406157203016497","postURL":"https://facebook.com/1406157203016497/posts/1730357300596484","avatar":"https://graph.facebook.com/1406157203016497/picture","classification":{"engine":"aylien","language":"en","taxonomy":[{"score":"0.4928","links":[{"rel":"self","link":"https://api.aylien.com/api/v1/classify/taxonomy/iab-qag/IAB12-3"},{"rel":"parent","link":"https://api.aylien.com/api/v1/classify/taxonomy/iab-qag/IAB12"}],"label":"Local News","id":"IAB12-3","confident":false},{"score":"0.0612","links":[{"rel":"self","link":"https://api.aylien.com/api/v1/classify/taxonomy/iab-qag/IAB9"}],"label":"Hobbies & Interests","id":"IAB9","confident":false},{"score":"0.0608","links":[{"rel":"self","link":"https://api.aylien.com/api/v1/classify/taxonomy/iab-qag/IAB17"}],"label":"Sports","id":"IAB17","confident":false},{"score":"0.0579","links":[{"rel":"self","link":"https://api.aylien.com/api/v1/classify/taxonomy/iab-qag/IAB12"}],"label":"News","id":"IAB12","confident":false},{"score":"0.0483","links":[{"rel":"self","link":"https://api.aylien.com/api/v1/classify/taxonomy/iab-qag/IAB9-28"},{"rel":"parent","link":"https://api.aylien.com/api/v1/classify/taxonomy/iab-qag/IAB9"}],"label":"Screenwriting","id":"IAB9-28","confident":false},{"score":"0.0356","links":[{"rel":"self","link":"https://api.aylien.com/api/v1/classify/taxonomy/iab-qag/IAB17-43"},{"rel":"parent","link":"https://api.aylien.com/api/v1/classify/taxonomy/iab-qag/IAB17"}],"label":"Waterski/Wakeboard","id":"IAB17-43","confident":false}]},"postidString":"facebook_page.1406157203016497_10150726843519091","postMeta":{"inserted":"content-engine"},"timestamp":1493308920,"sharesRcvd":0,"likesRcvd":27,"source":"facebook_page","lastUpdateQuantum":4983955,"name":"Liz Cho","imageLarge":"https://scontent.xx.fbcdn.net/v/t1.0-9/524358_10150726843519091_447484337_n.jpg?oh=33b7578145da658fe1d8fbca2837c109&oe=597844E1","originalID":"1406157203016497_1730357300596484","objectID":"10150726843519091","repliesRcvd":6,"image":"https://scontent.xx.fbcdn.net/v/t1.0-0/s130x130/524358_10150726843519091_447484337_n.jpg?oh=b2d536b3f19f711435ea7501a7e20a74&oe=598AE207","username":"lizcho.abc7ny","link":"https://www.facebook.com/ABC7NY/photos/a.10150159356494091.298144.31160214090/10150726843519091/?type=3","timeQuantum":4977696,"type":"photo","title":"ABC7NY"},{"content":"Jimmy Kimmel","profileString":"facebook_page.1406157203016497","postURL":"https://facebook.com/1406157203016497/posts/1732624173703130","avatar":"https://graph.facebook.com/1406157203016497/picture","classification":{"engine":"aylien","language":"en","taxonomy":[{"score":"0.0741","confident":false,"links":[{"link":"https://api.aylien.com/api/v1/classify/taxonomy/iab-qag/IAB9","rel":"self"}],"id":"IAB9","label":"Hobbies & Interests"},{"score":"0.0510","confident":false,"links":[{"link":"https://api.aylien.com/api/v1/classify/taxonomy/iab-qag/IAB9-4","rel":"self"},{"link":"https://api.aylien.com/api/v1/classify/taxonomy/iab-qag/IAB9","rel":"parent"}],"id":"IAB9-4","label":"Birdwatching"}]},"postidString":"facebook_page.1406157203016497_1732624173703130","postMeta":{"inserted":"content-engine"},"timestamp":1493759600,"sharesRcvd":0,"likesRcvd":89,"source":"facebook_page","lastUpdateQuantum":4983955,"name":"Liz Cho","imageLarge":"https://scontent.xx.fbcdn.net/v/t15.0-10/s720x720/18259552_1904036663206760_3683009704147025920_n.jpg?oh=08f7ce75bc7b2883a04a2ca271e30985&oe=59BB960B","repliesRcvd":13,"image":"https://scontent.xx.fbcdn.net/v/t15.0-10/s130x130/18259552_1904036663206760_3683009704147025920_n.jpg?oh=548f0a01d7d826f50eb0f8d9e2935f8d&oe=59C20D29","username":"lizcho.abc7ny","link":"https://www.facebook.com/jimmykimmel/videos/1904032659873827/","timeQuantum":4979198,"video":"https://video.xx.fbcdn.net/v/t42.1790-2/18249368_631514417038163_1682481321412132864_n.mp4?efg=eyJybHIiOjMwMCwicmxhIjoyMDU3LCJ2ZW5jb2RlX3RhZyI6InN2ZV9zZCJ9&rl=300&vabr=140&oh=27c7c0fa201a7151b5c9620df583e11a&oe=590B48F2","title":"Jimmy Kimmel","type":"video"},{"content":"Do you recognize this man? He's accused of a violent sexual attack on a tourist in Harlem and the NYPD has just linked him to another attack on a woman near West 145th street and Saint Nicholas Ave. \n\nPlease share to get this guy off the street asap.","profileString":"facebook_page.1406157203016497","postURL":"https://facebook.com/1406157203016497/posts/1733708296928051","avatar":"https://graph.facebook.com/1406157203016497/picture","classification":{"engine":"aylien","language":"en","taxonomy":[{"score":"0.3198","confident":false,"links":[{"link":"https://api.aylien.com/api/v1/classify/taxonomy/iab-qag/IAB18-2","rel":"self"},{"link":"https://api.aylien.com/api/v1/classify/taxonomy/iab-qag/IAB18","rel":"parent"}],"id":"IAB18-2","label":"Body Art"},{"score":"0.1567","confident":true,"links":[{"link":"https://api.aylien.com/api/v1/classify/taxonomy/iab-qag/IAB18","rel":"self"}],"id":"IAB18","label":"Style & Fashion"}]},"postidString":"facebook_page.1406157203016497_1733708296928051","postMeta":{"inserted":"content-engine"},"timestamp":1494000567,"sharesRcvd":0,"likesRcvd":19,"source":"facebook_page","lastUpdateQuantum":4983955,"name":"Liz Cho","imageLarge":"https://external.xx.fbcdn.net/safe_image.php?d=AQDeifGu_CD6TutG&url=http%3A%2F%2Fcdn.abclocal.go.com%2Fcontent%2Fwabc%2Fimages%2Fcms%2F1956280_1280x720.JPG&_nc_hash=AQAXnjXYr3y9husw","repliesRcvd":1,"image":"https://external.xx.fbcdn.net/safe_image.php?d=AQBZG9R7K8W_X7J3&w=130&h=130&url=http%3A%2F%2Fcdn.abclocal.go.com%2Fcontent%2Fwabc%2Fimages%2Fcms%2F1956280_1280x720.JPG&cfs=1&_nc_hash=AQDkyv9_6Lv4K-Mb","username":"lizcho.abc7ny","link":"http://abc7ny.com/news/police-german-tourist-beaten-sexually-assaulted-in-harlem/1956269/","timeQuantum":4980001,"title":"ABC7NY","type":"link"},{"content":"ABC7NY","profileString":"facebook_page.1406157203016497","postURL":"https://facebook.com/1406157203016497/posts/1733775330254681","avatar":"https://graph.facebook.com/1406157203016497/picture","classification":{"engine":"aylien","language":"en","taxonomy":[{"score":"0.0741","confident":false,"links":[{"link":"https://api.aylien.com/api/v1/classify/taxonomy/iab-qag/IAB9","rel":"self"}],"id":"IAB9","label":"Hobbies & Interests"},{"score":"0.0515","confident":false,"links":[{"link":"https://api.aylien.com/api/v1/classify/taxonomy/iab-qag/IAB9-4","rel":"self"},{"link":"https://api.aylien.com/api/v1/classify/taxonomy/iab-qag/IAB9","rel":"parent"}],"id":"IAB9-4","label":"Birdwatching"}]},"postidString":"facebook_page.1406157203016497_1733775330254681","postMeta":{"inserted":"content-engine"},"timestamp":1494013711,"sharesRcvd":0,"likesRcvd":19,"source":"facebook_page","lastUpdateQuantum":4983955,"name":"Liz Cho","imageLarge":"https://scontent.xx.fbcdn.net/v/t15.0-10/s720x720/18339800_10154724003044091_3135134600603369472_n.jpg?oh=c9039c700948e3909e9c5f956cf6bc4b&oe=5984F0FE","repliesRcvd":4,"image":"https://scontent.xx.fbcdn.net/v/t15.0-10/s130x130/18339800_10154724003044091_3135134600603369472_n.jpg?oh=23222530eb96c7b803858205d501aab3&oe=5987900C","username":"lizcho.abc7ny","link":"https://www.facebook.com/ABC7NY/videos/10154723822959091/","timeQuantum":4980045,"video":"https://www.facebook.com/video/playback/playlist.m3u8?v=10154723822959091","title":"ABC7NY","type":"video"},{"content":"ABC7NY","profileString":"facebook_page.1406157203016497","postURL":"https://facebook.com/1406157203016497/posts/1735280836770797","avatar":"https://graph.facebook.com/1406157203016497/picture","classification":{"engine":"aylien","language":"en","taxonomy":[{"score":"0.0741","confident":false,"links":[{"link":"https://api.aylien.com/api/v1/classify/taxonomy/iab-qag/IAB9","rel":"self"}],"id":"IAB9","label":"Hobbies & Interests"},{"score":"0.0515","confident":false,"links":[{"link":"https://api.aylien.com/api/v1/classify/taxonomy/iab-qag/IAB9-4","rel":"self"},{"link":"https://api.aylien.com/api/v1/classify/taxonomy/iab-qag/IAB9","rel":"parent"}],"id":"IAB9-4","label":"Birdwatching"}]},"postidString":"facebook_page.1406157203016497_1735280836770797","postMeta":{"inserted":"content-engine"},"timestamp":1494326838,"sharesRcvd":0,"likesRcvd":35,"source":"facebook_page","lastUpdateQuantum":4984414,"name":"Liz Cho","imageLarge":"https://scontent.xx.fbcdn.net/v/t15.0-10/18442755_10154732832869091_8511225012743569408_n.jpg?oh=093934c2318a09cfc5916be6ccad459c&oe=5973F1F3","repliesRcvd":5,"image":"https://scontent.xx.fbcdn.net/v/t15.0-10/p130x130/18442755_10154732832869091_8511225012743569408_n.jpg?oh=3c6f996477f0fe9675337fd081ef35f1&oe=59BE0A09","username":"lizcho.abc7ny","link":"https://www.facebook.com/ABC7NY/videos/10154732816894091/","timeQuantum":4981089,"video":"https://video.xx.fbcdn.net/v/t42.1790-2/18376038_131263377420726_2409762032157982720_n.mp4?efg=eyJybHIiOjMwMCwicmxhIjo1MTIsInZlbmNvZGVfdGFnIjoic3ZlX3NkIn0%3D&rl=300&vabr=153&oh=e31b0151eb802117f474c3aced79e512&oe=591415BB","title":"ABC7NY","type":"video"},{"content":"This is the best.","profileString":"facebook_page.1406157203016497","postURL":"https://facebook.com/1406157203016497/posts/1735505646748316","avatar":"https://graph.facebook.com/1406157203016497/picture","classification":{"engine":"aylien","language":"en","taxonomy":[{"score":"0.1773","confident":false,"links":[{"link":"https://api.aylien.com/api/v1/classify/taxonomy/iab-qag/IAB1-4","rel":"self"},{"link":"https://api.aylien.com/api/v1/classify/taxonomy/iab-qag/IAB1","rel":"parent"}],"id":"IAB1-4","label":"Humor"},{"score":"0.0692","confident":false,"links":[{"link":"https://api.aylien.com/api/v1/classify/taxonomy/iab-qag/IAB9","rel":"self"}],"id":"IAB9","label":"Hobbies & Interests"},{"score":"0.0571","confident":false,"links":[{"link":"https://api.aylien.com/api/v1/classify/taxonomy/iab-qag/IAB1","rel":"self"}],"id":"IAB1","label":"Arts & Entertainment"},{"score":"0.0509","confident":false,"links":[{"link":"https://api.aylien.com/api/v1/classify/taxonomy/iab-qag/IAB9-28","rel":"self"},{"link":"https://api.aylien.com/api/v1/classify/taxonomy/iab-qag/IAB9","rel":"parent"}],"id":"IAB9-28","label":"Screenwriting"}]},"postidString":"facebook_page.1406157203016497_1735505646748316","postMeta":{"inserted":"content-engine"},"timestamp":1494364231,"sharesRcvd":0,"likesRcvd":264,"source":"facebook_page","lastUpdateQuantum":4984414,"name":"Liz Cho","imageLarge":"https://scontent.xx.fbcdn.net/v/t15.0-10/s720x720/18442686_10154746053456799_4589473478364626944_n.jpg?oh=76b54a58f007458fbdbb0f42d5e55a2e&oe=59BA8021","repliesRcvd":30,"image":"https://scontent.xx.fbcdn.net/v/t15.0-10/s130x130/18442686_10154746053456799_4589473478364626944_n.jpg?oh=c39b8541e56f50dd55b7bea97c059543&oe=59785AD3","username":"lizcho.abc7ny","link":"https://www.facebook.com/improv.everywhere/videos/10154746045041799/","timeQuantum":4981214,"video":"https://scontent.xx.fbcdn.net/v/t42.1790-4/18396285_447154742295910_2200882911966658560_n.mp4?efg=eyJ2ZW5jb2RlX3RhZyI6InN2ZV9zZCJ9&oh=1f133d03d04d701959bd060e3d0039dd&oe=5914E0C0","title":"Improv Everywhere","type":"video"},{"content":"#Breaking #FBI director James Comey has been fired.","profileString":"facebook_page.1406157203016497","postURL":"https://facebook.com/1406157203016497/posts/1735514466747434","avatar":"https://graph.facebook.com/1406157203016497/picture","classification":{"engine":"aylien","language":"en","taxonomy":[{"score":"0.0662","confident":false,"links":[{"link":"https://api.aylien.com/api/v1/classify/taxonomy/iab-qag/IAB17","rel":"self"}],"id":"IAB17","label":"Sports"},{"score":"0.0635","confident":false,"links":[{"link":"https://api.aylien.com/api/v1/classify/taxonomy/iab-qag/IAB9","rel":"self"}],"id":"IAB9","label":"Hobbies & Interests"},{"score":"0.0586","confident":false,"links":[{"link":"https://api.aylien.com/api/v1/classify/taxonomy/iab-qag/IAB9-28","rel":"self"},{"link":"https://api.aylien.com/api/v1/classify/taxonomy/iab-qag/IAB9","rel":"parent"}],"id":"IAB9-28","label":"Screenwriting"},{"score":"0.0462","confident":false,"links":[{"link":"https://api.aylien.com/api/v1/classify/taxonomy/iab-qag/IAB17-24","rel":"self"},{"link":"https://api.aylien.com/api/v1/classify/taxonomy/iab-qag/IAB17","rel":"parent"}],"id":"IAB17-24","label":"Paintball"}]},"postidString":"facebook_page.1406157203016497_1735514466747434","postMeta":{"inserted":"content-engine"},"timestamp":1494366492,"sharesRcvd":2,"likesRcvd":47,"source":"facebook_page","lastUpdateQuantum":4984414,"name":"Liz Cho","repliesRcvd":12,"username":"lizcho.abc7ny","timeQuantum":4981221,"type":"status"},{"content":"Bill Ritter","profileString":"facebook_page.1406157203016497","postURL":"https://facebook.com/1406157203016497/posts/1736261076672773","avatar":"https://graph.facebook.com/1406157203016497/picture","classification":{"engine":"aylien","language":"en","taxonomy":[{"score":"0.0707","confident":false,"links":[{"link":"https://api.aylien.com/api/v1/classify/taxonomy/iab-qag/IAB9","rel":"self"}],"id":"IAB9","label":"Hobbies & Interests"},{"score":"0.0548","confident":false,"links":[{"link":"https://api.aylien.com/api/v1/classify/taxonomy/iab-qag/IAB9-4","rel":"self"},{"link":"https://api.aylien.com/api/v1/classify/taxonomy/iab-qag/IAB9","rel":"parent"}],"id":"IAB9-4","label":"Birdwatching"}]},"postidString":"facebook_page.1406157203016497_1891355417806855","postMeta":{"inserted":"content-engine"},"timestamp":1494536950,"sharesRcvd":0,"likesRcvd":104,"source":"facebook_page","lastUpdateQuantum":4984414,"name":"Liz Cho","imageLarge":"https://scontent.xx.fbcdn.net/v/t1.0-9/18341892_1891355417806855_480069680745953988_n.jpg?oh=184e2ae8706ab1b0f503ecc846cc6d65&oe=59B9356B","originalID":"1406157203016497_1736261076672773","objectID":"1891355417806855","repliesRcvd":12,"image":"https://scontent.xx.fbcdn.net/v/t1.0-0/p130x130/18341892_1891355417806855_480069680745953988_n.jpg?oh=8e3bb715235e02a7e4851fbe7cfb0b12&oe=59B734E5","username":"lizcho.abc7ny","link":"https://www.facebook.com/BillRitterABC7/photos/a.1478709305738137.1073741828.1478254085783659/1891355417806855/?type=3","timeQuantum":4981789,"title":"Bill Ritter","type":"photo"},{"content":"Thank you to all the moms out there.. especially mine. You make the world a better, beautiful place. Happy early  Mother's Day.","profileString":"facebook_page.1406157203016497","postURL":"https://facebook.com/1406157203016497/posts/1736272860004928","avatar":"https://graph.facebook.com/1406157203016497/picture","classification":{"engine":"aylien","language":"en","taxonomy":[{"score":"0.3421","confident":false,"links":[{"link":"https://api.aylien.com/api/v1/classify/taxonomy/iab-qag/IAB18-6","rel":"self"},{"link":"https://api.aylien.com/api/v1/classify/taxonomy/iab-qag/IAB18","rel":"parent"}],"id":"IAB18-6","label":"Accessories"},{"score":"0.3183","confident":true,"links":[{"link":"https://api.aylien.com/api/v1/classify/taxonomy/iab-qag/IAB14-7","rel":"self"},{"link":"https://api.aylien.com/api/v1/classify/taxonomy/iab-qag/IAB14","rel":"parent"}],"id":"IAB14-7","label":"Weddings"},{"score":"0.2867","confident":true,"links":[{"link":"https://api.aylien.com/api/v1/classify/taxonomy/iab-qag/IAB10-4","rel":"self"},{"link":"https://api.aylien.com/api/v1/classify/taxonomy/iab-qag/IAB10","rel":"parent"}],"id":"IAB10-4","label":"Gardening"},{"score":"0.2277","confident":false,"links":[{"link":"https://api.aylien.com/api/v1/classify/taxonomy/iab-qag/IAB25-4","rel":"self"},{"link":"https://api.aylien.com/api/v1/classify/taxonomy/iab-qag/IAB25","rel":"parent"}],"id":"IAB25-4","label":"Profane Content"},{"score":"0.1762","confident":false,"links":[{"link":"https://api.aylien.com/api/v1/classify/taxonomy/iab-qag/IAB1-3","rel":"self"},{"link":"https://api.aylien.com/api/v1/classify/taxonomy/iab-qag/IAB1","rel":"parent"}],"id":"IAB1-3","label":"Fine Art"},{"score":"0.0975","confident":false,"links":[{"link":"https://api.aylien.com/api/v1/classify/taxonomy/iab-qag/IAB8-5","rel":"self"},{"link":"https://api.aylien.com/api/v1/classify/taxonomy/iab-qag/IAB8","rel":"parent"}],"id":"IAB8-5","label":"Cocktails/Beer"},{"score":"0.0588","confident":false,"links":[{"link":"https://api.aylien.com/api/v1/classify/taxonomy/iab-qag/IAB8","rel":"self"}],"id":"IAB8","label":"Food & Drink"},{"score":"0.0586","confident":false,"links":[{"link":"https://api.aylien.com/api/v1/classify/taxonomy/iab-qag/IAB25","rel":"self"}],"id":"IAB25","label":"Non-Standard Content"},{"score":"0.0562","confident":false,"links":[{"link":"https://api.aylien.com/api/v1/classify/taxonomy/iab-qag/IAB14","rel":"self"}],"id":"IAB14","label":"Society"},{"score":"0.0558","confident":false,"links":[{"link":"https://api.aylien.com/api/v1/classify/taxonomy/iab-qag/IAB17","rel":"self"}],"id":"IAB17","label":"Sports"},{"score":"0.0520","confident":false,"links":[{"link":"https://api.aylien.com/api/v1/classify/taxonomy/iab-qag/IAB9","rel":"self"}],"id":"IAB9","label":"Hobbies & Interests"},{"score":"0.0519","confident":false,"links":[{"link":"https://api.aylien.com/api/v1/classify/taxonomy/iab-qag/IAB10","rel":"self"}],"id":"IAB10","label":"Home & Garden"},{"score":"0.0514","confident":false,"links":[{"link":"https://api.aylien.com/api/v1/classify/taxonomy/iab-qag/IAB18","rel":"self"}],"id":"IAB18","label":"Style & Fashion"},{"score":"0.0499","confident":false,"links":[{"link":"https://api.aylien.com/api/v1/classify/taxonomy/iab-qag/IAB9-21","rel":"self"},{"link":"https://api.aylien.com/api/v1/classify/taxonomy/iab-qag/IAB9","rel":"parent"}],"id":"IAB9-21","label":"Needlework"},{"score":"0.0482","confident":false,"links":[{"link":"https://api.aylien.com/api/v1/classify/taxonomy/iab-qag/IAB1","rel":"self"}],"id":"IAB1","label":"Arts & Entertainment"},{"score":"0.0398","confident":false,"links":[{"link":"https://api.aylien.com/api/v1/classify/taxonomy/iab-qag/IAB17-43","rel":"self"},{"link":"https://api.aylien.com/api/v1/classify/taxonomy/iab-qag/IAB17","rel":"parent"}],"id":"IAB17-43","label":"Waterski/Wakeboard"}]},"postidString":"facebook_page.1406157203016497_1736272860004928","postMeta":{"inserted":"content-engine"},"timestamp":1494540725,"sharesRcvd":0,"likesRcvd":225,"source":"facebook_page","lastUpdateQuantum":4984414,"name":"Liz Cho","imageLarge":"https://scontent.xx.fbcdn.net/v/t15.0-10/18472866_10154741065859091_5698652871365492736_n.jpg?oh=948473eccbef385c2bcf37cbc2d07f68&oe=597A6F38","repliesRcvd":102,"image":"https://scontent.xx.fbcdn.net/v/t15.0-10/p130x130/18472866_10154741065859091_5698652871365492736_n.jpg?oh=542bd5aefe24b18655085ed5a272931b&oe=59BD4CC2","username":"lizcho.abc7ny","link":"https://www.facebook.com/ABC7NY/videos/10154741064604091/","timeQuantum":4981802,"video":"https://video.xx.fbcdn.net/v/t42.1790-2/18416332_578294109045037_6759928265026043904_n.mp4?efg=eyJybHIiOjM1MSwicmxhIjo1MTIsInZlbmNvZGVfdGFnIjoic3ZlX3NkIn0%3D&rl=351&vabr=195&oh=b974d8e8e395a1eaed2a3a480c9b4d4f&oe=591791D4","title":"ABC7NY","type":"video"},{"content":"Bill Ritter","profileString":"facebook_page.1406157203016497","postURL":"https://facebook.com/1406157203016497/posts/1738007816498099","avatar":"https://graph.facebook.com/1406157203016497/picture","classification":{"engine":"aylien","language":"en","taxonomy":[{"score":"0.0707","confident":false,"links":[{"link":"https://api.aylien.com/api/v1/classify/taxonomy/iab-qag/IAB9","rel":"self"}],"id":"IAB9","label":"Hobbies & Interests"},{"score":"0.0548","confident":false,"links":[{"link":"https://api.aylien.com/api/v1/classify/taxonomy/iab-qag/IAB9-4","rel":"self"},{"link":"https://api.aylien.com/api/v1/classify/taxonomy/iab-qag/IAB9","rel":"parent"}],"id":"IAB9-4","label":"Birdwatching"}]},"postidString":"facebook_page.1406157203016497_1893923607550036","postMeta":{"inserted":"content-engine"},"timestamp":1494884333,"sharesRcvd":0,"likesRcvd":60,"source":"facebook_page","lastUpdateQuantum":4984414,"name":"Liz Cho","imageLarge":"https://scontent.xx.fbcdn.net/v/t1.0-9/18425452_1893923607550036_7004792843706082897_n.jpg?oh=6e87d752d746acb249b81afaa20ecbab&oe=59B67181","originalID":"1406157203016497_1738007816498099","objectID":"1893923607550036","repliesRcvd":4,"image":"https://scontent.xx.fbcdn.net/v/t1.0-0/q81/s130x130/18425452_1893923607550036_7004792843706082897_n.jpg?oh=0e3c6009e13733a747deba154e5733a6&oe=59AED862","username":"lizcho.abc7ny","link":"https://www.facebook.com/BillRitterABC7/photos/a.1478709305738137.1073741828.1478254085783659/1893923607550036/?type=3","timeQuantum":4982947,"title":"Bill Ritter","type":"photo"},{"content":"ABC7NY","profileString":"facebook_page.1406157203016497","postURL":"https://facebook.com/1406157203016497/posts/1738007913164756","avatar":"https://graph.facebook.com/1406157203016497/picture","classification":{"engine":"aylien","language":"en","taxonomy":[{"score":"0.0741","confident":false,"links":[{"link":"https://api.aylien.com/api/v1/classify/taxonomy/iab-qag/IAB9","rel":"self"}],"id":"IAB9","label":"Hobbies & Interests"},{"score":"0.0515","confident":false,"links":[{"link":"https://api.aylien.com/api/v1/classify/taxonomy/iab-qag/IAB9-4","rel":"self"},{"link":"https://api.aylien.com/api/v1/classify/taxonomy/iab-qag/IAB9","rel":"parent"}],"id":"IAB9-4","label":"Birdwatching"}]},"postidString":"facebook_page.1406157203016497_1738007913164756","postMeta":{"inserted":"content-engine"},"timestamp":1494884387,"sharesRcvd":0,"likesRcvd":35,"source":"facebook_page","lastUpdateQuantum":4984414,"name":"Liz Cho","imageLarge":"https://scontent.xx.fbcdn.net/v/t15.0-10/s720x720/18534916_10154753130604091_6499466106573422592_n.jpg?oh=1e2b25cc8ec5cc2782ac58a423c226e6&oe=59AF24FA","repliesRcvd":6,"image":"https://scontent.xx.fbcdn.net/v/t15.0-10/s130x130/18534916_10154753130604091_6499466106573422592_n.jpg?oh=9a9fe01acd5a8e5227bbd5a6e002a26f&oe=59AD4B08","username":"lizcho.abc7ny","link":"https://www.facebook.com/ABC7NY/videos/10154753129004091/","timeQuantum":4982947,"video":"https://video.xx.fbcdn.net/v/t42.1790-2/18502520_423408268040754_1282463924481949696_n.mp4?efg=eyJybHIiOjY5OCwicmxhIjo1MTIsInZlbmNvZGVfdGFnIjoic3ZlX3NkIn0%3D&rl=698&vabr=388&oh=a0015f87805f5f089bf306ea2e4eae97&oe=591CC60B","title":"ABC7NY","type":"video"},{"content":"Nina Pineda","profileString":"facebook_page.1406157203016497","postURL":"https://facebook.com/1406157203016497/posts/1739161209716093","avatar":"https://graph.facebook.com/1406157203016497/picture","classification":{"engine":"aylien","language":"en","taxonomy":[{"score":"0.0715","confident":false,"links":[{"link":"https://api.aylien.com/api/v1/classify/taxonomy/iab-qag/IAB9","rel":"self"}],"id":"IAB9","label":"Hobbies & Interests"},{"score":"0.0590","confident":false,"links":[{"link":"https://api.aylien.com/api/v1/classify/taxonomy/iab-qag/IAB17","rel":"self"}],"id":"IAB17","label":"Sports"},{"score":"0.0515","confident":false,"links":[{"link":"https://api.aylien.com/api/v1/classify/taxonomy/iab-qag/IAB9-4","rel":"self"},{"link":"https://api.aylien.com/api/v1/classify/taxonomy/iab-qag/IAB9","rel":"parent"}],"id":"IAB9-4","label":"Birdwatching"},{"score":"0.0480","confident":true,"links":[{"link":"https://api.aylien.com/api/v1/classify/taxonomy/iab-qag/IAB17-43","rel":"self"},{"link":"https://api.aylien.com/api/v1/classify/taxonomy/iab-qag/IAB17","rel":"parent"}],"id":"IAB17-43","label":"Waterski/Wakeboard"}]},"postidString":"facebook_page.1406157203016497_1739161209716093","postMeta":{"inserted":"content-engine"},"timestamp":1495140634,"sharesRcvd":0,"likesRcvd":21,"source":"facebook_page","lastUpdateQuantum":4984414,"name":"Liz Cho","imageLarge":"https://scontent.xx.fbcdn.net/v/t15.0-10/18597778_1688771924473773_7065722514797756416_n.jpg?oh=0b8497807e2ab9a822c776e12343937b&oe=59B18842","repliesRcvd":1,"image":"https://scontent.xx.fbcdn.net/v/t15.0-10/s130x130/18597778_1688771924473773_7065722514797756416_n.jpg?oh=5f5eee840e0230e92a5c801a2e970187&oe=59BDCF39","username":"lizcho.abc7ny","link":"https://www.facebook.com/ninapineda.abc7ny/videos/1688765754474390/","timeQuantum":4983802,"video":"https://scontent.xx.fbcdn.net/v/t42.1790-29/18552081_306121993148751_1847064081647796224_n.mp4?efg=eyJybHIiOjEwNDAsInJsYSI6MjI5NCwidmVuY29kZV90YWciOiJzZCJ9&rl=1040&vabr=578&oh=034a5552e2ec969dad45ae711e4ceb9c&oe=5920A5C2","title":"Nina Pineda","type":"video"},{"content":"ABC7NY","profileString":"facebook_page.1406157203016497","postURL":"https://facebook.com/1406157203016497/posts/1739161333049414","avatar":"https://graph.facebook.com/1406157203016497/picture","classification":{"engine":"aylien","language":"en","taxonomy":[{"score":"0.1654","confident":true,"links":[{"link":"https://api.aylien.com/api/v1/classify/taxonomy/iab-qag/IAB2-4","rel":"self"},{"link":"https://api.aylien.com/api/v1/classify/taxonomy/iab-qag/IAB2","rel":"parent"}],"id":"IAB2-4","label":"Car Culture"},{"score":"0.1059","confident":true,"links":[{"link":"https://api.aylien.com/api/v1/classify/taxonomy/iab-qag/IAB2","rel":"self"}],"id":"IAB2","label":"Automotive"}]},"postidString":"facebook_page.1406157203016497_1739161333049414","postMeta":{"inserted":"content-engine"},"timestamp":1495140649,"sharesRcvd":0,"likesRcvd":36,"source":"facebook_page","lastUpdateQuantum":4984414,"name":"Liz Cho","imageLarge":"https://external.xx.fbcdn.net/safe_image.php?d=AQBE_tweYpGIZskw&url=http%3A%2F%2Fcdn.abclocal.go.com%2Fcontent%2Fwabc%2Fimages%2Fcms%2Fautomation%2Fvod%2F2008918_1280x720.jpg&_nc_hash=AQDkvaUzrHJUv5L-","repliesRcvd":9,"image":"https://external.xx.fbcdn.net/safe_image.php?d=AQBW05fF_ZJMrKE2&w=130&h=130&url=http%3A%2F%2Fcdn.abclocal.go.com%2Fcontent%2Fwabc%2Fimages%2Fcms%2Fautomation%2Fvod%2F2008918_1280x720.jpg&cfs=1&sx=251&sy=0&sw=720&sh=720&_nc_hash=AQB4RArGhisU966o","username":"lizcho.abc7ny","link":"http://7ny.tv/2pPJZmh","timeQuantum":4983802,"title":"ABC7NY","type":"link"},{"content":"abc7ny.com","profileString":"facebook_page.1406157203016497","postURL":"https://facebook.com/1406157203016497/posts/1739161016382779","avatar":"https://graph.facebook.com/1406157203016497/picture","classification":{"engine":"aylien","language":"en","taxonomy":[{"score":"0.2516","confident":true,"links":[{"link":"https://api.aylien.com/api/v1/classify/taxonomy/iab-qag/IAB2","rel":"self"}],"id":"IAB2","label":"Automotive"},{"score":"0.2201","confident":true,"links":[{"link":"https://api.aylien.com/api/v1/classify/taxonomy/iab-qag/IAB2-4","rel":"self"},{"link":"https://api.aylien.com/api/v1/classify/taxonomy/iab-qag/IAB2","rel":"parent"}],"id":"IAB2-4","label":"Car Culture"}]},"postidString":"facebook_page.1406157203016497_1739161016382779","postMeta":{"inserted":"content-engine"},"timestamp":1495140615,"sharesRcvd":3,"likesRcvd":19,"source":"facebook_page","lastUpdateQuantum":4984414,"name":"Liz Cho","imageLarge":"https://external.xx.fbcdn.net/safe_image.php?d=AQCE5QeNDr6YrRWc&url=http%3A%2F%2Fcdn.abclocal.go.com%2Fcontent%2Fwabc%2Fimages%2Fcms%2Fautomation%2Fvod%2F2008906_1280x720.jpg&_nc_hash=AQARmW9d6geSr2w5","repliesRcvd":2,"image":"https://external.xx.fbcdn.net/safe_image.php?d=AQDlwA11eUYnXnhI&w=130&h=130&url=http%3A%2F%2Fcdn.abclocal.go.com%2Fcontent%2Fwabc%2Fimages%2Fcms%2Fautomation%2Fvod%2F2008906_1280x720.jpg&cfs=1&_nc_hash=AQD1NdrC-um2PSpu","username":"lizcho.abc7ny","link":"http://abc7ny.com/traffic/tourist-killed-22-hurt-after-driver-plows-into-crowd-in-times-square/2008388/","timeQuantum":4983802,"title":"Tourist killed, 22 hurt after driver plows into crowd in Times Square","type":"link"}]