[{"profileString":"facebook_page.125019064183695","likesRcvd":3,"postsMade":1,"repliesRcvd":1,"timeQuantum":4988308,"postidString":"facebook_page.125019064183695_1563200510365536"},{"profileString":"facebook_page.125019064183695","likesRcvd":6,"repliesRcvd":4,"timeQuantum":4988310,"postidString":"facebook_page.125019064183695_1563200510365536"},{"profileString":"facebook_page.125019064183695","likesRcvd":6,"repliesRcvd":4,"timeQuantum":4988311,"postidString":"facebook_page.125019064183695_1563200510365536"},{"profileString":"facebook_page.125019064183695","likesRcvd":5,"repliesRcvd":3,"timeQuantum":4988312,"postidString":"facebook_page.125019064183695_1563200510365536"},{"profileString":"facebook_page.125019064183695","likesRcvd":5,"repliesRcvd":3,"timeQuantum":4988313,"postidString":"facebook_page.125019064183695_1563200510365536"},{"profileString":"facebook_page.125019064183695","likesRcvd":5,"repliesRcvd":3,"timeQuantum":4988314,"postidString":"facebook_page.125019064183695_1563200510365536"},{"profileString":"facebook_page.125019064183695","likesRcvd":5,"repliesRcvd":3,"timeQuantum":4988315,"postidString":"facebook_page.125019064183695_1563200510365536"},{"profileString":"facebook_page.125019064183695","likesRcvd":5,"repliesRcvd":3,"timeQuantum":4988316,"postidString":"facebook_page.125019064183695_1563200510365536"},{"profileString":"facebook_page.125019064183695","likesRcvd":5,"repliesRcvd":3,"timeQuantum":4988317,"postidString":"facebook_page.125019064183695_1563200510365536"},{"profileString":"facebook_page.125019064183695","likesRcvd":2,"repliesRcvd":1,"timeQuantum":4988319,"postidString":"facebook_page.125019064183695_1563200510365536"},{"profileString":"facebook_page.125019064183695","likesRcvd":2,"repliesRcvd":1,"timeQuantum":4988320,"postidString":"facebook_page.125019064183695_1563200510365536"},{"profileString":"facebook_page.125019064183695","likesRcvd":2,"repliesRcvd":1,"timeQuantum":4988321,"postidString":"facebook_page.125019064183695_1563200510365536"},{"profileString":"facebook_page.125019064183695","likesRcvd":2,"repliesRcvd":1,"timeQuantum":4988322,"postidString":"facebook_page.125019064183695_1563200510365536"},{"profileString":"facebook_page.125019064183695","likesRcvd":1,"repliesRcvd":1,"timeQuantum":4988323,"postidString":"facebook_page.125019064183695_1563200510365536"},{"profileString":"facebook_page.125019064183695","likesRcvd":1,"repliesRcvd":1,"timeQuantum":4988324,"postidString":"facebook_page.125019064183695_1563200510365536"},{"profileString":"facebook_page.125019064183695","likesRcvd":1,"timeQuantum":4988325,"postidString":"facebook_page.125019064183695_1563200510365536"},{"profileString":"facebook_page.125019064183695","likesRcvd":1,"timeQuantum":4988326,"postidString":"facebook_page.125019064183695_1563200510365536"},{"sharesRcvd":1,"profileString":"facebook_page.125019064183695","likesRcvd":2,"repliesRcvd":1,"timeQuantum":4988328,"postidString":"facebook_page.125019064183695_1563200510365536"},{"profileString":"facebook_page.125019064183695","likesRcvd":1,"repliesRcvd":1,"timeQuantum":4988329,"postidString":"facebook_page.125019064183695_1563200510365536"},{"profileString":"facebook_page.125019064183695","likesRcvd":1,"timeQuantum":4988330,"postidString":"facebook_page.125019064183695_1563200510365536"},{"profileString":"facebook_page.125019064183695","likesRcvd":1,"timeQuantum":4988331,"postidString":"facebook_page.125019064183695_1563200510365536"},{"profileString":"facebook_page.125019064183695","likesRcvd":1,"timeQuantum":4988332,"postidString":"facebook_page.125019064183695_1563200510365536"},{"profileString":"facebook_page.125019064183695","likesRcvd":1,"timeQuantum":4988333,"postidString":"facebook_page.125019064183695_1563200510365536"},{"profileString":"facebook_page.125019064183695","likesRcvd":1,"timeQuantum":4988334,"postidString":"facebook_page.125019064183695_1563200510365536"},{"profileString":"facebook_page.125019064183695","likesRcvd":1,"timeQuantum":4988335,"postidString":"facebook_page.125019064183695_1563200510365536"},{"profileString":"facebook_page.125019064183695","likesRcvd":2,"repliesRcvd":2,"timeQuantum":4988337,"postidString":"facebook_page.125019064183695_1563200510365536"},{"profileString":"facebook_page.125019064183695","likesRcvd":2,"repliesRcvd":2,"timeQuantum":4988338,"postidString":"facebook_page.125019064183695_1563200510365536"},{"profileString":"facebook_page.125019064183695","likesRcvd":2,"repliesRcvd":1,"timeQuantum":4988339,"postidString":"facebook_page.125019064183695_1563200510365536"},{"profileString":"facebook_page.125019064183695","likesRcvd":2,"repliesRcvd":1,"timeQuantum":4988340,"postidString":"facebook_page.125019064183695_1563200510365536"},{"profileString":"facebook_page.125019064183695","likesRcvd":1,"repliesRcvd":1,"timeQuantum":4988341,"postidString":"facebook_page.125019064183695_1563200510365536"},{"profileString":"facebook_page.125019064183695","likesRcvd":1,"repliesRcvd":1,"timeQuantum":4988342,"postidString":"facebook_page.125019064183695_1563200510365536"},{"profileString":"facebook_page.125019064183695","likesRcvd":1,"repliesRcvd":1,"timeQuantum":4988343,"postidString":"facebook_page.125019064183695_1563200510365536"},{"profileString":"facebook_page.125019064183695","likesRcvd":1,"repliesRcvd":1,"timeQuantum":4988344,"postidString":"facebook_page.125019064183695_1563200510365536"},{"profileString":"facebook_page.125019064183695","likesRcvd":2,"repliesRcvd":1,"timeQuantum":4988346,"postidString":"facebook_page.125019064183695_1563200510365536"},{"profileString":"facebook_page.125019064183695","likesRcvd":2,"repliesRcvd":1,"timeQuantum":4988347,"postidString":"facebook_page.125019064183695_1563200510365536"},{"profileString":"facebook_page.125019064183695","likesRcvd":2,"repliesRcvd":1,"timeQuantum":4988348,"postidString":"facebook_page.125019064183695_1563200510365536"},{"profileString":"facebook_page.125019064183695","likesRcvd":1,"repliesRcvd":1,"timeQuantum":4988349,"postidString":"facebook_page.125019064183695_1563200510365536"},{"profileString":"facebook_page.125019064183695","likesRcvd":1,"repliesRcvd":1,"timeQuantum":4988350,"postidString":"facebook_page.125019064183695_1563200510365536"},{"profileString":"facebook_page.125019064183695","likesRcvd":1,"timeQuantum":4988351,"postidString":"facebook_page.125019064183695_1563200510365536"},{"profileString":"facebook_page.125019064183695","likesRcvd":1,"timeQuantum":4988352,"postidString":"facebook_page.125019064183695_1563200510365536"},{"profileString":"facebook_page.125019064183695","likesRcvd":1,"timeQuantum":4988353,"postidString":"facebook_page.125019064183695_1563200510365536"},{"profileString":"facebook_page.125019064183695","likesRcvd":1,"repliesRcvd":1,"timeQuantum":4988355,"postidString":"facebook_page.125019064183695_1563200510365536"},{"profileString":"facebook_page.125019064183695","likesRcvd":1,"repliesRcvd":1,"timeQuantum":4988356,"postidString":"facebook_page.125019064183695_1563200510365536"},{"profileString":"facebook_page.125019064183695","likesRcvd":1,"repliesRcvd":1,"timeQuantum":4988357,"postidString":"facebook_page.125019064183695_1563200510365536"},{"profileString":"facebook_page.125019064183695","likesRcvd":1,"repliesRcvd":1,"timeQuantum":4988358,"postidString":"facebook_page.125019064183695_1563200510365536"},{"profileString":"facebook_page.125019064183695","likesRcvd":1,"repliesRcvd":1,"timeQuantum":4988359,"postidString":"facebook_page.125019064183695_1563200510365536"},{"profileString":"facebook_page.125019064183695","likesRcvd":1,"repliesRcvd":1,"timeQuantum":4988360,"postidString":"facebook_page.125019064183695_1563200510365536"},{"profileString":"facebook_page.125019064183695","likesRcvd":1,"repliesRcvd":1,"timeQuantum":4988361,"postidString":"facebook_page.125019064183695_1563200510365536"},{"profileString":"facebook_page.125019064183695","likesRcvd":1,"repliesRcvd":1,"timeQuantum":4988362,"postidString":"facebook_page.125019064183695_1563200510365536"},{"profileString":"facebook_page.125019064183695","likesRcvd":1,"repliesRcvd":1,"timeQuantum":4988363,"postidString":"facebook_page.125019064183695_1563200510365536"},{"profileString":"facebook_page.125019064183695","likesRcvd":1,"repliesRcvd":1,"timeQuantum":4988364,"postidString":"facebook_page.125019064183695_1563200510365536"},{"profileString":"facebook_page.125019064183695","likesRcvd":1,"repliesRcvd":1,"timeQuantum":4988365,"postidString":"facebook_page.125019064183695_1563200510365536"},{"profileString":"facebook_page.125019064183695","likesRcvd":1,"repliesRcvd":1,"timeQuantum":4988366,"postidString":"facebook_page.125019064183695_1563200510365536"},{"profileString":"facebook_page.125019064183695","likesRcvd":1,"repliesRcvd":1,"timeQuantum":4988367,"postidString":"facebook_page.125019064183695_1563200510365536"},{"profileString":"facebook_page.125019064183695","likesRcvd":1,"timeQuantum":4988368,"postidString":"facebook_page.125019064183695_1563200510365536"},{"profileString":"facebook_page.125019064183695","likesRcvd":1,"timeQuantum":4988369,"postidString":"facebook_page.125019064183695_1563200510365536"},{"profileString":"facebook_page.125019064183695","likesRcvd":1,"timeQuantum":4988370,"postidString":"facebook_page.125019064183695_1563200510365536"},{"profileString":"facebook_page.125019064183695","likesRcvd":1,"timeQuantum":4988371,"postidString":"facebook_page.125019064183695_1563200510365536"},{"profileString":"facebook_page.125019064183695","likesRcvd":1,"timeQuantum":4988372,"postidString":"facebook_page.125019064183695_1563200510365536"},{"profileString":"facebook_page.125019064183695","likesRcvd":1,"timeQuantum":4988373,"postidString":"facebook_page.125019064183695_1563200510365536"},{"profileString":"facebook_page.125019064183695","likesRcvd":1,"timeQuantum":4988374,"postidString":"facebook_page.125019064183695_1563200510365536"},{"profileString":"facebook_page.125019064183695","likesRcvd":1,"timeQuantum":4988375,"postidString":"facebook_page.125019064183695_1563200510365536"},{"profileString":"facebook_page.125019064183695","likesRcvd":1,"repliesRcvd":1,"timeQuantum":4988382,"postidString":"facebook_page.125019064183695_1563200510365536"},{"profileString":"facebook_page.125019064183695","likesRcvd":1,"repliesRcvd":1,"timeQuantum":4988383,"postidString":"facebook_page.125019064183695_1563200510365536"},{"profileString":"facebook_page.125019064183695","likesRcvd":1,"repliesRcvd":1,"timeQuantum":4988384,"postidString":"facebook_page.125019064183695_1563200510365536"},{"profileString":"facebook_page.125019064183695","likesRcvd":1,"timeQuantum":4988385,"postidString":"facebook_page.125019064183695_1563200510365536"},{"profileString":"facebook_page.125019064183695","likesRcvd":1,"timeQuantum":4988386,"postidString":"facebook_page.125019064183695_1563200510365536"},{"profileString":"facebook_page.125019064183695","likesRcvd":1,"repliesRcvd":1,"timeQuantum":4988400,"postidString":"facebook_page.125019064183695_1563200510365536"},{"profileString":"facebook_page.125019064183695","likesRcvd":1,"timeQuantum":4988401,"postidString":"facebook_page.125019064183695_1563200510365536"},{"profileString":"facebook_page.125019064183695","likesRcvd":1,"timeQuantum":4988402,"postidString":"facebook_page.125019064183695_1563200510365536"},{"profileString":"facebook_page.125019064183695","likesRcvd":1,"timeQuantum":4988409,"postidString":"facebook_page.125019064183695_1563200510365536"},{"profileString":"facebook_page.125019064183695","likesRcvd":1,"timeQuantum":4988410,"postidString":"facebook_page.125019064183695_1563200510365536"},{"profileString":"facebook_page.125019064183695","likesRcvd":1,"timeQuantum":4988411,"postidString":"facebook_page.125019064183695_1563200510365536"},{"profileString":"facebook_page.125019064183695","likesRcvd":1,"timeQuantum":4988412,"postidString":"facebook_page.125019064183695_1563200510365536"},{"profileString":"facebook_page.125019064183695","likesRcvd":1,"repliesRcvd":1,"timeQuantum":4988418,"postidString":"facebook_page.125019064183695_1563200510365536"},{"profileString":"facebook_page.125019064183695","likesRcvd":1,"repliesRcvd":1,"timeQuantum":4988419,"postidString":"facebook_page.125019064183695_1563200510365536"},{"profileString":"facebook_page.125019064183695","likesRcvd":1,"repliesRcvd":1,"timeQuantum":4988420,"postidString":"facebook_page.125019064183695_1563200510365536"},{"profileString":"facebook_page.125019064183695","likesRcvd":1,"timeQuantum":4988421,"postidString":"facebook_page.125019064183695_1563200510365536"},{"profileString":"facebook_page.125019064183695","likesRcvd":1,"timeQuantum":4988422,"postidString":"facebook_page.125019064183695_1563200510365536"},{"profileString":"facebook_page.125019064183695","likesRcvd":1,"repliesRcvd":1,"timeQuantum":4988427,"postidString":"facebook_page.125019064183695_1563200510365536"},{"profileString":"facebook_page.125019064183695","likesRcvd":1,"repliesRcvd":1,"timeQuantum":4988428,"postidString":"facebook_page.125019064183695_1563200510365536"},{"profileString":"facebook_page.125019064183695","likesRcvd":1,"repliesRcvd":1,"timeQuantum":4988429,"postidString":"facebook_page.125019064183695_1563200510365536"},{"profileString":"facebook_page.125019064183695","likesRcvd":1,"timeQuantum":4988430,"postidString":"facebook_page.125019064183695_1563200510365536"},{"profileString":"facebook_page.125019064183695","likesRcvd":1,"repliesRcvd":1,"timeQuantum":4988436,"postidString":"facebook_page.125019064183695_1563200510365536"},{"profileString":"facebook_page.125019064183695","likesRcvd":1,"repliesRcvd":1,"timeQuantum":4988437,"postidString":"facebook_page.125019064183695_1563200510365536"},{"profileString":"facebook_page.125019064183695","likesRcvd":1,"repliesRcvd":1,"timeQuantum":4988438,"postidString":"facebook_page.125019064183695_1563200510365536"},{"profileString":"facebook_page.125019064183695","likesRcvd":1,"timeQuantum":4988439,"postidString":"facebook_page.125019064183695_1563200510365536"},{"profileString":"facebook_page.125019064183695","likesRcvd":1,"timeQuantum":4988440,"postidString":"facebook_page.125019064183695_1563200510365536"},{"profileString":"facebook_page.125019064183695","likesRcvd":1,"timeQuantum":4988441,"postidString":"facebook_page.125019064183695_1563200510365536"},{"profileString":"facebook_page.125019064183695","likesRcvd":1,"timeQuantum":4988442,"postidString":"facebook_page.125019064183695_1563200510365536"},{"profileString":"facebook_page.125019064183695","likesRcvd":1,"timeQuantum":4988443,"postidString":"facebook_page.125019064183695_1563200510365536"},{"profileString":"facebook_page.125019064183695","likesRcvd":1,"timeQuantum":4988445,"postidString":"facebook_page.125019064183695_1563200510365536"},{"profileString":"facebook_page.125019064183695","likesRcvd":1,"repliesRcvd":1,"timeQuantum":4988454,"postidString":"facebook_page.125019064183695_1563200510365536"},{"profileString":"facebook_page.125019064183695","likesRcvd":1,"repliesRcvd":1,"timeQuantum":4988455,"postidString":"facebook_page.125019064183695_1563200510365536"},{"profileString":"facebook_page.125019064183695","likesRcvd":1,"timeQuantum":4988456,"postidString":"facebook_page.125019064183695_1563200510365536"},{"profileString":"facebook_page.125019064183695","likesRcvd":1,"timeQuantum":4988457,"postidString":"facebook_page.125019064183695_1563200510365536"},{"profileString":"facebook_page.125019064183695","likesRcvd":1,"timeQuantum":4988458,"postidString":"facebook_page.125019064183695_1563200510365536"},{"profileString":"facebook_page.125019064183695","likesRcvd":1,"timeQuantum":4988459,"postidString":"facebook_page.125019064183695_1563200510365536"},{"profileString":"facebook_page.125019064183695","likesRcvd":1,"timeQuantum":4988460,"postidString":"facebook_page.125019064183695_1563200510365536"},{"profileString":"facebook_page.125019064183695","likesRcvd":1,"timeQuantum":4988461,"postidString":"facebook_page.125019064183695_1563200510365536"},{"profileString":"facebook_page.125019064183695","likesRcvd":1,"repliesRcvd":1,"timeQuantum":4988481,"postidString":"facebook_page.125019064183695_1563200510365536"},{"profileString":"facebook_page.125019064183695","likesRcvd":1,"timeQuantum":4988482,"postidString":"facebook_page.125019064183695_1563200510365536"},{"profileString":"facebook_page.125019064183695","likesRcvd":1,"timeQuantum":4988483,"postidString":"facebook_page.125019064183695_1563200510365536"},{"profileString":"facebook_page.125019064183695","likesRcvd":1,"timeQuantum":4988499,"postidString":"facebook_page.125019064183695_1563200510365536"},{"profileString":"facebook_page.125019064183695","likesRcvd":1,"repliesRcvd":1,"timeQuantum":4988508,"postidString":"facebook_page.125019064183695_1563200510365536"},{"profileString":"facebook_page.125019064183695","likesRcvd":1,"repliesRcvd":1,"timeQuantum":4988535,"postidString":"facebook_page.125019064183695_1563200510365536"},{"profileString":"facebook_page.125019064183695","likesRcvd":1,"timeQuantum":4988553,"postidString":"facebook_page.125019064183695_1563200510365536"},{"profileString":"facebook_page.125019064183695","likesRcvd":1,"timeQuantum":4988562,"postidString":"facebook_page.125019064183695_1563200510365536"},{"profileString":"facebook_page.125019064183695","likesRcvd":1,"repliesRcvd":1,"timeQuantum":4988580,"postidString":"facebook_page.125019064183695_1563200510365536"},{"profileString":"facebook_page.125019064183695","repliesRcvd":1,"timeQuantum":4988598,"postidString":"facebook_page.125019064183695_1563200510365536"},{"profileString":"facebook_page.125019064183695","likesRcvd":1,"timeQuantum":4988607,"postidString":"facebook_page.125019064183695_1563200510365536"},{"profileString":"facebook_page.125019064183695","repliesRcvd":1,"timeQuantum":4988616,"postidString":"facebook_page.125019064183695_1563200510365536"},{"profileString":"facebook_page.125019064183695","likesRcvd":1,"timeQuantum":4988652,"postidString":"facebook_page.125019064183695_1563200510365536"},{"profileString":"facebook_page.125019064183695","repliesRcvd":1,"timeQuantum":4988670,"postidString":"facebook_page.125019064183695_1563200510365536"},{"profileString":"facebook_page.125019064183695","repliesRcvd":1,"timeQuantum":4988688,"postidString":"facebook_page.125019064183695_1563200510365536"},{"profileString":"facebook_page.125019064183695","likesRcvd":1,"timeQuantum":4988715,"postidString":"facebook_page.125019064183695_1563200510365536"},{"profileString":"facebook_page.125019064183695","likesRcvd":1,"timeQuantum":4988733,"postidString":"facebook_page.125019064183695_1563200510365536"},{"profileString":"facebook_page.125019064183695","likesRcvd":1,"timeQuantum":4988734,"postidString":"facebook_page.125019064183695_1563200510365536"},{"profileString":"facebook_page.125019064183695","likesRcvd":1,"timeQuantum":4988760,"postidString":"facebook_page.125019064183695_1563200510365536"},{"profileString":"facebook_page.125019064183695","likesRcvd":1,"timeQuantum":4988778,"postidString":"facebook_page.125019064183695_1563200510365536"},{"profileString":"facebook_page.125019064183695","repliesRcvd":1,"timeQuantum":4988877,"postidString":"facebook_page.125019064183695_1563200510365536"},{"profileString":"facebook_page.125019064183695","likesRcvd":1,"timeQuantum":4988994,"postidString":"facebook_page.125019064183695_1563200510365536"},{"profileString":"facebook_page.125019064183695","likesRcvd":1,"timeQuantum":4989057,"postidString":"facebook_page.125019064183695_1563200510365536"},{"profileString":"facebook_page.125019064183695","likesRcvd":1,"timeQuantum":4989237,"postidString":"facebook_page.125019064183695_1563200510365536"},{"profileString":"facebook_page.125019064183695","likesRcvd":1,"timeQuantum":4989291,"postidString":"facebook_page.125019064183695_1563200510365536"},{"profileString":"facebook_page.125019064183695","likesRcvd":1,"timeQuantum":4989292,"postidString":"facebook_page.125019064183695_1563200510365536"},{"profileString":"facebook_page.125019064183695","repliesRcvd":1,"timeQuantum":4989480,"postidString":"facebook_page.125019064183695_1563200510365536"},{"profileString":"facebook_page.125019064183695","likesRcvd":1,"timeQuantum":4989489,"postidString":"facebook_page.125019064183695_1563200510365536"},{"profileString":"facebook_page.125019064183695","likesRcvd":1,"timeQuantum":4989507,"postidString":"facebook_page.125019064183695_1563200510365536"},{"profileString":"facebook_page.125019064183695","likesRcvd":1,"timeQuantum":4989552,"postidString":"facebook_page.125019064183695_1563200510365536"},{"profileString":"facebook_page.125019064183695","likesRcvd":1,"timeQuantum":4989561,"postidString":"facebook_page.125019064183695_1563200510365536"},{"profileString":"facebook_page.125019064183695","likesRcvd":1,"timeQuantum":4989579,"postidString":"facebook_page.125019064183695_1563200510365536"},{"profileString":"facebook_page.125019064183695","likesRcvd":1,"timeQuantum":4989580,"postidString":"facebook_page.125019064183695_1563200510365536"},{"profileString":"facebook_page.125019064183695","likesRcvd":1,"timeQuantum":4989606,"postidString":"facebook_page.125019064183695_1563200510365536"},{"profileString":"facebook_page.125019064183695","likesRcvd":14,"postsMade":1,"repliesRcvd":3,"timeQuantum":4989762,"postidString":"facebook_page.125019064183695_1569076609777926"},{"profileString":"facebook_page.125019064183695","likesRcvd":13,"repliesRcvd":3,"timeQuantum":4989763,"postidString":"facebook_page.125019064183695_1569076609777926"},{"profileString":"facebook_page.125019064183695","likesRcvd":13,"repliesRcvd":3,"timeQuantum":4989764,"postidString":"facebook_page.125019064183695_1569076609777926"},{"profileString":"facebook_page.125019064183695","likesRcvd":13,"repliesRcvd":2,"timeQuantum":4989765,"postidString":"facebook_page.125019064183695_1569076609777926"},{"profileString":"facebook_page.125019064183695","likesRcvd":13,"repliesRcvd":2,"timeQuantum":4989766,"postidString":"facebook_page.125019064183695_1569076609777926"},{"profileString":"facebook_page.125019064183695","likesRcvd":12,"repliesRcvd":1,"timeQuantum":4989768,"postidString":"facebook_page.125019064183695_1569076609777926"},{"profileString":"facebook_page.125019064183695","likesRcvd":12,"repliesRcvd":1,"timeQuantum":4989769,"postidString":"facebook_page.125019064183695_1569076609777926"},{"profileString":"facebook_page.125019064183695","likesRcvd":12,"repliesRcvd":1,"timeQuantum":4989770,"postidString":"facebook_page.125019064183695_1569076609777926"},{"profileString":"facebook_page.125019064183695","likesRcvd":11,"repliesRcvd":1,"timeQuantum":4989771,"postidString":"facebook_page.125019064183695_1569076609777926"},{"profileString":"facebook_page.125019064183695","likesRcvd":11,"repliesRcvd":1,"timeQuantum":4989772,"postidString":"facebook_page.125019064183695_1569076609777926"},{"profileString":"facebook_page.125019064183695","likesRcvd":11,"repliesRcvd":1,"timeQuantum":4989773,"postidString":"facebook_page.125019064183695_1569076609777926"},{"profileString":"facebook_page.125019064183695","likesRcvd":11,"repliesRcvd":1,"timeQuantum":4989774,"postidString":"facebook_page.125019064183695_1569076609777926"},{"profileString":"facebook_page.125019064183695","likesRcvd":11,"repliesRcvd":1,"timeQuantum":4989775,"postidString":"facebook_page.125019064183695_1569076609777926"},{"profileString":"facebook_page.125019064183695","likesRcvd":9,"repliesRcvd":1,"timeQuantum":4989777,"postidString":"facebook_page.125019064183695_1569076609777926"},{"profileString":"facebook_page.125019064183695","likesRcvd":9,"repliesRcvd":1,"timeQuantum":4989778,"postidString":"facebook_page.125019064183695_1569076609777926"},{"profileString":"facebook_page.125019064183695","likesRcvd":9,"repliesRcvd":1,"timeQuantum":4989779,"postidString":"facebook_page.125019064183695_1569076609777926"},{"profileString":"facebook_page.125019064183695","likesRcvd":9,"repliesRcvd":1,"timeQuantum":4989780,"postidString":"facebook_page.125019064183695_1569076609777926"},{"profileString":"facebook_page.125019064183695","likesRcvd":9,"repliesRcvd":1,"timeQuantum":4989781,"postidString":"facebook_page.125019064183695_1569076609777926"},{"profileString":"facebook_page.125019064183695","likesRcvd":9,"repliesRcvd":1,"timeQuantum":4989782,"postidString":"facebook_page.125019064183695_1569076609777926"},{"profileString":"facebook_page.125019064183695","likesRcvd":9,"repliesRcvd":1,"timeQuantum":4989783,"postidString":"facebook_page.125019064183695_1569076609777926"},{"profileString":"facebook_page.125019064183695","likesRcvd":9,"repliesRcvd":1,"timeQuantum":4989784,"postidString":"facebook_page.125019064183695_1569076609777926"},{"sharesRcvd":1,"profileString":"facebook_page.125019064183695","likesRcvd":7,"repliesRcvd":1,"timeQuantum":4989786,"postidString":"facebook_page.125019064183695_1569076609777926"},{"profileString":"facebook_page.125019064183695","likesRcvd":6,"repliesRcvd":1,"timeQuantum":4989787,"postidString":"facebook_page.125019064183695_1569076609777926"},{"profileString":"facebook_page.125019064183695","likesRcvd":6,"repliesRcvd":1,"timeQuantum":4989788,"postidString":"facebook_page.125019064183695_1569076609777926"},{"profileString":"facebook_page.125019064183695","likesRcvd":6,"repliesRcvd":1,"timeQuantum":4989789,"postidString":"facebook_page.125019064183695_1569076609777926"},{"profileString":"facebook_page.125019064183695","likesRcvd":6,"repliesRcvd":1,"timeQuantum":4989790,"postidString":"facebook_page.125019064183695_1569076609777926"},{"profileString":"facebook_page.125019064183695","likesRcvd":6,"repliesRcvd":1,"timeQuantum":4989791,"postidString":"facebook_page.125019064183695_1569076609777926"},{"profileString":"facebook_page.125019064183695","likesRcvd":6,"timeQuantum":4989792,"postidString":"facebook_page.125019064183695_1569076609777926"},{"profileString":"facebook_page.125019064183695","likesRcvd":6,"timeQuantum":4989793,"postidString":"facebook_page.125019064183695_1569076609777926"},{"profileString":"facebook_page.125019064183695","likesRcvd":4,"repliesRcvd":1,"timeQuantum":4989795,"postidString":"facebook_page.125019064183695_1569076609777926"},{"profileString":"facebook_page.125019064183695","likesRcvd":4,"repliesRcvd":1,"timeQuantum":4989796,"postidString":"facebook_page.125019064183695_1569076609777926"},{"profileString":"facebook_page.125019064183695","likesRcvd":4,"repliesRcvd":1,"timeQuantum":4989797,"postidString":"facebook_page.125019064183695_1569076609777926"},{"profileString":"facebook_page.125019064183695","likesRcvd":4,"timeQuantum":4989798,"postidString":"facebook_page.125019064183695_1569076609777926"},{"profileString":"facebook_page.125019064183695","likesRcvd":4,"timeQuantum":4989799,"postidString":"facebook_page.125019064183695_1569076609777926"},{"profileString":"facebook_page.125019064183695","likesRcvd":4,"timeQuantum":4989800,"postidString":"facebook_page.125019064183695_1569076609777926"},{"profileString":"facebook_page.125019064183695","likesRcvd":4,"timeQuantum":4989801,"postidString":"facebook_page.125019064183695_1569076609777926"},{"profileString":"facebook_page.125019064183695","likesRcvd":4,"timeQuantum":4989802,"postidString":"facebook_page.125019064183695_1569076609777926"},{"profileString":"facebook_page.125019064183695","likesRcvd":4,"timeQuantum":4989803,"postidString":"facebook_page.125019064183695_1569076609777926"},{"profileString":"facebook_page.125019064183695","likesRcvd":4,"timeQuantum":4989804,"postidString":"facebook_page.125019064183695_1569076609777926"},{"profileString":"facebook_page.125019064183695","likesRcvd":4,"timeQuantum":4989805,"postidString":"facebook_page.125019064183695_1569076609777926"},{"profileString":"facebook_page.125019064183695","likesRcvd":4,"timeQuantum":4989806,"postidString":"facebook_page.125019064183695_1569076609777926"},{"profileString":"facebook_page.125019064183695","likesRcvd":4,"timeQuantum":4989807,"postidString":"facebook_page.125019064183695_1569076609777926"},{"profileString":"facebook_page.125019064183695","likesRcvd":4,"timeQuantum":4989808,"postidString":"facebook_page.125019064183695_1569076609777926"},{"profileString":"facebook_page.125019064183695","likesRcvd":4,"timeQuantum":4989809,"postidString":"facebook_page.125019064183695_1569076609777926"},{"profileString":"facebook_page.125019064183695","likesRcvd":4,"timeQuantum":4989810,"postidString":"facebook_page.125019064183695_1569076609777926"},{"profileString":"facebook_page.125019064183695","likesRcvd":4,"timeQuantum":4989811,"postidString":"facebook_page.125019064183695_1569076609777926"},{"profileString":"facebook_page.125019064183695","likesRcvd":4,"timeQuantum":4989812,"postidString":"facebook_page.125019064183695_1569076609777926"},{"profileString":"facebook_page.125019064183695","likesRcvd":4,"timeQuantum":4989813,"postidString":"facebook_page.125019064183695_1569076609777926"},{"profileString":"facebook_page.125019064183695","likesRcvd":4,"timeQuantum":4989814,"postidString":"facebook_page.125019064183695_1569076609777926"},{"profileString":"facebook_page.125019064183695","likesRcvd":4,"timeQuantum":4989815,"postidString":"facebook_page.125019064183695_1569076609777926"},{"profileString":"facebook_page.125019064183695","likesRcvd":3,"timeQuantum":4989816,"postidString":"facebook_page.125019064183695_1569076609777926"},{"profileString":"facebook_page.125019064183695","likesRcvd":3,"timeQuantum":4989817,"postidString":"facebook_page.125019064183695_1569076609777926"},{"profileString":"facebook_page.125019064183695","likesRcvd":3,"timeQuantum":4989818,"postidString":"facebook_page.125019064183695_1569076609777926"},{"profileString":"facebook_page.125019064183695","likesRcvd":3,"timeQuantum":4989819,"postidString":"facebook_page.125019064183695_1569076609777926"},{"profileString":"facebook_page.125019064183695","likesRcvd":3,"timeQuantum":4989820,"postidString":"facebook_page.125019064183695_1569076609777926"},{"profileString":"facebook_page.125019064183695","likesRcvd":2,"repliesRcvd":1,"timeQuantum":4989822,"postidString":"facebook_page.125019064183695_1569076609777926"},{"profileString":"facebook_page.125019064183695","likesRcvd":2,"repliesRcvd":1,"timeQuantum":4989823,"postidString":"facebook_page.125019064183695_1569076609777926"},{"profileString":"facebook_page.125019064183695","likesRcvd":2,"timeQuantum":4989824,"postidString":"facebook_page.125019064183695_1569076609777926"},{"profileString":"facebook_page.125019064183695","likesRcvd":2,"timeQuantum":4989825,"postidString":"facebook_page.125019064183695_1569076609777926"},{"profileString":"facebook_page.125019064183695","likesRcvd":2,"timeQuantum":4989826,"postidString":"facebook_page.125019064183695_1569076609777926"},{"profileString":"facebook_page.125019064183695","likesRcvd":2,"timeQuantum":4989827,"postidString":"facebook_page.125019064183695_1569076609777926"},{"profileString":"facebook_page.125019064183695","likesRcvd":2,"timeQuantum":4989828,"postidString":"facebook_page.125019064183695_1569076609777926"},{"profileString":"facebook_page.125019064183695","likesRcvd":2,"timeQuantum":4989829,"postidString":"facebook_page.125019064183695_1569076609777926"},{"profileString":"facebook_page.125019064183695","likesRcvd":2,"timeQuantum":4989830,"postidString":"facebook_page.125019064183695_1569076609777926"},{"profileString":"facebook_page.125019064183695","likesRcvd":2,"timeQuantum":4989831,"postidString":"facebook_page.125019064183695_1569076609777926"},{"profileString":"facebook_page.125019064183695","likesRcvd":2,"timeQuantum":4989832,"postidString":"facebook_page.125019064183695_1569076609777926"},{"profileString":"facebook_page.125019064183695","likesRcvd":2,"timeQuantum":4989833,"postidString":"facebook_page.125019064183695_1569076609777926"},{"profileString":"facebook_page.125019064183695","likesRcvd":2,"timeQuantum":4989834,"postidString":"facebook_page.125019064183695_1569076609777926"},{"profileString":"facebook_page.125019064183695","likesRcvd":2,"timeQuantum":4989835,"postidString":"facebook_page.125019064183695_1569076609777926"},{"profileString":"facebook_page.125019064183695","likesRcvd":2,"timeQuantum":4989836,"postidString":"facebook_page.125019064183695_1569076609777926"},{"profileString":"facebook_page.125019064183695","likesRcvd":1,"timeQuantum":4989837,"postidString":"facebook_page.125019064183695_1569076609777926"},{"profileString":"facebook_page.125019064183695","likesRcvd":1,"timeQuantum":4989838,"postidString":"facebook_page.125019064183695_1569076609777926"},{"profileString":"facebook_page.125019064183695","likesRcvd":1,"repliesRcvd":1,"timeQuantum":4989840,"postidString":"facebook_page.125019064183695_1563200510365536"},{"profileString":"facebook_page.125019064183695","likesRcvd":4,"timeQuantum":4989840,"postidString":"facebook_page.125019064183695_1569076609777926"},{"profileString":"facebook_page.125019064183695","likesRcvd":4,"timeQuantum":4989841,"postidString":"facebook_page.125019064183695_1569076609777926"},{"profileString":"facebook_page.125019064183695","likesRcvd":3,"timeQuantum":4989842,"postidString":"facebook_page.125019064183695_1569076609777926"},{"profileString":"facebook_page.125019064183695","likesRcvd":3,"timeQuantum":4989843,"postidString":"facebook_page.125019064183695_1569076609777926"},{"profileString":"facebook_page.125019064183695","likesRcvd":3,"timeQuantum":4989844,"postidString":"facebook_page.125019064183695_1569076609777926"},{"profileString":"facebook_page.125019064183695","likesRcvd":3,"timeQuantum":4989845,"postidString":"facebook_page.125019064183695_1569076609777926"},{"profileString":"facebook_page.125019064183695","likesRcvd":3,"timeQuantum":4989846,"postidString":"facebook_page.125019064183695_1569076609777926"},{"profileString":"facebook_page.125019064183695","likesRcvd":3,"timeQuantum":4989847,"postidString":"facebook_page.125019064183695_1569076609777926"},{"sharesRcvd":1,"profileString":"facebook_page.125019064183695","likesRcvd":3,"repliesRcvd":1,"timeQuantum":4989849,"postidString":"facebook_page.125019064183695_1569076609777926"},{"profileString":"facebook_page.125019064183695","likesRcvd":3,"repliesRcvd":1,"timeQuantum":4989850,"postidString":"facebook_page.125019064183695_1569076609777926"},{"profileString":"facebook_page.125019064183695","likesRcvd":3,"timeQuantum":4989851,"postidString":"facebook_page.125019064183695_1569076609777926"},{"profileString":"facebook_page.125019064183695","likesRcvd":3,"timeQuantum":4989852,"postidString":"facebook_page.125019064183695_1569076609777926"},{"profileString":"facebook_page.125019064183695","likesRcvd":2,"timeQuantum":4989853,"postidString":"facebook_page.125019064183695_1569076609777926"},{"profileString":"facebook_page.125019064183695","likesRcvd":2,"timeQuantum":4989854,"postidString":"facebook_page.125019064183695_1569076609777926"},{"profileString":"facebook_page.125019064183695","likesRcvd":2,"timeQuantum":4989855,"postidString":"facebook_page.125019064183695_1569076609777926"},{"profileString":"facebook_page.125019064183695","likesRcvd":2,"timeQuantum":4989856,"postidString":"facebook_page.125019064183695_1569076609777926"},{"profileString":"facebook_page.125019064183695","likesRcvd":3,"repliesRcvd":1,"timeQuantum":4989858,"postidString":"facebook_page.125019064183695_1569076609777926"},{"profileString":"facebook_page.125019064183695","likesRcvd":3,"timeQuantum":4989859,"postidString":"facebook_page.125019064183695_1569076609777926"},{"profileString":"facebook_page.125019064183695","likesRcvd":3,"timeQuantum":4989860,"postidString":"facebook_page.125019064183695_1569076609777926"},{"profileString":"facebook_page.125019064183695","likesRcvd":3,"timeQuantum":4989861,"postidString":"facebook_page.125019064183695_1569076609777926"},{"profileString":"facebook_page.125019064183695","likesRcvd":3,"timeQuantum":4989862,"postidString":"facebook_page.125019064183695_1569076609777926"},{"profileString":"facebook_page.125019064183695","likesRcvd":3,"timeQuantum":4989863,"postidString":"facebook_page.125019064183695_1569076609777926"},{"profileString":"facebook_page.125019064183695","likesRcvd":3,"timeQuantum":4989864,"postidString":"facebook_page.125019064183695_1569076609777926"},{"profileString":"facebook_page.125019064183695","likesRcvd":2,"timeQuantum":4989865,"postidString":"facebook_page.125019064183695_1569076609777926"},{"profileString":"facebook_page.125019064183695","likesRcvd":2,"timeQuantum":4989866,"postidString":"facebook_page.125019064183695_1569076609777926"},{"profileString":"facebook_page.125019064183695","likesRcvd":2,"timeQuantum":4989867,"postidString":"facebook_page.125019064183695_1569076609777926"},{"profileString":"facebook_page.125019064183695","likesRcvd":2,"timeQuantum":4989868,"postidString":"facebook_page.125019064183695_1569076609777926"},{"profileString":"facebook_page.125019064183695","likesRcvd":2,"timeQuantum":4989869,"postidString":"facebook_page.125019064183695_1569076609777926"},{"profileString":"facebook_page.125019064183695","likesRcvd":2,"timeQuantum":4989870,"postidString":"facebook_page.125019064183695_1569076609777926"},{"profileString":"facebook_page.125019064183695","likesRcvd":2,"timeQuantum":4989871,"postidString":"facebook_page.125019064183695_1569076609777926"},{"profileString":"facebook_page.125019064183695","likesRcvd":2,"timeQuantum":4989872,"postidString":"facebook_page.125019064183695_1569076609777926"},{"profileString":"facebook_page.125019064183695","likesRcvd":2,"timeQuantum":4989873,"postidString":"facebook_page.125019064183695_1569076609777926"},{"profileString":"facebook_page.125019064183695","likesRcvd":2,"timeQuantum":4989874,"postidString":"facebook_page.125019064183695_1569076609777926"},{"profileString":"facebook_page.125019064183695","likesRcvd":3,"repliesRcvd":1,"timeQuantum":4989876,"postidString":"facebook_page.125019064183695_1569076609777926"},{"profileString":"facebook_page.125019064183695","likesRcvd":3,"repliesRcvd":1,"timeQuantum":4989877,"postidString":"facebook_page.125019064183695_1569076609777926"},{"profileString":"facebook_page.125019064183695","likesRcvd":3,"repliesRcvd":1,"timeQuantum":4989878,"postidString":"facebook_page.125019064183695_1569076609777926"},{"profileString":"facebook_page.125019064183695","likesRcvd":3,"timeQuantum":4989879,"postidString":"facebook_page.125019064183695_1569076609777926"},{"profileString":"facebook_page.125019064183695","likesRcvd":2,"timeQuantum":4989880,"postidString":"facebook_page.125019064183695_1569076609777926"},{"profileString":"facebook_page.125019064183695","likesRcvd":2,"timeQuantum":4989881,"postidString":"facebook_page.125019064183695_1569076609777926"},{"profileString":"facebook_page.125019064183695","likesRcvd":2,"timeQuantum":4989882,"postidString":"facebook_page.125019064183695_1569076609777926"},{"profileString":"facebook_page.125019064183695","likesRcvd":2,"timeQuantum":4989883,"postidString":"facebook_page.125019064183695_1569076609777926"},{"profileString":"facebook_page.125019064183695","likesRcvd":2,"timeQuantum":4989884,"postidString":"facebook_page.125019064183695_1569076609777926"},{"profileString":"facebook_page.125019064183695","likesRcvd":2,"timeQuantum":4989885,"postidString":"facebook_page.125019064183695_1569076609777926"},{"profileString":"facebook_page.125019064183695","likesRcvd":2,"timeQuantum":4989886,"postidString":"facebook_page.125019064183695_1569076609777926"},{"profileString":"facebook_page.125019064183695","likesRcvd":2,"timeQuantum":4989887,"postidString":"facebook_page.125019064183695_1569076609777926"},{"profileString":"facebook_page.125019064183695","likesRcvd":2,"timeQuantum":4989888,"postidString":"facebook_page.125019064183695_1569076609777926"},{"profileString":"facebook_page.125019064183695","likesRcvd":2,"timeQuantum":4989889,"postidString":"facebook_page.125019064183695_1569076609777926"},{"profileString":"facebook_page.125019064183695","likesRcvd":2,"timeQuantum":4989890,"postidString":"facebook_page.125019064183695_1569076609777926"},{"profileString":"facebook_page.125019064183695","likesRcvd":2,"timeQuantum":4989891,"postidString":"facebook_page.125019064183695_1569076609777926"},{"profileString":"facebook_page.125019064183695","likesRcvd":2,"timeQuantum":4989892,"postidString":"facebook_page.125019064183695_1569076609777926"},{"profileString":"facebook_page.125019064183695","likesRcvd":3,"repliesRcvd":1,"timeQuantum":4989894,"postidString":"facebook_page.125019064183695_1569076609777926"},{"profileString":"facebook_page.125019064183695","likesRcvd":3,"timeQuantum":4989895,"postidString":"facebook_page.125019064183695_1569076609777926"},{"profileString":"facebook_page.125019064183695","likesRcvd":2,"timeQuantum":4989896,"postidString":"facebook_page.125019064183695_1569076609777926"},{"profileString":"facebook_page.125019064183695","likesRcvd":2,"timeQuantum":4989897,"postidString":"facebook_page.125019064183695_1569076609777926"},{"profileString":"facebook_page.125019064183695","likesRcvd":2,"timeQuantum":4989898,"postidString":"facebook_page.125019064183695_1569076609777926"},{"profileString":"facebook_page.125019064183695","likesRcvd":2,"timeQuantum":4989899,"postidString":"facebook_page.125019064183695_1569076609777926"},{"profileString":"facebook_page.125019064183695","likesRcvd":2,"timeQuantum":4989900,"postidString":"facebook_page.125019064183695_1569076609777926"},{"profileString":"facebook_page.125019064183695","likesRcvd":2,"timeQuantum":4989901,"postidString":"facebook_page.125019064183695_1569076609777926"},{"profileString":"facebook_page.125019064183695","likesRcvd":2,"timeQuantum":4989903,"postidString":"facebook_page.125019064183695_1569076609777926"},{"profileString":"facebook_page.125019064183695","likesRcvd":2,"timeQuantum":4989904,"postidString":"facebook_page.125019064183695_1569076609777926"},{"profileString":"facebook_page.125019064183695","likesRcvd":2,"timeQuantum":4989905,"postidString":"facebook_page.125019064183695_1569076609777926"},{"profileString":"facebook_page.125019064183695","likesRcvd":2,"timeQuantum":4989906,"postidString":"facebook_page.125019064183695_1569076609777926"},{"profileString":"facebook_page.125019064183695","likesRcvd":2,"timeQuantum":4989907,"postidString":"facebook_page.125019064183695_1569076609777926"},{"profileString":"facebook_page.125019064183695","likesRcvd":2,"timeQuantum":4989908,"postidString":"facebook_page.125019064183695_1569076609777926"},{"profileString":"facebook_page.125019064183695","likesRcvd":2,"timeQuantum":4989909,"postidString":"facebook_page.125019064183695_1569076609777926"},{"profileString":"facebook_page.125019064183695","likesRcvd":1,"timeQuantum":4989910,"postidString":"facebook_page.125019064183695_1569076609777926"},{"profileString":"facebook_page.125019064183695","likesRcvd":1,"timeQuantum":4989912,"postidString":"facebook_page.125019064183695_1563200510365536"},{"profileString":"facebook_page.125019064183695","likesRcvd":2,"repliesRcvd":1,"timeQuantum":4989912,"postidString":"facebook_page.125019064183695_1569076609777926"},{"profileString":"facebook_page.125019064183695","likesRcvd":2,"timeQuantum":4989913,"postidString":"facebook_page.125019064183695_1569076609777926"},{"profileString":"facebook_page.125019064183695","likesRcvd":2,"timeQuantum":4989914,"postidString":"facebook_page.125019064183695_1569076609777926"},{"profileString":"facebook_page.125019064183695","likesRcvd":2,"timeQuantum":4989915,"postidString":"facebook_page.125019064183695_1569076609777926"},{"profileString":"facebook_page.125019064183695","likesRcvd":2,"timeQuantum":4989916,"postidString":"facebook_page.125019064183695_1569076609777926"},{"profileString":"facebook_page.125019064183695","likesRcvd":2,"timeQuantum":4989917,"postidString":"facebook_page.125019064183695_1569076609777926"},{"profileString":"facebook_page.125019064183695","likesRcvd":2,"timeQuantum":4989918,"postidString":"facebook_page.125019064183695_1569076609777926"},{"profileString":"facebook_page.125019064183695","likesRcvd":2,"timeQuantum":4989919,"postidString":"facebook_page.125019064183695_1569076609777926"},{"profileString":"facebook_page.125019064183695","likesRcvd":2,"repliesRcvd":1,"timeQuantum":4989921,"postidString":"facebook_page.125019064183695_1569076609777926"},{"profileString":"facebook_page.125019064183695","likesRcvd":1,"timeQuantum":4989922,"postidString":"facebook_page.125019064183695_1569076609777926"},{"profileString":"facebook_page.125019064183695","likesRcvd":1,"timeQuantum":4989923,"postidString":"facebook_page.125019064183695_1569076609777926"},{"profileString":"facebook_page.125019064183695","likesRcvd":1,"timeQuantum":4989924,"postidString":"facebook_page.125019064183695_1569076609777926"},{"profileString":"facebook_page.125019064183695","likesRcvd":1,"timeQuantum":4989925,"postidString":"facebook_page.125019064183695_1569076609777926"},{"profileString":"facebook_page.125019064183695","likesRcvd":1,"timeQuantum":4989926,"postidString":"facebook_page.125019064183695_1569076609777926"},{"profileString":"facebook_page.125019064183695","likesRcvd":1,"timeQuantum":4989927,"postidString":"facebook_page.125019064183695_1569076609777926"},{"profileString":"facebook_page.125019064183695","likesRcvd":1,"timeQuantum":4989928,"postidString":"facebook_page.125019064183695_1569076609777926"},{"profileString":"facebook_page.125019064183695","likesRcvd":1,"timeQuantum":4989930,"postidString":"facebook_page.125019064183695_1569076609777926"},{"profileString":"facebook_page.125019064183695","likesRcvd":1,"timeQuantum":4989931,"postidString":"facebook_page.125019064183695_1569076609777926"},{"profileString":"facebook_page.125019064183695","likesRcvd":1,"timeQuantum":4989932,"postidString":"facebook_page.125019064183695_1569076609777926"},{"profileString":"facebook_page.125019064183695","likesRcvd":1,"timeQuantum":4989933,"postidString":"facebook_page.125019064183695_1569076609777926"},{"profileString":"facebook_page.125019064183695","likesRcvd":1,"timeQuantum":4989934,"postidString":"facebook_page.125019064183695_1569076609777926"},{"profileString":"facebook_page.125019064183695","likesRcvd":1,"timeQuantum":4989939,"postidString":"facebook_page.125019064183695_1569076609777926"},{"profileString":"facebook_page.125019064183695","likesRcvd":1,"timeQuantum":4989940,"postidString":"facebook_page.125019064183695_1569076609777926"},{"profileString":"facebook_page.125019064183695","likesRcvd":1,"timeQuantum":4989941,"postidString":"facebook_page.125019064183695_1569076609777926"},{"profileString":"facebook_page.125019064183695","likesRcvd":1,"timeQuantum":4989942,"postidString":"facebook_page.125019064183695_1569076609777926"},{"profileString":"facebook_page.125019064183695","likesRcvd":1,"timeQuantum":4989943,"postidString":"facebook_page.125019064183695_1569076609777926"},{"profileString":"facebook_page.125019064183695","likesRcvd":1,"timeQuantum":4989944,"postidString":"facebook_page.125019064183695_1569076609777926"},{"profileString":"facebook_page.125019064183695","likesRcvd":1,"repliesRcvd":1,"timeQuantum":4989948,"postidString":"facebook_page.125019064183695_1569076609777926"},{"profileString":"facebook_page.125019064183695","likesRcvd":1,"timeQuantum":4989957,"postidString":"facebook_page.125019064183695_1569076609777926"},{"profileString":"facebook_page.125019064183695","likesRcvd":1,"timeQuantum":4989958,"postidString":"facebook_page.125019064183695_1569076609777926"},{"profileString":"facebook_page.125019064183695","likesRcvd":1,"timeQuantum":4989959,"postidString":"facebook_page.125019064183695_1569076609777926"},{"profileString":"facebook_page.125019064183695","likesRcvd":1,"timeQuantum":4989960,"postidString":"facebook_page.125019064183695_1569076609777926"},{"profileString":"facebook_page.125019064183695","likesRcvd":1,"timeQuantum":4989975,"postidString":"facebook_page.125019064183695_1569076609777926"},{"profileString":"facebook_page.125019064183695","likesRcvd":1,"timeQuantum":4989993,"postidString":"facebook_page.125019064183695_1569076609777926"},{"profileString":"facebook_page.125019064183695","likesRcvd":1,"timeQuantum":4990002,"postidString":"facebook_page.125019064183695_1569076609777926"},{"profileString":"facebook_page.125019064183695","likesRcvd":1,"timeQuantum":4990003,"postidString":"facebook_page.125019064183695_1569076609777926"},{"profileString":"facebook_page.125019064183695","likesRcvd":1,"timeQuantum":4990011,"postidString":"facebook_page.125019064183695_1569076609777926"},{"profileString":"facebook_page.125019064183695","likesRcvd":1,"timeQuantum":4990012,"postidString":"facebook_page.125019064183695_1569076609777926"},{"profileString":"facebook_page.125019064183695","likesRcvd":1,"timeQuantum":4990013,"postidString":"facebook_page.125019064183695_1569076609777926"},{"profileString":"facebook_page.125019064183695","likesRcvd":1,"timeQuantum":4990014,"postidString":"facebook_page.125019064183695_1569076609777926"},{"profileString":"facebook_page.125019064183695","likesRcvd":1,"timeQuantum":4990020,"postidString":"facebook_page.125019064183695_1569076609777926"},{"profileString":"facebook_page.125019064183695","likesRcvd":1,"timeQuantum":4990021,"postidString":"facebook_page.125019064183695_1569076609777926"},{"profileString":"facebook_page.125019064183695","likesRcvd":1,"timeQuantum":4990029,"postidString":"facebook_page.125019064183695_1569076609777926"},{"profileString":"facebook_page.125019064183695","likesRcvd":2,"repliesRcvd":1,"timeQuantum":4990038,"postidString":"facebook_page.125019064183695_1569076609777926"},{"profileString":"facebook_page.125019064183695","likesRcvd":2,"timeQuantum":4990039,"postidString":"facebook_page.125019064183695_1569076609777926"},{"profileString":"facebook_page.125019064183695","likesRcvd":1,"timeQuantum":4990040,"postidString":"facebook_page.125019064183695_1569076609777926"},{"profileString":"facebook_page.125019064183695","likesRcvd":1,"timeQuantum":4990041,"postidString":"facebook_page.125019064183695_1569076609777926"},{"profileString":"facebook_page.125019064183695","likesRcvd":1,"timeQuantum":4990042,"postidString":"facebook_page.125019064183695_1569076609777926"},{"profileString":"facebook_page.125019064183695","likesRcvd":1,"timeQuantum":4990043,"postidString":"facebook_page.125019064183695_1569076609777926"},{"profileString":"facebook_page.125019064183695","likesRcvd":1,"timeQuantum":4990044,"postidString":"facebook_page.125019064183695_1569076609777926"},{"profileString":"facebook_page.125019064183695","likesRcvd":1,"timeQuantum":4990045,"postidString":"facebook_page.125019064183695_1569076609777926"},{"profileString":"facebook_page.125019064183695","likesRcvd":1,"timeQuantum":4990047,"postidString":"facebook_page.125019064183695_1569076609777926"},{"profileString":"facebook_page.125019064183695","likesRcvd":1,"timeQuantum":4990048,"postidString":"facebook_page.125019064183695_1569076609777926"},{"profileString":"facebook_page.125019064183695","likesRcvd":1,"timeQuantum":4990049,"postidString":"facebook_page.125019064183695_1569076609777926"},{"profileString":"facebook_page.125019064183695","likesRcvd":1,"repliesRcvd":1,"timeQuantum":4990056,"postidString":"facebook_page.125019064183695_1569076609777926"},{"profileString":"facebook_page.125019064183695","likesRcvd":1,"repliesRcvd":1,"timeQuantum":4990057,"postidString":"facebook_page.125019064183695_1569076609777926"},{"profileString":"facebook_page.125019064183695","likesRcvd":1,"timeQuantum":4990058,"postidString":"facebook_page.125019064183695_1569076609777926"},{"profileString":"facebook_page.125019064183695","likesRcvd":1,"timeQuantum":4990059,"postidString":"facebook_page.125019064183695_1569076609777926"},{"profileString":"facebook_page.125019064183695","likesRcvd":1,"timeQuantum":4990060,"postidString":"facebook_page.125019064183695_1569076609777926"},{"sharesRcvd":1,"profileString":"facebook_page.125019064183695","likesRcvd":1,"timeQuantum":4990074,"postidString":"facebook_page.125019064183695_1569076609777926"},{"profileString":"facebook_page.125019064183695","likesRcvd":1,"timeQuantum":4990075,"postidString":"facebook_page.125019064183695_1569076609777926"},{"profileString":"facebook_page.125019064183695","likesRcvd":1,"timeQuantum":4990083,"postidString":"facebook_page.125019064183695_1569076609777926"},{"profileString":"facebook_page.125019064183695","likesRcvd":1,"timeQuantum":4990084,"postidString":"facebook_page.125019064183695_1569076609777926"},{"profileString":"facebook_page.125019064183695","likesRcvd":1,"timeQuantum":4990085,"postidString":"facebook_page.125019064183695_1569076609777926"},{"profileString":"facebook_page.125019064183695","likesRcvd":1,"timeQuantum":4990092,"postidString":"facebook_page.125019064183695_1569076609777926"},{"profileString":"facebook_page.125019064183695","likesRcvd":1,"timeQuantum":4990093,"postidString":"facebook_page.125019064183695_1569076609777926"},{"profileString":"facebook_page.125019064183695","likesRcvd":1,"timeQuantum":4990094,"postidString":"facebook_page.125019064183695_1569076609777926"},{"profileString":"facebook_page.125019064183695","likesRcvd":1,"timeQuantum":4990101,"postidString":"facebook_page.125019064183695_1569076609777926"},{"profileString":"facebook_page.125019064183695","likesRcvd":1,"timeQuantum":4990102,"postidString":"facebook_page.125019064183695_1569076609777926"},{"profileString":"facebook_page.125019064183695","likesRcvd":1,"timeQuantum":4990103,"postidString":"facebook_page.125019064183695_1569076609777926"},{"profileString":"facebook_page.125019064183695","likesRcvd":1,"timeQuantum":4990119,"postidString":"facebook_page.125019064183695_1569076609777926"},{"profileString":"facebook_page.125019064183695","likesRcvd":1,"timeQuantum":4990120,"postidString":"facebook_page.125019064183695_1569076609777926"},{"profileString":"facebook_page.125019064183695","likesRcvd":1,"timeQuantum":4990121,"postidString":"facebook_page.125019064183695_1569076609777926"},{"profileString":"facebook_page.125019064183695","likesRcvd":1,"timeQuantum":4990122,"postidString":"facebook_page.125019064183695_1569076609777926"},{"profileString":"facebook_page.125019064183695","likesRcvd":1,"timeQuantum":4990128,"postidString":"facebook_page.125019064183695_1569076609777926"},{"profileString":"facebook_page.125019064183695","likesRcvd":1,"timeQuantum":4990137,"postidString":"facebook_page.125019064183695_1569076609777926"},{"profileString":"facebook_page.125019064183695","likesRcvd":1,"timeQuantum":4990164,"postidString":"facebook_page.125019064183695_1569076609777926"},{"profileString":"facebook_page.125019064183695","likesRcvd":1,"timeQuantum":4990173,"postidString":"facebook_page.125019064183695_1569076609777926"},{"profileString":"facebook_page.125019064183695","likesRcvd":1,"timeQuantum":4990174,"postidString":"facebook_page.125019064183695_1569076609777926"},{"profileString":"facebook_page.125019064183695","likesRcvd":1,"repliesRcvd":1,"timeQuantum":4990182,"postidString":"facebook_page.125019064183695_1569076609777926"},{"profileString":"facebook_page.125019064183695","likesRcvd":1,"repliesRcvd":1,"timeQuantum":4990183,"postidString":"facebook_page.125019064183695_1569076609777926"},{"profileString":"facebook_page.125019064183695","likesRcvd":1,"timeQuantum":4990184,"postidString":"facebook_page.125019064183695_1569076609777926"},{"profileString":"facebook_page.125019064183695","likesRcvd":1,"timeQuantum":4990200,"postidString":"facebook_page.125019064183695_1569076609777926"},{"profileString":"facebook_page.125019064183695","likesRcvd":1,"timeQuantum":4990201,"postidString":"facebook_page.125019064183695_1569076609777926"},{"profileString":"facebook_page.125019064183695","likesRcvd":1,"timeQuantum":4990202,"postidString":"facebook_page.125019064183695_1569076609777926"},{"profileString":"facebook_page.125019064183695","likesRcvd":1,"timeQuantum":4990209,"postidString":"facebook_page.125019064183695_1569076609777926"},{"profileString":"facebook_page.125019064183695","likesRcvd":1,"timeQuantum":4990218,"postidString":"facebook_page.125019064183695_1569076609777926"},{"profileString":"facebook_page.125019064183695","likesRcvd":1,"timeQuantum":4990299,"postidString":"facebook_page.125019064183695_1569076609777926"},{"profileString":"facebook_page.125019064183695","likesRcvd":1,"timeQuantum":4990326,"postidString":"facebook_page.125019064183695_1569076609777926"},{"profileString":"facebook_page.125019064183695","likesRcvd":1,"timeQuantum":4990327,"postidString":"facebook_page.125019064183695_1569076609777926"},{"profileString":"facebook_page.125019064183695","likesRcvd":1,"timeQuantum":4990425,"postidString":"facebook_page.125019064183695_1569076609777926"},{"profileString":"facebook_page.125019064183695","likesRcvd":1,"timeQuantum":4990434,"postidString":"facebook_page.125019064183695_1569076609777926"},{"profileString":"facebook_page.125019064183695","likesRcvd":1,"timeQuantum":4990435,"postidString":"facebook_page.125019064183695_1569076609777926"},{"profileString":"facebook_page.125019064183695","likesRcvd":1,"timeQuantum":4990443,"postidString":"facebook_page.125019064183695_1569076609777926"},{"profileString":"facebook_page.125019064183695","likesRcvd":1,"timeQuantum":4990444,"postidString":"facebook_page.125019064183695_1569076609777926"},{"profileString":"facebook_page.125019064183695","likesRcvd":1,"repliesRcvd":1,"timeQuantum":4990470,"postidString":"facebook_page.125019064183695_1569076609777926"},{"profileString":"facebook_page.125019064183695","likesRcvd":1,"timeQuantum":4990471,"postidString":"facebook_page.125019064183695_1569076609777926"},{"profileString":"facebook_page.125019064183695","likesRcvd":1,"timeQuantum":4990479,"postidString":"facebook_page.125019064183695_1569076609777926"},{"profileString":"facebook_page.125019064183695","likesRcvd":1,"timeQuantum":4990578,"postidString":"facebook_page.125019064183695_1569076609777926"},{"profileString":"facebook_page.125019064183695","likesRcvd":1,"timeQuantum":4990579,"postidString":"facebook_page.125019064183695_1569076609777926"},{"profileString":"facebook_page.125019064183695","likesRcvd":1,"timeQuantum":4990614,"postidString":"facebook_page.125019064183695_1569076609777926"},{"profileString":"facebook_page.125019064183695","likesRcvd":1,"timeQuantum":4990641,"postidString":"facebook_page.125019064183695_1569076609777926"},{"profileString":"facebook_page.125019064183695","likesRcvd":1,"timeQuantum":4990642,"postidString":"facebook_page.125019064183695_1569076609777926"},{"profileString":"facebook_page.125019064183695","likesRcvd":1,"timeQuantum":4990659,"postidString":"facebook_page.125019064183695_1563200510365536"},{"sharesRcvd":1,"profileString":"facebook_page.125019064183695","likesRcvd":3,"postsMade":1,"timeQuantum":4990704,"postidString":"facebook_page.125019064183695_1572735039412083"},{"profileString":"facebook_page.125019064183695","likesRcvd":3,"timeQuantum":4990705,"postidString":"facebook_page.125019064183695_1572735039412083"},{"profileString":"facebook_page.125019064183695","likesRcvd":3,"timeQuantum":4990706,"postidString":"facebook_page.125019064183695_1572735039412083"},{"profileString":"facebook_page.125019064183695","likesRcvd":3,"timeQuantum":4990707,"postidString":"facebook_page.125019064183695_1572735039412083"},{"profileString":"facebook_page.125019064183695","likesRcvd":3,"timeQuantum":4990708,"postidString":"facebook_page.125019064183695_1572735039412083"},{"profileString":"facebook_page.125019064183695","likesRcvd":3,"timeQuantum":4990709,"postidString":"facebook_page.125019064183695_1572735039412083"},{"profileString":"facebook_page.125019064183695","likesRcvd":3,"timeQuantum":4990710,"postidString":"facebook_page.125019064183695_1572735039412083"},{"profileString":"facebook_page.125019064183695","likesRcvd":3,"timeQuantum":4990711,"postidString":"facebook_page.125019064183695_1572735039412083"},{"profileString":"facebook_page.125019064183695","likesRcvd":1,"timeQuantum":4990713,"postidString":"facebook_page.125019064183695_1572735039412083"},{"profileString":"facebook_page.125019064183695","likesRcvd":1,"timeQuantum":4990713,"postidString":"facebook_page.125019064183695_1569076609777926"},{"profileString":"facebook_page.125019064183695","likesRcvd":1,"timeQuantum":4990714,"postidString":"facebook_page.125019064183695_1572735039412083"},{"profileString":"facebook_page.125019064183695","likesRcvd":1,"timeQuantum":4990714,"postidString":"facebook_page.125019064183695_1569076609777926"},{"profileString":"facebook_page.125019064183695","likesRcvd":1,"timeQuantum":4990715,"postidString":"facebook_page.125019064183695_1572735039412083"},{"profileString":"facebook_page.125019064183695","likesRcvd":2,"repliesRcvd":1,"timeQuantum":4990722,"postidString":"facebook_page.125019064183695_1572735039412083"},{"profileString":"facebook_page.125019064183695","likesRcvd":2,"timeQuantum":4990723,"postidString":"facebook_page.125019064183695_1572735039412083"},{"profileString":"facebook_page.125019064183695","likesRcvd":2,"timeQuantum":4990724,"postidString":"facebook_page.125019064183695_1572735039412083"},{"profileString":"facebook_page.125019064183695","likesRcvd":1,"timeQuantum":4990725,"postidString":"facebook_page.125019064183695_1572735039412083"},{"profileString":"facebook_page.125019064183695","likesRcvd":1,"timeQuantum":4990726,"postidString":"facebook_page.125019064183695_1572735039412083"},{"profileString":"facebook_page.125019064183695","likesRcvd":1,"timeQuantum":4990727,"postidString":"facebook_page.125019064183695_1572735039412083"},{"profileString":"facebook_page.125019064183695","likesRcvd":1,"timeQuantum":4990728,"postidString":"facebook_page.125019064183695_1572735039412083"},{"profileString":"facebook_page.125019064183695","likesRcvd":1,"timeQuantum":4990729,"postidString":"facebook_page.125019064183695_1572735039412083"},{"profileString":"facebook_page.125019064183695","likesRcvd":2,"timeQuantum":4990731,"postidString":"facebook_page.125019064183695_1572735039412083"},{"profileString":"facebook_page.125019064183695","likesRcvd":2,"timeQuantum":4990732,"postidString":"facebook_page.125019064183695_1572735039412083"},{"profileString":"facebook_page.125019064183695","likesRcvd":2,"timeQuantum":4990733,"postidString":"facebook_page.125019064183695_1572735039412083"},{"profileString":"facebook_page.125019064183695","likesRcvd":2,"timeQuantum":4990734,"postidString":"facebook_page.125019064183695_1572735039412083"},{"profileString":"facebook_page.125019064183695","likesRcvd":2,"timeQuantum":4990735,"postidString":"facebook_page.125019064183695_1572735039412083"},{"profileString":"facebook_page.125019064183695","likesRcvd":1,"timeQuantum":4990736,"postidString":"facebook_page.125019064183695_1572735039412083"},{"profileString":"facebook_page.125019064183695","likesRcvd":1,"timeQuantum":4990737,"postidString":"facebook_page.125019064183695_1572735039412083"},{"profileString":"facebook_page.125019064183695","likesRcvd":1,"timeQuantum":4990738,"postidString":"facebook_page.125019064183695_1572735039412083"},{"profileString":"facebook_page.125019064183695","likesRcvd":1,"timeQuantum":4990740,"postidString":"facebook_page.125019064183695_1572735039412083"},{"profileString":"facebook_page.125019064183695","likesRcvd":1,"timeQuantum":4990741,"postidString":"facebook_page.125019064183695_1572735039412083"},{"profileString":"facebook_page.125019064183695","likesRcvd":1,"timeQuantum":4990742,"postidString":"facebook_page.125019064183695_1572735039412083"},{"profileString":"facebook_page.125019064183695","likesRcvd":1,"timeQuantum":4990743,"postidString":"facebook_page.125019064183695_1572735039412083"},{"profileString":"facebook_page.125019064183695","likesRcvd":1,"timeQuantum":4990749,"postidString":"facebook_page.125019064183695_1572735039412083"},{"profileString":"facebook_page.125019064183695","likesRcvd":1,"timeQuantum":4990749,"postidString":"facebook_page.125019064183695_1569076609777926"},{"profileString":"facebook_page.125019064183695","likesRcvd":1,"timeQuantum":4990750,"postidString":"facebook_page.125019064183695_1572735039412083"},{"profileString":"facebook_page.125019064183695","likesRcvd":1,"timeQuantum":4990751,"postidString":"facebook_page.125019064183695_1572735039412083"},{"profileString":"facebook_page.125019064183695","likesRcvd":1,"timeQuantum":4990752,"postidString":"facebook_page.125019064183695_1572735039412083"},{"profileString":"facebook_page.125019064183695","likesRcvd":1,"timeQuantum":4990753,"postidString":"facebook_page.125019064183695_1572735039412083"},{"profileString":"facebook_page.125019064183695","likesRcvd":1,"timeQuantum":4990754,"postidString":"facebook_page.125019064183695_1572735039412083"},{"profileString":"facebook_page.125019064183695","likesRcvd":1,"timeQuantum":4990755,"postidString":"facebook_page.125019064183695_1572735039412083"},{"profileString":"facebook_page.125019064183695","likesRcvd":1,"timeQuantum":4990756,"postidString":"facebook_page.125019064183695_1572735039412083"},{"profileString":"facebook_page.125019064183695","likesRcvd":1,"repliesRcvd":1,"timeQuantum":4990758,"postidString":"facebook_page.125019064183695_1572735039412083"},{"profileString":"facebook_page.125019064183695","likesRcvd":1,"timeQuantum":4990759,"postidString":"facebook_page.125019064183695_1572735039412083"},{"profileString":"facebook_page.125019064183695","likesRcvd":1,"timeQuantum":4990760,"postidString":"facebook_page.125019064183695_1572735039412083"},{"profileString":"facebook_page.125019064183695","likesRcvd":1,"repliesRcvd":1,"timeQuantum":4990767,"postidString":"facebook_page.125019064183695_1572735039412083"},{"profileString":"facebook_page.125019064183695","likesRcvd":1,"timeQuantum":4990767,"postidString":"facebook_page.125019064183695_1569076609777926"},{"profileString":"facebook_page.125019064183695","likesRcvd":1,"timeQuantum":4990768,"postidString":"facebook_page.125019064183695_1572735039412083"},{"profileString":"facebook_page.125019064183695","likesRcvd":1,"timeQuantum":4990768,"postidString":"facebook_page.125019064183695_1569076609777926"},{"profileString":"facebook_page.125019064183695","likesRcvd":1,"timeQuantum":4990769,"postidString":"facebook_page.125019064183695_1572735039412083"},{"profileString":"facebook_page.125019064183695","likesRcvd":1,"timeQuantum":4990770,"postidString":"facebook_page.125019064183695_1572735039412083"},{"profileString":"facebook_page.125019064183695","likesRcvd":1,"timeQuantum":4990771,"postidString":"facebook_page.125019064183695_1572735039412083"},{"profileString":"facebook_page.125019064183695","likesRcvd":1,"timeQuantum":4990772,"postidString":"facebook_page.125019064183695_1572735039412083"},{"profileString":"facebook_page.125019064183695","likesRcvd":1,"timeQuantum":4990773,"postidString":"facebook_page.125019064183695_1572735039412083"},{"profileString":"facebook_page.125019064183695","likesRcvd":1,"timeQuantum":4990774,"postidString":"facebook_page.125019064183695_1572735039412083"},{"profileString":"facebook_page.125019064183695","likesRcvd":1,"timeQuantum":4990776,"postidString":"facebook_page.125019064183695_1572735039412083"},{"profileString":"facebook_page.125019064183695","likesRcvd":1,"timeQuantum":4990777,"postidString":"facebook_page.125019064183695_1572735039412083"},{"profileString":"facebook_page.125019064183695","likesRcvd":1,"timeQuantum":4990778,"postidString":"facebook_page.125019064183695_1572735039412083"},{"profileString":"facebook_page.125019064183695","likesRcvd":1,"timeQuantum":4990779,"postidString":"facebook_page.125019064183695_1572735039412083"},{"profileString":"facebook_page.125019064183695","likesRcvd":1,"timeQuantum":4990780,"postidString":"facebook_page.125019064183695_1572735039412083"},{"profileString":"facebook_page.125019064183695","likesRcvd":1,"timeQuantum":4990781,"postidString":"facebook_page.125019064183695_1572735039412083"},{"profileString":"facebook_page.125019064183695","likesRcvd":1,"timeQuantum":4990785,"postidString":"facebook_page.125019064183695_1572735039412083"},{"profileString":"facebook_page.125019064183695","likesRcvd":1,"timeQuantum":4990786,"postidString":"facebook_page.125019064183695_1572735039412083"},{"profileString":"facebook_page.125019064183695","likesRcvd":1,"timeQuantum":4990787,"postidString":"facebook_page.125019064183695_1572735039412083"},{"profileString":"facebook_page.125019064183695","likesRcvd":1,"timeQuantum":4990788,"postidString":"facebook_page.125019064183695_1572735039412083"},{"profileString":"facebook_page.125019064183695","likesRcvd":1,"timeQuantum":4990789,"postidString":"facebook_page.125019064183695_1572735039412083"},{"profileString":"facebook_page.125019064183695","likesRcvd":1,"timeQuantum":4990790,"postidString":"facebook_page.125019064183695_1572735039412083"},{"profileString":"facebook_page.125019064183695","likesRcvd":1,"timeQuantum":4990794,"postidString":"facebook_page.125019064183695_1572735039412083"},{"profileString":"facebook_page.125019064183695","likesRcvd":1,"timeQuantum":4990803,"postidString":"facebook_page.125019064183695_1572735039412083"},{"profileString":"facebook_page.125019064183695","likesRcvd":1,"timeQuantum":4990875,"postidString":"facebook_page.125019064183695_1572735039412083"},{"profileString":"facebook_page.125019064183695","likesRcvd":1,"timeQuantum":4990884,"postidString":"facebook_page.125019064183695_1572735039412083"},{"profileString":"facebook_page.125019064183695","likesRcvd":1,"timeQuantum":4990884,"postidString":"facebook_page.125019064183695_1569076609777926"},{"profileString":"facebook_page.125019064183695","likesRcvd":1,"timeQuantum":4990893,"postidString":"facebook_page.125019064183695_1572735039412083"},{"profileString":"facebook_page.125019064183695","likesRcvd":1,"timeQuantum":4990911,"postidString":"facebook_page.125019064183695_1572735039412083"},{"profileString":"facebook_page.125019064183695","likesRcvd":1,"timeQuantum":4990912,"postidString":"facebook_page.125019064183695_1572735039412083"},{"profileString":"facebook_page.125019064183695","likesRcvd":1,"timeQuantum":4990920,"postidString":"facebook_page.125019064183695_1572735039412083"},{"profileString":"facebook_page.125019064183695","likesRcvd":1,"timeQuantum":4990929,"postidString":"facebook_page.125019064183695_1572735039412083"},{"profileString":"facebook_page.125019064183695","likesRcvd":1,"timeQuantum":4990930,"postidString":"facebook_page.125019064183695_1572735039412083"},{"profileString":"facebook_page.125019064183695","likesRcvd":1,"timeQuantum":4990956,"postidString":"facebook_page.125019064183695_1572735039412083"},{"profileString":"facebook_page.125019064183695","likesRcvd":1,"timeQuantum":4990965,"postidString":"facebook_page.125019064183695_1572735039412083"},{"profileString":"facebook_page.125019064183695","likesRcvd":1,"timeQuantum":4990992,"postidString":"facebook_page.125019064183695_1572735039412083"},{"profileString":"facebook_page.125019064183695","likesRcvd":1,"timeQuantum":4991001,"postidString":"facebook_page.125019064183695_1572735039412083"},{"profileString":"facebook_page.125019064183695","likesRcvd":1,"repliesRcvd":1,"timeQuantum":4991010,"postidString":"facebook_page.125019064183695_1572735039412083"},{"sharesRcvd":1,"profileString":"facebook_page.125019064183695","likesRcvd":1,"timeQuantum":4991046,"postidString":"facebook_page.125019064183695_1572735039412083"},{"profileString":"facebook_page.125019064183695","likesRcvd":1,"timeQuantum":4991047,"postidString":"facebook_page.125019064183695_1572735039412083"},{"profileString":"facebook_page.125019064183695","likesRcvd":1,"timeQuantum":4991082,"postidString":"facebook_page.125019064183695_1572735039412083"},{"profileString":"facebook_page.125019064183695","likesRcvd":1,"timeQuantum":4991343,"postidString":"facebook_page.125019064183695_1569076609777926"},{"profileString":"facebook_page.125019064183695","likesRcvd":1,"timeQuantum":4991811,"postidString":"facebook_page.125019064183695_1572735039412083"},{"profileString":"facebook_page.125019064183695","postsMade":1,"repliesRcvd":1,"postidString":"facebook_page.125019064183695_1577713672247553","sharesRcvd":1,"likesRcvd":2,"timeQuantum":4992073},{"profileString":"facebook_page.125019064183695","likesRcvd":1,"timeQuantum":4992074,"postidString":"facebook_page.125019064183695_1577713672247553"},{"profileString":"facebook_page.125019064183695","likesRcvd":1,"timeQuantum":4992075,"postidString":"facebook_page.125019064183695_1577713672247553"},{"profileString":"facebook_page.125019064183695","likesRcvd":1,"timeQuantum":4992076,"postidString":"facebook_page.125019064183695_1577713672247553"},{"profileString":"facebook_page.125019064183695","likesRcvd":1,"timeQuantum":4992077,"postidString":"facebook_page.125019064183695_1577713672247553"},{"profileString":"facebook_page.125019064183695","likesRcvd":1,"timeQuantum":4992078,"postidString":"facebook_page.125019064183695_1577713672247553"},{"profileString":"facebook_page.125019064183695","likesRcvd":1,"timeQuantum":4992079,"postidString":"facebook_page.125019064183695_1577713672247553"},{"sharesRcvd":1,"profileString":"facebook_page.125019064183695","likesRcvd":1,"repliesRcvd":1,"timeQuantum":4992081,"postidString":"facebook_page.125019064183695_1577713672247553"},{"profileString":"facebook_page.125019064183695","likesRcvd":1,"repliesRcvd":1,"timeQuantum":4992082,"postidString":"facebook_page.125019064183695_1577713672247553"},{"profileString":"facebook_page.125019064183695","likesRcvd":1,"timeQuantum":4992083,"postidString":"facebook_page.125019064183695_1577713672247553"},{"profileString":"facebook_page.125019064183695","likesRcvd":1,"timeQuantum":4992084,"postidString":"facebook_page.125019064183695_1577713672247553"},{"profileString":"facebook_page.125019064183695","likesRcvd":1,"timeQuantum":4992085,"postidString":"facebook_page.125019064183695_1577713672247553"},{"profileString":"facebook_page.125019064183695","likesRcvd":1,"timeQuantum":4992086,"postidString":"facebook_page.125019064183695_1577713672247553"},{"profileString":"facebook_page.125019064183695","likesRcvd":1,"timeQuantum":4992087,"postidString":"facebook_page.125019064183695_1577713672247553"},{"profileString":"facebook_page.125019064183695","likesRcvd":1,"timeQuantum":4992090,"postidString":"facebook_page.125019064183695_1577713672247553"},{"profileString":"facebook_page.125019064183695","likesRcvd":1,"timeQuantum":4992099,"postidString":"facebook_page.125019064183695_1577713672247553"},{"profileString":"facebook_page.125019064183695","likesRcvd":1,"timeQuantum":4992108,"postidString":"facebook_page.125019064183695_1577713672247553"},{"profileString":"facebook_page.125019064183695","likesRcvd":1,"timeQuantum":4992109,"postidString":"facebook_page.125019064183695_1577713672247553"},{"profileString":"facebook_page.125019064183695","likesRcvd":1,"timeQuantum":4992110,"postidString":"facebook_page.125019064183695_1577713672247553"},{"sharesRcvd":1,"profileString":"facebook_page.125019064183695","timeQuantum":4992117,"postidString":"facebook_page.125019064183695_1577713672247553"},{"sharesRcvd":1,"profileString":"facebook_page.125019064183695","timeQuantum":4992126,"postidString":"facebook_page.125019064183695_1577713672247553"},{"profileString":"facebook_page.125019064183695","likesRcvd":1,"timeQuantum":4992135,"postidString":"facebook_page.125019064183695_1577713672247553"},{"profileString":"facebook_page.125019064183695","likesRcvd":1,"timeQuantum":4992136,"postidString":"facebook_page.125019064183695_1577713672247553"},{"profileString":"facebook_page.125019064183695","likesRcvd":1,"timeQuantum":4992137,"postidString":"facebook_page.125019064183695_1577713672247553"},{"profileString":"facebook_page.125019064183695","likesRcvd":1,"repliesRcvd":1,"timeQuantum":4992153,"postidString":"facebook_page.125019064183695_1577713672247553"},{"profileString":"facebook_page.125019064183695","likesRcvd":1,"repliesRcvd":1,"timeQuantum":4992154,"postidString":"facebook_page.125019064183695_1577713672247553"},{"profileString":"facebook_page.125019064183695","likesRcvd":1,"timeQuantum":4992162,"postidString":"facebook_page.125019064183695_1577713672247553"},{"profileString":"facebook_page.125019064183695","likesRcvd":1,"timeQuantum":4992180,"postidString":"facebook_page.125019064183695_1577713672247553"},{"profileString":"facebook_page.125019064183695","likesRcvd":1,"timeQuantum":4992181,"postidString":"facebook_page.125019064183695_1577713672247553"},{"sharesRcvd":1,"profileString":"facebook_page.125019064183695","timeQuantum":4992216,"postidString":"facebook_page.125019064183695_1577713672247553"},{"profileString":"facebook_page.125019064183695","likesRcvd":1,"timeQuantum":4992234,"postidString":"facebook_page.125019064183695_1577713672247553"},{"profileString":"facebook_page.125019064183695","likesRcvd":1,"timeQuantum":4992261,"postidString":"facebook_page.125019064183695_1577713672247553"},{"profileString":"facebook_page.125019064183695","likesRcvd":1,"timeQuantum":4992396,"postidString":"facebook_page.125019064183695_1577713672247553"},{"profileString":"facebook_page.125019064183695","likesRcvd":1,"timeQuantum":4992486,"postidString":"facebook_page.125019064183695_1577713672247553"},{"sharesRcvd":1,"profileString":"facebook_page.125019064183695","timeQuantum":4992918,"postidString":"facebook_page.125019064183695_1572735039412083"},{"sharesRcvd":1,"profileString":"facebook_page.125019064183695","likesRcvd":1,"repliesRcvd":1,"timeQuantum":4992918,"postidString":"facebook_page.125019064183695_1569076609777926"},{"sharesRcvd":1,"profileString":"facebook_page.125019064183695","likesRcvd":1,"repliesRcvd":1,"timeQuantum":4992919,"postidString":"facebook_page.125019064183695_1569076609777926"},{"sharesRcvd":1,"profileString":"facebook_page.125019064183695","likesRcvd":1,"timeQuantum":4992920,"postidString":"facebook_page.125019064183695_1569076609777926"},{"profileString":"facebook_page.125019064183695","likesRcvd":1,"timeQuantum":4992921,"postidString":"facebook_page.125019064183695_1569076609777926"},{"profileString":"facebook_page.125019064183695","likesRcvd":1,"timeQuantum":4992922,"postidString":"facebook_page.125019064183695_1569076609777926"},{"profileString":"facebook_page.125019064183695","likesRcvd":1,"timeQuantum":4992923,"postidString":"facebook_page.125019064183695_1569076609777926"},{"profileString":"facebook_page.125019064183695","likesRcvd":1,"timeQuantum":4992924,"postidString":"facebook_page.125019064183695_1569076609777926"},{"profileString":"facebook_page.125019064183695","likesRcvd":1,"timeQuantum":4992925,"postidString":"facebook_page.125019064183695_1569076609777926"},{"profileString":"facebook_page.125019064183695","likesRcvd":1,"timeQuantum":4992926,"postidString":"facebook_page.125019064183695_1569076609777926"},{"profileString":"facebook_page.125019064183695","likesRcvd":1,"timeQuantum":4992927,"postidString":"facebook_page.125019064183695_1569076609777926"},{"profileString":"facebook_page.125019064183695","likesRcvd":1,"timeQuantum":4992928,"postidString":"facebook_page.125019064183695_1569076609777926"},{"sharesRcvd":1,"profileString":"facebook_page.125019064183695","likesRcvd":1,"timeQuantum":4993602,"postidString":"facebook_page.125019064183695_1569076609777926"},{"profileString":"facebook_page.125019064183695","likesRcvd":1,"timeQuantum":4993603,"postidString":"facebook_page.125019064183695_1569076609777926"},{"profileString":"facebook_page.125019064183695","likesRcvd":1,"timeQuantum":4993604,"postidString":"facebook_page.125019064183695_1569076609777926"},{"profileString":"facebook_page.125019064183695","likesRcvd":1,"timeQuantum":4993605,"postidString":"facebook_page.125019064183695_1569076609777926"},{"profileString":"facebook_page.125019064183695","likesRcvd":1,"timeQuantum":4993606,"postidString":"facebook_page.125019064183695_1569076609777926"},{"profileString":"facebook_page.125019064183695","likesRcvd":1,"timeQuantum":4993607,"postidString":"facebook_page.125019064183695_1569076609777926"},{"profileString":"facebook_page.125019064183695","likesRcvd":1,"timeQuantum":4993608,"postidString":"facebook_page.125019064183695_1569076609777926"},{"profileString":"facebook_page.125019064183695","likesRcvd":1,"timeQuantum":4993609,"postidString":"facebook_page.125019064183695_1569076609777926"},{"sharesRcvd":1,"profileString":"facebook_page.125019064183695","likesRcvd":1,"timeQuantum":4993674,"postidString":"facebook_page.125019064183695_1569076609777926"},{"sharesRcvd":1,"profileString":"facebook_page.125019064183695","likesRcvd":1,"timeQuantum":4993675,"postidString":"facebook_page.125019064183695_1569076609777926"},{"profileString":"facebook_page.125019064183695","likesRcvd":1,"timeQuantum":4993676,"postidString":"facebook_page.125019064183695_1569076609777926"},{"profileString":"facebook_page.125019064183695","likesRcvd":1,"timeQuantum":4993677,"postidString":"facebook_page.125019064183695_1569076609777926"},{"profileString":"facebook_page.125019064183695","likesRcvd":1,"timeQuantum":4993678,"postidString":"facebook_page.125019064183695_1569076609777926"},{"profileString":"facebook_page.125019064183695","likesRcvd":1,"timeQuantum":4993679,"postidString":"facebook_page.125019064183695_1569076609777926"},{"profileString":"facebook_page.125019064183695","likesRcvd":1,"timeQuantum":4993680,"postidString":"facebook_page.125019064183695_1569076609777926"},{"profileString":"facebook_page.125019064183695","repliesRcvd":1,"timeQuantum":4994124,"postidString":"facebook_page.125019064183695_1577713672247553"},{"profileString":"facebook_page.125019064183695","likesRcvd":1,"timeQuantum":4994124,"postidString":"facebook_page.125019064183695_1569076609777926"},{"profileString":"facebook_page.125019064183695","likesRcvd":1,"timeQuantum":4994125,"postidString":"facebook_page.125019064183695_1569076609777926"},{"profileString":"facebook_page.125019064183695","likesRcvd":1,"repliesRcvd":1,"timeQuantum":4994628,"postidString":"facebook_page.125019064183695_1569076609777926"}]