[{"content":"Car Buyer Beware!!\nWho is this Long Island car dealer who sold a car he didn't have and months later has still not returned the money to the customer?","profileString":"facebook_page.1378312152414269","postURL":"https://facebook.com/1378312152414269/posts/1741259506119530","avatar":"https://graph.facebook.com/1378312152414269/picture","classification":{"engine":"aylien","language":"en","taxonomy":[{"score":"0.6758","confident":true,"links":[{"link":"https://api.aylien.com/api/v1/classify/taxonomy/iab-qag/IAB2","rel":"self"}],"id":"IAB2","label":"Automotive"},{"score":"0.4055","confident":true,"links":[{"link":"https://api.aylien.com/api/v1/classify/taxonomy/iab-qag/IAB2-5","rel":"self"},{"link":"https://api.aylien.com/api/v1/classify/taxonomy/iab-qag/IAB2","rel":"parent"}],"id":"IAB2-5","label":"Certified Pre-Owned"}]},"postidString":"facebook_page.1378312152414269_1741259506119530","postMeta":{"inserted":"content-engine"},"timestamp":1496265687,"sharesRcvd":0,"likesRcvd":0,"source":"facebook_page","lastUpdateQuantum":4987556,"name":"Arnold Diaz","imageLarge":"https://scontent.xx.fbcdn.net/v/t15.0-10/s720x720/18869601_1741265329452281_5392273818846756864_n.jpg?oh=558db1cf6f7f647b7d540942bd41d869&oe=59B29E12","objectID":"1741259506119530","repliesRcvd":0,"image":"https://scontent.xx.fbcdn.net/v/t15.0-10/s130x130/18869601_1741265329452281_5392273818846756864_n.jpg?oh=70aa8f0e9731e3f1493b988c327034d1&oe=59AA6630","username":"ArnoldDiazPIX11","link":"https://www.facebook.com/ArnoldDiazPIX11/videos/1741259506119530/","timeQuantum":4987552,"video":"https://video.xx.fbcdn.net/v/t42.1790-2/18849176_1821187494863781_2671637849031311360_n.mp4?efg=eyJybHIiOjQ4NCwicmxhIjo1MTIsInZlbmNvZGVfdGFnIjoic3ZlX3NkIn0%3D&rl=484&vabr=269&oh=48eee962b8002b83d37ffdd0e0aa57e7&oe=5931B7B2","type":"video"},{"content":"Car Buyer Beware!! Check it out!","profileString":"facebook_page.1378312152414269","postURL":"https://facebook.com/1378312152414269/posts/1741334329445381","avatar":"https://graph.facebook.com/1378312152414269/picture","classification":{"engine":"aylien","language":"en","taxonomy":[{"score":"0.4513","confident":true,"links":[{"link":"https://api.aylien.com/api/v1/classify/taxonomy/iab-qag/IAB2","rel":"self"}],"id":"IAB2","label":"Automotive"},{"score":"0.2132","confident":true,"links":[{"link":"https://api.aylien.com/api/v1/classify/taxonomy/iab-qag/IAB2-5","rel":"self"},{"link":"https://api.aylien.com/api/v1/classify/taxonomy/iab-qag/IAB2","rel":"parent"}],"id":"IAB2-5","label":"Certified Pre-Owned"}]},"postidString":"facebook_page.1378312152414269_1741334329445381","postMeta":{"inserted":"content-engine"},"timestamp":1496270970,"sharesRcvd":5,"likesRcvd":10,"source":"facebook_page","lastUpdateQuantum":4995773,"name":"Arnold Diaz","imageLarge":"https://scontent.xx.fbcdn.net/v/t15.0-10/s720x720/18868153_1741335522778595_8689097393930502144_n.jpg?oh=af9c7a69894ef9edeb8fb68ee3adf126&oe=59E748CF","objectID":"1741334329445381","repliesRcvd":3,"image":"https://scontent.xx.fbcdn.net/v/t15.0-10/s130x130/18868153_1741335522778595_8689097393930502144_n.jpg?oh=541d0cb9ad7e5ae489b9ea7a4ec1d015&oe=59B136ED","username":"ArnoldDiazPIX11","link":"https://www.facebook.com/ArnoldDiazPIX11/videos/1741334329445381/","timeQuantum":4987569,"video":"https://video.xx.fbcdn.net/v/t42.1790-2/18904359_280036909072525_7333535973633949696_n.mp4?efg=eyJybHIiOjMwNiwicmxhIjo1MTIsInZlbmNvZGVfdGFnIjoic3ZlX3NkIn0%3D&rl=306&vabr=170&oh=9642376eaf3e6b49f6b7fcc8b436fe49&oe=59315EC6","type":"video"},{"content":"Car Buyers Beware!!  Check it out!","profileString":"facebook_page.1378312152414269","postURL":"https://facebook.com/1378312152414269/posts/1741338119445002","avatar":"https://graph.facebook.com/1378312152414269/picture","classification":{"engine":"aylien","language":"en","taxonomy":[{"score":"0.4678","confident":true,"links":[{"link":"https://api.aylien.com/api/v1/classify/taxonomy/iab-qag/IAB2","rel":"self"}],"id":"IAB2","label":"Automotive"},{"score":"0.2082","confident":true,"links":[{"link":"https://api.aylien.com/api/v1/classify/taxonomy/iab-qag/IAB2-5","rel":"self"},{"link":"https://api.aylien.com/api/v1/classify/taxonomy/iab-qag/IAB2","rel":"parent"}],"id":"IAB2-5","label":"Certified Pre-Owned"}]},"postidString":"facebook_page.1378312152414269_1741338119445002","postMeta":{"inserted":"content-engine"},"timestamp":1496271326,"sharesRcvd":3,"likesRcvd":4,"source":"facebook_page","lastUpdateQuantum":4995773,"name":"Arnold Diaz","imageLarge":"https://scontent.xx.fbcdn.net/v/t15.0-10/s720x720/18841151_1741340119444802_7166291252797767680_n.jpg?oh=589755c4b38cdf9bac17bddd0ea1dfd1&oe=59B39ADC","objectID":"1741338119445002","repliesRcvd":2,"image":"https://scontent.xx.fbcdn.net/v/t15.0-10/s130x130/18841151_1741340119444802_7166291252797767680_n.jpg?oh=9bf7feab5f72ba3a830db4e66f8ca6c7&oe=59E815FE","username":"ArnoldDiazPIX11","link":"https://www.facebook.com/ArnoldDiazPIX11/videos/1741338119445002/","timeQuantum":4987571,"video":"https://video.xx.fbcdn.net/v/t42.1790-2/18850064_1938306243092670_4500477985010221056_n.mp4?efg=eyJybHIiOjMwNiwicmxhIjo1MTIsInZlbmNvZGVfdGFnIjoic3ZlX3NkIn0%3D&rl=306&vabr=170&oh=ab3d6a4955401ece3de611c300ad6af4&oe=5931BDFE","type":"video"},{"content":"I'm sorry my report \"Car Buyers Beware\" was not on PIX11 at 10pm last night as I had said it would be.  The Yankees game ran late, causing the news broadcast to be shortened. The producers decided to hold my report until next Wednesday at 10.  i'll remind you about it next week.  Thanks.   Arnold Diaz","profileString":"facebook_page.1378312152414269","postURL":"https://facebook.com/1378312152414269/posts/1741870166058464","avatar":"https://graph.facebook.com/1378312152414269/picture","classification":{"engine":"aylien","language":"en","taxonomy":[{"score":"0.1204","confident":true,"links":[{"link":"https://api.aylien.com/api/v1/classify/taxonomy/iab-qag/IAB2","rel":"self"}],"id":"IAB2","label":"Automotive"},{"score":"0.0753","confident":false,"links":[{"link":"https://api.aylien.com/api/v1/classify/taxonomy/iab-qag/IAB2-5","rel":"self"},{"link":"https://api.aylien.com/api/v1/classify/taxonomy/iab-qag/IAB2","rel":"parent"}],"id":"IAB2-5","label":"Certified Pre-Owned"}]},"postidString":"facebook_page.1378312152414269_1741870166058464","postMeta":{"inserted":"content-engine"},"timestamp":1496328515,"sharesRcvd":0,"likesRcvd":17,"source":"facebook_page","lastUpdateQuantum":4995773,"name":"Arnold Diaz","repliesRcvd":4,"username":"ArnoldDiazPIX11","timeQuantum":4987761,"type":"status"},{"content":"\"I saved two years to get this car!\" Susan Bohlmann is outraged after she says a car salesman named Gus Sousouris scammed her out of thousands. We learned this isn't the first time he has been accused. #pix11shame","profileString":"facebook_page.1378312152414269","postURL":"https://facebook.com/1378312152414269/posts/1742192526026228","avatar":"https://graph.facebook.com/1378312152414269/picture","classification":{"engine":"aylien","language":"en","taxonomy":[{"score":"0.4052","confident":true,"links":[{"link":"https://api.aylien.com/api/v1/classify/taxonomy/iab-qag/IAB2","rel":"self"}],"id":"IAB2","label":"Automotive"},{"score":"0.1350","confident":true,"links":[{"link":"https://api.aylien.com/api/v1/classify/taxonomy/iab-qag/IAB2-5","rel":"self"},{"link":"https://api.aylien.com/api/v1/classify/taxonomy/iab-qag/IAB2","rel":"parent"}],"id":"IAB2-5","label":"Certified Pre-Owned"}]},"postidString":"facebook_page.1378312152414269_1742192526026228","postMeta":{"inserted":"content-engine"},"timestamp":1496361884,"sharesRcvd":67,"likesRcvd":43,"source":"facebook_page","lastUpdateQuantum":4995773,"name":"Arnold Diaz","imageLarge":"https://scontent.xx.fbcdn.net/v/t15.0-10/s720x720/18895213_1742194899359324_7435167685974949888_n.jpg?oh=6ff9db0149a47bde5a76fd05864efcb3&oe=59E752BE","objectID":"1742192526026228","repliesRcvd":28,"image":"https://scontent.xx.fbcdn.net/v/t15.0-10/s130x130/18895213_1742194899359324_7435167685974949888_n.jpg?oh=4089e93fcdcb2ae5790e9de89ea6c980&oe=59ADCF9C","username":"ArnoldDiazPIX11","link":"https://www.facebook.com/ArnoldDiazPIX11/videos/1742192526026228/","timeQuantum":4987872,"video":"https://video.xx.fbcdn.net/v/t42.1790-2/18875116_447405022286192_8655877737451356160_n.mp4?efg=eyJybHIiOjM0MywicmxhIjo2NDQsInZlbmNvZGVfdGFnIjoic3ZlX3NkIn0%3D&rl=343&vabr=191&oh=77ab7070b9560ac264ca39e03c545a2f&oe=5932CA30","type":"video"},{"content":"Still Waiting for Her Money!\nI posted the \"Car Buyers Beware\" report on Facebook last week. Tonight the entire piece is on PIX11 News at 10pm. \nYou'll hear Gus says he's going to refund Susan's money by Friday. He was referring to last Friday. She hasn't seen a penny. What do you think should happen to Gus?","profileString":"facebook_page.1378312152414269","postURL":"https://facebook.com/1378312152414269/posts/1744761225769358","avatar":"https://graph.facebook.com/1378312152414269/picture","classification":{"engine":"aylien","language":"en","taxonomy":[{"score":"0.1010","confident":true,"links":[{"link":"https://api.aylien.com/api/v1/classify/taxonomy/iab-qag/IAB2","rel":"self"}],"id":"IAB2","label":"Automotive"},{"score":"0.0796","confident":false,"links":[{"link":"https://api.aylien.com/api/v1/classify/taxonomy/iab-qag/IAB2-5","rel":"self"},{"link":"https://api.aylien.com/api/v1/classify/taxonomy/iab-qag/IAB2","rel":"parent"}],"id":"IAB2-5","label":"Certified Pre-Owned"}]},"postidString":"facebook_page.1378312152414269_1744761225769358","postMeta":{"inserted":"content-engine"},"timestamp":1496861036,"sharesRcvd":4,"likesRcvd":14,"source":"facebook_page","lastUpdateQuantum":4995773,"name":"Arnold Diaz","repliesRcvd":8,"username":"ArnoldDiazPIX11","timeQuantum":4989536,"type":"status"},{"content":"Is there Proof?\nWhen a group of NJ school kids complained their bus driver stomped on the breaks to quiety them down, investigators said there was no proof. Here's a look at some of what you'll see tonight at 10. Do you think cameras should be required on school buses?","profileString":"facebook_page.1378312152414269","postURL":"https://facebook.com/1378312152414269/posts/1751073858471428","avatar":"https://graph.facebook.com/1378312152414269/picture","classification":{"engine":"aylien","language":"en","taxonomy":[{"score":"0.2697","confident":false,"links":[{"link":"https://api.aylien.com/api/v1/classify/taxonomy/iab-qag/IAB6-6","rel":"self"},{"link":"https://api.aylien.com/api/v1/classify/taxonomy/iab-qag/IAB6","rel":"parent"}],"id":"IAB6-6","label":"Parenting teens"},{"score":"0.0952","confident":false,"links":[{"link":"https://api.aylien.com/api/v1/classify/taxonomy/iab-qag/IAB5-10","rel":"self"},{"link":"https://api.aylien.com/api/v1/classify/taxonomy/iab-qag/IAB5","rel":"parent"}],"id":"IAB5-10","label":"Homeschooling"},{"score":"0.0633","confident":false,"links":[{"link":"https://api.aylien.com/api/v1/classify/taxonomy/iab-qag/IAB6","rel":"self"}],"id":"IAB6","label":"Family & Parenting"},{"score":"0.0604","confident":false,"links":[{"link":"https://api.aylien.com/api/v1/classify/taxonomy/iab-qag/IAB9","rel":"self"}],"id":"IAB9","label":"Hobbies & Interests"},{"score":"0.0521","confident":false,"links":[{"link":"https://api.aylien.com/api/v1/classify/taxonomy/iab-qag/IAB5","rel":"self"}],"id":"IAB5","label":"Education"},{"score":"0.0474","confident":false,"links":[{"link":"https://api.aylien.com/api/v1/classify/taxonomy/iab-qag/IAB9-13","rel":"self"},{"link":"https://api.aylien.com/api/v1/classify/taxonomy/iab-qag/IAB9","rel":"parent"}],"id":"IAB9-13","label":"Freelance Writing"}]},"postidString":"facebook_page.1378312152414269_1751073858471428","postMeta":{"inserted":"content-engine"},"timestamp":1498073922,"sharesRcvd":3,"likesRcvd":5,"source":"facebook_page","lastUpdateQuantum":4995773,"name":"Arnold Diaz","imageLarge":"https://scontent.xx.fbcdn.net/v/t15.0-10/s720x720/19459468_1751074368471377_8858754928609329152_n.jpg?oh=a371871e78b70867ddd770603f5b30dd&oe=59C64266","objectID":"1751073858471428","repliesRcvd":4,"image":"https://scontent.xx.fbcdn.net/v/t15.0-10/s130x130/19459468_1751074368471377_8858754928609329152_n.jpg?oh=d1df6e42aed5594dcc334fd603a85a36&oe=59CE8744","username":"ArnoldDiazPIX11","link":"https://www.facebook.com/ArnoldDiazPIX11/videos/1751073858471428/","timeQuantum":4993579,"video":"https://video.xx.fbcdn.net/v/t42.1790-2/19331385_230654874107191_4968332341681324032_n.mp4?efg=eyJybHIiOjQ4NiwicmxhIjo1MTIsInZlbmNvZGVfdGFnIjoic3ZlX3NkIn0%3D&rl=486&vabr=270&oh=2a975f9d81c9bafec3391ad494a9f5a7&oe=594C8A85","type":"video"},{"content":"This father has some very harsh words for his former attorney, Louis Uvino. As we told you in December, Andre Halls Sr. says he was scammed out of more than $700,000. Now there is some good news but also, a potential setback. Watch the full story tonight on the PIX 11 news at 10pm #whatashame #pix1shame","profileString":"facebook_page.1378312152414269","postURL":"https://facebook.com/1378312152414269/posts/1754720644773416","avatar":"https://graph.facebook.com/1378312152414269/picture","classification":{"engine":"aylien","language":"en","taxonomy":[{"score":"0.5533","links":[{"rel":"self","link":"https://api.aylien.com/api/v1/classify/taxonomy/iab-qag/IAB12-2"},{"rel":"parent","link":"https://api.aylien.com/api/v1/classify/taxonomy/iab-qag/IAB12"}],"label":"National News","id":"IAB12-2","confident":false},{"score":"0.1611","links":[{"rel":"self","link":"https://api.aylien.com/api/v1/classify/taxonomy/iab-qag/IAB12"}],"label":"News","id":"IAB12","confident":true}]},"postidString":"facebook_page.1378312152414269_1754720644773416","postMeta":{"inserted":"content-engine"},"timestamp":1498699480,"sharesRcvd":0,"likesRcvd":0,"source":"facebook_page","lastUpdateQuantum":4995827,"name":"Arnold Diaz","imageLarge":"https://scontent.xx.fbcdn.net/v/t15.0-10/s720x720/19647173_1754721318106682_6444102977400602624_n.jpg?oh=6de063ead4518797f111c2c74f20dd1c&oe=59C76A25","objectID":"1754720644773416","repliesRcvd":0,"image":"https://scontent.xx.fbcdn.net/v/t15.0-10/s130x130/19647173_1754721318106682_6444102977400602624_n.jpg?oh=e38cd18a185ffb521d71696b4ad448ac&oe=59DC9307","username":"ArnoldDiazPIX11","link":"https://www.facebook.com/ArnoldDiazPIX11/videos/1754720644773416/","timeQuantum":4995664,"video":"https://video.xx.fbcdn.net/v/t42.1790-2/19594770_243163989510258_8955114164867563520_n.mp4?efg=eyJybHIiOjMwMCwicmxhIjo1MTIsInZlbmNvZGVfdGFnIjoic3ZlX3NkIn0%3D&rl=300&vabr=85&oh=ebaa1d0d809a6f36aceba75d57022ff5&oe=59577FCF","type":"video"},{"content":"He scammed clients out of millions--- finally we have good news to report! Louis Uvino has been arrested and charged. But one father worries there may never be justice after a decision made by the judge.","profileString":"facebook_page.1378312152414269","postURL":"https://facebook.com/1378312152414269/posts/1754461554799325","avatar":"https://graph.facebook.com/1378312152414269/picture","classification":{"engine":"aylien","language":"en","taxonomy":[{"score":"0.5099","links":[{"rel":"self","link":"https://api.aylien.com/api/v1/classify/taxonomy/iab-qag/IAB12-2"},{"rel":"parent","link":"https://api.aylien.com/api/v1/classify/taxonomy/iab-qag/IAB12"}],"label":"National News","id":"IAB12-2","confident":false},{"score":"0.1023","links":[{"rel":"self","link":"https://api.aylien.com/api/v1/classify/taxonomy/iab-qag/IAB12"}],"label":"News","id":"IAB12","confident":true}]},"postidString":"facebook_page.1378312152414269_1754461554799325","postMeta":{"inserted":"content-engine"},"timestamp":1498700700,"sharesRcvd":0,"likesRcvd":2,"source":"facebook_page","lastUpdateQuantum":4995827,"name":"Arnold Diaz","imageLarge":"https://scontent.xx.fbcdn.net/v/t15.0-10/s720x720/19622115_1754462678132546_4270720126849908736_n.jpg?oh=1793d901f09fceeeeedf85dec471cace&oe=59C828E4","objectID":"1754461554799325","repliesRcvd":0,"image":"https://scontent.xx.fbcdn.net/v/t15.0-10/s130x130/19622115_1754462678132546_4270720126849908736_n.jpg?oh=a26f212dc402375f1c78867448490686&oe=59DA42C6","username":"ArnoldDiazPIX11","link":"https://www.facebook.com/ArnoldDiazPIX11/videos/1754461554799325/","timeQuantum":4995669,"video":"https://video.xx.fbcdn.net/v/t42.1790-2/19566148_114557772493815_253444933510234112_n.mp4?efg=eyJybHIiOjMwMCwicmxhIjo1MTIsInZlbmNvZGVfdGFnIjoic3ZlX3NkIn0%3D&rl=300&vabr=158&oh=2e7145d5f48405d8c655c5a9f4f8a7e1&oe=59564E96","type":"video"}]