[{"profileString":"facebook_page.131497690306025","likesRcvd":4,"postsMade":1,"repliesRcvd":1,"timeQuantum":4989026,"postidString":"facebook_page.131497690306025_1211352315653885"},{"profileString":"facebook_page.131497690306025","likesRcvd":4,"repliesRcvd":1,"timeQuantum":4989027,"postidString":"facebook_page.131497690306025_1211352315653885"},{"profileString":"facebook_page.131497690306025","likesRcvd":4,"timeQuantum":4989028,"postidString":"facebook_page.131497690306025_1211352315653885"},{"profileString":"facebook_page.131497690306025","likesRcvd":3,"timeQuantum":4989029,"postidString":"facebook_page.131497690306025_1211352315653885"},{"profileString":"facebook_page.131497690306025","likesRcvd":4,"repliesRcvd":1,"timeQuantum":4989031,"postidString":"facebook_page.131497690306025_1211352315653885"},{"profileString":"facebook_page.131497690306025","likesRcvd":4,"repliesRcvd":1,"timeQuantum":4989032,"postidString":"facebook_page.131497690306025_1211352315653885"},{"profileString":"facebook_page.131497690306025","likesRcvd":4,"repliesRcvd":1,"timeQuantum":4989033,"postidString":"facebook_page.131497690306025_1211352315653885"},{"profileString":"facebook_page.131497690306025","likesRcvd":4,"repliesRcvd":1,"timeQuantum":4989034,"postidString":"facebook_page.131497690306025_1211352315653885"},{"profileString":"facebook_page.131497690306025","likesRcvd":3,"repliesRcvd":1,"timeQuantum":4989035,"postidString":"facebook_page.131497690306025_1211352315653885"},{"profileString":"facebook_page.131497690306025","likesRcvd":3,"repliesRcvd":1,"timeQuantum":4989036,"postidString":"facebook_page.131497690306025_1211352315653885"},{"profileString":"facebook_page.131497690306025","likesRcvd":3,"repliesRcvd":1,"timeQuantum":4989037,"postidString":"facebook_page.131497690306025_1211352315653885"},{"profileString":"facebook_page.131497690306025","likesRcvd":3,"timeQuantum":4989038,"postidString":"facebook_page.131497690306025_1211352315653885"},{"profileString":"facebook_page.131497690306025","likesRcvd":4,"repliesRcvd":1,"timeQuantum":4989040,"postidString":"facebook_page.131497690306025_1211352315653885"},{"profileString":"facebook_page.131497690306025","likesRcvd":3,"repliesRcvd":1,"timeQuantum":4989041,"postidString":"facebook_page.131497690306025_1211352315653885"},{"profileString":"facebook_page.131497690306025","likesRcvd":3,"timeQuantum":4989042,"postidString":"facebook_page.131497690306025_1211352315653885"},{"profileString":"facebook_page.131497690306025","likesRcvd":3,"timeQuantum":4989043,"postidString":"facebook_page.131497690306025_1211352315653885"},{"profileString":"facebook_page.131497690306025","likesRcvd":3,"timeQuantum":4989044,"postidString":"facebook_page.131497690306025_1211352315653885"},{"profileString":"facebook_page.131497690306025","likesRcvd":3,"timeQuantum":4989045,"postidString":"facebook_page.131497690306025_1211352315653885"},{"profileString":"facebook_page.131497690306025","likesRcvd":3,"timeQuantum":4989046,"postidString":"facebook_page.131497690306025_1211352315653885"},{"profileString":"facebook_page.131497690306025","likesRcvd":3,"timeQuantum":4989047,"postidString":"facebook_page.131497690306025_1211352315653885"},{"profileString":"facebook_page.131497690306025","likesRcvd":2,"timeQuantum":4989049,"postidString":"facebook_page.131497690306025_1211352315653885"},{"profileString":"facebook_page.131497690306025","likesRcvd":2,"timeQuantum":4989050,"postidString":"facebook_page.131497690306025_1211352315653885"},{"profileString":"facebook_page.131497690306025","likesRcvd":1,"timeQuantum":4989051,"postidString":"facebook_page.131497690306025_1211352315653885"},{"profileString":"facebook_page.131497690306025","likesRcvd":1,"timeQuantum":4989052,"postidString":"facebook_page.131497690306025_1211352315653885"},{"profileString":"facebook_page.131497690306025","likesRcvd":1,"timeQuantum":4989053,"postidString":"facebook_page.131497690306025_1211352315653885"},{"profileString":"facebook_page.131497690306025","likesRcvd":1,"timeQuantum":4989054,"postidString":"facebook_page.131497690306025_1211352315653885"},{"profileString":"facebook_page.131497690306025","likesRcvd":1,"timeQuantum":4989055,"postidString":"facebook_page.131497690306025_1211352315653885"},{"profileString":"facebook_page.131497690306025","likesRcvd":1,"timeQuantum":4989056,"postidString":"facebook_page.131497690306025_1211352315653885"},{"profileString":"facebook_page.131497690306025","likesRcvd":1,"timeQuantum":4989058,"postidString":"facebook_page.131497690306025_1211352315653885"},{"profileString":"facebook_page.131497690306025","likesRcvd":1,"timeQuantum":4989059,"postidString":"facebook_page.131497690306025_1211352315653885"},{"profileString":"facebook_page.131497690306025","likesRcvd":1,"timeQuantum":4989060,"postidString":"facebook_page.131497690306025_1211352315653885"},{"profileString":"facebook_page.131497690306025","likesRcvd":1,"timeQuantum":4989061,"postidString":"facebook_page.131497690306025_1211352315653885"},{"profileString":"facebook_page.131497690306025","likesRcvd":1,"timeQuantum":4989062,"postidString":"facebook_page.131497690306025_1211352315653885"},{"profileString":"facebook_page.131497690306025","likesRcvd":1,"timeQuantum":4989063,"postidString":"facebook_page.131497690306025_1211352315653885"},{"profileString":"facebook_page.131497690306025","likesRcvd":1,"timeQuantum":4989064,"postidString":"facebook_page.131497690306025_1211352315653885"},{"profileString":"facebook_page.131497690306025","likesRcvd":1,"timeQuantum":4989065,"postidString":"facebook_page.131497690306025_1211352315653885"},{"profileString":"facebook_page.131497690306025","likesRcvd":1,"repliesRcvd":1,"timeQuantum":4989067,"postidString":"facebook_page.131497690306025_1211352315653885"},{"profileString":"facebook_page.131497690306025","likesRcvd":1,"timeQuantum":4989068,"postidString":"facebook_page.131497690306025_1211352315653885"},{"profileString":"facebook_page.131497690306025","likesRcvd":1,"timeQuantum":4989069,"postidString":"facebook_page.131497690306025_1211352315653885"},{"profileString":"facebook_page.131497690306025","likesRcvd":1,"timeQuantum":4989070,"postidString":"facebook_page.131497690306025_1211352315653885"},{"profileString":"facebook_page.131497690306025","likesRcvd":1,"timeQuantum":4989076,"postidString":"facebook_page.131497690306025_1211352315653885"},{"profileString":"facebook_page.131497690306025","likesRcvd":1,"timeQuantum":4989130,"postidString":"facebook_page.131497690306025_1211352315653885"},{"profileString":"facebook_page.131497690306025","likesRcvd":1,"timeQuantum":4989139,"postidString":"facebook_page.131497690306025_1211352315653885"},{"profileString":"facebook_page.131497690306025","likesRcvd":1,"timeQuantum":4989140,"postidString":"facebook_page.131497690306025_1211352315653885"},{"profileString":"facebook_page.131497690306025","likesRcvd":1,"timeQuantum":4989157,"postidString":"facebook_page.131497690306025_1211352315653885"},{"profileString":"facebook_page.131497690306025","likesRcvd":1,"timeQuantum":4989158,"postidString":"facebook_page.131497690306025_1211352315653885"},{"profileString":"facebook_page.131497690306025","likesRcvd":1,"timeQuantum":4989159,"postidString":"facebook_page.131497690306025_1211352315653885"},{"profileString":"facebook_page.131497690306025","likesRcvd":1,"timeQuantum":4989160,"postidString":"facebook_page.131497690306025_1211352315653885"},{"profileString":"facebook_page.131497690306025","likesRcvd":1,"timeQuantum":4989161,"postidString":"facebook_page.131497690306025_1211352315653885"},{"profileString":"facebook_page.131497690306025","likesRcvd":1,"timeQuantum":4989166,"postidString":"facebook_page.131497690306025_1211352315653885"},{"profileString":"facebook_page.131497690306025","likesRcvd":1,"timeQuantum":4989167,"postidString":"facebook_page.131497690306025_1211352315653885"},{"profileString":"facebook_page.131497690306025","likesRcvd":1,"timeQuantum":4989175,"postidString":"facebook_page.131497690306025_1211352315653885"},{"profileString":"facebook_page.131497690306025","likesRcvd":1,"timeQuantum":4989176,"postidString":"facebook_page.131497690306025_1211352315653885"},{"profileString":"facebook_page.131497690306025","likesRcvd":1,"timeQuantum":4989184,"postidString":"facebook_page.131497690306025_1211352315653885"},{"profileString":"facebook_page.131497690306025","likesRcvd":1,"timeQuantum":4989193,"postidString":"facebook_page.131497690306025_1211352315653885"},{"profileString":"facebook_page.131497690306025","likesRcvd":1,"timeQuantum":4989202,"postidString":"facebook_page.131497690306025_1211352315653885"},{"profileString":"facebook_page.131497690306025","likesRcvd":1,"timeQuantum":4989211,"postidString":"facebook_page.131497690306025_1211352315653885"},{"profileString":"facebook_page.131497690306025","likesRcvd":1,"timeQuantum":4989220,"postidString":"facebook_page.131497690306025_1211352315653885"},{"profileString":"facebook_page.131497690306025","likesRcvd":1,"timeQuantum":4989221,"postidString":"facebook_page.131497690306025_1211352315653885"},{"profileString":"facebook_page.131497690306025","likesRcvd":1,"timeQuantum":4989222,"postidString":"facebook_page.131497690306025_1211352315653885"},{"sharesRcvd":1,"profileString":"facebook_page.131497690306025","likesRcvd":1,"timeQuantum":4989238,"postidString":"facebook_page.131497690306025_1211352315653885"},{"profileString":"facebook_page.131497690306025","likesRcvd":1,"timeQuantum":4989239,"postidString":"facebook_page.131497690306025_1211352315653885"},{"profileString":"facebook_page.131497690306025","likesRcvd":1,"timeQuantum":4989265,"postidString":"facebook_page.131497690306025_1211352315653885"},{"profileString":"facebook_page.131497690306025","repliesRcvd":1,"timeQuantum":4989292,"postidString":"facebook_page.131497690306025_1211352315653885"},{"profileString":"facebook_page.131497690306025","likesRcvd":1,"timeQuantum":4989310,"postidString":"facebook_page.131497690306025_1211352315653885"},{"profileString":"facebook_page.131497690306025","likesRcvd":1,"timeQuantum":4989311,"postidString":"facebook_page.131497690306025_1211352315653885"},{"profileString":"facebook_page.131497690306025","likesRcvd":1,"timeQuantum":4989312,"postidString":"facebook_page.131497690306025_1211352315653885"},{"profileString":"facebook_page.131497690306025","likesRcvd":1,"timeQuantum":4989346,"postidString":"facebook_page.131497690306025_1211352315653885"},{"profileString":"facebook_page.131497690306025","likesRcvd":1,"timeQuantum":4990003,"postidString":"facebook_page.131497690306025_1211352315653885"},{"profileString":"facebook_page.131497690306025","likesRcvd":1,"timeQuantum":4990057,"postidString":"facebook_page.131497690306025_1211352315653885"},{"profileString":"facebook_page.131497690306025","postsMade":1,"repliesRcvd":1,"postidString":"facebook_page.131497690306025_1215328451922938","sharesRcvd":1,"likesRcvd":1,"timeQuantum":4990146},{"sharesRcvd":1,"profileString":"facebook_page.131497690306025","likesRcvd":1,"repliesRcvd":1,"timeQuantum":4990147,"postidString":"facebook_page.131497690306025_1215328451922938"},{"sharesRcvd":1,"profileString":"facebook_page.131497690306025","likesRcvd":1,"repliesRcvd":1,"timeQuantum":4990148,"postidString":"facebook_page.131497690306025_1215328451922938"},{"sharesRcvd":1,"profileString":"facebook_page.131497690306025","likesRcvd":1,"repliesRcvd":1,"timeQuantum":4990149,"postidString":"facebook_page.131497690306025_1215328451922938"},{"profileString":"facebook_page.131497690306025","likesRcvd":1,"repliesRcvd":1,"timeQuantum":4990150,"postidString":"facebook_page.131497690306025_1215328451922938"},{"profileString":"facebook_page.131497690306025","likesRcvd":1,"repliesRcvd":1,"timeQuantum":4990151,"postidString":"facebook_page.131497690306025_1215328451922938"},{"profileString":"facebook_page.131497690306025","likesRcvd":1,"repliesRcvd":1,"timeQuantum":4990152,"postidString":"facebook_page.131497690306025_1215328451922938"},{"profileString":"facebook_page.131497690306025","likesRcvd":1,"repliesRcvd":1,"timeQuantum":4990153,"postidString":"facebook_page.131497690306025_1215328451922938"},{"sharesRcvd":1,"profileString":"facebook_page.131497690306025","likesRcvd":1,"repliesRcvd":1,"timeQuantum":4990165,"postidString":"facebook_page.131497690306025_1215328451922938"},{"sharesRcvd":1,"profileString":"facebook_page.131497690306025","likesRcvd":1,"timeQuantum":4990166,"postidString":"facebook_page.131497690306025_1215328451922938"},{"sharesRcvd":1,"profileString":"facebook_page.131497690306025","timeQuantum":4990174,"postidString":"facebook_page.131497690306025_1215328451922938"},{"sharesRcvd":1,"profileString":"facebook_page.131497690306025","likesRcvd":1,"repliesRcvd":1,"timeQuantum":4990183,"postidString":"facebook_page.131497690306025_1215328451922938"},{"sharesRcvd":1,"profileString":"facebook_page.131497690306025","likesRcvd":1,"timeQuantum":4990184,"postidString":"facebook_page.131497690306025_1215328451922938"},{"profileString":"facebook_page.131497690306025","likesRcvd":1,"timeQuantum":4990192,"postidString":"facebook_page.131497690306025_1215328451922938"},{"profileString":"facebook_page.131497690306025","likesRcvd":1,"timeQuantum":4990201,"postidString":"facebook_page.131497690306025_1215328451922938"},{"profileString":"facebook_page.131497690306025","likesRcvd":1,"timeQuantum":4990210,"postidString":"facebook_page.131497690306025_1215328451922938"},{"profileString":"facebook_page.131497690306025","repliesRcvd":1,"timeQuantum":4990300,"postidString":"facebook_page.131497690306025_1215328451922938"},{"profileString":"facebook_page.131497690306025","repliesRcvd":1,"timeQuantum":4990381,"postidString":"facebook_page.131497690306025_1215328451922938"},{"profileString":"facebook_page.131497690306025","likesRcvd":1,"timeQuantum":4990471,"postidString":"facebook_page.131497690306025_1215328451922938"},{"profileString":"facebook_page.131497690306025","repliesRcvd":1,"timeQuantum":4991065,"postidString":"facebook_page.131497690306025_1211352315653885"},{"profileString":"facebook_page.131497690306025","repliesRcvd":1,"timeQuantum":4991065,"postidString":"facebook_page.131497690306025_1215328451922938"},{"profileString":"facebook_page.131497690306025","likesRcvd":1,"timeQuantum":4992388,"postidString":"facebook_page.131497690306025_1211352315653885"},{"profileString":"facebook_page.131497690306025","likesRcvd":1,"timeQuantum":4993702,"postidString":"facebook_page.131497690306025_1211352315653885"},{"profileString":"facebook_page.131497690306025","likesRcvd":1,"timeQuantum":4993702,"postidString":"facebook_page.131497690306025_1215328451922938"},{"profileString":"facebook_page.131497690306025","postsMade":1,"repliesRcvd":2,"postidString":"facebook_page.131497690306025_1232239730231810","sharesRcvd":1,"likesRcvd":6,"timeQuantum":4995631},{"profileString":"facebook_page.131497690306025","likesRcvd":6,"repliesRcvd":2,"timeQuantum":4995632,"postidString":"facebook_page.131497690306025_1232239730231810"},{"profileString":"facebook_page.131497690306025","likesRcvd":6,"repliesRcvd":1,"timeQuantum":4995633,"postidString":"facebook_page.131497690306025_1232239730231810"},{"profileString":"facebook_page.131497690306025","likesRcvd":6,"repliesRcvd":1,"timeQuantum":4995634,"postidString":"facebook_page.131497690306025_1232239730231810"},{"profileString":"facebook_page.131497690306025","likesRcvd":5,"repliesRcvd":1,"timeQuantum":4995635,"postidString":"facebook_page.131497690306025_1232239730231810"},{"sharesRcvd":1,"profileString":"facebook_page.131497690306025","likesRcvd":6,"repliesRcvd":2,"timeQuantum":4995637,"postidString":"facebook_page.131497690306025_1232239730231810"},{"sharesRcvd":1,"profileString":"facebook_page.131497690306025","likesRcvd":5,"repliesRcvd":2,"timeQuantum":4995638,"postidString":"facebook_page.131497690306025_1232239730231810"},{"profileString":"facebook_page.131497690306025","likesRcvd":5,"repliesRcvd":2,"timeQuantum":4995639,"postidString":"facebook_page.131497690306025_1232239730231810"},{"profileString":"facebook_page.131497690306025","likesRcvd":5,"repliesRcvd":2,"timeQuantum":4995640,"postidString":"facebook_page.131497690306025_1232239730231810"},{"profileString":"facebook_page.131497690306025","likesRcvd":5,"repliesRcvd":2,"timeQuantum":4995641,"postidString":"facebook_page.131497690306025_1232239730231810"},{"profileString":"facebook_page.131497690306025","likesRcvd":5,"repliesRcvd":1,"timeQuantum":4995642,"postidString":"facebook_page.131497690306025_1232239730231810"},{"profileString":"facebook_page.131497690306025","likesRcvd":5,"repliesRcvd":1,"timeQuantum":4995643,"postidString":"facebook_page.131497690306025_1232239730231810"},{"profileString":"facebook_page.131497690306025","likesRcvd":5,"repliesRcvd":1,"timeQuantum":4995644,"postidString":"facebook_page.131497690306025_1232239730231810"},{"profileString":"facebook_page.131497690306025","likesRcvd":5,"repliesRcvd":1,"timeQuantum":4995645,"postidString":"facebook_page.131497690306025_1232239730231810"},{"profileString":"facebook_page.131497690306025","likesRcvd":5,"repliesRcvd":1,"timeQuantum":4995646,"postidString":"facebook_page.131497690306025_1232239730231810"},{"profileString":"facebook_page.131497690306025","likesRcvd":5,"repliesRcvd":1,"timeQuantum":4995647,"postidString":"facebook_page.131497690306025_1232239730231810"},{"profileString":"facebook_page.131497690306025","likesRcvd":5,"repliesRcvd":1,"timeQuantum":4995648,"postidString":"facebook_page.131497690306025_1232239730231810"},{"profileString":"facebook_page.131497690306025","likesRcvd":5,"repliesRcvd":1,"timeQuantum":4995649,"postidString":"facebook_page.131497690306025_1232239730231810"},{"profileString":"facebook_page.131497690306025","likesRcvd":5,"repliesRcvd":1,"timeQuantum":4995650,"postidString":"facebook_page.131497690306025_1232239730231810"},{"profileString":"facebook_page.131497690306025","likesRcvd":5,"repliesRcvd":1,"timeQuantum":4995651,"postidString":"facebook_page.131497690306025_1232239730231810"},{"profileString":"facebook_page.131497690306025","likesRcvd":5,"repliesRcvd":1,"timeQuantum":4995652,"postidString":"facebook_page.131497690306025_1232239730231810"},{"profileString":"facebook_page.131497690306025","likesRcvd":5,"repliesRcvd":1,"timeQuantum":4995653,"postidString":"facebook_page.131497690306025_1232239730231810"},{"sharesRcvd":1,"profileString":"facebook_page.131497690306025","likesRcvd":2,"repliesRcvd":1,"timeQuantum":4995655,"postidString":"facebook_page.131497690306025_1232239730231810"},{"profileString":"facebook_page.131497690306025","likesRcvd":2,"repliesRcvd":1,"timeQuantum":4995656,"postidString":"facebook_page.131497690306025_1232239730231810"},{"profileString":"facebook_page.131497690306025","likesRcvd":2,"repliesRcvd":1,"timeQuantum":4995657,"postidString":"facebook_page.131497690306025_1232239730231810"},{"profileString":"facebook_page.131497690306025","likesRcvd":2,"timeQuantum":4995658,"postidString":"facebook_page.131497690306025_1232239730231810"},{"profileString":"facebook_page.131497690306025","likesRcvd":2,"timeQuantum":4995659,"postidString":"facebook_page.131497690306025_1232239730231810"},{"profileString":"facebook_page.131497690306025","likesRcvd":2,"timeQuantum":4995660,"postidString":"facebook_page.131497690306025_1232239730231810"},{"profileString":"facebook_page.131497690306025","likesRcvd":2,"timeQuantum":4995661,"postidString":"facebook_page.131497690306025_1232239730231810"},{"profileString":"facebook_page.131497690306025","likesRcvd":2,"timeQuantum":4995662,"postidString":"facebook_page.131497690306025_1232239730231810"},{"profileString":"facebook_page.131497690306025","likesRcvd":1,"timeQuantum":4995664,"postidString":"facebook_page.131497690306025_1232239730231810"},{"profileString":"facebook_page.131497690306025","likesRcvd":1,"timeQuantum":4995665,"postidString":"facebook_page.131497690306025_1232239730231810"},{"profileString":"facebook_page.131497690306025","likesRcvd":1,"timeQuantum":4995666,"postidString":"facebook_page.131497690306025_1232239730231810"},{"profileString":"facebook_page.131497690306025","likesRcvd":1,"timeQuantum":4995667,"postidString":"facebook_page.131497690306025_1232239730231810"},{"profileString":"facebook_page.131497690306025","likesRcvd":1,"timeQuantum":4995668,"postidString":"facebook_page.131497690306025_1232239730231810"},{"profileString":"facebook_page.131497690306025","likesRcvd":1,"timeQuantum":4995669,"postidString":"facebook_page.131497690306025_1232239730231810"},{"profileString":"facebook_page.131497690306025","likesRcvd":1,"timeQuantum":4995670,"postidString":"facebook_page.131497690306025_1232239730231810"},{"profileString":"facebook_page.131497690306025","likesRcvd":1,"repliesRcvd":1,"timeQuantum":4995673,"postidString":"facebook_page.131497690306025_1232239730231810"},{"profileString":"facebook_page.131497690306025","likesRcvd":1,"timeQuantum":4995674,"postidString":"facebook_page.131497690306025_1232239730231810"},{"profileString":"facebook_page.131497690306025","likesRcvd":1,"timeQuantum":4995675,"postidString":"facebook_page.131497690306025_1232239730231810"},{"profileString":"facebook_page.131497690306025","likesRcvd":1,"timeQuantum":4995676,"postidString":"facebook_page.131497690306025_1232239730231810"},{"profileString":"facebook_page.131497690306025","likesRcvd":1,"timeQuantum":4995677,"postidString":"facebook_page.131497690306025_1232239730231810"},{"profileString":"facebook_page.131497690306025","likesRcvd":1,"timeQuantum":4995678,"postidString":"facebook_page.131497690306025_1232239730231810"},{"profileString":"facebook_page.131497690306025","likesRcvd":1,"postsMade":1,"repliesRcvd":1,"timeQuantum":4995679,"postidString":"facebook_page.131497690306025_1232461536876296"},{"profileString":"facebook_page.131497690306025","likesRcvd":1,"timeQuantum":4995679,"postidString":"facebook_page.131497690306025_1232239730231810"},{"profileString":"facebook_page.131497690306025","likesRcvd":1,"timeQuantum":4995680,"postidString":"facebook_page.131497690306025_1232239730231810"},{"profileString":"facebook_page.131497690306025","likesRcvd":1,"timeQuantum":4995681,"postidString":"facebook_page.131497690306025_1232239730231810"},{"profileString":"facebook_page.131497690306025","likesRcvd":1,"timeQuantum":4995682,"postidString":"facebook_page.131497690306025_1232239730231810"},{"profileString":"facebook_page.131497690306025","likesRcvd":1,"timeQuantum":4995683,"postidString":"facebook_page.131497690306025_1232239730231810"},{"profileString":"facebook_page.131497690306025","likesRcvd":1,"timeQuantum":4995684,"postidString":"facebook_page.131497690306025_1232239730231810"},{"profileString":"facebook_page.131497690306025","likesRcvd":1,"timeQuantum":4995685,"postidString":"facebook_page.131497690306025_1232239730231810"},{"profileString":"facebook_page.131497690306025","likesRcvd":1,"timeQuantum":4995686,"postidString":"facebook_page.131497690306025_1232239730231810"},{"profileString":"facebook_page.131497690306025","likesRcvd":1,"timeQuantum":4995687,"postidString":"facebook_page.131497690306025_1232239730231810"},{"sharesRcvd":1,"profileString":"facebook_page.131497690306025","likesRcvd":1,"timeQuantum":4995691,"postidString":"facebook_page.131497690306025_1232461536876296"},{"profileString":"facebook_page.131497690306025","likesRcvd":1,"repliesRcvd":1,"timeQuantum":4995691,"postidString":"facebook_page.131497690306025_1232239730231810"},{"profileString":"facebook_page.131497690306025","likesRcvd":1,"timeQuantum":4995692,"postidString":"facebook_page.131497690306025_1232461536876296"},{"profileString":"facebook_page.131497690306025","likesRcvd":1,"timeQuantum":4995692,"postidString":"facebook_page.131497690306025_1232239730231810"},{"profileString":"facebook_page.131497690306025","likesRcvd":1,"timeQuantum":4995693,"postidString":"facebook_page.131497690306025_1232461536876296"},{"sharesRcvd":1,"profileString":"facebook_page.131497690306025","likesRcvd":1,"timeQuantum":4995700,"postidString":"facebook_page.131497690306025_1232461536876296"},{"profileString":"facebook_page.131497690306025","likesRcvd":1,"timeQuantum":4995700,"postidString":"facebook_page.131497690306025_1232239730231810"},{"profileString":"facebook_page.131497690306025","likesRcvd":1,"timeQuantum":4995701,"postidString":"facebook_page.131497690306025_1232239730231810"},{"profileString":"facebook_page.131497690306025","likesRcvd":1,"timeQuantum":4995702,"postidString":"facebook_page.131497690306025_1232239730231810"},{"profileString":"facebook_page.131497690306025","likesRcvd":1,"timeQuantum":4995709,"postidString":"facebook_page.131497690306025_1232461536876296"},{"profileString":"facebook_page.131497690306025","likesRcvd":1,"timeQuantum":4995710,"postidString":"facebook_page.131497690306025_1232461536876296"},{"profileString":"facebook_page.131497690306025","likesRcvd":1,"timeQuantum":4995711,"postidString":"facebook_page.131497690306025_1232461536876296"},{"profileString":"facebook_page.131497690306025","likesRcvd":1,"repliesRcvd":1,"timeQuantum":4995718,"postidString":"facebook_page.131497690306025_1232239730231810"},{"profileString":"facebook_page.131497690306025","likesRcvd":1,"timeQuantum":4995727,"postidString":"facebook_page.131497690306025_1232239730231810"},{"profileString":"facebook_page.131497690306025","likesRcvd":1,"timeQuantum":4995754,"postidString":"facebook_page.131497690306025_1232461536876296"},{"profileString":"facebook_page.131497690306025","likesRcvd":1,"timeQuantum":4995754,"postidString":"facebook_page.131497690306025_1232239730231810"},{"profileString":"facebook_page.131497690306025","likesRcvd":1,"timeQuantum":4995763,"postidString":"facebook_page.131497690306025_1232461536876296"},{"profileString":"facebook_page.131497690306025","likesRcvd":1,"timeQuantum":4995764,"postidString":"facebook_page.131497690306025_1232461536876296"},{"profileString":"facebook_page.131497690306025","likesRcvd":1,"repliesRcvd":1,"timeQuantum":4995772,"postidString":"facebook_page.131497690306025_1232461536876296"},{"profileString":"facebook_page.131497690306025","likesRcvd":1,"timeQuantum":4995772,"postidString":"facebook_page.131497690306025_1232239730231810"},{"profileString":"facebook_page.131497690306025","likesRcvd":1,"timeQuantum":4995773,"postidString":"facebook_page.131497690306025_1232461536876296"},{"profileString":"facebook_page.131497690306025","likesRcvd":1,"timeQuantum":4995773,"postidString":"facebook_page.131497690306025_1232239730231810"},{"profileString":"facebook_page.131497690306025","likesRcvd":1,"timeQuantum":4995774,"postidString":"facebook_page.131497690306025_1232239730231810"},{"profileString":"facebook_page.131497690306025","likesRcvd":1,"timeQuantum":4995775,"postidString":"facebook_page.131497690306025_1232239730231810"},{"sharesRcvd":1,"profileString":"facebook_page.131497690306025","likesRcvd":1,"repliesRcvd":1,"timeQuantum":4995781,"postidString":"facebook_page.131497690306025_1232461536876296"},{"profileString":"facebook_page.131497690306025","likesRcvd":1,"repliesRcvd":1,"timeQuantum":4995781,"postidString":"facebook_page.131497690306025_1232239730231810"},{"profileString":"facebook_page.131497690306025","likesRcvd":1,"timeQuantum":4995782,"postidString":"facebook_page.131497690306025_1232461536876296"},{"profileString":"facebook_page.131497690306025","likesRcvd":1,"timeQuantum":4995782,"postidString":"facebook_page.131497690306025_1232239730231810"},{"profileString":"facebook_page.131497690306025","likesRcvd":1,"timeQuantum":4995783,"postidString":"facebook_page.131497690306025_1232239730231810"},{"profileString":"facebook_page.131497690306025","likesRcvd":1,"timeQuantum":4995784,"postidString":"facebook_page.131497690306025_1232239730231810"},{"profileString":"facebook_page.131497690306025","likesRcvd":1,"timeQuantum":4995785,"postidString":"facebook_page.131497690306025_1232239730231810"},{"profileString":"facebook_page.131497690306025","likesRcvd":1,"timeQuantum":4995786,"postidString":"facebook_page.131497690306025_1232239730231810"},{"profileString":"facebook_page.131497690306025","likesRcvd":1,"timeQuantum":4995787,"postidString":"facebook_page.131497690306025_1232239730231810"},{"sharesRcvd":1,"profileString":"facebook_page.131497690306025","likesRcvd":1,"repliesRcvd":1,"timeQuantum":4995799,"postidString":"facebook_page.131497690306025_1232461536876296"},{"profileString":"facebook_page.131497690306025","likesRcvd":1,"timeQuantum":4995799,"postidString":"facebook_page.131497690306025_1232239730231810"},{"sharesRcvd":1,"profileString":"facebook_page.131497690306025","repliesRcvd":1,"timeQuantum":4995800,"postidString":"facebook_page.131497690306025_1232461536876296"},{"profileString":"facebook_page.131497690306025","likesRcvd":1,"timeQuantum":4995800,"postidString":"facebook_page.131497690306025_1232239730231810"},{"sharesRcvd":1,"profileString":"facebook_page.131497690306025","repliesRcvd":1,"timeQuantum":4995801,"postidString":"facebook_page.131497690306025_1232461536876296"},{"profileString":"facebook_page.131497690306025","likesRcvd":1,"timeQuantum":4995801,"postidString":"facebook_page.131497690306025_1232239730231810"},{"sharesRcvd":1,"profileString":"facebook_page.131497690306025","likesRcvd":1,"repliesRcvd":1,"timeQuantum":4995808,"postidString":"facebook_page.131497690306025_1232461536876296"},{"profileString":"facebook_page.131497690306025","likesRcvd":1,"timeQuantum":4995808,"postidString":"facebook_page.131497690306025_1232239730231810"},{"sharesRcvd":1,"profileString":"facebook_page.131497690306025","timeQuantum":4995809,"postidString":"facebook_page.131497690306025_1232461536876296"},{"sharesRcvd":1,"profileString":"facebook_page.131497690306025","timeQuantum":4995810,"postidString":"facebook_page.131497690306025_1232461536876296"},{"sharesRcvd":1,"profileString":"facebook_page.131497690306025","timeQuantum":4995811,"postidString":"facebook_page.131497690306025_1232461536876296"},{"profileString":"facebook_page.131497690306025","likesRcvd":1,"timeQuantum":4995817,"postidString":"facebook_page.131497690306025_1232239730231810"},{"profileString":"facebook_page.131497690306025","likesRcvd":1,"timeQuantum":4995818,"postidString":"facebook_page.131497690306025_1232239730231810"},{"profileString":"facebook_page.131497690306025","likesRcvd":1,"timeQuantum":4995819,"postidString":"facebook_page.131497690306025_1232239730231810"},{"profileString":"facebook_page.131497690306025","likesRcvd":1,"repliesRcvd":1,"timeQuantum":4995826,"postidString":"facebook_page.131497690306025_1232461536876296"},{"profileString":"facebook_page.131497690306025","likesRcvd":1,"timeQuantum":4995826,"postidString":"facebook_page.131497690306025_1232239730231810"},{"profileString":"facebook_page.131497690306025","likesRcvd":1,"timeQuantum":4995827,"postidString":"facebook_page.131497690306025_1232461536876296"}]