[{"content":"So.... I made The Daily Show again! #RussianTerminator 😆😆😆","profileString":"facebook_page.387118754690101","postURL":"https://facebook.com/387118754690101/posts/1251395388262429","avatar":"https://graph.facebook.com/387118754690101/picture","classification":{"engine":"aylien","language":"en","taxonomy":[{"score":"0.4353","confident":true,"links":[{"link":"https://api.aylien.com/api/v1/classify/taxonomy/iab-qag/IAB1-4","rel":"self"},{"link":"https://api.aylien.com/api/v1/classify/taxonomy/iab-qag/IAB1","rel":"parent"}],"id":"IAB1-4","label":"Humor"},{"score":"0.1030","confident":true,"links":[{"link":"https://api.aylien.com/api/v1/classify/taxonomy/iab-qag/IAB1","rel":"self"}],"id":"IAB1","label":"Arts & Entertainment"}]},"postidString":"facebook_page.387118754690101_1251395388262429","postMeta":{"inserted":"content-engine"},"timestamp":1492786623,"sharesRcvd":8,"likesRcvd":20,"source":"facebook_page","lastUpdateQuantum":4983937,"name":"Kristina Behr","imageLarge":"https://external.xx.fbcdn.net/safe_image.php?d=AQBAPMDQrSwFDYug&url=http%3A%2F%2Fcomedycentral.mtvnimages.com%2Fimages%2Fshows%2Ftds%2Fvideos%2Fseason_22%2F22094%2Fds_22_094_01.jpg%3Fwidth%3D1200%26height%3D630%26crop%3Dtrue&_nc_hash=AQAW35_WX5M4ChdP","repliesRcvd":0,"image":"https://external.xx.fbcdn.net/safe_image.php?d=AQCXUK31-F4uuI8L&w=130&h=130&url=http%3A%2F%2Fcomedycentral.mtvnimages.com%2Fimages%2Fshows%2Ftds%2Fvideos%2Fseason_22%2F22094%2Fds_22_094_01.jpg%3Fwidth%3D1200%26height%3D630%26crop%3Dtrue&cfs=1&sx=560&sy=0&sw=630&sh=630&_nc_hash=AQACTxEm3ymsO7t2","username":"KristinaBehrHost","link":"http://www.cc.com/video-clips/51w5nw/the-daily-show-with-trevor-noah-the-russian-terminator","timeQuantum":4975955,"title":"The Russian Terminator-The Daily Show with Trevor Noah - Video Clip | Comedy Central","type":"link"},{"content":"Successful party for my 3-yr-old little guy!!","profileString":"facebook_page.387118754690101","postURL":"https://facebook.com/387118754690101/posts/1252666164802018","avatar":"https://graph.facebook.com/387118754690101/picture","classification":{"engine":"aylien","language":"en","taxonomy":[{"score":"0.0823","confident":true,"links":[{"link":"https://api.aylien.com/api/v1/classify/taxonomy/iab-qag/IAB9","rel":"self"}],"id":"IAB9","label":"Hobbies & Interests"},{"score":"0.0535","confident":false,"links":[{"link":"https://api.aylien.com/api/v1/classify/taxonomy/iab-qag/IAB9-23","rel":"self"},{"link":"https://api.aylien.com/api/v1/classify/taxonomy/iab-qag/IAB9","rel":"parent"}],"id":"IAB9-23","label":"Photography"}]},"postidString":"facebook_page.387118754690101_1252666164802018","postMeta":{"inserted":"content-engine"},"timestamp":1492901381,"sharesRcvd":0,"likesRcvd":58,"source":"facebook_page","lastUpdateQuantum":4983937,"name":"Kristina Behr","imageLarge":"https://scontent.xx.fbcdn.net/v/t1.0-9/s720x720/18057710_1252666164802018_5861101318559259022_n.jpg?oh=98df61ec7048704c9db4e1c89dc7421a&oe=5990B443","objectID":"1252666164802018","repliesRcvd":11,"image":"https://scontent.xx.fbcdn.net/v/t1.0-0/s130x130/18057710_1252666164802018_5861101318559259022_n.jpg?oh=b70ca0fc9c2be9f868f08bc6361c0e38&oe=59757E56","username":"KristinaBehrHost","link":"https://www.facebook.com/KristinaBehrHost/photos/a.394145863987390.90054.387118754690101/1252666164802018/?type=3","timeQuantum":4976337,"title":"Timeline Photos","type":"photo"},{"content":"The latest on the tensions in North Korea... News 12 New Jersey","profileString":"facebook_page.387118754690101","postURL":"https://facebook.com/387118754690101/posts/1253907708011197","avatar":"https://graph.facebook.com/387118754690101/picture","classification":{"engine":"aylien","language":"en","taxonomy":[{"score":"0.7734","confident":true,"links":[{"link":"https://api.aylien.com/api/v1/classify/taxonomy/iab-qag/IAB20-20","rel":"self"},{"link":"https://api.aylien.com/api/v1/classify/taxonomy/iab-qag/IAB20","rel":"parent"}],"id":"IAB20-20","label":"Japan"},{"score":"0.3148","confident":true,"links":[{"link":"https://api.aylien.com/api/v1/classify/taxonomy/iab-qag/IAB20","rel":"self"}],"id":"IAB20","label":"Travel"}]},"postidString":"facebook_page.387118754690101_1253907708011197","postMeta":{"inserted":"content-engine"},"timestamp":1493033325,"sharesRcvd":0,"likesRcvd":6,"source":"facebook_page","lastUpdateQuantum":4983937,"name":"Kristina Behr","imageLarge":"https://external.xx.fbcdn.net/safe_image.php?d=AQCKiBkoatR8fLaj&url=http%3A%2F%2Fcdn.news12.com%2Fpolopoly_fs%2F1.13511805.1493025566%21%2FhttpImage%2Fimage.jpg_gen%2Fderivatives%2Flandscape_768%2Fimage.jpg&_nc_hash=AQBVNjBxb790aQlH","repliesRcvd":1,"image":"https://external.xx.fbcdn.net/safe_image.php?d=AQBRn5SJB4M-Wtwl&w=130&h=130&url=http%3A%2F%2Fcdn.news12.com%2Fpolopoly_fs%2F1.13511805.1493025566%21%2FhttpImage%2Fimage.jpg_gen%2Fderivatives%2Flandscape_768%2Fimage.jpg&cfs=1&_nc_hash=AQAAzkZKDkBIsEyT","username":"KristinaBehrHost","link":"http://newjersey.news12.com/news/south-korea-allies-brace-for-north-korea-follow-up-act-1.13512577","timeQuantum":4976777,"title":"South Korea, allies brace for North Korea follow-up act","type":"link"},{"content":"Love these kinds of stories!!","profileString":"facebook_page.387118754690101","postURL":"https://facebook.com/387118754690101/posts/1254899861245315","avatar":"https://graph.facebook.com/387118754690101/picture","classification":{"engine":"aylien","language":"en","taxonomy":[{"score":"0.5789","confident":false,"links":[{"link":"https://api.aylien.com/api/v1/classify/taxonomy/iab-qag/IAB12-3","rel":"self"},{"link":"https://api.aylien.com/api/v1/classify/taxonomy/iab-qag/IAB12","rel":"parent"}],"id":"IAB12-3","label":"Local News"},{"score":"0.2996","confident":true,"links":[{"link":"https://api.aylien.com/api/v1/classify/taxonomy/iab-qag/IAB14-6","rel":"self"},{"link":"https://api.aylien.com/api/v1/classify/taxonomy/iab-qag/IAB14","rel":"parent"}],"id":"IAB14-6","label":"Teens"},{"score":"0.2741","confident":false,"links":[{"link":"https://api.aylien.com/api/v1/classify/taxonomy/iab-qag/IAB6-6","rel":"self"},{"link":"https://api.aylien.com/api/v1/classify/taxonomy/iab-qag/IAB6","rel":"parent"}],"id":"IAB6-6","label":"Parenting teens"},{"score":"0.0772","confident":true,"links":[{"link":"https://api.aylien.com/api/v1/classify/taxonomy/iab-qag/IAB6","rel":"self"}],"id":"IAB6","label":"Family & Parenting"},{"score":"0.0728","confident":false,"links":[{"link":"https://api.aylien.com/api/v1/classify/taxonomy/iab-qag/IAB14","rel":"self"}],"id":"IAB14","label":"Society"},{"score":"0.0668","confident":false,"links":[{"link":"https://api.aylien.com/api/v1/classify/taxonomy/iab-qag/IAB12","rel":"self"}],"id":"IAB12","label":"News"}]},"postidString":"facebook_page.387118754690101_1254899861245315","postMeta":{"inserted":"content-engine"},"timestamp":1493112658,"sharesRcvd":0,"likesRcvd":11,"source":"facebook_page","lastUpdateQuantum":4983937,"name":"Kristina Behr","imageLarge":"https://external.xx.fbcdn.net/safe_image.php?d=AQARcNjMIBlHqWDg&url=http%3A%2F%2Fcdn.news12.com%2Fpolopoly_fs%2F1.13517009.1493086500%21%2FhttpImage%2Fimage.jpg_gen%2Fderivatives%2Fdisplay_600%2Fimage.jpg&_nc_hash=AQBSQAC41Twn8tkt","repliesRcvd":0,"image":"https://external.xx.fbcdn.net/safe_image.php?d=AQCv3RNIKIYLjW8n&w=130&h=130&url=http%3A%2F%2Fcdn.news12.com%2Fpolopoly_fs%2F1.13517009.1493086500%21%2FhttpImage%2Fimage.jpg_gen%2Fderivatives%2Fdisplay_600%2Fimage.jpg&cfs=1&sx=0&sy=0&sw=337&sh=337&_nc_hash=AQDBfkK8jxPKFDHt","username":"KristinaBehrHost","link":"http://newjersey.news12.com/news/girl-whose-father-was-killed-in-line-of-duty-pays-for-jamesburg-police-officer-s-dinner-1.13516995","timeQuantum":4977042,"title":"Girl whose father was killed in line of duty buys officer dinner","type":"link"},{"content":"A few hits at the Live Desk this am, now onto Prudential Center for a special announcement...stay tuned! News 12 New Jersey","profileString":"facebook_page.387118754690101","postURL":"https://facebook.com/387118754690101/posts/1254984541236847","avatar":"https://graph.facebook.com/387118754690101/picture","classification":{"engine":"aylien","language":"en","taxonomy":[{"score":"0.4516","confident":false,"links":[{"link":"https://api.aylien.com/api/v1/classify/taxonomy/iab-qag/IAB12-2","rel":"self"},{"link":"https://api.aylien.com/api/v1/classify/taxonomy/iab-qag/IAB12","rel":"parent"}],"id":"IAB12-2","label":"National News"},{"score":"0.0966","confident":true,"links":[{"link":"https://api.aylien.com/api/v1/classify/taxonomy/iab-qag/IAB12","rel":"self"}],"id":"IAB12","label":"News"}]},"postidString":"facebook_page.387118754690101_1254984541236847","postMeta":{"inserted":"content-engine"},"timestamp":1493119693,"sharesRcvd":0,"likesRcvd":43,"source":"facebook_page","lastUpdateQuantum":4983937,"name":"Kristina Behr","imageLarge":"https://scontent.xx.fbcdn.net/v/t1.0-9/s720x720/18058129_1254984541236847_2683892889585392072_n.jpg?oh=ef26233cbe3c49650f31c2aedf59d644&oe=59913374","objectID":"1254984541236847","repliesRcvd":1,"image":"https://scontent.xx.fbcdn.net/v/t1.0-0/s130x130/18058129_1254984541236847_2683892889585392072_n.jpg?oh=2423d616a9a951a829b02524ed319bf0&oe=59748161","username":"KristinaBehrHost","link":"https://www.facebook.com/KristinaBehrHost/photos/a.394145863987390.90054.387118754690101/1254984541236847/?type=3","timeQuantum":4977065,"title":"Timeline Photos","type":"photo"},{"content":"This is how Paul McCartney announces his concert coming to NJ in Sept...#EnglishBreakfast News 12 New Jersey","profileString":"facebook_page.387118754690101","postURL":"https://facebook.com/387118754690101/posts/1255037244564910","avatar":"https://graph.facebook.com/387118754690101/picture","classification":{"engine":"aylien","language":"en","taxonomy":[{"score":"0.4504","confident":false,"links":[{"link":"https://api.aylien.com/api/v1/classify/taxonomy/iab-qag/IAB12-2","rel":"self"},{"link":"https://api.aylien.com/api/v1/classify/taxonomy/iab-qag/IAB12","rel":"parent"}],"id":"IAB12-2","label":"National News"},{"score":"0.1124","confident":true,"links":[{"link":"https://api.aylien.com/api/v1/classify/taxonomy/iab-qag/IAB12","rel":"self"}],"id":"IAB12","label":"News"}]},"postidString":"facebook_page.387118754690101_1255037244564910","postMeta":{"inserted":"content-engine"},"timestamp":1493123944,"sharesRcvd":1,"likesRcvd":14,"source":"facebook_page","lastUpdateQuantum":4983937,"name":"Kristina Behr","imageLarge":"https://scontent.xx.fbcdn.net/v/t1.0-9/s720x720/18157105_1255037244564910_4606326594253329246_n.jpg?oh=0a4e16d720c26a0cf44decb7df1aa783&oe=59838F32","objectID":"1255037244564910","repliesRcvd":1,"image":"https://scontent.xx.fbcdn.net/v/t1.0-0/s130x130/18157105_1255037244564910_4606326594253329246_n.jpg?oh=06ef7d1a45d524ee3dcd5bcbad90576b&oe=59982527","username":"KristinaBehrHost","link":"https://www.facebook.com/KristinaBehrHost/photos/a.394145863987390.90054.387118754690101/1255037244564910/?type=3","timeQuantum":4977079,"title":"Timeline Photos","type":"photo"},{"content":"The dirty looks will be free... 😱","profileString":"facebook_page.387118754690101","postURL":"https://facebook.com/387118754690101/posts/1255344574534177","avatar":"https://graph.facebook.com/387118754690101/picture","classification":{"engine":"aylien","language":"en","taxonomy":[{"score":"0.3311","confident":false,"links":[{"link":"https://api.aylien.com/api/v1/classify/taxonomy/iab-qag/IAB18-6","rel":"self"},{"link":"https://api.aylien.com/api/v1/classify/taxonomy/iab-qag/IAB18","rel":"parent"}],"id":"IAB18-6","label":"Accessories"},{"score":"0.1380","confident":true,"links":[{"link":"https://api.aylien.com/api/v1/classify/taxonomy/iab-qag/IAB18","rel":"self"}],"id":"IAB18","label":"Style & Fashion"}]},"postidString":"facebook_page.387118754690101_1255344574534177","postMeta":{"inserted":"content-engine"},"timestamp":1493152118,"sharesRcvd":2,"likesRcvd":16,"source":"facebook_page","lastUpdateQuantum":4983937,"name":"Kristina Behr","imageLarge":"https://external.xx.fbcdn.net/safe_image.php?d=AQCvtBVaRsvhEaSq&url=http%3A%2F%2Fimg.huffingtonpost.com%2Fasset%2F1910_1000%2F58ff7f361c00003a00e819b9.jpeg%3Fcache%3Dmexiqeywn4&_nc_hash=AQD0UKiOc-aj7bRC","repliesRcvd":4,"image":"https://external.xx.fbcdn.net/safe_image.php?d=AQAi6xdnk-znCvbG&w=130&h=130&url=http%3A%2F%2Fimg.huffingtonpost.com%2Fasset%2F1910_1000%2F58ff7f361c00003a00e819b9.jpeg%3Fcache%3Dmexiqeywn4&cfs=1&_nc_hash=AQDGoKGqG5E_HE1G","username":"KristinaBehrHost","link":"http://www.huffingtonpost.com/entry/nordstrom-mud-jeans_us_58ff7777e4b0c46f07829179","timeQuantum":4977173,"title":"Nordstrom Sells $425 Jeans That Are Covered In Fake Mud","type":"link"},{"content":"I get that certain things are \"trendy..\" but does every item of clothing now have to have a bell sleeve on it?!","profileString":"facebook_page.387118754690101","postURL":"https://facebook.com/387118754690101/posts/1256058377796130","avatar":"https://graph.facebook.com/387118754690101/picture","classification":{"engine":"aylien","language":"en","taxonomy":[{"score":"0.3390","links":[{"rel":"self","link":"https://api.aylien.com/api/v1/classify/taxonomy/iab-qag/IAB18-6"},{"rel":"parent","link":"https://api.aylien.com/api/v1/classify/taxonomy/iab-qag/IAB18"}],"label":"Accessories","id":"IAB18-6","confident":false},{"score":"0.2732","links":[{"rel":"self","link":"https://api.aylien.com/api/v1/classify/taxonomy/iab-qag/IAB18"}],"label":"Style & Fashion","id":"IAB18","confident":true}]},"postidString":"facebook_page.387118754690101_1256058377796130","postMeta":{"inserted":"content-engine"},"timestamp":1493231627,"sharesRcvd":0,"likesRcvd":8,"source":"facebook_page","lastUpdateQuantum":4983937,"name":"Kristina Behr","imageLarge":"https://scontent.xx.fbcdn.net/v/t1.0-9/s720x720/18118540_1256058377796130_6624224639310076687_n.jpg?oh=57b3ef8069a11ffe26f84ad07014d04b&oe=5981E593","objectID":"1256058377796130","repliesRcvd":1,"image":"https://scontent.xx.fbcdn.net/v/t1.0-0/s130x130/18118540_1256058377796130_6624224639310076687_n.jpg?oh=4e4bf6dd791e11b08f135d0a3020149e&oe=5994E186","username":"KristinaBehrHost","link":"https://www.facebook.com/KristinaBehrHost/photos/a.394145863987390.90054.387118754690101/1256058377796130/?type=3","timeQuantum":4977438,"type":"photo","title":"Timeline Photos"},{"content":"When you try to sneak in a workout while baby is sleeping... guess I won't be doing crunches today 🙄🙄","profileString":"facebook_page.387118754690101","postURL":"https://facebook.com/387118754690101/posts/1256904334378201","avatar":"https://graph.facebook.com/387118754690101/picture","classification":{"engine":"aylien","language":"en","taxonomy":[{"score":"0.2353","links":[{"rel":"self","link":"https://api.aylien.com/api/v1/classify/taxonomy/iab-qag/IAB6-2"},{"rel":"parent","link":"https://api.aylien.com/api/v1/classify/taxonomy/iab-qag/IAB6"}],"label":"Babies & Toddlers","id":"IAB6-2","confident":false},{"score":"0.0724","links":[{"rel":"self","link":"https://api.aylien.com/api/v1/classify/taxonomy/iab-qag/IAB6"}],"label":"Family & Parenting","id":"IAB6","confident":false},{"score":"0.0697","links":[{"rel":"self","link":"https://api.aylien.com/api/v1/classify/taxonomy/iab-qag/IAB17"}],"label":"Sports","id":"IAB17","confident":false},{"score":"0.0674","links":[{"rel":"self","link":"https://api.aylien.com/api/v1/classify/taxonomy/iab-qag/IAB9"}],"label":"Hobbies & Interests","id":"IAB9","confident":false},{"score":"0.0566","links":[{"rel":"self","link":"https://api.aylien.com/api/v1/classify/taxonomy/iab-qag/IAB9-23"},{"rel":"parent","link":"https://api.aylien.com/api/v1/classify/taxonomy/iab-qag/IAB9"}],"label":"Photography","id":"IAB9-23","confident":false},{"score":"0.0403","links":[{"rel":"self","link":"https://api.aylien.com/api/v1/classify/taxonomy/iab-qag/IAB17-43"},{"rel":"parent","link":"https://api.aylien.com/api/v1/classify/taxonomy/iab-qag/IAB17"}],"label":"Waterski/Wakeboard","id":"IAB17-43","confident":false}]},"postidString":"facebook_page.387118754690101_1256904334378201","postMeta":{"inserted":"content-engine"},"timestamp":1493320444,"sharesRcvd":0,"likesRcvd":14,"source":"facebook_page","lastUpdateQuantum":4983937,"name":"Kristina Behr","imageLarge":"https://scontent.xx.fbcdn.net/v/t1.0-9/p720x720/18157461_1256904334378201_5182319101061984363_n.jpg?oh=c801ecd4da40e07b9b8951cb72cca8d9&oe=59869783","objectID":"1256904334378201","repliesRcvd":4,"image":"https://scontent.xx.fbcdn.net/v/t1.0-0/p130x130/18157461_1256904334378201_5182319101061984363_n.jpg?oh=96312ce854bdb75670ad63a94264c501&oe=59C29796","username":"KristinaBehrHost","link":"https://www.facebook.com/KristinaBehrHost/photos/a.394145863987390.90054.387118754690101/1256904334378201/?type=3","timeQuantum":4977734,"type":"photo","title":"Timeline Photos"},{"content":"Love this story... he looks so dapper in his tux!! News 12 New Jersey","profileString":"facebook_page.387118754690101","postURL":"https://facebook.com/387118754690101/posts/1257784854290149","avatar":"https://graph.facebook.com/387118754690101/picture","classification":{"engine":"aylien","language":"en","taxonomy":[{"score":"0.3280","confident":true,"links":[{"link":"https://api.aylien.com/api/v1/classify/taxonomy/iab-qag/IAB6-6","rel":"self"},{"link":"https://api.aylien.com/api/v1/classify/taxonomy/iab-qag/IAB6","rel":"parent"}],"id":"IAB6-6","label":"Parenting teens"},{"score":"0.3137","confident":true,"links":[{"link":"https://api.aylien.com/api/v1/classify/taxonomy/iab-qag/IAB16-4","rel":"self"},{"link":"https://api.aylien.com/api/v1/classify/taxonomy/iab-qag/IAB16","rel":"parent"}],"id":"IAB16-4","label":"Dogs"},{"score":"0.1062","confident":true,"links":[{"link":"https://api.aylien.com/api/v1/classify/taxonomy/iab-qag/IAB6","rel":"self"}],"id":"IAB6","label":"Family & Parenting"},{"score":"0.1029","confident":true,"links":[{"link":"https://api.aylien.com/api/v1/classify/taxonomy/iab-qag/IAB7","rel":"self"}],"id":"IAB7","label":"Health & Fitness"},{"score":"0.0887","confident":true,"links":[{"link":"https://api.aylien.com/api/v1/classify/taxonomy/iab-qag/IAB16","rel":"self"}],"id":"IAB16","label":"Pets"},{"score":"0.0778","confident":true,"links":[{"link":"https://api.aylien.com/api/v1/classify/taxonomy/iab-qag/IAB7-11","rel":"self"},{"link":"https://api.aylien.com/api/v1/classify/taxonomy/iab-qag/IAB7","rel":"parent"}],"id":"IAB7-11","label":"Cancer"}]},"postidString":"facebook_page.387118754690101_1257784854290149","postMeta":{"inserted":"content-engine"},"timestamp":1493404403,"sharesRcvd":1,"likesRcvd":11,"source":"facebook_page","lastUpdateQuantum":4983937,"name":"Kristina Behr","imageLarge":"https://external.xx.fbcdn.net/safe_image.php?d=AQDGTdOBfSbUaJaT&url=http%3A%2F%2Fcdn.news12.com%2Fpolopoly_fs%2F1.13537416.1493394620%21%2FhttpImage%2Fimage.jpg_gen%2Fderivatives%2Fdisplay_600%2Fimage.jpg&_nc_hash=AQBkB3DADPH0LJdn","repliesRcvd":0,"image":"https://external.xx.fbcdn.net/safe_image.php?d=AQBCf_1gLnRNjOEB&w=130&h=130&url=http%3A%2F%2Fcdn.news12.com%2Fpolopoly_fs%2F1.13537416.1493394620%21%2FhttpImage%2Fimage.jpg_gen%2Fderivatives%2Fdisplay_600%2Fimage.jpg&cfs=1&sx=143&sy=0&sw=338&sh=338&_nc_hash=AQAEZTcwGGiE0QDp","username":"KristinaBehrHost","link":"http://newjersey.news12.com/news/teen-battling-cancer-thanks-medical-team-as-he-prepares-to-attend-prom-1.13537399","timeQuantum":4978014,"title":"Teen battling cancer thanks medical team as he prepares for prom","type":"link"},{"content":"Filling in with the fab Della Crews this Friday afternoon!","profileString":"facebook_page.387118754690101","postURL":"https://facebook.com/387118754690101/posts/1257802360955065","avatar":"https://graph.facebook.com/387118754690101/picture","classification":{"engine":"aylien","language":"en","taxonomy":[{"score":"0.0744","confident":false,"links":[{"link":"https://api.aylien.com/api/v1/classify/taxonomy/iab-qag/IAB9","rel":"self"}],"id":"IAB9","label":"Hobbies & Interests"},{"score":"0.0516","confident":false,"links":[{"link":"https://api.aylien.com/api/v1/classify/taxonomy/iab-qag/IAB9-23","rel":"self"},{"link":"https://api.aylien.com/api/v1/classify/taxonomy/iab-qag/IAB9","rel":"parent"}],"id":"IAB9-23","label":"Photography"}]},"postidString":"facebook_page.387118754690101_1257802360955065","postMeta":{"inserted":"content-engine"},"timestamp":1493405966,"sharesRcvd":0,"likesRcvd":23,"source":"facebook_page","lastUpdateQuantum":4983937,"name":"Kristina Behr","imageLarge":"https://scontent.xx.fbcdn.net/v/t1.0-0/p180x540/18157786_1257802360955065_1679573033964697903_n.jpg?oh=be48984441ff0ac27b7c04f78106ce2f&oe=59C2EEC2","objectID":"1257802360955065","repliesRcvd":1,"image":"https://scontent.xx.fbcdn.net/v/t1.0-0/s130x130/18157786_1257802360955065_1679573033964697903_n.jpg?oh=c7a8efbf0de5021770438bbdf095013b&oe=598D63BE","username":"KristinaBehrHost","link":"https://www.facebook.com/KristinaBehrHost/photos/a.394145863987390.90054.387118754690101/1257802360955065/?type=3","timeQuantum":4978019,"title":"Timeline Photos","type":"photo"},{"content":"Hanging with this crazy guy this am!! Did you hear those gnarly storms roll thru earlier? Meteorologist Justin Godynick has the latest on your forecast..","profileString":"facebook_page.387118754690101","postURL":"https://facebook.com/387118754690101/posts/1258456224223012","avatar":"https://graph.facebook.com/387118754690101/picture","classification":{"engine":"aylien","language":"en","taxonomy":[{"score":"0.0845","confident":true,"links":[{"link":"https://api.aylien.com/api/v1/classify/taxonomy/iab-qag/IAB9","rel":"self"}],"id":"IAB9","label":"Hobbies & Interests"},{"score":"0.0493","confident":false,"links":[{"link":"https://api.aylien.com/api/v1/classify/taxonomy/iab-qag/IAB9-28","rel":"self"},{"link":"https://api.aylien.com/api/v1/classify/taxonomy/iab-qag/IAB9","rel":"parent"}],"id":"IAB9-28","label":"Screenwriting"}]},"postidString":"facebook_page.387118754690101_1258456224223012","postMeta":{"inserted":"content-engine"},"timestamp":1493472510,"sharesRcvd":0,"likesRcvd":25,"source":"facebook_page","lastUpdateQuantum":4983937,"name":"Kristina Behr","imageLarge":"https://scontent.xx.fbcdn.net/v/t1.0-9/s720x720/18157638_1258456224223012_7199715913494599097_n.jpg?oh=daab5309609006c0cd69f86a3e3d4cc0&oe=597F034B","objectID":"1258456224223012","repliesRcvd":4,"image":"https://scontent.xx.fbcdn.net/v/t1.0-0/s130x130/18157638_1258456224223012_7199715913494599097_n.jpg?oh=c0ff0a6e96a89eefe7180714296fba1d&oe=5993D55E","username":"KristinaBehrHost","link":"https://www.facebook.com/KristinaBehrHost/photos/a.394145863987390.90054.387118754690101/1258456224223012/?type=3","timeQuantum":4978241,"title":"Timeline Photos","type":"photo"},{"content":"Meteorologist Justin Godynick","profileString":"facebook_page.387118754690101","postURL":"https://facebook.com/387118754690101/posts/1258460760889225","avatar":"https://graph.facebook.com/387118754690101/picture","classification":{"engine":"aylien","language":"en","taxonomy":[{"score":"0.0700","confident":false,"links":[{"link":"https://api.aylien.com/api/v1/classify/taxonomy/iab-qag/IAB17","rel":"self"}],"id":"IAB17","label":"Sports"},{"score":"0.0677","confident":false,"links":[{"link":"https://api.aylien.com/api/v1/classify/taxonomy/iab-qag/IAB9","rel":"self"}],"id":"IAB9","label":"Hobbies & Interests"},{"score":"0.0535","confident":false,"links":[{"link":"https://api.aylien.com/api/v1/classify/taxonomy/iab-qag/IAB9-28","rel":"self"},{"link":"https://api.aylien.com/api/v1/classify/taxonomy/iab-qag/IAB9","rel":"parent"}],"id":"IAB9-28","label":"Screenwriting"},{"score":"0.0466","confident":false,"links":[{"link":"https://api.aylien.com/api/v1/classify/taxonomy/iab-qag/IAB17-43","rel":"self"},{"link":"https://api.aylien.com/api/v1/classify/taxonomy/iab-qag/IAB17","rel":"parent"}],"id":"IAB17-43","label":"Waterski/Wakeboard"}]},"postidString":"facebook_page.387118754690101_1258460760889225","postMeta":{"inserted":"content-engine"},"timestamp":1493472882,"sharesRcvd":0,"likesRcvd":3,"source":"facebook_page","lastUpdateQuantum":4983937,"name":"Kristina Behr","imageLarge":"https://scontent.xx.fbcdn.net/v/t15.0-10/18222914_1952610958285754_4057416593343250432_n.jpg?oh=5be5f1caa39d4cbc832698f39bfc8517&oe=5977856D","repliesRcvd":0,"image":"https://scontent.xx.fbcdn.net/v/t15.0-10/s130x130/18222914_1952610958285754_4057416593343250432_n.jpg?oh=99bfc5b0e42ba7e361362b635e23e6e1&oe=59743516","username":"KristinaBehrHost","link":"https://www.facebook.com/JustinGodynick/videos/1952608201619363/","timeQuantum":4978242,"video":"https://scontent.xx.fbcdn.net/v/t42.1790-29/18210298_1449691301755486_8093493963798872064_n.mp4?efg=eyJybHIiOjEwMzgsInJsYSI6NDA2NiwidmVuY29kZV90YWciOiJzZCJ9&rl=1038&vabr=577&oh=cdea8e3099cd4b396f0048170b7b723a&oe=5907B14E","title":"Meteorologist Justin Godynick","type":"video"},{"content":"Feelin peachy, matching the set this am! 😂😂","profileString":"facebook_page.387118754690101","postURL":"https://facebook.com/387118754690101/posts/1259253357476632","avatar":"https://graph.facebook.com/387118754690101/picture","classification":{"engine":"aylien","language":"en","taxonomy":[{"score":"0.0806","confident":true,"links":[{"link":"https://api.aylien.com/api/v1/classify/taxonomy/iab-qag/IAB9","rel":"self"}],"id":"IAB9","label":"Hobbies & Interests"},{"score":"0.0634","confident":false,"links":[{"link":"https://api.aylien.com/api/v1/classify/taxonomy/iab-qag/IAB9-23","rel":"self"},{"link":"https://api.aylien.com/api/v1/classify/taxonomy/iab-qag/IAB9","rel":"parent"}],"id":"IAB9-23","label":"Photography"}]},"postidString":"facebook_page.387118754690101_1259253357476632","postMeta":{"inserted":"content-engine"},"timestamp":1493558556,"sharesRcvd":0,"likesRcvd":54,"source":"facebook_page","lastUpdateQuantum":4980103,"name":"Kristina Behr","imageLarge":"https://scontent.xx.fbcdn.net/v/t1.0-0/p180x540/18194689_1259253357476632_2405877679730270899_n.jpg?oh=94fe33c1f1545bed38de9aa4c82d517d&oe=597FBF5C","objectID":"1259253357476632","repliesRcvd":7,"image":"https://scontent.xx.fbcdn.net/v/t1.0-0/s130x130/18194689_1259253357476632_2405877679730270899_n.jpg?oh=47c5f2913d5ee3fa1fe5a30d8b8cf647&oe=598F6F20","username":"KristinaBehrHost","link":"https://www.facebook.com/KristinaBehrHost/photos/a.394145863987390.90054.387118754690101/1259253357476632/?type=3","timeQuantum":4978528,"title":"Timeline Photos","type":"photo"},{"content":"Anybody watch last night?","profileString":"facebook_page.387118754690101","postURL":"https://facebook.com/387118754690101/posts/1259360004132634","avatar":"https://graph.facebook.com/387118754690101/picture","classification":{"engine":"aylien","language":"en","taxonomy":[{"score":"0.4042","confident":false,"links":[{"link":"https://api.aylien.com/api/v1/classify/taxonomy/iab-qag/IAB12-3","rel":"self"},{"link":"https://api.aylien.com/api/v1/classify/taxonomy/iab-qag/IAB12","rel":"parent"}],"id":"IAB12-3","label":"Local News"},{"score":"0.0951","confident":true,"links":[{"link":"https://api.aylien.com/api/v1/classify/taxonomy/iab-qag/IAB12","rel":"self"}],"id":"IAB12","label":"News"}]},"postidString":"facebook_page.387118754690101_1259360004132634","postMeta":{"inserted":"content-engine"},"timestamp":1493568396,"sharesRcvd":0,"likesRcvd":6,"source":"facebook_page","lastUpdateQuantum":4983937,"name":"Kristina Behr","imageLarge":"https://external.xx.fbcdn.net/safe_image.php?d=AQCEC1IhaE3u4rlw&url=http%3A%2F%2Fimg.huffingtonpost.com%2Fasset%2F1910_1000%2F59054f281c00002600e826e3.jpeg%3Fcache%3Dhkmzfy2nkw&_nc_hash=AQBvDAfEunDFLEpC","repliesRcvd":2,"image":"https://external.xx.fbcdn.net/safe_image.php?d=AQCTsAZk1qW5HD6h&w=130&h=130&url=http%3A%2F%2Fimg.huffingtonpost.com%2Fasset%2F1910_1000%2F59054f281c00002600e826e3.jpeg%3Fcache%3Dhkmzfy2nkw&cfs=1&sx=70&sy=0&sw=1000&sh=1000&_nc_hash=AQDL_t6D9FZyYHa0","username":"KristinaBehrHost","link":"http://www.huffingtonpost.com/entry/hasan-minhaj-white-house-correspondents-dinner_us_59054dd3e4b0bb2d086f0e3e?ncid=inblnkushpmg00000009","timeQuantum":4978561,"title":"Watch Hasan Minhaj Roast Donald Trump At The White House Correspondents' Dinner","type":"link"},{"content":"This man is a machine...he will never ever be jobless! What do you think of the choice?","profileString":"facebook_page.387118754690101","postURL":"https://facebook.com/387118754690101/posts/1260183590716942","avatar":"https://graph.facebook.com/387118754690101/picture","classification":{"engine":"aylien","language":"en","taxonomy":[{"score":"0.3017","confident":true,"links":[{"link":"https://api.aylien.com/api/v1/classify/taxonomy/iab-qag/IAB1-7","rel":"self"},{"link":"https://api.aylien.com/api/v1/classify/taxonomy/iab-qag/IAB1","rel":"parent"}],"id":"IAB1-7","label":"Television"},{"score":"0.1354","confident":true,"links":[{"link":"https://api.aylien.com/api/v1/classify/taxonomy/iab-qag/IAB1","rel":"self"}],"id":"IAB1","label":"Arts & Entertainment"}]},"postidString":"facebook_page.387118754690101_1260183590716942","postMeta":{"inserted":"content-engine"},"timestamp":1493644737,"sharesRcvd":0,"likesRcvd":24,"source":"facebook_page","lastUpdateQuantum":4983937,"name":"Kristina Behr","imageLarge":"https://external.xx.fbcdn.net/safe_image.php?d=AQBlgxcFmb2q-J-S&url=http%3A%2F%2Fpmcdeadline2.files.wordpress.com%2F2017%2F04%2Fseacrest.png%3Fw%3D450&_nc_hash=AQA-doKkEyq4bhus","repliesRcvd":5,"image":"https://external.xx.fbcdn.net/safe_image.php?d=AQBhlmxjOe5wMn57&w=130&h=130&url=http%3A%2F%2Fpmcdeadline2.files.wordpress.com%2F2017%2F04%2Fseacrest.png%3Fw%3D450&cfs=1&sx=68&sy=0&sw=300&sh=300&_nc_hash=AQBX2oLuvPTxsrNv","username":"KristinaBehrHost","link":"http://deadline.com/2017/05/ryan-seacrest-new-co-host-live-with-kelly-1202080072/","timeQuantum":4978815,"title":"Ryan Seacrest Named New Co-Host Of ‘Live With Kelly’","type":"link"},{"content":"Early #TBT to last years Met Gala! I won't be covering tonight, but excited to see the crazy fashion!","profileString":"facebook_page.387118754690101","postURL":"https://facebook.com/387118754690101/posts/1260187270716574","avatar":"https://graph.facebook.com/387118754690101/picture","classification":{"engine":"aylien","language":"en","taxonomy":[{"score":"0.3855","confident":false,"links":[{"link":"https://api.aylien.com/api/v1/classify/taxonomy/iab-qag/IAB18-6","rel":"self"},{"link":"https://api.aylien.com/api/v1/classify/taxonomy/iab-qag/IAB18","rel":"parent"}],"id":"IAB18-6","label":"Accessories"},{"score":"0.2487","confident":true,"links":[{"link":"https://api.aylien.com/api/v1/classify/taxonomy/iab-qag/IAB18","rel":"self"}],"id":"IAB18","label":"Style & Fashion"}]},"postidString":"facebook_page.387118754690101_1260187270716574","postMeta":{"inserted":"content-engine"},"timestamp":1493645130,"sharesRcvd":0,"likesRcvd":38,"source":"facebook_page","lastUpdateQuantum":4983937,"name":"Kristina Behr","imageLarge":"https://scontent.xx.fbcdn.net/v/t1.0-9/p720x720/18268503_1260187270716574_1284696812422776002_n.jpg?oh=40a2ffed4702360a89d717a167a39b6c&oe=5980312F","objectID":"1260187270716574","repliesRcvd":10,"image":"https://scontent.xx.fbcdn.net/v/t1.0-0/p130x130/18268503_1260187270716574_1284696812422776002_n.jpg?oh=79e36baa40f426fe128123e3d369da0f&oe=597DD83A","username":"KristinaBehrHost","link":"https://www.facebook.com/KristinaBehrHost/photos/a.394145863987390.90054.387118754690101/1260187270716574/?type=3","timeQuantum":4978817,"title":"Timeline Photos","type":"photo"},{"content":"This was a wacky year.. I feel like no one really knew quite how to dress for the theme, but if I had to go with one, Halle Berry killed it! #MetGala","profileString":"facebook_page.387118754690101","postURL":"https://facebook.com/387118754690101/posts/1260929807308987","avatar":"https://graph.facebook.com/387118754690101/picture","classification":{"engine":"aylien","language":"en","taxonomy":[{"score":"0.3755","confident":false,"links":[{"link":"https://api.aylien.com/api/v1/classify/taxonomy/iab-qag/IAB18-6","rel":"self"},{"link":"https://api.aylien.com/api/v1/classify/taxonomy/iab-qag/IAB18","rel":"parent"}],"id":"IAB18-6","label":"Accessories"},{"score":"0.3566","confident":true,"links":[{"link":"https://api.aylien.com/api/v1/classify/taxonomy/iab-qag/IAB18","rel":"self"}],"id":"IAB18","label":"Style & Fashion"}]},"postidString":"facebook_page.387118754690101_1260929807308987","postMeta":{"inserted":"content-engine"},"timestamp":1493717153,"sharesRcvd":12,"likesRcvd":18,"source":"facebook_page","lastUpdateQuantum":4983937,"name":"Kristina Behr","imageLarge":"https://external.xx.fbcdn.net/safe_image.php?d=AQBUzK-B8tqa_tnt&url=http%3A%2F%2Fassets.nydailynews.com%2Fpolopoly_fs%2F1.3126088.1493691201%21%2Fimg%2FhttpImage%2Fimage.jpg_gen%2Fderivatives%2Flandscape_1200%2Fkendall-jenner.jpg&_nc_hash=AQAgAUO0ja_DGMQm","repliesRcvd":12,"image":"https://external.xx.fbcdn.net/safe_image.php?d=AQA_ZGauKY14E6Kh&w=130&h=130&url=http%3A%2F%2Fassets.nydailynews.com%2Fpolopoly_fs%2F1.3126088.1493691201%21%2Fimg%2FhttpImage%2Fimage.jpg_gen%2Fderivatives%2Flandscape_1200%2Fkendall-jenner.jpg&cfs=1&sx=570&sy=0&sw=630&sh=630&_nc_hash=AQC38IeSovHgjsrX","username":"KristinaBehrHost","link":"http://www.nydailynews.com/entertainment/met-gala-2017-best-worst-red-carpet-fashion-biggest-night-gallery-1.3125564","timeQuantum":4979057,"title":"Met Gala 2017: Best and worst red carpet looks on fashion's biggest night","type":"link"},{"content":"Health care reform taking center stage on Jimmy Kimmel Live, after he reveals his newborn son had open-heart surgery.. News 12 New Jersey","profileString":"facebook_page.387118754690101","postURL":"https://facebook.com/387118754690101/posts/1260967747305193","avatar":"https://graph.facebook.com/387118754690101/picture","classification":{"engine":"aylien","language":"en","taxonomy":[{"score":"0.2213","confident":true,"links":[{"link":"https://api.aylien.com/api/v1/classify/taxonomy/iab-qag/IAB7","rel":"self"}],"id":"IAB7","label":"Health & Fitness"},{"score":"0.0903","confident":true,"links":[{"link":"https://api.aylien.com/api/v1/classify/taxonomy/iab-qag/IAB7-24","rel":"self"},{"link":"https://api.aylien.com/api/v1/classify/taxonomy/iab-qag/IAB7","rel":"parent"}],"id":"IAB7-24","label":"Heart Disease"}]},"postidString":"facebook_page.387118754690101_1260967747305193","postMeta":{"inserted":"content-engine"},"timestamp":1493721749,"sharesRcvd":2,"likesRcvd":13,"source":"facebook_page","lastUpdateQuantum":4983937,"name":"Kristina Behr","imageLarge":"https://external.xx.fbcdn.net/safe_image.php?d=AQCptXLrF4cs4GbC&w=720&h=720&url=https%3A%2F%2Fi.ytimg.com%2Fvi%2FMmWWoMcGmo0%2Fmaxresdefault.jpg&cfs=1&sx=301&sy=0&sw=720&sh=720&_nc_hash=AQDiJuFJFaWR_M_M","repliesRcvd":1,"image":"https://external.xx.fbcdn.net/safe_image.php?d=AQBSKlHwMOrxDaxl&w=130&h=130&url=https%3A%2F%2Fi.ytimg.com%2Fvi%2FMmWWoMcGmo0%2Fmaxresdefault.jpg&cfs=1&sx=301&sy=0&sw=720&sh=720&_nc_hash=AQCmuuyo7HJY_J5k","username":"KristinaBehrHost","link":"https://www.youtube.com/watch?v=MmWWoMcGmo0&feature=youtu.be","timeQuantum":4979072,"video":"https://www.youtube.com/embed/MmWWoMcGmo0?autoplay=1","title":"Jimmy Kimmel Reveals Details of His Son’s Birth & Heart Disease","type":"video"},{"content":"Reports: no charges for two officers who shot and killed Alton Sterling during confrontation outside a deli in Baton Rouge..News 12 New Jersey","profileString":"facebook_page.387118754690101","postURL":"https://facebook.com/387118754690101/posts/1261870997214868","avatar":"https://graph.facebook.com/387118754690101/picture","classification":{"engine":"aylien","language":"en","taxonomy":[{"score":0,"label":"News","categoryId":"INSERTED"}]},"postidString":"facebook_page.387118754690101_1261870997214868","postMeta":{"inserted":"content-engine"},"timestamp":1493806806,"sharesRcvd":0,"likesRcvd":2,"source":"facebook_page","lastUpdateQuantum":4983937,"name":"Kristina Behr","imageLarge":"https://external.xx.fbcdn.net/safe_image.php?d=AQAbrIDg8Ymtf7B1&url=https%3A%2F%2Fstatic01.nyt.com%2Fimages%2F2017%2F05%2F03%2Fus%2F03sterling%2F03sterling-facebookJumbo.jpg&_nc_hash=AQBT0xFfs_uLLhp_","repliesRcvd":0,"image":"https://external.xx.fbcdn.net/safe_image.php?d=AQBFEJafB4ZqCAlx&w=130&h=130&url=https%3A%2F%2Fstatic01.nyt.com%2Fimages%2F2017%2F05%2F03%2Fus%2F03sterling%2F03sterling-facebookJumbo.jpg&cfs=1&_nc_hash=AQDWW8rksZZsckaV","username":"KristinaBehrHost","link":"https://www.nytimes.com/2017/05/02/us/alton-sterling-justice-department.html?_r=0","timeQuantum":4979356,"title":"Officers Won’t Be Charged in Black Man’s Shooting Death in Louisiana","type":"link"},{"content":"Will he, or won't he?? We'll have the latest details on his announcement about the race for NJ Governor.. News 12 New Jersey","profileString":"facebook_page.387118754690101","postURL":"https://facebook.com/387118754690101/posts/1261926150542686","avatar":"https://graph.facebook.com/387118754690101/picture","classification":{"engine":"aylien","language":"en","taxonomy":[{"score":"0.4471","confident":false,"links":[{"link":"https://api.aylien.com/api/v1/classify/taxonomy/iab-qag/IAB12-3","rel":"self"},{"link":"https://api.aylien.com/api/v1/classify/taxonomy/iab-qag/IAB12","rel":"parent"}],"id":"IAB12-3","label":"Local News"},{"score":"0.1149","confident":true,"links":[{"link":"https://api.aylien.com/api/v1/classify/taxonomy/iab-qag/IAB17-30","rel":"self"},{"link":"https://api.aylien.com/api/v1/classify/taxonomy/iab-qag/IAB17","rel":"parent"}],"id":"IAB17-30","label":"Running/Jogging"},{"score":"0.0830","confident":true,"links":[{"link":"https://api.aylien.com/api/v1/classify/taxonomy/iab-qag/IAB17","rel":"self"}],"id":"IAB17","label":"Sports"},{"score":"0.0746","confident":false,"links":[{"link":"https://api.aylien.com/api/v1/classify/taxonomy/iab-qag/IAB12","rel":"self"}],"id":"IAB12","label":"News"}]},"postidString":"facebook_page.387118754690101_1261926150542686","postMeta":{"inserted":"content-engine"},"timestamp":1493813236,"sharesRcvd":0,"likesRcvd":5,"source":"facebook_page","lastUpdateQuantum":4983937,"name":"Kristina Behr","imageLarge":"https://external.xx.fbcdn.net/safe_image.php?d=AQCLYUSSEDnDXIMT&url=http%3A%2F%2Fcdn.news12.com%2Fpolopoly_fs%2F1.13282847.1489798824%21%2FhttpImage%2Fimage.jpg_gen%2Fderivatives%2Flandscape_768%2Fimage.jpg&_nc_hash=AQAjfly6NUBcG2jy","repliesRcvd":1,"image":"https://external.xx.fbcdn.net/safe_image.php?d=AQCsvMZYP8SDL2pg&w=130&h=130&url=http%3A%2F%2Fcdn.news12.com%2Fpolopoly_fs%2F1.13282847.1489798824%21%2FhttpImage%2Fimage.jpg_gen%2Fderivatives%2Flandscape_768%2Fimage.jpg&cfs=1&sx=107&sy=0&sw=431&sh=431&_nc_hash=AQC-WqmbhtYLBmL8","username":"KristinaBehrHost","link":"http://newjersey.news12.com/news/snl-alumnus-joe-piscopo-to-make-announcement-about-nj-governor-race-1.13558322","timeQuantum":4979377,"title":"SNL alumnus Joe Piscopo to make announcement about NJ governor race","type":"link"},{"content":"For this gal who is 5'10,\" this is terrible news! 😖","profileString":"facebook_page.387118754690101","postURL":"https://facebook.com/387118754690101/posts/1262142673854367","avatar":"https://graph.facebook.com/387118754690101/picture","classification":{"engine":"aylien","language":"en","taxonomy":[{"score":"0.4557","confident":false,"links":[{"link":"https://api.aylien.com/api/v1/classify/taxonomy/iab-qag/IAB12-3","rel":"self"},{"link":"https://api.aylien.com/api/v1/classify/taxonomy/iab-qag/IAB12","rel":"parent"}],"id":"IAB12-3","label":"Local News"},{"score":"0.1071","confident":true,"links":[{"link":"https://api.aylien.com/api/v1/classify/taxonomy/iab-qag/IAB20-7","rel":"self"},{"link":"https://api.aylien.com/api/v1/classify/taxonomy/iab-qag/IAB20","rel":"parent"}],"id":"IAB20-7","label":"Business Travel"},{"score":"0.0964","confident":true,"links":[{"link":"https://api.aylien.com/api/v1/classify/taxonomy/iab-qag/IAB20","rel":"self"}],"id":"IAB20","label":"Travel"},{"score":"0.0787","confident":true,"links":[{"link":"https://api.aylien.com/api/v1/classify/taxonomy/iab-qag/IAB12","rel":"self"}],"id":"IAB12","label":"News"}]},"postidString":"facebook_page.387118754690101_1262142673854367","postMeta":{"inserted":"content-engine"},"timestamp":1493829572,"sharesRcvd":1,"likesRcvd":17,"source":"facebook_page","lastUpdateQuantum":4983937,"name":"Kristina Behr","imageLarge":"https://external.xx.fbcdn.net/safe_image.php?d=AQDS7oAGATRHFZAT&url=http%3A%2F%2Fassets.nydailynews.com%2Fpolopoly_fs%2F1.3133626.1493822807%21%2Fimg%2FhttpImage%2Fimage.jpg_gen%2Fderivatives%2Flandscape_1200%2Fearns-american-airlines.jpg&_nc_hash=AQAXyzmX3Hb93NSI","repliesRcvd":3,"image":"https://external.xx.fbcdn.net/safe_image.php?d=AQBLIpVXVSs5SUpK&w=130&h=130&url=http%3A%2F%2Fassets.nydailynews.com%2Fpolopoly_fs%2F1.3133626.1493822807%21%2Fimg%2FhttpImage%2Fimage.jpg_gen%2Fderivatives%2Flandscape_1200%2Fearns-american-airlines.jpg&cfs=1&_nc_hash=AQCvJh0utg4pPb_K","username":"KristinaBehrHost","link":"http://www.nydailynews.com/news/national/american-airlines-cutting-legroom-economy-class-article-1.3133627","timeQuantum":4979431,"title":"American Airlines cutting legroom in economy class","type":"link"},{"content":"The force is strong with this one..#MayThe4Th","profileString":"facebook_page.387118754690101","postURL":"https://facebook.com/387118754690101/posts/1263034550431846","avatar":"https://graph.facebook.com/387118754690101/picture","classification":{"engine":"aylien","language":"en","taxonomy":[{"score":"0.0883","confident":true,"links":[{"link":"https://api.aylien.com/api/v1/classify/taxonomy/iab-qag/IAB9","rel":"self"}],"id":"IAB9","label":"Hobbies & Interests"},{"score":"0.0604","confident":false,"links":[{"link":"https://api.aylien.com/api/v1/classify/taxonomy/iab-qag/IAB9-23","rel":"self"},{"link":"https://api.aylien.com/api/v1/classify/taxonomy/iab-qag/IAB9","rel":"parent"}],"id":"IAB9-23","label":"Photography"}]},"postidString":"facebook_page.387118754690101_1263034550431846","postMeta":{"inserted":"content-engine"},"timestamp":1493920749,"sharesRcvd":0,"likesRcvd":16,"source":"facebook_page","lastUpdateQuantum":4983937,"name":"Kristina Behr","imageLarge":"https://scontent.xx.fbcdn.net/v/t1.0-9/s720x720/18222389_1263034550431846_4918585837977954939_n.jpg?oh=f615af9e9eb4d197d301b90aa7c17668&oe=59C09791","objectID":"1263034550431846","repliesRcvd":0,"image":"https://scontent.xx.fbcdn.net/v/t1.0-0/s130x130/18222389_1263034550431846_4918585837977954939_n.jpg?oh=23838ed1e5e8f25294c1df056be93e05&oe=597FD484","username":"KristinaBehrHost","link":"https://www.facebook.com/KristinaBehrHost/photos/a.394145863987390.90054.387118754690101/1263034550431846/?type=3","timeQuantum":4979735,"title":"Timeline Photos","type":"photo"},{"content":"If this passes thru the Senate, here's a breakdown of what is included or should I say, not included... 😲😲","profileString":"facebook_page.387118754690101","postURL":"https://facebook.com/387118754690101/posts/1263697923698842","avatar":"https://graph.facebook.com/387118754690101/picture","classification":{"engine":"aylien","language":"en","taxonomy":[{"score":"0.3509","confident":true,"links":[{"link":"https://api.aylien.com/api/v1/classify/taxonomy/iab-qag/IAB7","rel":"self"}],"id":"IAB7","label":"Health & Fitness"},{"score":"0.3180","confident":true,"links":[{"link":"https://api.aylien.com/api/v1/classify/taxonomy/iab-qag/IAB7-42","rel":"self"},{"link":"https://api.aylien.com/api/v1/classify/taxonomy/iab-qag/IAB7","rel":"parent"}],"id":"IAB7-42","label":"Substance Abuse"}]},"postidString":"facebook_page.387118754690101_1263697923698842","postMeta":{"inserted":"content-engine"},"timestamp":1493992808,"sharesRcvd":3,"likesRcvd":8,"source":"facebook_page","lastUpdateQuantum":4983937,"name":"Kristina Behr","imageLarge":"https://external.xx.fbcdn.net/safe_image.php?d=AQALcmB5TIYBRvvL&url=http%3A%2F%2Fimg.huffingtonpost.com%2Fasset%2F1910_1000%2F590b76551400008b031a6954.jpeg%3Fcache%3Dbiquwkizls&_nc_hash=AQBKglLA9qqkDSBx","repliesRcvd":0,"image":"https://external.xx.fbcdn.net/safe_image.php?d=AQDxUmurJywCik0q&w=130&h=130&url=http%3A%2F%2Fimg.huffingtonpost.com%2Fasset%2F1910_1000%2F590b76551400008b031a6954.jpeg%3Fcache%3Dbiquwkizls&cfs=1&sx=474&sy=0&sw=1000&sh=1000&_nc_hash=AQCAaUN7dqbugqPm","username":"KristinaBehrHost","link":"http://m.huffpost.com/us/entry/us_590b75b3e4b0e7021e95a5a8?ncid=engmodushpmg00000004","timeQuantum":4979976,"title":"This Is What's In The Health Care Bill House Republicans Just Passed","type":"link"},{"content":"A PIX reunion for Andrew Ramos awesome wedding! So much fun!!","profileString":"facebook_page.387118754690101","postURL":"https://facebook.com/387118754690101/posts/1264258140309487","avatar":"https://graph.facebook.com/387118754690101/picture","classification":{"engine":"aylien","language":"en","taxonomy":[{"score":"0.4351","confident":true,"links":[{"link":"https://api.aylien.com/api/v1/classify/taxonomy/iab-qag/IAB14-7","rel":"self"},{"link":"https://api.aylien.com/api/v1/classify/taxonomy/iab-qag/IAB14","rel":"parent"}],"id":"IAB14-7","label":"Weddings"},{"score":"0.0940","confident":true,"links":[{"link":"https://api.aylien.com/api/v1/classify/taxonomy/iab-qag/IAB14","rel":"self"}],"id":"IAB14","label":"Society"},{"score":"0.0794","confident":true,"links":[{"link":"https://api.aylien.com/api/v1/classify/taxonomy/iab-qag/IAB9","rel":"self"}],"id":"IAB9","label":"Hobbies & Interests"},{"score":"0.0707","confident":false,"links":[{"link":"https://api.aylien.com/api/v1/classify/taxonomy/iab-qag/IAB9-23","rel":"self"},{"link":"https://api.aylien.com/api/v1/classify/taxonomy/iab-qag/IAB9","rel":"parent"}],"id":"IAB9-23","label":"Photography"}]},"postidString":"facebook_page.387118754690101_1264257680309533","postMeta":{"inserted":"content-engine"},"timestamp":1494045642,"sharesRcvd":0,"likesRcvd":22,"source":"facebook_page","lastUpdateQuantum":4983937,"name":"Kristina Behr","imageLarge":"https://scontent.xx.fbcdn.net/v/t1.0-0/p180x540/18342645_1264257680309533_48211730477824075_n.jpg?oh=7e8d8024b9e834e3c610cfd7ae04f9e2&oe=59837481","originalID":"387118754690101_1264258140309487","objectID":"1264257680309533","repliesRcvd":2,"image":"https://scontent.xx.fbcdn.net/v/t1.0-0/s130x130/18342645_1264257680309533_48211730477824075_n.jpg?oh=5a0dee25ac20662b4537f85a906b83b1&oe=59B8CFD2","username":"KristinaBehrHost","link":"https://www.facebook.com/KristinaBehrHost/photos/a.565813800153928.1073741825.387118754690101/1264257680309533/?type=3","timeQuantum":4980152,"title":"Photos from Kristina Behr's post","type":"photo"},{"content":"A certain someone has had a rough weekend...another just wants to play 😂😂😂😂","profileString":"facebook_page.387118754690101","postURL":"https://facebook.com/387118754690101/posts/1265757700159531","avatar":"https://graph.facebook.com/387118754690101/picture","classification":{"engine":"aylien","language":"en","taxonomy":[{"score":"0.1095","confident":true,"links":[{"link":"https://api.aylien.com/api/v1/classify/taxonomy/iab-qag/IAB9","rel":"self"}],"id":"IAB9","label":"Hobbies & Interests"},{"score":"0.0547","confident":false,"links":[{"link":"https://api.aylien.com/api/v1/classify/taxonomy/iab-qag/IAB9-23","rel":"self"},{"link":"https://api.aylien.com/api/v1/classify/taxonomy/iab-qag/IAB9","rel":"parent"}],"id":"IAB9-23","label":"Photography"}]},"postidString":"facebook_page.387118754690101_1265757700159531","postMeta":{"inserted":"content-engine"},"timestamp":1494187876,"sharesRcvd":0,"likesRcvd":18,"source":"facebook_page","lastUpdateQuantum":4984342,"name":"Kristina Behr","imageLarge":"https://scontent.xx.fbcdn.net/v/t1.0-0/p180x540/18403517_1265757700159531_5934719677558890595_n.jpg?oh=61b79db68eb106109e3ee846ba94f178&oe=59BF7D26","objectID":"1265757700159531","repliesRcvd":0,"image":"https://scontent.xx.fbcdn.net/v/t1.0-0/s130x130/18403517_1265757700159531_5934719677558890595_n.jpg?oh=4d62040f94cbdf3876f835e668c22624&oe=59B1C15A","username":"KristinaBehrHost","link":"https://www.facebook.com/KristinaBehrHost/photos/a.394145863987390.90054.387118754690101/1265757700159531/?type=3","timeQuantum":4980626,"title":"Timeline Photos","type":"photo"},{"content":"Yup!","profileString":"facebook_page.387118754690101","postURL":"https://facebook.com/387118754690101/posts/1266258626776105","avatar":"https://graph.facebook.com/387118754690101/picture","classification":{"engine":"aylien","language":"en","taxonomy":[{"score":0,"label":"News","categoryId":"INSERTED"}]},"postidString":"facebook_page.387118754690101_1266258626776105","postMeta":{"inserted":"content-engine"},"timestamp":1494242598,"sharesRcvd":7,"likesRcvd":22,"source":"facebook_page","lastUpdateQuantum":4984342,"name":"Kristina Behr","imageLarge":"https://external.xx.fbcdn.net/safe_image.php?d=AQBnxNsgKPyqVpmA&url=https%3A%2F%2Fmedia.giphy.com%2Fmedia%2Fhu3Z1fwuOZh3a%2Fgiphy.gif&_nc_hash=AQA1M1LmaRMf1EU_","repliesRcvd":2,"image":"https://external.xx.fbcdn.net/safe_image.php?d=AQBnxNsgKPyqVpmA&url=https%3A%2F%2Fmedia.giphy.com%2Fmedia%2Fhu3Z1fwuOZh3a%2Fgiphy.gif&_nc_hash=AQA1M1LmaRMf1EU_","username":"KristinaBehrHost","link":"https://media.giphy.com/media/hu3Z1fwuOZh3a/giphy.gif","timeQuantum":4980808,"title":"media.giphy.com","type":"link"},{"content":"This story makes me physically ill. For 12 hours, this kid lay dying, and no one helped him.","profileString":"facebook_page.387118754690101","postURL":"https://facebook.com/387118754690101/posts/1266397616762206","avatar":"https://graph.facebook.com/387118754690101/picture","classification":{"engine":"aylien","language":"en","taxonomy":[{"score":"0.2608","confident":false,"links":[{"link":"https://api.aylien.com/api/v1/classify/taxonomy/iab-qag/IAB10-4","rel":"self"},{"link":"https://api.aylien.com/api/v1/classify/taxonomy/iab-qag/IAB10","rel":"parent"}],"id":"IAB10-4","label":"Gardening"},{"score":"0.2168","confident":false,"links":[{"link":"https://api.aylien.com/api/v1/classify/taxonomy/iab-qag/IAB25-3","rel":"self"},{"link":"https://api.aylien.com/api/v1/classify/taxonomy/iab-qag/IAB25","rel":"parent"}],"id":"IAB25-3","label":"Pornography"},{"score":"0.1180","confident":false,"links":[{"link":"https://api.aylien.com/api/v1/classify/taxonomy/iab-qag/IAB8-5","rel":"self"},{"link":"https://api.aylien.com/api/v1/classify/taxonomy/iab-qag/IAB8","rel":"parent"}],"id":"IAB8-5","label":"Cocktails/Beer"},{"score":"0.0695","confident":false,"links":[{"link":"https://api.aylien.com/api/v1/classify/taxonomy/iab-qag/IAB25","rel":"self"}],"id":"IAB25","label":"Non-Standard Content"},{"score":"0.0578","confident":false,"links":[{"link":"https://api.aylien.com/api/v1/classify/taxonomy/iab-qag/IAB10","rel":"self"}],"id":"IAB10","label":"Home & Garden"},{"score":"0.0566","confident":false,"links":[{"link":"https://api.aylien.com/api/v1/classify/taxonomy/iab-qag/IAB8","rel":"self"}],"id":"IAB8","label":"Food & Drink"}]},"postidString":"facebook_page.387118754690101_1266397616762206","postMeta":{"inserted":"content-engine"},"timestamp":1494254820,"sharesRcvd":0,"likesRcvd":12,"source":"facebook_page","lastUpdateQuantum":4984342,"name":"Kristina Behr","imageLarge":"https://external.xx.fbcdn.net/safe_image.php?d=AQAZo9VZyZSgFulc&url=https%3A%2F%2Fimg.washingtonpost.com%2Frf%2Fimage_1484w%2F2010-2019%2FWires%2FImages%2F2017-05-06%2FAP%2FFraternity_House_Deadly_Fall_15790-25eeb.jpg&_nc_hash=AQBQZTVFyM6Kx2DC","repliesRcvd":3,"image":"https://external.xx.fbcdn.net/safe_image.php?d=AQAMrhaU8VuOTyKP&w=130&h=130&url=https%3A%2F%2Fimg.washingtonpost.com%2Frf%2Fimage_1484w%2F2010-2019%2FWires%2FImages%2F2017-05-06%2FAP%2FFraternity_House_Deadly_Fall_15790-25eeb.jpg&cfs=1&sx=250&sy=0&sw=937&sh=937&_nc_hash=AQB0DFGH-CwZtM3W","username":"KristinaBehrHost","link":"https://www.washingtonpost.com/news/grade-point/wp/2017/05/07/penn-state-student-said-frat-brothers-ignored-pleas-to-help-classmate-who-died-after-hazing/?utm_term=.8c583f80389d","timeQuantum":4980849,"title":"Penn State student said frat brothers ignored pleas to help classmate who died after hazing","type":"link"},{"content":"Hmmmmm....","profileString":"facebook_page.387118754690101","postURL":"https://facebook.com/387118754690101/posts/1267252483343386","avatar":"https://graph.facebook.com/387118754690101/picture","classification":{"engine":"aylien","language":"en","taxonomy":[{"score":"0.1816","confident":true,"links":[{"link":"https://api.aylien.com/api/v1/classify/taxonomy/iab-qag/IAB8-8","rel":"self"},{"link":"https://api.aylien.com/api/v1/classify/taxonomy/iab-qag/IAB8","rel":"parent"}],"id":"IAB8-8","label":"Desserts & Baking"},{"score":"0.1429","confident":true,"links":[{"link":"https://api.aylien.com/api/v1/classify/taxonomy/iab-qag/IAB8","rel":"self"}],"id":"IAB8","label":"Food & Drink"}]},"postidString":"facebook_page.387118754690101_1267252483343386","postMeta":{"inserted":"content-engine"},"timestamp":1494338632,"sharesRcvd":0,"likesRcvd":8,"source":"facebook_page","lastUpdateQuantum":4984342,"name":"Kristina Behr","imageLarge":"https://external.xx.fbcdn.net/safe_image.php?d=AQBTvQmdKaSiMz7D&url=https%3A%2F%2Fwww.gannett-cdn.com%2F-mm-%2F9d4297c4c89a95e6d7c5d0b60031e4b7dc8b4028%2Fc%3D0-1109-5100-3990%26r%3Dx1683%26c%3D3200x1680%2Flocal%2F-%2Fmedia%2F2017%2F05%2F09%2FUSATODAY%2FUSATODAY%2F636298910755831488-050917oreo-cookie.jpg&_nc_hash=AQCMszJUyTDgJNJs","repliesRcvd":1,"image":"https://external.xx.fbcdn.net/safe_image.php?d=AQDdFwlqU4t0wTKc&w=130&h=130&url=https%3A%2F%2Fwww.gannett-cdn.com%2F-mm-%2F9d4297c4c89a95e6d7c5d0b60031e4b7dc8b4028%2Fc%3D0-1109-5100-3990%26r%3Dx1683%26c%3D3200x1680%2Flocal%2F-%2Fmedia%2F2017%2F05%2F09%2FUSATODAY%2FUSATODAY%2F636298910755831488-050917oreo-cookie.jpg&cfs=1&_nc_hash=AQBFriulFqThRAj1","username":"KristinaBehrHost","link":"https://www.usatoday.com/story/money/nation-now/2017/05/09/new-oreo-flavor/313895001/","timeQuantum":4981128,"title":"Oreo debuts new flavor, offers $500K for next cookie","type":"link"},{"content":"So he finds out while giving a speech in Los Angeles, while breaking news played out on the monitors behind him. Are we sure this isn't an episode of House of Cards? 😮😮😮 #Comey","profileString":"facebook_page.387118754690101","postURL":"https://facebook.com/387118754690101/posts/1267645413304093","avatar":"https://graph.facebook.com/387118754690101/picture","classification":{"engine":"aylien","language":"en","taxonomy":[{"score":"0.2802","confident":false,"links":[{"link":"https://api.aylien.com/api/v1/classify/taxonomy/iab-qag/IAB11-4","rel":"self"},{"link":"https://api.aylien.com/api/v1/classify/taxonomy/iab-qag/IAB11","rel":"parent"}],"id":"IAB11-4","label":"Politics"},{"score":"0.1417","confident":true,"links":[{"link":"https://api.aylien.com/api/v1/classify/taxonomy/iab-qag/IAB11","rel":"self"}],"id":"IAB11","label":"Law, Gov’t & Politics"}]},"postidString":"facebook_page.387118754690101_1267645413304093","postMeta":{"inserted":"content-engine"},"timestamp":1494377294,"sharesRcvd":1,"likesRcvd":20,"source":"facebook_page","lastUpdateQuantum":4981453,"name":"Kristina Behr","imageLarge":"https://external.xx.fbcdn.net/safe_image.php?d=AQAPMzIu7GImbueH&url=https%3A%2F%2Fstatic01.nyt.com%2Fimages%2F2017%2F05%2F09%2Fus%2Fpolitics%2Fimage-White-House-Fires-James-Comey%2Fimage-White-House-Fires-James-Comey-facebookJumbo-v5.png&_nc_hash=AQD2ythmkUj-mQEK","repliesRcvd":3,"image":"https://external.xx.fbcdn.net/safe_image.php?d=AQDQi0Ksy94kSYKV&w=130&h=130&url=https%3A%2F%2Fstatic01.nyt.com%2Fimages%2F2017%2F05%2F09%2Fus%2Fpolitics%2Fimage-White-House-Fires-James-Comey%2Fimage-White-House-Fires-James-Comey-facebookJumbo-v5.png&cfs=1&_nc_hash=AQDwH_6cgChkXDIw","username":"KristinaBehrHost","link":"https://mobile.nytimes.com/2017/05/09/us/politics/comey-trump-fbi-live.html?smid=tw-nytpolitics&smtyp=cur&_r=0&referer=https%3A%2F%2Ft.co%2Fcy1VYUKHJZ","timeQuantum":4981257,"title":"Live Updates and Reactions to F.B.I. Director Comey’s Firing","type":"link"},{"content":"There's a saying my parents passed down to me, as I grew up in a TV family-- \"you're only as good as your crew.\" I get wanting a little bit of privacy, esp. if people are ambushing him to get autographs in his dressing room or whatever, but how do you complain about your crew wanting to communicate??","profileString":"facebook_page.387118754690101","postURL":"https://facebook.com/387118754690101/posts/1269281829807118","avatar":"https://graph.facebook.com/387118754690101/picture","classification":{"engine":"aylien","language":"en","taxonomy":[{"score":"0.2574","confident":false,"links":[{"link":"https://api.aylien.com/api/v1/classify/taxonomy/iab-qag/IAB1-7","rel":"self"},{"link":"https://api.aylien.com/api/v1/classify/taxonomy/iab-qag/IAB1","rel":"parent"}],"id":"IAB1-7","label":"Television"},{"score":"0.0788","confident":true,"links":[{"link":"https://api.aylien.com/api/v1/classify/taxonomy/iab-qag/IAB1","rel":"self"}],"id":"IAB1","label":"Arts & Entertainment"}]},"postidString":"facebook_page.387118754690101_1269281829807118","postMeta":{"inserted":"content-engine"},"timestamp":1494548762,"sharesRcvd":0,"likesRcvd":17,"source":"facebook_page","lastUpdateQuantum":4984342,"name":"Kristina Behr","imageLarge":"https://external.xx.fbcdn.net/safe_image.php?d=AQDJq7v6nax2HOF8&url=http%3A%2F%2Fwww.robertfeder.com%2Fwp-content%2Fuploads%2F2017%2F05%2FSteve-Harvey-1-1024x615.jpg&_nc_hash=AQA8buI_cFk4GxcQ","repliesRcvd":3,"image":"https://external.xx.fbcdn.net/safe_image.php?d=AQCSwF4C7pgyq3-K&w=130&h=130&url=http%3A%2F%2Fwww.robertfeder.com%2Fwp-content%2Fuploads%2F2017%2F05%2FSteve-Harvey-1-1024x615.jpg&cfs=1&sx=86&sy=0&sw=615&sh=615&_nc_hash=AQCJ1Fq-5zQ1kkqh","username":"KristinaBehrHost","link":"http://www.robertfeder.com/2017/05/10/not-everyones-sorry-see-steve-harvey-leave-town/","timeQuantum":4981829,"title":"Not everyone’s sorry to see Harvey leave town","type":"link"},{"content":"😂😂😂😂","profileString":"facebook_page.387118754690101","postURL":"https://facebook.com/387118754690101/posts/1269929676409000","avatar":"https://graph.facebook.com/387118754690101/picture","classification":{"engine":"aylien","language":"en","taxonomy":[{"score":"0.6186","confident":false,"links":[{"link":"https://api.aylien.com/api/v1/classify/taxonomy/iab-qag/IAB12-1","rel":"self"},{"link":"https://api.aylien.com/api/v1/classify/taxonomy/iab-qag/IAB12","rel":"parent"}],"id":"IAB12-1","label":"International News"},{"score":"0.1115","confident":true,"links":[{"link":"https://api.aylien.com/api/v1/classify/taxonomy/iab-qag/IAB12","rel":"self"}],"id":"IAB12","label":"News"}]},"postidString":"facebook_page.387118754690101_1269929676409000","postMeta":{"inserted":"content-engine"},"timestamp":1494615551,"sharesRcvd":0,"likesRcvd":22,"source":"facebook_page","lastUpdateQuantum":4984342,"name":"Kristina Behr","imageLarge":"https://scontent.xx.fbcdn.net/v/t15.0-10/p720x720/18494106_10156604483411509_4068605133473185792_n.jpg?oh=47292992e4092f0edb22864e2964f612&oe=597C319B","repliesRcvd":2,"image":"https://scontent.xx.fbcdn.net/v/t15.0-10/p130x130/18494106_10156604483411509_4068605133473185792_n.jpg?oh=c97d8faceaf7bfd4c3100b8dc5c82352&oe=59AEC769","username":"KristinaBehrHost","link":"https://www.facebook.com/cnn/videos/10156604446806509/","timeQuantum":4982051,"video":"https://video.xx.fbcdn.net/v/t42.1790-2/18454858_789894781180579_3198714895566635008_n.mp4?efg=eyJybHIiOjgxNSwicmxhIjo1MTIsInZlbmNvZGVfdGFnIjoic3ZlX3NkIn0%3D&rl=815&vabr=453&oh=fe04fbbf37c14838735d4e3ed02bac64&oe=59188DF0","title":"CNN","type":"video"},{"content":"Already up and at 'em on #News12 this am.. but this is goals for this horribly rainy Saturday!","profileString":"facebook_page.387118754690101","postURL":"https://facebook.com/387118754690101/posts/1270442739691027","avatar":"https://graph.facebook.com/387118754690101/picture","classification":{"engine":"aylien","language":"en","taxonomy":[{"score":0,"label":"News","categoryId":"INSERTED"}]},"postidString":"facebook_page.387118754690101_1270442739691027","postMeta":{"inserted":"content-engine"},"timestamp":1494675529,"sharesRcvd":0,"likesRcvd":8,"source":"facebook_page","lastUpdateQuantum":4984342,"name":"Kristina Behr","imageLarge":"https://external.xx.fbcdn.net/safe_image.php?d=AQDoy-kAjJIJEXVq&url=https%3A%2F%2Fmedia.giphy.com%2Fmedia%2FazUBCBFSCyNgc%2Fgiphy.gif&_nc_hash=AQArIDSKgP3CFABV","repliesRcvd":0,"image":"https://external.xx.fbcdn.net/safe_image.php?d=AQDoy-kAjJIJEXVq&url=https%3A%2F%2Fmedia.giphy.com%2Fmedia%2FazUBCBFSCyNgc%2Fgiphy.gif&_nc_hash=AQArIDSKgP3CFABV","username":"KristinaBehrHost","link":"https://media.giphy.com/media/azUBCBFSCyNgc/giphy.gif","timeQuantum":4982251,"title":"media.giphy.com","type":"link"},{"content":"Being attacked by butterflies in the newsroom! Snapchat fun on this rainy Saturday.. 😂😂 🦋","profileString":"facebook_page.387118754690101","postURL":"https://facebook.com/387118754690101/posts/1270527736349194","avatar":"https://graph.facebook.com/387118754690101/picture","classification":{"engine":"aylien","language":"en","taxonomy":[{"score":"0.0787","confident":true,"links":[{"link":"https://api.aylien.com/api/v1/classify/taxonomy/iab-qag/IAB9","rel":"self"}],"id":"IAB9","label":"Hobbies & Interests"},{"score":"0.0511","confident":false,"links":[{"link":"https://api.aylien.com/api/v1/classify/taxonomy/iab-qag/IAB9-23","rel":"self"},{"link":"https://api.aylien.com/api/v1/classify/taxonomy/iab-qag/IAB9","rel":"parent"}],"id":"IAB9-23","label":"Photography"}]},"postidString":"facebook_page.387118754690101_1270527736349194","postMeta":{"inserted":"content-engine"},"timestamp":1494683072,"sharesRcvd":0,"likesRcvd":74,"source":"facebook_page","lastUpdateQuantum":4984342,"name":"Kristina Behr","imageLarge":"https://scontent.xx.fbcdn.net/v/t1.0-9/s720x720/18403009_1270527736349194_4241721205466271739_n.jpg?oh=a540885240159fa4645412ce0bd84492&oe=5976B215","objectID":"1270527736349194","repliesRcvd":7,"image":"https://scontent.xx.fbcdn.net/v/t1.0-0/s130x130/18403009_1270527736349194_4241721205466271739_n.jpg?oh=b477cc447746a61b4afd9eaa61e16a61&oe=597A6900","username":"KristinaBehrHost","link":"https://www.facebook.com/KristinaBehrHost/photos/a.394145863987390.90054.387118754690101/1270527736349194/?type=3","timeQuantum":4982276,"title":"Timeline Photos","type":"photo"},{"content":"Happy Mother's Day, to the best one! 🌺","profileString":"facebook_page.387118754690101","postURL":"https://facebook.com/387118754690101/posts/1271174832951151","avatar":"https://graph.facebook.com/387118754690101/picture","classification":{"engine":"aylien","language":"en","taxonomy":[{"score":"0.2804","confident":false,"links":[{"link":"https://api.aylien.com/api/v1/classify/taxonomy/iab-qag/IAB1-2","rel":"self"},{"link":"https://api.aylien.com/api/v1/classify/taxonomy/iab-qag/IAB1","rel":"parent"}],"id":"IAB1-2","label":"Celebrity Fan/Gossip"},{"score":"0.2579","confident":false,"links":[{"link":"https://api.aylien.com/api/v1/classify/taxonomy/iab-qag/IAB14-7","rel":"self"},{"link":"https://api.aylien.com/api/v1/classify/taxonomy/iab-qag/IAB14","rel":"parent"}],"id":"IAB14-7","label":"Weddings"},{"score":"0.0709","confident":false,"links":[{"link":"https://api.aylien.com/api/v1/classify/taxonomy/iab-qag/IAB9","rel":"self"}],"id":"IAB9","label":"Hobbies & Interests"},{"score":"0.0665","confident":false,"links":[{"link":"https://api.aylien.com/api/v1/classify/taxonomy/iab-qag/IAB9-23","rel":"self"},{"link":"https://api.aylien.com/api/v1/classify/taxonomy/iab-qag/IAB9","rel":"parent"}],"id":"IAB9-23","label":"Photography"},{"score":"0.0641","confident":false,"links":[{"link":"https://api.aylien.com/api/v1/classify/taxonomy/iab-qag/IAB14","rel":"self"}],"id":"IAB14","label":"Society"},{"score":"0.0635","confident":false,"links":[{"link":"https://api.aylien.com/api/v1/classify/taxonomy/iab-qag/IAB1","rel":"self"}],"id":"IAB1","label":"Arts & Entertainment"}]},"postidString":"facebook_page.387118754690101_1271174832951151","postMeta":{"inserted":"content-engine"},"timestamp":1494750730,"sharesRcvd":0,"likesRcvd":53,"source":"facebook_page","lastUpdateQuantum":4984423,"name":"Kristina Behr","imageLarge":"https://scontent.xx.fbcdn.net/v/t1.0-9/p720x720/18446909_1271174832951151_8820566877971537998_n.jpg?oh=105b40524182ab882e8299b37898cfc7&oe=59B23C42","objectID":"1271174832951151","repliesRcvd":4,"image":"https://scontent.xx.fbcdn.net/v/t1.0-0/p130x130/18446909_1271174832951151_8820566877971537998_n.jpg?oh=fafa1ef6468b9945406aed046d7c8753&oe=59761A57","username":"KristinaBehrHost","link":"https://www.facebook.com/KristinaBehrHost/photos/a.394145863987390.90054.387118754690101/1271174832951151/?type=3","timeQuantum":4982502,"title":"Timeline Photos","type":"photo"},{"content":"Look who's hangin with me this Sunday! A James Gregorio sighting!","profileString":"facebook_page.387118754690101","postURL":"https://facebook.com/387118754690101/posts/1271240326277935","avatar":"https://graph.facebook.com/387118754690101/picture","classification":{"engine":"aylien","language":"en","taxonomy":[{"score":"0.0741","confident":false,"links":[{"link":"https://api.aylien.com/api/v1/classify/taxonomy/iab-qag/IAB9","rel":"self"}],"id":"IAB9","label":"Hobbies & Interests"},{"score":"0.0644","confident":false,"links":[{"link":"https://api.aylien.com/api/v1/classify/taxonomy/iab-qag/IAB17","rel":"self"}],"id":"IAB17","label":"Sports"},{"score":"0.0616","confident":false,"links":[{"link":"https://api.aylien.com/api/v1/classify/taxonomy/iab-qag/IAB9-23","rel":"self"},{"link":"https://api.aylien.com/api/v1/classify/taxonomy/iab-qag/IAB9","rel":"parent"}],"id":"IAB9-23","label":"Photography"},{"score":"0.0421","confident":false,"links":[{"link":"https://api.aylien.com/api/v1/classify/taxonomy/iab-qag/IAB17-43","rel":"self"},{"link":"https://api.aylien.com/api/v1/classify/taxonomy/iab-qag/IAB17","rel":"parent"}],"id":"IAB17-43","label":"Waterski/Wakeboard"}]},"postidString":"facebook_page.387118754690101_1271240326277935","postMeta":{"inserted":"content-engine"},"timestamp":1494757545,"sharesRcvd":0,"likesRcvd":33,"source":"facebook_page","lastUpdateQuantum":4984423,"name":"Kristina Behr","imageLarge":"https://scontent.xx.fbcdn.net/v/t1.0-0/p180x540/18485667_1271240326277935_4720745395030515193_n.jpg?oh=0e51bc915061e6539af801cbbef160b8&oe=5979511F","objectID":"1271240326277935","repliesRcvd":5,"image":"https://scontent.xx.fbcdn.net/v/t1.0-0/s130x130/18485667_1271240326277935_4720745395030515193_n.jpg?oh=41a0f7873ae965f1ead7f1ecec171f34&oe=59B02263","username":"KristinaBehrHost","link":"https://www.facebook.com/KristinaBehrHost/photos/a.394145863987390.90054.387118754690101/1271240326277935/?type=3","timeQuantum":4982525,"title":"Timeline Photos","type":"photo"},{"content":"The fact that these even had to be made is baffling to me but it's true, there is no such thing as common courtesy on mass transit.","profileString":"facebook_page.387118754690101","postURL":"https://facebook.com/387118754690101/posts/1272099339525367","avatar":"https://graph.facebook.com/387118754690101/picture","classification":{"engine":"aylien","language":"en","taxonomy":[{"score":"0.2846","confident":false,"links":[{"link":"https://api.aylien.com/api/v1/classify/taxonomy/iab-qag/IAB6-7","rel":"self"},{"link":"https://api.aylien.com/api/v1/classify/taxonomy/iab-qag/IAB6","rel":"parent"}],"id":"IAB6-7","label":"Pregnancy"},{"score":"0.0777","confident":true,"links":[{"link":"https://api.aylien.com/api/v1/classify/taxonomy/iab-qag/IAB6","rel":"self"}],"id":"IAB6","label":"Family & Parenting"}]},"postidString":"facebook_page.387118754690101_1272099339525367","postMeta":{"inserted":"content-engine"},"timestamp":1494841998,"sharesRcvd":0,"likesRcvd":6,"source":"facebook_page","lastUpdateQuantum":4984423,"name":"Kristina Behr","imageLarge":"https://external.xx.fbcdn.net/safe_image.php?d=AQATOZPqcBNszUEZ&url=http%3A%2F%2Fthenypost.files.wordpress.com%2F2017%2F05%2Fmta-button-feature.jpg%3Fquality%3D90%26strip%3Dall%26w%3D1200&_nc_hash=AQDGRyIX3whoX66W","repliesRcvd":0,"image":"https://external.xx.fbcdn.net/safe_image.php?d=AQAJASSN2SqQmfMJ&w=130&h=130&url=http%3A%2F%2Fthenypost.files.wordpress.com%2F2017%2F05%2Fmta-button-feature.jpg%3Fquality%3D90%26strip%3Dall%26w%3D1200&cfs=1&_nc_hash=AQC9RmiVZYsdpqR2","username":"KristinaBehrHost","link":"http://nypost.com/2017/05/14/this-is-the-mtas-loud-solution-for-rude-commuters/?utm_campaign=SocialFlow&utm_source=NYPTwitter&utm_medium=SocialFlow&sr_share=twitter","timeQuantum":4982806,"title":"This is the MTA’s loud solution for rude commuters","type":"link"},{"content":"I wish he was the speaker at my graduation!!! 😆😆😆😆","profileString":"facebook_page.387118754690101","postURL":"https://facebook.com/387118754690101/posts/1272336859501615","avatar":"https://graph.facebook.com/387118754690101/picture","classification":{"engine":"aylien","language":"en","taxonomy":[{"score":"0.0961","confident":true,"links":[{"link":"https://api.aylien.com/api/v1/classify/taxonomy/iab-qag/IAB9","rel":"self"}],"id":"IAB9","label":"Hobbies & Interests"},{"score":"0.0569","confident":false,"links":[{"link":"https://api.aylien.com/api/v1/classify/taxonomy/iab-qag/IAB9-13","rel":"self"},{"link":"https://api.aylien.com/api/v1/classify/taxonomy/iab-qag/IAB9","rel":"parent"}],"id":"IAB9-13","label":"Freelance Writing"}]},"postidString":"facebook_page.387118754690101_1272336859501615","postMeta":{"inserted":"content-engine"},"timestamp":1494864719,"sharesRcvd":0,"likesRcvd":5,"source":"facebook_page","lastUpdateQuantum":4984423,"name":"Kristina Behr","imageLarge":"https://scontent.xx.fbcdn.net/v/t15.0-10/s720x720/18555428_10154707878661491_7975789904015654912_n.jpg?oh=ce0f980343677c4b9e84920b78ba6eb7&oe=59C1E3A3","repliesRcvd":1,"image":"https://scontent.xx.fbcdn.net/v/t15.0-10/s130x130/18555428_10154707878661491_7975789904015654912_n.jpg?oh=19a8b855a086a3fd8dadf4d84a7c26fc&oe=59BDC951","username":"KristinaBehrHost","link":"https://www.facebook.com/time/videos/10154707874901491/","timeQuantum":4982882,"video":"https://video.xx.fbcdn.net/v/t42.1790-2/18545994_643460622518137_1527584451163324416_n.mp4?efg=eyJybHIiOjMwMCwicmxhIjo1MTIsInZlbmNvZGVfdGFnIjoic3ZlX3NkIn0%3D&rl=300&vabr=146&oh=4403515a8b7627a4fc097d67306f92d3&oe=591BA98D","title":"TIME","type":"video"},{"content":"As more and more details come out, it's horrible to think that we live in an age that this can happen, and where someone can just heartlessly step over someone who is clearly in distress. The family is now raising a good point-- should fraternity and sororities even be allowed at colleges and universities?","profileString":"facebook_page.387118754690101","postURL":"https://facebook.com/387118754690101/posts/1272364329498868","avatar":"https://graph.facebook.com/387118754690101/picture","classification":{"engine":"aylien","language":"en","taxonomy":[{"score":"0.3586","confident":true,"links":[{"link":"https://api.aylien.com/api/v1/classify/taxonomy/iab-qag/IAB6-6","rel":"self"},{"link":"https://api.aylien.com/api/v1/classify/taxonomy/iab-qag/IAB6","rel":"parent"}],"id":"IAB6-6","label":"Parenting teens"},{"score":"0.2417","confident":false,"links":[{"link":"https://api.aylien.com/api/v1/classify/taxonomy/iab-qag/IAB10-4","rel":"self"},{"link":"https://api.aylien.com/api/v1/classify/taxonomy/iab-qag/IAB10","rel":"parent"}],"id":"IAB10-4","label":"Gardening"},{"score":"0.0710","confident":false,"links":[{"link":"https://api.aylien.com/api/v1/classify/taxonomy/iab-qag/IAB10","rel":"self"}],"id":"IAB10","label":"Home & Garden"},{"score":"0.0581","confident":false,"links":[{"link":"https://api.aylien.com/api/v1/classify/taxonomy/iab-qag/IAB6","rel":"self"}],"id":"IAB6","label":"Family & Parenting"}]},"postidString":"facebook_page.387118754690101_1272364329498868","postMeta":{"inserted":"content-engine"},"timestamp":1494866821,"sharesRcvd":0,"likesRcvd":8,"source":"facebook_page","lastUpdateQuantum":4984423,"name":"Kristina Behr","imageLarge":"https://external.xx.fbcdn.net/safe_image.php?d=AQBjEXNhRK58-g5s&url=fbstaging%3A%2F%2Fgraph.facebook.com%2Fstaging_resources%2FMDExMDE1NTMxMTY5Njc3OTE1MzoxNjkzNDk0NDQ%3D&_nc_hash=AQDImETqC_5hyq5C","repliesRcvd":0,"image":"https://external.xx.fbcdn.net/safe_image.php?d=AQCmgZLznYhP2vPP&w=130&h=130&url=fbstaging%3A%2F%2Fgraph.facebook.com%2Fstaging_resources%2FMDExMDE1NTMxMTY5Njc3OTE1MzoxNjkzNDk0NDQ%3D&cfs=1&sx=95&sy=0&sw=270&sh=270&_nc_hash=AQDht2t5gx5xhNut","username":"KristinaBehrHost","link":"http://newjersey.news12.com/story/35431142/penn-state-fraternity-death-family-of-nj-teen-tim-piazza-breaks-their-silence","timeQuantum":4982889,"title":"News 12 New Jersey","type":"link"},{"content":"How is it only Tuesday?!","profileString":"facebook_page.387118754690101","postURL":"https://facebook.com/387118754690101/posts/1273066662761968","avatar":"https://graph.facebook.com/387118754690101/picture","classification":{"engine":"aylien","language":"en","taxonomy":[{"score":0,"label":"News","categoryId":"INSERTED"}]},"postidString":"facebook_page.387118754690101_1273066662761968","postMeta":{"inserted":"content-engine"},"timestamp":1494929645,"sharesRcvd":0,"likesRcvd":16,"source":"facebook_page","lastUpdateQuantum":4984423,"name":"Kristina Behr","imageLarge":"https://external.xx.fbcdn.net/safe_image.php?d=AQBe_Dnvj7pc1xRy&url=https%3A%2F%2Fmedia.giphy.com%2Fmedia%2Fl1KVaj5UcbHwrBMqI%2Fgiphy.gif&_nc_hash=AQBxFNoe5IBvMYXk","repliesRcvd":1,"image":"https://external.xx.fbcdn.net/safe_image.php?d=AQBe_Dnvj7pc1xRy&url=https%3A%2F%2Fmedia.giphy.com%2Fmedia%2Fl1KVaj5UcbHwrBMqI%2Fgiphy.gif&_nc_hash=AQBxFNoe5IBvMYXk","username":"KristinaBehrHost","link":"https://media.giphy.com/media/l1KVaj5UcbHwrBMqI/giphy.gif","timeQuantum":4983098,"title":"media.giphy.com","type":"link"},{"content":"Contradicting denial from White House officials, President Trump tweets that he did give Russians info, but does not clarify if it was classified.. why lawmakers on both sides are voicing conern. Story News 12 New Jersey","profileString":"facebook_page.387118754690101","postURL":"https://facebook.com/387118754690101/posts/1273135076088460","avatar":"https://graph.facebook.com/387118754690101/picture","classification":{"engine":"aylien","language":"en","taxonomy":[{"score":"0.4092","confident":true,"links":[{"link":"https://api.aylien.com/api/v1/classify/taxonomy/iab-qag/IAB11-3","rel":"self"},{"link":"https://api.aylien.com/api/v1/classify/taxonomy/iab-qag/IAB11","rel":"parent"}],"id":"IAB11-3","label":"U.S. Government Resources"},{"score":"0.2539","confident":true,"links":[{"link":"https://api.aylien.com/api/v1/classify/taxonomy/iab-qag/IAB11","rel":"self"}],"id":"IAB11","label":"Law, Gov’t & Politics"}]},"postidString":"facebook_page.387118754690101_1273135076088460","postMeta":{"inserted":"content-engine"},"timestamp":1494937444,"sharesRcvd":0,"likesRcvd":7,"source":"facebook_page","lastUpdateQuantum":4984423,"name":"Kristina Behr","imageLarge":"https://external.xx.fbcdn.net/safe_image.php?d=AQBobzr-jeLpkpNt&url=http%3A%2F%2Fnews12nj.images.worldnow.com%2Fimages%2F13891518_G.jpg&_nc_hash=AQDg7OIIE7mm4ztg","repliesRcvd":4,"image":"https://external.xx.fbcdn.net/safe_image.php?d=AQCpHGAhQBWHhZVf&w=130&h=130&url=http%3A%2F%2Fnews12nj.images.worldnow.com%2Fimages%2F13891518_G.jpg&cfs=1&sx=130&sy=0&sw=382&sh=382&_nc_hash=AQBH64JveuJURzr_","username":"KristinaBehrHost","link":"http://newjersey.news12.com/story/35436044/trump-defends-sharing-terrorism-facts-with-russians","timeQuantum":4983124,"title":"Trump defends sharing 'terrorism' facts with Russians","type":"link"},{"content":"My big plans for later.. someone flipped the switch to summer.. James Gregorio says it's gonna be near 90 in spots today!","profileString":"facebook_page.387118754690101","postURL":"https://facebook.com/387118754690101/posts/1273855572683077","avatar":"https://graph.facebook.com/387118754690101/picture","classification":{"engine":"aylien","language":"en","taxonomy":[{"score":0,"label":"News","categoryId":"INSERTED"}]},"postidString":"facebook_page.387118754690101_1273855572683077","postMeta":{"inserted":"content-engine"},"timestamp":1495014409,"sharesRcvd":1,"likesRcvd":9,"source":"facebook_page","lastUpdateQuantum":4984423,"name":"Kristina Behr","imageLarge":"https://external.xx.fbcdn.net/safe_image.php?d=AQAfnwjSbeTyA2UC&url=https%3A%2F%2Fmedia.giphy.com%2Fmedia%2FToMjGppLes0ENI5osCc%2Fgiphy.gif&_nc_hash=AQAk0nZBvR1CTB-E","repliesRcvd":0,"image":"https://external.xx.fbcdn.net/safe_image.php?d=AQAfnwjSbeTyA2UC&url=https%3A%2F%2Fmedia.giphy.com%2Fmedia%2FToMjGppLes0ENI5osCc%2Fgiphy.gif&_nc_hash=AQAk0nZBvR1CTB-E","username":"KristinaBehrHost","link":"https://media.giphy.com/media/ToMjGppLes0ENI5osCc/giphy.gif","timeQuantum":4983381,"title":"media.giphy.com","type":"link"},{"content":"Terrible news to start the day. He had possibly one of the best rock voices out there. #RIPChrisCornell","profileString":"facebook_page.387118754690101","postURL":"https://facebook.com/387118754690101/posts/1274825635919404","avatar":"https://graph.facebook.com/387118754690101/picture","classification":{"engine":"aylien","language":"en","taxonomy":[{"score":"0.4138","confident":true,"links":[{"link":"https://api.aylien.com/api/v1/classify/taxonomy/iab-qag/IAB1-6","rel":"self"},{"link":"https://api.aylien.com/api/v1/classify/taxonomy/iab-qag/IAB1","rel":"parent"}],"id":"IAB1-6","label":"Music"},{"score":"0.1274","confident":true,"links":[{"link":"https://api.aylien.com/api/v1/classify/taxonomy/iab-qag/IAB1","rel":"self"}],"id":"IAB1","label":"Arts & Entertainment"}]},"postidString":"facebook_page.387118754690101_1274825635919404","postMeta":{"inserted":"content-engine"},"timestamp":1495111894,"sharesRcvd":0,"likesRcvd":4,"source":"facebook_page","lastUpdateQuantum":4984423,"name":"Kristina Behr","imageLarge":"https://external.xx.fbcdn.net/safe_image.php?d=AQCVocuVzaobuHam&url=http%3A%2F%2Fnews12nj.images.worldnow.com%2Fimages%2F13912788_G.jpg&_nc_hash=AQBxLZLzHKtTZM29","repliesRcvd":1,"image":"https://external.xx.fbcdn.net/safe_image.php?d=AQDpuTtNJbftjX8X&w=130&h=130&url=http%3A%2F%2Fnews12nj.images.worldnow.com%2Fimages%2F13912788_G.jpg&cfs=1&sx=136&sy=0&sw=360&sh=360&_nc_hash=AQD0HiRoHrS2V4x5","username":"KristinaBehrHost","link":"http://newjersey.news12.com/story/35458587/soundgarden-singer-chris-cornell-dies-at-age-52","timeQuantum":4983706,"title":"Soundgarden singer Chris Cornell dies at age 52","type":"link"},{"content":"At least 1 person is dead after a car drove through pedestrians in Times Square..#BreakingNews","profileString":"facebook_page.387118754690101","postURL":"https://facebook.com/387118754690101/posts/1274997599235541","avatar":"https://graph.facebook.com/387118754690101/picture","classification":{"engine":"aylien","language":"en","taxonomy":[{"score":"0.3673","confident":true,"links":[{"link":"https://api.aylien.com/api/v1/classify/taxonomy/iab-qag/IAB2","rel":"self"}],"id":"IAB2","label":"Automotive"},{"score":"0.1446","confident":true,"links":[{"link":"https://api.aylien.com/api/v1/classify/taxonomy/iab-qag/IAB2-4","rel":"self"},{"link":"https://api.aylien.com/api/v1/classify/taxonomy/iab-qag/IAB2","rel":"parent"}],"id":"IAB2-4","label":"Car Culture"}]},"postidString":"facebook_page.387118754690101_1274997599235541","postMeta":{"inserted":"content-engine"},"timestamp":1495126982,"sharesRcvd":0,"likesRcvd":4,"source":"facebook_page","lastUpdateQuantum":4984423,"name":"Kristina Behr","imageLarge":"https://external.xx.fbcdn.net/safe_image.php?d=AQA32lPrhtFDgHjp&url=http%3A%2F%2Fnews12nj.images.worldnow.com%2Fimages%2F13386911_G.jpg&_nc_hash=AQBA1NZWeBhT9TxO","repliesRcvd":0,"image":"https://external.xx.fbcdn.net/safe_image.php?d=AQDyrA5e7T6Cfv1E&w=130&h=130&url=http%3A%2F%2Fnews12nj.images.worldnow.com%2Fimages%2F13386911_G.jpg&cfs=1&_nc_hash=AQBSpfJjjNcVMzx-","username":"KristinaBehrHost","link":"http://newjersey.news12.com/story/35462302/car-strikes-multiple-pedestrians-in-times-square","timeQuantum":4983756,"title":"Car strikes multiple pedestrians in Times Square","type":"link"},{"content":"Coroner says suicide by hanging. 😔The forefather of 90's grunge, he was the soundtrack of my pre-teen and teenage years. I remember getting the chance to produce a segment with him- probably the nicest, soft-spoken, most down to earth \"rock star\" I've met. #RIPChrisCornell","profileString":"facebook_page.387118754690101","postURL":"https://facebook.com/387118754690101/posts/1275052405896727","avatar":"https://graph.facebook.com/387118754690101/picture","classification":{"engine":"aylien","language":"en","taxonomy":[{"score":"0.1902","confident":false,"links":[{"link":"https://api.aylien.com/api/v1/classify/taxonomy/iab-qag/IAB1-2","rel":"self"},{"link":"https://api.aylien.com/api/v1/classify/taxonomy/iab-qag/IAB1","rel":"parent"}],"id":"IAB1-2","label":"Celebrity Fan/Gossip"},{"score":"0.0676","confident":false,"links":[{"link":"https://api.aylien.com/api/v1/classify/taxonomy/iab-qag/IAB9","rel":"self"}],"id":"IAB9","label":"Hobbies & Interests"},{"score":"0.0667","confident":false,"links":[{"link":"https://api.aylien.com/api/v1/classify/taxonomy/iab-qag/IAB1","rel":"self"}],"id":"IAB1","label":"Arts & Entertainment"},{"score":"0.0542","confident":false,"links":[{"link":"https://api.aylien.com/api/v1/classify/taxonomy/iab-qag/IAB9-16","rel":"self"},{"link":"https://api.aylien.com/api/v1/classify/taxonomy/iab-qag/IAB9","rel":"parent"}],"id":"IAB9-16","label":"Guitar"}]},"postidString":"facebook_page.387118754690101_1275052405896727","postMeta":{"inserted":"content-engine"},"timestamp":1495131484,"sharesRcvd":2,"likesRcvd":59,"source":"facebook_page","lastUpdateQuantum":4984423,"name":"Kristina Behr","imageLarge":"https://scontent.xx.fbcdn.net/v/t1.0-9/s720x720/18581626_1275052405896727_6442284390728164532_n.jpg?oh=a813e8261250d1fff862fd468c202136&oe=59B8C9C8","objectID":"1275052405896727","repliesRcvd":3,"image":"https://scontent.xx.fbcdn.net/v/t1.0-0/s130x130/18581626_1275052405896727_6442284390728164532_n.jpg?oh=2c5aecd94a43bbcc5e5aa35695032cb9&oe=59B3FEDD","username":"KristinaBehrHost","link":"https://www.facebook.com/KristinaBehrHost/photos/a.394145863987390.90054.387118754690101/1275052405896727/?type=3","timeQuantum":4983771,"title":"Timeline Photos","type":"photo"},{"content":"Feelin mellow yellow, but at least not sweltering from 90 degree temps. We get a break for a little while! SallyAnn Mosey has your forecast News 12 New Jersey","profileString":"facebook_page.387118754690101","postURL":"https://facebook.com/387118754690101/posts/1276390812429553","avatar":"https://graph.facebook.com/387118754690101/picture","classification":{"engine":"aylien","language":"en","taxonomy":[{"score":"0.4751","confident":false,"links":[{"link":"https://api.aylien.com/api/v1/classify/taxonomy/iab-qag/IAB12-2","rel":"self"},{"link":"https://api.aylien.com/api/v1/classify/taxonomy/iab-qag/IAB12","rel":"parent"}],"id":"IAB12-2","label":"National News"},{"score":"0.0786","confident":true,"links":[{"link":"https://api.aylien.com/api/v1/classify/taxonomy/iab-qag/IAB12","rel":"self"}],"id":"IAB12","label":"News"},{"score":"0.0665","confident":false,"links":[{"link":"https://api.aylien.com/api/v1/classify/taxonomy/iab-qag/IAB9","rel":"self"}],"id":"IAB9","label":"Hobbies & Interests"},{"score":"0.0538","confident":false,"links":[{"link":"https://api.aylien.com/api/v1/classify/taxonomy/iab-qag/IAB9-23","rel":"self"},{"link":"https://api.aylien.com/api/v1/classify/taxonomy/iab-qag/IAB9","rel":"parent"}],"id":"IAB9-23","label":"Photography"}]},"postidString":"facebook_page.387118754690101_1276390812429553","postMeta":{"inserted":"content-engine"},"timestamp":1495283096,"sharesRcvd":0,"likesRcvd":23,"source":"facebook_page","lastUpdateQuantum":4984423,"name":"Kristina Behr","imageLarge":"https://scontent.xx.fbcdn.net/v/t1.0-9/s720x720/18556192_1276390812429553_7178192541221926754_n.jpg?oh=92205a19eb9a00aa068f1a1a16cde2ce&oe=59A1AA43","objectID":"1276390812429553","repliesRcvd":3,"image":"https://scontent.xx.fbcdn.net/v/t1.0-0/s130x130/18556192_1276390812429553_7178192541221926754_n.jpg?oh=4b307c95f3fb07025708b4d22e1bc0e9&oe=59BE5B56","username":"KristinaBehrHost","link":"https://www.facebook.com/KristinaBehrHost/photos/a.394145863987390.90054.387118754690101/1276390812429553/?type=3","timeQuantum":4984276,"title":"Timeline Photos","type":"photo"}]