[{"content":"Bombshell Hazing Allegations of Customs Officers at Newark Airport. Here's Sarah Wallace's I-Team report as the Feds investigate the 'rape table':\nhttp://4.nbcny.com/y2iKyWE","profileString":"facebook_page.277417365638819","postURL":"https://facebook.com/277417365638819/posts/1315513355162543","avatar":"https://graph.facebook.com/277417365638819/picture","classification":{"engine":"aylien","language":"en","taxonomy":[{"score":"0.2791","confident":false,"links":[{"link":"https://api.aylien.com/api/v1/classify/taxonomy/iab-qag/IAB14-6","rel":"self"},{"link":"https://api.aylien.com/api/v1/classify/taxonomy/iab-qag/IAB14","rel":"parent"}],"id":"IAB14-6","label":"Teens"},{"score":"0.2515","confident":false,"links":[{"link":"https://api.aylien.com/api/v1/classify/taxonomy/iab-qag/IAB25-3","rel":"self"},{"link":"https://api.aylien.com/api/v1/classify/taxonomy/iab-qag/IAB25","rel":"parent"}],"id":"IAB25-3","label":"Pornography"},{"score":"0.2371","confident":false,"links":[{"link":"https://api.aylien.com/api/v1/classify/taxonomy/iab-qag/IAB11-5","rel":"self"},{"link":"https://api.aylien.com/api/v1/classify/taxonomy/iab-qag/IAB11","rel":"parent"}],"id":"IAB11-5","label":"Commentary"},{"score":"0.0791","confident":true,"links":[{"link":"https://api.aylien.com/api/v1/classify/taxonomy/iab-qag/IAB14","rel":"self"}],"id":"IAB14","label":"Society"},{"score":"0.0725","confident":false,"links":[{"link":"https://api.aylien.com/api/v1/classify/taxonomy/iab-qag/IAB11","rel":"self"}],"id":"IAB11","label":"Law, Gov’t & Politics"},{"score":"0.0674","confident":false,"links":[{"link":"https://api.aylien.com/api/v1/classify/taxonomy/iab-qag/IAB25","rel":"self"}],"id":"IAB25","label":"Non-Standard Content"}]},"postidString":"facebook_page.277417365638819_1315513355162543","postMeta":{"inserted":"content-engine"},"timestamp":1494370492,"sharesRcvd":0,"likesRcvd":16,"source":"facebook_page","lastUpdateQuantum":4984272,"name":"Lynda Baquero","imageLarge":"https://external.xx.fbcdn.net/safe_image.php?d=AQDqbe_NYyylbW0Z&url=http%3A%2F%2Fmedia.nbcnewyork.com%2Fimages%2F1200%2A675%2Fwallace%2Bborder%2Bpatrol.jpg&_nc_hash=AQA8Gfuhk1QjXf0W","repliesRcvd":3,"image":"https://external.xx.fbcdn.net/safe_image.php?d=AQDm52so0Xr3KIdZ&w=130&h=130&url=http%3A%2F%2Fmedia.nbcnewyork.com%2Fimages%2F1200%2A675%2Fwallace%2Bborder%2Bpatrol.jpg&cfs=1&sx=72&sy=0&sw=675&sh=675&_nc_hash=AQCB9ga38P9JjL0X","username":"LyndaBaquero4NY","link":"http://4.nbcny.com/y2iKyWE","timeQuantum":4981234,"title":"Fed Officers Allege Hazing, 'Rape Table' at Newark Airport","type":"link"},{"content":"Anthony Weiner to plead guilty later this morning...\nMore details here:\nhttps://www.facebook.com/NBCNewYork/posts/101553268252204099","profileString":"facebook_page.277417365638819","postURL":"https://facebook.com/277417365638819/posts/1324509660929579","avatar":"https://graph.facebook.com/277417365638819/picture","classification":{"engine":"aylien","language":"en","taxonomy":[{"score":"0.1880","confident":false,"links":[{"link":"https://api.aylien.com/api/v1/classify/taxonomy/iab-qag/IAB25-2","rel":"self"},{"link":"https://api.aylien.com/api/v1/classify/taxonomy/iab-qag/IAB25","rel":"parent"}],"id":"IAB25-2","label":"Extreme Graphic/Explicit Violence"},{"score":"0.0846","confident":false,"links":[{"link":"https://api.aylien.com/api/v1/classify/taxonomy/iab-qag/IAB2-16","rel":"self"},{"link":"https://api.aylien.com/api/v1/classify/taxonomy/iab-qag/IAB2","rel":"parent"}],"id":"IAB2-16","label":"Off-Road Vehicles"},{"score":"0.0613","confident":false,"links":[{"link":"https://api.aylien.com/api/v1/classify/taxonomy/iab-qag/IAB25","rel":"self"}],"id":"IAB25","label":"Non-Standard Content"},{"score":"0.0571","confident":false,"links":[{"link":"https://api.aylien.com/api/v1/classify/taxonomy/iab-qag/IAB2","rel":"self"}],"id":"IAB2","label":"Automotive"},{"score":"0.0495","confident":false,"links":[{"link":"https://api.aylien.com/api/v1/classify/taxonomy/iab-qag/IAB9","rel":"self"}],"id":"IAB9","label":"Hobbies & Interests"},{"score":"0.0487","confident":false,"links":[{"link":"https://api.aylien.com/api/v1/classify/taxonomy/iab-qag/IAB9-28","rel":"self"},{"link":"https://api.aylien.com/api/v1/classify/taxonomy/iab-qag/IAB9","rel":"parent"}],"id":"IAB9-28","label":"Screenwriting"}]},"postidString":"facebook_page.277417365638819_1324509660929579","postMeta":{"inserted":"content-engine"},"timestamp":1495201095,"sharesRcvd":0,"likesRcvd":3,"source":"facebook_page","lastUpdateQuantum":4984416,"name":"Lynda Baquero","imageLarge":"https://external.xx.fbcdn.net/safe_image.php?d=AQBkyXo9Qepd8M8y&url=https%3A%2F%2Fscontent.xx.fbcdn.net%2Fv%2Ft1.0-1%2F14089020_10154439752354099_5154881895760049871_n.jpg%3Foh%3Da4d5c50c952e08b1ecf85060522bd955%26oe%3D59ADB312&_nc_hash=AQCFggT8-RN4Od0T","repliesRcvd":0,"image":"https://scontent.xx.fbcdn.net/v/t1.0-1/14089020_10154439752354099_5154881895760049871_n.jpg?oh=a4d5c50c952e08b1ecf85060522bd955&oe=59ADB312","username":"LyndaBaquero4NY","link":"https://www.facebook.com/NBCNewYork/?sk=posts%2F101553268252204099&app_data","timeQuantum":4984003,"title":"NBC New York","type":"link"}]