[{"content":"Estoy en ZARA Unicentro Bogotá y pocas veces me han sacado de casillas como hoy, vine a comprar una blusa y al salir del probador la \"señorita\" me pregunta si la voy a llevar a lo que le contesto que si, inmediatamente comenzó a buscarle el pin y le dije: no tiene pin, pues ha llamado a otra niña para que me acompañara a la caja porque tenía que pagarla de inmediato.... le dije, un momento tengo que buscar un regalo para el día del padre a lo que me dijo que tocaba que fuera a la caja a que le pusieran el pin a la blusa....!!! Como si me la fuera a robar!!!!! Estoy cansada de este país y la presunción de que todo el mundo es deshonesto!!!! Es el colmo!!!! Nunca en mi vida me había pasado algo como esto en ningún lugar del mundo!!!!","profileString":"facebook_page.191503067685705","postURL":"https://facebook.com/191503067685705/posts/831453510357321","avatar":"https://graph.facebook.com/191503067685705/picture","classification":{"engine":"aylien","language":"en","taxonomy":[{"score":"0.1394","confident":true,"links":[{"link":"https://api.aylien.com/api/v1/classify/taxonomy/iab-qag/IAB20-21","rel":"self"},{"link":"https://api.aylien.com/api/v1/classify/taxonomy/iab-qag/IAB20","rel":"parent"}],"id":"IAB20-21","label":"Mexico & Central America"},{"score":"0.0706","confident":false,"links":[{"link":"https://api.aylien.com/api/v1/classify/taxonomy/iab-qag/IAB20","rel":"self"}],"id":"IAB20","label":"Travel"},{"score":"0.0664","confident":false,"links":[{"link":"https://api.aylien.com/api/v1/classify/taxonomy/iab-qag/IAB9","rel":"self"}],"id":"IAB9","label":"Hobbies & Interests"},{"score":"0.0566","confident":false,"links":[{"link":"https://api.aylien.com/api/v1/classify/taxonomy/iab-qag/IAB9-4","rel":"self"},{"link":"https://api.aylien.com/api/v1/classify/taxonomy/iab-qag/IAB9","rel":"parent"}],"id":"IAB9-4","label":"Birdwatching"}]},"postidString":"facebook_page.191503067685705_831453510357321","postMeta":{"inserted":"content-engine"},"timestamp":1497652677,"sharesRcvd":0,"likesRcvd":17,"source":"facebook_page","lastUpdateQuantum":4995803,"name":"Gloria Echeverry","repliesRcvd":8,"timeQuantum":4992175,"type":"status"},{"content":"Adiós vacaciones","profileString":"facebook_page.191503067685705","postURL":"https://facebook.com/191503067685705/posts/836903426478996","avatar":"https://graph.facebook.com/191503067685705/picture","classification":{"engine":"aylien","language":"en","taxonomy":[{"score":"0.0741","links":[{"rel":"self","link":"https://api.aylien.com/api/v1/classify/taxonomy/iab-qag/IAB9"}],"label":"Hobbies & Interests","id":"IAB9","confident":false},{"score":"0.0515","links":[{"rel":"self","link":"https://api.aylien.com/api/v1/classify/taxonomy/iab-qag/IAB9-4"},{"rel":"parent","link":"https://api.aylien.com/api/v1/classify/taxonomy/iab-qag/IAB9"}],"label":"Birdwatching","id":"IAB9-4","confident":false}]},"postidString":"facebook_page.191503067685705_836903426478996","postMeta":{"inserted":"content-engine"},"timestamp":1498520476,"sharesRcvd":0,"likesRcvd":7,"source":"facebook_page","lastUpdateQuantum":4995830,"name":"Gloria Echeverry","repliesRcvd":1,"timeQuantum":4995068,"type":"status"}]