[{"content":"NEW VIDEO: mourners are getting ready to say goodbye to firefighter William Tolley. I'll be live outside the church in Bethpage at noon","profileString":"facebook_page.120562661388658","postURL":"https://facebook.com/120562661388658/posts/1142240602554187","avatar":"https://graph.facebook.com/120562661388658/picture","classification":{"engine":"aylien","language":"en","taxonomy":[{"score":"0.1717","links":[{"rel":"self","link":"https://api.aylien.com/api/v1/classify/taxonomy/iab-qag/IAB23-4"},{"rel":"parent","link":"https://api.aylien.com/api/v1/classify/taxonomy/iab-qag/IAB23"}],"label":"Catholicism","id":"IAB23-4","confident":false},{"score":"0.0816","links":[{"rel":"self","link":"https://api.aylien.com/api/v1/classify/taxonomy/iab-qag/IAB9"}],"label":"Hobbies & Interests","id":"IAB9","confident":true},{"score":"0.0761","links":[{"rel":"self","link":"https://api.aylien.com/api/v1/classify/taxonomy/iab-qag/IAB23"}],"label":"Religion & Spirituality","id":"IAB23","confident":false},{"score":"0.0690","links":[{"rel":"self","link":"https://api.aylien.com/api/v1/classify/taxonomy/iab-qag/IAB9-30"},{"rel":"parent","link":"https://api.aylien.com/api/v1/classify/taxonomy/iab-qag/IAB9"}],"label":"Video & Computer Games","id":"IAB9-30","confident":false}]},"postidString":"facebook_page.120562661388658_1142240602554187","postMeta":{"inserted":"content-engine"},"timestamp":1493302858,"sharesRcvd":1,"likesRcvd":16,"source":"facebook_page","lastUpdateQuantum":4984271,"name":"Kristin Thorne","imageLarge":"https://scontent.xx.fbcdn.net/v/t15.0-10/s720x720/18201523_1142241409220773_9090233698560770048_n.jpg?oh=a137a92affb66c4a418cf5619de3e56c&oe=59C28FF5","objectID":"1142240602554187","repliesRcvd":2,"image":"https://scontent.xx.fbcdn.net/v/t15.0-10/s130x130/18201523_1142241409220773_9090233698560770048_n.jpg?oh=18adf198a62336a5eafa5b8f83ff2327&oe=597D5FD7","username":"KristinThorne.wabc","link":"https://www.facebook.com/KristinThorne.wabc/videos/1142240602554187/","timeQuantum":4977676,"video":"https://video.xx.fbcdn.net/v/t42.1790-2/18151236_292865744489096_6443999593242820608_n.mp4?efg=eyJybHIiOjUwNSwicmxhIjo1MTIsInZlbmNvZGVfdGFnIjoic3ZlX3NkIn0%3D&rl=505&vabr=281&oh=786323a5d0005ffdabf15133eb77eb30&oe=590421BB","type":"video"},{"content":"BREAKING: the Long Island foster dad accused of sexually abusing 8 boys in his care is found not guilty on all counts. I'll have the latest at 4 & 5 on EWN","profileString":"facebook_page.120562661388658","postURL":"https://facebook.com/120562661388658/posts/1147961801982067","avatar":"https://graph.facebook.com/120562661388658/picture","classification":{"engine":"aylien","language":"en","taxonomy":[{"score":"0.2412","confident":false,"links":[{"link":"https://api.aylien.com/api/v1/classify/taxonomy/iab-qag/IAB6-6","rel":"self"},{"link":"https://api.aylien.com/api/v1/classify/taxonomy/iab-qag/IAB6","rel":"parent"}],"id":"IAB6-6","label":"Parenting teens"},{"score":"0.2072","confident":false,"links":[{"link":"https://api.aylien.com/api/v1/classify/taxonomy/iab-qag/IAB16-4","rel":"self"},{"link":"https://api.aylien.com/api/v1/classify/taxonomy/iab-qag/IAB16","rel":"parent"}],"id":"IAB16-4","label":"Dogs"},{"score":"0.1994","confident":false,"links":[{"link":"https://api.aylien.com/api/v1/classify/taxonomy/iab-qag/IAB25-3","rel":"self"},{"link":"https://api.aylien.com/api/v1/classify/taxonomy/iab-qag/IAB25","rel":"parent"}],"id":"IAB25-3","label":"Pornography"},{"score":"0.0656","confident":false,"links":[{"link":"https://api.aylien.com/api/v1/classify/taxonomy/iab-qag/IAB6","rel":"self"}],"id":"IAB6","label":"Family & Parenting"},{"score":"0.0604","confident":false,"links":[{"link":"https://api.aylien.com/api/v1/classify/taxonomy/iab-qag/IAB25","rel":"self"}],"id":"IAB25","label":"Non-Standard Content"},{"score":"0.0595","confident":false,"links":[{"link":"https://api.aylien.com/api/v1/classify/taxonomy/iab-qag/IAB17","rel":"self"}],"id":"IAB17","label":"Sports"},{"score":"0.0584","confident":false,"links":[{"link":"https://api.aylien.com/api/v1/classify/taxonomy/iab-qag/IAB9","rel":"self"}],"id":"IAB9","label":"Hobbies & Interests"},{"score":"0.0581","confident":false,"links":[{"link":"https://api.aylien.com/api/v1/classify/taxonomy/iab-qag/IAB16","rel":"self"}],"id":"IAB16","label":"Pets"},{"score":"0.0519","confident":false,"links":[{"link":"https://api.aylien.com/api/v1/classify/taxonomy/iab-qag/IAB9-23","rel":"self"},{"link":"https://api.aylien.com/api/v1/classify/taxonomy/iab-qag/IAB9","rel":"parent"}],"id":"IAB9-23","label":"Photography"},{"score":"0.0375","confident":false,"links":[{"link":"https://api.aylien.com/api/v1/classify/taxonomy/iab-qag/IAB17-30","rel":"self"},{"link":"https://api.aylien.com/api/v1/classify/taxonomy/iab-qag/IAB17","rel":"parent"}],"id":"IAB17-30","label":"Running/Jogging"}]},"postidString":"facebook_page.120562661388658_1147961801982067","postMeta":{"inserted":"content-engine"},"timestamp":1493748956,"sharesRcvd":0,"likesRcvd":4,"source":"facebook_page","lastUpdateQuantum":4984271,"name":"Kristin Thorne","imageLarge":"https://scontent.xx.fbcdn.net/v/t1.0-0/p180x540/18301285_1147961801982067_7196371495116607610_n.jpg?oh=8530c98c7508a5940ac9eb4d0cd57b76&oe=59C1AFF1","objectID":"1147961801982067","repliesRcvd":3,"image":"https://scontent.xx.fbcdn.net/v/t1.0-0/s130x130/18301285_1147961801982067_7196371495116607610_n.jpg?oh=bd79408052b14cb23b6eb79497ab66c7&oe=597EFD8D","username":"KristinThorne.wabc","link":"https://www.facebook.com/KristinThorne.wabc/photos/a.143818939063030.26411.120562661388658/1147961801982067/?type=3","timeQuantum":4979163,"title":"Timeline Photos","type":"photo"},{"content":"This is so awesome Stacey Sager!!","profileString":"facebook_page.120562661388658","postURL":"https://facebook.com/120562661388658/posts/1148773545234226","avatar":"https://graph.facebook.com/120562661388658/picture","classification":{"engine":"aylien","language":"en","taxonomy":[{"score":"0.0743","confident":false,"links":[{"link":"https://api.aylien.com/api/v1/classify/taxonomy/iab-qag/IAB9","rel":"self"}],"id":"IAB9","label":"Hobbies & Interests"},{"score":"0.0511","confident":false,"links":[{"link":"https://api.aylien.com/api/v1/classify/taxonomy/iab-qag/IAB9-4","rel":"self"},{"link":"https://api.aylien.com/api/v1/classify/taxonomy/iab-qag/IAB9","rel":"parent"}],"id":"IAB9-4","label":"Birdwatching"}]},"postidString":"facebook_page.120562661388658_1787019464886795","postMeta":{"inserted":"content-engine"},"timestamp":1493816400,"sharesRcvd":0,"likesRcvd":64,"source":"facebook_page","lastUpdateQuantum":4984271,"name":"Kristin Thorne","imageLarge":"https://scontent.xx.fbcdn.net/v/t1.0-9/s720x720/18198985_1787019464886795_1064286484186496765_n.jpg?oh=5b326d6bd50fe39afc4e511d6ef4d79e&oe=598C4256","originalID":"120562661388658_1148773545234226","objectID":"1787019464886795","repliesRcvd":7,"image":"https://scontent.xx.fbcdn.net/v/t1.0-0/s130x130/18198985_1787019464886795_1064286484186496765_n.jpg?oh=98bb9b8c81bf21a1ff7e4b98f74172a8&oe=597E2B43","username":"KristinThorne.wabc","link":"https://www.facebook.com/staceysagerABC7/photos/a.1431278213794257.1073741829.1422275608027851/1787019464886795/?type=3","timeQuantum":4979388,"title":"Stacey Sager","type":"photo"},{"content":"Isaac and Teresa Vatkin were married 69 years. They died last weekend only minutes apart holding hands. Hear about their beautiful love story from their son at 6","profileString":"facebook_page.120562661388658","postURL":"https://facebook.com/120562661388658/posts/1149058245205756","avatar":"https://graph.facebook.com/120562661388658/picture","classification":{"engine":"aylien","language":"en","taxonomy":[{"score":"0.2817","confident":false,"links":[{"link":"https://api.aylien.com/api/v1/classify/taxonomy/iab-qag/IAB1-2","rel":"self"},{"link":"https://api.aylien.com/api/v1/classify/taxonomy/iab-qag/IAB1","rel":"parent"}],"id":"IAB1-2","label":"Celebrity Fan/Gossip"},{"score":"0.2446","confident":false,"links":[{"link":"https://api.aylien.com/api/v1/classify/taxonomy/iab-qag/IAB14-7","rel":"self"},{"link":"https://api.aylien.com/api/v1/classify/taxonomy/iab-qag/IAB14","rel":"parent"}],"id":"IAB14-7","label":"Weddings"},{"score":"0.0818","confident":true,"links":[{"link":"https://api.aylien.com/api/v1/classify/taxonomy/iab-qag/IAB9","rel":"self"}],"id":"IAB9","label":"Hobbies & Interests"},{"score":"0.0718","confident":false,"links":[{"link":"https://api.aylien.com/api/v1/classify/taxonomy/iab-qag/IAB1","rel":"self"}],"id":"IAB1","label":"Arts & Entertainment"},{"score":"0.0665","confident":false,"links":[{"link":"https://api.aylien.com/api/v1/classify/taxonomy/iab-qag/IAB14","rel":"self"}],"id":"IAB14","label":"Society"},{"score":"0.0580","confident":false,"links":[{"link":"https://api.aylien.com/api/v1/classify/taxonomy/iab-qag/IAB9-23","rel":"self"},{"link":"https://api.aylien.com/api/v1/classify/taxonomy/iab-qag/IAB9","rel":"parent"}],"id":"IAB9-23","label":"Photography"}]},"postidString":"facebook_page.120562661388658_1149058245205756","postMeta":{"inserted":"content-engine"},"timestamp":1493838594,"sharesRcvd":3,"likesRcvd":46,"source":"facebook_page","lastUpdateQuantum":4984271,"name":"Kristin Thorne","imageLarge":"https://scontent.xx.fbcdn.net/v/t1.0-9/18198687_1149058245205756_1575340273265674399_n.jpg?oh=b394368a90f900a4e057a98d99785f7d&oe=59753477","objectID":"1149058245205756","repliesRcvd":5,"image":"https://scontent.xx.fbcdn.net/v/t1.0-0/p130x130/18198687_1149058245205756_1575340273265674399_n.jpg?oh=a49894c5915aa19bba836f3e66f91d70&oe=59B871CC","username":"KristinThorne.wabc","link":"https://www.facebook.com/KristinThorne.wabc/photos/a.143818939063030.26411.120562661388658/1149058245205756/?type=3","timeQuantum":4979461,"title":"Timeline Photos","type":"photo"},{"content":"Trump JFK","profileString":"facebook_page.120562661388658","postURL":"https://facebook.com/120562661388658/posts/1150334985078082","avatar":"https://graph.facebook.com/120562661388658/picture","classification":{"engine":"aylien","language":"en","taxonomy":[{"score":"0.0758","confident":false,"links":[{"link":"https://api.aylien.com/api/v1/classify/taxonomy/iab-qag/IAB9","rel":"self"}],"id":"IAB9","label":"Hobbies & Interests"},{"score":"0.0510","confident":false,"links":[{"link":"https://api.aylien.com/api/v1/classify/taxonomy/iab-qag/IAB9-4","rel":"self"},{"link":"https://api.aylien.com/api/v1/classify/taxonomy/iab-qag/IAB9","rel":"parent"}],"id":"IAB9-4","label":"Birdwatching"}]},"postidString":"facebook_page.120562661388658_1150334985078082","postMeta":{"inserted":"content-engine"},"timestamp":1493936242,"sharesRcvd":0,"likesRcvd":6,"source":"facebook_page","lastUpdateQuantum":4979789,"name":"Kristin Thorne","imageLarge":"https://scontent.xx.fbcdn.net/v/t15.0-10/s720x720/18339736_1150338851744362_2254451234436022272_n.jpg?oh=a720d8996b2ebd8e2000cfc05a1db055&oe=5984A2C8","objectID":"1150334985078082","repliesRcvd":4,"image":"https://scontent.xx.fbcdn.net/v/t15.0-10/s130x130/18339736_1150338851744362_2254451234436022272_n.jpg?oh=898a7010808f811929214ca9978181d2&oe=5987E6EA","username":"KristinThorne.wabc","link":"https://www.facebook.com/KristinThorne.wabc/videos/1150334985078082/","timeQuantum":4979787,"video":"https://scontent.xx.fbcdn.net/v/t42.1790-29/18303787_1503954453011609_3500388540829663232_n.mp4?efg=eyJybHIiOjgzOCwicmxhIjoxMDE4LCJ2ZW5jb2RlX3RhZyI6InNkIn0%3D&rl=838&vabr=466&oh=6edf1acb36fdc70a3e14d49ea545f7f6&oe=590E04DD","type":"video"},{"content":"I remember the day like it was yesterday. Mark came into my college dorm room, hopped on my bed and started telling me about this beautiful girl he met. He was so smitten.\n\nThat's when he and Giulia's journey began and they've been together ever since - through thick and thin.\n\nIf you or someone you know is struggling with mental illness, please read Mark's book. There is always hope. \n\nhttps://www.amazon.com/My-Lovely-Wife-Psych-Ward/dp/006242291X#productDescription_secondary_view_div_1494261584391","profileString":"facebook_page.120562661388658","postURL":"https://facebook.com/120562661388658/posts/1154513644660216","avatar":"https://graph.facebook.com/120562661388658/picture","classification":{"engine":"aylien","language":"en","taxonomy":[{"score":0,"label":"News","categoryId":"INSERTED"}]},"postidString":"facebook_page.120562661388658_1154513644660216","postMeta":{"inserted":"content-engine"},"timestamp":1494262099,"sharesRcvd":2,"likesRcvd":14,"source":"facebook_page","lastUpdateQuantum":4984271,"name":"Kristin Thorne","imageLarge":"https://external.xx.fbcdn.net/safe_image.php?d=AQDWpa96uafIYrV2&url=https%3A%2F%2Fimages-na.ssl-images-amazon.com%2Fimages%2FI%2F41zMMkkK4dL._SR600%252c315_PIWhiteStrip%252cBottomLeft%252c0%252c35_PIAmznPrime%252cBottomLeft%252c0%252c-5_PIStarRatingFOURANDHALF%252cBottomLeft%252c360%252c-6_SR600%252c315_ZA%2812%2520Reviews%29%252c445%252c286%252c400%252c400%252carial%252c12%252c4%252c0%252c0%252c5_SCLZZZZZZZ_.jpg&_nc_hash=AQA7YxojIw5q7hDr","repliesRcvd":0,"image":"https://external.xx.fbcdn.net/safe_image.php?d=AQB62IEhSRngTD-a&w=130&h=130&url=https%3A%2F%2Fimages-na.ssl-images-amazon.com%2Fimages%2FI%2F41zMMkkK4dL._SR600%252c315_PIWhiteStrip%252cBottomLeft%252c0%252c35_PIAmznPrime%252cBottomLeft%252c0%252c-5_PIStarRatingFOURANDHALF%252cBottomLeft%252c360%252c-6_SR600%252c315_ZA%2812%2520Reviews%29%252c445%252c286%252c400%252c400%252carial%252c12%252c4%252c0%252c0%252c5_SCLZZZZZZZ_.jpg&cfs=1&_nc_hash=AQDcxNdiXSXr7LCQ","username":"KristinThorne.wabc","link":"https://www.amazon.com/My-Lovely-Wife-Psych-Ward/dp/006242291X#productDescription_secondary_view_div_1494261584391","timeQuantum":4980873,"title":"My Lovely Wife in the Psych Ward: A Memoir","type":"link"},{"content":"Do you live in Suffolk County and worry about the chemical 1,4-dioxane in your drinking water? If so, leave a comment here","profileString":"facebook_page.120562661388658","postURL":"https://facebook.com/120562661388658/posts/1155232951254952","avatar":"https://graph.facebook.com/120562661388658/picture","classification":{"engine":"aylien","language":"en","taxonomy":[{"score":"0.2681","confident":false,"links":[{"link":"https://api.aylien.com/api/v1/classify/taxonomy/iab-qag/IAB10-8","rel":"self"},{"link":"https://api.aylien.com/api/v1/classify/taxonomy/iab-qag/IAB10","rel":"parent"}],"id":"IAB10-8","label":"Landscaping"},{"score":"0.2314","confident":true,"links":[{"link":"https://api.aylien.com/api/v1/classify/taxonomy/iab-qag/IAB15-10","rel":"self"},{"link":"https://api.aylien.com/api/v1/classify/taxonomy/iab-qag/IAB15","rel":"parent"}],"id":"IAB15-10","label":"Weather"},{"score":"0.2231","confident":false,"links":[{"link":"https://api.aylien.com/api/v1/classify/taxonomy/iab-qag/IAB16-1","rel":"self"},{"link":"https://api.aylien.com/api/v1/classify/taxonomy/iab-qag/IAB16","rel":"parent"}],"id":"IAB16-1","label":"Aquariums"},{"score":"0.0985","confident":true,"links":[{"link":"https://api.aylien.com/api/v1/classify/taxonomy/iab-qag/IAB17-43","rel":"self"},{"link":"https://api.aylien.com/api/v1/classify/taxonomy/iab-qag/IAB17","rel":"parent"}],"id":"IAB17-43","label":"Waterski/Wakeboard"},{"score":"0.0828","confident":false,"links":[{"link":"https://api.aylien.com/api/v1/classify/taxonomy/iab-qag/IAB8-4","rel":"self"},{"link":"https://api.aylien.com/api/v1/classify/taxonomy/iab-qag/IAB8","rel":"parent"}],"id":"IAB8-4","label":"Chinese Cuisine"},{"score":"0.0659","confident":false,"links":[{"link":"https://api.aylien.com/api/v1/classify/taxonomy/iab-qag/IAB8","rel":"self"}],"id":"IAB8","label":"Food & Drink"},{"score":"0.0609","confident":false,"links":[{"link":"https://api.aylien.com/api/v1/classify/taxonomy/iab-qag/IAB16","rel":"self"}],"id":"IAB16","label":"Pets"},{"score":"0.0608","confident":false,"links":[{"link":"https://api.aylien.com/api/v1/classify/taxonomy/iab-qag/IAB15","rel":"self"}],"id":"IAB15","label":"Science"},{"score":"0.0575","confident":false,"links":[{"link":"https://api.aylien.com/api/v1/classify/taxonomy/iab-qag/IAB10","rel":"self"}],"id":"IAB10","label":"Home & Garden"},{"score":"0.0532","confident":false,"links":[{"link":"https://api.aylien.com/api/v1/classify/taxonomy/iab-qag/IAB17","rel":"self"}],"id":"IAB17","label":"Sports"}]},"postidString":"facebook_page.120562661388658_1155232951254952","postMeta":{"inserted":"content-engine"},"timestamp":1494342556,"sharesRcvd":3,"likesRcvd":7,"source":"facebook_page","lastUpdateQuantum":4984271,"name":"Kristin Thorne","repliesRcvd":4,"username":"KristinThorne.wabc","timeQuantum":4981141,"type":"status"},{"content":"At 5pm hear from the Long Island siblings who were arrested last night at the Ft. Lauderdale airport for allegedly encouraging a riot after their flight was cancelled\n\nhttp://abc7ny.com/news/chaos-at-airport-after-flights-canceled;-3-li-residents-arrested/1971163/","profileString":"facebook_page.120562661388658","postURL":"https://facebook.com/120562661388658/posts/1155450301233217","avatar":"https://graph.facebook.com/120562661388658/picture","classification":{"engine":"aylien","language":"en","taxonomy":[{"score":"0.4800","confident":false,"links":[{"link":"https://api.aylien.com/api/v1/classify/taxonomy/iab-qag/IAB12-3","rel":"self"},{"link":"https://api.aylien.com/api/v1/classify/taxonomy/iab-qag/IAB12","rel":"parent"}],"id":"IAB12-3","label":"Local News"},{"score":"0.2115","confident":false,"links":[{"link":"https://api.aylien.com/api/v1/classify/taxonomy/iab-qag/IAB25-3","rel":"self"},{"link":"https://api.aylien.com/api/v1/classify/taxonomy/iab-qag/IAB25","rel":"parent"}],"id":"IAB25-3","label":"Pornography"},{"score":"0.2035","confident":false,"links":[{"link":"https://api.aylien.com/api/v1/classify/taxonomy/iab-qag/IAB14-7","rel":"self"},{"link":"https://api.aylien.com/api/v1/classify/taxonomy/iab-qag/IAB14","rel":"parent"}],"id":"IAB14-7","label":"Weddings"},{"score":"0.0881","confident":true,"links":[{"link":"https://api.aylien.com/api/v1/classify/taxonomy/iab-qag/IAB20-7","rel":"self"},{"link":"https://api.aylien.com/api/v1/classify/taxonomy/iab-qag/IAB20","rel":"parent"}],"id":"IAB20-7","label":"Business Travel"},{"score":"0.0664","confident":false,"links":[{"link":"https://api.aylien.com/api/v1/classify/taxonomy/iab-qag/IAB25","rel":"self"}],"id":"IAB25","label":"Non-Standard Content"},{"score":"0.0653","confident":false,"links":[{"link":"https://api.aylien.com/api/v1/classify/taxonomy/iab-qag/IAB14","rel":"self"}],"id":"IAB14","label":"Society"},{"score":"0.0606","confident":false,"links":[{"link":"https://api.aylien.com/api/v1/classify/taxonomy/iab-qag/IAB20","rel":"self"}],"id":"IAB20","label":"Travel"},{"score":"0.0564","confident":false,"links":[{"link":"https://api.aylien.com/api/v1/classify/taxonomy/iab-qag/IAB10-3","rel":"self"},{"link":"https://api.aylien.com/api/v1/classify/taxonomy/iab-qag/IAB10","rel":"parent"}],"id":"IAB10-3","label":"Environmental Safety"},{"score":"0.0552","confident":false,"links":[{"link":"https://api.aylien.com/api/v1/classify/taxonomy/iab-qag/IAB12","rel":"self"}],"id":"IAB12","label":"News"}]},"postidString":"facebook_page.120562661388658_1155450301233217","postMeta":{"inserted":"content-engine"},"timestamp":1494360196,"sharesRcvd":1,"likesRcvd":9,"source":"facebook_page","lastUpdateQuantum":4981949,"name":"Kristin Thorne","imageLarge":"https://external.xx.fbcdn.net/safe_image.php?d=AQDEadVmHq1zHrCs&url=http%3A%2F%2Fcdn.abclocal.go.com%2Fcontent%2Fwabc%2Fimages%2Fcms%2Fautomation%2Fvod%2F1971174_1280x720.jpg&_nc_hash=AQB_Y2Arq5l6LjDh","repliesRcvd":3,"image":"https://external.xx.fbcdn.net/safe_image.php?d=AQAgTy9eUP0f0e0O&w=130&h=130&url=http%3A%2F%2Fcdn.abclocal.go.com%2Fcontent%2Fwabc%2Fimages%2Fcms%2Fautomation%2Fvod%2F1971174_1280x720.jpg&cfs=1&_nc_hash=AQCiXWfzwvjjC8OW","username":"KristinThorne.wabc","link":"http://abc7ny.com/news/chaos-at-airport-after-flights-canceled;-3-li-residents-arrested/1971163/","timeQuantum":4981200,"title":"Chaos at airport after flights canceled; 3 LI residents arrested","type":"link"},{"content":"I'm working on a story related to opioid addiction in Nassau County. I'm looking for someone who lives in Nassau County who would be willing to share their story of opioid addiction and/or opioid and then subsequent heroin addiction. Or do you have a loved one who dealt with these issues. Please leave a comment here and I will direct message you.","profileString":"facebook_page.120562661388658","postURL":"https://facebook.com/120562661388658/posts/1162343317210582","avatar":"https://graph.facebook.com/120562661388658/picture","classification":{"engine":"aylien","language":"en","taxonomy":[{"score":"0.1968","confident":false,"links":[{"link":"https://api.aylien.com/api/v1/classify/taxonomy/iab-qag/IAB6-3","rel":"self"},{"link":"https://api.aylien.com/api/v1/classify/taxonomy/iab-qag/IAB6","rel":"parent"}],"id":"IAB6-3","label":"Daycare/Pre School"},{"score":"0.1921","confident":true,"links":[{"link":"https://api.aylien.com/api/v1/classify/taxonomy/iab-qag/IAB7-2","rel":"self"},{"link":"https://api.aylien.com/api/v1/classify/taxonomy/iab-qag/IAB7","rel":"parent"}],"id":"IAB7-2","label":"A.D.D."},{"score":"0.1896","confident":false,"links":[{"link":"https://api.aylien.com/api/v1/classify/taxonomy/iab-qag/IAB25-2","rel":"self"},{"link":"https://api.aylien.com/api/v1/classify/taxonomy/iab-qag/IAB25","rel":"parent"}],"id":"IAB25-2","label":"Extreme Graphic/Explicit Violence"},{"score":"0.0735","confident":false,"links":[{"link":"https://api.aylien.com/api/v1/classify/taxonomy/iab-qag/IAB2-16","rel":"self"},{"link":"https://api.aylien.com/api/v1/classify/taxonomy/iab-qag/IAB2","rel":"parent"}],"id":"IAB2-16","label":"Off-Road Vehicles"},{"score":"0.0576","confident":false,"links":[{"link":"https://api.aylien.com/api/v1/classify/taxonomy/iab-qag/IAB9","rel":"self"}],"id":"IAB9","label":"Hobbies & Interests"},{"score":"0.0540","confident":false,"links":[{"link":"https://api.aylien.com/api/v1/classify/taxonomy/iab-qag/IAB25","rel":"self"}],"id":"IAB25","label":"Non-Standard Content"},{"score":"0.0489","confident":false,"links":[{"link":"https://api.aylien.com/api/v1/classify/taxonomy/iab-qag/IAB9-28","rel":"self"},{"link":"https://api.aylien.com/api/v1/classify/taxonomy/iab-qag/IAB9","rel":"parent"}],"id":"IAB9-28","label":"Screenwriting"},{"score":"0.0486","confident":false,"links":[{"link":"https://api.aylien.com/api/v1/classify/taxonomy/iab-qag/IAB7","rel":"self"}],"id":"IAB7","label":"Health & Fitness"},{"score":"0.0477","confident":false,"links":[{"link":"https://api.aylien.com/api/v1/classify/taxonomy/iab-qag/IAB6","rel":"self"}],"id":"IAB6","label":"Family & Parenting"},{"score":"0.0469","confident":false,"links":[{"link":"https://api.aylien.com/api/v1/classify/taxonomy/iab-qag/IAB2","rel":"self"}],"id":"IAB2","label":"Automotive"},{"score":"0.0465","confident":false,"links":[{"link":"https://api.aylien.com/api/v1/classify/taxonomy/iab-qag/IAB17","rel":"self"}],"id":"IAB17","label":"Sports"},{"score":"0.0381","confident":false,"links":[{"link":"https://api.aylien.com/api/v1/classify/taxonomy/iab-qag/IAB17-18","rel":"self"},{"link":"https://api.aylien.com/api/v1/classify/taxonomy/iab-qag/IAB17","rel":"parent"}],"id":"IAB17-18","label":"Hunting/Shooting"}]},"postidString":"facebook_page.120562661388658_1162343317210582","postMeta":{"inserted":"content-engine"},"timestamp":1494873205,"sharesRcvd":0,"likesRcvd":4,"source":"facebook_page","lastUpdateQuantum":4984415,"name":"Kristin Thorne","repliesRcvd":2,"username":"KristinThorne.wabc","timeQuantum":4982910,"type":"status"},{"content":"BREAKING: EWN has confirmed the following about the Times Square driver:\n\nThe 26 year old driver, a Bronx man, appears to have made a wrong turn north on Seventh Avenue and drive north in the wrong direction for three blocks, striking multiple pedestrians until crashing at west 45th Street\n \nWhen he crashed, he attempted to flee on foot but was detained. He punched a police officer as they took him into custody\n \nThe driver is a Bronx man who has two prior arrests for driving while intoxicated and other motor vehicle violations. He may also have been driving with a suspended license.\n \nThe NYPD has recovered video showing all of this","profileString":"facebook_page.120562661388658","postURL":"https://facebook.com/120562661388658/posts/1165131720265075","avatar":"https://graph.facebook.com/120562661388658/picture","classification":{"engine":"aylien","language":"en","taxonomy":[{"score":"0.1652","confident":true,"links":[{"link":"https://api.aylien.com/api/v1/classify/taxonomy/iab-qag/IAB2-4","rel":"self"},{"link":"https://api.aylien.com/api/v1/classify/taxonomy/iab-qag/IAB2","rel":"parent"}],"id":"IAB2-4","label":"Car Culture"},{"score":"0.1484","confident":true,"links":[{"link":"https://api.aylien.com/api/v1/classify/taxonomy/iab-qag/IAB2","rel":"self"}],"id":"IAB2","label":"Automotive"}]},"postidString":"facebook_page.120562661388658_1165131720265075","postMeta":{"inserted":"content-engine"},"timestamp":1495126227,"sharesRcvd":10,"likesRcvd":21,"source":"facebook_page","lastUpdateQuantum":4984415,"name":"Kristin Thorne","repliesRcvd":6,"username":"KristinThorne.wabc","timeQuantum":4983754,"type":"status"}]