[{"content":"Honored to be the emcee at this year's National Kidney Foundation serving Greater New York walk. \nWhat a fantastic turnout for such an important cause!","profileString":"facebook_page.140818556035676","postURL":"https://facebook.com/140818556035676/posts/1289160681201452","avatar":"https://graph.facebook.com/140818556035676/picture","classification":{"engine":"aylien","language":"en","taxonomy":[{"score":"0.0705","confident":false,"links":[{"link":"https://api.aylien.com/api/v1/classify/taxonomy/iab-qag/IAB9","rel":"self"}],"id":"IAB9","label":"Hobbies & Interests"},{"score":"0.0620","confident":false,"links":[{"link":"https://api.aylien.com/api/v1/classify/taxonomy/iab-qag/IAB17","rel":"self"}],"id":"IAB17","label":"Sports"},{"score":"0.0620","confident":true,"links":[{"link":"https://api.aylien.com/api/v1/classify/taxonomy/iab-qag/IAB17-42","rel":"self"},{"link":"https://api.aylien.com/api/v1/classify/taxonomy/iab-qag/IAB17","rel":"parent"}],"id":"IAB17-42","label":"Walking"},{"score":"0.0525","confident":false,"links":[{"link":"https://api.aylien.com/api/v1/classify/taxonomy/iab-qag/IAB9-23","rel":"self"},{"link":"https://api.aylien.com/api/v1/classify/taxonomy/iab-qag/IAB9","rel":"parent"}],"id":"IAB9-23","label":"Photography"}]},"postidString":"facebook_page.140818556035676_1289160681201452","postMeta":{"inserted":"content-engine"},"timestamp":1494279488,"sharesRcvd":0,"likesRcvd":35,"source":"facebook_page","lastUpdateQuantum":4984137,"name":"Jodi Goldberg","imageLarge":"https://scontent.xx.fbcdn.net/v/t1.0-9/s720x720/18301422_1289160681201452_8970384404122566097_n.jpg?oh=91be3e5656025f09a95af5417315cc85&oe=597F7C8B","objectID":"1289160681201452","repliesRcvd":3,"image":"https://scontent.xx.fbcdn.net/v/t1.0-0/s130x130/18301422_1289160681201452_8970384404122566097_n.jpg?oh=01f36090ca374aadc1248036c2b8d1e5&oe=59B0259E","username":"JodiGoldbergReporter","link":"https://www.facebook.com/JodiGoldbergReporter/photos/a.141293649321500.27967.140818556035676/1289160681201452/?type=3","timeQuantum":4980931,"title":"Timeline Photos","type":"photo"}]