[{"content":"http://trib.al/SkpeFud","profileString":"facebook_page.182778578409026","postURL":"https://facebook.com/182778578409026/posts/1522492697770934","avatar":"https://graph.facebook.com/182778578409026/picture","classification":{"engine":"aylien","language":"en","taxonomy":[{"score":"0.3809","confident":false,"links":[{"link":"https://api.aylien.com/api/v1/classify/taxonomy/iab-qag/IAB26-4","rel":"self"},{"link":"https://api.aylien.com/api/v1/classify/taxonomy/iab-qag/IAB26","rel":"parent"}],"id":"IAB26-4","label":"Copyright Infringement"},{"score":"0.1002","confident":true,"links":[{"link":"https://api.aylien.com/api/v1/classify/taxonomy/iab-qag/IAB26","rel":"self"}],"id":"IAB26","label":"Illegal Content"}]},"postidString":"facebook_page.182778578409026_1522492697770934","postMeta":{"inserted":"content-engine"},"timestamp":1496190342,"sharesRcvd":0,"likesRcvd":7,"source":"facebook_page","lastUpdateQuantum":4995099,"name":"Yolanda Vasquez Telemundo47","imageLarge":"https://external.xx.fbcdn.net/safe_image.php?d=AQBrm-cw9LbxQeZ8&url=http%3A%2F%2Fmedia.telemundo47.com%2Fimages%2F1200%2A675%2FAnuncian_plan_de_proteccion_para_las_costas_de_Staten_I.jpg&_nc_hash=AQB7DvTKUtIpdkxO","repliesRcvd":0,"image":"https://external.xx.fbcdn.net/safe_image.php?d=AQAMtUOnVVAkqtqr&w=130&h=130&url=http%3A%2F%2Fmedia.telemundo47.com%2Fimages%2F1200%2A675%2FAnuncian_plan_de_proteccion_para_las_costas_de_Staten_I.jpg&cfs=1&_nc_hash=AQB4HV1O6__5lH98","username":"yolanda.telemundo","link":"http://trib.al/SkpeFud","timeQuantum":4987301,"title":"Anuncian plan de protección para las costas de Staten Island","type":"link"},{"content":"http://trib.al/Ud8SYhD","profileString":"facebook_page.182778578409026","postURL":"https://facebook.com/182778578409026/posts/1522492691104268","avatar":"https://graph.facebook.com/182778578409026/picture","classification":{"engine":"aylien","language":"en","taxonomy":[{"score":"0.2213","confident":true,"links":[{"link":"https://api.aylien.com/api/v1/classify/taxonomy/iab-qag/IAB20-21","rel":"self"},{"link":"https://api.aylien.com/api/v1/classify/taxonomy/iab-qag/IAB20","rel":"parent"}],"id":"IAB20-21","label":"Mexico & Central America"},{"score":"0.0817","confident":true,"links":[{"link":"https://api.aylien.com/api/v1/classify/taxonomy/iab-qag/IAB20","rel":"self"}],"id":"IAB20","label":"Travel"},{"score":"0.0672","confident":false,"links":[{"link":"https://api.aylien.com/api/v1/classify/taxonomy/iab-qag/IAB17","rel":"self"}],"id":"IAB17","label":"Sports"},{"score":"0.0394","confident":false,"links":[{"link":"https://api.aylien.com/api/v1/classify/taxonomy/iab-qag/IAB17-13","rel":"self"},{"link":"https://api.aylien.com/api/v1/classify/taxonomy/iab-qag/IAB17","rel":"parent"}],"id":"IAB17-13","label":"Freshwater Fishing"}]},"postidString":"facebook_page.182778578409026_1522492691104268","postMeta":{"inserted":"content-engine"},"timestamp":1496271331,"sharesRcvd":0,"likesRcvd":1,"source":"facebook_page","lastUpdateQuantum":4995099,"name":"Yolanda Vasquez Telemundo47","imageLarge":"https://external.xx.fbcdn.net/safe_image.php?d=AQAEGDg1UCyvaEM1&url=http%3A%2F%2Fmedia.telemundo47.com%2Fimages%2F1200%2A675%2FTLMD-danner-polcia-bronx-st-53117.jpg&_nc_hash=AQAirLeYHS3UnUS1","repliesRcvd":0,"image":"https://external.xx.fbcdn.net/safe_image.php?d=AQCClrsAT4xgo513&w=130&h=130&url=http%3A%2F%2Fmedia.telemundo47.com%2Fimages%2F1200%2A675%2FTLMD-danner-polcia-bronx-st-53117.jpg&cfs=1&_nc_hash=AQA-V1dhbvgGtI-o","username":"yolanda.telemundo","link":"http://trib.al/Ud8SYhD","timeQuantum":4987571,"title":"Policía recibe cargos por asesinato de incapacitada","type":"link"},{"content":"Escena macabra en el Bronx donde un hombre es hallado en un apartamento en llamas con un disparo en la cabeza. Telemundo 47 a las 5 y a las 6 pm tiene la última información.","profileString":"facebook_page.182778578409026","postURL":"https://facebook.com/182778578409026/posts/1522506574436213","avatar":"https://graph.facebook.com/182778578409026/picture","classification":{"engine":"aylien","language":"en","taxonomy":[{"score":"0.3844","confident":false,"links":[{"link":"https://api.aylien.com/api/v1/classify/taxonomy/iab-qag/IAB12-3","rel":"self"},{"link":"https://api.aylien.com/api/v1/classify/taxonomy/iab-qag/IAB12","rel":"parent"}],"id":"IAB12-3","label":"Local News"},{"score":"0.1150","confident":true,"links":[{"link":"https://api.aylien.com/api/v1/classify/taxonomy/iab-qag/IAB20-21","rel":"self"},{"link":"https://api.aylien.com/api/v1/classify/taxonomy/iab-qag/IAB20","rel":"parent"}],"id":"IAB20-21","label":"Mexico & Central America"},{"score":"0.0640","confident":false,"links":[{"link":"https://api.aylien.com/api/v1/classify/taxonomy/iab-qag/IAB9","rel":"self"}],"id":"IAB9","label":"Hobbies & Interests"},{"score":"0.0627","confident":false,"links":[{"link":"https://api.aylien.com/api/v1/classify/taxonomy/iab-qag/IAB20","rel":"self"}],"id":"IAB20","label":"Travel"},{"score":"0.0587","confident":false,"links":[{"link":"https://api.aylien.com/api/v1/classify/taxonomy/iab-qag/IAB12","rel":"self"}],"id":"IAB12","label":"News"},{"score":"0.0531","confident":false,"links":[{"link":"https://api.aylien.com/api/v1/classify/taxonomy/iab-qag/IAB9-4","rel":"self"},{"link":"https://api.aylien.com/api/v1/classify/taxonomy/iab-qag/IAB9","rel":"parent"}],"id":"IAB9-4","label":"Birdwatching"}]},"postidString":"facebook_page.182778578409026_1522506574436213","postMeta":{"inserted":"content-engine"},"timestamp":1496349922,"sharesRcvd":2,"likesRcvd":20,"source":"facebook_page","lastUpdateQuantum":4995099,"name":"Yolanda Vasquez Telemundo47","imageLarge":"https://scontent.xx.fbcdn.net/v/t15.0-10/s720x720/18896324_1522507171102820_2221876140878856192_n.jpg?oh=6782e2f64a5dc8cc47c323f639378427&oe=59E4A1A3","objectID":"1522506574436213","repliesRcvd":2,"image":"https://scontent.xx.fbcdn.net/v/t15.0-10/s130x130/18896324_1522507171102820_2221876140878856192_n.jpg?oh=bc3e739a258d192eabf7ca574e54d394&oe=59AE5281","username":"yolanda.telemundo","link":"https://www.facebook.com/yolanda.telemundo/videos/1522506574436213/","timeQuantum":4987833,"video":"https://video.xx.fbcdn.net/v/t42.1790-2/18846604_1512126265527114_8864175336250671104_n.mp4?efg=eyJybHIiOjY2NywicmxhIjo2MjYsInZlbmNvZGVfdGFnIjoic3ZlX3NkIn0%3D&rl=667&vabr=371&oh=59162238f827523451cdc46d333f69bb&oe=59334C83","type":"video"},{"content":"http://trib.al/vfUSLWs","profileString":"facebook_page.182778578409026","postURL":"https://facebook.com/182778578409026/posts/1523525007667703","avatar":"https://graph.facebook.com/182778578409026/picture","classification":{"engine":"aylien","language":"en","taxonomy":[{"score":"0.3809","confident":false,"links":[{"link":"https://api.aylien.com/api/v1/classify/taxonomy/iab-qag/IAB26-4","rel":"self"},{"link":"https://api.aylien.com/api/v1/classify/taxonomy/iab-qag/IAB26","rel":"parent"}],"id":"IAB26-4","label":"Copyright Infringement"},{"score":"0.1002","confident":true,"links":[{"link":"https://api.aylien.com/api/v1/classify/taxonomy/iab-qag/IAB26","rel":"self"}],"id":"IAB26","label":"Illegal Content"}]},"postidString":"facebook_page.182778578409026_1523525007667703","postMeta":{"inserted":"content-engine"},"timestamp":1496449033,"sharesRcvd":0,"likesRcvd":4,"source":"facebook_page","lastUpdateQuantum":4995099,"name":"Yolanda Vasquez Telemundo47","imageLarge":"https://external.xx.fbcdn.net/safe_image.php?d=AQChuv_rP2SXndT7&url=http%3A%2F%2Fmedia.telemundo47.com%2Fimages%2F1200%2A675%2FOscar_Lopez_Rivera_declina_homenaje.jpg&_nc_hash=AQAYnmphQhPCWdsm","repliesRcvd":1,"image":"https://external.xx.fbcdn.net/safe_image.php?d=AQCPJZR9JKJxCZpH&w=130&h=130&url=http%3A%2F%2Fmedia.telemundo47.com%2Fimages%2F1200%2A675%2FOscar_Lopez_Rivera_declina_homenaje.jpg&cfs=1&sx=386&sy=0&sw=675&sh=675&_nc_hash=AQDgK8A_qCVllR9r","username":"yolanda.telemundo","link":"http://trib.al/vfUSLWs","timeQuantum":4988163,"title":"Oscar López Rivera declina homenaje","type":"link"},{"content":"http://trib.al/CA4syMV","profileString":"facebook_page.182778578409026","postURL":"https://facebook.com/182778578409026/posts/1531397073547163","avatar":"https://graph.facebook.com/182778578409026/picture","classification":{"engine":"aylien","language":"en","taxonomy":[{"score":"0.1563","confident":true,"links":[{"link":"https://api.aylien.com/api/v1/classify/taxonomy/iab-qag/IAB20-21","rel":"self"},{"link":"https://api.aylien.com/api/v1/classify/taxonomy/iab-qag/IAB20","rel":"parent"}],"id":"IAB20-21","label":"Mexico & Central America"},{"score":"0.0768","confident":false,"links":[{"link":"https://api.aylien.com/api/v1/classify/taxonomy/iab-qag/IAB20","rel":"self"}],"id":"IAB20","label":"Travel"}]},"postidString":"facebook_page.182778578409026_1531397073547163","postMeta":{"inserted":"content-engine"},"timestamp":1497047834,"sharesRcvd":0,"likesRcvd":2,"source":"facebook_page","lastUpdateQuantum":4995099,"name":"Yolanda Vasquez Telemundo47","imageLarge":"https://external.xx.fbcdn.net/safe_image.php?d=AQC_Sk7CbAXBKJRN&url=http%3A%2F%2Fmedia.telemundo47.com%2Fimages%2F1200%2A675%2FTLMD-arresto-sospechoso-apunalar-embarazada.jpg&_nc_hash=AQC3MDxXMF4adoRg","repliesRcvd":0,"image":"https://external.xx.fbcdn.net/safe_image.php?d=AQDssbL9XB0Z4z0I&w=130&h=130&url=http%3A%2F%2Fmedia.telemundo47.com%2Fimages%2F1200%2A675%2FTLMD-arresto-sospechoso-apunalar-embarazada.jpg&cfs=1&sx=274&sy=0&sw=675&sh=675&_nc_hash=AQA06o3hj0grSEzR","username":"yolanda.telemundo","link":"http://trib.al/CA4syMV","timeQuantum":4990159,"title":"Sospechoso de apuñalar a embarazada recibe cargos","type":"link"},{"content":"http://trib.al/yT29gtS","profileString":"facebook_page.182778578409026","postURL":"https://facebook.com/182778578409026/posts/1537379289615608","avatar":"https://graph.facebook.com/182778578409026/picture","classification":{"engine":"aylien","language":"en","taxonomy":[{"score":"0.3809","confident":false,"links":[{"link":"https://api.aylien.com/api/v1/classify/taxonomy/iab-qag/IAB26-4","rel":"self"},{"link":"https://api.aylien.com/api/v1/classify/taxonomy/iab-qag/IAB26","rel":"parent"}],"id":"IAB26-4","label":"Copyright Infringement"},{"score":"0.1002","confident":true,"links":[{"link":"https://api.aylien.com/api/v1/classify/taxonomy/iab-qag/IAB26","rel":"self"}],"id":"IAB26","label":"Illegal Content"}]},"postidString":"facebook_page.182778578409026_1537379289615608","postMeta":{"inserted":"content-engine"},"timestamp":1497496819,"sharesRcvd":2,"likesRcvd":13,"source":"facebook_page","lastUpdateQuantum":4995495,"name":"Yolanda Vasquez Telemundo47","imageLarge":"https://external.xx.fbcdn.net/safe_image.php?d=AQAWUJcbib7AMnVJ&url=http%3A%2F%2Fmedia.telemundo47.com%2Fimages%2F1200%2A675%2FLluvia_de_acusaciones_contra_guarderia_infantil_en_Long.jpg&_nc_hash=AQDSFeS-aAHasQ7U","repliesRcvd":2,"image":"https://external.xx.fbcdn.net/safe_image.php?d=AQAXeJHCmxM-sHVw&w=130&h=130&url=http%3A%2F%2Fmedia.telemundo47.com%2Fimages%2F1200%2A675%2FLluvia_de_acusaciones_contra_guarderia_infantil_en_Long.jpg&cfs=1&sx=0&sy=0&sw=675&sh=675&_nc_hash=AQBNQRvWoV8h86z7","username":"yolanda.telemundo","link":"http://trib.al/yT29gtS","timeQuantum":4991656,"title":"Lluvia de acusaciones contra guardería infantil en Long Island","type":"link"},{"content":"http://trib.al/09LS8Xg","profileString":"facebook_page.182778578409026","postURL":"https://facebook.com/182778578409026/posts/1538301029523434","avatar":"https://graph.facebook.com/182778578409026/picture","classification":{"engine":"aylien","language":"en","taxonomy":[{"score":"0.1954","confident":true,"links":[{"link":"https://api.aylien.com/api/v1/classify/taxonomy/iab-qag/IAB20-21","rel":"self"},{"link":"https://api.aylien.com/api/v1/classify/taxonomy/iab-qag/IAB20","rel":"parent"}],"id":"IAB20-21","label":"Mexico & Central America"},{"score":"0.0772","confident":true,"links":[{"link":"https://api.aylien.com/api/v1/classify/taxonomy/iab-qag/IAB20","rel":"self"}],"id":"IAB20","label":"Travel"}]},"postidString":"facebook_page.182778578409026_1538301029523434","postMeta":{"inserted":"content-engine"},"timestamp":1497566995,"sharesRcvd":0,"likesRcvd":6,"source":"facebook_page","lastUpdateQuantum":4995720,"name":"Yolanda Vasquez Telemundo47","imageLarge":"https://external.xx.fbcdn.net/safe_image.php?d=AQD9yczW4xJ2gWfH&url=http%3A%2F%2Fmedia.telemundo47.com%2Fimages%2F1200%2A675%2FTLMD-accidente-gwb-bebe-muere-st.jpg&_nc_hash=AQAvbwfMn0xolHa5","repliesRcvd":0,"image":"https://external.xx.fbcdn.net/safe_image.php?d=AQDnfmD_N-2maOFz&w=130&h=130&url=http%3A%2F%2Fmedia.telemundo47.com%2Fimages%2F1200%2A675%2FTLMD-accidente-gwb-bebe-muere-st.jpg&cfs=1&_nc_hash=AQDrpQlybOvmZ8qL","username":"yolanda.telemundo","link":"http://trib.al/09LS8Xg","timeQuantum":4991889,"title":"Investigan mortal accidente en el puente George Washington","type":"link"},{"content":"Queremos desearle un día maravilloso a todos los buenos padres del mundo que Dios derrame millones de bendiciones sobre ellos y sobre sus hijos.","profileString":"facebook_page.182778578409026","postURL":"https://facebook.com/182778578409026/posts/1541225389230998","avatar":"https://graph.facebook.com/182778578409026/picture","classification":{"engine":"aylien","language":"en","taxonomy":[{"score":"0.0799","confident":true,"links":[{"link":"https://api.aylien.com/api/v1/classify/taxonomy/iab-qag/IAB9","rel":"self"}],"id":"IAB9","label":"Hobbies & Interests"},{"score":"0.0581","confident":false,"links":[{"link":"https://api.aylien.com/api/v1/classify/taxonomy/iab-qag/IAB9-23","rel":"self"},{"link":"https://api.aylien.com/api/v1/classify/taxonomy/iab-qag/IAB9","rel":"parent"}],"id":"IAB9-23","label":"Photography"}]},"postidString":"facebook_page.182778578409026_1541224705897733","postMeta":{"inserted":"content-engine"},"timestamp":1497805605,"sharesRcvd":0,"likesRcvd":29,"source":"facebook_page","lastUpdateQuantum":4995720,"name":"Yolanda Vasquez Telemundo47","imageLarge":"https://scontent.xx.fbcdn.net/v/t1.0-0/p180x540/19225524_1541224705897733_4792230105940705394_n.jpg?oh=bb808eda7f1b69b1577831ecab591f79&oe=59E6E9BD","originalID":"182778578409026_1541225389230998","objectID":"1541224705897733","repliesRcvd":1,"image":"https://scontent.xx.fbcdn.net/v/t1.0-0/s130x130/19225524_1541224705897733_4792230105940705394_n.jpg?oh=c6c3d11c60b5cdf1d557c768c220be74&oe=599DEDC1","username":"yolanda.telemundo","link":"https://www.facebook.com/yolanda.telemundo/photos/a.692251170795095.1073741825.182778578409026/1541224705897733/?type=3","timeQuantum":4992685,"title":"Photos from Yolanda Vasquez Telemundo47's post","type":"photo"},{"content":"Presunto atacante de un padre hispano está ya tras las rejas. Visitamos a la víctima en el hospital.  Le contamos que le pregunta  la esposa am supuesto delincuente . A las 6 pm en Telemundo 47","profileString":"facebook_page.182778578409026","postURL":"https://facebook.com/182778578409026/posts/1546864118667125","avatar":"https://graph.facebook.com/182778578409026/picture","classification":{"engine":"aylien","language":"en","taxonomy":[{"score":"0.3989","links":[{"rel":"self","link":"https://api.aylien.com/api/v1/classify/taxonomy/iab-qag/IAB12-3"},{"rel":"parent","link":"https://api.aylien.com/api/v1/classify/taxonomy/iab-qag/IAB12"}],"label":"Local News","id":"IAB12-3","confident":false},{"score":"0.1353","links":[{"rel":"self","link":"https://api.aylien.com/api/v1/classify/taxonomy/iab-qag/IAB20-21"},{"rel":"parent","link":"https://api.aylien.com/api/v1/classify/taxonomy/iab-qag/IAB20"}],"label":"Mexico & Central America","id":"IAB20-21","confident":true},{"score":"0.0672","links":[{"rel":"self","link":"https://api.aylien.com/api/v1/classify/taxonomy/iab-qag/IAB20"}],"label":"Travel","id":"IAB20","confident":false},{"score":"0.0635","links":[{"rel":"self","link":"https://api.aylien.com/api/v1/classify/taxonomy/iab-qag/IAB12"}],"label":"News","id":"IAB12","confident":false},{"score":"0.0597","links":[{"rel":"self","link":"https://api.aylien.com/api/v1/classify/taxonomy/iab-qag/IAB9"}],"label":"Hobbies & Interests","id":"IAB9","confident":false},{"score":"0.0549","links":[{"rel":"self","link":"https://api.aylien.com/api/v1/classify/taxonomy/iab-qag/IAB9-28"},{"rel":"parent","link":"https://api.aylien.com/api/v1/classify/taxonomy/iab-qag/IAB9"}],"label":"Screenwriting","id":"IAB9-28","confident":false}]},"postidString":"facebook_page.182778578409026_1546864118667125","postMeta":{"inserted":"content-engine"},"timestamp":1498254959,"sharesRcvd":0,"likesRcvd":14,"source":"facebook_page","lastUpdateQuantum":4995828,"name":"Yolanda Vasquez Telemundo47","imageLarge":"https://scontent.xx.fbcdn.net/v/t15.0-10/s720x720/19479042_1546866565333547_2837204186842529792_n.jpg?oh=802536919e1be6933cc8ba0ec7f19306&oe=59E89131","objectID":"1546864118667125","repliesRcvd":0,"image":"https://scontent.xx.fbcdn.net/v/t15.0-10/s130x130/19479042_1546866565333547_2837204186842529792_n.jpg?oh=328814dbb4b9267d6409a1b840ec90e5&oe=59E25C13","username":"yolanda.telemundo","link":"https://www.facebook.com/yolanda.telemundo/videos/1546864118667125/","timeQuantum":4994183,"video":"https://video.xx.fbcdn.net/v/t42.1790-2/19375743_438861149805428_333292567430955008_n.mp4?efg=eyJybHIiOjQ1MSwicmxhIjo1MTIsInZlbmNvZGVfdGFnIjoic3ZlX3NkIn0%3D&rl=451&vabr=251&oh=820a704f93ee5cbae9c4ef93e9bab0d9&oe=594FD8BE","type":"video"},{"content":"http://trib.al/SQNrUc6","profileString":"facebook_page.182778578409026","postURL":"https://facebook.com/182778578409026/posts/1546909185329285","avatar":"https://graph.facebook.com/182778578409026/picture","classification":{"engine":"aylien","language":"en","taxonomy":[{"score":"0.1450","links":[{"rel":"self","link":"https://api.aylien.com/api/v1/classify/taxonomy/iab-qag/IAB20-21"},{"rel":"parent","link":"https://api.aylien.com/api/v1/classify/taxonomy/iab-qag/IAB20"}],"label":"Mexico & Central America","id":"IAB20-21","confident":true},{"score":"0.0687","links":[{"rel":"self","link":"https://api.aylien.com/api/v1/classify/taxonomy/iab-qag/IAB20"}],"label":"Travel","id":"IAB20","confident":false},{"score":"0.0632","links":[{"rel":"self","link":"https://api.aylien.com/api/v1/classify/taxonomy/iab-qag/IAB17"}],"label":"Sports","id":"IAB17","confident":false},{"score":"0.0559","links":[{"rel":"self","link":"https://api.aylien.com/api/v1/classify/taxonomy/iab-qag/IAB9"}],"label":"Hobbies & Interests","id":"IAB9","confident":false},{"score":"0.0553","links":[{"rel":"self","link":"https://api.aylien.com/api/v1/classify/taxonomy/iab-qag/IAB9-4"},{"rel":"parent","link":"https://api.aylien.com/api/v1/classify/taxonomy/iab-qag/IAB9"}],"label":"Birdwatching","id":"IAB9-4","confident":false},{"score":"0.0431","links":[{"rel":"self","link":"https://api.aylien.com/api/v1/classify/taxonomy/iab-qag/IAB17-43"},{"rel":"parent","link":"https://api.aylien.com/api/v1/classify/taxonomy/iab-qag/IAB17"}],"label":"Waterski/Wakeboard","id":"IAB17-43","confident":false}]},"postidString":"facebook_page.182778578409026_1546909185329285","postMeta":{"inserted":"content-engine"},"timestamp":1498259227,"sharesRcvd":0,"likesRcvd":12,"source":"facebook_page","lastUpdateQuantum":4995828,"name":"Yolanda Vasquez Telemundo47","imageLarge":"https://external.xx.fbcdn.net/safe_image.php?d=AQATnnmZYAZFuOsv&url=http%3A%2F%2Fmedia.telemundo47.com%2Fimages%2F1200%2A675%2FCae_sospechoso_de_propinar_brutal_paliza_a_mexicano.jpg&_nc_hash=AQA7GWMGP2WT4SsQ","repliesRcvd":1,"image":"https://external.xx.fbcdn.net/safe_image.php?d=AQArmEWdwNRbHkHF&w=130&h=130&url=http%3A%2F%2Fmedia.telemundo47.com%2Fimages%2F1200%2A675%2FCae_sospechoso_de_propinar_brutal_paliza_a_mexicano.jpg&cfs=1&sx=227&sy=0&sw=675&sh=675&_nc_hash=AQCXMQterhnvJUQX","username":"yolanda.telemundo","link":"http://trib.al/SQNrUc6","timeQuantum":4994197,"type":"link","title":"Cae sospechoso de propinar brutal paliza a mexicano"},{"content":"http://trib.al/nsWi93y","profileString":"facebook_page.182778578409026","postURL":"https://facebook.com/182778578409026/posts/1550649318288605","avatar":"https://graph.facebook.com/182778578409026/picture","classification":{"engine":"aylien","language":"en","taxonomy":[{"score":"0.1763","links":[{"rel":"self","link":"https://api.aylien.com/api/v1/classify/taxonomy/iab-qag/IAB20-21"},{"rel":"parent","link":"https://api.aylien.com/api/v1/classify/taxonomy/iab-qag/IAB20"}],"label":"Mexico & Central America","id":"IAB20-21","confident":true},{"score":"0.0781","links":[{"rel":"self","link":"https://api.aylien.com/api/v1/classify/taxonomy/iab-qag/IAB20"}],"label":"Travel","id":"IAB20","confident":true}]},"postidString":"facebook_page.182778578409026_1550649318288605","postMeta":{"inserted":"content-engine"},"timestamp":1498594771,"sharesRcvd":1,"likesRcvd":7,"source":"facebook_page","lastUpdateQuantum":4995828,"name":"Yolanda Vasquez Telemundo47","imageLarge":"https://external.xx.fbcdn.net/safe_image.php?d=AQB8tp9X6GaeATBk&url=http%3A%2F%2Fmedia.telemundo47.com%2Fimages%2F1200%2A685%2FTLMD-nypd-622617-queens-st.jpg&_nc_hash=AQA4OB6kEh4GQgGO","repliesRcvd":1,"image":"https://external.xx.fbcdn.net/safe_image.php?d=AQBOFumEZR6ePaBH&w=130&h=130&url=http%3A%2F%2Fmedia.telemundo47.com%2Fimages%2F1200%2A685%2FTLMD-nypd-622617-queens-st.jpg&cfs=1&_nc_hash=AQC-KCMB8k3hu5Qw","username":"yolanda.telemundo","link":"http://trib.al/nsWi93y","timeQuantum":4995315,"type":"link","title":"Investigan hallazgo de joven semidesnuda en Queens"},{"content":"Servicio limitado del tren luego de un descarrilamiento de la línea A. El caos se apoderó de cientos de pasajeros. En vivo a las 5 y a las 6 desde la 125 y St Nicholas. Telemundo 47","profileString":"facebook_page.182778578409026","postURL":"https://facebook.com/182778578409026/posts/1550688501618020","avatar":"https://graph.facebook.com/182778578409026/picture","classification":{"engine":"aylien","language":"en","taxonomy":[{"score":"0.1488","links":[{"rel":"self","link":"https://api.aylien.com/api/v1/classify/taxonomy/iab-qag/IAB20-21"},{"rel":"parent","link":"https://api.aylien.com/api/v1/classify/taxonomy/iab-qag/IAB20"}],"label":"Mexico & Central America","id":"IAB20-21","confident":true},{"score":"0.0711","links":[{"rel":"self","link":"https://api.aylien.com/api/v1/classify/taxonomy/iab-qag/IAB20"}],"label":"Travel","id":"IAB20","confident":false},{"score":"0.0633","links":[{"rel":"self","link":"https://api.aylien.com/api/v1/classify/taxonomy/iab-qag/IAB9"}],"label":"Hobbies & Interests","id":"IAB9","confident":false},{"score":"0.0631","links":[{"rel":"self","link":"https://api.aylien.com/api/v1/classify/taxonomy/iab-qag/IAB17"}],"label":"Sports","id":"IAB17","confident":false},{"score":"0.0547","links":[{"rel":"self","link":"https://api.aylien.com/api/v1/classify/taxonomy/iab-qag/IAB9-4"},{"rel":"parent","link":"https://api.aylien.com/api/v1/classify/taxonomy/iab-qag/IAB9"}],"label":"Birdwatching","id":"IAB9-4","confident":false},{"score":"0.0436","links":[{"rel":"self","link":"https://api.aylien.com/api/v1/classify/taxonomy/iab-qag/IAB17-11"},{"rel":"parent","link":"https://api.aylien.com/api/v1/classify/taxonomy/iab-qag/IAB17"}],"label":"Fly Fishing","id":"IAB17-11","confident":false}]},"postidString":"facebook_page.182778578409026_1550686474951556","postMeta":{"inserted":"content-engine"},"timestamp":1498598108,"sharesRcvd":4,"likesRcvd":9,"source":"facebook_page","lastUpdateQuantum":4995828,"name":"Yolanda Vasquez Telemundo47","imageLarge":"https://scontent.xx.fbcdn.net/v/t1.0-9/s720x720/19511197_1550686474951556_4420252886491530707_n.jpg?oh=54900ff1b08e9da15b02342626c8af68&oe=59C5D850","originalID":"182778578409026_1550688501618020","objectID":"1550686474951556","repliesRcvd":1,"image":"https://scontent.xx.fbcdn.net/v/t1.0-0/s130x130/19511197_1550686474951556_4420252886491530707_n.jpg?oh=cf58bf45d82d549d4dc42fd7f9d1599d&oe=59D22B45","username":"yolanda.telemundo","link":"https://www.facebook.com/yolanda.telemundo/photos/a.692251170795095.1073741825.182778578409026/1550686474951556/?type=3","timeQuantum":4995327,"type":"photo","title":"Photos from Yolanda Vasquez Telemundo47's post"},{"content":"http://trib.al/lvYd9Xv","profileString":"facebook_page.182778578409026","postURL":"https://facebook.com/182778578409026/posts/1550911711595699","avatar":"https://graph.facebook.com/182778578409026/picture","classification":{"engine":"aylien","language":"en","taxonomy":[{"score":"0.2675","links":[{"rel":"self","link":"https://api.aylien.com/api/v1/classify/taxonomy/iab-qag/IAB23-7"},{"rel":"parent","link":"https://api.aylien.com/api/v1/classify/taxonomy/iab-qag/IAB23"}],"label":"Islam","id":"IAB23-7","confident":true},{"score":"0.0837","links":[{"rel":"self","link":"https://api.aylien.com/api/v1/classify/taxonomy/iab-qag/IAB23"}],"label":"Religion & Spirituality","id":"IAB23","confident":true}]},"postidString":"facebook_page.182778578409026_1550911711595699","postMeta":{"inserted":"content-engine"},"timestamp":1498616563,"sharesRcvd":0,"likesRcvd":4,"source":"facebook_page","lastUpdateQuantum":4995828,"name":"Yolanda Vasquez Telemundo47","repliesRcvd":0,"username":"yolanda.telemundo","timeQuantum":4995388,"type":"status"}]