[{"content":"HOW DO FEEL ABOUT THE SOUND OR RAIN?","profileString":"facebook_page.150454461686323","postURL":"https://facebook.com/150454461686323/posts/1451109468287476","avatar":"https://graph.facebook.com/150454461686323/picture","classification":{"engine":"aylien","language":"en","taxonomy":[{"score":"0.4212","confident":true,"links":[{"link":"https://api.aylien.com/api/v1/classify/taxonomy/iab-qag/IAB15-10","rel":"self"},{"link":"https://api.aylien.com/api/v1/classify/taxonomy/iab-qag/IAB15","rel":"parent"}],"id":"IAB15-10","label":"Weather"},{"score":"0.0846","confident":true,"links":[{"link":"https://api.aylien.com/api/v1/classify/taxonomy/iab-qag/IAB15","rel":"self"}],"id":"IAB15","label":"Science"},{"score":"0.0770","confident":true,"links":[{"link":"https://api.aylien.com/api/v1/classify/taxonomy/iab-qag/IAB9","rel":"self"}],"id":"IAB9","label":"Hobbies & Interests"},{"score":"0.0569","confident":false,"links":[{"link":"https://api.aylien.com/api/v1/classify/taxonomy/iab-qag/IAB9-16","rel":"self"},{"link":"https://api.aylien.com/api/v1/classify/taxonomy/iab-qag/IAB9","rel":"parent"}],"id":"IAB9-16","label":"Guitar"}]},"postidString":"facebook_page.150454461686323_1451109468287476","postMeta":{"inserted":"content-engine"},"timestamp":1496254647,"sharesRcvd":0,"likesRcvd":18,"source":"facebook_page","lastUpdateQuantum":4995670,"name":"Ernie Anastos Fox 5","imageLarge":"https://scontent.xx.fbcdn.net/v/t15.0-10/18895202_1451110538287369_2909558863768322048_n.jpg?oh=5b1a69cbf57b38e991b0fae7f0caba6a&oe=59E17673","objectID":"1451109468287476","repliesRcvd":2,"image":"https://scontent.xx.fbcdn.net/v/t15.0-10/s130x130/18895202_1451110538287369_2909558863768322048_n.jpg?oh=e5d0871122321c6809559bd78a8ea0f2&oe=59A90408","username":"ernie.anastos","link":"https://www.facebook.com/ernie.anastos/videos/1451109468287476/","timeQuantum":4987515,"video":"https://video.xx.fbcdn.net/v/t42.1790-2/18830115_1755617837788790_5270706444570722304_n.mp4?efg=eyJybHIiOjcxOCwicmxhIjo2MjUsInZlbmNvZGVfdGFnIjoic3ZlX3NkIn0%3D&rl=718&vabr=399&oh=058a39b10d0f31ee3a75cafbd724aa92&oe=5931EF63","type":"video"},{"content":"IN ADDITION TO \"I LOVE NEW YORK\" DO YOU HAVE ANOTHER SLOGAN IDEA?","profileString":"facebook_page.150454461686323","postURL":"https://facebook.com/150454461686323/posts/1451285501603206","avatar":"https://graph.facebook.com/150454461686323/picture","classification":{"engine":"aylien","language":"en","taxonomy":[{"score":"0.3497","confident":false,"links":[{"link":"https://api.aylien.com/api/v1/classify/taxonomy/iab-qag/IAB18-6","rel":"self"},{"link":"https://api.aylien.com/api/v1/classify/taxonomy/iab-qag/IAB18","rel":"parent"}],"id":"IAB18-6","label":"Accessories"},{"score":"0.0790","confident":true,"links":[{"link":"https://api.aylien.com/api/v1/classify/taxonomy/iab-qag/IAB18","rel":"self"}],"id":"IAB18","label":"Style & Fashion"},{"score":"0.0720","confident":false,"links":[{"link":"https://api.aylien.com/api/v1/classify/taxonomy/iab-qag/IAB9","rel":"self"}],"id":"IAB9","label":"Hobbies & Interests"},{"score":"0.0506","confident":false,"links":[{"link":"https://api.aylien.com/api/v1/classify/taxonomy/iab-qag/IAB9-13","rel":"self"},{"link":"https://api.aylien.com/api/v1/classify/taxonomy/iab-qag/IAB9","rel":"parent"}],"id":"IAB9-13","label":"Freelance Writing"}]},"postidString":"facebook_page.150454461686323_1451285501603206","postMeta":{"inserted":"content-engine"},"timestamp":1496270550,"sharesRcvd":0,"likesRcvd":15,"source":"facebook_page","lastUpdateQuantum":4995670,"name":"Ernie Anastos Fox 5","imageLarge":"https://scontent.xx.fbcdn.net/v/t15.0-10/18869480_1451286651603091_7332693361180016640_n.jpg?oh=9725b95479c0bdf49ffdbf6861221154&oe=59A7AE3A","objectID":"1451285501603206","repliesRcvd":3,"image":"https://scontent.xx.fbcdn.net/v/t15.0-10/s130x130/18869480_1451286651603091_7332693361180016640_n.jpg?oh=0bb3dd3e27da1a420542d1b7b93404e5&oe=59E5C141","username":"ernie.anastos","link":"https://www.facebook.com/ernie.anastos/videos/1451285501603206/","timeQuantum":4987568,"video":"https://video.xx.fbcdn.net/v/t42.1790-2/18883752_1866160360318023_1193296125629562880_n.mp4?efg=eyJybHIiOjY2NywicmxhIjo2MDEsInZlbmNvZGVfdGFnIjoic3ZlX3NkIn0%3D&rl=667&vabr=371&oh=fc69efa9f51b55b56daa74a67e5c934c&oe=5931E16D","type":"video"},{"content":"Wishing everyone a very happy June filled with good health and happiness!","profileString":"facebook_page.150454461686323","postURL":"https://facebook.com/150454461686323/posts/1451548368243586","avatar":"https://graph.facebook.com/150454461686323/picture","classification":{"engine":"aylien","language":"en","taxonomy":[{"score":"0.1223","confident":true,"links":[{"link":"https://api.aylien.com/api/v1/classify/taxonomy/iab-qag/IAB7","rel":"self"}],"id":"IAB7","label":"Health & Fitness"},{"score":"0.0470","confident":false,"links":[{"link":"https://api.aylien.com/api/v1/classify/taxonomy/iab-qag/IAB7-23","rel":"self"},{"link":"https://api.aylien.com/api/v1/classify/taxonomy/iab-qag/IAB7","rel":"parent"}],"id":"IAB7-23","label":"Headaches/Migraines"}]},"postidString":"facebook_page.150454461686323_1451548368243586","postMeta":{"inserted":"content-engine"},"timestamp":1496292077,"sharesRcvd":4,"likesRcvd":25,"source":"facebook_page","lastUpdateQuantum":4995670,"name":"Ernie Anastos Fox 5","imageLarge":"https://scontent.xx.fbcdn.net/v/t1.0-9/18814193_1451548368243586_3711413019221888311_n.jpg?oh=f68b22f997d97761d42b91890f591c5a&oe=59E1C792","objectID":"1451548368243586","repliesRcvd":3,"image":"https://scontent.xx.fbcdn.net/v/t1.0-0/p130x130/18814193_1451548368243586_3711413019221888311_n.jpg?oh=76b4393bed78628c7fb7776a5068f654&oe=59E04329","username":"ernie.anastos","link":"https://www.facebook.com/ernie.anastos/photos/a.967587853306309.1073741827.150454461686323/1451548368243586/?type=3","timeQuantum":4987640,"title":"Timeline Photos","type":"photo"},{"content":"WHAT'S YOU FAVORITE LINE FROM A MOVIE YOU LIKE?","profileString":"facebook_page.150454461686323","postURL":"https://facebook.com/150454461686323/posts/1453122838086139","avatar":"https://graph.facebook.com/150454461686323/picture","classification":{"engine":"aylien","language":"en","taxonomy":[{"score":"0.7238","confident":true,"links":[{"link":"https://api.aylien.com/api/v1/classify/taxonomy/iab-qag/IAB1-5","rel":"self"},{"link":"https://api.aylien.com/api/v1/classify/taxonomy/iab-qag/IAB1","rel":"parent"}],"id":"IAB1-5","label":"Movies"},{"score":"0.2676","confident":true,"links":[{"link":"https://api.aylien.com/api/v1/classify/taxonomy/iab-qag/IAB1","rel":"self"}],"id":"IAB1","label":"Arts & Entertainment"}]},"postidString":"facebook_page.150454461686323_1453122838086139","postMeta":{"inserted":"content-engine"},"timestamp":1496418054,"sharesRcvd":1,"likesRcvd":17,"source":"facebook_page","lastUpdateQuantum":4995670,"name":"Ernie Anastos Fox 5","imageLarge":"https://scontent.xx.fbcdn.net/v/t15.0-10/18896250_1453126248085798_7321026447592652800_n.jpg?oh=11e44b2eda7281f1c051c73e6f8504ff&oe=59ACECEE","objectID":"1453122838086139","repliesRcvd":8,"image":"https://scontent.xx.fbcdn.net/v/t15.0-10/s130x130/18896250_1453126248085798_7321026447592652800_n.jpg?oh=54691d11dd36b13cb4c2df5fc567e73d&oe=59AFF095","username":"ernie.anastos","link":"https://www.facebook.com/ernie.anastos/videos/1453122838086139/","timeQuantum":4988060,"video":"https://video.xx.fbcdn.net/v/t42.1790-2/18828305_1313805498687628_756441489986289664_n.mp4?efg=eyJybHIiOjY2NiwicmxhIjo1NDksInZlbmNvZGVfdGFnIjoic3ZlX3NkIn0%3D&rl=666&vabr=370&oh=fe9516d98ef4db1cb47bbb555d10b938&oe=59336EE2","type":"video"},{"content":"“When we strive to become better than we are, everything around us becomes better too.”\nHave a good one!","profileString":"facebook_page.150454461686323","postURL":"https://facebook.com/150454461686323/posts/1453346084730481","avatar":"https://graph.facebook.com/150454461686323/picture","classification":{"engine":"aylien","language":"en","taxonomy":[{"score":"0.1849","confident":false,"links":[{"link":"https://api.aylien.com/api/v1/classify/taxonomy/iab-qag/IAB25-4","rel":"self"},{"link":"https://api.aylien.com/api/v1/classify/taxonomy/iab-qag/IAB25","rel":"parent"}],"id":"IAB25-4","label":"Profane Content"},{"score":"0.0856","confident":false,"links":[{"link":"https://api.aylien.com/api/v1/classify/taxonomy/iab-qag/IAB8-8","rel":"self"},{"link":"https://api.aylien.com/api/v1/classify/taxonomy/iab-qag/IAB8","rel":"parent"}],"id":"IAB8-8","label":"Desserts & Baking"},{"score":"0.0680","confident":false,"links":[{"link":"https://api.aylien.com/api/v1/classify/taxonomy/iab-qag/IAB9","rel":"self"}],"id":"IAB9","label":"Hobbies & Interests"},{"score":"0.0632","confident":false,"links":[{"link":"https://api.aylien.com/api/v1/classify/taxonomy/iab-qag/IAB9-23","rel":"self"},{"link":"https://api.aylien.com/api/v1/classify/taxonomy/iab-qag/IAB9","rel":"parent"}],"id":"IAB9-23","label":"Photography"},{"score":"0.0600","confident":false,"links":[{"link":"https://api.aylien.com/api/v1/classify/taxonomy/iab-qag/IAB25","rel":"self"}],"id":"IAB25","label":"Non-Standard Content"},{"score":"0.0561","confident":false,"links":[{"link":"https://api.aylien.com/api/v1/classify/taxonomy/iab-qag/IAB8","rel":"self"}],"id":"IAB8","label":"Food & Drink"},{"score":"0.0550","confident":false,"links":[{"link":"https://api.aylien.com/api/v1/classify/taxonomy/iab-qag/IAB17","rel":"self"}],"id":"IAB17","label":"Sports"},{"score":"0.0377","confident":false,"links":[{"link":"https://api.aylien.com/api/v1/classify/taxonomy/iab-qag/IAB17-11","rel":"self"},{"link":"https://api.aylien.com/api/v1/classify/taxonomy/iab-qag/IAB17","rel":"parent"}],"id":"IAB17-11","label":"Fly Fishing"}]},"postidString":"facebook_page.150454461686323_1453346084730481","postMeta":{"inserted":"content-engine"},"timestamp":1496430128,"sharesRcvd":1,"likesRcvd":13,"source":"facebook_page","lastUpdateQuantum":4995670,"name":"Ernie Anastos Fox 5","imageLarge":"https://scontent.xx.fbcdn.net/v/t1.0-9/18813968_1453346084730481_869189699063514654_n.jpg?oh=b2c0f23d43dfa3c687401bc048299804&oe=59AD8163","objectID":"1453346084730481","repliesRcvd":2,"image":"https://scontent.xx.fbcdn.net/v/t1.0-0/s130x130/18813968_1453346084730481_869189699063514654_n.jpg?oh=12025f9abe946e63d42ddbae47b8c059&oe=59B1B4FE","username":"ernie.anastos","link":"https://www.facebook.com/ernie.anastos/photos/a.967587853306309.1073741827.150454461686323/1453346084730481/?type=3","timeQuantum":4988100,"title":"Timeline Photos","type":"photo"},{"content":"WHAT NICE LESSON HAVE YOUR LEARNED FROM A YOUNG PERSON?","profileString":"facebook_page.150454461686323","postURL":"https://facebook.com/150454461686323/posts/1453520908046332","avatar":"https://graph.facebook.com/150454461686323/picture","classification":{"engine":"aylien","language":"en","taxonomy":[{"score":"0.2649","confident":false,"links":[{"link":"https://api.aylien.com/api/v1/classify/taxonomy/iab-qag/IAB14-6","rel":"self"},{"link":"https://api.aylien.com/api/v1/classify/taxonomy/iab-qag/IAB14","rel":"parent"}],"id":"IAB14-6","label":"Teens"},{"score":"0.0943","confident":true,"links":[{"link":"https://api.aylien.com/api/v1/classify/taxonomy/iab-qag/IAB14","rel":"self"}],"id":"IAB14","label":"Society"}]},"postidString":"facebook_page.150454461686323_1453520908046332","postMeta":{"inserted":"content-engine"},"timestamp":1496443211,"sharesRcvd":0,"likesRcvd":5,"source":"facebook_page","lastUpdateQuantum":4995670,"name":"Ernie Anastos Fox 5","imageLarge":"https://scontent.xx.fbcdn.net/v/t15.0-10/18840937_1453521634712926_352734424091066368_n.jpg?oh=69305e455445fd47b0a8f2dab579bcf7&oe=59DFF3EA","objectID":"1453520908046332","repliesRcvd":4,"image":"https://scontent.xx.fbcdn.net/v/t15.0-10/s130x130/18840937_1453521634712926_352734424091066368_n.jpg?oh=3216996e9cec54aa7914db763f47b72f&oe=59E61607","username":"ernie.anastos","link":"https://www.facebook.com/ernie.anastos/videos/1453520908046332/","timeQuantum":4988144,"video":"https://video.xx.fbcdn.net/v/t42.1790-2/18882655_116334258954797_7220054656976683008_n.mp4?efg=eyJybHIiOjY2NiwicmxhIjo1NDksInZlbmNvZGVfdGFnIjoic3ZlX3NkIn0%3D&rl=666&vabr=370&oh=7e98ad8071e67e9eca52e4fc02dddf9c&oe=59349A2F","type":"video"},{"content":"Big day Sunday at NBA star Giannis Antetokounmpo’s basketball clinic at Adelphi U. I am happy\nto host the Gala event in the evening!","profileString":"facebook_page.150454461686323","postURL":"https://facebook.com/150454461686323/posts/1454687491263007","avatar":"https://graph.facebook.com/150454461686323/picture","classification":{"engine":"aylien","language":"en","taxonomy":[{"score":"0.1717","confident":true,"links":[{"link":"https://api.aylien.com/api/v1/classify/taxonomy/iab-qag/IAB17-26","rel":"self"},{"link":"https://api.aylien.com/api/v1/classify/taxonomy/iab-qag/IAB17","rel":"parent"}],"id":"IAB17-26","label":"Pro Basketball"},{"score":"0.1691","confident":true,"links":[{"link":"https://api.aylien.com/api/v1/classify/taxonomy/iab-qag/IAB17","rel":"self"}],"id":"IAB17","label":"Sports"}]},"postidString":"facebook_page.150454461686323_1454687491263007","postMeta":{"inserted":"content-engine"},"timestamp":1496536083,"sharesRcvd":4,"likesRcvd":18,"source":"facebook_page","lastUpdateQuantum":4995670,"name":"Ernie Anastos Fox 5","imageLarge":"https://scontent.xx.fbcdn.net/v/t1.0-9/s720x720/18835836_1454687491263007_6160342994382564192_n.jpg?oh=a687acc4d23e40f970d166a07358de2c&oe=59B3DC16","objectID":"1454687491263007","repliesRcvd":0,"image":"https://scontent.xx.fbcdn.net/v/t1.0-0/s130x130/18835836_1454687491263007_6160342994382564192_n.jpg?oh=0badaa1c30e45ad4251812f56870fe3e&oe=59AEBB03","username":"ernie.anastos","link":"https://www.facebook.com/ernie.anastos/photos/a.967587853306309.1073741827.150454461686323/1454687491263007/?type=3","timeQuantum":4988453,"title":"Timeline Photos","type":"photo"},{"content":"WHAT YOUR FAVORITE LINE FROM A MOVIE YOU LIKE?","profileString":"facebook_page.150454461686323","postURL":"https://facebook.com/150454461686323/posts/1456730981058658","avatar":"https://graph.facebook.com/150454461686323/picture","classification":{"engine":"aylien","language":"en","taxonomy":[{"score":"0.7238","confident":true,"links":[{"link":"https://api.aylien.com/api/v1/classify/taxonomy/iab-qag/IAB1-5","rel":"self"},{"link":"https://api.aylien.com/api/v1/classify/taxonomy/iab-qag/IAB1","rel":"parent"}],"id":"IAB1-5","label":"Movies"},{"score":"0.2676","confident":true,"links":[{"link":"https://api.aylien.com/api/v1/classify/taxonomy/iab-qag/IAB1","rel":"self"}],"id":"IAB1","label":"Arts & Entertainment"}]},"postidString":"facebook_page.150454461686323_1456730981058658","postMeta":{"inserted":"content-engine"},"timestamp":1496681868,"sharesRcvd":0,"likesRcvd":10,"source":"facebook_page","lastUpdateQuantum":4995670,"name":"Ernie Anastos Fox 5","imageLarge":"https://scontent.xx.fbcdn.net/v/t15.0-10/19002654_1456731771058579_219079551555207168_n.jpg?oh=aef02a7973d154c67edb3a8208b17918&oe=59DC69CF","objectID":"1456730981058658","repliesRcvd":0,"image":"https://scontent.xx.fbcdn.net/v/t15.0-10/s130x130/19002654_1456731771058579_219079551555207168_n.jpg?oh=b37a9edcb18fcc58f1efca5c4754c8cb&oe=59B0EE22","username":"ernie.anastos","link":"https://www.facebook.com/ernie.anastos/videos/1456730981058658/","timeQuantum":4988939,"video":"https://video.xx.fbcdn.net/v/t42.1790-2/18993606_171531260048528_2041021201257594880_n.mp4?efg=eyJybHIiOjY2NiwicmxhIjo1NDksInZlbmNvZGVfdGFnIjoic3ZlX3NkIn0%3D&rl=666&vabr=370&oh=a2e12573dc0f71ff023baecf5d51fd3a&oe=59386D25","type":"video"},{"content":"NBA Milwaukee Bucks star Giannis Antetokounmpo hosts kids basketball clinic in Queens, big turnout and great fun. Watch 6pm news tonight!","profileString":"facebook_page.150454461686323","postURL":"https://facebook.com/150454461686323/posts/1456747241057032","avatar":"https://graph.facebook.com/150454461686323/picture","classification":{"engine":"aylien","language":"en","taxonomy":[{"score":"0.1938","confident":true,"links":[{"link":"https://api.aylien.com/api/v1/classify/taxonomy/iab-qag/IAB17-26","rel":"self"},{"link":"https://api.aylien.com/api/v1/classify/taxonomy/iab-qag/IAB17","rel":"parent"}],"id":"IAB17-26","label":"Pro Basketball"},{"score":"0.1223","confident":true,"links":[{"link":"https://api.aylien.com/api/v1/classify/taxonomy/iab-qag/IAB17","rel":"self"}],"id":"IAB17","label":"Sports"}]},"postidString":"facebook_page.150454461686323_1456747241057032","postMeta":{"inserted":"content-engine"},"timestamp":1496682907,"sharesRcvd":1,"likesRcvd":44,"source":"facebook_page","lastUpdateQuantum":4995670,"name":"Ernie Anastos Fox 5","imageLarge":"https://scontent.xx.fbcdn.net/v/t1.0-9/s720x720/18893307_1456747241057032_715183390596430741_n.jpg?oh=96c02ddca61c89da474ecf68c084232d&oe=59A2D390","objectID":"1456747241057032","repliesRcvd":1,"image":"https://scontent.xx.fbcdn.net/v/t1.0-0/s130x130/18893307_1456747241057032_715183390596430741_n.jpg?oh=84b102222f4fef1701852f0cdbf9f8a5&oe=59DC746F","username":"ernie.anastos","link":"https://www.facebook.com/ernie.anastos/photos/a.967587853306309.1073741827.150454461686323/1456747241057032/?type=3","timeQuantum":4988943,"title":"Timeline Photos","type":"photo"},{"content":"WHAT'S YOUR CHOICE, REGULAR OR DIET DRINKS?","profileString":"facebook_page.150454461686323","postURL":"https://facebook.com/150454461686323/posts/1456966111035145","avatar":"https://graph.facebook.com/150454461686323/picture","classification":{"engine":"aylien","language":"en","taxonomy":[{"score":"0.2362","confident":true,"links":[{"link":"https://api.aylien.com/api/v1/classify/taxonomy/iab-qag/IAB8","rel":"self"}],"id":"IAB8","label":"Food & Drink"},{"score":"0.1532","confident":true,"links":[{"link":"https://api.aylien.com/api/v1/classify/taxonomy/iab-qag/IAB8-17","rel":"self"},{"link":"https://api.aylien.com/api/v1/classify/taxonomy/iab-qag/IAB8","rel":"parent"}],"id":"IAB8-17","label":"Vegetarian"}]},"postidString":"facebook_page.150454461686323_1456966111035145","postMeta":{"inserted":"content-engine"},"timestamp":1496702135,"sharesRcvd":0,"likesRcvd":16,"source":"facebook_page","lastUpdateQuantum":4995670,"name":"Ernie Anastos Fox 5","imageLarge":"https://scontent.xx.fbcdn.net/v/t15.0-10/18977662_1456966854368404_7350144071001702400_n.jpg?oh=1f8c9de6c0de7ec84d416418dc62e677&oe=59E5461F","objectID":"1456966111035145","repliesRcvd":4,"image":"https://scontent.xx.fbcdn.net/v/t15.0-10/s130x130/18977662_1456966854368404_7350144071001702400_n.jpg?oh=3dc3ccd70073f61070bc10da84c4ab75&oe=59E7F564","username":"ernie.anastos","link":"https://www.facebook.com/ernie.anastos/videos/1456966111035145/","timeQuantum":4989007,"video":"https://video.xx.fbcdn.net/v/t42.1790-2/18938865_671634053046961_1191161492523712512_n.mp4?efg=eyJybHIiOjYzNSwicmxhIjo1NTAsInZlbmNvZGVfdGFnIjoic3ZlX3NkIn0%3D&rl=635&vabr=353&oh=97ab410d592c197206a83355c069d094&oe=59380BB8","type":"video"},{"content":"Comedian Jonathan Winters once said, “I couldn’t wait for success, so I went ahead without it.”\nGreat advice.","profileString":"facebook_page.150454461686323","postURL":"https://facebook.com/150454461686323/posts/1458993560832400","avatar":"https://graph.facebook.com/150454461686323/picture","classification":{"engine":"aylien","language":"en","taxonomy":[{"score":"0.0795","confident":true,"links":[{"link":"https://api.aylien.com/api/v1/classify/taxonomy/iab-qag/IAB9","rel":"self"}],"id":"IAB9","label":"Hobbies & Interests"},{"score":"0.0537","confident":false,"links":[{"link":"https://api.aylien.com/api/v1/classify/taxonomy/iab-qag/IAB9-23","rel":"self"},{"link":"https://api.aylien.com/api/v1/classify/taxonomy/iab-qag/IAB9","rel":"parent"}],"id":"IAB9-23","label":"Photography"}]},"postidString":"facebook_page.150454461686323_1458993560832400","postMeta":{"inserted":"content-engine"},"timestamp":1496856220,"sharesRcvd":0,"likesRcvd":16,"source":"facebook_page","lastUpdateQuantum":4995670,"name":"Ernie Anastos Fox 5","imageLarge":"https://scontent.xx.fbcdn.net/v/t1.0-9/19029203_1458993560832400_5403172890444443068_n.png?oh=27acb56fd18ab123ac289d09c8208fe7&oe=59AF8CDD","objectID":"1458993560832400","repliesRcvd":0,"image":"https://scontent.xx.fbcdn.net/v/t1.0-0/s130x130/19029203_1458993560832400_5403172890444443068_n.png?oh=b901c733978f069d28a9c7baa581187c&oe=59E883B6","username":"ernie.anastos","link":"https://www.facebook.com/ernie.anastos/photos/a.967587853306309.1073741827.150454461686323/1458993560832400/?type=3","timeQuantum":4989520,"title":"Timeline Photos","type":"photo"},{"content":"WHAT WOULD RATHER EXPLORE OUTER SPACE OR THE DEEP OCEAN?","profileString":"facebook_page.150454461686323","postURL":"https://facebook.com/150454461686323/posts/1459022290829527","avatar":"https://graph.facebook.com/150454461686323/picture","classification":{"engine":"aylien","language":"en","taxonomy":[{"score":"0.4331","confident":true,"links":[{"link":"https://api.aylien.com/api/v1/classify/taxonomy/iab-qag/IAB15-7","rel":"self"},{"link":"https://api.aylien.com/api/v1/classify/taxonomy/iab-qag/IAB15","rel":"parent"}],"id":"IAB15-7","label":"Space/Astronomy"},{"score":"0.0942","confident":true,"links":[{"link":"https://api.aylien.com/api/v1/classify/taxonomy/iab-qag/IAB15","rel":"self"}],"id":"IAB15","label":"Science"}]},"postidString":"facebook_page.150454461686323_1459022290829527","postMeta":{"inserted":"content-engine"},"timestamp":1496858835,"sharesRcvd":1,"likesRcvd":14,"source":"facebook_page","lastUpdateQuantum":4995670,"name":"Ernie Anastos Fox 5","imageLarge":"https://scontent.xx.fbcdn.net/v/t15.0-10/19025423_1459023207496102_3688362208355418112_n.jpg?oh=f6ed475e50a6cbba7e51aefd37e127ef&oe=59DA18FD","objectID":"1459022290829527","repliesRcvd":4,"image":"https://scontent.xx.fbcdn.net/v/t15.0-10/s130x130/19025423_1459023207496102_3688362208355418112_n.jpg?oh=6730864502be2a6c86359eb054ebe843&oe=599E3886","username":"ernie.anastos","link":"https://www.facebook.com/ernie.anastos/videos/1459022290829527/","timeQuantum":4989529,"video":"https://video.xx.fbcdn.net/v/t42.1790-2/18997596_231766593983329_135342124668289024_n.mp4?efg=eyJybHIiOjYzMCwicmxhIjo1ODMsInZlbmNvZGVfdGFnIjoic3ZlX3NkIn0%3D&rl=630&vabr=350&oh=bb2dfd7f23cdc1a5986c1f61445b08f1&oe=5939EA62","type":"video"},{"content":"“One of the most courageous things you can do is identify yourself, know who you are, what you believe in and where you want to go.”","profileString":"facebook_page.150454461686323","postURL":"https://facebook.com/150454461686323/posts/1461702920561464","avatar":"https://graph.facebook.com/150454461686323/picture","classification":{"engine":"aylien","language":"en","taxonomy":[{"score":"0.0837","confident":true,"links":[{"link":"https://api.aylien.com/api/v1/classify/taxonomy/iab-qag/IAB9","rel":"self"}],"id":"IAB9","label":"Hobbies & Interests"},{"score":"0.0572","confident":false,"links":[{"link":"https://api.aylien.com/api/v1/classify/taxonomy/iab-qag/IAB9-23","rel":"self"},{"link":"https://api.aylien.com/api/v1/classify/taxonomy/iab-qag/IAB9","rel":"parent"}],"id":"IAB9-23","label":"Photography"}]},"postidString":"facebook_page.150454461686323_1461702920561464","postMeta":{"inserted":"content-engine"},"timestamp":1497060897,"sharesRcvd":1,"likesRcvd":21,"source":"facebook_page","lastUpdateQuantum":4995670,"name":"Ernie Anastos Fox 5","imageLarge":"https://scontent.xx.fbcdn.net/v/t1.0-9/18922002_1461702920561464_1695010827584925200_n.jpg?oh=7ce2063f26d3557101512e2e7900e79c&oe=59AA0D28","objectID":"1461702920561464","repliesRcvd":1,"image":"https://scontent.xx.fbcdn.net/v/t1.0-0/s130x130/18922002_1461702920561464_1695010827584925200_n.jpg?oh=3cf8a9725a041e93a9a176adaefb530c&oe=59D6A843","username":"ernie.anastos","link":"https://www.facebook.com/ernie.anastos/photos/a.967587853306309.1073741827.150454461686323/1461702920561464/?type=3","timeQuantum":4990202,"title":"Timeline Photos","type":"photo"},{"content":"“Life isn’t wrapped in a bow, but it’s still a gift.” Open it up and enjoy!","profileString":"facebook_page.150454461686323","postURL":"https://facebook.com/150454461686323/posts/1464083583656731","avatar":"https://graph.facebook.com/150454461686323/picture","classification":{"engine":"aylien","language":"en","taxonomy":[{"score":"0.0857","confident":true,"links":[{"link":"https://api.aylien.com/api/v1/classify/taxonomy/iab-qag/IAB9","rel":"self"}],"id":"IAB9","label":"Hobbies & Interests"},{"score":"0.0539","confident":false,"links":[{"link":"https://api.aylien.com/api/v1/classify/taxonomy/iab-qag/IAB9-23","rel":"self"},{"link":"https://api.aylien.com/api/v1/classify/taxonomy/iab-qag/IAB9","rel":"parent"}],"id":"IAB9-23","label":"Photography"}]},"postidString":"facebook_page.150454461686323_1464083583656731","postMeta":{"inserted":"content-engine"},"timestamp":1497270990,"sharesRcvd":1,"likesRcvd":24,"source":"facebook_page","lastUpdateQuantum":4995670,"name":"Ernie Anastos Fox 5","imageLarge":"https://scontent.xx.fbcdn.net/v/t1.0-9/s720x720/19029433_1464083583656731_6290986987700656209_n.jpg?oh=b5015f8bd66cae24b1a520a004c134c8&oe=59D9B597","objectID":"1464083583656731","repliesRcvd":13,"image":"https://scontent.xx.fbcdn.net/v/t1.0-0/s130x130/19029433_1464083583656731_6290986987700656209_n.jpg?oh=53756902e646e1211d32fbc14772ebe7&oe=59A10082","username":"ernie.anastos","link":"https://www.facebook.com/ernie.anastos/photos/a.967587853306309.1073741827.150454461686323/1464083583656731/?type=3","timeQuantum":4990903,"title":"Timeline Photos","type":"photo"},{"content":"DO YOU KEEP TRACK OF HOW MUCH WATER YOU DRINK EVERYDAY?","profileString":"facebook_page.150454461686323","postURL":"https://facebook.com/150454461686323/posts/1466338606764562","avatar":"https://graph.facebook.com/150454461686323/picture","classification":{"engine":"aylien","language":"en","taxonomy":[{"score":"0.1253","confident":true,"links":[{"link":"https://api.aylien.com/api/v1/classify/taxonomy/iab-qag/IAB8","rel":"self"}],"id":"IAB8","label":"Food & Drink"},{"score":"0.1004","confident":false,"links":[{"link":"https://api.aylien.com/api/v1/classify/taxonomy/iab-qag/IAB8-5","rel":"self"},{"link":"https://api.aylien.com/api/v1/classify/taxonomy/iab-qag/IAB8","rel":"parent"}],"id":"IAB8-5","label":"Cocktails/Beer"}]},"postidString":"facebook_page.150454461686323_1466338606764562","postMeta":{"inserted":"content-engine"},"timestamp":1497457971,"sharesRcvd":1,"likesRcvd":28,"source":"facebook_page","lastUpdateQuantum":4995670,"name":"Ernie Anastos Fox 5","imageLarge":"https://scontent.xx.fbcdn.net/v/t15.0-10/19205975_1466341233430966_8268451629854883840_n.jpg?oh=f5f4e45070fd6612f32833248945b2a2&oe=59D38CB3","objectID":"1466338606764562","repliesRcvd":4,"image":"https://scontent.xx.fbcdn.net/v/t15.0-10/s130x130/19205975_1466341233430966_8268451629854883840_n.jpg?oh=56490c523b372219329016c4f46cd4e7&oe=59E5B9C8","username":"ernie.anastos","link":"https://www.facebook.com/ernie.anastos/videos/1466338606764562/","timeQuantum":4991526,"video":"https://video.xx.fbcdn.net/v/t42.1790-2/19164520_1886212301703658_1295461775419899904_n.mp4?efg=eyJybHIiOjgzOCwicmxhIjo3MjIsInZlbmNvZGVfdGFnIjoic3ZlX3NkIn0%3D&rl=838&vabr=466&oh=be53b8ec6f3983954a20d99c824062d7&oe=59442CE1","type":"video"},{"content":"What an honor to be part of the official opening of the 9/11 Tribute Museum in Lower Manhattan. It is a must visit for everyone.","profileString":"facebook_page.150454461686323","postURL":"https://facebook.com/150454461686323/posts/1466477416750681","avatar":"https://graph.facebook.com/150454461686323/picture","classification":{"engine":"aylien","language":"en","taxonomy":[{"score":"0.0750","confident":false,"links":[{"link":"https://api.aylien.com/api/v1/classify/taxonomy/iab-qag/IAB9","rel":"self"}],"id":"IAB9","label":"Hobbies & Interests"},{"score":"0.0628","confident":false,"links":[{"link":"https://api.aylien.com/api/v1/classify/taxonomy/iab-qag/IAB9-3","rel":"self"},{"link":"https://api.aylien.com/api/v1/classify/taxonomy/iab-qag/IAB9","rel":"parent"}],"id":"IAB9-3","label":"Beadwork"}]},"postidString":"facebook_page.150454461686323_1466477416750681","postMeta":{"inserted":"content-engine"},"timestamp":1497465827,"sharesRcvd":1,"likesRcvd":35,"source":"facebook_page","lastUpdateQuantum":4995670,"name":"Ernie Anastos Fox 5","imageLarge":"https://scontent.xx.fbcdn.net/v/t1.0-9/s720x720/19225008_1466477416750681_308708497075517830_n.jpg?oh=b9184fc1714d41ffe95c3a51b084bbfc&oe=59CF92F8","objectID":"1466477416750681","repliesRcvd":6,"image":"https://scontent.xx.fbcdn.net/v/t1.0-0/s130x130/19225008_1466477416750681_308708497075517830_n.jpg?oh=1d8bb1ded04ecac79847c168f376209b&oe=59D70807","username":"ernie.anastos","link":"https://www.facebook.com/ernie.anastos/photos/a.967587853306309.1073741827.150454461686323/1466477416750681/?type=3","timeQuantum":4991552,"title":"Timeline Photos","type":"photo"},{"content":"I was deeply honored to host the opening ceremony for the 9/11 Tribute Museum and share in the love and deep respect we have for all the families and heroes of 9/11. Those who bravely lost their lives and those who bravely served our city and humanity.","profileString":"facebook_page.150454461686323","postURL":"https://facebook.com/150454461686323/posts/1467432769988479","avatar":"https://graph.facebook.com/150454461686323/picture","classification":{"engine":"aylien","language":"en","taxonomy":[{"score":"0.3680","confident":false,"links":[{"link":"https://api.aylien.com/api/v1/classify/taxonomy/iab-qag/IAB18-6","rel":"self"},{"link":"https://api.aylien.com/api/v1/classify/taxonomy/iab-qag/IAB18","rel":"parent"}],"id":"IAB18-6","label":"Accessories"},{"score":"0.1963","confident":false,"links":[{"link":"https://api.aylien.com/api/v1/classify/taxonomy/iab-qag/IAB25-4","rel":"self"},{"link":"https://api.aylien.com/api/v1/classify/taxonomy/iab-qag/IAB25","rel":"parent"}],"id":"IAB25-4","label":"Profane Content"},{"score":"0.1953","confident":false,"links":[{"link":"https://api.aylien.com/api/v1/classify/taxonomy/iab-qag/IAB6-6","rel":"self"},{"link":"https://api.aylien.com/api/v1/classify/taxonomy/iab-qag/IAB6","rel":"parent"}],"id":"IAB6-6","label":"Parenting teens"},{"score":"0.0803","confident":true,"links":[{"link":"https://api.aylien.com/api/v1/classify/taxonomy/iab-qag/IAB20-26","rel":"self"},{"link":"https://api.aylien.com/api/v1/classify/taxonomy/iab-qag/IAB20","rel":"parent"}],"id":"IAB20-26","label":"Traveling with Kids"},{"score":"0.0640","confident":false,"links":[{"link":"https://api.aylien.com/api/v1/classify/taxonomy/iab-qag/IAB9-3","rel":"self"},{"link":"https://api.aylien.com/api/v1/classify/taxonomy/iab-qag/IAB9","rel":"parent"}],"id":"IAB9-3","label":"Beadwork"},{"score":"0.0637","confident":false,"links":[{"link":"https://api.aylien.com/api/v1/classify/taxonomy/iab-qag/IAB9","rel":"self"}],"id":"IAB9","label":"Hobbies & Interests"},{"score":"0.0585","confident":false,"links":[{"link":"https://api.aylien.com/api/v1/classify/taxonomy/iab-qag/IAB18","rel":"self"}],"id":"IAB18","label":"Style & Fashion"},{"score":"0.0566","confident":false,"links":[{"link":"https://api.aylien.com/api/v1/classify/taxonomy/iab-qag/IAB6","rel":"self"}],"id":"IAB6","label":"Family & Parenting"},{"score":"0.0564","confident":false,"links":[{"link":"https://api.aylien.com/api/v1/classify/taxonomy/iab-qag/IAB20","rel":"self"}],"id":"IAB20","label":"Travel"},{"score":"0.0529","confident":false,"links":[{"link":"https://api.aylien.com/api/v1/classify/taxonomy/iab-qag/IAB25","rel":"self"}],"id":"IAB25","label":"Non-Standard Content"}]},"postidString":"facebook_page.150454461686323_1467432769988479","postMeta":{"inserted":"content-engine"},"timestamp":1497540277,"sharesRcvd":3,"likesRcvd":30,"source":"facebook_page","lastUpdateQuantum":4995823,"name":"Ernie Anastos Fox 5","imageLarge":"https://external.xx.fbcdn.net/safe_image.php?d=AQCNa3tUfNiRs4Ws&url=http%3A%2F%2Fstatic.lakana.com%2Fmedia.fox5ny.com%2Fphoto%2F2017%2F06%2F13%2F9_11_Tribute_Museum_0_3506583_ver1.0_640_360.jpg&_nc_hash=AQAkDN6hqfyfkEsx","repliesRcvd":7,"image":"https://external.xx.fbcdn.net/safe_image.php?d=AQA08HYJgQauQnEv&w=130&h=130&url=http%3A%2F%2Fstatic.lakana.com%2Fmedia.fox5ny.com%2Fphoto%2F2017%2F06%2F13%2F9_11_Tribute_Museum_0_3506583_ver1.0_640_360.jpg&cfs=1&sx=105&sy=0&sw=360&sh=360&_nc_hash=AQA2eTfw92BqVfF-","username":"ernie.anastos","link":"http://www.fox5ny.com/news/260961832-story","timeQuantum":4991800,"title":"Expanded 9/11 Tribute Museum tells stories of those lost","type":"link"},{"content":"We're having a little celebration in our newsroom today... THREE years of the News at 6! What a joy it's been to do this show, this way, for this long. And of course the only reason it's been possible is you guys, our loyal viewers. So thank you for watching, and we look forward to putting this show together for you for many years to come!!","profileString":"facebook_page.150454461686323","postURL":"https://facebook.com/150454461686323/posts/1468770233188066","avatar":"https://graph.facebook.com/150454461686323/picture","classification":{"engine":"aylien","language":"en","taxonomy":[{"score":"0.4822","confident":false,"links":[{"link":"https://api.aylien.com/api/v1/classify/taxonomy/iab-qag/IAB12-2","rel":"self"},{"link":"https://api.aylien.com/api/v1/classify/taxonomy/iab-qag/IAB12","rel":"parent"}],"id":"IAB12-2","label":"National News"},{"score":"0.1140","confident":true,"links":[{"link":"https://api.aylien.com/api/v1/classify/taxonomy/iab-qag/IAB12","rel":"self"}],"id":"IAB12","label":"News"}]},"postidString":"facebook_page.150454461686323_1468770186521404","postMeta":{"inserted":"content-engine"},"timestamp":1497639285,"sharesRcvd":1,"likesRcvd":53,"source":"facebook_page","lastUpdateQuantum":4995823,"name":"Ernie Anastos Fox 5","imageLarge":"https://scontent.xx.fbcdn.net/v/t1.0-0/p180x540/19149227_1468770186521404_1855106290582902869_n.jpg?oh=05c05b7a9b5f10b560627351bc40a020&oe=59E7C4F9","originalID":"150454461686323_1468770233188066","objectID":"1468770186521404","repliesRcvd":8,"image":"https://scontent.xx.fbcdn.net/v/t1.0-0/s130x130/19149227_1468770186521404_1855106290582902869_n.jpg?oh=e33def4bf29756db9f41846b541b2e2f&oe=59DA3385","username":"ernie.anastos","link":"https://www.facebook.com/ernie.anastos/photos/a.965187636879664.1073741826.150454461686323/1468770186521404/?type=3","timeQuantum":4992130,"title":"Photos from Ernie Anastos Fox 5's post","type":"photo"},{"content":"We honor all fathers. Make it a great day!","profileString":"facebook_page.150454461686323","postURL":"https://facebook.com/150454461686323/posts/1470502433014846","avatar":"https://graph.facebook.com/150454461686323/picture","classification":{"engine":"aylien","language":"en","taxonomy":[{"score":"0.0823","confident":true,"links":[{"link":"https://api.aylien.com/api/v1/classify/taxonomy/iab-qag/IAB9","rel":"self"}],"id":"IAB9","label":"Hobbies & Interests"},{"score":"0.0609","confident":false,"links":[{"link":"https://api.aylien.com/api/v1/classify/taxonomy/iab-qag/IAB9-23","rel":"self"},{"link":"https://api.aylien.com/api/v1/classify/taxonomy/iab-qag/IAB9","rel":"parent"}],"id":"IAB9-23","label":"Photography"}]},"postidString":"facebook_page.150454461686323_1470502433014846","postMeta":{"inserted":"content-engine"},"timestamp":1497787742,"sharesRcvd":1,"likesRcvd":24,"source":"facebook_page","lastUpdateQuantum":4995823,"name":"Ernie Anastos Fox 5","imageLarge":"https://scontent.xx.fbcdn.net/v/t1.0-9/19148992_1470502433014846_748315348522874837_n.jpg?oh=dcae0798bb0e70952c48a912a6d269c6&oe=59E56418","objectID":"1470502433014846","repliesRcvd":11,"image":"https://scontent.xx.fbcdn.net/v/t1.0-0/s130x130/19148992_1470502433014846_748315348522874837_n.jpg?oh=00ebb38b9d50c75f3a230bd437646db0&oe=59CD6685","username":"ernie.anastos","link":"https://www.facebook.com/ernie.anastos/photos/a.967587853306309.1073741827.150454461686323/1470502433014846/?type=3","timeQuantum":4992625,"title":"Timeline Photos","type":"photo"},{"content":"“The last and greatest of human freedoms is the ability to choose one’s attitude in any given circumstances.” Choose to be positive!","profileString":"facebook_page.150454461686323","postURL":"https://facebook.com/150454461686323/posts/1471907362874353","avatar":"https://graph.facebook.com/150454461686323/picture","classification":{"engine":"aylien","language":"en","taxonomy":[{"score":"0.1969","confident":false,"links":[{"link":"https://api.aylien.com/api/v1/classify/taxonomy/iab-qag/IAB25-4","rel":"self"},{"link":"https://api.aylien.com/api/v1/classify/taxonomy/iab-qag/IAB25","rel":"parent"}],"id":"IAB25-4","label":"Profane Content"},{"score":"0.0627","confident":false,"links":[{"link":"https://api.aylien.com/api/v1/classify/taxonomy/iab-qag/IAB9","rel":"self"}],"id":"IAB9","label":"Hobbies & Interests"},{"score":"0.0586","confident":false,"links":[{"link":"https://api.aylien.com/api/v1/classify/taxonomy/iab-qag/IAB25","rel":"self"}],"id":"IAB25","label":"Non-Standard Content"},{"score":"0.0513","confident":false,"links":[{"link":"https://api.aylien.com/api/v1/classify/taxonomy/iab-qag/IAB9-23","rel":"self"},{"link":"https://api.aylien.com/api/v1/classify/taxonomy/iab-qag/IAB9","rel":"parent"}],"id":"IAB9-23","label":"Photography"}]},"postidString":"facebook_page.150454461686323_1471907362874353","postMeta":{"inserted":"content-engine"},"timestamp":1497898712,"sharesRcvd":0,"likesRcvd":14,"source":"facebook_page","lastUpdateQuantum":4995823,"name":"Ernie Anastos Fox 5","imageLarge":"https://scontent.xx.fbcdn.net/v/t1.0-9/s720x720/19399722_1471907362874353_5686703748077203182_n.jpg?oh=72b66a26cd68e28d8b3057b01d4d43dd&oe=59D41759","objectID":"1471907362874353","repliesRcvd":4,"image":"https://scontent.xx.fbcdn.net/v/t1.0-0/s130x130/19399722_1471907362874353_5686703748077203182_n.jpg?oh=c24af878903fbf97815504970e9bd6ee&oe=59D7CF4C","username":"ernie.anastos","link":"https://www.facebook.com/ernie.anastos/photos/a.967587853306309.1073741827.150454461686323/1471907362874353/?type=3","timeQuantum":4992995,"title":"Timeline Photos","type":"photo"},{"content":"YOUR CHOICE: A MANICURE OR PEDICURE?","profileString":"facebook_page.150454461686323","postURL":"https://facebook.com/150454461686323/posts/1473498696048553","avatar":"https://graph.facebook.com/150454461686323/picture","classification":{"engine":"aylien","language":"en","taxonomy":[{"score":"0.0700","confident":false,"links":[{"link":"https://api.aylien.com/api/v1/classify/taxonomy/iab-qag/IAB9","rel":"self"}],"id":"IAB9","label":"Hobbies & Interests"},{"score":"0.0516","confident":false,"links":[{"link":"https://api.aylien.com/api/v1/classify/taxonomy/iab-qag/IAB9-21","rel":"self"},{"link":"https://api.aylien.com/api/v1/classify/taxonomy/iab-qag/IAB9","rel":"parent"}],"id":"IAB9-21","label":"Needlework"}]},"postidString":"facebook_page.150454461686323_1473498696048553","postMeta":{"inserted":"content-engine"},"timestamp":1497991957,"sharesRcvd":1,"likesRcvd":17,"source":"facebook_page","lastUpdateQuantum":4995823,"name":"Ernie Anastos Fox 5","imageLarge":"https://scontent.xx.fbcdn.net/v/t15.0-10/19358546_1473499892715100_5015579288334761984_n.jpg?oh=b826f09d906e843693b46b3f38832147&oe=59D26726","objectID":"1473498696048553","repliesRcvd":7,"image":"https://scontent.xx.fbcdn.net/v/t15.0-10/s130x130/19358546_1473499892715100_5015579288334761984_n.jpg?oh=3166720af027172e43bacfcb1c90c277&oe=59D4535D","username":"ernie.anastos","link":"https://www.facebook.com/ernie.anastos/videos/1473498696048553/","timeQuantum":4993306,"video":"https://video.xx.fbcdn.net/v/t42.1790-2/19374765_460786757635079_3890384799805734912_n.mp4?efg=eyJybHIiOjYxMiwicmxhIjo1ODQsInZlbmNvZGVfdGFnIjoic3ZlX3NkIn0%3D&rl=612&vabr=340&oh=f78111fef50c3d71d573daf8f0a627fa&oe=594B18E8","type":"video"},{"content":"WHEN IS IT TOO HOT TO GO OUTSIDE?","profileString":"facebook_page.150454461686323","postURL":"https://facebook.com/150454461686323/posts/1474490622616027","avatar":"https://graph.facebook.com/150454461686323/picture","classification":{"engine":"aylien","language":"en","taxonomy":[{"score":"0.2168","confident":true,"links":[{"link":"https://api.aylien.com/api/v1/classify/taxonomy/iab-qag/IAB8-2","rel":"self"},{"link":"https://api.aylien.com/api/v1/classify/taxonomy/iab-qag/IAB8","rel":"parent"}],"id":"IAB8-2","label":"Barbecues & Grilling"},{"score":"0.0869","confident":true,"links":[{"link":"https://api.aylien.com/api/v1/classify/taxonomy/iab-qag/IAB8","rel":"self"}],"id":"IAB8","label":"Food & Drink"}]},"postidString":"facebook_page.150454461686323_1474490622616027","postMeta":{"inserted":"content-engine"},"timestamp":1498079321,"sharesRcvd":5,"likesRcvd":22,"source":"facebook_page","lastUpdateQuantum":4995823,"name":"Ernie Anastos Fox 5","imageLarge":"https://scontent.xx.fbcdn.net/v/t15.0-10/19365790_1474491392615950_7649393224406007808_n.jpg?oh=8a3932e39e7b1d92925441d8226430d4&oe=59EA89EA","objectID":"1474490622616027","repliesRcvd":3,"image":"https://scontent.xx.fbcdn.net/v/t15.0-10/s130x130/19365790_1474491392615950_7649393224406007808_n.jpg?oh=7a63a7ddda104f0074058f2e0286cd82&oe=59D8A491","username":"ernie.anastos","link":"https://www.facebook.com/ernie.anastos/videos/1474490622616027/","timeQuantum":4993597,"video":"https://video.xx.fbcdn.net/v/t42.1790-2/19322962_1892729194327016_3103247917289308160_n.mp4?efg=eyJybHIiOjc4NCwicmxhIjo2MzYsInZlbmNvZGVfdGFnIjoic3ZlX3NkIn0%3D&rl=784&vabr=436&oh=6b24d140d6d0653d27c09d7cc8099882&oe=594D51A4","type":"video"},{"content":"WHEN DO YOU STOP TELLING YOUR AGE?","profileString":"facebook_page.150454461686323","postURL":"https://facebook.com/150454461686323/posts/1474492095949213","avatar":"https://graph.facebook.com/150454461686323/picture","classification":{"engine":"aylien","language":"en","taxonomy":[{"score":"0.2238","confident":false,"links":[{"link":"https://api.aylien.com/api/v1/classify/taxonomy/iab-qag/IAB14-5","rel":"self"},{"link":"https://api.aylien.com/api/v1/classify/taxonomy/iab-qag/IAB14","rel":"parent"}],"id":"IAB14-5","label":"Senior Living"},{"score":"0.2198","confident":false,"links":[{"link":"https://api.aylien.com/api/v1/classify/taxonomy/iab-qag/IAB25-2","rel":"self"},{"link":"https://api.aylien.com/api/v1/classify/taxonomy/iab-qag/IAB25","rel":"parent"}],"id":"IAB25-2","label":"Extreme Graphic/Explicit Violence"},{"score":"0.0603","confident":false,"links":[{"link":"https://api.aylien.com/api/v1/classify/taxonomy/iab-qag/IAB9","rel":"self"}],"id":"IAB9","label":"Hobbies & Interests"},{"score":"0.0602","confident":false,"links":[{"link":"https://api.aylien.com/api/v1/classify/taxonomy/iab-qag/IAB25","rel":"self"}],"id":"IAB25","label":"Non-Standard Content"},{"score":"0.0579","confident":false,"links":[{"link":"https://api.aylien.com/api/v1/classify/taxonomy/iab-qag/IAB14","rel":"self"}],"id":"IAB14","label":"Society"},{"score":"0.0492","confident":false,"links":[{"link":"https://api.aylien.com/api/v1/classify/taxonomy/iab-qag/IAB9-28","rel":"self"},{"link":"https://api.aylien.com/api/v1/classify/taxonomy/iab-qag/IAB9","rel":"parent"}],"id":"IAB9-28","label":"Screenwriting"}]},"postidString":"facebook_page.150454461686323_1474492095949213","postMeta":{"inserted":"content-engine"},"timestamp":1498079492,"sharesRcvd":2,"likesRcvd":21,"source":"facebook_page","lastUpdateQuantum":4995823,"name":"Ernie Anastos Fox 5","imageLarge":"https://scontent.xx.fbcdn.net/v/t15.0-10/19459514_1474493342615755_6728801103728607232_n.jpg?oh=0e974734515922612d41f6bcedd0f2c3&oe=59CA382C","objectID":"1474492095949213","repliesRcvd":2,"image":"https://scontent.xx.fbcdn.net/v/t15.0-10/s130x130/19459514_1474493342615755_6728801103728607232_n.jpg?oh=62855a1b11c8787af7356371d62e2a03&oe=59D27157","username":"ernie.anastos","link":"https://www.facebook.com/ernie.anastos/videos/1474492095949213/","timeQuantum":4993598,"video":"https://video.xx.fbcdn.net/v/t42.1790-2/19333615_452505098446549_5935989336758550528_n.mp4?efg=eyJybHIiOjc3MiwicmxhIjo2ODIsInZlbmNvZGVfdGFnIjoic3ZlX3NkIn0%3D&rl=772&vabr=429&oh=aaff58cbde4b2fc5b69c30e58b357c63&oe=594D308C","type":"video"},{"content":"Amazing! One minute of anger weakens your immune system for 4-5 hours. One minute of laughter boosts your immune system for over 24 hours.","profileString":"facebook_page.150454461686323","postURL":"https://facebook.com/150454461686323/posts/1475958059135950","avatar":"https://graph.facebook.com/150454461686323/picture","classification":{"engine":"aylien","language":"en","taxonomy":[{"score":"0.0781","confident":false,"links":[{"link":"https://api.aylien.com/api/v1/classify/taxonomy/iab-qag/IAB2-16","rel":"self"},{"link":"https://api.aylien.com/api/v1/classify/taxonomy/iab-qag/IAB2","rel":"parent"}],"id":"IAB2-16","label":"Off-Road Vehicles"},{"score":"0.0653","confident":false,"links":[{"link":"https://api.aylien.com/api/v1/classify/taxonomy/iab-qag/IAB9","rel":"self"}],"id":"IAB9","label":"Hobbies & Interests"},{"score":"0.0546","confident":false,"links":[{"link":"https://api.aylien.com/api/v1/classify/taxonomy/iab-qag/IAB7","rel":"self"}],"id":"IAB7","label":"Health & Fitness"},{"score":"0.0536","confident":false,"links":[{"link":"https://api.aylien.com/api/v1/classify/taxonomy/iab-qag/IAB2","rel":"self"}],"id":"IAB2","label":"Automotive"},{"score":"0.0495","confident":false,"links":[{"link":"https://api.aylien.com/api/v1/classify/taxonomy/iab-qag/IAB9-23","rel":"self"},{"link":"https://api.aylien.com/api/v1/classify/taxonomy/iab-qag/IAB9","rel":"parent"}],"id":"IAB9-23","label":"Photography"},{"score":"0.0470","confident":false,"links":[{"link":"https://api.aylien.com/api/v1/classify/taxonomy/iab-qag/IAB7-34","rel":"self"},{"link":"https://api.aylien.com/api/v1/classify/taxonomy/iab-qag/IAB7","rel":"parent"}],"id":"IAB7-34","label":"Panic/Anxiety Disorders"}]},"postidString":"facebook_page.150454461686323_1475958059135950","postMeta":{"inserted":"content-engine"},"timestamp":1498216504,"sharesRcvd":11,"likesRcvd":134,"source":"facebook_page","lastUpdateQuantum":4995832,"name":"Ernie Anastos Fox 5","imageLarge":"https://scontent.xx.fbcdn.net/v/t1.0-9/s720x720/19399013_1475958059135950_6725246343997742422_n.jpg?oh=da4bac764de1fcde94654e4a1f51c2c4&oe=59DCB742","objectID":"1475958059135950","repliesRcvd":11,"image":"https://scontent.xx.fbcdn.net/v/t1.0-0/s130x130/19399013_1475958059135950_6725246343997742422_n.jpg?oh=897c6d227922d601438b5996c2f6ee8b&oe=59CFB657","username":"ernie.anastos","link":"https://www.facebook.com/ernie.anastos/photos/a.967587853306309.1073741827.150454461686323/1475958059135950/?type=3","timeQuantum":4994055,"title":"Timeline Photos","type":"photo"},{"content":"DO YOU STOP TO PICK UP COINS YOU FIND ON THE STREET?","profileString":"facebook_page.150454461686323","postURL":"https://facebook.com/150454461686323/posts/1478956455502777","avatar":"https://graph.facebook.com/150454461686323/picture","classification":{"engine":"aylien","language":"en","taxonomy":[{"score":"0.3816","links":[{"rel":"self","link":"https://api.aylien.com/api/v1/classify/taxonomy/iab-qag/IAB18-6"},{"rel":"parent","link":"https://api.aylien.com/api/v1/classify/taxonomy/iab-qag/IAB18"}],"label":"Accessories","id":"IAB18-6","confident":false},{"score":"0.2069","links":[{"rel":"self","link":"https://api.aylien.com/api/v1/classify/taxonomy/iab-qag/IAB10-9"},{"rel":"parent","link":"https://api.aylien.com/api/v1/classify/taxonomy/iab-qag/IAB10"}],"label":"Remodeling & Construction","id":"IAB10-9","confident":false},{"score":"0.1740","links":[{"rel":"self","link":"https://api.aylien.com/api/v1/classify/taxonomy/iab-qag/IAB9-29"},{"rel":"parent","link":"https://api.aylien.com/api/v1/classify/taxonomy/iab-qag/IAB9"}],"label":"Stamps & Coins","id":"IAB9-29","confident":true},{"score":"0.0751","links":[{"rel":"self","link":"https://api.aylien.com/api/v1/classify/taxonomy/iab-qag/IAB9"}],"label":"Hobbies & Interests","id":"IAB9","confident":false},{"score":"0.0618","links":[{"rel":"self","link":"https://api.aylien.com/api/v1/classify/taxonomy/iab-qag/IAB18"}],"label":"Style & Fashion","id":"IAB18","confident":false},{"score":"0.0602","links":[{"rel":"self","link":"https://api.aylien.com/api/v1/classify/taxonomy/iab-qag/IAB10"}],"label":"Home & Garden","id":"IAB10","confident":false}]},"postidString":"facebook_page.150454461686323_1478956455502777","postMeta":{"inserted":"content-engine"},"timestamp":1498495472,"sharesRcvd":2,"likesRcvd":32,"source":"facebook_page","lastUpdateQuantum":4995832,"name":"Ernie Anastos Fox 5","imageLarge":"https://scontent.xx.fbcdn.net/v/t15.0-10/19530842_1478957742169315_8703723260811935744_n.jpg?oh=4c002e54d8856fdb4d716d47eec71546&oe=59CFEA30","objectID":"1478956455502777","repliesRcvd":16,"image":"https://scontent.xx.fbcdn.net/v/t15.0-10/s130x130/19530842_1478957742169315_8703723260811935744_n.jpg?oh=b27cc62015c5021a8a6355e014506a49&oe=59C59E4B","username":"ernie.anastos","link":"https://www.facebook.com/ernie.anastos/videos/1478956455502777/","timeQuantum":4994984,"video":"https://video.xx.fbcdn.net/v/t42.1790-2/19520949_1963843170507273_7766609405969170432_n.mp4?efg=eyJybHIiOjY4OSwicmxhIjo2MjUsInZlbmNvZGVfdGFnIjoic3ZlX3NkIn0%3D&rl=689&vabr=383&oh=6186ff2bdc1c73e8a8f626566224bb0e&oe=595400DB","type":"video"},{"content":"DO YOU LIKE MUSIC AT THE BEACH OR NOT?","profileString":"facebook_page.150454461686323","postURL":"https://facebook.com/150454461686323/posts/1479145162150573","avatar":"https://graph.facebook.com/150454461686323/picture","classification":{"engine":"aylien","language":"en","taxonomy":[{"score":"0.6917","links":[{"rel":"self","link":"https://api.aylien.com/api/v1/classify/taxonomy/iab-qag/IAB1-6"},{"rel":"parent","link":"https://api.aylien.com/api/v1/classify/taxonomy/iab-qag/IAB1"}],"label":"Music","id":"IAB1-6","confident":true},{"score":"0.1797","links":[{"rel":"self","link":"https://api.aylien.com/api/v1/classify/taxonomy/iab-qag/IAB1"}],"label":"Arts & Entertainment","id":"IAB1","confident":true}]},"postidString":"facebook_page.150454461686323_1479145162150573","postMeta":{"inserted":"content-engine"},"timestamp":1498510006,"sharesRcvd":1,"likesRcvd":22,"source":"facebook_page","lastUpdateQuantum":4995832,"name":"Ernie Anastos Fox 5","imageLarge":"https://scontent.xx.fbcdn.net/v/t15.0-10/19530786_1479149452150144_261818053858164736_n.jpg?oh=a62ed90c0cf2f5639636e9897bf18aac&oe=59DB5C3D","objectID":"1479145162150573","repliesRcvd":5,"image":"https://scontent.xx.fbcdn.net/v/t15.0-10/s130x130/19530786_1479149452150144_261818053858164736_n.jpg?oh=e8bf075fb206cce3b7718b09453c3924&oe=59DB5AD0","username":"ernie.anastos","link":"https://www.facebook.com/ernie.anastos/videos/1479145162150573/","timeQuantum":4995033,"video":"https://video.xx.fbcdn.net/v/t42.1790-2/19525730_1209312765865086_4314447257609961472_n.mp4?efg=eyJybHIiOjc2OCwicmxhIjo3MTUsInZlbmNvZGVfdGFnIjoic3ZlX3NkIn0%3D&rl=768&vabr=427&oh=1ba6060d6b2acaa7713f9e8d40b30653&oe=5953C8A8","type":"video"},{"content":"Here’s a great mission. “Be so busy loving life, there will be no time for regret, anger, worry or fear.” Smooth sailing everyone!","profileString":"facebook_page.150454461686323","postURL":"https://facebook.com/150454461686323/posts/1479837858747970","avatar":"https://graph.facebook.com/150454461686323/picture","classification":{"engine":"aylien","language":"en","taxonomy":[{"score":"0.2050","links":[{"rel":"self","link":"https://api.aylien.com/api/v1/classify/taxonomy/iab-qag/IAB25-5"},{"rel":"parent","link":"https://api.aylien.com/api/v1/classify/taxonomy/iab-qag/IAB25"}],"label":"Hate Content","id":"IAB25-5","confident":false},{"score":"0.0902","links":[{"rel":"self","link":"https://api.aylien.com/api/v1/classify/taxonomy/iab-qag/IAB9"}],"label":"Hobbies & Interests","id":"IAB9","confident":true},{"score":"0.0734","links":[{"rel":"self","link":"https://api.aylien.com/api/v1/classify/taxonomy/iab-qag/IAB25"}],"label":"Non-Standard Content","id":"IAB25","confident":false},{"score":"0.0539","links":[{"rel":"self","link":"https://api.aylien.com/api/v1/classify/taxonomy/iab-qag/IAB9-23"},{"rel":"parent","link":"https://api.aylien.com/api/v1/classify/taxonomy/iab-qag/IAB9"}],"label":"Photography","id":"IAB9-23","confident":false}]},"postidString":"facebook_page.150454461686323_1479837858747970","postMeta":{"inserted":"content-engine"},"timestamp":1498568264,"sharesRcvd":1,"likesRcvd":145,"source":"facebook_page","lastUpdateQuantum":4995832,"name":"Ernie Anastos Fox 5","imageLarge":"https://scontent.xx.fbcdn.net/v/t1.0-9/s720x720/19554485_1479837858747970_7005774151896801009_n.jpg?oh=3d637b9332031a0204e3382ce3dfa842&oe=59E1732F","objectID":"1479837858747970","repliesRcvd":24,"image":"https://scontent.xx.fbcdn.net/v/t1.0-0/s130x130/19554485_1479837858747970_7005774151896801009_n.jpg?oh=71c322a3b38532020371314f2a72a7da&oe=59DF653A","username":"ernie.anastos","link":"https://www.facebook.com/ernie.anastos/photos/a.967587853306309.1073741827.150454461686323/1479837858747970/?type=3","timeQuantum":4995227,"type":"photo","title":"Timeline Photos"},{"content":"Celebrating our 3rd anniversary at 6pm with our positive news format. Thanks to all our viewers for your great support!","profileString":"facebook_page.150454461686323","postURL":"https://facebook.com/150454461686323/posts/1481229098608846","avatar":"https://graph.facebook.com/150454461686323/picture","classification":{"engine":"aylien","language":"en","taxonomy":[{"score":"0.4698","links":[{"rel":"self","link":"https://api.aylien.com/api/v1/classify/taxonomy/iab-qag/IAB12-2"},{"rel":"parent","link":"https://api.aylien.com/api/v1/classify/taxonomy/iab-qag/IAB12"}],"label":"National News","id":"IAB12-2","confident":false},{"score":"0.1131","links":[{"rel":"self","link":"https://api.aylien.com/api/v1/classify/taxonomy/iab-qag/IAB12"}],"label":"News","id":"IAB12","confident":true}]},"postidString":"facebook_page.150454461686323_1481229098608846","postMeta":{"inserted":"content-engine"},"timestamp":1498671327,"sharesRcvd":1,"likesRcvd":74,"source":"facebook_page","lastUpdateQuantum":4995832,"name":"Ernie Anastos Fox 5","imageLarge":"https://scontent.xx.fbcdn.net/v/t1.0-9/19437546_1481229098608846_5269391211052240026_n.jpg?oh=91e5fc5013c6aad13c612fa08f1666a2&oe=5A0D9B10","objectID":"1481229098608846","repliesRcvd":13,"image":"https://scontent.xx.fbcdn.net/v/t1.0-0/s130x130/19437546_1481229098608846_5269391211052240026_n.jpg?oh=6f27536c0da972822b9e655b45de3e2b&oe=5A0EAE7B","username":"ernie.anastos","link":"https://www.facebook.com/ernie.anastos/photos/a.967587853306309.1073741827.150454461686323/1481229098608846/?type=3","timeQuantum":4995571,"type":"photo","title":"Timeline Photos"}]