[{"content":"Everybody please set your DVR for this Saturday June 10th at 6:30 PM for my Half Hour Live Music Special. Guest include Concert Promoter & Brooklyn Bowl owner Peter Shapiro, Joel and Ryan from Umphrey's McGee, Adam Ezra from Adam Ezra Group, Dan Berkowitz from CID Entertainment and Scott Bernstein from JamBase and YEMblog fame. We explore how the decline of the record business has forced artists to embrace new and inventive ways to engage fans. We also go behind-the-scenes to witness firsthand the growing popularity of festivals and ultra-high end VIP packages that help fans get a taste of the Rock Star lifestyle.","profileString":"facebook_page.211829258883778","postURL":"https://facebook.com/211829258883778/posts/1388772497856109","avatar":"https://graph.facebook.com/211829258883778/picture","classification":{"engine":"aylien","language":"en","taxonomy":[{"score":"0.2981","confident":true,"links":[{"link":"https://api.aylien.com/api/v1/classify/taxonomy/iab-qag/IAB1-6","rel":"self"},{"link":"https://api.aylien.com/api/v1/classify/taxonomy/iab-qag/IAB1","rel":"parent"}],"id":"IAB1-6","label":"Music"},{"score":"0.1125","confident":true,"links":[{"link":"https://api.aylien.com/api/v1/classify/taxonomy/iab-qag/IAB1","rel":"self"}],"id":"IAB1","label":"Arts & Entertainment"}]},"postidString":"facebook_page.211829258883778_1388772497856109","postMeta":{"inserted":"content-engine"},"timestamp":1496930750,"sharesRcvd":7,"likesRcvd":42,"source":"facebook_page","lastUpdateQuantum":4995007,"name":"Steve Lacy","imageLarge":"https://scontent.xx.fbcdn.net/v/t15.0-10/s720x720/19048127_1388782234521802_890547110749929472_n.jpg?oh=05c45e50901fcd1c1d84b8e10ac50834&oe=59ABBE76","objectID":"1388772497856109","repliesRcvd":3,"image":"https://scontent.xx.fbcdn.net/v/t15.0-10/s130x130/19048127_1388782234521802_890547110749929472_n.jpg?oh=25d187d3fa5206cbdd396cc46efe7125&oe=59D7DECC","username":"SteveLacyNYC","link":"https://www.facebook.com/SteveLacyNYC/videos/1388772497856109/","timeQuantum":4989769,"video":"https://video.xx.fbcdn.net/v/t42.1790-2/19019095_1450927125205768_7747033915696611328_n.mp4?efg=eyJybHIiOjU1OSwicmxhIjo1MTIsInZlbmNvZGVfdGFnIjoic3ZlX3NkIn0%3D&rl=559&vabr=311&oh=31902480c3b190332118d243633a0113&oe=593B4D30","type":"video"},{"content":"‪Here's a preview of my Live Music special which airs tomorrow Sat June 10 on Fox 5 at 6:30PM. \n\nhttps://www.jambase.com/article/fox-5-air-access-modern-music-business-special-featuring-members-umphreys-mcgee-peter-shapiro-others‬","profileString":"facebook_page.211829258883778","postURL":"https://facebook.com/211829258883778/posts/1390629944337031","avatar":"https://graph.facebook.com/211829258883778/picture","classification":{"engine":"aylien","language":"en","taxonomy":[{"score":"0.2603","confident":false,"links":[{"link":"https://api.aylien.com/api/v1/classify/taxonomy/iab-qag/IAB1-6","rel":"self"},{"link":"https://api.aylien.com/api/v1/classify/taxonomy/iab-qag/IAB1","rel":"parent"}],"id":"IAB1-6","label":"Music"},{"score":"0.1665","confident":true,"links":[{"link":"https://api.aylien.com/api/v1/classify/taxonomy/iab-qag/IAB1","rel":"self"}],"id":"IAB1","label":"Arts & Entertainment"}]},"postidString":"facebook_page.211829258883778_1390629944337031","postMeta":{"inserted":"content-engine"},"timestamp":1497040160,"sharesRcvd":0,"likesRcvd":32,"source":"facebook_page","lastUpdateQuantum":4995007,"name":"Steve Lacy","imageLarge":"https://external.xx.fbcdn.net/safe_image.php?d=AQDWb8Ihogv15YtO&url=https%3A%2F%2Fwww.jambase.com%2Fwp-content%2Fuploads%2F2017%2F06%2FFox-5-Screengrab-1480x832.jpg&_nc_hash=AQBq1i_bWfpK2dwS","repliesRcvd":6,"image":"https://external.xx.fbcdn.net/safe_image.php?d=AQASRgT1ze5hqLUB&w=130&h=130&url=https%3A%2F%2Fwww.jambase.com%2Fwp-content%2Fuploads%2F2017%2F06%2FFox-5-Screengrab-1480x832.jpg&cfs=1&_nc_hash=AQBYTmkltvfx5O9S","username":"SteveLacyNYC","link":"https://www.jambase.com/article/fox-5-air-access-modern-music-business-special-featuring-members-umphreys-mcgee-peter-shapiro-others","timeQuantum":4990133,"title":"Fox 5 To Air ‘All Access: The Modern Music Business’ Special Featuring Members Of Umphrey’s McGee, Peter Shapiro & Others","type":"link"},{"content":"Talking Live Now about the 1/2 hour special on the Grateful Dead that airs Thursday Night at 10:00PM on FOX 5 / Fox5NY.com","profileString":"facebook_page.211829258883778","postURL":"https://facebook.com/211829258883778/posts/1402471719819520","avatar":"https://graph.facebook.com/211829258883778/picture","classification":{"engine":"aylien","language":"en","taxonomy":[{"score":"0.2734","confident":false,"links":[{"link":"https://api.aylien.com/api/v1/classify/taxonomy/iab-qag/IAB1-7","rel":"self"},{"link":"https://api.aylien.com/api/v1/classify/taxonomy/iab-qag/IAB1","rel":"parent"}],"id":"IAB1-7","label":"Television"},{"score":"0.0935","confident":true,"links":[{"link":"https://api.aylien.com/api/v1/classify/taxonomy/iab-qag/IAB1","rel":"self"}],"id":"IAB1","label":"Arts & Entertainment"}]},"postidString":"facebook_page.211829258883778_1402471719819520","postMeta":{"inserted":"content-engine"},"timestamp":1498092031,"sharesRcvd":17,"likesRcvd":101,"source":"facebook_page","lastUpdateQuantum":4995664,"name":"Steve Lacy","imageLarge":"https://scontent.xx.fbcdn.net/v/t15.0-10/19370141_1402482149818477_6602269271244406784_n.jpg?oh=d03f95f8c145da4000b05c99fd8b889d&oe=59D9BC02","objectID":"1402471719819520","repliesRcvd":110,"image":"https://scontent.xx.fbcdn.net/v/t15.0-10/s130x130/19370141_1402482149818477_6602269271244406784_n.jpg?oh=bd0b49c73720faae302f03df77ae051a&oe=59DB7F79","username":"SteveLacyNYC","link":"https://www.facebook.com/SteveLacyNYC/videos/1402471719819520/","timeQuantum":4993640,"video":"https://scontent.xx.fbcdn.net/v/t42.1790-29/19286747_111134576169835_726677997985202176_n.mp4?efg=eyJybHIiOjEwMjksInJsYSI6NDA5NiwidmVuY29kZV90YWciOiJzZCJ9&rl=1029&vabr=572&oh=d22c5d0289216f30b4551371b18dd484&oe=594D6460","type":"video"}]