[{"content":"Sun at St Augustine Beach\nSon & Olde St. Augustine & live music & seafood under the stars. \nBeat down at Universal Studios. Disney too! They made me get on roller coasters. 😣😣😣😂😂❤️❤️","profileString":"facebook_page.209464549084315","postURL":"https://facebook.com/209464549084315/posts/1478569492173808","avatar":"https://graph.facebook.com/209464549084315/picture","classification":{"engine":"aylien","language":"en","taxonomy":[{"score":"0.2674","confident":false,"links":[{"link":"https://api.aylien.com/api/v1/classify/taxonomy/iab-qag/IAB1-6","rel":"self"},{"link":"https://api.aylien.com/api/v1/classify/taxonomy/iab-qag/IAB1","rel":"parent"}],"id":"IAB1-6","label":"Music"},{"score":"0.1059","confident":true,"links":[{"link":"https://api.aylien.com/api/v1/classify/taxonomy/iab-qag/IAB1","rel":"self"}],"id":"IAB1","label":"Arts & Entertainment"}]},"postidString":"facebook_page.209464549084315_1478562035507887","postMeta":{"inserted":"content-engine"},"timestamp":1492815095,"sharesRcvd":1,"likesRcvd":458,"source":"facebook_page","lastUpdateQuantum":4983272,"name":"Toni Yates","imageLarge":"https://scontent.xx.fbcdn.net/v/t1.0-0/p180x540/18011136_1478562035507887_460841584040676053_n.jpg?oh=82eb4b8f7760ed80697143037940d752&oe=597C9565","originalID":"209464549084315_1478569492173808","objectID":"1478562035507887","repliesRcvd":46,"image":"https://scontent.xx.fbcdn.net/v/t1.0-0/s130x130/18011136_1478562035507887_460841584040676053_n.jpg?oh=6029b4cf598e4ea402e65e6c0dd944e2&oe=597A79A4","username":"toniyates.wabc","link":"https://www.facebook.com/toniyates.wabc/photos/a.990112867686142.1073741825.209464549084315/1478562035507887/?type=3","timeQuantum":4976050,"title":"Photos from Toni Yates's post","type":"photo"},{"content":"Thank goodness I found a jacket in my trunk!! Thought I was still in 80 degree Florida!!😁😁😁. Vaca is def OVER.","profileString":"facebook_page.209464549084315","postURL":"https://facebook.com/209464549084315/posts/1482248815139209","avatar":"https://graph.facebook.com/209464549084315/picture","classification":{"engine":"aylien","language":"en","taxonomy":[{"score":"0.0745","confident":false,"links":[{"link":"https://api.aylien.com/api/v1/classify/taxonomy/iab-qag/IAB9","rel":"self"}],"id":"IAB9","label":"Hobbies & Interests"},{"score":"0.0514","confident":false,"links":[{"link":"https://api.aylien.com/api/v1/classify/taxonomy/iab-qag/IAB9-23","rel":"self"},{"link":"https://api.aylien.com/api/v1/classify/taxonomy/iab-qag/IAB9","rel":"parent"}],"id":"IAB9-23","label":"Photography"}]},"postidString":"facebook_page.209464549084315_1482248815139209","postMeta":{"inserted":"content-engine"},"timestamp":1493065092,"sharesRcvd":1,"likesRcvd":417,"source":"facebook_page","lastUpdateQuantum":4983272,"name":"Toni Yates","imageLarge":"https://scontent.xx.fbcdn.net/v/t1.0-0/p180x540/18118615_1482248815139209_5127319529003844989_n.jpg?oh=a00ef5a843de265fd6085b02bfc071f4&oe=5988A744","objectID":"1482248815139209","repliesRcvd":53,"image":"https://scontent.xx.fbcdn.net/v/t1.0-0/s130x130/18118615_1482248815139209_5127319529003844989_n.jpg?oh=b8097b8cc325de4f5312c5bc266b846d&oe=598FDA38","username":"toniyates.wabc","link":"https://www.facebook.com/toniyates.wabc/photos/a.496269657070468.117210.209464549084315/1482248815139209/?type=3","timeQuantum":4976883,"title":"Timeline Photos","type":"photo"},{"content":"My ONLY desire is to put the boots away once and for all😂😂😂. Good Rainy Morning Family. Love&Peace❤️","profileString":"facebook_page.209464549084315","postURL":"https://facebook.com/209464549084315/posts/1483235481707209","avatar":"https://graph.facebook.com/209464549084315/picture","classification":{"engine":"aylien","language":"en","taxonomy":[{"score":"0.2131","confident":false,"links":[{"link":"https://api.aylien.com/api/v1/classify/taxonomy/iab-qag/IAB6-6","rel":"self"},{"link":"https://api.aylien.com/api/v1/classify/taxonomy/iab-qag/IAB6","rel":"parent"}],"id":"IAB6-6","label":"Parenting teens"},{"score":"0.0834","confident":true,"links":[{"link":"https://api.aylien.com/api/v1/classify/taxonomy/iab-qag/IAB6","rel":"self"}],"id":"IAB6","label":"Family & Parenting"},{"score":"0.0734","confident":false,"links":[{"link":"https://api.aylien.com/api/v1/classify/taxonomy/iab-qag/IAB9","rel":"self"}],"id":"IAB9","label":"Hobbies & Interests"},{"score":"0.0549","confident":false,"links":[{"link":"https://api.aylien.com/api/v1/classify/taxonomy/iab-qag/IAB9-23","rel":"self"},{"link":"https://api.aylien.com/api/v1/classify/taxonomy/iab-qag/IAB9","rel":"parent"}],"id":"IAB9-23","label":"Photography"}]},"postidString":"facebook_page.209464549084315_1483235481707209","postMeta":{"inserted":"content-engine"},"timestamp":1493127698,"sharesRcvd":10,"likesRcvd":659,"source":"facebook_page","lastUpdateQuantum":4983272,"name":"Toni Yates","imageLarge":"https://scontent.xx.fbcdn.net/v/t1.0-0/p180x540/17991780_1483235481707209_8116386807604345325_n.jpg?oh=4987404082b399e83fc7eeda32727c4a&oe=5992B9CC","objectID":"1483235481707209","repliesRcvd":112,"image":"https://scontent.xx.fbcdn.net/v/t1.0-0/s130x130/17991780_1483235481707209_8116386807604345325_n.jpg?oh=f388e54814283f950d798c9bcb6469f6&oe=597A59B0","username":"toniyates.wabc","link":"https://www.facebook.com/toniyates.wabc/photos/a.496269657070468.117210.209464549084315/1483235481707209/?type=3","timeQuantum":4977092,"title":"Timeline Photos","type":"photo"},{"content":"Villa Borghese II with the awesome owners! Special story of an act of kindness from an 8 year old girl who's father was killed before she was born. Tonight at 5:30","profileString":"facebook_page.209464549084315","postURL":"https://facebook.com/209464549084315/posts/1483350301695727","avatar":"https://graph.facebook.com/209464549084315/picture","classification":{"engine":"aylien","language":"en","taxonomy":[{"score":"0.2196","confident":false,"links":[{"link":"https://api.aylien.com/api/v1/classify/taxonomy/iab-qag/IAB16-4","rel":"self"},{"link":"https://api.aylien.com/api/v1/classify/taxonomy/iab-qag/IAB16","rel":"parent"}],"id":"IAB16-4","label":"Dogs"},{"score":"0.2106","confident":false,"links":[{"link":"https://api.aylien.com/api/v1/classify/taxonomy/iab-qag/IAB6-8","rel":"self"},{"link":"https://api.aylien.com/api/v1/classify/taxonomy/iab-qag/IAB6","rel":"parent"}],"id":"IAB6-8","label":"Special Needs Kids"},{"score":"0.2032","confident":false,"links":[{"link":"https://api.aylien.com/api/v1/classify/taxonomy/iab-qag/IAB1-2","rel":"self"},{"link":"https://api.aylien.com/api/v1/classify/taxonomy/iab-qag/IAB1","rel":"parent"}],"id":"IAB1-2","label":"Celebrity Fan/Gossip"},{"score":"0.1970","confident":false,"links":[{"link":"https://api.aylien.com/api/v1/classify/taxonomy/iab-qag/IAB25-2","rel":"self"},{"link":"https://api.aylien.com/api/v1/classify/taxonomy/iab-qag/IAB25","rel":"parent"}],"id":"IAB25-2","label":"Extreme Graphic/Explicit Violence"},{"score":"0.1560","confident":false,"links":[{"link":"https://api.aylien.com/api/v1/classify/taxonomy/iab-qag/IAB23-6","rel":"self"},{"link":"https://api.aylien.com/api/v1/classify/taxonomy/iab-qag/IAB23","rel":"parent"}],"id":"IAB23-6","label":"Hinduism"},{"score":"0.0632","confident":false,"links":[{"link":"https://api.aylien.com/api/v1/classify/taxonomy/iab-qag/IAB1","rel":"self"}],"id":"IAB1","label":"Arts & Entertainment"},{"score":"0.0608","confident":false,"links":[{"link":"https://api.aylien.com/api/v1/classify/taxonomy/iab-qag/IAB16","rel":"self"}],"id":"IAB16","label":"Pets"},{"score":"0.0594","confident":false,"links":[{"link":"https://api.aylien.com/api/v1/classify/taxonomy/iab-qag/IAB23","rel":"self"}],"id":"IAB23","label":"Religion & Spirituality"},{"score":"0.0588","confident":false,"links":[{"link":"https://api.aylien.com/api/v1/classify/taxonomy/iab-qag/IAB9","rel":"self"}],"id":"IAB9","label":"Hobbies & Interests"},{"score":"0.0578","confident":false,"links":[{"link":"https://api.aylien.com/api/v1/classify/taxonomy/iab-qag/IAB6","rel":"self"}],"id":"IAB6","label":"Family & Parenting"},{"score":"0.0559","confident":false,"links":[{"link":"https://api.aylien.com/api/v1/classify/taxonomy/iab-qag/IAB9-23","rel":"self"},{"link":"https://api.aylien.com/api/v1/classify/taxonomy/iab-qag/IAB9","rel":"parent"}],"id":"IAB9-23","label":"Photography"},{"score":"0.0509","confident":false,"links":[{"link":"https://api.aylien.com/api/v1/classify/taxonomy/iab-qag/IAB25","rel":"self"}],"id":"IAB25","label":"Non-Standard Content"}]},"postidString":"facebook_page.209464549084315_1483350301695727","postMeta":{"inserted":"content-engine"},"timestamp":1493136457,"sharesRcvd":0,"likesRcvd":115,"source":"facebook_page","lastUpdateQuantum":4983272,"name":"Toni Yates","imageLarge":"https://scontent.xx.fbcdn.net/v/t1.0-9/s720x720/18119165_1483350301695727_1388290434191464108_n.jpg?oh=187fd259ac8657bb0fd121c51d5d2cca&oe=599189DD","objectID":"1483350301695727","repliesRcvd":8,"image":"https://scontent.xx.fbcdn.net/v/t1.0-0/s130x130/18119165_1483350301695727_1388290434191464108_n.jpg?oh=3ece81fff19ce956b0173c63c408a516&oe=59764FC8","username":"toniyates.wabc","link":"https://www.facebook.com/toniyates.wabc/photos/a.496269657070468.117210.209464549084315/1483350301695727/?type=3","timeQuantum":4977121,"title":"Timeline Photos","type":"photo"},{"content":"Hello 🌞🌞🌞🌞. Stick around, won't Cha???❤️","profileString":"facebook_page.209464549084315","postURL":"https://facebook.com/209464549084315/posts/1486614984702592","avatar":"https://graph.facebook.com/209464549084315/picture","classification":{"engine":"aylien","language":"en","taxonomy":[{"score":"0.0872","confident":true,"links":[{"link":"https://api.aylien.com/api/v1/classify/taxonomy/iab-qag/IAB9","rel":"self"}],"id":"IAB9","label":"Hobbies & Interests"},{"score":"0.0539","confident":false,"links":[{"link":"https://api.aylien.com/api/v1/classify/taxonomy/iab-qag/IAB9-23","rel":"self"},{"link":"https://api.aylien.com/api/v1/classify/taxonomy/iab-qag/IAB9","rel":"parent"}],"id":"IAB9-23","label":"Photography"}]},"postidString":"facebook_page.209464549084315_1486614984702592","postMeta":{"inserted":"content-engine"},"timestamp":1493416013,"sharesRcvd":5,"likesRcvd":684,"source":"facebook_page","lastUpdateQuantum":4983272,"name":"Toni Yates","imageLarge":"https://scontent.xx.fbcdn.net/v/t1.0-9/p720x720/18157931_1486614984702592_6013024853976179263_n.jpg?oh=6f858a9c342c1d2876e02584670ae96f&oe=597F8A5F","objectID":"1486614984702592","repliesRcvd":118,"image":"https://scontent.xx.fbcdn.net/v/t1.0-0/p130x130/18157931_1486614984702592_6013024853976179263_n.jpg?oh=15b551191df224453861c7e289488575&oe=5980FA4A","username":"toniyates.wabc","link":"https://www.facebook.com/toniyates.wabc/photos/a.496269657070468.117210.209464549084315/1486614984702592/?type=3","timeQuantum":4978053,"title":"Timeline Photos","type":"photo"},{"content":"Very sad for us. Salt of the Earth Guy. 😞💙","profileString":"facebook_page.209464549084315","postURL":"https://facebook.com/209464549084315/posts/1488720017825422","avatar":"https://graph.facebook.com/209464549084315/picture","classification":{"engine":"aylien","language":"en","taxonomy":[{"score":"0.1901","confident":false,"links":[{"link":"https://api.aylien.com/api/v1/classify/taxonomy/iab-qag/IAB25-2","rel":"self"},{"link":"https://api.aylien.com/api/v1/classify/taxonomy/iab-qag/IAB25","rel":"parent"}],"id":"IAB25-2","label":"Extreme Graphic/Explicit Violence"},{"score":"0.1600","confident":false,"links":[{"link":"https://api.aylien.com/api/v1/classify/taxonomy/iab-qag/IAB15-5","rel":"self"},{"link":"https://api.aylien.com/api/v1/classify/taxonomy/iab-qag/IAB15","rel":"parent"}],"id":"IAB15-5","label":"Paranormal Phenomena"},{"score":"0.1093","confident":true,"links":[{"link":"https://api.aylien.com/api/v1/classify/taxonomy/iab-qag/IAB2-16","rel":"self"},{"link":"https://api.aylien.com/api/v1/classify/taxonomy/iab-qag/IAB2","rel":"parent"}],"id":"IAB2-16","label":"Off-Road Vehicles"},{"score":"0.1006","confident":false,"links":[{"link":"https://api.aylien.com/api/v1/classify/taxonomy/iab-qag/IAB8-8","rel":"self"},{"link":"https://api.aylien.com/api/v1/classify/taxonomy/iab-qag/IAB8","rel":"parent"}],"id":"IAB8-8","label":"Desserts & Baking"},{"score":"0.0615","confident":false,"links":[{"link":"https://api.aylien.com/api/v1/classify/taxonomy/iab-qag/IAB9","rel":"self"}],"id":"IAB9","label":"Hobbies & Interests"},{"score":"0.0567","confident":false,"links":[{"link":"https://api.aylien.com/api/v1/classify/taxonomy/iab-qag/IAB17","rel":"self"}],"id":"IAB17","label":"Sports"},{"score":"0.0555","confident":false,"links":[{"link":"https://api.aylien.com/api/v1/classify/taxonomy/iab-qag/IAB25","rel":"self"}],"id":"IAB25","label":"Non-Standard Content"},{"score":"0.0548","confident":false,"links":[{"link":"https://api.aylien.com/api/v1/classify/taxonomy/iab-qag/IAB15","rel":"self"}],"id":"IAB15","label":"Science"},{"score":"0.0539","confident":false,"links":[{"link":"https://api.aylien.com/api/v1/classify/taxonomy/iab-qag/IAB9-4","rel":"self"},{"link":"https://api.aylien.com/api/v1/classify/taxonomy/iab-qag/IAB9","rel":"parent"}],"id":"IAB9-4","label":"Birdwatching"},{"score":"0.0519","confident":false,"links":[{"link":"https://api.aylien.com/api/v1/classify/taxonomy/iab-qag/IAB8","rel":"self"}],"id":"IAB8","label":"Food & Drink"},{"score":"0.0504","confident":false,"links":[{"link":"https://api.aylien.com/api/v1/classify/taxonomy/iab-qag/IAB2","rel":"self"}],"id":"IAB2","label":"Automotive"},{"score":"0.0478","confident":true,"links":[{"link":"https://api.aylien.com/api/v1/classify/taxonomy/iab-qag/IAB17-13","rel":"self"},{"link":"https://api.aylien.com/api/v1/classify/taxonomy/iab-qag/IAB17","rel":"parent"}],"id":"IAB17-13","label":"Freshwater Fishing"}]},"postidString":"facebook_page.209464549084315_1885146098427787","postMeta":{"inserted":"content-engine"},"timestamp":1493568041,"sharesRcvd":0,"likesRcvd":69,"source":"facebook_page","lastUpdateQuantum":4983272,"name":"Toni Yates","imageLarge":"https://scontent.xx.fbcdn.net/v/t31.0-8/s720x720/18156679_1885146098427787_5520750589271575983_o.jpg?oh=06ae8355104ccc1ad0f141f81dcec6ce&oe=59BD5243","originalID":"209464549084315_1488720017825422","objectID":"1885146098427787","repliesRcvd":16,"image":"https://scontent.xx.fbcdn.net/v/t1.0-0/s130x130/18194235_1885146098427787_5520750589271575983_n.jpg?oh=123be3062ff1a593efac8385eda019d3&oe=59833B4D","username":"toniyates.wabc","link":"https://www.facebook.com/BillRitterABC7/photos/a.1478709305738137.1073741828.1478254085783659/1885146098427787/?type=3","timeQuantum":4978560,"title":"Bill Ritter","type":"photo"},{"content":"3 years of Take Your Kid To Work...and even tho I have to drive my car to the stories, it's been worth it for my son. Uncle Ernie has been a terrific role model for Gabriel. 💙💙💙. I could never thank him enough.","profileString":"facebook_page.209464549084315","postURL":"https://facebook.com/209464549084315/posts/1489143294449761","avatar":"https://graph.facebook.com/209464549084315/picture","classification":{"engine":"aylien","language":"en","taxonomy":[{"score":"0.1941","confident":true,"links":[{"link":"https://api.aylien.com/api/v1/classify/taxonomy/iab-qag/IAB2","rel":"self"}],"id":"IAB2","label":"Automotive"},{"score":"0.0703","confident":false,"links":[{"link":"https://api.aylien.com/api/v1/classify/taxonomy/iab-qag/IAB2-5","rel":"self"},{"link":"https://api.aylien.com/api/v1/classify/taxonomy/iab-qag/IAB2","rel":"parent"}],"id":"IAB2-5","label":"Certified Pre-Owned"}]},"postidString":"facebook_page.209464549084315_1489143294449761","postMeta":{"inserted":"content-engine"},"timestamp":1493604174,"sharesRcvd":2,"likesRcvd":183,"source":"facebook_page","lastUpdateQuantum":4983272,"name":"Toni Yates","imageLarge":"https://scontent.xx.fbcdn.net/v/t1.0-9/p720x720/18221999_1489143294449761_8794781863616790087_n.jpg?oh=69498f1a54b8e9635d932f9328367ee8&oe=59BF657F","objectID":"1489143294449761","repliesRcvd":11,"image":"https://scontent.xx.fbcdn.net/v/t1.0-0/p130x130/18221999_1489143294449761_8794781863616790087_n.jpg?oh=642c0492db487d7a28a1a44a2a5a87cf&oe=5983B76A","username":"toniyates.wabc","link":"https://www.facebook.com/toniyates.wabc/photos/a.496269657070468.117210.209464549084315/1489143294449761/?type=3","timeQuantum":4978680,"title":"Timeline Photos","type":"photo"},{"content":"May Day protest against President Trump's immigration policies. This one began at Bryant Park.","profileString":"facebook_page.209464549084315","postURL":"https://facebook.com/209464549084315/posts/1489548977742526","avatar":"https://graph.facebook.com/209464549084315/picture","classification":{"engine":"aylien","language":"en","taxonomy":[{"score":"0.4750","confident":true,"links":[{"link":"https://api.aylien.com/api/v1/classify/taxonomy/iab-qag/IAB11-1","rel":"self"},{"link":"https://api.aylien.com/api/v1/classify/taxonomy/iab-qag/IAB11","rel":"parent"}],"id":"IAB11-1","label":"Immigration"},{"score":"0.1132","confident":true,"links":[{"link":"https://api.aylien.com/api/v1/classify/taxonomy/iab-qag/IAB11","rel":"self"}],"id":"IAB11","label":"Law, Gov’t & Politics"}]},"postidString":"facebook_page.209464549084315_1489548977742526","postMeta":{"inserted":"content-engine"},"timestamp":1493641296,"sharesRcvd":0,"likesRcvd":39,"source":"facebook_page","lastUpdateQuantum":4983272,"name":"Toni Yates","imageLarge":"https://scontent.xx.fbcdn.net/v/t15.0-10/18279460_1489550847742339_7199630451101663232_n.jpg?oh=56bcd518ce63cd2af0f6dab41fa682cf&oe=59886217","objectID":"1489548977742526","repliesRcvd":5,"image":"https://scontent.xx.fbcdn.net/v/t15.0-10/s130x130/18279460_1489550847742339_7199630451101663232_n.jpg?oh=672dd6f9f26de38400f90efecebc6bd0&oe=597A6A6C","username":"toniyates.wabc","link":"https://www.facebook.com/toniyates.wabc/videos/1489548977742526/","timeQuantum":4978804,"video":"https://video.xx.fbcdn.net/v/t42.1790-2/18248347_1320385571381760_3472746539334500352_n.mp4?efg=eyJybHIiOjc0MSwicmxhIjo1MTIsInZlbmNvZGVfdGFnIjoic3ZlX3NkIn0%3D&rl=741&vabr=412&oh=cc694f945176b424eaf27c05547a622d&oe=5909409C","type":"video"},{"content":"Ever so proud to represent WABC. 💙💖","profileString":"facebook_page.209464549084315","postURL":"https://facebook.com/209464549084315/posts/1492127014151389","avatar":"https://graph.facebook.com/209464549084315/picture","classification":{"engine":"aylien","language":"en","taxonomy":[{"score":"0.0801","confident":true,"links":[{"link":"https://api.aylien.com/api/v1/classify/taxonomy/iab-qag/IAB9","rel":"self"}],"id":"IAB9","label":"Hobbies & Interests"},{"score":"0.0658","confident":false,"links":[{"link":"https://api.aylien.com/api/v1/classify/taxonomy/iab-qag/IAB9-23","rel":"self"},{"link":"https://api.aylien.com/api/v1/classify/taxonomy/iab-qag/IAB9","rel":"parent"}],"id":"IAB9-23","label":"Photography"}]},"postidString":"facebook_page.209464549084315_1492126370818120","postMeta":{"inserted":"content-engine"},"timestamp":1493825945,"sharesRcvd":2,"likesRcvd":266,"source":"facebook_page","lastUpdateQuantum":4983272,"name":"Toni Yates","imageLarge":"https://scontent.xx.fbcdn.net/v/t1.0-9/s720x720/18198752_1492126370818120_2462322769603035665_n.jpg?oh=9bfd5c0c056d3240cb4d52a0030aefb6&oe=59765FA1","originalID":"209464549084315_1492127014151389","objectID":"1492126370818120","repliesRcvd":35,"image":"https://scontent.xx.fbcdn.net/v/t1.0-0/s130x130/18198752_1492126370818120_2462322769603035665_n.jpg?oh=7209a7a9c47194b1a90c0c147fd233ee&oe=597423B4","username":"toniyates.wabc","link":"https://www.facebook.com/toniyates.wabc/photos/a.990112867686142.1073741825.209464549084315/1492126370818120/?type=3","timeQuantum":4979419,"title":"Photos from Toni Yates's post","type":"photo"},{"content":"I'm already regretting not bringing a jacket 😂😂😳😳","profileString":"facebook_page.209464549084315","postURL":"https://facebook.com/209464549084315/posts/1493127180718039","avatar":"https://graph.facebook.com/209464549084315/picture","classification":{"engine":"aylien","language":"en","taxonomy":[{"score":"0.0765","confident":false,"links":[{"link":"https://api.aylien.com/api/v1/classify/taxonomy/iab-qag/IAB9","rel":"self"}],"id":"IAB9","label":"Hobbies & Interests"},{"score":"0.0593","confident":false,"links":[{"link":"https://api.aylien.com/api/v1/classify/taxonomy/iab-qag/IAB9-23","rel":"self"},{"link":"https://api.aylien.com/api/v1/classify/taxonomy/iab-qag/IAB9","rel":"parent"}],"id":"IAB9-23","label":"Photography"}]},"postidString":"facebook_page.209464549084315_1493127180718039","postMeta":{"inserted":"content-engine"},"timestamp":1493907273,"sharesRcvd":5,"likesRcvd":497,"source":"facebook_page","lastUpdateQuantum":4983551,"name":"Toni Yates","imageLarge":"https://scontent.xx.fbcdn.net/v/t1.0-9/s720x720/18268402_1493127180718039_1662933703521721741_n.jpg?oh=23df4e65b1dd89b9d2d1b3c254773e1f&oe=5976632D","objectID":"1493127180718039","repliesRcvd":91,"image":"https://scontent.xx.fbcdn.net/v/t1.0-0/s130x130/18268402_1493127180718039_1662933703521721741_n.jpg?oh=ce989e831082a1de6889744d523a6bbb&oe=597B2238","username":"toniyates.wabc","link":"https://www.facebook.com/toniyates.wabc/photos/a.496269657070468.117210.209464549084315/1493127180718039/?type=3","timeQuantum":4979690,"title":"Timeline Photos","type":"photo"},{"content":"Awesome salute to First Responders from Essex County towns who went above and beyond in the line of duty to save lives in 2016. Honored by The Two Hundred Club of Essex Co. These are the recipients being ushered in with honor.","profileString":"facebook_page.209464549084315","postURL":"https://facebook.com/209464549084315/posts/1493304227367001","avatar":"https://graph.facebook.com/209464549084315/picture","classification":{"engine":"aylien","language":"en","taxonomy":[{"score":"0.2080","confident":false,"links":[{"link":"https://api.aylien.com/api/v1/classify/taxonomy/iab-qag/IAB10-8","rel":"self"},{"link":"https://api.aylien.com/api/v1/classify/taxonomy/iab-qag/IAB10","rel":"parent"}],"id":"IAB10-8","label":"Landscaping"},{"score":"0.0648","confident":false,"links":[{"link":"https://api.aylien.com/api/v1/classify/taxonomy/iab-qag/IAB9","rel":"self"}],"id":"IAB9","label":"Hobbies & Interests"},{"score":"0.0648","confident":false,"links":[{"link":"https://api.aylien.com/api/v1/classify/taxonomy/iab-qag/IAB17","rel":"self"}],"id":"IAB17","label":"Sports"},{"score":"0.0581","confident":false,"links":[{"link":"https://api.aylien.com/api/v1/classify/taxonomy/iab-qag/IAB10","rel":"self"}],"id":"IAB10","label":"Home & Garden"},{"score":"0.0511","confident":false,"links":[{"link":"https://api.aylien.com/api/v1/classify/taxonomy/iab-qag/IAB9-4","rel":"self"},{"link":"https://api.aylien.com/api/v1/classify/taxonomy/iab-qag/IAB9","rel":"parent"}],"id":"IAB9-4","label":"Birdwatching"},{"score":"0.0454","confident":false,"links":[{"link":"https://api.aylien.com/api/v1/classify/taxonomy/iab-qag/IAB17-43","rel":"self"},{"link":"https://api.aylien.com/api/v1/classify/taxonomy/iab-qag/IAB17","rel":"parent"}],"id":"IAB17-43","label":"Waterski/Wakeboard"}]},"postidString":"facebook_page.209464549084315_1493304227367001","postMeta":{"inserted":"content-engine"},"timestamp":1493921258,"sharesRcvd":4,"likesRcvd":79,"source":"facebook_page","lastUpdateQuantum":4983551,"name":"Toni Yates","imageLarge":"https://scontent.xx.fbcdn.net/v/t15.0-10/18363868_1493308304033260_8513442001847320576_n.jpg?oh=c15230f01c9424f9d52fb9a5c9366e4d&oe=598975B6","objectID":"1493304227367001","repliesRcvd":3,"image":"https://scontent.xx.fbcdn.net/v/t15.0-10/s130x130/18363868_1493308304033260_8513442001847320576_n.jpg?oh=303a221a4404f98a0904eba79e12d255&oe=59C136CD","username":"toniyates.wabc","link":"https://www.facebook.com/toniyates.wabc/videos/1493304227367001/","timeQuantum":4979737,"video":"https://video.xx.fbcdn.net/v/t42.1790-2/18324990_520950511626631_2597688205935378432_n.mp4?efg=eyJybHIiOjQzMiwicmxhIjo1MTIsInZlbmNvZGVfdGFnIjoic3ZlX3NkIn0%3D&rl=432&vabr=240&oh=f4c74612ab14ac3ef178fb722ff5bb34&oe=590D4B74","type":"video"},{"content":"Ok .... So I buckled. 😁😁😁","profileString":"facebook_page.209464549084315","postURL":"https://facebook.com/209464549084315/posts/1493483727349051","avatar":"https://graph.facebook.com/209464549084315/picture","classification":{"engine":"aylien","language":"en","taxonomy":[{"score":"0.0857","confident":true,"links":[{"link":"https://api.aylien.com/api/v1/classify/taxonomy/iab-qag/IAB9","rel":"self"}],"id":"IAB9","label":"Hobbies & Interests"},{"score":"0.0698","confident":false,"links":[{"link":"https://api.aylien.com/api/v1/classify/taxonomy/iab-qag/IAB9-23","rel":"self"},{"link":"https://api.aylien.com/api/v1/classify/taxonomy/iab-qag/IAB9","rel":"parent"}],"id":"IAB9-23","label":"Photography"}]},"postidString":"facebook_page.209464549084315_1493483727349051","postMeta":{"inserted":"content-engine"},"timestamp":1493937475,"sharesRcvd":3,"likesRcvd":353,"source":"facebook_page","lastUpdateQuantum":4983551,"name":"Toni Yates","imageLarge":"https://scontent.xx.fbcdn.net/v/t1.0-0/p180x540/18268110_1493483727349051_3727834553011861491_n.jpg?oh=717d77935371010c4c8abcc2f2338609&oe=59835F6D","objectID":"1493483727349051","repliesRcvd":35,"image":"https://scontent.xx.fbcdn.net/v/t1.0-0/s130x130/18268110_1493483727349051_3727834553011861491_n.jpg?oh=8dd99d5cd6160129f16633888c452f9f&oe=59B8EB11","username":"toniyates.wabc","link":"https://www.facebook.com/toniyates.wabc/photos/a.496269657070468.117210.209464549084315/1493483727349051/?type=3","timeQuantum":4979791,"title":"Timeline Photos","type":"photo"},{"content":"The Two Hundred Club of Essex County recognizes Police and Fire Valor❤️💙","profileString":"facebook_page.209464549084315","postURL":"https://facebook.com/209464549084315/posts/1493258230704934","avatar":"https://graph.facebook.com/209464549084315/picture","classification":{"engine":"aylien","language":"en","taxonomy":[{"score":"0.0804","confident":true,"links":[{"link":"https://api.aylien.com/api/v1/classify/taxonomy/iab-qag/IAB17","rel":"self"}],"id":"IAB17","label":"Sports"},{"score":"0.0530","confident":true,"links":[{"link":"https://api.aylien.com/api/v1/classify/taxonomy/iab-qag/IAB17-24","rel":"self"},{"link":"https://api.aylien.com/api/v1/classify/taxonomy/iab-qag/IAB17","rel":"parent"}],"id":"IAB17-24","label":"Paintball"}]},"postidString":"facebook_page.209464549084315_1493258230704934","postMeta":{"inserted":"content-engine"},"timestamp":1493942669,"sharesRcvd":0,"likesRcvd":24,"source":"facebook_page","lastUpdateQuantum":4980005,"name":"Toni Yates","imageLarge":"https://scontent.xx.fbcdn.net/v/t15.0-10/s720x720/18340226_1493534490677308_1244220711044644864_n.jpg?oh=1a0e0c3c95acf926ab54e89bc100b999&oe=597BC1BA","objectID":"1493258230704934","repliesRcvd":1,"image":"https://scontent.xx.fbcdn.net/v/t15.0-10/s130x130/18340226_1493534490677308_1244220711044644864_n.jpg?oh=eafd9665f2aa27c8b5ed82f37fdc6004&oe=59C0C998","username":"toniyates.wabc","link":"https://www.facebook.com/toniyates.wabc/videos/1493258230704934/","timeQuantum":4979808,"video":"https://video.xx.fbcdn.net/v/t42.1790-2/18308252_213675462463574_8733484356221272064_n.mp4?efg=eyJybHIiOjQ3MywicmxhIjo1MjcsInZlbmNvZGVfdGFnIjoic3ZlX3NkIn0%3D&rl=473&vabr=263&oh=b3f17102aa6698426689540de7d98be1&oe=590E101B","type":"video"},{"content":"Alexis did it BIG TIME!! \nMagna Cum Laude \nUniv of Richmond...\nCongrats Baby Girl!! You make me proud everyday❤️❤️❤️","profileString":"facebook_page.209464549084315","postURL":"https://facebook.com/209464549084315/posts/1496982710332486","avatar":"https://graph.facebook.com/209464549084315/picture","classification":{"engine":"aylien","language":"en","taxonomy":[{"score":"0.0781","confident":true,"links":[{"link":"https://api.aylien.com/api/v1/classify/taxonomy/iab-qag/IAB9","rel":"self"}],"id":"IAB9","label":"Hobbies & Interests"},{"score":"0.0530","confident":false,"links":[{"link":"https://api.aylien.com/api/v1/classify/taxonomy/iab-qag/IAB9-23","rel":"self"},{"link":"https://api.aylien.com/api/v1/classify/taxonomy/iab-qag/IAB9","rel":"parent"}],"id":"IAB9-23","label":"Photography"}]},"postidString":"facebook_page.209464549084315_1496982710332486","postMeta":{"inserted":"content-engine"},"timestamp":1494227231,"sharesRcvd":7,"likesRcvd":587,"source":"facebook_page","lastUpdateQuantum":4983272,"name":"Toni Yates","imageLarge":"https://scontent.xx.fbcdn.net/v/t1.0-9/p720x720/18341845_1496982710332486_6229613817802793285_n.jpg?oh=5ba4e9871592cb8eb1d6993eb7b8afae&oe=59B7D39A","objectID":"1496982710332486","repliesRcvd":148,"image":"https://scontent.xx.fbcdn.net/v/t1.0-0/p130x130/18341845_1496982710332486_6229613817802793285_n.jpg?oh=e8131fcd12e0d38c68b49e3ebd2cc76c&oe=5980788F","username":"toniyates.wabc","link":"https://www.facebook.com/toniyates.wabc/photos/a.496269657070468.117210.209464549084315/1496982710332486/?type=3","timeQuantum":4980757,"title":"Timeline Photos","type":"photo"},{"content":"There was sun for a moment in NJ😄. What's up w/gray skies. And grey and gray ...what's the diff?😂😂. No Joe from WAWA yet😵😵. GMF💙","profileString":"facebook_page.209464549084315","postURL":"https://facebook.com/209464549084315/posts/1501130819917675","avatar":"https://graph.facebook.com/209464549084315/picture","classification":{"engine":"aylien","language":"en","taxonomy":[{"score":"0.0711","confident":false,"links":[{"link":"https://api.aylien.com/api/v1/classify/taxonomy/iab-qag/IAB9","rel":"self"}],"id":"IAB9","label":"Hobbies & Interests"},{"score":"0.0543","confident":false,"links":[{"link":"https://api.aylien.com/api/v1/classify/taxonomy/iab-qag/IAB9-4","rel":"self"},{"link":"https://api.aylien.com/api/v1/classify/taxonomy/iab-qag/IAB9","rel":"parent"}],"id":"IAB9-4","label":"Birdwatching"}]},"postidString":"facebook_page.209464549084315_1501130819917675","postMeta":{"inserted":"content-engine"},"timestamp":1494511955,"sharesRcvd":6,"likesRcvd":404,"source":"facebook_page","lastUpdateQuantum":4983956,"name":"Toni Yates","imageLarge":"https://scontent.xx.fbcdn.net/v/t1.0-0/p180x540/18403474_1501130819917675_4535268023474765150_n.jpg?oh=97a3bf56a8d9abf8d965ae72ef1cd8d2&oe=59820137","objectID":"1501130819917675","repliesRcvd":38,"image":"https://scontent.xx.fbcdn.net/v/t1.0-0/s130x130/18403474_1501130819917675_4535268023474765150_n.jpg?oh=1a94c62a097221276ead672327c7923b&oe=59B4B44B","username":"toniyates.wabc","link":"https://www.facebook.com/toniyates.wabc/photos/a.496269657070468.117210.209464549084315/1501130819917675/?type=3","timeQuantum":4981706,"title":"Timeline Photos","type":"photo"},{"content":"Oh yes! Tossed out two pairs of worn boots...I'm 3 weeks in to summer shoes only...even in a sweater😂😂❤️","profileString":"facebook_page.209464549084315","postURL":"https://facebook.com/209464549084315/posts/1501150946582329","avatar":"https://graph.facebook.com/209464549084315/picture","classification":{"engine":"aylien","language":"en","taxonomy":[{"score":"0.3677","confident":false,"links":[{"link":"https://api.aylien.com/api/v1/classify/taxonomy/iab-qag/IAB18-6","rel":"self"},{"link":"https://api.aylien.com/api/v1/classify/taxonomy/iab-qag/IAB18","rel":"parent"}],"id":"IAB18-6","label":"Accessories"},{"score":"0.1332","confident":true,"links":[{"link":"https://api.aylien.com/api/v1/classify/taxonomy/iab-qag/IAB18","rel":"self"}],"id":"IAB18","label":"Style & Fashion"}]},"postidString":"facebook_page.209464549084315_1501150946582329","postMeta":{"inserted":"content-engine"},"timestamp":1494513382,"sharesRcvd":3,"likesRcvd":379,"source":"facebook_page","lastUpdateQuantum":4983956,"name":"Toni Yates","imageLarge":"https://scontent.xx.fbcdn.net/v/t1.0-9/s720x720/18402827_1501150946582329_7965681239993414840_n.jpg?oh=410d3b09d3285e54c5661a99cc32842d&oe=59831CCB","objectID":"1501150946582329","repliesRcvd":36,"image":"https://scontent.xx.fbcdn.net/v/t1.0-0/s130x130/18402827_1501150946582329_7965681239993414840_n.jpg?oh=80d8b8d96954b828a36f41f71ef0f314&oe=598043DE","username":"toniyates.wabc","link":"https://www.facebook.com/toniyates.wabc/photos/a.496269657070468.117210.209464549084315/1501150946582329/?type=3","timeQuantum":4981711,"title":"Timeline Photos","type":"photo"},{"content":"Happy Mother's Day Sisters. Our work is never done. Built to last, we are. ❤️❤️. Except no less than respect. Or kick 'em to the curb. 😂😂😂","profileString":"facebook_page.209464549084315","postURL":"https://facebook.com/209464549084315/posts/1503662689664488","avatar":"https://graph.facebook.com/209464549084315/picture","classification":{"engine":"aylien","language":"en","taxonomy":[{"score":"0.0754","confident":false,"links":[{"link":"https://api.aylien.com/api/v1/classify/taxonomy/iab-qag/IAB9","rel":"self"}],"id":"IAB9","label":"Hobbies & Interests"},{"score":"0.0555","confident":false,"links":[{"link":"https://api.aylien.com/api/v1/classify/taxonomy/iab-qag/IAB9-23","rel":"self"},{"link":"https://api.aylien.com/api/v1/classify/taxonomy/iab-qag/IAB9","rel":"parent"}],"id":"IAB9-23","label":"Photography"}]},"postidString":"facebook_page.209464549084315_1503662689664488","postMeta":{"inserted":"content-engine"},"timestamp":1494710238,"sharesRcvd":6,"likesRcvd":974,"source":"facebook_page","lastUpdateQuantum":4984397,"name":"Toni Yates","imageLarge":"https://scontent.xx.fbcdn.net/v/t1.0-9/s720x720/18424048_1503662689664488_3990303527938591630_n.jpg?oh=1643b54df3e09285f280d0455914f47c&oe=59AD0D8A","objectID":"1503662689664488","repliesRcvd":174,"image":"https://scontent.xx.fbcdn.net/v/t1.0-0/s130x130/18424048_1503662689664488_3990303527938591630_n.jpg?oh=885e93b4cde487b9d72c6d824e92d91a&oe=59C2CC9F","username":"toniyates.wabc","link":"https://www.facebook.com/toniyates.wabc/photos/a.496269657070468.117210.209464549084315/1503662689664488/?type=3","timeQuantum":4982367,"title":"Timeline Photos","type":"photo"},{"content":"There's nothing in the world better than having children to love, watch them grow, laugh with them, and feel the Blessings of their being everyday. The reward is even greater when you're entrusted  into the hearts of beautiful children that you did not have the pleasure of bringing into the world, but they've welcomed you into theirs with open hearts and arms. Thank You Austyn Alexis Justin Gabriel & Jade for giving me the greatest love to give  back to you everyday. 💗💗💙💙💗","profileString":"facebook_page.209464549084315","postURL":"https://facebook.com/209464549084315/posts/1504492289581528","avatar":"https://graph.facebook.com/209464549084315/picture","classification":{"engine":"aylien","language":"en","taxonomy":[{"score":"0.2089","confident":false,"links":[{"link":"https://api.aylien.com/api/v1/classify/taxonomy/iab-qag/IAB6-3","rel":"self"},{"link":"https://api.aylien.com/api/v1/classify/taxonomy/iab-qag/IAB6","rel":"parent"}],"id":"IAB6-3","label":"Daycare/Pre School"},{"score":"0.1961","confident":false,"links":[{"link":"https://api.aylien.com/api/v1/classify/taxonomy/iab-qag/IAB25-3","rel":"self"},{"link":"https://api.aylien.com/api/v1/classify/taxonomy/iab-qag/IAB25","rel":"parent"}],"id":"IAB25-3","label":"Pornography"},{"score":"0.1933","confident":false,"links":[{"link":"https://api.aylien.com/api/v1/classify/taxonomy/iab-qag/IAB1-2","rel":"self"},{"link":"https://api.aylien.com/api/v1/classify/taxonomy/iab-qag/IAB1","rel":"parent"}],"id":"IAB1-2","label":"Celebrity Fan/Gossip"},{"score":"0.0797","confident":true,"links":[{"link":"https://api.aylien.com/api/v1/classify/taxonomy/iab-qag/IAB6","rel":"self"}],"id":"IAB6","label":"Family & Parenting"},{"score":"0.0682","confident":false,"links":[{"link":"https://api.aylien.com/api/v1/classify/taxonomy/iab-qag/IAB25","rel":"self"}],"id":"IAB25","label":"Non-Standard Content"},{"score":"0.0659","confident":false,"links":[{"link":"https://api.aylien.com/api/v1/classify/taxonomy/iab-qag/IAB1","rel":"self"}],"id":"IAB1","label":"Arts & Entertainment"}]},"postidString":"facebook_page.209464549084315_1504484706248953","postMeta":{"inserted":"content-engine"},"timestamp":1494784632,"sharesRcvd":5,"likesRcvd":402,"source":"facebook_page","lastUpdateQuantum":4984415,"name":"Toni Yates","imageLarge":"https://scontent.xx.fbcdn.net/v/t1.0-9/s720x720/18485605_1504484706248953_9126651514409666554_n.jpg?oh=2065c1a04753e55a1a62c5212443e1da&oe=59BADB7D","originalID":"209464549084315_1504492289581528","objectID":"1504484706248953","repliesRcvd":70,"image":"https://scontent.xx.fbcdn.net/v/t1.0-0/s130x130/18485605_1504484706248953_9126651514409666554_n.jpg?oh=c06522f2c7660a50e22b20a5d234c07e&oe=59ACD268","username":"toniyates.wabc","link":"https://www.facebook.com/toniyates.wabc/photos/a.990112867686142.1073741825.209464549084315/1504484706248953/?type=3","timeQuantum":4982615,"title":"Photos from Toni Yates's post","type":"photo"}]