[{"sharesRcvd":1,"profileString":"facebook_page.219296474785542","likesRcvd":1,"postsMade":1,"timeQuantum":4989259,"postidString":"facebook_page.219296474785542_1292391454142700"},{"profileString":"facebook_page.219296474785542","likesRcvd":1,"timeQuantum":4989260,"postidString":"facebook_page.219296474785542_1292391454142700"},{"sharesRcvd":1,"profileString":"facebook_page.219296474785542","likesRcvd":1,"repliesRcvd":1,"timeQuantum":4989262,"postidString":"facebook_page.219296474785542_1292391454142700"},{"profileString":"facebook_page.219296474785542","likesRcvd":1,"repliesRcvd":1,"timeQuantum":4989263,"postidString":"facebook_page.219296474785542_1292391454142700"},{"profileString":"facebook_page.219296474785542","likesRcvd":1,"timeQuantum":4989264,"postidString":"facebook_page.219296474785542_1292391454142700"},{"sharesRcvd":1,"profileString":"facebook_page.219296474785542","likesRcvd":1,"timeQuantum":4989271,"postidString":"facebook_page.219296474785542_1292391454142700"},{"sharesRcvd":1,"profileString":"facebook_page.219296474785542","timeQuantum":4989272,"postidString":"facebook_page.219296474785542_1292391454142700"},{"sharesRcvd":1,"profileString":"facebook_page.219296474785542","timeQuantum":4989273,"postidString":"facebook_page.219296474785542_1292391454142700"},{"sharesRcvd":1,"profileString":"facebook_page.219296474785542","timeQuantum":4989289,"postidString":"facebook_page.219296474785542_1292391454142700"},{"profileString":"facebook_page.219296474785542","likesRcvd":1,"repliesRcvd":1,"timeQuantum":4989298,"postidString":"facebook_page.219296474785542_1292391454142700"},{"profileString":"facebook_page.219296474785542","likesRcvd":1,"timeQuantum":4989299,"postidString":"facebook_page.219296474785542_1292391454142700"},{"profileString":"facebook_page.219296474785542","likesRcvd":1,"timeQuantum":4989316,"postidString":"facebook_page.219296474785542_1292391454142700"},{"profileString":"facebook_page.219296474785542","repliesRcvd":1,"timeQuantum":4989334,"postidString":"facebook_page.219296474785542_1292391454142700"},{"sharesRcvd":1,"profileString":"facebook_page.219296474785542","likesRcvd":1,"repliesRcvd":1,"timeQuantum":4989343,"postidString":"facebook_page.219296474785542_1292391454142700"},{"profileString":"facebook_page.219296474785542","likesRcvd":1,"timeQuantum":4989460,"postidString":"facebook_page.219296474785542_1292391454142700"},{"sharesRcvd":1,"profileString":"facebook_page.219296474785542","timeQuantum":4989478,"postidString":"facebook_page.219296474785542_1292391454142700"},{"sharesRcvd":1,"profileString":"facebook_page.219296474785542","likesRcvd":1,"timeQuantum":4989487,"postidString":"facebook_page.219296474785542_1292391454142700"},{"sharesRcvd":1,"profileString":"facebook_page.219296474785542","timeQuantum":4989488,"postidString":"facebook_page.219296474785542_1292391454142700"},{"profileString":"facebook_page.219296474785542","likesRcvd":1,"timeQuantum":4989496,"postidString":"facebook_page.219296474785542_1292391454142700"},{"profileString":"facebook_page.219296474785542","likesRcvd":1,"timeQuantum":4989505,"postidString":"facebook_page.219296474785542_1292391454142700"},{"profileString":"facebook_page.219296474785542","likesRcvd":1,"timeQuantum":4989506,"postidString":"facebook_page.219296474785542_1292391454142700"},{"profileString":"facebook_page.219296474785542","repliesRcvd":1,"timeQuantum":4989541,"postidString":"facebook_page.219296474785542_1292391454142700"},{"sharesRcvd":1,"profileString":"facebook_page.219296474785542","postsMade":1,"timeQuantum":4989548,"postidString":"facebook_page.219296474785542_1293352660713246"},{"sharesRcvd":1,"profileString":"facebook_page.219296474785542","likesRcvd":1,"repliesRcvd":1,"timeQuantum":4989550,"postidString":"facebook_page.219296474785542_1293352660713246"},{"profileString":"facebook_page.219296474785542","likesRcvd":1,"timeQuantum":4989550,"postidString":"facebook_page.219296474785542_1292391454142700"},{"sharesRcvd":1,"profileString":"facebook_page.219296474785542","likesRcvd":1,"timeQuantum":4989551,"postidString":"facebook_page.219296474785542_1293352660713246"},{"profileString":"facebook_page.219296474785542","likesRcvd":1,"timeQuantum":4989552,"postidString":"facebook_page.219296474785542_1293352660713246"},{"profileString":"facebook_page.219296474785542","likesRcvd":1,"timeQuantum":4989553,"postidString":"facebook_page.219296474785542_1293352660713246"},{"profileString":"facebook_page.219296474785542","likesRcvd":1,"timeQuantum":4989559,"postidString":"facebook_page.219296474785542_1293352660713246"},{"profileString":"facebook_page.219296474785542","likesRcvd":1,"timeQuantum":4989559,"postidString":"facebook_page.219296474785542_1292391454142700"},{"profileString":"facebook_page.219296474785542","likesRcvd":1,"timeQuantum":4989560,"postidString":"facebook_page.219296474785542_1293352660713246"},{"profileString":"facebook_page.219296474785542","likesRcvd":1,"timeQuantum":4989568,"postidString":"facebook_page.219296474785542_1293352660713246"},{"profileString":"facebook_page.219296474785542","likesRcvd":1,"timeQuantum":4989568,"postidString":"facebook_page.219296474785542_1292391454142700"},{"profileString":"facebook_page.219296474785542","likesRcvd":1,"timeQuantum":4989569,"postidString":"facebook_page.219296474785542_1293352660713246"},{"profileString":"facebook_page.219296474785542","likesRcvd":1,"timeQuantum":4989569,"postidString":"facebook_page.219296474785542_1292391454142700"},{"profileString":"facebook_page.219296474785542","likesRcvd":1,"timeQuantum":4989570,"postidString":"facebook_page.219296474785542_1293352660713246"},{"profileString":"facebook_page.219296474785542","likesRcvd":1,"timeQuantum":4989570,"postidString":"facebook_page.219296474785542_1292391454142700"},{"profileString":"facebook_page.219296474785542","likesRcvd":1,"timeQuantum":4989571,"postidString":"facebook_page.219296474785542_1293352660713246"},{"profileString":"facebook_page.219296474785542","likesRcvd":1,"repliesRcvd":1,"timeQuantum":4989604,"postidString":"facebook_page.219296474785542_1293352660713246"},{"profileString":"facebook_page.219296474785542","likesRcvd":1,"timeQuantum":4989605,"postidString":"facebook_page.219296474785542_1293352660713246"},{"profileString":"facebook_page.219296474785542","likesRcvd":1,"timeQuantum":4989606,"postidString":"facebook_page.219296474785542_1293352660713246"},{"sharesRcvd":1,"profileString":"facebook_page.219296474785542","likesRcvd":1,"timeQuantum":4989622,"postidString":"facebook_page.219296474785542_1293352660713246"},{"profileString":"facebook_page.219296474785542","likesRcvd":1,"timeQuantum":4989623,"postidString":"facebook_page.219296474785542_1293352660713246"},{"profileString":"facebook_page.219296474785542","likesRcvd":1,"timeQuantum":4989631,"postidString":"facebook_page.219296474785542_1293352660713246"},{"sharesRcvd":1,"profileString":"facebook_page.219296474785542","likesRcvd":1,"timeQuantum":4989676,"postidString":"facebook_page.219296474785542_1292391454142700"},{"sharesRcvd":1,"profileString":"facebook_page.219296474785542","likesRcvd":1,"timeQuantum":4989730,"postidString":"facebook_page.219296474785542_1292391454142700"},{"sharesRcvd":1,"profileString":"facebook_page.219296474785542","likesRcvd":1,"timeQuantum":4989731,"postidString":"facebook_page.219296474785542_1292391454142700"},{"profileString":"facebook_page.219296474785542","likesRcvd":1,"timeQuantum":4989732,"postidString":"facebook_page.219296474785542_1292391454142700"},{"profileString":"facebook_page.219296474785542","likesRcvd":1,"timeQuantum":4989733,"postidString":"facebook_page.219296474785542_1292391454142700"},{"profileString":"facebook_page.219296474785542","likesRcvd":1,"timeQuantum":4989734,"postidString":"facebook_page.219296474785542_1292391454142700"},{"profileString":"facebook_page.219296474785542","likesRcvd":1,"timeQuantum":4989735,"postidString":"facebook_page.219296474785542_1292391454142700"},{"profileString":"facebook_page.219296474785542","likesRcvd":1,"timeQuantum":4989736,"postidString":"facebook_page.219296474785542_1292391454142700"},{"profileString":"facebook_page.219296474785542","likesRcvd":1,"timeQuantum":4989737,"postidString":"facebook_page.219296474785542_1292391454142700"},{"profileString":"facebook_page.219296474785542","likesRcvd":1,"timeQuantum":4989738,"postidString":"facebook_page.219296474785542_1292391454142700"},{"profileString":"facebook_page.219296474785542","likesRcvd":1,"timeQuantum":4989739,"postidString":"facebook_page.219296474785542_1292391454142700"},{"profileString":"facebook_page.219296474785542","likesRcvd":1,"timeQuantum":4989740,"postidString":"facebook_page.219296474785542_1292391454142700"},{"profileString":"facebook_page.219296474785542","likesRcvd":1,"timeQuantum":4989741,"postidString":"facebook_page.219296474785542_1292391454142700"},{"profileString":"facebook_page.219296474785542","likesRcvd":1,"timeQuantum":4989742,"postidString":"facebook_page.219296474785542_1292391454142700"},{"profileString":"facebook_page.219296474785542","likesRcvd":1,"timeQuantum":4989775,"postidString":"facebook_page.219296474785542_1293352660713246"},{"profileString":"facebook_page.219296474785542","likesRcvd":1,"timeQuantum":4989793,"postidString":"facebook_page.219296474785542_1293352660713246"},{"profileString":"facebook_page.219296474785542","likesRcvd":1,"timeQuantum":4989802,"postidString":"facebook_page.219296474785542_1293352660713246"},{"profileString":"facebook_page.219296474785542","likesRcvd":1,"timeQuantum":4990009,"postidString":"facebook_page.219296474785542_1293352660713246"},{"sharesRcvd":1,"profileString":"facebook_page.219296474785542","likesRcvd":1,"postsMade":1,"timeQuantum":4990124,"postidString":"facebook_page.219296474785542_1295194267195752"},{"sharesRcvd":1,"profileString":"facebook_page.219296474785542","likesRcvd":1,"repliesRcvd":1,"timeQuantum":4990126,"postidString":"facebook_page.219296474785542_1295194267195752"},{"sharesRcvd":1,"profileString":"facebook_page.219296474785542","likesRcvd":1,"repliesRcvd":1,"timeQuantum":4990127,"postidString":"facebook_page.219296474785542_1295194267195752"},{"sharesRcvd":1,"profileString":"facebook_page.219296474785542","likesRcvd":1,"timeQuantum":4990128,"postidString":"facebook_page.219296474785542_1295194267195752"},{"sharesRcvd":1,"profileString":"facebook_page.219296474785542","likesRcvd":1,"timeQuantum":4990129,"postidString":"facebook_page.219296474785542_1295194267195752"},{"profileString":"facebook_page.219296474785542","likesRcvd":1,"timeQuantum":4990130,"postidString":"facebook_page.219296474785542_1295194267195752"},{"profileString":"facebook_page.219296474785542","likesRcvd":1,"timeQuantum":4990131,"postidString":"facebook_page.219296474785542_1295194267195752"},{"profileString":"facebook_page.219296474785542","repliesRcvd":1,"timeQuantum":4990135,"postidString":"facebook_page.219296474785542_1295194267195752"},{"sharesRcvd":1,"profileString":"facebook_page.219296474785542","likesRcvd":1,"timeQuantum":4990144,"postidString":"facebook_page.219296474785542_1295194267195752"},{"sharesRcvd":1,"profileString":"facebook_page.219296474785542","timeQuantum":4990171,"postidString":"facebook_page.219296474785542_1295194267195752"},{"profileString":"facebook_page.219296474785542","likesRcvd":1,"timeQuantum":4990180,"postidString":"facebook_page.219296474785542_1295194267195752"},{"profileString":"facebook_page.219296474785542","likesRcvd":1,"timeQuantum":4990181,"postidString":"facebook_page.219296474785542_1295194267195752"},{"profileString":"facebook_page.219296474785542","likesRcvd":1,"timeQuantum":4990182,"postidString":"facebook_page.219296474785542_1295194267195752"},{"sharesRcvd":1,"profileString":"facebook_page.219296474785542","timeQuantum":4990270,"postidString":"facebook_page.219296474785542_1295194267195752"},{"profileString":"facebook_page.219296474785542","likesRcvd":1,"repliesRcvd":1,"timeQuantum":4990324,"postidString":"facebook_page.219296474785542_1295194267195752"},{"profileString":"facebook_page.219296474785542","likesRcvd":1,"timeQuantum":4990468,"postidString":"facebook_page.219296474785542_1295194267195752"},{"profileString":"facebook_page.219296474785542","likesRcvd":1,"timeQuantum":4990477,"postidString":"facebook_page.219296474785542_1293352660713246"},{"profileString":"facebook_page.219296474785542","likesRcvd":1,"repliesRcvd":1,"timeQuantum":4990612,"postidString":"facebook_page.219296474785542_1295194267195752"},{"profileString":"facebook_page.219296474785542","likesRcvd":1,"timeQuantum":4990801,"postidString":"facebook_page.219296474785542_1293352660713246"},{"sharesRcvd":1,"profileString":"facebook_page.219296474785542","likesRcvd":1,"postsMade":1,"timeQuantum":4990965,"postidString":"facebook_page.219296474785542_1297645843617261"},{"sharesRcvd":1,"profileString":"facebook_page.219296474785542","likesRcvd":1,"timeQuantum":4990966,"postidString":"facebook_page.219296474785542_1297645843617261"},{"sharesRcvd":1,"profileString":"facebook_page.219296474785542","likesRcvd":1,"timeQuantum":4990967,"postidString":"facebook_page.219296474785542_1297645843617261"},{"sharesRcvd":1,"profileString":"facebook_page.219296474785542","likesRcvd":1,"repliesRcvd":1,"timeQuantum":4990972,"postidString":"facebook_page.219296474785542_1297645843617261"},{"sharesRcvd":1,"profileString":"facebook_page.219296474785542","likesRcvd":1,"repliesRcvd":1,"timeQuantum":4990973,"postidString":"facebook_page.219296474785542_1297645843617261"},{"profileString":"facebook_page.219296474785542","likesRcvd":1,"timeQuantum":4990974,"postidString":"facebook_page.219296474785542_1297645843617261"},{"profileString":"facebook_page.219296474785542","likesRcvd":1,"timeQuantum":4990975,"postidString":"facebook_page.219296474785542_1297645843617261"},{"sharesRcvd":1,"profileString":"facebook_page.219296474785542","likesRcvd":1,"repliesRcvd":1,"timeQuantum":4990981,"postidString":"facebook_page.219296474785542_1297645843617261"},{"profileString":"facebook_page.219296474785542","likesRcvd":1,"timeQuantum":4990982,"postidString":"facebook_page.219296474785542_1297645843617261"},{"sharesRcvd":1,"profileString":"facebook_page.219296474785542","likesRcvd":1,"repliesRcvd":1,"timeQuantum":4990990,"postidString":"facebook_page.219296474785542_1297645843617261"},{"profileString":"facebook_page.219296474785542","likesRcvd":1,"timeQuantum":4990991,"postidString":"facebook_page.219296474785542_1297645843617261"},{"profileString":"facebook_page.219296474785542","likesRcvd":1,"timeQuantum":4990992,"postidString":"facebook_page.219296474785542_1297645843617261"},{"profileString":"facebook_page.219296474785542","likesRcvd":1,"timeQuantum":4990993,"postidString":"facebook_page.219296474785542_1297645843617261"},{"profileString":"facebook_page.219296474785542","repliesRcvd":1,"timeQuantum":4991017,"postidString":"facebook_page.219296474785542_1297645843617261"},{"profileString":"facebook_page.219296474785542","likesRcvd":1,"timeQuantum":4991026,"postidString":"facebook_page.219296474785542_1297645843617261"},{"profileString":"facebook_page.219296474785542","likesRcvd":1,"timeQuantum":4991035,"postidString":"facebook_page.219296474785542_1297645843617261"},{"profileString":"facebook_page.219296474785542","likesRcvd":1,"timeQuantum":4991044,"postidString":"facebook_page.219296474785542_1297645843617261"},{"profileString":"facebook_page.219296474785542","likesRcvd":1,"timeQuantum":4991062,"postidString":"facebook_page.219296474785542_1297645843617261"},{"sharesRcvd":1,"profileString":"facebook_page.219296474785542","likesRcvd":1,"repliesRcvd":1,"timeQuantum":4991071,"postidString":"facebook_page.219296474785542_1297645843617261"},{"sharesRcvd":1,"profileString":"facebook_page.219296474785542","likesRcvd":1,"timeQuantum":4991072,"postidString":"facebook_page.219296474785542_1297645843617261"},{"profileString":"facebook_page.219296474785542","repliesRcvd":1,"timeQuantum":4991089,"postidString":"facebook_page.219296474785542_1297645843617261"},{"sharesRcvd":1,"profileString":"facebook_page.219296474785542","likesRcvd":1,"repliesRcvd":1,"timeQuantum":4991098,"postidString":"facebook_page.219296474785542_1297645843617261"},{"profileString":"facebook_page.219296474785542","likesRcvd":1,"repliesRcvd":1,"timeQuantum":4991152,"postidString":"facebook_page.219296474785542_1297645843617261"},{"sharesRcvd":1,"profileString":"facebook_page.219296474785542","likesRcvd":1,"postsMade":1,"timeQuantum":4991520,"postidString":"facebook_page.219296474785542_1299390306776148"},{"sharesRcvd":1,"profileString":"facebook_page.219296474785542","likesRcvd":1,"timeQuantum":4991521,"postidString":"facebook_page.219296474785542_1299390306776148"},{"profileString":"facebook_page.219296474785542","likesRcvd":1,"timeQuantum":4991522,"postidString":"facebook_page.219296474785542_1299390306776148"},{"profileString":"facebook_page.219296474785542","likesRcvd":1,"timeQuantum":4991523,"postidString":"facebook_page.219296474785542_1299390306776148"},{"profileString":"facebook_page.219296474785542","likesRcvd":1,"timeQuantum":4991524,"postidString":"facebook_page.219296474785542_1299390306776148"},{"profileString":"facebook_page.219296474785542","likesRcvd":1,"timeQuantum":4991557,"postidString":"facebook_page.219296474785542_1299390306776148"},{"profileString":"facebook_page.219296474785542","likesRcvd":1,"timeQuantum":4991558,"postidString":"facebook_page.219296474785542_1299390306776148"},{"profileString":"facebook_page.219296474785542","likesRcvd":1,"timeQuantum":4991566,"postidString":"facebook_page.219296474785542_1299390306776148"},{"profileString":"facebook_page.219296474785542","likesRcvd":1,"timeQuantum":4991575,"postidString":"facebook_page.219296474785542_1299390306776148"},{"profileString":"facebook_page.219296474785542","likesRcvd":1,"timeQuantum":4991584,"postidString":"facebook_page.219296474785542_1299390306776148"},{"profileString":"facebook_page.219296474785542","likesRcvd":1,"timeQuantum":4991585,"postidString":"facebook_page.219296474785542_1299390306776148"},{"profileString":"facebook_page.219296474785542","likesRcvd":1,"repliesRcvd":1,"timeQuantum":4991602,"postidString":"facebook_page.219296474785542_1299390306776148"},{"profileString":"facebook_page.219296474785542","likesRcvd":1,"repliesRcvd":1,"timeQuantum":4991603,"postidString":"facebook_page.219296474785542_1299390306776148"},{"sharesRcvd":1,"profileString":"facebook_page.219296474785542","likesRcvd":1,"repliesRcvd":1,"timeQuantum":4991611,"postidString":"facebook_page.219296474785542_1299390306776148"},{"profileString":"facebook_page.219296474785542","likesRcvd":1,"timeQuantum":4991612,"postidString":"facebook_page.219296474785542_1299390306776148"},{"profileString":"facebook_page.219296474785542","likesRcvd":1,"timeQuantum":4991613,"postidString":"facebook_page.219296474785542_1299390306776148"},{"profileString":"facebook_page.219296474785542","likesRcvd":1,"timeQuantum":4991629,"postidString":"facebook_page.219296474785542_1299390306776148"},{"profileString":"facebook_page.219296474785542","likesRcvd":1,"timeQuantum":4991638,"postidString":"facebook_page.219296474785542_1299390306776148"},{"profileString":"facebook_page.219296474785542","likesRcvd":1,"timeQuantum":4991674,"postidString":"facebook_page.219296474785542_1299390306776148"},{"profileString":"facebook_page.219296474785542","likesRcvd":1,"timeQuantum":4991746,"postidString":"facebook_page.219296474785542_1299390306776148"},{"profileString":"facebook_page.219296474785542","likesRcvd":1,"timeQuantum":4991747,"postidString":"facebook_page.219296474785542_1299390306776148"},{"profileString":"facebook_page.219296474785542","likesRcvd":1,"timeQuantum":4991926,"postidString":"facebook_page.219296474785542_1297645843617261"},{"profileString":"facebook_page.219296474785542","repliesRcvd":1,"timeQuantum":4992052,"postidString":"facebook_page.219296474785542_1299390306776148"},{"profileString":"facebook_page.219296474785542","likesRcvd":1,"timeQuantum":4992160,"postidString":"facebook_page.219296474785542_1299390306776148"},{"profileString":"facebook_page.219296474785542","likesRcvd":1,"timeQuantum":4993753,"postidString":"facebook_page.219296474785542_1293352660713246"},{"sharesRcvd":1,"profileString":"facebook_page.219296474785542","likesRcvd":1,"timeQuantum":4994059,"postidString":"facebook_page.219296474785542_1297645843617261"},{"sharesRcvd":1,"profileString":"facebook_page.219296474785542","likesRcvd":1,"timeQuantum":4994059,"postidString":"facebook_page.219296474785542_1293352660713246"},{"sharesRcvd":1,"profileString":"facebook_page.219296474785542","likesRcvd":1,"repliesRcvd":1,"timeQuantum":4994059,"postidString":"facebook_page.219296474785542_1299390306776148"},{"sharesRcvd":1,"profileString":"facebook_page.219296474785542","likesRcvd":1,"timeQuantum":4994059,"postidString":"facebook_page.219296474785542_1295194267195752"},{"sharesRcvd":1,"profileString":"facebook_page.219296474785542","likesRcvd":1,"timeQuantum":4994060,"postidString":"facebook_page.219296474785542_1297645843617261"},{"sharesRcvd":1,"profileString":"facebook_page.219296474785542","likesRcvd":1,"timeQuantum":4994060,"postidString":"facebook_page.219296474785542_1293352660713246"},{"sharesRcvd":1,"profileString":"facebook_page.219296474785542","likesRcvd":1,"timeQuantum":4994060,"postidString":"facebook_page.219296474785542_1299390306776148"},{"profileString":"facebook_page.219296474785542","likesRcvd":1,"timeQuantum":4994061,"postidString":"facebook_page.219296474785542_1297645843617261"},{"profileString":"facebook_page.219296474785542","likesRcvd":1,"timeQuantum":4994061,"postidString":"facebook_page.219296474785542_1293352660713246"},{"sharesRcvd":1,"profileString":"facebook_page.219296474785542","likesRcvd":1,"timeQuantum":4994061,"postidString":"facebook_page.219296474785542_1299390306776148"},{"sharesRcvd":1,"profileString":"facebook_page.219296474785542","likesRcvd":1,"timeQuantum":4994062,"postidString":"facebook_page.219296474785542_1299390306776148"},{"sharesRcvd":1,"profileString":"facebook_page.219296474785542","likesRcvd":1,"timeQuantum":4994063,"postidString":"facebook_page.219296474785542_1299390306776148"},{"profileString":"facebook_page.219296474785542","likesRcvd":1,"timeQuantum":4994064,"postidString":"facebook_page.219296474785542_1299390306776148"},{"profileString":"facebook_page.219296474785542","likesRcvd":1,"timeQuantum":4994065,"postidString":"facebook_page.219296474785542_1299390306776148"},{"profileString":"facebook_page.219296474785542","likesRcvd":1,"timeQuantum":4994066,"postidString":"facebook_page.219296474785542_1299390306776148"},{"profileString":"facebook_page.219296474785542","likesRcvd":1,"timeQuantum":4994067,"postidString":"facebook_page.219296474785542_1299390306776148"},{"profileString":"facebook_page.219296474785542","likesRcvd":1,"timeQuantum":4994068,"postidString":"facebook_page.219296474785542_1299390306776148"},{"profileString":"facebook_page.219296474785542","likesRcvd":1,"timeQuantum":4994069,"postidString":"facebook_page.219296474785542_1299390306776148"},{"profileString":"facebook_page.219296474785542","likesRcvd":1,"timeQuantum":4994070,"postidString":"facebook_page.219296474785542_1299390306776148"},{"profileString":"facebook_page.219296474785542","likesRcvd":1,"timeQuantum":4994071,"postidString":"facebook_page.219296474785542_1299390306776148"},{"profileString":"facebook_page.219296474785542","likesRcvd":1,"timeQuantum":4994072,"postidString":"facebook_page.219296474785542_1299390306776148"},{"sharesRcvd":1,"profileString":"facebook_page.219296474785542","likesRcvd":1,"timeQuantum":4994104,"postidString":"facebook_page.219296474785542_1297645843617261"},{"sharesRcvd":1,"profileString":"facebook_page.219296474785542","likesRcvd":1,"repliesRcvd":1,"timeQuantum":4994104,"postidString":"facebook_page.219296474785542_1299390306776148"},{"sharesRcvd":1,"profileString":"facebook_page.219296474785542","likesRcvd":1,"repliesRcvd":1,"timeQuantum":4994104,"postidString":"facebook_page.219296474785542_1295194267195752"},{"sharesRcvd":1,"profileString":"facebook_page.219296474785542","likesRcvd":1,"timeQuantum":4994105,"postidString":"facebook_page.219296474785542_1297645843617261"},{"sharesRcvd":1,"profileString":"facebook_page.219296474785542","likesRcvd":1,"repliesRcvd":1,"timeQuantum":4994105,"postidString":"facebook_page.219296474785542_1299390306776148"},{"sharesRcvd":1,"profileString":"facebook_page.219296474785542","likesRcvd":1,"repliesRcvd":1,"timeQuantum":4994105,"postidString":"facebook_page.219296474785542_1295194267195752"},{"sharesRcvd":1,"profileString":"facebook_page.219296474785542","likesRcvd":1,"timeQuantum":4994106,"postidString":"facebook_page.219296474785542_1297645843617261"},{"sharesRcvd":1,"profileString":"facebook_page.219296474785542","likesRcvd":1,"repliesRcvd":1,"timeQuantum":4994106,"postidString":"facebook_page.219296474785542_1299390306776148"},{"sharesRcvd":1,"profileString":"facebook_page.219296474785542","likesRcvd":1,"timeQuantum":4994106,"postidString":"facebook_page.219296474785542_1295194267195752"},{"sharesRcvd":1,"profileString":"facebook_page.219296474785542","likesRcvd":1,"repliesRcvd":1,"timeQuantum":4994107,"postidString":"facebook_page.219296474785542_1299390306776148"},{"sharesRcvd":1,"profileString":"facebook_page.219296474785542","likesRcvd":1,"timeQuantum":4994107,"postidString":"facebook_page.219296474785542_1295194267195752"},{"sharesRcvd":1,"profileString":"facebook_page.219296474785542","likesRcvd":1,"repliesRcvd":1,"timeQuantum":4994108,"postidString":"facebook_page.219296474785542_1299390306776148"},{"sharesRcvd":1,"profileString":"facebook_page.219296474785542","likesRcvd":1,"timeQuantum":4994108,"postidString":"facebook_page.219296474785542_1295194267195752"},{"sharesRcvd":1,"profileString":"facebook_page.219296474785542","likesRcvd":1,"repliesRcvd":1,"timeQuantum":4994109,"postidString":"facebook_page.219296474785542_1299390306776148"},{"sharesRcvd":1,"profileString":"facebook_page.219296474785542","likesRcvd":1,"timeQuantum":4994109,"postidString":"facebook_page.219296474785542_1295194267195752"},{"sharesRcvd":1,"profileString":"facebook_page.219296474785542","likesRcvd":1,"repliesRcvd":1,"timeQuantum":4994110,"postidString":"facebook_page.219296474785542_1299390306776148"},{"sharesRcvd":1,"profileString":"facebook_page.219296474785542","likesRcvd":1,"timeQuantum":4994110,"postidString":"facebook_page.219296474785542_1295194267195752"},{"sharesRcvd":1,"profileString":"facebook_page.219296474785542","likesRcvd":1,"repliesRcvd":1,"timeQuantum":4994111,"postidString":"facebook_page.219296474785542_1299390306776148"},{"profileString":"facebook_page.219296474785542","likesRcvd":1,"timeQuantum":4994111,"postidString":"facebook_page.219296474785542_1295194267195752"},{"sharesRcvd":1,"profileString":"facebook_page.219296474785542","likesRcvd":1,"repliesRcvd":1,"timeQuantum":4994112,"postidString":"facebook_page.219296474785542_1299390306776148"},{"profileString":"facebook_page.219296474785542","likesRcvd":1,"timeQuantum":4994112,"postidString":"facebook_page.219296474785542_1295194267195752"},{"sharesRcvd":1,"profileString":"facebook_page.219296474785542","likesRcvd":1,"repliesRcvd":1,"timeQuantum":4994113,"postidString":"facebook_page.219296474785542_1299390306776148"},{"profileString":"facebook_page.219296474785542","likesRcvd":1,"timeQuantum":4994113,"postidString":"facebook_page.219296474785542_1295194267195752"},{"sharesRcvd":1,"profileString":"facebook_page.219296474785542","likesRcvd":1,"timeQuantum":4994114,"postidString":"facebook_page.219296474785542_1299390306776148"},{"profileString":"facebook_page.219296474785542","likesRcvd":1,"timeQuantum":4994114,"postidString":"facebook_page.219296474785542_1295194267195752"},{"sharesRcvd":1,"profileString":"facebook_page.219296474785542","likesRcvd":1,"timeQuantum":4994115,"postidString":"facebook_page.219296474785542_1299390306776148"},{"profileString":"facebook_page.219296474785542","likesRcvd":1,"timeQuantum":4994115,"postidString":"facebook_page.219296474785542_1295194267195752"},{"sharesRcvd":1,"profileString":"facebook_page.219296474785542","likesRcvd":1,"timeQuantum":4994116,"postidString":"facebook_page.219296474785542_1299390306776148"},{"profileString":"facebook_page.219296474785542","likesRcvd":1,"timeQuantum":4994116,"postidString":"facebook_page.219296474785542_1295194267195752"},{"sharesRcvd":1,"profileString":"facebook_page.219296474785542","likesRcvd":1,"timeQuantum":4994117,"postidString":"facebook_page.219296474785542_1299390306776148"},{"profileString":"facebook_page.219296474785542","likesRcvd":1,"timeQuantum":4994117,"postidString":"facebook_page.219296474785542_1295194267195752"},{"sharesRcvd":1,"profileString":"facebook_page.219296474785542","likesRcvd":1,"timeQuantum":4994118,"postidString":"facebook_page.219296474785542_1299390306776148"},{"profileString":"facebook_page.219296474785542","likesRcvd":1,"timeQuantum":4994118,"postidString":"facebook_page.219296474785542_1295194267195752"},{"sharesRcvd":1,"profileString":"facebook_page.219296474785542","likesRcvd":1,"timeQuantum":4994119,"postidString":"facebook_page.219296474785542_1299390306776148"},{"profileString":"facebook_page.219296474785542","likesRcvd":1,"timeQuantum":4994119,"postidString":"facebook_page.219296474785542_1295194267195752"},{"sharesRcvd":1,"profileString":"facebook_page.219296474785542","likesRcvd":1,"timeQuantum":4994120,"postidString":"facebook_page.219296474785542_1299390306776148"},{"sharesRcvd":1,"profileString":"facebook_page.219296474785542","likesRcvd":1,"timeQuantum":4994121,"postidString":"facebook_page.219296474785542_1299390306776148"},{"sharesRcvd":1,"profileString":"facebook_page.219296474785542","likesRcvd":1,"timeQuantum":4994122,"postidString":"facebook_page.219296474785542_1299390306776148"},{"sharesRcvd":1,"profileString":"facebook_page.219296474785542","likesRcvd":1,"timeQuantum":4994123,"postidString":"facebook_page.219296474785542_1299390306776148"},{"profileString":"facebook_page.219296474785542","likesRcvd":1,"timeQuantum":4994124,"postidString":"facebook_page.219296474785542_1299390306776148"},{"profileString":"facebook_page.219296474785542","likesRcvd":1,"timeQuantum":4994125,"postidString":"facebook_page.219296474785542_1299390306776148"},{"profileString":"facebook_page.219296474785542","likesRcvd":1,"timeQuantum":4994126,"postidString":"facebook_page.219296474785542_1299390306776148"},{"profileString":"facebook_page.219296474785542","likesRcvd":1,"timeQuantum":4994127,"postidString":"facebook_page.219296474785542_1299390306776148"},{"profileString":"facebook_page.219296474785542","likesRcvd":1,"timeQuantum":4994128,"postidString":"facebook_page.219296474785542_1299390306776148"},{"profileString":"facebook_page.219296474785542","likesRcvd":1,"timeQuantum":4994129,"postidString":"facebook_page.219296474785542_1299390306776148"},{"profileString":"facebook_page.219296474785542","likesRcvd":1,"timeQuantum":4994130,"postidString":"facebook_page.219296474785542_1299390306776148"},{"profileString":"facebook_page.219296474785542","likesRcvd":1,"timeQuantum":4994131,"postidString":"facebook_page.219296474785542_1299390306776148"},{"profileString":"facebook_page.219296474785542","likesRcvd":1,"timeQuantum":4994132,"postidString":"facebook_page.219296474785542_1299390306776148"},{"profileString":"facebook_page.219296474785542","likesRcvd":1,"timeQuantum":4994133,"postidString":"facebook_page.219296474785542_1299390306776148"},{"sharesRcvd":1,"profileString":"facebook_page.219296474785542","likesRcvd":1,"repliesRcvd":1,"timeQuantum":4994266,"postidString":"facebook_page.219296474785542_1299390306776148"},{"profileString":"facebook_page.219296474785542","likesRcvd":1,"timeQuantum":4994267,"postidString":"facebook_page.219296474785542_1299390306776148"},{"profileString":"facebook_page.219296474785542","likesRcvd":1,"timeQuantum":4994320,"postidString":"facebook_page.219296474785542_1297645843617261"},{"sharesRcvd":1,"profileString":"facebook_page.219296474785542","likesRcvd":1,"timeQuantum":4994320,"postidString":"facebook_page.219296474785542_1299390306776148"},{"sharesRcvd":1,"profileString":"facebook_page.219296474785542","likesRcvd":1,"timeQuantum":4994401,"postidString":"facebook_page.219296474785542_1297645843617261"},{"sharesRcvd":1,"profileString":"facebook_page.219296474785542","likesRcvd":1,"timeQuantum":4994401,"postidString":"facebook_page.219296474785542_1293352660713246"},{"sharesRcvd":1,"profileString":"facebook_page.219296474785542","likesRcvd":1,"timeQuantum":4994401,"postidString":"facebook_page.219296474785542_1292391454142700"},{"sharesRcvd":1,"profileString":"facebook_page.219296474785542","likesRcvd":1,"repliesRcvd":1,"timeQuantum":4994401,"postidString":"facebook_page.219296474785542_1299390306776148"},{"sharesRcvd":1,"profileString":"facebook_page.219296474785542","likesRcvd":1,"timeQuantum":4994401,"postidString":"facebook_page.219296474785542_1295194267195752"},{"profileString":"facebook_page.219296474785542","likesRcvd":1,"timeQuantum":4994402,"postidString":"facebook_page.219296474785542_1292391454142700"},{"sharesRcvd":1,"profileString":"facebook_page.219296474785542","likesRcvd":1,"timeQuantum":4994402,"postidString":"facebook_page.219296474785542_1295194267195752"},{"sharesRcvd":1,"profileString":"facebook_page.219296474785542","timeQuantum":4994464,"postidString":"facebook_page.219296474785542_1297645843617261"},{"profileString":"facebook_page.219296474785542","likesRcvd":1,"timeQuantum":4994464,"postidString":"facebook_page.219296474785542_1299390306776148"},{"sharesRcvd":1,"profileString":"facebook_page.219296474785542","timeQuantum":4994464,"postidString":"facebook_page.219296474785542_1295194267195752"},{"sharesRcvd":1,"profileString":"facebook_page.219296474785542","timeQuantum":4994465,"postidString":"facebook_page.219296474785542_1297645843617261"},{"sharesRcvd":1,"profileString":"facebook_page.219296474785542","timeQuantum":4994466,"postidString":"facebook_page.219296474785542_1297645843617261"},{"sharesRcvd":1,"profileString":"facebook_page.219296474785542","timeQuantum":4994608,"postidString":"facebook_page.219296474785542_1299390306776148"},{"sharesRcvd":1,"profileString":"facebook_page.219296474785542","likesRcvd":1,"repliesRcvd":1,"timeQuantum":4994734,"postidString":"facebook_page.219296474785542_1299390306776148"},{"profileString":"facebook_page.219296474785542","likesRcvd":1,"timeQuantum":4994734,"postidString":"facebook_page.219296474785542_1295194267195752"},{"sharesRcvd":1,"profileString":"facebook_page.219296474785542","likesRcvd":1,"repliesRcvd":1,"timeQuantum":4994735,"postidString":"facebook_page.219296474785542_1299390306776148"},{"profileString":"facebook_page.219296474785542","likesRcvd":1,"timeQuantum":4994735,"postidString":"facebook_page.219296474785542_1295194267195752"},{"profileString":"facebook_page.219296474785542","likesRcvd":1,"timeQuantum":4994896,"postidString":"facebook_page.219296474785542_1299390306776148"},{"profileString":"facebook_page.219296474785542","likesRcvd":1,"timeQuantum":4995238,"postidString":"facebook_page.219296474785542_1299390306776148"},{"profileString":"facebook_page.219296474785542","likesRcvd":1,"timeQuantum":4995238,"postidString":"facebook_page.219296474785542_1295194267195752"}]