[{"content":"Same Hotel Room.  Two Different Prices.  One for Homeless Families.  One for Tourists.","profileString":"facebook_page.130616083651304","postURL":"https://facebook.com/130616083651304/posts/1442473915798841","avatar":"https://graph.facebook.com/130616083651304/picture","classification":{"engine":"aylien","language":"en","taxonomy":[{"score":"0.4933","confident":true,"links":[{"link":"https://api.aylien.com/api/v1/classify/taxonomy/iab-qag/IAB20-18","rel":"self"},{"link":"https://api.aylien.com/api/v1/classify/taxonomy/iab-qag/IAB20","rel":"parent"}],"id":"IAB20-18","label":"Hotels"},{"score":"0.2285","confident":false,"links":[{"link":"https://api.aylien.com/api/v1/classify/taxonomy/iab-qag/IAB10-5","rel":"self"},{"link":"https://api.aylien.com/api/v1/classify/taxonomy/iab-qag/IAB10","rel":"parent"}],"id":"IAB10-5","label":"Home Repair"},{"score":"0.1216","confident":true,"links":[{"link":"https://api.aylien.com/api/v1/classify/taxonomy/iab-qag/IAB20","rel":"self"}],"id":"IAB20","label":"Travel"},{"score":"0.1132","confident":true,"links":[{"link":"https://api.aylien.com/api/v1/classify/taxonomy/iab-qag/IAB10","rel":"self"}],"id":"IAB10","label":"Home & Garden"}]},"postidString":"facebook_page.130616083651304_1442473915798841","postMeta":{"inserted":"content-engine"},"timestamp":1493402165,"sharesRcvd":2,"likesRcvd":3,"source":"facebook_page","lastUpdateQuantum":4984291,"name":"Chris Glorioso","imageLarge":"https://external.xx.fbcdn.net/safe_image.php?d=AQDnwAfqbrtQ23zh&url=http%3A%2F%2Fmedia.nbcnewyork.com%2Fimages%2F1200%2A675%2Fhomeless%2Bhotel%2Biteam.jpg&_nc_hash=AQC4r8KhdP9GWrGc","repliesRcvd":1,"image":"https://external.xx.fbcdn.net/safe_image.php?d=AQBZ-xt_ik5mr_wc&w=130&h=130&url=http%3A%2F%2Fmedia.nbcnewyork.com%2Fimages%2F1200%2A675%2Fhomeless%2Bhotel%2Biteam.jpg&cfs=1&_nc_hash=AQDE6VtvR7y4kL_o","link":"http://www.nbcnewyork.com/investigations/Hotel-Cost-Rate-Homeless-More-Customer-You-Pay-Tax-Disparity-New-York-City-Hidden-Camera-Investigation-420618143.html","timeQuantum":4978007,"title":"Same Hotel Room Is $190 for Homeless, $145 for Everyone Else","type":"link"}]