[{"content":"Aloha from Maui!  We went on a beautiful hike today in Kapalua. I even found a nature made \"rock chair\" to sit and look at the absolutely stunning Pacific Ocean. #Hawaii #Maui #Kapalua #abc7NY","profileString":"facebook_page.271273762939816","postURL":"https://facebook.com/271273762939816/posts/1343845595682622","avatar":"https://graph.facebook.com/271273762939816/picture","classification":{"engine":"aylien","language":"en","taxonomy":[{"score":"0.1905","confident":false,"links":[{"link":"https://api.aylien.com/api/v1/classify/taxonomy/iab-qag/IAB25-4","rel":"self"},{"link":"https://api.aylien.com/api/v1/classify/taxonomy/iab-qag/IAB25","rel":"parent"}],"id":"IAB25-4","label":"Profane Content"},{"score":"0.0712","confident":false,"links":[{"link":"https://api.aylien.com/api/v1/classify/taxonomy/iab-qag/IAB25","rel":"self"}],"id":"IAB25","label":"Non-Standard Content"},{"score":"0.0678","confident":false,"links":[{"link":"https://api.aylien.com/api/v1/classify/taxonomy/iab-qag/IAB9","rel":"self"}],"id":"IAB9","label":"Hobbies & Interests"},{"score":"0.0544","confident":false,"links":[{"link":"https://api.aylien.com/api/v1/classify/taxonomy/iab-qag/IAB9-4","rel":"self"},{"link":"https://api.aylien.com/api/v1/classify/taxonomy/iab-qag/IAB9","rel":"parent"}],"id":"IAB9-4","label":"Birdwatching"}]},"postidString":"facebook_page.271273762939816_1343844262349422","postMeta":{"inserted":"content-engine"},"timestamp":1496273192,"sharesRcvd":0,"likesRcvd":955,"source":"facebook_page","lastUpdateQuantum":4995759,"name":"Heather O'Rourke Traffic","imageLarge":"https://scontent.xx.fbcdn.net/v/t1.0-9/s720x720/18765590_1343844262349422_4853016091054843523_n.jpg?oh=a87a2b232c22d97d6170f82a64ef39f2&oe=59AA9A8B","originalID":"271273762939816_1343845595682622","objectID":"1343844262349422","repliesRcvd":140,"image":"https://scontent.xx.fbcdn.net/v/t1.0-0/s130x130/18765590_1343844262349422_4853016091054843523_n.jpg?oh=d2980967a59ee8e08c754357c76c3fee&oe=59B5109E","username":"orourketraffic","link":"https://www.facebook.com/orourketraffic/photos/a.507290506004806.1073741825.271273762939816/1343844262349422/?type=3","timeQuantum":4987577,"title":"Photos from Heather O'Rourke Traffic's post","type":"photo"},{"content":"Our last night in Maui before we head to Oahu.  We are def going to miss this beautiful view of the Serenity Pool overlooking the Pacific.  #Hawaii #Maui #VacaNeverLookedSoGood #abc7NY 🌺🏝","profileString":"facebook_page.271273762939816","postURL":"https://facebook.com/271273762939816/posts/1344886862245162","avatar":"https://graph.facebook.com/271273762939816/picture","classification":{"engine":"aylien","language":"en","taxonomy":[{"score":"0.1845","confident":false,"links":[{"link":"https://api.aylien.com/api/v1/classify/taxonomy/iab-qag/IAB25-3","rel":"self"},{"link":"https://api.aylien.com/api/v1/classify/taxonomy/iab-qag/IAB25","rel":"parent"}],"id":"IAB25-3","label":"Pornography"},{"score":"0.0696","confident":false,"links":[{"link":"https://api.aylien.com/api/v1/classify/taxonomy/iab-qag/IAB17","rel":"self"}],"id":"IAB17","label":"Sports"},{"score":"0.0666","confident":true,"links":[{"link":"https://api.aylien.com/api/v1/classify/taxonomy/iab-qag/IAB17-38","rel":"self"},{"link":"https://api.aylien.com/api/v1/classify/taxonomy/iab-qag/IAB17","rel":"parent"}],"id":"IAB17-38","label":"Swimming"},{"score":"0.0625","confident":false,"links":[{"link":"https://api.aylien.com/api/v1/classify/taxonomy/iab-qag/IAB25","rel":"self"}],"id":"IAB25","label":"Non-Standard Content"},{"score":"0.0600","confident":false,"links":[{"link":"https://api.aylien.com/api/v1/classify/taxonomy/iab-qag/IAB9","rel":"self"}],"id":"IAB9","label":"Hobbies & Interests"},{"score":"0.0574","confident":false,"links":[{"link":"https://api.aylien.com/api/v1/classify/taxonomy/iab-qag/IAB9-23","rel":"self"},{"link":"https://api.aylien.com/api/v1/classify/taxonomy/iab-qag/IAB9","rel":"parent"}],"id":"IAB9-23","label":"Photography"}]},"postidString":"facebook_page.271273762939816_1344886862245162","postMeta":{"inserted":"content-engine"},"timestamp":1496366570,"sharesRcvd":0,"likesRcvd":490,"source":"facebook_page","lastUpdateQuantum":4995759,"name":"Heather O'Rourke Traffic","imageLarge":"https://scontent.xx.fbcdn.net/v/t15.0-10/s720x720/18896345_1344887235578458_1787399508368293888_n.jpg?oh=0901241ffdbe346ffa4a1fcc6499acad&oe=59A16C9C","repliesRcvd":100,"image":"https://scontent.xx.fbcdn.net/v/t15.0-10/s130x130/18896345_1344887235578458_1787399508368293888_n.jpg?oh=6c5b3306da646960de67310f06794730&oe=59E09DBE","username":"orourketraffic","link":"https://www.facebook.com/orourketraffic/videos/1344884968912018/","timeQuantum":4987888,"video":"https://video.xx.fbcdn.net/v/t42.1790-2/18888063_1890102187915580_295058300410527744_n.mp4?efg=eyJybHIiOjU1NCwicmxhIjo1MTIsInZlbmNvZGVfdGFnIjoic3ZlX3NkIn0%3D&rl=554&vabr=308&oh=49b2470d2a47f6a00599a0f451b2e457&oe=5932A92E","title":"Photos from Heather O'Rourke Traffic's post","type":"video"},{"content":"My view of Diamond Head during my morning run -- can't beat it! We hiked up Diamond Head a few days ago and visited Pearl Harbor yesterday. May have to send for the kids and move here!  ⛰🌊. #Waikiki #DiamondHead #HiltonHawaiianVillage #abc7NY","profileString":"facebook_page.271273762939816","postURL":"https://facebook.com/271273762939816/posts/1350164645050717","avatar":"https://graph.facebook.com/271273762939816/picture","classification":{"engine":"aylien","language":"en","taxonomy":[{"score":"0.3010","confident":false,"links":[{"link":"https://api.aylien.com/api/v1/classify/taxonomy/iab-qag/IAB18-6","rel":"self"},{"link":"https://api.aylien.com/api/v1/classify/taxonomy/iab-qag/IAB18","rel":"parent"}],"id":"IAB18-6","label":"Accessories"},{"score":"0.0723","confident":false,"links":[{"link":"https://api.aylien.com/api/v1/classify/taxonomy/iab-qag/IAB18","rel":"self"}],"id":"IAB18","label":"Style & Fashion"},{"score":"0.0584","confident":false,"links":[{"link":"https://api.aylien.com/api/v1/classify/taxonomy/iab-qag/IAB9","rel":"self"}],"id":"IAB9","label":"Hobbies & Interests"},{"score":"0.0581","confident":false,"links":[{"link":"https://api.aylien.com/api/v1/classify/taxonomy/iab-qag/IAB9-23","rel":"self"},{"link":"https://api.aylien.com/api/v1/classify/taxonomy/iab-qag/IAB9","rel":"parent"}],"id":"IAB9-23","label":"Photography"}]},"postidString":"facebook_page.271273762939816_1350156848384830","postMeta":{"inserted":"content-engine"},"timestamp":1496790411,"sharesRcvd":0,"likesRcvd":465,"source":"facebook_page","lastUpdateQuantum":4995759,"name":"Heather O'Rourke Traffic","imageLarge":"https://scontent.xx.fbcdn.net/v/t1.0-9/s720x720/18881842_1350156848384830_3255732948302474948_n.jpg?oh=504860050a316aee4a28abb2a9b3b54e&oe=59DBB06F","originalID":"271273762939816_1350164645050717","objectID":"1350156848384830","repliesRcvd":100,"image":"https://scontent.xx.fbcdn.net/v/t1.0-0/s130x130/18881842_1350156848384830_3255732948302474948_n.jpg?oh=535b2d829a5f7a8b32dd1decef7ca40c&oe=59AF957A","username":"orourketraffic","link":"https://www.facebook.com/orourketraffic/photos/a.507290506004806.1073741825.271273762939816/1350156848384830/?type=3","timeQuantum":4989301,"title":"Photos from Heather O'Rourke Traffic's post","type":"photo"},{"content":"Unforgettable, amazing, magical.  It's so difficult to leave Paradise, but I am so incredibly thankful that I was able to be able to experience the beauty of Hawaii -- not only the land, but the people too. We cannot wait to return someday.  Mahalo nui loa, Hawaii","profileString":"facebook_page.271273762939816","postURL":"https://facebook.com/271273762939816/posts/1353297241404124","avatar":"https://graph.facebook.com/271273762939816/picture","classification":{"engine":"aylien","language":"en","taxonomy":[{"score":"0.0700","confident":false,"links":[{"link":"https://api.aylien.com/api/v1/classify/taxonomy/iab-qag/IAB9","rel":"self"}],"id":"IAB9","label":"Hobbies & Interests"},{"score":"0.0560","confident":false,"links":[{"link":"https://api.aylien.com/api/v1/classify/taxonomy/iab-qag/IAB9-23","rel":"self"},{"link":"https://api.aylien.com/api/v1/classify/taxonomy/iab-qag/IAB9","rel":"parent"}],"id":"IAB9-23","label":"Photography"}]},"postidString":"facebook_page.271273762939816_1353294894737692","postMeta":{"inserted":"content-engine"},"timestamp":1497153639,"sharesRcvd":0,"likesRcvd":729,"source":"facebook_page","lastUpdateQuantum":4995759,"name":"Heather O'Rourke Traffic","imageLarge":"https://scontent.xx.fbcdn.net/v/t1.0-9/s720x720/18921842_1353294894737692_7805255143428919823_n.jpg?oh=b368fe9042499b7bd25800b0895a1f8e&oe=599FDF4E","originalID":"271273762939816_1353297241404124","objectID":"1353294894737692","repliesRcvd":101,"image":"https://scontent.xx.fbcdn.net/v/t1.0-0/s130x130/18921842_1353294894737692_7805255143428919823_n.jpg?oh=5e88f2f7a0a0748f3f654bef1ea32c19&oe=59E2385B","username":"orourketraffic","link":"https://www.facebook.com/orourketraffic/photos/a.274608689272990.63216.271273762939816/1353294894737692/?type=3","timeQuantum":4990512,"title":"Photos from Heather O'Rourke Traffic's post","type":"photo"},{"content":"We've got a new bridge in town!  Have you had a chance to drive over the new span of the Goethals Bridge?  Below is a time lapse video of the work they've done.  Pretty cool!   #abc7NY\n\nhttps://youtu.be/irelKWVAh9Q","profileString":"facebook_page.271273762939816","postURL":"https://facebook.com/271273762939816/posts/1355665851167263","avatar":"https://graph.facebook.com/271273762939816/picture","classification":{"engine":"aylien","language":"en","taxonomy":[{"score":"0.2332","confident":false,"links":[{"link":"https://api.aylien.com/api/v1/classify/taxonomy/iab-qag/IAB25-6","rel":"self"},{"link":"https://api.aylien.com/api/v1/classify/taxonomy/iab-qag/IAB25","rel":"parent"}],"id":"IAB25-6","label":"Under Construction"},{"score":"0.1808","confident":false,"links":[{"link":"https://api.aylien.com/api/v1/classify/taxonomy/iab-qag/IAB10-4","rel":"self"},{"link":"https://api.aylien.com/api/v1/classify/taxonomy/iab-qag/IAB10","rel":"parent"}],"id":"IAB10-4","label":"Gardening"},{"score":"0.0844","confident":false,"links":[{"link":"https://api.aylien.com/api/v1/classify/taxonomy/iab-qag/IAB2-21","rel":"self"},{"link":"https://api.aylien.com/api/v1/classify/taxonomy/iab-qag/IAB2","rel":"parent"}],"id":"IAB2-21","label":"Trucks & Accessories"},{"score":"0.0653","confident":false,"links":[{"link":"https://api.aylien.com/api/v1/classify/taxonomy/iab-qag/IAB10","rel":"self"}],"id":"IAB10","label":"Home & Garden"},{"score":"0.0608","confident":false,"links":[{"link":"https://api.aylien.com/api/v1/classify/taxonomy/iab-qag/IAB2","rel":"self"}],"id":"IAB2","label":"Automotive"},{"score":"0.0607","confident":false,"links":[{"link":"https://api.aylien.com/api/v1/classify/taxonomy/iab-qag/IAB25","rel":"self"}],"id":"IAB25","label":"Non-Standard Content"},{"score":"0.0544","confident":false,"links":[{"link":"https://api.aylien.com/api/v1/classify/taxonomy/iab-qag/IAB20","rel":"self"}],"id":"IAB20","label":"Travel"},{"score":"0.0524","confident":false,"links":[{"link":"https://api.aylien.com/api/v1/classify/taxonomy/iab-qag/IAB20-22","rel":"self"},{"link":"https://api.aylien.com/api/v1/classify/taxonomy/iab-qag/IAB20","rel":"parent"}],"id":"IAB20-22","label":"National Parks"}]},"postidString":"facebook_page.271273762939816_1355665851167263","postMeta":{"inserted":"content-engine"},"timestamp":1497263408,"sharesRcvd":7,"likesRcvd":64,"source":"facebook_page","lastUpdateQuantum":4995759,"name":"Heather O'Rourke Traffic","imageLarge":"https://external.xx.fbcdn.net/safe_image.php?d=AQDUoBGYbYCVMtAL&url=https%3A%2F%2Fi.ytimg.com%2Fvi%2FirelKWVAh9Q%2Fmaxresdefault.jpg&_nc_hash=AQDPmuHZ9SeB9-Rp","repliesRcvd":8,"image":"https://external.xx.fbcdn.net/safe_image.php?d=AQDOYMJduLrMFCCV&w=130&h=130&url=https%3A%2F%2Fi.ytimg.com%2Fvi%2FirelKWVAh9Q%2Fmaxresdefault.jpg&cfs=1&_nc_hash=AQBZ0T7HW1nJ6Us4","username":"orourketraffic","link":"https://youtu.be/irelKWVAh9Q","timeQuantum":4990878,"title":"Building the New Goethals Bridge","type":"link"},{"content":"Garden State Parkway is lookin ugly!  Northbound accident at the Union tolls is blocking up to four lanes. #GSP #abc7NY","profileString":"facebook_page.271273762939816","postURL":"https://facebook.com/271273762939816/posts/1356609001072948","avatar":"https://graph.facebook.com/271273762939816/picture","classification":{"engine":"aylien","language":"en","taxonomy":[{"score":"0.2824","confident":false,"links":[{"link":"https://api.aylien.com/api/v1/classify/taxonomy/iab-qag/IAB10-4","rel":"self"},{"link":"https://api.aylien.com/api/v1/classify/taxonomy/iab-qag/IAB10","rel":"parent"}],"id":"IAB10-4","label":"Gardening"},{"score":"0.2129","confident":true,"links":[{"link":"https://api.aylien.com/api/v1/classify/taxonomy/iab-qag/IAB10","rel":"self"}],"id":"IAB10","label":"Home & Garden"}]},"postidString":"facebook_page.271273762939816_1356609001072948","postMeta":{"inserted":"content-engine"},"timestamp":1497347919,"sharesRcvd":2,"likesRcvd":14,"source":"facebook_page","lastUpdateQuantum":4995759,"name":"Heather O'Rourke Traffic","imageLarge":"https://scontent.xx.fbcdn.net/v/t15.0-10/s720x720/19182464_1356609541072894_2118163705861505024_n.jpg?oh=3766080ce879016ab9f3fcac3eb4f5a7&oe=59A62073","objectID":"1356609001072948","repliesRcvd":2,"image":"https://scontent.xx.fbcdn.net/v/t15.0-10/s130x130/19182464_1356609541072894_2118163705861505024_n.jpg?oh=da29a27c23ea2a23164e8d84cab84aa0&oe=59E35F51","username":"orourketraffic","link":"https://www.facebook.com/orourketraffic/videos/1356609001072948/","timeQuantum":4991159,"video":"https://video.xx.fbcdn.net/v/t42.1790-2/19161822_1047500132016354_4586341781485912064_n.mp4?efg=eyJybHIiOjM1MSwicmxhIjo1MTIsInZlbmNvZGVfdGFnIjoic3ZlX3NkIn0%3D&rl=351&vabr=195&oh=62bc6f0a24632d93b0d3038e11b410c3&oe=5942006E","type":"video"},{"content":"I love this weather!  But you still have to be careful. #abc7NY","profileString":"facebook_page.271273762939816","postURL":"https://facebook.com/271273762939816/posts/1356707761063072","avatar":"https://graph.facebook.com/271273762939816/picture","classification":{"engine":"aylien","language":"en","taxonomy":[{"score":"0.4336","confident":true,"links":[{"link":"https://api.aylien.com/api/v1/classify/taxonomy/iab-qag/IAB15-10","rel":"self"},{"link":"https://api.aylien.com/api/v1/classify/taxonomy/iab-qag/IAB15","rel":"parent"}],"id":"IAB15-10","label":"Weather"},{"score":"0.1491","confident":true,"links":[{"link":"https://api.aylien.com/api/v1/classify/taxonomy/iab-qag/IAB15","rel":"self"}],"id":"IAB15","label":"Science"}]},"postidString":"facebook_page.271273762939816_1916862631859880","postMeta":{"inserted":"content-engine"},"timestamp":1497357440,"sharesRcvd":0,"likesRcvd":30,"source":"facebook_page","lastUpdateQuantum":4995759,"name":"Heather O'Rourke Traffic","imageLarge":"https://scontent.xx.fbcdn.net/v/t1.0-9/s720x720/19146086_1916862631859880_4971228377917052429_n.jpg?oh=7e43f0b4fad93925ef007d6fce31782d&oe=59A4A8CB","originalID":"271273762939816_1356707761063072","objectID":"1916862631859880","repliesRcvd":1,"image":"https://scontent.xx.fbcdn.net/v/t1.0-0/s130x130/19146086_1916862631859880_4971228377917052429_n.jpg?oh=6912e16eac0e8d6f21dd587b3277b6f3&oe=59D4CCDE","username":"orourketraffic","link":"https://www.facebook.com/billevans.abc7ny/photos/a.1696672450545567.1073741828.1591715391041274/1916862631859880/?type=3","timeQuantum":4991191,"title":"Bill Evans Meteorologist","type":"photo"},{"content":"Oh jeeez!  This isn't good. I remember the day I grabbed my earlobe with my straightening iron. It look a long time for that to heal and it wasn't pretty!  Feel better Lori Stokes #abc7NY","profileString":"facebook_page.271273762939816","postURL":"https://facebook.com/271273762939816/posts/1356709381062910","avatar":"https://graph.facebook.com/271273762939816/picture","classification":{"engine":"aylien","language":"en","taxonomy":[{"score":"0.1886","confident":false,"links":[{"link":"https://api.aylien.com/api/v1/classify/taxonomy/iab-qag/IAB25-4","rel":"self"},{"link":"https://api.aylien.com/api/v1/classify/taxonomy/iab-qag/IAB25","rel":"parent"}],"id":"IAB25-4","label":"Profane Content"},{"score":"0.0698","confident":false,"links":[{"link":"https://api.aylien.com/api/v1/classify/taxonomy/iab-qag/IAB9","rel":"self"}],"id":"IAB9","label":"Hobbies & Interests"},{"score":"0.0593","confident":false,"links":[{"link":"https://api.aylien.com/api/v1/classify/taxonomy/iab-qag/IAB25","rel":"self"}],"id":"IAB25","label":"Non-Standard Content"},{"score":"0.0500","confident":false,"links":[{"link":"https://api.aylien.com/api/v1/classify/taxonomy/iab-qag/IAB9-13","rel":"self"},{"link":"https://api.aylien.com/api/v1/classify/taxonomy/iab-qag/IAB9","rel":"parent"}],"id":"IAB9-13","label":"Freelance Writing"}]},"postidString":"facebook_page.271273762939816_1494334357256495","postMeta":{"inserted":"content-engine"},"timestamp":1497391218,"sharesRcvd":0,"likesRcvd":70,"source":"facebook_page","lastUpdateQuantum":4995759,"name":"Heather O'Rourke Traffic","imageLarge":"https://scontent.xx.fbcdn.net/v/t1.0-9/s720x720/19030646_1494334357256495_8968171052641296250_n.jpg?oh=15f3af640bb9cc4fe0eebbfce8227914&oe=59D19664","originalID":"271273762939816_1356709381062910","objectID":"1494334357256495","repliesRcvd":12,"image":"https://scontent.xx.fbcdn.net/v/t1.0-0/s130x130/19030646_1494334357256495_8968171052641296250_n.jpg?oh=4ccbb179bef201070aa6b010f9e4b3c5&oe=59E6FF71","username":"orourketraffic","link":"https://www.facebook.com/wabc.loristokes/photos/a.455346157821992.97671.111055768917701/1494334357256495/?type=3","timeQuantum":4991304,"title":"Lori Stokes","type":"photo"},{"content":"I promise... this wasn't planned.  Or was it?  🤔 #abc7NY","profileString":"facebook_page.271273762939816","postURL":"https://facebook.com/271273762939816/posts/1357569224310259","avatar":"https://graph.facebook.com/271273762939816/picture","classification":{"engine":"aylien","language":"en","taxonomy":[{"score":"0.0676","confident":false,"links":[{"link":"https://api.aylien.com/api/v1/classify/taxonomy/iab-qag/IAB9","rel":"self"}],"id":"IAB9","label":"Hobbies & Interests"},{"score":"0.0532","confident":false,"links":[{"link":"https://api.aylien.com/api/v1/classify/taxonomy/iab-qag/IAB9-4","rel":"self"},{"link":"https://api.aylien.com/api/v1/classify/taxonomy/iab-qag/IAB9","rel":"parent"}],"id":"IAB9-4","label":"Birdwatching"}]},"postidString":"facebook_page.271273762939816_1917316345147842","postMeta":{"inserted":"content-engine"},"timestamp":1497431652,"sharesRcvd":0,"likesRcvd":157,"source":"facebook_page","lastUpdateQuantum":4995759,"name":"Heather O'Rourke Traffic","imageLarge":"https://scontent.xx.fbcdn.net/v/t1.0-9/s720x720/19248069_1917316345147842_3363218732978268381_n.jpg?oh=6496a6068e841673027e469d4b03d938&oe=59A16026","originalID":"271273762939816_1357569224310259","objectID":"1917316345147842","repliesRcvd":15,"image":"https://scontent.xx.fbcdn.net/v/t1.0-0/s130x130/19248069_1917316345147842_3363218732978268381_n.jpg?oh=cde1db9d5875c9143a47977088d829c0&oe=59DC7633","username":"orourketraffic","link":"https://www.facebook.com/billevans.abc7ny/photos/a.1696672450545567.1073741828.1591715391041274/1917316345147842/?type=3","timeQuantum":4991438,"title":"Bill Evans Meteorologist","type":"photo"},{"content":"Whew...an earlier accident cleared off of the Staten Island Expressway, but delays still remain.  John Del Giorno was up above and shot some video of the traffic AND the dark clouds.  #abc7NY","profileString":"facebook_page.271273762939816","postURL":"https://facebook.com/271273762939816/posts/1357633180970530","avatar":"https://graph.facebook.com/271273762939816/picture","classification":{"engine":"aylien","language":"en","taxonomy":[{"score":"0.0753","confident":false,"links":[{"link":"https://api.aylien.com/api/v1/classify/taxonomy/iab-qag/IAB9","rel":"self"}],"id":"IAB9","label":"Hobbies & Interests"},{"score":"0.0584","confident":false,"links":[{"link":"https://api.aylien.com/api/v1/classify/taxonomy/iab-qag/IAB9-30","rel":"self"},{"link":"https://api.aylien.com/api/v1/classify/taxonomy/iab-qag/IAB9","rel":"parent"}],"id":"IAB9-30","label":"Video & Computer Games"}]},"postidString":"facebook_page.271273762939816_1357633180970530","postMeta":{"inserted":"content-engine"},"timestamp":1497437542,"sharesRcvd":1,"likesRcvd":33,"source":"facebook_page","lastUpdateQuantum":4995759,"name":"Heather O'Rourke Traffic","imageLarge":"https://scontent.xx.fbcdn.net/v/t15.0-10/s720x720/19198120_1357633954303786_1675151586059354112_n.jpg?oh=30ffa943ed2486bcd67e98ef6415b26e&oe=59E1B375","objectID":"1357633180970530","repliesRcvd":1,"image":"https://scontent.xx.fbcdn.net/v/t15.0-10/s130x130/19198120_1357633954303786_1675151586059354112_n.jpg?oh=982d9a748843a82609ce904776e2cd9a&oe=59E12E57","username":"orourketraffic","link":"https://www.facebook.com/orourketraffic/videos/1357633180970530/","timeQuantum":4991458,"video":"https://video.xx.fbcdn.net/v/t42.1790-2/19206617_1423135987779290_6674975667337035776_n.mp4?efg=eyJybHIiOjMyNCwicmxhIjo1MTIsInZlbmNvZGVfdGFnIjoic3ZlX3NkIn0%3D&rl=324&vabr=180&oh=e6c62ce4a0ed34115a79fad1d014e6f5&oe=5943AC7C","type":"video"},{"content":"abc7ny.com","profileString":"facebook_page.271273762939816","postURL":"https://facebook.com/271273762939816/posts/1357712247629290","avatar":"https://graph.facebook.com/271273762939816/picture","classification":{"engine":"aylien","language":"en","taxonomy":[{"score":"0.4465","confident":false,"links":[{"link":"https://api.aylien.com/api/v1/classify/taxonomy/iab-qag/IAB12-3","rel":"self"},{"link":"https://api.aylien.com/api/v1/classify/taxonomy/iab-qag/IAB12","rel":"parent"}],"id":"IAB12-3","label":"Local News"},{"score":"0.1006","confident":true,"links":[{"link":"https://api.aylien.com/api/v1/classify/taxonomy/iab-qag/IAB12","rel":"self"}],"id":"IAB12","label":"News"}]},"postidString":"facebook_page.271273762939816_1357712247629290","postMeta":{"inserted":"content-engine"},"timestamp":1497443442,"sharesRcvd":2,"likesRcvd":20,"source":"facebook_page","lastUpdateQuantum":4995759,"name":"Heather O'Rourke Traffic","imageLarge":"https://external.xx.fbcdn.net/safe_image.php?d=AQBiD5c8pPly01sA&url=http%3A%2F%2Fcdn.abclocal.go.com%2Fcontent%2Fwabc%2Fimages%2Fcms%2F1325395_1280x720.jpg&_nc_hash=AQBfxtdeuFEBxZpe","repliesRcvd":5,"image":"https://external.xx.fbcdn.net/safe_image.php?d=AQCzCR8GozC8OZhJ&w=130&h=130&url=http%3A%2F%2Fcdn.abclocal.go.com%2Fcontent%2Fwabc%2Fimages%2Fcms%2F1325395_1280x720.jpg&cfs=1&_nc_hash=AQBDhedGU6uAw89N","username":"orourketraffic","link":"http://abc7ny.com/news/at-least-5-shot-at-congressional-baseball-practice-in-virginia/2097194/","timeQuantum":4991478,"title":"Multiple people shot at baseball field in Virginia","type":"link"},{"content":"Meet my friend, Mike O'Sullivan, he's a #RutgersAlum, a fellow apostrophe holder, AND a new employee of ABC7NY!  #Trifecta #ScarletForever We chatted about our favorite professor, the legendary Steve Miller, and which dining hall serves the best food. #abc7NY","profileString":"facebook_page.271273762939816","postURL":"https://facebook.com/271273762939816/posts/1357746707625844","avatar":"https://graph.facebook.com/271273762939816/picture","classification":{"engine":"aylien","language":"en","taxonomy":[{"score":"0.1901","confident":true,"links":[{"link":"https://api.aylien.com/api/v1/classify/taxonomy/iab-qag/IAB8-9","rel":"self"},{"link":"https://api.aylien.com/api/v1/classify/taxonomy/iab-qag/IAB8","rel":"parent"}],"id":"IAB8-9","label":"Dining Out"},{"score":"0.1517","confident":true,"links":[{"link":"https://api.aylien.com/api/v1/classify/taxonomy/iab-qag/IAB8","rel":"self"}],"id":"IAB8","label":"Food & Drink"}]},"postidString":"facebook_page.271273762939816_1357746707625844","postMeta":{"inserted":"content-engine"},"timestamp":1497477645,"sharesRcvd":2,"likesRcvd":229,"source":"facebook_page","lastUpdateQuantum":4995759,"name":"Heather O'Rourke Traffic","imageLarge":"https://scontent.xx.fbcdn.net/v/t1.0-9/s720x720/19145725_1357746707625844_1656537323118066689_n.jpg?oh=2827f70120bb41558f908445f8c1b315&oe=59E60AFA","objectID":"1357746707625844","repliesRcvd":13,"image":"https://scontent.xx.fbcdn.net/v/t1.0-0/s130x130/19145725_1357746707625844_1656537323118066689_n.jpg?oh=22bf3512d03636c0d86eee037a617028&oe=59EA79EF","username":"orourketraffic","link":"https://www.facebook.com/orourketraffic/photos/a.274608689272990.63216.271273762939816/1357746707625844/?type=3","timeQuantum":4991592,"title":"Timeline Photos","type":"photo"},{"content":"What can she get ya?  🍻🍷🥂🍹🍸. &Michelle Charlesworth is guest bartending tonight in Maplewood. #Cheers #abc7NY","profileString":"facebook_page.271273762939816","postURL":"https://facebook.com/271273762939816/posts/1358543197546195","avatar":"https://graph.facebook.com/271273762939816/picture","classification":{"engine":"aylien","language":"en","taxonomy":[{"score":"0.3881","confident":false,"links":[{"link":"https://api.aylien.com/api/v1/classify/taxonomy/iab-qag/IAB21-1","rel":"self"},{"link":"https://api.aylien.com/api/v1/classify/taxonomy/iab-qag/IAB21","rel":"parent"}],"id":"IAB21-1","label":"Apartments"},{"score":"0.1136","confident":true,"links":[{"link":"https://api.aylien.com/api/v1/classify/taxonomy/iab-qag/IAB21","rel":"self"}],"id":"IAB21","label":"Real Estate"}]},"postidString":"facebook_page.271273762939816_1358543197546195","postMeta":{"inserted":"content-engine"},"timestamp":1497479430,"sharesRcvd":0,"likesRcvd":22,"source":"facebook_page","lastUpdateQuantum":4995759,"name":"Heather O'Rourke Traffic","imageLarge":"https://external.xx.fbcdn.net/safe_image.php?d=AQBRlX-zQ5Se7NzB&url=https%3A%2F%2Fplaceholdit.imgix.net%2F%7Etext%3Ftxtsize%3D33%26txt%3Dmedia%2Bnot%2Bavailable%26w%3D500%26h%3D500&_nc_hash=AQAlOXSXTJRCclj0","repliesRcvd":3,"image":"https://external.xx.fbcdn.net/safe_image.php?d=AQBo40CEcG6Q8aMI&w=130&h=130&url=https%3A%2F%2Fplaceholdit.imgix.net%2F%7Etext%3Ftxtsize%3D33%26txt%3Dmedia%2Bnot%2Bavailable%26w%3D500%26h%3D500&cfs=1&_nc_hash=AQAGAkJyaE32-E7d","username":"orourketraffic","link":"http://www.bobmilleroysterfest.com/","timeQuantum":4991598,"title":"Michelle Charlesworth","type":"link"},{"content":"A tragic accident Wednesday night on the GW Bridge left a 5-year-old and a 30-year-old man dead.  Candace Mccowan is live on the scene this morning with more details.  #abc7NY","profileString":"facebook_page.271273762939816","postURL":"https://facebook.com/271273762939816/posts/1359033694163812","avatar":"https://graph.facebook.com/271273762939816/picture","classification":{"engine":"aylien","language":"en","taxonomy":[{"score":"0.1978","confident":true,"links":[{"link":"https://api.aylien.com/api/v1/classify/taxonomy/iab-qag/IAB2","rel":"self"}],"id":"IAB2","label":"Automotive"},{"score":"0.1297","confident":true,"links":[{"link":"https://api.aylien.com/api/v1/classify/taxonomy/iab-qag/IAB2-21","rel":"self"},{"link":"https://api.aylien.com/api/v1/classify/taxonomy/iab-qag/IAB2","rel":"parent"}],"id":"IAB2-21","label":"Trucks & Accessories"}]},"postidString":"facebook_page.271273762939816_1359033694163812","postMeta":{"inserted":"content-engine"},"timestamp":1497516827,"sharesRcvd":0,"likesRcvd":29,"source":"facebook_page","lastUpdateQuantum":4995759,"name":"Heather O'Rourke Traffic","imageLarge":"https://external.xx.fbcdn.net/safe_image.php?d=AQD2h1plQ5KRYsra&url=http%3A%2F%2Fcdn.abclocal.go.com%2Fcontent%2Fwabc%2Fimages%2Fcms%2F2100616_1280x720.jpg&_nc_hash=AQDRcxWWgftArQIx","repliesRcvd":0,"image":"https://external.xx.fbcdn.net/safe_image.php?d=AQCSKR0Gpm1OS206&w=130&h=130&url=http%3A%2F%2Fcdn.abclocal.go.com%2Fcontent%2Fwabc%2Fimages%2Fcms%2F2100616_1280x720.jpg&cfs=1&_nc_hash=AQCBqLOVrbK_p6KX","username":"orourketraffic","link":"http://7ny.tv/2tpbWi0","timeQuantum":4991722,"title":"ABC7NY","type":"link"},{"content":"Fatal accident on the NJ Turnpike South north of Exit 8 closes the car lanes. @JohnDelGiorno was up over the scene in #Newscopter7 earlier.  All southbound traffic is diverted to the truck lanes.  Use Route 130 as an alternate if you were planning on heading southbound on the NJ Turnpike. #abc7NY","profileString":"facebook_page.271273762939816","postURL":"https://facebook.com/271273762939816/posts/1359144227486092","avatar":"https://graph.facebook.com/271273762939816/picture","classification":{"engine":"aylien","language":"en","taxonomy":[{"score":"0.2384","confident":true,"links":[{"link":"https://api.aylien.com/api/v1/classify/taxonomy/iab-qag/IAB2","rel":"self"}],"id":"IAB2","label":"Automotive"},{"score":"0.0785","confident":false,"links":[{"link":"https://api.aylien.com/api/v1/classify/taxonomy/iab-qag/IAB2-18","rel":"self"},{"link":"https://api.aylien.com/api/v1/classify/taxonomy/iab-qag/IAB2","rel":"parent"}],"id":"IAB2-18","label":"Pickup"}]},"postidString":"facebook_page.271273762939816_1359144227486092","postMeta":{"inserted":"content-engine"},"timestamp":1497523957,"sharesRcvd":4,"likesRcvd":32,"source":"facebook_page","lastUpdateQuantum":4995759,"name":"Heather O'Rourke Traffic","imageLarge":"https://scontent.xx.fbcdn.net/v/t15.0-10/s720x720/19205921_1359147364152445_8961100889716686848_n.jpg?oh=ddf81016ddb4db789623348c646673b7&oe=59D1622E","objectID":"1359144227486092","repliesRcvd":6,"image":"https://scontent.xx.fbcdn.net/v/t15.0-10/s130x130/19205921_1359147364152445_8961100889716686848_n.jpg?oh=1c404f32f171b55b5c340ac5d0ec168f&oe=59D3420C","username":"orourketraffic","link":"https://www.facebook.com/orourketraffic/videos/1359144227486092/","timeQuantum":4991746,"video":"https://video.xx.fbcdn.net/v/t42.1790-2/19184913_696793653851847_4896712791357915136_n.mp4?efg=eyJybHIiOjU3MCwicmxhIjo1MTIsInZlbmNvZGVfdGFnIjoic3ZlX3NkIn0%3D&rl=570&vabr=317&oh=d40cc5729efb92939d3459a4a7c7099a&oe=5945096C","type":"video"},{"content":"Big day in our house!  My girl got her braces off!  Woo hoo. 😁💕🎉. #abc7NY","profileString":"facebook_page.271273762939816","postURL":"https://facebook.com/271273762939816/posts/1359442980789550","avatar":"https://graph.facebook.com/271273762939816/picture","classification":{"engine":"aylien","language":"en","taxonomy":[{"score":"0.2178","confident":false,"links":[{"link":"https://api.aylien.com/api/v1/classify/taxonomy/iab-qag/IAB10-5","rel":"self"},{"link":"https://api.aylien.com/api/v1/classify/taxonomy/iab-qag/IAB10","rel":"parent"}],"id":"IAB10-5","label":"Home Repair"},{"score":"0.0936","confident":true,"links":[{"link":"https://api.aylien.com/api/v1/classify/taxonomy/iab-qag/IAB10","rel":"self"}],"id":"IAB10","label":"Home & Garden"}]},"postidString":"facebook_page.271273762939816_1359442980789550","postMeta":{"inserted":"content-engine"},"timestamp":1497545214,"sharesRcvd":1,"likesRcvd":1177,"source":"facebook_page","lastUpdateQuantum":4995759,"name":"Heather O'Rourke Traffic","imageLarge":"https://scontent.xx.fbcdn.net/v/t1.0-9/s720x720/19105591_1359442980789550_8091216364279388013_n.jpg?oh=d6766022748937be5f4d12746881cc08&oe=59D0BAE0","objectID":"1359442980789550","repliesRcvd":154,"image":"https://scontent.xx.fbcdn.net/v/t1.0-0/s130x130/19105591_1359442980789550_8091216364279388013_n.jpg?oh=4cc1d8fe5dbcf74ac2c3170de394beb1&oe=59CD33F5","username":"orourketraffic","link":"https://www.facebook.com/orourketraffic/photos/a.274608689272990.63216.271273762939816/1359442980789550/?type=3","timeQuantum":4991817,"title":"Timeline Photos","type":"photo"},{"content":"Eating a good meal and helping out a family, what could be better?  Today, Thursday, June 15th in Summit, NJ you can do just that by eating at Piattino or The Office 11:30am to 1:30am.  15% percent of the proceeds of sales will be donated directly to the family of Detective Matthew Tarentino, the Summit police officer who was tragically killed on his way to work on May 30th.  #abc7NY","profileString":"facebook_page.271273762939816","postURL":"https://facebook.com/271273762939816/posts/1359200700813778","avatar":"https://graph.facebook.com/271273762939816/picture","classification":{"engine":"aylien","language":"en","taxonomy":[{"score":"0.2650","confident":false,"links":[{"link":"https://api.aylien.com/api/v1/classify/taxonomy/iab-qag/IAB6-6","rel":"self"},{"link":"https://api.aylien.com/api/v1/classify/taxonomy/iab-qag/IAB6","rel":"parent"}],"id":"IAB6-6","label":"Parenting teens"},{"score":"0.0907","confident":true,"links":[{"link":"https://api.aylien.com/api/v1/classify/taxonomy/iab-qag/IAB6","rel":"self"}],"id":"IAB6","label":"Family & Parenting"},{"score":"0.0873","confident":false,"links":[{"link":"https://api.aylien.com/api/v1/classify/taxonomy/iab-qag/IAB8-6","rel":"self"},{"link":"https://api.aylien.com/api/v1/classify/taxonomy/iab-qag/IAB8","rel":"parent"}],"id":"IAB8-6","label":"Coffee/Tea"},{"score":"0.0812","confident":true,"links":[{"link":"https://api.aylien.com/api/v1/classify/taxonomy/iab-qag/IAB8","rel":"self"}],"id":"IAB8","label":"Food & Drink"}]},"postidString":"facebook_page.271273762939816_1359200424147139","postMeta":{"inserted":"content-engine"},"timestamp":1497546000,"sharesRcvd":5,"likesRcvd":87,"source":"facebook_page","lastUpdateQuantum":4995759,"name":"Heather O'Rourke Traffic","imageLarge":"https://scontent.xx.fbcdn.net/v/t1.0-9/19225846_1359200424147139_1669992313634177009_n.jpg?oh=b09f3506f4405ea61255d3b4c0fa0286&oe=59A0FFCA","originalID":"271273762939816_1359200700813778","objectID":"1359200424147139","repliesRcvd":5,"image":"https://scontent.xx.fbcdn.net/v/t1.0-0/s130x130/19225846_1359200424147139_1669992313634177009_n.jpg?oh=62d595503d1341e98bc07dd7af377005&oe=59DB68A1","username":"orourketraffic","link":"https://www.facebook.com/orourketraffic/photos/a.274608689272990.63216.271273762939816/1359200424147139/?type=3","timeQuantum":4991820,"title":"Photos from Heather O'Rourke Traffic's post","type":"photo"},{"content":"🎵Baby it's cold....🎵 inside??  A.J. Ross and I are all bundled up this morning cuz it is COLD in the studio. #abc7NY","profileString":"facebook_page.271273762939816","postURL":"https://facebook.com/271273762939816/posts/1360207080713140","avatar":"https://graph.facebook.com/271273762939816/picture","classification":{"engine":"aylien","language":"en","taxonomy":[{"score":"0.0706","confident":false,"links":[{"link":"https://api.aylien.com/api/v1/classify/taxonomy/iab-qag/IAB9","rel":"self"}],"id":"IAB9","label":"Hobbies & Interests"},{"score":"0.0558","confident":false,"links":[{"link":"https://api.aylien.com/api/v1/classify/taxonomy/iab-qag/IAB9-23","rel":"self"},{"link":"https://api.aylien.com/api/v1/classify/taxonomy/iab-qag/IAB9","rel":"parent"}],"id":"IAB9-23","label":"Photography"}]},"postidString":"facebook_page.271273762939816_1360204984046683","postMeta":{"inserted":"content-engine"},"timestamp":1497609040,"sharesRcvd":6,"likesRcvd":208,"source":"facebook_page","lastUpdateQuantum":4995759,"name":"Heather O'Rourke Traffic","imageLarge":"https://scontent.xx.fbcdn.net/v/t1.0-9/s720x720/19145928_1360204984046683_2666036233515318515_n.jpg?oh=572aac90c62609df3e2433bf1e3aa7a1&oe=59DC5E1F","originalID":"271273762939816_1360207080713140","objectID":"1360204984046683","repliesRcvd":17,"image":"https://scontent.xx.fbcdn.net/v/t1.0-0/s130x130/19145928_1360204984046683_2666036233515318515_n.jpg?oh=6166c51dce88095ec734d4f58f02db1e&oe=59D0340A","username":"orourketraffic","link":"https://www.facebook.com/orourketraffic/photos/a.507290506004806.1073741825.271273762939816/1360204984046683/?type=3","timeQuantum":4992030,"title":"Photos from Heather O'Rourke Traffic's post","type":"photo"},{"content":"The most popular thing in our newsroom this morning was CUPCAKES!  Homemade Pineapple Turnover Cupcakes home made by one of our viewers.  She hand delivers them to Bill every year for Father's Day!  So sweet :)  Happy Father's Day to my dad and to all of you father's out there!   Have a great weekend!  #abc7NY","profileString":"facebook_page.271273762939816","postURL":"https://facebook.com/271273762939816/posts/1360301610703687","avatar":"https://graph.facebook.com/271273762939816/picture","classification":{"engine":"aylien","language":"en","taxonomy":[{"score":"0.1964","confident":false,"links":[{"link":"https://api.aylien.com/api/v1/classify/taxonomy/iab-qag/IAB1-4","rel":"self"},{"link":"https://api.aylien.com/api/v1/classify/taxonomy/iab-qag/IAB1","rel":"parent"}],"id":"IAB1-4","label":"Humor"},{"score":"0.1004","confident":false,"links":[{"link":"https://api.aylien.com/api/v1/classify/taxonomy/iab-qag/IAB8-8","rel":"self"},{"link":"https://api.aylien.com/api/v1/classify/taxonomy/iab-qag/IAB8","rel":"parent"}],"id":"IAB8-8","label":"Desserts & Baking"},{"score":"0.0727","confident":false,"links":[{"link":"https://api.aylien.com/api/v1/classify/taxonomy/iab-qag/IAB8","rel":"self"}],"id":"IAB8","label":"Food & Drink"},{"score":"0.0584","confident":false,"links":[{"link":"https://api.aylien.com/api/v1/classify/taxonomy/iab-qag/IAB1","rel":"self"}],"id":"IAB1","label":"Arts & Entertainment"}]},"postidString":"facebook_page.271273762939816_1360301610703687","postMeta":{"inserted":"content-engine"},"timestamp":1497650400,"sharesRcvd":0,"likesRcvd":136,"source":"facebook_page","lastUpdateQuantum":4995759,"name":"Heather O'Rourke Traffic","imageLarge":"https://scontent.xx.fbcdn.net/v/t15.0-10/s720x720/19340247_1360307970703051_2414756391928463360_n.jpg?oh=076332f607beefce28c75318541adff6&oe=59CDDB4F","objectID":"1360301610703687","repliesRcvd":11,"image":"https://scontent.xx.fbcdn.net/v/t15.0-10/s130x130/19340247_1360307970703051_2414756391928463360_n.jpg?oh=ee14db7682b64177dd66287b66ac3660&oe=59E8E46D","username":"orourketraffic","link":"https://www.facebook.com/orourketraffic/videos/1360301610703687/","timeQuantum":4992168,"video":"https://video.xx.fbcdn.net/v/t42.1790-2/19210203_287746785021564_8014266548925497344_n.mp4?efg=eyJybHIiOjMwMCwicmxhIjo1MTIsInZlbmNvZGVfdGFnIjoic3ZlX3NkIn0%3D&rl=300&vabr=136&oh=9d56867f7a44cac8301c9b1cc084f2b7&oe=5947032C","type":"video"},{"content":"My heart goes out to this little girl's family.  I cannot even imagine.  I have a 10-year-old son and a 13-year-old daughter and they've swam in lagoons down at the Jersey shore - this could have been them.  Just heartbreaking to hear that young Kayla Matos was just floating around on an inflatable raft and died when she touched rail.  RIP in little Kayla.  #abc7NY","profileString":"facebook_page.271273762939816","postURL":"https://facebook.com/271273762939816/posts/1362937313773450","avatar":"https://graph.facebook.com/271273762939816/picture","classification":{"engine":"aylien","language":"en","taxonomy":[{"score":"0.0860","confident":false,"links":[{"link":"https://api.aylien.com/api/v1/classify/taxonomy/iab-qag/IAB2-15","rel":"self"},{"link":"https://api.aylien.com/api/v1/classify/taxonomy/iab-qag/IAB2","rel":"parent"}],"id":"IAB2-15","label":"Motorcycles"},{"score":"0.0648","confident":false,"links":[{"link":"https://api.aylien.com/api/v1/classify/taxonomy/iab-qag/IAB17","rel":"self"}],"id":"IAB17","label":"Sports"},{"score":"0.0570","confident":false,"links":[{"link":"https://api.aylien.com/api/v1/classify/taxonomy/iab-qag/IAB2","rel":"self"}],"id":"IAB2","label":"Automotive"},{"score":"0.0462","confident":false,"links":[{"link":"https://api.aylien.com/api/v1/classify/taxonomy/iab-qag/IAB17-38","rel":"self"},{"link":"https://api.aylien.com/api/v1/classify/taxonomy/iab-qag/IAB17","rel":"parent"}],"id":"IAB17-38","label":"Swimming"}]},"postidString":"facebook_page.271273762939816_1362937313773450","postMeta":{"inserted":"content-engine"},"timestamp":1497870772,"sharesRcvd":12,"likesRcvd":160,"source":"facebook_page","lastUpdateQuantum":4995759,"name":"Heather O'Rourke Traffic","imageLarge":"https://external.xx.fbcdn.net/safe_image.php?d=AQAXps35vnpyHDD4&url=http%3A%2F%2Fcdn.abclocal.go.com%2Fcontent%2Fwabc%2Fimages%2Fcms%2F2115439_1280x720.jpg&_nc_hash=AQCfv0vbqEv793Ye","repliesRcvd":23,"image":"https://external.xx.fbcdn.net/safe_image.php?d=AQAI3QnrOtHR6YuU&w=130&h=130&url=http%3A%2F%2Fcdn.abclocal.go.com%2Fcontent%2Fwabc%2Fimages%2Fcms%2F2115439_1280x720.jpg&cfs=1&_nc_hash=AQA-mL7FY37Hf2Yw","username":"orourketraffic","link":"http://abc7ny.com/news/10-year-old-girl-electrocuted-in-lagoon-behind-nj-home/2115028/","timeQuantum":4992902,"title":"10-year-old girl electrocuted in lagoon behind NJ home","type":"link"},{"content":"It's the most wonderful time of the year!  Warm weather, flip flops and the beach.  What are your plans for the summer?  I'll be here, of course, taking some days off here and there.  Let me live vicariously through you...  #abc7NY","profileString":"facebook_page.271273762939816","postURL":"https://facebook.com/271273762939816/posts/1364705340263314","avatar":"https://graph.facebook.com/271273762939816/picture","classification":{"engine":"aylien","language":"en","taxonomy":[{"score":"0.5084","confident":true,"links":[{"link":"https://api.aylien.com/api/v1/classify/taxonomy/iab-qag/IAB15-10","rel":"self"},{"link":"https://api.aylien.com/api/v1/classify/taxonomy/iab-qag/IAB15","rel":"parent"}],"id":"IAB15-10","label":"Weather"},{"score":"0.0967","confident":true,"links":[{"link":"https://api.aylien.com/api/v1/classify/taxonomy/iab-qag/IAB15","rel":"self"}],"id":"IAB15","label":"Science"}]},"postidString":"facebook_page.271273762939816_1364705340263314","postMeta":{"inserted":"content-engine"},"timestamp":1498038590,"sharesRcvd":3,"likesRcvd":123,"source":"facebook_page","lastUpdateQuantum":4995759,"name":"Heather O'Rourke Traffic","imageLarge":"https://scontent.xx.fbcdn.net/v/t31.0-8/s720x720/19402194_1364705340263314_8320441961494146999_o.jpg?oh=9ef3f64ca9bd4b4884c14a60d25ed259&oe=59E2E32D","objectID":"1364705340263314","repliesRcvd":8,"image":"https://scontent.xx.fbcdn.net/v/t1.0-0/s130x130/19399240_1364705340263314_8320441961494146999_n.jpg?oh=e4d95f3865d6015ac866fa37908aff41&oe=59DDFDB9","username":"orourketraffic","link":"https://www.facebook.com/orourketraffic/photos/a.274608689272990.63216.271273762939816/1364705340263314/?type=3","timeQuantum":4993461,"title":"Timeline Photos","type":"photo"},{"content":"Oh no and ewwwww!  Check out Ken Rosato's post about elevated bacteria levels at NJ beaches from the heavy rains. #abc7NY","profileString":"facebook_page.271273762939816","postURL":"https://facebook.com/271273762939816/posts/1365080280225820","avatar":"https://graph.facebook.com/271273762939816/picture","classification":{"engine":"aylien","language":"en","taxonomy":[{"score":"0.0788","confident":true,"links":[{"link":"https://api.aylien.com/api/v1/classify/taxonomy/iab-qag/IAB9","rel":"self"}],"id":"IAB9","label":"Hobbies & Interests"},{"score":"0.0498","confident":false,"links":[{"link":"https://api.aylien.com/api/v1/classify/taxonomy/iab-qag/IAB9-28","rel":"self"},{"link":"https://api.aylien.com/api/v1/classify/taxonomy/iab-qag/IAB9","rel":"parent"}],"id":"IAB9-28","label":"Screenwriting"}]},"postidString":"facebook_page.271273762939816_1365080280225820","postMeta":{"inserted":"content-engine"},"timestamp":1498071688,"sharesRcvd":0,"likesRcvd":5,"source":"facebook_page","lastUpdateQuantum":4995759,"name":"Heather O'Rourke Traffic","repliesRcvd":1,"image":"https://scontent.xx.fbcdn.net/v/t1.0-1/c0.0.100.100/p100x100/10405311_1527953577446197_5572838636470446592_n.jpg?oh=7f7a0061db94bbfe1f024ffe5a88f038&oe=59CB2062","username":"orourketraffic","link":"https://www.facebook.com/kenrosatoABC7/posts/1906239179617633","timeQuantum":4993572,"title":"Ken Rosato","type":"link"},{"content":"Mirror, mirror on the wall.  We've all heard of the superstition, \"If you break a mirror it is seven years bad luck,\" but not in Lori Stokes' case, she had GOOD luck!  #abc7NY  Ken Rosato Bill Evans Meteorologist","profileString":"facebook_page.271273762939816","postURL":"https://facebook.com/271273762939816/posts/1365760886824426","avatar":"https://graph.facebook.com/271273762939816/picture","classification":{"engine":"aylien","language":"en","taxonomy":[{"score":"0.1903","confident":false,"links":[{"link":"https://api.aylien.com/api/v1/classify/taxonomy/iab-qag/IAB25-4","rel":"self"},{"link":"https://api.aylien.com/api/v1/classify/taxonomy/iab-qag/IAB25","rel":"parent"}],"id":"IAB25-4","label":"Profane Content"},{"score":"0.0646","confident":false,"links":[{"link":"https://api.aylien.com/api/v1/classify/taxonomy/iab-qag/IAB9","rel":"self"}],"id":"IAB9","label":"Hobbies & Interests"},{"score":"0.0530","confident":false,"links":[{"link":"https://api.aylien.com/api/v1/classify/taxonomy/iab-qag/IAB25","rel":"self"}],"id":"IAB25","label":"Non-Standard Content"},{"score":"0.0474","confident":false,"links":[{"link":"https://api.aylien.com/api/v1/classify/taxonomy/iab-qag/IAB9-21","rel":"self"},{"link":"https://api.aylien.com/api/v1/classify/taxonomy/iab-qag/IAB9","rel":"parent"}],"id":"IAB9-21","label":"Needlework"}]},"postidString":"facebook_page.271273762939816_1365760886824426","postMeta":{"inserted":"content-engine"},"timestamp":1498168801,"sharesRcvd":2,"likesRcvd":57,"source":"facebook_page","lastUpdateQuantum":4995831,"name":"Heather O'Rourke Traffic","imageLarge":"https://scontent.xx.fbcdn.net/v/t15.0-10/s720x720/19298662_1365762903490891_2095656449437859840_n.jpg?oh=a760ef63cdba1c3647f1be77b944b44c&oe=59CE3FEF","objectID":"1365760886824426","repliesRcvd":2,"image":"https://scontent.xx.fbcdn.net/v/t15.0-10/s130x130/19298662_1365762903490891_2095656449437859840_n.jpg?oh=9676dca8bf61c69e614bc68e7dd7386e&oe=59C75CCD","username":"orourketraffic","link":"https://www.facebook.com/orourketraffic/videos/1365760886824426/","timeQuantum":4993896,"video":"https://video.xx.fbcdn.net/v/t42.1790-2/19346224_777816822400128_3900205246823006208_n.mp4?efg=eyJybHIiOjM3OSwicmxhIjo1MTIsInZlbmNvZGVfdGFnIjoic3ZlX3NkIn0%3D&rl=379&vabr=211&oh=bf11db4b079b88b077a515afdcb19f82&oe=594E8C2C","type":"video"},{"content":"When I was in middle school a friend of mine started calling me, \"Heater\"... fast forward to my first job, what was then called Metro Traffic, the lovely and talented Cristina Lang wrote, \"Heater\" on my Christmas card, so my current and past co-workers still refer to me as such. Our floor director, Frank Cortale, happened to catch this this morning.  Looks like I'll never escape this nickname. 😊🔥👇🏻 #abc7NY","profileString":"facebook_page.271273762939816","postURL":"https://facebook.com/271273762939816/posts/1366604466740068","avatar":"https://graph.facebook.com/271273762939816/picture","classification":{"engine":"aylien","language":"en","taxonomy":[{"score":"0.1687","confident":false,"links":[{"link":"https://api.aylien.com/api/v1/classify/taxonomy/iab-qag/IAB4-9","rel":"self"},{"link":"https://api.aylien.com/api/v1/classify/taxonomy/iab-qag/IAB4","rel":"parent"}],"id":"IAB4-9","label":"Telecommuting"},{"score":"0.0741","confident":false,"links":[{"link":"https://api.aylien.com/api/v1/classify/taxonomy/iab-qag/IAB4","rel":"self"}],"id":"IAB4","label":"Careers"},{"score":"0.0657","confident":false,"links":[{"link":"https://api.aylien.com/api/v1/classify/taxonomy/iab-qag/IAB9","rel":"self"}],"id":"IAB9","label":"Hobbies & Interests"},{"score":"0.0506","confident":false,"links":[{"link":"https://api.aylien.com/api/v1/classify/taxonomy/iab-qag/IAB9-28","rel":"self"},{"link":"https://api.aylien.com/api/v1/classify/taxonomy/iab-qag/IAB9","rel":"parent"}],"id":"IAB9-28","label":"Screenwriting"}]},"postidString":"facebook_page.271273762939816_1366604466740068","postMeta":{"inserted":"content-engine"},"timestamp":1498217703,"sharesRcvd":3,"likesRcvd":186,"source":"facebook_page","lastUpdateQuantum":4995831,"name":"Heather O'Rourke Traffic","imageLarge":"https://scontent.xx.fbcdn.net/v/t1.0-9/s720x720/19399136_1366604466740068_606282919905761220_n.jpg?oh=c136a9377310a1e8876358216c6ed6a8&oe=5A11980C","objectID":"1366604466740068","repliesRcvd":14,"image":"https://scontent.xx.fbcdn.net/v/t1.0-0/s130x130/19399136_1366604466740068_606282919905761220_n.jpg?oh=dc2337f29b4e602534dd5f9345b837d1&oe=59D7E7F3","username":"orourketraffic","link":"https://www.facebook.com/orourketraffic/photos/a.274608689272990.63216.271273762939816/1366604466740068/?type=3","timeQuantum":4994059,"title":"Timeline Photos","type":"photo"},{"content":"Getting ready to grill these babies!  Headingto #Citifield tomorrow to see Dead & Company #rippleeffect","profileString":"facebook_page.271273762939816","postURL":"https://facebook.com/271273762939816/posts/1366611710072677","avatar":"https://graph.facebook.com/271273762939816/picture","classification":{"engine":"aylien","language":"en","taxonomy":[{"score":"0.3212","links":[{"rel":"self","link":"https://api.aylien.com/api/v1/classify/taxonomy/iab-qag/IAB8-2"},{"rel":"parent","link":"https://api.aylien.com/api/v1/classify/taxonomy/iab-qag/IAB8"}],"label":"Barbecues & Grilling","id":"IAB8-2","confident":true},{"score":"0.3172","links":[{"rel":"self","link":"https://api.aylien.com/api/v1/classify/taxonomy/iab-qag/IAB6-2"},{"rel":"parent","link":"https://api.aylien.com/api/v1/classify/taxonomy/iab-qag/IAB6"}],"label":"Babies & Toddlers","id":"IAB6-2","confident":true},{"score":"0.0640","links":[{"rel":"self","link":"https://api.aylien.com/api/v1/classify/taxonomy/iab-qag/IAB9"}],"label":"Hobbies & Interests","id":"IAB9","confident":false},{"score":"0.0597","links":[{"rel":"self","link":"https://api.aylien.com/api/v1/classify/taxonomy/iab-qag/IAB6"}],"label":"Family & Parenting","id":"IAB6","confident":false},{"score":"0.0590","links":[{"rel":"self","link":"https://api.aylien.com/api/v1/classify/taxonomy/iab-qag/IAB9-23"},{"rel":"parent","link":"https://api.aylien.com/api/v1/classify/taxonomy/iab-qag/IAB9"}],"label":"Photography","id":"IAB9-23","confident":false},{"score":"0.0563","links":[{"rel":"self","link":"https://api.aylien.com/api/v1/classify/taxonomy/iab-qag/IAB8"}],"label":"Food & Drink","id":"IAB8","confident":false}]},"postidString":"facebook_page.271273762939816_1366607160073132","postMeta":{"inserted":"content-engine"},"timestamp":1498258758,"sharesRcvd":0,"likesRcvd":196,"source":"facebook_page","lastUpdateQuantum":4995831,"name":"Heather O'Rourke Traffic","imageLarge":"https://scontent.xx.fbcdn.net/v/t1.0-9/s720x720/19420404_1366607160073132_791006312380706949_n.jpg?oh=5d5e3fe6387919abf84ed72f71715ae2&oe=59E64930","originalID":"271273762939816_1366611710072677","objectID":"1366607160073132","repliesRcvd":50,"image":"https://scontent.xx.fbcdn.net/v/t1.0-0/s130x130/19420404_1366607160073132_791006312380706949_n.jpg?oh=171cf8be434554f4b59e7f6ac25b1047&oe=59D2D0CF","username":"orourketraffic","link":"https://www.facebook.com/orourketraffic/photos/a.274608689272990.63216.271273762939816/1366607160073132/?type=3","timeQuantum":4994195,"type":"photo","title":"Photos from Heather O'Rourke Traffic's post"},{"content":"We don't have the Monday blues 👕👗.  Hey, our day is halfway finished!  We hope your Monday flies by 😊. #abc7NY Michelle Charlesworth","profileString":"facebook_page.271273762939816","postURL":"https://facebook.com/271273762939816/posts/1369230083144173","avatar":"https://graph.facebook.com/271273762939816/picture","classification":{"engine":"aylien","language":"en","taxonomy":[{"score":"0.0710","links":[{"rel":"self","link":"https://api.aylien.com/api/v1/classify/taxonomy/iab-qag/IAB9"}],"label":"Hobbies & Interests","id":"IAB9","confident":false},{"score":"0.0599","links":[{"rel":"self","link":"https://api.aylien.com/api/v1/classify/taxonomy/iab-qag/IAB17"}],"label":"Sports","id":"IAB17","confident":false},{"score":"0.0548","links":[{"rel":"self","link":"https://api.aylien.com/api/v1/classify/taxonomy/iab-qag/IAB9-23"},{"rel":"parent","link":"https://api.aylien.com/api/v1/classify/taxonomy/iab-qag/IAB9"}],"label":"Photography","id":"IAB9-23","confident":false},{"score":"0.0478","links":[{"rel":"self","link":"https://api.aylien.com/api/v1/classify/taxonomy/iab-qag/IAB17-11"},{"rel":"parent","link":"https://api.aylien.com/api/v1/classify/taxonomy/iab-qag/IAB17"}],"label":"Fly Fishing","id":"IAB17-11","confident":true}]},"postidString":"facebook_page.271273762939816_1369230083144173","postMeta":{"inserted":"content-engine"},"timestamp":1498477202,"sharesRcvd":4,"likesRcvd":443,"source":"facebook_page","lastUpdateQuantum":4995831,"name":"Heather O'Rourke Traffic","imageLarge":"https://scontent.xx.fbcdn.net/v/t1.0-9/s720x720/19424416_1369230083144173_2484423125687490474_n.jpg?oh=7cbc98f32475e2bd89c10e503ff9217a&oe=59D16532","objectID":"1369230083144173","repliesRcvd":41,"image":"https://scontent.xx.fbcdn.net/v/t1.0-0/s130x130/19424416_1369230083144173_2484423125687490474_n.jpg?oh=dbc22734020fe7292d848c39a9cc2dc0&oe=59E1D127","username":"orourketraffic","link":"https://www.facebook.com/orourketraffic/photos/a.274608689272990.63216.271273762939816/1369230083144173/?type=3","timeQuantum":4994924,"type":"photo","title":"Timeline Photos"},{"content":"Welcome back #1!  We've been waiting for you...\n#abc7NY","profileString":"facebook_page.271273762939816","postURL":"https://facebook.com/271273762939816/posts/1370176809716167","avatar":"https://graph.facebook.com/271273762939816/picture","classification":{"engine":"aylien","language":"en","taxonomy":[{"score":"0.2514","links":[{"rel":"self","link":"https://api.aylien.com/api/v1/classify/taxonomy/iab-qag/IAB2-23"},{"rel":"parent","link":"https://api.aylien.com/api/v1/classify/taxonomy/iab-qag/IAB2"}],"label":"Wagon","id":"IAB2-23","confident":true},{"score":"0.1448","links":[{"rel":"self","link":"https://api.aylien.com/api/v1/classify/taxonomy/iab-qag/IAB2"}],"label":"Automotive","id":"IAB2","confident":true}]},"postidString":"facebook_page.271273762939816_1370176809716167","postMeta":{"inserted":"content-engine"},"timestamp":1498559915,"sharesRcvd":0,"likesRcvd":17,"source":"facebook_page","lastUpdateQuantum":4995831,"name":"Heather O'Rourke Traffic","imageLarge":"https://external.xx.fbcdn.net/safe_image.php?d=AQDXFIi7v7lNJZFG&url=http%3A%2F%2Fcdn.abclocal.go.com%2Fcontent%2Fwabc%2Fimages%2Fcms%2F2153361_1280x720.JPG&_nc_hash=AQCJJoFoitLZh1J5","repliesRcvd":0,"image":"https://external.xx.fbcdn.net/safe_image.php?d=AQBbswUUP_FBRSqm&w=130&h=130&url=http%3A%2F%2Fcdn.abclocal.go.com%2Fcontent%2Fwabc%2Fimages%2Fcms%2F2153361_1280x720.JPG&cfs=1&_nc_hash=AQCYDUoQl-DAZtci","username":"orourketraffic","link":"http://7ny.tv/2sVZPtx","timeQuantum":4995199,"type":"link","title":"South Ferry subway station in Manhattan reopens"},{"content":"Promo time!  Kill the hair dryer... what?!?! #hairgoals #abc7NY","profileString":"facebook_page.271273762939816","postURL":"https://facebook.com/271273762939816/posts/1370353879698460","avatar":"https://graph.facebook.com/271273762939816/picture","classification":{"engine":"aylien","language":"en","taxonomy":[{"score":"0.4768","links":[{"rel":"self","link":"https://api.aylien.com/api/v1/classify/taxonomy/iab-qag/IAB18-2"},{"rel":"parent","link":"https://api.aylien.com/api/v1/classify/taxonomy/iab-qag/IAB18"}],"label":"Body Art","id":"IAB18-2","confident":false},{"score":"0.1073","links":[{"rel":"self","link":"https://api.aylien.com/api/v1/classify/taxonomy/iab-qag/IAB18"}],"label":"Style & Fashion","id":"IAB18","confident":true}]},"postidString":"facebook_page.271273762939816_1370353879698460","postMeta":{"inserted":"content-engine"},"timestamp":1498573321,"sharesRcvd":0,"likesRcvd":136,"source":"facebook_page","lastUpdateQuantum":4995831,"name":"Heather O'Rourke Traffic","imageLarge":"https://scontent.xx.fbcdn.net/v/t1.0-9/s720x720/19429841_1370353879698460_8264197000743767655_n.jpg?oh=02509f4551dd499c2d7cc6647f3d4567&oe=59D813E6","objectID":"1370353879698460","repliesRcvd":14,"image":"https://scontent.xx.fbcdn.net/v/t1.0-0/s130x130/19429841_1370353879698460_8264197000743767655_n.jpg?oh=76fff0b479663e8c729a65311bcb5578&oe=59DE85F3","username":"orourketraffic","link":"https://www.facebook.com/orourketraffic/photos/a.274608689272990.63216.271273762939816/1370353879698460/?type=3","timeQuantum":4995244,"type":"photo","title":"Timeline Photos"},{"content":"Heads up!   Subway issues in Harlem. #abc7NY","profileString":"facebook_page.271273762939816","postURL":"https://facebook.com/271273762939816/posts/1370366069697241","avatar":"https://graph.facebook.com/271273762939816/picture","classification":{"engine":"aylien","language":"en","taxonomy":[{"score":"0.1912","links":[{"rel":"self","link":"https://api.aylien.com/api/v1/classify/taxonomy/iab-qag/IAB25-1"},{"rel":"parent","link":"https://api.aylien.com/api/v1/classify/taxonomy/iab-qag/IAB25"}],"label":"Unmoderated UGC","id":"IAB25-1","confident":false},{"score":"0.0687","links":[{"rel":"self","link":"https://api.aylien.com/api/v1/classify/taxonomy/iab-qag/IAB9"}],"label":"Hobbies & Interests","id":"IAB9","confident":false},{"score":"0.0606","links":[{"rel":"self","link":"https://api.aylien.com/api/v1/classify/taxonomy/iab-qag/IAB25"}],"label":"Non-Standard Content","id":"IAB25","confident":false},{"score":"0.0533","links":[{"rel":"self","link":"https://api.aylien.com/api/v1/classify/taxonomy/iab-qag/IAB9-28"},{"rel":"parent","link":"https://api.aylien.com/api/v1/classify/taxonomy/iab-qag/IAB9"}],"label":"Screenwriting","id":"IAB9-28","confident":false}]},"postidString":"facebook_page.271273762939816_1370366069697241","postMeta":{"inserted":"content-engine"},"timestamp":1498574334,"sharesRcvd":0,"likesRcvd":40,"source":"facebook_page","lastUpdateQuantum":4995831,"name":"Heather O'Rourke Traffic","imageLarge":"https://scontent.xx.fbcdn.net/v/t15.0-10/s720x720/19616716_10154892006109091_8925186660950343680_n.jpg?oh=e2e4da4e1b19404ac7f22177e106a9b1&oe=59C437BA","repliesRcvd":0,"image":"https://scontent.xx.fbcdn.net/v/t15.0-10/s130x130/19616716_10154892006109091_8925186660950343680_n.jpg?oh=44a2d4acbc70a808d640e8cfe0138d10&oe=59C34248","username":"orourketraffic","link":"https://www.facebook.com/ABC7NY/videos/10154891947474091/","timeQuantum":4995247,"video":"https://scontent.xx.fbcdn.net/v/t42.9040-29/10000000_1955912504627001_3077974650387431424_n.mp4?efg=eyJybHIiOjEwMzMsInJsYSI6NDA5NiwidmVuY29kZV90YWciOiJzZCJ9&rl=1033&vabr=574&oh=7a48cdc8da6e4f870878106bddb2a0c6&oe=59545A08","type":"video","title":"ABC7NY"},{"content":"I 💛 pineapples!  When I was in Hawaii (did I mention I was in Hawaii???  😉) I could not get enough pineapple.  I even fell in love with @PauMauiVodka which is distilled from pineapples, but it doesn't taste like pineapples, so I added some fresh slices.  We made sure to have some delivered to our house!  🍍 Happy #NationalPineappleDay!    http://www.paumaui.com/ #abc7NY","profileString":"facebook_page.271273762939816","postURL":"https://facebook.com/271273762939816/posts/1370284509705397","avatar":"https://graph.facebook.com/271273762939816/picture","classification":{"engine":"aylien","language":"en","taxonomy":[{"score":"0.1955","links":[{"rel":"self","link":"https://api.aylien.com/api/v1/classify/taxonomy/iab-qag/IAB10-9"},{"rel":"parent","link":"https://api.aylien.com/api/v1/classify/taxonomy/iab-qag/IAB10"}],"label":"Remodeling & Construction","id":"IAB10-9","confident":false},{"score":"0.1874","links":[{"rel":"self","link":"https://api.aylien.com/api/v1/classify/taxonomy/iab-qag/IAB25-2"},{"rel":"parent","link":"https://api.aylien.com/api/v1/classify/taxonomy/iab-qag/IAB25"}],"label":"Extreme Graphic/Explicit Violence","id":"IAB25-2","confident":false},{"score":"0.0858","links":[{"rel":"self","link":"https://api.aylien.com/api/v1/classify/taxonomy/iab-qag/IAB8-8"},{"rel":"parent","link":"https://api.aylien.com/api/v1/classify/taxonomy/iab-qag/IAB8"}],"label":"Desserts & Baking","id":"IAB8-8","confident":false},{"score":"0.0669","links":[{"rel":"self","link":"https://api.aylien.com/api/v1/classify/taxonomy/iab-qag/IAB10"}],"label":"Home & Garden","id":"IAB10","confident":false},{"score":"0.0664","links":[{"rel":"self","link":"https://api.aylien.com/api/v1/classify/taxonomy/iab-qag/IAB8"}],"label":"Food & Drink","id":"IAB8","confident":false},{"score":"0.0601","links":[{"rel":"self","link":"https://api.aylien.com/api/v1/classify/taxonomy/iab-qag/IAB9"}],"label":"Hobbies & Interests","id":"IAB9","confident":false},{"score":"0.0591","links":[{"rel":"self","link":"https://api.aylien.com/api/v1/classify/taxonomy/iab-qag/IAB25"}],"label":"Non-Standard Content","id":"IAB25","confident":false},{"score":"0.0490","links":[{"rel":"self","link":"https://api.aylien.com/api/v1/classify/taxonomy/iab-qag/IAB9-28"},{"rel":"parent","link":"https://api.aylien.com/api/v1/classify/taxonomy/iab-qag/IAB9"}],"label":"Screenwriting","id":"IAB9-28","confident":false}]},"postidString":"facebook_page.271273762939816_1370284509705397","postMeta":{"inserted":"content-engine"},"timestamp":1498593600,"sharesRcvd":1,"likesRcvd":160,"source":"facebook_page","lastUpdateQuantum":4995831,"name":"Heather O'Rourke Traffic","imageLarge":"https://scontent.xx.fbcdn.net/v/t15.0-10/p720x720/19582947_1370285646371950_5245433349467537408_n.jpg?oh=d2364579e2c5ac8b0d5bc7e5dbf2d212&oe=59CAB485","objectID":"1370284509705397","repliesRcvd":21,"image":"https://scontent.xx.fbcdn.net/v/t15.0-10/p130x130/19582947_1370285646371950_5245433349467537408_n.jpg?oh=9bd5a33c4933fc5831d7e16e9bb61fb4&oe=59CB54A7","username":"orourketraffic","link":"https://www.facebook.com/orourketraffic/videos/1370284509705397/","timeQuantum":4995312,"video":"https://video.xx.fbcdn.net/v/t42.1790-2/19523635_1930000940591261_7753533274957283328_n.mp4?efg=eyJybHIiOjQ0NiwicmxhIjo1MTIsInZlbmNvZGVfdGFnIjoic3ZlX3NkIn0%3D&rl=446&vabr=248&oh=807d29e29e616b009f31d44c4133e395&oe=5955720C","type":"video"},{"content":"A child is in critical condition as a result of an earlier accident that occurred in Monsey, New York on Monday night.  A car veered off to the shoulder and hit three children and their mother.  #abc7NY","profileString":"facebook_page.271273762939816","postURL":"https://facebook.com/271273762939816/posts/1370250206375494","avatar":"https://graph.facebook.com/271273762939816/picture","classification":{"engine":"aylien","language":"en","taxonomy":[{"score":"0.1469","links":[{"rel":"self","link":"https://api.aylien.com/api/v1/classify/taxonomy/iab-qag/IAB2"}],"label":"Automotive","id":"IAB2","confident":true},{"score":"0.1151","links":[{"rel":"self","link":"https://api.aylien.com/api/v1/classify/taxonomy/iab-qag/IAB2-4"},{"rel":"parent","link":"https://api.aylien.com/api/v1/classify/taxonomy/iab-qag/IAB2"}],"label":"Car Culture","id":"IAB2-4","confident":true}]},"postidString":"facebook_page.271273762939816_1370250206375494","postMeta":{"inserted":"content-engine"},"timestamp":1498600801,"sharesRcvd":0,"likesRcvd":17,"source":"facebook_page","lastUpdateQuantum":4995831,"name":"Heather O'Rourke Traffic","imageLarge":"https://external.xx.fbcdn.net/safe_image.php?d=AQBO_bCRHnkejoiX&url=http%3A%2F%2Fcdn.abclocal.go.com%2Fcontent%2Fwabc%2Fimages%2Fcms%2F2150720_1280x720.jpg&_nc_hash=AQA16P4SKCuKznh0","repliesRcvd":1,"image":"https://external.xx.fbcdn.net/safe_image.php?d=AQC4Moi8KJyXuqKe&w=130&h=130&url=http%3A%2F%2Fcdn.abclocal.go.com%2Fcontent%2Fwabc%2Fimages%2Fcms%2F2150720_1280x720.jpg&cfs=1&_nc_hash=AQDhaBw09Qmtq3js","username":"orourketraffic","link":"http://abc7ny.com/news/mother-3-children-hurt-walking-along-rockland-county-highway/2150731/","timeQuantum":4995336,"type":"link","title":"Mother, 3 children hurt walking along Rockland County highway"},{"content":"A mess on Route 287 is still getting cleaned up.  A dump truck overturned and spill gravel onto the road and crews also have to repair the guardrail.  Expect delays.  Here's how it looked at 6:20 AM when @John DelGiorno was up above in #Newscopter7 #abc7NY","profileString":"facebook_page.271273762939816","postURL":"https://facebook.com/271273762939816/posts/1371270382940143","avatar":"https://graph.facebook.com/271273762939816/picture","classification":{"engine":"aylien","language":"en","taxonomy":[{"score":"0.1971","links":[{"rel":"self","link":"https://api.aylien.com/api/v1/classify/taxonomy/iab-qag/IAB2"}],"label":"Automotive","id":"IAB2","confident":true},{"score":"0.1576","links":[{"rel":"self","link":"https://api.aylien.com/api/v1/classify/taxonomy/iab-qag/IAB2-16"},{"rel":"parent","link":"https://api.aylien.com/api/v1/classify/taxonomy/iab-qag/IAB2"}],"label":"Off-Road Vehicles","id":"IAB2-16","confident":true}]},"postidString":"facebook_page.271273762939816_1371270382940143","postMeta":{"inserted":"content-engine"},"timestamp":1498649600,"sharesRcvd":0,"likesRcvd":32,"source":"facebook_page","lastUpdateQuantum":4995831,"name":"Heather O'Rourke Traffic","imageLarge":"https://scontent.xx.fbcdn.net/v/t15.0-10/s720x720/19618440_1371270849606763_7786403381228077056_n.jpg?oh=7b85ed7b13eaca6b3d3af3661f29d681&oe=59D5F7C5","objectID":"1371270382940143","repliesRcvd":5,"image":"https://scontent.xx.fbcdn.net/v/t15.0-10/s130x130/19618440_1371270849606763_7786403381228077056_n.jpg?oh=1e3510c7b6ba1aba3600662df2d652dc&oe=5A104EE7","username":"orourketraffic","link":"https://www.facebook.com/orourketraffic/videos/1371270382940143/","timeQuantum":4995498,"video":"https://video.xx.fbcdn.net/v/t42.1790-2/19565374_252520971899060_5485853081688080384_n.mp4?efg=eyJybHIiOjU2MywicmxhIjo1MTIsInZlbmNvZGVfdGFnIjoic3ZlX3NkIn0%3D&rl=563&vabr=313&oh=6b3654afeb05aacbf8301ff31a486af6&oe=59559BD6","type":"video"}]