{"scoreEntityString":"591d1494ab33fb0001804f89.asset.536575ffb08f37d80186deaf","timeQuantum":4984422,"scoreEntityType":"asset","scoreProfileID":"591d1494ab33fb0001804f89","data":{"scoreEntityString":"591d1494ab33fb0001804f89.asset.536575ffb08f37d80186deaf","scoreProfileID":"591d1494ab33fb0001804f89","scoreEntityType":"asset","entityID":"asset.536575ffb08f37d80186deaf","object_version":"1.2","score_engine_version":"3.0.19","timestamp":4984422,"start_quantum":4958502,"end_quantum":4984421,"schedule_options":{"interval":15,"offset":"1"},"_15min":{"boundaryQuantum":4984419,"combined":{"entityString":"536575ffb08f37d80186deaf","type":"combined","profiles":1,"postsMade":0,"repliesMade":0,"repliesRcvd":0,"sharesMade":0,"sharesRcvd":0,"mentionsRcvd":0,"likesRcvd":0,"reachRcvd":0,"audience":745,"voice":0,"conversation":0,"engagement":0,"group_scoped":{"audienceScore":0.053236264686420544,"voiceScore":0,"engagementScore":0,"combinedScore":0.053236264686420544,"engagementSEI":0,"engagementSEIadj":0,"voiceSEI":0,"voiceSEIadj":0,"audienceSEI":0.07700417579691571,"audienceSEIadj":0.07700417579691571,"SEI":0.007700417579691571,"SEIadj":0.007700417579691571,"combinedScoreRank":223,"SEIrank":223,"engagementSEIrank":225,"voiceSEIrank":225,"audienceSEIrank":223},"non_scoped":{"SEI":0.0029633012050493063,"SEIrank":225,"SEIadj":0,"audienceSEI":0.02963301205049306,"audienceSEIadj":0,"audienceSEIrank":225,"audienceScore":0.005486654063810007,"combinedScore":0.00027433270319050036,"combinedScoreRank":225,"engagementSEI":0,"engagementSEIadj":0,"engagementSEIrank":225,"engagementScore":0,"voiceSEI":0,"voiceSEIadj":0,"voiceSEIrank":225,"voiceScore":0},"scoped":{"SEI":0.038900753473654535,"SEIrank":202,"SEIadj":0,"audienceSEI":0.3890075347365453,"audienceSEIadj":0,"audienceSEIrank":202,"audienceScore":0.015853239433922316,"combinedScore":0.0022647484905603307,"combinedScoreRank":202,"engagementSEI":0,"engagementSEIadj":0,"engagementSEIrank":202,"engagementScore":0,"voiceSEI":0,"voiceSEIadj":0,"voiceSEIrank":202,"voiceScore":0}},"facebook":{"entityString":"536575ffb08f37d80186deaf","type":"facebook","profiles":0,"postsMade":0,"repliesMade":0,"repliesRcvd":0,"sharesMade":0,"sharesRcvd":0,"mentionsRcvd":0,"likesRcvd":0,"reachRcvd":0,"audience":0,"voice":0,"conversation":0,"engagement":0,"group_scoped":{"audienceScore":0,"voiceScore":0,"engagementScore":0,"combinedScore":0,"engagementSEI":0,"engagementSEIadj":0,"voiceSEI":0,"voiceSEIadj":0,"audienceSEI":0,"audienceSEIadj":0,"SEI":0,"SEIadj":0,"combinedScoreRank":228,"SEIrank":228,"engagementSEIrank":225,"voiceSEIrank":225,"audienceSEIrank":228},"non_scoped":{"SEI":0,"SEIrank":228,"SEIadj":0,"audienceSEI":0,"audienceSEIadj":0,"audienceSEIrank":228,"audienceScore":0,"combinedScore":0,"combinedScoreRank":228,"engagementSEI":0,"engagementSEIadj":0,"engagementSEIrank":225,"engagementScore":0,"voiceSEI":0,"voiceSEIadj":0,"voiceSEIrank":225,"voiceScore":0},"scoped":{"SEI":0,"SEIrank":205,"SEIadj":0,"audienceSEI":0,"audienceSEIadj":0,"audienceSEIrank":205,"audienceScore":0,"combinedScore":0,"combinedScoreRank":205,"engagementSEI":0,"engagementSEIadj":0,"engagementSEIrank":202,"engagementScore":0,"voiceSEI":0,"voiceSEIadj":0,"voiceSEIrank":202,"voiceScore":0}},"twitter":{"entityString":"536575ffb08f37d80186deaf","type":"twitter","profiles":1,"postsMade":0,"repliesMade":0,"repliesRcvd":0,"sharesMade":0,"sharesRcvd":0,"mentionsRcvd":0,"likesRcvd":0,"reachRcvd":0,"audience":745,"voice":0,"conversation":0,"engagement":0,"group_scoped":{"audienceScore":0.21910862493897312,"voiceScore":0,"engagementScore":0,"combinedScore":0.21910862493897312,"engagementSEI":0,"engagementSEIadj":0,"voiceSEI":0,"voiceSEIadj":0,"audienceSEI":0.5903889434811551,"audienceSEIadj":0.5903889434811551,"SEI":0.05903889434811552,"SEIadj":0.05903889434811552,"combinedScoreRank":215,"SEIrank":218,"engagementSEIrank":224,"voiceSEIrank":224,"audienceSEIrank":218},"non_scoped":{"SEI":0.013445905947241514,"SEIrank":218,"SEIadj":0,"audienceSEI":0.13445905947241513,"audienceSEIadj":0,"audienceSEIrank":218,"audienceScore":0.021760503605233503,"combinedScore":0.0010880251802616752,"combinedScoreRank":218,"engagementSEI":0,"engagementSEIadj":0,"engagementSEIrank":224,"engagementScore":0,"voiceSEI":0,"voiceSEIadj":0,"voiceSEIrank":224,"voiceScore":0},"scoped":{"SEI":0.06391393495363022,"SEIrank":197,"SEIadj":0,"audienceSEI":0.6391393495363022,"audienceSEIadj":0,"audienceSEIrank":197,"audienceScore":0.03454562990826164,"combinedScore":0.00493508998689452,"combinedScoreRank":197,"engagementSEI":0,"engagementSEIadj":0,"engagementSEIrank":202,"engagementScore":0,"voiceSEI":0,"voiceSEIadj":0,"voiceSEIrank":202,"voiceScore":0}},"instagram":{"entityString":"536575ffb08f37d80186deaf","type":"instagram","profiles":0,"postsMade":0,"repliesMade":0,"repliesRcvd":0,"sharesMade":0,"sharesRcvd":0,"mentionsRcvd":0,"likesRcvd":0,"reachRcvd":0,"audience":0,"voice":0,"conversation":0,"engagement":0,"group_scoped":{"audienceScore":0,"voiceScore":0,"engagementScore":0,"combinedScore":0,"engagementSEI":0,"engagementSEIadj":0,"voiceSEI":0,"voiceSEIadj":0,"audienceSEI":0,"audienceSEIadj":0,"SEI":0,"SEIadj":0,"combinedScoreRank":225,"SEIrank":225,"engagementSEIrank":224,"voiceSEIrank":224,"audienceSEIrank":225},"non_scoped":{"SEI":0,"SEIrank":225,"SEIadj":0,"audienceSEI":0,"audienceSEIadj":0,"audienceSEIrank":225,"audienceScore":0,"combinedScore":0,"combinedScoreRank":225,"engagementSEI":0,"engagementSEIadj":0,"engagementSEIrank":224,"engagementScore":0,"voiceSEI":0,"voiceSEIadj":0,"voiceSEIrank":224,"voiceScore":0},"scoped":{"SEI":0,"SEIrank":202,"SEIadj":0,"audienceSEI":0,"audienceSEIadj":0,"audienceSEIrank":202,"audienceScore":0,"combinedScore":0,"combinedScoreRank":202,"engagementSEI":0,"engagementSEIadj":0,"engagementSEIrank":202,"engagementScore":0,"voiceSEI":0,"voiceSEIadj":0,"voiceSEIrank":202,"voiceScore":0}}},"hour":{"boundaryQuantum":4984410,"combined":{"entityString":"536575ffb08f37d80186deaf","type":"combined","profiles":1,"postsMade":0,"repliesMade":0,"repliesRcvd":0,"sharesMade":0,"sharesRcvd":0,"mentionsRcvd":0,"likesRcvd":0,"reachRcvd":0,"audience":745,"voice":0,"conversation":0,"engagement":0,"group_scoped":{"audienceScore":0.053236264686420544,"voiceScore":0,"engagementScore":0,"combinedScore":0.053236264686420544,"combinedScoreRank":222,"SEIrank":223,"engagementSEIrank":225,"voiceSEIrank":225,"audienceSEIrank":223,"engagementSEI":0,"engagementSEIadj":0,"voiceSEI":0,"voiceSEIadj":0,"audienceSEI":0.07700417579691571,"audienceSEIadj":0.07700417579691571,"SEI":0.007700417579691571,"SEIadj":0.007700417579691571},"non_scoped":{"SEI":0.0029633012050493063,"SEIrank":225,"SEIadj":0,"audienceSEI":0.02963301205049306,"audienceSEIadj":0,"audienceSEIrank":225,"audienceScore":0.005486654063810007,"combinedScore":0.00027433270319050036,"combinedScoreRank":225,"engagementSEI":0,"engagementSEIadj":0,"engagementSEIrank":225,"engagementScore":0,"voiceSEI":0,"voiceSEIadj":0,"voiceSEIrank":225,"voiceScore":0},"scoped":{"SEI":0.038900753473654535,"SEIrank":202,"SEIadj":0,"audienceSEI":0.3890075347365453,"audienceSEIadj":0,"audienceSEIrank":202,"audienceScore":0.015853239433922316,"combinedScore":0.0007926619716961159,"combinedScoreRank":202,"engagementSEI":0,"engagementSEIadj":0,"engagementSEIrank":202,"engagementScore":0,"voiceSEI":0,"voiceSEIadj":0,"voiceSEIrank":202,"voiceScore":0}},"facebook":{"entityString":"536575ffb08f37d80186deaf","type":"facebook","profiles":0,"postsMade":0,"repliesMade":0,"repliesRcvd":0,"sharesMade":0,"sharesRcvd":0,"mentionsRcvd":0,"likesRcvd":0,"reachRcvd":0,"audience":0,"voice":0,"conversation":0,"engagement":0,"group_scoped":{"audienceScore":0,"voiceScore":0,"engagementScore":0,"combinedScore":0,"combinedScoreRank":228,"SEIrank":228,"engagementSEIrank":225,"voiceSEIrank":225,"audienceSEIrank":228,"engagementSEI":0,"engagementSEIadj":0,"voiceSEI":0,"voiceSEIadj":0,"audienceSEI":0,"audienceSEIadj":0,"SEI":0,"SEIadj":0},"non_scoped":{"SEI":0,"SEIrank":228,"SEIadj":0,"audienceSEI":0,"audienceSEIadj":0,"audienceSEIrank":228,"audienceScore":0,"combinedScore":0,"combinedScoreRank":228,"engagementSEI":0,"engagementSEIadj":0,"engagementSEIrank":225,"engagementScore":0,"voiceSEI":0,"voiceSEIadj":0,"voiceSEIrank":225,"voiceScore":0},"scoped":{"SEI":0,"SEIrank":205,"SEIadj":0,"audienceSEI":0,"audienceSEIadj":0,"audienceSEIrank":205,"audienceScore":0,"combinedScore":0,"combinedScoreRank":205,"engagementSEI":0,"engagementSEIadj":0,"engagementSEIrank":202,"engagementScore":0,"voiceSEI":0,"voiceSEIadj":0,"voiceSEIrank":202,"voiceScore":0}},"twitter":{"entityString":"536575ffb08f37d80186deaf","type":"twitter","profiles":1,"postsMade":0,"repliesMade":0,"repliesRcvd":0,"sharesMade":0,"sharesRcvd":0,"mentionsRcvd":0,"likesRcvd":0,"reachRcvd":0,"audience":745,"voice":0,"conversation":0,"engagement":0,"group_scoped":{"audienceScore":0.21910862493897312,"voiceScore":0,"engagementScore":0,"combinedScore":0.21910862493897312,"combinedScoreRank":215,"SEIrank":218,"engagementSEIrank":225,"voiceSEIrank":225,"audienceSEIrank":218,"engagementSEI":0,"engagementSEIadj":0,"voiceSEI":0,"voiceSEIadj":0,"audienceSEI":0.5903889434811551,"audienceSEIadj":0.5903889434811551,"SEI":0.05903889434811552,"SEIadj":0.05903889434811552},"non_scoped":{"SEI":0.013445905947241514,"SEIrank":218,"SEIadj":0,"audienceSEI":0.13445905947241513,"audienceSEIadj":0,"audienceSEIrank":218,"audienceScore":0.021760503605233503,"combinedScore":0.0010880251802616752,"combinedScoreRank":218,"engagementSEI":0,"engagementSEIadj":0,"engagementSEIrank":225,"engagementScore":0,"voiceSEI":0,"voiceSEIadj":0,"voiceSEIrank":225,"voiceScore":0},"scoped":{"SEI":0.06391393495363022,"SEIrank":197,"SEIadj":0,"audienceSEI":0.6391393495363022,"audienceSEIadj":0,"audienceSEIrank":197,"audienceScore":0.03454562990826164,"combinedScore":0.001727281495413082,"combinedScoreRank":197,"engagementSEI":0,"engagementSEIadj":0,"engagementSEIrank":202,"engagementScore":0,"voiceSEI":0,"voiceSEIadj":0,"voiceSEIrank":202,"voiceScore":0}},"instagram":{"entityString":"536575ffb08f37d80186deaf","type":"instagram","profiles":0,"postsMade":0,"repliesMade":0,"repliesRcvd":0,"sharesMade":0,"sharesRcvd":0,"mentionsRcvd":0,"likesRcvd":0,"reachRcvd":0,"audience":0,"voice":0,"conversation":0,"engagement":0,"group_scoped":{"audienceScore":0,"voiceScore":0,"engagementScore":0,"combinedScore":0,"combinedScoreRank":225,"SEIrank":225,"engagementSEIrank":224,"voiceSEIrank":224,"audienceSEIrank":225,"engagementSEI":0,"engagementSEIadj":0,"voiceSEI":0,"voiceSEIadj":0,"audienceSEI":0,"audienceSEIadj":0,"SEI":0,"SEIadj":0},"non_scoped":{"SEI":0,"SEIrank":225,"SEIadj":0,"audienceSEI":0,"audienceSEIadj":0,"audienceSEIrank":225,"audienceScore":0,"combinedScore":0,"combinedScoreRank":225,"engagementSEI":0,"engagementSEIadj":0,"engagementSEIrank":224,"engagementScore":0,"voiceSEI":0,"voiceSEIadj":0,"voiceSEIrank":224,"voiceScore":0},"scoped":{"SEI":0,"SEIrank":202,"SEIadj":0,"audienceSEI":0,"audienceSEIadj":0,"audienceSEIrank":202,"audienceScore":0,"combinedScore":0,"combinedScoreRank":202,"engagementSEI":0,"engagementSEIadj":0,"engagementSEIrank":202,"engagementScore":0,"voiceSEI":0,"voiceSEIadj":0,"voiceSEIrank":202,"voiceScore":0}}},"today":{"boundaryQuantum":4984134,"combined":{"entityString":"536575ffb08f37d80186deaf","type":"combined","profiles":1,"postsMade":0,"repliesMade":0,"repliesRcvd":0,"sharesMade":0,"sharesRcvd":0,"mentionsRcvd":0,"likesRcvd":0,"reachRcvd":0,"audience":745,"voice":0,"conversation":0,"engagement":0,"group_scoped":{"audienceScore":0.053236264686420544,"voiceScore":0,"engagementScore":0,"combinedScore":0.053236264686420544,"combinedScoreRank":206,"SEIrank":223,"engagementSEIrank":229,"voiceSEIrank":225,"audienceSEIrank":223,"engagementSEI":0,"engagementSEIadj":0,"voiceSEI":0,"voiceSEIadj":0,"audienceSEI":0.07700417579691571,"audienceSEIadj":0.07700417579691571,"SEI":0.007700417579691571,"SEIadj":0.007700417579691571},"non_scoped":{"SEI":0.0029633012050493063,"SEIrank":225,"SEIadj":0,"audienceSEI":0.02963301205049306,"audienceSEIadj":0,"audienceSEIrank":225,"audienceScore":0.005486654063810007,"combinedScore":0.00027433270319050036,"combinedScoreRank":225,"engagementSEI":0,"engagementSEIadj":0,"engagementSEIrank":229,"engagementScore":0,"voiceSEI":0,"voiceSEIadj":0,"voiceSEIrank":225,"voiceScore":0},"scoped":{"SEI":0.038900753473654535,"SEIrank":202,"SEIadj":0,"audienceSEI":0.3890075347365453,"audienceSEIadj":0,"audienceSEIrank":202,"audienceScore":0.015853239433922316,"combinedScore":0.0007926619716961159,"combinedScoreRank":202,"engagementSEI":0,"engagementSEIadj":0,"engagementSEIrank":206,"engagementScore":0,"voiceSEI":0,"voiceSEIadj":0,"voiceSEIrank":202,"voiceScore":0}},"facebook":{"entityString":"536575ffb08f37d80186deaf","type":"facebook","profiles":0,"postsMade":0,"repliesMade":0,"repliesRcvd":0,"sharesMade":0,"sharesRcvd":0,"mentionsRcvd":0,"likesRcvd":0,"reachRcvd":0,"audience":0,"voice":0,"conversation":0,"engagement":0,"group_scoped":{"audienceScore":0,"voiceScore":0,"engagementScore":0,"combinedScore":0,"combinedScoreRank":228,"SEIrank":228,"engagementSEIrank":226,"voiceSEIrank":225,"audienceSEIrank":228,"engagementSEI":0,"engagementSEIadj":0,"voiceSEI":0,"voiceSEIadj":0,"audienceSEI":0,"audienceSEIadj":0,"SEI":0,"SEIadj":0},"non_scoped":{"SEI":0,"SEIrank":228,"SEIadj":0,"audienceSEI":0,"audienceSEIadj":0,"audienceSEIrank":228,"audienceScore":0,"combinedScore":0,"combinedScoreRank":228,"engagementSEI":0,"engagementSEIadj":0,"engagementSEIrank":226,"engagementScore":0,"voiceSEI":0,"voiceSEIadj":0,"voiceSEIrank":225,"voiceScore":0},"scoped":{"SEI":0,"SEIrank":205,"SEIadj":0,"audienceSEI":0,"audienceSEIadj":0,"audienceSEIrank":205,"audienceScore":0,"combinedScore":0,"combinedScoreRank":205,"engagementSEI":0,"engagementSEIadj":0,"engagementSEIrank":203,"engagementScore":0,"voiceSEI":0,"voiceSEIadj":0,"voiceSEIrank":202,"voiceScore":0}},"twitter":{"entityString":"536575ffb08f37d80186deaf","type":"twitter","profiles":1,"postsMade":0,"repliesMade":0,"repliesRcvd":0,"sharesMade":0,"sharesRcvd":0,"mentionsRcvd":0,"likesRcvd":0,"reachRcvd":0,"audience":745,"voice":0,"conversation":0,"engagement":0,"group_scoped":{"audienceScore":0.21910862493897312,"voiceScore":0,"engagementScore":0,"combinedScore":0.21910862493897312,"combinedScoreRank":211,"SEIrank":219,"engagementSEIrank":229,"voiceSEIrank":225,"audienceSEIrank":218,"engagementSEI":0,"engagementSEIadj":0,"voiceSEI":0,"voiceSEIadj":0,"audienceSEI":0.5903889434811551,"audienceSEIadj":0.5903889434811551,"SEI":0.05903889434811552,"SEIadj":0.05903889434811552},"non_scoped":{"SEI":0.013445905947241514,"SEIrank":219,"SEIadj":0,"audienceSEI":0.13445905947241513,"audienceSEIadj":0,"audienceSEIrank":218,"audienceScore":0.021760503605233503,"combinedScore":0.0010880251802616752,"combinedScoreRank":219,"engagementSEI":0,"engagementSEIadj":0,"engagementSEIrank":229,"engagementScore":0,"voiceSEI":0,"voiceSEIadj":0,"voiceSEIrank":225,"voiceScore":0},"scoped":{"SEI":0.06391393495363022,"SEIrank":198,"SEIadj":0,"audienceSEI":0.6391393495363022,"audienceSEIadj":0,"audienceSEIrank":197,"audienceScore":0.03454562990826164,"combinedScore":0.001727281495413082,"combinedScoreRank":198,"engagementSEI":0,"engagementSEIadj":0,"engagementSEIrank":206,"engagementScore":0,"voiceSEI":0,"voiceSEIadj":0,"voiceSEIrank":202,"voiceScore":0}},"instagram":{"entityString":"536575ffb08f37d80186deaf","type":"instagram","profiles":0,"postsMade":0,"repliesMade":0,"repliesRcvd":0,"sharesMade":0,"sharesRcvd":0,"mentionsRcvd":0,"likesRcvd":0,"reachRcvd":0,"audience":0,"voice":0,"conversation":0,"engagement":0,"group_scoped":{"audienceScore":0,"voiceScore":0,"engagementScore":0,"combinedScore":0,"combinedScoreRank":225,"SEIrank":225,"engagementSEIrank":225,"voiceSEIrank":225,"audienceSEIrank":225,"engagementSEI":0,"engagementSEIadj":0,"voiceSEI":0,"voiceSEIadj":0,"audienceSEI":0,"audienceSEIadj":0,"SEI":0,"SEIadj":0},"non_scoped":{"SEI":0,"SEIrank":225,"SEIadj":0,"audienceSEI":0,"audienceSEIadj":0,"audienceSEIrank":225,"audienceScore":0,"combinedScore":0,"combinedScoreRank":225,"engagementSEI":0,"engagementSEIadj":0,"engagementSEIrank":225,"engagementScore":0,"voiceSEI":0,"voiceSEIadj":0,"voiceSEIrank":225,"voiceScore":0},"scoped":{"SEI":0,"SEIrank":202,"SEIadj":0,"audienceSEI":0,"audienceSEIadj":0,"audienceSEIrank":202,"audienceScore":0,"combinedScore":0,"combinedScoreRank":202,"engagementSEI":0,"engagementSEIadj":0,"engagementSEIrank":202,"engagementScore":0,"voiceSEI":0,"voiceSEIadj":0,"voiceSEIrank":202,"voiceScore":0}}},"week":{"boundaryQuantum":4982406,"combined":{"entityString":"536575ffb08f37d80186deaf","type":"combined","profiles":1,"postsMade":0,"repliesMade":0,"repliesRcvd":0,"sharesMade":0,"sharesRcvd":0,"mentionsRcvd":0,"likesRcvd":0,"reachRcvd":0,"audience":745,"voice":0,"conversation":0,"engagement":0,"group_scoped":{"audienceScore":0.053236264686420544,"voiceScore":0,"engagementScore":0,"combinedScore":0.053236264686420544,"combinedScoreRank":186,"SEIrank":225,"engagementSEIrank":231,"voiceSEIrank":231,"audienceSEIrank":223,"engagementSEI":0,"engagementSEIadj":0,"voiceSEI":0,"voiceSEIadj":0,"audienceSEI":0.07700417579691571,"audienceSEIadj":0.07700417579691571,"SEI":0.007700417579691571,"SEIadj":0.007700417579691571},"non_scoped":{"SEI":0.0029633012050493063,"SEIrank":225,"SEIadj":0,"audienceSEI":0.02963301205049306,"audienceSEIadj":0,"audienceSEIrank":225,"audienceScore":0.005486654063810007,"combinedScore":0.00027433270319050036,"combinedScoreRank":225,"engagementSEI":0,"engagementSEIadj":0,"engagementSEIrank":231,"engagementScore":0,"voiceSEI":0,"voiceSEIadj":0,"voiceSEIrank":231,"voiceScore":0},"scoped":{"SEI":0.038900753473654535,"SEIrank":202,"SEIadj":0,"audienceSEI":0.3890075347365453,"audienceSEIadj":0,"audienceSEIrank":202,"audienceScore":0.015853239433922316,"combinedScore":0.0007926619716961159,"combinedScoreRank":202,"engagementSEI":0,"engagementSEIadj":0,"engagementSEIrank":208,"engagementScore":0,"voiceSEI":0,"voiceSEIadj":0,"voiceSEIrank":208,"voiceScore":0}},"facebook":{"entityString":"536575ffb08f37d80186deaf","type":"facebook","profiles":0,"postsMade":0,"repliesMade":0,"repliesRcvd":0,"sharesMade":0,"sharesRcvd":0,"mentionsRcvd":0,"likesRcvd":0,"reachRcvd":0,"audience":0,"voice":0,"conversation":0,"engagement":0,"group_scoped":{"audienceScore":0,"voiceScore":0,"engagementScore":0,"combinedScore":0,"combinedScoreRank":228,"SEIrank":228,"engagementSEIrank":226,"voiceSEIrank":226,"audienceSEIrank":228,"engagementSEI":0,"engagementSEIadj":0,"voiceSEI":0,"voiceSEIadj":0,"audienceSEI":0,"audienceSEIadj":0,"SEI":0,"SEIadj":0},"non_scoped":{"SEI":0,"SEIrank":228,"SEIadj":0,"audienceSEI":0,"audienceSEIadj":0,"audienceSEIrank":228,"audienceScore":0,"combinedScore":0,"combinedScoreRank":228,"engagementSEI":0,"engagementSEIadj":0,"engagementSEIrank":226,"engagementScore":0,"voiceSEI":0,"voiceSEIadj":0,"voiceSEIrank":226,"voiceScore":0},"scoped":{"SEI":0,"SEIrank":205,"SEIadj":0,"audienceSEI":0,"audienceSEIadj":0,"audienceSEIrank":205,"audienceScore":0,"combinedScore":0,"combinedScoreRank":205,"engagementSEI":0,"engagementSEIadj":0,"engagementSEIrank":203,"engagementScore":0,"voiceSEI":0,"voiceSEIadj":0,"voiceSEIrank":203,"voiceScore":0}},"twitter":{"entityString":"536575ffb08f37d80186deaf","type":"twitter","profiles":1,"postsMade":0,"repliesMade":0,"repliesRcvd":0,"sharesMade":0,"sharesRcvd":0,"mentionsRcvd":0,"likesRcvd":0,"reachRcvd":0,"audience":745,"voice":0,"conversation":0,"engagement":0,"group_scoped":{"audienceScore":0.21910862493897312,"voiceScore":0,"engagementScore":0,"combinedScore":0.21910862493897312,"combinedScoreRank":192,"SEIrank":220,"engagementSEIrank":231,"voiceSEIrank":231,"audienceSEIrank":218,"engagementSEI":0,"engagementSEIadj":0,"voiceSEI":0,"voiceSEIadj":0,"audienceSEI":0.5903889434811551,"audienceSEIadj":0.5903889434811551,"SEI":0.05903889434811552,"SEIadj":0.05903889434811552},"non_scoped":{"SEI":0.013445905947241514,"SEIrank":221,"SEIadj":0,"audienceSEI":0.13445905947241513,"audienceSEIadj":0,"audienceSEIrank":218,"audienceScore":0.021760503605233503,"combinedScore":0.0010880251802616752,"combinedScoreRank":221,"engagementSEI":0,"engagementSEIadj":0,"engagementSEIrank":231,"engagementScore":0,"voiceSEI":0,"voiceSEIadj":0,"voiceSEIrank":231,"voiceScore":0},"scoped":{"SEI":0.06391393495363022,"SEIrank":199,"SEIadj":0,"audienceSEI":0.6391393495363022,"audienceSEIadj":0,"audienceSEIrank":197,"audienceScore":0.03454562990826164,"combinedScore":0.001727281495413082,"combinedScoreRank":199,"engagementSEI":0,"engagementSEIadj":0,"engagementSEIrank":208,"engagementScore":0,"voiceSEI":0,"voiceSEIadj":0,"voiceSEIrank":208,"voiceScore":0}},"instagram":{"entityString":"536575ffb08f37d80186deaf","type":"instagram","profiles":0,"postsMade":0,"repliesMade":0,"repliesRcvd":0,"sharesMade":0,"sharesRcvd":0,"mentionsRcvd":0,"likesRcvd":0,"reachRcvd":0,"audience":0,"voice":0,"conversation":0,"engagement":0,"group_scoped":{"audienceScore":0,"voiceScore":0,"engagementScore":0,"combinedScore":0,"combinedScoreRank":225,"SEIrank":225,"engagementSEIrank":225,"voiceSEIrank":225,"audienceSEIrank":225,"engagementSEI":0,"engagementSEIadj":0,"voiceSEI":0,"voiceSEIadj":0,"audienceSEI":0,"audienceSEIadj":0,"SEI":0,"SEIadj":0},"non_scoped":{"SEI":0,"SEIrank":225,"SEIadj":0,"audienceSEI":0,"audienceSEIadj":0,"audienceSEIrank":225,"audienceScore":0,"combinedScore":0,"combinedScoreRank":225,"engagementSEI":0,"engagementSEIadj":0,"engagementSEIrank":225,"engagementScore":0,"voiceSEI":0,"voiceSEIadj":0,"voiceSEIrank":225,"voiceScore":0},"scoped":{"SEI":0,"SEIrank":202,"SEIadj":0,"audienceSEI":0,"audienceSEIadj":0,"audienceSEIrank":202,"audienceScore":0,"combinedScore":0,"combinedScoreRank":202,"engagementSEI":0,"engagementSEIadj":0,"engagementSEIrank":202,"engagementScore":0,"voiceSEI":0,"voiceSEIadj":0,"voiceSEIrank":202,"voiceScore":0}}},"month":{"boundaryQuantum":4975782,"combined":{"entityString":"536575ffb08f37d80186deaf","type":"combined","profiles":1,"postsMade":0,"repliesMade":0,"repliesRcvd":0,"sharesMade":0,"sharesRcvd":0,"mentionsRcvd":0,"likesRcvd":0,"reachRcvd":0,"audience":745,"voice":0,"conversation":0,"engagement":0,"group_scoped":{"audienceScore":0.053236264686420544,"voiceScore":0,"engagementScore":0,"combinedScore":0.053236264686420544,"combinedScoreRank":185,"SEIrank":225,"engagementSEIrank":231,"voiceSEIrank":231,"audienceSEIrank":223,"engagementSEI":0,"engagementSEIadj":0,"voiceSEI":0,"voiceSEIadj":0,"audienceSEI":0.07700417579691571,"audienceSEIadj":0.07700417579691571,"SEI":0.007700417579691571,"SEIadj":0.007700417579691571},"non_scoped":{"SEI":0.0029633012050493063,"SEIrank":225,"SEIadj":0,"audienceSEI":0.02963301205049306,"audienceSEIadj":0,"audienceSEIrank":225,"audienceScore":0.005486654063810007,"combinedScore":0.00027433270319050036,"combinedScoreRank":225,"engagementSEI":0,"engagementSEIadj":0,"engagementSEIrank":231,"engagementScore":0,"voiceSEI":0,"voiceSEIadj":0,"voiceSEIrank":231,"voiceScore":0},"scoped":{"SEI":0.038900753473654535,"SEIrank":202,"SEIadj":0,"audienceSEI":0.3890075347365453,"audienceSEIadj":0,"audienceSEIrank":202,"audienceScore":0.015853239433922316,"combinedScore":0.0007926619716961159,"combinedScoreRank":202,"engagementSEI":0,"engagementSEIadj":0,"engagementSEIrank":208,"engagementScore":0,"voiceSEI":0,"voiceSEIadj":0,"voiceSEIrank":208,"voiceScore":0}},"facebook":{"entityString":"536575ffb08f37d80186deaf","type":"facebook","profiles":0,"postsMade":0,"repliesMade":0,"repliesRcvd":0,"sharesMade":0,"sharesRcvd":0,"mentionsRcvd":0,"likesRcvd":0,"reachRcvd":0,"audience":0,"voice":0,"conversation":0,"engagement":0,"group_scoped":{"audienceScore":0,"voiceScore":0,"engagementScore":0,"combinedScore":0,"combinedScoreRank":228,"SEIrank":228,"engagementSEIrank":226,"voiceSEIrank":226,"audienceSEIrank":228,"engagementSEI":0,"engagementSEIadj":0,"voiceSEI":0,"voiceSEIadj":0,"audienceSEI":0,"audienceSEIadj":0,"SEI":0,"SEIadj":0},"non_scoped":{"SEI":0,"SEIrank":228,"SEIadj":0,"audienceSEI":0,"audienceSEIadj":0,"audienceSEIrank":228,"audienceScore":0,"combinedScore":0,"combinedScoreRank":228,"engagementSEI":0,"engagementSEIadj":0,"engagementSEIrank":226,"engagementScore":0,"voiceSEI":0,"voiceSEIadj":0,"voiceSEIrank":226,"voiceScore":0},"scoped":{"SEI":0,"SEIrank":205,"SEIadj":0,"audienceSEI":0,"audienceSEIadj":0,"audienceSEIrank":205,"audienceScore":0,"combinedScore":0,"combinedScoreRank":205,"engagementSEI":0,"engagementSEIadj":0,"engagementSEIrank":203,"engagementScore":0,"voiceSEI":0,"voiceSEIadj":0,"voiceSEIrank":203,"voiceScore":0}},"twitter":{"entityString":"536575ffb08f37d80186deaf","type":"twitter","profiles":1,"postsMade":0,"repliesMade":0,"repliesRcvd":0,"sharesMade":0,"sharesRcvd":0,"mentionsRcvd":0,"likesRcvd":0,"reachRcvd":0,"audience":745,"voice":0,"conversation":0,"engagement":0,"group_scoped":{"audienceScore":0.21910862493897312,"voiceScore":0,"engagementScore":0,"combinedScore":0.21910862493897312,"combinedScoreRank":185,"SEIrank":220,"engagementSEIrank":231,"voiceSEIrank":231,"audienceSEIrank":218,"engagementSEI":0,"engagementSEIadj":0,"voiceSEI":0,"voiceSEIadj":0,"audienceSEI":0.5903889434811551,"audienceSEIadj":0.5903889434811551,"SEI":0.05903889434811552,"SEIadj":0.05903889434811552},"non_scoped":{"SEI":0.013445905947241514,"SEIrank":221,"SEIadj":0,"audienceSEI":0.13445905947241513,"audienceSEIadj":0,"audienceSEIrank":218,"audienceScore":0.021760503605233503,"combinedScore":0.0010880251802616752,"combinedScoreRank":221,"engagementSEI":0,"engagementSEIadj":0,"engagementSEIrank":231,"engagementScore":0,"voiceSEI":0,"voiceSEIadj":0,"voiceSEIrank":231,"voiceScore":0},"scoped":{"SEI":0.06391393495363022,"SEIrank":199,"SEIadj":0,"audienceSEI":0.6391393495363022,"audienceSEIadj":0,"audienceSEIrank":197,"audienceScore":0.03454562990826164,"combinedScore":0.001727281495413082,"combinedScoreRank":199,"engagementSEI":0,"engagementSEIadj":0,"engagementSEIrank":208,"engagementScore":0,"voiceSEI":0,"voiceSEIadj":0,"voiceSEIrank":208,"voiceScore":0}},"instagram":{"entityString":"536575ffb08f37d80186deaf","type":"instagram","profiles":0,"postsMade":0,"repliesMade":0,"repliesRcvd":0,"sharesMade":0,"sharesRcvd":0,"mentionsRcvd":0,"likesRcvd":0,"reachRcvd":0,"audience":0,"voice":0,"conversation":0,"engagement":0,"group_scoped":{"audienceScore":0,"voiceScore":0,"engagementScore":0,"combinedScore":0,"combinedScoreRank":225,"SEIrank":225,"engagementSEIrank":225,"voiceSEIrank":225,"audienceSEIrank":225,"engagementSEI":0,"engagementSEIadj":0,"voiceSEI":0,"voiceSEIadj":0,"audienceSEI":0,"audienceSEIadj":0,"SEI":0,"SEIadj":0},"non_scoped":{"SEI":0,"SEIrank":225,"SEIadj":0,"audienceSEI":0,"audienceSEIadj":0,"audienceSEIrank":225,"audienceScore":0,"combinedScore":0,"combinedScoreRank":225,"engagementSEI":0,"engagementSEIadj":0,"engagementSEIrank":225,"engagementScore":0,"voiceSEI":0,"voiceSEIadj":0,"voiceSEIrank":225,"voiceScore":0},"scoped":{"SEI":0,"SEIrank":202,"SEIadj":0,"audienceSEI":0,"audienceSEIadj":0,"audienceSEIrank":202,"audienceScore":0,"combinedScore":0,"combinedScoreRank":202,"engagementSEI":0,"engagementSEIadj":0,"engagementSEIrank":202,"engagementScore":0,"voiceSEI":0,"voiceSEIadj":0,"voiceSEIrank":202,"voiceScore":0}}},"quarter":{"boundaryQuantum":4958502,"combined":{"entityString":"536575ffb08f37d80186deaf","type":"combined","profiles":1,"postsMade":0,"repliesMade":0,"repliesRcvd":0,"sharesMade":0,"sharesRcvd":0,"mentionsRcvd":0,"likesRcvd":0,"reachRcvd":0,"audience":745,"voice":0,"conversation":0,"engagement":0,"group_scoped":{"audienceScore":0.053236264686420544,"voiceScore":0,"engagementScore":0,"combinedScore":0.053236264686420544,"combinedScoreRank":185,"SEIrank":225,"engagementSEIrank":231,"voiceSEIrank":231,"audienceSEIrank":223,"engagementSEI":0,"engagementSEIadj":0,"voiceSEI":0,"voiceSEIadj":0,"audienceSEI":0.07700417579691571,"audienceSEIadj":0.07700417579691571,"SEI":0.007700417579691571,"SEIadj":0.007700417579691571},"non_scoped":{"SEI":0.0029633012050493063,"SEIrank":225,"SEIadj":0,"audienceSEI":0.02963301205049306,"audienceSEIadj":0,"audienceSEIrank":225,"audienceScore":0.005486654063810007,"combinedScore":0.00027433270319050036,"combinedScoreRank":225,"engagementSEI":0,"engagementSEIadj":0,"engagementSEIrank":231,"engagementScore":0,"voiceSEI":0,"voiceSEIadj":0,"voiceSEIrank":231,"voiceScore":0},"scoped":{"SEI":0.038900753473654535,"SEIrank":202,"SEIadj":0,"audienceSEI":0.3890075347365453,"audienceSEIadj":0,"audienceSEIrank":202,"audienceScore":0.015853239433922316,"combinedScore":0.0007926619716961159,"combinedScoreRank":202,"engagementSEI":0,"engagementSEIadj":0,"engagementSEIrank":208,"engagementScore":0,"voiceSEI":0,"voiceSEIadj":0,"voiceSEIrank":208,"voiceScore":0}},"facebook":{"entityString":"536575ffb08f37d80186deaf","type":"facebook","profiles":0,"postsMade":0,"repliesMade":0,"repliesRcvd":0,"sharesMade":0,"sharesRcvd":0,"mentionsRcvd":0,"likesRcvd":0,"reachRcvd":0,"audience":0,"voice":0,"conversation":0,"engagement":0,"group_scoped":{"audienceScore":0,"voiceScore":0,"engagementScore":0,"combinedScore":0,"combinedScoreRank":228,"SEIrank":228,"engagementSEIrank":226,"voiceSEIrank":226,"audienceSEIrank":228,"engagementSEI":0,"engagementSEIadj":0,"voiceSEI":0,"voiceSEIadj":0,"audienceSEI":0,"audienceSEIadj":0,"SEI":0,"SEIadj":0},"non_scoped":{"SEI":0,"SEIrank":228,"SEIadj":0,"audienceSEI":0,"audienceSEIadj":0,"audienceSEIrank":228,"audienceScore":0,"combinedScore":0,"combinedScoreRank":228,"engagementSEI":0,"engagementSEIadj":0,"engagementSEIrank":226,"engagementScore":0,"voiceSEI":0,"voiceSEIadj":0,"voiceSEIrank":226,"voiceScore":0},"scoped":{"SEI":0,"SEIrank":205,"SEIadj":0,"audienceSEI":0,"audienceSEIadj":0,"audienceSEIrank":205,"audienceScore":0,"combinedScore":0,"combinedScoreRank":205,"engagementSEI":0,"engagementSEIadj":0,"engagementSEIrank":203,"engagementScore":0,"voiceSEI":0,"voiceSEIadj":0,"voiceSEIrank":203,"voiceScore":0}},"twitter":{"entityString":"536575ffb08f37d80186deaf","type":"twitter","profiles":1,"postsMade":0,"repliesMade":0,"repliesRcvd":0,"sharesMade":0,"sharesRcvd":0,"mentionsRcvd":0,"likesRcvd":0,"reachRcvd":0,"audience":745,"voice":0,"conversation":0,"engagement":0,"group_scoped":{"audienceScore":0.21910862493897312,"voiceScore":0,"engagementScore":0,"combinedScore":0.21910862493897312,"combinedScoreRank":185,"SEIrank":221,"engagementSEIrank":231,"voiceSEIrank":231,"audienceSEIrank":218,"engagementSEI":0,"engagementSEIadj":0,"voiceSEI":0,"voiceSEIadj":0,"audienceSEI":0.5903889434811551,"audienceSEIadj":0.5903889434811551,"SEI":0.05903889434811552,"SEIadj":0.05903889434811552},"non_scoped":{"SEI":0.013445905947241514,"SEIrank":221,"SEIadj":0,"audienceSEI":0.13445905947241513,"audienceSEIadj":0,"audienceSEIrank":218,"audienceScore":0.021760503605233503,"combinedScore":0.0010880251802616752,"combinedScoreRank":221,"engagementSEI":0,"engagementSEIadj":0,"engagementSEIrank":231,"engagementScore":0,"voiceSEI":0,"voiceSEIadj":0,"voiceSEIrank":231,"voiceScore":0},"scoped":{"SEI":0.06391393495363022,"SEIrank":199,"SEIadj":0,"audienceSEI":0.6391393495363022,"audienceSEIadj":0,"audienceSEIrank":197,"audienceScore":0.03454562990826164,"combinedScore":0.001727281495413082,"combinedScoreRank":199,"engagementSEI":0,"engagementSEIadj":0,"engagementSEIrank":208,"engagementScore":0,"voiceSEI":0,"voiceSEIadj":0,"voiceSEIrank":208,"voiceScore":0}},"instagram":{"entityString":"536575ffb08f37d80186deaf","type":"instagram","profiles":0,"postsMade":0,"repliesMade":0,"repliesRcvd":0,"sharesMade":0,"sharesRcvd":0,"mentionsRcvd":0,"likesRcvd":0,"reachRcvd":0,"audience":0,"voice":0,"conversation":0,"engagement":0,"group_scoped":{"audienceScore":0,"voiceScore":0,"engagementScore":0,"combinedScore":0,"combinedScoreRank":225,"SEIrank":225,"engagementSEIrank":225,"voiceSEIrank":225,"audienceSEIrank":225,"engagementSEI":0,"engagementSEIadj":0,"voiceSEI":0,"voiceSEIadj":0,"audienceSEI":0,"audienceSEIadj":0,"SEI":0,"SEIadj":0},"non_scoped":{"SEI":0,"SEIrank":225,"SEIadj":0,"audienceSEI":0,"audienceSEIadj":0,"audienceSEIrank":225,"audienceScore":0,"combinedScore":0,"combinedScoreRank":225,"engagementSEI":0,"engagementSEIadj":0,"engagementSEIrank":225,"engagementScore":0,"voiceSEI":0,"voiceSEIadj":0,"voiceSEIrank":225,"voiceScore":0},"scoped":{"SEI":0,"SEIrank":202,"SEIadj":0,"audienceSEI":0,"audienceSEIadj":0,"audienceSEIrank":202,"audienceScore":0,"combinedScore":0,"combinedScoreRank":202,"engagementSEI":0,"engagementSEIadj":0,"engagementSEIrank":202,"engagementScore":0,"voiceSEI":0,"voiceSEIadj":0,"voiceSEIrank":202,"voiceScore":0}}},"blended":{"combined":{"non_scoped":{"SEI":0.0029633012050493063,"SEIadj":20.00237064096404,"SEIrank":225,"audienceSEI":0.029633012050493058,"audienceSEIadj":20.023706409640393,"audienceSEIrank":225,"engagementSEI":0,"engagementSEIadj":0,"engagementSEIrank":231,"voiceSEI":0,"voiceSEIadj":0,"voiceSEIrank":231},"scoped":{"SEI":0.029564572639977447,"SEIadj":20.023651658111984,"SEIrank":202,"compCharisma":0,"compInfluence":0,"compEva":0.029564572639977447,"audienceSEI":0.3890075347365453,"audienceSEIadj":20.311206027789236,"audienceSEIrank":202,"engagementSEI":0,"engagementSEIadj":0,"engagementSEIrank":208,"voiceSEI":0,"voiceSEIadj":0,"voiceSEIrank":208}},"facebook":{"non_scoped":{"SEI":0,"SEIadj":0,"SEIrank":228,"audienceSEI":0,"audienceSEIadj":0,"audienceSEIrank":228,"engagementSEI":0,"engagementSEIadj":0,"engagementSEIrank":226,"voiceSEI":0,"voiceSEIadj":0,"voiceSEIrank":226},"scoped":{"SEI":0,"SEIadj":0,"SEIrank":205,"audienceSEI":0,"audienceSEIadj":0,"audienceSEIrank":205,"engagementSEI":0,"engagementSEIadj":0,"engagementSEIrank":203,"voiceSEI":0,"voiceSEIadj":0,"voiceSEIrank":203}},"twitter":{"non_scoped":{"SEI":0.013445905947241512,"SEIadj":20.010756724757794,"SEIrank":221,"audienceSEI":0.13445905947241513,"audienceSEIadj":20.107567247577933,"audienceSEIrank":218,"engagementSEI":0,"engagementSEIadj":0,"engagementSEIrank":231,"voiceSEI":0,"voiceSEIadj":0,"voiceSEIrank":231},"scoped":{"SEI":0.06391393495363022,"SEIadj":20.051131147962906,"SEIrank":199,"audienceSEI":0.6391393495363022,"audienceSEIadj":20.511311479629043,"audienceSEIrank":197,"engagementSEI":0,"engagementSEIadj":0,"engagementSEIrank":208,"voiceSEI":0,"voiceSEIadj":0,"voiceSEIrank":208}},"instagram":{"non_scoped":{"SEI":0,"SEIadj":0,"SEIrank":225,"audienceSEI":0,"audienceSEIadj":0,"audienceSEIrank":225,"engagementSEI":0,"engagementSEIadj":0,"engagementSEIrank":225,"voiceSEI":0,"voiceSEIadj":0,"voiceSEIrank":225},"scoped":{"SEI":0,"SEIadj":0,"SEIrank":202,"audienceSEI":0,"audienceSEIadj":0,"audienceSEIrank":202,"engagementSEI":0,"engagementSEIadj":0,"engagementSEIrank":202,"voiceSEI":0,"voiceSEIadj":0,"voiceSEIrank":202}},"influence":{"combined":{"scope":"individual","ratio":0,"calculated":false},"facebook":{"scope":"individual","ratio":0,"calculated":false},"twitter":{"scope":"individual","ratio":0,"calculated":false},"instagram":{"scope":"individual","ratio":0,"calculated":false}},"charisma":{"combined":{"scope":"individual","ratio":0,"calculated":false},"facebook":{"scope":"individual","ratio":0,"calculated":false},"twitter":{"scope":"individual","ratio":0,"calculated":false},"instagram":{"scope":"individual","ratio":0,"calculated":false}}},"scope":"individual"}}