{"scoreEntityString":"591d1494ab33fb0001804f89.asset.536575feb08f37d80186a105","timeQuantum":4984422,"scoreEntityType":"asset","scoreProfileID":"591d1494ab33fb0001804f89","data":{"scoreEntityString":"591d1494ab33fb0001804f89.asset.536575feb08f37d80186a105","scoreProfileID":"591d1494ab33fb0001804f89","scoreEntityType":"asset","entityID":"asset.536575feb08f37d80186a105","object_version":"1.2","score_engine_version":"3.0.19","timestamp":4984422,"start_quantum":4958502,"end_quantum":4984421,"schedule_options":{"interval":15,"offset":"1"},"_15min":{"boundaryQuantum":4984419,"combined":{"entityString":"536575feb08f37d80186a105","type":"combined","profiles":2,"postsMade":0,"repliesMade":0,"repliesRcvd":0,"sharesMade":0,"sharesRcvd":0,"mentionsRcvd":0,"likesRcvd":0,"reachRcvd":0,"audience":55452,"voice":0,"conversation":0,"engagement":0,"group_scoped":{"audienceScore":3.8027992256147862,"voiceScore":0,"engagementScore":0,"combinedScore":3.8027992256147862,"engagementSEI":0,"engagementSEIadj":0,"voiceSEI":0,"voiceSEIadj":0,"audienceSEI":8.696606798948602,"audienceSEIadj":8.696606798948602,"SEI":0.8696606798948603,"SEIadj":0.8696606798948603,"combinedScoreRank":18,"SEIrank":18,"engagementSEIrank":118,"voiceSEIrank":115,"audienceSEIrank":17},"non_scoped":{"SEI":0.22056507170791162,"SEIrank":29,"SEIadj":0,"audienceSEI":2.205650717079116,"audienceSEIadj":0,"audienceSEIrank":29,"audienceScore":0.4083838136193189,"combinedScore":0.020419190680965947,"combinedScoreRank":29,"engagementSEI":0,"engagementSEIadj":0,"engagementSEIrank":118,"engagementScore":0,"voiceSEI":0,"voiceSEIadj":0,"voiceSEIrank":115,"voiceScore":0},"scoped":{"SEI":2.89546923707529,"SEIrank":21,"SEIadj":0,"audienceSEI":28.9546923707529,"audienceSEIadj":0,"audienceSEIrank":21,"audienceScore":1.1799917222682688,"combinedScore":0.1685702460383241,"combinedScoreRank":21,"engagementSEI":0,"engagementSEIadj":0,"engagementSEIrank":101,"engagementScore":0,"voiceSEI":0,"voiceSEIadj":0,"voiceSEIrank":99,"voiceScore":0}},"facebook":{"entityString":"536575feb08f37d80186a105","type":"facebook","profiles":1,"postsMade":0,"repliesMade":0,"repliesRcvd":0,"sharesMade":0,"sharesRcvd":0,"mentionsRcvd":0,"likesRcvd":0,"reachRcvd":0,"audience":39643,"voice":0,"conversation":0,"engagement":0,"group_scoped":{"audienceScore":3.9484155243455574,"voiceScore":0,"engagementScore":0,"combinedScore":3.9484155243455574,"engagementSEI":0,"engagementSEIadj":0,"voiceSEI":0,"voiceSEIadj":0,"audienceSEI":7.456485184084505,"audienceSEIadj":7.456485184084505,"SEI":0.7456485184084505,"SEIadj":0.7456485184084505,"combinedScoreRank":16,"SEIrank":16,"engagementSEIrank":117,"voiceSEIrank":115,"audienceSEIrank":16},"non_scoped":{"SEI":0.21543984661669824,"SEIrank":22,"SEIadj":0,"audienceSEI":2.1543984661669824,"audienceSEIadj":0,"audienceSEIrank":22,"audienceScore":0.4133720536175138,"combinedScore":0.02066860268087569,"combinedScoreRank":22,"engagementSEI":0,"engagementSEIadj":0,"engagementSEIrank":117,"engagementScore":0,"voiceSEI":0,"voiceSEIadj":0,"voiceSEIrank":115,"voiceScore":0},"scoped":{"SEI":2.7838989894733888,"SEIrank":14,"SEIadj":0,"audienceSEI":27.838989894733885,"audienceSEIadj":0,"audienceSEIrank":14,"audienceScore":1.7040953223888027,"combinedScore":0.2434421889126861,"combinedScoreRank":14,"engagementSEI":0,"engagementSEIadj":0,"engagementSEIrank":100,"engagementScore":0,"voiceSEI":0,"voiceSEIadj":0,"voiceSEIrank":99,"voiceScore":0}},"twitter":{"entityString":"536575feb08f37d80186a105","type":"twitter","profiles":1,"postsMade":0,"repliesMade":0,"repliesRcvd":0,"sharesMade":0,"sharesRcvd":0,"mentionsRcvd":0,"likesRcvd":0,"reachRcvd":0,"audience":15809,"voice":0,"conversation":0,"engagement":0,"group_scoped":{"audienceScore":3.9050863199705557,"voiceScore":0,"engagementScore":0,"combinedScore":3.9050863199705557,"engagementSEI":0,"engagementSEIadj":0,"voiceSEI":0,"voiceSEIadj":0,"audienceSEI":13.56262278767705,"audienceSEIadj":13.56262278767705,"SEI":1.356262278767705,"SEIadj":1.356262278767705,"combinedScoreRank":35,"SEIrank":32,"engagementSEIrank":116,"voiceSEIrank":114,"audienceSEIrank":31},"non_scoped":{"SEI":0.28532392902005516,"SEIrank":40,"SEIadj":0,"audienceSEI":2.8532392902005514,"audienceSEIadj":0,"audienceSEIrank":40,"audienceScore":0.46176080737602204,"combinedScore":0.023088040368801105,"combinedScoreRank":40,"engagementSEI":0,"engagementSEIadj":0,"engagementSEIrank":116,"engagementScore":0,"voiceSEI":0,"voiceSEIadj":0,"voiceSEIrank":114,"voiceScore":0},"scoped":{"SEI":1.356262278767705,"SEIrank":30,"SEIadj":0,"audienceSEI":13.56262278767705,"audienceSEIadj":0,"audienceSEIrank":30,"audienceScore":0.7330629036506152,"combinedScore":0.10472327195008788,"combinedScoreRank":30,"engagementSEI":0,"engagementSEIadj":0,"engagementSEIrank":100,"engagementScore":0,"voiceSEI":0,"voiceSEIadj":0,"voiceSEIrank":99,"voiceScore":0}},"instagram":{"entityString":"536575feb08f37d80186a105","type":"instagram","profiles":0,"postsMade":0,"repliesMade":0,"repliesRcvd":0,"sharesMade":0,"sharesRcvd":0,"mentionsRcvd":0,"likesRcvd":0,"reachRcvd":0,"audience":0,"voice":0,"conversation":0,"engagement":0,"group_scoped":{"audienceScore":0,"voiceScore":0,"engagementScore":0,"combinedScore":0,"engagementSEI":0,"engagementSEIadj":0,"voiceSEI":0,"voiceSEIadj":0,"audienceSEI":0,"audienceSEIadj":0,"SEI":0,"SEIadj":0,"combinedScoreRank":134,"SEIrank":116,"engagementSEIrank":115,"voiceSEIrank":114,"audienceSEIrank":116},"non_scoped":{"SEI":0,"SEIrank":116,"SEIadj":0,"audienceSEI":0,"audienceSEIadj":0,"audienceSEIrank":116,"audienceScore":0,"combinedScore":0,"combinedScoreRank":116,"engagementSEI":0,"engagementSEIadj":0,"engagementSEIrank":115,"engagementScore":0,"voiceSEI":0,"voiceSEIadj":0,"voiceSEIrank":114,"voiceScore":0},"scoped":{"SEI":0,"SEIrank":99,"SEIadj":0,"audienceSEI":0,"audienceSEIadj":0,"audienceSEIrank":99,"audienceScore":0,"combinedScore":0,"combinedScoreRank":99,"engagementSEI":0,"engagementSEIadj":0,"engagementSEIrank":99,"engagementScore":0,"voiceSEI":0,"voiceSEIadj":0,"voiceSEIrank":99,"voiceScore":0}}},"hour":{"boundaryQuantum":4984410,"combined":{"entityString":"536575feb08f37d80186a105","type":"combined","profiles":2,"postsMade":0,"repliesMade":0,"repliesRcvd":0,"sharesMade":0,"sharesRcvd":0,"mentionsRcvd":0,"likesRcvd":0,"reachRcvd":0,"audience":55452,"voice":0,"conversation":0,"engagement":0,"group_scoped":{"audienceScore":3.8027992256147862,"voiceScore":0,"engagementScore":0,"combinedScore":3.8027992256147862,"combinedScoreRank":20,"SEIrank":32,"engagementSEIrank":141,"voiceSEIrank":118,"audienceSEIrank":17,"engagementSEI":0,"engagementSEIadj":0,"voiceSEI":0,"voiceSEIadj":0,"audienceSEI":8.696606798948602,"audienceSEIadj":8.696606798948602,"SEI":0.8696606798948603,"SEIadj":0.8696606798948603},"non_scoped":{"SEI":0.22056507170791162,"SEIrank":40,"SEIadj":0,"audienceSEI":2.205650717079116,"audienceSEIadj":0,"audienceSEIrank":29,"audienceScore":0.4083838136193189,"combinedScore":0.020419190680965947,"combinedScoreRank":54,"engagementSEI":0,"engagementSEIadj":0,"engagementSEIrank":141,"engagementScore":0,"voiceSEI":0,"voiceSEIadj":0,"voiceSEIrank":118,"voiceScore":0},"scoped":{"SEI":2.89546923707529,"SEIrank":29,"SEIadj":0,"audienceSEI":28.9546923707529,"audienceSEIadj":0,"audienceSEIrank":21,"audienceScore":1.1799917222682688,"combinedScore":0.05899958611341344,"combinedScoreRank":55,"engagementSEI":0,"engagementSEIadj":0,"engagementSEIrank":122,"engagementScore":0,"voiceSEI":0,"voiceSEIadj":0,"voiceSEIrank":101,"voiceScore":0}},"facebook":{"entityString":"536575feb08f37d80186a105","type":"facebook","profiles":1,"postsMade":0,"repliesMade":0,"repliesRcvd":0,"sharesMade":0,"sharesRcvd":0,"mentionsRcvd":0,"likesRcvd":0,"reachRcvd":0,"audience":39643,"voice":0,"conversation":0,"engagement":0,"group_scoped":{"audienceScore":3.9484155243455574,"voiceScore":0,"engagementScore":0,"combinedScore":3.9484155243455574,"combinedScoreRank":19,"SEIrank":24,"engagementSEIrank":136,"voiceSEIrank":116,"audienceSEIrank":16,"engagementSEI":0,"engagementSEIadj":0,"voiceSEI":0,"voiceSEIadj":0,"audienceSEI":7.456485184084505,"audienceSEIadj":7.456485184084505,"SEI":0.7456485184084505,"SEIadj":0.7456485184084505},"non_scoped":{"SEI":0.21543984661669824,"SEIrank":29,"SEIadj":0,"audienceSEI":2.1543984661669824,"audienceSEIadj":0,"audienceSEIrank":22,"audienceScore":0.4133720536175138,"combinedScore":0.02066860268087569,"combinedScoreRank":43,"engagementSEI":0,"engagementSEIadj":0,"engagementSEIrank":136,"engagementScore":0,"voiceSEI":0,"voiceSEIadj":0,"voiceSEIrank":116,"voiceScore":0},"scoped":{"SEI":2.7838989894733888,"SEIrank":32,"SEIadj":0,"audienceSEI":27.838989894733885,"audienceSEIadj":0,"audienceSEIrank":14,"audienceScore":1.7040953223888027,"combinedScore":0.08520476611944014,"combinedScoreRank":40,"engagementSEI":0,"engagementSEIadj":0,"engagementSEIrank":117,"engagementScore":0,"voiceSEI":0,"voiceSEIadj":0,"voiceSEIrank":99,"voiceScore":0}},"twitter":{"entityString":"536575feb08f37d80186a105","type":"twitter","profiles":1,"postsMade":0,"repliesMade":0,"repliesRcvd":0,"sharesMade":0,"sharesRcvd":0,"mentionsRcvd":0,"likesRcvd":0,"reachRcvd":0,"audience":15809,"voice":0,"conversation":0,"engagement":0,"group_scoped":{"audienceScore":3.9050863199705557,"voiceScore":0,"engagementScore":0,"combinedScore":3.9050863199705557,"combinedScoreRank":49,"SEIrank":51,"engagementSEIrank":129,"voiceSEIrank":118,"audienceSEIrank":31,"engagementSEI":0,"engagementSEIadj":0,"voiceSEI":0,"voiceSEIadj":0,"audienceSEI":13.56262278767705,"audienceSEIadj":13.56262278767705,"SEI":1.356262278767705,"SEIadj":1.356262278767705},"non_scoped":{"SEI":0.28532392902005516,"SEIrank":58,"SEIadj":0,"audienceSEI":2.8532392902005514,"audienceSEIadj":0,"audienceSEIrank":40,"audienceScore":0.46176080737602204,"combinedScore":0.023088040368801105,"combinedScoreRank":58,"engagementSEI":0,"engagementSEIadj":0,"engagementSEIrank":129,"engagementScore":0,"voiceSEI":0,"voiceSEIadj":0,"voiceSEIrank":118,"voiceScore":0},"scoped":{"SEI":1.356262278767705,"SEIrank":48,"SEIadj":0,"audienceSEI":13.56262278767705,"audienceSEIadj":0,"audienceSEIrank":30,"audienceScore":0.7330629036506152,"combinedScore":0.03665314518253076,"combinedScoreRank":48,"engagementSEI":0,"engagementSEIadj":0,"engagementSEIrank":112,"engagementScore":0,"voiceSEI":0,"voiceSEIadj":0,"voiceSEIrank":101,"voiceScore":0}},"instagram":{"entityString":"536575feb08f37d80186a105","type":"instagram","profiles":0,"postsMade":0,"repliesMade":0,"repliesRcvd":0,"sharesMade":0,"sharesRcvd":0,"mentionsRcvd":0,"likesRcvd":0,"reachRcvd":0,"audience":0,"voice":0,"conversation":0,"engagement":0,"group_scoped":{"audienceScore":0,"voiceScore":0,"engagementScore":0,"combinedScore":0,"combinedScoreRank":134,"SEIrank":116,"engagementSEIrank":115,"voiceSEIrank":114,"audienceSEIrank":116,"engagementSEI":0,"engagementSEIadj":0,"voiceSEI":0,"voiceSEIadj":0,"audienceSEI":0,"audienceSEIadj":0,"SEI":0,"SEIadj":0},"non_scoped":{"SEI":0,"SEIrank":116,"SEIadj":0,"audienceSEI":0,"audienceSEIadj":0,"audienceSEIrank":116,"audienceScore":0,"combinedScore":0,"combinedScoreRank":116,"engagementSEI":0,"engagementSEIadj":0,"engagementSEIrank":115,"engagementScore":0,"voiceSEI":0,"voiceSEIadj":0,"voiceSEIrank":114,"voiceScore":0},"scoped":{"SEI":0,"SEIrank":99,"SEIadj":0,"audienceSEI":0,"audienceSEIadj":0,"audienceSEIrank":99,"audienceScore":0,"combinedScore":0,"combinedScoreRank":99,"engagementSEI":0,"engagementSEIadj":0,"engagementSEIrank":99,"engagementScore":0,"voiceSEI":0,"voiceSEIadj":0,"voiceSEIrank":99,"voiceScore":0}}},"today":{"boundaryQuantum":4984134,"combined":{"entityString":"536575feb08f37d80186a105","type":"combined","profiles":2,"postsMade":1,"repliesMade":0,"repliesRcvd":0,"sharesMade":0,"sharesRcvd":1,"mentionsRcvd":0,"likesRcvd":6,"reachRcvd":0,"audience":55452,"voice":1,"conversation":1,"engagement":7,"group_scoped":{"audienceScore":3.8027992256147862,"voiceScore":0.8333333333333334,"engagementScore":0.04035512510088781,"combinedScore":0.268126240538205,"combinedScoreRank":112,"SEIrank":62,"engagementSEIrank":103,"voiceSEIrank":75,"audienceSEIrank":17,"engagementSEI":0.044685604851579956,"engagementSEIadj":0.044685604851579956,"voiceSEI":1.7857142857142856,"voiceSEIadj":1.7857142857142856,"audienceSEI":8.696606798948602,"audienceSEIadj":8.696606798948602,"SEI":1.432186328520094,"SEIadj":1.432186328520094},"non_scoped":{"SEI":0.5523860160956148,"SEIrank":75,"SEIadj":0,"audienceSEI":2.205650717079116,"audienceSEIadj":0,"audienceSEIrank":29,"audienceScore":0.4083838136193189,"combinedScore":0.028250184538728386,"combinedScoreRank":68,"engagementSEI":0.003584357862288971,"engagementSEIadj":0,"engagementSEIrank":113,"engagementScore":0.0018677026190527012,"voiceSEI":1.098901098901099,"voiceSEIadj":0,"voiceSEIrank":84,"voiceScore":0.12300123001230012},"scoped":{"SEI":3.953572714440707,"SEIrank":52,"SEIadj":0,"audienceSEI":28.9546923707529,"audienceSEIadj":0,"audienceSEIrank":21,"audienceScore":1.1799917222682688,"combinedScore":0.08889573376588918,"combinedScoreRank":77,"engagementSEI":0.039367864574545865,"engagementSEIadj":0,"engagementSEIrank":102,"engagementScore":0.018712574850299403,"voiceSEI":3.4482758620689653,"voiceSEIadj":0,"voiceSEIrank":74,"voiceScore":0.26109660574412535}},"facebook":{"entityString":"536575feb08f37d80186a105","type":"facebook","profiles":1,"postsMade":0,"repliesMade":0,"repliesRcvd":0,"sharesMade":0,"sharesRcvd":0,"mentionsRcvd":0,"likesRcvd":0,"reachRcvd":0,"audience":39643,"voice":0,"conversation":0,"engagement":0,"group_scoped":{"audienceScore":3.9484155243455574,"voiceScore":0,"engagementScore":0,"combinedScore":3.9484155243455574,"combinedScoreRank":14,"SEIrank":60,"engagementSEIrank":176,"voiceSEIrank":143,"audienceSEIrank":16,"engagementSEI":0,"engagementSEIadj":0,"voiceSEI":0,"voiceSEIadj":0,"audienceSEI":7.456485184084505,"audienceSEIadj":7.456485184084505,"SEI":0.7456485184084505,"SEIadj":0.7456485184084505},"non_scoped":{"SEI":0.21543984661669824,"SEIrank":64,"SEIadj":0,"audienceSEI":2.1543984661669824,"audienceSEIadj":0,"audienceSEIrank":22,"audienceScore":0.4133720536175138,"combinedScore":0.02066860268087569,"combinedScoreRank":66,"engagementSEI":0,"engagementSEIadj":0,"engagementSEIrank":176,"engagementScore":0,"voiceSEI":0,"voiceSEIadj":0,"voiceSEIrank":143,"voiceScore":0},"scoped":{"SEI":2.7838989894733888,"SEIrank":56,"SEIadj":0,"audienceSEI":27.838989894733885,"audienceSEIadj":0,"audienceSEIrank":14,"audienceScore":1.7040953223888027,"combinedScore":0.08520476611944014,"combinedScoreRank":75,"engagementSEI":0,"engagementSEIadj":0,"engagementSEIrank":156,"engagementScore":0,"voiceSEI":0,"voiceSEIadj":0,"voiceSEIrank":125,"voiceScore":0}},"twitter":{"entityString":"536575feb08f37d80186a105","type":"twitter","profiles":1,"postsMade":1,"repliesMade":0,"repliesRcvd":0,"sharesMade":0,"sharesRcvd":1,"mentionsRcvd":0,"likesRcvd":6,"reachRcvd":0,"audience":15809,"voice":1,"conversation":1,"engagement":7,"group_scoped":{"audienceScore":3.9050863199705557,"voiceScore":1.25,"engagementScore":1.2939001848428837,"combinedScore":1.422264482357123,"combinedScoreRank":101,"SEIrank":66,"engagementSEIrank":67,"voiceSEIrank":80,"audienceSEIrank":31,"engagementSEI":4.166666666666666,"engagementSEIadj":4.166666666666666,"voiceSEI":2.941176470588235,"voiceSEIadj":2.941176470588235,"audienceSEI":13.56262278767705,"audienceSEIadj":13.56262278767705,"SEI":4.738615219944175,"SEIadj":4.738615219944175},"non_scoped":{"SEI":1.1751410790831067,"SEIrank":71,"SEIadj":0,"audienceSEI":2.8532392902005514,"audienceSEIadj":0,"audienceSEIrank":40,"audienceScore":0.46176080737602204,"combinedScore":0.13280314008390082,"combinedScoreRank":73,"engagementSEI":0.4413619167717529,"engagementSEIadj":0,"engagementSEIrank":75,"engagementScore":0.11079455523899967,"voiceSEI":2.083333333333333,"voiceSEIadj":0,"voiceSEIrank":73,"voiceScore":0.2},"scoped":{"SEI":3.2907775775952715,"SEIrank":56,"SEIadj":0,"audienceSEI":13.56262278767705,"audienceSEIadj":0,"audienceSEIrank":30,"audienceScore":0.7330629036506152,"combinedScore":0.22901982645598895,"combinedScoreRank":62,"engagementSEI":1.3011152416356877,"engagementSEIadj":0,"engagementSEIrank":65,"engagementScore":0.19471488178025034,"voiceSEI":3.8461538461538463,"voiceSEIadj":0,"voiceSEIrank":63,"voiceScore":0.3424657534246575}},"instagram":{"entityString":"536575feb08f37d80186a105","type":"instagram","profiles":0,"postsMade":0,"repliesMade":0,"repliesRcvd":0,"sharesMade":0,"sharesRcvd":0,"mentionsRcvd":0,"likesRcvd":0,"reachRcvd":0,"audience":0,"voice":0,"conversation":0,"engagement":0,"group_scoped":{"audienceScore":0,"voiceScore":0,"engagementScore":0,"combinedScore":0,"combinedScoreRank":134,"SEIrank":116,"engagementSEIrank":116,"voiceSEIrank":116,"audienceSEIrank":116,"engagementSEI":0,"engagementSEIadj":0,"voiceSEI":0,"voiceSEIadj":0,"audienceSEI":0,"audienceSEIadj":0,"SEI":0,"SEIadj":0},"non_scoped":{"SEI":0,"SEIrank":116,"SEIadj":0,"audienceSEI":0,"audienceSEIadj":0,"audienceSEIrank":116,"audienceScore":0,"combinedScore":0,"combinedScoreRank":116,"engagementSEI":0,"engagementSEIadj":0,"engagementSEIrank":116,"engagementScore":0,"voiceSEI":0,"voiceSEIadj":0,"voiceSEIrank":116,"voiceScore":0},"scoped":{"SEI":0,"SEIrank":99,"SEIadj":0,"audienceSEI":0,"audienceSEIadj":0,"audienceSEIrank":99,"audienceScore":0,"combinedScore":0,"combinedScoreRank":99,"engagementSEI":0,"engagementSEIadj":0,"engagementSEIrank":99,"engagementScore":0,"voiceSEI":0,"voiceSEIadj":0,"voiceSEIrank":99,"voiceScore":0}}},"week":{"boundaryQuantum":4982406,"combined":{"entityString":"536575feb08f37d80186a105","type":"combined","profiles":2,"postsMade":3,"repliesMade":0,"repliesRcvd":279,"sharesMade":0,"sharesRcvd":13,"mentionsRcvd":0,"likesRcvd":1288,"reachRcvd":0,"audience":55452,"voice":3,"conversation":282,"engagement":1580,"group_scoped":{"audienceScore":3.8027992256147862,"voiceScore":0.21978021978021978,"engagementScore":0.7601379794762745,"combinedScore":0.8852531537983974,"combinedScoreRank":36,"SEIrank":75,"engagementSEIrank":34,"voiceSEIrank":167,"audienceSEIrank":17,"engagementSEI":0.8515913439512761,"engagementSEIadj":0.8515913439512761,"voiceSEI":0.5208333333333333,"voiceSEIadj":0.5208333333333333,"audienceSEI":8.696606798948602,"audienceSEIadj":8.696606798948602,"SEI":1.536865486265626,"SEIadj":1.536865486265626},"non_scoped":{"SEI":0.4222199652539082,"SEIrank":127,"SEIadj":0,"audienceSEI":2.205650717079116,"audienceSEIadj":0,"audienceSEIrank":29,"audienceScore":0.4083838136193189,"combinedScore":0.08135906858025506,"combinedScoreRank":43,"engagementSEI":0.1616728845921648,"engagementSEIadj":0,"engagementSEIrank":40,"engagementScore":0.06589563216224005,"voiceSEI":0.3488372093023256,"voiceSEIadj":0,"voiceSEIrank":173,"voiceScore":0.03267617906546128},"scoped":{"SEI":6.453623320521202,"SEIrank":56,"SEIadj":0,"audienceSEI":28.9546923707529,"audienceSEIadj":0,"audienceSEIrank":21,"audienceScore":1.1799917222682688,"combinedScore":0.7530969414392134,"combinedScoreRank":33,"engagementSEI":5.254581130067511,"engagementSEIadj":0,"engagementSEIrank":31,"engagementScore":0.7674149772204035,"voiceSEI":1.3513513513513513,"voiceSEIadj":0,"voiceSEIrank":160,"voiceScore":0.06847751654873316}},"facebook":{"entityString":"536575feb08f37d80186a105","type":"facebook","profiles":1,"postsMade":1,"repliesMade":0,"repliesRcvd":279,"sharesMade":0,"sharesRcvd":11,"mentionsRcvd":0,"likesRcvd":1250,"reachRcvd":0,"audience":39643,"voice":1,"conversation":280,"engagement":1540,"group_scoped":{"audienceScore":3.9484155243455574,"voiceScore":0.2188183807439825,"engagementScore":0.7731234186111893,"combinedScore":0.9041727720045474,"combinedScoreRank":36,"SEIrank":56,"engagementSEIrank":33,"voiceSEIrank":116,"audienceSEIrank":16,"engagementSEI":0.8568980291345331,"engagementSEIadj":0.8568980291345331,"voiceSEI":0.425531914893617,"voiceSEIadj":0.425531914893617,"audienceSEI":7.456485184084505,"audienceSEIadj":7.456485184084505,"SEI":1.3874469103572553,"SEIadj":1.3874469103572553},"non_scoped":{"SEI":0.3912231669364635,"SEIrank":92,"SEIadj":0,"audienceSEI":2.1543984661669824,"audienceSEIadj":0,"audienceSEIrank":22,"audienceScore":0.4133720536175138,"combinedScore":0.08590765665096058,"combinedScoreRank":39,"engagementSEI":0.1657457374286163,"engagementSEIadj":0,"engagementSEIrank":35,"engagementScore":0.07077157096803101,"voiceSEI":0.2544529262086514,"voiceSEIadj":0,"voiceSEIrank":121,"voiceScore":0.030892801977139325},"scoped":{"SEI":10.151424049964229,"SEIrank":36,"SEIadj":0,"audienceSEI":27.838989894733885,"audienceSEIadj":0,"audienceSEIrank":14,"audienceScore":1.7040953223888027,"combinedScore":1.1160554891139667,"combinedScoreRank":27,"engagementSEI":11.711026615969581,"engagementSEIadj":0,"engagementSEIrank":26,"engagementScore":1.1406815942877035,"voiceSEI":1.1363636363636365,"voiceSEIadj":0,"voiceSEIrank":110,"voiceScore":0.0847457627118644}},"twitter":{"entityString":"536575feb08f37d80186a105","type":"twitter","profiles":1,"postsMade":2,"repliesMade":0,"repliesRcvd":0,"sharesMade":0,"sharesRcvd":2,"mentionsRcvd":0,"likesRcvd":38,"reachRcvd":0,"audience":15809,"voice":2,"conversation":2,"engagement":40,"group_scoped":{"audienceScore":3.9050863199705557,"voiceScore":0.2229654403567447,"engagementScore":0.8257638315441783,"combinedScore":0.9495900364061255,"combinedScoreRank":107,"SEIrank":93,"engagementSEIrank":91,"voiceSEIrank":168,"audienceSEIrank":31,"engagementSEI":2.004008016032064,"engagementSEIadj":2.004008016032064,"voiceSEI":0.6060606060606061,"voiceSEIadj":0.6060606060606061,"audienceSEI":13.56262278767705,"audienceSEIadj":13.56262278767705,"SEI":2.7404852702051254,"SEIadj":2.7404852702051254},"non_scoped":{"SEI":0.5633641052403473,"SEIrank":137,"SEIadj":0,"audienceSEI":2.8532392902005514,"audienceSEIadj":0,"audienceSEIrank":40,"audienceScore":0.46176080737602204,"combinedScore":0.08353056186022252,"combinedScoreRank":116,"engagementSEI":0.25636095622636673,"engagementSEIadj":0,"engagementSEIrank":115,"engagementScore":0.06522093592043046,"voiceSEI":0.4140786749482402,"voiceSEIadj":0,"voiceSEIrank":170,"voiceScore":0.03487358326068004},"scoped":{"SEI":2.6412667954795386,"SEIrank":117,"SEIadj":0,"audienceSEI":13.56262278767705,"audienceSEIadj":0,"audienceSEIrank":30,"audienceScore":0.7330629036506152,"combinedScore":0.1633856517408961,"combinedScoreRank":105,"engagementSEI":1.524390243902439,"engagementSEIadj":0,"engagementSEIrank":104,"engagementScore":0.13727307045540343,"voiceSEI":1.2345679012345678,"voiceSEIadj":0,"voiceSEIrank":156,"voiceScore":0.06373486297004462}},"instagram":{"entityString":"536575feb08f37d80186a105","type":"instagram","profiles":0,"postsMade":0,"repliesMade":0,"repliesRcvd":0,"sharesMade":0,"sharesRcvd":0,"mentionsRcvd":0,"likesRcvd":0,"reachRcvd":0,"audience":0,"voice":0,"conversation":0,"engagement":0,"group_scoped":{"audienceScore":0,"voiceScore":0,"engagementScore":0,"combinedScore":0,"combinedScoreRank":134,"SEIrank":116,"engagementSEIrank":116,"voiceSEIrank":116,"audienceSEIrank":116,"engagementSEI":0,"engagementSEIadj":0,"voiceSEI":0,"voiceSEIadj":0,"audienceSEI":0,"audienceSEIadj":0,"SEI":0,"SEIadj":0},"non_scoped":{"SEI":0,"SEIrank":116,"SEIadj":0,"audienceSEI":0,"audienceSEIadj":0,"audienceSEIrank":116,"audienceScore":0,"combinedScore":0,"combinedScoreRank":116,"engagementSEI":0,"engagementSEIadj":0,"engagementSEIrank":116,"engagementScore":0,"voiceSEI":0,"voiceSEIadj":0,"voiceSEIrank":116,"voiceScore":0},"scoped":{"SEI":0,"SEIrank":99,"SEIadj":0,"audienceSEI":0,"audienceSEIadj":0,"audienceSEIrank":99,"audienceScore":0,"combinedScore":0,"combinedScoreRank":99,"engagementSEI":0,"engagementSEIadj":0,"engagementSEIrank":99,"engagementScore":0,"voiceSEI":0,"voiceSEIadj":0,"voiceSEIrank":99,"voiceScore":0}}},"month":{"boundaryQuantum":4975782,"combined":{"entityString":"536575feb08f37d80186a105","type":"combined","profiles":2,"postsMade":14,"repliesMade":0,"repliesRcvd":593,"sharesMade":0,"sharesRcvd":36,"mentionsRcvd":0,"likesRcvd":2746,"reachRcvd":0,"audience":55452,"voice":14,"conversation":607,"engagement":3375,"group_scoped":{"audienceScore":3.8027992256147862,"voiceScore":0.2500893176134334,"engagementScore":0.38348220017657225,"combinedScore":0.547778407320326,"combinedScoreRank":54,"SEIrank":81,"engagementSEIrank":52,"voiceSEIrank":171,"audienceSEIrank":17,"engagementSEI":0.43346420741551306,"engagementSEIadj":0.43346420741551306,"voiceSEI":0.6047516198704104,"voiceSEIadj":0.6047516198704104,"audienceSEI":8.696606798948602,"audienceSEIadj":8.696606798948602,"SEI":1.3111646903052911,"SEIadj":1.3111646903052911},"non_scoped":{"SEI":0.3924991500247855,"SEIrank":134,"SEIadj":0,"audienceSEI":2.205650717079116,"audienceSEIadj":0,"audienceSEIrank":29,"audienceScore":0.4083838136193189,"combinedScore":0.05528526670901081,"combinedScoreRank":64,"engagementSEI":0.09313319951587294,"engagementSEIadj":0,"engagementSEIrank":58,"engagementScore":0.036680564343796115,"voiceSEI":0.3868471953578337,"voiceSEIadj":0,"voiceSEIrank":175,"voiceScore":0.03707136237256719},"scoped":{"SEI":5.210805337775506,"SEIrank":72,"SEIadj":0,"audienceSEI":28.9546923707529,"audienceSEIadj":0,"audienceSEIrank":21,"audienceScore":1.1799917222682688,"combinedScore":0.3830694944853471,"combinedScoreRank":49,"engagementSEI":3.1220513959038687,"engagementSEIadj":0,"engagementSEIrank":49,"engagementScore":0.3557349748086936,"voiceSEI":1.4736842105263157,"voiceSEIadj":0,"voiceSEIrank":164,"voiceScore":0.07816862088218872}},"facebook":{"entityString":"536575feb08f37d80186a105","type":"facebook","profiles":1,"postsMade":2,"repliesMade":0,"repliesRcvd":593,"sharesMade":0,"sharesRcvd":18,"mentionsRcvd":0,"likesRcvd":2644,"reachRcvd":0,"audience":39643,"voice":2,"conversation":595,"engagement":3255,"group_scoped":{"audienceScore":3.9484155243455574,"voiceScore":0.1026167265264238,"engagementScore":0.3827353999085198,"combinedScore":0.5470134724612669,"combinedScoreRank":43,"SEIrank":68,"engagementSEIrank":44,"voiceSEIrank":136,"audienceSEIrank":16,"engagementSEI":0.4272606749537299,"engagementSEIadj":0.4272606749537299,"voiceSEI":0.19743336623889435,"voiceSEIadj":0.19743336623889435,"audienceSEI":7.456485184084505,"audienceSEIadj":7.456485184084505,"SEI":1.0612349332523567,"SEIadj":1.0612349332523567},"non_scoped":{"SEI":0.3106975182156799,"SEIrank":96,"SEIadj":0,"audienceSEI":2.1543984661669824,"audienceSEIadj":0,"audienceSEIrank":22,"audienceScore":0.4133720536175138,"combinedScore":0.05682456906862203,"combinedScoreRank":51,"engagementSEI":0.09502792302825817,"engagementSEIadj":0,"engagementSEIrank":50,"engagementScore":0.039357801592908775,"voiceSEI":0.12746972594008923,"voiceSEIadj":0,"voiceSEIrank":139,"voiceScore":0.014678899082568806},"scoped":{"SEI":5.088661571703772,"SEIrank":62,"SEIadj":0,"audienceSEI":27.838989894733885,"audienceSEIadj":0,"audienceSEIrank":14,"audienceScore":1.7040953223888027,"combinedScore":0.5195489382565801,"combinedScoreRank":40,"engagementSEI":3.514473584763057,"engagementSEIadj":0,"engagementSEIrank":41,"engagementScore":0.48033149513692036,"voiceSEI":0.6535947712418301,"voiceSEIadj":0,"voiceSEIrank":128,"voiceScore":0.04091653027823241}},"twitter":{"entityString":"536575feb08f37d80186a105","type":"twitter","profiles":1,"postsMade":12,"repliesMade":0,"repliesRcvd":0,"sharesMade":0,"sharesRcvd":18,"mentionsRcvd":0,"likesRcvd":102,"reachRcvd":0,"audience":15809,"voice":12,"conversation":12,"engagement":120,"group_scoped":{"audienceScore":3.9050863199705557,"voiceScore":0.33185840707964603,"engagementScore":0.6055406973810364,"combinedScore":0.756833863995443,"combinedScoreRank":120,"SEIrank":107,"engagementSEIrank":109,"voiceSEIrank":161,"audienceSEIrank":31,"engagementSEI":1.7236426314277506,"engagementSEIadj":1.7236426314277506,"voiceSEI":0.9456264775413712,"voiceSEIadj":0.9456264775413712,"audienceSEI":13.56262278767705,"audienceSEIadj":13.56262278767705,"SEI":2.6741358008867664,"SEIadj":2.6741358008867664},"non_scoped":{"SEI":0.5909752470086824,"SEIrank":144,"SEIadj":0,"audienceSEI":2.8532392902005514,"audienceSEIadj":0,"audienceSEIrank":40,"audienceScore":0.46176080737602204,"combinedScore":0.07042743319367803,"combinedScoreRank":131,"engagementSEI":0.20821404403727034,"engagementSEIadj":0,"engagementSEIrank":138,"engagementScore":0.04973907709142456,"voiceSEI":0.6024096385542169,"voiceSEIadj":0,"voiceSEIrank":163,"voiceScore":0.05148446885189634},"scoped":{"SEI":2.625537800394707,"SEIrank":124,"SEIadj":0,"audienceSEI":13.56262278767705,"audienceSEIadj":0,"audienceSEIrank":30,"audienceScore":0.7330629036506152,"combinedScore":0.13221173076940498,"combinedScoreRank":121,"engagementSEI":1.1837821840781295,"engagementSEIadj":0,"engagementSEIrank":127,"engagementScore":0.10096420818819728,"voiceSEI":1.8633540372670807,"voiceSEIadj":0,"voiceSEIrank":152,"voiceScore":0.09381596434993354}},"instagram":{"entityString":"536575feb08f37d80186a105","type":"instagram","profiles":0,"postsMade":0,"repliesMade":0,"repliesRcvd":0,"sharesMade":0,"sharesRcvd":0,"mentionsRcvd":0,"likesRcvd":0,"reachRcvd":0,"audience":0,"voice":0,"conversation":0,"engagement":0,"group_scoped":{"audienceScore":0,"voiceScore":0,"engagementScore":0,"combinedScore":0,"combinedScoreRank":134,"SEIrank":116,"engagementSEIrank":116,"voiceSEIrank":116,"audienceSEIrank":116,"engagementSEI":0,"engagementSEIadj":0,"voiceSEI":0,"voiceSEIadj":0,"audienceSEI":0,"audienceSEIadj":0,"SEI":0,"SEIadj":0},"non_scoped":{"SEI":0,"SEIrank":116,"SEIadj":0,"audienceSEI":0,"audienceSEIadj":0,"audienceSEIrank":116,"audienceScore":0,"combinedScore":0,"combinedScoreRank":116,"engagementSEI":0,"engagementSEIadj":0,"engagementSEIrank":116,"engagementScore":0,"voiceSEI":0,"voiceSEIadj":0,"voiceSEIrank":116,"voiceScore":0},"scoped":{"SEI":0,"SEIrank":99,"SEIadj":0,"audienceSEI":0,"audienceSEIadj":0,"audienceSEIrank":99,"audienceScore":0,"combinedScore":0,"combinedScoreRank":99,"engagementSEI":0,"engagementSEIadj":0,"engagementSEIrank":99,"engagementScore":0,"voiceSEI":0,"voiceSEIadj":0,"voiceSEIrank":99,"voiceScore":0}}},"quarter":{"boundaryQuantum":4958502,"combined":{"entityString":"536575feb08f37d80186a105","type":"combined","profiles":2,"postsMade":255,"repliesMade":0,"repliesRcvd":3780,"sharesMade":0,"sharesRcvd":276,"mentionsRcvd":0,"likesRcvd":19746,"reachRcvd":0,"audience":55452,"voice":255,"conversation":4035,"engagement":23802,"group_scoped":{"audienceScore":3.8027992256147862,"voiceScore":1.5229335881509793,"engagementScore":0.7510476707961351,"combinedScore":0.9422295444048099,"combinedScoreRank":37,"SEIrank":45,"engagementSEIrank":39,"voiceSEIrank":67,"audienceSEIrank":17,"engagementSEI":0.8319806045963416,"engagementSEIadj":0.8319806045963416,"voiceSEI":3.657487091222031,"voiceSEIadj":3.657487091222031,"audienceSEI":8.696606798948602,"audienceSEIadj":8.696606798948602,"SEI":2.4660951700192744,"SEIadj":2.4660951700192744},"non_scoped":{"SEI":1.0595615816514756,"SEIrank":65,"SEIadj":0,"audienceSEI":2.205650717079116,"audienceSEIadj":0,"audienceSEIrank":29,"audienceScore":0.4083838136193189,"combinedScore":0.10413148605535684,"combinedScoreRank":40,"engagementSEI":0.2076289734272947,"engagementSEIadj":0,"engagementSEIrank":40,"engagementScore":0.08041210782965688,"voiceSEI":2.381397086290624,"voiceSEIadj":0,"voiceSEIrank":77,"voiceScore":0.22682796655399393},"scoped":{"SEI":8.763165645308442,"SEIrank":42,"SEIadj":0,"audienceSEI":28.9546923707529,"audienceSEIadj":0,"audienceSEIrank":21,"audienceScore":1.1799917222682688,"combinedScore":0.7899386223463926,"combinedScoreRank":31,"engagementSEI":4.8164733831263575,"engagementSEIadj":0,"engagementSEIrank":31,"engagementScore":0.7856529382601295,"voiceSEI":9.926041261191125,"voiceSEIadj":0,"voiceSEIrank":67,"voiceScore":0.47702783597725235}},"facebook":{"entityString":"536575feb08f37d80186a105","type":"facebook","profiles":1,"postsMade":15,"repliesMade":0,"repliesRcvd":3780,"sharesMade":0,"sharesRcvd":212,"mentionsRcvd":0,"likesRcvd":18965,"reachRcvd":0,"audience":39643,"voice":15,"conversation":3795,"engagement":22957,"group_scoped":{"audienceScore":3.9484155243455574,"voiceScore":0.2609603340292276,"engagementScore":0.7525079226887187,"combinedScore":0.8877259233385861,"combinedScoreRank":32,"SEIrank":52,"engagementSEIrank":34,"voiceSEIrank":118,"audienceSEIrank":16,"engagementSEI":0.8235505983001646,"engagementSEIadj":0.8235505983001646,"voiceSEI":0.4934210526315789,"voiceSEIadj":0.4934210526315789,"audienceSEI":7.456485184084505,"audienceSEIadj":7.456485184084505,"SEI":1.3878051931780229,"SEIadj":1.3878051931780229},"non_scoped":{"SEI":0.4343110056783251,"SEIrank":85,"SEIadj":0,"audienceSEI":2.1543984661669824,"audienceSEIadj":0,"audienceSEIrank":22,"audienceScore":0.4133720536175138,"combinedScore":0.10016728788065474,"combinedScoreRank":39,"engagementSEI":0.20732148177287726,"engagementSEIadj":0,"engagementSEIrank":38,"engagementScore":0.08627892276610144,"voiceSEI":0.31492756665966826,"voiceSEIadj":0,"voiceSEIrank":123,"voiceScore":0.03695309420575483},"scoped":{"SEI":15.045633779222179,"SEIrank":33,"SEIadj":0,"audienceSEI":27.838989894733885,"audienceSEIadj":0,"audienceSEIrank":14,"audienceScore":1.7040953223888027,"combinedScore":1.1282261855565834,"combinedScoreRank":28,"engagementSEI":19.521590503239853,"engagementSEIadj":0,"engagementSEIrank":29,"engagementScore":1.1532251825759867,"voiceSEI":1.8292682926829267,"voiceSEIadj":0,"voiceSEIrank":114,"voiceScore":0.10237510237510238}},"twitter":{"entityString":"536575feb08f37d80186a105","type":"twitter","profiles":1,"postsMade":240,"repliesMade":0,"repliesRcvd":0,"sharesMade":0,"sharesRcvd":64,"mentionsRcvd":0,"likesRcvd":781,"reachRcvd":0,"audience":15809,"voice":240,"conversation":240,"engagement":845,"group_scoped":{"audienceScore":3.9050863199705557,"voiceScore":2.2093344380005524,"engagementScore":1.2154600768113233,"combinedScore":1.3996351070287463,"combinedScoreRank":85,"SEIrank":66,"engagementSEIrank":81,"voiceSEIrank":63,"audienceSEIrank":31,"engagementSEI":3.4631147540983607,"engagementSEIadj":3.4631147540983607,"voiceSEI":6.317451961042379,"voiceSEIadj":6.317451961042379,"audienceSEI":13.56262278767705,"audienceSEIadj":13.56262278767705,"SEI":5.3293667195394345,"SEIadj":5.3293667195394345},"non_scoped":{"SEI":1.724156273102018,"SEIrank":69,"SEIadj":0,"audienceSEI":2.8532392902005514,"audienceSEIadj":0,"audienceSEIrank":40,"audienceScore":0.46176080737602204,"combinedScore":0.1318312132164174,"combinedScoreRank":101,"engagementSEI":0.4007170226488107,"engagementSEIadj":0,"engagementSEIrank":104,"engagementScore":0.10167003561459237,"voiceSEI":3.9946737683089215,"voiceSEIadj":0,"voiceSEIrank":61,"voiceScore":0.3448028158896631},"scoped":{"SEI":6.98040316977317,"SEIrank":67,"SEIadj":0,"audienceSEI":13.56262278767705,"audienceSEIadj":0,"audienceSEIrank":30,"audienceScore":0.7330629036506152,"combinedScore":0.2578022629826551,"combinedScoreRank":91,"engagementSEI":2.6584030705341974,"engagementSEIadj":0,"engagementSEIrank":93,"engagementScore":0.21078521859300242,"voiceSEI":13.430330162283155,"voiceSEIadj":0,"voiceSEIrank":51,"voiceScore":0.6288484213284423}},"instagram":{"entityString":"536575feb08f37d80186a105","type":"instagram","profiles":0,"postsMade":0,"repliesMade":0,"repliesRcvd":0,"sharesMade":0,"sharesRcvd":0,"mentionsRcvd":0,"likesRcvd":0,"reachRcvd":0,"audience":0,"voice":0,"conversation":0,"engagement":0,"group_scoped":{"audienceScore":0,"voiceScore":0,"engagementScore":0,"combinedScore":0,"combinedScoreRank":134,"SEIrank":116,"engagementSEIrank":116,"voiceSEIrank":116,"audienceSEIrank":116,"engagementSEI":0,"engagementSEIadj":0,"voiceSEI":0,"voiceSEIadj":0,"audienceSEI":0,"audienceSEIadj":0,"SEI":0,"SEIadj":0},"non_scoped":{"SEI":0,"SEIrank":116,"SEIadj":0,"audienceSEI":0,"audienceSEIadj":0,"audienceSEIrank":116,"audienceScore":0,"combinedScore":0,"combinedScoreRank":116,"engagementSEI":0,"engagementSEIadj":0,"engagementSEIrank":116,"engagementScore":0,"voiceSEI":0,"voiceSEIadj":0,"voiceSEIrank":116,"voiceScore":0},"scoped":{"SEI":0,"SEIrank":99,"SEIadj":0,"audienceSEI":0,"audienceSEIadj":0,"audienceSEIrank":99,"audienceScore":0,"combinedScore":0,"combinedScoreRank":99,"engagementSEI":0,"engagementSEIadj":0,"engagementSEIrank":99,"engagementScore":0,"voiceSEI":0,"voiceSEIadj":0,"voiceSEIrank":99,"voiceScore":0}}},"blended":{"combined":{"non_scoped":{"SEI":0.7429409537104088,"SEIadj":50.3714704768552,"SEIrank":89,"audienceSEI":2.2056507170791155,"audienceSEIadj":60.882260286831645,"audienceSEIrank":29,"engagementSEI":0.1664655499117922,"engagementSEIadj":60.06658621996472,"engagementSEIrank":45,"voiceSEI":1.4083218401847397,"voiceSEIadj":50.70416092009237,"voiceSEIrank":112},"scoped":{"SEI":14.545696633951197,"SEIadj":65.81827865358048,"SEIrank":50,"compCharisma":9,"compInfluence":0,"compEva":5.545696633951197,"audienceSEI":28.954692370752895,"audienceSEIadj":71.58187694830116,"audienceSEIrank":21,"engagementSEI":4.45488713319774,"engagementSEIadj":61.781954853279096,"engagementSEIrank":37,"voiceSEI":5.761892460683364,"voiceSEIadj":52.880946230341685,"voiceSEIrank":100}},"facebook":{"non_scoped":{"SEI":0.3918990729832885,"SEIadj":50.195949536491646,"SEIrank":89,"audienceSEI":2.154398466166983,"audienceSEIadj":60.861759386466794,"audienceSEIrank":22,"engagementSEI":0.16763865056926225,"engagementSEIadj":60.06705546022771,"engagementSEIrank":41,"voiceSEI":0.25292012008344295,"voiceSEIadj":50.12646006004172,"voiceSEIrank":131},"scoped":{"SEI":11.470738289829594,"SEIadj":64.58829531593184,"SEIrank":35,"audienceSEI":27.838989894733885,"audienceSEIadj":78.35169696842017,"audienceSEIrank":14,"engagementSEI":13.801274274125259,"engagementSEIadj":65.5205097096501,"engagementSEIrank":31,"voiceSEI":1.3535824529368288,"voiceSEIadj":50.67679122646842,"voiceSEIrank":119}},"twitter":{"non_scoped":{"SEI":1.1784907091285708,"SEIadj":50.589245354564284,"SEIrank":89,"audienceSEI":2.8532392902005514,"audienceSEIadj":61.14129571608022,"audienceSEIrank":40,"engagementSEI":0.3305670006364936,"engagementSEIadj":50.165283500318246,"engagementSEIrank":113,"voiceSEI":2.3160885990887317,"voiceSEIadj":51.158044299544365,"voiceSEIrank":91},"scoped":{"SEI":4.840951172469417,"SEIadj":52.42047558623471,"SEIrank":84,"audienceSEI":13.56262278767705,"audienceSEIadj":65.42504911507082,"audienceSEIrank":30,"engagementSEI":2.029141698131334,"engagementSEIadj":51.01457084906567,"engagementSEIrank":101,"voiceSEI":7.557346249409703,"voiceSEIadj":53.77867312470485,"voiceSEIrank":80}},"instagram":{"non_scoped":{"SEI":0,"SEIadj":0,"SEIrank":116,"audienceSEI":0,"audienceSEIadj":0,"audienceSEIrank":116,"engagementSEI":0,"engagementSEIadj":0,"engagementSEIrank":116,"voiceSEI":0,"voiceSEIadj":0,"voiceSEIrank":116},"scoped":{"SEI":0,"SEIadj":0,"SEIrank":99,"audienceSEI":0,"audienceSEIadj":0,"audienceSEIrank":99,"engagementSEI":0,"engagementSEIadj":0,"engagementSEIrank":99,"voiceSEI":0,"voiceSEIadj":0,"voiceSEIrank":99}},"influence":{"instagram":{"scope":"individual","ratio":0,"calculated":false},"combined":{"ratio":0.44,"bottom":false,"scope":"individual","calculated":true},"facebook":{"ratio":0.53,"bottom":false,"scope":"individual","calculated":true},"twitter":{"ratio":0.24,"bottom":false,"scope":"individual","calculated":true}},"charisma":{"instagram":{"scope":"individual","ratio":0,"calculated":false},"combined":{"ratio":1.58,"bottom":false,"scope":"individual","calculated":true},"facebook":{"ratio":2,"bottom":false,"scope":"individual","calculated":true},"twitter":{"ratio":0.38,"bottom":false,"scope":"individual","calculated":true}}},"scope":"individual"}}