{"scoreEntityString":"591d1494ab33fb0001804f89.asset.536575feb08f37d80186a0d0","timeQuantum":4984422,"scoreEntityType":"asset","scoreProfileID":"591d1494ab33fb0001804f89","data":{"scoreEntityString":"591d1494ab33fb0001804f89.asset.536575feb08f37d80186a0d0","scoreProfileID":"591d1494ab33fb0001804f89","scoreEntityType":"asset","entityID":"asset.536575feb08f37d80186a0d0","object_version":"1.2","score_engine_version":"3.0.19","timestamp":4984422,"start_quantum":4958502,"end_quantum":4984421,"schedule_options":{"interval":15,"offset":"1"},"_15min":{"boundaryQuantum":4984419,"combined":{"entityString":"536575feb08f37d80186a0d0","type":"combined","profiles":2,"postsMade":0,"repliesMade":0,"repliesRcvd":0,"sharesMade":0,"sharesRcvd":0,"mentionsRcvd":0,"likesRcvd":0,"reachRcvd":0,"audience":25087,"voice":0,"conversation":0,"engagement":0,"group_scoped":{"audienceScore":0.6370194993428443,"voiceScore":0,"engagementScore":0,"combinedScore":0.6370194993428443,"engagementSEI":0,"engagementSEIadj":0,"voiceSEI":0,"voiceSEIadj":0,"audienceSEI":0.9978568769271402,"audienceSEIadj":0.9978568769271402,"SEI":0.09978568769271402,"SEIadj":0.09978568769271402,"combinedScoreRank":107,"SEIrank":113,"engagementSEIrank":149,"voiceSEIrank":146,"audienceSEIrank":113},"non_scoped":{"SEI":0.09978568769271402,"SEIrank":63,"SEIadj":0,"audienceSEI":0.9978568769271402,"audienceSEIadj":0,"audienceSEIrank":63,"audienceScore":0.18475663154201566,"combinedScore":0.009237831577100784,"combinedScoreRank":63,"engagementSEI":0,"engagementSEIadj":0,"engagementSEIrank":149,"engagementScore":0,"voiceSEI":0,"voiceSEIadj":0,"voiceSEIrank":146,"voiceScore":0},"scoped":{"SEI":1.3099371844209011,"SEIrank":52,"SEIadj":0,"audienceSEI":13.09937184420901,"audienceSEIadj":0,"audienceSEIrank":52,"audienceScore":0.5338392183608176,"combinedScore":0.0762627454801168,"combinedScoreRank":52,"engagementSEI":0,"engagementSEIadj":0,"engagementSEIrank":131,"engagementScore":0,"voiceSEI":0,"voiceSEIadj":0,"voiceSEIrank":129,"voiceScore":0}},"facebook":{"entityString":"536575feb08f37d80186a0d0","type":"facebook","profiles":1,"postsMade":0,"repliesMade":0,"repliesRcvd":0,"sharesMade":0,"sharesRcvd":0,"mentionsRcvd":0,"likesRcvd":0,"reachRcvd":0,"audience":10390,"voice":0,"conversation":0,"engagement":0,"group_scoped":{"audienceScore":0.40202397208196955,"voiceScore":0,"engagementScore":0,"combinedScore":0.40202397208196955,"engagementSEI":0,"engagementSEIadj":0,"voiceSEI":0,"voiceSEIadj":0,"audienceSEI":0.5646444533328696,"audienceSEIadj":0.5646444533328696,"SEI":0.05646444533328696,"SEIadj":0.05646444533328696,"combinedScoreRank":104,"SEIrank":99,"engagementSEIrank":148,"voiceSEIrank":146,"audienceSEIrank":99},"non_scoped":{"SEI":0.05646444533328696,"SEIrank":83,"SEIadj":0,"audienceSEI":0.5646444533328696,"audienceSEIadj":0,"audienceSEIrank":83,"audienceScore":0.10834032835774206,"combinedScore":0.005417016417887104,"combinedScoreRank":83,"engagementSEI":0,"engagementSEIadj":0,"engagementSEIrank":148,"engagementScore":0,"voiceSEI":0,"voiceSEIadj":0,"voiceSEIrank":146,"voiceScore":0},"scoped":{"SEI":0.7296297076565474,"SEIrank":72,"SEIadj":0,"audienceSEI":7.296297076565474,"audienceSEIadj":0,"audienceSEIrank":72,"audienceScore":0.4466248871079298,"combinedScore":0.06380355530113282,"combinedScoreRank":72,"engagementSEI":0,"engagementSEIadj":0,"engagementSEIrank":130,"engagementScore":0,"voiceSEI":0,"voiceSEIadj":0,"voiceSEIrank":129,"voiceScore":0}},"twitter":{"entityString":"536575feb08f37d80186a0d0","type":"twitter","profiles":1,"postsMade":0,"repliesMade":0,"repliesRcvd":0,"sharesMade":0,"sharesRcvd":0,"mentionsRcvd":0,"likesRcvd":0,"reachRcvd":0,"audience":14697,"voice":0,"conversation":0,"engagement":0,"group_scoped":{"audienceScore":1.191158342120257,"voiceScore":0,"engagementScore":0,"combinedScore":1.191158342120257,"engagementSEI":0,"engagementSEIadj":0,"voiceSEI":0,"voiceSEIadj":0,"audienceSEI":2.6525433517665573,"audienceSEIadj":2.6525433517665573,"SEI":0.26525433517665575,"SEIadj":0.26525433517665575,"combinedScoreRank":121,"SEIrank":144,"engagementSEIrank":147,"voiceSEIrank":145,"audienceSEIrank":144},"non_scoped":{"SEI":0.26525433517665575,"SEIrank":45,"SEIadj":0,"audienceSEI":2.6525433517665573,"audienceSEIadj":0,"audienceSEIrank":45,"audienceScore":0.4292806999813648,"combinedScore":0.02146403499906824,"combinedScoreRank":45,"engagementSEI":0,"engagementSEIadj":0,"engagementSEIrank":147,"engagementScore":0,"voiceSEI":0,"voiceSEIadj":0,"voiceSEIrank":145,"voiceScore":0},"scoped":{"SEI":1.2608632241791993,"SEIrank":35,"SEIadj":0,"audienceSEI":12.608632241791993,"audienceSEIadj":0,"audienceSEIrank":35,"audienceScore":0.6814994936398945,"combinedScore":0.09735707051998492,"combinedScoreRank":35,"engagementSEI":0,"engagementSEIadj":0,"engagementSEIrank":130,"engagementScore":0,"voiceSEI":0,"voiceSEIadj":0,"voiceSEIrank":129,"voiceScore":0}},"instagram":{"entityString":"536575feb08f37d80186a0d0","type":"instagram","profiles":0,"postsMade":0,"repliesMade":0,"repliesRcvd":0,"sharesMade":0,"sharesRcvd":0,"mentionsRcvd":0,"likesRcvd":0,"reachRcvd":0,"audience":0,"voice":0,"conversation":0,"engagement":0,"group_scoped":{"audienceScore":0,"voiceScore":0,"engagementScore":0,"combinedScore":0,"engagementSEI":0,"engagementSEIadj":0,"voiceSEI":0,"voiceSEIadj":0,"audienceSEI":0,"audienceSEIadj":0,"SEI":0,"SEIadj":0,"combinedScoreRank":165,"SEIrank":147,"engagementSEIrank":146,"voiceSEIrank":145,"audienceSEIrank":147},"non_scoped":{"SEI":0,"SEIrank":147,"SEIadj":0,"audienceSEI":0,"audienceSEIadj":0,"audienceSEIrank":147,"audienceScore":0,"combinedScore":0,"combinedScoreRank":147,"engagementSEI":0,"engagementSEIadj":0,"engagementSEIrank":146,"engagementScore":0,"voiceSEI":0,"voiceSEIadj":0,"voiceSEIrank":145,"voiceScore":0},"scoped":{"SEI":0,"SEIrank":129,"SEIadj":0,"audienceSEI":0,"audienceSEIadj":0,"audienceSEIrank":129,"audienceScore":0,"combinedScore":0,"combinedScoreRank":129,"engagementSEI":0,"engagementSEIadj":0,"engagementSEIrank":129,"engagementScore":0,"voiceSEI":0,"voiceSEIadj":0,"voiceSEIrank":129,"voiceScore":0}}},"hour":{"boundaryQuantum":4984410,"combined":{"entityString":"536575feb08f37d80186a0d0","type":"combined","profiles":2,"postsMade":0,"repliesMade":0,"repliesRcvd":0,"sharesMade":0,"sharesRcvd":0,"mentionsRcvd":0,"likesRcvd":0,"reachRcvd":0,"audience":25087,"voice":0,"conversation":0,"engagement":0,"group_scoped":{"audienceScore":0.6370194993428443,"voiceScore":0,"engagementScore":0,"combinedScore":0.6370194993428443,"combinedScoreRank":91,"SEIrank":120,"engagementSEIrank":163,"voiceSEIrank":148,"audienceSEIrank":113,"engagementSEI":0,"engagementSEIadj":0,"voiceSEI":0,"voiceSEIadj":0,"audienceSEI":0.9978568769271402,"audienceSEIadj":0.9978568769271402,"SEI":0.09978568769271402,"SEIadj":0.09978568769271402},"non_scoped":{"SEI":0.09978568769271402,"SEIrank":74,"SEIadj":0,"audienceSEI":0.9978568769271402,"audienceSEIadj":0,"audienceSEIrank":63,"audienceScore":0.18475663154201566,"combinedScore":0.009237831577100784,"combinedScoreRank":83,"engagementSEI":0,"engagementSEIadj":0,"engagementSEIrank":163,"engagementScore":0,"voiceSEI":0,"voiceSEIadj":0,"voiceSEIrank":148,"voiceScore":0},"scoped":{"SEI":1.3099371844209011,"SEIrank":62,"SEIadj":0,"audienceSEI":13.09937184420901,"audienceSEIadj":0,"audienceSEIrank":52,"audienceScore":0.5338392183608176,"combinedScore":0.02669196091804088,"combinedScoreRank":75,"engagementSEI":0,"engagementSEIadj":0,"engagementSEIrank":143,"engagementScore":0,"voiceSEI":0,"voiceSEIadj":0,"voiceSEIrank":130,"voiceScore":0}},"facebook":{"entityString":"536575feb08f37d80186a0d0","type":"facebook","profiles":1,"postsMade":0,"repliesMade":0,"repliesRcvd":0,"sharesMade":0,"sharesRcvd":0,"mentionsRcvd":0,"likesRcvd":0,"reachRcvd":0,"audience":10390,"voice":0,"conversation":0,"engagement":0,"group_scoped":{"audienceScore":0.40202397208196955,"voiceScore":0,"engagementScore":0,"combinedScore":0.40202397208196955,"combinedScoreRank":94,"SEIrank":103,"engagementSEIrank":161,"voiceSEIrank":147,"audienceSEIrank":99,"engagementSEI":0,"engagementSEIadj":0,"voiceSEI":0,"voiceSEIadj":0,"audienceSEI":0.5646444533328696,"audienceSEIadj":0.5646444533328696,"SEI":0.05646444533328696,"SEIadj":0.05646444533328696},"non_scoped":{"SEI":0.05646444533328696,"SEIrank":85,"SEIadj":0,"audienceSEI":0.5646444533328696,"audienceSEIadj":0,"audienceSEIrank":83,"audienceScore":0.10834032835774206,"combinedScore":0.005417016417887104,"combinedScoreRank":90,"engagementSEI":0,"engagementSEIadj":0,"engagementSEIrank":161,"engagementScore":0,"voiceSEI":0,"voiceSEIadj":0,"voiceSEIrank":147,"voiceScore":0},"scoped":{"SEI":0.7296297076565474,"SEIrank":79,"SEIadj":0,"audienceSEI":7.296297076565474,"audienceSEIadj":0,"audienceSEIrank":72,"audienceScore":0.4466248871079298,"combinedScore":0.02233124435539649,"combinedScoreRank":79,"engagementSEI":0,"engagementSEIadj":0,"engagementSEIrank":141,"engagementScore":0,"voiceSEI":0,"voiceSEIadj":0,"voiceSEIrank":129,"voiceScore":0}},"twitter":{"entityString":"536575feb08f37d80186a0d0","type":"twitter","profiles":1,"postsMade":0,"repliesMade":0,"repliesRcvd":0,"sharesMade":0,"sharesRcvd":0,"mentionsRcvd":0,"likesRcvd":0,"reachRcvd":0,"audience":14697,"voice":0,"conversation":0,"engagement":0,"group_scoped":{"audienceScore":1.191158342120257,"voiceScore":0,"engagementScore":0,"combinedScore":1.191158342120257,"combinedScoreRank":124,"SEIrank":149,"engagementSEIrank":155,"voiceSEIrank":148,"audienceSEIrank":144,"engagementSEI":0,"engagementSEIadj":0,"voiceSEI":0,"voiceSEIadj":0,"audienceSEI":2.6525433517665573,"audienceSEIadj":2.6525433517665573,"SEI":0.26525433517665575,"SEIadj":0.26525433517665575},"non_scoped":{"SEI":0.26525433517665575,"SEIrank":61,"SEIadj":0,"audienceSEI":2.6525433517665573,"audienceSEIadj":0,"audienceSEIrank":45,"audienceScore":0.4292806999813648,"combinedScore":0.02146403499906824,"combinedScoreRank":61,"engagementSEI":0,"engagementSEIadj":0,"engagementSEIrank":155,"engagementScore":0,"voiceSEI":0,"voiceSEIadj":0,"voiceSEIrank":148,"voiceScore":0},"scoped":{"SEI":1.2608632241791993,"SEIrank":51,"SEIadj":0,"audienceSEI":12.608632241791993,"audienceSEIadj":0,"audienceSEIrank":35,"audienceScore":0.6814994936398945,"combinedScore":0.034074974681994726,"combinedScoreRank":51,"engagementSEI":0,"engagementSEIadj":0,"engagementSEIrank":137,"engagementScore":0,"voiceSEI":0,"voiceSEIadj":0,"voiceSEIrank":130,"voiceScore":0}},"instagram":{"entityString":"536575feb08f37d80186a0d0","type":"instagram","profiles":0,"postsMade":0,"repliesMade":0,"repliesRcvd":0,"sharesMade":0,"sharesRcvd":0,"mentionsRcvd":0,"likesRcvd":0,"reachRcvd":0,"audience":0,"voice":0,"conversation":0,"engagement":0,"group_scoped":{"audienceScore":0,"voiceScore":0,"engagementScore":0,"combinedScore":0,"combinedScoreRank":165,"SEIrank":147,"engagementSEIrank":146,"voiceSEIrank":145,"audienceSEIrank":147,"engagementSEI":0,"engagementSEIadj":0,"voiceSEI":0,"voiceSEIadj":0,"audienceSEI":0,"audienceSEIadj":0,"SEI":0,"SEIadj":0},"non_scoped":{"SEI":0,"SEIrank":147,"SEIadj":0,"audienceSEI":0,"audienceSEIadj":0,"audienceSEIrank":147,"audienceScore":0,"combinedScore":0,"combinedScoreRank":147,"engagementSEI":0,"engagementSEIadj":0,"engagementSEIrank":146,"engagementScore":0,"voiceSEI":0,"voiceSEIadj":0,"voiceSEIrank":145,"voiceScore":0},"scoped":{"SEI":0,"SEIrank":129,"SEIadj":0,"audienceSEI":0,"audienceSEIadj":0,"audienceSEIrank":129,"audienceScore":0,"combinedScore":0,"combinedScoreRank":129,"engagementSEI":0,"engagementSEIadj":0,"engagementSEIrank":129,"engagementScore":0,"voiceSEI":0,"voiceSEIadj":0,"voiceSEIrank":129,"voiceScore":0}}},"today":{"boundaryQuantum":4984134,"combined":{"entityString":"536575feb08f37d80186a0d0","type":"combined","profiles":2,"postsMade":0,"repliesMade":0,"repliesRcvd":3,"sharesMade":0,"sharesRcvd":0,"mentionsRcvd":0,"likesRcvd":9,"reachRcvd":0,"audience":25087,"voice":0,"conversation":3,"engagement":12,"group_scoped":{"audienceScore":0.6370194993428443,"voiceScore":0,"engagementScore":0.011242165615836464,"combinedScore":0.10063892757683758,"combinedScoreRank":176,"SEIrank":151,"engagementSEIrank":133,"voiceSEIrank":178,"audienceSEIrank":113,"engagementSEI":0.012436650809936884,"engagementSEIadj":0.012436650809936884,"voiceSEI":0,"voiceSEIadj":0,"audienceSEI":0.9978568769271402,"audienceSEIadj":0.9978568769271402,"SEI":0.10724767817867616,"SEIadj":0.10724767817867616},"non_scoped":{"SEI":0.10347245577963982,"SEIrank":123,"SEIadj":0,"audienceSEI":0.9978568769271402,"audienceSEIadj":0,"audienceSEIrank":63,"audienceScore":0.18475663154201566,"combinedScore":0.012119429903639237,"combinedScoreRank":115,"engagementSEI":0.006144613478209665,"engagementSEIadj":0,"engagementSEIrank":96,"engagementScore":0.0032017759183760592,"voiceSEI":0,"voiceSEIadj":0,"voiceSEIrank":178,"voiceScore":0},"scoped":{"SEI":1.3504298451261483,"SEIrank":101,"SEIadj":0,"audienceSEI":13.09937184420901,"audienceSEIadj":0,"audienceSEIrank":52,"audienceScore":0.5338392183608176,"combinedScore":0.055562790687074246,"combinedScoreRank":93,"engagementSEI":0.06748776784207862,"engagementSEIadj":0,"engagementSEIrank":85,"engagementScore":0.0320786997433704,"voiceSEI":0,"voiceSEIadj":0,"voiceSEIrank":158,"voiceScore":0}},"facebook":{"entityString":"536575feb08f37d80186a0d0","type":"facebook","profiles":1,"postsMade":0,"repliesMade":0,"repliesRcvd":3,"sharesMade":0,"sharesRcvd":0,"mentionsRcvd":0,"likesRcvd":6,"reachRcvd":0,"audience":10390,"voice":0,"conversation":3,"engagement":9,"group_scoped":{"audienceScore":0.40202397208196955,"voiceScore":0,"engagementScore":0.009182174338883447,"combinedScore":0.06530243115932431,"combinedScoreRank":149,"SEIrank":110,"engagementSEIrank":93,"voiceSEIrank":164,"audienceSEIrank":99,"engagementSEI":0.010049690134554184,"engagementSEIadj":0.010049690134554184,"voiceSEI":0,"voiceSEIadj":0,"audienceSEI":0.5646444533328696,"audienceSEIadj":0.5646444533328696,"SEI":0.062494259414019475,"SEIadj":0.062494259414019475},"non_scoped":{"SEI":0.05933966097446005,"SEIrank":100,"SEIadj":0,"audienceSEI":0.5646444533328696,"audienceSEIadj":0,"audienceSEIrank":83,"audienceScore":0.10834032835774206,"combinedScore":0.0078402724962211,"combinedScoreRank":92,"engagementSEI":0.0047920260686218135,"engagementSEIadj":0,"engagementSEIrank":74,"engagementScore":0.0026925067537044403,"voiceSEI":0,"voiceSEIadj":0,"voiceSEIrank":164,"voiceScore":0},"scoped":{"SEI":0.8835635731069466,"SEIrank":86,"SEIadj":0,"audienceSEI":7.296297076565474,"audienceSEIadj":0,"audienceSEIrank":72,"audienceScore":0.4466248871079298,"combinedScore":0.07624498237456581,"combinedScoreRank":77,"engagementSEI":0.25655644241733183,"engagementSEIadj":0,"engagementSEIrank":64,"engagementScore":0.05990415335463259,"voiceSEI":0,"voiceSEIadj":0,"voiceSEIrank":145,"voiceScore":0}},"twitter":{"entityString":"536575feb08f37d80186a0d0","type":"twitter","profiles":1,"postsMade":0,"repliesMade":0,"repliesRcvd":0,"sharesMade":0,"sharesRcvd":0,"mentionsRcvd":0,"likesRcvd":3,"reachRcvd":0,"audience":14697,"voice":0,"conversation":0,"engagement":3,"group_scoped":{"audienceScore":1.191158342120257,"voiceScore":0,"engagementScore":0.08883624518803672,"combinedScore":0.24631083046406815,"combinedScoreRank":206,"SEIrank":163,"engagementSEIrank":123,"voiceSEIrank":173,"audienceSEIrank":144,"engagementSEI":0.18915510718789408,"engagementSEIadj":0.18915510718789408,"voiceSEI":0,"voiceSEIadj":0,"audienceSEI":2.6525433517665573,"audienceSEIadj":2.6525433517665573,"SEI":0.3787473994893922,"SEIadj":0.3787473994893922},"non_scoped":{"SEI":0.3787473994893922,"SEIrank":109,"SEIadj":0,"audienceSEI":2.6525433517665573,"audienceSEIadj":0,"audienceSEIrank":45,"audienceScore":0.4292806999813648,"combinedScore":0.06419907773411097,"combinedScoreRank":92,"engagementSEI":0.18915510718789408,"engagementSEIadj":0,"engagementSEIrank":94,"engagementScore":0.04748338081671415,"voiceSEI":0,"voiceSEIadj":0,"voiceSEIrank":173,"voiceScore":0},"scoped":{"SEI":1.595435714885519,"SEIrank":87,"SEIadj":0,"audienceSEI":12.608632241791993,"audienceSEIadj":0,"audienceSEIrank":35,"audienceScore":0.6814994936398945,"combinedScore":0.10917928622580558,"combinedScoreRank":81,"engagementSEI":0.5576208178438662,"engagementSEIadj":0,"engagementSEIrank":84,"engagementScore":0.08344923504867872,"voiceSEI":0,"voiceSEIadj":0,"voiceSEIrank":153,"voiceScore":0}},"instagram":{"entityString":"536575feb08f37d80186a0d0","type":"instagram","profiles":0,"postsMade":0,"repliesMade":0,"repliesRcvd":0,"sharesMade":0,"sharesRcvd":0,"mentionsRcvd":0,"likesRcvd":0,"reachRcvd":0,"audience":0,"voice":0,"conversation":0,"engagement":0,"group_scoped":{"audienceScore":0,"voiceScore":0,"engagementScore":0,"combinedScore":0,"combinedScoreRank":165,"SEIrank":147,"engagementSEIrank":147,"voiceSEIrank":147,"audienceSEIrank":147,"engagementSEI":0,"engagementSEIadj":0,"voiceSEI":0,"voiceSEIadj":0,"audienceSEI":0,"audienceSEIadj":0,"SEI":0,"SEIadj":0},"non_scoped":{"SEI":0,"SEIrank":147,"SEIadj":0,"audienceSEI":0,"audienceSEIadj":0,"audienceSEIrank":147,"audienceScore":0,"combinedScore":0,"combinedScoreRank":147,"engagementSEI":0,"engagementSEIadj":0,"engagementSEIrank":147,"engagementScore":0,"voiceSEI":0,"voiceSEIadj":0,"voiceSEIrank":147,"voiceScore":0},"scoped":{"SEI":0,"SEIrank":129,"SEIadj":0,"audienceSEI":0,"audienceSEIadj":0,"audienceSEIrank":129,"audienceScore":0,"combinedScore":0,"combinedScoreRank":129,"engagementSEI":0,"engagementSEIadj":0,"engagementSEIrank":129,"engagementScore":0,"voiceSEI":0,"voiceSEIadj":0,"voiceSEIrank":129,"voiceScore":0}}},"week":{"boundaryQuantum":4982406,"combined":{"entityString":"536575feb08f37d80186a0d0","type":"combined","profiles":2,"postsMade":80,"repliesMade":0,"repliesRcvd":163,"sharesMade":0,"sharesRcvd":246,"mentionsRcvd":0,"likesRcvd":1226,"reachRcvd":0,"audience":25087,"voice":80,"conversation":243,"engagement":1635,"group_scoped":{"audienceScore":0.6370194993428443,"voiceScore":3.633060853769301,"engagementScore":0.20127486390864707,"combinedScore":0.39465139517338965,"combinedScoreRank":66,"SEIrank":36,"engagementSEIrank":68,"voiceSEIrank":23,"audienceSEIrank":113,"engagementSEI":0.22250770951788637,"engagementSEIadj":0.22250770951788637,"voiceSEI":9.30232558139535,"voiceSEIadj":9.30232558139535,"audienceSEI":0.9978568769271402,"audienceSEIadj":0.9978568769271402,"SEI":3.023987987822051,"SEIadj":3.023987987822051},"non_scoped":{"SEI":2.990863805013163,"SEIrank":20,"SEIadj":0,"audienceSEI":0.9978568769271402,"audienceSEIadj":0,"audienceSEIrank":63,"audienceScore":0.18475663154201566,"combinedScore":0.11417659104417337,"combinedScoreRank":37,"engagementSEI":0.16730073816974014,"engagementSEIadj":0,"engagementSEIrank":39,"engagementScore":0.06818946745902689,"voiceSEI":9.30232558139535,"voiceSEIadj":0,"voiceSEIrank":19,"voiceScore":0.8713647750789675},"scoped":{"SEI":15.38324425383692,"SEIrank":20,"SEIadj":0,"audienceSEI":13.09937184420901,"audienceSEIadj":0,"audienceSEIrank":52,"audienceScore":0.5338392183608176,"combinedScore":0.8327112270630755,"combinedScoreRank":29,"engagementSEI":5.437493764342014,"engagementSEIadj":0,"engagementSEIrank":30,"engagementScore":0.794128789718582,"voiceSEI":36.03603603603604,"voiceSEIadj":0,"voiceSEIrank":11,"voiceScore":1.8260671079662179}},"facebook":{"entityString":"536575feb08f37d80186a0d0","type":"facebook","profiles":1,"postsMade":37,"repliesMade":0,"repliesRcvd":163,"sharesMade":0,"sharesRcvd":25,"mentionsRcvd":0,"likesRcvd":845,"reachRcvd":0,"audience":10390,"voice":37,"conversation":200,"engagement":1033,"group_scoped":{"audienceScore":0.40202397208196955,"voiceScore":4.134078212290502,"engagementScore":0.14178206189274248,"combinedScore":0.35440896492209184,"combinedScoreRank":62,"SEIrank":23,"engagementSEIrank":66,"voiceSEIrank":16,"audienceSEIrank":99,"engagementSEI":0.15540401282346375,"engagementSEIadj":0.15540401282346375,"voiceSEI":11.077844311377245,"voiceSEIadj":11.077844311377245,"audienceSEI":0.5646444533328696,"audienceSEIadj":0.5646444533328696,"SEI":3.473060146440538,"SEIadj":3.473060146440538},"non_scoped":{"SEI":2.9475992042092236,"SEIrank":13,"SEIadj":0,"audienceSEI":0.5646444533328696,"audienceSEIadj":0,"audienceSEIrank":83,"audienceScore":0.10834032835774206,"combinedScore":0.10529358938012631,"combinedScoreRank":34,"engagementSEI":0.11117879659984459,"engagementSEIadj":0,"engagementSEIrank":45,"engagementScore":0.04747209922725717,"voiceSEI":9.414758269720101,"voiceSEIadj":0,"voiceSEIrank":13,"voiceScore":1.143033673154155},"scoped":{"SEI":18.056574056083786,"SEIrank":20,"SEIadj":0,"audienceSEI":7.296297076565474,"audienceSEIadj":0,"audienceSEIrank":72,"audienceScore":0.4466248871079298,"combinedScore":0.8677418652485002,"combinedScoreRank":34,"engagementSEI":7.855513307984791,"engagementSEIadj":0,"engagementSEIrank":36,"engagementScore":0.765145510973505,"voiceSEI":42.04545454545455,"voiceSEIadj":0,"voiceSEIrank":5,"voiceScore":3.1355932203389827}},"twitter":{"entityString":"536575feb08f37d80186a0d0","type":"twitter","profiles":1,"postsMade":43,"repliesMade":0,"repliesRcvd":0,"sharesMade":0,"sharesRcvd":221,"mentionsRcvd":0,"likesRcvd":381,"reachRcvd":0,"audience":14697,"voice":43,"conversation":43,"engagement":602,"group_scoped":{"audienceScore":1.191158342120257,"voiceScore":3.401898734177215,"engagementScore":2.0577679029225773,"combinedScore":2.0816439664451933,"combinedScoreRank":65,"SEIrank":65,"engagementSEIrank":64,"voiceSEIrank":37,"audienceSEIrank":144,"engagementSEI":3.8582323912068195,"engagementSEIadj":3.8582323912068195,"voiceSEI":8.902691511387163,"voiceSEIadj":8.902691511387163,"audienceSEI":2.6525433517665573,"audienceSEIadj":2.6525433517665573,"SEI":5.251001223316896,"SEIadj":5.251001223316896},"non_scoped":{"SEI":5.251001223316896,"SEIrank":29,"SEIadj":0,"audienceSEI":2.6525433517665573,"audienceSEIadj":0,"audienceSEIrank":45,"audienceScore":0.4292806999813648,"combinedScore":0.9423707140465298,"combinedScoreRank":21,"engagementSEI":3.8582323912068195,"engagementSEIadj":0,"engagementSEIrank":18,"engagementScore":0.9815750856024784,"voiceSEI":8.902691511387163,"voiceSEIadj":0,"voiceSEIrank":28,"voiceScore":0.7497820401046207},"scoped":{"SEI":22.989070089581183,"SEIrank":16,"SEIadj":0,"audienceSEI":12.608632241791993,"audienceSEIadj":0,"audienceSEIrank":35,"audienceScore":0.6814994936398945,"combinedScore":1.9619536916932319,"combinedScoreRank":11,"engagementSEI":22.942073170731707,"engagementSEIadj":0,"engagementSEIrank":11,"engagementScore":2.0659597103538214,"voiceSEI":26.543209876543212,"voiceSEIadj":0,"voiceSEIrank":19,"voiceScore":1.3702995538559593}},"instagram":{"entityString":"536575feb08f37d80186a0d0","type":"instagram","profiles":0,"postsMade":0,"repliesMade":0,"repliesRcvd":0,"sharesMade":0,"sharesRcvd":0,"mentionsRcvd":0,"likesRcvd":0,"reachRcvd":0,"audience":0,"voice":0,"conversation":0,"engagement":0,"group_scoped":{"audienceScore":0,"voiceScore":0,"engagementScore":0,"combinedScore":0,"combinedScoreRank":165,"SEIrank":147,"engagementSEIrank":147,"voiceSEIrank":147,"audienceSEIrank":147,"engagementSEI":0,"engagementSEIadj":0,"voiceSEI":0,"voiceSEIadj":0,"audienceSEI":0,"audienceSEIadj":0,"SEI":0,"SEIadj":0},"non_scoped":{"SEI":0,"SEIrank":147,"SEIadj":0,"audienceSEI":0,"audienceSEIadj":0,"audienceSEIrank":147,"audienceScore":0,"combinedScore":0,"combinedScoreRank":147,"engagementSEI":0,"engagementSEIadj":0,"engagementSEIrank":147,"engagementScore":0,"voiceSEI":0,"voiceSEIadj":0,"voiceSEIrank":147,"voiceScore":0},"scoped":{"SEI":0,"SEIrank":129,"SEIadj":0,"audienceSEI":0,"audienceSEIadj":0,"audienceSEIrank":129,"audienceScore":0,"combinedScore":0,"combinedScoreRank":129,"engagementSEI":0,"engagementSEIadj":0,"engagementSEIrank":129,"engagementScore":0,"voiceSEI":0,"voiceSEIadj":0,"voiceSEIrank":129,"voiceScore":0}}},"month":{"boundaryQuantum":4975782,"combined":{"entityString":"536575feb08f37d80186a0d0","type":"combined","profiles":2,"postsMade":240,"repliesMade":0,"repliesRcvd":614,"sharesMade":0,"sharesRcvd":508,"mentionsRcvd":0,"likesRcvd":3264,"reachRcvd":0,"audience":25087,"voice":240,"conversation":854,"engagement":4386,"group_scoped":{"audienceScore":0.6370194993428443,"voiceScore":2.5726230035373567,"engagementScore":0.14134539807292018,"combinedScore":0.2876929834096382,"combinedScoreRank":85,"SEIrank":53,"engagementSEIrank":93,"voiceSEIrank":38,"audienceSEIrank":113,"engagementSEI":0.1620057688237517,"engagementSEIadj":0.1620057688237517,"voiceSEI":6.631666206134292,"voiceSEIadj":6.631666206134292,"audienceSEI":0.9978568769271402,"audienceSEIadj":0.9978568769271402,"SEI":2.1864890108272528,"SEIadj":2.1864890108272528},"non_scoped":{"SEI":2.1619046096355117,"SEIrank":32,"SEIadj":0,"audienceSEI":0.9978568769271402,"audienceSEIadj":0,"audienceSEIrank":63,"audienceScore":0.18475663154201566,"combinedScore":0.08391487309580517,"combinedScoreRank":48,"engagementSEI":0.12103176683751664,"engagementSEIadj":0,"engagementSEIrank":52,"engagementScore":0.047668431173893265,"voiceSEI":6.631666206134292,"voiceSEIadj":0,"voiceSEIrank":28,"voiceScore":0.6355090692440091},"scoped":{"SEI":11.323252094608062,"SEIrank":29,"SEIadj":0,"audienceSEI":13.09937184420901,"audienceSEIadj":0,"audienceSEIrank":52,"audienceScore":0.5338392183608176,"combinedScore":0.509761262496165,"combinedScoreRank":44,"engagementSEI":4.05727923627685,"engagementSEIadj":0,"engagementSEIrank":43,"engagementScore":0.46229736281805345,"voiceSEI":25.263157894736842,"voiceSEIadj":0,"voiceSEIrank":20,"voiceScore":1.340033500837521}},"facebook":{"entityString":"536575feb08f37d80186a0d0","type":"facebook","profiles":1,"postsMade":103,"repliesMade":0,"repliesRcvd":614,"sharesMade":0,"sharesRcvd":77,"mentionsRcvd":0,"likesRcvd":2257,"reachRcvd":0,"audience":10390,"voice":103,"conversation":717,"engagement":2948,"group_scoped":{"audienceScore":0.40202397208196955,"voiceScore":2.7792768483540202,"engagementScore":0.10741412517607828,"combinedScore":0.25573775368026996,"combinedScoreRank":75,"SEIrank":32,"engagementSEIrank":75,"voiceSEIrank":19,"audienceSEIrank":99,"engagementSEI":0.12281578091131143,"engagementSEIadj":0.12281578091131143,"voiceSEI":7.132963988919667,"voiceSEIadj":7.132963988919667,"audienceSEI":0.5646444533328696,"audienceSEIadj":0.5646444533328696,"SEI":2.270043110555974,"SEIadj":2.270043110555974},"non_scoped":{"SEI":2.0775108478979525,"SEIrank":21,"SEIadj":0,"audienceSEI":0.5646444533328696,"audienceSEIadj":0,"audienceSEIrank":83,"audienceScore":0.10834032835774206,"combinedScore":0.07529632416266172,"combinedScoreRank":45,"engagementSEI":0.0860652279838111,"engagementSEIadj":0,"engagementSEIrank":53,"engagementScore":0.03564571400795547,"voiceSEI":6.564690885914596,"voiceSEIadj":0,"voiceSEIrank":17,"voiceScore":0.7559633027522936},"scoped":{"SEI":12.737469499910839,"SEIrank":26,"SEIadj":0,"audienceSEI":7.296297076565474,"audienceSEIadj":0,"audienceSEIrank":72,"audienceScore":0.4466248871079298,"combinedScore":0.5192168160882895,"combinedScoreRank":41,"engagementSEI":3.183000960946694,"engagementSEIadj":0,"engagementSEIrank":44,"engagementScore":0.4350283402960495,"voiceSEI":33.66013071895425,"voiceSEIadj":0,"voiceSEIrank":9,"voiceScore":2.107201309328969}},"twitter":{"entityString":"536575feb08f37d80186a0d0","type":"twitter","profiles":1,"postsMade":137,"repliesMade":0,"repliesRcvd":0,"sharesMade":0,"sharesRcvd":431,"mentionsRcvd":0,"likesRcvd":1007,"reachRcvd":0,"audience":14697,"voice":137,"conversation":137,"engagement":1438,"group_scoped":{"audienceScore":1.191158342120257,"voiceScore":2.5183823529411766,"engagementScore":1.3170427901524033,"combinedScore":1.3708155458902347,"combinedScoreRank":86,"SEIrank":85,"engagementSEIrank":91,"voiceSEIrank":52,"audienceSEIrank":144,"engagementSEI":2.495098294379956,"engagementSEIadj":2.495098294379956,"voiceSEI":6.877510040160642,"voiceSEIadj":6.877510040160642,"audienceSEI":2.6525433517665573,"audienceSEIadj":2.6525433517665573,"SEI":3.825566323852822,"SEIadj":3.825566323852822},"non_scoped":{"SEI":3.825566323852822,"SEIrank":38,"SEIadj":0,"audienceSEI":2.6525433517665573,"audienceSEIadj":0,"audienceSEIrank":45,"audienceScore":0.4292806999813648,"combinedScore":0.5872890323997064,"combinedScoreRank":33,"engagementSEI":2.495098294379956,"engagementSEIadj":0,"engagementSEIrank":32,"engagementScore":0.5960399404789044,"voiceSEI":6.877510040160642,"voiceSEIadj":0,"voiceSEIrank":37,"voiceScore":0.5877810193924833},"scoped":{"SEI":16.1542447053407,"SEIrank":25,"SEIadj":0,"audienceSEI":12.608632241791993,"audienceSEIadj":0,"audienceSEIrank":35,"audienceScore":0.6814994936398945,"combinedScore":1.1765272396414561,"combinedScoreRank":24,"engagementSEI":14.185656505869588,"engagementSEIadj":0,"engagementSEIrank":24,"engagementScore":1.2098877614552308,"voiceSEI":21.27329192546584,"voiceSEIadj":0,"voiceSEIrank":27,"voiceScore":1.0710655929950745}},"instagram":{"entityString":"536575feb08f37d80186a0d0","type":"instagram","profiles":0,"postsMade":0,"repliesMade":0,"repliesRcvd":0,"sharesMade":0,"sharesRcvd":0,"mentionsRcvd":0,"likesRcvd":0,"reachRcvd":0,"audience":0,"voice":0,"conversation":0,"engagement":0,"group_scoped":{"audienceScore":0,"voiceScore":0,"engagementScore":0,"combinedScore":0,"combinedScoreRank":165,"SEIrank":147,"engagementSEIrank":147,"voiceSEIrank":147,"audienceSEIrank":147,"engagementSEI":0,"engagementSEIadj":0,"voiceSEI":0,"voiceSEIadj":0,"audienceSEI":0,"audienceSEIadj":0,"SEI":0,"SEIadj":0},"non_scoped":{"SEI":0,"SEIrank":147,"SEIadj":0,"audienceSEI":0,"audienceSEIadj":0,"audienceSEIrank":147,"audienceScore":0,"combinedScore":0,"combinedScoreRank":147,"engagementSEI":0,"engagementSEIadj":0,"engagementSEIrank":147,"engagementScore":0,"voiceSEI":0,"voiceSEIadj":0,"voiceSEIrank":147,"voiceScore":0},"scoped":{"SEI":0,"SEIrank":129,"SEIadj":0,"audienceSEI":0,"audienceSEIadj":0,"audienceSEIrank":129,"audienceScore":0,"combinedScore":0,"combinedScoreRank":129,"engagementSEI":0,"engagementSEIadj":0,"engagementSEIrank":129,"engagementScore":0,"voiceSEI":0,"voiceSEIadj":0,"voiceSEIrank":129,"voiceScore":0}}},"quarter":{"boundaryQuantum":4958502,"combined":{"entityString":"536575feb08f37d80186a0d0","type":"combined","profiles":2,"postsMade":682,"repliesMade":0,"repliesRcvd":1685,"sharesMade":0,"sharesRcvd":1145,"mentionsRcvd":0,"likesRcvd":11256,"reachRcvd":0,"audience":25087,"voice":682,"conversation":2367,"engagement":14086,"group_scoped":{"audienceScore":0.6370194993428443,"voiceScore":2.418096723868955,"engagementScore":0.1463200345118332,"combinedScore":0.28444384222123986,"combinedScoreRank":86,"SEIrank":55,"engagementSEIrank":90,"voiceSEIrank":41,"audienceSEIrank":113,"engagementSEI":0.16603532146269975,"engagementSEIadj":0.16603532146269975,"voiceSEI":6.369069854314531,"voiceSEIadj":6.369069854314531,"audienceSEI":0.9978568769271402,"audienceSEIadj":0.9978568769271402,"SEI":2.1101278368646934,"SEIadj":2.1101278368646934},"non_scoped":{"SEI":2.0842314163515017,"SEIrank":33,"SEIadj":0,"audienceSEI":0.9978568769271402,"audienceSEIadj":0,"audienceSEIrank":63,"audienceScore":0.18475663154201566,"combinedScore":0.08239953771023689,"combinedScoreRank":48,"engagementSEI":0.1228746206073806,"engagementSEIadj":0,"engagementSEIrank":53,"engagementScore":0.04758780568391508,"voiceSEI":6.369069854314531,"voiceSEIadj":0,"voiceSEIrank":29,"voiceScore":0.6066536203522506},"scoped":{"SEI":10.984356088098608,"SEIrank":32,"SEIadj":0,"audienceSEI":13.09937184420901,"audienceSEIadj":0,"audienceSEIrank":52,"audienceScore":0.5338392183608176,"combinedScore":0.5089365090105671,"combinedScoreRank":44,"engagementSEI":2.850384172536672,"engagementSEIadj":0,"engagementSEIrank":44,"engagementScore":0.4649486298769929,"voiceSEI":26.547294667185678,"voiceSEIadj":0,"voiceSEIrank":21,"voiceScore":1.2758156240646512}},"facebook":{"entityString":"536575feb08f37d80186a0d0","type":"facebook","profiles":1,"postsMade":267,"repliesMade":0,"repliesRcvd":1685,"sharesMade":0,"sharesRcvd":211,"mentionsRcvd":0,"likesRcvd":8424,"reachRcvd":0,"audience":10390,"voice":267,"conversation":1952,"engagement":10320,"group_scoped":{"audienceScore":0.40202397208196955,"voiceScore":2.368281000532198,"engagementScore":0.12150337825308519,"combinedScore":0.24786828905848507,"combinedScoreRank":73,"SEIrank":33,"engagementSEIrank":76,"voiceSEIrank":22,"audienceSEIrank":99,"engagementSEI":0.1370606207703949,"engagementSEIadj":0.1370606207703949,"voiceSEI":6.425992779783393,"voiceSEIadj":6.425992779783393,"audienceSEI":0.5646444533328696,"audienceSEIadj":0.5646444533328696,"SEI":2.0664986517305417,"SEIadj":2.0664986517305417},"non_scoped":{"SEI":1.794096744171189,"SEIrank":25,"SEIadj":0,"audienceSEI":0.5646444533328696,"audienceSEIadj":0,"audienceSEIrank":83,"audienceScore":0.10834032835774206,"combinedScore":0.07321221083040169,"combinedScoreRank":46,"engagementSEI":0.093198488125456,"engagementSEIadj":0,"engagementSEIrank":52,"engagementScore":0.03878548952154754,"voiceSEI":5.605710686542095,"voiceSEIadj":0,"voiceSEIrank":20,"voiceScore":0.6577650768624359},"scoped":{"SEI":15.763318060577763,"SEIrank":31,"SEIadj":0,"audienceSEI":7.296297076565474,"audienceSEIadj":0,"audienceSEIrank":72,"audienceScore":0.4466248871079298,"combinedScore":0.5800197901678379,"combinedScoreRank":41,"engagementSEI":8.775659449990645,"engagementSEIadj":0,"engagementSEIrank":43,"engagementScore":0.5184163385540003,"voiceSEI":32.5609756097561,"voiceSEIadj":0,"voiceSEIrank":12,"voiceScore":1.8222768222768224}},"twitter":{"entityString":"536575feb08f37d80186a0d0","type":"twitter","profiles":1,"postsMade":415,"repliesMade":0,"repliesRcvd":0,"sharesMade":0,"sharesRcvd":934,"mentionsRcvd":0,"likesRcvd":2832,"reachRcvd":0,"audience":14697,"voice":415,"conversation":415,"engagement":3766,"group_scoped":{"audienceScore":1.191158342120257,"voiceScore":2.5328043942630454,"engagementScore":0.965883734887228,"combinedScore":1.0554934982176705,"combinedScoreRank":100,"SEIrank":93,"engagementSEIrank":108,"voiceSEIrank":56,"audienceSEIrank":144,"engagementSEI":1.7859175234265339,"engagementSEIadj":1.7859175234265339,"voiceSEI":6.90745672436751,"voiceSEIadj":6.90745672436751,"audienceSEI":2.6525433517665573,"audienceSEIadj":2.6525433517665573,"SEI":3.409041866542829,"SEIadj":3.409041866542829},"non_scoped":{"SEI":3.409041866542829,"SEIrank":39,"SEIadj":0,"audienceSEI":2.6525433517665573,"audienceSEIadj":0,"audienceSEIrank":45,"audienceScore":0.4292806999813648,"combinedScore":0.45908625819438,"combinedScoreRank":39,"engagementSEI":1.7859175234265339,"engagementSEIadj":0,"engagementSEIrank":38,"engagementScore":0.4531234960053903,"voiceSEI":6.90745672436751,"voiceSEIadj":0,"voiceSEIrank":36,"voiceScore":0.5962215358092091},"scoped":{"SEI":15.336637029211602,"SEIrank":30,"SEIadj":0,"audienceSEI":12.608632241791993,"audienceSEIadj":0,"audienceSEIrank":35,"audienceScore":0.6814994936398945,"combinedScore":0.9339298651319798,"combinedScoreRank":29,"engagementSEI":11.847983388913358,"engagementSEIadj":0,"engagementSEIrank":29,"engagementScore":0.9394285600251446,"voiceSEI":23.22327923894796,"voiceSEIadj":0,"voiceSEIrank":26,"voiceScore":1.0873837285470982}},"instagram":{"entityString":"536575feb08f37d80186a0d0","type":"instagram","profiles":0,"postsMade":0,"repliesMade":0,"repliesRcvd":0,"sharesMade":0,"sharesRcvd":0,"mentionsRcvd":0,"likesRcvd":0,"reachRcvd":0,"audience":0,"voice":0,"conversation":0,"engagement":0,"group_scoped":{"audienceScore":0,"voiceScore":0,"engagementScore":0,"combinedScore":0,"combinedScoreRank":165,"SEIrank":147,"engagementSEIrank":147,"voiceSEIrank":147,"audienceSEIrank":147,"engagementSEI":0,"engagementSEIadj":0,"voiceSEI":0,"voiceSEIadj":0,"audienceSEI":0,"audienceSEIadj":0,"SEI":0,"SEIadj":0},"non_scoped":{"SEI":0,"SEIrank":147,"SEIadj":0,"audienceSEI":0,"audienceSEIadj":0,"audienceSEIrank":147,"audienceScore":0,"combinedScore":0,"combinedScoreRank":147,"engagementSEI":0,"engagementSEIadj":0,"engagementSEIrank":147,"engagementScore":0,"voiceSEI":0,"voiceSEIadj":0,"voiceSEIrank":147,"voiceScore":0},"scoped":{"SEI":0,"SEIrank":129,"SEIadj":0,"audienceSEI":0,"audienceSEIadj":0,"audienceSEIrank":129,"audienceScore":0,"combinedScore":0,"combinedScoreRank":129,"engagementSEI":0,"engagementSEIadj":0,"engagementSEIrank":129,"engagementScore":0,"voiceSEI":0,"voiceSEIadj":0,"voiceSEIrank":129,"voiceScore":0}}},"blended":{"combined":{"non_scoped":{"SEI":2.268834163914008,"SEIadj":60.9075336655656,"SEIrank":30,"audienceSEI":0.9978568769271402,"audienceSEIadj":60.39914275077086,"audienceSEIrank":63,"engagementSEI":0.1300895274541503,"engagementSEIadj":60.05203581098166,"engagementSEIrank":51,"voiceSEI":6.969982532496013,"voiceSEIadj":62.787993012998406,"voiceSEIrank":24},"scoped":{"SEI":12.023602076252402,"SEIadj":56.0118010381262,"SEIrank":67,"compCharisma":0,"compInfluence":3,"compEva":9.023602076252402,"audienceSEI":13.099371844209008,"audienceSEIadj":65.2397487376836,"audienceSEIrank":52,"engagementSEI":3.668406489404571,"engagementSEIadj":61.46736259576183,"engagementSEIrank":42,"voiceSEI":27.873931828614175,"voiceSEIadj":78.36217954858425,"voiceSEIrank":16}},"facebook":{"non_scoped":{"SEI":2.0959217435817776,"SEIadj":70.62877652307454,"SEIrank":19,"audienceSEI":0.5646444533328696,"audienceSEIadj":50.28232222666644,"audienceSEIrank":83,"engagementSEI":0.09310226854368413,"engagementSEIadj":60.03724090741748,"engagementSEIrank":49,"voiceSEI":6.611986457074267,"voiceSEIadj":71.98359593712227,"voiceSEIrank":17},"scoped":{"SEI":15.253429850755989,"SEIadj":66.1013719403024,"SEIrank":29,"audienceSEI":7.296297076565474,"audienceSEIadj":53.64814853828274,"audienceSEIrank":72,"engagementSEI":7.2347616836536295,"engagementSEIadj":62.89390467346145,"engagementSEIrank":40,"voiceSEI":33.943143776357545,"voiceSEIadj":80.18294313290727,"voiceSEIrank":9}},"twitter":{"non_scoped":{"SEI":3.872593618818876,"SEIadj":61.54903744752755,"SEIrank":36,"audienceSEI":2.6525433517665573,"audienceSEIadj":61.06101734070662,"audienceSEIrank":45,"engagementSEI":2.434150978591701,"engagementSEIadj":60.97366039143668,"engagementSEIrank":29,"voiceSEI":7.1561623216240005,"voiceSEIadj":62.8624649286496,"voiceSEIrank":35},"scoped":{"SEI":17.067948033025537,"SEIadj":66.82717921321021,"SEIrank":26,"audienceSEI":12.608632241791993,"audienceSEIadj":65.0434528967168,"audienceSEIrank":35,"engagementSEI":14.962343162448821,"engagementSEIadj":74.48870294873464,"engagementSEIrank":19,"voiceSEI":22.76559637125682,"voiceSEIadj":69.10623854850273,"voiceSEIrank":25}},"instagram":{"non_scoped":{"SEI":0,"SEIadj":0,"SEIrank":147,"audienceSEI":0,"audienceSEIadj":0,"audienceSEIrank":147,"engagementSEI":0,"engagementSEIadj":0,"engagementSEIrank":147,"voiceSEI":0,"voiceSEIadj":0,"voiceSEIrank":147},"scoped":{"SEI":0,"SEIadj":0,"SEIrank":129,"audienceSEI":0,"audienceSEIadj":0,"audienceSEIrank":129,"engagementSEI":0,"engagementSEIadj":0,"engagementSEIrank":129,"voiceSEI":0,"voiceSEIadj":0,"voiceSEIrank":129}},"influence":{"instagram":{"scope":"individual","ratio":0,"calculated":false},"combined":{"ratio":0.6,"bottom":false,"scope":"individual","calculated":true},"facebook":{"ratio":0.92,"bottom":false,"scope":"individual","calculated":true},"twitter":{"ratio":1.15,"bottom":false,"scope":"individual","calculated":true}},"charisma":{"instagram":{"scope":"individual","ratio":0,"calculated":false},"combined":{"ratio":0.32,"bottom":false,"scope":"individual","calculated":true},"facebook":{"ratio":0.28,"bottom":false,"scope":"individual","calculated":true},"twitter":{"ratio":0.94,"bottom":false,"scope":"individual","calculated":true}}},"scope":"individual"}}