{"scoreEntityString":"591d1494ab33fb0001804f89.asset.536575feb08f37d80186a096","timeQuantum":4984422,"scoreEntityType":"asset","scoreProfileID":"591d1494ab33fb0001804f89","data":{"scoreEntityString":"591d1494ab33fb0001804f89.asset.536575feb08f37d80186a096","scoreProfileID":"591d1494ab33fb0001804f89","scoreEntityType":"asset","entityID":"asset.536575feb08f37d80186a096","object_version":"1.2","score_engine_version":"3.0.19","timestamp":4984422,"start_quantum":4958502,"end_quantum":4984421,"schedule_options":{"interval":15,"offset":"1"},"_15min":{"boundaryQuantum":4984419,"combined":{"entityString":"536575feb08f37d80186a096","type":"combined","profiles":1,"postsMade":0,"repliesMade":0,"repliesRcvd":0,"sharesMade":0,"sharesRcvd":0,"mentionsRcvd":0,"likesRcvd":0,"reachRcvd":0,"audience":13555,"voice":0,"conversation":0,"engagement":0,"group_scoped":{"audienceScore":0.5950473447850498,"voiceScore":0,"engagementScore":0,"combinedScore":0.5950473447850498,"engagementSEI":0,"engagementSEIadj":0,"voiceSEI":0,"voiceSEIadj":0,"audienceSEI":0.9218178751740947,"audienceSEIadj":0.9218178751740947,"SEI":0.09218178751740948,"SEIadj":0.09218178751740948,"combinedScoreRank":113,"SEIrank":118,"engagementSEIrank":37,"voiceSEIrank":31,"audienceSEIrank":118},"non_scoped":{"SEI":0.053916171589856836,"SEIrank":111,"SEIadj":0,"audienceSEI":0.5391617158985683,"audienceSEIadj":0,"audienceSEIrank":111,"audienceScore":0.09982764541603309,"combinedScore":0.0049913822708016545,"combinedScoreRank":111,"engagementSEI":0,"engagementSEIadj":0,"engagementSEIrank":37,"engagementScore":0,"voiceSEI":0,"voiceSEIadj":0,"voiceSEIrank":31,"voiceScore":0},"scoped":{"SEI":0.7077848501146137,"SEIrank":99,"SEIadj":0,"audienceSEI":7.0778485011461365,"audienceSEIadj":0,"audienceSEIrank":99,"audienceScore":0.2884438396333114,"combinedScore":0.04120626280475877,"combinedScoreRank":99,"engagementSEI":0,"engagementSEIadj":0,"engagementSEIrank":30,"engagementScore":0,"voiceSEI":0,"voiceSEIadj":0,"voiceSEIrank":27,"voiceScore":0}},"facebook":{"entityString":"536575feb08f37d80186a096","type":"facebook","profiles":0,"postsMade":0,"repliesMade":0,"repliesRcvd":0,"sharesMade":0,"sharesRcvd":0,"mentionsRcvd":0,"likesRcvd":0,"reachRcvd":0,"audience":0,"voice":0,"conversation":0,"engagement":0,"group_scoped":{"audienceScore":0,"voiceScore":0,"engagementScore":0,"combinedScore":0,"engagementSEI":0,"engagementSEIadj":0,"voiceSEI":0,"voiceSEIadj":0,"audienceSEI":0,"audienceSEIadj":0,"SEI":0,"SEIadj":0,"combinedScoreRank":200,"SEIrank":200,"engagementSEIrank":35,"voiceSEIrank":31,"audienceSEIrank":200},"non_scoped":{"SEI":0,"SEIrank":200,"SEIadj":0,"audienceSEI":0,"audienceSEIadj":0,"audienceSEIrank":200,"audienceScore":0,"combinedScore":0,"combinedScoreRank":200,"engagementSEI":0,"engagementSEIadj":0,"engagementSEIrank":35,"engagementScore":0,"voiceSEI":0,"voiceSEIadj":0,"voiceSEIrank":31,"voiceScore":0},"scoped":{"SEI":0,"SEIrank":182,"SEIadj":0,"audienceSEI":0,"audienceSEIadj":0,"audienceSEIrank":182,"audienceScore":0,"combinedScore":0,"combinedScoreRank":182,"engagementSEI":0,"engagementSEIadj":0,"engagementSEIrank":28,"engagementScore":0,"voiceSEI":0,"voiceSEIadj":0,"voiceSEIrank":27,"voiceScore":0}},"twitter":{"entityString":"536575feb08f37d80186a096","type":"twitter","profiles":1,"postsMade":0,"repliesMade":0,"repliesRcvd":0,"sharesMade":0,"sharesRcvd":0,"mentionsRcvd":0,"likesRcvd":0,"reachRcvd":0,"audience":13555,"voice":0,"conversation":0,"engagement":0,"group_scoped":{"audienceScore":2.1560396946710587,"voiceScore":0,"engagementScore":0,"combinedScore":2.1560396946710587,"engagementSEI":0,"engagementSEIadj":0,"voiceSEI":0,"voiceSEIadj":0,"audienceSEI":5.081194146224434,"audienceSEIadj":5.081194146224434,"SEI":0.5081194146224435,"SEIadj":0.5081194146224435,"combinedScoreRank":65,"SEIrank":88,"engagementSEIrank":32,"voiceSEIrank":30,"audienceSEIrank":87},"non_scoped":{"SEI":0.24464329545618624,"SEIrank":49,"SEIadj":0,"audienceSEI":2.446432954561862,"audienceSEIadj":0,"audienceSEIrank":49,"audienceScore":0.39592433069656396,"combinedScore":0.0197962165348282,"combinedScoreRank":49,"engagementSEI":0,"engagementSEIadj":0,"engagementSEIrank":32,"engagementScore":0,"voiceSEI":0,"voiceSEIadj":0,"voiceSEIrank":30,"voiceScore":0},"scoped":{"SEI":1.162890454089205,"SEIrank":39,"SEIadj":0,"audienceSEI":11.62890454089205,"audienceSEIadj":0,"audienceSEIrank":39,"audienceScore":0.628544984438237,"combinedScore":0.08979214063403386,"combinedScoreRank":39,"engagementSEI":0,"engagementSEIadj":0,"engagementSEIrank":28,"engagementScore":0,"voiceSEI":0,"voiceSEIadj":0,"voiceSEIrank":27,"voiceScore":0}},"instagram":{"entityString":"536575feb08f37d80186a096","type":"instagram","profiles":0,"postsMade":0,"repliesMade":0,"repliesRcvd":0,"sharesMade":0,"sharesRcvd":0,"mentionsRcvd":0,"likesRcvd":0,"reachRcvd":0,"audience":0,"voice":0,"conversation":0,"engagement":0,"group_scoped":{"audienceScore":0,"voiceScore":0,"engagementScore":0,"combinedScore":0,"engagementSEI":0,"engagementSEIadj":0,"voiceSEI":0,"voiceSEIadj":0,"audienceSEI":0,"audienceSEIadj":0,"SEI":0,"SEIadj":0,"combinedScoreRank":74,"SEIrank":56,"engagementSEIrank":32,"voiceSEIrank":29,"audienceSEIrank":56},"non_scoped":{"SEI":0,"SEIrank":56,"SEIadj":0,"audienceSEI":0,"audienceSEIadj":0,"audienceSEIrank":56,"audienceScore":0,"combinedScore":0,"combinedScoreRank":56,"engagementSEI":0,"engagementSEIadj":0,"engagementSEIrank":32,"engagementScore":0,"voiceSEI":0,"voiceSEIadj":0,"voiceSEIrank":29,"voiceScore":0},"scoped":{"SEI":0,"SEIrank":49,"SEIadj":0,"audienceSEI":0,"audienceSEIadj":0,"audienceSEIrank":49,"audienceScore":0,"combinedScore":0,"combinedScoreRank":49,"engagementSEI":0,"engagementSEIadj":0,"engagementSEIrank":28,"engagementScore":0,"voiceSEI":0,"voiceSEIadj":0,"voiceSEIrank":27,"voiceScore":0}}},"hour":{"boundaryQuantum":4984410,"combined":{"entityString":"536575feb08f37d80186a096","type":"combined","profiles":1,"postsMade":0,"repliesMade":0,"repliesRcvd":0,"sharesMade":0,"sharesRcvd":0,"mentionsRcvd":0,"likesRcvd":0,"reachRcvd":0,"audience":13555,"voice":0,"conversation":0,"engagement":0,"group_scoped":{"audienceScore":0.5950473447850498,"voiceScore":0,"engagementScore":0,"combinedScore":0.5950473447850498,"combinedScoreRank":98,"SEIrank":125,"engagementSEIrank":78,"voiceSEIrank":40,"audienceSEIrank":118,"engagementSEI":0,"engagementSEIadj":0,"voiceSEI":0,"voiceSEIadj":0,"audienceSEI":0.9218178751740947,"audienceSEIadj":0.9218178751740947,"SEI":0.09218178751740948,"SEIadj":0.09218178751740948},"non_scoped":{"SEI":0.053916171589856836,"SEIrank":113,"SEIadj":0,"audienceSEI":0.5391617158985683,"audienceSEIadj":0,"audienceSEIrank":111,"audienceScore":0.09982764541603309,"combinedScore":0.0049913822708016545,"combinedScoreRank":120,"engagementSEI":0,"engagementSEIadj":0,"engagementSEIrank":78,"engagementScore":0,"voiceSEI":0,"voiceSEIadj":0,"voiceSEIrank":40,"voiceScore":0},"scoped":{"SEI":0.7077848501146137,"SEIrank":101,"SEIadj":0,"audienceSEI":7.0778485011461365,"audienceSEIadj":0,"audienceSEIrank":99,"audienceScore":0.2884438396333114,"combinedScore":0.01442219198166557,"combinedScoreRank":108,"engagementSEI":0,"engagementSEIadj":0,"engagementSEIrank":68,"engagementScore":0,"voiceSEI":0,"voiceSEIadj":0,"voiceSEIrank":33,"voiceScore":0}},"facebook":{"entityString":"536575feb08f37d80186a096","type":"facebook","profiles":0,"postsMade":0,"repliesMade":0,"repliesRcvd":0,"sharesMade":0,"sharesRcvd":0,"mentionsRcvd":0,"likesRcvd":0,"reachRcvd":0,"audience":0,"voice":0,"conversation":0,"engagement":0,"group_scoped":{"audienceScore":0,"voiceScore":0,"engagementScore":0,"combinedScore":0,"combinedScoreRank":200,"SEIrank":200,"engagementSEIrank":66,"voiceSEIrank":35,"audienceSEIrank":200,"engagementSEI":0,"engagementSEIadj":0,"voiceSEI":0,"voiceSEIadj":0,"audienceSEI":0,"audienceSEIadj":0,"SEI":0,"SEIadj":0},"non_scoped":{"SEI":0,"SEIrank":200,"SEIadj":0,"audienceSEI":0,"audienceSEIadj":0,"audienceSEIrank":200,"audienceScore":0,"combinedScore":0,"combinedScoreRank":200,"engagementSEI":0,"engagementSEIadj":0,"engagementSEIrank":66,"engagementScore":0,"voiceSEI":0,"voiceSEIadj":0,"voiceSEIrank":35,"voiceScore":0},"scoped":{"SEI":0,"SEIrank":182,"SEIadj":0,"audienceSEI":0,"audienceSEIadj":0,"audienceSEIrank":182,"audienceScore":0,"combinedScore":0,"combinedScoreRank":182,"engagementSEI":0,"engagementSEIadj":0,"engagementSEIrank":56,"engagementScore":0,"voiceSEI":0,"voiceSEIadj":0,"voiceSEIrank":28,"voiceScore":0}},"twitter":{"entityString":"536575feb08f37d80186a096","type":"twitter","profiles":1,"postsMade":0,"repliesMade":0,"repliesRcvd":0,"sharesMade":0,"sharesRcvd":0,"mentionsRcvd":0,"likesRcvd":0,"reachRcvd":0,"audience":13555,"voice":0,"conversation":0,"engagement":0,"group_scoped":{"audienceScore":2.1560396946710587,"voiceScore":0,"engagementScore":0,"combinedScore":2.1560396946710587,"combinedScoreRank":73,"SEIrank":103,"engagementSEIrank":58,"voiceSEIrank":38,"audienceSEIrank":87,"engagementSEI":0,"engagementSEIadj":0,"voiceSEI":0,"voiceSEIadj":0,"audienceSEI":5.081194146224434,"audienceSEIadj":5.081194146224434,"SEI":0.5081194146224435,"SEIadj":0.5081194146224435},"non_scoped":{"SEI":0.24464329545618624,"SEIrank":64,"SEIadj":0,"audienceSEI":2.446432954561862,"audienceSEIadj":0,"audienceSEIrank":49,"audienceScore":0.39592433069656396,"combinedScore":0.0197962165348282,"combinedScoreRank":64,"engagementSEI":0,"engagementSEIadj":0,"engagementSEIrank":58,"engagementScore":0,"voiceSEI":0,"voiceSEIadj":0,"voiceSEIrank":38,"voiceScore":0},"scoped":{"SEI":1.162890454089205,"SEIrank":54,"SEIadj":0,"audienceSEI":11.62890454089205,"audienceSEIadj":0,"audienceSEIrank":39,"audienceScore":0.628544984438237,"combinedScore":0.031427249221911854,"combinedScoreRank":54,"engagementSEI":0,"engagementSEIadj":0,"engagementSEIrank":51,"engagementScore":0,"voiceSEI":0,"voiceSEIadj":0,"voiceSEIrank":33,"voiceScore":0}},"instagram":{"entityString":"536575feb08f37d80186a096","type":"instagram","profiles":0,"postsMade":0,"repliesMade":0,"repliesRcvd":0,"sharesMade":0,"sharesRcvd":0,"mentionsRcvd":0,"likesRcvd":0,"reachRcvd":0,"audience":0,"voice":0,"conversation":0,"engagement":0,"group_scoped":{"audienceScore":0,"voiceScore":0,"engagementScore":0,"combinedScore":0,"combinedScoreRank":74,"SEIrank":56,"engagementSEIrank":38,"voiceSEIrank":29,"audienceSEIrank":56,"engagementSEI":0,"engagementSEIadj":0,"voiceSEI":0,"voiceSEIadj":0,"audienceSEI":0,"audienceSEIadj":0,"SEI":0,"SEIadj":0},"non_scoped":{"SEI":0,"SEIrank":56,"SEIadj":0,"audienceSEI":0,"audienceSEIadj":0,"audienceSEIrank":56,"audienceScore":0,"combinedScore":0,"combinedScoreRank":56,"engagementSEI":0,"engagementSEIadj":0,"engagementSEIrank":38,"engagementScore":0,"voiceSEI":0,"voiceSEIadj":0,"voiceSEIrank":29,"voiceScore":0},"scoped":{"SEI":0,"SEIrank":49,"SEIadj":0,"audienceSEI":0,"audienceSEIadj":0,"audienceSEIrank":49,"audienceScore":0,"combinedScore":0,"combinedScoreRank":49,"engagementSEI":0,"engagementSEIadj":0,"engagementSEIrank":33,"engagementScore":0,"voiceSEI":0,"voiceSEIadj":0,"voiceSEIrank":27,"voiceScore":0}}},"today":{"boundaryQuantum":4984134,"combined":{"entityString":"536575feb08f37d80186a096","type":"combined","profiles":1,"postsMade":5,"repliesMade":0,"repliesRcvd":0,"sharesMade":0,"sharesRcvd":9,"mentionsRcvd":0,"likesRcvd":30,"reachRcvd":0,"audience":13555,"voice":5,"conversation":5,"engagement":39,"group_scoped":{"audienceScore":0.5950473447850498,"voiceScore":2.9585798816568047,"engagementScore":0.24522132796780685,"combinedScore":0.3983805564931189,"combinedScoreRank":82,"SEIrank":38,"engagementSEIrank":49,"voiceSEIrank":30,"audienceSEIrank":118,"engagementSEI":0.29811955358507874,"engagementSEIadj":0.29811955358507874,"voiceSEI":8.771929824561402,"voiceSEIadj":8.771929824561402,"audienceSEI":0.9218178751740947,"audienceSEIadj":0.9218178751740947,"SEI":2.9026324670368777,"SEIadj":2.9026324670368777},"non_scoped":{"SEI":1.714249816224014,"SEIrank":32,"SEIadj":0,"audienceSEI":0.5391617158985683,"audienceSEIadj":0,"audienceSEIrank":111,"audienceScore":0.09982764541603309,"combinedScore":0.04510688433512666,"combinedScoreRank":53,"engagementSEI":0.01996999380418141,"engagementSEIadj":0,"engagementSEIrank":62,"engagementScore":0.010405771734722192,"voiceSEI":5.4945054945054945,"voiceSEIadj":0,"voiceSEIrank":28,"voiceScore":0.6150061500615006},"scoped":{"SEI":6.011799790510115,"SEIrank":33,"SEIadj":0,"audienceSEI":7.0778485011461365,"audienceSEIadj":0,"audienceSEIrank":99,"audienceScore":0.2884438396333114,"combinedScore":0.17352654016705532,"combinedScoreRank":53,"engagementSEI":0.2193352454867555,"engagementSEIadj":0,"engagementSEIrank":53,"engagementScore":0.1042557741659538,"voiceSEI":17.24137931034483,"voiceSEIadj":0,"voiceSEIrank":20,"voiceScore":1.3054830287206265}},"facebook":{"entityString":"536575feb08f37d80186a096","type":"facebook","profiles":0,"postsMade":0,"repliesMade":0,"repliesRcvd":0,"sharesMade":0,"sharesRcvd":0,"mentionsRcvd":0,"likesRcvd":0,"reachRcvd":0,"audience":0,"voice":0,"conversation":0,"engagement":0,"group_scoped":{"audienceScore":0,"voiceScore":0,"engagementScore":0,"combinedScore":0,"combinedScoreRank":200,"SEIrank":200,"engagementSEIrank":127,"voiceSEIrank":78,"audienceSEIrank":200,"engagementSEI":0,"engagementSEIadj":0,"voiceSEI":0,"voiceSEIadj":0,"audienceSEI":0,"audienceSEIadj":0,"SEI":0,"SEIadj":0},"non_scoped":{"SEI":0,"SEIrank":200,"SEIadj":0,"audienceSEI":0,"audienceSEIadj":0,"audienceSEIrank":200,"audienceScore":0,"combinedScore":0,"combinedScoreRank":200,"engagementSEI":0,"engagementSEIadj":0,"engagementSEIrank":127,"engagementScore":0,"voiceSEI":0,"voiceSEIadj":0,"voiceSEIrank":78,"voiceScore":0},"scoped":{"SEI":0,"SEIrank":182,"SEIadj":0,"audienceSEI":0,"audienceSEIadj":0,"audienceSEIrank":182,"audienceScore":0,"combinedScore":0,"combinedScoreRank":182,"engagementSEI":0,"engagementSEIadj":0,"engagementSEIrank":116,"engagementScore":0,"voiceSEI":0,"voiceSEIadj":0,"voiceSEIrank":69,"voiceScore":0}},"twitter":{"entityString":"536575feb08f37d80186a096","type":"twitter","profiles":1,"postsMade":5,"repliesMade":0,"repliesRcvd":0,"sharesMade":0,"sharesRcvd":9,"mentionsRcvd":0,"likesRcvd":30,"reachRcvd":0,"audience":13555,"voice":5,"conversation":5,"engagement":39,"group_scoped":{"audienceScore":2.1560396946710587,"voiceScore":4.273504273504273,"engagementScore":3.173311635475997,"combinedScore":3.177457670337164,"combinedScoreRank":54,"SEIrank":46,"engagementSEIrank":47,"voiceSEIrank":29,"audienceSEIrank":87,"engagementSEI":7.707509881422925,"engagementSEIadj":7.707509881422925,"voiceSEI":15.151515151515152,"voiceSEIadj":15.151515151515152,"audienceSEI":5.081194146224434,"audienceSEIadj":5.081194146224434,"SEI":9.678079888930744,"SEIadj":9.678079888930744},"non_scoped":{"SEI":4.845053131521761,"SEIrank":28,"SEIadj":0,"audienceSEI":2.446432954561862,"audienceSEIadj":0,"audienceSEIrank":49,"audienceScore":0.39592433069656396,"combinedScore":0.6253517720903838,"combinedScoreRank":29,"engagementSEI":2.459016393442623,"engagementSEIadj":0,"engagementSEIrank":28,"engagementScore":0.6172839506172839,"voiceSEI":10.416666666666668,"voiceSEIadj":0,"voiceSEIrank":24,"voiceScore":1},"scoped":{"SEI":11.281563602502132,"SEIrank":21,"SEIadj":0,"audienceSEI":11.62890454089205,"audienceSEIadj":0,"audienceSEIrank":39,"audienceScore":0.628544984438237,"combinedScore":1.0933997376476172,"combinedScoreRank":22,"engagementSEI":7.24907063197026,"engagementSEIadj":0,"engagementSEIrank":22,"engagementScore":1.0848400556328233,"voiceSEI":19.230769230769234,"voiceSEIadj":0,"voiceSEIrank":16,"voiceScore":1.7123287671232876}},"instagram":{"entityString":"536575feb08f37d80186a096","type":"instagram","profiles":0,"postsMade":0,"repliesMade":0,"repliesRcvd":0,"sharesMade":0,"sharesRcvd":0,"mentionsRcvd":0,"likesRcvd":0,"reachRcvd":0,"audience":0,"voice":0,"conversation":0,"engagement":0,"group_scoped":{"audienceScore":0,"voiceScore":0,"engagementScore":0,"combinedScore":0,"combinedScoreRank":74,"SEIrank":56,"engagementSEIrank":48,"voiceSEIrank":35,"audienceSEIrank":56,"engagementSEI":0,"engagementSEIadj":0,"voiceSEI":0,"voiceSEIadj":0,"audienceSEI":0,"audienceSEIadj":0,"SEI":0,"SEIadj":0},"non_scoped":{"SEI":0,"SEIrank":56,"SEIadj":0,"audienceSEI":0,"audienceSEIadj":0,"audienceSEIrank":56,"audienceScore":0,"combinedScore":0,"combinedScoreRank":56,"engagementSEI":0,"engagementSEIadj":0,"engagementSEIrank":48,"engagementScore":0,"voiceSEI":0,"voiceSEIadj":0,"voiceSEIrank":35,"voiceScore":0},"scoped":{"SEI":0,"SEIrank":49,"SEIadj":0,"audienceSEI":0,"audienceSEIadj":0,"audienceSEIrank":49,"audienceScore":0,"combinedScore":0,"combinedScoreRank":49,"engagementSEI":0,"engagementSEIadj":0,"engagementSEIrank":41,"engagementScore":0,"voiceSEI":0,"voiceSEIadj":0,"voiceSEIrank":29,"voiceScore":0}}},"week":{"boundaryQuantum":4982406,"combined":{"entityString":"536575feb08f37d80186a096","type":"combined","profiles":1,"postsMade":91,"repliesMade":0,"repliesRcvd":0,"sharesMade":0,"sharesRcvd":85,"mentionsRcvd":0,"likesRcvd":450,"reachRcvd":0,"audience":13555,"voice":91,"conversation":91,"engagement":535,"group_scoped":{"audienceScore":0.5950473447850498,"voiceScore":5.0359712230215825,"engagementScore":0.37704467450825624,"combinedScore":0.6208911354477622,"combinedScoreRank":48,"SEIrank":26,"engagementSEIrank":45,"voiceSEIrank":17,"audienceSEIrank":118,"engagementSEI":0.43871158198576443,"engagementSEIadj":0.43871158198576443,"voiceSEI":13.150289017341041,"voiceSEIadj":13.150289017341041,"audienceSEI":0.9218178751740947,"audienceSEIadj":0.9218178751740947,"SEI":4.30049544191118,"SEIadj":4.30049544191118},"non_scoped":{"SEI":3.2611809762119597,"SEIrank":19,"SEIadj":0,"audienceSEI":0.5391617158985683,"audienceSEIadj":0,"audienceSEIrank":111,"audienceScore":0.09982764541603309,"combinedScore":0.07463173922437906,"combinedScoreRank":48,"engagementSEI":0.054743666618233024,"engagementSEIadj":0,"engagementSEIrank":73,"engagementScore":0.022312761523290144,"voiceSEI":10.58139534883721,"voiceSEIadj":0,"voiceSEIrank":15,"voiceScore":0.9911774316523254},"scoped":{"SEI":14.072626794723094,"SEIrank":22,"SEIadj":0,"audienceSEI":7.0778485011461365,"audienceSEIadj":0,"audienceSEIrank":99,"audienceScore":0.2884438396333114,"combinedScore":0.3521470445267533,"combinedScoreRank":53,"engagementSEI":1.7792410788519737,"engagementSEIadj":0,"engagementSEIrank":64,"engagementScore":0.25985253975501005,"voiceSEI":40.99099099099099,"voiceSEIadj":0,"voiceSEIrank":7,"voiceScore":2.0771513353115725}},"facebook":{"entityString":"536575feb08f37d80186a096","type":"facebook","profiles":0,"postsMade":0,"repliesMade":0,"repliesRcvd":0,"sharesMade":0,"sharesRcvd":0,"mentionsRcvd":0,"likesRcvd":0,"reachRcvd":0,"audience":0,"voice":0,"conversation":0,"engagement":0,"group_scoped":{"audienceScore":0,"voiceScore":0,"engagementScore":0,"combinedScore":0,"combinedScoreRank":200,"SEIrank":200,"engagementSEIrank":147,"voiceSEIrank":143,"audienceSEIrank":200,"engagementSEI":0,"engagementSEIadj":0,"voiceSEI":0,"voiceSEIadj":0,"audienceSEI":0,"audienceSEIadj":0,"SEI":0,"SEIadj":0},"non_scoped":{"SEI":0,"SEIrank":200,"SEIadj":0,"audienceSEI":0,"audienceSEIadj":0,"audienceSEIrank":200,"audienceScore":0,"combinedScore":0,"combinedScoreRank":200,"engagementSEI":0,"engagementSEIadj":0,"engagementSEIrank":147,"engagementScore":0,"voiceSEI":0,"voiceSEIadj":0,"voiceSEIrank":143,"voiceScore":0},"scoped":{"SEI":0,"SEIrank":182,"SEIadj":0,"audienceSEI":0,"audienceSEIadj":0,"audienceSEIrank":182,"audienceScore":0,"combinedScore":0,"combinedScoreRank":182,"engagementSEI":0,"engagementSEIadj":0,"engagementSEIrank":136,"engagementScore":0,"voiceSEI":0,"voiceSEIadj":0,"voiceSEIrank":132,"voiceScore":0}},"twitter":{"entityString":"536575feb08f37d80186a096","type":"twitter","profiles":1,"postsMade":91,"repliesMade":0,"repliesRcvd":0,"sharesMade":0,"sharesRcvd":85,"mentionsRcvd":0,"likesRcvd":450,"reachRcvd":0,"audience":13555,"voice":91,"conversation":91,"engagement":535,"group_scoped":{"audienceScore":2.1560396946710587,"voiceScore":7.037896365042537,"engagementScore":4.080231848688225,"combinedScore":4.131905466805082,"combinedScoreRank":35,"SEIrank":32,"engagementSEIrank":45,"voiceSEIrank":18,"audienceSEIrank":87,"engagementSEI":7.422308546059933,"engagementSEIadj":7.422308546059933,"voiceSEI":19.48608137044968,"voiceSEIadj":19.48608137044968,"audienceSEI":5.081194146224434,"audienceSEIadj":5.081194146224434,"SEI":10.807328953393306,"SEIadj":10.807328953393306},"non_scoped":{"SEI":7.954113882216258,"SEIrank":15,"SEIadj":0,"audienceSEI":2.446432954561862,"audienceSEIadj":0,"audienceSEIrank":49,"audienceScore":0.39592433069656396,"combinedScore":0.8842306345950569,"combinedScoreRank":23,"engagementSEI":3.4288277895276544,"engagementSEIadj":0,"engagementSEIrank":24,"engagementScore":0.8723300179357574,"voiceSEI":18.84057971014493,"voiceSEIadj":0,"voiceSEIrank":11,"voiceScore":1.5867480383609416},"scoped":{"SEI":30.24797401325813,"SEIrank":10,"SEIadj":0,"audienceSEI":11.62890454089205,"audienceSEIadj":0,"audienceSEIrank":39,"audienceScore":0.628544984438237,"combinedScore":1.828848648085682,"combinedScoreRank":15,"engagementSEI":20.388719512195124,"engagementSEIadj":0,"engagementSEIrank":16,"engagementScore":1.8360273173410206,"voiceSEI":56.17283950617284,"voiceSEIadj":0,"voiceSEIrank":3,"voiceScore":2.89993626513703}},"instagram":{"entityString":"536575feb08f37d80186a096","type":"instagram","profiles":0,"postsMade":0,"repliesMade":0,"repliesRcvd":0,"sharesMade":0,"sharesRcvd":0,"mentionsRcvd":0,"likesRcvd":0,"reachRcvd":0,"audience":0,"voice":0,"conversation":0,"engagement":0,"group_scoped":{"audienceScore":0,"voiceScore":0,"engagementScore":0,"combinedScore":0,"combinedScoreRank":74,"SEIrank":56,"engagementSEIrank":51,"voiceSEIrank":49,"audienceSEIrank":56,"engagementSEI":0,"engagementSEIadj":0,"voiceSEI":0,"voiceSEIadj":0,"audienceSEI":0,"audienceSEIadj":0,"SEI":0,"SEIadj":0},"non_scoped":{"SEI":0,"SEIrank":56,"SEIadj":0,"audienceSEI":0,"audienceSEIadj":0,"audienceSEIrank":56,"audienceScore":0,"combinedScore":0,"combinedScoreRank":56,"engagementSEI":0,"engagementSEIadj":0,"engagementSEIrank":51,"engagementScore":0,"voiceSEI":0,"voiceSEIadj":0,"voiceSEIrank":49,"voiceScore":0},"scoped":{"SEI":0,"SEIrank":49,"SEIadj":0,"audienceSEI":0,"audienceSEIadj":0,"audienceSEIrank":49,"audienceScore":0,"combinedScore":0,"combinedScoreRank":49,"engagementSEI":0,"engagementSEIadj":0,"engagementSEIrank":44,"engagementScore":0,"voiceSEI":0,"voiceSEIadj":0,"voiceSEIrank":42,"voiceScore":0}}},"month":{"boundaryQuantum":4975782,"combined":{"entityString":"536575feb08f37d80186a096","type":"combined","profiles":1,"postsMade":220,"repliesMade":0,"repliesRcvd":0,"sharesMade":0,"sharesRcvd":259,"mentionsRcvd":0,"likesRcvd":1078,"reachRcvd":0,"audience":13555,"voice":220,"conversation":220,"engagement":1337,"group_scoped":{"audienceScore":0.5950473447850498,"voiceScore":3.0833917309039944,"engagementScore":0.21665610663952928,"combinedScore":0.3789124497600286,"combinedScoreRank":70,"SEIrank":49,"engagementSEIrank":72,"voiceSEIrank":33,"audienceSEIrank":118,"engagementSEI":0.24714041716267277,"engagementSEIadj":0.24714041716267277,"voiceSEI":7.28476821192053,"voiceSEIadj":7.28476821192053,"audienceSEI":0.9218178751740947,"audienceSEIadj":0.9218178751740947,"SEI":2.4258965013911724,"SEIadj":2.4258965013911724},"non_scoped":{"SEI":1.899761104988382,"SEIrank":39,"SEIadj":0,"audienceSEI":0.5391617158985683,"audienceSEIadj":0,"audienceSEIrank":111,"audienceScore":0.09982764541603309,"combinedScore":0.04719672515186017,"combinedScoreRank":71,"engagementSEI":0.03689454451932507,"engagementSEIadj":0,"engagementSEIrank":84,"engagementScore":0.014530937637823824,"voiceSEI":6.079027355623101,"voiceSEIadj":0,"voiceSEIrank":32,"voiceScore":0.5825499801403415},"scoped":{"SEI":8.39723019851364,"SEIrank":45,"SEIadj":0,"audienceSEI":7.0778485011461365,"audienceSEIadj":0,"audienceSEIrank":99,"audienceScore":0.2884438396333114,"combinedScore":0.20267177045517817,"combinedScoreRank":74,"engagementSEI":1.2367948789106584,"engagementSEIadj":0,"engagementSEIrank":75,"engagementScore":0.1409237515019921,"voiceSEI":23.157894736842106,"voiceSEIadj":0,"voiceSEIrank":23,"voiceScore":1.2283640424343942}},"facebook":{"entityString":"536575feb08f37d80186a096","type":"facebook","profiles":0,"postsMade":0,"repliesMade":0,"repliesRcvd":0,"sharesMade":0,"sharesRcvd":0,"mentionsRcvd":0,"likesRcvd":0,"reachRcvd":0,"audience":0,"voice":0,"conversation":0,"engagement":0,"group_scoped":{"audienceScore":0,"voiceScore":0,"engagementScore":0,"combinedScore":0,"combinedScoreRank":200,"SEIrank":200,"engagementSEIrank":158,"voiceSEIrank":156,"audienceSEIrank":200,"engagementSEI":0,"engagementSEIadj":0,"voiceSEI":0,"voiceSEIadj":0,"audienceSEI":0,"audienceSEIadj":0,"SEI":0,"SEIadj":0},"non_scoped":{"SEI":0,"SEIrank":200,"SEIadj":0,"audienceSEI":0,"audienceSEIadj":0,"audienceSEIrank":200,"audienceScore":0,"combinedScore":0,"combinedScoreRank":200,"engagementSEI":0,"engagementSEIadj":0,"engagementSEIrank":158,"engagementScore":0,"voiceSEI":0,"voiceSEIadj":0,"voiceSEIrank":156,"voiceScore":0},"scoped":{"SEI":0,"SEIrank":182,"SEIadj":0,"audienceSEI":0,"audienceSEIadj":0,"audienceSEIrank":182,"audienceScore":0,"combinedScore":0,"combinedScoreRank":182,"engagementSEI":0,"engagementSEIadj":0,"engagementSEIrank":146,"engagementScore":0,"voiceSEI":0,"voiceSEIadj":0,"voiceSEIrank":145,"voiceScore":0}},"twitter":{"entityString":"536575feb08f37d80186a096","type":"twitter","profiles":1,"postsMade":220,"repliesMade":0,"repliesRcvd":0,"sharesMade":0,"sharesRcvd":259,"mentionsRcvd":0,"likesRcvd":1078,"reachRcvd":0,"audience":13555,"voice":220,"conversation":220,"engagement":1337,"group_scoped":{"audienceScore":2.1560396946710587,"voiceScore":4.444444444444445,"engagementScore":2.5198364085263574,"combinedScore":2.597876974629497,"combinedScoreRank":61,"SEIrank":56,"engagementSEIrank":73,"voiceSEIrank":31,"audienceSEIrank":87,"engagementSEI":4.4639577977363025,"engagementSEIadj":4.4639577977363025,"voiceSEI":11.07754279959718,"voiceSEIadj":11.07754279959718,"audienceSEI":5.081194146224434,"audienceSEIadj":5.081194146224434,"SEI":6.509756933143379,"SEIadj":6.509756933143379},"non_scoped":{"SEI":4.949807191893531,"SEIrank":24,"SEIadj":0,"audienceSEI":2.446432954561862,"audienceSEIadj":0,"audienceSEIrank":49,"audienceScore":0.39592433069656396,"combinedScore":0.5657489085166597,"combinedScoreRank":34,"engagementSEI":2.3198514739819203,"engagementSEIadj":0,"engagementSEIrank":33,"engagementScore":0.5541762172602888,"voiceSEI":11.04417670682731,"voiceSEIadj":0,"voiceSEIrank":21,"voiceScore":0.9438819289514331},"scoped":{"SEI":19.324921559620446,"SEIrank":17,"SEIadj":0,"audienceSEI":11.62890454089205,"audienceSEIadj":0,"audienceSEIrank":39,"audienceScore":0.628544984438237,"combinedScore":1.1298438141498326,"combinedScoreRank":25,"engagementSEI":13.189306500937162,"engagementSEIadj":0,"engagementSEIrank":25,"engagementScore":1.1249095528968314,"voiceSEI":34.161490683229815,"voiceSEIadj":0,"voiceSEIrank":12,"voiceScore":1.7199593464154486}},"instagram":{"entityString":"536575feb08f37d80186a096","type":"instagram","profiles":0,"postsMade":0,"repliesMade":0,"repliesRcvd":0,"sharesMade":0,"sharesRcvd":0,"mentionsRcvd":0,"likesRcvd":0,"reachRcvd":0,"audience":0,"voice":0,"conversation":0,"engagement":0,"group_scoped":{"audienceScore":0,"voiceScore":0,"engagementScore":0,"combinedScore":0,"combinedScoreRank":74,"SEIrank":56,"engagementSEIrank":51,"voiceSEIrank":50,"audienceSEIrank":56,"engagementSEI":0,"engagementSEIadj":0,"voiceSEI":0,"voiceSEIadj":0,"audienceSEI":0,"audienceSEIadj":0,"SEI":0,"SEIadj":0},"non_scoped":{"SEI":0,"SEIrank":56,"SEIadj":0,"audienceSEI":0,"audienceSEIadj":0,"audienceSEIrank":56,"audienceScore":0,"combinedScore":0,"combinedScoreRank":56,"engagementSEI":0,"engagementSEIadj":0,"engagementSEIrank":51,"engagementScore":0,"voiceSEI":0,"voiceSEIadj":0,"voiceSEIrank":50,"voiceScore":0},"scoped":{"SEI":0,"SEIrank":49,"SEIadj":0,"audienceSEI":0,"audienceSEIadj":0,"audienceSEIrank":49,"audienceScore":0,"combinedScore":0,"combinedScoreRank":49,"engagementSEI":0,"engagementSEIadj":0,"engagementSEIrank":44,"engagementScore":0,"voiceSEI":0,"voiceSEIadj":0,"voiceSEIrank":43,"voiceScore":0}}},"quarter":{"boundaryQuantum":4958502,"combined":{"entityString":"536575feb08f37d80186a096","type":"combined","profiles":1,"postsMade":514,"repliesMade":0,"repliesRcvd":0,"sharesMade":0,"sharesRcvd":607,"mentionsRcvd":0,"likesRcvd":2341,"reachRcvd":0,"audience":13555,"voice":514,"conversation":514,"engagement":2948,"group_scoped":{"audienceScore":0.5950473447850498,"voiceScore":2.5404042900212525,"engagementScore":0.14109003056312536,"combinedScore":0.28375360924712795,"combinedScoreRank":87,"SEIrank":59,"engagementSEIrank":93,"voiceSEIrank":49,"audienceSEIrank":118,"engagementSEI":0.15743330312479473,"engagementSEIadj":0.15743330312479473,"voiceSEI":5.5663850985488414,"voiceSEIadj":5.5663850985488414,"audienceSEI":0.9218178751740947,"audienceSEIadj":0.9218178751740947,"SEI":1.8565572989569388,"SEIadj":1.8565572989569388},"non_scoped":{"SEI":1.5093905470097986,"SEIrank":46,"SEIadj":0,"audienceSEI":0.5391617158985683,"audienceSEIadj":0,"audienceSEIrank":111,"audienceScore":0.09982764541603309,"combinedScore":0.03681559067078394,"combinedScoreRank":84,"engagementSEI":0.025715915203078095,"engagementSEIadj":0,"engagementSEIrank":100,"engagementScore":0.009959452730099507,"voiceSEI":4.80014942099365,"voiceSEIadj":0,"voiceSEIrank":42,"voiceScore":0.4572140188578545},"scoped":{"SEI":7.0680473752055635,"SEIrank":51,"SEIadj":0,"audienceSEI":7.0778485011461365,"audienceSEIadj":0,"audienceSEIrank":99,"audienceScore":0.2884438396333114,"combinedScore":0.15007555299623154,"combinedScoreRank":83,"engagementSEI":0.5965449766177843,"engagementSEIadj":0,"engagementSEIrank":90,"engagementScore":0.09730715326404765,"voiceSEI":20.007785130400933,"voiceSEIadj":0,"voiceSEIrank":32,"voiceScore":0.9615384615384616}},"facebook":{"entityString":"536575feb08f37d80186a096","type":"facebook","profiles":0,"postsMade":0,"repliesMade":0,"repliesRcvd":0,"sharesMade":0,"sharesRcvd":0,"mentionsRcvd":0,"likesRcvd":0,"reachRcvd":0,"audience":0,"voice":0,"conversation":0,"engagement":0,"group_scoped":{"audienceScore":0,"voiceScore":0,"engagementScore":0,"combinedScore":0,"combinedScoreRank":200,"SEIrank":200,"engagementSEIrank":163,"voiceSEIrank":161,"audienceSEIrank":200,"engagementSEI":0,"engagementSEIadj":0,"voiceSEI":0,"voiceSEIadj":0,"audienceSEI":0,"audienceSEIadj":0,"SEI":0,"SEIadj":0},"non_scoped":{"SEI":0,"SEIrank":200,"SEIadj":0,"audienceSEI":0,"audienceSEIadj":0,"audienceSEIrank":200,"audienceScore":0,"combinedScore":0,"combinedScoreRank":200,"engagementSEI":0,"engagementSEIadj":0,"engagementSEIrank":163,"engagementScore":0,"voiceSEI":0,"voiceSEIadj":0,"voiceSEIrank":161,"voiceScore":0},"scoped":{"SEI":0,"SEIrank":182,"SEIadj":0,"audienceSEI":0,"audienceSEIadj":0,"audienceSEIrank":182,"audienceScore":0,"combinedScore":0,"combinedScoreRank":182,"engagementSEI":0,"engagementSEIadj":0,"engagementSEIrank":151,"engagementScore":0,"voiceSEI":0,"voiceSEIadj":0,"voiceSEIrank":149,"voiceScore":0}},"twitter":{"entityString":"536575feb08f37d80186a096","type":"twitter","profiles":1,"postsMade":514,"repliesMade":0,"repliesRcvd":0,"sharesMade":0,"sharesRcvd":607,"mentionsRcvd":0,"likesRcvd":2341,"reachRcvd":0,"audience":13555,"voice":514,"conversation":514,"engagement":2948,"group_scoped":{"audienceScore":2.1560396946710587,"voiceScore":3.7303142463168593,"engagementScore":1.6600781610748838,"combinedScore":1.7883880420167915,"combinedScoreRank":77,"SEIrank":77,"engagementSEIrank":90,"voiceSEIrank":45,"audienceSEIrank":87,"engagementSEI":2.7488717317518927,"engagementSEIadj":2.7488717317518927,"voiceSEI":8.560959360426383,"voiceSEIadj":8.560959360426383,"audienceSEI":5.081194146224434,"audienceSEIadj":5.081194146224434,"SEI":4.725730261801494,"SEIadj":4.725730261801494},"non_scoped":{"SEI":3.650023877584273,"SEIrank":36,"SEIadj":0,"audienceSEI":2.446432954561862,"audienceSEIadj":0,"audienceSEIrank":49,"audienceScore":0.39592433069656396,"combinedScore":0.3759507312759555,"combinedScoreRank":45,"engagementSEI":1.3980044766493418,"engagementSEIadj":0,"engagementSEIrank":48,"engagementScore":0.3547020887477139,"voiceSEI":8.55525965379494,"voiceSEIadj":0,"voiceSEIrank":28,"voiceScore":0.7384526973636951},"scoped":{"SEI":15.356591608398602,"SEIrank":29,"SEIadj":0,"audienceSEI":11.62890454089205,"audienceSEIadj":0,"audienceSEIrank":39,"audienceScore":0.628544984438237,"combinedScore":0.7606070757249104,"combinedScoreRank":35,"engagementSEI":9.274523375070785,"engagementSEIadj":0,"engagementSEIrank":38,"engagementScore":0.7353784904286049,"voiceSEI":28.76329043088976,"voiceSEIadj":0,"voiceSEIrank":19,"voiceScore":1.3467837023450806}},"instagram":{"entityString":"536575feb08f37d80186a096","type":"instagram","profiles":0,"postsMade":0,"repliesMade":0,"repliesRcvd":0,"sharesMade":0,"sharesRcvd":0,"mentionsRcvd":0,"likesRcvd":0,"reachRcvd":0,"audience":0,"voice":0,"conversation":0,"engagement":0,"group_scoped":{"audienceScore":0,"voiceScore":0,"engagementScore":0,"combinedScore":0,"combinedScoreRank":74,"SEIrank":56,"engagementSEIrank":51,"voiceSEIrank":51,"audienceSEIrank":56,"engagementSEI":0,"engagementSEIadj":0,"voiceSEI":0,"voiceSEIadj":0,"audienceSEI":0,"audienceSEIadj":0,"SEI":0,"SEIadj":0},"non_scoped":{"SEI":0,"SEIrank":56,"SEIadj":0,"audienceSEI":0,"audienceSEIadj":0,"audienceSEIrank":56,"audienceScore":0,"combinedScore":0,"combinedScoreRank":56,"engagementSEI":0,"engagementSEIadj":0,"engagementSEIrank":51,"engagementScore":0,"voiceSEI":0,"voiceSEIadj":0,"voiceSEIrank":51,"voiceScore":0},"scoped":{"SEI":0,"SEIrank":49,"SEIadj":0,"audienceSEI":0,"audienceSEIadj":0,"audienceSEIrank":49,"audienceScore":0,"combinedScore":0,"combinedScoreRank":49,"engagementSEI":0,"engagementSEIadj":0,"engagementSEIrank":44,"engagementScore":0,"voiceSEI":0,"voiceSEIadj":0,"voiceSEIrank":44,"voiceScore":0}}},"blended":{"combined":{"non_scoped":{"SEI":2.103726222927945,"SEIadj":60.84149048917118,"SEIrank":33,"audienceSEI":0.5391617158985683,"audienceSEIadj":50.269580857949286,"audienceSEIrank":111,"engagementSEI":0.03581373895511679,"engagementSEIadj":50.01790686947756,"engagementSEIrank":87,"voiceSEI":6.761072693216728,"voiceSEIadj":62.70442907728669,"voiceSEIrank":27},"scoped":{"SEI":7.080149546444918,"SEIadj":53.54007477322246,"SEIrank":105,"compCharisma":0,"compInfluence":0,"compEva":7.080149546444918,"audienceSEI":7.077848501146136,"audienceSEIadj":53.53892425057307,"audienceSEIrank":99,"engagementSEI":1.0285308060754206,"engagementSEIadj":50.51426540303771,"engagementSEIrank":77,"voiceSEI":26.63694303854132,"voiceSEIadj":77.9910829115624,"voiceSEIrank":19}},"facebook":{"non_scoped":{"SEI":0,"SEIadj":0,"SEIrank":200,"audienceSEI":0,"audienceSEIadj":0,"audienceSEIrank":200,"engagementSEI":0,"engagementSEIadj":0,"engagementSEIrank":163,"voiceSEI":0,"voiceSEIadj":0,"voiceSEIrank":161},"scoped":{"SEI":0,"SEIadj":0,"SEIrank":182,"audienceSEI":0,"audienceSEIadj":0,"audienceSEIrank":182,"engagementSEI":0,"engagementSEIadj":0,"engagementSEIrank":151,"voiceSEI":0,"voiceSEIadj":0,"voiceSEIrank":149}},"twitter":{"non_scoped":{"SEI":5.195969838817131,"SEIadj":62.078387935526855,"SEIrank":26,"audienceSEI":2.4464329545618626,"audienceSEIadj":60.97857318182474,"audienceSEIrank":49,"engagementSEI":2.1985791159523864,"engagementSEIadj":60.87943164638096,"engagementSEIrank":33,"voiceSEI":12.107263579298378,"voiceSEIadj":73.63217907378952,"voiceSEIrank":17},"scoped":{"SEI":20.215504422244916,"SEIadj":76.06465132667347,"SEIrank":19,"audienceSEI":11.62890454089205,"audienceSEIadj":64.65156181635682,"audienceSEIrank":39,"engagementSEI":13.094727047933018,"engagementSEIadj":65.2378908191732,"engagementSEIrank":24,"voiceSEI":37.31925913131966,"voiceSEIadj":81.1957777393959,"voiceSEIrank":9}},"instagram":{"non_scoped":{"SEI":0,"SEIadj":0,"SEIrank":56,"audienceSEI":0,"audienceSEIadj":0,"audienceSEIrank":56,"engagementSEI":0,"engagementSEIadj":0,"engagementSEIrank":51,"voiceSEI":0,"voiceSEIadj":0,"voiceSEIrank":51},"scoped":{"SEI":0,"SEIadj":0,"SEIrank":49,"audienceSEI":0,"audienceSEIadj":0,"audienceSEIrank":49,"engagementSEI":0,"engagementSEIadj":0,"engagementSEIrank":44,"voiceSEI":0,"voiceSEIadj":0,"voiceSEIrank":44}},"influence":{"facebook":{"scope":"individual","ratio":0,"calculated":false},"instagram":{"scope":"individual","ratio":0,"calculated":false},"combined":{"ratio":0.33,"bottom":false,"scope":"individual","calculated":true},"twitter":{"ratio":0.98,"bottom":false,"scope":"individual","calculated":true}},"charisma":{"facebook":{"scope":"individual","ratio":0,"calculated":false},"instagram":{"scope":"individual","ratio":0,"calculated":false},"combined":{"ratio":0.09,"bottom":false,"scope":"individual","calculated":true},"twitter":{"ratio":0.57,"bottom":false,"scope":"individual","calculated":true}}},"scope":"individual"}}