{"scoreEntityString":"591d1494ab33fb0001804f89.asset.536575feb08f37d80186a107","timeQuantum":4984422,"scoreEntityType":"asset","scoreProfileID":"591d1494ab33fb0001804f89","data":{"scoreEntityString":"591d1494ab33fb0001804f89.asset.536575feb08f37d80186a107","scoreProfileID":"591d1494ab33fb0001804f89","scoreEntityType":"asset","entityID":"asset.536575feb08f37d80186a107","object_version":"1.2","score_engine_version":"3.0.19","timestamp":4984422,"start_quantum":4958502,"end_quantum":4984421,"schedule_options":{"interval":15,"offset":"1"},"_15min":{"boundaryQuantum":4984419,"combined":{"entityString":"536575feb08f37d80186a107","type":"combined","profiles":2,"postsMade":0,"repliesMade":0,"repliesRcvd":0,"sharesMade":0,"sharesRcvd":0,"mentionsRcvd":0,"likesRcvd":0,"reachRcvd":0,"audience":3176,"voice":0,"conversation":0,"engagement":0,"group_scoped":{"audienceScore":0.217804413556816,"voiceScore":0,"engagementScore":0,"combinedScore":0.217804413556816,"engagementSEI":0,"engagementSEIadj":0,"voiceSEI":0,"voiceSEIadj":0,"audienceSEI":0.4980960685540785,"audienceSEIadj":0.4980960685540785,"SEI":0.049809606855407855,"SEIadj":0.049809606855407855,"combinedScoreRank":184,"SEIrank":160,"engagementSEIrank":111,"voiceSEIrank":108,"audienceSEIrank":160},"non_scoped":{"SEI":0.012632811580183352,"SEIrank":197,"SEIadj":0,"audienceSEI":0.1263281158018335,"audienceSEIadj":0,"audienceSEIrank":197,"audienceScore":0.023390084975383335,"combinedScore":0.0011695042487691668,"combinedScoreRank":197,"engagementSEI":0,"engagementSEIadj":0,"engagementSEIrank":111,"engagementScore":0,"voiceSEI":0,"voiceSEIadj":0,"voiceSEIrank":108,"voiceScore":0},"scoped":{"SEI":0.16583730608366012,"SEIrank":180,"SEIadj":0,"audienceSEI":1.6583730608366012,"audienceSEIadj":0,"audienceSEIrank":180,"audienceScore":0.06758374287535204,"combinedScore":0.009654820410764577,"combinedScoreRank":180,"engagementSEI":0,"engagementSEIadj":0,"engagementSEIrank":95,"engagementScore":0,"voiceSEI":0,"voiceSEIadj":0,"voiceSEIrank":93,"voiceScore":0}},"facebook":{"entityString":"536575feb08f37d80186a107","type":"facebook","profiles":1,"postsMade":0,"repliesMade":0,"repliesRcvd":0,"sharesMade":0,"sharesRcvd":0,"mentionsRcvd":0,"likesRcvd":0,"reachRcvd":0,"audience":250,"voice":0,"conversation":0,"engagement":0,"group_scoped":{"audienceScore":0.02489982799198823,"voiceScore":0,"engagementScore":0,"combinedScore":0.02489982799198823,"engagementSEI":0,"engagementSEIadj":0,"voiceSEI":0,"voiceSEIadj":0,"audienceSEI":0.047022710088064135,"audienceSEIadj":0.047022710088064135,"SEI":0.004702271008806414,"SEIadj":0.004702271008806414,"combinedScoreRank":164,"SEIrank":164,"engagementSEIrank":110,"voiceSEIrank":108,"audienceSEIrank":164},"non_scoped":{"SEI":0.0013586247674034397,"SEIrank":166,"SEIadj":0,"audienceSEI":0.013586247674034397,"audienceSEIadj":0,"audienceSEIrank":166,"audienceScore":0.0026068413945558723,"combinedScore":0.00013034206972779361,"combinedScoreRank":166,"engagementSEI":0,"engagementSEIadj":0,"engagementSEIrank":110,"engagementScore":0,"voiceSEI":0,"voiceSEIadj":0,"voiceSEIrank":108,"voiceScore":0},"scoped":{"SEI":0.017556056488367357,"SEIrank":151,"SEIadj":0,"audienceSEI":0.17556056488367358,"audienceSEIadj":0,"audienceSEIrank":151,"audienceScore":0.01074650835197136,"combinedScore":0.0015352154788530513,"combinedScoreRank":151,"engagementSEI":0,"engagementSEIadj":0,"engagementSEIrank":94,"engagementScore":0,"voiceSEI":0,"voiceSEIadj":0,"voiceSEIrank":93,"voiceScore":0}},"twitter":{"entityString":"536575feb08f37d80186a107","type":"twitter","profiles":1,"postsMade":0,"repliesMade":0,"repliesRcvd":0,"sharesMade":0,"sharesRcvd":0,"mentionsRcvd":0,"likesRcvd":0,"reachRcvd":0,"audience":2926,"voice":0,"conversation":0,"engagement":0,"group_scoped":{"audienceScore":0.7227707364307575,"voiceScore":0,"engagementScore":0,"combinedScore":0.7227707364307575,"engagementSEI":0,"engagementSEIadj":0,"voiceSEI":0,"voiceSEIadj":0,"audienceSEI":2.5102305191184167,"audienceSEIadj":2.5102305191184167,"SEI":0.25102305191184165,"SEIadj":0.25102305191184165,"combinedScoreRank":164,"SEIrank":149,"engagementSEIrank":109,"voiceSEIrank":107,"audienceSEIrank":149},"non_scoped":{"SEI":0.05280902121023983,"SEIrank":174,"SEIadj":0,"audienceSEI":0.5280902121023983,"audienceSEIadj":0,"audienceSEIrank":174,"audienceScore":0.08546474301867547,"combinedScore":0.004273237150933774,"combinedScoreRank":174,"engagementSEI":0,"engagementSEIadj":0,"engagementSEIrank":109,"engagementScore":0,"voiceSEI":0,"voiceSEIadj":0,"voiceSEIrank":107,"voiceScore":0},"scoped":{"SEI":0.25102305191184165,"SEIrank":157,"SEIadj":0,"audienceSEI":2.5102305191184167,"audienceSEIadj":0,"audienceSEIrank":157,"audienceScore":0.1356785410893605,"combinedScore":0.0193826487270515,"combinedScoreRank":157,"engagementSEI":0,"engagementSEIadj":0,"engagementSEIrank":94,"engagementScore":0,"voiceSEI":0,"voiceSEIadj":0,"voiceSEIrank":93,"voiceScore":0}},"instagram":{"entityString":"536575feb08f37d80186a107","type":"instagram","profiles":0,"postsMade":0,"repliesMade":0,"repliesRcvd":0,"sharesMade":0,"sharesRcvd":0,"mentionsRcvd":0,"likesRcvd":0,"reachRcvd":0,"audience":0,"voice":0,"conversation":0,"engagement":0,"group_scoped":{"audienceScore":0,"voiceScore":0,"engagementScore":0,"combinedScore":0,"engagementSEI":0,"engagementSEIadj":0,"voiceSEI":0,"voiceSEIadj":0,"audienceSEI":0,"audienceSEIadj":0,"SEI":0,"SEIadj":0,"combinedScoreRank":127,"SEIrank":109,"engagementSEIrank":108,"voiceSEIrank":107,"audienceSEIrank":109},"non_scoped":{"SEI":0,"SEIrank":109,"SEIadj":0,"audienceSEI":0,"audienceSEIadj":0,"audienceSEIrank":109,"audienceScore":0,"combinedScore":0,"combinedScoreRank":109,"engagementSEI":0,"engagementSEIadj":0,"engagementSEIrank":108,"engagementScore":0,"voiceSEI":0,"voiceSEIadj":0,"voiceSEIrank":107,"voiceScore":0},"scoped":{"SEI":0,"SEIrank":93,"SEIadj":0,"audienceSEI":0,"audienceSEIadj":0,"audienceSEIrank":93,"audienceScore":0,"combinedScore":0,"combinedScoreRank":93,"engagementSEI":0,"engagementSEIadj":0,"engagementSEIrank":93,"engagementScore":0,"voiceSEI":0,"voiceSEIadj":0,"voiceSEIrank":93,"voiceScore":0}}},"hour":{"boundaryQuantum":4984410,"combined":{"entityString":"536575feb08f37d80186a107","type":"combined","profiles":2,"postsMade":0,"repliesMade":0,"repliesRcvd":0,"sharesMade":0,"sharesRcvd":0,"mentionsRcvd":0,"likesRcvd":0,"reachRcvd":0,"audience":3176,"voice":0,"conversation":0,"engagement":0,"group_scoped":{"audienceScore":0.217804413556816,"voiceScore":0,"engagementScore":0,"combinedScore":0.217804413556816,"combinedScoreRank":177,"SEIrank":166,"engagementSEIrank":135,"voiceSEIrank":112,"audienceSEIrank":160,"engagementSEI":0,"engagementSEIadj":0,"voiceSEI":0,"voiceSEIadj":0,"audienceSEI":0.4980960685540785,"audienceSEIadj":0.4980960685540785,"SEI":0.049809606855407855,"SEIadj":0.049809606855407855},"non_scoped":{"SEI":0.012632811580183352,"SEIrank":198,"SEIadj":0,"audienceSEI":0.1263281158018335,"audienceSEIadj":0,"audienceSEIrank":197,"audienceScore":0.023390084975383335,"combinedScore":0.0011695042487691668,"combinedScoreRank":198,"engagementSEI":0,"engagementSEIadj":0,"engagementSEIrank":135,"engagementScore":0,"voiceSEI":0,"voiceSEIadj":0,"voiceSEIrank":112,"voiceScore":0},"scoped":{"SEI":0.16583730608366012,"SEIrank":180,"SEIadj":0,"audienceSEI":1.6583730608366012,"audienceSEIadj":0,"audienceSEIrank":180,"audienceScore":0.06758374287535204,"combinedScore":0.0033791871437676025,"combinedScoreRank":181,"engagementSEI":0,"engagementSEIadj":0,"engagementSEIrank":117,"engagementScore":0,"voiceSEI":0,"voiceSEIadj":0,"voiceSEIrank":96,"voiceScore":0}},"facebook":{"entityString":"536575feb08f37d80186a107","type":"facebook","profiles":1,"postsMade":0,"repliesMade":0,"repliesRcvd":0,"sharesMade":0,"sharesRcvd":0,"mentionsRcvd":0,"likesRcvd":0,"reachRcvd":0,"audience":250,"voice":0,"conversation":0,"engagement":0,"group_scoped":{"audienceScore":0.02489982799198823,"voiceScore":0,"engagementScore":0,"combinedScore":0.02489982799198823,"combinedScoreRank":164,"SEIrank":164,"engagementSEIrank":129,"voiceSEIrank":109,"audienceSEIrank":164,"engagementSEI":0,"engagementSEIadj":0,"voiceSEI":0,"voiceSEIadj":0,"audienceSEI":0.047022710088064135,"audienceSEIadj":0.047022710088064135,"SEI":0.004702271008806414,"SEIadj":0.004702271008806414},"non_scoped":{"SEI":0.0013586247674034397,"SEIrank":166,"SEIadj":0,"audienceSEI":0.013586247674034397,"audienceSEIadj":0,"audienceSEIrank":166,"audienceScore":0.0026068413945558723,"combinedScore":0.00013034206972779361,"combinedScoreRank":166,"engagementSEI":0,"engagementSEIadj":0,"engagementSEIrank":129,"engagementScore":0,"voiceSEI":0,"voiceSEIadj":0,"voiceSEIrank":109,"voiceScore":0},"scoped":{"SEI":0.017556056488367357,"SEIrank":151,"SEIadj":0,"audienceSEI":0.17556056488367358,"audienceSEIadj":0,"audienceSEIrank":151,"audienceScore":0.01074650835197136,"combinedScore":0.000537325417598568,"combinedScoreRank":151,"engagementSEI":0,"engagementSEIadj":0,"engagementSEIrank":111,"engagementScore":0,"voiceSEI":0,"voiceSEIadj":0,"voiceSEIrank":93,"voiceScore":0}},"twitter":{"entityString":"536575feb08f37d80186a107","type":"twitter","profiles":1,"postsMade":0,"repliesMade":0,"repliesRcvd":0,"sharesMade":0,"sharesRcvd":0,"mentionsRcvd":0,"likesRcvd":0,"reachRcvd":0,"audience":2926,"voice":0,"conversation":0,"engagement":0,"group_scoped":{"audienceScore":0.7227707364307575,"voiceScore":0,"engagementScore":0,"combinedScore":0.7227707364307575,"combinedScoreRank":168,"SEIrank":153,"engagementSEIrank":123,"voiceSEIrank":112,"audienceSEIrank":149,"engagementSEI":0,"engagementSEIadj":0,"voiceSEI":0,"voiceSEIadj":0,"audienceSEI":2.5102305191184167,"audienceSEIadj":2.5102305191184167,"SEI":0.25102305191184165,"SEIadj":0.25102305191184165},"non_scoped":{"SEI":0.05280902121023983,"SEIrank":175,"SEIadj":0,"audienceSEI":0.5280902121023983,"audienceSEIadj":0,"audienceSEIrank":174,"audienceScore":0.08546474301867547,"combinedScore":0.004273237150933774,"combinedScoreRank":175,"engagementSEI":0,"engagementSEIadj":0,"engagementSEIrank":123,"engagementScore":0,"voiceSEI":0,"voiceSEIadj":0,"voiceSEIrank":112,"voiceScore":0},"scoped":{"SEI":0.25102305191184165,"SEIrank":158,"SEIadj":0,"audienceSEI":2.5102305191184167,"audienceSEIadj":0,"audienceSEIrank":157,"audienceScore":0.1356785410893605,"combinedScore":0.006783927054468026,"combinedScoreRank":158,"engagementSEI":0,"engagementSEIadj":0,"engagementSEIrank":107,"engagementScore":0,"voiceSEI":0,"voiceSEIadj":0,"voiceSEIrank":96,"voiceScore":0}},"instagram":{"entityString":"536575feb08f37d80186a107","type":"instagram","profiles":0,"postsMade":0,"repliesMade":0,"repliesRcvd":0,"sharesMade":0,"sharesRcvd":0,"mentionsRcvd":0,"likesRcvd":0,"reachRcvd":0,"audience":0,"voice":0,"conversation":0,"engagement":0,"group_scoped":{"audienceScore":0,"voiceScore":0,"engagementScore":0,"combinedScore":0,"combinedScoreRank":127,"SEIrank":109,"engagementSEIrank":108,"voiceSEIrank":107,"audienceSEIrank":109,"engagementSEI":0,"engagementSEIadj":0,"voiceSEI":0,"voiceSEIadj":0,"audienceSEI":0,"audienceSEIadj":0,"SEI":0,"SEIadj":0},"non_scoped":{"SEI":0,"SEIrank":109,"SEIadj":0,"audienceSEI":0,"audienceSEIadj":0,"audienceSEIrank":109,"audienceScore":0,"combinedScore":0,"combinedScoreRank":109,"engagementSEI":0,"engagementSEIadj":0,"engagementSEIrank":108,"engagementScore":0,"voiceSEI":0,"voiceSEIadj":0,"voiceSEIrank":107,"voiceScore":0},"scoped":{"SEI":0,"SEIrank":93,"SEIadj":0,"audienceSEI":0,"audienceSEIadj":0,"audienceSEIrank":93,"audienceScore":0,"combinedScore":0,"combinedScoreRank":93,"engagementSEI":0,"engagementSEIadj":0,"engagementSEIrank":93,"engagementScore":0,"voiceSEI":0,"voiceSEIadj":0,"voiceSEIrank":93,"voiceScore":0}}},"today":{"boundaryQuantum":4984134,"combined":{"entityString":"536575feb08f37d80186a107","type":"combined","profiles":2,"postsMade":0,"repliesMade":0,"repliesRcvd":0,"sharesMade":0,"sharesRcvd":0,"mentionsRcvd":0,"likesRcvd":3,"reachRcvd":0,"audience":3176,"voice":0,"conversation":0,"engagement":3,"group_scoped":{"audienceScore":0.217804413556816,"voiceScore":0,"engagementScore":0.017295053614666205,"combinedScore":0.045939247892116175,"combinedScoreRank":215,"SEIrank":175,"engagementSEIrank":120,"voiceSEIrank":165,"audienceSEIrank":160,"engagementSEI":0.019150973507819982,"engagementSEIadj":0.019150973507819982,"voiceSEI":0,"voiceSEIadj":0,"audienceSEI":0.4980960685540785,"audienceSEIadj":0.4980960685540785,"SEI":0.061300190960099844,"SEIadj":0.061300190960099844},"non_scoped":{"SEI":0.013554503601914802,"SEIrank":201,"SEIadj":0,"audienceSEI":0.1263281158018335,"audienceSEIadj":0,"audienceSEIrank":197,"audienceScore":0.023390084975383335,"combinedScore":0.00188990383040378,"combinedScoreRank":189,"engagementSEI":0.0015361533695524162,"engagementSEIadj":0,"engagementSEIrank":131,"engagementScore":0.0008004439795940148,"voiceSEI":0,"voiceSEIadj":0,"voiceSEIrank":165,"voiceScore":0},"scoped":{"SEI":0.1759604712599719,"SEIrank":183,"SEIadj":0,"audienceSEI":1.6583730608366012,"audienceSEIadj":0,"audienceSEIrank":180,"audienceScore":0.06758374287535204,"combinedScore":0.010596894586025942,"combinedScoreRank":153,"engagementSEI":0.016871941960519655,"engagementSEIadj":0,"engagementSEIrank":120,"engagementScore":0.0080196749358426,"voiceSEI":0,"voiceSEIadj":0,"voiceSEIrank":145,"voiceScore":0}},"facebook":{"entityString":"536575feb08f37d80186a107","type":"facebook","profiles":1,"postsMade":0,"repliesMade":0,"repliesRcvd":0,"sharesMade":0,"sharesRcvd":0,"mentionsRcvd":0,"likesRcvd":2,"reachRcvd":0,"audience":250,"voice":0,"conversation":0,"engagement":2,"group_scoped":{"audienceScore":0.02489982799198823,"voiceScore":0,"engagementScore":0.012019953122182825,"combinedScore":0.01385993524644074,"combinedScoreRank":163,"SEIrank":155,"engagementSEIrank":89,"voiceSEIrank":137,"audienceSEIrank":164,"engagementSEI":0.013045463440088709,"engagementSEIadj":0.013045463440088709,"voiceSEI":0,"voiceSEIadj":0,"audienceSEI":0.047022710088064135,"audienceSEIadj":0.047022710088064135,"SEI":0.01252954907285964,"SEIadj":0.01252954907285964},"non_scoped":{"SEI":0.0019975615765530147,"SEIrank":165,"SEIadj":0,"audienceSEI":0.013586247674034397,"audienceSEIadj":0,"audienceSEIrank":166,"audienceScore":0.0026068413945558723,"combinedScore":0.0006688434204686817,"combinedScoreRank":158,"engagementSEI":0.0010648946819159584,"engagementSEIadj":0,"engagementSEIrank":95,"engagementScore":0.0005983348341565423,"voiceSEI":0,"voiceSEIadj":0,"voiceSEIrank":137,"voiceScore":0},"scoped":{"SEI":0.0517635821440116,"SEIrank":149,"SEIadj":0,"audienceSEI":0.17556056488367358,"audienceSEIadj":0,"audienceSEIrank":151,"audienceScore":0.01074650835197136,"combinedScore":0.012518156088525087,"combinedScoreRank":113,"engagementSEI":0.05701254275940707,"engagementSEIadj":0,"engagementSEIrank":85,"engagementScore":0.013312034078807242,"voiceSEI":0,"voiceSEIadj":0,"voiceSEIrank":120,"voiceScore":0}},"twitter":{"entityString":"536575feb08f37d80186a107","type":"twitter","profiles":1,"postsMade":0,"repliesMade":0,"repliesRcvd":0,"sharesMade":0,"sharesRcvd":0,"mentionsRcvd":0,"likesRcvd":1,"reachRcvd":0,"audience":2926,"voice":0,"conversation":0,"engagement":1,"group_scoped":{"audienceScore":0.7227707364307575,"voiceScore":0,"engagementScore":0.18484288354898337,"combinedScore":0.2616897196749511,"combinedScoreRank":205,"SEIrank":150,"engagementSEIrank":114,"voiceSEIrank":155,"audienceSEIrank":149,"engagementSEI":0.5952380952380952,"engagementSEIadj":0.5952380952380952,"voiceSEI":0,"voiceSEIadj":0,"audienceSEI":2.5102305191184167,"audienceSEIadj":2.5102305191184167,"SEI":0.6081659090546988,"SEIadj":0.6081659090546988},"non_scoped":{"SEI":0.09064004264781864,"SEIrank":170,"SEIadj":0,"audienceSEI":0.5280902121023983,"audienceSEIadj":0,"audienceSEIrank":174,"audienceScore":0.08546474301867547,"combinedScore":0.01851825139594802,"combinedScoreRank":135,"engagementSEI":0.06305170239596469,"engagementSEIadj":0,"engagementSEIrank":118,"engagementScore":0.015827793605571384,"voiceSEI":0,"voiceSEIadj":0,"voiceSEIrank":155,"voiceScore":0},"scoped":{"SEI":0.36254721548061486,"SEIrank":163,"SEIadj":0,"audienceSEI":2.5102305191184167,"audienceSEIadj":0,"audienceSEIrank":157,"audienceScore":0.1356785410893605,"combinedScore":0.031818697569071644,"combinedScoreRank":122,"engagementSEI":0.18587360594795538,"engagementSEIadj":0,"engagementSEIrank":107,"engagementScore":0.027816411682892908,"voiceSEI":0,"voiceSEIadj":0,"voiceSEIrank":135,"voiceScore":0}},"instagram":{"entityString":"536575feb08f37d80186a107","type":"instagram","profiles":0,"postsMade":0,"repliesMade":0,"repliesRcvd":0,"sharesMade":0,"sharesRcvd":0,"mentionsRcvd":0,"likesRcvd":0,"reachRcvd":0,"audience":0,"voice":0,"conversation":0,"engagement":0,"group_scoped":{"audienceScore":0,"voiceScore":0,"engagementScore":0,"combinedScore":0,"combinedScoreRank":127,"SEIrank":109,"engagementSEIrank":109,"voiceSEIrank":109,"audienceSEIrank":109,"engagementSEI":0,"engagementSEIadj":0,"voiceSEI":0,"voiceSEIadj":0,"audienceSEI":0,"audienceSEIadj":0,"SEI":0,"SEIadj":0},"non_scoped":{"SEI":0,"SEIrank":109,"SEIadj":0,"audienceSEI":0,"audienceSEIadj":0,"audienceSEIrank":109,"audienceScore":0,"combinedScore":0,"combinedScoreRank":109,"engagementSEI":0,"engagementSEIadj":0,"engagementSEIrank":109,"engagementScore":0,"voiceSEI":0,"voiceSEIadj":0,"voiceSEIrank":109,"voiceScore":0},"scoped":{"SEI":0,"SEIrank":93,"SEIadj":0,"audienceSEI":0,"audienceSEIadj":0,"audienceSEIrank":93,"audienceScore":0,"combinedScore":0,"combinedScoreRank":93,"engagementSEI":0,"engagementSEIadj":0,"engagementSEIrank":93,"engagementScore":0,"voiceSEI":0,"voiceSEIadj":0,"voiceSEIrank":93,"voiceScore":0}}},"week":{"boundaryQuantum":4982406,"combined":{"entityString":"536575feb08f37d80186a107","type":"combined","profiles":2,"postsMade":26,"repliesMade":0,"repliesRcvd":0,"sharesMade":0,"sharesRcvd":22,"mentionsRcvd":0,"likesRcvd":42,"reachRcvd":0,"audience":3176,"voice":26,"conversation":26,"engagement":64,"group_scoped":{"audienceScore":0.217804413556816,"voiceScore":1.9047619047619049,"engagementScore":0.03079039916865922,"combinedScore":0.13383967516772935,"combinedScoreRank":138,"SEIrank":77,"engagementSEIrank":133,"voiceSEIrank":56,"audienceSEIrank":160,"engagementSEI":0.03449483924865929,"engagementSEIadj":0.03449483924865929,"voiceSEI":4.513888888888888,"voiceSEIadj":4.513888888888888,"audienceSEI":0.4980960685540785,"audienceSEIadj":0.4980960685540785,"SEI":1.42467317707127,"SEIadj":1.42467317707127},"non_scoped":{"SEI":0.9235388208094825,"SEIrank":71,"SEIadj":0,"audienceSEI":0.1263281158018335,"audienceSEIadj":0,"audienceSEIrank":197,"audienceScore":0.023390084975383335,"combinedScore":0.017731452990982784,"combinedScoreRank":114,"engagementSEI":0.006548775072087688,"engagementSEIadj":0,"engagementSEIrank":132,"engagementScore":0.0026691901635337743,"voiceSEI":3.0232558139534884,"voiceSEIadj":0,"voiceSEIrank":63,"voiceScore":0.2831935519006644},"scoped":{"SEI":3.807057095163371,"SEIrank":86,"SEIadj":0,"audienceSEI":1.6583730608366012,"audienceSEIadj":0,"audienceSEIrank":180,"audienceScore":0.06758374287535204,"combinedScore":0.061029424919038414,"combinedScoreRank":116,"engagementSEI":0.21284379261032957,"engagementSEIadj":0,"engagementSEIrank":120,"engagementScore":0.03108516363424419,"voiceSEI":11.711711711711711,"voiceSEIadj":0,"voiceSEIrank":53,"voiceScore":0.5934718100890208}},"facebook":{"entityString":"536575feb08f37d80186a107","type":"facebook","profiles":1,"postsMade":9,"repliesMade":0,"repliesRcvd":0,"sharesMade":0,"sharesRcvd":4,"mentionsRcvd":0,"likesRcvd":13,"reachRcvd":0,"audience":250,"voice":9,"conversation":9,"engagement":17,"group_scoped":{"audienceScore":0.02489982799198823,"voiceScore":1.9693654266958425,"engagementScore":0.008534479296357284,"combinedScore":0.1073942941011131,"combinedScoreRank":119,"SEIrank":64,"engagementSEIrank":112,"voiceSEIrank":42,"audienceSEIrank":164,"engagementSEI":0.00945926395797861,"engagementSEIadj":0.00945926395797861,"voiceSEI":3.829787234042553,"voiceSEIadj":3.829787234042553,"audienceSEI":0.047022710088064135,"audienceSEIadj":0.047022710088064135,"SEI":1.1593139995963595,"SEIadj":1.1593139995963595},"non_scoped":{"SEI":0.6894793219734712,"SEIrank":62,"SEIadj":0,"audienceSEI":0.013586247674034397,"audienceSEIadj":0,"audienceSEIrank":166,"audienceScore":0.0026068413945558723,"combinedScore":0.014735223112564436,"combinedScoreRank":95,"engagementSEI":0.0018296607378483622,"engagementSEIadj":0,"engagementSEIrank":112,"engagementScore":0.0007812446145821605,"voiceSEI":2.2900763358778624,"voiceSEIadj":0,"voiceSEIrank":48,"voiceScore":0.27803521779425394},"scoped":{"SEI":3.16330441459414,"SEIrank":78,"SEIadj":0,"audienceSEI":0.17556056488367358,"audienceSEIadj":0,"audienceSEIrank":151,"audienceScore":0.01074650835197136,"combinedScore":0.050005664347419286,"combinedScoreRank":93,"engagementSEI":0.12927756653992395,"engagementSEIadj":0,"engagementSEIrank":101,"engagementScore":0.012591939677201923,"voiceSEI":10.227272727272728,"voiceSEIadj":0,"voiceSEIrank":39,"voiceScore":0.7627118644067797}},"twitter":{"entityString":"536575feb08f37d80186a107","type":"twitter","profiles":1,"postsMade":17,"repliesMade":0,"repliesRcvd":0,"sharesMade":0,"sharesRcvd":18,"mentionsRcvd":0,"likesRcvd":29,"reachRcvd":0,"audience":2926,"voice":17,"conversation":17,"engagement":47,"group_scoped":{"audienceScore":0.7227707364307575,"voiceScore":1.89520624303233,"engagementScore":0.9702725020644096,"combinedScore":1.0041441008311232,"combinedScoreRank":100,"SEIrank":86,"engagementSEIrank":82,"voiceSEIrank":68,"audienceSEIrank":149,"engagementSEI":2.3547094188376754,"engagementSEIadj":2.3547094188376754,"voiceSEI":5.151515151515151,"voiceSEIadj":5.151515151515151,"audienceSEI":2.5102305191184167,"audienceSEIadj":2.5102305191184167,"SEI":3.2093032486689923,"SEIadj":3.2093032486689923},"non_scoped":{"SEI":1.2894441164678407,"SEIrank":91,"SEIadj":0,"audienceSEI":0.5280902121023983,"audienceSEIadj":0,"audienceSEIrank":174,"audienceScore":0.08546474301867547,"combinedScore":0.088065649772578,"combinedScoreRank":111,"engagementSEI":0.3012241235659809,"engagementSEIadj":0,"engagementSEIrank":108,"engagementScore":0.07663459970650578,"voiceSEI":3.5196687370600417,"voiceSEIadj":0,"voiceSEIrank":66,"voiceScore":0.29642545771578027},"scoped":{"SEI":4.473866322011208,"SEIrank":87,"SEIadj":0,"audienceSEI":2.5102305191184167,"audienceSEIadj":0,"audienceSEIrank":157,"audienceScore":0.1356785410893605,"combinedScore":0.17903751582332608,"combinedScoreRank":99,"engagementSEI":1.7911585365853657,"engagementSEIadj":0,"engagementSEIrank":97,"engagementScore":0.161295857785099,"voiceSEI":10.493827160493826,"voiceSEIadj":0,"voiceSEIrank":56,"voiceScore":0.5417463352453792}},"instagram":{"entityString":"536575feb08f37d80186a107","type":"instagram","profiles":0,"postsMade":0,"repliesMade":0,"repliesRcvd":0,"sharesMade":0,"sharesRcvd":0,"mentionsRcvd":0,"likesRcvd":0,"reachRcvd":0,"audience":0,"voice":0,"conversation":0,"engagement":0,"group_scoped":{"audienceScore":0,"voiceScore":0,"engagementScore":0,"combinedScore":0,"combinedScoreRank":127,"SEIrank":109,"engagementSEIrank":109,"voiceSEIrank":109,"audienceSEIrank":109,"engagementSEI":0,"engagementSEIadj":0,"voiceSEI":0,"voiceSEIadj":0,"audienceSEI":0,"audienceSEIadj":0,"SEI":0,"SEIadj":0},"non_scoped":{"SEI":0,"SEIrank":109,"SEIadj":0,"audienceSEI":0,"audienceSEIadj":0,"audienceSEIrank":109,"audienceScore":0,"combinedScore":0,"combinedScoreRank":109,"engagementSEI":0,"engagementSEIadj":0,"engagementSEIrank":109,"engagementScore":0,"voiceSEI":0,"voiceSEIadj":0,"voiceSEIrank":109,"voiceScore":0},"scoped":{"SEI":0,"SEIrank":93,"SEIadj":0,"audienceSEI":0,"audienceSEIadj":0,"audienceSEIrank":93,"audienceScore":0,"combinedScore":0,"combinedScoreRank":93,"engagementSEI":0,"engagementSEIadj":0,"engagementSEIrank":93,"engagementScore":0,"voiceSEI":0,"voiceSEIadj":0,"voiceSEIrank":93,"voiceScore":0}}},"month":{"boundaryQuantum":4975782,"combined":{"entityString":"536575feb08f37d80186a107","type":"combined","profiles":2,"postsMade":98,"repliesMade":0,"repliesRcvd":5,"sharesMade":0,"sharesRcvd":81,"mentionsRcvd":0,"likesRcvd":131,"reachRcvd":0,"audience":3176,"voice":98,"conversation":103,"engagement":217,"group_scoped":{"audienceScore":0.217804413556816,"voiceScore":1.7506252232940338,"engagementScore":0.0246564851669085,"combinedScore":0.12061231849276015,"combinedScoreRank":135,"SEIrank":80,"engagementSEIrank":154,"voiceSEIrank":63,"audienceSEIrank":160,"engagementSEI":0.02787014311382706,"engagementSEIadj":0.02787014311382706,"voiceSEI":4.233261339092873,"voiceSEIadj":4.233261339092873,"audienceSEI":0.4980960685540785,"audienceSEIadj":0.4980960685540785,"SEI":1.3365100944515658,"SEIadj":1.3365100944515658},"non_scoped":{"SEI":0.8286047937062908,"SEIrank":78,"SEIadj":0,"audienceSEI":0.1263281158018335,"audienceSEIadj":0,"audienceSEIrank":197,"audienceScore":0.023390084975383335,"combinedScore":0.016267063069195356,"combinedScoreRank":121,"engagementSEI":0.005988119791094645,"engagementSEIadj":0,"engagementSEIrank":150,"engagementScore":0.0023584244333640764,"voiceSEI":2.7079303675048356,"voiceSEIadj":0,"voiceSEIrank":68,"voiceScore":0.25949953660797037},"scoped":{"SEI":3.381015953150903,"SEIrank":95,"SEIadj":0,"audienceSEI":1.6583730608366012,"audienceSEIadj":0,"audienceSEIrank":180,"audienceScore":0.06758374287535204,"combinedScore":0.05132340166146339,"combinedScoreRank":125,"engagementSEI":0.20073634160330062,"engagementSEIadj":0,"engagementSEIrank":139,"engagementScore":0.022872441343255265,"voiceSEI":10.31578947368421,"voiceSEIadj":0,"voiceSEIrank":58,"voiceScore":0.5471803461753211}},"facebook":{"entityString":"536575feb08f37d80186a107","type":"facebook","profiles":1,"postsMade":41,"repliesMade":0,"repliesRcvd":5,"sharesMade":0,"sharesRcvd":13,"mentionsRcvd":0,"likesRcvd":42,"reachRcvd":0,"audience":250,"voice":41,"conversation":46,"engagement":60,"group_scoped":{"audienceScore":0.02489982799198823,"voiceScore":2.103642893791688,"engagementScore":0.007055030413060272,"combinedScore":0.11277666346093806,"combinedScoreRank":109,"SEIrank":60,"engagementSEIrank":126,"voiceSEIrank":43,"audienceSEIrank":164,"engagementSEI":0.007875772810207002,"engagementSEIadj":0.007875772810207002,"voiceSEI":4.047384007897334,"voiceSEIadj":4.047384007897334,"audienceSEI":0.047022710088064135,"audienceSEIadj":0.047022710088064135,"SEI":1.223642937064131,"SEIadj":1.223642937064131},"non_scoped":{"SEI":0.7863484393693108,"SEIrank":59,"SEIadj":0,"audienceSEI":0.013586247674034397,"audienceSEIadj":0,"audienceSEIrank":166,"audienceScore":0.0026068413945558723,"combinedScore":0.015829154116616454,"combinedScoreRank":97,"engagementSEI":0.0017516667839310265,"engagementSEIadj":0,"engagementSEIrank":127,"engagementScore":0.0007254894302840327,"voiceSEI":2.613129381771829,"voiceSEIadj":0,"voiceSEIrank":49,"voiceScore":0.30091743119266057},"scoped":{"SEI":4.076033653558486,"SEIrank":72,"SEIadj":0,"audienceSEI":0.17556056488367358,"audienceSEIadj":0,"audienceSEIrank":151,"audienceScore":0.01074650835197136,"combinedScore":0.05044540205183247,"combinedScoreRank":103,"engagementSEI":0.06478292322143883,"engagementSEIadj":0,"engagementSEIrank":116,"engagementScore":0.008854036776717424,"voiceSEI":13.398692810457517,"voiceSEIadj":0,"voiceSEIrank":40,"voiceScore":0.8387888707037643}},"twitter":{"entityString":"536575feb08f37d80186a107","type":"twitter","profiles":1,"postsMade":57,"repliesMade":0,"repliesRcvd":0,"sharesMade":0,"sharesRcvd":68,"mentionsRcvd":0,"likesRcvd":89,"reachRcvd":0,"audience":2926,"voice":57,"conversation":57,"engagement":157,"group_scoped":{"audienceScore":0.7227707364307575,"voiceScore":1.5763274336283186,"engagementScore":0.7922490790735228,"combinedScore":0.8279790796691244,"combinedScoreRank":113,"SEIrank":99,"engagementSEIrank":94,"voiceSEIrank":73,"audienceSEIrank":149,"engagementSEI":2.255099109451307,"engagementSEIadj":2.255099109451307,"voiceSEI":4.491725768321513,"voiceSEIadj":4.491725768321513,"audienceSEI":2.5102305191184167,"audienceSEIadj":2.5102305191184167,"SEI":2.95160024807908,"SEIadj":2.95160024807908},"non_scoped":{"SEI":1.074690780719256,"SEIrank":103,"SEIadj":0,"audienceSEI":0.5280902121023983,"audienceSEIadj":0,"audienceSEIrank":174,"audienceScore":0.08546474301867547,"combinedScore":0.07506856177841158,"combinedScoreRank":127,"engagementSEI":0.27241337428209533,"engagementSEIadj":0,"engagementSEIrank":125,"engagementScore":0.06507529252794714,"voiceSEI":2.86144578313253,"voiceSEIadj":0,"voiceSEIrank":78,"voiceScore":0.24455122704650764},"scoped":{"SEI":3.8355715695187635,"SEIrank":103,"SEIadj":0,"audienceSEI":2.5102305191184167,"audienceSEIadj":0,"audienceSEIrank":157,"audienceScore":0.1356785410893605,"combinedScore":0.14795057372917955,"combinedScoreRank":115,"engagementSEI":1.548781690835553,"engagementSEIadj":0,"engagementSEIrank":114,"engagementScore":0.13209483904622477,"voiceSEI":8.850931677018634,"voiceSEIadj":0,"voiceSEIrank":68,"voiceScore":0.44562583066218436}},"instagram":{"entityString":"536575feb08f37d80186a107","type":"instagram","profiles":0,"postsMade":0,"repliesMade":0,"repliesRcvd":0,"sharesMade":0,"sharesRcvd":0,"mentionsRcvd":0,"likesRcvd":0,"reachRcvd":0,"audience":0,"voice":0,"conversation":0,"engagement":0,"group_scoped":{"audienceScore":0,"voiceScore":0,"engagementScore":0,"combinedScore":0,"combinedScoreRank":127,"SEIrank":109,"engagementSEIrank":109,"voiceSEIrank":109,"audienceSEIrank":109,"engagementSEI":0,"engagementSEIadj":0,"voiceSEI":0,"voiceSEIadj":0,"audienceSEI":0,"audienceSEIadj":0,"SEI":0,"SEIadj":0},"non_scoped":{"SEI":0,"SEIrank":109,"SEIadj":0,"audienceSEI":0,"audienceSEIadj":0,"audienceSEIrank":109,"audienceScore":0,"combinedScore":0,"combinedScoreRank":109,"engagementSEI":0,"engagementSEIadj":0,"engagementSEIrank":109,"engagementScore":0,"voiceSEI":0,"voiceSEIadj":0,"voiceSEIrank":109,"voiceScore":0},"scoped":{"SEI":0,"SEIrank":93,"SEIadj":0,"audienceSEI":0,"audienceSEIadj":0,"audienceSEIrank":93,"audienceScore":0,"combinedScore":0,"combinedScoreRank":93,"engagementSEI":0,"engagementSEIadj":0,"engagementSEIrank":93,"engagementScore":0,"voiceSEI":0,"voiceSEIadj":0,"voiceSEIrank":93,"voiceScore":0}}},"quarter":{"boundaryQuantum":4958502,"combined":{"entityString":"536575feb08f37d80186a107","type":"combined","profiles":2,"postsMade":154,"repliesMade":0,"repliesRcvd":7,"sharesMade":0,"sharesRcvd":129,"mentionsRcvd":0,"likesRcvd":218,"reachRcvd":0,"audience":3176,"voice":154,"conversation":161,"engagement":354,"group_scoped":{"audienceScore":0.217804413556816,"voiceScore":0.919732441471572,"engagementScore":0.011170106523058224,"combinedScore":0.06692993862217181,"combinedScoreRank":168,"SEIrank":115,"engagementSEIrank":179,"voiceSEIrank":100,"audienceSEIrank":160,"engagementSEI":0.012373797749227162,"engagementSEIadj":0.012373797749227162,"voiceSEI":2.208835341365462,"voiceSEIadj":2.208835341365462,"audienceSEI":0.4980960685540785,"audienceSEIadj":0.4980960685540785,"SEI":0.7198844879145826,"SEIadj":0.7198844879145826},"non_scoped":{"SEI":0.44593873277501805,"SEIrank":121,"SEIadj":0,"audienceSEI":0.1263281158018335,"audienceSEIadj":0,"audienceSEIrank":197,"audienceScore":0.023390084975383335,"combinedScore":0.009095169941349733,"combinedScoreRank":153,"engagementSEI":0.0030880033859869895,"engagementSEIadj":0,"engagementSEIrank":176,"engagementScore":0.001195945137874907,"voiceSEI":1.438177063877475,"voiceSEIadj":0,"voiceSEIrank":112,"voiceScore":0.136986301369863},"scoped":{"SEI":2.0071828062549653,"SEIrank":125,"SEIadj":0,"audienceSEI":1.6583730608366012,"audienceSEIadj":0,"audienceSEIrank":180,"audienceScore":0.06758374287535204,"combinedScore":0.028299859341841753,"combinedScoreRank":152,"engagementSEI":0.0716339625925019,"engagementSEIadj":0,"engagementSEIrank":165,"engagementScore":0.01168478027661902,"voiceSEI":5.994550408719346,"voiceSEIadj":0,"voiceSEIrank":102,"voiceScore":0.28808739898234065}},"facebook":{"entityString":"536575feb08f37d80186a107","type":"facebook","profiles":1,"postsMade":61,"repliesMade":0,"repliesRcvd":7,"sharesMade":0,"sharesRcvd":27,"mentionsRcvd":0,"likesRcvd":81,"reachRcvd":0,"audience":250,"voice":61,"conversation":68,"engagement":115,"group_scoped":{"audienceScore":0.02489982799198823,"voiceScore":1.0612386917188588,"engagementScore":0.0037695871023741188,"combinedScore":0.057699554377679055,"combinedScoreRank":127,"SEIrank":90,"engagementSEIrank":138,"voiceSEIrank":70,"audienceSEIrank":164,"engagementSEI":0.004125465818901378,"engagementSEIadj":0.004125465818901378,"voiceSEI":2.0065789473684212,"voiceSEIadj":2.0065789473684212,"audienceSEI":0.047022710088064135,"audienceSEIadj":0.047022710088064135,"SEI":0.6091512347106736,"SEIadj":0.6091512347106736},"non_scoped":{"SEI":0.3861933855186189,"SEIrank":91,"SEIadj":0,"audienceSEI":0.013586247674034397,"audienceSEIadj":0,"audienceSEIrank":166,"audienceScore":0.0026068413945558723,"combinedScore":0.008033120271940595,"combinedScoreRank":117,"engagementSEI":0.0010385490440336668,"engagementSEIadj":0,"engagementSEIrank":137,"engagementScore":0.0004322026448622061,"voiceSEI":1.2807054377493177,"voiceSEIadj":0,"voiceSEIrank":75,"voiceScore":0.1502759164367363},"scoped":{"SEI":2.307937840814382,"SEIrank":99,"SEIadj":0,"audienceSEI":0.17556056488367358,"audienceSEIadj":0,"audienceSEIrank":151,"audienceScore":0.01074650835197136,"combinedScore":0.026552829861809214,"combinedScoreRank":116,"engagementSEI":0.09779077875474074,"engagementSEIadj":0,"engagementSEIrank":125,"engagementScore":0.0057769262532664754,"voiceSEI":7.439024390243902,"voiceSEIadj":0,"voiceSEIrank":66,"voiceScore":0.41632541632541636}},"twitter":{"entityString":"536575feb08f37d80186a107","type":"twitter","profiles":1,"postsMade":93,"repliesMade":0,"repliesRcvd":0,"sharesMade":0,"sharesRcvd":102,"mentionsRcvd":0,"likesRcvd":137,"reachRcvd":0,"audience":2926,"voice":93,"conversation":93,"engagement":239,"group_scoped":{"audienceScore":0.7227707364307575,"voiceScore":0.8561170947252139,"engagementScore":0.34378101580817305,"combinedScore":0.38834730578515436,"combinedScoreRank":159,"SEIrank":136,"engagementSEIrank":135,"voiceSEIrank":114,"audienceSEIrank":149,"engagementSEI":0.9795081967213114,"engagementSEIadj":0.9795081967213114,"voiceSEI":2.448012634903922,"voiceSEIadj":2.448012634903922,"audienceSEI":2.5102305191184167,"audienceSEIadj":2.5102305191184167,"SEI":1.573131760415805,"SEIadj":1.573131760415805},"non_scoped":{"SEI":0.5851931852943051,"SEIrank":140,"SEIadj":0,"audienceSEI":0.5280902121023983,"audienceSEIadj":0,"audienceSEIrank":174,"audienceScore":0.08546474301867547,"combinedScore":0.03683453095222655,"combinedScoreRank":157,"engagementSEI":0.11333889753025533,"engagementSEIadj":0,"engagementSEIrank":158,"engagementScore":0.028756376937145056,"voiceSEI":1.547936085219707,"voiceSEIadj":0,"voiceSEIrank":112,"voiceScore":0.13361109115724445},"scoped":{"SEI":2.2634409454838904,"SEIrank":135,"SEIadj":0,"audienceSEI":2.5102305191184167,"audienceSEIadj":0,"audienceSEIrank":157,"audienceScore":0.1356785410893605,"combinedScore":0.07262455222286024,"combinedScoreRank":146,"engagementSEI":0.7519033536777198,"engagementSEIadj":0,"engagementSEIrank":147,"engagementScore":0.05961854111683737,"voiceSEI":5.204252937884723,"voiceSEIadj":0,"voiceSEIrank":102,"voiceScore":0.2436787632647714}},"instagram":{"entityString":"536575feb08f37d80186a107","type":"instagram","profiles":0,"postsMade":0,"repliesMade":0,"repliesRcvd":0,"sharesMade":0,"sharesRcvd":0,"mentionsRcvd":0,"likesRcvd":0,"reachRcvd":0,"audience":0,"voice":0,"conversation":0,"engagement":0,"group_scoped":{"audienceScore":0,"voiceScore":0,"engagementScore":0,"combinedScore":0,"combinedScoreRank":127,"SEIrank":109,"engagementSEIrank":109,"voiceSEIrank":109,"audienceSEIrank":109,"engagementSEI":0,"engagementSEIadj":0,"voiceSEI":0,"voiceSEIadj":0,"audienceSEI":0,"audienceSEIadj":0,"SEI":0,"SEIadj":0},"non_scoped":{"SEI":0,"SEIrank":109,"SEIadj":0,"audienceSEI":0,"audienceSEIadj":0,"audienceSEIrank":109,"audienceScore":0,"combinedScore":0,"combinedScoreRank":109,"engagementSEI":0,"engagementSEIadj":0,"engagementSEIrank":109,"engagementScore":0,"voiceSEI":0,"voiceSEIadj":0,"voiceSEIrank":109,"voiceScore":0},"scoped":{"SEI":0,"SEIrank":93,"SEIadj":0,"audienceSEI":0,"audienceSEIadj":0,"audienceSEIrank":93,"audienceScore":0,"combinedScore":0,"combinedScoreRank":93,"engagementSEI":0,"engagementSEIadj":0,"engagementSEIrank":93,"engagementScore":0,"voiceSEI":0,"voiceSEIadj":0,"voiceSEIrank":93,"voiceScore":0}}},"blended":{"combined":{"non_scoped":{"SEI":0.6249994568663932,"SEIadj":50.312499728433195,"SEIrank":103,"audienceSEI":0.1263281158018335,"audienceSEIadj":40.0757968694811,"audienceSEIrank":197,"engagementSEI":0.004483659851761619,"engagementSEIadj":50.00224182992588,"engagementSEIrank":161,"voiceSEI":2.0322548312505093,"voiceSEIadj":51.016127415625256,"voiceSEIrank":89},"scoped":{"SEI":2.0228608006412174,"SEIadj":41.21371648038473,"SEIrank":156,"compCharisma":0,"compInfluence":0,"compEva":2.0228608006412174,"audienceSEI":1.6583730608366012,"audienceSEIadj":40.99502383650196,"audienceSEIrank":180,"engagementSEI":0.1306241674178709,"engagementSEIadj":50.06531208370894,"engagementSEIrank":143,"voiceSEI":8.058157138925818,"voiceSEIadj":54.02907856946291,"voiceSEIrank":79}},"facebook":{"non_scoped":{"SEI":0.517992633335575,"SEIadj":50.25899631666779,"SEIrank":75,"audienceSEI":0.013586247674034395,"audienceSEIadj":40.00815174860442,"audienceSEIrank":166,"engagementSEI":0.001384167495056794,"engagementSEIadj":50.00069208374753,"engagementSEIrank":130,"voiceSEI":1.7193450269037918,"voiceSEIadj":60.687738010761514,"voiceSEIrank":63},"scoped":{"SEI":2.7169534719264066,"SEIadj":51.3584767359632,"SEIrank":87,"audienceSEI":0.17556056488367358,"audienceSEIadj":40.1053363389302,"audienceSEIrank":151,"engagementSEI":0.10024672496053372,"engagementSEIadj":50.050123362480264,"engagementSEIrank":121,"voiceSEI":8.797497934872396,"voiceSEIadj":63.518999173948956,"voiceSEIrank":54}},"twitter":{"non_scoped":{"SEI":0.845165446827784,"SEIadj":50.42258272341389,"SEIrank":115,"audienceSEI":0.5280902121023983,"audienceSEIadj":40.316854127261436,"audienceSEIrank":174,"engagementSEI":0.19105127709703448,"engagementSEIadj":50.095525638548516,"engagementSEIrank":134,"voiceSEI":2.2590855311977456,"voiceSEIadj":51.12954276559887,"voiceSEIrank":93},"scoped":{"SEI":3.067343465547153,"SEIadj":51.53367173277358,"SEIrank":111,"audienceSEI":2.5102305191184167,"audienceSEIadj":41.50613831147105,"audienceSEIrank":157,"engagementSEI":1.1549101717372003,"engagementSEIadj":50.5774550858686,"engagementSEIrank":124,"voiceSEI":7.077914368643304,"voiceSEIadj":53.53895718432165,"voiceSEIrank":83}},"instagram":{"non_scoped":{"SEI":0,"SEIadj":0,"SEIrank":109,"audienceSEI":0,"audienceSEIadj":0,"audienceSEIrank":109,"engagementSEI":0,"engagementSEIadj":0,"engagementSEIrank":109,"voiceSEI":0,"voiceSEIadj":0,"voiceSEIrank":109},"scoped":{"SEI":0,"SEIadj":0,"SEIrank":93,"audienceSEI":0,"audienceSEIadj":0,"audienceSEIrank":93,"engagementSEI":0,"engagementSEIadj":0,"engagementSEIrank":93,"voiceSEI":0,"voiceSEIadj":0,"voiceSEIrank":93}},"influence":{"instagram":{"scope":"individual","ratio":0,"calculated":false},"combined":{"ratio":0.47,"bottom":true,"scope":"individual","calculated":true},"facebook":{"ratio":0.37,"bottom":true,"scope":"individual","calculated":true},"twitter":{"ratio":0.53,"bottom":false,"scope":"individual","calculated":true}},"charisma":{"instagram":{"scope":"individual","ratio":0,"calculated":false},"combined":{"ratio":0.05,"bottom":false,"scope":"individual","calculated":true},"facebook":{"ratio":0.01,"bottom":false,"scope":"individual","calculated":true},"twitter":{"ratio":0.26,"bottom":false,"scope":"individual","calculated":true}}},"scope":"individual"}}