{"scoreEntityString":"591d1494ab33fb0001804f89.asset.536575ffb08f37d80186dfc3","timeQuantum":4984422,"scoreEntityType":"asset","scoreProfileID":"591d1494ab33fb0001804f89","data":{"scoreEntityString":"591d1494ab33fb0001804f89.asset.536575ffb08f37d80186dfc3","scoreProfileID":"591d1494ab33fb0001804f89","scoreEntityType":"asset","entityID":"asset.536575ffb08f37d80186dfc3","object_version":"1.2","score_engine_version":"3.0.19","timestamp":4984422,"start_quantum":4958502,"end_quantum":4984421,"schedule_options":{"interval":15,"offset":"1"},"_15min":{"boundaryQuantum":4984419,"combined":{"entityString":"536575ffb08f37d80186dfc3","type":"combined","profiles":1,"postsMade":0,"repliesMade":0,"repliesRcvd":0,"sharesMade":0,"sharesRcvd":0,"mentionsRcvd":0,"likesRcvd":0,"reachRcvd":0,"audience":14220,"voice":0,"conversation":0,"engagement":0,"group_scoped":{"audienceScore":3.297368366133105,"voiceScore":0,"engagementScore":0,"combinedScore":3.297368366133105,"engagementSEI":0,"engagementSEIadj":0,"voiceSEI":0,"voiceSEIadj":0,"audienceSEI":8.975572808180269,"audienceSEIadj":8.975572808180269,"SEI":0.897557280818027,"SEIadj":0.897557280818027,"combinedScoreRank":21,"SEIrank":17,"engagementSEIrank":199,"voiceSEIrank":198,"audienceSEIrank":16},"non_scoped":{"SEI":0.05656126595409549,"SEIrank":109,"SEIadj":0,"audienceSEI":0.5656126595409549,"audienceSEIadj":0,"audienceSEIrank":109,"audienceScore":0.10472512857366216,"combinedScore":0.005236256428683108,"combinedScoreRank":109,"engagementSEI":0,"engagementSEIadj":0,"engagementSEIrank":199,"engagementScore":0,"voiceSEI":0,"voiceSEIadj":0,"voiceSEIrank":198,"voiceScore":0},"scoped":{"SEI":0.7425083414702919,"SEIrank":97,"SEIadj":0,"audienceSEI":7.425083414702918,"audienceSEIadj":0,"audienceSEIrank":97,"audienceScore":0.3025947177857387,"combinedScore":0.0432278168265341,"combinedScoreRank":97,"engagementSEI":0,"engagementSEIadj":0,"engagementSEIrank":179,"engagementScore":0,"voiceSEI":0,"voiceSEIadj":0,"voiceSEIrank":178,"voiceScore":0}},"facebook":{"entityString":"536575ffb08f37d80186dfc3","type":"facebook","profiles":0,"postsMade":0,"repliesMade":0,"repliesRcvd":0,"sharesMade":0,"sharesRcvd":0,"mentionsRcvd":0,"likesRcvd":0,"reachRcvd":0,"audience":0,"voice":0,"conversation":0,"engagement":0,"group_scoped":{"audienceScore":0,"voiceScore":0,"engagementScore":0,"combinedScore":0,"engagementSEI":0,"engagementSEIadj":0,"voiceSEI":0,"voiceSEIadj":0,"audienceSEI":0,"audienceSEIadj":0,"SEI":0,"SEIadj":0,"combinedScoreRank":217,"SEIrank":217,"engagementSEIrank":199,"voiceSEIrank":198,"audienceSEIrank":217},"non_scoped":{"SEI":0,"SEIrank":217,"SEIadj":0,"audienceSEI":0,"audienceSEIadj":0,"audienceSEIrank":217,"audienceScore":0,"combinedScore":0,"combinedScoreRank":217,"engagementSEI":0,"engagementSEIadj":0,"engagementSEIrank":199,"engagementScore":0,"voiceSEI":0,"voiceSEIadj":0,"voiceSEIrank":198,"voiceScore":0},"scoped":{"SEI":0,"SEIrank":194,"SEIadj":0,"audienceSEI":0,"audienceSEIadj":0,"audienceSEIrank":194,"audienceScore":0,"combinedScore":0,"combinedScoreRank":194,"engagementSEI":0,"engagementSEIadj":0,"engagementSEIrank":179,"engagementScore":0,"voiceSEI":0,"voiceSEIadj":0,"voiceSEIrank":178,"voiceScore":0}},"twitter":{"entityString":"536575ffb08f37d80186dfc3","type":"twitter","profiles":1,"postsMade":0,"repliesMade":0,"repliesRcvd":0,"sharesMade":0,"sharesRcvd":0,"mentionsRcvd":0,"likesRcvd":0,"reachRcvd":0,"audience":14220,"voice":0,"conversation":0,"engagement":0,"group_scoped":{"audienceScore":7.794599690847101,"voiceScore":0,"engagementScore":0,"combinedScore":7.794599690847101,"engagementSEI":0,"engagementSEIadj":0,"voiceSEI":0,"voiceSEIadj":0,"audienceSEI":17.016897228471592,"audienceSEIadj":17.016897228471592,"SEI":1.7016897228471592,"SEIadj":1.7016897228471592,"combinedScoreRank":16,"SEIrank":24,"engagementSEIrank":197,"voiceSEIrank":197,"audienceSEIrank":23},"non_scoped":{"SEI":0.2566453457312407,"SEIrank":47,"SEIadj":0,"audienceSEI":2.566453457312407,"audienceSEIadj":0,"audienceSEIrank":47,"audienceScore":0.4153481359280811,"combinedScore":0.020767406796404056,"combinedScoreRank":47,"engagementSEI":0,"engagementSEIadj":0,"engagementSEIrank":197,"engagementScore":0,"voiceSEI":0,"voiceSEIadj":0,"voiceSEIrank":197,"voiceScore":0},"scoped":{"SEI":1.2199411477055326,"SEIrank":37,"SEIadj":0,"audienceSEI":12.199411477055326,"audienceSEIadj":0,"audienceSEIrank":37,"audienceScore":0.6593810165040008,"combinedScore":0.09419728807200012,"combinedScoreRank":37,"engagementSEI":0,"engagementSEIadj":0,"engagementSEIrank":178,"engagementScore":0,"voiceSEI":0,"voiceSEIadj":0,"voiceSEIrank":178,"voiceScore":0}},"instagram":{"entityString":"536575ffb08f37d80186dfc3","type":"instagram","profiles":0,"postsMade":0,"repliesMade":0,"repliesRcvd":0,"sharesMade":0,"sharesRcvd":0,"mentionsRcvd":0,"likesRcvd":0,"reachRcvd":0,"audience":0,"voice":0,"conversation":0,"engagement":0,"group_scoped":{"audienceScore":null,"voiceScore":0,"engagementScore":0,"combinedScore":null,"engagementSEI":0,"engagementSEIadj":0,"voiceSEI":0,"voiceSEIadj":0,"audienceSEI":0,"audienceSEIadj":0,"SEI":0,"SEIadj":0,"combinedScoreRank":33,"SEIrank":198,"engagementSEIrank":197,"voiceSEIrank":197,"audienceSEIrank":198},"non_scoped":{"SEI":0,"SEIrank":198,"SEIadj":0,"audienceSEI":0,"audienceSEIadj":0,"audienceSEIrank":198,"audienceScore":0,"combinedScore":0,"combinedScoreRank":198,"engagementSEI":0,"engagementSEIadj":0,"engagementSEIrank":197,"engagementScore":0,"voiceSEI":0,"voiceSEIadj":0,"voiceSEIrank":197,"voiceScore":0},"scoped":{"SEI":0,"SEIrank":178,"SEIadj":0,"audienceSEI":0,"audienceSEIadj":0,"audienceSEIrank":178,"audienceScore":0,"combinedScore":0,"combinedScoreRank":178,"engagementSEI":0,"engagementSEIadj":0,"engagementSEIrank":178,"engagementScore":0,"voiceSEI":0,"voiceSEIadj":0,"voiceSEIrank":178,"voiceScore":0}}},"hour":{"boundaryQuantum":4984410,"combined":{"entityString":"536575ffb08f37d80186dfc3","type":"combined","profiles":1,"postsMade":0,"repliesMade":0,"repliesRcvd":0,"sharesMade":0,"sharesRcvd":0,"mentionsRcvd":0,"likesRcvd":0,"reachRcvd":0,"audience":14220,"voice":0,"conversation":0,"engagement":0,"group_scoped":{"audienceScore":3.297368366133105,"voiceScore":0,"engagementScore":0,"combinedScore":3.297368366133105,"combinedScoreRank":22,"SEIrank":30,"engagementSEIrank":201,"voiceSEIrank":198,"audienceSEIrank":16,"engagementSEI":0,"engagementSEIadj":0,"voiceSEI":0,"voiceSEIadj":0,"audienceSEI":8.975572808180269,"audienceSEIadj":8.975572808180269,"SEI":0.897557280818027,"SEIadj":0.897557280818027},"non_scoped":{"SEI":0.05656126595409549,"SEIrank":112,"SEIadj":0,"audienceSEI":0.5656126595409549,"audienceSEIadj":0,"audienceSEIrank":109,"audienceScore":0.10472512857366216,"combinedScore":0.005236256428683108,"combinedScoreRank":119,"engagementSEI":0,"engagementSEIadj":0,"engagementSEIrank":201,"engagementScore":0,"voiceSEI":0,"voiceSEIadj":0,"voiceSEIrank":198,"voiceScore":0},"scoped":{"SEI":0.7425083414702919,"SEIrank":100,"SEIadj":0,"audienceSEI":7.425083414702918,"audienceSEIadj":0,"audienceSEIrank":97,"audienceScore":0.3025947177857387,"combinedScore":0.015129735889286936,"combinedScoreRank":107,"engagementSEI":0,"engagementSEIadj":0,"engagementSEIrank":181,"engagementScore":0,"voiceSEI":0,"voiceSEIadj":0,"voiceSEIrank":178,"voiceScore":0}},"facebook":{"entityString":"536575ffb08f37d80186dfc3","type":"facebook","profiles":0,"postsMade":0,"repliesMade":0,"repliesRcvd":0,"sharesMade":0,"sharesRcvd":0,"mentionsRcvd":0,"likesRcvd":0,"reachRcvd":0,"audience":0,"voice":0,"conversation":0,"engagement":0,"group_scoped":{"audienceScore":0,"voiceScore":0,"engagementScore":0,"combinedScore":0,"combinedScoreRank":217,"SEIrank":217,"engagementSEIrank":200,"voiceSEIrank":198,"audienceSEIrank":217,"engagementSEI":0,"engagementSEIadj":0,"voiceSEI":0,"voiceSEIadj":0,"audienceSEI":0,"audienceSEIadj":0,"SEI":0,"SEIadj":0},"non_scoped":{"SEI":0,"SEIrank":217,"SEIadj":0,"audienceSEI":0,"audienceSEIadj":0,"audienceSEIrank":217,"audienceScore":0,"combinedScore":0,"combinedScoreRank":217,"engagementSEI":0,"engagementSEIadj":0,"engagementSEIrank":200,"engagementScore":0,"voiceSEI":0,"voiceSEIadj":0,"voiceSEIrank":198,"voiceScore":0},"scoped":{"SEI":0,"SEIrank":194,"SEIadj":0,"audienceSEI":0,"audienceSEIadj":0,"audienceSEIrank":194,"audienceScore":0,"combinedScore":0,"combinedScoreRank":194,"engagementSEI":0,"engagementSEIadj":0,"engagementSEIrank":180,"engagementScore":0,"voiceSEI":0,"voiceSEIadj":0,"voiceSEIrank":178,"voiceScore":0}},"twitter":{"entityString":"536575ffb08f37d80186dfc3","type":"twitter","profiles":1,"postsMade":0,"repliesMade":0,"repliesRcvd":0,"sharesMade":0,"sharesRcvd":0,"mentionsRcvd":0,"likesRcvd":0,"reachRcvd":0,"audience":14220,"voice":0,"conversation":0,"engagement":0,"group_scoped":{"audienceScore":7.794599690847101,"voiceScore":0,"engagementScore":0,"combinedScore":7.794599690847101,"combinedScoreRank":26,"SEIrank":45,"engagementSEIrank":199,"voiceSEIrank":198,"audienceSEIrank":23,"engagementSEI":0,"engagementSEIadj":0,"voiceSEI":0,"voiceSEIadj":0,"audienceSEI":17.016897228471592,"audienceSEIadj":17.016897228471592,"SEI":1.7016897228471592,"SEIadj":1.7016897228471592},"non_scoped":{"SEI":0.2566453457312407,"SEIrank":62,"SEIadj":0,"audienceSEI":2.566453457312407,"audienceSEIadj":0,"audienceSEIrank":47,"audienceScore":0.4153481359280811,"combinedScore":0.020767406796404056,"combinedScoreRank":62,"engagementSEI":0,"engagementSEIadj":0,"engagementSEIrank":199,"engagementScore":0,"voiceSEI":0,"voiceSEIadj":0,"voiceSEIrank":198,"voiceScore":0},"scoped":{"SEI":1.2199411477055326,"SEIrank":52,"SEIadj":0,"audienceSEI":12.199411477055326,"audienceSEIadj":0,"audienceSEIrank":37,"audienceScore":0.6593810165040008,"combinedScore":0.03296905082520004,"combinedScoreRank":52,"engagementSEI":0,"engagementSEIadj":0,"engagementSEIrank":179,"engagementScore":0,"voiceSEI":0,"voiceSEIadj":0,"voiceSEIrank":178,"voiceScore":0}},"instagram":{"entityString":"536575ffb08f37d80186dfc3","type":"instagram","profiles":0,"postsMade":0,"repliesMade":0,"repliesRcvd":0,"sharesMade":0,"sharesRcvd":0,"mentionsRcvd":0,"likesRcvd":0,"reachRcvd":0,"audience":0,"voice":0,"conversation":0,"engagement":0,"group_scoped":{"audienceScore":null,"voiceScore":0,"engagementScore":0,"combinedScore":null,"combinedScoreRank":33,"SEIrank":198,"engagementSEIrank":197,"voiceSEIrank":197,"audienceSEIrank":198,"engagementSEI":0,"engagementSEIadj":0,"voiceSEI":0,"voiceSEIadj":0,"audienceSEI":0,"audienceSEIadj":0,"SEI":0,"SEIadj":0},"non_scoped":{"SEI":0,"SEIrank":198,"SEIadj":0,"audienceSEI":0,"audienceSEIadj":0,"audienceSEIrank":198,"audienceScore":0,"combinedScore":0,"combinedScoreRank":198,"engagementSEI":0,"engagementSEIadj":0,"engagementSEIrank":197,"engagementScore":0,"voiceSEI":0,"voiceSEIadj":0,"voiceSEIrank":197,"voiceScore":0},"scoped":{"SEI":0,"SEIrank":178,"SEIadj":0,"audienceSEI":0,"audienceSEIadj":0,"audienceSEIrank":178,"audienceScore":0,"combinedScore":0,"combinedScoreRank":178,"engagementSEI":0,"engagementSEIadj":0,"engagementSEIrank":178,"engagementScore":0,"voiceSEI":0,"voiceSEIadj":0,"voiceSEIrank":178,"voiceScore":0}}},"today":{"boundaryQuantum":4984134,"combined":{"entityString":"536575ffb08f37d80186dfc3","type":"combined","profiles":1,"postsMade":1,"repliesMade":0,"repliesRcvd":0,"sharesMade":0,"sharesRcvd":0,"mentionsRcvd":0,"likesRcvd":1,"reachRcvd":0,"audience":14220,"voice":1,"conversation":1,"engagement":1,"group_scoped":{"audienceScore":3.297368366133105,"voiceScore":2.857142857142857,"engagementScore":0.06770480704129993,"combinedScore":0.36865988750096806,"combinedScoreRank":91,"SEIrank":45,"engagementSEIrank":71,"voiceSEIrank":52,"audienceSEIrank":16,"engagementSEI":0.15220700152207,"engagementSEIadj":0.15220700152207,"voiceSEI":4.3478260869565215,"voiceSEIadj":4.3478260869565215,"audienceSEI":8.975572808180269,"audienceSEIadj":8.975572808180269,"SEI":2.2932293078182253,"SEIadj":2.2932293078182253},"non_scoped":{"SEI":0.38653882629833564,"SEIrank":95,"SEIadj":0,"audienceSEI":0.5656126595409549,"audienceSEIadj":0,"audienceSEIrank":109,"audienceScore":0.10472512857366216,"combinedScore":0.01162645112317632,"combinedScoreRank":118,"engagementSEI":0.0005120511231841387,"engagementSEIadj":0,"engagementSEIrank":160,"engagementScore":0.0002668146598646716,"voiceSEI":1.098901098901099,"voiceSEIadj":0,"voiceSEIrank":101,"voiceScore":0.12300123001230012},"scoped":{"SEI":1.7803654884830855,"SEIrank":91,"SEIadj":0,"audienceSEI":7.425083414702918,"audienceSEIadj":0,"audienceSEIrank":97,"audienceScore":0.3025947177857387,"combinedScore":0.030590468657245982,"combinedScoreRank":118,"engagementSEI":0.0056239806535065525,"engagementSEIadj":0,"engagementSEIrank":148,"engagementScore":0.0026732249786142,"voiceSEI":3.4482758620689653,"voiceSEIadj":0,"voiceSEIrank":91,"voiceScore":0.26109660574412535}},"facebook":{"entityString":"536575ffb08f37d80186dfc3","type":"facebook","profiles":0,"postsMade":0,"repliesMade":0,"repliesRcvd":0,"sharesMade":0,"sharesRcvd":0,"mentionsRcvd":0,"likesRcvd":0,"reachRcvd":0,"audience":0,"voice":0,"conversation":0,"engagement":0,"group_scoped":{"audienceScore":0,"voiceScore":0,"engagementScore":0,"combinedScore":0,"combinedScoreRank":217,"SEIrank":217,"engagementSEIrank":205,"voiceSEIrank":200,"audienceSEIrank":217,"engagementSEI":0,"engagementSEIadj":0,"voiceSEI":0,"voiceSEIadj":0,"audienceSEI":0,"audienceSEIadj":0,"SEI":0,"SEIadj":0},"non_scoped":{"SEI":0,"SEIrank":217,"SEIadj":0,"audienceSEI":0,"audienceSEIadj":0,"audienceSEIrank":217,"audienceScore":0,"combinedScore":0,"combinedScoreRank":217,"engagementSEI":0,"engagementSEIadj":0,"engagementSEIrank":205,"engagementScore":0,"voiceSEI":0,"voiceSEIadj":0,"voiceSEIrank":200,"voiceScore":0},"scoped":{"SEI":0,"SEIrank":194,"SEIadj":0,"audienceSEI":0,"audienceSEIadj":0,"audienceSEIrank":194,"audienceScore":0,"combinedScore":0,"combinedScoreRank":194,"engagementSEI":0,"engagementSEIadj":0,"engagementSEIrank":184,"engagementScore":0,"voiceSEI":0,"voiceSEIadj":0,"voiceSEIrank":180,"voiceScore":0}},"twitter":{"entityString":"536575ffb08f37d80186dfc3","type":"twitter","profiles":1,"postsMade":1,"repliesMade":0,"repliesRcvd":0,"sharesMade":0,"sharesRcvd":0,"mentionsRcvd":0,"likesRcvd":1,"reachRcvd":0,"audience":14220,"voice":1,"conversation":1,"engagement":1,"group_scoped":{"audienceScore":7.794599690847101,"voiceScore":6.25,"engagementScore":1.2345679012345678,"combinedScore":1.8133410956534664,"combinedScoreRank":83,"SEIrank":55,"engagementSEIrank":81,"voiceSEIrank":42,"audienceSEIrank":23,"engagementSEI":2.941176470588235,"engagementSEIadj":2.941176470588235,"voiceSEI":11.11111111111111,"voiceSEIadj":11.11111111111111,"audienceSEI":17.016897228471592,"audienceSEIadj":17.016897228471592,"SEI":6.799728938533433,"SEIadj":6.799728938533433},"non_scoped":{"SEI":0.9194763671688193,"SEIrank":82,"SEIadj":0,"audienceSEI":2.566453457312407,"audienceSEIadj":0,"audienceSEIrank":47,"audienceScore":0.4153481359280811,"combinedScore":0.0450124210414183,"combinedScoreRank":106,"engagementSEI":0.06305170239596469,"engagementSEIadj":0,"engagementSEIrank":127,"engagementScore":0.015827793605571384,"voiceSEI":2.083333333333333,"voiceSEIadj":0,"voiceSEIrank":89,"voiceScore":0.2},"scoped":{"SEI":2.4853114651204598,"SEIrank":73,"SEIadj":0,"audienceSEI":12.199411477055326,"audienceSEIadj":0,"audienceSEIrank":37,"audienceScore":0.6593810165040008,"combinedScore":0.07512710901103653,"combinedScoreRank":96,"engagementSEI":0.18587360594795538,"engagementSEIadj":0,"engagementSEIrank":116,"engagementScore":0.027816411682892908,"voiceSEI":3.8461538461538463,"voiceSEIadj":0,"voiceSEIrank":79,"voiceScore":0.3424657534246575}},"instagram":{"entityString":"536575ffb08f37d80186dfc3","type":"instagram","profiles":0,"postsMade":0,"repliesMade":0,"repliesRcvd":0,"sharesMade":0,"sharesRcvd":0,"mentionsRcvd":0,"likesRcvd":0,"reachRcvd":0,"audience":0,"voice":0,"conversation":0,"engagement":0,"group_scoped":{"audienceScore":null,"voiceScore":0,"engagementScore":0,"combinedScore":null,"combinedScoreRank":33,"SEIrank":198,"engagementSEIrank":198,"voiceSEIrank":198,"audienceSEIrank":198,"engagementSEI":0,"engagementSEIadj":0,"voiceSEI":0,"voiceSEIadj":0,"audienceSEI":0,"audienceSEIadj":0,"SEI":0,"SEIadj":0},"non_scoped":{"SEI":0,"SEIrank":198,"SEIadj":0,"audienceSEI":0,"audienceSEIadj":0,"audienceSEIrank":198,"audienceScore":0,"combinedScore":0,"combinedScoreRank":198,"engagementSEI":0,"engagementSEIadj":0,"engagementSEIrank":198,"engagementScore":0,"voiceSEI":0,"voiceSEIadj":0,"voiceSEIrank":198,"voiceScore":0},"scoped":{"SEI":0,"SEIrank":178,"SEIadj":0,"audienceSEI":0,"audienceSEIadj":0,"audienceSEIrank":178,"audienceScore":0,"combinedScore":0,"combinedScoreRank":178,"engagementSEI":0,"engagementSEIadj":0,"engagementSEIrank":178,"engagementScore":0,"voiceSEI":0,"voiceSEIadj":0,"voiceSEIrank":178,"voiceScore":0}}},"week":{"boundaryQuantum":4982406,"combined":{"entityString":"536575ffb08f37d80186dfc3","type":"combined","profiles":1,"postsMade":23,"repliesMade":0,"repliesRcvd":0,"sharesMade":0,"sharesRcvd":12,"mentionsRcvd":0,"likesRcvd":15,"reachRcvd":0,"audience":14220,"voice":23,"conversation":23,"engagement":27,"group_scoped":{"audienceScore":3.297368366133105,"voiceScore":3.7216828478964405,"engagementScore":0.09099487732542463,"combinedScore":0.43284795029435946,"combinedScoreRank":62,"SEIrank":41,"engagementSEIrank":90,"voiceSEIrank":52,"audienceSEIrank":16,"engagementSEI":0.12955232474449402,"engagementSEIadj":0.12955232474449402,"voiceSEI":5.032822757111598,"voiceSEIadj":5.032822757111598,"audienceSEI":8.975572808180269,"audienceSEIadj":8.975572808180269,"SEI":2.4851355027982023,"SEIadj":2.4851355027982023},"non_scoped":{"SEI":0.8605445060395666,"SEIrank":76,"SEIadj":0,"audienceSEI":0.5656126595409549,"audienceSEIadj":0,"audienceSEIrank":109,"audienceScore":0.10472512857366216,"combinedScore":0.018775583210659995,"combinedScoreRank":111,"engagementSEI":0.0027627644835369934,"engagementSEIadj":0,"engagementSEIrank":160,"engagementScore":0.001126064600240811,"voiceSEI":2.6744186046511627,"voiceSEIadj":0,"voiceSEIrank":73,"voiceScore":0.25051737283520314},"scoped":{"SEI":3.9044925345828894,"SEIrank":85,"SEIadj":0,"audienceSEI":7.425083414702918,"audienceSEIadj":0,"audienceSEIrank":97,"audienceScore":0.3025947177857387,"combinedScore":0.05318209863367841,"combinedScoreRank":120,"engagementSEI":0.08979347500748279,"engagementSEIadj":0,"engagementSEIrank":147,"engagementScore":0.013114053408196769,"voiceSEI":10.36036036036036,"voiceSEIadj":0,"voiceSEIrank":63,"voiceScore":0.5249942935402876}},"facebook":{"entityString":"536575ffb08f37d80186dfc3","type":"facebook","profiles":0,"postsMade":0,"repliesMade":0,"repliesRcvd":0,"sharesMade":0,"sharesRcvd":0,"mentionsRcvd":0,"likesRcvd":0,"reachRcvd":0,"audience":0,"voice":0,"conversation":0,"engagement":0,"group_scoped":{"audienceScore":0,"voiceScore":0,"engagementScore":0,"combinedScore":0,"combinedScoreRank":217,"SEIrank":217,"engagementSEIrank":206,"voiceSEIrank":206,"audienceSEIrank":217,"engagementSEI":0,"engagementSEIadj":0,"voiceSEI":0,"voiceSEIadj":0,"audienceSEI":0,"audienceSEIadj":0,"SEI":0,"SEIadj":0},"non_scoped":{"SEI":0,"SEIrank":217,"SEIadj":0,"audienceSEI":0,"audienceSEIadj":0,"audienceSEIrank":217,"audienceScore":0,"combinedScore":0,"combinedScoreRank":217,"engagementSEI":0,"engagementSEIadj":0,"engagementSEIrank":206,"engagementScore":0,"voiceSEI":0,"voiceSEIadj":0,"voiceSEIrank":206,"voiceScore":0},"scoped":{"SEI":0,"SEIrank":194,"SEIadj":0,"audienceSEI":0,"audienceSEIadj":0,"audienceSEIrank":194,"audienceScore":0,"combinedScore":0,"combinedScoreRank":194,"engagementSEI":0,"engagementSEIadj":0,"engagementSEIrank":185,"engagementScore":0,"voiceSEI":0,"voiceSEIadj":0,"voiceSEIrank":185,"voiceScore":0}},"twitter":{"entityString":"536575ffb08f37d80186dfc3","type":"twitter","profiles":1,"postsMade":23,"repliesMade":0,"repliesRcvd":0,"sharesMade":0,"sharesRcvd":12,"mentionsRcvd":0,"likesRcvd":15,"reachRcvd":0,"audience":14220,"voice":23,"conversation":23,"engagement":27,"group_scoped":{"audienceScore":7.794599690847101,"voiceScore":6.6473988439306355,"engagementScore":2.6470588235294117,"combinedScore":3.1044528679153576,"combinedScoreRank":51,"SEIrank":47,"engagementSEIrank":59,"voiceSEIrank":32,"audienceSEIrank":23,"engagementSEI":4.599659284497445,"engagementSEIadj":4.599659284497445,"voiceSEI":10.043668122270741,"voiceSEIadj":10.043668122270741,"audienceSEI":17.016897228471592,"audienceSEIadj":17.016897228471592,"SEI":7.474585730226849,"SEIadj":7.474585730226849},"non_scoped":{"SEI":1.789042961574348,"SEIrank":67,"SEIadj":0,"audienceSEI":2.566453457312407,"audienceSEIadj":0,"audienceSEIrank":47,"audienceScore":0.4153481359280811,"combinedScore":0.08044143574295659,"combinedScoreRank":117,"engagementSEI":0.17304364545279755,"engagementSEIadj":0,"engagementSEIrank":128,"engagementScore":0.04402413174629056,"voiceSEI":4.761904761904762,"voiceSEIadj":0,"voiceSEIrank":51,"voiceScore":0.40104620749782044},"scoped":{"SEI":6.096578455745279,"SEIrank":68,"SEIadj":0,"audienceSEI":12.199411477055326,"audienceSEIadj":0,"audienceSEIrank":37,"audienceScore":0.6593810165040008,"combinedScore":0.15300998733463328,"combinedScoreRank":107,"engagementSEI":1.0289634146341464,"engagementSEIadj":0,"engagementSEIrank":117,"engagementScore":0.0926593225573973,"voiceSEI":14.19753086419753,"voiceSEIadj":0,"voiceSEIrank":41,"voiceScore":0.7329509241555131}},"instagram":{"entityString":"536575ffb08f37d80186dfc3","type":"instagram","profiles":0,"postsMade":0,"repliesMade":0,"repliesRcvd":0,"sharesMade":0,"sharesRcvd":0,"mentionsRcvd":0,"likesRcvd":0,"reachRcvd":0,"audience":0,"voice":0,"conversation":0,"engagement":0,"group_scoped":{"audienceScore":null,"voiceScore":0,"engagementScore":0,"combinedScore":null,"combinedScoreRank":33,"SEIrank":198,"engagementSEIrank":198,"voiceSEIrank":198,"audienceSEIrank":198,"engagementSEI":0,"engagementSEIadj":0,"voiceSEI":0,"voiceSEIadj":0,"audienceSEI":0,"audienceSEIadj":0,"SEI":0,"SEIadj":0},"non_scoped":{"SEI":0,"SEIrank":198,"SEIadj":0,"audienceSEI":0,"audienceSEIadj":0,"audienceSEIrank":198,"audienceScore":0,"combinedScore":0,"combinedScoreRank":198,"engagementSEI":0,"engagementSEIadj":0,"engagementSEIrank":198,"engagementScore":0,"voiceSEI":0,"voiceSEIadj":0,"voiceSEIrank":198,"voiceScore":0},"scoped":{"SEI":0,"SEIrank":178,"SEIadj":0,"audienceSEI":0,"audienceSEIadj":0,"audienceSEIrank":178,"audienceScore":0,"combinedScore":0,"combinedScoreRank":178,"engagementSEI":0,"engagementSEIadj":0,"engagementSEIrank":178,"engagementScore":0,"voiceSEI":0,"voiceSEIadj":0,"voiceSEIrank":178,"voiceScore":0}}},"month":{"boundaryQuantum":4975782,"combined":{"entityString":"536575ffb08f37d80186dfc3","type":"combined","profiles":1,"postsMade":116,"repliesMade":0,"repliesRcvd":0,"sharesMade":0,"sharesRcvd":149,"mentionsRcvd":0,"likesRcvd":171,"reachRcvd":0,"audience":14220,"voice":116,"conversation":116,"engagement":320,"group_scoped":{"audienceScore":3.297368366133105,"voiceScore":4.552590266875981,"engagementScore":0.40920716112531963,"combinedScore":0.7607843766632421,"combinedScoreRank":44,"SEIrank":35,"engagementSEIrank":42,"voiceSEIrank":41,"audienceSEIrank":16,"engagementSEI":0.7646904198628336,"engagementSEIadj":0.7646904198628336,"voiceSEI":6.4088397790055245,"voiceSEIadj":6.4088397790055245,"audienceSEI":8.975572808180269,"audienceSEIadj":8.975572808180269,"SEI":3.2790234664373843,"SEIadj":3.2790234664373843},"non_scoped":{"SEI":1.0234511100826928,"SEIrank":67,"SEIadj":0,"audienceSEI":0.5656126595409549,"audienceSEIadj":0,"audienceSEIrank":109,"audienceScore":0.10472512857366216,"combinedScore":0.023724467092750594,"combinedScoreRank":103,"engagementSEI":0.008830407065208693,"engagementSEIadj":0,"engagementSEIrank":136,"engagementScore":0.003477860915559928,"voiceSEI":3.2053053329649077,"voiceSEIadj":0,"voiceSEIrank":58,"voiceScore":0.307162716801271},"scoped":{"SEI":4.583276271174109,"SEIrank":79,"SEIadj":0,"audienceSEI":7.425083414702918,"audienceSEIadj":0,"audienceSEIrank":97,"audienceScore":0.3025947177857387,"combinedScore":0.07786993000986889,"combinedScoreRank":112,"engagementSEI":0.2960167249449594,"engagementSEIadj":0,"engagementSEIrank":126,"engagementScore":0.0337289457596391,"voiceSEI":12.210526315789473,"voiceSEIadj":0,"voiceSEIrank":48,"voiceScore":0.6476828587381351}},"facebook":{"entityString":"536575ffb08f37d80186dfc3","type":"facebook","profiles":0,"postsMade":0,"repliesMade":0,"repliesRcvd":0,"sharesMade":0,"sharesRcvd":0,"mentionsRcvd":0,"likesRcvd":0,"reachRcvd":0,"audience":0,"voice":0,"conversation":0,"engagement":0,"group_scoped":{"audienceScore":0,"voiceScore":0,"engagementScore":0,"combinedScore":0,"combinedScoreRank":217,"SEIrank":217,"engagementSEIrank":206,"voiceSEIrank":206,"audienceSEIrank":217,"engagementSEI":0,"engagementSEIadj":0,"voiceSEI":0,"voiceSEIadj":0,"audienceSEI":0,"audienceSEIadj":0,"SEI":0,"SEIadj":0},"non_scoped":{"SEI":0,"SEIrank":217,"SEIadj":0,"audienceSEI":0,"audienceSEIadj":0,"audienceSEIrank":217,"audienceScore":0,"combinedScore":0,"combinedScoreRank":217,"engagementSEI":0,"engagementSEIadj":0,"engagementSEIrank":206,"engagementScore":0,"voiceSEI":0,"voiceSEIadj":0,"voiceSEIrank":206,"voiceScore":0},"scoped":{"SEI":0,"SEIrank":194,"SEIadj":0,"audienceSEI":0,"audienceSEIadj":0,"audienceSEIrank":194,"audienceScore":0,"combinedScore":0,"combinedScoreRank":194,"engagementSEI":0,"engagementSEIadj":0,"engagementSEIrank":185,"engagementScore":0,"voiceSEI":0,"voiceSEIadj":0,"voiceSEIrank":185,"voiceScore":0}},"twitter":{"entityString":"536575ffb08f37d80186dfc3","type":"twitter","profiles":1,"postsMade":116,"repliesMade":0,"repliesRcvd":0,"sharesMade":0,"sharesRcvd":149,"mentionsRcvd":0,"likesRcvd":171,"reachRcvd":0,"audience":14220,"voice":116,"conversation":116,"engagement":320,"group_scoped":{"audienceScore":7.794599690847101,"voiceScore":8.285714285714285,"engagementScore":7.363092498849516,"combinedScore":7.430798947792635,"combinedScoreRank":22,"SEIrank":27,"engagementSEIrank":28,"voiceSEIrank":25,"audienceSEIrank":23,"engagementSEI":14.558689717925386,"engagementSEIadj":14.558689717925386,"voiceSEI":13.942307692307693,"voiceSEIadj":13.942307692307693,"audienceSEI":17.016897228471592,"audienceSEIadj":17.016897228471592,"SEI":14.619595861294698,"SEIadj":14.619595861294698},"non_scoped":{"SEI":2.3367757679981023,"SEIrank":58,"SEIadj":0,"audienceSEI":2.566453457312407,"audienceSEIadj":0,"audienceSEIrank":47,"audienceScore":0.4153481359280811,"combinedScore":0.16502535176090627,"combinedScoreRank":89,"engagementSEI":0.5552374507660541,"engagementSEIadj":0,"engagementSEIrank":98,"engagementScore":0.13263753891046554,"voiceSEI":5.8232931726907635,"voiceSEIadj":0,"voiceSEIrank":47,"voiceScore":0.4976831989016646},"scoped":{"SEI":8.517719350305073,"SEIrank":52,"SEIadj":0,"audienceSEI":12.199411477055326,"audienceSEIadj":0,"audienceSEIrank":37,"audienceScore":0.6593810165040008,"combinedScore":0.3206275332460081,"combinedScoreRank":81,"engagementSEI":3.156752490875012,"engagementSEIadj":0,"engagementSEIrank":88,"engagementScore":0.2692378885018594,"voiceSEI":18.012422360248447,"voiceSEIadj":0,"voiceSEIrank":37,"voiceScore":0.906887655382691}},"instagram":{"entityString":"536575ffb08f37d80186dfc3","type":"instagram","profiles":0,"postsMade":0,"repliesMade":0,"repliesRcvd":0,"sharesMade":0,"sharesRcvd":0,"mentionsRcvd":0,"likesRcvd":0,"reachRcvd":0,"audience":0,"voice":0,"conversation":0,"engagement":0,"group_scoped":{"audienceScore":null,"voiceScore":0,"engagementScore":0,"combinedScore":null,"combinedScoreRank":33,"SEIrank":198,"engagementSEIrank":198,"voiceSEIrank":198,"audienceSEIrank":198,"engagementSEI":0,"engagementSEIadj":0,"voiceSEI":0,"voiceSEIadj":0,"audienceSEI":0,"audienceSEIadj":0,"SEI":0,"SEIadj":0},"non_scoped":{"SEI":0,"SEIrank":198,"SEIadj":0,"audienceSEI":0,"audienceSEIadj":0,"audienceSEIrank":198,"audienceScore":0,"combinedScore":0,"combinedScoreRank":198,"engagementSEI":0,"engagementSEIadj":0,"engagementSEIrank":198,"engagementScore":0,"voiceSEI":0,"voiceSEIadj":0,"voiceSEIrank":198,"voiceScore":0},"scoped":{"SEI":0,"SEIrank":178,"SEIadj":0,"audienceSEI":0,"audienceSEIadj":0,"audienceSEIrank":178,"audienceScore":0,"combinedScore":0,"combinedScoreRank":178,"engagementSEI":0,"engagementSEIadj":0,"engagementSEIrank":178,"engagementScore":0,"voiceSEI":0,"voiceSEIadj":0,"voiceSEIrank":178,"voiceScore":0}}},"quarter":{"boundaryQuantum":4958502,"combined":{"entityString":"536575ffb08f37d80186dfc3","type":"combined","profiles":1,"postsMade":362,"repliesMade":0,"repliesRcvd":0,"sharesMade":0,"sharesRcvd":407,"mentionsRcvd":0,"likesRcvd":567,"reachRcvd":0,"audience":14220,"voice":362,"conversation":362,"engagement":974,"group_scoped":{"audienceScore":3.297368366133105,"voiceScore":5.16921319434528,"engagementScore":0.4090855635636645,"combinedScore":0.7915060852312173,"combinedScoreRank":44,"SEIrank":31,"engagementSEIrank":45,"voiceSEIrank":32,"audienceSEIrank":16,"engagementSEI":0.7361110061443352,"engagementSEIadj":0.7361110061443352,"voiceSEI":7.685774946921444,"voiceSEIadj":7.685774946921444,"audienceSEI":8.975572808180269,"audienceSEIadj":8.975572808180269,"SEI":3.6449563685810613,"SEIadj":3.6449563685810613},"non_scoped":{"SEI":1.0758540828897085,"SEIrank":64,"SEIadj":0,"audienceSEI":0.5656126595409549,"audienceSEIadj":0,"audienceSEIrank":109,"audienceScore":0.10472512857366216,"combinedScore":0.0242980789323128,"combinedScoreRank":101,"engagementSEI":0.008496370898167594,"engagementSEIadj":0,"engagementSEIrank":143,"engagementScore":0.0032905383172038396,"voiceSEI":3.3806499813223754,"voiceSEIadj":0,"voiceSEIrank":58,"voiceScore":0.32200676036292475},"scoped":{"SEI":5.088090894203158,"SEIrank":77,"SEIadj":0,"audienceSEI":7.425083414702918,"audienceSEIadj":0,"audienceSEIrank":97,"audienceScore":0.3025947177857387,"combinedScore":0.07792404347557391,"combinedScoreRank":113,"engagementSEI":0.1970945750426465,"engagementSEIadj":0,"engagementSEIrank":132,"engagementScore":0.03214964968764668,"voiceSEI":14.09108602569093,"voiceSEIadj":0,"voiceSEIrank":48,"voiceScore":0.6771924573480994}},"facebook":{"entityString":"536575ffb08f37d80186dfc3","type":"facebook","profiles":0,"postsMade":0,"repliesMade":0,"repliesRcvd":0,"sharesMade":0,"sharesRcvd":0,"mentionsRcvd":0,"likesRcvd":0,"reachRcvd":0,"audience":0,"voice":0,"conversation":0,"engagement":0,"group_scoped":{"audienceScore":0,"voiceScore":0,"engagementScore":0,"combinedScore":0,"combinedScoreRank":217,"SEIrank":217,"engagementSEIrank":206,"voiceSEIrank":206,"audienceSEIrank":217,"engagementSEI":0,"engagementSEIadj":0,"voiceSEI":0,"voiceSEIadj":0,"audienceSEI":0,"audienceSEIadj":0,"SEI":0,"SEIadj":0},"non_scoped":{"SEI":0,"SEIrank":217,"SEIadj":0,"audienceSEI":0,"audienceSEIadj":0,"audienceSEIrank":217,"audienceScore":0,"combinedScore":0,"combinedScoreRank":217,"engagementSEI":0,"engagementSEIadj":0,"engagementSEIrank":206,"engagementScore":0,"voiceSEI":0,"voiceSEIadj":0,"voiceSEIrank":206,"voiceScore":0},"scoped":{"SEI":0,"SEIrank":194,"SEIadj":0,"audienceSEI":0,"audienceSEIadj":0,"audienceSEIrank":194,"audienceScore":0,"combinedScore":0,"combinedScoreRank":194,"engagementSEI":0,"engagementSEIadj":0,"engagementSEIrank":185,"engagementScore":0,"voiceSEI":0,"voiceSEIadj":0,"voiceSEIrank":185,"voiceScore":0}},"twitter":{"entityString":"536575ffb08f37d80186dfc3","type":"twitter","profiles":1,"postsMade":362,"repliesMade":0,"repliesRcvd":0,"sharesMade":0,"sharesRcvd":407,"mentionsRcvd":0,"likesRcvd":567,"reachRcvd":0,"audience":14220,"voice":362,"conversation":362,"engagement":974,"group_scoped":{"audienceScore":7.794599690847101,"voiceScore":9.291581108829568,"engagementScore":6.907801418439716,"combinedScore":7.071330316579578,"combinedScoreRank":21,"SEIrank":26,"engagementSEIrank":26,"voiceSEIrank":19,"audienceSEIrank":23,"engagementSEI":16.626835097302834,"engagementSEIadj":16.626835097302834,"voiceSEI":17.797443461160274,"voiceSEIadj":17.797443461160274,"audienceSEI":17.016897228471592,"audienceSEIadj":17.016897228471592,"SEI":17.01702381957694,"SEIadj":17.01702381957694},"non_scoped":{"SEI":2.341370170312288,"SEIrank":55,"SEIadj":0,"audienceSEI":2.566453457312407,"audienceSEIadj":0,"audienceSEIrank":47,"audienceScore":0.4153481359280811,"combinedScore":0.15224341981595463,"combinedScoreRank":87,"engagementSEI":0.4618915740354338,"engagementSEIadj":0,"engagementSEIrank":100,"engagementScore":0.11719125998652422,"voiceSEI":6.025299600532623,"voiceSEIadj":0,"voiceSEIrank":47,"voiceScore":0.5200775806335752},"scoped":{"SEI":9.135710817641838,"SEIrank":50,"SEIadj":0,"audienceSEI":12.199411477055326,"audienceSEIadj":0,"audienceSEIrank":37,"audienceScore":0.6593810165040008,"combinedScore":0.299062540018879,"combinedScoreRank":79,"engagementSEI":3.0642421191719627,"engagementSEIadj":0,"engagementSEIrank":89,"engagementScore":0.2429642637983247,"voiceSEI":20.25741466144376,"voiceSEIadj":0,"voiceSEIrank":37,"voiceScore":0.9485130355037338}},"instagram":{"entityString":"536575ffb08f37d80186dfc3","type":"instagram","profiles":0,"postsMade":0,"repliesMade":0,"repliesRcvd":0,"sharesMade":0,"sharesRcvd":0,"mentionsRcvd":0,"likesRcvd":0,"reachRcvd":0,"audience":0,"voice":0,"conversation":0,"engagement":0,"group_scoped":{"audienceScore":null,"voiceScore":0,"engagementScore":0,"combinedScore":null,"combinedScoreRank":33,"SEIrank":198,"engagementSEIrank":198,"voiceSEIrank":198,"audienceSEIrank":198,"engagementSEI":0,"engagementSEIadj":0,"voiceSEI":0,"voiceSEIadj":0,"audienceSEI":0,"audienceSEIadj":0,"SEI":0,"SEIadj":0},"non_scoped":{"SEI":0,"SEIrank":198,"SEIadj":0,"audienceSEI":0,"audienceSEIadj":0,"audienceSEIrank":198,"audienceScore":0,"combinedScore":0,"combinedScoreRank":198,"engagementSEI":0,"engagementSEIadj":0,"engagementSEIrank":198,"engagementScore":0,"voiceSEI":0,"voiceSEIadj":0,"voiceSEIrank":198,"voiceScore":0},"scoped":{"SEI":0,"SEIrank":178,"SEIadj":0,"audienceSEI":0,"audienceSEIadj":0,"audienceSEIrank":178,"audienceScore":0,"combinedScore":0,"combinedScoreRank":178,"engagementSEI":0,"engagementSEIadj":0,"engagementSEIrank":178,"engagementScore":0,"voiceSEI":0,"voiceSEIadj":0,"voiceSEIrank":178,"voiceScore":0}}},"blended":{"combined":{"non_scoped":{"SEI":0.9689350010840448,"SEIadj":60.38757400043362,"SEIrank":64,"audienceSEI":0.5656126595409549,"audienceSEIadj":50.28280632977048,"audienceSEIrank":109,"engagementSEI":0.006427178410085406,"engagementSEIadj":50.003213589205046,"engagementSEIrank":145,"voiceSEI":3.0283914269463277,"voiceSEIadj":61.211356570778534,"voiceSEIrank":60},"scoped":{"SEI":3.413846221158304,"SEIadj":51.706923110579154,"SEIrank":145,"compCharisma":0,"compInfluence":0,"compEva":3.413846221158304,"audienceSEI":7.425083414702918,"audienceSEIadj":53.71254170735146,"audienceSEIrank":97,"engagementSEI":0.17016903779798728,"engagementSEIadj":50.085084518898995,"engagementSEIrank":134,"voiceSEI":12.157643861425441,"voiceSEIadj":64.86305754457018,"voiceSEIrank":49}},"facebook":{"non_scoped":{"SEI":0,"SEIadj":0,"SEIrank":217,"audienceSEI":0,"audienceSEIadj":0,"audienceSEIrank":217,"engagementSEI":0,"engagementSEIadj":0,"engagementSEIrank":206,"voiceSEI":0,"voiceSEIadj":0,"voiceSEIrank":206},"scoped":{"SEI":0,"SEIadj":0,"SEIrank":194,"audienceSEI":0,"audienceSEIadj":0,"audienceSEIrank":194,"engagementSEI":0,"engagementSEIadj":0,"engagementSEIrank":185,"voiceSEI":0,"voiceSEIadj":0,"voiceSEIrank":185}},"twitter":{"non_scoped":{"SEI":2.1038881571866046,"SEIadj":60.84155526287464,"SEIrank":61,"audienceSEI":2.566453457312407,"audienceSEIadj":61.02658138292496,"audienceSEIrank":47,"engagementSEI":0.3692970833882625,"engagementSEIadj":50.18464854169413,"engagementSEIrank":105,"voiceSEI":5.418881871408022,"voiceSEIadj":62.16755274856321,"voiceSEIrank":48},"scoped":{"SEI":7.798752421346287,"SEIadj":63.11950096853852,"SEIrank":55,"audienceSEI":12.199411477055328,"audienceSEIadj":64.87976459082213,"audienceSEIrank":37,"engagementSEI":2.323616637904875,"engagementSEIadj":51.16180831895244,"engagementSEIrank":94,"voiceSEI":17.282137636326098,"voiceSEIadj":66.91285505453044,"voiceSEIrank":36}},"instagram":{"non_scoped":{"SEI":0,"SEIadj":0,"SEIrank":198,"audienceSEI":0,"audienceSEIadj":0,"audienceSEIrank":198,"engagementSEI":0,"engagementSEIadj":0,"engagementSEIrank":198,"voiceSEI":0,"voiceSEIadj":0,"voiceSEIrank":198},"scoped":{"SEI":0,"SEIadj":0,"SEIrank":178,"audienceSEI":0,"audienceSEIadj":0,"audienceSEIrank":178,"engagementSEI":0,"engagementSEIadj":0,"engagementSEIrank":178,"voiceSEI":0,"voiceSEIadj":0,"voiceSEIrank":178}},"influence":{"facebook":{"scope":"individual","ratio":0,"calculated":false},"instagram":{"scope":"individual","ratio":0,"calculated":false},"combined":{"ratio":0.1,"bottom":false,"scope":"individual","calculated":true},"twitter":{"ratio":0.31,"bottom":false,"scope":"individual","calculated":true}},"charisma":{"facebook":{"scope":"individual","ratio":0,"calculated":false},"instagram":{"scope":"individual","ratio":0,"calculated":false},"combined":{"ratio":0.04,"bottom":false,"scope":"individual","calculated":true},"twitter":{"ratio":0.28,"bottom":false,"scope":"individual","calculated":true}}},"scope":"individual"}}