{"scoreEntityString":"591d1494ab33fb0001804f89.asset.536575feb08f37d80186a0b0","timeQuantum":4984422,"scoreEntityType":"asset","scoreProfileID":"591d1494ab33fb0001804f89","data":{"scoreEntityString":"591d1494ab33fb0001804f89.asset.536575feb08f37d80186a0b0","scoreProfileID":"591d1494ab33fb0001804f89","scoreEntityType":"asset","entityID":"asset.536575feb08f37d80186a0b0","object_version":"1.2","score_engine_version":"3.0.19","timestamp":4984422,"start_quantum":4958502,"end_quantum":4984421,"schedule_options":{"interval":15,"offset":"1"},"_15min":{"boundaryQuantum":4984419,"combined":{"entityString":"536575feb08f37d80186a0b0","type":"combined","profiles":2,"postsMade":0,"repliesMade":0,"repliesRcvd":0,"sharesMade":0,"sharesRcvd":0,"mentionsRcvd":0,"likesRcvd":0,"reachRcvd":0,"audience":4347,"voice":0,"conversation":0,"engagement":0,"group_scoped":{"audienceScore":0.19082779843457115,"voiceScore":0,"engagementScore":0,"combinedScore":0.19082779843457115,"engagementSEI":0,"engagementSEIadj":0,"voiceSEI":0,"voiceSEIadj":0,"audienceSEI":0.2956209740598886,"audienceSEIadj":0.2956209740598886,"SEI":0.02956209740598886,"SEIadj":0.02956209740598886,"combinedScoreRank":193,"SEIrank":196,"engagementSEIrank":29,"voiceSEIrank":23,"audienceSEIrank":196},"non_scoped":{"SEI":0.01729056421254944,"SEIrank":178,"SEIadj":0,"audienceSEI":0.17290564212549442,"audienceSEIadj":0,"audienceSEIrank":178,"audienceScore":0.03201407411460685,"combinedScore":0.0016007037057303424,"combinedScoreRank":178,"engagementSEI":0,"engagementSEIadj":0,"engagementSEIrank":29,"engagementScore":0,"voiceSEI":0,"voiceSEIadj":0,"voiceSEIrank":23,"voiceScore":0},"scoped":{"SEI":0.2269819803355386,"SEIrank":162,"SEIadj":0,"audienceSEI":2.269819803355386,"audienceSEIadj":0,"audienceSEIrank":162,"audienceScore":0.0925020561332353,"combinedScore":0.013214579447605042,"combinedScoreRank":162,"engagementSEI":0,"engagementSEIadj":0,"engagementSEIrank":22,"engagementScore":0,"voiceSEI":0,"voiceSEIadj":0,"voiceSEIrank":19,"voiceScore":0}},"facebook":{"entityString":"536575feb08f37d80186a0b0","type":"facebook","profiles":1,"postsMade":0,"repliesMade":0,"repliesRcvd":0,"sharesMade":0,"sharesRcvd":0,"mentionsRcvd":0,"likesRcvd":0,"reachRcvd":0,"audience":337,"voice":0,"conversation":0,"engagement":0,"group_scoped":{"audienceScore":0.021903954086192386,"voiceScore":0,"engagementScore":0,"combinedScore":0.021903954086192386,"engagementSEI":0,"engagementSEIadj":0,"voiceSEI":0,"voiceSEIadj":0,"audienceSEI":0.030833699311960183,"audienceSEIadj":0.030833699311960183,"SEI":0.0030833699311960186,"SEIadj":0.0030833699311960186,"combinedScoreRank":165,"SEIrank":165,"engagementSEIrank":27,"voiceSEIrank":23,"audienceSEIrank":165},"non_scoped":{"SEI":0.001831426186459837,"SEIrank":164,"SEIadj":0,"audienceSEI":0.01831426186459837,"audienceSEIadj":0,"audienceSEIrank":164,"audienceScore":0.003514022199861316,"combinedScore":0.00017570110999306582,"combinedScoreRank":164,"engagementSEI":0,"engagementSEIadj":0,"engagementSEIrank":27,"engagementScore":0,"voiceSEI":0,"voiceSEIadj":0,"voiceSEIrank":23,"voiceScore":0},"scoped":{"SEI":0.023665564146319196,"SEIrank":149,"SEIadj":0,"audienceSEI":0.23665564146319196,"audienceSEIadj":0,"audienceSEIrank":149,"audienceScore":0.014486293258457393,"combinedScore":0.0020694704654939133,"combinedScoreRank":149,"engagementSEI":0,"engagementSEIadj":0,"engagementSEIrank":20,"engagementScore":0,"voiceSEI":0,"voiceSEIadj":0,"voiceSEIrank":19,"voiceScore":0}},"twitter":{"entityString":"536575feb08f37d80186a0b0","type":"twitter","profiles":1,"postsMade":0,"repliesMade":0,"repliesRcvd":0,"sharesMade":0,"sharesRcvd":0,"mentionsRcvd":0,"likesRcvd":0,"reachRcvd":0,"audience":4010,"voice":0,"conversation":0,"engagement":0,"group_scoped":{"audienceScore":0.637825095952117,"voiceScore":0,"engagementScore":0,"combinedScore":0.637825095952117,"engagementSEI":0,"engagementSEIadj":0,"voiceSEI":0,"voiceSEIadj":0,"audienceSEI":1.5031787920590176,"audienceSEIadj":1.5031787920590176,"SEI":0.15031787920590178,"SEIadj":0.15031787920590178,"combinedScoreRank":177,"SEIrank":185,"engagementSEIrank":24,"voiceSEIrank":22,"audienceSEIrank":185},"non_scoped":{"SEI":0.0723732655683738,"SEIrank":149,"SEIadj":0,"audienceSEI":0.7237326556837379,"audienceSEIadj":0,"audienceSEIrank":149,"audienceScore":0.117127005982532,"combinedScore":0.005856350299126601,"combinedScoreRank":149,"engagementSEI":0,"engagementSEIadj":0,"engagementSEIrank":24,"engagementScore":0,"voiceSEI":0,"voiceSEIadj":0,"voiceSEIrank":22,"voiceScore":0},"scoped":{"SEI":0.34401997203229157,"SEIrank":134,"SEIadj":0,"audienceSEI":3.4401997203229153,"audienceSEIadj":0,"audienceSEIrank":134,"audienceScore":0.18594359185520698,"combinedScore":0.026563370265029567,"combinedScoreRank":134,"engagementSEI":0,"engagementSEIadj":0,"engagementSEIrank":20,"engagementScore":0,"voiceSEI":0,"voiceSEIadj":0,"voiceSEIrank":19,"voiceScore":0}},"instagram":{"entityString":"536575feb08f37d80186a0b0","type":"instagram","profiles":0,"postsMade":0,"repliesMade":0,"repliesRcvd":0,"sharesMade":0,"sharesRcvd":0,"mentionsRcvd":0,"likesRcvd":0,"reachRcvd":0,"audience":0,"voice":0,"conversation":0,"engagement":0,"group_scoped":{"audienceScore":0,"voiceScore":0,"engagementScore":0,"combinedScore":0,"engagementSEI":0,"engagementSEIadj":0,"voiceSEI":0,"voiceSEIadj":0,"audienceSEI":0,"audienceSEIadj":0,"SEI":0,"SEIadj":0,"combinedScoreRank":66,"SEIrank":48,"engagementSEIrank":24,"voiceSEIrank":21,"audienceSEIrank":48},"non_scoped":{"SEI":0,"SEIrank":48,"SEIadj":0,"audienceSEI":0,"audienceSEIadj":0,"audienceSEIrank":48,"audienceScore":0,"combinedScore":0,"combinedScoreRank":48,"engagementSEI":0,"engagementSEIadj":0,"engagementSEIrank":24,"engagementScore":0,"voiceSEI":0,"voiceSEIadj":0,"voiceSEIrank":21,"voiceScore":0},"scoped":{"SEI":0,"SEIrank":41,"SEIadj":0,"audienceSEI":0,"audienceSEIadj":0,"audienceSEIrank":41,"audienceScore":0,"combinedScore":0,"combinedScoreRank":41,"engagementSEI":0,"engagementSEIadj":0,"engagementSEIrank":20,"engagementScore":0,"voiceSEI":0,"voiceSEIadj":0,"voiceSEIrank":19,"voiceScore":0}}},"hour":{"boundaryQuantum":4984410,"combined":{"entityString":"536575feb08f37d80186a0b0","type":"combined","profiles":2,"postsMade":0,"repliesMade":0,"repliesRcvd":0,"sharesMade":0,"sharesRcvd":0,"mentionsRcvd":0,"likesRcvd":0,"reachRcvd":0,"audience":4347,"voice":0,"conversation":0,"engagement":0,"group_scoped":{"audienceScore":0.19082779843457115,"voiceScore":0,"engagementScore":0,"combinedScore":0.19082779843457115,"combinedScoreRank":187,"SEIrank":198,"engagementSEIrank":73,"voiceSEIrank":33,"audienceSEIrank":196,"engagementSEI":0,"engagementSEIadj":0,"voiceSEI":0,"voiceSEIadj":0,"audienceSEI":0.2956209740598886,"audienceSEIadj":0.2956209740598886,"SEI":0.02956209740598886,"SEIadj":0.02956209740598886},"non_scoped":{"SEI":0.01729056421254944,"SEIrank":179,"SEIadj":0,"audienceSEI":0.17290564212549442,"audienceSEIadj":0,"audienceSEIrank":178,"audienceScore":0.03201407411460685,"combinedScore":0.0016007037057303424,"combinedScoreRank":180,"engagementSEI":0,"engagementSEIadj":0,"engagementSEIrank":73,"engagementScore":0,"voiceSEI":0,"voiceSEIadj":0,"voiceSEIrank":33,"voiceScore":0},"scoped":{"SEI":0.2269819803355386,"SEIrank":163,"SEIadj":0,"audienceSEI":2.269819803355386,"audienceSEIadj":0,"audienceSEIrank":162,"audienceScore":0.0925020561332353,"combinedScore":0.004625102806661765,"combinedScoreRank":164,"engagementSEI":0,"engagementSEIadj":0,"engagementSEIrank":63,"engagementScore":0,"voiceSEI":0,"voiceSEIadj":0,"voiceSEIrank":26,"voiceScore":0}},"facebook":{"entityString":"536575feb08f37d80186a0b0","type":"facebook","profiles":1,"postsMade":0,"repliesMade":0,"repliesRcvd":0,"sharesMade":0,"sharesRcvd":0,"mentionsRcvd":0,"likesRcvd":0,"reachRcvd":0,"audience":337,"voice":0,"conversation":0,"engagement":0,"group_scoped":{"audienceScore":0.021903954086192386,"voiceScore":0,"engagementScore":0,"combinedScore":0.021903954086192386,"combinedScoreRank":165,"SEIrank":165,"engagementSEIrank":58,"voiceSEIrank":27,"audienceSEIrank":165,"engagementSEI":0,"engagementSEIadj":0,"voiceSEI":0,"voiceSEIadj":0,"audienceSEI":0.030833699311960183,"audienceSEIadj":0.030833699311960183,"SEI":0.0030833699311960186,"SEIadj":0.0030833699311960186},"non_scoped":{"SEI":0.001831426186459837,"SEIrank":165,"SEIadj":0,"audienceSEI":0.01831426186459837,"audienceSEIadj":0,"audienceSEIrank":164,"audienceScore":0.003514022199861316,"combinedScore":0.00017570110999306582,"combinedScoreRank":165,"engagementSEI":0,"engagementSEIadj":0,"engagementSEIrank":58,"engagementScore":0,"voiceSEI":0,"voiceSEIadj":0,"voiceSEIrank":27,"voiceScore":0},"scoped":{"SEI":0.023665564146319196,"SEIrank":150,"SEIadj":0,"audienceSEI":0.23665564146319196,"audienceSEIadj":0,"audienceSEIrank":149,"audienceScore":0.014486293258457393,"combinedScore":0.0007243146629228697,"combinedScoreRank":150,"engagementSEI":0,"engagementSEIadj":0,"engagementSEIrank":48,"engagementScore":0,"voiceSEI":0,"voiceSEIadj":0,"voiceSEIrank":20,"voiceScore":0}},"twitter":{"entityString":"536575feb08f37d80186a0b0","type":"twitter","profiles":1,"postsMade":0,"repliesMade":0,"repliesRcvd":0,"sharesMade":0,"sharesRcvd":0,"mentionsRcvd":0,"likesRcvd":0,"reachRcvd":0,"audience":4010,"voice":0,"conversation":0,"engagement":0,"group_scoped":{"audienceScore":0.637825095952117,"voiceScore":0,"engagementScore":0,"combinedScore":0.637825095952117,"combinedScoreRank":179,"SEIrank":187,"engagementSEIrank":53,"voiceSEIrank":31,"audienceSEIrank":185,"engagementSEI":0,"engagementSEIadj":0,"voiceSEI":0,"voiceSEIadj":0,"audienceSEI":1.5031787920590176,"audienceSEIadj":1.5031787920590176,"SEI":0.15031787920590178,"SEIadj":0.15031787920590178},"non_scoped":{"SEI":0.0723732655683738,"SEIrank":152,"SEIadj":0,"audienceSEI":0.7237326556837379,"audienceSEIadj":0,"audienceSEIrank":149,"audienceScore":0.117127005982532,"combinedScore":0.005856350299126601,"combinedScoreRank":152,"engagementSEI":0,"engagementSEIadj":0,"engagementSEIrank":53,"engagementScore":0,"voiceSEI":0,"voiceSEIadj":0,"voiceSEIrank":31,"voiceScore":0},"scoped":{"SEI":0.34401997203229157,"SEIrank":137,"SEIadj":0,"audienceSEI":3.4401997203229153,"audienceSEIadj":0,"audienceSEIrank":134,"audienceScore":0.18594359185520698,"combinedScore":0.009297179592760349,"combinedScoreRank":137,"engagementSEI":0,"engagementSEIadj":0,"engagementSEIrank":46,"engagementScore":0,"voiceSEI":0,"voiceSEIadj":0,"voiceSEIrank":26,"voiceScore":0}},"instagram":{"entityString":"536575feb08f37d80186a0b0","type":"instagram","profiles":0,"postsMade":0,"repliesMade":0,"repliesRcvd":0,"sharesMade":0,"sharesRcvd":0,"mentionsRcvd":0,"likesRcvd":0,"reachRcvd":0,"audience":0,"voice":0,"conversation":0,"engagement":0,"group_scoped":{"audienceScore":0,"voiceScore":0,"engagementScore":0,"combinedScore":0,"combinedScoreRank":66,"SEIrank":48,"engagementSEIrank":30,"voiceSEIrank":21,"audienceSEIrank":48,"engagementSEI":0,"engagementSEIadj":0,"voiceSEI":0,"voiceSEIadj":0,"audienceSEI":0,"audienceSEIadj":0,"SEI":0,"SEIadj":0},"non_scoped":{"SEI":0,"SEIrank":48,"SEIadj":0,"audienceSEI":0,"audienceSEIadj":0,"audienceSEIrank":48,"audienceScore":0,"combinedScore":0,"combinedScoreRank":48,"engagementSEI":0,"engagementSEIadj":0,"engagementSEIrank":30,"engagementScore":0,"voiceSEI":0,"voiceSEIadj":0,"voiceSEIrank":21,"voiceScore":0},"scoped":{"SEI":0,"SEIrank":41,"SEIadj":0,"audienceSEI":0,"audienceSEIadj":0,"audienceSEIrank":41,"audienceScore":0,"combinedScore":0,"combinedScoreRank":41,"engagementSEI":0,"engagementSEIadj":0,"engagementSEIrank":25,"engagementScore":0,"voiceSEI":0,"voiceSEIadj":0,"voiceSEIrank":19,"voiceScore":0}}},"today":{"boundaryQuantum":4984134,"combined":{"entityString":"536575feb08f37d80186a0b0","type":"combined","profiles":2,"postsMade":0,"repliesMade":0,"repliesRcvd":0,"sharesMade":0,"sharesRcvd":0,"mentionsRcvd":0,"likesRcvd":0,"reachRcvd":0,"audience":4347,"voice":0,"conversation":0,"engagement":0,"group_scoped":{"audienceScore":0.19082779843457115,"voiceScore":0,"engagementScore":0,"combinedScore":0.19082779843457115,"combinedScoreRank":140,"SEIrank":206,"engagementSEIrank":170,"voiceSEIrank":122,"audienceSEIrank":196,"engagementSEI":0,"engagementSEIadj":0,"voiceSEI":0,"voiceSEIadj":0,"audienceSEI":0.2956209740598886,"audienceSEIadj":0.2956209740598886,"SEI":0.02956209740598886,"SEIadj":0.02956209740598886},"non_scoped":{"SEI":0.01729056421254944,"SEIrank":191,"SEIadj":0,"audienceSEI":0.17290564212549442,"audienceSEIadj":0,"audienceSEIrank":178,"audienceScore":0.03201407411460685,"combinedScore":0.0016007037057303424,"combinedScoreRank":193,"engagementSEI":0,"engagementSEIadj":0,"engagementSEIrank":170,"engagementScore":0,"voiceSEI":0,"voiceSEIadj":0,"voiceSEIrank":122,"voiceScore":0},"scoped":{"SEI":0.2269819803355386,"SEIrank":174,"SEIadj":0,"audienceSEI":2.269819803355386,"audienceSEIadj":0,"audienceSEIrank":162,"audienceScore":0.0925020561332353,"combinedScore":0.004625102806661765,"combinedScoreRank":180,"engagementSEI":0,"engagementSEIadj":0,"engagementSEIrank":157,"engagementScore":0,"voiceSEI":0,"voiceSEIadj":0,"voiceSEIrank":110,"voiceScore":0}},"facebook":{"entityString":"536575feb08f37d80186a0b0","type":"facebook","profiles":1,"postsMade":0,"repliesMade":0,"repliesRcvd":0,"sharesMade":0,"sharesRcvd":0,"mentionsRcvd":0,"likesRcvd":0,"reachRcvd":0,"audience":337,"voice":0,"conversation":0,"engagement":0,"group_scoped":{"audienceScore":0.021903954086192386,"voiceScore":0,"engagementScore":0,"combinedScore":0.021903954086192386,"combinedScoreRank":159,"SEIrank":165,"engagementSEIrank":121,"voiceSEIrank":70,"audienceSEIrank":165,"engagementSEI":0,"engagementSEIadj":0,"voiceSEI":0,"voiceSEIadj":0,"audienceSEI":0.030833699311960183,"audienceSEIadj":0.030833699311960183,"SEI":0.0030833699311960186,"SEIadj":0.0030833699311960186},"non_scoped":{"SEI":0.001831426186459837,"SEIrank":166,"SEIadj":0,"audienceSEI":0.01831426186459837,"audienceSEIadj":0,"audienceSEIrank":164,"audienceScore":0.003514022199861316,"combinedScore":0.00017570110999306582,"combinedScoreRank":166,"engagementSEI":0,"engagementSEIadj":0,"engagementSEIrank":121,"engagementScore":0,"voiceSEI":0,"voiceSEIadj":0,"voiceSEIrank":70,"voiceScore":0},"scoped":{"SEI":0.023665564146319196,"SEIrank":151,"SEIadj":0,"audienceSEI":0.23665564146319196,"audienceSEIadj":0,"audienceSEIrank":149,"audienceScore":0.014486293258457393,"combinedScore":0.0007243146629228697,"combinedScoreRank":151,"engagementSEI":0,"engagementSEIadj":0,"engagementSEIrank":110,"engagementScore":0,"voiceSEI":0,"voiceSEIadj":0,"voiceSEIrank":61,"voiceScore":0}},"twitter":{"entityString":"536575feb08f37d80186a0b0","type":"twitter","profiles":1,"postsMade":0,"repliesMade":0,"repliesRcvd":0,"sharesMade":0,"sharesRcvd":0,"mentionsRcvd":0,"likesRcvd":0,"reachRcvd":0,"audience":4010,"voice":0,"conversation":0,"engagement":0,"group_scoped":{"audienceScore":0.637825095952117,"voiceScore":0,"engagementScore":0,"combinedScore":0.637825095952117,"combinedScoreRank":161,"SEIrank":201,"engagementSEIrank":142,"voiceSEIrank":110,"audienceSEIrank":185,"engagementSEI":0,"engagementSEIadj":0,"voiceSEI":0,"voiceSEIadj":0,"audienceSEI":1.5031787920590176,"audienceSEIadj":1.5031787920590176,"SEI":0.15031787920590178,"SEIadj":0.15031787920590178},"non_scoped":{"SEI":0.0723732655683738,"SEIrank":186,"SEIadj":0,"audienceSEI":0.7237326556837379,"audienceSEIadj":0,"audienceSEIrank":149,"audienceScore":0.117127005982532,"combinedScore":0.005856350299126601,"combinedScoreRank":187,"engagementSEI":0,"engagementSEIadj":0,"engagementSEIrank":142,"engagementScore":0,"voiceSEI":0,"voiceSEIadj":0,"voiceSEIrank":110,"voiceScore":0},"scoped":{"SEI":0.34401997203229157,"SEIrank":168,"SEIadj":0,"audienceSEI":3.4401997203229153,"audienceSEIadj":0,"audienceSEIrank":134,"audienceScore":0.18594359185520698,"combinedScore":0.009297179592760349,"combinedScoreRank":171,"engagementSEI":0,"engagementSEIadj":0,"engagementSEIrank":130,"engagementScore":0,"voiceSEI":0,"voiceSEIadj":0,"voiceSEIrank":98,"voiceScore":0}},"instagram":{"entityString":"536575feb08f37d80186a0b0","type":"instagram","profiles":0,"postsMade":0,"repliesMade":0,"repliesRcvd":0,"sharesMade":0,"sharesRcvd":0,"mentionsRcvd":0,"likesRcvd":0,"reachRcvd":0,"audience":0,"voice":0,"conversation":0,"engagement":0,"group_scoped":{"audienceScore":0,"voiceScore":0,"engagementScore":0,"combinedScore":0,"combinedScoreRank":66,"SEIrank":48,"engagementSEIrank":40,"voiceSEIrank":27,"audienceSEIrank":48,"engagementSEI":0,"engagementSEIadj":0,"voiceSEI":0,"voiceSEIadj":0,"audienceSEI":0,"audienceSEIadj":0,"SEI":0,"SEIadj":0},"non_scoped":{"SEI":0,"SEIrank":48,"SEIadj":0,"audienceSEI":0,"audienceSEIadj":0,"audienceSEIrank":48,"audienceScore":0,"combinedScore":0,"combinedScoreRank":48,"engagementSEI":0,"engagementSEIadj":0,"engagementSEIrank":40,"engagementScore":0,"voiceSEI":0,"voiceSEIadj":0,"voiceSEIrank":27,"voiceScore":0},"scoped":{"SEI":0,"SEIrank":41,"SEIadj":0,"audienceSEI":0,"audienceSEIadj":0,"audienceSEIrank":41,"audienceScore":0,"combinedScore":0,"combinedScoreRank":41,"engagementSEI":0,"engagementSEIadj":0,"engagementSEIrank":33,"engagementScore":0,"voiceSEI":0,"voiceSEIadj":0,"voiceSEIrank":21,"voiceScore":0}}},"week":{"boundaryQuantum":4982406,"combined":{"entityString":"536575feb08f37d80186a0b0","type":"combined","profiles":2,"postsMade":5,"repliesMade":0,"repliesRcvd":0,"sharesMade":0,"sharesRcvd":4,"mentionsRcvd":0,"likesRcvd":6,"reachRcvd":0,"audience":4347,"voice":5,"conversation":5,"engagement":10,"group_scoped":{"audienceScore":0.19082779843457115,"voiceScore":0.2767017155506364,"engagementScore":0.007047564009500117,"combinedScore":0.029719283307810485,"combinedScoreRank":213,"SEIrank":174,"engagementSEIrank":171,"voiceSEIrank":158,"audienceSEIrank":196,"engagementSEI":0.008200216485715223,"engagementSEIadj":0.008200216485715223,"voiceSEI":0.7225433526011561,"voiceSEIadj":0.7225433526011561,"audienceSEI":0.2956209740598886,"audienceSEIadj":0.2956209740598886,"SEI":0.2512452330777648,"SEIadj":0.2512452330777648},"non_scoped":{"SEI":0.19232311652672043,"SEIrank":162,"SEIadj":0,"audienceSEI":0.17290564212549442,"audienceSEIadj":0,"audienceSEIrank":178,"audienceScore":0.03201407411460685,"combinedScore":0.004699073494599053,"combinedScoreRank":181,"engagementSEI":0.0010232461050137013,"engagementSEIadj":0,"engagementSEIrank":181,"engagementScore":0.00041706096305215226,"voiceSEI":0.5813953488372093,"voiceSEIadj":0,"voiceSEIrank":150,"voiceScore":0.05446029844243547},"scoped":{"SEI":0.9226117615684327,"SEIrank":162,"SEIadj":0,"audienceSEI":2.269819803355386,"audienceSEIadj":0,"audienceSEIrank":162,"audienceScore":0.0925020561332353,"combinedScore":0.014702913655121786,"combinedScoreRank":170,"engagementSEI":0.033256842595363996,"engagementSEIadj":0,"engagementSEIrank":166,"engagementScore":0.0048570568178506555,"voiceSEI":2.2522522522522523,"voiceSEIadj":0,"voiceSEIrank":139,"voiceScore":0.11412919424788862}},"facebook":{"entityString":"536575feb08f37d80186a0b0","type":"facebook","profiles":1,"postsMade":0,"repliesMade":0,"repliesRcvd":0,"sharesMade":0,"sharesRcvd":0,"mentionsRcvd":0,"likesRcvd":0,"reachRcvd":0,"audience":337,"voice":0,"conversation":0,"engagement":0,"group_scoped":{"audienceScore":0.021903954086192386,"voiceScore":0,"engagementScore":0,"combinedScore":0.021903954086192386,"combinedScoreRank":163,"SEIrank":165,"engagementSEIrank":143,"voiceSEIrank":138,"audienceSEIrank":165,"engagementSEI":0,"engagementSEIadj":0,"voiceSEI":0,"voiceSEIadj":0,"audienceSEI":0.030833699311960183,"audienceSEIadj":0.030833699311960183,"SEI":0.0030833699311960186,"SEIadj":0.0030833699311960186},"non_scoped":{"SEI":0.001831426186459837,"SEIrank":166,"SEIadj":0,"audienceSEI":0.01831426186459837,"audienceSEIadj":0,"audienceSEIrank":164,"audienceScore":0.003514022199861316,"combinedScore":0.00017570110999306582,"combinedScoreRank":166,"engagementSEI":0,"engagementSEIadj":0,"engagementSEIrank":143,"engagementScore":0,"voiceSEI":0,"voiceSEIadj":0,"voiceSEIrank":138,"voiceScore":0},"scoped":{"SEI":0.023665564146319196,"SEIrank":151,"SEIadj":0,"audienceSEI":0.23665564146319196,"audienceSEIadj":0,"audienceSEIrank":149,"audienceScore":0.014486293258457393,"combinedScore":0.0007243146629228697,"combinedScoreRank":151,"engagementSEI":0,"engagementSEIadj":0,"engagementSEIrank":132,"engagementScore":0,"voiceSEI":0,"voiceSEIadj":0,"voiceSEIrank":127,"voiceScore":0}},"twitter":{"entityString":"536575feb08f37d80186a0b0","type":"twitter","profiles":1,"postsMade":5,"repliesMade":0,"repliesRcvd":0,"sharesMade":0,"sharesRcvd":4,"mentionsRcvd":0,"likesRcvd":6,"reachRcvd":0,"audience":4010,"voice":5,"conversation":5,"engagement":10,"group_scoped":{"audienceScore":0.637825095952117,"voiceScore":0.3866976024748647,"engagementScore":0.0762660158633313,"combinedScore":0.11986554919834726,"combinedScoreRank":211,"SEIrank":183,"engagementSEIrank":175,"voiceSEIrank":146,"audienceSEIrank":185,"engagementSEI":0.13873473917869034,"engagementSEIadj":0.13873473917869034,"voiceSEI":1.070663811563169,"voiceSEIadj":1.070663811563169,"audienceSEI":1.5031787920590176,"audienceSEIadj":1.5031787920590176,"SEI":0.5547578661820667,"SEIadj":0.5547578661820667},"non_scoped":{"SEI":0.42138641521350895,"SEIrank":151,"SEIadj":0,"audienceSEI":0.7237326556837379,"audienceSEIadj":0,"audienceSEIrank":149,"audienceScore":0.117127005982532,"combinedScore":0.02489025878880846,"combinedScoreRank":161,"engagementSEI":0.06409023905659168,"engagementSEIadj":0,"engagementSEIrank":162,"engagementScore":0.016305233980107615,"voiceSEI":1.0351966873706004,"voiceSEIadj":0,"voiceSEIrank":129,"voiceScore":0.08718395815170009},"scoped":{"SEI":1.4986044345435832,"SEIrank":144,"SEIadj":0,"audienceSEI":3.4401997203229153,"audienceSEIadj":0,"audienceSEIrank":134,"audienceScore":0.18594359185520698,"combinedScore":0.0481504783164817,"combinedScoreRank":147,"engagementSEI":0.38109756097560976,"engagementSEIadj":0,"engagementSEIrank":149,"engagementScore":0.03431826761385086,"voiceSEI":3.0864197530864197,"voiceSEIadj":0,"voiceSEIrank":118,"voiceScore":0.15933715742511154}},"instagram":{"entityString":"536575feb08f37d80186a0b0","type":"instagram","profiles":0,"postsMade":0,"repliesMade":0,"repliesRcvd":0,"sharesMade":0,"sharesRcvd":0,"mentionsRcvd":0,"likesRcvd":0,"reachRcvd":0,"audience":0,"voice":0,"conversation":0,"engagement":0,"group_scoped":{"audienceScore":0,"voiceScore":0,"engagementScore":0,"combinedScore":0,"combinedScoreRank":66,"SEIrank":48,"engagementSEIrank":43,"voiceSEIrank":41,"audienceSEIrank":48,"engagementSEI":0,"engagementSEIadj":0,"voiceSEI":0,"voiceSEIadj":0,"audienceSEI":0,"audienceSEIadj":0,"SEI":0,"SEIadj":0},"non_scoped":{"SEI":0,"SEIrank":48,"SEIadj":0,"audienceSEI":0,"audienceSEIadj":0,"audienceSEIrank":48,"audienceScore":0,"combinedScore":0,"combinedScoreRank":48,"engagementSEI":0,"engagementSEIadj":0,"engagementSEIrank":43,"engagementScore":0,"voiceSEI":0,"voiceSEIadj":0,"voiceSEIrank":41,"voiceScore":0},"scoped":{"SEI":0,"SEIrank":41,"SEIadj":0,"audienceSEI":0,"audienceSEIadj":0,"audienceSEIrank":41,"audienceScore":0,"combinedScore":0,"combinedScoreRank":41,"engagementSEI":0,"engagementSEIadj":0,"engagementSEIrank":36,"engagementScore":0,"voiceSEI":0,"voiceSEIadj":0,"voiceSEIrank":34,"voiceScore":0}}},"month":{"boundaryQuantum":4975782,"combined":{"entityString":"536575feb08f37d80186a0b0","type":"combined","profiles":2,"postsMade":32,"repliesMade":0,"repliesRcvd":0,"sharesMade":0,"sharesRcvd":26,"mentionsRcvd":0,"likesRcvd":86,"reachRcvd":0,"audience":4347,"voice":32,"conversation":32,"engagement":112,"group_scoped":{"audienceScore":0.19082779843457115,"voiceScore":0.44849334267694463,"engagementScore":0.018149202650431774,"combinedScore":0.04830033944096439,"combinedScoreRank":193,"SEIrank":160,"engagementSEIrank":162,"voiceSEIrank":142,"audienceSEIrank":196,"engagementSEI":0.020702862170695096,"engagementSEIadj":0.020702862170695096,"voiceSEI":1.0596026490066226,"voiceSEIadj":1.0596026490066226,"audienceSEI":0.2956209740598886,"audienceSEIadj":0.2956209740598886,"SEI":0.35986460941039267,"SEIadj":0.35986460941039267},"non_scoped":{"SEI":0.2844115979416149,"SEIrank":145,"SEIadj":0,"audienceSEI":0.17290564212549442,"audienceSEIadj":0,"audienceSEIrank":178,"audienceScore":0.03201407411460685,"combinedScore":0.006932957022425113,"combinedScoreRank":168,"engagementSEI":0.0030906424728230422,"engagementSEIadj":0,"engagementSEIrank":174,"engagementScore":0.0012172513204459748,"voiceSEI":0.8842221608179055,"voiceSEIadj":0,"voiceSEIrank":139,"voiceScore":0.08473454256586786},"scoped":{"SEI":1.2996718083634535,"SEIrank":146,"SEIadj":0,"audienceSEI":2.269819803355386,"audienceSEIadj":0,"audienceSEIrank":162,"audienceScore":0.0925020561332353,"combinedScore":0.02418327739319822,"combinedScoreRank":162,"engagementSEI":0.1036058537307358,"engagementSEIadj":0,"engagementSEIrank":161,"engagementScore":0.011805131015873686,"voiceSEI":3.3684210526315788,"voiceSEIadj":0,"voiceSEIrank":128,"voiceScore":0.1786711334450028}},"facebook":{"entityString":"536575feb08f37d80186a0b0","type":"facebook","profiles":1,"postsMade":0,"repliesMade":0,"repliesRcvd":0,"sharesMade":0,"sharesRcvd":0,"mentionsRcvd":0,"likesRcvd":0,"reachRcvd":0,"audience":337,"voice":0,"conversation":0,"engagement":0,"group_scoped":{"audienceScore":0.021903954086192386,"voiceScore":0,"engagementScore":0,"combinedScore":0.021903954086192386,"combinedScoreRank":156,"SEIrank":165,"engagementSEIrank":154,"voiceSEIrank":152,"audienceSEIrank":165,"engagementSEI":0,"engagementSEIadj":0,"voiceSEI":0,"voiceSEIadj":0,"audienceSEI":0.030833699311960183,"audienceSEIadj":0.030833699311960183,"SEI":0.0030833699311960186,"SEIadj":0.0030833699311960186},"non_scoped":{"SEI":0.001831426186459837,"SEIrank":166,"SEIadj":0,"audienceSEI":0.01831426186459837,"audienceSEIadj":0,"audienceSEIrank":164,"audienceScore":0.003514022199861316,"combinedScore":0.00017570110999306582,"combinedScoreRank":166,"engagementSEI":0,"engagementSEIadj":0,"engagementSEIrank":154,"engagementScore":0,"voiceSEI":0,"voiceSEIadj":0,"voiceSEIrank":152,"voiceScore":0},"scoped":{"SEI":0.023665564146319196,"SEIrank":151,"SEIadj":0,"audienceSEI":0.23665564146319196,"audienceSEIadj":0,"audienceSEIrank":149,"audienceScore":0.014486293258457393,"combinedScore":0.0007243146629228697,"combinedScoreRank":151,"engagementSEI":0,"engagementSEIadj":0,"engagementSEIrank":142,"engagementScore":0,"voiceSEI":0,"voiceSEIadj":0,"voiceSEIrank":141,"voiceScore":0}},"twitter":{"entityString":"536575feb08f37d80186a0b0","type":"twitter","profiles":1,"postsMade":32,"repliesMade":0,"repliesRcvd":0,"sharesMade":0,"sharesRcvd":26,"mentionsRcvd":0,"likesRcvd":86,"reachRcvd":0,"audience":4010,"voice":32,"conversation":32,"engagement":112,"group_scoped":{"audienceScore":0.637825095952117,"voiceScore":0.6464646464646464,"engagementScore":0.21108577244199853,"combinedScore":0.25419168231863687,"combinedScoreRank":179,"SEIrank":170,"engagementSEIrank":172,"voiceSEIrank":135,"audienceSEIrank":185,"engagementSEI":0.37394410871089445,"engagementSEIadj":0.37394410871089445,"voiceSEI":1.6112789526686808,"voiceSEIadj":1.6112789526686808,"audienceSEI":1.5031787920590176,"audienceSEIadj":1.5031787920590176,"SEI":0.8580680302330427,"SEIadj":0.8580680302330427},"non_scoped":{"SEI":0.6709008410726185,"SEIrank":136,"SEIadj":0,"audienceSEI":0.7237326556837379,"audienceSEIadj":0,"audienceSEIrank":149,"audienceScore":0.117127005982532,"combinedScore":0.05450177090284275,"combinedScoreRank":143,"engagementSEI":0.19433310776811896,"engagementSEIadj":0,"engagementSEIrank":140,"engagementScore":0.04642313861866293,"voiceSEI":1.6064257028112447,"voiceSEIadj":0,"voiceSEIrank":118,"voiceScore":0.13729191693839024},"scoped":{"SEI":2.4976212249297087,"SEIrank":126,"SEIadj":0,"audienceSEI":3.4401997203229153,"audienceSEIadj":0,"audienceSEIrank":134,"audienceScore":0.18594359185520698,"combinedScore":0.10661590971750387,"combinedScoreRank":132,"engagementSEI":1.1048633718062544,"engagementSEIadj":0,"engagementSEIrank":129,"engagementScore":0.0942332609756508,"voiceSEI":4.968944099378882,"voiceSEIadj":0,"voiceSEIrank":107,"voiceScore":0.2501759049331561}},"instagram":{"entityString":"536575feb08f37d80186a0b0","type":"instagram","profiles":0,"postsMade":0,"repliesMade":0,"repliesRcvd":0,"sharesMade":0,"sharesRcvd":0,"mentionsRcvd":0,"likesRcvd":0,"reachRcvd":0,"audience":0,"voice":0,"conversation":0,"engagement":0,"group_scoped":{"audienceScore":0,"voiceScore":0,"engagementScore":0,"combinedScore":0,"combinedScoreRank":66,"SEIrank":48,"engagementSEIrank":43,"voiceSEIrank":42,"audienceSEIrank":48,"engagementSEI":0,"engagementSEIadj":0,"voiceSEI":0,"voiceSEIadj":0,"audienceSEI":0,"audienceSEIadj":0,"SEI":0,"SEIadj":0},"non_scoped":{"SEI":0,"SEIrank":48,"SEIadj":0,"audienceSEI":0,"audienceSEIadj":0,"audienceSEIrank":48,"audienceScore":0,"combinedScore":0,"combinedScoreRank":48,"engagementSEI":0,"engagementSEIadj":0,"engagementSEIrank":43,"engagementScore":0,"voiceSEI":0,"voiceSEIadj":0,"voiceSEIrank":42,"voiceScore":0},"scoped":{"SEI":0,"SEIrank":41,"SEIadj":0,"audienceSEI":0,"audienceSEIadj":0,"audienceSEIrank":41,"audienceScore":0,"combinedScore":0,"combinedScoreRank":41,"engagementSEI":0,"engagementSEIadj":0,"engagementSEIrank":36,"engagementScore":0,"voiceSEI":0,"voiceSEIadj":0,"voiceSEIrank":35,"voiceScore":0}}},"quarter":{"boundaryQuantum":4958502,"combined":{"entityString":"536575feb08f37d80186a0b0","type":"combined","profiles":2,"postsMade":93,"repliesMade":0,"repliesRcvd":0,"sharesMade":0,"sharesRcvd":129,"mentionsRcvd":0,"likesRcvd":304,"reachRcvd":0,"audience":4347,"voice":93,"conversation":93,"engagement":433,"group_scoped":{"audienceScore":0.19082779843457115,"voiceScore":0.4596451341867247,"engagementScore":0.020723196483661218,"combinedScore":0.051174523466359895,"combinedScoreRank":190,"SEIrank":162,"engagementSEIrank":160,"voiceSEIrank":146,"audienceSEIrank":196,"engagementSEI":0.02312368393929312,"engagementSEIadj":0.02312368393929312,"voiceSEI":1.0071474983755686,"voiceSEIadj":1.0071474983755686,"audienceSEI":0.2956209740598886,"audienceSEIadj":0.2956209740598886,"SEI":0.3455805572822353,"SEIadj":0.3455805572822353},"non_scoped":{"SEI":0.2801097023401248,"SEIrank":149,"SEIadj":0,"audienceSEI":0.17290564212549442,"audienceSEIadj":0,"audienceSEIrank":178,"audienceScore":0.03201407411460685,"combinedScore":0.007053531554441338,"combinedScoreRank":170,"engagementSEI":0.003777134085119679,"engagementSEIadj":0,"engagementSEIrank":165,"engagementScore":0.0014628368494345612,"voiceSEI":0.8685095255883452,"voiceSEIadj":0,"voiceSEIrank":137,"voiceScore":0.0827254936843978},"scoped":{"SEI":1.3655797149990028,"SEIrank":149,"SEIadj":0,"audienceSEI":2.269819803355386,"audienceSEIadj":0,"audienceSEIrank":162,"audienceScore":0.0925020561332353,"combinedScore":0.026187006358459212,"combinedScoreRank":156,"engagementSEI":0.08762007288856873,"engagementSEIadj":0,"engagementSEIrank":154,"engagementScore":0.014292400733830608,"voiceSEI":3.62008563643441,"voiceSEIadj":0,"voiceSEIrank":127,"voiceScore":0.17397485782699793}},"facebook":{"entityString":"536575feb08f37d80186a0b0","type":"facebook","profiles":1,"postsMade":0,"repliesMade":0,"repliesRcvd":0,"sharesMade":0,"sharesRcvd":0,"mentionsRcvd":0,"likesRcvd":0,"reachRcvd":0,"audience":337,"voice":0,"conversation":0,"engagement":0,"group_scoped":{"audienceScore":0.021903954086192386,"voiceScore":0,"engagementScore":0,"combinedScore":0.021903954086192386,"combinedScoreRank":153,"SEIrank":165,"engagementSEIrank":160,"voiceSEIrank":158,"audienceSEIrank":165,"engagementSEI":0,"engagementSEIadj":0,"voiceSEI":0,"voiceSEIadj":0,"audienceSEI":0.030833699311960183,"audienceSEIadj":0.030833699311960183,"SEI":0.0030833699311960186,"SEIadj":0.0030833699311960186},"non_scoped":{"SEI":0.001831426186459837,"SEIrank":166,"SEIadj":0,"audienceSEI":0.01831426186459837,"audienceSEIadj":0,"audienceSEIrank":164,"audienceScore":0.003514022199861316,"combinedScore":0.00017570110999306582,"combinedScoreRank":166,"engagementSEI":0,"engagementSEIadj":0,"engagementSEIrank":160,"engagementScore":0,"voiceSEI":0,"voiceSEIadj":0,"voiceSEIrank":158,"voiceScore":0},"scoped":{"SEI":0.023665564146319196,"SEIrank":151,"SEIadj":0,"audienceSEI":0.23665564146319196,"audienceSEIadj":0,"audienceSEIrank":149,"audienceScore":0.014486293258457393,"combinedScore":0.0007243146629228697,"combinedScoreRank":151,"engagementSEI":0,"engagementSEIadj":0,"engagementSEIrank":148,"engagementScore":0,"voiceSEI":0,"voiceSEIadj":0,"voiceSEIrank":146,"voiceScore":0}},"twitter":{"entityString":"536575feb08f37d80186a0b0","type":"twitter","profiles":1,"postsMade":93,"repliesMade":0,"repliesRcvd":0,"sharesMade":0,"sharesRcvd":129,"mentionsRcvd":0,"likesRcvd":304,"reachRcvd":0,"audience":4010,"voice":93,"conversation":93,"engagement":433,"group_scoped":{"audienceScore":0.637825095952117,"voiceScore":0.6749401262791204,"engagementScore":0.24383101890957415,"combinedScore":0.2850861781301786,"combinedScoreRank":176,"SEIrank":169,"engagementSEIrank":169,"voiceSEIrank":138,"audienceSEIrank":185,"engagementSEI":0.4037521912647794,"engagementSEIadj":0.4037521912647794,"voiceSEI":1.5489673550966023,"voiceSEIadj":1.5489673550966023,"audienceSEI":1.5031787920590176,"audienceSEIadj":1.5031787920590176,"SEI":0.8572594004937502,"SEIadj":0.8572594004937502},"non_scoped":{"SEI":0.6599567922989734,"SEIrank":133,"SEIadj":0,"audienceSEI":0.7237326556837379,"audienceSEIadj":0,"audienceSEIrank":149,"audienceScore":0.117127005982532,"combinedScore":0.05942544080847598,"combinedScoreRank":133,"engagementSEI":0.20533783527447932,"engagementSEIadj":0,"engagementSEIrank":129,"engagementScore":0.05209837327943016,"voiceSEI":1.547936085219707,"voiceSEIadj":0,"voiceSEIrank":110,"voiceScore":0.13361109115724445},"scoped":{"SEI":2.722636821119347,"SEIrank":123,"SEIadj":0,"audienceSEI":3.4401997203229153,"audienceSEIadj":0,"audienceSEIrank":134,"audienceScore":0.18594359185520698,"combinedScore":0.11869176827161199,"combinedScoreRank":120,"engagementSEI":1.3622349462027308,"engagementSEIadj":0,"engagementSEIrank":118,"engagementScore":0.10801183390623675,"voiceSEI":5.204252937884723,"voiceSEIadj":0,"voiceSEIrank":100,"voiceScore":0.2436787632647714}},"instagram":{"entityString":"536575feb08f37d80186a0b0","type":"instagram","profiles":0,"postsMade":0,"repliesMade":0,"repliesRcvd":0,"sharesMade":0,"sharesRcvd":0,"mentionsRcvd":0,"likesRcvd":0,"reachRcvd":0,"audience":0,"voice":0,"conversation":0,"engagement":0,"group_scoped":{"audienceScore":0,"voiceScore":0,"engagementScore":0,"combinedScore":0,"combinedScoreRank":66,"SEIrank":48,"engagementSEIrank":43,"voiceSEIrank":43,"audienceSEIrank":48,"engagementSEI":0,"engagementSEIadj":0,"voiceSEI":0,"voiceSEIadj":0,"audienceSEI":0,"audienceSEIadj":0,"SEI":0,"SEIadj":0},"non_scoped":{"SEI":0,"SEIrank":48,"SEIadj":0,"audienceSEI":0,"audienceSEIadj":0,"audienceSEIrank":48,"audienceScore":0,"combinedScore":0,"combinedScoreRank":48,"engagementSEI":0,"engagementSEIadj":0,"engagementSEIrank":43,"engagementScore":0,"voiceSEI":0,"voiceSEIadj":0,"voiceSEIrank":43,"voiceScore":0},"scoped":{"SEI":0,"SEIrank":41,"SEIadj":0,"audienceSEI":0,"audienceSEIadj":0,"audienceSEIrank":41,"audienceScore":0,"combinedScore":0,"combinedScoreRank":41,"engagementSEI":0,"engagementSEIadj":0,"engagementSEIrank":36,"engagementScore":0,"voiceSEI":0,"voiceSEIadj":0,"voiceSEIrank":36,"voiceScore":0}}},"blended":{"combined":{"non_scoped":{"SEI":0.2412780540299482,"SEIadj":50.120639027014974,"SEIrank":154,"audienceSEI":0.17290564212549442,"audienceSEIadj":40.103743385275294,"audienceSEIrank":178,"engagementSEI":0.002659137244987406,"engagementSEIadj":40.00159548234699,"engagementSEIrank":180,"voiceSEI":0.7413066915680212,"voiceSEIadj":50.370653345784014,"voiceSEIrank":146},"scoped":{"SEI":3.886063674743408,"SEIadj":51.943031837371706,"SEIrank":132,"compCharisma":0,"compInfluence":3,"compEva":0.8860636747434079,"audienceSEI":2.269819803355386,"audienceSEIadj":41.36189188201323,"audienceSEIrank":162,"engagementSEI":0.06932796728250393,"engagementSEIadj":40.0415967803695,"engagementSEIrank":167,"voiceSEI":2.9909816517876173,"voiceSEIadj":51.49549082589381,"voiceSEIrank":135}},"facebook":{"non_scoped":{"SEI":0.001831426186459837,"SEIadj":40.001098855711874,"SEIrank":166,"audienceSEI":0.01831426186459837,"audienceSEIadj":40.01098855711876,"audienceSEIrank":164,"engagementSEI":0,"engagementSEIadj":0,"engagementSEIrank":160,"voiceSEI":0,"voiceSEIadj":0,"voiceSEIrank":158},"scoped":{"SEI":0.023665564146319193,"SEIadj":40.01419933848779,"SEIrank":151,"audienceSEI":0.23665564146319193,"audienceSEIadj":40.141993384877914,"audienceSEIrank":149,"engagementSEI":0,"engagementSEIadj":0,"engagementSEIrank":148,"voiceSEI":0,"voiceSEIadj":0,"voiceSEIrank":146}},"twitter":{"non_scoped":{"SEI":0.5606481101528508,"SEIadj":50.28032405507643,"SEIrank":141,"audienceSEI":0.7237326556837379,"audienceSEIadj":50.36186632784187,"audienceSEIrank":149,"engagementSEI":0.151045955519435,"engagementSEIadj":50.07552297775972,"engagementSEIrank":146,"voiceSEI":1.3254909042427203,"voiceSEIadj":50.662745452121364,"voiceSEIrank":123},"scoped":{"SEI":2.2027439232638195,"SEIadj":51.10137196163191,"SEIrank":132,"audienceSEI":3.4401997203229153,"audienceSEIadj":51.720099860161454,"audienceSEIrank":134,"engagementSEI":0.9611762471649865,"engagementSEIadj":50.48058812358249,"engagementSEIrank":133,"voiceSEI":4.27339400977512,"voiceSEIadj":52.13669700488756,"voiceSEIrank":112}},"instagram":{"non_scoped":{"SEI":0,"SEIadj":0,"SEIrank":48,"audienceSEI":0,"audienceSEIadj":0,"audienceSEIrank":48,"engagementSEI":0,"engagementSEIadj":0,"engagementSEIrank":43,"voiceSEI":0,"voiceSEIadj":0,"voiceSEIrank":43},"scoped":{"SEI":0,"SEIadj":0,"SEIrank":41,"audienceSEI":0,"audienceSEIadj":0,"audienceSEIrank":41,"engagementSEI":0,"engagementSEIadj":0,"engagementSEIrank":36,"voiceSEI":0,"voiceSEIadj":0,"voiceSEIrank":36}},"influence":{"facebook":{"scope":"individual","ratio":0,"calculated":false},"instagram":{"scope":"individual","ratio":0,"calculated":false},"combined":{"ratio":0.58,"bottom":true,"scope":"individual","calculated":true},"twitter":{"ratio":0.59,"bottom":false,"scope":"individual","calculated":true}},"charisma":{"facebook":{"scope":"individual","ratio":0,"calculated":false},"instagram":{"scope":"individual","ratio":0,"calculated":false},"combined":{"ratio":0.14,"bottom":false,"scope":"individual","calculated":true},"twitter":{"ratio":0.47,"bottom":false,"scope":"individual","calculated":true}}},"scope":"individual"}}