{"scoreEntityString":"591d1494ab33fb0001804f89.asset.536575feb08f37d80186a0b3","timeQuantum":4984422,"scoreEntityType":"asset","scoreProfileID":"591d1494ab33fb0001804f89","data":{"scoreEntityString":"591d1494ab33fb0001804f89.asset.536575feb08f37d80186a0b3","scoreProfileID":"591d1494ab33fb0001804f89","scoreEntityType":"asset","entityID":"asset.536575feb08f37d80186a0b3","object_version":"1.2","score_engine_version":"3.0.19","timestamp":4984422,"start_quantum":4958502,"end_quantum":4984421,"schedule_options":{"interval":15,"offset":"1"},"_15min":{"boundaryQuantum":4984419,"combined":{"entityString":"536575feb08f37d80186a0b3","type":"combined","profiles":2,"postsMade":0,"repliesMade":0,"repliesRcvd":0,"sharesMade":0,"sharesRcvd":0,"mentionsRcvd":0,"likesRcvd":0,"reachRcvd":0,"audience":3459,"voice":0,"conversation":0,"engagement":0,"group_scoped":{"audienceScore":0.15184572228782645,"voiceScore":0,"engagementScore":0,"combinedScore":0.15184572228782645,"engagementSEI":0,"engagementSEIadj":0,"voiceSEI":0,"voiceSEIadj":0,"audienceSEI":0.23523187238857937,"audienceSEIadj":0.23523187238857937,"SEI":0.023523187238857938,"SEIadj":0.023523187238857938,"combinedScoreRank":203,"SEIrank":203,"engagementSEIrank":66,"voiceSEIrank":61,"audienceSEIrank":203},"non_scoped":{"SEI":0.013758468279551076,"SEIrank":192,"SEIadj":0,"audienceSEI":0.13758468279551075,"audienceSEIadj":0,"audienceSEIrank":192,"audienceScore":0.02547427705599841,"combinedScore":0.0012737138527999206,"combinedScoreRank":192,"engagementSEI":0,"engagementSEIadj":0,"engagementSEIrank":66,"engagementScore":0,"voiceSEI":0,"voiceSEIadj":0,"voiceSEIrank":61,"voiceScore":0},"scoped":{"SEI":0.1806143708260014,"SEIrank":175,"SEIadj":0,"audienceSEI":1.8061437082600138,"audienceSEIadj":0,"audienceSEIrank":175,"audienceScore":0.07360584590864065,"combinedScore":0.010515120844091522,"combinedScoreRank":175,"engagementSEI":0,"engagementSEIadj":0,"engagementSEIrank":54,"engagementScore":0,"voiceSEI":0,"voiceSEIadj":0,"voiceSEIrank":51,"voiceScore":0}},"facebook":{"entityString":"536575feb08f37d80186a0b3","type":"facebook","profiles":1,"postsMade":0,"repliesMade":0,"repliesRcvd":0,"sharesMade":0,"sharesRcvd":0,"mentionsRcvd":0,"likesRcvd":0,"reachRcvd":0,"audience":1,"voice":0,"conversation":0,"engagement":0,"group_scoped":{"audienceScore":0.00006499689639819699,"voiceScore":0,"engagementScore":0,"combinedScore":0.00006499689639819699,"engagementSEI":0,"engagementSEIadj":0,"voiceSEI":0,"voiceSEIadj":0,"audienceSEI":0.00009149465671204801,"audienceSEIadj":0.00009149465671204801,"SEI":0.000009149465671204801,"SEIadj":0.000009149465671204801,"combinedScoreRank":193,"SEIrank":193,"engagementSEIrank":64,"voiceSEIrank":61,"audienceSEIrank":193},"non_scoped":{"SEI":0.00000543449906961376,"SEIrank":175,"SEIadj":0,"audienceSEI":0.0000543449906961376,"audienceSEIadj":0,"audienceSEIrank":175,"audienceScore":0.00001042736557822349,"combinedScore":5.213682789111745e-7,"combinedScoreRank":175,"engagementSEI":0,"engagementSEIadj":0,"engagementSEIrank":64,"engagementScore":0,"voiceSEI":0,"voiceSEIadj":0,"voiceSEIrank":61,"voiceScore":0},"scoped":{"SEI":0.00007022422595346943,"SEIrank":159,"SEIadj":0,"audienceSEI":0.0007022422595346942,"audienceSEIadj":0,"audienceSEIrank":159,"audienceScore":0.000042986033407885445,"combinedScore":0.000006140861915412206,"combinedScoreRank":159,"engagementSEI":0,"engagementSEIadj":0,"engagementSEIrank":52,"engagementScore":0,"voiceSEI":0,"voiceSEIadj":0,"voiceSEIrank":51,"voiceScore":0}},"twitter":{"entityString":"536575feb08f37d80186a0b3","type":"twitter","profiles":1,"postsMade":0,"repliesMade":0,"repliesRcvd":0,"sharesMade":0,"sharesRcvd":0,"mentionsRcvd":0,"likesRcvd":0,"reachRcvd":0,"audience":3458,"voice":0,"conversation":0,"engagement":0,"group_scoped":{"audienceScore":0.5500247336165638,"voiceScore":0,"engagementScore":0,"combinedScore":0.5500247336165638,"engagementSEI":0,"engagementSEIadj":0,"voiceSEI":0,"voiceSEIadj":0,"audienceSEI":1.2962574221795717,"audienceSEIadj":1.2962574221795717,"SEI":0.12962574221795717,"SEIadj":0.12962574221795717,"combinedScoreRank":185,"SEIrank":195,"engagementSEIrank":62,"voiceSEIrank":60,"audienceSEIrank":195},"non_scoped":{"SEI":0.062410661430283426,"SEIrank":163,"SEIadj":0,"audienceSEI":0.6241066143028342,"audienceSEIadj":0,"audienceSEIrank":163,"audienceScore":0.1010037872038892,"combinedScore":0.00505018936019446,"combinedScoreRank":163,"engagementSEI":0,"engagementSEIadj":0,"engagementSEIrank":62,"engagementScore":0,"voiceSEI":0,"voiceSEIadj":0,"voiceSEIrank":60,"voiceScore":0},"scoped":{"SEI":0.2966636068049038,"SEIrank":147,"SEIadj":0,"audienceSEI":2.966636068049038,"audienceSEIadj":0,"audienceSEIrank":147,"audienceScore":0.1603473667419715,"combinedScore":0.0229067666774245,"combinedScoreRank":147,"engagementSEI":0,"engagementSEIadj":0,"engagementSEIrank":52,"engagementScore":0,"voiceSEI":0,"voiceSEIadj":0,"voiceSEIrank":51,"voiceScore":0}},"instagram":{"entityString":"536575feb08f37d80186a0b3","type":"instagram","profiles":0,"postsMade":0,"repliesMade":0,"repliesRcvd":0,"sharesMade":0,"sharesRcvd":0,"mentionsRcvd":0,"likesRcvd":0,"reachRcvd":0,"audience":0,"voice":0,"conversation":0,"engagement":0,"group_scoped":{"audienceScore":0,"voiceScore":0,"engagementScore":0,"combinedScore":0,"engagementSEI":0,"engagementSEIadj":0,"voiceSEI":0,"voiceSEIadj":0,"audienceSEI":0,"audienceSEIadj":0,"SEI":0,"SEIadj":0,"combinedScoreRank":103,"SEIrank":85,"engagementSEIrank":62,"voiceSEIrank":59,"audienceSEIrank":85},"non_scoped":{"SEI":0,"SEIrank":85,"SEIadj":0,"audienceSEI":0,"audienceSEIadj":0,"audienceSEIrank":85,"audienceScore":0,"combinedScore":0,"combinedScoreRank":85,"engagementSEI":0,"engagementSEIadj":0,"engagementSEIrank":62,"engagementScore":0,"voiceSEI":0,"voiceSEIadj":0,"voiceSEIrank":59,"voiceScore":0},"scoped":{"SEI":0,"SEIrank":73,"SEIadj":0,"audienceSEI":0,"audienceSEIadj":0,"audienceSEIrank":73,"audienceScore":0,"combinedScore":0,"combinedScoreRank":73,"engagementSEI":0,"engagementSEIadj":0,"engagementSEIrank":52,"engagementScore":0,"voiceSEI":0,"voiceSEIadj":0,"voiceSEIrank":51,"voiceScore":0}}},"hour":{"boundaryQuantum":4984410,"combined":{"entityString":"536575feb08f37d80186a0b3","type":"combined","profiles":2,"postsMade":0,"repliesMade":0,"repliesRcvd":0,"sharesMade":0,"sharesRcvd":0,"mentionsRcvd":0,"likesRcvd":0,"reachRcvd":0,"audience":3459,"voice":0,"conversation":0,"engagement":0,"group_scoped":{"audienceScore":0.15184572228782645,"voiceScore":0,"engagementScore":0,"combinedScore":0.15184572228782645,"combinedScoreRank":198,"SEIrank":204,"engagementSEIrank":100,"voiceSEIrank":67,"audienceSEIrank":203,"engagementSEI":0,"engagementSEIadj":0,"voiceSEI":0,"voiceSEIadj":0,"audienceSEI":0.23523187238857937,"audienceSEIadj":0.23523187238857937,"SEI":0.023523187238857938,"SEIadj":0.023523187238857938},"non_scoped":{"SEI":0.013758468279551076,"SEIrank":192,"SEIadj":0,"audienceSEI":0.13758468279551075,"audienceSEIadj":0,"audienceSEIrank":192,"audienceScore":0.02547427705599841,"combinedScore":0.0012737138527999206,"combinedScoreRank":193,"engagementSEI":0,"engagementSEIadj":0,"engagementSEIrank":100,"engagementScore":0,"voiceSEI":0,"voiceSEIadj":0,"voiceSEIrank":67,"voiceScore":0},"scoped":{"SEI":0.1806143708260014,"SEIrank":175,"SEIadj":0,"audienceSEI":1.8061437082600138,"audienceSEIadj":0,"audienceSEIrank":175,"audienceScore":0.07360584590864065,"combinedScore":0.003680292295432033,"combinedScoreRank":176,"engagementSEI":0,"engagementSEIadj":0,"engagementSEIrank":86,"engagementScore":0,"voiceSEI":0,"voiceSEIadj":0,"voiceSEIrank":55,"voiceScore":0}},"facebook":{"entityString":"536575feb08f37d80186a0b3","type":"facebook","profiles":1,"postsMade":0,"repliesMade":0,"repliesRcvd":0,"sharesMade":0,"sharesRcvd":0,"mentionsRcvd":0,"likesRcvd":0,"reachRcvd":0,"audience":1,"voice":0,"conversation":0,"engagement":0,"group_scoped":{"audienceScore":0.00006499689639819699,"voiceScore":0,"engagementScore":0,"combinedScore":0.00006499689639819699,"combinedScoreRank":193,"SEIrank":193,"engagementSEIrank":89,"voiceSEIrank":63,"audienceSEIrank":193,"engagementSEI":0,"engagementSEIadj":0,"voiceSEI":0,"voiceSEIadj":0,"audienceSEI":0.00009149465671204801,"audienceSEIadj":0.00009149465671204801,"SEI":0.000009149465671204801,"SEIadj":0.000009149465671204801},"non_scoped":{"SEI":0.00000543449906961376,"SEIrank":175,"SEIadj":0,"audienceSEI":0.0000543449906961376,"audienceSEIadj":0,"audienceSEIrank":175,"audienceScore":0.00001042736557822349,"combinedScore":5.213682789111745e-7,"combinedScoreRank":175,"engagementSEI":0,"engagementSEIadj":0,"engagementSEIrank":89,"engagementScore":0,"voiceSEI":0,"voiceSEIadj":0,"voiceSEIrank":63,"voiceScore":0},"scoped":{"SEI":0.00007022422595346943,"SEIrank":159,"SEIadj":0,"audienceSEI":0.0007022422595346942,"audienceSEIadj":0,"audienceSEIrank":159,"audienceScore":0.000042986033407885445,"combinedScore":0.0000021493016703942725,"combinedScoreRank":159,"engagementSEI":0,"engagementSEIadj":0,"engagementSEIrank":75,"engagementScore":0,"voiceSEI":0,"voiceSEIadj":0,"voiceSEIrank":51,"voiceScore":0}},"twitter":{"entityString":"536575feb08f37d80186a0b3","type":"twitter","profiles":1,"postsMade":0,"repliesMade":0,"repliesRcvd":0,"sharesMade":0,"sharesRcvd":0,"mentionsRcvd":0,"likesRcvd":0,"reachRcvd":0,"audience":3458,"voice":0,"conversation":0,"engagement":0,"group_scoped":{"audienceScore":0.5500247336165638,"voiceScore":0,"engagementScore":0,"combinedScore":0.5500247336165638,"combinedScoreRank":187,"SEIrank":196,"engagementSEIrank":82,"voiceSEIrank":66,"audienceSEIrank":195,"engagementSEI":0,"engagementSEIadj":0,"voiceSEI":0,"voiceSEIadj":0,"audienceSEI":1.2962574221795717,"audienceSEIadj":1.2962574221795717,"SEI":0.12962574221795717,"SEIadj":0.12962574221795717},"non_scoped":{"SEI":0.062410661430283426,"SEIrank":165,"SEIadj":0,"audienceSEI":0.6241066143028342,"audienceSEIadj":0,"audienceSEIrank":163,"audienceScore":0.1010037872038892,"combinedScore":0.00505018936019446,"combinedScoreRank":165,"engagementSEI":0,"engagementSEIadj":0,"engagementSEIrank":82,"engagementScore":0,"voiceSEI":0,"voiceSEIadj":0,"voiceSEIrank":66,"voiceScore":0},"scoped":{"SEI":0.2966636068049038,"SEIrank":149,"SEIadj":0,"audienceSEI":2.966636068049038,"audienceSEIadj":0,"audienceSEIrank":147,"audienceScore":0.1603473667419715,"combinedScore":0.008017368337098575,"combinedScoreRank":149,"engagementSEI":0,"engagementSEIadj":0,"engagementSEIrank":70,"engagementScore":0,"voiceSEI":0,"voiceSEIadj":0,"voiceSEIrank":55,"voiceScore":0}},"instagram":{"entityString":"536575feb08f37d80186a0b3","type":"instagram","profiles":0,"postsMade":0,"repliesMade":0,"repliesRcvd":0,"sharesMade":0,"sharesRcvd":0,"mentionsRcvd":0,"likesRcvd":0,"reachRcvd":0,"audience":0,"voice":0,"conversation":0,"engagement":0,"group_scoped":{"audienceScore":0,"voiceScore":0,"engagementScore":0,"combinedScore":0,"combinedScoreRank":103,"SEIrank":85,"engagementSEIrank":67,"voiceSEIrank":59,"audienceSEIrank":85,"engagementSEI":0,"engagementSEIadj":0,"voiceSEI":0,"voiceSEIadj":0,"audienceSEI":0,"audienceSEIadj":0,"SEI":0,"SEIadj":0},"non_scoped":{"SEI":0,"SEIrank":85,"SEIadj":0,"audienceSEI":0,"audienceSEIadj":0,"audienceSEIrank":85,"audienceScore":0,"combinedScore":0,"combinedScoreRank":85,"engagementSEI":0,"engagementSEIadj":0,"engagementSEIrank":67,"engagementScore":0,"voiceSEI":0,"voiceSEIadj":0,"voiceSEIrank":59,"voiceScore":0},"scoped":{"SEI":0,"SEIrank":73,"SEIadj":0,"audienceSEI":0,"audienceSEIadj":0,"audienceSEIrank":73,"audienceScore":0,"combinedScore":0,"combinedScoreRank":73,"engagementSEI":0,"engagementSEIadj":0,"engagementSEIrank":57,"engagementScore":0,"voiceSEI":0,"voiceSEIadj":0,"voiceSEIrank":51,"voiceScore":0}}},"today":{"boundaryQuantum":4984134,"combined":{"entityString":"536575feb08f37d80186a0b3","type":"combined","profiles":2,"postsMade":7,"repliesMade":0,"repliesRcvd":0,"sharesMade":0,"sharesRcvd":9,"mentionsRcvd":0,"likesRcvd":28,"reachRcvd":0,"audience":3459,"voice":7,"conversation":7,"engagement":37,"group_scoped":{"audienceScore":0.15184572228782645,"voiceScore":4.142011834319527,"engagementScore":0.23264587525150907,"combinedScore":0.4240741655567259,"combinedScoreRank":76,"SEIrank":31,"engagementSEIrank":50,"voiceSEIrank":22,"audienceSEIrank":203,"engagementSEI":0.2828313713499465,"engagementSEIadj":0.2828313713499465,"voiceSEI":12.280701754385964,"voiceSEIadj":12.280701754385964,"audienceSEI":0.23523187238857937,"audienceSEIadj":0.23523187238857937,"SEI":3.877432536364615,"SEIadj":3.877432536364615},"non_scoped":{"SEI":2.332818310906547,"SEIrank":24,"SEIadj":0,"audienceSEI":0.13758468279551075,"audienceSEIadj":0,"audienceSEIrank":192,"audienceScore":0.02547427705599841,"combinedScore":0.053209072530598533,"combinedScoreRank":50,"engagementSEI":0.018945891557813132,"engagementSEIadj":0,"engagementSEIrank":63,"engagementScore":0.00987214241499285,"voiceSEI":7.6923076923076925,"voiceSEIadj":0,"voiceSEIrank":22,"voiceScore":0.8610086100861009},"scoped":{"SEI":7.546846051678674,"SEIrank":27,"SEIadj":0,"audienceSEI":1.8061437082600138,"audienceSEIadj":0,"audienceSEIrank":175,"audienceScore":0.07360584590864065,"combinedScore":0.1840824960937288,"combinedScoreRank":50,"engagementSEI":0.20808728417974243,"engagementSEIadj":0,"engagementSEIrank":54,"engagementScore":0.0989093242087254,"voiceSEI":24.137931034482758,"voiceSEIadj":0,"voiceSEIrank":14,"voiceScore":1.8276762402088773}},"facebook":{"entityString":"536575feb08f37d80186a0b3","type":"facebook","profiles":1,"postsMade":0,"repliesMade":0,"repliesRcvd":0,"sharesMade":0,"sharesRcvd":0,"mentionsRcvd":0,"likesRcvd":0,"reachRcvd":0,"audience":1,"voice":0,"conversation":0,"engagement":0,"group_scoped":{"audienceScore":0.00006499689639819699,"voiceScore":0,"engagementScore":0,"combinedScore":0.00006499689639819699,"combinedScoreRank":193,"SEIrank":193,"engagementSEIrank":145,"voiceSEIrank":101,"audienceSEIrank":193,"engagementSEI":0,"engagementSEIadj":0,"voiceSEI":0,"voiceSEIadj":0,"audienceSEI":0.00009149465671204801,"audienceSEIadj":0.00009149465671204801,"SEI":0.000009149465671204801,"SEIadj":0.000009149465671204801},"non_scoped":{"SEI":0.00000543449906961376,"SEIrank":175,"SEIadj":0,"audienceSEI":0.0000543449906961376,"audienceSEIadj":0,"audienceSEIrank":175,"audienceScore":0.00001042736557822349,"combinedScore":5.213682789111745e-7,"combinedScoreRank":175,"engagementSEI":0,"engagementSEIadj":0,"engagementSEIrank":145,"engagementScore":0,"voiceSEI":0,"voiceSEIadj":0,"voiceSEIrank":101,"voiceScore":0},"scoped":{"SEI":0.00007022422595346943,"SEIrank":159,"SEIadj":0,"audienceSEI":0.0007022422595346942,"audienceSEIadj":0,"audienceSEIrank":159,"audienceScore":0.000042986033407885445,"combinedScore":0.0000021493016703942725,"combinedScoreRank":159,"engagementSEI":0,"engagementSEIadj":0,"engagementSEIrank":130,"engagementScore":0,"voiceSEI":0,"voiceSEIadj":0,"voiceSEIrank":88,"voiceScore":0}},"twitter":{"entityString":"536575feb08f37d80186a0b3","type":"twitter","profiles":1,"postsMade":7,"repliesMade":0,"repliesRcvd":0,"sharesMade":0,"sharesRcvd":9,"mentionsRcvd":0,"likesRcvd":28,"reachRcvd":0,"audience":3458,"voice":7,"conversation":7,"engagement":37,"group_scoped":{"audienceScore":0.5500247336165638,"voiceScore":5.982905982905983,"engagementScore":3.010577705451587,"combinedScore":3.0361664707325557,"combinedScoreRank":56,"SEIrank":42,"engagementSEIrank":48,"voiceSEIrank":22,"audienceSEIrank":195,"engagementSEI":7.312252964426877,"engagementSEIadj":7.312252964426877,"voiceSEI":21.21212121212121,"voiceSEIadj":21.21212121212121,"audienceSEI":1.2962574221795717,"audienceSEIadj":1.2962574221795717,"SEI":10.880613884510446,"SEIadj":10.880613884510446},"non_scoped":{"SEI":5.8371584546207,"SEIrank":21,"SEIadj":0,"audienceSEI":0.6241066143028342,"audienceSEIadj":0,"audienceSEIrank":163,"audienceScore":0.1010037872038892,"combinedScore":0.6021157164257216,"combinedScoreRank":32,"engagementSEI":2.3329129886506936,"engagementSEIadj":0,"engagementSEIrank":32,"engagementScore":0.5856283634061412,"voiceSEI":14.583333333333334,"voiceSEIadj":0,"voiceSEIrank":19,"voiceScore":1.4000000000000001},"scoped":{"SEI":12.499980735772589,"SEIrank":20,"SEIadj":0,"audienceSEI":2.966636068049038,"audienceSEIadj":0,"audienceSEIrank":147,"audienceScore":0.1603473667419715,"combinedScore":1.0541668910760627,"combinedScoreRank":25,"engagementSEI":6.877323420074349,"engagementSEIadj":0,"engagementSEIrank":26,"engagementScore":1.0292072322670376,"voiceSEI":26.923076923076923,"voiceSEIadj":0,"voiceSEIrank":11,"voiceScore":2.3972602739726026}},"instagram":{"entityString":"536575feb08f37d80186a0b3","type":"instagram","profiles":0,"postsMade":0,"repliesMade":0,"repliesRcvd":0,"sharesMade":0,"sharesRcvd":0,"mentionsRcvd":0,"likesRcvd":0,"reachRcvd":0,"audience":0,"voice":0,"conversation":0,"engagement":0,"group_scoped":{"audienceScore":0,"voiceScore":0,"engagementScore":0,"combinedScore":0,"combinedScoreRank":103,"SEIrank":85,"engagementSEIrank":77,"voiceSEIrank":64,"audienceSEIrank":85,"engagementSEI":0,"engagementSEIadj":0,"voiceSEI":0,"voiceSEIadj":0,"audienceSEI":0,"audienceSEIadj":0,"SEI":0,"SEIadj":0},"non_scoped":{"SEI":0,"SEIrank":85,"SEIadj":0,"audienceSEI":0,"audienceSEIadj":0,"audienceSEIrank":85,"audienceScore":0,"combinedScore":0,"combinedScoreRank":85,"engagementSEI":0,"engagementSEIadj":0,"engagementSEIrank":77,"engagementScore":0,"voiceSEI":0,"voiceSEIadj":0,"voiceSEIrank":64,"voiceScore":0},"scoped":{"SEI":0,"SEIrank":73,"SEIadj":0,"audienceSEI":0,"audienceSEIadj":0,"audienceSEIrank":73,"audienceScore":0,"combinedScore":0,"combinedScoreRank":73,"engagementSEI":0,"engagementSEIadj":0,"engagementSEIrank":65,"engagementScore":0,"voiceSEI":0,"voiceSEIadj":0,"voiceSEIrank":53,"voiceScore":0}}},"week":{"boundaryQuantum":4982406,"combined":{"entityString":"536575feb08f37d80186a0b3","type":"combined","profiles":2,"postsMade":38,"repliesMade":0,"repliesRcvd":0,"sharesMade":0,"sharesRcvd":60,"mentionsRcvd":0,"likesRcvd":102,"reachRcvd":0,"audience":3459,"voice":38,"conversation":38,"engagement":162,"group_scoped":{"audienceScore":0.15184572228782645,"voiceScore":2.102933038184837,"engagementScore":0.11417053695390188,"combinedScore":0.21549242128214485,"combinedScoreRank":107,"SEIrank":68,"engagementSEIrank":85,"voiceSEIrank":44,"audienceSEIrank":203,"engagementSEI":0.1328435070685866,"engagementSEIadj":0.1328435070685866,"voiceSEI":5.491329479768786,"voiceSEIadj":5.491329479768786,"audienceSEI":0.23523187238857937,"audienceSEIadj":0.23523187238857937,"SEI":1.7506281354106457,"SEIadj":1.7506281354106457},"non_scoped":{"SEI":1.3492858157691214,"SEIrank":49,"SEIadj":0,"audienceSEI":0.13758468279551075,"audienceSEIadj":0,"audienceSEIrank":192,"audienceScore":0.02547427705599841,"combinedScore":0.028049376102225777,"combinedScoreRank":94,"engagementSEI":0.016576586901221962,"engagementSEIadj":0,"engagementSEIrank":104,"engagementScore":0.006756387601444866,"voiceSEI":4.4186046511627906,"voiceSEIadj":0,"voiceSEIrank":43,"voiceScore":0.4138982681625095},"scoped":{"SEI":5.639006015988074,"SEIrank":65,"SEIadj":0,"audienceSEI":1.8061437082600138,"audienceSEIadj":0,"audienceSEIrank":175,"audienceScore":0.07360584590864065,"combinedScore":0.11786527451389225,"combinedScoreRank":91,"engagementSEI":0.5387608500448967,"engagementSEIadj":0,"engagementSEIrank":93,"engagementScore":0.07868432044918061,"voiceSEI":17.117117117117118,"voiceSEIadj":0,"voiceSEIrank":33,"voiceScore":0.8673818762839535}},"facebook":{"entityString":"536575feb08f37d80186a0b3","type":"facebook","profiles":1,"postsMade":0,"repliesMade":0,"repliesRcvd":0,"sharesMade":0,"sharesRcvd":0,"mentionsRcvd":0,"likesRcvd":0,"reachRcvd":0,"audience":1,"voice":0,"conversation":0,"engagement":0,"group_scoped":{"audienceScore":0.00006499689639819699,"voiceScore":0,"engagementScore":0,"combinedScore":0.00006499689639819699,"combinedScoreRank":193,"SEIrank":193,"engagementSEIrank":161,"voiceSEIrank":157,"audienceSEIrank":193,"engagementSEI":0,"engagementSEIadj":0,"voiceSEI":0,"voiceSEIadj":0,"audienceSEI":0.00009149465671204801,"audienceSEIadj":0.00009149465671204801,"SEI":0.000009149465671204801,"SEIadj":0.000009149465671204801},"non_scoped":{"SEI":0.00000543449906961376,"SEIrank":175,"SEIadj":0,"audienceSEI":0.0000543449906961376,"audienceSEIadj":0,"audienceSEIrank":175,"audienceScore":0.00001042736557822349,"combinedScore":5.213682789111745e-7,"combinedScoreRank":175,"engagementSEI":0,"engagementSEIadj":0,"engagementSEIrank":161,"engagementScore":0,"voiceSEI":0,"voiceSEIadj":0,"voiceSEIrank":157,"voiceScore":0},"scoped":{"SEI":0.00007022422595346943,"SEIrank":159,"SEIadj":0,"audienceSEI":0.0007022422595346942,"audienceSEIadj":0,"audienceSEIrank":159,"audienceScore":0.000042986033407885445,"combinedScore":0.0000021493016703942725,"combinedScoreRank":159,"engagementSEI":0,"engagementSEIadj":0,"engagementSEIrank":146,"engagementScore":0,"voiceSEI":0,"voiceSEIadj":0,"voiceSEIrank":142,"voiceScore":0}},"twitter":{"entityString":"536575feb08f37d80186a0b3","type":"twitter","profiles":1,"postsMade":38,"repliesMade":0,"repliesRcvd":0,"sharesMade":0,"sharesRcvd":60,"mentionsRcvd":0,"likesRcvd":102,"reachRcvd":0,"audience":3458,"voice":38,"conversation":38,"engagement":162,"group_scoped":{"audienceScore":0.5500247336165638,"voiceScore":2.9389017788089715,"engagementScore":1.235509456985967,"combinedScore":1.2864048369086472,"combinedScoreRank":87,"SEIrank":76,"engagementSEIrank":83,"voiceSEIrank":45,"audienceSEIrank":195,"engagementSEI":2.2475027746947833,"engagementSEIadj":2.2475027746947833,"voiceSEI":8.137044967880087,"voiceSEIadj":8.137044967880087,"audienceSEI":1.2962574221795717,"audienceSEIadj":1.2962574221795717,"SEI":3.9192408973988533,"SEIadj":3.9192408973988533},"non_scoped":{"SEI":3.0456162322653233,"SEIrank":44,"SEIadj":0,"audienceSEI":0.6241066143028342,"audienceSEIadj":0,"audienceSEIrank":163,"audienceScore":0.1010037872038892,"combinedScore":0.27591040488780955,"combinedScoreRank":58,"engagementSEI":1.0382618727167852,"engagementSEIadj":0,"engagementSEIrank":55,"engagementScore":0.26414479047774336,"voiceSEI":7.867494824016563,"voiceSEIadj":0,"voiceSEIrank":33,"voiceScore":0.6625980819529207},"scoped":{"SEI":11.037968936524866,"SEIrank":35,"SEIadj":0,"audienceSEI":2.966636068049038,"audienceSEIadj":0,"audienceSEIrank":147,"audienceScore":0.1603473667419715,"combinedScore":0.5689258299685864,"combinedScoreRank":47,"engagementSEI":6.173780487804878,"engagementSEIadj":0,"engagementSEIrank":45,"engagementScore":0.5559559353443838,"voiceSEI":23.456790123456788,"voiceSEIadj":0,"voiceSEIrank":23,"voiceScore":1.2109623964308476}},"instagram":{"entityString":"536575feb08f37d80186a0b3","type":"instagram","profiles":0,"postsMade":0,"repliesMade":0,"repliesRcvd":0,"sharesMade":0,"sharesRcvd":0,"mentionsRcvd":0,"likesRcvd":0,"reachRcvd":0,"audience":0,"voice":0,"conversation":0,"engagement":0,"group_scoped":{"audienceScore":0,"voiceScore":0,"engagementScore":0,"combinedScore":0,"combinedScoreRank":103,"SEIrank":85,"engagementSEIrank":80,"voiceSEIrank":78,"audienceSEIrank":85,"engagementSEI":0,"engagementSEIadj":0,"voiceSEI":0,"voiceSEIadj":0,"audienceSEI":0,"audienceSEIadj":0,"SEI":0,"SEIadj":0},"non_scoped":{"SEI":0,"SEIrank":85,"SEIadj":0,"audienceSEI":0,"audienceSEIadj":0,"audienceSEIrank":85,"audienceScore":0,"combinedScore":0,"combinedScoreRank":85,"engagementSEI":0,"engagementSEIadj":0,"engagementSEIrank":80,"engagementScore":0,"voiceSEI":0,"voiceSEIadj":0,"voiceSEIrank":78,"voiceScore":0},"scoped":{"SEI":0,"SEIrank":73,"SEIadj":0,"audienceSEI":0,"audienceSEIadj":0,"audienceSEIrank":73,"audienceScore":0,"combinedScore":0,"combinedScoreRank":73,"engagementSEI":0,"engagementSEIadj":0,"engagementSEIrank":68,"engagementScore":0,"voiceSEI":0,"voiceSEIadj":0,"voiceSEIrank":66,"voiceScore":0}}},"month":{"boundaryQuantum":4975782,"combined":{"entityString":"536575feb08f37d80186a0b3","type":"combined","profiles":2,"postsMade":121,"repliesMade":0,"repliesRcvd":0,"sharesMade":0,"sharesRcvd":218,"mentionsRcvd":0,"likesRcvd":367,"reachRcvd":0,"audience":3459,"voice":121,"conversation":121,"engagement":585,"group_scoped":{"audienceScore":0.15184572228782645,"voiceScore":1.6958654519971967,"engagementScore":0.0947971745580588,"combinedScore":0.1777030158165041,"combinedScoreRank":117,"SEIrank":83,"engagementSEIrank":104,"voiceSEIrank":66,"audienceSEIrank":203,"engagementSEI":0.10813548544514852,"engagementSEIadj":0.10813548544514852,"voiceSEI":4.006622516556291,"voiceSEIadj":4.006622516556291,"audienceSEI":0.23523187238857937,"audienceSEIadj":0.23523187238857937,"SEI":1.2903912334728342,"SEIadj":1.2903912334728342},"non_scoped":{"SEI":1.0264838347070133,"SEIrank":65,"SEIadj":0,"audienceSEI":0.13758468279551075,"audienceSEIadj":0,"audienceSEIrank":192,"audienceScore":0.02547427705599841,"combinedScore":0.02301600634429151,"combinedScoreRank":104,"engagementSEI":0.016143087916084643,"engagementSEIadj":0,"engagementSEIrank":115,"engagementScore":0.006357964486257993,"voiceSEI":3.343465045592705,"voiceSEIadj":0,"voiceSEIrank":55,"voiceScore":0.3204024890771879},"scoped":{"SEI":4.326360347578951,"SEIrank":83,"SEIadj":0,"audienceSEI":1.8061437082600138,"audienceSEIadj":0,"audienceSEIrank":175,"audienceScore":0.07360584590864065,"combinedScore":0.09295495953253408,"combinedScoreRank":102,"engagementSEI":0.5411555752900038,"engagementSEIadj":0,"engagementSEIrank":105,"engagementScore":0.061660728966840224,"voiceSEI":12.736842105263158,"voiceSEIadj":0,"voiceSEIrank":45,"voiceScore":0.6756002233389168}},"facebook":{"entityString":"536575feb08f37d80186a0b3","type":"facebook","profiles":1,"postsMade":0,"repliesMade":0,"repliesRcvd":0,"sharesMade":0,"sharesRcvd":0,"mentionsRcvd":0,"likesRcvd":0,"reachRcvd":0,"audience":1,"voice":0,"conversation":0,"engagement":0,"group_scoped":{"audienceScore":0.00006499689639819699,"voiceScore":0,"engagementScore":0,"combinedScore":0.00006499689639819699,"combinedScoreRank":193,"SEIrank":193,"engagementSEIrank":169,"voiceSEIrank":168,"audienceSEIrank":193,"engagementSEI":0,"engagementSEIadj":0,"voiceSEI":0,"voiceSEIadj":0,"audienceSEI":0.00009149465671204801,"audienceSEIadj":0.00009149465671204801,"SEI":0.000009149465671204801,"SEIadj":0.000009149465671204801},"non_scoped":{"SEI":0.00000543449906961376,"SEIrank":175,"SEIadj":0,"audienceSEI":0.0000543449906961376,"audienceSEIadj":0,"audienceSEIrank":175,"audienceScore":0.00001042736557822349,"combinedScore":5.213682789111745e-7,"combinedScoreRank":175,"engagementSEI":0,"engagementSEIadj":0,"engagementSEIrank":169,"engagementScore":0,"voiceSEI":0,"voiceSEIadj":0,"voiceSEIrank":168,"voiceScore":0},"scoped":{"SEI":0.00007022422595346943,"SEIrank":159,"SEIadj":0,"audienceSEI":0.0007022422595346942,"audienceSEIadj":0,"audienceSEIrank":159,"audienceScore":0.000042986033407885445,"combinedScore":0.0000021493016703942725,"combinedScoreRank":159,"engagementSEI":0,"engagementSEIadj":0,"engagementSEIrank":154,"engagementScore":0,"voiceSEI":0,"voiceSEIadj":0,"voiceSEIrank":153,"voiceScore":0}},"twitter":{"entityString":"536575feb08f37d80186a0b3","type":"twitter","profiles":1,"postsMade":121,"repliesMade":0,"repliesRcvd":0,"sharesMade":0,"sharesRcvd":218,"mentionsRcvd":0,"likesRcvd":367,"reachRcvd":0,"audience":3458,"voice":121,"conversation":121,"engagement":585,"group_scoped":{"audienceScore":0.5500247336165638,"voiceScore":2.4444444444444446,"engagementScore":1.1025462221300817,"combinedScore":1.1420150588201239,"combinedScoreRank":97,"SEIrank":96,"engagementSEIrank":102,"voiceSEIrank":57,"audienceSEIrank":195,"engagementSEI":1.95319021067744,"engagementSEIadj":1.95319021067744,"voiceSEI":6.092648539778449,"voiceSEIadj":6.092648539778449,"audienceSEI":1.2962574221795717,"audienceSEIadj":1.2962574221795717,"SEI":3.1293344305579556,"SEIadj":3.1293344305579556},"non_scoped":{"SEI":2.493725896865805,"SEIrank":56,"SEIadj":0,"audienceSEI":0.6241066143028342,"audienceSEIadj":0,"audienceSEIrank":163,"audienceScore":0.1010037872038892,"combinedScore":0.24923714314498419,"combinedScoreRank":67,"engagementSEI":1.0150434646816928,"engagementSEIadj":0,"engagementSEIrank":67,"engagementScore":0.2424780008206948,"voiceSEI":6.07429718875502,"voiceSEIadj":0,"voiceSEIrank":43,"voiceScore":0.5191350609232881},"scoped":{"SEI":9.395872457966352,"SEIrank":48,"SEIadj":0,"audienceSEI":2.966636068049038,"audienceSEIadj":0,"audienceSEIrank":147,"audienceScore":0.1603473667419715,"combinedScore":0.49829671378923895,"combinedScoreRank":57,"engagementSEI":5.770938147380882,"engagementSEIadj":0,"engagementSEIrank":57,"engagementScore":0.49220051491746175,"voiceSEI":18.788819875776397,"voiceSEIadj":0,"voiceSEIrank":33,"voiceScore":0.9459776405284966}},"instagram":{"entityString":"536575feb08f37d80186a0b3","type":"instagram","profiles":0,"postsMade":0,"repliesMade":0,"repliesRcvd":0,"sharesMade":0,"sharesRcvd":0,"mentionsRcvd":0,"likesRcvd":0,"reachRcvd":0,"audience":0,"voice":0,"conversation":0,"engagement":0,"group_scoped":{"audienceScore":0,"voiceScore":0,"engagementScore":0,"combinedScore":0,"combinedScoreRank":103,"SEIrank":85,"engagementSEIrank":80,"voiceSEIrank":79,"audienceSEIrank":85,"engagementSEI":0,"engagementSEIadj":0,"voiceSEI":0,"voiceSEIadj":0,"audienceSEI":0,"audienceSEIadj":0,"SEI":0,"SEIadj":0},"non_scoped":{"SEI":0,"SEIrank":85,"SEIadj":0,"audienceSEI":0,"audienceSEIadj":0,"audienceSEIrank":85,"audienceScore":0,"combinedScore":0,"combinedScoreRank":85,"engagementSEI":0,"engagementSEIadj":0,"engagementSEIrank":80,"engagementScore":0,"voiceSEI":0,"voiceSEIadj":0,"voiceSEIrank":79,"voiceScore":0},"scoped":{"SEI":0,"SEIrank":73,"SEIadj":0,"audienceSEI":0,"audienceSEIadj":0,"audienceSEIrank":73,"audienceScore":0,"combinedScore":0,"combinedScoreRank":73,"engagementSEI":0,"engagementSEIadj":0,"engagementSEIrank":68,"engagementScore":0,"voiceSEI":0,"voiceSEIadj":0,"voiceSEIrank":67,"voiceScore":0}}},"quarter":{"boundaryQuantum":4958502,"combined":{"entityString":"536575feb08f37d80186a0b3","type":"combined","profiles":2,"postsMade":200,"repliesMade":0,"repliesRcvd":0,"sharesMade":0,"sharesRcvd":404,"mentionsRcvd":0,"likesRcvd":702,"reachRcvd":0,"audience":3459,"voice":200,"conversation":200,"engagement":1106,"group_scoped":{"audienceScore":0.15184572228782645,"voiceScore":0.9884841595413434,"engagementScore":0.052932691249259374,"combinedScore":0.10465591621579193,"combinedScoreRank":144,"SEIrank":117,"engagementSEIrank":128,"voiceSEIrank":102,"audienceSEIrank":203,"engagementSEI":0.059064190385353786,"engagementSEIadj":0.059064190385353786,"voiceSEI":2.1659085986571367,"voiceSEIadj":2.1659085986571367,"audienceSEI":0.23523187238857937,"audienceSEIadj":0.23523187238857937,"SEI":0.7087342810672111,"SEIadj":0.7087342810672111},"non_scoped":{"SEI":0.5798758923382947,"SEIrank":103,"SEIadj":0,"audienceSEI":0.13758468279551075,"audienceSEIadj":0,"audienceSEIrank":192,"audienceScore":0.02547427705599841,"combinedScore":0.013531763793117995,"combinedScoreRank":135,"engagementSEI":0.009647829787857656,"engagementSEIadj":0,"engagementSEIrank":137,"engagementScore":0.0037364839618351606,"voiceSEI":1.867762420620097,"voiceSEIadj":0,"voiceSEIrank":93,"voiceScore":0.1779042874933286},"scoped":{"SEI":2.6504368175932274,"SEIrank":108,"SEIadj":0,"audienceSEI":1.8061437082600138,"audienceSEIadj":0,"audienceSEIrank":175,"audienceScore":0.07360584590864065,"combinedScore":0.0552432840161903,"combinedScoreRank":129,"engagementSEI":0.22380554414493534,"engagementSEIadj":0,"engagementSEIrank":126,"engagementScore":0.036506686400962246,"voiceSEI":7.785130400934216,"voiceSEIadj":0,"voiceSEIrank":83,"voiceScore":0.37413947919784496}},"facebook":{"entityString":"536575feb08f37d80186a0b3","type":"facebook","profiles":1,"postsMade":0,"repliesMade":0,"repliesRcvd":0,"sharesMade":0,"sharesRcvd":0,"mentionsRcvd":0,"likesRcvd":0,"reachRcvd":0,"audience":1,"voice":0,"conversation":0,"engagement":0,"group_scoped":{"audienceScore":0.00006499689639819699,"voiceScore":0,"engagementScore":0,"combinedScore":0.00006499689639819699,"combinedScoreRank":193,"SEIrank":193,"engagementSEIrank":173,"voiceSEIrank":171,"audienceSEIrank":193,"engagementSEI":0,"engagementSEIadj":0,"voiceSEI":0,"voiceSEIadj":0,"audienceSEI":0.00009149465671204801,"audienceSEIadj":0.00009149465671204801,"SEI":0.000009149465671204801,"SEIadj":0.000009149465671204801},"non_scoped":{"SEI":0.00000543449906961376,"SEIrank":175,"SEIadj":0,"audienceSEI":0.0000543449906961376,"audienceSEIadj":0,"audienceSEIrank":175,"audienceScore":0.00001042736557822349,"combinedScore":5.213682789111745e-7,"combinedScoreRank":175,"engagementSEI":0,"engagementSEIadj":0,"engagementSEIrank":173,"engagementScore":0,"voiceSEI":0,"voiceSEIadj":0,"voiceSEIrank":171,"voiceScore":0},"scoped":{"SEI":0.00007022422595346943,"SEIrank":159,"SEIadj":0,"audienceSEI":0.0007022422595346942,"audienceSEIadj":0,"audienceSEIrank":159,"audienceScore":0.000042986033407885445,"combinedScore":0.0000021493016703942725,"combinedScoreRank":159,"engagementSEI":0,"engagementSEIadj":0,"engagementSEIrank":158,"engagementScore":0,"voiceSEI":0,"voiceSEIadj":0,"voiceSEIrank":156,"voiceScore":0}},"twitter":{"entityString":"536575feb08f37d80186a0b3","type":"twitter","profiles":1,"postsMade":200,"repliesMade":0,"repliesRcvd":0,"sharesMade":0,"sharesRcvd":404,"mentionsRcvd":0,"likesRcvd":702,"reachRcvd":0,"audience":3458,"voice":200,"conversation":200,"engagement":1106,"group_scoped":{"audienceScore":0.5500247336165638,"voiceScore":1.4514841425357428,"engagementScore":0.6228108704711064,"combinedScore":0.6606052272316111,"combinedScoreRank":128,"SEIrank":129,"engagementSEIrank":132,"voiceSEIrank":90,"audienceSEIrank":195,"engagementSEI":1.0312931259557643,"engagementSEIadj":1.0312931259557643,"voiceSEI":3.3311125916055966,"voiceSEIadj":3.3311125916055966,"audienceSEI":1.2962574221795717,"audienceSEIadj":1.2962574221795717,"SEI":1.7477353952730947,"SEIadj":1.7477353952730947},"non_scoped":{"SEI":1.3757723771521893,"SEIrank":82,"SEIadj":0,"audienceSEI":0.6241066143028342,"audienceSEIadj":0,"audienceSEIrank":163,"audienceScore":0.1010037872038892,"combinedScore":0.13918307211389913,"combinedScoreRank":98,"engagementSEI":0.5244887894077924,"engagementSEIadj":0,"engagementSEIrank":94,"engagementScore":0.13307344306478006,"voiceSEI":3.3288948069241013,"voiceSEIadj":0,"voiceSEIrank":69,"voiceScore":0.2873356799080526},"scoped":{"SEI":5.741957718507638,"SEIrank":78,"SEIadj":0,"audienceSEI":2.966636068049038,"audienceSEIadj":0,"audienceSEIrank":147,"audienceScore":0.1603473667419715,"combinedScore":0.2825218788953789,"combinedScoreRank":86,"engagementSEI":3.4795192852199084,"engagementSEIadj":0,"engagementSEIrank":83,"engagementScore":0.27589165889214284,"voiceSEI":11.19194180190263,"voiceSEIadj":0,"voiceSEIrank":59,"voiceScore":0.5240403511070352}},"instagram":{"entityString":"536575feb08f37d80186a0b3","type":"instagram","profiles":0,"postsMade":0,"repliesMade":0,"repliesRcvd":0,"sharesMade":0,"sharesRcvd":0,"mentionsRcvd":0,"likesRcvd":0,"reachRcvd":0,"audience":0,"voice":0,"conversation":0,"engagement":0,"group_scoped":{"audienceScore":0,"voiceScore":0,"engagementScore":0,"combinedScore":0,"combinedScoreRank":103,"SEIrank":85,"engagementSEIrank":80,"voiceSEIrank":80,"audienceSEIrank":85,"engagementSEI":0,"engagementSEIadj":0,"voiceSEI":0,"voiceSEIadj":0,"audienceSEI":0,"audienceSEIadj":0,"SEI":0,"SEIadj":0},"non_scoped":{"SEI":0,"SEIrank":85,"SEIadj":0,"audienceSEI":0,"audienceSEIadj":0,"audienceSEIrank":85,"audienceScore":0,"combinedScore":0,"combinedScoreRank":85,"engagementSEI":0,"engagementSEIadj":0,"engagementSEIrank":80,"engagementScore":0,"voiceSEI":0,"voiceSEIadj":0,"voiceSEIrank":80,"voiceScore":0},"scoped":{"SEI":0,"SEIrank":73,"SEIadj":0,"audienceSEI":0,"audienceSEIadj":0,"audienceSEIrank":73,"audienceScore":0,"combinedScore":0,"combinedScoreRank":73,"engagementSEI":0,"engagementSEIadj":0,"engagementSEIrank":68,"engagementScore":0,"voiceSEI":0,"voiceSEIadj":0,"voiceSEIrank":68,"voiceScore":0}}},"blended":{"combined":{"non_scoped":{"SEI":0.9653371816512633,"SEIadj":60.386134872660506,"SEIrank":65,"audienceSEI":0.13758468279551075,"audienceSEIadj":40.08255080967731,"audienceSEIrank":192,"engagementSEI":0.013165648729598769,"engagementSEIadj":50.0065828243648,"engagementSEIrank":124,"voiceSEI":3.1455977471131757,"voiceSEIadj":61.25823909884527,"voiceSEIrank":57},"scoped":{"SEI":9.072844591918496,"SEIadj":54.53642229595925,"SEIrank":85,"compCharisma":0,"compInfluence":6,"compEva":3.0728445919184972,"audienceSEI":1.8061437082600136,"audienceSEIadj":41.08368622495601,"audienceSEIrank":175,"engagementSEI":0.36510872758842433,"engagementSEIadj":50.18255436379421,"engagementSEIrank":111,"voiceSEI":12.145123203115855,"voiceSEIadj":64.85804928124634,"voiceSEIrank":50}},"facebook":{"non_scoped":{"SEI":0.00000543449906961376,"SEIadj":40.000003260699444,"SEIrank":175,"audienceSEI":0.000054344990696137594,"audienceSEIadj":40.00003260699442,"audienceSEIrank":175,"engagementSEI":0,"engagementSEIadj":0,"engagementSEIrank":173,"voiceSEI":0,"voiceSEIadj":0,"voiceSEIrank":171},"scoped":{"SEI":0.00007022422595346943,"SEIadj":40.00004213453557,"SEIrank":159,"audienceSEI":0.0007022422595346942,"audienceSEIadj":40.00042134535572,"audienceSEIrank":159,"engagementSEI":0,"engagementSEIadj":0,"engagementSEIrank":158,"voiceSEI":0,"voiceSEIadj":0,"voiceSEIrank":156}},"twitter":{"non_scoped":{"SEI":2.2674878655165975,"SEIadj":60.90699514620664,"SEIrank":58,"audienceSEI":0.6241066143028343,"audienceSEIadj":40.3744639685817,"audienceSEIrank":163,"engagementSEI":0.8426251256537203,"engagementSEIadj":60.33705005026149,"engagementSEIrank":68,"voiceSEI":5.665007095646939,"voiceSEIadj":62.26600283825878,"voiceSEIrank":46},"scoped":{"SEI":8.21674944569486,"SEIadj":63.28669977827794,"SEIrank":52,"audienceSEI":2.966636068049038,"audienceSEIadj":41.77998164082942,"audienceSEIrank":147,"engagementSEI":4.801400682062266,"engagementSEIadj":52.40070034103113,"engagementSEIrank":66,"voiceSEI":16.797484765508656,"voiceSEIadj":66.71899390620347,"voiceSEIrank":40}},"instagram":{"non_scoped":{"SEI":0,"SEIadj":0,"SEIrank":85,"audienceSEI":0,"audienceSEIadj":0,"audienceSEIrank":85,"engagementSEI":0,"engagementSEIadj":0,"engagementSEIrank":80,"voiceSEI":0,"voiceSEIadj":0,"voiceSEIrank":80},"scoped":{"SEI":0,"SEIadj":0,"SEIrank":73,"audienceSEI":0,"audienceSEIadj":0,"audienceSEIrank":73,"engagementSEI":0,"engagementSEIadj":0,"engagementSEIrank":68,"voiceSEI":0,"voiceSEIadj":0,"voiceSEIrank":68}},"influence":{"facebook":{"scope":"individual","ratio":0,"calculated":false},"instagram":{"scope":"individual","ratio":0,"calculated":false},"combined":{"ratio":1.48,"bottom":true,"scope":"individual","calculated":true},"twitter":{"ratio":1.87,"bottom":false,"scope":"individual","calculated":true}},"charisma":{"facebook":{"scope":"individual","ratio":0,"calculated":false},"instagram":{"scope":"individual","ratio":0,"calculated":false},"combined":{"ratio":0.1,"bottom":false,"scope":"individual","calculated":true},"twitter":{"ratio":0.6,"bottom":false,"scope":"individual","calculated":true}}},"scope":"individual"}}