{"scoreEntityString":"591d1494ab33fb0001804f89.asset.536575ffb08f37d80186deab","timeQuantum":4984422,"scoreEntityType":"asset","scoreProfileID":"591d1494ab33fb0001804f89","data":{"scoreEntityString":"591d1494ab33fb0001804f89.asset.536575ffb08f37d80186deab","scoreProfileID":"591d1494ab33fb0001804f89","scoreEntityType":"asset","entityID":"asset.536575ffb08f37d80186deab","object_version":"1.2","score_engine_version":"3.0.19","timestamp":4984422,"start_quantum":4958502,"end_quantum":4984421,"schedule_options":{"interval":15,"offset":"1"},"_15min":{"boundaryQuantum":4984419,"combined":{"entityString":"536575ffb08f37d80186deab","type":"combined","profiles":1,"postsMade":0,"repliesMade":0,"repliesRcvd":0,"sharesMade":0,"sharesRcvd":0,"mentionsRcvd":0,"likesRcvd":0,"reachRcvd":0,"audience":3672,"voice":0,"conversation":0,"engagement":0,"group_scoped":{"audienceScore":0.26239404554165935,"voiceScore":0,"engagementScore":0,"combinedScore":0.26239404554165935,"engagementSEI":0,"engagementSEIadj":0,"voiceSEI":0,"voiceSEIadj":0,"audienceSEI":0.37954272956546903,"audienceSEIadj":0.37954272956546903,"SEI":0.03795427295654691,"SEIadj":0.03795427295654691,"combinedScoreRank":173,"SEIrank":180,"engagementSEIrank":209,"voiceSEIrank":208,"audienceSEIrank":180},"non_scoped":{"SEI":0.014605693993209469,"SEIrank":189,"SEIadj":0,"audienceSEI":0.14605693993209468,"audienceSEIadj":0,"audienceSEIrank":189,"audienceScore":0.027042944593705164,"combinedScore":0.0013521472296852584,"combinedScoreRank":189,"engagementSEI":0,"engagementSEIadj":0,"engagementSEIrank":209,"engagementScore":0,"voiceSEI":0,"voiceSEIadj":0,"voiceSEIrank":208,"voiceScore":0},"scoped":{"SEI":0.19173633121511335,"SEIrank":172,"SEIadj":0,"audienceSEI":1.9173633121511335,"audienceSEIadj":0,"audienceSEIrank":172,"audienceScore":0.07813838282062113,"combinedScore":0.01116262611723159,"combinedScoreRank":172,"engagementSEI":0,"engagementSEIadj":0,"engagementSEIrank":187,"engagementScore":0,"voiceSEI":0,"voiceSEIadj":0,"voiceSEIrank":186,"voiceScore":0}},"facebook":{"entityString":"536575ffb08f37d80186deab","type":"facebook","profiles":0,"postsMade":0,"repliesMade":0,"repliesRcvd":0,"sharesMade":0,"sharesRcvd":0,"mentionsRcvd":0,"likesRcvd":0,"reachRcvd":0,"audience":0,"voice":0,"conversation":0,"engagement":0,"group_scoped":{"audienceScore":0,"voiceScore":0,"engagementScore":0,"combinedScore":0,"engagementSEI":0,"engagementSEIadj":0,"voiceSEI":0,"voiceSEIadj":0,"audienceSEI":0,"audienceSEIadj":0,"SEI":0,"SEIadj":0,"combinedScoreRank":220,"SEIrank":220,"engagementSEIrank":209,"voiceSEIrank":208,"audienceSEIrank":220},"non_scoped":{"SEI":0,"SEIrank":220,"SEIadj":0,"audienceSEI":0,"audienceSEIadj":0,"audienceSEIrank":220,"audienceScore":0,"combinedScore":0,"combinedScoreRank":220,"engagementSEI":0,"engagementSEIadj":0,"engagementSEIrank":209,"engagementScore":0,"voiceSEI":0,"voiceSEIadj":0,"voiceSEIrank":208,"voiceScore":0},"scoped":{"SEI":0,"SEIrank":197,"SEIadj":0,"audienceSEI":0,"audienceSEIadj":0,"audienceSEIrank":197,"audienceScore":0,"combinedScore":0,"combinedScoreRank":197,"engagementSEI":0,"engagementSEIadj":0,"engagementSEIrank":187,"engagementScore":0,"voiceSEI":0,"voiceSEIadj":0,"voiceSEIrank":186,"voiceScore":0}},"twitter":{"entityString":"536575ffb08f37d80186deab","type":"twitter","profiles":1,"postsMade":0,"repliesMade":0,"repliesRcvd":0,"sharesMade":0,"sharesRcvd":0,"mentionsRcvd":0,"likesRcvd":0,"reachRcvd":0,"audience":3672,"voice":0,"conversation":0,"engagement":0,"group_scoped":{"audienceScore":1.079955531242831,"voiceScore":0,"engagementScore":0,"combinedScore":1.079955531242831,"engagementSEI":0,"engagementSEIadj":0,"voiceSEI":0,"voiceSEIadj":0,"audienceSEI":2.9099438932386597,"audienceSEIadj":2.9099438932386597,"SEI":0.29099438932386595,"SEIadj":0.29099438932386595,"combinedScoreRank":129,"SEIrank":134,"engagementSEIrank":207,"voiceSEIrank":207,"audienceSEIrank":134},"non_scoped":{"SEI":0.06627297535338367,"SEIrank":157,"SEIadj":0,"audienceSEI":0.6627297535338367,"audienceSEIadj":0,"audienceSEIrank":157,"audienceScore":0.10725445535358044,"combinedScore":0.005362722767679022,"combinedScoreRank":157,"engagementSEI":0,"engagementSEIadj":0,"engagementSEIrank":207,"engagementScore":0,"voiceSEI":0,"voiceSEIadj":0,"voiceSEIrank":207,"voiceScore":0},"scoped":{"SEI":0.31502277738218815,"SEIrank":141,"SEIadj":0,"audienceSEI":3.1502277738218813,"audienceSEIadj":0,"audienceSEIrank":141,"audienceScore":0.1702705409706534,"combinedScore":0.024324362995807626,"combinedScoreRank":141,"engagementSEI":0,"engagementSEIadj":0,"engagementSEIrank":186,"engagementScore":0,"voiceSEI":0,"voiceSEIadj":0,"voiceSEIrank":186,"voiceScore":0}},"instagram":{"entityString":"536575ffb08f37d80186deab","type":"instagram","profiles":0,"postsMade":0,"repliesMade":0,"repliesRcvd":0,"sharesMade":0,"sharesRcvd":0,"mentionsRcvd":0,"likesRcvd":0,"reachRcvd":0,"audience":0,"voice":0,"conversation":0,"engagement":0,"group_scoped":{"audienceScore":0,"voiceScore":0,"engagementScore":0,"combinedScore":0,"engagementSEI":0,"engagementSEIadj":0,"voiceSEI":0,"voiceSEIadj":0,"audienceSEI":0,"audienceSEIadj":0,"SEI":0,"SEIadj":0,"combinedScoreRank":208,"SEIrank":208,"engagementSEIrank":207,"voiceSEIrank":207,"audienceSEIrank":208},"non_scoped":{"SEI":0,"SEIrank":208,"SEIadj":0,"audienceSEI":0,"audienceSEIadj":0,"audienceSEIrank":208,"audienceScore":0,"combinedScore":0,"combinedScoreRank":208,"engagementSEI":0,"engagementSEIadj":0,"engagementSEIrank":207,"engagementScore":0,"voiceSEI":0,"voiceSEIadj":0,"voiceSEIrank":207,"voiceScore":0},"scoped":{"SEI":0,"SEIrank":186,"SEIadj":0,"audienceSEI":0,"audienceSEIadj":0,"audienceSEIrank":186,"audienceScore":0,"combinedScore":0,"combinedScoreRank":186,"engagementSEI":0,"engagementSEIadj":0,"engagementSEIrank":186,"engagementScore":0,"voiceSEI":0,"voiceSEIadj":0,"voiceSEIrank":186,"voiceScore":0}}},"hour":{"boundaryQuantum":4984410,"combined":{"entityString":"536575ffb08f37d80186deab","type":"combined","profiles":1,"postsMade":0,"repliesMade":0,"repliesRcvd":0,"sharesMade":0,"sharesRcvd":0,"mentionsRcvd":0,"likesRcvd":0,"reachRcvd":0,"audience":3672,"voice":0,"conversation":0,"engagement":0,"group_scoped":{"audienceScore":0.26239404554165935,"voiceScore":0,"engagementScore":0,"combinedScore":0.26239404554165935,"combinedScoreRank":164,"SEIrank":183,"engagementSEIrank":211,"voiceSEIrank":208,"audienceSEIrank":180,"engagementSEI":0,"engagementSEIadj":0,"voiceSEI":0,"voiceSEIadj":0,"audienceSEI":0.37954272956546903,"audienceSEIadj":0.37954272956546903,"SEI":0.03795427295654691,"SEIadj":0.03795427295654691},"non_scoped":{"SEI":0.014605693993209469,"SEIrank":189,"SEIadj":0,"audienceSEI":0.14605693993209468,"audienceSEIadj":0,"audienceSEIrank":189,"audienceScore":0.027042944593705164,"combinedScore":0.0013521472296852584,"combinedScoreRank":190,"engagementSEI":0,"engagementSEIadj":0,"engagementSEIrank":211,"engagementScore":0,"voiceSEI":0,"voiceSEIadj":0,"voiceSEIrank":208,"voiceScore":0},"scoped":{"SEI":0.19173633121511335,"SEIrank":172,"SEIadj":0,"audienceSEI":1.9173633121511335,"audienceSEIadj":0,"audienceSEIrank":172,"audienceScore":0.07813838282062113,"combinedScore":0.003906919141031057,"combinedScoreRank":173,"engagementSEI":0,"engagementSEIadj":0,"engagementSEIrank":189,"engagementScore":0,"voiceSEI":0,"voiceSEIadj":0,"voiceSEIrank":186,"voiceScore":0}},"facebook":{"entityString":"536575ffb08f37d80186deab","type":"facebook","profiles":0,"postsMade":0,"repliesMade":0,"repliesRcvd":0,"sharesMade":0,"sharesRcvd":0,"mentionsRcvd":0,"likesRcvd":0,"reachRcvd":0,"audience":0,"voice":0,"conversation":0,"engagement":0,"group_scoped":{"audienceScore":0,"voiceScore":0,"engagementScore":0,"combinedScore":0,"combinedScoreRank":220,"SEIrank":220,"engagementSEIrank":210,"voiceSEIrank":208,"audienceSEIrank":220,"engagementSEI":0,"engagementSEIadj":0,"voiceSEI":0,"voiceSEIadj":0,"audienceSEI":0,"audienceSEIadj":0,"SEI":0,"SEIadj":0},"non_scoped":{"SEI":0,"SEIrank":220,"SEIadj":0,"audienceSEI":0,"audienceSEIadj":0,"audienceSEIrank":220,"audienceScore":0,"combinedScore":0,"combinedScoreRank":220,"engagementSEI":0,"engagementSEIadj":0,"engagementSEIrank":210,"engagementScore":0,"voiceSEI":0,"voiceSEIadj":0,"voiceSEIrank":208,"voiceScore":0},"scoped":{"SEI":0,"SEIrank":197,"SEIadj":0,"audienceSEI":0,"audienceSEIadj":0,"audienceSEIrank":197,"audienceScore":0,"combinedScore":0,"combinedScoreRank":197,"engagementSEI":0,"engagementSEIadj":0,"engagementSEIrank":188,"engagementScore":0,"voiceSEI":0,"voiceSEIadj":0,"voiceSEIrank":186,"voiceScore":0}},"twitter":{"entityString":"536575ffb08f37d80186deab","type":"twitter","profiles":1,"postsMade":0,"repliesMade":0,"repliesRcvd":0,"sharesMade":0,"sharesRcvd":0,"mentionsRcvd":0,"likesRcvd":0,"reachRcvd":0,"audience":3672,"voice":0,"conversation":0,"engagement":0,"group_scoped":{"audienceScore":1.079955531242831,"voiceScore":0,"engagementScore":0,"combinedScore":1.079955531242831,"combinedScoreRank":132,"SEIrank":141,"engagementSEIrank":209,"voiceSEIrank":208,"audienceSEIrank":134,"engagementSEI":0,"engagementSEIadj":0,"voiceSEI":0,"voiceSEIadj":0,"audienceSEI":2.9099438932386597,"audienceSEIadj":2.9099438932386597,"SEI":0.29099438932386595,"SEIadj":0.29099438932386595},"non_scoped":{"SEI":0.06627297535338367,"SEIrank":159,"SEIadj":0,"audienceSEI":0.6627297535338367,"audienceSEIadj":0,"audienceSEIrank":157,"audienceScore":0.10725445535358044,"combinedScore":0.005362722767679022,"combinedScoreRank":159,"engagementSEI":0,"engagementSEIadj":0,"engagementSEIrank":209,"engagementScore":0,"voiceSEI":0,"voiceSEIadj":0,"voiceSEIrank":208,"voiceScore":0},"scoped":{"SEI":0.31502277738218815,"SEIrank":143,"SEIadj":0,"audienceSEI":3.1502277738218813,"audienceSEIadj":0,"audienceSEIrank":141,"audienceScore":0.1702705409706534,"combinedScore":0.008513527048532669,"combinedScoreRank":143,"engagementSEI":0,"engagementSEIadj":0,"engagementSEIrank":187,"engagementScore":0,"voiceSEI":0,"voiceSEIadj":0,"voiceSEIrank":186,"voiceScore":0}},"instagram":{"entityString":"536575ffb08f37d80186deab","type":"instagram","profiles":0,"postsMade":0,"repliesMade":0,"repliesRcvd":0,"sharesMade":0,"sharesRcvd":0,"mentionsRcvd":0,"likesRcvd":0,"reachRcvd":0,"audience":0,"voice":0,"conversation":0,"engagement":0,"group_scoped":{"audienceScore":0,"voiceScore":0,"engagementScore":0,"combinedScore":0,"combinedScoreRank":208,"SEIrank":208,"engagementSEIrank":207,"voiceSEIrank":207,"audienceSEIrank":208,"engagementSEI":0,"engagementSEIadj":0,"voiceSEI":0,"voiceSEIadj":0,"audienceSEI":0,"audienceSEIadj":0,"SEI":0,"SEIadj":0},"non_scoped":{"SEI":0,"SEIrank":208,"SEIadj":0,"audienceSEI":0,"audienceSEIadj":0,"audienceSEIrank":208,"audienceScore":0,"combinedScore":0,"combinedScoreRank":208,"engagementSEI":0,"engagementSEIadj":0,"engagementSEIrank":207,"engagementScore":0,"voiceSEI":0,"voiceSEIadj":0,"voiceSEIrank":207,"voiceScore":0},"scoped":{"SEI":0,"SEIrank":186,"SEIadj":0,"audienceSEI":0,"audienceSEIadj":0,"audienceSEIrank":186,"audienceScore":0,"combinedScore":0,"combinedScoreRank":186,"engagementSEI":0,"engagementSEIadj":0,"engagementSEIrank":186,"engagementScore":0,"voiceSEI":0,"voiceSEIadj":0,"voiceSEIrank":186,"voiceScore":0}}},"today":{"boundaryQuantum":4984134,"combined":{"entityString":"536575ffb08f37d80186deab","type":"combined","profiles":1,"postsMade":1,"repliesMade":0,"repliesRcvd":0,"sharesMade":0,"sharesRcvd":0,"mentionsRcvd":0,"likesRcvd":1,"reachRcvd":0,"audience":3672,"voice":1,"conversation":1,"engagement":1,"group_scoped":{"audienceScore":0.26239404554165935,"voiceScore":1.3333333333333335,"engagementScore":0.009148293843198244,"combinedScore":0.08801983340262806,"combinedScoreRank":184,"SEIrank":99,"engagementSEIrank":137,"voiceSEIrank":89,"audienceSEIrank":180,"engagementSEI":0.010341261633919338,"engagementSEIadj":0.010341261633919338,"voiceSEI":1.7241379310344827,"voiceSEIadj":1.7241379310344827,"audienceSEI":0.37954272956546903,"audienceSEIadj":0.37954272956546903,"SEI":0.5614004092472433,"SEIadj":0.5614004092472433},"non_scoped":{"SEI":0.34458325433744963,"SEIrank":108,"SEIadj":0,"audienceSEI":0.14605693993209468,"audienceSEIadj":0,"audienceSEIrank":189,"audienceScore":0.027042944593705164,"combinedScore":0.007742341924178469,"combinedScoreRank":133,"engagementSEI":0.0005120511231841387,"engagementSEIadj":0,"engagementSEIrank":162,"engagementScore":0.0002668146598646716,"voiceSEI":1.098901098901099,"voiceSEIadj":0,"voiceSEIrank":103,"voiceScore":0.12300123001230012},"scoped":{"SEI":1.2295934782279068,"SEIrank":110,"SEIadj":0,"audienceSEI":1.9173633121511335,"audienceSEIadj":0,"audienceSEIrank":172,"audienceScore":0.07813838282062113,"combinedScore":0.019367651908990105,"combinedScoreRank":135,"engagementSEI":0.0056239806535065525,"engagementSEIadj":0,"engagementSEIrank":150,"engagementScore":0.0026732249786142,"voiceSEI":3.4482758620689653,"voiceSEIadj":0,"voiceSEIrank":92,"voiceScore":0.26109660574412535}},"facebook":{"entityString":"536575ffb08f37d80186deab","type":"facebook","profiles":0,"postsMade":0,"repliesMade":0,"repliesRcvd":0,"sharesMade":0,"sharesRcvd":0,"mentionsRcvd":0,"likesRcvd":0,"reachRcvd":0,"audience":0,"voice":0,"conversation":0,"engagement":0,"group_scoped":{"audienceScore":0,"voiceScore":0,"engagementScore":0,"combinedScore":0,"combinedScoreRank":220,"SEIrank":220,"engagementSEIrank":213,"voiceSEIrank":210,"audienceSEIrank":220,"engagementSEI":0,"engagementSEIadj":0,"voiceSEI":0,"voiceSEIadj":0,"audienceSEI":0,"audienceSEIadj":0,"SEI":0,"SEIadj":0},"non_scoped":{"SEI":0,"SEIrank":220,"SEIadj":0,"audienceSEI":0,"audienceSEIadj":0,"audienceSEIrank":220,"audienceScore":0,"combinedScore":0,"combinedScoreRank":220,"engagementSEI":0,"engagementSEIadj":0,"engagementSEIrank":213,"engagementScore":0,"voiceSEI":0,"voiceSEIadj":0,"voiceSEIrank":210,"voiceScore":0},"scoped":{"SEI":0,"SEIrank":197,"SEIadj":0,"audienceSEI":0,"audienceSEIadj":0,"audienceSEIrank":197,"audienceScore":0,"combinedScore":0,"combinedScoreRank":197,"engagementSEI":0,"engagementSEIadj":0,"engagementSEIrank":191,"engagementScore":0,"voiceSEI":0,"voiceSEIadj":0,"voiceSEIrank":188,"voiceScore":0}},"twitter":{"entityString":"536575ffb08f37d80186deab","type":"twitter","profiles":1,"postsMade":1,"repliesMade":0,"repliesRcvd":0,"sharesMade":0,"sharesRcvd":0,"mentionsRcvd":0,"likesRcvd":1,"reachRcvd":0,"audience":3672,"voice":1,"conversation":1,"engagement":1,"group_scoped":{"audienceScore":1.079955531242831,"voiceScore":2.5,"engagementScore":0.2808988764044944,"combinedScore":0.4318067653261865,"combinedScoreRank":186,"SEIrank":104,"engagementSEIrank":110,"voiceSEIrank":69,"audienceSEIrank":134,"engagementSEI":0.628930817610063,"engagementSEIadj":0.628930817610063,"voiceSEI":3.8461538461538463,"voiceSEIadj":3.8461538461538463,"audienceSEI":2.9099438932386597,"audienceSEIadj":2.9099438932386597,"SEI":1.8221990337360574,"SEIadj":1.8221990337360574},"non_scoped":{"SEI":0.7291039967909623,"SEIrank":93,"SEIadj":0,"audienceSEI":0.6627297535338367,"audienceSEIadj":0,"audienceSEIrank":157,"audienceScore":0.10725445535358044,"combinedScore":0.029607737012693272,"combinedScoreRank":122,"engagementSEI":0.06305170239596469,"engagementSEIadj":0,"engagementSEIrank":129,"engagementScore":0.015827793605571384,"voiceSEI":2.083333333333333,"voiceSEIadj":0,"voiceSEIrank":91,"voiceScore":0.2},"scoped":{"SEI":1.580393094797115,"SEIrank":89,"SEIadj":0,"audienceSEI":3.1502277738218813,"audienceSEIadj":0,"audienceSEIrank":141,"audienceScore":0.1702705409706534,"combinedScore":0.05067158523436917,"combinedScoreRank":110,"engagementSEI":0.18587360594795538,"engagementSEIadj":0,"engagementSEIrank":118,"engagementScore":0.027816411682892908,"voiceSEI":3.8461538461538463,"voiceSEIadj":0,"voiceSEIrank":80,"voiceScore":0.3424657534246575}},"instagram":{"entityString":"536575ffb08f37d80186deab","type":"instagram","profiles":0,"postsMade":0,"repliesMade":0,"repliesRcvd":0,"sharesMade":0,"sharesRcvd":0,"mentionsRcvd":0,"likesRcvd":0,"reachRcvd":0,"audience":0,"voice":0,"conversation":0,"engagement":0,"group_scoped":{"audienceScore":0,"voiceScore":0,"engagementScore":0,"combinedScore":0,"combinedScoreRank":208,"SEIrank":208,"engagementSEIrank":208,"voiceSEIrank":208,"audienceSEIrank":208,"engagementSEI":0,"engagementSEIadj":0,"voiceSEI":0,"voiceSEIadj":0,"audienceSEI":0,"audienceSEIadj":0,"SEI":0,"SEIadj":0},"non_scoped":{"SEI":0,"SEIrank":208,"SEIadj":0,"audienceSEI":0,"audienceSEIadj":0,"audienceSEIrank":208,"audienceScore":0,"combinedScore":0,"combinedScoreRank":208,"engagementSEI":0,"engagementSEIadj":0,"engagementSEIrank":208,"engagementScore":0,"voiceSEI":0,"voiceSEIadj":0,"voiceSEIrank":208,"voiceScore":0},"scoped":{"SEI":0,"SEIrank":186,"SEIadj":0,"audienceSEI":0,"audienceSEIadj":0,"audienceSEIrank":186,"audienceScore":0,"combinedScore":0,"combinedScoreRank":186,"engagementSEI":0,"engagementSEIadj":0,"engagementSEIrank":186,"engagementScore":0,"voiceSEI":0,"voiceSEIadj":0,"voiceSEIrank":186,"voiceScore":0}}},"week":{"boundaryQuantum":4982406,"combined":{"entityString":"536575ffb08f37d80186deab","type":"combined","profiles":1,"postsMade":22,"repliesMade":0,"repliesRcvd":0,"sharesMade":0,"sharesRcvd":12,"mentionsRcvd":0,"likesRcvd":98,"reachRcvd":0,"audience":3672,"voice":22,"conversation":22,"engagement":110,"group_scoped":{"audienceScore":0.26239404554165935,"voiceScore":2.0522388059701493,"engagementScore":0.09876631888950742,"combinedScore":0.2046213295761471,"combinedScoreRank":108,"SEIrank":88,"engagementSEIrank":96,"voiceSEIrank":77,"audienceSEIrank":180,"engagementSEI":0.11752136752136752,"engagementSEIadj":0.11752136752136752,"voiceSEI":3.3639143730886847,"voiceSEIadj":3.3639143730886847,"audienceSEI":0.37954272956546903,"audienceSEIadj":0.37954272956546903,"SEI":1.117641405395973,"SEIadj":1.117641405395973},"non_scoped":{"SEI":0.7888009787514162,"SEIrank":83,"SEIadj":0,"audienceSEI":0.14605693993209468,"audienceSEIadj":0,"audienceSEIrank":189,"audienceScore":0.027042944593705164,"combinedScore":0.01746231642123737,"combinedScoreRank":116,"engagementSEI":0.011255707155150714,"engagementSEIadj":0,"engagementSEIrank":119,"engagementScore":0.004587670593573675,"voiceSEI":2.558139534883721,"voiceSEIadj":0,"voiceSEIrank":76,"voiceScore":0.23962531314671606},"scoped":{"SEI":3.3842044653174885,"SEIrank":96,"SEIadj":0,"audienceSEI":1.9173633121511335,"audienceSEIadj":0,"audienceSEIrank":172,"audienceScore":0.07813838282062113,"combinedScore":0.07710020437228804,"combinedScoreRank":110,"engagementSEI":0.36582526854900393,"engagementSEIadj":0,"engagementSEIrank":107,"engagementScore":0.053427624996357205,"voiceSEI":9.90990990990991,"voiceSEIadj":0,"voiceSEIrank":66,"voiceScore":0.5021684546907099}},"facebook":{"entityString":"536575ffb08f37d80186deab","type":"facebook","profiles":0,"postsMade":0,"repliesMade":0,"repliesRcvd":0,"sharesMade":0,"sharesRcvd":0,"mentionsRcvd":0,"likesRcvd":0,"reachRcvd":0,"audience":0,"voice":0,"conversation":0,"engagement":0,"group_scoped":{"audienceScore":0,"voiceScore":0,"engagementScore":0,"combinedScore":0,"combinedScoreRank":220,"SEIrank":220,"engagementSEIrank":213,"voiceSEIrank":213,"audienceSEIrank":220,"engagementSEI":0,"engagementSEIadj":0,"voiceSEI":0,"voiceSEIadj":0,"audienceSEI":0,"audienceSEIadj":0,"SEI":0,"SEIadj":0},"non_scoped":{"SEI":0,"SEIrank":220,"SEIadj":0,"audienceSEI":0,"audienceSEIadj":0,"audienceSEIrank":220,"audienceScore":0,"combinedScore":0,"combinedScoreRank":220,"engagementSEI":0,"engagementSEIadj":0,"engagementSEIrank":213,"engagementScore":0,"voiceSEI":0,"voiceSEIadj":0,"voiceSEIrank":213,"voiceScore":0},"scoped":{"SEI":0,"SEIrank":197,"SEIadj":0,"audienceSEI":0,"audienceSEIadj":0,"audienceSEIrank":197,"audienceScore":0,"combinedScore":0,"combinedScoreRank":197,"engagementSEI":0,"engagementSEIadj":0,"engagementSEIrank":191,"engagementScore":0,"voiceSEI":0,"voiceSEIadj":0,"voiceSEIrank":191,"voiceScore":0}},"twitter":{"entityString":"536575ffb08f37d80186deab","type":"twitter","profiles":1,"postsMade":22,"repliesMade":0,"repliesRcvd":0,"sharesMade":0,"sharesRcvd":12,"mentionsRcvd":0,"likesRcvd":98,"reachRcvd":0,"audience":3672,"voice":22,"conversation":22,"engagement":110,"group_scoped":{"audienceScore":1.079955531242831,"voiceScore":2.91005291005291,"engagementScore":1.9417475728155338,"combinedScore":1.9470732375987676,"combinedScoreRank":69,"SEIrank":70,"engagementSEIrank":61,"voiceSEIrank":63,"audienceSEIrank":134,"engagementSEI":4.366812227074235,"engagementSEIadj":4.366812227074235,"voiceSEI":5.5696202531645564,"voiceSEIadj":5.5696202531645564,"audienceSEI":2.9099438932386597,"audienceSEIadj":2.9099438932386597,"SEI":4.581967801517774,"SEIadj":4.581967801517774},"non_scoped":{"SEI":1.855728180456081,"SEIrank":60,"SEIadj":0,"audienceSEI":0.6627297535338367,"audienceSEIadj":0,"audienceSEIrank":157,"audienceScore":0.10725445535358044,"combinedScore":0.1859650099641184,"combinedScoreRank":78,"engagementSEI":0.7049926296225085,"engagementSEIadj":0,"engagementSEIrank":76,"engagementScore":0.17935757378118375,"voiceSEI":4.554865424430641,"voiceSEIadj":0,"voiceSEIrank":55,"voiceScore":0.3836094158674804},"scoped":{"SEI":6.904340753895285,"SEIrank":61,"SEIadj":0,"audienceSEI":3.1502277738218813,"audienceSEIadj":0,"audienceSEIrank":141,"audienceScore":0.1702705409706534,"combinedScore":0.38331855105918067,"combinedScoreRank":68,"engagementSEI":4.192073170731708,"engagementSEIadj":0,"engagementSEIrank":66,"engagementScore":0.3775009437523594,"voiceSEI":13.580246913580247,"voiceSEIadj":0,"voiceSEIrank":45,"voiceScore":0.7010834926704907}},"instagram":{"entityString":"536575ffb08f37d80186deab","type":"instagram","profiles":0,"postsMade":0,"repliesMade":0,"repliesRcvd":0,"sharesMade":0,"sharesRcvd":0,"mentionsRcvd":0,"likesRcvd":0,"reachRcvd":0,"audience":0,"voice":0,"conversation":0,"engagement":0,"group_scoped":{"audienceScore":0,"voiceScore":0,"engagementScore":0,"combinedScore":0,"combinedScoreRank":208,"SEIrank":208,"engagementSEIrank":208,"voiceSEIrank":208,"audienceSEIrank":208,"engagementSEI":0,"engagementSEIadj":0,"voiceSEI":0,"voiceSEIadj":0,"audienceSEI":0,"audienceSEIadj":0,"SEI":0,"SEIadj":0},"non_scoped":{"SEI":0,"SEIrank":208,"SEIadj":0,"audienceSEI":0,"audienceSEIadj":0,"audienceSEIrank":208,"audienceScore":0,"combinedScore":0,"combinedScoreRank":208,"engagementSEI":0,"engagementSEIadj":0,"engagementSEIrank":208,"engagementScore":0,"voiceSEI":0,"voiceSEIadj":0,"voiceSEIrank":208,"voiceScore":0},"scoped":{"SEI":0,"SEIrank":186,"SEIadj":0,"audienceSEI":0,"audienceSEIadj":0,"audienceSEIrank":186,"audienceScore":0,"combinedScore":0,"combinedScoreRank":186,"engagementSEI":0,"engagementSEIadj":0,"engagementSEIrank":186,"engagementScore":0,"voiceSEI":0,"voiceSEIadj":0,"voiceSEIrank":186,"voiceScore":0}}},"month":{"boundaryQuantum":4975782,"combined":{"entityString":"536575ffb08f37d80186deab","type":"combined","profiles":1,"postsMade":92,"repliesMade":0,"repliesRcvd":0,"sharesMade":0,"sharesRcvd":93,"mentionsRcvd":0,"likesRcvd":464,"reachRcvd":0,"audience":3672,"voice":92,"conversation":92,"engagement":557,"group_scoped":{"audienceScore":0.26239404554165935,"voiceScore":2.0544886109870477,"engagementScore":0.14029413913047858,"combinedScore":0.2421088580438661,"combinedScoreRank":97,"SEIrank":87,"engagementSEIrank":88,"voiceSEIrank":70,"audienceSEIrank":180,"engagementSEI":0.17352943925379227,"engagementSEIadj":0.17352943925379227,"voiceSEI":3.3650329188002925,"voiceSEIadj":3.3650329188002925,"audienceSEI":0.37954272956546903,"audienceSEIadj":0.37954272956546903,"SEI":1.15158181214891,"SEIadj":1.15158181214891},"non_scoped":{"SEI":0.7864695640773802,"SEIrank":83,"SEIadj":0,"audienceSEI":0.14605693993209468,"audienceSEIadj":0,"audienceSEIrank":189,"audienceScore":0.027042944593705164,"combinedScore":0.018981024214060616,"combinedScoreRank":113,"engagementSEI":0.01537042729787888,"engagementSEIadj":0,"engagementSEIrank":117,"engagementScore":0.006053651656146499,"voiceSEI":2.5421387123514783,"voiceSEIadj":0,"voiceSEIrank":73,"voiceScore":0.24361180987687012},"scoped":{"SEI":3.406151956224242,"SEIrank":94,"SEIadj":0,"audienceSEI":1.9173633121511335,"audienceSEIadj":0,"audienceSEIrank":172,"audienceScore":0.07813838282062113,"combinedScore":0.08242939616533485,"combinedScoreRank":109,"engagementSEI":0.51525411185732,"engagementSEIadj":0,"engagementSEIrank":107,"engagementScore":0.058709446212871816,"voiceSEI":9.68421052631579,"voiceSEIadj":0,"voiceSEIrank":63,"voiceScore":0.513679508654383}},"facebook":{"entityString":"536575ffb08f37d80186deab","type":"facebook","profiles":0,"postsMade":0,"repliesMade":0,"repliesRcvd":0,"sharesMade":0,"sharesRcvd":0,"mentionsRcvd":0,"likesRcvd":0,"reachRcvd":0,"audience":0,"voice":0,"conversation":0,"engagement":0,"group_scoped":{"audienceScore":0,"voiceScore":0,"engagementScore":0,"combinedScore":0,"combinedScoreRank":220,"SEIrank":220,"engagementSEIrank":213,"voiceSEIrank":213,"audienceSEIrank":220,"engagementSEI":0,"engagementSEIadj":0,"voiceSEI":0,"voiceSEIadj":0,"audienceSEI":0,"audienceSEIadj":0,"SEI":0,"SEIadj":0},"non_scoped":{"SEI":0,"SEIrank":220,"SEIadj":0,"audienceSEI":0,"audienceSEIadj":0,"audienceSEIrank":220,"audienceScore":0,"combinedScore":0,"combinedScoreRank":220,"engagementSEI":0,"engagementSEIadj":0,"engagementSEIrank":213,"engagementScore":0,"voiceSEI":0,"voiceSEIadj":0,"voiceSEIrank":213,"voiceScore":0},"scoped":{"SEI":0,"SEIrank":197,"SEIadj":0,"audienceSEI":0,"audienceSEIadj":0,"audienceSEIrank":197,"audienceScore":0,"combinedScore":0,"combinedScoreRank":197,"engagementSEI":0,"engagementSEIadj":0,"engagementSEIrank":191,"engagementScore":0,"voiceSEI":0,"voiceSEIadj":0,"voiceSEIrank":191,"voiceScore":0}},"twitter":{"entityString":"536575ffb08f37d80186deab","type":"twitter","profiles":1,"postsMade":92,"repliesMade":0,"repliesRcvd":0,"sharesMade":0,"sharesRcvd":93,"mentionsRcvd":0,"likesRcvd":464,"reachRcvd":0,"audience":3672,"voice":92,"conversation":92,"engagement":557,"group_scoped":{"audienceScore":1.079955531242831,"voiceScore":2.927139675469297,"engagementScore":2.202712856408431,"combinedScore":2.1827963311031944,"combinedScoreRank":69,"SEIrank":67,"engagementSEIrank":59,"voiceSEIrank":62,"audienceSEIrank":134,"engagementSEI":5.954671798161215,"engagementSEIadj":5.954671798161215,"voiceSEI":5.599513085818624,"voiceSEIadj":5.599513085818624,"audienceSEI":2.9099438932386597,"audienceSEIadj":2.9099438932386597,"SEI":5.543651393966182,"SEIadj":5.543651393966182},"non_scoped":{"SEI":2.0316912566718806,"SEIrank":63,"SEIadj":0,"audienceSEI":0.6627297535338367,"audienceSEIadj":0,"audienceSEIrank":157,"audienceScore":0.10725445535358044,"combinedScore":0.23288343037699874,"combinedScoreRank":71,"engagementSEI":0.9664601877396631,"engagementSEIadj":0,"engagementSEIrank":69,"engagementScore":0.23087221616602902,"voiceSEI":4.618473895582329,"voiceSEIadj":0,"voiceSEIrank":54,"voiceScore":0.394714261197872},"scoped":{"SEI":7.897570445754065,"SEIrank":58,"SEIadj":0,"audienceSEI":3.1502277738218813,"audienceSEIadj":0,"audienceSEIrank":141,"audienceScore":0.1702705409706534,"combinedScore":0.46625429308886807,"combinedScoreRank":61,"engagementSEI":5.4947223044293185,"engagementSEIadj":0,"engagementSEIrank":59,"engagementScore":0.4686421996735491,"voiceSEI":14.285714285714285,"voiceSEIadj":0,"voiceSEIrank":44,"voiceScore":0.7192557266828239}},"instagram":{"entityString":"536575ffb08f37d80186deab","type":"instagram","profiles":0,"postsMade":0,"repliesMade":0,"repliesRcvd":0,"sharesMade":0,"sharesRcvd":0,"mentionsRcvd":0,"likesRcvd":0,"reachRcvd":0,"audience":0,"voice":0,"conversation":0,"engagement":0,"group_scoped":{"audienceScore":0,"voiceScore":0,"engagementScore":0,"combinedScore":0,"combinedScoreRank":208,"SEIrank":208,"engagementSEIrank":208,"voiceSEIrank":208,"audienceSEIrank":208,"engagementSEI":0,"engagementSEIadj":0,"voiceSEI":0,"voiceSEIadj":0,"audienceSEI":0,"audienceSEIadj":0,"SEI":0,"SEIadj":0},"non_scoped":{"SEI":0,"SEIrank":208,"SEIadj":0,"audienceSEI":0,"audienceSEIadj":0,"audienceSEIrank":208,"audienceScore":0,"combinedScore":0,"combinedScoreRank":208,"engagementSEI":0,"engagementSEIadj":0,"engagementSEIrank":208,"engagementScore":0,"voiceSEI":0,"voiceSEIadj":0,"voiceSEIrank":208,"voiceScore":0},"scoped":{"SEI":0,"SEIrank":186,"SEIadj":0,"audienceSEI":0,"audienceSEIadj":0,"audienceSEIrank":186,"audienceScore":0,"combinedScore":0,"combinedScoreRank":186,"engagementSEI":0,"engagementSEIadj":0,"engagementSEIrank":186,"engagementScore":0,"voiceSEI":0,"voiceSEIadj":0,"voiceSEIrank":186,"voiceScore":0}}},"quarter":{"boundaryQuantum":4958502,"combined":{"entityString":"536575ffb08f37d80186deab","type":"combined","profiles":1,"postsMade":309,"repliesMade":0,"repliesRcvd":0,"sharesMade":0,"sharesRcvd":298,"mentionsRcvd":0,"likesRcvd":1450,"reachRcvd":0,"audience":3672,"voice":309,"conversation":309,"engagement":1748,"group_scoped":{"audienceScore":0.26239404554165935,"voiceScore":2.1794329242488364,"engagementScore":0.14170598440261362,"combinedScore":0.24962673445187705,"combinedScoreRank":93,"SEIrank":82,"engagementSEIrank":88,"voiceSEIrank":68,"audienceSEIrank":180,"engagementSEI":0.17138330248172434,"engagementSEIadj":0.17138330248172434,"voiceSEI":3.5905182430862186,"voiceSEIadj":3.5905182430862186,"audienceSEI":0.37954272956546903,"audienceSEIadj":0.37954272956546903,"SEI":1.217939727371447,"SEIadj":1.217939727371447},"non_scoped":{"SEI":0.8894624402196164,"SEIrank":75,"SEIadj":0,"audienceSEI":0.14605693993209468,"audienceSEIadj":0,"audienceSEIrank":189,"audienceScore":0.027042944593705164,"combinedScore":0.020410114712287278,"combinedScoreRank":113,"engagementSEI":0.015248107114986604,"engagementSEIadj":0,"engagementSEIrank":124,"engagementScore":0.005905401415269314,"voiceSEI":2.88569293985805,"voiceSEIadj":0,"voiceSEIrank":65,"voiceScore":0.2748621241771927},"scoped":{"SEI":4.012375062915399,"SEIrank":86,"SEIadj":0,"audienceSEI":1.9173633121511335,"audienceSEIadj":0,"audienceSEIrank":172,"audienceScore":0.07813838282062113,"combinedScore":0.08473714964685283,"combinedScoreRank":110,"engagementSEI":0.35371798477879474,"engagementSEIadj":0,"engagementSEIrank":114,"engagementScore":0.0576977285975425,"voiceSEI":12.028026469443363,"voiceSEIadj":0,"voiceSEIrank":55,"voiceScore":0.5780454953606705}},"facebook":{"entityString":"536575ffb08f37d80186deab","type":"facebook","profiles":0,"postsMade":0,"repliesMade":0,"repliesRcvd":0,"sharesMade":0,"sharesRcvd":0,"mentionsRcvd":0,"likesRcvd":0,"reachRcvd":0,"audience":0,"voice":0,"conversation":0,"engagement":0,"group_scoped":{"audienceScore":0,"voiceScore":0,"engagementScore":0,"combinedScore":0,"combinedScoreRank":220,"SEIrank":220,"engagementSEIrank":213,"voiceSEIrank":213,"audienceSEIrank":220,"engagementSEI":0,"engagementSEIadj":0,"voiceSEI":0,"voiceSEIadj":0,"audienceSEI":0,"audienceSEIadj":0,"SEI":0,"SEIadj":0},"non_scoped":{"SEI":0,"SEIrank":220,"SEIadj":0,"audienceSEI":0,"audienceSEIadj":0,"audienceSEIrank":220,"audienceScore":0,"combinedScore":0,"combinedScoreRank":220,"engagementSEI":0,"engagementSEIadj":0,"engagementSEIrank":213,"engagementScore":0,"voiceSEI":0,"voiceSEIadj":0,"voiceSEIrank":213,"voiceScore":0},"scoped":{"SEI":0,"SEIrank":197,"SEIadj":0,"audienceSEI":0,"audienceSEIadj":0,"audienceSEIrank":197,"audienceScore":0,"combinedScore":0,"combinedScoreRank":197,"engagementSEI":0,"engagementSEIadj":0,"engagementSEIrank":191,"engagementScore":0,"voiceSEI":0,"voiceSEIadj":0,"voiceSEIrank":191,"voiceScore":0}},"twitter":{"entityString":"536575ffb08f37d80186deab","type":"twitter","profiles":1,"postsMade":309,"repliesMade":0,"repliesRcvd":0,"sharesMade":0,"sharesRcvd":298,"mentionsRcvd":0,"likesRcvd":1450,"reachRcvd":0,"audience":3672,"voice":309,"conversation":309,"engagement":1748,"group_scoped":{"audienceScore":1.079955531242831,"voiceScore":3.050044418122594,"engagementScore":2.088435943081757,"combinedScore":2.086092346241853,"combinedScoreRank":69,"SEIrank":72,"engagementSEIrank":66,"voiceSEIrank":65,"audienceSEIrank":134,"engagementSEI":5.137700966992917,"engagementSEIadj":5.137700966992917,"voiceSEI":5.829088851160159,"voiceSEIadj":5.829088851160159,"audienceSEI":2.9099438932386597,"audienceSEIadj":2.9099438932386597,"SEI":5.122341624867664,"SEIadj":5.122341624867664},"non_scoped":{"SEI":2.106579047775808,"SEIrank":61,"SEIadj":0,"audienceSEI":0.6627297535338367,"audienceSEIadj":0,"audienceSEIrank":157,"audienceScore":0.10725445535358044,"combinedScore":0.21684614963687984,"combinedScoreRank":74,"engagementSEI":0.8289388823551729,"engagementSEIadj":0,"engagementSEIrank":73,"engagementScore":0.2103186062181153,"voiceSEI":5.1431424766977365,"voiceSEIadj":0,"voiceSEIrank":51,"voiceScore":0.44393362545794124},"scoped":{"SEI":8.802053649163188,"SEIrank":51,"SEIadj":0,"audienceSEI":3.1502277738218813,"audienceSEIadj":0,"audienceSEIrank":141,"audienceScore":0.1702705409706534,"combinedScore":0.4414303256987836,"combinedScoreRank":63,"engagementSEI":5.499276410998553,"engagementSEIadj":0,"engagementSEIrank":63,"engagementScore":0.43603853503025825,"voiceSEI":17.291550083939562,"voiceSEIadj":0,"voiceSEIrank":41,"voiceScore":0.8096423424603695}},"instagram":{"entityString":"536575ffb08f37d80186deab","type":"instagram","profiles":0,"postsMade":0,"repliesMade":0,"repliesRcvd":0,"sharesMade":0,"sharesRcvd":0,"mentionsRcvd":0,"likesRcvd":0,"reachRcvd":0,"audience":0,"voice":0,"conversation":0,"engagement":0,"group_scoped":{"audienceScore":0,"voiceScore":0,"engagementScore":0,"combinedScore":0,"combinedScoreRank":208,"SEIrank":208,"engagementSEIrank":208,"voiceSEIrank":208,"audienceSEIrank":208,"engagementSEI":0,"engagementSEIadj":0,"voiceSEI":0,"voiceSEIadj":0,"audienceSEI":0,"audienceSEIadj":0,"SEI":0,"SEIadj":0},"non_scoped":{"SEI":0,"SEIrank":208,"SEIadj":0,"audienceSEI":0,"audienceSEIadj":0,"audienceSEIrank":208,"audienceScore":0,"combinedScore":0,"combinedScoreRank":208,"engagementSEI":0,"engagementSEIadj":0,"engagementSEIrank":208,"engagementScore":0,"voiceSEI":0,"voiceSEIadj":0,"voiceSEIrank":208,"voiceScore":0},"scoped":{"SEI":0,"SEIrank":186,"SEIadj":0,"audienceSEI":0,"audienceSEIadj":0,"audienceSEIrank":186,"audienceScore":0,"combinedScore":0,"combinedScoreRank":186,"engagementSEI":0,"engagementSEIadj":0,"engagementSEIrank":186,"engagementScore":0,"voiceSEI":0,"voiceSEIadj":0,"voiceSEIrank":186,"voiceScore":0}}},"blended":{"combined":{"non_scoped":{"SEI":0.8165711110637125,"SEIadj":50.408285555531855,"SEIrank":81,"audienceSEI":0.1460569399320947,"audienceSEIadj":40.08763416395926,"audienceSEIrank":189,"engagementSEI":0.013331932354879554,"engagementSEIadj":50.00666596617744,"engagementSEIrank":123,"voiceSEI":2.646554192191918,"voiceSEIadj":61.05862167687677,"voiceSEIrank":66},"scoped":{"SEI":14.731327017182464,"SEIadj":65.89253080687298,"SEIrank":47,"compCharisma":0,"compInfluence":12,"compEva":2.7313270171824633,"audienceSEI":1.9173633121511335,"audienceSEIadj":41.15041798729068,"audienceSEIrank":172,"engagementSEI":0.3641758887653719,"engagementSEIadj":50.18208794438269,"engagementSEIrank":112,"voiceSEI":10.612031579745471,"voiceSEIadj":64.24481263189818,"voiceSEIrank":57}},"facebook":{"non_scoped":{"SEI":0,"SEIadj":0,"SEIrank":220,"audienceSEI":0,"audienceSEIadj":0,"audienceSEIrank":220,"engagementSEI":0,"engagementSEIadj":0,"engagementSEIrank":213,"voiceSEI":0,"voiceSEIadj":0,"voiceSEIrank":213},"scoped":{"SEI":0,"SEIadj":0,"SEIrank":197,"audienceSEI":0,"audienceSEIadj":0,"audienceSEIrank":197,"engagementSEI":0,"engagementSEIadj":0,"engagementSEIrank":191,"voiceSEI":0,"voiceSEIadj":0,"voiceSEIrank":191}},"twitter":{"non_scoped":{"SEI":1.9512168663650584,"SEIadj":60.780486746546025,"SEIrank":66,"audienceSEI":0.6627297535338367,"audienceSEIadj":50.33136487676692,"audienceSEIrank":157,"engagementSEI":0.7740888433450867,"engagementSEIadj":50.38704442167254,"engagementSEIrank":78,"voiceSEI":4.734968616682076,"voiceSEIadj":61.89398744667283,"voiceSEIrank":55},"scoped":{"SEI":7.735984272353145,"SEIadj":63.094393708941254,"SEIrank":56,"audienceSEI":3.1502277738218813,"audienceSEIadj":51.57511388691094,"audienceSEIrank":141,"engagementSEI":4.840762182680583,"engagementSEIadj":52.42038109134029,"engagementSEIrank":64,"voiceSEI":15.055013951208688,"voiceSEIadj":66.02200558048348,"voiceSEIrank":45}},"instagram":{"non_scoped":{"SEI":0,"SEIadj":0,"SEIrank":208,"audienceSEI":0,"audienceSEIadj":0,"audienceSEIrank":208,"engagementSEI":0,"engagementSEIadj":0,"engagementSEIrank":208,"voiceSEI":0,"voiceSEIadj":0,"voiceSEIrank":208},"scoped":{"SEI":0,"SEIadj":0,"SEIrank":186,"audienceSEI":0,"audienceSEIadj":0,"audienceSEIrank":186,"engagementSEI":0,"engagementSEIadj":0,"engagementSEIrank":186,"voiceSEI":0,"voiceSEIadj":0,"voiceSEIrank":186}},"influence":{"facebook":{"scope":"individual","ratio":0,"calculated":false},"instagram":{"scope":"individual","ratio":0,"calculated":false},"combined":{"ratio":2,"bottom":true,"scope":"individual","calculated":true},"twitter":{"ratio":2,"bottom":false,"scope":"individual","calculated":true}},"charisma":{"facebook":{"scope":"individual","ratio":0,"calculated":false},"instagram":{"scope":"individual","ratio":0,"calculated":false},"combined":{"ratio":0.09,"bottom":false,"scope":"individual","calculated":true},"twitter":{"ratio":0.61,"bottom":false,"scope":"individual","calculated":true}}},"scope":"individual"}}