{"scoreEntityString":"591d1494ab33fb0001804f89.asset.536575ffb08f37d80186dfc5","timeQuantum":4984422,"scoreEntityType":"asset","scoreProfileID":"591d1494ab33fb0001804f89","data":{"scoreEntityString":"591d1494ab33fb0001804f89.asset.536575ffb08f37d80186dfc5","scoreProfileID":"591d1494ab33fb0001804f89","scoreEntityType":"asset","entityID":"asset.536575ffb08f37d80186dfc5","object_version":"1.2","score_engine_version":"3.0.19","timestamp":4984422,"start_quantum":4958502,"end_quantum":4984421,"schedule_options":{"interval":15,"offset":"1"},"_15min":{"boundaryQuantum":4984419,"combined":{"entityString":"536575ffb08f37d80186dfc5","type":"combined","profiles":2,"postsMade":0,"repliesMade":0,"repliesRcvd":0,"sharesMade":0,"sharesRcvd":0,"mentionsRcvd":0,"likesRcvd":0,"reachRcvd":0,"audience":158430,"voice":0,"conversation":0,"engagement":0,"group_scoped":{"audienceScore":36.7371357416644,"voiceScore":0,"engagementScore":0,"combinedScore":36.7371357416644,"engagementSEI":0,"engagementSEIadj":0,"voiceSEI":0,"voiceSEIadj":0,"audienceSEI":100,"audienceSEIadj":100,"SEI":10,"SEIadj":10,"combinedScoreRank":7,"SEIrank":8,"engagementSEIrank":185,"voiceSEIrank":184,"audienceSEIrank":6},"non_scoped":{"SEI":0.6301688723704183,"SEIrank":10,"SEIadj":0,"audienceSEI":6.301688723704182,"audienceSEIadj":0,"audienceSEIrank":8,"audienceScore":1.16677933332808,"combinedScore":0.05833896666640401,"combinedScoreRank":11,"engagementSEI":0,"engagementSEIadj":0,"engagementSEIrank":185,"engagementScore":0,"voiceSEI":0,"voiceSEIadj":0,"voiceSEIrank":184,"voiceScore":0},"scoped":{"SEI":0.6301688723704183,"SEIrank":7,"SEIadj":0,"audienceSEI":6.301688723704182,"audienceSEIadj":0,"audienceSEIrank":7,"audienceScore":1.8447224148619212,"combinedScore":0.09223612074309606,"combinedScoreRank":7,"engagementSEI":0,"engagementSEIadj":0,"engagementSEIrank":7,"engagementScore":0,"voiceSEI":0,"voiceSEIadj":0,"voiceSEIrank":7,"voiceScore":0}},"facebook":{"entityString":"536575ffb08f37d80186dfc5","type":"facebook","profiles":1,"postsMade":0,"repliesMade":0,"repliesRcvd":0,"sharesMade":0,"sharesRcvd":0,"mentionsRcvd":0,"likesRcvd":0,"reachRcvd":0,"audience":126697,"voice":0,"conversation":0,"engagement":0,"group_scoped":{"audienceScore":50.91934297621966,"voiceScore":0,"engagementScore":0,"combinedScore":50.91934297621966,"engagementSEI":0,"engagementSEIadj":0,"voiceSEI":0,"voiceSEIadj":0,"audienceSEI":100,"audienceSEIadj":100,"SEI":10,"SEIadj":10,"combinedScoreRank":7,"SEIrank":7,"engagementSEIrank":185,"voiceSEIrank":184,"audienceSEIrank":6},"non_scoped":{"SEI":0.6885347286228546,"SEIrank":9,"SEIadj":0,"audienceSEI":6.885347286228545,"audienceSEIadj":0,"audienceSEIrank":8,"audienceScore":1.3211159366641814,"combinedScore":0.06605579683320907,"combinedScoreRank":9,"engagementSEI":0,"engagementSEIadj":0,"engagementSEIrank":185,"engagementScore":0,"voiceSEI":0,"voiceSEIadj":0,"voiceSEIrank":184,"voiceScore":0},"scoped":{"SEI":0.6885347286228546,"SEIrank":7,"SEIadj":0,"audienceSEI":6.885347286228545,"audienceSEIadj":0,"audienceSEIrank":7,"audienceScore":1.7873403928602312,"combinedScore":0.08936701964301157,"combinedScoreRank":7,"engagementSEI":0,"engagementSEIadj":0,"engagementSEIrank":7,"engagementScore":0,"voiceSEI":0,"voiceSEIadj":0,"voiceSEIrank":7,"voiceScore":0}},"twitter":{"entityString":"536575ffb08f37d80186dfc5","type":"twitter","profiles":1,"postsMade":0,"repliesMade":0,"repliesRcvd":0,"sharesMade":0,"sharesRcvd":0,"mentionsRcvd":0,"likesRcvd":0,"reachRcvd":0,"audience":31733,"voice":0,"conversation":0,"engagement":0,"group_scoped":{"audienceScore":17.394235723604154,"voiceScore":0,"engagementScore":0,"combinedScore":17.394235723604154,"engagementSEI":0,"engagementSEIadj":0,"voiceSEI":0,"voiceSEIadj":0,"audienceSEI":37.97448662103298,"audienceSEIadj":37.97448662103298,"SEI":3.797448662103298,"SEIadj":3.797448662103298,"combinedScoreRank":9,"SEIrank":16,"engagementSEIrank":183,"voiceSEIrank":183,"audienceSEIrank":15},"non_scoped":{"SEI":0.5727234005688792,"SEIrank":20,"SEIadj":0,"audienceSEI":5.727234005688792,"audienceSEIadj":0,"audienceSEIrank":19,"audienceScore":0.9268806186642614,"combinedScore":0.04634403093321307,"combinedScoreRank":20,"engagementSEI":0,"engagementSEIadj":0,"engagementSEIrank":183,"engagementScore":0,"voiceSEI":0,"voiceSEIadj":0,"voiceSEIrank":183,"voiceScore":0},"scoped":{"SEI":0.5727234005688792,"SEIrank":6,"SEIadj":0,"audienceSEI":5.727234005688792,"audienceSEIadj":0,"audienceSEIrank":6,"audienceScore":2.755705847310293,"combinedScore":0.13778529236551465,"combinedScoreRank":6,"engagementSEI":0,"engagementSEIadj":0,"engagementSEIrank":6,"engagementScore":0,"voiceSEI":0,"voiceSEIadj":0,"voiceSEIrank":6,"voiceScore":0}},"instagram":{"entityString":"536575ffb08f37d80186dfc5","type":"instagram","profiles":0,"postsMade":0,"repliesMade":0,"repliesRcvd":0,"sharesMade":0,"sharesRcvd":0,"mentionsRcvd":0,"likesRcvd":0,"reachRcvd":0,"audience":0,"voice":0,"conversation":0,"engagement":0,"group_scoped":{"audienceScore":null,"voiceScore":0,"engagementScore":0,"combinedScore":null,"engagementSEI":0,"engagementSEIadj":0,"voiceSEI":0,"voiceSEIadj":0,"audienceSEI":0,"audienceSEIadj":0,"SEI":0,"SEIadj":0,"combinedScoreRank":19,"SEIrank":184,"engagementSEIrank":183,"voiceSEIrank":183,"audienceSEIrank":184},"non_scoped":{"SEI":0,"SEIrank":184,"SEIadj":0,"audienceSEI":0,"audienceSEIadj":0,"audienceSEIrank":184,"audienceScore":0,"combinedScore":0,"combinedScoreRank":184,"engagementSEI":0,"engagementSEIadj":0,"engagementSEIrank":183,"engagementScore":0,"voiceSEI":0,"voiceSEIadj":0,"voiceSEIrank":183,"voiceScore":0},"scoped":{"SEI":0,"SEIrank":7,"SEIadj":0,"audienceSEI":0,"audienceSEIadj":0,"audienceSEIrank":7,"audienceScore":0,"combinedScore":0,"combinedScoreRank":7,"engagementSEI":0,"engagementSEIadj":0,"engagementSEIrank":6,"engagementScore":0,"voiceSEI":0,"voiceSEIadj":0,"voiceSEIrank":6,"voiceScore":0}}},"hour":{"boundaryQuantum":4984410,"combined":{"entityString":"536575ffb08f37d80186dfc5","type":"combined","profiles":2,"postsMade":0,"repliesMade":0,"repliesRcvd":0,"sharesMade":0,"sharesRcvd":0,"mentionsRcvd":0,"likesRcvd":3,"reachRcvd":0,"audience":158430,"voice":0,"conversation":0,"engagement":3,"group_scoped":{"audienceScore":36.7371357416644,"voiceScore":0,"engagementScore":37.5,"combinedScore":37.39101939166634,"combinedScoreRank":8,"SEIrank":8,"engagementSEIrank":8,"voiceSEIrank":185,"audienceSEIrank":6,"engagementSEI":60,"engagementSEIadj":60,"voiceSEI":0,"voiceSEIadj":0,"audienceSEI":100,"audienceSEIadj":100,"SEI":46,"SEIadj":46},"non_scoped":{"SEI":0.6571230502679924,"SEIrank":20,"SEIadj":0,"audienceSEI":6.301688723704182,"audienceSEIadj":0,"audienceSEIrank":8,"audienceScore":1.16677933332808,"combinedScore":0.07736108868979417,"combinedScoreRank":26,"engagementSEI":0.04492362982929021,"engagementSEIadj":0,"engagementSEIrank":33,"engagementScore":0.021135691137100183,"voiceSEI":0,"voiceSEIadj":0,"voiceSEIrank":185,"voiceScore":0},"scoped":{"SEI":0.6571230502679924,"SEIrank":7,"SEIadj":0,"audienceSEI":6.301688723704182,"audienceSEIadj":0,"audienceSEIrank":7,"audienceScore":1.8447224148619212,"combinedScore":0.11379128599936303,"combinedScoreRank":7,"engagementSEI":0.04492362982929021,"engagementSEIadj":0,"engagementSEIrank":7,"engagementScore":0.023950183618074404,"voiceSEI":0,"voiceSEIadj":0,"voiceSEIrank":7,"voiceScore":0}},"facebook":{"entityString":"536575ffb08f37d80186dfc5","type":"facebook","profiles":1,"postsMade":0,"repliesMade":0,"repliesRcvd":0,"sharesMade":0,"sharesRcvd":0,"mentionsRcvd":0,"likesRcvd":3,"reachRcvd":0,"audience":126697,"voice":0,"conversation":0,"engagement":3,"group_scoped":{"audienceScore":50.91934297621966,"voiceScore":0,"engagementScore":37.5,"combinedScore":39.4170489966028,"combinedScoreRank":8,"SEIrank":8,"engagementSEIrank":8,"voiceSEIrank":184,"audienceSEIrank":6,"engagementSEI":60,"engagementSEIadj":60,"voiceSEI":0,"voiceSEIadj":0,"audienceSEI":100,"audienceSEIadj":100,"SEI":46,"SEIadj":46},"non_scoped":{"SEI":0.7166114717206552,"SEIrank":12,"SEIadj":0,"audienceSEI":6.885347286228545,"audienceSEIadj":0,"audienceSEIrank":8,"audienceScore":1.3211159366641814,"combinedScore":0.08830365444692034,"combinedScoreRank":17,"engagementSEI":0.04679457182966776,"engagementSEIadj":0,"engagementSEIrank":29,"engagementScore":0.024719841793012527,"voiceSEI":0,"voiceSEIadj":0,"voiceSEIrank":184,"voiceScore":0},"scoped":{"SEI":0.7166114717206552,"SEIrank":7,"SEIadj":0,"audienceSEI":6.885347286228545,"audienceSEIadj":0,"audienceSEIrank":7,"audienceScore":1.7873403928602312,"combinedScore":0.11231254526551518,"combinedScoreRank":7,"engagementSEI":0.04679457182966776,"engagementSEIadj":0,"engagementSEIrank":7,"engagementScore":0.025495028469448455,"voiceSEI":0,"voiceSEIadj":0,"voiceSEIrank":7,"voiceScore":0}},"twitter":{"entityString":"536575ffb08f37d80186dfc5","type":"twitter","profiles":1,"postsMade":0,"repliesMade":0,"repliesRcvd":0,"sharesMade":0,"sharesRcvd":0,"mentionsRcvd":0,"likesRcvd":0,"reachRcvd":0,"audience":31733,"voice":0,"conversation":0,"engagement":0,"group_scoped":{"audienceScore":17.394235723604154,"voiceScore":0,"engagementScore":0,"combinedScore":17.394235723604154,"combinedScoreRank":15,"SEIrank":34,"engagementSEIrank":185,"voiceSEIrank":185,"audienceSEIrank":15,"engagementSEI":0,"engagementSEIadj":0,"voiceSEI":0,"voiceSEIadj":0,"audienceSEI":37.97448662103298,"audienceSEIadj":37.97448662103298,"SEI":3.797448662103298,"SEIadj":3.797448662103298},"non_scoped":{"SEI":0.5727234005688792,"SEIrank":44,"SEIadj":0,"audienceSEI":5.727234005688792,"audienceSEIadj":0,"audienceSEIrank":19,"audienceScore":0.9268806186642614,"combinedScore":0.04634403093321307,"combinedScoreRank":44,"engagementSEI":0,"engagementSEIadj":0,"engagementSEIrank":185,"engagementScore":0,"voiceSEI":0,"voiceSEIadj":0,"voiceSEIrank":185,"voiceScore":0},"scoped":{"SEI":0.5727234005688792,"SEIrank":7,"SEIadj":0,"audienceSEI":5.727234005688792,"audienceSEIadj":0,"audienceSEIrank":6,"audienceScore":2.755705847310293,"combinedScore":0.13778529236551465,"combinedScoreRank":7,"engagementSEI":0,"engagementSEIadj":0,"engagementSEIrank":7,"engagementScore":0,"voiceSEI":0,"voiceSEIadj":0,"voiceSEIrank":7,"voiceScore":0}},"instagram":{"entityString":"536575ffb08f37d80186dfc5","type":"instagram","profiles":0,"postsMade":0,"repliesMade":0,"repliesRcvd":0,"sharesMade":0,"sharesRcvd":0,"mentionsRcvd":0,"likesRcvd":0,"reachRcvd":0,"audience":0,"voice":0,"conversation":0,"engagement":0,"group_scoped":{"audienceScore":null,"voiceScore":0,"engagementScore":0,"combinedScore":null,"combinedScoreRank":19,"SEIrank":184,"engagementSEIrank":183,"voiceSEIrank":183,"audienceSEIrank":184,"engagementSEI":0,"engagementSEIadj":0,"voiceSEI":0,"voiceSEIadj":0,"audienceSEI":0,"audienceSEIadj":0,"SEI":0,"SEIadj":0},"non_scoped":{"SEI":0,"SEIrank":184,"SEIadj":0,"audienceSEI":0,"audienceSEIadj":0,"audienceSEIrank":184,"audienceScore":0,"combinedScore":0,"combinedScoreRank":184,"engagementSEI":0,"engagementSEIadj":0,"engagementSEIrank":183,"engagementScore":0,"voiceSEI":0,"voiceSEIadj":0,"voiceSEIrank":183,"voiceScore":0},"scoped":{"SEI":0,"SEIrank":7,"SEIadj":0,"audienceSEI":0,"audienceSEIadj":0,"audienceSEIrank":7,"audienceScore":0,"combinedScore":0,"combinedScoreRank":7,"engagementSEI":0,"engagementSEIadj":0,"engagementSEIrank":6,"engagementScore":0,"voiceSEI":0,"voiceSEIadj":0,"voiceSEIrank":6,"voiceScore":0}}},"today":{"boundaryQuantum":4984134,"combined":{"entityString":"536575ffb08f37d80186dfc5","type":"combined","profiles":2,"postsMade":23,"repliesMade":0,"repliesRcvd":71,"sharesMade":0,"sharesRcvd":52,"mentionsRcvd":0,"likesRcvd":534,"reachRcvd":0,"audience":158430,"voice":23,"conversation":94,"engagement":657,"group_scoped":{"audienceScore":36.7371357416644,"voiceScore":65.71428571428571,"engagementScore":44.48205822613406,"combinedScore":45.15642347631816,"combinedScoreRank":7,"SEIrank":6,"engagementSEIrank":6,"voiceSEIrank":6,"audienceSEIrank":6,"engagementSEI":100,"engagementSEIadj":100,"voiceSEI":100,"voiceSEIadj":100,"audienceSEI":100,"audienceSEIadj":100,"SEI":100,"SEIadj":100},"non_scoped":{"SEI":8.414437007547189,"SEIrank":10,"SEIadj":0,"audienceSEI":6.301688723704182,"audienceSEIadj":0,"audienceSEIrank":8,"audienceScore":1.16677933332808,"combinedScore":0.3575578895585295,"combinedScoreRank":12,"engagementSEI":0.3364175879319791,"engagementSEIadj":0,"engagementSEIrank":16,"engagementScore":0.17529723153108925,"voiceSEI":25.274725274725274,"voiceSEIadj":0,"voiceSEIrank":9,"voiceScore":2.8290282902829027},"scoped":{"SEI":8.414437007547189,"SEIrank":7,"SEIadj":0,"audienceSEI":6.301688723704182,"audienceSEIadj":0,"audienceSEIrank":7,"audienceScore":1.8447224148619212,"combinedScore":0.550966038420639,"combinedScoreRank":7,"engagementSEI":0.3364175879319791,"engagementSEIadj":0,"engagementSEIrank":7,"engagementScore":0.1949763179449437,"voiceSEI":25.274725274725274,"voiceSEIadj":0,"voiceSEIrank":7,"voiceScore":5.665024630541872}},"facebook":{"entityString":"536575ffb08f37d80186dfc5","type":"facebook","profiles":1,"postsMade":14,"repliesMade":0,"repliesRcvd":71,"sharesMade":0,"sharesRcvd":46,"mentionsRcvd":0,"likesRcvd":512,"reachRcvd":0,"audience":126697,"voice":14,"conversation":85,"engagement":629,"group_scoped":{"audienceScore":50.91934297621966,"voiceScore":73.68421052631578,"engagementScore":45.05730659025788,"combinedScore":46.78175360635887,"combinedScoreRank":7,"SEIrank":6,"engagementSEIrank":6,"voiceSEIrank":6,"audienceSEIrank":6,"engagementSEI":100,"engagementSEIadj":100,"voiceSEI":100,"voiceSEIadj":100,"audienceSEI":100,"audienceSEIadj":100,"SEI":100,"SEIadj":100},"non_scoped":{"SEI":11.658711124331164,"SEIrank":7,"SEIadj":0,"audienceSEI":6.885347286228545,"audienceSEIadj":0,"audienceSEIrank":8,"audienceScore":1.3211159366641814,"combinedScore":0.4735097097364565,"combinedScoreRank":8,"engagementSEI":0.33490937746256894,"engagementSEIadj":0,"engagementSEIrank":13,"engagementScore":0.18817630534223256,"voiceSEI":35.8974358974359,"voiceSEIadj":0,"voiceSEIrank":7,"voiceScore":4.761904761904762},"scoped":{"SEI":11.658711124331164,"SEIrank":7,"SEIadj":0,"audienceSEI":6.885347286228545,"audienceSEIadj":0,"audienceSEIrank":7,"audienceScore":1.7873403928602312,"combinedScore":0.6240218865190833,"combinedScoreRank":7,"engagementSEI":0.33490937746256894,"engagementSEIadj":0,"engagementSEIrank":7,"engagementScore":0.19723556637023845,"voiceSEI":35.8974358974359,"voiceSEIadj":0,"voiceSEIrank":7,"voiceScore":7.142857142857142}},"twitter":{"entityString":"536575ffb08f37d80186dfc5","type":"twitter","profiles":1,"postsMade":9,"repliesMade":0,"repliesRcvd":0,"sharesMade":0,"sharesRcvd":6,"mentionsRcvd":0,"likesRcvd":22,"reachRcvd":0,"audience":31733,"voice":9,"conversation":9,"engagement":28,"group_scoped":{"audienceScore":17.394235723604154,"voiceScore":56.25,"engagementScore":34.5679012345679,"combinedScore":34.79332289729132,"combinedScoreRank":6,"SEIrank":7,"engagementSEIrank":8,"voiceSEIrank":6,"audienceSEIrank":15,"engagementSEI":82.35294117647058,"engagementSEIadj":82.35294117647058,"voiceSEI":100,"voiceSEIadj":100,"audienceSEI":37.97448662103298,"audienceSEIadj":37.97448662103298,"SEI":83.20921336798565,"SEIadj":83.20921336798565},"non_scoped":{"SEI":7.256992000821086,"SEIrank":17,"SEIadj":0,"audienceSEI":5.727234005688792,"audienceSEIadj":0,"audienceSEIrank":19,"audienceScore":0.9268806186642614,"combinedScore":0.5352044297936118,"combinedScoreRank":35,"engagementSEI":1.7654476670870116,"engagementSEIadj":0,"engagementSEIrank":40,"engagementScore":0.4431782209559987,"voiceSEI":18.75,"voiceSEIadj":0,"voiceSEIrank":16,"voiceScore":1.7999999999999998},"scoped":{"SEI":7.256992000821086,"SEIrank":7,"SEIadj":0,"audienceSEI":5.727234005688792,"audienceSEIadj":0,"audienceSEIrank":6,"audienceScore":2.755705847310293,"combinedScore":1.327190863762751,"combinedScoreRank":7,"engagementSEI":1.7654476670870116,"engagementSEIadj":0,"engagementSEIrank":7,"engagementScore":1.0638297872340425,"voiceSEI":18.75,"voiceSEIadj":0,"voiceSEIrank":7,"voiceScore":4.639175257731959}},"instagram":{"entityString":"536575ffb08f37d80186dfc5","type":"instagram","profiles":0,"postsMade":0,"repliesMade":0,"repliesRcvd":0,"sharesMade":0,"sharesRcvd":0,"mentionsRcvd":0,"likesRcvd":0,"reachRcvd":0,"audience":0,"voice":0,"conversation":0,"engagement":0,"group_scoped":{"audienceScore":null,"voiceScore":0,"engagementScore":0,"combinedScore":null,"combinedScoreRank":19,"SEIrank":184,"engagementSEIrank":184,"voiceSEIrank":184,"audienceSEIrank":184,"engagementSEI":0,"engagementSEIadj":0,"voiceSEI":0,"voiceSEIadj":0,"audienceSEI":0,"audienceSEIadj":0,"SEI":0,"SEIadj":0},"non_scoped":{"SEI":0,"SEIrank":184,"SEIadj":0,"audienceSEI":0,"audienceSEIadj":0,"audienceSEIrank":184,"audienceScore":0,"combinedScore":0,"combinedScoreRank":184,"engagementSEI":0,"engagementSEIadj":0,"engagementSEIrank":184,"engagementScore":0,"voiceSEI":0,"voiceSEIadj":0,"voiceSEIrank":184,"voiceScore":0},"scoped":{"SEI":0,"SEIrank":7,"SEIadj":0,"audienceSEI":0,"audienceSEIadj":0,"audienceSEIrank":7,"audienceScore":0,"combinedScore":0,"combinedScoreRank":7,"engagementSEI":0,"engagementSEIadj":0,"engagementSEIrank":7,"engagementScore":0,"voiceSEI":0,"voiceSEIadj":0,"voiceSEIrank":7,"voiceScore":0}}},"week":{"boundaryQuantum":4982406,"combined":{"entityString":"536575ffb08f37d80186dfc5","type":"combined","profiles":2,"postsMade":457,"repliesMade":0,"repliesRcvd":3009,"sharesMade":0,"sharesRcvd":6495,"mentionsRcvd":0,"likesRcvd":11337,"reachRcvd":0,"audience":158430,"voice":457,"conversation":3466,"engagement":20841,"group_scoped":{"audienceScore":36.7371357416644,"voiceScore":73.94822006472492,"engagementScore":70.23793475330278,"combinedScore":68.74840906829196,"combinedScoreRank":7,"SEIrank":6,"engagementSEIrank":6,"voiceSEIrank":6,"audienceSEIrank":6,"engagementSEI":100,"engagementSEIadj":100,"voiceSEI":100,"voiceSEIadj":100,"audienceSEI":100,"audienceSEIadj":100,"SEI":100,"SEIadj":100},"non_scoped":{"SEI":17.85155766196213,"SEIrank":7,"SEIadj":0,"audienceSEI":6.301688723704182,"audienceSEIadj":0,"audienceSEIrank":8,"audienceScore":1.16677933332808,"combinedScore":1.0894996083356254,"combinedScoreRank":8,"engagementSEI":2.1325472074590546,"engagementSEIadj":0,"engagementSEIrank":8,"engagementScore":0.8691967530969905,"voiceSEI":53.13953488372093,"voiceSEIadj":0,"voiceSEIrank":7,"voiceScore":4.977671277638601},"scoped":{"SEI":17.85155766196213,"SEIrank":7,"SEIadj":0,"audienceSEI":6.301688723704182,"audienceSEIadj":0,"audienceSEIrank":7,"audienceScore":1.8447224148619212,"combinedScore":1.4728791070897884,"combinedScoreRank":7,"engagementSEI":2.1325472074590546,"engagementSEIadj":0,"engagementSEIrank":7,"engagementScore":0.9546573269869685,"voiceSEI":53.13953488372093,"voiceSEIadj":0,"voiceSEIrank":7,"voiceScore":10.429027841168416}},"facebook":{"entityString":"536575ffb08f37d80186dfc5","type":"facebook","profiles":1,"postsMade":228,"repliesMade":0,"repliesRcvd":3009,"sharesMade":0,"sharesRcvd":6241,"mentionsRcvd":0,"likesRcvd":11004,"reachRcvd":0,"audience":126697,"voice":228,"conversation":3237,"engagement":20254,"group_scoped":{"audienceScore":50.91934297621966,"voiceScore":83.82352941176471,"engagementScore":70.6896551724138,"combinedScore":70.35783327457163,"combinedScoreRank":7,"SEIrank":6,"engagementSEIrank":6,"voiceSEIrank":6,"audienceSEIrank":6,"engagementSEI":100,"engagementSEIadj":100,"voiceSEI":100,"voiceSEIadj":100,"audienceSEI":100,"audienceSEIadj":100,"SEI":100,"SEIadj":100},"non_scoped":{"SEI":19.4010424783904,"SEIrank":7,"SEIadj":0,"audienceSEI":6.885347286228545,"audienceSEIadj":0,"audienceSEIrank":8,"audienceScore":1.3211159366641814,"combinedScore":1.2559393618062664,"combinedScoreRank":7,"engagementSEI":2.1798793284929836,"engagementSEIadj":0,"engagementSEIrank":7,"engagementScore":0.9307840249262989,"voiceSEI":58.01526717557252,"voiceSEIadj":0,"voiceSEIrank":6,"voiceScore":7.0435588507877664},"scoped":{"SEI":19.4010424783904,"SEIrank":7,"SEIadj":0,"audienceSEI":6.885347286228545,"audienceSEIadj":0,"audienceSEIrank":7,"audienceScore":1.7873403928602312,"combinedScore":1.5870875481122826,"combinedScoreRank":7,"engagementSEI":2.1798793284929836,"engagementSEIadj":0,"engagementSEIrank":7,"engagementScore":0.9957082389031183,"voiceSEI":58.01526717557252,"voiceSEIadj":0,"voiceSEIrank":6,"voiceScore":12.031662269129288}},"twitter":{"entityString":"536575ffb08f37d80186dfc5","type":"twitter","profiles":1,"postsMade":229,"repliesMade":0,"repliesRcvd":0,"sharesMade":0,"sharesRcvd":254,"mentionsRcvd":0,"likesRcvd":333,"reachRcvd":0,"audience":31733,"voice":229,"conversation":229,"engagement":587,"group_scoped":{"audienceScore":17.394235723604154,"voiceScore":66.1849710982659,"engagementScore":57.549019607843135,"combinedScore":55.973077988152326,"combinedScoreRank":1,"SEIrank":7,"engagementSEIrank":6,"voiceSEIrank":6,"audienceSEIrank":15,"engagementSEI":100,"engagementSEIadj":100,"voiceSEI":100,"voiceSEIadj":100,"audienceSEI":37.97448662103298,"audienceSEIadj":37.97448662103298,"SEI":93.7974486621033,"SEIadj":93.7974486621033},"non_scoped":{"SEI":17.05358410461409,"SEIrank":7,"SEIadj":0,"audienceSEI":5.727234005688792,"audienceSEIadj":0,"audienceSEIrank":19,"audienceScore":0.9268806186642614,"combinedScore":1.1074008062696916,"combinedScoreRank":15,"engagementSEI":3.762097032621932,"engagementSEIadj":0,"engagementSEIrank":19,"engagementScore":0.9571172346323169,"voiceSEI":47.4120082815735,"voiceSEIadj":0,"voiceSEIrank":6,"voiceScore":3.993025283347864},"scoped":{"SEI":17.05358410461409,"SEIrank":6,"SEIadj":0,"audienceSEI":5.727234005688792,"audienceSEIadj":0,"audienceSEIrank":6,"audienceScore":2.755705847310293,"combinedScore":2.369824120489472,"combinedScoreRank":6,"engagementSEI":3.762097032621932,"engagementSEIadj":0,"engagementSEIrank":6,"engagementScore":1.9365906766520404,"voiceSEI":47.4120082815735,"voiceSEIadj":0,"voiceSEIrank":6,"voiceScore":9.782144382742418}},"instagram":{"entityString":"536575ffb08f37d80186dfc5","type":"instagram","profiles":0,"postsMade":0,"repliesMade":0,"repliesRcvd":0,"sharesMade":0,"sharesRcvd":0,"mentionsRcvd":0,"likesRcvd":0,"reachRcvd":0,"audience":0,"voice":0,"conversation":0,"engagement":0,"group_scoped":{"audienceScore":null,"voiceScore":0,"engagementScore":0,"combinedScore":null,"combinedScoreRank":19,"SEIrank":184,"engagementSEIrank":184,"voiceSEIrank":184,"audienceSEIrank":184,"engagementSEI":0,"engagementSEIadj":0,"voiceSEI":0,"voiceSEIadj":0,"audienceSEI":0,"audienceSEIadj":0,"SEI":0,"SEIadj":0},"non_scoped":{"SEI":0,"SEIrank":184,"SEIadj":0,"audienceSEI":0,"audienceSEIadj":0,"audienceSEIrank":184,"audienceScore":0,"combinedScore":0,"combinedScoreRank":184,"engagementSEI":0,"engagementSEIadj":0,"engagementSEIrank":184,"engagementScore":0,"voiceSEI":0,"voiceSEIadj":0,"voiceSEIrank":184,"voiceScore":0},"scoped":{"SEI":0,"SEIrank":7,"SEIadj":0,"audienceSEI":0,"audienceSEIadj":0,"audienceSEIrank":7,"audienceScore":0,"combinedScore":0,"combinedScoreRank":7,"engagementSEI":0,"engagementSEIadj":0,"engagementSEIrank":7,"engagementScore":0,"voiceSEI":0,"voiceSEIadj":0,"voiceSEIrank":7,"voiceScore":0}}},"month":{"boundaryQuantum":4975782,"combined":{"entityString":"536575ffb08f37d80186dfc5","type":"combined","profiles":2,"postsMade":1810,"repliesMade":0,"repliesRcvd":6044,"sharesMade":0,"sharesRcvd":9067,"mentionsRcvd":0,"likesRcvd":26736,"reachRcvd":0,"audience":158430,"voice":1810,"conversation":7854,"engagement":41847,"group_scoped":{"audienceScore":36.7371357416644,"voiceScore":71.03610675039246,"engagementScore":53.51278772378517,"combinedScore":53.550171076009505,"combinedScoreRank":7,"SEIrank":6,"engagementSEIrank":6,"voiceSEIrank":6,"audienceSEIrank":6,"engagementSEI":100,"engagementSEIadj":100,"voiceSEI":100,"voiceSEIadj":100,"audienceSEI":100,"audienceSEIadj":100,"SEI":100,"SEIadj":100},"non_scoped":{"SEI":16.3271749971076,"SEIrank":7,"SEIadj":0,"audienceSEI":6.301688723704182,"audienceSEIadj":0,"audienceSEIrank":8,"audienceScore":1.16677933332808,"combinedScore":0.7073045984857887,"combinedScoreRank":9,"engagementSEI":1.154768888930588,"engagementSEIadj":0,"engagementSEIrank":10,"engagementScore":0.4548063929169885,"voiceSEI":50.01381597126277,"voiceSEIadj":0,"voiceSEIrank":7,"voiceScore":4.792797563881901},"scoped":{"SEI":16.3271749971076,"SEIrank":7,"SEIadj":0,"audienceSEI":6.301688723704182,"audienceSEIadj":0,"audienceSEIrank":7,"audienceScore":1.8447224148619212,"combinedScore":1.048023312356667,"combinedScoreRank":7,"engagementSEI":1.154768888930588,"engagementSEIadj":0,"engagementSEIrank":7,"engagementScore":0.5091181878813642,"voiceSEI":50.01381597126277,"voiceSEIadj":0,"voiceSEIrank":7,"voiceScore":9.951616450406862}},"facebook":{"entityString":"536575ffb08f37d80186dfc5","type":"facebook","profiles":1,"postsMade":978,"repliesMade":0,"repliesRcvd":6044,"sharesMade":0,"sharesRcvd":8221,"mentionsRcvd":0,"likesRcvd":25384,"reachRcvd":0,"audience":126697,"voice":978,"conversation":7022,"engagement":39649,"group_scoped":{"audienceScore":50.91934297621966,"voiceScore":85.19163763066202,"engagementScore":53.685650066347115,"combinedScore":55.122634090056486,"combinedScoreRank":7,"SEIrank":6,"engagementSEIrank":6,"voiceSEIrank":6,"audienceSEIrank":6,"engagementSEI":100,"engagementSEIadj":100,"voiceSEI":100,"voiceSEIadj":100,"audienceSEI":100,"audienceSEIadj":100,"SEI":100,"SEIadj":100},"non_scoped":{"SEI":20.08286188719476,"SEIrank":7,"SEIadj":0,"audienceSEI":6.885347286228545,"audienceSEIadj":0,"audienceSEIrank":8,"audienceScore":1.3211159366641814,"combinedScore":0.8564288357219907,"combinedScoreRank":8,"engagementSEI":1.1575306052680212,"engagementSEIadj":0,"engagementSEIrank":9,"engagementScore":0.47941550702219354,"voiceSEI":62.33269598470363,"voiceSEIadj":0,"voiceSEIrank":6,"voiceScore":7.177981651376148},"scoped":{"SEI":20.08286188719476,"SEIrank":7,"SEIadj":0,"audienceSEI":6.885347286228545,"audienceSEIadj":0,"audienceSEIrank":7,"audienceScore":1.7873403928602312,"combinedScore":1.168029078020745,"combinedScoreRank":7,"engagementSEI":1.1575306052680212,"engagementSEIadj":0,"engagementSEIrank":7,"engagementScore":0.5239003694746937,"voiceSEI":62.33269598470363,"voiceSEIadj":0,"voiceSEIrank":6,"voiceScore":12.143034517010182}},"twitter":{"entityString":"536575ffb08f37d80186dfc5","type":"twitter","profiles":1,"postsMade":832,"repliesMade":0,"repliesRcvd":0,"sharesMade":0,"sharesRcvd":846,"mentionsRcvd":0,"likesRcvd":1352,"reachRcvd":0,"audience":31733,"voice":832,"conversation":832,"engagement":2198,"group_scoped":{"audienceScore":17.394235723604154,"voiceScore":59.42857142857143,"engagementScore":50.57524160147262,"combinedScore":49.35885779893414,"combinedScoreRank":3,"SEIrank":7,"engagementSEIrank":6,"voiceSEIrank":6,"audienceSEIrank":15,"engagementSEI":100,"engagementSEIadj":100,"voiceSEI":100,"voiceSEIadj":100,"audienceSEI":37.97448662103298,"audienceSEIadj":37.97448662103298,"SEI":93.7974486621033,"SEIadj":93.7974486621033},"non_scoped":{"SEI":15.39111622646619,"SEIrank":8,"SEIadj":0,"audienceSEI":5.727234005688792,"audienceSEIadj":0,"audienceSEIrank":19,"audienceScore":0.9268806186642614,"combinedScore":1.0447722088052545,"combinedScoreRank":16,"engagementSEI":3.8137872399493347,"engagementSEIadj":0,"engagementSEIrank":17,"engagementScore":0.91105409539126,"voiceSEI":41.76706827309237,"voiceSEIadj":0,"voiceSEIrank":6,"voiceScore":3.5695898403981463},"scoped":{"SEI":15.39111622646619,"SEIrank":7,"SEIadj":0,"audienceSEI":5.727234005688792,"audienceSEIadj":0,"audienceSEIrank":6,"audienceScore":2.755705847310293,"combinedScore":2.3067979968276573,"combinedScoreRank":6,"engagementSEI":3.8137872399493347,"engagementSEIadj":0,"engagementSEIrank":6,"engagementScore":1.9251486778835627,"voiceSEI":41.76706827309237,"voiceSEIadj":0,"voiceSEIrank":6,"voiceScore":8.727577887338718}},"instagram":{"entityString":"536575ffb08f37d80186dfc5","type":"instagram","profiles":0,"postsMade":0,"repliesMade":0,"repliesRcvd":0,"sharesMade":0,"sharesRcvd":0,"mentionsRcvd":0,"likesRcvd":0,"reachRcvd":0,"audience":0,"voice":0,"conversation":0,"engagement":0,"group_scoped":{"audienceScore":null,"voiceScore":0,"engagementScore":0,"combinedScore":null,"combinedScoreRank":19,"SEIrank":184,"engagementSEIrank":184,"voiceSEIrank":184,"audienceSEIrank":184,"engagementSEI":0,"engagementSEIadj":0,"voiceSEI":0,"voiceSEIadj":0,"audienceSEI":0,"audienceSEIadj":0,"SEI":0,"SEIadj":0},"non_scoped":{"SEI":0,"SEIrank":184,"SEIadj":0,"audienceSEI":0,"audienceSEIadj":0,"audienceSEIrank":184,"audienceScore":0,"combinedScore":0,"combinedScoreRank":184,"engagementSEI":0,"engagementSEIadj":0,"engagementSEIrank":184,"engagementScore":0,"voiceSEI":0,"voiceSEIadj":0,"voiceSEIrank":184,"voiceScore":0},"scoped":{"SEI":0,"SEIrank":7,"SEIadj":0,"audienceSEI":0,"audienceSEIadj":0,"audienceSEIrank":7,"audienceScore":0,"combinedScore":0,"combinedScoreRank":7,"engagementSEI":0,"engagementSEIadj":0,"engagementSEIrank":7,"engagementScore":0,"voiceSEI":0,"voiceSEIadj":0,"voiceSEIrank":7,"voiceScore":0}}},"quarter":{"boundaryQuantum":4958502,"combined":{"entityString":"536575ffb08f37d80186dfc5","type":"combined","profiles":2,"postsMade":4710,"repliesMade":0,"repliesRcvd":18098,"sharesMade":0,"sharesRcvd":27385,"mentionsRcvd":0,"likesRcvd":86834,"reachRcvd":0,"audience":158430,"voice":4710,"conversation":22808,"engagement":132317,"group_scoped":{"audienceScore":36.7371357416644,"voiceScore":67.25688990432673,"engagementScore":55.57389580498294,"combinedScore":55.2162075067842,"combinedScoreRank":7,"SEIrank":6,"engagementSEIrank":6,"voiceSEIrank":6,"audienceSEIrank":6,"engagementSEI":100,"engagementSEIadj":100,"voiceSEI":100,"voiceSEIadj":100,"audienceSEI":100,"audienceSEIadj":100,"SEI":100,"SEIadj":100},"non_scoped":{"SEI":14.518444855447404,"SEIrank":7,"SEIadj":0,"audienceSEI":6.301688723704182,"audienceSEIadj":0,"audienceSEIrank":8,"audienceScore":1.16677933332808,"combinedScore":0.6701361960580884,"combinedScoreRank":8,"engagementSEI":1.1542241356600014,"engagementSEIadj":0,"engagementSEIrank":10,"engagementScore":0.4470165898536555,"voiceSEI":43.98580500560328,"voiceSEIadj":0,"voiceSEIrank":7,"voiceScore":4.189645970467888},"scoped":{"SEI":14.518444855447404,"SEIrank":7,"SEIadj":0,"audienceSEI":6.301688723704182,"audienceSEIadj":0,"audienceSEIrank":7,"audienceScore":1.8447224148619212,"combinedScore":0.9775175246363016,"combinedScoreRank":7,"engagementSEI":1.1542241356600014,"engagementSEIadj":0,"engagementSEIrank":7,"engagementScore":0.49966962977122714,"voiceSEI":43.98580500560328,"voiceSEIadj":0,"voiceSEIrank":7,"voiceScore":8.711574741982021}},"facebook":{"entityString":"536575ffb08f37d80186dfc5","type":"facebook","profiles":1,"postsMade":2676,"repliesMade":0,"repliesRcvd":18098,"sharesMade":0,"sharesRcvd":25206,"mentionsRcvd":0,"likesRcvd":83155,"reachRcvd":0,"audience":126697,"voice":2676,"conversation":20774,"engagement":126459,"group_scoped":{"audienceScore":50.91934297621966,"voiceScore":86.12809784357901,"engagementScore":56.45692703310833,"combinedScore":57.663606370787434,"combinedScoreRank":7,"SEIrank":6,"engagementSEIrank":6,"voiceSEIrank":6,"audienceSEIrank":6,"engagementSEI":100,"engagementSEIadj":100,"voiceSEI":100,"voiceSEIadj":100,"audienceSEI":100,"audienceSEIadj":100,"SEI":100,"SEIadj":100},"non_scoped":{"SEI":18.22867830612371,"SEIrank":7,"SEIadj":0,"audienceSEI":6.885347286228545,"audienceSEIadj":0,"audienceSEIrank":8,"audienceScore":1.3211159366641814,"combinedScore":0.8234193348873835,"combinedScoreRank":7,"engagementSEI":1.142033683125682,"engagementSEIadj":0,"engagementSEIrank":7,"engagementScore":0.47526881970982365,"voiceSEI":56.18307789208482,"voiceSEIadj":0,"voiceSEIrank":7,"voiceScore":6.5924320063066615},"scoped":{"SEI":18.22867830612371,"SEIrank":7,"SEIadj":0,"audienceSEI":6.885347286228545,"audienceSEIadj":0,"audienceSEIrank":7,"audienceScore":1.7873403928602312,"combinedScore":1.1144916602514885,"combinedScoreRank":7,"engagementSEI":1.142033683125682,"engagementSEIadj":0,"engagementSEIrank":7,"engagementScore":0.5150591644579485,"voiceSEI":56.18307789208482,"voiceSEIadj":0,"voiceSEIrank":7,"voiceScore":11.231427851926465}},"twitter":{"entityString":"536575ffb08f37d80186dfc5","type":"twitter","profiles":1,"postsMade":2034,"repliesMade":0,"repliesRcvd":0,"sharesMade":0,"sharesRcvd":2179,"mentionsRcvd":0,"likesRcvd":3679,"reachRcvd":0,"audience":31733,"voice":2034,"conversation":2034,"engagement":5858,"group_scoped":{"audienceScore":17.394235723604154,"voiceScore":52.20739219712526,"engagementScore":41.54609929078014,"combinedScore":40.871570757738596,"combinedScoreRank":5,"SEIrank":7,"engagementSEIrank":6,"voiceSEIrank":6,"audienceSEIrank":15,"engagementSEI":100,"engagementSEIadj":100,"voiceSEI":100,"voiceSEIadj":100,"audienceSEI":37.97448662103298,"audienceSEIadj":37.97448662103298,"SEI":93.7974486621033,"SEIadj":93.7974486621033},"non_scoped":{"SEI":12.395974582181932,"SEIrank":8,"SEIadj":0,"audienceSEI":5.727234005688792,"audienceSEIadj":0,"audienceSEIrank":19,"audienceScore":0.9268806186642614,"combinedScore":0.8268030546602494,"combinedScoreRank":24,"engagementSEI":2.7779885428127016,"engagementSEIadj":0,"engagementSEIrank":24,"engagementScore":0.7048320338819906,"voiceSEI":33.85486018641811,"voiceSEIadj":0,"voiceSEIrank":7,"voiceScore":2.922203864664895},"scoped":{"SEI":12.395974582181932,"SEIrank":7,"SEIadj":0,"audienceSEI":5.727234005688792,"audienceSEIadj":0,"audienceSEIrank":6,"audienceScore":2.755705847310293,"combinedScore":1.7925913441217454,"combinedScoreRank":6,"engagementSEI":2.7779885428127016,"engagementSEIadj":0,"engagementSEIrank":6,"engagementScore":1.444340615854215,"voiceSEI":33.85486018641811,"voiceSEIadj":0,"voiceSEIrank":7,"voiceScore":7.097989949748744}},"instagram":{"entityString":"536575ffb08f37d80186dfc5","type":"instagram","profiles":0,"postsMade":0,"repliesMade":0,"repliesRcvd":0,"sharesMade":0,"sharesRcvd":0,"mentionsRcvd":0,"likesRcvd":0,"reachRcvd":0,"audience":0,"voice":0,"conversation":0,"engagement":0,"group_scoped":{"audienceScore":null,"voiceScore":0,"engagementScore":0,"combinedScore":null,"combinedScoreRank":19,"SEIrank":184,"engagementSEIrank":184,"voiceSEIrank":184,"audienceSEIrank":184,"engagementSEI":0,"engagementSEIadj":0,"voiceSEI":0,"voiceSEIadj":0,"audienceSEI":0,"audienceSEIadj":0,"SEI":0,"SEIadj":0},"non_scoped":{"SEI":0,"SEIrank":184,"SEIadj":0,"audienceSEI":0,"audienceSEIadj":0,"audienceSEIrank":184,"audienceScore":0,"combinedScore":0,"combinedScoreRank":184,"engagementSEI":0,"engagementSEIadj":0,"engagementSEIrank":184,"engagementScore":0,"voiceSEI":0,"voiceSEIadj":0,"voiceSEIrank":184,"voiceScore":0},"scoped":{"SEI":0,"SEIrank":7,"SEIadj":0,"audienceSEI":0,"audienceSEIadj":0,"audienceSEIrank":7,"audienceScore":0,"combinedScore":0,"combinedScoreRank":7,"engagementSEI":0,"engagementSEIadj":0,"engagementSEIrank":7,"engagementScore":0,"voiceSEI":0,"voiceSEIadj":0,"voiceSEIrank":7,"voiceScore":0}}},"blended":{"combined":{"non_scoped":{"SEI":15.484487826255842,"SEIadj":74.64534634787675,"SEIrank":7,"audienceSEI":6.301688723704182,"audienceSEIadj":71.89050661711126,"audienceSEIrank":8,"engagementSEI":1.4069124428039042,"engagementSEIadj":70.42207373284117,"engagementSEIrank":8,"voiceSEI":46.7005716273436,"voiceSEIadj":84.01017148820308,"voiceSEIrank":7},"scoped":{"SEI":17.76821074795444,"SEIadj":34.214568598363556,"SEIrank":7,"compCharisma":0,"compInfluence":6,"compEva":11.76821074795444,"audienceSEI":6.301688723704182,"audienceSEIadj":25.041350978963344,"audienceSEIrank":7,"engagementSEI":1.4069124428039042,"engagementSEIadj":21.125529954243124,"engagementSEIrank":7,"voiceSEI":46.7005716273436,"voiceSEIadj":57.36045730187488,"voiceSEIrank":7}},"facebook":{"non_scoped":{"SEI":18.53001673587475,"SEIadj":75.55900502076243,"SEIrank":7,"audienceSEI":6.885347286228546,"audienceSEIadj":72.06560418586857,"audienceSEIrank":8,"engagementSEI":1.415355699774068,"engagementSEIadj":70.42460670993222,"engagementSEIrank":7,"voiceSEI":56.64089529129151,"voiceSEIadj":86.99226858738746,"voiceSEIrank":7},"scoped":{"SEI":18.53001673587475,"SEIadj":34.8240133886998,"SEIrank":7,"audienceSEI":6.885347286228546,"audienceSEIadj":25.508277828982838,"audienceSEIrank":7,"engagementSEI":1.415355699774068,"engagementSEIadj":21.132284559819254,"engagementSEIrank":7,"voiceSEI":56.64089529129151,"voiceSEIadj":65.3127162330332,"voiceSEIrank":7}},"twitter":{"non_scoped":{"SEI":13.985579556486174,"SEIadj":74.19567386694585,"SEIrank":8,"audienceSEI":5.727234005688792,"audienceSEIadj":71.71817020170664,"audienceSEIrank":19,"engagementSEI":3.177963850539681,"engagementSEIadj":61.271185540215875,"engagementSEIrank":23,"voiceSEI":38.353592818644955,"voiceSEIadj":81.50607784559348,"voiceSEIrank":7},"scoped":{"SEI":13.985579556486174,"SEIadj":31.18846364518894,"SEIrank":7,"audienceSEI":5.727234005688792,"audienceSEIadj":43.436340403413276,"audienceSEIrank":6,"engagementSEI":3.177963850539681,"engagementSEIadj":41.90677831032381,"engagementSEIrank":6,"voiceSEI":38.353592818644955,"voiceSEIadj":50.682874254915966,"voiceSEIrank":7}},"instagram":{"non_scoped":{"SEI":0,"SEIadj":0,"SEIrank":184,"audienceSEI":0,"audienceSEIadj":0,"audienceSEIrank":184,"engagementSEI":0,"engagementSEIadj":0,"engagementSEIrank":184,"voiceSEI":0,"voiceSEIadj":0,"voiceSEIrank":184},"scoped":{"SEI":0,"SEIadj":0,"SEIrank":7,"audienceSEI":0,"audienceSEIadj":0,"audienceSEIrank":7,"engagementSEI":0,"engagementSEIadj":0,"engagementSEIrank":7,"voiceSEI":0,"voiceSEIadj":0,"voiceSEIrank":7}},"influence":{"instagram":{"scope":"brand","ratio":0,"calculated":false},"combined":{"ratio":1,"bottom":true,"scope":"brand","calculated":true},"facebook":{"ratio":0.14,"bottom":false,"scope":"brand","calculated":true},"twitter":{"ratio":1.13,"bottom":false,"scope":"brand","calculated":true}},"charisma":{"instagram":{"scope":"brand","ratio":0,"calculated":false},"combined":{"ratio":0.26,"bottom":false,"scope":"brand","calculated":true},"facebook":{"ratio":0.59,"bottom":false,"scope":"brand","calculated":true},"twitter":{"ratio":0.28,"bottom":false,"scope":"brand","calculated":true}}},"scope":"brand"}}