{"scoreEntityString":"591d1494ab33fb0001804f89.asset.536575ffb08f37d80186dea7","timeQuantum":4984422,"scoreEntityType":"asset","scoreProfileID":"591d1494ab33fb0001804f89","data":{"scoreEntityString":"591d1494ab33fb0001804f89.asset.536575ffb08f37d80186dea7","scoreProfileID":"591d1494ab33fb0001804f89","scoreEntityType":"asset","entityID":"asset.536575ffb08f37d80186dea7","object_version":"1.2","score_engine_version":"3.0.19","timestamp":4984422,"start_quantum":4958502,"end_quantum":4984421,"schedule_options":{"interval":15,"offset":"1"},"_15min":{"boundaryQuantum":4984419,"combined":{"entityString":"536575ffb08f37d80186dea7","type":"combined","profiles":2,"postsMade":0,"repliesMade":0,"repliesRcvd":0,"sharesMade":0,"sharesRcvd":0,"mentionsRcvd":0,"likesRcvd":0,"reachRcvd":0,"audience":3028,"voice":0,"conversation":0,"engagement":0,"group_scoped":{"audienceScore":0.2163750462691025,"voiceScore":0,"engagementScore":0,"combinedScore":0.2163750462691025,"engagementSEI":0,"engagementSEIadj":0,"voiceSEI":0,"voiceSEIadj":0,"audienceSEI":0.3129780460577996,"audienceSEIadj":0.3129780460577996,"SEI":0.03129780460577996,"SEIadj":0.03129780460577996,"combinedScoreRank":185,"SEIrank":190,"engagementSEIrank":206,"voiceSEIrank":205,"audienceSEIrank":190},"non_scoped":{"SEI":0.012044128924683623,"SEIrank":199,"SEIadj":0,"audienceSEI":0.12044128924683623,"audienceSEIadj":0,"audienceSEIrank":199,"audienceScore":0.022300118798948595,"combinedScore":0.0011150059399474299,"combinedScoreRank":199,"engagementSEI":0,"engagementSEIadj":0,"engagementSEIrank":206,"engagementScore":0,"voiceSEI":0,"voiceSEIadj":0,"voiceSEIrank":205,"voiceScore":0},"scoped":{"SEI":0.15810937116540394,"SEIrank":181,"SEIadj":0,"audienceSEI":1.5810937116540393,"audienceSEIadj":0,"audienceSEIrank":181,"audienceScore":0.06443437450458626,"combinedScore":0.009204910643512323,"combinedScoreRank":181,"engagementSEI":0,"engagementSEIadj":0,"engagementSEIrank":185,"engagementScore":0,"voiceSEI":0,"voiceSEIadj":0,"voiceSEIrank":184,"voiceScore":0}},"facebook":{"entityString":"536575ffb08f37d80186dea7","type":"facebook","profiles":1,"postsMade":0,"repliesMade":0,"repliesRcvd":0,"sharesMade":0,"sharesRcvd":0,"mentionsRcvd":0,"likesRcvd":0,"reachRcvd":0,"audience":1776,"voice":0,"conversation":0,"engagement":0,"group_scoped":{"audienceScore":0.1679018228125257,"voiceScore":0,"engagementScore":0,"combinedScore":0.1679018228125257,"engagementSEI":0,"engagementSEIadj":0,"voiceSEI":0,"voiceSEIadj":0,"audienceSEI":0.2115179629486271,"audienceSEIadj":0.2115179629486271,"SEI":0.02115179629486271,"SEIadj":0.02115179629486271,"combinedScoreRank":138,"SEIrank":139,"engagementSEIrank":206,"voiceSEIrank":205,"audienceSEIrank":139},"non_scoped":{"SEI":0.009651670347634037,"SEIrank":150,"SEIadj":0,"audienceSEI":0.09651670347634037,"audienceSEIadj":0,"audienceSEIrank":150,"audienceScore":0.018519001266924916,"combinedScore":0.0009259500633462458,"combinedScoreRank":150,"engagementSEI":0,"engagementSEIadj":0,"engagementSEIrank":206,"engagementScore":0,"voiceSEI":0,"voiceSEIadj":0,"voiceSEIrank":205,"voiceScore":0},"scoped":{"SEI":0.12471822529336173,"SEIrank":135,"SEIadj":0,"audienceSEI":1.2471822529336172,"audienceSEIadj":0,"audienceSEIrank":135,"audienceScore":0.07634319533240455,"combinedScore":0.010906170761772077,"combinedScoreRank":135,"engagementSEI":0,"engagementSEIadj":0,"engagementSEIrank":185,"engagementScore":0,"voiceSEI":0,"voiceSEIadj":0,"voiceSEIrank":184,"voiceScore":0}},"twitter":{"entityString":"536575ffb08f37d80186dea7","type":"twitter","profiles":1,"postsMade":0,"repliesMade":0,"repliesRcvd":0,"sharesMade":0,"sharesRcvd":0,"mentionsRcvd":0,"likesRcvd":0,"reachRcvd":0,"audience":1252,"voice":0,"conversation":0,"engagement":0,"group_scoped":{"audienceScore":0.36822013211220717,"voiceScore":0,"engagementScore":0,"combinedScore":0.36822013211220717,"engagementSEI":0,"engagementSEIadj":0,"voiceSEI":0,"voiceSEIadj":0,"audienceSEI":0.9921704124005452,"audienceSEIadj":0.9921704124005452,"SEI":0.09921704124005452,"SEIadj":0.09921704124005452,"combinedScoreRank":208,"SEIrank":207,"engagementSEIrank":204,"voiceSEIrank":204,"audienceSEIrank":207},"non_scoped":{"SEI":0.02259634126972668,"SEIrank":208,"SEIadj":0,"audienceSEI":0.2259634126972668,"audienceSEIadj":0,"audienceSEIrank":208,"audienceScore":0.036569329548660864,"combinedScore":0.0018284664774330433,"combinedScoreRank":208,"engagementSEI":0,"engagementSEIadj":0,"engagementSEIrank":204,"engagementScore":0,"voiceSEI":0,"voiceSEIadj":0,"voiceSEIrank":204,"voiceScore":0},"scoped":{"SEI":0.10740972692878528,"SEIrank":188,"SEIadj":0,"audienceSEI":1.0740972692878528,"audienceSEIadj":0,"audienceSEIrank":188,"audienceScore":0.058055206235092055,"combinedScore":0.008293600890727436,"combinedScoreRank":188,"engagementSEI":0,"engagementSEIadj":0,"engagementSEIrank":184,"engagementScore":0,"voiceSEI":0,"voiceSEIadj":0,"voiceSEIrank":184,"voiceScore":0}},"instagram":{"entityString":"536575ffb08f37d80186dea7","type":"instagram","profiles":0,"postsMade":0,"repliesMade":0,"repliesRcvd":0,"sharesMade":0,"sharesRcvd":0,"mentionsRcvd":0,"likesRcvd":0,"reachRcvd":0,"audience":0,"voice":0,"conversation":0,"engagement":0,"group_scoped":{"audienceScore":0,"voiceScore":0,"engagementScore":0,"combinedScore":0,"engagementSEI":0,"engagementSEIadj":0,"voiceSEI":0,"voiceSEIadj":0,"audienceSEI":0,"audienceSEIadj":0,"SEI":0,"SEIadj":0,"combinedScoreRank":205,"SEIrank":205,"engagementSEIrank":204,"voiceSEIrank":204,"audienceSEIrank":205},"non_scoped":{"SEI":0,"SEIrank":205,"SEIadj":0,"audienceSEI":0,"audienceSEIadj":0,"audienceSEIrank":205,"audienceScore":0,"combinedScore":0,"combinedScoreRank":205,"engagementSEI":0,"engagementSEIadj":0,"engagementSEIrank":204,"engagementScore":0,"voiceSEI":0,"voiceSEIadj":0,"voiceSEIrank":204,"voiceScore":0},"scoped":{"SEI":0,"SEIrank":184,"SEIadj":0,"audienceSEI":0,"audienceSEIadj":0,"audienceSEIrank":184,"audienceScore":0,"combinedScore":0,"combinedScoreRank":184,"engagementSEI":0,"engagementSEIadj":0,"engagementSEIrank":184,"engagementScore":0,"voiceSEI":0,"voiceSEIadj":0,"voiceSEIrank":184,"voiceScore":0}}},"hour":{"boundaryQuantum":4984410,"combined":{"entityString":"536575ffb08f37d80186dea7","type":"combined","profiles":2,"postsMade":0,"repliesMade":0,"repliesRcvd":0,"sharesMade":0,"sharesRcvd":0,"mentionsRcvd":0,"likesRcvd":0,"reachRcvd":0,"audience":3028,"voice":0,"conversation":0,"engagement":0,"group_scoped":{"audienceScore":0.2163750462691025,"voiceScore":0,"engagementScore":0,"combinedScore":0.2163750462691025,"combinedScoreRank":178,"SEIrank":193,"engagementSEIrank":208,"voiceSEIrank":205,"audienceSEIrank":190,"engagementSEI":0,"engagementSEIadj":0,"voiceSEI":0,"voiceSEIadj":0,"audienceSEI":0.3129780460577996,"audienceSEIadj":0.3129780460577996,"SEI":0.03129780460577996,"SEIadj":0.03129780460577996},"non_scoped":{"SEI":0.012044128924683623,"SEIrank":200,"SEIadj":0,"audienceSEI":0.12044128924683623,"audienceSEIadj":0,"audienceSEIrank":199,"audienceScore":0.022300118798948595,"combinedScore":0.0011150059399474299,"combinedScoreRank":200,"engagementSEI":0,"engagementSEIadj":0,"engagementSEIrank":208,"engagementScore":0,"voiceSEI":0,"voiceSEIadj":0,"voiceSEIrank":205,"voiceScore":0},"scoped":{"SEI":0.15810937116540394,"SEIrank":181,"SEIadj":0,"audienceSEI":1.5810937116540393,"audienceSEIadj":0,"audienceSEIrank":181,"audienceScore":0.06443437450458626,"combinedScore":0.0032217187252293134,"combinedScoreRank":182,"engagementSEI":0,"engagementSEIadj":0,"engagementSEIrank":187,"engagementScore":0,"voiceSEI":0,"voiceSEIadj":0,"voiceSEIrank":184,"voiceScore":0}},"facebook":{"entityString":"536575ffb08f37d80186dea7","type":"facebook","profiles":1,"postsMade":0,"repliesMade":0,"repliesRcvd":0,"sharesMade":0,"sharesRcvd":0,"mentionsRcvd":0,"likesRcvd":0,"reachRcvd":0,"audience":1776,"voice":0,"conversation":0,"engagement":0,"group_scoped":{"audienceScore":0.1679018228125257,"voiceScore":0,"engagementScore":0,"combinedScore":0.1679018228125257,"combinedScoreRank":134,"SEIrank":141,"engagementSEIrank":207,"voiceSEIrank":205,"audienceSEIrank":139,"engagementSEI":0,"engagementSEIadj":0,"voiceSEI":0,"voiceSEIadj":0,"audienceSEI":0.2115179629486271,"audienceSEIadj":0.2115179629486271,"SEI":0.02115179629486271,"SEIadj":0.02115179629486271},"non_scoped":{"SEI":0.009651670347634037,"SEIrank":151,"SEIadj":0,"audienceSEI":0.09651670347634037,"audienceSEIadj":0,"audienceSEIrank":150,"audienceScore":0.018519001266924916,"combinedScore":0.0009259500633462458,"combinedScoreRank":151,"engagementSEI":0,"engagementSEIadj":0,"engagementSEIrank":207,"engagementScore":0,"voiceSEI":0,"voiceSEIadj":0,"voiceSEIrank":205,"voiceScore":0},"scoped":{"SEI":0.12471822529336173,"SEIrank":136,"SEIadj":0,"audienceSEI":1.2471822529336172,"audienceSEIadj":0,"audienceSEIrank":135,"audienceScore":0.07634319533240455,"combinedScore":0.003817159766620228,"combinedScoreRank":136,"engagementSEI":0,"engagementSEIadj":0,"engagementSEIrank":186,"engagementScore":0,"voiceSEI":0,"voiceSEIadj":0,"voiceSEIrank":184,"voiceScore":0}},"twitter":{"entityString":"536575ffb08f37d80186dea7","type":"twitter","profiles":1,"postsMade":0,"repliesMade":0,"repliesRcvd":0,"sharesMade":0,"sharesRcvd":0,"mentionsRcvd":0,"likesRcvd":0,"reachRcvd":0,"audience":1252,"voice":0,"conversation":0,"engagement":0,"group_scoped":{"audienceScore":0.36822013211220717,"voiceScore":0,"engagementScore":0,"combinedScore":0.36822013211220717,"combinedScoreRank":208,"SEIrank":207,"engagementSEIrank":206,"voiceSEIrank":205,"audienceSEIrank":207,"engagementSEI":0,"engagementSEIadj":0,"voiceSEI":0,"voiceSEIadj":0,"audienceSEI":0.9921704124005452,"audienceSEIadj":0.9921704124005452,"SEI":0.09921704124005452,"SEIadj":0.09921704124005452},"non_scoped":{"SEI":0.02259634126972668,"SEIrank":208,"SEIadj":0,"audienceSEI":0.2259634126972668,"audienceSEIadj":0,"audienceSEIrank":208,"audienceScore":0.036569329548660864,"combinedScore":0.0018284664774330433,"combinedScoreRank":208,"engagementSEI":0,"engagementSEIadj":0,"engagementSEIrank":206,"engagementScore":0,"voiceSEI":0,"voiceSEIadj":0,"voiceSEIrank":205,"voiceScore":0},"scoped":{"SEI":0.10740972692878528,"SEIrank":188,"SEIadj":0,"audienceSEI":1.0740972692878528,"audienceSEIadj":0,"audienceSEIrank":188,"audienceScore":0.058055206235092055,"combinedScore":0.002902760311754603,"combinedScoreRank":188,"engagementSEI":0,"engagementSEIadj":0,"engagementSEIrank":185,"engagementScore":0,"voiceSEI":0,"voiceSEIadj":0,"voiceSEIrank":184,"voiceScore":0}},"instagram":{"entityString":"536575ffb08f37d80186dea7","type":"instagram","profiles":0,"postsMade":0,"repliesMade":0,"repliesRcvd":0,"sharesMade":0,"sharesRcvd":0,"mentionsRcvd":0,"likesRcvd":0,"reachRcvd":0,"audience":0,"voice":0,"conversation":0,"engagement":0,"group_scoped":{"audienceScore":0,"voiceScore":0,"engagementScore":0,"combinedScore":0,"combinedScoreRank":205,"SEIrank":205,"engagementSEIrank":204,"voiceSEIrank":204,"audienceSEIrank":205,"engagementSEI":0,"engagementSEIadj":0,"voiceSEI":0,"voiceSEIadj":0,"audienceSEI":0,"audienceSEIadj":0,"SEI":0,"SEIadj":0},"non_scoped":{"SEI":0,"SEIrank":205,"SEIadj":0,"audienceSEI":0,"audienceSEIadj":0,"audienceSEIrank":205,"audienceScore":0,"combinedScore":0,"combinedScoreRank":205,"engagementSEI":0,"engagementSEIadj":0,"engagementSEIrank":204,"engagementScore":0,"voiceSEI":0,"voiceSEIadj":0,"voiceSEIrank":204,"voiceScore":0},"scoped":{"SEI":0,"SEIrank":184,"SEIadj":0,"audienceSEI":0,"audienceSEIadj":0,"audienceSEIrank":184,"audienceScore":0,"combinedScore":0,"combinedScoreRank":184,"engagementSEI":0,"engagementSEIadj":0,"engagementSEIrank":184,"engagementScore":0,"voiceSEI":0,"voiceSEIadj":0,"voiceSEIrank":184,"voiceScore":0}}},"today":{"boundaryQuantum":4984134,"combined":{"entityString":"536575ffb08f37d80186dea7","type":"combined","profiles":2,"postsMade":0,"repliesMade":0,"repliesRcvd":0,"sharesMade":0,"sharesRcvd":0,"mentionsRcvd":0,"likesRcvd":0,"reachRcvd":0,"audience":3028,"voice":0,"conversation":0,"engagement":0,"group_scoped":{"audienceScore":0.2163750462691025,"voiceScore":0,"engagementScore":0,"combinedScore":0.2163750462691025,"combinedScoreRank":133,"SEIrank":204,"engagementSEIrank":220,"voiceSEIrank":213,"audienceSEIrank":190,"engagementSEI":0,"engagementSEIadj":0,"voiceSEI":0,"voiceSEIadj":0,"audienceSEI":0.3129780460577996,"audienceSEIadj":0.3129780460577996,"SEI":0.03129780460577996,"SEIadj":0.03129780460577996},"non_scoped":{"SEI":0.012044128924683623,"SEIrank":205,"SEIadj":0,"audienceSEI":0.12044128924683623,"audienceSEIadj":0,"audienceSEIrank":199,"audienceScore":0.022300118798948595,"combinedScore":0.0011150059399474299,"combinedScoreRank":208,"engagementSEI":0,"engagementSEIadj":0,"engagementSEIrank":220,"engagementScore":0,"voiceSEI":0,"voiceSEIadj":0,"voiceSEIrank":213,"voiceScore":0},"scoped":{"SEI":0.15810937116540394,"SEIrank":186,"SEIadj":0,"audienceSEI":1.5810937116540393,"audienceSEIadj":0,"audienceSEIrank":181,"audienceScore":0.06443437450458626,"combinedScore":0.0032217187252293134,"combinedScoreRank":191,"engagementSEI":0,"engagementSEIadj":0,"engagementSEIrank":198,"engagementScore":0,"voiceSEI":0,"voiceSEIadj":0,"voiceSEIrank":191,"voiceScore":0}},"facebook":{"entityString":"536575ffb08f37d80186dea7","type":"facebook","profiles":1,"postsMade":0,"repliesMade":0,"repliesRcvd":0,"sharesMade":0,"sharesRcvd":0,"mentionsRcvd":0,"likesRcvd":0,"reachRcvd":0,"audience":1776,"voice":0,"conversation":0,"engagement":0,"group_scoped":{"audienceScore":0.1679018228125257,"voiceScore":0,"engagementScore":0,"combinedScore":0.1679018228125257,"combinedScoreRank":113,"SEIrank":143,"engagementSEIrank":211,"voiceSEIrank":207,"audienceSEIrank":139,"engagementSEI":0,"engagementSEIadj":0,"voiceSEI":0,"voiceSEIadj":0,"audienceSEI":0.2115179629486271,"audienceSEIadj":0.2115179629486271,"SEI":0.02115179629486271,"SEIadj":0.02115179629486271},"non_scoped":{"SEI":0.009651670347634037,"SEIrank":152,"SEIadj":0,"audienceSEI":0.09651670347634037,"audienceSEIadj":0,"audienceSEIrank":150,"audienceScore":0.018519001266924916,"combinedScore":0.0009259500633462458,"combinedScoreRank":154,"engagementSEI":0,"engagementSEIadj":0,"engagementSEIrank":211,"engagementScore":0,"voiceSEI":0,"voiceSEIadj":0,"voiceSEIrank":207,"voiceScore":0},"scoped":{"SEI":0.12471822529336173,"SEIrank":138,"SEIadj":0,"audienceSEI":1.2471822529336172,"audienceSEIadj":0,"audienceSEIrank":135,"audienceScore":0.07634319533240455,"combinedScore":0.003817159766620228,"combinedScoreRank":140,"engagementSEI":0,"engagementSEIadj":0,"engagementSEIrank":189,"engagementScore":0,"voiceSEI":0,"voiceSEIadj":0,"voiceSEIrank":186,"voiceScore":0}},"twitter":{"entityString":"536575ffb08f37d80186dea7","type":"twitter","profiles":1,"postsMade":0,"repliesMade":0,"repliesRcvd":0,"sharesMade":0,"sharesRcvd":0,"mentionsRcvd":0,"likesRcvd":0,"reachRcvd":0,"audience":1252,"voice":0,"conversation":0,"engagement":0,"group_scoped":{"audienceScore":0.36822013211220717,"voiceScore":0,"engagementScore":0,"combinedScore":0.36822013211220717,"combinedScoreRank":196,"SEIrank":214,"engagementSEIrank":219,"voiceSEIrank":212,"audienceSEIrank":207,"engagementSEI":0,"engagementSEIadj":0,"voiceSEI":0,"voiceSEIadj":0,"audienceSEI":0.9921704124005452,"audienceSEIadj":0.9921704124005452,"SEI":0.09921704124005452,"SEIadj":0.09921704124005452},"non_scoped":{"SEI":0.02259634126972668,"SEIrank":216,"SEIadj":0,"audienceSEI":0.2259634126972668,"audienceSEIadj":0,"audienceSEIrank":208,"audienceScore":0.036569329548660864,"combinedScore":0.0018284664774330433,"combinedScoreRank":216,"engagementSEI":0,"engagementSEIadj":0,"engagementSEIrank":219,"engagementScore":0,"voiceSEI":0,"voiceSEIadj":0,"voiceSEIrank":212,"voiceScore":0},"scoped":{"SEI":0.10740972692878528,"SEIrank":196,"SEIadj":0,"audienceSEI":1.0740972692878528,"audienceSEIadj":0,"audienceSEIrank":188,"audienceScore":0.058055206235092055,"combinedScore":0.002902760311754603,"combinedScoreRank":196,"engagementSEI":0,"engagementSEIadj":0,"engagementSEIrank":197,"engagementScore":0,"voiceSEI":0,"voiceSEIadj":0,"voiceSEIrank":190,"voiceScore":0}},"instagram":{"entityString":"536575ffb08f37d80186dea7","type":"instagram","profiles":0,"postsMade":0,"repliesMade":0,"repliesRcvd":0,"sharesMade":0,"sharesRcvd":0,"mentionsRcvd":0,"likesRcvd":0,"reachRcvd":0,"audience":0,"voice":0,"conversation":0,"engagement":0,"group_scoped":{"audienceScore":0,"voiceScore":0,"engagementScore":0,"combinedScore":0,"combinedScoreRank":205,"SEIrank":205,"engagementSEIrank":205,"voiceSEIrank":205,"audienceSEIrank":205,"engagementSEI":0,"engagementSEIadj":0,"voiceSEI":0,"voiceSEIadj":0,"audienceSEI":0,"audienceSEIadj":0,"SEI":0,"SEIadj":0},"non_scoped":{"SEI":0,"SEIrank":205,"SEIadj":0,"audienceSEI":0,"audienceSEIadj":0,"audienceSEIrank":205,"audienceScore":0,"combinedScore":0,"combinedScoreRank":205,"engagementSEI":0,"engagementSEIadj":0,"engagementSEIrank":205,"engagementScore":0,"voiceSEI":0,"voiceSEIadj":0,"voiceSEIrank":205,"voiceScore":0},"scoped":{"SEI":0,"SEIrank":184,"SEIadj":0,"audienceSEI":0,"audienceSEIadj":0,"audienceSEIrank":184,"audienceScore":0,"combinedScore":0,"combinedScoreRank":184,"engagementSEI":0,"engagementSEIadj":0,"engagementSEIrank":184,"engagementScore":0,"voiceSEI":0,"voiceSEIadj":0,"voiceSEIrank":184,"voiceScore":0}}},"week":{"boundaryQuantum":4982406,"combined":{"entityString":"536575ffb08f37d80186dea7","type":"combined","profiles":2,"postsMade":0,"repliesMade":0,"repliesRcvd":0,"sharesMade":0,"sharesRcvd":0,"mentionsRcvd":0,"likesRcvd":0,"reachRcvd":0,"audience":3028,"voice":0,"conversation":0,"engagement":0,"group_scoped":{"audienceScore":0.2163750462691025,"voiceScore":0,"engagementScore":0,"combinedScore":0.2163750462691025,"combinedScoreRank":105,"SEIrank":217,"engagementSEIrank":225,"voiceSEIrank":225,"audienceSEIrank":190,"engagementSEI":0,"engagementSEIadj":0,"voiceSEI":0,"voiceSEIadj":0,"audienceSEI":0.3129780460577996,"audienceSEIadj":0.3129780460577996,"SEI":0.03129780460577996,"SEIadj":0.03129780460577996},"non_scoped":{"SEI":0.012044128924683623,"SEIrank":213,"SEIadj":0,"audienceSEI":0.12044128924683623,"audienceSEIadj":0,"audienceSEIrank":199,"audienceScore":0.022300118798948595,"combinedScore":0.0011150059399474299,"combinedScoreRank":212,"engagementSEI":0,"engagementSEIadj":0,"engagementSEIrank":225,"engagementScore":0,"voiceSEI":0,"voiceSEIadj":0,"voiceSEIrank":225,"voiceScore":0},"scoped":{"SEI":0.15810937116540394,"SEIrank":193,"SEIadj":0,"audienceSEI":1.5810937116540393,"audienceSEIadj":0,"audienceSEIrank":181,"audienceScore":0.06443437450458626,"combinedScore":0.0032217187252293134,"combinedScoreRank":193,"engagementSEI":0,"engagementSEIadj":0,"engagementSEIrank":203,"engagementScore":0,"voiceSEI":0,"voiceSEIadj":0,"voiceSEIrank":203,"voiceScore":0}},"facebook":{"entityString":"536575ffb08f37d80186dea7","type":"facebook","profiles":1,"postsMade":0,"repliesMade":0,"repliesRcvd":0,"sharesMade":0,"sharesRcvd":0,"mentionsRcvd":0,"likesRcvd":0,"reachRcvd":0,"audience":1776,"voice":0,"conversation":0,"engagement":0,"group_scoped":{"audienceScore":0.1679018228125257,"voiceScore":0,"engagementScore":0,"combinedScore":0.1679018228125257,"combinedScoreRank":97,"SEIrank":154,"engagementSEIrank":211,"voiceSEIrank":211,"audienceSEIrank":139,"engagementSEI":0,"engagementSEIadj":0,"voiceSEI":0,"voiceSEIadj":0,"audienceSEI":0.2115179629486271,"audienceSEIadj":0.2115179629486271,"SEI":0.02115179629486271,"SEIadj":0.02115179629486271},"non_scoped":{"SEI":0.009651670347634037,"SEIrank":158,"SEIadj":0,"audienceSEI":0.09651670347634037,"audienceSEIadj":0,"audienceSEIrank":150,"audienceScore":0.018519001266924916,"combinedScore":0.0009259500633462458,"combinedScoreRank":158,"engagementSEI":0,"engagementSEIadj":0,"engagementSEIrank":211,"engagementScore":0,"voiceSEI":0,"voiceSEIadj":0,"voiceSEIrank":211,"voiceScore":0},"scoped":{"SEI":0.12471822529336173,"SEIrank":143,"SEIadj":0,"audienceSEI":1.2471822529336172,"audienceSEIadj":0,"audienceSEIrank":135,"audienceScore":0.07634319533240455,"combinedScore":0.003817159766620228,"combinedScoreRank":144,"engagementSEI":0,"engagementSEIadj":0,"engagementSEIrank":189,"engagementScore":0,"voiceSEI":0,"voiceSEIadj":0,"voiceSEIrank":189,"voiceScore":0}},"twitter":{"entityString":"536575ffb08f37d80186dea7","type":"twitter","profiles":1,"postsMade":0,"repliesMade":0,"repliesRcvd":0,"sharesMade":0,"sharesRcvd":0,"mentionsRcvd":0,"likesRcvd":0,"reachRcvd":0,"audience":1252,"voice":0,"conversation":0,"engagement":0,"group_scoped":{"audienceScore":0.36822013211220717,"voiceScore":0,"engagementScore":0,"combinedScore":0.36822013211220717,"combinedScoreRank":170,"SEIrank":218,"engagementSEIrank":225,"voiceSEIrank":225,"audienceSEIrank":207,"engagementSEI":0,"engagementSEIadj":0,"voiceSEI":0,"voiceSEIadj":0,"audienceSEI":0.9921704124005452,"audienceSEIadj":0.9921704124005452,"SEI":0.09921704124005452,"SEIadj":0.09921704124005452},"non_scoped":{"SEI":0.02259634126972668,"SEIrank":218,"SEIadj":0,"audienceSEI":0.2259634126972668,"audienceSEIadj":0,"audienceSEIrank":208,"audienceScore":0.036569329548660864,"combinedScore":0.0018284664774330433,"combinedScoreRank":218,"engagementSEI":0,"engagementSEIadj":0,"engagementSEIrank":225,"engagementScore":0,"voiceSEI":0,"voiceSEIadj":0,"voiceSEIrank":225,"voiceScore":0},"scoped":{"SEI":0.10740972692878528,"SEIrank":197,"SEIadj":0,"audienceSEI":1.0740972692878528,"audienceSEIadj":0,"audienceSEIrank":188,"audienceScore":0.058055206235092055,"combinedScore":0.002902760311754603,"combinedScoreRank":197,"engagementSEI":0,"engagementSEIadj":0,"engagementSEIrank":203,"engagementScore":0,"voiceSEI":0,"voiceSEIadj":0,"voiceSEIrank":203,"voiceScore":0}},"instagram":{"entityString":"536575ffb08f37d80186dea7","type":"instagram","profiles":0,"postsMade":0,"repliesMade":0,"repliesRcvd":0,"sharesMade":0,"sharesRcvd":0,"mentionsRcvd":0,"likesRcvd":0,"reachRcvd":0,"audience":0,"voice":0,"conversation":0,"engagement":0,"group_scoped":{"audienceScore":0,"voiceScore":0,"engagementScore":0,"combinedScore":0,"combinedScoreRank":205,"SEIrank":205,"engagementSEIrank":205,"voiceSEIrank":205,"audienceSEIrank":205,"engagementSEI":0,"engagementSEIadj":0,"voiceSEI":0,"voiceSEIadj":0,"audienceSEI":0,"audienceSEIadj":0,"SEI":0,"SEIadj":0},"non_scoped":{"SEI":0,"SEIrank":205,"SEIadj":0,"audienceSEI":0,"audienceSEIadj":0,"audienceSEIrank":205,"audienceScore":0,"combinedScore":0,"combinedScoreRank":205,"engagementSEI":0,"engagementSEIadj":0,"engagementSEIrank":205,"engagementScore":0,"voiceSEI":0,"voiceSEIadj":0,"voiceSEIrank":205,"voiceScore":0},"scoped":{"SEI":0,"SEIrank":184,"SEIadj":0,"audienceSEI":0,"audienceSEIadj":0,"audienceSEIrank":184,"audienceScore":0,"combinedScore":0,"combinedScoreRank":184,"engagementSEI":0,"engagementSEIadj":0,"engagementSEIrank":184,"engagementScore":0,"voiceSEI":0,"voiceSEIadj":0,"voiceSEIrank":184,"voiceScore":0}}},"month":{"boundaryQuantum":4975782,"combined":{"entityString":"536575ffb08f37d80186dea7","type":"combined","profiles":2,"postsMade":0,"repliesMade":0,"repliesRcvd":0,"sharesMade":0,"sharesRcvd":0,"mentionsRcvd":0,"likesRcvd":0,"reachRcvd":0,"audience":3028,"voice":0,"conversation":0,"engagement":0,"group_scoped":{"audienceScore":0.2163750462691025,"voiceScore":0,"engagementScore":0,"combinedScore":0.2163750462691025,"combinedScoreRank":109,"SEIrank":217,"engagementSEIrank":226,"voiceSEIrank":227,"audienceSEIrank":190,"engagementSEI":0,"engagementSEIadj":0,"voiceSEI":0,"voiceSEIadj":0,"audienceSEI":0.3129780460577996,"audienceSEIadj":0.3129780460577996,"SEI":0.03129780460577996,"SEIadj":0.03129780460577996},"non_scoped":{"SEI":0.012044128924683623,"SEIrank":217,"SEIadj":0,"audienceSEI":0.12044128924683623,"audienceSEIadj":0,"audienceSEIrank":199,"audienceScore":0.022300118798948595,"combinedScore":0.0011150059399474299,"combinedScoreRank":215,"engagementSEI":0,"engagementSEIadj":0,"engagementSEIrank":226,"engagementScore":0,"voiceSEI":0,"voiceSEIadj":0,"voiceSEIrank":227,"voiceScore":0},"scoped":{"SEI":0.15810937116540394,"SEIrank":195,"SEIadj":0,"audienceSEI":1.5810937116540393,"audienceSEIadj":0,"audienceSEIrank":181,"audienceScore":0.06443437450458626,"combinedScore":0.0032217187252293134,"combinedScoreRank":195,"engagementSEI":0,"engagementSEIadj":0,"engagementSEIrank":204,"engagementScore":0,"voiceSEI":0,"voiceSEIadj":0,"voiceSEIrank":205,"voiceScore":0}},"facebook":{"entityString":"536575ffb08f37d80186dea7","type":"facebook","profiles":1,"postsMade":0,"repliesMade":0,"repliesRcvd":0,"sharesMade":0,"sharesRcvd":0,"mentionsRcvd":0,"likesRcvd":0,"reachRcvd":0,"audience":1776,"voice":0,"conversation":0,"engagement":0,"group_scoped":{"audienceScore":0.1679018228125257,"voiceScore":0,"engagementScore":0,"combinedScore":0.1679018228125257,"combinedScoreRank":94,"SEIrank":157,"engagementSEIrank":211,"voiceSEIrank":211,"audienceSEIrank":139,"engagementSEI":0,"engagementSEIadj":0,"voiceSEI":0,"voiceSEIadj":0,"audienceSEI":0.2115179629486271,"audienceSEIadj":0.2115179629486271,"SEI":0.02115179629486271,"SEIadj":0.02115179629486271},"non_scoped":{"SEI":0.009651670347634037,"SEIrank":160,"SEIadj":0,"audienceSEI":0.09651670347634037,"audienceSEIadj":0,"audienceSEIrank":150,"audienceScore":0.018519001266924916,"combinedScore":0.0009259500633462458,"combinedScoreRank":160,"engagementSEI":0,"engagementSEIadj":0,"engagementSEIrank":211,"engagementScore":0,"voiceSEI":0,"voiceSEIadj":0,"voiceSEIrank":211,"voiceScore":0},"scoped":{"SEI":0.12471822529336173,"SEIrank":145,"SEIadj":0,"audienceSEI":1.2471822529336172,"audienceSEIadj":0,"audienceSEIrank":135,"audienceScore":0.07634319533240455,"combinedScore":0.003817159766620228,"combinedScoreRank":145,"engagementSEI":0,"engagementSEIadj":0,"engagementSEIrank":189,"engagementScore":0,"voiceSEI":0,"voiceSEIadj":0,"voiceSEIrank":189,"voiceScore":0}},"twitter":{"entityString":"536575ffb08f37d80186dea7","type":"twitter","profiles":1,"postsMade":0,"repliesMade":0,"repliesRcvd":0,"sharesMade":0,"sharesRcvd":0,"mentionsRcvd":0,"likesRcvd":0,"reachRcvd":0,"audience":1252,"voice":0,"conversation":0,"engagement":0,"group_scoped":{"audienceScore":0.36822013211220717,"voiceScore":0,"engagementScore":0,"combinedScore":0.36822013211220717,"combinedScoreRank":162,"SEIrank":218,"engagementSEIrank":226,"voiceSEIrank":227,"audienceSEIrank":207,"engagementSEI":0,"engagementSEIadj":0,"voiceSEI":0,"voiceSEIadj":0,"audienceSEI":0.9921704124005452,"audienceSEIadj":0.9921704124005452,"SEI":0.09921704124005452,"SEIadj":0.09921704124005452},"non_scoped":{"SEI":0.02259634126972668,"SEIrank":219,"SEIadj":0,"audienceSEI":0.2259634126972668,"audienceSEIadj":0,"audienceSEIrank":208,"audienceScore":0.036569329548660864,"combinedScore":0.0018284664774330433,"combinedScoreRank":219,"engagementSEI":0,"engagementSEIadj":0,"engagementSEIrank":226,"engagementScore":0,"voiceSEI":0,"voiceSEIadj":0,"voiceSEIrank":227,"voiceScore":0},"scoped":{"SEI":0.10740972692878528,"SEIrank":198,"SEIadj":0,"audienceSEI":1.0740972692878528,"audienceSEIadj":0,"audienceSEIrank":188,"audienceScore":0.058055206235092055,"combinedScore":0.002902760311754603,"combinedScoreRank":198,"engagementSEI":0,"engagementSEIadj":0,"engagementSEIrank":204,"engagementScore":0,"voiceSEI":0,"voiceSEIadj":0,"voiceSEIrank":205,"voiceScore":0}},"instagram":{"entityString":"536575ffb08f37d80186dea7","type":"instagram","profiles":0,"postsMade":0,"repliesMade":0,"repliesRcvd":0,"sharesMade":0,"sharesRcvd":0,"mentionsRcvd":0,"likesRcvd":0,"reachRcvd":0,"audience":0,"voice":0,"conversation":0,"engagement":0,"group_scoped":{"audienceScore":0,"voiceScore":0,"engagementScore":0,"combinedScore":0,"combinedScoreRank":205,"SEIrank":205,"engagementSEIrank":205,"voiceSEIrank":205,"audienceSEIrank":205,"engagementSEI":0,"engagementSEIadj":0,"voiceSEI":0,"voiceSEIadj":0,"audienceSEI":0,"audienceSEIadj":0,"SEI":0,"SEIadj":0},"non_scoped":{"SEI":0,"SEIrank":205,"SEIadj":0,"audienceSEI":0,"audienceSEIadj":0,"audienceSEIrank":205,"audienceScore":0,"combinedScore":0,"combinedScoreRank":205,"engagementSEI":0,"engagementSEIadj":0,"engagementSEIrank":205,"engagementScore":0,"voiceSEI":0,"voiceSEIadj":0,"voiceSEIrank":205,"voiceScore":0},"scoped":{"SEI":0,"SEIrank":184,"SEIadj":0,"audienceSEI":0,"audienceSEIadj":0,"audienceSEIrank":184,"audienceScore":0,"combinedScore":0,"combinedScoreRank":184,"engagementSEI":0,"engagementSEIadj":0,"engagementSEIrank":184,"engagementScore":0,"voiceSEI":0,"voiceSEIadj":0,"voiceSEIrank":184,"voiceScore":0}}},"quarter":{"boundaryQuantum":4958502,"combined":{"entityString":"536575ffb08f37d80186dea7","type":"combined","profiles":2,"postsMade":0,"repliesMade":0,"repliesRcvd":0,"sharesMade":0,"sharesRcvd":0,"mentionsRcvd":0,"likesRcvd":0,"reachRcvd":0,"audience":3028,"voice":0,"conversation":0,"engagement":0,"group_scoped":{"audienceScore":0.2163750462691025,"voiceScore":0,"engagementScore":0,"combinedScore":0.2163750462691025,"combinedScoreRank":106,"SEIrank":217,"engagementSEIrank":226,"voiceSEIrank":227,"audienceSEIrank":190,"engagementSEI":0,"engagementSEIadj":0,"voiceSEI":0,"voiceSEIadj":0,"audienceSEI":0.3129780460577996,"audienceSEIadj":0.3129780460577996,"SEI":0.03129780460577996,"SEIadj":0.03129780460577996},"non_scoped":{"SEI":0.012044128924683623,"SEIrank":217,"SEIadj":0,"audienceSEI":0.12044128924683623,"audienceSEIadj":0,"audienceSEIrank":199,"audienceScore":0.022300118798948595,"combinedScore":0.0011150059399474299,"combinedScoreRank":214,"engagementSEI":0,"engagementSEIadj":0,"engagementSEIrank":226,"engagementScore":0,"voiceSEI":0,"voiceSEIadj":0,"voiceSEIrank":227,"voiceScore":0},"scoped":{"SEI":0.15810937116540394,"SEIrank":196,"SEIadj":0,"audienceSEI":1.5810937116540393,"audienceSEIadj":0,"audienceSEIrank":181,"audienceScore":0.06443437450458626,"combinedScore":0.0032217187252293134,"combinedScoreRank":195,"engagementSEI":0,"engagementSEIadj":0,"engagementSEIrank":204,"engagementScore":0,"voiceSEI":0,"voiceSEIadj":0,"voiceSEIrank":205,"voiceScore":0}},"facebook":{"entityString":"536575ffb08f37d80186dea7","type":"facebook","profiles":1,"postsMade":0,"repliesMade":0,"repliesRcvd":0,"sharesMade":0,"sharesRcvd":0,"mentionsRcvd":0,"likesRcvd":0,"reachRcvd":0,"audience":1776,"voice":0,"conversation":0,"engagement":0,"group_scoped":{"audienceScore":0.1679018228125257,"voiceScore":0,"engagementScore":0,"combinedScore":0.1679018228125257,"combinedScoreRank":92,"SEIrank":158,"engagementSEIrank":211,"voiceSEIrank":211,"audienceSEIrank":139,"engagementSEI":0,"engagementSEIadj":0,"voiceSEI":0,"voiceSEIadj":0,"audienceSEI":0.2115179629486271,"audienceSEIadj":0.2115179629486271,"SEI":0.02115179629486271,"SEIadj":0.02115179629486271},"non_scoped":{"SEI":0.009651670347634037,"SEIrank":161,"SEIadj":0,"audienceSEI":0.09651670347634037,"audienceSEIadj":0,"audienceSEIrank":150,"audienceScore":0.018519001266924916,"combinedScore":0.0009259500633462458,"combinedScoreRank":160,"engagementSEI":0,"engagementSEIadj":0,"engagementSEIrank":211,"engagementScore":0,"voiceSEI":0,"voiceSEIadj":0,"voiceSEIrank":211,"voiceScore":0},"scoped":{"SEI":0.12471822529336173,"SEIrank":146,"SEIadj":0,"audienceSEI":1.2471822529336172,"audienceSEIadj":0,"audienceSEIrank":135,"audienceScore":0.07634319533240455,"combinedScore":0.003817159766620228,"combinedScoreRank":145,"engagementSEI":0,"engagementSEIadj":0,"engagementSEIrank":189,"engagementScore":0,"voiceSEI":0,"voiceSEIadj":0,"voiceSEIrank":189,"voiceScore":0}},"twitter":{"entityString":"536575ffb08f37d80186dea7","type":"twitter","profiles":1,"postsMade":0,"repliesMade":0,"repliesRcvd":0,"sharesMade":0,"sharesRcvd":0,"mentionsRcvd":0,"likesRcvd":0,"reachRcvd":0,"audience":1252,"voice":0,"conversation":0,"engagement":0,"group_scoped":{"audienceScore":0.36822013211220717,"voiceScore":0,"engagementScore":0,"combinedScore":0.36822013211220717,"combinedScoreRank":162,"SEIrank":218,"engagementSEIrank":226,"voiceSEIrank":227,"audienceSEIrank":207,"engagementSEI":0,"engagementSEIadj":0,"voiceSEI":0,"voiceSEIadj":0,"audienceSEI":0.9921704124005452,"audienceSEIadj":0.9921704124005452,"SEI":0.09921704124005452,"SEIadj":0.09921704124005452},"non_scoped":{"SEI":0.02259634126972668,"SEIrank":219,"SEIadj":0,"audienceSEI":0.2259634126972668,"audienceSEIadj":0,"audienceSEIrank":208,"audienceScore":0.036569329548660864,"combinedScore":0.0018284664774330433,"combinedScoreRank":219,"engagementSEI":0,"engagementSEIadj":0,"engagementSEIrank":226,"engagementScore":0,"voiceSEI":0,"voiceSEIadj":0,"voiceSEIrank":227,"voiceScore":0},"scoped":{"SEI":0.10740972692878528,"SEIrank":198,"SEIadj":0,"audienceSEI":1.0740972692878528,"audienceSEIadj":0,"audienceSEIrank":188,"audienceScore":0.058055206235092055,"combinedScore":0.002902760311754603,"combinedScoreRank":198,"engagementSEI":0,"engagementSEIadj":0,"engagementSEIrank":204,"engagementScore":0,"voiceSEI":0,"voiceSEIadj":0,"voiceSEIrank":205,"voiceScore":0}},"instagram":{"entityString":"536575ffb08f37d80186dea7","type":"instagram","profiles":0,"postsMade":0,"repliesMade":0,"repliesRcvd":0,"sharesMade":0,"sharesRcvd":0,"mentionsRcvd":0,"likesRcvd":0,"reachRcvd":0,"audience":0,"voice":0,"conversation":0,"engagement":0,"group_scoped":{"audienceScore":0,"voiceScore":0,"engagementScore":0,"combinedScore":0,"combinedScoreRank":205,"SEIrank":205,"engagementSEIrank":205,"voiceSEIrank":205,"audienceSEIrank":205,"engagementSEI":0,"engagementSEIadj":0,"voiceSEI":0,"voiceSEIadj":0,"audienceSEI":0,"audienceSEIadj":0,"SEI":0,"SEIadj":0},"non_scoped":{"SEI":0,"SEIrank":205,"SEIadj":0,"audienceSEI":0,"audienceSEIadj":0,"audienceSEIrank":205,"audienceScore":0,"combinedScore":0,"combinedScoreRank":205,"engagementSEI":0,"engagementSEIadj":0,"engagementSEIrank":205,"engagementScore":0,"voiceSEI":0,"voiceSEIadj":0,"voiceSEIrank":205,"voiceScore":0},"scoped":{"SEI":0,"SEIrank":184,"SEIadj":0,"audienceSEI":0,"audienceSEIadj":0,"audienceSEIrank":184,"audienceScore":0,"combinedScore":0,"combinedScoreRank":184,"engagementSEI":0,"engagementSEIadj":0,"engagementSEIrank":184,"engagementScore":0,"voiceSEI":0,"voiceSEIadj":0,"voiceSEIrank":184,"voiceScore":0}}},"blended":{"combined":{"non_scoped":{"SEI":0.012044128924683623,"SEIadj":20.009635303139746,"SEIrank":216,"audienceSEI":0.12044128924683623,"audienceSEIadj":40.0722647735481,"audienceSEIrank":199,"engagementSEI":0,"engagementSEIadj":0,"engagementSEIrank":226,"voiceSEI":0,"voiceSEIadj":0,"voiceSEIrank":227},"scoped":{"SEI":0.120163122085707,"SEIadj":20.096130497668565,"SEIrank":195,"compCharisma":0,"compInfluence":0,"compEva":0.120163122085707,"audienceSEI":1.5810937116540393,"audienceSEIadj":40.948656226992426,"audienceSEIrank":181,"engagementSEI":0,"engagementSEIadj":0,"engagementSEIrank":204,"voiceSEI":0,"voiceSEIadj":0,"voiceSEIrank":205}},"facebook":{"non_scoped":{"SEI":0.009651670347634037,"SEIadj":50.00482583517382,"SEIrank":161,"audienceSEI":0.09651670347634037,"audienceSEIadj":50.04825835173817,"audienceSEIrank":150,"engagementSEI":0,"engagementSEIadj":0,"engagementSEIrank":211,"voiceSEI":0,"voiceSEIadj":0,"voiceSEIrank":211},"scoped":{"SEI":0.12471822529336173,"SEIadj":50.06235911264668,"SEIrank":145,"audienceSEI":1.2471822529336172,"audienceSEIadj":50.623591126466806,"audienceSEIrank":135,"engagementSEI":0,"engagementSEIadj":0,"engagementSEIrank":189,"voiceSEI":0,"voiceSEIadj":0,"voiceSEIrank":189}},"twitter":{"non_scoped":{"SEI":0.02259634126972668,"SEIadj":20.01807707301578,"SEIrank":219,"audienceSEI":0.2259634126972668,"audienceSEIadj":40.13557804761836,"audienceSEIrank":208,"engagementSEI":0,"engagementSEIadj":0,"engagementSEIrank":226,"voiceSEI":0,"voiceSEIadj":0,"voiceSEIrank":227},"scoped":{"SEI":0.10740972692878527,"SEIadj":20.085927781543027,"SEIrank":198,"audienceSEI":1.0740972692878528,"audienceSEIadj":40.64445836157271,"audienceSEIrank":188,"engagementSEI":0,"engagementSEIadj":0,"engagementSEIrank":204,"voiceSEI":0,"voiceSEIadj":0,"voiceSEIrank":205}},"instagram":{"non_scoped":{"SEI":0,"SEIadj":0,"SEIrank":205,"audienceSEI":0,"audienceSEIadj":0,"audienceSEIrank":205,"engagementSEI":0,"engagementSEIadj":0,"engagementSEIrank":205,"voiceSEI":0,"voiceSEIadj":0,"voiceSEIrank":205},"scoped":{"SEI":0,"SEIadj":0,"SEIrank":184,"audienceSEI":0,"audienceSEIadj":0,"audienceSEIrank":184,"engagementSEI":0,"engagementSEIadj":0,"engagementSEIrank":184,"voiceSEI":0,"voiceSEIadj":0,"voiceSEIrank":184}},"influence":{"combined":{"scope":"individual","ratio":0,"calculated":false},"facebook":{"scope":"individual","ratio":0,"calculated":false},"twitter":{"scope":"individual","ratio":0,"calculated":false},"instagram":{"scope":"individual","ratio":0,"calculated":false}},"charisma":{"combined":{"scope":"individual","ratio":0,"calculated":false},"facebook":{"scope":"individual","ratio":0,"calculated":false},"twitter":{"scope":"individual","ratio":0,"calculated":false},"instagram":{"scope":"individual","ratio":0,"calculated":false}}},"scope":"individual"}}