{"scoreEntityString":"591d1494ab33fb0001804f89.asset.536575feb08f37d80186a0a0","timeQuantum":4984422,"scoreEntityType":"asset","scoreProfileID":"591d1494ab33fb0001804f89","data":{"scoreEntityString":"591d1494ab33fb0001804f89.asset.536575feb08f37d80186a0a0","scoreProfileID":"591d1494ab33fb0001804f89","scoreEntityType":"asset","entityID":"asset.536575feb08f37d80186a0a0","object_version":"1.2","score_engine_version":"3.0.19","timestamp":4984422,"start_quantum":4958502,"end_quantum":4984421,"schedule_options":{"interval":15,"offset":"1"},"_15min":{"boundaryQuantum":4984419,"combined":{"entityString":"536575feb08f37d80186a0a0","type":"combined","profiles":2,"postsMade":0,"repliesMade":0,"repliesRcvd":0,"sharesMade":0,"sharesRcvd":0,"mentionsRcvd":0,"likesRcvd":0,"reachRcvd":0,"audience":4446,"voice":0,"conversation":0,"engagement":0,"group_scoped":{"audienceScore":0.19517377314012038,"voiceScore":0,"engagementScore":0,"combinedScore":0.19517377314012038,"engagementSEI":0,"engagementSEIadj":0,"voiceSEI":0,"voiceSEIadj":0,"audienceSEI":0.30235354282729804,"audienceSEIadj":0.30235354282729804,"SEI":0.030235354282729804,"SEIadj":0.030235354282729804,"combinedScoreRank":189,"SEIrank":192,"engagementSEIrank":31,"voiceSEIrank":25,"audienceSEIrank":192},"non_scoped":{"SEI":0.01768434517805264,"SEIrank":174,"SEIadj":0,"audienceSEI":0.17684345178052638,"audienceSEIadj":0,"audienceSEIrank":174,"audienceScore":0.03274317311100576,"combinedScore":0.0016371586555502882,"combinedScoreRank":174,"engagementSEI":0,"engagementSEIadj":0,"engagementSEIrank":31,"engagementScore":0,"voiceSEI":0,"voiceSEIadj":0,"voiceSEIrank":25,"voiceScore":0},"scoped":{"SEI":0.23215134220653427,"SEIrank":158,"SEIadj":0,"audienceSEI":2.3215134220653426,"audienceSEIadj":0,"audienceSEIrank":158,"audienceScore":0.09460872821908539,"combinedScore":0.013515532602726484,"combinedScoreRank":158,"engagementSEI":0,"engagementSEIadj":0,"engagementSEIrank":24,"engagementScore":0,"voiceSEI":0,"voiceSEIadj":0,"voiceSEIrank":21,"voiceScore":0}},"facebook":{"entityString":"536575feb08f37d80186a0a0","type":"facebook","profiles":1,"postsMade":0,"repliesMade":0,"repliesRcvd":0,"sharesMade":0,"sharesRcvd":0,"mentionsRcvd":0,"likesRcvd":0,"reachRcvd":0,"audience":1,"voice":0,"conversation":0,"engagement":0,"group_scoped":{"audienceScore":0.00006499689639819699,"voiceScore":0,"engagementScore":0,"combinedScore":0.00006499689639819699,"engagementSEI":0,"engagementSEIadj":0,"voiceSEI":0,"voiceSEIadj":0,"audienceSEI":0.00009149465671204801,"audienceSEIadj":0.00009149465671204801,"SEI":0.000009149465671204801,"SEIadj":0.000009149465671204801,"combinedScoreRank":189,"SEIrank":189,"engagementSEIrank":29,"voiceSEIrank":25,"audienceSEIrank":189},"non_scoped":{"SEI":0.00000543449906961376,"SEIrank":171,"SEIadj":0,"audienceSEI":0.0000543449906961376,"audienceSEIadj":0,"audienceSEIrank":171,"audienceScore":0.00001042736557822349,"combinedScore":5.213682789111745e-7,"combinedScoreRank":171,"engagementSEI":0,"engagementSEIadj":0,"engagementSEIrank":29,"engagementScore":0,"voiceSEI":0,"voiceSEIadj":0,"voiceSEIrank":25,"voiceScore":0},"scoped":{"SEI":0.00007022422595346943,"SEIrank":155,"SEIadj":0,"audienceSEI":0.0007022422595346942,"audienceSEIadj":0,"audienceSEIrank":155,"audienceScore":0.000042986033407885445,"combinedScore":0.000006140861915412206,"combinedScoreRank":155,"engagementSEI":0,"engagementSEIadj":0,"engagementSEIrank":22,"engagementScore":0,"voiceSEI":0,"voiceSEIadj":0,"voiceSEIrank":21,"voiceScore":0}},"twitter":{"entityString":"536575feb08f37d80186a0a0","type":"twitter","profiles":1,"postsMade":0,"repliesMade":0,"repliesRcvd":0,"sharesMade":0,"sharesRcvd":0,"mentionsRcvd":0,"likesRcvd":0,"reachRcvd":0,"audience":4445,"voice":0,"conversation":0,"engagement":0,"group_scoped":{"audienceScore":0.7070155988795911,"voiceScore":0,"engagementScore":0,"combinedScore":0.7070155988795911,"engagementSEI":0,"engagementSEIadj":0,"voiceSEI":0,"voiceSEIadj":0,"audienceSEI":1.66624182810532,"audienceSEIadj":1.66624182810532,"SEI":0.166624182810532,"SEIadj":0.166624182810532,"combinedScoreRank":168,"SEIrank":179,"engagementSEIrank":26,"voiceSEIrank":24,"audienceSEIrank":179},"non_scoped":{"SEI":0.08022423078589065,"SEIrank":137,"SEIadj":0,"audienceSEI":0.8022423078589065,"audienceSEIadj":0,"audienceSEIrank":137,"audienceScore":0.12983280338961467,"combinedScore":0.006491640169480734,"combinedScoreRank":137,"engagementSEI":0,"engagementSEIadj":0,"engagementSEIrank":26,"engagementScore":0,"voiceSEI":0,"voiceSEIadj":0,"voiceSEIrank":24,"voiceScore":0},"scoped":{"SEI":0.3813388468038743,"SEIrank":122,"SEIadj":0,"audienceSEI":3.8133884680387427,"audienceSEIadj":0,"audienceSEIrank":122,"audienceScore":0.20611453012378927,"combinedScore":0.029444932874827037,"combinedScoreRank":122,"engagementSEI":0,"engagementSEIadj":0,"engagementSEIrank":22,"engagementScore":0,"voiceSEI":0,"voiceSEIadj":0,"voiceSEIrank":21,"voiceScore":0}},"instagram":{"entityString":"536575feb08f37d80186a0a0","type":"instagram","profiles":0,"postsMade":0,"repliesMade":0,"repliesRcvd":0,"sharesMade":0,"sharesRcvd":0,"mentionsRcvd":0,"likesRcvd":0,"reachRcvd":0,"audience":0,"voice":0,"conversation":0,"engagement":0,"group_scoped":{"audienceScore":0,"voiceScore":0,"engagementScore":0,"combinedScore":0,"engagementSEI":0,"engagementSEIadj":0,"voiceSEI":0,"voiceSEIadj":0,"audienceSEI":0,"audienceSEIadj":0,"SEI":0,"SEIadj":0,"combinedScoreRank":68,"SEIrank":50,"engagementSEIrank":26,"voiceSEIrank":23,"audienceSEIrank":50},"non_scoped":{"SEI":0,"SEIrank":50,"SEIadj":0,"audienceSEI":0,"audienceSEIadj":0,"audienceSEIrank":50,"audienceScore":0,"combinedScore":0,"combinedScoreRank":50,"engagementSEI":0,"engagementSEIadj":0,"engagementSEIrank":26,"engagementScore":0,"voiceSEI":0,"voiceSEIadj":0,"voiceSEIrank":23,"voiceScore":0},"scoped":{"SEI":0,"SEIrank":43,"SEIadj":0,"audienceSEI":0,"audienceSEIadj":0,"audienceSEIrank":43,"audienceScore":0,"combinedScore":0,"combinedScoreRank":43,"engagementSEI":0,"engagementSEIadj":0,"engagementSEIrank":22,"engagementScore":0,"voiceSEI":0,"voiceSEIadj":0,"voiceSEIrank":21,"voiceScore":0}}},"hour":{"boundaryQuantum":4984410,"combined":{"entityString":"536575feb08f37d80186a0a0","type":"combined","profiles":2,"postsMade":0,"repliesMade":0,"repliesRcvd":0,"sharesMade":0,"sharesRcvd":0,"mentionsRcvd":0,"likesRcvd":0,"reachRcvd":0,"audience":4446,"voice":0,"conversation":0,"engagement":0,"group_scoped":{"audienceScore":0.19517377314012038,"voiceScore":0,"engagementScore":0,"combinedScore":0.19517377314012038,"combinedScoreRank":182,"SEIrank":194,"engagementSEIrank":74,"voiceSEIrank":35,"audienceSEIrank":192,"engagementSEI":0,"engagementSEIadj":0,"voiceSEI":0,"voiceSEIadj":0,"audienceSEI":0.30235354282729804,"audienceSEIadj":0.30235354282729804,"SEI":0.030235354282729804,"SEIadj":0.030235354282729804},"non_scoped":{"SEI":0.01768434517805264,"SEIrank":175,"SEIadj":0,"audienceSEI":0.17684345178052638,"audienceSEIadj":0,"audienceSEIrank":174,"audienceScore":0.03274317311100576,"combinedScore":0.0016371586555502882,"combinedScoreRank":176,"engagementSEI":0,"engagementSEIadj":0,"engagementSEIrank":74,"engagementScore":0,"voiceSEI":0,"voiceSEIadj":0,"voiceSEIrank":35,"voiceScore":0},"scoped":{"SEI":0.23215134220653427,"SEIrank":159,"SEIadj":0,"audienceSEI":2.3215134220653426,"audienceSEIadj":0,"audienceSEIrank":158,"audienceScore":0.09460872821908539,"combinedScore":0.00473043641095427,"combinedScoreRank":160,"engagementSEI":0,"engagementSEIadj":0,"engagementSEIrank":64,"engagementScore":0,"voiceSEI":0,"voiceSEIadj":0,"voiceSEIrank":28,"voiceScore":0}},"facebook":{"entityString":"536575feb08f37d80186a0a0","type":"facebook","profiles":1,"postsMade":0,"repliesMade":0,"repliesRcvd":0,"sharesMade":0,"sharesRcvd":0,"mentionsRcvd":0,"likesRcvd":0,"reachRcvd":0,"audience":1,"voice":0,"conversation":0,"engagement":0,"group_scoped":{"audienceScore":0.00006499689639819699,"voiceScore":0,"engagementScore":0,"combinedScore":0.00006499689639819699,"combinedScoreRank":189,"SEIrank":189,"engagementSEIrank":60,"voiceSEIrank":29,"audienceSEIrank":189,"engagementSEI":0,"engagementSEIadj":0,"voiceSEI":0,"voiceSEIadj":0,"audienceSEI":0.00009149465671204801,"audienceSEIadj":0.00009149465671204801,"SEI":0.000009149465671204801,"SEIadj":0.000009149465671204801},"non_scoped":{"SEI":0.00000543449906961376,"SEIrank":171,"SEIadj":0,"audienceSEI":0.0000543449906961376,"audienceSEIadj":0,"audienceSEIrank":171,"audienceScore":0.00001042736557822349,"combinedScore":5.213682789111745e-7,"combinedScoreRank":171,"engagementSEI":0,"engagementSEIadj":0,"engagementSEIrank":60,"engagementScore":0,"voiceSEI":0,"voiceSEIadj":0,"voiceSEIrank":29,"voiceScore":0},"scoped":{"SEI":0.00007022422595346943,"SEIrank":155,"SEIadj":0,"audienceSEI":0.0007022422595346942,"audienceSEIadj":0,"audienceSEIrank":155,"audienceScore":0.000042986033407885445,"combinedScore":0.0000021493016703942725,"combinedScoreRank":155,"engagementSEI":0,"engagementSEIadj":0,"engagementSEIrank":50,"engagementScore":0,"voiceSEI":0,"voiceSEIadj":0,"voiceSEIrank":22,"voiceScore":0}},"twitter":{"entityString":"536575feb08f37d80186a0a0","type":"twitter","profiles":1,"postsMade":0,"repliesMade":0,"repliesRcvd":0,"sharesMade":0,"sharesRcvd":0,"mentionsRcvd":0,"likesRcvd":0,"reachRcvd":0,"audience":4445,"voice":0,"conversation":0,"engagement":0,"group_scoped":{"audienceScore":0.7070155988795911,"voiceScore":0,"engagementScore":0,"combinedScore":0.7070155988795911,"combinedScoreRank":171,"SEIrank":182,"engagementSEIrank":54,"voiceSEIrank":33,"audienceSEIrank":179,"engagementSEI":0,"engagementSEIadj":0,"voiceSEI":0,"voiceSEIadj":0,"audienceSEI":1.66624182810532,"audienceSEIadj":1.66624182810532,"SEI":0.166624182810532,"SEIadj":0.166624182810532},"non_scoped":{"SEI":0.08022423078589065,"SEIrank":141,"SEIadj":0,"audienceSEI":0.8022423078589065,"audienceSEIadj":0,"audienceSEIrank":137,"audienceScore":0.12983280338961467,"combinedScore":0.006491640169480734,"combinedScoreRank":141,"engagementSEI":0,"engagementSEIadj":0,"engagementSEIrank":54,"engagementScore":0,"voiceSEI":0,"voiceSEIadj":0,"voiceSEIrank":33,"voiceScore":0},"scoped":{"SEI":0.3813388468038743,"SEIrank":126,"SEIadj":0,"audienceSEI":3.8133884680387427,"audienceSEIadj":0,"audienceSEIrank":122,"audienceScore":0.20611453012378927,"combinedScore":0.010305726506189465,"combinedScoreRank":126,"engagementSEI":0,"engagementSEIadj":0,"engagementSEIrank":47,"engagementScore":0,"voiceSEI":0,"voiceSEIadj":0,"voiceSEIrank":28,"voiceScore":0}},"instagram":{"entityString":"536575feb08f37d80186a0a0","type":"instagram","profiles":0,"postsMade":0,"repliesMade":0,"repliesRcvd":0,"sharesMade":0,"sharesRcvd":0,"mentionsRcvd":0,"likesRcvd":0,"reachRcvd":0,"audience":0,"voice":0,"conversation":0,"engagement":0,"group_scoped":{"audienceScore":0,"voiceScore":0,"engagementScore":0,"combinedScore":0,"combinedScoreRank":68,"SEIrank":50,"engagementSEIrank":32,"voiceSEIrank":23,"audienceSEIrank":50,"engagementSEI":0,"engagementSEIadj":0,"voiceSEI":0,"voiceSEIadj":0,"audienceSEI":0,"audienceSEIadj":0,"SEI":0,"SEIadj":0},"non_scoped":{"SEI":0,"SEIrank":50,"SEIadj":0,"audienceSEI":0,"audienceSEIadj":0,"audienceSEIrank":50,"audienceScore":0,"combinedScore":0,"combinedScoreRank":50,"engagementSEI":0,"engagementSEIadj":0,"engagementSEIrank":32,"engagementScore":0,"voiceSEI":0,"voiceSEIadj":0,"voiceSEIrank":23,"voiceScore":0},"scoped":{"SEI":0,"SEIrank":43,"SEIadj":0,"audienceSEI":0,"audienceSEIadj":0,"audienceSEIrank":43,"audienceScore":0,"combinedScore":0,"combinedScoreRank":43,"engagementSEI":0,"engagementSEIadj":0,"engagementSEIrank":27,"engagementScore":0,"voiceSEI":0,"voiceSEIadj":0,"voiceSEIrank":21,"voiceScore":0}}},"today":{"boundaryQuantum":4984134,"combined":{"entityString":"536575feb08f37d80186a0a0","type":"combined","profiles":2,"postsMade":5,"repliesMade":0,"repliesRcvd":0,"sharesMade":0,"sharesRcvd":16,"mentionsRcvd":0,"likesRcvd":6,"reachRcvd":0,"audience":4446,"voice":5,"conversation":5,"engagement":22,"group_scoped":{"audienceScore":0.19517377314012038,"voiceScore":2.9585798816568047,"engagementScore":0.13832997987927564,"combinedScore":0.28218466463119435,"combinedScoreRank":106,"SEIrank":41,"engagementSEIrank":64,"voiceSEIrank":29,"audienceSEIrank":192,"engagementSEI":0.16817000458645467,"engagementSEIadj":0.16817000458645467,"voiceSEI":8.771929824561402,"voiceSEIadj":8.771929824561402,"audienceSEI":0.30235354282729804,"audienceSEIadj":0.30235354282729804,"SEI":2.7627163044030234,"SEIadj":2.7627163044030234},"non_scoped":{"SEI":1.6727950683557316,"SEIrank":33,"SEIadj":0,"audienceSEI":0.17684345178052638,"audienceSEIadj":0,"audienceSEIrank":174,"audienceScore":0.03274317311100576,"combinedScore":0.03767039642394582,"combinedScoreRank":63,"engagementSEI":0.011265124710051052,"engagementSEIadj":0,"engagementSEIrank":84,"engagementScore":0.005869922517022776,"voiceSEI":5.4945054945054945,"voiceSEIadj":0,"voiceSEIrank":27,"voiceScore":0.6150061500615006},"scoped":{"SEI":5.478801679936269,"SEIrank":36,"SEIadj":0,"audienceSEI":2.3215134220653426,"audienceSEIadj":0,"audienceSEIrank":158,"audienceScore":0.09460872821908539,"combinedScore":0.12293444242354676,"combinedScoreRank":58,"engagementSEI":0.12372757437714416,"engagementSEIadj":0,"engagementSEIrank":73,"engagementScore":0.0588109495295124,"voiceSEI":17.24137931034483,"voiceSEIadj":0,"voiceSEIrank":19,"voiceScore":1.3054830287206265}},"facebook":{"entityString":"536575feb08f37d80186a0a0","type":"facebook","profiles":1,"postsMade":0,"repliesMade":0,"repliesRcvd":0,"sharesMade":0,"sharesRcvd":0,"mentionsRcvd":0,"likesRcvd":0,"reachRcvd":0,"audience":1,"voice":0,"conversation":0,"engagement":0,"group_scoped":{"audienceScore":0.00006499689639819699,"voiceScore":0,"engagementScore":0,"combinedScore":0.00006499689639819699,"combinedScoreRank":189,"SEIrank":189,"engagementSEIrank":123,"voiceSEIrank":72,"audienceSEIrank":189,"engagementSEI":0,"engagementSEIadj":0,"voiceSEI":0,"voiceSEIadj":0,"audienceSEI":0.00009149465671204801,"audienceSEIadj":0.00009149465671204801,"SEI":0.000009149465671204801,"SEIadj":0.000009149465671204801},"non_scoped":{"SEI":0.00000543449906961376,"SEIrank":171,"SEIadj":0,"audienceSEI":0.0000543449906961376,"audienceSEIadj":0,"audienceSEIrank":171,"audienceScore":0.00001042736557822349,"combinedScore":5.213682789111745e-7,"combinedScoreRank":171,"engagementSEI":0,"engagementSEIadj":0,"engagementSEIrank":123,"engagementScore":0,"voiceSEI":0,"voiceSEIadj":0,"voiceSEIrank":72,"voiceScore":0},"scoped":{"SEI":0.00007022422595346943,"SEIrank":155,"SEIadj":0,"audienceSEI":0.0007022422595346942,"audienceSEIadj":0,"audienceSEIrank":155,"audienceScore":0.000042986033407885445,"combinedScore":0.0000021493016703942725,"combinedScoreRank":155,"engagementSEI":0,"engagementSEIadj":0,"engagementSEIrank":112,"engagementScore":0,"voiceSEI":0,"voiceSEIadj":0,"voiceSEIrank":63,"voiceScore":0}},"twitter":{"entityString":"536575feb08f37d80186a0a0","type":"twitter","profiles":1,"postsMade":5,"repliesMade":0,"repliesRcvd":0,"sharesMade":0,"sharesRcvd":16,"mentionsRcvd":0,"likesRcvd":6,"reachRcvd":0,"audience":4445,"voice":5,"conversation":5,"engagement":22,"group_scoped":{"audienceScore":0.7070155988795911,"voiceScore":4.273504273504273,"engagementScore":1.790073230268511,"combinedScore":1.8600919008608532,"combinedScoreRank":81,"SEIrank":53,"engagementSEIrank":64,"voiceSEIrank":28,"audienceSEIrank":179,"engagementSEI":4.3478260869565215,"engagementSEIadj":4.3478260869565215,"voiceSEI":15.151515151515152,"voiceSEIadj":15.151515151515152,"audienceSEI":1.66624182810532,"audienceSEIadj":1.66624182810532,"SEI":7.320774380438991,"SEIadj":7.320774380438991},"non_scoped":{"SEI":4.037506702412625,"SEIrank":32,"SEIadj":0,"audienceSEI":0.8022423078589065,"audienceSEIadj":0,"audienceSEIrank":137,"audienceScore":0.12983280338961467,"combinedScore":0.3698819535597941,"combinedScoreRank":45,"engagementSEI":1.3871374527112232,"engagementSEIadj":0,"engagementSEIrank":45,"engagementScore":0.3482114593225704,"voiceSEI":10.416666666666668,"voiceSEIadj":0,"voiceSEIrank":23,"voiceScore":1},"scoped":{"SEI":8.604101214547656,"SEIrank":29,"SEIadj":0,"audienceSEI":3.8133884680387427,"audienceSEIadj":0,"audienceSEIrank":122,"audienceScore":0.20611453012378927,"combinedScore":0.6466871161836335,"combinedScoreRank":36,"engagementSEI":4.089219330855019,"engagementSEIadj":0,"engagementSEIrank":36,"engagementScore":0.611961057023644,"voiceSEI":19.230769230769234,"voiceSEIadj":0,"voiceSEIrank":15,"voiceScore":1.7123287671232876}},"instagram":{"entityString":"536575feb08f37d80186a0a0","type":"instagram","profiles":0,"postsMade":0,"repliesMade":0,"repliesRcvd":0,"sharesMade":0,"sharesRcvd":0,"mentionsRcvd":0,"likesRcvd":0,"reachRcvd":0,"audience":0,"voice":0,"conversation":0,"engagement":0,"group_scoped":{"audienceScore":0,"voiceScore":0,"engagementScore":0,"combinedScore":0,"combinedScoreRank":68,"SEIrank":50,"engagementSEIrank":42,"voiceSEIrank":29,"audienceSEIrank":50,"engagementSEI":0,"engagementSEIadj":0,"voiceSEI":0,"voiceSEIadj":0,"audienceSEI":0,"audienceSEIadj":0,"SEI":0,"SEIadj":0},"non_scoped":{"SEI":0,"SEIrank":50,"SEIadj":0,"audienceSEI":0,"audienceSEIadj":0,"audienceSEIrank":50,"audienceScore":0,"combinedScore":0,"combinedScoreRank":50,"engagementSEI":0,"engagementSEIadj":0,"engagementSEIrank":42,"engagementScore":0,"voiceSEI":0,"voiceSEIadj":0,"voiceSEIrank":29,"voiceScore":0},"scoped":{"SEI":0,"SEIrank":43,"SEIadj":0,"audienceSEI":0,"audienceSEIadj":0,"audienceSEIrank":43,"audienceScore":0,"combinedScore":0,"combinedScoreRank":43,"engagementSEI":0,"engagementSEIadj":0,"engagementSEIrank":35,"engagementScore":0,"voiceSEI":0,"voiceSEIadj":0,"voiceSEIrank":23,"voiceScore":0}}},"week":{"boundaryQuantum":4982406,"combined":{"entityString":"536575feb08f37d80186a0a0","type":"combined","profiles":2,"postsMade":22,"repliesMade":0,"repliesRcvd":0,"sharesMade":0,"sharesRcvd":30,"mentionsRcvd":0,"likesRcvd":10,"reachRcvd":0,"audience":4446,"voice":22,"conversation":22,"engagement":40,"group_scoped":{"audienceScore":0.19517377314012038,"voiceScore":1.2174875484228,"engagementScore":0.028190256038000468,"combinedScore":0.09600429651234645,"combinedScoreRank":155,"SEIrank":96,"engagementSEIrank":134,"voiceSEIrank":82,"audienceSEIrank":192,"engagementSEI":0.03280086594286089,"engagementSEIadj":0.03280086594286089,"voiceSEI":3.1791907514450863,"voiceSEIadj":3.1791907514450863,"audienceSEI":0.30235354282729804,"audienceSEIadj":0.30235354282729804,"SEI":1.0036730992819722,"SEIadj":1.0036730992819722},"non_scoped":{"SEI":0.7875819962952018,"SEIrank":85,"SEIadj":0,"audienceSEI":0.17684345178052638,"audienceSEIadj":0,"audienceSEIrank":174,"audienceScore":0.03274317311100576,"combinedScore":0.01511984377987384,"combinedScoreRank":124,"engagementSEI":0.004092984420054805,"engagementSEIadj":0,"engagementSEIrank":146,"engagementScore":0.001668243852208609,"voiceSEI":2.558139534883721,"voiceSEIadj":0,"voiceSEIrank":74,"voiceScore":0.23962531314671606},"scoped":{"SEI":3.2849407374083808,"SEIrank":101,"SEIadj":0,"audienceSEI":2.3215134220653426,"audienceSEIadj":0,"audienceSEIrank":158,"audienceScore":0.09460872821908539,"combinedScore":0.04732426368975213,"combinedScoreRank":124,"engagementSEI":0.13302737038145598,"engagementSEIadj":0,"engagementSEIrank":133,"engagementScore":0.019428227271402622,"voiceSEI":9.90990990990991,"voiceSEIadj":0,"voiceSEIrank":64,"voiceScore":0.5021684546907099}},"facebook":{"entityString":"536575feb08f37d80186a0a0","type":"facebook","profiles":1,"postsMade":0,"repliesMade":0,"repliesRcvd":0,"sharesMade":0,"sharesRcvd":0,"mentionsRcvd":0,"likesRcvd":0,"reachRcvd":0,"audience":1,"voice":0,"conversation":0,"engagement":0,"group_scoped":{"audienceScore":0.00006499689639819699,"voiceScore":0,"engagementScore":0,"combinedScore":0.00006499689639819699,"combinedScoreRank":189,"SEIrank":189,"engagementSEIrank":144,"voiceSEIrank":139,"audienceSEIrank":189,"engagementSEI":0,"engagementSEIadj":0,"voiceSEI":0,"voiceSEIadj":0,"audienceSEI":0.00009149465671204801,"audienceSEIadj":0.00009149465671204801,"SEI":0.000009149465671204801,"SEIadj":0.000009149465671204801},"non_scoped":{"SEI":0.00000543449906961376,"SEIrank":171,"SEIadj":0,"audienceSEI":0.0000543449906961376,"audienceSEIadj":0,"audienceSEIrank":171,"audienceScore":0.00001042736557822349,"combinedScore":5.213682789111745e-7,"combinedScoreRank":171,"engagementSEI":0,"engagementSEIadj":0,"engagementSEIrank":144,"engagementScore":0,"voiceSEI":0,"voiceSEIadj":0,"voiceSEIrank":139,"voiceScore":0},"scoped":{"SEI":0.00007022422595346943,"SEIrank":155,"SEIadj":0,"audienceSEI":0.0007022422595346942,"audienceSEIadj":0,"audienceSEIrank":155,"audienceScore":0.000042986033407885445,"combinedScore":0.0000021493016703942725,"combinedScoreRank":155,"engagementSEI":0,"engagementSEIadj":0,"engagementSEIrank":133,"engagementScore":0,"voiceSEI":0,"voiceSEIadj":0,"voiceSEIrank":128,"voiceScore":0}},"twitter":{"entityString":"536575feb08f37d80186a0a0","type":"twitter","profiles":1,"postsMade":22,"repliesMade":0,"repliesRcvd":0,"sharesMade":0,"sharesRcvd":30,"mentionsRcvd":0,"likesRcvd":10,"reachRcvd":0,"audience":4445,"voice":22,"conversation":22,"engagement":40,"group_scoped":{"audienceScore":0.7070155988795911,"voiceScore":1.7014694508894046,"engagementScore":0.3050640634533252,"combinedScore":0.39498190959644247,"combinedScoreRank":166,"SEIrank":119,"engagementSEIrank":149,"voiceSEIrank":73,"audienceSEIrank":179,"engagementSEI":0.5549389567147613,"engagementSEIadj":0.5549389567147613,"voiceSEI":4.710920770877944,"voiceSEIadj":4.710920770877944,"audienceSEI":1.66624182810532,"audienceSEIadj":1.66624182810532,"SEI":1.9128637881027721,"SEIadj":1.9128637881027721},"non_scoped":{"SEI":1.6005004318509028,"SEIrank":74,"SEIadj":0,"audienceSEI":0.8022423078589065,"audienceSEIadj":0,"audienceSEIrank":137,"audienceScore":0.12983280338961467,"combinedScore":0.08437095329124217,"combinedScoreRank":115,"engagementSEI":0.25636095622636673,"engagementSEIadj":0,"engagementSEIrank":114,"engagementScore":0.06522093592043046,"voiceSEI":4.554865424430641,"voiceSEIadj":0,"voiceSEIrank":52,"voiceScore":0.3836094158674804},"scoped":{"SEI":5.370047067219412,"SEIrank":78,"SEIadj":0,"audienceSEI":3.8133884680387427,"audienceSEIadj":0,"audienceSEIrank":122,"audienceScore":0.20611453012378927,"combinedScore":0.1689056645495771,"combinedScoreRank":104,"engagementSEI":1.524390243902439,"engagementSEIadj":0,"engagementSEIrank":103,"engagementScore":0.13727307045540343,"voiceSEI":13.580246913580247,"voiceSEIadj":0,"voiceSEIrank":42,"voiceScore":0.7010834926704907}},"instagram":{"entityString":"536575feb08f37d80186a0a0","type":"instagram","profiles":0,"postsMade":0,"repliesMade":0,"repliesRcvd":0,"sharesMade":0,"sharesRcvd":0,"mentionsRcvd":0,"likesRcvd":0,"reachRcvd":0,"audience":0,"voice":0,"conversation":0,"engagement":0,"group_scoped":{"audienceScore":0,"voiceScore":0,"engagementScore":0,"combinedScore":0,"combinedScoreRank":68,"SEIrank":50,"engagementSEIrank":45,"voiceSEIrank":43,"audienceSEIrank":50,"engagementSEI":0,"engagementSEIadj":0,"voiceSEI":0,"voiceSEIadj":0,"audienceSEI":0,"audienceSEIadj":0,"SEI":0,"SEIadj":0},"non_scoped":{"SEI":0,"SEIrank":50,"SEIadj":0,"audienceSEI":0,"audienceSEIadj":0,"audienceSEIrank":50,"audienceScore":0,"combinedScore":0,"combinedScoreRank":50,"engagementSEI":0,"engagementSEIadj":0,"engagementSEIrank":45,"engagementScore":0,"voiceSEI":0,"voiceSEIadj":0,"voiceSEIrank":43,"voiceScore":0},"scoped":{"SEI":0,"SEIrank":43,"SEIadj":0,"audienceSEI":0,"audienceSEIadj":0,"audienceSEIrank":43,"audienceScore":0,"combinedScore":0,"combinedScoreRank":43,"engagementSEI":0,"engagementSEIadj":0,"engagementSEIrank":38,"engagementScore":0,"voiceSEI":0,"voiceSEIadj":0,"voiceSEIrank":36,"voiceScore":0}}},"month":{"boundaryQuantum":4975782,"combined":{"entityString":"536575feb08f37d80186a0a0","type":"combined","profiles":2,"postsMade":62,"repliesMade":0,"repliesRcvd":0,"sharesMade":0,"sharesRcvd":123,"mentionsRcvd":0,"likesRcvd":63,"reachRcvd":0,"audience":4446,"voice":62,"conversation":62,"engagement":186,"group_scoped":{"audienceScore":0.19517377314012038,"voiceScore":0.8689558514365802,"engagementScore":0.03014064011589562,"combinedScore":0.08033305733314108,"combinedScoreRank":154,"SEIrank":121,"engagementSEIrank":143,"voiceSEIrank":105,"audienceSEIrank":192,"engagementSEI":0.03438153896204722,"engagementSEIadj":0.03438153896204722,"voiceSEI":2.052980132450331,"voiceSEIadj":2.052980132450331,"audienceSEI":0.30235354282729804,"audienceSEIadj":0.30235354282729804,"SEI":0.6667583173950574,"SEIadj":0.6667583173950574},"non_scoped":{"SEI":0.5347180806174517,"SEIrank":113,"SEIadj":0,"audienceSEI":0.17684345178052638,"audienceSEIadj":0,"audienceSEIrank":174,"audienceScore":0.03274317311100576,"combinedScore":0.011665173458071023,"combinedScoreRank":145,"engagementSEI":0.005132674106652553,"engagementSEIadj":0,"engagementSEIrank":156,"engagementScore":0.002021506657169208,"voiceSEI":1.7131804365846919,"voiceSEIadj":0,"voiceSEIrank":99,"voiceScore":0.16417317622136898},"scoped":{"SEI":2.2932819118731937,"SEIrank":117,"SEIadj":0,"audienceSEI":2.3215134220653426,"audienceSEIadj":0,"audienceSEIrank":158,"audienceScore":0.09460872821908539,"combinedScore":0.03968365721395012,"combinedScoreRank":141,"engagementSEI":0.17205972137425765,"engagementSEIadj":0,"engagementSEIrank":145,"engagementScore":0.019604949722790227,"voiceSEI":6.526315789473684,"voiceSEIadj":0,"voiceSEIrank":89,"voiceScore":0.3461753210496929}},"facebook":{"entityString":"536575feb08f37d80186a0a0","type":"facebook","profiles":1,"postsMade":0,"repliesMade":0,"repliesRcvd":0,"sharesMade":0,"sharesRcvd":0,"mentionsRcvd":0,"likesRcvd":0,"reachRcvd":0,"audience":1,"voice":0,"conversation":0,"engagement":0,"group_scoped":{"audienceScore":0.00006499689639819699,"voiceScore":0,"engagementScore":0,"combinedScore":0.00006499689639819699,"combinedScoreRank":189,"SEIrank":189,"engagementSEIrank":155,"voiceSEIrank":153,"audienceSEIrank":189,"engagementSEI":0,"engagementSEIadj":0,"voiceSEI":0,"voiceSEIadj":0,"audienceSEI":0.00009149465671204801,"audienceSEIadj":0.00009149465671204801,"SEI":0.000009149465671204801,"SEIadj":0.000009149465671204801},"non_scoped":{"SEI":0.00000543449906961376,"SEIrank":171,"SEIadj":0,"audienceSEI":0.0000543449906961376,"audienceSEIadj":0,"audienceSEIrank":171,"audienceScore":0.00001042736557822349,"combinedScore":5.213682789111745e-7,"combinedScoreRank":171,"engagementSEI":0,"engagementSEIadj":0,"engagementSEIrank":155,"engagementScore":0,"voiceSEI":0,"voiceSEIadj":0,"voiceSEIrank":153,"voiceScore":0},"scoped":{"SEI":0.00007022422595346943,"SEIrank":155,"SEIadj":0,"audienceSEI":0.0007022422595346942,"audienceSEIadj":0,"audienceSEIrank":155,"audienceScore":0.000042986033407885445,"combinedScore":0.0000021493016703942725,"combinedScoreRank":155,"engagementSEI":0,"engagementSEIadj":0,"engagementSEIrank":143,"engagementScore":0,"voiceSEI":0,"voiceSEIadj":0,"voiceSEIrank":142,"voiceScore":0}},"twitter":{"entityString":"536575feb08f37d80186a0a0","type":"twitter","profiles":1,"postsMade":62,"repliesMade":0,"repliesRcvd":0,"sharesMade":0,"sharesRcvd":123,"mentionsRcvd":0,"likesRcvd":63,"reachRcvd":0,"audience":4445,"voice":62,"conversation":62,"engagement":186,"group_scoped":{"audienceScore":0.7070155988795911,"voiceScore":1.2525252525252526,"engagementScore":0.35055315780546187,"combinedScore":0.4134748845951579,"combinedScoreRank":153,"SEIrank":137,"engagementSEIrank":154,"voiceSEIrank":98,"audienceSEIrank":179,"engagementSEI":0.6210143233948783,"engagementSEIadj":0.6210143233948783,"voiceSEI":3.121852970795569,"voiceSEIadj":3.121852970795569,"audienceSEI":1.66624182810532,"audienceSEIadj":1.66624182810532,"SEI":1.4757886680861296,"SEIadj":1.4757886680861296},"non_scoped":{"SEI":1.2075982314995881,"SEIrank":93,"SEIadj":0,"audienceSEI":0.8022423078589065,"audienceSEIadj":0,"audienceSEIrank":137,"audienceScore":0.12983280338961467,"combinedScore":0.08917780716542456,"combinedScoreRank":118,"engagementSEI":0.322731768257769,"engagementSEIadj":0,"engagementSEIrank":117,"engagementScore":0.07709556949170808,"voiceSEI":3.1124497991967868,"voiceSEIadj":0,"voiceSEIrank":73,"voiceScore":0.26600308906813114},"scoped":{"SEI":4.370455035760511,"SEIrank":93,"SEIadj":0,"audienceSEI":3.8133884680387427,"audienceSEIadj":0,"audienceSEIrank":122,"audienceScore":0.20611453012378927,"combinedScore":0.1753865877191242,"combinedScoreRank":107,"engagementSEI":1.834862385321101,"engagementSEIadj":0,"engagementSEIrank":107,"engagementScore":0.1564945226917058,"voiceSEI":9.627329192546584,"voiceSEIadj":0,"voiceSEIrank":63,"voiceScore":0.48471581580798995}},"instagram":{"entityString":"536575feb08f37d80186a0a0","type":"instagram","profiles":0,"postsMade":0,"repliesMade":0,"repliesRcvd":0,"sharesMade":0,"sharesRcvd":0,"mentionsRcvd":0,"likesRcvd":0,"reachRcvd":0,"audience":0,"voice":0,"conversation":0,"engagement":0,"group_scoped":{"audienceScore":0,"voiceScore":0,"engagementScore":0,"combinedScore":0,"combinedScoreRank":68,"SEIrank":50,"engagementSEIrank":45,"voiceSEIrank":44,"audienceSEIrank":50,"engagementSEI":0,"engagementSEIadj":0,"voiceSEI":0,"voiceSEIadj":0,"audienceSEI":0,"audienceSEIadj":0,"SEI":0,"SEIadj":0},"non_scoped":{"SEI":0,"SEIrank":50,"SEIadj":0,"audienceSEI":0,"audienceSEIadj":0,"audienceSEIrank":50,"audienceScore":0,"combinedScore":0,"combinedScoreRank":50,"engagementSEI":0,"engagementSEIadj":0,"engagementSEIrank":45,"engagementScore":0,"voiceSEI":0,"voiceSEIadj":0,"voiceSEIrank":44,"voiceScore":0},"scoped":{"SEI":0,"SEIrank":43,"SEIadj":0,"audienceSEI":0,"audienceSEIadj":0,"audienceSEIrank":43,"audienceScore":0,"combinedScore":0,"combinedScoreRank":43,"engagementSEI":0,"engagementSEIadj":0,"engagementSEIrank":38,"engagementScore":0,"voiceSEI":0,"voiceSEIadj":0,"voiceSEIrank":37,"voiceScore":0}}},"quarter":{"boundaryQuantum":4958502,"combined":{"entityString":"536575feb08f37d80186a0a0","type":"combined","profiles":2,"postsMade":124,"repliesMade":0,"repliesRcvd":0,"sharesMade":0,"sharesRcvd":239,"mentionsRcvd":0,"likesRcvd":137,"reachRcvd":0,"audience":4446,"voice":124,"conversation":124,"engagement":376,"group_scoped":{"audienceScore":0.19517377314012038,"voiceScore":0.6128601789156329,"engagementScore":0.0179952006417012,"combinedScore":0.05659737818031875,"combinedScoreRank":181,"SEIrank":151,"engagementSEIrank":165,"voiceSEIrank":131,"audienceSEIrank":192,"engagementSEI":0.020079688593935826,"engagementSEIadj":0.020079688593935826,"voiceSEI":1.3428633311674247,"voiceSEIadj":1.3428633311674247,"audienceSEI":0.30235354282729804,"audienceSEIadj":0.30235354282729804,"SEI":0.4451421667893187,"SEIadj":0.4451421667893187},"non_scoped":{"SEI":0.3670561033339519,"SEIrank":131,"SEIadj":0,"audienceSEI":0.17684345178052638,"audienceSEIadj":0,"audienceSEIrank":174,"audienceScore":0.03274317311100576,"combinedScore":0.00829543403862559,"combinedScoreRank":158,"engagementSEI":0.0032799132009353332,"engagementSEIadj":0,"engagementSEIrank":174,"engagementScore":0.001270269411980127,"voiceSEI":1.1580127007844603,"voiceSEIadj":0,"voiceSEIrank":122,"voiceScore":0.11030065824586373},"scoped":{"SEI":1.725837071246028,"SEIrank":132,"SEIadj":0,"audienceSEI":2.3215134220653426,"audienceSEIadj":0,"audienceSEIrank":158,"audienceScore":0.09460872821908539,"combinedScore":0.027498618022041912,"combinedScoreRank":153,"engagementSEI":0.07608579077621672,"engagementSEIadj":0,"engagementSEIrank":163,"engagementScore":0.012410953062171612,"voiceSEI":4.826780848579213,"voiceSEIadj":0,"voiceSEIrank":112,"voiceScore":0.23196647710266388}},"facebook":{"entityString":"536575feb08f37d80186a0a0","type":"facebook","profiles":1,"postsMade":0,"repliesMade":0,"repliesRcvd":0,"sharesMade":0,"sharesRcvd":0,"mentionsRcvd":0,"likesRcvd":0,"reachRcvd":0,"audience":1,"voice":0,"conversation":0,"engagement":0,"group_scoped":{"audienceScore":0.00006499689639819699,"voiceScore":0,"engagementScore":0,"combinedScore":0.00006499689639819699,"combinedScoreRank":189,"SEIrank":189,"engagementSEIrank":161,"voiceSEIrank":159,"audienceSEIrank":189,"engagementSEI":0,"engagementSEIadj":0,"voiceSEI":0,"voiceSEIadj":0,"audienceSEI":0.00009149465671204801,"audienceSEIadj":0.00009149465671204801,"SEI":0.000009149465671204801,"SEIadj":0.000009149465671204801},"non_scoped":{"SEI":0.00000543449906961376,"SEIrank":171,"SEIadj":0,"audienceSEI":0.0000543449906961376,"audienceSEIadj":0,"audienceSEIrank":171,"audienceScore":0.00001042736557822349,"combinedScore":5.213682789111745e-7,"combinedScoreRank":171,"engagementSEI":0,"engagementSEIadj":0,"engagementSEIrank":161,"engagementScore":0,"voiceSEI":0,"voiceSEIadj":0,"voiceSEIrank":159,"voiceScore":0},"scoped":{"SEI":0.00007022422595346943,"SEIrank":155,"SEIadj":0,"audienceSEI":0.0007022422595346942,"audienceSEIadj":0,"audienceSEIrank":155,"audienceScore":0.000042986033407885445,"combinedScore":0.0000021493016703942725,"combinedScoreRank":155,"engagementSEI":0,"engagementSEIadj":0,"engagementSEIrank":149,"engagementScore":0,"voiceSEI":0,"voiceSEIadj":0,"voiceSEIrank":147,"voiceScore":0}},"twitter":{"entityString":"536575feb08f37d80186a0a0","type":"twitter","profiles":1,"postsMade":124,"repliesMade":0,"repliesRcvd":0,"sharesMade":0,"sharesRcvd":239,"mentionsRcvd":0,"likesRcvd":137,"reachRcvd":0,"audience":4445,"voice":124,"conversation":124,"engagement":376,"group_scoped":{"audienceScore":0.7070155988795911,"voiceScore":0.8999201683721605,"engagementScore":0.21173317115473414,"combinedScore":0.2709066424018483,"combinedScoreRank":178,"SEIrank":162,"engagementSEIrank":172,"voiceSEIrank":118,"audienceSEIrank":179,"engagementSEI":0.35060236470105555,"engagementSEIadj":0.35060236470105555,"voiceSEI":2.0652898067954695,"voiceSEIadj":2.0652898067954695,"audienceSEI":1.66624182810532,"audienceSEIadj":1.66624182810532,"SEI":0.9965725436698062,"SEIadj":0.9965725436698062},"non_scoped":{"SEI":0.8063829966010773,"SEIrank":117,"SEIadj":0,"audienceSEI":0.8022423078589065,"audienceSEIadj":0,"audienceSEIrank":137,"audienceScore":0.12983280338961467,"combinedScore":0.05611518831997718,"combinedScoreRank":138,"engagementSEI":0.1783072195455063,"engagementSEIadj":0,"engagementSEIrank":136,"engagementScore":0.04524015785927423,"voiceSEI":2.0639147802929427,"voiceSEIadj":0,"voiceSEIrank":97,"voiceScore":0.1781481215429926},"scoped":{"SEI":3.172786451203343,"SEIrank":109,"SEIadj":0,"audienceSEI":3.8133884680387427,"audienceSEIadj":0,"audienceSEIrank":122,"audienceScore":0.20611453012378927,"combinedScore":0.11096484481284132,"combinedScoreRank":126,"engagementSEI":1.1829107154092997,"engagementSEIadj":0,"engagementSEIrank":125,"engagementScore":0.09379318602481528,"voiceSEI":6.93900391717963,"voiceSEIadj":0,"voiceSEIrank":87,"voiceScore":0.3249050176863619}},"instagram":{"entityString":"536575feb08f37d80186a0a0","type":"instagram","profiles":0,"postsMade":0,"repliesMade":0,"repliesRcvd":0,"sharesMade":0,"sharesRcvd":0,"mentionsRcvd":0,"likesRcvd":0,"reachRcvd":0,"audience":0,"voice":0,"conversation":0,"engagement":0,"group_scoped":{"audienceScore":0,"voiceScore":0,"engagementScore":0,"combinedScore":0,"combinedScoreRank":68,"SEIrank":50,"engagementSEIrank":45,"voiceSEIrank":45,"audienceSEIrank":50,"engagementSEI":0,"engagementSEIadj":0,"voiceSEI":0,"voiceSEIadj":0,"audienceSEI":0,"audienceSEIadj":0,"SEI":0,"SEIadj":0},"non_scoped":{"SEI":0,"SEIrank":50,"SEIadj":0,"audienceSEI":0,"audienceSEIadj":0,"audienceSEIrank":50,"audienceScore":0,"combinedScore":0,"combinedScoreRank":50,"engagementSEI":0,"engagementSEIadj":0,"engagementSEIrank":45,"engagementScore":0,"voiceSEI":0,"voiceSEIadj":0,"voiceSEIrank":45,"voiceScore":0},"scoped":{"SEI":0,"SEIrank":43,"SEIadj":0,"audienceSEI":0,"audienceSEIadj":0,"audienceSEIrank":43,"audienceScore":0,"combinedScore":0,"combinedScoreRank":43,"engagementSEI":0,"engagementSEIadj":0,"engagementSEIrank":38,"engagementScore":0,"voiceSEI":0,"voiceSEIadj":0,"voiceSEIrank":38,"voiceScore":0}}},"blended":{"combined":{"non_scoped":{"SEI":0.5836501160659409,"SEIadj":50.29182505803297,"SEIrank":106,"audienceSEI":0.17684345178052635,"audienceSEIadj":40.10610607106832,"audienceSEIrank":174,"engagementSEI":0.004201009277984544,"engagementSEIadj":40.002520605566794,"engagementSEIrank":163,"voiceSEI":1.8781505510703251,"voiceSEIadj":50.93907527553516,"voiceSEIrank":94},"scoped":{"SEI":4.874413176993724,"SEIadj":52.43720658849686,"SEIrank":116,"compCharisma":0,"compInfluence":3,"compEva":1.874413176993724,"audienceSEI":2.3215134220653426,"audienceSEIadj":41.3929080532392,"audienceSEIrank":158,"engagementSEI":0.109946443427541,"engagementSEIadj":40.065967866056525,"engagementSEIrank":152,"voiceSEI":7.227379731200873,"voiceSEIadj":53.613689865600435,"voiceSEIrank":86}},"facebook":{"non_scoped":{"SEI":0.00000543449906961376,"SEIadj":40.000003260699444,"SEIrank":171,"audienceSEI":0.000054344990696137594,"audienceSEIadj":40.00003260699442,"audienceSEIrank":171,"engagementSEI":0,"engagementSEIadj":0,"engagementSEIrank":161,"voiceSEI":0,"voiceSEIadj":0,"voiceSEIrank":159},"scoped":{"SEI":0.00007022422595346943,"SEIadj":40.00004213453557,"SEIrank":155,"audienceSEI":0.0007022422595346942,"audienceSEIadj":40.00042134535572,"audienceSEIrank":155,"engagementSEI":0,"engagementSEIadj":0,"engagementSEIrank":149,"voiceSEI":0,"voiceSEIadj":0,"voiceSEIrank":147}},"twitter":{"non_scoped":{"SEI":1.266356697701379,"SEIadj":50.63317834885069,"SEIrank":86,"audienceSEI":0.8022423078589065,"audienceSEIadj":50.40112115392945,"audienceSEIrank":137,"engagementSEI":0.28382853451488965,"engagementSEIadj":50.14191426725745,"engagementSEIrank":119,"voiceSEI":3.3861178206885154,"voiceSEIadj":61.3544471282754,"voiceSEIrank":67},"scoped":{"SEI":4.283180661858954,"SEIadj":52.141590330929475,"SEIrank":93,"audienceSEI":3.8133884680387427,"audienceSEIadj":51.90669423401937,"audienceSEIrank":122,"engagementSEI":1.5284627552162977,"engagementSEIadj":50.76423137760815,"engagementSEIrank":118,"voiceSEI":9.949213873084338,"voiceSEIadj":63.979685549233736,"voiceSEIrank":59}},"instagram":{"non_scoped":{"SEI":0,"SEIadj":0,"SEIrank":50,"audienceSEI":0,"audienceSEIadj":0,"audienceSEIrank":50,"engagementSEI":0,"engagementSEIadj":0,"engagementSEIrank":45,"voiceSEI":0,"voiceSEIadj":0,"voiceSEIrank":45},"scoped":{"SEI":0,"SEIadj":0,"SEIrank":43,"audienceSEI":0,"audienceSEIadj":0,"audienceSEIrank":43,"engagementSEI":0,"engagementSEIadj":0,"engagementSEIrank":38,"voiceSEI":0,"voiceSEIadj":0,"voiceSEIrank":38}},"influence":{"facebook":{"scope":"individual","ratio":0,"calculated":false},"instagram":{"scope":"individual","ratio":0,"calculated":false},"combined":{"ratio":0.5,"bottom":true,"scope":"individual","calculated":true},"twitter":{"ratio":0.45,"bottom":false,"scope":"individual","calculated":true}},"charisma":{"facebook":{"scope":"individual","ratio":0,"calculated":false},"instagram":{"scope":"individual","ratio":0,"calculated":false},"combined":{"ratio":0.07,"bottom":false,"scope":"individual","calculated":true},"twitter":{"ratio":0.32,"bottom":false,"scope":"individual","calculated":true}}},"scope":"individual"}}