{"scoreEntityString":"591d1494ab33fb0001804f89.asset.536575ffb08f37d80186dc67","timeQuantum":4984422,"scoreEntityType":"asset","scoreProfileID":"591d1494ab33fb0001804f89","data":{"scoreEntityString":"591d1494ab33fb0001804f89.asset.536575ffb08f37d80186dc67","scoreProfileID":"591d1494ab33fb0001804f89","scoreEntityType":"asset","entityID":"asset.536575ffb08f37d80186dc67","object_version":"1.2","score_engine_version":"3.0.19","timestamp":4984422,"start_quantum":4958502,"end_quantum":4984421,"schedule_options":{"interval":15,"offset":"1"},"_15min":{"boundaryQuantum":4984419,"combined":{"entityString":"536575ffb08f37d80186dc67","type":"combined","profiles":1,"postsMade":0,"repliesMade":0,"repliesRcvd":0,"sharesMade":0,"sharesRcvd":0,"mentionsRcvd":0,"likesRcvd":0,"reachRcvd":0,"audience":7063,"voice":0,"conversation":0,"engagement":0,"group_scoped":{"audienceScore":0.5047083724566286,"voiceScore":0,"engagementScore":0,"combinedScore":0.5047083724566286,"engagementSEI":0,"engagementSEIadj":0,"voiceSEI":0,"voiceSEIadj":0,"audienceSEI":0.7300409310786786,"audienceSEIadj":0.7300409310786786,"SEI":0.07300409310786786,"SEIadj":0.07300409310786786,"combinedScoreRank":127,"SEIrank":133,"engagementSEIrank":229,"voiceSEIrank":229,"audienceSEIrank":133},"non_scoped":{"SEI":0.028093686458071476,"SEIrank":143,"SEIadj":0,"audienceSEI":0.28093686458071476,"audienceSEIadj":0,"audienceSEIrank":143,"audienceScore":0.05201642637944978,"combinedScore":0.002600821318972489,"combinedScoreRank":143,"engagementSEI":0,"engagementSEIadj":0,"engagementSEIrank":229,"engagementScore":0,"voiceSEI":0,"voiceSEIadj":0,"voiceSEIrank":229,"voiceScore":0},"scoped":{"SEI":0.3688000292408349,"SEIrank":129,"SEIadj":0,"audienceSEI":3.6880002924083484,"audienceSEIadj":0,"audienceSEIrank":129,"audienceScore":0.150297221639991,"combinedScore":0.02147103166285586,"combinedScoreRank":129,"engagementSEI":0,"engagementSEIadj":0,"engagementSEIrank":206,"engagementScore":0,"voiceSEI":0,"voiceSEIadj":0,"voiceSEIrank":206,"voiceScore":0}},"facebook":{"entityString":"536575ffb08f37d80186dc67","type":"facebook","profiles":0,"postsMade":0,"repliesMade":0,"repliesRcvd":0,"sharesMade":0,"sharesRcvd":0,"mentionsRcvd":0,"likesRcvd":0,"reachRcvd":0,"audience":0,"voice":0,"conversation":0,"engagement":0,"group_scoped":{"audienceScore":0,"voiceScore":0,"engagementScore":0,"combinedScore":0,"engagementSEI":0,"engagementSEIadj":0,"voiceSEI":0,"voiceSEIadj":0,"audienceSEI":0,"audienceSEIadj":0,"SEI":0,"SEIadj":0,"combinedScoreRank":230,"SEIrank":230,"engagementSEIrank":229,"voiceSEIrank":229,"audienceSEIrank":230},"non_scoped":{"SEI":0,"SEIrank":230,"SEIadj":0,"audienceSEI":0,"audienceSEIadj":0,"audienceSEIrank":230,"audienceScore":0,"combinedScore":0,"combinedScoreRank":230,"engagementSEI":0,"engagementSEIadj":0,"engagementSEIrank":229,"engagementScore":0,"voiceSEI":0,"voiceSEIadj":0,"voiceSEIrank":229,"voiceScore":0},"scoped":{"SEI":0,"SEIrank":207,"SEIadj":0,"audienceSEI":0,"audienceSEIadj":0,"audienceSEIrank":207,"audienceScore":0,"combinedScore":0,"combinedScoreRank":207,"engagementSEI":0,"engagementSEIadj":0,"engagementSEIrank":206,"engagementScore":0,"voiceSEI":0,"voiceSEIadj":0,"voiceSEIrank":206,"voiceScore":0}},"twitter":{"entityString":"536575ffb08f37d80186dc67","type":"twitter","profiles":1,"postsMade":0,"repliesMade":0,"repliesRcvd":0,"sharesMade":0,"sharesRcvd":0,"mentionsRcvd":0,"likesRcvd":0,"reachRcvd":0,"audience":7063,"voice":0,"conversation":0,"engagement":0,"group_scoped":{"audienceScore":2.077267406636197,"voiceScore":0,"engagementScore":0,"combinedScore":2.077267406636197,"engagementSEI":0,"engagementSEIadj":0,"voiceSEI":0,"voiceSEIadj":0,"audienceSEI":5.597204171553555,"audienceSEIadj":5.597204171553555,"SEI":0.5597204171553555,"SEIadj":0.5597204171553555,"combinedScoreRank":71,"SEIrank":82,"engagementSEIrank":228,"voiceSEIrank":228,"audienceSEIrank":81},"non_scoped":{"SEI":0.12747440765821047,"SEIrank":104,"SEIadj":0,"audienceSEI":1.2747440765821048,"audienceSEIadj":0,"audienceSEIrank":104,"audienceScore":0.2063012576694822,"combinedScore":0.010315062883474111,"combinedScoreRank":104,"engagementSEI":0,"engagementSEIadj":0,"engagementSEIrank":228,"engagementScore":0,"voiceSEI":0,"voiceSEIadj":0,"voiceSEIrank":228,"voiceScore":0},"scoped":{"SEI":0.6059384195671011,"SEIrank":91,"SEIadj":0,"audienceSEI":6.059384195671011,"audienceSEIadj":0,"audienceSEIrank":91,"audienceScore":0.3275111195195329,"combinedScore":0.046787302788504695,"combinedScoreRank":91,"engagementSEI":0,"engagementSEIadj":0,"engagementSEIrank":206,"engagementScore":0,"voiceSEI":0,"voiceSEIadj":0,"voiceSEIrank":206,"voiceScore":0}},"instagram":{"entityString":"536575ffb08f37d80186dc67","type":"instagram","profiles":0,"postsMade":0,"repliesMade":0,"repliesRcvd":0,"sharesMade":0,"sharesRcvd":0,"mentionsRcvd":0,"likesRcvd":0,"reachRcvd":0,"audience":0,"voice":0,"conversation":0,"engagement":0,"group_scoped":{"audienceScore":0,"voiceScore":0,"engagementScore":0,"combinedScore":0,"engagementSEI":0,"engagementSEIadj":0,"voiceSEI":0,"voiceSEIadj":0,"audienceSEI":0,"audienceSEIadj":0,"SEI":0,"SEIadj":0,"combinedScoreRank":229,"SEIrank":229,"engagementSEIrank":228,"voiceSEIrank":228,"audienceSEIrank":229},"non_scoped":{"SEI":0,"SEIrank":229,"SEIadj":0,"audienceSEI":0,"audienceSEIadj":0,"audienceSEIrank":229,"audienceScore":0,"combinedScore":0,"combinedScoreRank":229,"engagementSEI":0,"engagementSEIadj":0,"engagementSEIrank":228,"engagementScore":0,"voiceSEI":0,"voiceSEIadj":0,"voiceSEIrank":228,"voiceScore":0},"scoped":{"SEI":0,"SEIrank":206,"SEIadj":0,"audienceSEI":0,"audienceSEIadj":0,"audienceSEIrank":206,"audienceScore":0,"combinedScore":0,"combinedScoreRank":206,"engagementSEI":0,"engagementSEIadj":0,"engagementSEIrank":206,"engagementScore":0,"voiceSEI":0,"voiceSEIadj":0,"voiceSEIrank":206,"voiceScore":0}}},"hour":{"boundaryQuantum":4984410,"combined":{"entityString":"536575ffb08f37d80186dc67","type":"combined","profiles":1,"postsMade":0,"repliesMade":0,"repliesRcvd":0,"sharesMade":0,"sharesRcvd":0,"mentionsRcvd":0,"likesRcvd":0,"reachRcvd":0,"audience":7063,"voice":0,"conversation":0,"engagement":0,"group_scoped":{"audienceScore":0.5047083724566286,"voiceScore":0,"engagementScore":0,"combinedScore":0.5047083724566286,"combinedScoreRank":113,"SEIrank":142,"engagementSEIrank":229,"voiceSEIrank":229,"audienceSEIrank":133,"engagementSEI":0,"engagementSEIadj":0,"voiceSEI":0,"voiceSEIadj":0,"audienceSEI":0.7300409310786786,"audienceSEIadj":0.7300409310786786,"SEI":0.07300409310786786,"SEIadj":0.07300409310786786},"non_scoped":{"SEI":0.028093686458071476,"SEIrank":147,"SEIadj":0,"audienceSEI":0.28093686458071476,"audienceSEIadj":0,"audienceSEIrank":143,"audienceScore":0.05201642637944978,"combinedScore":0.002600821318972489,"combinedScoreRank":149,"engagementSEI":0,"engagementSEIadj":0,"engagementSEIrank":229,"engagementScore":0,"voiceSEI":0,"voiceSEIadj":0,"voiceSEIrank":229,"voiceScore":0},"scoped":{"SEI":0.3688000292408349,"SEIrank":132,"SEIadj":0,"audienceSEI":3.6880002924083484,"audienceSEIadj":0,"audienceSEIrank":129,"audienceScore":0.150297221639991,"combinedScore":0.007514861081999551,"combinedScoreRank":135,"engagementSEI":0,"engagementSEIadj":0,"engagementSEIrank":206,"engagementScore":0,"voiceSEI":0,"voiceSEIadj":0,"voiceSEIrank":206,"voiceScore":0}},"facebook":{"entityString":"536575ffb08f37d80186dc67","type":"facebook","profiles":0,"postsMade":0,"repliesMade":0,"repliesRcvd":0,"sharesMade":0,"sharesRcvd":0,"mentionsRcvd":0,"likesRcvd":0,"reachRcvd":0,"audience":0,"voice":0,"conversation":0,"engagement":0,"group_scoped":{"audienceScore":0,"voiceScore":0,"engagementScore":0,"combinedScore":0,"combinedScoreRank":230,"SEIrank":230,"engagementSEIrank":229,"voiceSEIrank":229,"audienceSEIrank":230,"engagementSEI":0,"engagementSEIadj":0,"voiceSEI":0,"voiceSEIadj":0,"audienceSEI":0,"audienceSEIadj":0,"SEI":0,"SEIadj":0},"non_scoped":{"SEI":0,"SEIrank":230,"SEIadj":0,"audienceSEI":0,"audienceSEIadj":0,"audienceSEIrank":230,"audienceScore":0,"combinedScore":0,"combinedScoreRank":230,"engagementSEI":0,"engagementSEIadj":0,"engagementSEIrank":229,"engagementScore":0,"voiceSEI":0,"voiceSEIadj":0,"voiceSEIrank":229,"voiceScore":0},"scoped":{"SEI":0,"SEIrank":207,"SEIadj":0,"audienceSEI":0,"audienceSEIadj":0,"audienceSEIrank":207,"audienceScore":0,"combinedScore":0,"combinedScoreRank":207,"engagementSEI":0,"engagementSEIadj":0,"engagementSEIrank":206,"engagementScore":0,"voiceSEI":0,"voiceSEIadj":0,"voiceSEIrank":206,"voiceScore":0}},"twitter":{"entityString":"536575ffb08f37d80186dc67","type":"twitter","profiles":1,"postsMade":0,"repliesMade":0,"repliesRcvd":0,"sharesMade":0,"sharesRcvd":0,"mentionsRcvd":0,"likesRcvd":0,"reachRcvd":0,"audience":7063,"voice":0,"conversation":0,"engagement":0,"group_scoped":{"audienceScore":2.077267406636197,"voiceScore":0,"engagementScore":0,"combinedScore":2.077267406636197,"combinedScoreRank":79,"SEIrank":99,"engagementSEIrank":229,"voiceSEIrank":229,"audienceSEIrank":81,"engagementSEI":0,"engagementSEIadj":0,"voiceSEI":0,"voiceSEIadj":0,"audienceSEI":5.597204171553555,"audienceSEIadj":5.597204171553555,"SEI":0.5597204171553555,"SEIadj":0.5597204171553555},"non_scoped":{"SEI":0.12747440765821047,"SEIrank":112,"SEIadj":0,"audienceSEI":1.2747440765821048,"audienceSEIadj":0,"audienceSEIrank":104,"audienceScore":0.2063012576694822,"combinedScore":0.010315062883474111,"combinedScoreRank":112,"engagementSEI":0,"engagementSEIadj":0,"engagementSEIrank":229,"engagementScore":0,"voiceSEI":0,"voiceSEIadj":0,"voiceSEIrank":229,"voiceScore":0},"scoped":{"SEI":0.6059384195671011,"SEIrank":99,"SEIadj":0,"audienceSEI":6.059384195671011,"audienceSEIadj":0,"audienceSEIrank":91,"audienceScore":0.3275111195195329,"combinedScore":0.016375555975976643,"combinedScoreRank":99,"engagementSEI":0,"engagementSEIadj":0,"engagementSEIrank":206,"engagementScore":0,"voiceSEI":0,"voiceSEIadj":0,"voiceSEIrank":206,"voiceScore":0}},"instagram":{"entityString":"536575ffb08f37d80186dc67","type":"instagram","profiles":0,"postsMade":0,"repliesMade":0,"repliesRcvd":0,"sharesMade":0,"sharesRcvd":0,"mentionsRcvd":0,"likesRcvd":0,"reachRcvd":0,"audience":0,"voice":0,"conversation":0,"engagement":0,"group_scoped":{"audienceScore":0,"voiceScore":0,"engagementScore":0,"combinedScore":0,"combinedScoreRank":229,"SEIrank":229,"engagementSEIrank":228,"voiceSEIrank":228,"audienceSEIrank":229,"engagementSEI":0,"engagementSEIadj":0,"voiceSEI":0,"voiceSEIadj":0,"audienceSEI":0,"audienceSEIadj":0,"SEI":0,"SEIadj":0},"non_scoped":{"SEI":0,"SEIrank":229,"SEIadj":0,"audienceSEI":0,"audienceSEIadj":0,"audienceSEIrank":229,"audienceScore":0,"combinedScore":0,"combinedScoreRank":229,"engagementSEI":0,"engagementSEIadj":0,"engagementSEIrank":228,"engagementScore":0,"voiceSEI":0,"voiceSEIadj":0,"voiceSEIrank":228,"voiceScore":0},"scoped":{"SEI":0,"SEIrank":206,"SEIadj":0,"audienceSEI":0,"audienceSEIadj":0,"audienceSEIrank":206,"audienceScore":0,"combinedScore":0,"combinedScoreRank":206,"engagementSEI":0,"engagementSEIadj":0,"engagementSEIrank":206,"engagementScore":0,"voiceSEI":0,"voiceSEIadj":0,"voiceSEIrank":206,"voiceScore":0}}},"today":{"boundaryQuantum":4984134,"combined":{"entityString":"536575ffb08f37d80186dc67","type":"combined","profiles":1,"postsMade":0,"repliesMade":0,"repliesRcvd":0,"sharesMade":0,"sharesRcvd":0,"mentionsRcvd":0,"likesRcvd":1,"reachRcvd":0,"audience":7063,"voice":0,"conversation":0,"engagement":1,"group_scoped":{"audienceScore":0.5047083724566286,"voiceScore":0,"engagementScore":0.009148293843198244,"combinedScore":0.079942590787974,"combinedScoreRank":191,"SEIrank":164,"engagementSEIrank":138,"voiceSEIrank":229,"audienceSEIrank":133,"engagementSEI":0.010341261633919338,"engagementSEIadj":0.010341261633919338,"voiceSEI":0,"voiceSEIadj":0,"audienceSEI":0.7300409310786786,"audienceSEIadj":0.7300409310786786,"SEI":0.07920885008821946,"SEIadj":0.07920885008821946},"non_scoped":{"SEI":0.028400917131981958,"SEIrank":168,"SEIadj":0,"audienceSEI":0.28093686458071476,"audienceSEIadj":0,"audienceSEIrank":143,"audienceScore":0.05201642637944978,"combinedScore":0.0028409545128506935,"combinedScoreRank":173,"engagementSEI":0.0005120511231841387,"engagementSEIadj":0,"engagementSEIrank":163,"engagementScore":0.0002668146598646716,"voiceSEI":0,"voiceSEIadj":0,"voiceSEIrank":229,"voiceScore":0},"scoped":{"SEI":0.3721744176329388,"SEIrank":152,"SEIadj":0,"audienceSEI":3.6880002924083484,"audienceSEIadj":0,"audienceSEIrank":129,"audienceScore":0.150297221639991,"combinedScore":0.00992076356275233,"combinedScoreRank":159,"engagementSEI":0.0056239806535065525,"engagementSEIadj":0,"engagementSEIrank":151,"engagementScore":0.0026732249786142,"voiceSEI":0,"voiceSEIadj":0,"voiceSEIrank":206,"voiceScore":0}},"facebook":{"entityString":"536575ffb08f37d80186dc67","type":"facebook","profiles":0,"postsMade":0,"repliesMade":0,"repliesRcvd":0,"sharesMade":0,"sharesRcvd":0,"mentionsRcvd":0,"likesRcvd":0,"reachRcvd":0,"audience":0,"voice":0,"conversation":0,"engagement":0,"group_scoped":{"audienceScore":0,"voiceScore":0,"engagementScore":0,"combinedScore":0,"combinedScoreRank":230,"SEIrank":230,"engagementSEIrank":229,"voiceSEIrank":229,"audienceSEIrank":230,"engagementSEI":0,"engagementSEIadj":0,"voiceSEI":0,"voiceSEIadj":0,"audienceSEI":0,"audienceSEIadj":0,"SEI":0,"SEIadj":0},"non_scoped":{"SEI":0,"SEIrank":230,"SEIadj":0,"audienceSEI":0,"audienceSEIadj":0,"audienceSEIrank":230,"audienceScore":0,"combinedScore":0,"combinedScoreRank":230,"engagementSEI":0,"engagementSEIadj":0,"engagementSEIrank":229,"engagementScore":0,"voiceSEI":0,"voiceSEIadj":0,"voiceSEIrank":229,"voiceScore":0},"scoped":{"SEI":0,"SEIrank":207,"SEIadj":0,"audienceSEI":0,"audienceSEIadj":0,"audienceSEIrank":207,"audienceScore":0,"combinedScore":0,"combinedScoreRank":207,"engagementSEI":0,"engagementSEIadj":0,"engagementSEIrank":206,"engagementScore":0,"voiceSEI":0,"voiceSEIadj":0,"voiceSEIrank":206,"voiceScore":0}},"twitter":{"entityString":"536575ffb08f37d80186dc67","type":"twitter","profiles":1,"postsMade":0,"repliesMade":0,"repliesRcvd":0,"sharesMade":0,"sharesRcvd":0,"mentionsRcvd":0,"likesRcvd":1,"reachRcvd":0,"audience":7063,"voice":0,"conversation":0,"engagement":1,"group_scoped":{"audienceScore":2.077267406636197,"voiceScore":0,"engagementScore":0.2808988764044944,"combinedScore":0.5375229521518805,"combinedScoreRank":172,"SEIrank":133,"engagementSEIrank":113,"voiceSEIrank":229,"audienceSEIrank":81,"engagementSEI":0.628930817610063,"engagementSEIadj":0.628930817610063,"voiceSEI":0,"voiceSEIadj":0,"audienceSEI":5.597204171553555,"audienceSEIadj":5.597204171553555,"SEI":0.9370789077213932,"SEIadj":0.9370789077213932},"non_scoped":{"SEI":0.16530542909578927,"SEIrank":144,"SEIadj":0,"audienceSEI":1.2747440765821048,"audienceSEIadj":0,"audienceSEIrank":104,"audienceScore":0.2063012576694822,"combinedScore":0.02456007712848836,"combinedScoreRank":127,"engagementSEI":0.06305170239596469,"engagementSEIadj":0,"engagementSEIrank":132,"engagementScore":0.015827793605571384,"voiceSEI":0,"voiceSEIadj":0,"voiceSEIrank":229,"voiceScore":0},"scoped":{"SEI":0.7174625831358744,"SEIrank":131,"SEIadj":0,"audienceSEI":6.059384195671011,"audienceSEIadj":0,"audienceSEIrank":91,"audienceScore":0.3275111195195329,"combinedScore":0.04141032649058026,"combinedScoreRank":115,"engagementSEI":0.18587360594795538,"engagementSEIadj":0,"engagementSEIrank":121,"engagementScore":0.027816411682892908,"voiceSEI":0,"voiceSEIadj":0,"voiceSEIrank":206,"voiceScore":0}},"instagram":{"entityString":"536575ffb08f37d80186dc67","type":"instagram","profiles":0,"postsMade":0,"repliesMade":0,"repliesRcvd":0,"sharesMade":0,"sharesRcvd":0,"mentionsRcvd":0,"likesRcvd":0,"reachRcvd":0,"audience":0,"voice":0,"conversation":0,"engagement":0,"group_scoped":{"audienceScore":0,"voiceScore":0,"engagementScore":0,"combinedScore":0,"combinedScoreRank":229,"SEIrank":229,"engagementSEIrank":229,"voiceSEIrank":229,"audienceSEIrank":229,"engagementSEI":0,"engagementSEIadj":0,"voiceSEI":0,"voiceSEIadj":0,"audienceSEI":0,"audienceSEIadj":0,"SEI":0,"SEIadj":0},"non_scoped":{"SEI":0,"SEIrank":229,"SEIadj":0,"audienceSEI":0,"audienceSEIadj":0,"audienceSEIrank":229,"audienceScore":0,"combinedScore":0,"combinedScoreRank":229,"engagementSEI":0,"engagementSEIadj":0,"engagementSEIrank":229,"engagementScore":0,"voiceSEI":0,"voiceSEIadj":0,"voiceSEIrank":229,"voiceScore":0},"scoped":{"SEI":0,"SEIrank":206,"SEIadj":0,"audienceSEI":0,"audienceSEIadj":0,"audienceSEIrank":206,"audienceScore":0,"combinedScore":0,"combinedScoreRank":206,"engagementSEI":0,"engagementSEIadj":0,"engagementSEIrank":206,"engagementScore":0,"voiceSEI":0,"voiceSEIadj":0,"voiceSEIrank":206,"voiceScore":0}}},"week":{"boundaryQuantum":4982406,"combined":{"entityString":"536575ffb08f37d80186dc67","type":"combined","profiles":1,"postsMade":22,"repliesMade":0,"repliesRcvd":0,"sharesMade":0,"sharesRcvd":77,"mentionsRcvd":0,"likesRcvd":122,"reachRcvd":0,"audience":7063,"voice":22,"conversation":22,"engagement":199,"group_scoped":{"audienceScore":0.5047083724566286,"voiceScore":2.0522388059701493,"engagementScore":0.17867724962738163,"combinedScore":0.28865688358598235,"combinedScoreRank":86,"SEIrank":87,"engagementSEIrank":69,"voiceSEIrank":79,"audienceSEIrank":133,"engagementSEI":0.21260683760683763,"engagementSEIadj":0.21260683760683763,"voiceSEI":3.3639143730886847,"voiceSEIadj":3.3639143730886847,"audienceSEI":0.7300409310786786,"audienceSEIadj":0.7300409310786786,"SEI":1.209742507598576,"SEIadj":1.209742507598576},"non_scoped":{"SEI":0.8077531054170514,"SEIrank":81,"SEIadj":0,"audienceSEI":0.28093686458071476,"audienceSEIadj":0,"audienceSEIrank":143,"audienceScore":0.05201642637944978,"combinedScore":0.022051648824572338,"combinedScoreRank":106,"engagementSEI":0.020362597489772653,"engagementSEIadj":0,"engagementSEIrank":97,"engagementScore":0.008299513164737829,"voiceSEI":2.558139534883721,"voiceSEIadj":0,"voiceSEIrank":78,"voiceScore":0.23962531314671606},"scoped":{"SEI":3.7388597028024537,"SEIrank":88,"SEIadj":0,"audienceSEI":3.6880002924083484,"audienceSEIadj":0,"audienceSEIrank":129,"audienceScore":0.150297221639991,"combinedScore":0.11961317142424029,"combinedScoreRank":89,"engagementSEI":0.6618111676477435,"engagementSEIadj":0,"engagementSEIrank":87,"engagementScore":0.09665543067522804,"voiceSEI":9.90990990990991,"voiceSEIadj":0,"voiceSEIrank":68,"voiceScore":0.5021684546907099}},"facebook":{"entityString":"536575ffb08f37d80186dc67","type":"facebook","profiles":0,"postsMade":0,"repliesMade":0,"repliesRcvd":0,"sharesMade":0,"sharesRcvd":0,"mentionsRcvd":0,"likesRcvd":0,"reachRcvd":0,"audience":0,"voice":0,"conversation":0,"engagement":0,"group_scoped":{"audienceScore":0,"voiceScore":0,"engagementScore":0,"combinedScore":0,"combinedScoreRank":230,"SEIrank":230,"engagementSEIrank":229,"voiceSEIrank":229,"audienceSEIrank":230,"engagementSEI":0,"engagementSEIadj":0,"voiceSEI":0,"voiceSEIadj":0,"audienceSEI":0,"audienceSEIadj":0,"SEI":0,"SEIadj":0},"non_scoped":{"SEI":0,"SEIrank":230,"SEIadj":0,"audienceSEI":0,"audienceSEIadj":0,"audienceSEIrank":230,"audienceScore":0,"combinedScore":0,"combinedScoreRank":230,"engagementSEI":0,"engagementSEIadj":0,"engagementSEIrank":229,"engagementScore":0,"voiceSEI":0,"voiceSEIadj":0,"voiceSEIrank":229,"voiceScore":0},"scoped":{"SEI":0,"SEIrank":207,"SEIadj":0,"audienceSEI":0,"audienceSEIadj":0,"audienceSEIrank":207,"audienceScore":0,"combinedScore":0,"combinedScoreRank":207,"engagementSEI":0,"engagementSEIadj":0,"engagementSEIrank":206,"engagementScore":0,"voiceSEI":0,"voiceSEIadj":0,"voiceSEIrank":206,"voiceScore":0}},"twitter":{"entityString":"536575ffb08f37d80186dc67","type":"twitter","profiles":1,"postsMade":22,"repliesMade":0,"repliesRcvd":0,"sharesMade":0,"sharesRcvd":77,"mentionsRcvd":0,"likesRcvd":122,"reachRcvd":0,"audience":7063,"voice":22,"conversation":22,"engagement":199,"group_scoped":{"audienceScore":2.077267406636197,"voiceScore":2.91005291005291,"engagementScore":3.5127978817299206,"combinedScore":3.4108841093913838,"combinedScoreRank":43,"SEIrank":50,"engagementSEIrank":38,"voiceSEIrank":64,"audienceSEIrank":81,"engagementSEI":7.899960301707027,"engagementSEIadj":7.899960301707027,"voiceSEI":5.5696202531645564,"voiceSEIadj":5.5696202531645564,"audienceSEI":5.597204171553555,"audienceSEIadj":5.597204171553555,"SEI":6.970582674128938,"SEIadj":6.970582674128938},"non_scoped":{"SEI":2.259171489323107,"SEIrank":54,"SEIadj":0,"audienceSEI":1.2747440765821048,"audienceSEIadj":0,"audienceSEIrank":104,"audienceScore":0.2063012576694822,"combinedScore":0.32152227426057556,"combinedScoreRank":46,"engagementSEI":1.2753957572261745,"engagementSEIadj":0,"engagementSEIrank":46,"engagementScore":0.32447415620414155,"voiceSEI":4.554865424430641,"voiceSEIadj":0,"voiceSEIrank":56,"voiceScore":0.3836094158674804},"scoped":{"SEI":9.230317371689955,"SEIrank":43,"SEIadj":0,"audienceSEI":6.059384195671011,"audienceSEIadj":0,"audienceSEIrank":91,"audienceScore":0.3275111195195329,"combinedScore":0.6660699035735699,"combinedScoreRank":36,"engagementSEI":7.583841463414634,"engagementSEIadj":0,"engagementSEIrank":36,"engagementScore":0.6829335255156319,"voiceSEI":13.580246913580247,"voiceSEIadj":0,"voiceSEIrank":46,"voiceScore":0.7010834926704907}},"instagram":{"entityString":"536575ffb08f37d80186dc67","type":"instagram","profiles":0,"postsMade":0,"repliesMade":0,"repliesRcvd":0,"sharesMade":0,"sharesRcvd":0,"mentionsRcvd":0,"likesRcvd":0,"reachRcvd":0,"audience":0,"voice":0,"conversation":0,"engagement":0,"group_scoped":{"audienceScore":0,"voiceScore":0,"engagementScore":0,"combinedScore":0,"combinedScoreRank":229,"SEIrank":229,"engagementSEIrank":229,"voiceSEIrank":229,"audienceSEIrank":229,"engagementSEI":0,"engagementSEIadj":0,"voiceSEI":0,"voiceSEIadj":0,"audienceSEI":0,"audienceSEIadj":0,"SEI":0,"SEIadj":0},"non_scoped":{"SEI":0,"SEIrank":229,"SEIadj":0,"audienceSEI":0,"audienceSEIadj":0,"audienceSEIrank":229,"audienceScore":0,"combinedScore":0,"combinedScoreRank":229,"engagementSEI":0,"engagementSEIadj":0,"engagementSEIrank":229,"engagementScore":0,"voiceSEI":0,"voiceSEIadj":0,"voiceSEIrank":229,"voiceScore":0},"scoped":{"SEI":0,"SEIrank":206,"SEIadj":0,"audienceSEI":0,"audienceSEIadj":0,"audienceSEIrank":206,"audienceScore":0,"combinedScore":0,"combinedScoreRank":206,"engagementSEI":0,"engagementSEIadj":0,"engagementSEIrank":206,"engagementScore":0,"voiceSEI":0,"voiceSEIadj":0,"voiceSEIrank":206,"voiceScore":0}}},"month":{"boundaryQuantum":4975782,"combined":{"entityString":"536575ffb08f37d80186dc67","type":"combined","profiles":1,"postsMade":97,"repliesMade":0,"repliesRcvd":0,"sharesMade":0,"sharesRcvd":404,"mentionsRcvd":0,"likesRcvd":681,"reachRcvd":0,"audience":7063,"voice":97,"conversation":97,"engagement":1085,"group_scoped":{"audienceScore":0.5047083724566286,"voiceScore":2.1661456007146045,"engagementScore":0.273283915541417,"combinedScore":0.379498222645837,"combinedScoreRank":69,"SEIrank":79,"engagementSEIrank":61,"voiceSEIrank":68,"audienceSEIrank":133,"engagementSEI":0.3380241321191465,"engagementSEIadj":0.3380241321191465,"voiceSEI":3.5479151426481343,"voiceSEIadj":3.5479151426481343,"audienceSEI":0.7300409310786786,"audienceSEIadj":0.7300409310786786,"SEI":1.340193115173796,"SEIadj":1.340193115173796},"non_scoped":{"SEI":0.8501475733251382,"SEIrank":76,"SEIadj":0,"audienceSEI":0.28093686458071476,"audienceSEIadj":0,"audienceSEIrank":143,"audienceScore":0.05201642637944978,"combinedScore":0.02605631037675018,"combinedScoreRank":99,"engagementSEI":0.029940598955473224,"engagementSEIadj":0,"engagementSEIrank":90,"engagementScore":0.01179212216682038,"voiceSEI":2.6802984249792763,"voiceSEIadj":0,"voiceSEIrank":69,"voiceScore":0.256851582152787},"scoped":{"SEI":4.034166948787579,"SEIrank":88,"SEIadj":0,"audienceSEI":3.6880002924083484,"audienceSEIadj":0,"audienceSEIrank":129,"audienceScore":0.150297221639991,"combinedScore":0.13752069078940649,"combinedScoreRank":83,"engagementSEI":1.0036817080165028,"engagementSEIadj":0,"engagementSEIrank":80,"engagementScore":0.11436220671627631,"voiceSEI":10.210526315789474,"voiceSEIadj":0,"voiceSEIrank":59,"voiceScore":0.5415968732551647}},"facebook":{"entityString":"536575ffb08f37d80186dc67","type":"facebook","profiles":0,"postsMade":0,"repliesMade":0,"repliesRcvd":0,"sharesMade":0,"sharesRcvd":0,"mentionsRcvd":0,"likesRcvd":0,"reachRcvd":0,"audience":0,"voice":0,"conversation":0,"engagement":0,"group_scoped":{"audienceScore":0,"voiceScore":0,"engagementScore":0,"combinedScore":0,"combinedScoreRank":230,"SEIrank":230,"engagementSEIrank":229,"voiceSEIrank":229,"audienceSEIrank":230,"engagementSEI":0,"engagementSEIadj":0,"voiceSEI":0,"voiceSEIadj":0,"audienceSEI":0,"audienceSEIadj":0,"SEI":0,"SEIadj":0},"non_scoped":{"SEI":0,"SEIrank":230,"SEIadj":0,"audienceSEI":0,"audienceSEIadj":0,"audienceSEIrank":230,"audienceScore":0,"combinedScore":0,"combinedScoreRank":230,"engagementSEI":0,"engagementSEIadj":0,"engagementSEIrank":229,"engagementScore":0,"voiceSEI":0,"voiceSEIadj":0,"voiceSEIrank":229,"voiceScore":0},"scoped":{"SEI":0,"SEIrank":207,"SEIadj":0,"audienceSEI":0,"audienceSEIadj":0,"audienceSEIrank":207,"audienceScore":0,"combinedScore":0,"combinedScoreRank":207,"engagementSEI":0,"engagementSEIadj":0,"engagementSEIrank":206,"engagementScore":0,"voiceSEI":0,"voiceSEIadj":0,"voiceSEIrank":206,"voiceScore":0}},"twitter":{"entityString":"536575ffb08f37d80186dc67","type":"twitter","profiles":1,"postsMade":97,"repliesMade":0,"repliesRcvd":0,"sharesMade":0,"sharesRcvd":404,"mentionsRcvd":0,"likesRcvd":681,"reachRcvd":0,"audience":7063,"voice":97,"conversation":97,"engagement":1085,"group_scoped":{"audienceScore":2.077267406636197,"voiceScore":3.0862233534839323,"engagementScore":4.290742278641199,"combinedScore":4.119842588783086,"combinedScoreRank":37,"SEIrank":39,"engagementSEIrank":31,"voiceSEIrank":59,"audienceSEIrank":81,"engagementSEI":11.599315800726961,"engagementSEIadj":11.599315800726961,"voiceSEI":5.9038344491783326,"voiceSEIadj":5.9038344491783326,"audienceSEI":5.597204171553555,"audienceSEIadj":5.597204171553555,"SEI":9.290460232345032,"SEIadj":9.290460232345032},"non_scoped":{"SEI":2.7178789700543775,"SEIrank":50,"SEIadj":0,"audienceSEI":1.2747440765821048,"audienceSEIadj":0,"audienceSEIrank":104,"audienceScore":0.2063012576694822,"combinedScore":0.43587510887591635,"combinedScoreRank":41,"engagementSEI":1.8826019815036523,"engagementSEIadj":0,"engagementSEIrank":40,"engagementScore":0.4497241553682972,"voiceSEI":4.8694779116465865,"voiceSEIadj":0,"voiceSEIrank":51,"voiceScore":0.4161661232194955},"scoped":{"SEI":11.546590308563625,"SEIrank":38,"SEIadj":0,"audienceSEI":6.059384195671011,"audienceSEIadj":0,"audienceSEIrank":91,"audienceScore":0.3275111195195329,"combinedScore":0.8758890856988635,"combinedScoreRank":30,"engagementSEI":10.703363914373089,"engagementSEIadj":0,"engagementSEIrank":30,"engagementScore":0.9128847157016171,"voiceSEI":15.062111801242237,"voiceSEIadj":0,"voiceSEIrank":41,"voiceScore":0.7583457118286295}},"instagram":{"entityString":"536575ffb08f37d80186dc67","type":"instagram","profiles":0,"postsMade":0,"repliesMade":0,"repliesRcvd":0,"sharesMade":0,"sharesRcvd":0,"mentionsRcvd":0,"likesRcvd":0,"reachRcvd":0,"audience":0,"voice":0,"conversation":0,"engagement":0,"group_scoped":{"audienceScore":0,"voiceScore":0,"engagementScore":0,"combinedScore":0,"combinedScoreRank":229,"SEIrank":229,"engagementSEIrank":229,"voiceSEIrank":229,"audienceSEIrank":229,"engagementSEI":0,"engagementSEIadj":0,"voiceSEI":0,"voiceSEIadj":0,"audienceSEI":0,"audienceSEIadj":0,"SEI":0,"SEIadj":0},"non_scoped":{"SEI":0,"SEIrank":229,"SEIadj":0,"audienceSEI":0,"audienceSEIadj":0,"audienceSEIrank":229,"audienceScore":0,"combinedScore":0,"combinedScoreRank":229,"engagementSEI":0,"engagementSEIadj":0,"engagementSEIrank":229,"engagementScore":0,"voiceSEI":0,"voiceSEIadj":0,"voiceSEIrank":229,"voiceScore":0},"scoped":{"SEI":0,"SEIrank":206,"SEIadj":0,"audienceSEI":0,"audienceSEIadj":0,"audienceSEIrank":206,"audienceScore":0,"combinedScore":0,"combinedScoreRank":206,"engagementSEI":0,"engagementSEIadj":0,"engagementSEIrank":206,"engagementScore":0,"voiceSEI":0,"voiceSEIadj":0,"voiceSEIrank":206,"voiceScore":0}}},"quarter":{"boundaryQuantum":4958502,"combined":{"entityString":"536575ffb08f37d80186dc67","type":"combined","profiles":1,"postsMade":271,"repliesMade":0,"repliesRcvd":0,"sharesMade":0,"sharesRcvd":931,"mentionsRcvd":0,"likesRcvd":2037,"reachRcvd":0,"audience":7063,"voice":271,"conversation":271,"engagement":2968,"group_scoped":{"audienceScore":0.5047083724566286,"voiceScore":1.9114120468331215,"engagementScore":0.24060833049597097,"combinedScore":0.3373535184108614,"combinedScoreRank":75,"SEIrank":85,"engagementSEIrank":65,"voiceSEIrank":76,"audienceSEIrank":133,"engagementSEI":0.29099865089574245,"engagementSEIadj":0.29099865089574245,"voiceSEI":3.14896583778759,"voiceSEIadj":3.14896583778759,"audienceSEI":0.7300409310786786,"audienceSEIadj":0.7300409310786786,"SEI":1.1922930349815903,"SEIadj":1.1922930349815903},"non_scoped":{"SEI":0.8028733376428686,"SEIrank":86,"SEIadj":0,"audienceSEI":0.28093686458071476,"audienceSEIadj":0,"audienceSEIrank":143,"audienceScore":0.05201642637944978,"combinedScore":0.023678155023457513,"combinedScoreRank":104,"engagementSEI":0.025890378671212952,"engagementSEIadj":0,"engagementSEIrank":99,"engagementScore":0.010027020252013344,"voiceSEI":2.5308180799402313,"voiceSEIadj":0,"voiceSEIrank":72,"voiceScore":0.24106030955346022},"scoped":{"SEI":3.8938107931096537,"SEIrank":89,"SEIadj":0,"audienceSEI":3.6880002924083484,"audienceSEIadj":0,"audienceSEIrank":129,"audienceScore":0.150297221639991,"combinedScore":0.121033390105294,"combinedScoreRank":91,"engagementSEI":0.6005920931484341,"engagementSEIadj":0,"engagementSEIrank":89,"engagementScore":0.09796731034182272,"voiceSEI":10.548851693265862,"voiceSEIadj":0,"voiceSEIrank":62,"voiceScore":0.5069589943130799}},"facebook":{"entityString":"536575ffb08f37d80186dc67","type":"facebook","profiles":0,"postsMade":0,"repliesMade":0,"repliesRcvd":0,"sharesMade":0,"sharesRcvd":0,"mentionsRcvd":0,"likesRcvd":0,"reachRcvd":0,"audience":0,"voice":0,"conversation":0,"engagement":0,"group_scoped":{"audienceScore":0,"voiceScore":0,"engagementScore":0,"combinedScore":0,"combinedScoreRank":230,"SEIrank":230,"engagementSEIrank":229,"voiceSEIrank":229,"audienceSEIrank":230,"engagementSEI":0,"engagementSEIadj":0,"voiceSEI":0,"voiceSEIadj":0,"audienceSEI":0,"audienceSEIadj":0,"SEI":0,"SEIadj":0},"non_scoped":{"SEI":0,"SEIrank":230,"SEIadj":0,"audienceSEI":0,"audienceSEIadj":0,"audienceSEIrank":230,"audienceScore":0,"combinedScore":0,"combinedScoreRank":230,"engagementSEI":0,"engagementSEIadj":0,"engagementSEIrank":229,"engagementScore":0,"voiceSEI":0,"voiceSEIadj":0,"voiceSEIrank":229,"voiceScore":0},"scoped":{"SEI":0,"SEIrank":207,"SEIadj":0,"audienceSEI":0,"audienceSEIadj":0,"audienceSEIrank":207,"audienceScore":0,"combinedScore":0,"combinedScoreRank":207,"engagementSEI":0,"engagementSEIadj":0,"engagementSEIrank":206,"engagementScore":0,"voiceSEI":0,"voiceSEIadj":0,"voiceSEIrank":206,"voiceScore":0}},"twitter":{"entityString":"536575ffb08f37d80186dc67","type":"twitter","profiles":1,"postsMade":271,"repliesMade":0,"repliesRcvd":0,"sharesMade":0,"sharesRcvd":931,"mentionsRcvd":0,"likesRcvd":2037,"reachRcvd":0,"audience":7063,"voice":271,"conversation":271,"engagement":2968,"group_scoped":{"audienceScore":2.077267406636197,"voiceScore":2.6749580495508836,"engagementScore":3.546039976582755,"combinedScore":3.4290472517338335,"combinedScoreRank":45,"SEIrank":47,"engagementSEIrank":40,"voiceSEIrank":69,"audienceSEIrank":81,"engagementSEI":8.723510566381565,"engagementSEIadj":8.723510566381565,"voiceSEI":5.112242973023958,"voiceSEIadj":5.112242973023958,"audienceSEI":5.597204171553555,"audienceSEIadj":5.597204171553555,"SEI":7.327499648891481,"SEIadj":7.327499648891481},"non_scoped":{"SEI":2.325163488605404,"SEIrank":57,"SEIadj":0,"audienceSEI":1.2747440765821048,"audienceSEIadj":0,"audienceSEIrank":104,"audienceScore":0.2063012576694822,"combinedScore":0.3511796873081312,"combinedScoreRank":48,"engagementSEI":1.4074889032209112,"engagementSEIadj":0,"engagementSEIrank":47,"engagementScore":0.35710848012320723,"voiceSEI":4.510652463382157,"voiceSEIadj":0,"voiceSEIrank":57,"voiceScore":0.38933984627541124},"scoped":{"SEI":10.757929256723715,"SEIrank":42,"SEIadj":0,"audienceSEI":6.059384195671011,"audienceSEIadj":0,"audienceSEIrank":91,"audienceScore":0.3275111195195329,"combinedScore":0.7182100304801979,"combinedScoreRank":38,"engagementSEI":9.337444157805324,"engagementSEIadj":0,"engagementSEIrank":37,"engagementScore":0.740367489685244,"voiceSEI":15.165081141578064,"voiceSEIadj":0,"voiceSEIrank":47,"voiceScore":0.7100746757500328}},"instagram":{"entityString":"536575ffb08f37d80186dc67","type":"instagram","profiles":0,"postsMade":0,"repliesMade":0,"repliesRcvd":0,"sharesMade":0,"sharesRcvd":0,"mentionsRcvd":0,"likesRcvd":0,"reachRcvd":0,"audience":0,"voice":0,"conversation":0,"engagement":0,"group_scoped":{"audienceScore":0,"voiceScore":0,"engagementScore":0,"combinedScore":0,"combinedScoreRank":229,"SEIrank":229,"engagementSEIrank":229,"voiceSEIrank":229,"audienceSEIrank":229,"engagementSEI":0,"engagementSEIadj":0,"voiceSEI":0,"voiceSEIadj":0,"audienceSEI":0,"audienceSEIadj":0,"SEI":0,"SEIadj":0},"non_scoped":{"SEI":0,"SEIrank":229,"SEIadj":0,"audienceSEI":0,"audienceSEIadj":0,"audienceSEIrank":229,"audienceScore":0,"combinedScore":0,"combinedScoreRank":229,"engagementSEI":0,"engagementSEIadj":0,"engagementSEIrank":229,"engagementScore":0,"voiceSEI":0,"voiceSEIadj":0,"voiceSEIrank":229,"voiceScore":0},"scoped":{"SEI":0,"SEIrank":206,"SEIadj":0,"audienceSEI":0,"audienceSEIadj":0,"audienceSEIrank":206,"audienceScore":0,"combinedScore":0,"combinedScoreRank":206,"engagementSEI":0,"engagementSEIadj":0,"engagementSEIrank":206,"engagementScore":0,"voiceSEI":0,"voiceSEIadj":0,"voiceSEIrank":206,"voiceScore":0}}},"blended":{"combined":{"non_scoped":{"SEI":0.7727047823019195,"SEIadj":50.38635239115096,"SEIrank":85,"audienceSEI":0.28093686458071476,"audienceSEIadj":50.140468432290355,"audienceSEIrank":143,"engagementSEI":0.023570660982018463,"engagementSEIadj":50.01178533049101,"engagementSEIrank":99,"voiceSEI":2.4348956641821236,"voiceSEIadj":51.21744783209106,"voiceSEIrank":74},"scoped":{"SEI":14.806145773652464,"SEIadj":65.92245830946098,"SEIrank":46,"compCharisma":0,"compInfluence":12,"compEva":2.8061457736524633,"audienceSEI":3.6880002924083484,"audienceSEIadj":51.84400014620417,"audienceSEIrank":129,"engagementSEI":0.6496728521036909,"engagementSEIadj":50.324836426051846,"engagementSEIrank":89,"voiceSEI":9.778977766974325,"voiceSEIadj":54.88948888348716,"voiceSEIrank":63}},"facebook":{"non_scoped":{"SEI":0,"SEIadj":0,"SEIrank":230,"audienceSEI":0,"audienceSEIadj":0,"audienceSEIrank":230,"engagementSEI":0,"engagementSEIadj":0,"engagementSEIrank":229,"voiceSEI":0,"voiceSEIadj":0,"voiceSEIrank":229},"scoped":{"SEI":0,"SEIadj":0,"SEIrank":207,"audienceSEI":0,"audienceSEIadj":0,"audienceSEIrank":207,"engagementSEI":0,"engagementSEIadj":0,"engagementSEIrank":206,"voiceSEI":0,"voiceSEIadj":0,"voiceSEIrank":206}},"twitter":{"non_scoped":{"SEI":2.25628030806258,"SEIadj":60.90251212322503,"SEIrank":59,"audienceSEI":1.2747440765821048,"audienceSEIadj":50.637372038291055,"audienceSEIrank":104,"engagementSEI":1.371906061123654,"engagementSEIadj":60.548762424449464,"engagementSEIrank":47,"voiceSEI":4.352207545767259,"voiceSEIadj":61.7408830183069,"voiceSEIrank":59},"scoped":{"SEI":9.915921515310181,"SEIadj":63.96636860612407,"SEIrank":46,"audienceSEI":6.059384195671011,"audienceSEIadj":53.02969209783551,"audienceSEIrank":91,"engagementSEI":8.558672785380415,"engagementSEIadj":63.42346911415217,"engagementSEIrank":36,"voiceSEI":13.915931415049439,"voiceSEIadj":65.56637256601978,"voiceSEIrank":48}},"instagram":{"non_scoped":{"SEI":0,"SEIadj":0,"SEIrank":229,"audienceSEI":0,"audienceSEIadj":0,"audienceSEIrank":229,"engagementSEI":0,"engagementSEIadj":0,"engagementSEIrank":229,"voiceSEI":0,"voiceSEIadj":0,"voiceSEIrank":229},"scoped":{"SEI":0,"SEIadj":0,"SEIrank":206,"audienceSEI":0,"audienceSEIadj":0,"audienceSEIrank":206,"engagementSEI":0,"engagementSEIadj":0,"engagementSEIrank":206,"voiceSEI":0,"voiceSEIadj":0,"voiceSEIrank":206}},"influence":{"facebook":{"scope":"individual","ratio":0,"calculated":false},"instagram":{"scope":"individual","ratio":0,"calculated":false},"combined":{"ratio":2,"bottom":true,"scope":"individual","calculated":true},"twitter":{"ratio":1.99,"bottom":false,"scope":"individual","calculated":true}},"charisma":{"facebook":{"scope":"individual","ratio":0,"calculated":false},"instagram":{"scope":"individual","ratio":0,"calculated":false},"combined":{"ratio":0.18,"bottom":false,"scope":"individual","calculated":true},"twitter":{"ratio":1.18,"bottom":false,"scope":"individual","calculated":true}}},"scope":"individual"}}