{"scoreEntityString":"591d1494ab33fb0001804f89.asset.536575feb08f37d80186a0b2","timeQuantum":4984422,"scoreEntityType":"asset","scoreProfileID":"591d1494ab33fb0001804f89","data":{"scoreEntityString":"591d1494ab33fb0001804f89.asset.536575feb08f37d80186a0b2","scoreProfileID":"591d1494ab33fb0001804f89","scoreEntityType":"asset","entityID":"asset.536575feb08f37d80186a0b2","object_version":"1.2","score_engine_version":"3.0.19","timestamp":4984422,"start_quantum":4958502,"end_quantum":4984421,"schedule_options":{"interval":15,"offset":"1"},"_15min":{"boundaryQuantum":4984419,"combined":{"entityString":"536575feb08f37d80186a0b2","type":"combined","profiles":2,"postsMade":0,"repliesMade":0,"repliesRcvd":0,"sharesMade":0,"sharesRcvd":0,"mentionsRcvd":0,"likesRcvd":0,"reachRcvd":0,"audience":17343,"voice":0,"conversation":0,"engagement":0,"group_scoped":{"audienceScore":0.7613357506903076,"voiceScore":0,"engagementScore":0,"combinedScore":0.7613357506903076,"engagementSEI":0,"engagementSEIadj":0,"voiceSEI":0,"voiceSEIadj":0,"audienceSEI":1.1794236377089138,"audienceSEIadj":1.1794236377089138,"SEI":0.11794236377089139,"SEIadj":0.11794236377089139,"combinedScoreRank":89,"SEIrank":99,"engagementSEIrank":53,"voiceSEIrank":48,"audienceSEIrank":99},"non_scoped":{"SEI":0.06898326550224176,"SEIrank":88,"SEIadj":0,"audienceSEI":0.6898326550224176,"audienceSEIadj":0,"audienceSEIrank":88,"audienceScore":0.12772488782370062,"combinedScore":0.0063862443911850315,"combinedScoreRank":88,"engagementSEI":0,"engagementSEIadj":0,"engagementSEIrank":53,"engagementScore":0,"voiceSEI":0,"voiceSEIadj":0,"voiceSEIrank":48,"voiceScore":0},"scoped":{"SEI":0.9055782114007926,"SEIrank":76,"SEIadj":0,"audienceSEI":9.055782114007926,"audienceSEIadj":0,"audienceSEIrank":76,"audienceScore":0.3690506463121003,"combinedScore":0.05272152090172861,"combinedScoreRank":76,"engagementSEI":0,"engagementSEIadj":0,"engagementSEIrank":44,"engagementScore":0,"voiceSEI":0,"voiceSEIadj":0,"voiceSEIrank":41,"voiceScore":0}},"facebook":{"entityString":"536575feb08f37d80186a0b2","type":"facebook","profiles":1,"postsMade":0,"repliesMade":0,"repliesRcvd":0,"sharesMade":0,"sharesRcvd":0,"mentionsRcvd":0,"likesRcvd":0,"reachRcvd":0,"audience":3853,"voice":0,"conversation":0,"engagement":0,"group_scoped":{"audienceScore":0.250433041822253,"voiceScore":0,"engagementScore":0,"combinedScore":0.250433041822253,"engagementSEI":0,"engagementSEIadj":0,"voiceSEI":0,"voiceSEIadj":0,"audienceSEI":0.352528912311521,"audienceSEIadj":0.352528912311521,"SEI":0.0352528912311521,"SEIadj":0.0352528912311521,"combinedScoreRank":120,"SEIrank":120,"engagementSEIrank":51,"voiceSEIrank":48,"audienceSEIrank":120},"non_scoped":{"SEI":0.020939124915221815,"SEIrank":115,"SEIadj":0,"audienceSEI":0.20939124915221813,"audienceSEIadj":0,"audienceSEIrank":115,"audienceScore":0.040176639572895106,"combinedScore":0.0020088319786447555,"combinedScoreRank":115,"engagementSEI":0,"engagementSEIadj":0,"engagementSEIrank":51,"engagementScore":0,"voiceSEI":0,"voiceSEIadj":0,"voiceSEIrank":48,"voiceScore":0},"scoped":{"SEI":0.2705739425987177,"SEIrank":102,"SEIadj":0,"audienceSEI":2.705739425987177,"audienceSEIadj":0,"audienceSEIrank":102,"audienceScore":0.1656251867205826,"combinedScore":0.023660740960083228,"combinedScoreRank":102,"engagementSEI":0,"engagementSEIadj":0,"engagementSEIrank":42,"engagementScore":0,"voiceSEI":0,"voiceSEIadj":0,"voiceSEIrank":41,"voiceScore":0}},"twitter":{"entityString":"536575feb08f37d80186a0b2","type":"twitter","profiles":1,"postsMade":0,"repliesMade":0,"repliesRcvd":0,"sharesMade":0,"sharesRcvd":0,"mentionsRcvd":0,"likesRcvd":0,"reachRcvd":0,"audience":13490,"voice":0,"conversation":0,"engagement":0,"group_scoped":{"audienceScore":2.1457008838887925,"voiceScore":0,"engagementScore":0,"combinedScore":2.1457008838887925,"engagementSEI":0,"engagementSEIadj":0,"voiceSEI":0,"voiceSEIadj":0,"audienceSEI":5.056828405206022,"audienceSEIadj":5.056828405206022,"SEI":0.5056828405206022,"SEIadj":0.5056828405206022,"combinedScoreRank":66,"SEIrank":89,"engagementSEIrank":49,"voiceSEIrank":47,"audienceSEIrank":88},"non_scoped":{"SEI":0.2434701627225343,"SEIrank":50,"SEIadj":0,"audienceSEI":2.434701627225343,"audienceSEIadj":0,"audienceSEIrank":50,"audienceScore":0.3940257632679194,"combinedScore":0.01970128816339597,"combinedScoreRank":50,"engagementSEI":0,"engagementSEIadj":0,"engagementSEIrank":49,"engagementScore":0,"voiceSEI":0,"voiceSEIadj":0,"voiceSEIrank":47,"voiceScore":0},"scoped":{"SEI":1.1573140705026466,"SEIrank":40,"SEIadj":0,"audienceSEI":11.573140705026466,"audienceSEIadj":0,"audienceSEIrank":40,"audienceScore":0.6255309361912076,"combinedScore":0.08936156231302965,"combinedScoreRank":40,"engagementSEI":0,"engagementSEIadj":0,"engagementSEIrank":42,"engagementScore":0,"voiceSEI":0,"voiceSEIadj":0,"voiceSEIrank":41,"voiceScore":0}},"instagram":{"entityString":"536575feb08f37d80186a0b2","type":"instagram","profiles":0,"postsMade":0,"repliesMade":0,"repliesRcvd":0,"sharesMade":0,"sharesRcvd":0,"mentionsRcvd":0,"likesRcvd":0,"reachRcvd":0,"audience":0,"voice":0,"conversation":0,"engagement":0,"group_scoped":{"audienceScore":0,"voiceScore":0,"engagementScore":0,"combinedScore":0,"engagementSEI":0,"engagementSEIadj":0,"voiceSEI":0,"voiceSEIadj":0,"audienceSEI":0,"audienceSEIadj":0,"SEI":0,"SEIadj":0,"combinedScoreRank":90,"SEIrank":72,"engagementSEIrank":49,"voiceSEIrank":46,"audienceSEIrank":72},"non_scoped":{"SEI":0,"SEIrank":72,"SEIadj":0,"audienceSEI":0,"audienceSEIadj":0,"audienceSEIrank":72,"audienceScore":0,"combinedScore":0,"combinedScoreRank":72,"engagementSEI":0,"engagementSEIadj":0,"engagementSEIrank":49,"engagementScore":0,"voiceSEI":0,"voiceSEIadj":0,"voiceSEIrank":46,"voiceScore":0},"scoped":{"SEI":0,"SEIrank":63,"SEIadj":0,"audienceSEI":0,"audienceSEIadj":0,"audienceSEIrank":63,"audienceScore":0,"combinedScore":0,"combinedScoreRank":63,"engagementSEI":0,"engagementSEIadj":0,"engagementSEIrank":42,"engagementScore":0,"voiceSEI":0,"voiceSEIadj":0,"voiceSEIrank":41,"voiceScore":0}}},"hour":{"boundaryQuantum":4984410,"combined":{"entityString":"536575feb08f37d80186a0b2","type":"combined","profiles":2,"postsMade":0,"repliesMade":0,"repliesRcvd":0,"sharesMade":0,"sharesRcvd":0,"mentionsRcvd":0,"likesRcvd":0,"reachRcvd":0,"audience":17343,"voice":0,"conversation":0,"engagement":0,"group_scoped":{"audienceScore":0.7613357506903076,"voiceScore":0,"engagementScore":0,"combinedScore":0.7613357506903076,"combinedScoreRank":74,"SEIrank":106,"engagementSEIrank":90,"voiceSEIrank":55,"audienceSEIrank":99,"engagementSEI":0,"engagementSEIadj":0,"voiceSEI":0,"voiceSEIadj":0,"audienceSEI":1.1794236377089138,"audienceSEIadj":1.1794236377089138,"SEI":0.11794236377089139,"SEIadj":0.11794236377089139},"non_scoped":{"SEI":0.06898326550224176,"SEIrank":97,"SEIadj":0,"audienceSEI":0.6898326550224176,"audienceSEIadj":0,"audienceSEIrank":88,"audienceScore":0.12772488782370062,"combinedScore":0.0063862443911850315,"combinedScoreRank":104,"engagementSEI":0,"engagementSEIadj":0,"engagementSEIrank":90,"engagementScore":0,"voiceSEI":0,"voiceSEIadj":0,"voiceSEIrank":55,"voiceScore":0},"scoped":{"SEI":0.9055782114007926,"SEIrank":83,"SEIadj":0,"audienceSEI":9.055782114007926,"audienceSEIadj":0,"audienceSEIrank":76,"audienceScore":0.3690506463121003,"combinedScore":0.018452532315605015,"combinedScoreRank":92,"engagementSEI":0,"engagementSEIadj":0,"engagementSEIrank":78,"engagementScore":0,"voiceSEI":0,"voiceSEIadj":0,"voiceSEIrank":46,"voiceScore":0}},"facebook":{"entityString":"536575feb08f37d80186a0b2","type":"facebook","profiles":1,"postsMade":0,"repliesMade":0,"repliesRcvd":0,"sharesMade":0,"sharesRcvd":0,"mentionsRcvd":0,"likesRcvd":0,"reachRcvd":0,"audience":3853,"voice":0,"conversation":0,"engagement":0,"group_scoped":{"audienceScore":0.250433041822253,"voiceScore":0,"engagementScore":0,"combinedScore":0.250433041822253,"combinedScoreRank":113,"SEIrank":122,"engagementSEIrank":79,"voiceSEIrank":50,"audienceSEIrank":120,"engagementSEI":0,"engagementSEIadj":0,"voiceSEI":0,"voiceSEIadj":0,"audienceSEI":0.352528912311521,"audienceSEIadj":0.352528912311521,"SEI":0.0352528912311521,"SEIadj":0.0352528912311521},"non_scoped":{"SEI":0.020939124915221815,"SEIrank":116,"SEIadj":0,"audienceSEI":0.20939124915221813,"audienceSEIadj":0,"audienceSEIrank":115,"audienceScore":0.040176639572895106,"combinedScore":0.0020088319786447555,"combinedScoreRank":117,"engagementSEI":0,"engagementSEIadj":0,"engagementSEIrank":79,"engagementScore":0,"voiceSEI":0,"voiceSEIadj":0,"voiceSEIrank":50,"voiceScore":0},"scoped":{"SEI":0.2705739425987177,"SEIrank":104,"SEIadj":0,"audienceSEI":2.705739425987177,"audienceSEIadj":0,"audienceSEIrank":102,"audienceScore":0.1656251867205826,"combinedScore":0.00828125933602913,"combinedScoreRank":104,"engagementSEI":0,"engagementSEIadj":0,"engagementSEIrank":67,"engagementScore":0,"voiceSEI":0,"voiceSEIadj":0,"voiceSEIrank":41,"voiceScore":0}},"twitter":{"entityString":"536575feb08f37d80186a0b2","type":"twitter","profiles":1,"postsMade":0,"repliesMade":0,"repliesRcvd":0,"sharesMade":0,"sharesRcvd":0,"mentionsRcvd":0,"likesRcvd":0,"reachRcvd":0,"audience":13490,"voice":0,"conversation":0,"engagement":0,"group_scoped":{"audienceScore":2.1457008838887925,"voiceScore":0,"engagementScore":0,"combinedScore":2.1457008838887925,"combinedScoreRank":74,"SEIrank":104,"engagementSEIrank":71,"voiceSEIrank":54,"audienceSEIrank":88,"engagementSEI":0,"engagementSEIadj":0,"voiceSEI":0,"voiceSEIadj":0,"audienceSEI":5.056828405206022,"audienceSEIadj":5.056828405206022,"SEI":0.5056828405206022,"SEIadj":0.5056828405206022},"non_scoped":{"SEI":0.2434701627225343,"SEIrank":65,"SEIadj":0,"audienceSEI":2.434701627225343,"audienceSEIadj":0,"audienceSEIrank":50,"audienceScore":0.3940257632679194,"combinedScore":0.01970128816339597,"combinedScoreRank":65,"engagementSEI":0,"engagementSEIadj":0,"engagementSEIrank":71,"engagementScore":0,"voiceSEI":0,"voiceSEIadj":0,"voiceSEIrank":54,"voiceScore":0},"scoped":{"SEI":1.1573140705026466,"SEIrank":55,"SEIadj":0,"audienceSEI":11.573140705026466,"audienceSEIadj":0,"audienceSEIrank":40,"audienceScore":0.6255309361912076,"combinedScore":0.03127654680956038,"combinedScoreRank":55,"engagementSEI":0,"engagementSEIadj":0,"engagementSEIrank":62,"engagementScore":0,"voiceSEI":0,"voiceSEIadj":0,"voiceSEIrank":46,"voiceScore":0}},"instagram":{"entityString":"536575feb08f37d80186a0b2","type":"instagram","profiles":0,"postsMade":0,"repliesMade":0,"repliesRcvd":0,"sharesMade":0,"sharesRcvd":0,"mentionsRcvd":0,"likesRcvd":0,"reachRcvd":0,"audience":0,"voice":0,"conversation":0,"engagement":0,"group_scoped":{"audienceScore":0,"voiceScore":0,"engagementScore":0,"combinedScore":0,"combinedScoreRank":90,"SEIrank":72,"engagementSEIrank":54,"voiceSEIrank":46,"audienceSEIrank":72,"engagementSEI":0,"engagementSEIadj":0,"voiceSEI":0,"voiceSEIadj":0,"audienceSEI":0,"audienceSEIadj":0,"SEI":0,"SEIadj":0},"non_scoped":{"SEI":0,"SEIrank":72,"SEIadj":0,"audienceSEI":0,"audienceSEIadj":0,"audienceSEIrank":72,"audienceScore":0,"combinedScore":0,"combinedScoreRank":72,"engagementSEI":0,"engagementSEIadj":0,"engagementSEIrank":54,"engagementScore":0,"voiceSEI":0,"voiceSEIadj":0,"voiceSEIrank":46,"voiceScore":0},"scoped":{"SEI":0,"SEIrank":63,"SEIadj":0,"audienceSEI":0,"audienceSEIadj":0,"audienceSEIrank":63,"audienceScore":0,"combinedScore":0,"combinedScoreRank":63,"engagementSEI":0,"engagementSEIadj":0,"engagementSEIrank":47,"engagementScore":0,"voiceSEI":0,"voiceSEIadj":0,"voiceSEIrank":41,"voiceScore":0}}},"today":{"boundaryQuantum":4984134,"combined":{"entityString":"536575feb08f37d80186a0b2","type":"combined","profiles":2,"postsMade":0,"repliesMade":0,"repliesRcvd":0,"sharesMade":0,"sharesRcvd":0,"mentionsRcvd":0,"likesRcvd":0,"reachRcvd":0,"audience":17343,"voice":0,"conversation":0,"engagement":0,"group_scoped":{"audienceScore":0.7613357506903076,"voiceScore":0,"engagementScore":0,"combinedScore":0.7613357506903076,"combinedScoreRank":43,"SEIrank":146,"engagementSEIrank":177,"voiceSEIrank":134,"audienceSEIrank":99,"engagementSEI":0,"engagementSEIadj":0,"voiceSEI":0,"voiceSEIadj":0,"audienceSEI":1.1794236377089138,"audienceSEIadj":1.1794236377089138,"SEI":0.11794236377089139,"SEIadj":0.11794236377089139},"non_scoped":{"SEI":0.06898326550224176,"SEIrank":136,"SEIadj":0,"audienceSEI":0.6898326550224176,"audienceSEIadj":0,"audienceSEIrank":88,"audienceScore":0.12772488782370062,"combinedScore":0.0063862443911850315,"combinedScoreRank":143,"engagementSEI":0,"engagementSEIadj":0,"engagementSEIrank":177,"engagementScore":0,"voiceSEI":0,"voiceSEIadj":0,"voiceSEIrank":134,"voiceScore":0},"scoped":{"SEI":0.9055782114007926,"SEIrank":122,"SEIadj":0,"audienceSEI":9.055782114007926,"audienceSEIadj":0,"audienceSEIrank":76,"audienceScore":0.3690506463121003,"combinedScore":0.018452532315605015,"combinedScoreRank":137,"engagementSEI":0,"engagementSEIadj":0,"engagementSEIrank":162,"engagementScore":0,"voiceSEI":0,"voiceSEIadj":0,"voiceSEIrank":120,"voiceScore":0}},"facebook":{"entityString":"536575feb08f37d80186a0b2","type":"facebook","profiles":1,"postsMade":0,"repliesMade":0,"repliesRcvd":0,"sharesMade":0,"sharesRcvd":0,"mentionsRcvd":0,"likesRcvd":0,"reachRcvd":0,"audience":3853,"voice":0,"conversation":0,"engagement":0,"group_scoped":{"audienceScore":0.250433041822253,"voiceScore":0,"engagementScore":0,"combinedScore":0.250433041822253,"combinedScoreRank":84,"SEIrank":127,"engagementSEIrank":136,"voiceSEIrank":90,"audienceSEIrank":120,"engagementSEI":0,"engagementSEIadj":0,"voiceSEI":0,"voiceSEIadj":0,"audienceSEI":0.352528912311521,"audienceSEIadj":0.352528912311521,"SEI":0.0352528912311521,"SEIadj":0.0352528912311521},"non_scoped":{"SEI":0.020939124915221815,"SEIrank":122,"SEIadj":0,"audienceSEI":0.20939124915221813,"audienceSEIadj":0,"audienceSEIrank":115,"audienceScore":0.040176639572895106,"combinedScore":0.0020088319786447555,"combinedScoreRank":126,"engagementSEI":0,"engagementSEIadj":0,"engagementSEIrank":136,"engagementScore":0,"voiceSEI":0,"voiceSEIadj":0,"voiceSEIrank":90,"voiceScore":0},"scoped":{"SEI":0.2705739425987177,"SEIrank":110,"SEIadj":0,"audienceSEI":2.705739425987177,"audienceSEIadj":0,"audienceSEIrank":102,"audienceScore":0.1656251867205826,"combinedScore":0.00828125933602913,"combinedScoreRank":120,"engagementSEI":0,"engagementSEIadj":0,"engagementSEIrank":123,"engagementScore":0,"voiceSEI":0,"voiceSEIadj":0,"voiceSEIrank":79,"voiceScore":0}},"twitter":{"entityString":"536575feb08f37d80186a0b2","type":"twitter","profiles":1,"postsMade":0,"repliesMade":0,"repliesRcvd":0,"sharesMade":0,"sharesRcvd":0,"mentionsRcvd":0,"likesRcvd":0,"reachRcvd":0,"audience":13490,"voice":0,"conversation":0,"engagement":0,"group_scoped":{"audienceScore":2.1457008838887925,"voiceScore":0,"engagementScore":0,"combinedScore":2.1457008838887925,"combinedScoreRank":73,"SEIrank":154,"engagementSEIrank":151,"voiceSEIrank":122,"audienceSEIrank":88,"engagementSEI":0,"engagementSEIadj":0,"voiceSEI":0,"voiceSEIadj":0,"audienceSEI":5.056828405206022,"audienceSEIadj":5.056828405206022,"SEI":0.5056828405206022,"SEIadj":0.5056828405206022},"non_scoped":{"SEI":0.2434701627225343,"SEIrank":121,"SEIadj":0,"audienceSEI":2.434701627225343,"audienceSEIadj":0,"audienceSEIrank":50,"audienceScore":0.3940257632679194,"combinedScore":0.01970128816339597,"combinedScoreRank":133,"engagementSEI":0,"engagementSEIadj":0,"engagementSEIrank":151,"engagementScore":0,"voiceSEI":0,"voiceSEIadj":0,"voiceSEIrank":122,"voiceScore":0},"scoped":{"SEI":1.1573140705026466,"SEIrank":106,"SEIadj":0,"audienceSEI":11.573140705026466,"audienceSEIadj":0,"audienceSEIrank":40,"audienceScore":0.6255309361912076,"combinedScore":0.03127654680956038,"combinedScoreRank":124,"engagementSEI":0,"engagementSEIadj":0,"engagementSEIrank":137,"engagementScore":0,"voiceSEI":0,"voiceSEIadj":0,"voiceSEIrank":108,"voiceScore":0}},"instagram":{"entityString":"536575feb08f37d80186a0b2","type":"instagram","profiles":0,"postsMade":0,"repliesMade":0,"repliesRcvd":0,"sharesMade":0,"sharesRcvd":0,"mentionsRcvd":0,"likesRcvd":0,"reachRcvd":0,"audience":0,"voice":0,"conversation":0,"engagement":0,"group_scoped":{"audienceScore":0,"voiceScore":0,"engagementScore":0,"combinedScore":0,"combinedScoreRank":90,"SEIrank":72,"engagementSEIrank":64,"voiceSEIrank":51,"audienceSEIrank":72,"engagementSEI":0,"engagementSEIadj":0,"voiceSEI":0,"voiceSEIadj":0,"audienceSEI":0,"audienceSEIadj":0,"SEI":0,"SEIadj":0},"non_scoped":{"SEI":0,"SEIrank":72,"SEIadj":0,"audienceSEI":0,"audienceSEIadj":0,"audienceSEIrank":72,"audienceScore":0,"combinedScore":0,"combinedScoreRank":72,"engagementSEI":0,"engagementSEIadj":0,"engagementSEIrank":64,"engagementScore":0,"voiceSEI":0,"voiceSEIadj":0,"voiceSEIrank":51,"voiceScore":0},"scoped":{"SEI":0,"SEIrank":63,"SEIadj":0,"audienceSEI":0,"audienceSEIadj":0,"audienceSEIrank":63,"audienceScore":0,"combinedScore":0,"combinedScoreRank":63,"engagementSEI":0,"engagementSEIadj":0,"engagementSEIrank":55,"engagementScore":0,"voiceSEI":0,"voiceSEIadj":0,"voiceSEIrank":43,"voiceScore":0}}},"week":{"boundaryQuantum":4982406,"combined":{"entityString":"536575feb08f37d80186a0b2","type":"combined","profiles":2,"postsMade":3,"repliesMade":0,"repliesRcvd":0,"sharesMade":0,"sharesRcvd":2,"mentionsRcvd":0,"likesRcvd":2,"reachRcvd":0,"audience":17343,"voice":3,"conversation":3,"engagement":4,"group_scoped":{"audienceScore":0.7613357506903076,"voiceScore":0.16602102933038185,"engagementScore":0.0028190256038000466,"combinedScore":0.04890496204445451,"combinedScoreRank":192,"SEIrank":175,"engagementSEIrank":185,"voiceSEIrank":177,"audienceSEIrank":99,"engagementSEI":0.0032800865942860893,"engagementSEIadj":0.0032800865942860893,"voiceSEI":0.4335260115606936,"voiceSEIadj":0.4335260115606936,"audienceSEI":1.1794236377089138,"audienceSEIadj":1.1794236377089138,"SEI":0.2499682191956711,"SEIadj":0.2499682191956711},"non_scoped":{"SEI":0.17388000735814274,"SEIrank":168,"SEIadj":0,"audienceSEI":0.6898326550224176,"audienceSEIadj":0,"audienceSEIrank":88,"audienceScore":0.12772488782370062,"combinedScore":0.008170195291156871,"combinedScoreRank":156,"engagementSEI":0.0004092984420054805,"engagementSEIadj":0,"engagementSEIrank":192,"engagementScore":0.0001668243852208609,"voiceSEI":0.3488372093023256,"voiceSEIadj":0,"voiceSEIrank":169,"voiceScore":0.03267617906546128},"scoped":{"SEI":1.3189652590290852,"SEIrank":142,"SEIadj":0,"audienceSEI":9.055782114007926,"audienceSEIadj":0,"audienceSEIrank":76,"audienceScore":0.3690506463121003,"combinedScore":0.023624948597467908,"combinedScoreRank":155,"engagementSEI":0.013302737038145598,"engagementSEIadj":0,"engagementSEIrank":177,"engagementScore":0.001942822727140262,"voiceSEI":1.3513513513513513,"voiceSEIadj":0,"voiceSEIrank":157,"voiceScore":0.06847751654873316}},"facebook":{"entityString":"536575feb08f37d80186a0b2","type":"facebook","profiles":1,"postsMade":0,"repliesMade":0,"repliesRcvd":0,"sharesMade":0,"sharesRcvd":0,"mentionsRcvd":0,"likesRcvd":0,"reachRcvd":0,"audience":3853,"voice":0,"conversation":0,"engagement":0,"group_scoped":{"audienceScore":0.250433041822253,"voiceScore":0,"engagementScore":0,"combinedScore":0.250433041822253,"combinedScoreRank":79,"SEIrank":146,"engagementSEIrank":154,"voiceSEIrank":150,"audienceSEIrank":120,"engagementSEI":0,"engagementSEIadj":0,"voiceSEI":0,"voiceSEIadj":0,"audienceSEI":0.352528912311521,"audienceSEIadj":0.352528912311521,"SEI":0.0352528912311521,"SEIadj":0.0352528912311521},"non_scoped":{"SEI":0.020939124915221815,"SEIrank":142,"SEIadj":0,"audienceSEI":0.20939124915221813,"audienceSEIadj":0,"audienceSEIrank":115,"audienceScore":0.040176639572895106,"combinedScore":0.0020088319786447555,"combinedScoreRank":142,"engagementSEI":0,"engagementSEIadj":0,"engagementSEIrank":154,"engagementScore":0,"voiceSEI":0,"voiceSEIadj":0,"voiceSEIrank":150,"voiceScore":0},"scoped":{"SEI":0.2705739425987177,"SEIrank":129,"SEIadj":0,"audienceSEI":2.705739425987177,"audienceSEIadj":0,"audienceSEIrank":102,"audienceScore":0.1656251867205826,"combinedScore":0.00828125933602913,"combinedScoreRank":129,"engagementSEI":0,"engagementSEIadj":0,"engagementSEIrank":141,"engagementScore":0,"voiceSEI":0,"voiceSEIadj":0,"voiceSEIrank":137,"voiceScore":0}},"twitter":{"entityString":"536575feb08f37d80186a0b2","type":"twitter","profiles":1,"postsMade":3,"repliesMade":0,"repliesRcvd":0,"sharesMade":0,"sharesRcvd":2,"mentionsRcvd":0,"likesRcvd":2,"reachRcvd":0,"audience":13490,"voice":3,"conversation":3,"engagement":4,"group_scoped":{"audienceScore":2.1457008838887925,"voiceScore":0.23201856148491878,"engagementScore":0.03050640634533252,"combinedScore":0.14634173797948483,"combinedScoreRank":204,"SEIrank":172,"engagementSEIrank":182,"voiceSEIrank":165,"audienceSEIrank":88,"engagementSEI":0.05549389567147614,"engagementSEIadj":0.05549389567147614,"voiceSEI":0.6423982869379015,"voiceSEIadj":0.6423982869379015,"audienceSEI":5.056828405206022,"audienceSEIadj":5.056828405206022,"SEI":0.7316986640048584,"SEIadj":0.7316986640048584},"non_scoped":{"SEI":0.4451872238228244,"SEIrank":149,"SEIadj":0,"audienceSEI":2.434701627225343,"audienceSEIadj":0,"audienceSEIrank":50,"audienceScore":0.3940257632679194,"combinedScore":0.028186691140785716,"combinedScoreRank":157,"engagementSEI":0.025636095622636672,"engagementSEIadj":0,"engagementSEIrank":174,"engagementScore":0.006522093592043046,"voiceSEI":0.6211180124223602,"voiceSEIadj":0,"voiceSEIrank":153,"voiceScore":0.05231037489102005},"scoped":{"SEI":1.8043330406923486,"SEIrank":136,"SEIadj":0,"audienceSEI":11.573140705026466,"audienceSEIadj":0,"audienceSEIrank":40,"audienceScore":0.6255309361912076,"combinedScore":0.04841123787330003,"combinedScoreRank":146,"engagementSEI":0.1524390243902439,"engagementSEIadj":0,"engagementSEIrank":161,"engagementScore":0.01372730704554034,"voiceSEI":1.8518518518518516,"voiceSEIadj":0,"voiceSEIrank":142,"voiceScore":0.09560229445506692}},"instagram":{"entityString":"536575feb08f37d80186a0b2","type":"instagram","profiles":0,"postsMade":0,"repliesMade":0,"repliesRcvd":0,"sharesMade":0,"sharesRcvd":0,"mentionsRcvd":0,"likesRcvd":0,"reachRcvd":0,"audience":0,"voice":0,"conversation":0,"engagement":0,"group_scoped":{"audienceScore":0,"voiceScore":0,"engagementScore":0,"combinedScore":0,"combinedScoreRank":90,"SEIrank":72,"engagementSEIrank":67,"voiceSEIrank":65,"audienceSEIrank":72,"engagementSEI":0,"engagementSEIadj":0,"voiceSEI":0,"voiceSEIadj":0,"audienceSEI":0,"audienceSEIadj":0,"SEI":0,"SEIadj":0},"non_scoped":{"SEI":0,"SEIrank":72,"SEIadj":0,"audienceSEI":0,"audienceSEIadj":0,"audienceSEIrank":72,"audienceScore":0,"combinedScore":0,"combinedScoreRank":72,"engagementSEI":0,"engagementSEIadj":0,"engagementSEIrank":67,"engagementScore":0,"voiceSEI":0,"voiceSEIadj":0,"voiceSEIrank":65,"voiceScore":0},"scoped":{"SEI":0,"SEIrank":63,"SEIadj":0,"audienceSEI":0,"audienceSEIadj":0,"audienceSEIrank":63,"audienceScore":0,"combinedScore":0,"combinedScoreRank":63,"engagementSEI":0,"engagementSEIadj":0,"engagementSEIrank":58,"engagementScore":0,"voiceSEI":0,"voiceSEIadj":0,"voiceSEIrank":56,"voiceScore":0}}},"month":{"boundaryQuantum":4975782,"combined":{"entityString":"536575feb08f37d80186a0b2","type":"combined","profiles":2,"postsMade":6,"repliesMade":0,"repliesRcvd":0,"sharesMade":0,"sharesRcvd":3,"mentionsRcvd":0,"likesRcvd":15,"reachRcvd":0,"audience":17343,"voice":6,"conversation":6,"engagement":18,"group_scoped":{"audienceScore":0.7613357506903076,"voiceScore":0.08409250175192712,"engagementScore":0.0029168361402479633,"combinedScore":0.044896565148334906,"combinedScoreRank":199,"SEIrank":194,"engagementSEIrank":199,"voiceSEIrank":198,"audienceSEIrank":99,"engagementSEI":0.00332724570600457,"engagementSEIadj":0.00332724570600457,"voiceSEI":0.1986754966887417,"voiceSEIadj":0.1986754966887417,"audienceSEI":1.1794236377089138,"audienceSEIadj":1.1794236377089138,"SEI":0.17954136020111663,"SEIadj":0.17954136020111663},"non_scoped":{"SEI":0.11901878828669973,"SEIrank":188,"SEIadj":0,"audienceSEI":0.6898326550224176,"audienceSEIadj":0,"audienceSEIrank":88,"audienceScore":0.12772488782370062,"combinedScore":0.0073566974365902645,"combinedScoreRank":165,"engagementSEI":0.000496710397417989,"engagementSEIadj":0,"engagementSEIrank":199,"engagementScore":0.00019562967650024597,"voiceSEI":0.16579165515335728,"voiceSEIadj":0,"voiceSEIrank":197,"voiceScore":0.015887726731100223},"scoped":{"SEI":1.1050424600782112,"SEIrank":158,"SEIadj":0,"audienceSEI":9.055782114007926,"audienceSEIadj":0,"audienceSEIrank":76,"audienceScore":0.3690506463121003,"combinedScore":0.021835102070733643,"combinedScoreRank":168,"engagementSEI":0.016650940778153968,"engagementSEIadj":0,"engagementSEIrank":184,"engagementScore":0.0018972531989796993,"voiceSEI":0.631578947368421,"voiceSEIadj":0,"voiceSEIrank":183,"voiceScore":0.03350083752093803}},"facebook":{"entityString":"536575feb08f37d80186a0b2","type":"facebook","profiles":1,"postsMade":0,"repliesMade":0,"repliesRcvd":0,"sharesMade":0,"sharesRcvd":0,"mentionsRcvd":0,"likesRcvd":0,"reachRcvd":0,"audience":3853,"voice":0,"conversation":0,"engagement":0,"group_scoped":{"audienceScore":0.250433041822253,"voiceScore":0,"engagementScore":0,"combinedScore":0.250433041822253,"combinedScoreRank":77,"SEIrank":154,"engagementSEIrank":163,"voiceSEIrank":162,"audienceSEIrank":120,"engagementSEI":0,"engagementSEIadj":0,"voiceSEI":0,"voiceSEIadj":0,"audienceSEI":0.352528912311521,"audienceSEIadj":0.352528912311521,"SEI":0.0352528912311521,"SEIadj":0.0352528912311521},"non_scoped":{"SEI":0.020939124915221815,"SEIrank":151,"SEIadj":0,"audienceSEI":0.20939124915221813,"audienceSEIadj":0,"audienceSEIrank":115,"audienceScore":0.040176639572895106,"combinedScore":0.0020088319786447555,"combinedScoreRank":150,"engagementSEI":0,"engagementSEIadj":0,"engagementSEIrank":163,"engagementScore":0,"voiceSEI":0,"voiceSEIadj":0,"voiceSEIrank":162,"voiceScore":0},"scoped":{"SEI":0.2705739425987177,"SEIrank":138,"SEIadj":0,"audienceSEI":2.705739425987177,"audienceSEIadj":0,"audienceSEIrank":102,"audienceScore":0.1656251867205826,"combinedScore":0.00828125933602913,"combinedScoreRank":137,"engagementSEI":0,"engagementSEIadj":0,"engagementSEIrank":150,"engagementScore":0,"voiceSEI":0,"voiceSEIadj":0,"voiceSEIrank":149,"voiceScore":0}},"twitter":{"entityString":"536575feb08f37d80186a0b2","type":"twitter","profiles":1,"postsMade":6,"repliesMade":0,"repliesRcvd":0,"sharesMade":0,"sharesRcvd":3,"mentionsRcvd":0,"likesRcvd":15,"reachRcvd":0,"audience":13490,"voice":6,"conversation":6,"engagement":18,"group_scoped":{"audienceScore":2.1457008838887925,"voiceScore":0.12121212121212122,"engagementScore":0.03392449914246405,"combinedScore":0.14387769948326334,"combinedScoreRank":201,"SEIrank":181,"engagementSEIrank":195,"voiceSEIrank":192,"audienceSEIrank":88,"engagementSEI":0.06009816032853661,"engagementSEIadj":0.06009816032853661,"voiceSEI":0.3021148036253776,"voiceSEIadj":0.3021148036253776,"audienceSEI":5.056828405206022,"audienceSEIadj":5.056828405206022,"SEI":0.6323761778053375,"SEIadj":0.6323761778053375},"non_scoped":{"SEI":0.3525708724690212,"SEIrank":162,"SEIadj":0,"audienceSEI":2.434701627225343,"audienceSEIadj":0,"audienceSEIrank":50,"audienceScore":0.3940257632679194,"combinedScore":0.027703175292035698,"combinedScoreRank":164,"engagementSEI":0.03123210660559055,"engagementSEIadj":0,"engagementSEIrank":182,"engagementScore":0.007460861563713685,"voiceSEI":0.30120481927710846,"voiceSEIadj":0,"voiceSEIrank":183,"voiceScore":0.02574223442594817},"scoped":{"SEI":1.5433575726597404,"SEIrank":148,"SEIadj":0,"audienceSEI":11.573140705026466,"audienceSEIadj":0,"audienceSEIrank":40,"audienceScore":0.6255309361912076,"combinedScore":0.047252114023715354,"combinedScoreRank":155,"engagementSEI":0.17756732761171945,"engagementSEIadj":0,"engagementSEIrank":169,"engagementScore":0.015144631228229594,"voiceSEI":0.9316770186335404,"voiceSEIadj":0,"voiceSEIrank":170,"voiceScore":0.04690798217496677}},"instagram":{"entityString":"536575feb08f37d80186a0b2","type":"instagram","profiles":0,"postsMade":0,"repliesMade":0,"repliesRcvd":0,"sharesMade":0,"sharesRcvd":0,"mentionsRcvd":0,"likesRcvd":0,"reachRcvd":0,"audience":0,"voice":0,"conversation":0,"engagement":0,"group_scoped":{"audienceScore":0,"voiceScore":0,"engagementScore":0,"combinedScore":0,"combinedScoreRank":90,"SEIrank":72,"engagementSEIrank":67,"voiceSEIrank":66,"audienceSEIrank":72,"engagementSEI":0,"engagementSEIadj":0,"voiceSEI":0,"voiceSEIadj":0,"audienceSEI":0,"audienceSEIadj":0,"SEI":0,"SEIadj":0},"non_scoped":{"SEI":0,"SEIrank":72,"SEIadj":0,"audienceSEI":0,"audienceSEIadj":0,"audienceSEIrank":72,"audienceScore":0,"combinedScore":0,"combinedScoreRank":72,"engagementSEI":0,"engagementSEIadj":0,"engagementSEIrank":67,"engagementScore":0,"voiceSEI":0,"voiceSEIadj":0,"voiceSEIrank":66,"voiceScore":0},"scoped":{"SEI":0,"SEIrank":63,"SEIadj":0,"audienceSEI":0,"audienceSEIadj":0,"audienceSEIrank":63,"audienceScore":0,"combinedScore":0,"combinedScoreRank":63,"engagementSEI":0,"engagementSEIadj":0,"engagementSEIrank":58,"engagementScore":0,"voiceSEI":0,"voiceSEIadj":0,"voiceSEIrank":57,"voiceScore":0}}},"quarter":{"boundaryQuantum":4958502,"combined":{"entityString":"536575feb08f37d80186a0b2","type":"combined","profiles":2,"postsMade":25,"repliesMade":0,"repliesRcvd":1,"sharesMade":0,"sharesRcvd":30,"mentionsRcvd":0,"likesRcvd":107,"reachRcvd":0,"audience":17343,"voice":25,"conversation":26,"engagement":138,"group_scoped":{"audienceScore":0.7613357506903076,"voiceScore":0.12356051994266792,"engagementScore":0.0066046215121137375,"combinedScore":0.050188972892551136,"combinedScoreRank":192,"SEIrank":189,"engagementSEIrank":192,"voiceSEIrank":193,"audienceSEIrank":99,"engagementSEI":0.007369672941391341,"engagementSEIadj":0.007369672941391341,"voiceSEI":0.2707385748321421,"voiceSEIadj":0.2707385748321421,"audienceSEI":1.1794236377089138,"audienceSEIadj":1.1794236377089138,"SEI":0.20358573998536883,"SEIadj":0.20358573998536883},"non_scoped":{"SEI":0.1397466350335737,"SEIrank":185,"SEIadj":0,"audienceSEI":0.6898326550224176,"audienceSEIadj":0,"audienceSEIrank":88,"audienceScore":0.12772488782370062,"combinedScore":0.00791774049910326,"combinedScoreRank":160,"engagementSEI":0.0012037979301305214,"engagementSEIadj":0,"engagementSEIrank":197,"engagementScore":0.0004662159012054722,"voiceSEI":0.2334703025775121,"voiceSEIadj":0,"voiceSEIrank":192,"voiceScore":0.022238035936666074},"scoped":{"SEI":1.214275663872716,"SEIrank":155,"SEIadj":0,"audienceSEI":9.055782114007926,"audienceSEIadj":0,"audienceSEIrank":76,"audienceScore":0.3690506463121003,"combinedScore":0.02489047951357483,"combinedScoreRank":158,"engagementSEI":0.027925104061483793,"engagementSEIadj":0,"engagementSEIrank":183,"engagementScore":0.0045550838366480925,"voiceSEI":0.973141300116777,"voiceSEIadj":0,"voiceSEIrank":180,"voiceScore":0.04676743489973062}},"facebook":{"entityString":"536575feb08f37d80186a0b2","type":"facebook","profiles":1,"postsMade":2,"repliesMade":0,"repliesRcvd":1,"sharesMade":0,"sharesRcvd":4,"mentionsRcvd":0,"likesRcvd":29,"reachRcvd":0,"audience":3853,"voice":2,"conversation":3,"engagement":34,"group_scoped":{"audienceScore":0.250433041822253,"voiceScore":0.03251503820516989,"engagementScore":0.0021634003563247646,"combinedScore":0.016094464322063434,"combinedScoreRank":158,"SEIrank":148,"engagementSEIrank":141,"voiceSEIrank":149,"audienceSEIrank":120,"engagementSEI":0.0023859130082082426,"engagementSEIadj":0.0023859130082082426,"voiceSEI":0.0683293474547318,"voiceSEIadj":0.0683293474547318,"audienceSEI":0.352528912311521,"audienceSEIadj":0.352528912311521,"SEI":0.05718324327249658,"SEIadj":0.05718324327249658},"non_scoped":{"SEI":0.03372045715115886,"SEIrank":150,"SEIadj":0,"audienceSEI":0.20939124915221813,"audienceSEIadj":0,"audienceSEIrank":115,"audienceScore":0.040176639572895106,"combinedScore":0.002370189426388485,"combinedScoreRank":147,"engagementSEI":0.0003070492825838667,"engagementSEIadj":0,"engagementSEIrank":146,"engagementScore":0.00012778165152447832,"voiceSEI":0.0419903422212891,"voiceSEIadj":0,"voiceSEIrank":148,"voiceScore":0.004927079227433977},"scoped":{"SEI":0.3610919081025279,"SEIrank":136,"SEIadj":0,"audienceSEI":2.705739425987177,"audienceSEIadj":0,"audienceSEIrank":102,"audienceScore":0.1656251867205826,"combinedScore":0.010500924743312025,"combinedScoreRank":134,"engagementSEI":0.028912056327488563,"engagementSEIadj":0,"engagementSEIrank":134,"engagementScore":0.0017079608053135664,"voiceSEI":0.24390243902439024,"voiceSEIadj":0,"voiceSEIrank":137,"voiceScore":0.013650013650013651}},"twitter":{"entityString":"536575feb08f37d80186a0b2","type":"twitter","profiles":1,"postsMade":23,"repliesMade":0,"repliesRcvd":0,"sharesMade":0,"sharesRcvd":26,"mentionsRcvd":0,"likesRcvd":78,"reachRcvd":0,"audience":13490,"voice":23,"conversation":23,"engagement":104,"group_scoped":{"audienceScore":2.1457008838887925,"voiceScore":0.16692067639161043,"engagementScore":0.05856449414918179,"combinedScore":0.16833912274828375,"combinedScoreRank":189,"SEIrank":185,"engagementSEIrank":194,"voiceSEIrank":186,"audienceSEIrank":88,"engagementSEI":0.09697512215135579,"engagementSEIadj":0.09697512215135579,"voiceSEI":0.38307794803464357,"voiceSEIadj":0.38307794803464357,"audienceSEI":5.056828405206022,"audienceSEIadj":5.056828405206022,"SEI":0.6787912982218087,"SEIadj":0.6787912982218087},"non_scoped":{"SEI":0.38790844446471257,"SEIrank":162,"SEIadj":0,"audienceSEI":2.434701627225343,"audienceSEIadj":0,"audienceSEIrank":50,"audienceScore":0.3940257632679194,"combinedScore":0.032615379960175966,"combinedScoreRank":163,"engagementSEI":0.04931901817216131,"engagementSEIadj":0,"engagementSEIrank":177,"engagementScore":0.012513235152565215,"voiceSEI":0.3828229027962716,"voiceSEIadj":0,"voiceSEIrank":181,"voiceScore":0.03304360318942605},"scoped":{"SEI":1.7397489048000434,"SEIrank":149,"SEIadj":0,"audienceSEI":11.573140705026466,"audienceSEIadj":0,"audienceSEIrank":40,"audienceScore":0.6255309361912076,"combinedScore":0.05763829534949687,"combinedScoreRank":156,"engagementSEI":0.32718807021959356,"engagementSEIadj":0,"engagementSEIrank":165,"engagementScore":0.025942796134523372,"voiceSEI":1.2870733072188025,"voiceSEIadj":0,"voiceSEIrank":169,"voiceScore":0.06026464037730905}},"instagram":{"entityString":"536575feb08f37d80186a0b2","type":"instagram","profiles":0,"postsMade":0,"repliesMade":0,"repliesRcvd":0,"sharesMade":0,"sharesRcvd":0,"mentionsRcvd":0,"likesRcvd":0,"reachRcvd":0,"audience":0,"voice":0,"conversation":0,"engagement":0,"group_scoped":{"audienceScore":0,"voiceScore":0,"engagementScore":0,"combinedScore":0,"combinedScoreRank":90,"SEIrank":72,"engagementSEIrank":67,"voiceSEIrank":67,"audienceSEIrank":72,"engagementSEI":0,"engagementSEIadj":0,"voiceSEI":0,"voiceSEIadj":0,"audienceSEI":0,"audienceSEIadj":0,"SEI":0,"SEIadj":0},"non_scoped":{"SEI":0,"SEIrank":72,"SEIadj":0,"audienceSEI":0,"audienceSEIadj":0,"audienceSEIrank":72,"audienceScore":0,"combinedScore":0,"combinedScoreRank":72,"engagementSEI":0,"engagementSEIadj":0,"engagementSEIrank":67,"engagementScore":0,"voiceSEI":0,"voiceSEIadj":0,"voiceSEIrank":67,"voiceScore":0},"scoped":{"SEI":0,"SEIrank":63,"SEIadj":0,"audienceSEI":0,"audienceSEIadj":0,"audienceSEIrank":63,"audienceScore":0,"combinedScore":0,"combinedScoreRank":63,"engagementSEI":0,"engagementSEIadj":0,"engagementSEIrank":58,"engagementScore":0,"voiceSEI":0,"voiceSEIadj":0,"voiceSEIrank":58,"voiceScore":0}}},"blended":{"combined":{"non_scoped":{"SEI":0.1433393012423467,"SEIadj":40.086003580745405,"SEIrank":183,"audienceSEI":0.6898326550224176,"audienceSEIadj":50.34491632751121,"audienceSEIrank":88,"engagementSEI":0.0007991950572796031,"engagementSEIadj":40.00047951703437,"engagementSEIrank":199,"voiceSEI":0.2462550623524573,"voiceSEIadj":40.147753037411476,"voiceSEIrank":192},"scoped":{"SEI":0.9225356438124097,"SEIadj":40.55352138628744,"SEIrank":167,"compCharisma":0,"compInfluence":0,"compEva":0.9225356438124097,"audienceSEI":9.055782114007926,"audienceSEIadj":54.52789105700396,"audienceSEIrank":76,"engagementSEI":0.020451014258908672,"engagementSEIadj":40.01227060855535,"engagementSEIrank":184,"voiceSEI":0.986712897569057,"voiceSEIadj":40.59202773854143,"voiceSEIrank":180}},"facebook":{"non_scoped":{"SEI":0.027329791033190335,"SEIadj":50.0136648955166,"SEIrank":150,"audienceSEI":0.20939124915221816,"audienceSEIadj":50.10469562457611,"audienceSEIrank":115,"engagementSEI":0.00015352464129193334,"engagementSEIadj":50.000076762320646,"engagementSEIrank":148,"voiceSEI":0.02099517111064455,"voiceSEIadj":50.01049758555532,"voiceSEIrank":148},"scoped":{"SEI":0.3158329253506228,"SEIadj":50.15791646267531,"SEIrank":137,"audienceSEI":2.7057394259871774,"audienceSEIadj":51.35286971299359,"audienceSEIrank":102,"engagementSEI":0.014456028163744281,"engagementSEIadj":50.007228014081875,"engagementSEIrank":136,"voiceSEI":0.12195121951219512,"voiceSEIadj":50.0609756097561,"voiceSEIrank":137}},"twitter":{"non_scoped":{"SEI":0.3925695283856835,"SEIadj":40.23554171703141,"SEIrank":163,"audienceSEI":2.434701627225343,"audienceSEIadj":60.97388065089014,"audienceSEIrank":50,"engagementSEI":0.03703515376371024,"engagementSEIadj":40.02222109225823,"engagementSEIrank":182,"voiceSEI":0.4229275780164101,"voiceSEIadj":40.253756546809846,"voiceSEIrank":177},"scoped":{"SEI":1.7005437040318196,"SEIadj":41.020326222419094,"SEIrank":147,"audienceSEI":11.573140705026466,"audienceSEIadj":64.62925628201059,"audienceSEIrank":40,"engagementSEI":0.23596084156862784,"engagementSEIadj":40.14157650494118,"engagementSEIrank":168,"voiceSEI":1.3388437619599878,"voiceSEIadj":40.80330625717599,"voiceSEIrank":164}},"instagram":{"non_scoped":{"SEI":0,"SEIadj":0,"SEIrank":72,"audienceSEI":0,"audienceSEIadj":0,"audienceSEIrank":72,"engagementSEI":0,"engagementSEIadj":0,"engagementSEIrank":67,"voiceSEI":0,"voiceSEIadj":0,"voiceSEIrank":67},"scoped":{"SEI":0,"SEIadj":0,"SEIrank":63,"audienceSEI":0,"audienceSEIadj":0,"audienceSEIrank":63,"engagementSEI":0,"engagementSEIadj":0,"engagementSEIrank":58,"voiceSEI":0,"voiceSEIadj":0,"voiceSEIrank":58}},"influence":{"instagram":{"scope":"individual","ratio":0,"calculated":false},"combined":{"ratio":0.01,"bottom":false,"scope":"individual","calculated":true},"facebook":{"ratio":0.02,"bottom":false,"scope":"individual","calculated":true},"twitter":{"ratio":0.03,"bottom":false,"scope":"individual","calculated":true}},"charisma":{"instagram":{"scope":"individual","ratio":0,"calculated":false},"combined":{"ratio":0.09,"bottom":true,"scope":"individual","calculated":true},"facebook":{"ratio":0.16,"bottom":false,"scope":"individual","calculated":true},"twitter":{"ratio":0.29,"bottom":false,"scope":"individual","calculated":true}}},"scope":"individual"}}