{"scoreEntityString":"591d1494ab33fb0001804f89.asset.536575ffb08f37d80186dc68","timeQuantum":4984422,"scoreEntityType":"asset","scoreProfileID":"591d1494ab33fb0001804f89","data":{"scoreEntityString":"591d1494ab33fb0001804f89.asset.536575ffb08f37d80186dc68","scoreProfileID":"591d1494ab33fb0001804f89","scoreEntityType":"asset","entityID":"asset.536575ffb08f37d80186dc68","object_version":"1.2","score_engine_version":"3.0.19","timestamp":4984422,"start_quantum":4958502,"end_quantum":4984421,"schedule_options":{"interval":15,"offset":"1"},"_15min":{"boundaryQuantum":4984419,"combined":{"entityString":"536575ffb08f37d80186dc68","type":"combined","profiles":2,"postsMade":0,"repliesMade":0,"repliesRcvd":0,"sharesMade":0,"sharesRcvd":0,"mentionsRcvd":0,"likesRcvd":0,"reachRcvd":0,"audience":7203,"voice":0,"conversation":0,"engagement":0,"group_scoped":{"audienceScore":0.5147125027332713,"voiceScore":0,"engagementScore":0,"combinedScore":0.5147125027332713,"engagementSEI":0,"engagementSEIadj":0,"voiceSEI":0,"voiceSEIadj":0,"audienceSEI":0.7445115144499111,"audienceSEIadj":0.7445115144499111,"SEI":0.07445115144499112,"SEIadj":0.07445115144499112,"combinedScoreRank":124,"SEIrank":131,"engagementSEIrank":205,"voiceSEIrank":204,"audienceSEIrank":131},"non_scoped":{"SEI":0.028650548429490136,"SEIrank":141,"SEIadj":0,"audienceSEI":0.28650548429490136,"audienceSEIadj":0,"audienceSEIrank":141,"audienceScore":0.05304747546526642,"combinedScore":0.002652373773263321,"combinedScoreRank":141,"engagementSEI":0,"engagementSEIadj":0,"engagementSEIrank":205,"engagementScore":0,"voiceSEI":0,"voiceSEIadj":0,"voiceSEIrank":204,"voiceScore":0},"scoped":{"SEI":1.6663967611336035,"SEIrank":6,"SEIadj":0,"audienceSEI":16.663967611336034,"audienceSEIadj":0,"audienceSEIrank":6,"audienceScore":4.330729965188218,"combinedScore":4.330729965188218,"combinedScoreRank":6,"engagementSEI":0,"engagementSEIadj":0,"engagementSEIrank":8,"engagementScore":0,"voiceSEI":0,"voiceSEIadj":0,"voiceSEIrank":8,"voiceScore":0}},"facebook":{"entityString":"536575ffb08f37d80186dc68","type":"facebook","profiles":1,"postsMade":0,"repliesMade":0,"repliesRcvd":0,"sharesMade":0,"sharesRcvd":0,"mentionsRcvd":0,"likesRcvd":0,"reachRcvd":0,"audience":1,"voice":0,"conversation":0,"engagement":0,"group_scoped":{"audienceScore":0.0000945393146466924,"voiceScore":0,"engagementScore":0,"combinedScore":0.0000945393146466924,"engagementSEI":0,"engagementSEIadj":0,"voiceSEI":0,"voiceSEIadj":0,"audienceSEI":0.00011909795211071345,"audienceSEIadj":0.00011909795211071345,"SEI":0.000011909795211071346,"SEIadj":0.000011909795211071346,"combinedScoreRank":178,"SEIrank":178,"engagementSEIrank":205,"voiceSEIrank":204,"audienceSEIrank":178},"non_scoped":{"SEI":0.00000543449906961376,"SEIrank":190,"SEIadj":0,"audienceSEI":0.0000543449906961376,"audienceSEIadj":0,"audienceSEIrank":190,"audienceScore":0.00001042736557822349,"combinedScore":5.213682789111745e-7,"combinedScoreRank":190,"engagementSEI":0,"engagementSEIadj":0,"engagementSEIrank":205,"engagementScore":0,"voiceSEI":0,"voiceSEIadj":0,"voiceSEIrank":204,"voiceScore":0},"scoped":{"SEI":0.0002979205148066496,"SEIrank":8,"SEIadj":0,"audienceSEI":0.0029792051480664957,"audienceSEIadj":0,"audienceSEIrank":8,"audienceScore":0.0011307356566181957,"combinedScore":0.0011307356566181957,"combinedScoreRank":8,"engagementSEI":0,"engagementSEIadj":0,"engagementSEIrank":8,"engagementScore":0,"voiceSEI":0,"voiceSEIadj":0,"voiceSEIrank":8,"voiceScore":0}},"twitter":{"entityString":"536575ffb08f37d80186dc68","type":"twitter","profiles":1,"postsMade":0,"repliesMade":0,"repliesRcvd":0,"sharesMade":0,"sharesRcvd":0,"mentionsRcvd":0,"likesRcvd":0,"reachRcvd":0,"audience":7202,"voice":0,"conversation":0,"engagement":0,"group_scoped":{"audienceScore":2.1181480762556837,"voiceScore":0,"engagementScore":0,"combinedScore":2.1181480762556837,"engagementSEI":0,"engagementSEIadj":0,"voiceSEI":0,"voiceSEIadj":0,"audienceSEI":5.70735727644467,"audienceSEIadj":5.70735727644467,"SEI":0.570735727644467,"SEIadj":0.570735727644467,"combinedScoreRank":67,"SEIrank":81,"engagementSEIrank":203,"voiceSEIrank":203,"audienceSEIrank":80},"non_scoped":{"SEI":0.12998310688863543,"SEIrank":102,"SEIadj":0,"audienceSEI":1.2998310688863541,"audienceSEIadj":0,"audienceSEIrank":102,"audienceScore":0.21036127109381433,"combinedScore":0.010518063554690718,"combinedScoreRank":102,"engagementSEI":0,"engagementSEIadj":0,"engagementSEIrank":203,"engagementScore":0,"voiceSEI":0,"voiceSEIadj":0,"voiceSEIrank":203,"voiceScore":0},"scoped":{"SEI":3.5236557561524537,"SEIrank":5,"SEIadj":0,"audienceSEI":35.236557561524535,"audienceSEIadj":0,"audienceSEIrank":5,"audienceScore":9.246966681646017,"combinedScore":9.246966681646017,"combinedScoreRank":5,"engagementSEI":0,"engagementSEIadj":0,"engagementSEIrank":8,"engagementScore":0,"voiceSEI":0,"voiceSEIadj":0,"voiceSEIrank":8,"voiceScore":0}},"instagram":{"entityString":"536575ffb08f37d80186dc68","type":"instagram","profiles":0,"postsMade":0,"repliesMade":0,"repliesRcvd":0,"sharesMade":0,"sharesRcvd":0,"mentionsRcvd":0,"likesRcvd":0,"reachRcvd":0,"audience":0,"voice":0,"conversation":0,"engagement":0,"group_scoped":{"audienceScore":0,"voiceScore":0,"engagementScore":0,"combinedScore":0,"engagementSEI":0,"engagementSEIadj":0,"voiceSEI":0,"voiceSEIadj":0,"audienceSEI":0,"audienceSEIadj":0,"SEI":0,"SEIadj":0,"combinedScoreRank":204,"SEIrank":204,"engagementSEIrank":203,"voiceSEIrank":203,"audienceSEIrank":204},"non_scoped":{"SEI":0,"SEIrank":204,"SEIadj":0,"audienceSEI":0,"audienceSEIadj":0,"audienceSEIrank":204,"audienceScore":0,"combinedScore":0,"combinedScoreRank":204,"engagementSEI":0,"engagementSEIadj":0,"engagementSEIrank":203,"engagementScore":0,"voiceSEI":0,"voiceSEIadj":0,"voiceSEIrank":203,"voiceScore":0},"scoped":{"SEI":0,"SEIrank":8,"SEIadj":0,"audienceSEI":0,"audienceSEIadj":0,"audienceSEIrank":8,"audienceScore":null,"combinedScore":null,"combinedScoreRank":3,"engagementSEI":0,"engagementSEIadj":0,"engagementSEIrank":8,"engagementScore":0,"voiceSEI":0,"voiceSEIadj":0,"voiceSEIrank":8,"voiceScore":0}}},"hour":{"boundaryQuantum":4984410,"combined":{"entityString":"536575ffb08f37d80186dc68","type":"combined","profiles":2,"postsMade":0,"repliesMade":0,"repliesRcvd":0,"sharesMade":0,"sharesRcvd":0,"mentionsRcvd":0,"likesRcvd":0,"reachRcvd":0,"audience":7203,"voice":0,"conversation":0,"engagement":0,"group_scoped":{"audienceScore":0.5147125027332713,"voiceScore":0,"engagementScore":0,"combinedScore":0.5147125027332713,"combinedScoreRank":111,"SEIrank":140,"engagementSEIrank":207,"voiceSEIrank":204,"audienceSEIrank":131,"engagementSEI":0,"engagementSEIadj":0,"voiceSEI":0,"voiceSEIadj":0,"audienceSEI":0.7445115144499111,"audienceSEIadj":0.7445115144499111,"SEI":0.07445115144499112,"SEIadj":0.07445115144499112},"non_scoped":{"SEI":0.028650548429490136,"SEIrank":145,"SEIadj":0,"audienceSEI":0.28650548429490136,"audienceSEIadj":0,"audienceSEIrank":141,"audienceScore":0.05304747546526642,"combinedScore":0.002652373773263321,"combinedScoreRank":147,"engagementSEI":0,"engagementSEIadj":0,"engagementSEIrank":207,"engagementScore":0,"voiceSEI":0,"voiceSEIadj":0,"voiceSEIrank":204,"voiceScore":0},"scoped":{"SEI":1.6663967611336035,"SEIrank":6,"SEIadj":0,"audienceSEI":16.663967611336034,"audienceSEIadj":0,"audienceSEIrank":6,"audienceScore":4.330729965188218,"combinedScore":0.6186757093126025,"combinedScoreRank":6,"engagementSEI":0,"engagementSEIadj":0,"engagementSEIrank":8,"engagementScore":0,"voiceSEI":0,"voiceSEIadj":0,"voiceSEIrank":8,"voiceScore":0}},"facebook":{"entityString":"536575ffb08f37d80186dc68","type":"facebook","profiles":1,"postsMade":0,"repliesMade":0,"repliesRcvd":0,"sharesMade":0,"sharesRcvd":0,"mentionsRcvd":0,"likesRcvd":0,"reachRcvd":0,"audience":1,"voice":0,"conversation":0,"engagement":0,"group_scoped":{"audienceScore":0.0000945393146466924,"voiceScore":0,"engagementScore":0,"combinedScore":0.0000945393146466924,"combinedScoreRank":178,"SEIrank":178,"engagementSEIrank":206,"voiceSEIrank":204,"audienceSEIrank":178,"engagementSEI":0,"engagementSEIadj":0,"voiceSEI":0,"voiceSEIadj":0,"audienceSEI":0.00011909795211071345,"audienceSEIadj":0.00011909795211071345,"SEI":0.000011909795211071346,"SEIadj":0.000011909795211071346},"non_scoped":{"SEI":0.00000543449906961376,"SEIrank":190,"SEIadj":0,"audienceSEI":0.0000543449906961376,"audienceSEIadj":0,"audienceSEIrank":190,"audienceScore":0.00001042736557822349,"combinedScore":5.213682789111745e-7,"combinedScoreRank":190,"engagementSEI":0,"engagementSEIadj":0,"engagementSEIrank":206,"engagementScore":0,"voiceSEI":0,"voiceSEIadj":0,"voiceSEIrank":204,"voiceScore":0},"scoped":{"SEI":0.0002979205148066496,"SEIrank":8,"SEIadj":0,"audienceSEI":0.0029792051480664957,"audienceSEIadj":0,"audienceSEIrank":8,"audienceScore":0.0011307356566181957,"combinedScore":0.0001615336652311708,"combinedScoreRank":8,"engagementSEI":0,"engagementSEIadj":0,"engagementSEIrank":8,"engagementScore":0,"voiceSEI":0,"voiceSEIadj":0,"voiceSEIrank":8,"voiceScore":0}},"twitter":{"entityString":"536575ffb08f37d80186dc68","type":"twitter","profiles":1,"postsMade":0,"repliesMade":0,"repliesRcvd":0,"sharesMade":0,"sharesRcvd":0,"mentionsRcvd":0,"likesRcvd":0,"reachRcvd":0,"audience":7202,"voice":0,"conversation":0,"engagement":0,"group_scoped":{"audienceScore":2.1181480762556837,"voiceScore":0,"engagementScore":0,"combinedScore":2.1181480762556837,"combinedScoreRank":76,"SEIrank":98,"engagementSEIrank":205,"voiceSEIrank":204,"audienceSEIrank":80,"engagementSEI":0,"engagementSEIadj":0,"voiceSEI":0,"voiceSEIadj":0,"audienceSEI":5.70735727644467,"audienceSEIadj":5.70735727644467,"SEI":0.570735727644467,"SEIadj":0.570735727644467},"non_scoped":{"SEI":0.12998310688863543,"SEIrank":110,"SEIadj":0,"audienceSEI":1.2998310688863541,"audienceSEIadj":0,"audienceSEIrank":102,"audienceScore":0.21036127109381433,"combinedScore":0.010518063554690718,"combinedScoreRank":110,"engagementSEI":0,"engagementSEIadj":0,"engagementSEIrank":205,"engagementScore":0,"voiceSEI":0,"voiceSEIadj":0,"voiceSEIrank":204,"voiceScore":0},"scoped":{"SEI":3.5236557561524537,"SEIrank":5,"SEIadj":0,"audienceSEI":35.236557561524535,"audienceSEIadj":0,"audienceSEIrank":5,"audienceScore":9.246966681646017,"combinedScore":9.246966681646017,"combinedScoreRank":5,"engagementSEI":0,"engagementSEIadj":0,"engagementSEIrank":8,"engagementScore":0,"voiceSEI":0,"voiceSEIadj":0,"voiceSEIrank":8,"voiceScore":0}},"instagram":{"entityString":"536575ffb08f37d80186dc68","type":"instagram","profiles":0,"postsMade":0,"repliesMade":0,"repliesRcvd":0,"sharesMade":0,"sharesRcvd":0,"mentionsRcvd":0,"likesRcvd":0,"reachRcvd":0,"audience":0,"voice":0,"conversation":0,"engagement":0,"group_scoped":{"audienceScore":0,"voiceScore":0,"engagementScore":0,"combinedScore":0,"combinedScoreRank":204,"SEIrank":204,"engagementSEIrank":203,"voiceSEIrank":203,"audienceSEIrank":204,"engagementSEI":0,"engagementSEIadj":0,"voiceSEI":0,"voiceSEIadj":0,"audienceSEI":0,"audienceSEIadj":0,"SEI":0,"SEIadj":0},"non_scoped":{"SEI":0,"SEIrank":204,"SEIadj":0,"audienceSEI":0,"audienceSEIadj":0,"audienceSEIrank":204,"audienceScore":0,"combinedScore":0,"combinedScoreRank":204,"engagementSEI":0,"engagementSEIadj":0,"engagementSEIrank":203,"engagementScore":0,"voiceSEI":0,"voiceSEIadj":0,"voiceSEIrank":203,"voiceScore":0},"scoped":{"SEI":0,"SEIrank":8,"SEIadj":0,"audienceSEI":0,"audienceSEIadj":0,"audienceSEIrank":8,"audienceScore":null,"combinedScore":null,"combinedScoreRank":3,"engagementSEI":0,"engagementSEIadj":0,"engagementSEIrank":8,"engagementScore":0,"voiceSEI":0,"voiceSEIadj":0,"voiceSEIrank":8,"voiceScore":0}}},"today":{"boundaryQuantum":4984134,"combined":{"entityString":"536575ffb08f37d80186dc68","type":"combined","profiles":2,"postsMade":0,"repliesMade":0,"repliesRcvd":0,"sharesMade":0,"sharesRcvd":0,"mentionsRcvd":0,"likesRcvd":0,"reachRcvd":0,"audience":7203,"voice":0,"conversation":0,"engagement":0,"group_scoped":{"audienceScore":0.5147125027332713,"voiceScore":0,"engagementScore":0,"combinedScore":0.5147125027332713,"combinedScoreRank":63,"SEIrank":167,"engagementSEIrank":219,"voiceSEIrank":212,"audienceSEIrank":131,"engagementSEI":0,"engagementSEIadj":0,"voiceSEI":0,"voiceSEIadj":0,"audienceSEI":0.7445115144499111,"audienceSEIadj":0.7445115144499111,"SEI":0.07445115144499112,"SEIadj":0.07445115144499112},"non_scoped":{"SEI":0.028650548429490136,"SEIrank":166,"SEIadj":0,"audienceSEI":0.28650548429490136,"audienceSEIadj":0,"audienceSEIrank":141,"audienceScore":0.05304747546526642,"combinedScore":0.002652373773263321,"combinedScoreRank":175,"engagementSEI":0,"engagementSEIadj":0,"engagementSEIrank":219,"engagementScore":0,"voiceSEI":0,"voiceSEIadj":0,"voiceSEIrank":212,"voiceScore":0},"scoped":{"SEI":1.6663967611336035,"SEIrank":7,"SEIadj":0,"audienceSEI":16.663967611336034,"audienceSEIadj":0,"audienceSEIrank":6,"audienceScore":4.330729965188218,"combinedScore":0.2165364982594109,"combinedScoreRank":7,"engagementSEI":0,"engagementSEIadj":0,"engagementSEIrank":9,"engagementScore":0,"voiceSEI":0,"voiceSEIadj":0,"voiceSEIrank":9,"voiceScore":0}},"facebook":{"entityString":"536575ffb08f37d80186dc68","type":"facebook","profiles":1,"postsMade":0,"repliesMade":0,"repliesRcvd":0,"sharesMade":0,"sharesRcvd":0,"mentionsRcvd":0,"likesRcvd":0,"reachRcvd":0,"audience":1,"voice":0,"conversation":0,"engagement":0,"group_scoped":{"audienceScore":0.0000945393146466924,"voiceScore":0,"engagementScore":0,"combinedScore":0.0000945393146466924,"combinedScoreRank":178,"SEIrank":178,"engagementSEIrank":210,"voiceSEIrank":206,"audienceSEIrank":178,"engagementSEI":0,"engagementSEIadj":0,"voiceSEI":0,"voiceSEIadj":0,"audienceSEI":0.00011909795211071345,"audienceSEIadj":0.00011909795211071345,"SEI":0.000011909795211071346,"SEIadj":0.000011909795211071346},"non_scoped":{"SEI":0.00000543449906961376,"SEIrank":190,"SEIadj":0,"audienceSEI":0.0000543449906961376,"audienceSEIadj":0,"audienceSEIrank":190,"audienceScore":0.00001042736557822349,"combinedScore":5.213682789111745e-7,"combinedScoreRank":190,"engagementSEI":0,"engagementSEIadj":0,"engagementSEIrank":210,"engagementScore":0,"voiceSEI":0,"voiceSEIadj":0,"voiceSEIrank":206,"voiceScore":0},"scoped":{"SEI":0.0002979205148066496,"SEIrank":8,"SEIadj":0,"audienceSEI":0.0029792051480664957,"audienceSEIadj":0,"audienceSEIrank":8,"audienceScore":0.0011307356566181957,"combinedScore":0.0001615336652311708,"combinedScoreRank":8,"engagementSEI":0,"engagementSEIadj":0,"engagementSEIrank":9,"engagementScore":0,"voiceSEI":0,"voiceSEIadj":0,"voiceSEIrank":8,"voiceScore":0}},"twitter":{"entityString":"536575ffb08f37d80186dc68","type":"twitter","profiles":1,"postsMade":0,"repliesMade":0,"repliesRcvd":0,"sharesMade":0,"sharesRcvd":0,"mentionsRcvd":0,"likesRcvd":0,"reachRcvd":0,"audience":7202,"voice":0,"conversation":0,"engagement":0,"group_scoped":{"audienceScore":2.1181480762556837,"voiceScore":0,"engagementScore":0,"combinedScore":2.1181480762556837,"combinedScoreRank":74,"SEIrank":151,"engagementSEIrank":218,"voiceSEIrank":211,"audienceSEIrank":80,"engagementSEI":0,"engagementSEIadj":0,"voiceSEI":0,"voiceSEIadj":0,"audienceSEI":5.70735727644467,"audienceSEIadj":5.70735727644467,"SEI":0.570735727644467,"SEIadj":0.570735727644467},"non_scoped":{"SEI":0.12998310688863543,"SEIrank":153,"SEIadj":0,"audienceSEI":1.2998310688863541,"audienceSEIadj":0,"audienceSEIrank":102,"audienceScore":0.21036127109381433,"combinedScore":0.010518063554690718,"combinedScoreRank":163,"engagementSEI":0,"engagementSEIadj":0,"engagementSEIrank":218,"engagementScore":0,"voiceSEI":0,"voiceSEIadj":0,"voiceSEIrank":211,"voiceScore":0},"scoped":{"SEI":3.5236557561524537,"SEIrank":6,"SEIadj":0,"audienceSEI":35.236557561524535,"audienceSEIadj":0,"audienceSEIrank":5,"audienceScore":9.246966681646017,"combinedScore":0.46234833408230086,"combinedScoreRank":6,"engagementSEI":0,"engagementSEIadj":0,"engagementSEIrank":9,"engagementScore":0,"voiceSEI":0,"voiceSEIadj":0,"voiceSEIrank":9,"voiceScore":0}},"instagram":{"entityString":"536575ffb08f37d80186dc68","type":"instagram","profiles":0,"postsMade":0,"repliesMade":0,"repliesRcvd":0,"sharesMade":0,"sharesRcvd":0,"mentionsRcvd":0,"likesRcvd":0,"reachRcvd":0,"audience":0,"voice":0,"conversation":0,"engagement":0,"group_scoped":{"audienceScore":0,"voiceScore":0,"engagementScore":0,"combinedScore":0,"combinedScoreRank":204,"SEIrank":204,"engagementSEIrank":204,"voiceSEIrank":204,"audienceSEIrank":204,"engagementSEI":0,"engagementSEIadj":0,"voiceSEI":0,"voiceSEIadj":0,"audienceSEI":0,"audienceSEIadj":0,"SEI":0,"SEIadj":0},"non_scoped":{"SEI":0,"SEIrank":204,"SEIadj":0,"audienceSEI":0,"audienceSEIadj":0,"audienceSEIrank":204,"audienceScore":0,"combinedScore":0,"combinedScoreRank":204,"engagementSEI":0,"engagementSEIadj":0,"engagementSEIrank":204,"engagementScore":0,"voiceSEI":0,"voiceSEIadj":0,"voiceSEIrank":204,"voiceScore":0},"scoped":{"SEI":0,"SEIrank":8,"SEIadj":0,"audienceSEI":0,"audienceSEIadj":0,"audienceSEIrank":8,"audienceScore":null,"combinedScore":null,"combinedScoreRank":3,"engagementSEI":0,"engagementSEIadj":0,"engagementSEIrank":8,"engagementScore":0,"voiceSEI":0,"voiceSEIadj":0,"voiceSEIrank":8,"voiceScore":0}}},"week":{"boundaryQuantum":4982406,"combined":{"entityString":"536575ffb08f37d80186dc68","type":"combined","profiles":2,"postsMade":0,"repliesMade":0,"repliesRcvd":0,"sharesMade":0,"sharesRcvd":0,"mentionsRcvd":0,"likesRcvd":0,"reachRcvd":0,"audience":7203,"voice":0,"conversation":0,"engagement":0,"group_scoped":{"audienceScore":0.5147125027332713,"voiceScore":0,"engagementScore":0,"combinedScore":0.5147125027332713,"combinedScoreRank":57,"SEIrank":210,"engagementSEIrank":224,"voiceSEIrank":224,"audienceSEIrank":131,"engagementSEI":0,"engagementSEIadj":0,"voiceSEI":0,"voiceSEIadj":0,"audienceSEI":0.7445115144499111,"audienceSEIadj":0.7445115144499111,"SEI":0.07445115144499112,"SEIadj":0.07445115144499112},"non_scoped":{"SEI":0.028650548429490136,"SEIrank":209,"SEIadj":0,"audienceSEI":0.28650548429490136,"audienceSEIadj":0,"audienceSEIrank":141,"audienceScore":0.05304747546526642,"combinedScore":0.002652373773263321,"combinedScoreRank":203,"engagementSEI":0,"engagementSEIadj":0,"engagementSEIrank":224,"engagementScore":0,"voiceSEI":0,"voiceSEIadj":0,"voiceSEIrank":224,"voiceScore":0},"scoped":{"SEI":1.6663967611336035,"SEIrank":9,"SEIadj":0,"audienceSEI":16.663967611336034,"audienceSEIadj":0,"audienceSEIrank":6,"audienceScore":4.330729965188218,"combinedScore":0.2165364982594109,"combinedScoreRank":9,"engagementSEI":0,"engagementSEIadj":0,"engagementSEIrank":9,"engagementScore":0,"voiceSEI":0,"voiceSEIadj":0,"voiceSEIrank":9,"voiceScore":0}},"facebook":{"entityString":"536575ffb08f37d80186dc68","type":"facebook","profiles":1,"postsMade":0,"repliesMade":0,"repliesRcvd":0,"sharesMade":0,"sharesRcvd":0,"mentionsRcvd":0,"likesRcvd":0,"reachRcvd":0,"audience":1,"voice":0,"conversation":0,"engagement":0,"group_scoped":{"audienceScore":0.0000945393146466924,"voiceScore":0,"engagementScore":0,"combinedScore":0.0000945393146466924,"combinedScoreRank":178,"SEIrank":178,"engagementSEIrank":210,"voiceSEIrank":210,"audienceSEIrank":178,"engagementSEI":0,"engagementSEIadj":0,"voiceSEI":0,"voiceSEIadj":0,"audienceSEI":0.00011909795211071345,"audienceSEIadj":0.00011909795211071345,"SEI":0.000011909795211071346,"SEIadj":0.000011909795211071346},"non_scoped":{"SEI":0.00000543449906961376,"SEIrank":190,"SEIadj":0,"audienceSEI":0.0000543449906961376,"audienceSEIadj":0,"audienceSEIrank":190,"audienceScore":0.00001042736557822349,"combinedScore":5.213682789111745e-7,"combinedScoreRank":190,"engagementSEI":0,"engagementSEIadj":0,"engagementSEIrank":210,"engagementScore":0,"voiceSEI":0,"voiceSEIadj":0,"voiceSEIrank":210,"voiceScore":0},"scoped":{"SEI":0.0002979205148066496,"SEIrank":8,"SEIadj":0,"audienceSEI":0.0029792051480664957,"audienceSEIadj":0,"audienceSEIrank":8,"audienceScore":0.0011307356566181957,"combinedScore":0.000056536782830909785,"combinedScoreRank":8,"engagementSEI":0,"engagementSEIadj":0,"engagementSEIrank":9,"engagementScore":0,"voiceSEI":0,"voiceSEIadj":0,"voiceSEIrank":9,"voiceScore":0}},"twitter":{"entityString":"536575ffb08f37d80186dc68","type":"twitter","profiles":1,"postsMade":0,"repliesMade":0,"repliesRcvd":0,"sharesMade":0,"sharesRcvd":0,"mentionsRcvd":0,"likesRcvd":0,"reachRcvd":0,"audience":7202,"voice":0,"conversation":0,"engagement":0,"group_scoped":{"audienceScore":2.1181480762556837,"voiceScore":0,"engagementScore":0,"combinedScore":2.1181480762556837,"combinedScoreRank":63,"SEIrank":181,"engagementSEIrank":224,"voiceSEIrank":224,"audienceSEIrank":80,"engagementSEI":0,"engagementSEIadj":0,"voiceSEI":0,"voiceSEIadj":0,"audienceSEI":5.70735727644467,"audienceSEIadj":5.70735727644467,"SEI":0.570735727644467,"SEIadj":0.570735727644467},"non_scoped":{"SEI":0.12998310688863543,"SEIrank":188,"SEIadj":0,"audienceSEI":1.2998310688863541,"audienceSEIadj":0,"audienceSEIrank":102,"audienceScore":0.21036127109381433,"combinedScore":0.010518063554690718,"combinedScoreRank":183,"engagementSEI":0,"engagementSEIadj":0,"engagementSEIrank":224,"engagementScore":0,"voiceSEI":0,"voiceSEIadj":0,"voiceSEIrank":224,"voiceScore":0},"scoped":{"SEI":3.5236557561524537,"SEIrank":6,"SEIadj":0,"audienceSEI":35.236557561524535,"audienceSEIadj":0,"audienceSEIrank":5,"audienceScore":9.246966681646017,"combinedScore":0.46234833408230086,"combinedScoreRank":7,"engagementSEI":0,"engagementSEIadj":0,"engagementSEIrank":9,"engagementScore":0,"voiceSEI":0,"voiceSEIadj":0,"voiceSEIrank":9,"voiceScore":0}},"instagram":{"entityString":"536575ffb08f37d80186dc68","type":"instagram","profiles":0,"postsMade":0,"repliesMade":0,"repliesRcvd":0,"sharesMade":0,"sharesRcvd":0,"mentionsRcvd":0,"likesRcvd":0,"reachRcvd":0,"audience":0,"voice":0,"conversation":0,"engagement":0,"group_scoped":{"audienceScore":0,"voiceScore":0,"engagementScore":0,"combinedScore":0,"combinedScoreRank":204,"SEIrank":204,"engagementSEIrank":204,"voiceSEIrank":204,"audienceSEIrank":204,"engagementSEI":0,"engagementSEIadj":0,"voiceSEI":0,"voiceSEIadj":0,"audienceSEI":0,"audienceSEIadj":0,"SEI":0,"SEIadj":0},"non_scoped":{"SEI":0,"SEIrank":204,"SEIadj":0,"audienceSEI":0,"audienceSEIadj":0,"audienceSEIrank":204,"audienceScore":0,"combinedScore":0,"combinedScoreRank":204,"engagementSEI":0,"engagementSEIadj":0,"engagementSEIrank":204,"engagementScore":0,"voiceSEI":0,"voiceSEIadj":0,"voiceSEIrank":204,"voiceScore":0},"scoped":{"SEI":0,"SEIrank":8,"SEIadj":0,"audienceSEI":0,"audienceSEIadj":0,"audienceSEIrank":8,"audienceScore":null,"combinedScore":null,"combinedScoreRank":3,"engagementSEI":0,"engagementSEIadj":0,"engagementSEIrank":8,"engagementScore":0,"voiceSEI":0,"voiceSEIadj":0,"voiceSEIrank":8,"voiceScore":0}}},"month":{"boundaryQuantum":4975782,"combined":{"entityString":"536575ffb08f37d80186dc68","type":"combined","profiles":2,"postsMade":0,"repliesMade":0,"repliesRcvd":0,"sharesMade":0,"sharesRcvd":0,"mentionsRcvd":0,"likesRcvd":0,"reachRcvd":0,"audience":7203,"voice":0,"conversation":0,"engagement":0,"group_scoped":{"audienceScore":0.5147125027332713,"voiceScore":0,"engagementScore":0,"combinedScore":0.5147125027332713,"combinedScoreRank":57,"SEIrank":212,"engagementSEIrank":225,"voiceSEIrank":226,"audienceSEIrank":131,"engagementSEI":0,"engagementSEIadj":0,"voiceSEI":0,"voiceSEIadj":0,"audienceSEI":0.7445115144499111,"audienceSEIadj":0.7445115144499111,"SEI":0.07445115144499112,"SEIadj":0.07445115144499112},"non_scoped":{"SEI":0.028650548429490136,"SEIrank":210,"SEIadj":0,"audienceSEI":0.28650548429490136,"audienceSEIadj":0,"audienceSEIrank":141,"audienceScore":0.05304747546526642,"combinedScore":0.002652373773263321,"combinedScoreRank":204,"engagementSEI":0,"engagementSEIadj":0,"engagementSEIrank":225,"engagementScore":0,"voiceSEI":0,"voiceSEIadj":0,"voiceSEIrank":226,"voiceScore":0},"scoped":{"SEI":1.6663967611336035,"SEIrank":8,"SEIadj":0,"audienceSEI":16.663967611336034,"audienceSEIadj":0,"audienceSEIrank":6,"audienceScore":4.330729965188218,"combinedScore":0.2165364982594109,"combinedScoreRank":8,"engagementSEI":0,"engagementSEIadj":0,"engagementSEIrank":9,"engagementScore":0,"voiceSEI":0,"voiceSEIadj":0,"voiceSEIrank":9,"voiceScore":0}},"facebook":{"entityString":"536575ffb08f37d80186dc68","type":"facebook","profiles":1,"postsMade":0,"repliesMade":0,"repliesRcvd":0,"sharesMade":0,"sharesRcvd":0,"mentionsRcvd":0,"likesRcvd":0,"reachRcvd":0,"audience":1,"voice":0,"conversation":0,"engagement":0,"group_scoped":{"audienceScore":0.0000945393146466924,"voiceScore":0,"engagementScore":0,"combinedScore":0.0000945393146466924,"combinedScoreRank":178,"SEIrank":178,"engagementSEIrank":210,"voiceSEIrank":210,"audienceSEIrank":178,"engagementSEI":0,"engagementSEIadj":0,"voiceSEI":0,"voiceSEIadj":0,"audienceSEI":0.00011909795211071345,"audienceSEIadj":0.00011909795211071345,"SEI":0.000011909795211071346,"SEIadj":0.000011909795211071346},"non_scoped":{"SEI":0.00000543449906961376,"SEIrank":190,"SEIadj":0,"audienceSEI":0.0000543449906961376,"audienceSEIadj":0,"audienceSEIrank":190,"audienceScore":0.00001042736557822349,"combinedScore":5.213682789111745e-7,"combinedScoreRank":190,"engagementSEI":0,"engagementSEIadj":0,"engagementSEIrank":210,"engagementScore":0,"voiceSEI":0,"voiceSEIadj":0,"voiceSEIrank":210,"voiceScore":0},"scoped":{"SEI":0.0002979205148066496,"SEIrank":8,"SEIadj":0,"audienceSEI":0.0029792051480664957,"audienceSEIadj":0,"audienceSEIrank":8,"audienceScore":0.0011307356566181957,"combinedScore":0.000056536782830909785,"combinedScoreRank":8,"engagementSEI":0,"engagementSEIadj":0,"engagementSEIrank":9,"engagementScore":0,"voiceSEI":0,"voiceSEIadj":0,"voiceSEIrank":9,"voiceScore":0}},"twitter":{"entityString":"536575ffb08f37d80186dc68","type":"twitter","profiles":1,"postsMade":0,"repliesMade":0,"repliesRcvd":0,"sharesMade":0,"sharesRcvd":0,"mentionsRcvd":0,"likesRcvd":0,"reachRcvd":0,"audience":7202,"voice":0,"conversation":0,"engagement":0,"group_scoped":{"audienceScore":2.1181480762556837,"voiceScore":0,"engagementScore":0,"combinedScore":2.1181480762556837,"combinedScoreRank":70,"SEIrank":188,"engagementSEIrank":225,"voiceSEIrank":226,"audienceSEIrank":80,"engagementSEI":0,"engagementSEIadj":0,"voiceSEI":0,"voiceSEIadj":0,"audienceSEI":5.70735727644467,"audienceSEIadj":5.70735727644467,"SEI":0.570735727644467,"SEIadj":0.570735727644467},"non_scoped":{"SEI":0.12998310688863543,"SEIrank":196,"SEIadj":0,"audienceSEI":1.2998310688863541,"audienceSEIadj":0,"audienceSEIrank":102,"audienceScore":0.21036127109381433,"combinedScore":0.010518063554690718,"combinedScoreRank":196,"engagementSEI":0,"engagementSEIadj":0,"engagementSEIrank":225,"engagementScore":0,"voiceSEI":0,"voiceSEIadj":0,"voiceSEIrank":226,"voiceScore":0},"scoped":{"SEI":3.5236557561524537,"SEIrank":6,"SEIadj":0,"audienceSEI":35.236557561524535,"audienceSEIadj":0,"audienceSEIrank":5,"audienceScore":9.246966681646017,"combinedScore":0.46234833408230086,"combinedScoreRank":6,"engagementSEI":0,"engagementSEIadj":0,"engagementSEIrank":9,"engagementScore":0,"voiceSEI":0,"voiceSEIadj":0,"voiceSEIrank":9,"voiceScore":0}},"instagram":{"entityString":"536575ffb08f37d80186dc68","type":"instagram","profiles":0,"postsMade":0,"repliesMade":0,"repliesRcvd":0,"sharesMade":0,"sharesRcvd":0,"mentionsRcvd":0,"likesRcvd":0,"reachRcvd":0,"audience":0,"voice":0,"conversation":0,"engagement":0,"group_scoped":{"audienceScore":0,"voiceScore":0,"engagementScore":0,"combinedScore":0,"combinedScoreRank":204,"SEIrank":204,"engagementSEIrank":204,"voiceSEIrank":204,"audienceSEIrank":204,"engagementSEI":0,"engagementSEIadj":0,"voiceSEI":0,"voiceSEIadj":0,"audienceSEI":0,"audienceSEIadj":0,"SEI":0,"SEIadj":0},"non_scoped":{"SEI":0,"SEIrank":204,"SEIadj":0,"audienceSEI":0,"audienceSEIadj":0,"audienceSEIrank":204,"audienceScore":0,"combinedScore":0,"combinedScoreRank":204,"engagementSEI":0,"engagementSEIadj":0,"engagementSEIrank":204,"engagementScore":0,"voiceSEI":0,"voiceSEIadj":0,"voiceSEIrank":204,"voiceScore":0},"scoped":{"SEI":0,"SEIrank":8,"SEIadj":0,"audienceSEI":0,"audienceSEIadj":0,"audienceSEIrank":8,"audienceScore":null,"combinedScore":null,"combinedScoreRank":3,"engagementSEI":0,"engagementSEIadj":0,"engagementSEIrank":8,"engagementScore":0,"voiceSEI":0,"voiceSEIadj":0,"voiceSEIrank":8,"voiceScore":0}}},"quarter":{"boundaryQuantum":4958502,"combined":{"entityString":"536575ffb08f37d80186dc68","type":"combined","profiles":2,"postsMade":0,"repliesMade":0,"repliesRcvd":0,"sharesMade":0,"sharesRcvd":0,"mentionsRcvd":0,"likesRcvd":0,"reachRcvd":0,"audience":7203,"voice":0,"conversation":0,"engagement":0,"group_scoped":{"audienceScore":0.5147125027332713,"voiceScore":0,"engagementScore":0,"combinedScore":0.5147125027332713,"combinedScoreRank":57,"SEIrank":212,"engagementSEIrank":225,"voiceSEIrank":226,"audienceSEIrank":131,"engagementSEI":0,"engagementSEIadj":0,"voiceSEI":0,"voiceSEIadj":0,"audienceSEI":0.7445115144499111,"audienceSEIadj":0.7445115144499111,"SEI":0.07445115144499112,"SEIadj":0.07445115144499112},"non_scoped":{"SEI":0.028650548429490136,"SEIrank":210,"SEIadj":0,"audienceSEI":0.28650548429490136,"audienceSEIadj":0,"audienceSEIrank":141,"audienceScore":0.05304747546526642,"combinedScore":0.002652373773263321,"combinedScoreRank":203,"engagementSEI":0,"engagementSEIadj":0,"engagementSEIrank":225,"engagementScore":0,"voiceSEI":0,"voiceSEIadj":0,"voiceSEIrank":226,"voiceScore":0},"scoped":{"SEI":1.6663967611336035,"SEIrank":8,"SEIadj":0,"audienceSEI":16.663967611336034,"audienceSEIadj":0,"audienceSEIrank":6,"audienceScore":4.330729965188218,"combinedScore":0.2165364982594109,"combinedScoreRank":8,"engagementSEI":0,"engagementSEIadj":0,"engagementSEIrank":9,"engagementScore":0,"voiceSEI":0,"voiceSEIadj":0,"voiceSEIrank":9,"voiceScore":0}},"facebook":{"entityString":"536575ffb08f37d80186dc68","type":"facebook","profiles":1,"postsMade":0,"repliesMade":0,"repliesRcvd":0,"sharesMade":0,"sharesRcvd":0,"mentionsRcvd":0,"likesRcvd":0,"reachRcvd":0,"audience":1,"voice":0,"conversation":0,"engagement":0,"group_scoped":{"audienceScore":0.0000945393146466924,"voiceScore":0,"engagementScore":0,"combinedScore":0.0000945393146466924,"combinedScoreRank":178,"SEIrank":178,"engagementSEIrank":210,"voiceSEIrank":210,"audienceSEIrank":178,"engagementSEI":0,"engagementSEIadj":0,"voiceSEI":0,"voiceSEIadj":0,"audienceSEI":0.00011909795211071345,"audienceSEIadj":0.00011909795211071345,"SEI":0.000011909795211071346,"SEIadj":0.000011909795211071346},"non_scoped":{"SEI":0.00000543449906961376,"SEIrank":190,"SEIadj":0,"audienceSEI":0.0000543449906961376,"audienceSEIadj":0,"audienceSEIrank":190,"audienceScore":0.00001042736557822349,"combinedScore":5.213682789111745e-7,"combinedScoreRank":190,"engagementSEI":0,"engagementSEIadj":0,"engagementSEIrank":210,"engagementScore":0,"voiceSEI":0,"voiceSEIadj":0,"voiceSEIrank":210,"voiceScore":0},"scoped":{"SEI":0.0002979205148066496,"SEIrank":8,"SEIadj":0,"audienceSEI":0.0029792051480664957,"audienceSEIadj":0,"audienceSEIrank":8,"audienceScore":0.0011307356566181957,"combinedScore":0.000056536782830909785,"combinedScoreRank":8,"engagementSEI":0,"engagementSEIadj":0,"engagementSEIrank":9,"engagementScore":0,"voiceSEI":0,"voiceSEIadj":0,"voiceSEIrank":9,"voiceScore":0}},"twitter":{"entityString":"536575ffb08f37d80186dc68","type":"twitter","profiles":1,"postsMade":0,"repliesMade":0,"repliesRcvd":0,"sharesMade":0,"sharesRcvd":0,"mentionsRcvd":0,"likesRcvd":0,"reachRcvd":0,"audience":7202,"voice":0,"conversation":0,"engagement":0,"group_scoped":{"audienceScore":2.1181480762556837,"voiceScore":0,"engagementScore":0,"combinedScore":2.1181480762556837,"combinedScoreRank":68,"SEIrank":189,"engagementSEIrank":225,"voiceSEIrank":226,"audienceSEIrank":80,"engagementSEI":0,"engagementSEIadj":0,"voiceSEI":0,"voiceSEIadj":0,"audienceSEI":5.70735727644467,"audienceSEIadj":5.70735727644467,"SEI":0.570735727644467,"SEIadj":0.570735727644467},"non_scoped":{"SEI":0.12998310688863543,"SEIrank":199,"SEIadj":0,"audienceSEI":1.2998310688863541,"audienceSEIadj":0,"audienceSEIrank":102,"audienceScore":0.21036127109381433,"combinedScore":0.010518063554690718,"combinedScoreRank":195,"engagementSEI":0,"engagementSEIadj":0,"engagementSEIrank":225,"engagementScore":0,"voiceSEI":0,"voiceSEIadj":0,"voiceSEIrank":226,"voiceScore":0},"scoped":{"SEI":3.5236557561524537,"SEIrank":6,"SEIadj":0,"audienceSEI":35.236557561524535,"audienceSEIadj":0,"audienceSEIrank":5,"audienceScore":9.246966681646017,"combinedScore":0.46234833408230086,"combinedScoreRank":6,"engagementSEI":0,"engagementSEIadj":0,"engagementSEIrank":9,"engagementScore":0,"voiceSEI":0,"voiceSEIadj":0,"voiceSEIrank":9,"voiceScore":0}},"instagram":{"entityString":"536575ffb08f37d80186dc68","type":"instagram","profiles":0,"postsMade":0,"repliesMade":0,"repliesRcvd":0,"sharesMade":0,"sharesRcvd":0,"mentionsRcvd":0,"likesRcvd":0,"reachRcvd":0,"audience":0,"voice":0,"conversation":0,"engagement":0,"group_scoped":{"audienceScore":0,"voiceScore":0,"engagementScore":0,"combinedScore":0,"combinedScoreRank":204,"SEIrank":204,"engagementSEIrank":204,"voiceSEIrank":204,"audienceSEIrank":204,"engagementSEI":0,"engagementSEIadj":0,"voiceSEI":0,"voiceSEIadj":0,"audienceSEI":0,"audienceSEIadj":0,"SEI":0,"SEIadj":0},"non_scoped":{"SEI":0,"SEIrank":204,"SEIadj":0,"audienceSEI":0,"audienceSEIadj":0,"audienceSEIrank":204,"audienceScore":0,"combinedScore":0,"combinedScoreRank":204,"engagementSEI":0,"engagementSEIadj":0,"engagementSEIrank":204,"engagementScore":0,"voiceSEI":0,"voiceSEIadj":0,"voiceSEIrank":204,"voiceScore":0},"scoped":{"SEI":0,"SEIrank":8,"SEIadj":0,"audienceSEI":0,"audienceSEIadj":0,"audienceSEIrank":8,"audienceScore":null,"combinedScore":null,"combinedScoreRank":3,"engagementSEI":0,"engagementSEIadj":0,"engagementSEIrank":8,"engagementScore":0,"voiceSEI":0,"voiceSEIadj":0,"voiceSEIrank":8,"voiceScore":0}}},"blended":{"combined":{"non_scoped":{"SEI":0.028650548429490132,"SEIadj":20.022920438743594,"SEIrank":210,"audienceSEI":0.2865054842949013,"audienceSEIadj":50.14325274214745,"audienceSEIrank":141,"engagementSEI":0,"engagementSEIadj":0,"engagementSEIrank":225,"voiceSEI":0,"voiceSEIadj":0,"voiceSEIrank":226},"scoped":{"SEI":1.2664615384615387,"SEIadj":40.759876923076924,"SEIrank":9,"compCharisma":0,"compInfluence":0,"compEva":1.2664615384615387,"audienceSEI":16.663967611336034,"audienceSEIadj":58.33198380566802,"audienceSEIrank":6,"engagementSEI":0,"engagementSEIadj":0,"engagementSEIrank":9,"voiceSEI":0,"voiceSEIadj":0,"voiceSEIrank":9}},"facebook":{"non_scoped":{"SEI":0.00000543449906961376,"SEIadj":40.000003260699444,"SEIrank":190,"audienceSEI":0.000054344990696137594,"audienceSEIadj":40.00003260699442,"audienceSEIrank":190,"engagementSEI":0,"engagementSEIadj":0,"engagementSEIrank":210,"voiceSEI":0,"voiceSEIadj":0,"voiceSEIrank":210},"scoped":{"SEI":0.00029792051480664953,"SEIadj":40.000178752308884,"SEIrank":8,"audienceSEI":0.0029792051480664957,"audienceSEIadj":40.00178752308884,"audienceSEIrank":8,"engagementSEI":0,"engagementSEIadj":0,"engagementSEIrank":9,"voiceSEI":0,"voiceSEIadj":0,"voiceSEIrank":9}},"twitter":{"non_scoped":{"SEI":0.12998310688863543,"SEIadj":40.07798986413318,"SEIrank":199,"audienceSEI":1.2998310688863541,"audienceSEIadj":50.649915534443174,"audienceSEIrank":102,"engagementSEI":0,"engagementSEIadj":0,"engagementSEIrank":225,"voiceSEI":0,"voiceSEIadj":0,"voiceSEIrank":226},"scoped":{"SEI":3.5236557561524533,"SEIadj":51.761827878076225,"SEIrank":7,"audienceSEI":35.236557561524535,"audienceSEIadj":67.61827878076227,"audienceSEIrank":5,"engagementSEI":0,"engagementSEIadj":0,"engagementSEIrank":9,"voiceSEI":0,"voiceSEIadj":0,"voiceSEIrank":9}},"instagram":{"non_scoped":{"SEI":0,"SEIadj":0,"SEIrank":204,"audienceSEI":0,"audienceSEIadj":0,"audienceSEIrank":204,"engagementSEI":0,"engagementSEIadj":0,"engagementSEIrank":204,"voiceSEI":0,"voiceSEIadj":0,"voiceSEIrank":204},"scoped":{"SEI":0,"SEIadj":0,"SEIrank":8,"audienceSEI":0,"audienceSEIadj":0,"audienceSEIrank":8,"engagementSEI":0,"engagementSEIadj":0,"engagementSEIrank":8,"voiceSEI":0,"voiceSEIadj":0,"voiceSEIrank":8}},"influence":{"combined":{"scope":"anchor","ratio":0,"calculated":false},"facebook":{"scope":"anchor","ratio":0,"calculated":false},"twitter":{"scope":"anchor","ratio":0,"calculated":false},"instagram":{"scope":"anchor","ratio":0,"calculated":false}},"charisma":{"combined":{"scope":"anchor","ratio":0,"calculated":false},"facebook":{"scope":"anchor","ratio":0,"calculated":false},"twitter":{"scope":"anchor","ratio":0,"calculated":false},"instagram":{"scope":"anchor","ratio":0,"calculated":false}}},"scope":"anchor"}}