{"scoreEntityString":"591d1494ab33fb0001804f89.asset.536575feb08f37d80186a0be","timeQuantum":4984422,"scoreEntityType":"asset","scoreProfileID":"591d1494ab33fb0001804f89","data":{"scoreEntityString":"591d1494ab33fb0001804f89.asset.536575feb08f37d80186a0be","scoreProfileID":"591d1494ab33fb0001804f89","scoreEntityType":"asset","entityID":"asset.536575feb08f37d80186a0be","object_version":"1.2","score_engine_version":"3.0.19","timestamp":4984422,"start_quantum":4958502,"end_quantum":4984421,"schedule_options":{"interval":15,"offset":"1"},"_15min":{"boundaryQuantum":4984419,"combined":{"entityString":"536575feb08f37d80186a0be","type":"combined","profiles":2,"postsMade":0,"repliesMade":0,"repliesRcvd":0,"sharesMade":0,"sharesRcvd":0,"mentionsRcvd":0,"likesRcvd":0,"reachRcvd":0,"audience":70028,"voice":0,"conversation":0,"engagement":0,"group_scoped":{"audienceScore":1.7781799936214255,"voiceScore":0,"engagementScore":0,"combinedScore":1.7781799936214255,"engagementSEI":0,"engagementSEIadj":0,"voiceSEI":0,"voiceSEIadj":0,"audienceSEI":2.785423581036145,"audienceSEIadj":2.785423581036145,"SEI":0.27854235810361455,"SEIadj":0.27854235810361455,"combinedScoreRank":39,"SEIrank":50,"engagementSEIrank":179,"voiceSEIrank":178,"audienceSEIrank":50},"non_scoped":{"SEI":0.27854235810361455,"SEIrank":23,"SEIadj":0,"audienceSEI":2.785423581036145,"audienceSEIadj":0,"audienceSEIrank":23,"audienceScore":0.5157307527254862,"combinedScore":0.02578653763627431,"combinedScoreRank":23,"engagementSEI":0,"engagementSEIadj":0,"engagementSEIrank":179,"engagementScore":0,"voiceSEI":0,"voiceSEIadj":0,"voiceSEIrank":178,"voiceScore":0},"scoped":{"SEI":3.656566394970577,"SEIrank":15,"SEIadj":0,"audienceSEI":36.565663949705765,"audienceSEIadj":0,"audienceSEIrank":15,"audienceScore":1.4901619477566603,"combinedScore":0.21288027825095146,"combinedScoreRank":15,"engagementSEI":0,"engagementSEIadj":0,"engagementSEIrank":160,"engagementScore":0,"voiceSEI":0,"voiceSEIadj":0,"voiceSEIrank":159,"voiceScore":0}},"facebook":{"entityString":"536575feb08f37d80186a0be","type":"facebook","profiles":1,"postsMade":0,"repliesMade":0,"repliesRcvd":0,"sharesMade":0,"sharesRcvd":0,"mentionsRcvd":0,"likesRcvd":0,"reachRcvd":0,"audience":46188,"voice":0,"conversation":0,"engagement":0,"group_scoped":{"audienceScore":1.7871687413399433,"voiceScore":0,"engagementScore":0,"combinedScore":1.7871687413399433,"engagementSEI":0,"engagementSEIadj":0,"voiceSEI":0,"voiceSEIadj":0,"audienceSEI":2.510086430273203,"audienceSEIadj":2.510086430273203,"SEI":0.25100864302732034,"SEIadj":0.25100864302732034,"combinedScoreRank":32,"SEIrank":37,"engagementSEIrank":179,"voiceSEIrank":178,"audienceSEIrank":37},"non_scoped":{"SEI":0.25100864302732034,"SEIrank":19,"SEIadj":0,"audienceSEI":2.510086430273203,"audienceSEIadj":0,"audienceSEIrank":19,"audienceScore":0.48161916132698657,"combinedScore":0.02408095806634933,"combinedScoreRank":19,"engagementSEI":0,"engagementSEIadj":0,"engagementSEIrank":179,"engagementScore":0,"voiceSEI":0,"voiceSEIadj":0,"voiceSEIrank":178,"voiceScore":0},"scoped":{"SEI":3.243516548338846,"SEIrank":11,"SEIadj":0,"audienceSEI":32.43516548338846,"audienceSEIadj":0,"audienceSEIrank":11,"audienceScore":1.9854389110434127,"combinedScore":0.28363413014905897,"combinedScoreRank":11,"engagementSEI":0,"engagementSEIadj":0,"engagementSEIrank":160,"engagementScore":0,"voiceSEI":0,"voiceSEIadj":0,"voiceSEIrank":159,"voiceScore":0}},"twitter":{"entityString":"536575feb08f37d80186a0be","type":"twitter","profiles":1,"postsMade":0,"repliesMade":0,"repliesRcvd":0,"sharesMade":0,"sharesRcvd":0,"mentionsRcvd":0,"likesRcvd":0,"reachRcvd":0,"audience":23840,"voice":0,"conversation":0,"engagement":0,"group_scoped":{"audienceScore":1.9321776468767045,"voiceScore":0,"engagementScore":0,"combinedScore":1.9321776468767045,"engagementSEI":0,"engagementSEIadj":0,"voiceSEI":0,"voiceSEIadj":0,"audienceSEI":4.302689903117284,"audienceSEIadj":4.302689903117284,"SEI":0.43026899031172844,"SEIadj":0.43026899031172844,"combinedScoreRank":77,"SEIrank":100,"engagementSEIrank":177,"voiceSEIrank":177,"audienceSEIrank":100},"non_scoped":{"SEI":0.43026899031172844,"SEIrank":25,"SEIadj":0,"audienceSEI":4.302689903117284,"audienceSEIadj":0,"audienceSEIrank":25,"audienceScore":0.6963361153674721,"combinedScore":0.03481680576837361,"combinedScoreRank":25,"engagementSEI":0,"engagementSEIadj":0,"engagementSEIrank":177,"engagementScore":0,"voiceSEI":0,"voiceSEIadj":0,"voiceSEIrank":177,"voiceScore":0},"scoped":{"SEI":2.045245918516167,"SEIrank":18,"SEIadj":0,"audienceSEI":20.452459185161672,"audienceSEIadj":0,"audienceSEIrank":18,"audienceScore":1.1054601570643725,"combinedScore":0.15792287958062465,"combinedScoreRank":18,"engagementSEI":0,"engagementSEIadj":0,"engagementSEIrank":159,"engagementScore":0,"voiceSEI":0,"voiceSEIadj":0,"voiceSEIrank":159,"voiceScore":0}},"instagram":{"entityString":"536575feb08f37d80186a0be","type":"instagram","profiles":0,"postsMade":0,"repliesMade":0,"repliesRcvd":0,"sharesMade":0,"sharesRcvd":0,"mentionsRcvd":0,"likesRcvd":0,"reachRcvd":0,"audience":0,"voice":0,"conversation":0,"engagement":0,"group_scoped":{"audienceScore":0,"voiceScore":0,"engagementScore":0,"combinedScore":0,"engagementSEI":0,"engagementSEIadj":0,"voiceSEI":0,"voiceSEIadj":0,"audienceSEI":0,"audienceSEIadj":0,"SEI":0,"SEIadj":0,"combinedScoreRank":196,"SEIrank":178,"engagementSEIrank":177,"voiceSEIrank":177,"audienceSEIrank":178},"non_scoped":{"SEI":0,"SEIrank":178,"SEIadj":0,"audienceSEI":0,"audienceSEIadj":0,"audienceSEIrank":178,"audienceScore":0,"combinedScore":0,"combinedScoreRank":178,"engagementSEI":0,"engagementSEIadj":0,"engagementSEIrank":177,"engagementScore":0,"voiceSEI":0,"voiceSEIadj":0,"voiceSEIrank":177,"voiceScore":0},"scoped":{"SEI":0,"SEIrank":159,"SEIadj":0,"audienceSEI":0,"audienceSEIadj":0,"audienceSEIrank":159,"audienceScore":0,"combinedScore":0,"combinedScoreRank":159,"engagementSEI":0,"engagementSEIadj":0,"engagementSEIrank":159,"engagementScore":0,"voiceSEI":0,"voiceSEIadj":0,"voiceSEIrank":159,"voiceScore":0}}},"hour":{"boundaryQuantum":4984410,"combined":{"entityString":"536575feb08f37d80186a0be","type":"combined","profiles":2,"postsMade":0,"repliesMade":0,"repliesRcvd":0,"sharesMade":0,"sharesRcvd":0,"mentionsRcvd":0,"likesRcvd":0,"reachRcvd":0,"audience":70028,"voice":0,"conversation":0,"engagement":0,"group_scoped":{"audienceScore":1.7781799936214255,"voiceScore":0,"engagementScore":0,"combinedScore":1.7781799936214255,"combinedScoreRank":38,"SEIrank":69,"engagementSEIrank":183,"voiceSEIrank":179,"audienceSEIrank":50,"engagementSEI":0,"engagementSEIadj":0,"voiceSEI":0,"voiceSEIadj":0,"audienceSEI":2.785423581036145,"audienceSEIadj":2.785423581036145,"SEI":0.27854235810361455,"SEIadj":0.27854235810361455},"non_scoped":{"SEI":0.27854235810361455,"SEIrank":32,"SEIadj":0,"audienceSEI":2.785423581036145,"audienceSEIadj":0,"audienceSEIrank":23,"audienceScore":0.5157307527254862,"combinedScore":0.02578653763627431,"combinedScoreRank":46,"engagementSEI":0,"engagementSEIadj":0,"engagementSEIrank":183,"engagementScore":0,"voiceSEI":0,"voiceSEIadj":0,"voiceSEIrank":179,"voiceScore":0},"scoped":{"SEI":3.656566394970577,"SEIrank":22,"SEIadj":0,"audienceSEI":36.565663949705765,"audienceSEIadj":0,"audienceSEIrank":15,"audienceScore":1.4901619477566603,"combinedScore":0.07450809738783302,"combinedScoreRank":46,"engagementSEI":0,"engagementSEIadj":0,"engagementSEIrank":163,"engagementScore":0,"voiceSEI":0,"voiceSEIadj":0,"voiceSEIrank":160,"voiceScore":0}},"facebook":{"entityString":"536575feb08f37d80186a0be","type":"facebook","profiles":1,"postsMade":0,"repliesMade":0,"repliesRcvd":0,"sharesMade":0,"sharesRcvd":0,"mentionsRcvd":0,"likesRcvd":0,"reachRcvd":0,"audience":46188,"voice":0,"conversation":0,"engagement":0,"group_scoped":{"audienceScore":1.7871687413399433,"voiceScore":0,"engagementScore":0,"combinedScore":1.7871687413399433,"combinedScoreRank":32,"SEIrank":50,"engagementSEIrank":182,"voiceSEIrank":178,"audienceSEIrank":37,"engagementSEI":0,"engagementSEIadj":0,"voiceSEI":0,"voiceSEIadj":0,"audienceSEI":2.510086430273203,"audienceSEIadj":2.510086430273203,"SEI":0.25100864302732034,"SEIadj":0.25100864302732034},"non_scoped":{"SEI":0.25100864302732034,"SEIrank":24,"SEIadj":0,"audienceSEI":2.510086430273203,"audienceSEIadj":0,"audienceSEIrank":19,"audienceScore":0.48161916132698657,"combinedScore":0.02408095806634933,"combinedScoreRank":39,"engagementSEI":0,"engagementSEIadj":0,"engagementSEIrank":182,"engagementScore":0,"voiceSEI":0,"voiceSEIadj":0,"voiceSEIrank":178,"voiceScore":0},"scoped":{"SEI":3.243516548338846,"SEIrank":27,"SEIadj":0,"audienceSEI":32.43516548338846,"audienceSEIadj":0,"audienceSEIrank":11,"audienceScore":1.9854389110434127,"combinedScore":0.09927194555217064,"combinedScoreRank":38,"engagementSEI":0,"engagementSEIadj":0,"engagementSEIrank":162,"engagementScore":0,"voiceSEI":0,"voiceSEIadj":0,"voiceSEIrank":159,"voiceScore":0}},"twitter":{"entityString":"536575feb08f37d80186a0be","type":"twitter","profiles":1,"postsMade":0,"repliesMade":0,"repliesRcvd":0,"sharesMade":0,"sharesRcvd":0,"mentionsRcvd":0,"likesRcvd":0,"reachRcvd":0,"audience":23840,"voice":0,"conversation":0,"engagement":0,"group_scoped":{"audienceScore":1.9321776468767045,"voiceScore":0,"engagementScore":0,"combinedScore":1.9321776468767045,"combinedScoreRank":86,"SEIrank":112,"engagementSEIrank":179,"voiceSEIrank":179,"audienceSEIrank":100,"engagementSEI":0,"engagementSEIadj":0,"voiceSEI":0,"voiceSEIadj":0,"audienceSEI":4.302689903117284,"audienceSEIadj":4.302689903117284,"SEI":0.43026899031172844,"SEIadj":0.43026899031172844},"non_scoped":{"SEI":0.43026899031172844,"SEIrank":47,"SEIadj":0,"audienceSEI":4.302689903117284,"audienceSEIadj":0,"audienceSEIrank":25,"audienceScore":0.6963361153674721,"combinedScore":0.03481680576837361,"combinedScoreRank":47,"engagementSEI":0,"engagementSEIadj":0,"engagementSEIrank":179,"engagementScore":0,"voiceSEI":0,"voiceSEIadj":0,"voiceSEIrank":179,"voiceScore":0},"scoped":{"SEI":2.045245918516167,"SEIrank":39,"SEIadj":0,"audienceSEI":20.452459185161672,"audienceSEIadj":0,"audienceSEIrank":18,"audienceScore":1.1054601570643725,"combinedScore":0.05527300785321863,"combinedScoreRank":39,"engagementSEI":0,"engagementSEIadj":0,"engagementSEIrank":160,"engagementScore":0,"voiceSEI":0,"voiceSEIadj":0,"voiceSEIrank":160,"voiceScore":0}},"instagram":{"entityString":"536575feb08f37d80186a0be","type":"instagram","profiles":0,"postsMade":0,"repliesMade":0,"repliesRcvd":0,"sharesMade":0,"sharesRcvd":0,"mentionsRcvd":0,"likesRcvd":0,"reachRcvd":0,"audience":0,"voice":0,"conversation":0,"engagement":0,"group_scoped":{"audienceScore":0,"voiceScore":0,"engagementScore":0,"combinedScore":0,"combinedScoreRank":196,"SEIrank":178,"engagementSEIrank":177,"voiceSEIrank":177,"audienceSEIrank":178,"engagementSEI":0,"engagementSEIadj":0,"voiceSEI":0,"voiceSEIadj":0,"audienceSEI":0,"audienceSEIadj":0,"SEI":0,"SEIadj":0},"non_scoped":{"SEI":0,"SEIrank":178,"SEIadj":0,"audienceSEI":0,"audienceSEIadj":0,"audienceSEIrank":178,"audienceScore":0,"combinedScore":0,"combinedScoreRank":178,"engagementSEI":0,"engagementSEIadj":0,"engagementSEIrank":177,"engagementScore":0,"voiceSEI":0,"voiceSEIadj":0,"voiceSEIrank":177,"voiceScore":0},"scoped":{"SEI":0,"SEIrank":159,"SEIadj":0,"audienceSEI":0,"audienceSEIadj":0,"audienceSEIrank":159,"audienceScore":0,"combinedScore":0,"combinedScoreRank":159,"engagementSEI":0,"engagementSEIadj":0,"engagementSEIrank":159,"engagementScore":0,"voiceSEI":0,"voiceSEIadj":0,"voiceSEIrank":159,"voiceScore":0}}},"today":{"boundaryQuantum":4984134,"combined":{"entityString":"536575feb08f37d80186a0be","type":"combined","profiles":2,"postsMade":1,"repliesMade":0,"repliesRcvd":17,"sharesMade":0,"sharesRcvd":1,"mentionsRcvd":0,"likesRcvd":113,"reachRcvd":0,"audience":70028,"voice":1,"conversation":18,"engagement":131,"group_scoped":{"audienceScore":1.7781799936214255,"voiceScore":0.45454545454545453,"engagementScore":0.12272697463954806,"combinedScore":0.22209054958393726,"combinedScoreRank":129,"SEIrank":88,"engagementSEIrank":77,"voiceSEIrank":106,"audienceSEIrank":50,"engagementSEI":0.13576677134181098,"engagementSEIadj":0.13576677134181098,"voiceSEI":1.098901098901099,"voiceSEIadj":1.098901098901099,"audienceSEI":2.785423581036145,"audienceSEIadj":2.785423581036145,"SEI":0.6896727505790308,"SEIadj":0.6896727505790308},"non_scoped":{"SEI":0.6484599060562175,"SEIrank":70,"SEIadj":0,"audienceSEI":2.785423581036145,"audienceSEIadj":0,"audienceSEIrank":23,"audienceScore":0.5157307527254862,"combinedScore":0.06339404753493409,"combinedScoreRank":43,"engagementSEI":0.06707869713712217,"engagementSEIadj":0,"engagementSEIrank":41,"engagementScore":0.034952720442271976,"voiceSEI":1.098901098901099,"voiceSEIadj":0,"voiceSEIrank":99,"voiceScore":0.12300123001230012},"scoped":{"SEI":5.1330940329568815,"SEIrank":39,"SEIadj":0,"audienceSEI":36.565663949705765,"audienceSEIadj":0,"audienceSEIrank":15,"audienceScore":1.4901619477566603,"combinedScore":0.4027361526536535,"combinedScoreRank":31,"engagementSEI":0.7367414656093583,"engagementSEIadj":0,"engagementSEIrank":33,"engagementScore":0.3501924721984602,"voiceSEI":3.4482758620689653,"voiceSEIadj":0,"voiceSEIrank":89,"voiceScore":0.26109660574412535}},"facebook":{"entityString":"536575feb08f37d80186a0be","type":"facebook","profiles":1,"postsMade":0,"repliesMade":0,"repliesRcvd":17,"sharesMade":0,"sharesRcvd":1,"mentionsRcvd":0,"likesRcvd":96,"reachRcvd":0,"audience":46188,"voice":0,"conversation":17,"engagement":114,"group_scoped":{"audienceScore":1.7871687413399433,"voiceScore":0,"engagementScore":0.116307541625857,"combinedScore":0.3550019987278693,"combinedScoreRank":72,"SEIrank":70,"engagementSEIrank":52,"voiceSEIrank":184,"audienceSEIrank":37,"engagementSEI":0.12729607503768633,"engagementSEIadj":0.12729607503768633,"voiceSEI":0,"voiceSEIadj":0,"audienceSEI":2.510086430273203,"audienceSEIadj":2.510086430273203,"SEI":0.32738628804993214,"SEIadj":0.32738628804993214},"non_scoped":{"SEI":0.2874280411488461,"SEIrank":62,"SEIadj":0,"audienceSEI":2.510086430273203,"audienceSEIadj":0,"audienceSEIrank":19,"audienceScore":0.48161916132698657,"combinedScore":0.05477553505857995,"combinedScoreRank":40,"engagementSEI":0.06069899686920963,"engagementSEIadj":0,"engagementSEIrank":36,"engagementScore":0.03410508554692291,"voiceSEI":0,"voiceSEIadj":0,"voiceSEIrank":184,"voiceScore":0},"scoped":{"SEI":5.193345510710568,"SEIrank":35,"SEIadj":0,"audienceSEI":32.43516548338846,"audienceSEIadj":0,"audienceSEIrank":11,"audienceScore":1.9854389110434127,"combinedScore":0.7821792937949821,"combinedScoreRank":27,"engagementSEI":3.249714937286203,"engagementSEIadj":0,"engagementSEIrank":28,"engagementScore":0.7587859424920127,"voiceSEI":0,"voiceSEIadj":0,"voiceSEIrank":164,"voiceScore":0}},"twitter":{"entityString":"536575feb08f37d80186a0be","type":"twitter","profiles":1,"postsMade":1,"repliesMade":0,"repliesRcvd":0,"sharesMade":0,"sharesRcvd":0,"mentionsRcvd":0,"likesRcvd":17,"reachRcvd":0,"audience":23840,"voice":1,"conversation":1,"engagement":17,"group_scoped":{"audienceScore":1.9321776468767045,"voiceScore":0.6944444444444444,"engagementScore":0.5034053893988748,"combinedScore":0.5843959550250448,"combinedScoreRank":166,"SEIrank":106,"engagementSEIrank":103,"voiceSEIrank":93,"audienceSEIrank":100,"engagementSEI":1.0718789407313998,"engagementSEIadj":1.0718789407313998,"voiceSEI":2.083333333333333,"voiceSEIadj":2.083333333333333,"audienceSEI":4.302689903117284,"audienceSEIadj":4.302689903117284,"SEI":1.6983963547505683,"SEIadj":1.6983963547505683},"non_scoped":{"SEI":1.6983963547505683,"SEIrank":57,"SEIadj":0,"audienceSEI":4.302689903117284,"audienceSEIadj":0,"audienceSEIrank":25,"audienceScore":0.6963361153674721,"combinedScore":0.28698204793361576,"combinedScoreRank":50,"engagementSEI":1.0718789407313998,"engagementSEIadj":0,"engagementSEIrank":51,"engagementScore":0.2690724912947135,"voiceSEI":2.083333333333333,"voiceSEIadj":0,"voiceSEIrank":86,"voiceScore":0.2},"scoped":{"SEI":5.095002853031465,"SEIrank":47,"SEIadj":0,"audienceSEI":20.452459185161672,"audienceSEIadj":0,"audienceSEIrank":18,"audienceScore":1.1054601570643725,"combinedScore":0.497987394272713,"combinedScoreRank":41,"engagementSEI":3.1598513011152414,"engagementSEIadj":0,"engagementSEIrank":42,"engagementScore":0.47287899860917937,"voiceSEI":3.8461538461538463,"voiceSEIadj":0,"voiceSEIrank":76,"voiceScore":0.3424657534246575}},"instagram":{"entityString":"536575feb08f37d80186a0be","type":"instagram","profiles":0,"postsMade":0,"repliesMade":0,"repliesRcvd":0,"sharesMade":0,"sharesRcvd":0,"mentionsRcvd":0,"likesRcvd":0,"reachRcvd":0,"audience":0,"voice":0,"conversation":0,"engagement":0,"group_scoped":{"audienceScore":0,"voiceScore":0,"engagementScore":0,"combinedScore":0,"combinedScoreRank":196,"SEIrank":178,"engagementSEIrank":178,"voiceSEIrank":178,"audienceSEIrank":178,"engagementSEI":0,"engagementSEIadj":0,"voiceSEI":0,"voiceSEIadj":0,"audienceSEI":0,"audienceSEIadj":0,"SEI":0,"SEIadj":0},"non_scoped":{"SEI":0,"SEIrank":178,"SEIadj":0,"audienceSEI":0,"audienceSEIadj":0,"audienceSEIrank":178,"audienceScore":0,"combinedScore":0,"combinedScoreRank":178,"engagementSEI":0,"engagementSEIadj":0,"engagementSEIrank":178,"engagementScore":0,"voiceSEI":0,"voiceSEIadj":0,"voiceSEIrank":178,"voiceScore":0},"scoped":{"SEI":0,"SEIrank":159,"SEIadj":0,"audienceSEI":0,"audienceSEIadj":0,"audienceSEIrank":159,"audienceScore":0,"combinedScore":0,"combinedScoreRank":159,"engagementSEI":0,"engagementSEIadj":0,"engagementSEIrank":159,"engagementScore":0,"voiceSEI":0,"voiceSEIadj":0,"voiceSEIrank":159,"voiceScore":0}}},"week":{"boundaryQuantum":4982406,"combined":{"entityString":"536575feb08f37d80186a0be","type":"combined","profiles":2,"postsMade":14,"repliesMade":0,"repliesRcvd":199,"sharesMade":0,"sharesRcvd":50,"mentionsRcvd":0,"likesRcvd":719,"reachRcvd":0,"audience":70028,"voice":14,"conversation":213,"engagement":968,"group_scoped":{"audienceScore":1.7781799936214255,"voiceScore":0.6357856494096277,"engagementScore":0.11916456774530297,"combinedScore":0.22794639312232534,"combinedScoreRank":103,"SEIrank":104,"engagementSEIrank":86,"voiceSEIrank":115,"audienceSEIrank":50,"engagementSEI":0.13173545126196573,"engagementSEIadj":0.13173545126196573,"voiceSEI":1.627906976744186,"voiceSEIadj":1.627906976744186,"audienceSEI":2.785423581036145,"audienceSEIadj":2.785423581036145,"SEI":0.8459557218840499,"SEIadj":0.8459557218840499},"non_scoped":{"SEI":0.8263445849060662,"SEIrank":80,"SEIadj":0,"audienceSEI":2.785423581036145,"audienceSEIadj":0,"audienceSEIrank":23,"audienceScore":0.5157307527254862,"combinedScore":0.06974533051931878,"combinedScoreRank":54,"engagementSEI":0.09905022296532628,"engagementSEIadj":0,"engagementSEIrank":52,"engagementScore":0.04037150122344833,"voiceSEI":1.627906976744186,"voiceSEIadj":0,"voiceSEIrank":102,"voiceScore":0.15248883563881932},"scoped":{"SEI":7.480015704801209,"SEIrank":47,"SEIadj":0,"audienceSEI":36.565663949705765,"audienceSEIadj":0,"audienceSEIrank":15,"audienceScore":1.4901619477566603,"combinedScore":0.5136329745536865,"combinedScoreRank":41,"engagementSEI":3.2192623632312345,"engagementSEIadj":0,"engagementSEIrank":43,"engagementScore":0.47016309996794337,"voiceSEI":6.306306306306306,"voiceSEIadj":0,"voiceSEIrank":92,"voiceScore":0.3195617438940881}},"facebook":{"entityString":"536575feb08f37d80186a0be","type":"facebook","profiles":1,"postsMade":7,"repliesMade":0,"repliesRcvd":199,"sharesMade":0,"sharesRcvd":26,"mentionsRcvd":0,"likesRcvd":564,"reachRcvd":0,"audience":46188,"voice":7,"conversation":206,"engagement":789,"group_scoped":{"audienceScore":1.7871687413399433,"voiceScore":0.782122905027933,"engagementScore":0.10829239770897756,"combinedScore":0.22592774025647364,"combinedScoreRank":83,"SEIrank":72,"engagementSEIrank":74,"voiceSEIrank":69,"audienceSEIrank":37,"engagementSEI":0.11869677262121288,"engagementSEIadj":0.11869677262121288,"voiceSEI":2.095808383233533,"voiceSEIadj":2.095808383233533,"audienceSEI":2.510086430273203,"audienceSEIadj":2.510086430273203,"SEI":0.950969221570108,"SEIadj":0.950969221570108},"non_scoped":{"SEI":0.8363104582594539,"SEIrank":49,"SEIadj":0,"audienceSEI":2.510086430273203,"audienceSEIadj":0,"audienceSEIrank":19,"audienceScore":0.48161916132698657,"combinedScore":0.06752648586510057,"combinedScoreRank":47,"engagementSEI":0.08491778365660928,"engagementSEIadj":0,"engagementSEIrank":50,"engagementScore":0.03625894122972498,"voiceSEI":1.7811704834605597,"voiceSEIadj":0,"voiceSEIrank":62,"voiceScore":0.2162496138399753},"scoped":{"SEI":9.229880184702482,"SEIrank":40,"SEIadj":0,"audienceSEI":32.43516548338846,"audienceSEIadj":0,"audienceSEIrank":11,"audienceScore":1.9854389110434127,"combinedScore":0.654905689841387,"combinedScoreRank":40,"engagementSEI":6,"engagementSEIadj":0,"engagementSEIrank":41,"engagementScore":0.5844141414889598,"voiceSEI":7.954545454545454,"voiceSEIadj":0,"voiceSEIrank":53,"voiceScore":0.5932203389830508}},"twitter":{"entityString":"536575feb08f37d80186a0be","type":"twitter","profiles":1,"postsMade":7,"repliesMade":0,"repliesRcvd":0,"sharesMade":0,"sharesRcvd":24,"mentionsRcvd":0,"likesRcvd":155,"reachRcvd":0,"audience":23840,"voice":7,"conversation":7,"engagement":179,"group_scoped":{"audienceScore":1.9321776468767045,"voiceScore":0.5537974683544303,"engagementScore":0.6118612203042215,"combinedScore":0.674973854035356,"combinedScoreRank":129,"SEIrank":132,"engagementSEIrank":115,"voiceSEIrank":137,"audienceSEIrank":100,"engagementSEI":1.147215279112991,"engagementSEIadj":1.147215279112991,"voiceSEI":1.4492753623188406,"voiceSEIadj":1.4492753623188406,"audienceSEI":4.302689903117284,"audienceSEIadj":4.302689903117284,"SEI":1.553380766475175,"SEIadj":1.553380766475175},"non_scoped":{"SEI":1.553380766475175,"SEIrank":76,"SEIadj":0,"audienceSEI":4.302689903117284,"audienceSEIadj":0,"audienceSEIrank":25,"audienceScore":0.6963361153674721,"combinedScore":0.3035970022585263,"combinedScoreRank":50,"engagementSEI":1.147215279112991,"engagementSEIadj":0,"engagementSEIrank":51,"engagementScore":0.29186368824392633,"voiceSEI":1.4492753623188406,"voiceSEIadj":0,"voiceSEIrank":117,"voiceScore":0.12205754141238012},"scoped":{"SEI":7.434530019690512,"SEIrank":54,"SEIadj":0,"audienceSEI":20.452459185161672,"audienceSEIadj":0,"audienceSEIrank":18,"audienceScore":1.1054601570643725,"combinedScore":0.6192939001321137,"combinedScoreRank":39,"engagementSEI":6.821646341463415,"engagementSEIadj":0,"engagementSEIrank":41,"engagementScore":0.6142969902879303,"voiceSEI":4.320987654320987,"voiceSEIadj":0,"voiceSEIrank":106,"voiceScore":0.22307202039515617}},"instagram":{"entityString":"536575feb08f37d80186a0be","type":"instagram","profiles":0,"postsMade":0,"repliesMade":0,"repliesRcvd":0,"sharesMade":0,"sharesRcvd":0,"mentionsRcvd":0,"likesRcvd":0,"reachRcvd":0,"audience":0,"voice":0,"conversation":0,"engagement":0,"group_scoped":{"audienceScore":0,"voiceScore":0,"engagementScore":0,"combinedScore":0,"combinedScoreRank":196,"SEIrank":178,"engagementSEIrank":178,"voiceSEIrank":178,"audienceSEIrank":178,"engagementSEI":0,"engagementSEIadj":0,"voiceSEI":0,"voiceSEIadj":0,"audienceSEI":0,"audienceSEIadj":0,"SEI":0,"SEIadj":0},"non_scoped":{"SEI":0,"SEIrank":178,"SEIadj":0,"audienceSEI":0,"audienceSEIadj":0,"audienceSEIrank":178,"audienceScore":0,"combinedScore":0,"combinedScoreRank":178,"engagementSEI":0,"engagementSEIadj":0,"engagementSEIrank":178,"engagementScore":0,"voiceSEI":0,"voiceSEIadj":0,"voiceSEIrank":178,"voiceScore":0},"scoped":{"SEI":0,"SEIrank":159,"SEIadj":0,"audienceSEI":0,"audienceSEIadj":0,"audienceSEIrank":159,"audienceScore":0,"combinedScore":0,"combinedScoreRank":159,"engagementSEI":0,"engagementSEIadj":0,"engagementSEIrank":159,"engagementScore":0,"voiceSEI":0,"voiceSEIadj":0,"voiceSEIrank":159,"voiceScore":0}}},"month":{"boundaryQuantum":4975782,"combined":{"entityString":"536575feb08f37d80186a0be","type":"combined","profiles":2,"postsMade":47,"repliesMade":0,"repliesRcvd":1349,"sharesMade":0,"sharesRcvd":200,"mentionsRcvd":0,"likesRcvd":5801,"reachRcvd":0,"audience":70028,"voice":47,"conversation":1396,"engagement":7350,"group_scoped":{"audienceScore":1.7781799936214255,"voiceScore":0.5038053381927323,"engagementScore":0.23686472317281426,"combinedScore":0.3272775174462408,"combinedScoreRank":75,"SEIrank":106,"engagementSEIrank":68,"voiceSEIrank":137,"audienceSEIrank":50,"engagementSEI":0.2714870954980791,"engagementSEIadj":0.2714870954980791,"voiceSEI":1.2987012987012987,"voiceSEIadj":1.2987012987012987,"audienceSEI":2.785423581036145,"audienceSEIadj":2.785423581036145,"SEI":0.8310450050128516,"SEIadj":0.8310450050128516},"non_scoped":{"SEI":0.7898467950814114,"SEIrank":82,"SEIadj":0,"audienceSEI":2.785423581036145,"audienceSEIadj":0,"audienceSEIrank":23,"audienceScore":0.5157307527254862,"combinedScore":0.10390313671979562,"combinedScoreRank":41,"engagementSEI":0.20282341227901216,"engagementSEIadj":0,"engagementSEIrank":38,"engagementScore":0.0798821179042671,"voiceSEI":1.2987012987012987,"voiceSEIadj":0,"voiceSEIrank":121,"voiceScore":0.12445385939361842},"scoped":{"SEI":9.220257411934089,"SEIrank":39,"SEIadj":0,"audienceSEI":36.565663949705765,"audienceSEIadj":0,"audienceSEIrank":15,"audienceScore":1.4901619477566603,"combinedScore":0.78486980937524,"combinedScoreRank":30,"engagementSEI":6.799134151079536,"engagementSEIadj":0,"engagementSEIrank":29,"engagementScore":0.7747117229167105,"voiceSEI":4.947368421052632,"voiceSEIadj":0,"voiceSEIrank":111,"voiceScore":0.26242322724734785}},"facebook":{"entityString":"536575feb08f37d80186a0be","type":"facebook","profiles":1,"postsMade":30,"repliesMade":0,"repliesRcvd":1349,"sharesMade":0,"sharesRcvd":159,"mentionsRcvd":0,"likesRcvd":5516,"reachRcvd":0,"audience":46188,"voice":30,"conversation":1379,"engagement":7024,"group_scoped":{"audienceScore":1.7871687413399433,"voiceScore":0.809498111171074,"engagementScore":0.2559283633774674,"combinedScore":0.3601688696652715,"combinedScoreRank":62,"SEIrank":70,"engagementSEIrank":57,"voiceSEIrank":71,"audienceSEIrank":37,"engagementSEI":0.2926248456991355,"engagementSEIadj":0.2926248456991355,"voiceSEI":2.0775623268698062,"voiceSEIadj":2.0775623268698062,"audienceSEI":2.510086430273203,"audienceSEIadj":2.510086430273203,"SEI":1.0498522485077435,"SEIadj":1.0498522485077435},"non_scoped":{"SEI":0.9476594846610372,"SEIrank":51,"SEIadj":0,"audienceSEI":2.510086430273203,"audienceSEIadj":0,"audienceSEIrank":19,"audienceScore":0.48161916132698657,"combinedScore":0.11152769875300163,"combinedScoreRank":36,"engagementSEI":0.2050617915055255,"engagementSEIadj":0,"engagementSEIrank":35,"engagementScore":0.08493062930525076,"voiceSEI":1.9120458891013385,"voiceSEIadj":0,"voiceSEIrank":61,"voiceScore":0.22018348623853212},"scoped":{"SEI":10.735045546000944,"SEIrank":28,"SEIadj":0,"audienceSEI":32.43516548338846,"audienceSEIadj":0,"audienceSEIrank":11,"audienceScore":1.9854389110434127,"combinedScore":1.0628206580557928,"combinedScoreRank":27,"engagementSEI":7.583920878456439,"engagementSEIadj":0,"engagementSEIrank":26,"engagementScore":1.0365125719943866,"voiceSEI":9.803921568627452,"voiceSEIadj":0,"voiceSEIrank":52,"voiceScore":0.613747954173486}},"twitter":{"entityString":"536575feb08f37d80186a0be","type":"twitter","profiles":1,"postsMade":17,"repliesMade":0,"repliesRcvd":0,"sharesMade":0,"sharesRcvd":41,"mentionsRcvd":0,"likesRcvd":285,"reachRcvd":0,"audience":23840,"voice":17,"conversation":17,"engagement":326,"group_scoped":{"audienceScore":1.9321776468767045,"voiceScore":0.3125,"engagementScore":0.29857854630715125,"combinedScore":0.3809545740202714,"combinedScoreRank":159,"SEIrank":162,"engagementSEIrank":157,"voiceSEIrank":168,"audienceSEIrank":100,"engagementSEI":0.5656481529679177,"engagementSEIadj":0.5656481529679177,"voiceSEI":0.853413654618474,"voiceSEIadj":0.853413654618474,"audienceSEI":4.302689903117284,"audienceSEIadj":4.302689903117284,"SEI":1.0256819784780213,"SEIadj":1.0256819784780213},"non_scoped":{"SEI":1.0256819784780213,"SEIrank":107,"SEIadj":0,"audienceSEI":4.302689903117284,"audienceSEIadj":0,"audienceSEIrank":25,"audienceScore":0.6963361153674721,"combinedScore":0.16007566580058266,"combinedScoreRank":94,"engagementSEI":0.5656481529679177,"engagementSEIadj":0,"engagementSEIrank":96,"engagementScore":0.13512449276503674,"voiceSEI":0.853413654618474,"voiceSEIadj":0,"voiceSEIrank":145,"voiceScore":0.07293633087351982},"scoped":{"SEI":4.766736344402028,"SEIrank":88,"SEIadj":0,"audienceSEI":20.452459185161672,"audienceSEIadj":0,"audienceSEIrank":18,"audienceScore":1.1054601570643725,"combinedScore":0.308775794348148,"combinedScoreRank":86,"engagementSEI":3.215941600078919,"engagementSEIadj":0,"engagementSEIrank":86,"engagementScore":0.2742860989112693,"voiceSEI":2.639751552795031,"voiceSEIadj":0,"voiceSEIrank":134,"voiceScore":0.1329059494957392}},"instagram":{"entityString":"536575feb08f37d80186a0be","type":"instagram","profiles":0,"postsMade":0,"repliesMade":0,"repliesRcvd":0,"sharesMade":0,"sharesRcvd":0,"mentionsRcvd":0,"likesRcvd":0,"reachRcvd":0,"audience":0,"voice":0,"conversation":0,"engagement":0,"group_scoped":{"audienceScore":0,"voiceScore":0,"engagementScore":0,"combinedScore":0,"combinedScoreRank":196,"SEIrank":178,"engagementSEIrank":178,"voiceSEIrank":178,"audienceSEIrank":178,"engagementSEI":0,"engagementSEIadj":0,"voiceSEI":0,"voiceSEIadj":0,"audienceSEI":0,"audienceSEIadj":0,"SEI":0,"SEIadj":0},"non_scoped":{"SEI":0,"SEIrank":178,"SEIadj":0,"audienceSEI":0,"audienceSEIadj":0,"audienceSEIrank":178,"audienceScore":0,"combinedScore":0,"combinedScoreRank":178,"engagementSEI":0,"engagementSEIadj":0,"engagementSEIrank":178,"engagementScore":0,"voiceSEI":0,"voiceSEIadj":0,"voiceSEIrank":178,"voiceScore":0},"scoped":{"SEI":0,"SEIrank":159,"SEIadj":0,"audienceSEI":0,"audienceSEIadj":0,"audienceSEIrank":159,"audienceScore":0,"combinedScore":0,"combinedScoreRank":159,"engagementSEI":0,"engagementSEIadj":0,"engagementSEIrank":159,"engagementScore":0,"voiceSEI":0,"voiceSEIadj":0,"voiceSEIrank":159,"voiceScore":0}}},"quarter":{"boundaryQuantum":4958502,"combined":{"entityString":"536575feb08f37d80186a0be","type":"combined","profiles":2,"postsMade":143,"repliesMade":0,"repliesRcvd":5798,"sharesMade":0,"sharesRcvd":956,"mentionsRcvd":0,"likesRcvd":24513,"reachRcvd":0,"audience":70028,"voice":143,"conversation":5941,"engagement":31267,"group_scoped":{"audienceScore":1.7781799936214255,"voiceScore":0.5070202808112325,"engagementScore":0.3247897571405288,"combinedScore":0.40657079514810884,"combinedScoreRank":68,"SEIrank":102,"engagementSEIrank":58,"voiceSEIrank":133,"audienceSEIrank":50,"engagementSEI":0.3685522075943656,"engagementSEIadj":0.3685522075943656,"voiceSEI":1.3354501307433695,"voiceSEIadj":1.3354501307433695,"audienceSEI":2.785423581036145,"audienceSEIadj":2.785423581036145,"SEI":0.9003087218832447,"SEIadj":0.9003087218832447},"non_scoped":{"SEI":0.8428258750718037,"SEIrank":79,"SEIadj":0,"audienceSEI":2.785423581036145,"audienceSEIadj":0,"audienceSEIrank":23,"audienceScore":0.5157307527254862,"combinedScore":0.12721513275975754,"combinedScoreRank":36,"engagementSEI":0.27274746290863056,"engagementSEIadj":0,"engagementSEIrank":34,"engagementScore":0.10563168538399637,"voiceSEI":1.3354501307433695,"voiceSEIadj":0,"voiceSEIrank":117,"voiceScore":0.12720156555772996},"scoped":{"SEI":9.122712642885809,"SEIrank":40,"SEIadj":0,"audienceSEI":36.565663949705765,"audienceSEIadj":0,"audienceSEIrank":15,"audienceScore":1.4901619477566603,"combinedScore":1.0167344945548684,"combinedScoreRank":25,"engagementSEI":6.327059628191405,"engagementSEIadj":0,"engagementSEIrank":25,"engagementScore":1.0320565675396804,"voiceSEI":5.566368236667964,"voiceSEIadj":0,"voiceSEIrank":107,"voiceScore":0.26750972762645914}},"facebook":{"entityString":"536575feb08f37d80186a0be","type":"facebook","profiles":1,"postsMade":87,"repliesMade":0,"repliesRcvd":5798,"sharesMade":0,"sharesRcvd":783,"mentionsRcvd":0,"likesRcvd":22301,"reachRcvd":0,"audience":46188,"voice":87,"conversation":5885,"engagement":28882,"group_scoped":{"audienceScore":1.7871687413399433,"voiceScore":0.7716870675891432,"engagementScore":0.3400446289443417,"combinedScore":0.43398295649636187,"combinedScoreRank":54,"SEIrank":67,"engagementSEIrank":50,"voiceSEIrank":68,"audienceSEIrank":37,"engagementSEI":0.38358380320644825,"engagementSEIadj":0.38358380320644825,"voiceSEI":2.0938628158844765,"voiceSEIadj":2.0938628158844765,"audienceSEI":2.510086430273203,"audienceSEIadj":2.510086430273203,"SEI":1.1093177697165322,"SEIadj":1.1093177697165322},"non_scoped":{"SEI":0.9554802098313884,"SEIrank":48,"SEIadj":0,"audienceSEI":2.510086430273203,"audienceSEIadj":0,"audienceSEIrank":19,"audienceScore":0.48161916132698657,"combinedScore":0.1324894346035766,"combinedScoreRank":32,"engagementSEI":0.26082933469374225,"engagementSEIadj":0,"engagementSEIrank":32,"engagementScore":0.10854675468617597,"voiceSEI":1.826579886626076,"voiceSEIadj":0,"voiceSEIrank":61,"voiceScore":0.214327946393378},"scoped":{"SEI":21.162408274969337,"SEIrank":24,"SEIadj":0,"audienceSEI":32.43516548338846,"audienceSEIadj":0,"audienceSEIrank":11,"audienceScore":1.9854389110434127,"combinedScore":1.434736948216238,"combinedScoreRank":24,"engagementSEI":24.559941495603667,"engagementSEIadj":0,"engagementSEIrank":24,"engagementScore":1.4508624699725419,"voiceSEI":10.609756097560975,"voiceSEIadj":0,"voiceSEIrank":52,"voiceScore":0.5937755937755937}},"twitter":{"entityString":"536575feb08f37d80186a0be","type":"twitter","profiles":1,"postsMade":56,"repliesMade":0,"repliesRcvd":0,"sharesMade":0,"sharesRcvd":173,"mentionsRcvd":0,"likesRcvd":2212,"reachRcvd":0,"audience":23840,"voice":56,"conversation":56,"engagement":2385,"group_scoped":{"audienceScore":1.9321776468767045,"voiceScore":0.3417760146475435,"engagementScore":0.6116921688013911,"combinedScore":0.6642206349974644,"combinedScoreRank":127,"SEIrank":143,"engagementSEIrank":128,"voiceSEIrank":166,"audienceSEIrank":100,"engagementSEI":1.1310178686596608,"engagementSEIadj":1.1310178686596608,"voiceSEI":0.9320905459387484,"voiceSEIadj":0.9320905459387484,"audienceSEI":4.302689903117284,"audienceSEIadj":4.302689903117284,"SEI":1.3885068752891494,"SEIadj":1.3885068752891494},"non_scoped":{"SEI":1.3885068752891494,"SEIrank":81,"SEIadj":0,"audienceSEI":4.302689903117284,"audienceSEIadj":0,"audienceSEIrank":25,"audienceScore":0.6963361153674721,"combinedScore":0.2971054596619059,"combinedScoreRank":57,"engagementSEI":1.1310178686596608,"engagementSEIadj":0,"engagementSEIrank":55,"engagementScore":0.28696217152757725,"voiceSEI":0.9320905459387484,"voiceSEIadj":0,"voiceSEIrank":150,"voiceScore":0.08045399037425473},"scoped":{"SEI":7.487351034532125,"SEIrank":65,"SEIadj":0,"audienceSEI":20.452459185161672,"audienceSEIadj":0,"audienceSEIrank":18,"audienceScore":1.1054601570643725,"combinedScore":0.5980539179875097,"combinedScoreRank":47,"engagementSEI":7.503303341093563,"engagementSEIadj":0,"engagementSEIrank":45,"engagementScore":0.594938161354214,"voiceSEI":3.133743704532736,"voiceSEIadj":0,"voiceSEIrank":139,"voiceScore":0.14673129830996987}},"instagram":{"entityString":"536575feb08f37d80186a0be","type":"instagram","profiles":0,"postsMade":0,"repliesMade":0,"repliesRcvd":0,"sharesMade":0,"sharesRcvd":0,"mentionsRcvd":0,"likesRcvd":0,"reachRcvd":0,"audience":0,"voice":0,"conversation":0,"engagement":0,"group_scoped":{"audienceScore":0,"voiceScore":0,"engagementScore":0,"combinedScore":0,"combinedScoreRank":196,"SEIrank":178,"engagementSEIrank":178,"voiceSEIrank":178,"audienceSEIrank":178,"engagementSEI":0,"engagementSEIadj":0,"voiceSEI":0,"voiceSEIadj":0,"audienceSEI":0,"audienceSEIadj":0,"SEI":0,"SEIadj":0},"non_scoped":{"SEI":0,"SEIrank":178,"SEIadj":0,"audienceSEI":0,"audienceSEIadj":0,"audienceSEIrank":178,"audienceScore":0,"combinedScore":0,"combinedScoreRank":178,"engagementSEI":0,"engagementSEIadj":0,"engagementSEIrank":178,"engagementScore":0,"voiceSEI":0,"voiceSEIadj":0,"voiceSEIrank":178,"voiceScore":0},"scoped":{"SEI":0,"SEIrank":159,"SEIadj":0,"audienceSEI":0,"audienceSEIadj":0,"audienceSEIrank":159,"audienceScore":0,"combinedScore":0,"combinedScoreRank":159,"engagementSEI":0,"engagementSEIadj":0,"engagementSEIrank":159,"engagementScore":0,"voiceSEI":0,"voiceSEIadj":0,"voiceSEIrank":159,"voiceScore":0}}},"blended":{"combined":{"non_scoped":{"SEI":0.8202163275727443,"SEIadj":50.410108163786376,"SEIrank":80,"audienceSEI":2.7854235810361447,"audienceSEIadj":61.11416943241446,"audienceSEIrank":23,"engagementSEI":0.1998662450426211,"engagementSEIadj":60.07994649801705,"engagementSEIrank":41,"voiceSEI":1.4058474081451904,"voiceSEIadj":50.702923704072596,"voiceSEIrank":113},"scoped":{"SEI":18.41824130320413,"SEIadj":67.36729652128165,"SEIrank":35,"compCharisma":12,"compInfluence":0,"compEva":6.418241303204131,"audienceSEI":36.565663949705765,"audienceSEIadj":80.96969918491173,"audienceSEIrank":15,"engagementSEI":5.186015719007472,"engagementSEIadj":62.07440628760299,"engagementSEIrank":33,"voiceSEI":5.589595066487217,"voiceSEIadj":52.79479753324361,"voiceSEIrank":103}},"facebook":{"non_scoped":{"SEI":0.8851535671501283,"SEIadj":60.35406142686005,"SEIrank":50,"audienceSEI":2.5100864302732027,"audienceSEIadj":70.75302592908196,"audienceSEIrank":19,"engagementSEI":0.1896842210131432,"engagementSEIadj":60.07587368840526,"engagementSEIrank":38,"voiceSEI":1.7344479717164067,"voiceSEIadj":60.69377918868656,"voiceSEIrank":62},"scoped":{"SEI":15.220092300331084,"SEIadj":66.08803692013244,"SEIrank":30,"audienceSEI":32.43516548338846,"audienceSEIadj":79.73054964501654,"audienceSEIrank":11,"engagementSEI":15.380044626434607,"engagementSEIadj":66.15201785057384,"engagementSEIrank":26,"voiceSEI":9.161829920438242,"voiceSEIadj":63.664731968175296,"voiceSEIrank":52}},"twitter":{"non_scoped":{"SEI":1.3990397820963587,"SEIadj":50.699519891048176,"SEIrank":80,"audienceSEI":4.302689903117284,"audienceSEIadj":61.72107596124691,"audienceSEIrank":25,"engagementSEI":1.0481146880454855,"engagementSEIadj":60.419245875218195,"engagementSEIrank":56,"voiceSEI":1.1330065965244642,"voiceSEIadj":50.566503298262234,"voiceSEIrank":136},"scoped":{"SEI":6.943795117485093,"SEIadj":62.77751804699404,"SEIrank":62,"audienceSEI":20.452459185161672,"audienceSEIadj":76.1357377555485,"audienceSEIrank":18,"engagementSEI":6.438529378053406,"engagementSEIadj":62.57541175122136,"engagementSEIrank":47,"voiceSEI":3.451438573789611,"voiceSEIadj":51.72571928689481,"voiceSEIrank":126}},"instagram":{"non_scoped":{"SEI":0,"SEIadj":0,"SEIrank":178,"audienceSEI":0,"audienceSEIadj":0,"audienceSEIrank":178,"engagementSEI":0,"engagementSEIadj":0,"engagementSEIrank":178,"voiceSEI":0,"voiceSEIadj":0,"voiceSEIrank":178},"scoped":{"SEI":0,"SEIadj":0,"SEIrank":159,"audienceSEI":0,"audienceSEIadj":0,"audienceSEIrank":159,"engagementSEI":0,"engagementSEIadj":0,"engagementSEIrank":159,"voiceSEI":0,"voiceSEIadj":0,"voiceSEIrank":159}},"influence":{"instagram":{"scope":"individual","ratio":0,"calculated":false},"combined":{"ratio":0.49,"bottom":false,"scope":"individual","calculated":true},"facebook":{"ratio":0.6,"bottom":false,"scope":"individual","calculated":true},"twitter":{"ratio":0.46,"bottom":false,"scope":"individual","calculated":true}},"charisma":{"instagram":{"scope":"individual","ratio":0,"calculated":false},"combined":{"ratio":2,"bottom":false,"scope":"individual","calculated":true},"facebook":{"ratio":2,"bottom":false,"scope":"individual","calculated":true},"twitter":{"ratio":2,"bottom":false,"scope":"individual","calculated":true}}},"scope":"individual"}}