{"scoreEntityString":"591d1494ab33fb0001804f89.asset.536575feb08f37d80186a0c0","timeQuantum":4984422,"scoreEntityType":"asset","scoreProfileID":"591d1494ab33fb0001804f89","data":{"scoreEntityString":"591d1494ab33fb0001804f89.asset.536575feb08f37d80186a0c0","scoreProfileID":"591d1494ab33fb0001804f89","scoreEntityType":"asset","entityID":"asset.536575feb08f37d80186a0c0","object_version":"1.2","score_engine_version":"3.0.19","timestamp":4984422,"start_quantum":4958502,"end_quantum":4984421,"schedule_options":{"interval":15,"offset":"1"},"_15min":{"boundaryQuantum":4984419,"combined":{"entityString":"536575feb08f37d80186a0c0","type":"combined","profiles":2,"postsMade":0,"repliesMade":0,"repliesRcvd":0,"sharesMade":0,"sharesRcvd":0,"mentionsRcvd":0,"likesRcvd":0,"reachRcvd":0,"audience":132473,"voice":0,"conversation":0,"engagement":0,"group_scoped":{"audienceScore":3.363809309062248,"voiceScore":0,"engagementScore":0,"combinedScore":3.363809309062248,"engagementSEI":0,"engagementSEIadj":0,"voiceSEI":0,"voiceSEIadj":0,"audienceSEI":5.269226852838883,"audienceSEIadj":5.269226852838883,"SEI":0.5269226852838883,"SEIadj":0.5269226852838883,"combinedScoreRank":20,"SEIrank":25,"engagementSEIrank":174,"voiceSEIrank":173,"audienceSEIrank":24},"non_scoped":{"SEI":0.5269226852838883,"SEIrank":14,"SEIadj":0,"audienceSEI":5.269226852838883,"audienceSEIadj":0,"audienceSEIrank":13,"audienceScore":0.9756154681813465,"combinedScore":0.04878077340906733,"combinedScoreRank":15,"engagementSEI":0,"engagementSEIadj":0,"engagementSEIrank":174,"engagementScore":0,"voiceSEI":0,"voiceSEIadj":0,"voiceSEIrank":173,"voiceScore":0},"scoped":{"SEI":6.917180556933473,"SEIrank":7,"SEIadj":0,"audienceSEI":69.17180556933472,"audienceSEIadj":0,"audienceSEIrank":6,"audienceScore":2.818961325543612,"combinedScore":0.4027087607919445,"combinedScoreRank":8,"engagementSEI":0,"engagementSEIadj":0,"engagementSEIrank":155,"engagementScore":0,"voiceSEI":0,"voiceSEIadj":0,"voiceSEIrank":154,"voiceScore":0}},"facebook":{"entityString":"536575feb08f37d80186a0c0","type":"facebook","profiles":1,"postsMade":0,"repliesMade":0,"repliesRcvd":0,"sharesMade":0,"sharesRcvd":0,"mentionsRcvd":0,"likesRcvd":0,"reachRcvd":0,"audience":49085,"voice":0,"conversation":0,"engagement":0,"group_scoped":{"audienceScore":1.8992633945758879,"voiceScore":0,"engagementScore":0,"combinedScore":1.8992633945758879,"engagementSEI":0,"engagementSEIadj":0,"voiceSEI":0,"voiceSEIadj":0,"audienceSEI":2.667523868319914,"audienceSEIadj":2.667523868319914,"SEI":0.2667523868319914,"SEIadj":0.2667523868319914,"combinedScoreRank":31,"SEIrank":31,"engagementSEIrank":174,"voiceSEIrank":173,"audienceSEIrank":31},"non_scoped":{"SEI":0.2667523868319914,"SEIrank":17,"SEIadj":0,"audienceSEI":2.667523868319914,"audienceSEIadj":0,"audienceSEIrank":17,"audienceScore":0.5118272394071,"combinedScore":0.025591361970354998,"combinedScoreRank":17,"engagementSEI":0,"engagementSEIadj":0,"engagementSEIrank":174,"engagementScore":0,"voiceSEI":0,"voiceSEIadj":0,"voiceSEIrank":173,"voiceScore":0},"scoped":{"SEI":3.446956130926047,"SEIrank":9,"SEIadj":0,"audienceSEI":34.46956130926047,"audienceSEIadj":0,"audienceSEIrank":9,"audienceScore":2.109969449826057,"combinedScore":0.3014242071180081,"combinedScoreRank":9,"engagementSEI":0,"engagementSEIadj":0,"engagementSEIrank":155,"engagementScore":0,"voiceSEI":0,"voiceSEIadj":0,"voiceSEIrank":154,"voiceScore":0}},"twitter":{"entityString":"536575feb08f37d80186a0c0","type":"twitter","profiles":1,"postsMade":0,"repliesMade":0,"repliesRcvd":0,"sharesMade":0,"sharesRcvd":0,"mentionsRcvd":0,"likesRcvd":0,"reachRcvd":0,"audience":83388,"voice":0,"conversation":0,"engagement":0,"group_scoped":{"audienceScore":6.758407282623937,"voiceScore":0,"engagementScore":0,"combinedScore":6.758407282623937,"engagementSEI":0,"engagementSEIadj":0,"voiceSEI":0,"voiceSEIadj":0,"audienceSEI":15.05002959904128,"audienceSEIadj":15.05002959904128,"SEI":1.505002959904128,"SEIadj":1.505002959904128,"combinedScoreRank":21,"SEIrank":29,"engagementSEIrank":172,"voiceSEIrank":172,"audienceSEIrank":28},"non_scoped":{"SEI":1.505002959904128,"SEIrank":9,"SEIadj":0,"audienceSEI":15.05002959904128,"audienceSEIadj":0,"audienceSEIrank":8,"audienceScore":2.4356575498432367,"combinedScore":0.12178287749216184,"combinedScoreRank":9,"engagementSEI":0,"engagementSEIadj":0,"engagementSEIrank":172,"engagementScore":0,"voiceSEI":0,"voiceSEIadj":0,"voiceSEIrank":172,"voiceScore":0},"scoped":{"SEI":7.15389960793734,"SEIrank":5,"SEIadj":0,"audienceSEI":71.53899607937339,"audienceSEIadj":0,"audienceSEIrank":4,"audienceScore":3.8666993111276806,"combinedScore":0.5523856158753829,"combinedScoreRank":5,"engagementSEI":0,"engagementSEIadj":0,"engagementSEIrank":154,"engagementScore":0,"voiceSEI":0,"voiceSEIadj":0,"voiceSEIrank":154,"voiceScore":0}},"instagram":{"entityString":"536575feb08f37d80186a0c0","type":"instagram","profiles":0,"postsMade":0,"repliesMade":0,"repliesRcvd":0,"sharesMade":0,"sharesRcvd":0,"mentionsRcvd":0,"likesRcvd":0,"reachRcvd":0,"audience":0,"voice":0,"conversation":0,"engagement":0,"group_scoped":{"audienceScore":0,"voiceScore":0,"engagementScore":0,"combinedScore":0,"engagementSEI":0,"engagementSEIadj":0,"voiceSEI":0,"voiceSEIadj":0,"audienceSEI":0,"audienceSEIadj":0,"SEI":0,"SEIadj":0,"combinedScoreRank":191,"SEIrank":173,"engagementSEIrank":172,"voiceSEIrank":172,"audienceSEIrank":173},"non_scoped":{"SEI":0,"SEIrank":173,"SEIadj":0,"audienceSEI":0,"audienceSEIadj":0,"audienceSEIrank":173,"audienceScore":0,"combinedScore":0,"combinedScoreRank":173,"engagementSEI":0,"engagementSEIadj":0,"engagementSEIrank":172,"engagementScore":0,"voiceSEI":0,"voiceSEIadj":0,"voiceSEIrank":172,"voiceScore":0},"scoped":{"SEI":0,"SEIrank":154,"SEIadj":0,"audienceSEI":0,"audienceSEIadj":0,"audienceSEIrank":154,"audienceScore":0,"combinedScore":0,"combinedScoreRank":154,"engagementSEI":0,"engagementSEIadj":0,"engagementSEIrank":154,"engagementScore":0,"voiceSEI":0,"voiceSEIadj":0,"voiceSEIrank":154,"voiceScore":0}}},"hour":{"boundaryQuantum":4984410,"combined":{"entityString":"536575feb08f37d80186a0c0","type":"combined","profiles":2,"postsMade":0,"repliesMade":0,"repliesRcvd":1,"sharesMade":0,"sharesRcvd":2,"mentionsRcvd":0,"likesRcvd":19,"reachRcvd":0,"audience":132473,"voice":0,"conversation":1,"engagement":22,"group_scoped":{"audienceScore":3.363809309062248,"voiceScore":0,"engagementScore":0.5674490585504256,"combinedScore":0.9669290943378288,"combinedScoreRank":65,"SEIrank":31,"engagementSEIrank":25,"voiceSEIrank":174,"audienceSEIrank":24,"engagementSEI":0.6012571740912818,"engagementSEIadj":0.6012571740912818,"voiceSEI":0,"voiceSEIadj":0,"audienceSEI":5.269226852838883,"audienceSEIadj":5.269226852838883,"SEI":0.8876769897386574,"SEIadj":0.8876769897386574},"non_scoped":{"SEI":0.7245866565327652,"SEIrank":18,"SEIadj":0,"audienceSEI":5.269226852838883,"audienceSEIadj":0,"audienceSEIrank":13,"audienceScore":0.9756154681813465,"combinedScore":0.18827633491392853,"combinedScoreRank":16,"engagementSEI":0.32943995208146154,"engagementSEIadj":0,"engagementSEIrank":12,"engagementScore":0.15499506833873467,"voiceSEI":0,"voiceSEIadj":0,"voiceSEIrank":174,"voiceScore":0},"scoped":{"SEI":8.011707920117553,"SEIrank":12,"SEIadj":0,"audienceSEI":69.17180556933472,"audienceSEIadj":0,"audienceSEIrank":6,"audienceScore":2.818961325543612,"combinedScore":1.33371915061453,"combinedScoreRank":7,"engagementSEI":1.8242122719734661,"engagementSEIadj":0,"engagementSEIrank":6,"engagementScore":1.3253012048192772,"voiceSEI":0,"voiceSEIadj":0,"voiceSEIrank":155,"voiceScore":0}},"facebook":{"entityString":"536575feb08f37d80186a0c0","type":"facebook","profiles":1,"postsMade":0,"repliesMade":0,"repliesRcvd":1,"sharesMade":0,"sharesRcvd":2,"mentionsRcvd":0,"likesRcvd":4,"reachRcvd":0,"audience":49085,"voice":0,"conversation":1,"engagement":7,"group_scoped":{"audienceScore":1.8992633945758879,"voiceScore":0,"engagementScore":0.20260492040520983,"combinedScore":0.44498470242959237,"combinedScoreRank":86,"SEIrank":35,"engagementSEIrank":26,"voiceSEIrank":173,"audienceSEIrank":31,"engagementSEI":0.21354484441732766,"engagementSEIadj":0.21354484441732766,"voiceSEI":0,"voiceSEIadj":0,"audienceSEI":2.667523868319914,"audienceSEIadj":2.667523868319914,"SEI":0.3948792934823879,"SEIadj":0.3948792934823879},"non_scoped":{"SEI":0.3322647873935262,"SEIrank":21,"SEIadj":0,"audienceSEI":2.667523868319914,"audienceSEIadj":0,"audienceSEIrank":17,"audienceScore":0.5118272394071,"combinedScore":0.0775030297356813,"combinedScoreRank":18,"engagementSEI":0.10918733426922478,"engagementSEIadj":0,"engagementSEIrank":20,"engagementScore":0.05767963085036256,"voiceSEI":0,"voiceSEIadj":0,"voiceSEIrank":173,"voiceScore":0},"scoped":{"SEI":9.122631806601722,"SEIrank":11,"SEIadj":0,"audienceSEI":34.46956130926047,"audienceSEIadj":0,"audienceSEIrank":9,"audienceScore":2.109969449826057,"combinedScore":1.85065082706194,"combinedScoreRank":12,"engagementSEI":9.45945945945946,"engagementSEIadj":0,"engagementSEIrank":13,"engagementScore":1.9390581717451523,"voiceSEI":0,"voiceSEIadj":0,"voiceSEIrank":154,"voiceScore":0}},"twitter":{"entityString":"536575feb08f37d80186a0c0","type":"twitter","profiles":1,"postsMade":0,"repliesMade":0,"repliesRcvd":0,"sharesMade":0,"sharesRcvd":0,"mentionsRcvd":0,"likesRcvd":15,"reachRcvd":0,"audience":83388,"voice":0,"conversation":0,"engagement":15,"group_scoped":{"audienceScore":6.758407282623937,"voiceScore":0,"engagementScore":15.463917525773196,"combinedScore":14.2202732053233,"combinedScoreRank":18,"SEIrank":19,"engagementSEIrank":15,"voiceSEIrank":174,"audienceSEIrank":28,"engagementSEI":26.785714285714285,"engagementSEIadj":26.785714285714285,"voiceSEI":0,"voiceSEIadj":0,"audienceSEI":15.05002959904128,"audienceSEIadj":15.05002959904128,"SEI":17.576431531332698,"SEIadj":17.576431531332698},"non_scoped":{"SEI":17.576431531332698,"SEIrank":7,"SEIadj":0,"audienceSEI":15.05002959904128,"audienceSEIadj":0,"audienceSEIrank":8,"audienceScore":2.4356575498432367,"combinedScore":6.838200787939923,"combinedScoreRank":4,"engagementSEI":26.785714285714285,"engagementSEIadj":0,"engagementSEIrank":4,"engagementScore":7.462686567164178,"voiceSEI":0,"voiceSEIadj":0,"voiceSEIrank":174,"voiceScore":0},"scoped":{"SEI":57.15389960793735,"SEIrank":3,"SEIadj":0,"audienceSEI":71.53899607937339,"audienceSEIadj":0,"audienceSEIrank":4,"audienceScore":3.8666993111276806,"combinedScore":13.968845169638016,"combinedScoreRank":2,"engagementSEI":83.33333333333334,"engagementSEIadj":0,"engagementSEIrank":2,"engagementScore":15.306122448979592,"voiceSEI":0,"voiceSEIadj":0,"voiceSEIrank":155,"voiceScore":0}},"instagram":{"entityString":"536575feb08f37d80186a0c0","type":"instagram","profiles":0,"postsMade":0,"repliesMade":0,"repliesRcvd":0,"sharesMade":0,"sharesRcvd":0,"mentionsRcvd":0,"likesRcvd":0,"reachRcvd":0,"audience":0,"voice":0,"conversation":0,"engagement":0,"group_scoped":{"audienceScore":0,"voiceScore":0,"engagementScore":0,"combinedScore":0,"combinedScoreRank":191,"SEIrank":173,"engagementSEIrank":172,"voiceSEIrank":172,"audienceSEIrank":173,"engagementSEI":0,"engagementSEIadj":0,"voiceSEI":0,"voiceSEIadj":0,"audienceSEI":0,"audienceSEIadj":0,"SEI":0,"SEIadj":0},"non_scoped":{"SEI":0,"SEIrank":173,"SEIadj":0,"audienceSEI":0,"audienceSEIadj":0,"audienceSEIrank":173,"audienceScore":0,"combinedScore":0,"combinedScoreRank":173,"engagementSEI":0,"engagementSEIadj":0,"engagementSEIrank":172,"engagementScore":0,"voiceSEI":0,"voiceSEIadj":0,"voiceSEIrank":172,"voiceScore":0},"scoped":{"SEI":0,"SEIrank":154,"SEIadj":0,"audienceSEI":0,"audienceSEIadj":0,"audienceSEIrank":154,"audienceScore":0,"combinedScore":0,"combinedScoreRank":154,"engagementSEI":0,"engagementSEIadj":0,"engagementSEIrank":154,"engagementScore":0,"voiceSEI":0,"voiceSEIadj":0,"voiceSEIrank":154,"voiceScore":0}}},"today":{"boundaryQuantum":4984134,"combined":{"entityString":"536575feb08f37d80186a0c0","type":"combined","profiles":2,"postsMade":29,"repliesMade":0,"repliesRcvd":150,"sharesMade":0,"sharesRcvd":94,"mentionsRcvd":0,"likesRcvd":727,"reachRcvd":0,"audience":132473,"voice":29,"conversation":179,"engagement":971,"group_scoped":{"audienceScore":3.363809309062248,"voiceScore":13.18181818181818,"engagementScore":0.9096785677481005,"combinedScore":1.645992085517312,"combinedScoreRank":22,"SEIrank":13,"engagementSEIrank":27,"voiceSEIrank":9,"audienceSEIrank":24,"engagementSEI":1.0063323280373928,"engagementSEIadj":1.0063323280373928,"voiceSEI":31.868131868131865,"voiceSEIadj":31.868131868131865,"audienceSEI":5.269226852838883,"audienceSEIadj":5.269226852838883,"SEI":10.691161642545882,"SEIadj":10.691161642545882},"non_scoped":{"SEI":10.385683230090526,"SEIrank":8,"SEIadj":0,"audienceSEI":5.269226852838883,"audienceSEIadj":0,"audienceSEIrank":13,"audienceScore":0.9756154681813465,"combinedScore":0.46030188818263906,"combinedScoreRank":9,"engagementSEI":0.49720164061179867,"engagementSEIadj":0,"engagementSEIrank":12,"engagementScore":0.2590770347285961,"voiceSEI":31.868131868131865,"voiceSEIadj":0,"voiceSEIrank":7,"voiceScore":3.5670356703567037},"scoped":{"SEI":40.19371168566639,"SEIrank":2,"SEIadj":0,"audienceSEI":69.17180556933472,"audienceSEIadj":0,"audienceSEIrank":6,"audienceScore":2.818961325543612,"combinedScore":2.855669453417112,"combinedScoreRank":5,"engagementSEI":5.460885214554862,"engagementSEIadj":0,"engagementSEIrank":6,"engagementScore":2.5957014542343884,"voiceSEI":100,"voiceSEIadj":0,"voiceSEIrank":1,"voiceScore":7.5718015665796345}},"facebook":{"entityString":"536575feb08f37d80186a0c0","type":"facebook","profiles":1,"postsMade":12,"repliesMade":0,"repliesRcvd":150,"sharesMade":0,"sharesRcvd":29,"mentionsRcvd":0,"likesRcvd":547,"reachRcvd":0,"audience":49085,"voice":12,"conversation":162,"engagement":726,"group_scoped":{"audienceScore":1.8992633945758879,"voiceScore":16.666666666666664,"engagementScore":0.7406953966699314,"combinedScore":1.594922360065066,"combinedScoreRank":24,"SEIrank":12,"engagementSEIrank":27,"voiceSEIrank":9,"audienceSEIrank":31,"engagementSEI":0.8106750041873709,"engagementSEIadj":0.8106750041873709,"voiceSEI":30.76923076923077,"voiceSEIadj":30.76923076923077,"audienceSEI":2.667523868319914,"audienceSEIadj":2.667523868319914,"SEI":9.983926620113643,"SEIadj":9.983926620113643},"non_scoped":{"SEI":9.729455679322516,"SEIrank":8,"SEIadj":0,"audienceSEI":2.667523868319914,"audienceSEIadj":0,"audienceSEIrank":17,"audienceScore":0.5118272394071,"combinedScore":0.42514898494235864,"combinedScoreRank":9,"engagementSEI":0.38655676953549295,"engagementSEIadj":0,"engagementSEIrank":12,"engagementScore":0.21719554479882486,"voiceSEI":30.76923076923077,"voiceSEIadj":0,"voiceSEIrank":8,"voiceScore":4.081632653061225},"scoped":{"SEI":45.86428794392491,"SEIrank":2,"SEIadj":0,"audienceSEI":34.46956130926047,"audienceSEIadj":0,"audienceSEIrank":9,"audienceScore":2.109969449826057,"combinedScore":5.13635818785581,"combinedScoreRank":5,"engagementSEI":20.695553021664768,"engagementSEIadj":0,"engagementSEIrank":6,"engagementScore":4.832268370607029,"voiceSEI":100,"voiceSEIadj":0,"voiceSEIrank":1,"voiceScore":13.636363636363635}},"twitter":{"entityString":"536575feb08f37d80186a0c0","type":"twitter","profiles":1,"postsMade":17,"repliesMade":0,"repliesRcvd":0,"sharesMade":0,"sharesRcvd":65,"mentionsRcvd":0,"likesRcvd":180,"reachRcvd":0,"audience":83388,"voice":17,"conversation":17,"engagement":245,"group_scoped":{"audienceScore":6.758407282623937,"voiceScore":11.805555555555555,"engagementScore":7.254960023689665,"combinedScore":7.457662163229673,"combinedScoreRank":25,"SEIrank":23,"engagementSEIrank":34,"voiceSEIrank":14,"audienceSEIrank":28,"engagementSEI":15.447667087011348,"engagementSEIadj":15.447667087011348,"voiceSEI":35.41666666666667,"voiceSEIadj":35.41666666666667,"audienceSEI":15.05002959904128,"audienceSEIadj":15.05002959904128,"SEI":21.398603212110938,"SEIadj":21.398603212110938},"non_scoped":{"SEI":21.398603212110938,"SEIrank":7,"SEIadj":0,"audienceSEI":15.05002959904128,"audienceSEIadj":0,"audienceSEIrank":8,"audienceScore":2.4356575498432367,"combinedScore":3.7818113675206524,"combinedScoreRank":5,"engagementSEI":15.447667087011348,"engagementSEIadj":0,"engagementSEIrank":5,"engagementScore":3.8778094333649893,"voiceSEI":35.41666666666667,"voiceSEIadj":0,"voiceSEIrank":8,"voiceScore":3.4000000000000004},"scoped":{"SEI":54.0927042976714,"SEIrank":3,"SEIadj":0,"audienceSEI":71.53899607937339,"audienceSEIadj":0,"audienceSEIrank":4,"audienceScore":3.8666993111276806,"combinedScore":6.61794963204523,"combinedScoreRank":3,"engagementSEI":45.539033457249076,"engagementSEIadj":0,"engagementSEIrank":3,"engagementScore":6.815020862308763,"voiceSEI":65.38461538461539,"voiceSEIadj":0,"voiceSEIrank":3,"voiceScore":5.821917808219178}},"instagram":{"entityString":"536575feb08f37d80186a0c0","type":"instagram","profiles":0,"postsMade":0,"repliesMade":0,"repliesRcvd":0,"sharesMade":0,"sharesRcvd":0,"mentionsRcvd":0,"likesRcvd":0,"reachRcvd":0,"audience":0,"voice":0,"conversation":0,"engagement":0,"group_scoped":{"audienceScore":0,"voiceScore":0,"engagementScore":0,"combinedScore":0,"combinedScoreRank":191,"SEIrank":173,"engagementSEIrank":173,"voiceSEIrank":173,"audienceSEIrank":173,"engagementSEI":0,"engagementSEIadj":0,"voiceSEI":0,"voiceSEIadj":0,"audienceSEI":0,"audienceSEIadj":0,"SEI":0,"SEIadj":0},"non_scoped":{"SEI":0,"SEIrank":173,"SEIadj":0,"audienceSEI":0,"audienceSEIadj":0,"audienceSEIrank":173,"audienceScore":0,"combinedScore":0,"combinedScoreRank":173,"engagementSEI":0,"engagementSEIadj":0,"engagementSEIrank":173,"engagementScore":0,"voiceSEI":0,"voiceSEIadj":0,"voiceSEIrank":173,"voiceScore":0},"scoped":{"SEI":0,"SEIrank":154,"SEIadj":0,"audienceSEI":0,"audienceSEIadj":0,"audienceSEIrank":154,"audienceScore":0,"combinedScore":0,"combinedScoreRank":154,"engagementSEI":0,"engagementSEIadj":0,"engagementSEIrank":154,"engagementScore":0,"voiceSEI":0,"voiceSEIadj":0,"voiceSEIrank":154,"voiceScore":0}}},"week":{"boundaryQuantum":4982406,"combined":{"entityString":"536575feb08f37d80186a0c0","type":"combined","profiles":2,"postsMade":222,"repliesMade":0,"repliesRcvd":908,"sharesMade":0,"sharesRcvd":1018,"mentionsRcvd":0,"likesRcvd":6407,"reachRcvd":0,"audience":132473,"voice":222,"conversation":1130,"engagement":8333,"group_scoped":{"audienceScore":3.363809309062248,"voiceScore":10.08174386920981,"engagementScore":1.0258247345264564,"combinedScore":1.5955199199874137,"combinedScoreRank":25,"SEIrank":12,"engagementSEIrank":28,"voiceSEIrank":9,"audienceSEIrank":24,"engagementSEI":1.1340408216590503,"engagementSEIadj":1.1340408216590503,"voiceSEI":25.813953488372093,"voiceSEIadj":25.813953488372093,"audienceSEI":5.269226852838883,"audienceSEIadj":5.269226852838883,"SEI":8.951533224790946,"SEIadj":8.951533224790946},"non_scoped":{"SEI":8.782711319380267,"SEIrank":9,"SEIadj":0,"audienceSEI":5.269226852838883,"audienceSEIadj":0,"audienceSEIrank":13,"audienceScore":0.9756154681813465,"combinedScore":0.4824658464114967,"combinedScoreRank":11,"engagementSEI":0.8526709793079172,"engagementSEIadj":0,"engagementSEIrank":11,"engagementScore":0.34753690051135844,"voiceSEI":25.813953488372093,"voiceSEIadj":0,"voiceSEIrank":9,"voiceScore":2.418037250844135},"scoped":{"SEI":53.54493671776356,"SEIrank":2,"SEIadj":0,"audienceSEI":69.17180556933472,"audienceSEIadj":0,"audienceSEIrank":6,"audienceScore":2.818961325543612,"combinedScore":4.036961779190949,"combinedScoreRank":4,"engagementSEI":27.71292693471682,"engagementSEIadj":0,"engagementSEIrank":4,"engagementScore":4.047385446314951,"voiceSEI":100,"voiceSEIadj":0,"voiceSEIrank":1,"voiceScore":5.0673362246062545}},"facebook":{"entityString":"536575feb08f37d80186a0c0","type":"facebook","profiles":1,"postsMade":85,"repliesMade":0,"repliesRcvd":908,"sharesMade":0,"sharesRcvd":384,"mentionsRcvd":0,"likesRcvd":4417,"reachRcvd":0,"audience":49085,"voice":85,"conversation":993,"engagement":5709,"group_scoped":{"audienceScore":1.8992633945758879,"voiceScore":9.497206703910614,"engagementScore":0.7835757902668605,"combinedScore":1.2750417161644996,"combinedScoreRank":29,"SEIrank":12,"engagementSEIrank":32,"voiceSEIrank":10,"audienceSEIrank":31,"engagementSEI":0.8588591570272551,"engagementSEIadj":0.8588591570272551,"voiceSEI":25.449101796407188,"voiceSEIadj":25.449101796407188,"audienceSEI":2.667523868319914,"audienceSEIadj":2.667523868319914,"SEI":8.416798419970501,"SEIadj":8.416798419970501},"non_scoped":{"SEI":7.1239678811188245,"SEIrank":10,"SEIadj":0,"audienceSEI":2.667523868319914,"audienceSEIadj":0,"audienceSEIrank":17,"audienceScore":0.5118272394071,"combinedScore":0.39301006179582065,"combinedScoreRank":10,"engagementSEI":0.6144431266103706,"engagementSEIadj":0,"engagementSEIrank":14,"engagementScore":0.26236032380291496,"voiceSEI":21.62849872773537,"voiceSEIadj":0,"voiceSEIrank":10,"voiceScore":2.625888168056843},"scoped":{"SEI":58.47289805971968,"SEIrank":3,"SEIadj":0,"audienceSEI":34.46956130926047,"audienceSEIadj":0,"audienceSEIrank":9,"audienceScore":2.109969449826057,"combinedScore":4.271470626100915,"combinedScoreRank":4,"engagementSEI":43.41444866920152,"engagementSEIadj":0,"engagementSEIrank":7,"engagementScore":4.228669624537987,"voiceSEI":96.5909090909091,"voiceSEIadj":0,"voiceSEIrank":2,"voiceScore":7.203389830508475}},"twitter":{"entityString":"536575feb08f37d80186a0c0","type":"twitter","profiles":1,"postsMade":137,"repliesMade":0,"repliesRcvd":0,"sharesMade":0,"sharesRcvd":634,"mentionsRcvd":0,"likesRcvd":1990,"reachRcvd":0,"audience":83388,"voice":137,"conversation":137,"engagement":2624,"group_scoped":{"audienceScore":6.758407282623937,"voiceScore":10.838607594936708,"engagementScore":8.96940693898479,"combinedScore":8.952316988964343,"combinedScoreRank":15,"SEIrank":18,"engagementSEIrank":23,"voiceSEIrank":10,"audienceSEIrank":28,"engagementSEI":16.817278728449658,"engagementSEIadj":16.817278728449658,"voiceSEI":28.36438923395445,"voiceSEIadj":28.36438923395445,"audienceSEI":15.05002959904128,"audienceSEIadj":15.05002959904128,"SEI":20.104686967160255,"SEIadj":20.104686967160255},"non_scoped":{"SEI":20.104686967160255,"SEIrank":6,"SEIadj":0,"audienceSEI":15.05002959904128,"audienceSEIadj":0,"audienceSEIrank":8,"audienceScore":2.4356575498432367,"combinedScore":4.091868956902205,"combinedScoreRank":4,"engagementSEI":16.817278728449658,"engagementSEIadj":0,"engagementSEIrank":3,"engagementScore":4.278493396380238,"voiceSEI":28.36438923395445,"voiceSEIadj":0,"voiceSEIrank":9,"voiceScore":2.3888404533565826},"scoped":{"SEI":92.5242699783077,"SEIrank":1,"SEIadj":0,"audienceSEI":71.53899607937339,"audienceSEIadj":0,"audienceSEIrank":4,"audienceScore":3.8666993111276806,"combinedScore":8.516228950915805,"combinedScoreRank":1,"engagementSEI":100,"engagementSEIadj":0,"engagementSEIrank":1,"engagementScore":9.005113421874464,"voiceSEI":84.5679012345679,"voiceSEIadj":0,"voiceSEIrank":2,"voiceScore":4.365838113448056}},"instagram":{"entityString":"536575feb08f37d80186a0c0","type":"instagram","profiles":0,"postsMade":0,"repliesMade":0,"repliesRcvd":0,"sharesMade":0,"sharesRcvd":0,"mentionsRcvd":0,"likesRcvd":0,"reachRcvd":0,"audience":0,"voice":0,"conversation":0,"engagement":0,"group_scoped":{"audienceScore":0,"voiceScore":0,"engagementScore":0,"combinedScore":0,"combinedScoreRank":191,"SEIrank":173,"engagementSEIrank":173,"voiceSEIrank":173,"audienceSEIrank":173,"engagementSEI":0,"engagementSEIadj":0,"voiceSEI":0,"voiceSEIadj":0,"audienceSEI":0,"audienceSEIadj":0,"SEI":0,"SEIadj":0},"non_scoped":{"SEI":0,"SEIrank":173,"SEIadj":0,"audienceSEI":0,"audienceSEIadj":0,"audienceSEIrank":173,"audienceScore":0,"combinedScore":0,"combinedScoreRank":173,"engagementSEI":0,"engagementSEIadj":0,"engagementSEIrank":173,"engagementScore":0,"voiceSEI":0,"voiceSEIadj":0,"voiceSEIrank":173,"voiceScore":0},"scoped":{"SEI":0,"SEIrank":154,"SEIadj":0,"audienceSEI":0,"audienceSEIadj":0,"audienceSEIrank":154,"audienceScore":0,"combinedScore":0,"combinedScoreRank":154,"engagementSEI":0,"engagementSEIadj":0,"engagementSEIrank":154,"engagementScore":0,"voiceSEI":0,"voiceSEIadj":0,"voiceSEIrank":154,"voiceScore":0}}},"month":{"boundaryQuantum":4975782,"combined":{"entityString":"536575feb08f37d80186a0c0","type":"combined","profiles":2,"postsMade":950,"repliesMade":0,"repliesRcvd":6442,"sharesMade":0,"sharesRcvd":3808,"mentionsRcvd":0,"likesRcvd":28162,"reachRcvd":0,"audience":132473,"voice":950,"conversation":7392,"engagement":38412,"group_scoped":{"audienceScore":3.363809309062248,"voiceScore":10.183299389002038,"engagementScore":1.237884047144781,"combinedScore":1.7914510773335173,"combinedScoreRank":22,"SEIrank":12,"engagementSEIrank":26,"voiceSEIrank":9,"audienceSEIrank":24,"engagementSEI":1.4188248043907774,"engagementSEIadj":1.4188248043907774,"voiceSEI":26.25034539928157,"voiceSEIadj":26.25034539928157,"audienceSEI":5.269226852838883,"audienceSEIadj":5.269226852838883,"SEI":9.253321187702825,"SEIadj":9.253321187702825},"non_scoped":{"SEI":9.038014297922352,"SEIrank":9,"SEIadj":0,"audienceSEI":5.269226852838883,"audienceSEIadj":0,"audienceSEIrank":13,"audienceScore":0.9756154681813465,"combinedScore":0.5502849667166498,"combinedScoreRank":10,"engagementSEI":1.0599799880899885,"engagementSEIadj":0,"engagementSEIrank":12,"engagementScore":0.41747372965152485,"voiceSEI":26.25034539928157,"voiceSEIadj":0,"voiceSEIrank":9,"voiceScore":2.5155567324242023},"scoped":{"SEI":58.23704512928181,"SEIrank":3,"SEIadj":0,"audienceSEI":69.17180556933472,"audienceSEIadj":0,"audienceSEIrank":6,"audienceScore":2.818961325543612,"combinedScore":4.050027523945017,"combinedScoreRank":4,"engagementSEI":35.53310762058056,"engagementSEIadj":0,"engagementSEIrank":5,"engagementScore":4.048738326622678,"voiceSEI":100,"voiceSEIadj":0,"voiceSEIrank":1,"voiceScore":5.30429927414852}},"facebook":{"entityString":"536575feb08f37d80186a0c0","type":"facebook","profiles":1,"postsMade":306,"repliesMade":0,"repliesRcvd":6442,"sharesMade":0,"sharesRcvd":1350,"mentionsRcvd":0,"likesRcvd":20483,"reachRcvd":0,"audience":49085,"voice":306,"conversation":6748,"engagement":28275,"group_scoped":{"audienceScore":1.8992633945758879,"voiceScore":8.256880733944955,"engagementScore":1.0302355459137087,"combinedScore":1.43501919774838,"combinedScoreRank":24,"SEIrank":13,"engagementSEIrank":27,"voiceSEIrank":10,"audienceSEIrank":31,"engagementSEI":1.1779566503620524,"engagementSEIadj":1.1779566503620524,"voiceSEI":21.191135734072024,"voiceSEIadj":21.191135734072024,"audienceSEI":2.667523868319914,"audienceSEIadj":2.667523868319914,"SEI":7.330867097270829,"SEIadj":7.330867097270829},"non_scoped":{"SEI":6.6128965906385835,"SEIrank":9,"SEIadj":0,"audienceSEI":2.667523868319914,"audienceSEIadj":0,"audienceSEIrank":17,"audienceScore":0.5118272394071,"combinedScore":0.4455831445712217,"combinedScoreRank":10,"engagementSEI":0.8254729719274961,"engagementSEIadj":0,"engagementSEIrank":15,"engagementScore":0.3418868940213504,"voiceSEI":19.50286806883365,"voiceSEIadj":0,"voiceSEIrank":9,"voiceScore":2.245871559633027},"scoped":{"SEI":51.764327671787875,"SEIrank":3,"SEIadj":0,"audienceSEI":34.46956130926047,"audienceSEIadj":0,"audienceSEIrank":9,"audienceScore":2.109969449826057,"combinedScore":4.173728277045059,"combinedScoreRank":4,"engagementSEI":30.528952568103048,"engagementSEIadj":0,"engagementSEIrank":8,"engagementScore":4.172464831028087,"voiceSEI":100,"voiceSEIadj":0,"voiceSEIrank":1,"voiceScore":6.260229132569559}},"twitter":{"entityString":"536575feb08f37d80186a0c0","type":"twitter","profiles":1,"postsMade":644,"repliesMade":0,"repliesRcvd":0,"sharesMade":0,"sharesRcvd":2458,"mentionsRcvd":0,"likesRcvd":7679,"reachRcvd":0,"audience":83388,"voice":644,"conversation":644,"engagement":10137,"group_scoped":{"audienceScore":6.758407282623937,"voiceScore":11.838235294117647,"engagementScore":9.28432737397421,"combinedScore":9.285726765413868,"combinedScoreRank":16,"SEIrank":16,"engagementSEIrank":23,"voiceSEIrank":10,"audienceSEIrank":28,"engagementSEI":17.58888137004841,"engagementSEIadj":17.58888137004841,"voiceSEI":32.329317269076306,"voiceSEIadj":32.329317269076306,"audienceSEI":15.05002959904128,"audienceSEIadj":15.05002959904128,"SEI":21.757126962656063,"SEIadj":21.757126962656063},"non_scoped":{"SEI":21.757126962656063,"SEIrank":5,"SEIadj":0,"audienceSEI":15.05002959904128,"audienceSEIadj":0,"audienceSEIrank":8,"audienceScore":2.4356575498432367,"combinedScore":4.041470552479699,"combinedScoreRank":3,"engagementSEI":17.58888137004841,"engagementSEIadj":0,"engagementSEIrank":3,"engagementScore":4.2017085372980905,"voiceSEI":32.329317269076306,"voiceSEIadj":0,"voiceSEIrank":8,"voiceScore":2.762999828385104},"scoped":{"SEI":97.15389960793735,"SEIrank":1,"SEIadj":0,"audienceSEI":71.53899607937339,"audienceSEIadj":0,"audienceSEIrank":4,"audienceScore":3.8666993111276806,"combinedScore":8.12113080792354,"combinedScoreRank":1,"engagementSEI":100,"engagementSEIadj":0,"engagementSEIrank":1,"engagementScore":8.528951486697965,"voiceSEI":100,"voiceSEIadj":0,"voiceSEIrank":1,"voiceScore":5.034790086779767}},"instagram":{"entityString":"536575feb08f37d80186a0c0","type":"instagram","profiles":0,"postsMade":0,"repliesMade":0,"repliesRcvd":0,"sharesMade":0,"sharesRcvd":0,"mentionsRcvd":0,"likesRcvd":0,"reachRcvd":0,"audience":0,"voice":0,"conversation":0,"engagement":0,"group_scoped":{"audienceScore":0,"voiceScore":0,"engagementScore":0,"combinedScore":0,"combinedScoreRank":191,"SEIrank":173,"engagementSEIrank":173,"voiceSEIrank":173,"audienceSEIrank":173,"engagementSEI":0,"engagementSEIadj":0,"voiceSEI":0,"voiceSEIadj":0,"audienceSEI":0,"audienceSEIadj":0,"SEI":0,"SEIadj":0},"non_scoped":{"SEI":0,"SEIrank":173,"SEIadj":0,"audienceSEI":0,"audienceSEIadj":0,"audienceSEIrank":173,"audienceScore":0,"combinedScore":0,"combinedScoreRank":173,"engagementSEI":0,"engagementSEIadj":0,"engagementSEIrank":173,"engagementScore":0,"voiceSEI":0,"voiceSEIadj":0,"voiceSEIrank":173,"voiceScore":0},"scoped":{"SEI":0,"SEIrank":154,"SEIadj":0,"audienceSEI":0,"audienceSEIadj":0,"audienceSEIrank":154,"audienceScore":0,"combinedScore":0,"combinedScoreRank":154,"engagementSEI":0,"engagementSEIadj":0,"engagementSEIrank":154,"engagementScore":0,"voiceSEI":0,"voiceSEIadj":0,"voiceSEIrank":154,"voiceScore":0}}},"quarter":{"boundaryQuantum":4958502,"combined":{"entityString":"536575feb08f37d80186a0c0","type":"combined","profiles":2,"postsMade":2569,"repliesMade":0,"repliesRcvd":31702,"sharesMade":0,"sharesRcvd":15216,"mentionsRcvd":0,"likesRcvd":86309,"reachRcvd":0,"audience":132473,"voice":2569,"conversation":34271,"engagement":133227,"group_scoped":{"audienceScore":3.363809309062248,"voiceScore":9.108637072755638,"engagementScore":1.3839116312585549,"combinedScore":1.869142787223594,"combinedScoreRank":18,"SEIrank":12,"engagementSEIrank":21,"voiceSEIrank":9,"audienceSEIrank":24,"engagementSEI":1.570381071454714,"engagementSEIadj":1.570381071454714,"voiceSEI":23.991408292865145,"voiceSEIadj":23.991408292865145,"audienceSEI":5.269226852838883,"audienceSEIadj":5.269226852838883,"SEI":8.66657381601626,"SEIadj":8.66657381601626},"non_scoped":{"SEI":8.421642507219515,"SEIrank":9,"SEIadj":0,"audienceSEI":5.269226852838883,"audienceSEIadj":0,"audienceSEIrank":13,"audienceScore":0.9756154681813465,"combinedScore":0.5681216229423192,"combinedScoreRank":9,"engagementSEI":1.1621622234601374,"engagementSEIadj":0,"engagementSEIrank":9,"engagementScore":0.4500909121007351,"voiceSEI":23.991408292865145,"voiceSEIadj":0,"voiceSEIrank":9,"voiceScore":2.285180572851806},"scoped":{"SEI":53.09273637780001,"SEIrank":2,"SEIadj":0,"audienceSEI":69.17180556933472,"audienceSEIadj":0,"audienceSEIrank":6,"audienceScore":2.818961325543612,"combinedScore":4.339022761825358,"combinedScoreRank":3,"engagementSEI":26.959259701444218,"engagementSEIadj":0,"engagementSEIrank":3,"engagementScore":4.3975373500370685,"voiceSEI":100,"voiceSEIadj":0,"voiceSEIrank":1,"voiceScore":4.805821610296319}},"facebook":{"entityString":"536575feb08f37d80186a0c0","type":"facebook","profiles":1,"postsMade":782,"repliesMade":0,"repliesRcvd":31702,"sharesMade":0,"sharesRcvd":6824,"mentionsRcvd":0,"likesRcvd":62915,"reachRcvd":0,"audience":49085,"voice":782,"conversation":32484,"engagement":101441,"group_scoped":{"audienceScore":1.8992633945758879,"voiceScore":6.93631364200816,"engagementScore":1.1943240497452725,"combinedScore":1.5166704965999478,"combinedScoreRank":19,"SEIrank":15,"engagementSEIrank":20,"voiceSEIrank":12,"audienceSEIrank":31,"engagementSEI":1.347244809260623,"engagementSEIadj":1.347244809260623,"voiceSEI":18.82069795427196,"voiceSEIadj":18.82069795427196,"audienceSEI":2.667523868319914,"audienceSEIadj":2.667523868319914,"SEI":6.721308658669953,"SEIadj":6.721308658669953},"non_scoped":{"SEI":5.7418792871760855,"SEIrank":9,"SEIadj":0,"audienceSEI":2.667523868319914,"audienceSEIadj":0,"audienceSEIrank":17,"audienceScore":0.5118272394071,"combinedScore":0.4650354273686053,"combinedScoreRank":9,"engagementSEI":0.9160995963114711,"engagementSEIadj":0,"engagementSEIrank":9,"engagementScore":0.38124407389101783,"voiceSEI":16.41822380852404,"voiceSEIadj":0,"voiceSEIrank":11,"voiceScore":1.926487977926685},"scoped":{"SEI":83.81320468584173,"SEIrank":1,"SEIadj":0,"audienceSEI":34.46956130926047,"audienceSEIadj":0,"audienceSEIrank":9,"audienceScore":2.109969449826057,"combinedScore":4.9585776171911915,"combinedScoreRank":2,"engagementSEI":86.26082076225786,"engagementSEIadj":0,"engagementSEIrank":2,"engagementScore":5.095801530935691,"voiceSEI":95.36585365853658,"voiceSEIadj":0,"voiceSEIrank":3,"voiceScore":5.3371553371553375}},"twitter":{"entityString":"536575feb08f37d80186a0c0","type":"twitter","profiles":1,"postsMade":1787,"repliesMade":0,"repliesRcvd":0,"sharesMade":0,"sharesRcvd":8392,"mentionsRcvd":0,"likesRcvd":23394,"reachRcvd":0,"audience":83388,"voice":1787,"conversation":1787,"engagement":31786,"group_scoped":{"audienceScore":6.758407282623937,"voiceScore":10.90631675312786,"engagementScore":8.15230493816395,"combinedScore":8.220310646135145,"combinedScoreRank":17,"SEIrank":24,"engagementSEIrank":28,"voiceSEIrank":12,"audienceSEIrank":28,"engagementSEI":15.07359915019538,"engagementSEIadj":15.07359915019538,"voiceSEI":29.743675099866845,"voiceSEIadj":29.743675099866845,"audienceSEI":15.05002959904128,"audienceSEIadj":15.05002959904128,"SEI":19.472264979981407,"SEIadj":19.472264979981407},"non_scoped":{"SEI":19.472264979981407,"SEIrank":5,"SEIadj":0,"audienceSEI":15.05002959904128,"audienceSEIadj":0,"audienceSEIrank":8,"audienceScore":2.4356575498432367,"combinedScore":3.6921801242554504,"combinedScoreRank":4,"engagementSEI":15.07359915019538,"engagementSEIadj":0,"engagementSEIrank":4,"engagementScore":3.824477813071518,"voiceSEI":29.743675099866845,"voiceSEIadj":0,"voiceSEIrank":8,"voiceScore":2.56734429997845},"scoped":{"SEI":97.15389960793735,"SEIrank":1,"SEIadj":0,"audienceSEI":71.53899607937339,"audienceSEIadj":0,"audienceSEIrank":4,"audienceScore":3.8666993111276806,"combinedScore":7.563564859132337,"combinedScoreRank":1,"engagementSEI":100,"engagementSEIadj":0,"engagementSEIrank":1,"engagementScore":7.929016518576539,"voiceSEI":100,"voiceSEIadj":0,"voiceSEIrank":1,"voiceScore":4.68230053714136}},"instagram":{"entityString":"536575feb08f37d80186a0c0","type":"instagram","profiles":0,"postsMade":0,"repliesMade":0,"repliesRcvd":0,"sharesMade":0,"sharesRcvd":0,"mentionsRcvd":0,"likesRcvd":0,"reachRcvd":0,"audience":0,"voice":0,"conversation":0,"engagement":0,"group_scoped":{"audienceScore":0,"voiceScore":0,"engagementScore":0,"combinedScore":0,"combinedScoreRank":191,"SEIrank":173,"engagementSEIrank":173,"voiceSEIrank":173,"audienceSEIrank":173,"engagementSEI":0,"engagementSEIadj":0,"voiceSEI":0,"voiceSEIadj":0,"audienceSEI":0,"audienceSEIadj":0,"SEI":0,"SEIadj":0},"non_scoped":{"SEI":0,"SEIrank":173,"SEIadj":0,"audienceSEI":0,"audienceSEIadj":0,"audienceSEIrank":173,"audienceScore":0,"combinedScore":0,"combinedScoreRank":173,"engagementSEI":0,"engagementSEIadj":0,"engagementSEIrank":173,"engagementScore":0,"voiceSEI":0,"voiceSEIadj":0,"voiceSEIrank":173,"voiceScore":0},"scoped":{"SEI":0,"SEIrank":154,"SEIadj":0,"audienceSEI":0,"audienceSEIadj":0,"audienceSEIrank":154,"audienceScore":0,"combinedScore":0,"combinedScoreRank":154,"engagementSEI":0,"engagementSEIadj":0,"engagementSEIrank":154,"engagementScore":0,"voiceSEI":0,"voiceSEIadj":0,"voiceSEIrank":154,"voiceScore":0}}},"blended":{"combined":{"non_scoped":{"SEI":8.720620955616717,"SEIadj":72.61618628668502,"SEIrank":9,"audienceSEI":5.269226852838883,"audienceSEIadj":71.58076805585166,"audienceSEIrank":13,"engagementSEI":1.020739485766532,"engagementSEIadj":70.30622184572997,"engagementSEIrank":10,"voiceSEI":25.27084859624303,"voiceSEIadj":77.58125457887292,"voiceSEIrank":9},"scoped":{"SEI":52.549869584007546,"SEIadj":85.76496087520226,"SEIrank":2,"compCharisma":3,"compInfluence":9,"compEva":40.549869584007546,"audienceSEI":69.17180556933472,"audienceSEIadj":90.75154167080042,"audienceSEIrank":6,"engagementSEI":27.396518334951985,"engagementSEIadj":78.21895550048559,"engagementSEIrank":4,"voiceSEI":98,"voiceSEIadj":98,"voiceSEIrank":1}},"facebook":{"non_scoped":{"SEI":6.486537280485604,"SEIadj":71.94596118414569,"SEIrank":9,"audienceSEI":2.667523868319914,"audienceSEIadj":70.80025716049597,"audienceSEIrank":17,"engagementSEI":0.7855315204047458,"engagementSEIadj":70.23565945612143,"engagementSEIrank":13,"voiceSEI":19.16155327136922,"voiceSEIadj":75.74846598141076,"voiceSEIrank":9},"scoped":{"SEI":69.5063353088012,"SEIadj":90.85190059264036,"SEIrank":2,"audienceSEI":34.46956130926047,"audienceSEIadj":80.34086839277813,"audienceSEIrank":9,"engagementSEI":61.768865518188086,"engagementSEIadj":88.53065965545642,"engagementSEIrank":5,"voiceSEI":96.66019955654102,"voiceSEIadj":98,"voiceSEIrank":1}},"twitter":{"non_scoped":{"SEI":20.101037785142736,"SEIadj":76.03031133554282,"SEIrank":5,"audienceSEI":15.05002959904128,"audienceSEIadj":74.51500887971238,"audienceSEIrank":8,"engagementSEI":15.992698753490414,"engagementSEIadj":74.79780962604713,"engagementSEIrank":3,"voiceSEI":30.001385243814536,"voiceSEIadj":79.00041557314437,"voiceSEIrank":8},"scoped":{"SEI":93.61195095353516,"SEIadj":98,"SEIrank":1,"audienceSEI":71.53899607937339,"audienceSEIadj":91.46169882381201,"audienceSEIrank":4,"engagementSEI":97.27695167286245,"engagementSEIadj":98,"engagementSEIrank":1,"voiceSEI":93.63960113960114,"voiceSEIadj":98,"voiceSEIrank":1}},"instagram":{"non_scoped":{"SEI":0,"SEIadj":0,"SEIrank":173,"audienceSEI":0,"audienceSEIadj":0,"audienceSEIrank":173,"engagementSEI":0,"engagementSEIadj":0,"engagementSEIrank":173,"voiceSEI":0,"voiceSEIadj":0,"voiceSEIrank":173},"scoped":{"SEI":0,"SEIadj":0,"SEIrank":154,"audienceSEI":0,"audienceSEIadj":0,"audienceSEIrank":154,"engagementSEI":0,"engagementSEIadj":0,"engagementSEIrank":154,"voiceSEI":0,"voiceSEIadj":0,"voiceSEIrank":154}},"influence":{"instagram":{"scope":"individual","ratio":0,"calculated":false},"combined":{"ratio":1.77,"bottom":false,"scope":"individual","calculated":true},"facebook":{"ratio":2,"bottom":false,"scope":"individual","calculated":true},"twitter":{"ratio":2,"bottom":false,"scope":"individual","calculated":true}},"charisma":{"instagram":{"scope":"individual","ratio":0,"calculated":false},"combined":{"ratio":0.98,"bottom":false,"scope":"individual","calculated":true},"facebook":{"ratio":1.28,"bottom":false,"scope":"individual","calculated":true},"twitter":{"ratio":1.16,"bottom":false,"scope":"individual","calculated":true}}},"scope":"individual"}}