{"scoreEntityString":"591d1494ab33fb0001804f89.asset.536575feb08f37d80186a08c","timeQuantum":4984422,"scoreEntityType":"asset","scoreProfileID":"591d1494ab33fb0001804f89","data":{"scoreEntityString":"591d1494ab33fb0001804f89.asset.536575feb08f37d80186a08c","scoreProfileID":"591d1494ab33fb0001804f89","scoreEntityType":"asset","entityID":"asset.536575feb08f37d80186a08c","object_version":"1.2","score_engine_version":"3.0.19","timestamp":4984422,"start_quantum":4958502,"end_quantum":4984421,"schedule_options":{"interval":15,"offset":"1"},"_15min":{"boundaryQuantum":4984419,"combined":{"entityString":"536575feb08f37d80186a08c","type":"combined","profiles":2,"postsMade":0,"repliesMade":0,"repliesRcvd":0,"sharesMade":0,"sharesRcvd":0,"mentionsRcvd":0,"likesRcvd":0,"reachRcvd":0,"audience":32775,"voice":0,"conversation":0,"engagement":0,"group_scoped":{"audienceScore":2.3420383558354807,"voiceScore":0,"engagementScore":0,"combinedScore":2.3420383558354807,"engagementSEI":0,"engagementSEIadj":0,"voiceSEI":0,"voiceSEIadj":0,"audienceSEI":3.3876669285153183,"audienceSEIadj":3.3876669285153183,"SEI":0.3387666928515318,"SEIadj":0.3387666928515318,"combinedScoreRank":31,"SEIrank":42,"engagementSEIrank":223,"voiceSEIrank":223,"audienceSEIrank":41},"non_scoped":{"SEI":0.1303653650946188,"SEIrank":49,"SEIadj":0,"audienceSEI":1.303653650946188,"audienceSEIadj":0,"audienceSEIrank":49,"audienceScore":0.24137595562600403,"combinedScore":0.012068797781300203,"combinedScoreRank":49,"engagementSEI":0,"engagementSEIadj":0,"engagementSEIrank":223,"engagementScore":0,"voiceSEI":0,"voiceSEIadj":0,"voiceSEIrank":223,"voiceScore":0},"scoped":{"SEI":1.7113720739584257,"SEIrank":38,"SEIadj":0,"audienceSEI":17.113720739584256,"audienceSEIadj":0,"audienceSEIrank":38,"audienceScore":0.6974361375124885,"combinedScore":0.09963373393035549,"combinedScoreRank":38,"engagementSEI":0,"engagementSEIadj":0,"engagementSEIrank":200,"engagementScore":0,"voiceSEI":0,"voiceSEIadj":0,"voiceSEIrank":200,"voiceScore":0}},"facebook":{"entityString":"536575feb08f37d80186a08c","type":"facebook","profiles":1,"postsMade":0,"repliesMade":0,"repliesRcvd":0,"sharesMade":0,"sharesRcvd":0,"mentionsRcvd":0,"likesRcvd":0,"reachRcvd":0,"audience":17113,"voice":0,"conversation":0,"engagement":0,"group_scoped":{"audienceScore":1.6178512915488468,"voiceScore":0,"engagementScore":0,"combinedScore":1.6178512915488468,"engagementSEI":0,"engagementSEIadj":0,"voiceSEI":0,"voiceSEIadj":0,"audienceSEI":2.0381232544706394,"audienceSEIadj":2.0381232544706394,"SEI":0.20381232544706396,"SEIadj":0.20381232544706396,"combinedScoreRank":37,"SEIrank":44,"engagementSEIrank":223,"voiceSEIrank":223,"audienceSEIrank":44},"non_scoped":{"SEI":0.09300058257830027,"SEIrank":49,"SEIadj":0,"audienceSEI":0.9300058257830026,"audienceSEIadj":0,"audienceSEIrank":49,"audienceScore":0.1784435071401386,"combinedScore":0.00892217535700693,"combinedScoreRank":49,"engagementSEI":0,"engagementSEIadj":0,"engagementSEIrank":223,"engagementScore":0,"voiceSEI":0,"voiceSEIadj":0,"voiceSEIrank":223,"voiceScore":0},"scoped":{"SEI":1.2017471787417224,"SEIrank":39,"SEIadj":0,"audienceSEI":12.017471787417223,"audienceSEIadj":0,"audienceSEIrank":39,"audienceScore":0.7356199897091436,"combinedScore":0.10508856995844908,"combinedScoreRank":39,"engagementSEI":0,"engagementSEIadj":0,"engagementSEIrank":200,"engagementScore":0,"voiceSEI":0,"voiceSEIadj":0,"voiceSEIrank":200,"voiceScore":0}},"twitter":{"entityString":"536575feb08f37d80186a08c","type":"twitter","profiles":1,"postsMade":0,"repliesMade":0,"repliesRcvd":0,"sharesMade":0,"sharesRcvd":0,"mentionsRcvd":0,"likesRcvd":0,"reachRcvd":0,"audience":15662,"voice":0,"conversation":0,"engagement":0,"group_scoped":{"audienceScore":4.606280917844559,"voiceScore":0,"engagementScore":0,"combinedScore":4.606280917844559,"engagementSEI":0,"engagementSEIadj":0,"voiceSEI":0,"voiceSEIadj":0,"audienceSEI":12.411639775572954,"audienceSEIadj":12.411639775572954,"SEI":1.2411639775572956,"SEIadj":1.2411639775572956,"combinedScoreRank":30,"SEIrank":39,"engagementSEIrank":222,"voiceSEIrank":222,"audienceSEIrank":38},"non_scoped":{"SEI":0.2826708442224115,"SEIrank":41,"SEIadj":0,"audienceSEI":2.826708442224115,"audienceSEIadj":0,"audienceSEIrank":41,"audienceScore":0.45746712411431834,"combinedScore":0.022873356205715917,"combinedScoreRank":41,"engagementSEI":0,"engagementSEIadj":0,"engagementSEIrank":222,"engagementScore":0,"voiceSEI":0,"voiceSEIadj":0,"voiceSEIrank":222,"voiceScore":0},"scoped":{"SEI":1.3436510728104114,"SEIrank":31,"SEIadj":0,"audienceSEI":13.436510728104114,"audienceSEIadj":0,"audienceSEIrank":31,"audienceScore":0.7262465176150253,"combinedScore":0.10374950251643218,"combinedScoreRank":31,"engagementSEI":0,"engagementSEIadj":0,"engagementSEIrank":200,"engagementScore":0,"voiceSEI":0,"voiceSEIadj":0,"voiceSEIrank":200,"voiceScore":0}},"instagram":{"entityString":"536575feb08f37d80186a08c","type":"instagram","profiles":0,"postsMade":0,"repliesMade":0,"repliesRcvd":0,"sharesMade":0,"sharesRcvd":0,"mentionsRcvd":0,"likesRcvd":0,"reachRcvd":0,"audience":0,"voice":0,"conversation":0,"engagement":0,"group_scoped":{"audienceScore":0,"voiceScore":0,"engagementScore":0,"combinedScore":0,"engagementSEI":0,"engagementSEIadj":0,"voiceSEI":0,"voiceSEIadj":0,"audienceSEI":0,"audienceSEIadj":0,"SEI":0,"SEIadj":0,"combinedScoreRank":223,"SEIrank":223,"engagementSEIrank":222,"voiceSEIrank":222,"audienceSEIrank":223},"non_scoped":{"SEI":0,"SEIrank":223,"SEIadj":0,"audienceSEI":0,"audienceSEIadj":0,"audienceSEIrank":223,"audienceScore":0,"combinedScore":0,"combinedScoreRank":223,"engagementSEI":0,"engagementSEIadj":0,"engagementSEIrank":222,"engagementScore":0,"voiceSEI":0,"voiceSEIadj":0,"voiceSEIrank":222,"voiceScore":0},"scoped":{"SEI":0,"SEIrank":200,"SEIadj":0,"audienceSEI":0,"audienceSEIadj":0,"audienceSEIrank":200,"audienceScore":0,"combinedScore":0,"combinedScoreRank":200,"engagementSEI":0,"engagementSEIadj":0,"engagementSEIrank":200,"engagementScore":0,"voiceSEI":0,"voiceSEIadj":0,"voiceSEIrank":200,"voiceScore":0}}},"hour":{"boundaryQuantum":4984410,"combined":{"entityString":"536575feb08f37d80186a08c","type":"combined","profiles":2,"postsMade":0,"repliesMade":0,"repliesRcvd":0,"sharesMade":0,"sharesRcvd":0,"mentionsRcvd":0,"likesRcvd":5,"reachRcvd":0,"audience":32775,"voice":0,"conversation":0,"engagement":5,"group_scoped":{"audienceScore":2.3420383558354807,"voiceScore":0,"engagementScore":0.5197505197505198,"combinedScore":0.7800773534769427,"combinedScoreRank":71,"SEIrank":36,"engagementSEIrank":26,"voiceSEIrank":223,"audienceSEIrank":41,"engagementSEI":0.5313496280552604,"engagementSEIadj":0.5313496280552604,"voiceSEI":0,"voiceSEIadj":0,"audienceSEI":3.3876669285153183,"audienceSEIadj":3.3876669285153183,"SEI":0.6575764696846881,"SEIadj":0.6575764696846881},"non_scoped":{"SEI":0.175288994923909,"SEIrank":52,"SEIadj":0,"audienceSEI":1.303653650946188,"audienceSEIadj":0,"audienceSEIrank":49,"audienceScore":0.24137595562600403,"combinedScore":0.04377233448695048,"combinedScoreRank":36,"engagementSEI":0.07487271638215034,"engagementSEIadj":0,"engagementSEIrank":25,"engagementScore":0.03522615189516697,"voiceSEI":0,"voiceSEIadj":0,"voiceSEIrank":223,"voiceScore":0},"scoped":{"SEI":1.9601282928638983,"SEIrank":43,"SEIadj":0,"audienceSEI":17.113720739584256,"audienceSEIadj":0,"audienceSEIrank":38,"audienceScore":0.6974361375124885,"combinedScore":0.30595614422502204,"combinedScoreRank":23,"engagementSEI":0.41459369817578773,"engagementSEIadj":0,"engagementSEIrank":18,"engagementScore":0.30120481927710846,"voiceSEI":0,"voiceSEIadj":0,"voiceSEIrank":200,"voiceScore":0}},"facebook":{"entityString":"536575feb08f37d80186a08c","type":"facebook","profiles":1,"postsMade":0,"repliesMade":0,"repliesRcvd":0,"sharesMade":0,"sharesRcvd":0,"mentionsRcvd":0,"likesRcvd":5,"reachRcvd":0,"audience":17113,"voice":0,"conversation":0,"engagement":5,"group_scoped":{"audienceScore":1.6178512915488468,"voiceScore":0,"engagementScore":0.5246589716684155,"combinedScore":0.6808293030799056,"combinedScoreRank":63,"SEIrank":30,"engagementSEIrank":21,"voiceSEIrank":223,"audienceSEIrank":44,"engagementSEI":0.5359056806002144,"engagementSEIadj":0.5359056806002144,"voiceSEI":0,"voiceSEIadj":0,"audienceSEI":2.0381232544706394,"audienceSEIadj":2.0381232544706394,"SEI":0.5253557338071926,"SEIadj":0.5253557338071926},"non_scoped":{"SEI":0.13979515440796803,"SEIrank":41,"SEIadj":0,"audienceSEI":0.9300058257830026,"audienceSEIadj":0,"audienceSEIrank":49,"audienceScore":0.1784435071401386,"combinedScore":0.04600193804652571,"combinedScoreRank":26,"engagementSEI":0.07799095304944627,"engagementSEIadj":0,"engagementSEIrank":22,"engagementScore":0.04119973632168754,"voiceSEI":0,"voiceSEIadj":0,"voiceSEIrank":223,"voiceScore":0},"scoped":{"SEI":5.255801232795777,"SEIrank":19,"SEIadj":0,"audienceSEI":12.017471787417223,"audienceSEIadj":0,"audienceSEIrank":39,"audienceScore":0.7356199897091436,"combinedScore":1.2833183956073406,"combinedScoreRank":14,"engagementSEI":6.756756756756757,"engagementSEIadj":0,"engagementSEIrank":15,"engagementScore":1.3850415512465373,"voiceSEI":0,"voiceSEIadj":0,"voiceSEIrank":200,"voiceScore":0}},"twitter":{"entityString":"536575feb08f37d80186a08c","type":"twitter","profiles":1,"postsMade":0,"repliesMade":0,"repliesRcvd":0,"sharesMade":0,"sharesRcvd":0,"mentionsRcvd":0,"likesRcvd":0,"reachRcvd":0,"audience":15662,"voice":0,"conversation":0,"engagement":0,"group_scoped":{"audienceScore":4.606280917844559,"voiceScore":0,"engagementScore":0,"combinedScore":4.606280917844559,"combinedScoreRank":42,"SEIrank":61,"engagementSEIrank":223,"voiceSEIrank":223,"audienceSEIrank":38,"engagementSEI":0,"engagementSEIadj":0,"voiceSEI":0,"voiceSEIadj":0,"audienceSEI":12.411639775572954,"audienceSEIadj":12.411639775572954,"SEI":1.2411639775572956,"SEIadj":1.2411639775572956},"non_scoped":{"SEI":0.2826708442224115,"SEIrank":59,"SEIadj":0,"audienceSEI":2.826708442224115,"audienceSEIadj":0,"audienceSEIrank":41,"audienceScore":0.45746712411431834,"combinedScore":0.022873356205715917,"combinedScoreRank":59,"engagementSEI":0,"engagementSEIadj":0,"engagementSEIrank":223,"engagementScore":0,"voiceSEI":0,"voiceSEIadj":0,"voiceSEIrank":223,"voiceScore":0},"scoped":{"SEI":1.3436510728104114,"SEIrank":49,"SEIadj":0,"audienceSEI":13.436510728104114,"audienceSEIadj":0,"audienceSEIrank":31,"audienceScore":0.7262465176150253,"combinedScore":0.03631232588075127,"combinedScoreRank":49,"engagementSEI":0,"engagementSEIadj":0,"engagementSEIrank":200,"engagementScore":0,"voiceSEI":0,"voiceSEIadj":0,"voiceSEIrank":200,"voiceScore":0}},"instagram":{"entityString":"536575feb08f37d80186a08c","type":"instagram","profiles":0,"postsMade":0,"repliesMade":0,"repliesRcvd":0,"sharesMade":0,"sharesRcvd":0,"mentionsRcvd":0,"likesRcvd":0,"reachRcvd":0,"audience":0,"voice":0,"conversation":0,"engagement":0,"group_scoped":{"audienceScore":0,"voiceScore":0,"engagementScore":0,"combinedScore":0,"combinedScoreRank":223,"SEIrank":223,"engagementSEIrank":222,"voiceSEIrank":222,"audienceSEIrank":223,"engagementSEI":0,"engagementSEIadj":0,"voiceSEI":0,"voiceSEIadj":0,"audienceSEI":0,"audienceSEIadj":0,"SEI":0,"SEIadj":0},"non_scoped":{"SEI":0,"SEIrank":223,"SEIadj":0,"audienceSEI":0,"audienceSEIadj":0,"audienceSEIrank":223,"audienceScore":0,"combinedScore":0,"combinedScoreRank":223,"engagementSEI":0,"engagementSEIadj":0,"engagementSEIrank":222,"engagementScore":0,"voiceSEI":0,"voiceSEIadj":0,"voiceSEIrank":222,"voiceScore":0},"scoped":{"SEI":0,"SEIrank":200,"SEIadj":0,"audienceSEI":0,"audienceSEIadj":0,"audienceSEIrank":200,"audienceScore":0,"combinedScore":0,"combinedScoreRank":200,"engagementSEI":0,"engagementSEIadj":0,"engagementSEIrank":200,"engagementScore":0,"voiceSEI":0,"voiceSEIadj":0,"voiceSEIrank":200,"voiceScore":0}}},"today":{"boundaryQuantum":4984134,"combined":{"entityString":"536575feb08f37d80186a08c","type":"combined","profiles":2,"postsMade":1,"repliesMade":0,"repliesRcvd":16,"sharesMade":0,"sharesRcvd":0,"mentionsRcvd":0,"likesRcvd":125,"reachRcvd":0,"audience":32775,"voice":1,"conversation":17,"engagement":141,"group_scoped":{"audienceScore":2.3420383558354807,"voiceScore":1.3333333333333335,"engagementScore":1.2899094318909523,"combinedScore":1.3446870731602978,"combinedScoreRank":26,"SEIrank":53,"engagementSEIrank":24,"voiceSEIrank":92,"audienceSEIrank":41,"engagementSEI":1.4581178903826268,"engagementSEIadj":1.4581178903826268,"voiceSEI":1.7241379310344827,"voiceSEIadj":1.7241379310344827,"audienceSEI":3.3876669285153183,"audienceSEIadj":3.3876669285153183,"SEI":1.7308788063914526,"SEIadj":1.7308788063914526},"non_scoped":{"SEI":0.5033552197863266,"SEIrank":79,"SEIadj":0,"audienceSEI":1.303653650946188,"audienceSEIadj":0,"audienceSEIrank":49,"audienceScore":0.24137595562600403,"combinedScore":0.052077639618742046,"combinedScoreRank":51,"engagementSEI":0.07219920836896355,"engagementSEIadj":0,"engagementSEIrank":38,"engagementScore":0.0376208670409187,"voiceSEI":1.098901098901099,"voiceSEIadj":0,"voiceSEIrank":106,"voiceScore":0.12300123001230012},"scoped":{"SEI":3.22164359586577,"SEIrank":65,"SEIadj":0,"audienceSEI":17.113720739584256,"audienceSEIadj":0,"audienceSEIrank":38,"audienceScore":0.6974361375124885,"combinedScore":0.3871588869489727,"combinedScoreRank":32,"engagementSEI":0.7929812721444239,"engagementSEIadj":0,"engagementSEIrank":30,"engagementScore":0.37692472198460225,"voiceSEI":3.4482758620689653,"voiceSEIadj":0,"voiceSEIrank":95,"voiceScore":0.26109660574412535}},"facebook":{"entityString":"536575feb08f37d80186a08c","type":"facebook","profiles":1,"postsMade":1,"repliesMade":0,"repliesRcvd":16,"sharesMade":0,"sharesRcvd":0,"mentionsRcvd":0,"likesRcvd":124,"reachRcvd":0,"audience":17113,"voice":1,"conversation":17,"engagement":140,"group_scoped":{"audienceScore":1.6178512915488468,"voiceScore":2.941176470588235,"engagementScore":1.338432122370937,"combinedScore":1.4325402982406974,"combinedScoreRank":26,"SEIrank":32,"engagementSEIrank":21,"voiceSEIrank":43,"audienceSEIrank":44,"engagementSEI":1.489995742869306,"engagementSEIadj":1.489995742869306,"voiceSEI":3.225806451612903,"voiceSEIadj":3.225806451612903,"audienceSEI":2.0381232544706394,"audienceSEIadj":2.0381232544706394,"SEI":2.0655517066525184,"SEIadj":2.0655517066525184},"non_scoped":{"SEI":0.9069569284495397,"SEIrank":34,"SEIadj":0,"audienceSEI":0.9300058257830026,"audienceSEIadj":0,"audienceSEIrank":49,"audienceScore":0.1784435071401386,"combinedScore":0.06362407262995753,"combinedScoreRank":37,"engagementSEI":0.0745426277341171,"engagementSEIadj":0,"engagementSEIrank":32,"engagementScore":0.04188343839095796,"voiceSEI":2.564102564102564,"voiceSEIadj":0,"voiceSEIrank":53,"voiceScore":0.3401360544217687},"scoped":{"SEI":6.096273974636819,"SEIrank":30,"SEIadj":0,"audienceSEI":12.017471787417223,"audienceSEIadj":0,"audienceSEIrank":39,"audienceScore":0.7356199897091436,"combinedScore":0.9322573282684953,"combinedScoreRank":25,"engagementSEI":3.990877993158495,"engagementSEIadj":0,"engagementSEIrank":24,"engagementScore":0.931842385516507,"voiceSEI":8.333333333333332,"voiceSEIadj":0,"voiceSEIrank":45,"voiceScore":1.1363636363636365}},"twitter":{"entityString":"536575feb08f37d80186a08c","type":"twitter","profiles":1,"postsMade":0,"repliesMade":0,"repliesRcvd":0,"sharesMade":0,"sharesRcvd":0,"mentionsRcvd":0,"likesRcvd":1,"reachRcvd":0,"audience":15662,"voice":0,"conversation":0,"engagement":1,"group_scoped":{"audienceScore":4.606280917844559,"voiceScore":0,"engagementScore":0.2808988764044944,"combinedScore":0.8988105966102179,"combinedScoreRank":140,"SEIrank":108,"engagementSEIrank":111,"voiceSEIrank":223,"audienceSEIrank":38,"engagementSEI":0.628930817610063,"engagementSEIadj":0.628930817610063,"voiceSEI":0,"voiceSEIadj":0,"audienceSEI":12.411639775572954,"audienceSEIadj":12.411639775572954,"SEI":1.6185224681233334,"SEIadj":1.6185224681233334},"non_scoped":{"SEI":0.32050186565999034,"SEIrank":114,"SEIadj":0,"audienceSEI":2.826708442224115,"audienceSEIadj":0,"audienceSEIrank":41,"audienceScore":0.45746712411431834,"combinedScore":0.037118370450730166,"combinedScoreRank":115,"engagementSEI":0.06305170239596469,"engagementSEIadj":0,"engagementSEIrank":130,"engagementScore":0.015827793605571384,"voiceSEI":0,"voiceSEIadj":0,"voiceSEIrank":223,"voiceScore":0},"scoped":{"SEI":1.4551752363791846,"SEIrank":95,"SEIadj":0,"audienceSEI":13.436510728104114,"audienceSEIadj":0,"audienceSEIrank":31,"audienceScore":0.7262465176150253,"combinedScore":0.06134709639535489,"combinedScoreRank":104,"engagementSEI":0.18587360594795538,"engagementSEIadj":0,"engagementSEIrank":119,"engagementScore":0.027816411682892908,"voiceSEI":0,"voiceSEIadj":0,"voiceSEIrank":200,"voiceScore":0}},"instagram":{"entityString":"536575feb08f37d80186a08c","type":"instagram","profiles":0,"postsMade":0,"repliesMade":0,"repliesRcvd":0,"sharesMade":0,"sharesRcvd":0,"mentionsRcvd":0,"likesRcvd":0,"reachRcvd":0,"audience":0,"voice":0,"conversation":0,"engagement":0,"group_scoped":{"audienceScore":0,"voiceScore":0,"engagementScore":0,"combinedScore":0,"combinedScoreRank":223,"SEIrank":223,"engagementSEIrank":223,"voiceSEIrank":223,"audienceSEIrank":223,"engagementSEI":0,"engagementSEIadj":0,"voiceSEI":0,"voiceSEIadj":0,"audienceSEI":0,"audienceSEIadj":0,"SEI":0,"SEIadj":0},"non_scoped":{"SEI":0,"SEIrank":223,"SEIadj":0,"audienceSEI":0,"audienceSEIadj":0,"audienceSEIrank":223,"audienceScore":0,"combinedScore":0,"combinedScoreRank":223,"engagementSEI":0,"engagementSEIadj":0,"engagementSEIrank":223,"engagementScore":0,"voiceSEI":0,"voiceSEIadj":0,"voiceSEIrank":223,"voiceScore":0},"scoped":{"SEI":0,"SEIrank":200,"SEIadj":0,"audienceSEI":0,"audienceSEIadj":0,"audienceSEIrank":200,"audienceScore":0,"combinedScore":0,"combinedScoreRank":200,"engagementSEI":0,"engagementSEIadj":0,"engagementSEIrank":200,"engagementScore":0,"voiceSEI":0,"voiceSEIadj":0,"voiceSEIrank":200,"voiceScore":0}}},"week":{"boundaryQuantum":4982406,"combined":{"entityString":"536575feb08f37d80186a08c","type":"combined","profiles":2,"postsMade":10,"repliesMade":0,"repliesRcvd":687,"sharesMade":0,"sharesRcvd":37,"mentionsRcvd":0,"likesRcvd":2436,"reachRcvd":0,"audience":32775,"voice":10,"conversation":697,"engagement":3160,"group_scoped":{"audienceScore":2.3420383558354807,"voiceScore":0.9328358208955223,"engagementScore":2.837286979007668,"combinedScore":2.717301989943451,"combinedScoreRank":17,"SEIrank":40,"engagementSEIrank":13,"voiceSEIrank":117,"audienceSEIrank":41,"engagementSEI":3.376068376068376,"engagementSEIadj":3.376068376068376,"voiceSEI":1.529051987767584,"voiceSEIadj":1.529051987767584,"audienceSEI":3.3876669285153183,"audienceSEIadj":3.3876669285153183,"SEI":2.8231233148228325,"SEIadj":2.8231233148228325},"non_scoped":{"SEI":0.6732100359075421,"SEIrank":97,"SEIadj":0,"audienceSEI":1.303653650946188,"audienceSEIadj":0,"audienceSEIrank":49,"audienceScore":0.24137595562600403,"combinedScore":0.13612696551757583,"combinedScoreRank":30,"engagementSEI":0.3233457691843296,"engagementSEIadj":0,"engagementSEIrank":26,"engagementScore":0.1317912643244801,"voiceSEI":1.1627906976744187,"voiceSEIadj":0,"voiceSEIrank":124,"voiceScore":0.10892059688487093},"scoped":{"SEI":9.36822078139079,"SEIrank":38,"SEIadj":0,"audienceSEI":17.113720739584256,"audienceSEIadj":0,"audienceSEIrank":38,"audienceScore":0.6974361375124885,"combinedScore":1.4276316852971398,"combinedScoreRank":18,"engagementSEI":10.509162260135023,"engagementSEIadj":0,"engagementSEIrank":17,"engagementScore":1.534829954440807,"voiceSEI":4.504504504504505,"voiceSEIadj":0,"voiceSEIrank":113,"voiceScore":0.22825838849577723}},"facebook":{"entityString":"536575feb08f37d80186a08c","type":"facebook","profiles":1,"postsMade":7,"repliesMade":0,"repliesRcvd":687,"sharesMade":0,"sharesRcvd":8,"mentionsRcvd":0,"likesRcvd":2374,"reachRcvd":0,"audience":17113,"voice":7,"conversation":694,"engagement":3069,"group_scoped":{"audienceScore":1.6178512915488468,"voiceScore":2.26537216828479,"engagementScore":2.9312320916905446,"combinedScore":2.8322700555131717,"combinedScoreRank":14,"SEIrank":25,"engagementSEIrank":13,"voiceSEIrank":57,"audienceSEIrank":44,"engagementSEI":3.4072741806554756,"engagementSEIadj":3.4072741806554756,"voiceSEI":2.7777777777777777,"voiceSEIadj":2.7777777777777777,"audienceSEI":2.0381232544706394,"audienceSEIadj":2.0381232544706394,"SEI":3.081510167173682,"SEIadj":3.081510167173682},"non_scoped":{"SEI":0.8255362736561137,"SEIrank":50,"SEIadj":0,"audienceSEI":0.9300058257830026,"audienceSEIadj":0,"audienceSEIrank":49,"audienceScore":0.1784435071401386,"combinedScore":0.14666852369238134,"combinedScoreRank":27,"engagementSEI":0.3303075767327425,"engagementSEIadj":0,"engagementSEIrank":22,"engagementScore":0.1410376307148618,"voiceSEI":1.7811704834605597,"voiceSEIadj":0,"voiceSEIrank":63,"voiceScore":0.2162496138399753},"scoped":{"SEI":17.591152640200416,"SEIrank":22,"SEIadj":0,"audienceSEI":12.017471787417223,"audienceSEIadj":0,"audienceSEIrank":39,"audienceScore":0.7356199897091436,"combinedScore":2.112335933046341,"combinedScoreRank":14,"engagementSEI":23.338403041825096,"engagementSEIadj":0,"engagementSEIrank":14,"engagementScore":2.273215462901924,"voiceSEI":7.954545454545454,"voiceSEIadj":0,"voiceSEIrank":54,"voiceScore":0.5932203389830508}},"twitter":{"entityString":"536575feb08f37d80186a08c","type":"twitter","profiles":1,"postsMade":3,"repliesMade":0,"repliesRcvd":0,"sharesMade":0,"sharesRcvd":29,"mentionsRcvd":0,"likesRcvd":62,"reachRcvd":0,"audience":15662,"voice":3,"conversation":3,"engagement":91,"group_scoped":{"audienceScore":4.606280917844559,"voiceScore":0.3968253968253968,"engagementScore":1.6063548102383054,"combinedScore":1.6958746449479727,"combinedScoreRank":74,"SEIrank":78,"engagementSEIrank":68,"voiceSEIrank":162,"audienceSEIrank":38,"engagementSEI":3.6125446605795952,"engagementSEIadj":3.6125446605795952,"voiceSEI":0.7594936708860759,"voiceSEIadj":0.7594936708860759,"audienceSEI":12.411639775572954,"audienceSEIadj":12.411639775572954,"SEI":3.636538875170875,"SEIadj":3.636538875170875},"non_scoped":{"SEI":0.8189389531981102,"SEIrank":117,"SEIadj":0,"audienceSEI":2.826708442224115,"audienceSEIadj":0,"audienceSEIrank":41,"audienceScore":0.45746712411431834,"combinedScore":0.15902874124734828,"combinedScoreRank":87,"engagementSEI":0.5832211754149843,"engagementSEIadj":0,"engagementSEIrank":87,"engagementScore":0.1483776292189793,"voiceSEI":0.6211180124223602,"voiceSEIadj":0,"voiceSEIrank":163,"voiceScore":0.05231037489102005},"scoped":{"SEI":3.9799993112927963,"SEIrank":93,"SEIadj":0,"audienceSEI":13.436510728104114,"audienceSEIadj":0,"audienceSEIrank":31,"audienceScore":0.7262465176150253,"combinedScore":0.3221590523609431,"combinedScoreRank":77,"engagementSEI":3.467987804878049,"engagementSEIadj":0,"engagementSEIrank":77,"engagementScore":0.3122962352860427,"voiceSEI":1.8518518518518516,"voiceSEIadj":0,"voiceSEIrank":150,"voiceScore":0.09560229445506692}},"instagram":{"entityString":"536575feb08f37d80186a08c","type":"instagram","profiles":0,"postsMade":0,"repliesMade":0,"repliesRcvd":0,"sharesMade":0,"sharesRcvd":0,"mentionsRcvd":0,"likesRcvd":0,"reachRcvd":0,"audience":0,"voice":0,"conversation":0,"engagement":0,"group_scoped":{"audienceScore":0,"voiceScore":0,"engagementScore":0,"combinedScore":0,"combinedScoreRank":223,"SEIrank":223,"engagementSEIrank":223,"voiceSEIrank":223,"audienceSEIrank":223,"engagementSEI":0,"engagementSEIadj":0,"voiceSEI":0,"voiceSEIadj":0,"audienceSEI":0,"audienceSEIadj":0,"SEI":0,"SEIadj":0},"non_scoped":{"SEI":0,"SEIrank":223,"SEIadj":0,"audienceSEI":0,"audienceSEIadj":0,"audienceSEIrank":223,"audienceScore":0,"combinedScore":0,"combinedScoreRank":223,"engagementSEI":0,"engagementSEIadj":0,"engagementSEIrank":223,"engagementScore":0,"voiceSEI":0,"voiceSEIadj":0,"voiceSEIrank":223,"voiceScore":0},"scoped":{"SEI":0,"SEIrank":200,"SEIadj":0,"audienceSEI":0,"audienceSEIadj":0,"audienceSEIrank":200,"audienceScore":0,"combinedScore":0,"combinedScoreRank":200,"engagementSEI":0,"engagementSEIadj":0,"engagementSEIrank":200,"engagementScore":0,"voiceSEI":0,"voiceSEIadj":0,"voiceSEIrank":200,"voiceScore":0}}},"month":{"boundaryQuantum":4975782,"combined":{"entityString":"536575feb08f37d80186a08c","type":"combined","profiles":2,"postsMade":42,"repliesMade":0,"repliesRcvd":1644,"sharesMade":0,"sharesRcvd":145,"mentionsRcvd":0,"likesRcvd":6453,"reachRcvd":0,"audience":32775,"voice":42,"conversation":1686,"engagement":8242,"group_scoped":{"audienceScore":2.3420383558354807,"voiceScore":0.9379187137114784,"engagementScore":2.0759502598086255,"combinedScore":2.0323530873051108,"combinedScoreRank":20,"SEIrank":50,"engagementSEIrank":18,"voiceSEIrank":126,"audienceSEIrank":41,"engagementSEI":2.5677372321898666,"engagementSEIadj":2.5677372321898666,"voiceSEI":1.5362106803218727,"voiceSEIadj":1.5362106803218727,"audienceSEI":3.3876669285153183,"audienceSEIadj":3.3876669285153183,"SEI":2.3402722362620136,"SEIadj":2.3402722362620136},"non_scoped":{"SEI":0.6149907441006379,"SEIrank":101,"SEIadj":0,"audienceSEI":1.303653650946188,"audienceSEIadj":0,"audienceSEIrank":49,"audienceScore":0.24137595562600403,"combinedScore":0.09824849182293664,"combinedScoreRank":43,"engagementSEI":0.2274381719732814,"engagementSEIadj":0,"engagementSEIrank":36,"engagementScore":0.0895766552063904,"voiceSEI":1.160541586073501,"voiceSEIadj":0,"voiceSEIrank":126,"voiceScore":0.11121408711770157},"scoped":{"SEI":7.612256326550276,"SEIrank":52,"SEIadj":0,"audienceSEI":17.113720739584256,"audienceSEIadj":0,"audienceSEIrank":38,"audienceScore":0.6974361375124885,"combinedScore":0.8284551433074869,"combinedScoreRank":27,"engagementSEI":7.62428077186361,"engagementSEIadj":0,"engagementSEIrank":27,"engagementScore":0.8687311592217046,"voiceSEI":4.421052631578947,"voiceSEIadj":0,"voiceSEIrank":116,"voiceScore":0.23450586264656617}},"facebook":{"entityString":"536575feb08f37d80186a08c","type":"facebook","profiles":1,"postsMade":29,"repliesMade":0,"repliesRcvd":1644,"sharesMade":0,"sharesRcvd":70,"mentionsRcvd":0,"likesRcvd":5907,"reachRcvd":0,"audience":17113,"voice":29,"conversation":1673,"engagement":7621,"group_scoped":{"audienceScore":1.6178512915488468,"voiceScore":2.2222222222222223,"engagementScore":2.0780162729315275,"combinedScore":2.0622183213269283,"combinedScoreRank":19,"SEIrank":30,"engagementSEIrank":17,"voiceSEIrank":60,"audienceSEIrank":44,"engagementSEI":2.4853491261654663,"engagementSEIadj":2.4853491261654663,"voiceSEI":2.7332704995287465,"voiceSEIadj":2.7332704995287465,"audienceSEI":2.0381232544706394,"audienceSEIadj":2.0381232544706394,"SEI":2.5150029510049676,"SEIadj":2.5150029510049676},"non_scoped":{"SEI":0.7809884160210718,"SEIrank":60,"SEIadj":0,"audienceSEI":0.9300058257830026,"audienceSEIadj":0,"audienceSEIrank":49,"audienceScore":0.1784435071401386,"combinedScore":0.10249870141478852,"combinedScoreRank":37,"engagementSEI":0.2224908760056392,"engagementSEIadj":0,"engagementSEIrank":32,"engagementScore":0.09214924913657689,"voiceSEI":1.8483110261312936,"voiceSEIadj":0,"voiceSEIrank":62,"voiceScore":0.21284403669724772},"scoped":{"SEI":8.981991012349535,"SEIrank":34,"SEIadj":0,"audienceSEI":12.017471787417223,"audienceSEIadj":0,"audienceSEIrank":39,"audienceScore":0.7356199897091436,"combinedScore":1.0785946980676282,"combinedScoreRank":25,"engagementSEI":8.228510964509756,"engagementSEIadj":0,"engagementSEIrank":23,"engagementScore":1.124610237922725,"voiceSEI":9.477124183006536,"voiceSEIadj":0,"voiceSEIrank":53,"voiceScore":0.5932896890343698}},"twitter":{"entityString":"536575feb08f37d80186a08c","type":"twitter","profiles":1,"postsMade":13,"repliesMade":0,"repliesRcvd":0,"sharesMade":0,"sharesRcvd":75,"mentionsRcvd":0,"likesRcvd":546,"reachRcvd":0,"audience":15662,"voice":13,"conversation":13,"engagement":621,"group_scoped":{"audienceScore":4.606280917844559,"voiceScore":0.4136175628380528,"engagementScore":2.455807331830585,"combinedScore":2.4612215226816567,"combinedScoreRank":63,"SEIrank":71,"engagementSEIrank":53,"voiceSEIrank":169,"audienceSEIrank":38,"engagementSEI":6.638871071199487,"engagementSEIadj":6.638871071199487,"voiceSEI":0.7912355447352405,"voiceSEIadj":0.7912355447352405,"audienceSEI":12.411639775572954,"audienceSEIadj":12.411639775572954,"SEI":5.46185728369756,"SEIadj":5.46185728369756},"non_scoped":{"SEI":1.1249585834882563,"SEIrank":100,"SEIadj":0,"audienceSEI":2.826708442224115,"audienceSEIadj":0,"audienceSEIrank":41,"audienceScore":0.45746712411431834,"combinedScore":0.2573218498218369,"combinedScoreRank":63,"engagementSEI":1.0775076778928738,"engagementSEIadj":0,"engagementSEIrank":64,"engagementScore":0.25739972394812216,"voiceSEI":0.6526104417670683,"voiceSEIadj":0,"voiceSEIrank":160,"voiceScore":0.055774841256221036},"scoped":{"SEI":5.624884816484805,"SEIrank":75,"SEIadj":0,"audienceSEI":13.436510728104114,"audienceSEIadj":0,"audienceSEIrank":31,"audienceScore":0.7262465176150253,"combinedScore":0.5116348235862348,"combinedScoreRank":53,"engagementSEI":6.126072802604321,"engagementSEIadj":0,"engagementSEIrank":54,"engagementScore":0.5224897773739209,"voiceSEI":2.018633540372671,"voiceSEIadj":0,"voiceSEIrank":149,"voiceScore":0.10163396137909467}},"instagram":{"entityString":"536575feb08f37d80186a08c","type":"instagram","profiles":0,"postsMade":0,"repliesMade":0,"repliesRcvd":0,"sharesMade":0,"sharesRcvd":0,"mentionsRcvd":0,"likesRcvd":0,"reachRcvd":0,"audience":0,"voice":0,"conversation":0,"engagement":0,"group_scoped":{"audienceScore":0,"voiceScore":0,"engagementScore":0,"combinedScore":0,"combinedScoreRank":223,"SEIrank":223,"engagementSEIrank":223,"voiceSEIrank":223,"audienceSEIrank":223,"engagementSEI":0,"engagementSEIadj":0,"voiceSEI":0,"voiceSEIadj":0,"audienceSEI":0,"audienceSEIadj":0,"SEI":0,"SEIadj":0},"non_scoped":{"SEI":0,"SEIrank":223,"SEIadj":0,"audienceSEI":0,"audienceSEIadj":0,"audienceSEIrank":223,"audienceScore":0,"combinedScore":0,"combinedScoreRank":223,"engagementSEI":0,"engagementSEIadj":0,"engagementSEIrank":223,"engagementScore":0,"voiceSEI":0,"voiceSEIadj":0,"voiceSEIrank":223,"voiceScore":0},"scoped":{"SEI":0,"SEIrank":200,"SEIadj":0,"audienceSEI":0,"audienceSEIadj":0,"audienceSEIrank":200,"audienceScore":0,"combinedScore":0,"combinedScoreRank":200,"engagementSEI":0,"engagementSEIadj":0,"engagementSEIrank":200,"engagementScore":0,"voiceSEI":0,"voiceSEIadj":0,"voiceSEIrank":200,"voiceScore":0}}},"quarter":{"boundaryQuantum":4958502,"combined":{"entityString":"536575feb08f37d80186a08c","type":"combined","profiles":2,"postsMade":144,"repliesMade":0,"repliesRcvd":4425,"sharesMade":0,"sharesRcvd":646,"mentionsRcvd":0,"likesRcvd":20123,"reachRcvd":0,"audience":32775,"voice":144,"conversation":4569,"engagement":25194,"group_scoped":{"audienceScore":2.3420383558354807,"voiceScore":1.0156580617858655,"engagementScore":2.042414514324627,"combinedScore":2.0060578837732317,"combinedScoreRank":17,"SEIrank":51,"engagementSEIrank":16,"voiceSEIrank":118,"audienceSEIrank":41,"engagementSEI":2.470154990117027,"engagementSEIadj":2.470154990117027,"voiceSEI":1.6732512200790146,"voiceSEIadj":1.6732512200790146,"audienceSEI":3.3876669285153183,"audienceSEIadj":3.3876669285153183,"SEI":2.3228350529454524,"SEIadj":2.3228350529454524},"non_scoped":{"SEI":0.6656650264342483,"SEIrank":99,"SEIadj":0,"audienceSEI":1.303653650946188,"audienceSEIadj":0,"audienceSEIrank":49,"audienceScore":0.24137595562600403,"combinedScore":0.09507667875043395,"combinedScoreRank":44,"engagementSEI":0.21977163080948084,"engagementSEIadj":0,"engagementSEIrank":39,"engagementScore":0.0851148073548599,"voiceSEI":1.3447889428464699,"voiceSEIadj":0,"voiceSEIrank":116,"voiceScore":0.12809108699519658},"scoped":{"SEI":6.451851856755967,"SEIrank":58,"SEIadj":0,"audienceSEI":17.113720739584256,"audienceSEIadj":0,"audienceSEIrank":38,"audienceScore":0.6974361375124885,"combinedScore":0.796780711912695,"combinedScoreRank":30,"engagementSEI":5.098152693659585,"engagementSEIadj":0,"engagementSEIrank":30,"engagementScore":0.8315998708732756,"voiceSEI":5.605293888672636,"voiceSEIadj":0,"voiceSEIrank":106,"voiceScore":0.26938042502244836}},"facebook":{"entityString":"536575feb08f37d80186a08c","type":"facebook","profiles":1,"postsMade":104,"repliesMade":0,"repliesRcvd":4425,"sharesMade":0,"sharesRcvd":395,"mentionsRcvd":0,"likesRcvd":18262,"reachRcvd":0,"audience":17113,"voice":104,"conversation":4529,"engagement":23082,"group_scoped":{"audienceScore":1.6178512915488468,"voiceScore":2.629582806573957,"engagementScore":2.0422066661476066,"combinedScore":2.0503577044389862,"combinedScoreRank":16,"SEIrank":28,"engagementSEIrank":15,"voiceSEIrank":51,"audienceSEIrank":44,"engagementSEI":2.3886497226591605,"engagementSEIadj":2.3886497226591605,"voiceSEI":3.236850295673825,"voiceSEIadj":3.236850295673825,"audienceSEI":2.0381232544706394,"audienceSEIadj":2.0381232544706394,"SEI":2.6080572477447075,"SEIadj":2.6080572477447075},"non_scoped":{"SEI":0.8731201248880716,"SEIrank":54,"SEIadj":0,"audienceSEI":0.9300058257830026,"audienceSEIadj":0,"audienceSEIrank":49,"audienceScore":0.1784435071401386,"combinedScore":0.09980641877301785,"combinedScoreRank":40,"engagementSEI":0.2084503394294356,"engagementSEIadj":0,"engagementSEIrank":37,"engagementScore":0.08674870824964731,"voiceSEI":2.1834977955070336,"voiceSEIadj":0,"voiceSEIrank":55,"voiceScore":0.2562081198265668},"scoped":{"SEI":16.783356124306167,"SEIrank":30,"SEIadj":0,"audienceSEI":12.017471787417223,"audienceSEIadj":0,"audienceSEIrank":39,"audienceScore":0.7356199897091436,"combinedScore":1.1158250401938152,"combinedScoreRank":29,"engagementSEI":19.627884827973265,"engagementSEIadj":0,"engagementSEIrank":28,"engagementScore":1.1595044502425806,"voiceSEI":12.682926829268293,"voiceSEIadj":0,"voiceSEIrank":46,"voiceScore":0.7098007098007098}},"twitter":{"entityString":"536575feb08f37d80186a08c","type":"twitter","profiles":1,"postsMade":40,"repliesMade":0,"repliesRcvd":0,"sharesMade":0,"sharesRcvd":251,"mentionsRcvd":0,"likesRcvd":1861,"reachRcvd":0,"audience":15662,"voice":40,"conversation":40,"engagement":2112,"group_scoped":{"audienceScore":4.606280917844559,"voiceScore":0.3948277563912743,"engagementScore":2.5233276383230385,"combinedScore":2.5210503082025264,"combinedScoreRank":60,"SEIrank":69,"engagementSEIrank":55,"voiceSEIrank":173,"audienceSEIrank":38,"engagementSEI":6.207565470417071,"engagementSEIadj":6.207565470417071,"voiceSEI":0.7545746085644218,"voiceSEIadj":0.7545746085644218,"audienceSEI":12.411639775572954,"audienceSEIadj":12.411639775572954,"SEI":5.192075642376865,"SEIadj":5.192075642376865},"non_scoped":{"SEI":1.0833378002125,"SEIrank":100,"SEIadj":0,"audienceSEI":2.826708442224115,"audienceSEIadj":0,"audienceSEIrank":41,"audienceScore":0.45746712411431834,"combinedScore":0.25445014933168064,"combinedScoreRank":63,"engagementSEI":1.0015554459577374,"engagementSEIadj":0,"engagementSEIrank":61,"engagementScore":0.25411492925209356,"voiceSEI":0.6657789613848202,"voiceSEIadj":0,"voiceSEIrank":165,"voiceScore":0.05746713598161052},"scoped":{"SEI":6.0018283749848464,"SEIrank":73,"SEIadj":0,"audienceSEI":13.436510728104114,"audienceSEIadj":0,"audienceSEIrank":31,"audienceScore":0.7262465176150253,"combinedScore":0.5157072187428027,"combinedScoreRank":53,"engagementSEI":6.64443465676713,"engagementSEIadj":0,"engagementSEIrank":51,"engagementScore":0.5268383215010901,"voiceSEI":2.238388360380526,"voiceSEIadj":0,"voiceSEIrank":154,"voiceScore":0.10480807022140706}},"instagram":{"entityString":"536575feb08f37d80186a08c","type":"instagram","profiles":0,"postsMade":0,"repliesMade":0,"repliesRcvd":0,"sharesMade":0,"sharesRcvd":0,"mentionsRcvd":0,"likesRcvd":0,"reachRcvd":0,"audience":0,"voice":0,"conversation":0,"engagement":0,"group_scoped":{"audienceScore":0,"voiceScore":0,"engagementScore":0,"combinedScore":0,"combinedScoreRank":223,"SEIrank":223,"engagementSEIrank":223,"voiceSEIrank":223,"audienceSEIrank":223,"engagementSEI":0,"engagementSEIadj":0,"voiceSEI":0,"voiceSEIadj":0,"audienceSEI":0,"audienceSEIadj":0,"SEI":0,"SEIadj":0},"non_scoped":{"SEI":0,"SEIrank":223,"SEIadj":0,"audienceSEI":0,"audienceSEIadj":0,"audienceSEIrank":223,"audienceScore":0,"combinedScore":0,"combinedScoreRank":223,"engagementSEI":0,"engagementSEIadj":0,"engagementSEIrank":223,"engagementScore":0,"voiceSEI":0,"voiceSEIadj":0,"voiceSEIrank":223,"voiceScore":0},"scoped":{"SEI":0,"SEIrank":200,"SEIadj":0,"audienceSEI":0,"audienceSEIadj":0,"audienceSEIrank":200,"audienceScore":0,"combinedScore":0,"combinedScoreRank":200,"engagementSEI":0,"engagementSEIadj":0,"engagementSEIrank":200,"engagementScore":0,"voiceSEI":0,"voiceSEIadj":0,"voiceSEIrank":200,"voiceScore":0}}},"blended":{"combined":{"non_scoped":{"SEI":0.6522118965937987,"SEIadj":50.3261059482969,"SEIrank":100,"audienceSEI":1.303653650946188,"audienceSEIadj":60.521461460378475,"audienceSEIrank":49,"engagementSEI":0.24461523237447969,"engagementSEIadj":60.097846092949794,"engagementSEIrank":32,"voiceSEI":1.2502579735816406,"voiceSEIadj":50.62512898679082,"voiceSEIrank":119},"scoped":{"SEI":20.577877721594,"SEIadj":68.2311510886376,"SEIrank":27,"compCharisma":12,"compInfluence":3,"compEva":5.577877721593998,"audienceSEI":17.113720739584256,"audienceSEIadj":66.8454882958337,"audienceSEIrank":38,"engagementSEI":6.885116204257063,"engagementSEIadj":62.75404648170282,"engagementSEIrank":22,"voiceSEI":4.989569983527959,"voiceSEIadj":52.49478499176398,"voiceSEIrank":109}},"facebook":{"non_scoped":{"SEI":0.8467170533665077,"SEIadj":60.338686821346606,"SEIrank":54,"audienceSEI":0.9300058257830026,"audienceSEIadj":60.3720023303132,"audienceSEIrank":49,"engagementSEI":0.24041820552209228,"engagementSEIadj":60.09616728220884,"engagementSEIrank":29,"voiceSEI":2.031551824916507,"voiceSEIadj":60.8126207299666,"voiceSEIrank":56},"scoped":{"SEI":15.32113620479748,"SEIadj":66.128454481919,"SEIrank":27,"audienceSEI":12.017471787417223,"audienceSEIadj":64.80698871496689,"audienceSEIrank":39,"engagementSEI":18.24928387086855,"engagementSEIadj":67.29971354834743,"engagementSEIrank":21,"voiceSEI":10.56606234511543,"voiceSEIadj":64.22642493804616,"voiceSEIrank":47}},"twitter":{"non_scoped":{"SEI":0.9721194668719211,"SEIadj":50.48605973343596,"SEIrank":107,"audienceSEI":2.826708442224115,"audienceSEIadj":61.13068337688965,"audienceSEIrank":41,"engagementSEI":0.8405228124070934,"engagementSEIadj":50.420261406203544,"engagementSEIrank":69,"voiceSEI":0.6171164506841784,"voiceSEIadj":40.37026987041051,"voiceSEIrank":167},"scoped":{"SEI":5.111405465171942,"SEIadj":52.55570273258597,"SEIrank":81,"audienceSEI":13.436510728104114,"audienceSEIadj":65.37460429124164,"audienceSEIrank":31,"engagementSEI":5.290818270535026,"engagementSEIadj":62.11632730821401,"engagementSEIrank":58,"voiceSEI":1.977544766801719,"voiceSEIadj":41.18652686008103,"voiceSEIrank":156}},"instagram":{"non_scoped":{"SEI":0,"SEIadj":0,"SEIrank":223,"audienceSEI":0,"audienceSEIadj":0,"audienceSEIrank":223,"engagementSEI":0,"engagementSEIadj":0,"engagementSEIrank":223,"voiceSEI":0,"voiceSEIadj":0,"voiceSEIrank":223},"scoped":{"SEI":0,"SEIadj":0,"SEIrank":200,"audienceSEI":0,"audienceSEIadj":0,"audienceSEIrank":200,"engagementSEI":0,"engagementSEIadj":0,"engagementSEIrank":200,"voiceSEI":0,"voiceSEIadj":0,"voiceSEIrank":200}},"influence":{"instagram":{"scope":"individual","ratio":0,"calculated":false},"combined":{"ratio":0.78,"bottom":false,"scope":"individual","calculated":true},"facebook":{"ratio":1.15,"bottom":false,"scope":"individual","calculated":true},"twitter":{"ratio":0.61,"bottom":false,"scope":"individual","calculated":true}},"charisma":{"instagram":{"scope":"individual","ratio":0,"calculated":false},"combined":{"ratio":2,"bottom":false,"scope":"individual","calculated":true},"facebook":{"ratio":1.47,"bottom":false,"scope":"individual","calculated":true},"twitter":{"ratio":2,"bottom":false,"scope":"individual","calculated":true}}},"scope":"individual"}}