{"scoreEntityString":"591d1494ab33fb0001804f89.asset.536575feb08f37d80186a076","timeQuantum":4984422,"scoreEntityType":"asset","scoreProfileID":"591d1494ab33fb0001804f89","data":{"scoreEntityString":"591d1494ab33fb0001804f89.asset.536575feb08f37d80186a076","scoreProfileID":"591d1494ab33fb0001804f89","scoreEntityType":"asset","entityID":"asset.536575feb08f37d80186a076","object_version":"1.2","score_engine_version":"3.0.19","timestamp":4984422,"start_quantum":4958502,"end_quantum":4984421,"schedule_options":{"interval":15,"offset":"1"},"_15min":{"boundaryQuantum":4984419,"combined":{"entityString":"536575feb08f37d80186a076","type":"combined","profiles":2,"postsMade":0,"repliesMade":0,"repliesRcvd":0,"sharesMade":0,"sharesRcvd":0,"mentionsRcvd":0,"likesRcvd":0,"reachRcvd":0,"audience":34163,"voice":0,"conversation":0,"engagement":0,"group_scoped":{"audienceScore":2.441222161721053,"voiceScore":0,"engagementScore":0,"combinedScore":2.441222161721053,"engagementSEI":0,"engagementSEIadj":0,"voiceSEI":0,"voiceSEIadj":0,"audienceSEI":3.5311324265101085,"audienceSEIadj":3.5311324265101085,"SEI":0.35311324265101085,"SEIadj":0.35311324265101085,"combinedScoreRank":29,"SEIrank":39,"engagementSEIrank":214,"voiceSEIrank":214,"audienceSEIrank":38},"non_scoped":{"SEI":0.13588625378268382,"SEIrank":46,"SEIadj":0,"audienceSEI":1.3588625378268382,"audienceSEIadj":0,"audienceSEIrank":46,"audienceScore":0.25159807084824337,"combinedScore":0.012579903542412169,"combinedScoreRank":46,"engagementSEI":0,"engagementSEIadj":0,"engagementSEIrank":214,"engagementScore":0,"voiceSEI":0,"voiceSEIadj":0,"voiceSEIrank":214,"voiceScore":0},"scoped":{"SEI":1.783847571705315,"SEIrank":35,"SEIadj":0,"audienceSEI":17.83847571705315,"audienceSEIadj":0,"audienceSEIrank":35,"audienceScore":0.7269721057464269,"combinedScore":0.10385315796377527,"combinedScoreRank":35,"engagementSEI":0,"engagementSEIadj":0,"engagementSEIrank":191,"engagementScore":0,"voiceSEI":0,"voiceSEIadj":0,"voiceSEIrank":191,"voiceScore":0}},"facebook":{"entityString":"536575feb08f37d80186a076","type":"facebook","profiles":1,"postsMade":0,"repliesMade":0,"repliesRcvd":0,"sharesMade":0,"sharesRcvd":0,"mentionsRcvd":0,"likesRcvd":0,"reachRcvd":0,"audience":23879,"voice":0,"conversation":0,"engagement":0,"group_scoped":{"audienceScore":2.257504294448368,"voiceScore":0,"engagementScore":0,"combinedScore":2.257504294448368,"engagementSEI":0,"engagementSEIadj":0,"voiceSEI":0,"voiceSEIadj":0,"audienceSEI":2.843939998451727,"audienceSEIadj":2.843939998451727,"SEI":0.2843939998451727,"SEIadj":0.2843939998451727,"combinedScoreRank":25,"SEIrank":28,"engagementSEIrank":214,"voiceSEIrank":214,"audienceSEIrank":28},"non_scoped":{"SEI":0.12977040328330697,"SEIrank":35,"SEIadj":0,"audienceSEI":1.2977040328330696,"audienceSEIadj":0,"audienceSEIrank":35,"audienceScore":0.24899506264239873,"combinedScore":0.012449753132119937,"combinedScoreRank":35,"engagementSEI":0,"engagementSEIadj":0,"engagementSEIrank":214,"engagementScore":0,"voiceSEI":0,"voiceSEIadj":0,"voiceSEIrank":214,"voiceScore":0},"scoped":{"SEI":1.6768842915428963,"SEIrank":26,"SEIadj":0,"audienceSEI":16.768842915428962,"audienceSEIadj":0,"audienceSEIrank":26,"audienceScore":1.0264634917468964,"combinedScore":0.14663764167812807,"combinedScoreRank":26,"engagementSEI":0,"engagementSEIadj":0,"engagementSEIrank":191,"engagementScore":0,"voiceSEI":0,"voiceSEIadj":0,"voiceSEIrank":191,"voiceScore":0}},"twitter":{"entityString":"536575feb08f37d80186a076","type":"twitter","profiles":1,"postsMade":0,"repliesMade":0,"repliesRcvd":0,"sharesMade":0,"sharesRcvd":0,"mentionsRcvd":0,"likesRcvd":0,"reachRcvd":0,"audience":10284,"voice":0,"conversation":0,"engagement":0,"group_scoped":{"audienceScore":3.0245813407683215,"voiceScore":0,"engagementScore":0,"combinedScore":3.0245813407683215,"engagementSEI":0,"engagementSEIadj":0,"voiceSEI":0,"voiceSEIadj":0,"audienceSEI":8.149744825181475,"audienceSEIadj":8.149744825181475,"SEI":0.8149744825181475,"SEIadj":0.8149744825181475,"combinedScoreRank":48,"SEIrank":62,"engagementSEIrank":213,"voiceSEIrank":213,"audienceSEIrank":61},"non_scoped":{"SEI":0.1856076466596399,"SEIrank":70,"SEIadj":0,"audienceSEI":1.856076466596399,"audienceSEIadj":0,"audienceSEIrank":70,"audienceScore":0.3003825759412367,"combinedScore":0.015019128797061835,"combinedScoreRank":70,"engagementSEI":0,"engagementSEIadj":0,"engagementSEIrank":213,"engagementScore":0,"voiceSEI":0,"voiceSEIadj":0,"voiceSEIrank":213,"voiceScore":0},"scoped":{"SEI":0.882269673910246,"SEIrank":59,"SEIadj":0,"audienceSEI":8.82269673910246,"audienceSEIadj":0,"audienceSEIrank":59,"audienceScore":0.4768688026531044,"combinedScore":0.06812411466472919,"combinedScoreRank":59,"engagementSEI":0,"engagementSEIadj":0,"engagementSEIrank":191,"engagementScore":0,"voiceSEI":0,"voiceSEIadj":0,"voiceSEIrank":191,"voiceScore":0}},"instagram":{"entityString":"536575feb08f37d80186a076","type":"instagram","profiles":0,"postsMade":0,"repliesMade":0,"repliesRcvd":0,"sharesMade":0,"sharesRcvd":0,"mentionsRcvd":0,"likesRcvd":0,"reachRcvd":0,"audience":0,"voice":0,"conversation":0,"engagement":0,"group_scoped":{"audienceScore":0,"voiceScore":0,"engagementScore":0,"combinedScore":0,"engagementSEI":0,"engagementSEIadj":0,"voiceSEI":0,"voiceSEIadj":0,"audienceSEI":0,"audienceSEIadj":0,"SEI":0,"SEIadj":0,"combinedScoreRank":214,"SEIrank":214,"engagementSEIrank":213,"voiceSEIrank":213,"audienceSEIrank":214},"non_scoped":{"SEI":0,"SEIrank":214,"SEIadj":0,"audienceSEI":0,"audienceSEIadj":0,"audienceSEIrank":214,"audienceScore":0,"combinedScore":0,"combinedScoreRank":214,"engagementSEI":0,"engagementSEIadj":0,"engagementSEIrank":213,"engagementScore":0,"voiceSEI":0,"voiceSEIadj":0,"voiceSEIrank":213,"voiceScore":0},"scoped":{"SEI":0,"SEIrank":191,"SEIadj":0,"audienceSEI":0,"audienceSEIadj":0,"audienceSEIrank":191,"audienceScore":0,"combinedScore":0,"combinedScoreRank":191,"engagementSEI":0,"engagementSEIadj":0,"engagementSEIrank":191,"engagementScore":0,"voiceSEI":0,"voiceSEIadj":0,"voiceSEIrank":191,"voiceScore":0}}},"hour":{"boundaryQuantum":4984410,"combined":{"entityString":"536575feb08f37d80186a076","type":"combined","profiles":2,"postsMade":0,"repliesMade":0,"repliesRcvd":0,"sharesMade":0,"sharesRcvd":0,"mentionsRcvd":0,"likesRcvd":0,"reachRcvd":0,"audience":34163,"voice":0,"conversation":0,"engagement":0,"group_scoped":{"audienceScore":2.441222161721053,"voiceScore":0,"engagementScore":0,"combinedScore":2.441222161721053,"combinedScoreRank":27,"SEIrank":54,"engagementSEIrank":215,"voiceSEIrank":214,"audienceSEIrank":38,"engagementSEI":0,"engagementSEIadj":0,"voiceSEI":0,"voiceSEIadj":0,"audienceSEI":3.5311324265101085,"audienceSEIadj":3.5311324265101085,"SEI":0.35311324265101085,"SEIadj":0.35311324265101085},"non_scoped":{"SEI":0.13588625378268382,"SEIrank":60,"SEIadj":0,"audienceSEI":1.3588625378268382,"audienceSEIadj":0,"audienceSEIrank":46,"audienceScore":0.25159807084824337,"combinedScore":0.012579903542412169,"combinedScoreRank":67,"engagementSEI":0,"engagementSEIadj":0,"engagementSEIrank":215,"engagementScore":0,"voiceSEI":0,"voiceSEIadj":0,"voiceSEIrank":214,"voiceScore":0},"scoped":{"SEI":1.783847571705315,"SEIrank":45,"SEIadj":0,"audienceSEI":17.83847571705315,"audienceSEIadj":0,"audienceSEIrank":35,"audienceScore":0.7269721057464269,"combinedScore":0.036348605287321346,"combinedScoreRank":63,"engagementSEI":0,"engagementSEIadj":0,"engagementSEIrank":192,"engagementScore":0,"voiceSEI":0,"voiceSEIadj":0,"voiceSEIrank":191,"voiceScore":0}},"facebook":{"entityString":"536575feb08f37d80186a076","type":"facebook","profiles":1,"postsMade":0,"repliesMade":0,"repliesRcvd":0,"sharesMade":0,"sharesRcvd":0,"mentionsRcvd":0,"likesRcvd":0,"reachRcvd":0,"audience":23879,"voice":0,"conversation":0,"engagement":0,"group_scoped":{"audienceScore":2.257504294448368,"voiceScore":0,"engagementScore":0,"combinedScore":2.257504294448368,"combinedScoreRank":27,"SEIrank":43,"engagementSEIrank":215,"voiceSEIrank":214,"audienceSEIrank":28,"engagementSEI":0,"engagementSEIadj":0,"voiceSEI":0,"voiceSEIadj":0,"audienceSEI":2.843939998451727,"audienceSEIadj":2.843939998451727,"SEI":0.2843939998451727,"SEIadj":0.2843939998451727},"non_scoped":{"SEI":0.12977040328330697,"SEIrank":42,"SEIadj":0,"audienceSEI":1.2977040328330696,"audienceSEIadj":0,"audienceSEIrank":35,"audienceScore":0.24899506264239873,"combinedScore":0.012449753132119937,"combinedScoreRank":51,"engagementSEI":0,"engagementSEIadj":0,"engagementSEIrank":215,"engagementScore":0,"voiceSEI":0,"voiceSEIadj":0,"voiceSEIrank":214,"voiceScore":0},"scoped":{"SEI":1.6768842915428963,"SEIrank":41,"SEIadj":0,"audienceSEI":16.768842915428962,"audienceSEIadj":0,"audienceSEIrank":26,"audienceScore":1.0264634917468964,"combinedScore":0.051323174587344825,"combinedScoreRank":46,"engagementSEI":0,"engagementSEIadj":0,"engagementSEIrank":192,"engagementScore":0,"voiceSEI":0,"voiceSEIadj":0,"voiceSEIrank":191,"voiceScore":0}},"twitter":{"entityString":"536575feb08f37d80186a076","type":"twitter","profiles":1,"postsMade":0,"repliesMade":0,"repliesRcvd":0,"sharesMade":0,"sharesRcvd":0,"mentionsRcvd":0,"likesRcvd":0,"reachRcvd":0,"audience":10284,"voice":0,"conversation":0,"engagement":0,"group_scoped":{"audienceScore":3.0245813407683215,"voiceScore":0,"engagementScore":0,"combinedScore":3.0245813407683215,"combinedScoreRank":62,"SEIrank":82,"engagementSEIrank":214,"voiceSEIrank":214,"audienceSEIrank":61,"engagementSEI":0,"engagementSEIadj":0,"voiceSEI":0,"voiceSEIadj":0,"audienceSEI":8.149744825181475,"audienceSEIadj":8.149744825181475,"SEI":0.8149744825181475,"SEIadj":0.8149744825181475},"non_scoped":{"SEI":0.1856076466596399,"SEIrank":81,"SEIadj":0,"audienceSEI":1.856076466596399,"audienceSEIadj":0,"audienceSEIrank":70,"audienceScore":0.3003825759412367,"combinedScore":0.015019128797061835,"combinedScoreRank":81,"engagementSEI":0,"engagementSEIadj":0,"engagementSEIrank":214,"engagementScore":0,"voiceSEI":0,"voiceSEIadj":0,"voiceSEIrank":214,"voiceScore":0},"scoped":{"SEI":0.882269673910246,"SEIrank":70,"SEIadj":0,"audienceSEI":8.82269673910246,"audienceSEIadj":0,"audienceSEIrank":59,"audienceScore":0.4768688026531044,"combinedScore":0.02384344013265522,"combinedScoreRank":70,"engagementSEI":0,"engagementSEIadj":0,"engagementSEIrank":191,"engagementScore":0,"voiceSEI":0,"voiceSEIadj":0,"voiceSEIrank":191,"voiceScore":0}},"instagram":{"entityString":"536575feb08f37d80186a076","type":"instagram","profiles":0,"postsMade":0,"repliesMade":0,"repliesRcvd":0,"sharesMade":0,"sharesRcvd":0,"mentionsRcvd":0,"likesRcvd":0,"reachRcvd":0,"audience":0,"voice":0,"conversation":0,"engagement":0,"group_scoped":{"audienceScore":0,"voiceScore":0,"engagementScore":0,"combinedScore":0,"combinedScoreRank":214,"SEIrank":214,"engagementSEIrank":213,"voiceSEIrank":213,"audienceSEIrank":214,"engagementSEI":0,"engagementSEIadj":0,"voiceSEI":0,"voiceSEIadj":0,"audienceSEI":0,"audienceSEIadj":0,"SEI":0,"SEIadj":0},"non_scoped":{"SEI":0,"SEIrank":214,"SEIadj":0,"audienceSEI":0,"audienceSEIadj":0,"audienceSEIrank":214,"audienceScore":0,"combinedScore":0,"combinedScoreRank":214,"engagementSEI":0,"engagementSEIadj":0,"engagementSEIrank":213,"engagementScore":0,"voiceSEI":0,"voiceSEIadj":0,"voiceSEIrank":213,"voiceScore":0},"scoped":{"SEI":0,"SEIrank":191,"SEIadj":0,"audienceSEI":0,"audienceSEIadj":0,"audienceSEIrank":191,"audienceScore":0,"combinedScore":0,"combinedScoreRank":191,"engagementSEI":0,"engagementSEIadj":0,"engagementSEIrank":191,"engagementScore":0,"voiceSEI":0,"voiceSEIadj":0,"voiceSEIrank":191,"voiceScore":0}}},"today":{"boundaryQuantum":4984134,"combined":{"entityString":"536575feb08f37d80186a076","type":"combined","profiles":2,"postsMade":0,"repliesMade":0,"repliesRcvd":2,"sharesMade":0,"sharesRcvd":2,"mentionsRcvd":0,"likesRcvd":2,"reachRcvd":0,"audience":34163,"voice":0,"conversation":2,"engagement":6,"group_scoped":{"audienceScore":2.441222161721053,"voiceScore":0,"engagementScore":0.05488976305918946,"combinedScore":0.39579439143945566,"combinedScoreRank":84,"SEIrank":113,"engagementSEIrank":97,"voiceSEIrank":218,"audienceSEIrank":38,"engagementSEI":0.06204756980351603,"engagementSEIadj":0.06204756980351603,"voiceSEI":0,"voiceSEIadj":0,"audienceSEI":3.5311324265101085,"audienceSEIadj":3.5311324265101085,"SEI":0.39034178453312046,"SEIadj":0.39034178453312046},"non_scoped":{"SEI":0.13772963782614672,"SEIrank":118,"SEIadj":0,"audienceSEI":1.3588625378268382,"audienceSEIadj":0,"audienceSEIrank":46,"audienceScore":0.25159807084824337,"combinedScore":0.014020702705681395,"combinedScoreRank":104,"engagementSEI":0.0030723067391048324,"engagementSEIadj":0,"engagementSEIrank":119,"engagementScore":0.0016008879591880296,"voiceSEI":0,"voiceSEIadj":0,"voiceSEIrank":218,"voiceScore":0},"scoped":{"SEI":1.8040939020579387,"SEIrank":90,"SEIadj":0,"audienceSEI":17.83847571705315,"audienceSEIadj":0,"audienceSEIrank":35,"audienceScore":0.7269721057464269,"combinedScore":0.05078402017183803,"combinedScoreRank":95,"engagementSEI":0.03374388392103931,"engagementSEIadj":0,"engagementSEIrank":108,"engagementScore":0.0160393498716852,"voiceSEI":0,"voiceSEIadj":0,"voiceSEIrank":195,"voiceScore":0}},"facebook":{"entityString":"536575feb08f37d80186a076","type":"facebook","profiles":1,"postsMade":0,"repliesMade":0,"repliesRcvd":2,"sharesMade":0,"sharesRcvd":2,"mentionsRcvd":0,"likesRcvd":2,"reachRcvd":0,"audience":23879,"voice":0,"conversation":2,"engagement":6,"group_scoped":{"audienceScore":2.257504294448368,"voiceScore":0,"engagementScore":0.05736137667304016,"combinedScore":0.37166750778380125,"combinedScoreRank":71,"SEIrank":72,"engagementSEIrank":66,"voiceSEIrank":215,"audienceSEIrank":28,"engagementSEI":0.06385696040868455,"engagementSEIadj":0.06385696040868455,"voiceSEI":0,"voiceSEIadj":0,"audienceSEI":2.843939998451727,"audienceSEIadj":2.843939998451727,"SEI":0.32270817609038344,"SEIadj":0.32270817609038344},"non_scoped":{"SEI":0.1316872137107557,"SEIrank":72,"SEIadj":0,"audienceSEI":1.2977040328330696,"audienceSEIadj":0,"audienceSEIrank":35,"audienceScore":0.24899506264239873,"combinedScore":0.014065257184342601,"combinedScoreRank":77,"engagementSEI":0.0031946840457478753,"engagementSEIadj":0,"engagementSEIrank":81,"engagementScore":0.001795004502469627,"voiceSEI":0,"voiceSEIadj":0,"voiceSEIrank":215,"voiceScore":0},"scoped":{"SEI":1.779506868509829,"SEIrank":64,"SEIadj":0,"audienceSEI":16.768842915428962,"audienceSEIadj":0,"audienceSEIrank":26,"audienceScore":1.0264634917468964,"combinedScore":0.08726566660012439,"combinedScoreRank":72,"engagementSEI":0.17103762827822122,"engagementSEIadj":0,"engagementSEIrank":71,"engagementScore":0.039936102236421724,"voiceSEI":0,"voiceSEIadj":0,"voiceSEIrank":192,"voiceScore":0}},"twitter":{"entityString":"536575feb08f37d80186a076","type":"twitter","profiles":1,"postsMade":0,"repliesMade":0,"repliesRcvd":0,"sharesMade":0,"sharesRcvd":0,"mentionsRcvd":0,"likesRcvd":0,"reachRcvd":0,"audience":10284,"voice":0,"conversation":0,"engagement":0,"group_scoped":{"audienceScore":3.0245813407683215,"voiceScore":0,"engagementScore":0,"combinedScore":3.0245813407683215,"combinedScoreRank":57,"SEIrank":136,"engagementSEIrank":222,"voiceSEIrank":217,"audienceSEIrank":61,"engagementSEI":0,"engagementSEIadj":0,"voiceSEI":0,"voiceSEIadj":0,"audienceSEI":8.149744825181475,"audienceSEIadj":8.149744825181475,"SEI":0.8149744825181475,"SEIadj":0.8149744825181475},"non_scoped":{"SEI":0.1856076466596399,"SEIrank":133,"SEIadj":0,"audienceSEI":1.856076466596399,"audienceSEIadj":0,"audienceSEIrank":70,"audienceScore":0.3003825759412367,"combinedScore":0.015019128797061835,"combinedScoreRank":146,"engagementSEI":0,"engagementSEIadj":0,"engagementSEIrank":222,"engagementScore":0,"voiceSEI":0,"voiceSEIadj":0,"voiceSEIrank":217,"voiceScore":0},"scoped":{"SEI":0.882269673910246,"SEIrank":116,"SEIadj":0,"audienceSEI":8.82269673910246,"audienceSEIadj":0,"audienceSEIrank":59,"audienceScore":0.4768688026531044,"combinedScore":0.02384344013265522,"combinedScoreRank":133,"engagementSEI":0,"engagementSEIadj":0,"engagementSEIrank":199,"engagementScore":0,"voiceSEI":0,"voiceSEIadj":0,"voiceSEIrank":194,"voiceScore":0}},"instagram":{"entityString":"536575feb08f37d80186a076","type":"instagram","profiles":0,"postsMade":0,"repliesMade":0,"repliesRcvd":0,"sharesMade":0,"sharesRcvd":0,"mentionsRcvd":0,"likesRcvd":0,"reachRcvd":0,"audience":0,"voice":0,"conversation":0,"engagement":0,"group_scoped":{"audienceScore":0,"voiceScore":0,"engagementScore":0,"combinedScore":0,"combinedScoreRank":214,"SEIrank":214,"engagementSEIrank":214,"voiceSEIrank":214,"audienceSEIrank":214,"engagementSEI":0,"engagementSEIadj":0,"voiceSEI":0,"voiceSEIadj":0,"audienceSEI":0,"audienceSEIadj":0,"SEI":0,"SEIadj":0},"non_scoped":{"SEI":0,"SEIrank":214,"SEIadj":0,"audienceSEI":0,"audienceSEIadj":0,"audienceSEIrank":214,"audienceScore":0,"combinedScore":0,"combinedScoreRank":214,"engagementSEI":0,"engagementSEIadj":0,"engagementSEIrank":214,"engagementScore":0,"voiceSEI":0,"voiceSEIadj":0,"voiceSEIrank":214,"voiceScore":0},"scoped":{"SEI":0,"SEIrank":191,"SEIadj":0,"audienceSEI":0,"audienceSEIadj":0,"audienceSEIrank":191,"audienceScore":0,"combinedScore":0,"combinedScoreRank":191,"engagementSEI":0,"engagementSEIadj":0,"engagementSEIrank":191,"engagementScore":0,"voiceSEI":0,"voiceSEIadj":0,"voiceSEIrank":191,"voiceScore":0}}},"week":{"boundaryQuantum":4982406,"combined":{"entityString":"536575feb08f37d80186a076","type":"combined","profiles":2,"postsMade":19,"repliesMade":0,"repliesRcvd":164,"sharesMade":0,"sharesRcvd":73,"mentionsRcvd":0,"likesRcvd":957,"reachRcvd":0,"audience":34163,"voice":19,"conversation":183,"engagement":1194,"group_scoped":{"audienceScore":2.441222161721053,"voiceScore":1.7723880597014925,"engagementScore":1.0720634977642898,"combinedScore":1.175537659058988,"combinedScoreRank":29,"SEIrank":55,"engagementSEIrank":27,"voiceSEIrank":86,"audienceSEIrank":38,"engagementSEI":1.2756410256410258,"engagementSEIadj":1.2756410256410258,"voiceSEI":2.90519877675841,"voiceSEIadj":2.90519877675841,"audienceSEI":3.5311324265101085,"audienceSEIadj":3.5311324265101085,"SEI":1.990057491063149,"SEIadj":1.990057491063149},"non_scoped":{"SEI":0.871982302420284,"SEIrank":74,"SEIadj":0,"audienceSEI":1.3588625378268382,"audienceSEIadj":0,"audienceSEIrank":46,"audienceScore":0.25159807084824337,"combinedScore":0.0677447313360592,"combinedScoreRank":56,"engagementSEI":0.12217558493863594,"engagementSEIadj":0,"engagementSEIrank":47,"engagementScore":0.04979707898842698,"voiceSEI":2.2093023255813953,"voiceSEIadj":0,"voiceSEIrank":87,"voiceScore":0.20694913408125476},"scoped":{"SEI":6.733935342804759,"SEIrank":53,"SEIadj":0,"audienceSEI":17.83847571705315,"audienceSEIadj":0,"audienceSEIrank":35,"audienceScore":0.7269721057464269,"combinedScore":0.5799724778406516,"combinedScoreRank":39,"engagementSEI":3.970867005886461,"engagementSEIadj":0,"engagementSEIrank":38,"engagementScore":0.5799325840513683,"voiceSEI":8.558558558558559,"voiceSEIadj":0,"voiceSEIrank":77,"voiceScore":0.43369093814197673}},"facebook":{"entityString":"536575feb08f37d80186a076","type":"facebook","profiles":1,"postsMade":3,"repliesMade":0,"repliesRcvd":164,"sharesMade":0,"sharesRcvd":67,"mentionsRcvd":0,"likesRcvd":872,"reachRcvd":0,"audience":23879,"voice":3,"conversation":167,"engagement":1103,"group_scoped":{"audienceScore":2.257504294448368,"voiceScore":0.9708737864077669,"engagementScore":1.0534861509073543,"combinedScore":1.1095564398594255,"combinedScoreRank":30,"SEIrank":57,"engagementSEIrank":25,"voiceSEIrank":93,"audienceSEIrank":28,"engagementSEI":1.2245758948396837,"engagementSEIadj":1.2245758948396837,"voiceSEI":1.1904761904761905,"voiceSEIadj":1.1904761904761905,"audienceSEI":2.843939998451727,"audienceSEIadj":2.843939998451727,"SEI":1.37628239389184,"SEIadj":1.37628239389184},"non_scoped":{"SEI":0.43000565312450767,"SEIrank":86,"SEIadj":0,"audienceSEI":1.2977040328330696,"audienceSEIadj":0,"audienceSEIrank":35,"audienceScore":0.24899506264239873,"combinedScore":0.06270376336373265,"combinedScoreRank":48,"engagementSEI":0.1187126937556908,"engagementSEIadj":0,"engagementSEIrank":44,"engagementScore":0.05068898881671312,"voiceSEI":0.7633587786259541,"voiceSEIadj":0,"voiceSEIrank":97,"voiceScore":0.09267840593141798},"scoped":{"SEI":7.732311184042032,"SEIrank":43,"SEIadj":0,"audienceSEI":16.768842915428962,"audienceSEIadj":0,"audienceSEIrank":26,"audienceScore":1.0264634917468964,"combinedScore":0.7993302459093217,"combinedScoreRank":36,"engagementSEI":8.387832699619773,"engagementSEIadj":0,"engagementSEIrank":35,"engagementScore":0.816994674350219,"voiceSEI":3.4090909090909087,"voiceSEIadj":0,"voiceSEIrank":87,"voiceScore":0.2542372881355932}},"twitter":{"entityString":"536575feb08f37d80186a076","type":"twitter","profiles":1,"postsMade":16,"repliesMade":0,"repliesRcvd":0,"sharesMade":0,"sharesRcvd":6,"mentionsRcvd":0,"likesRcvd":85,"reachRcvd":0,"audience":10284,"voice":16,"conversation":16,"engagement":91,"group_scoped":{"audienceScore":3.0245813407683215,"voiceScore":2.1164021164021163,"engagementScore":1.6063548102383054,"combinedScore":1.7027685020729968,"combinedScoreRank":73,"SEIrank":74,"engagementSEIrank":67,"voiceSEIrank":78,"audienceSEIrank":61,"engagementSEI":3.6125446605795952,"engagementSEIadj":3.6125446605795952,"voiceSEI":4.050632911392405,"voiceSEIadj":4.050632911392405,"audienceSEI":8.149744825181475,"audienceSEIadj":8.149744825181475,"SEI":4.197691152283626,"SEIadj":4.197691152283626},"non_scoped":{"SEI":1.5293291717844069,"SEIrank":77,"SEIadj":0,"audienceSEI":1.856076466596399,"audienceSEIadj":0,"audienceSEIrank":70,"audienceScore":0.3003825759412367,"combinedScore":0.16250842839841523,"combinedScoreRank":86,"engagementSEI":0.5832211754149843,"engagementSEIadj":0,"engagementSEIrank":86,"engagementScore":0.1483776292189793,"voiceSEI":3.3126293995859215,"voiceSEIadj":0,"voiceSEIrank":75,"voiceScore":0.2789886660854403},"scoped":{"SEI":5.926025319800038,"SEIrank":71,"SEIadj":0,"audienceSEI":8.82269673910246,"audienceSEIadj":0,"audienceSEIrank":59,"audienceScore":0.4768688026531044,"combinedScore":0.3304039970781115,"combinedScoreRank":76,"engagementSEI":3.467987804878049,"engagementSEIadj":0,"engagementSEIrank":76,"engagementScore":0.3122962352860427,"voiceSEI":9.876543209876543,"voiceSEIadj":0,"voiceSEIrank":65,"voiceScore":0.5098789037603569}},"instagram":{"entityString":"536575feb08f37d80186a076","type":"instagram","profiles":0,"postsMade":0,"repliesMade":0,"repliesRcvd":0,"sharesMade":0,"sharesRcvd":0,"mentionsRcvd":0,"likesRcvd":0,"reachRcvd":0,"audience":0,"voice":0,"conversation":0,"engagement":0,"group_scoped":{"audienceScore":0,"voiceScore":0,"engagementScore":0,"combinedScore":0,"combinedScoreRank":214,"SEIrank":214,"engagementSEIrank":214,"voiceSEIrank":214,"audienceSEIrank":214,"engagementSEI":0,"engagementSEIadj":0,"voiceSEI":0,"voiceSEIadj":0,"audienceSEI":0,"audienceSEIadj":0,"SEI":0,"SEIadj":0},"non_scoped":{"SEI":0,"SEIrank":214,"SEIadj":0,"audienceSEI":0,"audienceSEIadj":0,"audienceSEIrank":214,"audienceScore":0,"combinedScore":0,"combinedScoreRank":214,"engagementSEI":0,"engagementSEIadj":0,"engagementSEIrank":214,"engagementScore":0,"voiceSEI":0,"voiceSEIadj":0,"voiceSEIrank":214,"voiceScore":0},"scoped":{"SEI":0,"SEIrank":191,"SEIadj":0,"audienceSEI":0,"audienceSEIadj":0,"audienceSEIrank":191,"audienceScore":0,"combinedScore":0,"combinedScoreRank":191,"engagementSEI":0,"engagementSEIadj":0,"engagementSEIrank":191,"engagementScore":0,"voiceSEI":0,"voiceSEIadj":0,"voiceSEIrank":191,"voiceScore":0}}},"month":{"boundaryQuantum":4975782,"combined":{"entityString":"536575feb08f37d80186a076","type":"combined","profiles":2,"postsMade":69,"repliesMade":0,"repliesRcvd":887,"sharesMade":0,"sharesRcvd":141,"mentionsRcvd":0,"likesRcvd":5484,"reachRcvd":0,"audience":34163,"voice":69,"conversation":956,"engagement":6512,"group_scoped":{"audienceScore":2.441222161721053,"voiceScore":1.5408664582402858,"engagementScore":1.6402072424015737,"combinedScore":1.6752909491594834,"combinedScoreRank":24,"SEIrank":51,"engagementSEIrank":20,"voiceSEIrank":88,"audienceSEIrank":38,"engagementSEI":2.0287678786727024,"engagementSEIadj":2.0287678786727024,"voiceSEI":2.5237746891002195,"voiceSEIadj":2.5237746891002195,"audienceSEI":3.5311324265101085,"audienceSEIadj":3.5311324265101085,"SEI":2.327506376584698,"SEIadj":2.327506376584698},"non_scoped":{"SEI":0.8156867343279646,"SEIrank":80,"SEIadj":0,"audienceSEI":1.3588625378268382,"audienceSEIadj":0,"audienceSEIrank":46,"audienceScore":0.25159807084824337,"combinedScore":0.08541236908127488,"combinedScoreRank":47,"engagementSEI":0.17969878377699688,"engagementSEIadj":0,"engagementSEIrank":44,"engagementScore":0.07077446963164453,"voiceSEI":1.9066040342636088,"voiceSEIadj":0,"voiceSEIrank":90,"voiceScore":0.18270885740765258},"scoped":{"SEI":7.577159151704322,"SEIrank":53,"SEIadj":0,"audienceSEI":17.83847571705315,"audienceSEIadj":0,"audienceSEIrank":35,"audienceScore":0.7269721057464269,"combinedScore":0.6733572284496508,"combinedScoreRank":36,"engagementSEI":6.023940352629924,"engagementSEIadj":0,"engagementSEIrank":35,"engagementScore":0.6863840462086557,"voiceSEI":7.2631578947368425,"voiceSEIadj":0,"voiceSEIrank":80,"voiceScore":0.38525963149078724}},"facebook":{"entityString":"536575feb08f37d80186a076","type":"facebook","profiles":1,"postsMade":13,"repliesMade":0,"repliesRcvd":887,"sharesMade":0,"sharesRcvd":114,"mentionsRcvd":0,"likesRcvd":4936,"reachRcvd":0,"audience":23879,"voice":13,"conversation":900,"engagement":5937,"group_scoped":{"audienceScore":2.257504294448368,"voiceScore":0.996168582375479,"engagementScore":1.6188403900268309,"combinedScore":1.6196399948653402,"combinedScoreRank":22,"SEIrank":36,"engagementSEIrank":19,"voiceSEIrank":89,"audienceSEIrank":28,"engagementSEI":1.936165563842589,"engagementSEIadj":1.936165563842589,"voiceSEI":1.2252591894439209,"voiceSEIadj":1.2252591894439209,"audienceSEI":2.843939998451727,"audienceSEIadj":2.843939998451727,"SEI":1.8136710949839023,"SEIadj":1.8136710949839023},"non_scoped":{"SEI":0.482332825828466,"SEIrank":81,"SEIadj":0,"audienceSEI":1.2977040328330696,"audienceSEIadj":0,"audienceSEIrank":35,"audienceScore":0.24899506264239873,"combinedScore":0.08182885654789934,"combinedScoreRank":42,"engagementSEI":0.17332742826997508,"engagementSEIadj":0,"engagementSEIrank":40,"engagementScore":0.07178717912660504,"voiceSEI":0.82855321861058,"voiceSEIadj":0,"voiceSEIrank":92,"voiceScore":0.09541284403669724},"scoped":{"SEI":6.797556247121287,"SEIrank":45,"SEIadj":0,"audienceSEI":16.768842915428962,"audienceSEIadj":0,"audienceSEIrank":26,"audienceScore":1.0264634917468964,"combinedScore":0.8531172920783406,"combinedScoreRank":32,"engagementSEI":6.4102702527613715,"engagementSEIadj":0,"engagementSEIrank":31,"engagementScore":0.8761069390561892,"voiceSEI":4.248366013071895,"voiceSEIadj":0,"voiceSEIrank":83,"voiceScore":0.26595744680851063}},"twitter":{"entityString":"536575feb08f37d80186a076","type":"twitter","profiles":1,"postsMade":56,"repliesMade":0,"repliesRcvd":0,"sharesMade":0,"sharesRcvd":27,"mentionsRcvd":0,"likesRcvd":548,"reachRcvd":0,"audience":10284,"voice":56,"conversation":56,"engagement":575,"group_scoped":{"audienceScore":3.0245813407683215,"voiceScore":1.7817371937639197,"engagementScore":2.273895677620912,"combinedScore":2.286822036585433,"combinedScoreRank":66,"SEIrank":69,"engagementSEIrank":55,"voiceSEIrank":87,"audienceSEIrank":61,"engagementSEI":6.1471028437032285,"engagementSEIadj":6.1471028437032285,"voiceSEI":3.408399269628728,"voiceSEIadj":3.408399269628728,"audienceSEI":8.149744825181475,"audienceSEIadj":8.149744825181475,"SEI":5.525755969628703,"SEIadj":5.525755969628703},"non_scoped":{"SEI":1.6275965172426958,"SEIrank":75,"SEIadj":0,"audienceSEI":1.856076466596399,"audienceSEIadj":0,"audienceSEIrank":70,"audienceScore":0.3003825759412367,"combinedScore":0.24153194148593943,"combinedScoreRank":69,"engagementSEI":0.9976922943452535,"engagementSEIadj":0,"engagementSEIrank":68,"engagementScore":0.23833307772974271,"voiceSEI":2.8112449799196786,"voiceSEIadj":0,"voiceSEIrank":79,"voiceScore":0.24026085464218294},"scoped":{"SEI":6.894339105308782,"SEIrank":65,"SEIadj":0,"audienceSEI":8.82269673910246,"audienceSEIadj":0,"audienceSEIrank":59,"audienceScore":0.4768688026531044,"combinedScore":0.4811419796259072,"combinedScoreRank":59,"engagementSEI":5.672289632041038,"engagementSEIadj":0,"engagementSEIrank":58,"engagementScore":0.48378683090177865,"voiceSEI":8.695652173913043,"voiceSEIadj":0,"voiceSEIrank":69,"voiceScore":0.4378078336330232}},"instagram":{"entityString":"536575feb08f37d80186a076","type":"instagram","profiles":0,"postsMade":0,"repliesMade":0,"repliesRcvd":0,"sharesMade":0,"sharesRcvd":0,"mentionsRcvd":0,"likesRcvd":0,"reachRcvd":0,"audience":0,"voice":0,"conversation":0,"engagement":0,"group_scoped":{"audienceScore":0,"voiceScore":0,"engagementScore":0,"combinedScore":0,"combinedScoreRank":214,"SEIrank":214,"engagementSEIrank":214,"voiceSEIrank":214,"audienceSEIrank":214,"engagementSEI":0,"engagementSEIadj":0,"voiceSEI":0,"voiceSEIadj":0,"audienceSEI":0,"audienceSEIadj":0,"SEI":0,"SEIadj":0},"non_scoped":{"SEI":0,"SEIrank":214,"SEIadj":0,"audienceSEI":0,"audienceSEIadj":0,"audienceSEIrank":214,"audienceScore":0,"combinedScore":0,"combinedScoreRank":214,"engagementSEI":0,"engagementSEIadj":0,"engagementSEIrank":214,"engagementScore":0,"voiceSEI":0,"voiceSEIadj":0,"voiceSEIrank":214,"voiceScore":0},"scoped":{"SEI":0,"SEIrank":191,"SEIadj":0,"audienceSEI":0,"audienceSEIadj":0,"audienceSEIrank":191,"audienceScore":0,"combinedScore":0,"combinedScoreRank":191,"engagementSEI":0,"engagementSEIadj":0,"engagementSEIrank":191,"engagementScore":0,"voiceSEI":0,"voiceSEIadj":0,"voiceSEIrank":191,"voiceScore":0}}},"quarter":{"boundaryQuantum":4958502,"combined":{"entityString":"536575feb08f37d80186a076","type":"combined","profiles":2,"postsMade":234,"repliesMade":0,"repliesRcvd":2247,"sharesMade":0,"sharesRcvd":365,"mentionsRcvd":0,"likesRcvd":15319,"reachRcvd":0,"audience":34163,"voice":234,"conversation":2481,"engagement":17931,"group_scoped":{"audienceScore":2.441222161721053,"voiceScore":1.6504443504020312,"engagementScore":1.4536212850819592,"combinedScore":1.5128424821799176,"combinedScoreRank":23,"SEIrank":53,"engagementSEIrank":19,"voiceSEIrank":85,"audienceSEIrank":38,"engagementSEI":1.7580514855834093,"engagementSEIadj":1.7580514855834093,"voiceSEI":2.719033232628399,"voiceSEIadj":2.719033232628399,"audienceSEI":3.5311324265101085,"audienceSEIadj":3.5311324265101085,"SEI":2.223654103789576,"SEIadj":2.223654103789576},"non_scoped":{"SEI":0.8853199968341221,"SEIrank":76,"SEIadj":0,"audienceSEI":1.3588625378268382,"audienceSEIadj":0,"audienceSEIrank":46,"audienceScore":0.25159807084824337,"combinedScore":0.07750719995543703,"combinedScoreRank":51,"engagementSEI":0.1564152223563071,"engagementSEIadj":0,"engagementSEIrank":47,"engagementScore":0.06057766177185015,"voiceSEI":2.1852820321255138,"voiceSEIadj":0,"voiceSEIrank":84,"voiceScore":0.20814801636719446},"scoped":{"SEI":6.693493737765685,"SEIrank":55,"SEIadj":0,"audienceSEI":17.83847571705315,"audienceSEIadj":0,"audienceSEIrank":35,"audienceScore":0.7269721057464269,"combinedScore":0.5909132100917232,"combinedScoreRank":40,"engagementSEI":3.6284423255541007,"engagementSEIadj":0,"engagementSEIrank":38,"engagementScore":0.5918638280792532,"voiceSEI":9.108602569093033,"voiceSEIadj":0,"voiceSEIrank":74,"voiceScore":0.4377431906614786}},"facebook":{"entityString":"536575feb08f37d80186a076","type":"facebook","profiles":1,"postsMade":41,"repliesMade":0,"repliesRcvd":2247,"sharesMade":0,"sharesRcvd":247,"mentionsRcvd":0,"likesRcvd":13394,"reachRcvd":0,"audience":23879,"voice":41,"conversation":2288,"engagement":15888,"group_scoped":{"audienceScore":2.257504294448368,"voiceScore":1.0366624525916561,"engagementScore":1.4057091894876168,"combinedScore":1.4298466078908565,"combinedScoreRank":22,"SEIrank":44,"engagementSEIrank":18,"voiceSEIrank":90,"audienceSEIrank":28,"engagementSEI":1.644175842371057,"engagementSEIadj":1.644175842371057,"voiceSEI":1.2760659819483349,"voiceSEIadj":1.2760659819483349,"audienceSEI":2.843939998451727,"audienceSEIadj":2.843939998451727,"SEI":1.6537192998523074,"SEIadj":1.6537192998523074},"non_scoped":{"SEI":0.4741004020917492,"SEIrank":81,"SEIadj":0,"audienceSEI":1.2977040328330696,"audienceSEIadj":0,"audienceSEIrank":35,"audienceScore":0.24899506264239873,"combinedScore":0.07124046203079332,"combinedScoreRank":47,"engagementSEI":0.1434823235791904,"engagementSEIadj":0,"engagementSEIrank":43,"engagementScore":0.059711614100615054,"voiceSEI":0.8608020155364265,"voiceSEIadj":0,"voiceSEIrank":92,"voiceScore":0.10100512416239653},"scoped":{"SEI":11.283144602092394,"SEIrank":42,"SEIadj":0,"audienceSEI":16.768842915428962,"audienceSEIadj":0,"audienceSEIrank":26,"audienceScore":1.0264634917468964,"combinedScore":0.7836224723238957,"combinedScoreRank":36,"engagementSEI":13.510433850915831,"engagementSEIadj":0,"engagementSEIrank":34,"engagementScore":0.7981200374947631,"voiceSEI":5,"voiceSEIadj":0,"voiceSEIrank":83,"voiceScore":0.2798252798252798}},"twitter":{"entityString":"536575feb08f37d80186a076","type":"twitter","profiles":1,"postsMade":193,"repliesMade":0,"repliesRcvd":0,"sharesMade":0,"sharesRcvd":118,"mentionsRcvd":0,"likesRcvd":1925,"reachRcvd":0,"audience":10284,"voice":193,"conversation":193,"engagement":2043,"group_scoped":{"audienceScore":3.0245813407683215,"voiceScore":1.9050439245878987,"engagementScore":2.4408893774119167,"combinedScore":2.4432817029385365,"combinedScoreRank":61,"SEIrank":64,"engagementSEIrank":57,"voiceSEIrank":85,"audienceSEIrank":61,"engagementSEI":6.004761484877877,"engagementSEIadj":6.004761484877877,"voiceSEI":3.640822486323335,"voiceSEIadj":3.640822486323335,"audienceSEI":8.149744825181475,"audienceSEIadj":8.149744825181475,"SEI":5.510078119341873,"SEIadj":5.510078119341873},"non_scoped":{"SEI":1.7306231978356608,"SEIrank":68,"SEIadj":0,"audienceSEI":1.856076466596399,"audienceSEIadj":0,"audienceSEIrank":70,"audienceScore":0.3003825759412367,"combinedScore":0.25011466645860286,"combinedScoreRank":65,"engagementSEI":0.9688341742858226,"engagementSEIadj":0,"engagementSEIrank":63,"engagementScore":0.24581287900664164,"voiceSEI":3.2123834886817573,"voiceSEIadj":0,"voiceSEIrank":71,"voiceScore":0.2772789311112708},"scoped":{"SEI":7.9787515993608435,"SEIrank":60,"SEIadj":0,"audienceSEI":8.82269673910246,"audienceSEIadj":0,"audienceSEIrank":59,"audienceScore":0.4768688026531044,"combinedScore":0.5077920337326863,"combinedScoreRank":55,"engagementSEI":6.427357956332977,"engagementSEIadj":0,"engagementSEIrank":53,"engagementScore":0.5096262740656852,"voiceSEI":10.800223838836038,"voiceSEIadj":0,"voiceSEIrank":61,"voiceScore":0.505698938818289}},"instagram":{"entityString":"536575feb08f37d80186a076","type":"instagram","profiles":0,"postsMade":0,"repliesMade":0,"repliesRcvd":0,"sharesMade":0,"sharesRcvd":0,"mentionsRcvd":0,"likesRcvd":0,"reachRcvd":0,"audience":0,"voice":0,"conversation":0,"engagement":0,"group_scoped":{"audienceScore":0,"voiceScore":0,"engagementScore":0,"combinedScore":0,"combinedScoreRank":214,"SEIrank":214,"engagementSEIrank":214,"voiceSEIrank":214,"audienceSEIrank":214,"engagementSEI":0,"engagementSEIadj":0,"voiceSEI":0,"voiceSEIadj":0,"audienceSEI":0,"audienceSEIadj":0,"SEI":0,"SEIadj":0},"non_scoped":{"SEI":0,"SEIrank":214,"SEIadj":0,"audienceSEI":0,"audienceSEIadj":0,"audienceSEIrank":214,"audienceScore":0,"combinedScore":0,"combinedScoreRank":214,"engagementSEI":0,"engagementSEIadj":0,"engagementSEIrank":214,"engagementScore":0,"voiceSEI":0,"voiceSEIadj":0,"voiceSEIrank":214,"voiceScore":0},"scoped":{"SEI":0,"SEIrank":191,"SEIadj":0,"audienceSEI":0,"audienceSEIadj":0,"audienceSEIrank":191,"audienceScore":0,"combinedScore":0,"combinedScoreRank":191,"engagementSEI":0,"engagementSEIadj":0,"engagementSEIrank":191,"engagementScore":0,"voiceSEI":0,"voiceSEIadj":0,"voiceSEIrank":191,"voiceScore":0}}},"blended":{"combined":{"non_scoped":{"SEI":0.8334941811836482,"SEIadj":50.41674709059183,"SEIrank":77,"audienceSEI":1.3588625378268384,"audienceSEIadj":60.54354501513073,"audienceSEIrank":46,"engagementSEI":0.14196871956324908,"engagementSEIadj":60.0567874878253,"engagementSEIrank":50,"voiceSEI":2.041422318876717,"voiceSEIadj":51.020711159438356,"voiceSEIrank":88},"scoped":{"SEI":14.01121659008294,"SEIadj":65.60448663603317,"SEIrank":52,"compCharisma":6,"compInfluence":3,"compEva":5.01121659008294,"audienceSEI":17.83847571705315,"audienceSEIadj":67.13539028682126,"audienceSEIrank":35,"engagementSEI":3.910759511633529,"engagementSEIadj":61.56430380465341,"engagementSEIrank":41,"voiceSEI":8.211342536324612,"voiceSEIadj":54.105671268162304,"voiceSEIrank":77}},"facebook":{"non_scoped":{"SEI":0.4449861815430346,"SEIadj":50.222493090771515,"SEIrank":85,"audienceSEI":1.2977040328330696,"audienceSEIadj":60.51908161313323,"audienceSEIrank":35,"engagementSEI":0.13351381835908613,"engagementSEIadj":60.053405527343635,"engagementSEIrank":45,"voiceSEI":0.7836916241475864,"voiceSEIadj":50.3918458120738,"voiceSEIrank":95},"scoped":{"SEI":9.069874436752492,"SEIadj":63.627949774700994,"SEIrank":43,"audienceSEI":16.768842915428962,"audienceSEIadj":66.70753716617159,"audienceSEIrank":26,"engagementSEI":10.241659154671964,"engagementSEIadj":64.09666366186879,"engagementSEIrank":36,"voiceSEI":4.159982174688057,"voiceSEIadj":52.07999108734403,"voiceSEIrank":86}},"twitter":{"non_scoped":{"SEI":1.5775302103725386,"SEIadj":50.78876510518627,"SEIrank":74,"audienceSEI":1.8560764665963987,"audienceSEIadj":50.928038233298196,"audienceSEIrank":70,"engagementSEI":0.8090372839191946,"engagementSEIadj":50.4045186419596,"engagementSEIrank":73,"voiceSEI":3.021667311204607,"voiceSEIadj":51.510833655602305,"voiceSEIrank":71},"scoped":{"SEI":6.845447745112263,"SEIadj":53.42272387255613,"SEIrank":63,"audienceSEI":8.82269673910246,"audienceSEIadj":63.52907869564098,"audienceSEIrank":59,"engagementSEI":5.104918764436059,"engagementSEIadj":62.04196750577442,"engagementSEIrank":60,"voiceSEI":9.667422708467939,"voiceSEIadj":63.866969083387175,"voiceSEIrank":61}},"instagram":{"non_scoped":{"SEI":0,"SEIadj":0,"SEIrank":214,"audienceSEI":0,"audienceSEIadj":0,"audienceSEIrank":214,"engagementSEI":0,"engagementSEIadj":0,"engagementSEIrank":214,"voiceSEI":0,"voiceSEIadj":0,"voiceSEIrank":214},"scoped":{"SEI":0,"SEIadj":0,"SEIrank":191,"audienceSEI":0,"audienceSEIadj":0,"audienceSEIrank":191,"engagementSEI":0,"engagementSEIadj":0,"engagementSEIrank":191,"voiceSEI":0,"voiceSEIadj":0,"voiceSEIrank":191}},"influence":{"instagram":{"scope":"individual","ratio":0,"calculated":false},"combined":{"ratio":0.53,"bottom":false,"scope":"individual","calculated":true},"facebook":{"ratio":0.57,"bottom":false,"scope":"individual","calculated":true},"twitter":{"ratio":0.9,"bottom":false,"scope":"individual","calculated":true}},"charisma":{"instagram":{"scope":"individual","ratio":0,"calculated":false},"combined":{"ratio":1.32,"bottom":false,"scope":"individual","calculated":true},"facebook":{"ratio":2,"bottom":false,"scope":"individual","calculated":true},"twitter":{"ratio":1.15,"bottom":false,"scope":"individual","calculated":true}}},"scope":"individual"}}