{"scoreEntityString":"591d1494ab33fb0001804f89.asset.536575feb08f37d80186a0e7","timeQuantum":4984422,"scoreEntityType":"asset","scoreProfileID":"591d1494ab33fb0001804f89","data":{"scoreEntityString":"591d1494ab33fb0001804f89.asset.536575feb08f37d80186a0e7","scoreProfileID":"591d1494ab33fb0001804f89","scoreEntityType":"asset","entityID":"asset.536575feb08f37d80186a0e7","object_version":"1.2","score_engine_version":"3.0.19","timestamp":4984422,"start_quantum":4958502,"end_quantum":4984421,"schedule_options":{"interval":15,"offset":"1"},"_15min":{"boundaryQuantum":4984419,"combined":{"entityString":"536575feb08f37d80186a0e7","type":"combined","profiles":3,"postsMade":0,"repliesMade":0,"repliesRcvd":0,"sharesMade":0,"sharesRcvd":0,"mentionsRcvd":0,"likesRcvd":0,"reachRcvd":0,"audience":15403,"voice":0,"conversation":0,"engagement":0,"group_scoped":{"audienceScore":0.5296110077119037,"voiceScore":0,"engagementScore":0,"combinedScore":0.5296110077119037,"engagementSEI":0,"engagementSEIadj":0,"voiceSEI":0,"voiceSEIadj":0,"audienceSEI":0.8137516258654992,"audienceSEIadj":0.8137516258654992,"SEI":0.08137516258654992,"SEIadj":0.08137516258654992,"combinedScoreRank":121,"SEIrank":125,"engagementSEIrank":90,"voiceSEIrank":86,"audienceSEIrank":125},"non_scoped":{"SEI":0.061266749612583174,"SEIrank":102,"SEIadj":0,"audienceSEI":0.6126674961258317,"audienceSEIadj":0,"audienceSEIrank":102,"audienceScore":0.11343749334881283,"combinedScore":0.005671874667440641,"combinedScoreRank":102,"engagementSEI":0,"engagementSEIadj":0,"engagementSEIrank":90,"engagementScore":0,"voiceSEI":0,"voiceSEIadj":0,"voiceSEIrank":86,"voiceScore":0},"scoped":{"SEI":0.8042796050398668,"SEIrank":90,"SEIadj":0,"audienceSEI":8.042796050398668,"audienceSEIadj":0,"audienceSEIrank":90,"audienceScore":0.3277683852358462,"combinedScore":0.046824055033692316,"combinedScoreRank":90,"engagementSEI":0,"engagementSEIadj":0,"engagementSEIrank":77,"engagementScore":0,"voiceSEI":0,"voiceSEIadj":0,"voiceSEIrank":75,"voiceScore":0}},"facebook":{"entityString":"536575feb08f37d80186a0e7","type":"facebook","profiles":1,"postsMade":0,"repliesMade":0,"repliesRcvd":0,"sharesMade":0,"sharesRcvd":0,"mentionsRcvd":0,"likesRcvd":0,"reachRcvd":0,"audience":5483,"voice":0,"conversation":0,"engagement":0,"group_scoped":{"audienceScore":0.2665388498724668,"voiceScore":0,"engagementScore":0,"combinedScore":0.2665388498724668,"engagementSEI":0,"engagementSEIadj":0,"voiceSEI":0,"voiceSEIadj":0,"audienceSEI":0.31667922871887283,"audienceSEIadj":0.31667922871887283,"SEI":0.031667922871887286,"SEIadj":0.031667922871887286,"combinedScoreRank":118,"SEIrank":123,"engagementSEIrank":89,"voiceSEIrank":86,"audienceSEIrank":123},"non_scoped":{"SEI":0.029797358398692242,"SEIrank":105,"SEIadj":0,"audienceSEI":0.2979735839869224,"audienceSEIadj":0,"audienceSEIrank":105,"audienceScore":0.0571732454653994,"combinedScore":0.00285866227326997,"combinedScoreRank":105,"engagementSEI":0,"engagementSEIadj":0,"engagementSEIrank":89,"engagementScore":0,"voiceSEI":0,"voiceSEIadj":0,"voiceSEIrank":86,"voiceScore":0},"scoped":{"SEI":0.3850394309028729,"SEIrank":93,"SEIadj":0,"audienceSEI":3.850394309028729,"audienceSEIadj":0,"audienceSEIrank":93,"audienceScore":0.2356924211754359,"combinedScore":0.033670345882205126,"combinedScoreRank":93,"engagementSEI":0,"engagementSEIadj":0,"engagementSEIrank":76,"engagementScore":0,"voiceSEI":0,"voiceSEIadj":0,"voiceSEIrank":75,"voiceScore":0}},"twitter":{"entityString":"536575feb08f37d80186a0e7","type":"twitter","profiles":1,"postsMade":0,"repliesMade":0,"repliesRcvd":0,"sharesMade":0,"sharesRcvd":0,"mentionsRcvd":0,"likesRcvd":0,"reachRcvd":0,"audience":8715,"voice":0,"conversation":0,"engagement":0,"group_scoped":{"audienceScore":1.5336046836973336,"voiceScore":0,"engagementScore":0,"combinedScore":1.5336046836973336,"engagementSEI":0,"engagementSEIadj":0,"voiceSEI":0,"voiceSEIadj":0,"audienceSEI":9.183157362331668,"audienceSEIadj":9.183157362331668,"SEI":0.9183157362331669,"SEIadj":0.9183157362331669,"combinedScoreRank":94,"SEIrank":53,"engagementSEIrank":87,"voiceSEIrank":85,"audienceSEIrank":52},"non_scoped":{"SEI":0.1572900272888722,"SEIrank":89,"SEIadj":0,"audienceSEI":1.572900272888722,"audienceSEIadj":0,"audienceSEIrank":89,"audienceScore":0.25455407908672484,"combinedScore":0.012727703954336242,"combinedScoreRank":89,"engagementSEI":0,"engagementSEIadj":0,"engagementSEIrank":87,"engagementScore":0,"voiceSEI":0,"voiceSEIadj":0,"voiceSEIrank":85,"voiceScore":0},"scoped":{"SEI":0.7476643531823993,"SEIrank":77,"SEIadj":0,"audienceSEI":7.476643531823993,"audienceSEIadj":0,"audienceSEIrank":77,"audienceScore":0.4041143149671144,"combinedScore":0.05773061642387348,"combinedScoreRank":77,"engagementSEI":0,"engagementSEIadj":0,"engagementSEIrank":76,"engagementScore":0,"voiceSEI":0,"voiceSEIadj":0,"voiceSEIrank":75,"voiceScore":0}},"instagram":{"entityString":"536575feb08f37d80186a0e7","type":"instagram","profiles":1,"postsMade":0,"repliesMade":0,"repliesRcvd":0,"sharesMade":0,"sharesRcvd":0,"mentionsRcvd":0,"likesRcvd":0,"reachRcvd":0,"audience":1205,"voice":0,"conversation":0,"engagement":0,"group_scoped":{"audienceScore":0.42582364186994887,"voiceScore":0,"engagementScore":0,"combinedScore":0.42582364186994887,"engagementSEI":0,"engagementSEIadj":0,"voiceSEI":0,"voiceSEIadj":0,"audienceSEI":1.6496002628408717,"audienceSEIadj":1.6496002628408717,"SEI":0.16496002628408718,"SEIadj":0.16496002628408718,"combinedScoreRank":57,"SEIrank":20,"engagementSEIrank":86,"voiceSEIrank":84,"audienceSEIrank":20},"non_scoped":{"SEI":0.10048365577051366,"SEIrank":20,"SEIadj":0,"audienceSEI":1.0048365577051366,"audienceSEIadj":0,"audienceSEIrank":20,"audienceScore":0.21341825195397252,"combinedScore":0.030488321707710358,"combinedScoreRank":20,"engagementSEI":0,"engagementSEIadj":0,"engagementSEIrank":86,"engagementScore":0,"voiceSEI":0,"voiceSEIadj":0,"voiceSEIrank":84,"voiceScore":0},"scoped":{"SEI":0.16496002628408718,"SEIrank":15,"SEIadj":0,"audienceSEI":1.6496002628408717,"audienceSEIadj":0,"audienceSEIrank":15,"audienceScore":0.5567105567105568,"combinedScore":0.07953007953007954,"combinedScoreRank":15,"engagementSEI":0,"engagementSEIadj":0,"engagementSEIrank":75,"engagementScore":0,"voiceSEI":0,"voiceSEIadj":0,"voiceSEIrank":75,"voiceScore":0}}},"hour":{"boundaryQuantum":4984410,"combined":{"entityString":"536575feb08f37d80186a0e7","type":"combined","profiles":3,"postsMade":0,"repliesMade":0,"repliesRcvd":0,"sharesMade":0,"sharesRcvd":0,"mentionsRcvd":0,"likesRcvd":0,"reachRcvd":0,"audience":15403,"voice":0,"conversation":0,"engagement":0,"group_scoped":{"audienceScore":0.5296110077119037,"voiceScore":0,"engagementScore":0,"combinedScore":0.5296110077119037,"combinedScoreRank":108,"SEIrank":134,"engagementSEIrank":121,"voiceSEIrank":91,"audienceSEIrank":125,"engagementSEI":0,"engagementSEIadj":0,"voiceSEI":0,"voiceSEIadj":0,"audienceSEI":0.8137516258654992,"audienceSEIadj":0.8137516258654992,"SEI":0.08137516258654992,"SEIadj":0.08137516258654992},"non_scoped":{"SEI":0.061266749612583174,"SEIrank":107,"SEIadj":0,"audienceSEI":0.6126674961258317,"audienceSEIadj":0,"audienceSEIrank":102,"audienceScore":0.11343749334881283,"combinedScore":0.005671874667440641,"combinedScoreRank":114,"engagementSEI":0,"engagementSEIadj":0,"engagementSEIrank":121,"engagementScore":0,"voiceSEI":0,"voiceSEIadj":0,"voiceSEIrank":91,"voiceScore":0},"scoped":{"SEI":0.8042796050398668,"SEIrank":95,"SEIadj":0,"audienceSEI":8.042796050398668,"audienceSEIadj":0,"audienceSEIrank":90,"audienceScore":0.3277683852358462,"combinedScore":0.01638841926179231,"combinedScoreRank":102,"engagementSEI":0,"engagementSEIadj":0,"engagementSEIrank":106,"engagementScore":0,"voiceSEI":0,"voiceSEIadj":0,"voiceSEIrank":78,"voiceScore":0}},"facebook":{"entityString":"536575feb08f37d80186a0e7","type":"facebook","profiles":1,"postsMade":0,"repliesMade":0,"repliesRcvd":0,"sharesMade":0,"sharesRcvd":0,"mentionsRcvd":0,"likesRcvd":0,"reachRcvd":0,"audience":5483,"voice":0,"conversation":0,"engagement":0,"group_scoped":{"audienceScore":0.2665388498724668,"voiceScore":0,"engagementScore":0,"combinedScore":0.2665388498724668,"combinedScoreRank":111,"SEIrank":124,"engagementSEIrank":113,"voiceSEIrank":88,"audienceSEIrank":123,"engagementSEI":0,"engagementSEIadj":0,"voiceSEI":0,"voiceSEIadj":0,"audienceSEI":0.31667922871887283,"audienceSEIadj":0.31667922871887283,"SEI":0.031667922871887286,"SEIadj":0.031667922871887286},"non_scoped":{"SEI":0.029797358398692242,"SEIrank":107,"SEIadj":0,"audienceSEI":0.2979735839869224,"audienceSEIadj":0,"audienceSEIrank":105,"audienceScore":0.0571732454653994,"combinedScore":0.00285866227326997,"combinedScoreRank":109,"engagementSEI":0,"engagementSEIadj":0,"engagementSEIrank":113,"engagementScore":0,"voiceSEI":0,"voiceSEIadj":0,"voiceSEIrank":88,"voiceScore":0},"scoped":{"SEI":0.3850394309028729,"SEIrank":97,"SEIadj":0,"audienceSEI":3.850394309028729,"audienceSEIadj":0,"audienceSEIrank":93,"audienceScore":0.2356924211754359,"combinedScore":0.011784621058771795,"combinedScoreRank":97,"engagementSEI":0,"engagementSEIadj":0,"engagementSEIrank":98,"engagementScore":0,"voiceSEI":0,"voiceSEIadj":0,"voiceSEIrank":75,"voiceScore":0}},"twitter":{"entityString":"536575feb08f37d80186a0e7","type":"twitter","profiles":1,"postsMade":0,"repliesMade":0,"repliesRcvd":0,"sharesMade":0,"sharesRcvd":0,"mentionsRcvd":0,"likesRcvd":0,"reachRcvd":0,"audience":8715,"voice":0,"conversation":0,"engagement":0,"group_scoped":{"audienceScore":1.5336046836973336,"voiceScore":0,"engagementScore":0,"combinedScore":1.5336046836973336,"combinedScoreRank":102,"SEIrank":74,"engagementSEIrank":105,"voiceSEIrank":90,"audienceSEIrank":52,"engagementSEI":0,"engagementSEIadj":0,"voiceSEI":0,"voiceSEIadj":0,"audienceSEI":9.183157362331668,"audienceSEIadj":9.183157362331668,"SEI":0.9183157362331669,"SEIadj":0.9183157362331669},"non_scoped":{"SEI":0.1572900272888722,"SEIrank":99,"SEIadj":0,"audienceSEI":1.572900272888722,"audienceSEIadj":0,"audienceSEIrank":89,"audienceScore":0.25455407908672484,"combinedScore":0.012727703954336242,"combinedScoreRank":99,"engagementSEI":0,"engagementSEIadj":0,"engagementSEIrank":105,"engagementScore":0,"voiceSEI":0,"voiceSEIadj":0,"voiceSEIrank":90,"voiceScore":0},"scoped":{"SEI":0.7476643531823993,"SEIrank":87,"SEIadj":0,"audienceSEI":7.476643531823993,"audienceSEIadj":0,"audienceSEIrank":77,"audienceScore":0.4041143149671144,"combinedScore":0.020205715748355724,"combinedScoreRank":87,"engagementSEI":0,"engagementSEIadj":0,"engagementSEIrank":92,"engagementScore":0,"voiceSEI":0,"voiceSEIadj":0,"voiceSEIrank":78,"voiceScore":0}},"instagram":{"entityString":"536575feb08f37d80186a0e7","type":"instagram","profiles":1,"postsMade":0,"repliesMade":0,"repliesRcvd":0,"sharesMade":0,"sharesRcvd":0,"mentionsRcvd":0,"likesRcvd":0,"reachRcvd":0,"audience":1205,"voice":0,"conversation":0,"engagement":0,"group_scoped":{"audienceScore":0.42582364186994887,"voiceScore":0,"engagementScore":0,"combinedScore":0.42582364186994887,"combinedScoreRank":57,"SEIrank":21,"engagementSEIrank":90,"voiceSEIrank":84,"audienceSEIrank":20,"engagementSEI":0,"engagementSEIadj":0,"voiceSEI":0,"voiceSEIadj":0,"audienceSEI":1.6496002628408717,"audienceSEIadj":1.6496002628408717,"SEI":0.16496002628408718,"SEIadj":0.16496002628408718},"non_scoped":{"SEI":0.10048365577051366,"SEIrank":21,"SEIadj":0,"audienceSEI":1.0048365577051366,"audienceSEIadj":0,"audienceSEIrank":20,"audienceScore":0.21341825195397252,"combinedScore":0.030488321707710358,"combinedScoreRank":21,"engagementSEI":0,"engagementSEIadj":0,"engagementSEIrank":90,"engagementScore":0,"voiceSEI":0,"voiceSEIadj":0,"voiceSEIrank":84,"voiceScore":0},"scoped":{"SEI":0.16496002628408718,"SEIrank":16,"SEIadj":0,"audienceSEI":1.6496002628408717,"audienceSEIadj":0,"audienceSEIrank":15,"audienceScore":0.5567105567105568,"combinedScore":0.07953007953007954,"combinedScoreRank":16,"engagementSEI":0,"engagementSEIadj":0,"engagementSEIrank":79,"engagementScore":0,"voiceSEI":0,"voiceSEIadj":0,"voiceSEIrank":75,"voiceScore":0}}},"today":{"boundaryQuantum":4984134,"combined":{"entityString":"536575feb08f37d80186a0e7","type":"combined","profiles":3,"postsMade":0,"repliesMade":0,"repliesRcvd":0,"sharesMade":0,"sharesRcvd":0,"mentionsRcvd":0,"likesRcvd":7,"reachRcvd":0,"audience":15403,"voice":0,"conversation":0,"engagement":7,"group_scoped":{"audienceScore":0.5296110077119037,"voiceScore":0,"engagementScore":0.003243323387141613,"combinedScore":0.07843870686210762,"combinedScoreRank":193,"SEIrank":161,"engagementSEIrank":151,"voiceSEIrank":156,"audienceSEIrank":125,"engagementSEI":0.003584357862288971,"engagementSEIadj":0.003584357862288971,"voiceSEI":0,"voiceSEIadj":0,"audienceSEI":0.8137516258654992,"audienceSEIadj":0.8137516258654992,"SEI":0.0835257773039233,"SEIadj":0.0835257773039233},"non_scoped":{"SEI":0.06341736432995655,"SEIrank":140,"SEIadj":0,"audienceSEI":0.6126674961258317,"audienceSEIadj":0,"audienceSEIrank":102,"audienceScore":0.11343749334881283,"combinedScore":0.007352807024588072,"combinedScoreRank":136,"engagementSEI":0.003584357862288971,"engagementSEIadj":0,"engagementSEIrank":110,"engagementScore":0.0018677026190527012,"voiceSEI":0,"voiceSEIadj":0,"voiceSEIrank":156,"voiceScore":0},"scoped":{"SEI":0.8279003237845943,"SEIrank":126,"SEIadj":0,"audienceSEI":8.042796050398668,"audienceSEIadj":0,"audienceSEIrank":90,"audienceScore":0.3277683852358462,"combinedScore":0.03322973662706177,"combinedScoreRank":113,"engagementSEI":0.039367864574545865,"engagementSEIadj":0,"engagementSEIrank":99,"engagementScore":0.018712574850299403,"voiceSEI":0,"voiceSEIadj":0,"voiceSEIrank":139,"voiceScore":0}},"facebook":{"entityString":"536575feb08f37d80186a0e7","type":"facebook","profiles":1,"postsMade":0,"repliesMade":0,"repliesRcvd":0,"sharesMade":0,"sharesRcvd":0,"mentionsRcvd":0,"likesRcvd":3,"reachRcvd":0,"audience":5483,"voice":0,"conversation":0,"engagement":3,"group_scoped":{"audienceScore":0.2665388498724668,"voiceScore":0,"engagementScore":0.0015868146283151202,"combinedScore":0.03943710537747964,"combinedScoreRank":157,"SEIrank":129,"engagementSEIrank":106,"voiceSEIrank":123,"audienceSEIrank":123,"engagementSEI":0.0015973420228739376,"engagementSEIadj":0.0015973420228739376,"voiceSEI":0,"voiceSEIadj":0,"audienceSEI":0.31667922871887283,"audienceSEIadj":0.31667922871887283,"SEI":0.032626328085611646,"SEIadj":0.032626328085611646},"non_scoped":{"SEI":0.030755763612416605,"SEIrank":114,"SEIadj":0,"audienceSEI":0.2979735839869224,"audienceSEIadj":0,"audienceSEIrank":105,"audienceScore":0.0571732454653994,"combinedScore":0.0036664142993813025,"combinedScoreRank":113,"engagementSEI":0.0015973420228739376,"engagementSEIadj":0,"engagementSEIrank":91,"engagementScore":0.0008975022512348136,"voiceSEI":0,"voiceSEIadj":0,"voiceSEIrank":123,"voiceScore":0},"scoped":{"SEI":0.4363507193863393,"SEIrank":102,"SEIadj":0,"audienceSEI":3.850394309028729,"audienceSEIadj":0,"audienceSEIrank":93,"audienceScore":0.2356924211754359,"combinedScore":0.029755867065161572,"combinedScoreRank":96,"engagementSEI":0.08551881413911061,"engagementSEIadj":0,"engagementSEIrank":81,"engagementScore":0.019968051118210862,"voiceSEI":0,"voiceSEIadj":0,"voiceSEIrank":109,"voiceScore":0}},"twitter":{"entityString":"536575feb08f37d80186a0e7","type":"twitter","profiles":1,"postsMade":0,"repliesMade":0,"repliesRcvd":0,"sharesMade":0,"sharesRcvd":0,"mentionsRcvd":0,"likesRcvd":0,"reachRcvd":0,"audience":8715,"voice":0,"conversation":0,"engagement":0,"group_scoped":{"audienceScore":1.5336046836973336,"voiceScore":0,"engagementScore":0,"combinedScore":1.5336046836973336,"combinedScoreRank":97,"SEIrank":134,"engagementSEIrank":170,"voiceSEIrank":145,"audienceSEIrank":52,"engagementSEI":0,"engagementSEIadj":0,"voiceSEI":0,"voiceSEIadj":0,"audienceSEI":9.183157362331668,"audienceSEIadj":9.183157362331668,"SEI":0.9183157362331669,"SEIadj":0.9183157362331669},"non_scoped":{"SEI":0.1572900272888722,"SEIrank":147,"SEIadj":0,"audienceSEI":1.572900272888722,"audienceSEIadj":0,"audienceSEIrank":89,"audienceScore":0.25455407908672484,"combinedScore":0.012727703954336242,"combinedScoreRank":155,"engagementSEI":0,"engagementSEIadj":0,"engagementSEIrank":170,"engagementScore":0,"voiceSEI":0,"voiceSEIadj":0,"voiceSEIrank":145,"voiceScore":0},"scoped":{"SEI":0.7476643531823993,"SEIrank":128,"SEIadj":0,"audienceSEI":7.476643531823993,"audienceSEIadj":0,"audienceSEIrank":77,"audienceScore":0.4041143149671144,"combinedScore":0.020205715748355724,"combinedScoreRank":141,"engagementSEI":0,"engagementSEIadj":0,"engagementSEIrank":153,"engagementScore":0,"voiceSEI":0,"voiceSEIadj":0,"voiceSEIrank":128,"voiceScore":0}},"instagram":{"entityString":"536575feb08f37d80186a0e7","type":"instagram","profiles":1,"postsMade":0,"repliesMade":0,"repliesRcvd":0,"sharesMade":0,"sharesRcvd":0,"mentionsRcvd":0,"likesRcvd":4,"reachRcvd":0,"audience":1205,"voice":0,"conversation":0,"engagement":4,"group_scoped":{"audienceScore":0.42582364186994887,"voiceScore":0,"engagementScore":0.01531569475820347,"combinedScore":0.07395968720273852,"combinedScoreRank":62,"SEIrank":22,"engagementSEIrank":16,"voiceSEIrank":87,"audienceSEIrank":20,"engagementSEI":0.022591212018524796,"engagementSEIadj":0.022591212018524796,"voiceSEI":0,"voiceSEIadj":0,"audienceSEI":1.6496002628408717,"audienceSEIadj":1.6496002628408717,"SEI":0.17851475349520204,"SEIadj":0.17851475349520204},"non_scoped":{"SEI":0.11403838298162854,"SEIrank":22,"SEIadj":0,"audienceSEI":1.0048365577051366,"audienceSEIadj":0,"audienceSEIrank":20,"audienceScore":0.21341825195397252,"combinedScore":0.021193228676382167,"combinedScoreRank":22,"engagementSEI":0.022591212018524796,"engagementSEIadj":0,"engagementSEIrank":16,"engagementScore":0.01169146230964838,"voiceSEI":0,"voiceSEIadj":0,"voiceSEIrank":87,"voiceScore":0},"scoped":{"SEI":0.17851475349520204,"SEIrank":17,"SEIadj":0,"audienceSEI":1.6496002628408717,"audienceSEIadj":0,"audienceSEIrank":15,"audienceScore":0.5567105567105568,"combinedScore":0.04699567472998736,"combinedScoreRank":18,"engagementSEI":0.022591212018524796,"engagementSEIadj":0,"engagementSEIrank":11,"engagementScore":0.021289052104955027,"voiceSEI":0,"voiceSEIadj":0,"voiceSEIrank":75,"voiceScore":0}}},"week":{"boundaryQuantum":4982406,"combined":{"entityString":"536575feb08f37d80186a0e7","type":"combined","profiles":3,"postsMade":11,"repliesMade":0,"repliesRcvd":19,"sharesMade":0,"sharesRcvd":12,"mentionsRcvd":0,"likesRcvd":269,"reachRcvd":0,"audience":15403,"voice":11,"conversation":30,"engagement":300,"group_scoped":{"audienceScore":0.5296110077119037,"voiceScore":0.728476821192053,"engagementScore":0.02883786296055269,"combinedScore":0.08885846810969526,"combinedScoreRank":161,"SEIrank":126,"engagementSEIrank":139,"voiceSEIrank":112,"audienceSEIrank":125,"engagementSEI":0.03069738315041104,"engagementSEIadj":0.03069738315041104,"voiceSEI":1.6541353383458646,"voiceSEIadj":1.6541353383458646,"audienceSEI":0.8137516258654992,"audienceSEIadj":0.8137516258654992,"SEI":0.5960341939805559,"SEIadj":0.5960341939805559},"non_scoped":{"SEI":0.4634061097353879,"SEIrank":123,"SEIadj":0,"audienceSEI":0.6126674961258317,"audienceSEIadj":0,"audienceSEIrank":102,"audienceScore":0.11343749334881283,"combinedScore":0.022923153498516653,"combinedScoreRank":103,"engagementSEI":0.03069738315041104,"engagementSEIadj":0,"engagementSEIrank":89,"engagementScore":0.012511828891564566,"voiceSEI":1.2790697674418605,"voiceSEIadj":0,"voiceSEIrank":118,"voiceScore":0.11981265657335803},"scoped":{"SEI":2.889389258242905,"SEIrank":106,"SEIadj":0,"audienceSEI":8.042796050398668,"audienceSEIadj":0,"audienceSEIrank":90,"audienceScore":0.3277683852358462,"combinedScore":0.16008316471102774,"combinedScoreRank":82,"engagementSEI":0.9977052778609198,"engagementSEIadj":0,"engagementSEIrank":79,"engagementScore":0.14571170453551965,"voiceSEI":4.954954954954955,"voiceSEIadj":0,"voiceSEIrank":108,"voiceScore":0.25108422734535496}},"facebook":{"entityString":"536575feb08f37d80186a0e7","type":"facebook","profiles":1,"postsMade":5,"repliesMade":0,"repliesRcvd":12,"sharesMade":0,"sharesRcvd":5,"mentionsRcvd":0,"likesRcvd":82,"reachRcvd":0,"audience":5483,"voice":5,"conversation":17,"engagement":99,"group_scoped":{"audienceScore":0.2665388498724668,"voiceScore":1.0245901639344261,"engagementScore":0.010468447148617055,"combinedScore":0.07397805312410001,"combinedScoreRank":135,"SEIrank":105,"engagementSEIrank":108,"voiceSEIrank":91,"audienceSEIrank":123,"engagementSEI":0.010655083120411048,"engagementSEIadj":0.010655083120411048,"voiceSEI":1.2722646310432568,"voiceSEIadj":1.2722646310432568,"audienceSEI":0.31667922871887283,"audienceSEIadj":0.31667922871887283,"SEI":0.41974036205711096,"SEIadj":0.41974036205711096},"non_scoped":{"SEI":0.4178697975839159,"SEIrank":87,"SEIadj":0,"audienceSEI":0.2979735839869224,"audienceSEIadj":0,"audienceSEIrank":105,"audienceScore":0.0571732454653994,"combinedScore":0.014676503659276596,"combinedScoreRank":96,"engagementSEI":0.010655083120411048,"engagementSEIadj":0,"engagementSEIrank":89,"engagementScore":0.004549600990801993,"voiceSEI":1.2722646310432568,"voiceSEIadj":0,"voiceSEIrank":73,"voiceScore":0.15446400988569664},"scoped":{"SEI":2.541295912064297,"SEIrank":84,"SEIadj":0,"audienceSEI":3.850394309028729,"audienceSEIadj":0,"audienceSEIrank":93,"audienceScore":0.2356924211754359,"combinedScore":0.09896763969195504,"combinedScoreRank":81,"engagementSEI":0.752851711026616,"engagementSEIadj":0,"engagementSEIrank":78,"engagementScore":0.07332953106135237,"voiceSEI":5.681818181818182,"voiceSEIadj":0,"voiceSEIrank":64,"voiceScore":0.423728813559322}},"twitter":{"entityString":"536575feb08f37d80186a0e7","type":"twitter","profiles":1,"postsMade":3,"repliesMade":0,"repliesRcvd":0,"sharesMade":0,"sharesRcvd":7,"mentionsRcvd":0,"likesRcvd":15,"reachRcvd":0,"audience":8715,"voice":3,"conversation":3,"engagement":22,"group_scoped":{"audienceScore":1.5336046836973336,"voiceScore":0.33707865168539325,"engagementScore":0.32248607446496624,"combinedScore":0.383771633787606,"combinedScoreRank":168,"SEIrank":115,"engagementSEIrank":120,"voiceSEIrank":134,"audienceSEIrank":52,"engagementSEI":1.042654028436019,"engagementSEIadj":1.042654028436019,"voiceSEI":1.477832512315271,"voiceSEIadj":1.477832512315271,"audienceSEI":9.183157362331668,"audienceSEIadj":9.183157362331668,"SEI":1.9872579069893594,"SEIadj":1.9872579069893594},"non_scoped":{"SEI":0.4282245465702813,"SEIrank":150,"SEIadj":0,"audienceSEI":1.572900272888722,"audienceSEIadj":0,"audienceSEIrank":89,"audienceScore":0.25455407908672484,"combinedScore":0.047627585979500314,"combinedScoreRank":136,"engagementSEI":0.1409985259245017,"engagementSEIadj":0,"engagementSEIrank":134,"engagementScore":0.03587151475623675,"voiceSEI":0.6211180124223602,"voiceSEIadj":0,"voiceSEIrank":156,"voiceScore":0.05231037489102005},"scoped":{"SEI":1.8062686892257598,"SEIrank":135,"SEIadj":0,"audienceSEI":7.476643531823993,"audienceSEIadj":0,"audienceSEIrank":77,"audienceScore":0.4041143149671144,"combinedScore":0.09293600034653376,"combinedScoreRank":125,"engagementSEI":0.8384146341463415,"engagementSEIadj":0,"engagementSEIrank":123,"engagementScore":0.07550018875047187,"voiceSEI":1.8518518518518516,"voiceSEIadj":0,"voiceSEIrank":145,"voiceScore":0.09560229445506692}},"instagram":{"entityString":"536575feb08f37d80186a0e7","type":"instagram","profiles":1,"postsMade":3,"repliesMade":0,"repliesRcvd":7,"sharesMade":0,"sharesRcvd":0,"mentionsRcvd":0,"likesRcvd":172,"reachRcvd":0,"audience":1205,"voice":3,"conversation":10,"engagement":179,"group_scoped":{"audienceScore":0.42582364186994887,"voiceScore":2.272727272727273,"engagementScore":0.20392353437079908,"combinedScore":0.31845872666358027,"combinedScoreRank":56,"SEIrank":16,"engagementSEIrank":16,"voiceSEIrank":14,"audienceSEIrank":20,"engagementSEI":0.3888092445371215,"engagementSEIadj":0.3888092445371215,"voiceSEI":4.3478260869565215,"voiceSEIadj":4.3478260869565215,"audienceSEI":1.6496002628408717,"audienceSEIadj":1.6496002628408717,"SEI":1.7025933990933164,"SEIadj":1.7025933990933164},"non_scoped":{"SEI":1.6019535727465384,"SEIrank":16,"SEIadj":0,"audienceSEI":1.0048365577051366,"audienceSEIadj":0,"audienceSEIrank":20,"audienceScore":0.21341825195397252,"combinedScore":0.18288642353879725,"combinedScoreRank":16,"engagementSEI":0.3285368181484472,"engagementSEIadj":0,"engagementSEIrank":16,"engagementScore":0.11160575112540995,"voiceSEI":4.3478260869565215,"voiceSEIadj":0,"voiceSEIrank":14,"voiceScore":1.4354066985645932},"scoped":{"SEI":7.4509728779903694,"SEIrank":10,"SEIadj":0,"audienceSEI":1.6496002628408717,"audienceSEIadj":0,"audienceSEIrank":15,"audienceScore":0.5567105567105568,"combinedScore":0.6518914750826585,"combinedScoreRank":11,"engagementSEI":0.6048932143822655,"engagementSEIadj":0,"engagementSEIrank":11,"engagementScore":0.42884523239099187,"voiceSEI":23.076923076923077,"voiceSEIadj":0,"voiceSEIrank":9,"voiceScore":4.761904761904762}}},"month":{"boundaryQuantum":4975782,"combined":{"entityString":"536575feb08f37d80186a0e7","type":"combined","profiles":3,"postsMade":49,"repliesMade":0,"repliesRcvd":101,"sharesMade":0,"sharesRcvd":77,"mentionsRcvd":0,"likesRcvd":1362,"reachRcvd":0,"audience":15403,"voice":49,"conversation":150,"engagement":1540,"group_scoped":{"audienceScore":0.5296110077119037,"voiceScore":0.8239448461409113,"engagementScore":0.03958020311326569,"combinedScore":0.1032999754945799,"combinedScoreRank":143,"SEIrank":123,"engagementSEIrank":134,"voiceSEIrank":114,"audienceSEIrank":125,"engagementSEI":0.04249633400131683,"engagementSEIadj":0.04249633400131683,"voiceSEI":1.8560606060606062,"voiceSEIadj":1.8560606060606062,"audienceSEI":0.8137516258654992,"audienceSEIadj":0.8137516258654992,"SEI":0.6636911448055219,"SEIadj":0.6636911448055219},"non_scoped":{"SEI":0.4929541051390986,"SEIrank":118,"SEIadj":0,"audienceSEI":0.6126674961258317,"audienceSEIadj":0,"audienceSEIrank":102,"audienceScore":0.11343749334881283,"combinedScore":0.027222848173158842,"combinedScoreRank":97,"engagementSEI":0.04249633400131683,"engagementSEIadj":0,"engagementSEIrank":80,"engagementScore":0.016737205656132154,"voiceSEI":1.3539651837524178,"voiceSEIadj":0,"voiceSEIrank":117,"voiceScore":0.12974976830398519},"scoped":{"SEI":3.2063963193710685,"SEIrank":98,"SEIadj":0,"audienceSEI":8.042796050398668,"audienceSEIadj":0,"audienceSEIrank":90,"audienceScore":0.3277683852358462,"combinedScore":0.17615642423761219,"combinedScoreRank":79,"engagementSEI":1.424580488797617,"engagementSEIadj":0,"engagementSEIrank":71,"engagementScore":0.16232055146826319,"voiceSEI":5.157894736842105,"voiceSEIadj":0,"voiceSEIrank":107,"voiceScore":0.27359017308766054}},"facebook":{"entityString":"536575feb08f37d80186a0e7","type":"facebook","profiles":1,"postsMade":22,"repliesMade":0,"repliesRcvd":68,"sharesMade":0,"sharesRcvd":43,"mentionsRcvd":0,"likesRcvd":545,"reachRcvd":0,"audience":5483,"voice":22,"conversation":90,"engagement":656,"group_scoped":{"audienceScore":0.2665388498724668,"voiceScore":1.080550098231827,"engagementScore":0.018634367853215723,"combinedScore":0.08412537847310884,"combinedScoreRank":117,"SEIrank":99,"engagementSEIrank":106,"voiceSEIrank":84,"audienceSEIrank":123,"engagementSEI":0.01915155683764589,"engagementSEIadj":0.01915155683764589,"voiceSEI":1.4021669853409815,"voiceSEIadj":1.4021669853409815,"audienceSEI":0.31667922871887283,"audienceSEIadj":0.31667922871887283,"SEI":0.4638089525767693,"SEIadj":0.4638089525767693},"non_scoped":{"SEI":0.46193838810357424,"SEIrank":86,"SEIadj":0,"audienceSEI":0.2979735839869224,"audienceSEIadj":0,"audienceSEIrank":105,"audienceScore":0.0571732454653994,"combinedScore":0.0180708727626777,"combinedScoreRank":92,"engagementSEI":0.01915155683764589,"engagementSEIadj":0,"engagementSEIrank":86,"engagementScore":0.007932017771105426,"voiceSEI":1.4021669853409815,"voiceSEIadj":0,"voiceSEIrank":72,"voiceScore":0.1614678899082569},"scoped":{"SEI":2.9668781523335506,"SEIrank":81,"SEIadj":0,"audienceSEI":3.850394309028729,"audienceSEIadj":0,"audienceSEIrank":93,"audienceScore":0.2356924211754359,"combinedScore":0.12141243459469908,"combinedScoreRank":82,"engagementSEI":0.7082932938877312,"engagementSEIadj":0,"engagementSEIrank":77,"engagementScore":0.09680413542544385,"voiceSEI":7.18954248366013,"voiceSEIadj":0,"voiceSEIrank":63,"voiceScore":0.4500818330605565}},"twitter":{"entityString":"536575feb08f37d80186a0e7","type":"twitter","profiles":1,"postsMade":15,"repliesMade":0,"repliesRcvd":0,"sharesMade":0,"sharesRcvd":34,"mentionsRcvd":0,"likesRcvd":109,"reachRcvd":0,"audience":8715,"voice":15,"conversation":15,"engagement":143,"group_scoped":{"audienceScore":1.5336046836973336,"voiceScore":0.44027003228646905,"engagementScore":0.5392360194577472,"combinedScore":0.5840061533111627,"combinedScoreRank":132,"SEIrank":103,"engagementSEIrank":96,"voiceSEIrank":125,"audienceSEIrank":52,"engagementSEI":2.0955451348182885,"engagementSEIadj":2.0955451348182885,"voiceSEI":1.8796992481203008,"voiceSEIadj":1.8796992481203008,"audienceSEI":9.183157362331668,"audienceSEIadj":9.183157362331668,"SEI":2.7395525915602303,"SEIadj":2.7395525915602303},"non_scoped":{"SEI":0.5320666832333518,"SEIrank":150,"SEIadj":0,"audienceSEI":1.572900272888722,"audienceSEIadj":0,"audienceSEIrank":89,"audienceScore":0.25455407908672484,"combinedScore":0.06929064343813261,"combinedScoreRank":132,"engagementSEI":0.24812173581108043,"engagementSEIadj":0,"engagementSEIrank":127,"engagementScore":0.05927240020061427,"voiceSEI":0.7530120481927711,"voiceSEIadj":0,"voiceSEIrank":151,"voiceScore":0.06435558606487043},"scoped":{"SEI":2.2928263787734173,"SEIrank":136,"SEIadj":0,"audienceSEI":7.476643531823993,"audienceSEIadj":0,"audienceSEIrank":77,"audienceScore":0.4041143149671144,"combinedScore":0.13435332680206816,"combinedScoreRank":120,"engagementSEI":1.410673769359771,"engagementSEIadj":0,"engagementSEIrank":116,"engagementScore":0.12031568142426843,"voiceSEI":2.329192546583851,"voiceSEIadj":0,"voiceSEIrank":140,"voiceScore":0.11726995543741693}},"instagram":{"entityString":"536575feb08f37d80186a0e7","type":"instagram","profiles":1,"postsMade":12,"repliesMade":0,"repliesRcvd":33,"sharesMade":0,"sharesRcvd":0,"mentionsRcvd":0,"likesRcvd":708,"reachRcvd":0,"audience":1205,"voice":12,"conversation":45,"engagement":741,"group_scoped":{"audienceScore":0.42582364186994887,"voiceScore":2.380952380952381,"engagementScore":0.2154458070931389,"combinedScore":0.33424002752494153,"combinedScoreRank":55,"SEIrank":17,"engagementSEIrank":14,"voiceSEIrank":13,"audienceSEIrank":20,"engagementSEI":0.3865233244135643,"engagementSEIadj":0.3865233244135643,"voiceSEI":4.395604395604396,"voiceSEIadj":4.395604395604396,"audienceSEI":1.6496002628408717,"audienceSEIadj":1.6496002628408717,"SEI":1.7155553396135443,"SEIadj":1.7155553396135443},"non_scoped":{"SEI":1.5974792905326072,"SEIrank":16,"SEIadj":0,"audienceSEI":1.0048365577051366,"audienceSEIadj":0,"audienceSEIrank":20,"audienceScore":0.21341825195397252,"combinedScore":0.17950575422665793,"combinedScoreRank":16,"engagementSEI":0.29719052680129143,"engagementSEIadj":0,"engagementSEIrank":14,"engagementScore":0.1074660633484163,"voiceSEI":4.395604395604396,"voiceSEIadj":0,"voiceSEIrank":13,"voiceScore":1.4423076923076923},"scoped":{"SEI":7.782405216650736,"SEIrank":9,"SEIadj":0,"audienceSEI":1.6496002628408717,"audienceSEIadj":0,"audienceSEIrank":15,"audienceScore":0.5567105567105568,"combinedScore":0.7256657704305656,"combinedScoreRank":11,"engagementSEI":0.6957419839444158,"engagementSEIadj":0,"engagementSEIrank":9,"engagementScore":0.48676664761641997,"voiceSEI":24,"voiceSEIadj":0,"voiceSEIrank":8,"voiceScore":5.194805194805195}}},"quarter":{"boundaryQuantum":4958502,"combined":{"entityString":"536575feb08f37d80186a0e7","type":"combined","profiles":3,"postsMade":146,"repliesMade":0,"repliesRcvd":470,"sharesMade":0,"sharesRcvd":282,"mentionsRcvd":0,"likesRcvd":4585,"reachRcvd":0,"audience":15403,"voice":146,"conversation":616,"engagement":5337,"group_scoped":{"audienceScore":0.5296110077119037,"voiceScore":0.8140507387789239,"engagementScore":0.04267974072597303,"combinedScore":0.10559485397791711,"combinedScoreRank":142,"SEIrank":119,"engagementSEIrank":140,"voiceSEIrank":109,"audienceSEIrank":125,"engagementSEI":0.0465555764717869,"engagementSEIadj":0.0465555764717869,"voiceSEI":1.933774834437086,"voiceSEIadj":1.933774834437086,"audienceSEI":0.8137516258654992,"audienceSEIadj":0.8137516258654992,"SEI":0.689440958800748,"SEIadj":0.689440958800748},"non_scoped":{"SEI":0.4982400656114565,"SEIrank":114,"SEIadj":0,"audienceSEI":0.6126674961258317,"audienceSEIadj":0,"audienceSEIrank":102,"audienceScore":0.11343749334881283,"combinedScore":0.02839273506138369,"combinedScoreRank":94,"engagementSEI":0.0465555764717869,"engagementSEIadj":0,"engagementSEIrank":84,"engagementScore":0.018030393222707282,"voiceSEI":1.3634665670526709,"voiceSEIadj":0,"voiceSEIrank":114,"voiceScore":0.12987012987012986},"scoped":{"SEI":3.1572069905668037,"SEIrank":99,"SEIadj":0,"audienceSEI":8.042796050398668,"audienceSEIadj":0,"audienceSEIrank":90,"audienceScore":0.3277683852358462,"combinedScore":0.18859113483636714,"combinedScoreRank":79,"engagementSEI":1.0799730462039059,"engagementSEIadj":0,"engagementSEIrank":75,"engagementScore":0.17616291620428165,"voiceSEI":5.683145192681978,"voiceSEIadj":0,"voiceSEIrank":104,"voiceScore":0.2731218198144268}},"facebook":{"entityString":"536575feb08f37d80186a0e7","type":"facebook","profiles":1,"postsMade":71,"repliesMade":0,"repliesRcvd":347,"sharesMade":0,"sharesRcvd":154,"mentionsRcvd":0,"likesRcvd":2244,"reachRcvd":0,"audience":5483,"voice":71,"conversation":418,"engagement":2745,"group_scoped":{"audienceScore":0.2665388498724668,"voiceScore":1.1137254901960785,"engagementScore":0.024062816838045935,"combinedScore":0.09066975215766862,"combinedScoreRank":112,"SEIrank":98,"engagementSEIrank":109,"voiceSEIrank":85,"audienceSEIrank":123,"engagementSEI":0.024789714138021002,"engagementSEIadj":0.024789714138021002,"voiceSEI":1.4906571488557632,"voiceSEIadj":1.4906571488557632,"audienceSEI":0.31667922871887283,"audienceSEIadj":0.31667922871887283,"SEI":0.49373889601142884,"SEIadj":0.49373889601142884},"non_scoped":{"SEI":0.4918683315382338,"SEIrank":78,"SEIadj":0,"audienceSEI":0.2979735839869224,"audienceSEIadj":0,"audienceSEIrank":105,"audienceScore":0.0571732454653994,"combinedScore":0.02088906819876598,"combinedScoreRank":91,"engagementSEI":0.024789714138021002,"engagementSEIadj":0,"engagementSEIrank":83,"engagementScore":0.010316489218667442,"voiceSEI":1.4906571488557632,"voiceSEIadj":0,"voiceSEIrank":68,"voiceScore":0.17491131257390619},"scoped":{"SEI":4.383134429200089,"SEIrank":79,"SEIadj":0,"audienceSEI":3.850394309028729,"audienceSEIadj":0,"audienceSEIrank":93,"audienceScore":0.2356924211754359,"combinedScore":0.16011684145010974,"combinedScoreRank":79,"engagementSEI":2.3342233711457676,"engagementSEIadj":0,"engagementSEIrank":74,"engagementScore":0.13789271795840413,"voiceSEI":8.658536585365853,"voiceSEIadj":0,"voiceSEIrank":59,"voiceScore":0.48457548457548455}},"twitter":{"entityString":"536575feb08f37d80186a0e7","type":"twitter","profiles":1,"postsMade":42,"repliesMade":0,"repliesRcvd":0,"sharesMade":0,"sharesRcvd":128,"mentionsRcvd":0,"likesRcvd":479,"reachRcvd":0,"audience":8715,"voice":42,"conversation":42,"engagement":607,"group_scoped":{"audienceScore":1.5336046836973336,"voiceScore":0.4034582132564841,"engagementScore":0.687927829910694,"combinedScore":0.7159881917673155,"combinedScoreRank":120,"SEIrank":95,"engagementSEIrank":85,"voiceSEIrank":127,"audienceSEIrank":52,"engagementSEI":3.078873953842252,"engagementSEIadj":3.078873953842252,"voiceSEI":1.845342706502636,"voiceSEIadj":1.845342706502636,"audienceSEI":9.183157362331668,"audienceSEIadj":9.183157362331668,"SEI":3.319242920489309,"SEIadj":3.319242920489309},"non_scoped":{"SEI":0.5397218079933709,"SEIrank":145,"SEIadj":0,"audienceSEI":1.572900272888722,"audienceSEIadj":0,"audienceSEIrank":89,"audienceScore":0.25455407908672484,"combinedScore":0.08147530901497058,"combinedScoreRank":118,"engagementSEI":0.2878523464471338,"engagementSEIadj":0,"engagementSEIrank":118,"engagementScore":0.07303397824622197,"voiceSEI":0.6990679094540613,"voiceSEIadj":0,"voiceSEIrank":161,"voiceScore":0.060340492780691035},"scoped":{"SEI":2.5985441402981877,"SEIrank":127,"SEIadj":0,"audienceSEI":7.476643531823993,"audienceSEIadj":0,"audienceSEIrank":77,"audienceScore":0.4041143149671144,"combinedScore":0.16198265413007693,"combinedScoreRank":107,"engagementSEI":1.9096457559932045,"engagementSEIadj":0,"engagementSEIrank":107,"engagementScore":0.15141612743899702,"voiceSEI":2.3503077783995523,"voiceSEIadj":0,"voiceSEIrank":150,"voiceScore":0.1100484737324774}},"instagram":{"entityString":"536575feb08f37d80186a0e7","type":"instagram","profiles":1,"postsMade":33,"repliesMade":0,"repliesRcvd":123,"sharesMade":0,"sharesRcvd":0,"mentionsRcvd":0,"likesRcvd":1862,"reachRcvd":0,"audience":1205,"voice":33,"conversation":156,"engagement":1985,"group_scoped":{"audienceScore":0.42582364186994887,"voiceScore":2.869565217391304,"engagementScore":0.19675205474563975,"combinedScore":0.3418462922341384,"combinedScoreRank":55,"SEIrank":16,"engagementSEIrank":14,"voiceSEIrank":14,"audienceSEIrank":20,"engagementSEI":0.40770385706334095,"engagementSEIadj":0.40770385706334095,"voiceSEI":6.457925636007827,"voiceSEIadj":6.457925636007827,"audienceSEI":1.6496002628408717,"audienceSEIadj":1.6496002628408717,"SEI":2.34696003132444,"SEIadj":2.34696003132444},"non_scoped":{"SEI":2.0772180400943934,"SEIrank":16,"SEIadj":0,"audienceSEI":1.0048365577051366,"audienceSEIadj":0,"audienceSEIrank":20,"audienceScore":0.21341825195397252,"combinedScore":0.16756457353950138,"combinedScoreRank":15,"engagementSEI":0.2670343714266496,"engagementSEIadj":0,"engagementSEIrank":14,"engagementScore":0.09185515483262233,"voiceSEI":6.055045871559633,"voiceSEIadj":0,"voiceSEIrank":14,"voiceScore":1.484480431848853},"scoped":{"SEI":7.688994105227974,"SEIrank":10,"SEIadj":0,"audienceSEI":1.6496002628408717,"audienceSEIadj":0,"audienceSEIrank":15,"audienceScore":0.5567105567105568,"combinedScore":0.5660575088780819,"combinedScoreRank":10,"engagementSEI":0.40770385706334095,"engagementSEIadj":0,"engagementSEIrank":9,"engagementScore":0.3111177984458216,"voiceSEI":24.264705882352942,"voiceSEIadj":0,"voiceSEIrank":9,"voiceScore":5.164319248826291}}},"blended":{"combined":{"non_scoped":{"SEI":0.4652558497137072,"SEIadj":50.23262792485686,"SEIrank":120,"audienceSEI":0.6126674961258317,"audienceSEIadj":50.30633374806292,"audienceSEIrank":102,"engagementSEI":0.03904067117432873,"engagementSEIadj":50.01952033558717,"engagementSEIrank":83,"voiceSEI":1.2685489913217562,"voiceSEIadj":50.634274495660875,"voiceSEIrank":117},"scoped":{"SEI":5.255508800006885,"SEIadj":52.62775440000344,"SEIrank":114,"compCharisma":3,"compInfluence":0,"compEva":2.255508800006884,"audienceSEI":8.042796050398668,"audienceSEIadj":54.02139802519933,"audienceSEIrank":90,"engagementSEI":1.0549535730085988,"engagementSEIadj":50.5274767865043,"engagementSEIrank":75,"voiceSEI":5.101743293353791,"voiceSEIadj":52.550871646676896,"voiceSEIrank":106}},"facebook":{"non_scoped":{"SEI":0.44212365144044863,"SEIadj":50.22106182572023,"SEIrank":86,"audienceSEI":0.2979735839869224,"audienceSEIadj":50.14898679199346,"audienceSEIrank":105,"engagementSEI":0.018543982631924395,"engagementSEIadj":50.00927199131596,"engagementSEIrank":86,"voiceSEI":1.337333011542006,"voiceSEIadj":50.668666505771,"voiceSEIrank":72},"scoped":{"SEI":3.420805247038683,"SEIadj":51.71040262351934,"SEIrank":81,"audienceSEI":3.850394309028729,"audienceSEIadj":51.925197154514365,"audienceSEIrank":93,"engagementSEI":1.5034871336709836,"engagementSEIadj":50.75174356683549,"engagementSEIrank":76,"voiceSEI":7.1122451197774,"voiceSEIadj":53.5561225598887,"voiceSEIrank":63}},"twitter":{"non_scoped":{"SEI":0.4860027718172162,"SEIadj":50.243001385908606,"SEIrank":151,"audienceSEI":1.572900272888722,"audienceSEIadj":50.78645013644436,"audienceSEIrank":89,"engagementSEI":0.22344399137257948,"engagementSEIadj":50.11172199568629,"engagementSEIrank":130,"voiceSEI":0.6488211656826544,"voiceSEIadj":40.389292699409594,"voiceSEIrank":165},"scoped":{"SEI":2.222459851391954,"SEIadj":51.11122992569598,"SEIrank":131,"audienceSEI":7.476643531823993,"audienceSEIadj":53.738321765912,"audienceSEIrank":77,"engagementSEI":1.4179483336444703,"engagementSEIadj":50.70897416682224,"engagementSEIrank":119,"voiceSEI":2.080088326742909,"voiceSEIadj":41.24805299604574,"voiceSEIrank":152}},"instagram":{"non_scoped":{"SEI":1.7645189046001306,"SEIadj":70.52935567138005,"SEIrank":15,"audienceSEI":1.0048365577051366,"audienceSEIadj":70.30145096731154,"audienceSEIrank":20,"engagementSEI":0.2777863707789789,"engagementSEIadj":70.08333591123369,"engagementSEIrank":15,"voiceSEI":4.991211421207432,"voiceSEIadj":71.49736342636223,"voiceSEIrank":14},"scoped":{"SEI":7.256075436183469,"SEIadj":72.17682263085504,"SEIrank":10,"audienceSEI":1.6496002628408715,"audienceSEIadj":70.49488007885226,"audienceSEIrank":15,"engagementSEI":0.49081075103893873,"engagementSEIadj":70.14724322531168,"engagementSEIrank":10,"voiceSEI":22.655429864253392,"voiceSEIadj":76.79662895927602,"voiceSEIrank":9}},"influence":{"combined":{"ratio":0.47,"bottom":false,"scope":"individual","calculated":true},"facebook":{"ratio":0.67,"bottom":false,"scope":"individual","calculated":true},"twitter":{"ratio":0.32,"bottom":false,"scope":"individual","calculated":true},"instagram":{"ratio":0.43,"bottom":false,"scope":"individual","calculated":true}},"charisma":{"combined":{"ratio":0.75,"bottom":false,"scope":"individual","calculated":true},"facebook":{"ratio":0.25,"bottom":false,"scope":"individual","calculated":true},"twitter":{"ratio":1.19,"bottom":false,"scope":"individual","calculated":true},"instagram":{"ratio":0.03,"bottom":false,"scope":"individual","calculated":true}}},"scope":"individual"}}