{"scoreEntityString":"591d1494ab33fb0001804f89.asset.536575feb08f37d80186a987","timeQuantum":4984422,"scoreEntityType":"asset","scoreProfileID":"591d1494ab33fb0001804f89","data":{"scoreEntityString":"591d1494ab33fb0001804f89.asset.536575feb08f37d80186a987","scoreProfileID":"591d1494ab33fb0001804f89","scoreEntityType":"asset","entityID":"asset.536575feb08f37d80186a987","object_version":"1.2","score_engine_version":"3.0.19","timestamp":4984422,"start_quantum":4958502,"end_quantum":4984421,"schedule_options":{"interval":15,"offset":"1"},"_15min":{"boundaryQuantum":4984419,"combined":{"entityString":"536575feb08f37d80186a987","type":"combined","profiles":2,"postsMade":0,"repliesMade":0,"repliesRcvd":0,"sharesMade":0,"sharesRcvd":0,"mentionsRcvd":0,"likesRcvd":0,"reachRcvd":0,"audience":15042,"voice":0,"conversation":0,"engagement":0,"group_scoped":{"audienceScore":0.38195269697911527,"voiceScore":0,"engagementScore":0,"combinedScore":0.38195269697911527,"engagementSEI":0,"engagementSEIadj":0,"voiceSEI":0,"voiceSEIadj":0,"audienceSEI":0.5983084124342506,"audienceSEIadj":0.5983084124342506,"SEI":0.05983084124342506,"SEIadj":0.05983084124342506,"combinedScoreRank":148,"SEIrank":149,"engagementSEIrank":153,"voiceSEIrank":151,"audienceSEIrank":149},"non_scoped":{"SEI":0.05983084124342506,"SEIrank":106,"SEIadj":0,"audienceSEI":0.5983084124342506,"audienceSEIadj":0,"audienceSEIrank":106,"audienceScore":0.11077885963467132,"combinedScore":0.005538942981733567,"combinedScoreRank":106,"engagementSEI":0,"engagementSEIadj":0,"engagementSEIrank":153,"engagementScore":0,"voiceSEI":0,"voiceSEIadj":0,"voiceSEIrank":151,"voiceScore":0},"scoped":{"SEI":0.7854297097324987,"SEIrank":94,"SEIadj":0,"audienceSEI":7.854297097324986,"audienceSEIadj":0,"audienceSEIrank":94,"audienceScore":0.32008647995309997,"combinedScore":0.04572663999329999,"combinedScoreRank":94,"engagementSEI":0,"engagementSEIadj":0,"engagementSEIrank":135,"engagementScore":0,"voiceSEI":0,"voiceSEIadj":0,"voiceSEIrank":134,"voiceScore":0}},"facebook":{"entityString":"536575feb08f37d80186a987","type":"facebook","profiles":1,"postsMade":0,"repliesMade":0,"repliesRcvd":0,"sharesMade":0,"sharesRcvd":0,"mentionsRcvd":0,"likesRcvd":0,"reachRcvd":0,"audience":8886,"voice":0,"conversation":0,"engagement":0,"group_scoped":{"audienceScore":0.34382916418867965,"voiceScore":0,"engagementScore":0,"combinedScore":0.34382916418867965,"engagementSEI":0,"engagementSEIadj":0,"voiceSEI":0,"voiceSEIadj":0,"audienceSEI":0.4829095873258787,"audienceSEIadj":0.4829095873258787,"SEI":0.048290958732587874,"SEIadj":0.048290958732587874,"combinedScoreRank":108,"SEIrank":109,"engagementSEIrank":153,"voiceSEIrank":151,"audienceSEIrank":109},"non_scoped":{"SEI":0.048290958732587874,"SEIrank":89,"SEIadj":0,"audienceSEI":0.4829095873258787,"audienceSEIadj":0,"audienceSEIrank":89,"audienceScore":0.09265757052809394,"combinedScore":0.004632878526404697,"combinedScoreRank":89,"engagementSEI":0,"engagementSEIadj":0,"engagementSEIrank":153,"engagementScore":0,"voiceSEI":0,"voiceSEIadj":0,"voiceSEIrank":151,"voiceScore":0},"scoped":{"SEI":0.6240124718225294,"SEIrank":77,"SEIadj":0,"audienceSEI":6.240124718225293,"audienceSEIadj":0,"audienceSEIrank":77,"audienceScore":0.3819738928624701,"combinedScore":0.054567698980352866,"combinedScoreRank":77,"engagementSEI":0,"engagementSEIadj":0,"engagementSEIrank":135,"engagementScore":0,"voiceSEI":0,"voiceSEIadj":0,"voiceSEIrank":134,"voiceScore":0}},"twitter":{"entityString":"536575feb08f37d80186a987","type":"twitter","profiles":1,"postsMade":0,"repliesMade":0,"repliesRcvd":0,"sharesMade":0,"sharesRcvd":0,"mentionsRcvd":0,"likesRcvd":0,"reachRcvd":0,"audience":6156,"voice":0,"conversation":0,"engagement":0,"group_scoped":{"audienceScore":0.49892976485624974,"voiceScore":0,"engagementScore":0,"combinedScore":0.49892976485624974,"engagementSEI":0,"engagementSEIadj":0,"voiceSEI":0,"voiceSEIadj":0,"audienceSEI":1.1110469397479028,"audienceSEIadj":1.1110469397479028,"SEI":0.11110469397479028,"SEIadj":0.11110469397479028,"combinedScoreRank":195,"SEIrank":203,"engagementSEIrank":151,"voiceSEIrank":150,"audienceSEIrank":203},"non_scoped":{"SEI":0.11110469397479028,"SEIrank":114,"SEIadj":0,"audienceSEI":1.1110469397479028,"audienceSEIadj":0,"audienceSEIrank":114,"audienceScore":0.1798089398574731,"combinedScore":0.008990446992873656,"combinedScoreRank":114,"engagementSEI":0,"engagementSEIadj":0,"engagementSEIrank":151,"engagementScore":0,"voiceSEI":0,"voiceSEIadj":0,"voiceSEIrank":150,"voiceScore":0},"scoped":{"SEI":0.528126420905433,"SEIrank":100,"SEIadj":0,"audienceSEI":5.2812642090543305,"audienceSEIadj":0,"audienceSEIrank":100,"audienceScore":0.285453553980213,"combinedScore":0.04077907914003043,"combinedScoreRank":100,"engagementSEI":0,"engagementSEIadj":0,"engagementSEIrank":134,"engagementScore":0,"voiceSEI":0,"voiceSEIadj":0,"voiceSEIrank":134,"voiceScore":0}},"instagram":{"entityString":"536575feb08f37d80186a987","type":"instagram","profiles":0,"postsMade":0,"repliesMade":0,"repliesRcvd":0,"sharesMade":0,"sharesRcvd":0,"mentionsRcvd":0,"likesRcvd":0,"reachRcvd":0,"audience":0,"voice":0,"conversation":0,"engagement":0,"group_scoped":{"audienceScore":0,"voiceScore":0,"engagementScore":0,"combinedScore":0,"engagementSEI":0,"engagementSEIadj":0,"voiceSEI":0,"voiceSEIadj":0,"audienceSEI":0,"audienceSEIadj":0,"SEI":0,"SEIadj":0,"combinedScoreRank":170,"SEIrank":152,"engagementSEIrank":151,"voiceSEIrank":150,"audienceSEIrank":152},"non_scoped":{"SEI":0,"SEIrank":152,"SEIadj":0,"audienceSEI":0,"audienceSEIadj":0,"audienceSEIrank":152,"audienceScore":0,"combinedScore":0,"combinedScoreRank":152,"engagementSEI":0,"engagementSEIadj":0,"engagementSEIrank":151,"engagementScore":0,"voiceSEI":0,"voiceSEIadj":0,"voiceSEIrank":150,"voiceScore":0},"scoped":{"SEI":0,"SEIrank":134,"SEIadj":0,"audienceSEI":0,"audienceSEIadj":0,"audienceSEIrank":134,"audienceScore":0,"combinedScore":0,"combinedScoreRank":134,"engagementSEI":0,"engagementSEIadj":0,"engagementSEIrank":134,"engagementScore":0,"voiceSEI":0,"voiceSEIadj":0,"voiceSEIrank":134,"voiceScore":0}}},"hour":{"boundaryQuantum":4984410,"combined":{"entityString":"536575feb08f37d80186a987","type":"combined","profiles":2,"postsMade":0,"repliesMade":0,"repliesRcvd":0,"sharesMade":0,"sharesRcvd":0,"mentionsRcvd":0,"likesRcvd":0,"reachRcvd":0,"audience":15042,"voice":0,"conversation":0,"engagement":0,"group_scoped":{"audienceScore":0.38195269697911527,"voiceScore":0,"engagementScore":0,"combinedScore":0.38195269697911527,"combinedScoreRank":135,"SEIrank":154,"engagementSEIrank":167,"voiceSEIrank":153,"audienceSEIrank":149,"engagementSEI":0,"engagementSEIadj":0,"voiceSEI":0,"voiceSEIadj":0,"audienceSEI":0.5983084124342506,"audienceSEIadj":0.5983084124342506,"SEI":0.05983084124342506,"SEIadj":0.05983084124342506},"non_scoped":{"SEI":0.05983084124342506,"SEIrank":109,"SEIadj":0,"audienceSEI":0.5983084124342506,"audienceSEIadj":0,"audienceSEIrank":106,"audienceScore":0.11077885963467132,"combinedScore":0.005538942981733567,"combinedScoreRank":116,"engagementSEI":0,"engagementSEIadj":0,"engagementSEIrank":167,"engagementScore":0,"voiceSEI":0,"voiceSEIadj":0,"voiceSEIrank":153,"voiceScore":0},"scoped":{"SEI":0.7854297097324987,"SEIrank":97,"SEIadj":0,"audienceSEI":7.854297097324986,"audienceSEIadj":0,"audienceSEIrank":94,"audienceScore":0.32008647995309997,"combinedScore":0.016004323997654998,"combinedScoreRank":104,"engagementSEI":0,"engagementSEIadj":0,"engagementSEIrank":147,"engagementScore":0,"voiceSEI":0,"voiceSEIadj":0,"voiceSEIrank":135,"voiceScore":0}},"facebook":{"entityString":"536575feb08f37d80186a987","type":"facebook","profiles":1,"postsMade":0,"repliesMade":0,"repliesRcvd":0,"sharesMade":0,"sharesRcvd":0,"mentionsRcvd":0,"likesRcvd":0,"reachRcvd":0,"audience":8886,"voice":0,"conversation":0,"engagement":0,"group_scoped":{"audienceScore":0.34382916418867965,"voiceScore":0,"engagementScore":0,"combinedScore":0.34382916418867965,"combinedScoreRank":99,"SEIrank":112,"engagementSEIrank":165,"voiceSEIrank":152,"audienceSEIrank":109,"engagementSEI":0,"engagementSEIadj":0,"voiceSEI":0,"voiceSEIadj":0,"audienceSEI":0.4829095873258787,"audienceSEIadj":0.4829095873258787,"SEI":0.048290958732587874,"SEIadj":0.048290958732587874},"non_scoped":{"SEI":0.048290958732587874,"SEIrank":92,"SEIadj":0,"audienceSEI":0.4829095873258787,"audienceSEIadj":0,"audienceSEIrank":89,"audienceScore":0.09265757052809394,"combinedScore":0.004632878526404697,"combinedScoreRank":96,"engagementSEI":0,"engagementSEIadj":0,"engagementSEIrank":165,"engagementScore":0,"voiceSEI":0,"voiceSEIadj":0,"voiceSEIrank":152,"voiceScore":0},"scoped":{"SEI":0.6240124718225294,"SEIrank":84,"SEIadj":0,"audienceSEI":6.240124718225293,"audienceSEIadj":0,"audienceSEIrank":77,"audienceScore":0.3819738928624701,"combinedScore":0.019098694643123505,"combinedScoreRank":84,"engagementSEI":0,"engagementSEIadj":0,"engagementSEIrank":145,"engagementScore":0,"voiceSEI":0,"voiceSEIadj":0,"voiceSEIrank":134,"voiceScore":0}},"twitter":{"entityString":"536575feb08f37d80186a987","type":"twitter","profiles":1,"postsMade":0,"repliesMade":0,"repliesRcvd":0,"sharesMade":0,"sharesRcvd":0,"mentionsRcvd":0,"likesRcvd":0,"reachRcvd":0,"audience":6156,"voice":0,"conversation":0,"engagement":0,"group_scoped":{"audienceScore":0.49892976485624974,"voiceScore":0,"engagementScore":0,"combinedScore":0.49892976485624974,"combinedScoreRank":197,"SEIrank":203,"engagementSEIrank":159,"voiceSEIrank":153,"audienceSEIrank":203,"engagementSEI":0,"engagementSEIadj":0,"voiceSEI":0,"voiceSEIadj":0,"audienceSEI":1.1110469397479028,"audienceSEIadj":1.1110469397479028,"SEI":0.11110469397479028,"SEIadj":0.11110469397479028},"non_scoped":{"SEI":0.11110469397479028,"SEIrank":122,"SEIadj":0,"audienceSEI":1.1110469397479028,"audienceSEIadj":0,"audienceSEIrank":114,"audienceScore":0.1798089398574731,"combinedScore":0.008990446992873656,"combinedScoreRank":122,"engagementSEI":0,"engagementSEIadj":0,"engagementSEIrank":159,"engagementScore":0,"voiceSEI":0,"voiceSEIadj":0,"voiceSEIrank":153,"voiceScore":0},"scoped":{"SEI":0.528126420905433,"SEIrank":108,"SEIadj":0,"audienceSEI":5.2812642090543305,"audienceSEIadj":0,"audienceSEIrank":100,"audienceScore":0.285453553980213,"combinedScore":0.01427267769901065,"combinedScoreRank":108,"engagementSEI":0,"engagementSEIadj":0,"engagementSEIrank":141,"engagementScore":0,"voiceSEI":0,"voiceSEIadj":0,"voiceSEIrank":135,"voiceScore":0}},"instagram":{"entityString":"536575feb08f37d80186a987","type":"instagram","profiles":0,"postsMade":0,"repliesMade":0,"repliesRcvd":0,"sharesMade":0,"sharesRcvd":0,"mentionsRcvd":0,"likesRcvd":0,"reachRcvd":0,"audience":0,"voice":0,"conversation":0,"engagement":0,"group_scoped":{"audienceScore":0,"voiceScore":0,"engagementScore":0,"combinedScore":0,"combinedScoreRank":170,"SEIrank":152,"engagementSEIrank":151,"voiceSEIrank":150,"audienceSEIrank":152,"engagementSEI":0,"engagementSEIadj":0,"voiceSEI":0,"voiceSEIadj":0,"audienceSEI":0,"audienceSEIadj":0,"SEI":0,"SEIadj":0},"non_scoped":{"SEI":0,"SEIrank":152,"SEIadj":0,"audienceSEI":0,"audienceSEIadj":0,"audienceSEIrank":152,"audienceScore":0,"combinedScore":0,"combinedScoreRank":152,"engagementSEI":0,"engagementSEIadj":0,"engagementSEIrank":151,"engagementScore":0,"voiceSEI":0,"voiceSEIadj":0,"voiceSEIrank":150,"voiceScore":0},"scoped":{"SEI":0,"SEIrank":134,"SEIadj":0,"audienceSEI":0,"audienceSEIadj":0,"audienceSEIrank":134,"audienceScore":0,"combinedScore":0,"combinedScoreRank":134,"engagementSEI":0,"engagementSEIadj":0,"engagementSEIrank":134,"engagementScore":0,"voiceSEI":0,"voiceSEIadj":0,"voiceSEIrank":134,"voiceScore":0}}},"today":{"boundaryQuantum":4984134,"combined":{"entityString":"536575feb08f37d80186a987","type":"combined","profiles":2,"postsMade":0,"repliesMade":0,"repliesRcvd":0,"sharesMade":0,"sharesRcvd":1,"mentionsRcvd":0,"likesRcvd":4,"reachRcvd":0,"audience":15042,"voice":0,"conversation":0,"engagement":5,"group_scoped":{"audienceScore":0.38195269697911527,"voiceScore":0,"engagementScore":0.004684235673265193,"combinedScore":0.05857973014552949,"combinedScoreRank":201,"SEIrank":173,"engagementSEIrank":147,"voiceSEIrank":182,"audienceSEIrank":149,"engagementSEI":0.005181937837473702,"engagementSEIadj":0.005181937837473702,"voiceSEI":0,"voiceSEIadj":0,"audienceSEI":0.5983084124342506,"audienceSEIadj":0.5983084124342506,"SEI":0.06294000394590928,"SEIadj":0.06294000394590928},"non_scoped":{"SEI":0.061366994612977475,"SEIrank":142,"SEIadj":0,"audienceSEI":0.5983084124342506,"audienceSEIadj":0,"audienceSEIrank":106,"audienceScore":0.11077885963467132,"combinedScore":0.006739608951124589,"combinedScoreRank":138,"engagementSEI":0.0025602556159206933,"engagementSEIadj":0,"engagementSEIrank":121,"engagementScore":0.001334073299323358,"voiceSEI":0,"voiceSEIadj":0,"voiceSEIrank":182,"voiceScore":0},"scoped":{"SEI":0.8023016516930184,"SEIrank":127,"SEIadj":0,"audienceSEI":7.854297097324986,"audienceSEIadj":0,"audienceSEIrank":94,"audienceScore":0.32008647995309997,"combinedScore":0.028033836401418898,"combinedScoreRank":120,"engagementSEI":0.02811990326753276,"engagementSEIadj":0,"engagementSEIrank":110,"engagementScore":0.013366124893071001,"voiceSEI":0,"voiceSEIadj":0,"voiceSEIrank":162,"voiceScore":0}},"facebook":{"entityString":"536575feb08f37d80186a987","type":"facebook","profiles":1,"postsMade":0,"repliesMade":0,"repliesRcvd":0,"sharesMade":0,"sharesRcvd":0,"mentionsRcvd":0,"likesRcvd":2,"reachRcvd":0,"audience":8886,"voice":0,"conversation":0,"engagement":2,"group_scoped":{"audienceScore":0.34382916418867965,"voiceScore":0,"engagementScore":0.002040483186418544,"combinedScore":0.05086743761531298,"combinedScoreRank":153,"SEIrank":119,"engagementSEIrank":102,"voiceSEIrank":168,"audienceSEIrank":109,"engagementSEI":0.0022332644743453746,"engagementSEIadj":0.0022332644743453746,"voiceSEI":0,"voiceSEIadj":0,"audienceSEI":0.4829095873258787,"audienceSEIadj":0.4829095873258787,"SEI":0.0496309174171951,"SEIadj":0.0496309174171951},"non_scoped":{"SEI":0.04892989554173745,"SEIrank":106,"SEIadj":0,"audienceSEI":0.4829095873258787,"audienceSEIadj":0,"audienceSEIrank":89,"audienceScore":0.09265757052809394,"combinedScore":0.005171379877145585,"combinedScoreRank":109,"engagementSEI":0.0010648946819159584,"engagementSEIadj":0,"engagementSEIrank":98,"engagementScore":0.0005983348341565423,"voiceSEI":0,"voiceSEIadj":0,"voiceSEIrank":168,"voiceScore":0},"scoped":{"SEI":0.6582199974781736,"SEIrank":97,"SEIadj":0,"audienceSEI":6.240124718225293,"audienceSEIadj":0,"audienceSEIrank":77,"audienceScore":0.3819738928624701,"combinedScore":0.031079525314050026,"combinedScoreRank":93,"engagementSEI":0.05701254275940707,"engagementSEIadj":0,"engagementSEIrank":88,"engagementScore":0.013312034078807242,"voiceSEI":0,"voiceSEIadj":0,"voiceSEIrank":149,"voiceScore":0}},"twitter":{"entityString":"536575feb08f37d80186a987","type":"twitter","profiles":1,"postsMade":0,"repliesMade":0,"repliesRcvd":0,"sharesMade":0,"sharesRcvd":1,"mentionsRcvd":0,"likesRcvd":2,"reachRcvd":0,"audience":6156,"voice":0,"conversation":0,"engagement":3,"group_scoped":{"audienceScore":0.49892976485624974,"voiceScore":0,"engagementScore":0.08883624518803672,"combinedScore":0.14742103371206713,"combinedScoreRank":216,"SEIrank":184,"engagementSEIrank":124,"voiceSEIrank":177,"audienceSEIrank":203,"engagementSEI":0.18915510718789408,"engagementSEIadj":0.18915510718789408,"voiceSEI":0,"voiceSEIadj":0,"audienceSEI":1.1110469397479028,"audienceSEIadj":1.1110469397479028,"SEI":0.2245977582875267,"SEIadj":0.2245977582875267},"non_scoped":{"SEI":0.2245977582875267,"SEIrank":126,"SEIadj":0,"audienceSEI":1.1110469397479028,"audienceSEIadj":0,"audienceSEIrank":114,"audienceScore":0.1798089398574731,"combinedScore":0.05172548972791639,"combinedScoreRank":101,"engagementSEI":0.18915510718789408,"engagementSEIadj":0,"engagementSEIrank":95,"engagementScore":0.04748338081671415,"voiceSEI":0,"voiceSEIadj":0,"voiceSEIrank":177,"voiceScore":0},"scoped":{"SEI":0.8626989116117527,"SEIrank":119,"SEIadj":0,"audienceSEI":5.2812642090543305,"audienceSEIadj":0,"audienceSEIrank":100,"audienceScore":0.285453553980213,"combinedScore":0.0893769892428215,"combinedScoreRank":90,"engagementSEI":0.5576208178438662,"engagementSEIadj":0,"engagementSEIrank":85,"engagementScore":0.08344923504867872,"voiceSEI":0,"voiceSEIadj":0,"voiceSEIrank":157,"voiceScore":0}},"instagram":{"entityString":"536575feb08f37d80186a987","type":"instagram","profiles":0,"postsMade":0,"repliesMade":0,"repliesRcvd":0,"sharesMade":0,"sharesRcvd":0,"mentionsRcvd":0,"likesRcvd":0,"reachRcvd":0,"audience":0,"voice":0,"conversation":0,"engagement":0,"group_scoped":{"audienceScore":0,"voiceScore":0,"engagementScore":0,"combinedScore":0,"combinedScoreRank":170,"SEIrank":152,"engagementSEIrank":152,"voiceSEIrank":152,"audienceSEIrank":152,"engagementSEI":0,"engagementSEIadj":0,"voiceSEI":0,"voiceSEIadj":0,"audienceSEI":0,"audienceSEIadj":0,"SEI":0,"SEIadj":0},"non_scoped":{"SEI":0,"SEIrank":152,"SEIadj":0,"audienceSEI":0,"audienceSEIadj":0,"audienceSEIrank":152,"audienceScore":0,"combinedScore":0,"combinedScoreRank":152,"engagementSEI":0,"engagementSEIadj":0,"engagementSEIrank":152,"engagementScore":0,"voiceSEI":0,"voiceSEIadj":0,"voiceSEIrank":152,"voiceScore":0},"scoped":{"SEI":0,"SEIrank":134,"SEIadj":0,"audienceSEI":0,"audienceSEIadj":0,"audienceSEIrank":134,"audienceScore":0,"combinedScore":0,"combinedScoreRank":134,"engagementSEI":0,"engagementSEIadj":0,"engagementSEIrank":134,"engagementScore":0,"voiceSEI":0,"voiceSEIadj":0,"voiceSEIrank":134,"voiceScore":0}}},"week":{"boundaryQuantum":4982406,"combined":{"entityString":"536575feb08f37d80186a987","type":"combined","profiles":2,"postsMade":12,"repliesMade":0,"repliesRcvd":6,"sharesMade":0,"sharesRcvd":33,"mentionsRcvd":0,"likesRcvd":105,"reachRcvd":0,"audience":15042,"voice":12,"conversation":18,"engagement":144,"group_scoped":{"audienceScore":0.38195269697911527,"voiceScore":0.544959128065395,"engagementScore":0.017726960491036805,"combinedScore":0.06229985569415865,"combinedScoreRank":180,"SEIrank":140,"engagementSEIrank":150,"voiceSEIrank":125,"audienceSEIrank":149,"engagementSEI":0.019597009278639534,"engagementSEIadj":0.019597009278639534,"voiceSEI":1.3953488372093024,"voiceSEIadj":1.3953488372093024,"audienceSEI":0.5983084124342506,"audienceSEIadj":0.5983084124342506,"SEI":0.4901936979733995,"SEIadj":0.4901936979733995},"non_scoped":{"SEI":0.48727633875353416,"SEIrank":117,"SEIadj":0,"audienceSEI":0.5983084124342506,"audienceSEIadj":0,"audienceSEIrank":106,"audienceScore":0.11077885963467132,"combinedScore":0.017479288875981717,"combinedScoreRank":115,"engagementSEI":0.014734743912197298,"engagementSEIadj":0,"engagementSEIrank":113,"engagementScore":0.0060056778679509915,"voiceSEI":1.3953488372093024,"voiceSEIadj":0,"voiceSEIrank":110,"voiceScore":0.13070471626184513},"scoped":{"SEI":2.694390451378065,"SEIrank":111,"SEIadj":0,"audienceSEI":7.854297097324986,"audienceSEIadj":0,"audienceSEIrank":94,"audienceScore":0.32008647995309997,"combinedScore":0.09264728366674613,"combinedScoreRank":99,"engagementSEI":0.47889853337324156,"engagementSEIadj":0,"engagementSEIrank":101,"engagementScore":0.06994161817704944,"voiceSEI":5.405405405405405,"voiceSEIadj":0,"voiceSEIrank":100,"voiceScore":0.27391006619493263}},"facebook":{"entityString":"536575feb08f37d80186a987","type":"facebook","profiles":1,"postsMade":6,"repliesMade":0,"repliesRcvd":6,"sharesMade":0,"sharesRcvd":10,"mentionsRcvd":0,"likesRcvd":54,"reachRcvd":0,"audience":8886,"voice":6,"conversation":12,"engagement":70,"group_scoped":{"audienceScore":0.34382916418867965,"voiceScore":0.6703910614525139,"engagementScore":0.009607690544522724,"combinedScore":0.05935793277213013,"combinedScoreRank":142,"SEIrank":92,"engagementSEIrank":109,"voiceSEIrank":74,"audienceSEIrank":109,"engagementSEI":0.010530765631793284,"engagementSEIadj":0.010530765631793284,"voiceSEI":1.7964071856287425,"voiceSEIadj":1.7964071856287425,"audienceSEI":0.4829095873258787,"audienceSEIadj":0.4829095873258787,"SEI":0.5935315738002864,"SEIadj":0.5935315738002864},"non_scoped":{"SEI":0.510826564201668,"SEIrank":74,"SEIadj":0,"audienceSEI":0.4829095873258787,"audienceSEIadj":0,"audienceSEIrank":89,"audienceScore":0.09265757052809394,"combinedScore":0.016795919750056853,"combinedScoreRank":93,"engagementSEI":0.0075338971558461965,"engagementSEIadj":0,"engagementSEIrank":93,"engagementScore":0.0032168895894559547,"voiceSEI":1.5267175572519083,"voiceSEIadj":0,"voiceSEIrank":69,"voiceScore":0.18535681186283595},"scoped":{"SEI":2.988858652258063,"SEIrank":80,"SEIadj":0,"audienceSEI":6.240124718225293,"audienceSEIadj":0,"audienceSEIrank":77,"audienceScore":0.3819738928624701,"combinedScore":0.09118667049572525,"combinedScoreRank":83,"engagementSEI":0.532319391634981,"engagementSEIadj":0,"engagementSEIrank":82,"engagementScore":0.0518491633767138,"voiceSEI":6.8181818181818175,"voiceSEIadj":0,"voiceSEIrank":60,"voiceScore":0.5084745762711864}},"twitter":{"entityString":"536575feb08f37d80186a987","type":"twitter","profiles":1,"postsMade":6,"repliesMade":0,"repliesRcvd":0,"sharesMade":0,"sharesRcvd":23,"mentionsRcvd":0,"likesRcvd":51,"reachRcvd":0,"audience":6156,"voice":6,"conversation":6,"engagement":74,"group_scoped":{"audienceScore":0.49892976485624974,"voiceScore":0.4746835443037975,"engagementScore":0.25294821398051615,"combinedScore":0.2763340580404669,"combinedScoreRank":182,"SEIrank":169,"engagementSEIrank":151,"voiceSEIrank":143,"audienceSEIrank":203,"engagementSEI":0.47426776901877843,"engagementSEIadj":0.47426776901877843,"voiceSEI":1.2422360248447204,"voiceSEIadj":1.2422360248447204,"audienceSEI":1.1110469397479028,"audienceSEIadj":1.1110469397479028,"SEI":0.7683361628394735,"SEIadj":0.7683361628394735},"non_scoped":{"SEI":0.7683361628394735,"SEIrank":119,"SEIadj":0,"audienceSEI":1.1110469397479028,"audienceSEIadj":0,"audienceSEIrank":114,"audienceScore":0.1798089398574731,"combinedScore":0.12281434278949238,"combinedScoreRank":94,"engagementSEI":0.47426776901877843,"engagementSEIadj":0,"engagementSEIrank":92,"engagementScore":0.12065873145279635,"voiceSEI":1.2422360248447204,"voiceSEIadj":0,"voiceSEIrank":125,"voiceScore":0.1046207497820401},"scoped":{"SEI":3.3313107027482514,"SEIrank":105,"SEIadj":0,"audienceSEI":5.2812642090543305,"audienceSEIadj":0,"audienceSEIrank":100,"audienceScore":0.285453553980213,"combinedScore":0.252392569452764,"combinedScoreRank":84,"engagementSEI":2.8201219512195124,"engagementSEIadj":0,"engagementSEIrank":82,"engagementScore":0.2539551803424963,"voiceSEI":3.7037037037037033,"voiceSEIadj":0,"voiceSEIrank":114,"voiceScore":0.19120458891013384}},"instagram":{"entityString":"536575feb08f37d80186a987","type":"instagram","profiles":0,"postsMade":0,"repliesMade":0,"repliesRcvd":0,"sharesMade":0,"sharesRcvd":0,"mentionsRcvd":0,"likesRcvd":0,"reachRcvd":0,"audience":0,"voice":0,"conversation":0,"engagement":0,"group_scoped":{"audienceScore":0,"voiceScore":0,"engagementScore":0,"combinedScore":0,"combinedScoreRank":170,"SEIrank":152,"engagementSEIrank":152,"voiceSEIrank":152,"audienceSEIrank":152,"engagementSEI":0,"engagementSEIadj":0,"voiceSEI":0,"voiceSEIadj":0,"audienceSEI":0,"audienceSEIadj":0,"SEI":0,"SEIadj":0},"non_scoped":{"SEI":0,"SEIrank":152,"SEIadj":0,"audienceSEI":0,"audienceSEIadj":0,"audienceSEIrank":152,"audienceScore":0,"combinedScore":0,"combinedScoreRank":152,"engagementSEI":0,"engagementSEIadj":0,"engagementSEIrank":152,"engagementScore":0,"voiceSEI":0,"voiceSEIadj":0,"voiceSEIrank":152,"voiceScore":0},"scoped":{"SEI":0,"SEIrank":134,"SEIadj":0,"audienceSEI":0,"audienceSEIadj":0,"audienceSEIrank":134,"audienceScore":0,"combinedScore":0,"combinedScoreRank":134,"engagementSEI":0,"engagementSEIadj":0,"engagementSEIrank":134,"engagementScore":0,"voiceSEI":0,"voiceSEIadj":0,"voiceSEIrank":134,"voiceScore":0}}},"month":{"boundaryQuantum":4975782,"combined":{"entityString":"536575feb08f37d80186a987","type":"combined","profiles":2,"postsMade":71,"repliesMade":0,"repliesRcvd":45,"sharesMade":0,"sharesRcvd":166,"mentionsRcvd":0,"likesRcvd":693,"reachRcvd":0,"audience":15042,"voice":71,"conversation":116,"engagement":904,"group_scoped":{"audienceScore":0.38195269697911527,"voiceScore":0.7610676385464681,"engagementScore":0.02913274962560872,"combinedScore":0.08337049143932702,"combinedScoreRank":152,"SEIrank":119,"engagementSEIrank":145,"voiceSEIrank":108,"audienceSEIrank":149,"engagementSEI":0.03339106589527395,"engagementSEIadj":0.03339106589527395,"voiceSEI":1.961867919314728,"voiceSEIadj":1.961867919314728,"audienceSEI":0.5983084124342506,"audienceSEIadj":0.5983084124342506,"SEI":0.6684258565750077,"SEIadj":0.6684258565750077},"non_scoped":{"SEI":0.6633587570133721,"SEIrank":96,"SEIadj":0,"audienceSEI":0.5983084124342506,"audienceSEIadj":0,"audienceSEIrank":106,"audienceScore":0.11077885963467132,"combinedScore":0.02378164267544565,"combinedScoreRank":102,"engagementSEI":0.02494589995921456,"engagementSEIadj":0,"engagementSEIrank":95,"engagementScore":0.009824957086456797,"voiceSEI":1.961867919314728,"voiceSEIadj":0,"voiceSEIrank":87,"voiceScore":0.18800476631801932},"scoped":{"SEI":3.5292833216720996,"SEIrank":93,"SEIadj":0,"audienceSEI":7.854297097324986,"audienceSEIadj":0,"audienceSEIrank":94,"audienceScore":0.32008647995309997,"combinedScore":0.12158149745809241,"combinedScoreRank":87,"engagementSEI":0.8362472479695102,"engagementSEIadj":0,"engagementSEIrank":85,"engagementScore":0.09528427177098045,"voiceSEI":7.473684210526316,"voiceSEIadj":0,"voiceSEIrank":77,"voiceScore":0.3964265773310999}},"facebook":{"entityString":"536575feb08f37d80186a987","type":"facebook","profiles":1,"postsMade":34,"repliesMade":0,"repliesRcvd":45,"sharesMade":0,"sharesRcvd":31,"mentionsRcvd":0,"likesRcvd":347,"reachRcvd":0,"audience":8886,"voice":34,"conversation":79,"engagement":423,"group_scoped":{"audienceScore":0.34382916418867965,"voiceScore":0.9174311926605505,"engagementScore":0.015412542384491556,"combinedScore":0.07693430598850391,"combinedScoreRank":124,"SEIrank":84,"engagementSEIrank":107,"voiceSEIrank":66,"audienceSEIrank":109,"engagementSEI":0.017622481453692242,"engagementSEIadj":0.017622481453692242,"voiceSEI":2.3545706371191137,"voiceSEIadj":2.3545706371191137,"audienceSEI":0.4829095873258787,"audienceSEIadj":0.4829095873258787,"SEI":0.7652356387405372,"SEIadj":0.7652356387405372},"non_scoped":{"SEI":0.705796111523071,"SEIrank":65,"SEIadj":0,"audienceSEI":0.4829095873258787,"audienceSEIadj":0,"audienceSEIrank":89,"audienceScore":0.09265757052809394,"combinedScore":0.02171317318174037,"combinedScoreRank":83,"engagementSEI":0.012349250826713737,"engagementSEIadj":0,"engagementSEIrank":93,"engagementScore":0.0051147004835024315,"voiceSEI":2.1669853409815167,"voiceSEIadj":0,"voiceSEIrank":56,"voiceScore":0.2495412844036697},"scoped":{"SEI":4.2313775703825485,"SEIrank":68,"SEIadj":0,"audienceSEI":6.240124718225293,"audienceSEIadj":0,"audienceSEIrank":77,"audienceScore":0.3819738928624701,"combinedScore":0.11005660872789312,"combinedScoreRank":85,"engagementSEI":0.45671960871114375,"engagementSEIadj":0,"engagementSEIrank":84,"engagementScore":0.06242095927585785,"voiceSEI":11.11111111111111,"voiceSEIadj":0,"voiceSEIrank":47,"voiceScore":0.6955810147299509}},"twitter":{"entityString":"536575feb08f37d80186a987","type":"twitter","profiles":1,"postsMade":37,"repliesMade":0,"repliesRcvd":0,"sharesMade":0,"sharesRcvd":135,"mentionsRcvd":0,"likesRcvd":346,"reachRcvd":0,"audience":6156,"voice":37,"conversation":37,"engagement":481,"group_scoped":{"audienceScore":0.49892976485624974,"voiceScore":0.6801470588235294,"engagementScore":0.44054073856975384,"combinedScore":0.45544050589676743,"combinedScoreRank":147,"SEIrank":152,"engagementSEIrank":139,"voiceSEIrank":126,"audienceSEIrank":203,"engagementSEI":0.8345912931827251,"engagementSEIadj":0.8345912931827251,"voiceSEI":1.8574297188755018,"voiceSEIadj":1.8574297188755018,"audienceSEI":1.1110469397479028,"audienceSEIadj":1.1110469397479028,"SEI":1.169088385547076,"SEIadj":1.169088385547076},"non_scoped":{"SEI":1.169088385547076,"SEIrank":96,"SEIadj":0,"audienceSEI":1.1110469397479028,"audienceSEIadj":0,"audienceSEIrank":114,"audienceScore":0.1798089398574731,"combinedScore":0.19636135654818848,"combinedScoreRank":76,"engagementSEI":0.8345912931827251,"engagementSEIadj":0,"engagementSEIrank":75,"engagementScore":0.19937080067479349,"voiceSEI":1.8574297188755018,"voiceSEIadj":0,"voiceSEIrank":108,"voiceScore":0.15874377896001374},"scoped":{"SEI":5.098725058085384,"SEIrank":81,"SEIadj":0,"audienceSEI":5.2812642090543305,"audienceSEIadj":0,"audienceSEIrank":100,"audienceScore":0.285453553980213,"combinedScore":0.39296435324188045,"combinedScoreRank":66,"engagementSEI":4.744993587846503,"engagementSEIadj":0,"engagementSEIrank":65,"engagementScore":0.40469820115435745,"voiceSEI":5.745341614906832,"voiceSEIadj":0,"voiceSEIrank":98,"voiceScore":0.28926589007896175}},"instagram":{"entityString":"536575feb08f37d80186a987","type":"instagram","profiles":0,"postsMade":0,"repliesMade":0,"repliesRcvd":0,"sharesMade":0,"sharesRcvd":0,"mentionsRcvd":0,"likesRcvd":0,"reachRcvd":0,"audience":0,"voice":0,"conversation":0,"engagement":0,"group_scoped":{"audienceScore":0,"voiceScore":0,"engagementScore":0,"combinedScore":0,"combinedScoreRank":170,"SEIrank":152,"engagementSEIrank":152,"voiceSEIrank":152,"audienceSEIrank":152,"engagementSEI":0,"engagementSEIadj":0,"voiceSEI":0,"voiceSEIadj":0,"audienceSEI":0,"audienceSEIadj":0,"SEI":0,"SEIadj":0},"non_scoped":{"SEI":0,"SEIrank":152,"SEIadj":0,"audienceSEI":0,"audienceSEIadj":0,"audienceSEIrank":152,"audienceScore":0,"combinedScore":0,"combinedScoreRank":152,"engagementSEI":0,"engagementSEIadj":0,"engagementSEIrank":152,"engagementScore":0,"voiceSEI":0,"voiceSEIadj":0,"voiceSEIrank":152,"voiceScore":0},"scoped":{"SEI":0,"SEIrank":134,"SEIadj":0,"audienceSEI":0,"audienceSEIadj":0,"audienceSEIrank":134,"audienceScore":0,"combinedScore":0,"combinedScoreRank":134,"engagementSEI":0,"engagementSEIadj":0,"engagementSEIrank":134,"engagementScore":0,"voiceSEI":0,"voiceSEIadj":0,"voiceSEIrank":134,"voiceScore":0}}},"quarter":{"boundaryQuantum":4958502,"combined":{"entityString":"536575feb08f37d80186a987","type":"combined","profiles":2,"postsMade":290,"repliesMade":0,"repliesRcvd":379,"sharesMade":0,"sharesRcvd":1063,"mentionsRcvd":0,"likesRcvd":3915,"reachRcvd":0,"audience":15042,"voice":290,"conversation":669,"engagement":5357,"group_scoped":{"audienceScore":0.38195269697911527,"voiceScore":1.0282229470997022,"engagementScore":0.055646487638782514,"combinedScore":0.12059062107884515,"combinedScoreRank":134,"SEIrank":101,"engagementSEIrank":124,"voiceSEIrank":87,"audienceSEIrank":149,"engagementSEI":0.06314434311200359,"engagementSEIadj":0.06314434311200359,"voiceSEI":2.7082555098991405,"voiceSEIadj":2.7082555098991405,"audienceSEI":0.5983084124342506,"audienceSEIadj":0.5983084124342506,"SEI":0.9101941000803694,"SEIadj":0.9101941000803694},"non_scoped":{"SEI":0.9003455181771203,"SEIrank":74,"SEIadj":0,"audienceSEI":0.5983084124342506,"audienceSEIadj":0,"audienceSEIrank":106,"audienceScore":0.11077885963467132,"combinedScore":0.0347251684951589,"combinedScoreRank":85,"engagementSEI":0.04673003993992176,"engagementSEIadj":0,"engagementSEIrank":83,"engagementScore":0.018097960744621118,"voiceSEI":2.7082555098991405,"voiceSEIadj":0,"voiceSEIrank":69,"voiceScore":0.25796121686532647},"scoped":{"SEI":4.822373531779616,"SEIrank":81,"SEIadj":0,"audienceSEI":7.854297097324986,"audienceSEIadj":0,"audienceSEIrank":94,"audienceScore":0.32008647995309997,"combinedScore":0.2022702021933498,"combinedScoreRank":74,"engagementSEI":1.0840201627345556,"engagementSEIadj":0,"engagementSEIrank":74,"engagementScore":0.1768230732820567,"voiceSEI":11.288439081354612,"voiceSEIadj":0,"voiceSEIrank":59,"voiceScore":0.5425022448368751}},"facebook":{"entityString":"536575feb08f37d80186a987","type":"facebook","profiles":1,"postsMade":129,"repliesMade":0,"repliesRcvd":379,"sharesMade":0,"sharesRcvd":211,"mentionsRcvd":0,"likesRcvd":1994,"reachRcvd":0,"audience":8886,"voice":129,"conversation":508,"engagement":2584,"group_scoped":{"audienceScore":0.34382916418867965,"voiceScore":1.1442256519425227,"engagementScore":0.03042293889592753,"combinedScore":0.1017833858128949,"combinedScoreRank":106,"SEIrank":72,"engagementSEIrank":100,"voiceSEIrank":53,"audienceSEIrank":109,"engagementSEI":0.03431827946421516,"engagementSEIadj":0.03431827946421516,"voiceSEI":3.104693140794224,"voiceSEIadj":3.104693140794224,"audienceSEI":0.4829095873258787,"audienceSEIadj":0.4829095873258787,"SEI":1.0002898686493842,"SEIadj":1.0002898686493842},"non_scoped":{"SEI":0.8748055280003564,"SEIrank":53,"SEIadj":0,"audienceSEI":0.4829095873258787,"audienceSEIadj":0,"audienceSEIrank":89,"audienceScore":0.09265757052809394,"combinedScore":0.029262973999153594,"combinedScoreRank":76,"engagementSEI":0.023335745476373865,"engagementSEIadj":0,"engagementSEIrank":84,"engagementScore":0.009711405515860352,"voiceSEI":2.708377073273147,"voiceSEIadj":0,"voiceSEIrank":46,"voiceScore":0.31779661016949157},"scoped":{"SEI":6.661914435477959,"SEIrank":64,"SEIadj":0,"audienceSEI":6.240124718225293,"audienceSEIadj":0,"audienceSEIrank":77,"audienceScore":0.3819738928624701,"combinedScore":0.1799445077478655,"combinedScoreRank":75,"engagementSEI":2.197316280889131,"engagementSEIadj":0,"engagementSEIrank":75,"engagementScore":0.12980502120383106,"voiceSEI":15.731707317073171,"voiceSEIadj":0,"voiceSEIrank":38,"voiceScore":0.8804258804258804}},"twitter":{"entityString":"536575feb08f37d80186a987","type":"twitter","profiles":1,"postsMade":161,"repliesMade":0,"repliesRcvd":0,"sharesMade":0,"sharesRcvd":852,"mentionsRcvd":0,"likesRcvd":1921,"reachRcvd":0,"audience":6156,"voice":161,"conversation":161,"engagement":2773,"group_scoped":{"audienceScore":0.49892976485624974,"voiceScore":0.9826060421116876,"engagementScore":0.7112043539145735,"combinedScore":0.7141607088715131,"combinedScoreRank":121,"SEIrank":131,"engagementSEIrank":123,"voiceSEIrank":100,"audienceSEIrank":203,"engagementSEI":1.315015744148109,"engagementSEIadj":1.315015744148109,"voiceSEI":2.6797603195739015,"voiceSEIadj":2.6797603195739015,"audienceSEI":1.1110469397479028,"audienceSEIadj":1.1110469397479028,"SEI":1.704042236335826,"SEIadj":1.704042236335826},"non_scoped":{"SEI":1.704042236335826,"SEIrank":70,"SEIadj":0,"audienceSEI":1.1110469397479028,"audienceSEIadj":0,"audienceSEIrank":114,"audienceScore":0.1798089398574731,"combinedScore":0.32083725590010553,"combinedScoreRank":50,"engagementSEI":1.315015744148109,"engagementSEIadj":0,"engagementSEIrank":49,"engagementScore":0.3336461642121475,"voiceSEI":2.6797603195739015,"voiceSEIadj":0,"voiceSEIrank":82,"voiceScore":0.23130522232598233},"scoped":{"SEI":8.46536028175107,"SEIrank":55,"SEIadj":0,"audienceSEI":5.2812642090543305,"audienceSEIadj":0,"audienceSEIrank":100,"audienceScore":0.285453553980213,"combinedScore":0.6579175740707803,"combinedScoreRank":40,"engagementSEI":8.723966526143585,"engagementSEIadj":0,"engagementSEIrank":39,"engagementScore":0.6917247469330128,"voiceSEI":9.009513150531617,"voiceSEIadj":0,"voiceSEIrank":72,"voiceScore":0.4218524826411634}},"instagram":{"entityString":"536575feb08f37d80186a987","type":"instagram","profiles":0,"postsMade":0,"repliesMade":0,"repliesRcvd":0,"sharesMade":0,"sharesRcvd":0,"mentionsRcvd":0,"likesRcvd":0,"reachRcvd":0,"audience":0,"voice":0,"conversation":0,"engagement":0,"group_scoped":{"audienceScore":0,"voiceScore":0,"engagementScore":0,"combinedScore":0,"combinedScoreRank":170,"SEIrank":152,"engagementSEIrank":152,"voiceSEIrank":152,"audienceSEIrank":152,"engagementSEI":0,"engagementSEIadj":0,"voiceSEI":0,"voiceSEIadj":0,"audienceSEI":0,"audienceSEIadj":0,"SEI":0,"SEIadj":0},"non_scoped":{"SEI":0,"SEIrank":152,"SEIadj":0,"audienceSEI":0,"audienceSEIadj":0,"audienceSEIrank":152,"audienceScore":0,"combinedScore":0,"combinedScoreRank":152,"engagementSEI":0,"engagementSEIadj":0,"engagementSEIrank":152,"engagementScore":0,"voiceSEI":0,"voiceSEIadj":0,"voiceSEIrank":152,"voiceScore":0},"scoped":{"SEI":0,"SEIrank":134,"SEIadj":0,"audienceSEI":0,"audienceSEIadj":0,"audienceSEIrank":134,"audienceScore":0,"combinedScore":0,"combinedScoreRank":134,"engagementSEI":0,"engagementSEIadj":0,"engagementSEIrank":134,"engagementScore":0,"voiceSEI":0,"voiceSEIadj":0,"voiceSEIrank":134,"voiceScore":0}}},"blended":{"combined":{"non_scoped":{"SEI":0.698927823997275,"SEIadj":50.34946391199864,"SEIrank":95,"audienceSEI":0.5983084124342505,"audienceSEIadj":50.299154206217125,"audienceSEIrank":106,"engagementSEI":0.03165534091829829,"engagementSEIadj":50.015827670459146,"engagementSEIrank":93,"voiceSEI":2.06701259400957,"voiceSEIadj":51.033506297004784,"voiceSEIrank":86},"scoped":{"SEI":2.8796487264254065,"SEIadj":41.72778923585524,"SEIrank":149,"compCharisma":0,"compInfluence":0,"compEva":2.8796487264254065,"audienceSEI":7.854297097324986,"audienceSEIadj":53.927148548662494,"audienceSEIrank":94,"engagementSEI":0.8125227237380533,"engagementSEIadj":50.40626136186903,"engagementSEIrank":84,"voiceSEI":8.386893793877874,"voiceSEIadj":54.19344689693894,"voiceSEIrank":75}},"facebook":{"non_scoped":{"SEI":0.6989666447662262,"SEIadj":60.27958665790649,"SEIrank":64,"audienceSEI":0.48290958732587874,"audienceSEIadj":50.24145479366294,"audienceSEIrank":89,"engagementSEI":0.01583367424304365,"engagementSEIadj":50.00791683712152,"engagementSEIrank":89,"voiceSEI":2.1372516049593737,"voiceSEIadj":60.85490064198375,"voiceSEIrank":55},"scoped":{"SEI":4.895232448847689,"SEIadj":52.44761622442385,"SEIrank":70,"audienceSEI":6.240124718225293,"audienceSEIadj":53.120062359112644,"audienceSEIrank":77,"engagementSEI":1.3297125263797018,"engagementSEIadj":50.664856263189854,"engagementSEIrank":80,"voiceSEI":11.577974870657798,"voiceSEIadj":64.63118994826311,"voiceSEIrank":42}},"twitter":{"non_scoped":{"SEI":1.2691151127661928,"SEIadj":50.63455755638309,"SEIrank":84,"audienceSEI":1.1110469397479028,"audienceSEIadj":50.555523469873954,"audienceSEIrank":114,"engagementSEI":0.9344346521164915,"engagementSEIadj":60.3737738608466,"engagementSEIrank":65,"voiceSEI":1.9911654250716921,"voiceSEIadj":50.99558271253585,"voiceSEIrank":100},"scoped":{"SEI":6.040017055993405,"SEIadj":53.0200085279967,"SEIrank":72,"audienceSEI":5.281264209054331,"audienceSEIadj":52.640632104527164,"audienceSEIrank":100,"engagementSEI":5.947649927506815,"engagementSEIadj":62.379059971002725,"engagementSEIrank":53,"voiceSEI":6.477668928612944,"voiceSEIadj":53.23883446430647,"voiceSEIrank":89}},"instagram":{"non_scoped":{"SEI":0,"SEIadj":0,"SEIrank":152,"audienceSEI":0,"audienceSEIadj":0,"audienceSEIrank":152,"engagementSEI":0,"engagementSEIadj":0,"engagementSEIrank":152,"voiceSEI":0,"voiceSEIadj":0,"voiceSEIrank":152},"scoped":{"SEI":0,"SEIadj":0,"SEIrank":134,"audienceSEI":0,"audienceSEIadj":0,"audienceSEIrank":134,"engagementSEI":0,"engagementSEIadj":0,"engagementSEIrank":134,"voiceSEI":0,"voiceSEIadj":0,"voiceSEIrank":134}},"influence":{"instagram":{"scope":"individual","ratio":0,"calculated":false},"combined":{"ratio":0.49,"bottom":false,"scope":"individual","calculated":true},"facebook":{"ratio":0.28,"bottom":false,"scope":"individual","calculated":true},"twitter":{"ratio":2,"bottom":false,"scope":"individual","calculated":true}},"charisma":{"instagram":{"scope":"individual","ratio":0,"calculated":false},"combined":{"ratio":0.3,"bottom":false,"scope":"individual","calculated":true},"facebook":{"ratio":0.13,"bottom":false,"scope":"individual","calculated":true},"twitter":{"ratio":1.86,"bottom":false,"scope":"individual","calculated":true}}},"scope":"individual"}}