{"scoreEntityString":"591d1494ab33fb0001804f89.asset.536575feb08f37d80186a0da","timeQuantum":4984422,"scoreEntityType":"asset","scoreProfileID":"591d1494ab33fb0001804f89","data":{"scoreEntityString":"591d1494ab33fb0001804f89.asset.536575feb08f37d80186a0da","scoreProfileID":"591d1494ab33fb0001804f89","scoreEntityType":"asset","entityID":"asset.536575feb08f37d80186a0da","object_version":"1.2","score_engine_version":"3.0.19","timestamp":4984422,"start_quantum":4958502,"end_quantum":4984421,"schedule_options":{"interval":15,"offset":"1"},"_15min":{"boundaryQuantum":4984419,"combined":{"entityString":"536575feb08f37d80186a0da","type":"combined","profiles":2,"postsMade":0,"repliesMade":0,"repliesRcvd":0,"sharesMade":0,"sharesRcvd":0,"mentionsRcvd":0,"likesRcvd":0,"reachRcvd":0,"audience":12191,"voice":0,"conversation":0,"engagement":0,"group_scoped":{"audienceScore":0.30955892360539783,"voiceScore":0,"engagementScore":0,"combinedScore":0.30955892360539783,"engagementSEI":0,"engagementSEIadj":0,"voiceSEI":0,"voiceSEIadj":0,"audienceSEI":0.4849074495403502,"audienceSEIadj":0.4849074495403502,"SEI":0.04849074495403502,"SEIadj":0.04849074495403502,"combinedScoreRank":166,"SEIrank":165,"engagementSEIrank":155,"voiceSEIrank":153,"audienceSEIrank":165},"non_scoped":{"SEI":0.04849074495403502,"SEIrank":116,"SEIadj":0,"audienceSEI":0.4849074495403502,"audienceSEIadj":0,"audienceSEIrank":116,"audienceScore":0.08978228146564805,"combinedScore":0.0044891140732824025,"combinedScoreRank":116,"engagementSEI":0,"engagementSEIadj":0,"engagementSEIrank":155,"engagementScore":0,"voiceSEI":0,"voiceSEIadj":0,"voiceSEIrank":153,"voiceScore":0},"scoped":{"SEI":0.6365625310031173,"SEIrank":104,"SEIadj":0,"audienceSEI":6.365625310031173,"audienceSEIadj":0,"audienceSEIrank":104,"audienceScore":0.2594185797838214,"combinedScore":0.037059797111974484,"combinedScoreRank":104,"engagementSEI":0,"engagementSEIadj":0,"engagementSEIrank":137,"engagementScore":0,"voiceSEI":0,"voiceSEIadj":0,"voiceSEIrank":136,"voiceScore":0}},"facebook":{"entityString":"536575feb08f37d80186a0da","type":"facebook","profiles":1,"postsMade":0,"repliesMade":0,"repliesRcvd":0,"sharesMade":0,"sharesRcvd":0,"mentionsRcvd":0,"likesRcvd":0,"reachRcvd":0,"audience":5486,"voice":0,"conversation":0,"engagement":0,"group_scoped":{"audienceScore":0.2122717527277849,"voiceScore":0,"engagementScore":0,"combinedScore":0.2122717527277849,"engagementSEI":0,"engagementSEIadj":0,"voiceSEI":0,"voiceSEIadj":0,"audienceSEI":0.29813661895901084,"audienceSEIadj":0.29813661895901084,"SEI":0.029813661895901084,"SEIadj":0.029813661895901084,"combinedScoreRank":128,"SEIrank":124,"engagementSEIrank":155,"voiceSEIrank":153,"audienceSEIrank":124},"non_scoped":{"SEI":0.029813661895901084,"SEIrank":104,"SEIadj":0,"audienceSEI":0.29813661895901084,"audienceSEIadj":0,"audienceSEIrank":104,"audienceScore":0.05720452756213406,"combinedScore":0.002860226378106703,"combinedScoreRank":104,"engagementSEI":0,"engagementSEIadj":0,"engagementSEIrank":155,"engagementScore":0,"voiceSEI":0,"voiceSEIadj":0,"voiceSEIrank":153,"voiceScore":0},"scoped":{"SEI":0.3852501035807333,"SEIrank":92,"SEIadj":0,"audienceSEI":3.852501035807333,"audienceSEIadj":0,"audienceSEIrank":92,"audienceScore":0.23582137927565952,"combinedScore":0.03368876846795136,"combinedScoreRank":92,"engagementSEI":0,"engagementSEIadj":0,"engagementSEIrank":137,"engagementScore":0,"voiceSEI":0,"voiceSEIadj":0,"voiceSEIrank":136,"voiceScore":0}},"twitter":{"entityString":"536575feb08f37d80186a0da","type":"twitter","profiles":1,"postsMade":0,"repliesMade":0,"repliesRcvd":0,"sharesMade":0,"sharesRcvd":0,"mentionsRcvd":0,"likesRcvd":0,"reachRcvd":0,"audience":6705,"voice":0,"conversation":0,"engagement":0,"group_scoped":{"audienceScore":0.5434249631840731,"voiceScore":0,"engagementScore":0,"combinedScore":0.5434249631840731,"engagementSEI":0,"engagementSEIadj":0,"voiceSEI":0,"voiceSEIadj":0,"audienceSEI":1.2101315352517361,"audienceSEIadj":1.2101315352517361,"SEI":0.12101315352517361,"SEIadj":0.12101315352517361,"combinedScoreRank":187,"SEIrank":197,"engagementSEIrank":153,"voiceSEIrank":152,"audienceSEIrank":197},"non_scoped":{"SEI":0.12101315352517361,"SEIrank":109,"SEIadj":0,"audienceSEI":1.2101315352517361,"audienceSEIadj":0,"audienceSEIrank":109,"audienceScore":0.1958445324471015,"combinedScore":0.009792226622355077,"combinedScoreRank":109,"engagementSEI":0,"engagementSEIadj":0,"engagementSEIrank":153,"engagementScore":0,"voiceSEI":0,"voiceSEIadj":0,"voiceSEIrank":152,"voiceScore":0},"scoped":{"SEI":0.5752254145826721,"SEIrank":95,"SEIadj":0,"audienceSEI":5.75225414582672,"audienceSEIadj":0,"audienceSEIrank":95,"audienceScore":0.31091066917435484,"combinedScore":0.04441580988205069,"combinedScoreRank":95,"engagementSEI":0,"engagementSEIadj":0,"engagementSEIrank":136,"engagementScore":0,"voiceSEI":0,"voiceSEIadj":0,"voiceSEIrank":136,"voiceScore":0}},"instagram":{"entityString":"536575feb08f37d80186a0da","type":"instagram","profiles":0,"postsMade":0,"repliesMade":0,"repliesRcvd":0,"sharesMade":0,"sharesRcvd":0,"mentionsRcvd":0,"likesRcvd":0,"reachRcvd":0,"audience":0,"voice":0,"conversation":0,"engagement":0,"group_scoped":{"audienceScore":0,"voiceScore":0,"engagementScore":0,"combinedScore":0,"engagementSEI":0,"engagementSEIadj":0,"voiceSEI":0,"voiceSEIadj":0,"audienceSEI":0,"audienceSEIadj":0,"SEI":0,"SEIadj":0,"combinedScoreRank":172,"SEIrank":154,"engagementSEIrank":153,"voiceSEIrank":152,"audienceSEIrank":154},"non_scoped":{"SEI":0,"SEIrank":154,"SEIadj":0,"audienceSEI":0,"audienceSEIadj":0,"audienceSEIrank":154,"audienceScore":0,"combinedScore":0,"combinedScoreRank":154,"engagementSEI":0,"engagementSEIadj":0,"engagementSEIrank":153,"engagementScore":0,"voiceSEI":0,"voiceSEIadj":0,"voiceSEIrank":152,"voiceScore":0},"scoped":{"SEI":0,"SEIrank":136,"SEIadj":0,"audienceSEI":0,"audienceSEIadj":0,"audienceSEIrank":136,"audienceScore":0,"combinedScore":0,"combinedScoreRank":136,"engagementSEI":0,"engagementSEIadj":0,"engagementSEIrank":136,"engagementScore":0,"voiceSEI":0,"voiceSEIadj":0,"voiceSEIrank":136,"voiceScore":0}}},"hour":{"boundaryQuantum":4984410,"combined":{"entityString":"536575feb08f37d80186a0da","type":"combined","profiles":2,"postsMade":0,"repliesMade":0,"repliesRcvd":0,"sharesMade":0,"sharesRcvd":0,"mentionsRcvd":0,"likesRcvd":0,"reachRcvd":0,"audience":12191,"voice":0,"conversation":0,"engagement":0,"group_scoped":{"audienceScore":0.30955892360539783,"voiceScore":0,"engagementScore":0,"combinedScore":0.30955892360539783,"combinedScoreRank":154,"SEIrank":170,"engagementSEIrank":168,"voiceSEIrank":155,"audienceSEIrank":165,"engagementSEI":0,"engagementSEIadj":0,"voiceSEI":0,"voiceSEIadj":0,"audienceSEI":0.4849074495403502,"audienceSEIadj":0.4849074495403502,"SEI":0.04849074495403502,"SEIadj":0.04849074495403502},"non_scoped":{"SEI":0.04849074495403502,"SEIrank":119,"SEIadj":0,"audienceSEI":0.4849074495403502,"audienceSEIadj":0,"audienceSEIrank":116,"audienceScore":0.08978228146564805,"combinedScore":0.0044891140732824025,"combinedScoreRank":125,"engagementSEI":0,"engagementSEIadj":0,"engagementSEIrank":168,"engagementScore":0,"voiceSEI":0,"voiceSEIadj":0,"voiceSEIrank":155,"voiceScore":0},"scoped":{"SEI":0.6365625310031173,"SEIrank":106,"SEIadj":0,"audienceSEI":6.365625310031173,"audienceSEIadj":0,"audienceSEIrank":104,"audienceScore":0.2594185797838214,"combinedScore":0.012970928989191069,"combinedScoreRank":113,"engagementSEI":0,"engagementSEIadj":0,"engagementSEIrank":148,"engagementScore":0,"voiceSEI":0,"voiceSEIadj":0,"voiceSEIrank":137,"voiceScore":0}},"facebook":{"entityString":"536575feb08f37d80186a0da","type":"facebook","profiles":1,"postsMade":0,"repliesMade":0,"repliesRcvd":0,"sharesMade":0,"sharesRcvd":0,"mentionsRcvd":0,"likesRcvd":0,"reachRcvd":0,"audience":5486,"voice":0,"conversation":0,"engagement":0,"group_scoped":{"audienceScore":0.2122717527277849,"voiceScore":0,"engagementScore":0,"combinedScore":0.2122717527277849,"combinedScoreRank":121,"SEIrank":126,"engagementSEIrank":166,"voiceSEIrank":154,"audienceSEIrank":124,"engagementSEI":0,"engagementSEIadj":0,"voiceSEI":0,"voiceSEIadj":0,"audienceSEI":0.29813661895901084,"audienceSEIadj":0.29813661895901084,"SEI":0.029813661895901084,"SEIadj":0.029813661895901084},"non_scoped":{"SEI":0.029813661895901084,"SEIrank":106,"SEIadj":0,"audienceSEI":0.29813661895901084,"audienceSEIadj":0,"audienceSEIrank":104,"audienceScore":0.05720452756213406,"combinedScore":0.002860226378106703,"combinedScoreRank":108,"engagementSEI":0,"engagementSEIadj":0,"engagementSEIrank":166,"engagementScore":0,"voiceSEI":0,"voiceSEIadj":0,"voiceSEIrank":154,"voiceScore":0},"scoped":{"SEI":0.3852501035807333,"SEIrank":96,"SEIadj":0,"audienceSEI":3.852501035807333,"audienceSEIadj":0,"audienceSEIrank":92,"audienceScore":0.23582137927565952,"combinedScore":0.011791068963782977,"combinedScoreRank":96,"engagementSEI":0,"engagementSEIadj":0,"engagementSEIrank":146,"engagementScore":0,"voiceSEI":0,"voiceSEIadj":0,"voiceSEIrank":136,"voiceScore":0}},"twitter":{"entityString":"536575feb08f37d80186a0da","type":"twitter","profiles":1,"postsMade":0,"repliesMade":0,"repliesRcvd":0,"sharesMade":0,"sharesRcvd":0,"mentionsRcvd":0,"likesRcvd":0,"reachRcvd":0,"audience":6705,"voice":0,"conversation":0,"engagement":0,"group_scoped":{"audienceScore":0.5434249631840731,"voiceScore":0,"engagementScore":0,"combinedScore":0.5434249631840731,"combinedScoreRank":189,"SEIrank":198,"engagementSEIrank":161,"voiceSEIrank":155,"audienceSEIrank":197,"engagementSEI":0,"engagementSEIadj":0,"voiceSEI":0,"voiceSEIadj":0,"audienceSEI":1.2101315352517361,"audienceSEIadj":1.2101315352517361,"SEI":0.12101315352517361,"SEIadj":0.12101315352517361},"non_scoped":{"SEI":0.12101315352517361,"SEIrank":117,"SEIadj":0,"audienceSEI":1.2101315352517361,"audienceSEIadj":0,"audienceSEIrank":109,"audienceScore":0.1958445324471015,"combinedScore":0.009792226622355077,"combinedScoreRank":117,"engagementSEI":0,"engagementSEIadj":0,"engagementSEIrank":161,"engagementScore":0,"voiceSEI":0,"voiceSEIadj":0,"voiceSEIrank":155,"voiceScore":0},"scoped":{"SEI":0.5752254145826721,"SEIrank":103,"SEIadj":0,"audienceSEI":5.75225414582672,"audienceSEIadj":0,"audienceSEIrank":95,"audienceScore":0.31091066917435484,"combinedScore":0.015545533458717743,"combinedScoreRank":103,"engagementSEI":0,"engagementSEIadj":0,"engagementSEIrank":143,"engagementScore":0,"voiceSEI":0,"voiceSEIadj":0,"voiceSEIrank":137,"voiceScore":0}},"instagram":{"entityString":"536575feb08f37d80186a0da","type":"instagram","profiles":0,"postsMade":0,"repliesMade":0,"repliesRcvd":0,"sharesMade":0,"sharesRcvd":0,"mentionsRcvd":0,"likesRcvd":0,"reachRcvd":0,"audience":0,"voice":0,"conversation":0,"engagement":0,"group_scoped":{"audienceScore":0,"voiceScore":0,"engagementScore":0,"combinedScore":0,"combinedScoreRank":172,"SEIrank":154,"engagementSEIrank":153,"voiceSEIrank":152,"audienceSEIrank":154,"engagementSEI":0,"engagementSEIadj":0,"voiceSEI":0,"voiceSEIadj":0,"audienceSEI":0,"audienceSEIadj":0,"SEI":0,"SEIadj":0},"non_scoped":{"SEI":0,"SEIrank":154,"SEIadj":0,"audienceSEI":0,"audienceSEIadj":0,"audienceSEIrank":154,"audienceScore":0,"combinedScore":0,"combinedScoreRank":154,"engagementSEI":0,"engagementSEIadj":0,"engagementSEIrank":153,"engagementScore":0,"voiceSEI":0,"voiceSEIadj":0,"voiceSEIrank":152,"voiceScore":0},"scoped":{"SEI":0,"SEIrank":136,"SEIadj":0,"audienceSEI":0,"audienceSEIadj":0,"audienceSEIrank":136,"audienceScore":0,"combinedScore":0,"combinedScoreRank":136,"engagementSEI":0,"engagementSEIadj":0,"engagementSEIrank":136,"engagementScore":0,"voiceSEI":0,"voiceSEIadj":0,"voiceSEIrank":136,"voiceScore":0}}},"today":{"boundaryQuantum":4984134,"combined":{"entityString":"536575feb08f37d80186a0da","type":"combined","profiles":2,"postsMade":0,"repliesMade":0,"repliesRcvd":0,"sharesMade":0,"sharesRcvd":0,"mentionsRcvd":0,"likesRcvd":1,"reachRcvd":0,"audience":12191,"voice":0,"conversation":0,"engagement":1,"group_scoped":{"audienceScore":0.30955892360539783,"voiceScore":0,"engagementScore":0.0009368471346530387,"combinedScore":0.045025715201902294,"combinedScoreRank":216,"SEIrank":187,"engagementSEIrank":159,"voiceSEIrank":183,"audienceSEIrank":165,"engagementSEI":0.0010363875674947404,"engagementSEIadj":0.0010363875674947404,"voiceSEI":0,"voiceSEIadj":0,"audienceSEI":0.4849074495403502,"audienceSEIadj":0.4849074495403502,"SEI":0.049112577494531864,"SEIadj":0.049112577494531864},"non_scoped":{"SEI":0.0487979756279455,"SEIrank":149,"SEIadj":0,"audienceSEI":0.4849074495403502,"audienceSEIadj":0,"audienceSEIrank":116,"audienceScore":0.08978228146564805,"combinedScore":0.004729247267160607,"combinedScoreRank":152,"engagementSEI":0.0005120511231841387,"engagementSEIadj":0,"engagementSEIrank":156,"engagementScore":0.0002668146598646716,"voiceSEI":0,"voiceSEIadj":0,"voiceSEIrank":183,"voiceScore":0},"scoped":{"SEI":0.6399369193952212,"SEIrank":135,"SEIadj":0,"audienceSEI":6.365625310031173,"audienceSEIadj":0,"audienceSEIrank":104,"audienceScore":0.2594185797838214,"combinedScore":0.015376831469943848,"combinedScoreRank":142,"engagementSEI":0.0056239806535065525,"engagementSEIadj":0,"engagementSEIrank":144,"engagementScore":0.0026732249786142,"voiceSEI":0,"voiceSEIadj":0,"voiceSEIrank":163,"voiceScore":0}},"facebook":{"entityString":"536575feb08f37d80186a0da","type":"facebook","profiles":1,"postsMade":0,"repliesMade":0,"repliesRcvd":0,"sharesMade":0,"sharesRcvd":0,"mentionsRcvd":0,"likesRcvd":0,"reachRcvd":0,"audience":5486,"voice":0,"conversation":0,"engagement":0,"group_scoped":{"audienceScore":0.2122717527277849,"voiceScore":0,"engagementScore":0,"combinedScore":0.2122717527277849,"combinedScoreRank":96,"SEIrank":130,"engagementSEIrank":185,"voiceSEIrank":169,"audienceSEIrank":124,"engagementSEI":0,"engagementSEIadj":0,"voiceSEI":0,"voiceSEIadj":0,"audienceSEI":0.29813661895901084,"audienceSEIadj":0.29813661895901084,"SEI":0.029813661895901084,"SEIadj":0.029813661895901084},"non_scoped":{"SEI":0.029813661895901084,"SEIrank":115,"SEIadj":0,"audienceSEI":0.29813661895901084,"audienceSEIadj":0,"audienceSEIrank":104,"audienceScore":0.05720452756213406,"combinedScore":0.002860226378106703,"combinedScoreRank":116,"engagementSEI":0,"engagementSEIadj":0,"engagementSEIrank":185,"engagementScore":0,"voiceSEI":0,"voiceSEIadj":0,"voiceSEIrank":169,"voiceScore":0},"scoped":{"SEI":0.3852501035807333,"SEIrank":103,"SEIadj":0,"audienceSEI":3.852501035807333,"audienceSEIadj":0,"audienceSEIrank":92,"audienceScore":0.23582137927565952,"combinedScore":0.011791068963782977,"combinedScoreRank":115,"engagementSEI":0,"engagementSEIadj":0,"engagementSEIrank":164,"engagementScore":0,"voiceSEI":0,"voiceSEIadj":0,"voiceSEIrank":150,"voiceScore":0}},"twitter":{"entityString":"536575feb08f37d80186a0da","type":"twitter","profiles":1,"postsMade":0,"repliesMade":0,"repliesRcvd":0,"sharesMade":0,"sharesRcvd":0,"mentionsRcvd":0,"likesRcvd":1,"reachRcvd":0,"audience":6705,"voice":0,"conversation":0,"engagement":1,"group_scoped":{"audienceScore":0.5434249631840731,"voiceScore":0,"engagementScore":0.029612081729345572,"combinedScore":0.10301392193716379,"combinedScoreRank":221,"SEIrank":198,"engagementSEIrank":130,"voiceSEIrank":178,"audienceSEIrank":197,"engagementSEI":0.06305170239596469,"engagementSEIadj":0.06305170239596469,"voiceSEI":0,"voiceSEIadj":0,"audienceSEI":1.2101315352517361,"audienceSEIadj":1.2101315352517361,"SEI":0.15884417496275244,"SEIadj":0.15884417496275244},"non_scoped":{"SEI":0.15884417496275244,"SEIrank":146,"SEIadj":0,"audienceSEI":1.2101315352517361,"audienceSEIadj":0,"audienceSEIrank":109,"audienceScore":0.1958445324471015,"combinedScore":0.024037240867369324,"combinedScoreRank":128,"engagementSEI":0.06305170239596469,"engagementSEIadj":0,"engagementSEIrank":121,"engagementScore":0.015827793605571384,"voiceSEI":0,"voiceSEIadj":0,"voiceSEIrank":178,"voiceScore":0},"scoped":{"SEI":0.6867495781514453,"SEIrank":132,"SEIadj":0,"audienceSEI":5.75225414582672,"audienceSEIadj":0,"audienceSEIrank":95,"audienceScore":0.31091066917435484,"combinedScore":0.04058030397332136,"combinedScoreRank":116,"engagementSEI":0.18587360594795538,"engagementSEIadj":0,"engagementSEIrank":110,"engagementScore":0.027816411682892908,"voiceSEI":0,"voiceSEIadj":0,"voiceSEIrank":158,"voiceScore":0}},"instagram":{"entityString":"536575feb08f37d80186a0da","type":"instagram","profiles":0,"postsMade":0,"repliesMade":0,"repliesRcvd":0,"sharesMade":0,"sharesRcvd":0,"mentionsRcvd":0,"likesRcvd":0,"reachRcvd":0,"audience":0,"voice":0,"conversation":0,"engagement":0,"group_scoped":{"audienceScore":0,"voiceScore":0,"engagementScore":0,"combinedScore":0,"combinedScoreRank":172,"SEIrank":154,"engagementSEIrank":154,"voiceSEIrank":154,"audienceSEIrank":154,"engagementSEI":0,"engagementSEIadj":0,"voiceSEI":0,"voiceSEIadj":0,"audienceSEI":0,"audienceSEIadj":0,"SEI":0,"SEIadj":0},"non_scoped":{"SEI":0,"SEIrank":154,"SEIadj":0,"audienceSEI":0,"audienceSEIadj":0,"audienceSEIrank":154,"audienceScore":0,"combinedScore":0,"combinedScoreRank":154,"engagementSEI":0,"engagementSEIadj":0,"engagementSEIrank":154,"engagementScore":0,"voiceSEI":0,"voiceSEIadj":0,"voiceSEIrank":154,"voiceScore":0},"scoped":{"SEI":0,"SEIrank":136,"SEIadj":0,"audienceSEI":0,"audienceSEIadj":0,"audienceSEIrank":136,"audienceScore":0,"combinedScore":0,"combinedScoreRank":136,"engagementSEI":0,"engagementSEIadj":0,"engagementSEIrank":136,"engagementScore":0,"voiceSEI":0,"voiceSEIadj":0,"voiceSEIrank":136,"voiceScore":0}}},"week":{"boundaryQuantum":4982406,"combined":{"entityString":"536575feb08f37d80186a0da","type":"combined","profiles":2,"postsMade":12,"repliesMade":0,"repliesRcvd":4,"sharesMade":0,"sharesRcvd":34,"mentionsRcvd":0,"likesRcvd":52,"reachRcvd":0,"audience":12191,"voice":12,"conversation":16,"engagement":90,"group_scoped":{"audienceScore":0.30955892360539783,"voiceScore":0.544959128065395,"engagementScore":0.011079350306898004,"combinedScore":0.05269731785974785,"combinedScoreRank":188,"SEIrank":142,"engagementSEIrank":163,"voiceSEIrank":126,"audienceSEIrank":165,"engagementSEI":0.012248130799149708,"engagementSEIadj":0.012248130799149708,"voiceSEI":1.3953488372093024,"voiceSEIadj":1.3953488372093024,"audienceSEI":0.4849074495403502,"audienceSEIadj":0.4849074495403502,"SEI":0.47444427459631555,"SEIadj":0.47444427459631555},"non_scoped":{"SEI":0.4726209250838997,"SEIrank":119,"SEIadj":0,"audienceSEI":0.4849074495403502,"audienceSEIadj":0,"audienceSEIrank":116,"audienceScore":0.08978228146564805,"combinedScore":0.014402543687097093,"combinedScoreRank":127,"engagementSEI":0.009209214945123311,"engagementSEIadj":0,"engagementSEIrank":123,"engagementScore":0.00375354866746937,"voiceSEI":1.3953488372093024,"voiceSEIadj":0,"voiceSEIrank":111,"voiceScore":0.13070471626184513},"scoped":{"SEI":2.4377711026397044,"SEIrank":119,"SEIadj":0,"audienceSEI":6.365625310031173,"audienceSEIadj":0,"audienceSEIrank":104,"audienceScore":0.2594185797838214,"combinedScore":0.066008592523528,"combinedScoreRank":114,"engagementSEI":0.299311583358276,"engagementSEIadj":0,"engagementSEIrank":111,"engagementScore":0.0437135113606559,"voiceSEI":5.405405405405405,"voiceSEIadj":0,"voiceSEIrank":101,"voiceScore":0.27391006619493263}},"facebook":{"entityString":"536575feb08f37d80186a0da","type":"facebook","profiles":1,"postsMade":3,"repliesMade":0,"repliesRcvd":4,"sharesMade":0,"sharesRcvd":2,"mentionsRcvd":0,"likesRcvd":13,"reachRcvd":0,"audience":5486,"voice":3,"conversation":7,"engagement":19,"group_scoped":{"audienceScore":0.2122717527277849,"voiceScore":0.33519553072625696,"engagementScore":0.0026078017192275966,"combinedScore":0.02972038572000693,"combinedScoreRank":160,"SEIrank":110,"engagementSEIrank":124,"voiceSEIrank":99,"audienceSEIrank":124,"engagementSEI":0.0028583506714867485,"engagementSEIadj":0.0028583506714867485,"voiceSEI":0.8982035928143712,"voiceSEIadj":0.8982035928143712,"audienceSEI":0.29813661895901084,"audienceSEIadj":0.29813661895901084,"SEI":0.3009897501431045,"SEIadj":0.3009897501431045},"non_scoped":{"SEI":0.260048244449068,"SEIrank":101,"SEIadj":0,"audienceSEI":0.29813661895901084,"audienceSEIadj":0,"audienceSEIrank":104,"audienceScore":0.05720452756213406,"combinedScore":0.008279986845816129,"combinedScoreRank":111,"engagementSEI":0.0020449149423011105,"engagementSEIadj":0,"engagementSEIrank":111,"engagementScore":0.0008731557457094736,"voiceSEI":0.7633587786259541,"voiceSEIadj":0,"voiceSEIrank":93,"voiceScore":0.09267840593141798},"scoped":{"SEI":1.4946693915171314,"SEIrank":101,"SEIadj":0,"audienceSEI":3.852501035807333,"audienceSEIadj":0,"audienceSEIrank":92,"audienceScore":0.23582137927565952,"combinedScore":0.03716894328115987,"combinedScoreRank":102,"engagementSEI":0.1444866920152091,"engagementSEIadj":0,"engagementSEIrank":100,"engagementScore":0.01407334434510803,"voiceSEI":3.4090909090909087,"voiceSEIadj":0,"voiceSEIrank":83,"voiceScore":0.2542372881355932}},"twitter":{"entityString":"536575feb08f37d80186a0da","type":"twitter","profiles":1,"postsMade":9,"repliesMade":0,"repliesRcvd":0,"sharesMade":0,"sharesRcvd":32,"mentionsRcvd":0,"likesRcvd":39,"reachRcvd":0,"audience":6705,"voice":9,"conversation":9,"engagement":71,"group_scoped":{"audienceScore":0.5434249631840731,"voiceScore":0.7120253164556962,"engagementScore":0.2426935566569817,"combinedScore":0.28119671497327203,"combinedScoreRank":180,"SEIrank":158,"engagementSEIrank":154,"voiceSEIrank":120,"audienceSEIrank":197,"engagementSEI":0.4550406973018009,"engagementSEIadj":0.4550406973018009,"voiceSEI":1.8633540372670807,"voiceSEIadj":1.8633540372670807,"audienceSEI":1.2101315352517361,"audienceSEIadj":1.2101315352517361,"SEI":0.9530437830863783,"SEIadj":0.9530437830863783},"non_scoped":{"SEI":0.9530437830863783,"SEIrank":104,"SEIadj":0,"audienceSEI":1.2101315352517361,"audienceSEIadj":0,"audienceSEIrank":109,"audienceScore":0.1958445324471015,"combinedScore":0.12182922798889573,"combinedScoreRank":96,"engagementSEI":0.4550406973018009,"engagementSEIadj":0,"engagementSEIrank":95,"engagementScore":0.11576716125876406,"voiceSEI":1.8633540372670807,"voiceSEIadj":0,"voiceSEIrank":103,"voiceScore":0.15693112467306014},"scoped":{"SEI":3.865367691005436,"SEIrank":96,"SEIadj":0,"audienceSEI":5.75225414582672,"audienceSEIadj":0,"audienceSEIrank":95,"audienceScore":0.31091066917435484,"combinedScore":0.24917960767948472,"combinedScoreRank":86,"engagementSEI":2.705792682926829,"engagementSEIadj":0,"engagementSEIrank":85,"engagementScore":0.24365970005834103,"voiceSEI":5.555555555555555,"voiceSEIadj":0,"voiceSEIrank":92,"voiceScore":0.28680688336520077}},"instagram":{"entityString":"536575feb08f37d80186a0da","type":"instagram","profiles":0,"postsMade":0,"repliesMade":0,"repliesRcvd":0,"sharesMade":0,"sharesRcvd":0,"mentionsRcvd":0,"likesRcvd":0,"reachRcvd":0,"audience":0,"voice":0,"conversation":0,"engagement":0,"group_scoped":{"audienceScore":0,"voiceScore":0,"engagementScore":0,"combinedScore":0,"combinedScoreRank":172,"SEIrank":154,"engagementSEIrank":154,"voiceSEIrank":154,"audienceSEIrank":154,"engagementSEI":0,"engagementSEIadj":0,"voiceSEI":0,"voiceSEIadj":0,"audienceSEI":0,"audienceSEIadj":0,"SEI":0,"SEIadj":0},"non_scoped":{"SEI":0,"SEIrank":154,"SEIadj":0,"audienceSEI":0,"audienceSEIadj":0,"audienceSEIrank":154,"audienceScore":0,"combinedScore":0,"combinedScoreRank":154,"engagementSEI":0,"engagementSEIadj":0,"engagementSEIrank":154,"engagementScore":0,"voiceSEI":0,"voiceSEIadj":0,"voiceSEIrank":154,"voiceScore":0},"scoped":{"SEI":0,"SEIrank":136,"SEIadj":0,"audienceSEI":0,"audienceSEIadj":0,"audienceSEIrank":136,"audienceScore":0,"combinedScore":0,"combinedScoreRank":136,"engagementSEI":0,"engagementSEIadj":0,"engagementSEIrank":136,"engagementScore":0,"voiceSEI":0,"voiceSEIadj":0,"voiceSEIrank":136,"voiceScore":0}}},"month":{"boundaryQuantum":4975782,"combined":{"entityString":"536575feb08f37d80186a0da","type":"combined","profiles":2,"postsMade":62,"repliesMade":0,"repliesRcvd":33,"sharesMade":0,"sharesRcvd":207,"mentionsRcvd":0,"likesRcvd":411,"reachRcvd":0,"audience":12191,"voice":62,"conversation":95,"engagement":651,"group_scoped":{"audienceScore":0.30955892360539783,"voiceScore":0.664594275913817,"engagementScore":0.02097944690959212,"combinedScore":0.06758916219459365,"combinedScoreRank":166,"SEIrank":137,"engagementSEIrank":158,"voiceSEIrank":119,"audienceSEIrank":165,"engagementSEI":0.02404599988697272,"engagementSEIadj":0.02404599988697272,"voiceSEI":1.7131804365846919,"voiceSEIadj":1.7131804365846919,"audienceSEI":0.4849074495403502,"audienceSEIadj":0.4849074495403502,"SEI":0.5768724758616263,"SEIadj":0.5768724758616263},"non_scoped":{"SEI":0.5732234915534129,"SEIrank":108,"SEIadj":0,"audienceSEI":0.4849074495403502,"audienceSEIadj":0,"audienceSEIrank":116,"audienceScore":0.08978228146564805,"combinedScore":0.01906551885443386,"combinedScoreRank":112,"engagementSEI":0.017964359373283934,"engagementSEIadj":0,"engagementSEIrank":112,"engagementScore":0.007075273300092229,"voiceSEI":1.7131804365846919,"voiceSEIadj":0,"voiceSEIrank":100,"voiceScore":0.16417317622136898},"scoped":{"SEI":2.9557826827311637,"SEIrank":102,"SEIadj":0,"audienceSEI":6.365625310031173,"audienceSEIadj":0,"audienceSEIrank":104,"audienceScore":0.2594185797838214,"combinedScore":0.09203528666846493,"combinedScoreRank":103,"engagementSEI":0.6022090248099018,"engagementSEIadj":0,"engagementSEIrank":102,"engagementScore":0.0686173240297658,"voiceSEI":6.526315789473684,"voiceSEIadj":0,"voiceSEIrank":90,"voiceScore":0.3461753210496929}},"facebook":{"entityString":"536575feb08f37d80186a0da","type":"facebook","profiles":1,"postsMade":19,"repliesMade":0,"repliesRcvd":33,"sharesMade":0,"sharesRcvd":27,"mentionsRcvd":0,"likesRcvd":119,"reachRcvd":0,"audience":5486,"voice":19,"conversation":52,"engagement":179,"group_scoped":{"audienceScore":0.2122717527277849,"voiceScore":0.5126821370750134,"engagementScore":0.006522092403839217,"combinedScore":0.042117577653595216,"combinedScoreRank":143,"SEIrank":101,"engagementSEIrank":128,"voiceSEIrank":86,"audienceSEIrank":124,"engagementSEI":0.007457267565510429,"engagementSEIadj":0.007457267565510429,"voiceSEI":1.3157894736842104,"voiceSEIadj":1.3157894736842104,"audienceSEI":0.29813661895901084,"audienceSEIadj":0.29813661895901084,"SEI":0.42902486454047045,"SEIadj":0.42902486454047045},"non_scoped":{"SEI":0.39623786436839187,"SEIrank":89,"SEIadj":0,"audienceSEI":0.29813661895901084,"audienceSEIadj":0,"audienceSEIrank":104,"audienceScore":0.05720452756213406,"combinedScore":0.011780642562639516,"combinedScoreRank":106,"engagementSEI":0.005225805905394228,"engagementSEIadj":0,"engagementSEIrank":110,"engagementScore":0.0021643768003473643,"voiceSEI":1.2109623964308476,"voiceSEIadj":0,"voiceSEIrank":79,"voiceScore":0.13944954128440368},"scoped":{"SEI":2.3639566341863247,"SEIrank":88,"SEIadj":0,"audienceSEI":3.852501035807333,"audienceSEIadj":0,"audienceSEIrank":92,"audienceScore":0.23582137927565952,"combinedScore":0.05499950959142966,"combinedScoreRank":98,"engagementSEI":0.19326905427729252,"engagementSEIadj":0,"engagementSEIrank":100,"engagementScore":0.026414543050540317,"voiceSEI":6.209150326797386,"voiceSEIadj":0,"voiceSEIrank":70,"voiceScore":0.38870703764320785}},"twitter":{"entityString":"536575feb08f37d80186a0da","type":"twitter","profiles":1,"postsMade":43,"repliesMade":0,"repliesRcvd":0,"sharesMade":0,"sharesRcvd":180,"mentionsRcvd":0,"likesRcvd":292,"reachRcvd":0,"audience":6705,"voice":43,"conversation":43,"engagement":472,"group_scoped":{"audienceScore":0.5434249631840731,"voiceScore":0.7904411764705882,"engagementScore":0.43229777256740914,"combinedScore":0.4557613022934013,"combinedScoreRank":146,"SEIrank":147,"engagementSEIrank":140,"voiceSEIrank":120,"audienceSEIrank":197,"engagementSEI":0.8189752398799299,"engagementSEIadj":0.8189752398799299,"voiceSEI":2.1586345381526106,"voiceSEIadj":2.1586345381526106,"audienceSEI":1.2101315352517361,"audienceSEIadj":1.2101315352517361,"SEI":1.2599886588989149,"SEIadj":1.2599886588989149},"non_scoped":{"SEI":1.2599886588989149,"SEIrank":89,"SEIadj":0,"audienceSEI":1.2101315352517361,"audienceSEIadj":0,"audienceSEIrank":109,"audienceScore":0.1958445324471015,"combinedScore":0.19509286019529617,"combinedScoreRank":77,"engagementSEI":0.8189752398799299,"engagementSEIadj":0,"engagementSEIrank":76,"engagementScore":0.19564036989293665,"voiceSEI":2.1586345381526106,"voiceSEIadj":0,"voiceSEIrank":96,"voiceScore":0.1844860133859619},"scoped":{"SEI":5.37205695906917,"SEIrank":79,"SEIadj":0,"audienceSEI":5.75225414582672,"audienceSEIadj":0,"audienceSEIrank":95,"audienceScore":0.31091066917435484,"combinedScore":0.3897675240576326,"combinedScoreRank":67,"engagementSEI":4.656209924040644,"engagementSEIadj":0,"engagementSEIrank":66,"engagementScore":0.3971258855402427,"voiceSEI":6.6770186335403725,"voiceSEIadj":0,"voiceSEIrank":86,"voiceScore":0.33617387225392853}},"instagram":{"entityString":"536575feb08f37d80186a0da","type":"instagram","profiles":0,"postsMade":0,"repliesMade":0,"repliesRcvd":0,"sharesMade":0,"sharesRcvd":0,"mentionsRcvd":0,"likesRcvd":0,"reachRcvd":0,"audience":0,"voice":0,"conversation":0,"engagement":0,"group_scoped":{"audienceScore":0,"voiceScore":0,"engagementScore":0,"combinedScore":0,"combinedScoreRank":172,"SEIrank":154,"engagementSEIrank":154,"voiceSEIrank":154,"audienceSEIrank":154,"engagementSEI":0,"engagementSEIadj":0,"voiceSEI":0,"voiceSEIadj":0,"audienceSEI":0,"audienceSEIadj":0,"SEI":0,"SEIadj":0},"non_scoped":{"SEI":0,"SEIrank":154,"SEIadj":0,"audienceSEI":0,"audienceSEIadj":0,"audienceSEIrank":154,"audienceScore":0,"combinedScore":0,"combinedScoreRank":154,"engagementSEI":0,"engagementSEIadj":0,"engagementSEIrank":154,"engagementScore":0,"voiceSEI":0,"voiceSEIadj":0,"voiceSEIrank":154,"voiceScore":0},"scoped":{"SEI":0,"SEIrank":136,"SEIadj":0,"audienceSEI":0,"audienceSEIadj":0,"audienceSEIrank":136,"audienceScore":0,"combinedScore":0,"combinedScoreRank":136,"engagementSEI":0,"engagementSEIadj":0,"engagementSEIrank":136,"engagementScore":0,"voiceSEI":0,"voiceSEIadj":0,"voiceSEIrank":136,"voiceScore":0}}},"quarter":{"boundaryQuantum":4958502,"combined":{"entityString":"536575feb08f37d80186a0da","type":"combined","profiles":2,"postsMade":217,"repliesMade":0,"repliesRcvd":129,"sharesMade":0,"sharesRcvd":722,"mentionsRcvd":0,"likesRcvd":1745,"reachRcvd":0,"audience":12191,"voice":217,"conversation":346,"engagement":2596,"group_scoped":{"audienceScore":0.30955892360539783,"voiceScore":0.769394412140122,"engagementScore":0.026966265056987012,"combinedScore":0.0782173053385643,"combinedScoreRank":161,"SEIrank":121,"engagementSEIrank":152,"voiceSEIrank":106,"audienceSEIrank":165,"engagementSEI":0.03059972274010852,"engagementSEIadj":0.03059972274010852,"voiceSEI":2.0265222263728053,"voiceSEIadj":2.0265222263728053,"audienceSEI":0.4849074495403502,"audienceSEIadj":0.4849074495403502,"SEI":0.6748072465099417,"SEIadj":0.6748072465099417},"non_scoped":{"SEI":0.6700346277642194,"SEIrank":98,"SEIadj":0,"audienceSEI":0.4849074495403502,"audienceSEIadj":0,"audienceSEIrank":116,"audienceScore":0.08978228146564805,"combinedScore":0.022033659579769865,"combinedScoreRank":109,"engagementSEI":0.02264535816390459,"engagementSEIadj":0,"engagementSEIrank":106,"engagementScore":0.008770264344415983,"voiceSEI":2.0265222263728053,"voiceSEIadj":0,"voiceSEIrank":90,"voiceScore":0.1930261519302615},"scoped":{"SEI":3.4858119119142126,"SEIrank":93,"SEIadj":0,"audienceSEI":6.365625310031173,"audienceSEIadj":0,"audienceSEIrank":104,"audienceScore":0.2594185797838214,"combinedScore":0.11038754556135968,"combinedScoreRank":99,"engagementSEI":0.5253157256783474,"engagementSEIadj":0,"engagementSEIrank":96,"engagementScore":0.08568838869520615,"voiceSEI":8.446866485013624,"voiceSEIadj":0,"voiceSEIrank":80,"voiceScore":0.40594133492966183}},"facebook":{"entityString":"536575feb08f37d80186a0da","type":"facebook","profiles":1,"postsMade":66,"repliesMade":0,"repliesRcvd":129,"sharesMade":0,"sharesRcvd":95,"mentionsRcvd":0,"likesRcvd":658,"reachRcvd":0,"audience":5486,"voice":66,"conversation":195,"engagement":882,"group_scoped":{"audienceScore":0.2122717527277849,"voiceScore":0.5854177754124534,"engagementScore":0.010384300350699722,"combinedScore":0.04923034672264167,"combinedScoreRank":132,"SEIrank":96,"engagementSEIrank":120,"voiceSEIrank":83,"audienceSEIrank":124,"engagementSEI":0.011713901891423285,"engagementSEIadj":0.011713901891423285,"voiceSEI":1.5884476534296028,"voiceSEIadj":1.5884476534296028,"audienceSEI":0.29813661895901084,"audienceSEIadj":0.29813661895901084,"SEI":0.5133762990596359,"SEIadj":0.5133762990596359},"non_scoped":{"SEI":0.45029718166146854,"SEIrank":84,"SEIadj":0,"audienceSEI":0.29813661895901084,"audienceSEIadj":0,"audienceSEIrank":104,"audienceScore":0.05720452756213406,"combinedScore":0.013973232838082498,"combinedScoreRank":102,"engagementSEI":0.0079652196246756,"engagementSEIadj":0,"engagementSEIrank":106,"engagementScore":0.003314806371899703,"voiceSEI":1.3856812933025404,"voiceSEIadj":0,"voiceSEIrank":71,"voiceScore":0.16259361450532125},"scoped":{"SEI":3.2498919031135776,"SEIrank":88,"SEIadj":0,"audienceSEI":3.852501035807333,"audienceSEIadj":0,"audienceSEIrank":92,"audienceScore":0.23582137927565952,"combinedScore":0.07418945287624401,"combinedScoreRank":98,"engagementSEI":0.750012755318968,"engagementSEIadj":0,"engagementSEIrank":97,"engagementScore":0.044306512655487226,"voiceSEI":8.048780487804878,"voiceSEIadj":0,"voiceSEIrank":62,"voiceScore":0.45045045045045046}},"twitter":{"entityString":"536575feb08f37d80186a0da","type":"twitter","profiles":1,"postsMade":151,"repliesMade":0,"repliesRcvd":0,"sharesMade":0,"sharesRcvd":627,"mentionsRcvd":0,"likesRcvd":1087,"reachRcvd":0,"audience":6705,"voice":151,"conversation":151,"engagement":1714,"group_scoped":{"audienceScore":0.5434249631840731,"voiceScore":0.9215746109246261,"engagementScore":0.4395976424845217,"combinedScore":0.46888785694150453,"combinedScoreRank":144,"SEIrank":144,"engagementSEIrank":144,"voiceSEIrank":108,"audienceSEIrank":197,"engagementSEI":0.8128153571835047,"engagementSEIadj":0.8128153571835047,"voiceSEI":2.5133155792276964,"voiceSEIadj":2.5133155792276964,"audienceSEI":1.2101315352517361,"audienceSEIadj":1.2101315352517361,"SEI":1.3626970416035853,"SEIadj":1.3626970416035853},"non_scoped":{"SEI":1.3626970416035853,"SEIrank":83,"SEIadj":0,"audienceSEI":1.2101315352517361,"audienceSEIadj":0,"audienceSEIrank":109,"audienceScore":0.1958445324471015,"combinedScore":0.2062441153306831,"combinedScoreRank":76,"engagementSEI":0.8128153571835047,"engagementSEIadj":0,"engagementSEIrank":75,"engagementScore":0.2062277408797767,"voiceSEI":2.5133155792276964,"voiceSEIadj":0,"voiceSEIrank":87,"voiceScore":0.2169384383305797},"scoped":{"SEI":6.345586880923522,"SEIrank":71,"SEIadj":0,"audienceSEI":5.75225414582672,"audienceSEIadj":0,"audienceSEIrank":95,"audienceScore":0.31091066917435484,"combinedScore":0.42012956937758295,"combinedScoreRank":66,"engagementSEI":5.39231108034984,"engagementSEIadj":0,"engagementSEIrank":65,"engagementScore":0.4275572362939718,"voiceSEI":8.449916060436486,"voiceSEIadj":0,"voiceSEIrank":77,"voiceScore":0.3956504650858116}},"instagram":{"entityString":"536575feb08f37d80186a0da","type":"instagram","profiles":0,"postsMade":0,"repliesMade":0,"repliesRcvd":0,"sharesMade":0,"sharesRcvd":0,"mentionsRcvd":0,"likesRcvd":0,"reachRcvd":0,"audience":0,"voice":0,"conversation":0,"engagement":0,"group_scoped":{"audienceScore":0,"voiceScore":0,"engagementScore":0,"combinedScore":0,"combinedScoreRank":172,"SEIrank":154,"engagementSEIrank":154,"voiceSEIrank":154,"audienceSEIrank":154,"engagementSEI":0,"engagementSEIadj":0,"voiceSEI":0,"voiceSEIadj":0,"audienceSEI":0,"audienceSEIadj":0,"SEI":0,"SEIadj":0},"non_scoped":{"SEI":0,"SEIrank":154,"SEIadj":0,"audienceSEI":0,"audienceSEIadj":0,"audienceSEIrank":154,"audienceScore":0,"combinedScore":0,"combinedScoreRank":154,"engagementSEI":0,"engagementSEIadj":0,"engagementSEIrank":154,"engagementScore":0,"voiceSEI":0,"voiceSEIadj":0,"voiceSEIrank":154,"voiceScore":0},"scoped":{"SEI":0,"SEIrank":136,"SEIadj":0,"audienceSEI":0,"audienceSEIadj":0,"audienceSEIrank":136,"audienceScore":0,"combinedScore":0,"combinedScoreRank":136,"engagementSEI":0,"engagementSEIadj":0,"engagementSEIrank":136,"engagementScore":0,"voiceSEI":0,"voiceSEIadj":0,"voiceSEIrank":136,"voiceScore":0}}},"blended":{"combined":{"non_scoped":{"SEI":0.5652270139216888,"SEIadj":50.28261350696084,"SEIrank":108,"audienceSEI":0.48490744954035025,"audienceSEIadj":50.24245372477017,"audienceSEIrank":116,"engagementSEI":0.016805700027641087,"engagementSEIadj":50.00840285001382,"engagementSEIrank":112,"voiceSEI":1.6888428298368972,"voiceSEIadj":50.84442141491845,"voiceSEIrank":100},"scoped":{"SEI":2.2416971666976244,"SEIadj":41.34501830001857,"SEIrank":155,"compCharisma":0,"compInfluence":0,"compEva":2.2416971666976244,"audienceSEI":6.365625310031173,"audienceSEIadj":53.18281265501559,"audienceSEIrank":104,"engagementSEI":0.4430638906008171,"engagementSEIadj":50.221531945300406,"engagementSEIrank":101,"voiceSEI":6.824002232549486,"voiceSEIadj":53.412001116274745,"voiceSEIrank":90}},"facebook":{"non_scoped":{"SEI":0.3640894269155085,"SEIadj":50.182044713457756,"SEIrank":93,"audienceSEI":0.29813661895901084,"audienceSEIadj":50.1490683094795,"audienceSEIrank":104,"engagementSEI":0.0053799551808372675,"engagementSEIadj":50.00268997759042,"engagementSEIrank":111,"voiceSEI":1.1034926397036835,"voiceSEIadj":50.551746319851844,"voiceSEIrank":82},"scoped":{"SEI":2.447202769318914,"SEIadj":51.22360138465946,"SEIrank":91,"audienceSEI":3.852501035807333,"audienceSEIadj":51.92625051790367,"audienceSEIrank":92,"engagementSEI":0.4473427434056407,"engagementSEIadj":50.22367137170282,"engagementSEIrank":98,"voiceSEI":5.97849006564932,"voiceSEIadj":52.98924503282466,"voiceSEIrank":73}},"twitter":{"non_scoped":{"SEI":1.164202163310681,"SEIadj":50.58210108165534,"SEIrank":91,"audienceSEI":1.210131535251736,"audienceSEIadj":50.60506576762587,"audienceSEIrank":109,"engagementSEI":0.6689187588840804,"engagementSEIadj":50.33445937944204,"engagementSEIrank":85,"voiceSEI":2.139459181516864,"voiceSEIadj":51.069729590758435,"voiceSEIrank":96},"scoped":{"SEI":5.172549770531339,"SEIadj":52.58627488526567,"SEIrank":79,"audienceSEI":5.75225414582672,"audienceSEIadj":52.87612707291336,"audienceSEIrank":95,"engagementSEI":4.215618513956462,"engagementSEIadj":52.10780925697823,"engagementSEIrank":72,"voiceSEI":6.893177491915965,"voiceSEIadj":53.44658874595798,"voiceSEIrank":84}},"instagram":{"non_scoped":{"SEI":0,"SEIadj":0,"SEIrank":154,"audienceSEI":0,"audienceSEIadj":0,"audienceSEIrank":154,"engagementSEI":0,"engagementSEIadj":0,"engagementSEIrank":154,"voiceSEI":0,"voiceSEIadj":0,"voiceSEIrank":154},"scoped":{"SEI":0,"SEIadj":0,"SEIrank":136,"audienceSEI":0,"audienceSEIadj":0,"audienceSEIrank":136,"engagementSEI":0,"engagementSEIadj":0,"engagementSEIrank":136,"voiceSEI":0,"voiceSEIadj":0,"voiceSEIrank":136}},"influence":{"instagram":{"scope":"individual","ratio":0,"calculated":false},"combined":{"ratio":0.37,"bottom":false,"scope":"individual","calculated":true},"facebook":{"ratio":0.21,"bottom":false,"scope":"individual","calculated":true},"twitter":{"ratio":1.22,"bottom":false,"scope":"individual","calculated":true}},"charisma":{"instagram":{"scope":"individual","ratio":0,"calculated":false},"combined":{"ratio":0.21,"bottom":false,"scope":"individual","calculated":true},"facebook":{"ratio":0.09,"bottom":false,"scope":"individual","calculated":true},"twitter":{"ratio":1.22,"bottom":false,"scope":"individual","calculated":true}}},"scope":"individual"}}