{"scoreEntityString":"591d1494ab33fb0001804f89.asset.536575ffb08f37d80186dfc2","timeQuantum":4984422,"scoreEntityType":"asset","scoreProfileID":"591d1494ab33fb0001804f89","data":{"scoreEntityString":"591d1494ab33fb0001804f89.asset.536575ffb08f37d80186dfc2","scoreProfileID":"591d1494ab33fb0001804f89","scoreEntityType":"asset","entityID":"asset.536575ffb08f37d80186dfc2","object_version":"1.2","score_engine_version":"3.0.19","timestamp":4984422,"start_quantum":4958502,"end_quantum":4984421,"schedule_options":{"interval":15,"offset":"1"},"_15min":{"boundaryQuantum":4984419,"combined":{"entityString":"536575ffb08f37d80186dfc2","type":"combined","profiles":1,"postsMade":0,"repliesMade":0,"repliesRcvd":0,"sharesMade":0,"sharesRcvd":0,"mentionsRcvd":0,"likesRcvd":0,"reachRcvd":0,"audience":7113,"voice":0,"conversation":0,"engagement":0,"group_scoped":{"audienceScore":1.64937983040118,"voiceScore":0,"engagementScore":0,"combinedScore":1.64937983040118,"engagementSEI":0,"engagementSEIadj":0,"voiceSEI":0,"voiceSEIadj":0,"audienceSEI":4.489679984851354,"audienceSEIadj":4.489679984851354,"SEI":0.4489679984851354,"SEIadj":0.4489679984851354,"combinedScoreRank":46,"SEIrank":29,"engagementSEIrank":189,"voiceSEIrank":188,"audienceSEIrank":29},"non_scoped":{"SEI":0.02829256573357814,"SEIrank":142,"SEIadj":0,"audienceSEI":0.2829256573357814,"audienceSEIadj":0,"audienceSEIrank":142,"audienceScore":0.05238465819581286,"combinedScore":0.002619232909790643,"combinedScoreRank":142,"engagementSEI":0,"engagementSEIadj":0,"engagementSEIrank":189,"engagementScore":0,"voiceSEI":0,"voiceSEIadj":0,"voiceSEIrank":188,"voiceScore":0},"scoped":{"SEI":0.3714108180645701,"SEIrank":128,"SEIadj":0,"audienceSEI":3.7141081806457006,"audienceSEIadj":0,"audienceSEIrank":128,"audienceScore":0.1513611974409254,"combinedScore":0.021623028205846485,"combinedScoreRank":128,"engagementSEI":0,"engagementSEIadj":0,"engagementSEIrank":169,"engagementScore":0,"voiceSEI":0,"voiceSEIadj":0,"voiceSEIrank":168,"voiceScore":0}},"facebook":{"entityString":"536575ffb08f37d80186dfc2","type":"facebook","profiles":0,"postsMade":0,"repliesMade":0,"repliesRcvd":0,"sharesMade":0,"sharesRcvd":0,"mentionsRcvd":0,"likesRcvd":0,"reachRcvd":0,"audience":0,"voice":0,"conversation":0,"engagement":0,"group_scoped":{"audienceScore":0,"voiceScore":0,"engagementScore":0,"combinedScore":0,"engagementSEI":0,"engagementSEIadj":0,"voiceSEI":0,"voiceSEIadj":0,"audienceSEI":0,"audienceSEIadj":0,"SEI":0,"SEIadj":0,"combinedScoreRank":215,"SEIrank":215,"engagementSEIrank":189,"voiceSEIrank":188,"audienceSEIrank":215},"non_scoped":{"SEI":0,"SEIrank":215,"SEIadj":0,"audienceSEI":0,"audienceSEIadj":0,"audienceSEIrank":215,"audienceScore":0,"combinedScore":0,"combinedScoreRank":215,"engagementSEI":0,"engagementSEIadj":0,"engagementSEIrank":189,"engagementScore":0,"voiceSEI":0,"voiceSEIadj":0,"voiceSEIrank":188,"voiceScore":0},"scoped":{"SEI":0,"SEIrank":192,"SEIadj":0,"audienceSEI":0,"audienceSEIadj":0,"audienceSEIrank":192,"audienceScore":0,"combinedScore":0,"combinedScoreRank":192,"engagementSEI":0,"engagementSEIadj":0,"engagementSEIrank":169,"engagementScore":0,"voiceSEI":0,"voiceSEIadj":0,"voiceSEIrank":168,"voiceScore":0}},"twitter":{"entityString":"536575ffb08f37d80186dfc2","type":"twitter","profiles":1,"postsMade":0,"repliesMade":0,"repliesRcvd":0,"sharesMade":0,"sharesRcvd":0,"mentionsRcvd":0,"likesRcvd":0,"reachRcvd":0,"audience":7113,"voice":0,"conversation":0,"engagement":0,"group_scoped":{"audienceScore":3.8989442757380752,"voiceScore":0,"engagementScore":0,"combinedScore":3.8989442757380752,"engagementSEI":0,"engagementSEIadj":0,"voiceSEI":0,"voiceSEIadj":0,"audienceSEI":8.512038676942224,"audienceSEIadj":8.512038676942224,"SEI":0.8512038676942224,"SEIadj":0.8512038676942224,"combinedScoreRank":36,"SEIrank":59,"engagementSEIrank":187,"voiceSEIrank":187,"audienceSEIrank":58},"non_scoped":{"SEI":0.12837681745332738,"SEIrank":103,"SEIadj":0,"audienceSEI":1.2837681745332736,"audienceSEIadj":0,"audienceSEIrank":103,"audienceScore":0.20776169415305493,"combinedScore":0.010388084707652748,"combinedScoreRank":103,"engagementSEI":0,"engagementSEIadj":0,"engagementSEIrank":187,"engagementScore":0,"voiceSEI":0,"voiceSEIadj":0,"voiceSEIrank":187,"voiceScore":0},"scoped":{"SEI":0.6102279454029151,"SEIrank":90,"SEIadj":0,"audienceSEI":6.102279454029151,"audienceSEIadj":0,"audienceSEIrank":90,"audienceScore":0.3298296181710941,"combinedScore":0.04711851688158487,"combinedScoreRank":90,"engagementSEI":0,"engagementSEIadj":0,"engagementSEIrank":168,"engagementScore":0,"voiceSEI":0,"voiceSEIadj":0,"voiceSEIrank":168,"voiceScore":0}},"instagram":{"entityString":"536575ffb08f37d80186dfc2","type":"instagram","profiles":0,"postsMade":0,"repliesMade":0,"repliesRcvd":0,"sharesMade":0,"sharesRcvd":0,"mentionsRcvd":0,"likesRcvd":0,"reachRcvd":0,"audience":0,"voice":0,"conversation":0,"engagement":0,"group_scoped":{"audienceScore":null,"voiceScore":0,"engagementScore":0,"combinedScore":null,"engagementSEI":0,"engagementSEIadj":0,"voiceSEI":0,"voiceSEIadj":0,"audienceSEI":0,"audienceSEIadj":0,"SEI":0,"SEIadj":0,"combinedScoreRank":23,"SEIrank":188,"engagementSEIrank":187,"voiceSEIrank":187,"audienceSEIrank":188},"non_scoped":{"SEI":0,"SEIrank":188,"SEIadj":0,"audienceSEI":0,"audienceSEIadj":0,"audienceSEIrank":188,"audienceScore":0,"combinedScore":0,"combinedScoreRank":188,"engagementSEI":0,"engagementSEIadj":0,"engagementSEIrank":187,"engagementScore":0,"voiceSEI":0,"voiceSEIadj":0,"voiceSEIrank":187,"voiceScore":0},"scoped":{"SEI":0,"SEIrank":168,"SEIadj":0,"audienceSEI":0,"audienceSEIadj":0,"audienceSEIrank":168,"audienceScore":0,"combinedScore":0,"combinedScoreRank":168,"engagementSEI":0,"engagementSEIadj":0,"engagementSEIrank":168,"engagementScore":0,"voiceSEI":0,"voiceSEIadj":0,"voiceSEIrank":168,"voiceScore":0}}},"hour":{"boundaryQuantum":4984410,"combined":{"entityString":"536575ffb08f37d80186dfc2","type":"combined","profiles":1,"postsMade":0,"repliesMade":0,"repliesRcvd":0,"sharesMade":0,"sharesRcvd":0,"mentionsRcvd":0,"likesRcvd":0,"reachRcvd":0,"audience":7113,"voice":0,"conversation":0,"engagement":0,"group_scoped":{"audienceScore":1.64937983040118,"voiceScore":0,"engagementScore":0,"combinedScore":1.64937983040118,"combinedScoreRank":42,"SEIrank":45,"engagementSEIrank":192,"voiceSEIrank":189,"audienceSEIrank":29,"engagementSEI":0,"engagementSEIadj":0,"voiceSEI":0,"voiceSEIadj":0,"audienceSEI":4.489679984851354,"audienceSEIadj":4.489679984851354,"SEI":0.4489679984851354,"SEIadj":0.4489679984851354},"non_scoped":{"SEI":0.02829256573357814,"SEIrank":146,"SEIadj":0,"audienceSEI":0.2829256573357814,"audienceSEIadj":0,"audienceSEIrank":142,"audienceScore":0.05238465819581286,"combinedScore":0.002619232909790643,"combinedScoreRank":148,"engagementSEI":0,"engagementSEIadj":0,"engagementSEIrank":192,"engagementScore":0,"voiceSEI":0,"voiceSEIadj":0,"voiceSEIrank":189,"voiceScore":0},"scoped":{"SEI":0.3714108180645701,"SEIrank":131,"SEIadj":0,"audienceSEI":3.7141081806457006,"audienceSEIadj":0,"audienceSEIrank":128,"audienceScore":0.1513611974409254,"combinedScore":0.0075680598720462705,"combinedScoreRank":134,"engagementSEI":0,"engagementSEIadj":0,"engagementSEIrank":172,"engagementScore":0,"voiceSEI":0,"voiceSEIadj":0,"voiceSEIrank":169,"voiceScore":0}},"facebook":{"entityString":"536575ffb08f37d80186dfc2","type":"facebook","profiles":0,"postsMade":0,"repliesMade":0,"repliesRcvd":0,"sharesMade":0,"sharesRcvd":0,"mentionsRcvd":0,"likesRcvd":0,"reachRcvd":0,"audience":0,"voice":0,"conversation":0,"engagement":0,"group_scoped":{"audienceScore":0,"voiceScore":0,"engagementScore":0,"combinedScore":0,"combinedScoreRank":215,"SEIrank":215,"engagementSEIrank":191,"voiceSEIrank":188,"audienceSEIrank":215,"engagementSEI":0,"engagementSEIadj":0,"voiceSEI":0,"voiceSEIadj":0,"audienceSEI":0,"audienceSEIadj":0,"SEI":0,"SEIadj":0},"non_scoped":{"SEI":0,"SEIrank":215,"SEIadj":0,"audienceSEI":0,"audienceSEIadj":0,"audienceSEIrank":215,"audienceScore":0,"combinedScore":0,"combinedScoreRank":215,"engagementSEI":0,"engagementSEIadj":0,"engagementSEIrank":191,"engagementScore":0,"voiceSEI":0,"voiceSEIadj":0,"voiceSEIrank":188,"voiceScore":0},"scoped":{"SEI":0,"SEIrank":192,"SEIadj":0,"audienceSEI":0,"audienceSEIadj":0,"audienceSEIrank":192,"audienceScore":0,"combinedScore":0,"combinedScoreRank":192,"engagementSEI":0,"engagementSEIadj":0,"engagementSEIrank":171,"engagementScore":0,"voiceSEI":0,"voiceSEIadj":0,"voiceSEIrank":168,"voiceScore":0}},"twitter":{"entityString":"536575ffb08f37d80186dfc2","type":"twitter","profiles":1,"postsMade":0,"repliesMade":0,"repliesRcvd":0,"sharesMade":0,"sharesRcvd":0,"mentionsRcvd":0,"likesRcvd":0,"reachRcvd":0,"audience":7113,"voice":0,"conversation":0,"engagement":0,"group_scoped":{"audienceScore":3.8989442757380752,"voiceScore":0,"engagementScore":0,"combinedScore":3.8989442757380752,"combinedScoreRank":50,"SEIrank":79,"engagementSEIrank":189,"voiceSEIrank":189,"audienceSEIrank":58,"engagementSEI":0,"engagementSEIadj":0,"voiceSEI":0,"voiceSEIadj":0,"audienceSEI":8.512038676942224,"audienceSEIadj":8.512038676942224,"SEI":0.8512038676942224,"SEIadj":0.8512038676942224},"non_scoped":{"SEI":0.12837681745332738,"SEIrank":111,"SEIadj":0,"audienceSEI":1.2837681745332736,"audienceSEIadj":0,"audienceSEIrank":103,"audienceScore":0.20776169415305493,"combinedScore":0.010388084707652748,"combinedScoreRank":111,"engagementSEI":0,"engagementSEIadj":0,"engagementSEIrank":189,"engagementScore":0,"voiceSEI":0,"voiceSEIadj":0,"voiceSEIrank":189,"voiceScore":0},"scoped":{"SEI":0.6102279454029151,"SEIrank":98,"SEIadj":0,"audienceSEI":6.102279454029151,"audienceSEIadj":0,"audienceSEIrank":90,"audienceScore":0.3298296181710941,"combinedScore":0.016491480908554703,"combinedScoreRank":98,"engagementSEI":0,"engagementSEIadj":0,"engagementSEIrank":169,"engagementScore":0,"voiceSEI":0,"voiceSEIadj":0,"voiceSEIrank":169,"voiceScore":0}},"instagram":{"entityString":"536575ffb08f37d80186dfc2","type":"instagram","profiles":0,"postsMade":0,"repliesMade":0,"repliesRcvd":0,"sharesMade":0,"sharesRcvd":0,"mentionsRcvd":0,"likesRcvd":0,"reachRcvd":0,"audience":0,"voice":0,"conversation":0,"engagement":0,"group_scoped":{"audienceScore":null,"voiceScore":0,"engagementScore":0,"combinedScore":null,"combinedScoreRank":23,"SEIrank":188,"engagementSEIrank":187,"voiceSEIrank":187,"audienceSEIrank":188,"engagementSEI":0,"engagementSEIadj":0,"voiceSEI":0,"voiceSEIadj":0,"audienceSEI":0,"audienceSEIadj":0,"SEI":0,"SEIadj":0},"non_scoped":{"SEI":0,"SEIrank":188,"SEIadj":0,"audienceSEI":0,"audienceSEIadj":0,"audienceSEIrank":188,"audienceScore":0,"combinedScore":0,"combinedScoreRank":188,"engagementSEI":0,"engagementSEIadj":0,"engagementSEIrank":187,"engagementScore":0,"voiceSEI":0,"voiceSEIadj":0,"voiceSEIrank":187,"voiceScore":0},"scoped":{"SEI":0,"SEIrank":168,"SEIadj":0,"audienceSEI":0,"audienceSEIadj":0,"audienceSEIrank":168,"audienceScore":0,"combinedScore":0,"combinedScoreRank":168,"engagementSEI":0,"engagementSEIadj":0,"engagementSEIrank":168,"engagementScore":0,"voiceSEI":0,"voiceSEIadj":0,"voiceSEIrank":168,"voiceScore":0}}},"today":{"boundaryQuantum":4984134,"combined":{"entityString":"536575ffb08f37d80186dfc2","type":"combined","profiles":1,"postsMade":0,"repliesMade":0,"repliesRcvd":0,"sharesMade":0,"sharesRcvd":1,"mentionsRcvd":0,"likesRcvd":0,"reachRcvd":0,"audience":7113,"voice":0,"conversation":0,"engagement":1,"group_scoped":{"audienceScore":1.64937983040118,"voiceScore":0,"engagementScore":0.06770480704129993,"combinedScore":0.29365838180699705,"combinedScoreRank":104,"SEIrank":101,"engagementSEIrank":70,"voiceSEIrank":200,"audienceSEIrank":29,"engagementSEI":0.15220700152207,"engagementSEIadj":0.15220700152207,"voiceSEI":0,"voiceSEIadj":0,"audienceSEI":4.489679984851354,"audienceSEIadj":4.489679984851354,"SEI":0.5402921993983774,"SEIadj":0.5402921993983774},"non_scoped":{"SEI":0.028599796407488623,"SEIrank":167,"SEIadj":0,"audienceSEI":0.2829256573357814,"audienceSEIadj":0,"audienceSEIrank":142,"audienceScore":0.05238465819581286,"combinedScore":0.0028593661036688473,"combinedScoreRank":172,"engagementSEI":0.0005120511231841387,"engagementSEIadj":0,"engagementSEIrank":159,"engagementScore":0.0002668146598646716,"voiceSEI":0,"voiceSEIadj":0,"voiceSEIrank":200,"voiceScore":0},"scoped":{"SEI":0.374785206456674,"SEIrank":151,"SEIadj":0,"audienceSEI":3.7141081806457006,"audienceSEIadj":0,"audienceSEIrank":128,"audienceScore":0.1513611974409254,"combinedScore":0.00997396235279905,"combinedScoreRank":158,"engagementSEI":0.0056239806535065525,"engagementSEIadj":0,"engagementSEIrank":147,"engagementScore":0.0026732249786142,"voiceSEI":0,"voiceSEIadj":0,"voiceSEIrank":179,"voiceScore":0}},"facebook":{"entityString":"536575ffb08f37d80186dfc2","type":"facebook","profiles":0,"postsMade":0,"repliesMade":0,"repliesRcvd":0,"sharesMade":0,"sharesRcvd":0,"mentionsRcvd":0,"likesRcvd":0,"reachRcvd":0,"audience":0,"voice":0,"conversation":0,"engagement":0,"group_scoped":{"audienceScore":0,"voiceScore":0,"engagementScore":0,"combinedScore":0,"combinedScoreRank":215,"SEIrank":215,"engagementSEIrank":197,"voiceSEIrank":192,"audienceSEIrank":215,"engagementSEI":0,"engagementSEIadj":0,"voiceSEI":0,"voiceSEIadj":0,"audienceSEI":0,"audienceSEIadj":0,"SEI":0,"SEIadj":0},"non_scoped":{"SEI":0,"SEIrank":215,"SEIadj":0,"audienceSEI":0,"audienceSEIadj":0,"audienceSEIrank":215,"audienceScore":0,"combinedScore":0,"combinedScoreRank":215,"engagementSEI":0,"engagementSEIadj":0,"engagementSEIrank":197,"engagementScore":0,"voiceSEI":0,"voiceSEIadj":0,"voiceSEIrank":192,"voiceScore":0},"scoped":{"SEI":0,"SEIrank":192,"SEIadj":0,"audienceSEI":0,"audienceSEIadj":0,"audienceSEIrank":192,"audienceScore":0,"combinedScore":0,"combinedScoreRank":192,"engagementSEI":0,"engagementSEIadj":0,"engagementSEIrank":176,"engagementScore":0,"voiceSEI":0,"voiceSEIadj":0,"voiceSEIrank":172,"voiceScore":0}},"twitter":{"entityString":"536575ffb08f37d80186dfc2","type":"twitter","profiles":1,"postsMade":0,"repliesMade":0,"repliesRcvd":0,"sharesMade":0,"sharesRcvd":1,"mentionsRcvd":0,"likesRcvd":0,"reachRcvd":0,"audience":7113,"voice":0,"conversation":0,"engagement":1,"group_scoped":{"audienceScore":3.8989442757380752,"voiceScore":0,"engagementScore":1.2345679012345678,"combinedScore":1.6151930975922117,"combinedScoreRank":90,"SEIrank":91,"engagementSEIrank":80,"voiceSEIrank":199,"audienceSEIrank":58,"engagementSEI":2.941176470588235,"engagementSEIadj":2.941176470588235,"voiceSEI":0,"voiceSEIadj":0,"audienceSEI":8.512038676942224,"audienceSEIadj":8.512038676942224,"SEI":2.6159097500471633,"SEIadj":2.6159097500471633},"non_scoped":{"SEI":0.16620783889090618,"SEIrank":143,"SEIadj":0,"audienceSEI":1.2837681745332736,"audienceSEIadj":0,"audienceSEIrank":103,"audienceScore":0.20776169415305493,"combinedScore":0.024633098952666993,"combinedScoreRank":126,"engagementSEI":0.06305170239596469,"engagementSEIadj":0,"engagementSEIrank":126,"engagementScore":0.015827793605571384,"voiceSEI":0,"voiceSEIadj":0,"voiceSEIrank":199,"voiceScore":0},"scoped":{"SEI":0.7217521089716884,"SEIrank":130,"SEIadj":0,"audienceSEI":6.102279454029151,"audienceSEIadj":0,"audienceSEIrank":90,"audienceScore":0.3298296181710941,"combinedScore":0.04152625142315832,"combinedScoreRank":114,"engagementSEI":0.18587360594795538,"engagementSEIadj":0,"engagementSEIrank":115,"engagementScore":0.027816411682892908,"voiceSEI":0,"voiceSEIadj":0,"voiceSEIrank":178,"voiceScore":0}},"instagram":{"entityString":"536575ffb08f37d80186dfc2","type":"instagram","profiles":0,"postsMade":0,"repliesMade":0,"repliesRcvd":0,"sharesMade":0,"sharesRcvd":0,"mentionsRcvd":0,"likesRcvd":0,"reachRcvd":0,"audience":0,"voice":0,"conversation":0,"engagement":0,"group_scoped":{"audienceScore":null,"voiceScore":0,"engagementScore":0,"combinedScore":null,"combinedScoreRank":23,"SEIrank":188,"engagementSEIrank":188,"voiceSEIrank":188,"audienceSEIrank":188,"engagementSEI":0,"engagementSEIadj":0,"voiceSEI":0,"voiceSEIadj":0,"audienceSEI":0,"audienceSEIadj":0,"SEI":0,"SEIadj":0},"non_scoped":{"SEI":0,"SEIrank":188,"SEIadj":0,"audienceSEI":0,"audienceSEIadj":0,"audienceSEIrank":188,"audienceScore":0,"combinedScore":0,"combinedScoreRank":188,"engagementSEI":0,"engagementSEIadj":0,"engagementSEIrank":188,"engagementScore":0,"voiceSEI":0,"voiceSEIadj":0,"voiceSEIrank":188,"voiceScore":0},"scoped":{"SEI":0,"SEIrank":168,"SEIadj":0,"audienceSEI":0,"audienceSEIadj":0,"audienceSEIrank":168,"audienceScore":0,"combinedScore":0,"combinedScoreRank":168,"engagementSEI":0,"engagementSEIadj":0,"engagementSEIrank":168,"engagementScore":0,"voiceSEI":0,"voiceSEIadj":0,"voiceSEIrank":168,"voiceScore":0}}},"week":{"boundaryQuantum":4982406,"combined":{"entityString":"536575ffb08f37d80186dfc2","type":"combined","profiles":1,"postsMade":17,"repliesMade":0,"repliesRcvd":0,"sharesMade":0,"sharesRcvd":22,"mentionsRcvd":0,"likesRcvd":8,"reachRcvd":0,"audience":7113,"voice":17,"conversation":17,"engagement":30,"group_scoped":{"audienceScore":1.64937983040118,"voiceScore":2.750809061488673,"engagementScore":0.10110541925047183,"combinedScore":0.31100432191991734,"combinedScoreRank":83,"SEIrank":70,"engagementSEIrank":82,"voiceSEIrank":69,"audienceSEIrank":29,"engagementSEI":0.14394702749388225,"engagementSEIadj":0.14394702749388225,"voiceSEI":3.7199124726477026,"voiceSEIadj":3.7199124726477026,"audienceSEI":4.489679984851354,"audienceSEIadj":4.489679984851354,"SEI":1.6513099567757754,"SEIadj":1.6513099567757754},"non_scoped":{"SEI":0.6231576645365563,"SEIrank":99,"SEIadj":0,"audienceSEI":0.2829256573357814,"audienceSEIadj":0,"audienceSEIrank":142,"audienceScore":0.05238465819581286,"combinedScore":0.013003548245245484,"combinedScoreRank":134,"engagementSEI":0.0030697383150411037,"engagementSEIadj":0,"engagementSEIrank":156,"engagementScore":0.0012511828891564568,"voiceSEI":1.9767441860465116,"voiceSEIadj":0,"voiceSEIrank":91,"voiceScore":0.18516501470428057},"scoped":{"SEI":2.7285704320335222,"SEIrank":109,"SEIadj":0,"audienceSEI":3.7141081806457006,"audienceSEIadj":0,"audienceSEIrank":128,"audienceScore":0.1513611974409254,"combinedScore":0.04008407630238411,"combinedScoreRank":133,"engagementSEI":0.09977052778609198,"engagementSEIadj":0,"engagementSEIrank":143,"engagementScore":0.014571170453551966,"voiceSEI":7.657657657657657,"voiceSEIadj":0,"voiceSEIrank":81,"voiceScore":0.3880392604428213}},"facebook":{"entityString":"536575ffb08f37d80186dfc2","type":"facebook","profiles":0,"postsMade":0,"repliesMade":0,"repliesRcvd":0,"sharesMade":0,"sharesRcvd":0,"mentionsRcvd":0,"likesRcvd":0,"reachRcvd":0,"audience":0,"voice":0,"conversation":0,"engagement":0,"group_scoped":{"audienceScore":0,"voiceScore":0,"engagementScore":0,"combinedScore":0,"combinedScoreRank":215,"SEIrank":215,"engagementSEIrank":198,"voiceSEIrank":198,"audienceSEIrank":215,"engagementSEI":0,"engagementSEIadj":0,"voiceSEI":0,"voiceSEIadj":0,"audienceSEI":0,"audienceSEIadj":0,"SEI":0,"SEIadj":0},"non_scoped":{"SEI":0,"SEIrank":215,"SEIadj":0,"audienceSEI":0,"audienceSEIadj":0,"audienceSEIrank":215,"audienceScore":0,"combinedScore":0,"combinedScoreRank":215,"engagementSEI":0,"engagementSEIadj":0,"engagementSEIrank":198,"engagementScore":0,"voiceSEI":0,"voiceSEIadj":0,"voiceSEIrank":198,"voiceScore":0},"scoped":{"SEI":0,"SEIrank":192,"SEIadj":0,"audienceSEI":0,"audienceSEIadj":0,"audienceSEIrank":192,"audienceScore":0,"combinedScore":0,"combinedScoreRank":192,"engagementSEI":0,"engagementSEIadj":0,"engagementSEIrank":177,"engagementScore":0,"voiceSEI":0,"voiceSEIadj":0,"voiceSEIrank":177,"voiceScore":0}},"twitter":{"entityString":"536575ffb08f37d80186dfc2","type":"twitter","profiles":1,"postsMade":17,"repliesMade":0,"repliesRcvd":0,"sharesMade":0,"sharesRcvd":22,"mentionsRcvd":0,"likesRcvd":8,"reachRcvd":0,"audience":7113,"voice":17,"conversation":17,"engagement":30,"group_scoped":{"audienceScore":3.8989442757380752,"voiceScore":4.913294797687861,"engagementScore":2.941176470588235,"combinedScore":3.0876707772007084,"combinedScoreRank":52,"SEIrank":57,"engagementSEIrank":56,"voiceSEIrank":48,"audienceSEIrank":58,"engagementSEI":5.110732538330494,"engagementSEIadj":5.110732538330494,"voiceSEI":7.423580786026202,"voiceSEIadj":7.423580786026202,"audienceSEI":8.512038676942224,"audienceSEIadj":8.512038676942224,"SEI":6.144717626500379,"SEIadj":6.144717626500379},"non_scoped":{"SEI":1.2996398688732047,"SEIrank":89,"SEIadj":0,"audienceSEI":1.2837681745332736,"audienceSEIadj":0,"audienceSEIrank":103,"audienceScore":0.20776169415305493,"combinedScore":0.06923348933973232,"combinedScoreRank":121,"engagementSEI":0.19227071716977504,"engagementSEIadj":0,"engagementSEIrank":126,"engagementScore":0.04891570194032284,"voiceSEI":3.5196687370600417,"voiceSEIadj":0,"voiceSEIrank":68,"voiceScore":0.29642545771578027},"scoped":{"SEI":4.44435170330716,"SEIrank":88,"SEIadj":0,"audienceSEI":6.102279454029151,"audienceSEIadj":0,"audienceSEIrank":90,"audienceScore":0.3298296181710941,"combinedScore":0.13623812022822096,"combinedScoreRank":110,"engagementSEI":1.1432926829268293,"engagementSEIadj":0,"engagementSEIrank":115,"engagementScore":0.10295480284155255,"voiceSEI":10.493827160493826,"voiceSEIadj":0,"voiceSEIrank":58,"voiceScore":0.5417463352453792}},"instagram":{"entityString":"536575ffb08f37d80186dfc2","type":"instagram","profiles":0,"postsMade":0,"repliesMade":0,"repliesRcvd":0,"sharesMade":0,"sharesRcvd":0,"mentionsRcvd":0,"likesRcvd":0,"reachRcvd":0,"audience":0,"voice":0,"conversation":0,"engagement":0,"group_scoped":{"audienceScore":null,"voiceScore":0,"engagementScore":0,"combinedScore":null,"combinedScoreRank":23,"SEIrank":188,"engagementSEIrank":188,"voiceSEIrank":188,"audienceSEIrank":188,"engagementSEI":0,"engagementSEIadj":0,"voiceSEI":0,"voiceSEIadj":0,"audienceSEI":0,"audienceSEIadj":0,"SEI":0,"SEIadj":0},"non_scoped":{"SEI":0,"SEIrank":188,"SEIadj":0,"audienceSEI":0,"audienceSEIadj":0,"audienceSEIrank":188,"audienceScore":0,"combinedScore":0,"combinedScoreRank":188,"engagementSEI":0,"engagementSEIadj":0,"engagementSEIrank":188,"engagementScore":0,"voiceSEI":0,"voiceSEIadj":0,"voiceSEIrank":188,"voiceScore":0},"scoped":{"SEI":0,"SEIrank":168,"SEIadj":0,"audienceSEI":0,"audienceSEIadj":0,"audienceSEIrank":168,"audienceScore":0,"combinedScore":0,"combinedScoreRank":168,"engagementSEI":0,"engagementSEIadj":0,"engagementSEIrank":168,"engagementScore":0,"voiceSEI":0,"voiceSEIadj":0,"voiceSEIrank":168,"voiceScore":0}}},"month":{"boundaryQuantum":4975782,"combined":{"entityString":"536575ffb08f37d80186dfc2","type":"combined","profiles":1,"postsMade":52,"repliesMade":0,"repliesRcvd":0,"sharesMade":0,"sharesRcvd":136,"mentionsRcvd":0,"likesRcvd":70,"reachRcvd":0,"audience":7113,"voice":52,"conversation":52,"engagement":206,"group_scoped":{"audienceScore":1.64937983040118,"voiceScore":2.0408163265306123,"engagementScore":0.26342710997442453,"combinedScore":0.4215942068235717,"combinedScoreRank":64,"SEIrank":70,"engagementSEIrank":47,"voiceSEIrank":80,"audienceSEIrank":29,"engagementSEI":0.4922694577866991,"engagementSEIadj":0.4922694577866991,"voiceSEI":2.8729281767955803,"voiceSEIadj":2.8729281767955803,"audienceSEI":4.489679984851354,"audienceSEIadj":4.489679984851354,"SEI":1.606208126195829,"SEIadj":1.606208126195829},"non_scoped":{"SEI":0.46276161386124387,"SEIrank":124,"SEIadj":0,"audienceSEI":0.2829256573357814,"audienceSEIadj":0,"audienceSEIrank":142,"audienceScore":0.05238465819581286,"combinedScore":0.011518900161219942,"combinedScoreRank":146,"engagementSEI":0.005684574548228096,"engagementSEIadj":0,"engagementSEIrank":152,"engagementScore":0.0022388729643917035,"voiceSEI":1.4368610113290963,"voiceSEIadj":0,"voiceSEIrank":114,"voiceScore":0.1376936316695353},"scoped":{"SEI":2.1278525412324556,"SEIrank":123,"SEIadj":0,"audienceSEI":3.7141081806457006,"audienceSEIadj":0,"audienceSEIrank":128,"audienceScore":0.1513611974409254,"combinedScore":0.04162679741394366,"combinedScoreRank":139,"engagementSEI":0.19056076668331762,"engagementSEIadj":0,"engagementSEIrank":141,"engagementScore":0.021713008832767673,"voiceSEI":5.473684210526316,"voiceSEIadj":0,"voiceSEIrank":104,"voiceScore":0.29034059184812955}},"facebook":{"entityString":"536575ffb08f37d80186dfc2","type":"facebook","profiles":0,"postsMade":0,"repliesMade":0,"repliesRcvd":0,"sharesMade":0,"sharesRcvd":0,"mentionsRcvd":0,"likesRcvd":0,"reachRcvd":0,"audience":0,"voice":0,"conversation":0,"engagement":0,"group_scoped":{"audienceScore":0,"voiceScore":0,"engagementScore":0,"combinedScore":0,"combinedScoreRank":215,"SEIrank":215,"engagementSEIrank":198,"voiceSEIrank":198,"audienceSEIrank":215,"engagementSEI":0,"engagementSEIadj":0,"voiceSEI":0,"voiceSEIadj":0,"audienceSEI":0,"audienceSEIadj":0,"SEI":0,"SEIadj":0},"non_scoped":{"SEI":0,"SEIrank":215,"SEIadj":0,"audienceSEI":0,"audienceSEIadj":0,"audienceSEIrank":215,"audienceScore":0,"combinedScore":0,"combinedScoreRank":215,"engagementSEI":0,"engagementSEIadj":0,"engagementSEIrank":198,"engagementScore":0,"voiceSEI":0,"voiceSEIadj":0,"voiceSEIrank":198,"voiceScore":0},"scoped":{"SEI":0,"SEIrank":192,"SEIadj":0,"audienceSEI":0,"audienceSEIadj":0,"audienceSEIrank":192,"audienceScore":0,"combinedScore":0,"combinedScoreRank":192,"engagementSEI":0,"engagementSEIadj":0,"engagementSEIrank":177,"engagementScore":0,"voiceSEI":0,"voiceSEIadj":0,"voiceSEIrank":177,"voiceScore":0}},"twitter":{"entityString":"536575ffb08f37d80186dfc2","type":"twitter","profiles":1,"postsMade":52,"repliesMade":0,"repliesRcvd":0,"sharesMade":0,"sharesRcvd":136,"mentionsRcvd":0,"likesRcvd":70,"reachRcvd":0,"audience":7113,"voice":52,"conversation":52,"engagement":206,"group_scoped":{"audienceScore":3.8989442757380752,"voiceScore":3.7142857142857144,"engagementScore":4.739990796134377,"combinedScore":4.646653216022129,"combinedScoreRank":31,"SEIrank":43,"engagementSEIrank":39,"voiceSEIrank":56,"audienceSEIrank":58,"engagementSEI":9.372156505914468,"engagementSEIadj":9.372156505914468,"voiceSEI":6.25,"voiceSEIadj":6.25,"audienceSEI":8.512038676942224,"audienceSEIadj":8.512038676942224,"SEI":8.349497771242902,"SEIadj":8.349497771242902},"non_scoped":{"SEI":1.1259698129321978,"SEIrank":99,"SEIadj":0,"audienceSEI":1.2837681745332736,"audienceSEIadj":0,"audienceSEIrank":103,"audienceScore":0.20776169415305493,"combinedScore":0.09838992706514792,"combinedScoreRank":115,"engagementSEI":0.35743410893064737,"engagementSEIadj":0,"engagementSEIrank":115,"engagementScore":0.08538541567361217,"voiceSEI":2.610441767068273,"voiceSEIadj":0,"voiceSEIrank":86,"voiceScore":0.22309936502488414},"scoped":{"SEI":4.251883843450593,"SEIrank":97,"SEIadj":0,"audienceSEI":6.102279454029151,"audienceSEIadj":0,"audienceSEIrank":90,"audienceScore":0.3298296181710941,"combinedScore":0.19280797483513848,"combinedScoreRank":104,"engagementSEI":2.032159416000789,"engagementSEIadj":0,"engagementSEIrank":105,"engagementScore":0.17332189072307203,"voiceSEI":8.074534161490684,"voiceSEIadj":0,"voiceSEIrank":76,"voiceScore":0.40653584551637867}},"instagram":{"entityString":"536575ffb08f37d80186dfc2","type":"instagram","profiles":0,"postsMade":0,"repliesMade":0,"repliesRcvd":0,"sharesMade":0,"sharesRcvd":0,"mentionsRcvd":0,"likesRcvd":0,"reachRcvd":0,"audience":0,"voice":0,"conversation":0,"engagement":0,"group_scoped":{"audienceScore":null,"voiceScore":0,"engagementScore":0,"combinedScore":null,"combinedScoreRank":23,"SEIrank":188,"engagementSEIrank":188,"voiceSEIrank":188,"audienceSEIrank":188,"engagementSEI":0,"engagementSEIadj":0,"voiceSEI":0,"voiceSEIadj":0,"audienceSEI":0,"audienceSEIadj":0,"SEI":0,"SEIadj":0},"non_scoped":{"SEI":0,"SEIrank":188,"SEIadj":0,"audienceSEI":0,"audienceSEIadj":0,"audienceSEIrank":188,"audienceScore":0,"combinedScore":0,"combinedScoreRank":188,"engagementSEI":0,"engagementSEIadj":0,"engagementSEIrank":188,"engagementScore":0,"voiceSEI":0,"voiceSEIadj":0,"voiceSEIrank":188,"voiceScore":0},"scoped":{"SEI":0,"SEIrank":168,"SEIadj":0,"audienceSEI":0,"audienceSEIadj":0,"audienceSEIrank":168,"audienceScore":0,"combinedScore":0,"combinedScoreRank":168,"engagementSEI":0,"engagementSEIadj":0,"engagementSEIrank":168,"engagementScore":0,"voiceSEI":0,"voiceSEIadj":0,"voiceSEIrank":168,"voiceScore":0}}},"quarter":{"boundaryQuantum":4958502,"combined":{"entityString":"536575ffb08f37d80186dfc2","type":"combined","profiles":1,"postsMade":163,"repliesMade":0,"repliesRcvd":0,"sharesMade":0,"sharesRcvd":453,"mentionsRcvd":0,"likesRcvd":372,"reachRcvd":0,"audience":7113,"voice":163,"conversation":163,"engagement":825,"group_scoped":{"audienceScore":1.64937983040118,"voiceScore":2.327573896901328,"engagementScore":0.3465047124640895,"combinedScore":0.510701927582806,"combinedScoreRank":58,"SEIrank":58,"engagementSEIrank":48,"voiceSEIrank":70,"audienceSEIrank":29,"engagementSEI":0.623502648941557,"engagementSEIadj":0.623502648941557,"voiceSEI":3.4607218683651806,"voiceSEIadj":3.4607218683651806,"audienceSEI":4.489679984851354,"audienceSEIadj":4.489679984851354,"SEI":1.8612861483596237,"SEIadj":1.8612861483596237},"non_scoped":{"SEI":0.4892784484115296,"SEIrank":116,"SEIadj":0,"audienceSEI":0.2829256573357814,"audienceSEIadj":0,"audienceSEIrank":142,"audienceScore":0.05238465819581286,"combinedScore":0.012377276876194965,"combinedScoreRank":140,"engagementSEI":0.0071966180605629,"engagementSEIadj":0,"engagementSEIrank":146,"engagementScore":0.0027871602789457574,"voiceSEI":1.5222263728053793,"voiceSEIadj":0,"voiceSEIrank":110,"voiceScore":0.1449919943070628},"scoped":{"SEI":2.3750413352265687,"SEIrank":113,"SEIadj":0,"audienceSEI":3.7141081806457006,"audienceSEIadj":0,"audienceSEIrank":128,"audienceScore":0.1513611974409254,"combinedScore":0.047322575161758515,"combinedScoreRank":135,"engagementSEI":0.1669435568893053,"engagementSEIadj":0,"engagementSEIrank":135,"engagementScore":0.02723147945822229,"voiceSEI":6.344881276761385,"voiceSEIadj":0,"voiceSEIrank":100,"voiceScore":0.30492367554624367}},"facebook":{"entityString":"536575ffb08f37d80186dfc2","type":"facebook","profiles":0,"postsMade":0,"repliesMade":0,"repliesRcvd":0,"sharesMade":0,"sharesRcvd":0,"mentionsRcvd":0,"likesRcvd":0,"reachRcvd":0,"audience":0,"voice":0,"conversation":0,"engagement":0,"group_scoped":{"audienceScore":0,"voiceScore":0,"engagementScore":0,"combinedScore":0,"combinedScoreRank":215,"SEIrank":215,"engagementSEIrank":199,"voiceSEIrank":198,"audienceSEIrank":215,"engagementSEI":0,"engagementSEIadj":0,"voiceSEI":0,"voiceSEIadj":0,"audienceSEI":0,"audienceSEIadj":0,"SEI":0,"SEIadj":0},"non_scoped":{"SEI":0,"SEIrank":215,"SEIadj":0,"audienceSEI":0,"audienceSEIadj":0,"audienceSEIrank":215,"audienceScore":0,"combinedScore":0,"combinedScoreRank":215,"engagementSEI":0,"engagementSEIadj":0,"engagementSEIrank":199,"engagementScore":0,"voiceSEI":0,"voiceSEIadj":0,"voiceSEIrank":198,"voiceScore":0},"scoped":{"SEI":0,"SEIrank":192,"SEIadj":0,"audienceSEI":0,"audienceSEIadj":0,"audienceSEIrank":192,"audienceScore":0,"combinedScore":0,"combinedScoreRank":192,"engagementSEI":0,"engagementSEIadj":0,"engagementSEIrank":178,"engagementScore":0,"voiceSEI":0,"voiceSEIadj":0,"voiceSEIrank":177,"voiceScore":0}},"twitter":{"entityString":"536575ffb08f37d80186dfc2","type":"twitter","profiles":1,"postsMade":163,"repliesMade":0,"repliesRcvd":0,"sharesMade":0,"sharesRcvd":453,"mentionsRcvd":0,"likesRcvd":372,"reachRcvd":0,"audience":7113,"voice":163,"conversation":163,"engagement":825,"group_scoped":{"audienceScore":3.8989442757380752,"voiceScore":4.183778234086242,"engagementScore":5.851063829787234,"combinedScore":5.670093572299727,"combinedScoreRank":28,"SEIrank":33,"engagementSEIrank":29,"voiceSEIrank":49,"audienceSEIrank":58,"engagementSEI":14.083304882212358,"engagementSEIadj":14.083304882212358,"voiceSEI":8.013765978367749,"voiceSEIadj":8.013765978367749,"audienceSEI":8.512038676942224,"audienceSEIadj":8.512038676942224,"SEI":11.705316590531963,"SEIadj":11.705316590531963},"non_scoped":{"SEI":1.1770311553926147,"SEIrank":93,"SEIadj":0,"audienceSEI":1.2837681745332736,"audienceSEIadj":0,"audienceSEIrank":103,"audienceScore":0.20776169415305493,"combinedScore":0.11143429347909503,"combinedScoreRank":107,"engagementSEI":0.39123259607724115,"engagementSEIadj":0,"engagementSEIrank":108,"engagementScore":0.09926364423909904,"voiceSEI":2.7130492676431426,"voiceSEIadj":0,"voiceSEIrank":81,"voiceScore":0.23417857912506287},"scoped":{"SEI":4.903947088647904,"SEIrank":88,"SEIadj":0,"audienceSEI":6.102279454029151,"audienceSEIadj":0,"audienceSEIrank":90,"audienceScore":0.3298296181710941,"combinedScore":0.2230627226188934,"combinedScoreRank":96,"engagementSEI":2.59548228779966,"engagementSEIadj":0,"engagementSEIrank":97,"engagementScore":0.20579621933636333,"voiceSEI":9.121432568550643,"voiceSEIadj":0,"voiceSEIrank":71,"voiceScore":0.42709288615223373}},"instagram":{"entityString":"536575ffb08f37d80186dfc2","type":"instagram","profiles":0,"postsMade":0,"repliesMade":0,"repliesRcvd":0,"sharesMade":0,"sharesRcvd":0,"mentionsRcvd":0,"likesRcvd":0,"reachRcvd":0,"audience":0,"voice":0,"conversation":0,"engagement":0,"group_scoped":{"audienceScore":null,"voiceScore":0,"engagementScore":0,"combinedScore":null,"combinedScoreRank":23,"SEIrank":188,"engagementSEIrank":188,"voiceSEIrank":188,"audienceSEIrank":188,"engagementSEI":0,"engagementSEIadj":0,"voiceSEI":0,"voiceSEIadj":0,"audienceSEI":0,"audienceSEIadj":0,"SEI":0,"SEIadj":0},"non_scoped":{"SEI":0,"SEIrank":188,"SEIadj":0,"audienceSEI":0,"audienceSEIadj":0,"audienceSEIrank":188,"audienceScore":0,"combinedScore":0,"combinedScoreRank":188,"engagementSEI":0,"engagementSEIadj":0,"engagementSEIrank":188,"engagementScore":0,"voiceSEI":0,"voiceSEIadj":0,"voiceSEIrank":188,"voiceScore":0},"scoped":{"SEI":0,"SEIrank":168,"SEIadj":0,"audienceSEI":0,"audienceSEIadj":0,"audienceSEIrank":168,"audienceScore":0,"combinedScore":0,"combinedScoreRank":168,"engagementSEI":0,"engagementSEIadj":0,"engagementSEIrank":168,"engagementScore":0,"voiceSEI":0,"voiceSEIadj":0,"voiceSEIrank":168,"voiceScore":0}}},"blended":{"combined":{"non_scoped":{"SEI":0.5024307554662928,"SEIadj":50.251215377733146,"SEIrank":114,"audienceSEI":0.2829256573357814,"audienceSEIadj":50.14146282866789,"audienceSEIrank":142,"engagementSEI":0.005397519263187203,"engagementSEIadj":50.00269875963159,"engagementSEIrank":152,"voiceSEI":1.5696655939160076,"voiceSEIadj":50.78483279695801,"voiceSEIrank":106},"scoped":{"SEI":7.781446793435593,"SEIadj":53.890723396717796,"SEIrank":98,"compCharisma":0,"compInfluence":6,"compEva":1.7814467934355924,"audienceSEI":3.7141081806457,"audienceSEIadj":51.85705409032285,"audienceSEIrank":128,"engagementSEI":0.1422682508156532,"engagementSEIadj":50.07113412540782,"engagementSEIrank":141,"voiceSEI":6.290790567256937,"voiceSEIadj":53.14539528362847,"voiceSEIrank":96}},"facebook":{"non_scoped":{"SEI":0,"SEIadj":0,"SEIrank":215,"audienceSEI":0,"audienceSEIadj":0,"audienceSEIrank":215,"engagementSEI":0,"engagementSEIadj":0,"engagementSEIrank":199,"voiceSEI":0,"voiceSEIadj":0,"voiceSEIrank":198},"scoped":{"SEI":0,"SEIadj":0,"SEIrank":192,"audienceSEI":0,"audienceSEIadj":0,"audienceSEIrank":192,"engagementSEI":0,"engagementSEIadj":0,"engagementSEIrank":178,"voiceSEI":0,"voiceSEIadj":0,"voiceSEIrank":177}},"twitter":{"non_scoped":{"SEI":1.1556134022426436,"SEIadj":50.577806701121325,"SEIrank":93,"audienceSEI":1.2837681745332736,"audienceSEIadj":50.64188408726664,"audienceSEIrank":103,"engagementSEI":0.3100652146489484,"engagementSEIadj":50.15503260732447,"engagementSEIrank":115,"voiceSEI":2.8039915199998244,"voiceSEIadj":51.40199575999991,"voiceSEIrank":81},"scoped":{"SEI":4.459149237282274,"SEIadj":52.22957461864114,"SEIrank":91,"audienceSEI":6.102279454029151,"audienceSEIadj":53.05113972701457,"audienceSEIrank":90,"engagementSEI":1.954846541475395,"engagementSEIadj":50.977423270737695,"engagementSEIrank":103,"voiceSEI":8.920044556647072,"voiceSEIadj":54.460022278323535,"voiceSEIrank":70}},"instagram":{"non_scoped":{"SEI":0,"SEIadj":0,"SEIrank":188,"audienceSEI":0,"audienceSEIadj":0,"audienceSEIrank":188,"engagementSEI":0,"engagementSEIadj":0,"engagementSEIrank":188,"voiceSEI":0,"voiceSEIadj":0,"voiceSEIrank":188},"scoped":{"SEI":0,"SEIadj":0,"SEIrank":168,"audienceSEI":0,"audienceSEIadj":0,"audienceSEIrank":168,"engagementSEI":0,"engagementSEIadj":0,"engagementSEIrank":168,"voiceSEI":0,"voiceSEIadj":0,"voiceSEIrank":168}},"influence":{"facebook":{"scope":"individual","ratio":0,"calculated":false},"instagram":{"scope":"individual","ratio":0,"calculated":false},"combined":{"ratio":1.11,"bottom":true,"scope":"individual","calculated":true},"twitter":{"ratio":0.55,"bottom":false,"scope":"individual","calculated":true}},"charisma":{"facebook":{"scope":"individual","ratio":0,"calculated":false},"instagram":{"scope":"individual","ratio":0,"calculated":false},"combined":{"ratio":0.1,"bottom":false,"scope":"individual","calculated":true},"twitter":{"ratio":0.55,"bottom":false,"scope":"individual","calculated":true}}},"scope":"individual"}}