{"scoreEntityString":"591d1494ab33fb0001804f89.asset.536575feb08f37d80186a104","timeQuantum":4984422,"scoreEntityType":"asset","scoreProfileID":"591d1494ab33fb0001804f89","data":{"scoreEntityString":"591d1494ab33fb0001804f89.asset.536575feb08f37d80186a104","scoreProfileID":"591d1494ab33fb0001804f89","scoreEntityType":"asset","entityID":"asset.536575feb08f37d80186a104","object_version":"1.2","score_engine_version":"3.0.19","timestamp":4984422,"start_quantum":4958502,"end_quantum":4984421,"schedule_options":{"interval":15,"offset":"1"},"_15min":{"boundaryQuantum":4984419,"combined":{"entityString":"536575feb08f37d80186a104","type":"combined","profiles":2,"postsMade":0,"repliesMade":0,"repliesRcvd":0,"sharesMade":0,"sharesRcvd":0,"mentionsRcvd":0,"likesRcvd":0,"reachRcvd":0,"audience":17904,"voice":0,"conversation":0,"engagement":0,"group_scoped":{"audienceScore":1.2278243766754515,"voiceScore":0,"engagementScore":0,"combinedScore":1.2278243766754515,"engagementSEI":0,"engagementSEIadj":0,"voiceSEI":0,"voiceSEIadj":0,"audienceSEI":2.8079068045945283,"audienceSEIadj":2.8079068045945283,"SEI":0.2807906804594528,"SEIadj":0.2807906804594528,"combinedScoreRank":62,"SEIrank":49,"engagementSEIrank":136,"voiceSEIrank":133,"audienceSEIrank":49},"non_scoped":{"SEI":0.07121469097342656,"SEIrank":85,"SEIadj":0,"audienceSEI":0.7121469097342655,"audienceSEIadj":0,"audienceSEIrank":85,"audienceScore":0.13185644880329447,"combinedScore":0.006592822440164724,"combinedScoreRank":85,"engagementSEI":0,"engagementSEIadj":0,"engagementSEIrank":136,"engagementScore":0,"voiceSEI":0,"voiceSEIadj":0,"voiceSEIrank":133,"voiceScore":0},"scoped":{"SEI":0.9348712620031017,"SEIrank":73,"SEIadj":0,"audienceSEI":9.348712620031016,"audienceSEIadj":0,"audienceSEIrank":73,"audienceScore":0.38098845479858406,"combinedScore":0.05442692211408343,"combinedScoreRank":73,"engagementSEI":0,"engagementSEIadj":0,"engagementSEIrank":119,"engagementScore":0,"voiceSEI":0,"voiceSEIadj":0,"voiceSEIrank":117,"voiceScore":0}},"facebook":{"entityString":"536575feb08f37d80186a104","type":"facebook","profiles":1,"postsMade":0,"repliesMade":0,"repliesRcvd":0,"sharesMade":0,"sharesRcvd":0,"mentionsRcvd":0,"likesRcvd":0,"reachRcvd":0,"audience":12992,"voice":0,"conversation":0,"engagement":0,"group_scoped":{"audienceScore":1.2939942610876445,"voiceScore":0,"engagementScore":0,"combinedScore":1.2939942610876445,"engagementSEI":0,"engagementSEIadj":0,"voiceSEI":0,"voiceSEIadj":0,"audienceSEI":2.443676197856517,"audienceSEIadj":2.443676197856517,"SEI":0.2443676197856517,"SEIadj":0.2443676197856517,"combinedScoreRank":45,"SEIrank":39,"engagementSEIrank":135,"voiceSEIrank":133,"audienceSEIrank":39},"non_scoped":{"SEI":0.07060501191242195,"SEIrank":65,"SEIadj":0,"audienceSEI":0.7060501191242196,"audienceSEIadj":0,"audienceSEIrank":65,"audienceScore":0.1354723335922796,"combinedScore":0.006773616679613979,"combinedScoreRank":65,"engagementSEI":0,"engagementSEIadj":0,"engagementSEIrank":135,"engagementScore":0,"voiceSEI":0,"voiceSEIadj":0,"voiceSEIrank":133,"voiceScore":0},"scoped":{"SEI":0.9123531435874748,"SEIrank":54,"SEIadj":0,"audienceSEI":9.123531435874748,"audienceSEIadj":0,"audienceSEIrank":54,"audienceScore":0.5584745460352477,"combinedScore":0.07978207800503538,"combinedScoreRank":54,"engagementSEI":0,"engagementSEIadj":0,"engagementSEIrank":118,"engagementScore":0,"voiceSEI":0,"voiceSEIadj":0,"voiceSEIrank":117,"voiceScore":0}},"twitter":{"entityString":"536575feb08f37d80186a104","type":"twitter","profiles":1,"postsMade":0,"repliesMade":0,"repliesRcvd":0,"sharesMade":0,"sharesRcvd":0,"mentionsRcvd":0,"likesRcvd":0,"reachRcvd":0,"audience":4912,"voice":0,"conversation":0,"engagement":0,"group_scoped":{"audienceScore":1.2133458159083668,"voiceScore":0,"engagementScore":0,"combinedScore":1.2133458159083668,"engagementSEI":0,"engagementSEIadj":0,"voiceSEI":0,"voiceSEIadj":0,"audienceSEI":4.21403018110378,"audienceSEIadj":4.21403018110378,"SEI":0.42140301811037806,"SEIadj":0.42140301811037806,"combinedScoreRank":119,"SEIrank":102,"engagementSEIrank":134,"voiceSEIrank":132,"audienceSEIrank":102},"non_scoped":{"SEI":0.08865273827228232,"SEIrank":124,"SEIadj":0,"audienceSEI":0.886527382722823,"audienceSEIadj":0,"audienceSEIrank":124,"audienceScore":0.14347328014618385,"combinedScore":0.007173664007309193,"combinedScoreRank":124,"engagementSEI":0,"engagementSEIadj":0,"engagementSEIrank":134,"engagementScore":0,"voiceSEI":0,"voiceSEIadj":0,"voiceSEIrank":132,"voiceScore":0},"scoped":{"SEI":0.42140301811037806,"SEIrank":110,"SEIadj":0,"audienceSEI":4.21403018110378,"audienceSEIadj":0,"audienceSEIrank":110,"audienceScore":0.22776930752937075,"combinedScore":0.032538472504195816,"combinedScoreRank":110,"engagementSEI":0,"engagementSEIadj":0,"engagementSEIrank":118,"engagementScore":0,"voiceSEI":0,"voiceSEIadj":0,"voiceSEIrank":117,"voiceScore":0}},"instagram":{"entityString":"536575feb08f37d80186a104","type":"instagram","profiles":0,"postsMade":0,"repliesMade":0,"repliesRcvd":0,"sharesMade":0,"sharesRcvd":0,"mentionsRcvd":0,"likesRcvd":0,"reachRcvd":0,"audience":0,"voice":0,"conversation":0,"engagement":0,"group_scoped":{"audienceScore":0,"voiceScore":0,"engagementScore":0,"combinedScore":0,"engagementSEI":0,"engagementSEIadj":0,"voiceSEI":0,"voiceSEIadj":0,"audienceSEI":0,"audienceSEIadj":0,"SEI":0,"SEIadj":0,"combinedScoreRank":152,"SEIrank":134,"engagementSEIrank":133,"voiceSEIrank":132,"audienceSEIrank":134},"non_scoped":{"SEI":0,"SEIrank":134,"SEIadj":0,"audienceSEI":0,"audienceSEIadj":0,"audienceSEIrank":134,"audienceScore":0,"combinedScore":0,"combinedScoreRank":134,"engagementSEI":0,"engagementSEIadj":0,"engagementSEIrank":133,"engagementScore":0,"voiceSEI":0,"voiceSEIadj":0,"voiceSEIrank":132,"voiceScore":0},"scoped":{"SEI":0,"SEIrank":117,"SEIadj":0,"audienceSEI":0,"audienceSEIadj":0,"audienceSEIrank":117,"audienceScore":0,"combinedScore":0,"combinedScoreRank":117,"engagementSEI":0,"engagementSEIadj":0,"engagementSEIrank":117,"engagementScore":0,"voiceSEI":0,"voiceSEIadj":0,"voiceSEIrank":117,"voiceScore":0}}},"hour":{"boundaryQuantum":4984410,"combined":{"entityString":"536575feb08f37d80186a104","type":"combined","profiles":2,"postsMade":0,"repliesMade":0,"repliesRcvd":0,"sharesMade":0,"sharesRcvd":0,"mentionsRcvd":0,"likesRcvd":0,"reachRcvd":0,"audience":17904,"voice":0,"conversation":0,"engagement":0,"group_scoped":{"audienceScore":1.2278243766754515,"voiceScore":0,"engagementScore":0,"combinedScore":1.2278243766754515,"combinedScoreRank":53,"SEIrank":68,"engagementSEIrank":153,"voiceSEIrank":136,"audienceSEIrank":49,"engagementSEI":0,"engagementSEIadj":0,"voiceSEI":0,"voiceSEIadj":0,"audienceSEI":2.8079068045945283,"audienceSEIadj":2.8079068045945283,"SEI":0.2807906804594528,"SEIadj":0.2807906804594528},"non_scoped":{"SEI":0.07121469097342656,"SEIrank":93,"SEIadj":0,"audienceSEI":0.7121469097342655,"audienceSEIadj":0,"audienceSEIrank":85,"audienceScore":0.13185644880329447,"combinedScore":0.006592822440164724,"combinedScoreRank":101,"engagementSEI":0,"engagementSEIadj":0,"engagementSEIrank":153,"engagementScore":0,"voiceSEI":0,"voiceSEIadj":0,"voiceSEIrank":136,"voiceScore":0},"scoped":{"SEI":0.9348712620031017,"SEIrank":79,"SEIadj":0,"audienceSEI":9.348712620031016,"audienceSEIadj":0,"audienceSEIrank":73,"audienceScore":0.38098845479858406,"combinedScore":0.019049422739929205,"combinedScoreRank":89,"engagementSEI":0,"engagementSEIadj":0,"engagementSEIrank":134,"engagementScore":0,"voiceSEI":0,"voiceSEIadj":0,"voiceSEIrank":119,"voiceScore":0}},"facebook":{"entityString":"536575feb08f37d80186a104","type":"facebook","profiles":1,"postsMade":0,"repliesMade":0,"repliesRcvd":0,"sharesMade":0,"sharesRcvd":0,"mentionsRcvd":0,"likesRcvd":0,"reachRcvd":0,"audience":12992,"voice":0,"conversation":0,"engagement":0,"group_scoped":{"audienceScore":1.2939942610876445,"voiceScore":0,"engagementScore":0,"combinedScore":1.2939942610876445,"combinedScoreRank":40,"SEIrank":52,"engagementSEIrank":151,"voiceSEIrank":134,"audienceSEIrank":39,"engagementSEI":0,"engagementSEIadj":0,"voiceSEI":0,"voiceSEIadj":0,"audienceSEI":2.443676197856517,"audienceSEIadj":2.443676197856517,"SEI":0.2443676197856517,"SEIadj":0.2443676197856517},"non_scoped":{"SEI":0.07060501191242195,"SEIrank":69,"SEIadj":0,"audienceSEI":0.7060501191242196,"audienceSEIadj":0,"audienceSEIrank":65,"audienceScore":0.1354723335922796,"combinedScore":0.006773616679613979,"combinedScoreRank":76,"engagementSEI":0,"engagementSEIadj":0,"engagementSEIrank":151,"engagementScore":0,"voiceSEI":0,"voiceSEIadj":0,"voiceSEIrank":134,"voiceScore":0},"scoped":{"SEI":0.9123531435874748,"SEIrank":64,"SEIadj":0,"audienceSEI":9.123531435874748,"audienceSEIadj":0,"audienceSEIrank":54,"audienceScore":0.5584745460352477,"combinedScore":0.027923727301762388,"combinedScoreRank":65,"engagementSEI":0,"engagementSEIadj":0,"engagementSEIrank":132,"engagementScore":0,"voiceSEI":0,"voiceSEIadj":0,"voiceSEIrank":117,"voiceScore":0}},"twitter":{"entityString":"536575feb08f37d80186a104","type":"twitter","profiles":1,"postsMade":0,"repliesMade":0,"repliesRcvd":0,"sharesMade":0,"sharesRcvd":0,"mentionsRcvd":0,"likesRcvd":0,"reachRcvd":0,"audience":4912,"voice":0,"conversation":0,"engagement":0,"group_scoped":{"audienceScore":1.2133458159083668,"voiceScore":0,"engagementScore":0,"combinedScore":1.2133458159083668,"combinedScoreRank":122,"SEIrank":114,"engagementSEIrank":144,"voiceSEIrank":136,"audienceSEIrank":102,"engagementSEI":0,"engagementSEIadj":0,"voiceSEI":0,"voiceSEIadj":0,"audienceSEI":4.21403018110378,"audienceSEIadj":4.21403018110378,"SEI":0.42140301811037806,"SEIadj":0.42140301811037806},"non_scoped":{"SEI":0.08865273827228232,"SEIrank":132,"SEIadj":0,"audienceSEI":0.886527382722823,"audienceSEIadj":0,"audienceSEIrank":124,"audienceScore":0.14347328014618385,"combinedScore":0.007173664007309193,"combinedScoreRank":132,"engagementSEI":0,"engagementSEIadj":0,"engagementSEIrank":144,"engagementScore":0,"voiceSEI":0,"voiceSEIadj":0,"voiceSEIrank":136,"voiceScore":0},"scoped":{"SEI":0.42140301811037806,"SEIrank":118,"SEIadj":0,"audienceSEI":4.21403018110378,"audienceSEIadj":0,"audienceSEIrank":110,"audienceScore":0.22776930752937075,"combinedScore":0.011388465376468537,"combinedScoreRank":118,"engagementSEI":0,"engagementSEIadj":0,"engagementSEIrank":127,"engagementScore":0,"voiceSEI":0,"voiceSEIadj":0,"voiceSEIrank":119,"voiceScore":0}},"instagram":{"entityString":"536575feb08f37d80186a104","type":"instagram","profiles":0,"postsMade":0,"repliesMade":0,"repliesRcvd":0,"sharesMade":0,"sharesRcvd":0,"mentionsRcvd":0,"likesRcvd":0,"reachRcvd":0,"audience":0,"voice":0,"conversation":0,"engagement":0,"group_scoped":{"audienceScore":0,"voiceScore":0,"engagementScore":0,"combinedScore":0,"combinedScoreRank":152,"SEIrank":134,"engagementSEIrank":133,"voiceSEIrank":132,"audienceSEIrank":134,"engagementSEI":0,"engagementSEIadj":0,"voiceSEI":0,"voiceSEIadj":0,"audienceSEI":0,"audienceSEIadj":0,"SEI":0,"SEIadj":0},"non_scoped":{"SEI":0,"SEIrank":134,"SEIadj":0,"audienceSEI":0,"audienceSEIadj":0,"audienceSEIrank":134,"audienceScore":0,"combinedScore":0,"combinedScoreRank":134,"engagementSEI":0,"engagementSEIadj":0,"engagementSEIrank":133,"engagementScore":0,"voiceSEI":0,"voiceSEIadj":0,"voiceSEIrank":132,"voiceScore":0},"scoped":{"SEI":0,"SEIrank":117,"SEIadj":0,"audienceSEI":0,"audienceSEIadj":0,"audienceSEIrank":117,"audienceScore":0,"combinedScore":0,"combinedScoreRank":117,"engagementSEI":0,"engagementSEIadj":0,"engagementSEIrank":117,"engagementScore":0,"voiceSEI":0,"voiceSEIadj":0,"voiceSEIrank":117,"voiceScore":0}}},"today":{"boundaryQuantum":4984134,"combined":{"entityString":"536575feb08f37d80186a104","type":"combined","profiles":2,"postsMade":0,"repliesMade":0,"repliesRcvd":1,"sharesMade":0,"sharesRcvd":0,"mentionsRcvd":0,"likesRcvd":0,"reachRcvd":0,"audience":17904,"voice":0,"conversation":1,"engagement":1,"group_scoped":{"audienceScore":1.2278243766754515,"voiceScore":0,"engagementScore":0.0057650178715554015,"combinedScore":0.180344926272112,"combinedScoreRank":145,"SEIrank":125,"engagementSEIrank":144,"voiceSEIrank":173,"audienceSEIrank":49,"engagementSEI":0.006383657835939994,"engagementSEIadj":0.006383657835939994,"voiceSEI":0,"voiceSEIadj":0,"audienceSEI":2.8079068045945283,"audienceSEIadj":2.8079068045945283,"SEI":0.2846208751610168,"SEIadj":0.2846208751610168},"non_scoped":{"SEI":0.07152192164733705,"SEIrank":134,"SEIadj":0,"audienceSEI":0.7121469097342655,"audienceSEIadj":0,"audienceSEIrank":85,"audienceScore":0.13185644880329447,"combinedScore":0.006832955634042928,"combinedScoreRank":137,"engagementSEI":0.0005120511231841387,"engagementSEIadj":0,"engagementSEIrank":154,"engagementScore":0.0002668146598646716,"voiceSEI":0,"voiceSEIadj":0,"voiceSEIrank":173,"voiceScore":0},"scoped":{"SEI":0.9382456503952056,"SEIrank":118,"SEIadj":0,"audienceSEI":9.348712620031016,"audienceSEIadj":0,"audienceSEIrank":73,"audienceScore":0.38098845479858406,"combinedScore":0.021455325220681984,"combinedScoreRank":130,"engagementSEI":0.0056239806535065525,"engagementSEIadj":0,"engagementSEIrank":142,"engagementScore":0.0026732249786142,"voiceSEI":0,"voiceSEIadj":0,"voiceSEIrank":153,"voiceScore":0}},"facebook":{"entityString":"536575feb08f37d80186a104","type":"facebook","profiles":1,"postsMade":0,"repliesMade":0,"repliesRcvd":1,"sharesMade":0,"sharesRcvd":0,"mentionsRcvd":0,"likesRcvd":0,"reachRcvd":0,"audience":12992,"voice":0,"conversation":1,"engagement":1,"group_scoped":{"audienceScore":1.2939942610876445,"voiceScore":0,"engagementScore":0.006009976561091412,"combinedScore":0.19000773149345612,"combinedScoreRank":104,"SEIrank":76,"engagementSEIrank":98,"voiceSEIrank":154,"audienceSEIrank":39,"engagementSEI":0.006522731720044354,"engagementSEIadj":0.006522731720044354,"voiceSEI":0,"voiceSEIadj":0,"audienceSEI":2.443676197856517,"audienceSEIadj":2.443676197856517,"SEI":0.2482812588176783,"SEIadj":0.2482812588176783},"non_scoped":{"SEI":0.07092448031699675,"SEIrank":91,"SEIadj":0,"audienceSEI":0.7060501191242196,"audienceSEIadj":0,"audienceSEIrank":65,"audienceScore":0.1354723335922796,"combinedScore":0.007042867354984423,"combinedScoreRank":98,"engagementSEI":0.0005324473409579792,"engagementSEIadj":0,"engagementSEIrank":107,"engagementScore":0.00029916741707827115,"voiceSEI":0,"voiceSEIadj":0,"voiceSEIrank":154,"voiceScore":0},"scoped":{"SEI":0.9294569064152969,"SEIrank":83,"SEIadj":0,"audienceSEI":9.123531435874748,"audienceSEIadj":0,"audienceSEIrank":54,"audienceScore":0.5584745460352477,"combinedScore":0.03391414263722565,"combinedScoreRank":89,"engagementSEI":0.028506271379703536,"engagementSEIadj":0,"engagementSEIrank":97,"engagementScore":0.006656017039403621,"voiceSEI":0,"voiceSEIadj":0,"voiceSEIrank":136,"voiceScore":0}},"twitter":{"entityString":"536575feb08f37d80186a104","type":"twitter","profiles":1,"postsMade":0,"repliesMade":0,"repliesRcvd":0,"sharesMade":0,"sharesRcvd":0,"mentionsRcvd":0,"likesRcvd":0,"reachRcvd":0,"audience":4912,"voice":0,"conversation":0,"engagement":0,"group_scoped":{"audienceScore":1.2133458159083668,"voiceScore":0,"engagementScore":0,"combinedScore":1.2133458159083668,"combinedScoreRank":118,"SEIrank":159,"engagementSEIrank":189,"voiceSEIrank":168,"audienceSEIrank":102,"engagementSEI":0,"engagementSEIadj":0,"voiceSEI":0,"voiceSEIadj":0,"audienceSEI":4.21403018110378,"audienceSEIadj":4.21403018110378,"SEI":0.42140301811037806,"SEIadj":0.42140301811037806},"non_scoped":{"SEI":0.08865273827228232,"SEIrank":171,"SEIadj":0,"audienceSEI":0.886527382722823,"audienceSEIadj":0,"audienceSEIrank":124,"audienceScore":0.14347328014618385,"combinedScore":0.007173664007309193,"combinedScoreRank":175,"engagementSEI":0,"engagementSEIadj":0,"engagementSEIrank":189,"engagementScore":0,"voiceSEI":0,"voiceSEIadj":0,"voiceSEIrank":168,"voiceScore":0},"scoped":{"SEI":0.42140301811037806,"SEIrank":149,"SEIadj":0,"audienceSEI":4.21403018110378,"audienceSEIadj":0,"audienceSEIrank":110,"audienceScore":0.22776930752937075,"combinedScore":0.011388465376468537,"combinedScoreRank":159,"engagementSEI":0,"engagementSEIadj":0,"engagementSEIrank":169,"engagementScore":0,"voiceSEI":0,"voiceSEIadj":0,"voiceSEIrank":148,"voiceScore":0}},"instagram":{"entityString":"536575feb08f37d80186a104","type":"instagram","profiles":0,"postsMade":0,"repliesMade":0,"repliesRcvd":0,"sharesMade":0,"sharesRcvd":0,"mentionsRcvd":0,"likesRcvd":0,"reachRcvd":0,"audience":0,"voice":0,"conversation":0,"engagement":0,"group_scoped":{"audienceScore":0,"voiceScore":0,"engagementScore":0,"combinedScore":0,"combinedScoreRank":152,"SEIrank":134,"engagementSEIrank":134,"voiceSEIrank":134,"audienceSEIrank":134,"engagementSEI":0,"engagementSEIadj":0,"voiceSEI":0,"voiceSEIadj":0,"audienceSEI":0,"audienceSEIadj":0,"SEI":0,"SEIadj":0},"non_scoped":{"SEI":0,"SEIrank":134,"SEIadj":0,"audienceSEI":0,"audienceSEIadj":0,"audienceSEIrank":134,"audienceScore":0,"combinedScore":0,"combinedScoreRank":134,"engagementSEI":0,"engagementSEIadj":0,"engagementSEIrank":134,"engagementScore":0,"voiceSEI":0,"voiceSEIadj":0,"voiceSEIrank":134,"voiceScore":0},"scoped":{"SEI":0,"SEIrank":117,"SEIadj":0,"audienceSEI":0,"audienceSEIadj":0,"audienceSEIrank":117,"audienceScore":0,"combinedScore":0,"combinedScoreRank":117,"engagementSEI":0,"engagementSEIadj":0,"engagementSEIrank":117,"engagementScore":0,"voiceSEI":0,"voiceSEIadj":0,"voiceSEIrank":117,"voiceScore":0}}},"week":{"boundaryQuantum":4982406,"combined":{"entityString":"536575feb08f37d80186a104","type":"combined","profiles":2,"postsMade":5,"repliesMade":0,"repliesRcvd":7,"sharesMade":0,"sharesRcvd":7,"mentionsRcvd":0,"likesRcvd":128,"reachRcvd":0,"audience":17904,"voice":5,"conversation":12,"engagement":142,"group_scoped":{"audienceScore":1.2278243766754515,"voiceScore":0.3663003663003663,"engagementScore":0.06831619815546265,"combinedScore":0.14119081548870727,"combinedScoreRank":134,"SEIrank":128,"engagementSEIrank":110,"voiceSEIrank":151,"audienceSEIrank":49,"engagementSEI":0.07653542458296278,"engagementSEIadj":0.07653542458296278,"voiceSEI":0.8680555555555556,"voiceSEIadj":0.8680555555555556,"audienceSEI":2.8079068045945283,"audienceSEIadj":2.8079068045945283,"SEI":0.5871286018758972,"SEIadj":0.5871286018758972},"non_scoped":{"SEI":0.25435135243930607,"SEIrank":151,"SEIadj":0,"audienceSEI":0.7121469097342655,"audienceSEIadj":0,"audienceSEIrank":85,"audienceScore":0.13185644880329447,"combinedScore":0.014645876470093005,"combinedScoreRank":126,"engagementSEI":0.014530094691194559,"engagementSEIadj":0,"engagementSEIrank":114,"engagementScore":0.005922265675340562,"voiceSEI":0.5813953488372093,"voiceSEIadj":0,"voiceSEIrank":154,"voiceScore":0.05446029844243547},"scoped":{"SEI":1.8938952365912787,"SEIrank":127,"SEIadj":0,"audienceSEI":9.348712620031016,"audienceSEIadj":0,"audienceSEIrank":73,"audienceScore":0.38098845479858406,"combinedScore":0.08682906858445502,"combinedScoreRank":102,"engagementSEI":0.47224716485416873,"engagementSEIadj":0,"engagementSEIrank":102,"engagementScore":0.0689702068134793,"voiceSEI":2.2522522522522523,"voiceSEIadj":0,"voiceSEIrank":143,"voiceScore":0.11412919424788862}},"facebook":{"entityString":"536575feb08f37d80186a104","type":"facebook","profiles":1,"postsMade":1,"repliesMade":0,"repliesRcvd":7,"sharesMade":0,"sharesRcvd":3,"mentionsRcvd":0,"likesRcvd":118,"reachRcvd":0,"audience":12992,"voice":1,"conversation":8,"engagement":128,"group_scoped":{"audienceScore":1.2939942610876445,"voiceScore":0.2188183807439825,"engagementScore":0.06425960881963132,"combinedScore":0.13347428002924955,"combinedScoreRank":110,"SEIrank":106,"engagementSEIrank":84,"voiceSEIrank":119,"audienceSEIrank":39,"engagementSEI":0.07122269333066249,"engagementSEIadj":0.07122269333066249,"voiceSEI":0.425531914893617,"voiceSEIadj":0.425531914893617,"audienceSEI":2.443676197856517,"audienceSEIadj":2.443676197856517,"SEI":0.41476081025213424,"SEIadj":0.41476081025213424},"non_scoped":{"SEI":0.1552066512260029,"SEIrank":117,"SEIadj":0,"audienceSEI":0.7060501191242196,"audienceSEIadj":0,"audienceSEIrank":65,"audienceScore":0.1354723335922796,"combinedScore":0.013612337931404175,"combinedScoreRank":97,"engagementSEI":0.013776269084975904,"engagementSEIadj":0,"engagementSEIrank":87,"engagementScore":0.005882312392148032,"voiceSEI":0.2544529262086514,"voiceSEIadj":0,"voiceSEIrank":124,"voiceScore":0.030892801977139325},"scoped":{"SEI":1.8372926527475162,"SEIrank":95,"SEIadj":0,"audienceSEI":9.123531435874748,"audienceSEIadj":0,"audienceSEIrank":54,"audienceScore":0.5584745460352477,"combinedScore":0.11748992430874747,"combinedScoreRank":78,"engagementSEI":0.973384030418251,"engagementSEIadj":0,"engagementSEIrank":76,"engagementScore":0.09480989874599095,"voiceSEI":1.1363636363636365,"voiceSEIadj":0,"voiceSEIrank":113,"voiceScore":0.0847457627118644}},"twitter":{"entityString":"536575feb08f37d80186a104","type":"twitter","profiles":1,"postsMade":4,"repliesMade":0,"repliesRcvd":0,"sharesMade":0,"sharesRcvd":4,"mentionsRcvd":0,"likesRcvd":10,"reachRcvd":0,"audience":4912,"voice":4,"conversation":4,"engagement":14,"group_scoped":{"audienceScore":1.2133458159083668,"voiceScore":0.4459308807134894,"engagementScore":0.2890173410404624,"combinedScore":0.343079441767509,"combinedScoreRank":173,"SEIrank":144,"engagementSEIrank":136,"voiceSEIrank":145,"audienceSEIrank":102,"engagementSEI":0.7014028056112225,"engagementSEIadj":0.7014028056112225,"voiceSEI":1.2121212121212122,"voiceSEIadj":1.2121212121212122,"audienceSEI":4.21403018110378,"audienceSEIadj":4.21403018110378,"SEI":1.2058810651134753,"SEIadj":1.2058810651134753},"non_scoped":{"SEI":0.3909357440487634,"SEIrank":157,"SEIadj":0,"audienceSEI":0.886527382722823,"audienceSEIadj":0,"audienceSEIrank":124,"audienceScore":0.14347328014618385,"combinedScore":0.031205617148312794,"combinedScoreRank":154,"engagementSEI":0.08972633467922835,"engagementSEIadj":0,"engagementSEIrank":152,"engagementScore":0.02282732757215066,"voiceSEI":0.8281573498964804,"voiceSEIadj":0,"voiceSEIrank":145,"voiceScore":0.06974716652136008},"scoped":{"SEI":1.482265710070631,"SEIrank":145,"SEIadj":0,"audienceSEI":4.21403018110378,"audienceSEIadj":0,"audienceSEIrank":110,"audienceScore":0.22776930752937075,"combinedScore":0.06100296886692507,"combinedScoreRank":140,"engagementSEI":0.5335365853658537,"engagementSEIadj":0,"engagementSEIrank":140,"engagementScore":0.048045574659391195,"voiceSEI":2.4691358024691357,"voiceSEIadj":0,"voiceSEIrank":134,"voiceScore":0.12746972594008923}},"instagram":{"entityString":"536575feb08f37d80186a104","type":"instagram","profiles":0,"postsMade":0,"repliesMade":0,"repliesRcvd":0,"sharesMade":0,"sharesRcvd":0,"mentionsRcvd":0,"likesRcvd":0,"reachRcvd":0,"audience":0,"voice":0,"conversation":0,"engagement":0,"group_scoped":{"audienceScore":0,"voiceScore":0,"engagementScore":0,"combinedScore":0,"combinedScoreRank":152,"SEIrank":134,"engagementSEIrank":134,"voiceSEIrank":134,"audienceSEIrank":134,"engagementSEI":0,"engagementSEIadj":0,"voiceSEI":0,"voiceSEIadj":0,"audienceSEI":0,"audienceSEIadj":0,"SEI":0,"SEIadj":0},"non_scoped":{"SEI":0,"SEIrank":134,"SEIadj":0,"audienceSEI":0,"audienceSEIadj":0,"audienceSEIrank":134,"audienceScore":0,"combinedScore":0,"combinedScoreRank":134,"engagementSEI":0,"engagementSEIadj":0,"engagementSEIrank":134,"engagementScore":0,"voiceSEI":0,"voiceSEIadj":0,"voiceSEIrank":134,"voiceScore":0},"scoped":{"SEI":0,"SEIrank":117,"SEIadj":0,"audienceSEI":0,"audienceSEIadj":0,"audienceSEIrank":117,"audienceScore":0,"combinedScore":0,"combinedScoreRank":117,"engagementSEI":0,"engagementSEIadj":0,"engagementSEIrank":117,"engagementScore":0,"voiceSEI":0,"voiceSEIadj":0,"voiceSEIrank":117,"voiceScore":0}}},"month":{"boundaryQuantum":4975782,"combined":{"entityString":"536575feb08f37d80186a104","type":"combined","profiles":2,"postsMade":35,"repliesMade":0,"repliesRcvd":98,"sharesMade":0,"sharesRcvd":41,"mentionsRcvd":0,"likesRcvd":701,"reachRcvd":0,"audience":17904,"voice":35,"conversation":133,"engagement":840,"group_scoped":{"audienceScore":1.2278243766754515,"voiceScore":0.6252232940335835,"engagementScore":0.09544445871061354,"combinedScore":0.17855239637500392,"combinedScoreRank":114,"SEIrank":109,"engagementSEIrank":105,"voiceSEIrank":128,"audienceSEIrank":49,"engagementSEI":0.10788442495674991,"engagementSEIadj":0.10788442495674991,"voiceSEI":1.511879049676026,"voiceSEIadj":1.511879049676026,"audienceSEI":2.8079068045945283,"audienceSEIadj":2.8079068045945283,"SEI":0.7990850503363106,"SEIadj":0.7990850503363106},"non_scoped":{"SEI":0.37525797861950544,"SEIrank":136,"SEIadj":0,"audienceSEI":0.7121469097342655,"audienceSEIadj":0,"audienceSEIrank":85,"audienceScore":0.13185644880329447,"combinedScore":0.01944318914974595,"combinedScoreRank":110,"engagementSEI":0.02317981854617282,"engagementSEIadj":0,"engagementSEIrank":101,"engagementScore":0.009129384903344811,"voiceSEI":0.9671179883945842,"voiceSEIadj":0,"voiceSEIrank":137,"voiceScore":0.09267840593141798},"scoped":{"SEI":2.5063607616861496,"SEIrank":112,"SEIadj":0,"audienceSEI":9.348712620031016,"audienceSEIadj":0,"audienceSEIrank":73,"audienceScore":0.38098845479858406,"combinedScore":0.10850513470735018,"combinedScoreRank":93,"engagementSEI":0.7770439029805184,"engagementSEIadj":0,"engagementSEIrank":91,"engagementScore":0.08853848261905264,"voiceSEI":3.684210526315789,"voiceSEIadj":0,"voiceSEIrank":126,"voiceScore":0.1954215522054718}},"facebook":{"entityString":"536575feb08f37d80186a104","type":"facebook","profiles":1,"postsMade":6,"repliesMade":0,"repliesRcvd":98,"sharesMade":0,"sharesRcvd":6,"mentionsRcvd":0,"likesRcvd":579,"reachRcvd":0,"audience":12992,"voice":6,"conversation":104,"engagement":683,"group_scoped":{"audienceScore":1.2939942610876445,"voiceScore":0.3078501795792714,"engagementScore":0.08030976286866943,"combinedScore":0.1523710086151483,"combinedScoreRank":99,"SEIrank":98,"engagementSEIrank":83,"voiceSEIrank":113,"audienceSEIrank":39,"engagementSEI":0.0896525471561897,"engagementSEIadj":0.0896525471561897,"voiceSEI":0.5923000987166831,"voiceSEIadj":0.5923000987166831,"audienceSEI":2.443676197856517,"audienceSEIadj":2.443676197856517,"SEI":0.4758491776943704,"SEIadj":0.4758491776943704},"non_scoped":{"SEI":0.19729164939275115,"SEIrank":109,"SEIadj":0,"audienceSEI":0.7060501191242196,"audienceSEIadj":0,"audienceSEIrank":65,"audienceScore":0.1354723335922796,"combinedScore":0.016408090755259216,"combinedScoreRank":96,"engagementSEI":0.01993980689041485,"engagementSEIadj":0,"engagementSEIrank":83,"engagementScore":0.00825848801473324,"voiceSEI":0.3824091778202677,"voiceSEIadj":0,"voiceSEIrank":116,"voiceScore":0.044036697247706424},"scoped":{"SEI":1.943055803307549,"SEIrank":93,"SEIadj":0,"audienceSEI":9.123531435874748,"audienceSEIadj":0,"audienceSEIrank":54,"audienceScore":0.5584745460352477,"combinedScore":0.12477081362096726,"combinedScoreRank":81,"engagementSEI":0.7374456093373787,"engagementSEIadj":0,"engagementSEIrank":74,"engagementScore":0.10078845197496668,"voiceSEI":1.9607843137254901,"voiceSEIadj":0,"voiceSEIrank":106,"voiceScore":0.12274959083469722}},"twitter":{"entityString":"536575feb08f37d80186a104","type":"twitter","profiles":1,"postsMade":29,"repliesMade":0,"repliesRcvd":0,"sharesMade":0,"sharesRcvd":35,"mentionsRcvd":0,"likesRcvd":122,"reachRcvd":0,"audience":4912,"voice":29,"conversation":29,"engagement":157,"group_scoped":{"audienceScore":1.2133458159083668,"voiceScore":0.8019911504424779,"engagementScore":0.7922490790735228,"combinedScore":0.8137910194837128,"combinedScoreRank":115,"SEIrank":110,"engagementSEIrank":95,"voiceSEIrank":117,"audienceSEIrank":102,"engagementSEI":2.255099109451307,"engagementSEIadj":2.255099109451307,"voiceSEI":2.2852639873916467,"voiceSEIadj":2.2852639873916467,"audienceSEI":4.21403018110378,"audienceSEIadj":4.21403018110378,"SEI":2.460041679998656,"SEIadj":2.460041679998656},"non_scoped":{"SEI":0.6888477507933468,"SEIrank":135,"SEIadj":0,"audienceSEI":0.886527382722823,"audienceSEIadj":0,"audienceSEIrank":124,"audienceScore":0.14347328014618385,"combinedScore":0.07196246726873243,"combinedScoreRank":129,"engagementSEI":0.27241337428209533,"engagementSEIadj":0,"engagementSEIrank":126,"engagementScore":0.06507529252794714,"voiceSEI":1.4558232931726909,"voiceSEIadj":0,"voiceSEIrank":122,"voiceScore":0.12442079972541616},"scoped":{"SEI":2.7016037096303434,"SEIrank":121,"SEIadj":0,"audienceSEI":4.21403018110378,"audienceSEIadj":0,"audienceSEIrank":110,"audienceScore":0.22776930752937075,"combinedScore":0.14160991621035446,"combinedScoreRank":117,"engagementSEI":1.548781690835553,"engagementSEIadj":0,"engagementSEIrank":115,"engagementScore":0.13209483904622477,"voiceSEI":4.503105590062112,"voiceSEIadj":0,"voiceSEIrank":111,"voiceScore":0.22672191384567275}},"instagram":{"entityString":"536575feb08f37d80186a104","type":"instagram","profiles":0,"postsMade":0,"repliesMade":0,"repliesRcvd":0,"sharesMade":0,"sharesRcvd":0,"mentionsRcvd":0,"likesRcvd":0,"reachRcvd":0,"audience":0,"voice":0,"conversation":0,"engagement":0,"group_scoped":{"audienceScore":0,"voiceScore":0,"engagementScore":0,"combinedScore":0,"combinedScoreRank":152,"SEIrank":134,"engagementSEIrank":134,"voiceSEIrank":134,"audienceSEIrank":134,"engagementSEI":0,"engagementSEIadj":0,"voiceSEI":0,"voiceSEIadj":0,"audienceSEI":0,"audienceSEIadj":0,"SEI":0,"SEIadj":0},"non_scoped":{"SEI":0,"SEIrank":134,"SEIadj":0,"audienceSEI":0,"audienceSEIadj":0,"audienceSEIrank":134,"audienceScore":0,"combinedScore":0,"combinedScoreRank":134,"engagementSEI":0,"engagementSEIadj":0,"engagementSEIrank":134,"engagementScore":0,"voiceSEI":0,"voiceSEIadj":0,"voiceSEIrank":134,"voiceScore":0},"scoped":{"SEI":0,"SEIrank":117,"SEIadj":0,"audienceSEI":0,"audienceSEIadj":0,"audienceSEIrank":117,"audienceScore":0,"combinedScore":0,"combinedScoreRank":117,"engagementSEI":0,"engagementSEIadj":0,"engagementSEIrank":117,"engagementScore":0,"voiceSEI":0,"voiceSEIadj":0,"voiceSEIrank":117,"voiceScore":0}}},"quarter":{"boundaryQuantum":4958502,"combined":{"entityString":"536575feb08f37d80186a104","type":"combined","profiles":2,"postsMade":91,"repliesMade":0,"repliesRcvd":325,"sharesMade":0,"sharesRcvd":130,"mentionsRcvd":0,"likesRcvd":2051,"reachRcvd":0,"audience":17904,"voice":91,"conversation":416,"engagement":2506,"group_scoped":{"audienceScore":1.2278243766754515,"voiceScore":0.5434782608695652,"engagementScore":0.07907425691181895,"combinedScore":0.1597319630978879,"combinedScoreRank":126,"SEIrank":114,"engagementSEIrank":114,"voiceSEIrank":134,"audienceSEIrank":49,"engagementSEI":0.0875953027106307,"engagementSEIadj":0.0875953027106307,"voiceSEI":1.3052208835341366,"voiceSEIadj":1.3052208835341366,"audienceSEI":2.8079068045945283,"audienceSEIadj":2.8079068045945283,"SEI":0.7249141271460723,"SEIadj":0.7249141271460723},"non_scoped":{"SEI":0.33928042492244836,"SEIrank":137,"SEIadj":0,"audienceSEI":0.7121469097342655,"audienceSEIadj":0,"audienceSEIrank":85,"audienceScore":0.13185644880329447,"combinedScore":0.018259734426861296,"combinedScoreRank":120,"engagementSEI":0.02186027255729773,"engagementSEIadj":0,"engagementSEIrank":109,"engagementScore":0.00846621049580372,"voiceSEI":0.8498319013821442,"voiceSEIadj":0,"voiceSEIrank":140,"voiceScore":0.08094645080946451},"scoped":{"SEI":2.301803782504876,"SEIrank":117,"SEIadj":0,"audienceSEI":9.348712620031016,"audienceSEIadj":0,"audienceSEIrank":73,"audienceScore":0.38098845479858406,"combinedScore":0.10200700955237661,"combinedScoreRank":103,"engagementSEI":0.5071037012904231,"engagementSEIadj":0,"engagementSEIrank":99,"engagementScore":0.08271768184521826,"voiceSEI":3.5422343324250685,"voiceSEIadj":0,"voiceSEIrank":130,"voiceScore":0.17023346303501946}},"facebook":{"entityString":"536575feb08f37d80186a104","type":"facebook","profiles":1,"postsMade":33,"repliesMade":0,"repliesRcvd":325,"sharesMade":0,"sharesRcvd":77,"mentionsRcvd":0,"likesRcvd":1863,"reachRcvd":0,"audience":12992,"voice":33,"conversation":358,"engagement":2265,"group_scoped":{"audienceScore":1.2939942610876445,"voiceScore":0.5741127348643006,"engagementScore":0.07424447640762939,"combinedScore":0.16022537856446373,"combinedScoreRank":95,"SEIrank":89,"engagementSEIrank":86,"voiceSEIrank":99,"audienceSEIrank":39,"engagementSEI":0.08125373982444888,"engagementSEIadj":0.08125373982444888,"voiceSEI":1.0855263157894737,"voiceSEIadj":1.0855263157894737,"audienceSEI":2.443676197856517,"audienceSEIadj":2.443676197856517,"SEI":0.6187777584171631,"SEIadj":0.6187777584171631},"non_scoped":{"SEI":0.2907301463499052,"SEIrank":99,"SEIadj":0,"audienceSEI":0.7060501191242196,"audienceSEIadj":0,"audienceSEIrank":65,"audienceScore":0.1354723335922796,"combinedScore":0.018499718707913157,"combinedScoreRank":96,"engagementSEI":0.020454900736837003,"engagementSEIadj":0,"engagementSEIrank":90,"engagementScore":0.008512512961851276,"voiceSEI":0.6928406466512702,"voiceSEIadj":0,"voiceSEIrank":100,"voiceScore":0.08129680725266063},"scoped":{"SEI":3.2753021152598816,"SEIrank":87,"SEIadj":0,"audienceSEI":9.123531435874748,"audienceSEIadj":0,"audienceSEIrank":54,"audienceScore":0.5584745460352477,"combinedScore":0.1415872856698385,"combinedScoreRank":81,"engagementSEI":1.9260531641694587,"engagementSEIadj":0,"engagementSEIrank":81,"engagementScore":0.11378033011868317,"voiceSEI":4.024390243902439,"voiceSEIadj":0,"voiceSEIrank":91,"voiceScore":0.22522522522522523}},"twitter":{"entityString":"536575feb08f37d80186a104","type":"twitter","profiles":1,"postsMade":58,"repliesMade":0,"repliesRcvd":0,"sharesMade":0,"sharesRcvd":53,"mentionsRcvd":0,"likesRcvd":188,"reachRcvd":0,"audience":4912,"voice":58,"conversation":58,"engagement":241,"group_scoped":{"audienceScore":1.2133458159083668,"voiceScore":0.5339224891834667,"engagementScore":0.3466578443923419,"combinedScore":0.3993554752076994,"combinedScoreRank":156,"SEIrank":138,"engagementSEIrank":134,"voiceSEIrank":141,"audienceSEIrank":102,"engagementSEI":0.9877049180327869,"engagementSEIadj":0.9877049180327869,"voiceSEI":1.5267175572519083,"voiceSEIadj":1.5267175572519083,"audienceSEI":4.21403018110378,"audienceSEIadj":4.21403018110378,"SEI":1.4720412361056225,"SEIadj":1.4720412361056225},"non_scoped":{"SEI":0.44683899058712645,"SEIrank":156,"SEIadj":0,"audienceSEI":0.886527382722823,"audienceSEIadj":0,"audienceSEIrank":124,"audienceScore":0.14347328014618385,"combinedScore":0.03743734583320091,"combinedScoreRank":156,"engagementSEI":0.11428734018741227,"engagementSEIadj":0,"engagementSEIrank":157,"engagementScore":0.028997016074694387,"voiceSEI":0.9653794940079893,"voiceSEIadj":0,"voiceSEIrank":147,"voiceScore":0.08332734717333524},"scoped":{"SEI":1.8500192140466107,"SEIrank":146,"SEIadj":0,"audienceSEI":4.21403018110378,"audienceSEIadj":0,"audienceSEIrank":110,"audienceScore":0.22776930752937075,"combinedScore":0.07309274740577171,"combinedScoreRank":145,"engagementSEI":0.7581954319511734,"engagementSEIadj":0,"engagementSEIrank":146,"engagementScore":0.06011744104250129,"voiceSEI":3.2456631225517625,"voiceSEIadj":0,"voiceSEIrank":136,"voiceScore":0.15197170182104022}},"instagram":{"entityString":"536575feb08f37d80186a104","type":"instagram","profiles":0,"postsMade":0,"repliesMade":0,"repliesRcvd":0,"sharesMade":0,"sharesRcvd":0,"mentionsRcvd":0,"likesRcvd":0,"reachRcvd":0,"audience":0,"voice":0,"conversation":0,"engagement":0,"group_scoped":{"audienceScore":0,"voiceScore":0,"engagementScore":0,"combinedScore":0,"combinedScoreRank":152,"SEIrank":134,"engagementSEIrank":134,"voiceSEIrank":134,"audienceSEIrank":134,"engagementSEI":0,"engagementSEIadj":0,"voiceSEI":0,"voiceSEIadj":0,"audienceSEI":0,"audienceSEIadj":0,"SEI":0,"SEIadj":0},"non_scoped":{"SEI":0,"SEIrank":134,"SEIadj":0,"audienceSEI":0,"audienceSEIadj":0,"audienceSEIrank":134,"audienceScore":0,"combinedScore":0,"combinedScoreRank":134,"engagementSEI":0,"engagementSEIadj":0,"engagementSEIrank":134,"engagementScore":0,"voiceSEI":0,"voiceSEIadj":0,"voiceSEIrank":134,"voiceScore":0},"scoped":{"SEI":0,"SEIrank":117,"SEIadj":0,"audienceSEI":0,"audienceSEIadj":0,"audienceSEIrank":117,"audienceScore":0,"combinedScore":0,"combinedScoreRank":117,"engagementSEI":0,"engagementSEIadj":0,"engagementSEIrank":117,"engagementScore":0,"voiceSEI":0,"voiceSEIadj":0,"voiceSEIrank":117,"voiceScore":0}}},"blended":{"combined":{"non_scoped":{"SEI":0.30581041106830864,"SEIadj":50.152905205534154,"SEIrank":140,"audienceSEI":0.7121469097342655,"audienceSEIadj":50.356073454867136,"audienceSEIrank":85,"engagementSEI":0.018791740024092365,"engagementSEIadj":50.00939587001205,"engagementSEIrank":107,"voiceSEI":0.7444022536014224,"voiceSEIadj":50.37220112680071,"voiceSEIrank":145},"scoped":{"SEI":4.6278720128419035,"SEIadj":52.31393600642095,"SEIrank":122,"compCharisma":3,"compInfluence":0,"compEva":1.627872012841903,"audienceSEI":9.348712620031018,"audienceSEIadj":54.67435631001551,"audienceSEIrank":73,"engagementSEI":0.5120637845812153,"engagementSEIadj":50.25603189229061,"engagementSEIrank":99,"voiceSEI":2.9994244208355783,"voiceSEIadj":51.49971221041779,"voiceSEIrank":134}},"facebook":{"non_scoped":{"SEI":0.22506703996751595,"SEIadj":50.11253351998376,"SEIrank":104,"audienceSEI":0.7060501191242196,"audienceSEIadj":60.28242004764969,"audienceSEIrank":65,"engagementSEI":0.0173779244945214,"engagementSEIadj":50.00868896224726,"engagementSEIrank":88,"voiceSEI":0.4801175778612707,"voiceSEIadj":50.24005878893063,"voiceSEIrank":107},"scoped":{"SEI":2.526770069271093,"SEIadj":51.26338503463555,"SEIrank":90,"audienceSEI":9.123531435874746,"audienceSEIadj":63.649412574349896,"audienceSEIrank":54,"engagementSEI":1.3670839461797968,"engagementSEIadj":50.6835419730899,"engagementSEIrank":78,"voiceSEI":2.6472218599191337,"voiceSEIadj":51.323610929959564,"voiceSEIrank":96}},"twitter":{"non_scoped":{"SEI":0.4484600180408084,"SEIadj":50.2242300090204,"SEIrank":154,"audienceSEI":0.886527382722823,"audienceSEIadj":50.44326369136141,"audienceSEIrank":124,"engagementSEI":0.12492357663978894,"engagementSEIadj":50.062461788319894,"engagementSEIrank":150,"voiceSEI":0.9495104459488424,"voiceSEIadj":50.47475522297442,"voiceSEIrank":149},"scoped":{"SEI":1.796000027394565,"SEIadj":50.898000013697285,"SEIrank":144,"audienceSEI":4.21403018110378,"audienceSEIadj":52.10701509055189,"audienceSEIrank":110,"engagementSEI":0.7714759452106758,"engagementSEIadj":50.38573797260534,"engagementSEIrank":139,"voiceSEI":3.039038140525939,"voiceSEIadj":51.51951907026297,"voiceSEIrank":135}},"instagram":{"non_scoped":{"SEI":0,"SEIadj":0,"SEIrank":134,"audienceSEI":0,"audienceSEIadj":0,"audienceSEIrank":134,"engagementSEI":0,"engagementSEIadj":0,"engagementSEIrank":134,"voiceSEI":0,"voiceSEIadj":0,"voiceSEIrank":134},"scoped":{"SEI":0,"SEIadj":0,"SEIrank":117,"audienceSEI":0,"audienceSEIadj":0,"audienceSEIrank":117,"engagementSEI":0,"engagementSEIadj":0,"engagementSEIrank":117,"voiceSEI":0,"voiceSEIadj":0,"voiceSEIrank":117}},"influence":{"instagram":{"scope":"individual","ratio":0,"calculated":false},"combined":{"ratio":0.17,"bottom":false,"scope":"individual","calculated":true},"facebook":{"ratio":0.15,"bottom":false,"scope":"individual","calculated":true},"twitter":{"ratio":0.25,"bottom":false,"scope":"individual","calculated":true}},"charisma":{"instagram":{"scope":"individual","ratio":0,"calculated":false},"combined":{"ratio":0.84,"bottom":false,"scope":"individual","calculated":true},"facebook":{"ratio":0.45,"bottom":false,"scope":"individual","calculated":true},"twitter":{"ratio":0.38,"bottom":false,"scope":"individual","calculated":true}}},"scope":"individual"}}