{"scoreEntityString":"591d1494ab33fb0001804f89.asset.536575feb08f37d80186a090","timeQuantum":4984422,"scoreEntityType":"asset","scoreProfileID":"591d1494ab33fb0001804f89","data":{"scoreEntityString":"591d1494ab33fb0001804f89.asset.536575feb08f37d80186a090","scoreProfileID":"591d1494ab33fb0001804f89","scoreEntityType":"asset","entityID":"asset.536575feb08f37d80186a090","object_version":"1.2","score_engine_version":"3.0.19","timestamp":4984422,"start_quantum":4958502,"end_quantum":4984421,"schedule_options":{"interval":15,"offset":"1"},"_15min":{"boundaryQuantum":4984419,"combined":{"entityString":"536575feb08f37d80186a090","type":"combined","profiles":2,"postsMade":0,"repliesMade":0,"repliesRcvd":0,"sharesMade":0,"sharesRcvd":0,"mentionsRcvd":0,"likesRcvd":0,"reachRcvd":0,"audience":108154,"voice":0,"conversation":0,"engagement":0,"group_scoped":{"audienceScore":4.747823720242145,"voiceScore":0,"engagementScore":0,"combinedScore":4.747823720242145,"engagementSEI":0,"engagementSEIadj":0,"voiceSEI":0,"voiceSEIadj":0,"audienceSEI":7.355093358286909,"audienceSEIadj":7.355093358286909,"SEI":0.7355093358286909,"SEIadj":0.7355093358286909,"combinedScoreRank":16,"SEIrank":21,"engagementSEIrank":60,"voiceSEIrank":55,"audienceSEIrank":20},"non_scoped":{"SEI":0.4301917832629566,"SEIrank":18,"SEIadj":0,"audienceSEI":4.301917832629566,"audienceSEIadj":0,"audienceSEIrank":17,"audienceScore":0.7965148773386679,"combinedScore":0.0398257438669334,"combinedScoreRank":19,"engagementSEI":0,"engagementSEIadj":0,"engagementSEIrank":60,"engagementScore":0,"voiceSEI":0,"voiceSEIadj":0,"voiceSEIrank":55,"voiceScore":0},"scoped":{"SEI":10,"SEIrank":1,"SEIadj":0,"audienceSEI":100,"audienceSEIadj":0,"audienceSEIrank":1,"audienceScore":86.91186988211281,"combinedScore":86.91186988211281,"combinedScoreRank":1,"engagementSEI":0,"engagementSEIadj":0,"engagementSEIrank":2,"engagementScore":0,"voiceSEI":0,"voiceSEIadj":0,"voiceSEIrank":2,"voiceScore":0}},"facebook":{"entityString":"536575feb08f37d80186a090","type":"facebook","profiles":1,"postsMade":0,"repliesMade":0,"repliesRcvd":0,"sharesMade":0,"sharesRcvd":0,"mentionsRcvd":0,"likesRcvd":0,"reachRcvd":0,"audience":83854,"voice":0,"conversation":0,"engagement":0,"group_scoped":{"audienceScore":5.45024975057441,"voiceScore":0,"engagementScore":0,"combinedScore":5.45024975057441,"engagementSEI":0,"engagementSEIadj":0,"voiceSEI":0,"voiceSEIadj":0,"audienceSEI":7.672192943932074,"audienceSEIadj":7.672192943932074,"SEI":0.7672192943932075,"SEIadj":0.7672192943932075,"combinedScoreRank":14,"SEIrank":15,"engagementSEIrank":58,"voiceSEIrank":55,"audienceSEIrank":15},"non_scoped":{"SEI":0.4557044849833922,"SEIrank":11,"SEIadj":0,"audienceSEI":4.557044849833922,"audienceSEIadj":0,"audienceSEIrank":11,"audienceScore":0.8743763131963525,"combinedScore":0.043718815659817625,"combinedScoreRank":11,"engagementSEI":0,"engagementSEIadj":0,"engagementSEIrank":58,"engagementScore":0,"voiceSEI":0,"voiceSEIadj":0,"voiceSEIrank":55,"voiceScore":0},"scoped":{"SEI":10,"SEIrank":1,"SEIadj":0,"audienceSEI":100,"audienceSEIadj":0,"audienceSEIrank":1,"audienceScore":96.60821677918847,"combinedScore":96.60821677918847,"combinedScoreRank":1,"engagementSEI":0,"engagementSEIadj":0,"engagementSEIrank":2,"engagementScore":0,"voiceSEI":0,"voiceSEIadj":0,"voiceSEIrank":2,"voiceScore":0}},"twitter":{"entityString":"536575feb08f37d80186a090","type":"twitter","profiles":1,"postsMade":0,"repliesMade":0,"repliesRcvd":0,"sharesMade":0,"sharesRcvd":0,"mentionsRcvd":0,"likesRcvd":0,"reachRcvd":0,"audience":24300,"voice":0,"conversation":0,"engagement":0,"group_scoped":{"audienceScore":3.8651246462933777,"voiceScore":0,"engagementScore":0,"combinedScore":3.8651246462933777,"engagementSEI":0,"engagementSEIadj":0,"voiceSEI":0,"voiceSEIadj":0,"audienceSEI":9.10903856534517,"audienceSEIadj":9.10903856534517,"SEI":0.910903856534517,"SEIadj":0.910903856534517,"combinedScoreRank":40,"SEIrank":56,"engagementSEIrank":56,"voiceSEIrank":54,"audienceSEIrank":55},"non_scoped":{"SEI":0.4385711604268037,"SEIrank":23,"SEIadj":0,"audienceSEI":4.385711604268037,"audienceSEIadj":0,"audienceSEIrank":23,"audienceScore":0.7097721310163411,"combinedScore":0.03548860655081706,"combinedScoreRank":23,"engagementSEI":0,"engagementSEIadj":0,"engagementSEIrank":56,"engagementScore":0,"voiceSEI":0,"voiceSEIadj":0,"voiceSEIrank":54,"voiceScore":0},"scoped":{"SEI":10,"SEIrank":1,"SEIadj":0,"audienceSEI":100,"audienceSEIadj":0,"audienceSEIrank":1,"audienceScore":64.5538347103047,"combinedScore":64.5538347103047,"combinedScoreRank":1,"engagementSEI":0,"engagementSEIadj":0,"engagementSEIrank":2,"engagementScore":0,"voiceSEI":0,"voiceSEIadj":0,"voiceSEIrank":2,"voiceScore":0}},"instagram":{"entityString":"536575feb08f37d80186a090","type":"instagram","profiles":0,"postsMade":0,"repliesMade":0,"repliesRcvd":0,"sharesMade":0,"sharesRcvd":0,"mentionsRcvd":0,"likesRcvd":0,"reachRcvd":0,"audience":0,"voice":0,"conversation":0,"engagement":0,"group_scoped":{"audienceScore":0,"voiceScore":0,"engagementScore":0,"combinedScore":0,"engagementSEI":0,"engagementSEIadj":0,"voiceSEI":0,"voiceSEIadj":0,"audienceSEI":0,"audienceSEIadj":0,"SEI":0,"SEIadj":0,"combinedScoreRank":97,"SEIrank":79,"engagementSEIrank":56,"voiceSEIrank":53,"audienceSEIrank":79},"non_scoped":{"SEI":0,"SEIrank":79,"SEIadj":0,"audienceSEI":0,"audienceSEIadj":0,"audienceSEIrank":79,"audienceScore":0,"combinedScore":0,"combinedScoreRank":79,"engagementSEI":0,"engagementSEIadj":0,"engagementSEIrank":56,"engagementScore":0,"voiceSEI":0,"voiceSEIadj":0,"voiceSEIrank":53,"voiceScore":0},"scoped":{"SEI":0,"SEIrank":2,"SEIadj":0,"audienceSEI":0,"audienceSEIadj":0,"audienceSEIrank":2,"audienceScore":null,"combinedScore":null,"combinedScoreRank":5,"engagementSEI":0,"engagementSEIadj":0,"engagementSEIrank":2,"engagementScore":0,"voiceSEI":0,"voiceSEIadj":0,"voiceSEIrank":2,"voiceScore":0}}},"hour":{"boundaryQuantum":4984410,"combined":{"entityString":"536575feb08f37d80186a090","type":"combined","profiles":2,"postsMade":0,"repliesMade":0,"repliesRcvd":0,"sharesMade":0,"sharesRcvd":1,"mentionsRcvd":0,"likesRcvd":6,"reachRcvd":0,"audience":108154,"voice":0,"conversation":0,"engagement":7,"group_scoped":{"audienceScore":4.747823720242145,"voiceScore":0,"engagementScore":1.71990171990172,"combinedScore":2.1524620056646375,"combinedScoreRank":33,"SEIrank":24,"engagementSEIrank":17,"voiceSEIrank":61,"audienceSEIrank":20,"engagementSEI":2.229299363057325,"engagementSEIadj":2.229299363057325,"voiceSEI":0,"voiceSEIadj":0,"audienceSEI":7.355093358286909,"audienceSEIadj":7.355093358286909,"SEI":2.0730889536630857,"SEIadj":2.0730889536630857},"non_scoped":{"SEI":0.49308486502396287,"SEIrank":24,"SEIadj":0,"audienceSEI":4.301917832629566,"audienceSEIadj":0,"audienceSEIrank":17,"audienceScore":0.7965148773386679,"combinedScore":0.08421069525484379,"combinedScoreRank":25,"engagementSEI":0.10482180293501049,"engagementSEIadj":0,"engagementSEIrank":21,"engagementScore":0.04931661265323376,"voiceSEI":0,"voiceSEIadj":0,"voiceSEIrank":61,"voiceScore":0},"scoped":{"SEI":70,"SEIrank":1,"SEIadj":0,"audienceSEI":100,"audienceSEIadj":0,"audienceSEIrank":1,"audienceScore":86.91186988211281,"combinedScore":98.13026712601611,"combinedScoreRank":1,"engagementSEI":100,"engagementSEIadj":0,"engagementSEIrank":1,"engagementScore":100,"voiceSEI":0,"voiceSEIadj":0,"voiceSEIrank":2,"voiceScore":0}},"facebook":{"entityString":"536575feb08f37d80186a090","type":"facebook","profiles":1,"postsMade":0,"repliesMade":0,"repliesRcvd":0,"sharesMade":0,"sharesRcvd":1,"mentionsRcvd":0,"likesRcvd":6,"reachRcvd":0,"audience":83854,"voice":0,"conversation":0,"engagement":7,"group_scoped":{"audienceScore":5.45024975057441,"voiceScore":0,"engagementScore":2.380952380952381,"combinedScore":2.819423433755528,"combinedScoreRank":24,"SEIrank":16,"engagementSEIrank":15,"voiceSEIrank":57,"audienceSEIrank":15,"engagementSEI":3.211009174311927,"engagementSEIadj":3.211009174311927,"voiceSEI":0,"voiceSEIadj":0,"audienceSEI":7.672192943932074,"audienceSEIadj":7.672192943932074,"SEI":2.6938247989803634,"SEIadj":2.6938247989803634},"non_scoped":{"SEI":0.5212168855449271,"SEIrank":15,"SEIadj":0,"audienceSEI":4.557044849833922,"audienceSEIadj":0,"audienceSEIrank":11,"audienceScore":0.8743763131963525,"combinedScore":0.09563048342514394,"combinedScoreRank":15,"engagementSEI":0.10918733426922478,"engagementSEIadj":0,"engagementSEIrank":18,"engagementScore":0.05767963085036256,"voiceSEI":0,"voiceSEIadj":0,"voiceSEIrank":57,"voiceScore":0},"scoped":{"SEI":70,"SEIrank":1,"SEIadj":0,"audienceSEI":100,"audienceSEIadj":0,"audienceSEIrank":1,"audienceScore":96.60821677918847,"combinedScore":99.51545953988406,"combinedScoreRank":1,"engagementSEI":100,"engagementSEIadj":0,"engagementSEIrank":1,"engagementScore":100,"voiceSEI":0,"voiceSEIadj":0,"voiceSEIrank":2,"voiceScore":0}},"twitter":{"entityString":"536575feb08f37d80186a090","type":"twitter","profiles":1,"postsMade":0,"repliesMade":0,"repliesRcvd":0,"sharesMade":0,"sharesRcvd":0,"mentionsRcvd":0,"likesRcvd":0,"reachRcvd":0,"audience":24300,"voice":0,"conversation":0,"engagement":0,"group_scoped":{"audienceScore":3.8651246462933777,"voiceScore":0,"engagementScore":0,"combinedScore":3.8651246462933777,"combinedScoreRank":53,"SEIrank":76,"engagementSEIrank":76,"voiceSEIrank":60,"audienceSEIrank":55,"engagementSEI":0,"engagementSEIadj":0,"voiceSEI":0,"voiceSEIadj":0,"audienceSEI":9.10903856534517,"audienceSEIadj":9.10903856534517,"SEI":0.910903856534517,"SEIadj":0.910903856534517},"non_scoped":{"SEI":0.4385711604268037,"SEIrank":45,"SEIadj":0,"audienceSEI":4.385711604268037,"audienceSEIadj":0,"audienceSEIrank":23,"audienceScore":0.7097721310163411,"combinedScore":0.03548860655081706,"combinedScoreRank":45,"engagementSEI":0,"engagementSEIadj":0,"engagementSEIrank":76,"engagementScore":0,"voiceSEI":0,"voiceSEIadj":0,"voiceSEIrank":60,"voiceScore":0},"scoped":{"SEI":10,"SEIrank":1,"SEIadj":0,"audienceSEI":100,"audienceSEIadj":0,"audienceSEIrank":1,"audienceScore":64.5538347103047,"combinedScore":64.5538347103047,"combinedScoreRank":1,"engagementSEI":0,"engagementSEIadj":0,"engagementSEIrank":2,"engagementScore":0,"voiceSEI":0,"voiceSEIadj":0,"voiceSEIrank":2,"voiceScore":0}},"instagram":{"entityString":"536575feb08f37d80186a090","type":"instagram","profiles":0,"postsMade":0,"repliesMade":0,"repliesRcvd":0,"sharesMade":0,"sharesRcvd":0,"mentionsRcvd":0,"likesRcvd":0,"reachRcvd":0,"audience":0,"voice":0,"conversation":0,"engagement":0,"group_scoped":{"audienceScore":0,"voiceScore":0,"engagementScore":0,"combinedScore":0,"combinedScoreRank":97,"SEIrank":79,"engagementSEIrank":61,"voiceSEIrank":53,"audienceSEIrank":79,"engagementSEI":0,"engagementSEIadj":0,"voiceSEI":0,"voiceSEIadj":0,"audienceSEI":0,"audienceSEIadj":0,"SEI":0,"SEIadj":0},"non_scoped":{"SEI":0,"SEIrank":79,"SEIadj":0,"audienceSEI":0,"audienceSEIadj":0,"audienceSEIrank":79,"audienceScore":0,"combinedScore":0,"combinedScoreRank":79,"engagementSEI":0,"engagementSEIadj":0,"engagementSEIrank":61,"engagementScore":0,"voiceSEI":0,"voiceSEIadj":0,"voiceSEIrank":53,"voiceScore":0},"scoped":{"SEI":0,"SEIrank":2,"SEIadj":0,"audienceSEI":0,"audienceSEIadj":0,"audienceSEIrank":2,"audienceScore":null,"combinedScore":null,"combinedScoreRank":5,"engagementSEI":0,"engagementSEIadj":0,"engagementSEIrank":2,"engagementScore":0,"voiceSEI":0,"voiceSEIadj":0,"voiceSEIrank":2,"voiceScore":0}}},"today":{"boundaryQuantum":4984134,"combined":{"entityString":"536575feb08f37d80186a090","type":"combined","profiles":2,"postsMade":19,"repliesMade":0,"repliesRcvd":23,"sharesMade":0,"sharesRcvd":43,"mentionsRcvd":0,"likesRcvd":199,"reachRcvd":0,"audience":108154,"voice":19,"conversation":42,"engagement":265,"group_scoped":{"audienceScore":4.747823720242145,"voiceScore":11.242603550295858,"engagementScore":1.6662474849094568,"combinedScore":2.2991440999454116,"combinedScoreRank":18,"SEIrank":12,"engagementSEIrank":21,"voiceSEIrank":8,"audienceSEIrank":20,"engagementSEI":2.0256841461550223,"engagementSEIadj":2.0256841461550223,"voiceSEI":33.33333333333333,"voiceSEIadj":33.33333333333333,"audienceSEI":7.355093358286909,"audienceSEIadj":7.355093358286909,"SEI":11.950919823521703,"SEIadj":11.950919823521703},"non_scoped":{"SEI":6.775344175585499,"SEIrank":12,"SEIadj":0,"audienceSEI":4.301917832629566,"audienceSEIadj":0,"audienceSEIrank":17,"audienceScore":0.7965148773386679,"combinedScore":0.2203122087563427,"combinedScoreRank":18,"engagementSEI":0.13569354764379676,"engagementSEIadj":0,"engagementSEIrank":26,"engagementScore":0.07070588486413797,"voiceSEI":20.87912087912088,"voiceSEIadj":0,"voiceSEIrank":10,"voiceScore":2.337023370233702},"scoped":{"SEI":100,"SEIrank":1,"SEIadj":0,"audienceSEI":100,"audienceSEIadj":0,"audienceSEIrank":1,"audienceScore":86.91186988211281,"combinedScore":88.10528341658626,"combinedScoreRank":1,"engagementSEI":100,"engagementSEIadj":0,"engagementSEIrank":1,"engagementScore":88.03986710963456,"voiceSEI":100,"voiceSEIadj":0,"voiceSEIrank":1,"voiceScore":90.47619047619048}},"facebook":{"entityString":"536575feb08f37d80186a090","type":"facebook","profiles":1,"postsMade":10,"repliesMade":0,"repliesRcvd":23,"sharesMade":0,"sharesRcvd":23,"mentionsRcvd":0,"likesRcvd":179,"reachRcvd":0,"audience":83854,"voice":10,"conversation":33,"engagement":225,"group_scoped":{"audienceScore":5.45024975057441,"voiceScore":20,"engagementScore":1.84305373525557,"combinedScore":2.9312608492587335,"combinedScoreRank":17,"SEIrank":10,"engagementSEIrank":17,"voiceSEIrank":8,"audienceSEIrank":15,"engagementSEI":2.2257394401028785,"engagementSEIadj":2.2257394401028785,"voiceSEI":45.45454545454545,"voiceSEIadj":45.45454545454545,"audienceSEI":7.672192943932074,"audienceSEIadj":7.672192943932074,"SEI":15.739026594818569,"SEIadj":15.739026594818569},"non_scoped":{"SEI":8.219892568320411,"SEIrank":9,"SEIadj":0,"audienceSEI":4.557044849833922,"audienceSEIadj":0,"audienceSEIrank":11,"audienceScore":0.8743763131963525,"combinedScore":0.2743682448290519,"combinedScoreRank":13,"engagementSEI":0.11980065171554534,"engagementSEIadj":0,"engagementSEIrank":25,"engagementScore":0.06731266884261101,"voiceSEI":25.64102564102564,"voiceSEIadj":0,"voiceSEIrank":9,"voiceScore":3.4013605442176873},"scoped":{"SEI":100,"SEIrank":1,"SEIadj":0,"audienceSEI":100,"audienceSEIadj":0,"audienceSEIrank":1,"audienceScore":96.60821677918847,"combinedScore":99.83041083895942,"combinedScoreRank":1,"engagementSEI":100,"engagementSEIadj":0,"engagementSEIrank":1,"engagementScore":100,"voiceSEI":100,"voiceSEIadj":0,"voiceSEIrank":1,"voiceScore":100}},"twitter":{"entityString":"536575feb08f37d80186a090","type":"twitter","profiles":1,"postsMade":9,"repliesMade":0,"repliesRcvd":0,"sharesMade":0,"sharesRcvd":20,"mentionsRcvd":0,"likesRcvd":20,"reachRcvd":0,"audience":24300,"voice":9,"conversation":9,"engagement":40,"group_scoped":{"audienceScore":3.8651246462933777,"voiceScore":7.6923076923076925,"engagementScore":3.254678600488202,"combinedScore":3.507082357369435,"combinedScoreRank":51,"SEIrank":35,"engagementSEIrank":44,"voiceSEIrank":18,"audienceSEIrank":55,"engagementSEI":7.905138339920949,"engagementSEIadj":7.905138339920949,"voiceSEI":27.27272727272727,"voiceSEIadj":27.27272727272727,"audienceSEI":9.10903856534517,"audienceSEIadj":9.10903856534517,"SEI":13.835805042305267,"SEIadj":13.835805042305267},"non_scoped":{"SEI":7.5768120179299565,"SEIrank":16,"SEIadj":0,"audienceSEI":4.385711604268037,"audienceSEIadj":0,"audienceSEIrank":23,"audienceScore":0.7097721310163411,"combinedScore":0.6952891763513869,"combinedScoreRank":26,"engagementSEI":2.5220680958385877,"engagementSEIadj":0,"engagementSEIrank":26,"engagementScore":0.6331117442228553,"voiceSEI":18.75,"voiceSEIadj":0,"voiceSEIrank":15,"voiceScore":1.7999999999999998},"scoped":{"SEI":100,"SEIrank":1,"SEIadj":0,"audienceSEI":100,"audienceSEIadj":0,"audienceSEIrank":1,"audienceScore":64.5538347103047,"combinedScore":54.687021879055905,"combinedScoreRank":1,"engagementSEI":100,"engagementSEIadj":0,"engagementSEIrank":1,"engagementScore":52.63157894736842,"voiceSEI":100,"voiceSEIadj":0,"voiceSEIrank":1,"voiceScore":81.81818181818183}},"instagram":{"entityString":"536575feb08f37d80186a090","type":"instagram","profiles":0,"postsMade":0,"repliesMade":0,"repliesRcvd":0,"sharesMade":0,"sharesRcvd":0,"mentionsRcvd":0,"likesRcvd":0,"reachRcvd":0,"audience":0,"voice":0,"conversation":0,"engagement":0,"group_scoped":{"audienceScore":0,"voiceScore":0,"engagementScore":0,"combinedScore":0,"combinedScoreRank":97,"SEIrank":79,"engagementSEIrank":71,"voiceSEIrank":58,"audienceSEIrank":79,"engagementSEI":0,"engagementSEIadj":0,"voiceSEI":0,"voiceSEIadj":0,"audienceSEI":0,"audienceSEIadj":0,"SEI":0,"SEIadj":0},"non_scoped":{"SEI":0,"SEIrank":79,"SEIadj":0,"audienceSEI":0,"audienceSEIadj":0,"audienceSEIrank":79,"audienceScore":0,"combinedScore":0,"combinedScoreRank":79,"engagementSEI":0,"engagementSEIadj":0,"engagementSEIrank":71,"engagementScore":0,"voiceSEI":0,"voiceSEIadj":0,"voiceSEIrank":58,"voiceScore":0},"scoped":{"SEI":0,"SEIrank":2,"SEIadj":0,"audienceSEI":0,"audienceSEIadj":0,"audienceSEIrank":2,"audienceScore":null,"combinedScore":null,"combinedScoreRank":5,"engagementSEI":0,"engagementSEIadj":0,"engagementSEIrank":2,"engagementScore":0,"voiceSEI":0,"voiceSEIadj":0,"voiceSEIrank":2,"voiceScore":0}}},"week":{"boundaryQuantum":4982406,"combined":{"entityString":"536575feb08f37d80186a090","type":"combined","profiles":2,"postsMade":275,"repliesMade":0,"repliesRcvd":113,"sharesMade":0,"sharesRcvd":1017,"mentionsRcvd":0,"likesRcvd":2425,"reachRcvd":0,"audience":108154,"voice":275,"conversation":388,"engagement":3555,"group_scoped":{"audienceScore":4.747823720242145,"voiceScore":15.218594355285003,"engagementScore":2.5054090053772913,"combinedScore":3.2531890086159194,"combinedScoreRank":13,"SEIrank":9,"engagementSEIrank":17,"voiceSEIrank":8,"audienceSEIrank":20,"engagementSEI":2.915176960671762,"engagementSEIadj":2.915176960671762,"voiceSEI":39.73988439306358,"voiceSEIadj":39.73988439306358,"audienceSEI":7.355093358286909,"audienceSEIadj":7.355093358286909,"SEI":14.406580830150823,"SEIadj":14.406580830150823},"non_scoped":{"SEI":10.241473433276333,"SEIrank":8,"SEIadj":0,"audienceSEI":4.301917832629566,"audienceSEIadj":0,"audienceSEIrank":17,"audienceScore":0.7965148773386679,"combinedScore":0.32303021971216705,"combinedScoreRank":14,"engagementSEI":0.36376399033237083,"engagementSEIadj":0,"engagementSEIrank":24,"engagementScore":0.1482651723650401,"voiceSEI":31.976744186046513,"voiceSEIadj":0,"voiceSEIrank":8,"voiceScore":2.9953164143339506},"scoped":{"SEI":100,"SEIrank":1,"SEIadj":0,"audienceSEI":100,"audienceSEIadj":0,"audienceSEIrank":1,"audienceScore":86.91186988211281,"combinedScore":90.75197054770476,"combinedScoreRank":1,"engagementSEI":100,"engagementSEIadj":0,"engagementSEIrank":1,"engagementScore":91.5529229976822,"voiceSEI":100,"voiceSEIadj":0,"voiceSEIrank":1,"voiceScore":80.17492711370262}},"facebook":{"entityString":"536575feb08f37d80186a090","type":"facebook","profiles":1,"postsMade":145,"repliesMade":0,"repliesRcvd":113,"sharesMade":0,"sharesRcvd":632,"mentionsRcvd":0,"likesRcvd":2183,"reachRcvd":0,"audience":83854,"voice":145,"conversation":258,"engagement":2928,"group_scoped":{"audienceScore":5.45024975057441,"voiceScore":29.116465863453815,"engagementScore":2.535350299167872,"combinedScore":4.010151049952496,"combinedScoreRank":12,"SEIrank":8,"engagementSEIrank":16,"voiceSEIrank":8,"audienceSEIrank":15,"engagementSEI":2.886264613686099,"engagementSEIadj":2.886264613686099,"voiceSEI":69.377990430622,"voiceSEIadj":69.377990430622,"audienceSEI":7.672192943932074,"audienceSEIadj":7.672192943932074,"SEI":23.312375191791467,"SEIadj":23.312375191791467},"non_scoped":{"SEI":11.713486068251024,"SEIrank":8,"SEIadj":0,"audienceSEI":4.557044849833922,"audienceSEIadj":0,"audienceSEIrank":11,"audienceScore":0.8743763131963525,"combinedScore":0.38879373636742537,"combinedScoreRank":11,"engagementSEI":0.31513215531882377,"engagementSEIadj":0,"engagementSEIrank":24,"engagementScore":0.13455789597038625,"voiceSEI":36.895674300254456,"voiceSEIadj":0,"voiceSEIrank":8,"voiceScore":4.479456286685203},"scoped":{"SEI":100,"SEIrank":1,"SEIadj":0,"audienceSEI":100,"audienceSEIadj":0,"audienceSEIrank":1,"audienceScore":96.60821677918847,"combinedScore":99.83041083895942,"combinedScoreRank":1,"engagementSEI":100,"engagementSEIadj":0,"engagementSEIrank":1,"engagementScore":100,"voiceSEI":100,"voiceSEIadj":0,"voiceSEIrank":1,"voiceScore":100}},"twitter":{"entityString":"536575feb08f37d80186a090","type":"twitter","profiles":1,"postsMade":130,"repliesMade":0,"repliesRcvd":0,"sharesMade":0,"sharesRcvd":385,"mentionsRcvd":0,"likesRcvd":242,"reachRcvd":0,"audience":24300,"voice":130,"conversation":130,"engagement":627,"group_scoped":{"audienceScore":3.8651246462933777,"voiceScore":10.05413766434648,"engagementScore":4.781879194630872,"combinedScore":4.999654390699778,"combinedScoreRank":29,"SEIrank":24,"engagementSEIrank":34,"voiceSEIrank":12,"audienceSEIrank":55,"engagementSEI":8.698668146503884,"engagementSEIadj":8.698668146503884,"voiceSEI":27.8372591006424,"voiceSEIadj":27.8372591006424,"audienceSEI":9.10903856534517,"audienceSEIadj":9.10903856534517,"SEI":14.481282474629566,"SEIadj":14.481282474629566},"non_scoped":{"SEI":10.924180115226466,"SEIrank":10,"SEIadj":0,"audienceSEI":4.385711604268037,"audienceSEIadj":0,"audienceSEIrank":23,"audienceScore":0.7097721310163411,"combinedScore":1.0689321056455,"combinedScoreRank":17,"engagementSEI":4.018457988848299,"engagementSEIadj":0,"engagementSEIrank":16,"engagementScore":1.0223381705527474,"voiceSEI":26.91511387163561,"voiceSEIadj":0,"voiceSEIrank":10,"voiceScore":2.2667829119442024},"scoped":{"SEI":100,"SEIrank":1,"SEIadj":0,"audienceSEI":100,"audienceSEIadj":0,"audienceSEIrank":1,"audienceScore":64.5538347103047,"combinedScore":65.59952525394561,"combinedScoreRank":1,"engagementSEI":100,"engagementSEIadj":0,"engagementSEIrank":1,"engagementScore":65.65445026178011,"voiceSEI":100,"voiceSEIadj":0,"voiceSEIrank":1,"voiceScore":65.65656565656566}},"instagram":{"entityString":"536575feb08f37d80186a090","type":"instagram","profiles":0,"postsMade":0,"repliesMade":0,"repliesRcvd":0,"sharesMade":0,"sharesRcvd":0,"mentionsRcvd":0,"likesRcvd":0,"reachRcvd":0,"audience":0,"voice":0,"conversation":0,"engagement":0,"group_scoped":{"audienceScore":0,"voiceScore":0,"engagementScore":0,"combinedScore":0,"combinedScoreRank":97,"SEIrank":79,"engagementSEIrank":74,"voiceSEIrank":72,"audienceSEIrank":79,"engagementSEI":0,"engagementSEIadj":0,"voiceSEI":0,"voiceSEIadj":0,"audienceSEI":0,"audienceSEIadj":0,"SEI":0,"SEIadj":0},"non_scoped":{"SEI":0,"SEIrank":79,"SEIadj":0,"audienceSEI":0,"audienceSEIadj":0,"audienceSEIrank":79,"audienceScore":0,"combinedScore":0,"combinedScoreRank":79,"engagementSEI":0,"engagementSEIadj":0,"engagementSEIrank":74,"engagementScore":0,"voiceSEI":0,"voiceSEIadj":0,"voiceSEIrank":72,"voiceScore":0},"scoped":{"SEI":0,"SEIrank":2,"SEIadj":0,"audienceSEI":0,"audienceSEIadj":0,"audienceSEIrank":2,"audienceScore":null,"combinedScore":null,"combinedScoreRank":5,"engagementSEI":0,"engagementSEIadj":0,"engagementSEIrank":2,"engagementScore":0,"voiceSEI":0,"voiceSEIadj":0,"voiceSEIrank":2,"voiceScore":0}}},"month":{"boundaryQuantum":4975782,"combined":{"entityString":"536575feb08f37d80186a090","type":"combined","profiles":2,"postsMade":1154,"repliesMade":0,"repliesRcvd":238,"sharesMade":0,"sharesRcvd":3029,"mentionsRcvd":0,"likesRcvd":6809,"reachRcvd":0,"audience":108154,"voice":1154,"conversation":1392,"engagement":10076,"group_scoped":{"audienceScore":4.747823720242145,"voiceScore":16.173791170287316,"engagementScore":1.6327800527299157,"combinedScore":2.5155827919833973,"combinedScoreRank":19,"SEIrank":10,"engagementSEIrank":21,"voiceSEIrank":8,"audienceSEIrank":20,"engagementSEI":1.8625182074278914,"engagementSEIadj":1.8625182074278914,"voiceSEI":38.211920529801326,"voiceSEIadj":38.211920529801326,"audienceSEI":7.355093358286909,"audienceSEIadj":7.355093358286909,"SEI":13.316596419225823,"SEIadj":13.316596419225823},"non_scoped":{"SEI":10.163198751091127,"SEIrank":8,"SEIadj":0,"audienceSEI":4.301917832629566,"audienceSEIadj":0,"audienceSEIrank":17,"audienceScore":0.7965148773386679,"combinedScore":0.2911709469518378,"combinedScoreRank":19,"engagementSEI":0.2780474424657587,"engagementSEIadj":0,"engagementSEIrank":31,"engagementScore":0.10950914557869323,"voiceSEI":31.887261674495715,"voiceSEIadj":0,"voiceSEIrank":8,"voiceScore":3.05573944128161},"scoped":{"SEI":100,"SEIrank":1,"SEIadj":0,"audienceSEI":100,"audienceSEIadj":0,"audienceSEIrank":1,"audienceScore":86.91186988211281,"combinedScore":88.41260969064844,"combinedScoreRank":1,"engagementSEI":100,"engagementSEIadj":0,"engagementSEIrank":1,"engagementScore":88.79880144531595,"voiceSEI":100,"voiceSEIadj":0,"voiceSEIrank":1,"voiceScore":82.96189791516895}},"facebook":{"entityString":"536575feb08f37d80186a090","type":"facebook","profiles":1,"postsMade":628,"repliesMade":0,"repliesRcvd":238,"sharesMade":0,"sharesRcvd":1782,"mentionsRcvd":0,"likesRcvd":5954,"reachRcvd":0,"audience":83854,"voice":628,"conversation":866,"engagement":7974,"group_scoped":{"audienceScore":5.45024975057441,"voiceScore":29.862101759391347,"engagementScore":1.652258957506237,"combinedScore":3.2526506372539012,"combinedScoreRank":15,"SEIrank":9,"engagementSEIrank":20,"voiceSEIrank":8,"audienceSEIrank":15,"engagementSEI":1.8561409307706451,"engagementSEIadj":1.8561409307706451,"voiceSEI":65.96638655462185,"voiceSEIadj":65.96638655462185,"audienceSEI":7.672192943932074,"audienceSEIadj":7.672192943932074,"SEI":21.67081981924215,"SEIadj":21.67081981924215},"non_scoped":{"SEI":12.603030577890458,"SEIrank":8,"SEIadj":0,"audienceSEI":4.557044849833922,"audienceSEIadj":0,"audienceSEIrank":11,"audienceScore":0.8743763131963525,"combinedScore":0.36095332201242103,"combinedScoreRank":16,"engagementSEI":0.2327965155844334,"engagementSEIadj":0,"engagementSEIrank":30,"engagementScore":0.09641754528474795,"voiceSEI":40.02549394518802,"voiceSEIadj":0,"voiceSEIrank":8,"voiceScore":4.609174311926605},"scoped":{"SEI":100,"SEIrank":1,"SEIadj":0,"audienceSEI":100,"audienceSEIadj":0,"audienceSEIrank":1,"audienceScore":96.60821677918847,"combinedScore":99.83041083895942,"combinedScoreRank":1,"engagementSEI":100,"engagementSEIadj":0,"engagementSEIrank":1,"engagementScore":100,"voiceSEI":100,"voiceSEIadj":0,"voiceSEIrank":1,"voiceScore":100}},"twitter":{"entityString":"536575feb08f37d80186a090","type":"twitter","profiles":1,"postsMade":526,"repliesMade":0,"repliesRcvd":0,"sharesMade":0,"sharesRcvd":1247,"mentionsRcvd":0,"likesRcvd":855,"reachRcvd":0,"audience":24300,"voice":526,"conversation":526,"engagement":2102,"group_scoped":{"audienceScore":3.8651246462933777,"voiceScore":10.626262626262626,"engagementScore":3.961627622081079,"combinedScore":4.290034223500772,"combinedScoreRank":33,"SEIrank":29,"engagementSEIrank":52,"voiceSEIrank":13,"audienceSEIrank":55,"engagementSEI":7.018129611699109,"engagementSEIadj":7.018129611699109,"voiceSEI":26.48539778449144,"voiceSEIadj":26.48539778449144,"audienceSEI":9.10903856534517,"audienceSEIadj":9.10903856534517,"SEI":13.067400958901413,"SEIadj":13.067400958901413},"non_scoped":{"SEI":10.548587510246467,"SEIrank":10,"SEIadj":0,"audienceSEI":4.385711604268037,"audienceSEIadj":0,"audienceSEIrank":23,"audienceScore":0.7097721310163411,"combinedScore":0.9324619511308648,"combinedScoreRank":17,"engagementSEI":3.6472160047195183,"engagementSEIadj":0,"engagementSEIrank":21,"engagementScore":0.8712628337181203,"voiceSEI":26.40562248995984,"voiceSEIadj":0,"voiceSEIrank":9,"voiceScore":2.25673588467479},"scoped":{"SEI":100,"SEIrank":1,"SEIadj":0,"audienceSEI":100,"audienceSEIadj":0,"audienceSEIrank":1,"audienceScore":64.5538347103047,"combinedScore":62.76118160709196,"combinedScoreRank":1,"engagementSEI":100,"engagementSEIadj":0,"engagementSEIrank":1,"engagementScore":62.318410910168986,"voiceSEI":100,"voiceSEIadj":0,"voiceSEIrank":1,"voiceScore":68.93840104849279}},"instagram":{"entityString":"536575feb08f37d80186a090","type":"instagram","profiles":0,"postsMade":0,"repliesMade":0,"repliesRcvd":0,"sharesMade":0,"sharesRcvd":0,"mentionsRcvd":0,"likesRcvd":0,"reachRcvd":0,"audience":0,"voice":0,"conversation":0,"engagement":0,"group_scoped":{"audienceScore":0,"voiceScore":0,"engagementScore":0,"combinedScore":0,"combinedScoreRank":97,"SEIrank":79,"engagementSEIrank":74,"voiceSEIrank":73,"audienceSEIrank":79,"engagementSEI":0,"engagementSEIadj":0,"voiceSEI":0,"voiceSEIadj":0,"audienceSEI":0,"audienceSEIadj":0,"SEI":0,"SEIadj":0},"non_scoped":{"SEI":0,"SEIrank":79,"SEIadj":0,"audienceSEI":0,"audienceSEIadj":0,"audienceSEIrank":79,"audienceScore":0,"combinedScore":0,"combinedScoreRank":79,"engagementSEI":0,"engagementSEIadj":0,"engagementSEIrank":74,"engagementScore":0,"voiceSEI":0,"voiceSEIadj":0,"voiceSEIrank":73,"voiceScore":0},"scoped":{"SEI":0,"SEIrank":2,"SEIadj":0,"audienceSEI":0,"audienceSEIadj":0,"audienceSEIrank":2,"audienceScore":null,"combinedScore":null,"combinedScoreRank":5,"engagementSEI":0,"engagementSEIadj":0,"engagementSEIrank":2,"engagementScore":0,"voiceSEI":0,"voiceSEIadj":0,"voiceSEIrank":2,"voiceScore":0}}},"quarter":{"boundaryQuantum":4958502,"combined":{"entityString":"536575feb08f37d80186a090","type":"combined","profiles":2,"postsMade":3490,"repliesMade":0,"repliesRcvd":1204,"sharesMade":0,"sharesRcvd":10955,"mentionsRcvd":0,"likesRcvd":22611,"reachRcvd":0,"audience":108154,"voice":3490,"conversation":4694,"engagement":34770,"group_scoped":{"audienceScore":4.747823720242145,"voiceScore":17.24904858399644,"engagementScore":1.6640774635956135,"combinedScore":2.5975133324479813,"combinedScoreRank":16,"SEIrank":10,"engagementSEIrank":18,"voiceSEIrank":8,"audienceSEIrank":20,"engagementSEI":1.8568371606679488,"engagementSEIadj":1.8568371606679488,"voiceSEI":37.79510504656704,"voiceSEIadj":37.79510504656704,"audienceSEI":7.355093358286909,"audienceSEIadj":7.355093358286909,"SEI":13.188143146199572,"SEIadj":13.188143146199572},"non_scoped":{"SEI":10.389910898820636,"SEIrank":8,"SEIadj":0,"audienceSEI":4.301917832629566,"audienceSEIadj":0,"audienceSEIrank":17,"audienceScore":0.7965148773386679,"combinedScore":0.30076675786734697,"combinedScoreRank":18,"engagementSEI":0.3033047393524509,"engagementSEIadj":0,"engagementSEIrank":31,"engagementScore":0.11746613684720482,"voiceSEI":32.5924542398207,"voiceSEIadj":0,"voiceSEIrank":8,"voiceScore":3.104429816758584},"scoped":{"SEI":100,"SEIrank":1,"SEIadj":0,"audienceSEI":100,"audienceSEIadj":0,"audienceSEIrank":1,"audienceScore":86.91186988211281,"combinedScore":88.78684870344351,"combinedScoreRank":1,"engagementSEI":100,"engagementSEIadj":0,"engagementSEIrank":1,"engagementScore":89.1973012493266,"voiceSEI":100,"voiceSEIadj":0,"voiceSEIrank":1,"voiceScore":83.27368169887855}},"facebook":{"entityString":"536575feb08f37d80186a090","type":"facebook","profiles":1,"postsMade":1997,"repliesMade":0,"repliesRcvd":1204,"sharesMade":0,"sharesRcvd":6929,"mentionsRcvd":0,"likesRcvd":19817,"reachRcvd":0,"audience":83854,"voice":1997,"conversation":3201,"engagement":27950,"group_scoped":{"audienceScore":5.45024975057441,"voiceScore":32.46626564786214,"engagementScore":1.778442351743446,"combinedScore":3.4964238864909287,"combinedScoreRank":14,"SEIrank":9,"engagementSEIrank":17,"voiceSEIrank":8,"audienceSEIrank":15,"engagementSEI":1.9613608405711875,"engagementSEIadj":1.9613608405711875,"voiceSEI":68.2268534335497,"voiceSEIadj":68.2268534335497,"audienceSEI":7.672192943932074,"audienceSEIadj":7.672192943932074,"SEI":22.412091828800833,"SEIadj":22.412091828800833},"non_scoped":{"SEI":13.185359040574408,"SEIrank":8,"SEIadj":0,"audienceSEI":4.557044849833922,"audienceSEIadj":0,"audienceSEIrank":11,"audienceScore":0.8743763131963525,"combinedScore":0.38424287679823105,"combinedScoreRank":12,"engagementSEI":0.25241257200644335,"engagementSEIadj":0,"engagementSEIrank":33,"engagementScore":0.10504403412085792,"voiceSEI":41.927356707957166,"voiceSEIadj":0,"voiceSEIrank":8,"voiceScore":4.919688608592826},"scoped":{"SEI":100,"SEIrank":1,"SEIadj":0,"audienceSEI":100,"audienceSEIadj":0,"audienceSEIrank":1,"audienceScore":96.60821677918847,"combinedScore":99.83041083895942,"combinedScoreRank":1,"engagementSEI":100,"engagementSEIadj":0,"engagementSEIrank":1,"engagementScore":100,"voiceSEI":100,"voiceSEIadj":0,"voiceSEIrank":1,"voiceScore":100}},"twitter":{"entityString":"536575feb08f37d80186a090","type":"twitter","profiles":1,"postsMade":1493,"repliesMade":0,"repliesRcvd":0,"sharesMade":0,"sharesRcvd":4026,"mentionsRcvd":0,"likesRcvd":2794,"reachRcvd":0,"audience":24300,"voice":1493,"conversation":1493,"engagement":6820,"group_scoped":{"audienceScore":3.8651246462933777,"voiceScore":10.83532912402932,"engagementScore":3.8404793278598053,"combinedScore":4.19145408358996,"combinedScoreRank":36,"SEIrank":31,"engagementSEIrank":54,"voiceSEIrank":14,"audienceSEIrank":55,"engagementSEI":6.359330125694678,"engagementSEIadj":6.359330125694678,"voiceSEI":24.866755496335777,"voiceSEIadj":24.866755496335777,"audienceSEI":9.10903856534517,"audienceSEIadj":9.10903856534517,"SEI":12.186528580852057,"SEIadj":12.186528580852057},"non_scoped":{"SEI":9.834144757076444,"SEIrank":9,"SEIadj":0,"audienceSEI":4.385711604268037,"audienceSEIadj":0,"audienceSEIrank":23,"audienceScore":0.7097721310163411,"combinedScore":0.8812581622153945,"combinedScoreRank":20,"engagementSEI":3.2341894609051938,"engagementSEIadj":0,"engagementSEIrank":22,"engagementScore":0.8205794590432188,"voiceSEI":24.850199733688417,"voiceSEIadj":0,"voiceSEIrank":9,"voiceScore":2.1449608505136126},"scoped":{"SEI":100,"SEIrank":1,"SEIadj":0,"audienceSEI":100,"audienceSEIadj":0,"audienceSEIrank":1,"audienceScore":64.5538347103047,"combinedScore":62.27334037450867,"combinedScoreRank":1,"engagementSEI":100,"engagementSEIadj":0,"engagementSEIrank":1,"engagementScore":61.8257637566857,"voiceSEI":100,"voiceSEIadj":0,"voiceSEIrank":1,"voiceScore":68.04922515952599}},"instagram":{"entityString":"536575feb08f37d80186a090","type":"instagram","profiles":0,"postsMade":0,"repliesMade":0,"repliesRcvd":0,"sharesMade":0,"sharesRcvd":0,"mentionsRcvd":0,"likesRcvd":0,"reachRcvd":0,"audience":0,"voice":0,"conversation":0,"engagement":0,"group_scoped":{"audienceScore":0,"voiceScore":0,"engagementScore":0,"combinedScore":0,"combinedScoreRank":97,"SEIrank":79,"engagementSEIrank":74,"voiceSEIrank":74,"audienceSEIrank":79,"engagementSEI":0,"engagementSEIadj":0,"voiceSEI":0,"voiceSEIadj":0,"audienceSEI":0,"audienceSEIadj":0,"SEI":0,"SEIadj":0},"non_scoped":{"SEI":0,"SEIrank":79,"SEIadj":0,"audienceSEI":0,"audienceSEIadj":0,"audienceSEIrank":79,"audienceScore":0,"combinedScore":0,"combinedScoreRank":79,"engagementSEI":0,"engagementSEIadj":0,"engagementSEIrank":74,"engagementScore":0,"voiceSEI":0,"voiceSEIadj":0,"voiceSEIrank":74,"voiceScore":0},"scoped":{"SEI":0,"SEIrank":2,"SEIadj":0,"audienceSEI":0,"audienceSEIadj":0,"audienceSEIrank":2,"audienceScore":null,"combinedScore":null,"combinedScoreRank":5,"engagementSEI":0,"engagementSEIadj":0,"engagementSEIrank":2,"engagementScore":0,"voiceSEI":0,"voiceSEIadj":0,"voiceSEIrank":2,"voiceScore":0}}},"blended":{"combined":{"non_scoped":{"SEI":10.130644500836162,"SEIadj":73.03919335025086,"SEIrank":8,"audienceSEI":4.301917832629566,"audienceSEIadj":71.29057534978887,"audienceSEIrank":17,"engagementSEI":0.3092733605279903,"engagementSEIadj":60.12370934421119,"engagementSEIrank":28,"voiceSEI":31.716295670854702,"voiceSEIadj":79.51488870125641,"voiceSEIrank":8},"scoped":{"SEI":88,"SEIadj":94,"SEIrank":1,"compCharisma":6,"compInfluence":6,"compEva":76,"audienceSEI":98,"audienceSEIadj":98,"audienceSEIrank":1,"engagementSEI":98,"engagementSEIadj":98,"engagementSEIrank":1,"voiceSEI":98,"voiceSEIadj":98,"voiceSEIrank":1}},"facebook":{"non_scoped":{"SEI":12.4081745558621,"SEIadj":73.72245236675863,"SEIrank":8,"audienceSEI":4.557044849833922,"audienceSEIadj":71.36711345495017,"audienceSEIrank":11,"engagementSEI":0.2616554425223111,"engagementSEIadj":60.104662177008926,"engagementSEIrank":28,"voiceSEI":39.31825601788441,"voiceSEIadj":81.79547680536533,"voiceSEIrank":8},"scoped":{"SEI":98,"SEIadj":98,"SEIrank":1,"audienceSEI":98,"audienceSEIadj":98,"audienceSEIrank":1,"engagementSEI":98,"engagementSEIadj":98,"engagementSEIrank":1,"voiceSEI":98,"voiceSEIadj":98,"voiceSEIrank":1}},"twitter":{"non_scoped":{"SEI":10.155455140539628,"SEIadj":73.04663654216189,"SEIrank":9,"audienceSEI":4.385711604268037,"audienceSEIadj":61.754284641707216,"audienceSEIrank":23,"engagementSEI":3.4958179326069434,"engagementSEIadj":71.04874537978208,"engagementSEIrank":20,"voiceSEI":25.397977401828868,"voiceSEIadj":77.61939322054866,"voiceSEIrank":9},"scoped":{"SEI":98,"SEIadj":98,"SEIrank":1,"audienceSEI":98,"audienceSEIadj":98,"audienceSEIrank":1,"engagementSEI":98,"engagementSEIadj":98,"engagementSEIrank":1,"voiceSEI":98,"voiceSEIadj":98,"voiceSEIrank":1}},"instagram":{"non_scoped":{"SEI":0,"SEIadj":0,"SEIrank":79,"audienceSEI":0,"audienceSEIadj":0,"audienceSEIrank":79,"engagementSEI":0,"engagementSEIadj":0,"engagementSEIrank":74,"voiceSEI":0,"voiceSEIadj":0,"voiceSEIrank":74},"scoped":{"SEI":0,"SEIadj":0,"SEIrank":2,"audienceSEI":0,"audienceSEIadj":0,"audienceSEIrank":2,"engagementSEI":0,"engagementSEIadj":0,"engagementSEIrank":2,"voiceSEI":0,"voiceSEIadj":0,"voiceSEIrank":2}},"influence":{"instagram":{"scope":"sub-brand","ratio":0,"calculated":false},"combined":{"ratio":1,"bottom":false,"scope":"sub-brand","calculated":true},"facebook":{"scope":"sub-brand","ratio":1,"calculated":false},"twitter":{"ratio":1,"bottom":false,"scope":"sub-brand","calculated":true}},"charisma":{"instagram":{"scope":"sub-brand","ratio":0,"calculated":false},"combined":{"ratio":1,"bottom":false,"scope":"sub-brand","calculated":true},"facebook":{"scope":"sub-brand","ratio":1,"calculated":false},"twitter":{"ratio":1,"bottom":false,"scope":"sub-brand","calculated":true}}},"scope":"sub-brand"}}