{"scoreEntityString":"591d1494ab33fb0001804f89.asset.536575feb08f37d80186a0d2","timeQuantum":4984422,"scoreEntityType":"asset","scoreProfileID":"591d1494ab33fb0001804f89","data":{"scoreEntityString":"591d1494ab33fb0001804f89.asset.536575feb08f37d80186a0d2","scoreProfileID":"591d1494ab33fb0001804f89","scoreEntityType":"asset","entityID":"asset.536575feb08f37d80186a0d2","object_version":"1.2","score_engine_version":"3.0.19","timestamp":4984422,"start_quantum":4958502,"end_quantum":4984421,"schedule_options":{"interval":15,"offset":"1"},"_15min":{"boundaryQuantum":4984419,"combined":{"entityString":"536575feb08f37d80186a0d2","type":"combined","profiles":2,"postsMade":0,"repliesMade":0,"repliesRcvd":0,"sharesMade":0,"sharesRcvd":0,"mentionsRcvd":0,"likesRcvd":0,"reachRcvd":0,"audience":24784,"voice":0,"conversation":0,"engagement":0,"group_scoped":{"audienceScore":0.6293255977882192,"voiceScore":0,"engagementScore":0,"combinedScore":0.6293255977882192,"engagementSEI":0,"engagementSEIadj":0,"voiceSEI":0,"voiceSEIadj":0,"audienceSEI":0.9858047928314363,"audienceSEIadj":0.9858047928314363,"SEI":0.09858047928314363,"SEIadj":0.09858047928314363,"combinedScoreRank":109,"SEIrank":114,"engagementSEIrank":147,"voiceSEIrank":144,"audienceSEIrank":114},"non_scoped":{"SEI":0.09858047928314363,"SEIrank":65,"SEIadj":0,"audienceSEI":0.9858047928314363,"audienceSEIadj":0,"audienceSEIrank":65,"audienceScore":0.18252514673485534,"combinedScore":0.009126257336742768,"combinedScoreRank":65,"engagementSEI":0,"engagementSEIadj":0,"engagementSEIrank":147,"engagementScore":0,"voiceSEI":0,"voiceSEIadj":0,"voiceSEIrank":144,"voiceScore":0},"scoped":{"SEI":1.2941158041490657,"SEIrank":54,"SEIadj":0,"audienceSEI":12.941158041490656,"audienceSEIadj":0,"audienceSEIrank":54,"audienceScore":0.5273915250071552,"combinedScore":0.07534164642959361,"combinedScoreRank":54,"engagementSEI":0,"engagementSEIadj":0,"engagementSEIrank":129,"engagementScore":0,"voiceSEI":0,"voiceSEIadj":0,"voiceSEIrank":127,"voiceScore":0}},"facebook":{"entityString":"536575feb08f37d80186a0d2","type":"facebook","profiles":1,"postsMade":0,"repliesMade":0,"repliesRcvd":0,"sharesMade":0,"sharesRcvd":0,"mentionsRcvd":0,"likesRcvd":0,"reachRcvd":0,"audience":14500,"voice":0,"conversation":0,"engagement":0,"group_scoped":{"audienceScore":0.561053666524404,"voiceScore":0,"engagementScore":0,"combinedScore":0.561053666524404,"engagementSEI":0,"engagementSEIadj":0,"voiceSEI":0,"voiceSEIadj":0,"audienceSEI":0.7880023650939951,"audienceSEIadj":0.7880023650939951,"SEI":0.07880023650939952,"SEIadj":0.07880023650939952,"combinedScoreRank":84,"SEIrank":87,"engagementSEIrank":146,"voiceSEIrank":144,"audienceSEIrank":87},"non_scoped":{"SEI":0.07880023650939952,"SEIrank":57,"SEIadj":0,"audienceSEI":0.7880023650939951,"audienceSEIadj":0,"audienceSEIrank":57,"audienceScore":0.1511968008842406,"combinedScore":0.00755984004421203,"combinedScoreRank":57,"engagementSEI":0,"engagementSEIadj":0,"engagementSEIrank":146,"engagementScore":0,"voiceSEI":0,"voiceSEIadj":0,"voiceSEIrank":144,"voiceScore":0},"scoped":{"SEI":1.0182512763253067,"SEIrank":46,"SEIadj":0,"audienceSEI":10.182512763253067,"audienceSEIadj":0,"audienceSEIrank":46,"audienceScore":0.623297484414339,"combinedScore":0.08904249777347699,"combinedScoreRank":46,"engagementSEI":0,"engagementSEIadj":0,"engagementSEIrank":128,"engagementScore":0,"voiceSEI":0,"voiceSEIadj":0,"voiceSEIrank":127,"voiceScore":0}},"twitter":{"entityString":"536575feb08f37d80186a0d2","type":"twitter","profiles":1,"postsMade":0,"repliesMade":0,"repliesRcvd":0,"sharesMade":0,"sharesRcvd":0,"mentionsRcvd":0,"likesRcvd":0,"reachRcvd":0,"audience":10284,"voice":0,"conversation":0,"engagement":0,"group_scoped":{"audienceScore":0.8334947533758401,"voiceScore":0,"engagementScore":0,"combinedScore":0.8334947533758401,"engagementSEI":0,"engagementSEIadj":0,"voiceSEI":0,"voiceSEIadj":0,"audienceSEI":1.856076466596399,"audienceSEIadj":1.856076466596399,"SEI":0.1856076466596399,"SEIadj":0.1856076466596399,"combinedScoreRank":151,"SEIrank":168,"engagementSEIrank":145,"voiceSEIrank":143,"audienceSEIrank":168},"non_scoped":{"SEI":0.1856076466596399,"SEIrank":69,"SEIadj":0,"audienceSEI":1.856076466596399,"audienceSEIadj":0,"audienceSEIrank":69,"audienceScore":0.3003825759412367,"combinedScore":0.015019128797061835,"combinedScoreRank":69,"engagementSEI":0,"engagementSEIadj":0,"engagementSEIrank":145,"engagementScore":0,"voiceSEI":0,"voiceSEIadj":0,"voiceSEIrank":143,"voiceScore":0},"scoped":{"SEI":0.882269673910246,"SEIrank":58,"SEIadj":0,"audienceSEI":8.82269673910246,"audienceSEIadj":0,"audienceSEIrank":58,"audienceScore":0.4768688026531044,"combinedScore":0.06812411466472919,"combinedScoreRank":58,"engagementSEI":0,"engagementSEIadj":0,"engagementSEIrank":128,"engagementScore":0,"voiceSEI":0,"voiceSEIadj":0,"voiceSEIrank":127,"voiceScore":0}},"instagram":{"entityString":"536575feb08f37d80186a0d2","type":"instagram","profiles":0,"postsMade":0,"repliesMade":0,"repliesRcvd":0,"sharesMade":0,"sharesRcvd":0,"mentionsRcvd":0,"likesRcvd":0,"reachRcvd":0,"audience":0,"voice":0,"conversation":0,"engagement":0,"group_scoped":{"audienceScore":0,"voiceScore":0,"engagementScore":0,"combinedScore":0,"engagementSEI":0,"engagementSEIadj":0,"voiceSEI":0,"voiceSEIadj":0,"audienceSEI":0,"audienceSEIadj":0,"SEI":0,"SEIadj":0,"combinedScoreRank":163,"SEIrank":145,"engagementSEIrank":144,"voiceSEIrank":143,"audienceSEIrank":145},"non_scoped":{"SEI":0,"SEIrank":145,"SEIadj":0,"audienceSEI":0,"audienceSEIadj":0,"audienceSEIrank":145,"audienceScore":0,"combinedScore":0,"combinedScoreRank":145,"engagementSEI":0,"engagementSEIadj":0,"engagementSEIrank":144,"engagementScore":0,"voiceSEI":0,"voiceSEIadj":0,"voiceSEIrank":143,"voiceScore":0},"scoped":{"SEI":0,"SEIrank":127,"SEIadj":0,"audienceSEI":0,"audienceSEIadj":0,"audienceSEIrank":127,"audienceScore":0,"combinedScore":0,"combinedScoreRank":127,"engagementSEI":0,"engagementSEIadj":0,"engagementSEIrank":127,"engagementScore":0,"voiceSEI":0,"voiceSEIadj":0,"voiceSEIrank":127,"voiceScore":0}}},"hour":{"boundaryQuantum":4984410,"combined":{"entityString":"536575feb08f37d80186a0d2","type":"combined","profiles":2,"postsMade":0,"repliesMade":0,"repliesRcvd":0,"sharesMade":0,"sharesRcvd":0,"mentionsRcvd":0,"likesRcvd":0,"reachRcvd":0,"audience":24784,"voice":0,"conversation":0,"engagement":0,"group_scoped":{"audienceScore":0.6293255977882192,"voiceScore":0,"engagementScore":0,"combinedScore":0.6293255977882192,"combinedScoreRank":93,"SEIrank":121,"engagementSEIrank":161,"voiceSEIrank":146,"audienceSEIrank":114,"engagementSEI":0,"engagementSEIadj":0,"voiceSEI":0,"voiceSEIadj":0,"audienceSEI":0.9858047928314363,"audienceSEIadj":0.9858047928314363,"SEI":0.09858047928314363,"SEIadj":0.09858047928314363},"non_scoped":{"SEI":0.09858047928314363,"SEIrank":75,"SEIadj":0,"audienceSEI":0.9858047928314363,"audienceSEIadj":0,"audienceSEIrank":65,"audienceScore":0.18252514673485534,"combinedScore":0.009126257336742768,"combinedScoreRank":84,"engagementSEI":0,"engagementSEIadj":0,"engagementSEIrank":161,"engagementScore":0,"voiceSEI":0,"voiceSEIadj":0,"voiceSEIrank":146,"voiceScore":0},"scoped":{"SEI":1.2941158041490657,"SEIrank":63,"SEIadj":0,"audienceSEI":12.941158041490656,"audienceSEIadj":0,"audienceSEIrank":54,"audienceScore":0.5273915250071552,"combinedScore":0.026369576250357765,"combinedScoreRank":76,"engagementSEI":0,"engagementSEIadj":0,"engagementSEIrank":141,"engagementScore":0,"voiceSEI":0,"voiceSEIadj":0,"voiceSEIrank":128,"voiceScore":0}},"facebook":{"entityString":"536575feb08f37d80186a0d2","type":"facebook","profiles":1,"postsMade":0,"repliesMade":0,"repliesRcvd":0,"sharesMade":0,"sharesRcvd":0,"mentionsRcvd":0,"likesRcvd":0,"reachRcvd":0,"audience":14500,"voice":0,"conversation":0,"engagement":0,"group_scoped":{"audienceScore":0.561053666524404,"voiceScore":0,"engagementScore":0,"combinedScore":0.561053666524404,"combinedScoreRank":72,"SEIrank":91,"engagementSEIrank":159,"voiceSEIrank":145,"audienceSEIrank":87,"engagementSEI":0,"engagementSEIadj":0,"voiceSEI":0,"voiceSEIadj":0,"audienceSEI":0.7880023650939951,"audienceSEIadj":0.7880023650939951,"SEI":0.07880023650939952,"SEIadj":0.07880023650939952},"non_scoped":{"SEI":0.07880023650939952,"SEIrank":62,"SEIadj":0,"audienceSEI":0.7880023650939951,"audienceSEIadj":0,"audienceSEIrank":57,"audienceScore":0.1511968008842406,"combinedScore":0.00755984004421203,"combinedScoreRank":69,"engagementSEI":0,"engagementSEIadj":0,"engagementSEIrank":159,"engagementScore":0,"voiceSEI":0,"voiceSEIadj":0,"voiceSEIrank":145,"voiceScore":0},"scoped":{"SEI":1.0182512763253067,"SEIrank":57,"SEIadj":0,"audienceSEI":10.182512763253067,"audienceSEIadj":0,"audienceSEIrank":46,"audienceScore":0.623297484414339,"combinedScore":0.03116487422071695,"combinedScoreRank":58,"engagementSEI":0,"engagementSEIadj":0,"engagementSEIrank":139,"engagementScore":0,"voiceSEI":0,"voiceSEIadj":0,"voiceSEIrank":127,"voiceScore":0}},"twitter":{"entityString":"536575feb08f37d80186a0d2","type":"twitter","profiles":1,"postsMade":0,"repliesMade":0,"repliesRcvd":0,"sharesMade":0,"sharesRcvd":0,"mentionsRcvd":0,"likesRcvd":0,"reachRcvd":0,"audience":10284,"voice":0,"conversation":0,"engagement":0,"group_scoped":{"audienceScore":0.8334947533758401,"voiceScore":0,"engagementScore":0,"combinedScore":0.8334947533758401,"combinedScoreRank":156,"SEIrank":172,"engagementSEIrank":153,"voiceSEIrank":146,"audienceSEIrank":168,"engagementSEI":0,"engagementSEIadj":0,"voiceSEI":0,"voiceSEIadj":0,"audienceSEI":1.856076466596399,"audienceSEIadj":1.856076466596399,"SEI":0.1856076466596399,"SEIadj":0.1856076466596399},"non_scoped":{"SEI":0.1856076466596399,"SEIrank":80,"SEIadj":0,"audienceSEI":1.856076466596399,"audienceSEIadj":0,"audienceSEIrank":69,"audienceScore":0.3003825759412367,"combinedScore":0.015019128797061835,"combinedScoreRank":80,"engagementSEI":0,"engagementSEIadj":0,"engagementSEIrank":153,"engagementScore":0,"voiceSEI":0,"voiceSEIadj":0,"voiceSEIrank":146,"voiceScore":0},"scoped":{"SEI":0.882269673910246,"SEIrank":69,"SEIadj":0,"audienceSEI":8.82269673910246,"audienceSEIadj":0,"audienceSEIrank":58,"audienceScore":0.4768688026531044,"combinedScore":0.02384344013265522,"combinedScoreRank":69,"engagementSEI":0,"engagementSEIadj":0,"engagementSEIrank":135,"engagementScore":0,"voiceSEI":0,"voiceSEIadj":0,"voiceSEIrank":128,"voiceScore":0}},"instagram":{"entityString":"536575feb08f37d80186a0d2","type":"instagram","profiles":0,"postsMade":0,"repliesMade":0,"repliesRcvd":0,"sharesMade":0,"sharesRcvd":0,"mentionsRcvd":0,"likesRcvd":0,"reachRcvd":0,"audience":0,"voice":0,"conversation":0,"engagement":0,"group_scoped":{"audienceScore":0,"voiceScore":0,"engagementScore":0,"combinedScore":0,"combinedScoreRank":163,"SEIrank":145,"engagementSEIrank":144,"voiceSEIrank":143,"audienceSEIrank":145,"engagementSEI":0,"engagementSEIadj":0,"voiceSEI":0,"voiceSEIadj":0,"audienceSEI":0,"audienceSEIadj":0,"SEI":0,"SEIadj":0},"non_scoped":{"SEI":0,"SEIrank":145,"SEIadj":0,"audienceSEI":0,"audienceSEIadj":0,"audienceSEIrank":145,"audienceScore":0,"combinedScore":0,"combinedScoreRank":145,"engagementSEI":0,"engagementSEIadj":0,"engagementSEIrank":144,"engagementScore":0,"voiceSEI":0,"voiceSEIadj":0,"voiceSEIrank":143,"voiceScore":0},"scoped":{"SEI":0,"SEIrank":127,"SEIadj":0,"audienceSEI":0,"audienceSEIadj":0,"audienceSEIrank":127,"audienceScore":0,"combinedScore":0,"combinedScoreRank":127,"engagementSEI":0,"engagementSEIadj":0,"engagementSEIrank":127,"engagementScore":0,"voiceSEI":0,"voiceSEIadj":0,"voiceSEIrank":127,"voiceScore":0}}},"today":{"boundaryQuantum":4984134,"combined":{"entityString":"536575feb08f37d80186a0d2","type":"combined","profiles":2,"postsMade":0,"repliesMade":0,"repliesRcvd":1,"sharesMade":0,"sharesRcvd":0,"mentionsRcvd":0,"likesRcvd":9,"reachRcvd":0,"audience":24784,"voice":0,"conversation":1,"engagement":10,"group_scoped":{"audienceScore":0.6293255977882192,"voiceScore":0,"engagementScore":0.009368471346530386,"combinedScore":0.09793377512391449,"combinedScoreRank":178,"SEIrank":152,"engagementSEIrank":135,"voiceSEIrank":177,"audienceSEIrank":114,"engagementSEI":0.010363875674947403,"engagementSEIadj":0.010363875674947403,"voiceSEI":0,"voiceSEIadj":0,"audienceSEI":0.9858047928314363,"audienceSEIadj":0.9858047928314363,"SEI":0.10479880468811208,"SEIadj":0.10479880468811208},"non_scoped":{"SEI":0.10165278602224846,"SEIrank":124,"SEIadj":0,"audienceSEI":0.9858047928314363,"audienceSEIadj":0,"audienceSEIrank":65,"audienceScore":0.18252514673485534,"combinedScore":0.011527589275524813,"combinedScoreRank":119,"engagementSEI":0.005120511231841387,"engagementSEIadj":0,"engagementSEIrank":101,"engagementScore":0.002668146598646716,"voiceSEI":0,"voiceSEIadj":0,"voiceSEIrank":177,"voiceScore":0},"scoped":{"SEI":1.327859688070105,"SEIrank":103,"SEIadj":0,"audienceSEI":12.941158041490656,"audienceSEIadj":0,"audienceSEIrank":54,"audienceScore":0.5273915250071552,"combinedScore":0.05042860105788557,"combinedScoreRank":96,"engagementSEI":0.05623980653506552,"engagementSEIadj":0,"engagementSEIrank":90,"engagementScore":0.026732249786142002,"voiceSEI":0,"voiceSEIadj":0,"voiceSEIrank":157,"voiceScore":0}},"facebook":{"entityString":"536575feb08f37d80186a0d2","type":"facebook","profiles":1,"postsMade":0,"repliesMade":0,"repliesRcvd":1,"sharesMade":0,"sharesRcvd":0,"mentionsRcvd":0,"likesRcvd":8,"reachRcvd":0,"audience":14500,"voice":0,"conversation":1,"engagement":9,"group_scoped":{"audienceScore":0.561053666524404,"voiceScore":0,"engagementScore":0.009182174338883447,"combinedScore":0.08802095893681496,"combinedScoreRank":141,"SEIrank":104,"engagementSEIrank":92,"voiceSEIrank":163,"audienceSEIrank":87,"engagementSEI":0.010049690134554184,"engagementSEIadj":0.010049690134554184,"voiceSEI":0,"voiceSEIadj":0,"audienceSEI":0.7880023650939951,"audienceSEIadj":0.7880023650939951,"SEI":0.08483005059013203,"SEIadj":0.08483005059013203},"non_scoped":{"SEI":0.0816754521505726,"SEIrank":83,"SEIadj":0,"audienceSEI":0.7880023650939951,"audienceSEIadj":0,"audienceSEIrank":57,"audienceScore":0.1511968008842406,"combinedScore":0.009983096122546026,"combinedScoreRank":85,"engagementSEI":0.0047920260686218135,"engagementSEIadj":0,"engagementSEIrank":73,"engagementScore":0.0026925067537044403,"voiceSEI":0,"voiceSEIadj":0,"voiceSEIrank":163,"voiceScore":0},"scoped":{"SEI":1.1721851417757057,"SEIrank":74,"SEIadj":0,"audienceSEI":10.182512763253067,"audienceSEIadj":0,"audienceSEIrank":46,"audienceScore":0.623297484414339,"combinedScore":0.08507861223988628,"combinedScoreRank":76,"engagementSEI":0.25655644241733183,"engagementSEIadj":0,"engagementSEIrank":63,"engagementScore":0.05990415335463259,"voiceSEI":0,"voiceSEIadj":0,"voiceSEIrank":144,"voiceScore":0}},"twitter":{"entityString":"536575feb08f37d80186a0d2","type":"twitter","profiles":1,"postsMade":0,"repliesMade":0,"repliesRcvd":0,"sharesMade":0,"sharesRcvd":0,"mentionsRcvd":0,"likesRcvd":1,"reachRcvd":0,"audience":10284,"voice":0,"conversation":0,"engagement":1,"group_scoped":{"audienceScore":0.8334947533758401,"voiceScore":0,"engagementScore":0.029612081729345572,"combinedScore":0.1444524633931305,"combinedScoreRank":217,"SEIrank":185,"engagementSEIrank":128,"voiceSEIrank":172,"audienceSEIrank":168,"engagementSEI":0.06305170239596469,"engagementSEIadj":0.06305170239596469,"voiceSEI":0,"voiceSEIadj":0,"audienceSEI":1.856076466596399,"audienceSEIadj":1.856076466596399,"SEI":0.22343866809721874,"SEIadj":0.22343866809721874},"non_scoped":{"SEI":0.22343866809721874,"SEIrank":127,"SEIadj":0,"audienceSEI":1.856076466596399,"audienceSEIadj":0,"audienceSEIrank":69,"audienceScore":0.3003825759412367,"combinedScore":0.02926414304207608,"combinedScoreRank":123,"engagementSEI":0.06305170239596469,"engagementSEIadj":0,"engagementSEIrank":119,"engagementScore":0.015827793605571384,"voiceSEI":0,"voiceSEIadj":0,"voiceSEIrank":172,"voiceScore":0},"scoped":{"SEI":0.9937938374790193,"SEIrank":113,"SEIadj":0,"audienceSEI":8.82269673910246,"audienceSEIadj":0,"audienceSEIrank":58,"audienceScore":0.4768688026531044,"combinedScore":0.048878210647258835,"combinedScoreRank":111,"engagementSEI":0.18587360594795538,"engagementSEIadj":0,"engagementSEIrank":108,"engagementScore":0.027816411682892908,"voiceSEI":0,"voiceSEIadj":0,"voiceSEIrank":152,"voiceScore":0}},"instagram":{"entityString":"536575feb08f37d80186a0d2","type":"instagram","profiles":0,"postsMade":0,"repliesMade":0,"repliesRcvd":0,"sharesMade":0,"sharesRcvd":0,"mentionsRcvd":0,"likesRcvd":0,"reachRcvd":0,"audience":0,"voice":0,"conversation":0,"engagement":0,"group_scoped":{"audienceScore":0,"voiceScore":0,"engagementScore":0,"combinedScore":0,"combinedScoreRank":163,"SEIrank":145,"engagementSEIrank":145,"voiceSEIrank":145,"audienceSEIrank":145,"engagementSEI":0,"engagementSEIadj":0,"voiceSEI":0,"voiceSEIadj":0,"audienceSEI":0,"audienceSEIadj":0,"SEI":0,"SEIadj":0},"non_scoped":{"SEI":0,"SEIrank":145,"SEIadj":0,"audienceSEI":0,"audienceSEIadj":0,"audienceSEIrank":145,"audienceScore":0,"combinedScore":0,"combinedScoreRank":145,"engagementSEI":0,"engagementSEIadj":0,"engagementSEIrank":145,"engagementScore":0,"voiceSEI":0,"voiceSEIadj":0,"voiceSEIrank":145,"voiceScore":0},"scoped":{"SEI":0,"SEIrank":127,"SEIadj":0,"audienceSEI":0,"audienceSEIadj":0,"audienceSEIrank":127,"audienceScore":0,"combinedScore":0,"combinedScoreRank":127,"engagementSEI":0,"engagementSEIadj":0,"engagementSEIrank":127,"engagementScore":0,"voiceSEI":0,"voiceSEIadj":0,"voiceSEIrank":127,"voiceScore":0}}},"week":{"boundaryQuantum":4982406,"combined":{"entityString":"536575feb08f37d80186a0d2","type":"combined","profiles":2,"postsMade":13,"repliesMade":0,"repliesRcvd":17,"sharesMade":0,"sharesRcvd":5,"mentionsRcvd":0,"likesRcvd":170,"reachRcvd":0,"audience":24784,"voice":13,"conversation":30,"engagement":192,"group_scoped":{"audienceScore":0.6293255977882192,"voiceScore":0.5903723887375113,"engagementScore":0.023635947321382408,"combinedScore":0.0822572519155307,"combinedScoreRank":167,"SEIrank":131,"engagementSEIrank":145,"voiceSEIrank":119,"audienceSEIrank":114,"engagementSEI":0.026129345704852706,"engagementSEIadj":0.026129345704852706,"voiceSEI":1.5116279069767442,"voiceSEIadj":1.5116279069767442,"audienceSEI":0.9858047928314363,"audienceSEIadj":0.9858047928314363,"SEI":0.5677464587990785,"SEIadj":0.5677464587990785},"non_scoped":{"SEI":0.5638566465059247,"SEIrank":109,"SEIadj":0,"audienceSEI":0.9858047928314363,"audienceSEIadj":0,"audienceSEIrank":65,"audienceScore":0.18252514673485534,"combinedScore":0.02341290957580057,"combinedScoreRank":102,"engagementSEI":0.019646325216263062,"engagementSEIadj":0,"engagementSEIrank":98,"engagementScore":0.008007570490601322,"voiceSEI":1.5116279069767442,"voiceSEIadj":0,"voiceSEIrank":105,"voiceScore":0.1415967759503322},"scoped":{"SEI":3.4339913876044155,"SEIrank":94,"SEIadj":0,"audienceSEI":12.941158041490656,"audienceSEIadj":0,"audienceSEIrank":54,"audienceScore":0.5273915250071552,"combinedScore":0.1251363133150426,"combinedScoreRank":87,"engagementSEI":0.6385313778309887,"engagementSEIadj":0,"engagementSEIrank":88,"engagementScore":0.09325549090273258,"voiceSEI":5.8558558558558556,"voiceSEIadj":0,"voiceSEIrank":95,"voiceScore":0.2967359050445104}},"facebook":{"entityString":"536575feb08f37d80186a0d2","type":"facebook","profiles":1,"postsMade":9,"repliesMade":0,"repliesRcvd":17,"sharesMade":0,"sharesRcvd":4,"mentionsRcvd":0,"likesRcvd":149,"reachRcvd":0,"audience":14500,"voice":9,"conversation":26,"engagement":170,"group_scoped":{"audienceScore":0.561053666524404,"voiceScore":1.005586592178771,"engagementScore":0.023332962750983757,"combinedScore":0.09933167941104412,"combinedScoreRank":123,"SEIrank":74,"engagementSEIrank":94,"voiceSEIrank":58,"audienceSEIrank":87,"engagementSEI":0.02557471653435512,"engagementSEIadj":0.02557471653435512,"voiceSEI":2.694610778443114,"voiceSEIadj":2.694610778443114,"audienceSEI":0.7880023650939951,"audienceSEIadj":0.7880023650939951,"SEI":0.9025282999629467,"SEIadj":0.9025282999629467},"non_scoped":{"SEI":0.7768011016998484,"SEIrank":52,"SEIadj":0,"audienceSEI":0.7880023650939951,"audienceSEIadj":0,"audienceSEIrank":57,"audienceScore":0.1511968008842406,"combinedScore":0.028492802465164172,"combinedScoreRank":78,"engagementSEI":0.018296607378483622,"engagementSEIadj":0,"engagementSEIrank":80,"engagementScore":0.0078124461458216055,"voiceSEI":2.2900763358778624,"voiceSEIadj":0,"voiceSEIrank":49,"voiceScore":0.27803521779425394},"scoped":{"SEI":4.862098493746669,"SEIrank":65,"SEIadj":0,"audienceSEI":10.182512763253067,"audienceSEIadj":0,"audienceSEIrank":46,"audienceScore":0.623297484414339,"combinedScore":0.18262792453587323,"combinedScoreRank":72,"engagementSEI":1.2927756653992395,"engagementSEIadj":0,"engagementSEIrank":70,"engagementScore":0.12591939677201922,"voiceSEI":10.227272727272728,"voiceSEIadj":0,"voiceSEIrank":40,"voiceScore":0.7627118644067797}},"twitter":{"entityString":"536575feb08f37d80186a0d2","type":"twitter","profiles":1,"postsMade":4,"repliesMade":0,"repliesRcvd":0,"sharesMade":0,"sharesRcvd":1,"mentionsRcvd":0,"likesRcvd":21,"reachRcvd":0,"audience":10284,"voice":4,"conversation":4,"engagement":22,"group_scoped":{"audienceScore":0.8334947533758401,"voiceScore":0.31645569620253167,"engagementScore":0.07520082037258588,"combinedScore":0.12517826081424588,"combinedScoreRank":210,"SEIrank":185,"engagementSEIrank":174,"voiceSEIrank":161,"audienceSEIrank":168,"engagementSEI":0.1409985259245017,"engagementSEIadj":0.1409985259245017,"voiceSEI":0.8281573498964804,"voiceSEIadj":0.8281573498964804,"audienceSEI":1.856076466596399,"audienceSEIadj":1.856076466596399,"SEI":0.518653967183285,"SEIadj":0.518653967183285},"non_scoped":{"SEI":0.518653967183285,"SEIrank":143,"SEIadj":0,"audienceSEI":1.856076466596399,"audienceSEIadj":0,"audienceSEIrank":69,"audienceScore":0.3003825759412367,"combinedScore":0.05079085040374291,"combinedScoreRank":133,"engagementSEI":0.1409985259245017,"engagementSEIadj":0,"engagementSEIrank":135,"engagementScore":0.03587151475623675,"voiceSEI":0.8281573498964804,"voiceSEIadj":0,"voiceSEIrank":147,"voiceScore":0.06974716652136008},"scoped":{"SEI":2.1260591951387915,"SEIrank":124,"SEIadj":0,"audienceSEI":8.82269673910246,"audienceSEIadj":0,"audienceSEIrank":58,"audienceScore":0.4768688026531044,"combinedScore":0.09816709630508438,"combinedScoreRank":123,"engagementSEI":0.8384146341463415,"engagementSEIadj":0,"engagementSEIrank":124,"engagementScore":0.07550018875047187,"voiceSEI":2.4691358024691357,"voiceSEIadj":0,"voiceSEIrank":136,"voiceScore":0.12746972594008923}},"instagram":{"entityString":"536575feb08f37d80186a0d2","type":"instagram","profiles":0,"postsMade":0,"repliesMade":0,"repliesRcvd":0,"sharesMade":0,"sharesRcvd":0,"mentionsRcvd":0,"likesRcvd":0,"reachRcvd":0,"audience":0,"voice":0,"conversation":0,"engagement":0,"group_scoped":{"audienceScore":0,"voiceScore":0,"engagementScore":0,"combinedScore":0,"combinedScoreRank":163,"SEIrank":145,"engagementSEIrank":145,"voiceSEIrank":145,"audienceSEIrank":145,"engagementSEI":0,"engagementSEIadj":0,"voiceSEI":0,"voiceSEIadj":0,"audienceSEI":0,"audienceSEIadj":0,"SEI":0,"SEIadj":0},"non_scoped":{"SEI":0,"SEIrank":145,"SEIadj":0,"audienceSEI":0,"audienceSEIadj":0,"audienceSEIrank":145,"audienceScore":0,"combinedScore":0,"combinedScoreRank":145,"engagementSEI":0,"engagementSEIadj":0,"engagementSEIrank":145,"engagementScore":0,"voiceSEI":0,"voiceSEIadj":0,"voiceSEIrank":145,"voiceScore":0},"scoped":{"SEI":0,"SEIrank":127,"SEIadj":0,"audienceSEI":0,"audienceSEIadj":0,"audienceSEIrank":127,"audienceScore":0,"combinedScore":0,"combinedScoreRank":127,"engagementSEI":0,"engagementSEIadj":0,"engagementSEIrank":127,"engagementScore":0,"voiceSEI":0,"voiceSEIadj":0,"voiceSEIrank":127,"voiceScore":0}}},"month":{"boundaryQuantum":4975782,"combined":{"entityString":"536575feb08f37d80186a0d2","type":"combined","profiles":2,"postsMade":53,"repliesMade":0,"repliesRcvd":302,"sharesMade":0,"sharesRcvd":141,"mentionsRcvd":0,"likesRcvd":1526,"reachRcvd":0,"audience":24784,"voice":53,"conversation":355,"engagement":1969,"group_scoped":{"audienceScore":0.6293255977882192,"voiceScore":0.5681209132811662,"engagementScore":0.06345396461595527,"combinedScore":0.11698089370782902,"combinedScoreRank":138,"SEIrank":136,"engagementSEIrank":119,"voiceSEIrank":131,"audienceSEIrank":114,"engagementSEI":0.07272899197764868,"engagementSEIadj":0.07272899197764868,"voiceSEI":1.4644929538546558,"voiceSEIadj":1.4644929538546558,"audienceSEI":0.9858047928314363,"audienceSEIadj":0.9858047928314363,"SEI":0.5815657606261295,"SEIadj":0.5815657606261295},"non_scoped":{"SEI":0.5705291245234076,"SEIrank":110,"SEIadj":0,"audienceSEI":0.9858047928314363,"audienceSEIadj":0,"audienceSEIrank":65,"audienceScore":0.18252514673485534,"combinedScore":0.03540307829442792,"combinedScoreRank":88,"engagementSEI":0.054334598473112235,"engagementSEIadj":0,"engagementSEIrank":75,"engagementScore":0.02139971294605468,"voiceSEI":1.4644929538546558,"voiceSEIadj":0,"voiceSEIrank":112,"voiceScore":0.14034158612471864},"scoped":{"SEI":4.060656761081553,"SEIrank":86,"SEIadj":0,"audienceSEI":12.941158041490656,"audienceSEIadj":0,"audienceSEIrank":54,"audienceScore":0.5273915250071552,"combinedScore":0.2279503569283235,"combinedScoreRank":71,"engagementSEI":1.8214279106769533,"engagementSEIadj":0,"engagementSEIrank":66,"engagementScore":0.20753841937727935,"voiceSEI":5.578947368421053,"voiceSEIadj":0,"voiceSEIrank":102,"voiceScore":0.29592406476828587}},"facebook":{"entityString":"536575feb08f37d80186a0d2","type":"facebook","profiles":1,"postsMade":30,"repliesMade":0,"repliesRcvd":302,"sharesMade":0,"sharesRcvd":106,"mentionsRcvd":0,"likesRcvd":1249,"reachRcvd":0,"audience":14500,"voice":30,"conversation":332,"engagement":1657,"group_scoped":{"audienceScore":0.561053666524404,"voiceScore":0.809498111171074,"engagementScore":0.06037490007352839,"combinedScore":0.12286499895094946,"combinedScoreRank":107,"SEIrank":85,"engagementSEIrank":89,"voiceSEIrank":70,"audienceSEIrank":87,"engagementSEI":0.06903180087179207,"engagementSEIadj":0.06903180087179207,"voiceSEI":2.0775623268698062,"voiceSEIadj":2.0775623268698062,"audienceSEI":0.7880023650939951,"audienceSEIadj":0.7880023650939951,"SEI":0.7434880150934166,"SEIadj":0.7434880150934166},"non_scoped":{"SEI":0.6814391218495381,"SEIrank":67,"SEIadj":0,"audienceSEI":0.7880023650939951,"audienceSEIadj":0,"audienceSEIrank":57,"audienceScore":0.1511968008842406,"combinedScore":0.03660105414584827,"combinedScoreRank":70,"engagementSEI":0.04837519768289518,"engagementSEIadj":0,"engagementSEIrank":65,"engagementScore":0.020035599766344038,"voiceSEI":1.9120458891013385,"voiceSEIadj":0,"voiceSEIrank":60,"voiceScore":0.22018348623853212},"scoped":{"SEI":5.032880784692784,"SEIrank":63,"SEIadj":0,"audienceSEI":10.182512763253067,"audienceSEIadj":0,"audienceSEIrank":46,"audienceScore":0.623297484414339,"combinedScore":0.28191935601470286,"combinedScoreRank":57,"engagementSEI":1.7890883962987356,"engagementSEIadj":0,"engagementSEIrank":56,"engagementScore":0.24451898231701288,"voiceSEI":9.803921568627452,"voiceSEIadj":0,"voiceSEIrank":51,"voiceScore":0.613747954173486}},"twitter":{"entityString":"536575feb08f37d80186a0d2","type":"twitter","profiles":1,"postsMade":23,"repliesMade":0,"repliesRcvd":0,"sharesMade":0,"sharesRcvd":35,"mentionsRcvd":0,"likesRcvd":277,"reachRcvd":0,"audience":10284,"voice":23,"conversation":23,"engagement":312,"group_scoped":{"audienceScore":0.8334947533758401,"voiceScore":0.4227941176470588,"engagementScore":0.2857561547479484,"combinedScore":0.31999498282429856,"combinedScoreRank":172,"SEIrank":171,"engagementSEIrank":160,"voiceSEIrank":154,"audienceSEIrank":168,"engagementSEI":0.5413565144969028,"engagementSEIadj":0.5413565144969028,"voiceSEI":1.1546184738955823,"voiceSEIadj":1.1546184738955823,"audienceSEI":1.856076466596399,"audienceSEIadj":1.856076466596399,"SEI":0.8568070975264563,"SEIadj":0.8568070975264563},"non_scoped":{"SEI":0.8568070975264563,"SEIrank":119,"SEIadj":0,"audienceSEI":1.856076466596399,"audienceSEIadj":0,"audienceSEIrank":69,"audienceScore":0.3003825759412367,"combinedScore":0.13634249745596871,"combinedScoreRank":103,"engagementSEI":0.5413565144969028,"engagementSEIadj":0,"engagementSEIrank":100,"engagementScore":0.12932160043770388,"voiceSEI":1.1546184738955823,"voiceSEIadj":0,"voiceSEIrank":135,"voiceScore":0.098678565299468},"scoped":{"SEI":3.8003984525006995,"SEIrank":104,"SEIadj":0,"audienceSEI":8.82269673910246,"audienceSEIadj":0,"audienceSEIrank":58,"audienceScore":0.4768688026531044,"combinedScore":0.26909038387657214,"combinedScoreRank":92,"engagementSEI":3.0778336786031373,"engagementSEIadj":0,"engagementSEIrank":90,"engagementScore":0.2625069412893129,"voiceSEI":3.571428571428571,"voiceSEIadj":0,"voiceSEIrank":124,"voiceScore":0.17981393167070597}},"instagram":{"entityString":"536575feb08f37d80186a0d2","type":"instagram","profiles":0,"postsMade":0,"repliesMade":0,"repliesRcvd":0,"sharesMade":0,"sharesRcvd":0,"mentionsRcvd":0,"likesRcvd":0,"reachRcvd":0,"audience":0,"voice":0,"conversation":0,"engagement":0,"group_scoped":{"audienceScore":0,"voiceScore":0,"engagementScore":0,"combinedScore":0,"combinedScoreRank":163,"SEIrank":145,"engagementSEIrank":145,"voiceSEIrank":145,"audienceSEIrank":145,"engagementSEI":0,"engagementSEIadj":0,"voiceSEI":0,"voiceSEIadj":0,"audienceSEI":0,"audienceSEIadj":0,"SEI":0,"SEIadj":0},"non_scoped":{"SEI":0,"SEIrank":145,"SEIadj":0,"audienceSEI":0,"audienceSEIadj":0,"audienceSEIrank":145,"audienceScore":0,"combinedScore":0,"combinedScoreRank":145,"engagementSEI":0,"engagementSEIadj":0,"engagementSEIrank":145,"engagementScore":0,"voiceSEI":0,"voiceSEIadj":0,"voiceSEIrank":145,"voiceScore":0},"scoped":{"SEI":0,"SEIrank":127,"SEIadj":0,"audienceSEI":0,"audienceSEIadj":0,"audienceSEIrank":127,"audienceScore":0,"combinedScore":0,"combinedScoreRank":127,"engagementSEI":0,"engagementSEIadj":0,"engagementSEIrank":127,"engagementScore":0,"voiceSEI":0,"voiceSEIadj":0,"voiceSEIrank":127,"voiceScore":0}}},"quarter":{"boundaryQuantum":4958502,"combined":{"entityString":"536575feb08f37d80186a0d2","type":"combined","profiles":2,"postsMade":166,"repliesMade":0,"repliesRcvd":3969,"sharesMade":0,"sharesRcvd":1288,"mentionsRcvd":0,"likesRcvd":8167,"reachRcvd":0,"audience":24784,"voice":166,"conversation":4135,"engagement":13424,"group_scoped":{"audienceScore":0.6293255977882192,"voiceScore":0.5885689973053467,"engagementScore":0.1394434291698743,"combinedScore":0.18639381600756516,"combinedScoreRank":115,"SEIrank":122,"engagementSEIrank":92,"voiceSEIrank":125,"audienceSEIrank":114,"engagementSEI":0.1582321564188046,"engagementSEIadj":0.1582321564188046,"voiceSEI":1.5502428091146805,"voiceSEIadj":1.5502428091146805,"audienceSEI":0.9858047928314363,"audienceSEIadj":0.9858047928314363,"SEI":0.6585926158688306,"SEIadj":0.6585926158688306},"non_scoped":{"SEI":0.6339132499048179,"SEIrank":101,"SEIadj":0,"audienceSEI":0.9858047928314363,"audienceSEIadj":0,"audienceSEIrank":65,"audienceScore":0.18252514673485534,"combinedScore":0.057325473905426284,"combinedScoreRank":66,"engagementSEI":0.11709987981211681,"engagementSEIadj":0,"engagementSEIrank":56,"engagementScore":0.04535132070856709,"voiceSEI":1.5502428091146805,"voiceSEIadj":0,"voiceSEIrank":105,"voiceScore":0.14766055861946273},"scoped":{"SEI":4.862468043204983,"SEIrank":80,"SEIadj":0,"audienceSEI":12.941158041490656,"audienceSEIadj":0,"audienceSEIrank":54,"audienceScore":0.5273915250071552,"combinedScore":0.4406840521794422,"combinedScoreRank":49,"engagementSEI":2.716424615372163,"engagementSEIadj":0,"engagementSEIrank":47,"engagementScore":0.4430974306026376,"voiceSEI":6.4616582327754,"voiceSEIadj":0,"voiceSEIrank":95,"voiceScore":0.3105357677342113}},"facebook":{"entityString":"536575feb08f37d80186a0d2","type":"facebook","profiles":1,"postsMade":91,"repliesMade":0,"repliesRcvd":3969,"sharesMade":0,"sharesRcvd":1164,"mentionsRcvd":0,"likesRcvd":7202,"reachRcvd":0,"audience":14500,"voice":91,"conversation":4060,"engagement":12335,"group_scoped":{"audienceScore":0.561053666524404,"voiceScore":0.8071669327656554,"engagementScore":0.14522714832866335,"combinedScore":0.1991154634603,"combinedScoreRank":81,"SEIrank":83,"engagementSEIrank":70,"voiceSEIrank":65,"audienceSEIrank":87,"engagementSEI":0.1638219725971726,"engagementSEIadj":0.1638219725971726,"voiceSEI":2.190132370637786,"voiceSEIadj":2.190132370637786,"audienceSEI":0.7880023650939951,"audienceSEIadj":0.7880023650939951,"SEI":0.8341331312590388,"SEIadj":0.8341331312590388},"non_scoped":{"SEI":0.7188058119595016,"SEIrank":64,"SEIadj":0,"audienceSEI":0.7880023650939951,"audienceSEIadj":0,"audienceSEIrank":57,"audienceScore":0.1511968008842406,"combinedScore":0.06049153365130069,"combinedScoreRank":52,"engagementSEI":0.11139567354917633,"engagementSEIadj":0,"engagementSEIrank":48,"engagementScore":0.046358431516307065,"voiceSEI":1.9105605710686542,"voiceSEIadj":0,"voiceSEIrank":57,"voiceScore":0.22418210484824597},"scoped":{"SEI":10.6409939478242,"SEIrank":44,"SEIadj":0,"audienceSEI":10.182512763253067,"audienceSEIadj":0,"audienceSEIrank":46,"audienceScore":0.623297484414339,"combinedScore":0.6198929752800438,"combinedScoreRank":39,"engagementSEI":10.489123964693277,"engagementSEIadj":0,"engagementSEIrank":39,"engagementScore":0.6196381333394954,"voiceSEI":11.097560975609756,"voiceSEIadj":0,"voiceSEIrank":48,"voiceScore":0.6210756210756211}},"twitter":{"entityString":"536575feb08f37d80186a0d2","type":"twitter","profiles":1,"postsMade":75,"repliesMade":0,"repliesRcvd":0,"sharesMade":0,"sharesRcvd":124,"mentionsRcvd":0,"likesRcvd":965,"reachRcvd":0,"audience":10284,"voice":75,"conversation":75,"engagement":1089,"group_scoped":{"audienceScore":0.8334947533758401,"voiceScore":0.45773573390296,"engagementScore":0.2793009525470503,"combinedScore":0.3159323816562853,"combinedScoreRank":172,"SEIrank":168,"engagementSEIrank":166,"voiceSEIrank":149,"audienceSEIrank":168,"engagementSEI":0.5164270268219583,"engagementSEIadj":0.5164270268219583,"voiceSEI":1.2483355525965378,"voiceSEIadj":1.2483355525965378,"audienceSEI":1.856076466596399,"audienceSEIadj":1.856076466596399,"SEI":0.8699645285317763,"SEIadj":0.8699645285317763},"non_scoped":{"SEI":0.8699645285317763,"SEIrank":111,"SEIadj":0,"audienceSEI":1.856076466596399,"audienceSEIadj":0,"audienceSEIrank":69,"audienceScore":0.3003825759412367,"combinedScore":0.13833188215138748,"combinedScoreRank":99,"engagementSEI":0.5164270268219583,"engagementSEIadj":0,"engagementSEIrank":95,"engagementScore":0.13102801039561074,"voiceSEI":1.2483355525965378,"voiceSEIadj":0,"voiceSEIrank":128,"voiceScore":0.10775087996551971},"scoped":{"SEI":4.196985098561623,"SEIrank":97,"SEIadj":0,"audienceSEI":8.82269673910246,"audienceSEIadj":0,"audienceSEIrank":58,"audienceScore":0.4768688026531044,"combinedScore":0.27815510528751175,"combinedScoreRank":87,"engagementSEI":3.426036619895551,"engagementSEIadj":0,"engagementSEIrank":84,"engagementScore":0.27165100952399956,"voiceSEI":4.196978175713487,"voiceSEIadj":0,"voiceSEIrank":118,"voiceScore":0.19651513166513823}},"instagram":{"entityString":"536575feb08f37d80186a0d2","type":"instagram","profiles":0,"postsMade":0,"repliesMade":0,"repliesRcvd":0,"sharesMade":0,"sharesRcvd":0,"mentionsRcvd":0,"likesRcvd":0,"reachRcvd":0,"audience":0,"voice":0,"conversation":0,"engagement":0,"group_scoped":{"audienceScore":0,"voiceScore":0,"engagementScore":0,"combinedScore":0,"combinedScoreRank":163,"SEIrank":145,"engagementSEIrank":145,"voiceSEIrank":145,"audienceSEIrank":145,"engagementSEI":0,"engagementSEIadj":0,"voiceSEI":0,"voiceSEIadj":0,"audienceSEI":0,"audienceSEIadj":0,"SEI":0,"SEIadj":0},"non_scoped":{"SEI":0,"SEIrank":145,"SEIadj":0,"audienceSEI":0,"audienceSEIadj":0,"audienceSEIrank":145,"audienceScore":0,"combinedScore":0,"combinedScoreRank":145,"engagementSEI":0,"engagementSEIadj":0,"engagementSEIrank":145,"engagementScore":0,"voiceSEI":0,"voiceSEIadj":0,"voiceSEIrank":145,"voiceScore":0},"scoped":{"SEI":0,"SEIrank":127,"SEIadj":0,"audienceSEI":0,"audienceSEIadj":0,"audienceSEIrank":127,"audienceScore":0,"combinedScore":0,"combinedScoreRank":127,"engagementSEI":0,"engagementSEIadj":0,"engagementSEIrank":127,"engagementScore":0,"voiceSEI":0,"voiceSEIadj":0,"voiceSEIrank":127,"voiceScore":0}}},"blended":{"combined":{"non_scoped":{"SEI":0.5767756268838099,"SEIadj":50.28838781344191,"SEIrank":107,"audienceSEI":0.9858047928314363,"audienceSEIadj":60.39432191713257,"audienceSEIrank":65,"engagementSEI":0.07285005280349623,"engagementSEIadj":60.0291400211214,"engagementSEIrank":67,"voiceSEI":1.4482837197285618,"voiceSEIadj":50.72414185986428,"voiceSEIrank":109},"scoped":{"SEI":15.144061431701662,"SEIadj":66.05762457268067,"SEIrank":45,"compCharisma":9,"compInfluence":3,"compEva":3.144061431701661,"audienceSEI":12.941158041490656,"audienceSEIadj":65.17646321659626,"audienceSEIrank":54,"engagementSEI":1.8257978979636742,"engagementSEIadj":60.73031915918547,"engagementSEIrank":59,"voiceSEI":5.8244279784076145,"voiceSEIadj":52.912213989203806,"voiceSEIrank":99}},"facebook":{"non_scoped":{"SEI":0.6987428773746647,"SEIadj":60.279497150949865,"SEIrank":65,"audienceSEI":0.7880023650939952,"audienceSEIadj":60.3152009460376,"audienceSEIrank":57,"engagementSEI":0.06868269994399862,"engagementSEIadj":60.0274730799776,"engagementSEIrank":59,"voiceSEI":1.9291100696628867,"voiceSEIadj":60.77164402786516,"voiceSEIrank":58},"scoped":{"SEI":7.592667896828804,"SEIadj":63.037067158731524,"SEIrank":54,"audienceSEI":10.182512763253067,"audienceSEIadj":64.07300510530122,"audienceSEIrank":46,"engagementSEI":5.913585763532088,"engagementSEIadj":62.36543430541283,"engagementSEIrank":46,"voiceSEI":10.087550541280814,"voiceSEIadj":64.03502021651232,"voiceSEIrank":49}},"twitter":{"non_scoped":{"SEI":0.7302714524547029,"SEIadj":50.36513572622735,"SEIrank":125,"audienceSEI":1.8560764665963987,"audienceSEIadj":50.928038233298196,"audienceSEIrank":69,"engagementSEI":0.3848691334826633,"engagementSEIadj":50.19243456674133,"engagementSEIrank":103,"voiceSEI":1.0458077523515503,"voiceSEIadj":50.522903876175775,"voiceSEIrank":140},"scoped":{"SEI":3.3560597675715047,"SEIadj":51.678029883785754,"SEIrank":108,"audienceSEI":8.82269673910246,"audienceSEIadj":63.52907869564098,"audienceSEIrank":58,"engagementSEI":2.4355114322795464,"engagementSEIadj":51.21775571613977,"engagementSEIrank":92,"voiceSEI":3.37494411431177,"voiceSEIadj":51.68747205715589,"voiceSEIrank":128}},"instagram":{"non_scoped":{"SEI":0,"SEIadj":0,"SEIrank":145,"audienceSEI":0,"audienceSEIadj":0,"audienceSEIrank":145,"engagementSEI":0,"engagementSEIadj":0,"engagementSEIrank":145,"voiceSEI":0,"voiceSEIadj":0,"voiceSEIrank":145},"scoped":{"SEI":0,"SEIadj":0,"SEIrank":127,"audienceSEI":0,"audienceSEIadj":0,"audienceSEIrank":127,"engagementSEI":0,"engagementSEIadj":0,"engagementSEIrank":127,"voiceSEI":0,"voiceSEIadj":0,"voiceSEIrank":127}},"influence":{"instagram":{"scope":"individual","ratio":0,"calculated":false},"combined":{"ratio":0.58,"bottom":false,"scope":"individual","calculated":true},"facebook":{"ratio":0.74,"bottom":false,"scope":"individual","calculated":true},"twitter":{"ratio":0.48,"bottom":false,"scope":"individual","calculated":true}},"charisma":{"instagram":{"scope":"individual","ratio":0,"calculated":false},"combined":{"ratio":1.57,"bottom":false,"scope":"individual","calculated":true},"facebook":{"ratio":0.89,"bottom":false,"scope":"individual","calculated":true},"twitter":{"ratio":1.41,"bottom":false,"scope":"individual","calculated":true}}},"scope":"individual"}}