{"scoreEntityString":"591d1494ab33fb0001804f89.asset.536575feb08f37d80186a13f","timeQuantum":4984422,"scoreEntityType":"asset","scoreProfileID":"591d1494ab33fb0001804f89","data":{"scoreEntityString":"591d1494ab33fb0001804f89.asset.536575feb08f37d80186a13f","scoreProfileID":"591d1494ab33fb0001804f89","scoreEntityType":"asset","entityID":"asset.536575feb08f37d80186a13f","object_version":"1.2","score_engine_version":"3.0.19","timestamp":4984422,"start_quantum":4958502,"end_quantum":4984421,"schedule_options":{"interval":15,"offset":"1"},"_15min":{"boundaryQuantum":4984419,"combined":{"entityString":"536575feb08f37d80186a13f","type":"combined","profiles":2,"postsMade":0,"repliesMade":0,"repliesRcvd":0,"sharesMade":0,"sharesRcvd":0,"mentionsRcvd":0,"likesRcvd":0,"reachRcvd":0,"audience":2213,"voice":0,"conversation":0,"engagement":0,"group_scoped":{"audienceScore":0.15176359168804593,"voiceScore":0,"engagementScore":0,"combinedScore":0.15176359168804593,"engagementSEI":0,"engagementSEIadj":0,"voiceSEI":0,"voiceSEIadj":0,"audienceSEI":0.347067569178267,"audienceSEIadj":0.347067569178267,"SEI":0.0347067569178267,"SEIadj":0.0347067569178267,"combinedScoreRank":204,"SEIrank":185,"engagementSEIrank":137,"voiceSEIrank":134,"audienceSEIrank":185},"non_scoped":{"SEI":0.008802396733924986,"SEIrank":209,"SEIadj":0,"audienceSEI":0.08802396733924986,"audienceSEIadj":0,"audienceSEIrank":209,"audienceScore":0.016297940192230263,"combinedScore":0.0008148970096115132,"combinedScoreRank":209,"engagementSEI":0,"engagementSEIadj":0,"engagementSEIrank":137,"engagementScore":0,"voiceSEI":0,"voiceSEIadj":0,"voiceSEIrank":134,"voiceScore":0},"scoped":{"SEI":0.11555351333852011,"SEIrank":189,"SEIadj":0,"audienceSEI":1.155535133385201,"audienceSEIadj":0,"audienceSEIrank":189,"audienceScore":0.047091568949355816,"combinedScore":0.006727366992765116,"combinedScoreRank":189,"engagementSEI":0,"engagementSEIadj":0,"engagementSEIrank":120,"engagementScore":0,"voiceSEI":0,"voiceSEIadj":0,"voiceSEIrank":118,"voiceScore":0}},"facebook":{"entityString":"536575feb08f37d80186a13f","type":"facebook","profiles":1,"postsMade":0,"repliesMade":0,"repliesRcvd":0,"sharesMade":0,"sharesRcvd":0,"mentionsRcvd":0,"likesRcvd":0,"reachRcvd":0,"audience":1,"voice":0,"conversation":0,"engagement":0,"group_scoped":{"audienceScore":0.00009959931196795293,"voiceScore":0,"engagementScore":0,"combinedScore":0.00009959931196795293,"engagementSEI":0,"engagementSEIadj":0,"voiceSEI":0,"voiceSEIadj":0,"audienceSEI":0.00018809084035225653,"audienceSEIadj":0.00018809084035225653,"SEI":0.000018809084035225653,"SEIadj":0.000018809084035225653,"combinedScoreRank":176,"SEIrank":176,"engagementSEIrank":136,"voiceSEIrank":134,"audienceSEIrank":176},"non_scoped":{"SEI":0.00000543449906961376,"SEIrank":178,"SEIadj":0,"audienceSEI":0.0000543449906961376,"audienceSEIadj":0,"audienceSEIrank":178,"audienceScore":0.00001042736557822349,"combinedScore":5.213682789111745e-7,"combinedScoreRank":178,"engagementSEI":0,"engagementSEIadj":0,"engagementSEIrank":136,"engagementScore":0,"voiceSEI":0,"voiceSEIadj":0,"voiceSEIrank":134,"voiceScore":0},"scoped":{"SEI":0.00007022422595346943,"SEIrank":162,"SEIadj":0,"audienceSEI":0.0007022422595346942,"audienceSEIadj":0,"audienceSEIrank":162,"audienceScore":0.000042986033407885445,"combinedScore":0.000006140861915412206,"combinedScoreRank":162,"engagementSEI":0,"engagementSEIadj":0,"engagementSEIrank":119,"engagementScore":0,"voiceSEI":0,"voiceSEIadj":0,"voiceSEIrank":118,"voiceScore":0}},"twitter":{"entityString":"536575feb08f37d80186a13f","type":"twitter","profiles":1,"postsMade":0,"repliesMade":0,"repliesRcvd":0,"sharesMade":0,"sharesRcvd":0,"mentionsRcvd":0,"likesRcvd":0,"reachRcvd":0,"audience":2212,"voice":0,"conversation":0,"engagement":0,"group_scoped":{"audienceScore":0.546400843808898,"voiceScore":0,"engagementScore":0,"combinedScore":0.546400843808898,"engagementSEI":0,"engagementSEIadj":0,"voiceSEI":0,"voiceSEIadj":0,"audienceSEI":1.8976862297641621,"audienceSEIadj":1.8976862297641621,"SEI":0.18976862297641622,"SEIadj":0.18976862297641622,"combinedScoreRank":186,"SEIrank":166,"engagementSEIrank":135,"voiceSEIrank":133,"audienceSEIrank":166},"non_scoped":{"SEI":0.03992260933597078,"SEIrank":191,"SEIadj":0,"audienceSEI":0.3992260933597077,"audienceSEIadj":0,"audienceSEIrank":191,"audienceScore":0.06460971003325706,"combinedScore":0.0032304855016628536,"combinedScoreRank":191,"engagementSEI":0,"engagementSEIadj":0,"engagementSEIrank":135,"engagementScore":0,"voiceSEI":0,"voiceSEIadj":0,"voiceSEIrank":133,"voiceScore":0},"scoped":{"SEI":0.18976862297641622,"SEIrank":173,"SEIadj":0,"audienceSEI":1.8976862297641621,"audienceSEIadj":0,"audienceSEIrank":173,"audienceScore":0.1025703803450668,"combinedScore":0.014652911477866685,"combinedScoreRank":173,"engagementSEI":0,"engagementSEIadj":0,"engagementSEIrank":119,"engagementScore":0,"voiceSEI":0,"voiceSEIadj":0,"voiceSEIrank":118,"voiceScore":0}},"instagram":{"entityString":"536575feb08f37d80186a13f","type":"instagram","profiles":0,"postsMade":0,"repliesMade":0,"repliesRcvd":0,"sharesMade":0,"sharesRcvd":0,"mentionsRcvd":0,"likesRcvd":0,"reachRcvd":0,"audience":0,"voice":0,"conversation":0,"engagement":0,"group_scoped":{"audienceScore":0,"voiceScore":0,"engagementScore":0,"combinedScore":0,"engagementSEI":0,"engagementSEIadj":0,"voiceSEI":0,"voiceSEIadj":0,"audienceSEI":0,"audienceSEIadj":0,"SEI":0,"SEIadj":0,"combinedScoreRank":153,"SEIrank":135,"engagementSEIrank":134,"voiceSEIrank":133,"audienceSEIrank":135},"non_scoped":{"SEI":0,"SEIrank":135,"SEIadj":0,"audienceSEI":0,"audienceSEIadj":0,"audienceSEIrank":135,"audienceScore":0,"combinedScore":0,"combinedScoreRank":135,"engagementSEI":0,"engagementSEIadj":0,"engagementSEIrank":134,"engagementScore":0,"voiceSEI":0,"voiceSEIadj":0,"voiceSEIrank":133,"voiceScore":0},"scoped":{"SEI":0,"SEIrank":118,"SEIadj":0,"audienceSEI":0,"audienceSEIadj":0,"audienceSEIrank":118,"audienceScore":0,"combinedScore":0,"combinedScoreRank":118,"engagementSEI":0,"engagementSEIadj":0,"engagementSEIrank":118,"engagementScore":0,"voiceSEI":0,"voiceSEIadj":0,"voiceSEIrank":118,"voiceScore":0}}},"hour":{"boundaryQuantum":4984410,"combined":{"entityString":"536575feb08f37d80186a13f","type":"combined","profiles":2,"postsMade":0,"repliesMade":0,"repliesRcvd":0,"sharesMade":0,"sharesRcvd":0,"mentionsRcvd":0,"likesRcvd":0,"reachRcvd":0,"audience":2213,"voice":0,"conversation":0,"engagement":0,"group_scoped":{"audienceScore":0.15176359168804593,"voiceScore":0,"engagementScore":0,"combinedScore":0.15176359168804593,"combinedScoreRank":199,"SEIrank":188,"engagementSEIrank":154,"voiceSEIrank":137,"audienceSEIrank":185,"engagementSEI":0,"engagementSEIadj":0,"voiceSEI":0,"voiceSEIadj":0,"audienceSEI":0.347067569178267,"audienceSEIadj":0.347067569178267,"SEI":0.0347067569178267,"SEIadj":0.0347067569178267},"non_scoped":{"SEI":0.008802396733924986,"SEIrank":210,"SEIadj":0,"audienceSEI":0.08802396733924986,"audienceSEIadj":0,"audienceSEIrank":209,"audienceScore":0.016297940192230263,"combinedScore":0.0008148970096115132,"combinedScoreRank":210,"engagementSEI":0,"engagementSEIadj":0,"engagementSEIrank":154,"engagementScore":0,"voiceSEI":0,"voiceSEIadj":0,"voiceSEIrank":137,"voiceScore":0},"scoped":{"SEI":0.11555351333852011,"SEIrank":189,"SEIadj":0,"audienceSEI":1.155535133385201,"audienceSEIadj":0,"audienceSEIrank":189,"audienceScore":0.047091568949355816,"combinedScore":0.002354578447467791,"combinedScoreRank":190,"engagementSEI":0,"engagementSEIadj":0,"engagementSEIrank":135,"engagementScore":0,"voiceSEI":0,"voiceSEIadj":0,"voiceSEIrank":120,"voiceScore":0}},"facebook":{"entityString":"536575feb08f37d80186a13f","type":"facebook","profiles":1,"postsMade":0,"repliesMade":0,"repliesRcvd":0,"sharesMade":0,"sharesRcvd":0,"mentionsRcvd":0,"likesRcvd":0,"reachRcvd":0,"audience":1,"voice":0,"conversation":0,"engagement":0,"group_scoped":{"audienceScore":0.00009959931196795293,"voiceScore":0,"engagementScore":0,"combinedScore":0.00009959931196795293,"combinedScoreRank":176,"SEIrank":176,"engagementSEIrank":152,"voiceSEIrank":135,"audienceSEIrank":176,"engagementSEI":0,"engagementSEIadj":0,"voiceSEI":0,"voiceSEIadj":0,"audienceSEI":0.00018809084035225653,"audienceSEIadj":0.00018809084035225653,"SEI":0.000018809084035225653,"SEIadj":0.000018809084035225653},"non_scoped":{"SEI":0.00000543449906961376,"SEIrank":178,"SEIadj":0,"audienceSEI":0.0000543449906961376,"audienceSEIadj":0,"audienceSEIrank":178,"audienceScore":0.00001042736557822349,"combinedScore":5.213682789111745e-7,"combinedScoreRank":178,"engagementSEI":0,"engagementSEIadj":0,"engagementSEIrank":152,"engagementScore":0,"voiceSEI":0,"voiceSEIadj":0,"voiceSEIrank":135,"voiceScore":0},"scoped":{"SEI":0.00007022422595346943,"SEIrank":162,"SEIadj":0,"audienceSEI":0.0007022422595346942,"audienceSEIadj":0,"audienceSEIrank":162,"audienceScore":0.000042986033407885445,"combinedScore":0.0000021493016703942725,"combinedScoreRank":162,"engagementSEI":0,"engagementSEIadj":0,"engagementSEIrank":133,"engagementScore":0,"voiceSEI":0,"voiceSEIadj":0,"voiceSEIrank":118,"voiceScore":0}},"twitter":{"entityString":"536575feb08f37d80186a13f","type":"twitter","profiles":1,"postsMade":0,"repliesMade":0,"repliesRcvd":0,"sharesMade":0,"sharesRcvd":0,"mentionsRcvd":0,"likesRcvd":0,"reachRcvd":0,"audience":2212,"voice":0,"conversation":0,"engagement":0,"group_scoped":{"audienceScore":0.546400843808898,"voiceScore":0,"engagementScore":0,"combinedScore":0.546400843808898,"combinedScoreRank":188,"SEIrank":170,"engagementSEIrank":145,"voiceSEIrank":137,"audienceSEIrank":166,"engagementSEI":0,"engagementSEIadj":0,"voiceSEI":0,"voiceSEIadj":0,"audienceSEI":1.8976862297641621,"audienceSEIadj":1.8976862297641621,"SEI":0.18976862297641622,"SEIadj":0.18976862297641622},"non_scoped":{"SEI":0.03992260933597078,"SEIrank":192,"SEIadj":0,"audienceSEI":0.3992260933597077,"audienceSEIadj":0,"audienceSEIrank":191,"audienceScore":0.06460971003325706,"combinedScore":0.0032304855016628536,"combinedScoreRank":192,"engagementSEI":0,"engagementSEIadj":0,"engagementSEIrank":145,"engagementScore":0,"voiceSEI":0,"voiceSEIadj":0,"voiceSEIrank":137,"voiceScore":0},"scoped":{"SEI":0.18976862297641622,"SEIrank":174,"SEIadj":0,"audienceSEI":1.8976862297641621,"audienceSEIadj":0,"audienceSEIrank":173,"audienceScore":0.1025703803450668,"combinedScore":0.00512851901725334,"combinedScoreRank":174,"engagementSEI":0,"engagementSEIadj":0,"engagementSEIrank":128,"engagementScore":0,"voiceSEI":0,"voiceSEIadj":0,"voiceSEIrank":120,"voiceScore":0}},"instagram":{"entityString":"536575feb08f37d80186a13f","type":"instagram","profiles":0,"postsMade":0,"repliesMade":0,"repliesRcvd":0,"sharesMade":0,"sharesRcvd":0,"mentionsRcvd":0,"likesRcvd":0,"reachRcvd":0,"audience":0,"voice":0,"conversation":0,"engagement":0,"group_scoped":{"audienceScore":0,"voiceScore":0,"engagementScore":0,"combinedScore":0,"combinedScoreRank":153,"SEIrank":135,"engagementSEIrank":134,"voiceSEIrank":133,"audienceSEIrank":135,"engagementSEI":0,"engagementSEIadj":0,"voiceSEI":0,"voiceSEIadj":0,"audienceSEI":0,"audienceSEIadj":0,"SEI":0,"SEIadj":0},"non_scoped":{"SEI":0,"SEIrank":135,"SEIadj":0,"audienceSEI":0,"audienceSEIadj":0,"audienceSEIrank":135,"audienceScore":0,"combinedScore":0,"combinedScoreRank":135,"engagementSEI":0,"engagementSEIadj":0,"engagementSEIrank":134,"engagementScore":0,"voiceSEI":0,"voiceSEIadj":0,"voiceSEIrank":133,"voiceScore":0},"scoped":{"SEI":0,"SEIrank":118,"SEIadj":0,"audienceSEI":0,"audienceSEIadj":0,"audienceSEIrank":118,"audienceScore":0,"combinedScore":0,"combinedScoreRank":118,"engagementSEI":0,"engagementSEIadj":0,"engagementSEIrank":118,"engagementScore":0,"voiceSEI":0,"voiceSEIadj":0,"voiceSEIrank":118,"voiceScore":0}}},"today":{"boundaryQuantum":4984134,"combined":{"entityString":"536575feb08f37d80186a13f","type":"combined","profiles":2,"postsMade":0,"repliesMade":0,"repliesRcvd":0,"sharesMade":0,"sharesRcvd":0,"mentionsRcvd":0,"likesRcvd":0,"reachRcvd":0,"audience":2213,"voice":0,"conversation":0,"engagement":0,"group_scoped":{"audienceScore":0.15176359168804593,"voiceScore":0,"engagementScore":0,"combinedScore":0.15176359168804593,"combinedScoreRank":155,"SEIrank":200,"engagementSEIrank":201,"voiceSEIrank":174,"audienceSEIrank":185,"engagementSEI":0,"engagementSEIadj":0,"voiceSEI":0,"voiceSEIadj":0,"audienceSEI":0.347067569178267,"audienceSEIadj":0.347067569178267,"SEI":0.0347067569178267,"SEIadj":0.0347067569178267},"non_scoped":{"SEI":0.008802396733924986,"SEIrank":213,"SEIadj":0,"audienceSEI":0.08802396733924986,"audienceSEIadj":0,"audienceSEIrank":209,"audienceScore":0.016297940192230263,"combinedScore":0.0008148970096115132,"combinedScoreRank":215,"engagementSEI":0,"engagementSEIadj":0,"engagementSEIrank":201,"engagementScore":0,"voiceSEI":0,"voiceSEIadj":0,"voiceSEIrank":174,"voiceScore":0},"scoped":{"SEI":0.11555351333852011,"SEIrank":193,"SEIadj":0,"audienceSEI":1.155535133385201,"audienceSEIadj":0,"audienceSEIrank":189,"audienceScore":0.047091568949355816,"combinedScore":0.002354578447467791,"combinedScoreRank":196,"engagementSEI":0,"engagementSEIadj":0,"engagementSEIrank":180,"engagementScore":0,"voiceSEI":0,"voiceSEIadj":0,"voiceSEIrank":154,"voiceScore":0}},"facebook":{"entityString":"536575feb08f37d80186a13f","type":"facebook","profiles":1,"postsMade":0,"repliesMade":0,"repliesRcvd":0,"sharesMade":0,"sharesRcvd":0,"mentionsRcvd":0,"likesRcvd":0,"reachRcvd":0,"audience":1,"voice":0,"conversation":0,"engagement":0,"group_scoped":{"audienceScore":0.00009959931196795293,"voiceScore":0,"engagementScore":0,"combinedScore":0.00009959931196795293,"combinedScoreRank":176,"SEIrank":176,"engagementSEIrank":179,"voiceSEIrank":155,"audienceSEIrank":176,"engagementSEI":0,"engagementSEIadj":0,"voiceSEI":0,"voiceSEIadj":0,"audienceSEI":0.00018809084035225653,"audienceSEIadj":0.00018809084035225653,"SEI":0.000018809084035225653,"SEIadj":0.000018809084035225653},"non_scoped":{"SEI":0.00000543449906961376,"SEIrank":178,"SEIadj":0,"audienceSEI":0.0000543449906961376,"audienceSEIadj":0,"audienceSEIrank":178,"audienceScore":0.00001042736557822349,"combinedScore":5.213682789111745e-7,"combinedScoreRank":178,"engagementSEI":0,"engagementSEIadj":0,"engagementSEIrank":179,"engagementScore":0,"voiceSEI":0,"voiceSEIadj":0,"voiceSEIrank":155,"voiceScore":0},"scoped":{"SEI":0.00007022422595346943,"SEIrank":162,"SEIadj":0,"audienceSEI":0.0007022422595346942,"audienceSEIadj":0,"audienceSEIrank":162,"audienceScore":0.000042986033407885445,"combinedScore":0.0000021493016703942725,"combinedScoreRank":162,"engagementSEI":0,"engagementSEIadj":0,"engagementSEIrank":159,"engagementScore":0,"voiceSEI":0,"voiceSEIadj":0,"voiceSEIrank":137,"voiceScore":0}},"twitter":{"entityString":"536575feb08f37d80186a13f","type":"twitter","profiles":1,"postsMade":0,"repliesMade":0,"repliesRcvd":0,"sharesMade":0,"sharesRcvd":0,"mentionsRcvd":0,"likesRcvd":0,"reachRcvd":0,"audience":2212,"voice":0,"conversation":0,"engagement":0,"group_scoped":{"audienceScore":0.546400843808898,"voiceScore":0,"engagementScore":0,"combinedScore":0.546400843808898,"combinedScoreRank":170,"SEIrank":189,"engagementSEIrank":190,"voiceSEIrank":169,"audienceSEIrank":166,"engagementSEI":0,"engagementSEIadj":0,"voiceSEI":0,"voiceSEIadj":0,"audienceSEI":1.8976862297641621,"audienceSEIadj":1.8976862297641621,"SEI":0.18976862297641622,"SEIadj":0.18976862297641622},"non_scoped":{"SEI":0.03992260933597078,"SEIrank":205,"SEIadj":0,"audienceSEI":0.3992260933597077,"audienceSEIadj":0,"audienceSEIrank":191,"audienceScore":0.06460971003325706,"combinedScore":0.0032304855016628536,"combinedScoreRank":205,"engagementSEI":0,"engagementSEIadj":0,"engagementSEIrank":190,"engagementScore":0,"voiceSEI":0,"voiceSEIadj":0,"voiceSEIrank":169,"voiceScore":0},"scoped":{"SEI":0.18976862297641622,"SEIrank":187,"SEIadj":0,"audienceSEI":1.8976862297641621,"audienceSEIadj":0,"audienceSEIrank":173,"audienceScore":0.1025703803450668,"combinedScore":0.00512851901725334,"combinedScoreRank":187,"engagementSEI":0,"engagementSEIadj":0,"engagementSEIrank":170,"engagementScore":0,"voiceSEI":0,"voiceSEIadj":0,"voiceSEIrank":149,"voiceScore":0}},"instagram":{"entityString":"536575feb08f37d80186a13f","type":"instagram","profiles":0,"postsMade":0,"repliesMade":0,"repliesRcvd":0,"sharesMade":0,"sharesRcvd":0,"mentionsRcvd":0,"likesRcvd":0,"reachRcvd":0,"audience":0,"voice":0,"conversation":0,"engagement":0,"group_scoped":{"audienceScore":0,"voiceScore":0,"engagementScore":0,"combinedScore":0,"combinedScoreRank":153,"SEIrank":135,"engagementSEIrank":135,"voiceSEIrank":135,"audienceSEIrank":135,"engagementSEI":0,"engagementSEIadj":0,"voiceSEI":0,"voiceSEIadj":0,"audienceSEI":0,"audienceSEIadj":0,"SEI":0,"SEIadj":0},"non_scoped":{"SEI":0,"SEIrank":135,"SEIadj":0,"audienceSEI":0,"audienceSEIadj":0,"audienceSEIrank":135,"audienceScore":0,"combinedScore":0,"combinedScoreRank":135,"engagementSEI":0,"engagementSEIadj":0,"engagementSEIrank":135,"engagementScore":0,"voiceSEI":0,"voiceSEIadj":0,"voiceSEIrank":135,"voiceScore":0},"scoped":{"SEI":0,"SEIrank":118,"SEIadj":0,"audienceSEI":0,"audienceSEIadj":0,"audienceSEIrank":118,"audienceScore":0,"combinedScore":0,"combinedScoreRank":118,"engagementSEI":0,"engagementSEIadj":0,"engagementSEIrank":118,"engagementScore":0,"voiceSEI":0,"voiceSEIadj":0,"voiceSEIrank":118,"voiceScore":0}}},"week":{"boundaryQuantum":4982406,"combined":{"entityString":"536575feb08f37d80186a13f","type":"combined","profiles":2,"postsMade":0,"repliesMade":0,"repliesRcvd":0,"sharesMade":0,"sharesRcvd":0,"mentionsRcvd":0,"likesRcvd":0,"reachRcvd":0,"audience":2213,"voice":0,"conversation":0,"engagement":0,"group_scoped":{"audienceScore":0.15176359168804593,"voiceScore":0,"engagementScore":0,"combinedScore":0.15176359168804593,"combinedScoreRank":129,"SEIrank":215,"engagementSEIrank":214,"voiceSEIrank":216,"audienceSEIrank":185,"engagementSEI":0,"engagementSEIadj":0,"voiceSEI":0,"voiceSEIadj":0,"audienceSEI":0.347067569178267,"audienceSEIadj":0.347067569178267,"SEI":0.0347067569178267,"SEIadj":0.0347067569178267},"non_scoped":{"SEI":0.008802396733924986,"SEIrank":217,"SEIadj":0,"audienceSEI":0.08802396733924986,"audienceSEIadj":0,"audienceSEIrank":209,"audienceScore":0.016297940192230263,"combinedScore":0.0008148970096115132,"combinedScoreRank":217,"engagementSEI":0,"engagementSEIadj":0,"engagementSEIrank":214,"engagementScore":0,"voiceSEI":0,"voiceSEIadj":0,"voiceSEIrank":216,"voiceScore":0},"scoped":{"SEI":0.11555351333852011,"SEIrank":196,"SEIadj":0,"audienceSEI":1.155535133385201,"audienceSEIadj":0,"audienceSEIrank":189,"audienceScore":0.047091568949355816,"combinedScore":0.002354578447467791,"combinedScoreRank":197,"engagementSEI":0,"engagementSEIadj":0,"engagementSEIrank":193,"engagementScore":0,"voiceSEI":0,"voiceSEIadj":0,"voiceSEIrank":195,"voiceScore":0}},"facebook":{"entityString":"536575feb08f37d80186a13f","type":"facebook","profiles":1,"postsMade":0,"repliesMade":0,"repliesRcvd":0,"sharesMade":0,"sharesRcvd":0,"mentionsRcvd":0,"likesRcvd":0,"reachRcvd":0,"audience":1,"voice":0,"conversation":0,"engagement":0,"group_scoped":{"audienceScore":0.00009959931196795293,"voiceScore":0,"engagementScore":0,"combinedScore":0.00009959931196795293,"combinedScoreRank":176,"SEIrank":176,"engagementSEIrank":187,"voiceSEIrank":186,"audienceSEIrank":176,"engagementSEI":0,"engagementSEIadj":0,"voiceSEI":0,"voiceSEIadj":0,"audienceSEI":0.00018809084035225653,"audienceSEIadj":0.00018809084035225653,"SEI":0.000018809084035225653,"SEIadj":0.000018809084035225653},"non_scoped":{"SEI":0.00000543449906961376,"SEIrank":178,"SEIadj":0,"audienceSEI":0.0000543449906961376,"audienceSEIadj":0,"audienceSEIrank":178,"audienceScore":0.00001042736557822349,"combinedScore":5.213682789111745e-7,"combinedScoreRank":178,"engagementSEI":0,"engagementSEIadj":0,"engagementSEIrank":187,"engagementScore":0,"voiceSEI":0,"voiceSEIadj":0,"voiceSEIrank":186,"voiceScore":0},"scoped":{"SEI":0.00007022422595346943,"SEIrank":162,"SEIadj":0,"audienceSEI":0.0007022422595346942,"audienceSEIadj":0,"audienceSEIrank":162,"audienceScore":0.000042986033407885445,"combinedScore":0.0000021493016703942725,"combinedScoreRank":162,"engagementSEI":0,"engagementSEIadj":0,"engagementSEIrank":167,"engagementScore":0,"voiceSEI":0,"voiceSEIadj":0,"voiceSEIrank":166,"voiceScore":0}},"twitter":{"entityString":"536575feb08f37d80186a13f","type":"twitter","profiles":1,"postsMade":0,"repliesMade":0,"repliesRcvd":0,"sharesMade":0,"sharesRcvd":0,"mentionsRcvd":0,"likesRcvd":0,"reachRcvd":0,"audience":2212,"voice":0,"conversation":0,"engagement":0,"group_scoped":{"audienceScore":0.546400843808898,"voiceScore":0,"engagementScore":0,"combinedScore":0.546400843808898,"combinedScoreRank":144,"SEIrank":205,"engagementSEIrank":212,"voiceSEIrank":214,"audienceSEIrank":166,"engagementSEI":0,"engagementSEIadj":0,"voiceSEI":0,"voiceSEIadj":0,"audienceSEI":1.8976862297641621,"audienceSEIadj":1.8976862297641621,"SEI":0.18976862297641622,"SEIadj":0.18976862297641622},"non_scoped":{"SEI":0.03992260933597078,"SEIrank":210,"SEIadj":0,"audienceSEI":0.3992260933597077,"audienceSEIadj":0,"audienceSEIrank":191,"audienceScore":0.06460971003325706,"combinedScore":0.0032304855016628536,"combinedScoreRank":210,"engagementSEI":0,"engagementSEIadj":0,"engagementSEIrank":212,"engagementScore":0,"voiceSEI":0,"voiceSEIadj":0,"voiceSEIrank":214,"voiceScore":0},"scoped":{"SEI":0.18976862297641622,"SEIrank":191,"SEIadj":0,"audienceSEI":1.8976862297641621,"audienceSEIadj":0,"audienceSEIrank":173,"audienceScore":0.1025703803450668,"combinedScore":0.00512851901725334,"combinedScoreRank":191,"engagementSEI":0,"engagementSEIadj":0,"engagementSEIrank":192,"engagementScore":0,"voiceSEI":0,"voiceSEIadj":0,"voiceSEIrank":194,"voiceScore":0}},"instagram":{"entityString":"536575feb08f37d80186a13f","type":"instagram","profiles":0,"postsMade":0,"repliesMade":0,"repliesRcvd":0,"sharesMade":0,"sharesRcvd":0,"mentionsRcvd":0,"likesRcvd":0,"reachRcvd":0,"audience":0,"voice":0,"conversation":0,"engagement":0,"group_scoped":{"audienceScore":0,"voiceScore":0,"engagementScore":0,"combinedScore":0,"combinedScoreRank":153,"SEIrank":135,"engagementSEIrank":135,"voiceSEIrank":135,"audienceSEIrank":135,"engagementSEI":0,"engagementSEIadj":0,"voiceSEI":0,"voiceSEIadj":0,"audienceSEI":0,"audienceSEIadj":0,"SEI":0,"SEIadj":0},"non_scoped":{"SEI":0,"SEIrank":135,"SEIadj":0,"audienceSEI":0,"audienceSEIadj":0,"audienceSEIrank":135,"audienceScore":0,"combinedScore":0,"combinedScoreRank":135,"engagementSEI":0,"engagementSEIadj":0,"engagementSEIrank":135,"engagementScore":0,"voiceSEI":0,"voiceSEIadj":0,"voiceSEIrank":135,"voiceScore":0},"scoped":{"SEI":0,"SEIrank":118,"SEIadj":0,"audienceSEI":0,"audienceSEIadj":0,"audienceSEIrank":118,"audienceScore":0,"combinedScore":0,"combinedScoreRank":118,"engagementSEI":0,"engagementSEIadj":0,"engagementSEIrank":118,"engagementScore":0,"voiceSEI":0,"voiceSEIadj":0,"voiceSEIrank":118,"voiceScore":0}}},"month":{"boundaryQuantum":4975782,"combined":{"entityString":"536575feb08f37d80186a13f","type":"combined","profiles":2,"postsMade":0,"repliesMade":0,"repliesRcvd":0,"sharesMade":0,"sharesRcvd":0,"mentionsRcvd":0,"likesRcvd":0,"reachRcvd":0,"audience":2213,"voice":0,"conversation":0,"engagement":0,"group_scoped":{"audienceScore":0.15176359168804593,"voiceScore":0,"engagementScore":0,"combinedScore":0.15176359168804593,"combinedScoreRank":124,"SEIrank":216,"engagementSEIrank":220,"voiceSEIrank":221,"audienceSEIrank":185,"engagementSEI":0,"engagementSEIadj":0,"voiceSEI":0,"voiceSEIadj":0,"audienceSEI":0.347067569178267,"audienceSEIadj":0.347067569178267,"SEI":0.0347067569178267,"SEIadj":0.0347067569178267},"non_scoped":{"SEI":0.008802396733924986,"SEIrank":220,"SEIadj":0,"audienceSEI":0.08802396733924986,"audienceSEIadj":0,"audienceSEIrank":209,"audienceScore":0.016297940192230263,"combinedScore":0.0008148970096115132,"combinedScoreRank":219,"engagementSEI":0,"engagementSEIadj":0,"engagementSEIrank":220,"engagementScore":0,"voiceSEI":0,"voiceSEIadj":0,"voiceSEIrank":221,"voiceScore":0},"scoped":{"SEI":0.11555351333852011,"SEIrank":199,"SEIadj":0,"audienceSEI":1.155535133385201,"audienceSEIadj":0,"audienceSEIrank":189,"audienceScore":0.047091568949355816,"combinedScore":0.002354578447467791,"combinedScoreRank":198,"engagementSEI":0,"engagementSEIadj":0,"engagementSEIrank":199,"engagementScore":0,"voiceSEI":0,"voiceSEIadj":0,"voiceSEIrank":200,"voiceScore":0}},"facebook":{"entityString":"536575feb08f37d80186a13f","type":"facebook","profiles":1,"postsMade":0,"repliesMade":0,"repliesRcvd":0,"sharesMade":0,"sharesRcvd":0,"mentionsRcvd":0,"likesRcvd":0,"reachRcvd":0,"audience":1,"voice":0,"conversation":0,"engagement":0,"group_scoped":{"audienceScore":0.00009959931196795293,"voiceScore":0,"engagementScore":0,"combinedScore":0.00009959931196795293,"combinedScoreRank":176,"SEIrank":176,"engagementSEIrank":189,"voiceSEIrank":189,"audienceSEIrank":176,"engagementSEI":0,"engagementSEIadj":0,"voiceSEI":0,"voiceSEIadj":0,"audienceSEI":0.00018809084035225653,"audienceSEIadj":0.00018809084035225653,"SEI":0.000018809084035225653,"SEIadj":0.000018809084035225653},"non_scoped":{"SEI":0.00000543449906961376,"SEIrank":178,"SEIadj":0,"audienceSEI":0.0000543449906961376,"audienceSEIadj":0,"audienceSEIrank":178,"audienceScore":0.00001042736557822349,"combinedScore":5.213682789111745e-7,"combinedScoreRank":178,"engagementSEI":0,"engagementSEIadj":0,"engagementSEIrank":189,"engagementScore":0,"voiceSEI":0,"voiceSEIadj":0,"voiceSEIrank":189,"voiceScore":0},"scoped":{"SEI":0.00007022422595346943,"SEIrank":162,"SEIadj":0,"audienceSEI":0.0007022422595346942,"audienceSEIadj":0,"audienceSEIrank":162,"audienceScore":0.000042986033407885445,"combinedScore":0.0000021493016703942725,"combinedScoreRank":162,"engagementSEI":0,"engagementSEIadj":0,"engagementSEIrank":169,"engagementScore":0,"voiceSEI":0,"voiceSEIadj":0,"voiceSEIrank":169,"voiceScore":0}},"twitter":{"entityString":"536575feb08f37d80186a13f","type":"twitter","profiles":1,"postsMade":0,"repliesMade":0,"repliesRcvd":0,"sharesMade":0,"sharesRcvd":0,"mentionsRcvd":0,"likesRcvd":0,"reachRcvd":0,"audience":2212,"voice":0,"conversation":0,"engagement":0,"group_scoped":{"audienceScore":0.546400843808898,"voiceScore":0,"engagementScore":0,"combinedScore":0.546400843808898,"combinedScoreRank":135,"SEIrank":210,"engagementSEIrank":219,"voiceSEIrank":220,"audienceSEIrank":166,"engagementSEI":0,"engagementSEIadj":0,"voiceSEI":0,"voiceSEIadj":0,"audienceSEI":1.8976862297641621,"audienceSEIadj":1.8976862297641621,"SEI":0.18976862297641622,"SEIadj":0.18976862297641622},"non_scoped":{"SEI":0.03992260933597078,"SEIrank":215,"SEIadj":0,"audienceSEI":0.3992260933597077,"audienceSEIadj":0,"audienceSEIrank":191,"audienceScore":0.06460971003325706,"combinedScore":0.0032304855016628536,"combinedScoreRank":213,"engagementSEI":0,"engagementSEIadj":0,"engagementSEIrank":219,"engagementScore":0,"voiceSEI":0,"voiceSEIadj":0,"voiceSEIrank":220,"voiceScore":0},"scoped":{"SEI":0.18976862297641622,"SEIrank":193,"SEIadj":0,"audienceSEI":1.8976862297641621,"audienceSEIadj":0,"audienceSEIrank":173,"audienceScore":0.1025703803450668,"combinedScore":0.00512851901725334,"combinedScoreRank":194,"engagementSEI":0,"engagementSEIadj":0,"engagementSEIrank":199,"engagementScore":0,"voiceSEI":0,"voiceSEIadj":0,"voiceSEIrank":200,"voiceScore":0}},"instagram":{"entityString":"536575feb08f37d80186a13f","type":"instagram","profiles":0,"postsMade":0,"repliesMade":0,"repliesRcvd":0,"sharesMade":0,"sharesRcvd":0,"mentionsRcvd":0,"likesRcvd":0,"reachRcvd":0,"audience":0,"voice":0,"conversation":0,"engagement":0,"group_scoped":{"audienceScore":0,"voiceScore":0,"engagementScore":0,"combinedScore":0,"combinedScoreRank":153,"SEIrank":135,"engagementSEIrank":135,"voiceSEIrank":135,"audienceSEIrank":135,"engagementSEI":0,"engagementSEIadj":0,"voiceSEI":0,"voiceSEIadj":0,"audienceSEI":0,"audienceSEIadj":0,"SEI":0,"SEIadj":0},"non_scoped":{"SEI":0,"SEIrank":135,"SEIadj":0,"audienceSEI":0,"audienceSEIadj":0,"audienceSEIrank":135,"audienceScore":0,"combinedScore":0,"combinedScoreRank":135,"engagementSEI":0,"engagementSEIadj":0,"engagementSEIrank":135,"engagementScore":0,"voiceSEI":0,"voiceSEIadj":0,"voiceSEIrank":135,"voiceScore":0},"scoped":{"SEI":0,"SEIrank":118,"SEIadj":0,"audienceSEI":0,"audienceSEIadj":0,"audienceSEIrank":118,"audienceScore":0,"combinedScore":0,"combinedScoreRank":118,"engagementSEI":0,"engagementSEIadj":0,"engagementSEIrank":118,"engagementScore":0,"voiceSEI":0,"voiceSEIadj":0,"voiceSEIrank":118,"voiceScore":0}}},"quarter":{"boundaryQuantum":4958502,"combined":{"entityString":"536575feb08f37d80186a13f","type":"combined","profiles":2,"postsMade":2,"repliesMade":0,"repliesRcvd":0,"sharesMade":0,"sharesRcvd":1,"mentionsRcvd":0,"likesRcvd":8,"reachRcvd":0,"audience":2213,"voice":2,"conversation":2,"engagement":9,"group_scoped":{"audienceScore":0.15176359168804593,"voiceScore":0.011944577161968466,"engagementScore":0.0002839857590608023,"combinedScore":0.008440995625655442,"combinedScoreRank":228,"SEIrank":216,"engagementSEIrank":210,"voiceSEIrank":210,"audienceSEIrank":185,"engagementSEI":0.00031458807837018207,"engagementSEIadj":0.00031458807837018207,"voiceSEI":0.028686173264486515,"voiceSEIadj":0.028686173264486515,"audienceSEI":0.347067569178267,"audienceSEIadj":0.347067569178267,"SEI":0.04350136174419477,"SEIadj":0.04350136174419477},"non_scoped":{"SEI":0.014452789132181688,"SEIrank":214,"SEIadj":0,"audienceSEI":0.08802396733924986,"audienceSEIadj":0,"audienceSEIrank":209,"audienceScore":0.016297940192230263,"combinedScore":0.0009312139997332813,"combinedScoreRank":218,"engagementSEI":0.00007850856066068617,"engagementSEIadj":0,"engagementSEIrank":209,"engagementScore":0.000030405384861226443,"voiceSEI":0.018677624206200973,"voiceSEIadj":0,"voiceSEIrank":211,"voiceScore":0.0017790428749332858},"scoped":{"SEI":0.14000162600459823,"SEIrank":197,"SEIadj":0,"audienceSEI":1.155535133385201,"audienceSEIadj":0,"audienceSEIrank":189,"audienceScore":0.047091568949355816,"combinedScore":0.0028090118035656235,"combinedScoreRank":197,"engagementSEI":0.0018212024387924213,"engagementSEIadj":0,"engagementSEIrank":194,"engagementScore":0.0002970706849987886,"voiceSEI":0.07785130400934215,"voiceSEIadj":0,"voiceSEIrank":194,"voiceScore":0.0037413947919784497}},"facebook":{"entityString":"536575feb08f37d80186a13f","type":"facebook","profiles":1,"postsMade":0,"repliesMade":0,"repliesRcvd":0,"sharesMade":0,"sharesRcvd":0,"mentionsRcvd":0,"likesRcvd":0,"reachRcvd":0,"audience":1,"voice":0,"conversation":0,"engagement":0,"group_scoped":{"audienceScore":0.00009959931196795293,"voiceScore":0,"engagementScore":0,"combinedScore":0.00009959931196795293,"combinedScoreRank":176,"SEIrank":176,"engagementSEIrank":192,"voiceSEIrank":191,"audienceSEIrank":176,"engagementSEI":0,"engagementSEIadj":0,"voiceSEI":0,"voiceSEIadj":0,"audienceSEI":0.00018809084035225653,"audienceSEIadj":0.00018809084035225653,"SEI":0.000018809084035225653,"SEIadj":0.000018809084035225653},"non_scoped":{"SEI":0.00000543449906961376,"SEIrank":178,"SEIadj":0,"audienceSEI":0.0000543449906961376,"audienceSEIadj":0,"audienceSEIrank":178,"audienceScore":0.00001042736557822349,"combinedScore":5.213682789111745e-7,"combinedScoreRank":178,"engagementSEI":0,"engagementSEIadj":0,"engagementSEIrank":192,"engagementScore":0,"voiceSEI":0,"voiceSEIadj":0,"voiceSEIrank":191,"voiceScore":0},"scoped":{"SEI":0.00007022422595346943,"SEIrank":162,"SEIadj":0,"audienceSEI":0.0007022422595346942,"audienceSEIadj":0,"audienceSEIrank":162,"audienceScore":0.000042986033407885445,"combinedScore":0.0000021493016703942725,"combinedScoreRank":162,"engagementSEI":0,"engagementSEIadj":0,"engagementSEIrank":172,"engagementScore":0,"voiceSEI":0,"voiceSEIadj":0,"voiceSEIrank":171,"voiceScore":0}},"twitter":{"entityString":"536575feb08f37d80186a13f","type":"twitter","profiles":1,"postsMade":2,"repliesMade":0,"repliesRcvd":0,"sharesMade":0,"sharesRcvd":1,"mentionsRcvd":0,"likesRcvd":8,"reachRcvd":0,"audience":2212,"voice":2,"conversation":2,"engagement":9,"group_scoped":{"audienceScore":0.546400843808898,"voiceScore":0.01841112031667127,"engagementScore":0.012945728628759656,"combinedScore":0.03989175397216215,"combinedScoreRank":220,"SEIrank":209,"engagementSEIrank":200,"voiceSEIrank":204,"audienceSEIrank":166,"engagementSEI":0.036885245901639344,"engagementSEIadj":0.036885245901639344,"voiceSEI":0.052645433008686494,"voiceSEIadj":0.052645433008686494,"audienceSEI":1.8976862297641621,"audienceSEIadj":1.8976862297641621,"SEI":0.22769340042000577,"SEIadj":0.22769340042000577},"non_scoped":{"SEI":0.05247008893106684,"SEIrank":210,"SEIadj":0,"audienceSEI":0.3992260933597077,"audienceSEIadj":0,"audienceSEIrank":191,"audienceScore":0.06460971003325706,"combinedScore":0.0043487418486916705,"combinedScoreRank":209,"engagementSEI":0.004267991957206267,"engagementSEIadj":0,"engagementSEIrank":203,"engagementScore":0.0010828761189719898,"voiceSEI":0.033288948069241014,"voiceSEIadj":0,"voiceSEIrank":205,"voiceScore":0.002873356799080526},"scoped":{"SEI":0.24033305972044916,"SEIrank":191,"SEIadj":0,"audienceSEI":1.8976862297641621,"audienceSEIadj":0,"audienceSEIrank":173,"audienceScore":0.1025703803450668,"combinedScore":0.007411083891745698,"combinedScoreRank":191,"engagementSEI":0.028314352230541746,"engagementSEIadj":0,"engagementSEIrank":190,"engagementScore":0.0022450496654875998,"voiceSEI":0.11191941801902631,"voiceSEIadj":0,"voiceSEIrank":190,"voiceScore":0.005240403511070352}},"instagram":{"entityString":"536575feb08f37d80186a13f","type":"instagram","profiles":0,"postsMade":0,"repliesMade":0,"repliesRcvd":0,"sharesMade":0,"sharesRcvd":0,"mentionsRcvd":0,"likesRcvd":0,"reachRcvd":0,"audience":0,"voice":0,"conversation":0,"engagement":0,"group_scoped":{"audienceScore":0,"voiceScore":0,"engagementScore":0,"combinedScore":0,"combinedScoreRank":153,"SEIrank":135,"engagementSEIrank":135,"voiceSEIrank":135,"audienceSEIrank":135,"engagementSEI":0,"engagementSEIadj":0,"voiceSEI":0,"voiceSEIadj":0,"audienceSEI":0,"audienceSEIadj":0,"SEI":0,"SEIadj":0},"non_scoped":{"SEI":0,"SEIrank":135,"SEIadj":0,"audienceSEI":0,"audienceSEIadj":0,"audienceSEIrank":135,"audienceScore":0,"combinedScore":0,"combinedScoreRank":135,"engagementSEI":0,"engagementSEIadj":0,"engagementSEIrank":135,"engagementScore":0,"voiceSEI":0,"voiceSEIadj":0,"voiceSEIrank":135,"voiceScore":0},"scoped":{"SEI":0,"SEIrank":118,"SEIadj":0,"audienceSEI":0,"audienceSEIadj":0,"audienceSEIrank":118,"audienceScore":0,"combinedScore":0,"combinedScoreRank":118,"engagementSEI":0,"engagementSEIadj":0,"engagementSEIrank":118,"engagementScore":0,"voiceSEI":0,"voiceSEIadj":0,"voiceSEIrank":118,"voiceScore":0}}},"blended":{"combined":{"non_scoped":{"SEI":0.011627592933053339,"SEIadj":20.009302074346444,"SEIrank":218,"audienceSEI":0.08802396733924986,"audienceSEIadj":20.0704191738714,"audienceSEIrank":209,"engagementSEI":0.000039254280330343086,"engagementSEIadj":20.000031403424263,"engagementSEIrank":210,"voiceSEI":0.009338812103100487,"voiceSEIadj":20.00747104968248,"voiceSEIrank":211},"scoped":{"SEI":0.09711095295038498,"SEIadj":20.077688762360307,"SEIrank":197,"compCharisma":0,"compInfluence":0,"compEva":0.09711095295038498,"audienceSEI":1.1555351333852009,"audienceSEIadj":20.92442810670816,"audienceSEIrank":189,"engagementSEI":0.0009106012193962106,"engagementSEIadj":20.000728480975518,"engagementSEIrank":194,"voiceSEI":0.038925652004671074,"voiceSEIadj":20.03114052160374,"voiceSEIrank":194}},"facebook":{"non_scoped":{"SEI":0.00000543449906961376,"SEIadj":40.000003260699444,"SEIrank":178,"audienceSEI":0.000054344990696137594,"audienceSEIadj":40.00003260699442,"audienceSEIrank":178,"engagementSEI":0,"engagementSEIadj":0,"engagementSEIrank":192,"voiceSEI":0,"voiceSEIadj":0,"voiceSEIrank":191},"scoped":{"SEI":0.00007022422595346943,"SEIadj":40.00004213453557,"SEIrank":162,"audienceSEI":0.0007022422595346942,"audienceSEIadj":40.00042134535572,"audienceSEIrank":162,"engagementSEI":0,"engagementSEIadj":0,"engagementSEIrank":172,"voiceSEI":0,"voiceSEIadj":0,"voiceSEIrank":171}},"twitter":{"non_scoped":{"SEI":0.046196349133518805,"SEIadj":20.036957079306816,"SEIrank":211,"audienceSEI":0.3992260933597077,"audienceSEIadj":40.239535656015825,"audienceSEIrank":191,"engagementSEI":0.0021339959786031335,"engagementSEIadj":40.00128039758716,"engagementSEIrank":204,"voiceSEI":0.016644474034620507,"voiceSEIadj":40.009986684420774,"voiceSEIrank":205},"scoped":{"SEI":0.21505084134843266,"SEIadj":20.172040673078747,"SEIrank":192,"audienceSEI":1.8976862297641621,"audienceSEIadj":41.1386117378585,"audienceSEIrank":173,"engagementSEI":0.014157176115270873,"engagementSEIadj":20.011325740892218,"engagementSEIrank":190,"voiceSEI":0.05595970900951316,"voiceSEIadj":20.04476776720761,"voiceSEIrank":190}},"instagram":{"non_scoped":{"SEI":0,"SEIadj":0,"SEIrank":135,"audienceSEI":0,"audienceSEIadj":0,"audienceSEIrank":135,"engagementSEI":0,"engagementSEIadj":0,"engagementSEIrank":135,"voiceSEI":0,"voiceSEIadj":0,"voiceSEIrank":135},"scoped":{"SEI":0,"SEIadj":0,"SEIrank":118,"audienceSEI":0,"audienceSEIadj":0,"audienceSEIrank":118,"engagementSEI":0,"engagementSEIadj":0,"engagementSEIrank":118,"voiceSEI":0,"voiceSEIadj":0,"voiceSEIrank":118}},"influence":{"facebook":{"scope":"individual","ratio":0,"calculated":false},"instagram":{"scope":"individual","ratio":0,"calculated":false},"combined":{"ratio":0.01,"bottom":true,"scope":"individual","calculated":true},"twitter":{"ratio":0.03,"bottom":false,"scope":"individual","calculated":true}},"charisma":{"facebook":{"scope":"individual","ratio":0,"calculated":false},"instagram":{"scope":"individual","ratio":0,"calculated":false},"combined":{"ratio":0.01,"bottom":true,"scope":"individual","calculated":true},"twitter":{"ratio":0.04,"bottom":false,"scope":"individual","calculated":true}}},"scope":"individual"}}