{"scoreEntityString":"591d1494ab33fb0001804f89.asset.536575feb08f37d80186a13c","timeQuantum":4984422,"scoreEntityType":"asset","scoreProfileID":"591d1494ab33fb0001804f89","data":{"scoreEntityString":"591d1494ab33fb0001804f89.asset.536575feb08f37d80186a13c","scoreProfileID":"591d1494ab33fb0001804f89","scoreEntityType":"asset","entityID":"asset.536575feb08f37d80186a13c","object_version":"1.2","score_engine_version":"3.0.19","timestamp":4984422,"start_quantum":4958502,"end_quantum":4984421,"schedule_options":{"interval":15,"offset":"1"},"_15min":{"boundaryQuantum":4984419,"combined":{"entityString":"536575feb08f37d80186a13c","type":"combined","profiles":2,"postsMade":0,"repliesMade":0,"repliesRcvd":0,"sharesMade":0,"sharesRcvd":0,"mentionsRcvd":0,"likesRcvd":0,"reachRcvd":0,"audience":16835,"voice":0,"conversation":0,"engagement":0,"group_scoped":{"audienceScore":1.1545142639260069,"voiceScore":0,"engagementScore":0,"combinedScore":1.1545142639260069,"engagementSEI":0,"engagementSEIadj":0,"voiceSEI":0,"voiceSEIadj":0,"audienceSEI":2.6402541920994684,"audienceSEIadj":2.6402541920994684,"SEI":0.2640254192099469,"SEIadj":0.2640254192099469,"combinedScoreRank":66,"SEIrank":56,"engagementSEIrank":121,"voiceSEIrank":118,"audienceSEIrank":56},"non_scoped":{"SEI":0.06696265206309406,"SEIrank":95,"SEIadj":0,"audienceSEI":0.6696265206309405,"audienceSEIadj":0,"audienceSEIrank":95,"audienceScore":0.12398365256945165,"combinedScore":0.006199182628472583,"combinedScoreRank":95,"engagementSEI":0,"engagementSEIadj":0,"engagementSEIrank":121,"engagementScore":0,"voiceSEI":0,"voiceSEIadj":0,"voiceSEIrank":118,"voiceScore":0},"scoped":{"SEI":0.8790525969516431,"SEIrank":83,"SEIadj":0,"audienceSEI":8.79052596951643,"audienceSEIadj":0,"audienceSEIrank":83,"audienceScore":0.35824065217460693,"combinedScore":0.05117723602494385,"combinedScoreRank":83,"engagementSEI":0,"engagementSEIadj":0,"engagementSEIrank":104,"engagementScore":0,"voiceSEI":0,"voiceSEIadj":0,"voiceSEIrank":102,"voiceScore":0}},"facebook":{"entityString":"536575feb08f37d80186a13c","type":"facebook","profiles":1,"postsMade":0,"repliesMade":0,"repliesRcvd":0,"sharesMade":0,"sharesRcvd":0,"mentionsRcvd":0,"likesRcvd":0,"reachRcvd":0,"audience":13523,"voice":0,"conversation":0,"engagement":0,"group_scoped":{"audienceScore":1.3468814957426274,"voiceScore":0,"engagementScore":0,"combinedScore":1.3468814957426274,"engagementSEI":0,"engagementSEIadj":0,"voiceSEI":0,"voiceSEIadj":0,"audienceSEI":2.5435524340835647,"audienceSEIadj":2.5435524340835647,"SEI":0.25435524340835647,"SEIadj":0.25435524340835647,"combinedScoreRank":42,"SEIrank":34,"engagementSEIrank":120,"voiceSEIrank":118,"audienceSEIrank":34},"non_scoped":{"SEI":0.07349073091838687,"SEIrank":60,"SEIadj":0,"audienceSEI":0.7349073091838687,"audienceSEIadj":0,"audienceSEIrank":60,"audienceScore":0.14100926471431627,"combinedScore":0.007050463235715814,"combinedScoreRank":60,"engagementSEI":0,"engagementSEIadj":0,"engagementSEIrank":120,"engagementScore":0,"voiceSEI":0,"voiceSEIadj":0,"voiceSEIrank":118,"voiceScore":0},"scoped":{"SEI":0.949642207568767,"SEIrank":49,"SEIadj":0,"audienceSEI":9.49642207568767,"audienceSEIadj":0,"audienceSEIrank":49,"audienceScore":0.5813001297748348,"combinedScore":0.08304287568211925,"combinedScoreRank":49,"engagementSEI":0,"engagementSEIadj":0,"engagementSEIrank":103,"engagementScore":0,"voiceSEI":0,"voiceSEIadj":0,"voiceSEIrank":102,"voiceScore":0}},"twitter":{"entityString":"536575feb08f37d80186a13c","type":"twitter","profiles":1,"postsMade":0,"repliesMade":0,"repliesRcvd":0,"sharesMade":0,"sharesRcvd":0,"mentionsRcvd":0,"likesRcvd":0,"reachRcvd":0,"audience":3312,"voice":0,"conversation":0,"engagement":0,"group_scoped":{"audienceScore":0.8181191657753483,"voiceScore":0,"engagementScore":0,"combinedScore":0.8181191657753483,"engagementSEI":0,"engagementSEIadj":0,"voiceSEI":0,"voiceSEIadj":0,"audienceSEI":2.841381913643266,"audienceSEIadj":2.841381913643266,"SEI":0.2841381913643266,"SEIadj":0.2841381913643266,"combinedScoreRank":152,"SEIrank":137,"engagementSEIrank":119,"voiceSEIrank":117,"audienceSEIrank":137},"non_scoped":{"SEI":0.059775624828542144,"SEIrank":166,"SEIadj":0,"audienceSEI":0.5977562482854214,"audienceSEIadj":0,"audienceSEIrank":166,"audienceScore":0.09673931267185687,"combinedScore":0.0048369656335928435,"combinedScoreRank":166,"engagementSEI":0,"engagementSEIadj":0,"engagementSEIrank":119,"engagementScore":0,"voiceSEI":0,"voiceSEIadj":0,"voiceSEIrank":117,"voiceScore":0},"scoped":{"SEI":0.2841381913643266,"SEIrank":150,"SEIadj":0,"audienceSEI":2.841381913643266,"audienceSEIadj":0,"audienceSEIrank":150,"audienceScore":0.15357735067941283,"combinedScore":0.021939621525630403,"combinedScoreRank":150,"engagementSEI":0,"engagementSEIadj":0,"engagementSEIrank":103,"engagementScore":0,"voiceSEI":0,"voiceSEIadj":0,"voiceSEIrank":102,"voiceScore":0}},"instagram":{"entityString":"536575feb08f37d80186a13c","type":"instagram","profiles":0,"postsMade":0,"repliesMade":0,"repliesRcvd":0,"sharesMade":0,"sharesRcvd":0,"mentionsRcvd":0,"likesRcvd":0,"reachRcvd":0,"audience":0,"voice":0,"conversation":0,"engagement":0,"group_scoped":{"audienceScore":0,"voiceScore":0,"engagementScore":0,"combinedScore":0,"engagementSEI":0,"engagementSEIadj":0,"voiceSEI":0,"voiceSEIadj":0,"audienceSEI":0,"audienceSEIadj":0,"SEI":0,"SEIadj":0,"combinedScoreRank":137,"SEIrank":119,"engagementSEIrank":118,"voiceSEIrank":117,"audienceSEIrank":119},"non_scoped":{"SEI":0,"SEIrank":119,"SEIadj":0,"audienceSEI":0,"audienceSEIadj":0,"audienceSEIrank":119,"audienceScore":0,"combinedScore":0,"combinedScoreRank":119,"engagementSEI":0,"engagementSEIadj":0,"engagementSEIrank":118,"engagementScore":0,"voiceSEI":0,"voiceSEIadj":0,"voiceSEIrank":117,"voiceScore":0},"scoped":{"SEI":0,"SEIrank":102,"SEIadj":0,"audienceSEI":0,"audienceSEIadj":0,"audienceSEIrank":102,"audienceScore":0,"combinedScore":0,"combinedScoreRank":102,"engagementSEI":0,"engagementSEIadj":0,"engagementSEIrank":102,"engagementScore":0,"voiceSEI":0,"voiceSEIadj":0,"voiceSEIrank":102,"voiceScore":0}}},"hour":{"boundaryQuantum":4984410,"combined":{"entityString":"536575feb08f37d80186a13c","type":"combined","profiles":2,"postsMade":0,"repliesMade":0,"repliesRcvd":0,"sharesMade":0,"sharesRcvd":0,"mentionsRcvd":0,"likesRcvd":0,"reachRcvd":0,"audience":16835,"voice":0,"conversation":0,"engagement":0,"group_scoped":{"audienceScore":1.1545142639260069,"voiceScore":0,"engagementScore":0,"combinedScore":1.1545142639260069,"combinedScoreRank":57,"SEIrank":73,"engagementSEIrank":142,"voiceSEIrank":121,"audienceSEIrank":56,"engagementSEI":0,"engagementSEIadj":0,"voiceSEI":0,"voiceSEIadj":0,"audienceSEI":2.6402541920994684,"audienceSEIadj":2.6402541920994684,"SEI":0.2640254192099469,"SEIadj":0.2640254192099469},"non_scoped":{"SEI":0.06696265206309406,"SEIrank":102,"SEIadj":0,"audienceSEI":0.6696265206309405,"audienceSEIadj":0,"audienceSEIrank":95,"audienceScore":0.12398365256945165,"combinedScore":0.006199182628472583,"combinedScoreRank":109,"engagementSEI":0,"engagementSEIadj":0,"engagementSEIrank":142,"engagementScore":0,"voiceSEI":0,"voiceSEIadj":0,"voiceSEIrank":121,"voiceScore":0},"scoped":{"SEI":0.8790525969516431,"SEIrank":88,"SEIadj":0,"audienceSEI":8.79052596951643,"audienceSEIadj":0,"audienceSEIrank":83,"audienceScore":0.35824065217460693,"combinedScore":0.01791203260873035,"combinedScoreRank":97,"engagementSEI":0,"engagementSEIadj":0,"engagementSEIrank":123,"engagementScore":0,"voiceSEI":0,"voiceSEIadj":0,"voiceSEIrank":104,"voiceScore":0}},"facebook":{"entityString":"536575feb08f37d80186a13c","type":"facebook","profiles":1,"postsMade":0,"repliesMade":0,"repliesRcvd":0,"sharesMade":0,"sharesRcvd":0,"mentionsRcvd":0,"likesRcvd":0,"reachRcvd":0,"audience":13523,"voice":0,"conversation":0,"engagement":0,"group_scoped":{"audienceScore":1.3468814957426274,"voiceScore":0,"engagementScore":0,"combinedScore":1.3468814957426274,"combinedScoreRank":38,"SEIrank":47,"engagementSEIrank":139,"voiceSEIrank":119,"audienceSEIrank":34,"engagementSEI":0,"engagementSEIadj":0,"voiceSEI":0,"voiceSEIadj":0,"audienceSEI":2.5435524340835647,"audienceSEIadj":2.5435524340835647,"SEI":0.25435524340835647,"SEIadj":0.25435524340835647},"non_scoped":{"SEI":0.07349073091838687,"SEIrank":65,"SEIadj":0,"audienceSEI":0.7349073091838687,"audienceSEIadj":0,"audienceSEIrank":60,"audienceScore":0.14100926471431627,"combinedScore":0.007050463235715814,"combinedScoreRank":72,"engagementSEI":0,"engagementSEIadj":0,"engagementSEIrank":139,"engagementScore":0,"voiceSEI":0,"voiceSEIadj":0,"voiceSEIrank":119,"voiceScore":0},"scoped":{"SEI":0.949642207568767,"SEIrank":60,"SEIadj":0,"audienceSEI":9.49642207568767,"audienceSEIadj":0,"audienceSEIrank":49,"audienceScore":0.5813001297748348,"combinedScore":0.029065006488741742,"combinedScoreRank":61,"engagementSEI":0,"engagementSEIadj":0,"engagementSEIrank":120,"engagementScore":0,"voiceSEI":0,"voiceSEIadj":0,"voiceSEIrank":102,"voiceScore":0}},"twitter":{"entityString":"536575feb08f37d80186a13c","type":"twitter","profiles":1,"postsMade":0,"repliesMade":0,"repliesRcvd":0,"sharesMade":0,"sharesRcvd":0,"mentionsRcvd":0,"likesRcvd":0,"reachRcvd":0,"audience":3312,"voice":0,"conversation":0,"engagement":0,"group_scoped":{"audienceScore":0.8181191657753483,"voiceScore":0,"engagementScore":0,"combinedScore":0.8181191657753483,"combinedScoreRank":157,"SEIrank":144,"engagementSEIrank":130,"voiceSEIrank":121,"audienceSEIrank":137,"engagementSEI":0,"engagementSEIadj":0,"voiceSEI":0,"voiceSEIadj":0,"audienceSEI":2.841381913643266,"audienceSEIadj":2.841381913643266,"SEI":0.2841381913643266,"SEIadj":0.2841381913643266},"non_scoped":{"SEI":0.059775624828542144,"SEIrank":168,"SEIadj":0,"audienceSEI":0.5977562482854214,"audienceSEIadj":0,"audienceSEIrank":166,"audienceScore":0.09673931267185687,"combinedScore":0.0048369656335928435,"combinedScoreRank":168,"engagementSEI":0,"engagementSEIadj":0,"engagementSEIrank":130,"engagementScore":0,"voiceSEI":0,"voiceSEIadj":0,"voiceSEIrank":121,"voiceScore":0},"scoped":{"SEI":0.2841381913643266,"SEIrank":152,"SEIadj":0,"audienceSEI":2.841381913643266,"audienceSEIadj":0,"audienceSEIrank":150,"audienceScore":0.15357735067941283,"combinedScore":0.007678867533970642,"combinedScoreRank":152,"engagementSEI":0,"engagementSEIadj":0,"engagementSEIrank":113,"engagementScore":0,"voiceSEI":0,"voiceSEIadj":0,"voiceSEIrank":104,"voiceScore":0}},"instagram":{"entityString":"536575feb08f37d80186a13c","type":"instagram","profiles":0,"postsMade":0,"repliesMade":0,"repliesRcvd":0,"sharesMade":0,"sharesRcvd":0,"mentionsRcvd":0,"likesRcvd":0,"reachRcvd":0,"audience":0,"voice":0,"conversation":0,"engagement":0,"group_scoped":{"audienceScore":0,"voiceScore":0,"engagementScore":0,"combinedScore":0,"combinedScoreRank":137,"SEIrank":119,"engagementSEIrank":118,"voiceSEIrank":117,"audienceSEIrank":119,"engagementSEI":0,"engagementSEIadj":0,"voiceSEI":0,"voiceSEIadj":0,"audienceSEI":0,"audienceSEIadj":0,"SEI":0,"SEIadj":0},"non_scoped":{"SEI":0,"SEIrank":119,"SEIadj":0,"audienceSEI":0,"audienceSEIadj":0,"audienceSEIrank":119,"audienceScore":0,"combinedScore":0,"combinedScoreRank":119,"engagementSEI":0,"engagementSEIadj":0,"engagementSEIrank":118,"engagementScore":0,"voiceSEI":0,"voiceSEIadj":0,"voiceSEIrank":117,"voiceScore":0},"scoped":{"SEI":0,"SEIrank":102,"SEIadj":0,"audienceSEI":0,"audienceSEIadj":0,"audienceSEIrank":102,"audienceScore":0,"combinedScore":0,"combinedScoreRank":102,"engagementSEI":0,"engagementSEIadj":0,"engagementSEIrank":102,"engagementScore":0,"voiceSEI":0,"voiceSEIadj":0,"voiceSEIrank":102,"voiceScore":0}}},"today":{"boundaryQuantum":4984134,"combined":{"entityString":"536575feb08f37d80186a13c","type":"combined","profiles":2,"postsMade":2,"repliesMade":0,"repliesRcvd":16,"sharesMade":0,"sharesRcvd":19,"mentionsRcvd":0,"likesRcvd":52,"reachRcvd":0,"audience":16835,"voice":2,"conversation":18,"engagement":87,"group_scoped":{"audienceScore":1.1545142639260069,"voiceScore":1.6666666666666667,"engagementScore":0.5015565548253199,"combinedScore":0.5924599458724216,"combinedScoreRank":57,"SEIrank":56,"engagementSEIrank":36,"voiceSEIrank":56,"audienceSEIrank":56,"engagementSEI":0.5553782317267795,"engagementSEIadj":0.5553782317267795,"voiceSEI":3.571428571428571,"voiceSEIadj":3.571428571428571,"audienceSEI":2.6402541920994684,"audienceSEIadj":2.6402541920994684,"SEI":1.668680929674586,"SEIadj":1.668680929674586},"non_scoped":{"SEI":0.7530323800339654,"SEIrank":59,"SEIadj":0,"audienceSEI":0.6696265206309405,"audienceSEIadj":0,"audienceSEIrank":95,"audienceScore":0.12398365256945165,"combinedScore":0.03939089349710638,"combinedScoreRank":61,"engagementSEI":0.044548447717020066,"engagementSEIadj":0,"engagementSEIrank":46,"engagementScore":0.02321287540822643,"voiceSEI":2.197802197802198,"voiceSEIadj":0,"voiceSEIrank":60,"voiceScore":0.24600246002460024},"scoped":{"SEI":3.241589904306064,"SEIrank":63,"SEIadj":0,"audienceSEI":8.79052596951643,"audienceSEIadj":0,"audienceSEIrank":83,"audienceScore":0.35824065217460693,"combinedScore":0.2533352090086348,"combinedScoreRank":42,"engagementSEI":0.48928631685507,"engagementSEIadj":0,"engagementSEIrank":38,"engagementScore":0.23257057313943544,"voiceSEI":6.896551724137931,"voiceSEIadj":0,"voiceSEIrank":51,"voiceScore":0.5221932114882507}},"facebook":{"entityString":"536575feb08f37d80186a13c","type":"facebook","profiles":1,"postsMade":2,"repliesMade":0,"repliesRcvd":16,"sharesMade":0,"sharesRcvd":18,"mentionsRcvd":0,"likesRcvd":50,"reachRcvd":0,"audience":13523,"voice":2,"conversation":18,"engagement":84,"group_scoped":{"audienceScore":1.3468814957426274,"voiceScore":5,"engagementScore":0.5048380311316786,"combinedScore":0.7716983028056421,"combinedScoreRank":43,"SEIrank":25,"engagementSEIrank":31,"voiceSEIrank":21,"audienceSEIrank":34,"engagementSEI":0.5479094644837258,"engagementSEIadj":0.5479094644837258,"voiceSEI":9.090909090909092,"voiceSEIadj":9.090909090909092,"audienceSEI":2.5435524340835647,"audienceSEIadj":2.5435524340835647,"SEI":3.3103736493713196,"SEIadj":3.3103736493713196},"non_scoped":{"SEI":1.6387876153642071,"SEIrank":26,"SEIadj":0,"audienceSEI":0.7349073091838687,"audienceSEIadj":0,"audienceSEIrank":60,"audienceScore":0.14100926471431627,"combinedScore":0.06368112540901,"combinedScoreRank":36,"engagementSEI":0.044725576640470256,"engagementSEIadj":0,"engagementSEIrank":39,"engagementScore":0.02513006303457478,"voiceSEI":5.128205128205128,"voiceSEIadj":0,"voiceSEIrank":23,"voiceScore":0.6802721088435374},"scoped":{"SEI":7.386358285105825,"SEIrank":24,"SEIadj":0,"audienceSEI":9.49642207568767,"audienceSEIadj":0,"audienceSEIrank":49,"audienceScore":0.5813001297748348,"combinedScore":0.6458962583040191,"combinedScoreRank":31,"engagementSEI":2.394526795895097,"engagementSEIadj":0,"engagementSEIrank":31,"engagementScore":0.5591054313099041,"voiceSEI":16.666666666666664,"voiceSEIadj":0,"voiceSEIrank":15,"voiceScore":2.272727272727273}},"twitter":{"entityString":"536575feb08f37d80186a13c","type":"twitter","profiles":1,"postsMade":0,"repliesMade":0,"repliesRcvd":0,"sharesMade":0,"sharesRcvd":1,"mentionsRcvd":0,"likesRcvd":2,"reachRcvd":0,"audience":3312,"voice":0,"conversation":0,"engagement":3,"group_scoped":{"audienceScore":0.8181191657753483,"voiceScore":0,"engagementScore":0.5545286506469501,"combinedScore":0.5921844385224355,"combinedScoreRank":165,"SEIrank":116,"engagementSEIrank":90,"voiceSEIrank":159,"audienceSEIrank":137,"engagementSEI":1.7857142857142856,"engagementSEIadj":1.7857142857142856,"voiceSEI":0,"voiceSEIadj":0,"audienceSEI":2.841381913643266,"audienceSEIadj":2.841381913643266,"SEI":1.355566762792898,"SEIadj":1.355566762792898},"non_scoped":{"SEI":0.17326868914127858,"SEIrank":138,"SEIadj":0,"audienceSEI":0.5977562482854214,"audienceSEIadj":0,"audienceSEIrank":166,"audienceScore":0.09673931267185687,"combinedScore":0.04757200836863558,"combinedScoreRank":104,"engagementSEI":0.18915510718789408,"engagementSEIadj":0,"engagementSEIrank":93,"engagementScore":0.04748338081671415,"voiceSEI":0,"voiceSEIadj":0,"voiceSEIrank":159,"voiceScore":0},"scoped":{"SEI":0.6187106820706463,"SEIrank":137,"SEIadj":0,"audienceSEI":2.841381913643266,"audienceSEIadj":0,"audienceSEIrank":150,"audienceScore":0.15357735067941283,"combinedScore":0.08278317907778149,"combinedScoreRank":93,"engagementSEI":0.5576208178438662,"engagementSEIadj":0,"engagementSEIrank":83,"engagementScore":0.08344923504867872,"voiceSEI":0,"voiceSEIadj":0,"voiceSEIrank":139,"voiceScore":0}},"instagram":{"entityString":"536575feb08f37d80186a13c","type":"instagram","profiles":0,"postsMade":0,"repliesMade":0,"repliesRcvd":0,"sharesMade":0,"sharesRcvd":0,"mentionsRcvd":0,"likesRcvd":0,"reachRcvd":0,"audience":0,"voice":0,"conversation":0,"engagement":0,"group_scoped":{"audienceScore":0,"voiceScore":0,"engagementScore":0,"combinedScore":0,"combinedScoreRank":137,"SEIrank":119,"engagementSEIrank":119,"voiceSEIrank":119,"audienceSEIrank":119,"engagementSEI":0,"engagementSEIadj":0,"voiceSEI":0,"voiceSEIadj":0,"audienceSEI":0,"audienceSEIadj":0,"SEI":0,"SEIadj":0},"non_scoped":{"SEI":0,"SEIrank":119,"SEIadj":0,"audienceSEI":0,"audienceSEIadj":0,"audienceSEIrank":119,"audienceScore":0,"combinedScore":0,"combinedScoreRank":119,"engagementSEI":0,"engagementSEIadj":0,"engagementSEIrank":119,"engagementScore":0,"voiceSEI":0,"voiceSEIadj":0,"voiceSEIrank":119,"voiceScore":0},"scoped":{"SEI":0,"SEIrank":102,"SEIadj":0,"audienceSEI":0,"audienceSEIadj":0,"audienceSEIrank":102,"audienceScore":0,"combinedScore":0,"combinedScoreRank":102,"engagementSEI":0,"engagementSEIadj":0,"engagementSEIrank":102,"engagementScore":0,"voiceSEI":0,"voiceSEIadj":0,"voiceSEIrank":102,"voiceScore":0}}},"week":{"boundaryQuantum":4982406,"combined":{"entityString":"536575feb08f37d80186a13c","type":"combined","profiles":2,"postsMade":28,"repliesMade":0,"repliesRcvd":94,"sharesMade":0,"sharesRcvd":161,"mentionsRcvd":0,"likesRcvd":231,"reachRcvd":0,"audience":16835,"voice":28,"conversation":122,"engagement":486,"group_scoped":{"audienceScore":1.1545142639260069,"voiceScore":2.051282051282051,"engagementScore":0.23381459368700597,"combinedScore":0.37072295007870826,"combinedScoreRank":74,"SEIrank":59,"engagementSEIrank":59,"voiceSEIrank":53,"audienceSEIrank":56,"engagementSEI":0.2619451855445064,"engagementSEIadj":0.2619451855445064,"voiceSEI":4.861111111111112,"voiceSEIadj":4.861111111111112,"audienceSEI":2.6402541920994684,"audienceSEIadj":2.6402541920994684,"SEI":1.8795258638699843,"SEIadj":1.8795258638699843},"non_scoped":{"SEI":1.0735446945318052,"SEIrank":62,"SEIadj":0,"audienceSEI":0.6696265206309405,"audienceSEIadj":0,"audienceSEIrank":95,"audienceScore":0.12398365256945165,"combinedScore":0.03969031271625566,"combinedScoreRank":83,"engagementSEI":0.04972976070366589,"engagementSEIadj":0,"engagementSEIrank":77,"engagementScore":0.020269162804334596,"voiceSEI":3.255813953488372,"voiceSEIadj":0,"voiceSEIrank":60,"voiceScore":0.30497767127763864},"scoped":{"SEI":5.632605910816241,"SEIrank":66,"SEIadj":0,"audienceSEI":8.79052596951643,"audienceSEIadj":0,"audienceSEIrank":83,"audienceScore":0.35824065217460693,"combinedScore":0.26231587221092684,"combinedScoreRank":71,"engagementSEI":1.6162825501346905,"engagementSEIadj":0,"engagementSEIrank":68,"engagementScore":0.23605296134754186,"voiceSEI":12.612612612612612,"voiceSEIadj":0,"voiceSEIrank":50,"voiceScore":0.6391234877881762}},"facebook":{"entityString":"536575feb08f37d80186a13c","type":"facebook","profiles":1,"postsMade":16,"repliesMade":0,"repliesRcvd":94,"sharesMade":0,"sharesRcvd":146,"mentionsRcvd":0,"likesRcvd":215,"reachRcvd":0,"audience":13523,"voice":16,"conversation":110,"engagement":455,"group_scoped":{"audienceScore":1.3468814957426274,"voiceScore":3.50109409190372,"engagementScore":0.22842282822603316,"combinedScore":0.44797932478574726,"combinedScoreRank":50,"SEIrank":30,"engagementSEIrank":51,"voiceSEIrank":21,"audienceSEIrank":34,"engagementSEI":0.2531744176988393,"engagementSEIadj":0.2531744176988393,"voiceSEI":6.808510638297872,"voiceSEIadj":6.808510638297872,"audienceSEI":2.5435524340835647,"audienceSEIadj":2.5435524340835647,"SEI":2.4488130855170214,"SEIadj":2.4488130855170214},"non_scoped":{"SEI":1.324246975627714,"SEIrank":36,"SEIadj":0,"audienceSEI":0.7349073091838687,"audienceSEIadj":0,"audienceSEIrank":60,"audienceScore":0.14100926471431627,"combinedScore":0.05058350891574462,"combinedScoreRank":52,"engagementSEI":0.04897033151300028,"engagementSEIadj":0,"engagementSEIrank":60,"engagementScore":0.02090978233146371,"voiceSEI":4.071246819338422,"voiceSEIadj":0,"voiceSEIrank":25,"voiceScore":0.4942848316342292},"scoped":{"SEI":8.480233289490648,"SEIrank":42,"SEIadj":0,"audienceSEI":9.49642207568767,"audienceSEIadj":0,"audienceSEIrank":49,"audienceScore":0.5813001297748348,"combinedScore":0.40017922241200904,"combinedScoreRank":49,"engagementSEI":3.4600760456273765,"engagementSEIadj":0,"engagementSEIrank":51,"engagementScore":0.3370195619486397,"voiceSEI":18.181818181818183,"voiceSEIadj":0,"voiceSEIrank":17,"voiceScore":1.3559322033898304}},"twitter":{"entityString":"536575feb08f37d80186a13c","type":"twitter","profiles":1,"postsMade":12,"repliesMade":0,"repliesRcvd":0,"sharesMade":0,"sharesRcvd":15,"mentionsRcvd":0,"likesRcvd":16,"reachRcvd":0,"audience":3312,"voice":12,"conversation":12,"engagement":31,"group_scoped":{"audienceScore":0.8181191657753483,"voiceScore":1.3377926421404682,"engagementScore":0.6399669694467383,"combinedScore":0.6837658628978552,"combinedScoreRank":128,"SEIrank":103,"engagementSEIrank":102,"voiceSEIrank":83,"audienceSEIrank":137,"engagementSEI":1.5531062124248496,"engagementSEIadj":1.5531062124248496,"voiceSEI":3.6363636363636362,"voiceSEIadj":3.6363636363636362,"audienceSEI":2.841381913643266,"audienceSEIadj":2.841381913643266,"SEI":2.306911009728327,"SEIadj":2.306911009728327},"non_scoped":{"SEI":0.924325084380635,"SEIrank":106,"SEIadj":0,"audienceSEI":0.5977562482854214,"audienceSEIadj":0,"audienceSEIrank":166,"audienceScore":0.09673931267185687,"combinedScore":0.0607906434162971,"combinedScoreRank":128,"engagementSEI":0.19867974107543424,"engagementSEIadj":0,"engagementSEIrank":125,"engagementScore":0.050546225338333604,"voiceSEI":2.484472049689441,"voiceSEIadj":0,"voiceSEIrank":90,"voiceScore":0.2092414995640802},"scoped":{"SEI":3.2152018770011828,"SEIrank":106,"SEIadj":0,"audienceSEI":2.841381913643266,"audienceSEIadj":0,"audienceSEIrank":150,"audienceScore":0.15357735067941283,"combinedScore":0.1225472930676279,"combinedScoreRank":118,"engagementSEI":1.1814024390243902,"engagementSEIadj":0,"engagementSEIrank":114,"engagementScore":0.10638662960293765,"voiceSEI":7.4074074074074066,"voiceSEIadj":0,"voiceSEIrank":80,"voiceScore":0.3824091778202677}},"instagram":{"entityString":"536575feb08f37d80186a13c","type":"instagram","profiles":0,"postsMade":0,"repliesMade":0,"repliesRcvd":0,"sharesMade":0,"sharesRcvd":0,"mentionsRcvd":0,"likesRcvd":0,"reachRcvd":0,"audience":0,"voice":0,"conversation":0,"engagement":0,"group_scoped":{"audienceScore":0,"voiceScore":0,"engagementScore":0,"combinedScore":0,"combinedScoreRank":137,"SEIrank":119,"engagementSEIrank":119,"voiceSEIrank":119,"audienceSEIrank":119,"engagementSEI":0,"engagementSEIadj":0,"voiceSEI":0,"voiceSEIadj":0,"audienceSEI":0,"audienceSEIadj":0,"SEI":0,"SEIadj":0},"non_scoped":{"SEI":0,"SEIrank":119,"SEIadj":0,"audienceSEI":0,"audienceSEIadj":0,"audienceSEIrank":119,"audienceScore":0,"combinedScore":0,"combinedScoreRank":119,"engagementSEI":0,"engagementSEIadj":0,"engagementSEIrank":119,"engagementScore":0,"voiceSEI":0,"voiceSEIadj":0,"voiceSEIrank":119,"voiceScore":0},"scoped":{"SEI":0,"SEIrank":102,"SEIadj":0,"audienceSEI":0,"audienceSEIadj":0,"audienceSEIrank":102,"audienceScore":0,"combinedScore":0,"combinedScoreRank":102,"engagementSEI":0,"engagementSEIadj":0,"engagementSEIrank":102,"engagementScore":0,"voiceSEI":0,"voiceSEIadj":0,"voiceSEIrank":102,"voiceScore":0}}},"month":{"boundaryQuantum":4975782,"combined":{"entityString":"536575feb08f37d80186a13c","type":"combined","profiles":2,"postsMade":88,"repliesMade":0,"repliesRcvd":190,"sharesMade":0,"sharesRcvd":505,"mentionsRcvd":0,"likesRcvd":1030,"reachRcvd":0,"audience":16835,"voice":88,"conversation":278,"engagement":1725,"group_scoped":{"audienceScore":1.1545142639260069,"voiceScore":1.5719899964272956,"engagementScore":0.19600201342358137,"combinedScore":0.3127270250988884,"combinedScoreRank":81,"SEIrank":73,"engagementSEIrank":78,"voiceSEIrank":67,"audienceSEIrank":56,"engagementSEI":0.22154837267903998,"engagementSEIadj":0.22154837267903998,"voiceSEI":3.801295896328294,"voiceSEIadj":3.801295896328294,"audienceSEI":2.6402541920994684,"audienceSEIadj":2.6402541920994684,"SEI":1.537343211715859,"SEIadj":1.537343211715859},"non_scoped":{"SEI":0.8250067825894004,"SEIrank":79,"SEIadj":0,"audienceSEI":0.6696265206309405,"audienceSEIadj":0,"audienceSEIrank":95,"audienceScore":0.12398365256945165,"combinedScore":0.034723241829425634,"combinedScoreRank":89,"engagementSEI":0.04760141308589061,"engagementSEIadj":0,"engagementSEIrank":78,"engagementScore":0.018747843997940238,"voiceSEI":2.43161094224924,"voiceSEIadj":0,"voiceSEIrank":74,"voiceScore":0.23301999205613666},"scoped":{"SEI":4.615429060116549,"SEIrank":78,"SEIadj":0,"audienceSEI":8.79052596951643,"audienceSEIadj":0,"audienceSEIrank":83,"audienceScore":0.35824065217460693,"combinedScore":0.20611740186941732,"combinedScoreRank":73,"engagementSEI":1.5957151579064215,"engagementSEIadj":0,"engagementSEIrank":69,"engagementScore":0.18182009823555453,"voiceSEI":9.263157894736842,"voiceSEIadj":0,"voiceSEIrank":64,"voiceScore":0.49134561697375767}},"facebook":{"entityString":"536575feb08f37d80186a13c","type":"facebook","profiles":1,"postsMade":45,"repliesMade":0,"repliesRcvd":190,"sharesMade":0,"sharesRcvd":395,"mentionsRcvd":0,"likesRcvd":791,"reachRcvd":0,"audience":13523,"voice":45,"conversation":235,"engagement":1376,"group_scoped":{"audienceScore":1.3468814957426274,"voiceScore":2.308876346844536,"engagementScore":0.1617953641395156,"combinedScore":0.3284037198549222,"combinedScoreRank":64,"SEIrank":42,"engagementSEIrank":69,"voiceSEIrank":37,"audienceSEIrank":34,"engagementSEI":0.18061772311408056,"engagementSEIadj":0.18061772311408056,"voiceSEI":4.4422507403751235,"voiceSEIadj":4.4422507403751235,"audienceSEI":2.5435524340835647,"audienceSEIadj":2.5435524340835647,"SEI":1.6954010993893418,"SEIadj":1.6954010993893418},"non_scoped":{"SEI":0.95801431596088,"SEIrank":50,"SEIadj":0,"audienceSEI":0.7349073091838687,"audienceSEIadj":0,"audienceSEIrank":60,"audienceScore":0.14100926471431627,"combinedScore":0.03853832654466816,"combinedScoreRank":66,"engagementSEI":0.040171558244818203,"engagementSEIadj":0,"engagementSEIrank":70,"engagementScore":0.01663789093451382,"voiceSEI":2.8680688336520075,"voiceSEIadj":0,"voiceSEIrank":43,"voiceScore":0.3302752293577982},"scoped":{"SEI":6.252819936978119,"SEIrank":50,"SEIadj":0,"audienceSEI":9.49642207568767,"audienceSEIadj":0,"audienceSEIrank":49,"audienceScore":0.5813001297748348,"combinedScore":0.2578434221232009,"combinedScoreRank":60,"engagementSEI":1.4856883725449972,"engagementSEIadj":0,"engagementSEIrank":61,"engagementScore":0.20305257674605295,"voiceSEI":14.705882352941178,"voiceSEIadj":0,"voiceSEIrank":35,"voiceScore":0.9206219312602291}},"twitter":{"entityString":"536575feb08f37d80186a13c","type":"twitter","profiles":1,"postsMade":43,"repliesMade":0,"repliesRcvd":0,"sharesMade":0,"sharesRcvd":110,"mentionsRcvd":0,"likesRcvd":239,"reachRcvd":0,"audience":3312,"voice":43,"conversation":43,"engagement":349,"group_scoped":{"audienceScore":0.8181191657753483,"voiceScore":1.1891592920353982,"engagementScore":1.7611141948831812,"combinedScore":1.6853666982854005,"combinedScoreRank":75,"SEIrank":81,"engagementSEIrank":68,"voiceSEIrank":88,"audienceSEIrank":137,"engagementSEI":5.0129273197357085,"engagementSEIadj":5.0129273197357085,"voiceSEI":3.38849487785658,"voiceSEIadj":3.38849487785658,"audienceSEI":2.841381913643266,"audienceSEIadj":2.841381913643266,"SEI":4.308443046562726,"SEIadj":4.308443046562726},"non_scoped":{"SEI":1.070699493119362,"SEIrank":104,"SEIadj":0,"audienceSEI":0.5977562482854214,"audienceSEIadj":0,"audienceSEIrank":166,"audienceScore":0.09673931267185687,"combinedScore":0.14425330058969477,"combinedScoreRank":102,"engagementSEI":0.6055558447417279,"engagementSEIadj":0,"engagementSEIrank":92,"engagementScore":0.14465781587422646,"voiceSEI":2.1586345381526106,"voiceSEIadj":0,"voiceSEIrank":95,"voiceScore":0.1844860133859619},"scoped":{"SEI":4.352943692642775,"SEIrank":94,"SEIadj":0,"audienceSEI":2.841381913643266,"audienceSEIadj":0,"audienceSEIrank":150,"audienceScore":0.15357735067941283,"combinedScore":0.28876137607927344,"combinedScoreRank":90,"engagementSEI":3.44283318536056,"engagementSEIadj":0,"engagementSEIrank":82,"engagementScore":0.29363757214734043,"voiceSEI":6.6770186335403725,"voiceSEIadj":0,"voiceSEIrank":85,"voiceScore":0.33617387225392853}},"instagram":{"entityString":"536575feb08f37d80186a13c","type":"instagram","profiles":0,"postsMade":0,"repliesMade":0,"repliesRcvd":0,"sharesMade":0,"sharesRcvd":0,"mentionsRcvd":0,"likesRcvd":0,"reachRcvd":0,"audience":0,"voice":0,"conversation":0,"engagement":0,"group_scoped":{"audienceScore":0,"voiceScore":0,"engagementScore":0,"combinedScore":0,"combinedScoreRank":137,"SEIrank":119,"engagementSEIrank":119,"voiceSEIrank":119,"audienceSEIrank":119,"engagementSEI":0,"engagementSEIadj":0,"voiceSEI":0,"voiceSEIadj":0,"audienceSEI":0,"audienceSEIadj":0,"SEI":0,"SEIadj":0},"non_scoped":{"SEI":0,"SEIrank":119,"SEIadj":0,"audienceSEI":0,"audienceSEIadj":0,"audienceSEIrank":119,"audienceScore":0,"combinedScore":0,"combinedScoreRank":119,"engagementSEI":0,"engagementSEIadj":0,"engagementSEIrank":119,"engagementScore":0,"voiceSEI":0,"voiceSEIadj":0,"voiceSEIrank":119,"voiceScore":0},"scoped":{"SEI":0,"SEIrank":102,"SEIadj":0,"audienceSEI":0,"audienceSEIadj":0,"audienceSEIrank":102,"audienceScore":0,"combinedScore":0,"combinedScoreRank":102,"engagementSEI":0,"engagementSEIadj":0,"engagementSEIrank":102,"engagementScore":0,"voiceSEI":0,"voiceSEIadj":0,"voiceSEIrank":102,"voiceScore":0}}},"quarter":{"boundaryQuantum":4958502,"combined":{"entityString":"536575feb08f37d80186a13c","type":"combined","profiles":2,"postsMade":165,"repliesMade":0,"repliesRcvd":366,"sharesMade":0,"sharesRcvd":945,"mentionsRcvd":0,"likesRcvd":2047,"reachRcvd":0,"audience":16835,"voice":165,"conversation":531,"engagement":3358,"group_scoped":{"audienceScore":1.1545142639260069,"voiceScore":0.9854276158623985,"engagementScore":0.10595824210290823,"combinedScore":0.2023595118820377,"combinedScoreRank":110,"SEIrank":90,"engagementSEIrank":106,"voiceSEIrank":94,"audienceSEIrank":56,"engagementSEI":0.11737630746300795,"engagementSEIadj":0.11737630746300795,"voiceSEI":2.3666092943201376,"voiceSEIadj":2.3666092943201376,"audienceSEI":2.6402541920994684,"audienceSEIadj":2.6402541920994684,"SEI":1.0444339919837928,"SEIadj":1.0444339919837928},"non_scoped":{"SEI":0.5468093009464737,"SEIrank":107,"SEIadj":0,"audienceSEI":0.6696265206309405,"audienceSEIadj":0,"audienceSEIrank":95,"audienceScore":0.12398365256945165,"combinedScore":0.02374786272397223,"combinedScoreRank":103,"engagementSEI":0.029292416299842684,"engagementSEIadj":0,"engagementSEIrank":95,"engagementScore":0.011344586929333156,"voiceSEI":1.54090399701158,"voiceSEIadj":0,"voiceSEIrank":108,"voiceScore":0.14677103718199608},"scoped":{"SEI":3.213578890480525,"SEIrank":97,"SEIadj":0,"audienceSEI":8.79052596951643,"audienceSEIadj":0,"audienceSEIrank":83,"audienceScore":0.35824065217460693,"combinedScore":0.13310162214823468,"combinedScoreRank":88,"engagementSEI":0.6795108654961057,"engagementSEIadj":0,"engagementSEIrank":85,"engagementScore":0.1108403733584369,"voiceSEI":6.422732580770727,"voiceSEIadj":0,"voiceSEIrank":98,"voiceScore":0.3086650703382221}},"facebook":{"entityString":"536575feb08f37d80186a13c","type":"facebook","profiles":1,"postsMade":83,"repliesMade":0,"repliesRcvd":366,"sharesMade":0,"sharesRcvd":807,"mentionsRcvd":0,"likesRcvd":1751,"reachRcvd":0,"audience":13523,"voice":83,"conversation":449,"engagement":2924,"group_scoped":{"audienceScore":1.3468814957426274,"voiceScore":1.4439805149617257,"engagementScore":0.09584584945514715,"combinedScore":0.22580436504485013,"combinedScoreRank":76,"SEIrank":65,"engagementSEIrank":82,"voiceSEIrank":57,"audienceSEIrank":34,"engagementSEI":0.10489445264754459,"engagementSEIadj":0.10489445264754459,"voiceSEI":2.730263157894737,"voiceSEIadj":2.730263157894737,"audienceSEI":2.5435524340835647,"audienceSEIadj":2.5435524340835647,"SEI":1.1363708623653044,"SEIadj":1.1363708623653044},"non_scoped":{"SEI":0.6121142345547638,"SEIrank":68,"SEIadj":0,"audienceSEI":0.7349073091838687,"audienceSEIadj":0,"audienceSEIrank":60,"audienceScore":0.14100926471431627,"combinedScore":0.027164452460635938,"combinedScoreRank":80,"engagementSEI":0.02640623830221253,"engagementSEIadj":0,"engagementSEIrank":81,"engagementScore":0.010989222031105136,"voiceSEI":1.742599202183498,"voiceSEIadj":0,"voiceSEIrank":63,"voiceScore":0.20447378793851004},"scoped":{"SEI":5.478089679920835,"SEIrank":71,"SEIadj":0,"audienceSEI":9.49642207568767,"audienceSEIadj":0,"audienceSEIrank":49,"audienceScore":0.5813001297748348,"combinedScore":0.18958495114379012,"combinedScoreRank":74,"engagementSEI":2.4864368441640163,"engagementSEIadj":0,"engagementSEIrank":72,"engagementScore":0.14688462925696671,"voiceSEI":10.121951219512196,"voiceSEIadj":0,"voiceSEIrank":54,"voiceScore":0.5664755664755665}},"twitter":{"entityString":"536575feb08f37d80186a13c","type":"twitter","profiles":1,"postsMade":82,"repliesMade":0,"repliesRcvd":0,"sharesMade":0,"sharesRcvd":138,"mentionsRcvd":0,"likesRcvd":296,"reachRcvd":0,"audience":3312,"voice":82,"conversation":82,"engagement":434,"group_scoped":{"audienceScore":0.8181191657753483,"voiceScore":0.754855932983522,"engagementScore":0.6242718027646322,"combinedScore":0.6404933774261126,"combinedScoreRank":129,"SEIrank":121,"engagementSEIrank":109,"voiceSEIrank":117,"audienceSEIrank":137,"engagementSEI":1.7786885245901638,"engagementSEIadj":1.7786885245901638,"voiceSEI":2.1584627533561465,"voiceSEIadj":2.1584627533561465,"audienceSEI":2.841381913643266,"audienceSEIadj":2.841381913643266,"SEI":1.9988901321252688,"SEIadj":1.9988901321252688},"non_scoped":{"SEI":0.5927169200420412,"SEIrank":139,"SEIadj":0,"audienceSEI":0.5977562482854214,"audienceSEIadj":0,"audienceSEIrank":166,"audienceScore":0.09673931267185687,"combinedScore":0.05772417063509227,"combinedScoreRank":135,"engagementSEI":0.2058120566030578,"engagementSEIadj":0,"engagementSEIrank":128,"engagementScore":0.05221869284820483,"voiceSEI":1.3648468708388815,"voiceSEIadj":0,"voiceSEIrank":125,"voiceScore":0.11780762876230155},"scoped":{"SEI":2.4799756242020243,"SEIrank":130,"SEIadj":0,"audienceSEI":2.841381913643266,"audienceSEIadj":0,"audienceSEIrank":150,"audienceScore":0.15357735067941283,"combinedScore":0.11585685021382669,"combinedScoreRank":124,"engagementSEI":1.3653809853394576,"engagementSEIadj":0,"engagementSEIrank":117,"engagementScore":0.10826128386906869,"voiceSEI":4.588696138780078,"voiceSEIadj":0,"voiceSEIrank":115,"voiceScore":0.21485654395388443}},"instagram":{"entityString":"536575feb08f37d80186a13c","type":"instagram","profiles":0,"postsMade":0,"repliesMade":0,"repliesRcvd":0,"sharesMade":0,"sharesRcvd":0,"mentionsRcvd":0,"likesRcvd":0,"reachRcvd":0,"audience":0,"voice":0,"conversation":0,"engagement":0,"group_scoped":{"audienceScore":0,"voiceScore":0,"engagementScore":0,"combinedScore":0,"combinedScoreRank":137,"SEIrank":119,"engagementSEIrank":119,"voiceSEIrank":119,"audienceSEIrank":119,"engagementSEI":0,"engagementSEIadj":0,"voiceSEI":0,"voiceSEIadj":0,"audienceSEI":0,"audienceSEIadj":0,"SEI":0,"SEIadj":0},"non_scoped":{"SEI":0,"SEIrank":119,"SEIadj":0,"audienceSEI":0,"audienceSEIadj":0,"audienceSEIrank":119,"audienceScore":0,"combinedScore":0,"combinedScoreRank":119,"engagementSEI":0,"engagementSEIadj":0,"engagementSEIrank":119,"engagementScore":0,"voiceSEI":0,"voiceSEIadj":0,"voiceSEIrank":119,"voiceScore":0},"scoped":{"SEI":0,"SEIrank":102,"SEIadj":0,"audienceSEI":0,"audienceSEIadj":0,"audienceSEIrank":102,"audienceScore":0,"combinedScore":0,"combinedScoreRank":102,"engagementSEI":0,"engagementSEIadj":0,"engagementSEIrank":102,"engagementScore":0,"voiceSEI":0,"voiceSEIadj":0,"voiceSEIrank":102,"voiceScore":0}}},"blended":{"combined":{"non_scoped":{"SEI":0.7568706952228867,"SEIadj":50.37843534761144,"SEIrank":87,"audienceSEI":0.6696265206309405,"audienceSEIadj":50.33481326031547,"audienceSEIrank":95,"engagementSEI":0.038932770709755704,"engagementSEIadj":50.019466385354875,"engagementSEIrank":84,"voiceSEI":2.2218279357797974,"voiceSEIadj":51.1109139678899,"voiceSEIrank":82},"scoped":{"SEI":3.154733455265619,"SEIadj":51.57736672763281,"SEIrank":146,"compCharisma":0,"compInfluence":0,"compEva":3.154733455265619,"audienceSEI":8.790525969516429,"audienceSEIadj":54.39526298475821,"audienceSEIrank":83,"engagementSEI":1.0884617873171767,"engagementSEIadj":50.544230893658586,"engagementSEIrank":74,"voiceSEI":8.72945134458657,"voiceSEIadj":54.36472567229328,"voiceSEIrank":72}},"facebook":{"non_scoped":{"SEI":0.9289727381280385,"SEIadj":60.37158909525122,"SEIrank":45,"audienceSEI":0.7349073091838687,"audienceSEIadj":60.29396292367355,"audienceSEIrank":60,"engagementSEI":0.03615623117375259,"engagementSEIadj":50.018078115586874,"engagementSEIrank":72,"voiceSEI":2.7792942283513336,"voiceSEIadj":61.11171769134053,"voiceSEIrank":43},"scoped":{"SEI":6.5903557316096215,"SEIadj":62.63614229264385,"SEIrank":61,"audienceSEI":9.49642207568767,"audienceSEIadj":63.798568830275066,"audienceSEIrank":49,"engagementSEI":2.6238208314467255,"engagementSEIadj":51.31191041572336,"engagementSEIrank":65,"voiceSEI":13.554736750576064,"voiceSEIadj":65.42189470023042,"voiceSEIrank":40}},"twitter":{"non_scoped":{"SEI":0.7429243437601794,"SEIadj":50.37146217188009,"SEIrank":124,"audienceSEI":0.5977562482854214,"audienceSEIadj":40.35865374897125,"audienceSEIrank":166,"engagementSEI":0.26280108269481306,"engagementSEIadj":50.1314005413474,"engagementSEIrank":126,"voiceSEI":1.7515602310491647,"voiceSEIadj":50.875780115524584,"voiceSEIrank":105},"scoped":{"SEI":2.8884254632013158,"SEIadj":51.44421273160066,"SEIrank":115,"audienceSEI":2.841381913643266,"audienceSEIadj":41.70482914818596,"audienceSEIrank":150,"engagementSEI":1.581417243073323,"engagementSEIadj":50.79070862153666,"engagementSEIrank":113,"voiceSEI":5.518123086643317,"voiceSEIadj":52.75906154332166,"voiceSEIrank":95}},"instagram":{"non_scoped":{"SEI":0,"SEIadj":0,"SEIrank":119,"audienceSEI":0,"audienceSEIadj":0,"audienceSEIrank":119,"engagementSEI":0,"engagementSEIadj":0,"engagementSEIrank":119,"voiceSEI":0,"voiceSEIadj":0,"voiceSEIrank":119},"scoped":{"SEI":0,"SEIadj":0,"SEIrank":102,"audienceSEI":0,"audienceSEIadj":0,"audienceSEIrank":102,"engagementSEI":0,"engagementSEIadj":0,"engagementSEIrank":102,"voiceSEI":0,"voiceSEIadj":0,"voiceSEIrank":102}},"influence":{"instagram":{"scope":"individual","ratio":0,"calculated":false},"combined":{"ratio":0.25,"bottom":false,"scope":"individual","calculated":true},"facebook":{"ratio":0.19,"bottom":false,"scope":"individual","calculated":true},"twitter":{"ratio":0.78,"bottom":false,"scope":"individual","calculated":true}},"charisma":{"instagram":{"scope":"individual","ratio":0,"calculated":false},"combined":{"ratio":0.4,"bottom":false,"scope":"individual","calculated":true},"facebook":{"ratio":0.23,"bottom":false,"scope":"individual","calculated":true},"twitter":{"ratio":0.53,"bottom":false,"scope":"individual","calculated":true}}},"scope":"individual"}}