{"scoreEntityString":"591d1494ab33fb0001804f89.asset.536575ffb08f37d80186dfba","timeQuantum":4984422,"scoreEntityType":"asset","scoreProfileID":"591d1494ab33fb0001804f89","data":{"scoreEntityString":"591d1494ab33fb0001804f89.asset.536575ffb08f37d80186dfba","scoreProfileID":"591d1494ab33fb0001804f89","scoreEntityType":"asset","entityID":"asset.536575ffb08f37d80186dfba","object_version":"1.2","score_engine_version":"3.0.19","timestamp":4984422,"start_quantum":4958502,"end_quantum":4984421,"schedule_options":{"interval":15,"offset":"1"},"_15min":{"boundaryQuantum":4984419,"combined":{"entityString":"536575ffb08f37d80186dfba","type":"combined","profiles":2,"postsMade":0,"repliesMade":0,"repliesRcvd":0,"sharesMade":0,"sharesRcvd":0,"mentionsRcvd":0,"likesRcvd":0,"reachRcvd":0,"audience":1933,"voice":0,"conversation":0,"engagement":0,"group_scoped":{"audienceScore":0.4482287659448166,"voiceScore":0,"engagementScore":0,"combinedScore":0.4482287659448166,"engagementSEI":0,"engagementSEIadj":0,"voiceSEI":0,"voiceSEIadj":0,"audienceSEI":1.2200972038124094,"audienceSEIadj":1.2200972038124094,"SEI":0.12200972038124094,"SEIadj":0.12200972038124094,"combinedScoreRank":138,"SEIrank":97,"engagementSEIrank":198,"voiceSEIrank":197,"audienceSEIrank":97},"non_scoped":{"SEI":0.007688672791087663,"SEIrank":211,"SEIadj":0,"audienceSEI":0.07688672791087663,"audienceSEIadj":0,"audienceSEIrank":211,"audienceScore":0.014235842020596972,"combinedScore":0.0007117921010298487,"combinedScoreRank":211,"engagementSEI":0,"engagementSEIadj":0,"engagementSEIrank":198,"engagementScore":0,"voiceSEI":0,"voiceSEIadj":0,"voiceSEIrank":197,"voiceScore":0},"scoped":{"SEI":0.10093309592560296,"SEIrank":191,"SEIadj":0,"audienceSEI":1.0093309592560296,"audienceSEIadj":0,"audienceSEIrank":191,"audienceScore":0.04113330446412326,"combinedScore":0.005876186352017609,"combinedScoreRank":191,"engagementSEI":0,"engagementSEIadj":0,"engagementSEIrank":178,"engagementScore":0,"voiceSEI":0,"voiceSEIadj":0,"voiceSEIrank":177,"voiceScore":0}},"facebook":{"entityString":"536575ffb08f37d80186dfba","type":"facebook","profiles":1,"postsMade":0,"repliesMade":0,"repliesRcvd":0,"sharesMade":0,"sharesRcvd":0,"mentionsRcvd":0,"likesRcvd":0,"reachRcvd":0,"audience":1,"voice":0,"conversation":0,"engagement":0,"group_scoped":{"audienceScore":0.0004018985688391963,"voiceScore":0,"engagementScore":0,"combinedScore":0.0004018985688391963,"engagementSEI":0,"engagementSEIadj":0,"voiceSEI":0,"voiceSEIadj":0,"audienceSEI":0.0007892846713023986,"audienceSEIadj":0.0007892846713023986,"SEI":0.00007892846713023986,"SEIadj":0.00007892846713023986,"combinedScoreRank":174,"SEIrank":174,"engagementSEIrank":198,"voiceSEIrank":197,"audienceSEIrank":174},"non_scoped":{"SEI":0.00000543449906961376,"SEIrank":188,"SEIadj":0,"audienceSEI":0.0000543449906961376,"audienceSEIadj":0,"audienceSEIrank":188,"audienceScore":0.00001042736557822349,"combinedScore":5.213682789111745e-7,"combinedScoreRank":188,"engagementSEI":0,"engagementSEIadj":0,"engagementSEIrank":198,"engagementScore":0,"voiceSEI":0,"voiceSEIadj":0,"voiceSEIrank":197,"voiceScore":0},"scoped":{"SEI":0.00007022422595346943,"SEIrank":172,"SEIadj":0,"audienceSEI":0.0007022422595346942,"audienceSEIadj":0,"audienceSEIrank":172,"audienceScore":0.000042986033407885445,"combinedScore":0.000006140861915412206,"combinedScoreRank":172,"engagementSEI":0,"engagementSEIadj":0,"engagementSEIrank":178,"engagementScore":0,"voiceSEI":0,"voiceSEIadj":0,"voiceSEIrank":177,"voiceScore":0}},"twitter":{"entityString":"536575ffb08f37d80186dfba","type":"twitter","profiles":1,"postsMade":0,"repliesMade":0,"repliesRcvd":0,"sharesMade":0,"sharesRcvd":0,"mentionsRcvd":0,"likesRcvd":0,"reachRcvd":0,"audience":1932,"voice":0,"conversation":0,"engagement":0,"group_scoped":{"audienceScore":1.05901312255391,"voiceScore":0,"engagementScore":0,"combinedScore":1.05901312255391,"engagementSEI":0,"engagementSEIadj":0,"voiceSEI":0,"voiceSEIadj":0,"audienceSEI":2.3120003829400217,"audienceSEIadj":2.3120003829400217,"SEI":0.23120003829400218,"SEIadj":0.23120003829400218,"combinedScoreRank":132,"SEIrank":154,"engagementSEIrank":196,"voiceSEIrank":196,"audienceSEIrank":154},"non_scoped":{"SEI":0.03486911448331625,"SEIrank":198,"SEIadj":0,"audienceSEI":0.3486911448331625,"audienceSEIadj":0,"audienceSEIrank":198,"audienceScore":0.05643126572524984,"combinedScore":0.002821563286262492,"combinedScoreRank":198,"engagementSEI":0,"engagementSEIadj":0,"engagementSEIrank":196,"engagementScore":0,"voiceSEI":0,"voiceSEIadj":0,"voiceSEIrank":196,"voiceScore":0},"scoped":{"SEI":0.16574727829585717,"SEIrank":180,"SEIadj":0,"audienceSEI":1.6574727829585716,"audienceSEIadj":0,"audienceSEIrank":180,"audienceScore":0.08958678789632415,"combinedScore":0.012798112556617735,"combinedScoreRank":180,"engagementSEI":0,"engagementSEIadj":0,"engagementSEIrank":177,"engagementScore":0,"voiceSEI":0,"voiceSEIadj":0,"voiceSEIrank":177,"voiceScore":0}},"instagram":{"entityString":"536575ffb08f37d80186dfba","type":"instagram","profiles":0,"postsMade":0,"repliesMade":0,"repliesRcvd":0,"sharesMade":0,"sharesRcvd":0,"mentionsRcvd":0,"likesRcvd":0,"reachRcvd":0,"audience":0,"voice":0,"conversation":0,"engagement":0,"group_scoped":{"audienceScore":null,"voiceScore":0,"engagementScore":0,"combinedScore":null,"engagementSEI":0,"engagementSEIadj":0,"voiceSEI":0,"voiceSEIadj":0,"audienceSEI":0,"audienceSEIadj":0,"SEI":0,"SEIadj":0,"combinedScoreRank":15,"SEIrank":197,"engagementSEIrank":196,"voiceSEIrank":196,"audienceSEIrank":197},"non_scoped":{"SEI":0,"SEIrank":197,"SEIadj":0,"audienceSEI":0,"audienceSEIadj":0,"audienceSEIrank":197,"audienceScore":0,"combinedScore":0,"combinedScoreRank":197,"engagementSEI":0,"engagementSEIadj":0,"engagementSEIrank":196,"engagementScore":0,"voiceSEI":0,"voiceSEIadj":0,"voiceSEIrank":196,"voiceScore":0},"scoped":{"SEI":0,"SEIrank":177,"SEIadj":0,"audienceSEI":0,"audienceSEIadj":0,"audienceSEIrank":177,"audienceScore":0,"combinedScore":0,"combinedScoreRank":177,"engagementSEI":0,"engagementSEIadj":0,"engagementSEIrank":177,"engagementScore":0,"voiceSEI":0,"voiceSEIadj":0,"voiceSEIrank":177,"voiceScore":0}}},"hour":{"boundaryQuantum":4984410,"combined":{"entityString":"536575ffb08f37d80186dfba","type":"combined","profiles":2,"postsMade":0,"repliesMade":0,"repliesRcvd":0,"sharesMade":0,"sharesRcvd":0,"mentionsRcvd":0,"likesRcvd":0,"reachRcvd":0,"audience":1933,"voice":0,"conversation":0,"engagement":0,"group_scoped":{"audienceScore":0.4482287659448166,"voiceScore":0,"engagementScore":0,"combinedScore":0.4482287659448166,"combinedScoreRank":125,"SEIrank":104,"engagementSEIrank":200,"voiceSEIrank":197,"audienceSEIrank":97,"engagementSEI":0,"engagementSEIadj":0,"voiceSEI":0,"voiceSEIadj":0,"audienceSEI":1.2200972038124094,"audienceSEIadj":1.2200972038124094,"SEI":0.12200972038124094,"SEIadj":0.12200972038124094},"non_scoped":{"SEI":0.007688672791087663,"SEIrank":212,"SEIadj":0,"audienceSEI":0.07688672791087663,"audienceSEIadj":0,"audienceSEIrank":211,"audienceScore":0.014235842020596972,"combinedScore":0.0007117921010298487,"combinedScoreRank":212,"engagementSEI":0,"engagementSEIadj":0,"engagementSEIrank":200,"engagementScore":0,"voiceSEI":0,"voiceSEIadj":0,"voiceSEIrank":197,"voiceScore":0},"scoped":{"SEI":0.10093309592560296,"SEIrank":192,"SEIadj":0,"audienceSEI":1.0093309592560296,"audienceSEIadj":0,"audienceSEIrank":191,"audienceScore":0.04113330446412326,"combinedScore":0.0020566652232061632,"combinedScoreRank":192,"engagementSEI":0,"engagementSEIadj":0,"engagementSEIrank":180,"engagementScore":0,"voiceSEI":0,"voiceSEIadj":0,"voiceSEIrank":177,"voiceScore":0}},"facebook":{"entityString":"536575ffb08f37d80186dfba","type":"facebook","profiles":1,"postsMade":0,"repliesMade":0,"repliesRcvd":0,"sharesMade":0,"sharesRcvd":0,"mentionsRcvd":0,"likesRcvd":0,"reachRcvd":0,"audience":1,"voice":0,"conversation":0,"engagement":0,"group_scoped":{"audienceScore":0.0004018985688391963,"voiceScore":0,"engagementScore":0,"combinedScore":0.0004018985688391963,"combinedScoreRank":174,"SEIrank":174,"engagementSEIrank":199,"voiceSEIrank":197,"audienceSEIrank":174,"engagementSEI":0,"engagementSEIadj":0,"voiceSEI":0,"voiceSEIadj":0,"audienceSEI":0.0007892846713023986,"audienceSEIadj":0.0007892846713023986,"SEI":0.00007892846713023986,"SEIadj":0.00007892846713023986},"non_scoped":{"SEI":0.00000543449906961376,"SEIrank":188,"SEIadj":0,"audienceSEI":0.0000543449906961376,"audienceSEIadj":0,"audienceSEIrank":188,"audienceScore":0.00001042736557822349,"combinedScore":5.213682789111745e-7,"combinedScoreRank":188,"engagementSEI":0,"engagementSEIadj":0,"engagementSEIrank":199,"engagementScore":0,"voiceSEI":0,"voiceSEIadj":0,"voiceSEIrank":197,"voiceScore":0},"scoped":{"SEI":0.00007022422595346943,"SEIrank":172,"SEIadj":0,"audienceSEI":0.0007022422595346942,"audienceSEIadj":0,"audienceSEIrank":172,"audienceScore":0.000042986033407885445,"combinedScore":0.0000021493016703942725,"combinedScoreRank":172,"engagementSEI":0,"engagementSEIadj":0,"engagementSEIrank":179,"engagementScore":0,"voiceSEI":0,"voiceSEIadj":0,"voiceSEIrank":177,"voiceScore":0}},"twitter":{"entityString":"536575ffb08f37d80186dfba","type":"twitter","profiles":1,"postsMade":0,"repliesMade":0,"repliesRcvd":0,"sharesMade":0,"sharesRcvd":0,"mentionsRcvd":0,"likesRcvd":0,"reachRcvd":0,"audience":1932,"voice":0,"conversation":0,"engagement":0,"group_scoped":{"audienceScore":1.05901312255391,"voiceScore":0,"engagementScore":0,"combinedScore":1.05901312255391,"combinedScoreRank":137,"SEIrank":158,"engagementSEIrank":198,"voiceSEIrank":197,"audienceSEIrank":154,"engagementSEI":0,"engagementSEIadj":0,"voiceSEI":0,"voiceSEIadj":0,"audienceSEI":2.3120003829400217,"audienceSEIadj":2.3120003829400217,"SEI":0.23120003829400218,"SEIadj":0.23120003829400218},"non_scoped":{"SEI":0.03486911448331625,"SEIrank":199,"SEIadj":0,"audienceSEI":0.3486911448331625,"audienceSEIadj":0,"audienceSEIrank":198,"audienceScore":0.05643126572524984,"combinedScore":0.002821563286262492,"combinedScoreRank":199,"engagementSEI":0,"engagementSEIadj":0,"engagementSEIrank":198,"engagementScore":0,"voiceSEI":0,"voiceSEIadj":0,"voiceSEIrank":197,"voiceScore":0},"scoped":{"SEI":0.16574727829585717,"SEIrank":181,"SEIadj":0,"audienceSEI":1.6574727829585716,"audienceSEIadj":0,"audienceSEIrank":180,"audienceScore":0.08958678789632415,"combinedScore":0.004479339394816208,"combinedScoreRank":181,"engagementSEI":0,"engagementSEIadj":0,"engagementSEIrank":178,"engagementScore":0,"voiceSEI":0,"voiceSEIadj":0,"voiceSEIrank":177,"voiceScore":0}},"instagram":{"entityString":"536575ffb08f37d80186dfba","type":"instagram","profiles":0,"postsMade":0,"repliesMade":0,"repliesRcvd":0,"sharesMade":0,"sharesRcvd":0,"mentionsRcvd":0,"likesRcvd":0,"reachRcvd":0,"audience":0,"voice":0,"conversation":0,"engagement":0,"group_scoped":{"audienceScore":null,"voiceScore":0,"engagementScore":0,"combinedScore":null,"combinedScoreRank":15,"SEIrank":197,"engagementSEIrank":196,"voiceSEIrank":196,"audienceSEIrank":197,"engagementSEI":0,"engagementSEIadj":0,"voiceSEI":0,"voiceSEIadj":0,"audienceSEI":0,"audienceSEIadj":0,"SEI":0,"SEIadj":0},"non_scoped":{"SEI":0,"SEIrank":197,"SEIadj":0,"audienceSEI":0,"audienceSEIadj":0,"audienceSEIrank":197,"audienceScore":0,"combinedScore":0,"combinedScoreRank":197,"engagementSEI":0,"engagementSEIadj":0,"engagementSEIrank":196,"engagementScore":0,"voiceSEI":0,"voiceSEIadj":0,"voiceSEIrank":196,"voiceScore":0},"scoped":{"SEI":0,"SEIrank":177,"SEIadj":0,"audienceSEI":0,"audienceSEIadj":0,"audienceSEIrank":177,"audienceScore":0,"combinedScore":0,"combinedScoreRank":177,"engagementSEI":0,"engagementSEIadj":0,"engagementSEIrank":177,"engagementScore":0,"voiceSEI":0,"voiceSEIadj":0,"voiceSEIrank":177,"voiceScore":0}}},"today":{"boundaryQuantum":4984134,"combined":{"entityString":"536575ffb08f37d80186dfba","type":"combined","profiles":2,"postsMade":0,"repliesMade":0,"repliesRcvd":0,"sharesMade":0,"sharesRcvd":0,"mentionsRcvd":0,"likesRcvd":0,"reachRcvd":0,"audience":1933,"voice":0,"conversation":0,"engagement":0,"group_scoped":{"audienceScore":0.4482287659448166,"voiceScore":0,"engagementScore":0,"combinedScore":0.4482287659448166,"combinedScoreRank":71,"SEIrank":145,"engagementSEIrank":215,"voiceSEIrank":206,"audienceSEIrank":97,"engagementSEI":0,"engagementSEIadj":0,"voiceSEI":0,"voiceSEIadj":0,"audienceSEI":1.2200972038124094,"audienceSEIadj":1.2200972038124094,"SEI":0.12200972038124094,"SEIadj":0.12200972038124094},"non_scoped":{"SEI":0.007688672791087663,"SEIrank":215,"SEIadj":0,"audienceSEI":0.07688672791087663,"audienceSEIadj":0,"audienceSEIrank":211,"audienceScore":0.014235842020596972,"combinedScore":0.0007117921010298487,"combinedScoreRank":217,"engagementSEI":0,"engagementSEIadj":0,"engagementSEIrank":215,"engagementScore":0,"voiceSEI":0,"voiceSEIadj":0,"voiceSEIrank":206,"voiceScore":0},"scoped":{"SEI":0.10093309592560296,"SEIrank":195,"SEIadj":0,"audienceSEI":1.0093309592560296,"audienceSEIadj":0,"audienceSEIrank":191,"audienceScore":0.04113330446412326,"combinedScore":0.0020566652232061632,"combinedScoreRank":198,"engagementSEI":0,"engagementSEIadj":0,"engagementSEIrank":194,"engagementScore":0,"voiceSEI":0,"voiceSEIadj":0,"voiceSEIrank":185,"voiceScore":0}},"facebook":{"entityString":"536575ffb08f37d80186dfba","type":"facebook","profiles":1,"postsMade":0,"repliesMade":0,"repliesRcvd":0,"sharesMade":0,"sharesRcvd":0,"mentionsRcvd":0,"likesRcvd":0,"reachRcvd":0,"audience":1,"voice":0,"conversation":0,"engagement":0,"group_scoped":{"audienceScore":0.0004018985688391963,"voiceScore":0,"engagementScore":0,"combinedScore":0.0004018985688391963,"combinedScoreRank":174,"SEIrank":174,"engagementSEIrank":204,"voiceSEIrank":199,"audienceSEIrank":174,"engagementSEI":0,"engagementSEIadj":0,"voiceSEI":0,"voiceSEIadj":0,"audienceSEI":0.0007892846713023986,"audienceSEIadj":0.0007892846713023986,"SEI":0.00007892846713023986,"SEIadj":0.00007892846713023986},"non_scoped":{"SEI":0.00000543449906961376,"SEIrank":188,"SEIadj":0,"audienceSEI":0.0000543449906961376,"audienceSEIadj":0,"audienceSEIrank":188,"audienceScore":0.00001042736557822349,"combinedScore":5.213682789111745e-7,"combinedScoreRank":188,"engagementSEI":0,"engagementSEIadj":0,"engagementSEIrank":204,"engagementScore":0,"voiceSEI":0,"voiceSEIadj":0,"voiceSEIrank":199,"voiceScore":0},"scoped":{"SEI":0.00007022422595346943,"SEIrank":172,"SEIadj":0,"audienceSEI":0.0007022422595346942,"audienceSEIadj":0,"audienceSEIrank":172,"audienceScore":0.000042986033407885445,"combinedScore":0.0000021493016703942725,"combinedScoreRank":172,"engagementSEI":0,"engagementSEIadj":0,"engagementSEIrank":183,"engagementScore":0,"voiceSEI":0,"voiceSEIadj":0,"voiceSEIrank":179,"voiceScore":0}},"twitter":{"entityString":"536575ffb08f37d80186dfba","type":"twitter","profiles":1,"postsMade":0,"repliesMade":0,"repliesRcvd":0,"sharesMade":0,"sharesRcvd":0,"mentionsRcvd":0,"likesRcvd":0,"reachRcvd":0,"audience":1932,"voice":0,"conversation":0,"engagement":0,"group_scoped":{"audienceScore":1.05901312255391,"voiceScore":0,"engagementScore":0,"combinedScore":1.05901312255391,"combinedScoreRank":128,"SEIrank":181,"engagementSEIrank":213,"voiceSEIrank":205,"audienceSEIrank":154,"engagementSEI":0,"engagementSEIadj":0,"voiceSEI":0,"voiceSEIadj":0,"audienceSEI":2.3120003829400217,"audienceSEIadj":2.3120003829400217,"SEI":0.23120003829400218,"SEIadj":0.23120003829400218},"non_scoped":{"SEI":0.03486911448331625,"SEIrank":210,"SEIadj":0,"audienceSEI":0.3486911448331625,"audienceSEIadj":0,"audienceSEIrank":198,"audienceScore":0.05643126572524984,"combinedScore":0.002821563286262492,"combinedScoreRank":210,"engagementSEI":0,"engagementSEIadj":0,"engagementSEIrank":213,"engagementScore":0,"voiceSEI":0,"voiceSEIadj":0,"voiceSEIrank":205,"voiceScore":0},"scoped":{"SEI":0.16574727829585717,"SEIrank":192,"SEIadj":0,"audienceSEI":1.6574727829585716,"audienceSEIadj":0,"audienceSEIrank":180,"audienceScore":0.08958678789632415,"combinedScore":0.004479339394816208,"combinedScoreRank":192,"engagementSEI":0,"engagementSEIadj":0,"engagementSEIrank":192,"engagementScore":0,"voiceSEI":0,"voiceSEIadj":0,"voiceSEIrank":184,"voiceScore":0}},"instagram":{"entityString":"536575ffb08f37d80186dfba","type":"instagram","profiles":0,"postsMade":0,"repliesMade":0,"repliesRcvd":0,"sharesMade":0,"sharesRcvd":0,"mentionsRcvd":0,"likesRcvd":0,"reachRcvd":0,"audience":0,"voice":0,"conversation":0,"engagement":0,"group_scoped":{"audienceScore":null,"voiceScore":0,"engagementScore":0,"combinedScore":null,"combinedScoreRank":15,"SEIrank":197,"engagementSEIrank":197,"voiceSEIrank":197,"audienceSEIrank":197,"engagementSEI":0,"engagementSEIadj":0,"voiceSEI":0,"voiceSEIadj":0,"audienceSEI":0,"audienceSEIadj":0,"SEI":0,"SEIadj":0},"non_scoped":{"SEI":0,"SEIrank":197,"SEIadj":0,"audienceSEI":0,"audienceSEIadj":0,"audienceSEIrank":197,"audienceScore":0,"combinedScore":0,"combinedScoreRank":197,"engagementSEI":0,"engagementSEIadj":0,"engagementSEIrank":197,"engagementScore":0,"voiceSEI":0,"voiceSEIadj":0,"voiceSEIrank":197,"voiceScore":0},"scoped":{"SEI":0,"SEIrank":177,"SEIadj":0,"audienceSEI":0,"audienceSEIadj":0,"audienceSEIrank":177,"audienceScore":0,"combinedScore":0,"combinedScoreRank":177,"engagementSEI":0,"engagementSEIadj":0,"engagementSEIrank":177,"engagementScore":0,"voiceSEI":0,"voiceSEIadj":0,"voiceSEIrank":177,"voiceScore":0}}},"week":{"boundaryQuantum":4982406,"combined":{"entityString":"536575ffb08f37d80186dfba","type":"combined","profiles":2,"postsMade":0,"repliesMade":0,"repliesRcvd":0,"sharesMade":0,"sharesRcvd":0,"mentionsRcvd":0,"likesRcvd":1,"reachRcvd":0,"audience":1933,"voice":0,"conversation":0,"engagement":1,"group_scoped":{"audienceScore":0.4482287659448166,"voiceScore":0,"engagementScore":0.0033701806416823942,"combinedScore":0.0669214071135587,"combinedScoreRank":176,"SEIrank":198,"engagementSEIrank":181,"voiceSEIrank":223,"audienceSEIrank":97,"engagementSEI":0.004798234249796075,"engagementSEIadj":0.004798234249796075,"voiceSEI":0,"voiceSEIadj":0,"audienceSEI":1.2200972038124094,"audienceSEIadj":1.2200972038124094,"SEI":0.12488866093111858,"SEIadj":0.12488866093111858},"non_scoped":{"SEI":0.0077500675573884854,"SEIrank":219,"SEIadj":0,"audienceSEI":0.07688672791087663,"audienceSEIadj":0,"audienceSEIrank":211,"audienceScore":0.014235842020596972,"combinedScore":0.0007493275877045424,"combinedScoreRank":219,"engagementSEI":0.00010232461050137012,"engagementSEIadj":0,"engagementSEIrank":200,"engagementScore":0.000041706096305215223,"voiceSEI":0,"voiceSEIadj":0,"voiceSEIrank":223,"voiceScore":0},"scoped":{"SEI":0.10292850648132479,"SEIrank":198,"SEIadj":0,"audienceSEI":1.0093309592560296,"audienceSEIadj":0,"audienceSEIrank":191,"audienceScore":0.04113330446412326,"combinedScore":0.0024938003368127223,"combinedScoreRank":196,"engagementSEI":0.0033256842595363995,"engagementSEIadj":0,"engagementSEIrank":184,"engagementScore":0.0004857056817850655,"voiceSEI":0,"voiceSEIadj":0,"voiceSEIrank":202,"voiceScore":0}},"facebook":{"entityString":"536575ffb08f37d80186dfba","type":"facebook","profiles":1,"postsMade":0,"repliesMade":0,"repliesRcvd":0,"sharesMade":0,"sharesRcvd":0,"mentionsRcvd":0,"likesRcvd":0,"reachRcvd":0,"audience":1,"voice":0,"conversation":0,"engagement":0,"group_scoped":{"audienceScore":0.0004018985688391963,"voiceScore":0,"engagementScore":0,"combinedScore":0.0004018985688391963,"combinedScoreRank":174,"SEIrank":174,"engagementSEIrank":205,"voiceSEIrank":205,"audienceSEIrank":174,"engagementSEI":0,"engagementSEIadj":0,"voiceSEI":0,"voiceSEIadj":0,"audienceSEI":0.0007892846713023986,"audienceSEIadj":0.0007892846713023986,"SEI":0.00007892846713023986,"SEIadj":0.00007892846713023986},"non_scoped":{"SEI":0.00000543449906961376,"SEIrank":188,"SEIadj":0,"audienceSEI":0.0000543449906961376,"audienceSEIadj":0,"audienceSEIrank":188,"audienceScore":0.00001042736557822349,"combinedScore":5.213682789111745e-7,"combinedScoreRank":188,"engagementSEI":0,"engagementSEIadj":0,"engagementSEIrank":205,"engagementScore":0,"voiceSEI":0,"voiceSEIadj":0,"voiceSEIrank":205,"voiceScore":0},"scoped":{"SEI":0.00007022422595346943,"SEIrank":172,"SEIadj":0,"audienceSEI":0.0007022422595346942,"audienceSEIadj":0,"audienceSEIrank":172,"audienceScore":0.000042986033407885445,"combinedScore":0.0000021493016703942725,"combinedScoreRank":172,"engagementSEI":0,"engagementSEIadj":0,"engagementSEIrank":184,"engagementScore":0,"voiceSEI":0,"voiceSEIadj":0,"voiceSEIrank":184,"voiceScore":0}},"twitter":{"entityString":"536575ffb08f37d80186dfba","type":"twitter","profiles":1,"postsMade":0,"repliesMade":0,"repliesRcvd":0,"sharesMade":0,"sharesRcvd":0,"mentionsRcvd":0,"likesRcvd":1,"reachRcvd":0,"audience":1932,"voice":0,"conversation":0,"engagement":1,"group_scoped":{"audienceScore":1.05901312255391,"voiceScore":0,"engagementScore":0.09803921568627451,"combinedScore":0.235321202381651,"combinedScoreRank":190,"SEIrank":192,"engagementSEIrank":170,"voiceSEIrank":223,"audienceSEIrank":154,"engagementSEI":0.17035775127768313,"engagementSEIadj":0.17035775127768313,"voiceSEI":0,"voiceSEIadj":0,"audienceSEI":2.3120003829400217,"audienceSEIadj":2.3120003829400217,"SEI":0.33341468906061206,"SEIadj":0.33341468906061206},"non_scoped":{"SEI":0.038714528826711746,"SEIrank":211,"SEIadj":0,"audienceSEI":0.3486911448331625,"audienceSEIadj":0,"audienceSEIrank":198,"audienceScore":0.05643126572524984,"combinedScore":0.004289034344472177,"combinedScoreRank":205,"engagementSEI":0.006409023905659168,"engagementSEIadj":0,"engagementSEIrank":185,"engagementScore":0.0016305233980107615,"voiceSEI":0,"voiceSEIadj":0,"voiceSEIrank":223,"voiceScore":0},"scoped":{"SEI":0.18861313195439375,"SEIrank":192,"SEIadj":0,"audienceSEI":1.6574727829585716,"audienceSEIadj":0,"audienceSEIrank":180,"audienceScore":0.08958678789632415,"combinedScore":0.007567983480062785,"combinedScoreRank":185,"engagementSEI":0.038109756097560975,"engagementSEIadj":0,"engagementSEIrank":171,"engagementScore":0.003431826761385085,"voiceSEI":0,"voiceSEIadj":0,"voiceSEIrank":202,"voiceScore":0}},"instagram":{"entityString":"536575ffb08f37d80186dfba","type":"instagram","profiles":0,"postsMade":0,"repliesMade":0,"repliesRcvd":0,"sharesMade":0,"sharesRcvd":0,"mentionsRcvd":0,"likesRcvd":0,"reachRcvd":0,"audience":0,"voice":0,"conversation":0,"engagement":0,"group_scoped":{"audienceScore":null,"voiceScore":0,"engagementScore":0,"combinedScore":null,"combinedScoreRank":15,"SEIrank":197,"engagementSEIrank":197,"voiceSEIrank":197,"audienceSEIrank":197,"engagementSEI":0,"engagementSEIadj":0,"voiceSEI":0,"voiceSEIadj":0,"audienceSEI":0,"audienceSEIadj":0,"SEI":0,"SEIadj":0},"non_scoped":{"SEI":0,"SEIrank":197,"SEIadj":0,"audienceSEI":0,"audienceSEIadj":0,"audienceSEIrank":197,"audienceScore":0,"combinedScore":0,"combinedScoreRank":197,"engagementSEI":0,"engagementSEIadj":0,"engagementSEIrank":197,"engagementScore":0,"voiceSEI":0,"voiceSEIadj":0,"voiceSEIrank":197,"voiceScore":0},"scoped":{"SEI":0,"SEIrank":177,"SEIadj":0,"audienceSEI":0,"audienceSEIadj":0,"audienceSEIrank":177,"audienceScore":0,"combinedScore":0,"combinedScoreRank":177,"engagementSEI":0,"engagementSEIadj":0,"engagementSEIrank":177,"engagementScore":0,"voiceSEI":0,"voiceSEIadj":0,"voiceSEIrank":177,"voiceScore":0}}},"month":{"boundaryQuantum":4975782,"combined":{"entityString":"536575ffb08f37d80186dfba","type":"combined","profiles":2,"postsMade":10,"repliesMade":0,"repliesRcvd":0,"sharesMade":0,"sharesRcvd":0,"mentionsRcvd":0,"likesRcvd":17,"reachRcvd":0,"audience":1933,"voice":10,"conversation":10,"engagement":17,"group_scoped":{"audienceScore":0.4482287659448166,"voiceScore":0.39246467817896385,"engagementScore":0.021739130434782608,"combinedScore":0.06159988959749338,"combinedScoreRank":177,"SEIrank":168,"engagementSEIrank":136,"voiceSEIrank":176,"audienceSEIrank":97,"engagementSEI":0.04062417855521304,"engagementSEIadj":0.04062417855521304,"voiceSEI":0.5524861878453038,"voiceSEIadj":0.5524861878453038,"audienceSEI":1.2200972038124094,"audienceSEIadj":1.2200972038124094,"SEI":0.31213008386795993,"SEIadj":0.31213008386795993},"non_scoped":{"SEI":0.09086596959296982,"SEIrank":196,"SEIadj":0,"audienceSEI":0.07688672791087663,"audienceSEIadj":0,"audienceSEIrank":211,"audienceScore":0.014235842020596972,"combinedScore":0.002202054553646743,"combinedScoreRank":209,"engagementSEI":0.00046911537533921184,"engagementSEIadj":0,"engagementSEIrank":202,"engagementScore":0.0001847613611391212,"voiceSEI":0.27631942525559544,"voiceSEIadj":0,"voiceSEIrank":185,"voiceScore":0.026479544551833708},"scoped":{"SEI":0.42615810271743404,"SEIrank":190,"SEIadj":0,"audienceSEI":1.0093309592560296,"audienceSEIadj":0,"audienceSEIrank":191,"audienceScore":0.04113330446412326,"combinedScore":0.0064610669024170765,"combinedScoreRank":190,"engagementSEI":0.01572588851270097,"engagementSEIadj":0,"engagementSEIrank":187,"engagementScore":0.0017918502434808273,"voiceSEI":1.0526315789473684,"voiceSEIadj":0,"voiceSEIrank":173,"voiceScore":0.05583472920156338}},"facebook":{"entityString":"536575ffb08f37d80186dfba","type":"facebook","profiles":1,"postsMade":0,"repliesMade":0,"repliesRcvd":0,"sharesMade":0,"sharesRcvd":0,"mentionsRcvd":0,"likesRcvd":0,"reachRcvd":0,"audience":1,"voice":0,"conversation":0,"engagement":0,"group_scoped":{"audienceScore":0.0004018985688391963,"voiceScore":0,"engagementScore":0,"combinedScore":0.0004018985688391963,"combinedScoreRank":174,"SEIrank":174,"engagementSEIrank":205,"voiceSEIrank":205,"audienceSEIrank":174,"engagementSEI":0,"engagementSEIadj":0,"voiceSEI":0,"voiceSEIadj":0,"audienceSEI":0.0007892846713023986,"audienceSEIadj":0.0007892846713023986,"SEI":0.00007892846713023986,"SEIadj":0.00007892846713023986},"non_scoped":{"SEI":0.00000543449906961376,"SEIrank":188,"SEIadj":0,"audienceSEI":0.0000543449906961376,"audienceSEIadj":0,"audienceSEIrank":188,"audienceScore":0.00001042736557822349,"combinedScore":5.213682789111745e-7,"combinedScoreRank":188,"engagementSEI":0,"engagementSEIadj":0,"engagementSEIrank":205,"engagementScore":0,"voiceSEI":0,"voiceSEIadj":0,"voiceSEIrank":205,"voiceScore":0},"scoped":{"SEI":0.00007022422595346943,"SEIrank":172,"SEIadj":0,"audienceSEI":0.0007022422595346942,"audienceSEIadj":0,"audienceSEIrank":172,"audienceScore":0.000042986033407885445,"combinedScore":0.0000021493016703942725,"combinedScoreRank":172,"engagementSEI":0,"engagementSEIadj":0,"engagementSEIrank":184,"engagementScore":0,"voiceSEI":0,"voiceSEIadj":0,"voiceSEIrank":184,"voiceScore":0}},"twitter":{"entityString":"536575ffb08f37d80186dfba","type":"twitter","profiles":1,"postsMade":10,"repliesMade":0,"repliesRcvd":0,"sharesMade":0,"sharesRcvd":0,"mentionsRcvd":0,"likesRcvd":17,"reachRcvd":0,"audience":1932,"voice":10,"conversation":10,"engagement":17,"group_scoped":{"audienceScore":1.05901312255391,"voiceScore":0.7142857142857143,"engagementScore":0.39116428900138056,"combinedScore":0.4407128019432237,"combinedScoreRank":151,"SEIrank":161,"engagementSEIrank":144,"voiceSEIrank":152,"audienceSEIrank":154,"engagementSEI":0.7734303912647862,"engagementSEIadj":0.7734303912647862,"voiceSEI":1.201923076923077,"voiceSEIadj":1.201923076923077,"audienceSEI":2.3120003829400217,"audienceSEIadj":2.3120003829400217,"SEI":1.055835196129797,"SEIadj":1.055835196129797},"non_scoped":{"SEI":0.20316971786503846,"SEIrank":182,"SEIadj":0,"audienceSEI":0.3486911448331625,"audienceSEIadj":0,"audienceSEIrank":198,"audienceScore":0.05643126572524984,"combinedScore":0.011308481817581473,"combinedScoreRank":190,"engagementSEI":0.029496989571946627,"engagementSEIadj":0,"engagementSEIrank":186,"engagementScore":0.007046369254618481,"voiceSEI":0.5020080321285141,"voiceSEIadj":0,"voiceSEIrank":171,"voiceScore":0.04290372404324695},"scoped":{"SEI":0.7322072732592684,"SEIrank":174,"SEIadj":0,"audienceSEI":1.6574727829585716,"audienceSEIadj":0,"audienceSEIrank":180,"audienceScore":0.08958678789632415,"combinedScore":0.02126127445339193,"combinedScoreRank":177,"engagementSEI":0.16770247607773503,"engagementSEIadj":0,"engagementSEIrank":173,"engagementScore":0.014303262826661283,"voiceSEI":1.5527950310559007,"voiceSEIadj":0,"voiceSEIrank":159,"voiceScore":0.07817997029161129}},"instagram":{"entityString":"536575ffb08f37d80186dfba","type":"instagram","profiles":0,"postsMade":0,"repliesMade":0,"repliesRcvd":0,"sharesMade":0,"sharesRcvd":0,"mentionsRcvd":0,"likesRcvd":0,"reachRcvd":0,"audience":0,"voice":0,"conversation":0,"engagement":0,"group_scoped":{"audienceScore":null,"voiceScore":0,"engagementScore":0,"combinedScore":null,"combinedScoreRank":15,"SEIrank":197,"engagementSEIrank":197,"voiceSEIrank":197,"audienceSEIrank":197,"engagementSEI":0,"engagementSEIadj":0,"voiceSEI":0,"voiceSEIadj":0,"audienceSEI":0,"audienceSEIadj":0,"SEI":0,"SEIadj":0},"non_scoped":{"SEI":0,"SEIrank":197,"SEIadj":0,"audienceSEI":0,"audienceSEIadj":0,"audienceSEIrank":197,"audienceScore":0,"combinedScore":0,"combinedScoreRank":197,"engagementSEI":0,"engagementSEIadj":0,"engagementSEIrank":197,"engagementScore":0,"voiceSEI":0,"voiceSEIadj":0,"voiceSEIrank":197,"voiceScore":0},"scoped":{"SEI":0,"SEIrank":177,"SEIadj":0,"audienceSEI":0,"audienceSEIadj":0,"audienceSEIrank":177,"audienceScore":0,"combinedScore":0,"combinedScoreRank":177,"engagementSEI":0,"engagementSEIadj":0,"engagementSEIrank":177,"engagementScore":0,"voiceSEI":0,"voiceSEIadj":0,"voiceSEIrank":177,"voiceScore":0}}},"quarter":{"boundaryQuantum":4958502,"combined":{"entityString":"536575ffb08f37d80186dfba","type":"combined","profiles":2,"postsMade":109,"repliesMade":0,"repliesRcvd":0,"sharesMade":0,"sharesRcvd":36,"mentionsRcvd":0,"likesRcvd":278,"reachRcvd":0,"audience":1933,"voice":109,"conversation":109,"engagement":314,"group_scoped":{"audienceScore":0.4482287659448166,"voiceScore":1.5564757960873912,"engagementScore":0.13188179359239285,"combinedScore":0.21892884233476395,"combinedScoreRank":105,"SEIrank":100,"engagementSEIrank":76,"voiceSEIrank":95,"audienceSEIrank":97,"engagementSEI":0.23730888699108957,"engagementSEIadj":0.23730888699108957,"voiceSEI":2.314225053078556,"voiceSEIadj":2.314225053078556,"audienceSEI":1.2200972038124094,"audienceSEIadj":1.2200972038124094,"SEI":0.9586625684994615,"SEIadj":0.9586625684994615},"non_scoped":{"SEI":0.31471127443230384,"SEIrank":142,"SEIadj":0,"audienceSEI":0.07688672791087663,"audienceSEIadj":0,"audienceSEIrank":211,"audienceScore":0.014235842020596972,"combinedScore":0.006514413019865563,"combinedScoreRank":173,"engagementSEI":0.002739076449717273,"engagementSEIadj":0,"engagementSEIrank":178,"engagementScore":0.0010608100940472337,"voiceSEI":1.0179305192379529,"voiceSEIadj":0,"voiceSEIrank":129,"voiceScore":0.09695783668386408},"scoped":{"SEI":1.4119257541970687,"SEIrank":147,"SEIadj":0,"audienceSEI":1.0093309592560296,"audienceSEIadj":0,"audienceSEIrank":191,"audienceScore":0.04113330446412326,"combinedScore":0.021579985540309404,"combinedScoreRank":170,"engagementSEI":0.06353972953120225,"engagementSEIadj":0,"engagementSEIrank":167,"engagementScore":0.010364466121068847,"voiceSEI":4.242896068509148,"voiceSEIadj":0,"voiceSEIrank":119,"voiceScore":0.20390601616282553}},"facebook":{"entityString":"536575ffb08f37d80186dfba","type":"facebook","profiles":1,"postsMade":0,"repliesMade":0,"repliesRcvd":0,"sharesMade":0,"sharesRcvd":0,"mentionsRcvd":0,"likesRcvd":0,"reachRcvd":0,"audience":1,"voice":0,"conversation":0,"engagement":0,"group_scoped":{"audienceScore":0.0004018985688391963,"voiceScore":0,"engagementScore":0,"combinedScore":0.0004018985688391963,"combinedScoreRank":174,"SEIrank":174,"engagementSEIrank":205,"voiceSEIrank":205,"audienceSEIrank":174,"engagementSEI":0,"engagementSEIadj":0,"voiceSEI":0,"voiceSEIadj":0,"audienceSEI":0.0007892846713023986,"audienceSEIadj":0.0007892846713023986,"SEI":0.00007892846713023986,"SEIadj":0.00007892846713023986},"non_scoped":{"SEI":0.00000543449906961376,"SEIrank":188,"SEIadj":0,"audienceSEI":0.0000543449906961376,"audienceSEIadj":0,"audienceSEIrank":188,"audienceScore":0.00001042736557822349,"combinedScore":5.213682789111745e-7,"combinedScoreRank":188,"engagementSEI":0,"engagementSEIadj":0,"engagementSEIrank":205,"engagementScore":0,"voiceSEI":0,"voiceSEIadj":0,"voiceSEIrank":205,"voiceScore":0},"scoped":{"SEI":0.00007022422595346943,"SEIrank":172,"SEIadj":0,"audienceSEI":0.0007022422595346942,"audienceSEIadj":0,"audienceSEIrank":172,"audienceScore":0.000042986033407885445,"combinedScore":0.0000021493016703942725,"combinedScoreRank":172,"engagementSEI":0,"engagementSEIadj":0,"engagementSEIrank":184,"engagementScore":0,"voiceSEI":0,"voiceSEIadj":0,"voiceSEIrank":184,"voiceScore":0}},"twitter":{"entityString":"536575ffb08f37d80186dfba","type":"twitter","profiles":1,"postsMade":109,"repliesMade":0,"repliesRcvd":0,"sharesMade":0,"sharesRcvd":36,"mentionsRcvd":0,"likesRcvd":278,"reachRcvd":0,"audience":1932,"voice":109,"conversation":109,"engagement":314,"group_scoped":{"audienceScore":1.05901312255391,"voiceScore":2.7977412731006157,"engagementScore":2.226950354609929,"combinedScore":2.1970930389316625,"combinedScoreRank":65,"SEIrank":74,"engagementSEIrank":64,"voiceSEIrank":68,"audienceSEIrank":154,"engagementSEI":5.360191191532946,"engagementSEIadj":5.360191191532946,"voiceSEI":5.35889872173058,"voiceSEIadj":5.35889872173058,"audienceSEI":2.3120003829400217,"audienceSEIadj":2.3120003829400217,"SEI":5.054984369732944,"SEIadj":5.054984369732944},"non_scoped":{"SEI":0.6684867137195912,"SEIrank":130,"SEIadj":0,"audienceSEI":0.3486911448331625,"audienceSEIadj":0,"audienceSEIrank":198,"audienceScore":0.05643126572524984,"combinedScore":0.0446537706994774,"combinedScoreRank":150,"engagementSEI":0.14890549717364088,"engagementSEIadj":0,"engagementSEIrank":143,"engagementScore":0.03778034459524497,"voiceSEI":1.8142476697736352,"voiceSEIadj":0,"voiceSEIrank":103,"voiceScore":0.15659794554988865},"scoped":{"SEI":2.5883435362662777,"SEIrank":128,"SEIadj":0,"audienceSEI":1.6574727829585716,"audienceSEIadj":0,"audienceSEIrank":180,"audienceScore":0.08958678789632415,"combinedScore":0.08925399845879355,"combinedScoreRank":138,"engagementSEI":0.9878562889322343,"engagementSEIadj":0,"engagementSEIrank":132,"engagementScore":0.07832728832923404,"voiceSEI":6.099608282036933,"voiceSEIadj":0,"voiceSEIrank":93,"voiceScore":0.2856019913533342}},"instagram":{"entityString":"536575ffb08f37d80186dfba","type":"instagram","profiles":0,"postsMade":0,"repliesMade":0,"repliesRcvd":0,"sharesMade":0,"sharesRcvd":0,"mentionsRcvd":0,"likesRcvd":0,"reachRcvd":0,"audience":0,"voice":0,"conversation":0,"engagement":0,"group_scoped":{"audienceScore":null,"voiceScore":0,"engagementScore":0,"combinedScore":null,"combinedScoreRank":15,"SEIrank":197,"engagementSEIrank":197,"voiceSEIrank":197,"audienceSEIrank":197,"engagementSEI":0,"engagementSEIadj":0,"voiceSEI":0,"voiceSEIadj":0,"audienceSEI":0,"audienceSEIadj":0,"SEI":0,"SEIadj":0},"non_scoped":{"SEI":0,"SEIrank":197,"SEIadj":0,"audienceSEI":0,"audienceSEIadj":0,"audienceSEIrank":197,"audienceScore":0,"combinedScore":0,"combinedScoreRank":197,"engagementSEI":0,"engagementSEIadj":0,"engagementSEIrank":197,"engagementScore":0,"voiceSEI":0,"voiceSEIadj":0,"voiceSEIrank":197,"voiceScore":0},"scoped":{"SEI":0,"SEIrank":177,"SEIadj":0,"audienceSEI":0,"audienceSEIadj":0,"audienceSEIrank":177,"audienceScore":0,"combinedScore":0,"combinedScoreRank":177,"engagementSEI":0,"engagementSEIadj":0,"engagementSEIrank":177,"engagementScore":0,"voiceSEI":0,"voiceSEIadj":0,"voiceSEIrank":177,"voiceScore":0}}},"blended":{"combined":{"non_scoped":{"SEI":0.1736949865618683,"SEIadj":40.10421699193712,"SEIrank":176,"audienceSEI":0.07688672791087663,"audienceSEIadj":20.0615093823287,"audienceSEIrank":211,"engagementSEI":0.0014706029143099293,"engagementSEIadj":40.00088236174859,"engagementSEIrank":190,"voiceSEI":0.5504131734073158,"voiceSEIadj":40.33024790404439,"voiceSEIrank":166},"scoped":{"SEI":0.6124169674275887,"SEIadj":40.36745018045655,"SEIrank":176,"compCharisma":0,"compInfluence":0,"compEva":0.6124169674275887,"audienceSEI":1.0093309592560296,"audienceSEIadj":20.807464767404824,"audienceSEIrank":191,"engagementSEI":0.03512645332036719,"engagementSEIadj":40.02107587199222,"engagementSEIrank":177,"voiceSEI":2.279342771096679,"voiceSEIadj":41.36760566265801,"voiceSEIrank":152}},"facebook":{"non_scoped":{"SEI":0.00000543449906961376,"SEIadj":40.000003260699444,"SEIrank":188,"audienceSEI":0.000054344990696137594,"audienceSEIadj":40.00003260699442,"audienceSEIrank":188,"engagementSEI":0,"engagementSEIadj":0,"engagementSEIrank":205,"voiceSEI":0,"voiceSEIadj":0,"voiceSEIrank":205},"scoped":{"SEI":0.00007022422595346943,"SEIadj":40.00004213453557,"SEIrank":172,"audienceSEI":0.0007022422595346942,"audienceSEIadj":40.00042134535572,"audienceSEIrank":172,"engagementSEI":0,"engagementSEIadj":0,"engagementSEIrank":184,"voiceSEI":0,"voiceSEIadj":0,"voiceSEIrank":184}},"twitter":{"non_scoped":{"SEI":0.3780766289117307,"SEIadj":40.22684597734704,"SEIrank":165,"audienceSEI":0.3486911448331625,"audienceSEIadj":40.2092146868999,"audienceSEIrank":198,"engagementSEI":0.08080000419431019,"engagementSEIadj":40.048480002516584,"engagementSEIrank":165,"voiceSEI":0.9824250397060947,"voiceSEIadj":50.49121251985305,"voiceSEIrank":146},"scoped":{"SEI":1.46887416262314,"SEIadj":40.881324497573885,"SEIrank":152,"audienceSEI":1.6574727829585716,"audienceSEIadj":40.99448366977514,"audienceSEIrank":180,"engagementSEI":0.5305164427070458,"engagementSEIadj":40.31830986562423,"engagementSEIrank":151,"voiceSEI":3.2827233956768516,"voiceSEIadj":51.64136169783843,"voiceSEIrank":131}},"instagram":{"non_scoped":{"SEI":0,"SEIadj":0,"SEIrank":197,"audienceSEI":0,"audienceSEIadj":0,"audienceSEIrank":197,"engagementSEI":0,"engagementSEIadj":0,"engagementSEIrank":197,"voiceSEI":0,"voiceSEIadj":0,"voiceSEIrank":197},"scoped":{"SEI":0,"SEIadj":0,"SEIrank":177,"audienceSEI":0,"audienceSEIadj":0,"audienceSEIrank":177,"engagementSEI":0,"engagementSEIadj":0,"engagementSEIrank":177,"voiceSEI":0,"voiceSEIadj":0,"voiceSEIrank":177}},"influence":{"facebook":{"scope":"individual","ratio":0,"calculated":false},"instagram":{"scope":"individual","ratio":0,"calculated":false},"combined":{"ratio":0.42,"bottom":true,"scope":"individual","calculated":true},"twitter":{"ratio":1.59,"bottom":false,"scope":"individual","calculated":true}},"charisma":{"facebook":{"scope":"individual","ratio":0,"calculated":false},"instagram":{"scope":"individual","ratio":0,"calculated":false},"combined":{"ratio":0.07,"bottom":false,"scope":"individual","calculated":true},"twitter":{"ratio":0.3,"bottom":false,"scope":"individual","calculated":true}}},"scope":"individual"}}