{"scoreEntityString":"591d1494ab33fb0001804f89.asset.536575feb08f37d80186a0bf","timeQuantum":4984422,"scoreEntityType":"asset","scoreProfileID":"591d1494ab33fb0001804f89","data":{"scoreEntityString":"591d1494ab33fb0001804f89.asset.536575feb08f37d80186a0bf","scoreProfileID":"591d1494ab33fb0001804f89","scoreEntityType":"asset","entityID":"asset.536575feb08f37d80186a0bf","object_version":"1.2","score_engine_version":"3.0.19","timestamp":4984422,"start_quantum":4958502,"end_quantum":4984421,"schedule_options":{"interval":15,"offset":"1"},"_15min":{"boundaryQuantum":4984419,"combined":{"entityString":"536575feb08f37d80186a0bf","type":"combined","profiles":2,"postsMade":0,"repliesMade":0,"repliesRcvd":0,"sharesMade":0,"sharesRcvd":0,"mentionsRcvd":0,"likesRcvd":0,"reachRcvd":0,"audience":49180,"voice":0,"conversation":0,"engagement":0,"group_scoped":{"audienceScore":1.2487989388002185,"voiceScore":0,"engagementScore":0,"combinedScore":1.2487989388002185,"engagementSEI":0,"engagementSEIadj":0,"voiceSEI":0,"voiceSEIadj":0,"audienceSEI":1.9561765538835554,"audienceSEIadj":1.9561765538835554,"SEI":0.19561765538835554,"SEIadj":0.19561765538835554,"combinedScoreRank":61,"SEIrank":69,"engagementSEIrank":150,"voiceSEIrank":147,"audienceSEIrank":69},"non_scoped":{"SEI":0.19561765538835554,"SEIrank":32,"SEIadj":0,"audienceSEI":1.9561765538835554,"audienceSEIadj":0,"audienceSEIrank":32,"audienceScore":0.3621928145747331,"combinedScore":0.018109640728736658,"combinedScoreRank":32,"engagementSEI":0,"engagementSEIadj":0,"engagementSEIrank":150,"engagementScore":0,"voiceSEI":0,"voiceSEIadj":0,"voiceSEIrank":147,"voiceScore":0},"scoped":{"SEI":2.567971887025946,"SEIrank":24,"SEIadj":0,"audienceSEI":25.67971887025946,"audienceSEIadj":0,"audienceSEIrank":24,"audienceScore":1.0465265977990597,"combinedScore":0.14950379968557995,"combinedScoreRank":24,"engagementSEI":0,"engagementSEIadj":0,"engagementSEIrank":132,"engagementScore":0,"voiceSEI":0,"voiceSEIadj":0,"voiceSEIrank":130,"voiceScore":0}},"facebook":{"entityString":"536575feb08f37d80186a0bf","type":"facebook","profiles":1,"postsMade":0,"repliesMade":0,"repliesRcvd":0,"sharesMade":0,"sharesRcvd":0,"mentionsRcvd":0,"likesRcvd":0,"reachRcvd":0,"audience":16525,"voice":0,"conversation":0,"engagement":0,"group_scoped":{"audienceScore":0.6394077130562605,"voiceScore":0,"engagementScore":0,"combinedScore":0.6394077130562605,"engagementSEI":0,"engagementSEIadj":0,"voiceSEI":0,"voiceSEIadj":0,"audienceSEI":0.8980509712536737,"audienceSEIadj":0.8980509712536737,"SEI":0.08980509712536738,"SEIadj":0.08980509712536738,"combinedScoreRank":78,"SEIrank":80,"engagementSEIrank":149,"voiceSEIrank":147,"audienceSEIrank":80},"non_scoped":{"SEI":0.08980509712536738,"SEIrank":51,"SEIadj":0,"audienceSEI":0.8980509712536737,"audienceSEIadj":0,"audienceSEIrank":51,"audienceScore":0.17231221618014317,"combinedScore":0.008615610809007159,"combinedScoreRank":51,"engagementSEI":0,"engagementSEIadj":0,"engagementSEIrank":149,"engagementScore":0,"voiceSEI":0,"voiceSEIadj":0,"voiceSEIrank":147,"voiceScore":0},"scoped":{"SEI":1.1604553338810824,"SEIrank":41,"SEIadj":0,"audienceSEI":11.604553338810824,"audienceSEIadj":0,"audienceSEIrank":41,"audienceScore":0.7103442020653069,"combinedScore":0.10147774315218669,"combinedScoreRank":41,"engagementSEI":0,"engagementSEIadj":0,"engagementSEIrank":131,"engagementScore":0,"voiceSEI":0,"voiceSEIadj":0,"voiceSEIrank":130,"voiceScore":0}},"twitter":{"entityString":"536575feb08f37d80186a0bf","type":"twitter","profiles":1,"postsMade":0,"repliesMade":0,"repliesRcvd":0,"sharesMade":0,"sharesRcvd":0,"mentionsRcvd":0,"likesRcvd":0,"reachRcvd":0,"audience":32655,"voice":0,"conversation":0,"engagement":0,"group_scoped":{"audienceScore":2.64661329944458,"voiceScore":0,"engagementScore":0,"combinedScore":2.64661329944458,"engagementSEI":0,"engagementSEIadj":0,"voiceSEI":0,"voiceSEIadj":0,"audienceSEI":5.893638371908344,"audienceSEIadj":5.893638371908344,"SEI":0.5893638371908344,"SEIadj":0.5893638371908344,"combinedScoreRank":53,"SEIrank":80,"engagementSEIrank":148,"voiceSEIrank":146,"audienceSEIrank":79},"non_scoped":{"SEI":0.5893638371908344,"SEIrank":19,"SEIadj":0,"audienceSEI":5.893638371908344,"audienceSEIadj":0,"audienceSEIrank":18,"audienceScore":0.9538110674213424,"combinedScore":0.04769055337106712,"combinedScoreRank":19,"engagementSEI":0,"engagementSEIadj":0,"engagementSEIrank":148,"engagementScore":0,"voiceSEI":0,"voiceSEIadj":0,"voiceSEIrank":146,"voiceScore":0},"scoped":{"SEI":2.8014893233701947,"SEIrank":14,"SEIadj":0,"audienceSEI":28.014893233701947,"audienceSEIadj":0,"audienceSEIrank":13,"audienceScore":1.5142114693346094,"combinedScore":0.21631592419065848,"combinedScoreRank":14,"engagementSEI":0,"engagementSEIadj":0,"engagementSEIrank":131,"engagementScore":0,"voiceSEI":0,"voiceSEIadj":0,"voiceSEIrank":130,"voiceScore":0}},"instagram":{"entityString":"536575feb08f37d80186a0bf","type":"instagram","profiles":0,"postsMade":0,"repliesMade":0,"repliesRcvd":0,"sharesMade":0,"sharesRcvd":0,"mentionsRcvd":0,"likesRcvd":0,"reachRcvd":0,"audience":0,"voice":0,"conversation":0,"engagement":0,"group_scoped":{"audienceScore":0,"voiceScore":0,"engagementScore":0,"combinedScore":0,"engagementSEI":0,"engagementSEIadj":0,"voiceSEI":0,"voiceSEIadj":0,"audienceSEI":0,"audienceSEIadj":0,"SEI":0,"SEIadj":0,"combinedScoreRank":166,"SEIrank":148,"engagementSEIrank":147,"voiceSEIrank":146,"audienceSEIrank":148},"non_scoped":{"SEI":0,"SEIrank":148,"SEIadj":0,"audienceSEI":0,"audienceSEIadj":0,"audienceSEIrank":148,"audienceScore":0,"combinedScore":0,"combinedScoreRank":148,"engagementSEI":0,"engagementSEIadj":0,"engagementSEIrank":147,"engagementScore":0,"voiceSEI":0,"voiceSEIadj":0,"voiceSEIrank":146,"voiceScore":0},"scoped":{"SEI":0,"SEIrank":130,"SEIadj":0,"audienceSEI":0,"audienceSEIadj":0,"audienceSEIrank":130,"audienceScore":0,"combinedScore":0,"combinedScoreRank":130,"engagementSEI":0,"engagementSEIadj":0,"engagementSEIrank":130,"engagementScore":0,"voiceSEI":0,"voiceSEIadj":0,"voiceSEIrank":130,"voiceScore":0}}},"hour":{"boundaryQuantum":4984410,"combined":{"entityString":"536575feb08f37d80186a0bf","type":"combined","profiles":2,"postsMade":0,"repliesMade":0,"repliesRcvd":0,"sharesMade":0,"sharesRcvd":0,"mentionsRcvd":0,"likesRcvd":0,"reachRcvd":0,"audience":49180,"voice":0,"conversation":0,"engagement":0,"group_scoped":{"audienceScore":1.2487989388002185,"voiceScore":0,"engagementScore":0,"combinedScore":1.2487989388002185,"combinedScoreRank":52,"SEIrank":86,"engagementSEIrank":164,"voiceSEIrank":149,"audienceSEIrank":69,"engagementSEI":0,"engagementSEIadj":0,"voiceSEI":0,"voiceSEIadj":0,"audienceSEI":1.9561765538835554,"audienceSEIadj":1.9561765538835554,"SEI":0.19561765538835554,"SEIadj":0.19561765538835554},"non_scoped":{"SEI":0.19561765538835554,"SEIrank":45,"SEIadj":0,"audienceSEI":1.9561765538835554,"audienceSEIadj":0,"audienceSEIrank":32,"audienceScore":0.3621928145747331,"combinedScore":0.018109640728736658,"combinedScoreRank":56,"engagementSEI":0,"engagementSEIadj":0,"engagementSEIrank":164,"engagementScore":0,"voiceSEI":0,"voiceSEIadj":0,"voiceSEIrank":149,"voiceScore":0},"scoped":{"SEI":2.567971887025946,"SEIrank":31,"SEIadj":0,"audienceSEI":25.67971887025946,"audienceSEIadj":0,"audienceSEIrank":24,"audienceScore":1.0465265977990597,"combinedScore":0.052326329889952984,"combinedScoreRank":58,"engagementSEI":0,"engagementSEIadj":0,"engagementSEIrank":144,"engagementScore":0,"voiceSEI":0,"voiceSEIadj":0,"voiceSEIrank":131,"voiceScore":0}},"facebook":{"entityString":"536575feb08f37d80186a0bf","type":"facebook","profiles":1,"postsMade":0,"repliesMade":0,"repliesRcvd":0,"sharesMade":0,"sharesRcvd":0,"mentionsRcvd":0,"likesRcvd":0,"reachRcvd":0,"audience":16525,"voice":0,"conversation":0,"engagement":0,"group_scoped":{"audienceScore":0.6394077130562605,"voiceScore":0,"engagementScore":0,"combinedScore":0.6394077130562605,"combinedScoreRank":65,"SEIrank":85,"engagementSEIrank":162,"voiceSEIrank":148,"audienceSEIrank":80,"engagementSEI":0,"engagementSEIadj":0,"voiceSEI":0,"voiceSEIadj":0,"audienceSEI":0.8980509712536737,"audienceSEIadj":0.8980509712536737,"SEI":0.08980509712536738,"SEIadj":0.08980509712536738},"non_scoped":{"SEI":0.08980509712536738,"SEIrank":57,"SEIadj":0,"audienceSEI":0.8980509712536737,"audienceSEIadj":0,"audienceSEIrank":51,"audienceScore":0.17231221618014317,"combinedScore":0.008615610809007159,"combinedScoreRank":64,"engagementSEI":0,"engagementSEIadj":0,"engagementSEIrank":162,"engagementScore":0,"voiceSEI":0,"voiceSEIadj":0,"voiceSEIrank":148,"voiceScore":0},"scoped":{"SEI":1.1604553338810824,"SEIrank":52,"SEIadj":0,"audienceSEI":11.604553338810824,"audienceSEIadj":0,"audienceSEIrank":41,"audienceScore":0.7103442020653069,"combinedScore":0.03551721010326535,"combinedScoreRank":55,"engagementSEI":0,"engagementSEIadj":0,"engagementSEIrank":142,"engagementScore":0,"voiceSEI":0,"voiceSEIadj":0,"voiceSEIrank":130,"voiceScore":0}},"twitter":{"entityString":"536575feb08f37d80186a0bf","type":"twitter","profiles":1,"postsMade":0,"repliesMade":0,"repliesRcvd":0,"sharesMade":0,"sharesRcvd":0,"mentionsRcvd":0,"likesRcvd":0,"reachRcvd":0,"audience":32655,"voice":0,"conversation":0,"engagement":0,"group_scoped":{"audienceScore":2.64661329944458,"voiceScore":0,"engagementScore":0,"combinedScore":2.64661329944458,"combinedScoreRank":65,"SEIrank":97,"engagementSEIrank":156,"voiceSEIrank":149,"audienceSEIrank":79,"engagementSEI":0,"engagementSEIadj":0,"voiceSEI":0,"voiceSEIadj":0,"audienceSEI":5.893638371908344,"audienceSEIadj":5.893638371908344,"SEI":0.5893638371908344,"SEIadj":0.5893638371908344},"non_scoped":{"SEI":0.5893638371908344,"SEIrank":43,"SEIadj":0,"audienceSEI":5.893638371908344,"audienceSEIadj":0,"audienceSEIrank":18,"audienceScore":0.9538110674213424,"combinedScore":0.04769055337106712,"combinedScoreRank":43,"engagementSEI":0,"engagementSEIadj":0,"engagementSEIrank":156,"engagementScore":0,"voiceSEI":0,"voiceSEIadj":0,"voiceSEIrank":149,"voiceScore":0},"scoped":{"SEI":2.8014893233701947,"SEIrank":37,"SEIadj":0,"audienceSEI":28.014893233701947,"audienceSEIadj":0,"audienceSEIrank":13,"audienceScore":1.5142114693346094,"combinedScore":0.07571057346673048,"combinedScoreRank":37,"engagementSEI":0,"engagementSEIadj":0,"engagementSEIrank":138,"engagementScore":0,"voiceSEI":0,"voiceSEIadj":0,"voiceSEIrank":131,"voiceScore":0}},"instagram":{"entityString":"536575feb08f37d80186a0bf","type":"instagram","profiles":0,"postsMade":0,"repliesMade":0,"repliesRcvd":0,"sharesMade":0,"sharesRcvd":0,"mentionsRcvd":0,"likesRcvd":0,"reachRcvd":0,"audience":0,"voice":0,"conversation":0,"engagement":0,"group_scoped":{"audienceScore":0,"voiceScore":0,"engagementScore":0,"combinedScore":0,"combinedScoreRank":166,"SEIrank":148,"engagementSEIrank":147,"voiceSEIrank":146,"audienceSEIrank":148,"engagementSEI":0,"engagementSEIadj":0,"voiceSEI":0,"voiceSEIadj":0,"audienceSEI":0,"audienceSEIadj":0,"SEI":0,"SEIadj":0},"non_scoped":{"SEI":0,"SEIrank":148,"SEIadj":0,"audienceSEI":0,"audienceSEIadj":0,"audienceSEIrank":148,"audienceScore":0,"combinedScore":0,"combinedScoreRank":148,"engagementSEI":0,"engagementSEIadj":0,"engagementSEIrank":147,"engagementScore":0,"voiceSEI":0,"voiceSEIadj":0,"voiceSEIrank":146,"voiceScore":0},"scoped":{"SEI":0,"SEIrank":130,"SEIadj":0,"audienceSEI":0,"audienceSEIadj":0,"audienceSEIrank":130,"audienceScore":0,"combinedScore":0,"combinedScoreRank":130,"engagementSEI":0,"engagementSEIadj":0,"engagementSEIrank":130,"engagementScore":0,"voiceSEI":0,"voiceSEIadj":0,"voiceSEIrank":130,"voiceScore":0}}},"today":{"boundaryQuantum":4984134,"combined":{"entityString":"536575feb08f37d80186a0bf","type":"combined","profiles":2,"postsMade":0,"repliesMade":0,"repliesRcvd":0,"sharesMade":0,"sharesRcvd":0,"mentionsRcvd":0,"likesRcvd":2,"reachRcvd":0,"audience":49180,"voice":0,"conversation":0,"engagement":2,"group_scoped":{"audienceScore":1.2487989388002185,"voiceScore":0,"engagementScore":0.0018736942693060774,"combinedScore":0.1800058720594364,"combinedScoreRank":146,"SEIrank":132,"engagementSEIrank":154,"voiceSEIrank":179,"audienceSEIrank":69,"engagementSEI":0.0020727751349894808,"engagementSEIadj":0.0020727751349894808,"voiceSEI":0,"voiceSEIadj":0,"audienceSEI":1.9561765538835554,"audienceSEIadj":1.9561765538835554,"SEI":0.19686132046934923,"SEIadj":0.19686132046934923},"non_scoped":{"SEI":0.19623211673617652,"SEIrank":114,"SEIadj":0,"audienceSEI":1.9561765538835554,"audienceSEIadj":0,"audienceSEIrank":32,"audienceScore":0.3621928145747331,"combinedScore":0.018589907116493068,"combinedScoreRank":88,"engagementSEI":0.0010241022463682774,"engagementSEIadj":0,"engagementSEIrank":143,"engagementScore":0.0005336293197293432,"voiceSEI":0,"voiceSEIadj":0,"voiceSEIrank":179,"voiceScore":0},"scoped":{"SEI":2.574720663810154,"SEIrank":73,"SEIadj":0,"audienceSEI":25.67971887025946,"audienceSEIadj":0,"audienceSEIrank":24,"audienceScore":1.0465265977990597,"combinedScore":0.05713813485145854,"combinedScoreRank":91,"engagementSEI":0.011247961307013105,"engagementSEIadj":0,"engagementSEIrank":131,"engagementScore":0.0053464499572284,"voiceSEI":0,"voiceSEIadj":0,"voiceSEIrank":159,"voiceScore":0}},"facebook":{"entityString":"536575feb08f37d80186a0bf","type":"facebook","profiles":1,"postsMade":0,"repliesMade":0,"repliesRcvd":0,"sharesMade":0,"sharesRcvd":0,"mentionsRcvd":0,"likesRcvd":0,"reachRcvd":0,"audience":16525,"voice":0,"conversation":0,"engagement":0,"group_scoped":{"audienceScore":0.6394077130562605,"voiceScore":0,"engagementScore":0,"combinedScore":0.6394077130562605,"combinedScoreRank":47,"SEIrank":102,"engagementSEIrank":184,"voiceSEIrank":165,"audienceSEIrank":80,"engagementSEI":0,"engagementSEIadj":0,"voiceSEI":0,"voiceSEIadj":0,"audienceSEI":0.8980509712536737,"audienceSEIadj":0.8980509712536737,"SEI":0.08980509712536738,"SEIadj":0.08980509712536738},"non_scoped":{"SEI":0.08980509712536738,"SEIrank":80,"SEIadj":0,"audienceSEI":0.8980509712536737,"audienceSEIadj":0,"audienceSEIrank":51,"audienceScore":0.17231221618014317,"combinedScore":0.008615610809007159,"combinedScoreRank":89,"engagementSEI":0,"engagementSEIadj":0,"engagementSEIrank":184,"engagementScore":0,"voiceSEI":0,"voiceSEIadj":0,"voiceSEIrank":165,"voiceScore":0},"scoped":{"SEI":1.1604553338810824,"SEIrank":75,"SEIadj":0,"audienceSEI":11.604553338810824,"audienceSEIadj":0,"audienceSEIrank":41,"audienceScore":0.7103442020653069,"combinedScore":0.03551721010326535,"combinedScoreRank":86,"engagementSEI":0,"engagementSEIadj":0,"engagementSEIrank":163,"engagementScore":0,"voiceSEI":0,"voiceSEIadj":0,"voiceSEIrank":146,"voiceScore":0}},"twitter":{"entityString":"536575feb08f37d80186a0bf","type":"twitter","profiles":1,"postsMade":0,"repliesMade":0,"repliesRcvd":0,"sharesMade":0,"sharesRcvd":0,"mentionsRcvd":0,"likesRcvd":2,"reachRcvd":0,"audience":32655,"voice":0,"conversation":0,"engagement":2,"group_scoped":{"audienceScore":2.64661329944458,"voiceScore":0,"engagementScore":0.059224163458691144,"combinedScore":0.42885118288524665,"combinedScoreRank":187,"SEIrank":146,"engagementSEIrank":126,"voiceSEIrank":174,"audienceSEIrank":79,"engagementSEI":0.12610340479192939,"engagementSEIadj":0.12610340479192939,"voiceSEI":0,"voiceSEIadj":0,"audienceSEI":5.893638371908344,"audienceSEIadj":5.893638371908344,"SEI":0.6650258800659921,"SEIadj":0.6650258800659921},"non_scoped":{"SEI":0.6650258800659921,"SEIrank":98,"SEIadj":0,"audienceSEI":5.893638371908344,"audienceSEIadj":0,"audienceSEIrank":18,"audienceScore":0.9538110674213424,"combinedScore":0.07618058186109561,"combinedScoreRank":87,"engagementSEI":0.12610340479192939,"engagementSEIadj":0,"engagementSEIrank":108,"engagementScore":0.03165558721114277,"voiceSEI":0,"voiceSEIadj":0,"voiceSEIrank":174,"voiceScore":0},"scoped":{"SEI":3.024537650507741,"SEIrank":60,"SEIadj":0,"audienceSEI":28.014893233701947,"audienceSEIadj":0,"audienceSEIrank":13,"audienceScore":1.5142114693346094,"combinedScore":0.1257801144959377,"combinedScoreRank":78,"engagementSEI":0.37174721189591076,"engagementSEIadj":0,"engagementSEIrank":97,"engagementScore":0.055632823365785816,"voiceSEI":0,"voiceSEIadj":0,"voiceSEIrank":154,"voiceScore":0}},"instagram":{"entityString":"536575feb08f37d80186a0bf","type":"instagram","profiles":0,"postsMade":0,"repliesMade":0,"repliesRcvd":0,"sharesMade":0,"sharesRcvd":0,"mentionsRcvd":0,"likesRcvd":0,"reachRcvd":0,"audience":0,"voice":0,"conversation":0,"engagement":0,"group_scoped":{"audienceScore":0,"voiceScore":0,"engagementScore":0,"combinedScore":0,"combinedScoreRank":166,"SEIrank":148,"engagementSEIrank":148,"voiceSEIrank":148,"audienceSEIrank":148,"engagementSEI":0,"engagementSEIadj":0,"voiceSEI":0,"voiceSEIadj":0,"audienceSEI":0,"audienceSEIadj":0,"SEI":0,"SEIadj":0},"non_scoped":{"SEI":0,"SEIrank":148,"SEIadj":0,"audienceSEI":0,"audienceSEIadj":0,"audienceSEIrank":148,"audienceScore":0,"combinedScore":0,"combinedScoreRank":148,"engagementSEI":0,"engagementSEIadj":0,"engagementSEIrank":148,"engagementScore":0,"voiceSEI":0,"voiceSEIadj":0,"voiceSEIrank":148,"voiceScore":0},"scoped":{"SEI":0,"SEIrank":130,"SEIadj":0,"audienceSEI":0,"audienceSEIadj":0,"audienceSEIrank":130,"audienceScore":0,"combinedScore":0,"combinedScoreRank":130,"engagementSEI":0,"engagementSEIadj":0,"engagementSEIrank":130,"engagementScore":0,"voiceSEI":0,"voiceSEIadj":0,"voiceSEIrank":130,"voiceScore":0}}},"week":{"boundaryQuantum":4982406,"combined":{"entityString":"536575feb08f37d80186a0bf","type":"combined","profiles":2,"postsMade":16,"repliesMade":0,"repliesRcvd":23,"sharesMade":0,"sharesRcvd":33,"mentionsRcvd":0,"likesRcvd":416,"reachRcvd":0,"audience":49180,"voice":16,"conversation":39,"engagement":472,"group_scoped":{"audienceScore":1.2487989388002185,"voiceScore":0.7266121707538601,"engagementScore":0.058105037165065085,"combinedScore":0.15106508892626253,"combinedScoreRank":130,"SEIrank":109,"engagementSEIrank":114,"voiceSEIrank":105,"audienceSEIrank":69,"engagementSEI":0.06423464152442958,"engagementSEIadj":0.06423464152442958,"voiceSEI":1.8604651162790697,"voiceSEIadj":1.8604651162790697,"audienceSEI":1.9561765538835554,"audienceSEIadj":1.9561765538835554,"SEI":0.7922979751867342,"SEIadj":0.7922979751867342},"non_scoped":{"SEI":0.7827355199660645,"SEIrank":87,"SEIadj":0,"audienceSEI":1.9561765538835554,"audienceSEIadj":0,"audienceSEIrank":32,"audienceScore":0.3621928145747331,"combinedScore":0.04454003818998176,"combinedScoreRank":74,"engagementSEI":0.0482972161566467,"engagementSEIadj":0,"engagementSEIrank":78,"engagementScore":0.019685277456061585,"voiceSEI":1.8604651162790697,"voiceSEIadj":0,"voiceSEIrank":95,"voiceScore":0.17427295501579348},"scoped":{"SEI":5.671967831488817,"SEIrank":64,"SEIadj":0,"audienceSEI":25.67971887025946,"audienceSEIadj":0,"audienceSEIrank":24,"audienceScore":1.0465265977990597,"combinedScore":0.276914774591911,"combinedScoreRank":68,"engagementSEI":1.5697229705011806,"engagementSEIadj":0,"engagementSEIrank":69,"engagementScore":0.22925308180255094,"voiceSEI":7.207207207207207,"voiceSEIadj":0,"voiceSEIrank":85,"voiceScore":0.36521342159324355}},"facebook":{"entityString":"536575feb08f37d80186a0bf","type":"facebook","profiles":1,"postsMade":5,"repliesMade":0,"repliesRcvd":23,"sharesMade":0,"sharesRcvd":3,"mentionsRcvd":0,"likesRcvd":184,"reachRcvd":0,"audience":16525,"voice":5,"conversation":28,"engagement":210,"group_scoped":{"audienceScore":0.6394077130562605,"voiceScore":0.5586592178770949,"engagementScore":0.028823071633568176,"combinedScore":0.08584411101687914,"combinedScoreRank":129,"SEIrank":95,"engagementSEIrank":90,"voiceSEIrank":82,"audienceSEIrank":80,"engagementSEI":0.03159229689537985,"engagementSEIadj":0.03159229689537985,"voiceSEI":1.4970059880239521,"voiceSEIadj":1.4970059880239521,"audienceSEI":0.8980509712536737,"audienceSEIadj":0.8980509712536737,"SEI":0.5578622716697809,"SEIadj":0.5578622716697809},"non_scoped":{"SEI":0.48504550131886753,"SEIrank":77,"SEIadj":0,"audienceSEI":0.8980509712536737,"audienceSEIadj":0,"audienceSEIrank":51,"audienceScore":0.17231221618014317,"combinedScore":0.02502441319482307,"combinedScoreRank":82,"engagementSEI":0.022601691467538588,"engagementSEIadj":0,"engagementSEIrank":77,"engagementScore":0.009650668768367865,"voiceSEI":1.2722646310432568,"voiceSEIadj":0,"voiceSEIrank":75,"voiceScore":0.15446400988569664},"scoped":{"SEI":3.8231756933695022,"SEIrank":74,"SEIadj":0,"audienceSEI":11.604553338810824,"audienceSEIadj":0,"audienceSEIrank":41,"audienceScore":0.7103442020653069,"combinedScore":0.19669639189835875,"combinedScoreRank":71,"engagementSEI":1.596958174904943,"engagementSEIadj":0,"engagementSEIrank":68,"engagementScore":0.1555474901301414,"voiceSEI":5.681818181818182,"voiceSEIadj":0,"voiceSEIrank":66,"voiceScore":0.423728813559322}},"twitter":{"entityString":"536575feb08f37d80186a0bf","type":"twitter","profiles":1,"postsMade":11,"repliesMade":0,"repliesRcvd":0,"sharesMade":0,"sharesRcvd":30,"mentionsRcvd":0,"likesRcvd":232,"reachRcvd":0,"audience":32655,"voice":11,"conversation":11,"engagement":262,"group_scoped":{"audienceScore":2.64661329944458,"voiceScore":0.870253164556962,"engagementScore":0.895573406255341,"combinedScore":0.981859388829884,"combinedScoreRank":103,"SEIrank":104,"engagementSEIrank":99,"voiceSEIrank":112,"audienceSEIrank":79,"engagementSEI":1.679164263282702,"engagementSEIadj":1.679164263282702,"voiceSEI":2.2774327122153206,"voiceSEIadj":2.2774327122153206,"audienceSEI":5.893638371908344,"audienceSEIadj":5.893638371908344,"SEI":2.2800922088250517,"SEIadj":2.2800922088250517},"non_scoped":{"SEI":2.2800922088250517,"SEIrank":53,"SEIadj":0,"audienceSEI":5.893638371908344,"audienceSEIadj":0,"audienceSEIrank":18,"audienceScore":0.9538110674213424,"combinedScore":0.44175820601869165,"combinedScoreRank":34,"engagementSEI":1.679164263282702,"engagementSEIadj":0,"engagementSEIrank":34,"engagementScore":0.4271971302788195,"voiceSEI":2.2774327122153206,"voiceSEIadj":0,"voiceSEIrank":94,"voiceScore":0.1918047079337402},"scoped":{"SEI":10.829380018943816,"SEIrank":38,"SEIadj":0,"audienceSEI":28.014893233701947,"audienceSEIadj":0,"audienceSEIrank":13,"audienceScore":1.5142114693346094,"combinedScore":0.9024624111180958,"combinedScoreRank":24,"engagementSEI":9.984756097560975,"engagementSEIadj":0,"engagementSEIrank":24,"engagementScore":0.8991386114828923,"voiceSEI":6.790123456790123,"voiceSEIadj":0,"voiceSEIrank":84,"voiceScore":0.3505417463352454}},"instagram":{"entityString":"536575feb08f37d80186a0bf","type":"instagram","profiles":0,"postsMade":0,"repliesMade":0,"repliesRcvd":0,"sharesMade":0,"sharesRcvd":0,"mentionsRcvd":0,"likesRcvd":0,"reachRcvd":0,"audience":0,"voice":0,"conversation":0,"engagement":0,"group_scoped":{"audienceScore":0,"voiceScore":0,"engagementScore":0,"combinedScore":0,"combinedScoreRank":166,"SEIrank":148,"engagementSEIrank":148,"voiceSEIrank":148,"audienceSEIrank":148,"engagementSEI":0,"engagementSEIadj":0,"voiceSEI":0,"voiceSEIadj":0,"audienceSEI":0,"audienceSEIadj":0,"SEI":0,"SEIadj":0},"non_scoped":{"SEI":0,"SEIrank":148,"SEIadj":0,"audienceSEI":0,"audienceSEIadj":0,"audienceSEIrank":148,"audienceScore":0,"combinedScore":0,"combinedScoreRank":148,"engagementSEI":0,"engagementSEIadj":0,"engagementSEIrank":148,"engagementScore":0,"voiceSEI":0,"voiceSEIadj":0,"voiceSEIrank":148,"voiceScore":0},"scoped":{"SEI":0,"SEIrank":130,"SEIadj":0,"audienceSEI":0,"audienceSEIadj":0,"audienceSEIrank":130,"audienceScore":0,"combinedScore":0,"combinedScoreRank":130,"engagementSEI":0,"engagementSEIadj":0,"engagementSEIrank":130,"engagementScore":0,"voiceSEI":0,"voiceSEIadj":0,"voiceSEIrank":130,"voiceScore":0}}},"month":{"boundaryQuantum":4975782,"combined":{"entityString":"536575feb08f37d80186a0bf","type":"combined","profiles":2,"postsMade":68,"repliesMade":0,"repliesRcvd":225,"sharesMade":0,"sharesRcvd":126,"mentionsRcvd":0,"likesRcvd":2150,"reachRcvd":0,"audience":49180,"voice":68,"conversation":293,"engagement":2501,"group_scoped":{"audienceScore":1.2487989388002185,"voiceScore":0.728909851002251,"engagementScore":0.08059845886465421,"combinedScore":0.17142405246831227,"combinedScoreRank":118,"SEIrank":108,"engagementSEIrank":113,"voiceSEIrank":113,"audienceSEIrank":69,"engagementSEI":0.09237948650893821,"engagementSEIadj":0.09237948650893821,"voiceSEI":1.878972091738049,"voiceSEIadj":1.878972091738049,"audienceSEI":1.9561765538835554,"audienceSEIadj":1.9561765538835554,"SEI":0.8147369748151331,"SEIadj":0.8147369748151331},"non_scoped":{"SEI":0.8007183730411832,"SEIrank":81,"SEIadj":0,"audienceSEI":1.9561765538835554,"audienceSEIadj":0,"audienceSEIrank":32,"audienceScore":0.3621928145747331,"combinedScore":0.05157617692271588,"combinedScoreRank":67,"engagementSEI":0.06901515021902169,"engagementSEIadj":0,"engagementSEIrank":70,"engagementScore":0.027181656718173065,"voiceSEI":1.878972091738049,"voiceSEIadj":0,"voiceSEIrank":92,"voiceScore":0.18006090295246924},"scoped":{"SEI":6.103473737617346,"SEIrank":60,"SEIadj":0,"audienceSEI":25.67971887025946,"audienceSEIadj":0,"audienceSEIrank":24,"audienceScore":1.0465265977990597,"combinedScore":0.3085616503508959,"combinedScoreRank":55,"engagementSEI":2.3135557158979485,"engagementSEIadj":0,"engagementSEIrank":61,"engagementScore":0.2636127917026793,"voiceSEI":7.157894736842104,"voiceSEIadj":0,"voiceSEIrank":82,"voiceScore":0.379676158570631}},"facebook":{"entityString":"536575feb08f37d80186a0bf","type":"facebook","profiles":1,"postsMade":17,"repliesMade":0,"repliesRcvd":225,"sharesMade":0,"sharesRcvd":8,"mentionsRcvd":0,"likesRcvd":1266,"reachRcvd":0,"audience":16525,"voice":17,"conversation":242,"engagement":1499,"group_scoped":{"audienceScore":0.6394077130562605,"voiceScore":0.45871559633027525,"engagementScore":0.05461796934835188,"combinedScore":0.10406233788284348,"combinedScoreRank":110,"SEIrank":97,"engagementSEIrank":91,"voiceSEIrank":91,"audienceSEIrank":80,"engagementSEI":0.06244940827206778,"engagementSEIadj":0.06244940827206778,"voiceSEI":1.1772853185595569,"voiceSEIadj":1.1772853185595569,"audienceSEI":0.8980509712536737,"audienceSEIadj":0.8980509712536737,"SEI":0.4804603376564751,"SEIadj":0.4804603376564751},"non_scoped":{"SEI":0.44111038336372094,"SEIrank":88,"SEIadj":0,"audienceSEI":0.8980509712536737,"audienceSEIadj":0,"audienceSEIrank":51,"audienceScore":0.17231221618014317,"combinedScore":0.03116677275903538,"combinedScoreRank":78,"engagementSEI":0.043762475151876805,"engagementSEIadj":0,"engagementSEIrank":67,"engagementScore":0.018125144266596085,"voiceSEI":1.0834926704907584,"voiceSEIadj":0,"voiceSEIrank":88,"voiceScore":0.12477064220183486},"scoped":{"SEI":3.7982180196371167,"SEIrank":75,"SEIadj":0,"audienceSEI":11.604553338810824,"audienceSEIadj":0,"audienceSEIrank":41,"audienceScore":0.7103442020653069,"combinedScore":0.2519897523960054,"combinedScoreRank":62,"engagementSEI":1.6184933651489468,"engagementSEIadj":0,"engagementSEIrank":58,"engagementScore":0.22120335213832365,"voiceSEI":5.555555555555555,"voiceSEIadj":0,"voiceSEIrank":79,"voiceScore":0.34779050736497547}},"twitter":{"entityString":"536575feb08f37d80186a0bf","type":"twitter","profiles":1,"postsMade":51,"repliesMade":0,"repliesRcvd":0,"sharesMade":0,"sharesRcvd":118,"mentionsRcvd":0,"likesRcvd":884,"reachRcvd":0,"audience":32655,"voice":51,"conversation":51,"engagement":1002,"group_scoped":{"audienceScore":2.64661329944458,"voiceScore":0.9375,"engagementScore":0.9177168815943728,"combinedScore":1.0051508584071644,"combinedScoreRank":108,"SEIrank":113,"engagementSEIrank":108,"voiceSEIrank":110,"audienceSEIrank":79,"engagementSEI":1.738587267711207,"engagementSEIadj":1.738587267711207,"voiceSEI":2.5602409638554215,"voiceSEIadj":2.5602409638554215,"audienceSEI":5.893638371908344,"audienceSEIadj":5.893638371908344,"SEI":2.400588486974185,"SEIadj":2.400588486974185},"non_scoped":{"SEI":2.400588486974185,"SEIrank":57,"SEIadj":0,"audienceSEI":5.893638371908344,"audienceSEIadj":0,"audienceSEIrank":18,"audienceScore":0.9538110674213424,"combinedScore":0.4324201673441508,"combinedScoreRank":42,"engagementSEI":1.738587267711207,"engagementSEIadj":0,"engagementSEIrank":41,"engagementScore":0.4153212937133952,"voiceSEI":2.5602409638554215,"voiceSEIadj":0,"voiceSEIrank":88,"voiceScore":0.21880899262055947},"scoped":{"SEI":11.10801446311715,"SEIrank":39,"SEIadj":0,"audienceSEI":28.014893233701947,"audienceSEIadj":0,"audienceSEIrank":13,"audienceScore":1.5142114693346094,"combinedScore":0.854392490425394,"combinedScoreRank":31,"engagementSEI":9.884581237052382,"engagementSEIadj":0,"engagementSEIrank":31,"engagementScore":0.8430511383714473,"voiceSEI":7.919254658385093,"voiceSEIadj":0,"voiceSEIrank":78,"voiceScore":0.39871784848721753}},"instagram":{"entityString":"536575feb08f37d80186a0bf","type":"instagram","profiles":0,"postsMade":0,"repliesMade":0,"repliesRcvd":0,"sharesMade":0,"sharesRcvd":0,"mentionsRcvd":0,"likesRcvd":0,"reachRcvd":0,"audience":0,"voice":0,"conversation":0,"engagement":0,"group_scoped":{"audienceScore":0,"voiceScore":0,"engagementScore":0,"combinedScore":0,"combinedScoreRank":166,"SEIrank":148,"engagementSEIrank":148,"voiceSEIrank":148,"audienceSEIrank":148,"engagementSEI":0,"engagementSEIadj":0,"voiceSEI":0,"voiceSEIadj":0,"audienceSEI":0,"audienceSEIadj":0,"SEI":0,"SEIadj":0},"non_scoped":{"SEI":0,"SEIrank":148,"SEIadj":0,"audienceSEI":0,"audienceSEIadj":0,"audienceSEIrank":148,"audienceScore":0,"combinedScore":0,"combinedScoreRank":148,"engagementSEI":0,"engagementSEIadj":0,"engagementSEIrank":148,"engagementScore":0,"voiceSEI":0,"voiceSEIadj":0,"voiceSEIrank":148,"voiceScore":0},"scoped":{"SEI":0,"SEIrank":130,"SEIadj":0,"audienceSEI":0,"audienceSEIadj":0,"audienceSEIrank":130,"audienceScore":0,"combinedScore":0,"combinedScoreRank":130,"engagementSEI":0,"engagementSEIadj":0,"engagementSEIrank":130,"engagementScore":0,"voiceSEI":0,"voiceSEIadj":0,"voiceSEIrank":130,"voiceScore":0}}},"quarter":{"boundaryQuantum":4958502,"combined":{"entityString":"536575feb08f37d80186a0bf","type":"combined","profiles":2,"postsMade":319,"repliesMade":0,"repliesRcvd":1622,"sharesMade":0,"sharesRcvd":987,"mentionsRcvd":0,"likesRcvd":10935,"reachRcvd":0,"audience":49180,"voice":319,"conversation":1941,"engagement":13544,"group_scoped":{"audienceScore":1.2487989388002185,"voiceScore":1.1310452418096724,"engagementScore":0.14068994373337135,"combinedScore":0.24561315839052875,"combinedScoreRank":94,"SEIrank":86,"engagementSEIrank":91,"voiceSEIrank":80,"audienceSEIrank":69,"engagementSEI":0.15964662742374028,"engagementSEIadj":0.15964662742374028,"voiceSEI":2.979081060889055,"voiceSEIadj":2.979081060889055,"audienceSEI":1.9561765538835554,"audienceSEIadj":1.9561765538835554,"SEI":1.1851299501093162,"SEIadj":1.1851299501093162},"non_scoped":{"SEI":1.1602299700276275,"SEIrank":60,"SEIadj":0,"audienceSEI":1.9561765538835554,"audienceSEIadj":0,"audienceSEIrank":32,"audienceScore":0.3621928145747331,"combinedScore":0.0734785609123747,"combinedScoreRank":56,"engagementSEI":0.11814666062092596,"engagementSEIadj":0,"engagementSEIrank":54,"engagementScore":0.045756725840050104,"voiceSEI":2.979081060889055,"voiceSEIadj":0,"voiceSEIrank":63,"voiceScore":0.2837573385518591},"scoped":{"SEI":7.937581172606605,"SEIrank":43,"SEIadj":0,"audienceSEI":25.67971887025946,"audienceSEIadj":0,"audienceSEIrank":24,"audienceScore":1.0465265977990597,"combinedScore":0.48451648911834044,"combinedScoreRank":45,"engagementSEI":2.7407073145560616,"engagementSEIadj":0,"engagementSEIrank":45,"engagementScore":0.44705837306928814,"voiceSEI":12.417282989490074,"voiceSEIadj":0,"voiceSEIrank":53,"voiceScore":0.5967524693205627}},"facebook":{"entityString":"536575feb08f37d80186a0bf","type":"facebook","profiles":1,"postsMade":90,"repliesMade":0,"repliesRcvd":1622,"sharesMade":0,"sharesRcvd":132,"mentionsRcvd":0,"likesRcvd":7260,"reachRcvd":0,"audience":16525,"voice":90,"conversation":1712,"engagement":9014,"group_scoped":{"audienceScore":0.6394077130562605,"voiceScore":0.7982969664715274,"engagementScore":0.1061270786408246,"combinedScore":0.16739960475313154,"combinedScoreRank":93,"SEIrank":85,"engagementSEIrank":80,"voiceSEIrank":66,"audienceSEIrank":80,"engagementSEI":0.11971554608762981,"engagementSEIadj":0.11971554608762981,"voiceSEI":2.166064981949458,"voiceSEIadj":2.166064981949458,"audienceSEI":0.8980509712536737,"audienceSEIadj":0.8980509712536737,"SEI":0.8114539193627828,"SEIadj":0.8114539193627828},"non_scoped":{"SEI":0.7055172271106109,"SEIrank":65,"SEIadj":0,"audienceSEI":0.8980509712536737,"audienceSEIadj":0,"audienceSEIrank":51,"audienceScore":0.17231221618014317,"combinedScore":0.05019099278124781,"combinedScoreRank":60,"engagementSEI":0.08140418332973454,"engagementSEIadj":0,"engagementSEIrank":58,"engagementScore":0.033877170789460224,"voiceSEI":1.8895653999580098,"voiceSEIadj":0,"voiceSEIrank":58,"voiceScore":0.22171856523452899},"scoped":{"SEI":9.052196067815913,"SEIrank":52,"SEIadj":0,"audienceSEI":11.604553338810824,"audienceSEIadj":0,"audienceSEIrank":41,"audienceScore":0.7103442020653069,"combinedScore":0.4737592357918796,"combinedScoreRank":49,"engagementSEI":7.665096345175939,"engagementSEIadj":0,"engagementSEIrank":49,"engagementScore":0.4528105499734261,"voiceSEI":10.975609756097562,"voiceSEIadj":0,"voiceSEIrank":49,"voiceScore":0.6142506142506142}},"twitter":{"entityString":"536575feb08f37d80186a0bf","type":"twitter","profiles":1,"postsMade":229,"repliesMade":0,"repliesRcvd":0,"sharesMade":0,"sharesRcvd":855,"mentionsRcvd":0,"likesRcvd":3675,"reachRcvd":0,"audience":32655,"voice":229,"conversation":229,"engagement":4530,"group_scoped":{"audienceScore":2.64661329944458,"voiceScore":1.3976197741837046,"engagementScore":1.1618304086667932,"combinedScore":1.2478590214815282,"combinedScoreRank":94,"SEIrank":98,"engagementSEIrank":99,"voiceSEIrank":83,"audienceSEIrank":79,"engagementSEI":2.148222618460488,"engagementSEIadj":2.148222618460488,"voiceSEI":3.8115845539280957,"voiceSEIadj":3.8115845539280957,"audienceSEI":5.893638371908344,"audienceSEIadj":5.893638371908344,"SEI":3.0217727744455556,"SEIadj":3.0217727744455556},"non_scoped":{"SEI":3.0217727744455556,"SEIrank":45,"SEIadj":0,"audienceSEI":5.893638371908344,"audienceSEIadj":0,"audienceSEIrank":18,"audienceScore":0.9538110674213424,"combinedScore":0.5546834029401144,"combinedScoreRank":33,"engagementSEI":2.148222618460488,"engagementSEIadj":0,"engagementSEIrank":32,"engagementScore":0.5450476465492348,"voiceSEI":3.8115845539280957,"voiceSEIadj":0,"voiceSEIrank":65,"voiceScore":0.3289993534947202},"scoped":{"SEI":15.196855705947353,"SEIrank":31,"SEIadj":0,"audienceSEI":28.014893233701947,"audienceSEIadj":0,"audienceSEIrank":13,"audienceScore":1.5142114693346094,"combinedScore":1.122719382033491,"combinedScoreRank":24,"engagementSEI":14.251557289372679,"engagementSEIadj":0,"engagementSEIrank":24,"engagementScore":1.1300083316287586,"voiceSEI":12.81477336317851,"voiceSEIadj":0,"voiceSEIrank":55,"voiceScore":0.6000262020175553}},"instagram":{"entityString":"536575feb08f37d80186a0bf","type":"instagram","profiles":0,"postsMade":0,"repliesMade":0,"repliesRcvd":0,"sharesMade":0,"sharesRcvd":0,"mentionsRcvd":0,"likesRcvd":0,"reachRcvd":0,"audience":0,"voice":0,"conversation":0,"engagement":0,"group_scoped":{"audienceScore":0,"voiceScore":0,"engagementScore":0,"combinedScore":0,"combinedScoreRank":166,"SEIrank":148,"engagementSEIrank":148,"voiceSEIrank":148,"audienceSEIrank":148,"engagementSEI":0,"engagementSEIadj":0,"voiceSEI":0,"voiceSEIadj":0,"audienceSEI":0,"audienceSEIadj":0,"SEI":0,"SEIadj":0},"non_scoped":{"SEI":0,"SEIrank":148,"SEIadj":0,"audienceSEI":0,"audienceSEIadj":0,"audienceSEIrank":148,"audienceScore":0,"combinedScore":0,"combinedScoreRank":148,"engagementSEI":0,"engagementSEIadj":0,"engagementSEIrank":148,"engagementScore":0,"voiceSEI":0,"voiceSEIadj":0,"voiceSEIrank":148,"voiceScore":0},"scoped":{"SEI":0,"SEIrank":130,"SEIadj":0,"audienceSEI":0,"audienceSEIadj":0,"audienceSEIrank":130,"audienceScore":0,"combinedScore":0,"combinedScoreRank":130,"engagementSEI":0,"engagementSEIadj":0,"engagementSEIrank":130,"engagementScore":0,"voiceSEI":0,"voiceSEIadj":0,"voiceSEIrank":130,"voiceScore":0}}},"blended":{"combined":{"non_scoped":{"SEI":0.9448550027966195,"SEIadj":60.37794200111865,"SEIrank":68,"audienceSEI":1.9561765538835552,"audienceSEIadj":60.78247062155342,"audienceSEIrank":32,"engagementSEI":0.08396597280262867,"engagementSEIadj":60.03358638912105,"engagementSEIrank":63,"voiceSEI":2.3295258790889557,"voiceSEIadj":51.16476293954448,"voiceSEIrank":77},"scoped":{"SEI":8.103124902483124,"SEIadj":54.051562451241566,"SEIrank":92,"compCharisma":3,"compInfluence":0,"compEva":5.103124902483124,"audienceSEI":25.679718870259464,"audienceSEIadj":70.27188754810379,"audienceSEIrank":24,"engagementSEI":2.188866303878428,"engagementSEIadj":60.87554652155137,"engagementSEIrank":55,"voiceSEI":9.444487867433516,"voiceSEIadj":54.722243933716754,"voiceSEIrank":66}},"facebook":{"non_scoped":{"SEI":0.5689290763117922,"SEIadj":50.284464538155895,"SEIrank":69,"audienceSEI":0.8980509712536737,"audienceSEIadj":60.35922038850147,"audienceSEIrank":51,"engagementSEI":0.05404697037791036,"engagementSEIadj":60.021618788151166,"engagementSEIrank":64,"voiceSEI":1.4889859898655957,"voiceSEIadj":50.7444929949328,"voiceSEIrank":69},"scoped":{"SEI":6.300806211558429,"SEIadj":62.52032248462337,"SEIrank":62,"audienceSEI":11.604553338810824,"audienceSEIadj":64.64182133552433,"audienceSEIrank":41,"engagementSEI":4.554409629831794,"engagementSEIadj":61.821763851932715,"engagementSEIrank":53,"voiceSEI":8.025683665927568,"voiceSEIadj":63.21027346637103,"voiceSEIrank":59}},"twitter":{"non_scoped":{"SEI":2.58825361691972,"SEIadj":61.03530144676789,"SEIrank":51,"audienceSEI":5.893638371908344,"audienceSEIadj":71.7680915115725,"audienceSEIrank":18,"engagementSEI":1.844953848611332,"engagementSEIadj":60.73798153944453,"engagementSEIrank":38,"voiceSEI":2.973058235206957,"voiceSEIadj":51.48652911760348,"voiceSEIrank":73},"scoped":{"SEI":12.66467091064978,"SEIadj":65.06586836425991,"SEIrank":35,"audienceSEI":28.014893233701947,"audienceSEIadj":78.40446797011059,"audienceSEIrank":13,"engagementSEI":11.622480020107284,"engagementSEIadj":64.64899200804291,"engagementSEIrank":27,"voiceSEI":9.632311917384056,"voiceSEIadj":63.85292476695362,"voiceSEIrank":62}},"instagram":{"non_scoped":{"SEI":0,"SEIadj":0,"SEIrank":148,"audienceSEI":0,"audienceSEIadj":0,"audienceSEIrank":148,"engagementSEI":0,"engagementSEIadj":0,"engagementSEIrank":148,"voiceSEI":0,"voiceSEIadj":0,"voiceSEIrank":148},"scoped":{"SEI":0,"SEIadj":0,"SEIrank":130,"audienceSEI":0,"audienceSEIadj":0,"audienceSEIrank":130,"engagementSEI":0,"engagementSEIadj":0,"engagementSEIrank":130,"voiceSEI":0,"voiceSEIadj":0,"voiceSEIrank":130}},"influence":{"instagram":{"scope":"individual","ratio":0,"calculated":false},"combined":{"ratio":0.28,"bottom":false,"scope":"individual","calculated":true},"facebook":{"ratio":0.47,"bottom":false,"scope":"individual","calculated":true},"twitter":{"ratio":0.67,"bottom":false,"scope":"individual","calculated":true}},"charisma":{"instagram":{"scope":"individual","ratio":0,"calculated":false},"combined":{"ratio":0.69,"bottom":false,"scope":"individual","calculated":true},"facebook":{"ratio":0.66,"bottom":false,"scope":"individual","calculated":true},"twitter":{"ratio":2,"bottom":false,"scope":"individual","calculated":true}}},"scope":"individual"}}