{"scoreEntityString":"591d1494ab33fb0001804f89.asset.536575feb08f37d80186a0c9","timeQuantum":4984422,"scoreEntityType":"asset","scoreProfileID":"591d1494ab33fb0001804f89","data":{"scoreEntityString":"591d1494ab33fb0001804f89.asset.536575feb08f37d80186a0c9","scoreProfileID":"591d1494ab33fb0001804f89","scoreEntityType":"asset","entityID":"asset.536575feb08f37d80186a0c9","object_version":"1.2","score_engine_version":"3.0.19","timestamp":4984422,"start_quantum":4958502,"end_quantum":4984421,"schedule_options":{"interval":15,"offset":"1"},"_15min":{"boundaryQuantum":4984419,"combined":{"entityString":"536575feb08f37d80186a0c9","type":"combined","profiles":2,"postsMade":0,"repliesMade":0,"repliesRcvd":0,"sharesMade":0,"sharesRcvd":0,"mentionsRcvd":0,"likesRcvd":0,"reachRcvd":0,"audience":30745,"voice":0,"conversation":0,"engagement":0,"group_scoped":{"audienceScore":0.7806897798579243,"voiceScore":0,"engagementScore":0,"combinedScore":0.7806897798579243,"engagementSEI":0,"engagementSEIadj":0,"voiceSEI":0,"voiceSEIadj":0,"audienceSEI":1.2229086650904821,"audienceSEIadj":1.2229086650904821,"SEI":0.12229086650904822,"SEIadj":0.12229086650904822,"combinedScoreRank":87,"SEIrank":96,"engagementSEIrank":161,"voiceSEIrank":160,"audienceSEIrank":96},"non_scoped":{"SEI":0.12229086650904822,"SEIrank":52,"SEIadj":0,"audienceSEI":1.2229086650904821,"audienceSEIadj":0,"audienceSEIrank":52,"audienceScore":0.22642574388166267,"combinedScore":0.011321287194083134,"combinedScoreRank":52,"engagementSEI":0,"engagementSEIadj":0,"engagementSEIrank":161,"engagementScore":0,"voiceSEI":0,"voiceSEIadj":0,"voiceSEIrank":160,"voiceScore":0},"scoped":{"SEI":1.6053740477147767,"SEIrank":41,"SEIadj":0,"audienceSEI":16.053740477147766,"audienceSEIadj":0,"audienceSEIrank":41,"audienceScore":0.6542387199945525,"combinedScore":0.09346267428493607,"combinedScoreRank":41,"engagementSEI":0,"engagementSEIadj":0,"engagementSEIrank":143,"engagementScore":0,"voiceSEI":0,"voiceSEIadj":0,"voiceSEIrank":142,"voiceScore":0}},"facebook":{"entityString":"536575feb08f37d80186a0c9","type":"facebook","profiles":1,"postsMade":0,"repliesMade":0,"repliesRcvd":0,"sharesMade":0,"sharesRcvd":0,"mentionsRcvd":0,"likesRcvd":0,"reachRcvd":0,"audience":1,"voice":0,"conversation":0,"engagement":0,"group_scoped":{"audienceScore":0.00003869335631202787,"voiceScore":0,"engagementScore":0,"combinedScore":0.00003869335631202787,"engagementSEI":0,"engagementSEIadj":0,"voiceSEI":0,"voiceSEIadj":0,"audienceSEI":0.0000543449906961376,"audienceSEIadj":0.0000543449906961376,"SEI":0.00000543449906961376,"SEIadj":0.00000543449906961376,"combinedScoreRank":195,"SEIrank":195,"engagementSEIrank":161,"voiceSEIrank":160,"audienceSEIrank":195},"non_scoped":{"SEI":0.00000543449906961376,"SEIrank":179,"SEIadj":0,"audienceSEI":0.0000543449906961376,"audienceSEIadj":0,"audienceSEIrank":179,"audienceScore":0.00001042736557822349,"combinedScore":5.213682789111745e-7,"combinedScoreRank":179,"engagementSEI":0,"engagementSEIadj":0,"engagementSEIrank":161,"engagementScore":0,"voiceSEI":0,"voiceSEIadj":0,"voiceSEIrank":160,"voiceScore":0},"scoped":{"SEI":0.00007022422595346943,"SEIrank":163,"SEIadj":0,"audienceSEI":0.0007022422595346942,"audienceSEIadj":0,"audienceSEIrank":163,"audienceScore":0.000042986033407885445,"combinedScore":0.000006140861915412206,"combinedScoreRank":163,"engagementSEI":0,"engagementSEIadj":0,"engagementSEIrank":143,"engagementScore":0,"voiceSEI":0,"voiceSEIadj":0,"voiceSEIrank":142,"voiceScore":0}},"twitter":{"entityString":"536575feb08f37d80186a0c9","type":"twitter","profiles":1,"postsMade":0,"repliesMade":0,"repliesRcvd":0,"sharesMade":0,"sharesRcvd":0,"mentionsRcvd":0,"likesRcvd":0,"reachRcvd":0,"audience":30744,"voice":0,"conversation":0,"engagement":0,"group_scoped":{"audienceScore":2.4917311063581127,"voiceScore":0,"engagementScore":0,"combinedScore":2.4917311063581127,"engagementSEI":0,"engagementSEIadj":0,"voiceSEI":0,"voiceSEIadj":0,"audienceSEI":5.548737348214672,"audienceSEIadj":5.548737348214672,"SEI":0.5548737348214673,"SEIadj":0.5548737348214673,"combinedScoreRank":59,"SEIrank":83,"engagementSEIrank":159,"voiceSEIrank":159,"audienceSEIrank":82},"non_scoped":{"SEI":0.5548737348214673,"SEIrank":21,"SEIadj":0,"audienceSEI":5.548737348214672,"audienceSEIadj":0,"audienceSEIrank":20,"audienceScore":0.8979931850191931,"combinedScore":0.04489965925095966,"combinedScoreRank":21,"engagementSEI":0,"engagementSEIadj":0,"engagementSEIrank":159,"engagementScore":0,"voiceSEI":0,"voiceSEIadj":0,"voiceSEIrank":159,"voiceScore":0},"scoped":{"SEI":2.6375436459253794,"SEIrank":15,"SEIadj":0,"audienceSEI":26.37543645925379,"audienceSEIadj":0,"audienceSEIrank":14,"audienceScore":1.425598450871941,"combinedScore":0.20365692155313442,"combinedScoreRank":15,"engagementSEI":0,"engagementSEIadj":0,"engagementSEIrank":142,"engagementScore":0,"voiceSEI":0,"voiceSEIadj":0,"voiceSEIrank":142,"voiceScore":0}},"instagram":{"entityString":"536575feb08f37d80186a0c9","type":"instagram","profiles":0,"postsMade":0,"repliesMade":0,"repliesRcvd":0,"sharesMade":0,"sharesRcvd":0,"mentionsRcvd":0,"likesRcvd":0,"reachRcvd":0,"audience":0,"voice":0,"conversation":0,"engagement":0,"group_scoped":{"audienceScore":0,"voiceScore":0,"engagementScore":0,"combinedScore":0,"engagementSEI":0,"engagementSEIadj":0,"voiceSEI":0,"voiceSEIadj":0,"audienceSEI":0,"audienceSEIadj":0,"SEI":0,"SEIadj":0,"combinedScoreRank":178,"SEIrank":160,"engagementSEIrank":159,"voiceSEIrank":159,"audienceSEIrank":160},"non_scoped":{"SEI":0,"SEIrank":160,"SEIadj":0,"audienceSEI":0,"audienceSEIadj":0,"audienceSEIrank":160,"audienceScore":0,"combinedScore":0,"combinedScoreRank":160,"engagementSEI":0,"engagementSEIadj":0,"engagementSEIrank":159,"engagementScore":0,"voiceSEI":0,"voiceSEIadj":0,"voiceSEIrank":159,"voiceScore":0},"scoped":{"SEI":0,"SEIrank":142,"SEIadj":0,"audienceSEI":0,"audienceSEIadj":0,"audienceSEIrank":142,"audienceScore":0,"combinedScore":0,"combinedScoreRank":142,"engagementSEI":0,"engagementSEIadj":0,"engagementSEIrank":142,"engagementScore":0,"voiceSEI":0,"voiceSEIadj":0,"voiceSEIrank":142,"voiceScore":0}}},"hour":{"boundaryQuantum":4984410,"combined":{"entityString":"536575feb08f37d80186a0c9","type":"combined","profiles":2,"postsMade":0,"repliesMade":0,"repliesRcvd":0,"sharesMade":0,"sharesRcvd":0,"mentionsRcvd":0,"likesRcvd":2,"reachRcvd":0,"audience":30745,"voice":0,"conversation":0,"engagement":2,"group_scoped":{"audienceScore":0.7806897798579243,"voiceScore":0,"engagementScore":0.051586278050038695,"combinedScore":0.1557439211654509,"combinedScoreRank":196,"SEIrank":96,"engagementSEIrank":47,"voiceSEIrank":161,"audienceSEIrank":96,"engagementSEI":0.05465974309920743,"engagementSEIadj":0.05465974309920743,"voiceSEI":0,"voiceSEIadj":0,"audienceSEI":1.2229086650904821,"audienceSEIadj":1.2229086650904821,"SEI":0.1550867123685727,"SEIadj":0.1550867123685727},"non_scoped":{"SEI":0.1402603184407643,"SEIrank":59,"SEIadj":0,"audienceSEI":1.2229086650904821,"audienceSEIadj":0,"audienceSEIrank":52,"audienceScore":0.22642574388166267,"combinedScore":0.024002701876343242,"combinedScoreRank":49,"engagementSEI":0.02994908655286014,"engagementSEIadj":0,"engagementSEIrank":41,"engagementScore":0.014090460758066789,"voiceSEI":0,"voiceSEIadj":0,"voiceSEIrank":161,"voiceScore":0},"scoped":{"SEI":1.7048765352769657,"SEIrank":48,"SEIadj":0,"audienceSEI":16.053740477147766,"audienceSEIadj":0,"audienceSEIrank":41,"audienceScore":0.6542387199945525,"combinedScore":0.14114567093948668,"combinedScoreRank":37,"engagementSEI":0.16583747927031509,"engagementSEIadj":0,"engagementSEIrank":33,"engagementScore":0.12048192771084339,"voiceSEI":0,"voiceSEIadj":0,"voiceSEIrank":143,"voiceScore":0}},"facebook":{"entityString":"536575feb08f37d80186a0c9","type":"facebook","profiles":1,"postsMade":0,"repliesMade":0,"repliesRcvd":0,"sharesMade":0,"sharesRcvd":0,"mentionsRcvd":0,"likesRcvd":0,"reachRcvd":0,"audience":1,"voice":0,"conversation":0,"engagement":0,"group_scoped":{"audienceScore":0.00003869335631202787,"voiceScore":0,"engagementScore":0,"combinedScore":0.00003869335631202787,"combinedScoreRank":195,"SEIrank":195,"engagementSEIrank":171,"voiceSEIrank":160,"audienceSEIrank":195,"engagementSEI":0,"engagementSEIadj":0,"voiceSEI":0,"voiceSEIadj":0,"audienceSEI":0.0000543449906961376,"audienceSEIadj":0.0000543449906961376,"SEI":0.00000543449906961376,"SEIadj":0.00000543449906961376},"non_scoped":{"SEI":0.00000543449906961376,"SEIrank":179,"SEIadj":0,"audienceSEI":0.0000543449906961376,"audienceSEIadj":0,"audienceSEIrank":179,"audienceScore":0.00001042736557822349,"combinedScore":5.213682789111745e-7,"combinedScoreRank":179,"engagementSEI":0,"engagementSEIadj":0,"engagementSEIrank":171,"engagementScore":0,"voiceSEI":0,"voiceSEIadj":0,"voiceSEIrank":160,"voiceScore":0},"scoped":{"SEI":0.00007022422595346943,"SEIrank":163,"SEIadj":0,"audienceSEI":0.0007022422595346942,"audienceSEIadj":0,"audienceSEIrank":163,"audienceScore":0.000042986033407885445,"combinedScore":0.0000021493016703942725,"combinedScoreRank":163,"engagementSEI":0,"engagementSEIadj":0,"engagementSEIrank":151,"engagementScore":0,"voiceSEI":0,"voiceSEIadj":0,"voiceSEIrank":142,"voiceScore":0}},"twitter":{"entityString":"536575feb08f37d80186a0c9","type":"twitter","profiles":1,"postsMade":0,"repliesMade":0,"repliesRcvd":0,"sharesMade":0,"sharesRcvd":0,"mentionsRcvd":0,"likesRcvd":2,"reachRcvd":0,"audience":30744,"voice":0,"conversation":0,"engagement":2,"group_scoped":{"audienceScore":2.4917311063581127,"voiceScore":0,"engagementScore":2.0618556701030926,"combinedScore":2.1232664467109523,"combinedScoreRank":75,"SEIrank":36,"engagementSEIrank":26,"voiceSEIrank":161,"audienceSEIrank":82,"engagementSEI":3.571428571428571,"engagementSEIadj":3.571428571428571,"voiceSEI":0,"voiceSEIadj":0,"audienceSEI":5.548737348214672,"audienceSEIadj":5.548737348214672,"SEI":2.69773087767861,"SEIadj":2.69773087767861},"non_scoped":{"SEI":2.69773087767861,"SEIrank":20,"SEIadj":0,"audienceSEI":5.548737348214672,"audienceSEIadj":0,"audienceSEIrank":20,"audienceScore":0.8979931850191931,"combinedScore":0.9404220473106611,"combinedScoreRank":15,"engagementSEI":3.571428571428571,"engagementSEIadj":0,"engagementSEIrank":17,"engagementScore":0.9950248756218906,"voiceSEI":0,"voiceSEIadj":0,"voiceSEIrank":161,"voiceScore":0},"scoped":{"SEI":9.304210312592046,"SEIrank":15,"SEIadj":0,"audienceSEI":26.37543645925379,"audienceSEIadj":0,"audienceSEIrank":14,"audienceScore":1.425598450871941,"combinedScore":1.908014616421148,"combinedScoreRank":9,"engagementSEI":11.11111111111111,"engagementSEIadj":0,"engagementSEIrank":12,"engagementScore":2.0408163265306123,"voiceSEI":0,"voiceSEIadj":0,"voiceSEIrank":143,"voiceScore":0}},"instagram":{"entityString":"536575feb08f37d80186a0c9","type":"instagram","profiles":0,"postsMade":0,"repliesMade":0,"repliesRcvd":0,"sharesMade":0,"sharesRcvd":0,"mentionsRcvd":0,"likesRcvd":0,"reachRcvd":0,"audience":0,"voice":0,"conversation":0,"engagement":0,"group_scoped":{"audienceScore":0,"voiceScore":0,"engagementScore":0,"combinedScore":0,"combinedScoreRank":178,"SEIrank":160,"engagementSEIrank":159,"voiceSEIrank":159,"audienceSEIrank":160,"engagementSEI":0,"engagementSEIadj":0,"voiceSEI":0,"voiceSEIadj":0,"audienceSEI":0,"audienceSEIadj":0,"SEI":0,"SEIadj":0},"non_scoped":{"SEI":0,"SEIrank":160,"SEIadj":0,"audienceSEI":0,"audienceSEIadj":0,"audienceSEIrank":160,"audienceScore":0,"combinedScore":0,"combinedScoreRank":160,"engagementSEI":0,"engagementSEIadj":0,"engagementSEIrank":159,"engagementScore":0,"voiceSEI":0,"voiceSEIadj":0,"voiceSEIrank":159,"voiceScore":0},"scoped":{"SEI":0,"SEIrank":142,"SEIadj":0,"audienceSEI":0,"audienceSEIadj":0,"audienceSEIrank":142,"audienceScore":0,"combinedScore":0,"combinedScoreRank":142,"engagementSEI":0,"engagementSEIadj":0,"engagementSEIrank":142,"engagementScore":0,"voiceSEI":0,"voiceSEIadj":0,"voiceSEIrank":142,"voiceScore":0}}},"today":{"boundaryQuantum":4984134,"combined":{"entityString":"536575feb08f37d80186a0c9","type":"combined","profiles":2,"postsMade":26,"repliesMade":0,"repliesRcvd":0,"sharesMade":0,"sharesRcvd":23,"mentionsRcvd":0,"likesRcvd":322,"reachRcvd":0,"audience":30745,"voice":26,"conversation":26,"engagement":345,"group_scoped":{"audienceScore":0.7806897798579243,"voiceScore":11.818181818181818,"engagementScore":0.3232122614552983,"combinedScore":0.9208346152117556,"combinedScoreRank":36,"SEIrank":17,"engagementSEIrank":42,"voiceSEIrank":11,"audienceSEIrank":96,"engagementSEI":0.35755371078568543,"engagementSEIadj":0.35755371078568543,"voiceSEI":28.57142857142857,"voiceSEIadj":28.57142857142857,"audienceSEI":1.2229086650904821,"audienceSEIadj":1.2229086650904821,"SEI":8.90825166440903,"SEIadj":8.90825166440903},"non_scoped":{"SEI":8.799714020436737,"SEIrank":9,"SEIadj":0,"audienceSEI":1.2229086650904821,"audienceSEIadj":0,"audienceSEIrank":52,"audienceScore":0.22642574388166267,"combinedScore":0.2540688380980538,"combinedScoreRank":17,"engagementSEI":0.17665763749852784,"engagementSEIadj":0,"engagementSEIrank":21,"engagementScore":0.0920510576533117,"voiceSEI":28.57142857142857,"voiceSEIadj":0,"voiceSEIrank":8,"voiceScore":3.198031980319803},"scoped":{"SEI":29.666089767128565,"SEIrank":4,"SEIadj":0,"audienceSEI":16.053740477147766,"audienceSEIadj":0,"audienceSEIrank":41,"audienceScore":0.6542387199945525,"combinedScore":1.2021738793267998,"combinedScoreRank":12,"engagementSEI":1.9402733254597606,"engagementSEIadj":0,"engagementSEIrank":14,"engagementScore":0.922262617621899,"voiceSEI":89.65517241379311,"voiceSEIadj":0,"voiceSEIrank":2,"voiceScore":6.7885117493472595}},"facebook":{"entityString":"536575feb08f37d80186a0c9","type":"facebook","profiles":1,"postsMade":0,"repliesMade":0,"repliesRcvd":0,"sharesMade":0,"sharesRcvd":0,"mentionsRcvd":0,"likesRcvd":0,"reachRcvd":0,"audience":1,"voice":0,"conversation":0,"engagement":0,"group_scoped":{"audienceScore":0.00003869335631202787,"voiceScore":0,"engagementScore":0,"combinedScore":0.00003869335631202787,"combinedScoreRank":195,"SEIrank":195,"engagementSEIrank":187,"voiceSEIrank":174,"audienceSEIrank":195,"engagementSEI":0,"engagementSEIadj":0,"voiceSEI":0,"voiceSEIadj":0,"audienceSEI":0.0000543449906961376,"audienceSEIadj":0.0000543449906961376,"SEI":0.00000543449906961376,"SEIadj":0.00000543449906961376},"non_scoped":{"SEI":0.00000543449906961376,"SEIrank":179,"SEIadj":0,"audienceSEI":0.0000543449906961376,"audienceSEIadj":0,"audienceSEIrank":179,"audienceScore":0.00001042736557822349,"combinedScore":5.213682789111745e-7,"combinedScoreRank":179,"engagementSEI":0,"engagementSEIadj":0,"engagementSEIrank":187,"engagementScore":0,"voiceSEI":0,"voiceSEIadj":0,"voiceSEIrank":174,"voiceScore":0},"scoped":{"SEI":0.00007022422595346943,"SEIrank":163,"SEIadj":0,"audienceSEI":0.0007022422595346942,"audienceSEIadj":0,"audienceSEIrank":163,"audienceScore":0.000042986033407885445,"combinedScore":0.0000021493016703942725,"combinedScoreRank":163,"engagementSEI":0,"engagementSEIadj":0,"engagementSEIrank":166,"engagementScore":0,"voiceSEI":0,"voiceSEIadj":0,"voiceSEIrank":155,"voiceScore":0}},"twitter":{"entityString":"536575feb08f37d80186a0c9","type":"twitter","profiles":1,"postsMade":26,"repliesMade":0,"repliesRcvd":0,"sharesMade":0,"sharesRcvd":23,"mentionsRcvd":0,"likesRcvd":322,"reachRcvd":0,"audience":30744,"voice":26,"conversation":26,"engagement":345,"group_scoped":{"audienceScore":2.4917311063581127,"voiceScore":18.055555555555554,"engagementScore":10.216168196624222,"combinedScore":10.221915710057484,"combinedScoreRank":18,"SEIrank":19,"engagementSEIrank":25,"voiceSEIrank":10,"audienceSEIrank":82,"engagementSEI":21.752837326607818,"engagementSEIadj":21.752837326607818,"voiceSEI":54.166666666666664,"voiceSEIadj":54.166666666666664,"audienceSEI":5.548737348214672,"audienceSEIadj":5.548737348214672,"SEI":29.85657613078616,"SEIadj":29.85657613078616},"non_scoped":{"SEI":29.85657613078616,"SEIrank":4,"SEIadj":0,"audienceSEI":5.548737348214672,"audienceSEIadj":0,"audienceSEIrank":20,"audienceScore":0.8979931850191931,"combinedScore":5.219429573780874,"combinedScoreRank":4,"engagementSEI":21.752837326607818,"engagementSEIadj":0,"engagementSEIrank":4,"engagementScore":5.460588793922128,"voiceSEI":54.166666666666664,"voiceSEIadj":0,"voiceSEIrank":5,"voiceScore":5.2},"scoped":{"SEI":71.11338007715214,"SEIrank":2,"SEIadj":0,"audienceSEI":26.37543645925379,"audienceSEIadj":0,"audienceSEIrank":14,"audienceScore":1.425598450871941,"combinedScore":9.1534812295339,"combinedScoreRank":2,"engagementSEI":64.12639405204462,"engagementSEIadj":0,"engagementSEIrank":2,"engagementScore":9.596662030598054,"voiceSEI":100,"voiceSEIadj":0,"voiceSEIrank":1,"voiceScore":8.904109589041095}},"instagram":{"entityString":"536575feb08f37d80186a0c9","type":"instagram","profiles":0,"postsMade":0,"repliesMade":0,"repliesRcvd":0,"sharesMade":0,"sharesRcvd":0,"mentionsRcvd":0,"likesRcvd":0,"reachRcvd":0,"audience":0,"voice":0,"conversation":0,"engagement":0,"group_scoped":{"audienceScore":0,"voiceScore":0,"engagementScore":0,"combinedScore":0,"combinedScoreRank":178,"SEIrank":160,"engagementSEIrank":160,"voiceSEIrank":160,"audienceSEIrank":160,"engagementSEI":0,"engagementSEIadj":0,"voiceSEI":0,"voiceSEIadj":0,"audienceSEI":0,"audienceSEIadj":0,"SEI":0,"SEIadj":0},"non_scoped":{"SEI":0,"SEIrank":160,"SEIadj":0,"audienceSEI":0,"audienceSEIadj":0,"audienceSEIrank":160,"audienceScore":0,"combinedScore":0,"combinedScoreRank":160,"engagementSEI":0,"engagementSEIadj":0,"engagementSEIrank":160,"engagementScore":0,"voiceSEI":0,"voiceSEIadj":0,"voiceSEIrank":160,"voiceScore":0},"scoped":{"SEI":0,"SEIrank":142,"SEIadj":0,"audienceSEI":0,"audienceSEIadj":0,"audienceSEIrank":142,"audienceScore":0,"combinedScore":0,"combinedScoreRank":142,"engagementSEI":0,"engagementSEIadj":0,"engagementSEIrank":142,"engagementScore":0,"voiceSEI":0,"voiceSEIadj":0,"voiceSEIrank":142,"voiceScore":0}}},"week":{"boundaryQuantum":4982406,"combined":{"entityString":"536575feb08f37d80186a0c9","type":"combined","profiles":2,"postsMade":65,"repliesMade":0,"repliesRcvd":0,"sharesMade":0,"sharesRcvd":75,"mentionsRcvd":0,"likesRcvd":790,"reachRcvd":0,"audience":30745,"voice":65,"conversation":65,"engagement":865,"group_scoped":{"audienceScore":0.7806897798579243,"voiceScore":2.9518619436875566,"engagementScore":0.1064848668385197,"combinedScore":0.28246396633194176,"combinedScoreRank":90,"SEIrank":43,"engagementSEIrank":95,"voiceSEIrank":27,"audienceSEIrank":96,"engagementSEI":0.11771814601404998,"engagementSEIadj":0.11771814601404998,"voiceSEI":7.55813953488372,"voiceSEIadj":7.55813953488372,"audienceSEI":1.2229086650904821,"audienceSEIadj":1.2229086650904821,"SEI":2.460363614582594,"SEIadj":2.460363614582594},"non_scoped":{"SEI":2.442839199824375,"SEIrank":25,"SEIadj":0,"audienceSEI":1.2229086650904821,"audienceSEIadj":0,"audienceSEIrank":52,"audienceScore":0.22642574388166267,"combinedScore":0.07918867715527624,"combinedScoreRank":45,"engagementSEI":0.08851078808368516,"engagementSEIadj":0,"engagementSEIrank":56,"engagementScore":0.03607577330401116,"voiceSEI":7.55813953488372,"voiceSEIadj":0,"voiceSEIrank":23,"voiceScore":0.7079838797516611},"scoped":{"SEI":12.115187962197952,"SEIrank":27,"SEIadj":0,"audienceSEI":16.053740477147766,"audienceSEIadj":0,"audienceSEIrank":41,"audienceScore":0.6542387199945525,"combinedScore":0.48501778553052877,"combinedScoreRank":44,"engagementSEI":2.8767168844989857,"engagementSEIadj":0,"engagementSEIrank":47,"engagementScore":0.42013541474408167,"voiceSEI":29.27927927927928,"voiceSEIadj":0,"voiceSEIrank":14,"voiceScore":1.483679525222552}},"facebook":{"entityString":"536575feb08f37d80186a0c9","type":"facebook","profiles":1,"postsMade":0,"repliesMade":0,"repliesRcvd":0,"sharesMade":0,"sharesRcvd":0,"mentionsRcvd":0,"likesRcvd":0,"reachRcvd":0,"audience":1,"voice":0,"conversation":0,"engagement":0,"group_scoped":{"audienceScore":0.00003869335631202787,"voiceScore":0,"engagementScore":0,"combinedScore":0.00003869335631202787,"combinedScoreRank":195,"SEIrank":195,"engagementSEIrank":191,"voiceSEIrank":191,"audienceSEIrank":195,"engagementSEI":0,"engagementSEIadj":0,"voiceSEI":0,"voiceSEIadj":0,"audienceSEI":0.0000543449906961376,"audienceSEIadj":0.0000543449906961376,"SEI":0.00000543449906961376,"SEIadj":0.00000543449906961376},"non_scoped":{"SEI":0.00000543449906961376,"SEIrank":179,"SEIadj":0,"audienceSEI":0.0000543449906961376,"audienceSEIadj":0,"audienceSEIrank":179,"audienceScore":0.00001042736557822349,"combinedScore":5.213682789111745e-7,"combinedScoreRank":179,"engagementSEI":0,"engagementSEIadj":0,"engagementSEIrank":191,"engagementScore":0,"voiceSEI":0,"voiceSEIadj":0,"voiceSEIrank":191,"voiceScore":0},"scoped":{"SEI":0.00007022422595346943,"SEIrank":163,"SEIadj":0,"audienceSEI":0.0007022422595346942,"audienceSEIadj":0,"audienceSEIrank":163,"audienceScore":0.000042986033407885445,"combinedScore":0.0000021493016703942725,"combinedScoreRank":163,"engagementSEI":0,"engagementSEIadj":0,"engagementSEIrank":170,"engagementScore":0,"voiceSEI":0,"voiceSEIadj":0,"voiceSEIrank":170,"voiceScore":0}},"twitter":{"entityString":"536575feb08f37d80186a0c9","type":"twitter","profiles":1,"postsMade":65,"repliesMade":0,"repliesRcvd":0,"sharesMade":0,"sharesRcvd":75,"mentionsRcvd":0,"likesRcvd":790,"reachRcvd":0,"audience":30744,"voice":65,"conversation":65,"engagement":865,"group_scoped":{"audienceScore":2.4917311063581127,"voiceScore":5.1424050632911396,"engagementScore":2.956759528285763,"combinedScore":3.0427903839396495,"combinedScoreRank":53,"SEIrank":43,"engagementSEIrank":54,"voiceSEIrank":25,"audienceSEIrank":82,"engagementSEI":5.543805678395181,"engagementSEIadj":5.543805678395181,"voiceSEI":13.457556935817806,"voiceSEIadj":13.457556935817806,"audienceSEI":5.548737348214672,"audienceSEIadj":5.548737348214672,"SEI":7.918424222603917,"SEIadj":7.918424222603917},"non_scoped":{"SEI":7.918424222603917,"SEIrank":17,"SEIadj":0,"audienceSEI":5.548737348214672,"audienceSEIadj":0,"audienceSEIrank":20,"audienceScore":0.8979931850191931,"combinedScore":1.3709316974009425,"combinedScoreRank":12,"engagementSEI":5.543805678395181,"engagementSEIadj":0,"engagementSEIrank":12,"engagementScore":1.4104027392793086,"voiceSEI":13.457556935817806,"voiceSEIadj":0,"voiceSEIrank":18,"voiceScore":1.1333914559721012},"scoped":{"SEI":34.45354409759656,"SEIrank":8,"SEIadj":0,"audienceSEI":26.37543645925379,"audienceSEIadj":0,"audienceSEIrank":14,"audienceScore":1.425598450871941,"combinedScore":2.846526208608209,"combinedScoreRank":7,"engagementSEI":32.96493902439025,"engagementSEIadj":0,"engagementSEIrank":7,"engagementScore":2.968530148598099,"voiceSEI":40.123456790123456,"voiceSEIadj":0,"voiceSEIrank":9,"voiceScore":2.07138304652645}},"instagram":{"entityString":"536575feb08f37d80186a0c9","type":"instagram","profiles":0,"postsMade":0,"repliesMade":0,"repliesRcvd":0,"sharesMade":0,"sharesRcvd":0,"mentionsRcvd":0,"likesRcvd":0,"reachRcvd":0,"audience":0,"voice":0,"conversation":0,"engagement":0,"group_scoped":{"audienceScore":0,"voiceScore":0,"engagementScore":0,"combinedScore":0,"combinedScoreRank":178,"SEIrank":160,"engagementSEIrank":160,"voiceSEIrank":160,"audienceSEIrank":160,"engagementSEI":0,"engagementSEIadj":0,"voiceSEI":0,"voiceSEIadj":0,"audienceSEI":0,"audienceSEIadj":0,"SEI":0,"SEIadj":0},"non_scoped":{"SEI":0,"SEIrank":160,"SEIadj":0,"audienceSEI":0,"audienceSEIadj":0,"audienceSEIrank":160,"audienceScore":0,"combinedScore":0,"combinedScoreRank":160,"engagementSEI":0,"engagementSEIadj":0,"engagementSEIrank":160,"engagementScore":0,"voiceSEI":0,"voiceSEIadj":0,"voiceSEIrank":160,"voiceScore":0},"scoped":{"SEI":0,"SEIrank":142,"SEIadj":0,"audienceSEI":0,"audienceSEIadj":0,"audienceSEIrank":142,"audienceScore":0,"combinedScore":0,"combinedScoreRank":142,"engagementSEI":0,"engagementSEIadj":0,"engagementSEIrank":142,"engagementScore":0,"voiceSEI":0,"voiceSEIadj":0,"voiceSEIrank":142,"voiceScore":0}}},"month":{"boundaryQuantum":4975782,"combined":{"entityString":"536575feb08f37d80186a0c9","type":"combined","profiles":2,"postsMade":247,"repliesMade":0,"repliesRcvd":0,"sharesMade":0,"sharesRcvd":316,"mentionsRcvd":0,"likesRcvd":2867,"reachRcvd":0,"audience":30745,"voice":247,"conversation":247,"engagement":3183,"group_scoped":{"audienceScore":0.7806897798579243,"voiceScore":2.6476578411405294,"engagementScore":0.10257692705565548,"combinedScore":0.2637366154000126,"combinedScoreRank":94,"SEIrank":52,"engagementSEIrank":101,"voiceSEIrank":36,"audienceSEIrank":96,"engagementSEI":0.11757053400957629,"engagementSEIadj":0.11757053400957629,"voiceSEI":6.825089803813208,"voiceSEIadj":6.825089803813208,"audienceSEI":1.2229086650904821,"audienceSEIadj":1.2229086650904821,"SEI":2.240360128058756,"SEIadj":2.240360128058756},"non_scoped":{"SEI":2.222518780819059,"SEIrank":30,"SEIadj":0,"audienceSEI":1.2229086650904821,"audienceSEIadj":0,"audienceSEIrank":52,"audienceScore":0.22642574388166267,"combinedScore":0.07515798773061191,"combinedScoreRank":51,"engagementSEI":0.08783495527674771,"engagementSEIadj":0,"engagementSEIrank":60,"engagementScore":0.03459384779446016,"voiceSEI":6.825089803813208,"voiceSEIadj":0,"voiceSEIrank":26,"voiceScore":0.6540447504302926},"scoped":{"SEI":11.172038864276912,"SEIrank":30,"SEIadj":0,"audienceSEI":16.053740477147766,"audienceSEIadj":0,"audienceSEIrank":41,"audienceScore":0.6542387199945525,"combinedScore":0.40361567318127756,"combinedScoreRank":48,"engagementSEI":2.944441360936893,"engagementSEIadj":0,"engagementSEIrank":51,"engagementScore":0.3354976073529102,"voiceSEI":26,"voiceSEIadj":0,"voiceSEIrank":18,"voiceScore":1.3791178112786153}},"facebook":{"entityString":"536575feb08f37d80186a0c9","type":"facebook","profiles":1,"postsMade":0,"repliesMade":0,"repliesRcvd":0,"sharesMade":0,"sharesRcvd":0,"mentionsRcvd":0,"likesRcvd":0,"reachRcvd":0,"audience":1,"voice":0,"conversation":0,"engagement":0,"group_scoped":{"audienceScore":0.00003869335631202787,"voiceScore":0,"engagementScore":0,"combinedScore":0.00003869335631202787,"combinedScoreRank":195,"SEIrank":195,"engagementSEIrank":192,"voiceSEIrank":192,"audienceSEIrank":195,"engagementSEI":0,"engagementSEIadj":0,"voiceSEI":0,"voiceSEIadj":0,"audienceSEI":0.0000543449906961376,"audienceSEIadj":0.0000543449906961376,"SEI":0.00000543449906961376,"SEIadj":0.00000543449906961376},"non_scoped":{"SEI":0.00000543449906961376,"SEIrank":179,"SEIadj":0,"audienceSEI":0.0000543449906961376,"audienceSEIadj":0,"audienceSEIrank":179,"audienceScore":0.00001042736557822349,"combinedScore":5.213682789111745e-7,"combinedScoreRank":179,"engagementSEI":0,"engagementSEIadj":0,"engagementSEIrank":192,"engagementScore":0,"voiceSEI":0,"voiceSEIadj":0,"voiceSEIrank":192,"voiceScore":0},"scoped":{"SEI":0.00007022422595346943,"SEIrank":163,"SEIadj":0,"audienceSEI":0.0007022422595346942,"audienceSEIadj":0,"audienceSEIrank":163,"audienceScore":0.000042986033407885445,"combinedScore":0.0000021493016703942725,"combinedScoreRank":163,"engagementSEI":0,"engagementSEIadj":0,"engagementSEIrank":171,"engagementScore":0,"voiceSEI":0,"voiceSEIadj":0,"voiceSEIrank":171,"voiceScore":0}},"twitter":{"entityString":"536575feb08f37d80186a0c9","type":"twitter","profiles":1,"postsMade":247,"repliesMade":0,"repliesRcvd":0,"sharesMade":0,"sharesRcvd":316,"mentionsRcvd":0,"likesRcvd":2867,"reachRcvd":0,"audience":30744,"voice":247,"conversation":247,"engagement":3183,"group_scoped":{"audienceScore":2.4917311063581127,"voiceScore":4.540441176470588,"engagementScore":2.9152623094958967,"combinedScore":2.9753446926877425,"combinedScoreRank":51,"SEIrank":48,"engagementSEIrank":61,"voiceSEIrank":28,"audienceSEIrank":82,"engagementSEI":5.522877518088595,"engagementSEIadj":5.522877518088595,"voiceSEI":12.399598393574298,"voiceSEIadj":12.399598393574298,"audienceSEI":5.548737348214672,"audienceSEIadj":5.548737348214672,"SEI":7.588479763746913,"SEIadj":7.588479763746913},"non_scoped":{"SEI":7.588479763746913,"SEIrank":18,"SEIadj":0,"audienceSEI":5.548737348214672,"audienceSEIadj":0,"audienceSEIrank":20,"audienceScore":0.8979931850191931,"combinedScore":1.2852818763094027,"combinedScoreRank":11,"engagementSEI":5.522877518088595,"engagementSEIadj":0,"engagementSEIrank":11,"engagementScore":1.3193290198500367,"voiceSEI":12.399598393574298,"voiceSEIadj":0,"voiceSEIrank":16,"voiceScore":1.0597219838681997},"scoped":{"SEI":32.98364828565303,"SEIrank":6,"SEIadj":0,"audienceSEI":26.37543645925379,"audienceSEIadj":0,"audienceSEIrank":14,"audienceScore":1.425598450871941,"combinedScore":2.5781002458264766,"combinedScoreRank":5,"engagementSEI":31.399822432672387,"engagementSEIadj":0,"engagementSEIrank":5,"engagementScore":2.678075622191933,"voiceSEI":38.35403726708074,"voiceSEIadj":0,"voiceSEIrank":8,"voiceScore":1.9310452662027986}},"instagram":{"entityString":"536575feb08f37d80186a0c9","type":"instagram","profiles":0,"postsMade":0,"repliesMade":0,"repliesRcvd":0,"sharesMade":0,"sharesRcvd":0,"mentionsRcvd":0,"likesRcvd":0,"reachRcvd":0,"audience":0,"voice":0,"conversation":0,"engagement":0,"group_scoped":{"audienceScore":0,"voiceScore":0,"engagementScore":0,"combinedScore":0,"combinedScoreRank":178,"SEIrank":160,"engagementSEIrank":160,"voiceSEIrank":160,"audienceSEIrank":160,"engagementSEI":0,"engagementSEIadj":0,"voiceSEI":0,"voiceSEIadj":0,"audienceSEI":0,"audienceSEIadj":0,"SEI":0,"SEIadj":0},"non_scoped":{"SEI":0,"SEIrank":160,"SEIadj":0,"audienceSEI":0,"audienceSEIadj":0,"audienceSEIrank":160,"audienceScore":0,"combinedScore":0,"combinedScoreRank":160,"engagementSEI":0,"engagementSEIadj":0,"engagementSEIrank":160,"engagementScore":0,"voiceSEI":0,"voiceSEIadj":0,"voiceSEIrank":160,"voiceScore":0},"scoped":{"SEI":0,"SEIrank":142,"SEIadj":0,"audienceSEI":0,"audienceSEIadj":0,"audienceSEIrank":142,"audienceScore":0,"combinedScore":0,"combinedScoreRank":142,"engagementSEI":0,"engagementSEIadj":0,"engagementSEIrank":142,"engagementScore":0,"voiceSEI":0,"voiceSEIadj":0,"voiceSEIrank":142,"voiceScore":0}}},"quarter":{"boundaryQuantum":4958502,"combined":{"entityString":"536575feb08f37d80186a0c9","type":"combined","profiles":2,"postsMade":765,"repliesMade":0,"repliesRcvd":0,"sharesMade":0,"sharesRcvd":941,"mentionsRcvd":0,"likesRcvd":8906,"reachRcvd":0,"audience":30745,"voice":765,"conversation":765,"engagement":9847,"group_scoped":{"audienceScore":0.7806897798579243,"voiceScore":2.712381222521628,"engagementScore":0.10228690755629859,"combinedScore":0.2667117669196464,"combinedScoreRank":90,"SEIrank":49,"engagementSEIrank":108,"voiceSEIrank":34,"audienceSEIrank":96,"engagementSEI":0.11606913321334691,"engagementSEIadj":0.11606913321334691,"voiceSEI":7.144191258871871,"voiceSEIadj":7.144191258871871,"audienceSEI":1.2229086650904821,"audienceSEIadj":1.2229086650904821,"SEI":2.3351897240986177,"SEIadj":2.3351897240986177},"non_scoped":{"SEI":2.317086497292328,"SEIrank":28,"SEIadj":0,"audienceSEI":1.2229086650904821,"audienceSEIadj":0,"audienceSEIrank":52,"audienceScore":0.22642574388166267,"combinedScore":0.07528566465003192,"combinedScoreRank":54,"engagementSEI":0.08589708853619742,"engagementSEIadj":0,"engagementSEIrank":66,"engagementScore":0.03326686941427742,"voiceSEI":7.144191258871871,"voiceSEIadj":0,"voiceSEIrank":24,"voiceScore":0.6804838996619819},"scoped":{"SEI":11.734369877106055,"SEIrank":26,"SEIadj":0,"audienceSEI":16.053740477147766,"audienceSEIadj":0,"audienceSEIrank":41,"audienceScore":0.6542387199945525,"combinedScore":0.39679161491462267,"combinedScoreRank":53,"engagementSEI":1.9925978238654416,"engagementSEIadj":0,"engagementSEIrank":57,"engagementScore":0.3250283372425635,"voiceSEI":29.778123783573374,"voiceSEIadj":0,"voiceSEIrank":16,"voiceScore":1.431083507931757}},"facebook":{"entityString":"536575feb08f37d80186a0c9","type":"facebook","profiles":1,"postsMade":0,"repliesMade":0,"repliesRcvd":0,"sharesMade":0,"sharesRcvd":0,"mentionsRcvd":0,"likesRcvd":0,"reachRcvd":0,"audience":1,"voice":0,"conversation":0,"engagement":0,"group_scoped":{"audienceScore":0.00003869335631202787,"voiceScore":0,"engagementScore":0,"combinedScore":0.00003869335631202787,"combinedScoreRank":195,"SEIrank":195,"engagementSEIrank":194,"voiceSEIrank":193,"audienceSEIrank":195,"engagementSEI":0,"engagementSEIadj":0,"voiceSEI":0,"voiceSEIadj":0,"audienceSEI":0.0000543449906961376,"audienceSEIadj":0.0000543449906961376,"SEI":0.00000543449906961376,"SEIadj":0.00000543449906961376},"non_scoped":{"SEI":0.00000543449906961376,"SEIrank":179,"SEIadj":0,"audienceSEI":0.0000543449906961376,"audienceSEIadj":0,"audienceSEIrank":179,"audienceScore":0.00001042736557822349,"combinedScore":5.213682789111745e-7,"combinedScoreRank":179,"engagementSEI":0,"engagementSEIadj":0,"engagementSEIrank":194,"engagementScore":0,"voiceSEI":0,"voiceSEIadj":0,"voiceSEIrank":193,"voiceScore":0},"scoped":{"SEI":0.00007022422595346943,"SEIrank":163,"SEIadj":0,"audienceSEI":0.0007022422595346942,"audienceSEIadj":0,"audienceSEIrank":163,"audienceScore":0.000042986033407885445,"combinedScore":0.0000021493016703942725,"combinedScoreRank":163,"engagementSEI":0,"engagementSEIadj":0,"engagementSEIrank":173,"engagementScore":0,"voiceSEI":0,"voiceSEIadj":0,"voiceSEIrank":172,"voiceScore":0}},"twitter":{"entityString":"536575feb08f37d80186a0c9","type":"twitter","profiles":1,"postsMade":765,"repliesMade":0,"repliesRcvd":0,"sharesMade":0,"sharesRcvd":941,"mentionsRcvd":0,"likesRcvd":8906,"reachRcvd":0,"audience":30744,"voice":765,"conversation":765,"engagement":9847,"group_scoped":{"audienceScore":2.4917311063581127,"voiceScore":4.6689044858101925,"engagementScore":2.5255064093028508,"combinedScore":2.630987547980981,"combinedScoreRank":56,"SEIrank":51,"engagementSEIrank":70,"voiceSEIrank":26,"audienceSEIrank":82,"engagementSEI":4.669657422512235,"engagementSEIadj":4.669657422512235,"voiceSEI":12.733022636484687,"voiceSEIadj":12.733022636484687,"audienceSEI":5.548737348214672,"audienceSEIadj":5.548737348214672,"SEI":7.176574979274214,"SEIadj":7.176574979274214},"non_scoped":{"SEI":7.176574979274214,"SEIrank":14,"SEIadj":0,"audienceSEI":5.548737348214672,"audienceSEIadj":0,"audienceSEIrank":20,"audienceScore":0.8979931850191931,"combinedScore":1.166160722385093,"combinedScoreRank":13,"engagementSEI":4.669657422512235,"engagementSEIadj":0,"engagementSEIrank":13,"engagementScore":1.1847867937241312,"voiceSEI":12.733022636484687,"voiceSEIadj":0,"voiceSEIrank":15,"voiceScore":1.0990589756483011},"scoped":{"SEI":34.06772529121829,"SEIrank":7,"SEIadj":0,"audienceSEI":26.37543645925379,"audienceSEIadj":0,"audienceSEIrank":14,"audienceScore":1.425598450871941,"combinedScore":2.3822030452984575,"combinedScoreRank":7,"engagementSEI":30.9790473793494,"engagementSEIadj":0,"engagementSEIrank":7,"engagementScore":2.4563337840062665,"voiceSEI":42.80917739227756,"voiceSEIadj":0,"voiceSEIrank":7,"voiceScore":2.0044543429844097}},"instagram":{"entityString":"536575feb08f37d80186a0c9","type":"instagram","profiles":0,"postsMade":0,"repliesMade":0,"repliesRcvd":0,"sharesMade":0,"sharesRcvd":0,"mentionsRcvd":0,"likesRcvd":0,"reachRcvd":0,"audience":0,"voice":0,"conversation":0,"engagement":0,"group_scoped":{"audienceScore":0,"voiceScore":0,"engagementScore":0,"combinedScore":0,"combinedScoreRank":178,"SEIrank":160,"engagementSEIrank":160,"voiceSEIrank":160,"audienceSEIrank":160,"engagementSEI":0,"engagementSEIadj":0,"voiceSEI":0,"voiceSEIadj":0,"audienceSEI":0,"audienceSEIadj":0,"SEI":0,"SEIadj":0},"non_scoped":{"SEI":0,"SEIrank":160,"SEIadj":0,"audienceSEI":0,"audienceSEIadj":0,"audienceSEIrank":160,"audienceScore":0,"combinedScore":0,"combinedScoreRank":160,"engagementSEI":0,"engagementSEIadj":0,"engagementSEIrank":160,"engagementScore":0,"voiceSEI":0,"voiceSEIadj":0,"voiceSEIrank":160,"voiceScore":0},"scoped":{"SEI":0,"SEIrank":142,"SEIadj":0,"audienceSEI":0,"audienceSEIadj":0,"audienceSEIrank":142,"audienceScore":0,"combinedScore":0,"combinedScoreRank":142,"engagementSEI":0,"engagementSEIadj":0,"engagementSEIrank":142,"engagementScore":0,"voiceSEI":0,"voiceSEIadj":0,"voiceSEIrank":142,"voiceScore":0}}},"blended":{"combined":{"non_scoped":{"SEI":2.664758526738172,"SEIadj":61.06590341069527,"SEIrank":24,"audienceSEI":1.2229086650904821,"audienceSEIadj":60.489163466036196,"audienceSEIrank":52,"engagementSEI":0.0915099058596428,"engagementSEIadj":60.036603962343854,"engagementSEIrank":58,"voiceSEI":8.29187238904446,"voiceSEIadj":72.48756171671334,"voiceSEIrank":21},"scoped":{"SEI":9.622247250359887,"SEIadj":54.811123625179945,"SEIrank":81,"compCharisma":0,"compInfluence":0,"compEva":9.622247250359887,"audienceSEI":16.053740477147766,"audienceSEIadj":66.4214961908591,"audienceSEIrank":41,"engagementSEI":2.3979938476959384,"engagementSEIadj":60.959197539078374,"engagementSEIrank":52,"voiceSEI":32.05560429626013,"voiceSEIadj":79.61668128887804,"voiceSEIrank":13}},"facebook":{"non_scoped":{"SEI":0.00000543449906961376,"SEIadj":40.000003260699444,"SEIrank":179,"audienceSEI":0.000054344990696137594,"audienceSEIadj":40.00003260699442,"audienceSEIrank":179,"engagementSEI":0,"engagementSEIadj":0,"engagementSEIrank":194,"voiceSEI":0,"voiceSEIadj":0,"voiceSEIrank":193},"scoped":{"SEI":0.00007022422595346943,"SEIadj":40.00004213453557,"SEIrank":163,"audienceSEI":0.0007022422595346942,"audienceSEIadj":40.00042134535572,"audienceSEIrank":163,"engagementSEI":0,"engagementSEIadj":0,"engagementSEIrank":173,"voiceSEI":0,"voiceSEIadj":0,"voiceSEIrank":172}},"twitter":{"non_scoped":{"SEI":8.594915527519627,"SEIadj":72.57847465825589,"SEIrank":12,"audienceSEI":5.548737348214671,"audienceSEIadj":71.6646212044644,"audienceSEIrank":20,"engagementSEI":5.914043908818352,"engagementSEIadj":71.7742131726455,"engagementSEIrank":10,"voiceSEI":14.972051491357165,"voiceSEIadj":74.49161544740716,"voiceSEIrank":14},"scoped":{"SEI":35.87314212159367,"SEIadj":80.7619426364781,"SEIrank":4,"audienceSEI":26.375436459253788,"audienceSEIadj":77.91263093777613,"audienceSEIrank":14,"engagementSEI":33.29529846449486,"engagementSEIadj":79.98858953934845,"engagementSEIrank":5,"voiceSEI":44.19473132323793,"voiceSEIadj":83.25841939697138,"voiceSEIrank":6}},"instagram":{"non_scoped":{"SEI":0,"SEIadj":0,"SEIrank":160,"audienceSEI":0,"audienceSEIadj":0,"audienceSEIrank":160,"engagementSEI":0,"engagementSEIadj":0,"engagementSEIrank":160,"voiceSEI":0,"voiceSEIadj":0,"voiceSEIrank":160},"scoped":{"SEI":0,"SEIadj":0,"SEIrank":142,"audienceSEI":0,"audienceSEIadj":0,"audienceSEIrank":142,"engagementSEI":0,"engagementSEIadj":0,"engagementSEIrank":142,"voiceSEI":0,"voiceSEIadj":0,"voiceSEIrank":142}},"influence":{"facebook":{"scope":"individual","ratio":0,"calculated":false},"instagram":{"scope":"individual","ratio":0,"calculated":false},"combined":{"ratio":0.33,"bottom":false,"scope":"individual","calculated":true},"twitter":{"ratio":1.54,"bottom":false,"scope":"individual","calculated":true}},"charisma":{"facebook":{"scope":"individual","ratio":0,"calculated":false},"instagram":{"scope":"individual","ratio":0,"calculated":false},"combined":{"ratio":0.2,"bottom":false,"scope":"individual","calculated":true},"twitter":{"ratio":1.17,"bottom":false,"scope":"individual","calculated":true}}},"scope":"individual"}}