{"scoreEntityString":"591d1494ab33fb0001804f89.asset.536575feb08f37d80186a09c","timeQuantum":4984422,"scoreEntityType":"asset","scoreProfileID":"591d1494ab33fb0001804f89","data":{"scoreEntityString":"591d1494ab33fb0001804f89.asset.536575feb08f37d80186a09c","scoreProfileID":"591d1494ab33fb0001804f89","scoreEntityType":"asset","entityID":"asset.536575feb08f37d80186a09c","object_version":"1.2","score_engine_version":"3.0.19","timestamp":4984422,"start_quantum":4958502,"end_quantum":4984421,"schedule_options":{"interval":15,"offset":"1"},"_15min":{"boundaryQuantum":4984419,"combined":{"entityString":"536575feb08f37d80186a09c","type":"combined","profiles":2,"postsMade":0,"repliesMade":0,"repliesRcvd":0,"sharesMade":0,"sharesRcvd":0,"mentionsRcvd":0,"likesRcvd":0,"reachRcvd":0,"audience":23935,"voice":0,"conversation":0,"engagement":0,"group_scoped":{"audienceScore":1.0507162078517276,"voiceScore":0,"engagementScore":0,"combinedScore":1.0507162078517276,"engagementSEI":0,"engagementSEIadj":0,"voiceSEI":0,"voiceSEIadj":0,"audienceSEI":1.6277175095752088,"audienceSEIadj":1.6277175095752088,"SEI":0.1627717509575209,"SEIadj":0.1627717509575209,"combinedScoreRank":74,"SEIrank":79,"engagementSEIrank":46,"voiceSEIrank":40,"audienceSEIrank":79},"non_scoped":{"SEI":0.09520350918504046,"SEIrank":70,"SEIadj":0,"audienceSEI":0.9520350918504046,"audienceSEIadj":0,"audienceSEIrank":70,"audienceScore":0.17627257049301012,"combinedScore":0.008813628524650506,"combinedScoreRank":70,"engagementSEI":0,"engagementSEIadj":0,"engagementSEIrank":46,"engagementScore":0,"voiceSEI":0,"voiceSEIadj":0,"voiceSEIrank":40,"voiceScore":0},"scoped":{"SEI":1.2497846099220418,"SEIrank":59,"SEIadj":0,"audienceSEI":12.497846099220418,"audienceSEIadj":0,"audienceSEIrank":59,"audienceScore":0.5093252159072894,"combinedScore":0.07276074512961277,"combinedScoreRank":59,"engagementSEI":0,"engagementSEIadj":0,"engagementSEIrank":39,"engagementScore":0,"voiceSEI":0,"voiceSEIadj":0,"voiceSEIrank":36,"voiceScore":0}},"facebook":{"entityString":"536575feb08f37d80186a09c","type":"facebook","profiles":1,"postsMade":0,"repliesMade":0,"repliesRcvd":0,"sharesMade":0,"sharesRcvd":0,"mentionsRcvd":0,"likesRcvd":0,"reachRcvd":0,"audience":13139,"voice":0,"conversation":0,"engagement":0,"group_scoped":{"audienceScore":0.8539942217759102,"voiceScore":0,"engagementScore":0,"combinedScore":0.8539942217759102,"engagementSEI":0,"engagementSEIadj":0,"voiceSEI":0,"voiceSEIadj":0,"audienceSEI":1.202148294539599,"audienceSEIadj":1.202148294539599,"SEI":0.12021482945395989,"SEIadj":0.12021482945395989,"combinedScoreRank":63,"SEIrank":64,"engagementSEIrank":44,"voiceSEIrank":40,"audienceSEIrank":64},"non_scoped":{"SEI":0.07140388327565518,"SEIrank":64,"SEIadj":0,"audienceSEI":0.7140388327565518,"audienceSEIadj":0,"audienceSEIrank":64,"audienceScore":0.13700515633227844,"combinedScore":0.0068502578166139225,"combinedScoreRank":64,"engagementSEI":0,"engagementSEIadj":0,"engagementSEIrank":44,"engagementScore":0,"voiceSEI":0,"voiceSEIadj":0,"voiceSEIrank":40,"voiceScore":0},"scoped":{"SEI":0.922676104802635,"SEIrank":53,"SEIadj":0,"audienceSEI":9.226761048026349,"audienceSEIadj":0,"audienceSEIrank":53,"audienceScore":0.5647934929462068,"combinedScore":0.08068478470660097,"combinedScoreRank":53,"engagementSEI":0,"engagementSEIadj":0,"engagementSEIrank":37,"engagementScore":0,"voiceSEI":0,"voiceSEIadj":0,"voiceSEIrank":36,"voiceScore":0}},"twitter":{"entityString":"536575feb08f37d80186a09c","type":"twitter","profiles":1,"postsMade":0,"repliesMade":0,"repliesRcvd":0,"sharesMade":0,"sharesRcvd":0,"mentionsRcvd":0,"likesRcvd":0,"reachRcvd":0,"audience":10796,"voice":0,"conversation":0,"engagement":0,"group_scoped":{"audienceScore":1.717196941620712,"voiceScore":0,"engagementScore":0,"combinedScore":1.717196941620712,"engagementSEI":0,"engagementSEIadj":0,"voiceSEI":0,"voiceSEIadj":0,"audienceSEI":4.046962154381335,"audienceSEIadj":4.046962154381335,"SEI":0.4046962154381335,"SEIadj":0.4046962154381335,"combinedScoreRank":85,"SEIrank":107,"engagementSEIrank":41,"voiceSEIrank":39,"audienceSEIrank":107},"non_scoped":{"SEI":0.19484832296163676,"SEIrank":63,"SEIadj":0,"audienceSEI":1.9484832296163674,"audienceSEIadj":0,"audienceSEIrank":63,"audienceScore":0.31533744553302134,"combinedScore":0.015766872276651068,"combinedScoreRank":63,"engagementSEI":0,"engagementSEIadj":0,"engagementSEIrank":41,"engagementScore":0,"voiceSEI":0,"voiceSEIadj":0,"voiceSEIrank":39,"voiceScore":0},"scoped":{"SEI":0.9261944184689824,"SEIrank":52,"SEIadj":0,"audienceSEI":9.261944184689824,"audienceSEIadj":0,"audienceSEIrank":52,"audienceScore":0.5006102288450909,"combinedScore":0.07151574697787012,"combinedScoreRank":52,"engagementSEI":0,"engagementSEIadj":0,"engagementSEIrank":37,"engagementScore":0,"voiceSEI":0,"voiceSEIadj":0,"voiceSEIrank":36,"voiceScore":0}},"instagram":{"entityString":"536575feb08f37d80186a09c","type":"instagram","profiles":0,"postsMade":0,"repliesMade":0,"repliesRcvd":0,"sharesMade":0,"sharesRcvd":0,"mentionsRcvd":0,"likesRcvd":0,"reachRcvd":0,"audience":0,"voice":0,"conversation":0,"engagement":0,"group_scoped":{"audienceScore":0,"voiceScore":0,"engagementScore":0,"combinedScore":0,"engagementSEI":0,"engagementSEIadj":0,"voiceSEI":0,"voiceSEIadj":0,"audienceSEI":0,"audienceSEIadj":0,"SEI":0,"SEIadj":0,"combinedScoreRank":83,"SEIrank":65,"engagementSEIrank":41,"voiceSEIrank":38,"audienceSEIrank":65},"non_scoped":{"SEI":0,"SEIrank":65,"SEIadj":0,"audienceSEI":0,"audienceSEIadj":0,"audienceSEIrank":65,"audienceScore":0,"combinedScore":0,"combinedScoreRank":65,"engagementSEI":0,"engagementSEIadj":0,"engagementSEIrank":41,"engagementScore":0,"voiceSEI":0,"voiceSEIadj":0,"voiceSEIrank":38,"voiceScore":0},"scoped":{"SEI":0,"SEIrank":58,"SEIadj":0,"audienceSEI":0,"audienceSEIadj":0,"audienceSEIrank":58,"audienceScore":0,"combinedScore":0,"combinedScoreRank":58,"engagementSEI":0,"engagementSEIadj":0,"engagementSEIrank":37,"engagementScore":0,"voiceSEI":0,"voiceSEIadj":0,"voiceSEIrank":36,"voiceScore":0}}},"hour":{"boundaryQuantum":4984410,"combined":{"entityString":"536575feb08f37d80186a09c","type":"combined","profiles":2,"postsMade":0,"repliesMade":0,"repliesRcvd":0,"sharesMade":0,"sharesRcvd":0,"mentionsRcvd":0,"likesRcvd":17,"reachRcvd":0,"audience":23935,"voice":0,"conversation":0,"engagement":17,"group_scoped":{"audienceScore":1.0507162078517276,"voiceScore":0,"engagementScore":4.176904176904177,"combinedScore":3.73030589561097,"combinedScoreRank":21,"SEIrank":19,"engagementSEIrank":13,"voiceSEIrank":49,"audienceSEIrank":79,"engagementSEI":5.414012738853503,"engagementSEIadj":5.414012738853503,"voiceSEI":0,"voiceSEIadj":0,"audienceSEI":1.6277175095752088,"audienceSEIadj":1.6277175095752088,"SEI":3.411179394269623,"SEIadj":3.411179394269623},"non_scoped":{"SEI":0.24794385060462715,"SEIrank":36,"SEIadj":0,"audienceSEI":0.9520350918504046,"audienceSEIadj":0,"audienceSEIrank":70,"audienceScore":0.17627257049301012,"combinedScore":0.11660565332386146,"combinedScoreRank":20,"engagementSEI":0.25456723569931117,"engagementSEIadj":0,"engagementSEIrank":13,"engagementScore":0.11976891644356771,"voiceSEI":0,"voiceSEIadj":0,"voiceSEIrank":49,"voiceScore":0},"scoped":{"SEI":2.0955557542006487,"SEIrank":41,"SEIadj":0,"audienceSEI":12.497846099220418,"audienceSEIadj":0,"audienceSEIrank":59,"audienceScore":0.5093252159072894,"combinedScore":0.9471530077833165,"combinedScoreRank":10,"engagementSEI":1.4096185737976783,"engagementSEIadj":0,"engagementSEIrank":7,"engagementScore":1.0240963855421688,"voiceSEI":0,"voiceSEIadj":0,"voiceSEIrank":42,"voiceScore":0}},"facebook":{"entityString":"536575feb08f37d80186a09c","type":"facebook","profiles":1,"postsMade":0,"repliesMade":0,"repliesRcvd":0,"sharesMade":0,"sharesRcvd":0,"mentionsRcvd":0,"likesRcvd":17,"reachRcvd":0,"audience":13139,"voice":0,"conversation":0,"engagement":17,"group_scoped":{"audienceScore":0.8539942217759102,"voiceScore":0,"engagementScore":5.782312925170068,"combinedScore":5.078267396113759,"combinedScoreRank":17,"SEIrank":13,"engagementSEIrank":11,"voiceSEIrank":44,"audienceSEIrank":64,"engagementSEI":7.79816513761468,"engagementSEIadj":7.79816513761468,"voiceSEI":0,"voiceSEIadj":0,"audienceSEI":1.202148294539599,"audienceSEIadj":1.202148294539599,"SEI":4.799113912022767,"SEIadj":4.799113912022767},"non_scoped":{"SEI":0.23050542749652553,"SEIrank":28,"SEIadj":0,"audienceSEI":0.7140388327565518,"audienceSEIadj":0,"audienceSEIrank":64,"audienceScore":0.13700515633227844,"combinedScore":0.1329214509609778,"combinedScoreRank":13,"engagementSEI":0.2651692403681173,"engagementSEIadj":0,"engagementSEIrank":11,"engagementScore":0.14007910349373764,"voiceSEI":0,"voiceSEIadj":0,"voiceSEIrank":44,"voiceScore":0},"scoped":{"SEI":14.70645988858642,"SEIrank":7,"SEIadj":0,"audienceSEI":9.226761048026349,"audienceSEIadj":0,"audienceSEIrank":53,"audienceScore":0.5647934929462068,"combinedScore":4.266466821461716,"combinedScoreRank":6,"engagementSEI":22.972972972972975,"engagementSEIadj":0,"engagementSEIrank":5,"engagementScore":4.7091412742382275,"voiceSEI":0,"voiceSEIadj":0,"voiceSEIrank":37,"voiceScore":0}},"twitter":{"entityString":"536575feb08f37d80186a09c","type":"twitter","profiles":1,"postsMade":0,"repliesMade":0,"repliesRcvd":0,"sharesMade":0,"sharesRcvd":0,"mentionsRcvd":0,"likesRcvd":0,"reachRcvd":0,"audience":10796,"voice":0,"conversation":0,"engagement":0,"group_scoped":{"audienceScore":1.717196941620712,"voiceScore":0,"engagementScore":0,"combinedScore":1.717196941620712,"combinedScoreRank":93,"SEIrank":119,"engagementSEIrank":66,"voiceSEIrank":47,"audienceSEIrank":107,"engagementSEI":0,"engagementSEIadj":0,"voiceSEI":0,"voiceSEIadj":0,"audienceSEI":4.046962154381335,"audienceSEIadj":4.046962154381335,"SEI":0.4046962154381335,"SEIadj":0.4046962154381335},"non_scoped":{"SEI":0.19484832296163676,"SEIrank":75,"SEIadj":0,"audienceSEI":1.9484832296163674,"audienceSEIadj":0,"audienceSEIrank":63,"audienceScore":0.31533744553302134,"combinedScore":0.015766872276651068,"combinedScoreRank":75,"engagementSEI":0,"engagementSEIadj":0,"engagementSEIrank":66,"engagementScore":0,"voiceSEI":0,"voiceSEIadj":0,"voiceSEIrank":47,"voiceScore":0},"scoped":{"SEI":0.9261944184689824,"SEIrank":64,"SEIadj":0,"audienceSEI":9.261944184689824,"audienceSEIadj":0,"audienceSEIrank":52,"audienceScore":0.5006102288450909,"combinedScore":0.025030511442254544,"combinedScoreRank":64,"engagementSEI":0,"engagementSEIadj":0,"engagementSEIrank":59,"engagementScore":0,"voiceSEI":0,"voiceSEIadj":0,"voiceSEIrank":42,"voiceScore":0}},"instagram":{"entityString":"536575feb08f37d80186a09c","type":"instagram","profiles":0,"postsMade":0,"repliesMade":0,"repliesRcvd":0,"sharesMade":0,"sharesRcvd":0,"mentionsRcvd":0,"likesRcvd":0,"reachRcvd":0,"audience":0,"voice":0,"conversation":0,"engagement":0,"group_scoped":{"audienceScore":0,"voiceScore":0,"engagementScore":0,"combinedScore":0,"combinedScoreRank":83,"SEIrank":65,"engagementSEIrank":47,"voiceSEIrank":38,"audienceSEIrank":65,"engagementSEI":0,"engagementSEIadj":0,"voiceSEI":0,"voiceSEIadj":0,"audienceSEI":0,"audienceSEIadj":0,"SEI":0,"SEIadj":0},"non_scoped":{"SEI":0,"SEIrank":65,"SEIadj":0,"audienceSEI":0,"audienceSEIadj":0,"audienceSEIrank":65,"audienceScore":0,"combinedScore":0,"combinedScoreRank":65,"engagementSEI":0,"engagementSEIadj":0,"engagementSEIrank":47,"engagementScore":0,"voiceSEI":0,"voiceSEIadj":0,"voiceSEIrank":38,"voiceScore":0},"scoped":{"SEI":0,"SEIrank":58,"SEIadj":0,"audienceSEI":0,"audienceSEIadj":0,"audienceSEIrank":58,"audienceScore":0,"combinedScore":0,"combinedScoreRank":58,"engagementSEI":0,"engagementSEIadj":0,"engagementSEIrank":42,"engagementScore":0,"voiceSEI":0,"voiceSEIadj":0,"voiceSEIrank":36,"voiceScore":0}}},"today":{"boundaryQuantum":4984134,"combined":{"entityString":"536575feb08f37d80186a09c","type":"combined","profiles":2,"postsMade":4,"repliesMade":0,"repliesRcvd":36,"sharesMade":0,"sharesRcvd":1,"mentionsRcvd":0,"likesRcvd":335,"reachRcvd":0,"audience":23935,"voice":4,"conversation":40,"engagement":372,"group_scoped":{"audienceScore":1.0507162078517276,"voiceScore":2.366863905325444,"engagementScore":2.339034205231388,"combinedScore":2.276009790367108,"combinedScoreRank":19,"SEIrank":30,"engagementSEIrank":16,"voiceSEIrank":38,"audienceSEIrank":79,"engagementSEI":2.843601895734597,"engagementSEIadj":2.843601895734597,"voiceSEI":7.017543859649122,"voiceSEIadj":7.017543859649122,"audienceSEI":1.6277175095752088,"audienceSEIadj":1.6277175095752088,"SEI":3.9741960462930157,"SEIadj":3.9741960462930157},"non_scoped":{"SEI":1.5281746385610588,"SEIrank":36,"SEIadj":0,"audienceSEI":0.9520350918504046,"audienceSEIadj":0,"audienceSEIrank":70,"audienceScore":0.17627257049301012,"combinedScore":0.12274342264980258,"combinedScoreRank":25,"engagementSEI":0.19048301782449958,"engagementSEIadj":0,"engagementSEIrank":19,"engagementScore":0.09925505346965782,"voiceSEI":4.395604395604396,"voiceSEIadj":0,"voiceSEIrank":33,"voiceScore":0.4920049200492005},"scoped":{"SEI":6.642988126267462,"SEIrank":29,"SEIadj":0,"audienceSEI":12.497846099220418,"audienceSEIadj":0,"audienceSEIrank":59,"audienceScore":0.5093252159072894,"combinedScore":0.9726813047842237,"combinedScoreRank":14,"engagementSEI":2.092120803104437,"engagementSEIadj":0,"engagementSEIrank":12,"engagementScore":0.9944396920444823,"voiceSEI":13.793103448275861,"voiceSEIadj":0,"voiceSEIrank":25,"voiceScore":1.0443864229765014}},"facebook":{"entityString":"536575feb08f37d80186a09c","type":"facebook","profiles":1,"postsMade":2,"repliesMade":0,"repliesRcvd":36,"sharesMade":0,"sharesRcvd":1,"mentionsRcvd":0,"likesRcvd":319,"reachRcvd":0,"audience":13139,"voice":2,"conversation":38,"engagement":356,"group_scoped":{"audienceScore":0.8539942217759102,"voiceScore":4,"engagementScore":2.916120576671035,"combinedScore":2.8672082300927273,"combinedScoreRank":18,"SEIrank":16,"engagementSEIrank":13,"voiceSEIrank":17,"audienceSEIrank":64,"engagementSEI":3.5216144030072214,"engagementSEIadj":3.5216144030072214,"voiceSEI":9.090909090909092,"voiceSEIadj":9.090909090909092,"audienceSEI":1.202148294539599,"audienceSEIadj":1.202148294539599,"SEI":4.96045619853102,"SEIadj":4.96045619853102},"non_scoped":{"SEI":1.7235961737658179,"SEIrank":23,"SEIadj":0,"audienceSEI":0.7140388327565518,"audienceSEIadj":0,"audienceSEIrank":64,"audienceScore":0.13700515633227844,"combinedScore":0.13671710369066886,"combinedScoreRank":18,"engagementSEI":0.18955125338104062,"engagementSEIadj":0,"engagementSEIrank":17,"engagementScore":0.10650360047986453,"voiceSEI":5.128205128205128,"voiceSEIadj":0,"voiceSEIrank":18,"voiceScore":0.6802721088435374},"scoped":{"SEI":12.01161567150731,"SEIrank":12,"SEIadj":0,"audienceSEI":9.226761048026349,"audienceSEIadj":0,"audienceSEIrank":53,"audienceScore":0.5647934929462068,"combinedScore":2.274463897708594,"combinedScoreRank":10,"engagementSEI":10.148232611174459,"engagementSEIadj":0,"engagementSEIrank":10,"engagementScore":2.369542066027689,"voiceSEI":16.666666666666664,"voiceSEIadj":0,"voiceSEIrank":10,"voiceScore":2.272727272727273}},"twitter":{"entityString":"536575feb08f37d80186a09c","type":"twitter","profiles":1,"postsMade":2,"repliesMade":0,"repliesRcvd":0,"sharesMade":0,"sharesRcvd":0,"mentionsRcvd":0,"likesRcvd":16,"reachRcvd":0,"audience":10796,"voice":2,"conversation":2,"engagement":16,"group_scoped":{"audienceScore":1.717196941620712,"voiceScore":1.7094017094017095,"engagementScore":1.3018714401952807,"combinedScore":1.3430142287268736,"combinedScoreRank":105,"SEIrank":74,"engagementSEIrank":73,"voiceSEIrank":56,"audienceSEIrank":107,"engagementSEI":3.1620553359683794,"engagementSEIadj":3.1620553359683794,"voiceSEI":6.0606060606060606,"voiceSEIadj":6.0606060606060606,"audienceSEI":4.046962154381335,"audienceSEIadj":4.046962154381335,"SEI":4.120111235200979,"SEIadj":4.120111235200979},"non_scoped":{"SEI":2.0501446659628977,"SEIrank":53,"SEIadj":0,"audienceSEI":1.9484832296163674,"audienceSEIadj":0,"audienceSEIrank":63,"audienceScore":0.31533744553302134,"combinedScore":0.263687100196879,"combinedScoreRank":53,"engagementSEI":1.008827238335435,"engagementSEIadj":0,"engagementSEIrank":52,"engagementScore":0.25324469768914215,"voiceSEI":4.166666666666666,"voiceSEIadj":0,"voiceSEIrank":43,"voiceScore":0.4},"scoped":{"SEI":5.0182733432616615,"SEIrank":48,"SEIadj":0,"audienceSEI":9.261944184689824,"audienceSEIadj":0,"audienceSEIrank":52,"audienceScore":0.5006102288450909,"combinedScore":0.45983341501837816,"combinedScoreRank":44,"engagementSEI":2.973977695167286,"engagementSEIadj":0,"engagementSEIrank":43,"engagementScore":0.44506258692628653,"voiceSEI":7.6923076923076925,"voiceSEIadj":0,"voiceSEIrank":35,"voiceScore":0.684931506849315}},"instagram":{"entityString":"536575feb08f37d80186a09c","type":"instagram","profiles":0,"postsMade":0,"repliesMade":0,"repliesRcvd":0,"sharesMade":0,"sharesRcvd":0,"mentionsRcvd":0,"likesRcvd":0,"reachRcvd":0,"audience":0,"voice":0,"conversation":0,"engagement":0,"group_scoped":{"audienceScore":0,"voiceScore":0,"engagementScore":0,"combinedScore":0,"combinedScoreRank":83,"SEIrank":65,"engagementSEIrank":57,"voiceSEIrank":44,"audienceSEIrank":65,"engagementSEI":0,"engagementSEIadj":0,"voiceSEI":0,"voiceSEIadj":0,"audienceSEI":0,"audienceSEIadj":0,"SEI":0,"SEIadj":0},"non_scoped":{"SEI":0,"SEIrank":65,"SEIadj":0,"audienceSEI":0,"audienceSEIadj":0,"audienceSEIrank":65,"audienceScore":0,"combinedScore":0,"combinedScoreRank":65,"engagementSEI":0,"engagementSEIadj":0,"engagementSEIrank":57,"engagementScore":0,"voiceSEI":0,"voiceSEIadj":0,"voiceSEIrank":44,"voiceScore":0},"scoped":{"SEI":0,"SEIrank":58,"SEIadj":0,"audienceSEI":0,"audienceSEIadj":0,"audienceSEIrank":58,"audienceScore":0,"combinedScore":0,"combinedScoreRank":58,"engagementSEI":0,"engagementSEIadj":0,"engagementSEIrank":50,"engagementScore":0,"voiceSEI":0,"voiceSEIadj":0,"voiceSEIrank":38,"voiceScore":0}}},"week":{"boundaryQuantum":4982406,"combined":{"entityString":"536575feb08f37d80186a09c","type":"combined","profiles":2,"postsMade":15,"repliesMade":0,"repliesRcvd":176,"sharesMade":0,"sharesRcvd":14,"mentionsRcvd":0,"likesRcvd":1744,"reachRcvd":0,"audience":23935,"voice":15,"conversation":191,"engagement":1934,"group_scoped":{"audienceScore":1.0507162078517276,"voiceScore":0.8301051466519093,"engagementScore":1.3629988794373225,"combinedScore":1.3207400592187721,"combinedScoreRank":27,"SEIrank":67,"engagementSEIrank":22,"voiceSEIrank":101,"audienceSEIrank":79,"engagementSEI":1.5859218683373242,"engagementSEIadj":1.5859218683373242,"voiceSEI":2.167630057803468,"voiceSEIadj":2.167630057803468,"audienceSEI":1.6277175095752088,"audienceSEIadj":1.6277175095752088,"SEI":1.7646138893009558,"SEIadj":1.7646138893009558},"non_scoped":{"SEI":0.7371968011643187,"SEIrank":93,"SEIadj":0,"audienceSEI":0.9520350918504046,"audienceSEIadj":0,"audienceSEIrank":70,"audienceScore":0.17627257049301012,"combinedScore":0.08957630451987345,"combinedScoreRank":41,"engagementSEI":0.19789579670964982,"engagementSEIadj":0,"engagementSEIrank":34,"engagementScore":0.08065959025428623,"voiceSEI":1.744186046511628,"voiceSEIadj":0,"voiceSEIrank":98,"voiceScore":0.16338089532730637},"scoped":{"SEI":7.135935651715107,"SEIrank":50,"SEIadj":0,"audienceSEI":12.497846099220418,"audienceSEIadj":0,"audienceSEIrank":59,"audienceScore":0.5093252159072894,"combinedScore":0.8880049496476328,"combinedScoreRank":27,"engagementSEI":6.431873357943396,"engagementSEIadj":0,"engagementSEIrank":25,"engagementScore":0.9393547885723167,"voiceSEI":6.756756756756757,"voiceSEIadj":0,"voiceSEIrank":88,"voiceScore":0.3423875827436658}},"facebook":{"entityString":"536575feb08f37d80186a09c","type":"facebook","profiles":1,"postsMade":4,"repliesMade":0,"repliesRcvd":176,"sharesMade":0,"sharesRcvd":1,"mentionsRcvd":0,"likesRcvd":1531,"reachRcvd":0,"audience":13139,"voice":4,"conversation":180,"engagement":1708,"group_scoped":{"audienceScore":0.8539942217759102,"voiceScore":0.8032128514056224,"engagementScore":1.4789543411812585,"combinedScore":1.4139192607222093,"combinedScoreRank":26,"SEIrank":44,"engagementSEIrank":21,"voiceSEIrank":72,"audienceSEIrank":64,"engagementSEI":1.6836543579835577,"engagementSEIadj":1.6836543579835577,"voiceSEI":1.9138755980861244,"voiceSEIadj":1.9138755980861244,"audienceSEI":1.202148294539599,"audienceSEIadj":1.202148294539599,"SEI":1.7045701236699318,"SEIadj":1.7045701236699318},"non_scoped":{"SEI":0.48704364908762515,"SEIrank":76,"SEIadj":0,"audienceSEI":0.7140388327565518,"audienceSEIadj":0,"audienceSEIrank":64,"audienceScore":0.13700515633227844,"combinedScore":0.08367171359649456,"combinedScoreRank":40,"engagementSEI":0.18382709060264718,"engagementSEIadj":0,"engagementSEIrank":33,"engagementScore":0.0784921059827253,"voiceSEI":1.0178117048346056,"voiceSEIadj":0,"voiceSEIrank":81,"voiceScore":0.1235712079085573},"scoped":{"SEI":10.07946836197512,"SEIrank":37,"SEIadj":0,"audienceSEI":9.226761048026349,"audienceSEIadj":0,"audienceSEIrank":53,"audienceScore":0.5647934929462068,"combinedScore":1.1837964549423183,"combinedScoreRank":24,"engagementSEI":12.988593155893536,"engagementSEIadj":0,"engagementSEIrank":24,"engagementScore":1.2651195863918168,"voiceSEI":4.545454545454546,"voiceSEIadj":0,"voiceSEIrank":72,"voiceScore":0.3389830508474576}},"twitter":{"entityString":"536575feb08f37d80186a09c","type":"twitter","profiles":1,"postsMade":11,"repliesMade":0,"repliesRcvd":0,"sharesMade":0,"sharesRcvd":13,"mentionsRcvd":0,"likesRcvd":213,"reachRcvd":0,"audience":10796,"voice":11,"conversation":11,"engagement":226,"group_scoped":{"audienceScore":1.717196941620712,"voiceScore":0.8507347254447023,"engagementScore":1.7236119585112872,"combinedScore":1.6796473460134294,"combinedScoreRank":75,"SEIrank":89,"engagementSEIrank":71,"voiceSEIrank":111,"audienceSEIrank":107,"engagementSEI":3.135405105438402,"engagementSEIadj":3.135405105438402,"voiceSEI":2.355460385438972,"voiceSEIadj":2.355460385438972,"audienceSEI":4.046962154381335,"audienceSEIadj":4.046962154381335,"SEI":2.992577394332866,"SEIadj":2.992577394332866},"non_scoped":{"SEI":1.747141778233616,"SEIrank":69,"SEIadj":0,"audienceSEI":1.9484832296163674,"audienceSEIadj":0,"audienceSEIrank":63,"audienceScore":0.31533744553302134,"combinedScore":0.357005566828727,"combinedScoreRank":44,"engagementSEI":1.448439402678972,"engagementSEIadj":0,"engagementSEIrank":41,"engagementScore":0.3684982879504321,"voiceSEI":2.2774327122153206,"voiceSEIadj":0,"voiceSEIrank":93,"voiceScore":0.1918047079337402},"scoped":{"SEI":8.130914382335288,"SEIrank":49,"SEIadj":0,"audienceSEI":9.261944184689824,"audienceSEIadj":0,"audienceSEIrank":52,"audienceScore":0.5006102288450909,"combinedScore":0.7405911620247432,"combinedScoreRank":34,"engagementSEI":8.61280487804878,"engagementSEIadj":0,"engagementSEIrank":31,"engagementScore":0.7755928480730293,"voiceSEI":6.790123456790123,"voiceSEIadj":0,"voiceSEIrank":83,"voiceScore":0.3505417463352454}},"instagram":{"entityString":"536575feb08f37d80186a09c","type":"instagram","profiles":0,"postsMade":0,"repliesMade":0,"repliesRcvd":0,"sharesMade":0,"sharesRcvd":0,"mentionsRcvd":0,"likesRcvd":0,"reachRcvd":0,"audience":0,"voice":0,"conversation":0,"engagement":0,"group_scoped":{"audienceScore":0,"voiceScore":0,"engagementScore":0,"combinedScore":0,"combinedScoreRank":83,"SEIrank":65,"engagementSEIrank":60,"voiceSEIrank":58,"audienceSEIrank":65,"engagementSEI":0,"engagementSEIadj":0,"voiceSEI":0,"voiceSEIadj":0,"audienceSEI":0,"audienceSEIadj":0,"SEI":0,"SEIadj":0},"non_scoped":{"SEI":0,"SEIrank":65,"SEIadj":0,"audienceSEI":0,"audienceSEIadj":0,"audienceSEIrank":65,"audienceScore":0,"combinedScore":0,"combinedScoreRank":65,"engagementSEI":0,"engagementSEIadj":0,"engagementSEIrank":60,"engagementScore":0,"voiceSEI":0,"voiceSEIadj":0,"voiceSEIrank":58,"voiceScore":0},"scoped":{"SEI":0,"SEIrank":58,"SEIadj":0,"audienceSEI":0,"audienceSEIadj":0,"audienceSEIrank":58,"audienceScore":0,"combinedScore":0,"combinedScoreRank":58,"engagementSEI":0,"engagementSEIadj":0,"engagementSEIrank":53,"engagementScore":0,"voiceSEI":0,"voiceSEIadj":0,"voiceSEIrank":51,"voiceScore":0}}},"month":{"boundaryQuantum":4975782,"combined":{"entityString":"536575feb08f37d80186a09c","type":"combined","profiles":2,"postsMade":166,"repliesMade":0,"repliesRcvd":2068,"sharesMade":0,"sharesRcvd":411,"mentionsRcvd":0,"likesRcvd":14463,"reachRcvd":0,"audience":23935,"voice":166,"conversation":2234,"engagement":16942,"group_scoped":{"audienceScore":1.0507162078517276,"voiceScore":2.3265592151366503,"engagementScore":2.745390993782278,"combinedScore":2.639715665553469,"combinedScoreRank":18,"SEIrank":29,"engagementSEIrank":16,"voiceSEIrank":49,"audienceSEIrank":79,"engagementSEI":3.1316775972849675,"engagementSEIadj":3.1316775972849675,"voiceSEI":5.496688741721854,"voiceSEIadj":5.496688741721854,"audienceSEI":1.6277175095752088,"audienceSEIadj":1.6277175095752088,"SEI":3.690784931845058,"SEIadj":3.690784931845058},"non_scoped":{"SEI":1.7517831653930915,"SEIrank":41,"SEIadj":0,"audienceSEI":0.9520350918504046,"audienceSEIadj":0,"audienceSEIrank":70,"audienceScore":0.17627257049301012,"combinedScore":0.19650954946603083,"combinedScoreRank":25,"engagementSEI":0.46751486405864273,"engagementSEIadj":0,"engagementSEIrank":22,"engagementScore":0.18413099884817594,"voiceSEI":4.586902459242885,"voiceSEIadj":0,"voiceSEIrank":40,"voiceScore":0.43956043956043955},"scoped":{"SEI":15.895231161862752,"SEIrank":21,"SEIadj":0,"audienceSEI":12.497846099220418,"audienceSEIadj":0,"audienceSEIrank":59,"audienceScore":0.5093252159072894,"combinedScore":1.6789722708883656,"combinedScoreRank":15,"engagementSEI":15.672235481304694,"engagementSEIadj":0,"engagementSEIrank":14,"engagementScore":1.7857368720618927,"voiceSEI":17.473684210526315,"voiceSEIadj":0,"voiceSEIrank":30,"voiceScore":0.926856504745952}},"facebook":{"entityString":"536575feb08f37d80186a09c","type":"facebook","profiles":1,"postsMade":38,"repliesMade":0,"repliesRcvd":2068,"sharesMade":0,"sharesRcvd":64,"mentionsRcvd":0,"likesRcvd":12879,"reachRcvd":0,"audience":13139,"voice":38,"conversation":2106,"engagement":15011,"group_scoped":{"audienceScore":0.8539942217759102,"voiceScore":1.8069424631478839,"engagementScore":3.110366091187123,"combinedScore":2.9323763163146004,"combinedScoreRank":17,"SEIrank":24,"engagementSEIrank":16,"voiceSEIrank":44,"audienceSEIrank":64,"engagementSEI":3.494172499598465,"engagementSEIadj":3.494172499598465,"voiceSEI":3.9915966386554618,"voiceSEIadj":3.9915966386554618,"audienceSEI":1.202148294539599,"audienceSEIadj":1.202148294539599,"SEI":3.414197320809677,"SEIadj":3.414197320809677},"non_scoped":{"SEI":1.06092402207005,"SEIrank":42,"SEIadj":0,"audienceSEI":0.7140388327565518,"audienceSEIadj":0,"audienceSEIrank":64,"audienceScore":0.13700515633227844,"combinedScore":0.18415003951495854,"combinedScoreRank":23,"engagementSEI":0.43823783489314394,"engagementSEIadj":0,"engagementSEIrank":20,"engagementScore":0.18150536396656028,"voiceSEI":2.421924792861695,"voiceSEIadj":0,"voiceSEIrank":52,"voiceScore":0.27889908256880735},"scoped":{"SEI":14.372730905651249,"SEIrank":20,"SEIadj":0,"audienceSEI":9.226761048026349,"audienceSEIadj":0,"audienceSEIrank":53,"audienceScore":0.5647934929462068,"combinedScore":2.06072956924121,"combinedScoreRank":12,"engagementSEI":16.207607674616973,"engagementSEIadj":0,"engagementSEIrank":12,"engagementScore":2.2151324342550875,"voiceSEI":12.418300653594772,"voiceSEIadj":0,"voiceSEIrank":43,"voiceScore":0.7774140752864157}},"twitter":{"entityString":"536575feb08f37d80186a09c","type":"twitter","profiles":1,"postsMade":128,"repliesMade":0,"repliesRcvd":0,"sharesMade":0,"sharesRcvd":347,"mentionsRcvd":0,"likesRcvd":1584,"reachRcvd":0,"audience":10796,"voice":128,"conversation":128,"engagement":1931,"group_scoped":{"audienceScore":1.717196941620712,"voiceScore":2.5858585858585856,"engagementScore":3.639344880227671,"combinedScore":3.490563168578869,"combinedScoreRank":45,"SEIrank":59,"engagementSEIrank":54,"voiceSEIrank":55,"audienceSEIrank":107,"engagementSEI":6.447197088578011,"engagementSEIadj":6.447197088578011,"voiceSEI":6.445115810674723,"voiceSEIadj":6.445115810674723,"audienceSEI":4.046962154381335,"audienceSEIadj":4.046962154381335,"SEI":6.206549211787356,"SEIadj":6.206549211787356},"non_scoped":{"SEI":4.132865761514975,"SEIrank":32,"SEIadj":0,"audienceSEI":1.9484832296163674,"audienceSEIadj":0,"audienceSEIrank":63,"audienceScore":0.31533744553302134,"combinedScore":0.7635714396408855,"combinedScoreRank":24,"engagementSEI":3.350510991966408,"engagementSEIadj":0,"engagementSEIrank":23,"engagementScore":0.8003846488628403,"voiceSEI":6.425702811244979,"voiceSEIadj":0,"voiceSEIrank":40,"voiceScore":0.549167667753561},"scoped":{"SEI":18.31834432499798,"SEIrank":20,"SEIadj":0,"audienceSEI":9.261944184689824,"audienceSEIadj":0,"audienceSEIrank":52,"audienceScore":0.5006102288450909,"combinedScore":1.537279837514453,"combinedScoreRank":16,"engagementSEI":19.0490283121239,"engagementSEIadj":0,"engagementSEIrank":15,"engagementScore":1.624682383428408,"voiceSEI":19.875776397515526,"voiceSEIadj":0,"voiceSEIrank":30,"voiceScore":1.0007036197326244}},"instagram":{"entityString":"536575feb08f37d80186a09c","type":"instagram","profiles":0,"postsMade":0,"repliesMade":0,"repliesRcvd":0,"sharesMade":0,"sharesRcvd":0,"mentionsRcvd":0,"likesRcvd":0,"reachRcvd":0,"audience":0,"voice":0,"conversation":0,"engagement":0,"group_scoped":{"audienceScore":0,"voiceScore":0,"engagementScore":0,"combinedScore":0,"combinedScoreRank":83,"SEIrank":65,"engagementSEIrank":60,"voiceSEIrank":59,"audienceSEIrank":65,"engagementSEI":0,"engagementSEIadj":0,"voiceSEI":0,"voiceSEIadj":0,"audienceSEI":0,"audienceSEIadj":0,"SEI":0,"SEIadj":0},"non_scoped":{"SEI":0,"SEIrank":65,"SEIadj":0,"audienceSEI":0,"audienceSEIadj":0,"audienceSEIrank":65,"audienceScore":0,"combinedScore":0,"combinedScoreRank":65,"engagementSEI":0,"engagementSEIadj":0,"engagementSEIrank":60,"engagementScore":0,"voiceSEI":0,"voiceSEIadj":0,"voiceSEIrank":59,"voiceScore":0},"scoped":{"SEI":0,"SEIrank":58,"SEIadj":0,"audienceSEI":0,"audienceSEIadj":0,"audienceSEIrank":58,"audienceScore":0,"combinedScore":0,"combinedScoreRank":58,"engagementSEI":0,"engagementSEIadj":0,"engagementSEIrank":53,"engagementScore":0,"voiceSEI":0,"voiceSEIadj":0,"voiceSEIrank":52,"voiceScore":0}}},"quarter":{"boundaryQuantum":4958502,"combined":{"entityString":"536575feb08f37d80186a09c","type":"combined","profiles":2,"postsMade":635,"repliesMade":0,"repliesRcvd":4116,"sharesMade":0,"sharesRcvd":2372,"mentionsRcvd":0,"likesRcvd":31886,"reachRcvd":0,"audience":23935,"voice":635,"conversation":4751,"engagement":38374,"group_scoped":{"audienceScore":1.0507162078517276,"voiceScore":3.138437206543765,"engagementScore":1.8365633761293663,"combinedScore":1.8623647092362043,"combinedScoreRank":19,"SEIrank":36,"engagementSEIrank":17,"voiceSEIrank":36,"audienceSEIrank":79,"engagementSEI":2.049303111977908,"engagementSEIadj":2.049303111977908,"voiceSEI":6.8767598007364095,"voiceSEIadj":6.8767598007364095,"audienceSEI":1.6277175095752088,"audienceSEIadj":1.6277175095752088,"SEI":3.4553815583651883,"SEIadj":3.4553815583651883},"non_scoped":{"SEI":2.0750930486118944,"SEIrank":34,"SEIadj":0,"audienceSEI":0.9520350918504046,"audienceSEIadj":0,"audienceSEIrank":70,"audienceScore":0.17627257049301012,"combinedScore":0.1537335580306868,"combinedScoreRank":30,"engagementSEI":0.33474305631035234,"engagementSEIadj":0,"engagementSEIrank":28,"engagementScore":0.1296418042960782,"voiceSEI":5.930145685468808,"voiceSEIadj":0,"voiceSEIrank":33,"voiceScore":0.5648461127913184},"scoped":{"SEI":13.324242809226574,"SEIrank":23,"SEIadj":0,"audienceSEI":12.497846099220418,"audienceSEIadj":0,"audienceSEIrank":59,"audienceScore":0.5093252159072894,"combinedScore":1.2248399497323736,"combinedScoreRank":21,"engagementSEI":7.765202487357819,"engagementSEIadj":0,"engagementSEIrank":20,"engagementScore":1.266643385127057,"voiceSEI":24.717789022966137,"voiceSEIadj":0,"voiceSEIrank":24,"voiceScore":1.1878928464531577}},"facebook":{"entityString":"536575feb08f37d80186a09c","type":"facebook","profiles":1,"postsMade":116,"repliesMade":0,"repliesRcvd":4116,"sharesMade":0,"sharesRcvd":261,"mentionsRcvd":0,"likesRcvd":26466,"reachRcvd":0,"audience":13139,"voice":116,"conversation":4232,"engagement":30843,"group_scoped":{"audienceScore":0.8539942217759102,"voiceScore":1.8858722158998538,"engagementScore":1.9625222702977858,"combinedScore":1.9032633651517954,"combinedScoreRank":17,"SEIrank":29,"engagementSEIrank":16,"voiceSEIrank":40,"audienceSEIrank":64,"engagementSEI":2.1643739680049063,"engagementSEIadj":2.1643739680049063,"voiceSEI":3.9631021523744447,"voiceSEIadj":3.9631021523744447,"audienceSEI":1.202148294539599,"audienceSEIadj":1.202148294539599,"SEI":2.607769855969237,"SEIadj":2.607769855969237},"non_scoped":{"SEI":0.9691591500919832,"SEIrank":47,"SEIadj":0,"audienceSEI":0.7140388327565518,"audienceSEIadj":0,"audienceSEIrank":64,"audienceScore":0.13700515633227844,"combinedScore":0.12546386199301177,"combinedScoreRank":34,"engagementSEI":0.2785388536098294,"engagementSEIadj":0,"engagementSEIrank":29,"engagementScore":0.11591674935204367,"voiceSEI":2.435439848834768,"voiceSEIadj":0,"voiceSEIrank":49,"voiceScore":0.2857705951911707},"scoped":{"SEI":20.9030706610399,"SEIrank":25,"SEIadj":0,"audienceSEI":9.226761048026349,"audienceSEIadj":0,"audienceSEIrank":53,"audienceScore":0.5647934929462068,"combinedScore":1.462259173245812,"combinedScoreRank":23,"engagementSEI":26.227486862021465,"engagementSEIadj":0,"engagementSEIrank":21,"engagementScore":1.5493716211260686,"voiceSEI":14.146341463414632,"voiceSEIadj":0,"voiceSEIrank":41,"voiceScore":0.7917007917007918}},"twitter":{"entityString":"536575feb08f37d80186a09c","type":"twitter","profiles":1,"postsMade":519,"repliesMade":0,"repliesRcvd":0,"sharesMade":0,"sharesRcvd":2111,"mentionsRcvd":0,"likesRcvd":5420,"reachRcvd":0,"audience":10796,"voice":519,"conversation":519,"engagement":7531,"group_scoped":{"audienceScore":1.717196941620712,"voiceScore":3.7666013498802524,"engagementScore":4.240857744591231,"combinedScore":4.0909618847071565,"combinedScoreRank":38,"SEIrank":50,"engagementSEIrank":51,"voiceSEIrank":44,"audienceSEIrank":107,"engagementSEI":7.022304278094812,"engagementSEIadj":7.022304278094812,"voiceSEI":8.644237175216523,"voiceSEIadj":8.644237175216523,"audienceSEI":4.046962154381335,"audienceSEIadj":4.046962154381335,"SEI":7.211349934859977,"SEIadj":7.211349934859977},"non_scoped":{"SEI":4.929209425466743,"SEIrank":28,"SEIadj":0,"audienceSEI":1.9484832296163674,"audienceSEIadj":0,"audienceSEIrank":63,"audienceScore":0.31533744553302134,"combinedScore":0.8685626819425264,"combinedScoreRank":21,"engagementSEI":3.571360825524489,"engagementSEIadj":0,"engagementSEIrank":19,"engagementScore":0.9061266724420061,"voiceSEI":8.638482023968043,"voiceSEIadj":0,"voiceSEIrank":27,"voiceScore":0.7456360893613965},"scoped":{"SEI":23.854813554464172,"SEIrank":18,"SEIadj":0,"audienceSEI":9.261944184689824,"audienceSEIadj":0,"audienceSEIrank":52,"audienceScore":0.5006102288450909,"combinedScore":1.783771650077104,"combinedScoreRank":13,"engagementSEI":23.69282073868999,"engagementSEIadj":0,"engagementSEIrank":13,"engagementScore":1.8786076700874572,"voiceSEI":29.043088975937327,"voiceSEIadj":0,"voiceSEIrank":18,"voiceScore":1.3598847111227563}},"instagram":{"entityString":"536575feb08f37d80186a09c","type":"instagram","profiles":0,"postsMade":0,"repliesMade":0,"repliesRcvd":0,"sharesMade":0,"sharesRcvd":0,"mentionsRcvd":0,"likesRcvd":0,"reachRcvd":0,"audience":0,"voice":0,"conversation":0,"engagement":0,"group_scoped":{"audienceScore":0,"voiceScore":0,"engagementScore":0,"combinedScore":0,"combinedScoreRank":83,"SEIrank":65,"engagementSEIrank":60,"voiceSEIrank":60,"audienceSEIrank":65,"engagementSEI":0,"engagementSEIadj":0,"voiceSEI":0,"voiceSEIadj":0,"audienceSEI":0,"audienceSEIadj":0,"SEI":0,"SEIadj":0},"non_scoped":{"SEI":0,"SEIrank":65,"SEIadj":0,"audienceSEI":0,"audienceSEIadj":0,"audienceSEIrank":65,"audienceScore":0,"combinedScore":0,"combinedScoreRank":65,"engagementSEI":0,"engagementSEIadj":0,"engagementSEIrank":60,"engagementScore":0,"voiceSEI":0,"voiceSEIadj":0,"voiceSEIrank":60,"voiceScore":0},"scoped":{"SEI":0,"SEIrank":58,"SEIadj":0,"audienceSEI":0,"audienceSEIadj":0,"audienceSEIrank":58,"audienceScore":0,"combinedScore":0,"combinedScoreRank":58,"engagementSEI":0,"engagementSEIadj":0,"engagementSEIrank":53,"engagementScore":0,"voiceSEI":0,"voiceSEIadj":0,"voiceSEIrank":53,"voiceScore":0}}},"blended":{"combined":{"non_scoped":{"SEI":1.5978817713922593,"SEIadj":60.63915270855691,"SEIrank":46,"audienceSEI":0.9520350918504046,"audienceSEIadj":50.4760175459252,"audienceSEIrank":70,"engagementSEI":0.3063916476680925,"engagementSEIadj":60.122556659067236,"engagementSEIrank":29,"voiceSEI":4.396144245354545,"voiceSEIadj":61.75845769814182,"voiceSEIrank":43},"scoped":{"SEI":20.75469549734766,"SEIadj":68.30187819893906,"SEIrank":24,"compCharisma":3,"compInfluence":9,"compEva":8.75469549734766,"audienceSEI":12.497846099220418,"audienceSEIadj":64.99913843968817,"audienceSEIrank":59,"engagementSEI":8.267604613412855,"engagementSEIadj":72.48028138402385,"engagementSEIrank":19,"voiceSEI":17.69662934250284,"voiceSEIadj":67.07865173700114,"voiceSEIrank":33}},"facebook":{"non_scoped":{"SEI":0.8760110817710776,"SEIadj":60.35040443270843,"SEIrank":52,"audienceSEI":0.7140388327565518,"audienceSEIadj":60.28561553310262,"audienceSEIrank":64,"engagementSEI":0.26963079188873246,"engagementSEIadj":60.10785231675549,"engagementSEIrank":26,"voiceSEI":2.1427624112072765,"voiceSEIadj":60.85710496448291,"voiceSEIrank":54},"scoped":{"SEI":16.23186625853554,"SEIadj":66.49274650341421,"SEIrank":26,"audienceSEI":9.226761048026349,"audienceSEIadj":63.69070441921054,"audienceSEIrank":53,"engagementSEI":19.948874159530064,"engagementSEIadj":75.98466224785902,"engagementSEIrank":19,"voiceSEI":11.13288552671623,"voiceSEIadj":64.45315421068649,"voiceSEIrank":45}},"twitter":{"non_scoped":{"SEI":3.7111843437288474,"SEIadj":61.48447373749154,"SEIrank":38,"audienceSEI":1.9484832296163674,"audienceSEIadj":60.779393291846546,"audienceSEIrank":63,"engagementSEI":2.773230244277669,"engagementSEIadj":61.10929209771107,"engagementSEIrank":26,"voiceSEI":6.174659580668697,"voiceSEIadj":62.46986383226748,"voiceSEIrank":42},"scoped":{"SEI":17.36534640784545,"SEIadj":66.94613856313818,"SEIrank":25,"audienceSEI":9.261944184689822,"audienceSEIadj":63.70477767387593,"audienceSEIrank":52,"engagementSEI":17.436304964336575,"engagementSEIadj":75.23089148930097,"engagementSEIrank":18,"voiceSEI":19.924563369248414,"voiceSEIadj":67.96982534769937,"voiceSEIrank":28}},"instagram":{"non_scoped":{"SEI":0,"SEIadj":0,"SEIrank":65,"audienceSEI":0,"audienceSEIadj":0,"audienceSEIrank":65,"engagementSEI":0,"engagementSEIadj":0,"engagementSEIrank":60,"voiceSEI":0,"voiceSEIadj":0,"voiceSEIrank":60},"scoped":{"SEI":0,"SEIadj":0,"SEIrank":58,"audienceSEI":0,"audienceSEIadj":0,"audienceSEIrank":58,"engagementSEI":0,"engagementSEIadj":0,"engagementSEIrank":53,"voiceSEI":0,"voiceSEIadj":0,"voiceSEIrank":53}},"influence":{"instagram":{"scope":"individual","ratio":0,"calculated":false},"combined":{"ratio":1.73,"bottom":false,"scope":"individual","calculated":true},"facebook":{"ratio":2,"bottom":false,"scope":"individual","calculated":true},"twitter":{"ratio":2,"bottom":false,"scope":"individual","calculated":true}},"charisma":{"instagram":{"scope":"individual","ratio":0,"calculated":false},"combined":{"ratio":0.93,"bottom":false,"scope":"individual","calculated":true},"facebook":{"ratio":1.77,"bottom":false,"scope":"individual","calculated":true},"twitter":{"ratio":1.45,"bottom":false,"scope":"individual","calculated":true}}},"scope":"individual"}}