{"scoreEntityString":"591d1494ab33fb0001804f89.asset.536575feb08f37d80186a0c3","timeQuantum":4984422,"scoreEntityType":"asset","scoreProfileID":"591d1494ab33fb0001804f89","data":{"scoreEntityString":"591d1494ab33fb0001804f89.asset.536575feb08f37d80186a0c3","scoreProfileID":"591d1494ab33fb0001804f89","scoreEntityType":"asset","entityID":"asset.536575feb08f37d80186a0c3","object_version":"1.2","score_engine_version":"3.0.19","timestamp":4984422,"start_quantum":4958502,"end_quantum":4984421,"schedule_options":{"interval":15,"offset":"1"},"_15min":{"boundaryQuantum":4984419,"combined":{"entityString":"536575feb08f37d80186a0c3","type":"combined","profiles":2,"postsMade":0,"repliesMade":0,"repliesRcvd":0,"sharesMade":0,"sharesRcvd":0,"mentionsRcvd":0,"likesRcvd":1,"reachRcvd":0,"audience":71654,"voice":0,"conversation":0,"engagement":1,"group_scoped":{"audienceScore":1.8194680593898103,"voiceScore":0,"engagementScore":0.12360939431396785,"combinedScore":0.36587491789623106,"engagementSEI":0.12376237623762376,"engagementSEIadj":0.12376237623762376,"voiceSEI":0,"voiceSEIadj":0,"audienceSEI":2.8500991214309126,"audienceSEIadj":2.8500991214309126,"SEI":0.35926733788566556,"SEIadj":0.35926733788566556,"combinedScoreRank":151,"SEIrank":36,"engagementSEIrank":9,"voiceSEIrank":148,"audienceSEIrank":48},"non_scoped":{"SEI":0.35926733788566556,"SEIrank":21,"SEIadj":0,"audienceSEI":2.8500991214309126,"audienceSEIadj":0,"audienceSEIrank":22,"audienceScore":0.5277056513936138,"combinedScore":0.06883811275835994,"combinedScoreRank":10,"engagementSEI":0.12376237623762376,"engagementSEIadj":0,"engagementSEIrank":9,"engagementScore":0.04716981132075472,"voiceSEI":0,"voiceSEIadj":0,"voiceSEIrank":148,"voiceScore":0},"scoped":{"SEI":4.1007506846441935,"SEIrank":14,"SEIadj":0,"audienceSEI":37.41469247518445,"audienceSEIadj":0,"audienceSEIrank":14,"audienceScore":1.5247624408030462,"combinedScore":0.7220248865012755,"combinedScoreRank":3,"engagementSEI":0.5988023952095809,"engagementSEIadj":0,"engagementSEIrank":3,"engagementScore":0.5882352941176471,"voiceSEI":0,"voiceSEIadj":0,"voiceSEIrank":131,"voiceScore":0}},"facebook":{"entityString":"536575feb08f37d80186a0c3","type":"facebook","profiles":1,"postsMade":0,"repliesMade":0,"repliesRcvd":0,"sharesMade":0,"sharesRcvd":0,"mentionsRcvd":0,"likesRcvd":0,"reachRcvd":0,"audience":45622,"voice":0,"conversation":0,"engagement":0,"group_scoped":{"audienceScore":1.7652683016673352,"voiceScore":0,"engagementScore":0,"combinedScore":1.7652683016673352,"engagementSEI":0,"engagementSEIadj":0,"voiceSEI":0,"voiceSEIadj":0,"audienceSEI":2.479327165539189,"audienceSEIadj":2.479327165539189,"SEI":0.2479327165539189,"SEIadj":0.2479327165539189,"combinedScoreRank":34,"SEIrank":38,"engagementSEIrank":150,"voiceSEIrank":148,"audienceSEIrank":38},"non_scoped":{"SEI":0.2479327165539189,"SEIrank":20,"SEIadj":0,"audienceSEI":2.479327165539189,"audienceSEIadj":0,"audienceSEIrank":20,"audienceScore":0.47571727240971207,"combinedScore":0.023785863620485605,"combinedScoreRank":20,"engagementSEI":0,"engagementSEIadj":0,"engagementSEIrank":150,"engagementScore":0,"voiceSEI":0,"voiceSEIadj":0,"voiceSEIrank":148,"voiceScore":0},"scoped":{"SEI":3.2037696364491826,"SEIrank":12,"SEIadj":0,"audienceSEI":32.03769636449182,"audienceSEIadj":0,"audienceSEIrank":12,"audienceScore":1.9611088161345498,"combinedScore":0.28015840230493566,"combinedScoreRank":12,"engagementSEI":0,"engagementSEIadj":0,"engagementSEIrank":132,"engagementScore":0,"voiceSEI":0,"voiceSEIadj":0,"voiceSEIrank":131,"voiceScore":0}},"twitter":{"entityString":"536575feb08f37d80186a0c3","type":"twitter","profiles":1,"postsMade":0,"repliesMade":0,"repliesRcvd":0,"sharesMade":0,"sharesRcvd":0,"mentionsRcvd":0,"likesRcvd":1,"reachRcvd":0,"audience":26032,"voice":0,"conversation":0,"engagement":1,"group_scoped":{"audienceScore":2.10983424930765,"voiceScore":0,"engagementScore":20,"combinedScore":17.444262035615377,"engagementSEI":25,"engagementSEIadj":25,"voiceSEI":0,"voiceSEIadj":0,"audienceSEI":4.6983063572965245,"audienceSEIadj":4.6983063572965245,"SEI":15.469830635729652,"SEIadj":15.469830635729652,"combinedScoreRank":8,"SEIrank":3,"engagementSEIrank":3,"voiceSEIrank":147,"audienceSEIrank":94},"non_scoped":{"SEI":9.041259207158223,"SEIrank":3,"SEIadj":0,"audienceSEI":4.6983063572965245,"audienceSEIadj":0,"audienceSEIrank":22,"audienceScore":0.7603616508073001,"combinedScore":7.538018082540364,"combinedScoreRank":3,"engagementSEI":14.285714285714285,"engagementSEIadj":0,"engagementSEIrank":3,"engagementScore":8.333333333333332,"voiceSEI":0,"voiceSEIadj":0,"voiceSEIrank":147,"voiceScore":0},"scoped":{"SEI":62.23329873115826,"SEIrank":1,"SEIadj":0,"audienceSEI":22.332987311582578,"audienceSEIadj":0,"audienceSEIrank":16,"audienceScore":1.207103137948815,"combinedScore":85.88672901970696,"combinedScoreRank":1,"engagementSEI":100,"engagementSEIadj":0,"engagementSEIrank":1,"engagementScore":100,"voiceSEI":0,"voiceSEIadj":0,"voiceSEIrank":131,"voiceScore":0}},"instagram":{"entityString":"536575feb08f37d80186a0c3","type":"instagram","profiles":0,"postsMade":0,"repliesMade":0,"repliesRcvd":0,"sharesMade":0,"sharesRcvd":0,"mentionsRcvd":0,"likesRcvd":0,"reachRcvd":0,"audience":0,"voice":0,"conversation":0,"engagement":0,"group_scoped":{"audienceScore":0,"voiceScore":0,"engagementScore":0,"combinedScore":0,"engagementSEI":0,"engagementSEIadj":0,"voiceSEI":0,"voiceSEIadj":0,"audienceSEI":0,"audienceSEIadj":0,"SEI":0,"SEIadj":0,"combinedScoreRank":167,"SEIrank":149,"engagementSEIrank":148,"voiceSEIrank":147,"audienceSEIrank":149},"non_scoped":{"SEI":0,"SEIrank":149,"SEIadj":0,"audienceSEI":0,"audienceSEIadj":0,"audienceSEIrank":149,"audienceScore":0,"combinedScore":0,"combinedScoreRank":149,"engagementSEI":0,"engagementSEIadj":0,"engagementSEIrank":148,"engagementScore":0,"voiceSEI":0,"voiceSEIadj":0,"voiceSEIrank":147,"voiceScore":0},"scoped":{"SEI":0,"SEIrank":131,"SEIadj":0,"audienceSEI":0,"audienceSEIadj":0,"audienceSEIrank":131,"audienceScore":0,"combinedScore":0,"combinedScoreRank":131,"engagementSEI":0,"engagementSEIadj":0,"engagementSEIrank":131,"engagementScore":0,"voiceSEI":0,"voiceSEIadj":0,"voiceSEIrank":131,"voiceScore":0}}},"hour":{"boundaryQuantum":4984410,"combined":{"entityString":"536575feb08f37d80186a0c3","type":"combined","profiles":2,"postsMade":0,"repliesMade":0,"repliesRcvd":5,"sharesMade":0,"sharesRcvd":0,"mentionsRcvd":0,"likesRcvd":87,"reachRcvd":0,"audience":71654,"voice":0,"conversation":5,"engagement":92,"group_scoped":{"audienceScore":1.8194680593898103,"voiceScore":0,"engagementScore":2.3729687903017798,"combinedScore":2.2938972573143555,"combinedScoreRank":30,"SEIrank":25,"engagementSEIrank":16,"voiceSEIrank":150,"audienceSEIrank":48,"engagementSEI":2.514348182563542,"engagementSEIadj":2.514348182563542,"voiceSEI":0,"voiceSEIadj":0,"audienceSEI":2.8500991214309126,"audienceSEIadj":2.8500991214309126,"SEI":1.7936188216812166,"SEIadj":1.7936188216812166},"non_scoped":{"SEI":1.1116047010020311,"SEIrank":14,"SEIadj":0,"audienceSEI":2.8500991214309126,"audienceSEIadj":0,"audienceSEIrank":22,"audienceScore":0.5277056513936138,"combinedScore":0.6097303579536457,"combinedScoreRank":8,"engagementSEI":1.3776579814315664,"engagementSEIadj":0,"engagementSEIrank":8,"engagementScore":0.6481611948710723,"voiceSEI":0,"voiceSEIadj":0,"voiceSEIrank":150,"voiceScore":0},"scoped":{"SEI":8.318583675379141,"SEIrank":10,"SEIadj":0,"audienceSEI":37.41469247518445,"audienceSEIadj":0,"audienceSEIrank":14,"audienceScore":1.5247624408030462,"combinedScore":5.064189929269068,"combinedScoreRank":2,"engagementSEI":7.628524046434494,"engagementSEIadj":0,"engagementSEIrank":2,"engagementScore":5.542168674698795,"voiceSEI":0,"voiceSEIadj":0,"voiceSEIrank":132,"voiceScore":0}},"facebook":{"entityString":"536575feb08f37d80186a0c3","type":"facebook","profiles":1,"postsMade":0,"repliesMade":0,"repliesRcvd":5,"sharesMade":0,"sharesRcvd":0,"mentionsRcvd":0,"likesRcvd":69,"reachRcvd":0,"audience":45622,"voice":0,"conversation":5,"engagement":74,"group_scoped":{"audienceScore":1.7652683016673352,"voiceScore":0,"engagementScore":2.141823444283647,"combinedScore":2.0880298524813163,"combinedScoreRank":29,"SEIrank":19,"engagementSEIrank":16,"voiceSEIrank":149,"audienceSEIrank":38,"engagementSEI":2.2574740695546063,"engagementSEIadj":2.2574740695546063,"voiceSEI":0,"voiceSEIadj":0,"audienceSEI":2.479327165539189,"audienceSEIadj":2.479327165539189,"SEI":1.6024171582866826,"SEIadj":1.6024171582866826},"non_scoped":{"SEI":0.9404923796330018,"SEIrank":8,"SEIadj":0,"audienceSEI":2.479327165539189,"audienceSEIadj":0,"audienceSEIrank":20,"audienceScore":0.47571727240971207,"combinedScore":0.5725663514253637,"combinedScoreRank":7,"engagementSEI":1.1542661051318048,"engagementSEIadj":0,"engagementSEIrank":7,"engagementScore":0.6097560975609756,"voiceSEI":0,"voiceSEIadj":0,"voiceSEIrank":149,"voiceScore":0},"scoped":{"SEI":63.20376963644918,"SEIrank":1,"SEIadj":0,"audienceSEI":32.03769636449182,"audienceSEIadj":0,"audienceSEIrank":12,"audienceScore":1.9611088161345498,"combinedScore":18.546808903410607,"combinedScoreRank":1,"engagementSEI":100,"engagementSEIadj":0,"engagementSEIrank":1,"engagementScore":20.498614958448755,"voiceSEI":0,"voiceSEIadj":0,"voiceSEIrank":131,"voiceScore":0}},"twitter":{"entityString":"536575feb08f37d80186a0c3","type":"twitter","profiles":1,"postsMade":0,"repliesMade":0,"repliesRcvd":0,"sharesMade":0,"sharesRcvd":0,"mentionsRcvd":0,"likesRcvd":18,"reachRcvd":0,"audience":26032,"voice":0,"conversation":0,"engagement":18,"group_scoped":{"audienceScore":2.10983424930765,"voiceScore":0,"engagementScore":18.556701030927837,"combinedScore":16.207148633553523,"combinedScoreRank":16,"SEIrank":16,"engagementSEIrank":11,"voiceSEIrank":150,"audienceSEIrank":94,"engagementSEI":32.142857142857146,"engagementSEIadj":32.142857142857146,"voiceSEI":0,"voiceSEIadj":0,"audienceSEI":4.6983063572965245,"audienceSEIadj":4.6983063572965245,"SEI":19.755544921443942,"SEIadj":19.755544921443942},"non_scoped":{"SEI":19.755544921443942,"SEIrank":5,"SEIadj":0,"audienceSEI":4.6983063572965245,"audienceSEIadj":0,"audienceSEIrank":22,"audienceScore":0.7603616508073001,"combinedScore":8.097719575077678,"combinedScoreRank":3,"engagementSEI":32.142857142857146,"engagementSEIadj":0,"engagementSEIrank":3,"engagementScore":8.955223880597014,"voiceSEI":0,"voiceSEIadj":0,"voiceSEIrank":150,"voiceScore":0},"scoped":{"SEI":62.23329873115826,"SEIrank":2,"SEIadj":0,"audienceSEI":22.332987311582578,"audienceSEIadj":0,"audienceSEIrank":16,"audienceScore":1.207103137948815,"combinedScore":16.590967401795403,"combinedScoreRank":1,"engagementSEI":100,"engagementSEIadj":0,"engagementSEIrank":1,"engagementScore":18.367346938775512,"voiceSEI":0,"voiceSEIadj":0,"voiceSEIrank":132,"voiceScore":0}},"instagram":{"entityString":"536575feb08f37d80186a0c3","type":"instagram","profiles":0,"postsMade":0,"repliesMade":0,"repliesRcvd":0,"sharesMade":0,"sharesRcvd":0,"mentionsRcvd":0,"likesRcvd":0,"reachRcvd":0,"audience":0,"voice":0,"conversation":0,"engagement":0,"group_scoped":{"audienceScore":0,"voiceScore":0,"engagementScore":0,"combinedScore":0,"combinedScoreRank":167,"SEIrank":149,"engagementSEIrank":148,"voiceSEIrank":147,"audienceSEIrank":149,"engagementSEI":0,"engagementSEIadj":0,"voiceSEI":0,"voiceSEIadj":0,"audienceSEI":0,"audienceSEIadj":0,"SEI":0,"SEIadj":0},"non_scoped":{"SEI":0,"SEIrank":149,"SEIadj":0,"audienceSEI":0,"audienceSEIadj":0,"audienceSEIrank":149,"audienceScore":0,"combinedScore":0,"combinedScoreRank":149,"engagementSEI":0,"engagementSEIadj":0,"engagementSEIrank":148,"engagementScore":0,"voiceSEI":0,"voiceSEIadj":0,"voiceSEIrank":147,"voiceScore":0},"scoped":{"SEI":0,"SEIrank":131,"SEIadj":0,"audienceSEI":0,"audienceSEIadj":0,"audienceSEIrank":131,"audienceScore":0,"combinedScore":0,"combinedScoreRank":131,"engagementSEI":0,"engagementSEIadj":0,"engagementSEIrank":131,"engagementScore":0,"voiceSEI":0,"voiceSEIadj":0,"voiceSEIrank":131,"voiceScore":0}}},"today":{"boundaryQuantum":4984134,"combined":{"entityString":"536575feb08f37d80186a0c3","type":"combined","profiles":2,"postsMade":19,"repliesMade":0,"repliesRcvd":616,"sharesMade":0,"sharesRcvd":93,"mentionsRcvd":0,"likesRcvd":3337,"reachRcvd":0,"audience":71654,"voice":19,"conversation":635,"engagement":4046,"group_scoped":{"audienceScore":1.8194680593898103,"voiceScore":8.636363636363637,"engagementScore":3.7904835068061944,"combinedScore":3.9342267409132474,"combinedScoreRank":15,"SEIrank":16,"engagementSEIrank":13,"voiceSEIrank":14,"audienceSEIrank":48,"engagementSEI":4.193224098083719,"engagementSEIadj":4.193224098083719,"voiceSEI":20.87912087912088,"voiceSEIadj":20.87912087912088,"audienceSEI":2.8500991214309126,"audienceSEIadj":2.8500991214309126,"SEI":9.064680634729587,"SEIadj":9.064680634729587},"non_scoped":{"SEI":7.79180148252117,"SEIrank":11,"SEIadj":0,"audienceSEI":2.8500991214309126,"audienceSEIadj":0,"audienceSEIrank":22,"audienceScore":0.5277056513936138,"combinedScore":1.1148153535125809,"combinedScoreRank":8,"engagementSEI":2.0717588444030253,"engagementSEIadj":0,"engagementSEIrank":8,"engagementScore":1.0795321138124612,"voiceSEI":20.87912087912088,"voiceSEIadj":0,"voiceSEIrank":11,"voiceScore":2.337023370233702},"scoped":{"SEI":37.049417095764056,"SEIrank":3,"SEIadj":0,"audienceSEI":37.41469247518445,"audienceSEIadj":0,"audienceSEIrank":14,"audienceScore":1.5247624408030462,"combinedScore":10.05856133462282,"combinedScoreRank":2,"engagementSEI":22.75462572408751,"engagementSEIadj":0,"engagementSEIrank":2,"engagementScore":10.815868263473053,"voiceSEI":65.51724137931035,"voiceSEIadj":0,"voiceSEIrank":3,"voiceScore":4.960835509138381}},"facebook":{"entityString":"536575feb08f37d80186a0c3","type":"facebook","profiles":1,"postsMade":2,"repliesMade":0,"repliesRcvd":616,"sharesMade":0,"sharesRcvd":74,"mentionsRcvd":0,"likesRcvd":2818,"reachRcvd":0,"audience":45622,"voice":2,"conversation":618,"engagement":3508,"group_scoped":{"audienceScore":1.7652683016673352,"voiceScore":2.7777777777777777,"engagementScore":3.579007508978126,"combinedScore":3.448259062052569,"combinedScoreRank":15,"SEIrank":20,"engagementSEIrank":12,"voiceSEIrank":27,"audienceSEIrank":38,"engagementSEI":3.9171458880017864,"engagementSEIadj":3.9171458880017864,"voiceSEI":5.128205128205128,"voiceSEIadj":5.128205128205128,"audienceSEI":2.479327165539189,"audienceSEIadj":2.479327165539189,"SEI":4.13668178781653,"SEIadj":4.13668178781653},"non_scoped":{"SEI":2.907089418263812,"SEIrank":15,"SEIadj":0,"audienceSEI":2.479327165539189,"audienceSEIadj":0,"audienceSEIrank":20,"audienceScore":0.47571727240971207,"combinedScore":1.0023308382621803,"combinedScoreRank":7,"engagementSEI":1.867825272080591,"engagementSEIadj":0,"engagementSEIrank":7,"engagementScore":1.0494792991105752,"voiceSEI":5.128205128205128,"voiceSEIadj":0,"voiceSEIrank":24,"voiceScore":0.6802721088435374},"scoped":{"SEI":68.20376963644918,"SEIrank":1,"SEIadj":0,"audienceSEI":32.03769636449182,"audienceSEIadj":0,"audienceSEIrank":12,"audienceScore":1.9611088161345498,"combinedScore":21.226068801248203,"combinedScoreRank":1,"engagementSEI":100,"engagementSEIadj":0,"engagementSEIrank":1,"engagementScore":23.349307774227903,"voiceSEI":16.666666666666664,"voiceSEIadj":0,"voiceSEIrank":16,"voiceScore":2.272727272727273}},"twitter":{"entityString":"536575feb08f37d80186a0c3","type":"twitter","profiles":1,"postsMade":17,"repliesMade":0,"repliesRcvd":0,"sharesMade":0,"sharesRcvd":19,"mentionsRcvd":0,"likesRcvd":519,"reachRcvd":0,"audience":26032,"voice":17,"conversation":17,"engagement":538,"group_scoped":{"audienceScore":2.10983424930765,"voiceScore":11.805555555555555,"engagementScore":15.931299970387919,"combinedScore":15.033939463592287,"combinedScoreRank":14,"SEIrank":18,"engagementSEIrank":19,"voiceSEIrank":13,"audienceSEIrank":94,"engagementSEI":33.921815889029006,"engagementSEIadj":33.921815889029006,"voiceSEI":35.41666666666667,"voiceSEIadj":35.41666666666667,"audienceSEI":4.6983063572965245,"audienceSEIadj":4.6983063572965245,"SEI":31.447920169147057,"SEIadj":31.447920169147057},"non_scoped":{"SEI":31.447920169147057,"SEIrank":3,"SEIadj":0,"audienceSEI":4.6983063572965245,"audienceSEIadj":0,"audienceSEIrank":22,"audienceScore":0.7603616508073001,"combinedScore":7.871835746358029,"combinedScoreRank":3,"engagementSEI":33.921815889029006,"engagementSEIadj":0,"engagementSEIrank":2,"engagementScore":8.515352959797404,"voiceSEI":35.41666666666667,"voiceSEIadj":0,"voiceSEIrank":7,"voiceScore":3.4000000000000004},"scoped":{"SEI":81.84868334654287,"SEIrank":1,"SEIadj":0,"audienceSEI":22.332987311582578,"audienceSEIadj":0,"audienceSEIrank":16,"audienceScore":1.207103137948815,"combinedScore":13.820157584165145,"combinedScoreRank":1,"engagementSEI":100,"engagementSEIadj":0,"engagementSEIrank":1,"engagementScore":14.965229485396383,"voiceSEI":65.38461538461539,"voiceSEIadj":0,"voiceSEIrank":2,"voiceScore":5.821917808219178}},"instagram":{"entityString":"536575feb08f37d80186a0c3","type":"instagram","profiles":0,"postsMade":0,"repliesMade":0,"repliesRcvd":0,"sharesMade":0,"sharesRcvd":0,"mentionsRcvd":0,"likesRcvd":0,"reachRcvd":0,"audience":0,"voice":0,"conversation":0,"engagement":0,"group_scoped":{"audienceScore":0,"voiceScore":0,"engagementScore":0,"combinedScore":0,"combinedScoreRank":167,"SEIrank":149,"engagementSEIrank":149,"voiceSEIrank":149,"audienceSEIrank":149,"engagementSEI":0,"engagementSEIadj":0,"voiceSEI":0,"voiceSEIadj":0,"audienceSEI":0,"audienceSEIadj":0,"SEI":0,"SEIadj":0},"non_scoped":{"SEI":0,"SEIrank":149,"SEIadj":0,"audienceSEI":0,"audienceSEIadj":0,"audienceSEIrank":149,"audienceScore":0,"combinedScore":0,"combinedScoreRank":149,"engagementSEI":0,"engagementSEIadj":0,"engagementSEIrank":149,"engagementScore":0,"voiceSEI":0,"voiceSEIadj":0,"voiceSEIrank":149,"voiceScore":0},"scoped":{"SEI":0,"SEIrank":131,"SEIadj":0,"audienceSEI":0,"audienceSEIadj":0,"audienceSEIrank":131,"audienceScore":0,"combinedScore":0,"combinedScoreRank":131,"engagementSEI":0,"engagementSEIadj":0,"engagementSEIrank":131,"engagementScore":0,"voiceSEI":0,"voiceSEIadj":0,"voiceSEIrank":131,"voiceScore":0}}},"week":{"boundaryQuantum":4982406,"combined":{"entityString":"536575feb08f37d80186a0c3","type":"combined","profiles":2,"postsMade":40,"repliesMade":0,"repliesRcvd":1842,"sharesMade":0,"sharesRcvd":224,"mentionsRcvd":0,"likesRcvd":12436,"reachRcvd":0,"audience":71654,"voice":40,"conversation":1882,"engagement":14502,"group_scoped":{"audienceScore":1.8194680593898103,"voiceScore":1.8165304268846505,"engagementScore":1.7852526461181648,"combinedScore":1.7885273058200712,"combinedScoreRank":22,"SEIrank":38,"engagementSEIrank":20,"voiceSEIrank":55,"audienceSEIrank":48,"engagementSEI":1.9735821427696563,"engagementSEIadj":1.9735821427696563,"voiceSEI":4.651162790697675,"voiceSEIadj":4.651162790697675,"audienceSEI":2.8500991214309126,"audienceSEIadj":2.8500991214309126,"SEI":2.8645080350141874,"SEIadj":2.8645080350141874},"non_scoped":{"SEI":2.570705650246915,"SEIrank":24,"SEIadj":0,"audienceSEI":2.8500991214309126,"audienceSEIadj":0,"audienceSEIrank":22,"audienceScore":0.5277056513936138,"combinedScore":0.5925090297030629,"combinedScoreRank":9,"engagementSEI":1.4839115014908695,"engagementSEIadj":0,"engagementSEIrank":9,"engagementScore":0.6048218086182311,"voiceSEI":4.651162790697675,"voiceSEIadj":0,"voiceSEIrank":40,"voiceScore":0.43568238753948374},"scoped":{"SEI":38.084318532001966,"SEIrank":4,"SEIadj":0,"audienceSEI":37.41469247518445,"audienceSEIadj":0,"audienceSEIrank":14,"audienceScore":1.5247624408030462,"combinedScore":6.461223217261626,"combinedScoreRank":2,"engagementSEI":48.229073131796866,"engagementSEIadj":0,"engagementSEIrank":2,"engagementScore":7.043703797247019,"voiceSEI":18.01801801801802,"voiceSEIadj":0,"voiceSEIrank":30,"voiceScore":0.9130335539831089}},"facebook":{"entityString":"536575feb08f37d80186a0c3","type":"facebook","profiles":1,"postsMade":7,"repliesMade":0,"repliesRcvd":1842,"sharesMade":0,"sharesRcvd":166,"mentionsRcvd":0,"likesRcvd":11142,"reachRcvd":0,"audience":45622,"voice":7,"conversation":1849,"engagement":13150,"group_scoped":{"audienceScore":1.7652683016673352,"voiceScore":0.782122905027933,"engagementScore":1.8048732951496262,"combinedScore":1.7517555259694273,"combinedScoreRank":20,"SEIrank":38,"engagementSEIrank":19,"voiceSEIrank":68,"audienceSEIrank":38,"engagementSEI":1.978279543686881,"engagementSEIadj":1.978279543686881,"voiceSEI":2.095808383233533,"voiceSEIadj":2.095808383233533,"audienceSEI":2.479327165539189,"audienceSEIadj":2.479327165539189,"SEI":2.063642957736107,"SEIadj":2.063642957736107},"non_scoped":{"SEI":1.6314616981581795,"SEIrank":27,"SEIadj":0,"audienceSEI":2.479327165539189,"audienceSEIadj":0,"audienceSEIrank":20,"audienceScore":0.47571727240971207,"combinedScore":0.5784824627583591,"combinedScoreRank":8,"engagementSEI":1.415296394276821,"engagementSEIadj":0,"engagementSEIrank":8,"engagementScore":0.6043156871620831,"voiceSEI":1.7811704834605597,"voiceSEIadj":0,"voiceSEIrank":61,"voiceScore":0.2162496138399753},"scoped":{"SEI":65.59013327281282,"SEIrank":2,"SEIadj":0,"audienceSEI":32.03769636449182,"audienceSEIadj":0,"audienceSEIrank":12,"audienceScore":1.9611088161345498,"combinedScore":8.893928580090279,"combinedScoreRank":1,"engagementSEI":100,"engagementSEIadj":0,"engagementSEIrank":1,"engagementScore":9.740235691482663,"voiceSEI":7.954545454545454,"voiceSEIadj":0,"voiceSEIrank":52,"voiceScore":0.5932203389830508}},"twitter":{"entityString":"536575feb08f37d80186a0c3","type":"twitter","profiles":1,"postsMade":33,"repliesMade":0,"repliesRcvd":0,"sharesMade":0,"sharesRcvd":58,"mentionsRcvd":0,"likesRcvd":1294,"reachRcvd":0,"audience":26032,"voice":33,"conversation":33,"engagement":1352,"group_scoped":{"audienceScore":2.10983424930765,"voiceScore":2.6107594936708862,"engagementScore":4.621432233806187,"combinedScore":4.395318697574496,"combinedScoreRank":32,"SEIrank":44,"engagementSEIrank":35,"voiceSEIrank":55,"audienceSEIrank":94,"engagementSEI":8.665000320451195,"engagementSEIadj":8.665000320451195,"voiceSEI":6.832298136645963,"voiceSEIadj":6.832298136645963,"audienceSEI":4.6983063572965245,"audienceSEIadj":4.6983063572965245,"SEI":7.718520268994158,"SEIadj":7.718520268994158},"non_scoped":{"SEI":7.718520268994158,"SEIrank":18,"SEIadj":0,"audienceSEI":4.6983063572965245,"audienceSEIadj":0,"audienceSEIrank":22,"audienceScore":0.7603616508073001,"combinedScore":2.0508096594299206,"combinedScoreRank":7,"engagementSEI":8.665000320451195,"engagementSEIadj":0,"engagementSEIrank":7,"engagementScore":2.2044676341105496,"voiceSEI":6.832298136645963,"voiceSEIadj":0,"voiceSEIrank":35,"voiceScore":0.5754141238012206},"scoped":{"SEI":39.25904398861083,"SEIrank":5,"SEIadj":0,"audienceSEI":22.332987311582578,"audienceSEIadj":0,"audienceSEIrank":16,"audienceScore":1.207103137948815,"combinedScore":4.2887832221011,"combinedScoreRank":2,"engagementSEI":51.52439024390244,"engagementSEIadj":0,"engagementSEIrank":2,"engagementScore":4.639829781392636,"voiceSEI":20.37037037037037,"voiceSEIadj":0,"voiceSEIrank":25,"voiceScore":1.0516252390057361}},"instagram":{"entityString":"536575feb08f37d80186a0c3","type":"instagram","profiles":0,"postsMade":0,"repliesMade":0,"repliesRcvd":0,"sharesMade":0,"sharesRcvd":0,"mentionsRcvd":0,"likesRcvd":0,"reachRcvd":0,"audience":0,"voice":0,"conversation":0,"engagement":0,"group_scoped":{"audienceScore":0,"voiceScore":0,"engagementScore":0,"combinedScore":0,"combinedScoreRank":167,"SEIrank":149,"engagementSEIrank":149,"voiceSEIrank":149,"audienceSEIrank":149,"engagementSEI":0,"engagementSEIadj":0,"voiceSEI":0,"voiceSEIadj":0,"audienceSEI":0,"audienceSEIadj":0,"SEI":0,"SEIadj":0},"non_scoped":{"SEI":0,"SEIrank":149,"SEIadj":0,"audienceSEI":0,"audienceSEIadj":0,"audienceSEIrank":149,"audienceScore":0,"combinedScore":0,"combinedScoreRank":149,"engagementSEI":0,"engagementSEIadj":0,"engagementSEIrank":149,"engagementScore":0,"voiceSEI":0,"voiceSEIadj":0,"voiceSEIrank":149,"voiceScore":0},"scoped":{"SEI":0,"SEIrank":131,"SEIadj":0,"audienceSEI":0,"audienceSEIadj":0,"audienceSEIrank":131,"audienceScore":0,"combinedScore":0,"combinedScoreRank":131,"engagementSEI":0,"engagementSEIadj":0,"engagementSEIrank":131,"engagementScore":0,"voiceSEI":0,"voiceSEIadj":0,"voiceSEIrank":131,"voiceScore":0}}},"month":{"boundaryQuantum":4975782,"combined":{"entityString":"536575feb08f37d80186a0c3","type":"combined","profiles":2,"postsMade":114,"repliesMade":0,"repliesRcvd":4755,"sharesMade":0,"sharesRcvd":536,"mentionsRcvd":0,"likesRcvd":27116,"reachRcvd":0,"audience":71654,"voice":114,"conversation":4869,"engagement":32407,"group_scoped":{"audienceScore":1.8194680593898103,"voiceScore":1.2219959266802443,"engagementScore":1.0443639569879444,"combinedScore":1.0920007605926527,"combinedScoreRank":35,"SEIrank":57,"engagementSEIrank":30,"voiceSEIrank":73,"audienceSEIrank":48,"engagementSEI":1.197018000517857,"engagementSEIadj":1.197018000517857,"voiceSEI":3.1500414479137886,"voiceSEIadj":3.1500414479137886,"audienceSEI":2.8500991214309126,"audienceSEIadj":2.8500991214309126,"SEI":1.948233146827942,"SEIadj":1.948233146827942},"non_scoped":{"SEI":1.7665854748213867,"SEIrank":40,"SEIadj":0,"audienceSEI":2.8500991214309126,"audienceSEIadj":0,"audienceSEIrank":22,"audienceScore":0.5277056513936138,"combinedScore":0.35846716928139943,"combinedScoreRank":17,"engagementSEI":0.8942718805069315,"engagementSEIadj":0,"engagementSEIrank":14,"engagementScore":0.35220949590797057,"voiceSEI":3.1500414479137886,"voiceSEIadj":0,"voiceSEIrank":60,"voiceScore":0.3018668078909043},"scoped":{"SEI":25.32837050743963,"SEIrank":11,"SEIadj":0,"audienceSEI":37.41469247518445,"audienceSEIadj":0,"audienceSEIrank":14,"audienceScore":1.5247624408030462,"combinedScore":3.182278138651799,"combinedScoreRank":7,"engagementSEI":29.97816876653531,"engagementSEIadj":0,"engagementSEIrank":7,"engagementScore":3.4157935788519507,"voiceSEI":12,"voiceSEIadj":0,"voiceSEIrank":50,"voiceScore":0.6365159128978224}},"facebook":{"entityString":"536575feb08f37d80186a0c3","type":"facebook","profiles":1,"postsMade":25,"repliesMade":0,"repliesRcvd":4755,"sharesMade":0,"sharesRcvd":412,"mentionsRcvd":0,"likesRcvd":25088,"reachRcvd":0,"audience":45622,"voice":25,"conversation":4780,"engagement":30255,"group_scoped":{"audienceScore":1.7652683016673352,"voiceScore":0.6745817593092283,"engagementScore":1.1023793613304778,"combinedScore":1.1141339282462581,"combinedScoreRank":30,"SEIrank":51,"engagementSEIrank":25,"voiceSEIrank":79,"audienceSEIrank":38,"engagementSEI":1.2604448614218884,"engagementSEIadj":1.2604448614218884,"voiceSEI":1.7313019390581719,"voiceSEIadj":1.7313019390581719,"audienceSEI":2.479327165539189,"audienceSEIadj":2.479327165539189,"SEI":1.5235902151245035,"SEIadj":1.5235902151245035},"non_scoped":{"SEI":1.2559109743075856,"SEIrank":36,"SEIadj":0,"audienceSEI":2.479327165539189,"audienceSEIadj":0,"audienceSEIrank":20,"audienceScore":0.47571727240971207,"combinedScore":0.36220541624574226,"combinedScoreRank":15,"engagementSEI":0.8832779757972201,"engagementSEIadj":0,"engagementSEIrank":11,"engagementScore":0.3658280452207235,"voiceSEI":1.5933715742511154,"voiceSEIadj":0,"voiceSEIrank":69,"voiceScore":0.1834862385321101},"scoped":{"SEI":25.254823449252367,"SEIrank":11,"SEIadj":0,"audienceSEI":32.03769636449182,"audienceSEIadj":0,"audienceSEIrank":12,"audienceScore":1.9611088161345498,"combinedScore":4.141811512424408,"combinedScoreRank":6,"engagementSEI":32.666789034410534,"engagementSEIadj":0,"engagementSEIrank":4,"engagementScore":4.464648044659762,"voiceSEI":8.169934640522875,"voiceSEIadj":0,"voiceSEIrank":60,"voiceScore":0.5114566284779051}},"twitter":{"entityString":"536575feb08f37d80186a0c3","type":"twitter","profiles":1,"postsMade":89,"repliesMade":0,"repliesRcvd":0,"sharesMade":0,"sharesRcvd":124,"mentionsRcvd":0,"likesRcvd":2028,"reachRcvd":0,"audience":26032,"voice":89,"conversation":89,"engagement":2152,"group_scoped":{"audienceScore":2.10983424930765,"voiceScore":1.636029411764706,"engagementScore":1.9709847596717467,"combinedScore":1.9611794667581899,"combinedScoreRank":73,"SEIrank":82,"engagementSEIrank":78,"voiceSEIrank":74,"audienceSEIrank":94,"engagementSEI":3.733971856401715,"engagementSEIadj":3.733971856401715,"voiceSEI":4.467871485943775,"voiceSEIadj":4.467871485943775,"audienceSEI":4.6983063572965245,"audienceSEIadj":4.6983063572965245,"SEI":4.050575195353813,"SEIadj":4.050575195353813},"non_scoped":{"SEI":4.050575195353813,"SEIrank":33,"SEIadj":0,"audienceSEI":4.6983063572965245,"audienceSEIadj":0,"audienceSEIrank":22,"audienceScore":0.7603616508073001,"combinedScore":0.8598989439952025,"combinedScoreRank":21,"engagementSEI":3.733971856401715,"engagementSEIadj":0,"engagementSEIrank":18,"engagementScore":0.8919874491728806,"voiceSEI":4.467871485943775,"voiceSEIadj":0,"voiceSEIrank":55,"voiceScore":0.3818431439848979},"scoped":{"SEI":19.116757764758187,"SEIrank":18,"SEIadj":0,"audienceSEI":22.332987311582578,"audienceSEIadj":0,"audienceSEIrank":16,"audienceScore":1.207103137948815,"combinedScore":1.724707563834712,"combinedScoreRank":13,"engagementSEI":21.22916050113446,"engagementSEIadj":0,"engagementSEIrank":11,"engagementScore":1.8106248001750047,"voiceSEI":13.819875776397517,"voiceSEIadj":0,"voiceSEIrank":45,"voiceScore":0.6958017355953405}},"instagram":{"entityString":"536575feb08f37d80186a0c3","type":"instagram","profiles":0,"postsMade":0,"repliesMade":0,"repliesRcvd":0,"sharesMade":0,"sharesRcvd":0,"mentionsRcvd":0,"likesRcvd":0,"reachRcvd":0,"audience":0,"voice":0,"conversation":0,"engagement":0,"group_scoped":{"audienceScore":0,"voiceScore":0,"engagementScore":0,"combinedScore":0,"combinedScoreRank":167,"SEIrank":149,"engagementSEIrank":149,"voiceSEIrank":149,"audienceSEIrank":149,"engagementSEI":0,"engagementSEIadj":0,"voiceSEI":0,"voiceSEIadj":0,"audienceSEI":0,"audienceSEIadj":0,"SEI":0,"SEIadj":0},"non_scoped":{"SEI":0,"SEIrank":149,"SEIadj":0,"audienceSEI":0,"audienceSEIadj":0,"audienceSEIrank":149,"audienceScore":0,"combinedScore":0,"combinedScoreRank":149,"engagementSEI":0,"engagementSEIadj":0,"engagementSEIrank":149,"engagementScore":0,"voiceSEI":0,"voiceSEIadj":0,"voiceSEIrank":149,"voiceScore":0},"scoped":{"SEI":0,"SEIrank":131,"SEIadj":0,"audienceSEI":0,"audienceSEIadj":0,"audienceSEIrank":131,"audienceScore":0,"combinedScore":0,"combinedScoreRank":131,"engagementSEI":0,"engagementSEIadj":0,"engagementSEIrank":131,"engagementScore":0,"voiceSEI":0,"voiceSEIadj":0,"voiceSEIrank":131,"voiceScore":0}}},"quarter":{"boundaryQuantum":4958502,"combined":{"entityString":"536575feb08f37d80186a0c3","type":"combined","profiles":2,"postsMade":269,"repliesMade":0,"repliesRcvd":10822,"sharesMade":0,"sharesRcvd":1881,"mentionsRcvd":0,"likesRcvd":77063,"reachRcvd":0,"audience":71654,"voice":269,"conversation":11091,"engagement":89766,"group_scoped":{"audienceScore":1.8194680593898103,"voiceScore":0.9537654233442066,"engagementScore":0.9324552192239969,"combinedScore":0.977871371438298,"combinedScoreRank":35,"SEIrank":71,"engagementSEIrank":31,"voiceSEIrank":93,"audienceSEIrank":48,"engagementSEI":1.0580950352421343,"engagementSEIadj":1.0580950352421343,"voiceSEI":2.5121404557340306,"voiceSEIadj":2.5121404557340306,"audienceSEI":2.8500991214309126,"audienceSEIadj":2.8500991214309126,"SEI":1.6735090700085808,"SEIadj":1.6735090700085808},"non_scoped":{"SEI":1.5084786792811107,"SEIrank":47,"SEIadj":0,"audienceSEI":2.8500991214309126,"audienceSEIadj":0,"audienceSEIrank":22,"audienceScore":0.5277056513936138,"combinedScore":0.31128632364889236,"combinedScoreRank":17,"engagementSEI":0.7830443840296839,"engagementSEIadj":0,"engagementSEIrank":16,"engagementScore":0.30326330860587253,"voiceSEI":2.5121404557340306,"voiceSEIadj":0,"voiceSEIrank":74,"voiceScore":0.23928126667852695},"scoped":{"SEI":17.781573239004764,"SEIrank":16,"SEIadj":0,"audienceSEI":37.41469247518445,"audienceSEIadj":0,"audienceSEIrank":14,"audienceScore":1.5247624408030462,"combinedScore":2.7680837129763334,"combinedScoreRank":9,"engagementSEI":18.16467312451561,"engagementSEIadj":0,"engagementSEIrank":9,"engagementScore":2.9629830121779177,"voiceSEI":10.47100038925652,"voiceSEIadj":0,"voiceSEIrank":64,"voiceScore":0.5032175995211015}},"facebook":{"entityString":"536575feb08f37d80186a0c3","type":"facebook","profiles":1,"postsMade":88,"repliesMade":0,"repliesRcvd":10822,"sharesMade":0,"sharesRcvd":1469,"mentionsRcvd":0,"likesRcvd":71787,"reachRcvd":0,"audience":45622,"voice":88,"conversation":10910,"engagement":84078,"group_scoped":{"audienceScore":1.7652683016673352,"voiceScore":0.7805570338832712,"engagementScore":0.9898993252677225,"combinedScore":1.0182006595184805,"combinedScoreRank":31,"SEIrank":47,"engagementSEIrank":26,"voiceSEIrank":67,"audienceSEIrank":38,"engagementSEI":1.1166456272415952,"engagementSEIadj":1.1166456272415952,"voiceSEI":2.117930204572804,"voiceSEIadj":2.117930204572804,"audienceSEI":2.479327165539189,"audienceSEIadj":2.479327165539189,"SEI":1.553299154270717,"SEIadj":1.553299154270717},"non_scoped":{"SEI":1.2577832853058704,"SEIrank":35,"SEIadj":0,"audienceSEI":2.479327165539189,"audienceSEIadj":0,"audienceSEIrank":20,"audienceScore":0.47571727240971207,"combinedScore":0.3190155298969456,"combinedScoreRank":17,"engagementSEI":0.7592967523848925,"engagementSEIadj":0,"engagementSEIrank":14,"engagementScore":0.3159889910845614,"voiceSEI":1.8475750577367205,"voiceSEIadj":0,"voiceSEIrank":60,"voiceScore":0.21679148600709497},"scoped":{"SEI":49.320950159263774,"SEIrank":9,"SEIadj":0,"audienceSEI":32.03769636449182,"audienceSEIadj":0,"audienceSEIrank":12,"audienceScore":1.9611088161345498,"combinedScore":3.929312992314365,"combinedScoreRank":7,"engagementSEI":71.49611387948774,"engagementSEIadj":0,"engagementSEIrank":7,"engagementScore":4.223586134975119,"voiceSEI":10.731707317073171,"voiceSEIadj":0,"voiceSEIrank":51,"voiceScore":0.6006006006006006}},"twitter":{"entityString":"536575feb08f37d80186a0c3","type":"twitter","profiles":1,"postsMade":181,"repliesMade":0,"repliesRcvd":0,"sharesMade":0,"sharesRcvd":412,"mentionsRcvd":0,"likesRcvd":5276,"reachRcvd":0,"audience":26032,"voice":181,"conversation":181,"engagement":5688,"group_scoped":{"audienceScore":2.10983424930765,"voiceScore":1.1046689044858102,"engagementScore":1.4588281157829404,"combinedScore":1.4736704618943195,"combinedScoreRank":82,"SEIrank":99,"engagementSEIrank":92,"voiceSEIrank":95,"audienceSEIrank":94,"engagementSEI":2.697370916954361,"engagementSEIadj":2.697370916954361,"voiceSEI":3.0126498002663116,"voiceSEIadj":3.0126498002663116,"audienceSEI":4.6983063572965245,"audienceSEIadj":4.6983063572965245,"SEI":2.9920481259821625,"SEIadj":2.9920481259821625},"non_scoped":{"SEI":2.9920481259821625,"SEIrank":46,"SEIadj":0,"audienceSEI":4.6983063572965245,"audienceSEIadj":0,"audienceSEIrank":22,"audienceScore":0.7603616508073001,"combinedScore":0.6669599585274721,"combinedScoreRank":27,"engagementSEI":2.697370916954361,"engagementSEIadj":0,"engagementSEIrank":25,"engagementScore":0.6843777071902974,"voiceSEI":3.0126498002663116,"voiceSEIadj":0,"voiceSEIrank":74,"voiceScore":0.2600387903167876},"scoped":{"SEI":16.008713296196255,"SEIrank":28,"SEIadj":0,"audienceSEI":22.332987311582578,"audienceSEIadj":0,"audienceSEIrank":16,"audienceScore":1.207103137948815,"combinedScore":1.3610522325143808,"combinedScoreRank":19,"engagementSEI":17.894670609702384,"engagementSEIadj":0,"engagementSEIrank":17,"engagementScore":1.418871388588163,"voiceSEI":10.12870733072188,"voiceSEIadj":0,"voiceSEIrank":64,"voiceScore":0.4742565177518669}},"instagram":{"entityString":"536575feb08f37d80186a0c3","type":"instagram","profiles":0,"postsMade":0,"repliesMade":0,"repliesRcvd":0,"sharesMade":0,"sharesRcvd":0,"mentionsRcvd":0,"likesRcvd":0,"reachRcvd":0,"audience":0,"voice":0,"conversation":0,"engagement":0,"group_scoped":{"audienceScore":0,"voiceScore":0,"engagementScore":0,"combinedScore":0,"combinedScoreRank":167,"SEIrank":149,"engagementSEIrank":149,"voiceSEIrank":149,"audienceSEIrank":149,"engagementSEI":0,"engagementSEIadj":0,"voiceSEI":0,"voiceSEIadj":0,"audienceSEI":0,"audienceSEIadj":0,"SEI":0,"SEIadj":0},"non_scoped":{"SEI":0,"SEIrank":149,"SEIadj":0,"audienceSEI":0,"audienceSEIadj":0,"audienceSEIrank":149,"audienceScore":0,"combinedScore":0,"combinedScoreRank":149,"engagementSEI":0,"engagementSEIadj":0,"engagementSEIrank":149,"engagementScore":0,"voiceSEI":0,"voiceSEIadj":0,"voiceSEIrank":149,"voiceScore":0},"scoped":{"SEI":0,"SEIrank":131,"SEIadj":0,"audienceSEI":0,"audienceSEIadj":0,"audienceSEIrank":131,"audienceScore":0,"combinedScore":0,"combinedScoreRank":131,"engagementSEI":0,"engagementSEIadj":0,"engagementSEIrank":131,"engagementScore":0,"voiceSEI":0,"voiceSEIadj":0,"voiceSEIrank":131,"voiceScore":0}}},"blended":{"combined":{"non_scoped":{"SEI":2.180028930063896,"SEIadj":60.872011572025556,"SEIrank":32,"audienceSEI":2.8500991214309126,"audienceSEIadj":61.14003964857236,"audienceSEIrank":22,"engagementSEI":1.0744243667582938,"engagementSEIadj":70.32232731002749,"engagementSEIrank":9,"voiceSEI":4.16788132621943,"voiceSEIadj":61.66715253048777,"voiceSEIrank":47},"scoped":{"SEI":37.73553454360541,"SEIadj":81.32066036308163,"SEIrank":8,"compCharisma":12,"compInfluence":6,"compEva":19.73553454360541,"audienceSEI":37.41469247518445,"audienceSEIadj":81.22440774255534,"audienceSEIrank":14,"engagementSEI":29.185515102981533,"engagementSEIadj":78.75565453089446,"engagementSEIrank":2,"voiceSEI":15.716767668999184,"voiceSEIadj":66.28670706759968,"voiceSEIrank":42}},"facebook":{"non_scoped":{"SEI":1.4520712691597175,"SEIadj":60.58082850766389,"SEIrank":32,"audienceSEI":2.479327165539189,"audienceSEIadj":70.74379814966176,"audienceSEIrank":20,"engagementSEI":1.030120254449105,"engagementSEIadj":70.30903607633473,"engagementSEIrank":8,"voiceSEI":1.9535546664544519,"voiceSEIadj":60.78142186658178,"voiceSEIrank":57},"scoped":{"SEI":51.53592706068605,"SEIadj":85.46077811820581,"SEIrank":4,"audienceSEI":32.03769636449182,"audienceSEIadj":79.61130890934754,"audienceSEIrank":12,"engagementSEI":75.64807529490545,"engagementSEIadj":92.69442258847164,"engagementSEIrank":1,"voiceSEI":9.811040824311988,"voiceSEIadj":63.92441632972479,"voiceSEIrank":50}},"twitter":{"non_scoped":{"SEI":5.991562431449754,"SEIadj":62.3966249725799,"SEIrank":23,"audienceSEI":4.6983063572965245,"audienceSEIadj":61.87932254291861,"audienceSEIrank":22,"engagementSEI":6.2043721275242465,"engagementSEIadj":71.86131163825728,"engagementSEIrank":9,"voiceSEI":5.997028397351845,"voiceSEIadj":62.39881135894074,"voiceSEIrank":43},"scoped":{"SEI":26.74201767672225,"SEIadj":78.02260530301668,"SEIrank":13,"audienceSEI":22.332987311582578,"audienceSEIadj":76.69989619347477,"audienceSEIrank":16,"engagementSEI":32.58902645319209,"engagementSEIadj":79.77670793595763,"engagementSEIrank":6,"voiceSEI":16.517676912162447,"voiceSEIadj":66.60707076486497,"voiceSEIrank":41}},"instagram":{"non_scoped":{"SEI":0,"SEIadj":0,"SEIrank":149,"audienceSEI":0,"audienceSEIadj":0,"audienceSEIrank":149,"engagementSEI":0,"engagementSEIadj":0,"engagementSEIrank":149,"voiceSEI":0,"voiceSEIadj":0,"voiceSEIrank":149},"scoped":{"SEI":0,"SEIadj":0,"SEIrank":131,"audienceSEI":0,"audienceSEIadj":0,"audienceSEIrank":131,"engagementSEI":0,"engagementSEIadj":0,"engagementSEIrank":131,"voiceSEI":0,"voiceSEIadj":0,"voiceSEIrank":131}},"influence":{"instagram":{"scope":"individual","ratio":0,"calculated":false},"combined":{"ratio":1.38,"bottom":false,"scope":"individual","calculated":true},"facebook":{"ratio":1.77,"bottom":false,"scope":"individual","calculated":true},"twitter":{"ratio":1.02,"bottom":false,"scope":"individual","calculated":true}},"charisma":{"instagram":{"scope":"individual","ratio":0,"calculated":false},"combined":{"ratio":2,"bottom":false,"scope":"individual","calculated":true},"facebook":{"ratio":2,"bottom":false,"scope":"individual","calculated":true},"twitter":{"ratio":2,"bottom":false,"scope":"individual","calculated":true}}},"scope":"individual"}}