{"scoreEntityString":"591d1494ab33fb0001804f89.asset.536575feb08f37d80186a093","timeQuantum":4984422,"scoreEntityType":"asset","scoreProfileID":"591d1494ab33fb0001804f89","data":{"scoreEntityString":"591d1494ab33fb0001804f89.asset.536575feb08f37d80186a093","scoreProfileID":"591d1494ab33fb0001804f89","scoreEntityType":"asset","entityID":"asset.536575feb08f37d80186a093","object_version":"1.2","score_engine_version":"3.0.19","timestamp":4984422,"start_quantum":4958502,"end_quantum":4984421,"schedule_options":{"interval":15,"offset":"1"},"_15min":{"boundaryQuantum":4984419,"combined":{"entityString":"536575feb08f37d80186a093","type":"combined","profiles":2,"postsMade":0,"repliesMade":0,"repliesRcvd":0,"sharesMade":0,"sharesRcvd":0,"mentionsRcvd":0,"likesRcvd":0,"reachRcvd":0,"audience":16961,"voice":0,"conversation":0,"engagement":0,"group_scoped":{"audienceScore":0.7445664341497035,"voiceScore":0,"engagementScore":0,"combinedScore":0.7445664341497035,"engagementSEI":0,"engagementSEIadj":0,"voiceSEI":0,"voiceSEIadj":0,"audienceSEI":1.1534454430710308,"audienceSEIadj":1.1534454430710308,"SEI":0.11534454430710309,"SEIadj":0.11534454430710309,"combinedScoreRank":92,"SEIrank":103,"engagementSEIrank":36,"voiceSEIrank":30,"audienceSEIrank":103},"non_scoped":{"SEI":0.06746382783737086,"SEIrank":92,"SEIadj":0,"audienceSEI":0.6746382783737085,"audienceSEIadj":0,"audienceSEIrank":92,"audienceScore":0.12491159674668663,"combinedScore":0.0062455798373343314,"combinedScoreRank":92,"engagementSEI":0,"engagementSEIadj":0,"engagementSEIrank":36,"engagementScore":0,"voiceSEI":0,"voiceSEIadj":0,"voiceSEIrank":30,"voiceScore":0},"scoped":{"SEI":0.8856317847874557,"SEIrank":80,"SEIadj":0,"audienceSEI":8.856317847874557,"audienceSEIadj":0,"audienceSEIrank":80,"audienceScore":0.3609218711929616,"combinedScore":0.05156026731328023,"combinedScoreRank":80,"engagementSEI":0,"engagementSEIadj":0,"engagementSEIrank":29,"engagementScore":0,"voiceSEI":0,"voiceSEIadj":0,"voiceSEIrank":26,"voiceScore":0}},"facebook":{"entityString":"536575feb08f37d80186a093","type":"facebook","profiles":1,"postsMade":0,"repliesMade":0,"repliesRcvd":0,"sharesMade":0,"sharesRcvd":0,"mentionsRcvd":0,"likesRcvd":0,"reachRcvd":0,"audience":8209,"voice":0,"conversation":0,"engagement":0,"group_scoped":{"audienceScore":0.5335595225327991,"voiceScore":0,"engagementScore":0,"combinedScore":0.5335595225327991,"engagementSEI":0,"engagementSEIadj":0,"voiceSEI":0,"voiceSEIadj":0,"audienceSEI":0.7510796369492021,"audienceSEIadj":0.7510796369492021,"SEI":0.07510796369492022,"SEIadj":0.07510796369492022,"combinedScoreRank":87,"SEIrank":90,"engagementSEIrank":34,"voiceSEIrank":30,"audienceSEIrank":90},"non_scoped":{"SEI":0.04461180286245936,"SEIrank":93,"SEIadj":0,"audienceSEI":0.44611802862459354,"audienceSEIadj":0,"audienceSEIrank":93,"audienceScore":0.08559824403163663,"combinedScore":0.004279912201581831,"combinedScoreRank":93,"engagementSEI":0,"engagementSEIadj":0,"engagementSEIrank":34,"engagementScore":0,"voiceSEI":0,"voiceSEIadj":0,"voiceSEIrank":30,"voiceScore":0},"scoped":{"SEI":0.5764706708520306,"SEIrank":81,"SEIadj":0,"audienceSEI":5.764706708520306,"audienceSEIadj":0,"audienceSEIrank":81,"audienceScore":0.3528723482453316,"combinedScore":0.0504103354636188,"combinedScoreRank":81,"engagementSEI":0,"engagementSEIadj":0,"engagementSEIrank":27,"engagementScore":0,"voiceSEI":0,"voiceSEIadj":0,"voiceSEIrank":26,"voiceScore":0}},"twitter":{"entityString":"536575feb08f37d80186a093","type":"twitter","profiles":1,"postsMade":0,"repliesMade":0,"repliesRcvd":0,"sharesMade":0,"sharesRcvd":0,"mentionsRcvd":0,"likesRcvd":0,"reachRcvd":0,"audience":8752,"voice":0,"conversation":0,"engagement":0,"group_scoped":{"audienceScore":1.3920811071752937,"voiceScore":0,"engagementScore":0,"combinedScore":1.3920811071752937,"engagementSEI":0,"engagementSEIadj":0,"voiceSEI":0,"voiceSEIadj":0,"audienceSEI":3.2807533137407785,"audienceSEIadj":3.2807533137407785,"SEI":0.32807533137407785,"SEIadj":0.32807533137407785,"combinedScoreRank":105,"SEIrank":123,"engagementSEIrank":31,"voiceSEIrank":29,"audienceSEIrank":123},"non_scoped":{"SEI":0.1579578105372587,"SEIrank":88,"SEIadj":0,"audienceSEI":1.579578105372587,"audienceSEIadj":0,"audienceSEIrank":88,"audienceScore":0.2556348020845686,"combinedScore":0.012781740104228431,"combinedScoreRank":88,"engagementSEI":0,"engagementSEIadj":0,"engagementSEIrank":31,"engagementScore":0,"voiceSEI":0,"voiceSEIadj":0,"voiceSEIrank":29,"voiceScore":0},"scoped":{"SEI":0.7508386023009017,"SEIrank":76,"SEIadj":0,"audienceSEI":7.508386023009017,"audienceSEIadj":0,"audienceSEIrank":76,"audienceScore":0.4058300039692697,"combinedScore":0.05797571485275281,"combinedScoreRank":76,"engagementSEI":0,"engagementSEIadj":0,"engagementSEIrank":27,"engagementScore":0,"voiceSEI":0,"voiceSEIadj":0,"voiceSEIrank":26,"voiceScore":0}},"instagram":{"entityString":"536575feb08f37d80186a093","type":"instagram","profiles":0,"postsMade":0,"repliesMade":0,"repliesRcvd":0,"sharesMade":0,"sharesRcvd":0,"mentionsRcvd":0,"likesRcvd":0,"reachRcvd":0,"audience":0,"voice":0,"conversation":0,"engagement":0,"group_scoped":{"audienceScore":0,"voiceScore":0,"engagementScore":0,"combinedScore":0,"engagementSEI":0,"engagementSEIadj":0,"voiceSEI":0,"voiceSEIadj":0,"audienceSEI":0,"audienceSEIadj":0,"SEI":0,"SEIadj":0,"combinedScoreRank":73,"SEIrank":55,"engagementSEIrank":31,"voiceSEIrank":28,"audienceSEIrank":55},"non_scoped":{"SEI":0,"SEIrank":55,"SEIadj":0,"audienceSEI":0,"audienceSEIadj":0,"audienceSEIrank":55,"audienceScore":0,"combinedScore":0,"combinedScoreRank":55,"engagementSEI":0,"engagementSEIadj":0,"engagementSEIrank":31,"engagementScore":0,"voiceSEI":0,"voiceSEIadj":0,"voiceSEIrank":28,"voiceScore":0},"scoped":{"SEI":0,"SEIrank":48,"SEIadj":0,"audienceSEI":0,"audienceSEIadj":0,"audienceSEIrank":48,"audienceScore":0,"combinedScore":0,"combinedScoreRank":48,"engagementSEI":0,"engagementSEIadj":0,"engagementSEIrank":27,"engagementScore":0,"voiceSEI":0,"voiceSEIadj":0,"voiceSEIrank":26,"voiceScore":0}}},"hour":{"boundaryQuantum":4984410,"combined":{"entityString":"536575feb08f37d80186a093","type":"combined","profiles":2,"postsMade":0,"repliesMade":0,"repliesRcvd":0,"sharesMade":0,"sharesRcvd":0,"mentionsRcvd":0,"likesRcvd":1,"reachRcvd":0,"audience":16961,"voice":0,"conversation":0,"engagement":1,"group_scoped":{"audienceScore":0.7445664341497035,"voiceScore":0,"engagementScore":0.2457002457002457,"combinedScore":0.31696684405016823,"combinedScoreRank":152,"SEIrank":60,"engagementSEIrank":30,"voiceSEIrank":39,"audienceSEIrank":103,"engagementSEI":0.3184713375796179,"engagementSEIadj":0.3184713375796179,"voiceSEI":0,"voiceSEIadj":0,"audienceSEI":1.1534454430710308,"audienceSEIadj":1.1534454430710308,"SEI":0.3064273468548738,"SEIadj":0.3064273468548738},"non_scoped":{"SEI":0.0764485538032289,"SEIrank":87,"SEIadj":0,"audienceSEI":0.6746382783737085,"audienceSEIadj":0,"audienceSEIrank":92,"audienceScore":0.12491159674668663,"combinedScore":0.012586287178464387,"combinedScoreRank":66,"engagementSEI":0.01497454327643007,"engagementSEIadj":0,"engagementSEIrank":45,"engagementScore":0.0070452303790333945,"voiceSEI":0,"voiceSEIadj":0,"voiceSEIrank":39,"voiceScore":0},"scoped":{"SEI":0.9353830285685503,"SEIrank":78,"SEIadj":0,"audienceSEI":8.856317847874557,"audienceSEIadj":0,"audienceSEIrank":80,"audienceScore":0.3609218711929616,"combinedScore":0.0722629610295276,"combinedScoreRank":47,"engagementSEI":0.08291873963515754,"engagementSEIadj":0,"engagementSEIrank":37,"engagementScore":0.06024096385542169,"voiceSEI":0,"voiceSEIadj":0,"voiceSEIrank":32,"voiceScore":0}},"facebook":{"entityString":"536575feb08f37d80186a093","type":"facebook","profiles":1,"postsMade":0,"repliesMade":0,"repliesRcvd":0,"sharesMade":0,"sharesRcvd":0,"mentionsRcvd":0,"likesRcvd":0,"reachRcvd":0,"audience":8209,"voice":0,"conversation":0,"engagement":0,"group_scoped":{"audienceScore":0.5335595225327991,"voiceScore":0,"engagementScore":0,"combinedScore":0.5335595225327991,"combinedScoreRank":75,"SEIrank":94,"engagementSEIrank":65,"voiceSEIrank":34,"audienceSEIrank":90,"engagementSEI":0,"engagementSEIadj":0,"voiceSEI":0,"voiceSEIadj":0,"audienceSEI":0.7510796369492021,"audienceSEIadj":0.7510796369492021,"SEI":0.07510796369492022,"SEIadj":0.07510796369492022},"non_scoped":{"SEI":0.04461180286245936,"SEIrank":96,"SEIadj":0,"audienceSEI":0.44611802862459354,"audienceSEIadj":0,"audienceSEIrank":93,"audienceScore":0.08559824403163663,"combinedScore":0.004279912201581831,"combinedScoreRank":100,"engagementSEI":0,"engagementSEIadj":0,"engagementSEIrank":65,"engagementScore":0,"voiceSEI":0,"voiceSEIadj":0,"voiceSEIrank":34,"voiceScore":0},"scoped":{"SEI":0.5764706708520306,"SEIrank":88,"SEIadj":0,"audienceSEI":5.764706708520306,"audienceSEIadj":0,"audienceSEIrank":81,"audienceScore":0.3528723482453316,"combinedScore":0.01764361741226658,"combinedScoreRank":88,"engagementSEI":0,"engagementSEIadj":0,"engagementSEIrank":55,"engagementScore":0,"voiceSEI":0,"voiceSEIadj":0,"voiceSEIrank":27,"voiceScore":0}},"twitter":{"entityString":"536575feb08f37d80186a093","type":"twitter","profiles":1,"postsMade":0,"repliesMade":0,"repliesRcvd":0,"sharesMade":0,"sharesRcvd":0,"mentionsRcvd":0,"likesRcvd":1,"reachRcvd":0,"audience":8752,"voice":0,"conversation":0,"engagement":1,"group_scoped":{"audienceScore":1.3920811071752937,"voiceScore":0,"engagementScore":5,"combinedScore":4.484583015310756,"combinedScoreRank":44,"SEIrank":25,"engagementSEIrank":17,"voiceSEIrank":37,"audienceSEIrank":123,"engagementSEI":14.285714285714285,"engagementSEIadj":14.285714285714285,"voiceSEI":0,"voiceSEIadj":0,"audienceSEI":3.2807533137407785,"audienceSEIadj":3.2807533137407785,"SEI":8.89950390280265,"SEIadj":8.89950390280265},"non_scoped":{"SEI":1.2293863819658302,"SEIrank":34,"SEIadj":0,"audienceSEI":1.579578105372587,"audienceSEIadj":0,"audienceSEIrank":88,"audienceScore":0.2556348020845686,"combinedScore":0.4605429341340792,"combinedScoreRank":30,"engagementSEI":1.7857142857142856,"engagementSEIadj":0,"engagementSEIrank":20,"engagementScore":0.4975124378109453,"voiceSEI":0,"voiceSEIadj":0,"voiceSEIrank":37,"voiceScore":0},"scoped":{"SEI":4.0841719356342345,"SEIrank":30,"SEIadj":0,"audienceSEI":7.508386023009017,"audienceSEIadj":0,"audienceSEIrank":76,"audienceScore":0.4058300039692697,"combinedScore":0.938658847137239,"combinedScoreRank":24,"engagementSEI":5.555555555555555,"engagementSEIadj":0,"engagementSEIrank":14,"engagementScore":1.0204081632653061,"voiceSEI":0,"voiceSEIadj":0,"voiceSEIrank":32,"voiceScore":0}},"instagram":{"entityString":"536575feb08f37d80186a093","type":"instagram","profiles":0,"postsMade":0,"repliesMade":0,"repliesRcvd":0,"sharesMade":0,"sharesRcvd":0,"mentionsRcvd":0,"likesRcvd":0,"reachRcvd":0,"audience":0,"voice":0,"conversation":0,"engagement":0,"group_scoped":{"audienceScore":0,"voiceScore":0,"engagementScore":0,"combinedScore":0,"combinedScoreRank":73,"SEIrank":55,"engagementSEIrank":37,"voiceSEIrank":28,"audienceSEIrank":55,"engagementSEI":0,"engagementSEIadj":0,"voiceSEI":0,"voiceSEIadj":0,"audienceSEI":0,"audienceSEIadj":0,"SEI":0,"SEIadj":0},"non_scoped":{"SEI":0,"SEIrank":55,"SEIadj":0,"audienceSEI":0,"audienceSEIadj":0,"audienceSEIrank":55,"audienceScore":0,"combinedScore":0,"combinedScoreRank":55,"engagementSEI":0,"engagementSEIadj":0,"engagementSEIrank":37,"engagementScore":0,"voiceSEI":0,"voiceSEIadj":0,"voiceSEIrank":28,"voiceScore":0},"scoped":{"SEI":0,"SEIrank":48,"SEIadj":0,"audienceSEI":0,"audienceSEIadj":0,"audienceSEIrank":48,"audienceScore":0,"combinedScore":0,"combinedScoreRank":48,"engagementSEI":0,"engagementSEIadj":0,"engagementSEIrank":32,"engagementScore":0,"voiceSEI":0,"voiceSEIadj":0,"voiceSEIrank":26,"voiceScore":0}}},"today":{"boundaryQuantum":4984134,"combined":{"entityString":"536575feb08f37d80186a093","type":"combined","profiles":2,"postsMade":0,"repliesMade":0,"repliesRcvd":3,"sharesMade":0,"sharesRcvd":1,"mentionsRcvd":0,"likesRcvd":23,"reachRcvd":0,"audience":16961,"voice":0,"conversation":3,"engagement":27,"group_scoped":{"audienceScore":0.7445664341497035,"voiceScore":0,"engagementScore":0.16976861167002014,"combinedScore":0.2518825863099749,"combinedScoreRank":116,"SEIrank":130,"engagementSEIrank":60,"voiceSEIrank":125,"audienceSEIrank":103,"engagementSEI":0.20639046017428528,"engagementSEIadj":0.20639046017428528,"voiceSEI":0,"voiceSEIadj":0,"audienceSEI":1.1534454430710308,"audienceSEIadj":1.1534454430710308,"SEI":0.23917882041167426,"SEIadj":0.23917882041167426},"non_scoped":{"SEI":0.07575905603295391,"SEIrank":131,"SEIadj":0,"audienceSEI":0.6746382783737085,"audienceSEIadj":0,"audienceSEIrank":92,"audienceScore":0.12491159674668663,"combinedScore":0.012729176072045854,"combinedScoreRank":113,"engagementSEI":0.013825380325971744,"engagementSEIadj":0,"engagementSEIrank":73,"engagementScore":0.007203995816346134,"voiceSEI":0,"voiceSEIadj":0,"voiceSEIrank":125,"voiceScore":0},"scoped":{"SEI":0.9767402713742619,"SEIrank":117,"SEIadj":0,"audienceSEI":8.856317847874557,"audienceSEIadj":0,"audienceSEIrank":80,"audienceScore":0.3609218711929616,"combinedScore":0.08300546053997314,"combinedScoreRank":80,"engagementSEI":0.1518474776446769,"engagementSEIadj":0,"engagementSEIrank":62,"engagementScore":0.0721770744225834,"voiceSEI":0,"voiceSEIadj":0,"voiceSEIrank":113,"voiceScore":0}},"facebook":{"entityString":"536575feb08f37d80186a093","type":"facebook","profiles":1,"postsMade":0,"repliesMade":0,"repliesRcvd":3,"sharesMade":0,"sharesRcvd":1,"mentionsRcvd":0,"likesRcvd":19,"reachRcvd":0,"audience":8209,"voice":0,"conversation":3,"engagement":23,"group_scoped":{"audienceScore":0.5335595225327991,"voiceScore":0,"engagementScore":0.18840104849279163,"combinedScore":0.2377094019270784,"combinedScoreRank":90,"SEIrank":78,"engagementSEIrank":40,"voiceSEIrank":77,"audienceSEIrank":90,"engagementSEI":0.22752003165496093,"engagementSEIadj":0.22752003165496093,"voiceSEI":0,"voiceSEIadj":0,"audienceSEI":0.7510796369492021,"audienceSEIadj":0.7510796369492021,"SEI":0.21161998268789678,"SEIadj":0.21161998268789678},"non_scoped":{"SEI":0.051959576167679475,"SEIrank":104,"SEIadj":0,"audienceSEI":0.44611802862459354,"audienceSEIadj":0,"audienceSEIrank":93,"audienceScore":0.08559824403163663,"combinedScore":0.010472677735102045,"combinedScoreRank":84,"engagementSEI":0.012246288842033524,"engagementSEIadj":0,"engagementSEIrank":62,"engagementScore":0.006880850592800237,"voiceSEI":0,"voiceSEIadj":0,"voiceSEIrank":77,"voiceScore":0},"scoped":{"SEI":0.9698572158919394,"SEIrank":79,"SEIadj":0,"audienceSEI":5.764706708520306,"audienceSEIadj":0,"audienceSEIrank":81,"audienceScore":0.3528723482453316,"combinedScore":0.15542317012792153,"combinedScoreRank":58,"engagementSEI":0.6556442417331814,"engagementSEIadj":0,"engagementSEIrank":52,"engagementScore":0.1530883919062833,"voiceSEI":0,"voiceSEIadj":0,"voiceSEIrank":68,"voiceScore":0}},"twitter":{"entityString":"536575feb08f37d80186a093","type":"twitter","profiles":1,"postsMade":0,"repliesMade":0,"repliesRcvd":0,"sharesMade":0,"sharesRcvd":0,"mentionsRcvd":0,"likesRcvd":4,"reachRcvd":0,"audience":8752,"voice":0,"conversation":0,"engagement":4,"group_scoped":{"audienceScore":1.3920811071752937,"voiceScore":0,"engagementScore":0.32546786004882017,"combinedScore":0.4778411810668878,"combinedScoreRank":178,"SEIrank":137,"engagementSEIrank":105,"voiceSEIrank":113,"audienceSEIrank":123,"engagementSEI":0.7905138339920948,"engagementSEIadj":0.7905138339920948,"voiceSEI":0,"voiceSEIadj":0,"audienceSEI":3.2807533137407785,"audienceSEIadj":3.2807533137407785,"SEI":0.8023836317693347,"SEIadj":0.8023836317693347},"non_scoped":{"SEI":0.30928189628757397,"SEIrank":116,"SEIadj":0,"audienceSEI":1.579578105372587,"audienceSEIadj":0,"audienceSEIrank":88,"audienceScore":0.2556348020845686,"combinedScore":0.06976179708428543,"combinedScoreRank":90,"engagementSEI":0.25220680958385877,"engagementSEIadj":0,"engagementSEIrank":86,"engagementScore":0.06331117442228554,"voiceSEI":0,"voiceSEIadj":0,"voiceSEIrank":113,"voiceScore":0},"scoped":{"SEI":1.1969352565759945,"SEIrank":104,"SEIadj":0,"audienceSEI":7.508386023009017,"audienceSEIadj":0,"audienceSEIrank":76,"audienceScore":0.4058300039692697,"combinedScore":0.12043058225687796,"combinedScoreRank":80,"engagementSEI":0.7434944237918215,"engagementSEIadj":0,"engagementSEIrank":76,"engagementScore":0.11126564673157163,"voiceSEI":0,"voiceSEIadj":0,"voiceSEIrank":101,"voiceScore":0}},"instagram":{"entityString":"536575feb08f37d80186a093","type":"instagram","profiles":0,"postsMade":0,"repliesMade":0,"repliesRcvd":0,"sharesMade":0,"sharesRcvd":0,"mentionsRcvd":0,"likesRcvd":0,"reachRcvd":0,"audience":0,"voice":0,"conversation":0,"engagement":0,"group_scoped":{"audienceScore":0,"voiceScore":0,"engagementScore":0,"combinedScore":0,"combinedScoreRank":73,"SEIrank":55,"engagementSEIrank":47,"voiceSEIrank":34,"audienceSEIrank":55,"engagementSEI":0,"engagementSEIadj":0,"voiceSEI":0,"voiceSEIadj":0,"audienceSEI":0,"audienceSEIadj":0,"SEI":0,"SEIadj":0},"non_scoped":{"SEI":0,"SEIrank":55,"SEIadj":0,"audienceSEI":0,"audienceSEIadj":0,"audienceSEIrank":55,"audienceScore":0,"combinedScore":0,"combinedScoreRank":55,"engagementSEI":0,"engagementSEIadj":0,"engagementSEIrank":47,"engagementScore":0,"voiceSEI":0,"voiceSEIadj":0,"voiceSEIrank":34,"voiceScore":0},"scoped":{"SEI":0,"SEIrank":48,"SEIadj":0,"audienceSEI":0,"audienceSEIadj":0,"audienceSEIrank":48,"audienceScore":0,"combinedScore":0,"combinedScoreRank":48,"engagementSEI":0,"engagementSEIadj":0,"engagementSEIrank":40,"engagementScore":0,"voiceSEI":0,"voiceSEIadj":0,"voiceSEIrank":28,"voiceScore":0}}},"week":{"boundaryQuantum":4982406,"combined":{"entityString":"536575feb08f37d80186a093","type":"combined","profiles":2,"postsMade":23,"repliesMade":0,"repliesRcvd":38,"sharesMade":0,"sharesRcvd":14,"mentionsRcvd":0,"likesRcvd":410,"reachRcvd":0,"audience":16961,"voice":23,"conversation":61,"engagement":462,"group_scoped":{"audienceScore":0.7445664341497035,"voiceScore":1.2728278915329274,"engagementScore":0.3255974572389054,"combinedScore":0.3939074277991464,"combinedScoreRank":68,"SEIrank":82,"engagementSEIrank":49,"voiceSEIrank":80,"audienceSEIrank":103,"engagementSEI":0.3788500016400433,"engagementSEIadj":0.3788500016400433,"voiceSEI":3.3236994219653178,"voiceSEIadj":3.3236994219653178,"audienceSEI":1.1534454430710308,"audienceSEIadj":1.1534454430710308,"SEI":1.3397643718807242,"SEIadj":1.3397643718807242},"non_scoped":{"SEI":0.8981537912636994,"SEIrank":72,"SEIadj":0,"audienceSEI":0.6746382783737085,"audienceSEIadj":0,"audienceSEIrank":92,"audienceScore":0.12491159674668663,"combinedScore":0.036112843322802984,"combinedScoreRank":86,"engagementSEI":0.047273970051632995,"engagementSEIadj":0,"engagementSEIrank":81,"engagementScore":0.019268216493009433,"voiceSEI":2.6744186046511627,"voiceSEIadj":0,"voiceSEIrank":71,"voiceScore":0.25051737283520314},"scoped":{"SEI":4.915619569639054,"SEIrank":76,"SEIadj":0,"audienceSEI":8.856317847874557,"audienceSEIadj":0,"audienceSEIrank":80,"audienceScore":0.3609218711929616,"combinedScore":0.2462522307228927,"combinedScoreRank":75,"engagementSEI":1.5364661279058165,"engagementSEIadj":0,"engagementSEIrank":72,"engagementScore":0.22439602498470027,"voiceSEI":10.36036036036036,"voiceSEIadj":0,"voiceSEIrank":61,"voiceScore":0.5249942935402876}},"facebook":{"entityString":"536575feb08f37d80186a093","type":"facebook","profiles":1,"postsMade":8,"repliesMade":0,"repliesRcvd":38,"sharesMade":0,"sharesRcvd":8,"mentionsRcvd":0,"likesRcvd":308,"reachRcvd":0,"audience":8209,"voice":8,"conversation":46,"engagement":354,"group_scoped":{"audienceScore":0.5335595225327991,"voiceScore":1.6064257028112447,"engagementScore":0.30652800748136155,"combinedScore":0.3828744680004276,"combinedScoreRank":59,"SEIrank":53,"engagementSEIrank":43,"voiceSEIrank":43,"audienceSEIrank":90,"engagementSEI":0.34895412337598325,"engagementSEIadj":0.34895412337598325,"voiceSEI":3.827751196172249,"voiceSEIadj":3.827751196172249,"audienceSEI":0.7510796369492021,"audienceSEIadj":0.7510796369492021,"SEI":1.4328057965721848,"SEIadj":1.4328057965721848},"non_scoped":{"SEI":0.6781588222761046,"SEIrank":65,"SEIadj":0,"audienceSEI":0.44611802862459354,"audienceSEIadj":0,"audienceSEIrank":93,"audienceScore":0.08559824403163663,"combinedScore":0.031278476181018526,"combinedScoreRank":75,"engagementSEI":0.038099994188136484,"engagementSEIadj":0,"engagementSEIrank":66,"engagementScore":0.0162682702095344,"voiceSEI":2.035623409669211,"voiceSEIadj":0,"voiceSEIrank":51,"voiceScore":0.2471424158171146},"scoped":{"SEI":4.918952523600043,"SEIrank":64,"SEIadj":0,"audienceSEI":5.764706708520306,"audienceSEIadj":0,"audienceSEIrank":81,"audienceScore":0.3528723482453316,"combinedScore":0.28752968609445545,"combinedScoreRank":60,"engagementSEI":2.692015209125475,"engagementSEIadj":0,"engagementSEIrank":57,"engagementScore":0.26220862621938124,"voiceSEI":9.090909090909092,"voiceSEIadj":0,"voiceSEIrank":42,"voiceScore":0.6779661016949152}},"twitter":{"entityString":"536575feb08f37d80186a093","type":"twitter","profiles":1,"postsMade":15,"repliesMade":0,"repliesRcvd":0,"sharesMade":0,"sharesRcvd":6,"mentionsRcvd":0,"likesRcvd":102,"reachRcvd":0,"audience":8752,"voice":15,"conversation":15,"engagement":108,"group_scoped":{"audienceScore":1.3920811071752937,"voiceScore":1.160092807424594,"engagementScore":0.823672971323978,"combinedScore":0.8689143699215747,"combinedScoreRank":111,"SEIrank":108,"engagementSEIrank":107,"voiceSEIrank":92,"audienceSEIrank":123,"engagementSEI":1.4983351831298557,"engagementSEIadj":1.4983351831298557,"voiceSEI":3.2119914346895073,"voiceSEIadj":3.2119914346895073,"audienceSEI":3.2807533137407785,"audienceSEIadj":3.2807533137407785,"SEI":2.190673871658843,"SEIadj":2.190673871658843},"non_scoped":{"SEI":1.5049395782575132,"SEIrank":81,"SEIadj":0,"audienceSEI":1.579578105372587,"audienceSEIadj":0,"audienceSEIrank":88,"audienceScore":0.2556348020845686,"combinedScore":0.18434620811362945,"combinedScoreRank":80,"engagementSEI":0.6921745818111902,"engagementSEIadj":0,"engagementSEIrank":78,"engagementScore":0.17609652698516223,"voiceSEI":3.1055900621118013,"voiceSEIadj":0,"voiceSEIrank":76,"voiceScore":0.26155187445510025},"scoped":{"SEI":5.998128575200631,"SEIrank":70,"SEIadj":0,"audienceSEI":7.508386023009017,"audienceSEIadj":0,"audienceSEIrank":76,"audienceScore":0.4058300039692697,"combinedScore":0.3777656350188605,"combinedScoreRank":70,"engagementSEI":4.115853658536586,"engagementSEIadj":0,"engagementSEIrank":68,"engagementScore":0.3706372902295892,"voiceSEI":9.25925925925926,"voiceSEIadj":0,"voiceSEIrank":66,"voiceScore":0.47801147227533464}},"instagram":{"entityString":"536575feb08f37d80186a093","type":"instagram","profiles":0,"postsMade":0,"repliesMade":0,"repliesRcvd":0,"sharesMade":0,"sharesRcvd":0,"mentionsRcvd":0,"likesRcvd":0,"reachRcvd":0,"audience":0,"voice":0,"conversation":0,"engagement":0,"group_scoped":{"audienceScore":0,"voiceScore":0,"engagementScore":0,"combinedScore":0,"combinedScoreRank":73,"SEIrank":55,"engagementSEIrank":50,"voiceSEIrank":48,"audienceSEIrank":55,"engagementSEI":0,"engagementSEIadj":0,"voiceSEI":0,"voiceSEIadj":0,"audienceSEI":0,"audienceSEIadj":0,"SEI":0,"SEIadj":0},"non_scoped":{"SEI":0,"SEIrank":55,"SEIadj":0,"audienceSEI":0,"audienceSEIadj":0,"audienceSEIrank":55,"audienceScore":0,"combinedScore":0,"combinedScoreRank":55,"engagementSEI":0,"engagementSEIadj":0,"engagementSEIrank":50,"engagementScore":0,"voiceSEI":0,"voiceSEIadj":0,"voiceSEIrank":48,"voiceScore":0},"scoped":{"SEI":0,"SEIrank":48,"SEIadj":0,"audienceSEI":0,"audienceSEIadj":0,"audienceSEIrank":48,"audienceScore":0,"combinedScore":0,"combinedScoreRank":48,"engagementSEI":0,"engagementSEIadj":0,"engagementSEIrank":43,"engagementScore":0,"voiceSEI":0,"voiceSEIadj":0,"voiceSEIrank":41,"voiceScore":0}}},"month":{"boundaryQuantum":4975782,"combined":{"entityString":"536575feb08f37d80186a093","type":"combined","profiles":2,"postsMade":95,"repliesMade":0,"repliesRcvd":206,"sharesMade":0,"sharesRcvd":81,"mentionsRcvd":0,"likesRcvd":1881,"reachRcvd":0,"audience":16961,"voice":95,"conversation":301,"engagement":2168,"group_scoped":{"audienceScore":0.7445664341497035,"voiceScore":1.3314646110721795,"engagementScore":0.3513167084476436,"combinedScore":0.4199865898639734,"combinedScoreRank":65,"SEIrank":82,"engagementSEIrank":54,"voiceSEIrank":74,"audienceSEIrank":103,"engagementSEI":0.40074826058988366,"engagementSEIadj":0.40074826058988366,"voiceSEI":3.145695364238411,"voiceSEIadj":3.145695364238411,"audienceSEI":1.1534454430710308,"audienceSEIadj":1.1534454430710308,"SEI":1.2995021099325565,"SEIadj":1.2995021099325565},"non_scoped":{"SEI":0.8908697945358913,"SEIrank":74,"SEIadj":0,"audienceSEI":0.6746382783737085,"audienceSEIadj":0,"audienceSEIrank":92,"audienceScore":0.12491159674668663,"combinedScore":0.04002962043208201,"combinedScoreRank":81,"engagementSEI":0.05982600786678889,"engagementSEIadj":0,"engagementSEIrank":74,"engagementScore":0.023562507702918515,"voiceSEI":2.625034539928157,"voiceSEIadj":0,"voiceSEIrank":70,"voiceScore":0.25155567324242023},"scoped":{"SEI":5.0889397716887155,"SEIrank":73,"SEIadj":0,"audienceSEI":8.856317847874557,"audienceSEIadj":0,"audienceSEIrank":80,"audienceScore":0.3609218711929616,"combinedScore":0.2502298366997901,"combinedScoreRank":69,"engagementSEI":2.0055133115020998,"engagementSEIadj":0,"engagementSEIrank":65,"engagementScore":0.22851360752155492,"voiceSEI":10,"voiceSEIadj":0,"voiceSEIrank":60,"voiceScore":0.530429927414852}},"facebook":{"entityString":"536575feb08f37d80186a093","type":"facebook","profiles":1,"postsMade":26,"repliesMade":0,"repliesRcvd":206,"sharesMade":0,"sharesRcvd":32,"mentionsRcvd":0,"likesRcvd":1409,"reachRcvd":0,"audience":8209,"voice":26,"conversation":232,"engagement":1647,"group_scoped":{"audienceScore":0.5335595225327991,"voiceScore":1.2363290537327627,"engagementScore":0.3412679336609947,"combinedScore":0.3956355691081733,"combinedScoreRank":58,"SEIrank":65,"engagementSEIrank":47,"voiceSEIrank":61,"audienceSEIrank":90,"engagementSEI":0.3833789958589482,"engagementSEIadj":0.3833789958589482,"voiceSEI":2.73109243697479,"voiceSEIadj":2.73109243697479,"audienceSEI":0.7510796369492021,"audienceSEIadj":0.7510796369492021,"SEI":1.1244630923027261,"SEIadj":1.1244630923027261},"non_scoped":{"SEI":0.5705936859601514,"SEIrank":75,"SEIadj":0,"audienceSEI":0.44611802862459354,"audienceSEIadj":0,"audienceSEIrank":93,"audienceScore":0.08559824403163663,"combinedScore":0.031744412980418586,"combinedScoreRank":77,"engagementSEI":0.04808325321890668,"engagementSEIadj":0,"engagementSEIrank":66,"engagementScore":0.0199146848612967,"voiceSEI":1.65710643722116,"voiceSEIadj":0,"voiceSEIrank":67,"voiceScore":0.19082568807339448},"scoped":{"SEI":4.1924650241522645,"SEIrank":70,"SEIadj":0,"audienceSEI":5.764706708520306,"audienceSEIadj":0,"audienceSEIrank":81,"audienceScore":0.3528723482453316,"combinedScore":0.2629783406619216,"combinedScoreRank":59,"engagementSEI":1.778291242428496,"engagementSEIadj":0,"engagementSEIrank":57,"engagementScore":0.2430433095208933,"voiceSEI":8.49673202614379,"voiceSEIadj":0,"voiceSEIrank":58,"voiceScore":0.5319148936170213}},"twitter":{"entityString":"536575feb08f37d80186a093","type":"twitter","profiles":1,"postsMade":69,"repliesMade":0,"repliesRcvd":0,"sharesMade":0,"sharesRcvd":49,"mentionsRcvd":0,"likesRcvd":472,"reachRcvd":0,"audience":8752,"voice":69,"conversation":69,"engagement":521,"group_scoped":{"audienceScore":1.3920811071752937,"voiceScore":1.3939393939393938,"engagementScore":0.9819257807346539,"combinedScore":1.0230342277169229,"combinedScoreRank":106,"SEIrank":112,"engagementSEIrank":107,"voiceSEIrank":86,"audienceSEIrank":123,"engagementSEI":1.739507862842643,"engagementSEIadj":1.739507862842643,"voiceSEI":3.474320241691843,"voiceSEIadj":3.474320241691843,"audienceSEI":3.2807533137407785,"audienceSEIadj":3.2807533137407785,"SEI":2.4140761215872164,"SEIadj":2.4140761215872164},"non_scoped":{"SEI":1.7395120217603721,"SEIrank":70,"SEIadj":0,"audienceSEI":1.579578105372587,"audienceSEIadj":0,"audienceSEIrank":88,"audienceScore":0.2556348020845686,"combinedScore":0.22193896863389012,"combinedScoreRank":74,"engagementSEI":0.903995974528482,"engagementSEIadj":0,"engagementSEIrank":73,"engagementScore":0.21595049303860164,"voiceSEI":3.463855421686747,"voiceSEIadj":0,"voiceSEIrank":64,"voiceScore":0.29603569589840395},"scoped":{"SEI":7.048876906110143,"SEIrank":64,"SEIadj":0,"audienceSEI":7.508386023009017,"audienceSEIadj":0,"audienceSEIrank":76,"audienceScore":0.4058300039692697,"combinedScore":0.4417812334444503,"combinedScoreRank":64,"engagementSEI":5.13958764920588,"engagementSEIadj":0,"engagementSEIrank":63,"engagementScore":0.4383529372170899,"voiceSEI":10.714285714285714,"voiceSEIadj":0,"voiceSEIrank":54,"voiceScore":0.5394417950121179}},"instagram":{"entityString":"536575feb08f37d80186a093","type":"instagram","profiles":0,"postsMade":0,"repliesMade":0,"repliesRcvd":0,"sharesMade":0,"sharesRcvd":0,"mentionsRcvd":0,"likesRcvd":0,"reachRcvd":0,"audience":0,"voice":0,"conversation":0,"engagement":0,"group_scoped":{"audienceScore":0,"voiceScore":0,"engagementScore":0,"combinedScore":0,"combinedScoreRank":73,"SEIrank":55,"engagementSEIrank":50,"voiceSEIrank":49,"audienceSEIrank":55,"engagementSEI":0,"engagementSEIadj":0,"voiceSEI":0,"voiceSEIadj":0,"audienceSEI":0,"audienceSEIadj":0,"SEI":0,"SEIadj":0},"non_scoped":{"SEI":0,"SEIrank":55,"SEIadj":0,"audienceSEI":0,"audienceSEIadj":0,"audienceSEIrank":55,"audienceScore":0,"combinedScore":0,"combinedScoreRank":55,"engagementSEI":0,"engagementSEIadj":0,"engagementSEIrank":50,"engagementScore":0,"voiceSEI":0,"voiceSEIadj":0,"voiceSEIrank":49,"voiceScore":0},"scoped":{"SEI":0,"SEIrank":48,"SEIadj":0,"audienceSEI":0,"audienceSEIadj":0,"audienceSEIrank":48,"audienceScore":0,"combinedScore":0,"combinedScoreRank":48,"engagementSEI":0,"engagementSEIadj":0,"engagementSEIrank":43,"engagementScore":0,"voiceSEI":0,"voiceSEIadj":0,"voiceSEIrank":42,"voiceScore":0}}},"quarter":{"boundaryQuantum":4958502,"combined":{"entityString":"536575feb08f37d80186a093","type":"combined","profiles":2,"postsMade":263,"repliesMade":0,"repliesRcvd":1210,"sharesMade":0,"sharesRcvd":378,"mentionsRcvd":0,"likesRcvd":6520,"reachRcvd":0,"audience":16961,"voice":263,"conversation":1473,"engagement":8108,"group_scoped":{"audienceScore":0.7445664341497035,"voiceScore":1.2998566697968665,"engagementScore":0.38804544362476945,"combinedScore":0.451462054459621,"combinedScoreRank":63,"SEIrank":81,"engagementSEIrank":53,"voiceSEIrank":82,"audienceSEIrank":103,"engagementSEI":0.432994987020297,"engagementSEIadj":0.432994987020297,"voiceSEI":2.8481698072341346,"voiceSEIadj":2.8481698072341346,"audienceSEI":1.1534454430710308,"audienceSEIadj":1.1534454430710308,"SEI":1.2295924786895216,"SEIadj":1.2295924786895216},"non_scoped":{"SEI":0.846732596761122,"SEIrank":78,"SEIadj":0,"audienceSEI":0.6746382783737085,"audienceSEIadj":0,"audienceSEIrank":92,"audienceScore":0.12491159674668663,"combinedScore":0.04259547278550309,"combinedScoreRank":77,"engagementSEI":0.0707274899818715,"engagementSEIadj":0,"engagementSEIrank":68,"engagementScore":0.027391873383869336,"voiceSEI":2.4561075831154278,"voiceSEIadj":0,"voiceSEIrank":75,"voiceScore":0.23394413805372707},"scoped":{"SEI":4.941286352871267,"SEIrank":78,"SEIadj":0,"audienceSEI":8.856317847874557,"audienceSEIadj":0,"audienceSEIrank":80,"audienceScore":0.3609218711929616,"combinedScore":0.28351067571392413,"combinedScoreRank":63,"engagementSEI":1.6407010415254393,"engagementSEIadj":0,"engagementSEIrank":59,"engagementScore":0.26762767933001974,"voiceSEI":10.237446477228493,"voiceSEIadj":0,"voiceSEIrank":65,"voiceScore":0.4919934151451661}},"facebook":{"entityString":"536575feb08f37d80186a093","type":"facebook","profiles":1,"postsMade":59,"repliesMade":0,"repliesRcvd":1210,"sharesMade":0,"sharesRcvd":143,"mentionsRcvd":0,"likesRcvd":4959,"reachRcvd":0,"audience":8209,"voice":59,"conversation":1269,"engagement":6312,"group_scoped":{"audienceScore":0.5335595225327991,"voiceScore":0.9591936270525119,"engagementScore":0.4016289132094681,"combinedScore":0.4361036793677868,"combinedScoreRank":53,"SEIrank":77,"engagementSEIrank":46,"voiceSEIrank":69,"audienceSEIrank":90,"engagementSEI":0.44293773258265956,"engagementSEIadj":0.44293773258265956,"voiceSEI":2.0157157499145884,"voiceSEIadj":2.0157157499145884,"audienceSEI":0.7510796369492021,"audienceSEIadj":0.7510796369492021,"SEI":0.9455853282188924,"SEIadj":0.9455853282188924},"non_scoped":{"SEI":0.4504280092562097,"SEIrank":83,"SEIadj":0,"audienceSEI":0.44611802862459354,"audienceSEIadj":0,"audienceSEIrank":93,"audienceScore":0.08559824403163663,"combinedScore":0.032897413061466256,"combinedScoreRank":73,"engagementSEI":0.0570027962255696,"engagementSEIadj":0,"engagementSEIrank":65,"engagementScore":0.023722287777132565,"voiceSEI":1.2387150955280286,"voiceSEIadj":0,"voiceSEIrank":80,"voiceScore":0.14534883720930233},"scoped":{"SEI":5.9554701892609625,"SEIrank":68,"SEIadj":0,"audienceSEI":5.764706708520306,"audienceSEIadj":0,"audienceSEIrank":81,"audienceScore":0.3528723482453316,"combinedScore":0.32314749762913403,"combinedScoreRank":59,"engagementSEI":5.367438221738465,"engagementSEIadj":0,"engagementSEIrank":56,"engagementScore":0.31707790009233033,"voiceSEI":7.1951219512195115,"voiceSEIadj":0,"voiceSEIrank":71,"voiceScore":0.40267540267540264}},"twitter":{"entityString":"536575feb08f37d80186a093","type":"twitter","profiles":1,"postsMade":204,"repliesMade":0,"repliesRcvd":0,"sharesMade":0,"sharesRcvd":235,"mentionsRcvd":0,"likesRcvd":1561,"reachRcvd":0,"audience":8752,"voice":204,"conversation":204,"engagement":1796,"group_scoped":{"audienceScore":1.3920811071752937,"voiceScore":1.4805138253864576,"engagementScore":1.0113637643454856,"combinedScore":1.0538571345390246,"combinedScoreRank":101,"SEIrank":112,"engagementSEIrank":112,"voiceSEIrank":88,"audienceSEIrank":123,"engagementSEI":1.6746857633061056,"engagementSEIadj":1.6746857633061056,"voiceSEI":3.397734843437708,"voiceSEIadj":3.397734843437708,"audienceSEI":3.2807533137407785,"audienceSEIadj":3.2807533137407785,"SEI":2.3522072423890537,"SEIadj":2.3522072423890537},"non_scoped":{"SEI":1.6876205251321974,"SEIrank":71,"SEIadj":0,"audienceSEI":1.579578105372587,"audienceSEIadj":0,"audienceSEIrank":88,"audienceScore":0.2556348020845686,"combinedScore":0.22192041074690844,"combinedScoreRank":72,"engagementSEI":0.8517015061269395,"engagementSEIadj":0,"engagementSEIrank":71,"engagementScore":0.21609394551929925,"voiceSEI":3.395472703062583,"voiceSEIadj":0,"voiceSEIrank":68,"voiceScore":0.2930823935062136},"scoped":{"SEI":7.565744567419973,"SEIrank":64,"SEIadj":0,"audienceSEI":7.508386023009017,"audienceSEIadj":0,"audienceSEIrank":76,"audienceScore":0.4058300039692697,"combinedScore":0.45022847802649524,"combinedScoreRank":62,"engagementSEI":5.650286289561443,"engagementSEIadj":0,"engagementSEIrank":61,"engagementScore":0.44801213324619216,"voiceSEI":11.415780637940683,"voiceSEIadj":0,"voiceSEIrank":58,"voiceScore":0.5345211581291759}},"instagram":{"entityString":"536575feb08f37d80186a093","type":"instagram","profiles":0,"postsMade":0,"repliesMade":0,"repliesRcvd":0,"sharesMade":0,"sharesRcvd":0,"mentionsRcvd":0,"likesRcvd":0,"reachRcvd":0,"audience":0,"voice":0,"conversation":0,"engagement":0,"group_scoped":{"audienceScore":0,"voiceScore":0,"engagementScore":0,"combinedScore":0,"combinedScoreRank":73,"SEIrank":55,"engagementSEIrank":50,"voiceSEIrank":50,"audienceSEIrank":55,"engagementSEI":0,"engagementSEIadj":0,"voiceSEI":0,"voiceSEIadj":0,"audienceSEI":0,"audienceSEIadj":0,"SEI":0,"SEIadj":0},"non_scoped":{"SEI":0,"SEIrank":55,"SEIadj":0,"audienceSEI":0,"audienceSEIadj":0,"audienceSEIrank":55,"audienceScore":0,"combinedScore":0,"combinedScoreRank":55,"engagementSEI":0,"engagementSEIadj":0,"engagementSEIrank":50,"engagementScore":0,"voiceSEI":0,"voiceSEIadj":0,"voiceSEIrank":50,"voiceScore":0},"scoped":{"SEI":0,"SEIrank":48,"SEIadj":0,"audienceSEI":0,"audienceSEIadj":0,"audienceSEIrank":48,"audienceScore":0,"combinedScore":0,"combinedScoreRank":48,"engagementSEI":0,"engagementSEIadj":0,"engagementSEIrank":43,"engagementScore":0,"voiceSEI":0,"voiceSEIadj":0,"voiceSEIrank":43,"voiceScore":0}}},"blended":{"combined":{"non_scoped":{"SEI":0.8302308577417021,"SEIadj":50.41511542887085,"SEIrank":79,"audienceSEI":0.6746382783737085,"audienceSEIadj":50.33731913918685,"audienceSEIrank":92,"engagementSEI":0.05921110620274257,"engagementSEIadj":50.02960555310137,"engagementSEIrank":72,"voiceSEI":2.4241345539422863,"voiceSEIadj":51.21206727697114,"voiceSEIrank":75},"scoped":{"SEI":9.615705340253522,"SEIadj":54.80785267012676,"SEIrank":82,"compCharisma":3,"compInfluence":3,"compEva":3.6157053402535215,"audienceSEI":8.856317847874557,"audienceSEIadj":54.428158923937275,"audienceSEIrank":80,"engagementSEI":1.5897097297420133,"engagementSEIadj":50.794854864871006,"engagementSEIrank":63,"voiceSEI":9.726831346722355,"voiceSEIadj":54.863415673361175,"voiceSEIrank":64}},"facebook":{"non_scoped":{"SEI":0.5168486830133429,"SEIadj":50.25842434150667,"SEIrank":76,"audienceSEI":0.4461180286245935,"audienceSEIadj":50.2230590143123,"audienceSEIrank":93,"engagementSEI":0.04775619879416343,"engagementSEIadj":60.01910247951766,"engagementSEIrank":66,"voiceSEI":1.4786105362479516,"voiceSEIadj":50.73930526812398,"voiceSEIrank":70},"scoped":{"SEI":5.130783466127931,"SEIadj":52.56539173306397,"SEIrank":68,"audienceSEI":5.764706708520305,"audienceSEIadj":52.882353354260154,"audienceSEIrank":81,"engagementSEI":3.7908495720578084,"engagementSEIadj":61.51633982882312,"engagementSEIrank":57,"voiceSEI":7.599343506804051,"voiceSEIadj":63.03973740272162,"voiceSEIrank":60}},"twitter":{"non_scoped":{"SEI":1.5716830341217871,"SEIadj":50.785841517060895,"SEIrank":75,"audienceSEI":1.579578105372587,"audienceSEIadj":50.789789052686295,"audienceSEIrank":88,"engagementSEI":0.7817128642652921,"engagementSEIadj":50.390856432132644,"engagementSEIrank":76,"voiceSEI":3.1489916834178437,"voiceSEIadj":51.574495841708924,"voiceSEIrank":69},"scoped":{"SEI":6.699489155015496,"SEIadj":53.34974457750775,"SEIrank":65,"audienceSEI":7.508386023009017,"audienceSEIadj":53.75419301150451,"audienceSEIrank":76,"engagementSEI":4.8680121109121695,"engagementSEIadj":52.43400605545609,"engagementSEIrank":63,"voiceSEI":10.092810953890975,"voiceSEIadj":64.0371243815564,"voiceSEIrank":58}},"instagram":{"non_scoped":{"SEI":0,"SEIadj":0,"SEIrank":55,"audienceSEI":0,"audienceSEIadj":0,"audienceSEIrank":55,"engagementSEI":0,"engagementSEIadj":0,"engagementSEIrank":50,"voiceSEI":0,"voiceSEIadj":0,"voiceSEIrank":50},"scoped":{"SEI":0,"SEIadj":0,"SEIrank":48,"audienceSEI":0,"audienceSEIadj":0,"audienceSEIrank":48,"engagementSEI":0,"engagementSEIadj":0,"engagementSEIrank":43,"voiceSEI":0,"voiceSEIadj":0,"voiceSEIrank":43}},"influence":{"instagram":{"scope":"individual","ratio":0,"calculated":false},"combined":{"ratio":0.61,"bottom":false,"scope":"individual","calculated":true},"facebook":{"ratio":0.78,"bottom":false,"scope":"individual","calculated":true},"twitter":{"ratio":0.95,"bottom":false,"scope":"individual","calculated":true}},"charisma":{"instagram":{"scope":"individual","ratio":0,"calculated":false},"combined":{"ratio":0.52,"bottom":false,"scope":"individual","calculated":true},"facebook":{"ratio":0.7,"bottom":false,"scope":"individual","calculated":true},"twitter":{"ratio":0.96,"bottom":false,"scope":"individual","calculated":true}}},"scope":"individual"}}