{"scoreEntityString":"591d1494ab33fb0001804f89.asset.536575feb08f37d80186a095","timeQuantum":4984422,"scoreEntityType":"asset","scoreProfileID":"591d1494ab33fb0001804f89","data":{"scoreEntityString":"591d1494ab33fb0001804f89.asset.536575feb08f37d80186a095","scoreProfileID":"591d1494ab33fb0001804f89","scoreEntityType":"asset","entityID":"asset.536575feb08f37d80186a095","object_version":"1.2","score_engine_version":"3.0.19","timestamp":4984422,"start_quantum":4958502,"end_quantum":4984421,"schedule_options":{"interval":15,"offset":"1"},"_15min":{"boundaryQuantum":4984419,"combined":{"entityString":"536575feb08f37d80186a095","type":"combined","profiles":2,"postsMade":0,"repliesMade":0,"repliesRcvd":0,"sharesMade":0,"sharesRcvd":0,"mentionsRcvd":0,"likesRcvd":0,"reachRcvd":0,"audience":23350,"voice":0,"conversation":0,"engagement":0,"group_scoped":{"audienceScore":1.0250354482280277,"voiceScore":0,"engagementScore":0,"combinedScore":1.0250354482280277,"engagementSEI":0,"engagementSEIadj":0,"voiceSEI":0,"voiceSEIadj":0,"audienceSEI":1.58793414867688,"audienceSEIadj":1.58793414867688,"SEI":0.15879341486768803,"SEIadj":0.15879341486768803,"combinedScoreRank":76,"SEIrank":84,"engagementSEIrank":54,"voiceSEIrank":49,"audienceSEIrank":84},"non_scoped":{"SEI":0.09287662166161248,"SEIrank":71,"SEIadj":0,"audienceSEI":0.9287662166161248,"audienceSEIadj":0,"audienceSEIrank":71,"audienceScore":0.17196425824156197,"combinedScore":0.0085982129120781,"combinedScoreRank":71,"engagementSEI":0,"engagementSEIadj":0,"engagementSEIrank":54,"engagementScore":0,"voiceSEI":0,"voiceSEIadj":0,"voiceSEIrank":49,"voiceScore":0},"scoped":{"SEI":1.21923838068434,"SEIrank":60,"SEIadj":0,"audienceSEI":12.1923838068434,"audienceSEIadj":0,"audienceSEIrank":60,"audienceScore":0.4968766990363571,"combinedScore":0.07098238557662244,"combinedScoreRank":60,"engagementSEI":0,"engagementSEIadj":0,"engagementSEIrank":45,"engagementScore":0,"voiceSEI":0,"voiceSEIadj":0,"voiceSEIrank":42,"voiceScore":0}},"facebook":{"entityString":"536575feb08f37d80186a095","type":"facebook","profiles":1,"postsMade":0,"repliesMade":0,"repliesRcvd":0,"sharesMade":0,"sharesRcvd":0,"mentionsRcvd":0,"likesRcvd":0,"reachRcvd":0,"audience":11801,"voice":0,"conversation":0,"engagement":0,"group_scoped":{"audienceScore":0.7670283743951226,"voiceScore":0,"engagementScore":0,"combinedScore":0.7670283743951226,"engagementSEI":0,"engagementSEIadj":0,"voiceSEI":0,"voiceSEIadj":0,"audienceSEI":1.0797284438588786,"audienceSEIadj":1.0797284438588786,"SEI":0.10797284438588786,"SEIadj":0.10797284438588786,"combinedScoreRank":67,"SEIrank":71,"engagementSEIrank":52,"voiceSEIrank":49,"audienceSEIrank":71},"non_scoped":{"SEI":0.06413252352051198,"SEIrank":73,"SEIadj":0,"audienceSEI":0.6413252352051197,"audienceSEIadj":0,"audienceSEIrank":73,"audienceScore":0.12305334118861541,"combinedScore":0.006152667059430771,"combinedScoreRank":73,"engagementSEI":0,"engagementSEIadj":0,"engagementSEIrank":52,"engagementScore":0,"voiceSEI":0,"voiceSEIadj":0,"voiceSEIrank":49,"voiceScore":0},"scoped":{"SEI":0.8287160904768927,"SEIrank":62,"SEIadj":0,"audienceSEI":8.287160904768927,"audienceSEIadj":0,"audienceSEIrank":62,"audienceScore":0.5072781802464561,"combinedScore":0.07246831146377944,"combinedScoreRank":62,"engagementSEI":0,"engagementSEIadj":0,"engagementSEIrank":43,"engagementScore":0,"voiceSEI":0,"voiceSEIadj":0,"voiceSEIrank":42,"voiceScore":0}},"twitter":{"entityString":"536575feb08f37d80186a095","type":"twitter","profiles":1,"postsMade":0,"repliesMade":0,"repliesRcvd":0,"sharesMade":0,"sharesRcvd":0,"mentionsRcvd":0,"likesRcvd":0,"reachRcvd":0,"audience":11549,"voice":0,"conversation":0,"engagement":0,"group_scoped":{"audienceScore":1.836968088067581,"voiceScore":0,"engagementScore":0,"combinedScore":1.836968088067581,"engagementSEI":0,"engagementSEIadj":0,"voiceSEI":0,"voiceSEIadj":0,"audienceSEI":4.329229892640797,"audienceSEIadj":4.329229892640797,"SEI":0.4329229892640797,"SEIadj":0.4329229892640797,"combinedScoreRank":80,"SEIrank":98,"engagementSEIrank":50,"voiceSEIrank":48,"audienceSEIrank":98},"non_scoped":{"SEI":0.208438614476097,"SEIrank":60,"SEIadj":0,"audienceSEI":2.0843861447609697,"audienceSEIadj":0,"audienceSEIrank":60,"audienceScore":0.33733161897562647,"combinedScore":0.016866580948781323,"combinedScoreRank":60,"engagementSEI":0,"engagementSEIadj":0,"engagementSEIrank":50,"engagementScore":0,"voiceSEI":0,"voiceSEIadj":0,"voiceSEIrank":48,"voiceScore":0},"scoped":{"SEI":0.990794677556343,"SEIrank":50,"SEIadj":0,"audienceSEI":9.90794677556343,"audienceSEIadj":0,"audienceSEIrank":50,"audienceScore":0.5355268185376023,"combinedScore":0.07650383121965747,"combinedScoreRank":50,"engagementSEI":0,"engagementSEIadj":0,"engagementSEIrank":43,"engagementScore":0,"voiceSEI":0,"voiceSEIadj":0,"voiceSEIrank":42,"voiceScore":0}},"instagram":{"entityString":"536575feb08f37d80186a095","type":"instagram","profiles":0,"postsMade":0,"repliesMade":0,"repliesRcvd":0,"sharesMade":0,"sharesRcvd":0,"mentionsRcvd":0,"likesRcvd":0,"reachRcvd":0,"audience":0,"voice":0,"conversation":0,"engagement":0,"group_scoped":{"audienceScore":0,"voiceScore":0,"engagementScore":0,"combinedScore":0,"engagementSEI":0,"engagementSEIadj":0,"voiceSEI":0,"voiceSEIadj":0,"audienceSEI":0,"audienceSEIadj":0,"SEI":0,"SEIadj":0,"combinedScoreRank":91,"SEIrank":73,"engagementSEIrank":50,"voiceSEIrank":47,"audienceSEIrank":73},"non_scoped":{"SEI":0,"SEIrank":73,"SEIadj":0,"audienceSEI":0,"audienceSEIadj":0,"audienceSEIrank":73,"audienceScore":0,"combinedScore":0,"combinedScoreRank":73,"engagementSEI":0,"engagementSEIadj":0,"engagementSEIrank":50,"engagementScore":0,"voiceSEI":0,"voiceSEIadj":0,"voiceSEIrank":47,"voiceScore":0},"scoped":{"SEI":0,"SEIrank":64,"SEIadj":0,"audienceSEI":0,"audienceSEIadj":0,"audienceSEIrank":64,"audienceScore":0,"combinedScore":0,"combinedScoreRank":64,"engagementSEI":0,"engagementSEIadj":0,"engagementSEIrank":43,"engagementScore":0,"voiceSEI":0,"voiceSEIadj":0,"voiceSEIrank":42,"voiceScore":0}}},"hour":{"boundaryQuantum":4984410,"combined":{"entityString":"536575feb08f37d80186a095","type":"combined","profiles":2,"postsMade":0,"repliesMade":0,"repliesRcvd":0,"sharesMade":0,"sharesRcvd":0,"mentionsRcvd":0,"likesRcvd":3,"reachRcvd":0,"audience":23350,"voice":0,"conversation":0,"engagement":3,"group_scoped":{"audienceScore":1.0250354482280277,"voiceScore":0,"engagementScore":0.7371007371007371,"combinedScore":0.7782342672617786,"combinedScoreRank":72,"SEIrank":35,"engagementSEIrank":20,"voiceSEIrank":56,"audienceSEIrank":84,"engagementSEI":0.9554140127388535,"engagementSEIadj":0.9554140127388535,"voiceSEI":0,"voiceSEIadj":0,"audienceSEI":1.58793414867688,"audienceSEIadj":1.58793414867688,"SEI":0.7320418225110001,"SEIadj":0.7320418225110001},"non_scoped":{"SEI":0.1198307995591866,"SEIrank":63,"SEIadj":0,"audienceSEI":0.9287662166161248,"audienceSEIadj":0,"audienceSEIrank":71,"audienceScore":0.17196425824156197,"combinedScore":0.02762033493546827,"combinedScoreRank":44,"engagementSEI":0.04492362982929021,"engagementSEIadj":0,"engagementSEIrank":30,"engagementScore":0.021135691137100183,"voiceSEI":0,"voiceSEIadj":0,"voiceSEIrank":56,"voiceScore":0},"scoped":{"SEI":1.3684921120276237,"SEIrank":60,"SEIadj":0,"audienceSEI":12.1923838068434,"audienceSEIadj":0,"audienceSEIrank":60,"audienceScore":0.4968766990363571,"combinedScore":0.1874944373614564,"combinedScoreRank":31,"engagementSEI":0.24875621890547264,"engagementSEIadj":0,"engagementSEIrank":23,"engagementScore":0.18072289156626506,"voiceSEI":0,"voiceSEIadj":0,"voiceSEIrank":47,"voiceScore":0}},"facebook":{"entityString":"536575feb08f37d80186a095","type":"facebook","profiles":1,"postsMade":0,"repliesMade":0,"repliesRcvd":0,"sharesMade":0,"sharesRcvd":0,"mentionsRcvd":0,"likesRcvd":2,"reachRcvd":0,"audience":11801,"voice":0,"conversation":0,"engagement":2,"group_scoped":{"audienceScore":0.7670283743951226,"voiceScore":0,"engagementScore":0.6802721088435374,"combinedScore":0.6926658610651923,"combinedScoreRank":62,"SEIrank":25,"engagementSEIrank":19,"voiceSEIrank":51,"audienceSEIrank":71,"engagementSEI":0.9174311926605505,"engagementSEIadj":0.9174311926605505,"voiceSEI":0,"voiceSEIadj":0,"audienceSEI":1.0797284438588786,"audienceSEIadj":1.0797284438588786,"SEI":0.6584315599822181,"SEIadj":0.6584315599822181},"non_scoped":{"SEI":0.08285035225237908,"SEIrank":60,"SEIadj":0,"audienceSEI":0.6413252352051197,"audienceSEIadj":0,"audienceSEIrank":73,"audienceScore":0.12305334118861541,"combinedScore":0.020984572135238286,"combinedScoreRank":42,"engagementSEI":0.031196381219778507,"engagementSEIadj":0,"engagementSEIrank":31,"engagementScore":0.016479894528675015,"voiceSEI":0,"voiceSEIadj":0,"voiceSEIrank":51,"voiceScore":0},"scoped":{"SEI":2.450337712098514,"SEIrank":35,"SEIadj":0,"audienceSEI":8.287160904768927,"audienceSEIadj":0,"audienceSEIrank":62,"audienceScore":0.5072781802464561,"combinedScore":0.5239788674610764,"combinedScoreRank":25,"engagementSEI":2.7027027027027026,"engagementSEIadj":0,"engagementSEIrank":23,"engagementScore":0.554016620498615,"voiceSEI":0,"voiceSEIadj":0,"voiceSEIrank":42,"voiceScore":0}},"twitter":{"entityString":"536575feb08f37d80186a095","type":"twitter","profiles":1,"postsMade":0,"repliesMade":0,"repliesRcvd":0,"sharesMade":0,"sharesRcvd":0,"mentionsRcvd":0,"likesRcvd":1,"reachRcvd":0,"audience":11549,"voice":0,"conversation":0,"engagement":1,"group_scoped":{"audienceScore":1.836968088067581,"voiceScore":0,"engagementScore":5,"combinedScore":4.548138298295369,"combinedScoreRank":43,"SEIrank":24,"engagementSEIrank":19,"voiceSEIrank":55,"audienceSEIrank":98,"engagementSEI":14.285714285714285,"engagementSEIadj":14.285714285714285,"voiceSEI":0,"voiceSEIadj":0,"audienceSEI":4.329229892640797,"audienceSEIadj":4.329229892640797,"SEI":9.004351560692651,"SEIadj":9.004351560692651},"non_scoped":{"SEI":1.2798671859046684,"SEIrank":33,"SEIadj":0,"audienceSEI":2.0843861447609697,"audienceSEIadj":0,"audienceSEIrank":60,"audienceScore":0.33733161897562647,"combinedScore":0.46462777497863206,"combinedScoreRank":29,"engagementSEI":1.7857142857142856,"engagementSEIadj":0,"engagementSEIrank":22,"engagementScore":0.4975124378109453,"voiceSEI":0,"voiceSEIadj":0,"voiceSEIrank":55,"voiceScore":0},"scoped":{"SEI":4.324128010889676,"SEIrank":28,"SEIadj":0,"audienceSEI":9.90794677556343,"audienceSEIadj":0,"audienceSEIrank":50,"audienceScore":0.5355268185376023,"combinedScore":0.9451436878656556,"combinedScoreRank":23,"engagementSEI":5.555555555555555,"engagementSEIadj":0,"engagementSEIrank":16,"engagementScore":1.0204081632653061,"voiceSEI":0,"voiceSEIadj":0,"voiceSEIrank":47,"voiceScore":0}},"instagram":{"entityString":"536575feb08f37d80186a095","type":"instagram","profiles":0,"postsMade":0,"repliesMade":0,"repliesRcvd":0,"sharesMade":0,"sharesRcvd":0,"mentionsRcvd":0,"likesRcvd":0,"reachRcvd":0,"audience":0,"voice":0,"conversation":0,"engagement":0,"group_scoped":{"audienceScore":0,"voiceScore":0,"engagementScore":0,"combinedScore":0,"combinedScoreRank":91,"SEIrank":73,"engagementSEIrank":55,"voiceSEIrank":47,"audienceSEIrank":73,"engagementSEI":0,"engagementSEIadj":0,"voiceSEI":0,"voiceSEIadj":0,"audienceSEI":0,"audienceSEIadj":0,"SEI":0,"SEIadj":0},"non_scoped":{"SEI":0,"SEIrank":73,"SEIadj":0,"audienceSEI":0,"audienceSEIadj":0,"audienceSEIrank":73,"audienceScore":0,"combinedScore":0,"combinedScoreRank":73,"engagementSEI":0,"engagementSEIadj":0,"engagementSEIrank":55,"engagementScore":0,"voiceSEI":0,"voiceSEIadj":0,"voiceSEIrank":47,"voiceScore":0},"scoped":{"SEI":0,"SEIrank":64,"SEIadj":0,"audienceSEI":0,"audienceSEIadj":0,"audienceSEIrank":64,"audienceScore":0,"combinedScore":0,"combinedScoreRank":64,"engagementSEI":0,"engagementSEIadj":0,"engagementSEIrank":48,"engagementScore":0,"voiceSEI":0,"voiceSEIadj":0,"voiceSEIrank":42,"voiceScore":0}}},"today":{"boundaryQuantum":4984134,"combined":{"entityString":"536575feb08f37d80186a095","type":"combined","profiles":2,"postsMade":2,"repliesMade":0,"repliesRcvd":10,"sharesMade":0,"sharesRcvd":2,"mentionsRcvd":0,"likesRcvd":126,"reachRcvd":0,"audience":23350,"voice":2,"conversation":12,"engagement":138,"group_scoped":{"audienceScore":1.0250354482280277,"voiceScore":1.183431952662722,"engagementScore":0.8677062374245472,"combinedScore":0.89135898372663,"combinedScoreRank":39,"SEIrank":49,"engagementSEIrank":26,"voiceSEIrank":61,"audienceSEIrank":84,"engagementSEI":1.0548845742241246,"engagementSEIadj":1.0548845742241246,"voiceSEI":3.508771929824561,"voiceSEIadj":3.508771929824561,"audienceSEI":1.58793414867688,"audienceSEIadj":1.58793414867688,"SEI":1.844355738349531,"SEIadj":1.844355738349531},"non_scoped":{"SEI":0.7946151140019185,"SEIrank":56,"SEIadj":0,"audienceSEI":0.9287662166161248,"audienceSEIadj":0,"audienceSEIrank":71,"audienceScore":0.17196425824156197,"combinedScore":0.05403671666850033,"combinedScoreRank":49,"engagementSEI":0.07066305499941114,"engagementSEIadj":0,"engagementSEIrank":39,"engagementScore":0.036820423061324686,"voiceSEI":2.197802197802198,"voiceSEIadj":0,"voiceSEIrank":52,"voiceScore":0.24600246002460024},"scoped":{"SEI":3.7538694960360615,"SEIrank":54,"SEIadj":0,"audienceSEI":12.1923838068434,"audienceSEIadj":0,"audienceSEIrank":60,"audienceScore":0.4968766990363571,"combinedScore":0.3829680378701141,"combinedScoreRank":34,"engagementSEI":0.7761093301839042,"engagementSEIadj":0,"engagementSEIrank":31,"engagementScore":0.3689050470487596,"voiceSEI":6.896551724137931,"voiceSEIadj":0,"voiceSEIrank":44,"voiceScore":0.5221932114882507}},"facebook":{"entityString":"536575feb08f37d80186a095","type":"facebook","profiles":1,"postsMade":0,"repliesMade":0,"repliesRcvd":10,"sharesMade":0,"sharesRcvd":1,"mentionsRcvd":0,"likesRcvd":109,"reachRcvd":0,"audience":11801,"voice":0,"conversation":10,"engagement":120,"group_scoped":{"audienceScore":0.7670283743951226,"voiceScore":0,"engagementScore":0.9829619921363041,"combinedScore":0.9521143324589924,"combinedScoreRank":37,"SEIrank":57,"engagementSEIrank":24,"voiceSEIrank":91,"audienceSEIrank":71,"engagementSEI":1.1870610347215351,"engagementSEIadj":1.1870610347215351,"voiceSEI":0,"voiceSEIadj":0,"audienceSEI":1.0797284438588786,"audienceSEIadj":1.0797284438588786,"SEI":0.8202094652188089,"SEIadj":0.8202094652188089},"non_scoped":{"SEI":0.10246873206948648,"SEIrank":77,"SEIadj":0,"audienceSEI":0.6413252352051197,"audienceSEIadj":0,"audienceSEIrank":73,"audienceScore":0.12305334118861541,"combinedScore":0.03846274810388406,"combinedScoreRank":46,"engagementSEI":0.0638936809149575,"engagementSEIadj":0,"engagementSEIrank":34,"engagementScore":0.03590009004939254,"voiceSEI":0,"voiceSEIadj":0,"voiceSEIrank":91,"voiceScore":0},"scoped":{"SEI":2.8811676298155473,"SEIrank":54,"SEIadj":0,"audienceSEI":8.287160904768927,"audienceSEIadj":0,"audienceSEIrank":62,"audienceScore":0.5072781802464561,"combinedScore":0.7442137492679138,"combinedScoreRank":29,"engagementSEI":3.4207525655644244,"engagementSEIadj":0,"engagementSEIrank":26,"engagementScore":0.7987220447284344,"voiceSEI":0,"voiceSEIadj":0,"voiceSEIrank":80,"voiceScore":0}},"twitter":{"entityString":"536575feb08f37d80186a095","type":"twitter","profiles":1,"postsMade":2,"repliesMade":0,"repliesRcvd":0,"sharesMade":0,"sharesRcvd":1,"mentionsRcvd":0,"likesRcvd":17,"reachRcvd":0,"audience":11549,"voice":2,"conversation":2,"engagement":18,"group_scoped":{"audienceScore":1.836968088067581,"voiceScore":1.7094017094017095,"engagementScore":1.4646053702196908,"combinedScore":1.4954633230711862,"combinedScoreRank":99,"SEIrank":71,"engagementSEIrank":72,"voiceSEIrank":57,"audienceSEIrank":98,"engagementSEI":3.557312252964427,"engagementSEIadj":3.557312252964427,"voiceSEI":6.0606060606060606,"voiceSEIadj":6.0606060606060606,"audienceSEI":4.329229892640797,"audienceSEIadj":4.329229892640797,"SEI":4.385492159224555,"SEIadj":4.385492159224555},"non_scoped":{"SEI":2.1393970003525156,"SEIrank":50,"SEIadj":0,"audienceSEI":2.0843861447609697,"audienceSEIadj":0,"audienceSEIrank":60,"audienceScore":0.33733161897562647,"combinedScore":0.29327683735903776,"combinedScoreRank":49,"engagementSEI":1.1349306431273645,"engagementSEIadj":0,"engagementSEIrank":48,"engagementScore":0.2849002849002849,"voiceSEI":4.166666666666666,"voiceSEIadj":0,"voiceSEIrank":44,"voiceScore":0.4},"scoped":{"SEI":5.305921929486568,"SEIrank":46,"SEIadj":0,"audienceSEI":9.90794677556343,"audienceSEIadj":0,"audienceSEIrank":50,"audienceScore":0.5355268185376023,"combinedScore":0.5116487855322109,"combinedScoreRank":40,"engagementSEI":3.3457249070631967,"engagementSEIadj":0,"engagementSEIrank":39,"engagementScore":0.5006954102920723,"voiceSEI":7.6923076923076925,"voiceSEIadj":0,"voiceSEIrank":36,"voiceScore":0.684931506849315}},"instagram":{"entityString":"536575feb08f37d80186a095","type":"instagram","profiles":0,"postsMade":0,"repliesMade":0,"repliesRcvd":0,"sharesMade":0,"sharesRcvd":0,"mentionsRcvd":0,"likesRcvd":0,"reachRcvd":0,"audience":0,"voice":0,"conversation":0,"engagement":0,"group_scoped":{"audienceScore":0,"voiceScore":0,"engagementScore":0,"combinedScore":0,"combinedScoreRank":91,"SEIrank":73,"engagementSEIrank":65,"voiceSEIrank":52,"audienceSEIrank":73,"engagementSEI":0,"engagementSEIadj":0,"voiceSEI":0,"voiceSEIadj":0,"audienceSEI":0,"audienceSEIadj":0,"SEI":0,"SEIadj":0},"non_scoped":{"SEI":0,"SEIrank":73,"SEIadj":0,"audienceSEI":0,"audienceSEIadj":0,"audienceSEIrank":73,"audienceScore":0,"combinedScore":0,"combinedScoreRank":73,"engagementSEI":0,"engagementSEIadj":0,"engagementSEIrank":65,"engagementScore":0,"voiceSEI":0,"voiceSEIadj":0,"voiceSEIrank":52,"voiceScore":0},"scoped":{"SEI":0,"SEIrank":64,"SEIadj":0,"audienceSEI":0,"audienceSEIadj":0,"audienceSEIrank":64,"audienceScore":0,"combinedScore":0,"combinedScoreRank":64,"engagementSEI":0,"engagementSEIadj":0,"engagementSEIrank":56,"engagementScore":0,"voiceSEI":0,"voiceSEIadj":0,"voiceSEIrank":44,"voiceScore":0}}},"week":{"boundaryQuantum":4982406,"combined":{"entityString":"536575feb08f37d80186a095","type":"combined","profiles":2,"postsMade":31,"repliesMade":0,"repliesRcvd":40,"sharesMade":0,"sharesRcvd":18,"mentionsRcvd":0,"likesRcvd":671,"reachRcvd":0,"audience":23350,"voice":31,"conversation":71,"engagement":729,"group_scoped":{"audienceScore":1.0250354482280277,"voiceScore":1.715550636413946,"engagementScore":0.5137674162925585,"combinedScore":0.5994199788954013,"combinedScoreRank":49,"SEIrank":60,"engagementSEIrank":41,"voiceSEIrank":58,"audienceSEIrank":84,"engagementSEI":0.5977957818086397,"engagementSEIadj":0.5977957818086397,"voiceSEI":4.479768786127168,"voiceSEIadj":4.479768786127168,"audienceSEI":1.58793414867688,"audienceSEIadj":1.58793414867688,"SEI":1.8614015197910219,"SEIadj":1.8614015197910219},"non_scoped":{"SEI":1.219028755132121,"SEIrank":55,"SEIadj":0,"audienceSEI":0.9287662166161248,"audienceSEIadj":0,"audienceSEIrank":71,"audienceScore":0.17196425824156197,"combinedScore":0.0528442752150848,"combinedScoreRank":62,"engagementSEI":0.07459464105549883,"engagementSEIadj":0,"engagementSEIrank":58,"engagementScore":0.0304037442065019,"voiceSEI":3.604651162790698,"voiceSEIadj":0,"voiceSEIrank":54,"voiceScore":0.33765385034309986},"scoped":{"SEI":6.86308186499475,"SEIrank":52,"SEIadj":0,"audienceSEI":12.1923838068434,"audienceSEIadj":0,"audienceSEIrank":60,"audienceScore":0.4968766990363571,"combinedScore":0.3788953829878448,"combinedScoreRank":51,"engagementSEI":2.4244238252020356,"engagementSEIadj":0,"engagementSEIrank":49,"engagementScore":0.35407944202131275,"voiceSEI":13.963963963963963,"voiceSEIadj":0,"voiceSEIrank":44,"voiceScore":0.7076010043369094}},"facebook":{"entityString":"536575feb08f37d80186a095","type":"facebook","profiles":1,"postsMade":4,"repliesMade":0,"repliesRcvd":40,"sharesMade":0,"sharesRcvd":3,"mentionsRcvd":0,"likesRcvd":464,"reachRcvd":0,"audience":11801,"voice":4,"conversation":44,"engagement":507,"group_scoped":{"audienceScore":0.7670283743951226,"voiceScore":0.8032128514056224,"engagementScore":0.43901045139279743,"combinedScore":0.47362146754355494,"combinedScoreRank":49,"SEIrank":71,"engagementSEIrank":37,"voiceSEIrank":73,"audienceSEIrank":71,"engagementSEI":0.4997732783944167,"engagementSEIadj":0.4997732783944167,"voiceSEI":1.9138755980861244,"voiceSEIadj":1.9138755980861244,"audienceSEI":1.0797284438588786,"audienceSEIadj":1.0797284438588786,"SEI":0.9819994908483751,"SEIadj":0.9819994908483751},"non_scoped":{"SEI":0.4022161994681567,"SEIrank":90,"SEIadj":0,"audienceSEI":0.6413252352051197,"audienceSEIadj":0,"audienceSEIrank":73,"audienceScore":0.12305334118861541,"combinedScore":0.033300752021555094,"combinedScoreRank":71,"engagementSEI":0.05456694082877174,"engagementSEIadj":0,"engagementSEIrank":59,"engagementScore":0.023299471740773844,"voiceSEI":1.0178117048346056,"voiceSEIadj":0,"voiceSEIrank":82,"voiceScore":0.1235712079085573},"scoped":{"SEI":4.5056604389041315,"SEIrank":67,"SEIadj":0,"audienceSEI":8.287160904768927,"audienceSEIadj":0,"audienceSEIrank":62,"audienceScore":0.5072781802464561,"combinedScore":0.3802955365374744,"combinedScoreRank":51,"engagementSEI":3.855513307984791,"engagementSEIadj":0,"engagementSEIrank":50,"engagementScore":0.3755360833141985,"voiceSEI":4.545454545454546,"voiceSEIadj":0,"voiceSEIrank":73,"voiceScore":0.3389830508474576}},"twitter":{"entityString":"536575feb08f37d80186a095","type":"twitter","profiles":1,"postsMade":27,"repliesMade":0,"repliesRcvd":0,"sharesMade":0,"sharesRcvd":15,"mentionsRcvd":0,"likesRcvd":207,"reachRcvd":0,"audience":11549,"voice":27,"conversation":27,"engagement":222,"group_scoped":{"audienceScore":1.836968088067581,"voiceScore":2.088167053364269,"engagementScore":1.6931055521659548,"combinedScore":1.720051754020952,"combinedScoreRank":71,"SEIrank":75,"engagementSEIrank":73,"voiceSEIrank":60,"audienceSEIrank":98,"engagementSEI":3.0799112097669257,"engagementSEIadj":3.0799112097669257,"voiceSEI":5.781584582441114,"voiceSEIadj":5.781584582441114,"audienceSEI":4.329229892640797,"audienceSEIadj":4.329229892640797,"SEI":4.015345089856569,"SEIadj":4.015345089856569},"non_scoped":{"SEI":2.739139232250271,"SEIrank":46,"SEIadj":0,"audienceSEI":2.0843861447609697,"audienceSEIadj":0,"audienceSEIrank":60,"audienceScore":0.33733161897562647,"combinedScore":0.3661848245722905,"combinedScoreRank":42,"engagementSEI":1.4228033070563353,"engagementSEIadj":0,"engagementSEIrank":42,"engagementScore":0.361976194358389,"voiceSEI":5.590062111801243,"voiceSEIadj":0,"voiceSEIrank":44,"voiceScore":0.4707933740191805},"scoped":{"SEI":11.067014189751465,"SEIrank":34,"SEIadj":0,"audienceSEI":9.90794677556343,"audienceSEIadj":0,"audienceSEIrank":50,"audienceScore":0.5355268185376023,"combinedScore":0.7554763603564003,"combinedScoreRank":32,"engagementSEI":8.460365853658537,"engagementSEIadj":0,"engagementSEIrank":32,"engagementScore":0.7618655410274889,"voiceSEI":16.666666666666664,"voiceSEIadj":0,"voiceSEIrank":34,"voiceScore":0.8604206500956023}},"instagram":{"entityString":"536575feb08f37d80186a095","type":"instagram","profiles":0,"postsMade":0,"repliesMade":0,"repliesRcvd":0,"sharesMade":0,"sharesRcvd":0,"mentionsRcvd":0,"likesRcvd":0,"reachRcvd":0,"audience":0,"voice":0,"conversation":0,"engagement":0,"group_scoped":{"audienceScore":0,"voiceScore":0,"engagementScore":0,"combinedScore":0,"combinedScoreRank":91,"SEIrank":73,"engagementSEIrank":68,"voiceSEIrank":66,"audienceSEIrank":73,"engagementSEI":0,"engagementSEIadj":0,"voiceSEI":0,"voiceSEIadj":0,"audienceSEI":0,"audienceSEIadj":0,"SEI":0,"SEIadj":0},"non_scoped":{"SEI":0,"SEIrank":73,"SEIadj":0,"audienceSEI":0,"audienceSEIadj":0,"audienceSEIrank":73,"audienceScore":0,"combinedScore":0,"combinedScoreRank":73,"engagementSEI":0,"engagementSEIadj":0,"engagementSEIrank":68,"engagementScore":0,"voiceSEI":0,"voiceSEIadj":0,"voiceSEIrank":66,"voiceScore":0},"scoped":{"SEI":0,"SEIrank":64,"SEIadj":0,"audienceSEI":0,"audienceSEIadj":0,"audienceSEIrank":64,"audienceScore":0,"combinedScore":0,"combinedScoreRank":64,"engagementSEI":0,"engagementSEIadj":0,"engagementSEIrank":59,"engagementScore":0,"voiceSEI":0,"voiceSEIadj":0,"voiceSEIrank":57,"voiceScore":0}}},"month":{"boundaryQuantum":4975782,"combined":{"entityString":"536575feb08f37d80186a095","type":"combined","profiles":2,"postsMade":138,"repliesMade":0,"repliesRcvd":230,"sharesMade":0,"sharesRcvd":96,"mentionsRcvd":0,"likesRcvd":4017,"reachRcvd":0,"audience":23350,"voice":138,"conversation":368,"engagement":4343,"group_scoped":{"audienceScore":1.0250354482280277,"voiceScore":1.9341275402943237,"engagementScore":0.7037677420609392,"combinedScore":0.7813491172809628,"combinedScoreRank":43,"SEIrank":56,"engagementSEIrank":39,"voiceSEIrank":57,"audienceSEIrank":84,"engagementSEI":0.8027904500654359,"engagementSEIadj":0.8027904500654359,"voiceSEI":4.56953642384106,"voiceSEIadj":4.56953642384106,"audienceSEI":1.58793414867688,"audienceSEIadj":1.58793414867688,"SEI":2.0113286120592675,"SEIadj":2.0113286120592675},"non_scoped":{"SEI":1.3087461507526552,"SEIrank":52,"SEIadj":0,"audienceSEI":0.9287662166161248,"audienceSEIadj":0,"audienceSEIrank":71,"audienceScore":0.17196425824156197,"combinedScore":0.06935008290487177,"combinedScoreRank":55,"engagementSEI":0.11984518088812923,"engagementSEIadj":0,"engagementSEIrank":53,"engagementScore":0.0472010936133649,"voiceSEI":3.8132080685272176,"voiceSEIadj":0,"voiceSEIrank":52,"voiceScore":0.36541771481530516},"scoped":{"SEI":7.987634310843868,"SEIrank":47,"SEIadj":0,"audienceSEI":12.1923838068434,"audienceSEIadj":0,"audienceSEIrank":60,"audienceScore":0.4968766990363571,"combinedScore":0.47535833025933827,"combinedScoreRank":45,"engagementSEI":4.017501988862371,"engagementSEIadj":0,"engagementSEIrank":44,"engagementScore":0.4577650357316019,"voiceSEI":14.526315789473685,"voiceSEIadj":0,"voiceSEIrank":42,"voiceScore":0.7705192629815745}},"facebook":{"entityString":"536575feb08f37d80186a095","type":"facebook","profiles":1,"postsMade":31,"repliesMade":0,"repliesRcvd":230,"sharesMade":0,"sharesRcvd":27,"mentionsRcvd":0,"likesRcvd":2906,"reachRcvd":0,"audience":11801,"voice":31,"conversation":261,"engagement":3163,"group_scoped":{"audienceScore":0.7670283743951226,"voiceScore":1.474084640989063,"engagementScore":0.6553919090283706,"combinedScore":0.701908368894743,"combinedScoreRank":39,"SEIrank":50,"engagementSEIrank":37,"voiceSEIrank":49,"audienceSEIrank":71,"engagementSEI":0.7362645803897104,"engagementSEIadj":0.7362645803897104,"voiceSEI":3.256302521008404,"voiceSEIadj":3.256302521008404,"audienceSEI":1.0797284438588786,"audienceSEIadj":1.0797284438588786,"SEI":1.5266223489222353,"SEIadj":1.5266223489222353},"non_scoped":{"SEI":0.7122719695176654,"SEIrank":63,"SEIadj":0,"audienceSEI":0.6413252352051197,"audienceSEIadj":0,"audienceSEIrank":73,"audienceScore":0.12305334118861541,"combinedScore":0.051949659868247525,"combinedScoreRank":55,"engagementSEI":0.09234203395956393,"engagementSEIadj":0,"engagementSEIrank":52,"engagementScore":0.038245384466473256,"voiceSEI":1.9757807520713833,"voiceSEIadj":0,"voiceSEIrank":57,"voiceScore":0.2275229357798165},"scoped":{"SEI":5.917015638245513,"SEIrank":53,"SEIadj":0,"audienceSEI":8.287160904768927,"audienceSEIadj":0,"audienceSEIrank":62,"audienceScore":0.5072781802464561,"combinedScore":0.47715399484931115,"combinedScoreRank":44,"engagementSEI":3.4151397691568506,"engagementSEIadj":0,"engagementSEIrank":43,"engagementScore":0.4667553054126202,"voiceSEI":10.130718954248366,"voiceSEIadj":0,"voiceSEIrank":48,"voiceScore":0.6342062193126022}},"twitter":{"entityString":"536575feb08f37d80186a095","type":"twitter","profiles":1,"postsMade":107,"repliesMade":0,"repliesRcvd":0,"sharesMade":0,"sharesRcvd":69,"mentionsRcvd":0,"likesRcvd":1111,"reachRcvd":0,"audience":11549,"voice":107,"conversation":107,"engagement":1180,"group_scoped":{"audienceScore":1.836968088067581,"voiceScore":2.1616161616161618,"engagementScore":2.2239393882281986,"combinedScore":2.201474661889566,"combinedScoreRank":68,"SEIrank":80,"engagementSEIrank":75,"voiceSEIrank":63,"audienceSEIrank":98,"engagementSEI":3.9397682882040668,"engagementSEIadj":3.9397682882040668,"voiceSEI":5.387713997985901,"voiceSEIadj":5.387713997985901,"audienceSEI":4.329229892640797,"audienceSEIadj":4.329229892640797,"SEI":4.4130981615822895,"SEIadj":4.4130981615822895},"non_scoped":{"SEI":3.048347257428522,"SEIrank":45,"SEIadj":0,"audienceSEI":2.0843861447609697,"audienceSEIadj":0,"audienceSEIrank":60,"audienceScore":0.33733161897562647,"combinedScore":0.48001090557102594,"combinedScoreRank":39,"engagementSEI":2.047438099699825,"engagementSEIadj":0,"engagementSEIrank":38,"engagementScore":0.4891009247323416,"voiceSEI":5.371485943775101,"voiceSEIadj":0,"voiceSEIrank":49,"voiceScore":0.4590698472627424},"scoped":{"SEI":12.95958161330675,"SEIrank":35,"SEIadj":0,"audienceSEI":9.90794677556343,"audienceSEIadj":0,"audienceSEIrank":50,"audienceScore":0.5355268185376023,"combinedScore":0.9621358674984382,"combinedScoreRank":29,"engagementSEI":11.640524810101608,"engagementSEIadj":0,"engagementSEIrank":28,"engagementScore":0.9928147138506066,"voiceSEI":16.61490683229814,"voiceSEIadj":0,"voiceSEIrank":39,"voiceScore":0.8365256821202408}},"instagram":{"entityString":"536575feb08f37d80186a095","type":"instagram","profiles":0,"postsMade":0,"repliesMade":0,"repliesRcvd":0,"sharesMade":0,"sharesRcvd":0,"mentionsRcvd":0,"likesRcvd":0,"reachRcvd":0,"audience":0,"voice":0,"conversation":0,"engagement":0,"group_scoped":{"audienceScore":0,"voiceScore":0,"engagementScore":0,"combinedScore":0,"combinedScoreRank":91,"SEIrank":73,"engagementSEIrank":68,"voiceSEIrank":67,"audienceSEIrank":73,"engagementSEI":0,"engagementSEIadj":0,"voiceSEI":0,"voiceSEIadj":0,"audienceSEI":0,"audienceSEIadj":0,"SEI":0,"SEIadj":0},"non_scoped":{"SEI":0,"SEIrank":73,"SEIadj":0,"audienceSEI":0,"audienceSEIadj":0,"audienceSEIrank":73,"audienceScore":0,"combinedScore":0,"combinedScoreRank":73,"engagementSEI":0,"engagementSEIadj":0,"engagementSEIrank":68,"engagementScore":0,"voiceSEI":0,"voiceSEIadj":0,"voiceSEIrank":67,"voiceScore":0},"scoped":{"SEI":0,"SEIrank":64,"SEIadj":0,"audienceSEI":0,"audienceSEIadj":0,"audienceSEIrank":64,"audienceScore":0,"combinedScore":0,"combinedScoreRank":64,"engagementSEI":0,"engagementSEIadj":0,"engagementSEIrank":59,"engagementScore":0,"voiceSEI":0,"voiceSEIadj":0,"voiceSEIrank":58,"voiceScore":0}}},"quarter":{"boundaryQuantum":4958502,"combined":{"entityString":"536575feb08f37d80186a095","type":"combined","profiles":2,"postsMade":390,"repliesMade":0,"repliesRcvd":609,"sharesMade":0,"sharesRcvd":338,"mentionsRcvd":0,"likesRcvd":11829,"reachRcvd":0,"audience":23350,"voice":390,"conversation":999,"engagement":12776,"group_scoped":{"audienceScore":1.0250354482280277,"voiceScore":1.9275441111056195,"engagementScore":0.6114539452084429,"combinedScore":0.697937528654281,"combinedScoreRank":49,"SEIrank":66,"engagementSEIrank":46,"voiceSEIrank":63,"audienceSEIrank":84,"engagementSEI":0.6822821847769259,"engagementSEIadj":0.6822821847769259,"voiceSEI":4.223521767381416,"voiceSEIadj":4.223521767381416,"audienceSEI":1.58793414867688,"audienceSEIadj":1.58793414867688,"SEI":1.8352192559482683,"SEIadj":1.8352192559482683},"non_scoped":{"SEI":1.2523859957910977,"SEIrank":56,"SEIadj":0,"audienceSEI":0.9287662166161248,"audienceSEIadj":0,"audienceSEIrank":71,"audienceScore":0.17196425824156197,"combinedScore":0.06478980064138054,"combinedScoreRank":60,"engagementSEI":0.1114472634445474,"engagementSEIadj":0,"engagementSEIrank":57,"engagementScore":0.04316213299855878,"voiceSEI":3.6421367202091894,"voiceSEIadj":0,"voiceSEIrank":55,"voiceScore":0.34691336061199074},"scoped":{"SEI":7.324718489098321,"SEIrank":47,"SEIadj":0,"audienceSEI":12.1923838068434,"audienceSEIadj":0,"audienceSEIrank":60,"audienceScore":0.4968766990363571,"combinedScore":0.44085994132806006,"combinedScoreRank":48,"engagementSEI":2.5852980397791083,"engagementSEIadj":0,"engagementSEIrank":48,"engagementScore":0.42170834128272483,"voiceSEI":15.18100428182172,"voiceSEIadj":0,"voiceSEIrank":45,"voiceScore":0.7295719844357976}},"facebook":{"entityString":"536575feb08f37d80186a095","type":"facebook","profiles":1,"postsMade":85,"repliesMade":0,"repliesRcvd":609,"sharesMade":0,"sharesRcvd":91,"mentionsRcvd":0,"likesRcvd":8454,"reachRcvd":0,"audience":11801,"voice":85,"conversation":694,"engagement":9154,"group_scoped":{"audienceScore":0.7670283743951226,"voiceScore":1.3818891237197204,"engagementScore":0.5824637312293204,"combinedScore":0.6316632330121306,"combinedScoreRank":45,"SEIrank":55,"engagementSEIrank":42,"voiceSEIrank":54,"audienceSEIrank":71,"engagementSEI":0.6423719905040662,"engagementSEIadj":0.6423719905040662,"voiceSEI":2.9039972668261016,"voiceSEIadj":2.9039972668261016,"audienceSEI":1.0797284438588786,"audienceSEIadj":1.0797284438588786,"SEI":1.364595218736158,"SEIadj":1.364595218736158},"non_scoped":{"SEI":0.6491104891849959,"SEIrank":66,"SEIadj":0,"audienceSEI":0.6413252352051197,"audienceSEIadj":0,"audienceSEIrank":73,"audienceScore":0.12305334118861541,"combinedScore":0.047585707895656415,"combinedScoreRank":63,"engagementSEI":0.08266850390507986,"engagementSEIadj":0,"engagementSEIrank":57,"engagementScore":0.0344033305310316,"voiceSEI":1.7845895444047868,"voiceSEIadj":0,"voiceSEIrank":62,"voiceScore":0.20940086716594403},"scoped":{"SEI":8.608959781364284,"SEIrank":55,"SEIadj":0,"audienceSEI":8.287160904768927,"audienceSEIadj":0,"audienceSEIrank":62,"audienceScore":0.5072781802464561,"combinedScore":0.46822918480261216,"combinedScoreRank":50,"engagementSEI":7.784145988877361,"engagementSEIadj":0,"engagementSEIrank":48,"engagementScore":0.45984332976001147,"voiceSEI":10.365853658536585,"voiceSEIadj":0,"voiceSEIrank":53,"voiceScore":0.5801255801255801}},"twitter":{"entityString":"536575feb08f37d80186a095","type":"twitter","profiles":1,"postsMade":305,"repliesMade":0,"repliesRcvd":0,"sharesMade":0,"sharesRcvd":247,"mentionsRcvd":0,"likesRcvd":3375,"reachRcvd":0,"audience":11549,"voice":305,"conversation":305,"engagement":3622,"group_scoped":{"audienceScore":1.836968088067581,"voiceScore":2.2135133173670076,"engagementScore":2.039621132772466,"combinedScore":2.0381830897669486,"combinedScoreRank":71,"SEIrank":87,"engagementSEIrank":82,"voiceSEIrank":70,"audienceSEIrank":98,"engagementSEI":3.377345119540487,"engagementSEIadj":3.377345119540487,"voiceSEI":5.0799467021985345,"voiceSEIadj":5.0799467021985345,"audienceSEI":4.329229892640797,"audienceSEIadj":4.329229892640797,"SEI":3.983314071647932,"SEIadj":3.983314071647932},"non_scoped":{"SEI":2.7619857799106136,"SEIrank":48,"SEIadj":0,"audienceSEI":2.0843861447609697,"audienceSEIadj":0,"audienceSEIrank":60,"audienceScore":0.33733161897562647,"combinedScore":0.43099365683342494,"combinedScoreRank":41,"engagementSEI":1.7176296521112335,"engagementSEIadj":0,"engagementSEIrank":39,"engagementScore":0.4357974781018385,"voiceSEI":5.076564580559254,"voiceSEIadj":0,"voiceSEIrank":52,"voiceScore":0.4381869118597802},"scoped":{"SEI":12.94808030386161,"SEIrank":38,"SEIadj":0,"audienceSEI":9.90794677556343,"audienceSEIadj":0,"audienceSEIrank":50,"audienceScore":0.5355268185376023,"combinedScore":0.8798914065384003,"combinedScoreRank":31,"engagementSEI":11.39495375322469,"engagementSEIadj":0,"engagementSEIrank":30,"engagementScore":0.903507765377343,"voiceSEI":17.06771124790151,"voiceSEIadj":0,"voiceSEIrank":42,"voiceScore":0.7991615354382288}},"instagram":{"entityString":"536575feb08f37d80186a095","type":"instagram","profiles":0,"postsMade":0,"repliesMade":0,"repliesRcvd":0,"sharesMade":0,"sharesRcvd":0,"mentionsRcvd":0,"likesRcvd":0,"reachRcvd":0,"audience":0,"voice":0,"conversation":0,"engagement":0,"group_scoped":{"audienceScore":0,"voiceScore":0,"engagementScore":0,"combinedScore":0,"combinedScoreRank":91,"SEIrank":73,"engagementSEIrank":68,"voiceSEIrank":68,"audienceSEIrank":73,"engagementSEI":0,"engagementSEIadj":0,"voiceSEI":0,"voiceSEIadj":0,"audienceSEI":0,"audienceSEIadj":0,"SEI":0,"SEIadj":0},"non_scoped":{"SEI":0,"SEIrank":73,"SEIadj":0,"audienceSEI":0,"audienceSEIadj":0,"audienceSEIrank":73,"audienceScore":0,"combinedScore":0,"combinedScoreRank":73,"engagementSEI":0,"engagementSEIadj":0,"engagementSEIrank":68,"engagementScore":0,"voiceSEI":0,"voiceSEIadj":0,"voiceSEIrank":68,"voiceScore":0},"scoped":{"SEI":0,"SEIrank":64,"SEIadj":0,"audienceSEI":0,"audienceSEIadj":0,"audienceSEIrank":64,"audienceScore":0,"combinedScore":0,"combinedScoreRank":64,"engagementSEI":0,"engagementSEIadj":0,"engagementSEIrank":59,"engagementScore":0,"voiceSEI":0,"voiceSEIadj":0,"voiceSEIrank":59,"voiceScore":0}}},"blended":{"combined":{"non_scoped":{"SEI":1.2279443027481793,"SEIadj":60.49117772109927,"SEIrank":54,"audienceSEI":0.9287662166161248,"audienceSEIadj":50.46438310830806,"audienceSEIrank":71,"engagementSEI":0.09961195392211329,"engagementSEIadj":60.039844781568846,"engagementSEIrank":56,"voiceSEI":3.584335029110997,"voiceSEIadj":61.4337340116444,"voiceSEIrank":55},"scoped":{"SEI":11.401413043361735,"SEIadj":55.70070652168087,"SEIrank":69,"compCharisma":3,"compInfluence":3,"compEva":5.401413043361735,"audienceSEI":12.1923838068434,"audienceSEIadj":64.87695352273737,"audienceSEIrank":60,"engagementSEI":2.6614069322887155,"engagementSEIadj":61.06456277291549,"engagementSEIrank":47,"voiceSEI":14.303466284728,"voiceSEIadj":65.7213865138912,"voiceSEIrank":45}},"facebook":{"non_scoped":{"SEI":0.5571843364640691,"SEIadj":50.27859216823204,"SEIrank":71,"audienceSEI":0.6413252352051197,"audienceSEIadj":50.32066261760256,"audienceSEIrank":73,"engagementSEI":0.07475032334085392,"engagementSEIadj":60.02990012933634,"engagementSEIrank":55,"voiceSEI":1.4940053964634825,"voiceSEIadj":60.597602158585396,"voiceSEIrank":68},"scoped":{"SEI":6.687788749580985,"SEIadj":62.675115499832394,"SEIrank":60,"audienceSEI":8.287160904768927,"audienceSEIadj":63.31486436190757,"audienceSEIrank":62,"engagementSEI":5.732035580485867,"engagementSEIadj":62.292814232194345,"engagementSEIrank":49,"voiceSEI":8.066171036041911,"voiceSEIadj":63.226468414416765,"voiceSEIrank":58}},"twitter":{"non_scoped":{"SEI":2.766956598262292,"SEIadj":61.10678263930492,"SEIrank":46,"audienceSEI":2.0843861447609697,"audienceSEIadj":60.83375445790439,"audienceSEIrank":60,"engagementSEI":1.6495180652838592,"engagementSEIadj":60.65980722611354,"engagementSEIrank":43,"voiceSEI":5.229357148719598,"voiceSEIadj":62.09174285948784,"voiceSEIrank":52},"scoped":{"SEI":12.003377747326585,"SEIadj":64.80135109893064,"SEIrank":36,"audienceSEI":9.90794677556343,"audienceSEIadj":63.96317871022537,"audienceSEIrank":50,"engagementSEI":10.148951599578307,"engagementSEIadj":64.05958063983132,"engagementSEIrank":33,"voiceSEI":16.41070703341086,"voiceSEIadj":66.56428281336434,"voiceSEIrank":42}},"instagram":{"non_scoped":{"SEI":0,"SEIadj":0,"SEIrank":73,"audienceSEI":0,"audienceSEIadj":0,"audienceSEIrank":73,"engagementSEI":0,"engagementSEIadj":0,"engagementSEIrank":68,"voiceSEI":0,"voiceSEIadj":0,"voiceSEIrank":68},"scoped":{"SEI":0,"SEIadj":0,"SEIrank":64,"audienceSEI":0,"audienceSEIadj":0,"audienceSEIrank":64,"engagementSEI":0,"engagementSEIadj":0,"engagementSEIrank":59,"voiceSEI":0,"voiceSEIadj":0,"voiceSEIrank":59}},"influence":{"instagram":{"scope":"individual","ratio":0,"calculated":false},"combined":{"ratio":0.59,"bottom":false,"scope":"individual","calculated":true},"facebook":{"ratio":0.7,"bottom":false,"scope":"individual","calculated":true},"twitter":{"ratio":1.42,"bottom":false,"scope":"individual","calculated":true}},"charisma":{"instagram":{"scope":"individual","ratio":0,"calculated":false},"combined":{"ratio":0.52,"bottom":false,"scope":"individual","calculated":true},"facebook":{"ratio":0.71,"bottom":false,"scope":"individual","calculated":true},"twitter":{"ratio":1.27,"bottom":false,"scope":"individual","calculated":true}}},"scope":"individual"}}