{"scoreEntityString":"591d1494ab33fb0001804f89.asset.536575ffb08f37d80186deb2","timeQuantum":4984422,"scoreEntityType":"asset","scoreProfileID":"591d1494ab33fb0001804f89","data":{"scoreEntityString":"591d1494ab33fb0001804f89.asset.536575ffb08f37d80186deb2","scoreProfileID":"591d1494ab33fb0001804f89","scoreEntityType":"asset","entityID":"asset.536575ffb08f37d80186deb2","object_version":"1.2","score_engine_version":"3.0.19","timestamp":4984422,"start_quantum":4958502,"end_quantum":4984421,"schedule_options":{"interval":15,"offset":"1"},"_15min":{"boundaryQuantum":4984419,"combined":{"entityString":"536575ffb08f37d80186deb2","type":"combined","profiles":1,"postsMade":0,"repliesMade":0,"repliesRcvd":0,"sharesMade":0,"sharesRcvd":0,"mentionsRcvd":0,"likesRcvd":0,"reachRcvd":0,"audience":1507,"voice":0,"conversation":0,"engagement":0,"group_scoped":{"audienceScore":0.10768731662071913,"voiceScore":0,"engagementScore":0,"combinedScore":0.10768731662071913,"engagementSEI":0,"engagementSEIadj":0,"voiceSEI":0,"voiceSEIadj":0,"audienceSEI":0.1557654938603382,"audienceSEIadj":0.1557654938603382,"SEI":0.01557654938603382,"SEIadj":0.01557654938603382,"combinedScoreRank":215,"SEIrank":216,"engagementSEIrank":221,"voiceSEIrank":221,"audienceSEIrank":216},"non_scoped":{"SEI":0.005994221363770879,"SEIrank":215,"SEIadj":0,"audienceSEI":0.05994221363770878,"audienceSEIadj":0,"audienceSEIrank":215,"audienceScore":0.011098506945183464,"combinedScore":0.0005549253472591732,"combinedScoreRank":215,"engagementSEI":0,"engagementSEIadj":0,"engagementSEIrank":221,"engagementScore":0,"voiceSEI":0,"voiceSEIadj":0,"voiceSEIrank":221,"voiceScore":0},"scoped":{"SEI":0.07868917514737904,"SEIrank":195,"SEIadj":0,"audienceSEI":0.7868917514737903,"audienceSEIadj":0,"audienceSEIrank":195,"audienceScore":0.032068230640162315,"combinedScore":0.004581175805737473,"combinedScoreRank":195,"engagementSEI":0,"engagementSEIadj":0,"engagementSEIrank":198,"engagementScore":0,"voiceSEI":0,"voiceSEIadj":0,"voiceSEIrank":198,"voiceScore":0}},"facebook":{"entityString":"536575ffb08f37d80186deb2","type":"facebook","profiles":0,"postsMade":0,"repliesMade":0,"repliesRcvd":0,"sharesMade":0,"sharesRcvd":0,"mentionsRcvd":0,"likesRcvd":0,"reachRcvd":0,"audience":0,"voice":0,"conversation":0,"engagement":0,"group_scoped":{"audienceScore":0,"voiceScore":0,"engagementScore":0,"combinedScore":0,"engagementSEI":0,"engagementSEIadj":0,"voiceSEI":0,"voiceSEIadj":0,"audienceSEI":0,"audienceSEIadj":0,"SEI":0,"SEIadj":0,"combinedScoreRank":227,"SEIrank":227,"engagementSEIrank":221,"voiceSEIrank":221,"audienceSEIrank":227},"non_scoped":{"SEI":0,"SEIrank":227,"SEIadj":0,"audienceSEI":0,"audienceSEIadj":0,"audienceSEIrank":227,"audienceScore":0,"combinedScore":0,"combinedScoreRank":227,"engagementSEI":0,"engagementSEIadj":0,"engagementSEIrank":221,"engagementScore":0,"voiceSEI":0,"voiceSEIadj":0,"voiceSEIrank":221,"voiceScore":0},"scoped":{"SEI":0,"SEIrank":204,"SEIadj":0,"audienceSEI":0,"audienceSEIadj":0,"audienceSEIrank":204,"audienceScore":0,"combinedScore":0,"combinedScoreRank":204,"engagementSEI":0,"engagementSEIadj":0,"engagementSEIrank":198,"engagementScore":0,"voiceSEI":0,"voiceSEIadj":0,"voiceSEIrank":198,"voiceScore":0}},"twitter":{"entityString":"536575ffb08f37d80186deb2","type":"twitter","profiles":1,"postsMade":0,"repliesMade":0,"repliesRcvd":0,"sharesMade":0,"sharesRcvd":0,"mentionsRcvd":0,"likesRcvd":0,"reachRcvd":0,"audience":1507,"voice":0,"conversation":0,"engagement":0,"group_scoped":{"audienceScore":0.44321704400407047,"voiceScore":0,"engagementScore":0,"combinedScore":0.44321704400407047,"engagementSEI":0,"engagementSEIadj":0,"voiceSEI":0,"voiceSEIadj":0,"audienceSEI":1.1942498494310076,"audienceSEIadj":1.1942498494310076,"SEI":0.11942498494310078,"SEIadj":0.11942498494310078,"combinedScoreRank":201,"SEIrank":198,"engagementSEIrank":220,"voiceSEIrank":220,"audienceSEIrank":198},"non_scoped":{"SEI":0.02719863122482277,"SEIrank":206,"SEIadj":0,"audienceSEI":0.27198631224822767,"audienceSEIadj":0,"audienceSEIrank":206,"audienceScore":0.044017555614881736,"combinedScore":0.002200877780744087,"combinedScoreRank":206,"engagementSEI":0,"engagementSEIadj":0,"engagementSEIrank":220,"engagementScore":0,"voiceSEI":0,"voiceSEIadj":0,"voiceSEIrank":220,"voiceScore":0},"scoped":{"SEI":0.12928630869143726,"SEIrank":187,"SEIadj":0,"audienceSEI":1.2928630869143725,"audienceSEIadj":0,"audienceSEIrank":187,"audienceScore":0.06987954935805409,"combinedScore":0.009982792765436297,"combinedScoreRank":187,"engagementSEI":0,"engagementSEIadj":0,"engagementSEIrank":198,"engagementScore":0,"voiceSEI":0,"voiceSEIadj":0,"voiceSEIrank":198,"voiceScore":0}},"instagram":{"entityString":"536575ffb08f37d80186deb2","type":"instagram","profiles":0,"postsMade":0,"repliesMade":0,"repliesRcvd":0,"sharesMade":0,"sharesRcvd":0,"mentionsRcvd":0,"likesRcvd":0,"reachRcvd":0,"audience":0,"voice":0,"conversation":0,"engagement":0,"group_scoped":{"audienceScore":0,"voiceScore":0,"engagementScore":0,"combinedScore":0,"engagementSEI":0,"engagementSEIadj":0,"voiceSEI":0,"voiceSEIadj":0,"audienceSEI":0,"audienceSEIadj":0,"SEI":0,"SEIadj":0,"combinedScoreRank":221,"SEIrank":221,"engagementSEIrank":220,"voiceSEIrank":220,"audienceSEIrank":221},"non_scoped":{"SEI":0,"SEIrank":221,"SEIadj":0,"audienceSEI":0,"audienceSEIadj":0,"audienceSEIrank":221,"audienceScore":0,"combinedScore":0,"combinedScoreRank":221,"engagementSEI":0,"engagementSEIadj":0,"engagementSEIrank":220,"engagementScore":0,"voiceSEI":0,"voiceSEIadj":0,"voiceSEIrank":220,"voiceScore":0},"scoped":{"SEI":0,"SEIrank":198,"SEIadj":0,"audienceSEI":0,"audienceSEIadj":0,"audienceSEIrank":198,"audienceScore":0,"combinedScore":0,"combinedScoreRank":198,"engagementSEI":0,"engagementSEIadj":0,"engagementSEIrank":198,"engagementScore":0,"voiceSEI":0,"voiceSEIadj":0,"voiceSEIrank":198,"voiceScore":0}}},"hour":{"boundaryQuantum":4984410,"combined":{"entityString":"536575ffb08f37d80186deb2","type":"combined","profiles":1,"postsMade":0,"repliesMade":0,"repliesRcvd":0,"sharesMade":0,"sharesRcvd":0,"mentionsRcvd":0,"likesRcvd":0,"reachRcvd":0,"audience":1507,"voice":0,"conversation":0,"engagement":0,"group_scoped":{"audienceScore":0.10768731662071913,"voiceScore":0,"engagementScore":0,"combinedScore":0.10768731662071913,"combinedScoreRank":213,"SEIrank":216,"engagementSEIrank":222,"voiceSEIrank":221,"audienceSEIrank":216,"engagementSEI":0,"engagementSEIadj":0,"voiceSEI":0,"voiceSEIadj":0,"audienceSEI":0.1557654938603382,"audienceSEIadj":0.1557654938603382,"SEI":0.01557654938603382,"SEIadj":0.01557654938603382},"non_scoped":{"SEI":0.005994221363770879,"SEIrank":216,"SEIadj":0,"audienceSEI":0.05994221363770878,"audienceSEIadj":0,"audienceSEIrank":215,"audienceScore":0.011098506945183464,"combinedScore":0.0005549253472591732,"combinedScoreRank":216,"engagementSEI":0,"engagementSEIadj":0,"engagementSEIrank":222,"engagementScore":0,"voiceSEI":0,"voiceSEIadj":0,"voiceSEIrank":221,"voiceScore":0},"scoped":{"SEI":0.07868917514737904,"SEIrank":196,"SEIadj":0,"audienceSEI":0.7868917514737903,"audienceSEIadj":0,"audienceSEIrank":195,"audienceScore":0.032068230640162315,"combinedScore":0.0016034115320081158,"combinedScoreRank":196,"engagementSEI":0,"engagementSEIadj":0,"engagementSEIrank":199,"engagementScore":0,"voiceSEI":0,"voiceSEIadj":0,"voiceSEIrank":198,"voiceScore":0}},"facebook":{"entityString":"536575ffb08f37d80186deb2","type":"facebook","profiles":0,"postsMade":0,"repliesMade":0,"repliesRcvd":0,"sharesMade":0,"sharesRcvd":0,"mentionsRcvd":0,"likesRcvd":0,"reachRcvd":0,"audience":0,"voice":0,"conversation":0,"engagement":0,"group_scoped":{"audienceScore":0,"voiceScore":0,"engagementScore":0,"combinedScore":0,"combinedScoreRank":227,"SEIrank":227,"engagementSEIrank":222,"voiceSEIrank":221,"audienceSEIrank":227,"engagementSEI":0,"engagementSEIadj":0,"voiceSEI":0,"voiceSEIadj":0,"audienceSEI":0,"audienceSEIadj":0,"SEI":0,"SEIadj":0},"non_scoped":{"SEI":0,"SEIrank":227,"SEIadj":0,"audienceSEI":0,"audienceSEIadj":0,"audienceSEIrank":227,"audienceScore":0,"combinedScore":0,"combinedScoreRank":227,"engagementSEI":0,"engagementSEIadj":0,"engagementSEIrank":222,"engagementScore":0,"voiceSEI":0,"voiceSEIadj":0,"voiceSEIrank":221,"voiceScore":0},"scoped":{"SEI":0,"SEIrank":204,"SEIadj":0,"audienceSEI":0,"audienceSEIadj":0,"audienceSEIrank":204,"audienceScore":0,"combinedScore":0,"combinedScoreRank":204,"engagementSEI":0,"engagementSEIadj":0,"engagementSEIrank":199,"engagementScore":0,"voiceSEI":0,"voiceSEIadj":0,"voiceSEIrank":198,"voiceScore":0}},"twitter":{"entityString":"536575ffb08f37d80186deb2","type":"twitter","profiles":1,"postsMade":0,"repliesMade":0,"repliesRcvd":0,"sharesMade":0,"sharesRcvd":0,"mentionsRcvd":0,"likesRcvd":0,"reachRcvd":0,"audience":1507,"voice":0,"conversation":0,"engagement":0,"group_scoped":{"audienceScore":0.44321704400407047,"voiceScore":0,"engagementScore":0,"combinedScore":0.44321704400407047,"combinedScoreRank":202,"SEIrank":199,"engagementSEIrank":221,"voiceSEIrank":221,"audienceSEIrank":198,"engagementSEI":0,"engagementSEIadj":0,"voiceSEI":0,"voiceSEIadj":0,"audienceSEI":1.1942498494310076,"audienceSEIadj":1.1942498494310076,"SEI":0.11942498494310078,"SEIadj":0.11942498494310078},"non_scoped":{"SEI":0.02719863122482277,"SEIrank":206,"SEIadj":0,"audienceSEI":0.27198631224822767,"audienceSEIadj":0,"audienceSEIrank":206,"audienceScore":0.044017555614881736,"combinedScore":0.002200877780744087,"combinedScoreRank":206,"engagementSEI":0,"engagementSEIadj":0,"engagementSEIrank":221,"engagementScore":0,"voiceSEI":0,"voiceSEIadj":0,"voiceSEIrank":221,"voiceScore":0},"scoped":{"SEI":0.12928630869143726,"SEIrank":187,"SEIadj":0,"audienceSEI":1.2928630869143725,"audienceSEIadj":0,"audienceSEIrank":187,"audienceScore":0.06987954935805409,"combinedScore":0.0034939774679027045,"combinedScoreRank":187,"engagementSEI":0,"engagementSEIadj":0,"engagementSEIrank":198,"engagementScore":0,"voiceSEI":0,"voiceSEIadj":0,"voiceSEIrank":198,"voiceScore":0}},"instagram":{"entityString":"536575ffb08f37d80186deb2","type":"instagram","profiles":0,"postsMade":0,"repliesMade":0,"repliesRcvd":0,"sharesMade":0,"sharesRcvd":0,"mentionsRcvd":0,"likesRcvd":0,"reachRcvd":0,"audience":0,"voice":0,"conversation":0,"engagement":0,"group_scoped":{"audienceScore":0,"voiceScore":0,"engagementScore":0,"combinedScore":0,"combinedScoreRank":221,"SEIrank":221,"engagementSEIrank":220,"voiceSEIrank":220,"audienceSEIrank":221,"engagementSEI":0,"engagementSEIadj":0,"voiceSEI":0,"voiceSEIadj":0,"audienceSEI":0,"audienceSEIadj":0,"SEI":0,"SEIadj":0},"non_scoped":{"SEI":0,"SEIrank":221,"SEIadj":0,"audienceSEI":0,"audienceSEIadj":0,"audienceSEIrank":221,"audienceScore":0,"combinedScore":0,"combinedScoreRank":221,"engagementSEI":0,"engagementSEIadj":0,"engagementSEIrank":220,"engagementScore":0,"voiceSEI":0,"voiceSEIadj":0,"voiceSEIrank":220,"voiceScore":0},"scoped":{"SEI":0,"SEIrank":198,"SEIadj":0,"audienceSEI":0,"audienceSEIadj":0,"audienceSEIrank":198,"audienceScore":0,"combinedScore":0,"combinedScoreRank":198,"engagementSEI":0,"engagementSEIadj":0,"engagementSEIrank":198,"engagementScore":0,"voiceSEI":0,"voiceSEIadj":0,"voiceSEIrank":198,"voiceScore":0}}},"today":{"boundaryQuantum":4984134,"combined":{"entityString":"536575ffb08f37d80186deb2","type":"combined","profiles":1,"postsMade":0,"repliesMade":0,"repliesRcvd":0,"sharesMade":0,"sharesRcvd":0,"mentionsRcvd":0,"likesRcvd":0,"reachRcvd":0,"audience":1507,"voice":0,"conversation":0,"engagement":0,"group_scoped":{"audienceScore":0.10768731662071913,"voiceScore":0,"engagementScore":0,"combinedScore":0.10768731662071913,"combinedScoreRank":173,"SEIrank":219,"engagementSEIrank":227,"voiceSEIrank":222,"audienceSEIrank":216,"engagementSEI":0,"engagementSEIadj":0,"voiceSEI":0,"voiceSEIadj":0,"audienceSEI":0.1557654938603382,"audienceSEIadj":0.1557654938603382,"SEI":0.01557654938603382,"SEIadj":0.01557654938603382},"non_scoped":{"SEI":0.005994221363770879,"SEIrank":218,"SEIadj":0,"audienceSEI":0.05994221363770878,"audienceSEIadj":0,"audienceSEIrank":215,"audienceScore":0.011098506945183464,"combinedScore":0.0005549253472591732,"combinedScoreRank":220,"engagementSEI":0,"engagementSEIadj":0,"engagementSEIrank":227,"engagementScore":0,"voiceSEI":0,"voiceSEIadj":0,"voiceSEIrank":222,"voiceScore":0},"scoped":{"SEI":0.07868917514737904,"SEIrank":198,"SEIadj":0,"audienceSEI":0.7868917514737903,"audienceSEIadj":0,"audienceSEIrank":195,"audienceScore":0.032068230640162315,"combinedScore":0.0016034115320081158,"combinedScoreRank":200,"engagementSEI":0,"engagementSEIadj":0,"engagementSEIrank":204,"engagementScore":0,"voiceSEI":0,"voiceSEIadj":0,"voiceSEIrank":199,"voiceScore":0}},"facebook":{"entityString":"536575ffb08f37d80186deb2","type":"facebook","profiles":0,"postsMade":0,"repliesMade":0,"repliesRcvd":0,"sharesMade":0,"sharesRcvd":0,"mentionsRcvd":0,"likesRcvd":0,"reachRcvd":0,"audience":0,"voice":0,"conversation":0,"engagement":0,"group_scoped":{"audienceScore":0,"voiceScore":0,"engagementScore":0,"combinedScore":0,"combinedScoreRank":227,"SEIrank":227,"engagementSEIrank":224,"voiceSEIrank":222,"audienceSEIrank":227,"engagementSEI":0,"engagementSEIadj":0,"voiceSEI":0,"voiceSEIadj":0,"audienceSEI":0,"audienceSEIadj":0,"SEI":0,"SEIadj":0},"non_scoped":{"SEI":0,"SEIrank":227,"SEIadj":0,"audienceSEI":0,"audienceSEIadj":0,"audienceSEIrank":227,"audienceScore":0,"combinedScore":0,"combinedScoreRank":227,"engagementSEI":0,"engagementSEIadj":0,"engagementSEIrank":224,"engagementScore":0,"voiceSEI":0,"voiceSEIadj":0,"voiceSEIrank":222,"voiceScore":0},"scoped":{"SEI":0,"SEIrank":204,"SEIadj":0,"audienceSEI":0,"audienceSEIadj":0,"audienceSEIrank":204,"audienceScore":0,"combinedScore":0,"combinedScoreRank":204,"engagementSEI":0,"engagementSEIadj":0,"engagementSEIrank":201,"engagementScore":0,"voiceSEI":0,"voiceSEIadj":0,"voiceSEIrank":199,"voiceScore":0}},"twitter":{"entityString":"536575ffb08f37d80186deb2","type":"twitter","profiles":1,"postsMade":0,"repliesMade":0,"repliesRcvd":0,"sharesMade":0,"sharesRcvd":0,"mentionsRcvd":0,"likesRcvd":0,"reachRcvd":0,"audience":1507,"voice":0,"conversation":0,"engagement":0,"group_scoped":{"audienceScore":0.44321704400407047,"voiceScore":0,"engagementScore":0,"combinedScore":0.44321704400407047,"combinedScoreRank":185,"SEIrank":209,"engagementSEIrank":227,"voiceSEIrank":221,"audienceSEIrank":198,"engagementSEI":0,"engagementSEIadj":0,"voiceSEI":0,"voiceSEIadj":0,"audienceSEI":1.1942498494310076,"audienceSEIadj":1.1942498494310076,"SEI":0.11942498494310078,"SEIadj":0.11942498494310078},"non_scoped":{"SEI":0.02719863122482277,"SEIrank":214,"SEIadj":0,"audienceSEI":0.27198631224822767,"audienceSEIadj":0,"audienceSEIrank":206,"audienceScore":0.044017555614881736,"combinedScore":0.002200877780744087,"combinedScoreRank":214,"engagementSEI":0,"engagementSEIadj":0,"engagementSEIrank":227,"engagementScore":0,"voiceSEI":0,"voiceSEIadj":0,"voiceSEIrank":221,"voiceScore":0},"scoped":{"SEI":0.12928630869143726,"SEIrank":195,"SEIadj":0,"audienceSEI":1.2928630869143725,"audienceSEIadj":0,"audienceSEIrank":187,"audienceScore":0.06987954935805409,"combinedScore":0.0034939774679027045,"combinedScoreRank":195,"engagementSEI":0,"engagementSEIadj":0,"engagementSEIrank":204,"engagementScore":0,"voiceSEI":0,"voiceSEIadj":0,"voiceSEIrank":198,"voiceScore":0}},"instagram":{"entityString":"536575ffb08f37d80186deb2","type":"instagram","profiles":0,"postsMade":0,"repliesMade":0,"repliesRcvd":0,"sharesMade":0,"sharesRcvd":0,"mentionsRcvd":0,"likesRcvd":0,"reachRcvd":0,"audience":0,"voice":0,"conversation":0,"engagement":0,"group_scoped":{"audienceScore":0,"voiceScore":0,"engagementScore":0,"combinedScore":0,"combinedScoreRank":221,"SEIrank":221,"engagementSEIrank":221,"voiceSEIrank":221,"audienceSEIrank":221,"engagementSEI":0,"engagementSEIadj":0,"voiceSEI":0,"voiceSEIadj":0,"audienceSEI":0,"audienceSEIadj":0,"SEI":0,"SEIadj":0},"non_scoped":{"SEI":0,"SEIrank":221,"SEIadj":0,"audienceSEI":0,"audienceSEIadj":0,"audienceSEIrank":221,"audienceScore":0,"combinedScore":0,"combinedScoreRank":221,"engagementSEI":0,"engagementSEIadj":0,"engagementSEIrank":221,"engagementScore":0,"voiceSEI":0,"voiceSEIadj":0,"voiceSEIrank":221,"voiceScore":0},"scoped":{"SEI":0,"SEIrank":198,"SEIadj":0,"audienceSEI":0,"audienceSEIadj":0,"audienceSEIrank":198,"audienceScore":0,"combinedScore":0,"combinedScoreRank":198,"engagementSEI":0,"engagementSEIadj":0,"engagementSEIrank":198,"engagementScore":0,"voiceSEI":0,"voiceSEIadj":0,"voiceSEIrank":198,"voiceScore":0}}},"week":{"boundaryQuantum":4982406,"combined":{"entityString":"536575ffb08f37d80186deb2","type":"combined","profiles":1,"postsMade":0,"repliesMade":0,"repliesRcvd":0,"sharesMade":0,"sharesRcvd":0,"mentionsRcvd":0,"likesRcvd":0,"reachRcvd":0,"audience":1507,"voice":0,"conversation":0,"engagement":0,"group_scoped":{"audienceScore":0.10768731662071913,"voiceScore":0,"engagementScore":0,"combinedScore":0.10768731662071913,"combinedScoreRank":149,"SEIrank":221,"engagementSEIrank":229,"voiceSEIrank":229,"audienceSEIrank":216,"engagementSEI":0,"engagementSEIadj":0,"voiceSEI":0,"voiceSEIadj":0,"audienceSEI":0.1557654938603382,"audienceSEIadj":0.1557654938603382,"SEI":0.01557654938603382,"SEIadj":0.01557654938603382},"non_scoped":{"SEI":0.005994221363770879,"SEIrank":221,"SEIadj":0,"audienceSEI":0.05994221363770878,"audienceSEIadj":0,"audienceSEIrank":215,"audienceScore":0.011098506945183464,"combinedScore":0.0005549253472591732,"combinedScoreRank":221,"engagementSEI":0,"engagementSEIadj":0,"engagementSEIrank":229,"engagementScore":0,"voiceSEI":0,"voiceSEIadj":0,"voiceSEIrank":229,"voiceScore":0},"scoped":{"SEI":0.07868917514737904,"SEIrank":200,"SEIadj":0,"audienceSEI":0.7868917514737903,"audienceSEIadj":0,"audienceSEIrank":195,"audienceScore":0.032068230640162315,"combinedScore":0.0016034115320081158,"combinedScoreRank":200,"engagementSEI":0,"engagementSEIadj":0,"engagementSEIrank":206,"engagementScore":0,"voiceSEI":0,"voiceSEIadj":0,"voiceSEIrank":206,"voiceScore":0}},"facebook":{"entityString":"536575ffb08f37d80186deb2","type":"facebook","profiles":0,"postsMade":0,"repliesMade":0,"repliesRcvd":0,"sharesMade":0,"sharesRcvd":0,"mentionsRcvd":0,"likesRcvd":0,"reachRcvd":0,"audience":0,"voice":0,"conversation":0,"engagement":0,"group_scoped":{"audienceScore":0,"voiceScore":0,"engagementScore":0,"combinedScore":0,"combinedScoreRank":227,"SEIrank":227,"engagementSEIrank":224,"voiceSEIrank":224,"audienceSEIrank":227,"engagementSEI":0,"engagementSEIadj":0,"voiceSEI":0,"voiceSEIadj":0,"audienceSEI":0,"audienceSEIadj":0,"SEI":0,"SEIadj":0},"non_scoped":{"SEI":0,"SEIrank":227,"SEIadj":0,"audienceSEI":0,"audienceSEIadj":0,"audienceSEIrank":227,"audienceScore":0,"combinedScore":0,"combinedScoreRank":227,"engagementSEI":0,"engagementSEIadj":0,"engagementSEIrank":224,"engagementScore":0,"voiceSEI":0,"voiceSEIadj":0,"voiceSEIrank":224,"voiceScore":0},"scoped":{"SEI":0,"SEIrank":204,"SEIadj":0,"audienceSEI":0,"audienceSEIadj":0,"audienceSEIrank":204,"audienceScore":0,"combinedScore":0,"combinedScoreRank":204,"engagementSEI":0,"engagementSEIadj":0,"engagementSEIrank":201,"engagementScore":0,"voiceSEI":0,"voiceSEIadj":0,"voiceSEIrank":201,"voiceScore":0}},"twitter":{"entityString":"536575ffb08f37d80186deb2","type":"twitter","profiles":1,"postsMade":0,"repliesMade":0,"repliesRcvd":0,"sharesMade":0,"sharesRcvd":0,"mentionsRcvd":0,"likesRcvd":0,"reachRcvd":0,"audience":1507,"voice":0,"conversation":0,"engagement":0,"group_scoped":{"audienceScore":0.44321704400407047,"voiceScore":0,"engagementScore":0,"combinedScore":0.44321704400407047,"combinedScoreRank":159,"SEIrank":215,"engagementSEIrank":229,"voiceSEIrank":229,"audienceSEIrank":198,"engagementSEI":0,"engagementSEIadj":0,"voiceSEI":0,"voiceSEIadj":0,"audienceSEI":1.1942498494310076,"audienceSEIadj":1.1942498494310076,"SEI":0.11942498494310078,"SEIadj":0.11942498494310078},"non_scoped":{"SEI":0.02719863122482277,"SEIrank":216,"SEIadj":0,"audienceSEI":0.27198631224822767,"audienceSEIadj":0,"audienceSEIrank":206,"audienceScore":0.044017555614881736,"combinedScore":0.002200877780744087,"combinedScoreRank":216,"engagementSEI":0,"engagementSEIadj":0,"engagementSEIrank":229,"engagementScore":0,"voiceSEI":0,"voiceSEIadj":0,"voiceSEIrank":229,"voiceScore":0},"scoped":{"SEI":0.12928630869143726,"SEIrank":196,"SEIadj":0,"audienceSEI":1.2928630869143725,"audienceSEIadj":0,"audienceSEIrank":187,"audienceScore":0.06987954935805409,"combinedScore":0.0034939774679027045,"combinedScoreRank":196,"engagementSEI":0,"engagementSEIadj":0,"engagementSEIrank":206,"engagementScore":0,"voiceSEI":0,"voiceSEIadj":0,"voiceSEIrank":206,"voiceScore":0}},"instagram":{"entityString":"536575ffb08f37d80186deb2","type":"instagram","profiles":0,"postsMade":0,"repliesMade":0,"repliesRcvd":0,"sharesMade":0,"sharesRcvd":0,"mentionsRcvd":0,"likesRcvd":0,"reachRcvd":0,"audience":0,"voice":0,"conversation":0,"engagement":0,"group_scoped":{"audienceScore":0,"voiceScore":0,"engagementScore":0,"combinedScore":0,"combinedScoreRank":221,"SEIrank":221,"engagementSEIrank":221,"voiceSEIrank":221,"audienceSEIrank":221,"engagementSEI":0,"engagementSEIadj":0,"voiceSEI":0,"voiceSEIadj":0,"audienceSEI":0,"audienceSEIadj":0,"SEI":0,"SEIadj":0},"non_scoped":{"SEI":0,"SEIrank":221,"SEIadj":0,"audienceSEI":0,"audienceSEIadj":0,"audienceSEIrank":221,"audienceScore":0,"combinedScore":0,"combinedScoreRank":221,"engagementSEI":0,"engagementSEIadj":0,"engagementSEIrank":221,"engagementScore":0,"voiceSEI":0,"voiceSEIadj":0,"voiceSEIrank":221,"voiceScore":0},"scoped":{"SEI":0,"SEIrank":198,"SEIadj":0,"audienceSEI":0,"audienceSEIadj":0,"audienceSEIrank":198,"audienceScore":0,"combinedScore":0,"combinedScoreRank":198,"engagementSEI":0,"engagementSEIadj":0,"engagementSEIrank":198,"engagementScore":0,"voiceSEI":0,"voiceSEIadj":0,"voiceSEIrank":198,"voiceScore":0}}},"month":{"boundaryQuantum":4975782,"combined":{"entityString":"536575ffb08f37d80186deb2","type":"combined","profiles":1,"postsMade":0,"repliesMade":0,"repliesRcvd":0,"sharesMade":0,"sharesRcvd":0,"mentionsRcvd":0,"likesRcvd":0,"reachRcvd":0,"audience":1507,"voice":0,"conversation":0,"engagement":0,"group_scoped":{"audienceScore":0.10768731662071913,"voiceScore":0,"engagementScore":0,"combinedScore":0.10768731662071913,"combinedScoreRank":142,"SEIrank":221,"engagementSEIrank":229,"voiceSEIrank":229,"audienceSEIrank":216,"engagementSEI":0,"engagementSEIadj":0,"voiceSEI":0,"voiceSEIadj":0,"audienceSEI":0.1557654938603382,"audienceSEIadj":0.1557654938603382,"SEI":0.01557654938603382,"SEIadj":0.01557654938603382},"non_scoped":{"SEI":0.005994221363770879,"SEIrank":221,"SEIadj":0,"audienceSEI":0.05994221363770878,"audienceSEIadj":0,"audienceSEIrank":215,"audienceScore":0.011098506945183464,"combinedScore":0.0005549253472591732,"combinedScoreRank":221,"engagementSEI":0,"engagementSEIadj":0,"engagementSEIrank":229,"engagementScore":0,"voiceSEI":0,"voiceSEIadj":0,"voiceSEIrank":229,"voiceScore":0},"scoped":{"SEI":0.07868917514737904,"SEIrank":200,"SEIadj":0,"audienceSEI":0.7868917514737903,"audienceSEIadj":0,"audienceSEIrank":195,"audienceScore":0.032068230640162315,"combinedScore":0.0016034115320081158,"combinedScoreRank":200,"engagementSEI":0,"engagementSEIadj":0,"engagementSEIrank":206,"engagementScore":0,"voiceSEI":0,"voiceSEIadj":0,"voiceSEIrank":206,"voiceScore":0}},"facebook":{"entityString":"536575ffb08f37d80186deb2","type":"facebook","profiles":0,"postsMade":0,"repliesMade":0,"repliesRcvd":0,"sharesMade":0,"sharesRcvd":0,"mentionsRcvd":0,"likesRcvd":0,"reachRcvd":0,"audience":0,"voice":0,"conversation":0,"engagement":0,"group_scoped":{"audienceScore":0,"voiceScore":0,"engagementScore":0,"combinedScore":0,"combinedScoreRank":227,"SEIrank":227,"engagementSEIrank":224,"voiceSEIrank":224,"audienceSEIrank":227,"engagementSEI":0,"engagementSEIadj":0,"voiceSEI":0,"voiceSEIadj":0,"audienceSEI":0,"audienceSEIadj":0,"SEI":0,"SEIadj":0},"non_scoped":{"SEI":0,"SEIrank":227,"SEIadj":0,"audienceSEI":0,"audienceSEIadj":0,"audienceSEIrank":227,"audienceScore":0,"combinedScore":0,"combinedScoreRank":227,"engagementSEI":0,"engagementSEIadj":0,"engagementSEIrank":224,"engagementScore":0,"voiceSEI":0,"voiceSEIadj":0,"voiceSEIrank":224,"voiceScore":0},"scoped":{"SEI":0,"SEIrank":204,"SEIadj":0,"audienceSEI":0,"audienceSEIadj":0,"audienceSEIrank":204,"audienceScore":0,"combinedScore":0,"combinedScoreRank":204,"engagementSEI":0,"engagementSEIadj":0,"engagementSEIrank":201,"engagementScore":0,"voiceSEI":0,"voiceSEIadj":0,"voiceSEIrank":201,"voiceScore":0}},"twitter":{"entityString":"536575ffb08f37d80186deb2","type":"twitter","profiles":1,"postsMade":0,"repliesMade":0,"repliesRcvd":0,"sharesMade":0,"sharesRcvd":0,"mentionsRcvd":0,"likesRcvd":0,"reachRcvd":0,"audience":1507,"voice":0,"conversation":0,"engagement":0,"group_scoped":{"audienceScore":0.44321704400407047,"voiceScore":0,"engagementScore":0,"combinedScore":0.44321704400407047,"combinedScoreRank":150,"SEIrank":215,"engagementSEIrank":229,"voiceSEIrank":229,"audienceSEIrank":198,"engagementSEI":0,"engagementSEIadj":0,"voiceSEI":0,"voiceSEIadj":0,"audienceSEI":1.1942498494310076,"audienceSEIadj":1.1942498494310076,"SEI":0.11942498494310078,"SEIadj":0.11942498494310078},"non_scoped":{"SEI":0.02719863122482277,"SEIrank":217,"SEIadj":0,"audienceSEI":0.27198631224822767,"audienceSEIadj":0,"audienceSEIrank":206,"audienceScore":0.044017555614881736,"combinedScore":0.002200877780744087,"combinedScoreRank":217,"engagementSEI":0,"engagementSEIadj":0,"engagementSEIrank":229,"engagementScore":0,"voiceSEI":0,"voiceSEIadj":0,"voiceSEIrank":229,"voiceScore":0},"scoped":{"SEI":0.12928630869143726,"SEIrank":197,"SEIadj":0,"audienceSEI":1.2928630869143725,"audienceSEIadj":0,"audienceSEIrank":187,"audienceScore":0.06987954935805409,"combinedScore":0.0034939774679027045,"combinedScoreRank":197,"engagementSEI":0,"engagementSEIadj":0,"engagementSEIrank":206,"engagementScore":0,"voiceSEI":0,"voiceSEIadj":0,"voiceSEIrank":206,"voiceScore":0}},"instagram":{"entityString":"536575ffb08f37d80186deb2","type":"instagram","profiles":0,"postsMade":0,"repliesMade":0,"repliesRcvd":0,"sharesMade":0,"sharesRcvd":0,"mentionsRcvd":0,"likesRcvd":0,"reachRcvd":0,"audience":0,"voice":0,"conversation":0,"engagement":0,"group_scoped":{"audienceScore":0,"voiceScore":0,"engagementScore":0,"combinedScore":0,"combinedScoreRank":221,"SEIrank":221,"engagementSEIrank":221,"voiceSEIrank":221,"audienceSEIrank":221,"engagementSEI":0,"engagementSEIadj":0,"voiceSEI":0,"voiceSEIadj":0,"audienceSEI":0,"audienceSEIadj":0,"SEI":0,"SEIadj":0},"non_scoped":{"SEI":0,"SEIrank":221,"SEIadj":0,"audienceSEI":0,"audienceSEIadj":0,"audienceSEIrank":221,"audienceScore":0,"combinedScore":0,"combinedScoreRank":221,"engagementSEI":0,"engagementSEIadj":0,"engagementSEIrank":221,"engagementScore":0,"voiceSEI":0,"voiceSEIadj":0,"voiceSEIrank":221,"voiceScore":0},"scoped":{"SEI":0,"SEIrank":198,"SEIadj":0,"audienceSEI":0,"audienceSEIadj":0,"audienceSEIrank":198,"audienceScore":0,"combinedScore":0,"combinedScoreRank":198,"engagementSEI":0,"engagementSEIadj":0,"engagementSEIrank":198,"engagementScore":0,"voiceSEI":0,"voiceSEIadj":0,"voiceSEIrank":198,"voiceScore":0}}},"quarter":{"boundaryQuantum":4958502,"combined":{"entityString":"536575ffb08f37d80186deb2","type":"combined","profiles":1,"postsMade":0,"repliesMade":0,"repliesRcvd":0,"sharesMade":0,"sharesRcvd":0,"mentionsRcvd":0,"likesRcvd":0,"reachRcvd":0,"audience":1507,"voice":0,"conversation":0,"engagement":0,"group_scoped":{"audienceScore":0.10768731662071913,"voiceScore":0,"engagementScore":0,"combinedScore":0.10768731662071913,"combinedScoreRank":141,"SEIrank":222,"engagementSEIrank":229,"voiceSEIrank":229,"audienceSEIrank":216,"engagementSEI":0,"engagementSEIadj":0,"voiceSEI":0,"voiceSEIadj":0,"audienceSEI":0.1557654938603382,"audienceSEIadj":0.1557654938603382,"SEI":0.01557654938603382,"SEIadj":0.01557654938603382},"non_scoped":{"SEI":0.005994221363770879,"SEIrank":222,"SEIadj":0,"audienceSEI":0.05994221363770878,"audienceSEIadj":0,"audienceSEIrank":215,"audienceScore":0.011098506945183464,"combinedScore":0.0005549253472591732,"combinedScoreRank":222,"engagementSEI":0,"engagementSEIadj":0,"engagementSEIrank":229,"engagementScore":0,"voiceSEI":0,"voiceSEIadj":0,"voiceSEIrank":229,"voiceScore":0},"scoped":{"SEI":0.07868917514737904,"SEIrank":200,"SEIadj":0,"audienceSEI":0.7868917514737903,"audienceSEIadj":0,"audienceSEIrank":195,"audienceScore":0.032068230640162315,"combinedScore":0.0016034115320081158,"combinedScoreRank":200,"engagementSEI":0,"engagementSEIadj":0,"engagementSEIrank":206,"engagementScore":0,"voiceSEI":0,"voiceSEIadj":0,"voiceSEIrank":206,"voiceScore":0}},"facebook":{"entityString":"536575ffb08f37d80186deb2","type":"facebook","profiles":0,"postsMade":0,"repliesMade":0,"repliesRcvd":0,"sharesMade":0,"sharesRcvd":0,"mentionsRcvd":0,"likesRcvd":0,"reachRcvd":0,"audience":0,"voice":0,"conversation":0,"engagement":0,"group_scoped":{"audienceScore":0,"voiceScore":0,"engagementScore":0,"combinedScore":0,"combinedScoreRank":227,"SEIrank":227,"engagementSEIrank":224,"voiceSEIrank":224,"audienceSEIrank":227,"engagementSEI":0,"engagementSEIadj":0,"voiceSEI":0,"voiceSEIadj":0,"audienceSEI":0,"audienceSEIadj":0,"SEI":0,"SEIadj":0},"non_scoped":{"SEI":0,"SEIrank":227,"SEIadj":0,"audienceSEI":0,"audienceSEIadj":0,"audienceSEIrank":227,"audienceScore":0,"combinedScore":0,"combinedScoreRank":227,"engagementSEI":0,"engagementSEIadj":0,"engagementSEIrank":224,"engagementScore":0,"voiceSEI":0,"voiceSEIadj":0,"voiceSEIrank":224,"voiceScore":0},"scoped":{"SEI":0,"SEIrank":204,"SEIadj":0,"audienceSEI":0,"audienceSEIadj":0,"audienceSEIrank":204,"audienceScore":0,"combinedScore":0,"combinedScoreRank":204,"engagementSEI":0,"engagementSEIadj":0,"engagementSEIrank":201,"engagementScore":0,"voiceSEI":0,"voiceSEIadj":0,"voiceSEIrank":201,"voiceScore":0}},"twitter":{"entityString":"536575ffb08f37d80186deb2","type":"twitter","profiles":1,"postsMade":0,"repliesMade":0,"repliesRcvd":0,"sharesMade":0,"sharesRcvd":0,"mentionsRcvd":0,"likesRcvd":0,"reachRcvd":0,"audience":1507,"voice":0,"conversation":0,"engagement":0,"group_scoped":{"audienceScore":0.44321704400407047,"voiceScore":0,"engagementScore":0,"combinedScore":0.44321704400407047,"combinedScoreRank":147,"SEIrank":215,"engagementSEIrank":229,"voiceSEIrank":229,"audienceSEIrank":198,"engagementSEI":0,"engagementSEIadj":0,"voiceSEI":0,"voiceSEIadj":0,"audienceSEI":1.1942498494310076,"audienceSEIadj":1.1942498494310076,"SEI":0.11942498494310078,"SEIadj":0.11942498494310078},"non_scoped":{"SEI":0.02719863122482277,"SEIrank":218,"SEIadj":0,"audienceSEI":0.27198631224822767,"audienceSEIadj":0,"audienceSEIrank":206,"audienceScore":0.044017555614881736,"combinedScore":0.002200877780744087,"combinedScoreRank":217,"engagementSEI":0,"engagementSEIadj":0,"engagementSEIrank":229,"engagementScore":0,"voiceSEI":0,"voiceSEIadj":0,"voiceSEIrank":229,"voiceScore":0},"scoped":{"SEI":0.12928630869143726,"SEIrank":197,"SEIadj":0,"audienceSEI":1.2928630869143725,"audienceSEIadj":0,"audienceSEIrank":187,"audienceScore":0.06987954935805409,"combinedScore":0.0034939774679027045,"combinedScoreRank":197,"engagementSEI":0,"engagementSEIadj":0,"engagementSEIrank":206,"engagementScore":0,"voiceSEI":0,"voiceSEIadj":0,"voiceSEIrank":206,"voiceScore":0}},"instagram":{"entityString":"536575ffb08f37d80186deb2","type":"instagram","profiles":0,"postsMade":0,"repliesMade":0,"repliesRcvd":0,"sharesMade":0,"sharesRcvd":0,"mentionsRcvd":0,"likesRcvd":0,"reachRcvd":0,"audience":0,"voice":0,"conversation":0,"engagement":0,"group_scoped":{"audienceScore":0,"voiceScore":0,"engagementScore":0,"combinedScore":0,"combinedScoreRank":221,"SEIrank":221,"engagementSEIrank":221,"voiceSEIrank":221,"audienceSEIrank":221,"engagementSEI":0,"engagementSEIadj":0,"voiceSEI":0,"voiceSEIadj":0,"audienceSEI":0,"audienceSEIadj":0,"SEI":0,"SEIadj":0},"non_scoped":{"SEI":0,"SEIrank":221,"SEIadj":0,"audienceSEI":0,"audienceSEIadj":0,"audienceSEIrank":221,"audienceScore":0,"combinedScore":0,"combinedScoreRank":221,"engagementSEI":0,"engagementSEIadj":0,"engagementSEIrank":221,"engagementScore":0,"voiceSEI":0,"voiceSEIadj":0,"voiceSEIrank":221,"voiceScore":0},"scoped":{"SEI":0,"SEIrank":198,"SEIadj":0,"audienceSEI":0,"audienceSEIadj":0,"audienceSEIrank":198,"audienceScore":0,"combinedScore":0,"combinedScoreRank":198,"engagementSEI":0,"engagementSEIadj":0,"engagementSEIrank":198,"engagementScore":0,"voiceSEI":0,"voiceSEIadj":0,"voiceSEIrank":198,"voiceScore":0}}},"blended":{"combined":{"non_scoped":{"SEI":0.005994221363770878,"SEIadj":20.004795377091018,"SEIrank":222,"audienceSEI":0.05994221363770878,"audienceSEIadj":20.047953770910166,"audienceSEIrank":215,"engagementSEI":0,"engagementSEIadj":0,"engagementSEIrank":229,"voiceSEI":0,"voiceSEIadj":0,"voiceSEIrank":229},"scoped":{"SEI":0.05980377311200806,"SEIadj":20.047843018489605,"SEIrank":200,"compCharisma":0,"compInfluence":0,"compEva":0.05980377311200806,"audienceSEI":0.7868917514737903,"audienceSEIadj":20.629513401179032,"audienceSEIrank":195,"engagementSEI":0,"engagementSEIadj":0,"engagementSEIrank":206,"voiceSEI":0,"voiceSEIadj":0,"voiceSEIrank":206}},"facebook":{"non_scoped":{"SEI":0,"SEIadj":0,"SEIrank":227,"audienceSEI":0,"audienceSEIadj":0,"audienceSEIrank":227,"engagementSEI":0,"engagementSEIadj":0,"engagementSEIrank":224,"voiceSEI":0,"voiceSEIadj":0,"voiceSEIrank":224},"scoped":{"SEI":0,"SEIadj":0,"SEIrank":204,"audienceSEI":0,"audienceSEIadj":0,"audienceSEIrank":204,"engagementSEI":0,"engagementSEIadj":0,"engagementSEIrank":201,"voiceSEI":0,"voiceSEIadj":0,"voiceSEIrank":201}},"twitter":{"non_scoped":{"SEI":0.027198631224822765,"SEIadj":20.02175890497986,"SEIrank":218,"audienceSEI":0.27198631224822767,"audienceSEIadj":40.163191787348936,"audienceSEIrank":206,"engagementSEI":0,"engagementSEIadj":0,"engagementSEIrank":229,"voiceSEI":0,"voiceSEIadj":0,"voiceSEIrank":229},"scoped":{"SEI":0.12928630869143726,"SEIadj":20.10342904695315,"SEIrank":197,"audienceSEI":1.2928630869143725,"audienceSEIadj":40.775717852148624,"audienceSEIrank":187,"engagementSEI":0,"engagementSEIadj":0,"engagementSEIrank":206,"voiceSEI":0,"voiceSEIadj":0,"voiceSEIrank":206}},"instagram":{"non_scoped":{"SEI":0,"SEIadj":0,"SEIrank":221,"audienceSEI":0,"audienceSEIadj":0,"audienceSEIrank":221,"engagementSEI":0,"engagementSEIadj":0,"engagementSEIrank":221,"voiceSEI":0,"voiceSEIadj":0,"voiceSEIrank":221},"scoped":{"SEI":0,"SEIadj":0,"SEIrank":198,"audienceSEI":0,"audienceSEIadj":0,"audienceSEIrank":198,"engagementSEI":0,"engagementSEIadj":0,"engagementSEIrank":198,"voiceSEI":0,"voiceSEIadj":0,"voiceSEIrank":198}},"influence":{"combined":{"scope":"individual","ratio":0,"calculated":false},"facebook":{"scope":"individual","ratio":0,"calculated":false},"twitter":{"scope":"individual","ratio":0,"calculated":false},"instagram":{"scope":"individual","ratio":0,"calculated":false}},"charisma":{"combined":{"scope":"individual","ratio":0,"calculated":false},"facebook":{"scope":"individual","ratio":0,"calculated":false},"twitter":{"scope":"individual","ratio":0,"calculated":false},"instagram":{"scope":"individual","ratio":0,"calculated":false}}},"scope":"individual"}}