{"scoreEntityString":"591d1494ab33fb0001804f89.asset.536575feb08f37d80186a0de","timeQuantum":4984422,"scoreEntityType":"asset","scoreProfileID":"591d1494ab33fb0001804f89","data":{"scoreEntityString":"591d1494ab33fb0001804f89.asset.536575feb08f37d80186a0de","scoreProfileID":"591d1494ab33fb0001804f89","scoreEntityType":"asset","entityID":"asset.536575feb08f37d80186a0de","object_version":"1.2","score_engine_version":"3.0.19","timestamp":4984422,"start_quantum":4958502,"end_quantum":4984421,"schedule_options":{"interval":15,"offset":"1"},"_15min":{"boundaryQuantum":4984419,"combined":{"entityString":"536575feb08f37d80186a0de","type":"combined","profiles":2,"postsMade":0,"repliesMade":0,"repliesRcvd":0,"sharesMade":0,"sharesRcvd":0,"mentionsRcvd":0,"likesRcvd":0,"reachRcvd":0,"audience":9690,"voice":0,"conversation":0,"engagement":0,"group_scoped":{"audienceScore":0.24605249526177547,"voiceScore":0,"engagementScore":0,"combinedScore":0.24605249526177547,"engagementSEI":0,"engagementSEIadj":0,"voiceSEI":0,"voiceSEIadj":0,"audienceSEI":0.38542803593191644,"audienceSEIadj":0.38542803593191644,"SEI":0.03854280359319165,"SEIadj":0.03854280359319165,"combinedScoreRank":178,"SEIrank":179,"engagementSEIrank":169,"voiceSEIrank":168,"audienceSEIrank":179},"non_scoped":{"SEI":0.03854280359319165,"SEIrank":128,"SEIadj":0,"audienceSEI":0.38542803593191644,"audienceSEIadj":0,"audienceSEIrank":128,"audienceScore":0.0713633260111664,"combinedScore":0.0035681663005583206,"combinedScoreRank":128,"engagementSEI":0,"engagementSEIadj":0,"engagementSEIrank":169,"engagementScore":0,"voiceSEI":0,"voiceSEIadj":0,"voiceSEIrank":168,"voiceScore":0},"scoped":{"SEI":0.5059708740398824,"SEIrank":115,"SEIadj":0,"audienceSEI":5.059708740398824,"audienceSEIadj":0,"audienceSEIrank":115,"audienceScore":0.20619851022108354,"combinedScore":0.02945693003158336,"combinedScoreRank":115,"engagementSEI":0,"engagementSEIadj":0,"engagementSEIrank":150,"engagementScore":0,"voiceSEI":0,"voiceSEIadj":0,"voiceSEIrank":149,"voiceScore":0}},"facebook":{"entityString":"536575feb08f37d80186a0de","type":"facebook","profiles":1,"postsMade":0,"repliesMade":0,"repliesRcvd":0,"sharesMade":0,"sharesRcvd":0,"mentionsRcvd":0,"likesRcvd":0,"reachRcvd":0,"audience":1,"voice":0,"conversation":0,"engagement":0,"group_scoped":{"audienceScore":0.00003869335631202787,"voiceScore":0,"engagementScore":0,"combinedScore":0.00003869335631202787,"engagementSEI":0,"engagementSEIadj":0,"voiceSEI":0,"voiceSEIadj":0,"audienceSEI":0.0000543449906961376,"audienceSEIadj":0.0000543449906961376,"SEI":0.00000543449906961376,"SEIadj":0.00000543449906961376,"combinedScoreRank":196,"SEIrank":196,"engagementSEIrank":169,"voiceSEIrank":168,"audienceSEIrank":196},"non_scoped":{"SEI":0.00000543449906961376,"SEIrank":180,"SEIadj":0,"audienceSEI":0.0000543449906961376,"audienceSEIadj":0,"audienceSEIrank":180,"audienceScore":0.00001042736557822349,"combinedScore":5.213682789111745e-7,"combinedScoreRank":180,"engagementSEI":0,"engagementSEIadj":0,"engagementSEIrank":169,"engagementScore":0,"voiceSEI":0,"voiceSEIadj":0,"voiceSEIrank":168,"voiceScore":0},"scoped":{"SEI":0.00007022422595346943,"SEIrank":164,"SEIadj":0,"audienceSEI":0.0007022422595346942,"audienceSEIadj":0,"audienceSEIrank":164,"audienceScore":0.000042986033407885445,"combinedScore":0.000006140861915412206,"combinedScoreRank":164,"engagementSEI":0,"engagementSEIadj":0,"engagementSEIrank":150,"engagementScore":0,"voiceSEI":0,"voiceSEIadj":0,"voiceSEIrank":149,"voiceScore":0}},"twitter":{"entityString":"536575feb08f37d80186a0de","type":"twitter","profiles":1,"postsMade":0,"repliesMade":0,"repliesRcvd":0,"sharesMade":0,"sharesRcvd":0,"mentionsRcvd":0,"likesRcvd":0,"reachRcvd":0,"audience":9689,"voice":0,"conversation":0,"engagement":0,"group_scoped":{"audienceScore":0.7852713599240095,"voiceScore":0,"engagementScore":0,"combinedScore":0.7852713599240095,"engagementSEI":0,"engagementSEIadj":0,"voiceSEI":0,"voiceSEIadj":0,"audienceSEI":1.7486897009774904,"audienceSEIadj":1.7486897009774904,"SEI":0.17486897009774904,"SEIadj":0.17486897009774904,"combinedScoreRank":155,"SEIrank":170,"engagementSEIrank":167,"voiceSEIrank":167,"audienceSEIrank":170},"non_scoped":{"SEI":0.17486897009774904,"SEIrank":73,"SEIadj":0,"audienceSEI":1.7486897009774904,"audienceSEIadj":0,"audienceSEIrank":73,"audienceScore":0.28300338178672135,"combinedScore":0.014150169089336069,"combinedScoreRank":73,"engagementSEI":0,"engagementSEIadj":0,"engagementSEIrank":167,"engagementScore":0,"voiceSEI":0,"voiceSEIadj":0,"voiceSEIrank":167,"voiceScore":0},"scoped":{"SEI":0.8312243164640581,"SEIrank":62,"SEIadj":0,"audienceSEI":8.31224316464058,"audienceSEIadj":0,"audienceSEIrank":62,"audienceScore":0.4492786686995263,"combinedScore":0.06418266695707518,"combinedScoreRank":62,"engagementSEI":0,"engagementSEIadj":0,"engagementSEIrank":149,"engagementScore":0,"voiceSEI":0,"voiceSEIadj":0,"voiceSEIrank":149,"voiceScore":0}},"instagram":{"entityString":"536575feb08f37d80186a0de","type":"instagram","profiles":0,"postsMade":0,"repliesMade":0,"repliesRcvd":0,"sharesMade":0,"sharesRcvd":0,"mentionsRcvd":0,"likesRcvd":0,"reachRcvd":0,"audience":0,"voice":0,"conversation":0,"engagement":0,"group_scoped":{"audienceScore":0,"voiceScore":0,"engagementScore":0,"combinedScore":0,"engagementSEI":0,"engagementSEIadj":0,"voiceSEI":0,"voiceSEIadj":0,"audienceSEI":0,"audienceSEIadj":0,"SEI":0,"SEIadj":0,"combinedScoreRank":186,"SEIrank":168,"engagementSEIrank":167,"voiceSEIrank":167,"audienceSEIrank":168},"non_scoped":{"SEI":0,"SEIrank":168,"SEIadj":0,"audienceSEI":0,"audienceSEIadj":0,"audienceSEIrank":168,"audienceScore":0,"combinedScore":0,"combinedScoreRank":168,"engagementSEI":0,"engagementSEIadj":0,"engagementSEIrank":167,"engagementScore":0,"voiceSEI":0,"voiceSEIadj":0,"voiceSEIrank":167,"voiceScore":0},"scoped":{"SEI":0,"SEIrank":149,"SEIadj":0,"audienceSEI":0,"audienceSEIadj":0,"audienceSEIrank":149,"audienceScore":0,"combinedScore":0,"combinedScoreRank":149,"engagementSEI":0,"engagementSEIadj":0,"engagementSEIrank":149,"engagementScore":0,"voiceSEI":0,"voiceSEIadj":0,"voiceSEIrank":149,"voiceScore":0}}},"hour":{"boundaryQuantum":4984410,"combined":{"entityString":"536575feb08f37d80186a0de","type":"combined","profiles":2,"postsMade":0,"repliesMade":0,"repliesRcvd":0,"sharesMade":0,"sharesRcvd":0,"mentionsRcvd":0,"likesRcvd":0,"reachRcvd":0,"audience":9690,"voice":0,"conversation":0,"engagement":0,"group_scoped":{"audienceScore":0.24605249526177547,"voiceScore":0,"engagementScore":0,"combinedScore":0.24605249526177547,"combinedScoreRank":169,"SEIrank":182,"engagementSEIrank":176,"voiceSEIrank":169,"audienceSEIrank":179,"engagementSEI":0,"engagementSEIadj":0,"voiceSEI":0,"voiceSEIadj":0,"audienceSEI":0.38542803593191644,"audienceSEIadj":0.38542803593191644,"SEI":0.03854280359319165,"SEIadj":0.03854280359319165},"non_scoped":{"SEI":0.03854280359319165,"SEIrank":132,"SEIadj":0,"audienceSEI":0.38542803593191644,"audienceSEIadj":0,"audienceSEIrank":128,"audienceScore":0.0713633260111664,"combinedScore":0.0035681663005583206,"combinedScoreRank":136,"engagementSEI":0,"engagementSEIadj":0,"engagementSEIrank":176,"engagementScore":0,"voiceSEI":0,"voiceSEIadj":0,"voiceSEIrank":169,"voiceScore":0},"scoped":{"SEI":0.5059708740398824,"SEIrank":117,"SEIadj":0,"audienceSEI":5.059708740398824,"audienceSEIadj":0,"audienceSEIrank":115,"audienceScore":0.20619851022108354,"combinedScore":0.010309925511054177,"combinedScoreRank":123,"engagementSEI":0,"engagementSEIadj":0,"engagementSEIrank":156,"engagementScore":0,"voiceSEI":0,"voiceSEIadj":0,"voiceSEIrank":150,"voiceScore":0}},"facebook":{"entityString":"536575feb08f37d80186a0de","type":"facebook","profiles":1,"postsMade":0,"repliesMade":0,"repliesRcvd":0,"sharesMade":0,"sharesRcvd":0,"mentionsRcvd":0,"likesRcvd":0,"reachRcvd":0,"audience":1,"voice":0,"conversation":0,"engagement":0,"group_scoped":{"audienceScore":0.00003869335631202787,"voiceScore":0,"engagementScore":0,"combinedScore":0.00003869335631202787,"combinedScoreRank":196,"SEIrank":196,"engagementSEIrank":175,"voiceSEIrank":168,"audienceSEIrank":196,"engagementSEI":0,"engagementSEIadj":0,"voiceSEI":0,"voiceSEIadj":0,"audienceSEI":0.0000543449906961376,"audienceSEIadj":0.0000543449906961376,"SEI":0.00000543449906961376,"SEIadj":0.00000543449906961376},"non_scoped":{"SEI":0.00000543449906961376,"SEIrank":180,"SEIadj":0,"audienceSEI":0.0000543449906961376,"audienceSEIadj":0,"audienceSEIrank":180,"audienceScore":0.00001042736557822349,"combinedScore":5.213682789111745e-7,"combinedScoreRank":180,"engagementSEI":0,"engagementSEIadj":0,"engagementSEIrank":175,"engagementScore":0,"voiceSEI":0,"voiceSEIadj":0,"voiceSEIrank":168,"voiceScore":0},"scoped":{"SEI":0.00007022422595346943,"SEIrank":164,"SEIadj":0,"audienceSEI":0.0007022422595346942,"audienceSEIadj":0,"audienceSEIrank":164,"audienceScore":0.000042986033407885445,"combinedScore":0.0000021493016703942725,"combinedScoreRank":164,"engagementSEI":0,"engagementSEIadj":0,"engagementSEIrank":155,"engagementScore":0,"voiceSEI":0,"voiceSEIadj":0,"voiceSEIrank":149,"voiceScore":0}},"twitter":{"entityString":"536575feb08f37d80186a0de","type":"twitter","profiles":1,"postsMade":0,"repliesMade":0,"repliesRcvd":0,"sharesMade":0,"sharesRcvd":0,"mentionsRcvd":0,"likesRcvd":0,"reachRcvd":0,"audience":9689,"voice":0,"conversation":0,"engagement":0,"group_scoped":{"audienceScore":0.7852713599240095,"voiceScore":0,"engagementScore":0,"combinedScore":0.7852713599240095,"combinedScoreRank":159,"SEIrank":174,"engagementSEIrank":171,"voiceSEIrank":169,"audienceSEIrank":170,"engagementSEI":0,"engagementSEIadj":0,"voiceSEI":0,"voiceSEIadj":0,"audienceSEI":1.7486897009774904,"audienceSEIadj":1.7486897009774904,"SEI":0.17486897009774904,"SEIadj":0.17486897009774904},"non_scoped":{"SEI":0.17486897009774904,"SEIrank":84,"SEIadj":0,"audienceSEI":1.7486897009774904,"audienceSEIadj":0,"audienceSEIrank":73,"audienceScore":0.28300338178672135,"combinedScore":0.014150169089336069,"combinedScoreRank":84,"engagementSEI":0,"engagementSEIadj":0,"engagementSEIrank":171,"engagementScore":0,"voiceSEI":0,"voiceSEIadj":0,"voiceSEIrank":169,"voiceScore":0},"scoped":{"SEI":0.8312243164640581,"SEIrank":73,"SEIadj":0,"audienceSEI":8.31224316464058,"audienceSEIadj":0,"audienceSEIrank":62,"audienceScore":0.4492786686995263,"combinedScore":0.022463933434976317,"combinedScoreRank":73,"engagementSEI":0,"engagementSEIadj":0,"engagementSEIrank":152,"engagementScore":0,"voiceSEI":0,"voiceSEIadj":0,"voiceSEIrank":150,"voiceScore":0}},"instagram":{"entityString":"536575feb08f37d80186a0de","type":"instagram","profiles":0,"postsMade":0,"repliesMade":0,"repliesRcvd":0,"sharesMade":0,"sharesRcvd":0,"mentionsRcvd":0,"likesRcvd":0,"reachRcvd":0,"audience":0,"voice":0,"conversation":0,"engagement":0,"group_scoped":{"audienceScore":0,"voiceScore":0,"engagementScore":0,"combinedScore":0,"combinedScoreRank":186,"SEIrank":168,"engagementSEIrank":167,"voiceSEIrank":167,"audienceSEIrank":168,"engagementSEI":0,"engagementSEIadj":0,"voiceSEI":0,"voiceSEIadj":0,"audienceSEI":0,"audienceSEIadj":0,"SEI":0,"SEIadj":0},"non_scoped":{"SEI":0,"SEIrank":168,"SEIadj":0,"audienceSEI":0,"audienceSEIadj":0,"audienceSEIrank":168,"audienceScore":0,"combinedScore":0,"combinedScoreRank":168,"engagementSEI":0,"engagementSEIadj":0,"engagementSEIrank":167,"engagementScore":0,"voiceSEI":0,"voiceSEIadj":0,"voiceSEIrank":167,"voiceScore":0},"scoped":{"SEI":0,"SEIrank":149,"SEIadj":0,"audienceSEI":0,"audienceSEIadj":0,"audienceSEIrank":149,"audienceScore":0,"combinedScore":0,"combinedScoreRank":149,"engagementSEI":0,"engagementSEIadj":0,"engagementSEIrank":149,"engagementScore":0,"voiceSEI":0,"voiceSEIadj":0,"voiceSEIrank":149,"voiceScore":0}}},"today":{"boundaryQuantum":4984134,"combined":{"entityString":"536575feb08f37d80186a0de","type":"combined","profiles":2,"postsMade":0,"repliesMade":0,"repliesRcvd":0,"sharesMade":0,"sharesRcvd":0,"mentionsRcvd":0,"likesRcvd":0,"reachRcvd":0,"audience":9690,"voice":0,"conversation":0,"engagement":0,"group_scoped":{"audienceScore":0.24605249526177547,"voiceScore":0,"engagementScore":0,"combinedScore":0.24605249526177547,"combinedScoreRank":117,"SEIrank":197,"engagementSEIrank":206,"voiceSEIrank":190,"audienceSEIrank":179,"engagementSEI":0,"engagementSEIadj":0,"voiceSEI":0,"voiceSEIadj":0,"audienceSEI":0.38542803593191644,"audienceSEIadj":0.38542803593191644,"SEI":0.03854280359319165,"SEIadj":0.03854280359319165},"non_scoped":{"SEI":0.03854280359319165,"SEIrank":158,"SEIadj":0,"audienceSEI":0.38542803593191644,"audienceSEIadj":0,"audienceSEIrank":128,"audienceScore":0.0713633260111664,"combinedScore":0.0035681663005583206,"combinedScoreRank":165,"engagementSEI":0,"engagementSEIadj":0,"engagementSEIrank":206,"engagementScore":0,"voiceSEI":0,"voiceSEIadj":0,"voiceSEIrank":190,"voiceScore":0},"scoped":{"SEI":0.5059708740398824,"SEIrank":142,"SEIadj":0,"audienceSEI":5.059708740398824,"audienceSEIadj":0,"audienceSEIrank":115,"audienceScore":0.20619851022108354,"combinedScore":0.010309925511054177,"combinedScoreRank":156,"engagementSEI":0,"engagementSEIadj":0,"engagementSEIrank":185,"engagementScore":0,"voiceSEI":0,"voiceSEIadj":0,"voiceSEIrank":169,"voiceScore":0}},"facebook":{"entityString":"536575feb08f37d80186a0de","type":"facebook","profiles":1,"postsMade":0,"repliesMade":0,"repliesRcvd":0,"sharesMade":0,"sharesRcvd":0,"mentionsRcvd":0,"likesRcvd":0,"reachRcvd":0,"audience":1,"voice":0,"conversation":0,"engagement":0,"group_scoped":{"audienceScore":0.00003869335631202787,"voiceScore":0,"engagementScore":0,"combinedScore":0.00003869335631202787,"combinedScoreRank":196,"SEIrank":196,"engagementSEIrank":189,"voiceSEIrank":180,"audienceSEIrank":196,"engagementSEI":0,"engagementSEIadj":0,"voiceSEI":0,"voiceSEIadj":0,"audienceSEI":0.0000543449906961376,"audienceSEIadj":0.0000543449906961376,"SEI":0.00000543449906961376,"SEIadj":0.00000543449906961376},"non_scoped":{"SEI":0.00000543449906961376,"SEIrank":180,"SEIadj":0,"audienceSEI":0.0000543449906961376,"audienceSEIadj":0,"audienceSEIrank":180,"audienceScore":0.00001042736557822349,"combinedScore":5.213682789111745e-7,"combinedScoreRank":180,"engagementSEI":0,"engagementSEIadj":0,"engagementSEIrank":189,"engagementScore":0,"voiceSEI":0,"voiceSEIadj":0,"voiceSEIrank":180,"voiceScore":0},"scoped":{"SEI":0.00007022422595346943,"SEIrank":164,"SEIadj":0,"audienceSEI":0.0007022422595346942,"audienceSEIadj":0,"audienceSEIrank":164,"audienceScore":0.000042986033407885445,"combinedScore":0.0000021493016703942725,"combinedScoreRank":164,"engagementSEI":0,"engagementSEIadj":0,"engagementSEIrank":168,"engagementScore":0,"voiceSEI":0,"voiceSEIadj":0,"voiceSEIrank":160,"voiceScore":0}},"twitter":{"entityString":"536575feb08f37d80186a0de","type":"twitter","profiles":1,"postsMade":0,"repliesMade":0,"repliesRcvd":0,"sharesMade":0,"sharesRcvd":0,"mentionsRcvd":0,"likesRcvd":0,"reachRcvd":0,"audience":9689,"voice":0,"conversation":0,"engagement":0,"group_scoped":{"audienceScore":0.7852713599240095,"voiceScore":0,"engagementScore":0,"combinedScore":0.7852713599240095,"combinedScoreRank":147,"SEIrank":192,"engagementSEIrank":201,"voiceSEIrank":185,"audienceSEIrank":170,"engagementSEI":0,"engagementSEIadj":0,"voiceSEI":0,"voiceSEIadj":0,"audienceSEI":1.7486897009774904,"audienceSEIadj":1.7486897009774904,"SEI":0.17486897009774904,"SEIadj":0.17486897009774904},"non_scoped":{"SEI":0.17486897009774904,"SEIrank":136,"SEIadj":0,"audienceSEI":1.7486897009774904,"audienceSEIadj":0,"audienceSEIrank":73,"audienceScore":0.28300338178672135,"combinedScore":0.014150169089336069,"combinedScoreRank":148,"engagementSEI":0,"engagementSEIadj":0,"engagementSEIrank":201,"engagementScore":0,"voiceSEI":0,"voiceSEIadj":0,"voiceSEIrank":185,"voiceScore":0},"scoped":{"SEI":0.8312243164640581,"SEIrank":120,"SEIadj":0,"audienceSEI":8.31224316464058,"audienceSEIadj":0,"audienceSEIrank":62,"audienceScore":0.4492786686995263,"combinedScore":0.022463933434976317,"combinedScoreRank":136,"engagementSEI":0,"engagementSEIadj":0,"engagementSEIrank":180,"engagementScore":0,"voiceSEI":0,"voiceSEIadj":0,"voiceSEIrank":164,"voiceScore":0}},"instagram":{"entityString":"536575feb08f37d80186a0de","type":"instagram","profiles":0,"postsMade":0,"repliesMade":0,"repliesRcvd":0,"sharesMade":0,"sharesRcvd":0,"mentionsRcvd":0,"likesRcvd":0,"reachRcvd":0,"audience":0,"voice":0,"conversation":0,"engagement":0,"group_scoped":{"audienceScore":0,"voiceScore":0,"engagementScore":0,"combinedScore":0,"combinedScoreRank":186,"SEIrank":168,"engagementSEIrank":168,"voiceSEIrank":168,"audienceSEIrank":168,"engagementSEI":0,"engagementSEIadj":0,"voiceSEI":0,"voiceSEIadj":0,"audienceSEI":0,"audienceSEIadj":0,"SEI":0,"SEIadj":0},"non_scoped":{"SEI":0,"SEIrank":168,"SEIadj":0,"audienceSEI":0,"audienceSEIadj":0,"audienceSEIrank":168,"audienceScore":0,"combinedScore":0,"combinedScoreRank":168,"engagementSEI":0,"engagementSEIadj":0,"engagementSEIrank":168,"engagementScore":0,"voiceSEI":0,"voiceSEIadj":0,"voiceSEIrank":168,"voiceScore":0},"scoped":{"SEI":0,"SEIrank":149,"SEIadj":0,"audienceSEI":0,"audienceSEIadj":0,"audienceSEIrank":149,"audienceScore":0,"combinedScore":0,"combinedScoreRank":149,"engagementSEI":0,"engagementSEIadj":0,"engagementSEIrank":149,"engagementScore":0,"voiceSEI":0,"voiceSEIadj":0,"voiceSEIrank":149,"voiceScore":0}}},"week":{"boundaryQuantum":4982406,"combined":{"entityString":"536575feb08f37d80186a0de","type":"combined","profiles":2,"postsMade":8,"repliesMade":0,"repliesRcvd":0,"sharesMade":0,"sharesRcvd":95,"mentionsRcvd":0,"likesRcvd":57,"reachRcvd":0,"audience":9690,"voice":8,"conversation":8,"engagement":152,"group_scoped":{"audienceScore":0.24605249526177547,"voiceScore":0.36330608537693004,"engagementScore":0.01871179162942774,"combinedScore":0.047308541498420245,"combinedScoreRank":197,"SEIrank":163,"engagementSEIrank":148,"voiceSEIrank":144,"audienceSEIrank":179,"engagementSEI":0.02068573201634173,"engagementSEIadj":0.02068573201634173,"voiceSEI":0.9302325581395349,"voiceSEIadj":0.9302325581395349,"audienceSEI":0.38542803593191644,"audienceSEIadj":0.38542803593191644,"SEI":0.33002401024485717,"SEIadj":0.33002401024485717},"non_scoped":{"SEI":0.3269445755127771,"SEIrank":136,"SEIadj":0,"audienceSEI":0.38542803593191644,"audienceSEIadj":0,"audienceSEIrank":128,"audienceScore":0.0713633260111664,"combinedScore":0.013630384150506599,"combinedScoreRank":131,"engagementSEI":0.01555334079620826,"engagementSEIadj":0,"engagementSEIrank":108,"engagementScore":0.006339326638392713,"voiceSEI":0.9302325581395349,"voiceSEIadj":0,"voiceSEIrank":131,"voiceScore":0.08713647750789674},"scoped":{"SEI":1.890354359590683,"SEIrank":128,"SEIadj":0,"audienceSEI":5.059708740398824,"audienceSEIadj":0,"audienceSEIrank":115,"audienceScore":0.20619851022108354,"combinedScore":0.08588479831908223,"combinedScoreRank":103,"engagementSEI":0.5055040074495327,"engagementSEIadj":0,"engagementSEIrank":97,"engagementScore":0.07382726363132995,"voiceSEI":3.6036036036036037,"voiceSEIadj":0,"voiceSEIrank":120,"voiceScore":0.18260671079662177}},"facebook":{"entityString":"536575feb08f37d80186a0de","type":"facebook","profiles":1,"postsMade":0,"repliesMade":0,"repliesRcvd":0,"sharesMade":0,"sharesRcvd":0,"mentionsRcvd":0,"likesRcvd":0,"reachRcvd":0,"audience":1,"voice":0,"conversation":0,"engagement":0,"group_scoped":{"audienceScore":0.00003869335631202787,"voiceScore":0,"engagementScore":0,"combinedScore":0.00003869335631202787,"combinedScoreRank":196,"SEIrank":196,"engagementSEIrank":193,"voiceSEIrank":192,"audienceSEIrank":196,"engagementSEI":0,"engagementSEIadj":0,"voiceSEI":0,"voiceSEIadj":0,"audienceSEI":0.0000543449906961376,"audienceSEIadj":0.0000543449906961376,"SEI":0.00000543449906961376,"SEIadj":0.00000543449906961376},"non_scoped":{"SEI":0.00000543449906961376,"SEIrank":180,"SEIadj":0,"audienceSEI":0.0000543449906961376,"audienceSEIadj":0,"audienceSEIrank":180,"audienceScore":0.00001042736557822349,"combinedScore":5.213682789111745e-7,"combinedScoreRank":180,"engagementSEI":0,"engagementSEIadj":0,"engagementSEIrank":193,"engagementScore":0,"voiceSEI":0,"voiceSEIadj":0,"voiceSEIrank":192,"voiceScore":0},"scoped":{"SEI":0.00007022422595346943,"SEIrank":164,"SEIadj":0,"audienceSEI":0.0007022422595346942,"audienceSEIadj":0,"audienceSEIrank":164,"audienceScore":0.000042986033407885445,"combinedScore":0.0000021493016703942725,"combinedScoreRank":164,"engagementSEI":0,"engagementSEIadj":0,"engagementSEIrank":172,"engagementScore":0,"voiceSEI":0,"voiceSEIadj":0,"voiceSEIrank":171,"voiceScore":0}},"twitter":{"entityString":"536575feb08f37d80186a0de","type":"twitter","profiles":1,"postsMade":8,"repliesMade":0,"repliesRcvd":0,"sharesMade":0,"sharesRcvd":95,"mentionsRcvd":0,"likesRcvd":57,"reachRcvd":0,"audience":9689,"voice":8,"conversation":8,"engagement":152,"group_scoped":{"audienceScore":0.7852713599240095,"voiceScore":0.6329113924050633,"engagementScore":0.5195693043924116,"combinedScore":0.538521511569624,"combinedScoreRank":149,"SEIrank":142,"engagementSEIrank":125,"voiceSEIrank":129,"audienceSEIrank":170,"engagementSEI":0.9741716336601934,"engagementSEIadj":0.9741716336601934,"voiceSEI":1.6563146997929608,"voiceSEIadj":1.6563146997929608,"audienceSEI":1.7486897009774904,"audienceSEIadj":1.7486897009774904,"SEI":1.2562663602317534,"SEIadj":1.2562663602317534},"non_scoped":{"SEI":1.2562663602317534,"SEIrank":93,"SEIadj":0,"audienceSEI":1.7486897009774904,"audienceSEIadj":0,"audienceSEIrank":73,"audienceScore":0.28300338178672135,"combinedScore":0.24418048658934424,"combinedScoreRank":70,"engagementSEI":0.9741716336601934,"engagementSEIadj":0,"engagementSEIrank":63,"engagementScore":0.24783955649763573,"voiceSEI":1.6563146997929608,"voiceSEIadj":0,"voiceSEIrank":108,"voiceScore":0.13949433304272016},"scoped":{"SEI":5.7883155540431,"SEIrank":74,"SEIadj":0,"audienceSEI":8.31224316464058,"audienceSEIadj":0,"audienceSEIrank":62,"audienceScore":0.4492786686995263,"combinedScore":0.5046848069864649,"combinedScoreRank":60,"engagementSEI":5.7926829268292686,"engagementSEIadj":0,"engagementSEIrank":53,"engagementScore":0.521637667730533,"voiceSEI":4.938271604938271,"voiceSEIadj":0,"voiceSEIrank":97,"voiceScore":0.25493945188017847}},"instagram":{"entityString":"536575feb08f37d80186a0de","type":"instagram","profiles":0,"postsMade":0,"repliesMade":0,"repliesRcvd":0,"sharesMade":0,"sharesRcvd":0,"mentionsRcvd":0,"likesRcvd":0,"reachRcvd":0,"audience":0,"voice":0,"conversation":0,"engagement":0,"group_scoped":{"audienceScore":0,"voiceScore":0,"engagementScore":0,"combinedScore":0,"combinedScoreRank":186,"SEIrank":168,"engagementSEIrank":168,"voiceSEIrank":168,"audienceSEIrank":168,"engagementSEI":0,"engagementSEIadj":0,"voiceSEI":0,"voiceSEIadj":0,"audienceSEI":0,"audienceSEIadj":0,"SEI":0,"SEIadj":0},"non_scoped":{"SEI":0,"SEIrank":168,"SEIadj":0,"audienceSEI":0,"audienceSEIadj":0,"audienceSEIrank":168,"audienceScore":0,"combinedScore":0,"combinedScoreRank":168,"engagementSEI":0,"engagementSEIadj":0,"engagementSEIrank":168,"engagementScore":0,"voiceSEI":0,"voiceSEIadj":0,"voiceSEIrank":168,"voiceScore":0},"scoped":{"SEI":0,"SEIrank":149,"SEIadj":0,"audienceSEI":0,"audienceSEIadj":0,"audienceSEIrank":149,"audienceScore":0,"combinedScore":0,"combinedScoreRank":149,"engagementSEI":0,"engagementSEIadj":0,"engagementSEIrank":149,"engagementScore":0,"voiceSEI":0,"voiceSEIadj":0,"voiceSEIrank":149,"voiceScore":0}}},"month":{"boundaryQuantum":4975782,"combined":{"entityString":"536575feb08f37d80186a0de","type":"combined","profiles":2,"postsMade":26,"repliesMade":0,"repliesRcvd":0,"sharesMade":0,"sharesRcvd":235,"mentionsRcvd":0,"likesRcvd":395,"reachRcvd":0,"audience":9690,"voice":26,"conversation":26,"engagement":630,"group_scoped":{"audienceScore":0.24605249526177547,"voiceScore":0.2787008253832136,"engagementScore":0.02030269055766979,"combinedScore":0.04451008753415227,"combinedScoreRank":200,"SEIrank":174,"engagementSEIrank":160,"voiceSEIrank":157,"audienceSEIrank":179,"engagementSEI":0.02327032247126392,"engagementSEIadj":0.02327032247126392,"voiceSEI":0.7184305056645481,"voiceSEIadj":0.7184305056645481,"audienceSEI":0.38542803593191644,"audienceSEIadj":0.38542803593191644,"SEI":0.26803414877531445,"SEIadj":0.26803414877531445},"non_scoped":{"SEI":0.26450287363833386,"SEIrank":147,"SEIadj":0,"audienceSEI":0.38542803593191644,"audienceSEIadj":0,"audienceSEIrank":128,"audienceScore":0.0713633260111664,"combinedScore":0.01317284190205445,"combinedScoreRank":138,"engagementSEI":0.017384863909629615,"engagementSEIadj":0,"engagementSEIrank":113,"engagementScore":0.006847038677508608,"voiceSEI":0.7184305056645481,"voiceSEIadj":0,"voiceSEIrank":143,"voiceScore":0.06884681583476765},"scoped":{"SEI":1.676693261960063,"SEIrank":136,"SEIadj":0,"audienceSEI":5.059708740398824,"audienceSEIadj":0,"audienceSEIrank":115,"audienceScore":0.20619851022108354,"combinedScore":0.07733191607511794,"combinedScoreRank":113,"engagementSEI":0.5827829272353888,"engagementSEIadj":0,"engagementSEIrank":103,"engagementScore":0.06640386196428948,"voiceSEI":2.736842105263158,"voiceSEIadj":0,"voiceSEIrank":132,"voiceScore":0.14517029592406477}},"facebook":{"entityString":"536575feb08f37d80186a0de","type":"facebook","profiles":1,"postsMade":0,"repliesMade":0,"repliesRcvd":0,"sharesMade":0,"sharesRcvd":0,"mentionsRcvd":0,"likesRcvd":0,"reachRcvd":0,"audience":1,"voice":0,"conversation":0,"engagement":0,"group_scoped":{"audienceScore":0.00003869335631202787,"voiceScore":0,"engagementScore":0,"combinedScore":0.00003869335631202787,"combinedScoreRank":196,"SEIrank":196,"engagementSEIrank":193,"voiceSEIrank":193,"audienceSEIrank":196,"engagementSEI":0,"engagementSEIadj":0,"voiceSEI":0,"voiceSEIadj":0,"audienceSEI":0.0000543449906961376,"audienceSEIadj":0.0000543449906961376,"SEI":0.00000543449906961376,"SEIadj":0.00000543449906961376},"non_scoped":{"SEI":0.00000543449906961376,"SEIrank":180,"SEIadj":0,"audienceSEI":0.0000543449906961376,"audienceSEIadj":0,"audienceSEIrank":180,"audienceScore":0.00001042736557822349,"combinedScore":5.213682789111745e-7,"combinedScoreRank":180,"engagementSEI":0,"engagementSEIadj":0,"engagementSEIrank":193,"engagementScore":0,"voiceSEI":0,"voiceSEIadj":0,"voiceSEIrank":193,"voiceScore":0},"scoped":{"SEI":0.00007022422595346943,"SEIrank":164,"SEIadj":0,"audienceSEI":0.0007022422595346942,"audienceSEIadj":0,"audienceSEIrank":164,"audienceScore":0.000042986033407885445,"combinedScore":0.0000021493016703942725,"combinedScoreRank":164,"engagementSEI":0,"engagementSEIadj":0,"engagementSEIrank":172,"engagementScore":0,"voiceSEI":0,"voiceSEIadj":0,"voiceSEIrank":172,"voiceScore":0}},"twitter":{"entityString":"536575feb08f37d80186a0de","type":"twitter","profiles":1,"postsMade":26,"repliesMade":0,"repliesRcvd":0,"sharesMade":0,"sharesRcvd":235,"mentionsRcvd":0,"likesRcvd":395,"reachRcvd":0,"audience":9689,"voice":26,"conversation":26,"engagement":630,"group_scoped":{"audienceScore":0.7852713599240095,"voiceScore":0.47794117647058826,"engagementScore":0.5770076201641267,"combinedScore":0.5824674849674439,"combinedScoreRank":133,"SEIrank":148,"engagementSEIrank":127,"voiceSEIrank":148,"audienceSEIrank":170,"engagementSEI":1.0931237311956692,"engagementSEIadj":1.0931237311956692,"voiceSEI":1.3052208835341366,"voiceSEIadj":1.3052208835341366,"audienceSEI":1.7486897009774904,"audienceSEIadj":1.7486897009774904,"SEI":1.2223094738753915,"SEIadj":1.2223094738753915},"non_scoped":{"SEI":1.2223094738753915,"SEIrank":91,"SEIadj":0,"audienceSEI":1.7486897009774904,"audienceSEIadj":0,"audienceSEIrank":73,"audienceScore":0.28300338178672135,"combinedScore":0.25474479247193926,"combinedScoreRank":66,"engagementSEI":1.0931237311956692,"engagementSEIadj":0,"engagementSEIrank":61,"engagementScore":0.261130154729979,"voiceSEI":1.3052208835341366,"voiceSEIadj":0,"voiceSEIrank":128,"voiceScore":0.11154968251244207},"scoped":{"SEI":5.771318320533769,"SEIrank":72,"SEIadj":0,"audienceSEI":8.31224316464058,"audienceSEIadj":0,"audienceSEIrank":62,"audienceScore":0.4492786686995263,"combinedScore":0.509683213262118,"combinedScoreRank":55,"engagementSEI":6.214856466410181,"engagementSEIadj":0,"engagementSEIrank":51,"engagementScore":0.5300620929880357,"voiceSEI":4.037267080745342,"voiceSEIadj":0,"voiceSEIrank":117,"voiceScore":0.20326792275818933}},"instagram":{"entityString":"536575feb08f37d80186a0de","type":"instagram","profiles":0,"postsMade":0,"repliesMade":0,"repliesRcvd":0,"sharesMade":0,"sharesRcvd":0,"mentionsRcvd":0,"likesRcvd":0,"reachRcvd":0,"audience":0,"voice":0,"conversation":0,"engagement":0,"group_scoped":{"audienceScore":0,"voiceScore":0,"engagementScore":0,"combinedScore":0,"combinedScoreRank":186,"SEIrank":168,"engagementSEIrank":168,"voiceSEIrank":168,"audienceSEIrank":168,"engagementSEI":0,"engagementSEIadj":0,"voiceSEI":0,"voiceSEIadj":0,"audienceSEI":0,"audienceSEIadj":0,"SEI":0,"SEIadj":0},"non_scoped":{"SEI":0,"SEIrank":168,"SEIadj":0,"audienceSEI":0,"audienceSEIadj":0,"audienceSEIrank":168,"audienceScore":0,"combinedScore":0,"combinedScoreRank":168,"engagementSEI":0,"engagementSEIadj":0,"engagementSEIrank":168,"engagementScore":0,"voiceSEI":0,"voiceSEIadj":0,"voiceSEIrank":168,"voiceScore":0},"scoped":{"SEI":0,"SEIrank":149,"SEIadj":0,"audienceSEI":0,"audienceSEIadj":0,"audienceSEIrank":149,"audienceScore":0,"combinedScore":0,"combinedScoreRank":149,"engagementSEI":0,"engagementSEIadj":0,"engagementSEIrank":149,"engagementScore":0,"voiceSEI":0,"voiceSEIadj":0,"voiceSEIrank":149,"voiceScore":0}}},"quarter":{"boundaryQuantum":4958502,"combined":{"entityString":"536575feb08f37d80186a0de","type":"combined","profiles":2,"postsMade":83,"repliesMade":0,"repliesRcvd":0,"sharesMade":0,"sharesRcvd":662,"mentionsRcvd":0,"likesRcvd":866,"reachRcvd":0,"audience":9690,"voice":83,"conversation":83,"engagement":1528,"group_scoped":{"audienceScore":0.24605249526177547,"voiceScore":0.29428449865267337,"engagementScore":0.015872285441862925,"combinedScore":0.04130190659339908,"combinedScoreRank":201,"SEIrank":176,"engagementSEIrank":168,"voiceSEIrank":160,"audienceSEIrank":179,"engagementSEI":0.018010930796180973,"engagementSEIadj":0.018010930796180973,"voiceSEI":0.7751214045573402,"voiceSEIadj":0.7751214045573402,"audienceSEI":0.38542803593191644,"audienceSEIadj":0.38542803593191644,"SEI":0.2818857834381023,"SEIadj":0.2818857834381023},"non_scoped":{"SEI":0.2790766303396956,"SEIrank":150,"SEIadj":0,"audienceSEI":0.38542803593191644,"audienceSEIadj":0,"audienceSEIrank":128,"audienceScore":0.0713633260111664,"combinedScore":0.01190562307284029,"combinedScoreRank":144,"engagementSEI":0.013329008965503163,"engagementSEIadj":0,"engagementSEIrank":127,"engagementScore":0.005162158674217112,"voiceSEI":0.7751214045573402,"voiceSEIadj":0,"voiceSEIrank":145,"voiceScore":0.07383027930973136},"scoped":{"SEI":1.6607394307211802,"SEIrank":137,"SEIadj":0,"audienceSEI":5.059708740398824,"audienceSEIadj":0,"audienceSEIrank":115,"audienceScore":0.20619851022108354,"combinedScore":0.06346572037222437,"combinedScoreRank":124,"engagementSEI":0.30919970294164667,"engagementSEIadj":0,"engagementSEIrank":117,"engagementScore":0.050436000742016554,"voiceSEI":3.2308291163877,"voiceSEIadj":0,"voiceSEIrank":135,"voiceScore":0.15526788386710566}},"facebook":{"entityString":"536575feb08f37d80186a0de","type":"facebook","profiles":1,"postsMade":0,"repliesMade":0,"repliesRcvd":0,"sharesMade":0,"sharesRcvd":0,"mentionsRcvd":0,"likesRcvd":0,"reachRcvd":0,"audience":1,"voice":0,"conversation":0,"engagement":0,"group_scoped":{"audienceScore":0.00003869335631202787,"voiceScore":0,"engagementScore":0,"combinedScore":0.00003869335631202787,"combinedScoreRank":196,"SEIrank":196,"engagementSEIrank":195,"voiceSEIrank":194,"audienceSEIrank":196,"engagementSEI":0,"engagementSEIadj":0,"voiceSEI":0,"voiceSEIadj":0,"audienceSEI":0.0000543449906961376,"audienceSEIadj":0.0000543449906961376,"SEI":0.00000543449906961376,"SEIadj":0.00000543449906961376},"non_scoped":{"SEI":0.00000543449906961376,"SEIrank":180,"SEIadj":0,"audienceSEI":0.0000543449906961376,"audienceSEIadj":0,"audienceSEIrank":180,"audienceScore":0.00001042736557822349,"combinedScore":5.213682789111745e-7,"combinedScoreRank":180,"engagementSEI":0,"engagementSEIadj":0,"engagementSEIrank":195,"engagementScore":0,"voiceSEI":0,"voiceSEIadj":0,"voiceSEIrank":194,"voiceScore":0},"scoped":{"SEI":0.00007022422595346943,"SEIrank":164,"SEIadj":0,"audienceSEI":0.0007022422595346942,"audienceSEIadj":0,"audienceSEIrank":164,"audienceScore":0.000042986033407885445,"combinedScore":0.0000021493016703942725,"combinedScoreRank":164,"engagementSEI":0,"engagementSEIadj":0,"engagementSEIrank":174,"engagementScore":0,"voiceSEI":0,"voiceSEIadj":0,"voiceSEIrank":173,"voiceScore":0}},"twitter":{"entityString":"536575feb08f37d80186a0de","type":"twitter","profiles":1,"postsMade":83,"repliesMade":0,"repliesRcvd":0,"sharesMade":0,"sharesRcvd":662,"mentionsRcvd":0,"likesRcvd":866,"reachRcvd":0,"audience":9689,"voice":83,"conversation":83,"engagement":1528,"group_scoped":{"audienceScore":0.7852713599240095,"voiceScore":0.506560878852609,"engagementScore":0.3918933475591303,"combinedScore":0.41729562474204823,"combinedScoreRank":154,"SEIrank":160,"engagementSEIrank":150,"voiceSEIrank":145,"audienceSEIrank":170,"engagementSEI":0.7246101900679085,"engagementSEIadj":0.7246101900679085,"voiceSEI":1.381491344873502,"voiceSEIadj":1.381491344873502,"audienceSEI":1.7486897009774904,"audienceSEIadj":1.7486897009774904,"SEI":1.0240824876005448,"SEIadj":1.0240824876005448},"non_scoped":{"SEI":1.0240824876005448,"SEIrank":104,"SEIadj":0,"audienceSEI":1.7486897009774904,"audienceSEIadj":0,"audienceSEIrank":73,"audienceScore":0.28300338178672135,"combinedScore":0.1855758554263482,"combinedScoreRank":80,"engagementSEI":0.7246101900679085,"engagementSEIadj":0,"engagementSEIrank":78,"engagementScore":0.1838483010876889,"voiceSEI":1.381491344873502,"voiceSEIadj":0,"voiceSEIrank":123,"voiceScore":0.11924430716184183},"scoped":{"SEI":5.108909751352122,"SEIrank":85,"SEIadj":0,"audienceSEI":8.31224316464058,"audienceSEIadj":0,"audienceSEIrank":62,"audienceScore":0.4492786686995263,"combinedScore":0.37638135960695257,"combinedScoreRank":69,"engagementSEI":4.807147800918644,"engagementSEIadj":0,"engagementSEIrank":68,"engagementScore":0.38115954320722806,"voiceSEI":4.644655847789592,"voiceSEIadj":0,"voiceSEIrank":113,"voiceScore":0.21747674570941963}},"instagram":{"entityString":"536575feb08f37d80186a0de","type":"instagram","profiles":0,"postsMade":0,"repliesMade":0,"repliesRcvd":0,"sharesMade":0,"sharesRcvd":0,"mentionsRcvd":0,"likesRcvd":0,"reachRcvd":0,"audience":0,"voice":0,"conversation":0,"engagement":0,"group_scoped":{"audienceScore":0,"voiceScore":0,"engagementScore":0,"combinedScore":0,"combinedScoreRank":186,"SEIrank":168,"engagementSEIrank":168,"voiceSEIrank":168,"audienceSEIrank":168,"engagementSEI":0,"engagementSEIadj":0,"voiceSEI":0,"voiceSEIadj":0,"audienceSEI":0,"audienceSEIadj":0,"SEI":0,"SEIadj":0},"non_scoped":{"SEI":0,"SEIrank":168,"SEIadj":0,"audienceSEI":0,"audienceSEIadj":0,"audienceSEIrank":168,"audienceScore":0,"combinedScore":0,"combinedScoreRank":168,"engagementSEI":0,"engagementSEIadj":0,"engagementSEIrank":168,"engagementScore":0,"voiceSEI":0,"voiceSEIadj":0,"voiceSEIrank":168,"voiceScore":0},"scoped":{"SEI":0,"SEIrank":149,"SEIadj":0,"audienceSEI":0,"audienceSEIadj":0,"audienceSEIrank":149,"audienceScore":0,"combinedScore":0,"combinedScoreRank":149,"engagementSEI":0,"engagementSEIadj":0,"engagementSEIrank":149,"engagementScore":0,"voiceSEI":0,"voiceSEIadj":0,"voiceSEIrank":149,"voiceScore":0}}},"blended":{"combined":{"non_scoped":{"SEI":0.27922425904909054,"SEIadj":50.139612129524544,"SEIrank":148,"audienceSEI":0.3854280359319164,"audienceSEIadj":50.19271401796596,"audienceSEIrank":128,"engagementSEI":0.013938236308058502,"engagementSEIadj":50.00696911815403,"engagementSEIrank":118,"voiceSEI":0.7743950455702129,"voiceSEIadj":50.38719752278511,"voiceSEIrank":139},"scoped":{"SEI":4.272451702737687,"SEIadj":52.13622585136884,"SEIrank":126,"compCharisma":3,"compInfluence":0,"compEva":1.272451702737687,"audienceSEI":5.059708740398824,"audienceSEIadj":52.52985437019941,"audienceSEIrank":115,"engagementSEI":0.3936684927909915,"engagementSEIadj":50.1968342463955,"engagementSEIrank":107,"voiceSEI":3.107021955064405,"voiceSEIadj":51.553510977532206,"voiceSEIrank":130}},"facebook":{"non_scoped":{"SEI":0.00000543449906961376,"SEIadj":40.000003260699444,"SEIrank":180,"audienceSEI":0.000054344990696137594,"audienceSEIadj":40.00003260699442,"audienceSEIrank":180,"engagementSEI":0,"engagementSEIadj":0,"engagementSEIrank":195,"voiceSEI":0,"voiceSEIadj":0,"voiceSEIrank":194},"scoped":{"SEI":0.00007022422595346943,"SEIadj":40.00004213453557,"SEIrank":164,"audienceSEI":0.0007022422595346942,"audienceSEIadj":40.00042134535572,"audienceSEIrank":164,"engagementSEI":0,"engagementSEIadj":0,"engagementSEIrank":174,"voiceSEI":0,"voiceSEIadj":0,"voiceSEIrank":173}},"twitter":{"non_scoped":{"SEI":1.0810110214559945,"SEIadj":50.540505510727996,"SEIrank":98,"audienceSEI":1.7486897009774904,"audienceSEIadj":50.87434485048875,"audienceSEIrank":73,"engagementSEI":0.8185251448113626,"engagementSEIadj":50.40926257240568,"engagementSEIrank":72,"voiceSEI":1.3834232149047596,"voiceSEIadj":50.69171160745238,"voiceSEIrank":119},"scoped":{"SEI":5.198208505792259,"SEIadj":52.599104252896126,"SEIrank":78,"audienceSEI":8.31224316464058,"audienceSEIadj":63.32489726585623,"audienceSEIrank":62,"engagementSEI":5.07360724846963,"engagementSEIadj":62.02944289938785,"engagementSEIrank":61,"voiceSEI":4.409399467488079,"voiceSEIadj":52.204699733744036,"voiceSEIrank":108}},"instagram":{"non_scoped":{"SEI":0,"SEIadj":0,"SEIrank":168,"audienceSEI":0,"audienceSEIadj":0,"audienceSEIrank":168,"engagementSEI":0,"engagementSEIadj":0,"engagementSEIrank":168,"voiceSEI":0,"voiceSEIadj":0,"voiceSEIrank":168},"scoped":{"SEI":0,"SEIadj":0,"SEIrank":149,"audienceSEI":0,"audienceSEIadj":0,"audienceSEIrank":149,"engagementSEI":0,"engagementSEIadj":0,"engagementSEIrank":149,"voiceSEI":0,"voiceSEIadj":0,"voiceSEIrank":149}},"influence":{"facebook":{"scope":"individual","ratio":0,"calculated":false},"instagram":{"scope":"individual","ratio":0,"calculated":false},"combined":{"ratio":0.44,"bottom":false,"scope":"individual","calculated":true},"twitter":{"ratio":0.72,"bottom":false,"scope":"individual","calculated":true}},"charisma":{"facebook":{"scope":"individual","ratio":0,"calculated":false},"instagram":{"scope":"individual","ratio":0,"calculated":false},"combined":{"ratio":0.64,"bottom":false,"scope":"individual","calculated":true},"twitter":{"ratio":1.83,"bottom":false,"scope":"individual","calculated":true}}},"scope":"individual"}}