{"scoreEntityString":"591d1494ab33fb0001804f89.asset.536575feb08f37d80186a108","timeQuantum":4984422,"scoreEntityType":"asset","scoreProfileID":"591d1494ab33fb0001804f89","data":{"scoreEntityString":"591d1494ab33fb0001804f89.asset.536575feb08f37d80186a108","scoreProfileID":"591d1494ab33fb0001804f89","scoreEntityType":"asset","entityID":"asset.536575feb08f37d80186a108","object_version":"1.2","score_engine_version":"3.0.19","timestamp":4984422,"start_quantum":4958502,"end_quantum":4984421,"schedule_options":{"interval":15,"offset":"1"},"_15min":{"boundaryQuantum":4984419,"combined":{"entityString":"536575feb08f37d80186a108","type":"combined","profiles":2,"postsMade":0,"repliesMade":0,"repliesRcvd":0,"sharesMade":0,"sharesRcvd":0,"mentionsRcvd":0,"likesRcvd":0,"reachRcvd":0,"audience":32692,"voice":0,"conversation":0,"engagement":0,"group_scoped":{"audienceScore":2.241959032745412,"voiceScore":0,"engagementScore":0,"combinedScore":2.241959032745412,"engagementSEI":0,"engagementSEIadj":0,"voiceSEI":0,"voiceSEIadj":0,"audienceSEI":5.1271274159854965,"audienceSEIadj":5.1271274159854965,"SEI":0.5127127415985496,"SEIadj":0.5127127415985496,"combinedScoreRank":33,"SEIrank":26,"engagementSEIrank":114,"voiceSEIrank":111,"audienceSEIrank":25},"non_scoped":{"SEI":0.13003522549727772,"SEIrank":51,"SEIadj":0,"audienceSEI":1.3003522549727773,"audienceSEIadj":0,"audienceSEIrank":51,"audienceScore":0.2407646908108413,"combinedScore":0.012038234540542064,"combinedScoreRank":51,"engagementSEI":0,"engagementSEIadj":0,"engagementSEIrank":114,"engagementScore":0,"voiceSEI":0,"voiceSEIadj":0,"voiceSEIrank":111,"voiceScore":0},"scoped":{"SEI":1.7070381645110253,"SEIrank":40,"SEIadj":0,"audienceSEI":17.070381645110253,"audienceSEIadj":0,"audienceSEIrank":40,"audienceScore":0.6956699376829374,"combinedScore":0.09938141966899106,"combinedScoreRank":40,"engagementSEI":0,"engagementSEIadj":0,"engagementSEIrank":98,"engagementScore":0,"voiceSEI":0,"voiceSEIadj":0,"voiceSEIrank":96,"voiceScore":0}},"facebook":{"entityString":"536575feb08f37d80186a108","type":"facebook","profiles":1,"postsMade":0,"repliesMade":0,"repliesRcvd":0,"sharesMade":0,"sharesRcvd":0,"mentionsRcvd":0,"likesRcvd":0,"reachRcvd":0,"audience":28669,"voice":0,"conversation":0,"engagement":0,"group_scoped":{"audienceScore":2.8554126748092425,"voiceScore":0,"engagementScore":0,"combinedScore":2.8554126748092425,"engagementSEI":0,"engagementSEIadj":0,"voiceSEI":0,"voiceSEIadj":0,"audienceSEI":5.392376302058842,"audienceSEIadj":5.392376302058842,"SEI":0.5392376302058842,"SEIadj":0.5392376302058842,"combinedScoreRank":20,"SEIrank":18,"engagementSEIrank":113,"voiceSEIrank":111,"audienceSEIrank":18},"non_scoped":{"SEI":0.15580165382675687,"SEIrank":29,"SEIadj":0,"audienceSEI":1.5580165382675686,"audienceSEIadj":0,"audienceSEIrank":29,"audienceScore":0.2989421437620892,"combinedScore":0.014947107188104462,"combinedScoreRank":29,"engagementSEI":0,"engagementSEIadj":0,"engagementSEIrank":113,"engagementScore":0,"voiceSEI":0,"voiceSEIadj":0,"voiceSEIrank":111,"voiceScore":0},"scoped":{"SEI":2.013258333860015,"SEIrank":20,"SEIadj":0,"audienceSEI":20.13258333860015,"audienceSEIadj":0,"audienceSEIrank":20,"audienceScore":1.2323665917706677,"combinedScore":0.1760523702529525,"combinedScoreRank":20,"engagementSEI":0,"engagementSEIadj":0,"engagementSEIrank":97,"engagementScore":0,"voiceSEI":0,"voiceSEIadj":0,"voiceSEIrank":96,"voiceScore":0}},"twitter":{"entityString":"536575feb08f37d80186a108","type":"twitter","profiles":1,"postsMade":0,"repliesMade":0,"repliesRcvd":0,"sharesMade":0,"sharesRcvd":0,"mentionsRcvd":0,"likesRcvd":0,"reachRcvd":0,"audience":4023,"voice":0,"conversation":0,"engagement":0,"group_scoped":{"audienceScore":0.9937480084282083,"voiceScore":0,"engagementScore":0,"combinedScore":0.9937480084282083,"engagementSEI":0,"engagementSEIadj":0,"voiceSEI":0,"voiceSEIadj":0,"audienceSEI":3.4513524874960324,"audienceSEIadj":3.4513524874960324,"SEI":0.3451352487496033,"SEIadj":0.3451352487496033,"combinedScoreRank":140,"SEIrank":120,"engagementSEIrank":112,"voiceSEIrank":110,"audienceSEIrank":120},"non_scoped":{"SEI":0.07260789211510418,"SEIrank":148,"SEIadj":0,"audienceSEI":0.7260789211510418,"audienceSEIadj":0,"audienceSEIrank":148,"audienceScore":0.11750671946826091,"combinedScore":0.005875335973413046,"combinedScoreRank":148,"engagementSEI":0,"engagementSEIadj":0,"engagementSEIrank":112,"engagementScore":0,"voiceSEI":0,"voiceSEIadj":0,"voiceSEIrank":110,"voiceScore":0},"scoped":{"SEI":0.3451352487496033,"SEIrank":133,"SEIadj":0,"audienceSEI":3.4513524874960324,"audienceSEIadj":0,"audienceSEIrank":133,"audienceScore":0.18654640150461288,"combinedScore":0.02664948592923041,"combinedScoreRank":133,"engagementSEI":0,"engagementSEIadj":0,"engagementSEIrank":97,"engagementScore":0,"voiceSEI":0,"voiceSEIadj":0,"voiceSEIrank":96,"voiceScore":0}},"instagram":{"entityString":"536575feb08f37d80186a108","type":"instagram","profiles":0,"postsMade":0,"repliesMade":0,"repliesRcvd":0,"sharesMade":0,"sharesRcvd":0,"mentionsRcvd":0,"likesRcvd":0,"reachRcvd":0,"audience":0,"voice":0,"conversation":0,"engagement":0,"group_scoped":{"audienceScore":0,"voiceScore":0,"engagementScore":0,"combinedScore":0,"engagementSEI":0,"engagementSEIadj":0,"voiceSEI":0,"voiceSEIadj":0,"audienceSEI":0,"audienceSEIadj":0,"SEI":0,"SEIadj":0,"combinedScoreRank":130,"SEIrank":112,"engagementSEIrank":111,"voiceSEIrank":110,"audienceSEIrank":112},"non_scoped":{"SEI":0,"SEIrank":112,"SEIadj":0,"audienceSEI":0,"audienceSEIadj":0,"audienceSEIrank":112,"audienceScore":0,"combinedScore":0,"combinedScoreRank":112,"engagementSEI":0,"engagementSEIadj":0,"engagementSEIrank":111,"engagementScore":0,"voiceSEI":0,"voiceSEIadj":0,"voiceSEIrank":110,"voiceScore":0},"scoped":{"SEI":0,"SEIrank":96,"SEIadj":0,"audienceSEI":0,"audienceSEIadj":0,"audienceSEIrank":96,"audienceScore":0,"combinedScore":0,"combinedScoreRank":96,"engagementSEI":0,"engagementSEIadj":0,"engagementSEIrank":96,"engagementScore":0,"voiceSEI":0,"voiceSEIadj":0,"voiceSEIrank":96,"voiceScore":0}}},"hour":{"boundaryQuantum":4984410,"combined":{"entityString":"536575feb08f37d80186a108","type":"combined","profiles":2,"postsMade":0,"repliesMade":0,"repliesRcvd":0,"sharesMade":0,"sharesRcvd":0,"mentionsRcvd":0,"likesRcvd":0,"reachRcvd":0,"audience":32692,"voice":0,"conversation":0,"engagement":0,"group_scoped":{"audienceScore":2.241959032745412,"voiceScore":0,"engagementScore":0,"combinedScore":2.241959032745412,"combinedScoreRank":31,"SEIrank":41,"engagementSEIrank":137,"voiceSEIrank":114,"audienceSEIrank":25,"engagementSEI":0,"engagementSEIadj":0,"voiceSEI":0,"voiceSEIadj":0,"audienceSEI":5.1271274159854965,"audienceSEIadj":5.1271274159854965,"SEI":0.5127127415985496,"SEIadj":0.5127127415985496},"non_scoped":{"SEI":0.13003522549727772,"SEIrank":61,"SEIadj":0,"audienceSEI":1.3003522549727773,"audienceSEIadj":0,"audienceSEIrank":51,"audienceScore":0.2407646908108413,"combinedScore":0.012038234540542064,"combinedScoreRank":69,"engagementSEI":0,"engagementSEIadj":0,"engagementSEIrank":137,"engagementScore":0,"voiceSEI":0,"voiceSEIadj":0,"voiceSEIrank":114,"voiceScore":0},"scoped":{"SEI":1.7070381645110253,"SEIrank":47,"SEIadj":0,"audienceSEI":17.070381645110253,"audienceSEIadj":0,"audienceSEIrank":40,"audienceScore":0.6956699376829374,"combinedScore":0.03478349688414687,"combinedScoreRank":64,"engagementSEI":0,"engagementSEIadj":0,"engagementSEIrank":119,"engagementScore":0,"voiceSEI":0,"voiceSEIadj":0,"voiceSEIrank":98,"voiceScore":0}},"facebook":{"entityString":"536575feb08f37d80186a108","type":"facebook","profiles":1,"postsMade":0,"repliesMade":0,"repliesRcvd":0,"sharesMade":0,"sharesRcvd":0,"mentionsRcvd":0,"likesRcvd":0,"reachRcvd":0,"audience":28669,"voice":0,"conversation":0,"engagement":0,"group_scoped":{"audienceScore":2.8554126748092425,"voiceScore":0,"engagementScore":0,"combinedScore":2.8554126748092425,"combinedScoreRank":23,"SEIrank":29,"engagementSEIrank":132,"voiceSEIrank":112,"audienceSEIrank":18,"engagementSEI":0,"engagementSEIadj":0,"voiceSEI":0,"voiceSEIadj":0,"audienceSEI":5.392376302058842,"audienceSEIadj":5.392376302058842,"SEI":0.5392376302058842,"SEIadj":0.5392376302058842},"non_scoped":{"SEI":0.15580165382675687,"SEIrank":38,"SEIadj":0,"audienceSEI":1.5580165382675686,"audienceSEIadj":0,"audienceSEIrank":29,"audienceScore":0.2989421437620892,"combinedScore":0.014947107188104462,"combinedScoreRank":48,"engagementSEI":0,"engagementSEIadj":0,"engagementSEIrank":132,"engagementScore":0,"voiceSEI":0,"voiceSEIadj":0,"voiceSEIrank":112,"voiceScore":0},"scoped":{"SEI":2.013258333860015,"SEIrank":38,"SEIadj":0,"audienceSEI":20.13258333860015,"audienceSEIadj":0,"audienceSEIrank":20,"audienceScore":1.2323665917706677,"combinedScore":0.06161832958853339,"combinedScoreRank":44,"engagementSEI":0,"engagementSEIadj":0,"engagementSEIrank":114,"engagementScore":0,"voiceSEI":0,"voiceSEIadj":0,"voiceSEIrank":96,"voiceScore":0}},"twitter":{"entityString":"536575feb08f37d80186a108","type":"twitter","profiles":1,"postsMade":0,"repliesMade":0,"repliesRcvd":0,"sharesMade":0,"sharesRcvd":0,"mentionsRcvd":0,"likesRcvd":0,"reachRcvd":0,"audience":4023,"voice":0,"conversation":0,"engagement":0,"group_scoped":{"audienceScore":0.9937480084282083,"voiceScore":0,"engagementScore":0,"combinedScore":0.9937480084282083,"combinedScoreRank":146,"SEIrank":131,"engagementSEIrank":125,"voiceSEIrank":114,"audienceSEIrank":120,"engagementSEI":0,"engagementSEIadj":0,"voiceSEI":0,"voiceSEIadj":0,"audienceSEI":3.4513524874960324,"audienceSEIadj":3.4513524874960324,"SEI":0.3451352487496033,"SEIadj":0.3451352487496033},"non_scoped":{"SEI":0.07260789211510418,"SEIrank":151,"SEIadj":0,"audienceSEI":0.7260789211510418,"audienceSEIadj":0,"audienceSEIrank":148,"audienceScore":0.11750671946826091,"combinedScore":0.005875335973413046,"combinedScoreRank":151,"engagementSEI":0,"engagementSEIadj":0,"engagementSEIrank":125,"engagementScore":0,"voiceSEI":0,"voiceSEIadj":0,"voiceSEIrank":114,"voiceScore":0},"scoped":{"SEI":0.3451352487496033,"SEIrank":136,"SEIadj":0,"audienceSEI":3.4513524874960324,"audienceSEIadj":0,"audienceSEIrank":133,"audienceScore":0.18654640150461288,"combinedScore":0.009327320075230645,"combinedScoreRank":136,"engagementSEI":0,"engagementSEIadj":0,"engagementSEIrank":109,"engagementScore":0,"voiceSEI":0,"voiceSEIadj":0,"voiceSEIrank":98,"voiceScore":0}},"instagram":{"entityString":"536575feb08f37d80186a108","type":"instagram","profiles":0,"postsMade":0,"repliesMade":0,"repliesRcvd":0,"sharesMade":0,"sharesRcvd":0,"mentionsRcvd":0,"likesRcvd":0,"reachRcvd":0,"audience":0,"voice":0,"conversation":0,"engagement":0,"group_scoped":{"audienceScore":0,"voiceScore":0,"engagementScore":0,"combinedScore":0,"combinedScoreRank":130,"SEIrank":112,"engagementSEIrank":111,"voiceSEIrank":110,"audienceSEIrank":112,"engagementSEI":0,"engagementSEIadj":0,"voiceSEI":0,"voiceSEIadj":0,"audienceSEI":0,"audienceSEIadj":0,"SEI":0,"SEIadj":0},"non_scoped":{"SEI":0,"SEIrank":112,"SEIadj":0,"audienceSEI":0,"audienceSEIadj":0,"audienceSEIrank":112,"audienceScore":0,"combinedScore":0,"combinedScoreRank":112,"engagementSEI":0,"engagementSEIadj":0,"engagementSEIrank":111,"engagementScore":0,"voiceSEI":0,"voiceSEIadj":0,"voiceSEIrank":110,"voiceScore":0},"scoped":{"SEI":0,"SEIrank":96,"SEIadj":0,"audienceSEI":0,"audienceSEIadj":0,"audienceSEIrank":96,"audienceScore":0,"combinedScore":0,"combinedScoreRank":96,"engagementSEI":0,"engagementSEIadj":0,"engagementSEIrank":96,"engagementScore":0,"voiceSEI":0,"voiceSEIadj":0,"voiceSEIrank":96,"voiceScore":0}}},"today":{"boundaryQuantum":4984134,"combined":{"entityString":"536575feb08f37d80186a108","type":"combined","profiles":2,"postsMade":1,"repliesMade":0,"repliesRcvd":0,"sharesMade":0,"sharesRcvd":1,"mentionsRcvd":0,"likesRcvd":22,"reachRcvd":0,"audience":32692,"voice":1,"conversation":1,"engagement":23,"group_scoped":{"audienceScore":2.241959032745412,"voiceScore":0.8333333333333334,"engagementScore":0.13259541104577424,"combinedScore":0.2731004882451341,"combinedScoreRank":111,"SEIrank":73,"engagementSEIrank":73,"voiceSEIrank":73,"audienceSEIrank":25,"engagementSEI":0.14682413022661986,"engagementSEIadj":0.14682413022661986,"voiceSEI":1.7857142857142856,"voiceSEIadj":1.7857142857142856,"audienceSEI":5.1271274159854965,"audienceSEIadj":5.1271274159854965,"SEI":1.1365215054488071,"SEIadj":1.1365215054488071},"non_scoped":{"SEI":0.4667718606675485,"SEIrank":81,"SEIadj":0,"audienceSEI":1.3003522549727773,"audienceSEIadj":0,"audienceSEIrank":51,"audienceScore":0.2407646908108413,"combinedScore":0.023711359500355772,"combinedScoreRank":78,"engagementSEI":0.01177717583323519,"engagementSEIadj":0,"engagementSEIrank":81,"engagementScore":0.006136737176887447,"voiceSEI":1.098901098901099,"voiceSEIadj":0,"voiceSEIrank":82,"voiceScore":0.12300123001230012},"scoped":{"SEI":2.819131856150105,"SEIrank":67,"SEIadj":0,"audienceSEI":17.070381645110253,"audienceSEIadj":0,"audienceSEIrank":40,"audienceScore":0.6956699376829374,"combinedScore":0.10317408422866708,"combinedScoreRank":67,"engagementSEI":0.1293515550306507,"engagementSEIadj":0,"engagementSEIrank":70,"engagementScore":0.061484174508126606,"voiceSEI":3.4482758620689653,"voiceSEIadj":0,"voiceSEIrank":72,"voiceScore":0.26109660574412535}},"facebook":{"entityString":"536575feb08f37d80186a108","type":"facebook","profiles":1,"postsMade":0,"repliesMade":0,"repliesRcvd":0,"sharesMade":0,"sharesRcvd":1,"mentionsRcvd":0,"likesRcvd":6,"reachRcvd":0,"audience":28669,"voice":0,"conversation":0,"engagement":7,"group_scoped":{"audienceScore":2.8554126748092425,"voiceScore":0,"engagementScore":0.04206983592763988,"combinedScore":0.4439759557678688,"combinedScoreRank":55,"SEIrank":62,"engagementSEIrank":70,"voiceSEIrank":140,"audienceSEIrank":18,"engagementSEI":0.04565912204031049,"engagementSEIadj":0.04565912204031049,"voiceSEI":0,"voiceSEIadj":0,"audienceSEI":5.392376302058842,"audienceSEIadj":5.392376302058842,"SEI":0.5666331034300706,"SEIadj":0.5666331034300706},"non_scoped":{"SEI":0.15803793265878038,"SEIrank":69,"SEIadj":0,"audienceSEI":1.5580165382675686,"audienceSEIadj":0,"audienceSEIrank":29,"audienceScore":0.2989421437620892,"combinedScore":0.01683186191569757,"combinedScoreRank":73,"engagementSEI":0.0037271313867058547,"engagementSEIadj":0,"engagementSEIrank":77,"engagementScore":0.0020941719195478985,"voiceSEI":0,"voiceSEIadj":0,"voiceSEIrank":140,"voiceScore":0},"scoped":{"SEI":2.13298467365477,"SEIrank":61,"SEIadj":0,"audienceSEI":20.13258333860015,"audienceSEIadj":0,"audienceSEIrank":20,"audienceScore":1.2323665917706677,"combinedScore":0.1035512369367762,"combinedScoreRank":68,"engagementSEI":0.19954389965792474,"engagementSEIadj":0,"engagementSEIrank":67,"engagementScore":0.04659211927582535,"voiceSEI":0,"voiceSEIadj":0,"voiceSEIrank":123,"voiceScore":0}},"twitter":{"entityString":"536575feb08f37d80186a108","type":"twitter","profiles":1,"postsMade":1,"repliesMade":0,"repliesRcvd":0,"sharesMade":0,"sharesRcvd":0,"mentionsRcvd":0,"likesRcvd":16,"reachRcvd":0,"audience":4023,"voice":1,"conversation":1,"engagement":16,"group_scoped":{"audienceScore":0.9937480084282083,"voiceScore":1.25,"engagementScore":2.957486136783734,"combinedScore":2.773924923526771,"combinedScoreRank":60,"SEIrank":54,"engagementSEIrank":41,"voiceSEIrank":79,"audienceSEIrank":120,"engagementSEI":9.523809523809524,"engagementSEIadj":9.523809523809524,"voiceSEI":2.941176470588235,"voiceSEIadj":2.941176470588235,"audienceSEI":3.4513524874960324,"audienceSEIadj":3.4513524874960324,"SEI":6.941773904211788,"SEIadj":6.941773904211788},"non_scoped":{"SEI":1.302904235116365,"SEIrank":69,"SEIadj":0,"audienceSEI":0.7260789211510418,"audienceSEIadj":0,"audienceSEIrank":148,"audienceScore":0.11750671946826091,"combinedScore":0.243795563893641,"combinedScoreRank":56,"engagementSEI":1.008827238335435,"engagementSEIadj":0,"engagementSEIrank":54,"engagementScore":0.25324469768914215,"voiceSEI":2.083333333333333,"voiceSEIadj":0,"voiceSEIrank":72,"voiceScore":0.2},"scoped":{"SEI":3.2833680196961286,"SEIrank":57,"SEIadj":0,"audienceSEI":3.4513524874960324,"audienceSEIadj":0,"audienceSEIrank":133,"audienceScore":0.18654640150461288,"combinedScore":0.4270069359801214,"combinedScoreRank":47,"engagementSEI":2.973977695167286,"engagementSEIadj":0,"engagementSEIrank":45,"engagementScore":0.44506258692628653,"voiceSEI":3.8461538461538463,"voiceSEIadj":0,"voiceSEIrank":62,"voiceScore":0.3424657534246575}},"instagram":{"entityString":"536575feb08f37d80186a108","type":"instagram","profiles":0,"postsMade":0,"repliesMade":0,"repliesRcvd":0,"sharesMade":0,"sharesRcvd":0,"mentionsRcvd":0,"likesRcvd":0,"reachRcvd":0,"audience":0,"voice":0,"conversation":0,"engagement":0,"group_scoped":{"audienceScore":0,"voiceScore":0,"engagementScore":0,"combinedScore":0,"combinedScoreRank":130,"SEIrank":112,"engagementSEIrank":112,"voiceSEIrank":112,"audienceSEIrank":112,"engagementSEI":0,"engagementSEIadj":0,"voiceSEI":0,"voiceSEIadj":0,"audienceSEI":0,"audienceSEIadj":0,"SEI":0,"SEIadj":0},"non_scoped":{"SEI":0,"SEIrank":112,"SEIadj":0,"audienceSEI":0,"audienceSEIadj":0,"audienceSEIrank":112,"audienceScore":0,"combinedScore":0,"combinedScoreRank":112,"engagementSEI":0,"engagementSEIadj":0,"engagementSEIrank":112,"engagementScore":0,"voiceSEI":0,"voiceSEIadj":0,"voiceSEIrank":112,"voiceScore":0},"scoped":{"SEI":0,"SEIrank":96,"SEIadj":0,"audienceSEI":0,"audienceSEIadj":0,"audienceSEIrank":96,"audienceScore":0,"combinedScore":0,"combinedScoreRank":96,"engagementSEI":0,"engagementSEIadj":0,"engagementSEIrank":96,"engagementScore":0,"voiceSEI":0,"voiceSEIadj":0,"voiceSEIrank":96,"voiceScore":0}}},"week":{"boundaryQuantum":4982406,"combined":{"entityString":"536575feb08f37d80186a108","type":"combined","profiles":2,"postsMade":13,"repliesMade":0,"repliesRcvd":4,"sharesMade":0,"sharesRcvd":22,"mentionsRcvd":0,"likesRcvd":51,"reachRcvd":0,"audience":32692,"voice":13,"conversation":17,"engagement":77,"group_scoped":{"audienceScore":2.241959032745412,"voiceScore":0.9523809523809524,"engagementScore":0.037044698999793124,"combinedScore":0.19305722835613207,"combinedScoreRank":110,"SEIrank":86,"engagementSEIrank":129,"voiceSEIrank":97,"audienceSEIrank":25,"engagementSEI":0.0415016034710432,"engagementSEIadj":0.0415016034710432,"voiceSEI":2.256944444444444,"voiceSEIadj":2.256944444444444,"audienceSEI":5.1271274159854965,"audienceSEIadj":5.1271274159854965,"SEI":1.2146970370145087,"SEIadj":1.2146970370145087},"non_scoped":{"SEI":0.5882509945954643,"SEIrank":103,"SEIadj":0,"audienceSEI":1.3003522549727773,"audienceSEIadj":0,"audienceSEIrank":51,"audienceScore":0.2407646908108413,"combinedScore":0.02200830581201009,"combinedScoreRank":107,"engagementSEI":0.0078789950086055,"engagementSEIadj":0,"engagementSEIrank":128,"engagementScore":0.0032113694155015723,"voiceSEI":1.5116279069767442,"voiceSEIadj":0,"voiceSEIrank":104,"voiceScore":0.1415967759503322},"scoped":{"SEI":3.6174415340583637,"SEIrank":91,"SEIadj":0,"audienceSEI":17.070381645110253,"audienceSEIadj":0,"audienceSEIrank":40,"audienceScore":0.6956699376829374,"combinedScore":0.08327969588407744,"combinedScoreRank":106,"engagementSEI":0.25607768798430275,"engagementSEIadj":0,"engagementSEIrank":116,"engagementScore":0.037399337497450044,"voiceSEI":5.8558558558558556,"voiceSEIadj":0,"voiceSEIrank":94,"voiceScore":0.2967359050445104}},"facebook":{"entityString":"536575feb08f37d80186a108","type":"facebook","profiles":1,"postsMade":4,"repliesMade":0,"repliesRcvd":4,"sharesMade":0,"sharesRcvd":18,"mentionsRcvd":0,"likesRcvd":30,"reachRcvd":0,"audience":28669,"voice":4,"conversation":8,"engagement":52,"group_scoped":{"audienceScore":2.8554126748092425,"voiceScore":0.87527352297593,"engagementScore":0.026105466082975218,"combinedScore":0.21002922936393634,"combinedScoreRank":86,"SEIrank":66,"engagementSEIrank":92,"voiceSEIrank":76,"audienceSEIrank":18,"engagementSEI":0.028934219165581632,"engagementSEIadj":0.028934219165581632,"voiceSEI":1.702127659574468,"voiceSEIadj":1.702127659574468,"audienceSEI":5.392376302058842,"audienceSEIadj":5.392376302058842,"SEI":1.0672364595775736,"SEIadj":1.0672364595775736},"non_scoped":{"SEI":0.46450313086660144,"SEIrank":81,"SEIadj":0,"audienceSEI":1.5580165382675686,"audienceSEIadj":0,"audienceSEIrank":29,"audienceScore":0.2989421437620892,"combinedScore":0.023276388051911453,"combinedScoreRank":84,"engagementSEI":0.00559660931577146,"engagementSEIadj":0,"engagementSEIrank":96,"engagementScore":0.0023896894093101383,"voiceSEI":1.0178117048346056,"voiceSEIadj":0,"voiceSEIrank":84,"voiceScore":0.1235712079085573},"scoped":{"SEI":3.6141570549108275,"SEIrank":75,"SEIadj":0,"audienceSEI":20.13258333860015,"audienceSEIadj":0,"audienceSEIrank":20,"audienceScore":1.2323665917706677,"combinedScore":0.1132323513599092,"combinedScoreRank":80,"engagementSEI":0.3954372623574145,"engagementSEIadj":0,"engagementSEIrank":85,"engagementScore":0.03851652136555882,"voiceSEI":4.545454545454546,"voiceSEIadj":0,"voiceSEIrank":75,"voiceScore":0.3389830508474576}},"twitter":{"entityString":"536575feb08f37d80186a108","type":"twitter","profiles":1,"postsMade":9,"repliesMade":0,"repliesRcvd":0,"sharesMade":0,"sharesRcvd":4,"mentionsRcvd":0,"likesRcvd":21,"reachRcvd":0,"audience":4023,"voice":9,"conversation":9,"engagement":25,"group_scoped":{"audienceScore":0.9937480084282083,"voiceScore":1.0033444816053512,"engagementScore":0.5161023947151115,"combinedScore":0.5643467797452784,"combinedScoreRank":141,"SEIrank":118,"engagementSEIrank":112,"voiceSEIrank":103,"audienceSEIrank":120,"engagementSEI":1.25250501002004,"engagementSEIadj":1.25250501002004,"voiceSEI":2.727272727272727,"voiceSEIadj":2.727272727272727,"audienceSEI":3.4513524874960324,"audienceSEIadj":3.4513524874960324,"SEI":1.9148200729434455,"SEIadj":1.9148200729434455},"non_scoped":{"SEI":0.7277494618801159,"SEIrank":122,"SEIadj":0,"audienceSEI":0.7260789211510418,"audienceSEIadj":0,"audienceSEIrank":148,"audienceScore":0.11750671946826091,"combinedScore":0.050408668662308184,"combinedScoreRank":134,"engagementSEI":0.1602255976414792,"engagementSEIadj":0,"engagementSEIrank":131,"engagementScore":0.040763084950269035,"voiceSEI":1.8633540372670807,"voiceSEIadj":0,"voiceSEIrank":101,"voiceScore":0.15693112467306014},"scoped":{"SEI":2.5834482568796844,"SEIrank":119,"SEIadj":0,"audienceSEI":3.4513524874960324,"audienceSEIadj":0,"audienceSEIrank":133,"audienceScore":0.18654640150461288,"combinedScore":0.1008837663746551,"combinedScoreRank":122,"engagementSEI":0.9527439024390244,"engagementSEIadj":0,"engagementSEIrank":120,"engagementScore":0.08579566903462714,"voiceSEI":5.555555555555555,"voiceSEIadj":0,"voiceSEIrank":90,"voiceScore":0.28680688336520077}},"instagram":{"entityString":"536575feb08f37d80186a108","type":"instagram","profiles":0,"postsMade":0,"repliesMade":0,"repliesRcvd":0,"sharesMade":0,"sharesRcvd":0,"mentionsRcvd":0,"likesRcvd":0,"reachRcvd":0,"audience":0,"voice":0,"conversation":0,"engagement":0,"group_scoped":{"audienceScore":0,"voiceScore":0,"engagementScore":0,"combinedScore":0,"combinedScoreRank":130,"SEIrank":112,"engagementSEIrank":112,"voiceSEIrank":112,"audienceSEIrank":112,"engagementSEI":0,"engagementSEIadj":0,"voiceSEI":0,"voiceSEIadj":0,"audienceSEI":0,"audienceSEIadj":0,"SEI":0,"SEIadj":0},"non_scoped":{"SEI":0,"SEIrank":112,"SEIadj":0,"audienceSEI":0,"audienceSEIadj":0,"audienceSEIrank":112,"audienceScore":0,"combinedScore":0,"combinedScoreRank":112,"engagementSEI":0,"engagementSEIadj":0,"engagementSEIrank":112,"engagementScore":0,"voiceSEI":0,"voiceSEIadj":0,"voiceSEIrank":112,"voiceScore":0},"scoped":{"SEI":0,"SEIrank":96,"SEIadj":0,"audienceSEI":0,"audienceSEIadj":0,"audienceSEIrank":96,"audienceScore":0,"combinedScore":0,"combinedScoreRank":96,"engagementSEI":0,"engagementSEIadj":0,"engagementSEIrank":96,"engagementScore":0,"voiceSEI":0,"voiceSEIadj":0,"voiceSEIrank":96,"voiceScore":0}}},"month":{"boundaryQuantum":4975782,"combined":{"entityString":"536575feb08f37d80186a108","type":"combined","profiles":2,"postsMade":55,"repliesMade":0,"repliesRcvd":67,"sharesMade":0,"sharesRcvd":263,"mentionsRcvd":0,"likesRcvd":350,"reachRcvd":0,"audience":32692,"voice":55,"conversation":122,"engagement":680,"group_scoped":{"audienceScore":2.241959032745412,"voiceScore":0.9824937477670597,"engagementScore":0.07726456181335381,"combinedScore":0.23076074465764204,"combinedScoreRank":103,"SEIrank":84,"engagementSEIrank":114,"voiceSEIrank":94,"audienceSEIrank":25,"engagementSEI":0.08733501067927374,"engagementSEIadj":0.08733501067927374,"voiceSEI":2.375809935205184,"voiceSEIadj":2.375809935205184,"audienceSEI":5.1271274159854965,"audienceSEIadj":5.1271274159854965,"SEI":1.277856728567669,"SEIadj":1.277856728567669},"non_scoped":{"SEI":0.5972210461771513,"SEIrank":104,"SEIadj":0,"audienceSEI":1.3003522549727773,"audienceSEIadj":0,"audienceSEIrank":51,"audienceScore":0.2407646908108413,"combinedScore":0.0259715182933047,"combinedScoreRank":100,"engagementSEI":0.01876461501356847,"engagementSEIadj":0,"engagementSEIrank":110,"engagementScore":0.007390454445564847,"voiceSEI":1.5197568389057752,"voiceSEIadj":0,"voiceSEIrank":108,"voiceScore":0.14563749503508538},"scoped":{"SEI":3.8213015940790065,"SEIrank":91,"SEIadj":0,"audienceSEI":17.070381645110253,"audienceSEIadj":0,"audienceSEIrank":40,"audienceScore":0.6956699376829374,"combinedScore":0.11464465617988659,"combinedScoreRank":90,"engagementSEI":0.6290355405080387,"engagementSEIadj":0,"engagementSEIrank":100,"engagementScore":0.07167400973923309,"voiceSEI":5.7894736842105265,"voiceSEIadj":0,"voiceSEIrank":98,"voiceScore":0.30709101060859856}},"facebook":{"entityString":"536575feb08f37d80186a108","type":"facebook","profiles":1,"postsMade":17,"repliesMade":0,"repliesRcvd":67,"sharesMade":0,"sharesRcvd":240,"mentionsRcvd":0,"likesRcvd":313,"reachRcvd":0,"audience":28669,"voice":17,"conversation":84,"engagement":620,"group_scoped":{"audienceScore":2.8554126748092425,"voiceScore":0.8722421754746024,"engagementScore":0.07290198093495615,"combinedScore":0.2519945253556528,"combinedScoreRank":76,"SEIrank":67,"engagementSEIrank":88,"voiceSEIrank":81,"audienceSEIrank":18,"engagementSEI":0.08138298570547235,"engagementSEIadj":0.08138298570547235,"voiceSEI":1.678183613030602,"voiceSEIadj":1.678183613030602,"audienceSEI":5.392376302058842,"audienceSEIadj":5.392376302058842,"SEI":1.0915225055383482,"SEIadj":1.0915225055383482},"non_scoped":{"SEI":0.4917097890343567,"SEIrank":79,"SEIadj":0,"audienceSEI":1.5580165382675686,"audienceSEIadj":0,"audienceSEIrank":29,"audienceScore":0.2989421437620892,"combinedScore":0.02793269099983771,"combinedScoreRank":79,"engagementSEI":0.018100556767287272,"engagementSEIadj":0,"engagementSEIrank":88,"engagementScore":0.007496724112935005,"voiceSEI":1.0834926704907584,"voiceSEIadj":0,"voiceSEIrank":86,"voiceScore":0.12477064220183486},"scoped":{"SEI":4.081579124499602,"SEIrank":71,"SEIadj":0,"audienceSEI":20.13258333860015,"audienceSEIadj":0,"audienceSEIrank":20,"audienceScore":1.2323665917706677,"combinedScore":0.16135039698025422,"combinedScoreRank":69,"engagementSEI":0.6694235399548678,"engagementSEIadj":0,"engagementSEIrank":79,"engagementScore":0.09149171335941339,"voiceSEI":5.555555555555555,"voiceSEIadj":0,"voiceSEIrank":77,"voiceScore":0.34779050736497547}},"twitter":{"entityString":"536575feb08f37d80186a108","type":"twitter","profiles":1,"postsMade":38,"repliesMade":0,"repliesRcvd":0,"sharesMade":0,"sharesRcvd":23,"mentionsRcvd":0,"likesRcvd":37,"reachRcvd":0,"audience":4023,"voice":38,"conversation":38,"engagement":60,"group_scoped":{"audienceScore":0.9937480084282083,"voiceScore":1.0508849557522124,"engagementScore":0.3027703486905182,"combinedScore":0.37472496203048744,"combinedScoreRank":160,"SEIrank":128,"engagementSEIrank":137,"voiceSEIrank":103,"audienceSEIrank":120,"engagementSEI":0.8618213157138753,"engagementSEIadj":0.8618213157138753,"voiceSEI":2.9944838455476757,"voiceSEIadj":2.9944838455476757,"audienceSEI":3.4513524874960324,"audienceSEIadj":3.4513524874960324,"SEI":1.760573191842231,"SEIadj":1.760573191842231},"non_scoped":{"SEI":0.7073612619527914,"SEIrank":133,"SEIadj":0,"audienceSEI":0.7260789211510418,"audienceSEIadj":0,"audienceSEIrank":148,"audienceScore":0.11750671946826091,"combinedScore":0.036409628232771024,"combinedScoreRank":156,"engagementSEI":0.10410702201863517,"engagementSEIadj":0,"engagementSEIrank":160,"engagementScore":0.02486953854571228,"voiceSEI":1.9076305220883536,"voiceSEIadj":0,"voiceSEIrank":106,"voiceScore":0.16303415136433844},"scoped":{"SEI":2.4704562393767686,"SEIrank":127,"SEIadj":0,"audienceSEI":3.4513524874960324,"audienceSEIadj":0,"audienceSEIrank":133,"audienceScore":0.18654640150461288,"combinedScore":0.06961540811532557,"combinedScoreRank":143,"engagementSEI":0.5918910920390648,"engagementSEIadj":0,"engagementSEIrank":148,"engagementScore":0.05048210409409864,"voiceSEI":5.900621118012422,"voiceSEIadj":0,"voiceSEIrank":96,"voiceScore":0.2970838871081229}},"instagram":{"entityString":"536575feb08f37d80186a108","type":"instagram","profiles":0,"postsMade":0,"repliesMade":0,"repliesRcvd":0,"sharesMade":0,"sharesRcvd":0,"mentionsRcvd":0,"likesRcvd":0,"reachRcvd":0,"audience":0,"voice":0,"conversation":0,"engagement":0,"group_scoped":{"audienceScore":0,"voiceScore":0,"engagementScore":0,"combinedScore":0,"combinedScoreRank":130,"SEIrank":112,"engagementSEIrank":112,"voiceSEIrank":112,"audienceSEIrank":112,"engagementSEI":0,"engagementSEIadj":0,"voiceSEI":0,"voiceSEIadj":0,"audienceSEI":0,"audienceSEIadj":0,"SEI":0,"SEIadj":0},"non_scoped":{"SEI":0,"SEIrank":112,"SEIadj":0,"audienceSEI":0,"audienceSEIadj":0,"audienceSEIrank":112,"audienceScore":0,"combinedScore":0,"combinedScoreRank":112,"engagementSEI":0,"engagementSEIadj":0,"engagementSEIrank":112,"engagementScore":0,"voiceSEI":0,"voiceSEIadj":0,"voiceSEIrank":112,"voiceScore":0},"scoped":{"SEI":0,"SEIrank":96,"SEIadj":0,"audienceSEI":0,"audienceSEIadj":0,"audienceSEIrank":96,"audienceScore":0,"combinedScore":0,"combinedScoreRank":96,"engagementSEI":0,"engagementSEIadj":0,"engagementSEIrank":96,"engagementScore":0,"voiceSEI":0,"voiceSEIadj":0,"voiceSEIrank":96,"voiceScore":0}}},"quarter":{"boundaryQuantum":4958502,"combined":{"entityString":"536575feb08f37d80186a108","type":"combined","profiles":2,"postsMade":189,"repliesMade":0,"repliesRcvd":282,"sharesMade":0,"sharesRcvd":600,"mentionsRcvd":0,"likesRcvd":1239,"reachRcvd":0,"audience":32692,"voice":189,"conversation":471,"engagement":2121,"group_scoped":{"audienceScore":2.241959032745412,"voiceScore":1.12876254180602,"engagementScore":0.0669259772186624,"combinedScore":0.22876945822436778,"combinedScoreRank":100,"SEIrank":79,"engagementSEIrank":120,"voiceSEIrank":86,"audienceSEIrank":25,"engagementSEI":0.07413792380257292,"engagementSEIadj":0.07413792380257292,"voiceSEI":2.710843373493976,"voiceSEIadj":2.710843373493976,"audienceSEI":5.1271274159854965,"audienceSEIadj":5.1271274159854965,"SEI":1.3704485079282862,"SEIadj":1.3704485079282862},"non_scoped":{"SEI":0.6706469822204962,"SEIrank":97,"SEIadj":0,"audienceSEI":1.3003522549727773,"audienceSEIadj":0,"audienceSEIrank":51,"audienceScore":0.2407646908108413,"combinedScore":0.02689319425366797,"combinedScoreRank":97,"engagementSEI":0.01850185079570171,"engagementSEIadj":0,"engagementSEIrank":114,"engagementScore":0.007165535698962366,"voiceSEI":1.7650354874859917,"voiceSEIadj":0,"voiceSEIrank":94,"voiceScore":0.16811955168119552},"scoped":{"SEI":4.171640658021124,"SEIrank":85,"SEIadj":0,"audienceSEI":17.070381645110253,"audienceSEIadj":0,"audienceSEIrank":40,"audienceScore":0.6956699376829374,"combinedScore":0.11547027956448812,"combinedScoreRank":95,"engagementSEI":0.42919670807541394,"engagementSEIadj":0,"engagementSEIrank":104,"engagementScore":0.07000965809804785,"voiceSEI":7.3569482288828345,"voiceSEIadj":0,"voiceSEIrank":84,"voiceScore":0.3535618078419635}},"facebook":{"entityString":"536575feb08f37d80186a108","type":"facebook","profiles":1,"postsMade":49,"repliesMade":0,"repliesRcvd":282,"sharesMade":0,"sharesRcvd":544,"mentionsRcvd":0,"likesRcvd":1058,"reachRcvd":0,"audience":28669,"voice":49,"conversation":331,"engagement":1884,"group_scoped":{"audienceScore":2.8554126748092425,"voiceScore":0.8524704244954767,"engagementScore":0.06175567044237252,"combinedScore":0.24097425836337125,"combinedScoreRank":74,"SEIrank":69,"engagementSEIrank":91,"voiceSEIrank":82,"audienceSEIrank":18,"engagementSEI":0.06758589219834953,"engagementSEIadj":0.06758589219834953,"voiceSEI":1.611842105263158,"voiceSEIadj":1.611842105263158,"audienceSEI":5.392376302058842,"audienceSEIadj":5.392376302058842,"SEI":1.0633417971038415,"SEIadj":1.0633417971038415},"non_scoped":{"SEI":0.4746391547130201,"SEIrank":80,"SEIadj":0,"audienceSEI":1.5580165382675686,"audienceSEIadj":0,"audienceSEIrank":29,"audienceScore":0.2989421437620892,"combinedScore":0.027355325368914187,"combinedScoreRank":78,"engagementSEI":0.0170141425996472,"engagementSEIadj":0,"engagementSEIrank":91,"engagementScore":0.007080606808003446,"voiceSEI":1.028763384421583,"voiceSEIadj":0,"voiceSEIrank":90,"voiceScore":0.12071344107213244},"scoped":{"SEI":4.767182098118491,"SEIrank":75,"SEIadj":0,"audienceSEI":20.13258333860015,"audienceSEIadj":0,"audienceSEIrank":20,"audienceScore":1.2323665917706677,"combinedScore":0.1635166063536143,"combinedScoreRank":78,"engagementSEI":1.6020680623820134,"engagementSEIadj":0,"engagementSEIrank":82,"engagementScore":0.09464112227090468,"voiceSEI":5.975609756097561,"voiceSEIadj":0,"voiceSEIrank":81,"voiceScore":0.33442533442533445}},"twitter":{"entityString":"536575feb08f37d80186a108","type":"twitter","profiles":1,"postsMade":140,"repliesMade":0,"repliesRcvd":0,"sharesMade":0,"sharesRcvd":56,"mentionsRcvd":0,"likesRcvd":181,"reachRcvd":0,"audience":4023,"voice":140,"conversation":140,"engagement":237,"group_scoped":{"audienceScore":0.9937480084282083,"voiceScore":1.288778422166989,"engagementScore":0.3409041872240043,"combinedScore":0.42094009003136373,"combinedScoreRank":152,"SEIrank":119,"engagementSEIrank":136,"voiceSEIrank":84,"audienceSEIrank":120,"engagementSEI":0.971311475409836,"engagementSEIadj":0.971311475409836,"voiceSEI":3.6851803106080547,"voiceSEIadj":3.6851803106080547,"audienceSEI":3.4513524874960324,"audienceSEIadj":3.4513524874960324,"SEI":2.033476227177921,"SEIadj":2.033476227177921},"non_scoped":{"SEI":0.8391100744930244,"SEIrank":115,"SEIadj":0,"audienceSEI":0.7260789211510418,"audienceSEIadj":0,"audienceSEIrank":148,"audienceScore":0.11750671946826091,"combinedScore":0.041596248789831036,"combinedScoreRank":152,"engagementSEI":0.11239045487309836,"engagementSEIadj":0,"engagementSEIrank":159,"engagementScore":0.028515737799595726,"voiceSEI":2.330226364846871,"voiceSEIadj":0,"voiceSEIrank":93,"voiceScore":0.2011349759356368},"scoped":{"SEI":3.142809792391715,"SEIrank":111,"SEIadj":0,"audienceSEI":3.4513524874960324,"audienceSEIadj":0,"audienceSEIrank":133,"audienceScore":0.18654640150461288,"combinedScore":0.080876409436033,"combinedScoreRank":142,"engagementSEI":0.745611275404266,"engagementSEIadj":0,"engagementSEIrank":148,"engagementScore":0.059119641191173466,"voiceSEI":7.834359261331842,"voiceSEIadj":0,"voiceSEIrank":83,"voiceScore":0.3668282457749247}},"instagram":{"entityString":"536575feb08f37d80186a108","type":"instagram","profiles":0,"postsMade":0,"repliesMade":0,"repliesRcvd":0,"sharesMade":0,"sharesRcvd":0,"mentionsRcvd":0,"likesRcvd":0,"reachRcvd":0,"audience":0,"voice":0,"conversation":0,"engagement":0,"group_scoped":{"audienceScore":0,"voiceScore":0,"engagementScore":0,"combinedScore":0,"combinedScoreRank":130,"SEIrank":112,"engagementSEIrank":112,"voiceSEIrank":112,"audienceSEIrank":112,"engagementSEI":0,"engagementSEIadj":0,"voiceSEI":0,"voiceSEIadj":0,"audienceSEI":0,"audienceSEIadj":0,"SEI":0,"SEIadj":0},"non_scoped":{"SEI":0,"SEIrank":112,"SEIadj":0,"audienceSEI":0,"audienceSEIadj":0,"audienceSEIrank":112,"audienceScore":0,"combinedScore":0,"combinedScoreRank":112,"engagementSEI":0,"engagementSEIadj":0,"engagementSEIrank":112,"engagementScore":0,"voiceSEI":0,"voiceSEIadj":0,"voiceSEIrank":112,"voiceScore":0},"scoped":{"SEI":0,"SEIrank":96,"SEIadj":0,"audienceSEI":0,"audienceSEIadj":0,"audienceSEIrank":96,"audienceScore":0,"combinedScore":0,"combinedScoreRank":96,"engagementSEI":0,"engagementSEIadj":0,"engagementSEIrank":96,"engagementScore":0,"voiceSEI":0,"voiceSEIadj":0,"voiceSEIrank":96,"voiceScore":0}}},"blended":{"combined":{"non_scoped":{"SEI":0.6247205394488374,"SEIadj":50.312360269724415,"SEIrank":104,"audienceSEI":1.3003522549727773,"audienceSEIadj":60.52014090198911,"audienceSEIrank":51,"engagementSEI":0.015018174944129535,"engagementSEIadj":50.007509087472066,"engagementSEIrank":116,"voiceSEI":1.6189146966169403,"voiceSEIadj":50.80945734830847,"voiceSEIrank":104},"scoped":{"SEI":2.9527555120720446,"SEIadj":41.77165330724323,"SEIrank":147,"compCharisma":0,"compInfluence":0,"compEva":2.9527555120720446,"audienceSEI":17.070381645110253,"audienceSEIadj":66.8281526580441,"audienceSEIrank":40,"engagementSEI":0.39224456926073614,"engagementSEIadj":50.19612228463037,"engagementSEIrank":108,"voiceSEI":6.476065716933201,"voiceSEIadj":53.2380328584666,"voiceSEIrank":94}},"facebook":{"non_scoped":{"SEI":0.45832888160458296,"SEIadj":50.22916444080229,"SEIrank":82,"audienceSEI":1.5580165382675688,"audienceSEIadj":60.623206615307026,"audienceSEIrank":29,"engagementSEI":0.013087494178983422,"engagementSEIadj":50.006543747089495,"engagementSEIrank":95,"voiceSEI":0.982249104234787,"voiceSEIadj":50.49112455211739,"voiceSEIrank":87},"scoped":{"SEI":4.186724267890173,"SEIadj":52.093362133945085,"SEIrank":75,"audienceSEI":20.13258333860015,"audienceSEIadj":76.03977500158004,"audienceSEIrank":20,"engagementSEI":1.0300559358743573,"engagementSEIadj":50.51502796793718,"engagementSEIrank":87,"voiceSEI":5.184774575018478,"voiceSEIadj":52.59238728750924,"voiceSEIrank":78}},"twitter":{"non_scoped":{"SEI":0.8091292768592838,"SEIadj":50.40456463842964,"SEIrank":116,"audienceSEI":0.7260789211510417,"audienceSEIadj":50.36303946057552,"audienceSEIrank":148,"engagementSEI":0.17032032194855998,"engagementSEIadj":50.08516016097428,"engagementSEIrank":142,"voiceSEI":2.1144306385834795,"voiceSEIadj":51.05721531929174,"voiceSEIrank":97},"scoped":{"SEI":2.8811762101510845,"SEIadj":51.44058810507554,"SEIrank":116,"audienceSEI":3.4513524874960324,"audienceSEIadj":51.72567624374802,"audienceSEIrank":133,"engagementSEI":0.8961113569980643,"engagementSEIadj":50.44805567849903,"engagementSEIrank":136,"voiceSEI":6.661247157342143,"voiceSEIadj":53.33062357867107,"voiceSEIrank":87}},"instagram":{"non_scoped":{"SEI":0,"SEIadj":0,"SEIrank":112,"audienceSEI":0,"audienceSEIadj":0,"audienceSEIrank":112,"engagementSEI":0,"engagementSEIadj":0,"engagementSEIrank":112,"voiceSEI":0,"voiceSEIadj":0,"voiceSEIrank":112},"scoped":{"SEI":0,"SEIadj":0,"SEIrank":96,"audienceSEI":0,"audienceSEIadj":0,"audienceSEIrank":96,"engagementSEI":0,"engagementSEIadj":0,"engagementSEIrank":96,"voiceSEI":0,"voiceSEIadj":0,"voiceSEIrank":96}},"influence":{"instagram":{"scope":"individual","ratio":0,"calculated":false},"combined":{"ratio":0.07,"bottom":false,"scope":"individual","calculated":true},"facebook":{"ratio":0.06,"bottom":false,"scope":"individual","calculated":true},"twitter":{"ratio":0.32,"bottom":false,"scope":"individual","calculated":true}},"charisma":{"instagram":{"scope":"individual","ratio":0,"calculated":false},"combined":{"ratio":0.21,"bottom":false,"scope":"individual","calculated":true},"facebook":{"ratio":0.25,"bottom":false,"scope":"individual","calculated":true},"twitter":{"ratio":0.18,"bottom":false,"scope":"individual","calculated":true}}},"scope":"individual"}}