{"scoreEntityString":"591d1494ab33fb0001804f89.asset.536575feb08f37d80186a0d9","timeQuantum":4984422,"scoreEntityType":"asset","scoreProfileID":"591d1494ab33fb0001804f89","data":{"scoreEntityString":"591d1494ab33fb0001804f89.asset.536575feb08f37d80186a0d9","scoreProfileID":"591d1494ab33fb0001804f89","scoreEntityType":"asset","entityID":"asset.536575feb08f37d80186a0d9","object_version":"1.2","score_engine_version":"3.0.19","timestamp":4984422,"start_quantum":4958502,"end_quantum":4984421,"schedule_options":{"interval":15,"offset":"1"},"_15min":{"boundaryQuantum":4984419,"combined":{"entityString":"536575feb08f37d80186a0d9","type":"combined","profiles":2,"postsMade":0,"repliesMade":0,"repliesRcvd":0,"sharesMade":0,"sharesRcvd":0,"mentionsRcvd":0,"likesRcvd":0,"reachRcvd":0,"audience":16891,"voice":0,"conversation":0,"engagement":0,"group_scoped":{"audienceScore":0.428903271152389,"voiceScore":0,"engagementScore":0,"combinedScore":0.428903271152389,"engagementSEI":0,"engagementSEIadj":0,"voiceSEI":0,"voiceSEIadj":0,"audienceSEI":0.6718539685166152,"audienceSEIadj":0.6718539685166152,"SEI":0.06718539685166151,"SEIadj":0.06718539685166151,"combinedScoreRank":144,"SEIrank":142,"engagementSEIrank":170,"voiceSEIrank":169,"audienceSEIrank":142},"non_scoped":{"SEI":0.06718539685166151,"SEIrank":94,"SEIadj":0,"audienceSEI":0.6718539685166152,"audienceSEIadj":0,"audienceSEIrank":94,"audienceScore":0.12439607220377832,"combinedScore":0.006219803610188916,"combinedScoreRank":94,"engagementSEI":0,"engagementSEIadj":0,"engagementSEIrank":170,"engagementScore":0,"voiceSEI":0,"voiceSEIadj":0,"voiceSEIrank":169,"voiceScore":0},"scoped":{"SEI":0.8819766804342264,"SEIrank":82,"SEIadj":0,"audienceSEI":8.819766804342263,"audienceSEIadj":0,"audienceSEIrank":82,"audienceScore":0.35943230507165347,"combinedScore":0.05134747215309335,"combinedScoreRank":82,"engagementSEI":0,"engagementSEIadj":0,"engagementSEIrank":151,"engagementScore":0,"voiceSEI":0,"voiceSEIadj":0,"voiceSEIrank":150,"voiceScore":0}},"facebook":{"entityString":"536575feb08f37d80186a0d9","type":"facebook","profiles":1,"postsMade":0,"repliesMade":0,"repliesRcvd":0,"sharesMade":0,"sharesRcvd":0,"mentionsRcvd":0,"likesRcvd":0,"reachRcvd":0,"audience":7656,"voice":0,"conversation":0,"engagement":0,"group_scoped":{"audienceScore":0.29623633592488535,"voiceScore":0,"engagementScore":0,"combinedScore":0.29623633592488535,"engagementSEI":0,"engagementSEIadj":0,"voiceSEI":0,"voiceSEIadj":0,"audienceSEI":0.41606524876962936,"audienceSEIadj":0.41606524876962936,"SEI":0.04160652487696294,"SEIadj":0.04160652487696294,"combinedScoreRank":116,"SEIrank":112,"engagementSEIrank":170,"voiceSEIrank":169,"audienceSEIrank":112},"non_scoped":{"SEI":0.04160652487696294,"SEIrank":94,"SEIadj":0,"audienceSEI":0.41606524876962936,"audienceSEIadj":0,"audienceSEIrank":94,"audienceScore":0.07983191086687903,"combinedScore":0.003991595543343952,"combinedScoreRank":94,"engagementSEI":0,"engagementSEIadj":0,"engagementSEIrank":170,"engagementScore":0,"voiceSEI":0,"voiceSEIadj":0,"voiceSEIrank":169,"voiceScore":0},"scoped":{"SEI":0.537636673899762,"SEIrank":82,"SEIadj":0,"audienceSEI":5.3763667389976195,"audienceSEIadj":0,"audienceSEIrank":82,"audienceScore":0.32910107177077097,"combinedScore":0.04701443882439585,"combinedScoreRank":82,"engagementSEI":0,"engagementSEIadj":0,"engagementSEIrank":151,"engagementScore":0,"voiceSEI":0,"voiceSEIadj":0,"voiceSEIrank":150,"voiceScore":0}},"twitter":{"entityString":"536575feb08f37d80186a0d9","type":"twitter","profiles":1,"postsMade":0,"repliesMade":0,"repliesRcvd":0,"sharesMade":0,"sharesRcvd":0,"mentionsRcvd":0,"likesRcvd":0,"reachRcvd":0,"audience":9235,"voice":0,"conversation":0,"engagement":0,"group_scoped":{"audienceScore":0.7484756950044618,"voiceScore":0,"engagementScore":0,"combinedScore":0.7484756950044618,"engagementSEI":0,"engagementSEIadj":0,"voiceSEI":0,"voiceSEIadj":0,"audienceSEI":1.6667508915808777,"audienceSEIadj":1.6667508915808777,"SEI":0.1666750891580878,"SEIadj":0.1666750891580878,"combinedScoreRank":163,"SEIrank":178,"engagementSEIrank":168,"voiceSEIrank":168,"audienceSEIrank":178},"non_scoped":{"SEI":0.1666750891580878,"SEIrank":85,"SEIadj":0,"audienceSEI":1.6667508915808777,"audienceSEIadj":0,"audienceSEIrank":85,"audienceScore":0.26974261851588105,"combinedScore":0.013487130925794052,"combinedScoreRank":85,"engagementSEI":0,"engagementSEIadj":0,"engagementSEIrank":168,"engagementScore":0,"voiceSEI":0,"voiceSEIadj":0,"voiceSEIrank":168,"voiceScore":0},"scoped":{"SEI":0.792275421874866,"SEIrank":73,"SEIadj":0,"audienceSEI":7.9227542187486595,"audienceSEIadj":0,"audienceSEIrank":73,"audienceScore":0.4282267009433507,"combinedScore":0.06117524299190724,"combinedScoreRank":73,"engagementSEI":0,"engagementSEIadj":0,"engagementSEIrank":150,"engagementScore":0,"voiceSEI":0,"voiceSEIadj":0,"voiceSEIrank":150,"voiceScore":0}},"instagram":{"entityString":"536575feb08f37d80186a0d9","type":"instagram","profiles":0,"postsMade":0,"repliesMade":0,"repliesRcvd":0,"sharesMade":0,"sharesRcvd":0,"mentionsRcvd":0,"likesRcvd":0,"reachRcvd":0,"audience":0,"voice":0,"conversation":0,"engagement":0,"group_scoped":{"audienceScore":0,"voiceScore":0,"engagementScore":0,"combinedScore":0,"engagementSEI":0,"engagementSEIadj":0,"voiceSEI":0,"voiceSEIadj":0,"audienceSEI":0,"audienceSEIadj":0,"SEI":0,"SEIadj":0,"combinedScoreRank":187,"SEIrank":169,"engagementSEIrank":168,"voiceSEIrank":168,"audienceSEIrank":169},"non_scoped":{"SEI":0,"SEIrank":169,"SEIadj":0,"audienceSEI":0,"audienceSEIadj":0,"audienceSEIrank":169,"audienceScore":0,"combinedScore":0,"combinedScoreRank":169,"engagementSEI":0,"engagementSEIadj":0,"engagementSEIrank":168,"engagementScore":0,"voiceSEI":0,"voiceSEIadj":0,"voiceSEIrank":168,"voiceScore":0},"scoped":{"SEI":0,"SEIrank":150,"SEIadj":0,"audienceSEI":0,"audienceSEIadj":0,"audienceSEIrank":150,"audienceScore":0,"combinedScore":0,"combinedScoreRank":150,"engagementSEI":0,"engagementSEIadj":0,"engagementSEIrank":150,"engagementScore":0,"voiceSEI":0,"voiceSEIadj":0,"voiceSEIrank":150,"voiceScore":0}}},"hour":{"boundaryQuantum":4984410,"combined":{"entityString":"536575feb08f37d80186a0d9","type":"combined","profiles":2,"postsMade":0,"repliesMade":0,"repliesRcvd":0,"sharesMade":0,"sharesRcvd":0,"mentionsRcvd":0,"likesRcvd":1,"reachRcvd":0,"audience":16891,"voice":0,"conversation":0,"engagement":1,"group_scoped":{"audienceScore":0.428903271152389,"voiceScore":0,"engagementScore":0.025793139025019347,"combinedScore":0.08338030075750072,"combinedScoreRank":217,"SEIrank":132,"engagementSEIrank":54,"voiceSEIrank":170,"audienceSEIrank":142,"engagementSEI":0.027329871549603715,"engagementSEIadj":0.027329871549603715,"voiceSEI":0,"voiceSEIadj":0,"audienceSEI":0.6718539685166152,"audienceSEIadj":0.6718539685166152,"SEI":0.08358331978142375,"SEIadj":0.08358331978142375},"non_scoped":{"SEI":0.07617012281751956,"SEIrank":89,"SEIadj":0,"audienceSEI":0.6718539685166152,"audienceSEIadj":0,"audienceSEIrank":94,"audienceScore":0.12439607220377832,"combinedScore":0.012560510951318972,"combinedScoreRank":68,"engagementSEI":0.01497454327643007,"engagementSEIadj":0,"engagementSEIrank":55,"engagementScore":0.0070452303790333945,"voiceSEI":0,"voiceSEIadj":0,"voiceSEIrank":170,"voiceScore":0},"scoped":{"SEI":0.9317279242153209,"SEIrank":80,"SEIadj":0,"audienceSEI":8.819766804342263,"audienceSEIadj":0,"audienceSEIrank":82,"audienceScore":0.35943230507165347,"combinedScore":0.0721884827234622,"combinedScoreRank":49,"engagementSEI":0.08291873963515754,"engagementSEIadj":0,"engagementSEIrank":46,"engagementScore":0.06024096385542169,"voiceSEI":0,"voiceSEIadj":0,"voiceSEIrank":151,"voiceScore":0}},"facebook":{"entityString":"536575feb08f37d80186a0d9","type":"facebook","profiles":1,"postsMade":0,"repliesMade":0,"repliesRcvd":0,"sharesMade":0,"sharesRcvd":0,"mentionsRcvd":0,"likesRcvd":1,"reachRcvd":0,"audience":7656,"voice":0,"conversation":0,"engagement":1,"group_scoped":{"audienceScore":0.29623633592488535,"voiceScore":0,"engagementScore":0.02894356005788712,"combinedScore":0.06712824232460116,"combinedScoreRank":160,"SEIrank":99,"engagementSEIrank":40,"voiceSEIrank":169,"audienceSEIrank":112,"engagementSEI":0.03050640634533252,"engagementSEIadj":0.03050640634533252,"voiceSEI":0,"voiceSEIadj":0,"audienceSEI":0.41606524876962936,"audienceSEIadj":0.41606524876962936,"SEI":0.059910368684162454,"SEIadj":0.059910368684162454},"non_scoped":{"SEI":0.05096543924289649,"SEIrank":89,"SEIadj":0,"audienceSEI":0.41606524876962936,"audienceSEIadj":0,"audienceSEIrank":94,"audienceScore":0.07983191086687903,"combinedScore":0.01140754808124771,"combinedScoreRank":53,"engagementSEI":0.015598190609889253,"engagementSEIadj":0,"engagementSEIrank":41,"engagementScore":0.008239947264337508,"voiceSEI":0,"voiceSEIadj":0,"voiceSEIrank":169,"voiceScore":0},"scoped":{"SEI":1.3484474847105727,"SEIrank":47,"SEIadj":0,"audienceSEI":5.3763667389976195,"audienceSEIadj":0,"audienceSEIrank":82,"audienceScore":0.32910107177077097,"combinedScore":0.2657625328129153,"combinedScoreRank":30,"engagementSEI":1.3513513513513513,"engagementSEIadj":0,"engagementSEIrank":32,"engagementScore":0.2770083102493075,"voiceSEI":0,"voiceSEIadj":0,"voiceSEIrank":150,"voiceScore":0}},"twitter":{"entityString":"536575feb08f37d80186a0d9","type":"twitter","profiles":1,"postsMade":0,"repliesMade":0,"repliesRcvd":0,"sharesMade":0,"sharesRcvd":0,"mentionsRcvd":0,"likesRcvd":0,"reachRcvd":0,"audience":9235,"voice":0,"conversation":0,"engagement":0,"group_scoped":{"audienceScore":0.7484756950044618,"voiceScore":0,"engagementScore":0,"combinedScore":0.7484756950044618,"combinedScoreRank":167,"SEIrank":181,"engagementSEIrank":172,"voiceSEIrank":170,"audienceSEIrank":178,"engagementSEI":0,"engagementSEIadj":0,"voiceSEI":0,"voiceSEIadj":0,"audienceSEI":1.6667508915808777,"audienceSEIadj":1.6667508915808777,"SEI":0.1666750891580878,"SEIadj":0.1666750891580878},"non_scoped":{"SEI":0.1666750891580878,"SEIrank":96,"SEIadj":0,"audienceSEI":1.6667508915808777,"audienceSEIadj":0,"audienceSEIrank":85,"audienceScore":0.26974261851588105,"combinedScore":0.013487130925794052,"combinedScoreRank":96,"engagementSEI":0,"engagementSEIadj":0,"engagementSEIrank":172,"engagementScore":0,"voiceSEI":0,"voiceSEIadj":0,"voiceSEIrank":170,"voiceScore":0},"scoped":{"SEI":0.792275421874866,"SEIrank":84,"SEIadj":0,"audienceSEI":7.9227542187486595,"audienceSEIadj":0,"audienceSEIrank":73,"audienceScore":0.4282267009433507,"combinedScore":0.021411335047167537,"combinedScoreRank":84,"engagementSEI":0,"engagementSEIadj":0,"engagementSEIrank":153,"engagementScore":0,"voiceSEI":0,"voiceSEIadj":0,"voiceSEIrank":151,"voiceScore":0}},"instagram":{"entityString":"536575feb08f37d80186a0d9","type":"instagram","profiles":0,"postsMade":0,"repliesMade":0,"repliesRcvd":0,"sharesMade":0,"sharesRcvd":0,"mentionsRcvd":0,"likesRcvd":0,"reachRcvd":0,"audience":0,"voice":0,"conversation":0,"engagement":0,"group_scoped":{"audienceScore":0,"voiceScore":0,"engagementScore":0,"combinedScore":0,"combinedScoreRank":187,"SEIrank":169,"engagementSEIrank":168,"voiceSEIrank":168,"audienceSEIrank":169,"engagementSEI":0,"engagementSEIadj":0,"voiceSEI":0,"voiceSEIadj":0,"audienceSEI":0,"audienceSEIadj":0,"SEI":0,"SEIadj":0},"non_scoped":{"SEI":0,"SEIrank":169,"SEIadj":0,"audienceSEI":0,"audienceSEIadj":0,"audienceSEIrank":169,"audienceScore":0,"combinedScore":0,"combinedScoreRank":169,"engagementSEI":0,"engagementSEIadj":0,"engagementSEIrank":168,"engagementScore":0,"voiceSEI":0,"voiceSEIadj":0,"voiceSEIrank":168,"voiceScore":0},"scoped":{"SEI":0,"SEIrank":150,"SEIadj":0,"audienceSEI":0,"audienceSEIadj":0,"audienceSEIrank":150,"audienceScore":0,"combinedScore":0,"combinedScoreRank":150,"engagementSEI":0,"engagementSEIadj":0,"engagementSEIrank":150,"engagementScore":0,"voiceSEI":0,"voiceSEIadj":0,"voiceSEIrank":150,"voiceScore":0}}},"today":{"boundaryQuantum":4984134,"combined":{"entityString":"536575feb08f37d80186a0d9","type":"combined","profiles":2,"postsMade":1,"repliesMade":0,"repliesRcvd":6,"sharesMade":0,"sharesRcvd":6,"mentionsRcvd":0,"likesRcvd":53,"reachRcvd":0,"audience":16891,"voice":1,"conversation":7,"engagement":65,"group_scoped":{"audienceScore":0.428903271152389,"voiceScore":0.45454545454545453,"engagementScore":0.060895063752447506,"combinedScore":0.09897799366209495,"combinedScoreRank":177,"SEIrank":109,"engagementSEIrank":94,"voiceSEIrank":103,"audienceSEIrank":142,"engagementSEI":0.06736519188715812,"engagementSEIadj":0.06736519188715812,"voiceSEI":1.098901098901099,"voiceSEIadj":1.098901098901099,"audienceSEI":0.6718539685166152,"audienceSEIadj":0.6718539685166152,"SEI":0.43727484165428604,"SEIadj":0.43727484165428604},"non_scoped":{"SEI":0.4168257203261726,"SEIrank":89,"SEIadj":0,"audienceSEI":0.6718539685166152,"audienceSEIadj":0,"audienceSEIrank":94,"audienceScore":0.12439607220377832,"combinedScore":0.027978522712887213,"combinedScoreRank":70,"engagementSEI":0.03328332300696902,"engagementSEIadj":0,"engagementSEIrank":49,"engagementScore":0.017342952891203654,"voiceSEI":1.098901098901099,"voiceSEIadj":0,"voiceSEIrank":96,"voiceScore":0.12300123001230012},"scoped":{"SEI":2.1357946845416715,"SEIrank":83,"SEIadj":0,"audienceSEI":8.819766804342263,"audienceSEIadj":0,"audienceSEIrank":82,"audienceScore":0.35943230507165347,"combinedScore":0.18741010678971967,"combinedScoreRank":49,"engagementSEI":0.36555874247792586,"engagementSEIadj":0,"engagementSEIrank":40,"engagementScore":0.173759623609923,"voiceSEI":3.4482758620689653,"voiceSEIadj":0,"voiceSEIrank":86,"voiceScore":0.26109660574412535}},"facebook":{"entityString":"536575feb08f37d80186a0d9","type":"facebook","profiles":1,"postsMade":1,"repliesMade":0,"repliesRcvd":6,"sharesMade":0,"sharesRcvd":5,"mentionsRcvd":0,"likesRcvd":52,"reachRcvd":0,"audience":7656,"voice":1,"conversation":7,"engagement":63,"group_scoped":{"audienceScore":0.29623633592488535,"voiceScore":1.3888888888888888,"engagementScore":0.06427522037218412,"combinedScore":0.14210395957565441,"combinedScoreRank":119,"SEIrank":54,"engagementSEIrank":63,"voiceSEIrank":50,"audienceSEIrank":112,"engagementSEI":0.07034783094187928,"engagementSEIadj":0.07034783094187928,"voiceSEI":2.564102564102564,"voiceSEIadj":2.564102564102564,"audienceSEI":0.41606524876962936,"audienceSEIadj":0.41606524876962936,"SEI":0.8530459926728596,"SEIadj":0.8530459926728596},"non_scoped":{"SEI":0.8309638035959437,"SEIrank":42,"SEIadj":0,"audienceSEI":0.41606524876962936,"audienceSEIadj":0,"audienceSEIrank":94,"audienceScore":0.07983191086687903,"combinedScore":0.037961190812770364,"combinedScoreRank":47,"engagementSEI":0.033544182480352694,"engagementSEIadj":0,"engagementSEIrank":44,"engagementScore":0.018847547275931083,"voiceSEI":2.564102564102564,"voiceSEIadj":0,"voiceSEIrank":47,"voiceScore":0.3401360544217687},"scoped":{"SEI":4.115173732052556,"SEIrank":41,"SEIadj":0,"audienceSEI":5.3763667389976195,"audienceSEIadj":0,"audienceSEIrank":82,"audienceScore":0.32910107177077097,"combinedScore":0.4506694015409057,"combinedScoreRank":37,"engagementSEI":1.7958950969213228,"engagementSEIadj":0,"engagementSEIrank":35,"engagementScore":0.4193290734824281,"voiceSEI":8.333333333333332,"voiceSEIadj":0,"voiceSEIrank":39,"voiceScore":1.1363636363636365}},"twitter":{"entityString":"536575feb08f37d80186a0d9","type":"twitter","profiles":1,"postsMade":0,"repliesMade":0,"repliesRcvd":0,"sharesMade":0,"sharesRcvd":1,"mentionsRcvd":0,"likesRcvd":1,"reachRcvd":0,"audience":9235,"voice":0,"conversation":0,"engagement":2,"group_scoped":{"audienceScore":0.7484756950044618,"voiceScore":0,"engagementScore":0.059224163458691144,"combinedScore":0.1576886679652298,"combinedScoreRank":215,"SEIrank":180,"engagementSEIrank":127,"voiceSEIrank":186,"audienceSEIrank":178,"engagementSEI":0.12610340479192939,"engagementSEIadj":0.12610340479192939,"voiceSEI":0,"voiceSEIadj":0,"audienceSEI":1.6667508915808777,"audienceSEIadj":1.6667508915808777,"SEI":0.24233713203324542,"SEIadj":0.24233713203324542},"non_scoped":{"SEI":0.24233713203324542,"SEIrank":122,"SEIadj":0,"audienceSEI":1.6667508915808777,"audienceSEIadj":0,"audienceSEIrank":85,"audienceScore":0.26974261851588105,"combinedScore":0.04197715941582254,"combinedScoreRank":109,"engagementSEI":0.12610340479192939,"engagementSEIadj":0,"engagementSEIrank":109,"engagementScore":0.03165558721114277,"voiceSEI":0,"voiceSEIadj":0,"voiceSEIrank":186,"voiceScore":0},"scoped":{"SEI":1.0153237490124125,"SEIrank":111,"SEIadj":0,"audienceSEI":7.9227542187486595,"audienceSEIadj":0,"audienceSEIrank":73,"audienceScore":0.4282267009433507,"combinedScore":0.07148087607637477,"combinedScoreRank":99,"engagementSEI":0.37174721189591076,"engagementSEIadj":0,"engagementSEIrank":98,"engagementScore":0.055632823365785816,"voiceSEI":0,"voiceSEIadj":0,"voiceSEIrank":165,"voiceScore":0}},"instagram":{"entityString":"536575feb08f37d80186a0d9","type":"instagram","profiles":0,"postsMade":0,"repliesMade":0,"repliesRcvd":0,"sharesMade":0,"sharesRcvd":0,"mentionsRcvd":0,"likesRcvd":0,"reachRcvd":0,"audience":0,"voice":0,"conversation":0,"engagement":0,"group_scoped":{"audienceScore":0,"voiceScore":0,"engagementScore":0,"combinedScore":0,"combinedScoreRank":187,"SEIrank":169,"engagementSEIrank":169,"voiceSEIrank":169,"audienceSEIrank":169,"engagementSEI":0,"engagementSEIadj":0,"voiceSEI":0,"voiceSEIadj":0,"audienceSEI":0,"audienceSEIadj":0,"SEI":0,"SEIadj":0},"non_scoped":{"SEI":0,"SEIrank":169,"SEIadj":0,"audienceSEI":0,"audienceSEIadj":0,"audienceSEIrank":169,"audienceScore":0,"combinedScore":0,"combinedScoreRank":169,"engagementSEI":0,"engagementSEIadj":0,"engagementSEIrank":169,"engagementScore":0,"voiceSEI":0,"voiceSEIadj":0,"voiceSEIrank":169,"voiceScore":0},"scoped":{"SEI":0,"SEIrank":150,"SEIadj":0,"audienceSEI":0,"audienceSEIadj":0,"audienceSEIrank":150,"audienceScore":0,"combinedScore":0,"combinedScoreRank":150,"engagementSEI":0,"engagementSEIadj":0,"engagementSEIrank":150,"engagementScore":0,"voiceSEI":0,"voiceSEIadj":0,"voiceSEIrank":150,"voiceScore":0}}},"week":{"boundaryQuantum":4982406,"combined":{"entityString":"536575feb08f37d80186a0d9","type":"combined","profiles":2,"postsMade":13,"repliesMade":0,"repliesRcvd":85,"sharesMade":0,"sharesRcvd":31,"mentionsRcvd":0,"likesRcvd":605,"reachRcvd":0,"audience":16891,"voice":13,"conversation":98,"engagement":721,"group_scoped":{"audienceScore":0.428903271152389,"voiceScore":0.5903723887375113,"engagementScore":0.08875790634748289,"combinedScore":0.13084589870722962,"combinedScoreRank":139,"SEIrank":130,"engagementSEIrank":102,"voiceSEIrank":122,"audienceSEIrank":142,"engagementSEI":0.09812113673541044,"engagementSEIadj":0.09812113673541044,"voiceSEI":1.5116279069767442,"voiceSEIadj":1.5116279069767442,"audienceSEI":0.6718539685166152,"audienceSEIadj":0.6718539685166152,"SEI":0.579546450985931,"SEIadj":0.579546450985931},"non_scoped":{"SEI":0.5649393954475774,"SEIrank":108,"SEIadj":0,"audienceSEI":0.6718539685166152,"audienceSEIadj":0,"audienceSEIrank":94,"audienceScore":0.12439607220377832,"combinedScore":0.04036272830015969,"combinedScoreRank":82,"engagementSEI":0.07377604417148786,"engagementSEIadj":0,"engagementSEIrank":59,"engagementScore":0.030070095436060176,"voiceSEI":1.5116279069767442,"voiceSEIadj":0,"voiceSEIrank":108,"voiceScore":0.1415967759503322},"scoped":{"SEI":4.07742444786643,"SEIrank":83,"SEIadj":0,"audienceSEI":8.819766804342263,"audienceSEIadj":0,"audienceSEIrank":82,"audienceScore":0.35943230507165347,"combinedScore":0.34798282741613723,"combinedScoreRank":56,"engagementSEI":2.3978183511257445,"engagementSEIadj":0,"engagementSEIrank":50,"engagementScore":0.35019379656703226,"voiceSEI":5.8558558558558556,"voiceSEIadj":0,"voiceSEIrank":98,"voiceScore":0.2967359050445104}},"facebook":{"entityString":"536575feb08f37d80186a0d9","type":"facebook","profiles":1,"postsMade":8,"repliesMade":0,"repliesRcvd":85,"sharesMade":0,"sharesRcvd":11,"mentionsRcvd":0,"likesRcvd":513,"reachRcvd":0,"audience":7656,"voice":8,"conversation":93,"engagement":609,"group_scoped":{"audienceScore":0.29623633592488535,"voiceScore":0.8938547486033519,"engagementScore":0.0835869077373477,"combinedScore":0.1347327711900248,"combinedScoreRank":109,"SEIrank":80,"engagementSEIrank":77,"voiceSEIrank":65,"audienceSEIrank":112,"engagementSEI":0.09161766099660157,"engagementSEIadj":0.09161766099660157,"voiceSEI":2.3952095808383236,"voiceSEIadj":2.3952095808383236,"audienceSEI":0.41606524876962936,"audienceSEIadj":0.41606524876962936,"SEI":0.8151399957264209,"SEIadj":0.8151399957264209},"non_scoped":{"SEI":0.6916204909312434,"SEIrank":61,"SEIadj":0,"audienceSEI":0.41606524876962936,"audienceSEIadj":0,"audienceSEIrank":94,"audienceScore":0.07983191086687903,"combinedScore":0.04153696181963981,"combinedScoreRank":62,"engagementSEI":0.06554490525586192,"engagementSEIadj":0,"engagementSEIrank":54,"engagementScore":0.027986939428266806,"voiceSEI":2.035623409669211,"voiceSEIadj":0,"voiceSEIrank":56,"voiceScore":0.2471424158171146},"scoped":{"SEI":6.04361662550709,"SEIrank":55,"SEIadj":0,"audienceSEI":5.3763667389976195,"audienceSEIadj":0,"audienceSEIrank":82,"audienceScore":0.32910107177077097,"combinedScore":0.4563323079129534,"combinedScoreRank":45,"engagementSEI":4.6311787072243344,"engagementSEIadj":0,"engagementSEIrank":45,"engagementScore":0.4510877213774101,"voiceSEI":9.090909090909092,"voiceSEIadj":0,"voiceSEIrank":47,"voiceScore":0.6779661016949152}},"twitter":{"entityString":"536575feb08f37d80186a0d9","type":"twitter","profiles":1,"postsMade":5,"repliesMade":0,"repliesRcvd":0,"sharesMade":0,"sharesRcvd":20,"mentionsRcvd":0,"likesRcvd":92,"reachRcvd":0,"audience":9235,"voice":5,"conversation":5,"engagement":112,"group_scoped":{"audienceScore":0.7484756950044618,"voiceScore":0.39556962025316456,"engagementScore":0.382840540078619,"combinedScore":0.4017587518336384,"combinedScoreRank":163,"SEIrank":162,"engagementSEIrank":132,"voiceSEIrank":149,"audienceSEIrank":178,"engagementSEI":0.7178106774338268,"engagementSEIadj":0.7178106774338268,"voiceSEI":1.0351966873706004,"voiceSEIadj":1.0351966873706004,"audienceSEI":1.6667508915808777,"audienceSEIadj":1.6667508915808777,"SEI":0.907920501829564,"SEIadj":0.907920501829564},"non_scoped":{"SEI":0.907920501829564,"SEIrank":108,"SEIadj":0,"audienceSEI":1.6667508915808777,"audienceSEIadj":0,"audienceSEIrank":85,"audienceScore":0.26974261851588105,"combinedScore":0.18220308735286384,"combinedScoreRank":81,"engagementSEI":0.7178106774338268,"engagementSEIadj":0,"engagementSEIrank":73,"engagementScore":0.1826186205772053,"voiceSEI":1.0351966873706004,"voiceSEIadj":0,"voiceSEIrank":134,"voiceScore":0.08718395815170009},"scoped":{"SEI":4.279176957556889,"SEIrank":89,"SEIadj":0,"audienceSEI":7.9227542187486595,"audienceSEIadj":0,"audienceSEIrank":73,"audienceScore":0.4282267009433507,"combinedScore":0.3753063304660397,"combinedScoreRank":71,"engagementSEI":4.2682926829268295,"engagementSEIadj":0,"engagementSEIrank":63,"engagementScore":0.38436459727512956,"voiceSEI":3.0864197530864197,"voiceSEIadj":0,"voiceSEIrank":123,"voiceScore":0.15933715742511154}},"instagram":{"entityString":"536575feb08f37d80186a0d9","type":"instagram","profiles":0,"postsMade":0,"repliesMade":0,"repliesRcvd":0,"sharesMade":0,"sharesRcvd":0,"mentionsRcvd":0,"likesRcvd":0,"reachRcvd":0,"audience":0,"voice":0,"conversation":0,"engagement":0,"group_scoped":{"audienceScore":0,"voiceScore":0,"engagementScore":0,"combinedScore":0,"combinedScoreRank":187,"SEIrank":169,"engagementSEIrank":169,"voiceSEIrank":169,"audienceSEIrank":169,"engagementSEI":0,"engagementSEIadj":0,"voiceSEI":0,"voiceSEIadj":0,"audienceSEI":0,"audienceSEIadj":0,"SEI":0,"SEIadj":0},"non_scoped":{"SEI":0,"SEIrank":169,"SEIadj":0,"audienceSEI":0,"audienceSEIadj":0,"audienceSEIrank":169,"audienceScore":0,"combinedScore":0,"combinedScoreRank":169,"engagementSEI":0,"engagementSEIadj":0,"engagementSEIrank":169,"engagementScore":0,"voiceSEI":0,"voiceSEIadj":0,"voiceSEIrank":169,"voiceScore":0},"scoped":{"SEI":0,"SEIrank":150,"SEIadj":0,"audienceSEI":0,"audienceSEIadj":0,"audienceSEIrank":150,"audienceScore":0,"combinedScore":0,"combinedScoreRank":150,"engagementSEI":0,"engagementSEIadj":0,"engagementSEIrank":150,"engagementScore":0,"voiceSEI":0,"voiceSEIadj":0,"voiceSEIrank":150,"voiceScore":0}}},"month":{"boundaryQuantum":4975782,"combined":{"entityString":"536575feb08f37d80186a0d9","type":"combined","profiles":2,"postsMade":84,"repliesMade":0,"repliesRcvd":759,"sharesMade":0,"sharesRcvd":431,"mentionsRcvd":0,"likesRcvd":4086,"reachRcvd":0,"audience":16891,"voice":84,"conversation":843,"engagement":5276,"group_scoped":{"audienceScore":0.428903271152389,"voiceScore":0.9004180512380747,"engagementScore":0.17002697679724735,"combinedScore":0.2194903452370458,"combinedScoreRank":107,"SEIrank":103,"engagementSEIrank":82,"voiceSEIrank":96,"audienceSEIrank":142,"engagementSEI":0.19487971644188642,"engagementSEIadj":0.19487971644188642,"voiceSEI":2.321083172147002,"voiceSEIadj":2.321083172147002,"audienceSEI":0.6718539685166152,"audienceSEIadj":0.6718539685166152,"SEI":0.880438178360894,"SEIadj":0.880438178360894},"non_scoped":{"SEI":0.8508651503883391,"SEIrank":75,"SEIadj":0,"audienceSEI":0.6718539685166152,"audienceSEIadj":0,"audienceSEIrank":94,"audienceScore":0.12439607220377832,"combinedScore":0.06894832098272395,"combinedScoreRank":56,"engagementSEI":0.14559133648762831,"engagementSEIadj":0,"engagementSEIrank":51,"engagementScore":0.057341231845294306,"voiceSEI":2.321083172147002,"voiceSEIadj":0,"voiceSEIrank":78,"voiceScore":0.22242817423540315},"scoped":{"SEI":6.462953710899605,"SEIrank":58,"SEIadj":0,"audienceSEI":8.819766804342263,"audienceSEIadj":0,"audienceSEIrank":82,"audienceScore":0.35943230507165347,"combinedScore":0.541917595409084,"combinedScoreRank":43,"engagementSEI":4.880575752530017,"engagementSEIadj":0,"engagementSEIrank":42,"engagementScore":0.5561059932120497,"voiceSEI":8.842105263157894,"voiceSEIadj":0,"voiceSEIrank":68,"voiceScore":0.46901172529313234}},"facebook":{"entityString":"536575feb08f37d80186a0d9","type":"facebook","profiles":1,"postsMade":47,"repliesMade":0,"repliesRcvd":759,"sharesMade":0,"sharesRcvd":169,"mentionsRcvd":0,"likesRcvd":3514,"reachRcvd":0,"audience":7656,"voice":47,"conversation":806,"engagement":4442,"group_scoped":{"audienceScore":0.29623633592488535,"voiceScore":1.268213707501349,"engagementScore":0.1618499131723676,"combinedScore":0.22388742402644257,"combinedScoreRank":79,"SEIrank":64,"engagementSEIrank":68,"voiceSEIrank":50,"audienceSEIrank":112,"engagementSEI":0.18505688562009678,"engagementSEIadj":0.18505688562009678,"voiceSEI":3.254847645429363,"voiceSEIadj":3.254847645429363,"audienceSEI":0.41606524876962936,"audienceSEIadj":0.41606524876962936,"SEI":1.1290949498778298,"SEIadj":1.1290949498778298},"non_scoped":{"SEI":1.0180771312968082,"SEIrank":45,"SEIadj":0,"audienceSEI":0.41606524876962936,"audienceSEIadj":0,"audienceSEIrank":94,"audienceScore":0.07983191086687903,"combinedScore":0.0695786627051874,"combinedScoreRank":47,"engagementSEI":0.12968173090369364,"engagementSEIadj":0,"engagementSEIrank":45,"engagementScore":0.05371040082202789,"voiceSEI":2.995538559592097,"voiceSEIadj":0,"voiceSEIrank":40,"voiceScore":0.344954128440367},"scoped":{"SEI":8.023137260650977,"SEIrank":38,"SEIadj":0,"audienceSEI":5.3763667389976195,"audienceSEIadj":0,"audienceSEIrank":82,"audienceScore":0.32910107177077097,"combinedScore":0.6544764470981436,"combinedScoreRank":37,"engagementSEI":4.796095749160521,"engagementSEIadj":0,"engagementSEIrank":36,"engagementScore":0.6554938560363133,"voiceSEI":15.359477124183007,"voiceSEIadj":0,"voiceSEIrank":32,"voiceScore":0.9615384615384616}},"twitter":{"entityString":"536575feb08f37d80186a0d9","type":"twitter","profiles":1,"postsMade":37,"repliesMade":0,"repliesRcvd":0,"sharesMade":0,"sharesRcvd":262,"mentionsRcvd":0,"likesRcvd":572,"reachRcvd":0,"audience":9235,"voice":37,"conversation":37,"engagement":834,"group_scoped":{"audienceScore":0.7484756950044618,"voiceScore":0.6801470588235294,"engagementScore":0.7638481828839391,"combinedScore":0.7588945022869447,"combinedScoreRank":119,"SEIrank":134,"engagementSEIrank":115,"voiceSEIrank":127,"audienceSEIrank":178,"engagementSEI":1.4470876060590288,"engagementSEIadj":1.4470876060590288,"voiceSEI":1.8574297188755018,"voiceSEIadj":1.8574297188755018,"audienceSEI":1.6667508915808777,"audienceSEIadj":1.6667508915808777,"SEI":1.5921565684561556,"SEIadj":1.5921565684561556},"non_scoped":{"SEI":1.5921565684561556,"SEIrank":76,"SEIadj":0,"audienceSEI":1.6667508915808777,"audienceSEIadj":0,"audienceSEIrank":85,"audienceScore":0.26974261851588105,"combinedScore":0.3325422470806554,"combinedScoreRank":54,"engagementSEI":1.4470876060590288,"engagementSEIadj":0,"engagementSEIrank":48,"engagementScore":0.34568658578540074,"voiceSEI":1.8574297188755018,"voiceSEIadj":0,"voiceSEIrank":109,"voiceScore":0.15874377896001374},"scoped":{"SEI":7.4522496139527155,"SEIrank":62,"SEIadj":0,"audienceSEI":7.9227542187486595,"audienceSEIadj":0,"audienceSEIrank":73,"audienceScore":0.4282267009433507,"combinedScore":0.6674057517682896,"combinedScoreRank":42,"engagementSEI":8.227286179343,"engagementSEIadj":0,"engagementSEIrank":38,"engagementScore":0.7017012469079711,"voiceSEI":5.745341614906832,"voiceSEIadj":0,"voiceSEIrank":99,"voiceScore":0.28926589007896175}},"instagram":{"entityString":"536575feb08f37d80186a0d9","type":"instagram","profiles":0,"postsMade":0,"repliesMade":0,"repliesRcvd":0,"sharesMade":0,"sharesRcvd":0,"mentionsRcvd":0,"likesRcvd":0,"reachRcvd":0,"audience":0,"voice":0,"conversation":0,"engagement":0,"group_scoped":{"audienceScore":0,"voiceScore":0,"engagementScore":0,"combinedScore":0,"combinedScoreRank":187,"SEIrank":169,"engagementSEIrank":169,"voiceSEIrank":169,"audienceSEIrank":169,"engagementSEI":0,"engagementSEIadj":0,"voiceSEI":0,"voiceSEIadj":0,"audienceSEI":0,"audienceSEIadj":0,"SEI":0,"SEIadj":0},"non_scoped":{"SEI":0,"SEIrank":169,"SEIadj":0,"audienceSEI":0,"audienceSEIadj":0,"audienceSEIrank":169,"audienceScore":0,"combinedScore":0,"combinedScoreRank":169,"engagementSEI":0,"engagementSEIadj":0,"engagementSEIrank":169,"engagementScore":0,"voiceSEI":0,"voiceSEIadj":0,"voiceSEIrank":169,"voiceScore":0},"scoped":{"SEI":0,"SEIrank":150,"SEIadj":0,"audienceSEI":0,"audienceSEIadj":0,"audienceSEIrank":150,"audienceScore":0,"combinedScore":0,"combinedScoreRank":150,"engagementSEI":0,"engagementSEIadj":0,"engagementSEIrank":150,"engagementScore":0,"voiceSEI":0,"voiceSEIadj":0,"voiceSEIrank":150,"voiceScore":0}}},"quarter":{"boundaryQuantum":4958502,"combined":{"entityString":"536575feb08f37d80186a0d9","type":"combined","profiles":2,"postsMade":243,"repliesMade":0,"repliesRcvd":1655,"sharesMade":0,"sharesRcvd":1046,"mentionsRcvd":0,"likesRcvd":9706,"reachRcvd":0,"audience":16891,"voice":243,"conversation":1898,"engagement":12407,"group_scoped":{"audienceScore":0.428903271152389,"voiceScore":0.8615799177421642,"engagementScore":0.12887921824423645,"combinedScore":0.18051545586454049,"combinedScoreRank":118,"SEIrank":104,"engagementSEIrank":98,"voiceSEIrank":97,"audienceSEIrank":142,"engagementSEI":0.14624451465197472,"engagementSEIadj":0.14624451465197472,"voiceSEI":2.2693313410534177,"voiceSEIadj":2.2693313410534177,"audienceSEI":0.6718539685166152,"audienceSEIadj":0.6718539685166152,"SEI":0.8357315079588716,"SEIadj":0.8357315079588716},"non_scoped":{"SEI":0.8129218466421624,"SEIrank":83,"SEIadj":0,"audienceSEI":0.6718539685166152,"audienceSEIadj":0,"audienceSEIrank":94,"audienceScore":0.12439607220377832,"combinedScore":0.054751450072732286,"combinedScoreRank":68,"engagementSEI":0.10822841245745926,"engagementSEIadj":0,"engagementSEIrank":58,"engagementScore":0.0419155122192485,"voiceSEI":2.2693313410534177,"voiceSEIadj":0,"voiceSEIrank":80,"voiceScore":0.2161537093043942},"scoped":{"SEI":5.226033955447919,"SEIrank":75,"SEIadj":0,"audienceSEI":8.819766804342263,"audienceSEIadj":0,"audienceSEIrank":82,"audienceScore":0.35943230507165347,"combinedScore":0.40927618749284883,"combinedScoreRank":52,"engagementSEI":2.510628739788619,"engagementSEIadj":0,"engagementSEIrank":49,"engagementScore":0.4095284431977745,"voiceSEI":9.458933437135073,"voiceSEIadj":0,"voiceSEIrank":70,"voiceScore":0.4545794672253817}},"facebook":{"entityString":"536575feb08f37d80186a0d9","type":"facebook","profiles":1,"postsMade":135,"repliesMade":0,"repliesRcvd":1655,"sharesMade":0,"sharesRcvd":525,"mentionsRcvd":0,"likesRcvd":8288,"reachRcvd":0,"audience":7656,"voice":135,"conversation":1790,"engagement":10468,"group_scoped":{"audienceScore":0.29623633592488535,"voiceScore":1.197445449707291,"engagementScore":0.12324586856136586,"combinedScore":0.1856053709868381,"combinedScoreRank":87,"SEIrank":68,"engagementSEIrank":75,"voiceSEIrank":50,"audienceSEIrank":112,"engagementSEI":0.1390262188202029,"engagementSEIadj":0.1390262188202029,"voiceSEI":3.2490974729241873,"voiceSEIadj":3.2490974729241873,"audienceSEI":0.41606524876962936,"audienceSEIadj":0.41606524876962936,"SEI":1.099751498046341,"SEIadj":1.099751498046341},"non_scoped":{"SEI":0.9486319882125599,"SEIrank":50,"SEIadj":0,"audienceSEI":0.41606524876962936,"audienceSEIadj":0,"audienceSEIrank":94,"audienceScore":0.07983191086687903,"combinedScore":0.05602803191659289,"combinedScoreRank":55,"engagementSEI":0.09453505559082107,"engagementSEIadj":0,"engagementSEIrank":51,"engagementScore":0.03934171553406585,"voiceSEI":2.8343480999370145,"voiceSEIadj":0,"voiceSEIrank":43,"voiceScore":0.33257784785179345},"scoped":{"SEI":10.817568222428669,"SEIrank":43,"SEIadj":0,"audienceSEI":5.3763667389976195,"audienceSEIadj":0,"audienceSEIrank":82,"audienceScore":0.32910107177077097,"combinedScore":0.5357897419814573,"combinedScoreRank":44,"engagementSEI":8.901511930475008,"engagementSEIadj":0,"engagementSEIrank":42,"engagementScore":0.5258509914712475,"voiceSEI":16.463414634146343,"voiceSEIadj":0,"voiceSEIrank":35,"voiceScore":0.9213759213759214}},"twitter":{"entityString":"536575feb08f37d80186a0d9","type":"twitter","profiles":1,"postsMade":108,"repliesMade":0,"repliesRcvd":0,"sharesMade":0,"sharesRcvd":521,"mentionsRcvd":0,"likesRcvd":1418,"reachRcvd":0,"audience":9235,"voice":108,"conversation":108,"engagement":1939,"group_scoped":{"audienceScore":0.7484756950044618,"voiceScore":0.6591394568202624,"engagementScore":0.4973044508620115,"combinedScore":0.5179547633670466,"combinedScoreRank":138,"SEIrank":150,"engagementSEIrank":141,"voiceSEIrank":128,"audienceSEIrank":178,"engagementSEI":0.9195151561136613,"engagementSEIadj":0.9195151561136613,"voiceSEI":1.7976031957390146,"voiceSEIadj":1.7976031957390146,"audienceSEI":1.6667508915808777,"audienceSEIadj":1.6667508915808777,"SEI":1.257665141547989,"SEIadj":1.257665141547989},"non_scoped":{"SEI":1.257665141547989,"SEIrank":84,"SEIadj":0,"audienceSEI":1.6667508915808777,"audienceSEIadj":0,"audienceSEIrank":85,"audienceScore":0.26974261851588105,"combinedScore":0.2312148737519803,"combinedScoreRank":71,"engagementSEI":0.9195151561136613,"engagementSEIadj":0,"engagementSEIrank":69,"engagementScore":0.23329964385407645,"voiceSEI":1.7976031957390146,"voiceSEIadj":0,"voiceSEIrank":104,"voiceScore":0.1551612671503484},"scoped":{"SEI":6.265471925451122,"SEIrank":72,"SEIadj":0,"audienceSEI":7.9227542187486595,"audienceSEIadj":0,"audienceSEIrank":73,"audienceScore":0.4282267009433507,"combinedScore":0.4708755546651031,"combinedScoreRank":61,"engagementSEI":6.100169886113383,"engagementSEIadj":0,"engagementSEIrank":59,"engagementScore":0.4836834779311618,"voiceSEI":6.04364857302742,"voiceSEIadj":0,"voiceSEIrank":94,"voiceScore":0.282981789597799}},"instagram":{"entityString":"536575feb08f37d80186a0d9","type":"instagram","profiles":0,"postsMade":0,"repliesMade":0,"repliesRcvd":0,"sharesMade":0,"sharesRcvd":0,"mentionsRcvd":0,"likesRcvd":0,"reachRcvd":0,"audience":0,"voice":0,"conversation":0,"engagement":0,"group_scoped":{"audienceScore":0,"voiceScore":0,"engagementScore":0,"combinedScore":0,"combinedScoreRank":187,"SEIrank":169,"engagementSEIrank":169,"voiceSEIrank":169,"audienceSEIrank":169,"engagementSEI":0,"engagementSEIadj":0,"voiceSEI":0,"voiceSEIadj":0,"audienceSEI":0,"audienceSEIadj":0,"SEI":0,"SEIadj":0},"non_scoped":{"SEI":0,"SEIrank":169,"SEIadj":0,"audienceSEI":0,"audienceSEIadj":0,"audienceSEIrank":169,"audienceScore":0,"combinedScore":0,"combinedScoreRank":169,"engagementSEI":0,"engagementSEIadj":0,"engagementSEIrank":169,"engagementScore":0,"voiceSEI":0,"voiceSEIadj":0,"voiceSEIrank":169,"voiceScore":0},"scoped":{"SEI":0,"SEIrank":150,"SEIadj":0,"audienceSEI":0,"audienceSEIadj":0,"audienceSEIrank":150,"audienceScore":0,"combinedScore":0,"combinedScoreRank":150,"engagementSEI":0,"engagementSEIadj":0,"engagementSEIrank":150,"engagementScore":0,"voiceSEI":0,"voiceSEIadj":0,"voiceSEIrank":150,"voiceScore":0}}},"blended":{"combined":{"non_scoped":{"SEI":0.724413800529914,"SEIadj":50.36220690026496,"SEIrank":91,"audienceSEI":0.6718539685166152,"audienceSEIadj":50.33592698425831,"audienceSEIrank":94,"engagementSEI":0.0997498861036687,"engagementSEIadj":60.039899954441466,"engagementSEIrank":55,"voiceSEI":1.9912615733868373,"voiceSEIadj":50.99563078669342,"voiceSEIrank":92},"scoped":{"SEI":9.733482598238894,"SEIadj":54.86674129911945,"SEIrank":79,"compCharisma":3,"compInfluence":3,"compEva":3.733482598238894,"audienceSEI":8.819766804342263,"audienceSEIadj":54.40988340217113,"audienceSEIrank":82,"engagementSEI":2.7250241752354314,"engagementSEIadj":61.090009670094176,"engagementSEIrank":46,"voiceSEI":7.984953057901425,"voiceSEIadj":53.99247652895071,"voiceSEIrank":81}},"facebook":{"non_scoped":{"SEI":0.8760619012599713,"SEIadj":60.35042476050399,"SEIrank":51,"audienceSEI":0.4160652487696293,"audienceSEIadj":50.20803262438481,"audienceSEIrank":94,"engagementSEI":0.08806046813174077,"engagementSEIadj":60.035224187252695,"engagementSEIrank":50,"voiceSEI":2.6053969850132135,"voiceSEIadj":61.04215879400529,"voiceSEIrank":47},"scoped":{"SEI":8.631098374566736,"SEIadj":63.4524393498267,"SEIrank":46,"audienceSEI":5.3763667389976195,"audienceSEIadj":52.68818336949881,"audienceSEIrank":82,"engagementSEI":6.649318694624949,"engagementSEIadj":62.65972747784998,"engagementSEIrank":42,"voiceSEI":13.679568279640014,"voiceSEIadj":65.471827311856,"voiceSEIrank":39}},"twitter":{"non_scoped":{"SEI":1.1521490631929492,"SEIadj":50.576074531596475,"SEIrank":95,"audienceSEI":1.6667508915808777,"audienceSEIadj":50.83337544579044,"audienceSEIrank":85,"engagementSEI":0.8984690924354294,"engagementSEIadj":60.35938763697417,"engagementSEIrank":66,"voiceSEI":1.4879750619120127,"voiceSEIadj":50.743987530956005,"voiceSEIrank":113},"scoped":{"SEI":5.585092679536156,"SEIadj":52.79254633976808,"SEIrank":74,"audienceSEI":7.9227542187486595,"audienceSEIadj":53.96137710937433,"audienceSEIrank":73,"engagementSEI":5.583253035430986,"engagementSEIadj":62.23330121417239,"engagementSEIrank":56,"voiceSEI":4.809551454675661,"voiceSEIadj":52.40477572733783,"voiceSEIrank":103}},"instagram":{"non_scoped":{"SEI":0,"SEIadj":0,"SEIrank":169,"audienceSEI":0,"audienceSEIadj":0,"audienceSEIrank":169,"engagementSEI":0,"engagementSEIadj":0,"engagementSEIrank":169,"voiceSEI":0,"voiceSEIadj":0,"voiceSEIrank":169},"scoped":{"SEI":0,"SEIadj":0,"SEIrank":150,"audienceSEI":0,"audienceSEIadj":0,"audienceSEIrank":150,"engagementSEI":0,"engagementSEIadj":0,"engagementSEIrank":150,"voiceSEI":0,"voiceSEIadj":0,"voiceSEIrank":150}},"influence":{"instagram":{"scope":"individual","ratio":0,"calculated":false},"combined":{"ratio":0.93,"bottom":false,"scope":"individual","calculated":true},"facebook":{"ratio":1.43,"bottom":false,"scope":"individual","calculated":true},"twitter":{"ratio":0.96,"bottom":false,"scope":"individual","calculated":true}},"charisma":{"instagram":{"scope":"individual","ratio":0,"calculated":false},"combined":{"ratio":0.87,"bottom":false,"scope":"individual","calculated":true},"facebook":{"ratio":0.52,"bottom":false,"scope":"individual","calculated":true},"twitter":{"ratio":1.87,"bottom":false,"scope":"individual","calculated":true}}},"scope":"individual"}}