{"scoreEntityString":"591d1494ab33fb0001804f89.asset.536575feb08f37d80186a0a6","timeQuantum":4984422,"scoreEntityType":"asset","scoreProfileID":"591d1494ab33fb0001804f89","data":{"scoreEntityString":"591d1494ab33fb0001804f89.asset.536575feb08f37d80186a0a6","scoreProfileID":"591d1494ab33fb0001804f89","scoreEntityType":"asset","entityID":"asset.536575feb08f37d80186a0a6","object_version":"1.2","score_engine_version":"3.0.19","timestamp":4984422,"start_quantum":4958502,"end_quantum":4984421,"schedule_options":{"interval":15,"offset":"1"},"_15min":{"boundaryQuantum":4984419,"combined":{"entityString":"536575feb08f37d80186a0a6","type":"combined","profiles":2,"postsMade":0,"repliesMade":0,"repliesRcvd":0,"sharesMade":0,"sharesRcvd":0,"mentionsRcvd":0,"likesRcvd":0,"reachRcvd":0,"audience":24351,"voice":0,"conversation":0,"engagement":0,"group_scoped":{"audienceScore":1.0689780813619143,"voiceScore":0,"engagementScore":0,"combinedScore":1.0689780813619143,"engagementSEI":0,"engagementSEIadj":0,"voiceSEI":0,"voiceSEIadj":0,"audienceSEI":1.656007899547354,"audienceSEIadj":1.656007899547354,"SEI":0.1656007899547354,"SEIadj":0.1656007899547354,"combinedScoreRank":72,"SEIrank":76,"engagementSEIrank":47,"voiceSEIrank":41,"audienceSEIrank":76},"non_scoped":{"SEI":0.09685818475725592,"SEIrank":67,"SEIadj":0,"audienceSEI":0.9685818475725592,"audienceSEIadj":0,"audienceSEIrank":67,"audienceScore":0.179336259205151,"combinedScore":0.00896681296025755,"combinedScoreRank":67,"engagementSEI":0,"engagementSEIadj":0,"engagementSEIrank":47,"engagementScore":0,"voiceSEI":0,"voiceSEIadj":0,"voiceSEIrank":41,"voiceScore":0},"scoped":{"SEI":1.2715063729355187,"SEIrank":56,"SEIadj":0,"audienceSEI":12.715063729355187,"audienceSEIadj":0,"audienceSEIrank":56,"audienceScore":0.5181774945710635,"combinedScore":0.07402535636729479,"combinedScoreRank":56,"engagementSEI":0,"engagementSEIadj":0,"engagementSEIrank":40,"engagementScore":0,"voiceSEI":0,"voiceSEIadj":0,"voiceSEIrank":37,"voiceScore":0}},"facebook":{"entityString":"536575feb08f37d80186a0a6","type":"facebook","profiles":1,"postsMade":0,"repliesMade":0,"repliesRcvd":0,"sharesMade":0,"sharesRcvd":0,"mentionsRcvd":0,"likesRcvd":0,"reachRcvd":0,"audience":11126,"voice":0,"conversation":0,"engagement":0,"group_scoped":{"audienceScore":0.7231554693263397,"voiceScore":0,"engagementScore":0,"combinedScore":0.7231554693263397,"engagementSEI":0,"engagementSEIadj":0,"voiceSEI":0,"voiceSEIadj":0,"audienceSEI":1.0179695505782462,"audienceSEIadj":1.0179695505782462,"SEI":0.10179695505782463,"SEIadj":0.10179695505782463,"combinedScoreRank":71,"SEIrank":74,"engagementSEIrank":45,"voiceSEIrank":41,"audienceSEIrank":74},"non_scoped":{"SEI":0.060464236648522685,"SEIrank":79,"SEIadj":0,"audienceSEI":0.6046423664852268,"audienceSEIadj":0,"audienceSEIrank":79,"audienceScore":0.11601486942331456,"combinedScore":0.0058007434711657285,"combinedScoreRank":79,"engagementSEI":0,"engagementSEIadj":0,"engagementSEIrank":45,"engagementScore":0,"voiceSEI":0,"voiceSEIadj":0,"voiceSEIrank":41,"voiceScore":0},"scoped":{"SEI":0.781314737958301,"SEIrank":68,"SEIadj":0,"audienceSEI":7.813147379583009,"audienceSEIadj":0,"audienceSEIrank":68,"audienceScore":0.4782626076961335,"combinedScore":0.06832322967087621,"combinedScoreRank":68,"engagementSEI":0,"engagementSEIadj":0,"engagementSEIrank":38,"engagementScore":0,"voiceSEI":0,"voiceSEIadj":0,"voiceSEIrank":37,"voiceScore":0}},"twitter":{"entityString":"536575feb08f37d80186a0a6","type":"twitter","profiles":1,"postsMade":0,"repliesMade":0,"repliesRcvd":0,"sharesMade":0,"sharesRcvd":0,"mentionsRcvd":0,"likesRcvd":0,"reachRcvd":0,"audience":13225,"voice":0,"conversation":0,"engagement":0,"group_scoped":{"audienceScore":2.10355034762263,"voiceScore":0,"engagementScore":0,"combinedScore":2.10355034762263,"engagementSEI":0,"engagementSEIadj":0,"voiceSEI":0,"voiceSEIadj":0,"audienceSEI":4.9574911533617225,"audienceSEIadj":4.9574911533617225,"SEI":0.4957491153361723,"SEIadj":0.4957491153361723,"combinedScoreRank":69,"SEIrank":91,"engagementSEIrank":42,"voiceSEIrank":40,"audienceSEIrank":90},"non_scoped":{"SEI":0.2386873908084148,"SEIrank":51,"SEIadj":0,"audienceSEI":2.386873908084148,"audienceSEIadj":0,"audienceSEIrank":51,"audienceScore":0.386285449904984,"combinedScore":0.0193142724952492,"combinedScoreRank":51,"engagementSEI":0,"engagementSEIadj":0,"engagementSEIrank":42,"engagementScore":0,"voiceSEI":0,"voiceSEIadj":0,"voiceSEIrank":40,"voiceScore":0},"scoped":{"SEI":1.134579583572832,"SEIrank":41,"SEIadj":0,"audienceSEI":11.34579583572832,"audienceSEIadj":0,"audienceSEIrank":41,"audienceScore":0.6132428933379332,"combinedScore":0.08760612761970475,"combinedScoreRank":41,"engagementSEI":0,"engagementSEIadj":0,"engagementSEIrank":38,"engagementScore":0,"voiceSEI":0,"voiceSEIadj":0,"voiceSEIrank":37,"voiceScore":0}},"instagram":{"entityString":"536575feb08f37d80186a0a6","type":"instagram","profiles":0,"postsMade":0,"repliesMade":0,"repliesRcvd":0,"sharesMade":0,"sharesRcvd":0,"mentionsRcvd":0,"likesRcvd":0,"reachRcvd":0,"audience":0,"voice":0,"conversation":0,"engagement":0,"group_scoped":{"audienceScore":0,"voiceScore":0,"engagementScore":0,"combinedScore":0,"engagementSEI":0,"engagementSEIadj":0,"voiceSEI":0,"voiceSEIadj":0,"audienceSEI":0,"audienceSEIadj":0,"SEI":0,"SEIadj":0,"combinedScoreRank":84,"SEIrank":66,"engagementSEIrank":42,"voiceSEIrank":39,"audienceSEIrank":66},"non_scoped":{"SEI":0,"SEIrank":66,"SEIadj":0,"audienceSEI":0,"audienceSEIadj":0,"audienceSEIrank":66,"audienceScore":0,"combinedScore":0,"combinedScoreRank":66,"engagementSEI":0,"engagementSEIadj":0,"engagementSEIrank":42,"engagementScore":0,"voiceSEI":0,"voiceSEIadj":0,"voiceSEIrank":39,"voiceScore":0},"scoped":{"SEI":0,"SEIrank":59,"SEIadj":0,"audienceSEI":0,"audienceSEIadj":0,"audienceSEIrank":59,"audienceScore":0,"combinedScore":0,"combinedScoreRank":59,"engagementSEI":0,"engagementSEIadj":0,"engagementSEIrank":38,"engagementScore":0,"voiceSEI":0,"voiceSEIadj":0,"voiceSEIrank":37,"voiceScore":0}}},"hour":{"boundaryQuantum":4984410,"combined":{"entityString":"536575feb08f37d80186a0a6","type":"combined","profiles":2,"postsMade":0,"repliesMade":0,"repliesRcvd":0,"sharesMade":0,"sharesRcvd":0,"mentionsRcvd":0,"likesRcvd":35,"reachRcvd":0,"audience":24351,"voice":0,"conversation":0,"engagement":35,"group_scoped":{"audienceScore":1.0689780813619143,"voiceScore":0,"engagementScore":8.5995085995086,"combinedScore":7.523718525487643,"combinedScoreRank":17,"SEIrank":16,"engagementSEIrank":10,"voiceSEIrank":50,"audienceSEIrank":76,"engagementSEI":11.146496815286625,"engagementSEIadj":11.146496815286625,"voiceSEI":0,"voiceSEIadj":0,"audienceSEI":1.656007899547354,"audienceSEIadj":1.656007899547354,"SEI":6.85349887912671,"SEIadj":6.85349887912671},"non_scoped":{"SEI":0.41132359356228737,"SEIrank":27,"SEIadj":0,"audienceSEI":0.9685818475725592,"audienceSEIadj":0,"audienceSEIrank":67,"audienceScore":0.179336259205151,"combinedScore":0.2308915698998095,"combinedScoreRank":13,"engagementSEI":0.5241090146750524,"engagementSEIadj":0,"engagementSEIrank":11,"engagementScore":0.24658306326616883,"voiceSEI":0,"voiceSEIadj":0,"voiceSEIrank":50,"voiceScore":0},"scoped":{"SEI":3.012799905273827,"SEIrank":28,"SEIadj":0,"audienceSEI":12.715063729355187,"audienceSEIadj":0,"audienceSEIrank":56,"audienceScore":0.5181774945710635,"combinedScore":1.9234992361743364,"combinedScoreRank":5,"engagementSEI":2.902155887230514,"engagementSEIadj":0,"engagementSEIrank":5,"engagementScore":2.108433734939759,"voiceSEI":0,"voiceSEIadj":0,"voiceSEIrank":43,"voiceScore":0}},"facebook":{"entityString":"536575feb08f37d80186a0a6","type":"facebook","profiles":1,"postsMade":0,"repliesMade":0,"repliesRcvd":0,"sharesMade":0,"sharesRcvd":0,"mentionsRcvd":0,"likesRcvd":33,"reachRcvd":0,"audience":11126,"voice":0,"conversation":0,"engagement":33,"group_scoped":{"audienceScore":0.7231554693263397,"voiceScore":0,"engagementScore":11.224489795918368,"combinedScore":9.724299177833792,"combinedScoreRank":11,"SEIrank":10,"engagementSEIrank":9,"voiceSEIrank":45,"audienceSEIrank":74,"engagementSEI":15.137614678899084,"engagementSEIadj":15.137614678899084,"voiceSEI":0,"voiceSEIadj":0,"audienceSEI":1.0179695505782462,"audienceSEIadj":1.0179695505782462,"SEI":9.184365762397276,"SEIadj":9.184365762397276},"non_scoped":{"SEI":0.3693084107243299,"SEIrank":19,"SEIadj":0,"audienceSEI":0.6046423664852268,"audienceSEIadj":0,"audienceSEIrank":79,"audienceScore":0.11601486942331456,"combinedScore":0.25052717722198975,"combinedScoreRank":11,"engagementSEI":0.5147402901263454,"engagementSEIadj":0,"engagementSEIrank":10,"engagementScore":0.27191825972313777,"voiceSEI":0,"voiceSEIadj":0,"voiceSEIrank":45,"voiceScore":0},"scoped":{"SEI":27.53807149471506,"SEIrank":5,"SEIadj":0,"audienceSEI":7.813147379583009,"audienceSEIadj":0,"audienceSEIrank":68,"audienceScore":0.4782626076961335,"combinedScore":8.25105994478924,"combinedScoreRank":4,"engagementSEI":44.5945945945946,"engagementSEIadj":0,"engagementSEIrank":4,"engagementScore":9.141274238227147,"voiceSEI":0,"voiceSEIadj":0,"voiceSEIrank":38,"voiceScore":0}},"twitter":{"entityString":"536575feb08f37d80186a0a6","type":"twitter","profiles":1,"postsMade":0,"repliesMade":0,"repliesRcvd":0,"sharesMade":0,"sharesRcvd":0,"mentionsRcvd":0,"likesRcvd":2,"reachRcvd":0,"audience":13225,"voice":0,"conversation":0,"engagement":2,"group_scoped":{"audienceScore":2.10355034762263,"voiceScore":0,"engagementScore":10,"combinedScore":8.87193576394609,"combinedScoreRank":22,"SEIrank":18,"engagementSEIrank":14,"voiceSEIrank":48,"audienceSEIrank":90,"engagementSEI":28.57142857142857,"engagementSEIadj":28.57142857142857,"voiceSEI":0,"voiceSEIadj":0,"audienceSEI":4.9574911533617225,"audienceSEIadj":4.9574911533617225,"SEI":17.638606258193313,"SEIadj":17.638606258193313},"non_scoped":{"SEI":2.3815445336655574,"SEIrank":24,"SEIadj":0,"audienceSEI":2.386873908084148,"audienceSEIadj":0,"audienceSEIrank":51,"audienceScore":0.386285449904984,"combinedScore":0.9148366605549507,"combinedScoreRank":18,"engagementSEI":3.571428571428571,"engagementSEIadj":0,"engagementSEIrank":14,"engagementScore":0.9950248756218906,"voiceSEI":0,"voiceSEIadj":0,"voiceSEIrank":48,"voiceScore":0},"scoped":{"SEI":7.801246250239498,"SEIrank":19,"SEIadj":0,"audienceSEI":11.34579583572832,"audienceSEIadj":0,"audienceSEIrank":41,"audienceScore":0.6132428933379332,"combinedScore":1.8673968385444477,"combinedScoreRank":12,"engagementSEI":11.11111111111111,"engagementSEIadj":0,"engagementSEIrank":9,"engagementScore":2.0408163265306123,"voiceSEI":0,"voiceSEIadj":0,"voiceSEIrank":43,"voiceScore":0}},"instagram":{"entityString":"536575feb08f37d80186a0a6","type":"instagram","profiles":0,"postsMade":0,"repliesMade":0,"repliesRcvd":0,"sharesMade":0,"sharesRcvd":0,"mentionsRcvd":0,"likesRcvd":0,"reachRcvd":0,"audience":0,"voice":0,"conversation":0,"engagement":0,"group_scoped":{"audienceScore":0,"voiceScore":0,"engagementScore":0,"combinedScore":0,"combinedScoreRank":84,"SEIrank":66,"engagementSEIrank":48,"voiceSEIrank":39,"audienceSEIrank":66,"engagementSEI":0,"engagementSEIadj":0,"voiceSEI":0,"voiceSEIadj":0,"audienceSEI":0,"audienceSEIadj":0,"SEI":0,"SEIadj":0},"non_scoped":{"SEI":0,"SEIrank":66,"SEIadj":0,"audienceSEI":0,"audienceSEIadj":0,"audienceSEIrank":66,"audienceScore":0,"combinedScore":0,"combinedScoreRank":66,"engagementSEI":0,"engagementSEIadj":0,"engagementSEIrank":48,"engagementScore":0,"voiceSEI":0,"voiceSEIadj":0,"voiceSEIrank":39,"voiceScore":0},"scoped":{"SEI":0,"SEIrank":59,"SEIadj":0,"audienceSEI":0,"audienceSEIadj":0,"audienceSEIrank":59,"audienceScore":0,"combinedScore":0,"combinedScoreRank":59,"engagementSEI":0,"engagementSEIadj":0,"engagementSEIrank":43,"engagementScore":0,"voiceSEI":0,"voiceSEIadj":0,"voiceSEIrank":37,"voiceScore":0}}},"today":{"boundaryQuantum":4984134,"combined":{"entityString":"536575feb08f37d80186a0a6","type":"combined","profiles":2,"postsMade":6,"repliesMade":0,"repliesRcvd":22,"sharesMade":0,"sharesRcvd":3,"mentionsRcvd":0,"likesRcvd":303,"reachRcvd":0,"audience":24351,"voice":6,"conversation":28,"engagement":328,"group_scoped":{"audienceScore":1.0689780813619143,"voiceScore":3.5502958579881656,"engagementScore":2.062374245472837,"combinedScore":2.0871005178930573,"combinedScoreRank":20,"SEIrank":27,"engagementSEIrank":17,"voiceSEIrank":25,"audienceSEIrank":76,"engagementSEI":2.507261886561688,"engagementSEIadj":2.507261886561688,"voiceSEI":10.526315789473683,"voiceSEIadj":10.526315789473683,"audienceSEI":1.656007899547354,"audienceSEIadj":1.656007899547354,"SEI":4.827852658733853,"SEIadj":4.827852658733853},"non_scoped":{"SEI":2.1756518238218723,"SEIrank":26,"SEIadj":0,"audienceSEI":0.9685818475725592,"audienceSEIadj":0,"audienceSEIrank":67,"audienceScore":0.179336259205151,"combinedScore":0.12463086955599864,"combinedScoreRank":24,"engagementSEI":0.1679527684043975,"engagementSEIadj":0,"engagementSEIrank":22,"engagementScore":0.0875152084356123,"voiceSEI":6.593406593406594,"voiceSEIadj":0,"voiceSEIrank":23,"voiceScore":0.7380073800738007},"scoped":{"SEI":8.585202317269745,"SEIrank":22,"SEIadj":0,"audienceSEI":12.715063729355187,"audienceSEIadj":0,"audienceSEIrank":56,"audienceScore":0.5181774945710635,"combinedScore":0.8933738701387027,"combinedScoreRank":16,"engagementSEI":1.844665654350149,"engagementSEIadj":0,"engagementSEIrank":15,"engagementScore":0.8768177929854577,"voiceSEI":20.689655172413794,"voiceSEIadj":0,"voiceSEIrank":15,"voiceScore":1.5665796344647518}},"facebook":{"entityString":"536575feb08f37d80186a0a6","type":"facebook","profiles":1,"postsMade":2,"repliesMade":0,"repliesRcvd":22,"sharesMade":0,"sharesRcvd":1,"mentionsRcvd":0,"likesRcvd":242,"reachRcvd":0,"audience":11126,"voice":2,"conversation":24,"engagement":265,"group_scoped":{"audienceScore":0.7231554693263397,"voiceScore":4,"engagementScore":2.1707077326343382,"combinedScore":2.1897947328372216,"combinedScoreRank":21,"SEIrank":19,"engagementSEIrank":16,"voiceSEIrank":18,"audienceSEIrank":74,"engagementSEI":2.6214264516767236,"engagementSEIadj":2.6214264516767236,"voiceSEI":9.090909090909092,"voiceSEIadj":9.090909090909092,"audienceSEI":1.0179695505782462,"audienceSEIadj":1.0179695505782462,"SEI":4.401925553336586,"SEIadj":4.401925553336586},"non_scoped":{"SEI":1.6835849023223797,"SEIrank":24,"SEIadj":0,"audienceSEI":0.6046423664852268,"audienceSEIadj":0,"audienceSEIrank":79,"audienceScore":0.11601486942331456,"combinedScore":0.11116577788651028,"combinedScoreRank":22,"engagementSEI":0.1410985453538645,"engagementSEIadj":0,"engagementSEIrank":22,"engagementScore":0.07927936552574186,"voiceSEI":5.128205128205128,"voiceSEIadj":0,"voiceSEIrank":19,"voiceScore":0.6802721088435374},"scoped":{"SEI":10.313811887331163,"SEIrank":16,"SEIadj":0,"audienceSEI":7.813147379583009,"audienceSEIadj":0,"audienceSEIrank":68,"audienceScore":0.4782626076961335,"combinedScore":1.725009557918934,"combinedScoreRank":15,"engagementSEI":7.554161915621436,"engagementSEIadj":0,"engagementSEIrank":15,"engagementScore":1.7638445154419595,"voiceSEI":16.666666666666664,"voiceSEIadj":0,"voiceSEIrank":11,"voiceScore":2.272727272727273}},"twitter":{"entityString":"536575feb08f37d80186a0a6","type":"twitter","profiles":1,"postsMade":4,"repliesMade":0,"repliesRcvd":0,"sharesMade":0,"sharesRcvd":2,"mentionsRcvd":0,"likesRcvd":61,"reachRcvd":0,"audience":13225,"voice":4,"conversation":4,"engagement":63,"group_scoped":{"audienceScore":2.10355034762263,"voiceScore":3.418803418803419,"engagementScore":5.126118795768917,"combinedScore":4.889624604513328,"combinedScoreRank":39,"SEIrank":39,"engagementSEIrank":35,"voiceSEIrank":35,"audienceSEIrank":90,"engagementSEI":12.450592885375494,"engagementSEIadj":12.450592885375494,"voiceSEI":12.121212121212121,"voiceSEIadj":12.121212121212121,"audienceSEI":4.9574911533617225,"audienceSEIadj":4.9574911533617225,"SEI":11.602468482925104,"SEIadj":11.602468482925104},"non_scoped":{"SEI":5.122041741375879,"SEIrank":26,"SEIadj":0,"audienceSEI":2.386873908084148,"audienceSEIadj":0,"audienceSEIrank":51,"audienceScore":0.386285449904984,"combinedScore":0.9567501699311466,"combinedScoreRank":20,"engagementSEI":3.9722572509457756,"engagementSEIadj":0,"engagementSEIrank":18,"engagementScore":0.9971509971509971,"voiceSEI":8.333333333333332,"voiceSEIadj":0,"voiceSEIrank":29,"voiceScore":0.8},"scoped":{"SEI":12.775986503790161,"SEIrank":19,"SEIadj":0,"audienceSEI":11.34579583572832,"audienceSEIadj":0,"audienceSEIrank":41,"audienceScore":0.6132428933379332,"combinedScore":1.676345837771856,"combinedScoreRank":15,"engagementSEI":11.71003717472119,"engagementSEIadj":0,"engagementSEIrank":13,"engagementScore":1.7524339360222532,"voiceSEI":15.384615384615385,"voiceSEIadj":0,"voiceSEIrank":21,"voiceScore":1.36986301369863}},"instagram":{"entityString":"536575feb08f37d80186a0a6","type":"instagram","profiles":0,"postsMade":0,"repliesMade":0,"repliesRcvd":0,"sharesMade":0,"sharesRcvd":0,"mentionsRcvd":0,"likesRcvd":0,"reachRcvd":0,"audience":0,"voice":0,"conversation":0,"engagement":0,"group_scoped":{"audienceScore":0,"voiceScore":0,"engagementScore":0,"combinedScore":0,"combinedScoreRank":84,"SEIrank":66,"engagementSEIrank":58,"voiceSEIrank":45,"audienceSEIrank":66,"engagementSEI":0,"engagementSEIadj":0,"voiceSEI":0,"voiceSEIadj":0,"audienceSEI":0,"audienceSEIadj":0,"SEI":0,"SEIadj":0},"non_scoped":{"SEI":0,"SEIrank":66,"SEIadj":0,"audienceSEI":0,"audienceSEIadj":0,"audienceSEIrank":66,"audienceScore":0,"combinedScore":0,"combinedScoreRank":66,"engagementSEI":0,"engagementSEIadj":0,"engagementSEIrank":58,"engagementScore":0,"voiceSEI":0,"voiceSEIadj":0,"voiceSEIrank":45,"voiceScore":0},"scoped":{"SEI":0,"SEIrank":59,"SEIadj":0,"audienceSEI":0,"audienceSEIadj":0,"audienceSEIrank":59,"audienceScore":0,"combinedScore":0,"combinedScoreRank":59,"engagementSEI":0,"engagementSEIadj":0,"engagementSEIrank":51,"engagementScore":0,"voiceSEI":0,"voiceSEIadj":0,"voiceSEIrank":39,"voiceScore":0}}},"week":{"boundaryQuantum":4982406,"combined":{"entityString":"536575feb08f37d80186a0a6","type":"combined","profiles":2,"postsMade":24,"repliesMade":0,"repliesRcvd":469,"sharesMade":0,"sharesRcvd":37,"mentionsRcvd":0,"likesRcvd":3465,"reachRcvd":0,"audience":24351,"voice":24,"conversation":493,"engagement":3971,"group_scoped":{"audienceScore":1.0689780813619143,"voiceScore":1.3281682346430548,"engagementScore":2.798587668172496,"combinedScore":2.6385862171554946,"combinedScoreRank":18,"SEIrank":34,"engagementSEIrank":14,"voiceSEIrank":73,"audienceSEIrank":76,"engagementSEI":3.256305966477515,"engagementSEIadj":3.256305966477515,"voiceSEI":3.4682080924855487,"voiceSEIadj":3.4682080924855487,"audienceSEI":1.656007899547354,"audienceSEIadj":1.656007899547354,"SEI":3.1598467975869093,"SEIadj":3.1598467975869093},"non_scoped":{"SEI":1.1778661040634018,"SEIrank":56,"SEIadj":0,"audienceSEI":0.9685818475725592,"audienceSEIadj":0,"audienceSEIrank":67,"audienceScore":0.179336259205151,"combinedScore":0.1710907021716508,"combinedScoreRank":24,"engagementSEI":0.4063310283009408,"engagementSEIadj":0,"engagementSEIrank":22,"engagementScore":0.16561490842800966,"voiceSEI":2.7906976744186047,"voiceSEIadj":0,"voiceSEIrank":67,"voiceScore":0.26140943252369025},"scoped":{"SEI":12.438524932950187,"SEIrank":26,"SEIadj":0,"audienceSEI":12.715063729355187,"audienceSEIadj":0,"audienceSEIrank":56,"audienceScore":0.5181774945710635,"combinedScore":1.7891634174796922,"combinedScoreRank":15,"engagementSEI":13.206292194619044,"engagementSEIadj":0,"engagementSEIrank":14,"engagementScore":1.928737262368495,"voiceSEI":10.81081081081081,"voiceSEIadj":0,"voiceSEIrank":57,"voiceScore":0.5478201323898653}},"facebook":{"entityString":"536575feb08f37d80186a0a6","type":"facebook","profiles":1,"postsMade":6,"repliesMade":0,"repliesRcvd":469,"sharesMade":0,"sharesRcvd":26,"mentionsRcvd":0,"likesRcvd":2924,"reachRcvd":0,"audience":11126,"voice":6,"conversation":475,"engagement":3419,"group_scoped":{"audienceScore":0.7231554693263397,"voiceScore":1.2048192771084338,"engagementScore":2.9605063773411726,"combinedScore":2.760854476928794,"combinedScoreRank":15,"SEIrank":26,"engagementSEIrank":14,"voiceSEIrank":55,"audienceSEIrank":74,"engagementSEI":3.3702659543008098,"engagementSEIadj":3.3702659543008098,"voiceSEI":2.8708133971291865,"voiceSEIadj":2.8708133971291865,"audienceSEI":1.0179695505782462,"audienceSEIadj":1.0179695505782462,"SEI":2.9852005467770666,"SEIadj":2.9852005467770666},"non_scoped":{"SEI":0.7392657413312793,"SEIrank":54,"SEIadj":0,"audienceSEI":0.6046423664852268,"audienceSEIadj":0,"audienceSEIrank":79,"audienceScore":0.11601486942331456,"combinedScore":0.15647845486023493,"combinedScoreRank":22,"engagementSEI":0.36797706251197354,"engagementSEIadj":0,"engagementSEIrank":19,"engagementScore":0.15712207866214156,"voiceSEI":1.5267175572519083,"voiceSEIadj":0,"voiceSEIrank":65,"voiceScore":0.18535681186283595},"scoped":{"SEI":18.426769283412845,"SEIrank":18,"SEIadj":0,"audienceSEI":7.813147379583009,"audienceSEIadj":0,"audienceSEIrank":68,"audienceScore":0.4782626076961335,"combinedScore":2.3285520110053093,"combinedScoreRank":11,"engagementSEI":26,"engagementSEIadj":0,"engagementSEIrank":11,"engagementScore":2.5324612797854926,"voiceSEI":6.8181818181818175,"voiceSEIadj":0,"voiceSEIrank":56,"voiceScore":0.5084745762711864}},"twitter":{"entityString":"536575feb08f37d80186a0a6","type":"twitter","profiles":1,"postsMade":18,"repliesMade":0,"repliesRcvd":0,"sharesMade":0,"sharesRcvd":11,"mentionsRcvd":0,"likesRcvd":541,"reachRcvd":0,"audience":13225,"voice":18,"conversation":18,"engagement":552,"group_scoped":{"audienceScore":2.10355034762263,"voiceScore":1.3921113689095126,"engagementScore":4.2098840756558875,"combinedScore":3.963678753916906,"combinedScoreRank":41,"SEIrank":56,"engagementSEIrank":42,"voiceSEIrank":81,"audienceSEIrank":90,"engagementSEI":7.658157602663707,"engagementSEIadj":7.658157602663707,"voiceSEI":3.854389721627409,"voiceSEIadj":3.854389721627409,"audienceSEI":4.9574911533617225,"audienceSEIadj":4.9574911533617225,"SEI":6.246960593422619,"SEIadj":6.246960593422619},"non_scoped":{"SEI":3.4793685307229794,"SEIrank":38,"SEIadj":0,"audienceSEI":2.386873908084148,"audienceSEIadj":0,"audienceSEIrank":51,"audienceScore":0.386285449904984,"combinedScore":0.8450514090943015,"combinedScoreRank":24,"engagementSEI":3.5377811959238605,"engagementSEIadj":0,"engagementSEIrank":21,"engagementScore":0.9000489157019403,"voiceSEI":3.7267080745341614,"voiceSEIadj":0,"voiceSEIrank":63,"voiceScore":0.3138622493461203},"scoped":{"SEI":17.08986413641836,"SEIrank":22,"SEIadj":0,"audienceSEI":11.34579583572832,"audienceSEIadj":0,"audienceSEIrank":41,"audienceScore":0.6132428933379332,"combinedScore":1.7642743680595272,"combinedScoreRank":16,"engagementSEI":21.036585365853657,"engagementSEIadj":0,"engagementSEIrank":13,"engagementScore":1.8943683722845672,"voiceSEI":11.11111111111111,"voiceSEIadj":0,"voiceSEIrank":53,"voiceScore":0.5736137667304015}},"instagram":{"entityString":"536575feb08f37d80186a0a6","type":"instagram","profiles":0,"postsMade":0,"repliesMade":0,"repliesRcvd":0,"sharesMade":0,"sharesRcvd":0,"mentionsRcvd":0,"likesRcvd":0,"reachRcvd":0,"audience":0,"voice":0,"conversation":0,"engagement":0,"group_scoped":{"audienceScore":0,"voiceScore":0,"engagementScore":0,"combinedScore":0,"combinedScoreRank":84,"SEIrank":66,"engagementSEIrank":61,"voiceSEIrank":59,"audienceSEIrank":66,"engagementSEI":0,"engagementSEIadj":0,"voiceSEI":0,"voiceSEIadj":0,"audienceSEI":0,"audienceSEIadj":0,"SEI":0,"SEIadj":0},"non_scoped":{"SEI":0,"SEIrank":66,"SEIadj":0,"audienceSEI":0,"audienceSEIadj":0,"audienceSEIrank":66,"audienceScore":0,"combinedScore":0,"combinedScoreRank":66,"engagementSEI":0,"engagementSEIadj":0,"engagementSEIrank":61,"engagementScore":0,"voiceSEI":0,"voiceSEIadj":0,"voiceSEIrank":59,"voiceScore":0},"scoped":{"SEI":0,"SEIrank":59,"SEIadj":0,"audienceSEI":0,"audienceSEIadj":0,"audienceSEIrank":59,"audienceScore":0,"combinedScore":0,"combinedScoreRank":59,"engagementSEI":0,"engagementSEIadj":0,"engagementSEIrank":54,"engagementScore":0,"voiceSEI":0,"voiceSEIadj":0,"voiceSEIrank":52,"voiceScore":0}}},"month":{"boundaryQuantum":4975782,"combined":{"entityString":"536575feb08f37d80186a0a6","type":"combined","profiles":2,"postsMade":78,"repliesMade":0,"repliesRcvd":562,"sharesMade":0,"sharesRcvd":76,"mentionsRcvd":0,"likesRcvd":4738,"reachRcvd":0,"audience":24351,"voice":78,"conversation":640,"engagement":5376,"group_scoped":{"audienceScore":1.0689780813619143,"voiceScore":1.0932025227750524,"engagementScore":0.8711617272207252,"combinedScore":0.892154584705501,"combinedScoreRank":39,"SEIrank":74,"engagementSEIrank":35,"voiceSEIrank":86,"audienceSEIrank":76,"engagementSEI":0.9937373841933648,"engagementSEIadj":0.9937373841933648,"voiceSEI":2.5827814569536423,"voiceSEIadj":2.5827814569536423,"audienceSEI":1.656007899547354,"audienceSEIadj":1.656007899547354,"SEI":1.5366776575568468,"SEIadj":1.5366776575568468},"non_scoped":{"SEI":0.8324561430726529,"SEIrank":77,"SEIadj":0,"audienceSEI":0.9685818475725592,"audienceSEIadj":0,"audienceSEIrank":67,"audienceScore":0.179336259205151,"combinedScore":0.0718790923787388,"combinedScoreRank":54,"engagementSEI":0.14835083869550603,"engagementSEIadj":0,"engagementSEIrank":49,"engagementScore":0.05842806338140679,"voiceSEI":2.1552915169936444,"voiceSEIadj":0,"voiceSEIrank":82,"voiceScore":0.2065404475043029},"scoped":{"SEI":6.718512855117552,"SEIrank":57,"SEIadj":0,"audienceSEI":12.715063729355187,"audienceSEIadj":0,"audienceSEIrank":56,"audienceScore":0.5181774945710635,"combinedScore":0.5576660790029061,"combinedScoreRank":42,"engagementSEI":4.973080979075318,"engagementSEIadj":0,"engagementSEIrank":40,"engagementScore":0.5666462887619369,"voiceSEI":8.210526315789474,"voiceSEIadj":0,"voiceSEIrank":72,"voiceScore":0.43551088777219427}},"facebook":{"entityString":"536575feb08f37d80186a0a6","type":"facebook","profiles":1,"postsMade":16,"repliesMade":0,"repliesRcvd":562,"sharesMade":0,"sharesRcvd":30,"mentionsRcvd":0,"likesRcvd":3814,"reachRcvd":0,"audience":11126,"voice":16,"conversation":578,"engagement":4406,"group_scoped":{"audienceScore":0.7231554693263397,"voiceScore":0.7608178792201616,"engagementScore":0.9129487041349986,"combinedScore":0.8958525011488239,"combinedScoreRank":36,"SEIrank":61,"engagementSEIrank":29,"voiceSEIrank":80,"audienceSEIrank":74,"engagementSEI":1.0256028268090622,"engagementSEIadj":1.0256028268090622,"voiceSEI":1.680672268907563,"voiceSEIadj":1.680672268907563,"audienceSEI":1.0179695505782462,"audienceSEIadj":1.0179695505782462,"SEI":1.2213603318155308,"SEIadj":1.2213603318155308},"non_scoped":{"SEI":0.44357001740473784,"SEIrank":87,"SEIadj":0,"audienceSEI":0.6046423664852268,"audienceSEIadj":0,"audienceSEIrank":79,"audienceScore":0.11601486942331456,"combinedScore":0.059619899551664975,"combinedScoreRank":50,"engagementSEI":0.12863073083333504,"engagementSEIadj":0,"engagementSEIrank":46,"engagementScore":0.053275107163857464,"voiceSEI":1.0197578075207139,"voiceSEIadj":0,"voiceSEIrank":89,"voiceScore":0.11743119266055045},"scoped":{"SEI":5.204277786075288,"SEIrank":61,"SEIadj":0,"audienceSEI":7.813147379583009,"audienceSEIadj":0,"audienceSEIrank":68,"audienceScore":0.4782626076961335,"combinedScore":0.6254430330693543,"combinedScoreRank":39,"engagementSEI":4.7572259952276585,"engagementSEIadj":0,"engagementSEIrank":37,"engagementScore":0.6501814339702829,"voiceSEI":5.228758169934641,"voiceSEIadj":0,"voiceSEIrank":80,"voiceScore":0.32733224222585927}},"twitter":{"entityString":"536575feb08f37d80186a0a6","type":"twitter","profiles":1,"postsMade":62,"repliesMade":0,"repliesRcvd":0,"sharesMade":0,"sharesRcvd":46,"mentionsRcvd":0,"likesRcvd":924,"reachRcvd":0,"audience":13225,"voice":62,"conversation":62,"engagement":970,"group_scoped":{"audienceScore":2.10355034762263,"voiceScore":1.2525252525252526,"engagementScore":1.8281535648994516,"combinedScore":1.8131419884169007,"combinedScoreRank":74,"SEIrank":90,"engagementSEIrank":81,"voiceSEIrank":99,"audienceSEIrank":90,"engagementSEI":3.2386230843711394,"engagementSEIadj":3.2386230843711394,"voiceSEI":3.121852970795569,"voiceSEIadj":3.121852970795569,"audienceSEI":4.9574911533617225,"audienceSEIadj":4.9574911533617225,"SEI":3.3754788571975265,"SEIadj":3.3754788571975265},"non_scoped":{"SEI":2.182260444148212,"SEIrank":61,"SEIadj":0,"audienceSEI":2.386873908084148,"audienceSEIadj":0,"audienceSEIrank":51,"audienceScore":0.386285449904984,"combinedScore":0.3944662127887694,"combinedScoreRank":45,"engagementSEI":1.6830635226346018,"engagementSEIadj":0,"engagementSEIrank":44,"engagementScore":0.40205753982234854,"voiceSEI":3.1124497991967868,"voiceSEIadj":0,"voiceSEIrank":74,"voiceScore":0.26600308906813114},"scoped":{"SEI":9.764121934115735,"SEIrank":45,"SEIadj":0,"audienceSEI":11.34579583572832,"audienceSEIadj":0,"audienceSEIrank":41,"audienceScore":0.6132428933379332,"combinedScore":0.7894125500264314,"combinedScoreRank":35,"engagementSEI":9.56890598796488,"engagementSEIadj":0,"engagementSEIrank":34,"engagementScore":0.8161273495212614,"voiceSEI":9.627329192546584,"voiceSEIadj":0,"voiceSEIrank":64,"voiceScore":0.48471581580798995}},"instagram":{"entityString":"536575feb08f37d80186a0a6","type":"instagram","profiles":0,"postsMade":0,"repliesMade":0,"repliesRcvd":0,"sharesMade":0,"sharesRcvd":0,"mentionsRcvd":0,"likesRcvd":0,"reachRcvd":0,"audience":0,"voice":0,"conversation":0,"engagement":0,"group_scoped":{"audienceScore":0,"voiceScore":0,"engagementScore":0,"combinedScore":0,"combinedScoreRank":84,"SEIrank":66,"engagementSEIrank":61,"voiceSEIrank":60,"audienceSEIrank":66,"engagementSEI":0,"engagementSEIadj":0,"voiceSEI":0,"voiceSEIadj":0,"audienceSEI":0,"audienceSEIadj":0,"SEI":0,"SEIadj":0},"non_scoped":{"SEI":0,"SEIrank":66,"SEIadj":0,"audienceSEI":0,"audienceSEIadj":0,"audienceSEIrank":66,"audienceScore":0,"combinedScore":0,"combinedScoreRank":66,"engagementSEI":0,"engagementSEIadj":0,"engagementSEIrank":61,"engagementScore":0,"voiceSEI":0,"voiceSEIadj":0,"voiceSEIrank":60,"voiceScore":0},"scoped":{"SEI":0,"SEIrank":59,"SEIadj":0,"audienceSEI":0,"audienceSEIadj":0,"audienceSEIrank":59,"audienceScore":0,"combinedScore":0,"combinedScoreRank":59,"engagementSEI":0,"engagementSEIadj":0,"engagementSEIrank":54,"engagementScore":0,"voiceSEI":0,"voiceSEIadj":0,"voiceSEIrank":53,"voiceScore":0}}},"quarter":{"boundaryQuantum":4958502,"combined":{"entityString":"536575feb08f37d80186a0a6","type":"combined","profiles":2,"postsMade":295,"repliesMade":0,"repliesRcvd":1050,"sharesMade":0,"sharesRcvd":255,"mentionsRcvd":0,"likesRcvd":10814,"reachRcvd":0,"audience":24351,"voice":295,"conversation":1345,"engagement":12119,"group_scoped":{"audienceScore":1.0689780813619143,"voiceScore":1.4580141353234815,"engagementScore":0.5800102036616405,"combinedScore":0.6483587941297462,"combinedScoreRank":50,"SEIrank":75,"engagementSEIrank":47,"voiceSEIrank":74,"audienceSEIrank":76,"engagementSEI":0.6471961331646496,"engagementSEIadj":0.6471961331646496,"voiceSEI":3.194715183019277,"voiceSEIadj":3.194715183019277,"audienceSEI":1.656007899547354,"audienceSEIadj":1.656007899547354,"SEI":1.5123330247593083,"SEIadj":1.5123330247593083},"non_scoped":{"SEI":0.9867727389914392,"SEIrank":69,"SEIadj":0,"audienceSEI":0.9685818475725592,"audienceSEIadj":0,"audienceSEIrank":67,"audienceScore":0.179336259205151,"combinedScore":0.058935540076210866,"combinedScoreRank":65,"engagementSEI":0.10571613851631731,"engagementSEIadj":0,"engagementSEIrank":59,"engagementScore":0.040942539903689255,"voiceSEI":2.7549495704146434,"voiceSEIadj":0,"voiceSEIrank":66,"voiceScore":0.26240882405265964},"scoped":{"SEI":6.187836732397266,"SEIrank":61,"SEIadj":0,"audienceSEI":12.715063729355187,"audienceSEIadj":0,"audienceSEIrank":56,"audienceScore":0.5181774945710635,"combinedScore":0.41352162446942614,"combinedScoreRank":51,"engagementSEI":2.4523502617472617,"engagementSEIadj":0,"engagementSEIrank":50,"engagementScore":0.4000221812778132,"voiceSEI":11.483067341377968,"voiceSEIadj":0,"voiceSEIrank":56,"voiceScore":0.5518557318168213}},"facebook":{"entityString":"536575feb08f37d80186a0a6","type":"facebook","profiles":1,"postsMade":78,"repliesMade":0,"repliesRcvd":1050,"sharesMade":0,"sharesRcvd":112,"mentionsRcvd":0,"likesRcvd":8648,"reachRcvd":0,"audience":11126,"voice":78,"conversation":1128,"engagement":9810,"group_scoped":{"audienceScore":0.7231554693263397,"voiceScore":1.2680864900016258,"engagementScore":0.6242046322219394,"combinedScore":0.6613462669661437,"combinedScoreRank":42,"SEIrank":57,"engagementSEIrank":40,"voiceSEIrank":60,"audienceSEIrank":74,"engagementSEI":0.6884060767800841,"engagementSEIadj":0.6884060767800841,"voiceSEI":2.6648445507345406,"voiceSEIadj":2.6648445507345406,"audienceSEI":1.0179695505782462,"audienceSEIadj":1.0179695505782462,"SEI":1.3142939663462372,"SEIadj":1.3142939663462372},"non_scoped":{"SEI":0.6049068899696239,"SEIrank":70,"SEIadj":0,"audienceSEI":0.6046423664852268,"audienceSEIadj":0,"audienceSEIrank":79,"audienceScore":0.11601486942331456,"combinedScore":0.04859043623847431,"combinedScoreRank":62,"engagementSEI":0.088592748886698,"engagementSEIadj":0,"engagementSEIrank":54,"engagementScore":0.03686876474868036,"voiceSEI":1.637623346630275,"voiceSEIadj":0,"voiceSEIrank":66,"voiceScore":0.1921560898699251},"scoped":{"SEI":8.640160437590657,"SEIrank":54,"SEIadj":0,"audienceSEI":7.813147379583009,"audienceSEIadj":0,"audienceSEIrank":68,"audienceScore":0.4782626076961335,"combinedScore":0.4940478908292003,"combinedScoreRank":47,"engagementSEI":8.341978605078317,"engagementSEIadj":0,"engagementSEIrank":45,"engagementScore":0.4927969264742967,"voiceSEI":9.512195121951219,"voiceSEIadj":0,"voiceSEIrank":57,"voiceScore":0.5323505323505323}},"twitter":{"entityString":"536575feb08f37d80186a0a6","type":"twitter","profiles":1,"postsMade":217,"repliesMade":0,"repliesRcvd":0,"sharesMade":0,"sharesRcvd":143,"mentionsRcvd":0,"likesRcvd":2166,"reachRcvd":0,"audience":13225,"voice":217,"conversation":217,"engagement":2309,"group_scoped":{"audienceScore":2.10355034762263,"voiceScore":1.5748602946512809,"engagementScore":1.3002443941390456,"combinedScore":1.3541404868388367,"combinedScoreRank":86,"SEIrank":101,"engagementSEIrank":98,"voiceSEIrank":87,"audienceSEIrank":90,"engagementSEI":2.15303420237962,"engagementSEIadj":2.15303420237962,"voiceSEI":3.614257161892072,"voiceSEIadj":3.614257161892072,"audienceSEI":4.9574911533617225,"audienceSEIadj":4.9574911533617225,"SEI":2.8718467853315657,"SEIadj":2.8718467853315657},"non_scoped":{"SEI":1.9792288790748276,"SEIrank":63,"SEIadj":0,"audienceSEI":2.386873908084148,"audienceSEIadj":0,"audienceSEIrank":51,"audienceScore":0.386285449904984,"combinedScore":0.28493832900089344,"combinedScoreRank":58,"engagementSEI":1.0949770476876968,"engagementSEIadj":0,"engagementSEIrank":57,"engagementScore":0.27781788430070264,"voiceSEI":3.6118508655126496,"voiceSEIadj":0,"voiceSEIrank":66,"voiceScore":0.31175921270023704},"scoped":{"SEI":9.136079260113531,"SEIrank":49,"SEIadj":0,"audienceSEI":11.34579583572832,"audienceSEIadj":0,"audienceSEIrank":41,"audienceScore":0.6132428933379332,"combinedScore":0.5774733014755401,"combinedScoreRank":48,"engagementSEI":7.264204366702322,"engagementSEIadj":0,"engagementSEIrank":47,"engagementScore":0.5759799641789853,"voiceSEI":12.143256855064353,"voiceSEIadj":0,"voiceSEIrank":56,"voiceScore":0.5685837809511332}},"instagram":{"entityString":"536575feb08f37d80186a0a6","type":"instagram","profiles":0,"postsMade":0,"repliesMade":0,"repliesRcvd":0,"sharesMade":0,"sharesRcvd":0,"mentionsRcvd":0,"likesRcvd":0,"reachRcvd":0,"audience":0,"voice":0,"conversation":0,"engagement":0,"group_scoped":{"audienceScore":0,"voiceScore":0,"engagementScore":0,"combinedScore":0,"combinedScoreRank":84,"SEIrank":66,"engagementSEIrank":61,"voiceSEIrank":61,"audienceSEIrank":66,"engagementSEI":0,"engagementSEIadj":0,"voiceSEI":0,"voiceSEIadj":0,"audienceSEI":0,"audienceSEIadj":0,"SEI":0,"SEIadj":0},"non_scoped":{"SEI":0,"SEIrank":66,"SEIadj":0,"audienceSEI":0,"audienceSEIadj":0,"audienceSEIrank":66,"audienceScore":0,"combinedScore":0,"combinedScoreRank":66,"engagementSEI":0,"engagementSEIadj":0,"engagementSEIrank":61,"engagementScore":0,"voiceSEI":0,"voiceSEIadj":0,"voiceSEIrank":61,"voiceScore":0},"scoped":{"SEI":0,"SEIrank":59,"SEIadj":0,"audienceSEI":0,"audienceSEIadj":0,"audienceSEIrank":59,"audienceScore":0,"combinedScore":0,"combinedScoreRank":59,"engagementSEI":0,"engagementSEIadj":0,"engagementSEIrank":54,"engagementScore":0,"voiceSEI":0,"voiceSEIadj":0,"voiceSEIrank":54,"voiceScore":0}}},"blended":{"combined":{"non_scoped":{"SEI":1.0803972133667317,"SEIadj":60.432158885346695,"SEIrank":60,"audienceSEI":0.9685818475725592,"audienceSEIadj":60.38743273902902,"audienceSEIrank":67,"engagementSEI":0.20540764197298667,"engagementSEIadj":60.08216305678919,"engagementSEIrank":37,"voiceSEI":2.8676481447522795,"voiceSEIadj":61.147059257900914,"voiceSEIrank":62},"scoped":{"SEI":12.279509796563255,"SEIadj":56.13975489828163,"SEIrank":66,"compCharisma":3,"compInfluence":3,"compEva":6.279509796563255,"audienceSEI":12.715063729355187,"audienceSEIadj":65.08602549174208,"audienceSEIrank":56,"engagementSEI":6.026258218838149,"engagementSEIadj":62.410503287535256,"engagementSEIrank":27,"voiceSEI":11.250838619921339,"voiceSEIadj":64.50033544796854,"voiceSEIrank":54}},"facebook":{"non_scoped":{"SEI":0.6749479151110254,"SEIadj":60.26997916604441,"SEIrank":67,"audienceSEI":0.6046423664852267,"audienceSEIadj":50.30232118324261,"audienceSEIrank":79,"engagementSEI":0.18103903008963454,"engagementSEIadj":60.072415612035854,"engagementSEIrank":39,"voiceSEI":1.6862008680290734,"voiceSEIadj":60.67448034721163,"voiceSEIrank":64},"scoped":{"SEI":11.144443266097033,"SEIadj":64.45777730643881,"SEIrank":39,"audienceSEI":7.813147379583009,"audienceSEIadj":53.90657368979151,"audienceSEIrank":68,"engagementSEI":13.06228129760438,"engagementSEIadj":65.22491251904175,"engagementSEIrank":32,"voiceSEI":8.419199165253684,"voiceSEIadj":63.36767966610147,"voiceSEIrank":56}},"twitter":{"non_scoped":{"SEI":2.616866152445333,"SEIadj":61.046746460978135,"SEIrank":50,"audienceSEI":2.386873908084148,"audienceSEIadj":60.95474956323366,"audienceSEIrank":51,"engagementSEI":2.0598952735634857,"engagementSEIadj":60.82395810942539,"engagementSEIrank":34,"voiceSEI":3.8074719916627577,"voiceSEIadj":61.5229887966651,"voiceSEIrank":63},"scoped":{"SEI":11.79841648628914,"SEIadj":64.71936659451566,"SEIrank":37,"audienceSEI":11.34579583572832,"audienceSEIadj":64.53831833429133,"audienceSEIrank":41,"engagementSEI":11.963915550038049,"engagementSEIadj":64.78556622001523,"engagementSEIrank":26,"voiceSEI":11.618291908978268,"voiceSEIadj":64.6473167635913,"voiceSEIrank":56}},"instagram":{"non_scoped":{"SEI":0,"SEIadj":0,"SEIrank":66,"audienceSEI":0,"audienceSEIadj":0,"audienceSEIrank":66,"engagementSEI":0,"engagementSEIadj":0,"engagementSEIrank":61,"voiceSEI":0,"voiceSEIadj":0,"voiceSEIrank":61},"scoped":{"SEI":0,"SEIadj":0,"SEIrank":59,"audienceSEI":0,"audienceSEIadj":0,"audienceSEIrank":59,"engagementSEI":0,"engagementSEIadj":0,"engagementSEIrank":54,"voiceSEI":0,"voiceSEIadj":0,"voiceSEIrank":54}},"influence":{"instagram":{"scope":"individual","ratio":0,"calculated":false},"combined":{"ratio":0.53,"bottom":false,"scope":"individual","calculated":true},"facebook":{"ratio":0.8,"bottom":false,"scope":"individual","calculated":true},"twitter":{"ratio":0.79,"bottom":false,"scope":"individual","calculated":true}},"charisma":{"instagram":{"scope":"individual","ratio":0,"calculated":false},"combined":{"ratio":0.67,"bottom":false,"scope":"individual","calculated":true},"facebook":{"ratio":0.82,"bottom":false,"scope":"individual","calculated":true},"twitter":{"ratio":1.16,"bottom":false,"scope":"individual","calculated":true}}},"scope":"individual"}}