{"scoreEntityString":"591d1494ab33fb0001804f89.asset.536575feb08f37d80186afcc","timeQuantum":4984422,"scoreEntityType":"asset","scoreProfileID":"591d1494ab33fb0001804f89","data":{"scoreEntityString":"591d1494ab33fb0001804f89.asset.536575feb08f37d80186afcc","scoreProfileID":"591d1494ab33fb0001804f89","scoreEntityType":"asset","entityID":"asset.536575feb08f37d80186afcc","object_version":"1.2","score_engine_version":"3.0.19","timestamp":4984422,"start_quantum":4958502,"end_quantum":4984421,"schedule_options":{"interval":15,"offset":"1"},"_15min":{"boundaryQuantum":4984419,"combined":{"entityString":"536575feb08f37d80186afcc","type":"combined","profiles":1,"postsMade":0,"repliesMade":0,"repliesRcvd":0,"sharesMade":0,"sharesRcvd":0,"mentionsRcvd":0,"likesRcvd":0,"reachRcvd":0,"audience":4066,"voice":0,"conversation":0,"engagement":0,"group_scoped":{"audienceScore":0.13980382765413232,"voiceScore":0,"engagementScore":0,"combinedScore":0.13980382765413232,"engagementSEI":0,"engagementSEIadj":0,"voiceSEI":0,"voiceSEIadj":0,"audienceSEI":0.21480971958508863,"audienceSEIadj":0.21480971958508863,"SEI":0.021480971958508864,"SEIadj":0.021480971958508864,"combinedScoreRank":207,"SEIrank":206,"engagementSEIrank":91,"voiceSEIrank":87,"audienceSEIrank":206},"non_scoped":{"SEI":0.016172862684201986,"SEIrank":184,"SEIadj":0,"audienceSEI":0.16172862684201986,"audienceSEIadj":0,"audienceSEIrank":184,"audienceScore":0.029944611306646295,"combinedScore":0.0014972305653323148,"combinedScoreRank":184,"engagementSEI":0,"engagementSEIadj":0,"engagementSEIrank":91,"engagementScore":0,"voiceSEI":0,"voiceSEIadj":0,"voiceSEIrank":87,"voiceScore":0},"scoped":{"SEI":0.21230934714614672,"SEIrank":168,"SEIadj":0,"audienceSEI":2.123093471461467,"audienceSEIadj":0,"audienceSEIrank":168,"audienceScore":0.08652251213198407,"combinedScore":0.012360358875997724,"combinedScoreRank":168,"engagementSEI":0,"engagementSEIadj":0,"engagementSEIrank":78,"engagementScore":0,"voiceSEI":0,"voiceSEIadj":0,"voiceSEIrank":76,"voiceScore":0}},"facebook":{"entityString":"536575feb08f37d80186afcc","type":"facebook","profiles":0,"postsMade":0,"repliesMade":0,"repliesRcvd":0,"sharesMade":0,"sharesRcvd":0,"mentionsRcvd":0,"likesRcvd":0,"reachRcvd":0,"audience":0,"voice":0,"conversation":0,"engagement":0,"group_scoped":{"audienceScore":0,"voiceScore":0,"engagementScore":0,"combinedScore":0,"engagementSEI":0,"engagementSEIadj":0,"voiceSEI":0,"voiceSEIadj":0,"audienceSEI":0,"audienceSEIadj":0,"SEI":0,"SEIadj":0,"combinedScoreRank":209,"SEIrank":209,"engagementSEIrank":90,"voiceSEIrank":87,"audienceSEIrank":209},"non_scoped":{"SEI":0,"SEIrank":209,"SEIadj":0,"audienceSEI":0,"audienceSEIadj":0,"audienceSEIrank":209,"audienceScore":0,"combinedScore":0,"combinedScoreRank":209,"engagementSEI":0,"engagementSEIadj":0,"engagementSEIrank":90,"engagementScore":0,"voiceSEI":0,"voiceSEIadj":0,"voiceSEIrank":87,"voiceScore":0},"scoped":{"SEI":0,"SEIrank":189,"SEIadj":0,"audienceSEI":0,"audienceSEIadj":0,"audienceSEIrank":189,"audienceScore":0,"combinedScore":0,"combinedScoreRank":189,"engagementSEI":0,"engagementSEIadj":0,"engagementSEIrank":77,"engagementScore":0,"voiceSEI":0,"voiceSEIadj":0,"voiceSEIrank":76,"voiceScore":0}},"twitter":{"entityString":"536575feb08f37d80186afcc","type":"twitter","profiles":1,"postsMade":0,"repliesMade":0,"repliesRcvd":0,"sharesMade":0,"sharesRcvd":0,"mentionsRcvd":0,"likesRcvd":0,"reachRcvd":0,"audience":4066,"voice":0,"conversation":0,"engagement":0,"group_scoped":{"audienceScore":0.7155062127267192,"voiceScore":0,"engagementScore":0,"combinedScore":0.7155062127267192,"engagementSEI":0,"engagementSEIadj":0,"voiceSEI":0,"voiceSEIadj":0,"audienceSEI":4.284419717181935,"audienceSEIadj":4.284419717181935,"SEI":0.42844197171819354,"SEIadj":0.42844197171819354,"combinedScoreRank":167,"SEIrank":101,"engagementSEIrank":88,"voiceSEIrank":86,"audienceSEIrank":101},"non_scoped":{"SEI":0.0733839645389047,"SEIrank":147,"SEIadj":0,"audienceSEI":0.7338396453890469,"audienceSEIadj":0,"audienceSEIrank":147,"audienceScore":0.11876269484413346,"combinedScore":0.005938134742206673,"combinedScoreRank":147,"engagementSEI":0,"engagementSEIadj":0,"engagementSEIrank":88,"engagementScore":0,"voiceSEI":0,"voiceSEIadj":0,"voiceSEIrank":86,"voiceScore":0},"scoped":{"SEI":0.3488242409684034,"SEIrank":132,"SEIadj":0,"audienceSEI":3.488242409684034,"audienceSEIadj":0,"audienceSEIrank":132,"audienceScore":0.1885403103449555,"combinedScore":0.026934330049279354,"combinedScoreRank":132,"engagementSEI":0,"engagementSEIadj":0,"engagementSEIrank":77,"engagementScore":0,"voiceSEI":0,"voiceSEIadj":0,"voiceSEIrank":76,"voiceScore":0}},"instagram":{"entityString":"536575feb08f37d80186afcc","type":"instagram","profiles":0,"postsMade":0,"repliesMade":0,"repliesRcvd":0,"sharesMade":0,"sharesRcvd":0,"mentionsRcvd":0,"likesRcvd":0,"reachRcvd":0,"audience":0,"voice":0,"conversation":0,"engagement":0,"group_scoped":{"audienceScore":0,"voiceScore":0,"engagementScore":0,"combinedScore":0,"engagementSEI":0,"engagementSEIadj":0,"voiceSEI":0,"voiceSEIadj":0,"audienceSEI":0,"audienceSEIadj":0,"SEI":0,"SEIadj":0,"combinedScoreRank":114,"SEIrank":96,"engagementSEIrank":87,"voiceSEIrank":85,"audienceSEIrank":96},"non_scoped":{"SEI":0,"SEIrank":96,"SEIadj":0,"audienceSEI":0,"audienceSEIadj":0,"audienceSEIrank":96,"audienceScore":0,"combinedScore":0,"combinedScoreRank":96,"engagementSEI":0,"engagementSEIadj":0,"engagementSEIrank":87,"engagementScore":0,"voiceSEI":0,"voiceSEIadj":0,"voiceSEIrank":85,"voiceScore":0},"scoped":{"SEI":0,"SEIrank":83,"SEIadj":0,"audienceSEI":0,"audienceSEIadj":0,"audienceSEIrank":83,"audienceScore":0,"combinedScore":0,"combinedScoreRank":83,"engagementSEI":0,"engagementSEIadj":0,"engagementSEIrank":76,"engagementScore":0,"voiceSEI":0,"voiceSEIadj":0,"voiceSEIrank":76,"voiceScore":0}}},"hour":{"boundaryQuantum":4984410,"combined":{"entityString":"536575feb08f37d80186afcc","type":"combined","profiles":1,"postsMade":0,"repliesMade":0,"repliesRcvd":0,"sharesMade":0,"sharesRcvd":0,"mentionsRcvd":0,"likesRcvd":0,"reachRcvd":0,"audience":4066,"voice":0,"conversation":0,"engagement":0,"group_scoped":{"audienceScore":0.13980382765413232,"voiceScore":0,"engagementScore":0,"combinedScore":0.13980382765413232,"combinedScoreRank":202,"SEIrank":207,"engagementSEIrank":122,"voiceSEIrank":92,"audienceSEIrank":206,"engagementSEI":0,"engagementSEIadj":0,"voiceSEI":0,"voiceSEIadj":0,"audienceSEI":0.21480971958508863,"audienceSEIadj":0.21480971958508863,"SEI":0.021480971958508864,"SEIadj":0.021480971958508864},"non_scoped":{"SEI":0.016172862684201986,"SEIrank":184,"SEIadj":0,"audienceSEI":0.16172862684201986,"audienceSEIadj":0,"audienceSEIrank":184,"audienceScore":0.029944611306646295,"combinedScore":0.0014972305653323148,"combinedScoreRank":185,"engagementSEI":0,"engagementSEIadj":0,"engagementSEIrank":122,"engagementScore":0,"voiceSEI":0,"voiceSEIadj":0,"voiceSEIrank":92,"voiceScore":0},"scoped":{"SEI":0.21230934714614672,"SEIrank":168,"SEIadj":0,"audienceSEI":2.123093471461467,"audienceSEIadj":0,"audienceSEIrank":168,"audienceScore":0.08652251213198407,"combinedScore":0.004326125606599204,"combinedScoreRank":169,"engagementSEI":0,"engagementSEIadj":0,"engagementSEIrank":107,"engagementScore":0,"voiceSEI":0,"voiceSEIadj":0,"voiceSEIrank":79,"voiceScore":0}},"facebook":{"entityString":"536575feb08f37d80186afcc","type":"facebook","profiles":0,"postsMade":0,"repliesMade":0,"repliesRcvd":0,"sharesMade":0,"sharesRcvd":0,"mentionsRcvd":0,"likesRcvd":0,"reachRcvd":0,"audience":0,"voice":0,"conversation":0,"engagement":0,"group_scoped":{"audienceScore":0,"voiceScore":0,"engagementScore":0,"combinedScore":0,"combinedScoreRank":209,"SEIrank":209,"engagementSEIrank":114,"voiceSEIrank":89,"audienceSEIrank":209,"engagementSEI":0,"engagementSEIadj":0,"voiceSEI":0,"voiceSEIadj":0,"audienceSEI":0,"audienceSEIadj":0,"SEI":0,"SEIadj":0},"non_scoped":{"SEI":0,"SEIrank":209,"SEIadj":0,"audienceSEI":0,"audienceSEIadj":0,"audienceSEIrank":209,"audienceScore":0,"combinedScore":0,"combinedScoreRank":209,"engagementSEI":0,"engagementSEIadj":0,"engagementSEIrank":114,"engagementScore":0,"voiceSEI":0,"voiceSEIadj":0,"voiceSEIrank":89,"voiceScore":0},"scoped":{"SEI":0,"SEIrank":189,"SEIadj":0,"audienceSEI":0,"audienceSEIadj":0,"audienceSEIrank":189,"audienceScore":0,"combinedScore":0,"combinedScoreRank":189,"engagementSEI":0,"engagementSEIadj":0,"engagementSEIrank":99,"engagementScore":0,"voiceSEI":0,"voiceSEIadj":0,"voiceSEIrank":76,"voiceScore":0}},"twitter":{"entityString":"536575feb08f37d80186afcc","type":"twitter","profiles":1,"postsMade":0,"repliesMade":0,"repliesRcvd":0,"sharesMade":0,"sharesRcvd":0,"mentionsRcvd":0,"likesRcvd":0,"reachRcvd":0,"audience":4066,"voice":0,"conversation":0,"engagement":0,"group_scoped":{"audienceScore":0.7155062127267192,"voiceScore":0,"engagementScore":0,"combinedScore":0.7155062127267192,"combinedScoreRank":170,"SEIrank":113,"engagementSEIrank":106,"voiceSEIrank":91,"audienceSEIrank":101,"engagementSEI":0,"engagementSEIadj":0,"voiceSEI":0,"voiceSEIadj":0,"audienceSEI":4.284419717181935,"audienceSEIadj":4.284419717181935,"SEI":0.42844197171819354,"SEIadj":0.42844197171819354},"non_scoped":{"SEI":0.0733839645389047,"SEIrank":150,"SEIadj":0,"audienceSEI":0.7338396453890469,"audienceSEIadj":0,"audienceSEIrank":147,"audienceScore":0.11876269484413346,"combinedScore":0.005938134742206673,"combinedScoreRank":150,"engagementSEI":0,"engagementSEIadj":0,"engagementSEIrank":106,"engagementScore":0,"voiceSEI":0,"voiceSEIadj":0,"voiceSEIrank":91,"voiceScore":0},"scoped":{"SEI":0.3488242409684034,"SEIrank":135,"SEIadj":0,"audienceSEI":3.488242409684034,"audienceSEIadj":0,"audienceSEIrank":132,"audienceScore":0.1885403103449555,"combinedScore":0.009427015517247776,"combinedScoreRank":135,"engagementSEI":0,"engagementSEIadj":0,"engagementSEIrank":93,"engagementScore":0,"voiceSEI":0,"voiceSEIadj":0,"voiceSEIrank":79,"voiceScore":0}},"instagram":{"entityString":"536575feb08f37d80186afcc","type":"instagram","profiles":0,"postsMade":0,"repliesMade":0,"repliesRcvd":0,"sharesMade":0,"sharesRcvd":0,"mentionsRcvd":0,"likesRcvd":0,"reachRcvd":0,"audience":0,"voice":0,"conversation":0,"engagement":0,"group_scoped":{"audienceScore":0,"voiceScore":0,"engagementScore":0,"combinedScore":0,"combinedScoreRank":114,"SEIrank":96,"engagementSEIrank":91,"voiceSEIrank":85,"audienceSEIrank":96,"engagementSEI":0,"engagementSEIadj":0,"voiceSEI":0,"voiceSEIadj":0,"audienceSEI":0,"audienceSEIadj":0,"SEI":0,"SEIadj":0},"non_scoped":{"SEI":0,"SEIrank":96,"SEIadj":0,"audienceSEI":0,"audienceSEIadj":0,"audienceSEIrank":96,"audienceScore":0,"combinedScore":0,"combinedScoreRank":96,"engagementSEI":0,"engagementSEIadj":0,"engagementSEIrank":91,"engagementScore":0,"voiceSEI":0,"voiceSEIadj":0,"voiceSEIrank":85,"voiceScore":0},"scoped":{"SEI":0,"SEIrank":83,"SEIadj":0,"audienceSEI":0,"audienceSEIadj":0,"audienceSEIrank":83,"audienceScore":0,"combinedScore":0,"combinedScoreRank":83,"engagementSEI":0,"engagementSEIadj":0,"engagementSEIrank":80,"engagementScore":0,"voiceSEI":0,"voiceSEIadj":0,"voiceSEIrank":76,"voiceScore":0}}},"today":{"boundaryQuantum":4984134,"combined":{"entityString":"536575feb08f37d80186afcc","type":"combined","profiles":1,"postsMade":0,"repliesMade":0,"repliesRcvd":0,"sharesMade":0,"sharesRcvd":0,"mentionsRcvd":0,"likesRcvd":0,"reachRcvd":0,"audience":4066,"voice":0,"conversation":0,"engagement":0,"group_scoped":{"audienceScore":0.13980382765413232,"voiceScore":0,"engagementScore":0,"combinedScore":0.13980382765413232,"combinedScoreRank":161,"SEIrank":213,"engagementSEIrank":192,"voiceSEIrank":157,"audienceSEIrank":206,"engagementSEI":0,"engagementSEIadj":0,"voiceSEI":0,"voiceSEIadj":0,"audienceSEI":0.21480971958508863,"audienceSEIadj":0.21480971958508863,"SEI":0.021480971958508864,"SEIadj":0.021480971958508864},"non_scoped":{"SEI":0.016172862684201986,"SEIrank":196,"SEIadj":0,"audienceSEI":0.16172862684201986,"audienceSEIadj":0,"audienceSEIrank":184,"audienceScore":0.029944611306646295,"combinedScore":0.0014972305653323148,"combinedScoreRank":198,"engagementSEI":0,"engagementSEIadj":0,"engagementSEIrank":192,"engagementScore":0,"voiceSEI":0,"voiceSEIadj":0,"voiceSEIrank":157,"voiceScore":0},"scoped":{"SEI":0.21230934714614672,"SEIrank":179,"SEIadj":0,"audienceSEI":2.123093471461467,"audienceSEIadj":0,"audienceSEIrank":168,"audienceScore":0.08652251213198407,"combinedScore":0.004326125606599204,"combinedScoreRank":185,"engagementSEI":0,"engagementSEIadj":0,"engagementSEIrank":174,"engagementScore":0,"voiceSEI":0,"voiceSEIadj":0,"voiceSEIrank":140,"voiceScore":0}},"facebook":{"entityString":"536575feb08f37d80186afcc","type":"facebook","profiles":0,"postsMade":0,"repliesMade":0,"repliesRcvd":0,"sharesMade":0,"sharesRcvd":0,"mentionsRcvd":0,"likesRcvd":0,"reachRcvd":0,"audience":0,"voice":0,"conversation":0,"engagement":0,"group_scoped":{"audienceScore":0,"voiceScore":0,"engagementScore":0,"combinedScore":0,"combinedScoreRank":209,"SEIrank":209,"engagementSEIrank":161,"voiceSEIrank":124,"audienceSEIrank":209,"engagementSEI":0,"engagementSEIadj":0,"voiceSEI":0,"voiceSEIadj":0,"audienceSEI":0,"audienceSEIadj":0,"SEI":0,"SEIadj":0},"non_scoped":{"SEI":0,"SEIrank":209,"SEIadj":0,"audienceSEI":0,"audienceSEIadj":0,"audienceSEIrank":209,"audienceScore":0,"combinedScore":0,"combinedScoreRank":209,"engagementSEI":0,"engagementSEIadj":0,"engagementSEIrank":161,"engagementScore":0,"voiceSEI":0,"voiceSEIadj":0,"voiceSEIrank":124,"voiceScore":0},"scoped":{"SEI":0,"SEIrank":189,"SEIadj":0,"audienceSEI":0,"audienceSEIadj":0,"audienceSEIrank":189,"audienceScore":0,"combinedScore":0,"combinedScoreRank":189,"engagementSEI":0,"engagementSEIadj":0,"engagementSEIrank":145,"engagementScore":0,"voiceSEI":0,"voiceSEIadj":0,"voiceSEIrank":110,"voiceScore":0}},"twitter":{"entityString":"536575feb08f37d80186afcc","type":"twitter","profiles":1,"postsMade":0,"repliesMade":0,"repliesRcvd":0,"sharesMade":0,"sharesRcvd":0,"mentionsRcvd":0,"likesRcvd":0,"reachRcvd":0,"audience":4066,"voice":0,"conversation":0,"engagement":0,"group_scoped":{"audienceScore":0.7155062127267192,"voiceScore":0,"engagementScore":0,"combinedScore":0.7155062127267192,"combinedScoreRank":153,"SEIrank":158,"engagementSEIrank":171,"voiceSEIrank":146,"audienceSEIrank":101,"engagementSEI":0,"engagementSEIadj":0,"voiceSEI":0,"voiceSEIadj":0,"audienceSEI":4.284419717181935,"audienceSEIadj":4.284419717181935,"SEI":0.42844197171819354,"SEIadj":0.42844197171819354},"non_scoped":{"SEI":0.0733839645389047,"SEIrank":185,"SEIadj":0,"audienceSEI":0.7338396453890469,"audienceSEIadj":0,"audienceSEIrank":147,"audienceScore":0.11876269484413346,"combinedScore":0.005938134742206673,"combinedScoreRank":186,"engagementSEI":0,"engagementSEIadj":0,"engagementSEIrank":171,"engagementScore":0,"voiceSEI":0,"voiceSEIadj":0,"voiceSEIrank":146,"voiceScore":0},"scoped":{"SEI":0.3488242409684034,"SEIrank":167,"SEIadj":0,"audienceSEI":3.488242409684034,"audienceSEIadj":0,"audienceSEIrank":132,"audienceScore":0.1885403103449555,"combinedScore":0.009427015517247776,"combinedScoreRank":170,"engagementSEI":0,"engagementSEIadj":0,"engagementSEIrank":154,"engagementScore":0,"voiceSEI":0,"voiceSEIadj":0,"voiceSEIrank":129,"voiceScore":0}},"instagram":{"entityString":"536575feb08f37d80186afcc","type":"instagram","profiles":0,"postsMade":0,"repliesMade":0,"repliesRcvd":0,"sharesMade":0,"sharesRcvd":0,"mentionsRcvd":0,"likesRcvd":0,"reachRcvd":0,"audience":0,"voice":0,"conversation":0,"engagement":0,"group_scoped":{"audienceScore":0,"voiceScore":0,"engagementScore":0,"combinedScore":0,"combinedScoreRank":114,"SEIrank":96,"engagementSEIrank":95,"voiceSEIrank":88,"audienceSEIrank":96,"engagementSEI":0,"engagementSEIadj":0,"voiceSEI":0,"voiceSEIadj":0,"audienceSEI":0,"audienceSEIadj":0,"SEI":0,"SEIadj":0},"non_scoped":{"SEI":0,"SEIrank":96,"SEIadj":0,"audienceSEI":0,"audienceSEIadj":0,"audienceSEIrank":96,"audienceScore":0,"combinedScore":0,"combinedScoreRank":96,"engagementSEI":0,"engagementSEIadj":0,"engagementSEIrank":95,"engagementScore":0,"voiceSEI":0,"voiceSEIadj":0,"voiceSEIrank":88,"voiceScore":0},"scoped":{"SEI":0,"SEIrank":83,"SEIadj":0,"audienceSEI":0,"audienceSEIadj":0,"audienceSEIrank":83,"audienceScore":0,"combinedScore":0,"combinedScoreRank":83,"engagementSEI":0,"engagementSEIadj":0,"engagementSEIrank":82,"engagementScore":0,"voiceSEI":0,"voiceSEIadj":0,"voiceSEIrank":76,"voiceScore":0}}},"week":{"boundaryQuantum":4982406,"combined":{"entityString":"536575feb08f37d80186afcc","type":"combined","profiles":1,"postsMade":2,"repliesMade":0,"repliesRcvd":0,"sharesMade":0,"sharesRcvd":1,"mentionsRcvd":0,"likesRcvd":7,"reachRcvd":0,"audience":4066,"voice":2,"conversation":2,"engagement":8,"group_scoped":{"audienceScore":0.13980382765413232,"voiceScore":0.13245033112582782,"engagementScore":0.0007690096789480716,"combinedScore":0.014304816650051273,"combinedScoreRank":227,"SEIrank":202,"engagementSEIrank":198,"voiceSEIrank":185,"audienceSEIrank":206,"engagementSEI":0.000818596884010961,"engagementSEIadj":0.000818596884010961,"voiceSEI":0.30075187969924816,"voiceSEIadj":0.30075187969924816,"audienceSEI":0.21480971958508863,"audienceSEIadj":0.21480971958508863,"SEI":0.11219769399868988,"SEIadj":0.11219769399868988},"non_scoped":{"SEI":0.08643146267507368,"SEIrank":195,"SEIadj":0,"audienceSEI":0.16172862684201986,"audienceSEIadj":0,"audienceSEIrank":184,"audienceScore":0.029944611306646295,"combinedScore":0.002886720427578574,"combinedScoreRank":200,"engagementSEI":0.000818596884010961,"engagementSEIadj":0,"engagementSEIrank":185,"engagementScore":0.0003336487704417218,"voiceSEI":0.23255813953488372,"voiceSEIadj":0,"voiceSEIrank":187,"voiceScore":0.021784119376974186},"scoped":{"SEI":0.4985429018621917,"SEIrank":183,"SEIadj":0,"audienceSEI":2.123093471461467,"audienceSEIadj":0,"audienceSEIrank":168,"audienceScore":0.08652251213198407,"combinedScore":0.010105790400409449,"combinedScoreRank":179,"engagementSEI":0.026605474076291196,"engagementSEIadj":0,"engagementSEIrank":170,"engagementScore":0.003885645454280524,"voiceSEI":0.9009009009009009,"voiceSEIadj":0,"voiceSEIrank":171,"voiceScore":0.045651677699155443}},"facebook":{"entityString":"536575feb08f37d80186afcc","type":"facebook","profiles":0,"postsMade":0,"repliesMade":0,"repliesRcvd":0,"sharesMade":0,"sharesRcvd":0,"mentionsRcvd":0,"likesRcvd":0,"reachRcvd":0,"audience":0,"voice":0,"conversation":0,"engagement":0,"group_scoped":{"audienceScore":0,"voiceScore":0,"engagementScore":0,"combinedScore":0,"combinedScoreRank":209,"SEIrank":209,"engagementSEIrank":174,"voiceSEIrank":173,"audienceSEIrank":209,"engagementSEI":0,"engagementSEIadj":0,"voiceSEI":0,"voiceSEIadj":0,"audienceSEI":0,"audienceSEIadj":0,"SEI":0,"SEIadj":0},"non_scoped":{"SEI":0,"SEIrank":209,"SEIadj":0,"audienceSEI":0,"audienceSEIadj":0,"audienceSEIrank":209,"audienceScore":0,"combinedScore":0,"combinedScoreRank":209,"engagementSEI":0,"engagementSEIadj":0,"engagementSEIrank":174,"engagementScore":0,"voiceSEI":0,"voiceSEIadj":0,"voiceSEIrank":173,"voiceScore":0},"scoped":{"SEI":0,"SEIrank":189,"SEIadj":0,"audienceSEI":0,"audienceSEIadj":0,"audienceSEIrank":189,"audienceScore":0,"combinedScore":0,"combinedScoreRank":189,"engagementSEI":0,"engagementSEIadj":0,"engagementSEIrank":158,"engagementScore":0,"voiceSEI":0,"voiceSEIadj":0,"voiceSEIrank":157,"voiceScore":0}},"twitter":{"entityString":"536575feb08f37d80186afcc","type":"twitter","profiles":1,"postsMade":2,"repliesMade":0,"repliesRcvd":0,"sharesMade":0,"sharesRcvd":1,"mentionsRcvd":0,"likesRcvd":7,"reachRcvd":0,"audience":4066,"voice":2,"conversation":2,"engagement":8,"group_scoped":{"audienceScore":0.7155062127267192,"voiceScore":0.22471910112359553,"engagementScore":0.11726766344180592,"combinedScore":0.15255216279014105,"combinedScoreRank":202,"SEIrank":160,"engagementSEIrank":157,"voiceSEIrank":156,"audienceSEIrank":101,"engagementSEI":0.37914691943127965,"engagementSEIadj":0.37914691943127965,"voiceSEI":0.9852216748768473,"voiceSEIadj":0.9852216748768473,"audienceSEI":4.284419717181935,"audienceSEIadj":4.284419717181935,"SEI":0.9514966258400155,"SEIadj":0.9514966258400155},"non_scoped":{"SEI":0.22837088177054074,"SEIrank":175,"SEIadj":0,"audienceSEI":0.7338396453890469,"audienceSEIadj":0,"audienceSEIrank":147,"audienceScore":0.11876269484413346,"combinedScore":0.019421582370918157,"combinedScoreRank":167,"engagementSEI":0.051272191245273345,"engagementSEIadj":0,"engagementSEIrank":164,"engagementScore":0.013044187184086092,"voiceSEI":0.4140786749482402,"voiceSEIadj":0,"voiceSEIrank":169,"voiceScore":0.03487358326068004},"scoped":{"SEI":0.9021214406070663,"SEIrank":159,"SEIadj":0,"audienceSEI":3.488242409684034,"audienceSEIadj":0,"audienceSEIrank":132,"audienceScore":0.1885403103449555,"combinedScore":0.037322911347722615,"combinedScoreRank":153,"engagementSEI":0.3048780487804878,"engagementSEIadj":0,"engagementSEIrank":151,"engagementScore":0.02745461409108068,"voiceSEI":1.2345679012345678,"voiceSEIadj":0,"voiceSEIrank":155,"voiceScore":0.06373486297004462}},"instagram":{"entityString":"536575feb08f37d80186afcc","type":"instagram","profiles":0,"postsMade":0,"repliesMade":0,"repliesRcvd":0,"sharesMade":0,"sharesRcvd":0,"mentionsRcvd":0,"likesRcvd":0,"reachRcvd":0,"audience":0,"voice":0,"conversation":0,"engagement":0,"group_scoped":{"audienceScore":0,"voiceScore":0,"engagementScore":0,"combinedScore":0,"combinedScoreRank":114,"SEIrank":96,"engagementSEIrank":95,"voiceSEIrank":95,"audienceSEIrank":96,"engagementSEI":0,"engagementSEIadj":0,"voiceSEI":0,"voiceSEIadj":0,"audienceSEI":0,"audienceSEIadj":0,"SEI":0,"SEIadj":0},"non_scoped":{"SEI":0,"SEIrank":96,"SEIadj":0,"audienceSEI":0,"audienceSEIadj":0,"audienceSEIrank":96,"audienceScore":0,"combinedScore":0,"combinedScoreRank":96,"engagementSEI":0,"engagementSEIadj":0,"engagementSEIrank":95,"engagementScore":0,"voiceSEI":0,"voiceSEIadj":0,"voiceSEIrank":95,"voiceScore":0},"scoped":{"SEI":0,"SEIrank":83,"SEIadj":0,"audienceSEI":0,"audienceSEIadj":0,"audienceSEIrank":83,"audienceScore":0,"combinedScore":0,"combinedScoreRank":83,"engagementSEI":0,"engagementSEIadj":0,"engagementSEIrank":82,"engagementScore":0,"voiceSEI":0,"voiceSEIadj":0,"voiceSEIrank":82,"voiceScore":0}}},"month":{"boundaryQuantum":4975782,"combined":{"entityString":"536575feb08f37d80186afcc","type":"combined","profiles":1,"postsMade":14,"repliesMade":0,"repliesRcvd":0,"sharesMade":0,"sharesRcvd":8,"mentionsRcvd":0,"likesRcvd":39,"reachRcvd":0,"audience":4066,"voice":14,"conversation":14,"engagement":47,"group_scoped":{"audienceScore":0.13980382765413232,"voiceScore":0.23541281318311755,"engagementScore":0.0012079672378723944,"combinedScore":0.01984800255594765,"combinedScoreRank":219,"SEIrank":192,"engagementSEIrank":203,"voiceSEIrank":178,"audienceSEIrank":206,"engagementSEI":0.0012969660377025267,"engagementSEIadj":0.0012969660377025267,"voiceSEI":0.5303030303030304,"voiceSEIadj":0.5303030303030304,"audienceSEI":0.21480971958508863,"audienceSEIadj":0.21480971958508863,"SEI":0.18135006067203951,"SEIadj":0.18135006067203951},"non_scoped":{"SEI":0.13300520091417362,"SEIrank":182,"SEIadj":0,"audienceSEI":0.16172862684201986,"audienceSEIadj":0,"audienceSEIrank":184,"audienceScore":0.029944611306646295,"combinedScore":0.0038105284237362523,"combinedScoreRank":195,"engagementSEI":0.0012969660377025267,"engagementSEIadj":0,"engagementSEIrank":189,"engagementScore":0.0005108108219728644,"voiceSEI":0.3868471953578337,"voiceSEIadj":0,"voiceSEIrank":174,"voiceScore":0.03707136237256719},"scoped":{"SEI":0.680501084189816,"SEIrank":179,"SEIadj":0,"audienceSEI":2.123093471461467,"audienceSEIadj":0,"audienceSEIrank":168,"audienceScore":0.08652251213198407,"combinedScore":0.012693101668310933,"combinedScoreRank":181,"engagementSEI":0.04347745647629091,"engagementSEIadj":0,"engagementSEIrank":175,"engagementScore":0.004953938908446993,"voiceSEI":1.4736842105263157,"voiceSEIadj":0,"voiceSEIrank":163,"voiceScore":0.07816862088218872}},"facebook":{"entityString":"536575feb08f37d80186afcc","type":"facebook","profiles":0,"postsMade":0,"repliesMade":0,"repliesRcvd":0,"sharesMade":0,"sharesRcvd":0,"mentionsRcvd":0,"likesRcvd":0,"reachRcvd":0,"audience":0,"voice":0,"conversation":0,"engagement":0,"group_scoped":{"audienceScore":0,"voiceScore":0,"engagementScore":0,"combinedScore":0,"combinedScoreRank":209,"SEIrank":209,"engagementSEIrank":179,"voiceSEIrank":179,"audienceSEIrank":209,"engagementSEI":0,"engagementSEIadj":0,"voiceSEI":0,"voiceSEIadj":0,"audienceSEI":0,"audienceSEIadj":0,"SEI":0,"SEIadj":0},"non_scoped":{"SEI":0,"SEIrank":209,"SEIadj":0,"audienceSEI":0,"audienceSEIadj":0,"audienceSEIrank":209,"audienceScore":0,"combinedScore":0,"combinedScoreRank":209,"engagementSEI":0,"engagementSEIadj":0,"engagementSEIrank":179,"engagementScore":0,"voiceSEI":0,"voiceSEIadj":0,"voiceSEIrank":179,"voiceScore":0},"scoped":{"SEI":0,"SEIrank":189,"SEIadj":0,"audienceSEI":0,"audienceSEIadj":0,"audienceSEIrank":189,"audienceScore":0,"combinedScore":0,"combinedScoreRank":189,"engagementSEI":0,"engagementSEIadj":0,"engagementSEIrank":163,"engagementScore":0,"voiceSEI":0,"voiceSEIadj":0,"voiceSEIrank":163,"voiceScore":0}},"twitter":{"entityString":"536575feb08f37d80186afcc","type":"twitter","profiles":1,"postsMade":14,"repliesMade":0,"repliesRcvd":0,"sharesMade":0,"sharesRcvd":8,"mentionsRcvd":0,"likesRcvd":39,"reachRcvd":0,"audience":4066,"voice":14,"conversation":14,"engagement":47,"group_scoped":{"audienceScore":0.7155062127267192,"voiceScore":0.4109186968007044,"engagementScore":0.17723141898261624,"combinedScore":0.2158295225607258,"combinedScoreRank":187,"SEIrank":141,"engagementSEIrank":150,"voiceSEIrank":131,"audienceSEIrank":101,"engagementSEI":0.6887456037514654,"engagementSEIadj":0.6887456037514654,"voiceSEI":1.7543859649122806,"voiceSEIadj":1.7543859649122806,"audienceSEI":4.284419717181935,"audienceSEIadj":4.284419717181935,"SEI":1.368005123442757,"SEIadj":1.368005123442757},"non_scoped":{"SEI":0.3331576383816391,"SEIrank":165,"SEIadj":0,"audienceSEI":0.7338396453890469,"audienceSEIadj":0,"audienceSEIrank":147,"audienceScore":0.11876269484413346,"combinedScore":0.02647442009996112,"combinedScoreRank":166,"engagementSEI":0.0815505005812642,"engagementSEIadj":0,"engagementSEIrank":164,"engagementScore":0.01948113852747462,"voiceSEI":0.7028112449799196,"voiceSEIadj":0,"voiceSEIrank":156,"voiceScore":0.060065213660545735},"scoped":{"SEI":1.2791869672702418,"SEIrank":154,"SEIadj":0,"audienceSEI":3.488242409684034,"audienceSEIadj":0,"audienceSEIrank":132,"audienceScore":0.1885403103449555,"combinedScore":0.050489496824000106,"combinedScoreRank":153,"engagementSEI":0.4636480220972674,"engagementSEIadj":0,"engagementSEIrank":152,"engagementScore":0.0395443148737106,"voiceSEI":2.1739130434782608,"voiceSEIadj":0,"voiceSEIrank":145,"voiceScore":0.1094519584082558}},"instagram":{"entityString":"536575feb08f37d80186afcc","type":"instagram","profiles":0,"postsMade":0,"repliesMade":0,"repliesRcvd":0,"sharesMade":0,"sharesRcvd":0,"mentionsRcvd":0,"likesRcvd":0,"reachRcvd":0,"audience":0,"voice":0,"conversation":0,"engagement":0,"group_scoped":{"audienceScore":0,"voiceScore":0,"engagementScore":0,"combinedScore":0,"combinedScoreRank":114,"SEIrank":96,"engagementSEIrank":95,"voiceSEIrank":95,"audienceSEIrank":96,"engagementSEI":0,"engagementSEIadj":0,"voiceSEI":0,"voiceSEIadj":0,"audienceSEI":0,"audienceSEIadj":0,"SEI":0,"SEIadj":0},"non_scoped":{"SEI":0,"SEIrank":96,"SEIadj":0,"audienceSEI":0,"audienceSEIadj":0,"audienceSEIrank":96,"audienceScore":0,"combinedScore":0,"combinedScoreRank":96,"engagementSEI":0,"engagementSEIadj":0,"engagementSEIrank":95,"engagementScore":0,"voiceSEI":0,"voiceSEIadj":0,"voiceSEIrank":95,"voiceScore":0},"scoped":{"SEI":0,"SEIrank":83,"SEIadj":0,"audienceSEI":0,"audienceSEIadj":0,"audienceSEIrank":83,"audienceScore":0,"combinedScore":0,"combinedScoreRank":83,"engagementSEI":0,"engagementSEIadj":0,"engagementSEIrank":82,"engagementScore":0,"voiceSEI":0,"voiceSEIadj":0,"voiceSEIrank":82,"voiceScore":0}}},"quarter":{"boundaryQuantum":4958502,"combined":{"entityString":"536575feb08f37d80186afcc","type":"combined","profiles":1,"postsMade":45,"repliesMade":0,"repliesRcvd":0,"sharesMade":0,"sharesRcvd":45,"mentionsRcvd":0,"likesRcvd":153,"reachRcvd":0,"audience":4066,"voice":45,"conversation":45,"engagement":198,"group_scoped":{"audienceScore":0.13980382765413232,"voiceScore":0.25090604962364094,"engagementScore":0.0015833967891592017,"combinedScore":0.020960550974131943,"combinedScoreRank":217,"SEIrank":190,"engagementSEIrank":204,"voiceSEIrank":175,"audienceSEIrank":206,"engagementSEI":0.001727188334535096,"engagementSEIadj":0.001727188334535096,"voiceSEI":0.5960264900662252,"voiceSEIadj":0.5960264900662252,"audienceSEI":0.21480971958508863,"audienceSEIadj":0.21480971958508863,"SEI":0.20132523197909746,"SEIadj":0.20132523197909746},"non_scoped":{"SEI":0.14328313907677956,"SEIrank":183,"SEIadj":0,"audienceSEI":0.16172862684201986,"audienceSEIadj":0,"audienceSEIrank":184,"audienceScore":0.029944611306646295,"combinedScore":0.004100680419884545,"combinedScoreRank":193,"engagementSEI":0.001727188334535096,"engagementSEIadj":0,"engagementSEIrank":189,"engagementScore":0.0006689184669469818,"voiceSEI":0.4202465446395218,"voiceSEIadj":0,"voiceSEIrank":173,"voiceScore":0.04002846468599893},"scoped":{"SEI":0.7618455214012662,"SEIrank":177,"SEIadj":0,"audienceSEI":2.123093471461467,"audienceSEIadj":0,"audienceSEIrank":168,"audienceScore":0.08652251213198407,"combinedScore":0.014417194310550975,"combinedScoreRank":182,"engagementSEI":0.04006645365343327,"engagementSEIadj":0,"engagementSEIrank":176,"engagementScore":0.006535555069973349,"voiceSEI":1.7516543402101985,"voiceSEIadj":0,"voiceSEIrank":162,"voiceScore":0.08418138281951512}},"facebook":{"entityString":"536575feb08f37d80186afcc","type":"facebook","profiles":0,"postsMade":0,"repliesMade":0,"repliesRcvd":0,"sharesMade":0,"sharesRcvd":0,"mentionsRcvd":0,"likesRcvd":0,"reachRcvd":0,"audience":0,"voice":0,"conversation":0,"engagement":0,"group_scoped":{"audienceScore":0,"voiceScore":0,"engagementScore":0,"combinedScore":0,"combinedScoreRank":209,"SEIrank":209,"engagementSEIrank":182,"voiceSEIrank":181,"audienceSEIrank":209,"engagementSEI":0,"engagementSEIadj":0,"voiceSEI":0,"voiceSEIadj":0,"audienceSEI":0,"audienceSEIadj":0,"SEI":0,"SEIadj":0},"non_scoped":{"SEI":0,"SEIrank":209,"SEIadj":0,"audienceSEI":0,"audienceSEIadj":0,"audienceSEIrank":209,"audienceScore":0,"combinedScore":0,"combinedScoreRank":209,"engagementSEI":0,"engagementSEIadj":0,"engagementSEIrank":182,"engagementScore":0,"voiceSEI":0,"voiceSEIadj":0,"voiceSEIrank":181,"voiceScore":0},"scoped":{"SEI":0,"SEIrank":189,"SEIadj":0,"audienceSEI":0,"audienceSEIadj":0,"audienceSEIrank":189,"audienceScore":0,"combinedScore":0,"combinedScoreRank":189,"engagementSEI":0,"engagementSEIadj":0,"engagementSEIrank":166,"engagementScore":0,"voiceSEI":0,"voiceSEIadj":0,"voiceSEIrank":165,"voiceScore":0}},"twitter":{"entityString":"536575feb08f37d80186afcc","type":"twitter","profiles":1,"postsMade":45,"repliesMade":0,"repliesRcvd":0,"sharesMade":0,"sharesRcvd":45,"mentionsRcvd":0,"likesRcvd":153,"reachRcvd":0,"audience":4066,"voice":45,"conversation":45,"engagement":198,"group_scoped":{"audienceScore":0.7155062127267192,"voiceScore":0.43227665706051877,"engagementScore":0.22439820481436148,"combinedScore":0.25934752782228726,"combinedScoreRank":180,"SEIrank":135,"engagementSEIrank":133,"voiceSEIrank":122,"audienceSEIrank":101,"engagementSEI":1.0043114379913771,"engagementSEIadj":1.0043114379913771,"voiceSEI":1.9771528998242531,"voiceSEIadj":1.9771528998242531,"audienceSEI":4.284419717181935,"audienceSEIadj":4.284419717181935,"SEI":1.6241747044602959,"SEIadj":1.6241747044602959},"non_scoped":{"SEI":0.35442185784140423,"SEIrank":168,"SEIadj":0,"audienceSEI":0.7338396453890469,"audienceSEIadj":0,"audienceSEIrank":147,"audienceScore":0.11876269484413346,"combinedScore":0.03061160829681766,"combinedScoreRank":166,"engagementSEI":0.09389582305853789,"engagementSEIadj":0,"engagementSEIrank":166,"engagementScore":0.02382327461738377,"voiceSEI":0.7490013315579228,"voiceSEIadj":0,"voiceSEIrank":157,"voiceScore":0.06465052797931183},"scoped":{"SEI":1.478029762039982,"SEIrank":154,"SEIadj":0,"audienceSEI":3.488242409684034,"audienceSEIadj":0,"audienceSEIrank":132,"audienceScore":0.1885403103449555,"combinedScore":0.05977445284385639,"combinedScoreRank":154,"engagementSEI":0.6229157490719185,"engagementSEIadj":0,"engagementSEIrank":154,"engagementScore":0.04939109264072719,"voiceSEI":2.518186905428092,"voiceSEIadj":0,"voiceSEIrank":146,"voiceScore":0.11790907899908293}},"instagram":{"entityString":"536575feb08f37d80186afcc","type":"instagram","profiles":0,"postsMade":0,"repliesMade":0,"repliesRcvd":0,"sharesMade":0,"sharesRcvd":0,"mentionsRcvd":0,"likesRcvd":0,"reachRcvd":0,"audience":0,"voice":0,"conversation":0,"engagement":0,"group_scoped":{"audienceScore":0,"voiceScore":0,"engagementScore":0,"combinedScore":0,"combinedScoreRank":114,"SEIrank":96,"engagementSEIrank":95,"voiceSEIrank":95,"audienceSEIrank":96,"engagementSEI":0,"engagementSEIadj":0,"voiceSEI":0,"voiceSEIadj":0,"audienceSEI":0,"audienceSEIadj":0,"SEI":0,"SEIadj":0},"non_scoped":{"SEI":0,"SEIrank":96,"SEIadj":0,"audienceSEI":0,"audienceSEIadj":0,"audienceSEIrank":96,"audienceScore":0,"combinedScore":0,"combinedScoreRank":96,"engagementSEI":0,"engagementSEIadj":0,"engagementSEIrank":95,"engagementScore":0,"voiceSEI":0,"voiceSEIadj":0,"voiceSEIrank":95,"voiceScore":0},"scoped":{"SEI":0,"SEIrank":83,"SEIadj":0,"audienceSEI":0,"audienceSEIadj":0,"audienceSEIrank":83,"audienceScore":0,"combinedScore":0,"combinedScoreRank":83,"engagementSEI":0,"engagementSEIadj":0,"engagementSEIrank":82,"engagementScore":0,"voiceSEI":0,"voiceSEIadj":0,"voiceSEIrank":82,"voiceScore":0}}},"blended":{"combined":{"non_scoped":{"SEI":0.11833043161224803,"SEIadj":40.07099825896735,"SEIrank":190,"audienceSEI":0.16172862684201986,"audienceSEIadj":40.09703717610521,"audienceSEIrank":184,"engagementSEI":0.0013037181381262155,"engagementSEIadj":40.000782230882876,"engagementSEIrank":193,"voiceSEI":0.3379177934839011,"voiceSEIadj":40.20275067609034,"voiceSEIrank":183},"scoped":{"SEI":0.4888139585462535,"SEIadj":40.29328837512775,"SEIrank":183,"compCharisma":0,"compInfluence":0,"compEva":0.4888139585462535,"audienceSEI":2.123093471461467,"audienceSEIadj":41.27385608287688,"audienceSEIrank":168,"engagementSEI":0.034536487521047626,"engagementSEIadj":40.020721892512626,"engagementSEIrank":179,"voiceSEI":1.3671500719543168,"voiceSEIadj":40.82029004317259,"voiceSEIrank":172}},"facebook":{"non_scoped":{"SEI":0,"SEIadj":0,"SEIrank":209,"audienceSEI":0,"audienceSEIadj":0,"audienceSEIrank":209,"engagementSEI":0,"engagementSEIadj":0,"engagementSEIrank":182,"voiceSEI":0,"voiceSEIadj":0,"voiceSEIrank":181},"scoped":{"SEI":0,"SEIadj":0,"SEIrank":189,"audienceSEI":0,"audienceSEIadj":0,"audienceSEIrank":189,"engagementSEI":0,"engagementSEIadj":0,"engagementSEIrank":166,"voiceSEI":0,"voiceSEIadj":0,"voiceSEIrank":165}},"twitter":{"non_scoped":{"SEI":0.2993650374360554,"SEIadj":40.17961902246164,"SEIrank":174,"audienceSEI":0.7338396453890469,"audienceSEIadj":50.36691982269453,"audienceSEIrank":147,"engagementSEI":0.07456214399004057,"engagementSEIadj":40.044737286394025,"engagementSEIrank":167,"voiceSEI":0.6041459550104213,"voiceSEIadj":40.362487573006256,"voiceSEIrank":169},"scoped":{"SEI":1.2189705703410674,"SEIadj":40.73138234220464,"SEIrank":158,"audienceSEI":3.488242409684034,"audienceSEIadj":51.74412120484202,"audienceSEIrank":132,"engagementSEI":0.4724684924846957,"engagementSEIadj":40.28348109549082,"engagementSEIrank":155,"voiceSEI":1.9555507796061553,"voiceSEIadj":41.17333046776369,"voiceSEIrank":157}},"instagram":{"non_scoped":{"SEI":0,"SEIadj":0,"SEIrank":96,"audienceSEI":0,"audienceSEIadj":0,"audienceSEIrank":96,"engagementSEI":0,"engagementSEIadj":0,"engagementSEIrank":95,"voiceSEI":0,"voiceSEIadj":0,"voiceSEIrank":95},"scoped":{"SEI":0,"SEIadj":0,"SEIrank":83,"audienceSEI":0,"audienceSEIadj":0,"audienceSEIrank":83,"engagementSEI":0,"engagementSEIadj":0,"engagementSEIrank":82,"voiceSEI":0,"voiceSEIadj":0,"voiceSEIrank":82}},"influence":{"facebook":{"scope":"individual","ratio":0,"calculated":false},"instagram":{"scope":"individual","ratio":0,"calculated":false},"combined":{"ratio":0.27,"bottom":true,"scope":"individual","calculated":true},"twitter":{"ratio":0.27,"bottom":false,"scope":"individual","calculated":true}},"charisma":{"facebook":{"scope":"individual","ratio":0,"calculated":false},"instagram":{"scope":"individual","ratio":0,"calculated":false},"combined":{"ratio":0.13,"bottom":true,"scope":"individual","calculated":true},"twitter":{"ratio":0.37,"bottom":false,"scope":"individual","calculated":true}}},"scope":"individual"}}