{"scoreEntityString":"591d1494ab33fb0001804f89.asset.536575ffb08f37d80186dea4","timeQuantum":4984422,"scoreEntityType":"asset","scoreProfileID":"591d1494ab33fb0001804f89","data":{"scoreEntityString":"591d1494ab33fb0001804f89.asset.536575ffb08f37d80186dea4","scoreProfileID":"591d1494ab33fb0001804f89","scoreEntityType":"asset","entityID":"asset.536575ffb08f37d80186dea4","object_version":"1.2","score_engine_version":"3.0.19","timestamp":4984422,"start_quantum":4958502,"end_quantum":4984421,"schedule_options":{"interval":15,"offset":"1"},"_15min":{"boundaryQuantum":4984419,"combined":{"entityString":"536575ffb08f37d80186dea4","type":"combined","profiles":1,"postsMade":0,"repliesMade":0,"repliesRcvd":0,"sharesMade":0,"sharesRcvd":0,"mentionsRcvd":0,"likesRcvd":0,"reachRcvd":0,"audience":12493,"voice":0,"conversation":0,"engagement":0,"group_scoped":{"audienceScore":0.8927257110435594,"voiceScore":0,"engagementScore":0,"combinedScore":0.8927257110435594,"engagementSEI":0,"engagementSEIadj":0,"voiceSEI":0,"voiceSEIadj":0,"audienceSEI":1.2912928432629098,"audienceSEIadj":1.2912928432629098,"SEI":0.12912928432629098,"SEIadj":0.12912928432629098,"combinedScoreRank":80,"SEIrank":94,"engagementSEIrank":228,"voiceSEIrank":228,"audienceSEIrank":94},"non_scoped":{"SEI":0.04969197577809528,"SEIrank":115,"SEIadj":0,"audienceSEI":0.49691975778095276,"audienceSEIadj":0,"audienceSEIrank":115,"audienceScore":0.0920064016364811,"combinedScore":0.004600320081824055,"combinedScoreRank":115,"engagementSEI":0,"engagementSEIadj":0,"engagementSEIrank":228,"engagementScore":0,"voiceSEI":0,"voiceSEIadj":0,"voiceSEIrank":228,"voiceScore":0},"scoped":{"SEI":0.6523316954984779,"SEIrank":103,"SEIadj":0,"audienceSEI":6.523316954984779,"audienceSEIadj":0,"audienceSEIrank":103,"audienceScore":0.2658449936214651,"combinedScore":0.037977856231637866,"combinedScoreRank":103,"engagementSEI":0,"engagementSEIadj":0,"engagementSEIrank":205,"engagementScore":0,"voiceSEI":0,"voiceSEIadj":0,"voiceSEIrank":205,"voiceScore":0}},"facebook":{"entityString":"536575ffb08f37d80186dea4","type":"facebook","profiles":0,"postsMade":0,"repliesMade":0,"repliesRcvd":0,"sharesMade":0,"sharesRcvd":0,"mentionsRcvd":0,"likesRcvd":0,"reachRcvd":0,"audience":0,"voice":0,"conversation":0,"engagement":0,"group_scoped":{"audienceScore":0,"voiceScore":0,"engagementScore":0,"combinedScore":0,"engagementSEI":0,"engagementSEIadj":0,"voiceSEI":0,"voiceSEIadj":0,"audienceSEI":0,"audienceSEIadj":0,"SEI":0,"SEIadj":0,"combinedScoreRank":229,"SEIrank":229,"engagementSEIrank":228,"voiceSEIrank":228,"audienceSEIrank":229},"non_scoped":{"SEI":0,"SEIrank":229,"SEIadj":0,"audienceSEI":0,"audienceSEIadj":0,"audienceSEIrank":229,"audienceScore":0,"combinedScore":0,"combinedScoreRank":229,"engagementSEI":0,"engagementSEIadj":0,"engagementSEIrank":228,"engagementScore":0,"voiceSEI":0,"voiceSEIadj":0,"voiceSEIrank":228,"voiceScore":0},"scoped":{"SEI":0,"SEIrank":206,"SEIadj":0,"audienceSEI":0,"audienceSEIadj":0,"audienceSEIrank":206,"audienceScore":0,"combinedScore":0,"combinedScoreRank":206,"engagementSEI":0,"engagementSEIadj":0,"engagementSEIrank":205,"engagementScore":0,"voiceSEI":0,"voiceSEIadj":0,"voiceSEIrank":205,"voiceScore":0}},"twitter":{"entityString":"536575ffb08f37d80186dea4","type":"twitter","profiles":1,"postsMade":0,"repliesMade":0,"repliesRcvd":0,"sharesMade":0,"sharesRcvd":0,"mentionsRcvd":0,"likesRcvd":0,"reachRcvd":0,"audience":12493,"voice":0,"conversation":0,"engagement":0,"group_scoped":{"audienceScore":3.674260471627639,"voiceScore":0,"engagementScore":0,"combinedScore":3.674260471627639,"engagementSEI":0,"engagementSEIadj":0,"voiceSEI":0,"voiceSEIadj":0,"audienceSEI":9.900307477731639,"audienceSEIadj":9.900307477731639,"SEI":0.9900307477731639,"SEIadj":0.9900307477731639,"combinedScoreRank":43,"SEIrank":48,"engagementSEIrank":227,"voiceSEIrank":227,"audienceSEIrank":47},"non_scoped":{"SEI":0.2254761114079037,"SEIrank":55,"SEIadj":0,"audienceSEI":2.2547611140790367,"audienceSEIadj":0,"audienceSEIrank":55,"audienceScore":0.36490465978547937,"combinedScore":0.01824523298927397,"combinedScoreRank":55,"engagementSEI":0,"engagementSEIadj":0,"engagementSEIrank":227,"engagementScore":0,"voiceSEI":0,"voiceSEIadj":0,"voiceSEIrank":227,"voiceScore":0},"scoped":{"SEI":1.0717809253365134,"SEIrank":45,"SEIadj":0,"audienceSEI":10.717809253365134,"audienceSEIadj":0,"audienceSEIrank":45,"audienceScore":0.5793000730790775,"combinedScore":0.08275715329701107,"combinedScoreRank":45,"engagementSEI":0,"engagementSEIadj":0,"engagementSEIrank":205,"engagementScore":0,"voiceSEI":0,"voiceSEIadj":0,"voiceSEIrank":205,"voiceScore":0}},"instagram":{"entityString":"536575ffb08f37d80186dea4","type":"instagram","profiles":0,"postsMade":0,"repliesMade":0,"repliesRcvd":0,"sharesMade":0,"sharesRcvd":0,"mentionsRcvd":0,"likesRcvd":0,"reachRcvd":0,"audience":0,"voice":0,"conversation":0,"engagement":0,"group_scoped":{"audienceScore":0,"voiceScore":0,"engagementScore":0,"combinedScore":0,"engagementSEI":0,"engagementSEIadj":0,"voiceSEI":0,"voiceSEIadj":0,"audienceSEI":0,"audienceSEIadj":0,"SEI":0,"SEIadj":0,"combinedScoreRank":228,"SEIrank":228,"engagementSEIrank":227,"voiceSEIrank":227,"audienceSEIrank":228},"non_scoped":{"SEI":0,"SEIrank":228,"SEIadj":0,"audienceSEI":0,"audienceSEIadj":0,"audienceSEIrank":228,"audienceScore":0,"combinedScore":0,"combinedScoreRank":228,"engagementSEI":0,"engagementSEIadj":0,"engagementSEIrank":227,"engagementScore":0,"voiceSEI":0,"voiceSEIadj":0,"voiceSEIrank":227,"voiceScore":0},"scoped":{"SEI":0,"SEIrank":205,"SEIadj":0,"audienceSEI":0,"audienceSEIadj":0,"audienceSEIrank":205,"audienceScore":0,"combinedScore":0,"combinedScoreRank":205,"engagementSEI":0,"engagementSEIadj":0,"engagementSEIrank":205,"engagementScore":0,"voiceSEI":0,"voiceSEIadj":0,"voiceSEIrank":205,"voiceScore":0}}},"hour":{"boundaryQuantum":4984410,"combined":{"entityString":"536575ffb08f37d80186dea4","type":"combined","profiles":1,"postsMade":0,"repliesMade":0,"repliesRcvd":0,"sharesMade":0,"sharesRcvd":0,"mentionsRcvd":0,"likesRcvd":0,"reachRcvd":0,"audience":12493,"voice":0,"conversation":0,"engagement":0,"group_scoped":{"audienceScore":0.8927257110435594,"voiceScore":0,"engagementScore":0,"combinedScore":0.8927257110435594,"combinedScoreRank":67,"SEIrank":102,"engagementSEIrank":228,"voiceSEIrank":228,"audienceSEIrank":94,"engagementSEI":0,"engagementSEIadj":0,"voiceSEI":0,"voiceSEIadj":0,"audienceSEI":1.2912928432629098,"audienceSEIadj":1.2912928432629098,"SEI":0.12912928432629098,"SEIadj":0.12912928432629098},"non_scoped":{"SEI":0.04969197577809528,"SEIrank":118,"SEIadj":0,"audienceSEI":0.49691975778095276,"audienceSEIadj":0,"audienceSEIrank":115,"audienceScore":0.0920064016364811,"combinedScore":0.004600320081824055,"combinedScoreRank":124,"engagementSEI":0,"engagementSEIadj":0,"engagementSEIrank":228,"engagementScore":0,"voiceSEI":0,"voiceSEIadj":0,"voiceSEIrank":228,"voiceScore":0},"scoped":{"SEI":0.6523316954984779,"SEIrank":105,"SEIadj":0,"audienceSEI":6.523316954984779,"audienceSEIadj":0,"audienceSEIrank":103,"audienceScore":0.2658449936214651,"combinedScore":0.013292249681073254,"combinedScoreRank":112,"engagementSEI":0,"engagementSEIadj":0,"engagementSEIrank":205,"engagementScore":0,"voiceSEI":0,"voiceSEIadj":0,"voiceSEIrank":205,"voiceScore":0}},"facebook":{"entityString":"536575ffb08f37d80186dea4","type":"facebook","profiles":0,"postsMade":0,"repliesMade":0,"repliesRcvd":0,"sharesMade":0,"sharesRcvd":0,"mentionsRcvd":0,"likesRcvd":0,"reachRcvd":0,"audience":0,"voice":0,"conversation":0,"engagement":0,"group_scoped":{"audienceScore":0,"voiceScore":0,"engagementScore":0,"combinedScore":0,"combinedScoreRank":229,"SEIrank":229,"engagementSEIrank":228,"voiceSEIrank":228,"audienceSEIrank":229,"engagementSEI":0,"engagementSEIadj":0,"voiceSEI":0,"voiceSEIadj":0,"audienceSEI":0,"audienceSEIadj":0,"SEI":0,"SEIadj":0},"non_scoped":{"SEI":0,"SEIrank":229,"SEIadj":0,"audienceSEI":0,"audienceSEIadj":0,"audienceSEIrank":229,"audienceScore":0,"combinedScore":0,"combinedScoreRank":229,"engagementSEI":0,"engagementSEIadj":0,"engagementSEIrank":228,"engagementScore":0,"voiceSEI":0,"voiceSEIadj":0,"voiceSEIrank":228,"voiceScore":0},"scoped":{"SEI":0,"SEIrank":206,"SEIadj":0,"audienceSEI":0,"audienceSEIadj":0,"audienceSEIrank":206,"audienceScore":0,"combinedScore":0,"combinedScoreRank":206,"engagementSEI":0,"engagementSEIadj":0,"engagementSEIrank":205,"engagementScore":0,"voiceSEI":0,"voiceSEIadj":0,"voiceSEIrank":205,"voiceScore":0}},"twitter":{"entityString":"536575ffb08f37d80186dea4","type":"twitter","profiles":1,"postsMade":0,"repliesMade":0,"repliesRcvd":0,"sharesMade":0,"sharesRcvd":0,"mentionsRcvd":0,"likesRcvd":0,"reachRcvd":0,"audience":12493,"voice":0,"conversation":0,"engagement":0,"group_scoped":{"audienceScore":3.674260471627639,"voiceScore":0,"engagementScore":0,"combinedScore":3.674260471627639,"combinedScoreRank":56,"SEIrank":69,"engagementSEIrank":228,"voiceSEIrank":228,"audienceSEIrank":47,"engagementSEI":0,"engagementSEIadj":0,"voiceSEI":0,"voiceSEIadj":0,"audienceSEI":9.900307477731639,"audienceSEIadj":9.900307477731639,"SEI":0.9900307477731639,"SEIadj":0.9900307477731639},"non_scoped":{"SEI":0.2254761114079037,"SEIrank":68,"SEIadj":0,"audienceSEI":2.2547611140790367,"audienceSEIadj":0,"audienceSEIrank":55,"audienceScore":0.36490465978547937,"combinedScore":0.01824523298927397,"combinedScoreRank":68,"engagementSEI":0,"engagementSEIadj":0,"engagementSEIrank":228,"engagementScore":0,"voiceSEI":0,"voiceSEIadj":0,"voiceSEIrank":228,"voiceScore":0},"scoped":{"SEI":1.0717809253365134,"SEIrank":58,"SEIadj":0,"audienceSEI":10.717809253365134,"audienceSEIadj":0,"audienceSEIrank":45,"audienceScore":0.5793000730790775,"combinedScore":0.028965003653953877,"combinedScoreRank":58,"engagementSEI":0,"engagementSEIadj":0,"engagementSEIrank":205,"engagementScore":0,"voiceSEI":0,"voiceSEIadj":0,"voiceSEIrank":205,"voiceScore":0}},"instagram":{"entityString":"536575ffb08f37d80186dea4","type":"instagram","profiles":0,"postsMade":0,"repliesMade":0,"repliesRcvd":0,"sharesMade":0,"sharesRcvd":0,"mentionsRcvd":0,"likesRcvd":0,"reachRcvd":0,"audience":0,"voice":0,"conversation":0,"engagement":0,"group_scoped":{"audienceScore":0,"voiceScore":0,"engagementScore":0,"combinedScore":0,"combinedScoreRank":228,"SEIrank":228,"engagementSEIrank":227,"voiceSEIrank":227,"audienceSEIrank":228,"engagementSEI":0,"engagementSEIadj":0,"voiceSEI":0,"voiceSEIadj":0,"audienceSEI":0,"audienceSEIadj":0,"SEI":0,"SEIadj":0},"non_scoped":{"SEI":0,"SEIrank":228,"SEIadj":0,"audienceSEI":0,"audienceSEIadj":0,"audienceSEIrank":228,"audienceScore":0,"combinedScore":0,"combinedScoreRank":228,"engagementSEI":0,"engagementSEIadj":0,"engagementSEIrank":227,"engagementScore":0,"voiceSEI":0,"voiceSEIadj":0,"voiceSEIrank":227,"voiceScore":0},"scoped":{"SEI":0,"SEIrank":205,"SEIadj":0,"audienceSEI":0,"audienceSEIadj":0,"audienceSEIrank":205,"audienceScore":0,"combinedScore":0,"combinedScoreRank":205,"engagementSEI":0,"engagementSEIadj":0,"engagementSEIrank":205,"engagementScore":0,"voiceSEI":0,"voiceSEIadj":0,"voiceSEIrank":205,"voiceScore":0}}},"today":{"boundaryQuantum":4984134,"combined":{"entityString":"536575ffb08f37d80186dea4","type":"combined","profiles":1,"postsMade":0,"repliesMade":0,"repliesRcvd":0,"sharesMade":0,"sharesRcvd":0,"mentionsRcvd":0,"likesRcvd":0,"reachRcvd":0,"audience":12493,"voice":0,"conversation":0,"engagement":0,"group_scoped":{"audienceScore":0.8927257110435594,"voiceScore":0,"engagementScore":0,"combinedScore":0.8927257110435594,"combinedScoreRank":38,"SEIrank":141,"engagementSEIrank":231,"voiceSEIrank":228,"audienceSEIrank":94,"engagementSEI":0,"engagementSEIadj":0,"voiceSEI":0,"voiceSEIadj":0,"audienceSEI":1.2912928432629098,"audienceSEIadj":1.2912928432629098,"SEI":0.12912928432629098,"SEIadj":0.12912928432629098},"non_scoped":{"SEI":0.04969197577809528,"SEIrank":148,"SEIadj":0,"audienceSEI":0.49691975778095276,"audienceSEIadj":0,"audienceSEIrank":115,"audienceScore":0.0920064016364811,"combinedScore":0.004600320081824055,"combinedScoreRank":154,"engagementSEI":0,"engagementSEIadj":0,"engagementSEIrank":231,"engagementScore":0,"voiceSEI":0,"voiceSEIadj":0,"voiceSEIrank":228,"voiceScore":0},"scoped":{"SEI":0.6523316954984779,"SEIrank":133,"SEIadj":0,"audienceSEI":6.523316954984779,"audienceSEIadj":0,"audienceSEIrank":103,"audienceScore":0.2658449936214651,"combinedScore":0.013292249681073254,"combinedScoreRank":148,"engagementSEI":0,"engagementSEIadj":0,"engagementSEIrank":208,"engagementScore":0,"voiceSEI":0,"voiceSEIadj":0,"voiceSEIrank":205,"voiceScore":0}},"facebook":{"entityString":"536575ffb08f37d80186dea4","type":"facebook","profiles":0,"postsMade":0,"repliesMade":0,"repliesRcvd":0,"sharesMade":0,"sharesRcvd":0,"mentionsRcvd":0,"likesRcvd":0,"reachRcvd":0,"audience":0,"voice":0,"conversation":0,"engagement":0,"group_scoped":{"audienceScore":0,"voiceScore":0,"engagementScore":0,"combinedScore":0,"combinedScoreRank":229,"SEIrank":229,"engagementSEIrank":228,"voiceSEIrank":228,"audienceSEIrank":229,"engagementSEI":0,"engagementSEIadj":0,"voiceSEI":0,"voiceSEIadj":0,"audienceSEI":0,"audienceSEIadj":0,"SEI":0,"SEIadj":0},"non_scoped":{"SEI":0,"SEIrank":229,"SEIadj":0,"audienceSEI":0,"audienceSEIadj":0,"audienceSEIrank":229,"audienceScore":0,"combinedScore":0,"combinedScoreRank":229,"engagementSEI":0,"engagementSEIadj":0,"engagementSEIrank":228,"engagementScore":0,"voiceSEI":0,"voiceSEIadj":0,"voiceSEIrank":228,"voiceScore":0},"scoped":{"SEI":0,"SEIrank":206,"SEIadj":0,"audienceSEI":0,"audienceSEIadj":0,"audienceSEIrank":206,"audienceScore":0,"combinedScore":0,"combinedScoreRank":206,"engagementSEI":0,"engagementSEIadj":0,"engagementSEIrank":205,"engagementScore":0,"voiceSEI":0,"voiceSEIadj":0,"voiceSEIrank":205,"voiceScore":0}},"twitter":{"entityString":"536575ffb08f37d80186dea4","type":"twitter","profiles":1,"postsMade":0,"repliesMade":0,"repliesRcvd":0,"sharesMade":0,"sharesRcvd":0,"mentionsRcvd":0,"likesRcvd":0,"reachRcvd":0,"audience":12493,"voice":0,"conversation":0,"engagement":0,"group_scoped":{"audienceScore":3.674260471627639,"voiceScore":0,"engagementScore":0,"combinedScore":3.674260471627639,"combinedScoreRank":48,"SEIrank":130,"engagementSEIrank":231,"voiceSEIrank":228,"audienceSEIrank":47,"engagementSEI":0,"engagementSEIadj":0,"voiceSEI":0,"voiceSEIadj":0,"audienceSEI":9.900307477731639,"audienceSEIadj":9.900307477731639,"SEI":0.9900307477731639,"SEIadj":0.9900307477731639},"non_scoped":{"SEI":0.2254761114079037,"SEIrank":125,"SEIadj":0,"audienceSEI":2.2547611140790367,"audienceSEIadj":0,"audienceSEIrank":55,"audienceScore":0.36490465978547937,"combinedScore":0.01824523298927397,"combinedScoreRank":138,"engagementSEI":0,"engagementSEIadj":0,"engagementSEIrank":231,"engagementScore":0,"voiceSEI":0,"voiceSEIadj":0,"voiceSEIrank":228,"voiceScore":0},"scoped":{"SEI":1.0717809253365134,"SEIrank":109,"SEIadj":0,"audienceSEI":10.717809253365134,"audienceSEIadj":0,"audienceSEIrank":45,"audienceScore":0.5793000730790775,"combinedScore":0.028965003653953877,"combinedScoreRank":128,"engagementSEI":0,"engagementSEIadj":0,"engagementSEIrank":208,"engagementScore":0,"voiceSEI":0,"voiceSEIadj":0,"voiceSEIrank":205,"voiceScore":0}},"instagram":{"entityString":"536575ffb08f37d80186dea4","type":"instagram","profiles":0,"postsMade":0,"repliesMade":0,"repliesRcvd":0,"sharesMade":0,"sharesRcvd":0,"mentionsRcvd":0,"likesRcvd":0,"reachRcvd":0,"audience":0,"voice":0,"conversation":0,"engagement":0,"group_scoped":{"audienceScore":0,"voiceScore":0,"engagementScore":0,"combinedScore":0,"combinedScoreRank":228,"SEIrank":228,"engagementSEIrank":228,"voiceSEIrank":228,"audienceSEIrank":228,"engagementSEI":0,"engagementSEIadj":0,"voiceSEI":0,"voiceSEIadj":0,"audienceSEI":0,"audienceSEIadj":0,"SEI":0,"SEIadj":0},"non_scoped":{"SEI":0,"SEIrank":228,"SEIadj":0,"audienceSEI":0,"audienceSEIadj":0,"audienceSEIrank":228,"audienceScore":0,"combinedScore":0,"combinedScoreRank":228,"engagementSEI":0,"engagementSEIadj":0,"engagementSEIrank":228,"engagementScore":0,"voiceSEI":0,"voiceSEIadj":0,"voiceSEIrank":228,"voiceScore":0},"scoped":{"SEI":0,"SEIrank":205,"SEIadj":0,"audienceSEI":0,"audienceSEIadj":0,"audienceSEIrank":205,"audienceScore":0,"combinedScore":0,"combinedScoreRank":205,"engagementSEI":0,"engagementSEIadj":0,"engagementSEIrank":205,"engagementScore":0,"voiceSEI":0,"voiceSEIadj":0,"voiceSEIrank":205,"voiceScore":0}}},"week":{"boundaryQuantum":4982406,"combined":{"entityString":"536575ffb08f37d80186dea4","type":"combined","profiles":1,"postsMade":12,"repliesMade":0,"repliesRcvd":0,"sharesMade":0,"sharesRcvd":0,"mentionsRcvd":0,"likesRcvd":27,"reachRcvd":0,"audience":12493,"voice":12,"conversation":12,"engagement":27,"group_scoped":{"audienceScore":0.8927257110435594,"voiceScore":1.1194029850746268,"engagementScore":0.024242641909242732,"combinedScore":0.12242481252422777,"combinedScoreRank":143,"SEIrank":117,"engagementSEIrank":140,"voiceSEIrank":108,"audienceSEIrank":94,"engagementSEI":0.028846153846153848,"engagementSEIadj":0.028846153846153848,"voiceSEI":1.834862385321101,"voiceSEIadj":1.834862385321101,"audienceSEI":1.2912928432629098,"audienceSEIadj":1.2912928432629098,"SEI":0.6968956922303137,"SEIadj":0.6968956922303137},"non_scoped":{"SEI":0.4699542856310082,"SEIrank":121,"SEIadj":0,"audienceSEI":0.49691975778095276,"audienceSEIadj":0,"audienceSEIrank":115,"audienceScore":0.0920064016364811,"combinedScore":0.012149014035133044,"combinedScoreRank":137,"engagementSEI":0.0027627644835369934,"engagementSEIadj":0,"engagementSEIrank":161,"engagementScore":0.001126064600240811,"voiceSEI":1.3953488372093024,"voiceSEIadj":0,"voiceSEIrank":114,"voiceScore":0.13070471626184513},"scoped":{"SEI":2.327829402124589,"SEIrank":120,"SEIadj":0,"audienceSEI":6.523316954984779,"audienceSEIadj":0,"audienceSEIrank":103,"audienceScore":0.2658449936214651,"combinedScore":0.03879040105819698,"combinedScoreRank":134,"engagementSEI":0.08979347500748279,"engagementSEIadj":0,"engagementSEIrank":148,"engagementScore":0.013114053408196769,"voiceSEI":5.405405405405405,"voiceSEIadj":0,"voiceSEIrank":104,"voiceScore":0.27391006619493263}},"facebook":{"entityString":"536575ffb08f37d80186dea4","type":"facebook","profiles":0,"postsMade":0,"repliesMade":0,"repliesRcvd":0,"sharesMade":0,"sharesRcvd":0,"mentionsRcvd":0,"likesRcvd":0,"reachRcvd":0,"audience":0,"voice":0,"conversation":0,"engagement":0,"group_scoped":{"audienceScore":0,"voiceScore":0,"engagementScore":0,"combinedScore":0,"combinedScoreRank":229,"SEIrank":229,"engagementSEIrank":228,"voiceSEIrank":228,"audienceSEIrank":229,"engagementSEI":0,"engagementSEIadj":0,"voiceSEI":0,"voiceSEIadj":0,"audienceSEI":0,"audienceSEIadj":0,"SEI":0,"SEIadj":0},"non_scoped":{"SEI":0,"SEIrank":229,"SEIadj":0,"audienceSEI":0,"audienceSEIadj":0,"audienceSEIrank":229,"audienceScore":0,"combinedScore":0,"combinedScoreRank":229,"engagementSEI":0,"engagementSEIadj":0,"engagementSEIrank":228,"engagementScore":0,"voiceSEI":0,"voiceSEIadj":0,"voiceSEIrank":228,"voiceScore":0},"scoped":{"SEI":0,"SEIrank":206,"SEIadj":0,"audienceSEI":0,"audienceSEIadj":0,"audienceSEIrank":206,"audienceScore":0,"combinedScore":0,"combinedScoreRank":206,"engagementSEI":0,"engagementSEIadj":0,"engagementSEIrank":205,"engagementScore":0,"voiceSEI":0,"voiceSEIadj":0,"voiceSEIrank":205,"voiceScore":0}},"twitter":{"entityString":"536575ffb08f37d80186dea4","type":"twitter","profiles":1,"postsMade":12,"repliesMade":0,"repliesRcvd":0,"sharesMade":0,"sharesRcvd":0,"mentionsRcvd":0,"likesRcvd":27,"reachRcvd":0,"audience":12493,"voice":12,"conversation":12,"engagement":27,"group_scoped":{"audienceScore":3.674260471627639,"voiceScore":1.5873015873015872,"engagementScore":0.4766107678729038,"combinedScore":0.6920277940320747,"combinedScoreRank":127,"SEIrank":98,"engagementSEIrank":118,"voiceSEIrank":94,"audienceSEIrank":47,"engagementSEI":1.0718539102818578,"engagementSEIadj":1.0718539102818578,"voiceSEI":3.0379746835443036,"voiceSEIadj":3.0379746835443036,"audienceSEI":9.900307477731639,"audienceSEIadj":9.900307477731639,"SEI":2.5445354990055695,"SEIadj":2.5445354990055695},"non_scoped":{"SEI":1.0746439135864145,"SEIrank":98,"SEIadj":0,"audienceSEI":2.2547611140790367,"audienceSEIadj":0,"audienceSEIrank":55,"audienceScore":0.36490465978547937,"combinedScore":0.06832902653913948,"combinedScoreRank":122,"engagementSEI":0.17304364545279755,"engagementSEIadj":0,"engagementSEIrank":129,"engagementScore":0.04402413174629056,"voiceSEI":2.484472049689441,"voiceSEIadj":0,"voiceSEIrank":92,"voiceScore":0.2092414995640802},"scoped":{"SEI":3.9113811963392227,"SEIrank":95,"SEIadj":0,"audienceSEI":10.717809253365134,"audienceSEIadj":0,"audienceSEIrank":45,"audienceScore":0.5793000730790775,"combinedScore":0.13147885284662483,"combinedScoreRank":112,"engagementSEI":1.0289634146341464,"engagementSEIadj":0,"engagementSEIrank":118,"engagementScore":0.0926593225573973,"voiceSEI":7.4074074074074066,"voiceSEIadj":0,"voiceSEIrank":82,"voiceScore":0.3824091778202677}},"instagram":{"entityString":"536575ffb08f37d80186dea4","type":"instagram","profiles":0,"postsMade":0,"repliesMade":0,"repliesRcvd":0,"sharesMade":0,"sharesRcvd":0,"mentionsRcvd":0,"likesRcvd":0,"reachRcvd":0,"audience":0,"voice":0,"conversation":0,"engagement":0,"group_scoped":{"audienceScore":0,"voiceScore":0,"engagementScore":0,"combinedScore":0,"combinedScoreRank":228,"SEIrank":228,"engagementSEIrank":228,"voiceSEIrank":228,"audienceSEIrank":228,"engagementSEI":0,"engagementSEIadj":0,"voiceSEI":0,"voiceSEIadj":0,"audienceSEI":0,"audienceSEIadj":0,"SEI":0,"SEIadj":0},"non_scoped":{"SEI":0,"SEIrank":228,"SEIadj":0,"audienceSEI":0,"audienceSEIadj":0,"audienceSEIrank":228,"audienceScore":0,"combinedScore":0,"combinedScoreRank":228,"engagementSEI":0,"engagementSEIadj":0,"engagementSEIrank":228,"engagementScore":0,"voiceSEI":0,"voiceSEIadj":0,"voiceSEIrank":228,"voiceScore":0},"scoped":{"SEI":0,"SEIrank":205,"SEIadj":0,"audienceSEI":0,"audienceSEIadj":0,"audienceSEIrank":205,"audienceScore":0,"combinedScore":0,"combinedScoreRank":205,"engagementSEI":0,"engagementSEIadj":0,"engagementSEIrank":205,"engagementScore":0,"voiceSEI":0,"voiceSEIadj":0,"voiceSEIrank":205,"voiceScore":0}}},"month":{"boundaryQuantum":4975782,"combined":{"entityString":"536575ffb08f37d80186dea4","type":"combined","profiles":1,"postsMade":34,"repliesMade":0,"repliesRcvd":0,"sharesMade":0,"sharesRcvd":41,"mentionsRcvd":0,"likesRcvd":835,"reachRcvd":0,"audience":12493,"voice":34,"conversation":34,"engagement":876,"group_scoped":{"audienceScore":0.8927257110435594,"voiceScore":0.7592675301473872,"engagementScore":0.22064212904542055,"combinedScore":0.2811775782004258,"combinedScoreRank":88,"SEIrank":122,"engagementSEIrank":67,"voiceSEIrank":139,"audienceSEIrank":94,"engagementSEI":0.27291164952661046,"engagementSEIadj":0.27291164952661046,"voiceSEI":1.2435991221653255,"voiceSEIadj":1.2435991221653255,"audienceSEI":1.2912928432629098,"audienceSEIadj":1.2912928432629098,"SEI":0.6659560106918548,"SEIadj":0.6659560106918548},"non_scoped":{"SEI":0.3460417331434079,"SEIrank":138,"SEIadj":0,"audienceSEI":0.49691975778095276,"audienceSEIadj":0,"audienceSEIrank":115,"audienceScore":0.0920064016364811,"combinedScore":0.01767042248634656,"combinedScoreRank":117,"engagementSEI":0.024173239341008797,"engagementSEIadj":0,"engagementSEIrank":99,"engagementScore":0.009520644256345303,"voiceSEI":0.9394860458690245,"voiceSEIadj":0,"voiceSEIrank":138,"voiceScore":0.09003045147623462},"scoped":{"SEI":2.212223376746889,"SEIrank":120,"SEIadj":0,"audienceSEI":6.523316954984779,"audienceSEIadj":0,"audienceSEIrank":103,"audienceScore":0.2658449936214651,"combinedScore":0.10588384376064985,"combinedScoreRank":94,"engagementSEI":0.8103457845368263,"engagementSEIadj":0,"engagementSEIrank":89,"engagementScore":0.09233298901701203,"voiceSEI":3.578947368421052,"voiceSEIadj":0,"voiceSEIrank":127,"voiceScore":0.1898380792853155}},"facebook":{"entityString":"536575ffb08f37d80186dea4","type":"facebook","profiles":0,"postsMade":0,"repliesMade":0,"repliesRcvd":0,"sharesMade":0,"sharesRcvd":0,"mentionsRcvd":0,"likesRcvd":0,"reachRcvd":0,"audience":0,"voice":0,"conversation":0,"engagement":0,"group_scoped":{"audienceScore":0,"voiceScore":0,"engagementScore":0,"combinedScore":0,"combinedScoreRank":229,"SEIrank":229,"engagementSEIrank":228,"voiceSEIrank":228,"audienceSEIrank":229,"engagementSEI":0,"engagementSEIadj":0,"voiceSEI":0,"voiceSEIadj":0,"audienceSEI":0,"audienceSEIadj":0,"SEI":0,"SEIadj":0},"non_scoped":{"SEI":0,"SEIrank":229,"SEIadj":0,"audienceSEI":0,"audienceSEIadj":0,"audienceSEIrank":229,"audienceScore":0,"combinedScore":0,"combinedScoreRank":229,"engagementSEI":0,"engagementSEIadj":0,"engagementSEIrank":228,"engagementScore":0,"voiceSEI":0,"voiceSEIadj":0,"voiceSEIrank":228,"voiceScore":0},"scoped":{"SEI":0,"SEIrank":206,"SEIadj":0,"audienceSEI":0,"audienceSEIadj":0,"audienceSEIrank":206,"audienceScore":0,"combinedScore":0,"combinedScoreRank":206,"engagementSEI":0,"engagementSEIadj":0,"engagementSEIrank":205,"engagementScore":0,"voiceSEI":0,"voiceSEIadj":0,"voiceSEIrank":205,"voiceScore":0}},"twitter":{"entityString":"536575ffb08f37d80186dea4","type":"twitter","profiles":1,"postsMade":34,"repliesMade":0,"repliesRcvd":0,"sharesMade":0,"sharesRcvd":41,"mentionsRcvd":0,"likesRcvd":835,"reachRcvd":0,"audience":12493,"voice":34,"conversation":34,"engagement":876,"group_scoped":{"audienceScore":3.674260471627639,"voiceScore":1.0817690104995228,"engagementScore":3.4642306323407284,"combinedScore":3.355609043213014,"combinedScoreRank":46,"SEIrank":51,"engagementSEIrank":40,"voiceSEIrank":121,"audienceSEIrank":47,"engagementSEI":9.364977549711353,"engagementSEIadj":9.364977549711353,"voiceSEI":2.069385270846013,"voiceSEIadj":2.069385270846013,"audienceSEI":9.900307477731639,"audienceSEIadj":9.900307477731639,"SEI":7.22983285885378,"SEIadj":7.22983285885378},"non_scoped":{"SEI":1.649501817062232,"SEIrank":73,"SEIadj":0,"audienceSEI":2.2547611140790367,"audienceSEIadj":0,"audienceSEIrank":55,"audienceScore":0.36490465978547937,"combinedScore":0.35232460256728537,"combinedScoreRank":47,"engagementSEI":1.5199625214720731,"engagementSEIadj":0,"engagementSEIrank":45,"engagementScore":0.36309526276739934,"voiceSEI":1.706827309236948,"voiceSEIadj":0,"voiceSEIrank":116,"voiceScore":0.14587266174703964},"scoped":{"SEI":7.840597823275739,"SEIrank":59,"SEIadj":0,"audienceSEI":10.717809253365134,"audienceSEIadj":0,"audienceSEIrank":45,"audienceScore":0.5793000730790775,"combinedScore":0.7055904463999839,"combinedScoreRank":37,"engagementSEI":8.641609943770346,"engagementSEIadj":0,"engagementSEIrank":35,"engagementScore":0.7370387197738402,"voiceSEI":5.279503105590062,"voiceSEIadj":0,"voiceSEIrank":105,"voiceScore":0.2658118989914784}},"instagram":{"entityString":"536575ffb08f37d80186dea4","type":"instagram","profiles":0,"postsMade":0,"repliesMade":0,"repliesRcvd":0,"sharesMade":0,"sharesRcvd":0,"mentionsRcvd":0,"likesRcvd":0,"reachRcvd":0,"audience":0,"voice":0,"conversation":0,"engagement":0,"group_scoped":{"audienceScore":0,"voiceScore":0,"engagementScore":0,"combinedScore":0,"combinedScoreRank":228,"SEIrank":228,"engagementSEIrank":228,"voiceSEIrank":228,"audienceSEIrank":228,"engagementSEI":0,"engagementSEIadj":0,"voiceSEI":0,"voiceSEIadj":0,"audienceSEI":0,"audienceSEIadj":0,"SEI":0,"SEIadj":0},"non_scoped":{"SEI":0,"SEIrank":228,"SEIadj":0,"audienceSEI":0,"audienceSEIadj":0,"audienceSEIrank":228,"audienceScore":0,"combinedScore":0,"combinedScoreRank":228,"engagementSEI":0,"engagementSEIadj":0,"engagementSEIrank":228,"engagementScore":0,"voiceSEI":0,"voiceSEIadj":0,"voiceSEIrank":228,"voiceScore":0},"scoped":{"SEI":0,"SEIrank":205,"SEIadj":0,"audienceSEI":0,"audienceSEIadj":0,"audienceSEIrank":205,"audienceScore":0,"combinedScore":0,"combinedScoreRank":205,"engagementSEI":0,"engagementSEIadj":0,"engagementSEIrank":205,"engagementScore":0,"voiceSEI":0,"voiceSEIadj":0,"voiceSEIrank":205,"voiceScore":0}}},"quarter":{"boundaryQuantum":4958502,"combined":{"entityString":"536575ffb08f37d80186dea4","type":"combined","profiles":1,"postsMade":88,"repliesMade":0,"repliesRcvd":0,"sharesMade":0,"sharesRcvd":106,"mentionsRcvd":0,"likesRcvd":1673,"reachRcvd":0,"audience":12493,"voice":88,"conversation":88,"engagement":1779,"group_scoped":{"audienceScore":0.8927257110435594,"voiceScore":0.6206799266469177,"engagementScore":0.14421907680334647,"combinedScore":0.2054674510075357,"combinedScoreRank":108,"SEIrank":138,"engagementSEIrank":87,"voiceSEIrank":145,"audienceSEIrank":94,"engagementSEI":0.17442270887585104,"engagementSEIadj":0.17442270887585104,"voiceSEI":1.022542412270509,"voiceSEIadj":1.022542412270509,"audienceSEI":1.2912928432629098,"audienceSEIadj":1.2912928432629098,"SEI":0.5405456333329542,"SEIadj":0.5405456333329542},"non_scoped":{"SEI":0.30554773059430546,"SEIrank":145,"SEIadj":0,"audienceSEI":0.49691975778095276,"audienceSEIadj":0,"audienceSEIrank":115,"audienceScore":0.0920064016364811,"combinedScore":0.013923332373489469,"combinedScoreRank":134,"engagementSEI":0.015518525490595632,"engagementSEIadj":0,"engagementSEIrank":121,"engagementScore":0.006010131074235761,"voiceSEI":0.8218154650728428,"voiceSEIadj":0,"voiceSEIrank":142,"voiceScore":0.07827788649706457},"scoped":{"SEI":1.8959635176625755,"SEIrank":128,"SEIadj":0,"audienceSEI":6.523316954984779,"audienceSEIadj":0,"audienceSEIrank":103,"audienceScore":0.2658449936214651,"combinedScore":0.07437219308471034,"combinedScoreRank":114,"engagementSEI":0.35999101540130196,"engagementSEIadj":0,"engagementSEIrank":111,"engagementScore":0.05872097206809389,"voiceSEI":3.425457376411055,"voiceSEIadj":0,"voiceSEIrank":132,"voiceScore":0.16462137084705178}},"facebook":{"entityString":"536575ffb08f37d80186dea4","type":"facebook","profiles":0,"postsMade":0,"repliesMade":0,"repliesRcvd":0,"sharesMade":0,"sharesRcvd":0,"mentionsRcvd":0,"likesRcvd":0,"reachRcvd":0,"audience":0,"voice":0,"conversation":0,"engagement":0,"group_scoped":{"audienceScore":0,"voiceScore":0,"engagementScore":0,"combinedScore":0,"combinedScoreRank":229,"SEIrank":229,"engagementSEIrank":228,"voiceSEIrank":228,"audienceSEIrank":229,"engagementSEI":0,"engagementSEIadj":0,"voiceSEI":0,"voiceSEIadj":0,"audienceSEI":0,"audienceSEIadj":0,"SEI":0,"SEIadj":0},"non_scoped":{"SEI":0,"SEIrank":229,"SEIadj":0,"audienceSEI":0,"audienceSEIadj":0,"audienceSEIrank":229,"audienceScore":0,"combinedScore":0,"combinedScoreRank":229,"engagementSEI":0,"engagementSEIadj":0,"engagementSEIrank":228,"engagementScore":0,"voiceSEI":0,"voiceSEIadj":0,"voiceSEIrank":228,"voiceScore":0},"scoped":{"SEI":0,"SEIrank":206,"SEIadj":0,"audienceSEI":0,"audienceSEIadj":0,"audienceSEIrank":206,"audienceScore":0,"combinedScore":0,"combinedScoreRank":206,"engagementSEI":0,"engagementSEIadj":0,"engagementSEIrank":205,"engagementScore":0,"voiceSEI":0,"voiceSEIadj":0,"voiceSEIrank":205,"voiceScore":0}},"twitter":{"entityString":"536575ffb08f37d80186dea4","type":"twitter","profiles":1,"postsMade":88,"repliesMade":0,"repliesRcvd":0,"sharesMade":0,"sharesRcvd":106,"mentionsRcvd":0,"likesRcvd":1673,"reachRcvd":0,"audience":12493,"voice":88,"conversation":88,"engagement":1779,"group_scoped":{"audienceScore":3.674260471627639,"voiceScore":0.8686210640608035,"engagementScore":2.125473422621537,"combinedScore":2.140070157143805,"combinedScoreRank":67,"SEIrank":79,"engagementSEIrank":65,"voiceSEIrank":132,"audienceSEIrank":47,"engagementSEI":5.2288158010757435,"engagementSEIadj":5.2288158010757435,"voiceSEI":1.660064138841728,"voiceSEIadj":1.660064138841728,"audienceSEI":9.900307477731639,"audienceSEIadj":9.900307477731639,"SEI":4.625339470071129,"SEIadj":4.625339470071129},"non_scoped":{"SEI":1.1710740720465482,"SEIrank":94,"SEIadj":0,"audienceSEI":2.2547611140790367,"audienceSEIadj":0,"audienceSEIrank":55,"audienceScore":0.36490465978547937,"combinedScore":0.2172102795123681,"combinedScoreRank":73,"engagementSEI":0.8436397435411055,"engagementSEIadj":0,"engagementSEIrank":72,"engagementScore":0.21404851285012996,"voiceSEI":1.4647137150466045,"voiceSEIadj":0,"voiceSEIrank":117,"voiceScore":0.12642769915954313},"scoped":{"SEI":5.907199417729911,"SEIrank":74,"SEIadj":0,"audienceSEI":10.717809253365134,"audienceSEIadj":0,"audienceSEIrank":45,"audienceScore":0.5793000730790775,"combinedScore":0.4398882268685527,"combinedScoreRank":64,"engagementSEI":5.5968036242370856,"engagementSEIadj":0,"engagementSEIrank":62,"engagementScore":0.44377148387804893,"voiceSEI":4.924454392837157,"voiceSEIadj":0,"voiceSEIrank":107,"voiceScore":0.2305777544870955}},"instagram":{"entityString":"536575ffb08f37d80186dea4","type":"instagram","profiles":0,"postsMade":0,"repliesMade":0,"repliesRcvd":0,"sharesMade":0,"sharesRcvd":0,"mentionsRcvd":0,"likesRcvd":0,"reachRcvd":0,"audience":0,"voice":0,"conversation":0,"engagement":0,"group_scoped":{"audienceScore":0,"voiceScore":0,"engagementScore":0,"combinedScore":0,"combinedScoreRank":228,"SEIrank":228,"engagementSEIrank":228,"voiceSEIrank":228,"audienceSEIrank":228,"engagementSEI":0,"engagementSEIadj":0,"voiceSEI":0,"voiceSEIadj":0,"audienceSEI":0,"audienceSEIadj":0,"SEI":0,"SEIadj":0},"non_scoped":{"SEI":0,"SEIrank":228,"SEIadj":0,"audienceSEI":0,"audienceSEIadj":0,"audienceSEIrank":228,"audienceScore":0,"combinedScore":0,"combinedScoreRank":228,"engagementSEI":0,"engagementSEIadj":0,"engagementSEIrank":228,"engagementScore":0,"voiceSEI":0,"voiceSEIadj":0,"voiceSEIrank":228,"voiceScore":0},"scoped":{"SEI":0,"SEIrank":205,"SEIadj":0,"audienceSEI":0,"audienceSEIadj":0,"audienceSEIrank":205,"audienceScore":0,"combinedScore":0,"combinedScoreRank":205,"engagementSEI":0,"engagementSEIadj":0,"engagementSEIrank":205,"engagementScore":0,"voiceSEI":0,"voiceSEIadj":0,"voiceSEIrank":205,"voiceScore":0}}},"blended":{"combined":{"non_scoped":{"SEI":0.34815100974687113,"SEIadj":50.174075504873436,"SEIrank":137,"audienceSEI":0.49691975778095276,"audienceSEIadj":50.24845987889048,"audienceSEIrank":115,"engagementSEI":0.012214077991510232,"engagementSEIadj":50.00610703899576,"engagementSEIrank":128,"voiceSEI":0.9704352905795657,"voiceSEIadj":50.48521764528978,"voiceSEIrank":130},"scoped":{"SEI":4.528193309774273,"SEIadj":52.26409665488713,"SEIrank":123,"compCharisma":3,"compInfluence":0,"compEva":1.5281933097742726,"audienceSEI":6.523316954984779,"audienceSEIadj":53.26165847749239,"audienceSEIrank":103,"engagementSEI":0.3284854178834198,"engagementSEIadj":50.16424270894171,"engagementSEIrank":116,"voiceSEI":3.8711924150903068,"voiceSEIadj":51.93559620754515,"voiceSEIrank":120}},"facebook":{"non_scoped":{"SEI":0,"SEIadj":0,"SEIrank":229,"audienceSEI":0,"audienceSEIadj":0,"audienceSEIrank":229,"engagementSEI":0,"engagementSEIadj":0,"engagementSEIrank":228,"voiceSEI":0,"voiceSEIadj":0,"voiceSEIrank":228},"scoped":{"SEI":0,"SEIadj":0,"SEIrank":206,"audienceSEI":0,"audienceSEIadj":0,"audienceSEIrank":206,"engagementSEI":0,"engagementSEIadj":0,"engagementSEIrank":205,"voiceSEI":0,"voiceSEIadj":0,"voiceSEIrank":205}},"twitter":{"non_scoped":{"SEI":1.1666292882289284,"SEIadj":50.583314644114466,"SEIrank":90,"audienceSEI":2.2547611140790367,"audienceSEIadj":60.901904445631615,"audienceSEIrank":55,"engagementSEI":0.701727343627203,"engagementSEIadj":50.3508636718136,"engagementSEIrank":81,"voiceSEI":1.7337225688156765,"voiceSEIadj":50.86686128440784,"voiceSEIrank":106},"scoped":{"SEI":5.356692787524908,"SEIadj":52.67834639376245,"SEIrank":75,"audienceSEI":10.717809253365134,"audienceSEIadj":64.28712370134605,"audienceSEIrank":45,"engagementSEI":4.403332328074338,"engagementSEIadj":52.20166616403717,"engagementSEIrank":71,"voiceSEI":5.476374884479309,"voiceSEIadj":52.738187442239656,"voiceSEIrank":97}},"instagram":{"non_scoped":{"SEI":0,"SEIadj":0,"SEIrank":228,"audienceSEI":0,"audienceSEIadj":0,"audienceSEIrank":228,"engagementSEI":0,"engagementSEIadj":0,"engagementSEIrank":228,"voiceSEI":0,"voiceSEIadj":0,"voiceSEIrank":228},"scoped":{"SEI":0,"SEIadj":0,"SEIrank":205,"audienceSEI":0,"audienceSEIadj":0,"audienceSEIrank":205,"engagementSEI":0,"engagementSEIadj":0,"engagementSEIrank":205,"voiceSEI":0,"voiceSEIadj":0,"voiceSEIrank":205}},"influence":{"facebook":{"scope":"individual","ratio":0,"calculated":false},"instagram":{"scope":"individual","ratio":0,"calculated":false},"combined":{"ratio":0.24,"bottom":false,"scope":"individual","calculated":true},"twitter":{"ratio":0.64,"bottom":false,"scope":"individual","calculated":true}},"charisma":{"facebook":{"scope":"individual","ratio":0,"calculated":false},"instagram":{"scope":"individual","ratio":0,"calculated":false},"combined":{"ratio":0.65,"bottom":false,"scope":"individual","calculated":true},"twitter":{"ratio":2,"bottom":false,"scope":"individual","calculated":true}}},"scope":"individual"}}