{"scoreEntityString":"591d1494ab33fb0001804f89.asset.536575ffb08f37d80186dfb5","timeQuantum":4984422,"scoreEntityType":"asset","scoreProfileID":"591d1494ab33fb0001804f89","data":{"scoreEntityString":"591d1494ab33fb0001804f89.asset.536575ffb08f37d80186dfb5","scoreProfileID":"591d1494ab33fb0001804f89","scoreEntityType":"asset","entityID":"asset.536575ffb08f37d80186dfb5","object_version":"1.2","score_engine_version":"3.0.19","timestamp":4984422,"start_quantum":4958502,"end_quantum":4984421,"schedule_options":{"interval":15,"offset":"1"},"_15min":{"boundaryQuantum":4984419,"combined":{"entityString":"536575ffb08f37d80186dfb5","type":"combined","profiles":2,"postsMade":0,"repliesMade":0,"repliesRcvd":0,"sharesMade":0,"sharesRcvd":0,"mentionsRcvd":0,"likesRcvd":0,"reachRcvd":0,"audience":148253,"voice":0,"conversation":0,"engagement":0,"group_scoped":{"audienceScore":34.377268100163946,"voiceScore":0,"engagementScore":0,"combinedScore":34.377268100163946,"engagementSEI":0,"engagementSEIadj":0,"voiceSEI":0,"voiceSEIadj":0,"audienceSEI":93.5763428643565,"audienceSEIadj":93.5763428643565,"SEI":9.357634286435651,"SEIadj":9.357634286435651,"combinedScoreRank":8,"SEIrank":9,"engagementSEIrank":183,"voiceSEIrank":182,"audienceSEIrank":8},"non_scoped":{"SEI":0.5896889846337917,"SEIrank":11,"SEIadj":0,"audienceSEI":5.896889846337917,"audienceSEIadj":0,"audienceSEIrank":9,"audienceScore":1.091829429425537,"combinedScore":0.05459147147127685,"combinedScoreRank":12,"engagementSEI":0,"engagementSEIadj":0,"engagementSEIrank":183,"engagementScore":0,"voiceSEI":0,"voiceSEIadj":0,"voiceSEIrank":182,"voiceScore":0},"scoped":{"SEI":7.741145509704303,"SEIrank":4,"SEIadj":0,"audienceSEI":77.41145509704303,"audienceSEIadj":0,"audienceSEIrank":2,"audienceScore":3.1547520883185034,"combinedScore":0.45067886975978616,"combinedScoreRank":5,"engagementSEI":0,"engagementSEIadj":0,"engagementSEIrank":164,"engagementScore":0,"voiceSEI":0,"voiceSEIadj":0,"voiceSEIrank":163,"voiceScore":0}},"facebook":{"entityString":"536575ffb08f37d80186dfb5","type":"facebook","profiles":1,"postsMade":0,"repliesMade":0,"repliesRcvd":0,"sharesMade":0,"sharesRcvd":0,"mentionsRcvd":0,"likesRcvd":0,"reachRcvd":0,"audience":64689,"voice":0,"conversation":0,"engagement":0,"group_scoped":{"audienceScore":25.998416519638774,"voiceScore":0,"engagementScore":0,"combinedScore":25.998416519638774,"engagementSEI":0,"engagementSEIadj":0,"voiceSEI":0,"voiceSEIadj":0,"audienceSEI":51.058036101880866,"audienceSEIadj":51.058036101880866,"SEI":5.105803610188087,"SEIadj":5.105803610188087,"combinedScoreRank":8,"SEIrank":8,"engagementSEIrank":183,"voiceSEIrank":182,"audienceSEIrank":8},"non_scoped":{"SEI":0.3515523103142445,"SEIrank":15,"SEIadj":0,"audienceSEI":3.5155231031424448,"audienceSEIadj":0,"audienceSEIrank":15,"audienceScore":0.6745358518896993,"combinedScore":0.03372679259448497,"combinedScoreRank":15,"engagementSEI":0,"engagementSEIadj":0,"engagementSEIrank":183,"engagementScore":0,"voiceSEI":0,"voiceSEIadj":0,"voiceSEIrank":182,"voiceScore":0},"scoped":{"SEI":4.5427349527039835,"SEIrank":7,"SEIadj":0,"audienceSEI":45.42734952703984,"audienceSEIadj":0,"audienceSEIrank":7,"audienceScore":2.7807235151227014,"combinedScore":0.3972462164461002,"combinedScoreRank":7,"engagementSEI":0,"engagementSEIadj":0,"engagementSEIrank":164,"engagementScore":0,"voiceSEI":0,"voiceSEIadj":0,"voiceSEIrank":163,"voiceScore":0}},"twitter":{"entityString":"536575ffb08f37d80186dfb5","type":"twitter","profiles":1,"postsMade":0,"repliesMade":0,"repliesRcvd":0,"sharesMade":0,"sharesRcvd":0,"mentionsRcvd":0,"likesRcvd":0,"reachRcvd":0,"audience":83564,"voice":0,"conversation":0,"engagement":0,"group_scoped":{"audienceScore":45.80505826764748,"voiceScore":0,"engagementScore":0,"combinedScore":45.80505826764748,"engagementSEI":0,"engagementSEIadj":0,"voiceSEI":0,"voiceSEIadj":0,"audienceSEI":100,"audienceSEIadj":100,"SEI":10,"SEIadj":10,"combinedScoreRank":3,"SEIrank":7,"engagementSEIrank":181,"voiceSEIrank":181,"audienceSEIrank":6},"non_scoped":{"SEI":1.5081794423829396,"SEIrank":8,"SEIadj":0,"audienceSEI":15.081794423829395,"audienceSEIadj":0,"audienceSEIrank":7,"audienceScore":2.4407982862654127,"combinedScore":0.12203991431327064,"combinedScoreRank":8,"engagementSEI":0,"engagementSEIadj":0,"engagementSEIrank":181,"engagementScore":0,"voiceSEI":0,"voiceSEIadj":0,"voiceSEIrank":181,"voiceScore":0},"scoped":{"SEI":7.168998738879404,"SEIrank":4,"SEIadj":0,"audienceSEI":71.68998738879404,"audienceSEIadj":0,"audienceSEIrank":3,"audienceScore":3.874860426381176,"combinedScore":0.5535514894830251,"combinedScoreRank":4,"engagementSEI":0,"engagementSEIadj":0,"engagementSEIrank":163,"engagementScore":0,"voiceSEI":0,"voiceSEIadj":0,"voiceSEIrank":163,"voiceScore":0}},"instagram":{"entityString":"536575ffb08f37d80186dfb5","type":"instagram","profiles":0,"postsMade":0,"repliesMade":0,"repliesRcvd":0,"sharesMade":0,"sharesRcvd":0,"mentionsRcvd":0,"likesRcvd":0,"reachRcvd":0,"audience":0,"voice":0,"conversation":0,"engagement":0,"group_scoped":{"audienceScore":null,"voiceScore":0,"engagementScore":0,"combinedScore":null,"engagementSEI":0,"engagementSEIadj":0,"voiceSEI":0,"voiceSEIadj":0,"audienceSEI":0,"audienceSEIadj":0,"SEI":0,"SEIadj":0,"combinedScoreRank":37,"SEIrank":182,"engagementSEIrank":181,"voiceSEIrank":181,"audienceSEIrank":182},"non_scoped":{"SEI":0,"SEIrank":182,"SEIadj":0,"audienceSEI":0,"audienceSEIadj":0,"audienceSEIrank":182,"audienceScore":0,"combinedScore":0,"combinedScoreRank":182,"engagementSEI":0,"engagementSEIadj":0,"engagementSEIrank":181,"engagementScore":0,"voiceSEI":0,"voiceSEIadj":0,"voiceSEIrank":181,"voiceScore":0},"scoped":{"SEI":0,"SEIrank":163,"SEIadj":0,"audienceSEI":0,"audienceSEIadj":0,"audienceSEIrank":163,"audienceScore":0,"combinedScore":0,"combinedScoreRank":163,"engagementSEI":0,"engagementSEIadj":0,"engagementSEIrank":163,"engagementScore":0,"voiceSEI":0,"voiceSEIadj":0,"voiceSEIrank":163,"voiceScore":0}}},"hour":{"boundaryQuantum":4984410,"combined":{"entityString":"536575ffb08f37d80186dfb5","type":"combined","profiles":2,"postsMade":0,"repliesMade":0,"repliesRcvd":0,"sharesMade":0,"sharesRcvd":0,"mentionsRcvd":0,"likesRcvd":0,"reachRcvd":0,"audience":148253,"voice":0,"conversation":0,"engagement":0,"group_scoped":{"audienceScore":34.377268100163946,"voiceScore":0,"engagementScore":0,"combinedScore":34.377268100163946,"combinedScoreRank":9,"SEIrank":15,"engagementSEIrank":187,"voiceSEIrank":183,"audienceSEIrank":8,"engagementSEI":0,"engagementSEIadj":0,"voiceSEI":0,"voiceSEIadj":0,"audienceSEI":93.5763428643565,"audienceSEIadj":93.5763428643565,"SEI":9.357634286435651,"SEIadj":9.357634286435651},"non_scoped":{"SEI":0.5896889846337917,"SEIrank":21,"SEIadj":0,"audienceSEI":5.896889846337917,"audienceSEIadj":0,"audienceSEIrank":9,"audienceScore":1.091829429425537,"combinedScore":0.05459147147127685,"combinedScoreRank":32,"engagementSEI":0,"engagementSEIadj":0,"engagementSEIrank":187,"engagementScore":0,"voiceSEI":0,"voiceSEIadj":0,"voiceSEIrank":183,"voiceScore":0},"scoped":{"SEI":7.741145509704303,"SEIrank":13,"SEIadj":0,"audienceSEI":77.41145509704303,"audienceSEIadj":0,"audienceSEIrank":2,"audienceScore":3.1547520883185034,"combinedScore":0.1577376044159252,"combinedScoreRank":35,"engagementSEI":0,"engagementSEIadj":0,"engagementSEIrank":167,"engagementScore":0,"voiceSEI":0,"voiceSEIadj":0,"voiceSEIrank":164,"voiceScore":0}},"facebook":{"entityString":"536575ffb08f37d80186dfb5","type":"facebook","profiles":1,"postsMade":0,"repliesMade":0,"repliesRcvd":0,"sharesMade":0,"sharesRcvd":0,"mentionsRcvd":0,"likesRcvd":0,"reachRcvd":0,"audience":64689,"voice":0,"conversation":0,"engagement":0,"group_scoped":{"audienceScore":25.998416519638774,"voiceScore":0,"engagementScore":0,"combinedScore":25.998416519638774,"combinedScoreRank":9,"SEIrank":12,"engagementSEIrank":186,"voiceSEIrank":182,"audienceSEIrank":8,"engagementSEI":0,"engagementSEIadj":0,"voiceSEI":0,"voiceSEIadj":0,"audienceSEI":51.058036101880866,"audienceSEIadj":51.058036101880866,"SEI":5.105803610188087,"SEIadj":5.105803610188087},"non_scoped":{"SEI":0.3515523103142445,"SEIrank":20,"SEIadj":0,"audienceSEI":3.5155231031424448,"audienceSEIadj":0,"audienceSEIrank":15,"audienceScore":0.6745358518896993,"combinedScore":0.03372679259448497,"combinedScoreRank":33,"engagementSEI":0,"engagementSEIadj":0,"engagementSEIrank":186,"engagementScore":0,"voiceSEI":0,"voiceSEIadj":0,"voiceSEIrank":182,"voiceScore":0},"scoped":{"SEI":4.5427349527039835,"SEIrank":23,"SEIadj":0,"audienceSEI":45.42734952703984,"audienceSEIadj":0,"audienceSEIrank":7,"audienceScore":2.7807235151227014,"combinedScore":0.13903617575613508,"combinedScoreRank":37,"engagementSEI":0,"engagementSEIadj":0,"engagementSEIrank":166,"engagementScore":0,"voiceSEI":0,"voiceSEIadj":0,"voiceSEIrank":163,"voiceScore":0}},"twitter":{"entityString":"536575ffb08f37d80186dfb5","type":"twitter","profiles":1,"postsMade":0,"repliesMade":0,"repliesRcvd":0,"sharesMade":0,"sharesRcvd":0,"mentionsRcvd":0,"likesRcvd":0,"reachRcvd":0,"audience":83564,"voice":0,"conversation":0,"engagement":0,"group_scoped":{"audienceScore":45.80505826764748,"voiceScore":0,"engagementScore":0,"combinedScore":45.80505826764748,"combinedScoreRank":6,"SEIrank":23,"engagementSEIrank":183,"voiceSEIrank":183,"audienceSEIrank":6,"engagementSEI":0,"engagementSEIadj":0,"voiceSEI":0,"voiceSEIadj":0,"audienceSEI":100,"audienceSEIadj":100,"SEI":10,"SEIadj":10},"non_scoped":{"SEI":1.5081794423829396,"SEIrank":28,"SEIadj":0,"audienceSEI":15.081794423829395,"audienceSEIadj":0,"audienceSEIrank":7,"audienceScore":2.4407982862654127,"combinedScore":0.12203991431327064,"combinedScoreRank":37,"engagementSEI":0,"engagementSEIadj":0,"engagementSEIrank":183,"engagementScore":0,"voiceSEI":0,"voiceSEIadj":0,"voiceSEIrank":183,"voiceScore":0},"scoped":{"SEI":7.168998738879404,"SEIrank":20,"SEIadj":0,"audienceSEI":71.68998738879404,"audienceSEIadj":0,"audienceSEIrank":3,"audienceScore":3.874860426381176,"combinedScore":0.19374302131905882,"combinedScoreRank":31,"engagementSEI":0,"engagementSEIadj":0,"engagementSEIrank":164,"engagementScore":0,"voiceSEI":0,"voiceSEIadj":0,"voiceSEIrank":164,"voiceScore":0}},"instagram":{"entityString":"536575ffb08f37d80186dfb5","type":"instagram","profiles":0,"postsMade":0,"repliesMade":0,"repliesRcvd":0,"sharesMade":0,"sharesRcvd":0,"mentionsRcvd":0,"likesRcvd":0,"reachRcvd":0,"audience":0,"voice":0,"conversation":0,"engagement":0,"group_scoped":{"audienceScore":null,"voiceScore":0,"engagementScore":0,"combinedScore":null,"combinedScoreRank":37,"SEIrank":182,"engagementSEIrank":181,"voiceSEIrank":181,"audienceSEIrank":182,"engagementSEI":0,"engagementSEIadj":0,"voiceSEI":0,"voiceSEIadj":0,"audienceSEI":0,"audienceSEIadj":0,"SEI":0,"SEIadj":0},"non_scoped":{"SEI":0,"SEIrank":182,"SEIadj":0,"audienceSEI":0,"audienceSEIadj":0,"audienceSEIrank":182,"audienceScore":0,"combinedScore":0,"combinedScoreRank":182,"engagementSEI":0,"engagementSEIadj":0,"engagementSEIrank":181,"engagementScore":0,"voiceSEI":0,"voiceSEIadj":0,"voiceSEIrank":181,"voiceScore":0},"scoped":{"SEI":0,"SEIrank":163,"SEIadj":0,"audienceSEI":0,"audienceSEIadj":0,"audienceSEIrank":163,"audienceScore":0,"combinedScore":0,"combinedScoreRank":163,"engagementSEI":0,"engagementSEIadj":0,"engagementSEIrank":163,"engagementScore":0,"voiceSEI":0,"voiceSEIadj":0,"voiceSEIrank":163,"voiceScore":0}}},"today":{"boundaryQuantum":4984134,"combined":{"entityString":"536575ffb08f37d80186dfb5","type":"combined","profiles":2,"postsMade":0,"repliesMade":0,"repliesRcvd":0,"sharesMade":0,"sharesRcvd":0,"mentionsRcvd":0,"likesRcvd":10,"reachRcvd":0,"audience":148253,"voice":0,"conversation":0,"engagement":10,"group_scoped":{"audienceScore":34.377268100163946,"voiceScore":0,"engagementScore":0.6770480704129994,"combinedScore":5.491365217520277,"combinedScoreRank":13,"SEIrank":14,"engagementSEIrank":22,"voiceSEIrank":197,"audienceSEIrank":8,"engagementSEI":1.5220700152207,"engagementSEIadj":1.5220700152207,"voiceSEI":0,"voiceSEIadj":0,"audienceSEI":93.5763428643565,"audienceSEIadj":93.5763428643565,"SEI":10.27087629556807,"SEIadj":10.27087629556807},"non_scoped":{"SEI":0.5927612913728966,"SEIrank":73,"SEIadj":0,"audienceSEI":5.896889846337917,"audienceSEIadj":0,"audienceSEIrank":9,"audienceScore":1.091829429425537,"combinedScore":0.0569928034100589,"combinedScoreRank":46,"engagementSEI":0.005120511231841387,"engagementSEIadj":0,"engagementSEIrank":102,"engagementScore":0.002668146598646716,"voiceSEI":0,"voiceSEIadj":0,"voiceSEIrank":197,"voiceScore":0},"scoped":{"SEI":7.774889393625342,"SEIrank":26,"SEIadj":0,"audienceSEI":77.41145509704303,"audienceSEIadj":0,"audienceSEIrank":2,"audienceScore":3.1547520883185034,"combinedScore":0.181796629223453,"combinedScoreRank":51,"engagementSEI":0.05623980653506552,"engagementSEIadj":0,"engagementSEIrank":91,"engagementScore":0.026732249786142002,"voiceSEI":0,"voiceSEIadj":0,"voiceSEIrank":176,"voiceScore":0}},"facebook":{"entityString":"536575ffb08f37d80186dfb5","type":"facebook","profiles":1,"postsMade":0,"repliesMade":0,"repliesRcvd":0,"sharesMade":0,"sharesRcvd":0,"mentionsRcvd":0,"likesRcvd":9,"reachRcvd":0,"audience":64689,"voice":0,"conversation":0,"engagement":9,"group_scoped":{"audienceScore":25.998416519638774,"voiceScore":0,"engagementScore":0.6446991404011462,"combinedScore":4.266658766006521,"combinedScoreRank":12,"SEIrank":15,"engagementSEIrank":22,"voiceSEIrank":188,"audienceSEIrank":8,"engagementSEI":1.4308426073131957,"engagementSEIadj":1.4308426073131957,"voiceSEI":0,"voiceSEIadj":0,"audienceSEI":51.058036101880866,"audienceSEIadj":51.058036101880866,"SEI":5.9643091745760035,"SEIadj":5.9643091745760035},"non_scoped":{"SEI":0.3544275259554176,"SEIrank":59,"SEIadj":0,"audienceSEI":3.5155231031424448,"audienceSEIadj":0,"audienceSEIrank":15,"audienceScore":0.6745358518896993,"combinedScore":0.036150048672818964,"combinedScoreRank":51,"engagementSEI":0.0047920260686218135,"engagementSEIadj":0,"engagementSEIrank":75,"engagementScore":0.0026925067537044403,"voiceSEI":0,"voiceSEIadj":0,"voiceSEIrank":188,"voiceScore":0},"scoped":{"SEI":4.696668818154382,"SEIrank":38,"SEIadj":0,"audienceSEI":45.42734952703984,"audienceSEIadj":0,"audienceSEIrank":7,"audienceScore":2.7807235151227014,"combinedScore":0.1929499137753044,"combinedScoreRank":52,"engagementSEI":0.25655644241733183,"engagementSEIadj":0,"engagementSEIrank":65,"engagementScore":0.05990415335463259,"voiceSEI":0,"voiceSEIadj":0,"voiceSEIrank":168,"voiceScore":0}},"twitter":{"entityString":"536575ffb08f37d80186dfb5","type":"twitter","profiles":1,"postsMade":0,"repliesMade":0,"repliesRcvd":0,"sharesMade":0,"sharesRcvd":0,"mentionsRcvd":0,"likesRcvd":1,"reachRcvd":0,"audience":83564,"voice":0,"conversation":0,"engagement":1,"group_scoped":{"audienceScore":45.80505826764748,"voiceScore":0,"engagementScore":1.2345679012345678,"combinedScore":7.601780810722127,"combinedScoreRank":23,"SEIrank":37,"engagementSEIrank":78,"voiceSEIrank":195,"audienceSEIrank":6,"engagementSEI":2.941176470588235,"engagementSEIadj":2.941176470588235,"voiceSEI":0,"voiceSEIadj":0,"audienceSEI":100,"audienceSEIadj":100,"SEI":11.76470588235294,"SEIadj":11.76470588235294},"non_scoped":{"SEI":1.5460104638205183,"SEIrank":60,"SEIadj":0,"audienceSEI":15.081794423829395,"audienceSEIadj":0,"audienceSEIrank":7,"audienceScore":2.4407982862654127,"combinedScore":0.1362849285582849,"combinedScoreRank":71,"engagementSEI":0.06305170239596469,"engagementSEIadj":0,"engagementSEIrank":124,"engagementScore":0.015827793605571384,"voiceSEI":0,"voiceSEIadj":0,"voiceSEIrank":195,"voiceScore":0},"scoped":{"SEI":7.280522902448177,"SEIrank":34,"SEIadj":0,"audienceSEI":71.68998738879404,"audienceSEIadj":0,"audienceSEIrank":3,"audienceScore":3.874860426381176,"combinedScore":0.21877779183366244,"combinedScoreRank":65,"engagementSEI":0.18587360594795538,"engagementSEIadj":0,"engagementSEIrank":113,"engagementScore":0.027816411682892908,"voiceSEI":0,"voiceSEIadj":0,"voiceSEIrank":174,"voiceScore":0}},"instagram":{"entityString":"536575ffb08f37d80186dfb5","type":"instagram","profiles":0,"postsMade":0,"repliesMade":0,"repliesRcvd":0,"sharesMade":0,"sharesRcvd":0,"mentionsRcvd":0,"likesRcvd":0,"reachRcvd":0,"audience":0,"voice":0,"conversation":0,"engagement":0,"group_scoped":{"audienceScore":null,"voiceScore":0,"engagementScore":0,"combinedScore":null,"combinedScoreRank":37,"SEIrank":182,"engagementSEIrank":182,"voiceSEIrank":182,"audienceSEIrank":182,"engagementSEI":0,"engagementSEIadj":0,"voiceSEI":0,"voiceSEIadj":0,"audienceSEI":0,"audienceSEIadj":0,"SEI":0,"SEIadj":0},"non_scoped":{"SEI":0,"SEIrank":182,"SEIadj":0,"audienceSEI":0,"audienceSEIadj":0,"audienceSEIrank":182,"audienceScore":0,"combinedScore":0,"combinedScoreRank":182,"engagementSEI":0,"engagementSEIadj":0,"engagementSEIrank":182,"engagementScore":0,"voiceSEI":0,"voiceSEIadj":0,"voiceSEIrank":182,"voiceScore":0},"scoped":{"SEI":0,"SEIrank":163,"SEIadj":0,"audienceSEI":0,"audienceSEIadj":0,"audienceSEIrank":163,"audienceScore":0,"combinedScore":0,"combinedScoreRank":163,"engagementSEI":0,"engagementSEIadj":0,"engagementSEIrank":163,"engagementScore":0,"voiceSEI":0,"voiceSEIadj":0,"voiceSEIrank":163,"voiceScore":0}}},"week":{"boundaryQuantum":4982406,"combined":{"entityString":"536575ffb08f37d80186dfb5","type":"combined","profiles":2,"postsMade":4,"repliesMade":0,"repliesRcvd":19,"sharesMade":0,"sharesRcvd":8,"mentionsRcvd":0,"likesRcvd":303,"reachRcvd":0,"audience":148253,"voice":4,"conversation":23,"engagement":330,"group_scoped":{"audienceScore":34.377268100163946,"voiceScore":0.6472491909385114,"engagementScore":1.1121596117551902,"combinedScore":2.7521695151347942,"combinedScoreRank":16,"SEIrank":11,"engagementSEIrank":23,"voiceSEIrank":149,"audienceSEIrank":8,"engagementSEI":1.5834173024327047,"engagementSEIadj":1.5834173024327047,"voiceSEI":0.87527352297593,"voiceSEIadj":0.87527352297593,"audienceSEI":93.5763428643565,"audienceSEIadj":93.5763428643565,"SEI":10.570266724788052,"SEIadj":10.570266724788052},"non_scoped":{"SEI":0.7494841412339932,"SEIrank":91,"SEIadj":0,"audienceSEI":5.896889846337917,"audienceSEIadj":0,"audienceSEIrank":9,"audienceScore":1.091829429425537,"combinedScore":0.06915659401162319,"combinedScoreRank":55,"engagementSEI":0.03376712146545214,"engagementSEIadj":0,"engagementSEIrank":85,"engagementScore":0.013763011780721025,"voiceSEI":0.46511627906976744,"voiceSEIadj":0,"voiceSEIrank":162,"voiceScore":0.04356823875394837},"scoped":{"SEI":8.94017153363305,"SEIrank":40,"SEIadj":0,"audienceSEI":77.41145509704303,"audienceSEIadj":0,"audienceSEIrank":2,"audienceScore":3.1547520883185034,"combinedScore":0.30655735967600517,"combinedScoreRank":63,"engagementSEI":1.0974758056470117,"engagementSEIadj":0,"engagementSEIrank":76,"engagementScore":0.16028287498907162,"voiceSEI":1.8018018018018018,"voiceSEIadj":0,"voiceSEIrank":150,"voiceScore":0.09130335539831089}},"facebook":{"entityString":"536575ffb08f37d80186dfb5","type":"facebook","profiles":1,"postsMade":2,"repliesMade":0,"repliesRcvd":19,"sharesMade":0,"sharesRcvd":4,"mentionsRcvd":0,"likesRcvd":288,"reachRcvd":0,"audience":64689,"voice":2,"conversation":21,"engagement":311,"group_scoped":{"audienceScore":25.998416519638774,"voiceScore":0.7352941176470588,"engagementScore":1.0854390618455956,"combinedScore":2.3135806875253278,"combinedScoreRank":17,"SEIrank":16,"engagementSEIrank":22,"voiceSEIrank":102,"audienceSEIrank":8,"engagementSEI":1.5354991606596229,"engagementSEIadj":1.5354991606596229,"voiceSEI":0.8771929824561403,"voiceSEIadj":0.8771929824561403,"audienceSEI":51.058036101880866,"audienceSEIadj":51.058036101880866,"SEI":6.290261001320703,"SEIadj":6.290261001320703},"non_scoped":{"SEI":0.5243072833148767,"SEIrank":72,"SEIadj":0,"audienceSEI":3.5155231031424448,"audienceSEIadj":0,"audienceSEIrank":15,"audienceScore":0.6745358518896993,"combinedScore":0.049679035593466356,"combinedScoreRank":53,"engagementSEI":0.03347202879240239,"engagementSEIadj":0,"engagementSEIrank":72,"engagementScore":0.014292180890297171,"voiceSEI":0.5089058524173028,"voiceSEIadj":0,"voiceSEIrank":111,"voiceScore":0.06178560395427865},"scoped":{"SEI":6.643564541366271,"SEIrank":48,"SEIadj":0,"audienceSEI":45.42734952703984,"audienceSEIadj":0,"audienceSEIrank":7,"audienceScore":2.7807235151227014,"combinedScore":0.3548333353007814,"combinedScoreRank":52,"engagementSEI":2.365019011406844,"engagementSEIadj":0,"engagementSEIrank":63,"engagementScore":0.23035842585939986,"voiceSEI":2.272727272727273,"voiceSEIadj":0,"voiceSEIrank":100,"voiceScore":0.1694915254237288}},"twitter":{"entityString":"536575ffb08f37d80186dfb5","type":"twitter","profiles":1,"postsMade":2,"repliesMade":0,"repliesRcvd":0,"sharesMade":0,"sharesRcvd":4,"mentionsRcvd":0,"likesRcvd":15,"reachRcvd":0,"audience":83564,"voice":2,"conversation":2,"engagement":19,"group_scoped":{"audienceScore":45.80505826764748,"voiceScore":0.5780346820809248,"engagementScore":1.8627450980392157,"combinedScore":3.9956252357217146,"combinedScoreRank":39,"SEIrank":28,"engagementSEIrank":70,"voiceSEIrank":159,"audienceSEIrank":6,"engagementSEI":3.2367972742759794,"engagementSEIadj":3.2367972742759794,"voiceSEI":0.8733624454148471,"voiceSEIadj":0.8733624454148471,"audienceSEI":100,"audienceSEIadj":100,"SEI":12.20408709819004,"SEIadj":12.20408709819004},"non_scoped":{"SEI":1.7054659173919262,"SEIrank":71,"SEIadj":0,"audienceSEI":15.081794423829395,"audienceSEIadj":0,"audienceSEIrank":7,"audienceScore":2.4407982862654127,"combinedScore":0.15166554358228868,"combinedScoreRank":89,"engagementSEI":0.12177145420752418,"engagementSEIadj":0,"engagementSEIrank":140,"engagementScore":0.030979944562204466,"voiceSEI":0.4140786749482402,"voiceSEIadj":0,"voiceSEIrank":173,"voiceScore":0.03487358326068004},"scoped":{"SEI":7.9738203287619696,"SEIrank":50,"SEIadj":0,"audienceSEI":71.68998738879404,"audienceSEIadj":0,"audienceSEIrank":3,"audienceScore":3.874860426381176,"combinedScore":0.255614002087246,"combinedScoreRank":83,"engagementSEI":0.7240853658536586,"engagementSEIadj":0,"engagementSEIrank":129,"engagementScore":0.06520470846631662,"voiceSEI":1.2345679012345678,"voiceSEIadj":0,"voiceSEIrank":159,"voiceScore":0.06373486297004462}},"instagram":{"entityString":"536575ffb08f37d80186dfb5","type":"instagram","profiles":0,"postsMade":0,"repliesMade":0,"repliesRcvd":0,"sharesMade":0,"sharesRcvd":0,"mentionsRcvd":0,"likesRcvd":0,"reachRcvd":0,"audience":0,"voice":0,"conversation":0,"engagement":0,"group_scoped":{"audienceScore":null,"voiceScore":0,"engagementScore":0,"combinedScore":null,"combinedScoreRank":37,"SEIrank":182,"engagementSEIrank":182,"voiceSEIrank":182,"audienceSEIrank":182,"engagementSEI":0,"engagementSEIadj":0,"voiceSEI":0,"voiceSEIadj":0,"audienceSEI":0,"audienceSEIadj":0,"SEI":0,"SEIadj":0},"non_scoped":{"SEI":0,"SEIrank":182,"SEIadj":0,"audienceSEI":0,"audienceSEIadj":0,"audienceSEIrank":182,"audienceScore":0,"combinedScore":0,"combinedScoreRank":182,"engagementSEI":0,"engagementSEIadj":0,"engagementSEIrank":182,"engagementScore":0,"voiceSEI":0,"voiceSEIadj":0,"voiceSEIrank":182,"voiceScore":0},"scoped":{"SEI":0,"SEIrank":163,"SEIadj":0,"audienceSEI":0,"audienceSEIadj":0,"audienceSEIrank":163,"audienceScore":0,"combinedScore":0,"combinedScoreRank":163,"engagementSEI":0,"engagementSEIadj":0,"engagementSEIrank":163,"engagementScore":0,"voiceSEI":0,"voiceSEIadj":0,"voiceSEIrank":163,"voiceScore":0}}},"month":{"boundaryQuantum":4975782,"combined":{"entityString":"536575ffb08f37d80186dfb5","type":"combined","profiles":2,"postsMade":13,"repliesMade":0,"repliesRcvd":75,"sharesMade":0,"sharesRcvd":40,"mentionsRcvd":0,"likesRcvd":949,"reachRcvd":0,"audience":148253,"voice":13,"conversation":88,"engagement":1064,"group_scoped":{"audienceScore":34.377268100163946,"voiceScore":0.5102040816326531,"engagementScore":1.3606138107416879,"combinedScore":2.968926038757349,"combinedScoreRank":15,"SEIrank":11,"engagementSEIrank":19,"voiceSEIrank":158,"audienceSEIrank":8,"engagementSEI":2.542595646043922,"engagementSEIadj":2.542595646043922,"voiceSEI":0.7182320441988951,"voiceSEIadj":0.7182320441988951,"audienceSEI":93.5763428643565,"audienceSEIadj":93.5763428643565,"SEI":11.098661287321672,"SEIadj":11.098661287321672},"non_scoped":{"SEI":0.7150702225785653,"SEIrank":89,"SEIadj":0,"audienceSEI":5.896889846337917,"audienceSEIadj":0,"audienceSEIrank":9,"audienceScore":1.091829429425537,"combinedScore":0.06672014065695914,"combinedScoreRank":58,"engagementSEI":0.029361103491818905,"engagementSEIadj":0,"engagementSEIrank":92,"engagementScore":0.011563887544236762,"voiceSEI":0.35921525283227407,"voiceSEIadj":0,"voiceSEIrank":177,"voiceScore":0.034423407917383825},"scoped":{"SEI":8.74222519175897,"SEIrank":41,"SEIadj":0,"audienceSEI":77.41145509704303,"audienceSEIadj":0,"audienceSEIrank":2,"audienceScore":3.1547520883185034,"combinedScore":0.2623007319997468,"combinedScoreRank":67,"engagementSEI":0.9842556104419901,"engagementSEIadj":0,"engagementSEIrank":82,"engagementScore":0.1121487446508,"voiceSEI":1.368421052631579,"voiceSEIadj":0,"voiceSEIrank":166,"voiceScore":0.07258514796203239}},"facebook":{"entityString":"536575ffb08f37d80186dfb5","type":"facebook","profiles":1,"postsMade":5,"repliesMade":0,"repliesRcvd":75,"sharesMade":0,"sharesRcvd":25,"mentionsRcvd":0,"likesRcvd":884,"reachRcvd":0,"audience":64689,"voice":5,"conversation":80,"engagement":984,"group_scoped":{"audienceScore":25.998416519638774,"voiceScore":0.4355400696864111,"engagementScore":1.3323584369160777,"combinedScore":2.520820422690729,"combinedScoreRank":18,"SEIrank":15,"engagementSEIrank":18,"voiceSEIrank":117,"audienceSEIrank":8,"engagementSEI":2.4817775984261896,"engagementSEIadj":2.4817775984261896,"voiceSEI":0.5112474437627812,"voiceSEIadj":0.5112474437627812,"audienceSEI":51.058036101880866,"audienceSEIadj":51.058036101880866,"SEI":6.748244402372635,"SEIadj":6.748244402372635},"non_scoped":{"SEI":0.4643910059231927,"SEIrank":85,"SEIadj":0,"audienceSEI":3.5155231031424448,"audienceSEIadj":0,"audienceSEIrank":15,"audienceScore":0.6745358518896993,"combinedScore":0.04626987897079839,"combinedScoreRank":60,"engagementSEI":0.028727335256468832,"engagementSEIadj":0,"engagementSEIrank":75,"engagementScore":0.011898026656658137,"voiceSEI":0.3186743148502231,"voiceSEIadj":0,"voiceSEIrank":126,"voiceScore":0.03669724770642202},"scoped":{"SEI":5.6703949956343145,"SEIrank":58,"SEIadj":0,"audienceSEI":45.42734952703984,"audienceSEIadj":0,"audienceSEIrank":7,"audienceScore":2.7807235151227014,"combinedScore":0.2748363248652633,"combinedScoreRank":58,"engagementSEI":1.0624399408315968,"engagementSEIadj":0,"engagementSEIrank":66,"engagementScore":0.14520620313816576,"voiceSEI":1.6339869281045754,"voiceSEIadj":0,"voiceSEIrank":116,"voiceScore":0.10229132569558103}},"twitter":{"entityString":"536575ffb08f37d80186dfb5","type":"twitter","profiles":1,"postsMade":8,"repliesMade":0,"repliesRcvd":0,"sharesMade":0,"sharesRcvd":15,"mentionsRcvd":0,"likesRcvd":65,"reachRcvd":0,"audience":83564,"voice":8,"conversation":8,"engagement":80,"group_scoped":{"audienceScore":45.80505826764748,"voiceScore":0.5714285714285714,"engagementScore":1.840773124712379,"combinedScore":3.9755201541949443,"combinedScoreRank":38,"SEIrank":33,"engagementSEIrank":79,"voiceSEIrank":158,"audienceSEIrank":6,"engagementSEI":3.6396724294813465,"engagementSEIadj":3.6396724294813465,"voiceSEI":0.9615384615384616,"voiceSEIadj":0.9615384615384616,"audienceSEI":100,"audienceSEIadj":100,"SEI":12.472264996150347,"SEIadj":12.472264996150347},"non_scoped":{"SEI":1.711946987708691,"SEIrank":71,"SEIadj":0,"audienceSEI":15.081794423829395,"audienceSEIadj":0,"audienceSEIrank":7,"audienceScore":2.4407982862654127,"combinedScore":0.15359950952985527,"combinedScoreRank":97,"engagementSEI":0.13880936269151353,"engagementSEIadj":0,"engagementSEIrank":150,"engagementScore":0.033159384727616384,"voiceSEI":0.4016064257028112,"voiceSEIadj":0,"voiceSEIrank":174,"voiceScore":0.03432297923459756},"scoped":{"SEI":8.015182419964072,"SEIrank":56,"SEIadj":0,"audienceSEI":71.68998738879404,"audienceSEIadj":0,"audienceSEIrank":3,"audienceScore":3.874860426381176,"combinedScore":0.2574487450436417,"combinedScoreRank":94,"engagementSEI":0.789188122718753,"engagementSEIadj":0,"engagementSEIrank":138,"engagementScore":0.06730947212546486,"voiceSEI":1.2422360248447204,"voiceSEIadj":0,"voiceSEIrank":162,"voiceScore":0.06254397623328903}},"instagram":{"entityString":"536575ffb08f37d80186dfb5","type":"instagram","profiles":0,"postsMade":0,"repliesMade":0,"repliesRcvd":0,"sharesMade":0,"sharesRcvd":0,"mentionsRcvd":0,"likesRcvd":0,"reachRcvd":0,"audience":0,"voice":0,"conversation":0,"engagement":0,"group_scoped":{"audienceScore":null,"voiceScore":0,"engagementScore":0,"combinedScore":null,"combinedScoreRank":37,"SEIrank":182,"engagementSEIrank":182,"voiceSEIrank":182,"audienceSEIrank":182,"engagementSEI":0,"engagementSEIadj":0,"voiceSEI":0,"voiceSEIadj":0,"audienceSEI":0,"audienceSEIadj":0,"SEI":0,"SEIadj":0},"non_scoped":{"SEI":0,"SEIrank":182,"SEIadj":0,"audienceSEI":0,"audienceSEIadj":0,"audienceSEIrank":182,"audienceScore":0,"combinedScore":0,"combinedScoreRank":182,"engagementSEI":0,"engagementSEIadj":0,"engagementSEIrank":182,"engagementScore":0,"voiceSEI":0,"voiceSEIadj":0,"voiceSEIrank":182,"voiceScore":0},"scoped":{"SEI":0,"SEIrank":163,"SEIadj":0,"audienceSEI":0,"audienceSEIadj":0,"audienceSEIrank":163,"audienceScore":0,"combinedScore":0,"combinedScoreRank":163,"engagementSEI":0,"engagementSEIadj":0,"engagementSEIrank":163,"engagementScore":0,"voiceSEI":0,"voiceSEIadj":0,"voiceSEIrank":163,"voiceScore":0}}},"quarter":{"boundaryQuantum":4958502,"combined":{"entityString":"536575ffb08f37d80186dfb5","type":"combined","profiles":2,"postsMade":32,"repliesMade":0,"repliesRcvd":752,"sharesMade":0,"sharesRcvd":125,"mentionsRcvd":0,"likesRcvd":6664,"reachRcvd":0,"audience":148253,"voice":32,"conversation":784,"engagement":7541,"group_scoped":{"audienceScore":34.377268100163946,"voiceScore":0.4569470227045552,"engagementScore":3.1672630747778174,"combinedScore":4.592247523443461,"combinedScoreRank":12,"SEIrank":11,"engagementSEIrank":12,"voiceSEIrank":170,"audienceSEIrank":8,"engagementSEI":5.699192091719129,"engagementSEIadj":5.699192091719129,"voiceSEI":0.6794055201698515,"voiceSEIadj":0.6794055201698515,"audienceSEI":93.5763428643565,"audienceSEIadj":93.5763428643565,"SEI":12.980971197518084,"SEIadj":12.980971197518084},"non_scoped":{"SEI":0.7188104512197053,"SEIrank":92,"SEIadj":0,"audienceSEI":5.896889846337917,"audienceSEIadj":0,"audienceSEIrank":9,"audienceScore":1.091829429425537,"combinedScore":0.07894340649507434,"combinedScoreRank":50,"engagementSEI":0.06578145066024826,"engagementSEIadj":0,"engagementSEIrank":71,"engagementScore":0.02547633413761207,"voiceSEI":0.2988419872992156,"voiceSEIadj":0,"voiceSEIrank":188,"voiceScore":0.028464685998932572},"scoped":{"SEI":9.030410941678054,"SEIrank":41,"SEIadj":0,"audienceSEI":77.41145509704303,"audienceSEIadj":0,"audienceSEIrank":2,"audienceScore":3.1547520883185034,"combinedScore":0.38475172380709444,"combinedScoreRank":55,"engagementSEI":1.5259652878815166,"engagementSEIadj":0,"engagementSEIrank":62,"engagementScore":0.24891222617509612,"voiceSEI":1.2456208641494744,"voiceSEIadj":0,"voiceSEIrank":176,"voiceScore":0.059862316671655195}},"facebook":{"entityString":"536575ffb08f37d80186dfb5","type":"facebook","profiles":1,"postsMade":17,"repliesMade":0,"repliesRcvd":752,"sharesMade":0,"sharesRcvd":79,"mentionsRcvd":0,"likesRcvd":6542,"reachRcvd":0,"audience":64689,"voice":17,"conversation":769,"engagement":7373,"group_scoped":{"audienceScore":25.998416519638774,"voiceScore":0.5471515931766977,"engagementScore":3.2916354155505556,"combinedScore":4.289750279636274,"combinedScoreRank":12,"SEIrank":11,"engagementSEIrank":12,"voiceSEIrank":112,"audienceSEIrank":8,"engagementSEI":5.830348176088693,"engagementSEIadj":5.830348176088693,"voiceSEI":0.6352765321375187,"voiceSEIadj":0.6352765321375187,"audienceSEI":51.058036101880866,"audienceSEIadj":51.058036101880866,"SEI":8.794595475482557,"SEIadj":8.794595475482557},"non_scoped":{"SEI":0.4985784069871938,"SEIrank":77,"SEIadj":0,"audienceSEI":3.5155231031424448,"audienceSEIadj":0,"audienceSEIrank":15,"audienceScore":0.6745358518896993,"combinedScore":0.06075964553146737,"combinedScoreRank":50,"engagementSEI":0.06658454001443674,"engagementSEIadj":0,"engagementSEIrank":61,"engagementScore":0.027709826961469963,"voiceSEI":0.35691790888095737,"voiceSEIadj":0,"voiceSEIrank":119,"voiceScore":0.041880173433188804},"scoped":{"SEI":8.926484842261587,"SEIrank":53,"SEIadj":0,"audienceSEI":45.42734952703984,"audienceSEIadj":0,"audienceSEIrank":7,"audienceScore":2.7807235151227014,"combinedScore":0.478176123199133,"combinedScoreRank":48,"engagementSEI":6.269664450075682,"engagementSEIadj":0,"engagementSEIrank":52,"engagementScore":0.37037632404638016,"voiceSEI":2.073170731707317,"voiceSEIadj":0,"voiceSEIrank":110,"voiceScore":0.11602511602511602}},"twitter":{"entityString":"536575ffb08f37d80186dfb5","type":"twitter","profiles":1,"postsMade":15,"repliesMade":0,"repliesRcvd":0,"sharesMade":0,"sharesRcvd":46,"mentionsRcvd":0,"likesRcvd":122,"reachRcvd":0,"audience":83564,"voice":15,"conversation":15,"engagement":168,"group_scoped":{"audienceScore":45.80505826764748,"voiceScore":0.3850102669404517,"engagementScore":1.1914893617021276,"combinedScore":3.381843852261312,"combinedScoreRank":46,"SEIrank":32,"engagementSEIrank":88,"voiceSEIrank":174,"audienceSEIrank":6,"engagementSEI":2.867872994195971,"engagementSEIadj":2.867872994195971,"voiceSEI":0.7374631268436578,"voiceSEIadj":0.7374631268436578,"audienceSEI":100,"audienceSEIadj":100,"SEI":11.94196273457068,"SEIadj":11.94196273457068},"non_scoped":{"SEI":1.6308810854594422,"SEIrank":73,"SEIadj":0,"audienceSEI":15.081794423829395,"audienceSEIadj":0,"audienceSEIrank":7,"audienceScore":2.4407982862654127,"combinedScore":0.14130974191165527,"combinedScoreRank":96,"engagementSEI":0.07966918320118366,"engagementSEIadj":0,"engagementSEIrank":169,"engagementScore":0.020213687554143805,"voiceSEI":0.2496671105193076,"voiceSEIadj":0,"voiceSEIrank":190,"voiceScore":0.021550175993103944},"scoped":{"SEI":7.73793817440428,"SEIrank":61,"SEIadj":0,"audienceSEI":71.68998738879404,"audienceSEIadj":0,"audienceSEIrank":3,"audienceScore":3.874860426381176,"combinedScore":0.23342500701590188,"combinedScoreRank":93,"engagementSEI":0.5285345749701126,"engagementSEIadj":0,"engagementSEIrank":157,"engagementScore":0.04190759375576853,"voiceSEI":0.8393956351426972,"voiceSEIadj":0,"voiceSEIrank":177,"voiceScore":0.039303026333027645}},"instagram":{"entityString":"536575ffb08f37d80186dfb5","type":"instagram","profiles":0,"postsMade":0,"repliesMade":0,"repliesRcvd":0,"sharesMade":0,"sharesRcvd":0,"mentionsRcvd":0,"likesRcvd":0,"reachRcvd":0,"audience":0,"voice":0,"conversation":0,"engagement":0,"group_scoped":{"audienceScore":null,"voiceScore":0,"engagementScore":0,"combinedScore":null,"combinedScoreRank":37,"SEIrank":182,"engagementSEIrank":182,"voiceSEIrank":182,"audienceSEIrank":182,"engagementSEI":0,"engagementSEIadj":0,"voiceSEI":0,"voiceSEIadj":0,"audienceSEI":0,"audienceSEIadj":0,"SEI":0,"SEIadj":0},"non_scoped":{"SEI":0,"SEIrank":182,"SEIadj":0,"audienceSEI":0,"audienceSEIadj":0,"audienceSEIrank":182,"audienceScore":0,"combinedScore":0,"combinedScoreRank":182,"engagementSEI":0,"engagementSEIadj":0,"engagementSEIrank":182,"engagementScore":0,"voiceSEI":0,"voiceSEIadj":0,"voiceSEIrank":182,"voiceScore":0},"scoped":{"SEI":0,"SEIrank":163,"SEIadj":0,"audienceSEI":0,"audienceSEIadj":0,"audienceSEIrank":163,"audienceScore":0,"combinedScore":0,"combinedScoreRank":163,"engagementSEI":0,"engagementSEIadj":0,"engagementSEIrank":163,"engagementScore":0,"voiceSEI":0,"voiceSEIadj":0,"voiceSEIrank":163,"voiceScore":0}}},"blended":{"combined":{"non_scoped":{"SEI":0.7211490659354802,"SEIadj":50.36057453296774,"SEIrank":93,"audienceSEI":5.896889846337917,"audienceSEIadj":71.76906695390137,"audienceSEIrank":9,"engagementSEI":0.04768105285512468,"engagementSEIadj":50.02384052642756,"engagementSEIrank":78,"voiceSEI":0.34283816529537914,"voiceSEIadj":40.205702899177226,"voiceSEIrank":181},"scoped":{"SEI":18.761974736324284,"SEIadj":67.50478989452971,"SEIrank":33,"compCharisma":12,"compInfluence":0,"compEva":6.761974736324282,"audienceSEI":77.41145509704303,"audienceSEIadj":93.22343652911292,"audienceSEIrank":2,"engagementSEI":1.2426757175279135,"engagementSEIadj":50.62133785876396,"engagementSEIrank":71,"voiceSEI":1.3686141305100146,"voiceSEIadj":40.82116847830601,"voiceSEIrank":171}},"facebook":{"non_scoped":{"SEI":0.4939614156743097,"SEIadj":50.24698070783715,"SEIrank":77,"audienceSEI":3.5155231031424443,"audienceSEIadj":71.05465693094273,"audienceSEIrank":15,"engagementSEI":0.047882580236840507,"engagementSEIadj":60.019153032094735,"engagementSEIrank":65,"voiceSEI":0.378931857393203,"voiceSEIadj":50.1894659286966,"voiceSEIrank":117},"scoped":{"SEI":7.541704473793541,"SEIadj":63.01668178951741,"SEIrank":55,"audienceSEI":45.42734952703984,"audienceSEIadj":83.62820485811196,"audienceSEIrank":7,"engagementSEI":4.0165317417055,"engagementSEIadj":61.6066126966822,"engagementSEIrank":56,"voiceSEI":1.9635015868875267,"voiceSEIadj":50.981750793443766,"voiceSEIrank":108}},"twitter":{"non_scoped":{"SEI":1.6611728892946285,"SEIadj":60.66446915571785,"SEIrank":68,"audienceSEI":15.081794423829393,"audienceSEIadj":74.52453832714882,"audienceSEIrank":7,"engagementSEI":0.10034001738637435,"engagementSEIadj":50.050170008693186,"engagementSEIrank":159,"voiceSEI":0.3092981215995475,"voiceSEIadj":40.18557887295973,"voiceSEIrank":185},"scoped":{"SEI":7.827418693947751,"SEIadj":63.1309674775791,"SEIrank":54,"audienceSEI":71.68998738879404,"audienceSEIadj":91.50699621663821,"audienceSEIrank":3,"engagementSEI":0.6091647959463646,"engagementSEIadj":40.365498877567816,"engagementSEIrank":147,"voiceSEI":0.976403591668427,"voiceSEIadj":40.58584215500105,"voiceSEIrank":170}},"instagram":{"non_scoped":{"SEI":0,"SEIadj":0,"SEIrank":182,"audienceSEI":0,"audienceSEIadj":0,"audienceSEIrank":182,"engagementSEI":0,"engagementSEIadj":0,"engagementSEIrank":182,"voiceSEI":0,"voiceSEIadj":0,"voiceSEIrank":182},"scoped":{"SEI":0,"SEIadj":0,"SEIrank":163,"audienceSEI":0,"audienceSEIadj":0,"audienceSEIrank":163,"engagementSEI":0,"engagementSEIadj":0,"engagementSEIrank":163,"voiceSEI":0,"voiceSEIadj":0,"voiceSEIrank":163}},"influence":{"instagram":{"scope":"individual","ratio":0,"calculated":false},"combined":{"ratio":0.11,"bottom":false,"scope":"individual","calculated":true},"facebook":{"ratio":0.13,"bottom":false,"scope":"individual","calculated":true},"twitter":{"ratio":0.02,"bottom":false,"scope":"individual","calculated":true}},"charisma":{"instagram":{"scope":"individual","ratio":0,"calculated":false},"combined":{"ratio":2,"bottom":true,"scope":"individual","calculated":true},"facebook":{"ratio":2,"bottom":false,"scope":"individual","calculated":true},"twitter":{"ratio":0.55,"bottom":false,"scope":"individual","calculated":true}}},"scope":"individual"}}