{"scoreEntityString":"591d1494ab33fb0001804f89.asset.536575feb08f37d80186a0c8","timeQuantum":4984422,"scoreEntityType":"asset","scoreProfileID":"591d1494ab33fb0001804f89","data":{"scoreEntityString":"591d1494ab33fb0001804f89.asset.536575feb08f37d80186a0c8","scoreProfileID":"591d1494ab33fb0001804f89","scoreEntityType":"asset","entityID":"asset.536575feb08f37d80186a0c8","object_version":"1.2","score_engine_version":"3.0.19","timestamp":4984422,"start_quantum":4958502,"end_quantum":4984421,"schedule_options":{"interval":15,"offset":"1"},"_15min":{"boundaryQuantum":4984419,"combined":{"entityString":"536575feb08f37d80186a0c8","type":"combined","profiles":2,"postsMade":0,"repliesMade":0,"repliesRcvd":0,"sharesMade":0,"sharesRcvd":0,"mentionsRcvd":0,"likesRcvd":0,"reachRcvd":0,"audience":33241,"voice":0,"conversation":0,"engagement":0,"group_scoped":{"audienceScore":0.8440692461296883,"voiceScore":0,"engagementScore":0,"combinedScore":0.8440692461296883,"engagementSEI":0,"engagementSEIadj":0,"voiceSEI":0,"voiceSEIadj":0,"audienceSEI":1.3221891994234092,"audienceSEIadj":1.3221891994234092,"SEI":0.13221891994234092,"SEIadj":0.13221891994234092,"combinedScoreRank":83,"SEIrank":90,"engagementSEIrank":159,"voiceSEIrank":157,"audienceSEIrank":90},"non_scoped":{"SEI":0.13221891994234092,"SEIrank":47,"SEIadj":0,"audienceSEI":1.3221891994234092,"audienceSEIadj":0,"audienceSEIrank":47,"audienceScore":0.24480787615450803,"combinedScore":0.012240393807725403,"combinedScoreRank":47,"engagementSEI":0,"engagementSEIadj":0,"engagementSEIrank":159,"engagementScore":0,"voiceSEI":0,"voiceSEIadj":0,"voiceSEIrank":157,"voiceScore":0},"scoped":{"SEI":1.7357046257956381,"SEIrank":36,"SEIadj":0,"audienceSEI":17.35704625795638,"audienceSEIadj":0,"audienceSEIrank":36,"audienceScore":0.7073523919771969,"combinedScore":0.10105034171102813,"combinedScoreRank":36,"engagementSEI":0,"engagementSEIadj":0,"engagementSEIrank":141,"engagementScore":0,"voiceSEI":0,"voiceSEIadj":0,"voiceSEIrank":140,"voiceScore":0}},"facebook":{"entityString":"536575feb08f37d80186a0c8","type":"facebook","profiles":1,"postsMade":0,"repliesMade":0,"repliesRcvd":0,"sharesMade":0,"sharesRcvd":0,"mentionsRcvd":0,"likesRcvd":0,"reachRcvd":0,"audience":15384,"voice":0,"conversation":0,"engagement":0,"group_scoped":{"audienceScore":0.5952585935042367,"voiceScore":0,"engagementScore":0,"combinedScore":0.5952585935042367,"engagementSEI":0,"engagementSEIadj":0,"voiceSEI":0,"voiceSEIadj":0,"audienceSEI":0.8360433368693807,"audienceSEIadj":0.8360433368693807,"SEI":0.08360433368693808,"SEIadj":0.08360433368693808,"combinedScoreRank":80,"SEIrank":83,"engagementSEIrank":159,"voiceSEIrank":157,"audienceSEIrank":83},"non_scoped":{"SEI":0.08360433368693808,"SEIrank":54,"SEIadj":0,"audienceSEI":0.8360433368693807,"audienceSEIadj":0,"audienceSEIrank":54,"audienceScore":0.16041459205539016,"combinedScore":0.008020729602769509,"combinedScoreRank":54,"engagementSEI":0,"engagementSEIadj":0,"engagementSEIrank":159,"engagementScore":0,"voiceSEI":0,"voiceSEIadj":0,"voiceSEIrank":157,"voiceScore":0},"scoped":{"SEI":1.0803294920681736,"SEIrank":43,"SEIadj":0,"audienceSEI":10.803294920681736,"audienceSEIadj":0,"audienceSEIrank":43,"audienceScore":0.6612971379469096,"combinedScore":0.09447101970670137,"combinedScoreRank":43,"engagementSEI":0,"engagementSEIadj":0,"engagementSEIrank":141,"engagementScore":0,"voiceSEI":0,"voiceSEIadj":0,"voiceSEIrank":140,"voiceScore":0}},"twitter":{"entityString":"536575feb08f37d80186a0c8","type":"twitter","profiles":1,"postsMade":0,"repliesMade":0,"repliesRcvd":0,"sharesMade":0,"sharesRcvd":0,"mentionsRcvd":0,"likesRcvd":0,"reachRcvd":0,"audience":17857,"voice":0,"conversation":0,"engagement":0,"group_scoped":{"audienceScore":1.447269137595525,"voiceScore":0,"engagementScore":0,"combinedScore":1.447269137595525,"engagementSEI":0,"engagementSEIadj":0,"voiceSEI":0,"voiceSEIadj":0,"audienceSEI":3.2228663422804256,"audienceSEIadj":3.2228663422804256,"SEI":0.3222866342280426,"SEIadj":0.3222866342280426,"combinedScoreRank":99,"SEIrank":125,"engagementSEIrank":157,"voiceSEIrank":156,"audienceSEIrank":125},"non_scoped":{"SEI":0.3222866342280426,"SEIrank":34,"SEIadj":0,"audienceSEI":3.2228663422804256,"audienceSEIadj":0,"audienceSEIrank":34,"audienceScore":0.5215802857431606,"combinedScore":0.02607901428715803,"combinedScoreRank":34,"engagementSEI":0,"engagementSEIadj":0,"engagementSEIrank":157,"engagementScore":0,"voiceSEI":0,"voiceSEIadj":0,"voiceSEIrank":156,"voiceScore":0},"scoped":{"SEI":1.531961257002651,"SEIrank":25,"SEIadj":0,"audienceSEI":15.319612570026509,"audienceSEIadj":0,"audienceSEIrank":25,"audienceScore":0.8280286084185613,"combinedScore":0.1182898012026516,"combinedScoreRank":25,"engagementSEI":0,"engagementSEIadj":0,"engagementSEIrank":140,"engagementScore":0,"voiceSEI":0,"voiceSEIadj":0,"voiceSEIrank":140,"voiceScore":0}},"instagram":{"entityString":"536575feb08f37d80186a0c8","type":"instagram","profiles":0,"postsMade":0,"repliesMade":0,"repliesRcvd":0,"sharesMade":0,"sharesRcvd":0,"mentionsRcvd":0,"likesRcvd":0,"reachRcvd":0,"audience":0,"voice":0,"conversation":0,"engagement":0,"group_scoped":{"audienceScore":0,"voiceScore":0,"engagementScore":0,"combinedScore":0,"engagementSEI":0,"engagementSEIadj":0,"voiceSEI":0,"voiceSEIadj":0,"audienceSEI":0,"audienceSEIadj":0,"SEI":0,"SEIadj":0,"combinedScoreRank":176,"SEIrank":158,"engagementSEIrank":157,"voiceSEIrank":156,"audienceSEIrank":158},"non_scoped":{"SEI":0,"SEIrank":158,"SEIadj":0,"audienceSEI":0,"audienceSEIadj":0,"audienceSEIrank":158,"audienceScore":0,"combinedScore":0,"combinedScoreRank":158,"engagementSEI":0,"engagementSEIadj":0,"engagementSEIrank":157,"engagementScore":0,"voiceSEI":0,"voiceSEIadj":0,"voiceSEIrank":156,"voiceScore":0},"scoped":{"SEI":0,"SEIrank":140,"SEIadj":0,"audienceSEI":0,"audienceSEIadj":0,"audienceSEIrank":140,"audienceScore":0,"combinedScore":0,"combinedScoreRank":140,"engagementSEI":0,"engagementSEIadj":0,"engagementSEIrank":140,"engagementScore":0,"voiceSEI":0,"voiceSEIadj":0,"voiceSEIrank":140,"voiceScore":0}}},"hour":{"boundaryQuantum":4984410,"combined":{"entityString":"536575feb08f37d80186a0c8","type":"combined","profiles":2,"postsMade":0,"repliesMade":0,"repliesRcvd":1,"sharesMade":0,"sharesRcvd":2,"mentionsRcvd":0,"likesRcvd":7,"reachRcvd":0,"audience":33241,"voice":0,"conversation":1,"engagement":10,"group_scoped":{"audienceScore":0.8440692461296883,"voiceScore":0,"engagementScore":0.25793139025019346,"combinedScore":0.3416653696615498,"combinedScoreRank":144,"SEIrank":67,"engagementSEIrank":32,"voiceSEIrank":159,"audienceSEIrank":90,"engagementSEI":0.2732987154960372,"engagementSEIadj":0.2732987154960372,"voiceSEI":0,"voiceSEIadj":0,"audienceSEI":1.3221891994234092,"audienceSEIadj":1.3221891994234092,"SEI":0.29619814923996324,"SEIadj":0.29619814923996324},"non_scoped":{"SEI":0.22206617960092134,"SEIrank":39,"SEIadj":0,"audienceSEI":1.3221891994234092,"audienceSEIadj":0,"audienceSEIrank":47,"audienceScore":0.24480787615450803,"combinedScore":0.07564746721902596,"combinedScoreRank":27,"engagementSEI":0.1497454327643007,"engagementSEIadj":0,"engagementSEIrank":19,"engagementScore":0.07045230379033394,"voiceSEI":0,"voiceSEIadj":0,"voiceSEIrank":159,"voiceScore":0},"scoped":{"SEI":2.2332170636065833,"SEIrank":38,"SEIadj":0,"audienceSEI":17.35704625795638,"audienceSEIadj":0,"audienceSEIrank":36,"audienceScore":0.7073523919771969,"combinedScore":0.5775362942976551,"combinedScoreRank":16,"engagementSEI":0.8291873963515755,"engagementSEIadj":0,"engagementSEIrank":13,"engagementScore":0.6024096385542169,"voiceSEI":0,"voiceSEIadj":0,"voiceSEIrank":141,"voiceScore":0}},"facebook":{"entityString":"536575feb08f37d80186a0c8","type":"facebook","profiles":1,"postsMade":0,"repliesMade":0,"repliesRcvd":1,"sharesMade":0,"sharesRcvd":2,"mentionsRcvd":0,"likesRcvd":6,"reachRcvd":0,"audience":15384,"voice":0,"conversation":1,"engagement":9,"group_scoped":{"audienceScore":0.5952585935042367,"voiceScore":0,"engagementScore":0.26049204052098407,"combinedScore":0.3083158338043059,"combinedScoreRank":103,"SEIrank":51,"engagementSEIrank":25,"voiceSEIrank":158,"audienceSEIrank":83,"engagementSEI":0.2745576571079927,"engagementSEIadj":0.2745576571079927,"voiceSEI":0,"voiceSEIadj":0,"audienceSEI":0.8360433368693807,"audienceSEIadj":0.8360433368693807,"SEI":0.24833892795173368,"SEIadj":0.24833892795173368},"non_scoped":{"SEI":0.16783456298034005,"SEIrank":35,"SEIadj":0,"audienceSEI":0.8360433368693807,"audienceSEIadj":0,"audienceSEIrank":54,"audienceScore":0.16041459205539016,"combinedScore":0.07476430244390332,"combinedScoreRank":20,"engagementSEI":0.14038371548900327,"engagementSEIadj":0,"engagementSEIrank":16,"engagementScore":0.07415952537903757,"voiceSEI":0,"voiceSEIadj":0,"voiceSEIrank":158,"voiceScore":0},"scoped":{"SEI":8.377626789365472,"SEIrank":13,"SEIadj":0,"audienceSEI":10.803294920681736,"audienceSEIadj":0,"audienceSEIrank":43,"audienceScore":0.6612971379469096,"combinedScore":2.2768321699167364,"combinedScoreRank":10,"engagementSEI":12.162162162162163,"engagementSEIadj":0,"engagementSEIrank":10,"engagementScore":2.4930747922437675,"voiceSEI":0,"voiceSEIadj":0,"voiceSEIrank":140,"voiceScore":0}},"twitter":{"entityString":"536575feb08f37d80186a0c8","type":"twitter","profiles":1,"postsMade":0,"repliesMade":0,"repliesRcvd":0,"sharesMade":0,"sharesRcvd":0,"mentionsRcvd":0,"likesRcvd":1,"reachRcvd":0,"audience":17857,"voice":0,"conversation":0,"engagement":1,"group_scoped":{"audienceScore":1.447269137595525,"voiceScore":0,"engagementScore":1.0309278350515463,"combinedScore":1.0904051639864003,"combinedScoreRank":130,"SEIrank":49,"engagementSEIrank":30,"voiceSEIrank":159,"audienceSEIrank":125,"engagementSEI":1.7857142857142856,"engagementSEIadj":1.7857142857142856,"voiceSEI":0,"voiceSEIadj":0,"audienceSEI":3.2228663422804256,"audienceSEIadj":3.2228663422804256,"SEI":1.393715205656614,"SEIadj":1.393715205656614},"non_scoped":{"SEI":1.393715205656614,"SEIrank":29,"SEIadj":0,"audienceSEI":3.2228663422804256,"audienceSEIadj":0,"audienceSEIrank":34,"audienceScore":0.5215802857431606,"combinedScore":0.4738402083170088,"combinedScoreRank":25,"engagementSEI":1.7857142857142856,"engagementSEIadj":0,"engagementSEIrank":29,"engagementScore":0.4975124378109453,"voiceSEI":0,"voiceSEIadj":0,"voiceSEIrank":159,"voiceScore":0},"scoped":{"SEI":4.865294590335984,"SEIrank":24,"SEIadj":0,"audienceSEI":15.319612570026509,"audienceSEIadj":0,"audienceSEIrank":25,"audienceScore":0.8280286084185613,"combinedScore":0.9597687773597036,"combinedScoreRank":19,"engagementSEI":5.555555555555555,"engagementSEIadj":0,"engagementSEIrank":23,"engagementScore":1.0204081632653061,"voiceSEI":0,"voiceSEIadj":0,"voiceSEIrank":141,"voiceScore":0}},"instagram":{"entityString":"536575feb08f37d80186a0c8","type":"instagram","profiles":0,"postsMade":0,"repliesMade":0,"repliesRcvd":0,"sharesMade":0,"sharesRcvd":0,"mentionsRcvd":0,"likesRcvd":0,"reachRcvd":0,"audience":0,"voice":0,"conversation":0,"engagement":0,"group_scoped":{"audienceScore":0,"voiceScore":0,"engagementScore":0,"combinedScore":0,"combinedScoreRank":176,"SEIrank":158,"engagementSEIrank":157,"voiceSEIrank":156,"audienceSEIrank":158,"engagementSEI":0,"engagementSEIadj":0,"voiceSEI":0,"voiceSEIadj":0,"audienceSEI":0,"audienceSEIadj":0,"SEI":0,"SEIadj":0},"non_scoped":{"SEI":0,"SEIrank":158,"SEIadj":0,"audienceSEI":0,"audienceSEIadj":0,"audienceSEIrank":158,"audienceScore":0,"combinedScore":0,"combinedScoreRank":158,"engagementSEI":0,"engagementSEIadj":0,"engagementSEIrank":157,"engagementScore":0,"voiceSEI":0,"voiceSEIadj":0,"voiceSEIrank":156,"voiceScore":0},"scoped":{"SEI":0,"SEIrank":140,"SEIadj":0,"audienceSEI":0,"audienceSEIadj":0,"audienceSEIrank":140,"audienceScore":0,"combinedScore":0,"combinedScoreRank":140,"engagementSEI":0,"engagementSEIadj":0,"engagementSEIrank":140,"engagementScore":0,"voiceSEI":0,"voiceSEIadj":0,"voiceSEIrank":140,"voiceScore":0}}},"today":{"boundaryQuantum":4984134,"combined":{"entityString":"536575feb08f37d80186a0c8","type":"combined","profiles":2,"postsMade":4,"repliesMade":0,"repliesRcvd":37,"sharesMade":0,"sharesRcvd":25,"mentionsRcvd":0,"likesRcvd":62,"reachRcvd":0,"audience":33241,"voice":4,"conversation":41,"engagement":124,"group_scoped":{"audienceScore":0.8440692461296883,"voiceScore":1.8181818181818181,"engagementScore":0.1161690446969768,"combinedScore":0.23766469344285446,"combinedScoreRank":123,"SEIrank":61,"engagementSEIrank":80,"voiceSEIrank":50,"audienceSEIrank":90,"engagementSEI":0.1285120583693478,"engagementSEIadj":0.1285120583693478,"voiceSEI":4.395604395604396,"voiceSEIadj":4.395604395604396,"audienceSEI":1.3221891994234092,"audienceSEIadj":1.3221891994234092,"SEI":1.5280074736452682,"SEIadj":1.5280074736452682},"non_scoped":{"SEI":1.4889968421885595,"SEIrank":37,"SEIadj":0,"audienceSEI":1.3221891994234092,"audienceSEIadj":0,"audienceSEIrank":47,"audienceScore":0.24480787615450803,"combinedScore":0.06661715585108277,"combinedScoreRank":41,"engagementSEI":0.06349433927483321,"engagementSEIadj":0,"engagementSEIrank":44,"engagementScore":0.03308501782321928,"voiceSEI":4.395604395604396,"voiceSEIadj":0,"voiceSEIrank":38,"voiceScore":0.4920049200492005},"scoped":{"SEI":6.292059820899283,"SEIrank":32,"SEIadj":0,"audienceSEI":17.35704625795638,"audienceSEIadj":0,"audienceSEIrank":36,"audienceScore":0.7073523919771969,"combinedScore":0.38591884836102963,"combinedScoreRank":33,"engagementSEI":0.6973736010348125,"engagementSEIadj":0,"engagementSEIrank":36,"engagementScore":0.3314798973481608,"voiceSEI":13.793103448275861,"voiceSEIadj":0,"voiceSEIrank":30,"voiceScore":1.0443864229765014}},"facebook":{"entityString":"536575feb08f37d80186a0c8","type":"facebook","profiles":1,"postsMade":2,"repliesMade":0,"repliesRcvd":37,"sharesMade":0,"sharesRcvd":10,"mentionsRcvd":0,"likesRcvd":37,"reachRcvd":0,"audience":15384,"voice":2,"conversation":39,"engagement":84,"group_scoped":{"audienceScore":0.5952585935042367,"voiceScore":2.7777777777777777,"engagementScore":0.08570029382957885,"combinedScore":0.24578208301072169,"combinedScoreRank":86,"SEIrank":39,"engagementSEIrank":59,"voiceSEIrank":29,"audienceSEIrank":83,"engagementSEI":0.09379710792250572,"engagementSEIadj":0.09379710792250572,"voiceSEI":5.128205128205128,"voiceSEIadj":5.128205128205128,"audienceSEI":0.8360433368693807,"audienceSEIadj":0.8360433368693807,"SEI":1.6783441369019798,"SEIadj":1.6783441369019798},"non_scoped":{"SEI":1.6489012181327585,"SEIrank":25,"SEIadj":0,"audienceSEI":0.8360433368693807,"audienceSEIadj":0,"audienceSEIrank":54,"audienceScore":0.16041459205539016,"combinedScore":0.06465139177606369,"combinedScoreRank":35,"engagementSEI":0.044725576640470256,"engagementSEIadj":0,"engagementSEIrank":40,"engagementScore":0.02513006303457478,"voiceSEI":5.128205128205128,"voiceSEIadj":0,"voiceSEIrank":26,"voiceScore":0.6802721088435374},"scoped":{"SEI":7.517045569605231,"SEIrank":23,"SEIadj":0,"audienceSEI":10.803294920681736,"audienceSEIadj":0,"audienceSEIrank":43,"audienceScore":0.6612971379469096,"combinedScore":0.6498961087126228,"combinedScoreRank":30,"engagementSEI":2.394526795895097,"engagementSEIadj":0,"engagementSEIrank":32,"engagementScore":0.5591054313099041,"voiceSEI":16.666666666666664,"voiceSEIadj":0,"voiceSEIrank":18,"voiceScore":2.272727272727273}},"twitter":{"entityString":"536575feb08f37d80186a0c8","type":"twitter","profiles":1,"postsMade":2,"repliesMade":0,"repliesRcvd":0,"sharesMade":0,"sharesRcvd":15,"mentionsRcvd":0,"likesRcvd":25,"reachRcvd":0,"audience":17857,"voice":2,"conversation":2,"engagement":40,"group_scoped":{"audienceScore":1.447269137595525,"voiceScore":1.3888888888888888,"engagementScore":1.184483269173823,"combinedScore":1.2078428435806614,"combinedScoreRank":119,"SEIrank":86,"engagementSEIrank":84,"voiceSEIrank":67,"audienceSEIrank":125,"engagementSEI":2.5220680958385877,"engagementSEIadj":2.5220680958385877,"voiceSEI":4.166666666666666,"voiceSEIadj":4.166666666666666,"audienceSEI":3.2228663422804256,"audienceSEIadj":3.2228663422804256,"SEI":3.0855274917311952,"SEIadj":3.0855274917311952},"non_scoped":{"SEI":3.0855274917311952,"SEIrank":41,"SEIadj":0,"audienceSEI":3.2228663422804256,"audienceSEIadj":0,"audienceSEIrank":34,"audienceScore":0.5215802857431606,"combinedScore":0.6158795840877278,"combinedScoreRank":30,"engagementSEI":2.5220680958385877,"engagementSEIadj":0,"engagementSEIrank":27,"engagementScore":0.6331117442228553,"voiceSEI":4.166666666666666,"voiceSEIadj":0,"voiceSEIrank":56,"voiceScore":0.4},"scoped":{"SEI":8.300620107445887,"SEIrank":30,"SEIadj":0,"audienceSEI":15.319612570026509,"audienceSEIadj":0,"audienceSEIrank":25,"audienceScore":0.8280286084185613,"combinedScore":1.0770388263475383,"combinedScoreRank":23,"engagementSEI":7.434944237918216,"engagementSEIadj":0,"engagementSEIrank":21,"engagementScore":1.1126564673157162,"voiceSEI":7.6923076923076925,"voiceSEIadj":0,"voiceSEIrank":46,"voiceScore":0.684931506849315}},"instagram":{"entityString":"536575feb08f37d80186a0c8","type":"instagram","profiles":0,"postsMade":0,"repliesMade":0,"repliesRcvd":0,"sharesMade":0,"sharesRcvd":0,"mentionsRcvd":0,"likesRcvd":0,"reachRcvd":0,"audience":0,"voice":0,"conversation":0,"engagement":0,"group_scoped":{"audienceScore":0,"voiceScore":0,"engagementScore":0,"combinedScore":0,"combinedScoreRank":176,"SEIrank":158,"engagementSEIrank":158,"voiceSEIrank":158,"audienceSEIrank":158,"engagementSEI":0,"engagementSEIadj":0,"voiceSEI":0,"voiceSEIadj":0,"audienceSEI":0,"audienceSEIadj":0,"SEI":0,"SEIadj":0},"non_scoped":{"SEI":0,"SEIrank":158,"SEIadj":0,"audienceSEI":0,"audienceSEIadj":0,"audienceSEIrank":158,"audienceScore":0,"combinedScore":0,"combinedScoreRank":158,"engagementSEI":0,"engagementSEIadj":0,"engagementSEIrank":158,"engagementScore":0,"voiceSEI":0,"voiceSEIadj":0,"voiceSEIrank":158,"voiceScore":0},"scoped":{"SEI":0,"SEIrank":140,"SEIadj":0,"audienceSEI":0,"audienceSEIadj":0,"audienceSEIrank":140,"audienceScore":0,"combinedScore":0,"combinedScoreRank":140,"engagementSEI":0,"engagementSEIadj":0,"engagementSEIrank":140,"engagementScore":0,"voiceSEI":0,"voiceSEIadj":0,"voiceSEIrank":140,"voiceScore":0}}},"week":{"boundaryQuantum":4982406,"combined":{"entityString":"536575feb08f37d80186a0c8","type":"combined","profiles":2,"postsMade":35,"repliesMade":0,"repliesRcvd":1048,"sharesMade":0,"sharesRcvd":278,"mentionsRcvd":0,"likesRcvd":1154,"reachRcvd":0,"audience":33241,"voice":35,"conversation":1083,"engagement":2480,"group_scoped":{"audienceScore":0.8440692461296883,"voiceScore":1.589464123524069,"engagementScore":0.30529765290118943,"combinedScore":0.3964445560937584,"combinedScoreRank":65,"SEIrank":74,"engagementSEIrank":51,"voiceSEIrank":64,"audienceSEIrank":90,"engagementSEI":0.3375040486876808,"engagementSEIadj":0.3375040486876808,"voiceSEI":4.069767441860465,"voiceSEIadj":4.069767441860465,"audienceSEI":1.3221891994234092,"audienceSEIadj":1.3221891994234092,"SEI":1.555651581713089,"SEIadj":1.555651581713089},"non_scoped":{"SEI":1.5054081729265192,"SEIrank":45,"SEIadj":0,"audienceSEI":1.3221891994234092,"audienceSEIadj":0,"audienceSEIrank":47,"audienceScore":0.24480787615450803,"combinedScore":0.1243895052158182,"combinedScoreRank":34,"engagementSEI":0.2537650340433979,"engagementSEIadj":0,"engagementSEIrank":31,"engagementScore":0.10343111883693375,"voiceSEI":4.069767441860465,"voiceSEIadj":0,"voiceSEIrank":49,"voiceScore":0.38122208909704824},"scoped":{"SEI":11.41405253371553,"SEIrank":30,"SEIadj":0,"audienceSEI":17.35704625795638,"audienceSEIadj":0,"audienceSEIrank":36,"audienceScore":0.7073523919771969,"combinedScore":1.1594079193298872,"combinedScoreRank":22,"engagementSEI":8.24769696365027,"engagementSEIadj":0,"engagementSEIrank":22,"engagementScore":1.2045500908269624,"voiceSEI":15.765765765765765,"voiceSEIadj":0,"voiceSEIrank":39,"voiceScore":0.7989043597352202}},"facebook":{"entityString":"536575feb08f37d80186a0c8","type":"facebook","profiles":1,"postsMade":19,"repliesMade":0,"repliesRcvd":1048,"sharesMade":0,"sharesRcvd":156,"mentionsRcvd":0,"likesRcvd":829,"reachRcvd":0,"audience":15384,"voice":19,"conversation":1067,"engagement":2033,"group_scoped":{"audienceScore":0.5952585935042367,"voiceScore":2.1229050279329607,"engagementScore":0.2790347839573528,"combinedScore":0.3870394866334774,"combinedScoreRank":58,"SEIrank":40,"engagementSEIrank":46,"voiceSEIrank":29,"audienceSEIrank":83,"engagementSEI":0.3058435218490821,"engagementSEIadj":0.3058435218490821,"voiceSEI":5.688622754491018,"voiceSEIadj":5.688622754491018,"audienceSEI":0.8360433368693807,"audienceSEIadj":0.8360433368693807,"SEI":1.9736972731436926,"SEIadj":1.9736972731436926},"non_scoped":{"SEI":1.6652695523719823,"SEIrank":24,"SEIadj":0,"audienceSEI":0.8360433368693807,"audienceSEIadj":0,"audienceSEIrank":54,"audienceScore":0.16041459205539016,"combinedScore":0.12145378979287416,"combinedScoreRank":32,"engagementSEI":0.21880589882621884,"engagementSEIadj":0,"engagementSEIrank":29,"engagementScore":0.09342766479091366,"voiceSEI":4.8346055979643765,"voiceSEIadj":0,"voiceSEIrank":24,"voiceScore":0.5869632375656472},"scoped":{"SEI":16.833647846717327,"SEIrank":23,"SEIadj":0,"audienceSEI":10.803294920681736,"audienceSEIadj":0,"audienceSEIrank":43,"audienceScore":0.6612971379469096,"combinedScore":1.46883639190752,"combinedScoreRank":21,"engagementSEI":15.460076045627376,"engagementSEIadj":0,"engagementSEIrank":20,"engagementScore":1.5058478449265593,"voiceSEI":21.59090909090909,"voiceSEIadj":0,"voiceSEIrank":16,"voiceScore":1.6101694915254237}},"twitter":{"entityString":"536575feb08f37d80186a0c8","type":"twitter","profiles":1,"postsMade":16,"repliesMade":0,"repliesRcvd":0,"sharesMade":0,"sharesRcvd":122,"mentionsRcvd":0,"likesRcvd":325,"reachRcvd":0,"audience":17857,"voice":16,"conversation":16,"engagement":447,"group_scoped":{"audienceScore":1.447269137595525,"voiceScore":1.2658227848101267,"engagementScore":1.5279439412066314,"combinedScore":1.510804143206251,"combinedScoreRank":77,"SEIrank":88,"engagementSEIrank":74,"voiceSEIrank":89,"audienceSEIrank":125,"engagementSEI":2.864833685829648,"engagementSEIadj":2.864833685829648,"voiceSEI":3.3126293995859215,"voiceSEIadj":3.3126293995859215,"audienceSEI":3.2228663422804256,"audienceSEIadj":3.2228663422804256,"SEI":3.034975665601608,"SEIadj":3.034975665601608},"non_scoped":{"SEI":3.034975665601608,"SEIrank":45,"SEIadj":0,"audienceSEI":3.2228663422804256,"audienceSEIadj":0,"audienceSEIrank":34,"audienceScore":0.5215802857431606,"combinedScore":0.6959880106111594,"combinedScoreRank":27,"engagementSEI":2.864833685829648,"engagementSEIadj":0,"engagementSEIrank":27,"engagementScore":0.7288439589108103,"voiceSEI":3.3126293995859215,"voiceSEIadj":0,"voiceSEIrank":73,"voiceScore":0.2789886660854403},"scoped":{"SEI":14.715960805331466,"SEIrank":27,"SEIadj":0,"audienceSEI":15.319612570026509,"audienceSEIadj":0,"audienceSEIrank":25,"audienceScore":0.8280286084185613,"combinedScore":1.4475192817141656,"combinedScoreRank":19,"engagementSEI":17.035060975609756,"engagementSEIadj":0,"engagementSEIrank":19,"engagementScore":1.534026562339133,"voiceSEI":9.876543209876543,"voiceSEIadj":0,"voiceSEIrank":63,"voiceScore":0.5098789037603569}},"instagram":{"entityString":"536575feb08f37d80186a0c8","type":"instagram","profiles":0,"postsMade":0,"repliesMade":0,"repliesRcvd":0,"sharesMade":0,"sharesRcvd":0,"mentionsRcvd":0,"likesRcvd":0,"reachRcvd":0,"audience":0,"voice":0,"conversation":0,"engagement":0,"group_scoped":{"audienceScore":0,"voiceScore":0,"engagementScore":0,"combinedScore":0,"combinedScoreRank":176,"SEIrank":158,"engagementSEIrank":158,"voiceSEIrank":158,"audienceSEIrank":158,"engagementSEI":0,"engagementSEIadj":0,"voiceSEI":0,"voiceSEIadj":0,"audienceSEI":0,"audienceSEIadj":0,"SEI":0,"SEIadj":0},"non_scoped":{"SEI":0,"SEIrank":158,"SEIadj":0,"audienceSEI":0,"audienceSEIadj":0,"audienceSEIrank":158,"audienceScore":0,"combinedScore":0,"combinedScoreRank":158,"engagementSEI":0,"engagementSEIadj":0,"engagementSEIrank":158,"engagementScore":0,"voiceSEI":0,"voiceSEIadj":0,"voiceSEIrank":158,"voiceScore":0},"scoped":{"SEI":0,"SEIrank":140,"SEIadj":0,"audienceSEI":0,"audienceSEIadj":0,"audienceSEIrank":140,"audienceScore":0,"combinedScore":0,"combinedScoreRank":140,"engagementSEI":0,"engagementSEIadj":0,"engagementSEIrank":140,"engagementScore":0,"voiceSEI":0,"voiceSEIadj":0,"voiceSEIrank":140,"voiceScore":0}}},"month":{"boundaryQuantum":4975782,"combined":{"entityString":"536575feb08f37d80186a0c8","type":"combined","profiles":2,"postsMade":168,"repliesMade":0,"repliesRcvd":5845,"sharesMade":0,"sharesRcvd":1153,"mentionsRcvd":0,"likesRcvd":5516,"reachRcvd":0,"audience":33241,"voice":168,"conversation":6013,"engagement":12514,"group_scoped":{"audienceScore":0.8440692461296883,"voiceScore":1.8008361024761494,"engagementScore":0.4032823327598091,"combinedScore":0.49519936691412014,"combinedScoreRank":61,"SEIrank":63,"engagementSEIrank":50,"voiceSEIrank":56,"audienceSEIrank":90,"engagementSEI":0.46222986572285196,"engagementSEIadj":0.46222986572285196,"voiceSEI":4.642166344294004,"voiceSEIadj":4.642166344294004,"audienceSEI":1.3221891994234092,"audienceSEIadj":1.3221891994234092,"SEI":1.8022067426642534,"SEIadj":1.8022067426642534},"non_scoped":{"SEI":1.7320632870068327,"SEIrank":42,"SEIadj":0,"audienceSEI":1.3221891994234092,"audienceSEIadj":0,"audienceSEIrank":47,"audienceScore":0.24480787615450803,"combinedScore":0.1568886998174696,"combinedScoreRank":29,"engagementSEI":0.34532410629381743,"engagementSEIadj":0,"engagementSEIrank":28,"engagementScore":0.13600609842911543,"voiceSEI":4.642166344294004,"voiceSEIadj":0,"voiceSEIrank":39,"voiceScore":0.4448563484708063},"scoped":{"SEI":13.986630213617666,"SEIrank":25,"SEIadj":0,"audienceSEI":17.35704625795638,"audienceSEIadj":0,"audienceSEIrank":36,"audienceScore":0.7073523919771969,"combinedScore":1.269380118729771,"combinedScoreRank":20,"engagementSEI":11.576104049878818,"engagementSEIadj":0,"engagementSEIrank":20,"engagementScore":1.3190125851128867,"voiceSEI":17.684210526315788,"voiceSEIadj":0,"voiceSEIrank":29,"voiceScore":0.9380234505862647}},"facebook":{"entityString":"536575feb08f37d80186a0c8","type":"facebook","profiles":1,"postsMade":72,"repliesMade":0,"repliesRcvd":5845,"sharesMade":0,"sharesRcvd":703,"mentionsRcvd":0,"likesRcvd":4120,"reachRcvd":0,"audience":15384,"voice":72,"conversation":5917,"engagement":10668,"group_scoped":{"audienceScore":0.5952585935042367,"voiceScore":1.9427954668105774,"engagementScore":0.3887021327606523,"combinedScore":0.4767346225003278,"combinedScoreRank":49,"SEIrank":35,"engagementSEIrank":43,"voiceSEIrank":28,"audienceSEIrank":83,"engagementSEI":0.44443648261935903,"engagementSEIadj":0.44443648261935903,"voiceSEI":4.986149584487535,"voiceSEIadj":4.986149584487535,"audienceSEI":0.8360433368693807,"audienceSEIadj":0.8360433368693807,"SEI":1.8461110986048141,"SEIadj":1.8461110986048141},"non_scoped":{"SEI":1.6471451863496636,"SEIrank":25,"SEIadj":0,"audienceSEI":0.8360433368693807,"audienceSEIadj":0,"audienceSEIrank":54,"audienceScore":0.16041459205539016,"combinedScore":0.15053556658544429,"combinedScoreRank":28,"engagementSEI":0.3114463541829365,"engagementSEIadj":0,"engagementSEIrank":26,"engagementScore":0.12899202070450103,"voiceSEI":4.588910133843212,"voiceSEIadj":0,"voiceSEIrank":25,"voiceScore":0.5284403669724771},"scoped":{"SEI":15.050195270743032,"SEIrank":19,"SEIadj":0,"audienceSEI":10.803294920681736,"audienceSEIadj":0,"audienceSEIrank":43,"audienceScore":0.6612971379469096,"combinedScore":1.523537576408486,"combinedScoreRank":19,"engagementSEI":11.518403748771824,"engagementSEIadj":0,"engagementSEIrank":18,"engagementScore":1.574247738900358,"voiceSEI":23.52941176470588,"voiceSEIadj":0,"voiceSEIrank":17,"voiceScore":1.4729950900163666}},"twitter":{"entityString":"536575feb08f37d80186a0c8","type":"twitter","profiles":1,"postsMade":96,"repliesMade":0,"repliesRcvd":0,"sharesMade":0,"sharesRcvd":450,"mentionsRcvd":0,"likesRcvd":1396,"reachRcvd":0,"audience":17857,"voice":96,"conversation":96,"engagement":1846,"group_scoped":{"audienceScore":1.447269137595525,"voiceScore":1.7647058823529411,"engagementScore":1.6907239155920282,"combinedScore":1.6822502750302488,"combinedScoreRank":76,"SEIrank":86,"engagementSEIrank":83,"voiceSEIrank":69,"audienceSEIrank":125,"engagementSEI":3.203026044106675,"engagementSEIadj":3.203026044106675,"voiceSEI":4.819277108433735,"voiceSEIadj":4.819277108433735,"audienceSEI":3.2228663422804256,"audienceSEIadj":3.2228663422804256,"SEI":3.689885393222168,"SEIadj":3.689885393222168},"non_scoped":{"SEI":3.689885393222168,"SEIrank":40,"SEIadj":0,"audienceSEI":3.2228663422804256,"audienceSEIadj":0,"audienceSEIrank":34,"audienceScore":0.5215802857431606,"combinedScore":0.7353103241586897,"combinedScoreRank":25,"engagementSEI":3.203026044106675,"engagementSEIadj":0,"engagementSEIrank":24,"engagementScore":0.7651528025897479,"voiceSEI":4.819277108433735,"voiceSEIadj":0,"voiceSEIrank":52,"voiceScore":0.4118757508151707},"scoped":{"SEI":16.93032050548478,"SEIrank":24,"SEIadj":0,"audienceSEI":15.319612570026509,"audienceSEIadj":0,"audienceSEIrank":25,"audienceScore":0.8280286084185613,"combinedScore":1.4767772785264928,"combinedScoreRank":17,"engagementSEI":18.210515931735227,"engagementSEIadj":0,"engagementSEIrank":16,"engagementScore":1.5531660692951015,"voiceSEI":14.906832298136646,"voiceSEIadj":0,"voiceSEIrank":42,"voiceScore":0.7505277147994683}},"instagram":{"entityString":"536575feb08f37d80186a0c8","type":"instagram","profiles":0,"postsMade":0,"repliesMade":0,"repliesRcvd":0,"sharesMade":0,"sharesRcvd":0,"mentionsRcvd":0,"likesRcvd":0,"reachRcvd":0,"audience":0,"voice":0,"conversation":0,"engagement":0,"group_scoped":{"audienceScore":0,"voiceScore":0,"engagementScore":0,"combinedScore":0,"combinedScoreRank":176,"SEIrank":158,"engagementSEIrank":158,"voiceSEIrank":158,"audienceSEIrank":158,"engagementSEI":0,"engagementSEIadj":0,"voiceSEI":0,"voiceSEIadj":0,"audienceSEI":0,"audienceSEIadj":0,"SEI":0,"SEIadj":0},"non_scoped":{"SEI":0,"SEIrank":158,"SEIadj":0,"audienceSEI":0,"audienceSEIadj":0,"audienceSEIrank":158,"audienceScore":0,"combinedScore":0,"combinedScoreRank":158,"engagementSEI":0,"engagementSEIadj":0,"engagementSEIrank":158,"engagementScore":0,"voiceSEI":0,"voiceSEIadj":0,"voiceSEIrank":158,"voiceScore":0},"scoped":{"SEI":0,"SEIrank":140,"SEIadj":0,"audienceSEI":0,"audienceSEIadj":0,"audienceSEIrank":140,"audienceScore":0,"combinedScore":0,"combinedScoreRank":140,"engagementSEI":0,"engagementSEIadj":0,"engagementSEIrank":140,"engagementScore":0,"voiceSEI":0,"voiceSEIadj":0,"voiceSEIrank":140,"voiceScore":0}}},"quarter":{"boundaryQuantum":4958502,"combined":{"entityString":"536575feb08f37d80186a0c8","type":"combined","profiles":2,"postsMade":625,"repliesMade":0,"repliesRcvd":30804,"sharesMade":0,"sharesRcvd":6367,"mentionsRcvd":0,"likesRcvd":28797,"reachRcvd":0,"audience":33241,"voice":625,"conversation":31429,"engagement":65968,"group_scoped":{"audienceScore":0.8440692461296883,"voiceScore":2.215997730818324,"engagementScore":0.6852506060397994,"combinedScore":0.7697288942832201,"combinedScoreRank":45,"SEIrank":48,"engagementSEIrank":41,"voiceSEIrank":46,"audienceSEIrank":90,"engagementSEI":0.7775818604466405,"engagementSEIadj":0.7775818604466405,"voiceSEI":5.836757564437804,"voiceSEIadj":5.836757564437804,"audienceSEI":1.3221891994234092,"audienceSEIadj":1.3221891994234092,"SEI":2.349795305541666,"SEIadj":2.349795305541666},"non_scoped":{"SEI":2.228516371251292,"SEIrank":31,"SEIadj":0,"audienceSEI":1.3221891994234092,"audienceSEIadj":0,"audienceSEIrank":47,"audienceScore":0.24480787615450803,"combinedScore":0.24061618158109666,"combinedScoreRank":22,"engagementSEI":0.5754503032960162,"engagementSEIadj":0,"engagementSEIrank":18,"engagementScore":0.22286471428059848,"voiceSEI":5.836757564437804,"voiceSEIadj":0,"voiceSEIrank":34,"voiceScore":0.5559508984166519},"scoped":{"SEI":17.043669875488696,"SEIrank":17,"SEIadj":0,"audienceSEI":17.35704625795638,"audienceSEIadj":0,"audienceSEIrank":36,"audienceScore":0.7073523919771969,"combinedScore":2.0535428080235314,"combinedScoreRank":13,"engagementSEI":13.349009164695383,"engagementSEIadj":0,"engagementSEIrank":11,"engagementScore":2.1774621053333427,"voiceSEI":24.328532502919423,"voiceSEIadj":0,"voiceSEIrank":25,"voiceScore":1.1691858724932656}},"facebook":{"entityString":"536575feb08f37d80186a0c8","type":"facebook","profiles":1,"postsMade":218,"repliesMade":0,"repliesRcvd":30804,"sharesMade":0,"sharesRcvd":4299,"mentionsRcvd":0,"likesRcvd":23233,"reachRcvd":0,"audience":15384,"voice":218,"conversation":31022,"engagement":58336,"group_scoped":{"audienceScore":0.5952585935042367,"voiceScore":1.933652652119922,"engagementScore":0.6868237474585249,"combinedScore":0.7445869349938804,"combinedScoreRank":37,"SEIrank":32,"engagementSEIrank":38,"voiceSEIrank":27,"audienceSEIrank":83,"engagementSEI":0.7747643772540462,"engagementSEIadj":0.7747643772540462,"voiceSEI":5.246690734055355,"voiceSEIadj":5.246690734055355,"audienceSEI":0.8360433368693807,"audienceSEIadj":0.8360433368693807,"SEI":2.1224701802559722,"SEIadj":2.1224701802559722},"non_scoped":{"SEI":1.7727831175374291,"SEIrank":26,"SEIadj":0,"audienceSEI":0.8360433368693807,"audienceSEIadj":0,"audienceSEIrank":54,"audienceScore":0.16041459205539016,"combinedScore":0.23219223436283676,"combinedScoreRank":19,"engagementSEI":0.5268243220238954,"engagementSEIadj":0,"engagementSEIrank":18,"engagementScore":0.21924324774505788,"voiceSEI":4.576947302120512,"voiceSEIadj":0,"voiceSEIrank":24,"voiceScore":0.5370516357903035},"scoped":{"SEI":38.81971074087819,"SEIrank":13,"SEIadj":0,"audienceSEI":10.803294920681736,"audienceSEIadj":0,"audienceSEIrank":43,"audienceScore":0.6612971379469096,"combinedScore":2.7448704131985964,"combinedScoreRank":11,"engagementSEI":49.606285821187434,"engagementSEIadj":0,"engagementSEIrank":11,"engagementScore":2.9304588687874182,"voiceSEI":26.585365853658537,"voiceSEIadj":0,"voiceSEIrank":16,"voiceScore":1.4878514878514877}},"twitter":{"entityString":"536575feb08f37d80186a0c8","type":"twitter","profiles":1,"postsMade":407,"repliesMade":0,"repliesRcvd":0,"sharesMade":0,"sharesRcvd":2068,"mentionsRcvd":0,"likesRcvd":5564,"reachRcvd":0,"audience":17857,"voice":407,"conversation":407,"engagement":7632,"group_scoped":{"audienceScore":1.447269137595525,"voiceScore":2.4839792493133963,"engagementScore":1.9574149401644516,"combinedScore":1.9582358654934526,"combinedScoreRank":74,"SEIrank":80,"engagementSEIrank":79,"voiceSEIrank":58,"audienceSEIrank":125,"engagementSEI":3.6192571797109148,"engagementSEIadj":3.6192571797109148,"voiceSEI":6.774300932090546,"voiceSEIadj":6.774300932090546,"audienceSEI":3.2228663422804256,"audienceSEIadj":3.2228663422804256,"SEI":4.526131221681755,"SEIadj":4.526131221681755},"non_scoped":{"SEI":4.526131221681755,"SEIrank":30,"SEIadj":0,"audienceSEI":3.2228663422804256,"audienceSEIadj":0,"audienceSEIrank":34,"audienceScore":0.5215802857431606,"combinedScore":0.8817664737172248,"combinedScoreRank":19,"engagementSEI":3.6192571797109148,"engagementSEIadj":0,"engagementSEIrank":18,"engagementScore":0.9182789488882471,"voiceSEI":6.774300932090546,"voiceSEIadj":0,"voiceSEIrank":38,"voiceScore":0.5847281086128869},"scoped":{"SEI":22.770984141963847,"SEIrank":19,"SEIadj":0,"audienceSEI":15.319612570026509,"audienceSEIadj":0,"audienceSEIrank":25,"audienceScore":0.8280286084185613,"combinedScore":1.8081444408462053,"combinedScoreRank":12,"engagementSEI":24.010570691499403,"engagementSEIadj":0,"engagementSEIrank":12,"engagementScore":1.9038021163334848,"voiceSEI":22.775601566871853,"voiceSEIadj":0,"voiceSEIrank":28,"voiceScore":1.0664221145028165}},"instagram":{"entityString":"536575feb08f37d80186a0c8","type":"instagram","profiles":0,"postsMade":0,"repliesMade":0,"repliesRcvd":0,"sharesMade":0,"sharesRcvd":0,"mentionsRcvd":0,"likesRcvd":0,"reachRcvd":0,"audience":0,"voice":0,"conversation":0,"engagement":0,"group_scoped":{"audienceScore":0,"voiceScore":0,"engagementScore":0,"combinedScore":0,"combinedScoreRank":176,"SEIrank":158,"engagementSEIrank":158,"voiceSEIrank":158,"audienceSEIrank":158,"engagementSEI":0,"engagementSEIadj":0,"voiceSEI":0,"voiceSEIadj":0,"audienceSEI":0,"audienceSEIadj":0,"SEI":0,"SEIadj":0},"non_scoped":{"SEI":0,"SEIrank":158,"SEIadj":0,"audienceSEI":0,"audienceSEIadj":0,"audienceSEIrank":158,"audienceScore":0,"combinedScore":0,"combinedScoreRank":158,"engagementSEI":0,"engagementSEIadj":0,"engagementSEIrank":158,"engagementScore":0,"voiceSEI":0,"voiceSEIadj":0,"voiceSEIrank":158,"voiceScore":0},"scoped":{"SEI":0,"SEIrank":140,"SEIadj":0,"audienceSEI":0,"audienceSEIadj":0,"audienceSEIrank":140,"audienceScore":0,"combinedScore":0,"combinedScoreRank":140,"engagementSEI":0,"engagementSEIadj":0,"engagementSEIrank":140,"engagementScore":0,"voiceSEI":0,"voiceSEIadj":0,"voiceSEIrank":140,"voiceScore":0}}},"blended":{"combined":{"non_scoped":{"SEI":1.9001399726640544,"SEIadj":60.76005598906562,"SEIrank":42,"audienceSEI":1.3221891994234092,"audienceSEIadj":60.528875679769364,"audienceSEIrank":47,"engagementSEI":0.41882799476884175,"engagementSEIadj":60.167531197907536,"engagementSEIrank":24,"voiceSEI":5.055414186201362,"voiceSEIadj":62.02216567448055,"voiceSEIrank":39},"scoped":{"SEI":31.912572647919433,"SEIadj":79.57377179437583,"SEIrank":12,"compCharisma":9,"compInfluence":12,"compEva":10.912572647919433,"audienceSEI":17.35704625795638,"audienceSEIadj":66.94281850318255,"audienceSEIrank":36,"engagementSEI":10.920097958976337,"engagementSEIadj":73.2760293876929,"engagementSEIrank":16,"voiceSEI":20.236282732550603,"voiceSEIadj":68.09451309302024,"voiceSEIrank":29}},"facebook":{"non_scoped":{"SEI":1.7154892633393968,"SEIadj":60.686195705335756,"SEIrank":25,"audienceSEI":0.8360433368693808,"audienceSEIadj":60.334417334747755,"audienceSEIrank":54,"engagementSEI":0.3780071626192773,"engagementSEIadj":70.11340214878578,"engagementSEIrank":20,"voiceSEI":4.683602106936307,"voiceSEIadj":61.87344084277452,"voiceSEIrank":25},"scoped":{"SEI":27.09333129354601,"SEIadj":78.1279993880638,"SEIrank":13,"audienceSEI":10.803294920681736,"audienceSEIadj":64.3213179682727,"audienceSEIrank":43,"engagementSEI":31.28865262639246,"engagementSEIadj":79.38659578791774,"engagementSEIrank":13,"voiceSEI":24.132700752141208,"voiceSEIadj":77.23981022564236,"voiceSEIrank":17}},"twitter":{"non_scoped":{"SEI":3.881317494091245,"SEIadj":61.5525269976365,"SEIrank":35,"audienceSEI":3.222866342280425,"audienceSEIadj":61.28914653691217,"audienceSEIrank":34,"engagementSEI":3.2756360070122823,"engagementSEIadj":61.310254402804915,"engagementSEIrank":22,"voiceSEI":5.312164185519443,"voiceSEIadj":62.124865674207776,"voiceSEIrank":51},"scoped":{"SEI":18.754859393776375,"SEIadj":67.50194375751055,"SEIrank":22,"audienceSEI":15.319612570026507,"audienceSEIadj":66.1278450280106,"audienceSEIrank":25,"engagementSEI":20.219128240088825,"engagementSEIadj":76.06573847202665,"engagementSEIrank":14,"voiceSEI":16.97140397573477,"voiceSEIadj":66.78856159029391,"voiceSEIrank":39}},"instagram":{"non_scoped":{"SEI":0,"SEIadj":0,"SEIrank":158,"audienceSEI":0,"audienceSEIadj":0,"audienceSEIrank":158,"engagementSEI":0,"engagementSEIadj":0,"engagementSEIrank":158,"voiceSEI":0,"voiceSEIadj":0,"voiceSEIrank":158},"scoped":{"SEI":0,"SEIadj":0,"SEIrank":140,"audienceSEI":0,"audienceSEIadj":0,"audienceSEIrank":140,"engagementSEI":0,"engagementSEIadj":0,"engagementSEIrank":140,"voiceSEI":0,"voiceSEIadj":0,"voiceSEIrank":140}},"influence":{"instagram":{"scope":"individual","ratio":0,"calculated":false},"combined":{"ratio":2,"bottom":false,"scope":"individual","calculated":true},"facebook":{"ratio":2,"bottom":false,"scope":"individual","calculated":true},"twitter":{"ratio":1.93,"bottom":false,"scope":"individual","calculated":true}},"charisma":{"instagram":{"scope":"individual","ratio":0,"calculated":false},"combined":{"ratio":1.62,"bottom":false,"scope":"individual","calculated":true},"facebook":{"ratio":1.87,"bottom":false,"scope":"individual","calculated":true},"twitter":{"ratio":1.95,"bottom":false,"scope":"individual","calculated":true}}},"scope":"individual"}}