{"scoreEntityString":"591d1494ab33fb0001804f89.asset.536575feb08f37d80186a091","timeQuantum":4984422,"scoreEntityType":"asset","scoreProfileID":"591d1494ab33fb0001804f89","data":{"scoreEntityString":"591d1494ab33fb0001804f89.asset.536575feb08f37d80186a091","scoreProfileID":"591d1494ab33fb0001804f89","scoreEntityType":"asset","entityID":"asset.536575feb08f37d80186a091","object_version":"1.2","score_engine_version":"3.0.19","timestamp":4984422,"start_quantum":4958502,"end_quantum":4984421,"schedule_options":{"interval":15,"offset":"1"},"_15min":{"boundaryQuantum":4984419,"combined":{"entityString":"536575feb08f37d80186a091","type":"combined","profiles":1,"postsMade":0,"repliesMade":0,"repliesRcvd":0,"sharesMade":0,"sharesRcvd":0,"mentionsRcvd":0,"likesRcvd":0,"reachRcvd":0,"audience":2944,"voice":0,"conversation":0,"engagement":0,"group_scoped":{"audienceScore":0.1292378740720905,"voiceScore":0,"engagementScore":0,"combinedScore":0.1292378740720905,"engagementSEI":0,"engagementSEIadj":0,"voiceSEI":0,"voiceSEIadj":0,"audienceSEI":0.20020891364902507,"audienceSEIadj":0.20020891364902507,"SEI":0.02002089136490251,"SEIadj":0.02002089136490251,"combinedScoreRank":210,"SEIrank":210,"engagementSEIrank":63,"voiceSEIrank":58,"audienceSEIrank":210},"non_scoped":{"SEI":0.011710011741832426,"SEIrank":200,"SEIadj":0,"audienceSEI":0.11710011741832425,"audienceSEIadj":0,"audienceSEIrank":200,"audienceScore":0.02168148934745861,"combinedScore":0.0010840744673729305,"combinedScoreRank":200,"engagementSEI":0,"engagementSEIadj":0,"engagementSEIrank":63,"engagementScore":0,"voiceSEI":0,"voiceSEIadj":0,"voiceSEIrank":58,"voiceScore":0},"scoped":{"SEI":0.2722044492113098,"SEIrank":5,"SEIadj":0,"audienceSEI":2.722044492113098,"audienceSEIadj":0,"audienceSEIrank":5,"audienceScore":2.3657797671185543,"combinedScore":2.3657797671185543,"combinedScoreRank":5,"engagementSEI":0,"engagementSEIadj":0,"engagementSEIrank":4,"engagementScore":0,"voiceSEI":0,"voiceSEIadj":0,"voiceSEIrank":4,"voiceScore":0}},"facebook":{"entityString":"536575feb08f37d80186a091","type":"facebook","profiles":1,"postsMade":0,"repliesMade":0,"repliesRcvd":0,"sharesMade":0,"sharesRcvd":0,"mentionsRcvd":0,"likesRcvd":0,"reachRcvd":0,"audience":2944,"voice":0,"conversation":0,"engagement":0,"group_scoped":{"audienceScore":0.19135086299629192,"voiceScore":0,"engagementScore":0,"combinedScore":0.19135086299629192,"engagementSEI":0,"engagementSEIadj":0,"voiceSEI":0,"voiceSEIadj":0,"audienceSEI":0.26936026936026936,"audienceSEIadj":0.26936026936026936,"SEI":0.02693602693602694,"SEIadj":0.02693602693602694,"combinedScoreRank":131,"SEIrank":128,"engagementSEIrank":61,"voiceSEIrank":58,"audienceSEIrank":128},"non_scoped":{"SEI":0.01599916526094291,"SEIrank":127,"SEIadj":0,"audienceSEI":0.15999165260942907,"audienceSEIadj":0,"audienceSEIrank":127,"audienceScore":0.030698164262289957,"combinedScore":0.001534908213114498,"combinedScoreRank":127,"engagementSEI":0,"engagementSEIadj":0,"engagementSEIrank":61,"engagementScore":0,"voiceSEI":0,"voiceSEIadj":0,"voiceSEIrank":58,"voiceScore":0},"scoped":{"SEI":0.3510864120972166,"SEIrank":2,"SEIadj":0,"audienceSEI":3.510864120972166,"audienceSEIadj":0,"audienceSEIrank":2,"audienceScore":3.3917832208115395,"combinedScore":3.3917832208115395,"combinedScoreRank":2,"engagementSEI":0,"engagementSEIadj":0,"engagementSEIrank":4,"engagementScore":0,"voiceSEI":0,"voiceSEIadj":0,"voiceSEIrank":4,"voiceScore":0}},"twitter":{"entityString":"536575feb08f37d80186a091","type":"twitter","profiles":0,"postsMade":0,"repliesMade":0,"repliesRcvd":0,"sharesMade":0,"sharesRcvd":0,"mentionsRcvd":0,"likesRcvd":0,"reachRcvd":0,"audience":0,"voice":0,"conversation":0,"engagement":0,"group_scoped":{"audienceScore":0,"voiceScore":0,"engagementScore":0,"combinedScore":0,"engagementSEI":0,"engagementSEIadj":0,"voiceSEI":0,"voiceSEIadj":0,"audienceSEI":0,"audienceSEIadj":0,"SEI":0,"SEIadj":0,"combinedScoreRank":231,"SEIrank":231,"engagementSEIrank":59,"voiceSEIrank":57,"audienceSEIrank":231},"non_scoped":{"SEI":0,"SEIrank":231,"SEIadj":0,"audienceSEI":0,"audienceSEIadj":0,"audienceSEIrank":231,"audienceScore":0,"combinedScore":0,"combinedScoreRank":231,"engagementSEI":0,"engagementSEIadj":0,"engagementSEIrank":59,"engagementScore":0,"voiceSEI":0,"voiceSEIadj":0,"voiceSEIrank":57,"voiceScore":0},"scoped":{"SEI":0,"SEIrank":6,"SEIadj":0,"audienceSEI":0,"audienceSEIadj":0,"audienceSEIrank":6,"audienceScore":0,"combinedScore":0,"combinedScoreRank":6,"engagementSEI":0,"engagementSEIadj":0,"engagementSEIrank":4,"engagementScore":0,"voiceSEI":0,"voiceSEIadj":0,"voiceSEIrank":4,"voiceScore":0}},"instagram":{"entityString":"536575feb08f37d80186a091","type":"instagram","profiles":0,"postsMade":0,"repliesMade":0,"repliesRcvd":0,"sharesMade":0,"sharesRcvd":0,"mentionsRcvd":0,"likesRcvd":0,"reachRcvd":0,"audience":0,"voice":0,"conversation":0,"engagement":0,"group_scoped":{"audienceScore":0,"voiceScore":0,"engagementScore":0,"combinedScore":0,"engagementSEI":0,"engagementSEIadj":0,"voiceSEI":0,"voiceSEIadj":0,"audienceSEI":0,"audienceSEIadj":0,"SEI":0,"SEIadj":0,"combinedScoreRank":100,"SEIrank":82,"engagementSEIrank":59,"voiceSEIrank":56,"audienceSEIrank":82},"non_scoped":{"SEI":0,"SEIrank":82,"SEIadj":0,"audienceSEI":0,"audienceSEIadj":0,"audienceSEIrank":82,"audienceScore":0,"combinedScore":0,"combinedScoreRank":82,"engagementSEI":0,"engagementSEIadj":0,"engagementSEIrank":59,"engagementScore":0,"voiceSEI":0,"voiceSEIadj":0,"voiceSEIrank":56,"voiceScore":0},"scoped":{"SEI":0,"SEIrank":4,"SEIadj":0,"audienceSEI":0,"audienceSEIadj":0,"audienceSEIrank":4,"audienceScore":null,"combinedScore":null,"combinedScoreRank":3,"engagementSEI":0,"engagementSEIadj":0,"engagementSEIrank":4,"engagementScore":0,"voiceSEI":0,"voiceSEIadj":0,"voiceSEIrank":4,"voiceScore":0}}},"hour":{"boundaryQuantum":4984410,"combined":{"entityString":"536575feb08f37d80186a091","type":"combined","profiles":1,"postsMade":0,"repliesMade":0,"repliesRcvd":0,"sharesMade":0,"sharesRcvd":0,"mentionsRcvd":0,"likesRcvd":0,"reachRcvd":0,"audience":2944,"voice":0,"conversation":0,"engagement":0,"group_scoped":{"audienceScore":0.1292378740720905,"voiceScore":0,"engagementScore":0,"combinedScore":0.1292378740720905,"combinedScoreRank":207,"SEIrank":211,"engagementSEIrank":97,"voiceSEIrank":64,"audienceSEIrank":210,"engagementSEI":0,"engagementSEIadj":0,"voiceSEI":0,"voiceSEIadj":0,"audienceSEI":0.20020891364902507,"audienceSEIadj":0.20020891364902507,"SEI":0.02002089136490251,"SEIadj":0.02002089136490251},"non_scoped":{"SEI":0.011710011741832426,"SEIrank":201,"SEIadj":0,"audienceSEI":0.11710011741832425,"audienceSEIadj":0,"audienceSEIrank":200,"audienceScore":0.02168148934745861,"combinedScore":0.0010840744673729305,"combinedScoreRank":201,"engagementSEI":0,"engagementSEIadj":0,"engagementSEIrank":97,"engagementScore":0,"voiceSEI":0,"voiceSEIadj":0,"voiceSEIrank":64,"voiceScore":0},"scoped":{"SEI":0.2722044492113098,"SEIrank":5,"SEIadj":0,"audienceSEI":2.722044492113098,"audienceSEIadj":0,"audienceSEIrank":5,"audienceScore":2.3657797671185543,"combinedScore":0.33796853815979344,"combinedScoreRank":5,"engagementSEI":0,"engagementSEIadj":0,"engagementSEIrank":4,"engagementScore":0,"voiceSEI":0,"voiceSEIadj":0,"voiceSEIrank":4,"voiceScore":0}},"facebook":{"entityString":"536575feb08f37d80186a091","type":"facebook","profiles":1,"postsMade":0,"repliesMade":0,"repliesRcvd":0,"sharesMade":0,"sharesRcvd":0,"mentionsRcvd":0,"likesRcvd":0,"reachRcvd":0,"audience":2944,"voice":0,"conversation":0,"engagement":0,"group_scoped":{"audienceScore":0.19135086299629192,"voiceScore":0,"engagementScore":0,"combinedScore":0.19135086299629192,"combinedScoreRank":126,"SEIrank":130,"engagementSEIrank":86,"voiceSEIrank":60,"audienceSEIrank":128,"engagementSEI":0,"engagementSEIadj":0,"voiceSEI":0,"voiceSEIadj":0,"audienceSEI":0.26936026936026936,"audienceSEIadj":0.26936026936026936,"SEI":0.02693602693602694,"SEIadj":0.02693602693602694},"non_scoped":{"SEI":0.01599916526094291,"SEIrank":127,"SEIadj":0,"audienceSEI":0.15999165260942907,"audienceSEIadj":0,"audienceSEIrank":127,"audienceScore":0.030698164262289957,"combinedScore":0.001534908213114498,"combinedScoreRank":128,"engagementSEI":0,"engagementSEIadj":0,"engagementSEIrank":86,"engagementScore":0,"voiceSEI":0,"voiceSEIadj":0,"voiceSEIrank":60,"voiceScore":0},"scoped":{"SEI":0.3510864120972166,"SEIrank":2,"SEIadj":0,"audienceSEI":3.510864120972166,"audienceSEIadj":0,"audienceSEIrank":2,"audienceScore":3.3917832208115395,"combinedScore":0.4845404601159342,"combinedScoreRank":2,"engagementSEI":0,"engagementSEIadj":0,"engagementSEIrank":4,"engagementScore":0,"voiceSEI":0,"voiceSEIadj":0,"voiceSEIrank":4,"voiceScore":0}},"twitter":{"entityString":"536575feb08f37d80186a091","type":"twitter","profiles":0,"postsMade":0,"repliesMade":0,"repliesRcvd":0,"sharesMade":0,"sharesRcvd":0,"mentionsRcvd":0,"likesRcvd":0,"reachRcvd":0,"audience":0,"voice":0,"conversation":0,"engagement":0,"group_scoped":{"audienceScore":0,"voiceScore":0,"engagementScore":0,"combinedScore":0,"combinedScoreRank":231,"SEIrank":231,"engagementSEIrank":79,"voiceSEIrank":63,"audienceSEIrank":231,"engagementSEI":0,"engagementSEIadj":0,"voiceSEI":0,"voiceSEIadj":0,"audienceSEI":0,"audienceSEIadj":0,"SEI":0,"SEIadj":0},"non_scoped":{"SEI":0,"SEIrank":231,"SEIadj":0,"audienceSEI":0,"audienceSEIadj":0,"audienceSEIrank":231,"audienceScore":0,"combinedScore":0,"combinedScoreRank":231,"engagementSEI":0,"engagementSEIadj":0,"engagementSEIrank":79,"engagementScore":0,"voiceSEI":0,"voiceSEIadj":0,"voiceSEIrank":63,"voiceScore":0},"scoped":{"SEI":0,"SEIrank":6,"SEIadj":0,"audienceSEI":0,"audienceSEIadj":0,"audienceSEIrank":6,"audienceScore":0,"combinedScore":0,"combinedScoreRank":6,"engagementSEI":0,"engagementSEIadj":0,"engagementSEIrank":4,"engagementScore":0,"voiceSEI":0,"voiceSEIadj":0,"voiceSEIrank":4,"voiceScore":0}},"instagram":{"entityString":"536575feb08f37d80186a091","type":"instagram","profiles":0,"postsMade":0,"repliesMade":0,"repliesRcvd":0,"sharesMade":0,"sharesRcvd":0,"mentionsRcvd":0,"likesRcvd":0,"reachRcvd":0,"audience":0,"voice":0,"conversation":0,"engagement":0,"group_scoped":{"audienceScore":0,"voiceScore":0,"engagementScore":0,"combinedScore":0,"combinedScoreRank":100,"SEIrank":82,"engagementSEIrank":64,"voiceSEIrank":56,"audienceSEIrank":82,"engagementSEI":0,"engagementSEIadj":0,"voiceSEI":0,"voiceSEIadj":0,"audienceSEI":0,"audienceSEIadj":0,"SEI":0,"SEIadj":0},"non_scoped":{"SEI":0,"SEIrank":82,"SEIadj":0,"audienceSEI":0,"audienceSEIadj":0,"audienceSEIrank":82,"audienceScore":0,"combinedScore":0,"combinedScoreRank":82,"engagementSEI":0,"engagementSEIadj":0,"engagementSEIrank":64,"engagementScore":0,"voiceSEI":0,"voiceSEIadj":0,"voiceSEIrank":56,"voiceScore":0},"scoped":{"SEI":0,"SEIrank":4,"SEIadj":0,"audienceSEI":0,"audienceSEIadj":0,"audienceSEIrank":4,"audienceScore":null,"combinedScore":null,"combinedScoreRank":3,"engagementSEI":0,"engagementSEIadj":0,"engagementSEIrank":4,"engagementScore":0,"voiceSEI":0,"voiceSEIadj":0,"voiceSEIrank":4,"voiceScore":0}}},"today":{"boundaryQuantum":4984134,"combined":{"entityString":"536575feb08f37d80186a091","type":"combined","profiles":1,"postsMade":0,"repliesMade":0,"repliesRcvd":0,"sharesMade":0,"sharesRcvd":0,"mentionsRcvd":0,"likesRcvd":0,"reachRcvd":0,"audience":2944,"voice":0,"conversation":0,"engagement":0,"group_scoped":{"audienceScore":0.1292378740720905,"voiceScore":0,"engagementScore":0,"combinedScore":0.1292378740720905,"combinedScoreRank":164,"SEIrank":216,"engagementSEIrank":182,"voiceSEIrank":139,"audienceSEIrank":210,"engagementSEI":0,"engagementSEIadj":0,"voiceSEI":0,"voiceSEIadj":0,"audienceSEI":0.20020891364902507,"audienceSEIadj":0.20020891364902507,"SEI":0.02002089136490251,"SEIadj":0.02002089136490251},"non_scoped":{"SEI":0.011710011741832426,"SEIrank":206,"SEIadj":0,"audienceSEI":0.11710011741832425,"audienceSEIadj":0,"audienceSEIrank":200,"audienceScore":0.02168148934745861,"combinedScore":0.0010840744673729305,"combinedScoreRank":210,"engagementSEI":0,"engagementSEIadj":0,"engagementSEIrank":182,"engagementScore":0,"voiceSEI":0,"voiceSEIadj":0,"voiceSEIrank":139,"voiceScore":0},"scoped":{"SEI":0.2722044492113098,"SEIrank":5,"SEIadj":0,"audienceSEI":2.722044492113098,"audienceSEIadj":0,"audienceSEIrank":5,"audienceScore":2.3657797671185543,"combinedScore":0.11828898835592772,"combinedScoreRank":5,"engagementSEI":0,"engagementSEIadj":0,"engagementSEIrank":5,"engagementScore":0,"voiceSEI":0,"voiceSEIadj":0,"voiceSEIrank":5,"voiceScore":0}},"facebook":{"entityString":"536575feb08f37d80186a091","type":"facebook","profiles":1,"postsMade":0,"repliesMade":0,"repliesRcvd":0,"sharesMade":0,"sharesRcvd":0,"mentionsRcvd":0,"likesRcvd":0,"reachRcvd":0,"audience":2944,"voice":0,"conversation":0,"engagement":0,"group_scoped":{"audienceScore":0.19135086299629192,"voiceScore":0,"engagementScore":0,"combinedScore":0.19135086299629192,"combinedScoreRank":103,"SEIrank":134,"engagementSEIrank":142,"voiceSEIrank":98,"audienceSEIrank":128,"engagementSEI":0,"engagementSEIadj":0,"voiceSEI":0,"voiceSEIadj":0,"audienceSEI":0.26936026936026936,"audienceSEIadj":0.26936026936026936,"SEI":0.02693602693602694,"SEIadj":0.02693602693602694},"non_scoped":{"SEI":0.01599916526094291,"SEIrank":132,"SEIadj":0,"audienceSEI":0.15999165260942907,"audienceSEIadj":0,"audienceSEIrank":127,"audienceScore":0.030698164262289957,"combinedScore":0.001534908213114498,"combinedScoreRank":137,"engagementSEI":0,"engagementSEIadj":0,"engagementSEIrank":142,"engagementScore":0,"voiceSEI":0,"voiceSEIadj":0,"voiceSEIrank":98,"voiceScore":0},"scoped":{"SEI":0.3510864120972166,"SEIrank":2,"SEIadj":0,"audienceSEI":3.510864120972166,"audienceSEIadj":0,"audienceSEIrank":2,"audienceScore":3.3917832208115395,"combinedScore":0.16958916104057697,"combinedScoreRank":2,"engagementSEI":0,"engagementSEIadj":0,"engagementSEIrank":4,"engagementScore":0,"voiceSEI":0,"voiceSEIadj":0,"voiceSEIrank":4,"voiceScore":0}},"twitter":{"entityString":"536575feb08f37d80186a091","type":"twitter","profiles":0,"postsMade":0,"repliesMade":0,"repliesRcvd":0,"sharesMade":0,"sharesRcvd":0,"mentionsRcvd":0,"likesRcvd":0,"reachRcvd":0,"audience":0,"voice":0,"conversation":0,"engagement":0,"group_scoped":{"audienceScore":0,"voiceScore":0,"engagementScore":0,"combinedScore":0,"combinedScoreRank":231,"SEIrank":231,"engagementSEIrank":156,"voiceSEIrank":127,"audienceSEIrank":231,"engagementSEI":0,"engagementSEIadj":0,"voiceSEI":0,"voiceSEIadj":0,"audienceSEI":0,"audienceSEIadj":0,"SEI":0,"SEIadj":0},"non_scoped":{"SEI":0,"SEIrank":231,"SEIadj":0,"audienceSEI":0,"audienceSEIadj":0,"audienceSEIrank":231,"audienceScore":0,"combinedScore":0,"combinedScoreRank":231,"engagementSEI":0,"engagementSEIadj":0,"engagementSEIrank":156,"engagementScore":0,"voiceSEI":0,"voiceSEIadj":0,"voiceSEIrank":127,"voiceScore":0},"scoped":{"SEI":0,"SEIrank":6,"SEIadj":0,"audienceSEI":0,"audienceSEIadj":0,"audienceSEIrank":6,"audienceScore":0,"combinedScore":0,"combinedScoreRank":6,"engagementSEI":0,"engagementSEIadj":0,"engagementSEIrank":5,"engagementScore":0,"voiceSEI":0,"voiceSEIadj":0,"voiceSEIrank":5,"voiceScore":0}},"instagram":{"entityString":"536575feb08f37d80186a091","type":"instagram","profiles":0,"postsMade":0,"repliesMade":0,"repliesRcvd":0,"sharesMade":0,"sharesRcvd":0,"mentionsRcvd":0,"likesRcvd":0,"reachRcvd":0,"audience":0,"voice":0,"conversation":0,"engagement":0,"group_scoped":{"audienceScore":0,"voiceScore":0,"engagementScore":0,"combinedScore":0,"combinedScoreRank":100,"SEIrank":82,"engagementSEIrank":74,"voiceSEIrank":61,"audienceSEIrank":82,"engagementSEI":0,"engagementSEIadj":0,"voiceSEI":0,"voiceSEIadj":0,"audienceSEI":0,"audienceSEIadj":0,"SEI":0,"SEIadj":0},"non_scoped":{"SEI":0,"SEIrank":82,"SEIadj":0,"audienceSEI":0,"audienceSEIadj":0,"audienceSEIrank":82,"audienceScore":0,"combinedScore":0,"combinedScoreRank":82,"engagementSEI":0,"engagementSEIadj":0,"engagementSEIrank":74,"engagementScore":0,"voiceSEI":0,"voiceSEIadj":0,"voiceSEIrank":61,"voiceScore":0},"scoped":{"SEI":0,"SEIrank":4,"SEIadj":0,"audienceSEI":0,"audienceSEIadj":0,"audienceSEIrank":4,"audienceScore":null,"combinedScore":null,"combinedScoreRank":3,"engagementSEI":0,"engagementSEIadj":0,"engagementSEIrank":4,"engagementScore":0,"voiceSEI":0,"voiceSEIadj":0,"voiceSEIrank":4,"voiceScore":0}}},"week":{"boundaryQuantum":4982406,"combined":{"entityString":"536575feb08f37d80186a091","type":"combined","profiles":1,"postsMade":0,"repliesMade":0,"repliesRcvd":0,"sharesMade":0,"sharesRcvd":0,"mentionsRcvd":0,"likesRcvd":0,"reachRcvd":0,"audience":2944,"voice":0,"conversation":0,"engagement":0,"group_scoped":{"audienceScore":0.1292378740720905,"voiceScore":0,"engagementScore":0,"combinedScore":0.1292378740720905,"combinedScoreRank":140,"SEIrank":219,"engagementSEIrank":207,"voiceSEIrank":209,"audienceSEIrank":210,"engagementSEI":0,"engagementSEIadj":0,"voiceSEI":0,"voiceSEIadj":0,"audienceSEI":0.20020891364902507,"audienceSEIadj":0.20020891364902507,"SEI":0.02002089136490251,"SEIadj":0.02002089136490251},"non_scoped":{"SEI":0.011710011741832426,"SEIrank":214,"SEIadj":0,"audienceSEI":0.11710011741832425,"audienceSEIadj":0,"audienceSEIrank":200,"audienceScore":0.02168148934745861,"combinedScore":0.0010840744673729305,"combinedScoreRank":213,"engagementSEI":0,"engagementSEIadj":0,"engagementSEIrank":207,"engagementScore":0,"voiceSEI":0,"voiceSEIadj":0,"voiceSEIrank":209,"voiceScore":0},"scoped":{"SEI":0.2722044492113098,"SEIrank":5,"SEIadj":0,"audienceSEI":2.722044492113098,"audienceSEIadj":0,"audienceSEIrank":5,"audienceScore":2.3657797671185543,"combinedScore":0.11828898835592772,"combinedScoreRank":5,"engagementSEI":0,"engagementSEIadj":0,"engagementSEIrank":6,"engagementScore":0,"voiceSEI":0,"voiceSEIadj":0,"voiceSEIrank":6,"voiceScore":0}},"facebook":{"entityString":"536575feb08f37d80186a091","type":"facebook","profiles":1,"postsMade":0,"repliesMade":0,"repliesRcvd":0,"sharesMade":0,"sharesRcvd":0,"mentionsRcvd":0,"likesRcvd":0,"reachRcvd":0,"audience":2944,"voice":0,"conversation":0,"engagement":0,"group_scoped":{"audienceScore":0.19135086299629192,"voiceScore":0,"engagementScore":0,"combinedScore":0.19135086299629192,"combinedScoreRank":89,"SEIrank":148,"engagementSEIrank":158,"voiceSEIrank":154,"audienceSEIrank":128,"engagementSEI":0,"engagementSEIadj":0,"voiceSEI":0,"voiceSEIadj":0,"audienceSEI":0.26936026936026936,"audienceSEIadj":0.26936026936026936,"SEI":0.02693602693602694,"SEIadj":0.02693602693602694},"non_scoped":{"SEI":0.01599916526094291,"SEIrank":147,"SEIadj":0,"audienceSEI":0.15999165260942907,"audienceSEIadj":0,"audienceSEIrank":127,"audienceScore":0.030698164262289957,"combinedScore":0.001534908213114498,"combinedScoreRank":147,"engagementSEI":0,"engagementSEIadj":0,"engagementSEIrank":158,"engagementScore":0,"voiceSEI":0,"voiceSEIadj":0,"voiceSEIrank":154,"voiceScore":0},"scoped":{"SEI":0.3510864120972166,"SEIrank":2,"SEIadj":0,"audienceSEI":3.510864120972166,"audienceSEIadj":0,"audienceSEIrank":2,"audienceScore":3.3917832208115395,"combinedScore":0.16958916104057697,"combinedScoreRank":2,"engagementSEI":0,"engagementSEIadj":0,"engagementSEIrank":4,"engagementScore":0,"voiceSEI":0,"voiceSEIadj":0,"voiceSEIrank":4,"voiceScore":0}},"twitter":{"entityString":"536575feb08f37d80186a091","type":"twitter","profiles":0,"postsMade":0,"repliesMade":0,"repliesRcvd":0,"sharesMade":0,"sharesRcvd":0,"mentionsRcvd":0,"likesRcvd":0,"reachRcvd":0,"audience":0,"voice":0,"conversation":0,"engagement":0,"group_scoped":{"audienceScore":0,"voiceScore":0,"engagementScore":0,"combinedScore":0,"combinedScoreRank":231,"SEIrank":231,"engagementSEIrank":199,"voiceSEIrank":201,"audienceSEIrank":231,"engagementSEI":0,"engagementSEIadj":0,"voiceSEI":0,"voiceSEIadj":0,"audienceSEI":0,"audienceSEIadj":0,"SEI":0,"SEIadj":0},"non_scoped":{"SEI":0,"SEIrank":231,"SEIadj":0,"audienceSEI":0,"audienceSEIadj":0,"audienceSEIrank":231,"audienceScore":0,"combinedScore":0,"combinedScoreRank":231,"engagementSEI":0,"engagementSEIadj":0,"engagementSEIrank":199,"engagementScore":0,"voiceSEI":0,"voiceSEIadj":0,"voiceSEIrank":201,"voiceScore":0},"scoped":{"SEI":0,"SEIrank":6,"SEIadj":0,"audienceSEI":0,"audienceSEIadj":0,"audienceSEIrank":6,"audienceScore":0,"combinedScore":0,"combinedScoreRank":6,"engagementSEI":0,"engagementSEIadj":0,"engagementSEIrank":6,"engagementScore":0,"voiceSEI":0,"voiceSEIadj":0,"voiceSEIrank":6,"voiceScore":0}},"instagram":{"entityString":"536575feb08f37d80186a091","type":"instagram","profiles":0,"postsMade":0,"repliesMade":0,"repliesRcvd":0,"sharesMade":0,"sharesRcvd":0,"mentionsRcvd":0,"likesRcvd":0,"reachRcvd":0,"audience":0,"voice":0,"conversation":0,"engagement":0,"group_scoped":{"audienceScore":0,"voiceScore":0,"engagementScore":0,"combinedScore":0,"combinedScoreRank":100,"SEIrank":82,"engagementSEIrank":77,"voiceSEIrank":75,"audienceSEIrank":82,"engagementSEI":0,"engagementSEIadj":0,"voiceSEI":0,"voiceSEIadj":0,"audienceSEI":0,"audienceSEIadj":0,"SEI":0,"SEIadj":0},"non_scoped":{"SEI":0,"SEIrank":82,"SEIadj":0,"audienceSEI":0,"audienceSEIadj":0,"audienceSEIrank":82,"audienceScore":0,"combinedScore":0,"combinedScoreRank":82,"engagementSEI":0,"engagementSEIadj":0,"engagementSEIrank":77,"engagementScore":0,"voiceSEI":0,"voiceSEIadj":0,"voiceSEIrank":75,"voiceScore":0},"scoped":{"SEI":0,"SEIrank":4,"SEIadj":0,"audienceSEI":0,"audienceSEIadj":0,"audienceSEIrank":4,"audienceScore":null,"combinedScore":null,"combinedScoreRank":3,"engagementSEI":0,"engagementSEIadj":0,"engagementSEIrank":4,"engagementScore":0,"voiceSEI":0,"voiceSEIadj":0,"voiceSEIrank":4,"voiceScore":0}}},"month":{"boundaryQuantum":4975782,"combined":{"entityString":"536575feb08f37d80186a091","type":"combined","profiles":1,"postsMade":0,"repliesMade":0,"repliesRcvd":0,"sharesMade":0,"sharesRcvd":0,"mentionsRcvd":0,"likesRcvd":0,"reachRcvd":0,"audience":2944,"voice":0,"conversation":0,"engagement":0,"group_scoped":{"audienceScore":0.1292378740720905,"voiceScore":0,"engagementScore":0,"combinedScore":0.1292378740720905,"combinedScoreRank":133,"SEIrank":220,"engagementSEIrank":216,"voiceSEIrank":217,"audienceSEIrank":210,"engagementSEI":0,"engagementSEIadj":0,"voiceSEI":0,"voiceSEIadj":0,"audienceSEI":0.20020891364902507,"audienceSEIadj":0.20020891364902507,"SEI":0.02002089136490251,"SEIadj":0.02002089136490251},"non_scoped":{"SEI":0.011710011741832426,"SEIrank":218,"SEIadj":0,"audienceSEI":0.11710011741832425,"audienceSEIadj":0,"audienceSEIrank":200,"audienceScore":0.02168148934745861,"combinedScore":0.0010840744673729305,"combinedScoreRank":216,"engagementSEI":0,"engagementSEIadj":0,"engagementSEIrank":216,"engagementScore":0,"voiceSEI":0,"voiceSEIadj":0,"voiceSEIrank":217,"voiceScore":0},"scoped":{"SEI":0.2722044492113098,"SEIrank":5,"SEIadj":0,"audienceSEI":2.722044492113098,"audienceSEIadj":0,"audienceSEIrank":5,"audienceScore":2.3657797671185543,"combinedScore":0.11828898835592772,"combinedScoreRank":5,"engagementSEI":0,"engagementSEIadj":0,"engagementSEIrank":6,"engagementScore":0,"voiceSEI":0,"voiceSEIadj":0,"voiceSEIrank":6,"voiceScore":0}},"facebook":{"entityString":"536575feb08f37d80186a091","type":"facebook","profiles":1,"postsMade":0,"repliesMade":0,"repliesRcvd":0,"sharesMade":0,"sharesRcvd":0,"mentionsRcvd":0,"likesRcvd":0,"reachRcvd":0,"audience":2944,"voice":0,"conversation":0,"engagement":0,"group_scoped":{"audienceScore":0.19135086299629192,"voiceScore":0,"engagementScore":0,"combinedScore":0.19135086299629192,"combinedScoreRank":88,"SEIrank":155,"engagementSEIrank":167,"voiceSEIrank":166,"audienceSEIrank":128,"engagementSEI":0,"engagementSEIadj":0,"voiceSEI":0,"voiceSEIadj":0,"audienceSEI":0.26936026936026936,"audienceSEIadj":0.26936026936026936,"SEI":0.02693602693602694,"SEIadj":0.02693602693602694},"non_scoped":{"SEI":0.01599916526094291,"SEIrank":154,"SEIadj":0,"audienceSEI":0.15999165260942907,"audienceSEIadj":0,"audienceSEIrank":127,"audienceScore":0.030698164262289957,"combinedScore":0.001534908213114498,"combinedScoreRank":154,"engagementSEI":0,"engagementSEIadj":0,"engagementSEIrank":167,"engagementScore":0,"voiceSEI":0,"voiceSEIadj":0,"voiceSEIrank":166,"voiceScore":0},"scoped":{"SEI":0.3510864120972166,"SEIrank":2,"SEIadj":0,"audienceSEI":3.510864120972166,"audienceSEIadj":0,"audienceSEIrank":2,"audienceScore":3.3917832208115395,"combinedScore":0.16958916104057697,"combinedScoreRank":2,"engagementSEI":0,"engagementSEIadj":0,"engagementSEIrank":4,"engagementScore":0,"voiceSEI":0,"voiceSEIadj":0,"voiceSEIrank":4,"voiceScore":0}},"twitter":{"entityString":"536575feb08f37d80186a091","type":"twitter","profiles":0,"postsMade":0,"repliesMade":0,"repliesRcvd":0,"sharesMade":0,"sharesRcvd":0,"mentionsRcvd":0,"likesRcvd":0,"reachRcvd":0,"audience":0,"voice":0,"conversation":0,"engagement":0,"group_scoped":{"audienceScore":0,"voiceScore":0,"engagementScore":0,"combinedScore":0,"combinedScoreRank":231,"SEIrank":231,"engagementSEIrank":214,"voiceSEIrank":215,"audienceSEIrank":231,"engagementSEI":0,"engagementSEIadj":0,"voiceSEI":0,"voiceSEIadj":0,"audienceSEI":0,"audienceSEIadj":0,"SEI":0,"SEIadj":0},"non_scoped":{"SEI":0,"SEIrank":231,"SEIadj":0,"audienceSEI":0,"audienceSEIadj":0,"audienceSEIrank":231,"audienceScore":0,"combinedScore":0,"combinedScoreRank":231,"engagementSEI":0,"engagementSEIadj":0,"engagementSEIrank":214,"engagementScore":0,"voiceSEI":0,"voiceSEIadj":0,"voiceSEIrank":215,"voiceScore":0},"scoped":{"SEI":0,"SEIrank":6,"SEIadj":0,"audienceSEI":0,"audienceSEIadj":0,"audienceSEIrank":6,"audienceScore":0,"combinedScore":0,"combinedScoreRank":6,"engagementSEI":0,"engagementSEIadj":0,"engagementSEIrank":6,"engagementScore":0,"voiceSEI":0,"voiceSEIadj":0,"voiceSEIrank":6,"voiceScore":0}},"instagram":{"entityString":"536575feb08f37d80186a091","type":"instagram","profiles":0,"postsMade":0,"repliesMade":0,"repliesRcvd":0,"sharesMade":0,"sharesRcvd":0,"mentionsRcvd":0,"likesRcvd":0,"reachRcvd":0,"audience":0,"voice":0,"conversation":0,"engagement":0,"group_scoped":{"audienceScore":0,"voiceScore":0,"engagementScore":0,"combinedScore":0,"combinedScoreRank":100,"SEIrank":82,"engagementSEIrank":77,"voiceSEIrank":76,"audienceSEIrank":82,"engagementSEI":0,"engagementSEIadj":0,"voiceSEI":0,"voiceSEIadj":0,"audienceSEI":0,"audienceSEIadj":0,"SEI":0,"SEIadj":0},"non_scoped":{"SEI":0,"SEIrank":82,"SEIadj":0,"audienceSEI":0,"audienceSEIadj":0,"audienceSEIrank":82,"audienceScore":0,"combinedScore":0,"combinedScoreRank":82,"engagementSEI":0,"engagementSEIadj":0,"engagementSEIrank":77,"engagementScore":0,"voiceSEI":0,"voiceSEIadj":0,"voiceSEIrank":76,"voiceScore":0},"scoped":{"SEI":0,"SEIrank":4,"SEIadj":0,"audienceSEI":0,"audienceSEIadj":0,"audienceSEIrank":4,"audienceScore":null,"combinedScore":null,"combinedScoreRank":3,"engagementSEI":0,"engagementSEIadj":0,"engagementSEIrank":4,"engagementScore":0,"voiceSEI":0,"voiceSEIadj":0,"voiceSEIrank":4,"voiceScore":0}}},"quarter":{"boundaryQuantum":4958502,"combined":{"entityString":"536575feb08f37d80186a091","type":"combined","profiles":1,"postsMade":0,"repliesMade":0,"repliesRcvd":0,"sharesMade":0,"sharesRcvd":0,"mentionsRcvd":0,"likesRcvd":0,"reachRcvd":0,"audience":2944,"voice":0,"conversation":0,"engagement":0,"group_scoped":{"audienceScore":0.1292378740720905,"voiceScore":0,"engagementScore":0,"combinedScore":0.1292378740720905,"combinedScoreRank":132,"SEIrank":220,"engagementSEIrank":218,"voiceSEIrank":218,"audienceSEIrank":210,"engagementSEI":0,"engagementSEIadj":0,"voiceSEI":0,"voiceSEIadj":0,"audienceSEI":0.20020891364902507,"audienceSEIadj":0.20020891364902507,"SEI":0.02002089136490251,"SEIadj":0.02002089136490251},"non_scoped":{"SEI":0.011710011741832426,"SEIrank":218,"SEIadj":0,"audienceSEI":0.11710011741832425,"audienceSEIadj":0,"audienceSEIrank":200,"audienceScore":0.02168148934745861,"combinedScore":0.0010840744673729305,"combinedScoreRank":216,"engagementSEI":0,"engagementSEIadj":0,"engagementSEIrank":218,"engagementScore":0,"voiceSEI":0,"voiceSEIadj":0,"voiceSEIrank":218,"voiceScore":0},"scoped":{"SEI":0.2722044492113098,"SEIrank":5,"SEIadj":0,"audienceSEI":2.722044492113098,"audienceSEIadj":0,"audienceSEIrank":5,"audienceScore":2.3657797671185543,"combinedScore":0.11828898835592772,"combinedScoreRank":5,"engagementSEI":0,"engagementSEIadj":0,"engagementSEIrank":6,"engagementScore":0,"voiceSEI":0,"voiceSEIadj":0,"voiceSEIrank":6,"voiceScore":0}},"facebook":{"entityString":"536575feb08f37d80186a091","type":"facebook","profiles":1,"postsMade":0,"repliesMade":0,"repliesRcvd":0,"sharesMade":0,"sharesRcvd":0,"mentionsRcvd":0,"likesRcvd":0,"reachRcvd":0,"audience":2944,"voice":0,"conversation":0,"engagement":0,"group_scoped":{"audienceScore":0.19135086299629192,"voiceScore":0,"engagementScore":0,"combinedScore":0.19135086299629192,"combinedScoreRank":84,"SEIrank":156,"engagementSEIrank":171,"voiceSEIrank":169,"audienceSEIrank":128,"engagementSEI":0,"engagementSEIadj":0,"voiceSEI":0,"voiceSEIadj":0,"audienceSEI":0.26936026936026936,"audienceSEIadj":0.26936026936026936,"SEI":0.02693602693602694,"SEIadj":0.02693602693602694},"non_scoped":{"SEI":0.01599916526094291,"SEIrank":156,"SEIadj":0,"audienceSEI":0.15999165260942907,"audienceSEIadj":0,"audienceSEIrank":127,"audienceScore":0.030698164262289957,"combinedScore":0.001534908213114498,"combinedScoreRank":153,"engagementSEI":0,"engagementSEIadj":0,"engagementSEIrank":171,"engagementScore":0,"voiceSEI":0,"voiceSEIadj":0,"voiceSEIrank":169,"voiceScore":0},"scoped":{"SEI":0.3510864120972166,"SEIrank":2,"SEIadj":0,"audienceSEI":3.510864120972166,"audienceSEIadj":0,"audienceSEIrank":2,"audienceScore":3.3917832208115395,"combinedScore":0.16958916104057697,"combinedScoreRank":2,"engagementSEI":0,"engagementSEIadj":0,"engagementSEIrank":4,"engagementScore":0,"voiceSEI":0,"voiceSEIadj":0,"voiceSEIrank":4,"voiceScore":0}},"twitter":{"entityString":"536575feb08f37d80186a091","type":"twitter","profiles":0,"postsMade":0,"repliesMade":0,"repliesRcvd":0,"sharesMade":0,"sharesRcvd":0,"mentionsRcvd":0,"likesRcvd":0,"reachRcvd":0,"audience":0,"voice":0,"conversation":0,"engagement":0,"group_scoped":{"audienceScore":0,"voiceScore":0,"engagementScore":0,"combinedScore":0,"combinedScoreRank":231,"SEIrank":231,"engagementSEIrank":216,"voiceSEIrank":217,"audienceSEIrank":231,"engagementSEI":0,"engagementSEIadj":0,"voiceSEI":0,"voiceSEIadj":0,"audienceSEI":0,"audienceSEIadj":0,"SEI":0,"SEIadj":0},"non_scoped":{"SEI":0,"SEIrank":231,"SEIadj":0,"audienceSEI":0,"audienceSEIadj":0,"audienceSEIrank":231,"audienceScore":0,"combinedScore":0,"combinedScoreRank":231,"engagementSEI":0,"engagementSEIadj":0,"engagementSEIrank":216,"engagementScore":0,"voiceSEI":0,"voiceSEIadj":0,"voiceSEIrank":217,"voiceScore":0},"scoped":{"SEI":0,"SEIrank":6,"SEIadj":0,"audienceSEI":0,"audienceSEIadj":0,"audienceSEIrank":6,"audienceScore":0,"combinedScore":0,"combinedScoreRank":6,"engagementSEI":0,"engagementSEIadj":0,"engagementSEIrank":6,"engagementScore":0,"voiceSEI":0,"voiceSEIadj":0,"voiceSEIrank":6,"voiceScore":0}},"instagram":{"entityString":"536575feb08f37d80186a091","type":"instagram","profiles":0,"postsMade":0,"repliesMade":0,"repliesRcvd":0,"sharesMade":0,"sharesRcvd":0,"mentionsRcvd":0,"likesRcvd":0,"reachRcvd":0,"audience":0,"voice":0,"conversation":0,"engagement":0,"group_scoped":{"audienceScore":0,"voiceScore":0,"engagementScore":0,"combinedScore":0,"combinedScoreRank":100,"SEIrank":82,"engagementSEIrank":77,"voiceSEIrank":77,"audienceSEIrank":82,"engagementSEI":0,"engagementSEIadj":0,"voiceSEI":0,"voiceSEIadj":0,"audienceSEI":0,"audienceSEIadj":0,"SEI":0,"SEIadj":0},"non_scoped":{"SEI":0,"SEIrank":82,"SEIadj":0,"audienceSEI":0,"audienceSEIadj":0,"audienceSEIrank":82,"audienceScore":0,"combinedScore":0,"combinedScoreRank":82,"engagementSEI":0,"engagementSEIadj":0,"engagementSEIrank":77,"engagementScore":0,"voiceSEI":0,"voiceSEIadj":0,"voiceSEIrank":77,"voiceScore":0},"scoped":{"SEI":0,"SEIrank":4,"SEIadj":0,"audienceSEI":0,"audienceSEIadj":0,"audienceSEIrank":4,"audienceScore":null,"combinedScore":null,"combinedScoreRank":3,"engagementSEI":0,"engagementSEIadj":0,"engagementSEIrank":4,"engagementScore":0,"voiceSEI":0,"voiceSEIadj":0,"voiceSEIrank":4,"voiceScore":0}}},"blended":{"combined":{"non_scoped":{"SEI":0.011710011741832426,"SEIadj":20.009368009393466,"SEIrank":217,"audienceSEI":0.11710011741832425,"audienceSEIadj":40.07026007045099,"audienceSEIrank":200,"engagementSEI":0,"engagementSEIadj":0,"engagementSEIrank":218,"voiceSEI":0,"voiceSEIadj":0,"voiceSEIrank":218},"scoped":{"SEI":0.20687538140059547,"SEIadj":40.124125228840356,"SEIrank":5,"compCharisma":0,"compInfluence":0,"compEva":0.20687538140059547,"audienceSEI":2.722044492113098,"audienceSEIadj":41.63322669526786,"audienceSEIrank":5,"engagementSEI":0,"engagementSEIadj":0,"engagementSEIrank":6,"voiceSEI":0,"voiceSEIadj":0,"voiceSEIrank":6}},"facebook":{"non_scoped":{"SEI":0.01599916526094291,"SEIadj":50.00799958263047,"SEIrank":154,"audienceSEI":0.15999165260942907,"audienceSEIadj":50.07999582630472,"audienceSEIrank":127,"engagementSEI":0,"engagementSEIadj":0,"engagementSEIrank":171,"voiceSEI":0,"voiceSEIadj":0,"voiceSEIrank":169},"scoped":{"SEI":0.3510864120972166,"SEIadj":50.17554320604861,"SEIrank":2,"audienceSEI":3.510864120972166,"audienceSEIadj":51.755432060486086,"audienceSEIrank":2,"engagementSEI":0,"engagementSEIadj":0,"engagementSEIrank":4,"voiceSEI":0,"voiceSEIadj":0,"voiceSEIrank":4}},"twitter":{"non_scoped":{"SEI":0,"SEIadj":0,"SEIrank":231,"audienceSEI":0,"audienceSEIadj":0,"audienceSEIrank":231,"engagementSEI":0,"engagementSEIadj":0,"engagementSEIrank":216,"voiceSEI":0,"voiceSEIadj":0,"voiceSEIrank":217},"scoped":{"SEI":0,"SEIadj":0,"SEIrank":6,"audienceSEI":0,"audienceSEIadj":0,"audienceSEIrank":6,"engagementSEI":0,"engagementSEIadj":0,"engagementSEIrank":6,"voiceSEI":0,"voiceSEIadj":0,"voiceSEIrank":6}},"instagram":{"non_scoped":{"SEI":0,"SEIadj":0,"SEIrank":82,"audienceSEI":0,"audienceSEIadj":0,"audienceSEIrank":82,"engagementSEI":0,"engagementSEIadj":0,"engagementSEIrank":77,"voiceSEI":0,"voiceSEIadj":0,"voiceSEIrank":77},"scoped":{"SEI":0,"SEIadj":0,"SEIrank":4,"audienceSEI":0,"audienceSEIadj":0,"audienceSEIrank":4,"engagementSEI":0,"engagementSEIadj":0,"engagementSEIrank":4,"voiceSEI":0,"voiceSEIadj":0,"voiceSEIrank":4}},"influence":{"combined":{"scope":"sub-brand","ratio":0,"calculated":false},"facebook":{"scope":"sub-brand","ratio":0,"calculated":false},"twitter":{"scope":"sub-brand","ratio":0,"calculated":false},"instagram":{"scope":"sub-brand","ratio":0,"calculated":false}},"charisma":{"combined":{"scope":"sub-brand","ratio":0,"calculated":false},"facebook":{"scope":"sub-brand","ratio":0,"calculated":false},"twitter":{"scope":"sub-brand","ratio":0,"calculated":false},"instagram":{"scope":"sub-brand","ratio":0,"calculated":false}}},"scope":"sub-brand"}}