{"scoreEntityString":"591d1494ab33fb0001804f89.asset.536575ffb08f37d80186dfbc","timeQuantum":4984422,"scoreEntityType":"asset","scoreProfileID":"591d1494ab33fb0001804f89","data":{"scoreEntityString":"591d1494ab33fb0001804f89.asset.536575ffb08f37d80186dfbc","scoreProfileID":"591d1494ab33fb0001804f89","scoreEntityType":"asset","entityID":"asset.536575ffb08f37d80186dfbc","object_version":"1.2","score_engine_version":"3.0.19","timestamp":4984422,"start_quantum":4958502,"end_quantum":4984421,"schedule_options":{"interval":15,"offset":"1"},"_15min":{"boundaryQuantum":4984419,"combined":{"entityString":"536575ffb08f37d80186dfbc","type":"combined","profiles":2,"postsMade":0,"repliesMade":0,"repliesRcvd":0,"sharesMade":0,"sharesRcvd":0,"mentionsRcvd":0,"likesRcvd":0,"reachRcvd":0,"audience":3643,"voice":0,"conversation":0,"engagement":0,"group_scoped":{"audienceScore":0.8447477466823419,"voiceScore":0,"engagementScore":0,"combinedScore":0.8447477466823419,"engagementSEI":0,"engagementSEIadj":0,"voiceSEI":0,"voiceSEIadj":0,"audienceSEI":2.299438237707505,"audienceSEIadj":2.299438237707505,"SEI":0.2299438237707505,"SEIadj":0.2299438237707505,"combinedScoreRank":82,"SEIrank":65,"engagementSEIrank":191,"voiceSEIrank":190,"audienceSEIrank":65},"non_scoped":{"SEI":0.014490344013415602,"SEIrank":190,"SEIadj":0,"audienceSEI":0.14490344013415601,"audienceSEIadj":0,"audienceSEIrank":190,"audienceScore":0.026829370140214574,"combinedScore":0.0013414685070107287,"combinedScoreRank":190,"engagementSEI":0,"engagementSEIadj":0,"engagementSEIrank":191,"engagementScore":0,"voiceSEI":0,"voiceSEIadj":0,"voiceSEIrank":190,"voiceScore":0},"scoped":{"SEI":0.1902220736973469,"SEIrank":173,"SEIadj":0,"audienceSEI":1.902220736973469,"audienceSEIadj":0,"audienceSEIrank":173,"audienceScore":0.0775212768560792,"combinedScore":0.011074468122297027,"combinedScoreRank":173,"engagementSEI":0,"engagementSEIadj":0,"engagementSEIrank":171,"engagementScore":0,"voiceSEI":0,"voiceSEIadj":0,"voiceSEIrank":170,"voiceScore":0}},"facebook":{"entityString":"536575ffb08f37d80186dfbc","type":"facebook","profiles":1,"postsMade":0,"repliesMade":0,"repliesRcvd":0,"sharesMade":0,"sharesRcvd":0,"mentionsRcvd":0,"likesRcvd":0,"reachRcvd":0,"audience":1,"voice":0,"conversation":0,"engagement":0,"group_scoped":{"audienceScore":0.0004018985688391963,"voiceScore":0,"engagementScore":0,"combinedScore":0.0004018985688391963,"engagementSEI":0,"engagementSEIadj":0,"voiceSEI":0,"voiceSEIadj":0,"audienceSEI":0.0007892846713023986,"audienceSEIadj":0.0007892846713023986,"SEI":0.00007892846713023986,"SEIadj":0.00007892846713023986,"combinedScoreRank":171,"SEIrank":171,"engagementSEIrank":191,"voiceSEIrank":190,"audienceSEIrank":171},"non_scoped":{"SEI":0.00000543449906961376,"SEIrank":185,"SEIadj":0,"audienceSEI":0.0000543449906961376,"audienceSEIadj":0,"audienceSEIrank":185,"audienceScore":0.00001042736557822349,"combinedScore":5.213682789111745e-7,"combinedScoreRank":185,"engagementSEI":0,"engagementSEIadj":0,"engagementSEIrank":191,"engagementScore":0,"voiceSEI":0,"voiceSEIadj":0,"voiceSEIrank":190,"voiceScore":0},"scoped":{"SEI":0.00007022422595346943,"SEIrank":169,"SEIadj":0,"audienceSEI":0.0007022422595346942,"audienceSEIadj":0,"audienceSEIrank":169,"audienceScore":0.000042986033407885445,"combinedScore":0.000006140861915412206,"combinedScoreRank":169,"engagementSEI":0,"engagementSEIadj":0,"engagementSEIrank":171,"engagementScore":0,"voiceSEI":0,"voiceSEIadj":0,"voiceSEIrank":170,"voiceScore":0}},"twitter":{"entityString":"536575ffb08f37d80186dfbc","type":"twitter","profiles":1,"postsMade":0,"repliesMade":0,"repliesRcvd":0,"sharesMade":0,"sharesRcvd":0,"mentionsRcvd":0,"likesRcvd":0,"reachRcvd":0,"audience":3642,"voice":0,"conversation":0,"engagement":0,"group_scoped":{"audienceScore":1.9963384018329917,"voiceScore":0,"engagementScore":0,"combinedScore":1.9963384018329917,"engagementSEI":0,"engagementSEIadj":0,"voiceSEI":0,"voiceSEIadj":0,"audienceSEI":4.358336125604327,"audienceSEIadj":4.358336125604327,"SEI":0.43583361256043274,"SEIadj":0.43583361256043274,"combinedScoreRank":73,"SEIrank":97,"engagementSEIrank":189,"voiceSEIrank":189,"audienceSEIrank":97},"non_scoped":{"SEI":0.06573152947631355,"SEIrank":158,"SEIadj":0,"audienceSEI":0.6573152947631355,"audienceSEIadj":0,"audienceSEIrank":158,"audienceScore":0.10637819346343681,"combinedScore":0.005318909673171841,"combinedScoreRank":158,"engagementSEI":0,"engagementSEIadj":0,"engagementSEIrank":189,"engagementScore":0,"voiceSEI":0,"voiceSEIadj":0,"voiceSEIrank":189,"voiceScore":0},"scoped":{"SEI":0.31244906188069976,"SEIrank":142,"SEIadj":0,"audienceSEI":3.1244906188069974,"audienceSEIadj":0,"audienceSEIrank":142,"audienceScore":0.16887944177971667,"combinedScore":0.02412563453995952,"combinedScoreRank":142,"engagementSEI":0,"engagementSEIadj":0,"engagementSEIrank":170,"engagementScore":0,"voiceSEI":0,"voiceSEIadj":0,"voiceSEIrank":170,"voiceScore":0}},"instagram":{"entityString":"536575ffb08f37d80186dfbc","type":"instagram","profiles":0,"postsMade":0,"repliesMade":0,"repliesRcvd":0,"sharesMade":0,"sharesRcvd":0,"mentionsRcvd":0,"likesRcvd":0,"reachRcvd":0,"audience":0,"voice":0,"conversation":0,"engagement":0,"group_scoped":{"audienceScore":null,"voiceScore":0,"engagementScore":0,"combinedScore":null,"engagementSEI":0,"engagementSEIadj":0,"voiceSEI":0,"voiceSEIadj":0,"audienceSEI":0,"audienceSEIadj":0,"SEI":0,"SEIadj":0,"combinedScoreRank":25,"SEIrank":190,"engagementSEIrank":189,"voiceSEIrank":189,"audienceSEIrank":190},"non_scoped":{"SEI":0,"SEIrank":190,"SEIadj":0,"audienceSEI":0,"audienceSEIadj":0,"audienceSEIrank":190,"audienceScore":0,"combinedScore":0,"combinedScoreRank":190,"engagementSEI":0,"engagementSEIadj":0,"engagementSEIrank":189,"engagementScore":0,"voiceSEI":0,"voiceSEIadj":0,"voiceSEIrank":189,"voiceScore":0},"scoped":{"SEI":0,"SEIrank":170,"SEIadj":0,"audienceSEI":0,"audienceSEIadj":0,"audienceSEIrank":170,"audienceScore":0,"combinedScore":0,"combinedScoreRank":170,"engagementSEI":0,"engagementSEIadj":0,"engagementSEIrank":170,"engagementScore":0,"voiceSEI":0,"voiceSEIadj":0,"voiceSEIrank":170,"voiceScore":0}}},"hour":{"boundaryQuantum":4984410,"combined":{"entityString":"536575ffb08f37d80186dfbc","type":"combined","profiles":2,"postsMade":0,"repliesMade":0,"repliesRcvd":0,"sharesMade":0,"sharesRcvd":0,"mentionsRcvd":0,"likesRcvd":0,"reachRcvd":0,"audience":3643,"voice":0,"conversation":0,"engagement":0,"group_scoped":{"audienceScore":0.8447477466823419,"voiceScore":0,"engagementScore":0,"combinedScore":0.8447477466823419,"combinedScoreRank":69,"SEIrank":80,"engagementSEIrank":194,"voiceSEIrank":191,"audienceSEIrank":65,"engagementSEI":0,"engagementSEIadj":0,"voiceSEI":0,"voiceSEIadj":0,"audienceSEI":2.299438237707505,"audienceSEIadj":2.299438237707505,"SEI":0.2299438237707505,"SEIadj":0.2299438237707505},"non_scoped":{"SEI":0.014490344013415602,"SEIrank":190,"SEIadj":0,"audienceSEI":0.14490344013415601,"audienceSEIadj":0,"audienceSEIrank":190,"audienceScore":0.026829370140214574,"combinedScore":0.0013414685070107287,"combinedScoreRank":191,"engagementSEI":0,"engagementSEIadj":0,"engagementSEIrank":194,"engagementScore":0,"voiceSEI":0,"voiceSEIadj":0,"voiceSEIrank":191,"voiceScore":0},"scoped":{"SEI":0.1902220736973469,"SEIrank":173,"SEIadj":0,"audienceSEI":1.902220736973469,"audienceSEIadj":0,"audienceSEIrank":173,"audienceScore":0.0775212768560792,"combinedScore":0.0038760638428039598,"combinedScoreRank":174,"engagementSEI":0,"engagementSEIadj":0,"engagementSEIrank":174,"engagementScore":0,"voiceSEI":0,"voiceSEIadj":0,"voiceSEIrank":171,"voiceScore":0}},"facebook":{"entityString":"536575ffb08f37d80186dfbc","type":"facebook","profiles":1,"postsMade":0,"repliesMade":0,"repliesRcvd":0,"sharesMade":0,"sharesRcvd":0,"mentionsRcvd":0,"likesRcvd":0,"reachRcvd":0,"audience":1,"voice":0,"conversation":0,"engagement":0,"group_scoped":{"audienceScore":0.0004018985688391963,"voiceScore":0,"engagementScore":0,"combinedScore":0.0004018985688391963,"combinedScoreRank":171,"SEIrank":171,"engagementSEIrank":193,"voiceSEIrank":190,"audienceSEIrank":171,"engagementSEI":0,"engagementSEIadj":0,"voiceSEI":0,"voiceSEIadj":0,"audienceSEI":0.0007892846713023986,"audienceSEIadj":0.0007892846713023986,"SEI":0.00007892846713023986,"SEIadj":0.00007892846713023986},"non_scoped":{"SEI":0.00000543449906961376,"SEIrank":185,"SEIadj":0,"audienceSEI":0.0000543449906961376,"audienceSEIadj":0,"audienceSEIrank":185,"audienceScore":0.00001042736557822349,"combinedScore":5.213682789111745e-7,"combinedScoreRank":185,"engagementSEI":0,"engagementSEIadj":0,"engagementSEIrank":193,"engagementScore":0,"voiceSEI":0,"voiceSEIadj":0,"voiceSEIrank":190,"voiceScore":0},"scoped":{"SEI":0.00007022422595346943,"SEIrank":169,"SEIadj":0,"audienceSEI":0.0007022422595346942,"audienceSEIadj":0,"audienceSEIrank":169,"audienceScore":0.000042986033407885445,"combinedScore":0.0000021493016703942725,"combinedScoreRank":169,"engagementSEI":0,"engagementSEIadj":0,"engagementSEIrank":173,"engagementScore":0,"voiceSEI":0,"voiceSEIadj":0,"voiceSEIrank":170,"voiceScore":0}},"twitter":{"entityString":"536575ffb08f37d80186dfbc","type":"twitter","profiles":1,"postsMade":0,"repliesMade":0,"repliesRcvd":0,"sharesMade":0,"sharesRcvd":0,"mentionsRcvd":0,"likesRcvd":0,"reachRcvd":0,"audience":3642,"voice":0,"conversation":0,"engagement":0,"group_scoped":{"audienceScore":1.9963384018329917,"voiceScore":0,"engagementScore":0,"combinedScore":1.9963384018329917,"combinedScoreRank":81,"SEIrank":110,"engagementSEIrank":191,"voiceSEIrank":191,"audienceSEIrank":97,"engagementSEI":0,"engagementSEIadj":0,"voiceSEI":0,"voiceSEIadj":0,"audienceSEI":4.358336125604327,"audienceSEIadj":4.358336125604327,"SEI":0.43583361256043274,"SEIadj":0.43583361256043274},"non_scoped":{"SEI":0.06573152947631355,"SEIrank":160,"SEIadj":0,"audienceSEI":0.6573152947631355,"audienceSEIadj":0,"audienceSEIrank":158,"audienceScore":0.10637819346343681,"combinedScore":0.005318909673171841,"combinedScoreRank":160,"engagementSEI":0,"engagementSEIadj":0,"engagementSEIrank":191,"engagementScore":0,"voiceSEI":0,"voiceSEIadj":0,"voiceSEIrank":191,"voiceScore":0},"scoped":{"SEI":0.31244906188069976,"SEIrank":144,"SEIadj":0,"audienceSEI":3.1244906188069974,"audienceSEIadj":0,"audienceSEIrank":142,"audienceScore":0.16887944177971667,"combinedScore":0.008443972088985834,"combinedScoreRank":144,"engagementSEI":0,"engagementSEIadj":0,"engagementSEIrank":171,"engagementScore":0,"voiceSEI":0,"voiceSEIadj":0,"voiceSEIrank":171,"voiceScore":0}},"instagram":{"entityString":"536575ffb08f37d80186dfbc","type":"instagram","profiles":0,"postsMade":0,"repliesMade":0,"repliesRcvd":0,"sharesMade":0,"sharesRcvd":0,"mentionsRcvd":0,"likesRcvd":0,"reachRcvd":0,"audience":0,"voice":0,"conversation":0,"engagement":0,"group_scoped":{"audienceScore":null,"voiceScore":0,"engagementScore":0,"combinedScore":null,"combinedScoreRank":25,"SEIrank":190,"engagementSEIrank":189,"voiceSEIrank":189,"audienceSEIrank":190,"engagementSEI":0,"engagementSEIadj":0,"voiceSEI":0,"voiceSEIadj":0,"audienceSEI":0,"audienceSEIadj":0,"SEI":0,"SEIadj":0},"non_scoped":{"SEI":0,"SEIrank":190,"SEIadj":0,"audienceSEI":0,"audienceSEIadj":0,"audienceSEIrank":190,"audienceScore":0,"combinedScore":0,"combinedScoreRank":190,"engagementSEI":0,"engagementSEIadj":0,"engagementSEIrank":189,"engagementScore":0,"voiceSEI":0,"voiceSEIadj":0,"voiceSEIrank":189,"voiceScore":0},"scoped":{"SEI":0,"SEIrank":170,"SEIadj":0,"audienceSEI":0,"audienceSEIadj":0,"audienceSEIrank":170,"audienceScore":0,"combinedScore":0,"combinedScoreRank":170,"engagementSEI":0,"engagementSEIadj":0,"engagementSEIrank":170,"engagementScore":0,"voiceSEI":0,"voiceSEIadj":0,"voiceSEIrank":170,"voiceScore":0}}},"today":{"boundaryQuantum":4984134,"combined":{"entityString":"536575ffb08f37d80186dfbc","type":"combined","profiles":2,"postsMade":0,"repliesMade":0,"repliesRcvd":0,"sharesMade":0,"sharesRcvd":2,"mentionsRcvd":0,"likesRcvd":2,"reachRcvd":0,"audience":3643,"voice":0,"conversation":0,"engagement":4,"group_scoped":{"audienceScore":0.8447477466823419,"voiceScore":0,"engagementScore":0.2708192281651997,"combinedScore":0.35280901652479146,"combinedScoreRank":94,"SEIrank":94,"engagementSEIrank":33,"voiceSEIrank":201,"audienceSEIrank":65,"engagementSEI":0.60882800608828,"engagementSEIadj":0.60882800608828,"voiceSEI":0,"voiceSEIadj":0,"audienceSEI":2.299438237707505,"audienceSEIadj":2.299438237707505,"SEI":0.5952406274237185,"SEIadj":0.5952406274237185},"non_scoped":{"SEI":0.015719266709057534,"SEIrank":199,"SEIadj":0,"audienceSEI":0.14490344013415601,"audienceSEIadj":0,"audienceSEIrank":190,"audienceScore":0.026829370140214574,"combinedScore":0.002302001282523547,"combinedScoreRank":180,"engagementSEI":0.0020482044927365548,"engagementSEIadj":0,"engagementSEIrank":127,"engagementScore":0.0010672586394586865,"voiceSEI":0,"voiceSEIadj":0,"voiceSEIrank":201,"voiceScore":0},"scoped":{"SEI":0.20371962726576262,"SEIrank":181,"SEIadj":0,"audienceSEI":1.902220736973469,"audienceSEIadj":0,"audienceSEIrank":173,"audienceScore":0.0775212768560792,"combinedScore":0.01349967376581508,"combinedScoreRank":146,"engagementSEI":0.02249592261402621,"engagementSEIadj":0,"engagementSEIrank":116,"engagementScore":0.0106928999144568,"voiceSEI":0,"voiceSEIadj":0,"voiceSEIrank":180,"voiceScore":0}},"facebook":{"entityString":"536575ffb08f37d80186dfbc","type":"facebook","profiles":1,"postsMade":0,"repliesMade":0,"repliesRcvd":0,"sharesMade":0,"sharesRcvd":0,"mentionsRcvd":0,"likesRcvd":0,"reachRcvd":0,"audience":1,"voice":0,"conversation":0,"engagement":0,"group_scoped":{"audienceScore":0.0004018985688391963,"voiceScore":0,"engagementScore":0,"combinedScore":0.0004018985688391963,"combinedScoreRank":171,"SEIrank":171,"engagementSEIrank":199,"voiceSEIrank":194,"audienceSEIrank":171,"engagementSEI":0,"engagementSEIadj":0,"voiceSEI":0,"voiceSEIadj":0,"audienceSEI":0.0007892846713023986,"audienceSEIadj":0.0007892846713023986,"SEI":0.00007892846713023986,"SEIadj":0.00007892846713023986},"non_scoped":{"SEI":0.00000543449906961376,"SEIrank":185,"SEIadj":0,"audienceSEI":0.0000543449906961376,"audienceSEIadj":0,"audienceSEIrank":185,"audienceScore":0.00001042736557822349,"combinedScore":5.213682789111745e-7,"combinedScoreRank":185,"engagementSEI":0,"engagementSEIadj":0,"engagementSEIrank":199,"engagementScore":0,"voiceSEI":0,"voiceSEIadj":0,"voiceSEIrank":194,"voiceScore":0},"scoped":{"SEI":0.00007022422595346943,"SEIrank":169,"SEIadj":0,"audienceSEI":0.0007022422595346942,"audienceSEIadj":0,"audienceSEIrank":169,"audienceScore":0.000042986033407885445,"combinedScore":0.0000021493016703942725,"combinedScoreRank":169,"engagementSEI":0,"engagementSEIadj":0,"engagementSEIrank":178,"engagementScore":0,"voiceSEI":0,"voiceSEIadj":0,"voiceSEIrank":174,"voiceScore":0}},"twitter":{"entityString":"536575ffb08f37d80186dfbc","type":"twitter","profiles":1,"postsMade":0,"repliesMade":0,"repliesRcvd":0,"sharesMade":0,"sharesRcvd":2,"mentionsRcvd":0,"likesRcvd":2,"reachRcvd":0,"audience":3642,"voice":0,"conversation":0,"engagement":4,"group_scoped":{"audienceScore":1.9963384018329917,"voiceScore":0,"engagementScore":4.938271604938271,"combinedScore":4.517995433066089,"combinedScoreRank":41,"SEIrank":51,"engagementSEIrank":37,"voiceSEIrank":200,"audienceSEIrank":97,"engagementSEI":11.76470588235294,"engagementSEIadj":11.76470588235294,"voiceSEI":0,"voiceSEIadj":0,"audienceSEI":4.358336125604327,"audienceSEIadj":4.358336125604327,"SEI":7.494657141972196,"SEIadj":7.494657141972196},"non_scoped":{"SEI":0.2170556152266288,"SEIrank":129,"SEIadj":0,"audienceSEI":0.6573152947631355,"audienceSEIadj":0,"audienceSEIrank":158,"audienceScore":0.10637819346343681,"combinedScore":0.06229896665322883,"combinedScoreRank":93,"engagementSEI":0.25220680958385877,"engagementSEIadj":0,"engagementSEIrank":88,"engagementScore":0.06331117442228554,"voiceSEI":0,"voiceSEIadj":0,"voiceSEIrank":200,"voiceScore":0},"scoped":{"SEI":0.7585457161557927,"SEIrank":127,"SEIadj":0,"audienceSEI":3.1244906188069974,"audienceSEIadj":0,"audienceSEIrank":142,"audienceScore":0.16887944177971667,"combinedScore":0.1085830541474003,"combinedScoreRank":82,"engagementSEI":0.7434944237918215,"engagementSEIadj":0,"engagementSEIrank":78,"engagementScore":0.11126564673157163,"voiceSEI":0,"voiceSEIadj":0,"voiceSEIrank":179,"voiceScore":0}},"instagram":{"entityString":"536575ffb08f37d80186dfbc","type":"instagram","profiles":0,"postsMade":0,"repliesMade":0,"repliesRcvd":0,"sharesMade":0,"sharesRcvd":0,"mentionsRcvd":0,"likesRcvd":0,"reachRcvd":0,"audience":0,"voice":0,"conversation":0,"engagement":0,"group_scoped":{"audienceScore":null,"voiceScore":0,"engagementScore":0,"combinedScore":null,"combinedScoreRank":25,"SEIrank":190,"engagementSEIrank":190,"voiceSEIrank":190,"audienceSEIrank":190,"engagementSEI":0,"engagementSEIadj":0,"voiceSEI":0,"voiceSEIadj":0,"audienceSEI":0,"audienceSEIadj":0,"SEI":0,"SEIadj":0},"non_scoped":{"SEI":0,"SEIrank":190,"SEIadj":0,"audienceSEI":0,"audienceSEIadj":0,"audienceSEIrank":190,"audienceScore":0,"combinedScore":0,"combinedScoreRank":190,"engagementSEI":0,"engagementSEIadj":0,"engagementSEIrank":190,"engagementScore":0,"voiceSEI":0,"voiceSEIadj":0,"voiceSEIrank":190,"voiceScore":0},"scoped":{"SEI":0,"SEIrank":170,"SEIadj":0,"audienceSEI":0,"audienceSEIadj":0,"audienceSEIrank":170,"audienceScore":0,"combinedScore":0,"combinedScoreRank":170,"engagementSEI":0,"engagementSEIadj":0,"engagementSEIrank":170,"engagementScore":0,"voiceSEI":0,"voiceSEIadj":0,"voiceSEIrank":170,"voiceScore":0}}},"week":{"boundaryQuantum":4982406,"combined":{"entityString":"536575ffb08f37d80186dfbc","type":"combined","profiles":2,"postsMade":22,"repliesMade":0,"repliesRcvd":0,"sharesMade":0,"sharesRcvd":19,"mentionsRcvd":0,"likesRcvd":22,"reachRcvd":0,"audience":3643,"voice":22,"conversation":22,"engagement":41,"group_scoped":{"audienceScore":0.8447477466823419,"voiceScore":3.559870550161812,"engagementScore":0.13817740630897815,"combinedScore":0.344590580520288,"combinedScoreRank":80,"SEIrank":66,"engagementSEIrank":72,"voiceSEIrank":54,"audienceSEIrank":65,"engagementSEI":0.19672760424163907,"engagementSEIadj":0.19672760424163907,"voiceSEI":4.814004376367615,"voiceSEIadj":4.814004376367615,"audienceSEI":2.299438237707505,"audienceSEIadj":2.299438237707505,"SEI":1.7921816992260184,"SEIadj":1.7921816992260184},"non_scoped":{"SEI":0.7844493898968656,"SEIrank":86,"SEIadj":0,"audienceSEI":0.14490344013415601,"audienceSEIadj":0,"audienceSEIrank":190,"audienceScore":0.026829370140214574,"combinedScore":0.014861689118008973,"combinedScoreRank":125,"engagementSEI":0.004195309030556175,"engagementSEIadj":0,"engagementSEIrank":145,"engagementScore":0.001709949948513824,"voiceSEI":2.558139534883721,"voiceSEIadj":0,"voiceSEIrank":75,"voiceScore":0.23962531314671606},"scoped":{"SEI":3.245006879454915,"SEIrank":104,"SEIadj":0,"audienceSEI":1.902220736973469,"audienceSEIadj":0,"audienceSEIrank":173,"audienceScore":0.0775212768560792,"combinedScore":0.04690702623520838,"combinedScoreRank":125,"engagementSEI":0.13635305464099237,"engagementSEIadj":0,"engagementSEIrank":132,"engagementScore":0.019913932953187687,"voiceSEI":9.90990990990991,"voiceSEIadj":0,"voiceSEIrank":65,"voiceScore":0.5021684546907099}},"facebook":{"entityString":"536575ffb08f37d80186dfbc","type":"facebook","profiles":1,"postsMade":0,"repliesMade":0,"repliesRcvd":0,"sharesMade":0,"sharesRcvd":0,"mentionsRcvd":0,"likesRcvd":0,"reachRcvd":0,"audience":1,"voice":0,"conversation":0,"engagement":0,"group_scoped":{"audienceScore":0.0004018985688391963,"voiceScore":0,"engagementScore":0,"combinedScore":0.0004018985688391963,"combinedScoreRank":171,"SEIrank":171,"engagementSEIrank":200,"voiceSEIrank":200,"audienceSEIrank":171,"engagementSEI":0,"engagementSEIadj":0,"voiceSEI":0,"voiceSEIadj":0,"audienceSEI":0.0007892846713023986,"audienceSEIadj":0.0007892846713023986,"SEI":0.00007892846713023986,"SEIadj":0.00007892846713023986},"non_scoped":{"SEI":0.00000543449906961376,"SEIrank":185,"SEIadj":0,"audienceSEI":0.0000543449906961376,"audienceSEIadj":0,"audienceSEIrank":185,"audienceScore":0.00001042736557822349,"combinedScore":5.213682789111745e-7,"combinedScoreRank":185,"engagementSEI":0,"engagementSEIadj":0,"engagementSEIrank":200,"engagementScore":0,"voiceSEI":0,"voiceSEIadj":0,"voiceSEIrank":200,"voiceScore":0},"scoped":{"SEI":0.00007022422595346943,"SEIrank":169,"SEIadj":0,"audienceSEI":0.0007022422595346942,"audienceSEIadj":0,"audienceSEIrank":169,"audienceScore":0.000042986033407885445,"combinedScore":0.0000021493016703942725,"combinedScoreRank":169,"engagementSEI":0,"engagementSEIadj":0,"engagementSEIrank":179,"engagementScore":0,"voiceSEI":0,"voiceSEIadj":0,"voiceSEIrank":179,"voiceScore":0}},"twitter":{"entityString":"536575ffb08f37d80186dfbc","type":"twitter","profiles":1,"postsMade":22,"repliesMade":0,"repliesRcvd":0,"sharesMade":0,"sharesRcvd":19,"mentionsRcvd":0,"likesRcvd":22,"reachRcvd":0,"audience":3642,"voice":22,"conversation":22,"engagement":41,"group_scoped":{"audienceScore":1.9963384018329917,"voiceScore":6.358381502890173,"engagementScore":4.019607843137255,"combinedScore":4.035383054059688,"combinedScoreRank":38,"SEIrank":46,"engagementSEIrank":48,"voiceSEIrank":35,"audienceSEIrank":97,"engagementSEI":6.984667802385008,"engagementSEIadj":6.984667802385008,"voiceSEI":9.606986899563319,"voiceSEIadj":9.606986899563319,"audienceSEI":4.358336125604327,"audienceSEIadj":4.358336125604327,"SEI":7.508730363860433,"SEIadj":7.508730363860433},"non_scoped":{"SEI":1.5898531448847215,"SEIrank":75,"SEIadj":0,"audienceSEI":0.6573152947631355,"audienceSEIadj":0,"audienceSEIrank":158,"audienceScore":0.10637819346343681,"combinedScore":0.08466569385314296,"combinedScoreRank":114,"engagementSEI":0.2627699801320259,"engagementSEIadj":0,"engagementSEIrank":113,"engagementScore":0.06685145931844122,"voiceSEI":4.554865424430641,"voiceSEIadj":0,"voiceSEIrank":54,"voiceScore":0.3836094158674804},"scoped":{"SEI":5.324023135954773,"SEIrank":79,"SEIadj":0,"audienceSEI":3.1244906188069974,"audienceSEIadj":0,"audienceSEIrank":142,"audienceScore":0.16887944177971667,"combinedScore":0.17013255421762002,"combinedScoreRank":103,"engagementSEI":1.5625,"engagementSEIadj":0,"engagementSEIrank":102,"engagementScore":0.1407048972167885,"voiceSEI":13.580246913580247,"voiceSEIadj":0,"voiceSEIrank":44,"voiceScore":0.7010834926704907}},"instagram":{"entityString":"536575ffb08f37d80186dfbc","type":"instagram","profiles":0,"postsMade":0,"repliesMade":0,"repliesRcvd":0,"sharesMade":0,"sharesRcvd":0,"mentionsRcvd":0,"likesRcvd":0,"reachRcvd":0,"audience":0,"voice":0,"conversation":0,"engagement":0,"group_scoped":{"audienceScore":null,"voiceScore":0,"engagementScore":0,"combinedScore":null,"combinedScoreRank":25,"SEIrank":190,"engagementSEIrank":190,"voiceSEIrank":190,"audienceSEIrank":190,"engagementSEI":0,"engagementSEIadj":0,"voiceSEI":0,"voiceSEIadj":0,"audienceSEI":0,"audienceSEIadj":0,"SEI":0,"SEIadj":0},"non_scoped":{"SEI":0,"SEIrank":190,"SEIadj":0,"audienceSEI":0,"audienceSEIadj":0,"audienceSEIrank":190,"audienceScore":0,"combinedScore":0,"combinedScoreRank":190,"engagementSEI":0,"engagementSEIadj":0,"engagementSEIrank":190,"engagementScore":0,"voiceSEI":0,"voiceSEIadj":0,"voiceSEIrank":190,"voiceScore":0},"scoped":{"SEI":0,"SEIrank":170,"SEIadj":0,"audienceSEI":0,"audienceSEIadj":0,"audienceSEIrank":170,"audienceScore":0,"combinedScore":0,"combinedScoreRank":170,"engagementSEI":0,"engagementSEIadj":0,"engagementSEIrank":170,"engagementScore":0,"voiceSEI":0,"voiceSEIadj":0,"voiceSEIrank":170,"voiceScore":0}}},"month":{"boundaryQuantum":4975782,"combined":{"entityString":"536575ffb08f37d80186dfbc","type":"combined","profiles":2,"postsMade":86,"repliesMade":0,"repliesRcvd":0,"sharesMade":0,"sharesRcvd":63,"mentionsRcvd":0,"likesRcvd":99,"reachRcvd":0,"audience":3643,"voice":86,"conversation":86,"engagement":162,"group_scoped":{"audienceScore":0.8447477466823419,"voiceScore":3.375196232339089,"engagementScore":0.2071611253196931,"combinedScore":0.39744221173879535,"combinedScoreRank":67,"SEIrank":60,"engagementSEIrank":55,"voiceSEIrank":54,"audienceSEIrank":65,"engagementSEI":0.38712452505555955,"engagementSEIadj":0.38712452505555955,"voiceSEI":4.751381215469613,"voiceSEIadj":4.751381215469613,"audienceSEI":2.299438237707505,"audienceSEIadj":2.299438237707505,"SEI":1.8876329034449701,"SEIadj":1.8876329034449701},"non_scoped":{"SEI":0.730076697318909,"SEIrank":85,"SEIadj":0,"audienceSEI":0.14490344013415601,"audienceSEIadj":0,"audienceSEIrank":190,"audienceScore":0.026829370140214574,"combinedScore":0.014312273043951216,"combinedScoreRank":133,"engagementSEI":0.004470393576761901,"engagementSEIadj":0,"engagementSEIrank":162,"engagementScore":0.0017606670885022134,"voiceSEI":2.376347057198121,"voiceSEIadj":0,"voiceSEIrank":76,"voiceScore":0.2277240831457699},"scoped":{"SEI":2.995926627583589,"SEIrank":101,"SEIadj":0,"audienceSEI":1.902220736973469,"audienceSEIadj":0,"audienceSEIrank":173,"audienceScore":0.0775212768560792,"combinedScore":0.04325274831121178,"combinedScoreRank":138,"engagementSEI":0.14985846700338568,"engagementSEIadj":0,"engagementSEIrank":149,"engagementScore":0.017075278790817296,"voiceSEI":9.05263157894737,"voiceSEIadj":0,"voiceSEIrank":66,"voiceScore":0.48017867113344503}},"facebook":{"entityString":"536575ffb08f37d80186dfbc","type":"facebook","profiles":1,"postsMade":0,"repliesMade":0,"repliesRcvd":0,"sharesMade":0,"sharesRcvd":0,"mentionsRcvd":0,"likesRcvd":0,"reachRcvd":0,"audience":1,"voice":0,"conversation":0,"engagement":0,"group_scoped":{"audienceScore":0.0004018985688391963,"voiceScore":0,"engagementScore":0,"combinedScore":0.0004018985688391963,"combinedScoreRank":171,"SEIrank":171,"engagementSEIrank":200,"voiceSEIrank":200,"audienceSEIrank":171,"engagementSEI":0,"engagementSEIadj":0,"voiceSEI":0,"voiceSEIadj":0,"audienceSEI":0.0007892846713023986,"audienceSEIadj":0.0007892846713023986,"SEI":0.00007892846713023986,"SEIadj":0.00007892846713023986},"non_scoped":{"SEI":0.00000543449906961376,"SEIrank":185,"SEIadj":0,"audienceSEI":0.0000543449906961376,"audienceSEIadj":0,"audienceSEIrank":185,"audienceScore":0.00001042736557822349,"combinedScore":5.213682789111745e-7,"combinedScoreRank":185,"engagementSEI":0,"engagementSEIadj":0,"engagementSEIrank":200,"engagementScore":0,"voiceSEI":0,"voiceSEIadj":0,"voiceSEIrank":200,"voiceScore":0},"scoped":{"SEI":0.00007022422595346943,"SEIrank":169,"SEIadj":0,"audienceSEI":0.0007022422595346942,"audienceSEIadj":0,"audienceSEIrank":169,"audienceScore":0.000042986033407885445,"combinedScore":0.0000021493016703942725,"combinedScoreRank":169,"engagementSEI":0,"engagementSEIadj":0,"engagementSEIrank":179,"engagementScore":0,"voiceSEI":0,"voiceSEIadj":0,"voiceSEIrank":179,"voiceScore":0}},"twitter":{"entityString":"536575ffb08f37d80186dfbc","type":"twitter","profiles":1,"postsMade":86,"repliesMade":0,"repliesRcvd":0,"sharesMade":0,"sharesRcvd":63,"mentionsRcvd":0,"likesRcvd":99,"reachRcvd":0,"audience":3642,"voice":86,"conversation":86,"engagement":162,"group_scoped":{"audienceScore":1.9963384018329917,"voiceScore":6.142857142857143,"engagementScore":3.727565577542568,"combinedScore":3.7617687970228175,"combinedScoreRank":42,"SEIrank":46,"engagementSEIrank":51,"voiceSEIrank":35,"audienceSEIrank":97,"engagementSEI":7.370336669699727,"engagementSEIadj":7.370336669699727,"voiceSEI":10.336538461538462,"voiceSEIadj":10.336538461538462,"audienceSEI":4.358336125604327,"audienceSEIadj":4.358336125604327,"SEI":7.958997152841807,"SEIadj":7.958997152841807},"non_scoped":{"SEI":1.5295656280380687,"SEIrank":78,"SEIadj":0,"audienceSEI":0.6573152947631355,"audienceSEIadj":0,"audienceSEIrank":158,"audienceScore":0.10637819346343681,"combinedScore":0.08420048967784888,"combinedScoreRank":120,"engagementSEI":0.2810889594503149,"engagementSEIadj":0,"engagementSEIrank":123,"engagementScore":0.06714775407342316,"voiceSEI":4.317269076305221,"voiceSEIadj":0,"voiceSEIrank":56,"voiceScore":0.3689720267719238},"scoped":{"SEI":5.277523811108209,"SEIrank":80,"SEIadj":0,"audienceSEI":3.1244906188069974,"audienceSEIadj":0,"audienceSEIrank":142,"audienceScore":0.16887944177971667,"combinedScore":0.1647328722630384,"combinedScoreRank":109,"engagementSEI":1.598105948505475,"engagementSEIadj":0,"engagementSEIrank":112,"engagementScore":0.13630168105406634,"voiceSEI":13.354037267080745,"voiceSEIadj":0,"voiceSEIrank":46,"voiceScore":0.6723477445078571}},"instagram":{"entityString":"536575ffb08f37d80186dfbc","type":"instagram","profiles":0,"postsMade":0,"repliesMade":0,"repliesRcvd":0,"sharesMade":0,"sharesRcvd":0,"mentionsRcvd":0,"likesRcvd":0,"reachRcvd":0,"audience":0,"voice":0,"conversation":0,"engagement":0,"group_scoped":{"audienceScore":null,"voiceScore":0,"engagementScore":0,"combinedScore":null,"combinedScoreRank":25,"SEIrank":190,"engagementSEIrank":190,"voiceSEIrank":190,"audienceSEIrank":190,"engagementSEI":0,"engagementSEIadj":0,"voiceSEI":0,"voiceSEIadj":0,"audienceSEI":0,"audienceSEIadj":0,"SEI":0,"SEIadj":0},"non_scoped":{"SEI":0,"SEIrank":190,"SEIadj":0,"audienceSEI":0,"audienceSEIadj":0,"audienceSEIrank":190,"audienceScore":0,"combinedScore":0,"combinedScoreRank":190,"engagementSEI":0,"engagementSEIadj":0,"engagementSEIrank":190,"engagementScore":0,"voiceSEI":0,"voiceSEIadj":0,"voiceSEIrank":190,"voiceScore":0},"scoped":{"SEI":0,"SEIrank":170,"SEIadj":0,"audienceSEI":0,"audienceSEIadj":0,"audienceSEIrank":170,"audienceScore":0,"combinedScore":0,"combinedScoreRank":170,"engagementSEI":0,"engagementSEIadj":0,"engagementSEIrank":170,"engagementScore":0,"voiceSEI":0,"voiceSEIadj":0,"voiceSEIrank":170,"voiceScore":0}}},"quarter":{"boundaryQuantum":4958502,"combined":{"entityString":"536575ffb08f37d80186dfbc","type":"combined","profiles":2,"postsMade":244,"repliesMade":0,"repliesRcvd":0,"sharesMade":0,"sharesRcvd":283,"mentionsRcvd":0,"likesRcvd":355,"reachRcvd":0,"audience":3643,"voice":244,"conversation":244,"engagement":638,"group_scoped":{"audienceScore":0.8447477466823419,"voiceScore":3.484221048122233,"engagementScore":0.2679636443055626,"combinedScore":0.45761571961523506,"combinedScoreRank":62,"SEIrank":56,"engagementSEIrank":52,"voiceSEIrank":53,"audienceSEIrank":65,"engagementSEI":0.48217538184813746,"engagementSEIadj":0.48217538184813746,"voiceSEI":5.180467091295117,"voiceSEIadj":5.180467091295117,"audienceSEI":2.299438237707505,"audienceSEIadj":2.299438237707505,"SEI":2.073389180268168,"SEIadj":2.073389180268168},"non_scoped":{"SEI":0.7014306207404725,"SEIrank":94,"SEIadj":0,"audienceSEI":0.14490344013415601,"audienceSEIadj":0,"audienceSEIrank":190,"audienceScore":0.026829370140214574,"combinedScore":0.014133493598250021,"combinedScoreRank":133,"engagementSEI":0.005565384633501975,"engagementSEIadj":0,"engagementSEIrank":152,"engagementScore":0.002155403949051386,"voiceSEI":2.2786701531565186,"voiceSEIadj":0,"voiceSEIrank":79,"voiceScore":0.21704323074186088},"scoped":{"SEI":3.117041610835907,"SEIrank":102,"SEIadj":0,"audienceSEI":1.902220736973469,"audienceSEIadj":0,"audienceSEIrank":173,"audienceScore":0.0775212768560792,"combinedScore":0.04565168177679522,"combinedScoreRank":138,"engagementSEI":0.12910301732772944,"engagementSEIadj":0,"engagementSEIrank":141,"engagementScore":0.021059010781025237,"voiceSEI":9.497859089139743,"voiceSEIadj":0,"voiceSEIrank":69,"voiceScore":0.4564501646213709}},"facebook":{"entityString":"536575ffb08f37d80186dfbc","type":"facebook","profiles":1,"postsMade":0,"repliesMade":0,"repliesRcvd":0,"sharesMade":0,"sharesRcvd":0,"mentionsRcvd":0,"likesRcvd":0,"reachRcvd":0,"audience":1,"voice":0,"conversation":0,"engagement":0,"group_scoped":{"audienceScore":0.0004018985688391963,"voiceScore":0,"engagementScore":0,"combinedScore":0.0004018985688391963,"combinedScoreRank":171,"SEIrank":171,"engagementSEIrank":201,"voiceSEIrank":200,"audienceSEIrank":171,"engagementSEI":0,"engagementSEIadj":0,"voiceSEI":0,"voiceSEIadj":0,"audienceSEI":0.0007892846713023986,"audienceSEIadj":0.0007892846713023986,"SEI":0.00007892846713023986,"SEIadj":0.00007892846713023986},"non_scoped":{"SEI":0.00000543449906961376,"SEIrank":185,"SEIadj":0,"audienceSEI":0.0000543449906961376,"audienceSEIadj":0,"audienceSEIrank":185,"audienceScore":0.00001042736557822349,"combinedScore":5.213682789111745e-7,"combinedScoreRank":185,"engagementSEI":0,"engagementSEIadj":0,"engagementSEIrank":201,"engagementScore":0,"voiceSEI":0,"voiceSEIadj":0,"voiceSEIrank":200,"voiceScore":0},"scoped":{"SEI":0.00007022422595346943,"SEIrank":169,"SEIadj":0,"audienceSEI":0.0007022422595346942,"audienceSEIadj":0,"audienceSEIrank":169,"audienceScore":0.000042986033407885445,"combinedScore":0.0000021493016703942725,"combinedScoreRank":169,"engagementSEI":0,"engagementSEIadj":0,"engagementSEIrank":180,"engagementScore":0,"voiceSEI":0,"voiceSEIadj":0,"voiceSEIrank":179,"voiceScore":0}},"twitter":{"entityString":"536575ffb08f37d80186dfbc","type":"twitter","profiles":1,"postsMade":244,"repliesMade":0,"repliesRcvd":0,"sharesMade":0,"sharesRcvd":283,"mentionsRcvd":0,"likesRcvd":355,"reachRcvd":0,"audience":3642,"voice":244,"conversation":244,"engagement":638,"group_scoped":{"audienceScore":1.9963384018329917,"voiceScore":6.262833675564681,"engagementScore":4.524822695035461,"combinedScore":4.485299029401799,"combinedScoreRank":33,"SEIrank":35,"engagementSEIrank":33,"voiceSEIrank":30,"audienceSEIrank":97,"engagementSEI":10.891089108910892,"engagementSEIadj":10.891089108910892,"voiceSEI":11.9960668633235,"voiceSEIadj":11.9960668633235,"audienceSEI":4.358336125604327,"audienceSEIadj":4.358336125604327,"SEI":10.569307136904019,"SEIadj":10.569307136904019},"non_scoped":{"SEI":1.4656389533903749,"SEIrank":78,"SEIadj":0,"audienceSEI":0.6573152947631355,"audienceSEIadj":0,"audienceSEIrank":158,"audienceScore":0.10637819346343681,"combinedScore":0.09193388253797599,"combinedScoreRank":114,"engagementSEI":0.3025532076330665,"engagementSEIadj":0,"engagementSEIrank":116,"engagementScore":0.0767638848782366,"voiceSEI":4.061251664447404,"voiceSEIadj":0,"voiceSEIrank":60,"voiceScore":0.35054952948782414},"scoped":{"SEI":5.613003542916104,"SEIrank":80,"SEIadj":0,"audienceSEI":3.1244906188069974,"audienceSEIadj":0,"audienceSEIrank":142,"audienceScore":0.16887944177971667,"combinedScore":0.1836446021646239,"combinedScoreRank":103,"engagementSEI":2.0071729692317373,"engagementSEIadj":0,"engagementSEIrank":105,"engagementScore":0.15914907628678765,"voiceSEI":13.65416899832121,"voiceSEIadj":0,"voiceSEIrank":50,"voiceScore":0.639329228350583}},"instagram":{"entityString":"536575ffb08f37d80186dfbc","type":"instagram","profiles":0,"postsMade":0,"repliesMade":0,"repliesRcvd":0,"sharesMade":0,"sharesRcvd":0,"mentionsRcvd":0,"likesRcvd":0,"reachRcvd":0,"audience":0,"voice":0,"conversation":0,"engagement":0,"group_scoped":{"audienceScore":null,"voiceScore":0,"engagementScore":0,"combinedScore":null,"combinedScoreRank":25,"SEIrank":190,"engagementSEIrank":190,"voiceSEIrank":190,"audienceSEIrank":190,"engagementSEI":0,"engagementSEIadj":0,"voiceSEI":0,"voiceSEIadj":0,"audienceSEI":0,"audienceSEIadj":0,"SEI":0,"SEIadj":0},"non_scoped":{"SEI":0,"SEIrank":190,"SEIadj":0,"audienceSEI":0,"audienceSEIadj":0,"audienceSEIrank":190,"audienceScore":0,"combinedScore":0,"combinedScoreRank":190,"engagementSEI":0,"engagementSEIadj":0,"engagementSEIrank":190,"engagementScore":0,"voiceSEI":0,"voiceSEIadj":0,"voiceSEIrank":190,"voiceScore":0},"scoped":{"SEI":0,"SEIrank":170,"SEIadj":0,"audienceSEI":0,"audienceSEIadj":0,"audienceSEIrank":170,"audienceScore":0,"combinedScore":0,"combinedScoreRank":170,"engagementSEI":0,"engagementSEIadj":0,"engagementSEIrank":170,"engagementScore":0,"voiceSEI":0,"voiceSEIadj":0,"voiceSEIrank":170,"voiceScore":0}}},"blended":{"combined":{"non_scoped":{"SEI":0.6963475952725852,"SEIadj":50.34817379763629,"SEIrank":96,"audienceSEI":0.14490344013415601,"audienceSEIadj":40.086942064080496,"audienceSEIrank":190,"engagementSEI":0.004814254287068953,"engagementSEIadj":50.002407127143535,"engagementSEIrank":157,"voiceSEI":2.263228995623094,"voiceSEIadj":51.13161449781155,"voiceSEIrank":80},"scoped":{"SEI":5.273614362013994,"SEIadj":52.636807181007,"SEIrank":113,"compCharisma":0,"compInfluence":3,"compEva":2.2736143620139937,"audienceSEI":1.902220736973469,"audienceSEIadj":41.14133244218408,"audienceSEIrank":173,"engagementSEI":0.1290609912373716,"engagementSEIadj":50.06453049561868,"engagementSEIrank":145,"voiceSEI":9.07979725438495,"voiceSEIadj":54.53989862719247,"voiceSEIrank":70}},"facebook":{"non_scoped":{"SEI":0.00000543449906961376,"SEIadj":40.000003260699444,"SEIrank":185,"audienceSEI":0.000054344990696137594,"audienceSEIadj":40.00003260699442,"audienceSEIrank":185,"engagementSEI":0,"engagementSEIadj":0,"engagementSEIrank":201,"voiceSEI":0,"voiceSEIadj":0,"voiceSEIrank":200},"scoped":{"SEI":0.00007022422595346943,"SEIadj":40.00004213453557,"SEIrank":169,"audienceSEI":0.0007022422595346942,"audienceSEIadj":40.00042134535572,"audienceSEIrank":169,"engagementSEI":0,"engagementSEIadj":0,"engagementSEIrank":180,"voiceSEI":0,"voiceSEIadj":0,"voiceSEIrank":179}},"twitter":{"non_scoped":{"SEI":1.4500630451276457,"SEIadj":50.725031522563825,"SEIrank":79,"audienceSEI":0.6573152947631355,"audienceSEIadj":50.32865764738157,"audienceSEIrank":158,"engagementSEI":0.2848812822528812,"engagementSEIadj":50.14244064112644,"engagementSEIrank":118,"voiceSEI":4.044675820998678,"voiceSEIadj":61.61787032839947,"voiceSEIrank":60},"scoped":{"SEI":5.2332645697185045,"SEIadj":52.61663228485925,"SEIrank":77,"audienceSEI":3.124490618806997,"audienceSEIadj":51.5622453094035,"audienceSEIrank":142,"engagementSEI":1.7492270980812807,"engagementSEIadj":50.87461354904064,"engagementSEIrank":109,"voiceSEI":12.90426416329679,"voiceSEIadj":65.16170566531872,"voiceSEIrank":50}},"instagram":{"non_scoped":{"SEI":0,"SEIadj":0,"SEIrank":190,"audienceSEI":0,"audienceSEIadj":0,"audienceSEIrank":190,"engagementSEI":0,"engagementSEIadj":0,"engagementSEIrank":190,"voiceSEI":0,"voiceSEIadj":0,"voiceSEIrank":190},"scoped":{"SEI":0,"SEIadj":0,"SEIrank":170,"audienceSEI":0,"audienceSEIadj":0,"audienceSEIrank":170,"engagementSEI":0,"engagementSEIadj":0,"engagementSEIrank":170,"voiceSEI":0,"voiceSEIadj":0,"voiceSEIrank":170}},"influence":{"facebook":{"scope":"individual","ratio":0,"calculated":false},"instagram":{"scope":"individual","ratio":0,"calculated":false},"combined":{"ratio":0.86,"bottom":true,"scope":"individual","calculated":true},"twitter":{"ratio":1,"bottom":false,"scope":"individual","calculated":true}},"charisma":{"facebook":{"scope":"individual","ratio":0,"calculated":false},"instagram":{"scope":"individual","ratio":0,"calculated":false},"combined":{"ratio":0.04,"bottom":false,"scope":"individual","calculated":true},"twitter":{"ratio":0.28,"bottom":false,"scope":"individual","calculated":true}}},"scope":"individual"}}