{"scoreEntityString":"591d1494ab33fb0001804f89.asset.536575feb08f37d80186a142","timeQuantum":4984422,"scoreEntityType":"asset","scoreProfileID":"591d1494ab33fb0001804f89","data":{"scoreEntityString":"591d1494ab33fb0001804f89.asset.536575feb08f37d80186a142","scoreProfileID":"591d1494ab33fb0001804f89","scoreEntityType":"asset","entityID":"asset.536575feb08f37d80186a142","object_version":"1.2","score_engine_version":"3.0.19","timestamp":4984422,"start_quantum":4958502,"end_quantum":4984421,"schedule_options":{"interval":15,"offset":"1"},"_15min":{"boundaryQuantum":4984419,"combined":{"entityString":"536575feb08f37d80186a142","type":"combined","profiles":2,"postsMade":0,"repliesMade":0,"repliesRcvd":0,"sharesMade":0,"sharesRcvd":0,"mentionsRcvd":0,"likesRcvd":0,"reachRcvd":0,"audience":24825,"voice":0,"conversation":0,"engagement":0,"group_scoped":{"audienceScore":1.7024542086108179,"voiceScore":0,"engagementScore":0,"combinedScore":1.7024542086108179,"engagementSEI":0,"engagementSEIadj":0,"voiceSEI":0,"voiceSEIadj":0,"audienceSEI":3.8933359262767633,"audienceSEIadj":3.8933359262767633,"SEI":0.38933359262767636,"SEIadj":0.38933359262767636,"combinedScoreRank":43,"SEIrank":33,"engagementSEIrank":119,"voiceSEIrank":116,"audienceSEIrank":33},"non_scoped":{"SEI":0.0987435602890591,"SEIrank":64,"SEIadj":0,"audienceSEI":0.987435602890591,"audienceSEIadj":0,"audienceSEIrank":64,"audienceScore":0.18282709682427306,"combinedScore":0.009141354841213653,"combinedScoreRank":64,"engagementSEI":0,"engagementSEIadj":0,"engagementSEIrank":119,"engagementScore":0,"voiceSEI":0,"voiceSEIadj":0,"voiceSEIrank":116,"voiceScore":0},"scoped":{"SEI":1.2962566509845286,"SEIrank":53,"SEIadj":0,"audienceSEI":12.962566509845285,"audienceSEIadj":0,"audienceSEIrank":53,"audienceScore":0.5282639851639215,"combinedScore":0.07546628359484592,"combinedScoreRank":53,"engagementSEI":0,"engagementSEIadj":0,"engagementSEIrank":102,"engagementScore":0,"voiceSEI":0,"voiceSEIadj":0,"voiceSEIrank":100,"voiceScore":0}},"facebook":{"entityString":"536575feb08f37d80186a142","type":"facebook","profiles":1,"postsMade":0,"repliesMade":0,"repliesRcvd":0,"sharesMade":0,"sharesRcvd":0,"mentionsRcvd":0,"likesRcvd":0,"reachRcvd":0,"audience":17495,"voice":0,"conversation":0,"engagement":0,"group_scoped":{"audienceScore":1.7424899628793364,"voiceScore":0,"engagementScore":0,"combinedScore":1.7424899628793364,"engagementSEI":0,"engagementSEIadj":0,"voiceSEI":0,"voiceSEIadj":0,"audienceSEI":3.290649251962728,"audienceSEIadj":3.290649251962728,"SEI":0.32906492519627284,"SEIadj":0.32906492519627284,"combinedScoreRank":35,"SEIrank":27,"engagementSEIrank":118,"voiceSEIrank":116,"audienceSEIrank":27},"non_scoped":{"SEI":0.09507656122289272,"SEIrank":47,"SEIadj":0,"audienceSEI":0.9507656122289272,"audienceSEIadj":0,"audienceSEIrank":47,"audienceScore":0.18242676079101994,"combinedScore":0.009121338039550998,"combinedScoreRank":47,"engagementSEI":0,"engagementSEIadj":0,"engagementSEIrank":118,"engagementScore":0,"voiceSEI":0,"voiceSEIadj":0,"voiceSEIrank":116,"voiceScore":0},"scoped":{"SEI":1.2285728330559478,"SEIrank":37,"SEIadj":0,"audienceSEI":12.285728330559477,"audienceSEIadj":0,"audienceSEIrank":37,"audienceScore":0.7520406544709558,"combinedScore":0.10743437921013654,"combinedScoreRank":37,"engagementSEI":0,"engagementSEIadj":0,"engagementSEIrank":101,"engagementScore":0,"voiceSEI":0,"voiceSEIadj":0,"voiceSEIrank":100,"voiceScore":0}},"twitter":{"entityString":"536575feb08f37d80186a142","type":"twitter","profiles":1,"postsMade":0,"repliesMade":0,"repliesRcvd":0,"sharesMade":0,"sharesRcvd":0,"mentionsRcvd":0,"likesRcvd":0,"reachRcvd":0,"audience":7330,"voice":0,"conversation":0,"engagement":0,"group_scoped":{"audienceScore":1.8106320909218907,"voiceScore":0,"engagementScore":0,"combinedScore":1.8106320909218907,"engagementSEI":0,"engagementSEIadj":0,"voiceSEI":0,"voiceSEIadj":0,"audienceSEI":6.288444875303484,"audienceSEIadj":6.288444875303484,"SEI":0.6288444875303485,"SEIadj":0.6288444875303485,"combinedScoreRank":81,"SEIrank":78,"engagementSEIrank":117,"voiceSEIrank":115,"audienceSEIrank":77},"non_scoped":{"SEI":0.13229327596413462,"SEIrank":100,"SEIadj":0,"audienceSEI":1.3229327596413463,"audienceSEIadj":0,"audienceSEIrank":100,"audienceScore":0.2140999884917605,"combinedScore":0.010704999424588026,"combinedScoreRank":100,"engagementSEI":0,"engagementSEIadj":0,"engagementSEIrank":117,"engagementScore":0,"voiceSEI":0,"voiceSEIadj":0,"voiceSEIrank":115,"voiceScore":0},"scoped":{"SEI":0.6288444875303485,"SEIrank":88,"SEIadj":0,"audienceSEI":6.288444875303484,"audienceSEIadj":0,"audienceSEIrank":88,"audienceScore":0.3398919023188696,"combinedScore":0.0485559860455528,"combinedScoreRank":88,"engagementSEI":0,"engagementSEIadj":0,"engagementSEIrank":101,"engagementScore":0,"voiceSEI":0,"voiceSEIadj":0,"voiceSEIrank":100,"voiceScore":0}},"instagram":{"entityString":"536575feb08f37d80186a142","type":"instagram","profiles":0,"postsMade":0,"repliesMade":0,"repliesRcvd":0,"sharesMade":0,"sharesRcvd":0,"mentionsRcvd":0,"likesRcvd":0,"reachRcvd":0,"audience":0,"voice":0,"conversation":0,"engagement":0,"group_scoped":{"audienceScore":0,"voiceScore":0,"engagementScore":0,"combinedScore":0,"engagementSEI":0,"engagementSEIadj":0,"voiceSEI":0,"voiceSEIadj":0,"audienceSEI":0,"audienceSEIadj":0,"SEI":0,"SEIadj":0,"combinedScoreRank":135,"SEIrank":117,"engagementSEIrank":116,"voiceSEIrank":115,"audienceSEIrank":117},"non_scoped":{"SEI":0,"SEIrank":117,"SEIadj":0,"audienceSEI":0,"audienceSEIadj":0,"audienceSEIrank":117,"audienceScore":0,"combinedScore":0,"combinedScoreRank":117,"engagementSEI":0,"engagementSEIadj":0,"engagementSEIrank":116,"engagementScore":0,"voiceSEI":0,"voiceSEIadj":0,"voiceSEIrank":115,"voiceScore":0},"scoped":{"SEI":0,"SEIrank":100,"SEIadj":0,"audienceSEI":0,"audienceSEIadj":0,"audienceSEIrank":100,"audienceScore":0,"combinedScore":0,"combinedScoreRank":100,"engagementSEI":0,"engagementSEIadj":0,"engagementSEIrank":100,"engagementScore":0,"voiceSEI":0,"voiceSEIadj":0,"voiceSEIrank":100,"voiceScore":0}}},"hour":{"boundaryQuantum":4984410,"combined":{"entityString":"536575feb08f37d80186a142","type":"combined","profiles":2,"postsMade":0,"repliesMade":0,"repliesRcvd":0,"sharesMade":0,"sharesRcvd":0,"mentionsRcvd":0,"likesRcvd":6,"reachRcvd":0,"audience":24825,"voice":0,"conversation":0,"engagement":6,"group_scoped":{"audienceScore":1.7024542086108179,"voiceScore":0,"engagementScore":0.8368200836820083,"combinedScore":0.9604821015289811,"combinedScoreRank":66,"SEIrank":29,"engagementSEIrank":21,"voiceSEIrank":119,"audienceSEIrank":33,"engagementSEI":0.9419152276295133,"engagementSEIadj":0.9419152276295133,"voiceSEI":0,"voiceSEIadj":0,"audienceSEI":3.8933359262767633,"audienceSEIadj":3.8933359262767633,"SEI":0.9544827292053844,"SEIadj":0.9544827292053844},"non_scoped":{"SEI":0.15265191608420736,"SEIrank":56,"SEIadj":0,"audienceSEI":0.987435602890591,"audienceSEIadj":0,"audienceSEIrank":64,"audienceScore":0.18282709682427306,"combinedScore":0.047185598887993986,"combinedScoreRank":34,"engagementSEI":0.08984725965858043,"engagementSEIadj":0,"engagementSEIrank":23,"engagementScore":0.04227138227420037,"voiceSEI":0,"voiceSEIadj":0,"voiceSEIrank":119,"voiceScore":0},"scoped":{"SEI":1.5947641136710957,"SEIrank":49,"SEIadj":0,"audienceSEI":12.962566509845285,"audienceSEIadj":0,"audienceSEIrank":53,"audienceScore":0.5282639851639215,"combinedScore":0.3517144040774732,"combinedScoreRank":21,"engagementSEI":0.4975124378109453,"engagementSEIadj":0,"engagementSEIrank":16,"engagementScore":0.3614457831325301,"voiceSEI":0,"voiceSEIadj":0,"voiceSEIrank":102,"voiceScore":0}},"facebook":{"entityString":"536575feb08f37d80186a142","type":"facebook","profiles":1,"postsMade":0,"repliesMade":0,"repliesRcvd":0,"sharesMade":0,"sharesRcvd":0,"mentionsRcvd":0,"likesRcvd":0,"reachRcvd":0,"audience":17495,"voice":0,"conversation":0,"engagement":0,"group_scoped":{"audienceScore":1.7424899628793364,"voiceScore":0,"engagementScore":0,"combinedScore":1.7424899628793364,"combinedScoreRank":34,"SEIrank":39,"engagementSEIrank":137,"voiceSEIrank":117,"audienceSEIrank":27,"engagementSEI":0,"engagementSEIadj":0,"voiceSEI":0,"voiceSEIadj":0,"audienceSEI":3.290649251962728,"audienceSEIadj":3.290649251962728,"SEI":0.32906492519627284,"SEIadj":0.32906492519627284},"non_scoped":{"SEI":0.09507656122289272,"SEIrank":55,"SEIadj":0,"audienceSEI":0.9507656122289272,"audienceSEIadj":0,"audienceSEIrank":47,"audienceScore":0.18242676079101994,"combinedScore":0.009121338039550998,"combinedScoreRank":62,"engagementSEI":0,"engagementSEIadj":0,"engagementSEIrank":137,"engagementScore":0,"voiceSEI":0,"voiceSEIadj":0,"voiceSEIrank":117,"voiceScore":0},"scoped":{"SEI":1.2285728330559478,"SEIrank":50,"SEIadj":0,"audienceSEI":12.285728330559477,"audienceSEIadj":0,"audienceSEIrank":37,"audienceScore":0.7520406544709558,"combinedScore":0.03760203272354779,"combinedScoreRank":53,"engagementSEI":0,"engagementSEIadj":0,"engagementSEIrank":118,"engagementScore":0,"voiceSEI":0,"voiceSEIadj":0,"voiceSEIrank":100,"voiceScore":0}},"twitter":{"entityString":"536575feb08f37d80186a142","type":"twitter","profiles":1,"postsMade":0,"repliesMade":0,"repliesRcvd":0,"sharesMade":0,"sharesRcvd":0,"mentionsRcvd":0,"likesRcvd":6,"reachRcvd":0,"audience":7330,"voice":0,"conversation":0,"engagement":6,"group_scoped":{"audienceScore":1.8106320909218907,"voiceScore":0,"engagementScore":22.22222222222222,"combinedScore":19.306280774893605,"combinedScoreRank":12,"SEIrank":12,"engagementSEIrank":8,"voiceSEIrank":119,"audienceSEIrank":77,"engagementSEI":50,"engagementSEIadj":50,"voiceSEI":0,"voiceSEIadj":0,"audienceSEI":6.288444875303484,"audienceSEIadj":6.288444875303484,"SEI":30.628844487530348,"SEIadj":30.628844487530348},"non_scoped":{"SEI":6.560864704535563,"SEIrank":18,"SEIadj":0,"audienceSEI":1.3229327596413463,"audienceSEIadj":0,"audienceSEIrank":100,"audienceScore":0.2140999884917605,"combinedScore":2.6972721636036923,"combinedScoreRank":10,"engagementSEI":10.714285714285714,"engagementSEIadj":0,"engagementSEIrank":10,"engagementScore":2.9850746268656714,"voiceSEI":0,"voiceSEIadj":0,"voiceSEIrank":119,"voiceScore":0},"scoped":{"SEI":20.628844487530344,"SEIrank":9,"SEIadj":0,"audienceSEI":6.288444875303484,"audienceSEIadj":0,"audienceSEIrank":88,"audienceScore":0.3398919023188696,"combinedScore":5.527198676748596,"combinedScoreRank":6,"engagementSEI":33.33333333333333,"engagementSEIadj":0,"engagementSEIrank":6,"engagementScore":6.122448979591836,"voiceSEI":0,"voiceSEIadj":0,"voiceSEIrank":102,"voiceScore":0}},"instagram":{"entityString":"536575feb08f37d80186a142","type":"instagram","profiles":0,"postsMade":0,"repliesMade":0,"repliesRcvd":0,"sharesMade":0,"sharesRcvd":0,"mentionsRcvd":0,"likesRcvd":0,"reachRcvd":0,"audience":0,"voice":0,"conversation":0,"engagement":0,"group_scoped":{"audienceScore":0,"voiceScore":0,"engagementScore":0,"combinedScore":0,"combinedScoreRank":135,"SEIrank":117,"engagementSEIrank":116,"voiceSEIrank":115,"audienceSEIrank":117,"engagementSEI":0,"engagementSEIadj":0,"voiceSEI":0,"voiceSEIadj":0,"audienceSEI":0,"audienceSEIadj":0,"SEI":0,"SEIadj":0},"non_scoped":{"SEI":0,"SEIrank":117,"SEIadj":0,"audienceSEI":0,"audienceSEIadj":0,"audienceSEIrank":117,"audienceScore":0,"combinedScore":0,"combinedScoreRank":117,"engagementSEI":0,"engagementSEIadj":0,"engagementSEIrank":116,"engagementScore":0,"voiceSEI":0,"voiceSEIadj":0,"voiceSEIrank":115,"voiceScore":0},"scoped":{"SEI":0,"SEIrank":100,"SEIadj":0,"audienceSEI":0,"audienceSEIadj":0,"audienceSEIrank":100,"audienceScore":0,"combinedScore":0,"combinedScoreRank":100,"engagementSEI":0,"engagementSEIadj":0,"engagementSEIrank":100,"engagementScore":0,"voiceSEI":0,"voiceSEIadj":0,"voiceSEIrank":100,"voiceScore":0}}},"today":{"boundaryQuantum":4984134,"combined":{"entityString":"536575feb08f37d80186a142","type":"combined","profiles":2,"postsMade":4,"repliesMade":0,"repliesRcvd":4,"sharesMade":0,"sharesRcvd":3,"mentionsRcvd":0,"likesRcvd":43,"reachRcvd":0,"audience":24825,"voice":4,"conversation":8,"engagement":50,"group_scoped":{"audienceScore":1.7024542086108179,"voiceScore":3.3333333333333335,"engagementScore":0.28825089357777006,"combinedScore":0.5112151813172007,"combinedScoreRank":65,"SEIrank":42,"engagementSEIrank":45,"voiceSEIrank":36,"audienceSEIrank":33,"engagementSEI":0.31918289179699966,"engagementSEIadj":0.31918289179699966,"voiceSEI":7.142857142857142,"voiceSEIadj":7.142857142857142,"audienceSEI":3.8933359262767633,"audienceSEIadj":3.8933359262767633,"SEI":2.723700470563019,"SEIadj":2.723700470563019},"non_scoped":{"SEI":1.432786412665902,"SEIrank":38,"SEIadj":0,"audienceSEI":0.987435602890591,"audienceSEIadj":0,"audienceSEIrank":64,"audienceScore":0.18282709682427306,"combinedScore":0.0457482605375839,"combinedScoreRank":52,"engagementSEI":0.025602556159206934,"engagementSEIadj":0,"engagementSEIrank":58,"engagementScore":0.013340732993233581,"voiceSEI":4.395604395604396,"voiceSEIadj":0,"voiceSEIrank":35,"voiceScore":0.4920049200492005},"scoped":{"SEI":5.602907105072482,"SEIrank":34,"SEIadj":0,"audienceSEI":12.962566509845285,"audienceSEIadj":0,"audienceSEIrank":53,"audienceScore":0.5282639851639215,"combinedScore":0.19892764444466016,"combinedScoreRank":47,"engagementSEI":0.2811990326753276,"engagementSEIadj":0,"engagementSEIrank":49,"engagementScore":0.13366124893071002,"voiceSEI":13.793103448275861,"voiceSEIadj":0,"voiceSEIrank":27,"voiceScore":1.0443864229765014}},"facebook":{"entityString":"536575feb08f37d80186a142","type":"facebook","profiles":1,"postsMade":0,"repliesMade":0,"repliesRcvd":4,"sharesMade":0,"sharesRcvd":0,"mentionsRcvd":0,"likesRcvd":14,"reachRcvd":0,"audience":17495,"voice":0,"conversation":4,"engagement":18,"group_scoped":{"audienceScore":1.7424899628793364,"voiceScore":0,"engagementScore":0.10817957809964542,"combinedScore":0.34165249021102984,"combinedScoreRank":74,"SEIrank":67,"engagementSEIrank":54,"voiceSEIrank":144,"audienceSEIrank":27,"engagementSEI":0.11740917096079839,"engagementSEIadj":0.11740917096079839,"voiceSEI":0,"voiceSEIadj":0,"audienceSEI":3.290649251962728,"audienceSEIadj":3.290649251962728,"SEI":0.39951042777275186,"SEIadj":0.39951042777275186},"non_scoped":{"SEI":0.1008269925052389,"SEIrank":78,"SEIadj":0,"audienceSEI":0.9507656122289272,"audienceSEIadj":0,"audienceSEIrank":47,"audienceScore":0.18242676079101994,"combinedScore":0.01396785019621899,"combinedScoreRank":78,"engagementSEI":0.009584052137243627,"engagementSEIadj":0,"engagementSEIrank":65,"engagementScore":0.005385013507408881,"voiceSEI":0,"voiceSEIadj":0,"voiceSEIrank":144,"voiceScore":0},"scoped":{"SEI":1.536440563956746,"SEIrank":67,"SEIadj":0,"audienceSEI":12.285728330559477,"audienceSEIadj":0,"audienceSEIrank":37,"audienceScore":0.7520406544709558,"combinedScore":0.14542950876188646,"combinedScoreRank":60,"engagementSEI":0.5131128848346637,"engagementSEIadj":0,"engagementSEIrank":55,"engagementScore":0.11980830670926518,"voiceSEI":0,"voiceSEIadj":0,"voiceSEIrank":126,"voiceScore":0}},"twitter":{"entityString":"536575feb08f37d80186a142","type":"twitter","profiles":1,"postsMade":4,"repliesMade":0,"repliesRcvd":0,"sharesMade":0,"sharesRcvd":3,"mentionsRcvd":0,"likesRcvd":29,"reachRcvd":0,"audience":7330,"voice":4,"conversation":4,"engagement":32,"group_scoped":{"audienceScore":1.8106320909218907,"voiceScore":5,"engagementScore":5.914972273567468,"combinedScore":5.664006650756816,"combinedScoreRank":34,"SEIrank":30,"engagementSEIrank":28,"voiceSEIrank":37,"audienceSEIrank":77,"engagementSEI":19.047619047619047,"engagementSEIadj":19.047619047619047,"voiceSEI":11.76470588235294,"voiceSEIadj":11.76470588235294,"audienceSEI":6.288444875303484,"audienceSEIadj":6.288444875303484,"SEI":15.586827680807659,"SEIadj":15.586827680807659},"non_scoped":{"SEI":3.842885961966656,"SEIrank":34,"SEIadj":0,"audienceSEI":1.3229327596413463,"audienceSEIadj":0,"audienceSEIrank":100,"audienceScore":0.2140999884917605,"combinedScore":0.5065454552650439,"combinedScoreRank":38,"engagementSEI":2.01765447667087,"engagementSEIadj":0,"engagementSEIrank":37,"engagementScore":0.5064893953782843,"voiceSEI":8.333333333333332,"voiceSEIadj":0,"voiceSEIrank":31,"voiceScore":0.8},"scoped":{"SEI":8.813002337115707,"SEIrank":28,"SEIadj":0,"audienceSEI":6.288444875303484,"audienceSEIadj":0,"audienceSEIrank":88,"audienceScore":0.3398919023188696,"combinedScore":0.8866004022681908,"combinedScoreRank":29,"engagementSEI":5.947955390334572,"engagementSEIadj":0,"engagementSEIrank":29,"engagementScore":0.8901251738525731,"voiceSEI":15.384615384615385,"voiceSEIadj":0,"voiceSEIrank":23,"voiceScore":1.36986301369863}},"instagram":{"entityString":"536575feb08f37d80186a142","type":"instagram","profiles":0,"postsMade":0,"repliesMade":0,"repliesRcvd":0,"sharesMade":0,"sharesRcvd":0,"mentionsRcvd":0,"likesRcvd":0,"reachRcvd":0,"audience":0,"voice":0,"conversation":0,"engagement":0,"group_scoped":{"audienceScore":0,"voiceScore":0,"engagementScore":0,"combinedScore":0,"combinedScoreRank":135,"SEIrank":117,"engagementSEIrank":117,"voiceSEIrank":117,"audienceSEIrank":117,"engagementSEI":0,"engagementSEIadj":0,"voiceSEI":0,"voiceSEIadj":0,"audienceSEI":0,"audienceSEIadj":0,"SEI":0,"SEIadj":0},"non_scoped":{"SEI":0,"SEIrank":117,"SEIadj":0,"audienceSEI":0,"audienceSEIadj":0,"audienceSEIrank":117,"audienceScore":0,"combinedScore":0,"combinedScoreRank":117,"engagementSEI":0,"engagementSEIadj":0,"engagementSEIrank":117,"engagementScore":0,"voiceSEI":0,"voiceSEIadj":0,"voiceSEIrank":117,"voiceScore":0},"scoped":{"SEI":0,"SEIrank":100,"SEIadj":0,"audienceSEI":0,"audienceSEIadj":0,"audienceSEIrank":100,"audienceScore":0,"combinedScore":0,"combinedScoreRank":100,"engagementSEI":0,"engagementSEIadj":0,"engagementSEIrank":100,"engagementScore":0,"voiceSEI":0,"voiceSEIadj":0,"voiceSEIrank":100,"voiceScore":0}}},"week":{"boundaryQuantum":4982406,"combined":{"entityString":"536575feb08f37d80186a142","type":"combined","profiles":2,"postsMade":16,"repliesMade":0,"repliesRcvd":205,"sharesMade":0,"sharesRcvd":20,"mentionsRcvd":0,"likesRcvd":1704,"reachRcvd":0,"audience":24825,"voice":16,"conversation":221,"engagement":1929,"group_scoped":{"audienceScore":1.7024542086108179,"voiceScore":1.1721611721611722,"engagementScore":0.9280418749428693,"combinedScore":0.9789684564871819,"combinedScoreRank":34,"SEIrank":62,"engagementSEIrank":30,"voiceSEIrank":87,"audienceSEIrank":33,"engagementSEI":1.0396960142291212,"engagementSEIadj":1.0396960142291212,"voiceSEI":2.7777777777777777,"voiceSEIadj":2.7777777777777777,"audienceSEI":3.8933359262767633,"audienceSEIadj":3.8933359262767633,"SEI":1.8464845344984824,"SEIadj":1.8464845344984824},"non_scoped":{"SEI":0.7753135993670658,"SEIrank":88,"SEIadj":0,"audienceSEI":0.987435602890591,"audienceSEIadj":0,"audienceSEIrank":64,"audienceScore":0.18282709682427306,"combinedScore":0.09026095638748748,"combinedScoreRank":40,"engagementSEI":0.19738417365714298,"engagementSEIadj":0,"engagementSEIrank":36,"engagementScore":0.08045105977276017,"voiceSEI":1.8604651162790697,"voiceSEIadj":0,"voiceSEIrank":94,"voiceScore":0.17427295501579348},"scoped":{"SEI":7.307565775134119,"SEIrank":49,"SEIadj":0,"audienceSEI":12.962566509845285,"audienceSEIadj":0,"audienceSEIrank":53,"audienceScore":0.5282639851639215,"combinedScore":0.8879075044849106,"combinedScoreRank":28,"engagementSEI":6.415244936645714,"engagementSEIadj":0,"engagementSEIrank":27,"engagementScore":0.9369262601633914,"voiceSEI":7.207207207207207,"voiceSEIadj":0,"voiceSEIrank":84,"voiceScore":0.36521342159324355}},"facebook":{"entityString":"536575feb08f37d80186a142","type":"facebook","profiles":1,"postsMade":4,"repliesMade":0,"repliesRcvd":205,"sharesMade":0,"sharesRcvd":9,"mentionsRcvd":0,"likesRcvd":1582,"reachRcvd":0,"audience":17495,"voice":4,"conversation":209,"engagement":1796,"group_scoped":{"audienceScore":1.7424899628793364,"voiceScore":0.87527352297593,"engagementScore":0.9016426362504518,"combinedScore":0.94236654691817,"combinedScoreRank":35,"SEIrank":52,"engagementSEIrank":28,"voiceSEIrank":77,"audienceSEIrank":27,"engagementSEI":0.999343415795858,"engagementSEIadj":0.999343415795858,"voiceSEI":1.702127659574468,"voiceSEIadj":1.702127659574468,"audienceSEI":3.290649251962728,"audienceSEIadj":3.290649251962728,"SEI":1.439309272546128,"SEIadj":1.439309272546128},"non_scoped":{"SEI":0.5163990380324153,"SEIrank":73,"SEIadj":0,"audienceSEI":0.9507656122289272,"audienceSEIadj":0,"audienceSEIrank":47,"audienceScore":0.18242676079101994,"combinedScore":0.08958247461207323,"combinedScoreRank":38,"engagementSEI":0.19329827559856813,"engagementSEIadj":0,"engagementSEIrank":31,"engagementScore":0.08253619575232708,"voiceSEI":1.0178117048346056,"voiceSEIadj":0,"voiceSEIrank":85,"voiceScore":0.1235712079085573},"scoped":{"SEI":10.786886002775962,"SEIrank":33,"SEIadj":0,"audienceSEI":12.285728330559477,"audienceSEIadj":0,"audienceSEIrank":37,"audienceScore":0.7520406544709558,"combinedScore":1.2518224378676377,"combinedScoreRank":23,"engagementSEI":13.657794676806084,"engagementSEIadj":0,"engagementSEIrank":22,"engagementScore":1.3303013917796855,"voiceSEI":4.545454545454546,"voiceSEIadj":0,"voiceSEIrank":76,"voiceScore":0.3389830508474576}},"twitter":{"entityString":"536575feb08f37d80186a142","type":"twitter","profiles":1,"postsMade":12,"repliesMade":0,"repliesRcvd":0,"sharesMade":0,"sharesRcvd":11,"mentionsRcvd":0,"likesRcvd":122,"reachRcvd":0,"audience":7330,"voice":12,"conversation":12,"engagement":133,"group_scoped":{"audienceScore":1.8106320909218907,"voiceScore":1.3377926421404682,"engagementScore":2.745664739884393,"combinedScore":2.6285195025490715,"combinedScoreRank":58,"SEIrank":60,"engagementSEIrank":49,"voiceSEIrank":82,"audienceSEIrank":77,"engagementSEI":6.663326653306613,"engagementSEIadj":6.663326653306613,"voiceSEI":3.6363636363636362,"voiceSEIadj":3.6363636363636362,"audienceSEI":6.288444875303484,"audienceSEIadj":6.288444875303484,"SEI":5.717749570423407,"SEIadj":5.717749570423407},"non_scoped":{"SEI":1.3890749985425686,"SEIrank":85,"SEIadj":0,"audienceSEI":1.3229327596413463,"audienceSEIadj":0,"audienceSEIrank":100,"audienceScore":0.2140999884917605,"combinedScore":0.21634072514468014,"combinedScoreRank":74,"engagementSEI":0.8524001794526694,"engagementSEIadj":0,"engagementSEIrank":69,"engagementScore":0.21685961193543124,"voiceSEI":2.484472049689441,"voiceSEIadj":0,"voiceSEIrank":89,"voiceScore":0.2092414995640802},"scoped":{"SEI":5.8922252463379365,"SEIrank":72,"SEIadj":0,"audienceSEI":6.288444875303484,"audienceSEIadj":0,"audienceSEIrank":88,"audienceScore":0.3398919023188696,"combinedScore":0.44690471734475157,"combinedScoreRank":62,"engagementSEI":5.06859756097561,"engagementSEIadj":0,"engagementSEIrank":59,"engagementScore":0.45643295926421634,"voiceSEI":7.4074074074074066,"voiceSEIadj":0,"voiceSEIrank":79,"voiceScore":0.3824091778202677}},"instagram":{"entityString":"536575feb08f37d80186a142","type":"instagram","profiles":0,"postsMade":0,"repliesMade":0,"repliesRcvd":0,"sharesMade":0,"sharesRcvd":0,"mentionsRcvd":0,"likesRcvd":0,"reachRcvd":0,"audience":0,"voice":0,"conversation":0,"engagement":0,"group_scoped":{"audienceScore":0,"voiceScore":0,"engagementScore":0,"combinedScore":0,"combinedScoreRank":135,"SEIrank":117,"engagementSEIrank":117,"voiceSEIrank":117,"audienceSEIrank":117,"engagementSEI":0,"engagementSEIadj":0,"voiceSEI":0,"voiceSEIadj":0,"audienceSEI":0,"audienceSEIadj":0,"SEI":0,"SEIadj":0},"non_scoped":{"SEI":0,"SEIrank":117,"SEIadj":0,"audienceSEI":0,"audienceSEIadj":0,"audienceSEIrank":117,"audienceScore":0,"combinedScore":0,"combinedScoreRank":117,"engagementSEI":0,"engagementSEIadj":0,"engagementSEIrank":117,"engagementScore":0,"voiceSEI":0,"voiceSEIadj":0,"voiceSEIrank":117,"voiceScore":0},"scoped":{"SEI":0,"SEIrank":100,"SEIadj":0,"audienceSEI":0,"audienceSEIadj":0,"audienceSEIrank":100,"audienceScore":0,"combinedScore":0,"combinedScoreRank":100,"engagementSEI":0,"engagementSEIadj":0,"engagementSEIrank":100,"engagementScore":0,"voiceSEI":0,"voiceSEIadj":0,"voiceSEIrank":100,"voiceScore":0}}},"month":{"boundaryQuantum":4975782,"combined":{"entityString":"536575feb08f37d80186a142","type":"combined","profiles":2,"postsMade":57,"repliesMade":0,"repliesRcvd":635,"sharesMade":0,"sharesRcvd":103,"mentionsRcvd":0,"likesRcvd":4905,"reachRcvd":0,"audience":24825,"voice":57,"conversation":692,"engagement":5643,"group_scoped":{"audienceScore":1.7024542086108179,"voiceScore":1.0182207931404073,"engagementScore":0.6411822386952288,"combinedScore":0.7130977649132673,"combinedScoreRank":45,"SEIrank":72,"engagementSEIrank":43,"voiceSEIrank":90,"audienceSEIrank":33,"engagementSEI":0.7247521547987378,"engagementSEIadj":0.7247521547987378,"voiceSEI":2.462203023758099,"voiceSEIadj":2.462203023758099,"audienceSEI":3.8933359262767633,"audienceSEIadj":3.8933359262767633,"SEI":1.5628457926343489,"SEIadj":1.5628457926343489},"non_scoped":{"SEI":0.6646810032304511,"SEIrank":95,"SEIadj":0,"audienceSEI":0.987435602890591,"audienceSEIadj":0,"audienceSEIrank":64,"audienceScore":0.18282709682427306,"combinedScore":0.07188493826303066,"combinedScoreRank":53,"engagementSEI":0.15571870959053954,"engagementSEIadj":0,"engagementSEIrank":48,"engagementScore":0.06132990358282711,"voiceSEI":1.5750207239568943,"voiceSEIadj":0,"voiceSEIrank":104,"voiceScore":0.15093340394545215},"scoped":{"SEI":6.22829861135529,"SEIrank":59,"SEIadj":0,"audienceSEI":12.962566509845285,"audienceSEIadj":0,"audienceSEIrank":53,"audienceScore":0.5282639851639215,"combinedScore":0.5776360871727638,"combinedScoreRank":40,"engagementSEI":5.220069933951269,"engagementSEIadj":0,"engagementSEIrank":39,"engagementScore":0.5947888778801358,"voiceSEI":6,"voiceSEIadj":0,"voiceSEIrank":94,"voiceScore":0.3182579564489112}},"facebook":{"entityString":"536575feb08f37d80186a142","type":"facebook","profiles":1,"postsMade":17,"repliesMade":0,"repliesRcvd":635,"sharesMade":0,"sharesRcvd":38,"mentionsRcvd":0,"likesRcvd":4417,"reachRcvd":0,"audience":17495,"voice":17,"conversation":652,"engagement":5090,"group_scoped":{"audienceScore":1.7424899628793364,"voiceScore":0.8722421754746024,"engagementScore":0.5985017467079464,"combinedScore":0.6693881789548487,"combinedScoreRank":40,"SEIrank":59,"engagementSEIrank":38,"voiceSEIrank":82,"audienceSEIrank":27,"engagementSEI":0.668128060065894,"engagementSEIadj":0.668128060065894,"voiceSEI":1.678183613030602,"voiceSEIadj":1.678183613030602,"audienceSEI":3.290649251962728,"audienceSEIadj":3.290649251962728,"SEI":1.23339684514499,"SEIadj":1.23339684514499},"non_scoped":{"SEI":0.5092842016722094,"SEIrank":78,"SEIadj":0,"audienceSEI":0.9507656122289272,"audienceSEIadj":0,"audienceSEIrank":47,"audienceScore":0.18242676079101994,"combinedScore":0.07075098815182865,"combinedScoreRank":46,"engagementSEI":0.14859973217014874,"engagementSEIadj":0,"engagementSEIrank":41,"engagementScore":0.06154568666909545,"voiceSEI":1.0834926704907584,"voiceSEIadj":0,"voiceSEIrank":87,"voiceScore":0.12477064220183486},"scoped":{"SEI":6.19269029169385,"SEIrank":51,"SEIadj":0,"audienceSEI":12.285728330559477,"audienceSEIadj":0,"audienceSEIrank":37,"audienceScore":0.7520406544709558,"combinedScore":0.730997265994172,"combinedScoreRank":34,"engagementSEI":5.495751319952061,"engagementSEIadj":0,"engagementSEIrank":32,"engagementScore":0.7511174532248616,"voiceSEI":5.555555555555555,"voiceSEIadj":0,"voiceSEIrank":78,"voiceScore":0.34779050736497547}},"twitter":{"entityString":"536575feb08f37d80186a142","type":"twitter","profiles":1,"postsMade":40,"repliesMade":0,"repliesRcvd":0,"sharesMade":0,"sharesRcvd":65,"mentionsRcvd":0,"likesRcvd":488,"reachRcvd":0,"audience":7330,"voice":40,"conversation":40,"engagement":553,"group_scoped":{"audienceScore":1.8106320909218907,"voiceScore":1.1061946902654867,"engagementScore":2.790533380430943,"combinedScore":2.657321381447218,"combinedScoreRank":59,"SEIrank":58,"engagementSEIrank":44,"voiceSEIrank":95,"audienceSEIrank":77,"engagementSEI":7.943119793162884,"engagementSEIadj":7.943119793162884,"voiceSEI":3.152088258471237,"voiceSEIadj":3.152088258471237,"audienceSEI":6.288444875303484,"audienceSEIadj":6.288444875303484,"SEI":6.340342840969449,"SEIadj":6.340342840969449},"non_scoped":{"SEI":1.310414746281404,"SEIrank":85,"SEIadj":0,"audienceSEI":1.3229327596413463,"audienceSEIadj":0,"audienceSEIrank":100,"audienceScore":0.2140999884917605,"combinedScore":0.22557856646992083,"combinedScoreRank":73,"engagementSEI":0.9595197196050873,"engagementSEIadj":0,"engagementSEIrank":70,"engagementScore":0.22921424692964823,"voiceSEI":2.0080321285140563,"voiceSEIadj":0,"voiceSEIrank":104,"voiceScore":0.1716148961729878},"scoped":{"SEI":5.765356263773458,"SEIrank":73,"SEIadj":0,"audienceSEI":6.288444875303484,"audienceSEIadj":0,"audienceSEIrank":88,"audienceScore":0.3398919023188696,"combinedScore":0.451379642634814,"combinedScoreRank":62,"engagementSEI":5.455262898293381,"engagementSEIadj":0,"engagementSEIrank":60,"engagementScore":0.4652767260672758,"voiceSEI":6.211180124223603,"voiceSEIadj":0,"voiceSEIrank":94,"voiceScore":0.31271988116644517}},"instagram":{"entityString":"536575feb08f37d80186a142","type":"instagram","profiles":0,"postsMade":0,"repliesMade":0,"repliesRcvd":0,"sharesMade":0,"sharesRcvd":0,"mentionsRcvd":0,"likesRcvd":0,"reachRcvd":0,"audience":0,"voice":0,"conversation":0,"engagement":0,"group_scoped":{"audienceScore":0,"voiceScore":0,"engagementScore":0,"combinedScore":0,"combinedScoreRank":135,"SEIrank":117,"engagementSEIrank":117,"voiceSEIrank":117,"audienceSEIrank":117,"engagementSEI":0,"engagementSEIadj":0,"voiceSEI":0,"voiceSEIadj":0,"audienceSEI":0,"audienceSEIadj":0,"SEI":0,"SEIadj":0},"non_scoped":{"SEI":0,"SEIrank":117,"SEIadj":0,"audienceSEI":0,"audienceSEIadj":0,"audienceSEIrank":117,"audienceScore":0,"combinedScore":0,"combinedScoreRank":117,"engagementSEI":0,"engagementSEIadj":0,"engagementSEIrank":117,"engagementScore":0,"voiceSEI":0,"voiceSEIadj":0,"voiceSEIrank":117,"voiceScore":0},"scoped":{"SEI":0,"SEIrank":100,"SEIadj":0,"audienceSEI":0,"audienceSEIadj":0,"audienceSEIrank":100,"audienceScore":0,"combinedScore":0,"combinedScoreRank":100,"engagementSEI":0,"engagementSEIadj":0,"engagementSEIrank":100,"engagementScore":0,"voiceSEI":0,"voiceSEIadj":0,"voiceSEIrank":100,"voiceScore":0}}},"quarter":{"boundaryQuantum":4958502,"combined":{"entityString":"536575feb08f37d80186a142","type":"combined","profiles":2,"postsMade":226,"repliesMade":0,"repliesRcvd":2448,"sharesMade":0,"sharesRcvd":438,"mentionsRcvd":0,"likesRcvd":20278,"reachRcvd":0,"audience":24825,"voice":226,"conversation":2674,"engagement":23164,"group_scoped":{"audienceScore":1.7024542086108179,"voiceScore":1.3497372193024366,"engagementScore":0.7309162358760471,"combinedScore":0.8104341836841051,"combinedScoreRank":43,"SEIrank":63,"engagementSEIrank":40,"voiceSEIrank":72,"audienceSEIrank":33,"engagementSEI":0.8096798052629887,"engagementSEIadj":0.8096798052629887,"voiceSEI":3.2415375788869762,"voiceSEIadj":3.2415375788869762,"audienceSEI":3.8933359262767633,"audienceSEIadj":3.8933359262767633,"SEI":1.8476027494515623,"SEIadj":1.8476027494515623},"non_scoped":{"SEI":0.8531531741555476,"SEIrank":77,"SEIadj":0,"audienceSEI":0.987435602890591,"audienceSEIadj":0,"audienceSEIrank":64,"audienceScore":0.18282709682427306,"combinedScore":0.08962398057713167,"combinedScoreRank":47,"engagementSEI":0.20206358879379274,"engagementSEIadj":0,"engagementSEIrank":41,"engagementScore":0.07825670388060549,"voiceSEI":2.1105715353007097,"voiceSEIadj":0,"voiceSEIrank":87,"voiceScore":0.2010318448674613},"scoped":{"SEI":6.747838076380404,"SEIrank":54,"SEIadj":0,"audienceSEI":12.962566509845285,"audienceSEIadj":0,"audienceSEIrank":53,"audienceScore":0.5282639851639215,"combinedScore":0.7356866145640683,"combinedScoreRank":33,"engagementSEI":4.687370365798628,"engagementSEIadj":0,"engagementSEIrank":32,"engagementScore":0.7645939274791044,"voiceSEI":8.797197353055664,"voiceSEIadj":0,"voiceSEIrank":77,"voiceScore":0.4227776114935648}},"facebook":{"entityString":"536575feb08f37d80186a142","type":"facebook","profiles":1,"postsMade":60,"repliesMade":0,"repliesRcvd":2448,"sharesMade":0,"sharesRcvd":177,"mentionsRcvd":0,"likesRcvd":18416,"reachRcvd":0,"audience":17495,"voice":60,"conversation":2508,"engagement":21041,"group_scoped":{"audienceScore":1.7424899628793364,"voiceScore":1.0438413361169103,"engagementScore":0.6897033236613377,"combinedScore":0.7600495562450164,"combinedScoreRank":36,"SEIrank":53,"engagementSEIrank":39,"voiceSEIrank":74,"audienceSEIrank":27,"engagementSEI":0.754816750395686,"engagementSEIadj":0.754816750395686,"voiceSEI":1.9736842105263157,"voiceSEIadj":1.9736842105263157,"audienceSEI":3.290649251962728,"audienceSEIadj":3.290649251962728,"SEI":1.374060238591579,"SEIadj":1.374060238591579},"non_scoped":{"SEI":0.5870006521823853,"SEIrank":71,"SEIadj":0,"audienceSEI":0.9507656122289272,"audienceSEIadj":0,"audienceSEIrank":47,"audienceScore":0.18242676079101994,"combinedScore":0.08768220266758119,"combinedScoreRank":41,"engagementSEI":0.19001835161315114,"engagementSEIadj":0,"engagementSEIrank":39,"engagementScore":0.07907805087431025,"voiceSEI":1.259710266638673,"voiceSEIadj":0,"voiceSEIrank":78,"voiceScore":0.14781237682301931},"scoped":{"SEI":14.15908144051111,"SEIrank":36,"SEIadj":0,"audienceSEI":12.285728330559477,"audienceSEIadj":0,"audienceSEIrank":37,"audienceScore":0.7520406544709558,"combinedScore":1.0093559642027587,"combinedScoreRank":31,"engagementSEI":17.892311093726086,"engagementSEIadj":0,"engagementSEIrank":30,"engagementScore":1.0569765677824339,"voiceSEI":7.317073170731707,"voiceSEIadj":0,"voiceSEIrank":69,"voiceScore":0.4095004095004095}},"twitter":{"entityString":"536575feb08f37d80186a142","type":"twitter","profiles":1,"postsMade":166,"repliesMade":0,"repliesRcvd":0,"sharesMade":0,"sharesRcvd":261,"mentionsRcvd":0,"likesRcvd":1862,"reachRcvd":0,"audience":7330,"voice":166,"conversation":166,"engagement":2123,"group_scoped":{"audienceScore":1.8106320909218907,"voiceScore":1.5281229862837153,"engagementScore":3.053753542095194,"combinedScore":2.915315941745955,"combinedScoreRank":52,"SEIrank":52,"engagementSEIrank":41,"voiceSEIrank":76,"audienceSEIrank":77,"engagementSEI":8.700819672131148,"engagementSEIadj":8.700819672131148,"voiceSEI":4.36957093972098,"voiceSEIadj":4.36957093972098,"audienceSEI":6.288444875303484,"audienceSEIadj":6.288444875303484,"SEI":7.160207572725331,"SEIadj":7.160207572725331},"non_scoped":{"SEI":1.5652512112314962,"SEIrank":76,"SEIadj":0,"audienceSEI":1.3229327596413463,"audienceSEIadj":0,"audienceSEIrank":100,"audienceScore":0.2140999884917605,"combinedScore":0.2525240301985256,"combinedScoreRank":64,"engagementSEI":1.0067718805721004,"engagementSEIadj":0,"engagementSEIrank":60,"engagementScore":0.25543844450861486,"voiceSEI":2.762982689747004,"voiceSEIadj":0,"voiceSEIrank":79,"voiceScore":0.23848861432368365},"scoped":{"SEI":7.423062648566779,"SEIrank":66,"SEIadj":0,"audienceSEI":6.288444875303484,"audienceSEIadj":0,"audienceSEIrank":88,"audienceScore":0.3398919023188696,"combinedScore":0.5153663136699028,"combinedScoreRank":54,"engagementSEI":6.679041087271126,"engagementSEIadj":0,"engagementSEIrank":50,"engagementScore":0.5295822710922415,"voiceSEI":9.289311695579183,"voiceSEIadj":0,"voiceSEIrank":69,"voiceScore":0.43495349141883927}},"instagram":{"entityString":"536575feb08f37d80186a142","type":"instagram","profiles":0,"postsMade":0,"repliesMade":0,"repliesRcvd":0,"sharesMade":0,"sharesRcvd":0,"mentionsRcvd":0,"likesRcvd":0,"reachRcvd":0,"audience":0,"voice":0,"conversation":0,"engagement":0,"group_scoped":{"audienceScore":0,"voiceScore":0,"engagementScore":0,"combinedScore":0,"combinedScoreRank":135,"SEIrank":117,"engagementSEIrank":117,"voiceSEIrank":117,"audienceSEIrank":117,"engagementSEI":0,"engagementSEIadj":0,"voiceSEI":0,"voiceSEIadj":0,"audienceSEI":0,"audienceSEIadj":0,"SEI":0,"SEIadj":0},"non_scoped":{"SEI":0,"SEIrank":117,"SEIadj":0,"audienceSEI":0,"audienceSEIadj":0,"audienceSEIrank":117,"audienceScore":0,"combinedScore":0,"combinedScoreRank":117,"engagementSEI":0,"engagementSEIadj":0,"engagementSEIrank":117,"engagementScore":0,"voiceSEI":0,"voiceSEIadj":0,"voiceSEIrank":117,"voiceScore":0},"scoped":{"SEI":0,"SEIrank":100,"SEIadj":0,"audienceSEI":0,"audienceSEIadj":0,"audienceSEIrank":100,"audienceScore":0,"combinedScore":0,"combinedScoreRank":100,"engagementSEI":0,"engagementSEIadj":0,"engagementSEIrank":100,"engagementScore":0,"voiceSEI":0,"voiceSEIadj":0,"voiceSEIrank":100,"voiceScore":0}}},"blended":{"combined":{"non_scoped":{"SEI":0.8305121380057563,"SEIadj":50.41525606900288,"SEIrank":78,"audienceSEI":0.987435602890591,"audienceSEIadj":60.394974241156234,"audienceSEIrank":64,"engagementSEI":0.18488498074058055,"engagementSEIadj":60.07395399229623,"engagementSEIrank":43,"voiceSEI":2.06945863090783,"voiceSEIadj":51.034729315453916,"voiceSEIrank":85},"scoped":{"SEI":17.15323997744239,"SEIadj":66.86129599097696,"SEIrank":36,"compCharisma":9,"compInfluence":3,"compEva":5.153239977442389,"audienceSEI":12.962566509845283,"audienceSEIadj":65.18502660393811,"audienceSEIrank":53,"engagementSEI":5.065329105619485,"engagementSEIadj":62.02613164224779,"engagementSEIrank":34,"voiceSEI":8.150416011103786,"voiceSEIadj":54.07520800555189,"voiceSEIrank":78}},"facebook":{"non_scoped":{"SEI":0.5298540173770105,"SEIadj":50.2649270086885,"SEIrank":74,"audienceSEI":0.9507656122289272,"audienceSEIadj":60.38030624489157,"audienceSEIrank":47,"engagementSEI":0.1757678209185305,"engagementSEIadj":60.07030712836741,"engagementSEIrank":40,"voiceSEI":1.097722545343332,"voiceSEIadj":50.548861272671665,"voiceSEIrank":83},"scoped":{"SEI":11.321332093040258,"SEIadj":64.5285328372161,"SEIrank":38,"audienceSEI":12.285728330559477,"audienceSEIadj":64.9142913322238,"audienceSEIrank":37,"engagementSEI":13.89351229213941,"engagementSEIadj":65.55740491685576,"engagementSEIrank":30,"voiceSEI":5.855506282335551,"voiceSEIadj":52.92775314116778,"voiceSEIrank":74}},"twitter":{"non_scoped":{"SEI":1.588054615219062,"SEIadj":50.79402730760953,"SEIrank":72,"audienceSEI":1.3229327596413463,"audienceSEIadj":50.66146637982067,"audienceSEIrank":100,"engagementSEI":1.0039166758961575,"engagementSEIadj":60.40156667035846,"engagementSEIrank":59,"voiceSEI":2.8447044457241093,"voiceSEIadj":51.42235222286205,"voiceSEIrank":78},"scoped":{"SEI":6.784652454606574,"SEIadj":53.392326227303286,"SEIrank":64,"audienceSEI":6.288444875303483,"audienceSEIadj":53.14422243765174,"audienceSEIrank":88,"engagementSEI":5.975787016188982,"engagementSEIadj":62.390314806475594,"engagementSEIrank":51,"voiceSEI":8.567785857876125,"voiceSEIadj":54.28389292893806,"voiceSEIrank":73}},"instagram":{"non_scoped":{"SEI":0,"SEIadj":0,"SEIrank":117,"audienceSEI":0,"audienceSEIadj":0,"audienceSEIrank":117,"engagementSEI":0,"engagementSEIadj":0,"engagementSEIrank":117,"voiceSEI":0,"voiceSEIadj":0,"voiceSEIrank":117},"scoped":{"SEI":0,"SEIadj":0,"SEIrank":100,"audienceSEI":0,"audienceSEIadj":0,"audienceSEIrank":100,"engagementSEI":0,"engagementSEIadj":0,"engagementSEIrank":100,"voiceSEI":0,"voiceSEIadj":0,"voiceSEIrank":100}},"influence":{"instagram":{"scope":"individual","ratio":0,"calculated":false},"combined":{"ratio":0.99,"bottom":false,"scope":"individual","calculated":true},"facebook":{"ratio":1.02,"bottom":false,"scope":"individual","calculated":true},"twitter":{"ratio":1.36,"bottom":false,"scope":"individual","calculated":true}},"charisma":{"instagram":{"scope":"individual","ratio":0,"calculated":false},"combined":{"ratio":1.79,"bottom":false,"scope":"individual","calculated":true},"facebook":{"ratio":2,"bottom":false,"scope":"individual","calculated":true},"twitter":{"ratio":1.38,"bottom":false,"scope":"individual","calculated":true}}},"scope":"individual"}}