{"scoreEntityString":"591d1494ab33fb0001804f89.asset.536575ffb08f37d80186dead","timeQuantum":4984422,"scoreEntityType":"asset","scoreProfileID":"591d1494ab33fb0001804f89","data":{"scoreEntityString":"591d1494ab33fb0001804f89.asset.536575ffb08f37d80186dead","scoreProfileID":"591d1494ab33fb0001804f89","scoreEntityType":"asset","entityID":"asset.536575ffb08f37d80186dead","object_version":"1.2","score_engine_version":"3.0.19","timestamp":4984422,"start_quantum":4958502,"end_quantum":4984421,"schedule_options":{"interval":15,"offset":"1"},"_15min":{"boundaryQuantum":4984419,"combined":{"entityString":"536575ffb08f37d80186dead","type":"combined","profiles":1,"postsMade":0,"repliesMade":0,"repliesRcvd":0,"sharesMade":0,"sharesRcvd":0,"mentionsRcvd":0,"likesRcvd":0,"reachRcvd":0,"audience":4617,"voice":0,"conversation":0,"engagement":0,"group_scoped":{"audienceScore":0.3299219249089982,"voiceScore":0,"engagementScore":0,"combinedScore":0.3299219249089982,"engagementSEI":0,"engagementSEIadj":0,"voiceSEI":0,"voiceSEIadj":0,"audienceSEI":0.47721916732128833,"audienceSEIadj":0.47721916732128833,"SEI":0.04772191673212883,"SEIadj":0.04772191673212883,"combinedScoreRank":162,"SEIrank":167,"engagementSEIrank":202,"voiceSEIrank":201,"audienceSEIrank":167},"non_scoped":{"SEI":0.01836451230028543,"SEIrank":171,"SEIadj":0,"audienceSEI":0.18364512300285432,"audienceSEIadj":0,"audienceSEIrank":171,"audienceScore":0.03400252592296753,"combinedScore":0.0017001262961483764,"combinedScoreRank":171,"engagementSEI":0,"engagementSEIadj":0,"engagementSEIrank":202,"engagementScore":0,"voiceSEI":0,"voiceSEIadj":0,"voiceSEIrank":201,"voiceScore":0},"scoped":{"SEI":0.2410802399837087,"SEIrank":155,"SEIadj":0,"audienceSEI":2.410802399837087,"audienceSEIadj":0,"audienceSEIrank":155,"audienceScore":0.09824752545828097,"combinedScore":0.014035360779754424,"combinedScoreRank":155,"engagementSEI":0,"engagementSEIadj":0,"engagementSEIrank":182,"engagementScore":0,"voiceSEI":0,"voiceSEIadj":0,"voiceSEIrank":181,"voiceScore":0}},"facebook":{"entityString":"536575ffb08f37d80186dead","type":"facebook","profiles":0,"postsMade":0,"repliesMade":0,"repliesRcvd":0,"sharesMade":0,"sharesRcvd":0,"mentionsRcvd":0,"likesRcvd":0,"reachRcvd":0,"audience":0,"voice":0,"conversation":0,"engagement":0,"group_scoped":{"audienceScore":0,"voiceScore":0,"engagementScore":0,"combinedScore":0,"engagementSEI":0,"engagementSEIadj":0,"voiceSEI":0,"voiceSEIadj":0,"audienceSEI":0,"audienceSEIadj":0,"SEI":0,"SEIadj":0,"combinedScoreRank":218,"SEIrank":218,"engagementSEIrank":202,"voiceSEIrank":201,"audienceSEIrank":218},"non_scoped":{"SEI":0,"SEIrank":218,"SEIadj":0,"audienceSEI":0,"audienceSEIadj":0,"audienceSEIrank":218,"audienceScore":0,"combinedScore":0,"combinedScoreRank":218,"engagementSEI":0,"engagementSEIadj":0,"engagementSEIrank":202,"engagementScore":0,"voiceSEI":0,"voiceSEIadj":0,"voiceSEIrank":201,"voiceScore":0},"scoped":{"SEI":0,"SEIrank":195,"SEIadj":0,"audienceSEI":0,"audienceSEIadj":0,"audienceSEIrank":195,"audienceScore":0,"combinedScore":0,"combinedScoreRank":195,"engagementSEI":0,"engagementSEIadj":0,"engagementSEIrank":182,"engagementScore":0,"voiceSEI":0,"voiceSEIadj":0,"voiceSEIrank":181,"voiceScore":0}},"twitter":{"entityString":"536575ffb08f37d80186dead","type":"twitter","profiles":1,"postsMade":0,"repliesMade":0,"repliesRcvd":0,"sharesMade":0,"sharesRcvd":0,"mentionsRcvd":0,"likesRcvd":0,"reachRcvd":0,"audience":4617,"voice":0,"conversation":0,"engagement":0,"group_scoped":{"audienceScore":1.3578852635479717,"voiceScore":0,"engagementScore":0,"combinedScore":1.3578852635479717,"engagementSEI":0,"engagementSEIadj":0,"voiceSEI":0,"voiceSEIadj":0,"audienceSEI":3.658826512822139,"audienceSEIadj":3.658826512822139,"SEI":0.3658826512822139,"SEIadj":0.3658826512822139,"combinedScoreRank":107,"SEIrank":116,"engagementSEIrank":200,"voiceSEIrank":200,"audienceSEIrank":116},"non_scoped":{"SEI":0.08332852048109272,"SEIrank":130,"SEIadj":0,"audienceSEI":0.8332852048109272,"audienceSEIadj":0,"audienceSEIrank":130,"audienceScore":0.1348567048931048,"combinedScore":0.0067428352446552405,"combinedScoreRank":130,"engagementSEI":0,"engagementSEIadj":0,"engagementSEIrank":200,"engagementScore":0,"voiceSEI":0,"voiceSEIadj":0,"voiceSEIrank":200,"voiceScore":0},"scoped":{"SEI":0.3960948156790749,"SEIrank":115,"SEIadj":0,"audienceSEI":3.9609481567907485,"audienceSEIadj":0,"audienceSEIrank":115,"audienceScore":0.21409016548515977,"combinedScore":0.030584309355022824,"combinedScoreRank":115,"engagementSEI":0,"engagementSEIadj":0,"engagementSEIrank":181,"engagementScore":0,"voiceSEI":0,"voiceSEIadj":0,"voiceSEIrank":181,"voiceScore":0}},"instagram":{"entityString":"536575ffb08f37d80186dead","type":"instagram","profiles":0,"postsMade":0,"repliesMade":0,"repliesRcvd":0,"sharesMade":0,"sharesRcvd":0,"mentionsRcvd":0,"likesRcvd":0,"reachRcvd":0,"audience":0,"voice":0,"conversation":0,"engagement":0,"group_scoped":{"audienceScore":0,"voiceScore":0,"engagementScore":0,"combinedScore":0,"engagementSEI":0,"engagementSEIadj":0,"voiceSEI":0,"voiceSEIadj":0,"audienceSEI":0,"audienceSEIadj":0,"SEI":0,"SEIadj":0,"combinedScoreRank":201,"SEIrank":201,"engagementSEIrank":200,"voiceSEIrank":200,"audienceSEIrank":201},"non_scoped":{"SEI":0,"SEIrank":201,"SEIadj":0,"audienceSEI":0,"audienceSEIadj":0,"audienceSEIrank":201,"audienceScore":0,"combinedScore":0,"combinedScoreRank":201,"engagementSEI":0,"engagementSEIadj":0,"engagementSEIrank":200,"engagementScore":0,"voiceSEI":0,"voiceSEIadj":0,"voiceSEIrank":200,"voiceScore":0},"scoped":{"SEI":0,"SEIrank":181,"SEIadj":0,"audienceSEI":0,"audienceSEIadj":0,"audienceSEIrank":181,"audienceScore":0,"combinedScore":0,"combinedScoreRank":181,"engagementSEI":0,"engagementSEIadj":0,"engagementSEIrank":181,"engagementScore":0,"voiceSEI":0,"voiceSEIadj":0,"voiceSEIrank":181,"voiceScore":0}}},"hour":{"boundaryQuantum":4984410,"combined":{"entityString":"536575ffb08f37d80186dead","type":"combined","profiles":1,"postsMade":0,"repliesMade":0,"repliesRcvd":0,"sharesMade":0,"sharesRcvd":0,"mentionsRcvd":0,"likesRcvd":0,"reachRcvd":0,"audience":4617,"voice":0,"conversation":0,"engagement":0,"group_scoped":{"audienceScore":0.3299219249089982,"voiceScore":0,"engagementScore":0,"combinedScore":0.3299219249089982,"combinedScoreRank":149,"SEIrank":172,"engagementSEIrank":204,"voiceSEIrank":201,"audienceSEIrank":167,"engagementSEI":0,"engagementSEIadj":0,"voiceSEI":0,"voiceSEIadj":0,"audienceSEI":0.47721916732128833,"audienceSEIadj":0.47721916732128833,"SEI":0.04772191673212883,"SEIadj":0.04772191673212883},"non_scoped":{"SEI":0.01836451230028543,"SEIrank":173,"SEIadj":0,"audienceSEI":0.18364512300285432,"audienceSEIadj":0,"audienceSEIrank":171,"audienceScore":0.03400252592296753,"combinedScore":0.0017001262961483764,"combinedScoreRank":174,"engagementSEI":0,"engagementSEIadj":0,"engagementSEIrank":204,"engagementScore":0,"voiceSEI":0,"voiceSEIadj":0,"voiceSEIrank":201,"voiceScore":0},"scoped":{"SEI":0.2410802399837087,"SEIrank":157,"SEIadj":0,"audienceSEI":2.410802399837087,"audienceSEIadj":0,"audienceSEIrank":155,"audienceScore":0.09824752545828097,"combinedScore":0.0049123762729140485,"combinedScoreRank":158,"engagementSEI":0,"engagementSEIadj":0,"engagementSEIrank":184,"engagementScore":0,"voiceSEI":0,"voiceSEIadj":0,"voiceSEIrank":181,"voiceScore":0}},"facebook":{"entityString":"536575ffb08f37d80186dead","type":"facebook","profiles":0,"postsMade":0,"repliesMade":0,"repliesRcvd":0,"sharesMade":0,"sharesRcvd":0,"mentionsRcvd":0,"likesRcvd":0,"reachRcvd":0,"audience":0,"voice":0,"conversation":0,"engagement":0,"group_scoped":{"audienceScore":0,"voiceScore":0,"engagementScore":0,"combinedScore":0,"combinedScoreRank":218,"SEIrank":218,"engagementSEIrank":203,"voiceSEIrank":201,"audienceSEIrank":218,"engagementSEI":0,"engagementSEIadj":0,"voiceSEI":0,"voiceSEIadj":0,"audienceSEI":0,"audienceSEIadj":0,"SEI":0,"SEIadj":0},"non_scoped":{"SEI":0,"SEIrank":218,"SEIadj":0,"audienceSEI":0,"audienceSEIadj":0,"audienceSEIrank":218,"audienceScore":0,"combinedScore":0,"combinedScoreRank":218,"engagementSEI":0,"engagementSEIadj":0,"engagementSEIrank":203,"engagementScore":0,"voiceSEI":0,"voiceSEIadj":0,"voiceSEIrank":201,"voiceScore":0},"scoped":{"SEI":0,"SEIrank":195,"SEIadj":0,"audienceSEI":0,"audienceSEIadj":0,"audienceSEIrank":195,"audienceScore":0,"combinedScore":0,"combinedScoreRank":195,"engagementSEI":0,"engagementSEIadj":0,"engagementSEIrank":183,"engagementScore":0,"voiceSEI":0,"voiceSEIadj":0,"voiceSEIrank":181,"voiceScore":0}},"twitter":{"entityString":"536575ffb08f37d80186dead","type":"twitter","profiles":1,"postsMade":0,"repliesMade":0,"repliesRcvd":0,"sharesMade":0,"sharesRcvd":0,"mentionsRcvd":0,"likesRcvd":0,"reachRcvd":0,"audience":4617,"voice":0,"conversation":0,"engagement":0,"group_scoped":{"audienceScore":1.3578852635479717,"voiceScore":0,"engagementScore":0,"combinedScore":1.3578852635479717,"combinedScoreRank":112,"SEIrank":127,"engagementSEIrank":202,"voiceSEIrank":201,"audienceSEIrank":116,"engagementSEI":0,"engagementSEIadj":0,"voiceSEI":0,"voiceSEIadj":0,"audienceSEI":3.658826512822139,"audienceSEIadj":3.658826512822139,"SEI":0.3658826512822139,"SEIadj":0.3658826512822139},"non_scoped":{"SEI":0.08332852048109272,"SEIrank":137,"SEIadj":0,"audienceSEI":0.8332852048109272,"audienceSEIadj":0,"audienceSEIrank":130,"audienceScore":0.1348567048931048,"combinedScore":0.0067428352446552405,"combinedScoreRank":137,"engagementSEI":0,"engagementSEIadj":0,"engagementSEIrank":202,"engagementScore":0,"voiceSEI":0,"voiceSEIadj":0,"voiceSEIrank":201,"voiceScore":0},"scoped":{"SEI":0.3960948156790749,"SEIrank":122,"SEIadj":0,"audienceSEI":3.9609481567907485,"audienceSEIadj":0,"audienceSEIrank":115,"audienceScore":0.21409016548515977,"combinedScore":0.01070450827425799,"combinedScoreRank":122,"engagementSEI":0,"engagementSEIadj":0,"engagementSEIrank":182,"engagementScore":0,"voiceSEI":0,"voiceSEIadj":0,"voiceSEIrank":181,"voiceScore":0}},"instagram":{"entityString":"536575ffb08f37d80186dead","type":"instagram","profiles":0,"postsMade":0,"repliesMade":0,"repliesRcvd":0,"sharesMade":0,"sharesRcvd":0,"mentionsRcvd":0,"likesRcvd":0,"reachRcvd":0,"audience":0,"voice":0,"conversation":0,"engagement":0,"group_scoped":{"audienceScore":0,"voiceScore":0,"engagementScore":0,"combinedScore":0,"combinedScoreRank":201,"SEIrank":201,"engagementSEIrank":200,"voiceSEIrank":200,"audienceSEIrank":201,"engagementSEI":0,"engagementSEIadj":0,"voiceSEI":0,"voiceSEIadj":0,"audienceSEI":0,"audienceSEIadj":0,"SEI":0,"SEIadj":0},"non_scoped":{"SEI":0,"SEIrank":201,"SEIadj":0,"audienceSEI":0,"audienceSEIadj":0,"audienceSEIrank":201,"audienceScore":0,"combinedScore":0,"combinedScoreRank":201,"engagementSEI":0,"engagementSEIadj":0,"engagementSEIrank":200,"engagementScore":0,"voiceSEI":0,"voiceSEIadj":0,"voiceSEIrank":200,"voiceScore":0},"scoped":{"SEI":0,"SEIrank":181,"SEIadj":0,"audienceSEI":0,"audienceSEIadj":0,"audienceSEIrank":181,"audienceScore":0,"combinedScore":0,"combinedScoreRank":181,"engagementSEI":0,"engagementSEIadj":0,"engagementSEIrank":181,"engagementScore":0,"voiceSEI":0,"voiceSEIadj":0,"voiceSEIrank":181,"voiceScore":0}}},"today":{"boundaryQuantum":4984134,"combined":{"entityString":"536575ffb08f37d80186dead","type":"combined","profiles":1,"postsMade":0,"repliesMade":0,"repliesRcvd":0,"sharesMade":0,"sharesRcvd":0,"mentionsRcvd":0,"likesRcvd":0,"reachRcvd":0,"audience":4617,"voice":0,"conversation":0,"engagement":0,"group_scoped":{"audienceScore":0.3299219249089982,"voiceScore":0,"engagementScore":0,"combinedScore":0.3299219249089982,"combinedScoreRank":98,"SEIrank":188,"engagementSEIrank":217,"voiceSEIrank":209,"audienceSEIrank":167,"engagementSEI":0,"engagementSEIadj":0,"voiceSEI":0,"voiceSEIadj":0,"audienceSEI":0.47721916732128833,"audienceSEIadj":0.47721916732128833,"SEI":0.04772191673212883,"SEIadj":0.04772191673212883},"non_scoped":{"SEI":0.01836451230028543,"SEIrank":189,"SEIadj":0,"audienceSEI":0.18364512300285432,"audienceSEIadj":0,"audienceSEIrank":171,"audienceScore":0.03400252592296753,"combinedScore":0.0017001262961483764,"combinedScoreRank":191,"engagementSEI":0,"engagementSEIadj":0,"engagementSEIrank":217,"engagementScore":0,"voiceSEI":0,"voiceSEIadj":0,"voiceSEIrank":209,"voiceScore":0},"scoped":{"SEI":0.2410802399837087,"SEIrank":172,"SEIadj":0,"audienceSEI":2.410802399837087,"audienceSEIadj":0,"audienceSEIrank":155,"audienceScore":0.09824752545828097,"combinedScore":0.0049123762729140485,"combinedScoreRank":178,"engagementSEI":0,"engagementSEIadj":0,"engagementSEIrank":196,"engagementScore":0,"voiceSEI":0,"voiceSEIadj":0,"voiceSEIrank":188,"voiceScore":0}},"facebook":{"entityString":"536575ffb08f37d80186dead","type":"facebook","profiles":0,"postsMade":0,"repliesMade":0,"repliesRcvd":0,"sharesMade":0,"sharesRcvd":0,"mentionsRcvd":0,"likesRcvd":0,"reachRcvd":0,"audience":0,"voice":0,"conversation":0,"engagement":0,"group_scoped":{"audienceScore":0,"voiceScore":0,"engagementScore":0,"combinedScore":0,"combinedScoreRank":218,"SEIrank":218,"engagementSEIrank":207,"voiceSEIrank":203,"audienceSEIrank":218,"engagementSEI":0,"engagementSEIadj":0,"voiceSEI":0,"voiceSEIadj":0,"audienceSEI":0,"audienceSEIadj":0,"SEI":0,"SEIadj":0},"non_scoped":{"SEI":0,"SEIrank":218,"SEIadj":0,"audienceSEI":0,"audienceSEIadj":0,"audienceSEIrank":218,"audienceScore":0,"combinedScore":0,"combinedScoreRank":218,"engagementSEI":0,"engagementSEIadj":0,"engagementSEIrank":207,"engagementScore":0,"voiceSEI":0,"voiceSEIadj":0,"voiceSEIrank":203,"voiceScore":0},"scoped":{"SEI":0,"SEIrank":195,"SEIadj":0,"audienceSEI":0,"audienceSEIadj":0,"audienceSEIrank":195,"audienceScore":0,"combinedScore":0,"combinedScoreRank":195,"engagementSEI":0,"engagementSEIadj":0,"engagementSEIrank":186,"engagementScore":0,"voiceSEI":0,"voiceSEIadj":0,"voiceSEIrank":183,"voiceScore":0}},"twitter":{"entityString":"536575ffb08f37d80186dead","type":"twitter","profiles":1,"postsMade":0,"repliesMade":0,"repliesRcvd":0,"sharesMade":0,"sharesRcvd":0,"mentionsRcvd":0,"likesRcvd":0,"reachRcvd":0,"audience":4617,"voice":0,"conversation":0,"engagement":0,"group_scoped":{"audienceScore":1.3578852635479717,"voiceScore":0,"engagementScore":0,"combinedScore":1.3578852635479717,"combinedScoreRank":103,"SEIrank":166,"engagementSEIrank":216,"voiceSEIrank":208,"audienceSEIrank":116,"engagementSEI":0,"engagementSEIadj":0,"voiceSEI":0,"voiceSEIadj":0,"audienceSEI":3.658826512822139,"audienceSEIadj":3.658826512822139,"SEI":0.3658826512822139,"SEIadj":0.3658826512822139},"non_scoped":{"SEI":0.08332852048109272,"SEIrank":176,"SEIadj":0,"audienceSEI":0.8332852048109272,"audienceSEIadj":0,"audienceSEIrank":130,"audienceScore":0.1348567048931048,"combinedScore":0.0067428352446552405,"combinedScoreRank":177,"engagementSEI":0,"engagementSEIadj":0,"engagementSEIrank":216,"engagementScore":0,"voiceSEI":0,"voiceSEIadj":0,"voiceSEIrank":208,"voiceScore":0},"scoped":{"SEI":0.3960948156790749,"SEIrank":154,"SEIadj":0,"audienceSEI":3.9609481567907485,"audienceSEIadj":0,"audienceSEIrank":115,"audienceScore":0.21409016548515977,"combinedScore":0.01070450827425799,"combinedScoreRank":161,"engagementSEI":0,"engagementSEIadj":0,"engagementSEIrank":195,"engagementScore":0,"voiceSEI":0,"voiceSEIadj":0,"voiceSEIrank":187,"voiceScore":0}},"instagram":{"entityString":"536575ffb08f37d80186dead","type":"instagram","profiles":0,"postsMade":0,"repliesMade":0,"repliesRcvd":0,"sharesMade":0,"sharesRcvd":0,"mentionsRcvd":0,"likesRcvd":0,"reachRcvd":0,"audience":0,"voice":0,"conversation":0,"engagement":0,"group_scoped":{"audienceScore":0,"voiceScore":0,"engagementScore":0,"combinedScore":0,"combinedScoreRank":201,"SEIrank":201,"engagementSEIrank":201,"voiceSEIrank":201,"audienceSEIrank":201,"engagementSEI":0,"engagementSEIadj":0,"voiceSEI":0,"voiceSEIadj":0,"audienceSEI":0,"audienceSEIadj":0,"SEI":0,"SEIadj":0},"non_scoped":{"SEI":0,"SEIrank":201,"SEIadj":0,"audienceSEI":0,"audienceSEIadj":0,"audienceSEIrank":201,"audienceScore":0,"combinedScore":0,"combinedScoreRank":201,"engagementSEI":0,"engagementSEIadj":0,"engagementSEIrank":201,"engagementScore":0,"voiceSEI":0,"voiceSEIadj":0,"voiceSEIrank":201,"voiceScore":0},"scoped":{"SEI":0,"SEIrank":181,"SEIadj":0,"audienceSEI":0,"audienceSEIadj":0,"audienceSEIrank":181,"audienceScore":0,"combinedScore":0,"combinedScoreRank":181,"engagementSEI":0,"engagementSEIadj":0,"engagementSEIrank":181,"engagementScore":0,"voiceSEI":0,"voiceSEIadj":0,"voiceSEIrank":181,"voiceScore":0}}},"week":{"boundaryQuantum":4982406,"combined":{"entityString":"536575ffb08f37d80186dead","type":"combined","profiles":1,"postsMade":4,"repliesMade":0,"repliesRcvd":0,"sharesMade":0,"sharesRcvd":1,"mentionsRcvd":0,"likesRcvd":16,"reachRcvd":0,"audience":4617,"voice":4,"conversation":4,"engagement":17,"group_scoped":{"audienceScore":0.3299219249089982,"voiceScore":0.3731343283582089,"engagementScore":0.015263885646560237,"combinedScore":0.04889030974526457,"combinedScoreRank":193,"SEIrank":178,"engagementSEIrank":154,"voiceSEIrank":164,"audienceSEIrank":167,"engagementSEI":0.018162393162393164,"engagementSEIadj":0.018162393162393164,"voiceSEI":0.6116207951070336,"voiceSEIadj":0.6116207951070336,"audienceSEI":0.47721916732128833,"audienceSEIadj":0.47721916732128833,"SEI":0.2421055911616748,"SEIadj":0.2421055911616748},"non_scoped":{"SEI":0.15894310704832965,"SEIrank":172,"SEIadj":0,"audienceSEI":0.18364512300285432,"audienceSEIadj":0,"audienceSEIrank":171,"audienceScore":0.03400252592296753,"combinedScore":0.004516641507315588,"combinedScoreRank":184,"engagementSEI":0.0017395183785232921,"engagementSEIadj":0,"engagementSEIrank":170,"engagementScore":0.0007090036371886588,"voiceSEI":0.46511627906976744,"voiceSEIadj":0,"voiceSEIrank":164,"voiceScore":0.04356823875394837},"scoped":{"SEI":0.8155427599715205,"SEIrank":168,"SEIadj":0,"audienceSEI":2.410802399837087,"audienceSEIadj":0,"audienceSEIrank":155,"audienceScore":0.09824752545828097,"combinedScore":0.016908840974141096,"combinedScoreRank":166,"engagementSEI":0.0565366324121188,"engagementSEIadj":0,"engagementSEIrank":157,"engagementScore":0.008256996590346113,"voiceSEI":1.8018018018018018,"voiceSEIadj":0,"voiceSEIrank":152,"voiceScore":0.09130335539831089}},"facebook":{"entityString":"536575ffb08f37d80186dead","type":"facebook","profiles":0,"postsMade":0,"repliesMade":0,"repliesRcvd":0,"sharesMade":0,"sharesRcvd":0,"mentionsRcvd":0,"likesRcvd":0,"reachRcvd":0,"audience":0,"voice":0,"conversation":0,"engagement":0,"group_scoped":{"audienceScore":0,"voiceScore":0,"engagementScore":0,"combinedScore":0,"combinedScoreRank":218,"SEIrank":218,"engagementSEIrank":208,"voiceSEIrank":208,"audienceSEIrank":218,"engagementSEI":0,"engagementSEIadj":0,"voiceSEI":0,"voiceSEIadj":0,"audienceSEI":0,"audienceSEIadj":0,"SEI":0,"SEIadj":0},"non_scoped":{"SEI":0,"SEIrank":218,"SEIadj":0,"audienceSEI":0,"audienceSEIadj":0,"audienceSEIrank":218,"audienceScore":0,"combinedScore":0,"combinedScoreRank":218,"engagementSEI":0,"engagementSEIadj":0,"engagementSEIrank":208,"engagementScore":0,"voiceSEI":0,"voiceSEIadj":0,"voiceSEIrank":208,"voiceScore":0},"scoped":{"SEI":0,"SEIrank":195,"SEIadj":0,"audienceSEI":0,"audienceSEIadj":0,"audienceSEIrank":195,"audienceScore":0,"combinedScore":0,"combinedScoreRank":195,"engagementSEI":0,"engagementSEIadj":0,"engagementSEIrank":187,"engagementScore":0,"voiceSEI":0,"voiceSEIadj":0,"voiceSEIrank":187,"voiceScore":0}},"twitter":{"entityString":"536575ffb08f37d80186dead","type":"twitter","profiles":1,"postsMade":4,"repliesMade":0,"repliesRcvd":0,"sharesMade":0,"sharesRcvd":1,"mentionsRcvd":0,"likesRcvd":16,"reachRcvd":0,"audience":4617,"voice":4,"conversation":4,"engagement":17,"group_scoped":{"audienceScore":1.3578852635479717,"voiceScore":0.5291005291005291,"engagementScore":0.3000882612533098,"combinedScore":0.3644287247604039,"combinedScoreRank":171,"SEIrank":151,"engagementSEIrank":141,"voiceSEIrank":152,"audienceSEIrank":116,"engagementSEI":0.6748709805478365,"engagementSEIadj":0.6748709805478365,"voiceSEI":1.0126582278481013,"voiceSEIadj":1.0126582278481013,"audienceSEI":3.658826512822139,"audienceSEIadj":3.658826512822139,"SEI":1.0746027079653462,"SEIadj":1.0746027079653462},"non_scoped":{"SEI":0.3971477692877603,"SEIrank":156,"SEIadj":0,"audienceSEI":0.8332852048109272,"audienceSEIadj":0,"audienceSEIrank":130,"audienceScore":0.1348567048931048,"combinedScore":0.0351772015602879,"combinedScoreRank":148,"engagementSEI":0.10895340639620586,"engagementSEIadj":0,"engagementSEIrank":144,"engagementScore":0.027718897766182946,"voiceSEI":0.8281573498964804,"voiceSEIadj":0,"voiceSEIrank":148,"voiceScore":0.06974716652136008},"scoped":{"SEI":1.5255550686149375,"SEIrank":143,"SEIadj":0,"audienceSEI":3.9609481567907485,"audienceSEIadj":0,"audienceSEIrank":115,"audienceScore":0.21409016548515977,"combinedScore":0.06958494402045426,"combinedScoreRank":137,"engagementSEI":0.6478658536585366,"engagementSEIadj":0,"engagementSEIrank":133,"engagementScore":0.05834105494354645,"voiceSEI":2.4691358024691357,"voiceSEIadj":0,"voiceSEIrank":137,"voiceScore":0.12746972594008923}},"instagram":{"entityString":"536575ffb08f37d80186dead","type":"instagram","profiles":0,"postsMade":0,"repliesMade":0,"repliesRcvd":0,"sharesMade":0,"sharesRcvd":0,"mentionsRcvd":0,"likesRcvd":0,"reachRcvd":0,"audience":0,"voice":0,"conversation":0,"engagement":0,"group_scoped":{"audienceScore":0,"voiceScore":0,"engagementScore":0,"combinedScore":0,"combinedScoreRank":201,"SEIrank":201,"engagementSEIrank":201,"voiceSEIrank":201,"audienceSEIrank":201,"engagementSEI":0,"engagementSEIadj":0,"voiceSEI":0,"voiceSEIadj":0,"audienceSEI":0,"audienceSEIadj":0,"SEI":0,"SEIadj":0},"non_scoped":{"SEI":0,"SEIrank":201,"SEIadj":0,"audienceSEI":0,"audienceSEIadj":0,"audienceSEIrank":201,"audienceScore":0,"combinedScore":0,"combinedScoreRank":201,"engagementSEI":0,"engagementSEIadj":0,"engagementSEIrank":201,"engagementScore":0,"voiceSEI":0,"voiceSEIadj":0,"voiceSEIrank":201,"voiceScore":0},"scoped":{"SEI":0,"SEIrank":181,"SEIadj":0,"audienceSEI":0,"audienceSEIadj":0,"audienceSEIrank":181,"audienceScore":0,"combinedScore":0,"combinedScoreRank":181,"engagementSEI":0,"engagementSEIadj":0,"engagementSEIrank":181,"engagementScore":0,"voiceSEI":0,"voiceSEIadj":0,"voiceSEIrank":181,"voiceScore":0}}},"month":{"boundaryQuantum":4975782,"combined":{"entityString":"536575ffb08f37d80186dead","type":"combined","profiles":1,"postsMade":23,"repliesMade":0,"repliesRcvd":0,"sharesMade":0,"sharesRcvd":8,"mentionsRcvd":0,"likesRcvd":131,"reachRcvd":0,"audience":4617,"voice":23,"conversation":23,"engagement":139,"group_scoped":{"audienceScore":0.3299219249089982,"voiceScore":0.5136221527467619,"engagementScore":0.03501056613848568,"combinedScore":0.07368671340742512,"combinedScoreRank":159,"SEIrank":165,"engagementSEIrank":132,"voiceSEIrank":154,"audienceSEIrank":167,"engagementSEI":0.04330447406872015,"engagementSEIadj":0.04330447406872015,"voiceSEI":0.8412582297000731,"voiceSEIadj":0.8412582297000731,"audienceSEI":0.47721916732128833,"audienceSEIadj":0.47721916732128833,"SEI":0.32608207008338286,"SEIadj":0.32608207008338286},"non_scoped":{"SEI":0.21132634056801633,"SEIrank":160,"SEIadj":0,"audienceSEI":0.18364512300285432,"audienceSEIadj":0,"audienceSEIrank":171,"audienceScore":0.03400252592296753,"combinedScore":0.006104900171285963,"combinedScoreRank":176,"engagementSEI":0.003835708068950026,"engagementSEIadj":0,"engagementSEIrank":169,"engagementScore":0.0015106958351963438,"voiceSEI":0.6355346780878696,"voiceSEIadj":0,"voiceSEIrank":152,"voiceScore":0.06090295246921753},"scoped":{"SEI":1.0445453883961728,"SEIrank":160,"SEIadj":0,"audienceSEI":2.410802399837087,"audienceSEIadj":0,"audienceSEIrank":155,"audienceScore":0.09824752545828097,"combinedScore":0.02451927986400275,"combinedScoreRank":161,"engagementSEI":0.12858226489796673,"engagementSEIadj":0,"engagementSEIrank":156,"engagementScore":0.014651010814343234,"voiceSEI":2.4210526315789473,"voiceSEIadj":0,"voiceSEIrank":141,"voiceScore":0.12841987716359576}},"facebook":{"entityString":"536575ffb08f37d80186dead","type":"facebook","profiles":0,"postsMade":0,"repliesMade":0,"repliesRcvd":0,"sharesMade":0,"sharesRcvd":0,"mentionsRcvd":0,"likesRcvd":0,"reachRcvd":0,"audience":0,"voice":0,"conversation":0,"engagement":0,"group_scoped":{"audienceScore":0,"voiceScore":0,"engagementScore":0,"combinedScore":0,"combinedScoreRank":218,"SEIrank":218,"engagementSEIrank":208,"voiceSEIrank":208,"audienceSEIrank":218,"engagementSEI":0,"engagementSEIadj":0,"voiceSEI":0,"voiceSEIadj":0,"audienceSEI":0,"audienceSEIadj":0,"SEI":0,"SEIadj":0},"non_scoped":{"SEI":0,"SEIrank":218,"SEIadj":0,"audienceSEI":0,"audienceSEIadj":0,"audienceSEIrank":218,"audienceScore":0,"combinedScore":0,"combinedScoreRank":218,"engagementSEI":0,"engagementSEIadj":0,"engagementSEIrank":208,"engagementScore":0,"voiceSEI":0,"voiceSEIadj":0,"voiceSEIrank":208,"voiceScore":0},"scoped":{"SEI":0,"SEIrank":195,"SEIadj":0,"audienceSEI":0,"audienceSEIadj":0,"audienceSEIrank":195,"audienceScore":0,"combinedScore":0,"combinedScoreRank":195,"engagementSEI":0,"engagementSEIadj":0,"engagementSEIrank":187,"engagementScore":0,"voiceSEI":0,"voiceSEIadj":0,"voiceSEIrank":187,"voiceScore":0}},"twitter":{"entityString":"536575ffb08f37d80186dead","type":"twitter","profiles":1,"postsMade":23,"repliesMade":0,"repliesRcvd":0,"sharesMade":0,"sharesRcvd":8,"mentionsRcvd":0,"likesRcvd":131,"reachRcvd":0,"audience":4617,"voice":23,"conversation":23,"engagement":139,"group_scoped":{"audienceScore":1.3578852635479717,"voiceScore":0.7317849188673242,"engagementScore":0.54968956380749,"combinedScore":0.5992041165475058,"combinedScoreRank":130,"SEIrank":132,"engagementSEIrank":114,"voiceSEIrank":139,"audienceSEIrank":116,"engagementSEI":1.4859952961299978,"engagementSEIadj":1.4859952961299978,"voiceSEI":1.399878271454656,"voiceSEIadj":1.399878271454656,"audienceSEI":3.658826512822139,"audienceSEIadj":3.658826512822139,"SEI":1.6774433103966093,"SEIadj":1.6774433103966093},"non_scoped":{"SEI":0.5744228232556703,"SEIrank":147,"SEIadj":0,"audienceSEI":0.8332852048109272,"audienceSEIadj":0,"audienceSEIrank":130,"audienceScore":0.1348567048931048,"combinedScore":0.06352975137743876,"combinedScoreRank":136,"engagementSEI":0.24118126767650477,"engagementSEIadj":0,"engagementSEIrank":129,"engagementScore":0.05761443096423346,"voiceSEI":1.1546184738955823,"voiceSEIadj":0,"voiceSEIrank":136,"voiceScore":0.098678565299468},"scoped":{"SEI":2.290252005041946,"SEIrank":137,"SEIadj":0,"audienceSEI":3.9609481567907485,"audienceSEIadj":0,"audienceSEIrank":115,"audienceScore":0.21409016548515977,"combinedScore":0.12495039189398896,"combinedScoreRank":125,"engagementSEI":1.3712143632238334,"engagementSEIadj":0,"engagementSEIrank":118,"engagementScore":0.11695020781799519,"voiceSEI":3.571428571428571,"voiceSEIadj":0,"voiceSEIrank":125,"voiceScore":0.17981393167070597}},"instagram":{"entityString":"536575ffb08f37d80186dead","type":"instagram","profiles":0,"postsMade":0,"repliesMade":0,"repliesRcvd":0,"sharesMade":0,"sharesRcvd":0,"mentionsRcvd":0,"likesRcvd":0,"reachRcvd":0,"audience":0,"voice":0,"conversation":0,"engagement":0,"group_scoped":{"audienceScore":0,"voiceScore":0,"engagementScore":0,"combinedScore":0,"combinedScoreRank":201,"SEIrank":201,"engagementSEIrank":201,"voiceSEIrank":201,"audienceSEIrank":201,"engagementSEI":0,"engagementSEIadj":0,"voiceSEI":0,"voiceSEIadj":0,"audienceSEI":0,"audienceSEIadj":0,"SEI":0,"SEIadj":0},"non_scoped":{"SEI":0,"SEIrank":201,"SEIadj":0,"audienceSEI":0,"audienceSEIadj":0,"audienceSEIrank":201,"audienceScore":0,"combinedScore":0,"combinedScoreRank":201,"engagementSEI":0,"engagementSEIadj":0,"engagementSEIrank":201,"engagementScore":0,"voiceSEI":0,"voiceSEIadj":0,"voiceSEIrank":201,"voiceScore":0},"scoped":{"SEI":0,"SEIrank":181,"SEIadj":0,"audienceSEI":0,"audienceSEIadj":0,"audienceSEIrank":181,"audienceScore":0,"combinedScore":0,"combinedScoreRank":181,"engagementSEI":0,"engagementSEIadj":0,"engagementSEIrank":181,"engagementScore":0,"voiceSEI":0,"voiceSEIadj":0,"voiceSEIrank":181,"voiceScore":0}}},"quarter":{"boundaryQuantum":4958502,"combined":{"entityString":"536575ffb08f37d80186dead","type":"combined","profiles":1,"postsMade":85,"repliesMade":0,"repliesRcvd":0,"sharesMade":0,"sharesRcvd":39,"mentionsRcvd":0,"likesRcvd":523,"reachRcvd":0,"audience":4617,"voice":85,"conversation":85,"engagement":562,"group_scoped":{"audienceScore":0.3299219249089982,"voiceScore":0.5995203836930456,"engagementScore":0.04555993320038264,"combinedScore":0.08747605531044657,"combinedScoreRank":155,"SEIrank":157,"engagementSEIrank":132,"voiceSEIrank":147,"audienceSEIrank":167,"engagementSEI":0.055101496564490315,"engagementSEIadj":0.055101496564490315,"voiceSEI":0.9876830118521961,"voiceSEIadj":0.9876830118521961,"audienceSEI":0.47721916732128833,"audienceSEIadj":0.47721916732128833,"SEI":0.37708771822648185,"SEIadj":0.37708771822648185},"non_scoped":{"SEI":0.2594456750021015,"SEIrank":152,"SEIadj":0,"audienceSEI":0.18364512300285432,"audienceSEIadj":0,"audienceSEIrank":171,"audienceScore":0.03400252592296753,"combinedScore":0.007189375034582536,"combinedScoreRank":165,"engagementSEI":0.004902423454589515,"engagementSEIadj":0,"engagementSEIrank":155,"engagementScore":0.0018986473657788068,"voiceSEI":0.7937990287635412,"voiceSEIadj":0,"voiceSEIrank":144,"voiceScore":0.07560932218466465},"scoped":{"SEI":1.3019187508095773,"SEIrank":151,"SEIadj":0,"audienceSEI":2.410802399837087,"audienceSEIadj":0,"audienceSEIrank":155,"audienceScore":0.09824752545828097,"combinedScore":0.029558212702800176,"combinedScoreRank":149,"engagementSEI":0.1137239745112601,"engagementSEIadj":0,"engagementSEIrank":144,"engagementScore":0.018550413885479913,"voiceSEI":3.3086804203970415,"voiceSEIadj":0,"voiceSEIrank":134,"voiceScore":0.1590092786590841}},"facebook":{"entityString":"536575ffb08f37d80186dead","type":"facebook","profiles":0,"postsMade":0,"repliesMade":0,"repliesRcvd":0,"sharesMade":0,"sharesRcvd":0,"mentionsRcvd":0,"likesRcvd":0,"reachRcvd":0,"audience":0,"voice":0,"conversation":0,"engagement":0,"group_scoped":{"audienceScore":0,"voiceScore":0,"engagementScore":0,"combinedScore":0,"combinedScoreRank":218,"SEIrank":218,"engagementSEIrank":208,"voiceSEIrank":208,"audienceSEIrank":218,"engagementSEI":0,"engagementSEIadj":0,"voiceSEI":0,"voiceSEIadj":0,"audienceSEI":0,"audienceSEIadj":0,"SEI":0,"SEIadj":0},"non_scoped":{"SEI":0,"SEIrank":218,"SEIadj":0,"audienceSEI":0,"audienceSEIadj":0,"audienceSEIrank":218,"audienceScore":0,"combinedScore":0,"combinedScoreRank":218,"engagementSEI":0,"engagementSEIadj":0,"engagementSEIrank":208,"engagementScore":0,"voiceSEI":0,"voiceSEIadj":0,"voiceSEIrank":208,"voiceScore":0},"scoped":{"SEI":0,"SEIrank":195,"SEIadj":0,"audienceSEI":0,"audienceSEIadj":0,"audienceSEIrank":195,"audienceScore":0,"combinedScore":0,"combinedScoreRank":195,"engagementSEI":0,"engagementSEIadj":0,"engagementSEIrank":187,"engagementScore":0,"voiceSEI":0,"voiceSEIadj":0,"voiceSEIrank":187,"voiceScore":0}},"twitter":{"entityString":"536575ffb08f37d80186dead","type":"twitter","profiles":1,"postsMade":85,"repliesMade":0,"repliesRcvd":0,"sharesMade":0,"sharesRcvd":39,"mentionsRcvd":0,"likesRcvd":523,"reachRcvd":0,"audience":4617,"voice":85,"conversation":85,"engagement":562,"group_scoped":{"audienceScore":1.3578852635479717,"voiceScore":0.8390089823314579,"engagementScore":0.6714536613340661,"combinedScore":0.7141530074946311,"combinedScoreRank":122,"SEIrank":125,"engagementSEIrank":114,"voiceSEIrank":135,"audienceSEIrank":116,"engagementSEI":1.6518237662757544,"engagementSEIadj":1.6518237662757544,"voiceSEI":1.6034710431993962,"voiceSEIadj":1.6034710431993962,"audienceSEI":3.658826512822139,"audienceSEIadj":3.658826512822139,"SEI":1.8380182240074854,"SEIadj":1.8380182240074854},"non_scoped":{"SEI":0.6676700403605771,"SEIrank":131,"SEIadj":0,"audienceSEI":0.8332852048109272,"audienceSEIadj":0,"audienceSEIrank":130,"audienceScore":0.1348567048931048,"combinedScore":0.07370635632892718,"combinedScoreRank":126,"engagementSEI":0.2665123866611025,"engagementSEIadj":0,"engagementSEIrank":123,"engagementScore":0.06761959765136202,"voiceSEI":1.414780292942743,"voiceSEIadj":0,"voiceSEIrank":121,"voiceScore":0.12211766396092234},"scoped":{"SEI":2.8839117923259576,"SEIrank":118,"SEIadj":0,"audienceSEI":3.9609481567907485,"audienceSEIadj":0,"audienceSEIrank":115,"audienceScore":0.21409016548515977,"combinedScore":0.1480121569356856,"combinedScoreRank":115,"engagementSEI":1.768073994840496,"engagementSEIadj":0,"engagementSEIrank":112,"engagementScore":0.140190879111559,"voiceSEI":4.756575265808618,"voiceSEIadj":0,"voiceSEIrank":111,"voiceScore":0.22271714922048996}},"instagram":{"entityString":"536575ffb08f37d80186dead","type":"instagram","profiles":0,"postsMade":0,"repliesMade":0,"repliesRcvd":0,"sharesMade":0,"sharesRcvd":0,"mentionsRcvd":0,"likesRcvd":0,"reachRcvd":0,"audience":0,"voice":0,"conversation":0,"engagement":0,"group_scoped":{"audienceScore":0,"voiceScore":0,"engagementScore":0,"combinedScore":0,"combinedScoreRank":201,"SEIrank":201,"engagementSEIrank":201,"voiceSEIrank":201,"audienceSEIrank":201,"engagementSEI":0,"engagementSEIadj":0,"voiceSEI":0,"voiceSEIadj":0,"audienceSEI":0,"audienceSEIadj":0,"SEI":0,"SEIadj":0},"non_scoped":{"SEI":0,"SEIrank":201,"SEIadj":0,"audienceSEI":0,"audienceSEIadj":0,"audienceSEIrank":201,"audienceScore":0,"combinedScore":0,"combinedScoreRank":201,"engagementSEI":0,"engagementSEIadj":0,"engagementSEIrank":201,"engagementScore":0,"voiceSEI":0,"voiceSEIadj":0,"voiceSEIrank":201,"voiceScore":0},"scoped":{"SEI":0,"SEIrank":181,"SEIadj":0,"audienceSEI":0,"audienceSEIadj":0,"audienceSEIrank":181,"audienceScore":0,"combinedScore":0,"combinedScoreRank":181,"engagementSEI":0,"engagementSEIadj":0,"engagementSEIrank":181,"engagementScore":0,"voiceSEI":0,"voiceSEIadj":0,"voiceSEIrank":181,"voiceScore":0}}},"blended":{"combined":{"non_scoped":{"SEI":0.21002294631576635,"SEIadj":40.12601376778946,"SEIrank":164,"audienceSEI":0.18364512300285432,"audienceSEIadj":40.11018707380171,"audienceSEIrank":171,"engagementSEI":0.003548423451194249,"engagementSEIadj":40.002129054070714,"engagementSEIrank":168,"voiceSEI":0.6317645998158813,"voiceSEIadj":50.31588229990794,"voiceSEIrank":156},"scoped":{"SEI":3.8089120979776907,"SEIadj":51.90445604898885,"SEIrank":136,"compCharisma":0,"compInfluence":3,"compEva":0.8089120979776907,"audienceSEI":2.410802399837087,"audienceSEIadj":41.44648143990225,"audienceSEIrank":155,"engagementSEI":0.0931103167139607,"engagementSEIadj":40.055866190028375,"engagementSEIrank":155,"voiceSEI":2.5580386454759036,"voiceSEIadj":51.27901932273795,"voiceSEIrank":142}},"facebook":{"non_scoped":{"SEI":0,"SEIadj":0,"SEIrank":218,"audienceSEI":0,"audienceSEIadj":0,"audienceSEIrank":218,"engagementSEI":0,"engagementSEIadj":0,"engagementSEIrank":208,"voiceSEI":0,"voiceSEIadj":0,"voiceSEIrank":208},"scoped":{"SEI":0,"SEIadj":0,"SEIrank":195,"audienceSEI":0,"audienceSEIadj":0,"audienceSEIrank":195,"engagementSEI":0,"engagementSEIadj":0,"engagementSEIrank":187,"voiceSEI":0,"voiceSEIadj":0,"voiceSEIrank":187}},"twitter":{"non_scoped":{"SEI":0.5433092004790218,"SEIadj":50.27165460023951,"SEIrank":144,"audienceSEI":0.8332852048109272,"audienceSEIadj":50.41664260240546,"audienceSEIrank":130,"engagementSEI":0.20211940540088874,"engagementSEIadj":50.10105970270045,"engagementSEIrank":132,"voiceSEI":1.129030122524653,"voiceSEIadj":50.56451506126233,"voiceSEIrank":137},"scoped":{"SEI":2.262964958287706,"SEIadj":51.131482479143855,"SEIrank":130,"audienceSEI":3.9609481567907485,"audienceSEIadj":51.980474078395375,"audienceSEIrank":115,"engagementSEI":1.284078908001384,"engagementSEIadj":50.642039454000695,"engagementSEIrank":120,"voiceSEI":3.654742659359335,"voiceSEIadj":51.827371329679664,"voiceSEIrank":123}},"instagram":{"non_scoped":{"SEI":0,"SEIadj":0,"SEIrank":201,"audienceSEI":0,"audienceSEIadj":0,"audienceSEIrank":201,"engagementSEI":0,"engagementSEIadj":0,"engagementSEIrank":201,"voiceSEI":0,"voiceSEIadj":0,"voiceSEIrank":201},"scoped":{"SEI":0,"SEIadj":0,"SEIrank":181,"audienceSEI":0,"audienceSEIadj":0,"audienceSEIrank":181,"engagementSEI":0,"engagementSEIadj":0,"engagementSEIrank":181,"voiceSEI":0,"voiceSEIadj":0,"voiceSEIrank":181}},"influence":{"facebook":{"scope":"individual","ratio":0,"calculated":false},"instagram":{"scope":"individual","ratio":0,"calculated":false},"combined":{"ratio":0.75,"bottom":true,"scope":"individual","calculated":true},"twitter":{"ratio":0.64,"bottom":false,"scope":"individual","calculated":true}},"charisma":{"facebook":{"scope":"individual","ratio":0,"calculated":false},"instagram":{"scope":"individual","ratio":0,"calculated":false},"combined":{"ratio":0.22,"bottom":false,"scope":"individual","calculated":true},"twitter":{"ratio":0.66,"bottom":false,"scope":"individual","calculated":true}}},"scope":"individual"}}