{"scoreEntityString":"591d1494ab33fb0001804f89.asset.536575feb08f37d80186a098","timeQuantum":4984422,"scoreEntityType":"asset","scoreProfileID":"591d1494ab33fb0001804f89","data":{"scoreEntityString":"591d1494ab33fb0001804f89.asset.536575feb08f37d80186a098","scoreProfileID":"591d1494ab33fb0001804f89","scoreEntityType":"asset","entityID":"asset.536575feb08f37d80186a098","object_version":"1.2","score_engine_version":"3.0.19","timestamp":4984422,"start_quantum":4958502,"end_quantum":4984421,"schedule_options":{"interval":15,"offset":"1"},"_15min":{"boundaryQuantum":4984419,"combined":{"entityString":"536575feb08f37d80186a098","type":"combined","profiles":2,"postsMade":0,"repliesMade":0,"repliesRcvd":0,"sharesMade":0,"sharesRcvd":0,"mentionsRcvd":0,"likesRcvd":0,"reachRcvd":0,"audience":35828,"voice":0,"conversation":0,"engagement":0,"group_scoped":{"audienceScore":1.5728038560648294,"voiceScore":0,"engagementScore":0,"combinedScore":1.5728038560648294,"engagementSEI":0,"engagementSEIadj":0,"voiceSEI":0,"voiceSEIadj":0,"audienceSEI":2.4365098363509747,"audienceSEIadj":2.4365098363509747,"SEI":0.2436509836350975,"SEIadj":0.2436509836350975,"combinedScoreRank":48,"SEIrank":59,"engagementSEIrank":52,"voiceSEIrank":46,"audienceSEIrank":59},"non_scoped":{"SEI":0.14250893365705575,"SEIrank":45,"SEIadj":0,"audienceSEI":1.4250893365705575,"audienceSEIadj":0,"audienceSEIrank":45,"audienceScore":0.2638601903331342,"combinedScore":0.013193009516656709,"combinedScoreRank":45,"engagementSEI":0,"engagementSEIadj":0,"engagementSEIrank":52,"engagementScore":0,"voiceSEI":0,"voiceSEIadj":0,"voiceSEIrank":46,"voiceScore":0},"scoped":{"SEI":8.28872180451128,"SEIrank":3,"SEIadj":0,"audienceSEI":82.88721804511279,"audienceSEIadj":0,"audienceSEIrank":3,"audienceScore":21.54121799149847,"combinedScore":21.54121799149847,"combinedScoreRank":3,"engagementSEI":0,"engagementSEIadj":0,"engagementSEIrank":2,"engagementScore":0,"voiceSEI":0,"voiceSEIadj":0,"voiceSEIrank":2,"voiceScore":0}},"facebook":{"entityString":"536575feb08f37d80186a098","type":"facebook","profiles":1,"postsMade":0,"repliesMade":0,"repliesRcvd":0,"sharesMade":0,"sharesRcvd":0,"mentionsRcvd":0,"likesRcvd":0,"reachRcvd":0,"audience":15389,"voice":0,"conversation":0,"engagement":0,"group_scoped":{"audienceScore":1.0002372386718534,"voiceScore":0,"engagementScore":0,"combinedScore":1.0002372386718534,"engagementSEI":0,"engagementSEIadj":0,"voiceSEI":0,"voiceSEIadj":0,"audienceSEI":1.4080112721417068,"audienceSEIadj":1.4080112721417068,"SEI":0.14080112721417068,"SEIadj":0.14080112721417068,"combinedScoreRank":58,"SEIrank":55,"engagementSEIrank":50,"voiceSEIrank":46,"audienceSEIrank":55},"non_scoped":{"SEI":0.08363150618228615,"SEIrank":53,"SEIadj":0,"audienceSEI":0.8363150618228614,"audienceSEIadj":0,"audienceSEIrank":53,"audienceScore":0.16046672888328128,"combinedScore":0.008023336444164064,"combinedScoreRank":53,"engagementSEI":0,"engagementSEIadj":0,"engagementSEIrank":50,"engagementScore":0,"voiceSEI":0,"voiceSEIadj":0,"voiceSEIrank":46,"voiceScore":0},"scoped":{"SEI":4.58469880235953,"SEIrank":3,"SEIadj":0,"audienceSEI":45.8469880235953,"audienceSEIadj":0,"audienceSEIrank":3,"audienceScore":17.400891019697415,"combinedScore":17.400891019697415,"combinedScoreRank":3,"engagementSEI":0,"engagementSEIadj":0,"engagementSEIrank":2,"engagementScore":0,"voiceSEI":0,"voiceSEIadj":0,"voiceSEIrank":2,"voiceScore":0}},"twitter":{"entityString":"536575feb08f37d80186a098","type":"twitter","profiles":1,"postsMade":0,"repliesMade":0,"repliesRcvd":0,"sharesMade":0,"sharesRcvd":0,"mentionsRcvd":0,"likesRcvd":0,"reachRcvd":0,"audience":20439,"voice":0,"conversation":0,"engagement":0,"group_scoped":{"audienceScore":3.2509992858267633,"voiceScore":0,"engagementScore":0,"combinedScore":3.2509992858267633,"engagementSEI":0,"engagementSEIadj":0,"voiceSEI":0,"voiceSEIadj":0,"audienceSEI":7.661713548851437,"audienceSEIadj":7.661713548851437,"SEI":0.7661713548851438,"SEIadj":0.7661713548851438,"combinedScoreRank":45,"SEIrank":64,"engagementSEIrank":47,"voiceSEIrank":45,"audienceSEIrank":63},"non_scoped":{"SEI":0.36888707604787824,"SEIrank":31,"SEIadj":0,"audienceSEI":3.6888707604787823,"audienceSEIadj":0,"audienceSEIrank":31,"audienceScore":0.5969972257548558,"combinedScore":0.029849861287742793,"combinedScoreRank":31,"engagementSEI":0,"engagementSEIadj":0,"engagementSEIrank":47,"engagementScore":0,"voiceSEI":0,"voiceSEIadj":0,"voiceSEIrank":45,"voiceScore":0},"scoped":{"SEI":10,"SEIrank":1,"SEIadj":0,"audienceSEI":100,"audienceSEIadj":0,"audienceSEIrank":1,"audienceScore":26.242537073890993,"combinedScore":26.242537073890993,"combinedScoreRank":1,"engagementSEI":0,"engagementSEIadj":0,"engagementSEIrank":2,"engagementScore":0,"voiceSEI":0,"voiceSEIadj":0,"voiceSEIrank":2,"voiceScore":0}},"instagram":{"entityString":"536575feb08f37d80186a098","type":"instagram","profiles":0,"postsMade":0,"repliesMade":0,"repliesRcvd":0,"sharesMade":0,"sharesRcvd":0,"mentionsRcvd":0,"likesRcvd":0,"reachRcvd":0,"audience":0,"voice":0,"conversation":0,"engagement":0,"group_scoped":{"audienceScore":0,"voiceScore":0,"engagementScore":0,"combinedScore":0,"engagementSEI":0,"engagementSEIadj":0,"voiceSEI":0,"voiceSEIadj":0,"audienceSEI":0,"audienceSEIadj":0,"SEI":0,"SEIadj":0,"combinedScoreRank":89,"SEIrank":71,"engagementSEIrank":47,"voiceSEIrank":44,"audienceSEIrank":71},"non_scoped":{"SEI":0,"SEIrank":71,"SEIadj":0,"audienceSEI":0,"audienceSEIadj":0,"audienceSEIrank":71,"audienceScore":0,"combinedScore":0,"combinedScoreRank":71,"engagementSEI":0,"engagementSEIadj":0,"engagementSEIrank":47,"engagementScore":0,"voiceSEI":0,"voiceSEIadj":0,"voiceSEIrank":44,"voiceScore":0},"scoped":{"SEI":0,"SEIrank":2,"SEIadj":0,"audienceSEI":0,"audienceSEIadj":0,"audienceSEIrank":2,"audienceScore":null,"combinedScore":null,"combinedScoreRank":9,"engagementSEI":0,"engagementSEIadj":0,"engagementSEIrank":2,"engagementScore":0,"voiceSEI":0,"voiceSEIadj":0,"voiceSEIrank":2,"voiceScore":0}}},"hour":{"boundaryQuantum":4984410,"combined":{"entityString":"536575feb08f37d80186a098","type":"combined","profiles":2,"postsMade":0,"repliesMade":0,"repliesRcvd":0,"sharesMade":0,"sharesRcvd":0,"mentionsRcvd":0,"likesRcvd":0,"reachRcvd":0,"audience":35828,"voice":0,"conversation":0,"engagement":0,"group_scoped":{"audienceScore":1.5728038560648294,"voiceScore":0,"engagementScore":0,"combinedScore":1.5728038560648294,"combinedScoreRank":44,"SEIrank":76,"engagementSEIrank":89,"voiceSEIrank":54,"audienceSEIrank":59,"engagementSEI":0,"engagementSEIadj":0,"voiceSEI":0,"voiceSEIadj":0,"audienceSEI":2.4365098363509747,"audienceSEIadj":2.4365098363509747,"SEI":0.2436509836350975,"SEIadj":0.2436509836350975},"non_scoped":{"SEI":0.14250893365705575,"SEIrank":58,"SEIadj":0,"audienceSEI":1.4250893365705575,"audienceSEIadj":0,"audienceSEIrank":45,"audienceScore":0.2638601903331342,"combinedScore":0.013193009516656709,"combinedScoreRank":65,"engagementSEI":0,"engagementSEIadj":0,"engagementSEIrank":89,"engagementScore":0,"voiceSEI":0,"voiceSEIadj":0,"voiceSEIrank":54,"voiceScore":0},"scoped":{"SEI":8.28872180451128,"SEIrank":3,"SEIadj":0,"audienceSEI":82.88721804511279,"audienceSEIadj":0,"audienceSEIrank":3,"audienceScore":21.54121799149847,"combinedScore":3.077316855928353,"combinedScoreRank":3,"engagementSEI":0,"engagementSEIadj":0,"engagementSEIrank":3,"engagementScore":0,"voiceSEI":0,"voiceSEIadj":0,"voiceSEIrank":2,"voiceScore":0}},"facebook":{"entityString":"536575feb08f37d80186a098","type":"facebook","profiles":1,"postsMade":0,"repliesMade":0,"repliesRcvd":0,"sharesMade":0,"sharesRcvd":0,"mentionsRcvd":0,"likesRcvd":0,"reachRcvd":0,"audience":15389,"voice":0,"conversation":0,"engagement":0,"group_scoped":{"audienceScore":1.0002372386718534,"voiceScore":0,"engagementScore":0,"combinedScore":1.0002372386718534,"combinedScoreRank":51,"SEIrank":67,"engagementSEIrank":78,"voiceSEIrank":49,"audienceSEIrank":55,"engagementSEI":0,"engagementSEIadj":0,"voiceSEI":0,"voiceSEIadj":0,"audienceSEI":1.4080112721417068,"audienceSEIadj":1.4080112721417068,"SEI":0.14080112721417068,"SEIadj":0.14080112721417068},"non_scoped":{"SEI":0.08363150618228615,"SEIrank":59,"SEIadj":0,"audienceSEI":0.8363150618228614,"audienceSEIadj":0,"audienceSEIrank":53,"audienceScore":0.16046672888328128,"combinedScore":0.008023336444164064,"combinedScoreRank":66,"engagementSEI":0,"engagementSEIadj":0,"engagementSEIrank":78,"engagementScore":0,"voiceSEI":0,"voiceSEIadj":0,"voiceSEIrank":49,"voiceScore":0},"scoped":{"SEI":4.58469880235953,"SEIrank":3,"SEIadj":0,"audienceSEI":45.8469880235953,"audienceSEIadj":0,"audienceSEIrank":3,"audienceScore":17.400891019697415,"combinedScore":2.4858415742424875,"combinedScoreRank":3,"engagementSEI":0,"engagementSEIadj":0,"engagementSEIrank":3,"engagementScore":0,"voiceSEI":0,"voiceSEIadj":0,"voiceSEIrank":2,"voiceScore":0}},"twitter":{"entityString":"536575feb08f37d80186a098","type":"twitter","profiles":1,"postsMade":0,"repliesMade":0,"repliesRcvd":0,"sharesMade":0,"sharesRcvd":0,"mentionsRcvd":0,"likesRcvd":0,"reachRcvd":0,"audience":20439,"voice":0,"conversation":0,"engagement":0,"group_scoped":{"audienceScore":3.2509992858267633,"voiceScore":0,"engagementScore":0,"combinedScore":3.2509992858267633,"combinedScoreRank":59,"SEIrank":84,"engagementSEIrank":70,"voiceSEIrank":52,"audienceSEIrank":63,"engagementSEI":0,"engagementSEIadj":0,"voiceSEI":0,"voiceSEIadj":0,"audienceSEI":7.661713548851437,"audienceSEIadj":7.661713548851437,"SEI":0.7661713548851438,"SEIadj":0.7661713548851438},"non_scoped":{"SEI":0.36888707604787824,"SEIrank":51,"SEIadj":0,"audienceSEI":3.6888707604787823,"audienceSEIadj":0,"audienceSEIrank":31,"audienceScore":0.5969972257548558,"combinedScore":0.029849861287742793,"combinedScoreRank":51,"engagementSEI":0,"engagementSEIadj":0,"engagementSEIrank":70,"engagementScore":0,"voiceSEI":0,"voiceSEIadj":0,"voiceSEIrank":52,"voiceScore":0},"scoped":{"SEI":10,"SEIrank":1,"SEIadj":0,"audienceSEI":100,"audienceSEIadj":0,"audienceSEIrank":1,"audienceScore":26.242537073890993,"combinedScore":26.242537073890993,"combinedScoreRank":1,"engagementSEI":0,"engagementSEIadj":0,"engagementSEIrank":2,"engagementScore":0,"voiceSEI":0,"voiceSEIadj":0,"voiceSEIrank":2,"voiceScore":0}},"instagram":{"entityString":"536575feb08f37d80186a098","type":"instagram","profiles":0,"postsMade":0,"repliesMade":0,"repliesRcvd":0,"sharesMade":0,"sharesRcvd":0,"mentionsRcvd":0,"likesRcvd":0,"reachRcvd":0,"audience":0,"voice":0,"conversation":0,"engagement":0,"group_scoped":{"audienceScore":0,"voiceScore":0,"engagementScore":0,"combinedScore":0,"combinedScoreRank":89,"SEIrank":71,"engagementSEIrank":53,"voiceSEIrank":44,"audienceSEIrank":71,"engagementSEI":0,"engagementSEIadj":0,"voiceSEI":0,"voiceSEIadj":0,"audienceSEI":0,"audienceSEIadj":0,"SEI":0,"SEIadj":0},"non_scoped":{"SEI":0,"SEIrank":71,"SEIadj":0,"audienceSEI":0,"audienceSEIadj":0,"audienceSEIrank":71,"audienceScore":0,"combinedScore":0,"combinedScoreRank":71,"engagementSEI":0,"engagementSEIadj":0,"engagementSEIrank":53,"engagementScore":0,"voiceSEI":0,"voiceSEIadj":0,"voiceSEIrank":44,"voiceScore":0},"scoped":{"SEI":0,"SEIrank":2,"SEIadj":0,"audienceSEI":0,"audienceSEIadj":0,"audienceSEIrank":2,"audienceScore":null,"combinedScore":null,"combinedScoreRank":9,"engagementSEI":0,"engagementSEIadj":0,"engagementSEIrank":2,"engagementScore":0,"voiceSEI":0,"voiceSEIadj":0,"voiceSEIrank":2,"voiceScore":0}}},"today":{"boundaryQuantum":4984134,"combined":{"entityString":"536575feb08f37d80186a098","type":"combined","profiles":2,"postsMade":0,"repliesMade":0,"repliesRcvd":0,"sharesMade":0,"sharesRcvd":0,"mentionsRcvd":0,"likesRcvd":0,"reachRcvd":0,"audience":35828,"voice":0,"conversation":0,"engagement":0,"group_scoped":{"audienceScore":1.5728038560648294,"voiceScore":0,"engagementScore":0,"combinedScore":1.5728038560648294,"combinedScoreRank":24,"SEIrank":128,"engagementSEIrank":176,"voiceSEIrank":133,"audienceSEIrank":59,"engagementSEI":0,"engagementSEIadj":0,"voiceSEI":0,"voiceSEIadj":0,"audienceSEI":2.4365098363509747,"audienceSEIadj":2.4365098363509747,"SEI":0.2436509836350975,"SEIadj":0.2436509836350975},"non_scoped":{"SEI":0.14250893365705575,"SEIrank":117,"SEIadj":0,"audienceSEI":1.4250893365705575,"audienceSEIadj":0,"audienceSEIrank":45,"audienceScore":0.2638601903331342,"combinedScore":0.013193009516656709,"combinedScoreRank":108,"engagementSEI":0,"engagementSEIadj":0,"engagementSEIrank":176,"engagementScore":0,"voiceSEI":0,"voiceSEIadj":0,"voiceSEIrank":133,"voiceScore":0},"scoped":{"SEI":8.28872180451128,"SEIrank":4,"SEIadj":0,"audienceSEI":82.88721804511279,"audienceSEIadj":0,"audienceSEIrank":3,"audienceScore":21.54121799149847,"combinedScore":1.0770608995749236,"combinedScoreRank":4,"engagementSEI":0,"engagementSEIadj":0,"engagementSEIrank":5,"engagementScore":0,"voiceSEI":0,"voiceSEIadj":0,"voiceSEIrank":4,"voiceScore":0}},"facebook":{"entityString":"536575feb08f37d80186a098","type":"facebook","profiles":1,"postsMade":0,"repliesMade":0,"repliesRcvd":0,"sharesMade":0,"sharesRcvd":0,"mentionsRcvd":0,"likesRcvd":0,"reachRcvd":0,"audience":15389,"voice":0,"conversation":0,"engagement":0,"group_scoped":{"audienceScore":1.0002372386718534,"voiceScore":0,"engagementScore":0,"combinedScore":1.0002372386718534,"combinedScoreRank":33,"SEIrank":91,"engagementSEIrank":135,"voiceSEIrank":89,"audienceSEIrank":55,"engagementSEI":0,"engagementSEIadj":0,"voiceSEI":0,"voiceSEIadj":0,"audienceSEI":1.4080112721417068,"audienceSEIadj":1.4080112721417068,"SEI":0.14080112721417068,"SEIadj":0.14080112721417068},"non_scoped":{"SEI":0.08363150618228615,"SEIrank":82,"SEIadj":0,"audienceSEI":0.8363150618228614,"audienceSEIadj":0,"audienceSEIrank":53,"audienceScore":0.16046672888328128,"combinedScore":0.008023336444164064,"combinedScoreRank":91,"engagementSEI":0,"engagementSEIadj":0,"engagementSEIrank":135,"engagementScore":0,"voiceSEI":0,"voiceSEIadj":0,"voiceSEIrank":89,"voiceScore":0},"scoped":{"SEI":4.58469880235953,"SEIrank":3,"SEIadj":0,"audienceSEI":45.8469880235953,"audienceSEIadj":0,"audienceSEIrank":3,"audienceScore":17.400891019697415,"combinedScore":2.4858415742424875,"combinedScoreRank":3,"engagementSEI":0,"engagementSEIadj":0,"engagementSEIrank":4,"engagementScore":0,"voiceSEI":0,"voiceSEIadj":0,"voiceSEIrank":2,"voiceScore":0}},"twitter":{"entityString":"536575feb08f37d80186a098","type":"twitter","profiles":1,"postsMade":0,"repliesMade":0,"repliesRcvd":0,"sharesMade":0,"sharesRcvd":0,"mentionsRcvd":0,"likesRcvd":0,"reachRcvd":0,"audience":20439,"voice":0,"conversation":0,"engagement":0,"group_scoped":{"audienceScore":3.2509992858267633,"voiceScore":0,"engagementScore":0,"combinedScore":3.2509992858267633,"combinedScoreRank":53,"SEIrank":139,"engagementSEIrank":150,"voiceSEIrank":121,"audienceSEIrank":63,"engagementSEI":0,"engagementSEIadj":0,"voiceSEI":0,"voiceSEIadj":0,"audienceSEI":7.661713548851437,"audienceSEIadj":7.661713548851437,"SEI":0.7661713548851438,"SEIadj":0.7661713548851438},"non_scoped":{"SEI":0.36888707604787824,"SEIrank":110,"SEIadj":0,"audienceSEI":3.6888707604787823,"audienceSEIadj":0,"audienceSEIrank":31,"audienceScore":0.5969972257548558,"combinedScore":0.029849861287742793,"combinedScoreRank":121,"engagementSEI":0,"engagementSEIadj":0,"engagementSEIrank":150,"engagementScore":0,"voiceSEI":0,"voiceSEIadj":0,"voiceSEIrank":121,"voiceScore":0},"scoped":{"SEI":10,"SEIrank":3,"SEIadj":0,"audienceSEI":100,"audienceSEIadj":0,"audienceSEIrank":1,"audienceScore":26.242537073890993,"combinedScore":1.3121268536945498,"combinedScoreRank":3,"engagementSEI":0,"engagementSEIadj":0,"engagementSEIrank":4,"engagementScore":0,"voiceSEI":0,"voiceSEIadj":0,"voiceSEIrank":4,"voiceScore":0}},"instagram":{"entityString":"536575feb08f37d80186a098","type":"instagram","profiles":0,"postsMade":0,"repliesMade":0,"repliesRcvd":0,"sharesMade":0,"sharesRcvd":0,"mentionsRcvd":0,"likesRcvd":0,"reachRcvd":0,"audience":0,"voice":0,"conversation":0,"engagement":0,"group_scoped":{"audienceScore":0,"voiceScore":0,"engagementScore":0,"combinedScore":0,"combinedScoreRank":89,"SEIrank":71,"engagementSEIrank":63,"voiceSEIrank":50,"audienceSEIrank":71,"engagementSEI":0,"engagementSEIadj":0,"voiceSEI":0,"voiceSEIadj":0,"audienceSEI":0,"audienceSEIadj":0,"SEI":0,"SEIadj":0},"non_scoped":{"SEI":0,"SEIrank":71,"SEIadj":0,"audienceSEI":0,"audienceSEIadj":0,"audienceSEIrank":71,"audienceScore":0,"combinedScore":0,"combinedScoreRank":71,"engagementSEI":0,"engagementSEIadj":0,"engagementSEIrank":63,"engagementScore":0,"voiceSEI":0,"voiceSEIadj":0,"voiceSEIrank":50,"voiceScore":0},"scoped":{"SEI":0,"SEIrank":2,"SEIadj":0,"audienceSEI":0,"audienceSEIadj":0,"audienceSEIrank":2,"audienceScore":null,"combinedScore":null,"combinedScoreRank":9,"engagementSEI":0,"engagementSEIadj":0,"engagementSEIrank":2,"engagementScore":0,"voiceSEI":0,"voiceSEIadj":0,"voiceSEIrank":2,"voiceScore":0}}},"week":{"boundaryQuantum":4982406,"combined":{"entityString":"536575feb08f37d80186a098","type":"combined","profiles":2,"postsMade":2,"repliesMade":0,"repliesRcvd":0,"sharesMade":0,"sharesRcvd":11,"mentionsRcvd":0,"likesRcvd":45,"reachRcvd":0,"audience":35828,"voice":2,"conversation":2,"engagement":56,"group_scoped":{"audienceScore":1.5728038560648294,"voiceScore":0.11068068622025456,"engagementScore":0.03946635845320065,"combinedScore":0.11969394972213479,"combinedScoreRank":144,"SEIrank":157,"engagementSEIrank":125,"voiceSEIrank":189,"audienceSEIrank":59,"engagementSEI":0.04592121232000525,"engagementSEIadj":0.04592121232000525,"voiceSEI":0.2890173410404624,"voiceSEIadj":0.2890173410404624,"audienceSEI":2.4365098363509747,"audienceSEIadj":2.4365098363509747,"SEI":0.35790891333923935,"SEIadj":0.35790891333923935},"non_scoped":{"SEI":0.21571448243036692,"SEIrank":157,"SEIadj":0,"audienceSEI":1.4250893365705575,"audienceSEIadj":0,"audienceSEIrank":45,"audienceScore":0.2638601903331342,"combinedScore":0.016384202739288267,"combinedScoreRank":120,"engagementSEI":0.005730178188076727,"engagementSEIadj":0,"engagementSEIrank":135,"engagementScore":0.0023355413930920524,"voiceSEI":0.23255813953488372,"voiceSEIadj":0,"voiceSEIrank":185,"voiceScore":0.021784119376974186},"scoped":{"SEI":10.149331019570639,"SEIrank":3,"SEIadj":0,"audienceSEI":82.88721804511279,"audienceSEIadj":0,"audienceSEIrank":3,"audienceScore":21.54121799149847,"combinedScore":2.244240386754411,"combinedScoreRank":4,"engagementSEI":1.249163506580415,"engagementSEIadj":0,"engagementSEIrank":4,"engagementScore":1.1487179487179489,"voiceSEI":3.7037037037037033,"voiceSEIadj":0,"voiceSEIrank":6,"voiceScore":2.666666666666667}},"facebook":{"entityString":"536575feb08f37d80186a098","type":"facebook","profiles":1,"postsMade":0,"repliesMade":0,"repliesRcvd":0,"sharesMade":0,"sharesRcvd":0,"mentionsRcvd":0,"likesRcvd":0,"reachRcvd":0,"audience":15389,"voice":0,"conversation":0,"engagement":0,"group_scoped":{"audienceScore":1.0002372386718534,"voiceScore":0,"engagementScore":0,"combinedScore":1.0002372386718534,"combinedScoreRank":32,"SEIrank":131,"engagementSEIrank":153,"voiceSEIrank":149,"audienceSEIrank":55,"engagementSEI":0,"engagementSEIadj":0,"voiceSEI":0,"voiceSEIadj":0,"audienceSEI":1.4080112721417068,"audienceSEIadj":1.4080112721417068,"SEI":0.14080112721417068,"SEIadj":0.14080112721417068},"non_scoped":{"SEI":0.08363150618228615,"SEIrank":130,"SEIadj":0,"audienceSEI":0.8363150618228614,"audienceSEIadj":0,"audienceSEIrank":53,"audienceScore":0.16046672888328128,"combinedScore":0.008023336444164064,"combinedScoreRank":112,"engagementSEI":0,"engagementSEIadj":0,"engagementSEIrank":153,"engagementScore":0,"voiceSEI":0,"voiceSEIadj":0,"voiceSEIrank":149,"voiceScore":0},"scoped":{"SEI":4.58469880235953,"SEIrank":4,"SEIadj":0,"audienceSEI":45.8469880235953,"audienceSEIadj":0,"audienceSEIrank":3,"audienceScore":17.400891019697415,"combinedScore":0.8700445509848708,"combinedScoreRank":4,"engagementSEI":0,"engagementSEIadj":0,"engagementSEIrank":4,"engagementScore":0,"voiceSEI":0,"voiceSEIadj":0,"voiceSEIrank":4,"voiceScore":0}},"twitter":{"entityString":"536575feb08f37d80186a098","type":"twitter","profiles":1,"postsMade":2,"repliesMade":0,"repliesRcvd":0,"sharesMade":0,"sharesRcvd":11,"mentionsRcvd":0,"likesRcvd":45,"reachRcvd":0,"audience":20439,"voice":2,"conversation":2,"engagement":56,"group_scoped":{"audienceScore":3.2509992858267633,"voiceScore":0.15467904098994587,"engagementScore":0.4270896888346553,"combinedScore":0.5546646362920252,"combinedScoreRank":143,"SEIrank":141,"engagementSEIrank":130,"voiceSEIrank":176,"audienceSEIrank":63,"engagementSEI":0.776914539400666,"engagementSEIadj":0.776914539400666,"voiceSEI":0.4282655246252677,"voiceSEIadj":0.4282655246252677,"audienceSEI":7.661713548851437,"audienceSEIadj":7.661713548851437,"SEI":1.3607997359131236,"SEIadj":1.3607997359131236},"non_scoped":{"SEI":0.7084538817624983,"SEIrank":125,"SEIadj":0,"audienceSEI":3.6888707604787823,"audienceSEIadj":0,"audienceSEIrank":31,"audienceScore":0.5969972257548558,"combinedScore":0.11377191971051918,"combinedScoreRank":99,"engagementSEI":0.3589053387169134,"engagementSEIadj":0,"engagementSEIrank":101,"engagementScore":0.09130931028860265,"voiceSEI":0.4140786749482402,"voiceSEIadj":0,"voiceSEIrank":166,"voiceScore":0.03487358326068004},"scoped":{"SEI":15.34364495941847,"SEIrank":2,"SEIadj":0,"audienceSEI":100,"audienceSEIadj":0,"audienceSEIrank":1,"audienceScore":26.242537073890993,"combinedScore":6.933189295446647,"combinedScoreRank":2,"engagementSEI":6.580493537015276,"engagementSEIadj":0,"engagementSEIrank":2,"engagementScore":6.054054054054054,"voiceSEI":4.651162790697675,"voiceSEIadj":0,"voiceSEIrank":4,"voiceScore":3.4482758620689653}},"instagram":{"entityString":"536575feb08f37d80186a098","type":"instagram","profiles":0,"postsMade":0,"repliesMade":0,"repliesRcvd":0,"sharesMade":0,"sharesRcvd":0,"mentionsRcvd":0,"likesRcvd":0,"reachRcvd":0,"audience":0,"voice":0,"conversation":0,"engagement":0,"group_scoped":{"audienceScore":0,"voiceScore":0,"engagementScore":0,"combinedScore":0,"combinedScoreRank":89,"SEIrank":71,"engagementSEIrank":66,"voiceSEIrank":64,"audienceSEIrank":71,"engagementSEI":0,"engagementSEIadj":0,"voiceSEI":0,"voiceSEIadj":0,"audienceSEI":0,"audienceSEIadj":0,"SEI":0,"SEIadj":0},"non_scoped":{"SEI":0,"SEIrank":71,"SEIadj":0,"audienceSEI":0,"audienceSEIadj":0,"audienceSEIrank":71,"audienceScore":0,"combinedScore":0,"combinedScoreRank":71,"engagementSEI":0,"engagementSEIadj":0,"engagementSEIrank":66,"engagementScore":0,"voiceSEI":0,"voiceSEIadj":0,"voiceSEIrank":64,"voiceScore":0},"scoped":{"SEI":0,"SEIrank":2,"SEIadj":0,"audienceSEI":0,"audienceSEIadj":0,"audienceSEIrank":2,"audienceScore":null,"combinedScore":null,"combinedScoreRank":9,"engagementSEI":0,"engagementSEIadj":0,"engagementSEIrank":2,"engagementScore":0,"voiceSEI":0,"voiceSEIadj":0,"voiceSEIrank":2,"voiceScore":0}}},"month":{"boundaryQuantum":4975782,"combined":{"entityString":"536575feb08f37d80186a098","type":"combined","profiles":2,"postsMade":11,"repliesMade":0,"repliesRcvd":1,"sharesMade":0,"sharesRcvd":52,"mentionsRcvd":0,"likesRcvd":133,"reachRcvd":0,"audience":35828,"voice":11,"conversation":12,"engagement":186,"group_scoped":{"audienceScore":1.5728038560648294,"voiceScore":0.15416958654519972,"engagementScore":0.03014064011589562,"combinedScore":0.11347524823480751,"combinedScoreRank":140,"SEIrank":157,"engagementSEIrank":144,"voiceSEIrank":186,"audienceSEIrank":59,"engagementSEI":0.03438153896204722,"engagementSEIadj":0.03438153896204722,"voiceSEI":0.3642384105960265,"voiceSEIadj":0.3642384105960265,"audienceSEI":2.4365098363509747,"audienceSEIadj":2.4365098363509747,"SEI":0.3735514301911338,"SEIadj":0.3735514301911338},"non_scoped":{"SEI":0.2367739484553938,"SEIrank":155,"SEIadj":0,"audienceSEI":1.4250893365705575,"audienceSEIadj":0,"audienceSEIrank":45,"audienceScore":0.2638601903331342,"combinedScore":0.01646874045845985,"combinedScoreRank":120,"engagementSEI":0.005132674106652553,"engagementSEIadj":0,"engagementSEIrank":157,"engagementScore":0.002021506657169208,"voiceSEI":0.303951367781155,"voiceSEIadj":0,"voiceSEIrank":181,"voiceScore":0.029127499007017082},"scoped":{"SEI":10.35539571440553,"SEIrank":3,"SEIadj":0,"audienceSEI":82.88721804511279,"audienceSEIadj":0,"audienceSEIrank":3,"audienceScore":21.54121799149847,"combinedScore":2.056210475730242,"combinedScoreRank":3,"engagementSEI":0.8981602201941185,"engagementSEIadj":0,"engagementSEIrank":3,"engagementScore":0.8665269042627534,"voiceSEI":5.092592592592593,"voiceSEIadj":0,"voiceSEIrank":3,"voiceScore":3.985507246376811}},"facebook":{"entityString":"536575feb08f37d80186a098","type":"facebook","profiles":1,"postsMade":0,"repliesMade":0,"repliesRcvd":1,"sharesMade":0,"sharesRcvd":0,"mentionsRcvd":0,"likesRcvd":0,"reachRcvd":0,"audience":15389,"voice":0,"conversation":1,"engagement":1,"group_scoped":{"audienceScore":1.0002372386718534,"voiceScore":0,"engagementScore":0.00020720578850090754,"combinedScore":0.14306863905755127,"combinedScoreRank":103,"SEIrank":133,"engagementSEIrank":147,"voiceSEIrank":161,"audienceSEIrank":55,"engagementSEI":0.00023277413227622843,"engagementSEIadj":0.00023277413227622843,"voiceSEI":0,"voiceSEIadj":0,"audienceSEI":1.4080112721417068,"audienceSEIadj":1.4080112721417068,"SEI":0.1409407916935364,"SEIadj":0.1409407916935364},"non_scoped":{"SEI":0.08364902285012546,"SEIrank":137,"SEIadj":0,"audienceSEI":0.8363150618228614,"audienceSEIadj":0,"audienceSEIrank":53,"audienceScore":0.16046672888328128,"combinedScore":0.008034218785618325,"combinedScoreRank":120,"engagementSEI":0.00002919444639885044,"engagementSEIadj":0,"engagementSEIrank":147,"engagementScore":0.000012091490504733879,"voiceSEI":0,"voiceSEIadj":0,"voiceSEIrank":161,"voiceScore":0},"scoped":{"SEI":4.588420655842564,"SEIrank":4,"SEIadj":0,"audienceSEI":45.8469880235953,"audienceSEIadj":0,"audienceSEIrank":3,"audienceScore":17.400891019697415,"combinedScore":0.8754642787940964,"combinedScoreRank":4,"engagementSEI":0.006203089138390919,"engagementSEIadj":0,"engagementSEIrank":4,"engagementScore":0.0060219197880284235,"voiceSEI":0,"voiceSEIadj":0,"voiceSEIrank":4,"voiceScore":0}},"twitter":{"entityString":"536575feb08f37d80186a098","type":"twitter","profiles":1,"postsMade":11,"repliesMade":0,"repliesRcvd":0,"sharesMade":0,"sharesRcvd":52,"mentionsRcvd":0,"likesRcvd":133,"reachRcvd":0,"audience":20439,"voice":11,"conversation":11,"engagement":185,"group_scoped":{"audienceScore":3.2509992858267633,"voiceScore":0.2222222222222222,"engagementScore":0.3486684634086583,"combinedScore":0.48746269247024177,"combinedScoreRank":141,"SEIrank":145,"engagementSEIrank":155,"voiceSEIrank":175,"audienceSEIrank":63,"engagementSEI":0.6176755367099597,"engagementSEIadj":0.6176755367099597,"voiceSEI":0.5538771399798591,"voiceSEIadj":0.5538771399798591,"audienceSEI":7.661713548851437,"audienceSEIadj":7.661713548851437,"SEI":1.3029398189050774,"SEIadj":1.3029398189050774},"non_scoped":{"SEI":0.7271477173847629,"SEIrank":129,"SEIadj":0,"audienceSEI":3.6888707604787823,"audienceSEIadj":0,"audienceSEIrank":31,"audienceScore":0.5969972257548558,"combinedScore":0.10122253557447297,"combinedScoreRank":113,"engagementSEI":0.3209966512241251,"engagementSEIadj":0,"engagementSEIrank":118,"engagementScore":0.07668107718261288,"voiceSEI":0.5522088353413654,"voiceSEIadj":0,"voiceSEIrank":166,"voiceScore":0.04719409644757165},"scoped":{"SEI":14.33795948987247,"SEIrank":2,"SEIadj":0,"audienceSEI":100,"audienceSEIadj":0,"audienceSEIrank":1,"audienceScore":26.242537073890993,"combinedScore":4.9876266260067865,"combinedScoreRank":2,"engagementSEI":4.032258064516129,"engagementSEIadj":0,"engagementSEIrank":2,"engagementScore":3.8073677711463265,"voiceSEI":6.395348837209303,"voiceSEIadj":0,"voiceSEIrank":3,"voiceScore":4.97737556561086}},"instagram":{"entityString":"536575feb08f37d80186a098","type":"instagram","profiles":0,"postsMade":0,"repliesMade":0,"repliesRcvd":0,"sharesMade":0,"sharesRcvd":0,"mentionsRcvd":0,"likesRcvd":0,"reachRcvd":0,"audience":0,"voice":0,"conversation":0,"engagement":0,"group_scoped":{"audienceScore":0,"voiceScore":0,"engagementScore":0,"combinedScore":0,"combinedScoreRank":89,"SEIrank":71,"engagementSEIrank":66,"voiceSEIrank":65,"audienceSEIrank":71,"engagementSEI":0,"engagementSEIadj":0,"voiceSEI":0,"voiceSEIadj":0,"audienceSEI":0,"audienceSEIadj":0,"SEI":0,"SEIadj":0},"non_scoped":{"SEI":0,"SEIrank":71,"SEIadj":0,"audienceSEI":0,"audienceSEIadj":0,"audienceSEIrank":71,"audienceScore":0,"combinedScore":0,"combinedScoreRank":71,"engagementSEI":0,"engagementSEIadj":0,"engagementSEIrank":66,"engagementScore":0,"voiceSEI":0,"voiceSEIadj":0,"voiceSEIrank":65,"voiceScore":0},"scoped":{"SEI":0,"SEIrank":2,"SEIadj":0,"audienceSEI":0,"audienceSEIadj":0,"audienceSEIrank":2,"audienceScore":null,"combinedScore":null,"combinedScoreRank":9,"engagementSEI":0,"engagementSEIadj":0,"engagementSEIrank":2,"engagementScore":0,"voiceSEI":0,"voiceSEIadj":0,"voiceSEIrank":2,"voiceScore":0}}},"quarter":{"boundaryQuantum":4958502,"combined":{"entityString":"536575feb08f37d80186a098","type":"combined","profiles":2,"postsMade":38,"repliesMade":0,"repliesRcvd":22,"sharesMade":0,"sharesRcvd":360,"mentionsRcvd":0,"likesRcvd":959,"reachRcvd":0,"audience":35828,"voice":38,"conversation":60,"engagement":1341,"group_scoped":{"audienceScore":1.5728038560648294,"voiceScore":0.18781199031285523,"engagementScore":0.06417969165032263,"combinedScore":0.1457925148041746,"combinedScoreRank":127,"SEIrank":154,"engagementSEIrank":122,"voiceSEIrank":189,"audienceSEIrank":59,"engagementSEI":0.07161399575656367,"engagementSEIadj":0.07161399575656367,"voiceSEI":0.411522633744856,"voiceSEIadj":0.411522633744856,"audienceSEI":2.4365098363509747,"audienceSEIadj":2.4365098363509747,"SEI":0.4100761712124925,"SEIadj":0.4100761712124925},"non_scoped":{"SEI":0.2559900569554666,"SEIrank":154,"SEIadj":0,"audienceSEI":1.4250893365705575,"audienceSEIadj":0,"audienceSEIrank":45,"audienceScore":0.2638601903331342,"combinedScore":0.0189604623577338,"combinedScoreRank":117,"engagementSEI":0.01169777553844224,"engagementSEIadj":0,"engagementSEIrank":132,"engagementScore":0.004530402344322741,"voiceSEI":0.3548748599178185,"voiceSEIadj":0,"voiceSEIrank":180,"voiceScore":0.03380181462373243},"scoped":{"SEI":11.85979290362128,"SEIrank":2,"SEIadj":0,"audienceSEI":82.88721804511279,"audienceSEIadj":0,"audienceSEIrank":3,"audienceScore":21.54121799149847,"combinedScore":3.732866932822914,"combinedScoreRank":2,"engagementSEI":2.763865702096086,"engagementSEIadj":0,"engagementSEIrank":2,"engagementScore":2.6522943037974684,"voiceSEI":6.375838926174497,"voiceSEIadj":0,"voiceSEIrank":3,"voiceScore":5.374823196605375}},"facebook":{"entityString":"536575feb08f37d80186a098","type":"facebook","profiles":1,"postsMade":1,"repliesMade":0,"repliesRcvd":22,"sharesMade":0,"sharesRcvd":7,"mentionsRcvd":0,"likesRcvd":88,"reachRcvd":0,"audience":15389,"voice":1,"conversation":23,"engagement":117,"group_scoped":{"audienceScore":1.0002372386718534,"voiceScore":0.016257519102584946,"engagementScore":0.007444642402646985,"combinedScore":0.057524916051104207,"combinedScoreRank":128,"SEIrank":128,"engagementSEIrank":126,"voiceSEIrank":151,"audienceSEIrank":55,"engagementSEI":0.008210347704716599,"engagementSEIadj":0.008210347704716599,"voiceSEI":0.0341646737273659,"voiceSEIadj":0.0341646737273659,"audienceSEI":1.4080112721417068,"audienceSEIadj":1.4080112721417068,"SEI":0.15597673795521041,"SEIadj":0.15597673795521041},"non_scoped":{"SEI":0.09056402397540267,"SEIrank":132,"SEIadj":0,"audienceSEI":0.8363150618228614,"audienceSEIadj":0,"audienceSEIrank":53,"audienceScore":0.16046672888328128,"combinedScore":0.00854226071618896,"combinedScoreRank":116,"engagementSEI":0.0010566107665386,"engagementSEIadj":0,"engagementSEIrank":136,"engagementScore":0.00043971921259894006,"voiceSEI":0.02099517111064455,"voiceSEIadj":0,"voiceSEIrank":151,"voiceScore":0.0024635396137169885},"scoped":{"SEI":5.063620552157044,"SEIrank":3,"SEIadj":0,"audienceSEI":45.8469880235953,"audienceSEIadj":0,"audienceSEIrank":3,"audienceScore":17.400891019697415,"combinedScore":1.197867313018159,"combinedScoreRank":4,"engagementSEI":0.32201244013871305,"engagementSEIadj":0,"engagementSEIrank":4,"engagementScore":0.31676413255360625,"voiceSEI":0.9523809523809524,"voiceSEIadj":0,"voiceSEIrank":4,"voiceScore":0.8547008547008548}},"twitter":{"entityString":"536575feb08f37d80186a098","type":"twitter","profiles":1,"postsMade":37,"repliesMade":0,"repliesRcvd":0,"sharesMade":0,"sharesRcvd":353,"mentionsRcvd":0,"likesRcvd":871,"reachRcvd":0,"audience":20439,"voice":37,"conversation":37,"engagement":1224,"group_scoped":{"audienceScore":3.2509992858267633,"voiceScore":0.2685245663691124,"engagementScore":0.6892590465249857,"combinedScore":0.7963093344822809,"combinedScoreRank":112,"SEIrank":134,"engagementSEIrank":126,"voiceSEIrank":180,"audienceSEIrank":63,"engagementSEI":1.141322591473649,"engagementSEIadj":1.141322591473649,"voiceSEI":0.6162558294470353,"voiceSEIadj":0.6162558294470353,"audienceSEI":7.661713548851437,"audienceSEIadj":7.661713548851437,"SEI":1.6358416586034437,"SEIadj":1.6358416586034437},"non_scoped":{"SEI":0.9019088815401972,"SEIrank":108,"SEIadj":0,"audienceSEI":3.6888707604787823,"audienceSEIadj":0,"audienceSEIrank":31,"audienceScore":0.5969972257548558,"combinedScore":0.16505175328906382,"combinedScoreRank":85,"engagementSEI":0.5804469061800523,"engagementSEIadj":0,"engagementSEIrank":88,"engagementScore":0.1472711521801906,"voiceSEI":0.6158455392809588,"voiceSEIadj":0,"voiceSEIrank":168,"voiceScore":0.053157100782989734},"scoped":{"SEI":18.287774942815574,"SEIrank":2,"SEIadj":0,"audienceSEI":100,"audienceSEIadj":0,"audienceSEIrank":1,"audienceScore":26.242537073890993,"combinedScore":9.711417238558749,"combinedScoreRank":2,"engagementSEI":10.0451374640952,"engagementSEIadj":0,"engagementSEIrank":2,"engagementScore":8.984145625366999,"voiceSEI":7.535641547861507,"voiceSEIadj":0,"voiceSEIrank":3,"voiceScore":6.271186440677965}},"instagram":{"entityString":"536575feb08f37d80186a098","type":"instagram","profiles":0,"postsMade":0,"repliesMade":0,"repliesRcvd":0,"sharesMade":0,"sharesRcvd":0,"mentionsRcvd":0,"likesRcvd":0,"reachRcvd":0,"audience":0,"voice":0,"conversation":0,"engagement":0,"group_scoped":{"audienceScore":0,"voiceScore":0,"engagementScore":0,"combinedScore":0,"combinedScoreRank":89,"SEIrank":71,"engagementSEIrank":66,"voiceSEIrank":66,"audienceSEIrank":71,"engagementSEI":0,"engagementSEIadj":0,"voiceSEI":0,"voiceSEIadj":0,"audienceSEI":0,"audienceSEIadj":0,"SEI":0,"SEIadj":0},"non_scoped":{"SEI":0,"SEIrank":71,"SEIadj":0,"audienceSEI":0,"audienceSEIadj":0,"audienceSEIrank":71,"audienceScore":0,"combinedScore":0,"combinedScoreRank":71,"engagementSEI":0,"engagementSEIadj":0,"engagementSEIrank":66,"engagementScore":0,"voiceSEI":0,"voiceSEIadj":0,"voiceSEIrank":66,"voiceScore":0},"scoped":{"SEI":0,"SEIrank":2,"SEIadj":0,"audienceSEI":0,"audienceSEIadj":0,"audienceSEIrank":2,"audienceScore":null,"combinedScore":null,"combinedScoreRank":9,"engagementSEI":0,"engagementSEIadj":0,"engagementSEIrank":2,"engagementScore":0,"voiceSEI":0,"voiceSEIadj":0,"voiceSEIrank":2,"voiceScore":0}}},"blended":{"combined":{"non_scoped":{"SEI":0.23535091215800522,"SEIadj":50.117675456079006,"SEIrank":156,"audienceSEI":1.4250893365705575,"audienceSEIadj":60.57003573462822,"audienceSEIrank":45,"engagementSEI":0.00833784234164202,"engagementSEIadj":50.00416892117082,"engagementSEIrank":140,"voiceSEI":0.2927975769865476,"voiceSEIadj":40.17567854619193,"voiceSEIrank":186},"scoped":{"SEI":20.31625531585185,"SEIadj":68.12650212634074,"SEIrank":2,"compCharisma":12,"compInfluence":0,"compEva":8.316255315851851,"audienceSEI":82.88721804511279,"audienceSEIadj":93.15488721804512,"audienceSEIrank":3,"engagementSEI":1.8914059360512854,"engagementSEIadj":60.75656237442051,"engagementSEIrank":3,"voiceSEI":5.0629194630872485,"voiceSEIadj":52.53145973154363,"voiceSEIrank":4}},"facebook":{"non_scoped":{"SEI":0.0871003925790203,"SEIadj":50.04355019628951,"SEIrank":141,"audienceSEI":0.8363150618228614,"audienceSEIadj":60.33452602472914,"audienceSEIrank":53,"engagementSEI":0.0005326845502291276,"engagementSEIadj":50.00026634227511,"engagementSEIrank":145,"voiceSEI":0.010497585555322275,"voiceSEIadj":50.005248792777664,"voiceSEIrank":151},"scoped":{"SEI":4.824717955280741,"SEIadj":52.41235897764037,"SEIrank":4,"audienceSEI":45.8469880235953,"audienceSEIadj":78.33879520943812,"audienceSEIrank":3,"engagementSEI":0.16193668344011516,"engagementSEIadj":50.08096834172006,"engagementSEIrank":4,"voiceSEI":0.4761904761904762,"voiceSEIadj":50.23809523809524,"voiceSEIrank":4}},"twitter":{"non_scoped":{"SEI":0.7910071167089564,"SEIadj":50.39550355835448,"SEIrank":118,"audienceSEI":3.688870760478782,"audienceSEIadj":61.47554830419151,"audienceSEIrank":31,"engagementSEI":0.44604455238871893,"engagementSEIadj":50.22302227619436,"engagementSEIrank":99,"voiceSEI":0.5149776974261562,"voiceSEIadj":40.30898661845569,"voiceSEIrank":172},"scoped":{"SEI":16.3976748827142,"SEIadj":66.55906995308568,"SEIrank":2,"audienceSEI":98,"audienceSEIadj":98,"audienceSEIrank":1,"engagementSEI":7.601555502829601,"engagementSEIadj":63.04062220113184,"engagementSEIrank":2,"voiceSEI":6.1224719367214515,"voiceSEIadj":53.06123596836073,"voiceSEIrank":4}},"instagram":{"non_scoped":{"SEI":0,"SEIadj":0,"SEIrank":71,"audienceSEI":0,"audienceSEIadj":0,"audienceSEIrank":71,"engagementSEI":0,"engagementSEIadj":0,"engagementSEIrank":66,"voiceSEI":0,"voiceSEIadj":0,"voiceSEIrank":66},"scoped":{"SEI":0,"SEIadj":0,"SEIrank":2,"audienceSEI":0,"audienceSEIadj":0,"audienceSEIrank":2,"engagementSEI":0,"engagementSEIadj":0,"engagementSEIrank":2,"voiceSEI":0,"voiceSEIadj":0,"voiceSEIrank":2}},"influence":{"instagram":{"scope":"anchor","ratio":0,"calculated":false},"combined":{"ratio":0.07,"bottom":false,"scope":"anchor","calculated":true},"facebook":{"ratio":0.01,"bottom":false,"scope":"anchor","calculated":true},"twitter":{"ratio":0.58,"bottom":false,"scope":"anchor","calculated":true}},"charisma":{"instagram":{"scope":"anchor","ratio":0,"calculated":false},"combined":{"ratio":2,"bottom":false,"scope":"anchor","calculated":true},"facebook":{"ratio":1.03,"bottom":false,"scope":"anchor","calculated":true},"twitter":{"ratio":2,"bottom":false,"scope":"anchor","calculated":true}}},"scope":"anchor"}}