{"scoreEntityString":"591d1494ab33fb0001804f89.asset.536575feb08f37d80186a094","timeQuantum":4984422,"scoreEntityType":"asset","scoreProfileID":"591d1494ab33fb0001804f89","data":{"scoreEntityString":"591d1494ab33fb0001804f89.asset.536575feb08f37d80186a094","scoreProfileID":"591d1494ab33fb0001804f89","scoreEntityType":"asset","entityID":"asset.536575feb08f37d80186a094","object_version":"1.2","score_engine_version":"3.0.19","timestamp":4984422,"start_quantum":4958502,"end_quantum":4984421,"schedule_options":{"interval":15,"offset":"1"},"_15min":{"boundaryQuantum":4984419,"combined":{"entityString":"536575feb08f37d80186a094","type":"combined","profiles":2,"postsMade":0,"repliesMade":0,"repliesRcvd":0,"sharesMade":0,"sharesRcvd":0,"mentionsRcvd":0,"likesRcvd":0,"reachRcvd":0,"audience":40564,"voice":0,"conversation":0,"engagement":0,"group_scoped":{"audienceScore":1.7807082621808012,"voiceScore":0,"engagementScore":0,"combinedScore":1.7807082621808012,"engagementSEI":0,"engagementSEIadj":0,"voiceSEI":0,"voiceSEIadj":0,"audienceSEI":2.7585850452646237,"audienceSEIadj":2.7585850452646237,"SEI":0.2758585045264624,"SEIadj":0.2758585045264624,"combinedScoreRank":38,"SEIrank":51,"engagementSEIrank":32,"voiceSEIrank":26,"audienceSEIrank":51},"non_scoped":{"SEI":0.16134677863304706,"SEIrank":39,"SEIadj":0,"audienceSEI":1.6134677863304705,"audienceSEIadj":0,"audienceSEIrank":39,"audienceScore":0.29873910797904585,"combinedScore":0.014936955398952293,"combinedScoreRank":39,"engagementSEI":0,"engagementSEIadj":0,"engagementSEIrank":32,"engagementScore":0,"voiceSEI":0,"voiceSEIadj":0,"voiceSEIrank":26,"voiceScore":0},"scoped":{"SEI":2.118080756919896,"SEIrank":30,"SEIadj":0,"audienceSEI":21.180807569198958,"audienceSEIadj":0,"audienceSEIrank":30,"audienceScore":0.8631822877820466,"combinedScore":0.12331175539743523,"combinedScoreRank":30,"engagementSEI":0,"engagementSEIadj":0,"engagementSEIrank":25,"engagementScore":0,"voiceSEI":0,"voiceSEIadj":0,"voiceSEIrank":22,"voiceScore":0}},"facebook":{"entityString":"536575feb08f37d80186a094","type":"facebook","profiles":1,"postsMade":0,"repliesMade":0,"repliesRcvd":0,"sharesMade":0,"sharesRcvd":0,"mentionsRcvd":0,"likesRcvd":0,"reachRcvd":0,"audience":16429,"voice":0,"conversation":0,"engagement":0,"group_scoped":{"audienceScore":1.0678340109259783,"voiceScore":0,"engagementScore":0,"combinedScore":1.0678340109259783,"engagementSEI":0,"engagementSEIadj":0,"voiceSEI":0,"voiceSEIadj":0,"audienceSEI":1.5031657151222368,"audienceSEIadj":1.5031657151222368,"SEI":0.1503165715122237,"SEIadj":0.1503165715122237,"combinedScoreRank":55,"SEIrank":54,"engagementSEIrank":30,"voiceSEIrank":26,"audienceSEIrank":54},"non_scoped":{"SEI":0.08928338521468447,"SEIrank":52,"SEIadj":0,"audienceSEI":0.8928338521468446,"audienceSEIadj":0,"audienceSEIrank":52,"audienceScore":0.1713111890846337,"combinedScore":0.008565559454231686,"combinedScoreRank":52,"engagementSEI":0,"engagementSEIadj":0,"engagementSEIrank":30,"engagementScore":0,"voiceSEI":0,"voiceSEIadj":0,"voiceSEIrank":26,"voiceScore":0},"scoped":{"SEI":1.1537138081895493,"SEIrank":42,"SEIadj":0,"audienceSEI":11.537138081895492,"audienceSEIadj":0,"audienceSEIrank":42,"audienceScore":0.70621754285815,"combinedScore":0.10088822040830714,"combinedScoreRank":42,"engagementSEI":0,"engagementSEIadj":0,"engagementSEIrank":23,"engagementScore":0,"voiceSEI":0,"voiceSEIadj":0,"voiceSEIrank":22,"voiceScore":0}},"twitter":{"entityString":"536575feb08f37d80186a094","type":"twitter","profiles":1,"postsMade":0,"repliesMade":0,"repliesRcvd":0,"sharesMade":0,"sharesRcvd":0,"mentionsRcvd":0,"likesRcvd":0,"reachRcvd":0,"audience":24135,"voice":0,"conversation":0,"engagement":0,"group_scoped":{"audienceScore":3.838879972769163,"voiceScore":0,"engagementScore":0,"combinedScore":3.838879972769163,"engagementSEI":0,"engagementSEIadj":0,"voiceSEI":0,"voiceSEIadj":0,"audienceSEI":9.047187068913813,"audienceSEIadj":9.047187068913813,"SEI":0.9047187068913813,"SEIadj":0.9047187068913813,"combinedScoreRank":41,"SEIrank":57,"engagementSEIrank":27,"voiceSEIrank":25,"audienceSEIrank":56},"non_scoped":{"SEI":0.43559320810291813,"SEIrank":24,"SEIadj":0,"audienceSEI":4.355932081029181,"audienceSEIadj":0,"audienceSEIrank":24,"audienceScore":0.7049526906205511,"combinedScore":0.035247634531027555,"combinedScoreRank":24,"engagementSEI":0,"engagementSEIadj":0,"engagementSEIrank":27,"engagementScore":0,"voiceSEI":0,"voiceSEIadj":0,"voiceSEIrank":25,"voiceScore":0},"scoped":{"SEI":2.0705541209474703,"SEIrank":17,"SEIadj":0,"audienceSEI":20.705541209474703,"audienceSEIadj":0,"audienceSEIrank":17,"audienceScore":1.1191392991085836,"combinedScore":0.15987704272979764,"combinedScoreRank":17,"engagementSEI":0,"engagementSEIadj":0,"engagementSEIrank":23,"engagementScore":0,"voiceSEI":0,"voiceSEIadj":0,"voiceSEIrank":22,"voiceScore":0}},"instagram":{"entityString":"536575feb08f37d80186a094","type":"instagram","profiles":0,"postsMade":0,"repliesMade":0,"repliesRcvd":0,"sharesMade":0,"sharesRcvd":0,"mentionsRcvd":0,"likesRcvd":0,"reachRcvd":0,"audience":0,"voice":0,"conversation":0,"engagement":0,"group_scoped":{"audienceScore":0,"voiceScore":0,"engagementScore":0,"combinedScore":0,"engagementSEI":0,"engagementSEIadj":0,"voiceSEI":0,"voiceSEIadj":0,"audienceSEI":0,"audienceSEIadj":0,"SEI":0,"SEIadj":0,"combinedScoreRank":69,"SEIrank":51,"engagementSEIrank":27,"voiceSEIrank":24,"audienceSEIrank":51},"non_scoped":{"SEI":0,"SEIrank":51,"SEIadj":0,"audienceSEI":0,"audienceSEIadj":0,"audienceSEIrank":51,"audienceScore":0,"combinedScore":0,"combinedScoreRank":51,"engagementSEI":0,"engagementSEIadj":0,"engagementSEIrank":27,"engagementScore":0,"voiceSEI":0,"voiceSEIadj":0,"voiceSEIrank":24,"voiceScore":0},"scoped":{"SEI":0,"SEIrank":44,"SEIadj":0,"audienceSEI":0,"audienceSEIadj":0,"audienceSEIrank":44,"audienceScore":0,"combinedScore":0,"combinedScoreRank":44,"engagementSEI":0,"engagementSEIadj":0,"engagementSEIrank":23,"engagementScore":0,"voiceSEI":0,"voiceSEIadj":0,"voiceSEIrank":22,"voiceScore":0}}},"hour":{"boundaryQuantum":4984410,"combined":{"entityString":"536575feb08f37d80186a094","type":"combined","profiles":2,"postsMade":0,"repliesMade":0,"repliesRcvd":0,"sharesMade":0,"sharesRcvd":0,"mentionsRcvd":0,"likesRcvd":0,"reachRcvd":0,"audience":40564,"voice":0,"conversation":0,"engagement":0,"group_scoped":{"audienceScore":1.7807082621808012,"voiceScore":0,"engagementScore":0,"combinedScore":1.7807082621808012,"combinedScoreRank":37,"SEIrank":70,"engagementSEIrank":75,"voiceSEIrank":36,"audienceSEIrank":51,"engagementSEI":0,"engagementSEIadj":0,"voiceSEI":0,"voiceSEIadj":0,"audienceSEI":2.7585850452646237,"audienceSEIadj":2.7585850452646237,"SEI":0.2758585045264624,"SEIadj":0.2758585045264624},"non_scoped":{"SEI":0.16134677863304706,"SEIrank":54,"SEIadj":0,"audienceSEI":1.6134677863304705,"audienceSEIadj":0,"audienceSEIrank":39,"audienceScore":0.29873910797904585,"combinedScore":0.014936955398952293,"combinedScoreRank":60,"engagementSEI":0,"engagementSEIadj":0,"engagementSEIrank":75,"engagementScore":0,"voiceSEI":0,"voiceSEIadj":0,"voiceSEIrank":36,"voiceScore":0},"scoped":{"SEI":2.118080756919896,"SEIrank":40,"SEIadj":0,"audienceSEI":21.180807569198958,"audienceSEIadj":0,"audienceSEIrank":30,"audienceScore":0.8631822877820466,"combinedScore":0.04315911438910233,"combinedScoreRank":61,"engagementSEI":0,"engagementSEIadj":0,"engagementSEIrank":65,"engagementScore":0,"voiceSEI":0,"voiceSEIadj":0,"voiceSEIrank":29,"voiceScore":0}},"facebook":{"entityString":"536575feb08f37d80186a094","type":"facebook","profiles":1,"postsMade":0,"repliesMade":0,"repliesRcvd":0,"sharesMade":0,"sharesRcvd":0,"mentionsRcvd":0,"likesRcvd":0,"reachRcvd":0,"audience":16429,"voice":0,"conversation":0,"engagement":0,"group_scoped":{"audienceScore":1.0678340109259783,"voiceScore":0,"engagementScore":0,"combinedScore":1.0678340109259783,"combinedScoreRank":49,"SEIrank":66,"engagementSEIrank":61,"voiceSEIrank":30,"audienceSEIrank":54,"engagementSEI":0,"engagementSEIadj":0,"voiceSEI":0,"voiceSEIadj":0,"audienceSEI":1.5031657151222368,"audienceSEIadj":1.5031657151222368,"SEI":0.1503165715122237,"SEIadj":0.1503165715122237},"non_scoped":{"SEI":0.08928338521468447,"SEIrank":58,"SEIadj":0,"audienceSEI":0.8928338521468446,"audienceSEIadj":0,"audienceSEIrank":52,"audienceScore":0.1713111890846337,"combinedScore":0.008565559454231686,"combinedScoreRank":65,"engagementSEI":0,"engagementSEIadj":0,"engagementSEIrank":61,"engagementScore":0,"voiceSEI":0,"voiceSEIadj":0,"voiceSEIrank":30,"voiceScore":0},"scoped":{"SEI":1.1537138081895493,"SEIrank":53,"SEIadj":0,"audienceSEI":11.537138081895492,"audienceSEIadj":0,"audienceSEIrank":42,"audienceScore":0.70621754285815,"combinedScore":0.0353108771429075,"combinedScoreRank":56,"engagementSEI":0,"engagementSEIadj":0,"engagementSEIrank":51,"engagementScore":0,"voiceSEI":0,"voiceSEIadj":0,"voiceSEIrank":23,"voiceScore":0}},"twitter":{"entityString":"536575feb08f37d80186a094","type":"twitter","profiles":1,"postsMade":0,"repliesMade":0,"repliesRcvd":0,"sharesMade":0,"sharesRcvd":0,"mentionsRcvd":0,"likesRcvd":0,"reachRcvd":0,"audience":24135,"voice":0,"conversation":0,"engagement":0,"group_scoped":{"audienceScore":3.838879972769163,"voiceScore":0,"engagementScore":0,"combinedScore":3.838879972769163,"combinedScoreRank":54,"SEIrank":77,"engagementSEIrank":55,"voiceSEIrank":34,"audienceSEIrank":56,"engagementSEI":0,"engagementSEIadj":0,"voiceSEI":0,"voiceSEIadj":0,"audienceSEI":9.047187068913813,"audienceSEIadj":9.047187068913813,"SEI":0.9047187068913813,"SEIadj":0.9047187068913813},"non_scoped":{"SEI":0.43559320810291813,"SEIrank":46,"SEIadj":0,"audienceSEI":4.355932081029181,"audienceSEIadj":0,"audienceSEIrank":24,"audienceScore":0.7049526906205511,"combinedScore":0.035247634531027555,"combinedScoreRank":46,"engagementSEI":0,"engagementSEIadj":0,"engagementSEIrank":55,"engagementScore":0,"voiceSEI":0,"voiceSEIadj":0,"voiceSEIrank":34,"voiceScore":0},"scoped":{"SEI":2.0705541209474703,"SEIrank":38,"SEIadj":0,"audienceSEI":20.705541209474703,"audienceSEIadj":0,"audienceSEIrank":17,"audienceScore":1.1191392991085836,"combinedScore":0.05595696495542918,"combinedScoreRank":38,"engagementSEI":0,"engagementSEIadj":0,"engagementSEIrank":48,"engagementScore":0,"voiceSEI":0,"voiceSEIadj":0,"voiceSEIrank":29,"voiceScore":0}},"instagram":{"entityString":"536575feb08f37d80186a094","type":"instagram","profiles":0,"postsMade":0,"repliesMade":0,"repliesRcvd":0,"sharesMade":0,"sharesRcvd":0,"mentionsRcvd":0,"likesRcvd":0,"reachRcvd":0,"audience":0,"voice":0,"conversation":0,"engagement":0,"group_scoped":{"audienceScore":0,"voiceScore":0,"engagementScore":0,"combinedScore":0,"combinedScoreRank":69,"SEIrank":51,"engagementSEIrank":33,"voiceSEIrank":24,"audienceSEIrank":51,"engagementSEI":0,"engagementSEIadj":0,"voiceSEI":0,"voiceSEIadj":0,"audienceSEI":0,"audienceSEIadj":0,"SEI":0,"SEIadj":0},"non_scoped":{"SEI":0,"SEIrank":51,"SEIadj":0,"audienceSEI":0,"audienceSEIadj":0,"audienceSEIrank":51,"audienceScore":0,"combinedScore":0,"combinedScoreRank":51,"engagementSEI":0,"engagementSEIadj":0,"engagementSEIrank":33,"engagementScore":0,"voiceSEI":0,"voiceSEIadj":0,"voiceSEIrank":24,"voiceScore":0},"scoped":{"SEI":0,"SEIrank":44,"SEIadj":0,"audienceSEI":0,"audienceSEIadj":0,"audienceSEIrank":44,"audienceScore":0,"combinedScore":0,"combinedScoreRank":44,"engagementSEI":0,"engagementSEIadj":0,"engagementSEIrank":28,"engagementScore":0,"voiceSEI":0,"voiceSEIadj":0,"voiceSEIrank":22,"voiceScore":0}}},"today":{"boundaryQuantum":4984134,"combined":{"entityString":"536575feb08f37d80186a094","type":"combined","profiles":2,"postsMade":0,"repliesMade":0,"repliesRcvd":0,"sharesMade":0,"sharesRcvd":0,"mentionsRcvd":0,"likesRcvd":5,"reachRcvd":0,"audience":40564,"voice":0,"conversation":0,"engagement":5,"group_scoped":{"audienceScore":1.7807082621808012,"voiceScore":0,"engagementScore":0.031438631790744465,"combinedScore":0.2813342932750383,"combinedScoreRank":108,"SEIrank":123,"engagementSEIrank":105,"voiceSEIrank":123,"audienceSEIrank":51,"engagementSEI":0.03822045558783061,"engagementSEIadj":0.03822045558783061,"voiceSEI":0,"voiceSEIadj":0,"audienceSEI":2.7585850452646237,"audienceSEIadj":2.7585850452646237,"SEI":0.29879077787916075,"SEIadj":0.29879077787916075},"non_scoped":{"SEI":0.16288293200259948,"SEIrank":116,"SEIadj":0,"audienceSEI":1.6134677863304705,"audienceSEIadj":0,"audienceSEIrank":39,"audienceScore":0.29873910797904585,"combinedScore":0.016137621368343315,"combinedScoreRank":94,"engagementSEI":0.0025602556159206933,"engagementSEIadj":0,"engagementSEIrank":120,"engagementScore":0.001334073299323358,"voiceSEI":0,"voiceSEIadj":0,"voiceSEIrank":123,"voiceScore":0},"scoped":{"SEI":2.1349526988804155,"SEIrank":84,"SEIadj":0,"audienceSEI":21.180807569198958,"audienceSEIadj":0,"audienceSEIrank":30,"audienceScore":0.8631822877820466,"combinedScore":0.055188626792866236,"combinedScoreRank":94,"engagementSEI":0.02811990326753276,"engagementSEIadj":0,"engagementSEIrank":109,"engagementScore":0.013366124893071001,"voiceSEI":0,"voiceSEIadj":0,"voiceSEIrank":111,"voiceScore":0}},"facebook":{"entityString":"536575feb08f37d80186a094","type":"facebook","profiles":1,"postsMade":0,"repliesMade":0,"repliesRcvd":0,"sharesMade":0,"sharesRcvd":0,"mentionsRcvd":0,"likesRcvd":0,"reachRcvd":0,"audience":16429,"voice":0,"conversation":0,"engagement":0,"group_scoped":{"audienceScore":1.0678340109259783,"voiceScore":0,"engagementScore":0,"combinedScore":1.0678340109259783,"combinedScoreRank":30,"SEIrank":88,"engagementSEIrank":124,"voiceSEIrank":73,"audienceSEIrank":54,"engagementSEI":0,"engagementSEIadj":0,"voiceSEI":0,"voiceSEIadj":0,"audienceSEI":1.5031657151222368,"audienceSEIadj":1.5031657151222368,"SEI":0.1503165715122237,"SEIadj":0.1503165715122237},"non_scoped":{"SEI":0.08928338521468447,"SEIrank":81,"SEIadj":0,"audienceSEI":0.8928338521468446,"audienceSEIadj":0,"audienceSEIrank":52,"audienceScore":0.1713111890846337,"combinedScore":0.008565559454231686,"combinedScoreRank":90,"engagementSEI":0,"engagementSEIadj":0,"engagementSEIrank":124,"engagementScore":0,"voiceSEI":0,"voiceSEIadj":0,"voiceSEIrank":73,"voiceScore":0},"scoped":{"SEI":1.1537138081895493,"SEIrank":76,"SEIadj":0,"audienceSEI":11.537138081895492,"audienceSEIadj":0,"audienceSEIrank":42,"audienceScore":0.70621754285815,"combinedScore":0.0353108771429075,"combinedScoreRank":87,"engagementSEI":0,"engagementSEIadj":0,"engagementSEIrank":113,"engagementScore":0,"voiceSEI":0,"voiceSEIadj":0,"voiceSEIrank":64,"voiceScore":0}},"twitter":{"entityString":"536575feb08f37d80186a094","type":"twitter","profiles":1,"postsMade":0,"repliesMade":0,"repliesRcvd":0,"sharesMade":0,"sharesRcvd":0,"mentionsRcvd":0,"likesRcvd":5,"reachRcvd":0,"audience":24135,"voice":0,"conversation":0,"engagement":5,"group_scoped":{"audienceScore":3.838879972769163,"voiceScore":0,"engagementScore":0.40683482506102525,"combinedScore":0.8971269890193306,"combinedScoreRank":141,"SEIrank":112,"engagementSEIrank":104,"voiceSEIrank":111,"audienceSEIrank":56,"engagementSEI":0.9881422924901186,"engagementSEIadj":0.9881422924901186,"voiceSEI":0,"voiceSEIadj":0,"audienceSEI":9.047187068913813,"audienceSEIadj":9.047187068913813,"SEI":1.4976040823854526,"SEIadj":1.4976040823854526},"non_scoped":{"SEI":0.6247483152908122,"SEIrank":102,"SEIadj":0,"audienceSEI":4.355932081029181,"audienceSEIadj":0,"audienceSEIrank":24,"audienceScore":0.7049526906205511,"combinedScore":0.10647270575609878,"combinedScoreRank":80,"engagementSEI":0.31525851197982346,"engagementSEIadj":0,"engagementSEIrank":84,"engagementScore":0.07913896802785692,"voiceSEI":0,"voiceSEIadj":0,"voiceSEIrank":111,"voiceScore":0},"scoped":{"SEI":2.6281749387913367,"SEIrank":68,"SEIadj":0,"audienceSEI":20.705541209474703,"audienceSEIadj":0,"audienceSEIrank":17,"audienceScore":1.1191392991085836,"combinedScore":0.18113081752844726,"combinedScoreRank":72,"engagementSEI":0.929368029739777,"engagementSEIadj":0,"engagementSEIrank":74,"engagementScore":0.13908205841446453,"voiceSEI":0,"voiceSEIadj":0,"voiceSEIrank":99,"voiceScore":0}},"instagram":{"entityString":"536575feb08f37d80186a094","type":"instagram","profiles":0,"postsMade":0,"repliesMade":0,"repliesRcvd":0,"sharesMade":0,"sharesRcvd":0,"mentionsRcvd":0,"likesRcvd":0,"reachRcvd":0,"audience":0,"voice":0,"conversation":0,"engagement":0,"group_scoped":{"audienceScore":0,"voiceScore":0,"engagementScore":0,"combinedScore":0,"combinedScoreRank":69,"SEIrank":51,"engagementSEIrank":43,"voiceSEIrank":30,"audienceSEIrank":51,"engagementSEI":0,"engagementSEIadj":0,"voiceSEI":0,"voiceSEIadj":0,"audienceSEI":0,"audienceSEIadj":0,"SEI":0,"SEIadj":0},"non_scoped":{"SEI":0,"SEIrank":51,"SEIadj":0,"audienceSEI":0,"audienceSEIadj":0,"audienceSEIrank":51,"audienceScore":0,"combinedScore":0,"combinedScoreRank":51,"engagementSEI":0,"engagementSEIadj":0,"engagementSEIrank":43,"engagementScore":0,"voiceSEI":0,"voiceSEIadj":0,"voiceSEIrank":30,"voiceScore":0},"scoped":{"SEI":0,"SEIrank":44,"SEIadj":0,"audienceSEI":0,"audienceSEIadj":0,"audienceSEIrank":44,"audienceScore":0,"combinedScore":0,"combinedScoreRank":44,"engagementSEI":0,"engagementSEIadj":0,"engagementSEIrank":36,"engagementScore":0,"voiceSEI":0,"voiceSEIadj":0,"voiceSEIrank":24,"voiceScore":0}}},"week":{"boundaryQuantum":4982406,"combined":{"entityString":"536575feb08f37d80186a094","type":"combined","profiles":2,"postsMade":8,"repliesMade":0,"repliesRcvd":0,"sharesMade":0,"sharesRcvd":18,"mentionsRcvd":0,"likesRcvd":57,"reachRcvd":0,"audience":40564,"voice":8,"conversation":8,"engagement":75,"group_scoped":{"audienceScore":1.7807082621808012,"voiceScore":0.44272274488101826,"engagementScore":0.05285673007125087,"combinedScore":0.15874260741721677,"combinedScoreRank":124,"SEIrank":119,"engagementSEIrank":116,"voiceSEIrank":136,"audienceSEIrank":51,"engagementSEI":0.06150162364286418,"engagementSEIadj":0.06150162364286418,"voiceSEI":1.1560693641618496,"voiceSEIadj":1.1560693641618496,"audienceSEI":2.7585850452646237,"audienceSEIadj":2.7585850452646237,"SEI":0.6595802879607358,"SEIadj":0.6595802879607358},"non_scoped":{"SEI":0.4450211535474692,"SEIrank":126,"SEIadj":0,"audienceSEI":1.6134677863304705,"audienceSEIadj":0,"audienceSEIrank":39,"audienceScore":0.29873910797904585,"combinedScore":0.02210894077494916,"combinedScoreRank":105,"engagementSEI":0.00767434578760276,"engagementSEIadj":0,"engagementSEIrank":129,"engagementScore":0.0031279572228911415,"voiceSEI":0.9302325581395349,"voiceSEIadj":0,"voiceSEIrank":126,"voiceScore":0.08713647750789674},"scoped":{"SEI":3.348817629680115,"SEIrank":98,"SEIadj":0,"audienceSEI":21.180807569198958,"audienceSEIadj":0,"audienceSEIrank":30,"audienceScore":0.8631822877820466,"combinedScore":0.08507458344942534,"combinedScoreRank":105,"engagementSEI":0.24942631946522995,"engagementSEIadj":0,"engagementSEIrank":117,"engagementScore":0.03642792613387991,"voiceSEI":3.6036036036036037,"voiceSEIadj":0,"voiceSEIrank":115,"voiceScore":0.18260671079662177}},"facebook":{"entityString":"536575feb08f37d80186a094","type":"facebook","profiles":1,"postsMade":0,"repliesMade":0,"repliesRcvd":0,"sharesMade":0,"sharesRcvd":0,"mentionsRcvd":0,"likesRcvd":1,"reachRcvd":0,"audience":16429,"voice":0,"conversation":0,"engagement":1,"group_scoped":{"audienceScore":1.0678340109259783,"voiceScore":0,"engagementScore":0.0008658983262185354,"combinedScore":0.1532899144118985,"combinedScoreRank":103,"SEIrank":129,"engagementSEIrank":132,"voiceSEIrank":140,"audienceSEIrank":54,"engagementSEI":0.0009857461112315912,"engagementSEIadj":0.0009857461112315912,"voiceSEI":0,"voiceSEIadj":0,"audienceSEI":1.5031657151222368,"audienceSEIadj":1.5031657151222368,"SEI":0.15090801917896265,"SEIadj":0.15090801917896265},"non_scoped":{"SEI":0.0893479614760203,"SEIrank":126,"SEIadj":0,"audienceSEI":0.8928338521468446,"audienceSEIadj":0,"audienceSEIrank":52,"audienceScore":0.1713111890846337,"combinedScore":0.008606919463238976,"combinedScoreRank":110,"engagementSEI":0.00010762710222637425,"engagementSEIadj":0,"engagementSEIrank":132,"engagementScore":0.0000459555655636565,"voiceSEI":0,"voiceSEIadj":0,"voiceSEIrank":140,"voiceScore":0},"scoped":{"SEI":1.158276545832135,"SEIrank":105,"SEIadj":0,"audienceSEI":11.537138081895492,"audienceSEIadj":0,"audienceSEIrank":42,"audienceScore":0.70621754285815,"combinedScore":0.03597750924346525,"combinedScoreRank":103,"engagementSEI":0.0076045627376425855,"engagementSEIadj":0,"engagementSEIrank":121,"engagementScore":0.0007407023339530543,"voiceSEI":0,"voiceSEIadj":0,"voiceSEIrank":129,"voiceScore":0}},"twitter":{"entityString":"536575feb08f37d80186a094","type":"twitter","profiles":1,"postsMade":8,"repliesMade":0,"repliesRcvd":0,"sharesMade":0,"sharesRcvd":18,"mentionsRcvd":0,"likesRcvd":56,"reachRcvd":0,"audience":24135,"voice":8,"conversation":8,"engagement":74,"group_scoped":{"audienceScore":3.838879972769163,"voiceScore":0.6187161639597835,"engagementScore":0.5643685173886516,"combinedScore":0.7308114724862338,"combinedScoreRank":125,"SEIrank":113,"engagementSEIrank":121,"voiceSEIrank":125,"audienceSEIrank":56,"engagementSEI":1.0266370699223086,"engagementSEIadj":1.0266370699223086,"voiceSEI":1.7130620985010707,"voiceSEIadj":1.7130620985010707,"audienceSEI":9.047187068913813,"audienceSEIadj":9.047187068913813,"SEI":2.0346195783950876,"SEIadj":2.0346195783950876},"non_scoped":{"SEI":1.2170482794520734,"SEIrank":94,"SEIadj":0,"audienceSEI":4.355932081029181,"audienceSEIadj":0,"audienceSEIrank":24,"audienceScore":0.7049526906205511,"combinedScore":0.15081520949068028,"combinedScoreRank":90,"engagementSEI":0.47426776901877843,"engagementSEIadj":0,"engagementSEIrank":91,"engagementScore":0.12065873145279635,"voiceSEI":1.6563146997929608,"voiceSEIadj":0,"voiceSEIrank":105,"voiceScore":0.13949433304272016},"scoped":{"SEI":5.244108773160659,"SEIrank":80,"SEIadj":0,"audienceSEI":20.705541209474703,"audienceSEIadj":0,"audienceSEIrank":17,"audienceScore":1.1191392991085836,"combinedScore":0.2972635998576848,"combinedScoreRank":80,"engagementSEI":2.8201219512195124,"engagementSEIadj":0,"engagementSEIrank":81,"engagementScore":0.2539551803424963,"voiceSEI":4.938271604938271,"voiceSEIadj":0,"voiceSEIrank":94,"voiceScore":0.25493945188017847}},"instagram":{"entityString":"536575feb08f37d80186a094","type":"instagram","profiles":0,"postsMade":0,"repliesMade":0,"repliesRcvd":0,"sharesMade":0,"sharesRcvd":0,"mentionsRcvd":0,"likesRcvd":0,"reachRcvd":0,"audience":0,"voice":0,"conversation":0,"engagement":0,"group_scoped":{"audienceScore":0,"voiceScore":0,"engagementScore":0,"combinedScore":0,"combinedScoreRank":69,"SEIrank":51,"engagementSEIrank":46,"voiceSEIrank":44,"audienceSEIrank":51,"engagementSEI":0,"engagementSEIadj":0,"voiceSEI":0,"voiceSEIadj":0,"audienceSEI":0,"audienceSEIadj":0,"SEI":0,"SEIadj":0},"non_scoped":{"SEI":0,"SEIrank":51,"SEIadj":0,"audienceSEI":0,"audienceSEIadj":0,"audienceSEIrank":51,"audienceScore":0,"combinedScore":0,"combinedScoreRank":51,"engagementSEI":0,"engagementSEIadj":0,"engagementSEIrank":46,"engagementScore":0,"voiceSEI":0,"voiceSEIadj":0,"voiceSEIrank":44,"voiceScore":0},"scoped":{"SEI":0,"SEIrank":44,"SEIadj":0,"audienceSEI":0,"audienceSEIadj":0,"audienceSEIrank":44,"audienceScore":0,"combinedScore":0,"combinedScoreRank":44,"engagementSEI":0,"engagementSEIadj":0,"engagementSEIrank":39,"engagementScore":0,"voiceSEI":0,"voiceSEIadj":0,"voiceSEIrank":37,"voiceScore":0}}},"month":{"boundaryQuantum":4975782,"combined":{"entityString":"536575feb08f37d80186a094","type":"combined","profiles":2,"postsMade":38,"repliesMade":0,"repliesRcvd":284,"sharesMade":0,"sharesRcvd":59,"mentionsRcvd":0,"likesRcvd":2586,"reachRcvd":0,"audience":40564,"voice":38,"conversation":322,"engagement":2929,"group_scoped":{"audienceScore":1.7807082621808012,"voiceScore":0.5325858444288718,"engagementScore":0.474634058599238,"combinedScore":0.5428353580697979,"combinedScoreRank":55,"SEIrank":95,"engagementSEIrank":45,"voiceSEIrank":138,"audienceSEIrank":51,"engagementSEI":0.5414168151604102,"engagementSEIadj":0.5414168151604102,"voiceSEI":1.2582781456953642,"voiceSEIadj":1.2582781456953642,"audienceSEI":2.7585850452646237,"audienceSEIadj":2.7585850452646237,"SEI":0.9781920373313178,"SEIadj":0.9781920373313178},"non_scoped":{"SEI":0.5248464152256689,"SEIrank":114,"SEIadj":0,"audienceSEI":1.6134677863304705,"audienceSEIadj":0,"audienceSEIrank":39,"audienceScore":0.29873910797904585,"combinedScore":0.04861803498726172,"combinedScoreRank":70,"engagementSEI":0.08082581966873831,"engagementSEIadj":0,"engagementSEIrank":61,"engagementScore":0.031833295692734465,"voiceSEI":1.0500138159712629,"voiceSEIadj":0,"voiceSEIrank":132,"voiceScore":0.1006222692969681},"scoped":{"SEI":4.943767608226995,"SEIrank":76,"SEIadj":0,"audienceSEI":21.180807569198958,"audienceSEIadj":0,"audienceSEIrank":30,"audienceScore":0.8631822877820466,"combinedScore":0.3316204439279764,"combinedScoreRank":53,"engagementSEI":2.7094780855118317,"engagementSEIadj":0,"engagementSEIrank":52,"engagementScore":0.30872525665619666,"voiceSEI":4,"voiceSEIadj":0,"voiceSEIrank":122,"voiceScore":0.21217197096594081}},"facebook":{"entityString":"536575feb08f37d80186a094","type":"facebook","profiles":1,"postsMade":2,"repliesMade":0,"repliesRcvd":284,"sharesMade":0,"sharesRcvd":17,"mentionsRcvd":0,"likesRcvd":2003,"reachRcvd":0,"audience":16429,"voice":2,"conversation":286,"engagement":2304,"group_scoped":{"audienceScore":1.0678340109259783,"voiceScore":0.0951022349025202,"engagementScore":0.477402136706091,"combinedScore":0.48780873532690683,"combinedScoreRank":47,"SEIrank":95,"engagementSEIrank":40,"voiceSEIrank":133,"audienceSEIrank":54,"engagementSEI":0.5363116007644302,"engagementSEIadj":0.5363116007644302,"voiceSEI":0.21008403361344538,"voiceSEIadj":0.21008403361344538,"audienceSEI":1.5031657151222368,"audienceSEIadj":1.5031657151222368,"SEI":0.5351287420549155,"SEIadj":0.5351287420549155},"non_scoped":{"SEI":0.1678827056984821,"SEIrank":116,"SEIadj":0,"audienceSEI":0.8928338521468446,"audienceSEIadj":0,"audienceSEIrank":52,"audienceScore":0.1713111890846337,"combinedScore":0.0343724191189763,"combinedScoreRank":74,"engagementSEI":0.06726400450295142,"engagementSEIadj":0,"engagementSEIrank":61,"engagementScore":0.02785879412290686,"voiceSEI":0.12746972594008923,"voiceSEIadj":0,"voiceSEIrank":134,"voiceScore":0.014678899082568806},"scoped":{"SEI":2.842390790584049,"SEIrank":82,"SEIadj":0,"audienceSEI":11.537138081895492,"audienceSEIadj":0,"audienceSEIrank":42,"audienceScore":0.70621754285815,"combinedScore":0.34335221466017335,"combinedScoreRank":52,"engagementSEI":2.4876642517032512,"engagementSEIadj":0,"engagementSEIrank":52,"engagementScore":0.33999501222594913,"voiceSEI":0.6535947712418301,"voiceSEIadj":0,"voiceSEIrank":123,"voiceScore":0.04091653027823241}},"twitter":{"entityString":"536575feb08f37d80186a094","type":"twitter","profiles":1,"postsMade":36,"repliesMade":0,"repliesRcvd":0,"sharesMade":0,"sharesRcvd":42,"mentionsRcvd":0,"likesRcvd":583,"reachRcvd":0,"audience":24135,"voice":36,"conversation":36,"engagement":625,"group_scoped":{"audienceScore":3.838879972769163,"voiceScore":0.7272727272727273,"engagementScore":1.177933998002224,"combinedScore":1.2884482332040963,"combinedScoreRank":90,"SEIrank":105,"engagementSEIrank":98,"voiceSEIrank":128,"audienceSEIrank":56,"engagementSEI":2.086741678074188,"engagementSEIadj":2.086741678074188,"voiceSEI":1.812688821752266,"voiceSEIadj":1.812688821752266,"audienceSEI":9.047187068913813,"audienceSEIadj":9.047187068913813,"SEI":2.7005703602615734,"SEIadj":2.7005703602615734},"non_scoped":{"SEI":1.6284307704181828,"SEIrank":74,"SEIadj":0,"audienceSEI":4.355932081029181,"audienceSEIadj":0,"audienceSEIrank":24,"audienceScore":0.7049526906205511,"combinedScore":0.2761222287248647,"combinedScoreRank":60,"engagementSEI":1.0844481460274495,"engagementSEIadj":0,"engagementSEIrank":62,"engagementScore":0.259057693184503,"voiceSEI":1.8072289156626504,"voiceSEIadj":0,"voiceSEIrank":110,"voiceScore":0.15445340655568904},"scoped":{"SEI":7.446892079731998,"SEIrank":63,"SEIadj":0,"audienceSEI":20.705541209474703,"audienceSEIadj":0,"audienceSEIrank":17,"audienceScore":1.1191392991085836,"combinedScore":0.543299085490094,"combinedScoreRank":51,"engagementSEI":6.165532208740259,"engagementSEIadj":0,"engagementSEIrank":52,"engagementScore":0.5258552509801941,"voiceSEI":5.590062111801243,"voiceSEIadj":0,"voiceSEIrank":100,"voiceScore":0.2814478930498006}},"instagram":{"entityString":"536575feb08f37d80186a094","type":"instagram","profiles":0,"postsMade":0,"repliesMade":0,"repliesRcvd":0,"sharesMade":0,"sharesRcvd":0,"mentionsRcvd":0,"likesRcvd":0,"reachRcvd":0,"audience":0,"voice":0,"conversation":0,"engagement":0,"group_scoped":{"audienceScore":0,"voiceScore":0,"engagementScore":0,"combinedScore":0,"combinedScoreRank":69,"SEIrank":51,"engagementSEIrank":46,"voiceSEIrank":45,"audienceSEIrank":51,"engagementSEI":0,"engagementSEIadj":0,"voiceSEI":0,"voiceSEIadj":0,"audienceSEI":0,"audienceSEIadj":0,"SEI":0,"SEIadj":0},"non_scoped":{"SEI":0,"SEIrank":51,"SEIadj":0,"audienceSEI":0,"audienceSEIadj":0,"audienceSEIrank":51,"audienceScore":0,"combinedScore":0,"combinedScoreRank":51,"engagementSEI":0,"engagementSEIadj":0,"engagementSEIrank":46,"engagementScore":0,"voiceSEI":0,"voiceSEIadj":0,"voiceSEIrank":45,"voiceScore":0},"scoped":{"SEI":0,"SEIrank":44,"SEIadj":0,"audienceSEI":0,"audienceSEIadj":0,"audienceSEIrank":44,"audienceScore":0,"combinedScore":0,"combinedScoreRank":44,"engagementSEI":0,"engagementSEIadj":0,"engagementSEIrank":39,"engagementScore":0,"voiceSEI":0,"voiceSEIadj":0,"voiceSEIrank":38,"voiceScore":0}}},"quarter":{"boundaryQuantum":4958502,"combined":{"entityString":"536575feb08f37d80186a094","type":"combined","profiles":2,"postsMade":95,"repliesMade":0,"repliesRcvd":287,"sharesMade":0,"sharesRcvd":148,"mentionsRcvd":0,"likesRcvd":4022,"reachRcvd":0,"audience":40564,"voice":95,"conversation":382,"engagement":4457,"group_scoped":{"audienceScore":1.7807082621808012,"voiceScore":0.4695299757821381,"engagementScore":0.21331013101080382,"combinedScore":0.3044910298078704,"combinedScoreRank":81,"SEIrank":113,"engagementSEIrank":75,"voiceSEIrank":144,"audienceSEIrank":51,"engagementSEI":0.2380190746360957,"engagementSEIadj":0.2380190746360957,"voiceSEI":1.02880658436214,"voiceSEIadj":1.02880658436214,"audienceSEI":2.7585850452646237,"audienceSEIadj":2.7585850452646237,"SEI":0.7273119246167618,"SEIadj":0.7273119246167618},"non_scoped":{"SEI":0.45083043389572275,"SEIrank":120,"SEIadj":0,"audienceSEI":1.6134677863304705,"audienceSEIadj":0,"audienceSEIrank":39,"audienceScore":0.29873910797904585,"combinedScore":0.032713862259567475,"combinedScoreRank":89,"engagementSEI":0.03887918387385314,"engagementSEIadj":0,"engagementSEIrank":87,"engagementScore":0.015057422258498473,"voiceSEI":0.887187149794546,"voiceSEIadj":0,"voiceSEIrank":136,"voiceScore":0.08450453655933109},"scoped":{"SEI":3.7686017903662097,"SEIrank":90,"SEIadj":0,"audienceSEI":21.180807569198958,"audienceSEIadj":0,"audienceSEIrank":30,"audienceScore":0.8631822877820466,"combinedScore":0.18444933132401123,"combinedScoreRank":80,"engagementSEI":0.9018999188553136,"engagementSEIadj":0,"engagementSEIrank":78,"engagementScore":0.14711600478217787,"voiceSEI":3.6979369404437525,"voiceSEIadj":0,"voiceSEIrank":126,"voiceScore":0.17771625261897636}},"facebook":{"entityString":"536575feb08f37d80186a094","type":"facebook","profiles":1,"postsMade":2,"repliesMade":0,"repliesRcvd":287,"sharesMade":0,"sharesRcvd":17,"mentionsRcvd":0,"likesRcvd":2011,"reachRcvd":0,"audience":16429,"voice":2,"conversation":289,"engagement":2315,"group_scoped":{"audienceScore":1.0678340109259783,"voiceScore":0.03251503820516989,"engagementScore":0.14730211249681852,"combinedScore":0.18758935370369406,"combinedScoreRank":86,"SEIrank":114,"engagementSEIrank":71,"voiceSEIrank":148,"audienceSEIrank":54,"engagementSEI":0.16245260629417885,"engagementSEIadj":0.16245260629417885,"voiceSEI":0.0683293474547318,"voiceSEIadj":0.0683293474547318,"audienceSEI":1.5031657151222368,"audienceSEIadj":1.5031657151222368,"SEI":0.26828693952515054,"SEIadj":0.26828693952515054},"non_scoped":{"SEI":0.11442435416074741,"SEIrank":128,"SEIadj":0,"audienceSEI":0.8928338521468446,"audienceSEIadj":0,"audienceSEIrank":52,"audienceScore":0.1713111890846337,"combinedScore":0.01664229785534605,"combinedScoreRank":99,"engagementSEI":0.02090644379946033,"engagementSEIadj":0,"engagementSEIrank":89,"engagementScore":0.008700427155269627,"voiceSEI":0.0419903422212891,"voiceSEIadj":0,"voiceSEIrank":147,"voiceScore":0.004927079227433977},"scoped":{"SEI":2.4080270763345606,"SEIrank":97,"SEIadj":0,"audienceSEI":11.537138081895492,"audienceSEIadj":0,"audienceSEIrank":42,"audienceScore":0.70621754285815,"combinedScore":0.14065621129219688,"combinedScoreRank":82,"engagementSEI":1.9685708940628242,"engagementSEIadj":0,"engagementSEIrank":80,"engagementScore":0.11629203718532077,"voiceSEI":0.24390243902439024,"voiceSEIadj":0,"voiceSEIrank":136,"voiceScore":0.013650013650013651}},"twitter":{"entityString":"536575feb08f37d80186a094","type":"twitter","profiles":1,"postsMade":93,"repliesMade":0,"repliesRcvd":0,"sharesMade":0,"sharesRcvd":131,"mentionsRcvd":0,"likesRcvd":2011,"reachRcvd":0,"audience":24135,"voice":93,"conversation":93,"engagement":2142,"group_scoped":{"audienceScore":3.838879972769163,"voiceScore":0.6749401262791204,"engagementScore":1.2062033314187248,"combinedScore":1.3112740032292665,"combinedScoreRank":88,"SEIrank":109,"engagementSEIrank":102,"voiceSEIrank":139,"audienceSEIrank":56,"engagementSEI":1.9973145350788855,"engagementSEIadj":1.9973145350788855,"voiceSEI":1.5489673550966023,"voiceSEIadj":1.5489673550966023,"audienceSEI":9.047187068913813,"audienceSEIadj":9.047187068913813,"SEI":2.567797634467693,"SEIadj":2.567797634467693},"non_scoped":{"SEI":1.5094432851578852,"SEIrank":77,"SEIadj":0,"audienceSEI":4.355932081029181,"audienceSEIadj":0,"audienceSEIrank":24,"audienceScore":0.7049526906205511,"combinedScore":0.27388025377268993,"combinedScoreRank":60,"engagementSEI":1.0157820858150917,"engagementSEIadj":0,"engagementSEIrank":59,"engagementScore":0.2577245163153335,"voiceSEI":1.547936085219707,"voiceSEIadj":0,"voiceSEIrank":111,"voiceScore":0.13361109115724445},"scoped":{"SEI":7.675119500834247,"SEIrank":62,"SEIadj":0,"audienceSEI":20.705541209474703,"audienceSEIadj":0,"audienceSEIrank":17,"audienceScore":1.1191392991085836,"combinedScore":0.5490305414661116,"combinedScoreRank":49,"engagementSEI":6.738815830868935,"engagementSEIadj":0,"engagementSEIrank":49,"engagementScore":0.5343218203860488,"voiceSEI":5.204252937884723,"voiceSEIadj":0,"voiceSEIrank":101,"voiceScore":0.2436787632647714}},"instagram":{"entityString":"536575feb08f37d80186a094","type":"instagram","profiles":0,"postsMade":0,"repliesMade":0,"repliesRcvd":0,"sharesMade":0,"sharesRcvd":0,"mentionsRcvd":0,"likesRcvd":0,"reachRcvd":0,"audience":0,"voice":0,"conversation":0,"engagement":0,"group_scoped":{"audienceScore":0,"voiceScore":0,"engagementScore":0,"combinedScore":0,"combinedScoreRank":69,"SEIrank":51,"engagementSEIrank":46,"voiceSEIrank":46,"audienceSEIrank":51,"engagementSEI":0,"engagementSEIadj":0,"voiceSEI":0,"voiceSEIadj":0,"audienceSEI":0,"audienceSEIadj":0,"SEI":0,"SEIadj":0},"non_scoped":{"SEI":0,"SEIrank":51,"SEIadj":0,"audienceSEI":0,"audienceSEIadj":0,"audienceSEIrank":51,"audienceScore":0,"combinedScore":0,"combinedScoreRank":51,"engagementSEI":0,"engagementSEIadj":0,"engagementSEIrank":46,"engagementScore":0,"voiceSEI":0,"voiceSEIadj":0,"voiceSEIrank":46,"voiceScore":0},"scoped":{"SEI":0,"SEIrank":44,"SEIadj":0,"audienceSEI":0,"audienceSEIadj":0,"audienceSEIrank":44,"audienceScore":0,"combinedScore":0,"combinedScoreRank":44,"engagementSEI":0,"engagementSEIadj":0,"engagementSEIrank":39,"engagementScore":0,"voiceSEI":0,"voiceSEIadj":0,"voiceSEIrank":39,"voiceScore":0}}},"blended":{"combined":{"non_scoped":{"SEI":0.4457926718960824,"SEIadj":50.22289633594804,"SEIrank":124,"audienceSEI":1.6134677863304705,"audienceSEIadj":60.64538711453219,"audienceSEIrank":39,"engagementSEI":0.03399378140431418,"engagementSEIadj":50.01699689070216,"engagementSEIrank":90,"voiceSEI":0.880165414734823,"voiceSEIadj":50.44008270736741,"voiceSEIrank":135},"scoped":{"SEI":8.840316809801559,"SEIadj":54.42015840490078,"SEIrank":86,"compCharisma":6,"compInfluence":0,"compEva":2.840316809801559,"audienceSEI":21.180807569198958,"audienceSEIadj":68.47232302767958,"audienceSEIrank":30,"engagementSEI":0.9336055632573771,"engagementSEIadj":50.46680278162869,"engagementSEIrank":80,"voiceSEI":3.5300495513029575,"voiceSEIadj":51.765024775651476,"voiceSEIrank":125}},"facebook":{"non_scoped":{"SEI":0.11366314063868632,"SEIadj":50.056831570319346,"SEIrank":128,"audienceSEI":0.8928338521468445,"audienceSEIadj":60.35713354085874,"audienceSEIrank":52,"engagementSEI":0.02057511070584079,"engagementSEIadj":50.01028755535292,"engagementSEIrank":84,"voiceSEI":0.04011563000165794,"voiceSEIadj":50.020057815000825,"voiceSEIrank":147},"scoped":{"SEI":2.0355408109140054,"SEIadj":51.017770405457,"SEIrank":100,"audienceSEI":11.537138081895492,"audienceSEIadj":64.6148552327582,"audienceSEIrank":42,"engagementSEI":1.3597164536081925,"engagementSEIadj":50.67985822680409,"engagementSEIrank":79,"voiceSEI":0.2199904351984696,"voiceSEIadj":50.109995217599234,"voiceSEIrank":136}},"twitter":{"non_scoped":{"SEI":1.3953381577418325,"SEIadj":50.697669078870916,"SEIrank":81,"audienceSEI":4.355932081029181,"audienceSEIadj":61.742372832411675,"audienceSEIrank":24,"engagementSEI":0.8286015211162879,"engagementSEIadj":50.41430076055814,"engagementSEIrank":71,"voiceSEI":1.5419467898971393,"voiceSEIadj":50.77097339494857,"voiceSEIrank":111},"scoped":{"SEI":6.659234941264687,"SEIadj":53.32961747063234,"SEIrank":66,"audienceSEI":20.705541209474703,"audienceSEIadj":76.21166236284242,"audienceSEIrank":17,"engagementSEI":5.186742733598348,"engagementSEIadj":62.07469709343934,"engagementSEIrank":59,"voiceSEI":4.922117267194029,"voiceSEIadj":52.46105863359701,"voiceSEIrank":101}},"instagram":{"non_scoped":{"SEI":0,"SEIadj":0,"SEIrank":51,"audienceSEI":0,"audienceSEIadj":0,"audienceSEIrank":51,"engagementSEI":0,"engagementSEIadj":0,"engagementSEIrank":46,"voiceSEI":0,"voiceSEIadj":0,"voiceSEIrank":46},"scoped":{"SEI":0,"SEIadj":0,"SEIrank":44,"audienceSEI":0,"audienceSEIadj":0,"audienceSEIrank":44,"engagementSEI":0,"engagementSEIadj":0,"engagementSEIrank":39,"voiceSEI":0,"voiceSEIadj":0,"voiceSEIrank":39}},"influence":{"instagram":{"scope":"individual","ratio":0,"calculated":false},"combined":{"ratio":0.11,"bottom":false,"scope":"individual","calculated":true},"facebook":{"ratio":0.12,"bottom":false,"scope":"individual","calculated":true},"twitter":{"ratio":0.41,"bottom":false,"scope":"individual","calculated":true}},"charisma":{"instagram":{"scope":"individual","ratio":0,"calculated":false},"combined":{"ratio":1.36,"bottom":false,"scope":"individual","calculated":true},"facebook":{"ratio":2,"bottom":false,"scope":"individual","calculated":true},"twitter":{"ratio":2,"bottom":false,"scope":"individual","calculated":true}}},"scope":"individual"}}