{"scoreEntityString":"591d1494ab33fb0001804f89.asset.536575feb08f37d80186a097","timeQuantum":4984422,"scoreEntityType":"asset","scoreProfileID":"591d1494ab33fb0001804f89","data":{"scoreEntityString":"591d1494ab33fb0001804f89.asset.536575feb08f37d80186a097","scoreProfileID":"591d1494ab33fb0001804f89","scoreEntityType":"asset","entityID":"asset.536575feb08f37d80186a097","object_version":"1.2","score_engine_version":"3.0.19","timestamp":4984422,"start_quantum":4958502,"end_quantum":4984421,"schedule_options":{"interval":15,"offset":"1"},"_15min":{"boundaryQuantum":4984419,"combined":{"entityString":"536575feb08f37d80186a097","type":"combined","profiles":2,"postsMade":0,"repliesMade":0,"repliesRcvd":0,"sharesMade":0,"sharesRcvd":0,"mentionsRcvd":0,"likesRcvd":0,"reachRcvd":0,"audience":38230,"voice":0,"conversation":0,"engagement":0,"group_scoped":{"audienceScore":1.6782486160923982,"voiceScore":0,"engagementScore":0,"combinedScore":1.6782486160923982,"engagementSEI":0,"engagementSEIadj":0,"voiceSEI":0,"voiceSEIadj":0,"audienceSEI":2.5998596361420616,"audienceSEIadj":2.5998596361420616,"SEI":0.2599859636142062,"SEIadj":0.2599859636142062,"combinedScoreRank":44,"SEIrank":58,"engagementSEIrank":49,"voiceSEIrank":43,"audienceSEIrank":58},"non_scoped":{"SEI":0.15206309405239593,"SEIrank":42,"SEIadj":0,"audienceSEI":1.5206309405239593,"audienceSEIadj":0,"audienceSEIrank":42,"audienceScore":0.28155004679121687,"combinedScore":0.014077502339560843,"combinedScoreRank":42,"engagementSEI":0,"engagementSEIadj":0,"engagementSEIrank":49,"engagementScore":0,"voiceSEI":0,"voiceSEIadj":0,"voiceSEIrank":43,"voiceScore":0},"scoped":{"SEI":1.9962091346279367,"SEIrank":33,"SEIadj":0,"audienceSEI":19.962091346279365,"audienceSEIadj":0,"audienceSEIrank":33,"audienceScore":0.8135158973944296,"combinedScore":0.1162165567706328,"combinedScoreRank":33,"engagementSEI":0,"engagementSEIadj":0,"engagementSEIrank":42,"engagementScore":0,"voiceSEI":0,"voiceSEIadj":0,"voiceSEIrank":39,"voiceScore":0}},"facebook":{"entityString":"536575feb08f37d80186a097","type":"facebook","profiles":1,"postsMade":0,"repliesMade":0,"repliesRcvd":0,"sharesMade":0,"sharesRcvd":0,"mentionsRcvd":0,"likesRcvd":0,"reachRcvd":0,"audience":10485,"voice":0,"conversation":0,"engagement":0,"group_scoped":{"audienceScore":0.6814924587350955,"voiceScore":0,"engagementScore":0,"combinedScore":0.6814924587350955,"engagementSEI":0,"engagementSEIadj":0,"voiceSEI":0,"voiceSEIadj":0,"audienceSEI":0.9593214756258234,"audienceSEIadj":0.9593214756258234,"SEI":0.09593214756258234,"SEIadj":0.09593214756258234,"combinedScoreRank":75,"SEIrank":77,"engagementSEIrank":47,"voiceSEIrank":43,"audienceSEIrank":77},"non_scoped":{"SEI":0.05698072274490027,"SEIrank":82,"SEIadj":0,"audienceSEI":0.5698072274490027,"audienceSEIadj":0,"audienceSEIrank":82,"audienceScore":0.1093309280876733,"combinedScore":0.005466546404383665,"combinedScoreRank":82,"engagementSEI":0,"engagementSEIadj":0,"engagementSEIrank":47,"engagementScore":0,"voiceSEI":0,"voiceSEIadj":0,"voiceSEIrank":43,"voiceScore":0},"scoped":{"SEI":0.736301009122127,"SEIrank":71,"SEIadj":0,"audienceSEI":7.36301009122127,"audienceSEIadj":0,"audienceSEIrank":71,"audienceScore":0.4507085602816789,"combinedScore":0.06438693718309697,"combinedScoreRank":71,"engagementSEI":0,"engagementSEIadj":0,"engagementSEIrank":40,"engagementScore":0,"voiceSEI":0,"voiceSEIadj":0,"voiceSEIrank":39,"voiceScore":0}},"twitter":{"entityString":"536575feb08f37d80186a097","type":"twitter","profiles":1,"postsMade":0,"repliesMade":0,"repliesRcvd":0,"sharesMade":0,"sharesRcvd":0,"mentionsRcvd":0,"likesRcvd":0,"reachRcvd":0,"audience":27745,"voice":0,"conversation":0,"engagement":0,"group_scoped":{"audienceScore":4.4130816177534875,"voiceScore":0,"engagementScore":0,"combinedScore":4.4130816177534875,"engagementSEI":0,"engagementSEIadj":0,"voiceSEI":0,"voiceSEIadj":0,"audienceSEI":10.400422839321058,"audienceSEIadj":10.400422839321058,"SEI":1.0400422839321057,"SEIadj":1.0400422839321057,"combinedScoreRank":31,"SEIrank":46,"engagementSEIrank":44,"voiceSEIrank":42,"audienceSEIrank":45},"non_scoped":{"SEI":0.5007471953103567,"SEIrank":22,"SEIadj":0,"audienceSEI":5.007471953103567,"audienceSEIadj":0,"audienceSEIrank":21,"audienceScore":0.8103962047345015,"combinedScore":0.04051981023672507,"combinedScoreRank":22,"engagementSEI":0,"engagementSEIadj":0,"engagementSEIrank":44,"engagementScore":0,"voiceSEI":0,"voiceSEIadj":0,"voiceSEIrank":42,"voiceScore":0},"scoped":{"SEI":2.3802578862932493,"SEIrank":16,"SEIadj":0,"audienceSEI":23.802578862932492,"audienceSEIadj":0,"audienceSEIrank":15,"audienceScore":1.2865349017513013,"combinedScore":0.18379070025018587,"combinedScoreRank":16,"engagementSEI":0,"engagementSEIadj":0,"engagementSEIrank":40,"engagementScore":0,"voiceSEI":0,"voiceSEIadj":0,"voiceSEIrank":39,"voiceScore":0}},"instagram":{"entityString":"536575feb08f37d80186a097","type":"instagram","profiles":0,"postsMade":0,"repliesMade":0,"repliesRcvd":0,"sharesMade":0,"sharesRcvd":0,"mentionsRcvd":0,"likesRcvd":0,"reachRcvd":0,"audience":0,"voice":0,"conversation":0,"engagement":0,"group_scoped":{"audienceScore":0,"voiceScore":0,"engagementScore":0,"combinedScore":0,"engagementSEI":0,"engagementSEIadj":0,"voiceSEI":0,"voiceSEIadj":0,"audienceSEI":0,"audienceSEIadj":0,"SEI":0,"SEIadj":0,"combinedScoreRank":86,"SEIrank":68,"engagementSEIrank":44,"voiceSEIrank":41,"audienceSEIrank":68},"non_scoped":{"SEI":0,"SEIrank":68,"SEIadj":0,"audienceSEI":0,"audienceSEIadj":0,"audienceSEIrank":68,"audienceScore":0,"combinedScore":0,"combinedScoreRank":68,"engagementSEI":0,"engagementSEIadj":0,"engagementSEIrank":44,"engagementScore":0,"voiceSEI":0,"voiceSEIadj":0,"voiceSEIrank":41,"voiceScore":0},"scoped":{"SEI":0,"SEIrank":61,"SEIadj":0,"audienceSEI":0,"audienceSEIadj":0,"audienceSEIrank":61,"audienceScore":0,"combinedScore":0,"combinedScoreRank":61,"engagementSEI":0,"engagementSEIadj":0,"engagementSEIrank":40,"engagementScore":0,"voiceSEI":0,"voiceSEIadj":0,"voiceSEIrank":39,"voiceScore":0}}},"hour":{"boundaryQuantum":4984410,"combined":{"entityString":"536575feb08f37d80186a097","type":"combined","profiles":2,"postsMade":2,"repliesMade":0,"repliesRcvd":0,"sharesMade":0,"sharesRcvd":0,"mentionsRcvd":0,"likesRcvd":10,"reachRcvd":0,"audience":38230,"voice":2,"conversation":2,"engagement":10,"group_scoped":{"audienceScore":1.6782486160923982,"voiceScore":33.33333333333333,"engagementScore":2.457002457002457,"combinedScore":3.9618813087734974,"combinedScoreRank":19,"SEIrank":9,"engagementSEIrank":15,"voiceSEIrank":3,"audienceSEIrank":58,"engagementSEI":3.1847133757961785,"engagementSEIadj":3.1847133757961785,"voiceSEI":100,"voiceSEIadj":100,"audienceSEI":2.5998596361420616,"audienceSEIadj":2.5998596361420616,"SEI":32.17081398909191,"SEIadj":32.17081398909191},"non_scoped":{"SEI":8.813338925139547,"SEIrank":8,"SEIadj":0,"audienceSEI":1.5206309405239593,"audienceSEIadj":0,"audienceSEIrank":42,"audienceScore":0.28155004679121687,"combinedScore":0.4108179090841948,"combinedScoreRank":10,"engagementSEI":0.1497454327643007,"engagementSEIadj":0,"engagementSEIrank":18,"engagementScore":0.07045230379033394,"voiceSEI":28.57142857142857,"voiceSEIadj":0,"voiceSEIrank":6,"voiceScore":6.666666666666667},"scoped":{"SEI":32.49372157243888,"SEIrank":2,"SEIadj":0,"audienceSEI":19.962091346279365,"audienceSEIadj":0,"audienceSEIrank":33,"audienceScore":0.8135158973944296,"combinedScore":1.5828444695685167,"combinedScoreRank":6,"engagementSEI":0.8291873963515755,"engagementSEIadj":0,"engagementSEIrank":12,"engagementScore":0.6024096385542169,"voiceSEI":100,"voiceSEIadj":0,"voiceSEIrank":2,"voiceScore":20}},"facebook":{"entityString":"536575feb08f37d80186a097","type":"facebook","profiles":1,"postsMade":1,"repliesMade":0,"repliesRcvd":0,"sharesMade":0,"sharesRcvd":0,"mentionsRcvd":0,"likesRcvd":9,"reachRcvd":0,"audience":10485,"voice":1,"conversation":1,"engagement":9,"group_scoped":{"audienceScore":0.6814924587350955,"voiceScore":50,"engagementScore":3.061224489795918,"combinedScore":5.28917666375308,"combinedScoreRank":16,"SEIrank":9,"engagementSEIrank":13,"voiceSEIrank":2,"audienceSEIrank":77,"engagementSEI":4.128440366972478,"engagementSEIadj":4.128440366972478,"voiceSEI":100,"voiceSEIadj":100,"audienceSEI":0.9593214756258234,"audienceSEIadj":0.9593214756258234,"SEI":32.57299636774607,"SEIadj":32.57299636774607},"non_scoped":{"SEI":10.1412109520383,"SEIrank":7,"SEIadj":0,"audienceSEI":0.5698072274490027,"audienceSEIadj":0,"audienceSEIrank":82,"audienceScore":0.1093309280876733,"combinedScore":0.4888767859121841,"combinedScoreRank":8,"engagementSEI":0.14038371548900327,"engagementSEIadj":0,"engagementSEIrank":15,"engagementScore":0.07415952537903757,"voiceSEI":33.33333333333333,"voiceSEIadj":0,"voiceSEIrank":5,"voiceScore":8.333333333333332},"scoped":{"SEI":38.03359830641942,"SEIrank":4,"SEIadj":0,"audienceSEI":7.36301009122127,"audienceSEIadj":0,"audienceSEIrank":71,"audienceScore":0.4507085602816789,"combinedScore":7.266302741033475,"combinedScoreRank":5,"engagementSEI":12.162162162162163,"engagementSEIadj":0,"engagementSEIrank":9,"engagementScore":2.4930747922437675,"voiceSEI":100,"voiceSEIadj":0,"voiceSEIrank":1,"voiceScore":100}},"twitter":{"entityString":"536575feb08f37d80186a097","type":"twitter","profiles":1,"postsMade":1,"repliesMade":0,"repliesRcvd":0,"sharesMade":0,"sharesRcvd":0,"mentionsRcvd":0,"likesRcvd":1,"reachRcvd":0,"audience":27745,"voice":1,"conversation":1,"engagement":1,"group_scoped":{"audienceScore":4.4130816177534875,"voiceScore":25,"engagementScore":5,"combinedScore":5.970654080887675,"combinedScoreRank":34,"SEIrank":15,"engagementSEIrank":18,"voiceSEIrank":9,"audienceSEIrank":45,"engagementSEI":14.285714285714285,"engagementSEIadj":14.285714285714285,"voiceSEI":50,"voiceSEIadj":50,"audienceSEI":10.400422839321058,"audienceSEIadj":10.400422839321058,"SEI":24.61147085536068,"SEIadj":24.61147085536068},"non_scoped":{"SEI":9.072175766738928,"SEIrank":11,"SEIadj":0,"audienceSEI":5.007471953103567,"audienceSEIadj":0,"audienceSEIrank":21,"audienceScore":0.8103962047345015,"combinedScore":0.7660587820443536,"combinedScoreRank":21,"engagementSEI":1.7857142857142856,"engagementSEIadj":0,"engagementSEIrank":21,"engagementScore":0.4975124378109453,"voiceSEI":25,"voiceSEIadj":0,"voiceSEIrank":5,"voiceScore":5.555555555555555},"scoped":{"SEI":20.713591219626583,"SEIrank":8,"SEIadj":0,"audienceSEI":23.802578862932492,"audienceSEIadj":0,"audienceSEIrank":15,"audienceScore":1.2865349017513013,"combinedScore":1.538249647581896,"combinedScoreRank":15,"engagementSEI":5.555555555555555,"engagementSEIadj":0,"engagementSEIrank":15,"engagementScore":1.0204081632653061,"voiceSEI":50,"voiceSEIadj":0,"voiceSEIrank":3,"voiceScore":11.11111111111111}},"instagram":{"entityString":"536575feb08f37d80186a097","type":"instagram","profiles":0,"postsMade":0,"repliesMade":0,"repliesRcvd":0,"sharesMade":0,"sharesRcvd":0,"mentionsRcvd":0,"likesRcvd":0,"reachRcvd":0,"audience":0,"voice":0,"conversation":0,"engagement":0,"group_scoped":{"audienceScore":0,"voiceScore":0,"engagementScore":0,"combinedScore":0,"combinedScoreRank":86,"SEIrank":68,"engagementSEIrank":50,"voiceSEIrank":41,"audienceSEIrank":68,"engagementSEI":0,"engagementSEIadj":0,"voiceSEI":0,"voiceSEIadj":0,"audienceSEI":0,"audienceSEIadj":0,"SEI":0,"SEIadj":0},"non_scoped":{"SEI":0,"SEIrank":68,"SEIadj":0,"audienceSEI":0,"audienceSEIadj":0,"audienceSEIrank":68,"audienceScore":0,"combinedScore":0,"combinedScoreRank":68,"engagementSEI":0,"engagementSEIadj":0,"engagementSEIrank":50,"engagementScore":0,"voiceSEI":0,"voiceSEIadj":0,"voiceSEIrank":41,"voiceScore":0},"scoped":{"SEI":0,"SEIrank":61,"SEIadj":0,"audienceSEI":0,"audienceSEIadj":0,"audienceSEIrank":61,"audienceScore":0,"combinedScore":0,"combinedScoreRank":61,"engagementSEI":0,"engagementSEIadj":0,"engagementSEIrank":45,"engagementScore":0,"voiceSEI":0,"voiceSEIadj":0,"voiceSEIrank":39,"voiceScore":0}}},"today":{"boundaryQuantum":4984134,"combined":{"entityString":"536575feb08f37d80186a097","type":"combined","profiles":2,"postsMade":5,"repliesMade":0,"repliesRcvd":0,"sharesMade":0,"sharesRcvd":10,"mentionsRcvd":0,"likesRcvd":52,"reachRcvd":0,"audience":38230,"voice":5,"conversation":5,"engagement":62,"group_scoped":{"audienceScore":1.6782486160923982,"voiceScore":2.9585798816568047,"engagementScore":0.38983903420523136,"combinedScore":0.5826965556721684,"combinedScoreRank":58,"SEIrank":36,"engagementSEIrank":39,"voiceSEIrank":31,"audienceSEIrank":58,"engagementSEI":0.47393364928909953,"engagementSEIadj":0.47393364928909953,"voiceSEI":8.771929824561402,"voiceSEIadj":8.771929824561402,"audienceSEI":2.5998596361420616,"audienceSEIadj":2.5998596361420616,"SEI":3.1759251005560865,"SEIadj":3.1759251005560865},"non_scoped":{"SEI":1.819463044186494,"SEIrank":29,"SEIadj":0,"audienceSEI":1.5206309405239593,"audienceSEIadj":0,"audienceSEIrank":42,"audienceScore":0.28155004679121687,"combinedScore":0.059716067863084546,"combinedScoreRank":45,"engagementSEI":0.031747169637416604,"engagementSEIadj":0,"engagementSEIrank":51,"engagementScore":0.01654250891160964,"voiceSEI":5.4945054945054945,"voiceSEIadj":0,"voiceSEIrank":29,"voiceScore":0.6150061500615006},"scoped":{"SEI":7.377835008041829,"SEIrank":28,"SEIadj":0,"audienceSEI":19.962091346279365,"audienceSEIadj":0,"audienceSEIrank":33,"audienceScore":0.8135158973944296,"combinedScore":0.25511590011242513,"combinedScoreRank":41,"engagementSEI":0.34868680051740625,"engagementSEIadj":0,"engagementSEIrank":42,"engagementScore":0.1657399486740804,"voiceSEI":17.24137931034483,"voiceSEIadj":0,"voiceSEIrank":21,"voiceScore":1.3054830287206265}},"facebook":{"entityString":"536575feb08f37d80186a097","type":"facebook","profiles":1,"postsMade":1,"repliesMade":0,"repliesRcvd":0,"sharesMade":0,"sharesRcvd":0,"mentionsRcvd":0,"likesRcvd":9,"reachRcvd":0,"audience":10485,"voice":1,"conversation":1,"engagement":9,"group_scoped":{"audienceScore":0.6814924587350955,"voiceScore":2,"engagementScore":0.0737221494102228,"combinedScore":0.20042455740595533,"combinedScoreRank":97,"SEIrank":43,"engagementSEIrank":60,"voiceSEIrank":30,"audienceSEIrank":77,"engagementSEI":0.08902957760411515,"engagementSEIadj":0.08902957760411515,"voiceSEI":4.545454545454546,"voiceSEIadj":4.545454545454546,"audienceSEI":0.9593214756258234,"audienceSEIadj":0.9593214756258234,"SEI":1.512986257761415,"SEIadj":1.512986257761415},"non_scoped":{"SEI":0.8290867076168426,"SEIrank":43,"SEIadj":0,"audienceSEI":0.5698072274490027,"audienceSEIadj":0,"audienceSEIrank":82,"audienceScore":0.1093309280876733,"combinedScore":0.0248966052038061,"combinedScoreRank":60,"engagementSEI":0.0047920260686218135,"engagementSEIadj":0,"engagementSEIrank":72,"engagementScore":0.0026925067537044403,"voiceSEI":2.564102564102564,"voiceSEIadj":0,"voiceSEIrank":31,"voiceScore":0.3401360544217687},"scoped":{"SEI":3.390234874572526,"SEIrank":47,"SEIadj":0,"audienceSEI":7.36301009122127,"audienceSEIadj":0,"audienceSEIrank":71,"audienceScore":0.4507085602816789,"combinedScore":0.1332673478514351,"combinedScoreRank":63,"engagementSEI":0.25655644241733183,"engagementSEIadj":0,"engagementSEIrank":62,"engagementScore":0.05990415335463259,"voiceSEI":8.333333333333332,"voiceSEIadj":0,"voiceSEIrank":23,"voiceScore":1.1363636363636365}},"twitter":{"entityString":"536575feb08f37d80186a097","type":"twitter","profiles":1,"postsMade":4,"repliesMade":0,"repliesRcvd":0,"sharesMade":0,"sharesRcvd":10,"mentionsRcvd":0,"likesRcvd":43,"reachRcvd":0,"audience":27745,"voice":4,"conversation":4,"engagement":53,"group_scoped":{"audienceScore":4.4130816177534875,"voiceScore":3.418803418803419,"engagementScore":4.312449145646868,"combinedScore":4.2727984829100265,"combinedScoreRank":42,"SEIrank":41,"engagementSEIrank":39,"voiceSEIrank":36,"audienceSEIrank":45,"engagementSEI":10.474308300395258,"engagementSEIadj":10.474308300395258,"voiceSEI":12.121212121212121,"voiceSEIadj":12.121212121212121,"audienceSEI":10.400422839321058,"audienceSEIadj":10.400422839321058,"SEI":10.960990900532895,"SEIadj":10.960990900532895},"non_scoped":{"SEI":5.005791331502033,"SEIrank":27,"SEIadj":0,"audienceSEI":5.007471953103567,"audienceSEIadj":0,"audienceSEIrank":21,"audienceScore":0.8103962047345015,"combinedScore":0.8355055652224801,"combinedScoreRank":22,"engagementSEI":3.3417402269861283,"engagementSEIadj":0,"engagementSEIrank":23,"engagementScore":0.8388730610952834,"voiceSEI":8.333333333333332,"voiceSEIadj":0,"voiceSEIrank":30,"voiceScore":0.8},"scoped":{"SEI":12.906423170822844,"SEIrank":18,"SEIadj":0,"audienceSEI":23.802578862932492,"audienceSEIadj":0,"audienceSEIrank":15,"audienceScore":1.2865349017513013,"combinedScore":1.4596627330464884,"combinedScoreRank":17,"engagementSEI":9.851301115241636,"engagementSEIadj":0,"engagementSEIrank":18,"engagementScore":1.4742698191933241,"voiceSEI":15.384615384615385,"voiceSEIadj":0,"voiceSEIrank":22,"voiceScore":1.36986301369863}},"instagram":{"entityString":"536575feb08f37d80186a097","type":"instagram","profiles":0,"postsMade":0,"repliesMade":0,"repliesRcvd":0,"sharesMade":0,"sharesRcvd":0,"mentionsRcvd":0,"likesRcvd":0,"reachRcvd":0,"audience":0,"voice":0,"conversation":0,"engagement":0,"group_scoped":{"audienceScore":0,"voiceScore":0,"engagementScore":0,"combinedScore":0,"combinedScoreRank":86,"SEIrank":68,"engagementSEIrank":60,"voiceSEIrank":47,"audienceSEIrank":68,"engagementSEI":0,"engagementSEIadj":0,"voiceSEI":0,"voiceSEIadj":0,"audienceSEI":0,"audienceSEIadj":0,"SEI":0,"SEIadj":0},"non_scoped":{"SEI":0,"SEIrank":68,"SEIadj":0,"audienceSEI":0,"audienceSEIadj":0,"audienceSEIrank":68,"audienceScore":0,"combinedScore":0,"combinedScoreRank":68,"engagementSEI":0,"engagementSEIadj":0,"engagementSEIrank":60,"engagementScore":0,"voiceSEI":0,"voiceSEIadj":0,"voiceSEIrank":47,"voiceScore":0},"scoped":{"SEI":0,"SEIrank":61,"SEIadj":0,"audienceSEI":0,"audienceSEIadj":0,"audienceSEIrank":61,"audienceScore":0,"combinedScore":0,"combinedScoreRank":61,"engagementSEI":0,"engagementSEIadj":0,"engagementSEIrank":53,"engagementScore":0,"voiceSEI":0,"voiceSEIadj":0,"voiceSEIrank":41,"voiceScore":0}}},"week":{"boundaryQuantum":4982406,"combined":{"entityString":"536575feb08f37d80186a097","type":"combined","profiles":2,"postsMade":35,"repliesMade":0,"repliesRcvd":16,"sharesMade":0,"sharesRcvd":188,"mentionsRcvd":0,"likesRcvd":900,"reachRcvd":0,"audience":38230,"voice":35,"conversation":51,"engagement":1104,"group_scoped":{"audienceScore":1.6782486160923982,"voiceScore":1.936912008854455,"engagementScore":0.7780510666488129,"combinedScore":0.8810039912312743,"combinedScoreRank":37,"SEIrank":49,"engagementSEIrank":33,"voiceSEIrank":50,"audienceSEIrank":58,"engagementSEI":0.9053039000229607,"engagementSEIadj":0.9053039000229607,"voiceSEI":5.057803468208093,"voiceSEIadj":5.057803468208093,"audienceSEI":2.5998596361420616,"audienceSEIadj":2.5998596361420616,"SEI":2.3205093440904103,"SEIadj":2.3205093440904103},"non_scoped":{"SEI":1.440773148606643,"SEIrank":48,"SEIadj":0,"audienceSEI":1.5206309405239593,"audienceSEIadj":0,"audienceSEIrank":42,"audienceScore":0.28155004679121687,"combinedScore":0.0745777840832751,"combinedScoreRank":49,"engagementSEI":0.11296636999351263,"engagementSEIadj":0,"engagementSEIrank":49,"engagementScore":0.04604353032095761,"voiceSEI":4.069767441860465,"voiceSEIadj":0,"voiceSEIrank":47,"voiceScore":0.38122208909704824},"scoped":{"SEI":8.928872117874578,"SEIrank":41,"SEIadj":0,"audienceSEI":19.962091346279365,"audienceSEIadj":0,"audienceSEIrank":33,"audienceScore":0.8135158973944296,"combinedScore":0.5632181782781236,"combinedScoreRank":40,"engagementSEI":3.6715554225281855,"engagementSEIadj":0,"engagementSEIrank":40,"engagementScore":0.5362190726907123,"voiceSEI":15.765765765765765,"voiceSEIadj":0,"voiceSEIrank":37,"voiceScore":0.7989043597352202}},"facebook":{"entityString":"536575feb08f37d80186a097","type":"facebook","profiles":1,"postsMade":5,"repliesMade":0,"repliesRcvd":16,"sharesMade":0,"sharesRcvd":15,"mentionsRcvd":0,"likesRcvd":296,"reachRcvd":0,"audience":10485,"voice":5,"conversation":21,"engagement":327,"group_scoped":{"audienceScore":0.6814924587350955,"voiceScore":1.0040160642570282,"engagementScore":0.28314875267346107,"combinedScore":0.33910930355572116,"combinedScoreRank":63,"SEIrank":70,"engagementSEIrank":44,"voiceSEIrank":66,"audienceSEIrank":77,"engagementSEI":0.32233897837273034,"engagementSEIadj":0.32233897837273034,"voiceSEI":2.3923444976076556,"voiceSEIadj":2.3923444976076556,"audienceSEI":0.9593214756258234,"audienceSEIadj":0.9593214756258234,"SEI":1.0070388838685171,"SEIadj":1.0070388838685171},"non_scoped":{"SEI":0.45977654951469193,"SEIrank":83,"SEIadj":0,"audienceSEI":0.5698072274490027,"audienceSEIadj":0,"audienceSEIrank":82,"audienceScore":0.1093309280876733,"combinedScore":0.026714469844052603,"combinedScoreRank":79,"engagementSEI":0.03519406242802437,"engagementSEIadj":0,"engagementSEIrank":70,"engagementScore":0.015027469939315677,"voiceSEI":1.2722646310432568,"voiceSEIadj":0,"voiceSEIrank":71,"voiceScore":0.15446400988569664},"scoped":{"SEI":3.9328616727930563,"SEIrank":71,"SEIadj":0,"audienceSEI":7.36301009122127,"audienceSEIadj":0,"audienceSEIrank":71,"audienceScore":0.4507085602816789,"combinedScore":0.2617105655744339,"combinedScoreRank":62,"engagementSEI":2.486692015209125,"engagementSEIadj":0,"engagementSEIrank":61,"engagementScore":0.24220966320264875,"voiceSEI":5.681818181818182,"voiceSEIadj":0,"voiceSEIrank":62,"voiceScore":0.423728813559322}},"twitter":{"entityString":"536575feb08f37d80186a097","type":"twitter","profiles":1,"postsMade":30,"repliesMade":0,"repliesRcvd":0,"sharesMade":0,"sharesRcvd":173,"mentionsRcvd":0,"likesRcvd":604,"reachRcvd":0,"audience":27745,"voice":30,"conversation":30,"engagement":777,"group_scoped":{"audienceScore":4.4130816177534875,"voiceScore":2.320185614849188,"engagementScore":5.925869432580842,"combinedScore":5.6699458509528915,"combinedScoreRank":28,"SEIrank":37,"engagementSEIrank":28,"voiceSEIrank":58,"audienceSEIrank":45,"engagementSEI":10.77968923418424,"engagementSEIadj":10.77968923418424,"voiceSEI":6.423982869379015,"voiceSEIadj":6.423982869379015,"audienceSEI":10.400422839321058,"audienceSEIadj":10.400422839321058,"SEI":9.435050685256353,"SEIadj":9.435050685256353},"non_scoped":{"SEI":5.351988177395742,"SEIrank":27,"SEIadj":0,"audienceSEI":5.007471953103567,"audienceSEIadj":0,"audienceSEIrank":21,"audienceScore":0.8103962047345015,"combinedScore":1.2069000099111606,"combinedScoreRank":14,"engagementSEI":4.979811574697174,"engagementSEIadj":0,"engagementSEIrank":14,"engagementScore":1.2669166802543617,"voiceSEI":6.211180124223603,"voiceSEIadj":0,"voiceSEIrank":39,"voiceScore":0.5231037489102005},"scoped":{"SEI":25.70258173453173,"SEIrank":13,"SEIadj":0,"audienceSEI":23.802578862932492,"audienceSEIadj":0,"audienceSEIrank":15,"audienceScore":1.2865349017513013,"combinedScore":2.512004346551689,"combinedScoreRank":8,"engagementSEI":29.61128048780488,"engagementSEIadj":0,"engagementSEIrank":8,"engagementScore":2.6665293935962113,"voiceSEI":18.51851851851852,"voiceSEIadj":0,"voiceSEIrank":29,"voiceScore":0.9560229445506693}},"instagram":{"entityString":"536575feb08f37d80186a097","type":"instagram","profiles":0,"postsMade":0,"repliesMade":0,"repliesRcvd":0,"sharesMade":0,"sharesRcvd":0,"mentionsRcvd":0,"likesRcvd":0,"reachRcvd":0,"audience":0,"voice":0,"conversation":0,"engagement":0,"group_scoped":{"audienceScore":0,"voiceScore":0,"engagementScore":0,"combinedScore":0,"combinedScoreRank":86,"SEIrank":68,"engagementSEIrank":63,"voiceSEIrank":61,"audienceSEIrank":68,"engagementSEI":0,"engagementSEIadj":0,"voiceSEI":0,"voiceSEIadj":0,"audienceSEI":0,"audienceSEIadj":0,"SEI":0,"SEIadj":0},"non_scoped":{"SEI":0,"SEIrank":68,"SEIadj":0,"audienceSEI":0,"audienceSEIadj":0,"audienceSEIrank":68,"audienceScore":0,"combinedScore":0,"combinedScoreRank":68,"engagementSEI":0,"engagementSEIadj":0,"engagementSEIrank":63,"engagementScore":0,"voiceSEI":0,"voiceSEIadj":0,"voiceSEIrank":61,"voiceScore":0},"scoped":{"SEI":0,"SEIrank":61,"SEIadj":0,"audienceSEI":0,"audienceSEIadj":0,"audienceSEIrank":61,"audienceScore":0,"combinedScore":0,"combinedScoreRank":61,"engagementSEI":0,"engagementSEIadj":0,"engagementSEIrank":56,"engagementScore":0,"voiceSEI":0,"voiceSEIadj":0,"voiceSEIrank":54,"voiceScore":0}}},"month":{"boundaryQuantum":4975782,"combined":{"entityString":"536575feb08f37d80186a097","type":"combined","profiles":2,"postsMade":173,"repliesMade":0,"repliesRcvd":126,"sharesMade":0,"sharesRcvd":924,"mentionsRcvd":0,"likesRcvd":5614,"reachRcvd":0,"audience":38230,"voice":173,"conversation":299,"engagement":6664,"group_scoped":{"audienceScore":1.6782486160923982,"voiceScore":2.424667133847232,"engagementScore":1.0798775577006905,"combinedScore":1.177035589427603,"combinedScoreRank":32,"SEIrank":44,"engagementSEIrank":29,"voiceSEIrank":45,"audienceSEIrank":58,"engagementSEI":1.2318202991563583,"engagementSEIadj":1.2318202991563583,"voiceSEI":5.728476821192053,"voiceSEIadj":5.728476821192053,"audienceSEI":2.5998596361420616,"audienceSEIadj":2.5998596361420616,"SEI":2.717621189465637,"SEIadj":2.717621189465637},"non_scoped":{"SEI":1.696496847408719,"SEIrank":43,"SEIadj":0,"audienceSEI":1.5206309405239593,"audienceSEIadj":0,"audienceSEIrank":42,"audienceScore":0.28155004679121687,"combinedScore":0.10216611658677896,"combinedScoreRank":42,"engagementSEI":0.18389322713297104,"engagementSEIadj":0,"engagementSEIrank":43,"engagementScore":0.0724264535665355,"voiceSEI":4.780326056921801,"voiceSEIadj":0,"voiceSEIrank":36,"voiceScore":0.4580961207467231},"scoped":{"SEI":11.158096007552047,"SEIrank":31,"SEIadj":0,"audienceSEI":19.962091346279365,"audienceSEIadj":0,"audienceSEIrank":33,"audienceScore":0.8135158973944296,"combinedScore":0.7211376015291097,"combinedScoreRank":35,"engagementSEI":6.164548296978779,"engagementSEIadj":0,"engagementSEIrank":34,"engagementScore":0.7024052954444843,"voiceSEI":18.210526315789473,"voiceSEIadj":0,"voiceSEIrank":26,"voiceScore":0.9659408151870463}},"facebook":{"entityString":"536575feb08f37d80186a097","type":"facebook","profiles":1,"postsMade":20,"repliesMade":0,"repliesRcvd":126,"sharesMade":0,"sharesRcvd":99,"mentionsRcvd":0,"likesRcvd":1742,"reachRcvd":0,"audience":10485,"voice":20,"conversation":146,"engagement":1967,"group_scoped":{"audienceScore":0.6814924587350955,"voiceScore":0.9510223490252021,"engagementScore":0.40757378598128513,"combinedScore":0.44844214777117153,"combinedScoreRank":52,"SEIrank":74,"engagementSEIrank":42,"voiceSEIrank":69,"audienceSEIrank":77,"engagementSEI":0.45786671818734126,"engagementSEIadj":0.45786671818734126,"voiceSEI":2.100840336134454,"voiceSEIadj":2.100840336134454,"audienceSEI":0.9593214756258234,"audienceSEIadj":0.9593214756258234,"SEI":1.000904279315323,"SEIadj":1.000904279315323},"non_scoped":{"SEI":0.47384518620509125,"SEIrank":84,"SEIadj":0,"audienceSEI":0.5698072274490027,"audienceSEIadj":0,"audienceSEIrank":82,"audienceScore":0.1093309280876733,"combinedScore":0.03421156158619845,"combinedScoreRank":75,"engagementSEI":0.05742547606653882,"engagementSEIadj":0,"engagementSEIrank":63,"engagementScore":0.02378396182281154,"voiceSEI":1.2746972594008923,"voiceSEIadj":0,"voiceSEIrank":75,"voiceScore":0.14678899082568808},"scoped":{"SEI":3.971365422613319,"SEIrank":74,"SEIadj":0,"audienceSEI":7.36301009122127,"audienceSEIadj":0,"audienceSEIrank":71,"audienceScore":0.4507085602816789,"combinedScore":0.30423204825024786,"combinedScoreRank":55,"engagementSEI":2.1238001662761694,"engagementSEIadj":0,"engagementSEIrank":54,"engagementScore":0.2902648389967196,"voiceSEI":6.535947712418301,"voiceSEIadj":0,"voiceSEIrank":66,"voiceScore":0.4091653027823241}},"twitter":{"entityString":"536575feb08f37d80186a097","type":"twitter","profiles":1,"postsMade":153,"repliesMade":0,"repliesRcvd":0,"sharesMade":0,"sharesRcvd":825,"mentionsRcvd":0,"likesRcvd":3872,"reachRcvd":0,"audience":27745,"voice":153,"conversation":153,"engagement":4697,"group_scoped":{"audienceScore":4.4130816177534875,"voiceScore":3.090909090909091,"engagementScore":8.852409581786313,"combinedScore":8.342368159040811,"combinedScoreRank":18,"SEIrank":31,"engagementSEIrank":27,"voiceSEIrank":48,"audienceSEIrank":45,"engagementSEI":15.682281059063136,"engagementSEIadj":15.682281059063136,"voiceSEI":7.7039274924471295,"voiceSEIadj":7.7039274924471295,"audienceSEI":10.400422839321058,"audienceSEIadj":10.400422839321058,"SEI":12.760589167104126,"SEIadj":12.760589167104126},"non_scoped":{"SEI":7.694870886995529,"SEIrank":16,"SEIadj":0,"audienceSEI":5.007471953103567,"audienceSEIadj":0,"audienceSEIrank":21,"audienceScore":0.8103962047345015,"combinedScore":1.825524497367968,"combinedScoreRank":8,"engagementSEI":8.149844707025489,"engagementSEIadj":0,"engagementSEIrank":8,"engagementScore":1.9468703758201766,"voiceSEI":7.680722891566265,"voiceSEIadj":0,"voiceSEIrank":32,"voiceScore":0.6564269778616784},"scoped":{"SEI":37.30871167191471,"SEIrank":4,"SEIadj":0,"audienceSEI":23.802578862932492,"audienceSEIadj":0,"audienceSEIrank":15,"audienceScore":1.2865349017513013,"combinedScore":3.6808510663103675,"combinedScoreRank":3,"engagementSEI":46.33520765512479,"engagementSEIadj":0,"engagementSEIrank":3,"engagementScore":3.9519073821663553,"voiceSEI":23.75776397515528,"voiceSEIadj":0,"voiceSEIrank":22,"voiceScore":1.1961535454616528}},"instagram":{"entityString":"536575feb08f37d80186a097","type":"instagram","profiles":0,"postsMade":0,"repliesMade":0,"repliesRcvd":0,"sharesMade":0,"sharesRcvd":0,"mentionsRcvd":0,"likesRcvd":0,"reachRcvd":0,"audience":0,"voice":0,"conversation":0,"engagement":0,"group_scoped":{"audienceScore":0,"voiceScore":0,"engagementScore":0,"combinedScore":0,"combinedScoreRank":86,"SEIrank":68,"engagementSEIrank":63,"voiceSEIrank":62,"audienceSEIrank":68,"engagementSEI":0,"engagementSEIadj":0,"voiceSEI":0,"voiceSEIadj":0,"audienceSEI":0,"audienceSEIadj":0,"SEI":0,"SEIadj":0},"non_scoped":{"SEI":0,"SEIrank":68,"SEIadj":0,"audienceSEI":0,"audienceSEIadj":0,"audienceSEIrank":68,"audienceScore":0,"combinedScore":0,"combinedScoreRank":68,"engagementSEI":0,"engagementSEIadj":0,"engagementSEIrank":63,"engagementScore":0,"voiceSEI":0,"voiceSEIadj":0,"voiceSEIrank":62,"voiceScore":0},"scoped":{"SEI":0,"SEIrank":61,"SEIadj":0,"audienceSEI":0,"audienceSEIadj":0,"audienceSEIrank":61,"audienceScore":0,"combinedScore":0,"combinedScoreRank":61,"engagementSEI":0,"engagementSEIadj":0,"engagementSEIrank":56,"engagementScore":0,"voiceSEI":0,"voiceSEIadj":0,"voiceSEIrank":55,"voiceScore":0}}},"quarter":{"boundaryQuantum":4958502,"combined":{"entityString":"536575feb08f37d80186a097","type":"combined","profiles":2,"postsMade":520,"repliesMade":0,"repliesRcvd":707,"sharesMade":0,"sharesRcvd":2311,"mentionsRcvd":0,"likesRcvd":18066,"reachRcvd":0,"audience":38230,"voice":520,"conversation":1227,"engagement":21084,"group_scoped":{"audienceScore":1.6782486160923982,"voiceScore":2.5700588148074925,"engagementScore":1.0090713040681596,"combinedScore":1.120579545206338,"combinedScoreRank":32,"SEIrank":43,"engagementSEIrank":30,"voiceSEIrank":47,"audienceSEIrank":58,"engagementSEI":1.1259578572195292,"engagementSEIadj":1.1259578572195292,"voiceSEI":5.631362356508555,"voiceSEIadj":5.631362356508555,"audienceSEI":2.5998596361420616,"audienceSEIadj":2.5998596361420616,"SEI":2.62496938489849,"SEIadj":2.62496938489849},"non_scoped":{"SEI":1.7192694150007322,"SEIrank":41,"SEIadj":0,"audienceSEI":1.5206309405239593,"audienceSEIadj":0,"audienceSEIrank":42,"audienceScore":0.28155004679121687,"combinedScore":0.1013117731551034,"combinedScoreRank":41,"engagementSEI":0.18391938810776748,"engagementSEIadj":0,"engagementSEIrank":42,"engagementScore":0.07122968160156648,"voiceSEI":4.856182293612252,"voiceSEIadj":0,"voiceSEIrank":40,"voiceScore":0.4625511474826543},"scoped":{"SEI":10.628492995323253,"SEIrank":36,"SEIadj":0,"audienceSEI":19.962091346279365,"audienceSEIadj":0,"audienceSEIrank":33,"audienceScore":0.8135158973944296,"combinedScore":0.7156577594168873,"combinedScoreRank":34,"engagementSEI":4.266470246611045,"engagementSEIadj":0,"engagementSEIrank":33,"engagementScore":0.6959375913904955,"voiceSEI":20.24133904242896,"voiceSEIadj":0,"voiceSEIrank":30,"voiceScore":0.9727626459143969}},"facebook":{"entityString":"536575feb08f37d80186a097","type":"facebook","profiles":1,"postsMade":51,"repliesMade":0,"repliesRcvd":707,"sharesMade":0,"sharesRcvd":175,"mentionsRcvd":0,"likesRcvd":7599,"reachRcvd":0,"audience":10485,"voice":51,"conversation":758,"engagement":8481,"group_scoped":{"audienceScore":0.6814924587350955,"voiceScore":0.8291334742318323,"engagementScore":0.5396411300585391,"combinedScore":0.5612083137010315,"combinedScoreRank":47,"SEIrank":73,"engagementSEIrank":44,"voiceSEIrank":78,"audienceSEIrank":77,"engagementSEI":0.5951449477239442,"engagementSEIadj":0.5951449477239442,"voiceSEI":1.7423983600956612,"voiceSEIadj":1.7423983600956612,"audienceSEI":0.9593214756258234,"audienceSEIadj":0.9593214756258234,"SEI":0.9757386242256472,"SEIadj":0.9757386242256472},"non_scoped":{"SEI":0.4241612813070638,"SEIrank":88,"SEIadj":0,"audienceSEI":0.5698072274490027,"audienceSEIadj":0,"audienceSEIrank":82,"audienceScore":0.1093309280876733,"combinedScore":0.04043517735822053,"combinedScoreRank":69,"engagementSEI":0.07659073428216981,"engagementSEIadj":0,"engagementSEIrank":59,"engagementScore":0.03187400548762061,"voiceSEI":1.0707537266428722,"voiceSEIadj":0,"voiceSEIrank":87,"voiceScore":0.12564052029956643},"scoped":{"SEI":6.92926907436631,"SEIrank":62,"SEIadj":0,"audienceSEI":7.36301009122127,"audienceSEIadj":0,"audienceSEIrank":71,"audienceScore":0.4507085602816789,"combinedScore":0.4233713727966138,"combinedScoreRank":51,"engagementSEI":7.211857344512662,"engagementSEIadj":0,"engagementSEIrank":50,"engagementScore":0.42603575264306937,"voiceSEI":6.219512195121951,"voiceSEIadj":0,"voiceSEIrank":78,"voiceScore":0.34807534807534807}},"twitter":{"entityString":"536575feb08f37d80186a097","type":"twitter","profiles":1,"postsMade":469,"repliesMade":0,"repliesRcvd":0,"sharesMade":0,"sharesRcvd":2136,"mentionsRcvd":0,"likesRcvd":10467,"reachRcvd":0,"audience":27745,"voice":469,"conversation":469,"engagement":12603,"group_scoped":{"audienceScore":4.4130816177534875,"voiceScore":3.4037303142463173,"engagementScore":7.097003074635942,"combinedScore":6.7781433637723385,"combinedScoreRank":24,"SEIrank":36,"engagementSEIrank":32,"voiceSEIrank":50,"audienceSEIrank":45,"engagementSEI":11.751706389168625,"engagementSEIadj":11.751706389168625,"voiceSEI":7.811459027315124,"voiceSEIadj":7.811459027315124,"audienceSEI":10.400422839321058,"audienceSEIadj":10.400422839321058,"SEI":10.434503825627818,"SEIadj":10.434503825627818},"non_scoped":{"SEI":6.428591534426168,"SEIrank":18,"SEIadj":0,"audienceSEI":5.007471953103567,"audienceSEIadj":0,"audienceSEIrank":21,"audienceScore":0.8103962047345015,"combinedScore":1.4389586914463428,"combinedScoreRank":10,"engagementSEI":5.97661140407451,"engagementSEIadj":0,"engagementSEIrank":10,"engagementScore":1.5163875252671095,"voiceSEI":7.806258322237017,"voiceSEIadj":0,"voiceSEIrank":32,"voiceScore":0.6738021693843833},"scoped":{"SEI":34.043507688032925,"SEIrank":8,"SEIadj":0,"audienceSEI":23.802578862932492,"audienceSEIadj":0,"audienceSEIrank":15,"audienceScore":1.2865349017513013,"combinedScore":2.955206569668887,"combinedScoreRank":5,"engagementSEI":39.64953124016863,"engagementSEIadj":0,"engagementSEIrank":5,"engagementScore":3.1438178815711355,"voiceSEI":26.245103525461666,"voiceSEIadj":0,"voiceSEIrank":22,"voiceScore":1.2288746233459977}},"instagram":{"entityString":"536575feb08f37d80186a097","type":"instagram","profiles":0,"postsMade":0,"repliesMade":0,"repliesRcvd":0,"sharesMade":0,"sharesRcvd":0,"mentionsRcvd":0,"likesRcvd":0,"reachRcvd":0,"audience":0,"voice":0,"conversation":0,"engagement":0,"group_scoped":{"audienceScore":0,"voiceScore":0,"engagementScore":0,"combinedScore":0,"combinedScoreRank":86,"SEIrank":68,"engagementSEIrank":63,"voiceSEIrank":63,"audienceSEIrank":68,"engagementSEI":0,"engagementSEIadj":0,"voiceSEI":0,"voiceSEIadj":0,"audienceSEI":0,"audienceSEIadj":0,"SEI":0,"SEIadj":0},"non_scoped":{"SEI":0,"SEIrank":68,"SEIadj":0,"audienceSEI":0,"audienceSEIadj":0,"audienceSEIrank":68,"audienceScore":0,"combinedScore":0,"combinedScoreRank":68,"engagementSEI":0,"engagementSEIadj":0,"engagementSEIrank":63,"engagementScore":0,"voiceSEI":0,"voiceSEIadj":0,"voiceSEIrank":63,"voiceScore":0},"scoped":{"SEI":0,"SEIrank":61,"SEIadj":0,"audienceSEI":0,"audienceSEIadj":0,"audienceSEIrank":61,"audienceScore":0,"combinedScore":0,"combinedScoreRank":61,"engagementSEI":0,"engagementSEIadj":0,"engagementSEIrank":56,"engagementScore":0,"voiceSEI":0,"voiceSEIadj":0,"voiceSEIrank":56,"voiceScore":0}}},"blended":{"combined":{"non_scoped":{"SEI":1.6373143314029914,"SEIadj":60.654925732561196,"SEIrank":45,"audienceSEI":1.5206309405239593,"audienceSEIadj":60.608252376209585,"audienceSEIrank":42,"engagementSEI":0.155020947603754,"engagementSEIadj":60.0620083790415,"engagementSEIrank":47,"voiceSEI":4.640795562627811,"voiceSEIadj":61.856318225051126,"voiceSEIrank":42},"scoped":{"SEI":13.626990856264765,"SEIadj":65.45079634250591,"SEIrank":57,"compCharisma":3,"compInfluence":3,"compEva":7.626990856264764,"audienceSEI":19.96209134627937,"audienceSEIadj":67.98483653851174,"audienceSEIrank":33,"engagementSEI":4.176818334636666,"engagementSEIadj":61.670727333854664,"engagementSEIrank":38,"voiceSEI":18.444047163829875,"voiceSEIadj":67.37761886553196,"voiceSEIrank":32}},"facebook":{"non_scoped":{"SEI":0.46254471881954534,"SEIadj":50.23127235940977,"SEIrank":81,"audienceSEI":0.5698072274490026,"audienceSEIadj":50.2849036137245,"audienceSEIrank":82,"engagementSEI":0.05770700858290413,"engagementSEIadj":60.02308280343316,"engagementSEIrank":61,"voiceSEI":1.2364659697496752,"voiceSEIadj":50.61823298487484,"voiceSEIrank":75},"scoped":{"SEI":5.409709596141696,"SEIadj":52.70485479807085,"SEIrank":66,"audienceSEI":7.36301009122127,"audienceSEIadj":53.681505045610635,"audienceSEIrank":71,"engagementSEI":4.68333412388136,"engagementSEIadj":61.87333364955254,"engagementSEIrank":52,"voiceSEI":6.2113603756358415,"voiceSEIadj":53.105680187817924,"voiceSEIrank":69}},"twitter":{"non_scoped":{"SEI":6.224412420056238,"SEIadj":71.86732372601688,"SEIrank":21,"audienceSEI":5.007471953103567,"audienceSEIadj":71.50224158593107,"audienceSEIrank":21,"engagementSEI":5.871812891849538,"engagementSEIadj":71.76154386755486,"engagementSEIrank":11,"voiceSEI":7.335258298787196,"voiceSEIadj":62.934103319514875,"voiceSEIrank":34},"scoped":{"SEI":30.97415627370433,"SEIadj":79.2922468821113,"SEIrank":8,"audienceSEI":23.802578862932492,"audienceSEIadj":77.14077365887975,"audienceSEIrank":15,"engagementSEI":36.15099597045657,"engagementSEIadj":80.84529879113697,"engagementSEIrank":4,"voiceSEI":23.011002683790448,"voiceSEIadj":69.20440107351618,"voiceSEIrank":24}},"instagram":{"non_scoped":{"SEI":0,"SEIadj":0,"SEIrank":68,"audienceSEI":0,"audienceSEIadj":0,"audienceSEIrank":68,"engagementSEI":0,"engagementSEIadj":0,"engagementSEIrank":63,"voiceSEI":0,"voiceSEIadj":0,"voiceSEIrank":63},"scoped":{"SEI":0,"SEIadj":0,"SEIrank":61,"audienceSEI":0,"audienceSEIadj":0,"audienceSEIrank":61,"engagementSEI":0,"engagementSEIadj":0,"engagementSEIrank":56,"voiceSEI":0,"voiceSEIadj":0,"voiceSEIrank":56}},"influence":{"instagram":{"scope":"individual","ratio":0,"calculated":false},"combined":{"ratio":0.55,"bottom":false,"scope":"individual","calculated":true},"facebook":{"ratio":0.75,"bottom":false,"scope":"individual","calculated":true},"twitter":{"ratio":2,"bottom":false,"scope":"individual","calculated":true}},"charisma":{"instagram":{"scope":"individual","ratio":0,"calculated":false},"combined":{"ratio":0.63,"bottom":false,"scope":"individual","calculated":true},"facebook":{"ratio":1.08,"bottom":false,"scope":"individual","calculated":true},"twitter":{"ratio":2,"bottom":false,"scope":"individual","calculated":true}}},"scope":"individual"}}