{"scoreEntityString":"591d1494ab33fb0001804f89.asset.536575feb08f37d80186a0c5","timeQuantum":4984422,"scoreEntityType":"asset","scoreProfileID":"591d1494ab33fb0001804f89","data":{"scoreEntityString":"591d1494ab33fb0001804f89.asset.536575feb08f37d80186a0c5","scoreProfileID":"591d1494ab33fb0001804f89","scoreEntityType":"asset","entityID":"asset.536575feb08f37d80186a0c5","object_version":"1.2","score_engine_version":"3.0.19","timestamp":4984422,"start_quantum":4958502,"end_quantum":4984421,"schedule_options":{"interval":15,"offset":"1"},"_15min":{"boundaryQuantum":4984419,"combined":{"entityString":"536575feb08f37d80186a0c5","type":"combined","profiles":2,"postsMade":0,"repliesMade":0,"repliesRcvd":0,"sharesMade":0,"sharesRcvd":0,"mentionsRcvd":0,"likesRcvd":0,"reachRcvd":0,"audience":59602,"voice":0,"conversation":0,"engagement":0,"group_scoped":{"audienceScore":1.5134386813820786,"voiceScore":0,"engagementScore":0,"combinedScore":1.5134386813820786,"engagementSEI":0,"engagementSEIadj":0,"voiceSEI":0,"voiceSEIadj":0,"audienceSEI":2.370720515749648,"audienceSEIadj":2.370720515749648,"SEI":0.2370720515749648,"SEIadj":0.2370720515749648,"combinedScoreRank":52,"SEIrank":61,"engagementSEIrank":145,"voiceSEIrank":142,"audienceSEIrank":61},"non_scoped":{"SEI":0.2370720515749648,"SEIrank":26,"SEIadj":0,"audienceSEI":2.370720515749648,"audienceSEIadj":0,"audienceSEIrank":26,"audienceScore":0.4389470543774552,"combinedScore":0.02194735271887276,"combinedScoreRank":26,"engagementSEI":0,"engagementSEIadj":0,"engagementSEIrank":145,"engagementScore":0,"voiceSEI":0,"voiceSEIadj":0,"voiceSEIrank":142,"voiceScore":0},"scoped":{"SEI":3.112164709445312,"SEIrank":18,"SEIadj":0,"audienceSEI":31.12164709445312,"audienceSEIadj":0,"audienceSEIrank":18,"audienceScore":1.2683017137458226,"combinedScore":0.18118595910654606,"combinedScoreRank":18,"engagementSEI":0,"engagementSEIadj":0,"engagementSEIrank":127,"engagementScore":0,"voiceSEI":0,"voiceSEIadj":0,"voiceSEIrank":125,"voiceScore":0}},"facebook":{"entityString":"536575feb08f37d80186a0c5","type":"facebook","profiles":1,"postsMade":0,"repliesMade":0,"repliesRcvd":0,"sharesMade":0,"sharesRcvd":0,"mentionsRcvd":0,"likesRcvd":0,"reachRcvd":0,"audience":24544,"voice":0,"conversation":0,"engagement":0,"group_scoped":{"audienceScore":0.949689737322412,"voiceScore":0,"engagementScore":0,"combinedScore":0.949689737322412,"engagementSEI":0,"engagementSEIadj":0,"voiceSEI":0,"voiceSEIadj":0,"audienceSEI":1.3338434516460012,"audienceSEIadj":1.3338434516460012,"SEI":0.13338434516460013,"SEIadj":0.13338434516460013,"combinedScoreRank":60,"SEIrank":61,"engagementSEIrank":144,"voiceSEIrank":142,"audienceSEIrank":61},"non_scoped":{"SEI":0.13338434516460013,"SEIrank":34,"SEIadj":0,"audienceSEI":1.3338434516460012,"audienceSEIadj":0,"audienceSEIrank":34,"audienceScore":0.25592926075191735,"combinedScore":0.012796463037595868,"combinedScoreRank":34,"engagementSEI":0,"engagementSEIadj":0,"engagementSEIrank":144,"engagementScore":0,"voiceSEI":0,"voiceSEIadj":0,"voiceSEIrank":142,"voiceScore":0},"scoped":{"SEI":1.7235834018019536,"SEIrank":25,"SEIadj":0,"audienceSEI":17.235834018019535,"audienceSEIadj":0,"audienceSEIrank":25,"audienceScore":1.0550492039631405,"combinedScore":0.1507213148518772,"combinedScoreRank":25,"engagementSEI":0,"engagementSEIadj":0,"engagementSEIrank":126,"engagementScore":0,"voiceSEI":0,"voiceSEIadj":0,"voiceSEIrank":125,"voiceScore":0}},"twitter":{"entityString":"536575feb08f37d80186a0c5","type":"twitter","profiles":1,"postsMade":0,"repliesMade":0,"repliesRcvd":0,"sharesMade":0,"sharesRcvd":0,"mentionsRcvd":0,"likesRcvd":0,"reachRcvd":0,"audience":35058,"voice":0,"conversation":0,"engagement":0,"group_scoped":{"audienceScore":2.8413709708139057,"voiceScore":0,"engagementScore":0,"combinedScore":2.8413709708139057,"engagementSEI":0,"engagementSEIadj":0,"voiceSEI":0,"voiceSEIadj":0,"audienceSEI":6.327336519441516,"audienceSEIadj":6.327336519441516,"SEI":0.6327336519441517,"SEIadj":0.6327336519441517,"combinedScoreRank":50,"SEIrank":77,"engagementSEIrank":143,"voiceSEIrank":141,"audienceSEIrank":76},"non_scoped":{"SEI":0.6327336519441517,"SEIrank":18,"SEIadj":0,"audienceSEI":6.327336519441516,"audienceSEIadj":0,"audienceSEIrank":17,"audienceScore":1.0239996448218471,"combinedScore":0.05119998224109236,"combinedScoreRank":18,"engagementSEI":0,"engagementSEIadj":0,"engagementSEIrank":143,"engagementScore":0,"voiceSEI":0,"voiceSEIadj":0,"voiceSEIrank":141,"voiceScore":0},"scoped":{"SEI":3.007643935039421,"SEIrank":13,"SEIadj":0,"audienceSEI":30.076439350394207,"audienceSEIadj":0,"audienceSEIrank":12,"audienceScore":1.6256385145286398,"combinedScore":0.2322340735040914,"combinedScoreRank":13,"engagementSEI":0,"engagementSEIadj":0,"engagementSEIrank":126,"engagementScore":0,"voiceSEI":0,"voiceSEIadj":0,"voiceSEIrank":125,"voiceScore":0}},"instagram":{"entityString":"536575feb08f37d80186a0c5","type":"instagram","profiles":0,"postsMade":0,"repliesMade":0,"repliesRcvd":0,"sharesMade":0,"sharesRcvd":0,"mentionsRcvd":0,"likesRcvd":0,"reachRcvd":0,"audience":0,"voice":0,"conversation":0,"engagement":0,"group_scoped":{"audienceScore":0,"voiceScore":0,"engagementScore":0,"combinedScore":0,"engagementSEI":0,"engagementSEIadj":0,"voiceSEI":0,"voiceSEIadj":0,"audienceSEI":0,"audienceSEIadj":0,"SEI":0,"SEIadj":0,"combinedScoreRank":161,"SEIrank":143,"engagementSEIrank":142,"voiceSEIrank":141,"audienceSEIrank":143},"non_scoped":{"SEI":0,"SEIrank":143,"SEIadj":0,"audienceSEI":0,"audienceSEIadj":0,"audienceSEIrank":143,"audienceScore":0,"combinedScore":0,"combinedScoreRank":143,"engagementSEI":0,"engagementSEIadj":0,"engagementSEIrank":142,"engagementScore":0,"voiceSEI":0,"voiceSEIadj":0,"voiceSEIrank":141,"voiceScore":0},"scoped":{"SEI":0,"SEIrank":125,"SEIadj":0,"audienceSEI":0,"audienceSEIadj":0,"audienceSEIrank":125,"audienceScore":0,"combinedScore":0,"combinedScoreRank":125,"engagementSEI":0,"engagementSEIadj":0,"engagementSEIrank":125,"engagementScore":0,"voiceSEI":0,"voiceSEIadj":0,"voiceSEIrank":125,"voiceScore":0}}},"hour":{"boundaryQuantum":4984410,"combined":{"entityString":"536575feb08f37d80186a0c5","type":"combined","profiles":2,"postsMade":0,"repliesMade":0,"repliesRcvd":0,"sharesMade":0,"sharesRcvd":0,"mentionsRcvd":0,"likesRcvd":4,"reachRcvd":0,"audience":59602,"voice":0,"conversation":0,"engagement":4,"group_scoped":{"audienceScore":1.5134386813820786,"voiceScore":0,"engagementScore":0.10317255610007739,"combinedScore":0.30463914542607756,"combinedScoreRank":155,"SEIrank":64,"engagementSEIrank":41,"voiceSEIrank":144,"audienceSEIrank":61,"engagementSEI":0.10931948619841486,"engagementSEIadj":0.10931948619841486,"voiceSEI":0,"voiceSEIadj":0,"audienceSEI":2.370720515749648,"audienceSEIadj":2.370720515749648,"SEI":0.3026637432940137,"SEIadj":0.3026637432940137},"non_scoped":{"SEI":0.273010955438397,"SEIrank":33,"SEIadj":0,"audienceSEI":2.370720515749648,"audienceSEIadj":0,"audienceSEIrank":26,"audienceScore":0.4389470543774552,"combinedScore":0.04731018208339298,"combinedScoreRank":33,"engagementSEI":0.05989817310572028,"engagementSEIadj":0,"engagementSEIrank":27,"engagementScore":0.028180921516133578,"voiceSEI":0,"voiceSEIadj":0,"voiceSEIrank":144,"voiceScore":0},"scoped":{"SEI":3.3111696845696903,"SEIrank":24,"SEIadj":0,"audienceSEI":31.12164709445312,"audienceSEIadj":0,"audienceSEIrank":18,"audienceScore":1.2683017137458226,"combinedScore":0.28028255556680925,"combinedScoreRank":24,"engagementSEI":0.33167495854063017,"engagementSEIadj":0,"engagementSEIrank":20,"engagementScore":0.24096385542168677,"voiceSEI":0,"voiceSEIadj":0,"voiceSEIrank":126,"voiceScore":0}},"facebook":{"entityString":"536575feb08f37d80186a0c5","type":"facebook","profiles":1,"postsMade":0,"repliesMade":0,"repliesRcvd":0,"sharesMade":0,"sharesRcvd":0,"mentionsRcvd":0,"likesRcvd":3,"reachRcvd":0,"audience":24544,"voice":0,"conversation":0,"engagement":3,"group_scoped":{"audienceScore":0.949689737322412,"voiceScore":0,"engagementScore":0.08683068017366136,"combinedScore":0.21009625976634,"combinedScoreRank":123,"SEIrank":61,"engagementSEIrank":34,"voiceSEIrank":143,"audienceSEIrank":61,"engagementSEI":0.09151921903599756,"engagementSEIadj":0.09151921903599756,"voiceSEI":0,"voiceSEIadj":0,"audienceSEI":1.3338434516460012,"audienceSEIadj":1.3338434516460012,"SEI":0.18829587658619867,"SEIadj":0.18829587658619867},"non_scoped":{"SEI":0.16146108826240077,"SEIrank":37,"SEIadj":0,"audienceSEI":1.3338434516460012,"audienceSEIadj":0,"audienceSEIrank":34,"audienceScore":0.25592926075191735,"combinedScore":0.035044320651307144,"combinedScoreRank":32,"engagementSEI":0.04679457182966776,"engagementSEIadj":0,"engagementSEIrank":27,"engagementScore":0.024719841793012527,"voiceSEI":0,"voiceSEIadj":0,"voiceSEIrank":143,"voiceScore":0},"scoped":{"SEI":4.1560158342343865,"SEIrank":25,"SEIadj":0,"audienceSEI":17.235834018019535,"audienceSEIadj":0,"audienceSEIrank":25,"audienceScore":1.0550492039631405,"combinedScore":0.8006748978712873,"combinedScoreRank":19,"engagementSEI":4.054054054054054,"engagementSEIadj":0,"engagementSEIrank":20,"engagementScore":0.8310249307479225,"voiceSEI":0,"voiceSEIadj":0,"voiceSEIrank":125,"voiceScore":0}},"twitter":{"entityString":"536575feb08f37d80186a0c5","type":"twitter","profiles":1,"postsMade":0,"repliesMade":0,"repliesRcvd":0,"sharesMade":0,"sharesRcvd":0,"mentionsRcvd":0,"likesRcvd":1,"reachRcvd":0,"audience":35058,"voice":0,"conversation":0,"engagement":1,"group_scoped":{"audienceScore":2.8413709708139057,"voiceScore":0,"engagementScore":1.0309278350515463,"combinedScore":1.2895625687318832,"combinedScoreRank":116,"SEIrank":44,"engagementSEIrank":29,"voiceSEIrank":144,"audienceSEIrank":76,"engagementSEI":1.7857142857142856,"engagementSEIadj":1.7857142857142856,"voiceSEI":0,"voiceSEIadj":0,"audienceSEI":6.327336519441516,"audienceSEIadj":6.327336519441516,"SEI":1.7041622233727232,"SEIadj":1.7041622233727232},"non_scoped":{"SEI":1.7041622233727232,"SEIrank":27,"SEIadj":0,"audienceSEI":6.327336519441516,"audienceSEIadj":0,"audienceSEIrank":17,"audienceScore":1.0239996448218471,"combinedScore":0.4989611762709431,"combinedScoreRank":24,"engagementSEI":1.7857142857142856,"engagementSEIadj":0,"engagementSEIrank":28,"engagementScore":0.4975124378109453,"voiceSEI":0,"voiceSEIadj":0,"voiceSEIrank":144,"voiceScore":0},"scoped":{"SEI":6.340977268372754,"SEIrank":22,"SEIadj":0,"audienceSEI":30.076439350394207,"audienceSEIadj":0,"audienceSEIrank":12,"audienceScore":1.6256385145286398,"combinedScore":0.9996492726652075,"combinedScoreRank":18,"engagementSEI":5.555555555555555,"engagementSEIadj":0,"engagementSEIrank":22,"engagementScore":1.0204081632653061,"voiceSEI":0,"voiceSEIadj":0,"voiceSEIrank":126,"voiceScore":0}},"instagram":{"entityString":"536575feb08f37d80186a0c5","type":"instagram","profiles":0,"postsMade":0,"repliesMade":0,"repliesRcvd":0,"sharesMade":0,"sharesRcvd":0,"mentionsRcvd":0,"likesRcvd":0,"reachRcvd":0,"audience":0,"voice":0,"conversation":0,"engagement":0,"group_scoped":{"audienceScore":0,"voiceScore":0,"engagementScore":0,"combinedScore":0,"combinedScoreRank":161,"SEIrank":143,"engagementSEIrank":142,"voiceSEIrank":141,"audienceSEIrank":143,"engagementSEI":0,"engagementSEIadj":0,"voiceSEI":0,"voiceSEIadj":0,"audienceSEI":0,"audienceSEIadj":0,"SEI":0,"SEIadj":0},"non_scoped":{"SEI":0,"SEIrank":143,"SEIadj":0,"audienceSEI":0,"audienceSEIadj":0,"audienceSEIrank":143,"audienceScore":0,"combinedScore":0,"combinedScoreRank":143,"engagementSEI":0,"engagementSEIadj":0,"engagementSEIrank":142,"engagementScore":0,"voiceSEI":0,"voiceSEIadj":0,"voiceSEIrank":141,"voiceScore":0},"scoped":{"SEI":0,"SEIrank":125,"SEIadj":0,"audienceSEI":0,"audienceSEIadj":0,"audienceSEIrank":125,"audienceScore":0,"combinedScore":0,"combinedScoreRank":125,"engagementSEI":0,"engagementSEIadj":0,"engagementSEIrank":125,"engagementScore":0,"voiceSEI":0,"voiceSEIadj":0,"voiceSEIrank":125,"voiceScore":0}}},"today":{"boundaryQuantum":4984134,"combined":{"entityString":"536575feb08f37d80186a0c5","type":"combined","profiles":2,"postsMade":1,"repliesMade":0,"repliesRcvd":7,"sharesMade":0,"sharesRcvd":6,"mentionsRcvd":0,"likesRcvd":141,"reachRcvd":0,"audience":59602,"voice":1,"conversation":8,"engagement":154,"group_scoped":{"audienceScore":1.5134386813820786,"voiceScore":0.45454545454545453,"engagementScore":0.14427445873656794,"combinedScore":0.22824621965928782,"combinedScoreRank":125,"SEIrank":90,"engagementSEIrank":66,"voiceSEIrank":98,"audienceSEIrank":61,"engagementSEI":0.15960368539419,"engagementSEIadj":0.15960368539419,"voiceSEI":1.098901098901099,"voiceSEIadj":1.098901098901099,"audienceSEI":2.370720515749648,"audienceSEIadj":2.370720515749648,"SEI":0.6625045924818085,"SEIadj":0.6625045924818085},"non_scoped":{"SEI":0.614055905027509,"SEIrank":72,"SEIadj":0,"audienceSEI":2.370720515749648,"audienceSEIadj":0,"audienceSEIrank":26,"audienceScore":0.4389470543774552,"combinedScore":0.06507792607673125,"combinedScoreRank":42,"engagementSEI":0.07885587297035736,"engagementSEIadj":0,"engagementSEIrank":36,"engagementScore":0.04108945761915943,"voiceSEI":1.098901098901099,"voiceSEIadj":0,"voiceSEIrank":91,"voiceScore":0.12300123001230012},"scoped":{"SEI":4.666303280450007,"SEIrank":43,"SEIadj":0,"audienceSEI":31.12164709445312,"audienceSEIadj":0,"audienceSEIrank":18,"audienceScore":1.2683017137458226,"combinedScore":0.44697889801042556,"combinedScoreRank":30,"engagementSEI":0.866093020640009,"engagementSEIadj":0,"engagementSEIrank":28,"engagementScore":0.4116766467065869,"voiceSEI":3.4482758620689653,"voiceSEIadj":0,"voiceSEIrank":81,"voiceScore":0.26109660574412535}},"facebook":{"entityString":"536575feb08f37d80186a0c5","type":"facebook","profiles":1,"postsMade":0,"repliesMade":0,"repliesRcvd":7,"sharesMade":0,"sharesRcvd":1,"mentionsRcvd":0,"likesRcvd":84,"reachRcvd":0,"audience":24544,"voice":0,"conversation":7,"engagement":92,"group_scoped":{"audienceScore":0.949689737322412,"voiceScore":0,"engagementScore":0.09386222657525302,"combinedScore":0.21612329953913287,"combinedScoreRank":94,"SEIrank":83,"engagementSEIrank":57,"voiceSEIrank":161,"audienceSEIrank":61,"engagementSEI":0.10273016581988721,"engagementSEIadj":0.10273016581988721,"voiceSEI":0,"voiceSEIadj":0,"audienceSEI":1.3338434516460012,"audienceSEIadj":1.3338434516460012,"SEI":0.19502244465653246,"SEIadj":0.19502244465653246},"non_scoped":{"SEI":0.1627754383854806,"SEIrank":68,"SEIadj":0,"audienceSEI":1.3338434516460012,"audienceSEIadj":0,"audienceSEIrank":34,"audienceScore":0.25592926075191735,"combinedScore":0.03756752517167672,"combinedScoreRank":49,"engagementSEI":0.048985155368134095,"engagementSEIadj":0,"engagementSEIrank":38,"engagementScore":0.027523402371200947,"voiceSEI":0,"voiceSEIadj":0,"voiceSEIrank":161,"voiceScore":0},"scoped":{"SEI":3.297129581961589,"SEIrank":50,"SEIadj":0,"audienceSEI":17.235834018019535,"audienceSEIadj":0,"audienceSEIrank":25,"audienceScore":1.0550492039631405,"combinedScore":0.6038706710607769,"combinedScoreRank":33,"engagementSEI":2.6225769669327255,"engagementSEIadj":0,"engagementSEIrank":30,"engagementScore":0.6123535676251332,"voiceSEI":0,"voiceSEIadj":0,"voiceSEIrank":142,"voiceScore":0}},"twitter":{"entityString":"536575feb08f37d80186a0c5","type":"twitter","profiles":1,"postsMade":1,"repliesMade":0,"repliesRcvd":0,"sharesMade":0,"sharesRcvd":5,"mentionsRcvd":0,"likesRcvd":57,"reachRcvd":0,"audience":35058,"voice":1,"conversation":1,"engagement":62,"group_scoped":{"audienceScore":2.8413709708139057,"voiceScore":0.6944444444444444,"engagementScore":1.8359490672194254,"combinedScore":1.8291449312604005,"combinedScoreRank":82,"SEIrank":81,"engagementSEIrank":69,"voiceSEIrank":86,"audienceSEIrank":76,"engagementSEI":3.909205548549811,"engagementSEIadj":3.909205548549811,"voiceSEI":2.083333333333333,"voiceSEIadj":2.083333333333333,"audienceSEI":6.327336519441516,"audienceSEIadj":6.327336519441516,"SEI":3.603256981074038,"SEIadj":3.603256981074038},"non_scoped":{"SEI":3.603256981074038,"SEIrank":37,"SEIadj":0,"audienceSEI":6.327336519441516,"audienceSEIadj":0,"audienceSEIrank":17,"audienceScore":1.0239996448218471,"combinedScore":0.9443908654319756,"combinedScoreRank":21,"engagementSEI":3.909205548549811,"engagementSEIadj":0,"engagementSEIrank":20,"engagementScore":0.9813232035454258,"voiceSEI":2.083333333333333,"voiceSEIadj":0,"voiceSEIrank":79,"voiceScore":0.2},"scoped":{"SEI":11.075988230149516,"SEIrank":22,"SEIadj":0,"audienceSEI":30.076439350394207,"audienceSEIadj":0,"audienceSEIrank":12,"audienceScore":1.6256385145286398,"combinedScore":1.6505609853030891,"combinedScoreRank":16,"engagementSEI":11.524163568773234,"engagementSEIadj":0,"engagementSEIrank":15,"engagementScore":1.7246175243393602,"voiceSEI":3.8461538461538463,"voiceSEIadj":0,"voiceSEIrank":69,"voiceScore":0.3424657534246575}},"instagram":{"entityString":"536575feb08f37d80186a0c5","type":"instagram","profiles":0,"postsMade":0,"repliesMade":0,"repliesRcvd":0,"sharesMade":0,"sharesRcvd":0,"mentionsRcvd":0,"likesRcvd":0,"reachRcvd":0,"audience":0,"voice":0,"conversation":0,"engagement":0,"group_scoped":{"audienceScore":0,"voiceScore":0,"engagementScore":0,"combinedScore":0,"combinedScoreRank":161,"SEIrank":143,"engagementSEIrank":143,"voiceSEIrank":143,"audienceSEIrank":143,"engagementSEI":0,"engagementSEIadj":0,"voiceSEI":0,"voiceSEIadj":0,"audienceSEI":0,"audienceSEIadj":0,"SEI":0,"SEIadj":0},"non_scoped":{"SEI":0,"SEIrank":143,"SEIadj":0,"audienceSEI":0,"audienceSEIadj":0,"audienceSEIrank":143,"audienceScore":0,"combinedScore":0,"combinedScoreRank":143,"engagementSEI":0,"engagementSEIadj":0,"engagementSEIrank":143,"engagementScore":0,"voiceSEI":0,"voiceSEIadj":0,"voiceSEIrank":143,"voiceScore":0},"scoped":{"SEI":0,"SEIrank":125,"SEIadj":0,"audienceSEI":0,"audienceSEIadj":0,"audienceSEIrank":125,"audienceScore":0,"combinedScore":0,"combinedScoreRank":125,"engagementSEI":0,"engagementSEIadj":0,"engagementSEIrank":125,"engagementScore":0,"voiceSEI":0,"voiceSEIadj":0,"voiceSEIrank":125,"voiceScore":0}}},"week":{"boundaryQuantum":4982406,"combined":{"entityString":"536575feb08f37d80186a0c5","type":"combined","profiles":2,"postsMade":64,"repliesMade":0,"repliesRcvd":230,"sharesMade":0,"sharesRcvd":402,"mentionsRcvd":0,"likesRcvd":3839,"reachRcvd":0,"audience":59602,"voice":64,"conversation":294,"engagement":4471,"group_scoped":{"audienceScore":1.5134386813820786,"voiceScore":2.9064486830154403,"engagementScore":0.550397502468233,"combinedScore":0.7163521204412857,"combinedScoreRank":43,"SEIrank":39,"engagementSEIrank":40,"voiceSEIrank":29,"audienceSEIrank":61,"engagementSEI":0.608459920033315,"engagementSEIadj":0.608459920033315,"voiceSEI":7.441860465116279,"voiceSEIadj":7.441860465116279,"audienceSEI":2.370720515749648,"audienceSEIadj":2.370720515749648,"SEI":2.8347061431298375,"SEIadj":2.8347061431298375},"non_scoped":{"SEI":2.7441261912408237,"SEIrank":23,"SEIadj":0,"audienceSEI":2.370720515749648,"audienceSEIadj":0,"audienceSEIrank":26,"audienceScore":0.4389470543774552,"combinedScore":0.224623104644587,"combinedScoreRank":21,"engagementSEI":0.45749333355162586,"engagementSEIadj":0,"engagementSEIrank":21,"engagementScore":0.18646795658061727,"voiceSEI":7.441860465116279,"voiceSEIadj":0,"voiceSEIrank":24,"voiceScore":0.6970918200631739},"scoped":{"SEI":20.682293952726308,"SEIrank":13,"SEIadj":0,"audienceSEI":31.12164709445312,"audienceSEIadj":0,"audienceSEIrank":18,"audienceScore":1.2683017137458226,"combinedScore":2.090888862940865,"combinedScoreRank":13,"engagementSEI":14.869134324387243,"engagementSEIadj":0,"engagementSEIrank":13,"engagementScore":2.171590103261028,"voiceSEI":28.82882882882883,"voiceSEIadj":0,"voiceSEIrank":15,"voiceScore":1.4608536863729742}},"facebook":{"entityString":"536575feb08f37d80186a0c5","type":"facebook","profiles":1,"postsMade":22,"repliesMade":0,"repliesRcvd":230,"sharesMade":0,"sharesRcvd":117,"mentionsRcvd":0,"likesRcvd":2902,"reachRcvd":0,"audience":24544,"voice":22,"conversation":252,"engagement":3249,"group_scoped":{"audienceScore":0.949689737322412,"voiceScore":2.4581005586592175,"engagementScore":0.445934093987919,"combinedScore":0.5717301993882086,"combinedScoreRank":43,"SEIrank":31,"engagementSEIrank":38,"voiceSEIrank":23,"audienceSEIrank":61,"engagementSEI":0.488777964824234,"engagementSEIadj":0.488777964824234,"voiceSEI":6.58682634730539,"voiceSEIadj":6.58682634730539,"audienceSEI":1.3338434516460012,"audienceSEIadj":1.3338434516460012,"SEI":2.4026990282507574,"SEIadj":2.4026990282507574},"non_scoped":{"SEI":2.022581931221793,"SEIrank":19,"SEIadj":0,"audienceSEI":1.3338434516460012,"audienceSEIadj":0,"audienceSEIrank":34,"audienceScore":0.25592926075191735,"combinedScore":0.18115721447713712,"combinedScoreRank":19,"engagementSEI":0.3496804551334899,"engagementSEIadj":0,"engagementSEIrank":20,"engagementScore":0.14930963251631998,"voiceSEI":5.597964376590331,"voiceSEIadj":0,"voiceSEIrank":20,"voiceScore":0.6796416434970652},"scoped":{"SEI":24.047918002562408,"SEIrank":12,"SEIadj":0,"audienceSEI":17.235834018019535,"audienceSEIadj":0,"audienceSEIrank":25,"audienceScore":1.0550492039631405,"combinedScore":2.311860493893334,"combinedScoreRank":12,"engagementSEI":24.70722433460076,"engagementSEIadj":0,"engagementSEIrank":12,"engagementScore":2.4065418830134733,"voiceSEI":25,"voiceSEIadj":0,"voiceSEIrank":12,"voiceScore":1.864406779661017}},"twitter":{"entityString":"536575feb08f37d80186a0c5","type":"twitter","profiles":1,"postsMade":42,"repliesMade":0,"repliesRcvd":0,"sharesMade":0,"sharesRcvd":285,"mentionsRcvd":0,"likesRcvd":937,"reachRcvd":0,"audience":35058,"voice":42,"conversation":42,"engagement":1222,"group_scoped":{"audienceScore":2.8413709708139057,"voiceScore":3.322784810126582,"engagementScore":4.177063749786361,"combinedScore":4.067565163854749,"combinedScoreRank":36,"SEIrank":42,"engagementSEIrank":39,"voiceSEIrank":39,"audienceSEIrank":76,"engagementSEI":7.831827212715503,"engagementSEIadj":7.831827212715503,"voiceSEI":8.695652173913043,"voiceSEIadj":8.695652173913043,"audienceSEI":6.327336519441516,"audienceSEIadj":6.327336519441516,"SEI":7.940525631747366,"SEIadj":7.940525631747366},"non_scoped":{"SEI":7.940525631747366,"SEIrank":16,"SEIadj":0,"audienceSEI":6.327336519441516,"audienceSEIadj":0,"audienceSEIrank":17,"audienceScore":1.0239996448218471,"combinedScore":1.881066877797042,"combinedScoreRank":9,"engagementSEI":7.831827212715503,"engagementSEIadj":0,"engagementSEIrank":9,"engagementScore":1.9924995923691506,"voiceSEI":8.695652173913043,"voiceSEIadj":0,"voiceSEIrank":30,"voiceScore":0.7323452484742807},"scoped":{"SEI":38.7274948835489,"SEIrank":6,"SEIadj":0,"audienceSEI":30.076439350394207,"audienceSEIadj":0,"audienceSEIrank":12,"audienceScore":1.6256385145286398,"combinedScore":3.922526604016296,"combinedScoreRank":4,"engagementSEI":46.57012195121951,"engagementSEIadj":0,"engagementSEIrank":4,"engagementScore":4.1936923024125745,"voiceSEI":25.925925925925924,"voiceSEIadj":0,"voiceSEIrank":20,"voiceScore":1.338432122370937}},"instagram":{"entityString":"536575feb08f37d80186a0c5","type":"instagram","profiles":0,"postsMade":0,"repliesMade":0,"repliesRcvd":0,"sharesMade":0,"sharesRcvd":0,"mentionsRcvd":0,"likesRcvd":0,"reachRcvd":0,"audience":0,"voice":0,"conversation":0,"engagement":0,"group_scoped":{"audienceScore":0,"voiceScore":0,"engagementScore":0,"combinedScore":0,"combinedScoreRank":161,"SEIrank":143,"engagementSEIrank":143,"voiceSEIrank":143,"audienceSEIrank":143,"engagementSEI":0,"engagementSEIadj":0,"voiceSEI":0,"voiceSEIadj":0,"audienceSEI":0,"audienceSEIadj":0,"SEI":0,"SEIadj":0},"non_scoped":{"SEI":0,"SEIrank":143,"SEIadj":0,"audienceSEI":0,"audienceSEIadj":0,"audienceSEIrank":143,"audienceScore":0,"combinedScore":0,"combinedScoreRank":143,"engagementSEI":0,"engagementSEIadj":0,"engagementSEIrank":143,"engagementScore":0,"voiceSEI":0,"voiceSEIadj":0,"voiceSEIrank":143,"voiceScore":0},"scoped":{"SEI":0,"SEIrank":125,"SEIadj":0,"audienceSEI":0,"audienceSEIadj":0,"audienceSEIrank":125,"audienceScore":0,"combinedScore":0,"combinedScoreRank":125,"engagementSEI":0,"engagementSEIadj":0,"engagementSEIrank":125,"engagementScore":0,"voiceSEI":0,"voiceSEIadj":0,"voiceSEIrank":125,"voiceScore":0}}},"month":{"boundaryQuantum":4975782,"combined":{"entityString":"536575feb08f37d80186a0c5","type":"combined","profiles":2,"postsMade":297,"repliesMade":0,"repliesRcvd":635,"sharesMade":0,"sharesRcvd":1378,"mentionsRcvd":0,"likesRcvd":10986,"reachRcvd":0,"audience":59602,"voice":297,"conversation":932,"engagement":12999,"group_scoped":{"audienceScore":1.5134386813820786,"voiceScore":3.183620966877479,"engagementScore":0.4189121818399201,"combinedScore":0.611873946068906,"combinedScoreRank":50,"SEIrank":40,"engagementSEIrank":49,"voiceSEIrank":25,"audienceSEIrank":61,"engagementSEI":0.4801443203237456,"engagementSEIadj":0.4801443203237456,"voiceSEI":8.206686930091186,"voiceSEIadj":8.206686930091186,"audienceSEI":2.370720515749648,"audienceSEIadj":2.370720515749648,"SEI":2.9871647227965674,"SEIadj":2.9871647227965674},"non_scoped":{"SEI":2.9143027458035347,"SEIrank":21,"SEIadj":0,"audienceSEI":2.370720515749648,"audienceSEIadj":0,"audienceSEIrank":26,"audienceScore":0.4389470543774552,"combinedScore":0.18841898461968068,"combinedScoreRank":26,"engagementSEI":0.3587076920020244,"engagementSEIadj":0,"engagementSEIrank":27,"engagementScore":0.14127723137926096,"voiceSEI":8.206686930091186,"voiceSEIadj":0,"voiceSEIrank":21,"voiceScore":0.7864424731894611},"scoped":{"SEI":19.705964717040477,"SEIrank":15,"SEIadj":0,"audienceSEI":31.12164709445312,"audienceSEIadj":0,"audienceSEIrank":18,"audienceScore":1.2683017137458226,"combinedScore":1.3794493752284682,"combinedScoreRank":18,"engagementSEI":12.024754398623521,"engagementSEIadj":0,"engagementSEIrank":19,"engagementScore":1.3701330185298395,"voiceSEI":31.263157894736842,"voiceSEIadj":0,"voiceSEIrank":13,"voiceScore":1.6582914572864322}},"facebook":{"entityString":"536575feb08f37d80186a0c5","type":"facebook","profiles":1,"postsMade":102,"repliesMade":0,"repliesRcvd":635,"sharesMade":0,"sharesRcvd":351,"mentionsRcvd":0,"likesRcvd":7680,"reachRcvd":0,"audience":24544,"voice":102,"conversation":737,"engagement":8666,"group_scoped":{"audienceScore":0.949689737322412,"voiceScore":2.7522935779816518,"engagementScore":0.3157567193948081,"combinedScore":0.4692802132205305,"combinedScoreRank":50,"SEIrank":31,"engagementSEIrank":49,"voiceSEIrank":20,"audienceSEIrank":61,"engagementSEI":0.36103173588108034,"engagementSEIadj":0.36103173588108034,"voiceSEI":7.063711911357341,"voiceSEIadj":7.063711911357341,"audienceSEI":1.3338434516460012,"audienceSEIadj":1.3338434516460012,"SEI":2.4691169601004503,"SEIadj":2.4691169601004503},"non_scoped":{"SEI":2.235470595543428,"SEIrank":18,"SEIadj":0,"audienceSEI":1.3338434516460012,"audienceSEIadj":0,"audienceSEIrank":34,"audienceScore":0.25592926075191735,"combinedScore":0.14453402674076773,"combinedScoreRank":30,"engagementSEI":0.2529990724924379,"engagementSEIadj":0,"engagementSEIrank":28,"engagementScore":0.10478485671402378,"voiceSEI":6.5009560229445515,"voiceSEIadj":0,"voiceSEIrank":18,"voiceScore":0.7486238532110091},"scoped":{"SEI":17.33767152817184,"SEIrank":15,"SEIadj":0,"audienceSEI":17.235834018019535,"audienceSEIadj":0,"audienceSEIrank":25,"audienceScore":1.0550492039631405,"combinedScore":1.3080258530131477,"combinedScoreRank":20,"engagementSEI":9.356813543949814,"engagementSEIadj":0,"engagementSEIrank":20,"engagementScore":1.27881804511722,"voiceSEI":33.33333333333333,"voiceSEIadj":0,"voiceSEIrank":10,"voiceScore":2.086743044189853}},"twitter":{"entityString":"536575feb08f37d80186a0c5","type":"twitter","profiles":1,"postsMade":195,"repliesMade":0,"repliesRcvd":0,"sharesMade":0,"sharesRcvd":1027,"mentionsRcvd":0,"likesRcvd":3306,"reachRcvd":0,"audience":35058,"voice":195,"conversation":195,"engagement":4333,"group_scoped":{"audienceScore":2.8413709708139057,"voiceScore":3.5845588235294117,"engagementScore":3.9685301875732706,"combinedScore":3.8929736585331094,"combinedScoreRank":40,"SEIrank":45,"engagementSEIrank":49,"voiceSEIrank":38,"audienceSEIrank":76,"engagementSEI":7.518262106779103,"engagementSEIadj":7.518262106779103,"voiceSEI":9.789156626506024,"voiceSEIadj":9.789156626506024,"audienceSEI":6.327336519441516,"audienceSEIadj":6.327336519441516,"SEI":8.080437903963421,"SEIadj":8.080437903963421},"non_scoped":{"SEI":8.080437903963421,"SEIrank":13,"SEIadj":0,"audienceSEI":6.327336519441516,"audienceSEIadj":0,"audienceSEIrank":17,"audienceScore":1.0239996448218471,"combinedScore":1.709426770961828,"combinedScoreRank":10,"engagementSEI":7.518262106779103,"engagementSEIadj":0,"engagementSEIrank":10,"engagementScore":1.795995175309522,"voiceSEI":9.789156626506024,"voiceSEIadj":0,"voiceSEIrank":26,"voiceScore":0.8366226188433156},"scoped":{"SEI":37.73813588476912,"SEIrank":3,"SEIadj":0,"audienceSEI":30.076439350394207,"audienceSEIadj":0,"audienceSEIrank":12,"audienceScore":1.6256385145286398,"combinedScore":3.4385917523566945,"combinedScoreRank":4,"engagementSEI":42.744401696754466,"engagementSEIadj":0,"engagementSEIrank":4,"engagementScore":3.6456492839954904,"voiceSEI":30.27950310559006,"voiceSEIadj":0,"voiceSEIrank":17,"voiceScore":1.5245094206864203}},"instagram":{"entityString":"536575feb08f37d80186a0c5","type":"instagram","profiles":0,"postsMade":0,"repliesMade":0,"repliesRcvd":0,"sharesMade":0,"sharesRcvd":0,"mentionsRcvd":0,"likesRcvd":0,"reachRcvd":0,"audience":0,"voice":0,"conversation":0,"engagement":0,"group_scoped":{"audienceScore":0,"voiceScore":0,"engagementScore":0,"combinedScore":0,"combinedScoreRank":161,"SEIrank":143,"engagementSEIrank":143,"voiceSEIrank":143,"audienceSEIrank":143,"engagementSEI":0,"engagementSEIadj":0,"voiceSEI":0,"voiceSEIadj":0,"audienceSEI":0,"audienceSEIadj":0,"SEI":0,"SEIadj":0},"non_scoped":{"SEI":0,"SEIrank":143,"SEIadj":0,"audienceSEI":0,"audienceSEIadj":0,"audienceSEIrank":143,"audienceScore":0,"combinedScore":0,"combinedScoreRank":143,"engagementSEI":0,"engagementSEIadj":0,"engagementSEIrank":143,"engagementScore":0,"voiceSEI":0,"voiceSEIadj":0,"voiceSEIrank":143,"voiceScore":0},"scoped":{"SEI":0,"SEIrank":125,"SEIadj":0,"audienceSEI":0,"audienceSEIadj":0,"audienceSEIrank":125,"audienceScore":0,"combinedScore":0,"combinedScoreRank":125,"engagementSEI":0,"engagementSEIadj":0,"engagementSEIrank":125,"engagementScore":0,"voiceSEI":0,"voiceSEIadj":0,"voiceSEIrank":125,"voiceScore":0}}},"quarter":{"boundaryQuantum":4958502,"combined":{"entityString":"536575feb08f37d80186a0c5","type":"combined","profiles":2,"postsMade":1149,"repliesMade":0,"repliesRcvd":4677,"sharesMade":0,"sharesRcvd":6180,"mentionsRcvd":0,"likesRcvd":52829,"reachRcvd":0,"audience":59602,"voice":1149,"conversation":5826,"engagement":63686,"group_scoped":{"audienceScore":1.5134386813820786,"voiceScore":4.073890228336406,"engagementScore":0.6615460540906297,"combinedScore":0.8747578941674911,"combinedScoreRank":39,"SEIrank":28,"engagementSEIrank":44,"voiceSEIrank":18,"audienceSEIrank":61,"engagementSEI":0.7506833368361135,"engagementSEIadj":0.7506833368361135,"voiceSEI":10.730295106462458,"voiceSEIadj":10.730295106462458,"audienceSEI":2.370720515749648,"audienceSEIadj":2.370720515749648,"SEI":3.90657058561537,"SEIadj":3.90657058561537},"non_scoped":{"SEI":3.789486996462799,"SEIrank":15,"SEIadj":0,"audienceSEI":2.370720515749648,"audienceSEIadj":0,"audienceSEIrank":26,"audienceScore":0.4389470543774552,"combinedScore":0.26669009332853816,"combinedScoreRank":20,"engagementSEI":0.5555440215818288,"engagementSEIadj":0,"engagementSEIrank":22,"engagementScore":0.21515526003022972,"voiceSEI":10.730295106462458,"voiceSEIadj":0,"voiceSEIrank":13,"voiceScore":1.0220601316491729},"scoped":{"SEI":24.262176856584375,"SEIrank":10,"SEIadj":0,"audienceSEI":31.12164709445312,"audienceSEIadj":0,"audienceSEIrank":18,"audienceScore":1.2683017137458226,"combinedScore":2.062811015570157,"combinedScoreRank":12,"engagementSEI":12.88723316854824,"engagementSEIadj":0,"engagementSEIrank":15,"engagementScore":2.1021381827592056,"voiceSEI":44.72557415336707,"voiceSEIadj":0,"voiceSEIrank":5,"voiceScore":2.149431307991619}},"facebook":{"entityString":"536575feb08f37d80186a0c5","type":"facebook","profiles":1,"postsMade":399,"repliesMade":0,"repliesRcvd":4677,"sharesMade":0,"sharesRcvd":2155,"mentionsRcvd":0,"likesRcvd":40247,"reachRcvd":0,"audience":24544,"voice":399,"conversation":5076,"engagement":47079,"group_scoped":{"audienceScore":0.949689737322412,"voiceScore":3.539116551357105,"engagementScore":0.5542885217807169,"combinedScore":0.723299984036621,"combinedScoreRank":39,"SEIrank":25,"engagementSEIrank":43,"voiceSEIrank":15,"audienceSEIrank":61,"engagementSEI":0.6252593958575021,"engagementSEIadj":0.6252593958575021,"voiceSEI":9.602888086642599,"voiceSEIadj":9.602888086642599,"audienceSEI":1.3338434516460012,"audienceSEIadj":1.3338434516460012,"SEI":3.3894064086718805,"SEIadj":3.3894064086718805},"non_scoped":{"SEI":2.9016046772516795,"SEIrank":15,"SEIadj":0,"audienceSEI":1.3338434516460012,"audienceSEIadj":0,"audienceSEIrank":34,"audienceScore":0.25592926075191735,"combinedScore":0.2211866999462152,"combinedScoreRank":20,"engagementSEI":0.42516391690487815,"engagementSEIadj":0,"engagementSEIrank":21,"engagementScore":0.17693624623885046,"voiceSEI":8.377073273147175,"voiceSEIadj":0,"voiceSEIrank":15,"voiceScore":0.9829523058730784},"scoped":{"SEI":40.34145084520878,"SEIrank":11,"SEIadj":0,"audienceSEI":17.235834018019535,"audienceSEIadj":0,"audienceSEIrank":25,"audienceScore":1.0550492039631405,"combinedScore":2.3173871721812094,"combinedScoreRank":14,"engagementSEI":40.03384411299512,"engagementSEIadj":0,"engagementSEIrank":14,"engagementScore":2.364973139804629,"voiceSEI":48.65853658536585,"voiceSEIadj":0,"voiceSEIrank":7,"voiceScore":2.723177723177723}},"twitter":{"entityString":"536575feb08f37d80186a0c5","type":"twitter","profiles":1,"postsMade":750,"repliesMade":0,"repliesRcvd":0,"sharesMade":0,"sharesRcvd":4025,"mentionsRcvd":0,"likesRcvd":12582,"reachRcvd":0,"audience":35058,"voice":750,"conversation":750,"engagement":16607,"group_scoped":{"audienceScore":2.8413709708139057,"voiceScore":4.5773573390296,"engagementScore":4.259275407666542,"combinedScore":4.204284282392063,"combinedScoreRank":35,"SEIrank":40,"engagementSEIrank":45,"voiceSEIrank":28,"audienceSEIrank":76,"engagementSEI":7.87539360370272,"engagementSEIadj":7.87539360370272,"voiceSEI":12.48335552596538,"voiceSEIadj":12.48335552596538,"audienceSEI":6.327336519441516,"audienceSEIadj":6.327336519441516,"SEI":9.102976471955397,"SEIadj":9.102976471955397},"non_scoped":{"SEI":9.102976471955397,"SEIrank":11,"SEIadj":0,"audienceSEI":6.327336519441516,"audienceSEIadj":0,"audienceSEIrank":17,"audienceScore":1.0239996448218471,"combinedScore":1.9034077930006355,"combinedScoreRank":8,"engagementSEI":7.87539360370272,"engagementSEIadj":0,"engagementSEIrank":9,"engagementScore":1.9981470786408704,"voiceSEI":12.48335552596538,"voiceSEIadj":0,"voiceSEIrank":16,"voiceScore":1.0775087996551973},"scoped":{"SEI":46.946341628353665,"SEIrank":3,"SEIadj":0,"audienceSEI":30.076439350394207,"audienceSEIadj":0,"audienceSEIrank":12,"audienceScore":1.6256385145286398,"combinedScore":3.9078934710342583,"combinedScoreRank":3,"engagementSEI":52.24627194362298,"engagementSEIadj":0,"engagementSEIrank":4,"engagementScore":4.142615532750286,"voiceSEI":41.96978175713486,"voiceSEIadj":0,"voiceSEIrank":8,"voiceScore":1.9651513166513823}},"instagram":{"entityString":"536575feb08f37d80186a0c5","type":"instagram","profiles":0,"postsMade":0,"repliesMade":0,"repliesRcvd":0,"sharesMade":0,"sharesRcvd":0,"mentionsRcvd":0,"likesRcvd":0,"reachRcvd":0,"audience":0,"voice":0,"conversation":0,"engagement":0,"group_scoped":{"audienceScore":0,"voiceScore":0,"engagementScore":0,"combinedScore":0,"combinedScoreRank":161,"SEIrank":143,"engagementSEIrank":143,"voiceSEIrank":143,"audienceSEIrank":143,"engagementSEI":0,"engagementSEIadj":0,"voiceSEI":0,"voiceSEIadj":0,"audienceSEI":0,"audienceSEIadj":0,"SEI":0,"SEIadj":0},"non_scoped":{"SEI":0,"SEIrank":143,"SEIadj":0,"audienceSEI":0,"audienceSEIadj":0,"audienceSEIrank":143,"audienceScore":0,"combinedScore":0,"combinedScoreRank":143,"engagementSEI":0,"engagementSEIadj":0,"engagementSEIrank":143,"engagementScore":0,"voiceSEI":0,"voiceSEIadj":0,"voiceSEIrank":143,"voiceScore":0},"scoped":{"SEI":0,"SEIrank":125,"SEIadj":0,"audienceSEI":0,"audienceSEIadj":0,"audienceSEIrank":125,"audienceScore":0,"combinedScore":0,"combinedScoreRank":125,"engagementSEI":0,"engagementSEIadj":0,"engagementSEIrank":125,"engagementScore":0,"voiceSEI":0,"voiceSEIadj":0,"voiceSEIrank":125,"voiceScore":0}}},"blended":{"combined":{"non_scoped":{"SEI":3.1858295627255524,"SEIadj":70.95574886881766,"SEIrank":19,"audienceSEI":2.3707205157496483,"audienceSEIadj":60.94828820629986,"audienceSEIrank":26,"engagementSEI":0.4727689583052237,"engagementSEIadj":70.14183068749156,"engagementSEIrank":21,"voiceSEI":8.883653787224846,"voiceSEIadj":72.66509613616745,"voiceSEIrank":17},"scoped":{"SEI":25.358989729123376,"SEIadj":77.60769691873702,"SEIrank":15,"compCharisma":3,"compInfluence":6,"compEva":16.358989729123376,"audienceSEI":31.121647094453117,"audienceSEIadj":79.33649412833593,"audienceSEIrank":18,"engagementSEI":12.751374692415823,"engagementSEIadj":73.82541240772474,"engagementSEIrank":14,"voiceSEI":35.873323202646155,"voiceSEIadj":80.76199696079385,"voiceSEIrank":9}},"facebook":{"non_scoped":{"SEI":2.401036279243166,"SEIadj":70.72031088377295,"SEIrank":15,"audienceSEI":1.3338434516460012,"audienceSEIadj":60.5335373806584,"audienceSEIrank":34,"engagementSEI":0.3578852136347584,"engagementSEIadj":70.10736556409043,"engagementSEIrank":21,"voiceSEI":6.843069352992369,"voiceSEIadj":72.05292080589771,"voiceSEIrank":15},"scoped":{"SEI":30.150608031696972,"SEIadj":79.0451824095091,"SEIrank":12,"audienceSEI":17.235834018019535,"audienceSEIadj":66.89433360720781,"audienceSEIrank":25,"engagementSEI":28.9637402368169,"engagementSEIadj":78.68912207104506,"engagementSEIrank":14,"voiceSEI":36.829268292682926,"voiceSEIadj":81.04878048780488,"voiceSEIrank":7}},"twitter":{"non_scoped":{"SEI":8.325874460150123,"SEIadj":72.49776233804504,"SEIrank":13,"audienceSEI":6.327336519441516,"audienceSEIadj":71.89820095583245,"audienceSEIrank":17,"engagementSEI":7.610444559110367,"engagementSEIadj":72.28313336773311,"engagementSEIrank":8,"voiceSEI":10.422913575799171,"voiceSEIadj":64.16916543031967,"voiceSEIrank":24},"scoped":{"SEI":41.305939073464344,"SEIadj":82.3917817220393,"SEIrank":3,"audienceSEI":30.076439350394207,"audienceSEIadj":79.02293180511826,"audienceSEIrank":12,"engagementSEI":47.08204099012917,"engagementSEIadj":84.12461229703875,"engagementSEIrank":3,"voiceSEI":33.49690181449141,"voiceSEIadj":80.04907054434742,"voiceSEIrank":14}},"instagram":{"non_scoped":{"SEI":0,"SEIadj":0,"SEIrank":143,"audienceSEI":0,"audienceSEIadj":0,"audienceSEIrank":143,"engagementSEI":0,"engagementSEIadj":0,"engagementSEIrank":143,"voiceSEI":0,"voiceSEIadj":0,"voiceSEIrank":143},"scoped":{"SEI":0,"SEIadj":0,"SEIrank":125,"audienceSEI":0,"audienceSEIadj":0,"audienceSEIrank":125,"engagementSEI":0,"engagementSEIadj":0,"engagementSEIrank":125,"voiceSEI":0,"voiceSEIadj":0,"voiceSEIrank":125}},"influence":{"instagram":{"scope":"individual","ratio":0,"calculated":false},"combined":{"ratio":1.11,"bottom":false,"scope":"individual","calculated":true},"facebook":{"ratio":1.63,"bottom":false,"scope":"individual","calculated":true},"twitter":{"ratio":2,"bottom":false,"scope":"individual","calculated":true}},"charisma":{"instagram":{"scope":"individual","ratio":0,"calculated":false},"combined":{"ratio":0.87,"bottom":false,"scope":"individual","calculated":true},"facebook":{"ratio":0.91,"bottom":false,"scope":"individual","calculated":true},"twitter":{"ratio":2,"bottom":false,"scope":"individual","calculated":true}}},"scope":"individual"}}