{"scoreEntityString":"591d1494ab33fb0001804f89.asset.536575ffb08f37d80186deac","timeQuantum":4984422,"scoreEntityType":"asset","scoreProfileID":"591d1494ab33fb0001804f89","data":{"scoreEntityString":"591d1494ab33fb0001804f89.asset.536575ffb08f37d80186deac","scoreProfileID":"591d1494ab33fb0001804f89","scoreEntityType":"asset","entityID":"asset.536575ffb08f37d80186deac","object_version":"1.2","score_engine_version":"3.0.19","timestamp":4984422,"start_quantum":4958502,"end_quantum":4984421,"schedule_options":{"interval":15,"offset":"1"},"_15min":{"boundaryQuantum":4984419,"combined":{"entityString":"536575ffb08f37d80186deac","type":"combined","profiles":2,"postsMade":0,"repliesMade":0,"repliesRcvd":0,"sharesMade":0,"sharesRcvd":0,"mentionsRcvd":0,"likesRcvd":0,"reachRcvd":0,"audience":3545,"voice":0,"conversation":0,"engagement":0,"group_scoped":{"audienceScore":0.25331887021927624,"voiceScore":0,"engagementScore":0,"combinedScore":0.25331887021927624,"engagementSEI":0,"engagementSEIadj":0,"voiceSEI":0,"voiceSEIadj":0,"audienceSEI":0.3664158432215653,"audienceSEIadj":0.3664158432215653,"SEI":0.03664158432215653,"SEIadj":0.03664158432215653,"combinedScoreRank":176,"SEIrank":183,"engagementSEIrank":218,"voiceSEIrank":218,"audienceSEIrank":183},"non_scoped":{"SEI":0.014100540633422538,"SEIrank":191,"SEIadj":0,"audienceSEI":0.14100540633422537,"audienceSEIadj":0,"audienceSEIrank":191,"audienceScore":0.026107635780142923,"combinedScore":0.0013053817890071463,"combinedScoreRank":191,"engagementSEI":0,"engagementSEIadj":0,"engagementSEIrank":218,"engagementScore":0,"voiceSEI":0,"voiceSEIadj":0,"voiceSEIrank":218,"voiceScore":0},"scoped":{"SEI":0.18510492760282593,"SEIrank":174,"SEIadj":0,"audienceSEI":1.851049276028259,"audienceSEIadj":0,"audienceSEIrank":174,"audienceScore":0.0754358842862478,"combinedScore":0.010776554898035398,"combinedScoreRank":174,"engagementSEI":0,"engagementSEIadj":0,"engagementSEIrank":195,"engagementScore":0,"voiceSEI":0,"voiceSEIadj":0,"voiceSEIrank":195,"voiceScore":0}},"facebook":{"entityString":"536575ffb08f37d80186deac","type":"facebook","profiles":1,"postsMade":0,"repliesMade":0,"repliesRcvd":0,"sharesMade":0,"sharesRcvd":0,"mentionsRcvd":0,"likesRcvd":0,"reachRcvd":0,"audience":1,"voice":0,"conversation":0,"engagement":0,"group_scoped":{"audienceScore":0.0000945393146466924,"voiceScore":0,"engagementScore":0,"combinedScore":0.0000945393146466924,"engagementSEI":0,"engagementSEIadj":0,"voiceSEI":0,"voiceSEIadj":0,"audienceSEI":0.00011909795211071345,"audienceSEIadj":0.00011909795211071345,"SEI":0.000011909795211071346,"SEIadj":0.000011909795211071346,"combinedScoreRank":182,"SEIrank":182,"engagementSEIrank":218,"voiceSEIrank":218,"audienceSEIrank":182},"non_scoped":{"SEI":0.00000543449906961376,"SEIrank":194,"SEIadj":0,"audienceSEI":0.0000543449906961376,"audienceSEIadj":0,"audienceSEIrank":194,"audienceScore":0.00001042736557822349,"combinedScore":5.213682789111745e-7,"combinedScoreRank":194,"engagementSEI":0,"engagementSEIadj":0,"engagementSEIrank":218,"engagementScore":0,"voiceSEI":0,"voiceSEIadj":0,"voiceSEIrank":218,"voiceScore":0},"scoped":{"SEI":0.00007022422595346943,"SEIrank":176,"SEIadj":0,"audienceSEI":0.0007022422595346942,"audienceSEIadj":0,"audienceSEIrank":176,"audienceScore":0.000042986033407885445,"combinedScore":0.000006140861915412206,"combinedScoreRank":176,"engagementSEI":0,"engagementSEIadj":0,"engagementSEIrank":195,"engagementScore":0,"voiceSEI":0,"voiceSEIadj":0,"voiceSEIrank":195,"voiceScore":0}},"twitter":{"entityString":"536575ffb08f37d80186deac","type":"twitter","profiles":1,"postsMade":0,"repliesMade":0,"repliesRcvd":0,"sharesMade":0,"sharesRcvd":0,"mentionsRcvd":0,"likesRcvd":0,"reachRcvd":0,"audience":3544,"voice":0,"conversation":0,"engagement":0,"group_scoped":{"audienceScore":1.042310022528484,"voiceScore":0,"engagementScore":0,"combinedScore":1.042310022528484,"engagementSEI":0,"engagementSEIadj":0,"voiceSEI":0,"voiceSEIadj":0,"audienceSEI":2.8085079405331728,"audienceSEIadj":2.8085079405331728,"SEI":0.2808507940533173,"SEIadj":0.2808507940533173,"combinedScoreRank":136,"SEIrank":141,"engagementSEIrank":217,"voiceSEIrank":217,"audienceSEIrank":141},"non_scoped":{"SEI":0.06396280627788446,"SEIrank":160,"SEIadj":0,"audienceSEI":0.6396280627788447,"audienceSEIadj":0,"audienceSEIrank":160,"audienceScore":0.10351573795563428,"combinedScore":0.005175786897781714,"combinedScoreRank":160,"engagementSEI":0,"engagementSEIadj":0,"engagementSEIrank":217,"engagementScore":0,"voiceSEI":0,"voiceSEIadj":0,"voiceSEIrank":217,"voiceScore":0},"scoped":{"SEI":0.3040415912425041,"SEIrank":144,"SEIadj":0,"audienceSEI":3.0404159124250407,"audienceSEIadj":0,"audienceSEIrank":144,"audienceScore":0.16433518442265674,"combinedScore":0.02347645491752239,"combinedScoreRank":144,"engagementSEI":0,"engagementSEIadj":0,"engagementSEIrank":195,"engagementScore":0,"voiceSEI":0,"voiceSEIadj":0,"voiceSEIrank":195,"voiceScore":0}},"instagram":{"entityString":"536575ffb08f37d80186deac","type":"instagram","profiles":0,"postsMade":0,"repliesMade":0,"repliesRcvd":0,"sharesMade":0,"sharesRcvd":0,"mentionsRcvd":0,"likesRcvd":0,"reachRcvd":0,"audience":0,"voice":0,"conversation":0,"engagement":0,"group_scoped":{"audienceScore":0,"voiceScore":0,"engagementScore":0,"combinedScore":0,"engagementSEI":0,"engagementSEIadj":0,"voiceSEI":0,"voiceSEIadj":0,"audienceSEI":0,"audienceSEIadj":0,"SEI":0,"SEIadj":0,"combinedScoreRank":218,"SEIrank":218,"engagementSEIrank":217,"voiceSEIrank":217,"audienceSEIrank":218},"non_scoped":{"SEI":0,"SEIrank":218,"SEIadj":0,"audienceSEI":0,"audienceSEIadj":0,"audienceSEIrank":218,"audienceScore":0,"combinedScore":0,"combinedScoreRank":218,"engagementSEI":0,"engagementSEIadj":0,"engagementSEIrank":217,"engagementScore":0,"voiceSEI":0,"voiceSEIadj":0,"voiceSEIrank":217,"voiceScore":0},"scoped":{"SEI":0,"SEIrank":195,"SEIadj":0,"audienceSEI":0,"audienceSEIadj":0,"audienceSEIrank":195,"audienceScore":0,"combinedScore":0,"combinedScoreRank":195,"engagementSEI":0,"engagementSEIadj":0,"engagementSEIrank":195,"engagementScore":0,"voiceSEI":0,"voiceSEIadj":0,"voiceSEIrank":195,"voiceScore":0}}},"hour":{"boundaryQuantum":4984410,"combined":{"entityString":"536575ffb08f37d80186deac","type":"combined","profiles":2,"postsMade":0,"repliesMade":0,"repliesRcvd":0,"sharesMade":0,"sharesRcvd":0,"mentionsRcvd":0,"likesRcvd":0,"reachRcvd":0,"audience":3545,"voice":0,"conversation":0,"engagement":0,"group_scoped":{"audienceScore":0.25331887021927624,"voiceScore":0,"engagementScore":0,"combinedScore":0.25331887021927624,"combinedScoreRank":166,"SEIrank":186,"engagementSEIrank":219,"voiceSEIrank":218,"audienceSEIrank":183,"engagementSEI":0,"engagementSEIadj":0,"voiceSEI":0,"voiceSEIadj":0,"audienceSEI":0.3664158432215653,"audienceSEIadj":0.3664158432215653,"SEI":0.03664158432215653,"SEIadj":0.03664158432215653},"non_scoped":{"SEI":0.014100540633422538,"SEIrank":191,"SEIadj":0,"audienceSEI":0.14100540633422537,"audienceSEIadj":0,"audienceSEIrank":191,"audienceScore":0.026107635780142923,"combinedScore":0.0013053817890071463,"combinedScoreRank":192,"engagementSEI":0,"engagementSEIadj":0,"engagementSEIrank":219,"engagementScore":0,"voiceSEI":0,"voiceSEIadj":0,"voiceSEIrank":218,"voiceScore":0},"scoped":{"SEI":0.18510492760282593,"SEIrank":174,"SEIadj":0,"audienceSEI":1.851049276028259,"audienceSEIadj":0,"audienceSEIrank":174,"audienceScore":0.0754358842862478,"combinedScore":0.00377179421431239,"combinedScoreRank":175,"engagementSEI":0,"engagementSEIadj":0,"engagementSEIrank":196,"engagementScore":0,"voiceSEI":0,"voiceSEIadj":0,"voiceSEIrank":195,"voiceScore":0}},"facebook":{"entityString":"536575ffb08f37d80186deac","type":"facebook","profiles":1,"postsMade":0,"repliesMade":0,"repliesRcvd":0,"sharesMade":0,"sharesRcvd":0,"mentionsRcvd":0,"likesRcvd":0,"reachRcvd":0,"audience":1,"voice":0,"conversation":0,"engagement":0,"group_scoped":{"audienceScore":0.0000945393146466924,"voiceScore":0,"engagementScore":0,"combinedScore":0.0000945393146466924,"combinedScoreRank":182,"SEIrank":182,"engagementSEIrank":219,"voiceSEIrank":218,"audienceSEIrank":182,"engagementSEI":0,"engagementSEIadj":0,"voiceSEI":0,"voiceSEIadj":0,"audienceSEI":0.00011909795211071345,"audienceSEIadj":0.00011909795211071345,"SEI":0.000011909795211071346,"SEIadj":0.000011909795211071346},"non_scoped":{"SEI":0.00000543449906961376,"SEIrank":194,"SEIadj":0,"audienceSEI":0.0000543449906961376,"audienceSEIadj":0,"audienceSEIrank":194,"audienceScore":0.00001042736557822349,"combinedScore":5.213682789111745e-7,"combinedScoreRank":194,"engagementSEI":0,"engagementSEIadj":0,"engagementSEIrank":219,"engagementScore":0,"voiceSEI":0,"voiceSEIadj":0,"voiceSEIrank":218,"voiceScore":0},"scoped":{"SEI":0.00007022422595346943,"SEIrank":176,"SEIadj":0,"audienceSEI":0.0007022422595346942,"audienceSEIadj":0,"audienceSEIrank":176,"audienceScore":0.000042986033407885445,"combinedScore":0.0000021493016703942725,"combinedScoreRank":176,"engagementSEI":0,"engagementSEIadj":0,"engagementSEIrank":196,"engagementScore":0,"voiceSEI":0,"voiceSEIadj":0,"voiceSEIrank":195,"voiceScore":0}},"twitter":{"entityString":"536575ffb08f37d80186deac","type":"twitter","profiles":1,"postsMade":0,"repliesMade":0,"repliesRcvd":0,"sharesMade":0,"sharesRcvd":0,"mentionsRcvd":0,"likesRcvd":0,"reachRcvd":0,"audience":3544,"voice":0,"conversation":0,"engagement":0,"group_scoped":{"audienceScore":1.042310022528484,"voiceScore":0,"engagementScore":0,"combinedScore":1.042310022528484,"combinedScoreRank":142,"SEIrank":146,"engagementSEIrank":218,"voiceSEIrank":218,"audienceSEIrank":141,"engagementSEI":0,"engagementSEIadj":0,"voiceSEI":0,"voiceSEIadj":0,"audienceSEI":2.8085079405331728,"audienceSEIadj":2.8085079405331728,"SEI":0.2808507940533173,"SEIadj":0.2808507940533173},"non_scoped":{"SEI":0.06396280627788446,"SEIrank":162,"SEIadj":0,"audienceSEI":0.6396280627788447,"audienceSEIadj":0,"audienceSEIrank":160,"audienceScore":0.10351573795563428,"combinedScore":0.005175786897781714,"combinedScoreRank":162,"engagementSEI":0,"engagementSEIadj":0,"engagementSEIrank":218,"engagementScore":0,"voiceSEI":0,"voiceSEIadj":0,"voiceSEIrank":218,"voiceScore":0},"scoped":{"SEI":0.3040415912425041,"SEIrank":146,"SEIadj":0,"audienceSEI":3.0404159124250407,"audienceSEIadj":0,"audienceSEIrank":144,"audienceScore":0.16433518442265674,"combinedScore":0.008216759221132837,"combinedScoreRank":146,"engagementSEI":0,"engagementSEIadj":0,"engagementSEIrank":195,"engagementScore":0,"voiceSEI":0,"voiceSEIadj":0,"voiceSEIrank":195,"voiceScore":0}},"instagram":{"entityString":"536575ffb08f37d80186deac","type":"instagram","profiles":0,"postsMade":0,"repliesMade":0,"repliesRcvd":0,"sharesMade":0,"sharesRcvd":0,"mentionsRcvd":0,"likesRcvd":0,"reachRcvd":0,"audience":0,"voice":0,"conversation":0,"engagement":0,"group_scoped":{"audienceScore":0,"voiceScore":0,"engagementScore":0,"combinedScore":0,"combinedScoreRank":218,"SEIrank":218,"engagementSEIrank":217,"voiceSEIrank":217,"audienceSEIrank":218,"engagementSEI":0,"engagementSEIadj":0,"voiceSEI":0,"voiceSEIadj":0,"audienceSEI":0,"audienceSEIadj":0,"SEI":0,"SEIadj":0},"non_scoped":{"SEI":0,"SEIrank":218,"SEIadj":0,"audienceSEI":0,"audienceSEIadj":0,"audienceSEIrank":218,"audienceScore":0,"combinedScore":0,"combinedScoreRank":218,"engagementSEI":0,"engagementSEIadj":0,"engagementSEIrank":217,"engagementScore":0,"voiceSEI":0,"voiceSEIadj":0,"voiceSEIrank":217,"voiceScore":0},"scoped":{"SEI":0,"SEIrank":195,"SEIadj":0,"audienceSEI":0,"audienceSEIadj":0,"audienceSEIrank":195,"audienceScore":0,"combinedScore":0,"combinedScoreRank":195,"engagementSEI":0,"engagementSEIadj":0,"engagementSEIrank":195,"engagementScore":0,"voiceSEI":0,"voiceSEIadj":0,"voiceSEIrank":195,"voiceScore":0}}},"today":{"boundaryQuantum":4984134,"combined":{"entityString":"536575ffb08f37d80186deac","type":"combined","profiles":2,"postsMade":1,"repliesMade":0,"repliesRcvd":0,"sharesMade":0,"sharesRcvd":0,"mentionsRcvd":0,"likesRcvd":5,"reachRcvd":0,"audience":3545,"voice":1,"conversation":1,"engagement":5,"group_scoped":{"audienceScore":0.25331887021927624,"voiceScore":1.3333333333333335,"engagementScore":0.04574146921599122,"combinedScore":0.12049993247202259,"combinedScoreRank":167,"SEIrank":96,"engagementSEIrank":100,"voiceSEIrank":90,"audienceSEIrank":183,"engagementSEI":0.0517063081695967,"engagementSEIadj":0.0517063081695967,"voiceSEI":1.7241379310344827,"voiceSEIadj":1.7241379310344827,"audienceSEI":0.3664158432215653,"audienceSEIadj":0.3664158432215653,"SEI":0.5849067485342594,"SEIadj":0.5849067485342594},"non_scoped":{"SEI":0.3453070236733046,"SEIrank":106,"SEIadj":0,"audienceSEI":0.14100540633422537,"audienceSEIadj":0,"audienceSEIrank":191,"audienceScore":0.026107635780142923,"combinedScore":0.008656109259013174,"combinedScoreRank":130,"engagementSEI":0.0025602556159206933,"engagementSEIadj":0,"engagementSEIrank":123,"engagementScore":0.001334073299323358,"voiceSEI":1.098901098901099,"voiceSEIadj":0,"voiceSEIrank":104,"voiceScore":0.12300123001230012},"scoped":{"SEI":1.2364596281840352,"SEIrank":109,"SEIadj":0,"audienceSEI":1.851049276028259,"audienceSEIadj":0,"audienceSEIrank":174,"audienceScore":0.0754358842862478,"combinedScore":0.02885613690528256,"combinedScoreRank":119,"engagementSEI":0.02811990326753276,"engagementSEIadj":0,"engagementSEIrank":112,"engagementScore":0.013366124893071001,"voiceSEI":3.4482758620689653,"voiceSEIadj":0,"voiceSEIrank":93,"voiceScore":0.26109660574412535}},"facebook":{"entityString":"536575ffb08f37d80186deac","type":"facebook","profiles":1,"postsMade":0,"repliesMade":0,"repliesRcvd":0,"sharesMade":0,"sharesRcvd":0,"mentionsRcvd":0,"likesRcvd":0,"reachRcvd":0,"audience":1,"voice":0,"conversation":0,"engagement":0,"group_scoped":{"audienceScore":0.0000945393146466924,"voiceScore":0,"engagementScore":0,"combinedScore":0.0000945393146466924,"combinedScoreRank":182,"SEIrank":182,"engagementSEIrank":221,"voiceSEIrank":219,"audienceSEIrank":182,"engagementSEI":0,"engagementSEIadj":0,"voiceSEI":0,"voiceSEIadj":0,"audienceSEI":0.00011909795211071345,"audienceSEIadj":0.00011909795211071345,"SEI":0.000011909795211071346,"SEIadj":0.000011909795211071346},"non_scoped":{"SEI":0.00000543449906961376,"SEIrank":194,"SEIadj":0,"audienceSEI":0.0000543449906961376,"audienceSEIadj":0,"audienceSEIrank":194,"audienceScore":0.00001042736557822349,"combinedScore":5.213682789111745e-7,"combinedScoreRank":194,"engagementSEI":0,"engagementSEIadj":0,"engagementSEIrank":221,"engagementScore":0,"voiceSEI":0,"voiceSEIadj":0,"voiceSEIrank":219,"voiceScore":0},"scoped":{"SEI":0.00007022422595346943,"SEIrank":176,"SEIadj":0,"audienceSEI":0.0007022422595346942,"audienceSEIadj":0,"audienceSEIrank":176,"audienceScore":0.000042986033407885445,"combinedScore":0.0000021493016703942725,"combinedScoreRank":176,"engagementSEI":0,"engagementSEIadj":0,"engagementSEIrank":198,"engagementScore":0,"voiceSEI":0,"voiceSEIadj":0,"voiceSEIrank":196,"voiceScore":0}},"twitter":{"entityString":"536575ffb08f37d80186deac","type":"twitter","profiles":1,"postsMade":1,"repliesMade":0,"repliesRcvd":0,"sharesMade":0,"sharesRcvd":0,"mentionsRcvd":0,"likesRcvd":5,"reachRcvd":0,"audience":3544,"voice":1,"conversation":1,"engagement":5,"group_scoped":{"audienceScore":1.042310022528484,"voiceScore":2.5,"engagementScore":1.4044943820224718,"combinedScore":1.4411604449466489,"combinedScoreRank":100,"SEIrank":82,"engagementSEIrank":74,"voiceSEIrank":70,"audienceSEIrank":141,"engagementSEI":3.1446540880503147,"engagementSEIadj":3.1446540880503147,"voiceSEI":3.8461538461538463,"voiceSEIadj":3.8461538461538463,"audienceSEI":2.8085079405331728,"audienceSEIadj":2.8085079405331728,"SEI":3.32148940072966,"SEIadj":3.32148940072966},"non_scoped":{"SEI":0.8781179134657784,"SEIrank":84,"SEIadj":0,"audienceSEI":0.6396280627788447,"audienceSEIadj":0,"audienceSEIrank":160,"audienceScore":0.10351573795563428,"combinedScore":0.08640085812285295,"combinedScoreRank":84,"engagementSEI":0.31525851197982346,"engagementSEIadj":0,"engagementSEIrank":85,"engagementScore":0.07913896802785692,"voiceSEI":2.083333333333333,"voiceSEIadj":0,"voiceSEIrank":92,"voiceScore":0.2},"scoped":{"SEI":2.0155085629325242,"SEIrank":79,"SEIadj":0,"audienceSEI":3.0404159124250407,"audienceSEIadj":0,"audienceSEIrank":144,"audienceScore":0.16433518442265674,"combinedScore":0.1505138994653838,"combinedScoreRank":74,"engagementSEI":0.929368029739777,"engagementSEIadj":0,"engagementSEIrank":75,"engagementScore":0.13908205841446453,"voiceSEI":3.8461538461538463,"voiceSEIadj":0,"voiceSEIrank":81,"voiceScore":0.3424657534246575}},"instagram":{"entityString":"536575ffb08f37d80186deac","type":"instagram","profiles":0,"postsMade":0,"repliesMade":0,"repliesRcvd":0,"sharesMade":0,"sharesRcvd":0,"mentionsRcvd":0,"likesRcvd":0,"reachRcvd":0,"audience":0,"voice":0,"conversation":0,"engagement":0,"group_scoped":{"audienceScore":0,"voiceScore":0,"engagementScore":0,"combinedScore":0,"combinedScoreRank":218,"SEIrank":218,"engagementSEIrank":218,"voiceSEIrank":218,"audienceSEIrank":218,"engagementSEI":0,"engagementSEIadj":0,"voiceSEI":0,"voiceSEIadj":0,"audienceSEI":0,"audienceSEIadj":0,"SEI":0,"SEIadj":0},"non_scoped":{"SEI":0,"SEIrank":218,"SEIadj":0,"audienceSEI":0,"audienceSEIadj":0,"audienceSEIrank":218,"audienceScore":0,"combinedScore":0,"combinedScoreRank":218,"engagementSEI":0,"engagementSEIadj":0,"engagementSEIrank":218,"engagementScore":0,"voiceSEI":0,"voiceSEIadj":0,"voiceSEIrank":218,"voiceScore":0},"scoped":{"SEI":0,"SEIrank":195,"SEIadj":0,"audienceSEI":0,"audienceSEIadj":0,"audienceSEIrank":195,"audienceScore":0,"combinedScore":0,"combinedScoreRank":195,"engagementSEI":0,"engagementSEIadj":0,"engagementSEIrank":195,"engagementScore":0,"voiceSEI":0,"voiceSEIadj":0,"voiceSEIrank":195,"voiceScore":0}}},"week":{"boundaryQuantum":4982406,"combined":{"entityString":"536575ffb08f37d80186deac","type":"combined","profiles":2,"postsMade":1,"repliesMade":0,"repliesRcvd":0,"sharesMade":0,"sharesRcvd":0,"mentionsRcvd":0,"likesRcvd":5,"reachRcvd":0,"audience":3545,"voice":1,"conversation":1,"engagement":5,"group_scoped":{"audienceScore":0.25331887021927624,"voiceScore":0.09328358208955223,"engagementScore":0.0044893781313412465,"combinedScore":0.021370562933648547,"combinedScoreRank":220,"SEIrank":208,"engagementSEIrank":177,"voiceSEIrank":199,"audienceSEIrank":183,"engagementSEI":0.005341880341880342,"engagementSEIadj":0.005341880341880342,"voiceSEI":0.1529051987767584,"voiceSEIadj":0.1529051987767584,"audienceSEI":0.3664158432215653,"audienceSEIadj":0.3664158432215653,"SEI":0.08571827216031226,"SEIadj":0.08571827216031226},"non_scoped":{"SEI":0.04929123539515921,"SEIrank":201,"SEIadj":0,"audienceSEI":0.14100540633422537,"audienceSEIadj":0,"audienceSEIrank":191,"audienceScore":0.026107635780142923,"combinedScore":0.0020376622068049694,"combinedScoreRank":206,"engagementSEI":0.0005116230525068507,"engagementSEIadj":0,"engagementSEIrank":191,"engagementScore":0.00020853048152607613,"voiceSEI":0.11627906976744186,"voiceSEIadj":0,"voiceSEIrank":201,"voiceScore":0.010892059688487093},"scoped":{"SEI":0.3302171155165703,"SEIrank":187,"SEIadj":0,"audienceSEI":1.851049276028259,"audienceSEIadj":0,"audienceSEIrank":174,"audienceScore":0.0754358842862478,"combinedScore":0.007098761724824072,"combinedScoreRank":187,"engagementSEI":0.016628421297681998,"engagementSEIadj":0,"engagementSEIrank":176,"engagementScore":0.0024285284089253277,"voiceSEI":0.45045045045045046,"voiceSEIadj":0,"voiceSEIrank":185,"voiceScore":0.022825838849577722}},"facebook":{"entityString":"536575ffb08f37d80186deac","type":"facebook","profiles":1,"postsMade":0,"repliesMade":0,"repliesRcvd":0,"sharesMade":0,"sharesRcvd":0,"mentionsRcvd":0,"likesRcvd":0,"reachRcvd":0,"audience":1,"voice":0,"conversation":0,"engagement":0,"group_scoped":{"audienceScore":0.0000945393146466924,"voiceScore":0,"engagementScore":0,"combinedScore":0.0000945393146466924,"combinedScoreRank":182,"SEIrank":182,"engagementSEIrank":221,"voiceSEIrank":221,"audienceSEIrank":182,"engagementSEI":0,"engagementSEIadj":0,"voiceSEI":0,"voiceSEIadj":0,"audienceSEI":0.00011909795211071345,"audienceSEIadj":0.00011909795211071345,"SEI":0.000011909795211071346,"SEIadj":0.000011909795211071346},"non_scoped":{"SEI":0.00000543449906961376,"SEIrank":194,"SEIadj":0,"audienceSEI":0.0000543449906961376,"audienceSEIadj":0,"audienceSEIrank":194,"audienceScore":0.00001042736557822349,"combinedScore":5.213682789111745e-7,"combinedScoreRank":194,"engagementSEI":0,"engagementSEIadj":0,"engagementSEIrank":221,"engagementScore":0,"voiceSEI":0,"voiceSEIadj":0,"voiceSEIrank":221,"voiceScore":0},"scoped":{"SEI":0.00007022422595346943,"SEIrank":176,"SEIadj":0,"audienceSEI":0.0007022422595346942,"audienceSEIadj":0,"audienceSEIrank":176,"audienceScore":0.000042986033407885445,"combinedScore":0.0000021493016703942725,"combinedScoreRank":176,"engagementSEI":0,"engagementSEIadj":0,"engagementSEIrank":198,"engagementScore":0,"voiceSEI":0,"voiceSEIadj":0,"voiceSEIrank":198,"voiceScore":0}},"twitter":{"entityString":"536575ffb08f37d80186deac","type":"twitter","profiles":1,"postsMade":1,"repliesMade":0,"repliesRcvd":0,"sharesMade":0,"sharesRcvd":0,"mentionsRcvd":0,"likesRcvd":5,"reachRcvd":0,"audience":3544,"voice":1,"conversation":1,"engagement":5,"group_scoped":{"audienceScore":1.042310022528484,"voiceScore":0.13227513227513227,"engagementScore":0.088261253309797,"combinedScore":0.13816438571899814,"combinedScoreRank":206,"SEIrank":188,"engagementSEIrank":168,"voiceSEIrank":185,"audienceSEIrank":141,"engagementSEI":0.19849146486701072,"engagementSEIadj":0.19849146486701072,"voiceSEI":0.25316455696202533,"voiceSEIadj":0.25316455696202533,"audienceSEI":2.8085079405331728,"audienceSEIadj":2.8085079405331728,"SEI":0.47589504006213135,"SEIadj":0.47589504006213135},"non_scoped":{"SEI":0.14530167923709797,"SEIrank":183,"SEIadj":0,"audienceSEI":0.6396280627788447,"audienceSEIadj":0,"audienceSEIrank":160,"audienceScore":0.10351573795563428,"combinedScore":0.013384981770347143,"combinedScoreRank":179,"engagementSEI":0.03204511952829584,"engagementSEIadj":0,"engagementSEIrank":172,"engagementScore":0.008152616990053808,"voiceSEI":0.2070393374741201,"voiceSEIadj":0,"voiceSEIrank":189,"voiceScore":0.01743679163034002},"scoped":{"SEI":0.6035560447203722,"SEIrank":167,"SEIadj":0,"audienceSEI":3.0404159124250407,"audienceSEIadj":0,"audienceSEIrank":144,"audienceScore":0.16433518442265674,"combinedScore":0.025253351221616836,"combinedScoreRank":163,"engagementSEI":0.19054878048780488,"engagementSEIadj":0,"engagementSEIrank":159,"engagementScore":0.01715913380692543,"voiceSEI":0.6172839506172839,"voiceSEIadj":0,"voiceSEIrank":175,"voiceScore":0.03186743148502231}},"instagram":{"entityString":"536575ffb08f37d80186deac","type":"instagram","profiles":0,"postsMade":0,"repliesMade":0,"repliesRcvd":0,"sharesMade":0,"sharesRcvd":0,"mentionsRcvd":0,"likesRcvd":0,"reachRcvd":0,"audience":0,"voice":0,"conversation":0,"engagement":0,"group_scoped":{"audienceScore":0,"voiceScore":0,"engagementScore":0,"combinedScore":0,"combinedScoreRank":218,"SEIrank":218,"engagementSEIrank":218,"voiceSEIrank":218,"audienceSEIrank":218,"engagementSEI":0,"engagementSEIadj":0,"voiceSEI":0,"voiceSEIadj":0,"audienceSEI":0,"audienceSEIadj":0,"SEI":0,"SEIadj":0},"non_scoped":{"SEI":0,"SEIrank":218,"SEIadj":0,"audienceSEI":0,"audienceSEIadj":0,"audienceSEIrank":218,"audienceScore":0,"combinedScore":0,"combinedScoreRank":218,"engagementSEI":0,"engagementSEIadj":0,"engagementSEIrank":218,"engagementScore":0,"voiceSEI":0,"voiceSEIadj":0,"voiceSEIrank":218,"voiceScore":0},"scoped":{"SEI":0,"SEIrank":195,"SEIadj":0,"audienceSEI":0,"audienceSEIadj":0,"audienceSEIrank":195,"audienceScore":0,"combinedScore":0,"combinedScoreRank":195,"engagementSEI":0,"engagementSEIadj":0,"engagementSEIrank":195,"engagementScore":0,"voiceSEI":0,"voiceSEIadj":0,"voiceSEIrank":195,"voiceScore":0}}},"month":{"boundaryQuantum":4975782,"combined":{"entityString":"536575ffb08f37d80186deac","type":"combined","profiles":2,"postsMade":8,"repliesMade":0,"repliesRcvd":0,"sharesMade":0,"sharesRcvd":2,"mentionsRcvd":0,"likesRcvd":18,"reachRcvd":0,"audience":3545,"voice":8,"conversation":8,"engagement":20,"group_scoped":{"audienceScore":0.25331887021927624,"voiceScore":0.1786511835640911,"engagementScore":0.005037491530717364,"combinedScore":0.026132245066813994,"combinedScoreRank":216,"SEIrank":201,"engagementSEIrank":191,"voiceSEIrank":190,"audienceSEIrank":183,"engagementSEI":0.006230859578233116,"engagementSEIadj":0.006230859578233116,"voiceSEI":0.2926115581565472,"voiceSEIadj":0.2926115581565472,"audienceSEI":0.3664158432215653,"audienceSEIadj":0.3664158432215653,"SEI":0.12816356751606056,"SEIadj":0.12816356751606056},"non_scoped":{"SEI":0.08074834295971078,"SEIrank":203,"SEIadj":0,"audienceSEI":0.14100540633422537,"audienceSEIadj":0,"audienceSEIrank":191,"audienceScore":0.026107635780142923,"combinedScore":0.0025601932475807407,"combinedScoreRank":205,"engagementSEI":0.0005519004415755433,"engagementSEIadj":0,"engagementSEIrank":198,"engagementScore":0.0002173663072224955,"voiceSEI":0.22105554020447638,"voiceSEIadj":0,"voiceSEIrank":190,"voiceScore":0.021183635641466966},"scoped":{"SEI":0.4488371337356303,"SEIrank":188,"SEIadj":0,"audienceSEI":1.851049276028259,"audienceSEIadj":0,"audienceSEIrank":174,"audienceScore":0.0754358842862478,"combinedScore":0.007902436581354625,"combinedScoreRank":188,"engagementSEI":0.018501045309059962,"engagementSEIadj":0,"engagementSEIrank":183,"engagementScore":0.0021080591099774436,"voiceSEI":0.8421052631578947,"voiceSEIadj":0,"voiceSEIrank":178,"voiceScore":0.0446677833612507}},"facebook":{"entityString":"536575ffb08f37d80186deac","type":"facebook","profiles":1,"postsMade":0,"repliesMade":0,"repliesRcvd":0,"sharesMade":0,"sharesRcvd":0,"mentionsRcvd":0,"likesRcvd":0,"reachRcvd":0,"audience":1,"voice":0,"conversation":0,"engagement":0,"group_scoped":{"audienceScore":0.0000945393146466924,"voiceScore":0,"engagementScore":0,"combinedScore":0.0000945393146466924,"combinedScoreRank":182,"SEIrank":182,"engagementSEIrank":221,"voiceSEIrank":221,"audienceSEIrank":182,"engagementSEI":0,"engagementSEIadj":0,"voiceSEI":0,"voiceSEIadj":0,"audienceSEI":0.00011909795211071345,"audienceSEIadj":0.00011909795211071345,"SEI":0.000011909795211071346,"SEIadj":0.000011909795211071346},"non_scoped":{"SEI":0.00000543449906961376,"SEIrank":194,"SEIadj":0,"audienceSEI":0.0000543449906961376,"audienceSEIadj":0,"audienceSEIrank":194,"audienceScore":0.00001042736557822349,"combinedScore":5.213682789111745e-7,"combinedScoreRank":194,"engagementSEI":0,"engagementSEIadj":0,"engagementSEIrank":221,"engagementScore":0,"voiceSEI":0,"voiceSEIadj":0,"voiceSEIrank":221,"voiceScore":0},"scoped":{"SEI":0.00007022422595346943,"SEIrank":176,"SEIadj":0,"audienceSEI":0.0007022422595346942,"audienceSEIadj":0,"audienceSEIrank":176,"audienceScore":0.000042986033407885445,"combinedScore":0.0000021493016703942725,"combinedScoreRank":176,"engagementSEI":0,"engagementSEIadj":0,"engagementSEIrank":198,"engagementScore":0,"voiceSEI":0,"voiceSEIadj":0,"voiceSEIrank":198,"voiceScore":0}},"twitter":{"entityString":"536575ffb08f37d80186deac","type":"twitter","profiles":1,"postsMade":8,"repliesMade":0,"repliesRcvd":0,"sharesMade":0,"sharesRcvd":2,"mentionsRcvd":0,"likesRcvd":18,"reachRcvd":0,"audience":3544,"voice":8,"conversation":8,"engagement":20,"group_scoped":{"audienceScore":1.042310022528484,"voiceScore":0.2545338848234171,"engagementScore":0.07909202356942302,"combinedScore":0.13602501658007576,"combinedScoreRank":204,"SEIrank":191,"engagementSEIrank":181,"voiceSEIrank":180,"audienceSEIrank":141,"engagementSEI":0.21381227282446014,"engagementSEIadj":0.21381227282446014,"voiceSEI":0.48691418137553255,"voiceSEIadj":0.48691418137553255,"audienceSEI":2.8085079405331728,"audienceSEIadj":2.8085079405331728,"SEI":0.5552124121606532,"SEIadj":0.5552124121606532},"non_scoped":{"SEI":0.20526613839245483,"SEIrank":181,"SEIadj":0,"audienceSEI":0.6396280627788447,"audienceSEIadj":0,"audienceSEIrank":160,"audienceScore":0.10351573795563428,"combinedScore":0.014352797423225278,"combinedScoreRank":185,"engagementSEI":0.03470234067287838,"engagementSEIadj":0,"engagementSEIrank":180,"engagementScore":0.008289846181904096,"voiceSEI":0.4016064257028112,"voiceSEIadj":0,"voiceSEIrank":177,"voiceScore":0.03432297923459756},"scoped":{"SEI":0.7950906171037332,"SEIrank":172,"SEIadj":0,"audienceSEI":3.0404159124250407,"audienceSEIadj":0,"audienceSEIrank":144,"audienceScore":0.16433518442265674,"combinedScore":0.02648858926102688,"combinedScoreRank":170,"engagementSEI":0.19729703067968826,"engagementSEIadj":0,"engagementSEIrank":167,"engagementScore":0.016827368031366214,"voiceSEI":1.2422360248447204,"voiceSEIadj":0,"voiceSEIrank":165,"voiceScore":0.06254397623328903}},"instagram":{"entityString":"536575ffb08f37d80186deac","type":"instagram","profiles":0,"postsMade":0,"repliesMade":0,"repliesRcvd":0,"sharesMade":0,"sharesRcvd":0,"mentionsRcvd":0,"likesRcvd":0,"reachRcvd":0,"audience":0,"voice":0,"conversation":0,"engagement":0,"group_scoped":{"audienceScore":0,"voiceScore":0,"engagementScore":0,"combinedScore":0,"combinedScoreRank":218,"SEIrank":218,"engagementSEIrank":218,"voiceSEIrank":218,"audienceSEIrank":218,"engagementSEI":0,"engagementSEIadj":0,"voiceSEI":0,"voiceSEIadj":0,"audienceSEI":0,"audienceSEIadj":0,"SEI":0,"SEIadj":0},"non_scoped":{"SEI":0,"SEIrank":218,"SEIadj":0,"audienceSEI":0,"audienceSEIadj":0,"audienceSEIrank":218,"audienceScore":0,"combinedScore":0,"combinedScoreRank":218,"engagementSEI":0,"engagementSEIadj":0,"engagementSEIrank":218,"engagementScore":0,"voiceSEI":0,"voiceSEIadj":0,"voiceSEIrank":218,"voiceScore":0},"scoped":{"SEI":0,"SEIrank":195,"SEIadj":0,"audienceSEI":0,"audienceSEIadj":0,"audienceSEIrank":195,"audienceScore":0,"combinedScore":0,"combinedScoreRank":195,"engagementSEI":0,"engagementSEIadj":0,"engagementSEIrank":195,"engagementScore":0,"voiceSEI":0,"voiceSEIadj":0,"voiceSEIrank":195,"voiceScore":0}}},"quarter":{"boundaryQuantum":4958502,"combined":{"entityString":"536575ffb08f37d80186deac","type":"combined","profiles":2,"postsMade":12,"repliesMade":0,"repliesRcvd":0,"sharesMade":0,"sharesRcvd":2,"mentionsRcvd":0,"likesRcvd":22,"reachRcvd":0,"audience":3545,"voice":12,"conversation":12,"engagement":24,"group_scoped":{"audienceScore":0.25331887021927624,"voiceScore":0.08463817181548879,"engagementScore":0.001945619923148013,"combinedScore":0.018648910032571464,"combinedScoreRank":219,"SEIrank":209,"engagementSEIrank":201,"voiceSEIrank":201,"audienceSEIrank":183,"engagementSEI":0.002353088821259373,"engagementSEIadj":0.002353088821259373,"voiceSEI":0.13943760167325123,"voiceSEIadj":0.13943760167325123,"audienceSEI":0.3664158432215653,"audienceSEIadj":0.3664158432215653,"SEI":0.07988471811688753,"SEIadj":0.07988471811688753},"non_scoped":{"SEI":0.04784587790164138,"SEIrank":207,"SEIadj":0,"audienceSEI":0.14100540633422537,"audienceSEIadj":0,"audienceSEIrank":191,"audienceScore":0.026107635780142923,"combinedScore":0.0019120675751540753,"combinedScoreRank":210,"engagementSEI":0.00020935616176182982,"engagementSEIadj":0,"engagementSEIrank":208,"engagementScore":0.00008108102629660386,"voiceSEI":0.11206574523720583,"voiceSEIadj":0,"voiceSEIrank":201,"voiceScore":0.010674257249599715},"scoped":{"SEI":0.32815119872170967,"SEIrank":191,"SEIadj":0,"audienceSEI":1.851049276028259,"audienceSEIadj":0,"audienceSEIrank":174,"audienceScore":0.0754358842862478,"combinedScore":0.005607182295903018,"combinedScoreRank":192,"engagementSEI":0.00485653983677979,"engagementSEIadj":0,"engagementSEIrank":193,"engagementScore":0.000792188493330103,"voiceSEI":0.46710782405605294,"voiceSEIadj":0,"voiceSEIrank":188,"voiceScore":0.022448368751870697}},"facebook":{"entityString":"536575ffb08f37d80186deac","type":"facebook","profiles":1,"postsMade":0,"repliesMade":0,"repliesRcvd":0,"sharesMade":0,"sharesRcvd":0,"mentionsRcvd":0,"likesRcvd":0,"reachRcvd":0,"audience":1,"voice":0,"conversation":0,"engagement":0,"group_scoped":{"audienceScore":0.0000945393146466924,"voiceScore":0,"engagementScore":0,"combinedScore":0.0000945393146466924,"combinedScoreRank":182,"SEIrank":182,"engagementSEIrank":221,"voiceSEIrank":221,"audienceSEIrank":182,"engagementSEI":0,"engagementSEIadj":0,"voiceSEI":0,"voiceSEIadj":0,"audienceSEI":0.00011909795211071345,"audienceSEIadj":0.00011909795211071345,"SEI":0.000011909795211071346,"SEIadj":0.000011909795211071346},"non_scoped":{"SEI":0.00000543449906961376,"SEIrank":194,"SEIadj":0,"audienceSEI":0.0000543449906961376,"audienceSEIadj":0,"audienceSEIrank":194,"audienceScore":0.00001042736557822349,"combinedScore":5.213682789111745e-7,"combinedScoreRank":194,"engagementSEI":0,"engagementSEIadj":0,"engagementSEIrank":221,"engagementScore":0,"voiceSEI":0,"voiceSEIadj":0,"voiceSEIrank":221,"voiceScore":0},"scoped":{"SEI":0.00007022422595346943,"SEIrank":176,"SEIadj":0,"audienceSEI":0.0007022422595346942,"audienceSEIadj":0,"audienceSEIrank":176,"audienceScore":0.000042986033407885445,"combinedScore":0.0000021493016703942725,"combinedScoreRank":176,"engagementSEI":0,"engagementSEIadj":0,"engagementSEIrank":198,"engagementScore":0,"voiceSEI":0,"voiceSEIadj":0,"voiceSEIrank":198,"voiceScore":0}},"twitter":{"entityString":"536575ffb08f37d80186deac","type":"twitter","profiles":1,"postsMade":12,"repliesMade":0,"repliesRcvd":0,"sharesMade":0,"sharesRcvd":2,"mentionsRcvd":0,"likesRcvd":22,"reachRcvd":0,"audience":3544,"voice":12,"conversation":12,"engagement":24,"group_scoped":{"audienceScore":1.042310022528484,"voiceScore":0.11844832691738229,"engagementScore":0.028674177708216345,"combinedScore":0.08384467740968804,"combinedScoreRank":213,"SEIrank":199,"engagementSEIrank":199,"voiceSEIrank":196,"audienceSEIrank":141,"engagementSEI":0.07054051670928489,"engagementSEIadj":0.07054051670928489,"voiceSEI":0.22637238256932654,"voiceSEIadj":0.22637238256932654,"audienceSEI":2.8085079405331728,"audienceSEIadj":2.8085079405331728,"SEI":0.3910868188496862,"SEIadj":0.3910868188496862},"non_scoped":{"SEI":0.13071169993404833,"SEIrank":198,"SEIadj":0,"audienceSEI":0.6396280627788447,"audienceSEIadj":0,"audienceSEIrank":160,"audienceScore":0.10351573795563428,"combinedScore":0.008636696623038648,"combinedScoreRank":203,"engagementSEI":0.011381311885883379,"engagementSEIadj":0,"engagementSEIrank":195,"engagementScore":0.002887669650591972,"voiceSEI":0.1997336884154461,"voiceSEIadj":0,"voiceSEIrank":195,"voiceScore":0.017240140794483154},"scoped":{"SEI":0.5507995072456182,"SEIrank":183,"SEIadj":0,"audienceSEI":3.0404159124250407,"audienceSEIadj":0,"audienceSEIrank":144,"audienceScore":0.16433518442265674,"combinedScore":0.015176999471624182,"combinedScoreRank":186,"engagementSEI":0.07550493928144467,"engagementSEIadj":0,"engagementSEIrank":182,"engagementScore":0.005986799107966933,"voiceSEI":0.6715165081141579,"voiceSEIadj":0,"voiceSEIrank":182,"voiceScore":0.031442421066422116}},"instagram":{"entityString":"536575ffb08f37d80186deac","type":"instagram","profiles":0,"postsMade":0,"repliesMade":0,"repliesRcvd":0,"sharesMade":0,"sharesRcvd":0,"mentionsRcvd":0,"likesRcvd":0,"reachRcvd":0,"audience":0,"voice":0,"conversation":0,"engagement":0,"group_scoped":{"audienceScore":0,"voiceScore":0,"engagementScore":0,"combinedScore":0,"combinedScoreRank":218,"SEIrank":218,"engagementSEIrank":218,"voiceSEIrank":218,"audienceSEIrank":218,"engagementSEI":0,"engagementSEIadj":0,"voiceSEI":0,"voiceSEIadj":0,"audienceSEI":0,"audienceSEIadj":0,"SEI":0,"SEIadj":0},"non_scoped":{"SEI":0,"SEIrank":218,"SEIadj":0,"audienceSEI":0,"audienceSEIadj":0,"audienceSEIrank":218,"audienceScore":0,"combinedScore":0,"combinedScoreRank":218,"engagementSEI":0,"engagementSEIadj":0,"engagementSEIrank":218,"engagementScore":0,"voiceSEI":0,"voiceSEIadj":0,"voiceSEIrank":218,"voiceScore":0},"scoped":{"SEI":0,"SEIrank":195,"SEIadj":0,"audienceSEI":0,"audienceSEIadj":0,"audienceSEIrank":195,"audienceScore":0,"combinedScore":0,"combinedScoreRank":195,"engagementSEI":0,"engagementSEIadj":0,"engagementSEIrank":195,"engagementScore":0,"voiceSEI":0,"voiceSEIadj":0,"voiceSEIrank":195,"voiceScore":0}}},"blended":{"combined":{"non_scoped":{"SEI":0.0680879121969903,"SEIadj":40.0408527473182,"SEIrank":207,"audienceSEI":0.14100540633422534,"audienceSEIadj":40.08460324380054,"audienceSEIrank":191,"engagementSEI":0.00046896284366533623,"engagementSEIadj":40.0002813777062,"engagementSEIrank":203,"voiceSEI":0.1790199795245619,"voiceSEIadj":40.107411987714734,"voiceSEIrank":196},"scoped":{"SEI":0.2981398569688829,"SEIadj":20.238511885575107,"SEIrank":190,"compCharisma":0,"compInfluence":0,"compEva":0.2981398569688829,"audienceSEI":1.851049276028259,"audienceSEIadj":41.110629565616954,"audienceSEIrank":174,"engagementSEI":0.011597948267430127,"engagementSEIadj":20.009278358613944,"engagementSEIrank":190,"voiceSEI":0.6674186297402941,"voiceSEIadj":40.400451177844175,"voiceSEIrank":184}},"facebook":{"non_scoped":{"SEI":0.00000543449906961376,"SEIadj":40.000003260699444,"SEIrank":194,"audienceSEI":0.000054344990696137594,"audienceSEIadj":40.00003260699442,"audienceSEIrank":194,"engagementSEI":0,"engagementSEIadj":0,"engagementSEIrank":221,"voiceSEI":0,"voiceSEIadj":0,"voiceSEIrank":221},"scoped":{"SEI":0.00007022422595346943,"SEIadj":40.00004213453557,"SEIrank":176,"audienceSEI":0.0007022422595346942,"audienceSEIadj":40.00042134535572,"audienceSEIrank":176,"engagementSEI":0,"engagementSEIadj":0,"engagementSEIrank":198,"voiceSEI":0,"voiceSEIadj":0,"voiceSEIrank":198}},"twitter":{"non_scoped":{"SEI":0.1836421701703107,"SEIadj":40.11018530210219,"SEIrank":187,"audienceSEI":0.6396280627788447,"audienceSEIadj":50.31981403138942,"audienceSEIrank":160,"engagementSEI":0.03627246850135337,"engagementSEIadj":40.02176348110081,"engagementSEIrank":183,"voiceSEI":0.3263862759720474,"voiceSEIadj":40.19583176558323,"voiceSEIrank":182},"scoped":{"SEI":0.6765055877511069,"SEIadj":40.40590335265066,"SEIrank":175,"audienceSEI":3.0404159124250407,"audienceSEIadj":51.52020795621252,"audienceSEIrank":144,"engagementSEI":0.1709800598760059,"engagementSEIadj":40.102588035925606,"engagementSEIrank":175,"voiceSEI":0.8995865352766645,"voiceSEIadj":40.539751921166,"voiceSEIrank":173}},"instagram":{"non_scoped":{"SEI":0,"SEIadj":0,"SEIrank":218,"audienceSEI":0,"audienceSEIadj":0,"audienceSEIrank":218,"engagementSEI":0,"engagementSEIadj":0,"engagementSEIrank":218,"voiceSEI":0,"voiceSEIadj":0,"voiceSEIrank":218},"scoped":{"SEI":0,"SEIadj":0,"SEIrank":195,"audienceSEI":0,"audienceSEIadj":0,"audienceSEIrank":195,"engagementSEI":0,"engagementSEIadj":0,"engagementSEIrank":195,"voiceSEI":0,"voiceSEIadj":0,"voiceSEIrank":195}},"influence":{"facebook":{"scope":"individual","ratio":0,"calculated":false},"instagram":{"scope":"individual","ratio":0,"calculated":false},"combined":{"ratio":0.03,"bottom":true,"scope":"individual","calculated":true},"twitter":{"ratio":0.04,"bottom":false,"scope":"individual","calculated":true}},"charisma":{"facebook":{"scope":"individual","ratio":0,"calculated":false},"instagram":{"scope":"individual","ratio":0,"calculated":false},"combined":{"ratio":0.02,"bottom":true,"scope":"individual","calculated":true},"twitter":{"ratio":0.09,"bottom":false,"scope":"individual","calculated":true}}},"scope":"individual"}}