{"scoreEntityString":"591d1494ab33fb0001804f89.asset.53bee71eb4e50eb276dac809","timeQuantum":4984422,"scoreEntityType":"asset","scoreProfileID":"591d1494ab33fb0001804f89","data":{"scoreEntityString":"591d1494ab33fb0001804f89.asset.53bee71eb4e50eb276dac809","scoreProfileID":"591d1494ab33fb0001804f89","scoreEntityType":"asset","entityID":"asset.53bee71eb4e50eb276dac809","object_version":"1.2","score_engine_version":"3.0.19","timestamp":4984422,"start_quantum":4958502,"end_quantum":4984421,"schedule_options":{"interval":15,"offset":"1"},"_15min":{"boundaryQuantum":4984419,"combined":{"entityString":"53bee71eb4e50eb276dac809","type":"combined","profiles":2,"postsMade":0,"repliesMade":0,"repliesRcvd":0,"sharesMade":0,"sharesRcvd":0,"mentionsRcvd":0,"likesRcvd":0,"reachRcvd":0,"audience":5062,"voice":0,"conversation":0,"engagement":0,"group_scoped":{"audienceScore":0.12853640154954668,"voiceScore":0,"engagementScore":0,"combinedScore":0.12853640154954668,"engagementSEI":0,"engagementSEIadj":0,"voiceSEI":0,"voiceSEIadj":0,"audienceSEI":0.20134537852294748,"audienceSEIadj":0.20134537852294748,"SEI":0.02013453785229475,"SEIadj":0.02013453785229475,"combinedScoreRank":211,"SEIrank":209,"engagementSEIrank":158,"voiceSEIrank":156,"audienceSEIrank":209},"non_scoped":{"SEI":0.02013453785229475,"SEIrank":160,"SEIadj":0,"audienceSEI":0.20134537852294748,"audienceSEIadj":0,"audienceSEIrank":160,"audienceScore":0.037279789088599004,"combinedScore":0.0018639894544299502,"combinedScoreRank":160,"engagementSEI":0,"engagementSEIadj":0,"engagementSEIrank":158,"engagementScore":0,"voiceSEI":0,"voiceSEIadj":0,"voiceSEIrank":156,"voiceScore":0},"scoped":{"SEI":0.264316260514952,"SEIrank":145,"SEIadj":0,"audienceSEI":2.64316260514952,"audienceSEIadj":0,"audienceSEIrank":145,"audienceScore":0.10771691008659699,"combinedScore":0.015388130012370998,"combinedScoreRank":145,"engagementSEI":0,"engagementSEIadj":0,"engagementSEIrank":140,"engagementScore":0,"voiceSEI":0,"voiceSEIadj":0,"voiceSEIrank":139,"voiceScore":0}},"facebook":{"entityString":"53bee71eb4e50eb276dac809","type":"facebook","profiles":1,"postsMade":0,"repliesMade":0,"repliesRcvd":0,"sharesMade":0,"sharesRcvd":0,"mentionsRcvd":0,"likesRcvd":0,"reachRcvd":0,"audience":1088,"voice":0,"conversation":0,"engagement":0,"group_scoped":{"audienceScore":0.04209837166748632,"voiceScore":0,"engagementScore":0,"combinedScore":0.04209837166748632,"engagementSEI":0,"engagementSEIadj":0,"voiceSEI":0,"voiceSEIadj":0,"audienceSEI":0.0591273498773977,"audienceSEIadj":0.0591273498773977,"SEI":0.00591273498773977,"SEIadj":0.00591273498773977,"combinedScoreRank":162,"SEIrank":163,"engagementSEIrank":158,"voiceSEIrank":156,"audienceSEIrank":163},"non_scoped":{"SEI":0.00591273498773977,"SEIrank":158,"SEIadj":0,"audienceSEI":0.0591273498773977,"audienceSEIadj":0,"audienceSEIrank":158,"audienceScore":0.011344973749107156,"combinedScore":0.0005672486874553578,"combinedScoreRank":158,"engagementSEI":0,"engagementSEIadj":0,"engagementSEIrank":158,"engagementScore":0,"voiceSEI":0,"voiceSEIadj":0,"voiceSEIrank":156,"voiceScore":0},"scoped":{"SEI":0.07640395783737475,"SEIrank":143,"SEIadj":0,"audienceSEI":0.7640395783737474,"audienceSEIadj":0,"audienceSEIrank":143,"audienceScore":0.046768804347779365,"combinedScore":0.00668125776396848,"combinedScoreRank":143,"engagementSEI":0,"engagementSEIadj":0,"engagementSEIrank":140,"engagementScore":0,"voiceSEI":0,"voiceSEIadj":0,"voiceSEIrank":139,"voiceScore":0}},"twitter":{"entityString":"53bee71eb4e50eb276dac809","type":"twitter","profiles":1,"postsMade":0,"repliesMade":0,"repliesRcvd":0,"sharesMade":0,"sharesRcvd":0,"mentionsRcvd":0,"likesRcvd":0,"reachRcvd":0,"audience":3974,"voice":0,"conversation":0,"engagement":0,"group_scoped":{"audienceScore":0.32208363962617553,"voiceScore":0,"engagementScore":0,"combinedScore":0.32208363962617553,"engagementSEI":0,"engagementSEIadj":0,"voiceSEI":0,"voiceSEIadj":0,"audienceSEI":0.7172353051588963,"audienceSEIadj":0.7172353051588963,"SEI":0.07172353051588963,"SEIadj":0.07172353051588963,"combinedScoreRank":211,"SEIrank":215,"engagementSEIrank":156,"voiceSEIrank":155,"audienceSEIrank":215},"non_scoped":{"SEI":0.07172353051588963,"SEIrank":152,"SEIadj":0,"audienceSEI":0.7172353051588963,"audienceSEIadj":0,"audienceSEIrank":152,"audienceScore":0.11607549171435964,"combinedScore":0.005803774585717982,"combinedScoreRank":152,"engagementSEI":0,"engagementSEIadj":0,"engagementSEIrank":156,"engagementScore":0,"voiceSEI":0,"voiceSEIadj":0,"voiceSEIrank":155,"voiceScore":0},"scoped":{"SEI":0.34093151343050543,"SEIrank":136,"SEIadj":0,"audienceSEI":3.409315134305054,"audienceSEIadj":0,"audienceSEIrank":136,"audienceScore":0.18427427282608294,"combinedScore":0.026324896118011847,"combinedScoreRank":136,"engagementSEI":0,"engagementSEIadj":0,"engagementSEIrank":139,"engagementScore":0,"voiceSEI":0,"voiceSEIadj":0,"voiceSEIrank":139,"voiceScore":0}},"instagram":{"entityString":"53bee71eb4e50eb276dac809","type":"instagram","profiles":0,"postsMade":0,"repliesMade":0,"repliesRcvd":0,"sharesMade":0,"sharesRcvd":0,"mentionsRcvd":0,"likesRcvd":0,"reachRcvd":0,"audience":0,"voice":0,"conversation":0,"engagement":0,"group_scoped":{"audienceScore":0,"voiceScore":0,"engagementScore":0,"combinedScore":0,"engagementSEI":0,"engagementSEIadj":0,"voiceSEI":0,"voiceSEIadj":0,"audienceSEI":0,"audienceSEIadj":0,"SEI":0,"SEIadj":0,"combinedScoreRank":175,"SEIrank":157,"engagementSEIrank":156,"voiceSEIrank":155,"audienceSEIrank":157},"non_scoped":{"SEI":0,"SEIrank":157,"SEIadj":0,"audienceSEI":0,"audienceSEIadj":0,"audienceSEIrank":157,"audienceScore":0,"combinedScore":0,"combinedScoreRank":157,"engagementSEI":0,"engagementSEIadj":0,"engagementSEIrank":156,"engagementScore":0,"voiceSEI":0,"voiceSEIadj":0,"voiceSEIrank":155,"voiceScore":0},"scoped":{"SEI":0,"SEIrank":139,"SEIadj":0,"audienceSEI":0,"audienceSEIadj":0,"audienceSEIrank":139,"audienceScore":0,"combinedScore":0,"combinedScoreRank":139,"engagementSEI":0,"engagementSEIadj":0,"engagementSEIrank":139,"engagementScore":0,"voiceSEI":0,"voiceSEIadj":0,"voiceSEIrank":139,"voiceScore":0}}},"hour":{"boundaryQuantum":4984410,"combined":{"entityString":"53bee71eb4e50eb276dac809","type":"combined","profiles":2,"postsMade":0,"repliesMade":0,"repliesRcvd":0,"sharesMade":0,"sharesRcvd":0,"mentionsRcvd":0,"likesRcvd":0,"reachRcvd":0,"audience":5062,"voice":0,"conversation":0,"engagement":0,"group_scoped":{"audienceScore":0.12853640154954668,"voiceScore":0,"engagementScore":0,"combinedScore":0.12853640154954668,"combinedScoreRank":208,"SEIrank":210,"engagementSEIrank":171,"voiceSEIrank":158,"audienceSEIrank":209,"engagementSEI":0,"engagementSEIadj":0,"voiceSEI":0,"voiceSEIadj":0,"audienceSEI":0.20134537852294748,"audienceSEIadj":0.20134537852294748,"SEI":0.02013453785229475,"SEIadj":0.02013453785229475},"non_scoped":{"SEI":0.02013453785229475,"SEIrank":163,"SEIadj":0,"audienceSEI":0.20134537852294748,"audienceSEIadj":0,"audienceSEIrank":160,"audienceScore":0.037279789088599004,"combinedScore":0.0018639894544299502,"combinedScoreRank":164,"engagementSEI":0,"engagementSEIadj":0,"engagementSEIrank":171,"engagementScore":0,"voiceSEI":0,"voiceSEIadj":0,"voiceSEIrank":158,"voiceScore":0},"scoped":{"SEI":0.264316260514952,"SEIrank":148,"SEIadj":0,"audienceSEI":2.64316260514952,"audienceSEIadj":0,"audienceSEIrank":145,"audienceScore":0.10771691008659699,"combinedScore":0.00538584550432985,"combinedScoreRank":149,"engagementSEI":0,"engagementSEIadj":0,"engagementSEIrank":151,"engagementScore":0,"voiceSEI":0,"voiceSEIadj":0,"voiceSEIrank":140,"voiceScore":0}},"facebook":{"entityString":"53bee71eb4e50eb276dac809","type":"facebook","profiles":1,"postsMade":0,"repliesMade":0,"repliesRcvd":0,"sharesMade":0,"sharesRcvd":0,"mentionsRcvd":0,"likesRcvd":0,"reachRcvd":0,"audience":1088,"voice":0,"conversation":0,"engagement":0,"group_scoped":{"audienceScore":0.04209837166748632,"voiceScore":0,"engagementScore":0,"combinedScore":0.04209837166748632,"combinedScoreRank":162,"SEIrank":163,"engagementSEIrank":169,"voiceSEIrank":157,"audienceSEIrank":163,"engagementSEI":0,"engagementSEIadj":0,"voiceSEI":0,"voiceSEIadj":0,"audienceSEI":0.0591273498773977,"audienceSEIadj":0.0591273498773977,"SEI":0.00591273498773977,"SEIadj":0.00591273498773977},"non_scoped":{"SEI":0.00591273498773977,"SEIrank":159,"SEIadj":0,"audienceSEI":0.0591273498773977,"audienceSEIadj":0,"audienceSEIrank":158,"audienceScore":0.011344973749107156,"combinedScore":0.0005672486874553578,"combinedScoreRank":159,"engagementSEI":0,"engagementSEIadj":0,"engagementSEIrank":169,"engagementScore":0,"voiceSEI":0,"voiceSEIadj":0,"voiceSEIrank":157,"voiceScore":0},"scoped":{"SEI":0.07640395783737475,"SEIrank":144,"SEIadj":0,"audienceSEI":0.7640395783737474,"audienceSEIadj":0,"audienceSEIrank":143,"audienceScore":0.046768804347779365,"combinedScore":0.002338440217388968,"combinedScoreRank":144,"engagementSEI":0,"engagementSEIadj":0,"engagementSEIrank":149,"engagementScore":0,"voiceSEI":0,"voiceSEIadj":0,"voiceSEIrank":139,"voiceScore":0}},"twitter":{"entityString":"53bee71eb4e50eb276dac809","type":"twitter","profiles":1,"postsMade":0,"repliesMade":0,"repliesRcvd":0,"sharesMade":0,"sharesRcvd":0,"mentionsRcvd":0,"likesRcvd":0,"reachRcvd":0,"audience":3974,"voice":0,"conversation":0,"engagement":0,"group_scoped":{"audienceScore":0.32208363962617553,"voiceScore":0,"engagementScore":0,"combinedScore":0.32208363962617553,"combinedScoreRank":211,"SEIrank":215,"engagementSEIrank":164,"voiceSEIrank":158,"audienceSEIrank":215,"engagementSEI":0,"engagementSEIadj":0,"voiceSEI":0,"voiceSEIadj":0,"audienceSEI":0.7172353051588963,"audienceSEIadj":0.7172353051588963,"SEI":0.07172353051588963,"SEIadj":0.07172353051588963},"non_scoped":{"SEI":0.07172353051588963,"SEIrank":154,"SEIadj":0,"audienceSEI":0.7172353051588963,"audienceSEIadj":0,"audienceSEIrank":152,"audienceScore":0.11607549171435964,"combinedScore":0.005803774585717982,"combinedScoreRank":154,"engagementSEI":0,"engagementSEIadj":0,"engagementSEIrank":164,"engagementScore":0,"voiceSEI":0,"voiceSEIadj":0,"voiceSEIrank":158,"voiceScore":0},"scoped":{"SEI":0.34093151343050543,"SEIrank":138,"SEIadj":0,"audienceSEI":3.409315134305054,"audienceSEIadj":0,"audienceSEIrank":136,"audienceScore":0.18427427282608294,"combinedScore":0.009213713641304147,"combinedScoreRank":138,"engagementSEI":0,"engagementSEIadj":0,"engagementSEIrank":146,"engagementScore":0,"voiceSEI":0,"voiceSEIadj":0,"voiceSEIrank":140,"voiceScore":0}},"instagram":{"entityString":"53bee71eb4e50eb276dac809","type":"instagram","profiles":0,"postsMade":0,"repliesMade":0,"repliesRcvd":0,"sharesMade":0,"sharesRcvd":0,"mentionsRcvd":0,"likesRcvd":0,"reachRcvd":0,"audience":0,"voice":0,"conversation":0,"engagement":0,"group_scoped":{"audienceScore":0,"voiceScore":0,"engagementScore":0,"combinedScore":0,"combinedScoreRank":175,"SEIrank":157,"engagementSEIrank":156,"voiceSEIrank":155,"audienceSEIrank":157,"engagementSEI":0,"engagementSEIadj":0,"voiceSEI":0,"voiceSEIadj":0,"audienceSEI":0,"audienceSEIadj":0,"SEI":0,"SEIadj":0},"non_scoped":{"SEI":0,"SEIrank":157,"SEIadj":0,"audienceSEI":0,"audienceSEIadj":0,"audienceSEIrank":157,"audienceScore":0,"combinedScore":0,"combinedScoreRank":157,"engagementSEI":0,"engagementSEIadj":0,"engagementSEIrank":156,"engagementScore":0,"voiceSEI":0,"voiceSEIadj":0,"voiceSEIrank":155,"voiceScore":0},"scoped":{"SEI":0,"SEIrank":139,"SEIadj":0,"audienceSEI":0,"audienceSEIadj":0,"audienceSEIrank":139,"audienceScore":0,"combinedScore":0,"combinedScoreRank":139,"engagementSEI":0,"engagementSEIadj":0,"engagementSEIrank":139,"engagementScore":0,"voiceSEI":0,"voiceSEIadj":0,"voiceSEIrank":139,"voiceScore":0}}},"today":{"boundaryQuantum":4984134,"combined":{"entityString":"53bee71eb4e50eb276dac809","type":"combined","profiles":2,"postsMade":0,"repliesMade":0,"repliesRcvd":2,"sharesMade":0,"sharesRcvd":0,"mentionsRcvd":0,"likesRcvd":6,"reachRcvd":0,"audience":5062,"voice":0,"conversation":2,"engagement":8,"group_scoped":{"audienceScore":0.12853640154954668,"voiceScore":0,"engagementScore":0.00749477707722431,"combinedScore":0.024786437716127502,"combinedScoreRank":225,"SEIrank":210,"engagementSEIrank":139,"voiceSEIrank":185,"audienceSEIrank":209,"engagementSEI":0.008291100539957923,"engagementSEIadj":0.008291100539957923,"voiceSEI":0,"voiceSEIadj":0,"audienceSEI":0.20134537852294748,"audienceSEIadj":0.20134537852294748,"SEI":0.025109198176269505,"SEIadj":0.025109198176269505},"non_scoped":{"SEI":0.022592383243578616,"SEIrank":178,"SEIadj":0,"audienceSEI":0.20134537852294748,"audienceSEIadj":0,"audienceSEIrank":160,"audienceScore":0.037279789088599004,"combinedScore":0.003785055005455586,"combinedScoreRank":160,"engagementSEI":0.0040964089854731095,"engagementSEIadj":0,"engagementSEIrank":108,"engagementScore":0.002134517278917373,"voiceSEI":0,"voiceSEIadj":0,"voiceSEIrank":185,"voiceScore":0},"scoped":{"SEI":0.29131136765178345,"SEIrank":163,"SEIadj":0,"audienceSEI":2.64316260514952,"audienceSEIadj":0,"audienceSEIrank":145,"audienceScore":0.10771691008659699,"combinedScore":0.02463306535035209,"combinedScoreRank":127,"engagementSEI":0.04499184522805242,"engagementSEIadj":0,"engagementSEIrank":97,"engagementScore":0.0213857998289136,"voiceSEI":0,"voiceSEIadj":0,"voiceSEIrank":165,"voiceScore":0}},"facebook":{"entityString":"53bee71eb4e50eb276dac809","type":"facebook","profiles":1,"postsMade":0,"repliesMade":0,"repliesRcvd":2,"sharesMade":0,"sharesRcvd":0,"mentionsRcvd":0,"likesRcvd":0,"reachRcvd":0,"audience":1088,"voice":0,"conversation":2,"engagement":2,"group_scoped":{"audienceScore":0.04209837166748632,"voiceScore":0,"engagementScore":0.002040483186418544,"combinedScore":0.0077630386837139395,"combinedScoreRank":167,"SEIrank":164,"engagementSEIrank":103,"voiceSEIrank":172,"audienceSEIrank":163,"engagementSEI":0.0022332644743453746,"engagementSEIadj":0.0022332644743453746,"voiceSEI":0,"voiceSEIadj":0,"audienceSEI":0.0591273498773977,"audienceSEIadj":0.0591273498773977,"SEI":0.007252693672346995,"SEIadj":0.007252693672346995},"non_scoped":{"SEI":0.0065516717968893455,"SEIrank":158,"SEIadj":0,"audienceSEI":0.0591273498773977,"audienceSEIadj":0,"audienceSEIrank":158,"audienceScore":0.011344973749107156,"combinedScore":0.001105750038196246,"combinedScoreRank":151,"engagementSEI":0.0010648946819159584,"engagementSEIadj":0,"engagementSEIrank":99,"engagementScore":0.0005983348341565423,"voiceSEI":0,"voiceSEIadj":0,"voiceSEIrank":172,"voiceScore":0},"scoped":{"SEI":0.110611483493019,"SEIrank":139,"SEIadj":0,"audienceSEI":0.7640395783737474,"audienceSEIadj":0,"audienceSEIrank":143,"audienceScore":0.046768804347779365,"combinedScore":0.014319270888315487,"combinedScoreRank":111,"engagementSEI":0.05701254275940707,"engagementSEIadj":0,"engagementSEIrank":89,"engagementScore":0.013312034078807242,"voiceSEI":0,"voiceSEIadj":0,"voiceSEIrank":153,"voiceScore":0}},"twitter":{"entityString":"53bee71eb4e50eb276dac809","type":"twitter","profiles":1,"postsMade":0,"repliesMade":0,"repliesRcvd":0,"sharesMade":0,"sharesRcvd":0,"mentionsRcvd":0,"likesRcvd":6,"reachRcvd":0,"audience":3974,"voice":0,"conversation":0,"engagement":6,"group_scoped":{"audienceScore":0.32208363962617553,"voiceScore":0,"engagementScore":0.17767249037607344,"combinedScore":0.19830265455465942,"combinedScoreRank":213,"SEIrank":174,"engagementSEIrank":122,"voiceSEIrank":180,"audienceSEIrank":215,"engagementSEI":0.37831021437578816,"engagementSEIadj":0.37831021437578816,"voiceSEI":0,"voiceSEIadj":0,"audienceSEI":0.7172353051588963,"audienceSEIadj":0.7172353051588963,"SEI":0.2987096591413625,"SEIadj":0.2987096591413625},"non_scoped":{"SEI":0.2987096591413625,"SEIrank":117,"SEIadj":0,"audienceSEI":0.7172353051588963,"audienceSEIadj":0,"audienceSEIrank":152,"audienceScore":0.11607549171435964,"combinedScore":0.09127386005580346,"combinedScoreRank":83,"engagementSEI":0.37831021437578816,"engagementSEIadj":0,"engagementSEIrank":81,"engagementScore":0.0949667616334283,"voiceSEI":0,"voiceSEIadj":0,"voiceSEIrank":180,"voiceScore":0},"scoped":{"SEI":1.0100764948431449,"SEIrank":112,"SEIadj":0,"audienceSEI":3.409315134305054,"audienceSEIadj":0,"audienceSEIrank":136,"audienceScore":0.18427427282608294,"combinedScore":0.15942233672892586,"combinedScoreRank":73,"engagementSEI":1.1152416356877324,"engagementSEIadj":0,"engagementSEIrank":71,"engagementScore":0.16689847009735745,"voiceSEI":0,"voiceSEIadj":0,"voiceSEIrank":160,"voiceScore":0}},"instagram":{"entityString":"53bee71eb4e50eb276dac809","type":"instagram","profiles":0,"postsMade":0,"repliesMade":0,"repliesRcvd":0,"sharesMade":0,"sharesRcvd":0,"mentionsRcvd":0,"likesRcvd":0,"reachRcvd":0,"audience":0,"voice":0,"conversation":0,"engagement":0,"group_scoped":{"audienceScore":0,"voiceScore":0,"engagementScore":0,"combinedScore":0,"combinedScoreRank":175,"SEIrank":157,"engagementSEIrank":157,"voiceSEIrank":157,"audienceSEIrank":157,"engagementSEI":0,"engagementSEIadj":0,"voiceSEI":0,"voiceSEIadj":0,"audienceSEI":0,"audienceSEIadj":0,"SEI":0,"SEIadj":0},"non_scoped":{"SEI":0,"SEIrank":157,"SEIadj":0,"audienceSEI":0,"audienceSEIadj":0,"audienceSEIrank":157,"audienceScore":0,"combinedScore":0,"combinedScoreRank":157,"engagementSEI":0,"engagementSEIadj":0,"engagementSEIrank":157,"engagementScore":0,"voiceSEI":0,"voiceSEIadj":0,"voiceSEIrank":157,"voiceScore":0},"scoped":{"SEI":0,"SEIrank":139,"SEIadj":0,"audienceSEI":0,"audienceSEIadj":0,"audienceSEIrank":139,"audienceScore":0,"combinedScore":0,"combinedScoreRank":139,"engagementSEI":0,"engagementSEIadj":0,"engagementSEIrank":139,"engagementScore":0,"voiceSEI":0,"voiceSEIadj":0,"voiceSEIrank":139,"voiceScore":0}}},"week":{"boundaryQuantum":4982406,"combined":{"entityString":"53bee71eb4e50eb276dac809","type":"combined","profiles":2,"postsMade":19,"repliesMade":0,"repliesRcvd":8,"sharesMade":0,"sharesRcvd":85,"mentionsRcvd":0,"likesRcvd":117,"reachRcvd":0,"audience":5062,"voice":19,"conversation":27,"engagement":210,"group_scoped":{"audienceScore":0.12853640154954668,"voiceScore":0.862851952770209,"engagementScore":0.025851817382762005,"combinedScore":0.0728360533604736,"combinedScoreRank":171,"SEIrank":116,"engagementSEIrank":142,"voiceSEIrank":98,"audienceSEIrank":209,"engagementSEI":0.02857897186468265,"engagementSEIadj":0.02857897186468265,"voiceSEI":2.2093023255813953,"voiceSEIadj":2.2093023255813953,"audienceSEI":0.20134537852294748,"audienceSEIadj":0.20134537852294748,"SEI":0.700072618645523,"SEIadj":0.700072618645523},"non_scoped":{"SEI":0.695818136449886,"SEIrank":95,"SEIadj":0,"audienceSEI":0.20134537852294748,"audienceSEIadj":0,"audienceSEIrank":160,"audienceScore":0.037279789088599004,"combinedScore":0.020093898360178365,"combinedScoreRank":108,"engagementSEI":0.021488168205287726,"engagementSEIadj":0,"engagementSEIrank":95,"engagementScore":0.008758280224095196,"voiceSEI":2.2093023255813953,"voiceSEIadj":0,"voiceSEIrank":85,"voiceScore":0.20694913408125476},"scoped":{"SEI":3.2509200447841056,"SEIrank":103,"SEIadj":0,"audienceSEI":2.64316260514952,"audienceSEIadj":0,"audienceSEIrank":145,"audienceScore":0.10771691008659699,"combinedScore":0.11886876626880608,"combinedScoreRank":90,"engagementSEI":0.698393694502644,"engagementSEIadj":0,"engagementSEIrank":85,"engagementScore":0.10199819317486375,"voiceSEI":8.558558558558559,"voiceSEIadj":0,"voiceSEIrank":75,"voiceScore":0.43369093814197673}},"facebook":{"entityString":"53bee71eb4e50eb276dac809","type":"facebook","profiles":1,"postsMade":5,"repliesMade":0,"repliesRcvd":8,"sharesMade":0,"sharesRcvd":1,"mentionsRcvd":0,"likesRcvd":17,"reachRcvd":0,"audience":1088,"voice":5,"conversation":13,"engagement":26,"group_scoped":{"audienceScore":0.04209837166748632,"voiceScore":0.5586592178770949,"engagementScore":0.0035685707736798694,"combinedScore":0.033249593173540946,"combinedScoreRank":158,"SEIrank":103,"engagementSEIrank":122,"voiceSEIrank":84,"audienceSEIrank":163,"engagementSEI":0.003911427234666077,"engagementSEIadj":0.003911427234666077,"voiceSEI":1.4970059880239521,"voiceSEIadj":1.4970059880239521,"audienceSEI":0.0591273498773977,"audienceSEIadj":0.0591273498773977,"SEI":0.457361387735725,"SEIadj":0.457361387735725},"non_scoped":{"SEI":0.3892711070954482,"SEIrank":93,"SEIadj":0,"audienceSEI":0.0591273498773977,"audienceSEIadj":0,"audienceSEIrank":158,"audienceScore":0.011344973749107156,"combinedScore":0.009365809415929753,"combinedScoreRank":109,"engagementSEI":0.00279830465788573,"engagementSEIadj":0,"engagementSEIrank":106,"engagementScore":0.0011948447046550691,"voiceSEI":1.2722646310432568,"voiceSEIadj":0,"voiceSEIrank":77,"voiceScore":0.15446400988569664},"scoped":{"SEI":1.8995805910900534,"SEIrank":93,"SEIadj":0,"audienceSEI":0.7640395783737474,"audienceSEIadj":0,"audienceSEIrank":143,"audienceScore":0.046768804347779365,"combinedScore":0.04085731550985654,"combinedScoreRank":98,"engagementSEI":0.19771863117870725,"engagementSEIadj":0,"engagementSEIrank":95,"engagementScore":0.01925826068277941,"voiceSEI":5.681818181818182,"voiceSEIadj":0,"voiceSEIrank":68,"voiceScore":0.423728813559322}},"twitter":{"entityString":"53bee71eb4e50eb276dac809","type":"twitter","profiles":1,"postsMade":14,"repliesMade":0,"repliesRcvd":0,"sharesMade":0,"sharesRcvd":84,"mentionsRcvd":0,"likesRcvd":100,"reachRcvd":0,"audience":3974,"voice":14,"conversation":14,"engagement":184,"group_scoped":{"audienceScore":0.32208363962617553,"voiceScore":1.1075949367088607,"engagementScore":0.6289523158434456,"combinedScore":0.6375410130758529,"combinedScoreRank":133,"SEIrank":131,"engagementSEIrank":114,"voiceSEIrank":99,"audienceSEIrank":215,"engagementSEI":1.1792603986412868,"engagementSEIadj":1.1792603986412868,"voiceSEI":2.898550724637681,"voiceSEIadj":2.898550724637681,"audienceSEI":0.7172353051588963,"audienceSEIadj":0.7172353051588963,"SEI":1.648844987091966,"SEIadj":1.648844987091966},"non_scoped":{"SEI":1.648844987091966,"SEIrank":73,"SEIadj":0,"audienceSEI":0.7172353051588963,"audienceSEIadj":0,"audienceSEIrank":152,"audienceScore":0.11607549171435964,"combinedScore":0.2880242034375381,"combinedScoreRank":54,"engagementSEI":1.1792603986412868,"engagementSEIadj":0,"engagementSEIrank":50,"engagementScore":0.3000163052339801,"voiceSEI":2.898550724637681,"voiceSEIadj":0,"voiceSEIrank":82,"voiceScore":0.24411508282476024},"scoped":{"SEI":7.1408411791938295,"SEIrank":56,"SEIadj":0,"audienceSEI":3.409315134305054,"audienceSEIadj":0,"audienceSEIrank":136,"audienceScore":0.18427427282608294,"combinedScore":0.5998314273661899,"combinedScoreRank":43,"engagementSEI":7.01219512195122,"engagementSEIadj":0,"engagementSEIrank":40,"engagementScore":0.6314561240948557,"voiceSEI":8.641975308641975,"voiceSEIadj":0,"voiceSEIrank":72,"voiceScore":0.44614404079031234}},"instagram":{"entityString":"53bee71eb4e50eb276dac809","type":"instagram","profiles":0,"postsMade":0,"repliesMade":0,"repliesRcvd":0,"sharesMade":0,"sharesRcvd":0,"mentionsRcvd":0,"likesRcvd":0,"reachRcvd":0,"audience":0,"voice":0,"conversation":0,"engagement":0,"group_scoped":{"audienceScore":0,"voiceScore":0,"engagementScore":0,"combinedScore":0,"combinedScoreRank":175,"SEIrank":157,"engagementSEIrank":157,"voiceSEIrank":157,"audienceSEIrank":157,"engagementSEI":0,"engagementSEIadj":0,"voiceSEI":0,"voiceSEIadj":0,"audienceSEI":0,"audienceSEIadj":0,"SEI":0,"SEIadj":0},"non_scoped":{"SEI":0,"SEIrank":157,"SEIadj":0,"audienceSEI":0,"audienceSEIadj":0,"audienceSEIrank":157,"audienceScore":0,"combinedScore":0,"combinedScoreRank":157,"engagementSEI":0,"engagementSEIadj":0,"engagementSEIrank":157,"engagementScore":0,"voiceSEI":0,"voiceSEIadj":0,"voiceSEIrank":157,"voiceScore":0},"scoped":{"SEI":0,"SEIrank":139,"SEIadj":0,"audienceSEI":0,"audienceSEIadj":0,"audienceSEIrank":139,"audienceScore":0,"combinedScore":0,"combinedScoreRank":139,"engagementSEI":0,"engagementSEIadj":0,"engagementSEIrank":139,"engagementScore":0,"voiceSEI":0,"voiceSEIadj":0,"voiceSEIrank":139,"voiceScore":0}}},"month":{"boundaryQuantum":4975782,"combined":{"entityString":"53bee71eb4e50eb276dac809","type":"combined","profiles":2,"postsMade":59,"repliesMade":0,"repliesRcvd":8,"sharesMade":0,"sharesRcvd":187,"mentionsRcvd":0,"likesRcvd":289,"reachRcvd":0,"audience":5062,"voice":59,"conversation":67,"engagement":484,"group_scoped":{"audienceScore":0.12853640154954668,"voiceScore":0.6324364883696002,"engagementScore":0.015597622587162189,"combinedScore":0.05208650482440332,"combinedScoreRank":190,"SEIrank":142,"engagementSEIrank":166,"voiceSEIrank":121,"audienceSEIrank":209,"engagementSEI":0.017877517581098,"engagementSEIadj":0.017877517581098,"voiceSEI":1.6302846090080134,"voiceSEIadj":1.6302846090080134,"audienceSEI":0.20134537852294748,"audienceSEIadj":0.20134537852294748,"SEI":0.5199464311033576,"SEIadj":0.5199464311033576},"non_scoped":{"SEI":0.5172335149663757,"SEIrank":116,"SEIadj":0,"audienceSEI":0.20134537852294748,"audienceSEIadj":0,"audienceSEIrank":160,"audienceScore":0.037279789088599004,"combinedScore":0.014409693268526846,"combinedScoreRank":130,"engagementSEI":0.013355990686128149,"engagementSEIadj":0,"engagementSEIrank":119,"engagementScore":0.005260264634784391,"voiceSEI":1.6302846090080134,"voiceSEIadj":0,"voiceSEIrank":103,"voiceScore":0.15622931285581887},"scoped":{"SEI":2.3961093331393446,"SEIrank":114,"SEIadj":0,"audienceSEI":2.64316260514952,"audienceSEIadj":0,"audienceSEIrank":145,"audienceScore":0.10771691008659699,"combinedScore":0.06777061803409977,"combinedScoreRank":116,"engagementSEI":0.4477252964792511,"engagementSEIadj":0,"engagementSEIrank":109,"engagementScore":0.05101503046145414,"voiceSEI":6.210526315789474,"voiceSEIadj":0,"voiceSEIrank":93,"voiceScore":0.3294249022892239}},"facebook":{"entityString":"53bee71eb4e50eb276dac809","type":"facebook","profiles":1,"postsMade":5,"repliesMade":0,"repliesRcvd":8,"sharesMade":0,"sharesRcvd":1,"mentionsRcvd":0,"likesRcvd":17,"reachRcvd":0,"audience":1088,"voice":5,"conversation":13,"engagement":26,"group_scoped":{"audienceScore":0.04209837166748632,"voiceScore":0.13491635186184567,"engagementScore":0.0009473430307252494,"combinedScore":0.009703344904119324,"combinedScoreRank":165,"SEIrank":137,"engagementSEIrank":142,"voiceSEIrank":125,"audienceSEIrank":163,"engagementSEI":0.0010831785290685541,"engagementSEIadj":0.0010831785290685541,"voiceSEI":0.3462603878116343,"voiceSEIadj":0.3462603878116343,"audienceSEI":0.0591273498773977,"audienceSEIadj":0.0591273498773977,"SEI":0.1104407584486712,"SEIadj":0.1104407584486712},"non_scoped":{"SEI":0.10197046280662875,"SEIrank":132,"SEIadj":0,"audienceSEI":0.0591273498773977,"audienceSEIadj":0,"audienceSEIrank":158,"audienceScore":0.011344973749107156,"combinedScore":0.0026850519505872313,"combinedScoreRank":143,"engagementSEI":0.0007590556063701114,"engagementSEIadj":0,"engagementSEIrank":138,"engagementScore":0.00031437875312308086,"voiceSEI":0.3186743148502231,"voiceSEIadj":0,"voiceSEIrank":125,"voiceScore":0.03669724770642202},"scoped":{"SEI":0.5834435963063215,"SEIrank":127,"SEIadj":0,"audienceSEI":0.7640395783737474,"audienceSEIadj":0,"audienceSEIrank":143,"audienceScore":0.046768804347779365,"combinedScore":0.010906080845087816,"combinedScoreRank":130,"engagementSEI":0.028072600062623493,"engagementSEIadj":0,"engagementSEIrank":127,"engagementScore":0.003836749269910884,"voiceSEI":1.6339869281045754,"voiceSEIadj":0,"voiceSEIrank":115,"voiceScore":0.10229132569558103}},"twitter":{"entityString":"53bee71eb4e50eb276dac809","type":"twitter","profiles":1,"postsMade":54,"repliesMade":0,"repliesRcvd":0,"sharesMade":0,"sharesRcvd":186,"mentionsRcvd":0,"likesRcvd":272,"reachRcvd":0,"audience":3974,"voice":54,"conversation":54,"engagement":458,"group_scoped":{"audienceScore":0.32208363962617553,"voiceScore":0.9926470588235293,"engagementScore":0.4194753810082063,"combinedScore":0.44326437782987094,"combinedScoreRank":149,"SEIrank":143,"engagementSEIrank":143,"voiceSEIrank":106,"audienceSEIrank":215,"engagementSEI":0.794683601408915,"engagementSEIadj":0.794683601408915,"voiceSEI":2.710843373493976,"voiceSEIadj":2.710843373493976,"audienceSEI":0.7172353051588963,"audienceSEIadj":0.7172353051588963,"SEI":1.3617867034094315,"SEIadj":1.3617867034094315},"non_scoped":{"SEI":1.3617867034094315,"SEIrank":83,"SEIadj":0,"audienceSEI":0.7172353051588963,"audienceSEIadj":0,"audienceSEIrank":152,"audienceScore":0.11607549171435964,"combinedScore":0.18824150988643806,"combinedScoreRank":79,"engagementSEI":0.794683601408915,"engagementSEIadj":0,"engagementSEIrank":77,"engagementScore":0.18983747756560376,"voiceSEI":2.710843373493976,"voiceSEIadj":0,"voiceSEIrank":83,"voiceScore":0.23168010983353354},"scoped":{"SEI":5.567320665279981,"SEIrank":76,"SEIadj":0,"audienceSEI":3.409315134305054,"audienceSEIadj":0,"audienceSEIrank":136,"audienceScore":0.18427427282608294,"combinedScore":0.37713436074649687,"combinedScoreRank":69,"engagementSEI":4.518102002564861,"engagementSEIadj":0,"engagementSEIrank":67,"engagementScore":0.38534672791828634,"voiceSEI":8.385093167701864,"voiceSEIadj":0,"voiceSEIrank":73,"voiceScore":0.422171839574701}},"instagram":{"entityString":"53bee71eb4e50eb276dac809","type":"instagram","profiles":0,"postsMade":0,"repliesMade":0,"repliesRcvd":0,"sharesMade":0,"sharesRcvd":0,"mentionsRcvd":0,"likesRcvd":0,"reachRcvd":0,"audience":0,"voice":0,"conversation":0,"engagement":0,"group_scoped":{"audienceScore":0,"voiceScore":0,"engagementScore":0,"combinedScore":0,"combinedScoreRank":175,"SEIrank":157,"engagementSEIrank":157,"voiceSEIrank":157,"audienceSEIrank":157,"engagementSEI":0,"engagementSEIadj":0,"voiceSEI":0,"voiceSEIadj":0,"audienceSEI":0,"audienceSEIadj":0,"SEI":0,"SEIadj":0},"non_scoped":{"SEI":0,"SEIrank":157,"SEIadj":0,"audienceSEI":0,"audienceSEIadj":0,"audienceSEIrank":157,"audienceScore":0,"combinedScore":0,"combinedScoreRank":157,"engagementSEI":0,"engagementSEIadj":0,"engagementSEIrank":157,"engagementScore":0,"voiceSEI":0,"voiceSEIadj":0,"voiceSEIrank":157,"voiceScore":0},"scoped":{"SEI":0,"SEIrank":139,"SEIadj":0,"audienceSEI":0,"audienceSEIadj":0,"audienceSEIrank":139,"audienceScore":0,"combinedScore":0,"combinedScoreRank":139,"engagementSEI":0,"engagementSEIadj":0,"engagementSEIrank":139,"engagementScore":0,"voiceSEI":0,"voiceSEIadj":0,"voiceSEIrank":139,"voiceScore":0}}},"quarter":{"boundaryQuantum":4958502,"combined":{"entityString":"53bee71eb4e50eb276dac809","type":"combined","profiles":2,"postsMade":163,"repliesMade":0,"repliesRcvd":8,"sharesMade":0,"sharesRcvd":495,"mentionsRcvd":0,"likesRcvd":765,"reachRcvd":0,"audience":5062,"voice":163,"conversation":171,"engagement":1268,"group_scoped":{"audienceScore":0.12853640154954668,"voiceScore":0.5779322081974188,"engagementScore":0.013171503887619233,"combinedScore":0.04717778398620558,"combinedScoreRank":194,"SEIrank":144,"engagementSEIrank":175,"voiceSEIrank":127,"audienceSEIrank":209,"engagementSEI":0.01494624361882034,"engagementSEIadj":0.01494624361882034,"voiceSEI":1.5222263728053793,"voiceSEIadj":1.5222263728053793,"audienceSEI":0.20134537852294748,"audienceSEIadj":0.20134537852294748,"SEI":0.4857701958652007,"SEIadj":0.4857701958652007},"non_scoped":{"SEI":0.4834390400217585,"SEIrank":118,"SEIadj":0,"audienceSEI":0.20134537852294748,"audienceSEIadj":0,"audienceSEIrank":160,"audienceScore":0.037279789088599004,"combinedScore":0.012968991970186604,"combinedScoreRank":137,"engagementSEI":0.011060983879750009,"engagementSEIadj":0,"engagementSEIrank":133,"engagementScore":0.004283780889337238,"voiceSEI":1.5222263728053793,"voiceSEIadj":0,"voiceSEIrank":109,"voiceScore":0.1449919943070628},"scoped":{"SEI":2.321732956369287,"SEIrank":116,"SEIadj":0,"audienceSEI":2.64316260514952,"audienceSEIadj":0,"audienceSEIrank":145,"audienceScore":0.10771691008659699,"combinedScore":0.058300592139488426,"combinedScoreRank":126,"engagementSEI":0.25658718804319897,"engagementSEIadj":0,"engagementSEIrank":122,"engagementScore":0.04185395873094044,"voiceSEI":6.344881276761385,"voiceSEIadj":0,"voiceSEIrank":99,"voiceScore":0.30492367554624367}},"facebook":{"entityString":"53bee71eb4e50eb276dac809","type":"facebook","profiles":1,"postsMade":5,"repliesMade":0,"repliesRcvd":8,"sharesMade":0,"sharesRcvd":1,"mentionsRcvd":0,"likesRcvd":17,"reachRcvd":0,"audience":1088,"voice":5,"conversation":13,"engagement":26,"group_scoped":{"audienceScore":0.04209837166748632,"voiceScore":0.044349831470640415,"engagementScore":0.0003061131622655247,"combinedScore":0.00459791200294531,"combinedScoreRank":167,"SEIrank":153,"engagementSEIrank":152,"voiceSEIrank":143,"audienceSEIrank":163,"engagementSEI":0.00034530776550680887,"engagementSEIadj":0.00034530776550680887,"voiceSEI":0.12033694344163659,"voiceSEIadj":0.12033694344163659,"audienceSEI":0.0591273498773977,"audienceSEIadj":0.0591273498773977,"SEI":0.042221002679534825,"SEIadj":0.042221002679534825},"non_scoped":{"SEI":0.03754637308924508,"SEIrank":149,"SEIadj":0,"audienceSEI":0.0591273498773977,"audienceSEIadj":0,"audienceSEIrank":158,"audienceScore":0.011344973749107156,"combinedScore":0.001271077433404393,"combinedScoreRank":157,"engagementSEI":0.00023480239256413332,"engagementSEIadj":0,"engagementSEIrank":148,"engagementScore":0.00009771538057754224,"voiceSEI":0.10497585555322277,"voiceSEIadj":0,"voiceSEIrank":140,"voiceScore":0.012317698068584943},"scoped":{"SEI":0.2725963188323975,"SEIrank":138,"SEIadj":0,"audienceSEI":0.7640395783737474,"audienceSEIadj":0,"audienceSEIrank":143,"audienceScore":0.046768804347779365,"combinedScore":0.005220170830827071,"combinedScoreRank":142,"engagementSEI":0.022109219544550078,"engagementSEIadj":0,"engagementSEIrank":136,"engagementScore":0.0013060876746515508,"voiceSEI":0.6097560975609756,"voiceSEIadj":0,"voiceSEIrank":130,"voiceScore":0.03412503412503413}},"twitter":{"entityString":"53bee71eb4e50eb276dac809","type":"twitter","profiles":1,"postsMade":158,"repliesMade":0,"repliesRcvd":0,"sharesMade":0,"sharesRcvd":494,"mentionsRcvd":0,"likesRcvd":748,"reachRcvd":0,"audience":3974,"voice":158,"conversation":158,"engagement":1242,"group_scoped":{"audienceScore":0.32208363962617553,"voiceScore":0.9642966127555691,"engagementScore":0.3185415822437433,"combinedScore":0.3510064366384562,"combinedScoreRank":165,"SEIrank":152,"engagementSEIrank":160,"voiceSEIrank":104,"audienceSEIrank":215,"engagementSEI":0.5889828900944648,"engagementSEIadj":0.5889828900944648,"voiceSEI":2.62982689747004,"voiceSEIadj":2.62982689747004,"audienceSEI":0.7172353051588963,"audienceSEIadj":0.7172353051588963,"SEI":1.2140613338135806,"SEIadj":1.2140613338135806},"non_scoped":{"SEI":1.2140613338135806,"SEIrank":88,"SEIadj":0,"audienceSEI":0.7172353051588963,"audienceSEIadj":0,"audienceSEIrank":152,"audienceScore":0.11607549171435964,"combinedScore":0.15164674791840715,"combinedScoreRank":88,"engagementSEI":0.5889828900944648,"engagementSEIadj":0,"engagementSEIrank":87,"engagementScore":0.14943690441813456,"voiceSEI":2.62982689747004,"voiceSEIadj":0,"voiceSEIrank":84,"voiceScore":0.22699518712736155},"scoped":{"SEI":5.3378500851702855,"SEIrank":82,"SEIadj":0,"audienceSEI":3.409315134305054,"audienceSEIadj":0,"audienceSEIrank":136,"audienceScore":0.18427427282608294,"combinedScore":0.3087484759635919,"combinedScoreRank":76,"engagementSEI":3.907380607814761,"engagementSEIadj":0,"engagementSEIrank":77,"engagementScore":0.30981685383728874,"voiceSEI":8.841634023503078,"voiceSEIadj":0,"voiceSEIrank":74,"voiceScore":0.41399187737455784}},"instagram":{"entityString":"53bee71eb4e50eb276dac809","type":"instagram","profiles":0,"postsMade":0,"repliesMade":0,"repliesRcvd":0,"sharesMade":0,"sharesRcvd":0,"mentionsRcvd":0,"likesRcvd":0,"reachRcvd":0,"audience":0,"voice":0,"conversation":0,"engagement":0,"group_scoped":{"audienceScore":0,"voiceScore":0,"engagementScore":0,"combinedScore":0,"combinedScoreRank":175,"SEIrank":157,"engagementSEIrank":157,"voiceSEIrank":157,"audienceSEIrank":157,"engagementSEI":0,"engagementSEIadj":0,"voiceSEI":0,"voiceSEIadj":0,"audienceSEI":0,"audienceSEIadj":0,"SEI":0,"SEIadj":0},"non_scoped":{"SEI":0,"SEIrank":157,"SEIadj":0,"audienceSEI":0,"audienceSEIadj":0,"audienceSEIrank":157,"audienceScore":0,"combinedScore":0,"combinedScoreRank":157,"engagementSEI":0,"engagementSEIadj":0,"engagementSEIrank":157,"engagementScore":0,"voiceSEI":0,"voiceSEIadj":0,"voiceSEIrank":157,"voiceScore":0},"scoped":{"SEI":0,"SEIrank":139,"SEIadj":0,"audienceSEI":0,"audienceSEIadj":0,"audienceSEIrank":139,"audienceScore":0,"combinedScore":0,"combinedScoreRank":139,"engagementSEI":0,"engagementSEIadj":0,"engagementSEIrank":139,"engagementScore":0,"voiceSEI":0,"voiceSEIadj":0,"voiceSEIrank":139,"voiceScore":0}}},"blended":{"combined":{"non_scoped":{"SEI":0.5291796073529803,"SEIadj":50.26458980367649,"SEIrank":111,"audienceSEI":0.20134537852294745,"audienceSEIadj":50.10067268926147,"audienceSEIrank":160,"engagementSEI":0.014185161453654201,"engagementSEIadj":50.00709258072683,"engagementSEIrank":117,"voiceSEI":1.6684465754283102,"voiceSEIadj":50.83422328771415,"voiceSEIrank":101},"scoped":{"SEI":10.907694589579759,"SEIadj":55.45384729478988,"SEIrank":70,"compCharisma":0,"compInfluence":9,"compEva":1.9076945895797581,"audienceSEI":2.64316260514952,"audienceSEIadj":51.32158130257476,"audienceSEIrank":145,"engagementSEI":0.40722008910568297,"engagementSEIadj":50.20361004455284,"engagementSEIrank":105,"voiceSEI":6.671587153316682,"voiceSEIadj":53.33579357665834,"voiceSEIrank":91}},"facebook":{"non_scoped":{"SEI":0.15117767168409577,"SEIadj":50.07558883584205,"SEIrank":117,"audienceSEI":0.0591273498773977,"audienceSEIadj":50.0295636749387,"audienceSEIrank":158,"engagementSEI":0.0011239956686991002,"engagementSEIadj":50.000561997834346,"engagementSEIrank":135,"voiceSEI":0.48196846431712187,"voiceSEIadj":50.24098423215856,"voiceSEIrank":106},"scoped":{"SEI":0.7992194503638139,"SEIadj":50.399609725181904,"SEIrank":123,"audienceSEI":0.7640395783737473,"audienceSEIadj":50.38201978918687,"audienceSEIrank":143,"engagementSEI":0.07743171627325109,"engagementSEIadj":50.03871585813663,"engagementSEIrank":126,"voiceSEI":2.2545215425416285,"voiceSEIadj":51.12726077127081,"voiceSEIrank":102}},"twitter":{"non_scoped":{"SEI":1.3208876515028627,"SEIadj":50.66044382575143,"SEIrank":83,"audienceSEI":0.7172353051588963,"audienceSEIadj":50.35861765257945,"audienceSEIrank":152,"engagementSEI":0.786387615569745,"engagementSEIadj":50.393193807784876,"engagementSEIrank":74,"voiceSEI":2.591105172150421,"voiceSEIadj":51.29555258607521,"voiceSEIrank":85},"scoped":{"SEI":5.696779320877446,"SEIadj":52.84838966043872,"SEIrank":73,"audienceSEI":3.409315134305054,"audienceSEIadj":51.70465756715253,"audienceSEIrank":136,"engagementSEI":4.790826222661862,"engagementSEIadj":52.39541311133093,"engagementSEIrank":67,"voiceSEI":8.271173579499411,"voiceSEIadj":54.13558678974971,"voiceSEIrank":75}},"instagram":{"non_scoped":{"SEI":0,"SEIadj":0,"SEIrank":157,"audienceSEI":0,"audienceSEIadj":0,"audienceSEIrank":157,"engagementSEI":0,"engagementSEIadj":0,"engagementSEIrank":157,"voiceSEI":0,"voiceSEIadj":0,"voiceSEIrank":157},"scoped":{"SEI":0,"SEIadj":0,"SEIrank":139,"audienceSEI":0,"audienceSEIadj":0,"audienceSEIrank":139,"engagementSEI":0,"engagementSEIadj":0,"engagementSEIrank":139,"voiceSEI":0,"voiceSEIadj":0,"voiceSEIrank":139}},"influence":{"instagram":{"scope":"individual","ratio":0,"calculated":false},"combined":{"ratio":1.7,"bottom":true,"scope":"individual","calculated":true},"facebook":{"ratio":0.08,"bottom":true,"scope":"individual","calculated":true},"twitter":{"ratio":1.72,"bottom":false,"scope":"individual","calculated":true}},"charisma":{"instagram":{"scope":"individual","ratio":0,"calculated":false},"combined":{"ratio":0.15,"bottom":false,"scope":"individual","calculated":true},"facebook":{"ratio":0.04,"bottom":false,"scope":"individual","calculated":true},"twitter":{"ratio":0.85,"bottom":false,"scope":"individual","calculated":true}}},"scope":"individual"}}