{"scoreEntityString":"591d1494ab33fb0001804f89.asset.53bef94db4e50eb276dac81c","timeQuantum":4984422,"scoreEntityType":"asset","scoreProfileID":"591d1494ab33fb0001804f89","data":{"scoreEntityString":"591d1494ab33fb0001804f89.asset.53bef94db4e50eb276dac81c","scoreProfileID":"591d1494ab33fb0001804f89","scoreEntityType":"asset","entityID":"asset.53bef94db4e50eb276dac81c","object_version":"1.2","score_engine_version":"3.0.19","timestamp":4984422,"start_quantum":4958502,"end_quantum":4984421,"schedule_options":{"interval":15,"offset":"1"},"_15min":{"boundaryQuantum":4984419,"combined":{"entityString":"53bef94db4e50eb276dac81c","type":"combined","profiles":3,"postsMade":0,"repliesMade":0,"repliesRcvd":0,"sharesMade":0,"sharesRcvd":0,"mentionsRcvd":0,"likesRcvd":0,"reachRcvd":0,"audience":54265,"voice":0,"conversation":0,"engagement":0,"group_scoped":{"audienceScore":1.8658275227868892,"voiceScore":0,"engagementScore":0,"combinedScore":1.8658275227868892,"engagementSEI":0,"engagementSEIadj":0,"voiceSEI":0,"voiceSEIadj":0,"audienceSEI":2.8668591818211597,"audienceSEIadj":2.8668591818211597,"SEI":0.286685918182116,"SEIadj":0.286685918182116,"combinedScoreRank":36,"SEIrank":48,"engagementSEIrank":102,"voiceSEIrank":98,"audienceSEIrank":47},"non_scoped":{"SEI":0.21584367770738333,"SEIrank":30,"SEIadj":0,"audienceSEI":2.1584367770738333,"audienceSEIadj":0,"audienceSEIrank":30,"audienceScore":0.3996419902988591,"combinedScore":0.019982099514942956,"combinedScoreRank":30,"engagementSEI":0,"engagementSEIadj":0,"engagementSEIrank":102,"engagementScore":0,"voiceSEI":0,"voiceSEIadj":0,"voiceSEIrank":98,"voiceScore":0},"scoped":{"SEI":2.833489110399816,"SEIrank":22,"SEIadj":0,"audienceSEI":28.33489110399816,"audienceSEIadj":0,"audienceSEIrank":22,"audienceScore":1.1547329367540864,"combinedScore":0.16496184810772663,"combinedScoreRank":22,"engagementSEI":0,"engagementSEIadj":0,"engagementSEIrank":86,"engagementScore":0,"voiceSEI":0,"voiceSEIadj":0,"voiceSEIrank":84,"voiceScore":0}},"facebook":{"entityString":"53bef94db4e50eb276dac81c","type":"facebook","profiles":1,"postsMade":0,"repliesMade":0,"repliesRcvd":0,"sharesMade":0,"sharesRcvd":0,"mentionsRcvd":0,"likesRcvd":0,"reachRcvd":0,"audience":18091,"voice":0,"conversation":0,"engagement":0,"group_scoped":{"audienceScore":0.8794372301737728,"voiceScore":0,"engagementScore":0,"combinedScore":0.8794372301737728,"engagementSEI":0,"engagementSEIadj":0,"voiceSEI":0,"voiceSEIadj":0,"audienceSEI":1.044873960742865,"audienceSEIadj":1.044873960742865,"SEI":0.1044873960742865,"SEIadj":0.1044873960742865,"combinedScoreRank":61,"SEIrank":72,"engagementSEIrank":101,"voiceSEIrank":98,"audienceSEIrank":72},"non_scoped":{"SEI":0.09831552266838252,"SEIrank":44,"SEIadj":0,"audienceSEI":0.9831552266838252,"audienceSEIadj":0,"audienceSEIrank":44,"audienceScore":0.18864147067564116,"combinedScore":0.00943207353378206,"combinedScoreRank":44,"engagementSEI":0,"engagementSEIadj":0,"engagementSEIrank":101,"engagementScore":0,"voiceSEI":0,"voiceSEIadj":0,"voiceSEIrank":98,"voiceScore":0},"scoped":{"SEI":1.2704264717242155,"SEIrank":34,"SEIadj":0,"audienceSEI":12.704264717242154,"audienceSEIadj":0,"audienceSEIrank":34,"audienceScore":0.7776603303820555,"combinedScore":0.11109433291172222,"combinedScoreRank":34,"engagementSEI":0,"engagementSEIadj":0,"engagementSEIrank":85,"engagementScore":0,"voiceSEI":0,"voiceSEIadj":0,"voiceSEIrank":84,"voiceScore":0}},"twitter":{"entityString":"53bef94db4e50eb276dac81c","type":"twitter","profiles":1,"postsMade":0,"repliesMade":0,"repliesRcvd":0,"sharesMade":0,"sharesRcvd":0,"mentionsRcvd":0,"likesRcvd":0,"reachRcvd":0,"audience":22149,"voice":0,"conversation":0,"engagement":0,"group_scoped":{"audienceScore":3.897625948274497,"voiceScore":0,"engagementScore":0,"combinedScore":3.897625948274497,"engagementSEI":0,"engagementSEIadj":0,"voiceSEI":0,"voiceSEIadj":0,"audienceSEI":23.33881266991212,"audienceSEIadj":23.33881266991212,"SEI":2.333881266991212,"SEIadj":2.333881266991212,"combinedScoreRank":37,"SEIrank":19,"engagementSEIrank":99,"voiceSEIrank":97,"audienceSEIrank":18},"non_scoped":{"SEI":0.39974949104087554,"SEIrank":28,"SEIadj":0,"audienceSEI":3.997494910408755,"audienceSEIadj":0,"audienceSEIrank":28,"audienceScore":0.6469441534930428,"combinedScore":0.03234720767465214,"combinedScoreRank":28,"engagementSEI":0,"engagementSEIadj":0,"engagementSEIrank":99,"engagementScore":0,"voiceSEI":0,"voiceSEIadj":0,"voiceSEIrank":97,"voiceScore":0},"scoped":{"SEI":1.900174154748934,"SEIrank":21,"SEIadj":0,"audienceSEI":19.00174154748934,"audienceSEIadj":0,"audienceSEIrank":21,"audienceScore":1.0270485326685734,"combinedScore":0.14672121895265333,"combinedScoreRank":21,"engagementSEI":0,"engagementSEIadj":0,"engagementSEIrank":85,"engagementScore":0,"voiceSEI":0,"voiceSEIadj":0,"voiceSEIrank":84,"voiceScore":0}},"instagram":{"entityString":"53bef94db4e50eb276dac81c","type":"instagram","profiles":1,"postsMade":0,"repliesMade":0,"repliesRcvd":0,"sharesMade":0,"sharesRcvd":0,"mentionsRcvd":0,"likesRcvd":0,"reachRcvd":0,"audience":14025,"voice":0,"conversation":0,"engagement":0,"group_scoped":{"audienceScore":4.956163134627413,"voiceScore":0,"engagementScore":0,"combinedScore":4.956163134627413,"engagementSEI":0,"engagementSEIadj":0,"voiceSEI":0,"voiceSEIadj":0,"audienceSEI":19.199704304019274,"audienceSEIadj":19.199704304019274,"SEI":1.9199704304019276,"SEIadj":1.9199704304019276,"combinedScoreRank":48,"SEIrank":11,"engagementSEIrank":98,"voiceSEIrank":97,"audienceSEIrank":11},"non_scoped":{"SEI":1.1695296864576383,"SEIrank":10,"SEIadj":0,"audienceSEI":11.695296864576383,"audienceSEIadj":0,"audienceSEIrank":10,"audienceScore":2.4839759200451987,"combinedScore":0.3548537028635998,"combinedScoreRank":10,"engagementSEI":0,"engagementSEIadj":0,"engagementSEIrank":98,"engagementScore":0,"voiceSEI":0,"voiceSEIadj":0,"voiceSEIrank":97,"voiceScore":0},"scoped":{"SEI":1.9199704304019276,"SEIrank":6,"SEIadj":0,"audienceSEI":19.199704304019274,"audienceSEIadj":0,"audienceSEIrank":6,"audienceScore":6.4795564795564795,"combinedScore":0.9256509256509255,"combinedScoreRank":6,"engagementSEI":0,"engagementSEIadj":0,"engagementSEIrank":84,"engagementScore":0,"voiceSEI":0,"voiceSEIadj":0,"voiceSEIrank":84,"voiceScore":0}}},"hour":{"boundaryQuantum":4984410,"combined":{"entityString":"53bef94db4e50eb276dac81c","type":"combined","profiles":3,"postsMade":0,"repliesMade":0,"repliesRcvd":0,"sharesMade":0,"sharesRcvd":0,"mentionsRcvd":0,"likesRcvd":7,"reachRcvd":0,"audience":54265,"voice":0,"conversation":0,"engagement":7,"group_scoped":{"audienceScore":1.8658275227868892,"voiceScore":0,"engagementScore":0.08849557522123894,"combinedScore":0.34240013915918893,"combinedScoreRank":143,"SEIrank":55,"engagementSEIrank":45,"voiceSEIrank":103,"audienceSEIrank":47,"engagementSEI":0.10482180293501049,"engagementSEIadj":0.10482180293501049,"voiceSEI":0,"voiceSEIadj":0,"audienceSEI":2.8668591818211597,"audienceSEIadj":2.8668591818211597,"SEI":0.34957899994312225,"SEIadj":0.34957899994312225},"non_scoped":{"SEI":0.2787367594683896,"SEIrank":31,"SEIadj":0,"audienceSEI":2.1584367770738333,"audienceSEIadj":0,"audienceSEIrank":30,"audienceScore":0.3996419902988591,"combinedScore":0.06436705090285334,"combinedScoreRank":30,"engagementSEI":0.10482180293501049,"engagementSEIadj":0,"engagementSEIrank":22,"engagementScore":0.04931661265323376,"voiceSEI":0,"voiceSEIadj":0,"voiceSEIrank":103,"voiceScore":0},"scoped":{"SEI":3.1817478168674778,"SEIrank":26,"SEIadj":0,"audienceSEI":28.33489110399816,"audienceSEIadj":0,"audienceSEIrank":22,"audienceScore":1.1547329367540864,"combinedScore":0.437254719126861,"combinedScoreRank":20,"engagementSEI":0.5804311774461027,"engagementSEIadj":0,"engagementSEIrank":15,"engagementScore":0.42168674698795183,"voiceSEI":0,"voiceSEIadj":0,"voiceSEIrank":87,"voiceScore":0}},"facebook":{"entityString":"53bef94db4e50eb276dac81c","type":"facebook","profiles":1,"postsMade":0,"repliesMade":0,"repliesRcvd":0,"sharesMade":0,"sharesRcvd":0,"mentionsRcvd":0,"likesRcvd":2,"reachRcvd":0,"audience":18091,"voice":0,"conversation":0,"engagement":2,"group_scoped":{"audienceScore":0.8794372301737728,"voiceScore":0,"engagementScore":0.031133250311332503,"combinedScore":0.152319533148824,"combinedScoreRank":137,"SEIrank":73,"engagementSEIrank":38,"voiceSEIrank":100,"audienceSEIrank":72,"engagementSEI":0.031196381219778507,"engagementSEIadj":0.031196381219778507,"voiceSEI":0,"voiceSEIadj":0,"audienceSEI":1.044873960742865,"audienceSEIadj":1.044873960742865,"SEI":0.1232052248061536,"SEIadj":0.1232052248061536},"non_scoped":{"SEI":0.11703335140024962,"SEIrank":48,"SEIadj":0,"audienceSEI":0.9831552266838252,"audienceSEIadj":0,"audienceSEIrank":44,"audienceScore":0.18864147067564116,"combinedScore":0.024263978609589572,"combinedScoreRank":38,"engagementSEI":0.031196381219778507,"engagementSEIadj":0,"engagementSEIrank":32,"engagementScore":0.016479894528675015,"voiceSEI":0,"voiceSEIadj":0,"voiceSEIrank":100,"voiceScore":0},"scoped":{"SEI":2.892048093345837,"SEIrank":30,"SEIadj":0,"audienceSEI":12.704264717242154,"audienceSEIadj":0,"audienceSEIrank":34,"audienceScore":0.7776603303820555,"combinedScore":0.5374979749678563,"combinedScoreRank":24,"engagementSEI":2.7027027027027026,"engagementSEIadj":0,"engagementSEIrank":24,"engagementScore":0.554016620498615,"voiceSEI":0,"voiceSEIadj":0,"voiceSEIrank":84,"voiceScore":0}},"twitter":{"entityString":"53bef94db4e50eb276dac81c","type":"twitter","profiles":1,"postsMade":0,"repliesMade":0,"repliesRcvd":0,"sharesMade":0,"sharesRcvd":0,"mentionsRcvd":0,"likesRcvd":2,"reachRcvd":0,"audience":22149,"voice":0,"conversation":0,"engagement":2,"group_scoped":{"audienceScore":3.897625948274497,"voiceScore":0,"engagementScore":4.25531914893617,"combinedScore":4.204220120270216,"combinedScoreRank":46,"SEIrank":28,"engagementSEIrank":25,"voiceSEIrank":102,"audienceSEIrank":18,"engagementSEI":6.896551724137931,"engagementSEIadj":6.896551724137931,"voiceSEI":0,"voiceSEIadj":0,"audienceSEI":23.33881266991212,"audienceSEIadj":23.33881266991212,"SEI":6.47181230147397,"SEIadj":6.47181230147397},"non_scoped":{"SEI":2.542606633898018,"SEIrank":22,"SEIadj":0,"audienceSEI":3.997494910408755,"audienceSEIadj":0,"audienceSEIrank":28,"audienceScore":0.6469441534930428,"combinedScore":0.9278695957343537,"combinedScoreRank":16,"engagementSEI":3.571428571428571,"engagementSEIadj":0,"engagementSEIrank":16,"engagementScore":0.9950248756218906,"voiceSEI":0,"voiceSEIadj":0,"voiceSEIrank":102,"voiceScore":0},"scoped":{"SEI":8.5668408214156,"SEIrank":17,"SEIadj":0,"audienceSEI":19.00174154748934,"audienceSEIadj":0,"audienceSEIrank":21,"audienceScore":1.0270485326685734,"combinedScore":1.8880871205109797,"combinedScoreRank":10,"engagementSEI":11.11111111111111,"engagementSEIadj":0,"engagementSEIrank":11,"engagementScore":2.0408163265306123,"voiceSEI":0,"voiceSEIadj":0,"voiceSEIrank":87,"voiceScore":0}},"instagram":{"entityString":"53bef94db4e50eb276dac81c","type":"instagram","profiles":1,"postsMade":0,"repliesMade":0,"repliesRcvd":0,"sharesMade":0,"sharesRcvd":0,"mentionsRcvd":0,"likesRcvd":3,"reachRcvd":0,"audience":14025,"voice":0,"conversation":0,"engagement":3,"group_scoped":{"audienceScore":4.956163134627413,"voiceScore":0,"engagementScore":0.20847810979847115,"combinedScore":0.8867188276311772,"combinedScoreRank":54,"SEIrank":11,"engagementSEIrank":5,"voiceSEIrank":97,"audienceSEIrank":11,"engagementSEI":0.2514668901927913,"engagementSEIadj":0.2514668901927913,"voiceSEI":0,"voiceSEIadj":0,"audienceSEI":19.199704304019274,"audienceSEIadj":19.199704304019274,"SEI":2.0708505645176025,"SEIadj":2.0708505645176025},"non_scoped":{"SEI":1.320409820573313,"SEIrank":10,"SEIadj":0,"audienceSEI":11.695296864576383,"audienceSEIadj":0,"audienceSEIrank":10,"audienceScore":2.4839759200451987,"combinedScore":0.4933258930320743,"combinedScoreRank":8,"engagementSEI":0.2514668901927913,"engagementSEIadj":0,"engagementSEIrank":5,"engagementScore":0.16155088852988692,"voiceSEI":0,"voiceSEIadj":0,"voiceSEIrank":97,"voiceScore":0},"scoped":{"SEI":2.0708505645176025,"SEIrank":6,"SEIadj":0,"audienceSEI":19.199704304019274,"audienceSEIadj":0,"audienceSEIrank":6,"audienceScore":6.4795564795564795,"combinedScore":1.1397582171936875,"combinedScoreRank":6,"engagementSEI":0.2514668901927913,"engagementSEIadj":0,"engagementSEIrank":2,"engagementScore":0.2497918401332223,"voiceSEI":0,"voiceSEIadj":0,"voiceSEIrank":84,"voiceScore":0}}},"today":{"boundaryQuantum":4984134,"combined":{"entityString":"53bef94db4e50eb276dac81c","type":"combined","profiles":3,"postsMade":6,"repliesMade":0,"repliesRcvd":121,"sharesMade":0,"sharesRcvd":7,"mentionsRcvd":0,"likesRcvd":848,"reachRcvd":0,"audience":54265,"voice":6,"conversation":127,"engagement":976,"group_scoped":{"audienceScore":1.8658275227868892,"voiceScore":4.6875,"engagementScore":0.45221194655003055,"combinedScore":0.7346571280343719,"combinedScoreRank":45,"SEIrank":34,"engagementSEIrank":37,"voiceSEIrank":27,"audienceSEIrank":47,"engagementSEI":0.4997618962277193,"engagementSEIadj":0.4997618962277193,"voiceSEI":9.523809523809524,"voiceSEIadj":9.523809523809524,"audienceSEI":2.8668591818211597,"audienceSEIadj":2.8668591818211597,"SEI":3.443685913061605,"SEIadj":3.443685913061605},"non_scoped":{"SEI":2.493722793465993,"SEIrank":23,"SEIadj":0,"audienceSEI":2.1584367770738333,"audienceSEIadj":0,"audienceSEIrank":30,"audienceScore":0.3996419902988591,"combinedScore":0.2912524657437605,"combinedScoreRank":14,"engagementSEI":0.4997618962277193,"engagementSEIadj":0,"engagementSEIrank":11,"engagementScore":0.2604111080279195,"voiceSEI":6.593406593406594,"voiceSEIadj":0,"voiceSEIrank":24,"voiceScore":0.7380073800738007},"scoped":{"SEI":12.333788732817391,"SEIrank":13,"SEIadj":0,"audienceSEI":28.33489110399816,"audienceSEIadj":0,"audienceSEIrank":22,"audienceScore":1.1547329367540864,"combinedScore":2.4842264497756554,"combinedScoreRank":6,"engagementSEI":5.489005117822394,"engagementSEIadj":0,"engagementSEIrank":5,"engagementScore":2.6090675791274593,"voiceSEI":20.689655172413794,"voiceSEIadj":0,"voiceSEIrank":16,"voiceScore":1.5665796344647518}},"facebook":{"entityString":"53bef94db4e50eb276dac81c","type":"facebook","profiles":1,"postsMade":1,"repliesMade":0,"repliesRcvd":99,"sharesMade":0,"sharesRcvd":0,"mentionsRcvd":0,"likesRcvd":212,"reachRcvd":0,"audience":18091,"voice":1,"conversation":100,"engagement":311,"group_scoped":{"audienceScore":0.8794372301737728,"voiceScore":2.1739130434782608,"engagementScore":0.16449978313533412,"combinedScore":0.3007173185044024,"combinedScoreRank":81,"SEIrank":48,"engagementSEIrank":48,"voiceSEIrank":45,"audienceSEIrank":72,"engagementSEI":0.16559112303793153,"engagementSEIadj":0.16559112303793153,"voiceSEI":2.631578947368421,"voiceSEIadj":2.631578947368421,"audienceSEI":1.044873960742865,"audienceSEIadj":1.044873960742865,"SEI":0.9933157541075716,"SEIadj":0.9933157541075716},"non_scoped":{"SEI":0.9669009657219105,"SEIrank":28,"SEIadj":0,"audienceSEI":0.9831552266838252,"audienceSEIadj":0,"audienceSEIrank":44,"audienceScore":0.18864147067564116,"combinedScore":0.1101758362950786,"combinedScoreRank":24,"engagementSEI":0.16559112303793153,"engagementSEIadj":0,"engagementSEIrank":19,"engagementScore":0.09304106671134234,"voiceSEI":2.564102564102564,"voiceSEIadj":0,"voiceSEIrank":34,"voiceScore":0.3401360544217687},"scoped":{"SEI":9.089696711176893,"SEIrank":20,"SEIadj":0,"audienceSEI":12.704264717242154,"audienceSEIadj":0,"audienceSEIrank":34,"audienceScore":0.7776603303820555,"combinedScore":1.9587203676663583,"combinedScoreRank":12,"engagementSEI":8.865450399087798,"engagementSEIadj":0,"engagementSEIrank":12,"engagementScore":2.070021299254526,"voiceSEI":8.333333333333332,"voiceSEIadj":0,"voiceSEIrank":26,"voiceScore":1.1363636363636365}},"twitter":{"entityString":"53bef94db4e50eb276dac81c","type":"twitter","profiles":1,"postsMade":5,"repliesMade":0,"repliesRcvd":0,"sharesMade":0,"sharesRcvd":7,"mentionsRcvd":0,"likesRcvd":61,"reachRcvd":0,"audience":22149,"voice":5,"conversation":5,"engagement":68,"group_scoped":{"audienceScore":3.897625948274497,"voiceScore":7.142857142857142,"engagementScore":10.413476263399694,"combinedScore":9.924152791616308,"combinedScoreRank":20,"SEIrank":12,"engagementSEIrank":14,"voiceSEIrank":16,"audienceSEIrank":18,"engagementSEI":44.44444444444444,"engagementSEIadj":44.44444444444444,"voiceSEI":31.25,"voiceSEIadj":31.25,"audienceSEI":23.33881266991212,"audienceSEIadj":23.33881266991212,"SEI":38.37554793365788,"SEIadj":38.37554793365788},"non_scoped":{"SEI":6.097258948796235,"SEIrank":19,"SEIadj":0,"audienceSEI":3.997494910408755,"audienceSEIadj":0,"audienceSEIrank":28,"audienceScore":0.6469441534930428,"combinedScore":1.0510081763356207,"combinedScoreRank":17,"engagementSEI":4.287515762925599,"engagementSEIadj":0,"engagementSEIrank":16,"engagementScore":1.076289965178854,"voiceSEI":10.416666666666668,"voiceSEIadj":0,"voiceSEIrank":26,"voiceScore":1},"scoped":{"SEI":15.253048046656282,"SEIrank":13,"SEIadj":0,"audienceSEI":19.00174154748934,"audienceSEIadj":0,"audienceSEIrank":21,"audienceScore":1.0270485326685734,"combinedScore":1.8393332599826389,"combinedScoreRank":12,"engagementSEI":12.639405204460965,"engagementSEIadj":0,"engagementSEIrank":11,"engagementScore":1.8915159944367175,"voiceSEI":19.230769230769234,"voiceSEIadj":0,"voiceSEIrank":18,"voiceScore":1.7123287671232876}},"instagram":{"entityString":"53bef94db4e50eb276dac81c","type":"instagram","profiles":1,"postsMade":0,"repliesMade":0,"repliesRcvd":22,"sharesMade":0,"sharesRcvd":0,"mentionsRcvd":0,"likesRcvd":575,"reachRcvd":0,"audience":14025,"voice":0,"conversation":22,"engagement":597,"group_scoped":{"audienceScore":4.956163134627413,"voiceScore":0,"engagementScore":2.2858674426618677,"combinedScore":2.6673382557998027,"combinedScoreRank":44,"SEIrank":8,"engagementSEIrank":7,"voiceSEIrank":99,"audienceSEIrank":11,"engagementSEI":3.3717383937648253,"engagementSEIadj":3.3717383937648253,"voiceSEI":0,"voiceSEIadj":0,"audienceSEI":19.199704304019274,"audienceSEIadj":19.199704304019274,"SEI":3.9430134666608225,"SEIadj":3.9430134666608225},"non_scoped":{"SEI":3.192572722716533,"SEIrank":8,"SEIadj":0,"audienceSEI":11.695296864576383,"audienceSEIadj":0,"audienceSEIrank":10,"audienceScore":2.4839759200451987,"combinedScore":1.6946544707457785,"combinedScoreRank":5,"engagementSEI":3.3717383937648253,"engagementSEIadj":0,"engagementSEIrank":5,"engagementScore":1.7449507497150205,"voiceSEI":0,"voiceSEIadj":0,"voiceSEIrank":99,"voiceScore":0},"scoped":{"SEI":3.9430134666608225,"SEIrank":3,"SEIadj":0,"audienceSEI":19.199704304019274,"audienceSEIadj":0,"audienceSEIrank":6,"audienceScore":6.4795564795564795,"combinedScore":3.1836297479759077,"combinedScoreRank":2,"engagementSEI":3.3717383937648253,"engagementSEIadj":0,"engagementSEIrank":2,"engagementScore":3.1773910266645373,"voiceSEI":0,"voiceSEIadj":0,"voiceSEIrank":84,"voiceScore":0}}},"week":{"boundaryQuantum":4982406,"combined":{"entityString":"53bef94db4e50eb276dac81c","type":"combined","profiles":3,"postsMade":49,"repliesMade":0,"repliesRcvd":892,"sharesMade":0,"sharesRcvd":67,"mentionsRcvd":0,"likesRcvd":5996,"reachRcvd":0,"audience":54265,"voice":49,"conversation":941,"engagement":6955,"group_scoped":{"audienceScore":1.8658275227868892,"voiceScore":3.245033112582781,"engagementScore":0.6685577896354798,"combinedScore":0.8572450424404154,"combinedScoreRank":38,"SEIrank":37,"engagementSEIrank":37,"voiceSEIrank":30,"audienceSEIrank":47,"engagementSEI":0.7116676660370292,"engagementSEIadj":0.7116676660370292,"voiceSEI":7.368421052631578,"voiceSEIadj":7.368421052631578,"audienceSEI":2.8668591818211597,"audienceSEIadj":2.8668591818211597,"SEI":2.924212833593807,"SEIadj":2.924212833593807},"non_scoped":{"SEI":2.3521466029109965,"SEIrank":28,"SEIadj":0,"audienceSEI":2.1584367770738333,"audienceSEIadj":0,"audienceSEIrank":30,"audienceScore":0.3996419902988591,"combinedScore":0.307726955574231,"combinedScoreRank":15,"engagementSEI":0.7116676660370292,"engagementSEIadj":0,"engagementSEIrank":13,"engagementScore":0.29006589980277186,"voiceSEI":5.6976744186046515,"voiceSEIadj":0,"voiceSEIrank":32,"voiceScore":0.5337109247358676},"scoped":{"SEI":23.33319114706683,"SEIrank":10,"SEIadj":0,"audienceSEI":28.33489110399816,"audienceSEIadj":0,"audienceSEIrank":22,"audienceScore":1.1547329367540864,"combinedScore":3.1539346671527877,"combinedScoreRank":6,"engagementSEI":23.13013402507566,"engagementSEIadj":0,"engagementSEIrank":6,"engagementScore":3.378083016815131,"voiceSEI":22.07207207207207,"voiceSEIadj":0,"voiceSEIrank":22,"voiceScore":1.1184661036293084}},"facebook":{"entityString":"53bef94db4e50eb276dac81c","type":"facebook","profiles":1,"postsMade":12,"repliesMade":0,"repliesRcvd":622,"sharesMade":0,"sharesRcvd":21,"mentionsRcvd":0,"likesRcvd":2239,"reachRcvd":0,"audience":18091,"voice":12,"conversation":634,"engagement":2882,"group_scoped":{"audienceScore":0.8794372301737728,"voiceScore":2.459016393442623,"engagementScore":0.3047481281041854,"combinedScore":0.4411959964745867,"combinedScoreRank":52,"SEIrank":61,"engagementSEIrank":45,"voiceSEIrank":50,"audienceSEIrank":72,"engagementSEI":0.3101813086164106,"engagementSEIadj":0.3101813086164106,"voiceSEI":3.0534351145038165,"voiceSEIadj":3.0534351145038165,"audienceSEI":1.044873960742865,"audienceSEIadj":1.044873960742865,"SEI":1.206626715595278,"SEIadj":1.206626715595278},"non_scoped":{"SEI":1.200454842189374,"SEIrank":37,"SEIadj":0,"audienceSEI":0.9831552266838252,"audienceSEIadj":0,"audienceSEIrank":44,"audienceScore":0.18864147067564116,"combinedScore":0.14716730067907788,"combinedScoreRank":26,"engagementSEI":0.3101813086164106,"engagementSEIadj":0,"engagementSEIrank":25,"engagementScore":0.13244393995445802,"voiceSEI":3.0534351145038165,"voiceSEIadj":0,"voiceSEIrank":39,"voiceScore":0.3707136237256719},"scoped":{"SEI":18.511145448564864,"SEIrank":16,"SEIadj":0,"audienceSEI":12.704264717242154,"audienceSEIadj":0,"audienceSEIrank":34,"audienceScore":0.7776603303820555,"combinedScore":2.010964187953654,"combinedScoreRank":16,"engagementSEI":21.916349809885933,"engagementSEIadj":0,"engagementSEIrank":16,"engagementScore":2.1347041264527027,"voiceSEI":13.636363636363635,"voiceSEIadj":0,"voiceSEIrank":31,"voiceScore":1.0169491525423728}},"twitter":{"entityString":"53bef94db4e50eb276dac81c","type":"twitter","profiles":1,"postsMade":32,"repliesMade":0,"repliesRcvd":0,"sharesMade":0,"sharesRcvd":46,"mentionsRcvd":0,"likesRcvd":567,"reachRcvd":0,"audience":22149,"voice":32,"conversation":32,"engagement":613,"group_scoped":{"audienceScore":3.897625948274497,"voiceScore":3.5955056179775284,"engagementScore":8.985634711228379,"combinedScore":8.461727818418142,"combinedScoreRank":16,"SEIrank":13,"engagementSEIrank":11,"voiceSEIrank":20,"audienceSEIrank":18,"engagementSEI":29.0521327014218,"engagementSEIadj":29.0521327014218,"voiceSEI":15.763546798029557,"voiceSEIadj":15.763546798029557,"audienceSEI":23.33881266991212,"audienceSEIadj":23.33881266991212,"SEI":24.494224927253157,"SEIadj":24.494224927253157},"non_scoped":{"SEI":4.74456612329387,"SEIrank":30,"SEIadj":0,"audienceSEI":3.997494910408755,"audienceSEIadj":0,"audienceSEIrank":28,"audienceScore":0.6469441534930428,"combinedScore":0.9598058329657333,"combinedScoreRank":18,"engagementSEI":3.92873165416907,"engagementSEIadj":0,"engagementSEIrank":17,"engagementScore":0.9995108429805968,"voiceSEI":6.625258799171843,"voiceSEIadj":0,"voiceSEIrank":37,"voiceScore":0.5579773321708806},"scoped":{"SEI":21.842868373357785,"SEIrank":18,"SEIadj":0,"audienceSEI":19.00174154748934,"audienceSEIadj":0,"audienceSEIrank":21,"audienceScore":1.0270485326685734,"combinedScore":1.9956791412656156,"combinedScoreRank":10,"engagementSEI":23.361280487804876,"engagementSEIadj":0,"engagementSEIrank":10,"engagementScore":2.103709804729057,"voiceSEI":19.753086419753085,"voiceSEIadj":0,"voiceSEIrank":27,"voiceScore":1.0197578075207139}},"instagram":{"entityString":"53bef94db4e50eb276dac81c","type":"instagram","profiles":1,"postsMade":5,"repliesMade":0,"repliesRcvd":270,"sharesMade":0,"sharesRcvd":0,"mentionsRcvd":0,"likesRcvd":3190,"reachRcvd":0,"audience":14025,"voice":5,"conversation":275,"engagement":3460,"group_scoped":{"audienceScore":4.956163134627413,"voiceScore":3.787878787878788,"engagementScore":3.941762172753993,"combinedScore":3.984788051603904,"combinedScoreRank":44,"SEIrank":8,"engagementSEIrank":7,"voiceSEIrank":10,"audienceSEIrank":11,"engagementSEI":7.5155306485946385,"engagementSEIadj":7.5155306485946385,"voiceSEI":7.246376811594203,"voiceSEIadj":7.246376811594203,"audienceSEI":19.199704304019274,"audienceSEIadj":19.199704304019274,"SEI":8.603201863036972,"SEIadj":8.603201863036972},"non_scoped":{"SEI":7.153735659970405,"SEIrank":7,"SEIadj":0,"audienceSEI":11.695296864576383,"audienceSEIadj":0,"audienceSEIrank":10,"audienceScore":2.4839759200451987,"combinedScore":2.18538199297497,"combinedScoreRank":6,"engagementSEI":6.350488216724176,"engagementSEIadj":0,"engagementSEIrank":6,"engagementScore":2.15729552454703,"voiceSEI":7.246376811594203,"voiceSEIadj":0,"voiceSEIrank":10,"voiceScore":2.3923444976076556},"scoped":{"SEI":20.473841539017563,"SEIrank":4,"SEIadj":0,"audienceSEI":19.199704304019274,"audienceSEIadj":0,"audienceSEIrank":6,"audienceScore":6.4795564795564795,"combinedScore":8.181272794353772,"combinedScoreRank":2,"engagementSEI":11.69234928359016,"engagementSEIadj":0,"engagementSEIrank":2,"engagementScore":8.28941063727839,"voiceSEI":38.46153846153847,"voiceSEIadj":0,"voiceSEIrank":5,"voiceScore":7.936507936507936}}},"month":{"boundaryQuantum":4975782,"combined":{"entityString":"53bef94db4e50eb276dac81c","type":"combined","profiles":3,"postsMade":287,"repliesMade":0,"repliesRcvd":3892,"sharesMade":0,"sharesRcvd":460,"mentionsRcvd":0,"likesRcvd":26532,"reachRcvd":0,"audience":54265,"voice":287,"conversation":4179,"engagement":30884,"group_scoped":{"audienceScore":1.8658275227868892,"voiceScore":4.82596267025391,"engagementScore":0.7937629824351283,"combinedScore":1.0489761938436555,"combinedScoreRank":36,"SEIrank":27,"engagementSEIrank":37,"voiceSEIrank":18,"audienceSEIrank":47,"engagementSEI":0.8522446618809539,"engagementSEIadj":0.8522446618809539,"voiceSEI":10.871212121212121,"voiceSEIadj":10.871212121212121,"audienceSEI":2.8668591818211597,"audienceSEIadj":2.8668591818211597,"SEI":4.059396351674325,"SEIadj":4.059396351674325},"non_scoped":{"SEI":3.1063007262866327,"SEIrank":19,"SEIadj":0,"audienceSEI":2.1584367770738333,"audienceSEIadj":0,"audienceSEIrank":30,"audienceScore":0.3996419902988591,"combinedScore":0.3600715923985041,"combinedScoreRank":16,"engagementSEI":0.8522446618809539,"engagementSEIadj":0,"engagementSEIrank":15,"engagementScore":0.33565705161297754,"voiceSEI":7.930367504835589,"voiceSEIadj":0,"voiceSEIrank":22,"voiceScore":0.7599629286376275},"scoped":{"SEI":29.03823550488689,"SEIrank":9,"SEIadj":0,"audienceSEI":28.33489110399816,"audienceSEIadj":0,"audienceSEIrank":22,"audienceScore":1.1547329367540864,"combinedScore":3.0675978731064,"combinedScoreRank":9,"engagementSEI":28.569314166250393,"engagementSEIadj":0,"engagementSEIrank":8,"engagementScore":3.255264877627169,"voiceSEI":30.210526315789473,"voiceSEIadj":0,"voiceSEIrank":14,"voiceScore":1.6024567280848687}},"facebook":{"entityString":"53bef94db4e50eb276dac81c","type":"facebook","profiles":1,"postsMade":65,"repliesMade":0,"repliesRcvd":2988,"sharesMade":0,"sharesRcvd":174,"mentionsRcvd":0,"likesRcvd":11035,"reachRcvd":0,"audience":18091,"voice":65,"conversation":3053,"engagement":14197,"group_scoped":{"audienceScore":0.8794372301737728,"voiceScore":3.192534381139489,"engagementScore":0.40328067135991397,"combinedScore":0.5665511847895857,"combinedScoreRank":41,"SEIrank":48,"engagementSEIrank":45,"voiceSEIrank":42,"audienceSEIrank":72,"engagementSEI":0.41447355552447973,"engagementSEIadj":0.41447355552447973,"voiceSEI":4.1427660930529,"voiceSEIadj":4.1427660930529,"audienceSEI":1.044873960742865,"audienceSEIadj":1.044873960742865,"SEI":1.5960013573048442,"SEIadj":1.5960013573048442},"non_scoped":{"SEI":1.5898294838989402,"SEIrank":28,"SEIadj":0,"audienceSEI":0.9831552266838252,"audienceSEIadj":0,"audienceSEIrank":44,"audienceScore":0.18864147067564116,"combinedScore":0.18778188616909258,"combinedScoreRank":21,"engagementSEI":0.41447355552447973,"engagementSEIadj":0,"engagementSEIrank":21,"engagementScore":0.1716628906957069,"voiceSEI":4.1427660930529,"voiceSEIadj":0,"voiceSEIrank":31,"voiceScore":0.47706422018348627},"scoped":{"SEI":16.840207101079727,"SEIrank":17,"SEIadj":0,"audienceSEI":12.704264717242154,"audienceSEIadj":0,"audienceSEIrank":34,"audienceScore":0.7776603303820555,"combinedScore":1.9908837800070895,"combinedScoreRank":13,"engagementSEI":15.328719349579451,"engagementSEIadj":0,"engagementSEIrank":13,"engagementScore":2.0950126686509547,"voiceSEI":21.241830065359476,"voiceSEIadj":0,"voiceSEIrank":23,"voiceScore":1.3297872340425532}},"twitter":{"entityString":"53bef94db4e50eb276dac81c","type":"twitter","profiles":1,"postsMade":201,"repliesMade":0,"repliesRcvd":0,"sharesMade":0,"sharesRcvd":286,"mentionsRcvd":0,"likesRcvd":2678,"reachRcvd":0,"audience":22149,"voice":201,"conversation":201,"engagement":2964,"group_scoped":{"audienceScore":3.897625948274497,"voiceScore":5.899618432638685,"engagementScore":11.17689203966967,"combinedScore":10.549065054748363,"combinedScoreRank":12,"SEIrank":10,"engagementSEIrank":10,"voiceSEIrank":14,"audienceSEIrank":18,"engagementSEI":43.43493552168816,"engagementSEIadj":43.43493552168816,"voiceSEI":25.18796992481203,"voiceSEIadj":25.18796992481203,"audienceSEI":23.33881266991212,"audienceSEIadj":23.33881266991212,"SEI":35.95123355744772,"SEIadj":35.95123355744772},"non_scoped":{"SEI":6.512590057408161,"SEIrank":21,"SEIadj":0,"audienceSEI":3.997494910408755,"audienceSEIadj":0,"audienceSEIrank":28,"audienceScore":0.6469441534930428,"combinedScore":1.1811651340804836,"combinedScoreRank":14,"engagementSEI":5.142886887720577,"engagementSEIadj":0,"engagementSEIrank":14,"engagementScore":1.2285552041581869,"voiceSEI":10.090361445783133,"voiceSEIadj":0,"voiceSEIrank":24,"voiceScore":0.8623648532692638},"scoped":{"SEI":28.807180160053893,"SEIrank":12,"SEIadj":0,"audienceSEI":19.00174154748934,"audienceSEIadj":0,"audienceSEIrank":21,"audienceScore":1.0270485326685734,"combinedScore":2.3743576448001233,"combinedScoreRank":8,"engagementSEI":29.2394199467298,"engagementSEIadj":0,"engagementSEIrank":8,"engagementScore":2.4938159422484727,"voiceSEI":31.211180124223603,"voiceSEIadj":0,"voiceSEIrank":15,"voiceScore":1.571417402861387}},"instagram":{"entityString":"53bef94db4e50eb276dac81c","type":"instagram","profiles":1,"postsMade":21,"repliesMade":0,"repliesRcvd":904,"sharesMade":0,"sharesRcvd":0,"mentionsRcvd":0,"likesRcvd":12819,"reachRcvd":0,"audience":14025,"voice":21,"conversation":925,"engagement":13723,"group_scoped":{"audienceScore":4.956163134627413,"voiceScore":4.166666666666666,"engagementScore":3.9899633073402767,"combinedScore":4.047108466670953,"combinedScoreRank":44,"SEIrank":9,"engagementSEIrank":7,"voiceSEIrank":9,"audienceSEIrank":11,"engagementSEI":7.158245048484943,"engagementSEIadj":7.158245048484943,"voiceSEI":7.6923076923076925,"voiceSEIadj":7.6923076923076925,"audienceSEI":19.199704304019274,"audienceSEIadj":19.199704304019274,"SEI":8.522609767185202,"SEIadj":8.522609767185202},"non_scoped":{"SEI":6.77952612313304,"SEIrank":8,"SEIadj":0,"audienceSEI":11.695296864576383,"audienceSEIadj":0,"audienceSEIrank":10,"audienceScore":2.4839759200451987,"combinedScore":2.041603294784021,"combinedScoreRank":5,"engagementSEI":5.5038402149718255,"engagementSEIadj":0,"engagementSEIrank":5,"engagementScore":1.9902250841164866,"voiceSEI":7.6923076923076925,"voiceSEIadj":0,"voiceSEIrank":9,"voiceScore":2.5240384615384617},"scoped":{"SEI":22.250875082765663,"SEIrank":5,"SEIadj":0,"audienceSEI":19.199704304019274,"audienceSEIadj":0,"audienceSEIrank":6,"audienceScore":6.4795564795564795,"combinedScore":8.891760572337205,"combinedScoreRank":2,"engagementSEI":12.884841087272896,"engagementSEIadj":0,"engagementSEIrank":2,"engagementScore":9.014708104237695,"voiceSEI":42,"voiceSEIadj":0,"voiceSEIrank":4,"voiceScore":9.090909090909092}}},"quarter":{"boundaryQuantum":4958502,"combined":{"entityString":"53bef94db4e50eb276dac81c","type":"combined","profiles":3,"postsMade":1132,"repliesMade":0,"repliesRcvd":13844,"sharesMade":0,"sharesRcvd":1796,"mentionsRcvd":0,"likesRcvd":95817,"reachRcvd":0,"audience":54265,"voice":1132,"conversation":14976,"engagement":111457,"group_scoped":{"audienceScore":1.8658275227868892,"voiceScore":6.311681070532478,"engagementScore":0.8913164440874604,"combinedScore":1.2110602293446826,"combinedScoreRank":31,"SEIrank":18,"engagementSEIrank":34,"voiceSEIrank":12,"audienceSEIrank":47,"engagementSEI":0.9722587383953443,"engagementSEIadj":0.9722587383953443,"voiceSEI":14.993377483443709,"voiceSEIadj":14.993377483443709,"audienceSEI":2.8668591818211597,"audienceSEIadj":2.8668591818211597,"SEI":5.368054406252434,"SEIadj":5.368054406252434},"non_scoped":{"SEI":3.970659510957515,"SEIrank":14,"SEIadj":0,"audienceSEI":2.1584367770738333,"audienceSEIadj":0,"audienceSEIrank":30,"audienceScore":0.3996419902988591,"combinedScore":0.4092183109233265,"combinedScoreRank":12,"engagementSEI":0.9722587383953443,"engagementSEIadj":0,"engagementSEIrank":13,"engagementScore":0.37654366449752397,"voiceSEI":10.57153530070975,"voiceSEIadj":0,"voiceSEIrank":14,"voiceScore":1.0069382672122398},"scoped":{"SEI":29.58502454588524,"SEIrank":7,"SEIadj":0,"audienceSEI":28.33489110399816,"audienceSEIadj":0,"audienceSEIrank":22,"audienceScore":1.1547329367540864,"combinedScore":3.474678853241693,"combinedScoreRank":6,"engagementSEI":22.55397335783188,"engagementSEIadj":0,"engagementSEIrank":6,"engagementScore":3.678956370878887,"voiceSEI":44.063838069287655,"voiceSEIadj":0,"voiceSEIrank":6,"voiceScore":2.1176294522598025}},"facebook":{"entityString":"53bef94db4e50eb276dac81c","type":"facebook","profiles":1,"postsMade":232,"repliesMade":0,"repliesRcvd":10734,"sharesMade":0,"sharesRcvd":664,"mentionsRcvd":0,"likesRcvd":41141,"reachRcvd":0,"audience":18091,"voice":232,"conversation":10966,"engagement":52539,"group_scoped":{"audienceScore":0.8794372301737728,"voiceScore":3.6392156862745098,"engagementScore":0.4605596844641513,"combinedScore":0.6404363618401503,"combinedScoreRank":44,"SEIrank":39,"engagementSEIrank":45,"voiceSEIrank":30,"audienceSEIrank":72,"engagementSEI":0.4744724193433463,"engagementSEIadj":0.4744724193433463,"voiceSEI":4.870879697669536,"voiceSEIadj":4.870879697669536,"audienceSEI":1.044873960742865,"audienceSEIadj":1.044873960742865,"SEI":1.850434756981155,"SEIadj":1.850434756981155},"non_scoped":{"SEI":1.844262883575251,"SEIrank":24,"SEIadj":0,"audienceSEI":0.9831552266838252,"audienceSEIadj":0,"audienceSEIrank":44,"audienceScore":0.18864147067564116,"combinedScore":0.21571996159702,"combinedScoreRank":21,"engagementSEI":0.4744724193433463,"engagementSEIadj":0,"engagementSEIrank":19,"engagementScore":0.19745647616013431,"voiceSEI":4.870879697669536,"voiceSEIadj":0,"voiceSEIrank":22,"voiceScore":0.5715411903823414},"scoped":{"SEI":36.56429948018338,"SEIrank":14,"SEIadj":0,"audienceSEI":12.704264717242154,"audienceSEIadj":0,"audienceSEIrank":34,"audienceScore":0.7776603303820555,"combinedScore":2.4933794920224917,"combinedScoreRank":12,"engagementSEI":44.67678021735064,"engagementSEIadj":0,"engagementSEIrank":12,"engagementScore":2.639251551481455,"voiceSEI":28.292682926829265,"voiceSEIadj":0,"voiceSEIrank":14,"voiceScore":1.5834015834015835}},"twitter":{"entityString":"53bef94db4e50eb276dac81c","type":"twitter","profiles":1,"postsMade":831,"repliesMade":0,"repliesRcvd":0,"sharesMade":0,"sharesRcvd":1132,"mentionsRcvd":0,"likesRcvd":10251,"reachRcvd":0,"audience":22149,"voice":831,"conversation":831,"engagement":11383,"group_scoped":{"audienceScore":3.897625948274497,"voiceScore":7.982708933717579,"engagementScore":12.900630128292306,"combinedScore":12.204583859562678,"combinedScoreRank":12,"SEIrank":8,"engagementSEIrank":8,"voiceSEIrank":10,"audienceSEIrank":18,"engagementSEI":57.73776312452448,"engagementSEIadj":57.73776312452448,"voiceSEI":36.511423550087876,"voiceSEIadj":36.511423550087876,"audienceSEI":23.33881266991212,"audienceSEIadj":23.33881266991212,"SEI":47.92996620673226,"SEIadj":47.92996620673226},"non_scoped":{"SEI":7.7880536977970305,"SEIrank":13,"SEIadj":0,"audienceSEI":3.997494910408755,"audienceSEIadj":0,"audienceSEIrank":28,"audienceScore":0.6469441534930428,"combinedScore":1.3246790814013656,"combinedScoreRank":12,"engagementSEI":5.398061383208772,"engagementSEIadj":0,"engagementSEIrank":12,"engagementScore":1.3695976513620174,"voiceSEI":13.83155792276964,"voiceSEIadj":0,"voiceSEIrank":14,"voiceScore":1.1938797500179585},"scoped":{"SEI":37.337747706837675,"SEIrank":5,"SEIadj":0,"audienceSEI":19.00174154748934,"audienceSEIadj":0,"audienceSEIrank":21,"audienceScore":1.0270485326685734,"combinedScore":2.71576184380045,"combinedScoreRank":6,"engagementSEI":35.81136349336186,"engagementSEIadj":0,"engagementSEIrank":6,"engagementScore":2.83948892691615,"voiceSEI":46.50251818690543,"voiceSEIadj":0,"voiceSEIrank":6,"voiceScore":2.1773876588497316}},"instagram":{"entityString":"53bef94db4e50eb276dac81c","type":"instagram","profiles":1,"postsMade":69,"repliesMade":0,"repliesRcvd":3110,"sharesMade":0,"sharesRcvd":0,"mentionsRcvd":0,"likesRcvd":44425,"reachRcvd":0,"audience":14025,"voice":69,"conversation":3179,"engagement":47535,"group_scoped":{"audienceScore":4.956163134627413,"voiceScore":6,"engagementScore":4.711641774475559,"combinedScore":4.788285753759374,"combinedScoreRank":44,"SEIrank":8,"engagementSEIrank":7,"voiceSEIrank":9,"audienceSEIrank":11,"engagementSEI":9.763326370531946,"engagementSEIadj":9.763326370531946,"voiceSEI":13.50293542074364,"voiceSEIadj":13.50293542074364,"audienceSEI":19.199704304019274,"audienceSEIadj":19.199704304019274,"SEI":11.828846878944187,"SEIadj":11.828846878944187},"non_scoped":{"SEI":8.804514626318904,"SEIrank":7,"SEIadj":0,"audienceSEI":11.695296864576383,"audienceSEIadj":0,"audienceSEIrank":10,"audienceScore":2.4839759200451987,"combinedScore":2.2590928686834197,"combinedScoreRank":6,"engagementSEI":6.3946996704109775,"engagementSEIadj":0,"engagementSEIrank":6,"engagementScore":2.199664879077432,"voiceSEI":12.660550458715598,"voiceSEIadj":0,"voiceSEIrank":9,"voiceScore":3.1039136302294197},"scoped":{"SEI":22.998554488015213,"SEIrank":4,"SEIadj":0,"audienceSEI":19.199704304019274,"audienceSEIadj":0,"audienceSEIrank":6,"audienceScore":6.4795564795564795,"combinedScore":7.569216972206233,"combinedScoreRank":2,"engagementSEI":9.763326370531946,"engagementSEIadj":0,"engagementSEIrank":2,"engagementScore":7.450370049935582,"voiceSEI":50.73529411764706,"voiceSEIadj":0,"voiceSEIrank":4,"voiceScore":10.7981220657277}}},"blended":{"combined":{"non_scoped":{"SEI":3.281604984968351,"SEIadj":70.9844814954905,"SEIrank":18,"audienceSEI":2.158436777073833,"audienceSEIadj":60.86337471082953,"audienceSEIrank":30,"engagementSEI":0.8524544631023099,"engagementSEIadj":70.25573633893069,"engagementSEIrank":15,"voiceSEI":8.514295431331938,"voiceSEIadj":72.55428862939958,"voiceSEIrank":19},"scoped":{"SEI":41.34131972837179,"SEIadj":82.40239591851154,"SEIrank":7,"compCharisma":9,"compInfluence":12,"compEva":20.341319728371793,"audienceSEI":28.334891103998157,"audienceSEIadj":71.33395644159927,"audienceSEIrank":22,"engagementSEI":22.775874267267312,"engagementSEIadj":76.83276228018019,"engagementSEIrank":8,"voiceSEI":34.219602362254555,"voiceSEIadj":80.26588070867636,"voiceSEIrank":11}},"facebook":{"non_scoped":{"SEI":1.569087365315374,"SEIadj":60.62763494612615,"SEIrank":30,"audienceSEI":0.9831552266838252,"audienceSEIadj":60.39326209067353,"audienceSEIrank":44,"engagementSEI":0.4007411917371648,"engagementSEIadj":70.12022235752114,"engagementSEIrank":19,"voiceSEI":4.101090425348976,"voiceSEIadj":61.64043617013959,"voiceSEIrank":27},"scoped":{"SEI":26.81600927538195,"SEIadj":78.04480278261458,"SEIrank":14,"audienceSEI":12.704264717242152,"audienceSEIadj":65.08170588689686,"audienceSEIrank":34,"engagementSEI":31.65587547403241,"engagementSEIadj":79.49676264220972,"engagementSEIrank":12,"voiceSEI":21.840191730794313,"voiceSEIadj":76.55205751923829,"voiceSEIrank":19}},"twitter":{"non_scoped":{"SEI":6.599148141937712,"SEIadj":71.9797444425813,"SEIrank":18,"audienceSEI":3.997494910408755,"audienceSEIadj":61.5989979641635,"audienceSEIrank":28,"engagementSEI":4.863459009159474,"engagementSEIadj":71.45903770274784,"engagementSEIrank":14,"voiceSEI":10.937744151337176,"voiceSEIadj":73.28132324540115,"voiceSEIrank":21},"scoped":{"SEI":30.30546379176707,"SEIadj":79.09163913753012,"SEIrank":10,"audienceSEI":19.00174154748934,"audienceSEIadj":67.60069661899574,"audienceSEIrank":21,"engagementSEI":29.93194914525491,"engagementSEIadj":78.97958474357647,"engagementSEIrank":9,"voiceSEI":34.82040049955064,"voiceSEIadj":80.4461201498652,"voiceSEIrank":11}},"instagram":{"non_scoped":{"SEI":7.724935565756356,"SEIadj":72.3174806697269,"SEIrank":7,"audienceSEI":11.695296864576383,"audienceSEIadj":73.50858905937291,"audienceSEIrank":10,"engagementSEI":6.096659252156757,"engagementSEIadj":71.82899777564703,"engagementSEIrank":5,"voiceSEI":9.658034426682214,"voiceSEIadj":72.89741032800467,"voiceSEIrank":9},"scoped":{"SEI":21.176211641460768,"SEIadj":76.35286349243823,"SEIrank":5,"audienceSEI":19.199704304019274,"audienceSEIadj":75.75991129120578,"audienceSEIrank":6,"engagementSEI":10.490681053122197,"engagementSEIadj":73.14720431593666,"engagementSEIrank":2,"voiceSEI":43.206108597285066,"voiceSEIadj":82.96183257918551,"voiceSEIrank":4}},"influence":{"combined":{"ratio":2,"bottom":false,"scope":"individual","calculated":true},"facebook":{"ratio":2,"bottom":false,"scope":"individual","calculated":true},"twitter":{"ratio":2,"bottom":false,"scope":"individual","calculated":true},"instagram":{"ratio":2,"bottom":false,"scope":"individual","calculated":true}},"charisma":{"combined":{"ratio":1.55,"bottom":false,"scope":"individual","calculated":true},"facebook":{"ratio":1.6,"bottom":false,"scope":"individual","calculated":true},"twitter":{"ratio":1.22,"bottom":false,"scope":"individual","calculated":true},"instagram":{"ratio":0.54,"bottom":false,"scope":"individual","calculated":true}}},"scope":"individual"}}