{"scoreEntityString":"591d1494ab33fb0001804f89.asset.53bf500db4e50eb276dac829","timeQuantum":4984422,"scoreEntityType":"asset","scoreProfileID":"591d1494ab33fb0001804f89","data":{"scoreEntityString":"591d1494ab33fb0001804f89.asset.53bf500db4e50eb276dac829","scoreProfileID":"591d1494ab33fb0001804f89","scoreEntityType":"asset","entityID":"asset.53bf500db4e50eb276dac829","object_version":"1.2","score_engine_version":"3.0.19","timestamp":4984422,"start_quantum":4958502,"end_quantum":4984421,"schedule_options":{"interval":15,"offset":"1"},"_15min":{"boundaryQuantum":4984419,"combined":{"entityString":"53bf500db4e50eb276dac829","type":"combined","profiles":0,"postsMade":0,"repliesMade":0,"repliesRcvd":0,"sharesMade":0,"sharesRcvd":0,"mentionsRcvd":0,"likesRcvd":0,"reachRcvd":0,"audience":0,"voice":0,"conversation":0,"engagement":0,"group_scoped":{"audienceScore":0,"voiceScore":0,"engagementScore":0,"combinedScore":0,"engagementSEI":0,"engagementSEIadj":0,"voiceSEI":0,"voiceSEIadj":0,"audienceSEI":0,"audienceSEIadj":0,"SEI":0,"SEIadj":0,"combinedScoreRank":231,"SEIrank":231,"engagementSEIrank":44,"voiceSEIrank":38,"audienceSEIrank":231},"non_scoped":{"SEI":0,"SEIrank":231,"SEIadj":0,"audienceSEI":0,"audienceSEIadj":0,"audienceSEIrank":231,"audienceScore":0,"combinedScore":0,"combinedScoreRank":231,"engagementSEI":0,"engagementSEIadj":0,"engagementSEIrank":44,"engagementScore":0,"voiceSEI":0,"voiceSEIadj":0,"voiceSEIrank":38,"voiceScore":0},"scoped":{"SEI":0,"SEIrank":208,"SEIadj":0,"audienceSEI":0,"audienceSEIadj":0,"audienceSEIrank":208,"audienceScore":0,"combinedScore":0,"combinedScoreRank":208,"engagementSEI":0,"engagementSEIadj":0,"engagementSEIrank":37,"engagementScore":0,"voiceSEI":0,"voiceSEIadj":0,"voiceSEIrank":34,"voiceScore":0}},"facebook":{"entityString":"53bf500db4e50eb276dac829","type":"facebook","profiles":0,"postsMade":0,"repliesMade":0,"repliesRcvd":0,"sharesMade":0,"sharesRcvd":0,"mentionsRcvd":0,"likesRcvd":0,"reachRcvd":0,"audience":0,"voice":0,"conversation":0,"engagement":0,"group_scoped":{"audienceScore":0,"voiceScore":0,"engagementScore":0,"combinedScore":0,"engagementSEI":0,"engagementSEIadj":0,"voiceSEI":0,"voiceSEIadj":0,"audienceSEI":0,"audienceSEIadj":0,"SEI":0,"SEIadj":0,"combinedScoreRank":201,"SEIrank":201,"engagementSEIrank":42,"voiceSEIrank":38,"audienceSEIrank":201},"non_scoped":{"SEI":0,"SEIrank":201,"SEIadj":0,"audienceSEI":0,"audienceSEIadj":0,"audienceSEIrank":201,"audienceScore":0,"combinedScore":0,"combinedScoreRank":201,"engagementSEI":0,"engagementSEIadj":0,"engagementSEIrank":42,"engagementScore":0,"voiceSEI":0,"voiceSEIadj":0,"voiceSEIrank":38,"voiceScore":0},"scoped":{"SEI":0,"SEIrank":183,"SEIadj":0,"audienceSEI":0,"audienceSEIadj":0,"audienceSEIrank":183,"audienceScore":0,"combinedScore":0,"combinedScoreRank":183,"engagementSEI":0,"engagementSEIadj":0,"engagementSEIrank":35,"engagementScore":0,"voiceSEI":0,"voiceSEIadj":0,"voiceSEIrank":34,"voiceScore":0}},"twitter":{"entityString":"53bf500db4e50eb276dac829","type":"twitter","profiles":0,"postsMade":0,"repliesMade":0,"repliesRcvd":0,"sharesMade":0,"sharesRcvd":0,"mentionsRcvd":0,"likesRcvd":0,"reachRcvd":0,"audience":0,"voice":0,"conversation":0,"engagement":0,"group_scoped":{"audienceScore":0,"voiceScore":0,"engagementScore":0,"combinedScore":0,"engagementSEI":0,"engagementSEIadj":0,"voiceSEI":0,"voiceSEIadj":0,"audienceSEI":0,"audienceSEIadj":0,"SEI":0,"SEIadj":0,"combinedScoreRank":230,"SEIrank":230,"engagementSEIrank":39,"voiceSEIrank":37,"audienceSEIrank":230},"non_scoped":{"SEI":0,"SEIrank":230,"SEIadj":0,"audienceSEI":0,"audienceSEIadj":0,"audienceSEIrank":230,"audienceScore":0,"combinedScore":0,"combinedScoreRank":230,"engagementSEI":0,"engagementSEIadj":0,"engagementSEIrank":39,"engagementScore":0,"voiceSEI":0,"voiceSEIadj":0,"voiceSEIrank":37,"voiceScore":0},"scoped":{"SEI":0,"SEIrank":208,"SEIadj":0,"audienceSEI":0,"audienceSEIadj":0,"audienceSEIrank":208,"audienceScore":0,"combinedScore":0,"combinedScoreRank":208,"engagementSEI":0,"engagementSEIadj":0,"engagementSEIrank":35,"engagementScore":0,"voiceSEI":0,"voiceSEIadj":0,"voiceSEIrank":34,"voiceScore":0}},"instagram":{"entityString":"53bf500db4e50eb276dac829","type":"instagram","profiles":0,"postsMade":0,"repliesMade":0,"repliesRcvd":0,"sharesMade":0,"sharesRcvd":0,"mentionsRcvd":0,"likesRcvd":0,"reachRcvd":0,"audience":0,"voice":0,"conversation":0,"engagement":0,"group_scoped":{"audienceScore":0,"voiceScore":0,"engagementScore":0,"combinedScore":0,"engagementSEI":0,"engagementSEIadj":0,"voiceSEI":0,"voiceSEIadj":0,"audienceSEI":0,"audienceSEIadj":0,"SEI":0,"SEIadj":0,"combinedScoreRank":81,"SEIrank":63,"engagementSEIrank":39,"voiceSEIrank":36,"audienceSEIrank":63},"non_scoped":{"SEI":0,"SEIrank":63,"SEIadj":0,"audienceSEI":0,"audienceSEIadj":0,"audienceSEIrank":63,"audienceScore":0,"combinedScore":0,"combinedScoreRank":63,"engagementSEI":0,"engagementSEIadj":0,"engagementSEIrank":39,"engagementScore":0,"voiceSEI":0,"voiceSEIadj":0,"voiceSEIrank":36,"voiceScore":0},"scoped":{"SEI":0,"SEIrank":56,"SEIadj":0,"audienceSEI":0,"audienceSEIadj":0,"audienceSEIrank":56,"audienceScore":0,"combinedScore":0,"combinedScoreRank":56,"engagementSEI":0,"engagementSEIadj":0,"engagementSEIrank":35,"engagementScore":0,"voiceSEI":0,"voiceSEIadj":0,"voiceSEIrank":34,"voiceScore":0}}},"hour":{"boundaryQuantum":4984410,"combined":{"entityString":"53bf500db4e50eb276dac829","type":"combined","profiles":0,"postsMade":0,"repliesMade":0,"repliesRcvd":0,"sharesMade":0,"sharesRcvd":0,"mentionsRcvd":0,"likesRcvd":0,"reachRcvd":0,"audience":0,"voice":0,"conversation":0,"engagement":0,"group_scoped":{"audienceScore":0,"voiceScore":0,"engagementScore":0,"combinedScore":0,"combinedScoreRank":231,"SEIrank":231,"engagementSEIrank":84,"voiceSEIrank":47,"audienceSEIrank":231,"engagementSEI":0,"engagementSEIadj":0,"voiceSEI":0,"voiceSEIadj":0,"audienceSEI":0,"audienceSEIadj":0,"SEI":0,"SEIadj":0},"non_scoped":{"SEI":0,"SEIrank":231,"SEIadj":0,"audienceSEI":0,"audienceSEIadj":0,"audienceSEIrank":231,"audienceScore":0,"combinedScore":0,"combinedScoreRank":231,"engagementSEI":0,"engagementSEIadj":0,"engagementSEIrank":84,"engagementScore":0,"voiceSEI":0,"voiceSEIadj":0,"voiceSEIrank":47,"voiceScore":0},"scoped":{"SEI":0,"SEIrank":208,"SEIadj":0,"audienceSEI":0,"audienceSEIadj":0,"audienceSEIrank":208,"audienceScore":0,"combinedScore":0,"combinedScoreRank":208,"engagementSEI":0,"engagementSEIadj":0,"engagementSEIrank":74,"engagementScore":0,"voiceSEI":0,"voiceSEIadj":0,"voiceSEIrank":40,"voiceScore":0}},"facebook":{"entityString":"53bf500db4e50eb276dac829","type":"facebook","profiles":0,"postsMade":0,"repliesMade":0,"repliesRcvd":0,"sharesMade":0,"sharesRcvd":0,"mentionsRcvd":0,"likesRcvd":0,"reachRcvd":0,"audience":0,"voice":0,"conversation":0,"engagement":0,"group_scoped":{"audienceScore":0,"voiceScore":0,"engagementScore":0,"combinedScore":0,"combinedScoreRank":201,"SEIrank":201,"engagementSEIrank":73,"voiceSEIrank":42,"audienceSEIrank":201,"engagementSEI":0,"engagementSEIadj":0,"voiceSEI":0,"voiceSEIadj":0,"audienceSEI":0,"audienceSEIadj":0,"SEI":0,"SEIadj":0},"non_scoped":{"SEI":0,"SEIrank":201,"SEIadj":0,"audienceSEI":0,"audienceSEIadj":0,"audienceSEIrank":201,"audienceScore":0,"combinedScore":0,"combinedScoreRank":201,"engagementSEI":0,"engagementSEIadj":0,"engagementSEIrank":73,"engagementScore":0,"voiceSEI":0,"voiceSEIadj":0,"voiceSEIrank":42,"voiceScore":0},"scoped":{"SEI":0,"SEIrank":183,"SEIadj":0,"audienceSEI":0,"audienceSEIadj":0,"audienceSEIrank":183,"audienceScore":0,"combinedScore":0,"combinedScoreRank":183,"engagementSEI":0,"engagementSEIadj":0,"engagementSEIrank":63,"engagementScore":0,"voiceSEI":0,"voiceSEIadj":0,"voiceSEIrank":35,"voiceScore":0}},"twitter":{"entityString":"53bf500db4e50eb276dac829","type":"twitter","profiles":0,"postsMade":0,"repliesMade":0,"repliesRcvd":0,"sharesMade":0,"sharesRcvd":0,"mentionsRcvd":0,"likesRcvd":0,"reachRcvd":0,"audience":0,"voice":0,"conversation":0,"engagement":0,"group_scoped":{"audienceScore":0,"voiceScore":0,"engagementScore":0,"combinedScore":0,"combinedScoreRank":230,"SEIrank":230,"engagementSEIrank":64,"voiceSEIrank":45,"audienceSEIrank":230,"engagementSEI":0,"engagementSEIadj":0,"voiceSEI":0,"voiceSEIadj":0,"audienceSEI":0,"audienceSEIadj":0,"SEI":0,"SEIadj":0},"non_scoped":{"SEI":0,"SEIrank":230,"SEIadj":0,"audienceSEI":0,"audienceSEIadj":0,"audienceSEIrank":230,"audienceScore":0,"combinedScore":0,"combinedScoreRank":230,"engagementSEI":0,"engagementSEIadj":0,"engagementSEIrank":64,"engagementScore":0,"voiceSEI":0,"voiceSEIadj":0,"voiceSEIrank":45,"voiceScore":0},"scoped":{"SEI":0,"SEIrank":208,"SEIadj":0,"audienceSEI":0,"audienceSEIadj":0,"audienceSEIrank":208,"audienceScore":0,"combinedScore":0,"combinedScoreRank":208,"engagementSEI":0,"engagementSEIadj":0,"engagementSEIrank":57,"engagementScore":0,"voiceSEI":0,"voiceSEIadj":0,"voiceSEIrank":40,"voiceScore":0}},"instagram":{"entityString":"53bf500db4e50eb276dac829","type":"instagram","profiles":0,"postsMade":0,"repliesMade":0,"repliesRcvd":0,"sharesMade":0,"sharesRcvd":0,"mentionsRcvd":0,"likesRcvd":0,"reachRcvd":0,"audience":0,"voice":0,"conversation":0,"engagement":0,"group_scoped":{"audienceScore":0,"voiceScore":0,"engagementScore":0,"combinedScore":0,"combinedScoreRank":81,"SEIrank":63,"engagementSEIrank":45,"voiceSEIrank":36,"audienceSEIrank":63,"engagementSEI":0,"engagementSEIadj":0,"voiceSEI":0,"voiceSEIadj":0,"audienceSEI":0,"audienceSEIadj":0,"SEI":0,"SEIadj":0},"non_scoped":{"SEI":0,"SEIrank":63,"SEIadj":0,"audienceSEI":0,"audienceSEIadj":0,"audienceSEIrank":63,"audienceScore":0,"combinedScore":0,"combinedScoreRank":63,"engagementSEI":0,"engagementSEIadj":0,"engagementSEIrank":45,"engagementScore":0,"voiceSEI":0,"voiceSEIadj":0,"voiceSEIrank":36,"voiceScore":0},"scoped":{"SEI":0,"SEIrank":56,"SEIadj":0,"audienceSEI":0,"audienceSEIadj":0,"audienceSEIrank":56,"audienceScore":0,"combinedScore":0,"combinedScoreRank":56,"engagementSEI":0,"engagementSEIadj":0,"engagementSEIrank":40,"engagementScore":0,"voiceSEI":0,"voiceSEIadj":0,"voiceSEIrank":34,"voiceScore":0}}},"today":{"boundaryQuantum":4984134,"combined":{"entityString":"53bf500db4e50eb276dac829","type":"combined","profiles":0,"postsMade":0,"repliesMade":0,"repliesRcvd":0,"sharesMade":0,"sharesRcvd":0,"mentionsRcvd":0,"likesRcvd":0,"reachRcvd":0,"audience":0,"voice":0,"conversation":0,"engagement":0,"group_scoped":{"audienceScore":0,"voiceScore":0,"engagementScore":0,"combinedScore":0,"combinedScoreRank":231,"SEIrank":231,"engagementSEIrank":173,"voiceSEIrank":129,"audienceSEIrank":231,"engagementSEI":0,"engagementSEIadj":0,"voiceSEI":0,"voiceSEIadj":0,"audienceSEI":0,"audienceSEIadj":0,"SEI":0,"SEIadj":0},"non_scoped":{"SEI":0,"SEIrank":231,"SEIadj":0,"audienceSEI":0,"audienceSEIadj":0,"audienceSEIrank":231,"audienceScore":0,"combinedScore":0,"combinedScoreRank":231,"engagementSEI":0,"engagementSEIadj":0,"engagementSEIrank":173,"engagementScore":0,"voiceSEI":0,"voiceSEIadj":0,"voiceSEIrank":129,"voiceScore":0},"scoped":{"SEI":0,"SEIrank":208,"SEIadj":0,"audienceSEI":0,"audienceSEIadj":0,"audienceSEIrank":208,"audienceScore":0,"combinedScore":0,"combinedScoreRank":208,"engagementSEI":0,"engagementSEIadj":0,"engagementSEIrank":160,"engagementScore":0,"voiceSEI":0,"voiceSEIadj":0,"voiceSEIrank":117,"voiceScore":0}},"facebook":{"entityString":"53bf500db4e50eb276dac829","type":"facebook","profiles":0,"postsMade":0,"repliesMade":0,"repliesRcvd":0,"sharesMade":0,"sharesRcvd":0,"mentionsRcvd":0,"likesRcvd":0,"reachRcvd":0,"audience":0,"voice":0,"conversation":0,"engagement":0,"group_scoped":{"audienceScore":0,"voiceScore":0,"engagementScore":0,"combinedScore":0,"combinedScoreRank":201,"SEIrank":201,"engagementSEIrank":131,"voiceSEIrank":84,"audienceSEIrank":201,"engagementSEI":0,"engagementSEIadj":0,"voiceSEI":0,"voiceSEIadj":0,"audienceSEI":0,"audienceSEIadj":0,"SEI":0,"SEIadj":0},"non_scoped":{"SEI":0,"SEIrank":201,"SEIadj":0,"audienceSEI":0,"audienceSEIadj":0,"audienceSEIrank":201,"audienceScore":0,"combinedScore":0,"combinedScoreRank":201,"engagementSEI":0,"engagementSEIadj":0,"engagementSEIrank":131,"engagementScore":0,"voiceSEI":0,"voiceSEIadj":0,"voiceSEIrank":84,"voiceScore":0},"scoped":{"SEI":0,"SEIrank":183,"SEIadj":0,"audienceSEI":0,"audienceSEIadj":0,"audienceSEIrank":183,"audienceScore":0,"combinedScore":0,"combinedScoreRank":183,"engagementSEI":0,"engagementSEIadj":0,"engagementSEIrank":120,"engagementScore":0,"voiceSEI":0,"voiceSEIadj":0,"voiceSEIrank":75,"voiceScore":0}},"twitter":{"entityString":"53bf500db4e50eb276dac829","type":"twitter","profiles":0,"postsMade":0,"repliesMade":0,"repliesRcvd":0,"sharesMade":0,"sharesRcvd":0,"mentionsRcvd":0,"likesRcvd":0,"reachRcvd":0,"audience":0,"voice":0,"conversation":0,"engagement":0,"group_scoped":{"audienceScore":0,"voiceScore":0,"engagementScore":0,"combinedScore":0,"combinedScoreRank":230,"SEIrank":230,"engagementSEIrank":146,"voiceSEIrank":117,"audienceSEIrank":230,"engagementSEI":0,"engagementSEIadj":0,"voiceSEI":0,"voiceSEIadj":0,"audienceSEI":0,"audienceSEIadj":0,"SEI":0,"SEIadj":0},"non_scoped":{"SEI":0,"SEIrank":230,"SEIadj":0,"audienceSEI":0,"audienceSEIadj":0,"audienceSEIrank":230,"audienceScore":0,"combinedScore":0,"combinedScoreRank":230,"engagementSEI":0,"engagementSEIadj":0,"engagementSEIrank":146,"engagementScore":0,"voiceSEI":0,"voiceSEIadj":0,"voiceSEIrank":117,"voiceScore":0},"scoped":{"SEI":0,"SEIrank":208,"SEIadj":0,"audienceSEI":0,"audienceSEIadj":0,"audienceSEIrank":208,"audienceScore":0,"combinedScore":0,"combinedScoreRank":208,"engagementSEI":0,"engagementSEIadj":0,"engagementSEIrank":134,"engagementScore":0,"voiceSEI":0,"voiceSEIadj":0,"voiceSEIrank":105,"voiceScore":0}},"instagram":{"entityString":"53bf500db4e50eb276dac829","type":"instagram","profiles":0,"postsMade":0,"repliesMade":0,"repliesRcvd":0,"sharesMade":0,"sharesRcvd":0,"mentionsRcvd":0,"likesRcvd":0,"reachRcvd":0,"audience":0,"voice":0,"conversation":0,"engagement":0,"group_scoped":{"audienceScore":0,"voiceScore":0,"engagementScore":0,"combinedScore":0,"combinedScoreRank":81,"SEIrank":63,"engagementSEIrank":55,"voiceSEIrank":42,"audienceSEIrank":63,"engagementSEI":0,"engagementSEIadj":0,"voiceSEI":0,"voiceSEIadj":0,"audienceSEI":0,"audienceSEIadj":0,"SEI":0,"SEIadj":0},"non_scoped":{"SEI":0,"SEIrank":63,"SEIadj":0,"audienceSEI":0,"audienceSEIadj":0,"audienceSEIrank":63,"audienceScore":0,"combinedScore":0,"combinedScoreRank":63,"engagementSEI":0,"engagementSEIadj":0,"engagementSEIrank":55,"engagementScore":0,"voiceSEI":0,"voiceSEIadj":0,"voiceSEIrank":42,"voiceScore":0},"scoped":{"SEI":0,"SEIrank":56,"SEIadj":0,"audienceSEI":0,"audienceSEIadj":0,"audienceSEIrank":56,"audienceScore":0,"combinedScore":0,"combinedScoreRank":56,"engagementSEI":0,"engagementSEIadj":0,"engagementSEIrank":48,"engagementScore":0,"voiceSEI":0,"voiceSEIadj":0,"voiceSEIrank":36,"voiceScore":0}}},"week":{"boundaryQuantum":4982406,"combined":{"entityString":"53bf500db4e50eb276dac829","type":"combined","profiles":0,"postsMade":0,"repliesMade":0,"repliesRcvd":0,"sharesMade":0,"sharesRcvd":0,"mentionsRcvd":0,"likesRcvd":0,"reachRcvd":0,"audience":0,"voice":0,"conversation":0,"engagement":0,"group_scoped":{"audienceScore":0,"voiceScore":0,"engagementScore":0,"combinedScore":0,"combinedScoreRank":231,"SEIrank":231,"engagementSEIrank":204,"voiceSEIrank":206,"audienceSEIrank":231,"engagementSEI":0,"engagementSEIadj":0,"voiceSEI":0,"voiceSEIadj":0,"audienceSEI":0,"audienceSEIadj":0,"SEI":0,"SEIadj":0},"non_scoped":{"SEI":0,"SEIrank":231,"SEIadj":0,"audienceSEI":0,"audienceSEIadj":0,"audienceSEIrank":231,"audienceScore":0,"combinedScore":0,"combinedScoreRank":231,"engagementSEI":0,"engagementSEIadj":0,"engagementSEIrank":204,"engagementScore":0,"voiceSEI":0,"voiceSEIadj":0,"voiceSEIrank":206,"voiceScore":0},"scoped":{"SEI":0,"SEIrank":208,"SEIadj":0,"audienceSEI":0,"audienceSEIadj":0,"audienceSEIrank":208,"audienceScore":0,"combinedScore":0,"combinedScoreRank":208,"engagementSEI":0,"engagementSEIadj":0,"engagementSEIrank":188,"engagementScore":0,"voiceSEI":0,"voiceSEIadj":0,"voiceSEIrank":190,"voiceScore":0}},"facebook":{"entityString":"53bf500db4e50eb276dac829","type":"facebook","profiles":0,"postsMade":0,"repliesMade":0,"repliesRcvd":0,"sharesMade":0,"sharesRcvd":0,"mentionsRcvd":0,"likesRcvd":0,"reachRcvd":0,"audience":0,"voice":0,"conversation":0,"engagement":0,"group_scoped":{"audienceScore":0,"voiceScore":0,"engagementScore":0,"combinedScore":0,"combinedScoreRank":201,"SEIrank":201,"engagementSEIrank":151,"voiceSEIrank":147,"audienceSEIrank":201,"engagementSEI":0,"engagementSEIadj":0,"voiceSEI":0,"voiceSEIadj":0,"audienceSEI":0,"audienceSEIadj":0,"SEI":0,"SEIadj":0},"non_scoped":{"SEI":0,"SEIrank":201,"SEIadj":0,"audienceSEI":0,"audienceSEIadj":0,"audienceSEIrank":201,"audienceScore":0,"combinedScore":0,"combinedScoreRank":201,"engagementSEI":0,"engagementSEIadj":0,"engagementSEIrank":151,"engagementScore":0,"voiceSEI":0,"voiceSEIadj":0,"voiceSEIrank":147,"voiceScore":0},"scoped":{"SEI":0,"SEIrank":183,"SEIadj":0,"audienceSEI":0,"audienceSEIadj":0,"audienceSEIrank":183,"audienceScore":0,"combinedScore":0,"combinedScoreRank":183,"engagementSEI":0,"engagementSEIadj":0,"engagementSEIrank":140,"engagementScore":0,"voiceSEI":0,"voiceSEIadj":0,"voiceSEIrank":136,"voiceScore":0}},"twitter":{"entityString":"53bf500db4e50eb276dac829","type":"twitter","profiles":0,"postsMade":0,"repliesMade":0,"repliesRcvd":0,"sharesMade":0,"sharesRcvd":0,"mentionsRcvd":0,"likesRcvd":0,"reachRcvd":0,"audience":0,"voice":0,"conversation":0,"engagement":0,"group_scoped":{"audienceScore":0,"voiceScore":0,"engagementScore":0,"combinedScore":0,"combinedScoreRank":230,"SEIrank":230,"engagementSEIrank":195,"voiceSEIrank":197,"audienceSEIrank":230,"engagementSEI":0,"engagementSEIadj":0,"voiceSEI":0,"voiceSEIadj":0,"audienceSEI":0,"audienceSEIadj":0,"SEI":0,"SEIadj":0},"non_scoped":{"SEI":0,"SEIrank":230,"SEIadj":0,"audienceSEI":0,"audienceSEIadj":0,"audienceSEIrank":230,"audienceScore":0,"combinedScore":0,"combinedScoreRank":230,"engagementSEI":0,"engagementSEIadj":0,"engagementSEIrank":195,"engagementScore":0,"voiceSEI":0,"voiceSEIadj":0,"voiceSEIrank":197,"voiceScore":0},"scoped":{"SEI":0,"SEIrank":208,"SEIadj":0,"audienceSEI":0,"audienceSEIadj":0,"audienceSEIrank":208,"audienceScore":0,"combinedScore":0,"combinedScoreRank":208,"engagementSEI":0,"engagementSEIadj":0,"engagementSEIrank":180,"engagementScore":0,"voiceSEI":0,"voiceSEIadj":0,"voiceSEIrank":182,"voiceScore":0}},"instagram":{"entityString":"53bf500db4e50eb276dac829","type":"instagram","profiles":0,"postsMade":0,"repliesMade":0,"repliesRcvd":0,"sharesMade":0,"sharesRcvd":0,"mentionsRcvd":0,"likesRcvd":0,"reachRcvd":0,"audience":0,"voice":0,"conversation":0,"engagement":0,"group_scoped":{"audienceScore":0,"voiceScore":0,"engagementScore":0,"combinedScore":0,"combinedScoreRank":81,"SEIrank":63,"engagementSEIrank":58,"voiceSEIrank":56,"audienceSEIrank":63,"engagementSEI":0,"engagementSEIadj":0,"voiceSEI":0,"voiceSEIadj":0,"audienceSEI":0,"audienceSEIadj":0,"SEI":0,"SEIadj":0},"non_scoped":{"SEI":0,"SEIrank":63,"SEIadj":0,"audienceSEI":0,"audienceSEIadj":0,"audienceSEIrank":63,"audienceScore":0,"combinedScore":0,"combinedScoreRank":63,"engagementSEI":0,"engagementSEIadj":0,"engagementSEIrank":58,"engagementScore":0,"voiceSEI":0,"voiceSEIadj":0,"voiceSEIrank":56,"voiceScore":0},"scoped":{"SEI":0,"SEIrank":56,"SEIadj":0,"audienceSEI":0,"audienceSEIadj":0,"audienceSEIrank":56,"audienceScore":0,"combinedScore":0,"combinedScoreRank":56,"engagementSEI":0,"engagementSEIadj":0,"engagementSEIrank":51,"engagementScore":0,"voiceSEI":0,"voiceSEIadj":0,"voiceSEIrank":49,"voiceScore":0}}},"month":{"boundaryQuantum":4975782,"combined":{"entityString":"53bf500db4e50eb276dac829","type":"combined","profiles":0,"postsMade":0,"repliesMade":0,"repliesRcvd":0,"sharesMade":0,"sharesRcvd":0,"mentionsRcvd":0,"likesRcvd":0,"reachRcvd":0,"audience":0,"voice":0,"conversation":0,"engagement":0,"group_scoped":{"audienceScore":0,"voiceScore":0,"engagementScore":0,"combinedScore":0,"combinedScoreRank":231,"SEIrank":231,"engagementSEIrank":213,"voiceSEIrank":214,"audienceSEIrank":231,"engagementSEI":0,"engagementSEIadj":0,"voiceSEI":0,"voiceSEIadj":0,"audienceSEI":0,"audienceSEIadj":0,"SEI":0,"SEIadj":0},"non_scoped":{"SEI":0,"SEIrank":231,"SEIadj":0,"audienceSEI":0,"audienceSEIadj":0,"audienceSEIrank":231,"audienceScore":0,"combinedScore":0,"combinedScoreRank":231,"engagementSEI":0,"engagementSEIadj":0,"engagementSEIrank":213,"engagementScore":0,"voiceSEI":0,"voiceSEIadj":0,"voiceSEIrank":214,"voiceScore":0},"scoped":{"SEI":0,"SEIrank":208,"SEIadj":0,"audienceSEI":0,"audienceSEIadj":0,"audienceSEIrank":208,"audienceScore":0,"combinedScore":0,"combinedScoreRank":208,"engagementSEI":0,"engagementSEIadj":0,"engagementSEIrank":197,"engagementScore":0,"voiceSEI":0,"voiceSEIadj":0,"voiceSEIrank":198,"voiceScore":0}},"facebook":{"entityString":"53bf500db4e50eb276dac829","type":"facebook","profiles":0,"postsMade":0,"repliesMade":0,"repliesRcvd":0,"sharesMade":0,"sharesRcvd":0,"mentionsRcvd":0,"likesRcvd":0,"reachRcvd":0,"audience":0,"voice":0,"conversation":0,"engagement":0,"group_scoped":{"audienceScore":0,"voiceScore":0,"engagementScore":0,"combinedScore":0,"combinedScoreRank":201,"SEIrank":201,"engagementSEIrank":161,"voiceSEIrank":159,"audienceSEIrank":201,"engagementSEI":0,"engagementSEIadj":0,"voiceSEI":0,"voiceSEIadj":0,"audienceSEI":0,"audienceSEIadj":0,"SEI":0,"SEIadj":0},"non_scoped":{"SEI":0,"SEIrank":201,"SEIadj":0,"audienceSEI":0,"audienceSEIadj":0,"audienceSEIrank":201,"audienceScore":0,"combinedScore":0,"combinedScoreRank":201,"engagementSEI":0,"engagementSEIadj":0,"engagementSEIrank":161,"engagementScore":0,"voiceSEI":0,"voiceSEIadj":0,"voiceSEIrank":159,"voiceScore":0},"scoped":{"SEI":0,"SEIrank":183,"SEIadj":0,"audienceSEI":0,"audienceSEIadj":0,"audienceSEIrank":183,"audienceScore":0,"combinedScore":0,"combinedScoreRank":183,"engagementSEI":0,"engagementSEIadj":0,"engagementSEIrank":149,"engagementScore":0,"voiceSEI":0,"voiceSEIadj":0,"voiceSEIrank":148,"voiceScore":0}},"twitter":{"entityString":"53bf500db4e50eb276dac829","type":"twitter","profiles":0,"postsMade":0,"repliesMade":0,"repliesRcvd":0,"sharesMade":0,"sharesRcvd":0,"mentionsRcvd":0,"likesRcvd":0,"reachRcvd":0,"audience":0,"voice":0,"conversation":0,"engagement":0,"group_scoped":{"audienceScore":0,"voiceScore":0,"engagementScore":0,"combinedScore":0,"combinedScoreRank":230,"SEIrank":230,"engagementSEIrank":210,"voiceSEIrank":211,"audienceSEIrank":230,"engagementSEI":0,"engagementSEIadj":0,"voiceSEI":0,"voiceSEIadj":0,"audienceSEI":0,"audienceSEIadj":0,"SEI":0,"SEIadj":0},"non_scoped":{"SEI":0,"SEIrank":230,"SEIadj":0,"audienceSEI":0,"audienceSEIadj":0,"audienceSEIrank":230,"audienceScore":0,"combinedScore":0,"combinedScoreRank":230,"engagementSEI":0,"engagementSEIadj":0,"engagementSEIrank":210,"engagementScore":0,"voiceSEI":0,"voiceSEIadj":0,"voiceSEIrank":211,"voiceScore":0},"scoped":{"SEI":0,"SEIrank":208,"SEIadj":0,"audienceSEI":0,"audienceSEIadj":0,"audienceSEIrank":208,"audienceScore":0,"combinedScore":0,"combinedScoreRank":208,"engagementSEI":0,"engagementSEIadj":0,"engagementSEIrank":195,"engagementScore":0,"voiceSEI":0,"voiceSEIadj":0,"voiceSEIrank":196,"voiceScore":0}},"instagram":{"entityString":"53bf500db4e50eb276dac829","type":"instagram","profiles":0,"postsMade":0,"repliesMade":0,"repliesRcvd":0,"sharesMade":0,"sharesRcvd":0,"mentionsRcvd":0,"likesRcvd":0,"reachRcvd":0,"audience":0,"voice":0,"conversation":0,"engagement":0,"group_scoped":{"audienceScore":0,"voiceScore":0,"engagementScore":0,"combinedScore":0,"combinedScoreRank":81,"SEIrank":63,"engagementSEIrank":58,"voiceSEIrank":57,"audienceSEIrank":63,"engagementSEI":0,"engagementSEIadj":0,"voiceSEI":0,"voiceSEIadj":0,"audienceSEI":0,"audienceSEIadj":0,"SEI":0,"SEIadj":0},"non_scoped":{"SEI":0,"SEIrank":63,"SEIadj":0,"audienceSEI":0,"audienceSEIadj":0,"audienceSEIrank":63,"audienceScore":0,"combinedScore":0,"combinedScoreRank":63,"engagementSEI":0,"engagementSEIadj":0,"engagementSEIrank":58,"engagementScore":0,"voiceSEI":0,"voiceSEIadj":0,"voiceSEIrank":57,"voiceScore":0},"scoped":{"SEI":0,"SEIrank":56,"SEIadj":0,"audienceSEI":0,"audienceSEIadj":0,"audienceSEIrank":56,"audienceScore":0,"combinedScore":0,"combinedScoreRank":56,"engagementSEI":0,"engagementSEIadj":0,"engagementSEIrank":51,"engagementScore":0,"voiceSEI":0,"voiceSEIadj":0,"voiceSEIrank":50,"voiceScore":0}}},"quarter":{"boundaryQuantum":4958502,"combined":{"entityString":"53bf500db4e50eb276dac829","type":"combined","profiles":0,"postsMade":0,"repliesMade":0,"repliesRcvd":0,"sharesMade":0,"sharesRcvd":0,"mentionsRcvd":0,"likesRcvd":0,"reachRcvd":0,"audience":0,"voice":0,"conversation":0,"engagement":0,"group_scoped":{"audienceScore":0,"voiceScore":0,"engagementScore":0,"combinedScore":0,"combinedScoreRank":231,"SEIrank":231,"engagementSEIrank":215,"voiceSEIrank":216,"audienceSEIrank":231,"engagementSEI":0,"engagementSEIadj":0,"voiceSEI":0,"voiceSEIadj":0,"audienceSEI":0,"audienceSEIadj":0,"SEI":0,"SEIadj":0},"non_scoped":{"SEI":0,"SEIrank":231,"SEIadj":0,"audienceSEI":0,"audienceSEIadj":0,"audienceSEIrank":231,"audienceScore":0,"combinedScore":0,"combinedScoreRank":231,"engagementSEI":0,"engagementSEIadj":0,"engagementSEIrank":215,"engagementScore":0,"voiceSEI":0,"voiceSEIadj":0,"voiceSEIrank":216,"voiceScore":0},"scoped":{"SEI":0,"SEIrank":208,"SEIadj":0,"audienceSEI":0,"audienceSEIadj":0,"audienceSEIrank":208,"audienceScore":0,"combinedScore":0,"combinedScoreRank":208,"engagementSEI":0,"engagementSEIadj":0,"engagementSEIrank":199,"engagementScore":0,"voiceSEI":0,"voiceSEIadj":0,"voiceSEIrank":199,"voiceScore":0}},"facebook":{"entityString":"53bf500db4e50eb276dac829","type":"facebook","profiles":0,"postsMade":0,"repliesMade":0,"repliesRcvd":0,"sharesMade":0,"sharesRcvd":0,"mentionsRcvd":0,"likesRcvd":0,"reachRcvd":0,"audience":0,"voice":0,"conversation":0,"engagement":0,"group_scoped":{"audienceScore":0,"voiceScore":0,"engagementScore":0,"combinedScore":0,"combinedScoreRank":201,"SEIrank":201,"engagementSEIrank":166,"voiceSEIrank":164,"audienceSEIrank":201,"engagementSEI":0,"engagementSEIadj":0,"voiceSEI":0,"voiceSEIadj":0,"audienceSEI":0,"audienceSEIadj":0,"SEI":0,"SEIadj":0},"non_scoped":{"SEI":0,"SEIrank":201,"SEIadj":0,"audienceSEI":0,"audienceSEIadj":0,"audienceSEIrank":201,"audienceScore":0,"combinedScore":0,"combinedScoreRank":201,"engagementSEI":0,"engagementSEIadj":0,"engagementSEIrank":166,"engagementScore":0,"voiceSEI":0,"voiceSEIadj":0,"voiceSEIrank":164,"voiceScore":0},"scoped":{"SEI":0,"SEIrank":183,"SEIadj":0,"audienceSEI":0,"audienceSEIadj":0,"audienceSEIrank":183,"audienceScore":0,"combinedScore":0,"combinedScoreRank":183,"engagementSEI":0,"engagementSEIadj":0,"engagementSEIrank":154,"engagementScore":0,"voiceSEI":0,"voiceSEIadj":0,"voiceSEIrank":152,"voiceScore":0}},"twitter":{"entityString":"53bf500db4e50eb276dac829","type":"twitter","profiles":0,"postsMade":0,"repliesMade":0,"repliesRcvd":0,"sharesMade":0,"sharesRcvd":0,"mentionsRcvd":0,"likesRcvd":0,"reachRcvd":0,"audience":0,"voice":0,"conversation":0,"engagement":0,"group_scoped":{"audienceScore":0,"voiceScore":0,"engagementScore":0,"combinedScore":0,"combinedScoreRank":230,"SEIrank":230,"engagementSEIrank":213,"voiceSEIrank":215,"audienceSEIrank":230,"engagementSEI":0,"engagementSEIadj":0,"voiceSEI":0,"voiceSEIadj":0,"audienceSEI":0,"audienceSEIadj":0,"SEI":0,"SEIadj":0},"non_scoped":{"SEI":0,"SEIrank":230,"SEIadj":0,"audienceSEI":0,"audienceSEIadj":0,"audienceSEIrank":230,"audienceScore":0,"combinedScore":0,"combinedScoreRank":230,"engagementSEI":0,"engagementSEIadj":0,"engagementSEIrank":213,"engagementScore":0,"voiceSEI":0,"voiceSEIadj":0,"voiceSEIrank":215,"voiceScore":0},"scoped":{"SEI":0,"SEIrank":208,"SEIadj":0,"audienceSEI":0,"audienceSEIadj":0,"audienceSEIrank":208,"audienceScore":0,"combinedScore":0,"combinedScoreRank":208,"engagementSEI":0,"engagementSEIadj":0,"engagementSEIrank":198,"engagementScore":0,"voiceSEI":0,"voiceSEIadj":0,"voiceSEIrank":199,"voiceScore":0}},"instagram":{"entityString":"53bf500db4e50eb276dac829","type":"instagram","profiles":0,"postsMade":0,"repliesMade":0,"repliesRcvd":0,"sharesMade":0,"sharesRcvd":0,"mentionsRcvd":0,"likesRcvd":0,"reachRcvd":0,"audience":0,"voice":0,"conversation":0,"engagement":0,"group_scoped":{"audienceScore":0,"voiceScore":0,"engagementScore":0,"combinedScore":0,"combinedScoreRank":81,"SEIrank":63,"engagementSEIrank":58,"voiceSEIrank":58,"audienceSEIrank":63,"engagementSEI":0,"engagementSEIadj":0,"voiceSEI":0,"voiceSEIadj":0,"audienceSEI":0,"audienceSEIadj":0,"SEI":0,"SEIadj":0},"non_scoped":{"SEI":0,"SEIrank":63,"SEIadj":0,"audienceSEI":0,"audienceSEIadj":0,"audienceSEIrank":63,"audienceScore":0,"combinedScore":0,"combinedScoreRank":63,"engagementSEI":0,"engagementSEIadj":0,"engagementSEIrank":58,"engagementScore":0,"voiceSEI":0,"voiceSEIadj":0,"voiceSEIrank":58,"voiceScore":0},"scoped":{"SEI":0,"SEIrank":56,"SEIadj":0,"audienceSEI":0,"audienceSEIadj":0,"audienceSEIrank":56,"audienceScore":0,"combinedScore":0,"combinedScoreRank":56,"engagementSEI":0,"engagementSEIadj":0,"engagementSEIrank":51,"engagementScore":0,"voiceSEI":0,"voiceSEIadj":0,"voiceSEIrank":51,"voiceScore":0}}},"blended":{"combined":{"non_scoped":{"SEI":0,"SEIadj":0,"SEIrank":231,"audienceSEI":0,"audienceSEIadj":0,"audienceSEIrank":231,"engagementSEI":0,"engagementSEIadj":0,"engagementSEIrank":215,"voiceSEI":0,"voiceSEIadj":0,"voiceSEIrank":216},"scoped":{"SEI":0,"SEIadj":0,"SEIrank":208,"compCharisma":0,"compInfluence":0,"compEva":0,"audienceSEI":0,"audienceSEIadj":0,"audienceSEIrank":208,"engagementSEI":0,"engagementSEIadj":0,"engagementSEIrank":199,"voiceSEI":0,"voiceSEIadj":0,"voiceSEIrank":199}},"facebook":{"non_scoped":{"SEI":0,"SEIadj":0,"SEIrank":201,"audienceSEI":0,"audienceSEIadj":0,"audienceSEIrank":201,"engagementSEI":0,"engagementSEIadj":0,"engagementSEIrank":166,"voiceSEI":0,"voiceSEIadj":0,"voiceSEIrank":164},"scoped":{"SEI":0,"SEIadj":0,"SEIrank":183,"audienceSEI":0,"audienceSEIadj":0,"audienceSEIrank":183,"engagementSEI":0,"engagementSEIadj":0,"engagementSEIrank":154,"voiceSEI":0,"voiceSEIadj":0,"voiceSEIrank":152}},"twitter":{"non_scoped":{"SEI":0,"SEIadj":0,"SEIrank":230,"audienceSEI":0,"audienceSEIadj":0,"audienceSEIrank":230,"engagementSEI":0,"engagementSEIadj":0,"engagementSEIrank":213,"voiceSEI":0,"voiceSEIadj":0,"voiceSEIrank":215},"scoped":{"SEI":0,"SEIadj":0,"SEIrank":208,"audienceSEI":0,"audienceSEIadj":0,"audienceSEIrank":208,"engagementSEI":0,"engagementSEIadj":0,"engagementSEIrank":198,"voiceSEI":0,"voiceSEIadj":0,"voiceSEIrank":199}},"instagram":{"non_scoped":{"SEI":0,"SEIadj":0,"SEIrank":63,"audienceSEI":0,"audienceSEIadj":0,"audienceSEIrank":63,"engagementSEI":0,"engagementSEIadj":0,"engagementSEIrank":58,"voiceSEI":0,"voiceSEIadj":0,"voiceSEIrank":58},"scoped":{"SEI":0,"SEIadj":0,"SEIrank":56,"audienceSEI":0,"audienceSEIadj":0,"audienceSEIrank":56,"engagementSEI":0,"engagementSEIadj":0,"engagementSEIrank":51,"voiceSEI":0,"voiceSEIadj":0,"voiceSEIrank":51}},"influence":{"combined":{"scope":"individual","ratio":0,"calculated":false},"facebook":{"scope":"individual","ratio":0,"calculated":false},"twitter":{"scope":"individual","ratio":0,"calculated":false},"instagram":{"scope":"individual","ratio":0,"calculated":false}},"charisma":{"combined":{"scope":"individual","ratio":0,"calculated":false},"facebook":{"scope":"individual","ratio":0,"calculated":false},"twitter":{"scope":"individual","ratio":0,"calculated":false},"instagram":{"scope":"individual","ratio":0,"calculated":false}}},"scope":"individual"}}