{"scoreEntityString":"591d1494ab33fb0001804f89.asset.548880eaf372e13640a025c5","timeQuantum":4984422,"scoreEntityType":"asset","scoreProfileID":"591d1494ab33fb0001804f89","data":{"scoreEntityString":"591d1494ab33fb0001804f89.asset.548880eaf372e13640a025c5","scoreProfileID":"591d1494ab33fb0001804f89","scoreEntityType":"asset","entityID":"asset.548880eaf372e13640a025c5","object_version":"1.2","score_engine_version":"3.0.19","timestamp":4984422,"start_quantum":4958502,"end_quantum":4984421,"schedule_options":{"interval":15,"offset":"1"},"_15min":{"boundaryQuantum":4984419,"combined":{"entityString":"548880eaf372e13640a025c5","type":"combined","profiles":2,"postsMade":0,"repliesMade":0,"repliesRcvd":0,"sharesMade":0,"sharesRcvd":0,"mentionsRcvd":0,"likesRcvd":0,"reachRcvd":0,"audience":17937,"voice":0,"conversation":0,"engagement":0,"group_scoped":{"audienceScore":1.5396249347652924,"voiceScore":0,"engagementScore":0,"combinedScore":1.5396249347652924,"engagementSEI":0,"engagementSEIadj":0,"voiceSEI":0,"voiceSEIadj":0,"audienceSEI":1.8933748242476955,"audienceSEIadj":1.8933748242476955,"SEI":0.18933748242476955,"SEIadj":0.18933748242476955,"combinedScoreRank":49,"SEIrank":70,"engagementSEIrank":20,"voiceSEIrank":14,"audienceSEIrank":70},"non_scoped":{"SEI":0.07134595129526095,"SEIrank":84,"SEIadj":0,"audienceSEI":0.7134595129526095,"audienceSEIadj":0,"audienceSEIrank":84,"audienceScore":0.1320994818020941,"combinedScore":0.006604974090104705,"combinedScoreRank":84,"engagementSEI":0,"engagementSEIadj":0,"engagementSEIrank":20,"engagementScore":0,"voiceSEI":0,"voiceSEIadj":0,"voiceSEIrank":14,"voiceScore":0},"scoped":{"SEI":0.936594382626767,"SEIrank":72,"SEIadj":0,"audienceSEI":9.365943826267669,"audienceSEIadj":0,"audienceSEIrank":72,"audienceScore":0.38169067882720076,"combinedScore":0.05452723983245725,"combinedScoreRank":72,"engagementSEI":0,"engagementSEIadj":0,"engagementSEIrank":14,"engagementScore":0,"voiceSEI":0,"voiceSEIadj":0,"voiceSEIrank":11,"voiceScore":0}},"facebook":{"entityString":"548880eaf372e13640a025c5","type":"facebook","profiles":1,"postsMade":0,"repliesMade":0,"repliesRcvd":0,"sharesMade":0,"sharesRcvd":0,"mentionsRcvd":0,"likesRcvd":0,"reachRcvd":0,"audience":17936,"voice":0,"conversation":0,"engagement":0,"group_scoped":{"audienceScore":1.631319589841725,"voiceScore":0,"engagementScore":0,"combinedScore":1.631319589841725,"engagementSEI":0,"engagementSEIadj":0,"voiceSEI":0,"voiceSEIadj":0,"audienceSEI":1.9366904361872594,"audienceSEIadj":1.9366904361872594,"SEI":0.19366904361872594,"SEIadj":0.19366904361872594,"combinedScoreRank":36,"SEIrank":48,"engagementSEIrank":18,"voiceSEIrank":14,"audienceSEIrank":48},"non_scoped":{"SEI":0.09747317531259239,"SEIrank":45,"SEIadj":0,"audienceSEI":0.9747317531259239,"audienceSEIadj":0,"audienceSEIrank":45,"audienceScore":0.1870252290110165,"combinedScore":0.009351261450550825,"combinedScoreRank":45,"engagementSEI":0,"engagementSEIadj":0,"engagementSEIrank":18,"engagementScore":0,"voiceSEI":0,"voiceSEIadj":0,"voiceSEIrank":14,"voiceScore":0},"scoped":{"SEI":1.2595417167014278,"SEIrank":35,"SEIadj":0,"audienceSEI":12.595417167014277,"audienceSEIadj":0,"audienceSEIrank":35,"audienceScore":0.7709974952038333,"combinedScore":0.11014249931483333,"combinedScoreRank":35,"engagementSEI":0,"engagementSEIadj":0,"engagementSEIrank":12,"engagementScore":0,"voiceSEI":0,"voiceSEIadj":0,"voiceSEIrank":11,"voiceScore":0}},"twitter":{"entityString":"548880eaf372e13640a025c5","type":"twitter","profiles":1,"postsMade":0,"repliesMade":0,"repliesRcvd":0,"sharesMade":0,"sharesRcvd":0,"mentionsRcvd":0,"likesRcvd":0,"reachRcvd":0,"audience":1,"voice":0,"conversation":0,"engagement":0,"group_scoped":{"audienceScore":0.0015256461111280628,"voiceScore":0,"engagementScore":0,"combinedScore":0.0015256461111280628,"engagementSEI":0,"engagementSEIadj":0,"voiceSEI":0,"voiceSEIadj":0,"audienceSEI":0.004708097928436911,"audienceSEIadj":0.004708097928436911,"SEI":0.00047080979284369113,"SEIadj":0.00047080979284369113,"combinedScoreRank":225,"SEIrank":225,"engagementSEIrank":15,"voiceSEIrank":13,"audienceSEIrank":225},"non_scoped":{"SEI":0.000018048195902337603,"SEIrank":225,"SEIadj":0,"audienceSEI":0.00018048195902337603,"audienceSEIadj":0,"audienceSEIrank":225,"audienceScore":0.000029208729671454364,"combinedScore":0.0000014604364835727183,"combinedScoreRank":225,"engagementSEI":0,"engagementSEIadj":0,"engagementSEIrank":15,"engagementScore":0,"voiceSEI":0,"voiceSEIadj":0,"voiceSEIrank":13,"voiceScore":0},"scoped":{"SEI":0.00008579051671628218,"SEIrank":203,"SEIadj":0,"audienceSEI":0.0008579051671628217,"audienceSEIadj":0,"audienceSEIrank":203,"audienceScore":0.000046369973031223685,"combinedScore":0.0000066242818616033835,"combinedScoreRank":203,"engagementSEI":0,"engagementSEIadj":0,"engagementSEIrank":12,"engagementScore":0,"voiceSEI":0,"voiceSEIadj":0,"voiceSEIrank":11,"voiceScore":0}},"instagram":{"entityString":"548880eaf372e13640a025c5","type":"instagram","profiles":0,"postsMade":0,"repliesMade":0,"repliesRcvd":0,"sharesMade":0,"sharesRcvd":0,"mentionsRcvd":0,"likesRcvd":0,"reachRcvd":0,"audience":0,"voice":0,"conversation":0,"engagement":0,"group_scoped":{"audienceScore":null,"voiceScore":0,"engagementScore":0,"combinedScore":null,"engagementSEI":0,"engagementSEIadj":0,"voiceSEI":0,"voiceSEIadj":0,"audienceSEI":0,"audienceSEIadj":0,"SEI":0,"SEIadj":0,"combinedScoreRank":24,"SEIrank":39,"engagementSEIrank":15,"voiceSEIrank":12,"audienceSEIrank":39},"non_scoped":{"SEI":0,"SEIrank":39,"SEIadj":0,"audienceSEI":0,"audienceSEIadj":0,"audienceSEIrank":39,"audienceScore":0,"combinedScore":0,"combinedScoreRank":39,"engagementSEI":0,"engagementSEIadj":0,"engagementSEIrank":15,"engagementScore":0,"voiceSEI":0,"voiceSEIadj":0,"voiceSEIrank":12,"voiceScore":0},"scoped":{"SEI":0,"SEIrank":33,"SEIadj":0,"audienceSEI":0,"audienceSEIadj":0,"audienceSEIrank":33,"audienceScore":0,"combinedScore":0,"combinedScoreRank":33,"engagementSEI":0,"engagementSEIadj":0,"engagementSEIrank":12,"engagementScore":0,"voiceSEI":0,"voiceSEIadj":0,"voiceSEIrank":11,"voiceScore":0}}},"hour":{"boundaryQuantum":4984410,"combined":{"entityString":"548880eaf372e13640a025c5","type":"combined","profiles":2,"postsMade":0,"repliesMade":0,"repliesRcvd":0,"sharesMade":0,"sharesRcvd":1,"mentionsRcvd":0,"likesRcvd":15,"reachRcvd":0,"audience":17937,"voice":0,"conversation":0,"engagement":16,"group_scoped":{"audienceScore":1.5396249347652924,"voiceScore":0,"engagementScore":5.111821086261981,"combinedScore":4.601507350333882,"combinedScoreRank":18,"SEIrank":18,"engagementSEIrank":12,"voiceSEIrank":24,"audienceSEIrank":70,"engagementSEI":5.442176870748299,"engagementSEIadj":5.442176870748299,"voiceSEI":0,"voiceSEIadj":0,"audienceSEI":1.8933748242476955,"audienceSEIadj":1.8933748242476955,"SEI":3.4546436048737488,"SEIadj":3.4546436048737488},"non_scoped":{"SEI":0.21510156674898961,"SEIrank":41,"SEIadj":0,"audienceSEI":0.7134595129526095,"audienceSEIadj":0,"audienceSEIrank":84,"audienceScore":0.1320994818020941,"combinedScore":0.10805629154818558,"combinedScoreRank":21,"engagementSEI":0.23959269242288112,"engagementSEIadj":0,"engagementSEIrank":14,"engagementScore":0.11272368606453431,"voiceSEI":0,"voiceSEIadj":0,"voiceSEIrank":24,"voiceScore":0},"scoped":{"SEI":1.7326142831242795,"SEIrank":46,"SEIadj":0,"audienceSEI":9.365943826267669,"audienceSEIadj":0,"audienceSEIrank":72,"audienceScore":0.38169067882720076,"combinedScore":0.8865544134594324,"combinedScoreRank":11,"engagementSEI":1.3266998341625207,"engagementSEIadj":0,"engagementSEIrank":8,"engagementScore":0.9638554216867471,"voiceSEI":0,"voiceSEIadj":0,"voiceSEIrank":18,"voiceScore":0}},"facebook":{"entityString":"548880eaf372e13640a025c5","type":"facebook","profiles":1,"postsMade":0,"repliesMade":0,"repliesRcvd":0,"sharesMade":0,"sharesRcvd":1,"mentionsRcvd":0,"likesRcvd":15,"reachRcvd":0,"audience":17936,"voice":0,"conversation":0,"engagement":16,"group_scoped":{"audienceScore":1.631319589841725,"voiceScore":0,"engagementScore":5.128205128205128,"combinedScore":4.62865005129607,"combinedScoreRank":18,"SEIrank":14,"engagementSEIrank":12,"voiceSEIrank":18,"audienceSEIrank":48,"engagementSEI":5.460750853242321,"engagementSEIadj":5.460750853242321,"voiceSEI":0,"voiceSEIadj":0,"audienceSEI":1.9366904361872594,"audienceSEIadj":1.9366904361872594,"SEI":3.4701195555641187,"SEIadj":3.4701195555641187},"non_scoped":{"SEI":0.24721580516752922,"SEIrank":25,"SEIadj":0,"audienceSEI":0.9747317531259239,"audienceSEIadj":0,"audienceSEIrank":45,"audienceScore":0.1870252290110165,"combinedScore":0.12800650205701095,"combinedScoreRank":14,"engagementSEI":0.24957104975822805,"engagementSEIadj":0,"engagementSEIrank":12,"engagementScore":0.13183915622940012,"voiceSEI":0,"voiceSEIadj":0,"voiceSEIrank":18,"voiceScore":0},"scoped":{"SEI":14.2325146896744,"SEIrank":8,"SEIadj":0,"audienceSEI":12.595417167014277,"audienceSEIadj":0,"audienceSEIrank":35,"audienceScore":0.7709974952038333,"combinedScore":4.02746954235022,"combinedScoreRank":7,"engagementSEI":21.62162162162162,"engagementSEIadj":0,"engagementSEIrank":6,"engagementScore":4.43213296398892,"voiceSEI":0,"voiceSEIadj":0,"voiceSEIrank":12,"voiceScore":0}},"twitter":{"entityString":"548880eaf372e13640a025c5","type":"twitter","profiles":1,"postsMade":0,"repliesMade":0,"repliesRcvd":0,"sharesMade":0,"sharesRcvd":0,"mentionsRcvd":0,"likesRcvd":0,"reachRcvd":0,"audience":1,"voice":0,"conversation":0,"engagement":0,"group_scoped":{"audienceScore":0.0015256461111280628,"voiceScore":0,"engagementScore":0,"combinedScore":0.0015256461111280628,"combinedScoreRank":225,"SEIrank":225,"engagementSEIrank":44,"voiceSEIrank":22,"audienceSEIrank":225,"engagementSEI":0,"engagementSEIadj":0,"voiceSEI":0,"voiceSEIadj":0,"audienceSEI":0.004708097928436911,"audienceSEIadj":0.004708097928436911,"SEI":0.00047080979284369113,"SEIadj":0.00047080979284369113},"non_scoped":{"SEI":0.000018048195902337603,"SEIrank":225,"SEIadj":0,"audienceSEI":0.00018048195902337603,"audienceSEIadj":0,"audienceSEIrank":225,"audienceScore":0.000029208729671454364,"combinedScore":0.0000014604364835727183,"combinedScoreRank":225,"engagementSEI":0,"engagementSEIadj":0,"engagementSEIrank":44,"engagementScore":0,"voiceSEI":0,"voiceSEIadj":0,"voiceSEIrank":22,"voiceScore":0},"scoped":{"SEI":0.00008579051671628218,"SEIrank":203,"SEIadj":0,"audienceSEI":0.0008579051671628217,"audienceSEIadj":0,"audienceSEIrank":203,"audienceScore":0.000046369973031223685,"combinedScore":0.0000023184986515611845,"combinedScoreRank":203,"engagementSEI":0,"engagementSEIadj":0,"engagementSEIrank":38,"engagementScore":0,"voiceSEI":0,"voiceSEIadj":0,"voiceSEIrank":18,"voiceScore":0}},"instagram":{"entityString":"548880eaf372e13640a025c5","type":"instagram","profiles":0,"postsMade":0,"repliesMade":0,"repliesRcvd":0,"sharesMade":0,"sharesRcvd":0,"mentionsRcvd":0,"likesRcvd":0,"reachRcvd":0,"audience":0,"voice":0,"conversation":0,"engagement":0,"group_scoped":{"audienceScore":null,"voiceScore":0,"engagementScore":0,"combinedScore":null,"combinedScoreRank":24,"SEIrank":39,"engagementSEIrank":21,"voiceSEIrank":12,"audienceSEIrank":39,"engagementSEI":0,"engagementSEIadj":0,"voiceSEI":0,"voiceSEIadj":0,"audienceSEI":0,"audienceSEIadj":0,"SEI":0,"SEIadj":0},"non_scoped":{"SEI":0,"SEIrank":39,"SEIadj":0,"audienceSEI":0,"audienceSEIadj":0,"audienceSEIrank":39,"audienceScore":0,"combinedScore":0,"combinedScoreRank":39,"engagementSEI":0,"engagementSEIadj":0,"engagementSEIrank":21,"engagementScore":0,"voiceSEI":0,"voiceSEIadj":0,"voiceSEIrank":12,"voiceScore":0},"scoped":{"SEI":0,"SEIrank":33,"SEIadj":0,"audienceSEI":0,"audienceSEIadj":0,"audienceSEIrank":33,"audienceScore":0,"combinedScore":0,"combinedScoreRank":33,"engagementSEI":0,"engagementSEIadj":0,"engagementSEIrank":17,"engagementScore":0,"voiceSEI":0,"voiceSEIadj":0,"voiceSEIrank":11,"voiceScore":0}}},"today":{"boundaryQuantum":4984134,"combined":{"entityString":"548880eaf372e13640a025c5","type":"combined","profiles":2,"postsMade":1,"repliesMade":0,"repliesRcvd":8,"sharesMade":0,"sharesRcvd":6,"mentionsRcvd":0,"likesRcvd":120,"reachRcvd":0,"audience":17937,"voice":1,"conversation":9,"engagement":134,"group_scoped":{"audienceScore":1.5396249347652924,"voiceScore":1.5151515151515151,"engagementScore":2.041127189642041,"combinedScore":1.9897532931736774,"combinedScoreRank":21,"SEIrank":48,"engagementSEIrank":19,"voiceSEIrank":87,"audienceSEIrank":70,"engagementSEI":2.1938441388343155,"engagementSEIadj":2.1938441388343155,"voiceSEI":1.7241379310344827,"voiceSEIadj":1.7241379310344827,"audienceSEI":1.8933748242476955,"audienceSEIadj":1.8933748242476955,"SEI":2.0228853450357036,"SEIadj":2.0228853450357036},"non_scoped":{"SEI":0.4421851912695954,"SEIrank":86,"SEIadj":0,"audienceSEI":0.7134595129526095,"audienceSEIadj":0,"audienceSEIrank":84,"audienceScore":0.1320994818020941,"combinedScore":0.04493288357039911,"combinedScoreRank":54,"engagementSEI":0.06861485050667458,"engagementSEIadj":0,"engagementSEIrank":40,"engagementScore":0.03575316442186599,"voiceSEI":1.098901098901099,"voiceSEIadj":0,"voiceSEIrank":70,"voiceScore":0.12300123001230012},"scoped":{"SEI":2.4232451857893835,"SEIrank":76,"SEIadj":0,"audienceSEI":9.365943826267669,"audienceSEIadj":0,"audienceSEIrank":72,"audienceScore":0.38169067882720076,"combinedScore":0.3545302966494389,"combinedScoreRank":36,"engagementSEI":0.7536134075698779,"engagementSEIadj":0,"engagementSEIrank":32,"engagementScore":0.3582121471343028,"voiceSEI":3.4482758620689653,"voiceSEIadj":0,"voiceSEIrank":60,"voiceScore":0.26109660574412535}},"facebook":{"entityString":"548880eaf372e13640a025c5","type":"facebook","profiles":1,"postsMade":1,"repliesMade":0,"repliesRcvd":8,"sharesMade":0,"sharesRcvd":6,"mentionsRcvd":0,"likesRcvd":120,"reachRcvd":0,"audience":17936,"voice":1,"conversation":9,"engagement":134,"group_scoped":{"audienceScore":1.631319589841725,"voiceScore":3.0303030303030303,"engagementScore":2.0666255397902527,"combinedScore":2.093044116818465,"combinedScoreRank":23,"SEIrank":29,"engagementSEIrank":18,"voiceSEIrank":42,"audienceSEIrank":48,"engagementSEI":2.205398288347597,"engagementSEIadj":2.205398288347597,"voiceSEI":3.3333333333333335,"voiceSEIadj":3.3333333333333335,"audienceSEI":1.9366904361872594,"audienceSEIadj":1.9366904361872594,"SEI":2.5169080166272844,"SEIadj":2.5169080166272844},"non_scoped":{"SEI":0.9095127107563831,"SEIrank":33,"SEIadj":0,"audienceSEI":0.9747317531259239,"audienceSEIadj":0,"audienceSEIrank":45,"audienceScore":0.1870252290110165,"combinedScore":0.062437654671278764,"combinedScoreRank":38,"engagementSEI":0.07134794368836922,"engagementSEIadj":0,"engagementSEIrank":33,"engagementScore":0.04008843388848834,"voiceSEI":2.564102564102564,"voiceSEIadj":0,"voiceSEIrank":30,"voiceScore":0.3401360544217687},"scoped":{"SEI":6.051445935629592,"SEIrank":31,"SEIadj":0,"audienceSEI":12.595417167014277,"audienceSEIadj":0,"audienceSEIrank":35,"audienceScore":0.7709974952038333,"combinedScore":0.8980837115304503,"combinedScoreRank":26,"engagementSEI":3.819840364880274,"engagementSEIadj":0,"engagementSEIrank":25,"engagementScore":0.8919062832800853,"voiceSEI":8.333333333333332,"voiceSEIadj":0,"voiceSEIrank":22,"voiceScore":1.1363636363636365}},"twitter":{"entityString":"548880eaf372e13640a025c5","type":"twitter","profiles":1,"postsMade":0,"repliesMade":0,"repliesRcvd":0,"sharesMade":0,"sharesRcvd":0,"mentionsRcvd":0,"likesRcvd":0,"reachRcvd":0,"audience":1,"voice":0,"conversation":0,"engagement":0,"group_scoped":{"audienceScore":0.0015256461111280628,"voiceScore":0,"engagementScore":0,"combinedScore":0.0015256461111280628,"combinedScoreRank":225,"SEIrank":225,"engagementSEIrank":139,"voiceSEIrank":102,"audienceSEIrank":225,"engagementSEI":0,"engagementSEIadj":0,"voiceSEI":0,"voiceSEIadj":0,"audienceSEI":0.004708097928436911,"audienceSEIadj":0.004708097928436911,"SEI":0.00047080979284369113,"SEIadj":0.00047080979284369113},"non_scoped":{"SEI":0.000018048195902337603,"SEIrank":225,"SEIadj":0,"audienceSEI":0.00018048195902337603,"audienceSEIadj":0,"audienceSEIrank":225,"audienceScore":0.000029208729671454364,"combinedScore":0.0000014604364835727183,"combinedScoreRank":225,"engagementSEI":0,"engagementSEIadj":0,"engagementSEIrank":139,"engagementScore":0,"voiceSEI":0,"voiceSEIadj":0,"voiceSEIrank":102,"voiceScore":0},"scoped":{"SEI":0.00008579051671628218,"SEIrank":203,"SEIadj":0,"audienceSEI":0.0008579051671628217,"audienceSEIadj":0,"audienceSEIrank":203,"audienceScore":0.000046369973031223685,"combinedScore":0.0000023184986515611845,"combinedScoreRank":203,"engagementSEI":0,"engagementSEIadj":0,"engagementSEIrank":128,"engagementScore":0,"voiceSEI":0,"voiceSEIadj":0,"voiceSEIrank":91,"voiceScore":0}},"instagram":{"entityString":"548880eaf372e13640a025c5","type":"instagram","profiles":0,"postsMade":0,"repliesMade":0,"repliesRcvd":0,"sharesMade":0,"sharesRcvd":0,"mentionsRcvd":0,"likesRcvd":0,"reachRcvd":0,"audience":0,"voice":0,"conversation":0,"engagement":0,"group_scoped":{"audienceScore":null,"voiceScore":0,"engagementScore":0,"combinedScore":null,"combinedScoreRank":24,"SEIrank":39,"engagementSEIrank":31,"voiceSEIrank":18,"audienceSEIrank":39,"engagementSEI":0,"engagementSEIadj":0,"voiceSEI":0,"voiceSEIadj":0,"audienceSEI":0,"audienceSEIadj":0,"SEI":0,"SEIadj":0},"non_scoped":{"SEI":0,"SEIrank":39,"SEIadj":0,"audienceSEI":0,"audienceSEIadj":0,"audienceSEIrank":39,"audienceScore":0,"combinedScore":0,"combinedScoreRank":39,"engagementSEI":0,"engagementSEIadj":0,"engagementSEIrank":31,"engagementScore":0,"voiceSEI":0,"voiceSEIadj":0,"voiceSEIrank":18,"voiceScore":0},"scoped":{"SEI":0,"SEIrank":33,"SEIadj":0,"audienceSEI":0,"audienceSEIadj":0,"audienceSEIrank":33,"audienceScore":0,"combinedScore":0,"combinedScoreRank":33,"engagementSEI":0,"engagementSEIadj":0,"engagementSEIrank":25,"engagementScore":0,"voiceSEI":0,"voiceSEIadj":0,"voiceSEIrank":13,"voiceScore":0}}},"week":{"boundaryQuantum":4982406,"combined":{"entityString":"548880eaf372e13640a025c5","type":"combined","profiles":2,"postsMade":26,"repliesMade":0,"repliesRcvd":199,"sharesMade":0,"sharesRcvd":120,"mentionsRcvd":0,"likesRcvd":2624,"reachRcvd":0,"audience":17937,"voice":26,"conversation":225,"engagement":2943,"group_scoped":{"audienceScore":1.5396249347652924,"voiceScore":4.2833607907743,"engagementScore":5.41849246971315,"combinedScore":5.167792509018815,"combinedScoreRank":11,"SEIrank":20,"engagementSEIrank":11,"voiceSEIrank":46,"audienceSEIrank":70,"engagementSEI":5.996943453897096,"engagementSEIadj":5.996943453897096,"voiceSEI":5.439330543933055,"voiceSEIadj":5.439330543933055,"audienceSEI":1.8933748242476955,"audienceSEIadj":1.8933748242476955,"SEI":5.419302717942943,"SEIadj":5.419302717942943},"non_scoped":{"SEI":1.1590074927046268,"SEIrank":57,"SEIadj":0,"audienceSEI":0.7134595129526095,"audienceSEIadj":0,"audienceSEIrank":84,"audienceScore":0.1320994818020941,"combinedScore":0.1312315889687615,"combinedScoreRank":31,"engagementSEI":0.3011413287055323,"engagementSEIadj":0,"engagementSEIrank":28,"engagementScore":0.1227410414262484,"voiceSEI":3.0232558139534884,"voiceSEIadj":0,"voiceSEIrank":62,"voiceScore":0.2831935519006644},"scoped":{"SEI":10.322601161629656,"SEIrank":33,"SEIadj":0,"audienceSEI":9.365943826267669,"audienceSEIadj":0,"audienceSEIrank":72,"audienceScore":0.38169067882720076,"combinedScore":1.3352467637899141,"combinedScoreRank":19,"engagementSEI":9.787488775815625,"engagementSEIadj":0,"engagementSEIrank":19,"engagementScore":1.4294318214934478,"voiceSEI":11.711711711711711,"voiceSEIadj":0,"voiceSEIrank":52,"voiceScore":0.5934718100890208}},"facebook":{"entityString":"548880eaf372e13640a025c5","type":"facebook","profiles":1,"postsMade":26,"repliesMade":0,"repliesRcvd":199,"sharesMade":0,"sharesRcvd":120,"mentionsRcvd":0,"likesRcvd":2624,"reachRcvd":0,"audience":17936,"voice":26,"conversation":225,"engagement":2943,"group_scoped":{"audienceScore":1.631319589841725,"voiceScore":8.176100628930817,"engagementScore":5.480242821496406,"combinedScore":5.422589550285393,"combinedScoreRank":11,"SEIrank":14,"engagementSEIrank":11,"voiceSEIrank":17,"audienceSEIrank":48,"engagementSEI":6.032344681984955,"engagementSEIadj":6.032344681984955,"voiceSEI":10.655737704918032,"voiceSEIadj":10.655737704918032,"audienceSEI":1.9366904361872594,"audienceSEIadj":1.9366904361872594,"SEI":7.009797164285108,"SEIadj":7.009797164285108},"non_scoped":{"SEI":2.2722539368514045,"SEIrank":16,"SEIadj":0,"audienceSEI":0.9747317531259239,"audienceSEIadj":0,"audienceSEIrank":45,"audienceScore":0.1870252290110165,"combinedScore":0.17123441052928892,"combinedScoreRank":21,"engagementSEI":0.3167465618522194,"engagementSEIadj":0,"engagementSEIrank":23,"engagementScore":0.13524722945384107,"voiceSEI":6.615776081424936,"voiceSEIadj":0,"voiceSEIrank":16,"voiceScore":0.8032128514056224},"scoped":{"SEI":23.551314962467067,"SEIrank":13,"SEIadj":0,"audienceSEI":12.595417167014277,"audienceSEIadj":0,"audienceSEIrank":35,"audienceScore":0.7709974952038333,"combinedScore":2.1106176382270703,"combinedScoreRank":15,"engagementSEI":22.38022813688213,"engagementSEIadj":0,"engagementSEIrank":15,"engagementScore":2.1798869688238387,"voiceSEI":29.545454545454547,"voiceSEIadj":0,"voiceSEIrank":8,"voiceScore":2.2033898305084745}},"twitter":{"entityString":"548880eaf372e13640a025c5","type":"twitter","profiles":1,"postsMade":0,"repliesMade":0,"repliesRcvd":0,"sharesMade":0,"sharesRcvd":0,"mentionsRcvd":0,"likesRcvd":0,"reachRcvd":0,"audience":1,"voice":0,"conversation":0,"engagement":0,"group_scoped":{"audienceScore":0.0015256461111280628,"voiceScore":0,"engagementScore":0,"combinedScore":0.0015256461111280628,"combinedScoreRank":225,"SEIrank":225,"engagementSEIrank":190,"voiceSEIrank":193,"audienceSEIrank":225,"engagementSEI":0,"engagementSEIadj":0,"voiceSEI":0,"voiceSEIadj":0,"audienceSEI":0.004708097928436911,"audienceSEIadj":0.004708097928436911,"SEI":0.00047080979284369113,"SEIadj":0.00047080979284369113},"non_scoped":{"SEI":0.000018048195902337603,"SEIrank":225,"SEIadj":0,"audienceSEI":0.00018048195902337603,"audienceSEIadj":0,"audienceSEIrank":225,"audienceScore":0.000029208729671454364,"combinedScore":0.0000014604364835727183,"combinedScoreRank":225,"engagementSEI":0,"engagementSEIadj":0,"engagementSEIrank":190,"engagementScore":0,"voiceSEI":0,"voiceSEIadj":0,"voiceSEIrank":193,"voiceScore":0},"scoped":{"SEI":0.00008579051671628218,"SEIrank":203,"SEIadj":0,"audienceSEI":0.0008579051671628217,"audienceSEIadj":0,"audienceSEIrank":203,"audienceScore":0.000046369973031223685,"combinedScore":0.0000023184986515611845,"combinedScoreRank":203,"engagementSEI":0,"engagementSEIadj":0,"engagementSEIrank":176,"engagementScore":0,"voiceSEI":0,"voiceSEIadj":0,"voiceSEIrank":179,"voiceScore":0}},"instagram":{"entityString":"548880eaf372e13640a025c5","type":"instagram","profiles":0,"postsMade":0,"repliesMade":0,"repliesRcvd":0,"sharesMade":0,"sharesRcvd":0,"mentionsRcvd":0,"likesRcvd":0,"reachRcvd":0,"audience":0,"voice":0,"conversation":0,"engagement":0,"group_scoped":{"audienceScore":null,"voiceScore":0,"engagementScore":0,"combinedScore":null,"combinedScoreRank":24,"SEIrank":39,"engagementSEIrank":34,"voiceSEIrank":32,"audienceSEIrank":39,"engagementSEI":0,"engagementSEIadj":0,"voiceSEI":0,"voiceSEIadj":0,"audienceSEI":0,"audienceSEIadj":0,"SEI":0,"SEIadj":0},"non_scoped":{"SEI":0,"SEIrank":39,"SEIadj":0,"audienceSEI":0,"audienceSEIadj":0,"audienceSEIrank":39,"audienceScore":0,"combinedScore":0,"combinedScoreRank":39,"engagementSEI":0,"engagementSEIadj":0,"engagementSEIrank":34,"engagementScore":0,"voiceSEI":0,"voiceSEIadj":0,"voiceSEIrank":32,"voiceScore":0},"scoped":{"SEI":0,"SEIrank":33,"SEIadj":0,"audienceSEI":0,"audienceSEIadj":0,"audienceSEIrank":33,"audienceScore":0,"combinedScore":0,"combinedScoreRank":33,"engagementSEI":0,"engagementSEIadj":0,"engagementSEIrank":28,"engagementScore":0,"voiceSEI":0,"voiceSEIadj":0,"voiceSEIrank":26,"voiceScore":0}}},"month":{"boundaryQuantum":4975782,"combined":{"entityString":"548880eaf372e13640a025c5","type":"combined","profiles":2,"postsMade":114,"repliesMade":0,"repliesRcvd":726,"sharesMade":0,"sharesRcvd":339,"mentionsRcvd":0,"likesRcvd":9864,"reachRcvd":0,"audience":17937,"voice":114,"conversation":840,"engagement":10929,"group_scoped":{"audienceScore":1.5396249347652924,"voiceScore":4.175824175824175,"engagementScore":4.655313421137824,"combinedScore":4.475554534553515,"combinedScoreRank":13,"SEIrank":21,"engagementSEIrank":12,"voiceSEIrank":47,"audienceSEIrank":70,"engagementSEI":5.307297838037335,"engagementSEIadj":5.307297838037335,"voiceSEI":5.560975609756098,"voiceSEIadj":5.560975609756098,"audienceSEI":1.8933748242476955,"audienceSEIadj":1.8933748242476955,"SEI":5.042008868173999,"SEIadj":5.042008868173999},"non_scoped":{"SEI":1.1973099834487708,"SEIrank":55,"SEIadj":0,"audienceSEI":0.7134595129526095,"audienceSEIadj":0,"audienceSEIrank":84,"audienceScore":0.1320994818020941,"combinedScore":0.12860015120820933,"combinedScoreRank":35,"engagementSEI":0.3015859962989556,"engagementSEIadj":0,"engagementSEIrank":29,"engagementScore":0.11877981858173267,"voiceSEI":3.1500414479137886,"voiceSEIadj":0,"voiceSEIrank":59,"voiceScore":0.3018668078909043},"scoped":{"SEI":10.602532108108257,"SEIrank":34,"SEIadj":0,"audienceSEI":9.365943826267669,"audienceSEIadj":0,"audienceSEIrank":72,"audienceScore":0.38169067882720076,"combinedScore":1.087664340168708,"combinedScoreRank":22,"engagementSEI":10.109896209135815,"engagementSEIadj":0,"engagementSEIrank":21,"engagementScore":1.1519489006471741,"voiceSEI":12,"voiceSEIadj":0,"voiceSEIrank":49,"voiceScore":0.6365159128978224}},"facebook":{"entityString":"548880eaf372e13640a025c5","type":"facebook","profiles":1,"postsMade":114,"repliesMade":0,"repliesRcvd":726,"sharesMade":0,"sharesRcvd":339,"mentionsRcvd":0,"likesRcvd":9864,"reachRcvd":0,"audience":17936,"voice":114,"conversation":840,"engagement":10929,"group_scoped":{"audienceScore":1.631319589841725,"voiceScore":8.272859216255442,"engagementScore":4.716529214515982,"combinedScore":4.740085233369243,"combinedScoreRank":11,"SEIrank":16,"engagementSEIrank":11,"voiceSEIrank":15,"audienceSEIrank":48,"engagementSEI":5.339737043967695,"engagementSEIadj":5.339737043967695,"voiceSEI":10.99324975891996,"voiceSEIadj":10.99324975891996,"audienceSEI":1.9366904361872594,"audienceSEIadj":1.9366904361872594,"SEI":6.695486197675331,"SEIadj":6.695486197675331},"non_scoped":{"SEI":2.46864515170394,"SEIrank":17,"SEIadj":0,"audienceSEI":0.9747317531259239,"audienceSEIadj":0,"audienceSEIrank":45,"audienceScore":0.1870252290110165,"combinedScore":0.17011923358948483,"combinedScoreRank":25,"engagementSEI":0.3190661046930365,"engagementSEIadj":0,"engagementSEIrank":25,"engagementScore":0.13214789972623656,"voiceSEI":7.265774378585086,"voiceSEIadj":0,"voiceSEIrank":15,"voiceScore":0.836697247706422},"scoped":{"SEI":19.516137983807774,"SEIrank":13,"SEIadj":0,"audienceSEI":12.595417167014277,"audienceSEIadj":0,"audienceSEIrank":35,"audienceScore":0.7709974952038333,"combinedScore":1.6066485050443253,"combinedScoreRank":17,"engagementSEI":11.800209464785084,"engagementSEIadj":0,"engagementSEIrank":17,"engagementScore":1.6127627988790791,"voiceSEI":37.254901960784316,"voiceSEIadj":0,"voiceSEIrank":7,"voiceScore":2.3322422258592472}},"twitter":{"entityString":"548880eaf372e13640a025c5","type":"twitter","profiles":1,"postsMade":0,"repliesMade":0,"repliesRcvd":0,"sharesMade":0,"sharesRcvd":0,"mentionsRcvd":0,"likesRcvd":0,"reachRcvd":0,"audience":1,"voice":0,"conversation":0,"engagement":0,"group_scoped":{"audienceScore":0.0015256461111280628,"voiceScore":0,"engagementScore":0,"combinedScore":0.0015256461111280628,"combinedScoreRank":225,"SEIrank":225,"engagementSEIrank":207,"voiceSEIrank":208,"audienceSEIrank":225,"engagementSEI":0,"engagementSEIadj":0,"voiceSEI":0,"voiceSEIadj":0,"audienceSEI":0.004708097928436911,"audienceSEIadj":0.004708097928436911,"SEI":0.00047080979284369113,"SEIadj":0.00047080979284369113},"non_scoped":{"SEI":0.000018048195902337603,"SEIrank":225,"SEIadj":0,"audienceSEI":0.00018048195902337603,"audienceSEIadj":0,"audienceSEIrank":225,"audienceScore":0.000029208729671454364,"combinedScore":0.0000014604364835727183,"combinedScoreRank":225,"engagementSEI":0,"engagementSEIadj":0,"engagementSEIrank":207,"engagementScore":0,"voiceSEI":0,"voiceSEIadj":0,"voiceSEIrank":208,"voiceScore":0},"scoped":{"SEI":0.00008579051671628218,"SEIrank":203,"SEIadj":0,"audienceSEI":0.0008579051671628217,"audienceSEIadj":0,"audienceSEIrank":203,"audienceScore":0.000046369973031223685,"combinedScore":0.0000023184986515611845,"combinedScoreRank":203,"engagementSEI":0,"engagementSEIadj":0,"engagementSEIrank":193,"engagementScore":0,"voiceSEI":0,"voiceSEIadj":0,"voiceSEIrank":194,"voiceScore":0}},"instagram":{"entityString":"548880eaf372e13640a025c5","type":"instagram","profiles":0,"postsMade":0,"repliesMade":0,"repliesRcvd":0,"sharesMade":0,"sharesRcvd":0,"mentionsRcvd":0,"likesRcvd":0,"reachRcvd":0,"audience":0,"voice":0,"conversation":0,"engagement":0,"group_scoped":{"audienceScore":null,"voiceScore":0,"engagementScore":0,"combinedScore":null,"combinedScoreRank":24,"SEIrank":39,"engagementSEIrank":34,"voiceSEIrank":33,"audienceSEIrank":39,"engagementSEI":0,"engagementSEIadj":0,"voiceSEI":0,"voiceSEIadj":0,"audienceSEI":0,"audienceSEIadj":0,"SEI":0,"SEIadj":0},"non_scoped":{"SEI":0,"SEIrank":39,"SEIadj":0,"audienceSEI":0,"audienceSEIadj":0,"audienceSEIrank":39,"audienceScore":0,"combinedScore":0,"combinedScoreRank":39,"engagementSEI":0,"engagementSEIadj":0,"engagementSEIrank":34,"engagementScore":0,"voiceSEI":0,"voiceSEIadj":0,"voiceSEIrank":33,"voiceScore":0},"scoped":{"SEI":0,"SEIrank":33,"SEIadj":0,"audienceSEI":0,"audienceSEIadj":0,"audienceSEIrank":33,"audienceScore":0,"combinedScore":0,"combinedScoreRank":33,"engagementSEI":0,"engagementSEIadj":0,"engagementSEIrank":28,"engagementScore":0,"voiceSEI":0,"voiceSEIadj":0,"voiceSEIrank":27,"voiceScore":0}}},"quarter":{"boundaryQuantum":4958502,"combined":{"entityString":"548880eaf372e13640a025c5","type":"combined","profiles":2,"postsMade":284,"repliesMade":0,"repliesRcvd":3767,"sharesMade":0,"sharesRcvd":1262,"mentionsRcvd":0,"likesRcvd":36164,"reachRcvd":0,"audience":17937,"voice":284,"conversation":4051,"engagement":41193,"group_scoped":{"audienceScore":1.5396249347652924,"voiceScore":3.496245229594977,"engagementScore":5.580467213248005,"combinedScore":5.274214000141218,"combinedScoreRank":11,"SEIrank":19,"engagementSEIrank":11,"voiceSEIrank":59,"audienceSEIrank":70,"engagementSEI":6.359240836968906,"engagementSEIadj":6.359240836968906,"voiceSEI":4.5179764556156545,"voiceSEIadj":4.5179764556156545,"audienceSEI":1.8933748242476955,"audienceSEIadj":1.8933748242476955,"SEI":5.360274921290809,"SEIadj":5.360274921290809},"non_scoped":{"SEI":1.0826129517657987,"SEIrank":62,"SEIadj":0,"audienceSEI":0.7134595129526095,"audienceSEIadj":0,"audienceSEIrank":84,"audienceScore":0.1320994818020941,"combinedScore":0.14448508036098112,"combinedScoreRank":33,"engagementSEI":0.35933368214396066,"engagementSEIadj":0,"engagementSEIrank":27,"engagementScore":0.13916544650983345,"voiceSEI":2.6522226372805378,"voiceSEIadj":0,"voiceSEIrank":70,"voiceScore":0.2526240882405266},"scoped":{"SEI":9.25444607083649,"SEIrank":39,"SEIadj":0,"audienceSEI":9.365943826267669,"audienceSEIadj":0,"audienceSEIrank":72,"audienceScore":0.38169067882720076,"combinedScore":1.2693717096799169,"combinedScoreRank":19,"engagementSEI":8.335643562352912,"engagementSEIadj":0,"engagementSEIrank":19,"engagementScore":1.3596925252394554,"voiceSEI":11.054885169326587,"voiceSEIadj":0,"voiceSEIrank":60,"voiceScore":0.5312780604609398}},"facebook":{"entityString":"548880eaf372e13640a025c5","type":"facebook","profiles":1,"postsMade":284,"repliesMade":0,"repliesRcvd":3767,"sharesMade":0,"sharesRcvd":1262,"mentionsRcvd":0,"likesRcvd":36164,"reachRcvd":0,"audience":17936,"voice":284,"conversation":4051,"engagement":41193,"group_scoped":{"audienceScore":1.631319589841725,"voiceScore":7.132094424912104,"engagementScore":5.642227469715814,"combinedScore":5.516175423481924,"combinedScoreRank":11,"SEIrank":14,"engagementSEIrank":11,"voiceSEIrank":16,"audienceSEIrank":48,"engagementSEI":6.393499871953065,"engagementSEIadj":6.393499871953065,"voiceSEI":9.305373525557012,"voiceSEIadj":9.305373525557012,"audienceSEI":1.9366904361872594,"audienceSEIadj":1.9366904361872594,"SEI":6.8213810244576685,"SEIadj":6.8213810244576685},"non_scoped":{"SEI":2.109466714483224,"SEIrank":18,"SEIadj":0,"audienceSEI":0.9747317531259239,"audienceSEIadj":0,"audienceSEIrank":45,"audienceScore":0.1870252290110165,"combinedScore":0.1836670126160101,"combinedScoreRank":24,"engagementSEI":0.37200826757285943,"engagementSEIadj":0,"engagementSEIrank":22,"engagementScore":0.15481498738964222,"voiceSEI":5.962628595423053,"voiceSEIadj":0,"voiceSEIrank":19,"voiceScore":0.6996452502956247},"scoped":{"SEI":32.66697978910933,"SEIrank":15,"SEIadj":0,"audienceSEI":12.595417167014277,"audienceSEIadj":0,"audienceSEIrank":35,"audienceScore":0.7709974952038333,"combinedScore":1.9978304572033347,"combinedScoreRank":15,"engagementSEI":35.02865694994813,"engagementSEIadj":0,"engagementSEIrank":15,"engagementScore":2.0692949839200514,"voiceSEI":34.63414634146341,"voiceSEIadj":0,"voiceSEIrank":11,"voiceScore":1.9383019383019382}},"twitter":{"entityString":"548880eaf372e13640a025c5","type":"twitter","profiles":1,"postsMade":0,"repliesMade":0,"repliesRcvd":0,"sharesMade":0,"sharesRcvd":0,"mentionsRcvd":0,"likesRcvd":0,"reachRcvd":0,"audience":1,"voice":0,"conversation":0,"engagement":0,"group_scoped":{"audienceScore":0.0015256461111280628,"voiceScore":0,"engagementScore":0,"combinedScore":0.0015256461111280628,"combinedScoreRank":225,"SEIrank":225,"engagementSEIrank":210,"voiceSEIrank":212,"audienceSEIrank":225,"engagementSEI":0,"engagementSEIadj":0,"voiceSEI":0,"voiceSEIadj":0,"audienceSEI":0.004708097928436911,"audienceSEIadj":0.004708097928436911,"SEI":0.00047080979284369113,"SEIadj":0.00047080979284369113},"non_scoped":{"SEI":0.000018048195902337603,"SEIrank":225,"SEIadj":0,"audienceSEI":0.00018048195902337603,"audienceSEIadj":0,"audienceSEIrank":225,"audienceScore":0.000029208729671454364,"combinedScore":0.0000014604364835727183,"combinedScoreRank":225,"engagementSEI":0,"engagementSEIadj":0,"engagementSEIrank":210,"engagementScore":0,"voiceSEI":0,"voiceSEIadj":0,"voiceSEIrank":212,"voiceScore":0},"scoped":{"SEI":0.00008579051671628218,"SEIrank":203,"SEIadj":0,"audienceSEI":0.0008579051671628217,"audienceSEIadj":0,"audienceSEIrank":203,"audienceScore":0.000046369973031223685,"combinedScore":0.0000023184986515611845,"combinedScoreRank":203,"engagementSEI":0,"engagementSEIadj":0,"engagementSEIrank":196,"engagementScore":0,"voiceSEI":0,"voiceSEIadj":0,"voiceSEIrank":197,"voiceScore":0}},"instagram":{"entityString":"548880eaf372e13640a025c5","type":"instagram","profiles":0,"postsMade":0,"repliesMade":0,"repliesRcvd":0,"sharesMade":0,"sharesRcvd":0,"mentionsRcvd":0,"likesRcvd":0,"reachRcvd":0,"audience":0,"voice":0,"conversation":0,"engagement":0,"group_scoped":{"audienceScore":null,"voiceScore":0,"engagementScore":0,"combinedScore":null,"combinedScoreRank":24,"SEIrank":39,"engagementSEIrank":34,"voiceSEIrank":34,"audienceSEIrank":39,"engagementSEI":0,"engagementSEIadj":0,"voiceSEI":0,"voiceSEIadj":0,"audienceSEI":0,"audienceSEIadj":0,"SEI":0,"SEIadj":0},"non_scoped":{"SEI":0,"SEIrank":39,"SEIadj":0,"audienceSEI":0,"audienceSEIadj":0,"audienceSEIrank":39,"audienceScore":0,"combinedScore":0,"combinedScoreRank":39,"engagementSEI":0,"engagementSEIadj":0,"engagementSEIrank":34,"engagementScore":0,"voiceSEI":0,"voiceSEIadj":0,"voiceSEIrank":34,"voiceScore":0},"scoped":{"SEI":0,"SEIrank":33,"SEIadj":0,"audienceSEI":0,"audienceSEIadj":0,"audienceSEIrank":33,"audienceScore":0,"combinedScore":0,"combinedScoreRank":33,"engagementSEI":0,"engagementSEIadj":0,"engagementSEIrank":28,"engagementScore":0,"voiceSEI":0,"voiceSEIadj":0,"voiceSEIrank":28,"voiceScore":0}}},"blended":{"combined":{"non_scoped":{"SEI":1.0907144807750828,"SEIadj":60.43628579231003,"SEIrank":59,"audienceSEI":0.7134595129526095,"audienceSEIadj":50.356729756476305,"audienceSEIrank":84,"engagementSEI":0.31867788165381705,"engagementSEIadj":60.12747115266153,"engagementSEIrank":26,"voiceSEI":2.7605393349584384,"voiceSEIadj":61.104215733983374,"voiceSEIrank":65},"scoped":{"SEI":31.171014549153767,"SEIadj":79.35130436474613,"SEIrank":13,"compCharisma":12,"compInfluence":12,"compEva":7.1710145491537665,"audienceSEI":9.365943826267669,"audienceSEIadj":54.682971913133834,"audienceSEIrank":72,"engagementSEI":8.65823351567001,"engagementSEIadj":72.597470054701,"engagementSEIrank":18,"voiceSEI":11.013369891280256,"voiceSEIadj":64.4053479565121,"voiceSEIrank":55}},"facebook":{"non_scoped":{"SEI":2.1521819465904435,"SEIadj":70.64565458397713,"SEIrank":18,"audienceSEI":0.9747317531259239,"audienceSEIadj":60.38989270125037,"audienceSEIrank":45,"engagementSEI":0.33245541523046945,"engagementSEIadj":60.13298216609219,"engagementSEIrank":24,"voiceSEI":6.184118407131898,"voiceSEIadj":71.85523552213957,"voiceSEIrank":18},"scoped":{"SEI":26.62887737764743,"SEIadj":77.98866321329423,"SEIrank":15,"audienceSEI":12.595417167014277,"audienceSEIadj":65.03816686680571,"audienceSEIrank":35,"engagementSEI":26.189420354000482,"engagementSEIadj":77.85682610620015,"engagementSEIrank":15,"voiceSEI":32.185611495152386,"voiceSEIadj":79.65568344854572,"voiceSEIrank":10}},"twitter":{"non_scoped":{"SEI":0.000018048195902337603,"SEIadj":20.000014438556722,"SEIrank":225,"audienceSEI":0.00018048195902337603,"audienceSEIadj":20.000144385567218,"audienceSEIrank":225,"engagementSEI":0,"engagementSEIadj":0,"engagementSEIrank":210,"voiceSEI":0,"voiceSEIadj":0,"voiceSEIrank":212},"scoped":{"SEI":0.00008579051671628218,"SEIadj":20.000068632413374,"SEIrank":203,"audienceSEI":0.0008579051671628217,"audienceSEIadj":20.00068632413373,"audienceSEIrank":203,"engagementSEI":0,"engagementSEIadj":0,"engagementSEIrank":196,"voiceSEI":0,"voiceSEIadj":0,"voiceSEIrank":197}},"instagram":{"non_scoped":{"SEI":0,"SEIadj":0,"SEIrank":39,"audienceSEI":0,"audienceSEIadj":0,"audienceSEIrank":39,"engagementSEI":0,"engagementSEIadj":0,"engagementSEIrank":34,"voiceSEI":0,"voiceSEIadj":0,"voiceSEIrank":34},"scoped":{"SEI":0,"SEIadj":0,"SEIrank":33,"audienceSEI":0,"audienceSEIadj":0,"audienceSEIrank":33,"engagementSEI":0,"engagementSEIadj":0,"engagementSEIrank":28,"voiceSEI":0,"voiceSEIadj":0,"voiceSEIrank":28}},"influence":{"twitter":{"scope":"individual","ratio":0,"calculated":false},"instagram":{"scope":"individual","ratio":0,"calculated":false},"combined":{"ratio":2,"bottom":false,"scope":"individual","calculated":true},"facebook":{"ratio":1.95,"bottom":false,"scope":"individual","calculated":true}},"charisma":{"twitter":{"scope":"individual","ratio":0,"calculated":false},"instagram":{"scope":"individual","ratio":0,"calculated":false},"combined":{"ratio":2,"bottom":false,"scope":"individual","calculated":true},"facebook":{"ratio":1.05,"bottom":false,"scope":"individual","calculated":true}}},"scope":"individual"}}