{"scoreEntityString":"591d1494ab33fb0001804f89.asset.54886442f372e13640a025b5","timeQuantum":4984422,"scoreEntityType":"asset","scoreProfileID":"591d1494ab33fb0001804f89","data":{"scoreEntityString":"591d1494ab33fb0001804f89.asset.54886442f372e13640a025b5","scoreProfileID":"591d1494ab33fb0001804f89","scoreEntityType":"asset","entityID":"asset.54886442f372e13640a025b5","object_version":"1.2","score_engine_version":"3.0.19","timestamp":4984422,"start_quantum":4958502,"end_quantum":4984421,"schedule_options":{"interval":15,"offset":"1"},"_15min":{"boundaryQuantum":4984419,"combined":{"entityString":"54886442f372e13640a025b5","type":"combined","profiles":2,"postsMade":0,"repliesMade":0,"repliesRcvd":16,"sharesMade":0,"sharesRcvd":5,"mentionsRcvd":0,"likesRcvd":107,"reachRcvd":0,"audience":947356,"voice":0,"conversation":16,"engagement":128,"group_scoped":{"audienceScore":81.31643639959348,"voiceScore":0,"engagementScore":100,"combinedScore":97.33091948565621,"engagementSEI":100,"engagementSEIadj":100,"voiceSEI":0,"voiceSEIadj":0,"audienceSEI":100,"audienceSEIadj":100,"SEI":70,"SEIadj":70,"combinedScoreRank":1,"SEIrank":3,"engagementSEIrank":1,"voiceSEIrank":8,"audienceSEIrank":1},"non_scoped":{"SEI":13.273139993587344,"SEIrank":4,"SEIadj":0,"audienceSEI":37.68189498537839,"audienceSEIadj":0,"audienceSEIrank":5,"audienceScore":6.976932412449388,"combinedScore":5.782808884773413,"combinedScoreRank":5,"engagementSEI":15.841584158415841,"engagementSEIadj":0,"engagementSEIrank":5,"engagementScore":6.037735849056604,"voiceSEI":0,"voiceSEIadj":0,"voiceSEIrank":8,"voiceScore":0},"scoped":{"SEI":13.273139993587344,"SEIrank":4,"SEIadj":0,"audienceSEI":37.68189498537839,"audienceSEIadj":0,"audienceSEIrank":5,"audienceScore":11.030794976039452,"combinedScore":6.4592320564942804,"combinedScoreRank":4,"engagementSEI":15.841584158415841,"engagementSEIadj":0,"engagementSEIrank":4,"engagementScore":6.564102564102564,"voiceSEI":0,"voiceSEIadj":0,"voiceSEIrank":3,"voiceScore":0}},"facebook":{"entityString":"54886442f372e13640a025b5","type":"facebook","profiles":1,"postsMade":0,"repliesMade":0,"repliesRcvd":16,"sharesMade":0,"sharesRcvd":5,"mentionsRcvd":0,"likesRcvd":107,"reachRcvd":0,"audience":926116,"voice":0,"conversation":16,"engagement":128,"group_scoped":{"audienceScore":84.2323357083998,"voiceScore":0,"engagementScore":100,"combinedScore":97.74747652977139,"engagementSEI":100,"engagementSEIadj":100,"voiceSEI":0,"voiceSEIadj":0,"audienceSEI":100,"audienceSEIadj":100,"SEI":70,"SEIadj":70,"combinedScoreRank":2,"SEIrank":3,"engagementSEIrank":1,"voiceSEIrank":8,"audienceSEIrank":1},"non_scoped":{"SEI":15.327882706574254,"SEIrank":4,"SEIadj":0,"audienceSEI":50.32976540354416,"audienceSEIadj":0,"audienceSEIrank":4,"audienceScore":9.656950099842025,"combinedScore":6.676395892088875,"combinedScoreRank":4,"engagementSEI":17.158176943699733,"engagementSEIadj":0,"engagementSEIrank":4,"engagementScore":6.881720430107527,"voiceSEI":0,"voiceSEIadj":0,"voiceSEIrank":8,"voiceScore":0},"scoped":{"SEI":15.327882706574254,"SEIrank":4,"SEIadj":0,"audienceSEI":50.32976540354416,"audienceSEIadj":0,"audienceSEIrank":4,"audienceScore":13.064907103357982,"combinedScore":6.85346064042086,"combinedScoreRank":4,"engagementSEI":17.158176943699733,"engagementSEIadj":0,"engagementSEIrank":4,"engagementScore":6.8891280947255105,"voiceSEI":0,"voiceSEIadj":0,"voiceSEIrank":3,"voiceScore":0}},"twitter":{"entityString":"54886442f372e13640a025b5","type":"twitter","profiles":1,"postsMade":0,"repliesMade":0,"repliesRcvd":0,"sharesMade":0,"sharesRcvd":0,"mentionsRcvd":0,"likesRcvd":0,"reachRcvd":0,"audience":21240,"voice":0,"conversation":0,"engagement":0,"group_scoped":{"audienceScore":32.404723400360055,"voiceScore":0,"engagementScore":0,"combinedScore":32.404723400360055,"engagementSEI":0,"engagementSEIadj":0,"voiceSEI":0,"voiceSEIadj":0,"audienceSEI":100,"audienceSEIadj":100,"SEI":10,"SEIadj":10,"combinedScoreRank":6,"SEIrank":4,"engagementSEIrank":9,"voiceSEIrank":7,"audienceSEIrank":1},"non_scoped":{"SEI":0.38334368096565075,"SEIrank":30,"SEIadj":0,"audienceSEI":3.833436809656507,"audienceSEIadj":0,"audienceSEIrank":30,"audienceScore":0.6203934182216908,"combinedScore":0.03101967091108454,"combinedScoreRank":30,"engagementSEI":0,"engagementSEIadj":0,"engagementSEIrank":9,"engagementScore":0,"voiceSEI":0,"voiceSEIadj":0,"voiceSEIrank":7,"voiceScore":0},"scoped":{"SEI":0.38334368096565075,"SEIrank":7,"SEIadj":0,"audienceSEI":3.833436809656507,"audienceSEIadj":0,"audienceSEIrank":7,"audienceScore":1.8444897172303476,"combinedScore":0.09222448586151738,"combinedScoreRank":7,"engagementSEI":0,"engagementSEIadj":0,"engagementSEIrank":3,"engagementScore":0,"voiceSEI":0,"voiceSEIadj":0,"voiceSEIrank":2,"voiceScore":0}},"instagram":{"entityString":"54886442f372e13640a025b5","type":"instagram","profiles":0,"postsMade":0,"repliesMade":0,"repliesRcvd":0,"sharesMade":0,"sharesRcvd":0,"mentionsRcvd":0,"likesRcvd":0,"reachRcvd":0,"audience":0,"voice":0,"conversation":0,"engagement":0,"group_scoped":{"audienceScore":null,"voiceScore":0,"engagementScore":0,"combinedScore":null,"engagementSEI":0,"engagementSEIadj":0,"voiceSEI":0,"voiceSEIadj":0,"audienceSEI":0,"audienceSEIadj":0,"SEI":0,"SEIadj":0,"combinedScoreRank":12,"SEIrank":33,"engagementSEIrank":9,"voiceSEIrank":6,"audienceSEIrank":33},"non_scoped":{"SEI":0,"SEIrank":33,"SEIadj":0,"audienceSEI":0,"audienceSEIadj":0,"audienceSEIrank":33,"audienceScore":0,"combinedScore":0,"combinedScoreRank":33,"engagementSEI":0,"engagementSEIadj":0,"engagementSEIrank":9,"engagementScore":0,"voiceSEI":0,"voiceSEIadj":0,"voiceSEIrank":6,"voiceScore":0},"scoped":{"SEI":0,"SEIrank":6,"SEIadj":0,"audienceSEI":0,"audienceSEIadj":0,"audienceSEIrank":6,"audienceScore":0,"combinedScore":0,"combinedScoreRank":6,"engagementSEI":0,"engagementSEIadj":0,"engagementSEIrank":3,"engagementScore":0,"voiceSEI":0,"voiceSEIadj":0,"voiceSEIrank":1,"voiceScore":0}}},"hour":{"boundaryQuantum":4984410,"combined":{"entityString":"54886442f372e13640a025b5","type":"combined","profiles":2,"postsMade":5,"repliesMade":0,"repliesRcvd":18,"sharesMade":0,"sharesRcvd":15,"mentionsRcvd":0,"likesRcvd":261,"reachRcvd":0,"audience":947356,"voice":5,"conversation":23,"engagement":294,"group_scoped":{"audienceScore":81.31643639959348,"voiceScore":100,"engagementScore":93.9297124600639,"combinedScore":93.60256303403719,"combinedScoreRank":2,"SEIrank":1,"engagementSEIrank":1,"voiceSEIrank":1,"audienceSEIrank":1,"engagementSEI":100,"engagementSEIadj":100,"voiceSEI":100,"voiceSEIadj":100,"audienceSEI":100,"audienceSEIadj":100,"SEI":100,"SEIadj":100},"non_scoped":{"SEI":27.83827036107153,"SEIrank":3,"SEIadj":0,"audienceSEI":37.68189498537839,"audienceSEIadj":0,"audienceSEIrank":5,"audienceScore":6.976932412449388,"combinedScore":3.046347912248039,"combinedScoreRank":6,"engagementSEI":4.40251572327044,"engagementSEIadj":0,"engagementSEIrank":7,"engagementScore":2.071297731435818,"voiceSEI":71.42857142857143,"voiceSEIadj":0,"voiceSEIrank":2,"voiceScore":16.666666666666664},"scoped":{"SEI":27.83827036107153,"SEIrank":3,"SEIadj":0,"audienceSEI":37.68189498537839,"audienceSEIadj":0,"audienceSEIrank":5,"audienceScore":11.030794976039452,"combinedScore":3.9139459439161346,"combinedScoreRank":5,"engagementSEI":4.40251572327044,"engagementSEIadj":0,"engagementSEIrank":6,"engagementScore":2.3471179945712914,"voiceSEI":71.42857142857143,"voiceSEIadj":0,"voiceSEIrank":2,"voiceScore":25}},"facebook":{"entityString":"54886442f372e13640a025b5","type":"facebook","profiles":1,"postsMade":2,"repliesMade":0,"repliesRcvd":18,"sharesMade":0,"sharesRcvd":15,"mentionsRcvd":0,"likesRcvd":260,"reachRcvd":0,"audience":926116,"voice":2,"conversation":20,"engagement":293,"group_scoped":{"audienceScore":84.2323357083998,"voiceScore":100,"engagementScore":93.91025641025641,"combinedScore":93.73084755465077,"combinedScoreRank":4,"SEIrank":1,"engagementSEIrank":1,"voiceSEIrank":1,"audienceSEIrank":1,"engagementSEI":100,"engagementSEIadj":100,"voiceSEI":100,"voiceSEIadj":100,"audienceSEI":100,"audienceSEIadj":100,"SEI":100,"SEIadj":100},"non_scoped":{"SEI":27.775138449572943,"SEIrank":4,"SEIadj":0,"audienceSEI":50.32976540354416,"audienceSEIadj":0,"audienceSEIrank":4,"audienceScore":9.656950099842025,"combinedScore":3.4890549319312356,"combinedScoreRank":5,"engagementSEI":4.570269848697551,"engagementSEIadj":0,"engagementSEIrank":5,"engagementScore":2.41430454845089,"voiceSEI":66.66666666666666,"voiceSEIadj":0,"voiceSEIrank":2,"voiceScore":16.666666666666664},"scoped":{"SEI":27.775138449572943,"SEIrank":4,"SEIadj":0,"audienceSEI":50.32976540354416,"audienceSEIadj":0,"audienceSEIrank":4,"audienceScore":13.064907103357982,"combinedScore":3.8033492667233277,"combinedScoreRank":5,"engagementSEI":4.570269848697551,"engagementSEIadj":0,"engagementSEIrank":5,"engagementScore":2.490014447182799,"voiceSEI":66.66666666666666,"voiceSEIadj":0,"voiceSEIrank":2,"voiceScore":18.181818181818183}},"twitter":{"entityString":"54886442f372e13640a025b5","type":"twitter","profiles":1,"postsMade":3,"repliesMade":0,"repliesRcvd":0,"sharesMade":0,"sharesRcvd":0,"mentionsRcvd":0,"likesRcvd":1,"reachRcvd":0,"audience":21240,"voice":3,"conversation":3,"engagement":1,"group_scoped":{"audienceScore":32.404723400360055,"voiceScore":100,"engagementScore":100,"combinedScore":96.620236170018,"combinedScoreRank":1,"SEIrank":1,"engagementSEIrank":1,"voiceSEIrank":1,"audienceSEIrank":1,"engagementSEI":100,"engagementSEIadj":100,"voiceSEI":100,"voiceSEIadj":100,"audienceSEI":100,"audienceSEIadj":100,"SEI":100,"SEIadj":100},"non_scoped":{"SEI":23.954772252394225,"SEIrank":4,"SEIadj":0,"audienceSEI":3.833436809656507,"audienceSEIadj":0,"audienceSEIrank":30,"audienceScore":0.6203934182216908,"combinedScore":1.3121141982742686,"combinedScoreRank":12,"engagementSEI":1.7857142857142856,"engagementSEIadj":0,"engagementSEIrank":18,"engagementScore":0.4975124378109453,"voiceSEI":75,"voiceSEIadj":0,"voiceSEIrank":2,"voiceScore":16.666666666666664},"scoped":{"SEI":23.954772252394225,"SEIrank":3,"SEIadj":0,"audienceSEI":3.833436809656507,"audienceSEIadj":0,"audienceSEIrank":7,"audienceScore":1.8444897172303476,"combinedScore":2.632677560295174,"combinedScoreRank":6,"engagementSEI":1.7857142857142856,"engagementSEIadj":0,"engagementSEIrank":6,"engagementScore":0.9708737864077669,"voiceSEI":75,"voiceSEIadj":0,"voiceSEIrank":2,"voiceScore":33.33333333333333}},"instagram":{"entityString":"54886442f372e13640a025b5","type":"instagram","profiles":0,"postsMade":0,"repliesMade":0,"repliesRcvd":0,"sharesMade":0,"sharesRcvd":0,"mentionsRcvd":0,"likesRcvd":0,"reachRcvd":0,"audience":0,"voice":0,"conversation":0,"engagement":0,"group_scoped":{"audienceScore":null,"voiceScore":0,"engagementScore":0,"combinedScore":null,"combinedScoreRank":12,"SEIrank":33,"engagementSEIrank":15,"voiceSEIrank":6,"audienceSEIrank":33,"engagementSEI":0,"engagementSEIadj":0,"voiceSEI":0,"voiceSEIadj":0,"audienceSEI":0,"audienceSEIadj":0,"SEI":0,"SEIadj":0},"non_scoped":{"SEI":0,"SEIrank":33,"SEIadj":0,"audienceSEI":0,"audienceSEIadj":0,"audienceSEIrank":33,"audienceScore":0,"combinedScore":0,"combinedScoreRank":33,"engagementSEI":0,"engagementSEIadj":0,"engagementSEIrank":15,"engagementScore":0,"voiceSEI":0,"voiceSEIadj":0,"voiceSEIrank":6,"voiceScore":0},"scoped":{"SEI":0,"SEIrank":6,"SEIadj":0,"audienceSEI":0,"audienceSEIadj":0,"audienceSEIrank":6,"audienceScore":0,"combinedScore":0,"combinedScoreRank":6,"engagementSEI":0,"engagementSEIadj":0,"engagementSEIrank":4,"engagementScore":0,"voiceSEI":0,"voiceSEIadj":0,"voiceSEIrank":1,"voiceScore":0}}},"today":{"boundaryQuantum":4984134,"combined":{"entityString":"54886442f372e13640a025b5","type":"combined","profiles":2,"postsMade":58,"repliesMade":0,"repliesRcvd":350,"sharesMade":0,"sharesRcvd":588,"mentionsRcvd":0,"likesRcvd":5170,"reachRcvd":0,"audience":947356,"voice":58,"conversation":408,"engagement":6108,"group_scoped":{"audienceScore":81.31643639959348,"voiceScore":87.87878787878788,"engagementScore":93.03884234577305,"combinedScore":92.19471932511482,"combinedScoreRank":1,"SEIrank":1,"engagementSEIrank":1,"voiceSEIrank":1,"audienceSEIrank":1,"engagementSEI":100,"engagementSEIadj":100,"voiceSEI":100,"voiceSEIadj":100,"audienceSEI":100,"audienceSEIadj":100,"SEI":100,"SEIadj":100},"non_scoped":{"SEI":24.76563357566219,"SEIrank":6,"SEIadj":0,"audienceSEI":37.68189498537839,"audienceSEIadj":0,"audienceSEIrank":5,"audienceScore":6.976932412449388,"combinedScore":2.1722837358662126,"combinedScoreRank":7,"engagementSEI":3.1276082604087194,"engagementSEIadj":0,"engagementSEIrank":7,"engagementScore":1.6297039424534143,"voiceSEI":63.73626373626373,"voiceSEIadj":0,"voiceSEIrank":3,"voiceScore":7.134071340713407},"scoped":{"SEI":24.76563357566219,"SEIrank":6,"SEIadj":0,"audienceSEI":37.68189498537839,"audienceSEIadj":0,"audienceSEIrank":5,"audienceScore":11.030794976039452,"combinedScore":2.8972163535092155,"combinedScoreRank":6,"engagementSEI":3.1276082604087194,"engagementSEIadj":0,"engagementSEIrank":6,"engagementScore":1.8126565449128096,"voiceSEI":63.73626373626373,"voiceSEIadj":0,"voiceSEIrank":3,"voiceScore":14.285714285714285}},"facebook":{"entityString":"54886442f372e13640a025b5","type":"facebook","profiles":1,"postsMade":30,"repliesMade":0,"repliesRcvd":350,"sharesMade":0,"sharesRcvd":573,"mentionsRcvd":0,"likesRcvd":5153,"reachRcvd":0,"audience":926116,"voice":30,"conversation":380,"engagement":6076,"group_scoped":{"audienceScore":84.2323357083998,"voiceScore":90.9090909090909,"engagementScore":93.70758790869833,"combinedScore":93.09390044870304,"combinedScoreRank":2,"SEIrank":1,"engagementSEIrank":1,"voiceSEIrank":1,"audienceSEIrank":1,"engagementSEI":100,"engagementSEIadj":100,"voiceSEI":100,"voiceSEIadj":100,"audienceSEI":100,"audienceSEIadj":100,"SEI":100,"SEIadj":100},"non_scoped":{"SEI":30.050989643473905,"SEIrank":4,"SEIadj":0,"audienceSEI":50.32976540354416,"audienceSEIadj":0,"audienceSEIrank":4,"audienceScore":9.656950099842025,"combinedScore":2.6290186901755725,"combinedScoreRank":6,"engagementSEI":3.2351500436606817,"engagementSEIadj":0,"engagementSEIrank":6,"engagementScore":1.8177412261675758,"voiceSEI":76.92307692307693,"voiceSEIadj":0,"voiceSEIrank":4,"voiceScore":10.204081632653061},"scoped":{"SEI":30.050989643473905,"SEIrank":4,"SEIadj":0,"audienceSEI":50.32976540354416,"audienceSEIadj":0,"audienceSEIrank":4,"audienceScore":13.064907103357982,"combinedScore":3.133277981812446,"combinedScoreRank":6,"engagementSEI":3.2351500436606817,"engagementSEIadj":0,"engagementSEIrank":6,"engagementScore":1.9052516713284082,"voiceSEI":76.92307692307693,"voiceSEIadj":0,"voiceSEIrank":4,"voiceScore":15.306122448979592}},"twitter":{"entityString":"54886442f372e13640a025b5","type":"twitter","profiles":1,"postsMade":28,"repliesMade":0,"repliesRcvd":0,"sharesMade":0,"sharesRcvd":15,"mentionsRcvd":0,"likesRcvd":17,"reachRcvd":0,"audience":21240,"voice":28,"conversation":28,"engagement":32,"group_scoped":{"audienceScore":32.404723400360055,"voiceScore":84.84848484848484,"engagementScore":39.50617283950617,"combinedScore":41.4182159679978,"combinedScoreRank":3,"SEIrank":1,"engagementSEIrank":1,"voiceSEIrank":1,"audienceSEIrank":1,"engagementSEI":100,"engagementSEIadj":100,"voiceSEI":100,"voiceSEIadj":100,"audienceSEI":100,"audienceSEIadj":100,"SEI":100,"SEIadj":100},"non_scoped":{"SEI":19.093936366968173,"SEIrank":8,"SEIadj":0,"audienceSEI":3.833436809656507,"audienceSEIadj":0,"audienceSEIrank":30,"audienceScore":0.6203934182216908,"combinedScore":0.7668601267515405,"combinedScoreRank":25,"engagementSEI":2.01765447667087,"engagementSEIadj":0,"engagementSEIrank":36,"engagementScore":0.5064893953782843,"voiceSEI":58.333333333333336,"voiceSEIadj":0,"voiceSEIrank":4,"voiceScore":5.6000000000000005},"scoped":{"SEI":19.093936366968173,"SEIrank":5,"SEIadj":0,"audienceSEI":3.833436809656507,"audienceSEIadj":0,"audienceSEIrank":7,"audienceScore":1.8444897172303476,"combinedScore":1.9080988944097579,"combinedScoreRank":6,"engagementSEI":2.01765447667087,"engagementSEIadj":0,"engagementSEIrank":6,"engagementScore":1.21580547112462,"voiceSEI":58.333333333333336,"voiceSEIadj":0,"voiceSEIrank":4,"voiceScore":14.432989690721648}},"instagram":{"entityString":"54886442f372e13640a025b5","type":"instagram","profiles":0,"postsMade":0,"repliesMade":0,"repliesRcvd":0,"sharesMade":0,"sharesRcvd":0,"mentionsRcvd":0,"likesRcvd":0,"reachRcvd":0,"audience":0,"voice":0,"conversation":0,"engagement":0,"group_scoped":{"audienceScore":null,"voiceScore":0,"engagementScore":0,"combinedScore":null,"combinedScoreRank":12,"SEIrank":33,"engagementSEIrank":25,"voiceSEIrank":12,"audienceSEIrank":33,"engagementSEI":0,"engagementSEIadj":0,"voiceSEI":0,"voiceSEIadj":0,"audienceSEI":0,"audienceSEIadj":0,"SEI":0,"SEIadj":0},"non_scoped":{"SEI":0,"SEIrank":33,"SEIadj":0,"audienceSEI":0,"audienceSEIadj":0,"audienceSEIrank":33,"audienceScore":0,"combinedScore":0,"combinedScoreRank":33,"engagementSEI":0,"engagementSEIadj":0,"engagementSEIrank":25,"engagementScore":0,"voiceSEI":0,"voiceSEIadj":0,"voiceSEIrank":12,"voiceScore":0},"scoped":{"SEI":0,"SEIrank":6,"SEIadj":0,"audienceSEI":0,"audienceSEIadj":0,"audienceSEIrank":6,"audienceScore":0,"combinedScore":0,"combinedScoreRank":6,"engagementSEI":0,"engagementSEIadj":0,"engagementSEIrank":6,"engagementScore":0,"voiceSEI":0,"voiceSEIadj":0,"voiceSEIrank":5,"voiceScore":0}}},"week":{"boundaryQuantum":4982406,"combined":{"entityString":"54886442f372e13640a025b5","type":"combined","profiles":2,"postsMade":478,"repliesMade":0,"repliesRcvd":3012,"sharesMade":0,"sharesRcvd":5447,"mentionsRcvd":0,"likesRcvd":40616,"reachRcvd":0,"audience":947356,"voice":478,"conversation":3490,"engagement":49075,"group_scoped":{"audienceScore":81.31643639959348,"voiceScore":78.74794069192751,"engagementScore":90.35423647678314,"combinedScore":89.32203168368088,"combinedScoreRank":2,"SEIrank":1,"engagementSEIrank":1,"voiceSEIrank":1,"audienceSEIrank":1,"engagementSEI":100,"engagementSEIadj":100,"voiceSEI":100,"voiceSEIadj":100,"audienceSEI":100,"audienceSEIadj":100,"SEI":100,"SEIadj":100},"non_scoped":{"SEI":23.455556259401845,"SEIrank":6,"SEIadj":0,"audienceSEI":37.68189498537839,"audienceSEIadj":0,"audienceSEIrank":5,"audienceScore":6.976932412449388,"combinedScore":2.4512208557379043,"combinedScoreRank":6,"engagementSEI":5.021580260354739,"engagementSEIadj":0,"engagementSEIrank":6,"engagementScore":2.046726676178437,"voiceSEI":55.58139534883721,"voiceSEIadj":0,"voiceSEIrank":6,"voiceScore":5.2064045310968305},"scoped":{"SEI":23.455556259401845,"SEIrank":6,"SEIadj":0,"audienceSEI":37.68189498537839,"audienceSEIadj":0,"audienceSEIrank":5,"audienceScore":11.030794976039452,"combinedScore":3.120119996180315,"combinedScoreRank":6,"engagementSEI":5.021580260354739,"engagementSEIadj":0,"engagementSEIrank":6,"engagementScore":2.247963548864521,"voiceSEI":55.58139534883721,"voiceSEIadj":0,"voiceSEIrank":6,"voiceScore":10.908261068005478}},"facebook":{"entityString":"54886442f372e13640a025b5","type":"facebook","profiles":1,"postsMade":244,"repliesMade":0,"repliesRcvd":3012,"sharesMade":0,"sharesRcvd":5300,"mentionsRcvd":0,"likesRcvd":40475,"reachRcvd":0,"audience":926116,"voice":244,"conversation":3256,"engagement":48787,"group_scoped":{"audienceScore":84.2323357083998,"voiceScore":76.72955974842768,"engagementScore":90.8476406837734,"combinedScore":89.81097138823745,"combinedScoreRank":2,"SEIrank":1,"engagementSEIrank":1,"voiceSEIrank":1,"audienceSEIrank":1,"engagementSEI":100,"engagementSEIadj":100,"voiceSEI":100,"voiceSEIadj":100,"audienceSEI":100,"audienceSEIadj":100,"SEI":100,"SEIadj":100},"non_scoped":{"SEI":26.80941280061857,"SEIrank":6,"SEIadj":0,"audienceSEI":50.32976540354416,"audienceSEIadj":0,"audienceSEIrank":4,"audienceScore":9.656950099842025,"combinedScore":2.8775704485519,"combinedScoreRank":6,"engagementSEI":5.25080343631812,"engagementSEIadj":0,"engagementSEIrank":6,"engagementScore":2.24203417715411,"voiceSEI":62.086513994910945,"voiceSEIadj":0,"voiceSEIrank":4,"voiceScore":7.537843682421997},"scoped":{"SEI":26.80941280061857,"SEIrank":6,"SEIadj":0,"audienceSEI":50.32976540354416,"audienceSEIadj":0,"audienceSEIrank":4,"audienceScore":13.064907103357982,"combinedScore":3.4556236793558694,"combinedScoreRank":6,"engagementSEI":5.25080343631812,"engagementSEIadj":0,"engagementSEIrank":6,"engagementScore":2.398420946547173,"voiceSEI":62.086513994910945,"voiceSEIadj":0,"voiceSEIrank":4,"voiceScore":12.87598944591029}},"twitter":{"entityString":"54886442f372e13640a025b5","type":"twitter","profiles":1,"postsMade":234,"repliesMade":0,"repliesRcvd":0,"sharesMade":0,"sharesRcvd":147,"mentionsRcvd":0,"likesRcvd":141,"reachRcvd":0,"audience":21240,"voice":234,"conversation":234,"engagement":288,"group_scoped":{"audienceScore":32.404723400360055,"voiceScore":80.96885813148789,"engagementScore":47.05882352941176,"combinedScore":48.021620253062984,"combinedScoreRank":4,"SEIrank":1,"engagementSEIrank":1,"voiceSEIrank":1,"audienceSEIrank":1,"engagementSEI":100,"engagementSEIadj":100,"voiceSEI":100,"voiceSEIadj":100,"audienceSEI":100,"audienceSEIadj":100,"SEI":100,"SEIadj":100},"non_scoped":{"SEI":16.024984502546783,"SEIrank":8,"SEIadj":0,"audienceSEI":3.833436809656507,"audienceSEIadj":0,"audienceSEIrank":30,"audienceScore":0.6203934182216908,"combinedScore":0.6576617977504521,"combinedScoreRank":30,"engagementSEI":1.8457988848298406,"engagementSEIadj":0,"engagementSEIrank":33,"engagementScore":0.46959073862709927,"voiceSEI":48.4472049689441,"voiceSEIadj":0,"voiceSEIrank":5,"voiceScore":4.080209241499564},"scoped":{"SEI":16.024984502546783,"SEIrank":7,"SEIadj":0,"audienceSEI":3.833436809656507,"audienceSEIadj":0,"audienceSEIrank":7,"audienceScore":1.8444897172303476,"combinedScore":1.4471460013918693,"combinedScoreRank":7,"engagementSEI":1.8457988848298406,"engagementSEIadj":0,"engagementSEIrank":7,"engagementScore":0.950150110520933,"voiceSEI":48.4472049689441,"voiceSEIadj":0,"voiceSEIrank":5,"voiceScore":9.995728321230244}},"instagram":{"entityString":"54886442f372e13640a025b5","type":"instagram","profiles":0,"postsMade":0,"repliesMade":0,"repliesRcvd":0,"sharesMade":0,"sharesRcvd":0,"mentionsRcvd":0,"likesRcvd":0,"reachRcvd":0,"audience":0,"voice":0,"conversation":0,"engagement":0,"group_scoped":{"audienceScore":null,"voiceScore":0,"engagementScore":0,"combinedScore":null,"combinedScoreRank":12,"SEIrank":33,"engagementSEIrank":28,"voiceSEIrank":26,"audienceSEIrank":33,"engagementSEI":0,"engagementSEIadj":0,"voiceSEI":0,"voiceSEIadj":0,"audienceSEI":0,"audienceSEIadj":0,"SEI":0,"SEIadj":0},"non_scoped":{"SEI":0,"SEIrank":33,"SEIadj":0,"audienceSEI":0,"audienceSEIadj":0,"audienceSEIrank":33,"audienceScore":0,"combinedScore":0,"combinedScoreRank":33,"engagementSEI":0,"engagementSEIadj":0,"engagementSEIrank":28,"engagementScore":0,"voiceSEI":0,"voiceSEIadj":0,"voiceSEIrank":26,"voiceScore":0},"scoped":{"SEI":0,"SEIrank":6,"SEIadj":0,"audienceSEI":0,"audienceSEIadj":0,"audienceSEIrank":6,"audienceScore":0,"combinedScore":0,"combinedScoreRank":6,"engagementSEI":0,"engagementSEIadj":0,"engagementSEIrank":6,"engagementScore":0,"voiceSEI":0,"voiceSEIadj":0,"voiceSEIrank":6,"voiceScore":0}}},"month":{"boundaryQuantum":4975782,"combined":{"entityString":"54886442f372e13640a025b5","type":"combined","profiles":2,"postsMade":2050,"repliesMade":0,"repliesRcvd":11844,"sharesMade":0,"sharesRcvd":17546,"mentionsRcvd":0,"likesRcvd":176534,"reachRcvd":0,"audience":947356,"voice":2050,"conversation":13894,"engagement":205924,"group_scoped":{"audienceScore":81.31643639959348,"voiceScore":75.0915750915751,"engagementScore":87.71532262186706,"combinedScore":86.76419093423878,"combinedScoreRank":2,"SEIrank":1,"engagementSEIrank":1,"voiceSEIrank":1,"audienceSEIrank":1,"engagementSEI":100,"engagementSEIadj":100,"voiceSEI":100,"voiceSEIadj":100,"audienceSEI":100,"audienceSEIadj":100,"SEI":100,"SEIadj":100},"non_scoped":{"SEI":24.171320547687024,"SEIrank":6,"SEIadj":0,"audienceSEI":37.68189498537839,"audienceSEIadj":0,"audienceSEIrank":5,"audienceScore":6.976932412449388,"combinedScore":2.634504227460597,"combinedScoreRank":6,"engagementSEI":5.682477326550109,"engagementSEIadj":0,"engagementSEIrank":6,"engagementScore":2.238046972424258,"voiceSEI":56.645482177397064,"voiceSEIadj":0,"voiceSEIrank":6,"voiceScore":5.42830663312591},"scoped":{"SEI":24.171320547687024,"SEIrank":6,"SEIadj":0,"audienceSEI":37.68189498537839,"audienceSEIadj":0,"audienceSEIrank":5,"audienceScore":11.030794976039452,"combinedScore":3.3698759808293577,"combinedScoreRank":6,"engagementSEI":5.682477326550109,"engagementSEIadj":0,"engagementSEIrank":6,"engagementScore":2.5053087132000393,"voiceSEI":56.645482177397064,"voiceSEIadj":0,"voiceSEIrank":6,"voiceScore":11.271167802946998}},"facebook":{"entityString":"54886442f372e13640a025b5","type":"facebook","profiles":1,"postsMade":1037,"repliesMade":0,"repliesRcvd":11844,"sharesMade":0,"sharesRcvd":16998,"mentionsRcvd":0,"likesRcvd":175831,"reachRcvd":0,"audience":926116,"voice":1037,"conversation":12881,"engagement":204673,"group_scoped":{"audienceScore":84.2323357083998,"voiceScore":75.25399129172715,"engagementScore":88.32886667788725,"combinedScore":87.47029636010487,"combinedScoreRank":2,"SEIrank":1,"engagementSEIrank":1,"voiceSEIrank":1,"audienceSEIrank":1,"engagementSEI":100,"engagementSEIadj":100,"voiceSEI":100,"voiceSEIadj":100,"audienceSEI":100,"audienceSEIadj":100,"SEI":100,"SEIadj":100},"non_scoped":{"SEI":28.446081367010446,"SEIrank":6,"SEIadj":0,"audienceSEI":50.32976540354416,"audienceSEIadj":0,"audienceSEIrank":4,"audienceScore":9.656950099842025,"combinedScore":3.0907194361755552,"combinedScoreRank":6,"engagementSEI":5.975314927791916,"engagementSEIadj":0,"engagementSEIrank":6,"engagementScore":2.4748016360753975,"voiceSEI":66.09305289993627,"voiceSEIadj":0,"voiceSEIrank":4,"voiceScore":7.611009174311927},"scoped":{"SEI":28.446081367010446,"SEIrank":6,"SEIadj":0,"audienceSEI":50.32976540354416,"audienceSEIadj":0,"audienceSEIrank":4,"audienceScore":13.064907103357982,"combinedScore":3.7310189995729366,"combinedScoreRank":6,"engagementSEI":5.975314927791916,"engagementSEIadj":0,"engagementSEIrank":6,"engagementScore":2.7044379510578826,"voiceSEI":66.09305289993627,"voiceSEIadj":0,"voiceSEIrank":4,"voiceScore":12.875589769058854}},"twitter":{"entityString":"54886442f372e13640a025b5","type":"twitter","profiles":1,"postsMade":1013,"repliesMade":0,"repliesRcvd":0,"sharesMade":0,"sharesRcvd":548,"mentionsRcvd":0,"likesRcvd":703,"reachRcvd":0,"audience":21240,"voice":1013,"conversation":1013,"engagement":1251,"group_scoped":{"audienceScore":32.404723400360055,"voiceScore":74.92603550295857,"engagementScore":41.05677715786019,"combinedScore":42.317637387240104,"combinedScoreRank":4,"SEIrank":1,"engagementSEIrank":1,"voiceSEIrank":1,"audienceSEIrank":1,"engagementSEI":100,"engagementSEIadj":100,"voiceSEI":100,"voiceSEIadj":100,"audienceSEI":100,"audienceSEIadj":100,"SEI":100,"SEIadj":100},"non_scoped":{"SEI":16.941746622804317,"SEIrank":7,"SEIadj":0,"audienceSEI":3.833436809656507,"audienceSEIadj":0,"audienceSEIrank":30,"audienceScore":0.6203934182216908,"combinedScore":0.7150039240004213,"combinedScoreRank":26,"engagementSEI":2.170631409088543,"engagementSEIadj":0,"engagementSEIrank":34,"engagementScore":0.5185298786781012,"voiceSEI":50.85341365461847,"voiceSEIadj":0,"voiceSEIrank":5,"voiceScore":4.346147245580916},"scoped":{"SEI":16.941746622804317,"SEIrank":6,"SEIadj":0,"audienceSEI":3.833436809656507,"audienceSEIadj":0,"audienceSEIrank":7,"audienceScore":1.8444897172303476,"combinedScore":1.609671845226226,"combinedScoreRank":7,"engagementSEI":2.170631409088543,"engagementSEIadj":0,"engagementSEIrank":7,"engagementScore":1.0957056396871414,"voiceSEI":50.85341365461847,"voiceSEIadj":0,"voiceSEIrank":5,"voiceScore":10.626245672925627}},"instagram":{"entityString":"54886442f372e13640a025b5","type":"instagram","profiles":0,"postsMade":0,"repliesMade":0,"repliesRcvd":0,"sharesMade":0,"sharesRcvd":0,"mentionsRcvd":0,"likesRcvd":0,"reachRcvd":0,"audience":0,"voice":0,"conversation":0,"engagement":0,"group_scoped":{"audienceScore":null,"voiceScore":0,"engagementScore":0,"combinedScore":null,"combinedScoreRank":12,"SEIrank":33,"engagementSEIrank":28,"voiceSEIrank":27,"audienceSEIrank":33,"engagementSEI":0,"engagementSEIadj":0,"voiceSEI":0,"voiceSEIadj":0,"audienceSEI":0,"audienceSEIadj":0,"SEI":0,"SEIadj":0},"non_scoped":{"SEI":0,"SEIrank":33,"SEIadj":0,"audienceSEI":0,"audienceSEIadj":0,"audienceSEIrank":33,"audienceScore":0,"combinedScore":0,"combinedScoreRank":33,"engagementSEI":0,"engagementSEIadj":0,"engagementSEIrank":28,"engagementScore":0,"voiceSEI":0,"voiceSEIadj":0,"voiceSEIrank":27,"voiceScore":0},"scoped":{"SEI":0,"SEIrank":6,"SEIadj":0,"audienceSEI":0,"audienceSEIadj":0,"audienceSEIrank":6,"audienceScore":0,"combinedScore":0,"combinedScoreRank":6,"engagementSEI":0,"engagementSEIadj":0,"engagementSEIrank":6,"engagementScore":0,"voiceSEI":0,"voiceSEIadj":0,"voiceSEIrank":6,"voiceScore":0}}},"quarter":{"boundaryQuantum":4958502,"combined":{"entityString":"54886442f372e13640a025b5","type":"combined","profiles":2,"postsMade":6286,"repliesMade":0,"repliesRcvd":35689,"sharesMade":0,"sharesRcvd":66827,"mentionsRcvd":0,"likesRcvd":545250,"reachRcvd":0,"audience":947356,"voice":6286,"conversation":41975,"engagement":647766,"group_scoped":{"audienceScore":81.31643639959348,"voiceScore":77.38520251138742,"engagementScore":87.75366991617038,"combinedScore":86.91338487010239,"combinedScoreRank":2,"SEIrank":1,"engagementSEIrank":1,"voiceSEIrank":1,"audienceSEIrank":1,"engagementSEI":100,"engagementSEIadj":100,"voiceSEI":100,"voiceSEIadj":100,"audienceSEI":100,"audienceSEIadj":100,"SEI":100,"SEIadj":100},"non_scoped":{"SEI":24.769666449560074,"SEIrank":6,"SEIadj":0,"audienceSEI":37.68189498537839,"audienceSEIadj":0,"audienceSEIrank":5,"audienceScore":6.976932412449388,"combinedScore":2.5979806614199563,"combinedScoreRank":6,"engagementSEI":5.650575144992227,"engagementSEIadj":0,"engagementSEIrank":6,"engagementScore":2.1883971700019123,"voiceSEI":58.70377288008966,"voiceSEIadj":0,"voiceSEIrank":6,"voiceScore":5.591531755915318},"scoped":{"SEI":24.769666449560074,"SEIrank":6,"SEIadj":0,"audienceSEI":37.68189498537839,"audienceSEIadj":0,"audienceSEIrank":5,"audienceScore":11.030794976039452,"combinedScore":3.3344133002739413,"combinedScoreRank":6,"engagementSEI":5.650575144992227,"engagementSEIadj":0,"engagementSEIrank":6,"engagementScore":2.4461633607048885,"voiceSEI":58.70377288008966,"voiceSEIadj":0,"voiceSEIrank":6,"voiceScore":11.626530536751378}},"facebook":{"entityString":"54886442f372e13640a025b5","type":"facebook","profiles":1,"postsMade":3052,"repliesMade":0,"repliesRcvd":35689,"sharesMade":0,"sharesRcvd":65282,"mentionsRcvd":0,"likesRcvd":543324,"reachRcvd":0,"audience":926116,"voice":3052,"conversation":38741,"engagement":644295,"group_scoped":{"audienceScore":84.2323357083998,"voiceScore":76.6449020592667,"engagementScore":88.24943431166825,"combinedScore":87.46835276888476,"combinedScoreRank":4,"SEIrank":1,"engagementSEIrank":1,"voiceSEIrank":1,"audienceSEIrank":1,"engagementSEI":100,"engagementSEIadj":100,"voiceSEI":100,"voiceSEIadj":100,"audienceSEI":100,"audienceSEIadj":100,"SEI":100,"SEIadj":100},"non_scoped":{"SEI":27.74727845965537,"SEIrank":6,"SEIadj":0,"audienceSEI":50.32976540354416,"audienceSEIadj":0,"audienceSEIrank":4,"audienceScore":9.656950099842025,"combinedScore":3.038082804517884,"combinedScoreRank":6,"engagementSEI":5.818538750658011,"engagementSEIadj":0,"engagementSEIrank":6,"engagementScore":2.421443504969522,"voiceSEI":64.07726222968716,"voiceSEIadj":0,"voiceSEIrank":4,"voiceScore":7.518722901064249},"scoped":{"SEI":27.74727845965537,"SEIrank":6,"SEIadj":0,"audienceSEI":50.32976540354416,"audienceSEIadj":0,"audienceSEIrank":4,"audienceScore":13.064907103357982,"combinedScore":3.6554760728103735,"combinedScoreRank":6,"engagementSEI":5.818538750658011,"engagementSEIadj":0,"engagementSEIrank":6,"engagementScore":2.624171030645774,"voiceSEI":64.07726222968716,"voiceSEIadj":0,"voiceSEIrank":4,"voiceScore":12.809535801225552}},"twitter":{"entityString":"54886442f372e13640a025b5","type":"twitter","profiles":1,"postsMade":3234,"repliesMade":0,"repliesRcvd":0,"sharesMade":0,"sharesRcvd":1545,"mentionsRcvd":0,"likesRcvd":1926,"reachRcvd":0,"audience":21240,"voice":3234,"conversation":3234,"engagement":3471,"group_scoped":{"audienceScore":32.404723400360055,"voiceScore":78.09707800048298,"engagementScore":42.95792079207921,"combinedScore":44.18721878291344,"combinedScoreRank":3,"SEIrank":1,"engagementSEIrank":1,"voiceSEIrank":1,"audienceSEIrank":1,"engagementSEI":100,"engagementSEIadj":100,"voiceSEI":100,"voiceSEIadj":100,"audienceSEI":100,"audienceSEIadj":100,"SEI":100,"SEIadj":100},"non_scoped":{"SEI":17.519425728251996,"SEIrank":7,"SEIadj":0,"audienceSEI":3.833436809656507,"audienceSEIadj":0,"audienceSEIrank":30,"audienceScore":0.6203934182216908,"combinedScore":0.6391968690119227,"combinedScoreRank":31,"engagementSEI":1.6460222314958837,"engagementSEIadj":0,"engagementSEIrank":40,"engagementScore":0.417629223216864,"voiceSEI":53.82822902796271,"voiceSEIadj":0,"voiceSEIrank":5,"voiceScore":4.64621794411321},"scoped":{"SEI":17.519425728251996,"SEIrank":6,"SEIadj":0,"audienceSEI":3.833436809656507,"audienceSEIadj":0,"audienceSEIrank":7,"audienceScore":1.8444897172303476,"combinedScore":1.4267288081359681,"combinedScoreRank":7,"engagementSEI":1.6460222314958837,"engagementSEIadj":0,"engagementSEIrank":7,"engagementScore":0.8558051003123898,"voiceSEI":53.82822902796271,"voiceSEIadj":0,"voiceSEIrank":5,"voiceScore":11.285594639865996}},"instagram":{"entityString":"54886442f372e13640a025b5","type":"instagram","profiles":0,"postsMade":0,"repliesMade":0,"repliesRcvd":0,"sharesMade":0,"sharesRcvd":0,"mentionsRcvd":0,"likesRcvd":0,"reachRcvd":0,"audience":0,"voice":0,"conversation":0,"engagement":0,"group_scoped":{"audienceScore":null,"voiceScore":0,"engagementScore":0,"combinedScore":null,"combinedScoreRank":12,"SEIrank":33,"engagementSEIrank":28,"voiceSEIrank":28,"audienceSEIrank":33,"engagementSEI":0,"engagementSEIadj":0,"voiceSEI":0,"voiceSEIadj":0,"audienceSEI":0,"audienceSEIadj":0,"SEI":0,"SEIadj":0},"non_scoped":{"SEI":0,"SEIrank":33,"SEIadj":0,"audienceSEI":0,"audienceSEIadj":0,"audienceSEIrank":33,"audienceScore":0,"combinedScore":0,"combinedScoreRank":33,"engagementSEI":0,"engagementSEIadj":0,"engagementSEIrank":28,"engagementScore":0,"voiceSEI":0,"voiceSEIadj":0,"voiceSEIrank":28,"voiceScore":0},"scoped":{"SEI":0,"SEIrank":6,"SEIadj":0,"audienceSEI":0,"audienceSEIadj":0,"audienceSEIrank":6,"audienceScore":0,"combinedScore":0,"combinedScoreRank":6,"engagementSEI":0,"engagementSEIadj":0,"engagementSEIrank":6,"engagementScore":0,"voiceSEI":0,"voiceSEIadj":0,"voiceSEIrank":6,"voiceScore":0}}},"blended":{"combined":{"non_scoped":{"SEI":24.285479863536754,"SEIadj":77.28564395906102,"SEIrank":6,"audienceSEI":37.68189498537839,"audienceSEIadj":81.30456849561352,"audienceSEIrank":5,"engagementSEI":5.340513662605487,"engagementSEIadj":71.60215409878164,"engagementSEIrank":6,"voiceSEI":57.70994055811874,"voiceSEIadj":87.31298216743562,"voiceSEIrank":6},"scoped":{"SEI":18.456964696287933,"SEIadj":51.07417881777276,"SEIrank":6,"compCharisma":0,"compInfluence":0,"compEva":18.456964696287933,"audienceSEI":37.68189498537839,"audienceSEIadj":62.60913699122703,"audienceSEIrank":5,"engagementSEI":5.340513662605487,"engagementSEIadj":43.20430819756329,"engagementSEIrank":6,"voiceSEI":57.70994055811874,"voiceSEIadj":74.62596433487124,"voiceSEIrank":6}},"facebook":{"non_scoped":{"SEI":27.685924757238514,"SEIadj":78.30577742717155,"SEIrank":6,"audienceSEI":50.32976540354416,"audienceSEIadj":85.09892962106325,"audienceSEIrank":4,"engagementSEI":5.542565147576263,"engagementSEIadj":71.66276954427288,"engagementSEIrank":6,"voiceSEI":64.42469709446115,"voiceSEIadj":89.32740912833835,"voiceSEIrank":4},"scoped":{"SEI":27.685924757238514,"SEIadj":56.61155485434311,"SEIrank":6,"audienceSEI":50.32976540354416,"audienceSEIadj":75.16488270177209,"audienceSEIrank":4,"engagementSEI":5.542565147576263,"engagementSEIadj":43.32553908854576,"engagementSEIrank":6,"voiceSEI":64.42469709446115,"voiceSEIadj":82.21234854723058,"voiceSEIrank":4}},"twitter":{"non_scoped":{"SEI":17.06316702665909,"SEIadj":75.11895010799773,"SEIrank":7,"audienceSEI":3.833436809656507,"audienceSEIadj":61.5333747238626,"audienceSEIrank":30,"engagementSEI":1.8032282163937188,"engagementSEIadj":60.72129128655749,"engagementSEIrank":39,"voiceSEI":51.992954719524015,"voiceSEIadj":85.5978864158572,"voiceSEIrank":5},"scoped":{"SEI":17.06316702665909,"SEIadj":50.23790021599545,"SEIrank":6,"audienceSEI":3.833436809656507,"audienceSEIadj":23.066749447725204,"audienceSEIrank":7,"engagementSEI":1.8032282163937188,"engagementSEIadj":21.442582573114976,"engagementSEIrank":7,"voiceSEI":51.992954719524015,"voiceSEIadj":71.19577283171441,"voiceSEIrank":5}},"instagram":{"non_scoped":{"SEI":0,"SEIadj":0,"SEIrank":33,"audienceSEI":0,"audienceSEIadj":0,"audienceSEIrank":33,"engagementSEI":0,"engagementSEIadj":0,"engagementSEIrank":28,"voiceSEI":0,"voiceSEIadj":0,"voiceSEIrank":28},"scoped":{"SEI":0,"SEIadj":0,"SEIrank":6,"audienceSEI":0,"audienceSEIadj":0,"audienceSEIrank":6,"engagementSEI":0,"engagementSEIadj":0,"engagementSEIrank":6,"voiceSEI":0,"voiceSEIadj":0,"voiceSEIrank":6}},"influence":{"instagram":{"scope":"brand","ratio":0,"calculated":false},"combined":{"ratio":0.29,"bottom":false,"scope":"brand","calculated":true},"facebook":{"ratio":0.4,"bottom":false,"scope":"brand","calculated":true},"twitter":{"ratio":2,"bottom":false,"scope":"brand","calculated":true}},"charisma":{"instagram":{"scope":"brand","ratio":0,"calculated":false},"combined":{"ratio":0.27,"bottom":false,"scope":"brand","calculated":true},"facebook":{"ratio":0.44,"bottom":false,"scope":"brand","calculated":true},"twitter":{"ratio":1,"bottom":true,"scope":"brand","calculated":true}}},"scope":"brand"}}