{"scoreEntityString":"591d1494ab33fb0001804f89.asset.54888124f372e13640a025ca","timeQuantum":4984422,"scoreEntityType":"asset","scoreProfileID":"591d1494ab33fb0001804f89","data":{"scoreEntityString":"591d1494ab33fb0001804f89.asset.54888124f372e13640a025ca","scoreProfileID":"591d1494ab33fb0001804f89","scoreEntityType":"asset","entityID":"asset.54888124f372e13640a025ca","object_version":"1.2","score_engine_version":"3.0.19","timestamp":4984422,"start_quantum":4958502,"end_quantum":4984421,"schedule_options":{"interval":15,"offset":"1"},"_15min":{"boundaryQuantum":4984419,"combined":{"entityString":"54888124f372e13640a025ca","type":"combined","profiles":2,"postsMade":0,"repliesMade":0,"repliesRcvd":0,"sharesMade":0,"sharesRcvd":0,"mentionsRcvd":0,"likesRcvd":0,"reachRcvd":0,"audience":4062,"voice":0,"conversation":0,"engagement":0,"group_scoped":{"audienceScore":0.34866234515340455,"voiceScore":0,"engagementScore":0,"combinedScore":0.34866234515340455,"engagementSEI":0,"engagementSEIadj":0,"voiceSEI":0,"voiceSEIadj":0,"audienceSEI":0.4287722883477806,"audienceSEIadj":0.4287722883477806,"SEI":0.04287722883477806,"SEIadj":0.04287722883477806,"combinedScoreRank":153,"SEIrank":171,"engagementSEIrank":12,"voiceSEIrank":5,"audienceSEIrank":171},"non_scoped":{"SEI":0.016156952342161454,"SEIrank":186,"SEIadj":0,"audienceSEI":0.16156952342161454,"audienceSEIadj":0,"audienceSEIrank":186,"audienceScore":0.029915152761337247,"combinedScore":0.0014957576380668625,"combinedScoreRank":186,"engagementSEI":0,"engagementSEIadj":0,"engagementSEIrank":12,"engagementScore":0,"voiceSEI":0,"voiceSEIadj":0,"voiceSEIrank":5,"voiceScore":0},"scoped":{"SEI":0.21210048404024795,"SEIrank":170,"SEIadj":0,"audienceSEI":2.1210048404024793,"audienceSEIadj":0,"audienceSEIrank":170,"audienceScore":0.08643739406790932,"combinedScore":0.012348199152558473,"combinedScoreRank":170,"engagementSEI":0,"engagementSEIadj":0,"engagementSEIrank":6,"engagementScore":0,"voiceSEI":0,"voiceSEIadj":0,"voiceSEIrank":3,"voiceScore":0}},"facebook":{"entityString":"54888124f372e13640a025ca","type":"facebook","profiles":1,"postsMade":0,"repliesMade":0,"repliesRcvd":0,"sharesMade":0,"sharesRcvd":0,"mentionsRcvd":0,"likesRcvd":0,"reachRcvd":0,"audience":2992,"voice":0,"conversation":0,"engagement":0,"group_scoped":{"audienceScore":0.272129137645319,"voiceScore":0,"engagementScore":0,"combinedScore":0.272129137645319,"engagementSEI":0,"engagementSEIadj":0,"voiceSEI":0,"voiceSEIadj":0,"audienceSEI":0.32306968025603705,"audienceSEIadj":0.32306968025603705,"SEI":0.032306968025603705,"SEIadj":0.032306968025603705,"combinedScoreRank":117,"SEIrank":122,"engagementSEIrank":10,"voiceSEIrank":5,"audienceSEIrank":122},"non_scoped":{"SEI":0.01626002121628437,"SEIrank":125,"SEIadj":0,"audienceSEI":0.16260021216284368,"audienceSEIadj":0,"audienceSEIrank":125,"audienceScore":0.03119867781004468,"combinedScore":0.0015599338905022341,"combinedScoreRank":125,"engagementSEI":0,"engagementSEIadj":0,"engagementSEIrank":10,"engagementScore":0,"voiceSEI":0,"voiceSEIadj":0,"voiceSEIrank":5,"voiceScore":0},"scoped":{"SEI":0.21011088405278053,"SEIrank":111,"SEIadj":0,"audienceSEI":2.101108840527805,"audienceSEIadj":0,"audienceSEIrank":111,"audienceScore":0.12861421195639325,"combinedScore":0.01837345885091332,"combinedScoreRank":111,"engagementSEI":0,"engagementSEIadj":0,"engagementSEIrank":4,"engagementScore":0,"voiceSEI":0,"voiceSEIadj":0,"voiceSEIrank":3,"voiceScore":0}},"twitter":{"entityString":"54888124f372e13640a025ca","type":"twitter","profiles":1,"postsMade":0,"repliesMade":0,"repliesRcvd":0,"sharesMade":0,"sharesRcvd":0,"mentionsRcvd":0,"likesRcvd":0,"reachRcvd":0,"audience":1070,"voice":0,"conversation":0,"engagement":0,"group_scoped":{"audienceScore":1.6324413389070271,"voiceScore":0,"engagementScore":0,"combinedScore":1.6324413389070271,"engagementSEI":0,"engagementSEIadj":0,"voiceSEI":0,"voiceSEIadj":0,"audienceSEI":5.037664783427495,"audienceSEIadj":5.037664783427495,"SEI":0.5037664783427495,"SEIadj":0.5037664783427495,"combinedScoreRank":87,"SEIrank":90,"engagementSEIrank":6,"voiceSEIrank":4,"audienceSEIrank":89},"non_scoped":{"SEI":0.019311569615501234,"SEIrank":213,"SEIadj":0,"audienceSEI":0.19311569615501234,"audienceSEIadj":0,"audienceSEIrank":213,"audienceScore":0.03125334074845617,"combinedScore":0.0015626670374228086,"combinedScoreRank":213,"engagementSEI":0,"engagementSEIadj":0,"engagementSEIrank":6,"engagementScore":0,"voiceSEI":0,"voiceSEIadj":0,"voiceSEIrank":4,"voiceScore":0},"scoped":{"SEI":0.09179585288642195,"SEIrank":192,"SEIadj":0,"audienceSEI":0.9179585288642194,"audienceSEIadj":0,"audienceSEIrank":192,"audienceScore":0.04961587114340934,"combinedScore":0.007087981591915619,"combinedScoreRank":192,"engagementSEI":0,"engagementSEIadj":0,"engagementSEIrank":4,"engagementScore":0,"voiceSEI":0,"voiceSEIadj":0,"voiceSEIrank":3,"voiceScore":0}},"instagram":{"entityString":"54888124f372e13640a025ca","type":"instagram","profiles":0,"postsMade":0,"repliesMade":0,"repliesRcvd":0,"sharesMade":0,"sharesRcvd":0,"mentionsRcvd":0,"likesRcvd":0,"reachRcvd":0,"audience":0,"voice":0,"conversation":0,"engagement":0,"group_scoped":{"audienceScore":null,"voiceScore":0,"engagementScore":0,"combinedScore":null,"engagementSEI":0,"engagementSEIadj":0,"voiceSEI":0,"voiceSEIadj":0,"audienceSEI":0,"audienceSEIadj":0,"SEI":0,"SEIadj":0,"combinedScoreRank":8,"SEIrank":30,"engagementSEIrank":6,"voiceSEIrank":3,"audienceSEIrank":30},"non_scoped":{"SEI":0,"SEIrank":30,"SEIadj":0,"audienceSEI":0,"audienceSEIadj":0,"audienceSEIrank":30,"audienceScore":0,"combinedScore":0,"combinedScoreRank":30,"engagementSEI":0,"engagementSEIadj":0,"engagementSEIrank":6,"engagementScore":0,"voiceSEI":0,"voiceSEIadj":0,"voiceSEIrank":3,"voiceScore":0},"scoped":{"SEI":0,"SEIrank":25,"SEIadj":0,"audienceSEI":0,"audienceSEIadj":0,"audienceSEIrank":25,"audienceScore":0,"combinedScore":0,"combinedScoreRank":25,"engagementSEI":0,"engagementSEIadj":0,"engagementSEIrank":4,"engagementScore":0,"voiceSEI":0,"voiceSEIadj":0,"voiceSEIrank":3,"voiceScore":0}}},"hour":{"boundaryQuantum":4984410,"combined":{"entityString":"54888124f372e13640a025ca","type":"combined","profiles":2,"postsMade":0,"repliesMade":0,"repliesRcvd":0,"sharesMade":0,"sharesRcvd":0,"mentionsRcvd":0,"likesRcvd":0,"reachRcvd":0,"audience":4062,"voice":0,"conversation":0,"engagement":0,"group_scoped":{"audienceScore":0.34866234515340455,"voiceScore":0,"engagementScore":0,"combinedScore":0.34866234515340455,"combinedScoreRank":139,"SEIrank":175,"engagementSEIrank":58,"voiceSEIrank":16,"audienceSEIrank":171,"engagementSEI":0,"engagementSEIadj":0,"voiceSEI":0,"voiceSEIadj":0,"audienceSEI":0.4287722883477806,"audienceSEIadj":0.4287722883477806,"SEI":0.04287722883477806,"SEIadj":0.04287722883477806},"non_scoped":{"SEI":0.016156952342161454,"SEIrank":186,"SEIadj":0,"audienceSEI":0.16156952342161454,"audienceSEIadj":0,"audienceSEIrank":186,"audienceScore":0.029915152761337247,"combinedScore":0.0014957576380668625,"combinedScoreRank":187,"engagementSEI":0,"engagementSEIadj":0,"engagementSEIrank":58,"engagementScore":0,"voiceSEI":0,"voiceSEIadj":0,"voiceSEIrank":16,"voiceScore":0},"scoped":{"SEI":0.21210048404024795,"SEIrank":170,"SEIadj":0,"audienceSEI":2.1210048404024793,"audienceSEIadj":0,"audienceSEIrank":170,"audienceScore":0.08643739406790932,"combinedScore":0.004321869703395466,"combinedScoreRank":171,"engagementSEI":0,"engagementSEIadj":0,"engagementSEIrank":49,"engagementScore":0,"voiceSEI":0,"voiceSEIadj":0,"voiceSEIrank":10,"voiceScore":0}},"facebook":{"entityString":"54888124f372e13640a025ca","type":"facebook","profiles":1,"postsMade":0,"repliesMade":0,"repliesRcvd":0,"sharesMade":0,"sharesRcvd":0,"mentionsRcvd":0,"likesRcvd":0,"reachRcvd":0,"audience":2992,"voice":0,"conversation":0,"engagement":0,"group_scoped":{"audienceScore":0.272129137645319,"voiceScore":0,"engagementScore":0,"combinedScore":0.272129137645319,"combinedScoreRank":110,"SEIrank":123,"engagementSEIrank":43,"voiceSEIrank":10,"audienceSEIrank":122,"engagementSEI":0,"engagementSEIadj":0,"voiceSEI":0,"voiceSEIadj":0,"audienceSEI":0.32306968025603705,"audienceSEIadj":0.32306968025603705,"SEI":0.032306968025603705,"SEIadj":0.032306968025603705},"non_scoped":{"SEI":0.01626002121628437,"SEIrank":125,"SEIadj":0,"audienceSEI":0.16260021216284368,"audienceSEIadj":0,"audienceSEIrank":125,"audienceScore":0.03119867781004468,"combinedScore":0.0015599338905022341,"combinedScoreRank":126,"engagementSEI":0,"engagementSEIadj":0,"engagementSEIrank":43,"engagementScore":0,"voiceSEI":0,"voiceSEIadj":0,"voiceSEIrank":10,"voiceScore":0},"scoped":{"SEI":0.21011088405278053,"SEIrank":112,"SEIadj":0,"audienceSEI":2.101108840527805,"audienceSEIadj":0,"audienceSEIrank":111,"audienceScore":0.12861421195639325,"combinedScore":0.006430710597819663,"combinedScoreRank":112,"engagementSEI":0,"engagementSEIadj":0,"engagementSEIrank":34,"engagementScore":0,"voiceSEI":0,"voiceSEIadj":0,"voiceSEIrank":4,"voiceScore":0}},"twitter":{"entityString":"54888124f372e13640a025ca","type":"twitter","profiles":1,"postsMade":0,"repliesMade":0,"repliesRcvd":0,"sharesMade":0,"sharesRcvd":0,"mentionsRcvd":0,"likesRcvd":0,"reachRcvd":0,"audience":1070,"voice":0,"conversation":0,"engagement":0,"group_scoped":{"audienceScore":1.6324413389070271,"voiceScore":0,"engagementScore":0,"combinedScore":1.6324413389070271,"combinedScoreRank":95,"SEIrank":105,"engagementSEIrank":36,"voiceSEIrank":14,"audienceSEIrank":89,"engagementSEI":0,"engagementSEIadj":0,"voiceSEI":0,"voiceSEIadj":0,"audienceSEI":5.037664783427495,"audienceSEIadj":5.037664783427495,"SEI":0.5037664783427495,"SEIadj":0.5037664783427495},"non_scoped":{"SEI":0.019311569615501234,"SEIrank":213,"SEIadj":0,"audienceSEI":0.19311569615501234,"audienceSEIadj":0,"audienceSEIrank":213,"audienceScore":0.03125334074845617,"combinedScore":0.0015626670374228086,"combinedScoreRank":213,"engagementSEI":0,"engagementSEIadj":0,"engagementSEIrank":36,"engagementScore":0,"voiceSEI":0,"voiceSEIadj":0,"voiceSEIrank":14,"voiceScore":0},"scoped":{"SEI":0.09179585288642195,"SEIrank":192,"SEIadj":0,"audienceSEI":0.9179585288642194,"audienceSEIadj":0,"audienceSEIrank":192,"audienceScore":0.04961587114340934,"combinedScore":0.002480793557170467,"combinedScoreRank":192,"engagementSEI":0,"engagementSEIadj":0,"engagementSEIrank":30,"engagementScore":0,"voiceSEI":0,"voiceSEIadj":0,"voiceSEIrank":10,"voiceScore":0}},"instagram":{"entityString":"54888124f372e13640a025ca","type":"instagram","profiles":0,"postsMade":0,"repliesMade":0,"repliesRcvd":0,"sharesMade":0,"sharesRcvd":0,"mentionsRcvd":0,"likesRcvd":0,"reachRcvd":0,"audience":0,"voice":0,"conversation":0,"engagement":0,"group_scoped":{"audienceScore":null,"voiceScore":0,"engagementScore":0,"combinedScore":null,"combinedScoreRank":8,"SEIrank":30,"engagementSEIrank":12,"voiceSEIrank":3,"audienceSEIrank":30,"engagementSEI":0,"engagementSEIadj":0,"voiceSEI":0,"voiceSEIadj":0,"audienceSEI":0,"audienceSEIadj":0,"SEI":0,"SEIadj":0},"non_scoped":{"SEI":0,"SEIrank":30,"SEIadj":0,"audienceSEI":0,"audienceSEIadj":0,"audienceSEIrank":30,"audienceScore":0,"combinedScore":0,"combinedScoreRank":30,"engagementSEI":0,"engagementSEIadj":0,"engagementSEIrank":12,"engagementScore":0,"voiceSEI":0,"voiceSEIadj":0,"voiceSEIrank":3,"voiceScore":0},"scoped":{"SEI":0,"SEIrank":25,"SEIadj":0,"audienceSEI":0,"audienceSEIadj":0,"audienceSEIrank":25,"audienceScore":0,"combinedScore":0,"combinedScoreRank":25,"engagementSEI":0,"engagementSEIadj":0,"engagementSEIrank":9,"engagementScore":0,"voiceSEI":0,"voiceSEIadj":0,"voiceSEIrank":3,"voiceScore":0}}},"today":{"boundaryQuantum":4984134,"combined":{"entityString":"54888124f372e13640a025ca","type":"combined","profiles":2,"postsMade":3,"repliesMade":0,"repliesRcvd":0,"sharesMade":0,"sharesRcvd":2,"mentionsRcvd":0,"likesRcvd":4,"reachRcvd":0,"audience":4062,"voice":3,"conversation":3,"engagement":6,"group_scoped":{"audienceScore":0.34866234515340455,"voiceScore":4.545454545454546,"engagementScore":0.09139375476009139,"combinedScore":0.32696022381447976,"combinedScoreRank":99,"SEIrank":57,"engagementSEIrank":85,"voiceSEIrank":44,"audienceSEIrank":171,"engagementSEI":0.09823182711198428,"engagementSEIadj":0.09823182711198428,"voiceSEI":5.172413793103448,"voiceSEIadj":5.172413793103448,"audienceSEI":0.4287722883477806,"audienceSEIadj":0.4287722883477806,"SEI":1.653540463033003,"SEIadj":1.653540463033003},"non_scoped":{"SEI":1.0070113253966133,"SEIrank":51,"SEIadj":0,"audienceSEI":0.16156952342161454,"audienceSEIadj":0,"audienceSEIrank":186,"audienceScore":0.029915152761337247,"combinedScore":0.02138674130318111,"combinedScoreRank":84,"engagementSEI":0.0030723067391048324,"engagementSEIadj":0,"engagementSEIrank":116,"engagementScore":0.0016008879591880296,"voiceSEI":3.296703296703297,"voiceSEIadj":0,"voiceSEIrank":40,"voiceScore":0.36900369003690037},"scoped":{"SEI":3.3357950902549405,"SEIrank":62,"SEIadj":0,"audienceSEI":2.1210048404024793,"audienceSEIadj":0,"audienceSEIrank":170,"audienceScore":0.08643739406790932,"combinedScore":0.05792177544953095,"combinedScoreRank":90,"engagementSEI":0.03374388392103931,"engagementSEIadj":0,"engagementSEIrank":105,"engagementScore":0.0160393498716852,"voiceSEI":10.344827586206897,"voiceSEIadj":0,"voiceSEIrank":32,"voiceScore":0.7832898172323759}},"facebook":{"entityString":"54888124f372e13640a025ca","type":"facebook","profiles":1,"postsMade":1,"repliesMade":0,"repliesRcvd":0,"sharesMade":0,"sharesRcvd":0,"mentionsRcvd":0,"likesRcvd":4,"reachRcvd":0,"audience":2992,"voice":1,"conversation":1,"engagement":4,"group_scoped":{"audienceScore":0.272129137645319,"voiceScore":3.0303030303030303,"engagementScore":0.061690314620604564,"combinedScore":0.22064289155596156,"combinedScoreRank":92,"SEIrank":47,"engagementSEIrank":64,"voiceSEIrank":41,"audienceSEIrank":122,"engagementSEI":0.06583278472679394,"engagementSEIadj":0.06583278472679394,"voiceSEI":3.3333333333333335,"voiceSEIadj":3.3333333333333335,"audienceSEI":0.32306968025603705,"audienceSEIadj":0.32306968025603705,"SEI":1.07180663886168,"SEIadj":1.07180663886168},"non_scoped":{"SEI":0.7867686640653526,"SEIrank":50,"SEIadj":0,"audienceSEI":0.16260021216284368,"audienceSEIadj":0,"audienceSEIrank":125,"audienceScore":0.03119867781004468,"combinedScore":0.019643739313072447,"combinedScoreRank":67,"engagementSEI":0.002129789363831917,"engagementSEIadj":0,"engagementSEIrank":86,"engagementScore":0.0011966696683130846,"voiceSEI":2.564102564102564,"voiceSEIadj":0,"voiceSEIrank":29,"voiceScore":0.3401360544217687},"scoped":{"SEI":2.7785259353640686,"SEIrank":57,"SEIadj":0,"audienceSEI":2.101108840527805,"audienceSEIadj":0,"audienceSEIrank":111,"audienceScore":0.12861421195639325,"combinedScore":0.08721055375785453,"combinedScoreRank":73,"engagementSEI":0.11402508551881414,"engagementSEIadj":0,"engagementSEIrank":76,"engagementScore":0.026624068157614485,"voiceSEI":8.333333333333332,"voiceSEIadj":0,"voiceSEIrank":21,"voiceScore":1.1363636363636365}},"twitter":{"entityString":"54888124f372e13640a025ca","type":"twitter","profiles":1,"postsMade":2,"repliesMade":0,"repliesRcvd":0,"sharesMade":0,"sharesRcvd":2,"mentionsRcvd":0,"likesRcvd":0,"reachRcvd":0,"audience":1070,"voice":2,"conversation":2,"engagement":2,"group_scoped":{"audienceScore":1.6324413389070271,"voiceScore":6.0606060606060606,"engagementScore":2.4691358024691357,"combinedScore":2.606874592197877,"combinedScoreRank":64,"SEIrank":57,"engagementSEIrank":52,"voiceSEIrank":47,"audienceSEIrank":89,"engagementSEI":6.25,"engagementSEIadj":6.25,"voiceSEI":7.142857142857142,"voiceSEIadj":7.142857142857142,"audienceSEI":5.037664783427495,"audienceSEIadj":5.037664783427495,"SEI":6.396623621199892,"SEIadj":6.396623621199892},"non_scoped":{"SEI":1.3449736124906586,"SEIrank":68,"SEIadj":0,"audienceSEI":0.19311569615501234,"audienceSEIadj":0,"audienceSEIrank":213,"audienceScore":0.03125334074845617,"combinedScore":0.050052695527451306,"combinedScoreRank":103,"engagementSEI":0.12610340479192939,"engagementSEIadj":0,"engagementSEIrank":98,"engagementScore":0.03165558721114277,"voiceSEI":4.166666666666666,"voiceSEIadj":0,"voiceSEIrank":41,"voiceScore":0.4},"scoped":{"SEI":2.6225364877162756,"SEIrank":70,"SEIadj":0,"audienceSEI":0.9179585288642194,"audienceSEIadj":0,"audienceSEIrank":192,"audienceScore":0.04961587114340934,"combinedScore":0.08679690992884345,"combinedScoreRank":92,"engagementSEI":0.37174721189591076,"engagementSEIadj":0,"engagementSEIrank":88,"engagementScore":0.055632823365785816,"voiceSEI":7.6923076923076925,"voiceSEIadj":0,"voiceSEIrank":33,"voiceScore":0.684931506849315}},"instagram":{"entityString":"54888124f372e13640a025ca","type":"instagram","profiles":0,"postsMade":0,"repliesMade":0,"repliesRcvd":0,"sharesMade":0,"sharesRcvd":0,"mentionsRcvd":0,"likesRcvd":0,"reachRcvd":0,"audience":0,"voice":0,"conversation":0,"engagement":0,"group_scoped":{"audienceScore":null,"voiceScore":0,"engagementScore":0,"combinedScore":null,"combinedScoreRank":8,"SEIrank":30,"engagementSEIrank":22,"voiceSEIrank":9,"audienceSEIrank":30,"engagementSEI":0,"engagementSEIadj":0,"voiceSEI":0,"voiceSEIadj":0,"audienceSEI":0,"audienceSEIadj":0,"SEI":0,"SEIadj":0},"non_scoped":{"SEI":0,"SEIrank":30,"SEIadj":0,"audienceSEI":0,"audienceSEIadj":0,"audienceSEIrank":30,"audienceScore":0,"combinedScore":0,"combinedScoreRank":30,"engagementSEI":0,"engagementSEIadj":0,"engagementSEIrank":22,"engagementScore":0,"voiceSEI":0,"voiceSEIadj":0,"voiceSEIrank":9,"voiceScore":0},"scoped":{"SEI":0,"SEIrank":25,"SEIadj":0,"audienceSEI":0,"audienceSEIadj":0,"audienceSEIrank":25,"audienceScore":0,"combinedScore":0,"combinedScoreRank":25,"engagementSEI":0,"engagementSEIadj":0,"engagementSEIrank":17,"engagementScore":0,"voiceSEI":0,"voiceSEIadj":0,"voiceSEIrank":5,"voiceScore":0}}},"week":{"boundaryQuantum":4982406,"combined":{"entityString":"54888124f372e13640a025ca","type":"combined","profiles":2,"postsMade":10,"repliesMade":0,"repliesRcvd":1,"sharesMade":0,"sharesRcvd":4,"mentionsRcvd":0,"likesRcvd":34,"reachRcvd":0,"audience":4062,"voice":10,"conversation":11,"engagement":39,"group_scoped":{"audienceScore":0.34866234515340455,"voiceScore":1.6474464579901154,"engagementScore":0.07180469123982766,"combinedScore":0.16442966227302092,"combinedScoreRank":123,"SEIrank":115,"engagementSEIrank":109,"voiceSEIrank":103,"audienceSEIrank":171,"engagementSEI":0.07947019867549669,"engagementSEIadj":0.07947019867549669,"voiceSEI":2.092050209205021,"voiceSEIadj":2.092050209205021,"audienceSEI":0.4287722883477806,"audienceSEIadj":0.4287722883477806,"SEI":0.7181744108015823,"SEIadj":0.7181744108015823},"non_scoped":{"SEI":0.3673885575302191,"SEIrank":134,"SEIadj":0,"audienceSEI":0.16156952342161454,"audienceSEIadj":0,"audienceSEIrank":186,"audienceScore":0.029915152761337247,"combinedScore":0.008405671462623464,"combinedScoreRank":155,"engagementSEI":0.003990659809553435,"engagementSEIadj":0,"engagementSEIrank":148,"engagementScore":0.0016265377559033939,"voiceSEI":1.1627906976744187,"voiceSEIadj":0,"voiceSEIrank":121,"voiceScore":0.10892059688487093},"scoped":{"SEI":1.6412728470647509,"SEIrank":136,"SEIadj":0,"audienceSEI":2.1210048404024793,"audienceSEIadj":0,"audienceSEIrank":170,"audienceScore":0.08643739406790932,"combinedScore":0.03278305855884013,"combinedScoreRank":146,"engagementSEI":0.12970168612191957,"engagementSEIadj":0,"engagementSEIrank":135,"engagementScore":0.018942521589617553,"voiceSEI":4.504504504504505,"voiceSEIadj":0,"voiceSEIrank":111,"voiceScore":0.22825838849577723}},"facebook":{"entityString":"54888124f372e13640a025ca","type":"facebook","profiles":1,"postsMade":6,"repliesMade":0,"repliesRcvd":1,"sharesMade":0,"sharesRcvd":1,"mentionsRcvd":0,"likesRcvd":33,"reachRcvd":0,"audience":2992,"voice":6,"conversation":7,"engagement":35,"group_scoped":{"audienceScore":0.272129137645319,"voiceScore":1.8867924528301887,"engagementScore":0.06517448139734089,"combinedScore":0.16660311278138218,"combinedScoreRank":99,"SEIrank":81,"engagementSEIrank":83,"voiceSEIrank":62,"audienceSEIrank":122,"engagementSEI":0.07174042265357575,"engagementSEIadj":0.07174042265357575,"voiceSEI":2.459016393442623,"voiceSEIadj":2.459016393442623,"audienceSEI":0.32306968025603705,"audienceSEIadj":0.32306968025603705,"SEI":0.8130561396505361,"SEIadj":0.8130561396505361},"non_scoped":{"SEI":0.4765354575386107,"SEIrank":79,"SEIadj":0,"audienceSEI":0.16260021216284368,"audienceSEIadj":0,"audienceSEIrank":125,"audienceScore":0.03119867781004468,"combinedScore":0.012275374798899211,"combinedScoreRank":99,"engagementSEI":0.0037669485779230983,"engagementSEIadj":0,"engagementSEIrank":100,"engagementScore":0.0016084447947279773,"voiceSEI":1.5267175572519083,"voiceSEIadj":0,"voiceSEIrank":64,"voiceScore":0.18535681186283595},"scoped":{"SEI":2.4152612469978196,"SEIrank":87,"SEIadj":0,"audienceSEI":2.101108840527805,"audienceSEIadj":0,"audienceSEIrank":111,"audienceScore":0.12861421195639325,"combinedScore":0.0551865629309002,"combinedScoreRank":91,"engagementSEI":0.2661596958174905,"engagementSEIadj":0,"engagementSEIrank":89,"engagementScore":0.0259245816883569,"voiceSEI":6.8181818181818175,"voiceSEIadj":0,"voiceSEIrank":55,"voiceScore":0.5084745762711864}},"twitter":{"entityString":"54888124f372e13640a025ca","type":"twitter","profiles":1,"postsMade":4,"repliesMade":0,"repliesRcvd":0,"sharesMade":0,"sharesRcvd":3,"mentionsRcvd":0,"likesRcvd":1,"reachRcvd":0,"audience":1070,"voice":4,"conversation":4,"engagement":4,"group_scoped":{"audienceScore":1.6324413389070271,"voiceScore":1.384083044982699,"engagementScore":0.6535947712418301,"combinedScore":0.7390615133121334,"combinedScoreRank":123,"SEIrank":123,"engagementSEIrank":110,"voiceSEIrank":126,"audienceSEIrank":89,"engagementSEI":1.3888888888888888,"engagementSEIadj":1.3888888888888888,"voiceSEI":1.7094017094017095,"voiceSEIadj":1.7094017094017095,"audienceSEI":5.037664783427495,"audienceSEIadj":5.037664783427495,"SEI":1.8499203244965956,"SEIadj":1.8499203244965956},"non_scoped":{"SEI":0.2831404319580273,"SEIrank":166,"SEIadj":0,"audienceSEI":0.19311569615501234,"audienceSEIadj":0,"audienceSEIrank":213,"audienceScore":0.03125334074845617,"combinedScore":0.010919909596329554,"combinedScoreRank":181,"engagementSEI":0.025636095622636672,"engagementSEIadj":0,"engagementSEIrank":173,"engagementScore":0.006522093592043046,"voiceSEI":0.8281573498964804,"voiceSEIadj":0,"voiceSEIrank":140,"voiceScore":0.06974716652136008},"scoped":{"SEI":0.924000008261309,"SEIrank":158,"SEIadj":0,"audienceSEI":0.9179585288642194,"audienceSEIadj":0,"audienceSEIrank":192,"audienceScore":0.04961587114340934,"combinedScore":0.021208856195161233,"combinedScoreRank":166,"engagementSEI":0.1524390243902439,"engagementSEIadj":0,"engagementSEIrank":160,"engagementScore":0.01372730704554034,"voiceSEI":2.4691358024691357,"voiceSEIadj":0,"voiceSEIrank":129,"voiceScore":0.12746972594008923}},"instagram":{"entityString":"54888124f372e13640a025ca","type":"instagram","profiles":0,"postsMade":0,"repliesMade":0,"repliesRcvd":0,"sharesMade":0,"sharesRcvd":0,"mentionsRcvd":0,"likesRcvd":0,"reachRcvd":0,"audience":0,"voice":0,"conversation":0,"engagement":0,"group_scoped":{"audienceScore":null,"voiceScore":0,"engagementScore":0,"combinedScore":null,"combinedScoreRank":8,"SEIrank":30,"engagementSEIrank":25,"voiceSEIrank":23,"audienceSEIrank":30,"engagementSEI":0,"engagementSEIadj":0,"voiceSEI":0,"voiceSEIadj":0,"audienceSEI":0,"audienceSEIadj":0,"SEI":0,"SEIadj":0},"non_scoped":{"SEI":0,"SEIrank":30,"SEIadj":0,"audienceSEI":0,"audienceSEIadj":0,"audienceSEIrank":30,"audienceScore":0,"combinedScore":0,"combinedScoreRank":30,"engagementSEI":0,"engagementSEIadj":0,"engagementSEIrank":25,"engagementScore":0,"voiceSEI":0,"voiceSEIadj":0,"voiceSEIrank":23,"voiceScore":0},"scoped":{"SEI":0,"SEIrank":25,"SEIadj":0,"audienceSEI":0,"audienceSEIadj":0,"audienceSEIrank":25,"audienceScore":0,"combinedScore":0,"combinedScoreRank":25,"engagementSEI":0,"engagementSEIadj":0,"engagementSEIrank":20,"engagementScore":0,"voiceSEI":0,"voiceSEIadj":0,"voiceSEIrank":18,"voiceScore":0}}},"month":{"boundaryQuantum":4975782,"combined":{"entityString":"54888124f372e13640a025ca","type":"combined","profiles":2,"postsMade":56,"repliesMade":0,"repliesRcvd":20,"sharesMade":0,"sharesRcvd":74,"mentionsRcvd":0,"likesRcvd":291,"reachRcvd":0,"audience":4062,"voice":56,"conversation":76,"engagement":385,"group_scoped":{"audienceScore":0.34866234515340455,"voiceScore":2.051282051282051,"engagementScore":0.16399447956245422,"combinedScore":0.2675922514279816,"combinedScoreRank":92,"SEIrank":96,"engagementSEIrank":84,"voiceSEIrank":82,"audienceSEIrank":171,"engagementSEI":0.18696218022182942,"engagementSEIadj":0.18696218022182942,"voiceSEI":2.731707317073171,"voiceSEIadj":2.731707317073171,"audienceSEI":0.4287722883477806,"audienceSEIadj":0.4287722883477806,"SEI":0.974566732089827,"SEIadj":0.974566732089827},"non_scoped":{"SEI":0.48674803687175944,"SEIrank":119,"SEIadj":0,"audienceSEI":0.16156952342161454,"audienceSEIadj":0,"audienceSEIrank":186,"audienceScore":0.029915152761337247,"combinedScore":0.012675901385210036,"combinedScoreRank":140,"engagementSEI":0.010624083500329208,"engagementSEIadj":0,"engagementSEIrank":129,"engagementScore":0.004184301414033038,"voiceSEI":1.5473887814313347,"voiceSEIadj":0,"voiceSEIrank":105,"voiceScore":0.14828544949026876},"scoped":{"SEI":2.1942086099914695,"SEIrank":121,"SEIadj":0,"audienceSEI":2.1210048404024793,"audienceSEIadj":0,"audienceSEIrank":170,"audienceScore":0.08643739406790932,"combinedScore":0.05647771796019242,"combinedScoreRank":123,"engagementSEI":0.35614512219940425,"engagementSEIadj":0,"engagementSEIrank":119,"engagementScore":0.040580137867065796,"voiceSEI":5.894736842105263,"voiceSEIadj":0,"voiceSEIrank":95,"voiceScore":0.3126744835287549}},"facebook":{"entityString":"54888124f372e13640a025ca","type":"facebook","profiles":1,"postsMade":24,"repliesMade":0,"repliesRcvd":20,"sharesMade":0,"sharesRcvd":14,"mentionsRcvd":0,"likesRcvd":224,"reachRcvd":0,"audience":2992,"voice":24,"conversation":44,"engagement":258,"group_scoped":{"audienceScore":0.272129137645319,"voiceScore":1.741654571843251,"engagementScore":0.11134271546757468,"combinedScore":0.20089762939524575,"combinedScoreRank":87,"SEIrank":83,"engagementSEIrank":74,"voiceSEIrank":67,"audienceSEIrank":122,"engagementSEI":0.12605473120538616,"engagementSEIadj":0.12605473120538616,"voiceSEI":2.3143683702989395,"voiceSEIadj":2.3143683702989395,"audienceSEI":0.32306968025603705,"audienceSEIadj":0.32306968025603705,"SEI":0.8022503178385172,"SEIadj":0.8022503178385172},"non_scoped":{"SEI":0.47967033490314764,"SEIrank":83,"SEIadj":0,"audienceSEI":0.16260021216284368,"audienceSEIadj":0,"audienceSEIrank":125,"audienceScore":0.03119867781004468,"combinedScore":0.013174917435242725,"combinedScoreRank":102,"engagementSEI":0.007532167170903413,"engagementSEIadj":0,"engagementSEIrank":103,"engagementScore":0.003119604550221341,"voiceSEI":1.5296367112810707,"voiceSEIadj":0,"voiceSEIrank":70,"voiceScore":0.1761467889908257},"scoped":{"SEI":2.7301920024346806,"SEIrank":84,"SEIadj":0,"audienceSEI":2.101108840527805,"audienceSEIadj":0,"audienceSEIrank":111,"audienceScore":0.12861421195639325,"combinedScore":0.06524575109065554,"combinedScoreRank":95,"engagementSEI":0.278566569852187,"engagementSEIadj":0,"engagementSEIrank":93,"engagementScore":0.03807235813988493,"voiceSEI":7.8431372549019605,"voiceSEIadj":0,"voiceSEIrank":61,"voiceScore":0.4909983633387889}},"twitter":{"entityString":"54888124f372e13640a025ca","type":"twitter","profiles":1,"postsMade":32,"repliesMade":0,"repliesRcvd":0,"sharesMade":0,"sharesRcvd":60,"mentionsRcvd":0,"likesRcvd":67,"reachRcvd":0,"audience":1070,"voice":32,"conversation":32,"engagement":127,"group_scoped":{"audienceScore":1.6324413389070271,"voiceScore":2.366863905325444,"engagementScore":4.168034131933049,"combinedScore":3.951195980951368,"combinedScoreRank":39,"SEIrank":50,"engagementSEIrank":37,"voiceSEIrank":94,"audienceSEIrank":89,"engagementSEI":10.151878497202238,"engagementSEIadj":10.151878497202238,"voiceSEI":3.1589338598223096,"voiceSEIadj":3.1589338598223096,"audienceSEI":5.037664783427495,"audienceSEIadj":5.037664783427495,"SEI":7.5425737346107855,"SEIadj":7.5425737346107855},"non_scoped":{"SEI":0.6334551984225412,"SEIrank":137,"SEIadj":0,"audienceSEI":0.19311569615501234,"audienceSEIadj":0,"audienceSEIrank":213,"audienceScore":0.03125334074845617,"combinedScore":0.05580373381392423,"combinedScoreRank":142,"engagementSEI":0.22035986327277773,"engagementSEIadj":0,"engagementSEIrank":133,"engagementScore":0.052640523255091005,"voiceSEI":1.6064257028112447,"voiceSEIadj":0,"voiceSEIrank":117,"voiceScore":0.13729191693839024},"scoped":{"SEI":2.334180769589699,"SEIrank":133,"SEIadj":0,"audienceSEI":0.9179585288642194,"audienceSEIadj":0,"audienceSEIrank":192,"audienceScore":0.04961587114340934,"combinedScore":0.11115799710308619,"combinedScoreRank":130,"engagementSEI":1.2528361448160206,"engagementSEIadj":0,"engagementSEIrank":122,"engagementScore":0.10685378699917547,"voiceSEI":4.968944099378882,"voiceSEIadj":0,"voiceSEIrank":106,"voiceScore":0.2501759049331561}},"instagram":{"entityString":"54888124f372e13640a025ca","type":"instagram","profiles":0,"postsMade":0,"repliesMade":0,"repliesRcvd":0,"sharesMade":0,"sharesRcvd":0,"mentionsRcvd":0,"likesRcvd":0,"reachRcvd":0,"audience":0,"voice":0,"conversation":0,"engagement":0,"group_scoped":{"audienceScore":null,"voiceScore":0,"engagementScore":0,"combinedScore":null,"combinedScoreRank":8,"SEIrank":30,"engagementSEIrank":25,"voiceSEIrank":24,"audienceSEIrank":30,"engagementSEI":0,"engagementSEIadj":0,"voiceSEI":0,"voiceSEIadj":0,"audienceSEI":0,"audienceSEIadj":0,"SEI":0,"SEIadj":0},"non_scoped":{"SEI":0,"SEIrank":30,"SEIadj":0,"audienceSEI":0,"audienceSEIadj":0,"audienceSEIrank":30,"audienceScore":0,"combinedScore":0,"combinedScoreRank":30,"engagementSEI":0,"engagementSEIadj":0,"engagementSEIrank":25,"engagementScore":0,"voiceSEI":0,"voiceSEIadj":0,"voiceSEIrank":24,"voiceScore":0},"scoped":{"SEI":0,"SEIrank":25,"SEIadj":0,"audienceSEI":0,"audienceSEIadj":0,"audienceSEIrank":25,"audienceScore":0,"combinedScore":0,"combinedScoreRank":25,"engagementSEI":0,"engagementSEIadj":0,"engagementSEIrank":20,"engagementScore":0,"voiceSEI":0,"voiceSEIadj":0,"voiceSEIrank":19,"voiceScore":0}}},"quarter":{"boundaryQuantum":4958502,"combined":{"entityString":"54888124f372e13640a025ca","type":"combined","profiles":2,"postsMade":174,"repliesMade":0,"repliesRcvd":167,"sharesMade":0,"sharesRcvd":404,"mentionsRcvd":0,"likesRcvd":1198,"reachRcvd":0,"audience":4062,"voice":174,"conversation":341,"engagement":1769,"group_scoped":{"audienceScore":0.34866234515340455,"voiceScore":2.1420657392588947,"engagementScore":0.23964864176524459,"combinedScore":0.3402201818093351,"combinedScoreRank":74,"SEIrank":92,"engagementSEIrank":68,"voiceSEIrank":83,"audienceSEIrank":171,"engagementSEI":0.2730924438763381,"engagementSEIadj":0.2730924438763381,"voiceSEI":2.768055997454661,"voiceSEIadj":2.768055997454661,"audienceSEI":0.4287722883477806,"audienceSEIadj":0.4287722883477806,"SEI":1.0371494943969792,"SEIadj":1.0371494943969792},"non_scoped":{"SEI":0.5129017203779236,"SEIrank":109,"SEIadj":0,"audienceSEI":0.16156952342161454,"audienceSEIadj":0,"audienceSEIrank":186,"audienceScore":0.029915152761337247,"combinedScore":0.014613306725977614,"combinedScoreRank":131,"engagementSEI":0.015431293756528203,"engagementSEIadj":0,"engagementSEIrank":122,"engagementScore":0.005976347313278842,"voiceSEI":1.6249533059394843,"voiceSEIadj":0,"voiceSEIrank":100,"voiceScore":0.15477673011919588},"scoped":{"SEI":2.4587999929656643,"SEIrank":110,"SEIadj":0,"audienceSEI":2.1210048404024793,"audienceSEIadj":0,"audienceSEIrank":170,"audienceScore":0.08643739406790932,"combinedScore":0.07314874122478743,"combinedScoreRank":115,"engagementSEI":0.35796745713597705,"engagementSEIadj":0,"engagementSEIrank":112,"engagementScore":0.05839089352920634,"voiceSEI":6.773063448812768,"voiceSEIadj":0,"voiceSEIrank":90,"voiceScore":0.3255013469021251}},"facebook":{"entityString":"54888124f372e13640a025ca","type":"facebook","profiles":1,"postsMade":88,"repliesMade":0,"repliesRcvd":167,"sharesMade":0,"sharesRcvd":257,"mentionsRcvd":0,"likesRcvd":1042,"reachRcvd":0,"audience":2992,"voice":88,"conversation":255,"engagement":1466,"group_scoped":{"audienceScore":0.272129137645319,"voiceScore":2.209944751381215,"engagementScore":0.20079881219147389,"combinedScore":0.30482262542365324,"combinedScoreRank":66,"SEIrank":71,"engagementSEIrank":63,"voiceSEIrank":56,"audienceSEIrank":122,"engagementSEI":0.22753552332394322,"engagementSEIadj":0.22753552332394322,"voiceSEI":2.8833551769331587,"voiceSEIadj":2.8833551769331587,"audienceSEI":0.32306968025603705,"audienceSEIadj":0.32306968025603705,"SEI":1.0338348350999171,"SEIadj":1.0338348350999171},"non_scoped":{"SEI":0.5784760840949701,"SEIrank":72,"SEIadj":0,"audienceSEI":0.16260021216284368,"audienceSEIadj":0,"audienceSEIrank":125,"audienceScore":0.03119867781004468,"combinedScore":0.017358187926780417,"combinedScoreRank":98,"engagementSEI":0.013239242596116134,"engagementSEIadj":0,"engagementSEIrank":97,"engagementScore":0.0055096441510260365,"voiceSEI":1.8475750577367205,"voiceSEIadj":0,"voiceSEIrank":59,"voiceScore":0.21679148600709497},"scoped":{"SEI":4.177594983458818,"SEIrank":83,"SEIadj":0,"audienceSEI":2.101108840527805,"audienceSEIadj":0,"audienceSEIrank":111,"audienceScore":0.12861421195639325,"combinedScore":0.10273966670228261,"combinedScoreRank":89,"engagementSEI":1.2466198404734774,"engagementSEIadj":0,"engagementSEIrank":88,"engagementScore":0.07364325119381436,"voiceSEI":10.731707317073171,"voiceSEIadj":0,"voiceSEIrank":50,"voiceScore":0.6006006006006006}},"twitter":{"entityString":"54888124f372e13640a025ca","type":"twitter","profiles":1,"postsMade":86,"repliesMade":0,"repliesRcvd":0,"sharesMade":0,"sharesRcvd":147,"mentionsRcvd":0,"likesRcvd":156,"reachRcvd":0,"audience":1070,"voice":86,"conversation":86,"engagement":303,"group_scoped":{"audienceScore":1.6324413389070271,"voiceScore":2.0767930451581744,"engagementScore":3.75,"combinedScore":3.56046171920326,"combinedScoreRank":44,"SEIrank":57,"engagementSEIrank":39,"voiceSEIrank":102,"audienceSEIrank":89,"engagementSEI":8.729472774416594,"engagementSEIadj":8.729472774416594,"voiceSEI":2.6592455163883733,"voiceSEIadj":2.6592455163883733,"audienceSEI":5.037664783427495,"audienceSEIadj":5.037664783427495,"SEI":6.539223797909218,"SEIadj":6.539223797909218},"non_scoped":{"SEI":0.5349524372442769,"SEIrank":146,"SEIadj":0,"audienceSEI":0.19311569615501234,"audienceSEIadj":0,"audienceSEIrank":213,"audienceScore":0.03125334074845617,"combinedScore":0.04055153056029723,"combinedScoreRank":153,"engagementSEI":0.14368906255927766,"engagementSEIadj":0,"engagementSEIrank":148,"engagementScore":0.03645682933872365,"voiceSEI":1.4314247669773634,"voiceSEIadj":0,"voiceSEIrank":118,"voiceScore":0.12355434236046262},"scoped":{"SEI":2.107506260388804,"SEIrank":139,"SEIadj":0,"audienceSEI":0.9179585288642194,"audienceSEIadj":0,"audienceSEIrank":192,"audienceScore":0.04961587114340934,"combinedScore":0.081772665970246,"combinedScoreRank":141,"engagementSEI":0.9532498584282388,"engagementSEIadj":0,"engagementSEIrank":137,"engagementScore":0.07558333873808253,"voiceSEI":4.8125349748181305,"voiceSEIadj":0,"voiceSEIrank":108,"voiceScore":0.22533735097602517}},"instagram":{"entityString":"54888124f372e13640a025ca","type":"instagram","profiles":0,"postsMade":0,"repliesMade":0,"repliesRcvd":0,"sharesMade":0,"sharesRcvd":0,"mentionsRcvd":0,"likesRcvd":0,"reachRcvd":0,"audience":0,"voice":0,"conversation":0,"engagement":0,"group_scoped":{"audienceScore":null,"voiceScore":0,"engagementScore":0,"combinedScore":null,"combinedScoreRank":8,"SEIrank":30,"engagementSEIrank":25,"voiceSEIrank":25,"audienceSEIrank":30,"engagementSEI":0,"engagementSEIadj":0,"voiceSEI":0,"voiceSEIadj":0,"audienceSEI":0,"audienceSEIadj":0,"SEI":0,"SEIadj":0},"non_scoped":{"SEI":0,"SEIrank":30,"SEIadj":0,"audienceSEI":0,"audienceSEIadj":0,"audienceSEIrank":30,"audienceScore":0,"combinedScore":0,"combinedScoreRank":30,"engagementSEI":0,"engagementSEIadj":0,"engagementSEIrank":25,"engagementScore":0,"voiceSEI":0,"voiceSEIadj":0,"voiceSEIrank":25,"voiceScore":0},"scoped":{"SEI":0,"SEIrank":25,"SEIadj":0,"audienceSEI":0,"audienceSEIadj":0,"audienceSEIrank":25,"audienceScore":0,"combinedScore":0,"combinedScoreRank":25,"engagementSEI":0,"engagementSEIadj":0,"engagementSEIrank":20,"engagementScore":0,"voiceSEI":0,"voiceSEIadj":0,"voiceSEIrank":20,"voiceScore":0}}},"blended":{"combined":{"non_scoped":{"SEI":0.4900301992486221,"SEIadj":50.24501509962431,"SEIrank":117,"audienceSEI":0.16156952342161454,"audienceSEIadj":40.09694171405297,"audienceSEIrank":186,"engagementSEI":0.010660072683134755,"engagementSEIadj":50.00533003634157,"engagementSEIrank":131,"voiceSEI":1.5582573443219327,"voiceSEIadj":50.779128672160965,"voiceSEIrank":107},"scoped":{"SEI":13.685454201426431,"SEIadj":65.47418168057057,"SEIrank":54,"compCharisma":0,"compInfluence":12,"compEva":1.6854542014264307,"audienceSEI":2.1210048404024797,"audienceSEIadj":41.27260290424149,"audienceSEIrank":170,"engagementSEI":0.273003196930527,"engagementSEIadj":50.136501598465266,"engagementSEIrank":122,"voiceSEI":6.13933498138387,"voiceSEIadj":53.069667490691934,"voiceSEIrank":98}},"facebook":{"non_scoped":{"SEI":0.543487662747808,"SEIadj":50.271743831373904,"SEIrank":72,"audienceSEI":0.16260021216284368,"audienceSEIadj":50.08130010608142,"audienceSEIrank":125,"engagementSEI":0.008986020415262105,"engagementSEIadj":50.00449301020763,"engagementSEIrank":101,"voiceSEI":1.7394534309412215,"voiceSEIadj":60.69578137237649,"voiceSEIrank":61},"scoped":{"SEI":3.3618309629621606,"SEIadj":51.68091548148108,"SEIrank":82,"audienceSEI":2.101108840527805,"audienceSEIadj":51.0505544202639,"audienceSEIrank":111,"engagementSEI":0.7506440687357546,"engagementSEIadj":50.375322034367876,"engagementSEIrank":91,"voiceSEI":9.004445458893091,"voiceSEIadj":63.601778183557236,"voiceSEIrank":53}},"twitter":{"non_scoped":{"SEI":0.5146853085974608,"SEIadj":50.25734265429873,"SEIrank":146,"audienceSEI":0.19311569615501234,"audienceSEIadj":20.15449255692401,"audienceSEIrank":213,"engagementSEI":0.11889450969694294,"engagementSEIadj":50.05944725484847,"engagementSEIrank":151,"voiceSEI":1.4134567772126458,"voiceSEIadj":50.70672838860632,"voiceSEIrank":118},"scoped":{"SEI":1.8122070724970634,"SEIadj":50.90610353624853,"SEIrank":143,"audienceSEI":0.9179585288642194,"audienceSEIadj":20.734366823091374,"audienceSEIrank":192,"engagementSEI":0.7288694188483912,"engagementSEIadj":50.364434709424195,"engagementSEIrank":141,"voiceSEI":4.276965227672023,"voiceSEIadj":52.13848261383601,"voiceSEIrank":111}},"instagram":{"non_scoped":{"SEI":0,"SEIadj":0,"SEIrank":30,"audienceSEI":0,"audienceSEIadj":0,"audienceSEIrank":30,"engagementSEI":0,"engagementSEIadj":0,"engagementSEIrank":25,"voiceSEI":0,"voiceSEIadj":0,"voiceSEIrank":25},"scoped":{"SEI":0,"SEIadj":0,"SEIrank":25,"audienceSEI":0,"audienceSEIadj":0,"audienceSEIrank":25,"engagementSEI":0,"engagementSEIadj":0,"engagementSEIrank":20,"voiceSEI":0,"voiceSEIadj":0,"voiceSEIrank":20}},"influence":{"instagram":{"scope":"individual","ratio":0,"calculated":false},"combined":{"ratio":2,"bottom":true,"scope":"individual","calculated":true},"facebook":{"ratio":2,"bottom":false,"scope":"individual","calculated":true},"twitter":{"ratio":2,"bottom":true,"scope":"individual","calculated":true}},"charisma":{"instagram":{"scope":"individual","ratio":0,"calculated":false},"combined":{"ratio":0.19,"bottom":false,"scope":"individual","calculated":true},"facebook":{"ratio":0.11,"bottom":false,"scope":"individual","calculated":true},"twitter":{"ratio":0.35,"bottom":false,"scope":"individual","calculated":true}}},"scope":"individual"}}