{"scoreEntityString":"591d1494ab33fb0001804f89.asset.5488805bf372e13640a025bf","timeQuantum":4984422,"scoreEntityType":"asset","scoreProfileID":"591d1494ab33fb0001804f89","data":{"scoreEntityString":"591d1494ab33fb0001804f89.asset.5488805bf372e13640a025bf","scoreProfileID":"591d1494ab33fb0001804f89","scoreEntityType":"asset","entityID":"asset.5488805bf372e13640a025bf","object_version":"1.2","score_engine_version":"3.0.19","timestamp":4984422,"start_quantum":4958502,"end_quantum":4984421,"schedule_options":{"interval":15,"offset":"1"},"_15min":{"boundaryQuantum":4984419,"combined":{"entityString":"5488805bf372e13640a025bf","type":"combined","profiles":2,"postsMade":0,"repliesMade":0,"repliesRcvd":0,"sharesMade":0,"sharesRcvd":0,"mentionsRcvd":0,"likesRcvd":0,"reachRcvd":0,"audience":111990,"voice":0,"conversation":0,"engagement":0,"group_scoped":{"audienceScore":9.612677507072815,"voiceScore":0,"engagementScore":0,"combinedScore":9.612677507072815,"engagementSEI":0,"engagementSEIadj":0,"voiceSEI":0,"voiceSEIadj":0,"audienceSEI":11.821321657328395,"audienceSEIadj":11.821321657328395,"SEI":1.1821321657328396,"SEIadj":1.1821321657328396,"combinedScoreRank":11,"SEIrank":16,"engagementSEIrank":24,"voiceSEIrank":18,"audienceSEIrank":15},"non_scoped":{"SEI":0.4454498012798279,"SEIrank":17,"SEIadj":0,"audienceSEI":4.454498012798279,"audienceSEIadj":0,"audienceSEIrank":16,"audienceScore":0.824765622290044,"combinedScore":0.0412382811145022,"combinedScoreRank":18,"engagementSEI":0,"engagementSEIadj":0,"engagementSEIrank":24,"engagementScore":0,"voiceSEI":0,"voiceSEIadj":0,"voiceSEIrank":18,"voiceScore":0},"scoped":{"SEI":5.847644807402109,"SEIrank":10,"SEIadj":0,"audienceSEI":58.47644807402108,"audienceSEIadj":0,"audienceSEIrank":9,"audienceScore":2.383092998932832,"combinedScore":0.3404418569904046,"combinedScoreRank":11,"engagementSEI":0,"engagementSEIadj":0,"engagementSEIrank":17,"engagementScore":0,"voiceSEI":0,"voiceSEIadj":0,"voiceSEIrank":14,"voiceScore":0}},"facebook":{"entityString":"5488805bf372e13640a025bf","type":"facebook","profiles":1,"postsMade":0,"repliesMade":0,"repliesRcvd":0,"sharesMade":0,"sharesRcvd":0,"mentionsRcvd":0,"likesRcvd":0,"reachRcvd":0,"audience":101562,"voice":0,"conversation":0,"engagement":0,"group_scoped":{"audienceScore":9.237292606127635,"voiceScore":0,"engagementScore":0,"combinedScore":9.237292606127635,"engagementSEI":0,"engagementSEIadj":0,"voiceSEI":0,"voiceSEIadj":0,"audienceSEI":10.96644480820977,"audienceSEIadj":10.96644480820977,"SEI":1.096644480820977,"SEIadj":1.096644480820977,"combinedScoreRank":11,"SEIrank":14,"engagementSEIrank":22,"voiceSEIrank":18,"audienceSEIrank":14},"non_scoped":{"SEI":0.5519385945081127,"SEIrank":10,"SEIadj":0,"audienceSEI":5.519385945081126,"audienceSEIadj":0,"audienceSEIrank":10,"audienceScore":1.059024102855534,"combinedScore":0.05295120514277671,"combinedScoreRank":10,"engagementSEI":0,"engagementSEIadj":0,"engagementSEIrank":22,"engagementScore":0,"voiceSEI":0,"voiceSEIadj":0,"voiceSEIrank":18,"voiceScore":0},"scoped":{"SEI":7.132112836286263,"SEIrank":3,"SEIadj":0,"audienceSEI":71.32112836286262,"audienceSEIadj":0,"audienceSEIrank":3,"audienceScore":4.3657475249716615,"combinedScore":0.6236782178530945,"combinedScoreRank":3,"engagementSEI":0,"engagementSEIadj":0,"engagementSEIrank":15,"engagementScore":0,"voiceSEI":0,"voiceSEIadj":0,"voiceSEIrank":14,"voiceScore":0}},"twitter":{"entityString":"5488805bf372e13640a025bf","type":"twitter","profiles":1,"postsMade":0,"repliesMade":0,"repliesRcvd":0,"sharesMade":0,"sharesRcvd":0,"mentionsRcvd":0,"likesRcvd":0,"reachRcvd":0,"audience":10428,"voice":0,"conversation":0,"engagement":0,"group_scoped":{"audienceScore":15.909437646843438,"voiceScore":0,"engagementScore":0,"combinedScore":15.909437646843438,"engagementSEI":0,"engagementSEIadj":0,"voiceSEI":0,"voiceSEIadj":0,"audienceSEI":49.09604519774011,"audienceSEIadj":49.09604519774011,"SEI":4.909604519774011,"SEIadj":4.909604519774011,"combinedScoreRank":11,"SEIrank":11,"engagementSEIrank":19,"voiceSEIrank":17,"audienceSEIrank":10},"non_scoped":{"SEI":0.18820658686957653,"SEIrank":67,"SEIadj":0,"audienceSEI":1.8820658686957652,"audienceSEIadj":0,"audienceSEIrank":67,"audienceScore":0.30458863301392614,"combinedScore":0.015229431650696307,"combinedScoreRank":67,"engagementSEI":0,"engagementSEIadj":0,"engagementSEIrank":19,"engagementScore":0,"voiceSEI":0,"voiceSEIadj":0,"voiceSEIrank":17,"voiceScore":0},"scoped":{"SEI":0.8946235083173907,"SEIrank":56,"SEIadj":0,"audienceSEI":8.946235083173907,"audienceSEIadj":0,"audienceSEIrank":56,"audienceScore":0.48354607876960065,"combinedScore":0.0690780112528001,"combinedScoreRank":56,"engagementSEI":0,"engagementSEIadj":0,"engagementSEIrank":15,"engagementScore":0,"voiceSEI":0,"voiceSEIadj":0,"voiceSEIrank":14,"voiceScore":0}},"instagram":{"entityString":"5488805bf372e13640a025bf","type":"instagram","profiles":0,"postsMade":0,"repliesMade":0,"repliesRcvd":0,"sharesMade":0,"sharesRcvd":0,"mentionsRcvd":0,"likesRcvd":0,"reachRcvd":0,"audience":0,"voice":0,"conversation":0,"engagement":0,"group_scoped":{"audienceScore":null,"voiceScore":0,"engagementScore":0,"combinedScore":null,"engagementSEI":0,"engagementSEIadj":0,"voiceSEI":0,"voiceSEIadj":0,"audienceSEI":0,"audienceSEIadj":0,"SEI":0,"SEIadj":0,"combinedScoreRank":32,"SEIrank":43,"engagementSEIrank":19,"voiceSEIrank":16,"audienceSEIrank":43},"non_scoped":{"SEI":0,"SEIrank":43,"SEIadj":0,"audienceSEI":0,"audienceSEIadj":0,"audienceSEIrank":43,"audienceScore":0,"combinedScore":0,"combinedScoreRank":43,"engagementSEI":0,"engagementSEIadj":0,"engagementSEIrank":19,"engagementScore":0,"voiceSEI":0,"voiceSEIadj":0,"voiceSEIrank":16,"voiceScore":0},"scoped":{"SEI":0,"SEIrank":36,"SEIadj":0,"audienceSEI":0,"audienceSEIadj":0,"audienceSEIrank":36,"audienceScore":0,"combinedScore":0,"combinedScoreRank":36,"engagementSEI":0,"engagementSEIadj":0,"engagementSEIrank":15,"engagementScore":0,"voiceSEI":0,"voiceSEIadj":0,"voiceSEIrank":14,"voiceScore":0}}},"hour":{"boundaryQuantum":4984410,"combined":{"entityString":"5488805bf372e13640a025bf","type":"combined","profiles":2,"postsMade":0,"repliesMade":0,"repliesRcvd":0,"sharesMade":0,"sharesRcvd":0,"mentionsRcvd":0,"likesRcvd":0,"reachRcvd":0,"audience":111990,"voice":0,"conversation":0,"engagement":0,"group_scoped":{"audienceScore":9.612677507072815,"voiceScore":0,"engagementScore":0,"combinedScore":9.612677507072815,"combinedScoreRank":14,"SEIrank":28,"engagementSEIrank":68,"voiceSEIrank":28,"audienceSEIrank":15,"engagementSEI":0,"engagementSEIadj":0,"voiceSEI":0,"voiceSEIadj":0,"audienceSEI":11.821321657328395,"audienceSEIadj":11.821321657328395,"SEI":1.1821321657328396,"SEIadj":1.1821321657328396},"non_scoped":{"SEI":0.4454498012798279,"SEIrank":26,"SEIadj":0,"audienceSEI":4.454498012798279,"audienceSEIadj":0,"audienceSEIrank":16,"audienceScore":0.824765622290044,"combinedScore":0.0412382811145022,"combinedScoreRank":39,"engagementSEI":0,"engagementSEIadj":0,"engagementSEIrank":68,"engagementScore":0,"voiceSEI":0,"voiceSEIadj":0,"voiceSEIrank":28,"voiceScore":0},"scoped":{"SEI":5.847644807402109,"SEIrank":16,"SEIadj":0,"audienceSEI":58.47644807402108,"audienceSEIadj":0,"audienceSEIrank":9,"audienceScore":2.383092998932832,"combinedScore":0.1191546499466416,"combinedScoreRank":40,"engagementSEI":0,"engagementSEIadj":0,"engagementSEIrank":58,"engagementScore":0,"voiceSEI":0,"voiceSEIadj":0,"voiceSEIrank":21,"voiceScore":0}},"facebook":{"entityString":"5488805bf372e13640a025bf","type":"facebook","profiles":1,"postsMade":0,"repliesMade":0,"repliesRcvd":0,"sharesMade":0,"sharesRcvd":0,"mentionsRcvd":0,"likesRcvd":0,"reachRcvd":0,"audience":101562,"voice":0,"conversation":0,"engagement":0,"group_scoped":{"audienceScore":9.237292606127635,"voiceScore":0,"engagementScore":0,"combinedScore":9.237292606127635,"combinedScoreRank":13,"SEIrank":23,"engagementSEIrank":53,"voiceSEIrank":22,"audienceSEIrank":14,"engagementSEI":0,"engagementSEIadj":0,"voiceSEI":0,"voiceSEIadj":0,"audienceSEI":10.96644480820977,"audienceSEIadj":10.96644480820977,"SEI":1.096644480820977,"SEIadj":1.096644480820977},"non_scoped":{"SEI":0.5519385945081127,"SEIrank":14,"SEIadj":0,"audienceSEI":5.519385945081126,"audienceSEIadj":0,"audienceSEIrank":10,"audienceScore":1.059024102855534,"combinedScore":0.05295120514277671,"combinedScoreRank":24,"engagementSEI":0,"engagementSEIadj":0,"engagementSEIrank":53,"engagementScore":0,"voiceSEI":0,"voiceSEIadj":0,"voiceSEIrank":22,"voiceScore":0},"scoped":{"SEI":7.132112836286263,"SEIrank":15,"SEIadj":0,"audienceSEI":71.32112836286262,"audienceSEIadj":0,"audienceSEIrank":3,"audienceScore":4.3657475249716615,"combinedScore":0.21828737624858308,"combinedScoreRank":34,"engagementSEI":0,"engagementSEIadj":0,"engagementSEIrank":43,"engagementScore":0,"voiceSEI":0,"voiceSEIadj":0,"voiceSEIrank":15,"voiceScore":0}},"twitter":{"entityString":"5488805bf372e13640a025bf","type":"twitter","profiles":1,"postsMade":0,"repliesMade":0,"repliesRcvd":0,"sharesMade":0,"sharesRcvd":0,"mentionsRcvd":0,"likesRcvd":0,"reachRcvd":0,"audience":10428,"voice":0,"conversation":0,"engagement":0,"group_scoped":{"audienceScore":15.909437646843438,"voiceScore":0,"engagementScore":0,"combinedScore":15.909437646843438,"combinedScoreRank":17,"SEIrank":31,"engagementSEIrank":48,"voiceSEIrank":26,"audienceSEIrank":10,"engagementSEI":0,"engagementSEIadj":0,"voiceSEI":0,"voiceSEIadj":0,"audienceSEI":49.09604519774011,"audienceSEIadj":49.09604519774011,"SEI":4.909604519774011,"SEIadj":4.909604519774011},"non_scoped":{"SEI":0.18820658686957653,"SEIrank":78,"SEIadj":0,"audienceSEI":1.8820658686957652,"audienceSEIadj":0,"audienceSEIrank":67,"audienceScore":0.30458863301392614,"combinedScore":0.015229431650696307,"combinedScoreRank":78,"engagementSEI":0,"engagementSEIadj":0,"engagementSEIrank":48,"engagementScore":0,"voiceSEI":0,"voiceSEIadj":0,"voiceSEIrank":26,"voiceScore":0},"scoped":{"SEI":0.8946235083173907,"SEIrank":67,"SEIadj":0,"audienceSEI":8.946235083173907,"audienceSEIadj":0,"audienceSEIrank":56,"audienceScore":0.48354607876960065,"combinedScore":0.024177303938480034,"combinedScoreRank":67,"engagementSEI":0,"engagementSEIadj":0,"engagementSEIrank":41,"engagementScore":0,"voiceSEI":0,"voiceSEIadj":0,"voiceSEIrank":21,"voiceScore":0}},"instagram":{"entityString":"5488805bf372e13640a025bf","type":"instagram","profiles":0,"postsMade":0,"repliesMade":0,"repliesRcvd":0,"sharesMade":0,"sharesRcvd":0,"mentionsRcvd":0,"likesRcvd":0,"reachRcvd":0,"audience":0,"voice":0,"conversation":0,"engagement":0,"group_scoped":{"audienceScore":null,"voiceScore":0,"engagementScore":0,"combinedScore":null,"combinedScoreRank":32,"SEIrank":43,"engagementSEIrank":25,"voiceSEIrank":16,"audienceSEIrank":43,"engagementSEI":0,"engagementSEIadj":0,"voiceSEI":0,"voiceSEIadj":0,"audienceSEI":0,"audienceSEIadj":0,"SEI":0,"SEIadj":0},"non_scoped":{"SEI":0,"SEIrank":43,"SEIadj":0,"audienceSEI":0,"audienceSEIadj":0,"audienceSEIrank":43,"audienceScore":0,"combinedScore":0,"combinedScoreRank":43,"engagementSEI":0,"engagementSEIadj":0,"engagementSEIrank":25,"engagementScore":0,"voiceSEI":0,"voiceSEIadj":0,"voiceSEIrank":16,"voiceScore":0},"scoped":{"SEI":0,"SEIrank":36,"SEIadj":0,"audienceSEI":0,"audienceSEIadj":0,"audienceSEIrank":36,"audienceScore":0,"combinedScore":0,"combinedScoreRank":36,"engagementSEI":0,"engagementSEIadj":0,"engagementSEIrank":20,"engagementScore":0,"voiceSEI":0,"voiceSEIadj":0,"voiceSEIrank":14,"voiceScore":0}}},"today":{"boundaryQuantum":4984134,"combined":{"entityString":"5488805bf372e13640a025bf","type":"combined","profiles":2,"postsMade":0,"repliesMade":0,"repliesRcvd":12,"sharesMade":0,"sharesRcvd":0,"mentionsRcvd":0,"likesRcvd":218,"reachRcvd":0,"audience":111990,"voice":0,"conversation":12,"engagement":230,"group_scoped":{"audienceScore":9.612677507072815,"voiceScore":0,"engagementScore":3.5034272658035035,"combinedScore":4.376177300270548,"combinedScoreRank":14,"SEIrank":35,"engagementSEIrank":14,"voiceSEIrank":118,"audienceSEIrank":15,"engagementSEI":3.765553372626064,"engagementSEIadj":3.765553372626064,"voiceSEI":0,"voiceSEIadj":0,"audienceSEI":11.821321657328395,"audienceSEIadj":11.821321657328395,"SEI":3.441464189308478,"SEIadj":3.441464189308478},"non_scoped":{"SEI":0.5161128562792391,"SEIrank":77,"SEIadj":0,"audienceSEI":4.454498012798279,"audienceSEIadj":0,"audienceSEIrank":16,"audienceScore":0.824765622290044,"combinedScore":0.09646891570648922,"combinedScoreRank":29,"engagementSEI":0.1177717583323519,"engagementSEIadj":0,"engagementSEIrank":29,"engagementScore":0.06136737176887447,"voiceSEI":0,"voiceSEIadj":0,"voiceSEIrank":118,"voiceScore":0},"scoped":{"SEI":6.623754137586013,"SEIrank":30,"SEIadj":0,"audienceSEI":58.47644807402108,"audienceSEIadj":0,"audienceSEIrank":9,"audienceScore":2.383092998932832,"combinedScore":0.672512220519781,"combinedScoreRank":21,"engagementSEI":1.293515550306507,"engagementSEIadj":0,"engagementSEIrank":21,"engagementScore":0.614841745081266,"voiceSEI":0,"voiceSEIadj":0,"voiceSEIrank":106,"voiceScore":0}},"facebook":{"entityString":"5488805bf372e13640a025bf","type":"facebook","profiles":1,"postsMade":0,"repliesMade":0,"repliesRcvd":12,"sharesMade":0,"sharesRcvd":0,"mentionsRcvd":0,"likesRcvd":201,"reachRcvd":0,"audience":101562,"voice":0,"conversation":12,"engagement":213,"group_scoped":{"audienceScore":9.237292606127635,"voiceScore":0,"engagementScore":3.2850092535471926,"combinedScore":4.13533544677297,"combinedScoreRank":13,"SEIrank":27,"engagementSEIrank":14,"voiceSEIrank":65,"audienceSEIrank":14,"engagementSEI":3.5055957867017775,"engagementSEIadj":3.5055957867017775,"voiceSEI":0,"voiceSEIadj":0,"audienceSEI":10.96644480820977,"audienceSEIadj":10.96644480820977,"SEI":3.200001952842044,"SEIadj":3.200001952842044},"non_scoped":{"SEI":0.6199853646825424,"SEIrank":55,"SEIadj":0,"audienceSEI":5.519385945081126,"audienceSEIadj":0,"audienceSEIrank":10,"audienceScore":1.059024102855534,"combinedScore":0.1103015989966813,"combinedScoreRank":23,"engagementSEI":0.11341128362404958,"engagementSEIadj":0,"engagementSEIrank":26,"engagementScore":0.06372265983767177,"voiceSEI":0,"voiceSEIadj":0,"voiceSEIrank":65,"voiceScore":0},"scoped":{"SEI":10.775214318612374,"SEIrank":15,"SEIadj":0,"audienceSEI":71.32112836286262,"audienceSEIadj":0,"audienceSEIrank":3,"audienceScore":4.3657475249716615,"combinedScore":1.4942458427022574,"combinedScoreRank":18,"engagementSEI":6.071835803876853,"engagementSEIadj":0,"engagementSEIrank":18,"engagementScore":1.4177316293929714,"voiceSEI":0,"voiceSEIadj":0,"voiceSEIrank":56,"voiceScore":0}},"twitter":{"entityString":"5488805bf372e13640a025bf","type":"twitter","profiles":1,"postsMade":0,"repliesMade":0,"repliesRcvd":0,"sharesMade":0,"sharesRcvd":0,"mentionsRcvd":0,"likesRcvd":17,"reachRcvd":0,"audience":10428,"voice":0,"conversation":0,"engagement":17,"group_scoped":{"audienceScore":15.909437646843438,"voiceScore":0,"engagementScore":20.98765432098765,"combinedScore":20.262194796109906,"combinedScoreRank":10,"SEIrank":14,"engagementSEIrank":10,"voiceSEIrank":106,"audienceSEIrank":10,"engagementSEI":53.125,"engagementSEIadj":53.125,"voiceSEI":0,"voiceSEIadj":0,"audienceSEI":49.09604519774011,"audienceSEIadj":49.09604519774011,"SEI":36.784604519774014,"SEIadj":36.784604519774014},"non_scoped":{"SEI":0.8313339513084164,"SEIrank":85,"SEIadj":0,"audienceSEI":1.8820658686957652,"audienceSEIadj":0,"audienceSEIrank":67,"audienceScore":0.30458863301392614,"combinedScore":0.25739467381593845,"combinedScoreRank":54,"engagementSEI":1.0718789407313998,"engagementSEIadj":0,"engagementSEIrank":50,"engagementScore":0.2690724912947135,"voiceSEI":0,"voiceSEIadj":0,"voiceSEIrank":106,"voiceScore":0},"scoped":{"SEI":2.790534288986535,"SEIrank":63,"SEIadj":0,"audienceSEI":8.946235083173907,"audienceSEIadj":0,"audienceSEIrank":56,"audienceScore":0.48354607876960065,"combinedScore":0.4497684026867415,"combinedScoreRank":45,"engagementSEI":3.1598513011152414,"engagementSEIadj":0,"engagementSEIrank":41,"engagementScore":0.47287899860917937,"voiceSEI":0,"voiceSEIadj":0,"voiceSEIrank":94,"voiceScore":0}},"instagram":{"entityString":"5488805bf372e13640a025bf","type":"instagram","profiles":0,"postsMade":0,"repliesMade":0,"repliesRcvd":0,"sharesMade":0,"sharesRcvd":0,"mentionsRcvd":0,"likesRcvd":0,"reachRcvd":0,"audience":0,"voice":0,"conversation":0,"engagement":0,"group_scoped":{"audienceScore":null,"voiceScore":0,"engagementScore":0,"combinedScore":null,"combinedScoreRank":32,"SEIrank":43,"engagementSEIrank":35,"voiceSEIrank":22,"audienceSEIrank":43,"engagementSEI":0,"engagementSEIadj":0,"voiceSEI":0,"voiceSEIadj":0,"audienceSEI":0,"audienceSEIadj":0,"SEI":0,"SEIadj":0},"non_scoped":{"SEI":0,"SEIrank":43,"SEIadj":0,"audienceSEI":0,"audienceSEIadj":0,"audienceSEIrank":43,"audienceScore":0,"combinedScore":0,"combinedScoreRank":43,"engagementSEI":0,"engagementSEIadj":0,"engagementSEIrank":35,"engagementScore":0,"voiceSEI":0,"voiceSEIadj":0,"voiceSEIrank":22,"voiceScore":0},"scoped":{"SEI":0,"SEIrank":36,"SEIadj":0,"audienceSEI":0,"audienceSEIadj":0,"audienceSEIrank":36,"audienceScore":0,"combinedScore":0,"combinedScoreRank":36,"engagementSEI":0,"engagementSEIadj":0,"engagementSEIrank":28,"engagementScore":0,"voiceSEI":0,"voiceSEIadj":0,"voiceSEIrank":16,"voiceScore":0}}},"week":{"boundaryQuantum":4982406,"combined":{"entityString":"5488805bf372e13640a025bf","type":"combined","profiles":2,"postsMade":6,"repliesMade":0,"repliesRcvd":66,"sharesMade":0,"sharesRcvd":13,"mentionsRcvd":0,"likesRcvd":616,"reachRcvd":0,"audience":111990,"voice":6,"conversation":72,"engagement":695,"group_scoped":{"audienceScore":9.612677507072815,"voiceScore":0.9884678747940692,"engagementScore":1.2795964208123134,"combinedScore":1.6816940478244264,"combinedScoreRank":24,"SEIrank":46,"engagementSEIrank":24,"voiceSEIrank":129,"audienceSEIrank":15,"engagementSEI":1.4161996943453898,"engagementSEIadj":1.4161996943453898,"voiceSEI":1.2552301255230125,"voiceSEIadj":1.2552301255230125,"audienceSEI":11.821321657328395,"audienceSEIadj":11.821321657328395,"SEI":2.408421019996977,"SEIadj":2.408421019996977},"non_scoped":{"SEI":0.6974214894402947,"SEIrank":94,"SEIadj":0,"audienceSEI":4.454498012798279,"audienceSEIadj":0,"audienceSEIrank":16,"audienceScore":0.824765622290044,"combinedScore":0.07059306225996045,"combinedScoreRank":53,"engagementSEI":0.07111560429845225,"engagementSEIadj":0,"engagementSEIrank":61,"engagementScore":0.02898573693212458,"voiceSEI":0.6976744186046512,"voiceSEIadj":0,"voiceSEIrank":141,"voiceScore":0.06535235813092256},"scoped":{"SEI":8.045265954439598,"SEIrank":44,"SEIadj":0,"audienceSEI":58.47644807402108,"audienceSEIadj":0,"audienceSEIrank":9,"audienceScore":2.383092998932832,"combinedScore":0.42981130555807334,"combinedScoreRank":47,"engagementSEI":2.311350560377798,"engagementSEIadj":0,"engagementSEIrank":52,"engagementScore":0.3375654488406205,"voiceSEI":2.7027027027027026,"voiceSEIadj":0,"voiceSEIrank":130,"voiceScore":0.13695503309746632}},"facebook":{"entityString":"5488805bf372e13640a025bf","type":"facebook","profiles":1,"postsMade":1,"repliesMade":0,"repliesRcvd":66,"sharesMade":0,"sharesRcvd":3,"mentionsRcvd":0,"likesRcvd":551,"reachRcvd":0,"audience":101562,"voice":1,"conversation":67,"engagement":620,"group_scoped":{"audienceScore":9.237292606127635,"voiceScore":0.3144654088050315,"engagementScore":1.1545193847528956,"combinedScore":1.5166553470242397,"combinedScoreRank":23,"SEIrank":39,"engagementSEIrank":24,"voiceSEIrank":124,"audienceSEIrank":14,"engagementSEI":1.2708303441490563,"engagementSEIadj":1.2708303441490563,"voiceSEI":0.4098360655737705,"voiceSEIadj":0.4098360655737705,"audienceSEI":10.96644480820977,"audienceSEIadj":10.96644480820977,"SEI":1.982093506982542,"SEIadj":1.982093506982542},"non_scoped":{"SEI":0.6683117543989193,"SEIrank":66,"SEIadj":0,"audienceSEI":5.519385945081126,"audienceSEIadj":0,"audienceSEIrank":10,"audienceScore":1.059024102855534,"combinedScore":0.080139050826154,"combinedScoreRank":43,"engagementSEI":0.06672880338035203,"engagementSEIadj":0,"engagementSEIrank":52,"engagementScore":0.02849245064946703,"voiceSEI":0.2544529262086514,"voiceSEIadj":0,"voiceSEIrank":115,"voiceScore":0.030892801977139325},"scoped":{"SEI":10.301919265598396,"SEIrank":34,"SEIadj":0,"audienceSEI":71.32112836286262,"audienceSEIadj":0,"audienceSEIrank":3,"audienceScore":4.3657475249716615,"combinedScore":0.6358365667299806,"combinedScoreRank":41,"engagementSEI":4.714828897338403,"engagementSEIadj":0,"engagementSEIrank":43,"engagementScore":0.45923544705089364,"voiceSEI":1.1363636363636365,"voiceSEIadj":0,"voiceSEIrank":104,"voiceScore":0.0847457627118644}},"twitter":{"entityString":"5488805bf372e13640a025bf","type":"twitter","profiles":1,"postsMade":5,"repliesMade":0,"repliesRcvd":0,"sharesMade":0,"sharesRcvd":10,"mentionsRcvd":0,"likesRcvd":65,"reachRcvd":0,"audience":10428,"voice":5,"conversation":5,"engagement":75,"group_scoped":{"audienceScore":15.909437646843438,"voiceScore":1.7301038062283738,"engagementScore":12.254901960784313,"combinedScore":11.911388837359473,"combinedScoreRank":11,"SEIrank":16,"engagementSEIrank":12,"voiceSEIrank":115,"audienceSEIrank":10,"engagementSEI":26.041666666666668,"engagementSEIadj":26.041666666666668,"voiceSEI":2.1367521367521367,"voiceSEIadj":2.1367521367521367,"audienceSEI":49.09604519774011,"audienceSEIadj":49.09604519774011,"SEI":21.175630160799653,"SEIadj":21.175630160799653},"non_scoped":{"SEI":0.7871716688354191,"SEIrank":118,"SEIadj":0,"audienceSEI":1.8820658686957652,"audienceSEIadj":0,"audienceSEIrank":67,"audienceScore":0.30458863301392614,"combinedScore":0.1296489589240077,"combinedScoreRank":92,"engagementSEI":0.4806767929244376,"engagementSEIadj":0,"engagementSEIrank":90,"engagementScore":0.12228925485080712,"voiceSEI":1.0351966873706004,"voiceSEIadj":0,"voiceSEIrank":128,"voiceScore":0.08718395815170009},"scoped":{"SEI":3.5354884586335604,"SEIrank":102,"SEIadj":0,"audienceSEI":8.946235083173907,"audienceSEIadj":0,"audienceSEIrank":56,"audienceScore":0.48354607876960065,"combinedScore":0.2637924682032289,"combinedScoreRank":81,"engagementSEI":2.8582317073170733,"engagementSEIadj":0,"engagementSEIrank":80,"engagementScore":0.2573870071038814,"voiceSEI":3.0864197530864197,"voiceSEIadj":0,"voiceSEIrank":117,"voiceScore":0.15933715742511154}},"instagram":{"entityString":"5488805bf372e13640a025bf","type":"instagram","profiles":0,"postsMade":0,"repliesMade":0,"repliesRcvd":0,"sharesMade":0,"sharesRcvd":0,"mentionsRcvd":0,"likesRcvd":0,"reachRcvd":0,"audience":0,"voice":0,"conversation":0,"engagement":0,"group_scoped":{"audienceScore":null,"voiceScore":0,"engagementScore":0,"combinedScore":null,"combinedScoreRank":32,"SEIrank":43,"engagementSEIrank":38,"voiceSEIrank":36,"audienceSEIrank":43,"engagementSEI":0,"engagementSEIadj":0,"voiceSEI":0,"voiceSEIadj":0,"audienceSEI":0,"audienceSEIadj":0,"SEI":0,"SEIadj":0},"non_scoped":{"SEI":0,"SEIrank":43,"SEIadj":0,"audienceSEI":0,"audienceSEIadj":0,"audienceSEIrank":43,"audienceScore":0,"combinedScore":0,"combinedScoreRank":43,"engagementSEI":0,"engagementSEIadj":0,"engagementSEIrank":38,"engagementScore":0,"voiceSEI":0,"voiceSEIadj":0,"voiceSEIrank":36,"voiceScore":0},"scoped":{"SEI":0,"SEIrank":36,"SEIadj":0,"audienceSEI":0,"audienceSEIadj":0,"audienceSEIrank":36,"audienceScore":0,"combinedScore":0,"combinedScoreRank":36,"engagementSEI":0,"engagementSEIadj":0,"engagementSEIrank":31,"engagementScore":0,"voiceSEI":0,"voiceSEIadj":0,"voiceSEIrank":29,"voiceScore":0}}},"month":{"boundaryQuantum":4975782,"combined":{"entityString":"5488805bf372e13640a025bf","type":"combined","profiles":2,"postsMade":49,"repliesMade":0,"repliesRcvd":1002,"sharesMade":0,"sharesRcvd":109,"mentionsRcvd":0,"likesRcvd":9494,"reachRcvd":0,"audience":111990,"voice":49,"conversation":1051,"engagement":10605,"group_scoped":{"audienceScore":9.612677507072815,"voiceScore":1.7948717948717947,"engagementScore":4.517302482493057,"combinedScore":4.635949699340982,"combinedScoreRank":12,"SEIrank":22,"engagementSEIrank":13,"voiceSEIrank":92,"audienceSEIrank":15,"engagementSEI":5.149958237019483,"engagementSEIadj":5.149958237019483,"voiceSEI":2.3902439024390243,"voiceSEIadj":2.3902439024390243,"audienceSEI":11.821321657328395,"audienceSEIadj":11.821321657328395,"SEI":4.989180278676237,"SEIadj":4.989180278676237},"non_scoped":{"SEI":1.0272264818928125,"SEIrank":64,"SEIadj":0,"audienceSEI":4.454498012798279,"audienceSEIadj":0,"audienceSEIrank":16,"audienceScore":0.824765622290044,"combinedScore":0.1514584054939569,"combinedScoreRank":30,"engagementSEI":0.29264520914543185,"engagementSEIadj":0,"engagementSEIrank":30,"engagementScore":0.11525848440472825,"voiceSEI":1.3539651837524178,"voiceSEIadj":0,"voiceSEIrank":116,"voiceScore":0.12974976830398519},"scoped":{"SEI":13.281120793532168,"SEIrank":26,"SEIadj":0,"audienceSEI":58.47644807402108,"audienceSEIadj":0,"audienceSEIrank":9,"audienceScore":2.383092998932832,"combinedScore":1.1388526673600103,"combinedScoreRank":21,"engagementSEI":9.810179275129045,"engagementSEIadj":0,"engagementSEIrank":22,"engagementScore":1.1177983430655396,"voiceSEI":5.157894736842105,"voiceSEIadj":0,"voiceSEIrank":106,"voiceScore":0.27359017308766054}},"facebook":{"entityString":"5488805bf372e13640a025bf","type":"facebook","profiles":1,"postsMade":18,"repliesMade":0,"repliesRcvd":1002,"sharesMade":0,"sharesRcvd":63,"mentionsRcvd":0,"likesRcvd":8940,"reachRcvd":0,"audience":101562,"voice":18,"conversation":1020,"engagement":10005,"group_scoped":{"audienceScore":9.237292606127635,"voiceScore":1.3062409288824384,"engagementScore":4.317766931213506,"combinedScore":4.413166914842659,"combinedScoreRank":12,"SEIrank":20,"engagementSEIrank":13,"voiceSEIrank":78,"audienceSEIrank":14,"engagementSEI":4.8882852159298,"engagementSEIadj":4.8882852159298,"voiceSEI":1.7357762777242043,"voiceSEIadj":1.7357762777242043,"audienceSEI":10.96644480820977,"audienceSEIadj":10.96644480820977,"SEI":4.550348493696118,"SEIadj":4.550348493696118},"non_scoped":{"SEI":1.0713611162786527,"SEIrank":41,"SEIadj":0,"audienceSEI":5.519385945081126,"audienceSEIadj":0,"audienceSEIrank":10,"audienceScore":1.059024102855534,"combinedScore":0.16843453597980887,"combinedScoreRank":27,"engagementSEI":0.29209043622049863,"engagementSEIadj":0,"engagementSEIrank":27,"engagementScore":0.12097536249986245,"voiceSEI":1.147227533460803,"voiceSEIadj":0,"voiceSEIrank":81,"voiceScore":0.13211009174311927},"scoped":{"SEI":15.378350186944157,"SEIrank":18,"SEIadj":0,"audienceSEI":71.32112836286262,"audienceSEIadj":0,"audienceSEIrank":3,"audienceScore":4.3657475249716615,"combinedScore":1.5654693841396554,"combinedScoreRank":18,"engagementSEI":10.802552447174925,"engagementSEIadj":0,"engagementSEIrank":19,"engagementScore":1.4764106325176307,"voiceSEI":5.88235294117647,"voiceSEIadj":0,"voiceSEIrank":72,"voiceScore":0.36824877250409166}},"twitter":{"entityString":"5488805bf372e13640a025bf","type":"twitter","profiles":1,"postsMade":31,"repliesMade":0,"repliesRcvd":0,"sharesMade":0,"sharesRcvd":46,"mentionsRcvd":0,"likesRcvd":554,"reachRcvd":0,"audience":10428,"voice":31,"conversation":31,"engagement":600,"group_scoped":{"audienceScore":15.909437646843438,"voiceScore":2.2928994082840237,"engagementScore":19.691499835904168,"combinedScore":18.632466705070126,"combinedScoreRank":8,"SEIrank":12,"engagementSEIrank":9,"voiceSEIrank":102,"audienceSEIrank":10,"engagementSEI":47.961630695443645,"engagementSEIadj":47.961630695443645,"voiceSEI":3.0602171767028628,"voiceSEIadj":3.0602171767028628,"audienceSEI":49.09604519774011,"audienceSEIadj":49.09604519774011,"SEI":34.60464809005106,"SEIadj":34.60464809005106},"non_scoped":{"SEI":1.2797161888609052,"SEIrank":87,"SEIadj":0,"audienceSEI":1.8820658686957652,"audienceSEIadj":0,"audienceSEIrank":67,"audienceScore":0.30458863301392614,"combinedScore":0.24570535578881017,"combinedScoreRank":68,"engagementSEI":1.0410702201863515,"engagementSEIadj":0,"engagementSEIrank":66,"engagementScore":0.24869538545712286,"voiceSEI":1.5562248995983934,"voiceSEIadj":0,"voiceSEIrank":119,"voiceScore":0.13300154453406557},"scoped":{"SEI":5.890069439433766,"SEIrank":69,"SEIadj":0,"audienceSEI":8.946235083173907,"audienceSEIadj":0,"audienceSEIrank":56,"audienceScore":0.48354607876960065,"combinedScore":0.4906341361805676,"combinedScoreRank":58,"engagementSEI":5.918910920390648,"engagementSEIadj":0,"engagementSEIrank":56,"engagementScore":0.5048210409409865,"voiceSEI":4.813664596273292,"voiceSEIadj":0,"voiceSEIrank":108,"voiceScore":0.24235790790399497}},"instagram":{"entityString":"5488805bf372e13640a025bf","type":"instagram","profiles":0,"postsMade":0,"repliesMade":0,"repliesRcvd":0,"sharesMade":0,"sharesRcvd":0,"mentionsRcvd":0,"likesRcvd":0,"reachRcvd":0,"audience":0,"voice":0,"conversation":0,"engagement":0,"group_scoped":{"audienceScore":null,"voiceScore":0,"engagementScore":0,"combinedScore":null,"combinedScoreRank":32,"SEIrank":43,"engagementSEIrank":38,"voiceSEIrank":37,"audienceSEIrank":43,"engagementSEI":0,"engagementSEIadj":0,"voiceSEI":0,"voiceSEIadj":0,"audienceSEI":0,"audienceSEIadj":0,"SEI":0,"SEIadj":0},"non_scoped":{"SEI":0,"SEIrank":43,"SEIadj":0,"audienceSEI":0,"audienceSEIadj":0,"audienceSEIrank":43,"audienceScore":0,"combinedScore":0,"combinedScoreRank":43,"engagementSEI":0,"engagementSEIadj":0,"engagementSEIrank":38,"engagementScore":0,"voiceSEI":0,"voiceSEIadj":0,"voiceSEIrank":37,"voiceScore":0},"scoped":{"SEI":0,"SEIrank":36,"SEIadj":0,"audienceSEI":0,"audienceSEIadj":0,"audienceSEIrank":36,"audienceScore":0,"combinedScore":0,"combinedScoreRank":36,"engagementSEI":0,"engagementSEIadj":0,"engagementSEIrank":31,"engagementScore":0,"voiceSEI":0,"voiceSEIadj":0,"voiceSEIrank":30,"voiceScore":0}}},"quarter":{"boundaryQuantum":4958502,"combined":{"entityString":"5488805bf372e13640a025bf","type":"combined","profiles":2,"postsMade":111,"repliesMade":0,"repliesRcvd":2626,"sharesMade":0,"sharesRcvd":305,"mentionsRcvd":0,"likesRcvd":27470,"reachRcvd":0,"audience":111990,"voice":111,"conversation":2737,"engagement":30401,"group_scoped":{"audienceScore":9.612677507072815,"voiceScore":1.3664902129755017,"engagementScore":4.118461480104693,"combinedScore":4.255573718096639,"combinedScoreRank":13,"SEIrank":25,"engagementSEIrank":14,"voiceSEIrank":112,"audienceSEIrank":15,"engagementSEI":4.693207114914954,"engagementSEIadj":4.693207114914954,"voiceSEI":1.7658288259624562,"voiceSEIadj":1.7658288259624562,"audienceSEI":11.821321657328395,"audienceSEIadj":11.821321657328395,"SEI":4.5278050824705485,"SEIadj":4.5278050824705485},"non_scoped":{"SEI":0.9155481611561087,"SEIrank":73,"SEIadj":0,"audienceSEI":4.454498012798279,"audienceSEIadj":0,"audienceSEIrank":16,"audienceScore":0.824765622290044,"combinedScore":0.1386105356090566,"combinedScoreRank":34,"engagementSEI":0.26519319473839115,"engagementSEIadj":0,"engagementSEIrank":35,"engagementScore":0.10270601168512723,"voiceSEI":1.0366081434441539,"voiceSEIadj":0,"voiceSEIrank":126,"voiceScore":0.09873687955879737},"scoped":{"SEI":10.834960708606214,"SEIrank":33,"SEIadj":0,"audienceSEI":58.47644807402108,"audienceSEIadj":0,"audienceSEIrank":9,"audienceScore":2.383092998932832,"combinedScore":1.032661609959199,"combinedScoreRank":24,"engagementSEI":6.1518194824142665,"engagementSEIadj":0,"engagementSEIrank":26,"engagementScore":1.0034717660720192,"voiceSEI":4.32074737251849,"voiceSEIadj":0,"voiceSEIrank":116,"voiceScore":0.20764741095480396}},"facebook":{"entityString":"5488805bf372e13640a025bf","type":"facebook","profiles":1,"postsMade":53,"repliesMade":0,"repliesRcvd":2626,"sharesMade":0,"sharesRcvd":200,"mentionsRcvd":0,"likesRcvd":26238,"reachRcvd":0,"audience":101562,"voice":53,"conversation":2679,"engagement":29064,"group_scoped":{"audienceScore":9.237292606127635,"voiceScore":1.3309894525364139,"engagementScore":3.980911785493176,"combinedScore":4.111234709877061,"combinedScoreRank":13,"SEIrank":18,"engagementSEIrank":13,"voiceSEIrank":79,"audienceSEIrank":14,"engagementSEI":4.510977114520522,"engagementSEIadj":4.510977114520522,"voiceSEI":1.7365661861074706,"voiceSEIadj":1.7365661861074706,"audienceSEI":10.96644480820977,"audienceSEIadj":10.96644480820977,"SEI":4.324200605365531,"SEIadj":4.324200605365531},"non_scoped":{"SEI":1.0432455860323757,"SEIrank":41,"SEIadj":0,"audienceSEI":5.519385945081126,"audienceSEIadj":0,"audienceSEIrank":10,"audienceScore":1.059024102855534,"combinedScore":0.15778727123432362,"combinedScoreRank":26,"engagementSEI":0.2624729514416912,"engagementSEIadj":0,"engagementSEIrank":31,"engagementScore":0.10923076235021877,"voiceSEI":1.1127440688641612,"voiceSEIadj":0,"voiceSEIrank":85,"voiceScore":0.1305675995270004},"scoped":{"SEI":23.899960845979475,"SEIrank":19,"SEIadj":0,"audienceSEI":71.32112836286262,"audienceSEIadj":0,"audienceSEIrank":3,"audienceScore":4.3657475249716615,"combinedScore":1.5503782196604439,"combinedScoreRank":21,"engagementSEI":24.714706032415517,"engagementSEIadj":0,"engagementSEIrank":23,"engagementScore":1.4600050836951028,"voiceSEI":6.463414634146342,"voiceSEIadj":0,"voiceSEIrank":76,"voiceScore":0.36172536172536174}},"twitter":{"entityString":"5488805bf372e13640a025bf","type":"twitter","profiles":1,"postsMade":58,"repliesMade":0,"repliesRcvd":0,"sharesMade":0,"sharesRcvd":105,"mentionsRcvd":0,"likesRcvd":1232,"reachRcvd":0,"audience":10428,"voice":58,"conversation":58,"engagement":1337,"group_scoped":{"audienceScore":15.909437646843438,"voiceScore":1.4006278676648154,"engagementScore":16.5470297029703,"combinedScore":15.757830008398683,"combinedScoreRank":9,"SEIrank":14,"engagementSEIrank":11,"voiceSEIrank":129,"audienceSEIrank":10,"engagementSEI":38.519158743877846,"engagementSEIadj":38.519158743877846,"voiceSEI":1.7934446505875077,"voiceSEIadj":1.7934446505875077,"audienceSEI":49.09604519774011,"audienceSEIadj":49.09604519774011,"SEI":28.55913316127697,"SEIadj":28.55913316127697},"non_scoped":{"SEI":0.8582407848576252,"SEIrank":112,"SEIadj":0,"audienceSEI":1.8820658686957652,"audienceSEIadj":0,"audienceSEIrank":67,"audienceScore":0.30458863301392614,"combinedScore":0.1641763361159181,"combinedScoreRank":86,"engagementSEI":0.63403391630942,"engagementSEIadj":0,"engagementSEIrank":85,"engagementScore":0.1608672634517278,"voiceSEI":0.9653794940079893,"voiceSEIadj":0,"voiceSEIrank":145,"voiceScore":0.08332734717333524},"scoped":{"SEI":4.392075040565207,"SEIrank":93,"SEIadj":0,"audienceSEI":8.946235083173907,"audienceSEIadj":0,"audienceSEIrank":56,"audienceScore":0.48354607876960065,"combinedScore":0.3319390293052242,"combinedScoreRank":75,"engagementSEI":4.206254325803814,"engagementSEIadj":0,"engagementSEIrank":75,"engagementScore":0.33351460030632457,"voiceSEI":3.2456631225517625,"voiceSEIadj":0,"voiceSEIrank":134,"voiceScore":0.15197170182104022}},"instagram":{"entityString":"5488805bf372e13640a025bf","type":"instagram","profiles":0,"postsMade":0,"repliesMade":0,"repliesRcvd":0,"sharesMade":0,"sharesRcvd":0,"mentionsRcvd":0,"likesRcvd":0,"reachRcvd":0,"audience":0,"voice":0,"conversation":0,"engagement":0,"group_scoped":{"audienceScore":null,"voiceScore":0,"engagementScore":0,"combinedScore":null,"combinedScoreRank":32,"SEIrank":43,"engagementSEIrank":38,"voiceSEIrank":38,"audienceSEIrank":43,"engagementSEI":0,"engagementSEIadj":0,"voiceSEI":0,"voiceSEIadj":0,"audienceSEI":0,"audienceSEIadj":0,"SEI":0,"SEIadj":0},"non_scoped":{"SEI":0,"SEIrank":43,"SEIadj":0,"audienceSEI":0,"audienceSEIadj":0,"audienceSEIrank":43,"audienceScore":0,"combinedScore":0,"combinedScoreRank":43,"engagementSEI":0,"engagementSEIadj":0,"engagementSEIrank":38,"engagementScore":0,"voiceSEI":0,"voiceSEIadj":0,"voiceSEIrank":38,"voiceScore":0},"scoped":{"SEI":0,"SEIrank":36,"SEIadj":0,"audienceSEI":0,"audienceSEIadj":0,"audienceSEIrank":36,"audienceScore":0,"combinedScore":0,"combinedScoreRank":36,"engagementSEI":0,"engagementSEIadj":0,"engagementSEIrank":31,"engagementScore":0,"voiceSEI":0,"voiceSEIadj":0,"voiceSEIrank":31,"voiceScore":0}}},"blended":{"combined":{"non_scoped":{"SEI":0.8468901425080266,"SEIadj":50.423445071254015,"SEIrank":73,"audienceSEI":4.454498012798279,"audienceSEIadj":71.33634940383948,"audienceSEIrank":16,"engagementSEI":0.2037166479471636,"engagementSEIadj":60.081486659178864,"engagementSEIrank":38,"voiceSEI":0.930701174866335,"voiceSEIadj":50.465350587433164,"voiceSEIrank":132},"scoped":{"SEI":19.717356134573524,"SEIadj":67.8869424538294,"SEIrank":29,"compCharisma":12,"compInfluence":0,"compEva":7.717356134573525,"audienceSEI":58.47644807402107,"audienceSEIadj":87.54293442220632,"audienceSEIrank":9,"engagementSEI":5.305517578105155,"engagementSEIadj":62.12220703124206,"engagementSEIrank":31,"voiceSEI":3.744868707596371,"voiceSEIadj":51.872434353798184,"voiceSEIrank":121}},"facebook":{"non_scoped":{"SEI":0.9138197550117887,"SEIadj":60.365527902004715,"SEIrank":46,"audienceSEI":5.519385945081125,"audienceSEIadj":71.65581578352433,"audienceSEIrank":10,"engagementSEI":0.2007392463492285,"engagementSEIadj":60.08029569853969,"engagementSEIrank":34,"voiceSEI":0.8047920423137965,"voiceSEIadj":50.402396021156896,"voiceSEIrank":94},"scoped":{"SEI":17.8860694466415,"SEIadj":67.1544277786566,"SEIrank":23,"audienceSEI":71.32112836286262,"audienceSEIadj":91.39633850885879,"audienceSEIrank":3,"engagementSEI":15.69577634267936,"engagementSEIadj":66.27831053707175,"engagementSEIrank":25,"voiceSEI":4.454969349158732,"voiceSEIadj":52.227484674579365,"voiceSEIrank":83}},"twitter":{"non_scoped":{"SEI":0.898796018973995,"SEIadj":50.449398009487,"SEIrank":113,"audienceSEI":1.8820658686957652,"audienceSEIadj":60.752826347478305,"audienceSEIrank":67,"engagementSEI":0.6709744760965639,"engagementSEIadj":50.33548723804828,"engagementSEIrank":84,"voiceSEI":1.0266824881549337,"voiceSEIadj":50.513341244077466,"voiceSEIrank":144},"scoped":{"SEI":4.279721188237063,"SEIadj":52.13986059411853,"SEIrank":94,"audienceSEI":8.946235083173907,"audienceSEIadj":63.578494033269564,"audienceSEIrank":56,"engagementSEI":4.006425878211388,"engagementSEIadj":52.003212939105694,"engagementSEIrank":75,"voiceSEI":3.2708071766428004,"voiceSEIadj":51.6354035883214,"voiceSEIrank":132}},"instagram":{"non_scoped":{"SEI":0,"SEIadj":0,"SEIrank":43,"audienceSEI":0,"audienceSEIadj":0,"audienceSEIrank":43,"engagementSEI":0,"engagementSEIadj":0,"engagementSEIrank":38,"voiceSEI":0,"voiceSEIadj":0,"voiceSEIrank":38},"scoped":{"SEI":0,"SEIadj":0,"SEIrank":36,"audienceSEI":0,"audienceSEIadj":0,"audienceSEIrank":36,"engagementSEI":0,"engagementSEIadj":0,"engagementSEIrank":31,"voiceSEI":0,"voiceSEIadj":0,"voiceSEIrank":31}},"influence":{"instagram":{"scope":"individual","ratio":0,"calculated":false},"combined":{"ratio":0.39,"bottom":false,"scope":"individual","calculated":true},"facebook":{"ratio":0.56,"bottom":false,"scope":"individual","calculated":true},"twitter":{"ratio":0.58,"bottom":false,"scope":"individual","calculated":true}},"charisma":{"instagram":{"scope":"individual","ratio":0,"calculated":false},"combined":{"ratio":2,"bottom":false,"scope":"individual","calculated":true},"facebook":{"ratio":2,"bottom":false,"scope":"individual","calculated":true},"twitter":{"ratio":2,"bottom":false,"scope":"individual","calculated":true}}},"scope":"individual"}}