{"scoreEntityString":"591d1494ab33fb0001804f89.asset.54888036f372e13640a025bc","timeQuantum":4984422,"scoreEntityType":"asset","scoreProfileID":"591d1494ab33fb0001804f89","data":{"scoreEntityString":"591d1494ab33fb0001804f89.asset.54888036f372e13640a025bc","scoreProfileID":"591d1494ab33fb0001804f89","scoreEntityType":"asset","entityID":"asset.54888036f372e13640a025bc","object_version":"1.2","score_engine_version":"3.0.19","timestamp":4984422,"start_quantum":4958502,"end_quantum":4984421,"schedule_options":{"interval":15,"offset":"1"},"_15min":{"boundaryQuantum":4984419,"combined":{"entityString":"54888036f372e13640a025bc","type":"combined","profiles":2,"postsMade":0,"repliesMade":0,"repliesRcvd":0,"sharesMade":0,"sharesRcvd":0,"mentionsRcvd":0,"likesRcvd":0,"reachRcvd":0,"audience":5761,"voice":0,"conversation":0,"engagement":0,"group_scoped":{"audienceScore":0.4944962507210152,"voiceScore":0,"engagementScore":0,"combinedScore":0.4944962507210152,"engagementSEI":0,"engagementSEIadj":0,"voiceSEI":0,"voiceSEIadj":0,"audienceSEI":0.6081135285995972,"audienceSEIadj":0.6081135285995972,"SEI":0.06081135285995973,"SEIadj":0.06081135285995973,"combinedScoreRank":129,"SEIrank":148,"engagementSEIrank":11,"voiceSEIrank":4,"audienceSEIrank":148},"non_scoped":{"SEI":0.022914870123877926,"SEIrank":153,"SEIadj":0,"audienceSEI":0.22914870123877923,"audienceSEIadj":0,"audienceSEIrank":153,"audienceScore":0.042427669881354976,"combinedScore":0.002121383494067749,"combinedScoreRank":153,"engagementSEI":0,"engagementSEIadj":0,"engagementSEIrank":11,"engagementScore":0,"voiceSEI":0,"voiceSEIadj":0,"voiceSEIrank":4,"voiceScore":0},"scoped":{"SEI":0.30081508827077014,"SEIrank":138,"SEIadj":0,"audienceSEI":3.0081508827077013,"audienceSEIadj":0,"audienceSEIrank":138,"audienceScore":0.12259129178365967,"combinedScore":0.017513041683379953,"combinedScoreRank":138,"engagementSEI":0,"engagementSEIadj":0,"engagementSEIrank":5,"engagementScore":0,"voiceSEI":0,"voiceSEIadj":0,"voiceSEIrank":2,"voiceScore":0}},"facebook":{"entityString":"54888036f372e13640a025bc","type":"facebook","profiles":1,"postsMade":0,"repliesMade":0,"repliesRcvd":0,"sharesMade":0,"sharesRcvd":0,"mentionsRcvd":0,"likesRcvd":0,"reachRcvd":0,"audience":4736,"voice":0,"conversation":0,"engagement":0,"group_scoped":{"audienceScore":0.43074986493590595,"voiceScore":0,"engagementScore":0,"combinedScore":0.43074986493590595,"engagementSEI":0,"engagementSEIadj":0,"voiceSEI":0,"voiceSEIadj":0,"audienceSEI":0.5113830232929785,"audienceSEIadj":0.5113830232929785,"SEI":0.05113830232929785,"SEIadj":0.05113830232929785,"combinedScoreRank":99,"SEIrank":105,"engagementSEIrank":9,"voiceSEIrank":4,"audienceSEIrank":105},"non_scoped":{"SEI":0.025737787593690765,"SEIrank":109,"SEIadj":0,"audienceSEI":0.25737787593690764,"audienceSEIadj":0,"audienceSEIrank":109,"audienceScore":0.04938400337846645,"combinedScore":0.0024692001689233228,"combinedScoreRank":109,"engagementSEI":0,"engagementSEIadj":0,"engagementSEIrank":9,"engagementScore":0,"voiceSEI":0,"voiceSEIadj":0,"voiceSEIrank":4,"voiceScore":0},"scoped":{"SEI":0.33258193411563125,"SEIrank":96,"SEIadj":0,"audienceSEI":3.325819341156312,"audienceSEIadj":0,"audienceSEIrank":96,"audienceScore":0.20358185421974545,"combinedScore":0.029083122031392204,"combinedScoreRank":96,"engagementSEI":0,"engagementSEIadj":0,"engagementSEIrank":3,"engagementScore":0,"voiceSEI":0,"voiceSEIadj":0,"voiceSEIrank":2,"voiceScore":0}},"twitter":{"entityString":"54888036f372e13640a025bc","type":"twitter","profiles":1,"postsMade":0,"repliesMade":0,"repliesRcvd":0,"sharesMade":0,"sharesRcvd":0,"mentionsRcvd":0,"likesRcvd":0,"reachRcvd":0,"audience":1025,"voice":0,"conversation":0,"engagement":0,"group_scoped":{"audienceScore":1.5637872639062644,"voiceScore":0,"engagementScore":0,"combinedScore":1.5637872639062644,"engagementSEI":0,"engagementSEIadj":0,"voiceSEI":0,"voiceSEIadj":0,"audienceSEI":4.825800376647834,"audienceSEIadj":4.825800376647834,"SEI":0.4825800376647834,"SEIadj":0.4825800376647834,"combinedScoreRank":93,"SEIrank":92,"engagementSEIrank":5,"voiceSEIrank":3,"audienceSEIrank":91},"non_scoped":{"SEI":0.01849940079989604,"SEIrank":214,"SEIadj":0,"audienceSEI":0.1849940079989604,"audienceSEIadj":0,"audienceSEIrank":214,"audienceScore":0.029938947913240727,"combinedScore":0.0014969473956620363,"combinedScoreRank":214,"engagementSEI":0,"engagementSEIadj":0,"engagementSEIrank":5,"engagementScore":0,"voiceSEI":0,"voiceSEIadj":0,"voiceSEIrank":3,"voiceScore":0},"scoped":{"SEI":0.08793527963418923,"SEIrank":193,"SEIadj":0,"audienceSEI":0.8793527963418923,"audienceSEIadj":0,"audienceSEIrank":193,"audienceScore":0.047529222357004276,"combinedScore":0.0067898889081434675,"combinedScoreRank":193,"engagementSEI":0,"engagementSEIadj":0,"engagementSEIrank":3,"engagementScore":0,"voiceSEI":0,"voiceSEIadj":0,"voiceSEIrank":2,"voiceScore":0}},"instagram":{"entityString":"54888036f372e13640a025bc","type":"instagram","profiles":0,"postsMade":0,"repliesMade":0,"repliesRcvd":0,"sharesMade":0,"sharesRcvd":0,"mentionsRcvd":0,"likesRcvd":0,"reachRcvd":0,"audience":0,"voice":0,"conversation":0,"engagement":0,"group_scoped":{"audienceScore":null,"voiceScore":0,"engagementScore":0,"combinedScore":null,"engagementSEI":0,"engagementSEIadj":0,"voiceSEI":0,"voiceSEIadj":0,"audienceSEI":0,"audienceSEIadj":0,"SEI":0,"SEIadj":0,"combinedScoreRank":9,"SEIrank":29,"engagementSEIrank":5,"voiceSEIrank":2,"audienceSEIrank":29},"non_scoped":{"SEI":0,"SEIrank":29,"SEIadj":0,"audienceSEI":0,"audienceSEIadj":0,"audienceSEIrank":29,"audienceScore":0,"combinedScore":0,"combinedScoreRank":29,"engagementSEI":0,"engagementSEIadj":0,"engagementSEIrank":5,"engagementScore":0,"voiceSEI":0,"voiceSEIadj":0,"voiceSEIrank":2,"voiceScore":0},"scoped":{"SEI":0,"SEIrank":24,"SEIadj":0,"audienceSEI":0,"audienceSEIadj":0,"audienceSEIrank":24,"audienceScore":0,"combinedScore":0,"combinedScoreRank":24,"engagementSEI":0,"engagementSEIadj":0,"engagementSEIrank":3,"engagementScore":0,"voiceSEI":0,"voiceSEIadj":0,"voiceSEIrank":2,"voiceScore":0}}},"hour":{"boundaryQuantum":4984410,"combined":{"entityString":"54888036f372e13640a025bc","type":"combined","profiles":2,"postsMade":0,"repliesMade":0,"repliesRcvd":0,"sharesMade":0,"sharesRcvd":0,"mentionsRcvd":0,"likesRcvd":2,"reachRcvd":0,"audience":5761,"voice":0,"conversation":0,"engagement":2,"group_scoped":{"audienceScore":0.4944962507210152,"voiceScore":0,"engagementScore":0.6389776357827476,"combinedScore":0.6183374379167857,"combinedScoreRank":95,"SEIrank":42,"engagementSEIrank":22,"voiceSEIrank":15,"audienceSEIrank":148,"engagementSEI":0.6802721088435374,"engagementSEIadj":0.6802721088435374,"voiceSEI":0,"voiceSEIadj":0,"audienceSEI":0.6081135285995972,"audienceSEIadj":0.6081135285995972,"SEI":0.4689746181660821,"SEIadj":0.4689746181660821},"non_scoped":{"SEI":0.04088432205559401,"SEIrank":126,"SEIadj":0,"audienceSEI":0.22914870123877923,"audienceSEIadj":0,"audienceSEIrank":153,"audienceScore":0.042427669881354976,"combinedScore":0.01480279817632786,"combinedScoreRank":61,"engagementSEI":0.02994908655286014,"engagementSEIadj":0,"engagementSEIrank":34,"engagementScore":0.014090460758066789,"voiceSEI":0,"voiceSEIadj":0,"voiceSEIrank":15,"voiceScore":0},"scoped":{"SEI":0.4003175758329592,"SEIrank":128,"SEIadj":0,"audienceSEI":3.0081508827077013,"audienceSEIadj":0,"audienceSEIrank":138,"audienceScore":0.12259129178365967,"combinedScore":0.11456329952894204,"combinedScoreRank":41,"engagementSEI":0.16583747927031509,"engagementSEIadj":0,"engagementSEIrank":26,"engagementScore":0.12048192771084339,"voiceSEI":0,"voiceSEIadj":0,"voiceSEIrank":9,"voiceScore":0}},"facebook":{"entityString":"54888036f372e13640a025bc","type":"facebook","profiles":1,"postsMade":0,"repliesMade":0,"repliesRcvd":0,"sharesMade":0,"sharesRcvd":0,"mentionsRcvd":0,"likesRcvd":2,"reachRcvd":0,"audience":4736,"voice":0,"conversation":0,"engagement":2,"group_scoped":{"audienceScore":0.43074986493590595,"voiceScore":0,"engagementScore":0.641025641025641,"combinedScore":0.610986244441393,"combinedScoreRank":67,"SEIrank":33,"engagementSEIrank":20,"voiceSEIrank":9,"audienceSEIrank":105,"engagementSEI":0.6825938566552902,"engagementSEIadj":0.6825938566552902,"voiceSEI":0,"voiceSEIadj":0,"audienceSEI":0.5113830232929785,"audienceSEIadj":0.5113830232929785,"SEI":0.46069461632247194,"SEIadj":0.46069461632247194},"non_scoped":{"SEI":0.04445561632555787,"SEIrank":97,"SEIadj":0,"audienceSEI":0.25737787593690764,"audienceSEIadj":0,"audienceSEIrank":109,"audienceScore":0.04938400337846645,"combinedScore":0.017301105244730837,"combinedScoreRank":46,"engagementSEI":0.031196381219778507,"engagementSEIadj":0,"engagementSEIrank":30,"engagementScore":0.016479894528675015,"voiceSEI":0,"voiceSEIadj":0,"voiceSEIrank":9,"voiceScore":0},"scoped":{"SEI":1.9542035557372528,"SEIrank":39,"SEIadj":0,"audienceSEI":3.325819341156312,"audienceSEIadj":0,"audienceSEIrank":96,"audienceScore":0.20358185421974545,"combinedScore":0.5087940511597409,"combinedScoreRank":26,"engagementSEI":2.7027027027027026,"engagementSEIadj":0,"engagementSEIrank":22,"engagementScore":0.554016620498615,"voiceSEI":0,"voiceSEIadj":0,"voiceSEIrank":3,"voiceScore":0}},"twitter":{"entityString":"54888036f372e13640a025bc","type":"twitter","profiles":1,"postsMade":0,"repliesMade":0,"repliesRcvd":0,"sharesMade":0,"sharesRcvd":0,"mentionsRcvd":0,"likesRcvd":0,"reachRcvd":0,"audience":1025,"voice":0,"conversation":0,"engagement":0,"group_scoped":{"audienceScore":1.5637872639062644,"voiceScore":0,"engagementScore":0,"combinedScore":1.5637872639062644,"combinedScoreRank":101,"SEIrank":106,"engagementSEIrank":35,"voiceSEIrank":13,"audienceSEIrank":91,"engagementSEI":0,"engagementSEIadj":0,"voiceSEI":0,"voiceSEIadj":0,"audienceSEI":4.825800376647834,"audienceSEIadj":4.825800376647834,"SEI":0.4825800376647834,"SEIadj":0.4825800376647834},"non_scoped":{"SEI":0.01849940079989604,"SEIrank":214,"SEIadj":0,"audienceSEI":0.1849940079989604,"audienceSEIadj":0,"audienceSEIrank":214,"audienceScore":0.029938947913240727,"combinedScore":0.0014969473956620363,"combinedScoreRank":214,"engagementSEI":0,"engagementSEIadj":0,"engagementSEIrank":35,"engagementScore":0,"voiceSEI":0,"voiceSEIadj":0,"voiceSEIrank":13,"voiceScore":0},"scoped":{"SEI":0.08793527963418923,"SEIrank":193,"SEIadj":0,"audienceSEI":0.8793527963418923,"audienceSEIadj":0,"audienceSEIrank":193,"audienceScore":0.047529222357004276,"combinedScore":0.002376461117850214,"combinedScoreRank":193,"engagementSEI":0,"engagementSEIadj":0,"engagementSEIrank":29,"engagementScore":0,"voiceSEI":0,"voiceSEIadj":0,"voiceSEIrank":9,"voiceScore":0}},"instagram":{"entityString":"54888036f372e13640a025bc","type":"instagram","profiles":0,"postsMade":0,"repliesMade":0,"repliesRcvd":0,"sharesMade":0,"sharesRcvd":0,"mentionsRcvd":0,"likesRcvd":0,"reachRcvd":0,"audience":0,"voice":0,"conversation":0,"engagement":0,"group_scoped":{"audienceScore":null,"voiceScore":0,"engagementScore":0,"combinedScore":null,"combinedScoreRank":9,"SEIrank":29,"engagementSEIrank":11,"voiceSEIrank":2,"audienceSEIrank":29,"engagementSEI":0,"engagementSEIadj":0,"voiceSEI":0,"voiceSEIadj":0,"audienceSEI":0,"audienceSEIadj":0,"SEI":0,"SEIadj":0},"non_scoped":{"SEI":0,"SEIrank":29,"SEIadj":0,"audienceSEI":0,"audienceSEIadj":0,"audienceSEIrank":29,"audienceScore":0,"combinedScore":0,"combinedScoreRank":29,"engagementSEI":0,"engagementSEIadj":0,"engagementSEIrank":11,"engagementScore":0,"voiceSEI":0,"voiceSEIadj":0,"voiceSEIrank":2,"voiceScore":0},"scoped":{"SEI":0,"SEIrank":24,"SEIadj":0,"audienceSEI":0,"audienceSEIadj":0,"audienceSEIrank":24,"audienceScore":0,"combinedScore":0,"combinedScoreRank":24,"engagementSEI":0,"engagementSEIadj":0,"engagementSEIrank":8,"engagementScore":0,"voiceSEI":0,"voiceSEIadj":0,"voiceSEIrank":2,"voiceScore":0}}},"today":{"boundaryQuantum":4984134,"combined":{"entityString":"54888036f372e13640a025bc","type":"combined","profiles":2,"postsMade":2,"repliesMade":0,"repliesRcvd":2,"sharesMade":0,"sharesRcvd":0,"mentionsRcvd":0,"likesRcvd":14,"reachRcvd":0,"audience":5761,"voice":2,"conversation":4,"engagement":16,"group_scoped":{"audienceScore":0.4944962507210152,"voiceScore":3.0303030303030303,"engagementScore":0.2437166793602437,"combinedScore":0.3955849754754216,"combinedScoreRank":85,"SEIrank":68,"engagementSEIrank":53,"voiceSEIrank":62,"audienceSEIrank":148,"engagementSEI":0.26195153896529144,"engagementSEIadj":0.26195153896529144,"voiceSEI":3.4482758620689653,"voiceSEIadj":3.4482758620689653,"audienceSEI":0.6081135285995972,"audienceSEIadj":0.6081135285995972,"SEI":1.252465034859824,"SEIadj":1.252465034859824},"non_scoped":{"SEI":0.687171220247105,"SEIrank":63,"SEIadj":0,"audienceSEI":0.22914870123877923,"audienceSEIadj":0,"audienceSEIrank":153,"audienceScore":0.042427669881354976,"combinedScore":0.018263637597349034,"combinedScoreRank":89,"engagementSEI":0.008192817970946219,"engagementSEIadj":0,"engagementSEIrank":89,"engagementScore":0.004269034557834746,"voiceSEI":2.197802197802198,"voiceSEIadj":0,"voiceSEIrank":50,"voiceScore":0.24600246002460024},"scoped":{"SEI":2.4237708197858123,"SEIrank":75,"SEIadj":0,"audienceSEI":3.0081508827077013,"audienceSEIadj":0,"audienceSEIrank":138,"audienceScore":0.12259129178365967,"combinedScore":0.07073366485564,"combinedScoreRank":86,"engagementSEI":0.08998369045610484,"engagementSEIadj":0,"engagementSEIrank":78,"engagementScore":0.0427715996578272,"voiceSEI":6.896551724137931,"voiceSEIadj":0,"voiceSEIrank":42,"voiceScore":0.5221932114882507}},"facebook":{"entityString":"54888036f372e13640a025bc","type":"facebook","profiles":1,"postsMade":1,"repliesMade":0,"repliesRcvd":2,"sharesMade":0,"sharesRcvd":0,"mentionsRcvd":0,"likesRcvd":14,"reachRcvd":0,"audience":4736,"voice":1,"conversation":3,"engagement":16,"group_scoped":{"audienceScore":0.43074986493590595,"voiceScore":3.0303030303030303,"engagementScore":0.24676125848241826,"combinedScore":0.3951377773961232,"combinedScoreRank":68,"SEIrank":46,"engagementSEIrank":39,"voiceSEIrank":40,"audienceSEIrank":105,"engagementSEI":0.26333113890717574,"engagementSEIadj":0.26333113890717574,"voiceSEI":3.3333333333333335,"voiceSEIadj":3.3333333333333335,"audienceSEI":0.5113830232929785,"audienceSEIadj":0.5113830232929785,"SEI":1.2091369856736034,"SEIadj":1.2091369856736034},"non_scoped":{"SEI":0.8000800512976565,"SEIrank":49,"SEIadj":0,"audienceSEI":0.25737787593690764,"audienceSEIadj":0,"audienceSEIrank":109,"audienceScore":0.04938400337846645,"combinedScore":0.023784013695938862,"combinedScoreRank":62,"engagementSEI":0.008519157455327667,"engagementSEIadj":0,"engagementSEIrank":67,"engagementScore":0.004786678673252338,"voiceSEI":2.564102564102564,"voiceSEIadj":0,"voiceSEIrank":28,"voiceScore":0.3401360544217687},"scoped":{"SEI":3.1062421393607846,"SEIrank":52,"SEIadj":0,"audienceSEI":3.325819341156312,"audienceSEIadj":0,"audienceSEIrank":96,"audienceScore":0.20358185421974545,"combinedScore":0.16284391989658126,"combinedScoreRank":56,"engagementSEI":0.45610034207525657,"engagementSEIadj":0,"engagementSEIrank":57,"engagementScore":0.10649627263045794,"voiceSEI":8.333333333333332,"voiceSEIadj":0,"voiceSEIrank":20,"voiceScore":1.1363636363636365}},"twitter":{"entityString":"54888036f372e13640a025bc","type":"twitter","profiles":1,"postsMade":1,"repliesMade":0,"repliesRcvd":0,"sharesMade":0,"sharesRcvd":0,"mentionsRcvd":0,"likesRcvd":0,"reachRcvd":0,"audience":1025,"voice":1,"conversation":1,"engagement":0,"group_scoped":{"audienceScore":1.5637872639062644,"voiceScore":3.0303030303030303,"engagementScore":0,"combinedScore":2.6636740887038384,"combinedScoreRank":61,"SEIrank":110,"engagementSEIrank":134,"voiceSEIrank":72,"audienceSEIrank":91,"engagementSEI":0,"engagementSEIadj":0,"voiceSEI":3.571428571428571,"voiceSEIadj":3.571428571428571,"audienceSEI":4.825800376647834,"audienceSEIadj":4.825800376647834,"SEI":1.554008609093355,"SEIadj":1.554008609093355},"non_scoped":{"SEI":0.643499400799896,"SEIrank":99,"SEIadj":0,"audienceSEI":0.1849940079989604,"audienceSEIadj":0,"audienceSEIrank":214,"audienceScore":0.029938947913240727,"combinedScore":0.011496947395662038,"combinedScoreRank":157,"engagementSEI":0,"engagementSEIadj":0,"engagementSEIrank":134,"engagementScore":0,"voiceSEI":2.083333333333333,"voiceSEIadj":0,"voiceSEIrank":59,"voiceScore":0.2},"scoped":{"SEI":1.241781433480343,"SEIrank":100,"SEIadj":0,"audienceSEI":0.8793527963418923,"audienceSEIadj":0,"audienceSEIrank":193,"audienceScore":0.047529222357004276,"combinedScore":0.019499748789083088,"combinedScoreRank":143,"engagementSEI":0,"engagementSEIadj":0,"engagementSEIrank":123,"engagementScore":0,"voiceSEI":3.8461538461538463,"voiceSEIadj":0,"voiceSEIrank":49,"voiceScore":0.3424657534246575}},"instagram":{"entityString":"54888036f372e13640a025bc","type":"instagram","profiles":0,"postsMade":0,"repliesMade":0,"repliesRcvd":0,"sharesMade":0,"sharesRcvd":0,"mentionsRcvd":0,"likesRcvd":0,"reachRcvd":0,"audience":0,"voice":0,"conversation":0,"engagement":0,"group_scoped":{"audienceScore":null,"voiceScore":0,"engagementScore":0,"combinedScore":null,"combinedScoreRank":9,"SEIrank":29,"engagementSEIrank":21,"voiceSEIrank":8,"audienceSEIrank":29,"engagementSEI":0,"engagementSEIadj":0,"voiceSEI":0,"voiceSEIadj":0,"audienceSEI":0,"audienceSEIadj":0,"SEI":0,"SEIadj":0},"non_scoped":{"SEI":0,"SEIrank":29,"SEIadj":0,"audienceSEI":0,"audienceSEIadj":0,"audienceSEIrank":29,"audienceScore":0,"combinedScore":0,"combinedScoreRank":29,"engagementSEI":0,"engagementSEIadj":0,"engagementSEIrank":21,"engagementScore":0,"voiceSEI":0,"voiceSEIadj":0,"voiceSEIrank":8,"voiceScore":0},"scoped":{"SEI":0,"SEIrank":24,"SEIadj":0,"audienceSEI":0,"audienceSEIadj":0,"audienceSEIrank":24,"audienceScore":0,"combinedScore":0,"combinedScoreRank":24,"engagementSEI":0,"engagementSEIadj":0,"engagementSEIrank":16,"engagementScore":0,"voiceSEI":0,"voiceSEIadj":0,"voiceSEIrank":4,"voiceScore":0}}},"week":{"boundaryQuantum":4982406,"combined":{"entityString":"54888036f372e13640a025bc","type":"combined","profiles":2,"postsMade":2,"repliesMade":0,"repliesRcvd":2,"sharesMade":0,"sharesRcvd":0,"mentionsRcvd":0,"likesRcvd":14,"reachRcvd":0,"audience":5761,"voice":2,"conversation":4,"engagement":16,"group_scoped":{"audienceScore":0.4944962507210152,"voiceScore":0.3294892915980231,"engagementScore":0.029458334867621606,"combinedScore":0.06771177849681137,"combinedScoreRank":175,"SEIrank":182,"engagementSEIrank":135,"voiceSEIrank":179,"audienceSEIrank":148,"engagementSEI":0.032603158430973,"engagementSEIadj":0.032603158430973,"voiceSEI":0.41841004184100417,"voiceSEIadj":0.41841004184100417,"audienceSEI":0.6081135285995972,"audienceSEIadj":0.6081135285995972,"SEI":0.20589626047084478,"SEIadj":0.20589626047084478},"non_scoped":{"SEI":0.0936646282451562,"SEIrank":189,"SEIadj":0,"audienceSEI":0.22914870123877923,"audienceSEIadj":0,"audienceSEIrank":153,"audienceScore":0.042427669881354976,"combinedScore":0.0038111572497115578,"combinedScoreRank":189,"engagementSEI":0.001637193768021922,"engagementSEIadj":0,"engagementSEIrank":171,"engagementScore":0.0006672975408834436,"voiceSEI":0.23255813953488372,"voiceSEIadj":0,"voiceSEIrank":180,"voiceScore":0.021784119376974186},"scoped":{"SEI":0.6030119274325899,"SEIrank":173,"SEIadj":0,"audienceSEI":3.0081508827077013,"audienceSEIadj":0,"audienceSEIrank":138,"audienceScore":0.12259129178365967,"combinedScore":0.0154063102918457,"combinedScoreRank":168,"engagementSEI":0.05321094815258239,"engagementSEIadj":0,"engagementSEIrank":158,"engagementScore":0.007771290908561048,"voiceSEI":0.9009009009009009,"voiceSEIadj":0,"voiceSEIrank":166,"voiceScore":0.045651677699155443}},"facebook":{"entityString":"54888036f372e13640a025bc","type":"facebook","profiles":1,"postsMade":1,"repliesMade":0,"repliesRcvd":2,"sharesMade":0,"sharesRcvd":0,"mentionsRcvd":0,"likesRcvd":14,"reachRcvd":0,"audience":4736,"voice":1,"conversation":3,"engagement":16,"group_scoped":{"audienceScore":0.43074986493590595,"voiceScore":0.3144654088050315,"engagementScore":0.0297940486387844,"combinedScore":0.06407540746195284,"combinedScoreRank":139,"SEIrank":119,"engagementSEIrank":89,"voiceSEIrank":121,"audienceSEIrank":105,"engagementSEI":0.03279562178449177,"engagementSEIadj":0.03279562178449177,"voiceSEI":0.4098360655737705,"voiceSEIadj":0.4098360655737705,"audienceSEI":0.5113830232929785,"audienceSEIadj":0.5113830232929785,"SEI":0.19376649507212407,"SEIadj":0.19376649507212407},"non_scoped":{"SEI":0.10310688563765938,"SEIrank":121,"SEIadj":0,"audienceSEI":0.25737787593690764,"audienceSEIadj":0,"audienceSEIrank":109,"audienceScore":0.04938400337846645,"combinedScore":0.004675600411896942,"combinedScoreRank":131,"engagementSEI":0.001722033635621988,"engagementSEIadj":0,"engagementSEIrank":113,"engagementScore":0.000735289049018504,"voiceSEI":0.2544529262086514,"voiceSEIadj":0,"voiceSEIrank":112,"voiceScore":0.030892801977139325},"scoped":{"SEI":0.746494827306091,"SEIrank":117,"SEIadj":0,"audienceSEI":3.325819341156312,"audienceSEIadj":0,"audienceSEIrank":96,"audienceScore":0.20358185421974545,"combinedScore":0.025082494455504475,"combinedScoreRank":116,"engagementSEI":0.12167300380228137,"engagementSEIadj":0,"engagementSEIrank":102,"engagementScore":0.01185123734324887,"voiceSEI":1.1363636363636365,"voiceSEIadj":0,"voiceSEIrank":101,"voiceScore":0.0847457627118644}},"twitter":{"entityString":"54888036f372e13640a025bc","type":"twitter","profiles":1,"postsMade":1,"repliesMade":0,"repliesRcvd":0,"sharesMade":0,"sharesRcvd":0,"mentionsRcvd":0,"likesRcvd":0,"reachRcvd":0,"audience":1025,"voice":1,"conversation":1,"engagement":0,"group_scoped":{"audienceScore":1.5637872639062644,"voiceScore":0.34602076124567477,"engagementScore":0,"combinedScore":0.6504623869108221,"combinedScoreRank":132,"SEIrank":180,"engagementSEIrank":187,"voiceSEIrank":178,"audienceSEIrank":91,"engagementSEI":0,"engagementSEIadj":0,"voiceSEI":0.4273504273504274,"voiceSEIadj":0.4273504273504274,"audienceSEI":4.825800376647834,"audienceSEIadj":4.825800376647834,"SEI":0.6107851658699116,"SEIadj":0.6107851658699116},"non_scoped":{"SEI":0.08061120204213207,"SEIrank":201,"SEIadj":0,"audienceSEI":0.1849940079989604,"audienceSEIadj":0,"audienceSEIrank":214,"audienceScore":0.029938947913240727,"combinedScore":0.0023687869771790372,"combinedScoreRank":214,"engagementSEI":0,"engagementSEIadj":0,"engagementSEIrank":187,"engagementScore":0,"voiceSEI":0.2070393374741201,"voiceSEIadj":0,"voiceSEIrank":176,"voiceScore":0.01743679163034002},"scoped":{"SEI":0.2731204648193744,"SEIrank":187,"SEIadj":0,"audienceSEI":0.8793527963418923,"audienceSEIadj":0,"audienceSEIrank":193,"audienceScore":0.047529222357004276,"combinedScore":0.003969832692101329,"combinedScoreRank":194,"engagementSEI":0,"engagementSEIadj":0,"engagementSEIrank":173,"engagementScore":0,"voiceSEI":0.6172839506172839,"voiceSEIadj":0,"voiceSEIrank":162,"voiceScore":0.03186743148502231}},"instagram":{"entityString":"54888036f372e13640a025bc","type":"instagram","profiles":0,"postsMade":0,"repliesMade":0,"repliesRcvd":0,"sharesMade":0,"sharesRcvd":0,"mentionsRcvd":0,"likesRcvd":0,"reachRcvd":0,"audience":0,"voice":0,"conversation":0,"engagement":0,"group_scoped":{"audienceScore":null,"voiceScore":0,"engagementScore":0,"combinedScore":null,"combinedScoreRank":9,"SEIrank":29,"engagementSEIrank":24,"voiceSEIrank":22,"audienceSEIrank":29,"engagementSEI":0,"engagementSEIadj":0,"voiceSEI":0,"voiceSEIadj":0,"audienceSEI":0,"audienceSEIadj":0,"SEI":0,"SEIadj":0},"non_scoped":{"SEI":0,"SEIrank":29,"SEIadj":0,"audienceSEI":0,"audienceSEIadj":0,"audienceSEIrank":29,"audienceScore":0,"combinedScore":0,"combinedScoreRank":29,"engagementSEI":0,"engagementSEIadj":0,"engagementSEIrank":24,"engagementScore":0,"voiceSEI":0,"voiceSEIadj":0,"voiceSEIrank":22,"voiceScore":0},"scoped":{"SEI":0,"SEIrank":24,"SEIadj":0,"audienceSEI":0,"audienceSEIadj":0,"audienceSEIrank":24,"audienceScore":0,"combinedScore":0,"combinedScoreRank":24,"engagementSEI":0,"engagementSEIadj":0,"engagementSEIrank":19,"engagementScore":0,"voiceSEI":0,"voiceSEIadj":0,"voiceSEIrank":17,"voiceScore":0}}},"month":{"boundaryQuantum":4975782,"combined":{"entityString":"54888036f372e13640a025bc","type":"combined","profiles":2,"postsMade":4,"repliesMade":0,"repliesRcvd":2,"sharesMade":0,"sharesRcvd":2,"mentionsRcvd":0,"likesRcvd":19,"reachRcvd":0,"audience":5761,"voice":4,"conversation":6,"engagement":23,"group_scoped":{"audienceScore":0.4944962507210152,"voiceScore":0.14652014652014653,"engagementScore":0.009797072805029733,"combinedScore":0.04086818538658485,"combinedScoreRank":201,"SEIrank":202,"engagementSEIrank":179,"voiceSEIrank":199,"audienceSEIrank":148,"engagementSEI":0.011169169208057342,"engagementSEIadj":0.011169169208057342,"voiceSEI":0.1951219512195122,"voiceSEIadj":0.1951219512195122,"audienceSEI":0.6081135285995972,"audienceSEIadj":0.6081135285995972,"SEI":0.12604943975064778,"SEIadj":0.12604943975064778},"non_scoped":{"SEI":0.05645401245923651,"SEIrank":207,"SEIadj":0,"audienceSEI":0.22914870123877923,"audienceSEIadj":0,"audienceSEIrank":153,"audienceScore":0.042427669881354976,"combinedScore":0.002875948513079706,"combinedScoreRank":200,"engagementSEI":0.0006346855078118749,"engagementSEIadj":0,"engagementSEIrank":195,"engagementScore":0.0002499712533058698,"voiceSEI":0.11052777010223819,"voiceSEIadj":0,"voiceSEIrank":204,"voiceScore":0.010591817820733483},"scoped":{"SEI":0.4398965990077057,"SEIrank":189,"SEIadj":0,"audienceSEI":3.0081508827077013,"audienceSEIadj":0,"audienceSEIrank":138,"audienceScore":0.12259129178365967,"combinedScore":0.009428100352040905,"combinedScoreRank":183,"engagementSEI":0.021276202105418956,"engagementSEIadj":0,"engagementSEIrank":180,"engagementScore":0.0024242679764740604,"voiceSEI":0.42105263157894735,"voiceSEIadj":0,"voiceSEIrank":190,"voiceScore":0.02233389168062535}},"facebook":{"entityString":"54888036f372e13640a025bc","type":"facebook","profiles":1,"postsMade":2,"repliesMade":0,"repliesRcvd":2,"sharesMade":0,"sharesRcvd":1,"mentionsRcvd":0,"likesRcvd":19,"reachRcvd":0,"audience":4736,"voice":2,"conversation":4,"engagement":22,"group_scoped":{"audienceScore":0.43074986493590595,"voiceScore":0.14513788098693758,"engagementScore":0.009494340078630398,"combinedScore":0.03733929336690954,"combinedScoreRank":146,"SEIrank":136,"engagementSEIrank":119,"voiceSEIrank":137,"audienceSEIrank":105,"engagementSEI":0.010748853048521299,"engagementSEIadj":0.010748853048521299,"voiceSEI":0.19286403085824494,"voiceSEIadj":0.19286403085824494,"audienceSEI":0.5113830232929785,"audienceSEIadj":0.5113830232929785,"SEI":0.11544682341588411,"SEIadj":0.11544682341588411},"non_scoped":{"SEI":0.06436407206818236,"SEIrank":141,"SEIadj":0,"audienceSEI":0.25737787593690764,"audienceSEIadj":0,"audienceSEIrank":109,"audienceScore":0.04938400337846645,"combinedScore":0.0034425566350454943,"combinedScoreRank":138,"engagementSEI":0.0006422778207747096,"engagementSEIadj":0,"engagementSEIrank":139,"engagementScore":0.00026601279110414534,"voiceSEI":0.12746972594008923,"voiceSEIadj":0,"voiceSEIrank":133,"voiceScore":0.014678899082568806},"scoped":{"SEI":0.5429126085968968,"SEIrank":129,"SEIadj":0,"audienceSEI":3.325819341156312,"audienceSEIadj":0,"audienceSEIrank":96,"audienceScore":0.20358185421974545,"combinedScore":0.015146751361215644,"combinedScoreRank":125,"engagementSEI":0.02375373851452757,"engagementSEIadj":0,"engagementSEIrank":128,"engagementScore":0.003246480151463056,"voiceSEI":0.6535947712418301,"voiceSEIadj":0,"voiceSEIrank":122,"voiceScore":0.04091653027823241}},"twitter":{"entityString":"54888036f372e13640a025bc","type":"twitter","profiles":1,"postsMade":2,"repliesMade":0,"repliesRcvd":0,"sharesMade":0,"sharesRcvd":1,"mentionsRcvd":0,"likesRcvd":0,"reachRcvd":0,"audience":1025,"voice":2,"conversation":2,"engagement":1,"group_scoped":{"audienceScore":1.5637872639062644,"voiceScore":0.14792899408284024,"engagementScore":0.03281916639317361,"combinedScore":0.11512306265331149,"combinedScoreRank":207,"SEIrank":185,"engagementSEIrank":193,"voiceSEIrank":197,"audienceSEIrank":91,"engagementSEI":0.07993605115907274,"engagementSEIadj":0.07993605115907274,"voiceSEI":0.19743336623889435,"voiceSEIadj":0.19743336623889435,"audienceSEI":4.825800376647834,"audienceSEIadj":4.825800376647834,"SEI":0.5897716782318954,"SEIadj":0.5897716782318954},"non_scoped":{"SEI":0.049660952947793234,"SEIrank":210,"SEIadj":0,"audienceSEI":0.1849940079989604,"audienceSEIadj":0,"audienceSEIrank":214,"audienceScore":0.029938947913240727,"combinedScore":0.00229902771428019,"combinedScoreRank":216,"engagementSEI":0.0017351170336439192,"engagementSEIadj":0,"engagementSEIrank":203,"engagementScore":0.00041449230909520476,"voiceSEI":0.1004016064257028,"voiceSEIadj":0,"voiceSEIrank":198,"voiceScore":0.00858074480864939},"scoped":{"SEI":0.18702189241793393,"SEIrank":195,"SEIadj":0,"audienceSEI":0.8793527963418923,"audienceSEIadj":0,"audienceSEIrank":193,"audienceScore":0.047529222357004276,"combinedScore":0.003915492382177806,"combinedScoreRank":196,"engagementSEI":0.009864851533984413,"engagementSEIadj":0,"engagementSEIrank":189,"engagementScore":0.0008413684015683106,"voiceSEI":0.3105590062111801,"voiceSEIadj":0,"voiceSEIrank":184,"voiceScore":0.015635994058322257}},"instagram":{"entityString":"54888036f372e13640a025bc","type":"instagram","profiles":0,"postsMade":0,"repliesMade":0,"repliesRcvd":0,"sharesMade":0,"sharesRcvd":0,"mentionsRcvd":0,"likesRcvd":0,"reachRcvd":0,"audience":0,"voice":0,"conversation":0,"engagement":0,"group_scoped":{"audienceScore":null,"voiceScore":0,"engagementScore":0,"combinedScore":null,"combinedScoreRank":9,"SEIrank":29,"engagementSEIrank":24,"voiceSEIrank":23,"audienceSEIrank":29,"engagementSEI":0,"engagementSEIadj":0,"voiceSEI":0,"voiceSEIadj":0,"audienceSEI":0,"audienceSEIadj":0,"SEI":0,"SEIadj":0},"non_scoped":{"SEI":0,"SEIrank":29,"SEIadj":0,"audienceSEI":0,"audienceSEIadj":0,"audienceSEIrank":29,"audienceScore":0,"combinedScore":0,"combinedScoreRank":29,"engagementSEI":0,"engagementSEIadj":0,"engagementSEIrank":24,"engagementScore":0,"voiceSEI":0,"voiceSEIadj":0,"voiceSEIrank":23,"voiceScore":0},"scoped":{"SEI":0,"SEIrank":24,"SEIadj":0,"audienceSEI":0,"audienceSEIadj":0,"audienceSEIrank":24,"audienceScore":0,"combinedScore":0,"combinedScoreRank":24,"engagementSEI":0,"engagementSEIadj":0,"engagementSEIrank":19,"engagementScore":0,"voiceSEI":0,"voiceSEIadj":0,"voiceSEIrank":18,"voiceScore":0}}},"quarter":{"boundaryQuantum":4958502,"combined":{"entityString":"54888036f372e13640a025bc","type":"combined","profiles":2,"postsMade":18,"repliesMade":0,"repliesRcvd":19,"sharesMade":0,"sharesRcvd":3,"mentionsRcvd":0,"likesRcvd":135,"reachRcvd":0,"audience":5761,"voice":18,"conversation":37,"engagement":157,"group_scoped":{"audienceScore":0.4944962507210152,"voiceScore":0.22159300750954083,"engagementScore":0.02126898629572832,"combinedScore":0.0549465505776833,"combinedScoreRank":183,"SEIrank":198,"engagementSEIrank":157,"voiceSEIrank":191,"audienceSEIrank":148,"engagementSEI":0.024237147364943513,"engagementSEIadj":0.024237147364943513,"voiceSEI":0.28635062042634424,"voiceSEIadj":0.28635062042634424,"audienceSEI":0.6081135285995972,"audienceSEIadj":0.6081135285995972,"SEI":0.1612588274068291,"SEIadj":0.1612588274068291},"non_scoped":{"SEI":0.07416617841553573,"SEIrank":200,"SEIadj":0,"audienceSEI":0.22914870123877923,"audienceSEIadj":0,"audienceSEIrank":153,"audienceScore":0.042427669881354976,"combinedScore":0.003399317330108983,"combinedScoreRank":199,"engagementSEI":0.0013695382248586365,"engagementSEIadj":0,"engagementSEIrank":195,"engagementScore":0.0005304050470236168,"voiceSEI":0.16809861785580874,"voiceSEIadj":0,"voiceSEIrank":196,"voiceScore":0.016011385874399573},"scoped":{"SEI":0.5300755279553547,"SEIrank":187,"SEIadj":0,"audienceSEI":3.0081508827077013,"audienceSEIadj":0,"audienceSEIrank":138,"audienceScore":0.12259129178365967,"combinedScore":0.012477202000054269,"combinedScoreRank":183,"engagementSEI":0.031769864765601126,"engagementSEIadj":0,"engagementSEIrank":181,"engagementScore":0.0051822330605344235,"voiceSEI":0.7006617360840794,"voiceSEIadj":0,"voiceSEIrank":183,"voiceScore":0.033672553127806044}},"facebook":{"entityString":"54888036f372e13640a025bc","type":"facebook","profiles":1,"postsMade":6,"repliesMade":0,"repliesRcvd":19,"sharesMade":0,"sharesRcvd":2,"mentionsRcvd":0,"likesRcvd":115,"reachRcvd":0,"audience":4736,"voice":6,"conversation":25,"engagement":136,"group_scoped":{"audienceScore":0.43074986493590595,"voiceScore":0.15067805123053743,"engagementScore":0.01862799349115992,"combinedScore":0.0458365899503661,"combinedScoreRank":135,"SEIrank":139,"engagementSEIrank":110,"voiceSEIrank":135,"audienceSEIrank":105,"engagementSEI":0.02110834322786922,"engagementSEIadj":0.02110834322786922,"voiceSEI":0.19659239842726078,"voiceSEIadj":0.19659239842726078,"audienceSEI":0.5113830232929785,"audienceSEIadj":0.5113830232929785,"SEI":0.12278102779419761,"SEIadj":0.12278102779419761},"non_scoped":{"SEI":0.06426601387105224,"SEIrank":141,"SEIadj":0,"audienceSEI":0.25737787593690764,"audienceSEIadj":0,"audienceSEIrank":109,"audienceScore":0.04938400337846645,"combinedScore":0.0036682759985265413,"combinedScoreRank":138,"engagementSEI":0.0012281971303354667,"engagementSEIadj":0,"engagementSEIrank":135,"engagementScore":0.0005111266060979133,"voiceSEI":0.1259710266638673,"voiceSEIadj":0,"voiceSEIrank":135,"voiceScore":0.014781237682301931},"scoped":{"SEI":0.621483064423555,"SEIrank":128,"SEIadj":0,"audienceSEI":3.325819341156312,"audienceSEIadj":0,"audienceSEIrank":96,"audienceScore":0.20358185421974545,"combinedScore":0.01837525365761816,"combinedScoreRank":124,"engagementSEI":0.11564822530995425,"engagementSEIadj":0,"engagementSEIrank":124,"engagementScore":0.0068318432212542655,"voiceSEI":0.7317073170731708,"voiceSEIadj":0,"voiceSEIrank":125,"voiceScore":0.040950040950040956}},"twitter":{"entityString":"54888036f372e13640a025bc","type":"twitter","profiles":1,"postsMade":12,"repliesMade":0,"repliesRcvd":0,"sharesMade":0,"sharesRcvd":1,"mentionsRcvd":0,"likesRcvd":20,"reachRcvd":0,"audience":1025,"voice":12,"conversation":12,"engagement":21,"group_scoped":{"audienceScore":1.5637872639062644,"voiceScore":0.28978507606858245,"engagementScore":0.2599009900990099,"combinedScore":0.32658950808785125,"combinedScoreRank":168,"SEIrank":164,"engagementSEIrank":156,"voiceSEIrank":187,"audienceSEIrank":91,"engagementSEI":0.6050129645635264,"engagementSEIadj":0.6050129645635264,"voiceSEI":0.3710575139146568,"voiceSEIadj":0.3710575139146568,"audienceSEI":4.825800376647834,"audienceSEIadj":4.825800376647834,"SEI":0.9569050705772963,"SEIadj":0.9569050705772963},"non_scoped":{"SEI":0.08439469606461864,"SEIrank":205,"SEIadj":0,"audienceSEI":0.1849940079989604,"audienceSEIadj":0,"audienceSEIrank":214,"audienceScore":0.029938947913240727,"combinedScore":0.004632994285227373,"combinedScoreRank":207,"engagementSEI":0.009958647900147957,"engagementSEIadj":0,"engagementSEIrank":197,"engagementScore":0.0025267109442679756,"voiceSEI":0.1997336884154461,"voiceSEIadj":0,"voiceSEIrank":193,"voiceScore":0.017240140794483154},"scoped":{"SEI":0.32903032519119507,"SEIrank":190,"SEIadj":0,"audienceSEI":0.8793527963418923,"audienceSEIadj":0,"audienceSEIrank":193,"audienceScore":0.047529222357004276,"combinedScore":0.00866318646869528,"combinedScoreRank":190,"engagementSEI":0.06606682187126407,"engagementSEIadj":0,"engagementSEIrank":184,"engagementScore":0.005238449219471066,"voiceSEI":0.6715165081141579,"voiceSEIadj":0,"voiceSEIrank":180,"voiceScore":0.031442421066422116}},"instagram":{"entityString":"54888036f372e13640a025bc","type":"instagram","profiles":0,"postsMade":0,"repliesMade":0,"repliesRcvd":0,"sharesMade":0,"sharesRcvd":0,"mentionsRcvd":0,"likesRcvd":0,"reachRcvd":0,"audience":0,"voice":0,"conversation":0,"engagement":0,"group_scoped":{"audienceScore":null,"voiceScore":0,"engagementScore":0,"combinedScore":null,"combinedScoreRank":9,"SEIrank":29,"engagementSEIrank":24,"voiceSEIrank":24,"audienceSEIrank":29,"engagementSEI":0,"engagementSEIadj":0,"voiceSEI":0,"voiceSEIadj":0,"audienceSEI":0,"audienceSEIadj":0,"SEI":0,"SEIadj":0},"non_scoped":{"SEI":0,"SEIrank":29,"SEIadj":0,"audienceSEI":0,"audienceSEIadj":0,"audienceSEIrank":29,"audienceScore":0,"combinedScore":0,"combinedScoreRank":29,"engagementSEI":0,"engagementSEIadj":0,"engagementSEIrank":24,"engagementScore":0,"voiceSEI":0,"voiceSEIadj":0,"voiceSEIrank":24,"voiceScore":0},"scoped":{"SEI":0,"SEIrank":24,"SEIadj":0,"audienceSEI":0,"audienceSEIadj":0,"audienceSEIrank":24,"audienceScore":0,"combinedScore":0,"combinedScoreRank":24,"engagementSEI":0,"engagementSEIadj":0,"engagementSEIrank":19,"engagementScore":0,"voiceSEI":0,"voiceSEIadj":0,"voiceSEIrank":19,"voiceScore":0}}},"blended":{"combined":{"non_scoped":{"SEI":0.10800914056255545,"SEIadj":40.06480548433753,"SEIrank":194,"audienceSEI":0.22914870123877923,"audienceSEIadj":50.11457435061939,"audienceSEIrank":153,"engagementSEI":0.001680770967554987,"engagementSEIadj":40.001008462580536,"engagementSEIrank":188,"voiceSEI":0.2802860261938151,"voiceSEIadj":40.16817161571629,"voiceSEIrank":187},"scoped":{"SEI":0.48116692351640467,"SEIadj":40.28870015410984,"SEIrank":184,"compCharisma":0,"compInfluence":0,"compEva":0.48116692351640467,"audienceSEI":3.0081508827077013,"audienceSEIadj":51.50407544135385,"audienceSEIrank":138,"engagementSEI":0.03953883166719336,"engagementSEIadj":40.023723299000316,"engagementSEIrank":175,"voiceSEI":1.0285866192560487,"voiceSEIadj":40.61715197155363,"voiceSEIrank":179}},"facebook":{"non_scoped":{"SEI":0.11272368600193411,"SEIadj":50.056361843000964,"SEIrank":129,"audienceSEI":0.2573778759369076,"audienceSEIadj":50.128688937968455,"audienceSEIrank":109,"engagementSEI":0.0016530082017369194,"engagementSEIadj":50.00082650410087,"engagementSEIrank":129,"voiceSEI":0.28664697829067065,"voiceSEIadj":50.14332348914534,"voiceSEIrank":128},"scoped":{"SEI":0.7714389786611785,"SEIadj":50.38571948933059,"SEIrank":124,"audienceSEI":3.325819341156312,"audienceSEIadj":51.66290967057816,"audienceSEIrank":96,"engagementSEI":0.1206940916766035,"engagementSEIadj":50.0603470458383,"engagementSEIrank":119,"voiceSEI":1.2214686317986176,"voiceSEIadj":50.61073431589931,"voiceSEIrank":123}},"twitter":{"non_scoped":{"SEI":0.10600482162711272,"SEIadj":40.06360289297627,"SEIrank":205,"audienceSEI":0.1849940079989604,"audienceSEIadj":20.14799520639917,"audienceSEIrank":214,"engagementSEI":0.005239591505120566,"engagementSEIadj":40.00314375490307,"engagementSEIrank":202,"voiceSEI":0.2812055530804811,"voiceSEIadj":40.16872333184829,"voiceSEIrank":188},"scoped":{"SEI":0.33659365757811716,"SEIadj":20.269274926062494,"SEIrank":189,"audienceSEI":0.8793527963418923,"audienceSEIadj":20.703482237073516,"audienceSEIrank":193,"engagementSEI":0.0345131386657297,"engagementSEIadj":40.020707883199435,"engagementSEIrank":188,"voiceSEI":0.7598349824816334,"voiceSEIadj":40.45590098948898,"voiceSEIrank":177}},"instagram":{"non_scoped":{"SEI":0,"SEIadj":0,"SEIrank":29,"audienceSEI":0,"audienceSEIadj":0,"audienceSEIrank":29,"engagementSEI":0,"engagementSEIadj":0,"engagementSEIrank":24,"voiceSEI":0,"voiceSEIadj":0,"voiceSEIrank":24},"scoped":{"SEI":0,"SEIadj":0,"SEIrank":24,"audienceSEI":0,"audienceSEIadj":0,"audienceSEIrank":24,"engagementSEI":0,"engagementSEIadj":0,"engagementSEIrank":19,"voiceSEI":0,"voiceSEIadj":0,"voiceSEIrank":19}},"influence":{"instagram":{"scope":"individual","ratio":0,"calculated":false},"combined":{"ratio":0.21,"bottom":true,"scope":"individual","calculated":true},"facebook":{"ratio":0.05,"bottom":false,"scope":"individual","calculated":true},"twitter":{"ratio":0.15,"bottom":true,"scope":"individual","calculated":true}},"charisma":{"instagram":{"scope":"individual","ratio":0,"calculated":false},"combined":{"ratio":0.1,"bottom":true,"scope":"individual","calculated":true},"facebook":{"ratio":0.16,"bottom":false,"scope":"individual","calculated":true},"twitter":{"ratio":0.07,"bottom":false,"scope":"individual","calculated":true}}},"scope":"individual"}}