{"scoreEntityString":"591d1494ab33fb0001804f89.asset.54888116f372e13640a025c9","timeQuantum":4984422,"scoreEntityType":"asset","scoreProfileID":"591d1494ab33fb0001804f89","data":{"scoreEntityString":"591d1494ab33fb0001804f89.asset.54888116f372e13640a025c9","scoreProfileID":"591d1494ab33fb0001804f89","scoreEntityType":"asset","entityID":"asset.54888116f372e13640a025c9","object_version":"1.2","score_engine_version":"3.0.19","timestamp":4984422,"start_quantum":4958502,"end_quantum":4984421,"schedule_options":{"interval":15,"offset":"1"},"_15min":{"boundaryQuantum":4984419,"combined":{"entityString":"54888116f372e13640a025c9","type":"combined","profiles":2,"postsMade":0,"repliesMade":0,"repliesRcvd":0,"sharesMade":0,"sharesRcvd":0,"mentionsRcvd":0,"likesRcvd":0,"reachRcvd":0,"audience":6705,"voice":0,"conversation":0,"engagement":0,"group_scoped":{"audienceScore":0.5755246243854204,"voiceScore":0,"engagementScore":0,"combinedScore":0.5755246243854204,"engagementSEI":0,"engagementSEIadj":0,"voiceSEI":0,"voiceSEIadj":0,"audienceSEI":0.7077592795105536,"audienceSEIadj":0.7077592795105536,"SEI":0.07077592795105536,"SEIadj":0.07077592795105536,"combinedScoreRank":116,"SEIrank":137,"engagementSEIrank":23,"voiceSEIrank":17,"audienceSEIrank":137},"non_scoped":{"SEI":0.026669710845443756,"SEIrank":148,"SEIadj":0,"audienceSEI":0.26669710845443756,"audienceSEIadj":0,"audienceSEIrank":148,"audienceScore":0.04937988657429007,"combinedScore":0.002468994328714504,"combinedScoreRank":148,"engagementSEI":0,"engagementSEIadj":0,"engagementSEIrank":23,"engagementScore":0,"voiceSEI":0,"voiceSEIadj":0,"voiceSEIrank":17,"voiceScore":0},"scoped":{"SEI":1.5511856564488145,"SEIrank":7,"SEIadj":0,"audienceSEI":15.511856564488143,"audienceSEIadj":0,"audienceSEIrank":7,"audienceScore":4.031312566512148,"combinedScore":4.031312566512148,"combinedScoreRank":7,"engagementSEI":0,"engagementSEIadj":0,"engagementSEIrank":1,"engagementScore":0,"voiceSEI":0,"voiceSEIadj":0,"voiceSEIrank":1,"voiceScore":0}},"facebook":{"entityString":"54888116f372e13640a025c9","type":"facebook","profiles":1,"postsMade":0,"repliesMade":0,"repliesRcvd":0,"sharesMade":0,"sharesRcvd":0,"mentionsRcvd":0,"likesRcvd":0,"reachRcvd":0,"audience":5127,"voice":0,"conversation":0,"engagement":0,"group_scoped":{"audienceScore":0.4663121954236465,"voiceScore":0,"engagementScore":0,"combinedScore":0.4663121954236465,"engagementSEI":0,"engagementSEIadj":0,"voiceSEI":0,"voiceSEIadj":0,"audienceSEI":0.553602356508256,"audienceSEIadj":0.553602356508256,"SEI":0.055360235650825595,"SEIadj":0.055360235650825595,"combinedScoreRank":93,"SEIrank":102,"engagementSEIrank":21,"voiceSEIrank":17,"audienceSEIrank":102},"non_scoped":{"SEI":0.027862676729909747,"SEIrank":106,"SEIadj":0,"audienceSEI":0.27862676729909747,"audienceSEIadj":0,"audienceSEIrank":106,"audienceScore":0.05346110331955183,"combinedScore":0.0026730551659775916,"combinedScoreRank":106,"engagementSEI":0,"engagementSEIadj":0,"engagementSEIrank":21,"engagementScore":0,"voiceSEI":0,"voiceSEIadj":0,"voiceSEIrank":17,"voiceScore":0},"scoped":{"SEI":1.5274384794136926,"SEIrank":5,"SEIadj":0,"audienceSEI":15.274384794136925,"audienceSEIadj":0,"audienceSEIrank":5,"audienceScore":5.79728171148149,"combinedScore":5.79728171148149,"combinedScoreRank":5,"engagementSEI":0,"engagementSEIadj":0,"engagementSEIrank":1,"engagementScore":0,"voiceSEI":0,"voiceSEIadj":0,"voiceSEIrank":1,"voiceScore":0}},"twitter":{"entityString":"54888116f372e13640a025c9","type":"twitter","profiles":1,"postsMade":0,"repliesMade":0,"repliesRcvd":0,"sharesMade":0,"sharesRcvd":0,"mentionsRcvd":0,"likesRcvd":0,"reachRcvd":0,"audience":1578,"voice":0,"conversation":0,"engagement":0,"group_scoped":{"audienceScore":2.4074695633600833,"voiceScore":0,"engagementScore":0,"combinedScore":2.4074695633600833,"engagementSEI":0,"engagementSEIadj":0,"voiceSEI":0,"voiceSEIadj":0,"audienceSEI":7.429378531073446,"audienceSEIadj":7.429378531073446,"SEI":0.7429378531073447,"SEIadj":0.7429378531073447,"combinedScoreRank":61,"SEIrank":67,"engagementSEIrank":18,"voiceSEIrank":16,"audienceSEIrank":66},"non_scoped":{"SEI":0.02848005313388874,"SEIrank":205,"SEIadj":0,"audienceSEI":0.2848005313388874,"audienceSEIadj":0,"audienceSEIrank":205,"audienceScore":0.04609137542155499,"combinedScore":0.0023045687710777497,"combinedScoreRank":205,"engagementSEI":0,"engagementSEIadj":0,"engagementSEIrank":18,"engagementScore":0,"voiceSEI":0,"voiceSEIadj":0,"voiceSEIrank":16,"voiceScore":0},"scoped":{"SEI":0.7720534272713929,"SEIrank":8,"SEIadj":0,"audienceSEI":7.720534272713929,"audienceSEIadj":0,"audienceSEIrank":8,"audienceScore":2.026064068819413,"combinedScore":2.026064068819413,"combinedScoreRank":8,"engagementSEI":0,"engagementSEIadj":0,"engagementSEIrank":1,"engagementScore":0,"voiceSEI":0,"voiceSEIadj":0,"voiceSEIrank":1,"voiceScore":0}},"instagram":{"entityString":"54888116f372e13640a025c9","type":"instagram","profiles":0,"postsMade":0,"repliesMade":0,"repliesRcvd":0,"sharesMade":0,"sharesRcvd":0,"mentionsRcvd":0,"likesRcvd":0,"reachRcvd":0,"audience":0,"voice":0,"conversation":0,"engagement":0,"group_scoped":{"audienceScore":null,"voiceScore":0,"engagementScore":0,"combinedScore":null,"engagementSEI":0,"engagementSEIadj":0,"voiceSEI":0,"voiceSEIadj":0,"audienceSEI":0,"audienceSEIadj":0,"SEI":0,"SEIadj":0,"combinedScoreRank":30,"SEIrank":42,"engagementSEIrank":18,"voiceSEIrank":15,"audienceSEIrank":42},"non_scoped":{"SEI":0,"SEIrank":42,"SEIadj":0,"audienceSEI":0,"audienceSEIadj":0,"audienceSEIrank":42,"audienceScore":0,"combinedScore":0,"combinedScoreRank":42,"engagementSEI":0,"engagementSEIadj":0,"engagementSEIrank":18,"engagementScore":0,"voiceSEI":0,"voiceSEIadj":0,"voiceSEIrank":15,"voiceScore":0},"scoped":{"SEI":0,"SEIrank":1,"SEIadj":0,"audienceSEI":0,"audienceSEIadj":0,"audienceSEIrank":1,"audienceScore":null,"combinedScore":null,"combinedScoreRank":10,"engagementSEI":0,"engagementSEIadj":0,"engagementSEIrank":1,"engagementScore":0,"voiceSEI":0,"voiceSEIadj":0,"voiceSEIrank":1,"voiceScore":0}}},"hour":{"boundaryQuantum":4984410,"combined":{"entityString":"54888116f372e13640a025c9","type":"combined","profiles":2,"postsMade":0,"repliesMade":0,"repliesRcvd":0,"sharesMade":0,"sharesRcvd":0,"mentionsRcvd":0,"likesRcvd":0,"reachRcvd":0,"audience":6705,"voice":0,"conversation":0,"engagement":0,"group_scoped":{"audienceScore":0.5755246243854204,"voiceScore":0,"engagementScore":0,"combinedScore":0.5755246243854204,"combinedScoreRank":103,"SEIrank":145,"engagementSEIrank":67,"voiceSEIrank":27,"audienceSEIrank":137,"engagementSEI":0,"engagementSEIadj":0,"voiceSEI":0,"voiceSEIadj":0,"audienceSEI":0.7077592795105536,"audienceSEIadj":0.7077592795105536,"SEI":0.07077592795105536,"SEIadj":0.07077592795105536},"non_scoped":{"SEI":0.026669710845443756,"SEIrank":153,"SEIadj":0,"audienceSEI":0.26669710845443756,"audienceSEIadj":0,"audienceSEIrank":148,"audienceScore":0.04937988657429007,"combinedScore":0.002468994328714504,"combinedScoreRank":154,"engagementSEI":0,"engagementSEIadj":0,"engagementSEIrank":67,"engagementScore":0,"voiceSEI":0,"voiceSEIadj":0,"voiceSEIrank":27,"voiceScore":0},"scoped":{"SEI":1.5511856564488145,"SEIrank":7,"SEIadj":0,"audienceSEI":15.511856564488143,"audienceSEIadj":0,"audienceSEIrank":7,"audienceScore":4.031312566512148,"combinedScore":0.5759017952160211,"combinedScoreRank":7,"engagementSEI":0,"engagementSEIadj":0,"engagementSEIrank":2,"engagementScore":0,"voiceSEI":0,"voiceSEIadj":0,"voiceSEIrank":1,"voiceScore":0}},"facebook":{"entityString":"54888116f372e13640a025c9","type":"facebook","profiles":1,"postsMade":0,"repliesMade":0,"repliesRcvd":0,"sharesMade":0,"sharesRcvd":0,"mentionsRcvd":0,"likesRcvd":0,"reachRcvd":0,"audience":5127,"voice":0,"conversation":0,"engagement":0,"group_scoped":{"audienceScore":0.4663121954236465,"voiceScore":0,"engagementScore":0,"combinedScore":0.4663121954236465,"combinedScoreRank":82,"SEIrank":106,"engagementSEIrank":52,"voiceSEIrank":21,"audienceSEIrank":102,"engagementSEI":0,"engagementSEIadj":0,"voiceSEI":0,"voiceSEIadj":0,"audienceSEI":0.553602356508256,"audienceSEIadj":0.553602356508256,"SEI":0.055360235650825595,"SEIadj":0.055360235650825595},"non_scoped":{"SEI":0.027862676729909747,"SEIrank":109,"SEIadj":0,"audienceSEI":0.27862676729909747,"audienceSEIadj":0,"audienceSEIrank":106,"audienceScore":0.05346110331955183,"combinedScore":0.0026730551659775916,"combinedScoreRank":110,"engagementSEI":0,"engagementSEIadj":0,"engagementSEIrank":52,"engagementScore":0,"voiceSEI":0,"voiceSEIadj":0,"voiceSEIrank":21,"voiceScore":0},"scoped":{"SEI":1.5274384794136926,"SEIrank":5,"SEIadj":0,"audienceSEI":15.274384794136925,"audienceSEIadj":0,"audienceSEIrank":5,"audienceScore":5.79728171148149,"combinedScore":0.8281831016402128,"combinedScoreRank":5,"engagementSEI":0,"engagementSEIadj":0,"engagementSEIrank":2,"engagementScore":0,"voiceSEI":0,"voiceSEIadj":0,"voiceSEIrank":1,"voiceScore":0}},"twitter":{"entityString":"54888116f372e13640a025c9","type":"twitter","profiles":1,"postsMade":0,"repliesMade":0,"repliesRcvd":0,"sharesMade":0,"sharesRcvd":0,"mentionsRcvd":0,"likesRcvd":0,"reachRcvd":0,"audience":1578,"voice":0,"conversation":0,"engagement":0,"group_scoped":{"audienceScore":2.4074695633600833,"voiceScore":0,"engagementScore":0,"combinedScore":2.4074695633600833,"combinedScoreRank":70,"SEIrank":87,"engagementSEIrank":47,"voiceSEIrank":25,"audienceSEIrank":66,"engagementSEI":0,"engagementSEIadj":0,"voiceSEI":0,"voiceSEIadj":0,"audienceSEI":7.429378531073446,"audienceSEIadj":7.429378531073446,"SEI":0.7429378531073447,"SEIadj":0.7429378531073447},"non_scoped":{"SEI":0.02848005313388874,"SEIrank":205,"SEIadj":0,"audienceSEI":0.2848005313388874,"audienceSEIadj":0,"audienceSEIrank":205,"audienceScore":0.04609137542155499,"combinedScore":0.0023045687710777497,"combinedScoreRank":205,"engagementSEI":0,"engagementSEIadj":0,"engagementSEIrank":47,"engagementScore":0,"voiceSEI":0,"voiceSEIadj":0,"voiceSEIrank":25,"voiceScore":0},"scoped":{"SEI":0.7720534272713929,"SEIrank":8,"SEIadj":0,"audienceSEI":7.720534272713929,"audienceSEIadj":0,"audienceSEIrank":8,"audienceScore":2.026064068819413,"combinedScore":2.026064068819413,"combinedScoreRank":8,"engagementSEI":0,"engagementSEIadj":0,"engagementSEIrank":1,"engagementScore":0,"voiceSEI":0,"voiceSEIadj":0,"voiceSEIrank":1,"voiceScore":0}},"instagram":{"entityString":"54888116f372e13640a025c9","type":"instagram","profiles":0,"postsMade":0,"repliesMade":0,"repliesRcvd":0,"sharesMade":0,"sharesRcvd":0,"mentionsRcvd":0,"likesRcvd":0,"reachRcvd":0,"audience":0,"voice":0,"conversation":0,"engagement":0,"group_scoped":{"audienceScore":null,"voiceScore":0,"engagementScore":0,"combinedScore":null,"combinedScoreRank":30,"SEIrank":42,"engagementSEIrank":24,"voiceSEIrank":15,"audienceSEIrank":42,"engagementSEI":0,"engagementSEIadj":0,"voiceSEI":0,"voiceSEIadj":0,"audienceSEI":0,"audienceSEIadj":0,"SEI":0,"SEIadj":0},"non_scoped":{"SEI":0,"SEIrank":42,"SEIadj":0,"audienceSEI":0,"audienceSEIadj":0,"audienceSEIrank":42,"audienceScore":0,"combinedScore":0,"combinedScoreRank":42,"engagementSEI":0,"engagementSEIadj":0,"engagementSEIrank":24,"engagementScore":0,"voiceSEI":0,"voiceSEIadj":0,"voiceSEIrank":15,"voiceScore":0},"scoped":{"SEI":0,"SEIrank":1,"SEIadj":0,"audienceSEI":0,"audienceSEIadj":0,"audienceSEIrank":1,"audienceScore":null,"combinedScore":null,"combinedScoreRank":10,"engagementSEI":0,"engagementSEIadj":0,"engagementSEIrank":1,"engagementScore":0,"voiceSEI":0,"voiceSEIadj":0,"voiceSEIrank":1,"voiceScore":0}}},"today":{"boundaryQuantum":4984134,"combined":{"entityString":"54888116f372e13640a025c9","type":"combined","profiles":2,"postsMade":0,"repliesMade":0,"repliesRcvd":0,"sharesMade":0,"sharesRcvd":0,"mentionsRcvd":0,"likesRcvd":0,"reachRcvd":0,"audience":6705,"voice":0,"conversation":0,"engagement":0,"group_scoped":{"audienceScore":0.5755246243854204,"voiceScore":0,"engagementScore":0,"combinedScore":0.5755246243854204,"combinedScoreRank":60,"SEIrank":170,"engagementSEIrank":168,"voiceSEIrank":117,"audienceSEIrank":137,"engagementSEI":0,"engagementSEIadj":0,"voiceSEI":0,"voiceSEIadj":0,"audienceSEI":0.7077592795105536,"audienceSEIadj":0.7077592795105536,"SEI":0.07077592795105536,"SEIadj":0.07077592795105536},"non_scoped":{"SEI":0.026669710845443756,"SEIrank":173,"SEIadj":0,"audienceSEI":0.26669710845443756,"audienceSEIadj":0,"audienceSEIrank":148,"audienceScore":0.04937988657429007,"combinedScore":0.002468994328714504,"combinedScoreRank":178,"engagementSEI":0,"engagementSEIadj":0,"engagementSEIrank":168,"engagementScore":0,"voiceSEI":0,"voiceSEIadj":0,"voiceSEIrank":117,"voiceScore":0},"scoped":{"SEI":1.5511856564488145,"SEIrank":8,"SEIadj":0,"audienceSEI":15.511856564488143,"audienceSEIadj":0,"audienceSEIrank":7,"audienceScore":4.031312566512148,"combinedScore":0.20156562832560743,"combinedScoreRank":8,"engagementSEI":0,"engagementSEIadj":0,"engagementSEIrank":4,"engagementScore":0,"voiceSEI":0,"voiceSEIadj":0,"voiceSEIrank":3,"voiceScore":0}},"facebook":{"entityString":"54888116f372e13640a025c9","type":"facebook","profiles":1,"postsMade":0,"repliesMade":0,"repliesRcvd":0,"sharesMade":0,"sharesRcvd":0,"mentionsRcvd":0,"likesRcvd":0,"reachRcvd":0,"audience":5127,"voice":0,"conversation":0,"engagement":0,"group_scoped":{"audienceScore":0.4663121954236465,"voiceScore":0,"engagementScore":0,"combinedScore":0.4663121954236465,"combinedScoreRank":52,"SEIrank":116,"engagementSEIrank":116,"voiceSEIrank":64,"audienceSEIrank":102,"engagementSEI":0,"engagementSEIadj":0,"voiceSEI":0,"voiceSEIadj":0,"audienceSEI":0.553602356508256,"audienceSEIadj":0.553602356508256,"SEI":0.055360235650825595,"SEIadj":0.055360235650825595},"non_scoped":{"SEI":0.027862676729909747,"SEIrank":116,"SEIadj":0,"audienceSEI":0.27862676729909747,"audienceSEIadj":0,"audienceSEIrank":106,"audienceScore":0.05346110331955183,"combinedScore":0.0026730551659775916,"combinedScoreRank":117,"engagementSEI":0,"engagementSEIadj":0,"engagementSEIrank":116,"engagementScore":0,"voiceSEI":0,"voiceSEIadj":0,"voiceSEIrank":64,"voiceScore":0},"scoped":{"SEI":1.5274384794136926,"SEIrank":5,"SEIadj":0,"audienceSEI":15.274384794136925,"audienceSEIadj":0,"audienceSEIrank":5,"audienceScore":5.79728171148149,"combinedScore":0.8281831016402128,"combinedScoreRank":5,"engagementSEI":0,"engagementSEIadj":0,"engagementSEIrank":3,"engagementScore":0,"voiceSEI":0,"voiceSEIadj":0,"voiceSEIrank":1,"voiceScore":0}},"twitter":{"entityString":"54888116f372e13640a025c9","type":"twitter","profiles":1,"postsMade":0,"repliesMade":0,"repliesRcvd":0,"sharesMade":0,"sharesRcvd":0,"mentionsRcvd":0,"likesRcvd":0,"reachRcvd":0,"audience":1578,"voice":0,"conversation":0,"engagement":0,"group_scoped":{"audienceScore":2.4074695633600833,"voiceScore":0,"engagementScore":0,"combinedScore":2.4074695633600833,"combinedScoreRank":67,"SEIrank":140,"engagementSEIrank":140,"voiceSEIrank":105,"audienceSEIrank":66,"engagementSEI":0,"engagementSEIadj":0,"voiceSEI":0,"voiceSEIadj":0,"audienceSEI":7.429378531073446,"audienceSEIadj":7.429378531073446,"SEI":0.7429378531073447,"SEIadj":0.7429378531073447},"non_scoped":{"SEI":0.02848005313388874,"SEIrank":213,"SEIadj":0,"audienceSEI":0.2848005313388874,"audienceSEIadj":0,"audienceSEIrank":205,"audienceScore":0.04609137542155499,"combinedScore":0.0023045687710777497,"combinedScoreRank":213,"engagementSEI":0,"engagementSEIadj":0,"engagementSEIrank":140,"engagementScore":0,"voiceSEI":0,"voiceSEIadj":0,"voiceSEIrank":105,"voiceScore":0},"scoped":{"SEI":0.7720534272713929,"SEIrank":8,"SEIadj":0,"audienceSEI":7.720534272713929,"audienceSEIadj":0,"audienceSEIrank":8,"audienceScore":2.026064068819413,"combinedScore":0.10130320344097066,"combinedScoreRank":8,"engagementSEI":0,"engagementSEIadj":0,"engagementSEIrank":3,"engagementScore":0,"voiceSEI":0,"voiceSEIadj":0,"voiceSEIrank":3,"voiceScore":0}},"instagram":{"entityString":"54888116f372e13640a025c9","type":"instagram","profiles":0,"postsMade":0,"repliesMade":0,"repliesRcvd":0,"sharesMade":0,"sharesRcvd":0,"mentionsRcvd":0,"likesRcvd":0,"reachRcvd":0,"audience":0,"voice":0,"conversation":0,"engagement":0,"group_scoped":{"audienceScore":null,"voiceScore":0,"engagementScore":0,"combinedScore":null,"combinedScoreRank":30,"SEIrank":42,"engagementSEIrank":34,"voiceSEIrank":21,"audienceSEIrank":42,"engagementSEI":0,"engagementSEIadj":0,"voiceSEI":0,"voiceSEIadj":0,"audienceSEI":0,"audienceSEIadj":0,"SEI":0,"SEIadj":0},"non_scoped":{"SEI":0,"SEIrank":42,"SEIadj":0,"audienceSEI":0,"audienceSEIadj":0,"audienceSEIrank":42,"audienceScore":0,"combinedScore":0,"combinedScoreRank":42,"engagementSEI":0,"engagementSEIadj":0,"engagementSEIrank":34,"engagementScore":0,"voiceSEI":0,"voiceSEIadj":0,"voiceSEIrank":21,"voiceScore":0},"scoped":{"SEI":0,"SEIrank":1,"SEIadj":0,"audienceSEI":0,"audienceSEIadj":0,"audienceSEIrank":1,"audienceScore":null,"combinedScore":null,"combinedScoreRank":10,"engagementSEI":0,"engagementSEIadj":0,"engagementSEIrank":1,"engagementScore":0,"voiceSEI":0,"voiceSEIadj":0,"voiceSEIrank":1,"voiceScore":0}}},"week":{"boundaryQuantum":4982406,"combined":{"entityString":"54888116f372e13640a025c9","type":"combined","profiles":2,"postsMade":2,"repliesMade":0,"repliesRcvd":17,"sharesMade":0,"sharesRcvd":1,"mentionsRcvd":0,"likesRcvd":126,"reachRcvd":0,"audience":6705,"voice":2,"conversation":19,"engagement":144,"group_scoped":{"audienceScore":0.5755246243854204,"voiceScore":0.3294892915980231,"engagementScore":0.26512501380859443,"combinedScore":0.28386320822690714,"combinedScoreRank":89,"SEIrank":153,"engagementSEIrank":53,"voiceSEIrank":180,"audienceSEIrank":137,"engagementSEI":0.293428425878757,"engagementSEIadj":0.293428425878757,"voiceSEI":0.41841004184100417,"voiceSEIadj":0.41841004184100417,"audienceSEI":0.7077592795105536,"audienceSEIadj":0.7077592795105536,"SEI":0.3723559960306108,"SEIadj":0.3723559960306108},"non_scoped":{"SEI":0.10527799905322725,"SEIrank":186,"SEIadj":0,"audienceSEI":0.26669710845443756,"audienceSEIadj":0,"audienceSEIrank":148,"audienceScore":0.04937988657429007,"combinedScore":0.008963310378719105,"combinedScoreRank":152,"engagementSEI":0.014734743912197298,"engagementSEIadj":0,"engagementSEIrank":112,"engagementScore":0.0060056778679509915,"voiceSEI":0.23255813953488372,"voiceSEIadj":0,"voiceSEIrank":181,"voiceScore":0.021784119376974186},"scoped":{"SEI":4.589577606283994,"SEIrank":6,"SEIadj":0,"audienceSEI":15.511856564488143,"audienceSEIadj":0,"audienceSEIrank":7,"audienceScore":4.031312566512148,"combinedScore":2.9933605001204793,"combinedScoreRank":3,"engagementSEI":3.212134731206781,"engagementSEIadj":0,"engagementSEIrank":3,"engagementScore":2.9538461538461536,"voiceSEI":3.7037037037037033,"voiceSEIadj":0,"voiceSEIrank":5,"voiceScore":2.666666666666667}},"facebook":{"entityString":"54888116f372e13640a025c9","type":"facebook","profiles":1,"postsMade":2,"repliesMade":0,"repliesRcvd":17,"sharesMade":0,"sharesRcvd":1,"mentionsRcvd":0,"likesRcvd":126,"reachRcvd":0,"audience":5127,"voice":2,"conversation":19,"engagement":144,"group_scoped":{"audienceScore":0.4663121954236465,"voiceScore":0.628930817610063,"engagementScore":0.2681464377490596,"combinedScore":0.29609394462583916,"combinedScoreRank":72,"SEIrank":101,"engagementSEIrank":47,"voiceSEIrank":105,"audienceSEIrank":102,"engagementSEI":0.29516059606042594,"engagementSEIadj":0.29516059606042594,"voiceSEI":0.819672131147541,"voiceSEIadj":0.819672131147541,"audienceSEI":0.553602356508256,"audienceSEIadj":0.553602356508256,"SEI":0.47835823263134347,"SEIadj":0.47835823263134347},"non_scoped":{"SEI":0.18983341408745932,"SEIrank":111,"SEIadj":0,"audienceSEI":0.27862676729909747,"audienceSEIadj":0,"audienceSEIrank":106,"audienceScore":0.05346110331955183,"combinedScore":0.011718176660741406,"combinedScoreRank":102,"engagementSEI":0.01549830272059789,"engagementSEIadj":0,"engagementSEIrank":84,"engagementScore":0.0066176014411665355,"voiceSEI":0.5089058524173028,"voiceSEIadj":0,"voiceSEIrank":98,"voiceScore":0.06178560395427865},"scoped":{"SEI":9.360838559509808,"SEIrank":3,"SEIadj":0,"audienceSEI":15.274384794136925,"audienceSEIadj":0,"audienceSEIrank":5,"audienceScore":5.79728171148149,"combinedScore":4.15911203791957,"combinedScoreRank":3,"engagementSEI":3.9647577092511015,"engagementSEIadj":0,"engagementSEIrank":3,"engagementScore":3.645569620253165,"voiceSEI":18.181818181818183,"voiceSEIadj":0,"voiceSEIrank":3,"voiceScore":11.76470588235294}},"twitter":{"entityString":"54888116f372e13640a025c9","type":"twitter","profiles":1,"postsMade":0,"repliesMade":0,"repliesRcvd":0,"sharesMade":0,"sharesRcvd":0,"mentionsRcvd":0,"likesRcvd":0,"reachRcvd":0,"audience":1578,"voice":0,"conversation":0,"engagement":0,"group_scoped":{"audienceScore":2.4074695633600833,"voiceScore":0,"engagementScore":0,"combinedScore":2.4074695633600833,"combinedScoreRank":61,"SEIrank":171,"engagementSEIrank":191,"voiceSEIrank":194,"audienceSEIrank":66,"engagementSEI":0,"engagementSEIadj":0,"voiceSEI":0,"voiceSEIadj":0,"audienceSEI":7.429378531073446,"audienceSEIadj":7.429378531073446,"SEI":0.7429378531073447,"SEIadj":0.7429378531073447},"non_scoped":{"SEI":0.02848005313388874,"SEIrank":215,"SEIadj":0,"audienceSEI":0.2848005313388874,"audienceSEIadj":0,"audienceSEIrank":205,"audienceScore":0.04609137542155499,"combinedScore":0.0023045687710777497,"combinedScoreRank":215,"engagementSEI":0,"engagementSEIadj":0,"engagementSEIrank":191,"engagementScore":0,"voiceSEI":0,"voiceSEIadj":0,"voiceSEIrank":194,"voiceScore":0},"scoped":{"SEI":0.7720534272713929,"SEIrank":9,"SEIadj":0,"audienceSEI":7.720534272713929,"audienceSEIadj":0,"audienceSEIrank":8,"audienceScore":2.026064068819413,"combinedScore":0.10130320344097066,"combinedScoreRank":9,"engagementSEI":0,"engagementSEIadj":0,"engagementSEIrank":5,"engagementScore":0,"voiceSEI":0,"voiceSEIadj":0,"voiceSEIrank":5,"voiceScore":0}},"instagram":{"entityString":"54888116f372e13640a025c9","type":"instagram","profiles":0,"postsMade":0,"repliesMade":0,"repliesRcvd":0,"sharesMade":0,"sharesRcvd":0,"mentionsRcvd":0,"likesRcvd":0,"reachRcvd":0,"audience":0,"voice":0,"conversation":0,"engagement":0,"group_scoped":{"audienceScore":null,"voiceScore":0,"engagementScore":0,"combinedScore":null,"combinedScoreRank":30,"SEIrank":42,"engagementSEIrank":37,"voiceSEIrank":35,"audienceSEIrank":42,"engagementSEI":0,"engagementSEIadj":0,"voiceSEI":0,"voiceSEIadj":0,"audienceSEI":0,"audienceSEIadj":0,"SEI":0,"SEIadj":0},"non_scoped":{"SEI":0,"SEIrank":42,"SEIadj":0,"audienceSEI":0,"audienceSEIadj":0,"audienceSEIrank":42,"audienceScore":0,"combinedScore":0,"combinedScoreRank":42,"engagementSEI":0,"engagementSEIadj":0,"engagementSEIrank":37,"engagementScore":0,"voiceSEI":0,"voiceSEIadj":0,"voiceSEIrank":35,"voiceScore":0},"scoped":{"SEI":0,"SEIrank":1,"SEIadj":0,"audienceSEI":0,"audienceSEIadj":0,"audienceSEIrank":1,"audienceScore":null,"combinedScore":null,"combinedScoreRank":10,"engagementSEI":0,"engagementSEIadj":0,"engagementSEIrank":1,"engagementScore":0,"voiceSEI":0,"voiceSEIadj":0,"voiceSEIrank":1,"voiceScore":0}}},"month":{"boundaryQuantum":4975782,"combined":{"entityString":"54888116f372e13640a025c9","type":"combined","profiles":2,"postsMade":7,"repliesMade":0,"repliesRcvd":29,"sharesMade":0,"sharesRcvd":4,"mentionsRcvd":0,"likesRcvd":277,"reachRcvd":0,"audience":6705,"voice":7,"conversation":36,"engagement":310,"group_scoped":{"audienceScore":0.5755246243854204,"voiceScore":0.2564102564102564,"engagementScore":0.13204750302431378,"combinedScore":0.16043949676166624,"combinedScoreRank":120,"SEIrank":176,"engagementSEIrank":97,"voiceSEIrank":188,"audienceSEIrank":137,"engagementSEI":0.150540976282512,"engagementSEIadj":0.150540976282512,"voiceSEI":0.34146341463414637,"voiceSEIadj":0.34146341463414637,"audienceSEI":0.7077592795105536,"audienceSEIadj":0.7077592795105536,"SEI":0.2635395381108065,"SEIadj":0.2635395381108065},"non_scoped":{"SEI":0.08982946425577136,"SEIrank":197,"SEIadj":0,"audienceSEI":0.26669710845443756,"audienceSEIadj":0,"audienceSEIrank":148,"audienceScore":0.04937988657429007,"combinedScore":0.006428038373782496,"combinedScoreRank":173,"engagementSEI":0.008554456844420922,"engagementSEIadj":0,"engagementSEIrank":138,"engagementScore":0.00336917776194868,"voiceSEI":0.19342359767891684,"voiceSEIadj":0,"voiceSEIrank":191,"voiceScore":0.018535681186283594},"scoped":{"SEI":3.421568098865155,"SEIrank":6,"SEIadj":0,"audienceSEI":15.511856564488143,"audienceSEIadj":0,"audienceSEIrank":7,"audienceScore":4.031312566512148,"combinedScore":1.628167578922636,"combinedScoreRank":4,"engagementSEI":1.4969337003235308,"engagementSEIadj":0,"engagementSEIrank":2,"engagementScore":1.444211507104589,"voiceSEI":3.2407407407407405,"voiceSEIadj":0,"voiceSEIrank":4,"voiceScore":2.536231884057971}},"facebook":{"entityString":"54888116f372e13640a025c9","type":"facebook","profiles":1,"postsMade":7,"repliesMade":0,"repliesRcvd":29,"sharesMade":0,"sharesRcvd":4,"mentionsRcvd":0,"likesRcvd":277,"reachRcvd":0,"audience":5127,"voice":7,"conversation":36,"engagement":310,"group_scoped":{"audienceScore":0.4663121954236465,"voiceScore":0.5079825834542816,"engagementScore":0.13378388292615562,"combinedScore":0.16912023357743647,"combinedScoreRank":93,"SEIrank":111,"engagementSEIrank":71,"voiceSEIrank":111,"audienceSEIrank":102,"engagementSEI":0.15146111113825467,"engagementSEIadj":0.15146111113825467,"voiceSEI":0.6750241080038573,"voiceSEIadj":0.6750241080038573,"audienceSEI":0.553602356508256,"audienceSEIadj":0.553602356508256,"SEI":0.3487441347349356,"SEIadj":0.3487441347349356},"non_scoped":{"SEI":0.16713605599718961,"SEIrank":117,"SEIadj":0,"audienceSEI":0.27862676729909747,"audienceSEIadj":0,"audienceSEIrank":106,"audienceScore":0.05346110331955183,"combinedScore":0.008615388356247885,"combinedScoreRank":116,"engagementSEI":0.009050278383643636,"engagementSEIadj":0,"engagementSEIrank":100,"engagementScore":0.0037483620564675024,"voiceSEI":0.44614404079031234,"voiceSEIadj":0,"voiceSEIrank":109,"voiceScore":0.05137614678899083},"scoped":{"SEI":7.453940331881676,"SEIrank":3,"SEIadj":0,"audienceSEI":15.274384794136925,"audienceSEIadj":0,"audienceSEIrank":5,"audienceScore":5.79728171148149,"combinedScore":2.606343342797641,"combinedScoreRank":3,"engagementSEI":1.9229576329011848,"engagementSEIadj":0,"engagementSEIrank":2,"engagementScore":1.8667951342888112,"voiceSEI":15.909090909090908,"voiceSEIadj":0,"voiceSEIrank":2,"voiceScore":12.727272727272727}},"twitter":{"entityString":"54888116f372e13640a025c9","type":"twitter","profiles":1,"postsMade":0,"repliesMade":0,"repliesRcvd":0,"sharesMade":0,"sharesRcvd":0,"mentionsRcvd":0,"likesRcvd":0,"reachRcvd":0,"audience":1578,"voice":0,"conversation":0,"engagement":0,"group_scoped":{"audienceScore":2.4074695633600833,"voiceScore":0,"engagementScore":0,"combinedScore":2.4074695633600833,"combinedScoreRank":65,"SEIrank":176,"engagementSEIrank":208,"voiceSEIrank":209,"audienceSEIrank":66,"engagementSEI":0,"engagementSEIadj":0,"voiceSEI":0,"voiceSEIadj":0,"audienceSEI":7.429378531073446,"audienceSEIadj":7.429378531073446,"SEI":0.7429378531073447,"SEIadj":0.7429378531073447},"non_scoped":{"SEI":0.02848005313388874,"SEIrank":216,"SEIadj":0,"audienceSEI":0.2848005313388874,"audienceSEIadj":0,"audienceSEIrank":205,"audienceScore":0.04609137542155499,"combinedScore":0.0023045687710777497,"combinedScoreRank":215,"engagementSEI":0,"engagementSEIadj":0,"engagementSEIrank":208,"engagementScore":0,"voiceSEI":0,"voiceSEIadj":0,"voiceSEIrank":209,"voiceScore":0},"scoped":{"SEI":0.7720534272713929,"SEIrank":9,"SEIadj":0,"audienceSEI":7.720534272713929,"audienceSEIadj":0,"audienceSEIrank":8,"audienceScore":2.026064068819413,"combinedScore":0.10130320344097066,"combinedScoreRank":9,"engagementSEI":0,"engagementSEIadj":0,"engagementSEIrank":5,"engagementScore":0,"voiceSEI":0,"voiceSEIadj":0,"voiceSEIrank":5,"voiceScore":0}},"instagram":{"entityString":"54888116f372e13640a025c9","type":"instagram","profiles":0,"postsMade":0,"repliesMade":0,"repliesRcvd":0,"sharesMade":0,"sharesRcvd":0,"mentionsRcvd":0,"likesRcvd":0,"reachRcvd":0,"audience":0,"voice":0,"conversation":0,"engagement":0,"group_scoped":{"audienceScore":null,"voiceScore":0,"engagementScore":0,"combinedScore":null,"combinedScoreRank":30,"SEIrank":42,"engagementSEIrank":37,"voiceSEIrank":36,"audienceSEIrank":42,"engagementSEI":0,"engagementSEIadj":0,"voiceSEI":0,"voiceSEIadj":0,"audienceSEI":0,"audienceSEIadj":0,"SEI":0,"SEIadj":0},"non_scoped":{"SEI":0,"SEIrank":42,"SEIadj":0,"audienceSEI":0,"audienceSEIadj":0,"audienceSEIrank":42,"audienceScore":0,"combinedScore":0,"combinedScoreRank":42,"engagementSEI":0,"engagementSEIadj":0,"engagementSEIrank":37,"engagementScore":0,"voiceSEI":0,"voiceSEIadj":0,"voiceSEIrank":36,"voiceScore":0},"scoped":{"SEI":0,"SEIrank":1,"SEIadj":0,"audienceSEI":0,"audienceSEIadj":0,"audienceSEIrank":1,"audienceScore":null,"combinedScore":null,"combinedScoreRank":10,"engagementSEI":0,"engagementSEIadj":0,"engagementSEIrank":1,"engagementScore":0,"voiceSEI":0,"voiceSEIadj":0,"voiceSEIrank":1,"voiceScore":0}}},"quarter":{"boundaryQuantum":4958502,"combined":{"entityString":"54888116f372e13640a025c9","type":"combined","profiles":2,"postsMade":7,"repliesMade":0,"repliesRcvd":29,"sharesMade":0,"sharesRcvd":4,"mentionsRcvd":0,"likesRcvd":278,"reachRcvd":0,"audience":6705,"voice":7,"conversation":36,"engagement":311,"group_scoped":{"audienceScore":0.5755246243854204,"voiceScore":0.08617505847593254,"engagementScore":0.04213155884058285,"combinedScore":0.07100338709959222,"combinedScoreRank":166,"SEIrank":202,"engagementSEIrank":138,"voiceSEIrank":204,"audienceSEIrank":137,"engagementSEI":0.04801116452546136,"engagementSEIadj":0.04801116452546136,"voiceSEI":0.11135857461024498,"voiceSEIadj":0.11135857461024498,"audienceSEI":0.7077592795105536,"audienceSEIadj":0.7077592795105536,"SEI":0.13299019904940565,"SEIadj":0.13299019904940565},"non_scoped":{"SEI":0.04790896041965301,"SEIrank":206,"SEIadj":0,"audienceSEI":0.26669710845443756,"audienceSEIadj":0,"audienceSEIrank":148,"audienceScore":0.04937988657429007,"combinedScore":0.003725934301011971,"combinedScoreRank":197,"engagementSEI":0.0027129069294970446,"engagementSEIadj":0,"engagementSEIrank":180,"engagementScore":0.0010506749657601582,"voiceSEI":0.0653716847217034,"voiceSEIadj":0,"voiceSEIrank":205,"voiceScore":0.0062266500622665},"scoped":{"SEI":2.288126253026838,"SEIrank":7,"SEIadj":0,"audienceSEI":15.511856564488143,"audienceSEIadj":0,"audienceSEIrank":7,"audienceScore":4.031312566512148,"combinedScore":0.8046702623649606,"combinedScoreRank":5,"engagementSEI":0.6409860054823883,"engagementSEIadj":0,"engagementSEIrank":3,"engagementScore":0.6151107594936709,"voiceSEI":1.174496644295302,"voiceSEIadj":0,"voiceSEIrank":4,"voiceScore":0.9900990099009901}},"facebook":{"entityString":"54888116f372e13640a025c9","type":"facebook","profiles":1,"postsMade":7,"repliesMade":0,"repliesRcvd":29,"sharesMade":0,"sharesRcvd":4,"mentionsRcvd":0,"likesRcvd":278,"reachRcvd":0,"audience":5127,"voice":7,"conversation":36,"engagement":311,"group_scoped":{"audienceScore":0.4663121954236465,"voiceScore":0.1757910597689603,"engagementScore":0.0425978380569907,"combinedScore":0.07044321701092199,"combinedScoreRank":119,"SEIrank":130,"engagementSEIrank":96,"voiceSEIrank":132,"audienceSEIrank":102,"engagementSEI":0.048269814293142116,"engagementSEIadj":0.048269814293142116,"voiceSEI":0.22935779816513763,"voiceSEIadj":0.22935779816513763,"audienceSEI":0.553602356508256,"audienceSEIadj":0.553602356508256,"SEI":0.15312946367625216,"SEIadj":0.15312946367625216},"non_scoped":{"SEI":0.07363769477197359,"SEIrank":138,"SEIadj":0,"audienceSEI":0.27862676729909747,"audienceSEIadj":0,"audienceSEIrank":106,"audienceScore":0.05346110331955183,"combinedScore":0.0045872376855344635,"combinedScoreRank":134,"engagementSEI":0.002808597849517133,"engagementSEIadj":0,"engagementSEIrank":121,"engagementScore":0.00116882628306214,"voiceSEI":0.14696619777451186,"voiceSEIadj":0,"voiceSEIrank":132,"voiceScore":0.01724477729601892},"scoped":{"SEI":4.041007037788768,"SEIrank":4,"SEIadj":0,"audienceSEI":15.274384794136925,"audienceSEIadj":0,"audienceSEIrank":5,"audienceScore":5.79728171148149,"combinedScore":1.3468066556745393,"combinedScoreRank":3,"engagementSEI":0.8559475972917929,"engagementSEIadj":0,"engagementSEIrank":2,"engagementScore":0.8419969677279618,"voiceSEI":6.666666666666667,"voiceSEIadj":0,"voiceSEIrank":2,"voiceScore":5.982905982905983}},"twitter":{"entityString":"54888116f372e13640a025c9","type":"twitter","profiles":1,"postsMade":0,"repliesMade":0,"repliesRcvd":0,"sharesMade":0,"sharesRcvd":0,"mentionsRcvd":0,"likesRcvd":0,"reachRcvd":0,"audience":1578,"voice":0,"conversation":0,"engagement":0,"group_scoped":{"audienceScore":2.4074695633600833,"voiceScore":0,"engagementScore":0,"combinedScore":2.4074695633600833,"combinedScoreRank":62,"SEIrank":177,"engagementSEIrank":211,"voiceSEIrank":213,"audienceSEIrank":66,"engagementSEI":0,"engagementSEIadj":0,"voiceSEI":0,"voiceSEIadj":0,"audienceSEI":7.429378531073446,"audienceSEIadj":7.429378531073446,"SEI":0.7429378531073447,"SEIadj":0.7429378531073447},"non_scoped":{"SEI":0.02848005313388874,"SEIrank":217,"SEIadj":0,"audienceSEI":0.2848005313388874,"audienceSEIadj":0,"audienceSEIrank":205,"audienceScore":0.04609137542155499,"combinedScore":0.0023045687710777497,"combinedScoreRank":216,"engagementSEI":0,"engagementSEIadj":0,"engagementSEIrank":211,"engagementScore":0,"voiceSEI":0,"voiceSEIadj":0,"voiceSEIrank":213,"voiceScore":0},"scoped":{"SEI":0.7720534272713929,"SEIrank":9,"SEIadj":0,"audienceSEI":7.720534272713929,"audienceSEIadj":0,"audienceSEIrank":8,"audienceScore":2.026064068819413,"combinedScore":0.10130320344097066,"combinedScoreRank":9,"engagementSEI":0,"engagementSEIadj":0,"engagementSEIrank":5,"engagementScore":0,"voiceSEI":0,"voiceSEIadj":0,"voiceSEIrank":5,"voiceScore":0}},"instagram":{"entityString":"54888116f372e13640a025c9","type":"instagram","profiles":0,"postsMade":0,"repliesMade":0,"repliesRcvd":0,"sharesMade":0,"sharesRcvd":0,"mentionsRcvd":0,"likesRcvd":0,"reachRcvd":0,"audience":0,"voice":0,"conversation":0,"engagement":0,"group_scoped":{"audienceScore":null,"voiceScore":0,"engagementScore":0,"combinedScore":null,"combinedScoreRank":30,"SEIrank":42,"engagementSEIrank":37,"voiceSEIrank":37,"audienceSEIrank":42,"engagementSEI":0,"engagementSEIadj":0,"voiceSEI":0,"voiceSEIadj":0,"audienceSEI":0,"audienceSEIadj":0,"SEI":0,"SEIadj":0},"non_scoped":{"SEI":0,"SEIrank":42,"SEIadj":0,"audienceSEI":0,"audienceSEIadj":0,"audienceSEIrank":42,"audienceScore":0,"combinedScore":0,"combinedScoreRank":42,"engagementSEI":0,"engagementSEIadj":0,"engagementSEIrank":37,"engagementScore":0,"voiceSEI":0,"voiceSEIadj":0,"voiceSEIrank":37,"voiceScore":0},"scoped":{"SEI":0,"SEIrank":1,"SEIadj":0,"audienceSEI":0,"audienceSEIadj":0,"audienceSEIrank":1,"audienceScore":null,"combinedScore":null,"combinedScoreRank":10,"engagementSEI":0,"engagementSEIadj":0,"engagementSEIrank":1,"engagementScore":0,"voiceSEI":0,"voiceSEIadj":0,"voiceSEIrank":1,"voiceScore":0}}},"blended":{"combined":{"non_scoped":{"SEI":0.07034578510643258,"SEIadj":40.04220747106386,"SEIrank":205,"audienceSEI":0.26669710845443756,"audienceSEIadj":50.13334855422722,"audienceSEIrank":148,"engagementSEI":0.00706004516507085,"engagementSEIadj":50.00353002258254,"engagementSEIrank":143,"voiceSEI":0.13146682387315434,"voiceSEIadj":40.07888009432389,"voiceSEIrank":203},"scoped":{"SEI":8.364915488598632,"SEIadj":54.18245774429931,"SEIrank":5,"compCharisma":6,"compInfluence":0,"compEva":2.3649154885986317,"audienceSEI":15.511856564488145,"audienceSEIadj":57.75592828224407,"audienceSEIrank":7,"engagementSEI":1.508673477151758,"engagementSEIadj":50.75433673857588,"engagementSEIrank":4,"voiceSEI":2.184470544369873,"voiceSEIadj":51.092235272184936,"voiceSEIrank":6}},"facebook":{"non_scoped":{"SEI":0.12023241384829851,"SEIadj":50.06011620692415,"SEIrank":126,"audienceSEI":0.2786267672990974,"audienceSEIadj":50.13931338364955,"audienceSEIrank":106,"engagementSEI":0.0074113314984844796,"engagementSEIadj":50.003705665749244,"engagementSEIrank":106,"voiceSEI":0.2930764607309936,"voiceSEIadj":50.14653823036549,"voiceSEIrank":127},"scoped":{"SEI":6.0232180605002625,"SEIadj":62.409287224200106,"SEIrank":3,"audienceSEI":15.274384794136926,"audienceSEIadj":57.63719239706846,"audienceSEIrank":5,"engagementSEI":1.9058447563564045,"engagementSEIadj":60.76233790254256,"engagementSEIrank":3,"voiceSEI":11.174242424242426,"voiceSEIadj":64.46969696969697,"voiceSEIrank":3}},"twitter":{"non_scoped":{"SEI":0.02848005313388874,"SEIadj":20.022784042507112,"SEIrank":217,"audienceSEI":0.2848005313388874,"audienceSEIadj":40.170880318803334,"audienceSEIrank":205,"engagementSEI":0,"engagementSEIadj":0,"engagementSEIrank":211,"voiceSEI":0,"voiceSEIadj":0,"voiceSEIrank":213},"scoped":{"SEI":0.7720534272713928,"SEIadj":40.463232056362834,"SEIrank":9,"audienceSEI":7.7205342727139294,"audienceSEIadj":44.632320563628355,"audienceSEIrank":8,"engagementSEI":0,"engagementSEIadj":0,"engagementSEIrank":5,"voiceSEI":0,"voiceSEIadj":0,"voiceSEIrank":5}},"instagram":{"non_scoped":{"SEI":0,"SEIadj":0,"SEIrank":42,"audienceSEI":0,"audienceSEIadj":0,"audienceSEIrank":42,"engagementSEI":0,"engagementSEIadj":0,"engagementSEIrank":37,"voiceSEI":0,"voiceSEIadj":0,"voiceSEIrank":37},"scoped":{"SEI":0,"SEIadj":0,"SEIrank":1,"audienceSEI":0,"audienceSEIadj":0,"audienceSEIrank":1,"engagementSEI":0,"engagementSEIadj":0,"engagementSEIrank":1,"voiceSEI":0,"voiceSEIadj":0,"voiceSEIrank":1}},"influence":{"twitter":{"scope":"anchor","ratio":0,"calculated":false},"instagram":{"scope":"anchor","ratio":0,"calculated":false},"combined":{"ratio":0.04,"bottom":false,"scope":"anchor","calculated":true},"facebook":{"ratio":1,"bottom":true,"scope":"anchor","calculated":true}},"charisma":{"twitter":{"scope":"anchor","ratio":0,"calculated":false},"instagram":{"scope":"anchor","ratio":0,"calculated":false},"combined":{"ratio":1.16,"bottom":false,"scope":"anchor","calculated":true},"facebook":{"ratio":1.01,"bottom":false,"scope":"anchor","calculated":true}}},"scope":"anchor"}}