{"scoreEntityString":"591d1494ab33fb0001804f89.asset.548880daf372e13640a025c4","timeQuantum":4984422,"scoreEntityType":"asset","scoreProfileID":"591d1494ab33fb0001804f89","data":{"scoreEntityString":"591d1494ab33fb0001804f89.asset.548880daf372e13640a025c4","scoreProfileID":"591d1494ab33fb0001804f89","scoreEntityType":"asset","entityID":"asset.548880daf372e13640a025c4","object_version":"1.2","score_engine_version":"3.0.19","timestamp":4984422,"start_quantum":4958502,"end_quantum":4984421,"schedule_options":{"interval":15,"offset":"1"},"_15min":{"boundaryQuantum":4984419,"combined":{"entityString":"548880daf372e13640a025c4","type":"combined","profiles":2,"postsMade":0,"repliesMade":0,"repliesRcvd":0,"sharesMade":0,"sharesRcvd":0,"mentionsRcvd":0,"likesRcvd":0,"reachRcvd":0,"audience":5006,"voice":0,"conversation":0,"engagement":0,"group_scoped":{"audienceScore":0.42969071881780974,"voiceScore":0,"engagementScore":0,"combinedScore":0.42969071881780974,"engagementSEI":0,"engagementSEIadj":0,"voiceSEI":0,"voiceSEIadj":0,"audienceSEI":0.5284180392587369,"audienceSEIadj":0.5284180392587369,"SEI":0.05284180392587369,"SEIadj":0.05284180392587369,"combinedScoreRank":143,"SEIrank":156,"engagementSEIrank":17,"voiceSEIrank":11,"audienceSEIrank":156},"non_scoped":{"SEI":0.019911793063727284,"SEIrank":163,"SEIadj":0,"audienceSEI":0.19911793063727284,"audienceSEIadj":0,"audienceSEIrank":163,"audienceScore":0.036867369454272346,"combinedScore":0.0018433684727136173,"combinedScoreRank":163,"engagementSEI":0,"engagementSEIadj":0,"engagementSEIrank":17,"engagementScore":0,"voiceSEI":0,"voiceSEIadj":0,"voiceSEIrank":11,"voiceScore":0},"scoped":{"SEI":0.26139217703236856,"SEIrank":148,"SEIadj":0,"audienceSEI":2.6139217703236857,"audienceSEIadj":0,"audienceSEIrank":148,"audienceScore":0.10652525718955047,"combinedScore":0.015217893884221494,"combinedScoreRank":148,"engagementSEI":0,"engagementSEIadj":0,"engagementSEIrank":11,"engagementScore":0,"voiceSEI":0,"voiceSEIadj":0,"voiceSEIrank":8,"voiceScore":0}},"facebook":{"entityString":"548880daf372e13640a025c4","type":"facebook","profiles":1,"postsMade":0,"repliesMade":0,"repliesRcvd":0,"sharesMade":0,"sharesRcvd":0,"mentionsRcvd":0,"likesRcvd":0,"reachRcvd":0,"audience":2468,"voice":0,"conversation":0,"engagement":0,"group_scoped":{"audienceScore":0.22447015765663342,"voiceScore":0,"engagementScore":0,"combinedScore":0.22447015765663342,"engagementSEI":0,"engagementSEIadj":0,"voiceSEI":0,"voiceSEIadj":0,"audienceSEI":0.2664892950775065,"audienceSEIadj":0.2664892950775065,"SEI":0.026648929507750652,"SEIadj":0.026648929507750652,"combinedScoreRank":125,"SEIrank":129,"engagementSEIrank":15,"voiceSEIrank":11,"audienceSEIrank":129},"non_scoped":{"SEI":0.013412343703806756,"SEIrank":137,"SEIadj":0,"audienceSEI":0.13412343703806756,"audienceSEIadj":0,"audienceSEIrank":137,"audienceScore":0.02573473824705557,"combinedScore":0.0012867369123527785,"combinedScoreRank":137,"engagementSEI":0,"engagementSEIadj":0,"engagementSEIrank":15,"engagementScore":0,"voiceSEI":0,"voiceSEIadj":0,"voiceSEIrank":11,"voiceScore":0},"scoped":{"SEI":0.17331338965316256,"SEIrank":122,"SEIadj":0,"audienceSEI":1.7331338965316256,"audienceSEIadj":0,"audienceSEIrank":122,"audienceScore":0.10608953045066127,"combinedScore":0.015155647207237324,"combinedScoreRank":122,"engagementSEI":0,"engagementSEIadj":0,"engagementSEIrank":9,"engagementScore":0,"voiceSEI":0,"voiceSEIadj":0,"voiceSEIrank":8,"voiceScore":0}},"twitter":{"entityString":"548880daf372e13640a025c4","type":"twitter","profiles":1,"postsMade":0,"repliesMade":0,"repliesRcvd":0,"sharesMade":0,"sharesRcvd":0,"mentionsRcvd":0,"likesRcvd":0,"reachRcvd":0,"audience":2538,"voice":0,"conversation":0,"engagement":0,"group_scoped":{"audienceScore":3.872089830043023,"voiceScore":0,"engagementScore":0,"combinedScore":3.872089830043023,"engagementSEI":0,"engagementSEIadj":0,"voiceSEI":0,"voiceSEIadj":0,"audienceSEI":11.949152542372882,"audienceSEIadj":11.949152542372882,"SEI":1.1949152542372883,"SEIadj":1.1949152542372883,"combinedScoreRank":39,"SEIrank":41,"engagementSEIrank":12,"voiceSEIrank":10,"audienceSEIrank":40},"non_scoped":{"SEI":0.04580632120013284,"SEIrank":185,"SEIadj":0,"audienceSEI":0.4580632120013283,"audienceSEIadj":0,"audienceSEIrank":185,"audienceScore":0.07413175590615119,"combinedScore":0.0037065877953075597,"combinedScoreRank":185,"engagementSEI":0,"engagementSEIadj":0,"engagementSEIrank":12,"engagementScore":0,"voiceSEI":0,"voiceSEIadj":0,"voiceSEIrank":10,"voiceScore":0},"scoped":{"SEI":0.2177363314259242,"SEIrank":168,"SEIadj":0,"audienceSEI":2.177363314259242,"audienceSEIadj":0,"audienceSEIrank":168,"audienceScore":0.11768699155324572,"combinedScore":0.016812427364749388,"combinedScoreRank":168,"engagementSEI":0,"engagementSEIadj":0,"engagementSEIrank":9,"engagementScore":0,"voiceSEI":0,"voiceSEIadj":0,"voiceSEIrank":8,"voiceScore":0}},"instagram":{"entityString":"548880daf372e13640a025c4","type":"instagram","profiles":0,"postsMade":0,"repliesMade":0,"repliesRcvd":0,"sharesMade":0,"sharesRcvd":0,"mentionsRcvd":0,"likesRcvd":0,"reachRcvd":0,"audience":0,"voice":0,"conversation":0,"engagement":0,"group_scoped":{"audienceScore":null,"voiceScore":0,"engagementScore":0,"combinedScore":null,"engagementSEI":0,"engagementSEIadj":0,"voiceSEI":0,"voiceSEIadj":0,"audienceSEI":0,"audienceSEIadj":0,"SEI":0,"SEIadj":0,"combinedScoreRank":18,"SEIrank":36,"engagementSEIrank":12,"voiceSEIrank":9,"audienceSEIrank":36},"non_scoped":{"SEI":0,"SEIrank":36,"SEIadj":0,"audienceSEI":0,"audienceSEIadj":0,"audienceSEIrank":36,"audienceScore":0,"combinedScore":0,"combinedScoreRank":36,"engagementSEI":0,"engagementSEIadj":0,"engagementSEIrank":12,"engagementScore":0,"voiceSEI":0,"voiceSEIadj":0,"voiceSEIrank":9,"voiceScore":0},"scoped":{"SEI":0,"SEIrank":30,"SEIadj":0,"audienceSEI":0,"audienceSEIadj":0,"audienceSEIrank":30,"audienceScore":0,"combinedScore":0,"combinedScoreRank":30,"engagementSEI":0,"engagementSEIadj":0,"engagementSEIrank":9,"engagementScore":0,"voiceSEI":0,"voiceSEIadj":0,"voiceSEIrank":8,"voiceScore":0}}},"hour":{"boundaryQuantum":4984410,"combined":{"entityString":"548880daf372e13640a025c4","type":"combined","profiles":2,"postsMade":0,"repliesMade":0,"repliesRcvd":0,"sharesMade":0,"sharesRcvd":0,"mentionsRcvd":0,"likesRcvd":0,"reachRcvd":0,"audience":5006,"voice":0,"conversation":0,"engagement":0,"group_scoped":{"audienceScore":0.42969071881780974,"voiceScore":0,"engagementScore":0,"combinedScore":0.42969071881780974,"combinedScoreRank":130,"SEIrank":162,"engagementSEIrank":63,"voiceSEIrank":21,"audienceSEIrank":156,"engagementSEI":0,"engagementSEIadj":0,"voiceSEI":0,"voiceSEIadj":0,"audienceSEI":0.5284180392587369,"audienceSEIadj":0.5284180392587369,"SEI":0.05284180392587369,"SEIadj":0.05284180392587369},"non_scoped":{"SEI":0.019911793063727284,"SEIrank":166,"SEIadj":0,"audienceSEI":0.19911793063727284,"audienceSEIadj":0,"audienceSEIrank":163,"audienceScore":0.036867369454272346,"combinedScore":0.0018433684727136173,"combinedScoreRank":167,"engagementSEI":0,"engagementSEIadj":0,"engagementSEIrank":63,"engagementScore":0,"voiceSEI":0,"voiceSEIadj":0,"voiceSEIrank":21,"voiceScore":0},"scoped":{"SEI":0.26139217703236856,"SEIrank":151,"SEIadj":0,"audienceSEI":2.6139217703236857,"audienceSEIadj":0,"audienceSEIrank":148,"audienceScore":0.10652525718955047,"combinedScore":0.005326262859477524,"combinedScoreRank":152,"engagementSEI":0,"engagementSEIadj":0,"engagementSEIrank":54,"engagementScore":0,"voiceSEI":0,"voiceSEIadj":0,"voiceSEIrank":15,"voiceScore":0}},"facebook":{"entityString":"548880daf372e13640a025c4","type":"facebook","profiles":1,"postsMade":0,"repliesMade":0,"repliesRcvd":0,"sharesMade":0,"sharesRcvd":0,"mentionsRcvd":0,"likesRcvd":0,"reachRcvd":0,"audience":2468,"voice":0,"conversation":0,"engagement":0,"group_scoped":{"audienceScore":0.22447015765663342,"voiceScore":0,"engagementScore":0,"combinedScore":0.22447015765663342,"combinedScoreRank":118,"SEIrank":131,"engagementSEIrank":48,"voiceSEIrank":15,"audienceSEIrank":129,"engagementSEI":0,"engagementSEIadj":0,"voiceSEI":0,"voiceSEIadj":0,"audienceSEI":0.2664892950775065,"audienceSEIadj":0.2664892950775065,"SEI":0.026648929507750652,"SEIadj":0.026648929507750652},"non_scoped":{"SEI":0.013412343703806756,"SEIrank":137,"SEIadj":0,"audienceSEI":0.13412343703806756,"audienceSEIadj":0,"audienceSEIrank":137,"audienceScore":0.02573473824705557,"combinedScore":0.0012867369123527785,"combinedScoreRank":138,"engagementSEI":0,"engagementSEIadj":0,"engagementSEIrank":48,"engagementScore":0,"voiceSEI":0,"voiceSEIadj":0,"voiceSEIrank":15,"voiceScore":0},"scoped":{"SEI":0.17331338965316256,"SEIrank":123,"SEIadj":0,"audienceSEI":1.7331338965316256,"audienceSEIadj":0,"audienceSEIrank":122,"audienceScore":0.10608953045066127,"combinedScore":0.005304476522533064,"combinedScoreRank":123,"engagementSEI":0,"engagementSEIadj":0,"engagementSEIrank":39,"engagementScore":0,"voiceSEI":0,"voiceSEIadj":0,"voiceSEIrank":9,"voiceScore":0}},"twitter":{"entityString":"548880daf372e13640a025c4","type":"twitter","profiles":1,"postsMade":0,"repliesMade":0,"repliesRcvd":0,"sharesMade":0,"sharesRcvd":0,"mentionsRcvd":0,"likesRcvd":0,"reachRcvd":0,"audience":2538,"voice":0,"conversation":0,"engagement":0,"group_scoped":{"audienceScore":3.872089830043023,"voiceScore":0,"engagementScore":0,"combinedScore":3.872089830043023,"combinedScoreRank":52,"SEIrank":63,"engagementSEIrank":41,"voiceSEIrank":19,"audienceSEIrank":40,"engagementSEI":0,"engagementSEIadj":0,"voiceSEI":0,"voiceSEIadj":0,"audienceSEI":11.949152542372882,"audienceSEIadj":11.949152542372882,"SEI":1.1949152542372883,"SEIadj":1.1949152542372883},"non_scoped":{"SEI":0.04580632120013284,"SEIrank":186,"SEIadj":0,"audienceSEI":0.4580632120013283,"audienceSEIadj":0,"audienceSEIrank":185,"audienceScore":0.07413175590615119,"combinedScore":0.0037065877953075597,"combinedScoreRank":186,"engagementSEI":0,"engagementSEIadj":0,"engagementSEIrank":41,"engagementScore":0,"voiceSEI":0,"voiceSEIadj":0,"voiceSEIrank":19,"voiceScore":0},"scoped":{"SEI":0.2177363314259242,"SEIrank":169,"SEIadj":0,"audienceSEI":2.177363314259242,"audienceSEIadj":0,"audienceSEIrank":168,"audienceScore":0.11768699155324572,"combinedScore":0.005884349577662287,"combinedScoreRank":169,"engagementSEI":0,"engagementSEIadj":0,"engagementSEIrank":35,"engagementScore":0,"voiceSEI":0,"voiceSEIadj":0,"voiceSEIrank":15,"voiceScore":0}},"instagram":{"entityString":"548880daf372e13640a025c4","type":"instagram","profiles":0,"postsMade":0,"repliesMade":0,"repliesRcvd":0,"sharesMade":0,"sharesRcvd":0,"mentionsRcvd":0,"likesRcvd":0,"reachRcvd":0,"audience":0,"voice":0,"conversation":0,"engagement":0,"group_scoped":{"audienceScore":null,"voiceScore":0,"engagementScore":0,"combinedScore":null,"combinedScoreRank":18,"SEIrank":36,"engagementSEIrank":18,"voiceSEIrank":9,"audienceSEIrank":36,"engagementSEI":0,"engagementSEIadj":0,"voiceSEI":0,"voiceSEIadj":0,"audienceSEI":0,"audienceSEIadj":0,"SEI":0,"SEIadj":0},"non_scoped":{"SEI":0,"SEIrank":36,"SEIadj":0,"audienceSEI":0,"audienceSEIadj":0,"audienceSEIrank":36,"audienceScore":0,"combinedScore":0,"combinedScoreRank":36,"engagementSEI":0,"engagementSEIadj":0,"engagementSEIrank":18,"engagementScore":0,"voiceSEI":0,"voiceSEIadj":0,"voiceSEIrank":9,"voiceScore":0},"scoped":{"SEI":0,"SEIrank":30,"SEIadj":0,"audienceSEI":0,"audienceSEIadj":0,"audienceSEIrank":30,"audienceScore":0,"combinedScore":0,"combinedScoreRank":30,"engagementSEI":0,"engagementSEIadj":0,"engagementSEIrank":14,"engagementScore":0,"voiceSEI":0,"voiceSEIadj":0,"voiceSEIrank":8,"voiceScore":0}}},"today":{"boundaryQuantum":4984134,"combined":{"entityString":"548880daf372e13640a025c4","type":"combined","profiles":2,"postsMade":0,"repliesMade":0,"repliesRcvd":0,"sharesMade":0,"sharesRcvd":0,"mentionsRcvd":0,"likesRcvd":9,"reachRcvd":0,"audience":5006,"voice":0,"conversation":0,"engagement":9,"group_scoped":{"audienceScore":0.42969071881780974,"voiceScore":0,"engagementScore":0.1370906321401371,"combinedScore":0.17889064452266173,"combinedScoreRank":147,"SEIrank":139,"engagementSEIrank":72,"voiceSEIrank":112,"audienceSEIrank":156,"engagementSEI":0.14734774066797643,"engagementSEIadj":0.14734774066797643,"voiceSEI":0,"voiceSEIadj":0,"audienceSEI":0.5284180392587369,"audienceSEIadj":0.5284180392587369,"SEI":0.14125044832665956,"SEIadj":0.14125044832665956},"non_scoped":{"SEI":0.022676869128921633,"SEIrank":177,"SEIadj":0,"audienceSEI":0.19911793063727284,"audienceSEIadj":0,"audienceSEIrank":163,"audienceScore":0.036867369454272346,"combinedScore":0.004004567217617458,"combinedScoreRank":157,"engagementSEI":0.004608460108657248,"engagementSEIadj":0,"engagementSEIrank":103,"engagementScore":0.0024013319387820443,"voiceSEI":0,"voiceSEIadj":0,"voiceSEIrank":112,"voiceScore":0},"scoped":{"SEI":0.2917616725613039,"SEIrank":161,"SEIadj":0,"audienceSEI":2.6139217703236857,"audienceSEIadj":0,"audienceSEIrank":148,"audienceScore":0.10652525718955047,"combinedScore":0.026979385186252543,"combinedScoreRank":122,"engagementSEI":0.05061582588155897,"engagementSEIadj":0,"engagementSEIrank":92,"engagementScore":0.0240590248075278,"voiceSEI":0,"voiceSEIadj":0,"voiceSEIrank":101,"voiceScore":0}},"facebook":{"entityString":"548880daf372e13640a025c4","type":"facebook","profiles":1,"postsMade":0,"repliesMade":0,"repliesRcvd":0,"sharesMade":0,"sharesRcvd":0,"mentionsRcvd":0,"likesRcvd":8,"reachRcvd":0,"audience":2468,"voice":0,"conversation":0,"engagement":8,"group_scoped":{"audienceScore":0.22447015765663342,"voiceScore":0,"engagementScore":0.12338062924120913,"combinedScore":0.1378219904434126,"combinedScoreRank":122,"SEIrank":99,"engagementSEIrank":50,"voiceSEIrank":59,"audienceSEIrank":129,"engagementSEI":0.13166556945358787,"engagementSEIadj":0.13166556945358787,"voiceSEI":0,"voiceSEIadj":0,"audienceSEI":0.2664892950775065,"audienceSEIadj":0.2664892950775065,"SEI":0.10564827117990337,"SEIadj":0.10564827117990337},"non_scoped":{"SEI":0.015968090940405057,"SEIrank":133,"SEIadj":0,"audienceSEI":0.13412343703806756,"audienceSEIadj":0,"audienceSEIrank":137,"audienceScore":0.02573473824705557,"combinedScore":0.003440742315316331,"combinedScoreRank":115,"engagementSEI":0.004259578727663834,"engagementSEIadj":0,"engagementSEIrank":76,"engagementScore":0.002393339336626169,"voiceSEI":0,"voiceSEIadj":0,"voiceSEIrank":59,"voiceScore":0},"scoped":{"SEI":0.31014349227573956,"SEIrank":107,"SEIadj":0,"audienceSEI":1.7331338965316256,"audienceSEIadj":0,"audienceSEIrank":122,"audienceScore":0.10608953045066127,"combinedScore":0.05322779920623914,"combinedScoreRank":80,"engagementSEI":0.22805017103762829,"engagementSEIadj":0,"engagementSEIrank":66,"engagementScore":0.05324813631522897,"voiceSEI":0,"voiceSEIadj":0,"voiceSEIrank":51,"voiceScore":0}},"twitter":{"entityString":"548880daf372e13640a025c4","type":"twitter","profiles":1,"postsMade":0,"repliesMade":0,"repliesRcvd":0,"sharesMade":0,"sharesRcvd":0,"mentionsRcvd":0,"likesRcvd":1,"reachRcvd":0,"audience":2538,"voice":0,"conversation":0,"engagement":1,"group_scoped":{"audienceScore":3.872089830043023,"voiceScore":0,"engagementScore":1.2345679012345678,"combinedScore":1.6113567482072044,"combinedScoreRank":92,"SEIrank":87,"engagementSEIrank":75,"voiceSEIrank":99,"audienceSEIrank":40,"engagementSEI":3.125,"engagementSEIadj":3.125,"voiceSEI":0,"voiceSEIadj":0,"audienceSEI":11.949152542372882,"audienceSEIadj":11.949152542372882,"SEI":3.069915254237288,"SEIadj":3.069915254237288},"non_scoped":{"SEI":0.08363734263771165,"SEIrank":175,"SEIadj":0,"audienceSEI":0.4580632120013283,"audienceSEIadj":0,"audienceSEIrank":185,"audienceScore":0.07413175590615119,"combinedScore":0.017951602040321805,"combinedScoreRank":141,"engagementSEI":0.06305170239596469,"engagementSEIadj":0,"engagementSEIrank":113,"engagementScore":0.015827793605571384,"voiceSEI":0,"voiceSEIadj":0,"voiceSEIrank":99,"voiceScore":0},"scoped":{"SEI":0.3292604949946974,"SEIrank":171,"SEIadj":0,"audienceSEI":2.177363314259242,"audienceSEIadj":0,"audienceSEIrank":168,"audienceScore":0.11768699155324572,"combinedScore":0.030919120092265905,"combinedScoreRank":126,"engagementSEI":0.18587360594795538,"engagementSEIadj":0,"engagementSEIrank":102,"engagementScore":0.027816411682892908,"voiceSEI":0,"voiceSEIadj":0,"voiceSEIrank":88,"voiceScore":0}},"instagram":{"entityString":"548880daf372e13640a025c4","type":"instagram","profiles":0,"postsMade":0,"repliesMade":0,"repliesRcvd":0,"sharesMade":0,"sharesRcvd":0,"mentionsRcvd":0,"likesRcvd":0,"reachRcvd":0,"audience":0,"voice":0,"conversation":0,"engagement":0,"group_scoped":{"audienceScore":null,"voiceScore":0,"engagementScore":0,"combinedScore":null,"combinedScoreRank":18,"SEIrank":36,"engagementSEIrank":28,"voiceSEIrank":15,"audienceSEIrank":36,"engagementSEI":0,"engagementSEIadj":0,"voiceSEI":0,"voiceSEIadj":0,"audienceSEI":0,"audienceSEIadj":0,"SEI":0,"SEIadj":0},"non_scoped":{"SEI":0,"SEIrank":36,"SEIadj":0,"audienceSEI":0,"audienceSEIadj":0,"audienceSEIrank":36,"audienceScore":0,"combinedScore":0,"combinedScoreRank":36,"engagementSEI":0,"engagementSEIadj":0,"engagementSEIrank":28,"engagementScore":0,"voiceSEI":0,"voiceSEIadj":0,"voiceSEIrank":15,"voiceScore":0},"scoped":{"SEI":0,"SEIrank":30,"SEIadj":0,"audienceSEI":0,"audienceSEIadj":0,"audienceSEIrank":30,"audienceScore":0,"combinedScore":0,"combinedScoreRank":30,"engagementSEI":0,"engagementSEIadj":0,"engagementSEIrank":22,"engagementScore":0,"voiceSEI":0,"voiceSEIadj":0,"voiceSEIrank":10,"voiceScore":0}}},"week":{"boundaryQuantum":4982406,"combined":{"entityString":"548880daf372e13640a025c4","type":"combined","profiles":2,"postsMade":36,"repliesMade":0,"repliesRcvd":2,"sharesMade":0,"sharesRcvd":0,"mentionsRcvd":0,"likesRcvd":133,"reachRcvd":0,"audience":5006,"voice":36,"conversation":38,"engagement":135,"group_scoped":{"audienceScore":0.42969071881780974,"voiceScore":5.930807248764415,"engagementScore":0.24855470044555733,"combinedScore":0.5417241287801129,"combinedScoreRank":56,"SEIrank":42,"engagementSEIrank":55,"voiceSEIrank":28,"audienceSEIrank":156,"engagementSEI":0.2750891492613347,"engagementSEIadj":0.2750891492613347,"voiceSEI":7.531380753138076,"voiceSEIadj":7.531380753138076,"audienceSEI":0.5284180392587369,"audienceSEIadj":0.5284180392587369,"SEI":2.477309519424097,"SEIadj":2.477309519424097},"non_scoped":{"SEI":1.2840140400027105,"SEIrank":50,"SEIadj":0,"audienceSEI":0.19911793063727284,"audienceSEIadj":0,"audienceSEIrank":163,"audienceScore":0.036867369454272346,"combinedScore":0.026516366613074032,"combinedScoreRank":96,"engagementSEI":0.013813822417684966,"engagementSEIadj":0,"engagementSEIrank":116,"engagementScore":0.005630323001204055,"voiceSEI":4.186046511627907,"voiceSEIadj":0,"voiceSEIrank":45,"voiceScore":0.39211414878553535},"scoped":{"SEI":5.395637466919681,"SEIrank":70,"SEIadj":0,"audienceSEI":2.6139217703236857,"audienceSEIadj":0,"audienceSEIrank":148,"audienceScore":0.10652525718955047,"combinedScore":0.10542601312560287,"combinedScoreRank":96,"engagementSEI":0.4489673750374139,"engagementSEIadj":0,"engagementSEIrank":104,"engagementScore":0.06557026704098384,"voiceSEI":16.216216216216218,"voiceSEIadj":0,"voiceSEIrank":35,"voiceScore":0.8217301985847979}},"facebook":{"entityString":"548880daf372e13640a025c4","type":"facebook","profiles":1,"postsMade":32,"repliesMade":0,"repliesRcvd":2,"sharesMade":0,"sharesRcvd":0,"mentionsRcvd":0,"likesRcvd":128,"reachRcvd":0,"audience":2468,"voice":32,"conversation":34,"engagement":130,"group_scoped":{"audienceScore":0.22447015765663342,"voiceScore":10.062893081761008,"engagementScore":0.24207664519012326,"combinedScore":0.732237142641993,"combinedScoreRank":41,"SEIrank":20,"engagementSEIrank":50,"voiceSEIrank":13,"audienceSEIrank":129,"engagementSEI":0.26646442699899564,"engagementSEIadj":0.26646442699899564,"voiceSEI":13.114754098360656,"voiceSEIadj":13.114754098360656,"audienceSEI":0.2664892950775065,"audienceSEIadj":0.2664892950775065,"SEI":4.120953815215344,"SEIadj":4.120953815215344},"non_scoped":{"SEI":2.4645553492805177,"SEIrank":15,"SEIadj":0,"audienceSEI":0.13412343703806756,"audienceSEIadj":0,"audienceSEIrank":137,"audienceScore":0.02573473824705557,"combinedScore":0.056092021246723515,"combinedScoreRank":50,"engagementSEI":0.013991523289428652,"engagementSEIadj":0,"engagementSEIrank":86,"engagementScore":0.005974223523275346,"voiceSEI":8.142493638676845,"voiceSEIadj":0,"voiceSEIrank":15,"voiceScore":0.9885696632684584},"scoped":{"SEI":11.675560192280194,"SEIrank":31,"SEIadj":0,"audienceSEI":1.7331338965316256,"audienceSEIadj":0,"audienceSEIrank":122,"audienceScore":0.10608953045066127,"combinedScore":0.22755986993402347,"combinedScoreRank":67,"engagementSEI":0.988593155893536,"engagementSEIadj":0,"engagementSEIrank":75,"engagementScore":0.09629130341389705,"voiceSEI":36.36363636363637,"voiceSEIadj":0,"voiceSEIrank":7,"voiceScore":2.711864406779661}},"twitter":{"entityString":"548880daf372e13640a025c4","type":"twitter","profiles":1,"postsMade":4,"repliesMade":0,"repliesRcvd":0,"sharesMade":0,"sharesRcvd":0,"mentionsRcvd":0,"likesRcvd":5,"reachRcvd":0,"audience":2538,"voice":4,"conversation":4,"engagement":5,"group_scoped":{"audienceScore":3.872089830043023,"voiceScore":1.384083044982699,"engagementScore":0.8169934640522877,"combinedScore":0.998102761398345,"combinedScoreRank":101,"SEIrank":91,"engagementSEIrank":96,"voiceSEIrank":128,"audienceSEIrank":40,"engagementSEI":1.7361111111111112,"engagementSEIadj":1.7361111111111112,"voiceSEI":1.7094017094017095,"voiceSEIadj":1.7094017094017095,"audienceSEI":11.949152542372882,"audienceSEIadj":11.949152542372882,"SEI":2.749402433724468,"SEIadj":2.749402433724468},"non_scoped":{"SEI":0.3134805978860545,"SEIrank":163,"SEIadj":0,"audienceSEI":0.4580632120013283,"audienceSEIadj":0,"audienceSEIrank":185,"audienceScore":0.07413175590615119,"combinedScore":0.01453130141242399,"combinedScoreRank":175,"engagementSEI":0.03204511952829584,"engagementSEIadj":0,"engagementSEIrank":170,"engagementScore":0.008152616990053808,"voiceSEI":0.8281573498964804,"voiceSEIadj":0,"voiceSEIrank":142,"voiceScore":0.06974716652136008},"scoped":{"SEI":1.0728063404593478,"SEIrank":153,"SEIadj":0,"audienceSEI":2.177363314259242,"audienceSEIadj":0,"audienceSEIrank":168,"audienceScore":0.11768699155324572,"combinedScore":0.027701056300899633,"combinedScoreRank":161,"engagementSEI":0.19054878048780488,"engagementSEIadj":0,"engagementSEIrank":157,"engagementScore":0.01715913380692543,"voiceSEI":2.4691358024691357,"voiceSEIadj":0,"voiceSEIrank":131,"voiceScore":0.12746972594008923}},"instagram":{"entityString":"548880daf372e13640a025c4","type":"instagram","profiles":0,"postsMade":0,"repliesMade":0,"repliesRcvd":0,"sharesMade":0,"sharesRcvd":0,"mentionsRcvd":0,"likesRcvd":0,"reachRcvd":0,"audience":0,"voice":0,"conversation":0,"engagement":0,"group_scoped":{"audienceScore":null,"voiceScore":0,"engagementScore":0,"combinedScore":null,"combinedScoreRank":18,"SEIrank":36,"engagementSEIrank":31,"voiceSEIrank":29,"audienceSEIrank":36,"engagementSEI":0,"engagementSEIadj":0,"voiceSEI":0,"voiceSEIadj":0,"audienceSEI":0,"audienceSEIadj":0,"SEI":0,"SEIadj":0},"non_scoped":{"SEI":0,"SEIrank":36,"SEIadj":0,"audienceSEI":0,"audienceSEIadj":0,"audienceSEIrank":36,"audienceScore":0,"combinedScore":0,"combinedScoreRank":36,"engagementSEI":0,"engagementSEIadj":0,"engagementSEIrank":31,"engagementScore":0,"voiceSEI":0,"voiceSEIadj":0,"voiceSEIrank":29,"voiceScore":0},"scoped":{"SEI":0,"SEIrank":30,"SEIadj":0,"audienceSEI":0,"audienceSEIadj":0,"audienceSEIrank":30,"audienceScore":0,"combinedScore":0,"combinedScoreRank":30,"engagementSEI":0,"engagementSEIadj":0,"engagementSEIrank":25,"engagementScore":0,"voiceSEI":0,"voiceSEIadj":0,"voiceSEIrank":23,"voiceScore":0}}},"month":{"boundaryQuantum":4975782,"combined":{"entityString":"548880daf372e13640a025c4","type":"combined","profiles":2,"postsMade":168,"repliesMade":0,"repliesRcvd":22,"sharesMade":0,"sharesRcvd":12,"mentionsRcvd":0,"likesRcvd":678,"reachRcvd":0,"audience":5006,"voice":168,"conversation":190,"engagement":712,"group_scoped":{"audienceScore":0.42969071881780974,"voiceScore":6.153846153846154,"engagementScore":0.3032832972687465,"combinedScore":0.60213181117507,"combinedScoreRank":51,"SEIrank":43,"engagementSEIrank":59,"voiceSEIrank":26,"audienceSEIrank":156,"engagementSEI":0.3457586293972534,"engagementSEIadj":0.3457586293972534,"voiceSEI":8.195121951219512,"voiceSEIadj":8.195121951219512,"audienceSEI":0.5284180392587369,"audienceSEIadj":0.5284180392587369,"SEI":2.7188335669300794,"SEIadj":2.7188335669300794},"non_scoped":{"SEI":1.4243502897839824,"SEIrank":47,"SEIadj":0,"audienceSEI":0.19911793063727284,"audienceSEIadj":0,"audienceSEIrank":163,"audienceScore":0.036867369454272346,"combinedScore":0.031050602379662687,"combinedScoreRank":91,"engagementSEI":0.019647655720089342,"engagementSEIadj":0,"engagementSEIrank":106,"engagementScore":0.00773824053712084,"voiceSEI":4.642166344294004,"voiceSEIadj":0,"voiceSEIrank":38,"voiceScore":0.4448563484708063},"scoped":{"SEI":5.961837662728626,"SEIrank":62,"SEIadj":0,"audienceSEI":2.6139217703236857,"audienceSEIadj":0,"audienceSEIrank":148,"audienceScore":0.10652525718955047,"combinedScore":0.11976964927246805,"combinedScoreRank":88,"engagementSEI":0.6586372130025346,"engagementSEIadj":0,"engagementSEIrank":96,"engagementScore":0.075046904315197,"voiceSEI":17.684210526315788,"voiceSEIadj":0,"voiceSEIrank":28,"voiceScore":0.9380234505862647}},"facebook":{"entityString":"548880daf372e13640a025c4","type":"facebook","profiles":1,"postsMade":128,"repliesMade":0,"repliesRcvd":22,"sharesMade":0,"sharesRcvd":4,"mentionsRcvd":0,"likesRcvd":627,"reachRcvd":0,"audience":2468,"voice":128,"conversation":150,"engagement":653,"group_scoped":{"audienceScore":0.22447015765663342,"voiceScore":9.288824383164005,"engagementScore":0.2818092759702568,"combinedScore":0.729293075414263,"combinedScoreRank":38,"SEIrank":22,"engagementSEIrank":54,"voiceSEIrank":13,"audienceSEIrank":129,"engagementSEI":0.3190455018492913,"engagementSEIadj":0.3190455018492913,"voiceSEI":12.343297974927676,"voiceSEIadj":12.343297974927676,"audienceSEI":0.2664892950775065,"audienceSEIadj":0.2664892950775065,"SEI":3.921065623095628,"SEIadj":3.921065623095628},"non_scoped":{"SEI":2.4722694658525897,"SEIrank":16,"SEIadj":0,"audienceSEI":0.13412343703806756,"audienceSEIadj":0,"audienceSEIrank":137,"audienceScore":0.02573473824705557,"combinedScore":0.05536538294620506,"combinedScoreRank":52,"engagementSEI":0.019063973498449335,"engagementSEIadj":0,"engagementSEIrank":87,"engagementScore":0.007895743299591224,"voiceSEI":8.158062460165711,"voiceSEIadj":0,"voiceSEIrank":14,"voiceScore":0.9394495412844036},"scoped":{"SEI":13.145365486132295,"SEIrank":24,"SEIadj":0,"audienceSEI":1.7331338965316256,"audienceSEIadj":0,"audienceSEIrank":122,"audienceScore":0.10608953045066127,"combinedScore":0.22296266364082395,"combinedScoreRank":65,"engagementSEI":0.7050541477266592,"engagementSEIadj":0,"engagementSEIrank":78,"engagementScore":0.09636143358660798,"voiceSEI":41.830065359477125,"voiceSEIadj":0,"voiceSEIrank":6,"voiceScore":2.618657937806874}},"twitter":{"entityString":"548880daf372e13640a025c4","type":"twitter","profiles":1,"postsMade":40,"repliesMade":0,"repliesRcvd":0,"sharesMade":0,"sharesRcvd":8,"mentionsRcvd":0,"likesRcvd":51,"reachRcvd":0,"audience":2538,"voice":40,"conversation":40,"engagement":59,"group_scoped":{"audienceScore":3.872089830043023,"voiceScore":2.9585798816568047,"engagementScore":1.936330817197243,"combinedScore":2.0842312210625105,"combinedScoreRank":71,"SEIrank":73,"engagementSEIrank":70,"voiceSEIrank":81,"audienceSEIrank":40,"engagementSEI":4.7162270183852915,"engagementSEIadj":4.7162270183852915,"voiceSEI":3.948667324777887,"voiceSEIadj":3.948667324777887,"audienceSEI":11.949152542372882,"audienceSEIadj":11.949152542372882,"SEI":5.2092516627018295,"SEIadj":5.2092516627018295},"non_scoped":{"SEI":0.7096391027453445,"SEIrank":132,"SEIadj":0,"audienceSEI":0.4580632120013283,"audienceSEIadj":0,"audienceSEIrank":185,"audienceScore":0.07413175590615119,"combinedScore":0.034296874216912326,"combinedScoreRank":157,"engagementSEI":0.10237190498499124,"engagementSEIadj":0,"engagementSEIrank":161,"engagementScore":0.02445504623661708,"voiceSEI":2.0080321285140563,"voiceSEIadj":0,"voiceSEIrank":102,"voiceScore":0.1716148961729878},"scoped":{"SEI":2.430306112996053,"SEIrank":131,"SEIadj":0,"audienceSEI":2.177363314259242,"audienceSEIadj":0,"audienceSEIrank":168,"audienceScore":0.11768699155324572,"combinedScore":0.06619700575926185,"combinedScoreRank":145,"engagementSEI":0.5820262405050804,"engagementSEIadj":0,"engagementSEIrank":149,"engagementScore":0.04964073569253034,"voiceSEI":6.211180124223603,"voiceSEIadj":0,"voiceSEIrank":92,"voiceScore":0.31271988116644517}},"instagram":{"entityString":"548880daf372e13640a025c4","type":"instagram","profiles":0,"postsMade":0,"repliesMade":0,"repliesRcvd":0,"sharesMade":0,"sharesRcvd":0,"mentionsRcvd":0,"likesRcvd":0,"reachRcvd":0,"audience":0,"voice":0,"conversation":0,"engagement":0,"group_scoped":{"audienceScore":null,"voiceScore":0,"engagementScore":0,"combinedScore":null,"combinedScoreRank":18,"SEIrank":36,"engagementSEIrank":31,"voiceSEIrank":30,"audienceSEIrank":36,"engagementSEI":0,"engagementSEIadj":0,"voiceSEI":0,"voiceSEIadj":0,"audienceSEI":0,"audienceSEIadj":0,"SEI":0,"SEIadj":0},"non_scoped":{"SEI":0,"SEIrank":36,"SEIadj":0,"audienceSEI":0,"audienceSEIadj":0,"audienceSEIrank":36,"audienceScore":0,"combinedScore":0,"combinedScoreRank":36,"engagementSEI":0,"engagementSEIadj":0,"engagementSEIrank":31,"engagementScore":0,"voiceSEI":0,"voiceSEIadj":0,"voiceSEIrank":30,"voiceScore":0},"scoped":{"SEI":0,"SEIrank":30,"SEIadj":0,"audienceSEI":0,"audienceSEIadj":0,"audienceSEIrank":30,"audienceScore":0,"combinedScore":0,"combinedScoreRank":30,"engagementSEI":0,"engagementSEIadj":0,"engagementSEIrank":25,"engagementScore":0,"voiceSEI":0,"voiceSEIadj":0,"voiceSEIrank":24,"voiceScore":0}}},"quarter":{"boundaryQuantum":4958502,"combined":{"entityString":"548880daf372e13640a025c4","type":"combined","profiles":2,"postsMade":428,"repliesMade":0,"repliesRcvd":49,"sharesMade":0,"sharesRcvd":31,"mentionsRcvd":0,"likesRcvd":1868,"reachRcvd":0,"audience":5006,"voice":428,"conversation":477,"engagement":1948,"group_scoped":{"audienceScore":0.42969071881780974,"voiceScore":5.268989289671304,"engagementScore":0.2638979955673807,"combinedScore":0.5224421964350984,"combinedScoreRank":56,"SEIrank":52,"engagementSEIrank":63,"voiceSEIrank":37,"audienceSEIrank":156,"engagementSEI":0.30072587940706985,"engagementSEIadj":0.30072587940706985,"voiceSEI":6.808781419026408,"voiceSEIadj":6.808781419026408,"audienceSEI":0.5284180392587369,"audienceSEIadj":0.5284180392587369,"SEI":2.275911757278038,"SEIadj":2.275911757278038},"non_scoped":{"SEI":1.2292109121796309,"SEIrank":57,"SEIadj":0,"audienceSEI":0.19911793063727284,"audienceSEIadj":0,"audienceSEIrank":163,"audienceScore":0.036867369454272346,"combinedScore":0.02680209620546669,"combinedScoreRank":98,"engagementSEI":0.016992741796335187,"engagementSEIadj":0,"engagementSEIrank":116,"engagementScore":0.006581076634407679,"voiceSEI":3.997011580127008,"voiceSEIadj":0,"voiceSEIrank":51,"voiceScore":0.3807151752357232},"scoped":{"SEI":5.495959384483311,"SEIrank":69,"SEIadj":0,"audienceSEI":2.6139217703236857,"audienceSEIadj":0,"audienceSEIrank":148,"audienceScore":0.10652525718955047,"combinedScore":0.10322855657141095,"combinedScoreRank":101,"engagementSEI":0.394189150085293,"engagementSEIadj":0,"engagementSEIrank":106,"engagementScore":0.06429929937529336,"voiceSEI":16.660179057999223,"voiceSEIadj":0,"voiceSEIrank":41,"voiceScore":0.8006584854833881}},"facebook":{"entityString":"548880daf372e13640a025c4","type":"facebook","profiles":1,"postsMade":348,"repliesMade":0,"repliesRcvd":49,"sharesMade":0,"sharesRcvd":18,"mentionsRcvd":0,"likesRcvd":1744,"reachRcvd":0,"audience":2468,"voice":348,"conversation":397,"engagement":1811,"group_scoped":{"audienceScore":0.22447015765663342,"voiceScore":8.73932697137117,"engagementScore":0.24805364862125454,"combinedScore":0.6714381402105193,"combinedScoreRank":41,"SEIrank":20,"engagementSEIrank":56,"voiceSEIrank":13,"audienceSEIrank":129,"engagementSEI":0.28108242342405265,"engagementSEIadj":0.28108242342405265,"voiceSEI":11.402359108781127,"voiceSEIadj":11.402359108781127,"audienceSEI":0.2664892950775065,"audienceSEIadj":0.2664892950775065,"SEI":3.61600611619652,"SEIadj":3.61600611619652},"non_scoped":{"SEI":2.215121141492028,"SEIrank":17,"SEIadj":0,"audienceSEI":0.13412343703806756,"audienceSEIadj":0,"audienceSEIrank":137,"audienceScore":0.02573473824705557,"combinedScore":0.050277953068079764,"combinedScoreRank":59,"engagementSEI":0.016354889728217133,"engagementSEIadj":0,"engagementSEIrank":93,"engagementScore":0.006806252085612654,"voiceSEI":7.306319546504304,"voiceSEIadj":0,"voiceSEIrank":16,"voiceScore":0.857311785573512},"scoped":{"SEI":13.829016012768953,"SEIrank":38,"SEIadj":0,"audienceSEI":1.7331338965316256,"audienceSEIadj":0,"audienceSEIrank":122,"audienceScore":0.10608953045066127,"combinedScore":0.20593622223590421,"combinedScoreRank":70,"engagementSEI":1.5399921767376996,"engagementSEIadj":0,"engagementSEIrank":84,"engagementScore":0.09097402995361378,"voiceSEI":42.4390243902439,"voiceSEIadj":0,"voiceSEIrank":8,"voiceScore":2.375102375102375}},"twitter":{"entityString":"548880daf372e13640a025c4","type":"twitter","profiles":1,"postsMade":80,"repliesMade":0,"repliesRcvd":0,"sharesMade":0,"sharesRcvd":13,"mentionsRcvd":0,"likesRcvd":124,"reachRcvd":0,"audience":2538,"voice":80,"conversation":80,"engagement":137,"group_scoped":{"audienceScore":3.872089830043023,"voiceScore":1.931900507123883,"engagementScore":1.6955445544554457,"combinedScore":1.8161896158682465,"combinedScoreRank":76,"SEIrank":83,"engagementSEIrank":76,"voiceSEIrank":111,"audienceSEIrank":40,"engagementSEI":3.9469893402477676,"engagementSEIadj":3.9469893402477676,"voiceSEI":2.473716759431045,"voiceSEIadj":2.473716759431045,"audienceSEI":11.949152542372882,"audienceSEIadj":11.949152542372882,"SEI":4.305223886215263,"SEIadj":4.305223886215263},"non_scoped":{"SEI":0.4842546912401755,"SEIrank":152,"SEIadj":0,"audienceSEI":0.4580632120013283,"audienceSEIadj":0,"audienceSEIrank":185,"audienceScore":0.07413175590615119,"combinedScore":0.02428870422338487,"combinedScoreRank":173,"engagementSEI":0.06496832201525096,"engagementSEIadj":0,"engagementSEIrank":172,"engagementScore":0.016483780922129175,"voiceSEI":1.3315579227696404,"voiceSEIadj":0,"voiceSEIrank":126,"voiceScore":0.11493427196322104},"scoped":{"SEI":1.8193737646931876,"SEIrank":148,"SEIadj":0,"audienceSEI":2.177363314259242,"audienceSEIadj":0,"audienceSEIrank":168,"audienceScore":0.11768699155324572,"combinedScore":0.04712233701698312,"combinedScoreRank":161,"engagementSEI":0.43100736173157994,"engagementSEIadj":0,"engagementSEIrank":160,"engagementScore":0.03417464490797791,"voiceSEI":4.476776720761052,"voiceSEIadj":0,"voiceSEIrank":116,"voiceScore":0.20961614044281413}},"instagram":{"entityString":"548880daf372e13640a025c4","type":"instagram","profiles":0,"postsMade":0,"repliesMade":0,"repliesRcvd":0,"sharesMade":0,"sharesRcvd":0,"mentionsRcvd":0,"likesRcvd":0,"reachRcvd":0,"audience":0,"voice":0,"conversation":0,"engagement":0,"group_scoped":{"audienceScore":null,"voiceScore":0,"engagementScore":0,"combinedScore":null,"combinedScoreRank":18,"SEIrank":36,"engagementSEIrank":31,"voiceSEIrank":31,"audienceSEIrank":36,"engagementSEI":0,"engagementSEIadj":0,"voiceSEI":0,"voiceSEIadj":0,"audienceSEI":0,"audienceSEIadj":0,"SEI":0,"SEIadj":0},"non_scoped":{"SEI":0,"SEIrank":36,"SEIadj":0,"audienceSEI":0,"audienceSEIadj":0,"audienceSEIrank":36,"audienceScore":0,"combinedScore":0,"combinedScoreRank":36,"engagementSEI":0,"engagementSEIadj":0,"engagementSEIrank":31,"engagementScore":0,"voiceSEI":0,"voiceSEIadj":0,"voiceSEIrank":31,"voiceScore":0},"scoped":{"SEI":0,"SEIrank":30,"SEIadj":0,"audienceSEI":0,"audienceSEIadj":0,"audienceSEIrank":30,"audienceScore":0,"combinedScore":0,"combinedScoreRank":30,"engagementSEI":0,"engagementSEIadj":0,"engagementSEIrank":25,"engagementScore":0,"voiceSEI":0,"voiceSEIadj":0,"voiceSEIrank":25,"voiceScore":0}}},"blended":{"combined":{"non_scoped":{"SEI":1.214596055014672,"SEIadj":60.48583842200587,"SEIrank":55,"audienceSEI":0.19911793063727284,"audienceSEIadj":40.11947075838236,"audienceSEIrank":163,"engagementSEI":0.01581808898691935,"engagementSEIadj":50.00790904449346,"engagementSEIrank":113,"voiceSEI":3.950644695195977,"voiceSEIadj":61.58025787807839,"voiceSEIrank":52},"scoped":{"SEI":16.00940634566974,"SEIadj":66.4037625382679,"SEIrank":41,"compCharisma":0,"compInfluence":12,"compEva":4.009406345669738,"audienceSEI":2.6139217703236857,"audienceSEIadj":41.56835306219421,"audienceSEIrank":148,"engagementSEI":0.4331111607983288,"engagementSEIadj":50.21655558039917,"engagementSEIrank":103,"voiceSEI":15.847585972811844,"voiceSEIadj":66.33903438912473,"voiceSEIrank":40}},"facebook":{"non_scoped":{"SEI":2.218565999955078,"SEIadj":70.66556979998653,"SEIrank":17,"audienceSEI":0.13412343703806756,"audienceSEIadj":50.067061718519035,"audienceSEIrank":137,"engagementSEI":0.015447476812087755,"engagementSEIadj":50.00772373840604,"engagementSEIrank":91,"voiceSEI":7.319617233880063,"voiceSEIadj":72.19588517016402,"voiceSEIrank":14},"scoped":{"SEI":12.404488061602168,"SEIadj":64.96179522464087,"SEIrank":33,"audienceSEI":1.7331338965316254,"audienceSEIadj":50.86656694826581,"audienceSEIrank":122,"engagementSEI":1.183734665847791,"engagementSEIadj":50.5918673329239,"engagementSEIrank":83,"voiceSEI":38.40311290813443,"voiceSEIadj":81.52093387244032,"voiceSEIrank":6}},"twitter":{"non_scoped":{"SEI":0.4467992575295913,"SEIadj":50.223399628764795,"SEIrank":156,"audienceSEI":0.4580632120013283,"audienceSEIadj":40.2748379272008,"audienceSEIrank":185,"engagementSEI":0.06060606773366115,"engagementSEIadj":40.0363636406402,"engagementSEIrank":173,"voiceSEI":1.2154309856308727,"voiceSEIadj":50.60771549281544,"voiceSEIrank":130},"scoped":{"SEI":1.6125377261835407,"SEIadj":40.967522635710125,"SEIrank":148,"audienceSEI":2.177363314259242,"audienceSEIadj":41.306417988555545,"audienceSEIrank":168,"engagementSEI":0.3692659313852912,"engagementSEIadj":40.221559558831174,"engagementSEIrank":161,"voiceSEI":3.910806119754807,"voiceSEIadj":51.955403059877405,"voiceSEIrank":118}},"instagram":{"non_scoped":{"SEI":0,"SEIadj":0,"SEIrank":36,"audienceSEI":0,"audienceSEIadj":0,"audienceSEIrank":36,"engagementSEI":0,"engagementSEIadj":0,"engagementSEIrank":31,"voiceSEI":0,"voiceSEIadj":0,"voiceSEIrank":31},"scoped":{"SEI":0,"SEIadj":0,"SEIrank":30,"audienceSEI":0,"audienceSEIadj":0,"audienceSEIrank":30,"engagementSEI":0,"engagementSEIadj":0,"engagementSEIrank":25,"voiceSEI":0,"voiceSEIadj":0,"voiceSEIrank":25}},"influence":{"instagram":{"scope":"individual","ratio":0,"calculated":false},"combined":{"ratio":2,"bottom":true,"scope":"individual","calculated":true},"facebook":{"ratio":2,"bottom":true,"scope":"individual","calculated":true},"twitter":{"ratio":0.39,"bottom":false,"scope":"individual","calculated":true}},"charisma":{"instagram":{"scope":"individual","ratio":0,"calculated":false},"combined":{"ratio":0.07,"bottom":false,"scope":"individual","calculated":true},"facebook":{"ratio":0.04,"bottom":false,"scope":"individual","calculated":true},"twitter":{"ratio":0.17,"bottom":false,"scope":"individual","calculated":true}}},"scope":"individual"}}