{"scoreEntityString":"591d1494ab33fb0001804f89.asset.5588109701412cb93c595cce","timeQuantum":4984422,"scoreEntityType":"asset","scoreProfileID":"591d1494ab33fb0001804f89","data":{"scoreEntityString":"591d1494ab33fb0001804f89.asset.5588109701412cb93c595cce","scoreProfileID":"591d1494ab33fb0001804f89","scoreEntityType":"asset","entityID":"asset.5588109701412cb93c595cce","object_version":"1.2","score_engine_version":"3.0.19","timestamp":4984422,"start_quantum":4958502,"end_quantum":4984421,"schedule_options":{"interval":15,"offset":"1"},"_15min":{"boundaryQuantum":4984419,"combined":{"entityString":"5588109701412cb93c595cce","type":"combined","profiles":2,"postsMade":0,"repliesMade":0,"repliesRcvd":0,"sharesMade":0,"sharesRcvd":0,"mentionsRcvd":0,"likesRcvd":0,"reachRcvd":0,"audience":9808,"voice":0,"conversation":0,"engagement":0,"group_scoped":{"audienceScore":0.33723461427243734,"voiceScore":0,"engagementScore":0,"combinedScore":0.33723461427243734,"engagementSEI":0,"engagementSEIadj":0,"voiceSEI":0,"voiceSEIadj":0,"audienceSEI":0.5181637308633914,"audienceSEIadj":0.5181637308633914,"SEI":0.05181637308633914,"SEIadj":0.05181637308633914,"combinedScoreRank":158,"SEIrank":158,"engagementSEIrank":96,"voiceSEIrank":92,"audienceSEIrank":158},"non_scoped":{"SEI":0.03901215868338738,"SEIrank":125,"SEIadj":0,"audienceSEI":0.39012158683387377,"audienceSEIadj":0,"audienceSEIrank":125,"audienceScore":0.0722323530977833,"combinedScore":0.0036116176548891647,"combinedScoreRank":125,"engagementSEI":0,"engagementSEIadj":0,"engagementSEIrank":96,"engagementScore":0,"voiceSEI":0,"voiceSEIadj":0,"voiceSEIrank":92,"voiceScore":0},"scoped":{"SEI":0.5121323356638976,"SEIrank":112,"SEIadj":0,"audienceSEI":5.1213233566389755,"audienceSEIadj":0,"audienceSEIrank":112,"audienceScore":0.20870949311128867,"combinedScore":0.029815641873041237,"combinedScoreRank":112,"engagementSEI":0,"engagementSEIadj":0,"engagementSEIrank":82,"engagementScore":0,"voiceSEI":0,"voiceSEIadj":0,"voiceSEIrank":80,"voiceScore":0}},"facebook":{"entityString":"5588109701412cb93c595cce","type":"facebook","profiles":1,"postsMade":0,"repliesMade":0,"repliesRcvd":0,"sharesMade":0,"sharesRcvd":0,"mentionsRcvd":0,"likesRcvd":0,"reachRcvd":0,"audience":2785,"voice":0,"conversation":0,"engagement":0,"group_scoped":{"audienceScore":0.1353840410167463,"voiceScore":0,"engagementScore":0,"combinedScore":0.1353840410167463,"engagementSEI":0,"engagementSEIadj":0,"voiceSEI":0,"voiceSEIadj":0,"audienceSEI":0.16085202480066765,"audienceSEIadj":0.16085202480066765,"SEI":0.016085202480066767,"SEIadj":0.016085202480066767,"combinedScoreRank":144,"SEIrank":146,"engagementSEIrank":95,"voiceSEIrank":92,"audienceSEIrank":146},"non_scoped":{"SEI":0.015135079908874319,"SEIrank":129,"SEIadj":0,"audienceSEI":0.1513507990887432,"audienceSEIadj":0,"audienceSEIrank":129,"audienceScore":0.02904021313535242,"combinedScore":0.001452010656767621,"combinedScoreRank":129,"engagementSEI":0,"engagementSEIadj":0,"engagementSEIrank":95,"engagementScore":0,"voiceSEI":0,"voiceSEIadj":0,"voiceSEIrank":92,"voiceScore":0},"scoped":{"SEI":0.1955744692804124,"SEIrank":114,"SEIadj":0,"audienceSEI":1.9557446928041238,"audienceSEIadj":0,"audienceSEIrank":114,"audienceScore":0.11971610304096097,"combinedScore":0.017102300434422995,"combinedScoreRank":114,"engagementSEI":0,"engagementSEIadj":0,"engagementSEIrank":81,"engagementScore":0,"voiceSEI":0,"voiceSEIadj":0,"voiceSEIrank":80,"voiceScore":0}},"twitter":{"entityString":"5588109701412cb93c595cce","type":"twitter","profiles":1,"postsMade":0,"repliesMade":0,"repliesRcvd":0,"sharesMade":0,"sharesRcvd":0,"mentionsRcvd":0,"likesRcvd":0,"reachRcvd":0,"audience":7023,"voice":0,"conversation":0,"engagement":0,"group_scoped":{"audienceScore":1.2358583698917238,"voiceScore":0,"engagementScore":0,"combinedScore":1.2358583698917238,"engagementSEI":0,"engagementSEIadj":0,"voiceSEI":0,"voiceSEIadj":0,"audienceSEI":7.400265537080357,"audienceSEIadj":7.400265537080357,"SEI":0.7400265537080357,"SEIadj":0.7400265537080357,"combinedScoreRank":116,"SEIrank":68,"engagementSEIrank":93,"voiceSEIrank":91,"audienceSEIrank":67},"non_scoped":{"SEI":0.126752479822117,"SEIrank":105,"SEIadj":0,"audienceSEI":1.2675247982211697,"audienceSEIadj":0,"audienceSEIrank":105,"audienceScore":0.20513290848262403,"combinedScore":0.010256645424131202,"combinedScoreRank":105,"engagementSEI":0,"engagementSEIadj":0,"engagementSEIrank":93,"engagementScore":0,"voiceSEI":0,"voiceSEIadj":0,"voiceSEIrank":91,"voiceScore":0},"scoped":{"SEI":0.6025067988984498,"SEIrank":92,"SEIadj":0,"audienceSEI":6.025067988984498,"audienceSEIadj":0,"audienceSEIrank":92,"audienceScore":0.3256563205982839,"combinedScore":0.04652233151404056,"combinedScoreRank":92,"engagementSEI":0,"engagementSEIadj":0,"engagementSEIrank":81,"engagementScore":0,"voiceSEI":0,"voiceSEIadj":0,"voiceSEIrank":80,"voiceScore":0}},"instagram":{"entityString":"5588109701412cb93c595cce","type":"instagram","profiles":0,"postsMade":0,"repliesMade":0,"repliesRcvd":0,"sharesMade":0,"sharesRcvd":0,"mentionsRcvd":0,"likesRcvd":0,"reachRcvd":0,"audience":0,"voice":0,"conversation":0,"engagement":0,"group_scoped":{"audienceScore":0,"voiceScore":0,"engagementScore":0,"combinedScore":0,"engagementSEI":0,"engagementSEIadj":0,"voiceSEI":0,"voiceSEIadj":0,"audienceSEI":0,"audienceSEIadj":0,"SEI":0,"SEIadj":0,"combinedScoreRank":117,"SEIrank":99,"engagementSEIrank":92,"voiceSEIrank":91,"audienceSEIrank":99},"non_scoped":{"SEI":0,"SEIrank":99,"SEIadj":0,"audienceSEI":0,"audienceSEIadj":0,"audienceSEIrank":99,"audienceScore":0,"combinedScore":0,"combinedScoreRank":99,"engagementSEI":0,"engagementSEIadj":0,"engagementSEIrank":92,"engagementScore":0,"voiceSEI":0,"voiceSEIadj":0,"voiceSEIrank":91,"voiceScore":0},"scoped":{"SEI":0,"SEIrank":85,"SEIadj":0,"audienceSEI":0,"audienceSEIadj":0,"audienceSEIrank":85,"audienceScore":0,"combinedScore":0,"combinedScoreRank":85,"engagementSEI":0,"engagementSEIadj":0,"engagementSEIrank":80,"engagementScore":0,"voiceSEI":0,"voiceSEIadj":0,"voiceSEIrank":80,"voiceScore":0}}},"hour":{"boundaryQuantum":4984410,"combined":{"entityString":"5588109701412cb93c595cce","type":"combined","profiles":2,"postsMade":0,"repliesMade":0,"repliesRcvd":0,"sharesMade":0,"sharesRcvd":0,"mentionsRcvd":0,"likesRcvd":0,"reachRcvd":0,"audience":9808,"voice":0,"conversation":0,"engagement":0,"group_scoped":{"audienceScore":0.33723461427243734,"voiceScore":0,"engagementScore":0,"combinedScore":0.33723461427243734,"combinedScoreRank":145,"SEIrank":164,"engagementSEIrank":125,"voiceSEIrank":97,"audienceSEIrank":158,"engagementSEI":0,"engagementSEIadj":0,"voiceSEI":0,"voiceSEIadj":0,"audienceSEI":0.5181637308633914,"audienceSEIadj":0.5181637308633914,"SEI":0.05181637308633914,"SEIadj":0.05181637308633914},"non_scoped":{"SEI":0.03901215868338738,"SEIrank":129,"SEIadj":0,"audienceSEI":0.39012158683387377,"audienceSEIadj":0,"audienceSEIrank":125,"audienceScore":0.0722323530977833,"combinedScore":0.0036116176548891647,"combinedScoreRank":133,"engagementSEI":0,"engagementSEIadj":0,"engagementSEIrank":125,"engagementScore":0,"voiceSEI":0,"voiceSEIadj":0,"voiceSEIrank":97,"voiceScore":0},"scoped":{"SEI":0.5121323356638976,"SEIrank":114,"SEIadj":0,"audienceSEI":5.1213233566389755,"audienceSEIadj":0,"audienceSEIrank":112,"audienceScore":0.20870949311128867,"combinedScore":0.010435474655564434,"combinedScoreRank":120,"engagementSEI":0,"engagementSEIadj":0,"engagementSEIrank":109,"engagementScore":0,"voiceSEI":0,"voiceSEIadj":0,"voiceSEIrank":83,"voiceScore":0}},"facebook":{"entityString":"5588109701412cb93c595cce","type":"facebook","profiles":1,"postsMade":0,"repliesMade":0,"repliesRcvd":0,"sharesMade":0,"sharesRcvd":0,"mentionsRcvd":0,"likesRcvd":0,"reachRcvd":0,"audience":2785,"voice":0,"conversation":0,"engagement":0,"group_scoped":{"audienceScore":0.1353840410167463,"voiceScore":0,"engagementScore":0,"combinedScore":0.1353840410167463,"combinedScoreRank":141,"SEIrank":147,"engagementSEIrank":119,"voiceSEIrank":94,"audienceSEIrank":146,"engagementSEI":0,"engagementSEIadj":0,"voiceSEI":0,"voiceSEIadj":0,"audienceSEI":0.16085202480066765,"audienceSEIadj":0.16085202480066765,"SEI":0.016085202480066767,"SEIadj":0.016085202480066767},"non_scoped":{"SEI":0.015135079908874319,"SEIrank":129,"SEIadj":0,"audienceSEI":0.1513507990887432,"audienceSEIadj":0,"audienceSEIrank":129,"audienceScore":0.02904021313535242,"combinedScore":0.001452010656767621,"combinedScoreRank":130,"engagementSEI":0,"engagementSEIadj":0,"engagementSEIrank":119,"engagementScore":0,"voiceSEI":0,"voiceSEIadj":0,"voiceSEIrank":94,"voiceScore":0},"scoped":{"SEI":0.1955744692804124,"SEIrank":115,"SEIadj":0,"audienceSEI":1.9557446928041238,"audienceSEIadj":0,"audienceSEIrank":114,"audienceScore":0.11971610304096097,"combinedScore":0.005985805152048049,"combinedScoreRank":115,"engagementSEI":0,"engagementSEIadj":0,"engagementSEIrank":103,"engagementScore":0,"voiceSEI":0,"voiceSEIadj":0,"voiceSEIrank":80,"voiceScore":0}},"twitter":{"entityString":"5588109701412cb93c595cce","type":"twitter","profiles":1,"postsMade":0,"repliesMade":0,"repliesRcvd":0,"sharesMade":0,"sharesRcvd":0,"mentionsRcvd":0,"likesRcvd":0,"reachRcvd":0,"audience":7023,"voice":0,"conversation":0,"engagement":0,"group_scoped":{"audienceScore":1.2358583698917238,"voiceScore":0,"engagementScore":0,"combinedScore":1.2358583698917238,"combinedScoreRank":119,"SEIrank":88,"engagementSEIrank":110,"voiceSEIrank":96,"audienceSEIrank":67,"engagementSEI":0,"engagementSEIadj":0,"voiceSEI":0,"voiceSEIadj":0,"audienceSEI":7.400265537080357,"audienceSEIadj":7.400265537080357,"SEI":0.7400265537080357,"SEIadj":0.7400265537080357},"non_scoped":{"SEI":0.126752479822117,"SEIrank":113,"SEIadj":0,"audienceSEI":1.2675247982211697,"audienceSEIadj":0,"audienceSEIrank":105,"audienceScore":0.20513290848262403,"combinedScore":0.010256645424131202,"combinedScoreRank":113,"engagementSEI":0,"engagementSEIadj":0,"engagementSEIrank":110,"engagementScore":0,"voiceSEI":0,"voiceSEIadj":0,"voiceSEIrank":96,"voiceScore":0},"scoped":{"SEI":0.6025067988984498,"SEIrank":100,"SEIadj":0,"audienceSEI":6.025067988984498,"audienceSEIadj":0,"audienceSEIrank":92,"audienceScore":0.3256563205982839,"combinedScore":0.016282816029914198,"combinedScoreRank":100,"engagementSEI":0,"engagementSEIadj":0,"engagementSEIrank":96,"engagementScore":0,"voiceSEI":0,"voiceSEIadj":0,"voiceSEIrank":83,"voiceScore":0}},"instagram":{"entityString":"5588109701412cb93c595cce","type":"instagram","profiles":0,"postsMade":0,"repliesMade":0,"repliesRcvd":0,"sharesMade":0,"sharesRcvd":0,"mentionsRcvd":0,"likesRcvd":0,"reachRcvd":0,"audience":0,"voice":0,"conversation":0,"engagement":0,"group_scoped":{"audienceScore":0,"voiceScore":0,"engagementScore":0,"combinedScore":0,"combinedScoreRank":117,"SEIrank":99,"engagementSEIrank":95,"voiceSEIrank":91,"audienceSEIrank":99,"engagementSEI":0,"engagementSEIadj":0,"voiceSEI":0,"voiceSEIadj":0,"audienceSEI":0,"audienceSEIadj":0,"SEI":0,"SEIadj":0},"non_scoped":{"SEI":0,"SEIrank":99,"SEIadj":0,"audienceSEI":0,"audienceSEIadj":0,"audienceSEIrank":99,"audienceScore":0,"combinedScore":0,"combinedScoreRank":99,"engagementSEI":0,"engagementSEIadj":0,"engagementSEIrank":95,"engagementScore":0,"voiceSEI":0,"voiceSEIadj":0,"voiceSEIrank":91,"voiceScore":0},"scoped":{"SEI":0,"SEIrank":85,"SEIadj":0,"audienceSEI":0,"audienceSEIadj":0,"audienceSEIrank":85,"audienceScore":0,"combinedScore":0,"combinedScoreRank":85,"engagementSEI":0,"engagementSEIadj":0,"engagementSEIrank":83,"engagementScore":0,"voiceSEI":0,"voiceSEIadj":0,"voiceSEIrank":80,"voiceScore":0}}},"today":{"boundaryQuantum":4984134,"combined":{"entityString":"5588109701412cb93c595cce","type":"combined","profiles":2,"postsMade":0,"repliesMade":0,"repliesRcvd":0,"sharesMade":0,"sharesRcvd":0,"mentionsRcvd":0,"likesRcvd":0,"reachRcvd":0,"audience":9808,"voice":0,"conversation":0,"engagement":0,"group_scoped":{"audienceScore":0.33723461427243734,"voiceScore":0,"engagementScore":0,"combinedScore":0.33723461427243734,"combinedScoreRank":97,"SEIrank":185,"engagementSEIrank":194,"voiceSEIrank":160,"audienceSEIrank":158,"engagementSEI":0,"engagementSEIadj":0,"voiceSEI":0,"voiceSEIadj":0,"audienceSEI":0.5181637308633914,"audienceSEIadj":0.5181637308633914,"SEI":0.05181637308633914,"SEIadj":0.05181637308633914},"non_scoped":{"SEI":0.03901215868338738,"SEIrank":156,"SEIadj":0,"audienceSEI":0.39012158683387377,"audienceSEIadj":0,"audienceSEIrank":125,"audienceScore":0.0722323530977833,"combinedScore":0.0036116176548891647,"combinedScoreRank":164,"engagementSEI":0,"engagementSEIadj":0,"engagementSEIrank":194,"engagementScore":0,"voiceSEI":0,"voiceSEIadj":0,"voiceSEIrank":160,"voiceScore":0},"scoped":{"SEI":0.5121323356638976,"SEIrank":141,"SEIadj":0,"audienceSEI":5.1213233566389755,"audienceSEIadj":0,"audienceSEIrank":112,"audienceScore":0.20870949311128867,"combinedScore":0.010435474655564434,"combinedScoreRank":155,"engagementSEI":0,"engagementSEIadj":0,"engagementSEIrank":175,"engagementScore":0,"voiceSEI":0,"voiceSEIadj":0,"voiceSEIrank":142,"voiceScore":0}},"facebook":{"entityString":"5588109701412cb93c595cce","type":"facebook","profiles":1,"postsMade":0,"repliesMade":0,"repliesRcvd":0,"sharesMade":0,"sharesRcvd":0,"mentionsRcvd":0,"likesRcvd":0,"reachRcvd":0,"audience":2785,"voice":0,"conversation":0,"engagement":0,"group_scoped":{"audienceScore":0.1353840410167463,"voiceScore":0,"engagementScore":0,"combinedScore":0.1353840410167463,"combinedScoreRank":124,"SEIrank":149,"engagementSEIrank":165,"voiceSEIrank":129,"audienceSEIrank":146,"engagementSEI":0,"engagementSEIadj":0,"voiceSEI":0,"voiceSEIadj":0,"audienceSEI":0.16085202480066765,"audienceSEIadj":0.16085202480066765,"SEI":0.016085202480066767,"SEIadj":0.016085202480066767},"non_scoped":{"SEI":0.015135079908874319,"SEIrank":135,"SEIadj":0,"audienceSEI":0.1513507990887432,"audienceSEIadj":0,"audienceSEIrank":129,"audienceScore":0.02904021313535242,"combinedScore":0.001452010656767621,"combinedScoreRank":139,"engagementSEI":0,"engagementSEIadj":0,"engagementSEIrank":165,"engagementScore":0,"voiceSEI":0,"voiceSEIadj":0,"voiceSEIrank":129,"voiceScore":0},"scoped":{"SEI":0.1955744692804124,"SEIrank":123,"SEIadj":0,"audienceSEI":1.9557446928041238,"audienceSEIadj":0,"audienceSEIrank":114,"audienceScore":0.11971610304096097,"combinedScore":0.005985805152048049,"combinedScoreRank":127,"engagementSEI":0,"engagementSEIadj":0,"engagementSEIrank":148,"engagementScore":0,"voiceSEI":0,"voiceSEIadj":0,"voiceSEIrank":114,"voiceScore":0}},"twitter":{"entityString":"5588109701412cb93c595cce","type":"twitter","profiles":1,"postsMade":0,"repliesMade":0,"repliesRcvd":0,"sharesMade":0,"sharesRcvd":0,"mentionsRcvd":0,"likesRcvd":0,"reachRcvd":0,"audience":7023,"voice":0,"conversation":0,"engagement":0,"group_scoped":{"audienceScore":1.2358583698917238,"voiceScore":0,"engagementScore":0,"combinedScore":1.2358583698917238,"combinedScoreRank":115,"SEIrank":141,"engagementSEIrank":173,"voiceSEIrank":149,"audienceSEIrank":67,"engagementSEI":0,"engagementSEIadj":0,"voiceSEI":0,"voiceSEIadj":0,"audienceSEI":7.400265537080357,"audienceSEIadj":7.400265537080357,"SEI":0.7400265537080357,"SEIadj":0.7400265537080357},"non_scoped":{"SEI":0.126752479822117,"SEIrank":155,"SEIadj":0,"audienceSEI":1.2675247982211697,"audienceSEIadj":0,"audienceSEIrank":105,"audienceScore":0.20513290848262403,"combinedScore":0.010256645424131202,"combinedScoreRank":164,"engagementSEI":0,"engagementSEIadj":0,"engagementSEIrank":173,"engagementScore":0,"voiceSEI":0,"voiceSEIadj":0,"voiceSEIrank":149,"voiceScore":0},"scoped":{"SEI":0.6025067988984498,"SEIrank":138,"SEIadj":0,"audienceSEI":6.025067988984498,"audienceSEIadj":0,"audienceSEIrank":92,"audienceScore":0.3256563205982839,"combinedScore":0.016282816029914198,"combinedScoreRank":149,"engagementSEI":0,"engagementSEIadj":0,"engagementSEIrank":155,"engagementScore":0,"voiceSEI":0,"voiceSEIadj":0,"voiceSEIrank":131,"voiceScore":0}},"instagram":{"entityString":"5588109701412cb93c595cce","type":"instagram","profiles":0,"postsMade":0,"repliesMade":0,"repliesRcvd":0,"sharesMade":0,"sharesRcvd":0,"mentionsRcvd":0,"likesRcvd":0,"reachRcvd":0,"audience":0,"voice":0,"conversation":0,"engagement":0,"group_scoped":{"audienceScore":0,"voiceScore":0,"engagementScore":0,"combinedScore":0,"combinedScoreRank":117,"SEIrank":99,"engagementSEIrank":98,"voiceSEIrank":93,"audienceSEIrank":99,"engagementSEI":0,"engagementSEIadj":0,"voiceSEI":0,"voiceSEIadj":0,"audienceSEI":0,"audienceSEIadj":0,"SEI":0,"SEIadj":0},"non_scoped":{"SEI":0,"SEIrank":99,"SEIadj":0,"audienceSEI":0,"audienceSEIadj":0,"audienceSEIrank":99,"audienceScore":0,"combinedScore":0,"combinedScoreRank":99,"engagementSEI":0,"engagementSEIadj":0,"engagementSEIrank":98,"engagementScore":0,"voiceSEI":0,"voiceSEIadj":0,"voiceSEIrank":93,"voiceScore":0},"scoped":{"SEI":0,"SEIrank":85,"SEIadj":0,"audienceSEI":0,"audienceSEIadj":0,"audienceSEIrank":85,"audienceScore":0,"combinedScore":0,"combinedScoreRank":85,"engagementSEI":0,"engagementSEIadj":0,"engagementSEIrank":84,"engagementScore":0,"voiceSEI":0,"voiceSEIadj":0,"voiceSEIrank":80,"voiceScore":0}}},"week":{"boundaryQuantum":4982406,"combined":{"entityString":"5588109701412cb93c595cce","type":"combined","profiles":2,"postsMade":10,"repliesMade":0,"repliesRcvd":0,"sharesMade":0,"sharesRcvd":3,"mentionsRcvd":0,"likesRcvd":29,"reachRcvd":0,"audience":9808,"voice":10,"conversation":10,"engagement":32,"group_scoped":{"audienceScore":0.33723461427243734,"voiceScore":0.6622516556291391,"engagementScore":0.0030760387157922862,"combinedScore":0.052742748339291885,"combinedScoreRank":187,"SEIrank":137,"engagementSEIrank":188,"voiceSEIrank":124,"audienceSEIrank":158,"engagementSEI":0.003274387536043844,"engagementSEIadj":0.003274387536043844,"voiceSEI":1.5037593984962405,"voiceSEIadj":1.5037593984962405,"audienceSEI":0.5181637308633914,"audienceSEIadj":0.5181637308633914,"SEI":0.5049088251568375,"SEIadj":0.5049088251568375},"non_scoped":{"SEI":0.3898140005073393,"SEIrank":132,"SEIadj":0,"audienceSEI":0.39012158683387377,"audienceSEIadj":0,"audienceSEIrank":125,"audienceScore":0.0722323530977833,"combinedScore":0.010258783072722912,"combinedScoreRank":148,"engagementSEI":0.003274387536043844,"engagementSEIadj":0,"engagementSEIrank":153,"engagementScore":0.0013345950817668872,"voiceSEI":1.1627906976744187,"voiceSEIadj":0,"voiceSEIrank":123,"voiceScore":0.10892059688487093},"scoped":{"SEI":1.9273368247983478,"SEIrank":125,"SEIadj":0,"audienceSEI":5.1213233566389755,"audienceSEIadj":0,"audienceSEIrank":112,"audienceScore":0.20870949311128867,"combinedScore":0.03583671771576318,"combinedScoreRank":139,"engagementSEI":0.10642189630516478,"engagementSEIadj":0,"engagementSEIrank":140,"engagementScore":0.015542581817122095,"voiceSEI":4.504504504504505,"voiceSEIadj":0,"voiceSEIrank":112,"voiceScore":0.22825838849577723}},"facebook":{"entityString":"5588109701412cb93c595cce","type":"facebook","profiles":1,"postsMade":0,"repliesMade":0,"repliesRcvd":0,"sharesMade":0,"sharesRcvd":0,"mentionsRcvd":0,"likesRcvd":0,"reachRcvd":0,"audience":2785,"voice":0,"conversation":0,"engagement":0,"group_scoped":{"audienceScore":0.1353840410167463,"voiceScore":0,"engagementScore":0,"combinedScore":0.1353840410167463,"combinedScoreRank":108,"SEIrank":158,"engagementSEIrank":177,"voiceSEIrank":176,"audienceSEIrank":146,"engagementSEI":0,"engagementSEIadj":0,"voiceSEI":0,"voiceSEIadj":0,"audienceSEI":0.16085202480066765,"audienceSEIadj":0.16085202480066765,"SEI":0.016085202480066767,"SEIadj":0.016085202480066767},"non_scoped":{"SEI":0.015135079908874319,"SEIrank":148,"SEIadj":0,"audienceSEI":0.1513507990887432,"audienceSEIadj":0,"audienceSEIrank":129,"audienceScore":0.02904021313535242,"combinedScore":0.001452010656767621,"combinedScoreRank":148,"engagementSEI":0,"engagementSEIadj":0,"engagementSEIrank":177,"engagementScore":0,"voiceSEI":0,"voiceSEIadj":0,"voiceSEIrank":176,"voiceScore":0},"scoped":{"SEI":0.1955744692804124,"SEIrank":133,"SEIadj":0,"audienceSEI":1.9557446928041238,"audienceSEIadj":0,"audienceSEIrank":114,"audienceScore":0.11971610304096097,"combinedScore":0.005985805152048049,"combinedScoreRank":135,"engagementSEI":0,"engagementSEIadj":0,"engagementSEIrank":160,"engagementScore":0,"voiceSEI":0,"voiceSEIadj":0,"voiceSEIrank":159,"voiceScore":0}},"twitter":{"entityString":"5588109701412cb93c595cce","type":"twitter","profiles":1,"postsMade":10,"repliesMade":0,"repliesRcvd":0,"sharesMade":0,"sharesRcvd":3,"mentionsRcvd":0,"likesRcvd":29,"reachRcvd":0,"audience":7023,"voice":10,"conversation":10,"engagement":32,"group_scoped":{"audienceScore":1.2358583698917238,"voiceScore":1.1235955056179776,"engagementScore":0.4690706537672237,"combinedScore":0.5401362821659864,"combinedScoreRank":148,"SEIrank":87,"engagementSEIrank":105,"voiceSEIrank":72,"audienceSEIrank":67,"engagementSEI":1.5165876777251186,"engagementSEIadj":1.5165876777251186,"voiceSEI":4.926108374384237,"voiceSEIadj":4.926108374384237,"audienceSEI":7.400265537080357,"audienceSEIadj":7.400265537080357,"SEI":3.127811672658378,"SEIadj":3.127811672658378},"non_scoped":{"SEI":0.8709237512331333,"SEIrank":113,"SEIadj":0,"audienceSEI":1.2675247982211697,"audienceSEIadj":0,"audienceSEIrank":105,"audienceScore":0.20513290848262403,"combinedScore":0.06593411510201115,"combinedScoreRank":123,"engagementSEI":0.20508876498109338,"engagementSEIadj":0,"engagementSEIrank":123,"engagementScore":0.05217674873634437,"voiceSEI":2.070393374741201,"voiceSEIadj":0,"voiceSEIrank":97,"voiceScore":0.17436791630340018},"scoped":{"SEI":3.186065967823472,"SEIrank":108,"SEIadj":0,"audienceSEI":6.025067988984498,"audienceSEIadj":0,"audienceSEIrank":92,"audienceScore":0.3256563205982839,"combinedScore":0.1310531425003158,"combinedScoreRank":113,"engagementSEI":1.2195121951219512,"engagementSEIadj":0,"engagementSEIrank":112,"engagementScore":0.10981845636432272,"voiceSEI":6.172839506172839,"voiceSEIadj":0,"voiceSEIrank":86,"voiceScore":0.3186743148502231}},"instagram":{"entityString":"5588109701412cb93c595cce","type":"instagram","profiles":0,"postsMade":0,"repliesMade":0,"repliesRcvd":0,"sharesMade":0,"sharesRcvd":0,"mentionsRcvd":0,"likesRcvd":0,"reachRcvd":0,"audience":0,"voice":0,"conversation":0,"engagement":0,"group_scoped":{"audienceScore":0,"voiceScore":0,"engagementScore":0,"combinedScore":0,"combinedScoreRank":117,"SEIrank":99,"engagementSEIrank":98,"voiceSEIrank":98,"audienceSEIrank":99,"engagementSEI":0,"engagementSEIadj":0,"voiceSEI":0,"voiceSEIadj":0,"audienceSEI":0,"audienceSEIadj":0,"SEI":0,"SEIadj":0},"non_scoped":{"SEI":0,"SEIrank":99,"SEIadj":0,"audienceSEI":0,"audienceSEIadj":0,"audienceSEIrank":99,"audienceScore":0,"combinedScore":0,"combinedScoreRank":99,"engagementSEI":0,"engagementSEIadj":0,"engagementSEIrank":98,"engagementScore":0,"voiceSEI":0,"voiceSEIadj":0,"voiceSEIrank":98,"voiceScore":0},"scoped":{"SEI":0,"SEIrank":85,"SEIadj":0,"audienceSEI":0,"audienceSEIadj":0,"audienceSEIrank":85,"audienceScore":0,"combinedScore":0,"combinedScoreRank":85,"engagementSEI":0,"engagementSEIadj":0,"engagementSEIrank":84,"engagementScore":0,"voiceSEI":0,"voiceSEIadj":0,"voiceSEIrank":84,"voiceScore":0}}},"month":{"boundaryQuantum":4975782,"combined":{"entityString":"5588109701412cb93c595cce","type":"combined","profiles":2,"postsMade":43,"repliesMade":0,"repliesRcvd":0,"sharesMade":0,"sharesRcvd":129,"mentionsRcvd":0,"likesRcvd":298,"reachRcvd":0,"audience":9808,"voice":43,"conversation":43,"engagement":427,"group_scoped":{"audienceScore":0.33723461427243734,"voiceScore":0.7230536404910038,"engagementScore":0.010974510863223668,"combinedScore":0.06289147251507336,"combinedScoreRank":174,"SEIrank":140,"engagementSEIrank":175,"voiceSEIrank":122,"audienceSEIrank":158,"engagementSEI":0.01178307442763785,"engagementSEIadj":0.01178307442763785,"voiceSEI":1.628787878787879,"voiceSEIadj":1.628787878787879,"audienceSEI":0.5181637308633914,"audienceSEIadj":0.5181637308633914,"SEI":0.5475225813792854,"SEIadj":0.5475225813792854},"non_scoped":{"SEI":0.4025340619196882,"SEIrank":131,"SEIadj":0,"audienceSEI":0.39012158683387377,"audienceSEIadj":0,"audienceSEIrank":125,"audienceScore":0.0722323530977833,"combinedScore":0.013481413326813664,"combinedScoreRank":137,"engagementSEI":0.01178307442763785,"engagementSEIadj":0,"engagementSEIrank":124,"engagementScore":0.004640770659200279,"voiceSEI":1.1881735285990604,"voiceSEIadj":0,"voiceSEIrank":123,"voiceScore":0.11386204157288494},"scoped":{"SEI":2.107025462915061,"SEIrank":125,"SEIadj":0,"audienceSEI":5.1213233566389755,"audienceSEIadj":0,"audienceSEIrank":112,"audienceScore":0.20870949311128867,"combinedScore":0.06294629723211714,"combinedScoreRank":120,"engagementSEI":0.39499731734843013,"engagementSEIadj":0,"engagementSEIrank":114,"engagementScore":0.04500706199801842,"voiceSEI":4.526315789473685,"voiceSEIadj":0,"voiceSEIrank":113,"voiceScore":0.24008933556672252}},"facebook":{"entityString":"5588109701412cb93c595cce","type":"facebook","profiles":1,"postsMade":1,"repliesMade":0,"repliesRcvd":0,"sharesMade":0,"sharesRcvd":1,"mentionsRcvd":0,"likesRcvd":17,"reachRcvd":0,"audience":2785,"voice":1,"conversation":1,"engagement":18,"group_scoped":{"audienceScore":0.1353840410167463,"voiceScore":0.04911591355599214,"engagementScore":0.0005113088740211631,"combinedScore":0.009685175715255968,"combinedScoreRank":166,"SEIrank":153,"engagementSEIrank":146,"voiceSEIrank":145,"audienceSEIrank":146,"engagementSEI":0.000525500035179308,"engagementSEIadj":0.000525500035179308,"voiceSEI":0.06373486297004462,"voiceSEIadj":0.06373486297004462,"audienceSEI":0.16085202480066765,"audienceSEIadj":0.16085202480066765,"SEI":0.03552096139218774,"SEIadj":0.03552096139218774},"non_scoped":{"SEI":0.034570838820995285,"SEIrank":149,"SEIadj":0,"audienceSEI":0.1513507990887432,"audienceSEIadj":0,"audienceSEIrank":129,"audienceScore":0.02904021313535242,"combinedScore":0.00201486528000853,"combinedScoreRank":149,"engagementSEI":0.000525500035179308,"engagementSEIadj":0,"engagementSEIrank":142,"engagementScore":0.00021764682908520985,"voiceSEI":0.06373486297004462,"voiceSEIadj":0,"voiceSEIrank":145,"voiceScore":0.007339449541284403},"scoped":{"SEI":0.30527461114654586,"SEIrank":136,"SEIadj":0,"audienceSEI":1.9557446928041238,"audienceSEIadj":0,"audienceSEIrank":114,"audienceScore":0.11971610304096097,"combinedScore":0.009399308338717563,"combinedScoreRank":135,"engagementSEI":0.01943487696643165,"engagementSEIadj":0,"engagementSEIrank":131,"engagementScore":0.0026562110330152276,"voiceSEI":0.32679738562091504,"voiceSEIadj":0,"voiceSEIrank":134,"voiceScore":0.020458265139116204}},"twitter":{"entityString":"5588109701412cb93c595cce","type":"twitter","profiles":1,"postsMade":42,"repliesMade":0,"repliesRcvd":0,"sharesMade":0,"sharesRcvd":128,"mentionsRcvd":0,"likesRcvd":281,"reachRcvd":0,"audience":7023,"voice":42,"conversation":42,"engagement":409,"group_scoped":{"audienceScore":1.2358583698917238,"voiceScore":1.2327560904021133,"engagementScore":1.5422904332742562,"combinedScore":1.5114921129615224,"combinedScoreRank":80,"SEIrank":61,"engagementSEIrank":58,"voiceSEIrank":66,"audienceSEIrank":67,"engagementSEI":5.993552168815944,"engagementSEIadj":5.993552168815944,"voiceSEI":5.263157894736842,"voiceSEIadj":5.263157894736842,"audienceSEI":7.400265537080357,"audienceSEIadj":7.400265537080357,"SEI":5.915105223418655,"SEIadj":5.915105223418655},"non_scoped":{"SEI":1.1850803203602625,"SEIrank":95,"SEIadj":0,"audienceSEI":1.2675247982211697,"audienceSEIadj":0,"audienceSEIrank":105,"audienceScore":0.20513290848262403,"combinedScore":0.1718410464511579,"combinedScoreRank":83,"engagementSEI":0.709662866760363,"engagementSEIadj":0,"engagementSEIrank":81,"engagementScore":0.16952735441993874,"voiceSEI":2.108433734939759,"voiceSEIadj":0,"voiceSEIrank":99,"voiceScore":0.1801956409816372},"scoped":{"SEI":4.979863104468659,"SEIrank":84,"SEIadj":0,"audienceSEI":6.025067988984498,"audienceSEIadj":0,"audienceSEIrank":92,"audienceScore":0.3256563205982839,"combinedScore":0.34240831840844776,"combinedScoreRank":72,"engagementSEI":4.034724277399626,"engagementSEIadj":0,"engagementSEIrank":71,"engagementScore":0.3441196762414391,"voiceSEI":6.521739130434782,"voiceSEIadj":0,"voiceSEIrank":89,"voiceScore":0.3283558752247674}},"instagram":{"entityString":"5588109701412cb93c595cce","type":"instagram","profiles":0,"postsMade":0,"repliesMade":0,"repliesRcvd":0,"sharesMade":0,"sharesRcvd":0,"mentionsRcvd":0,"likesRcvd":0,"reachRcvd":0,"audience":0,"voice":0,"conversation":0,"engagement":0,"group_scoped":{"audienceScore":0,"voiceScore":0,"engagementScore":0,"combinedScore":0,"combinedScoreRank":117,"SEIrank":99,"engagementSEIrank":98,"voiceSEIrank":98,"audienceSEIrank":99,"engagementSEI":0,"engagementSEIadj":0,"voiceSEI":0,"voiceSEIadj":0,"audienceSEI":0,"audienceSEIadj":0,"SEI":0,"SEIadj":0},"non_scoped":{"SEI":0,"SEIrank":99,"SEIadj":0,"audienceSEI":0,"audienceSEIadj":0,"audienceSEIrank":99,"audienceScore":0,"combinedScore":0,"combinedScoreRank":99,"engagementSEI":0,"engagementSEIadj":0,"engagementSEIrank":98,"engagementScore":0,"voiceSEI":0,"voiceSEIadj":0,"voiceSEIrank":98,"voiceScore":0},"scoped":{"SEI":0,"SEIrank":85,"SEIadj":0,"audienceSEI":0,"audienceSEIadj":0,"audienceSEIrank":85,"audienceScore":0,"combinedScore":0,"combinedScoreRank":85,"engagementSEI":0,"engagementSEIadj":0,"engagementSEIrank":84,"engagementScore":0,"voiceSEI":0,"voiceSEIadj":0,"voiceSEIrank":84,"voiceScore":0}}},"quarter":{"boundaryQuantum":4958502,"combined":{"entityString":"5588109701412cb93c595cce","type":"combined","profiles":2,"postsMade":130,"repliesMade":0,"repliesRcvd":6,"sharesMade":0,"sharesRcvd":297,"mentionsRcvd":0,"likesRcvd":714,"reachRcvd":0,"audience":9808,"voice":130,"conversation":136,"engagement":1017,"group_scoped":{"audienceScore":0.33723461427243734,"voiceScore":0.7248396989127405,"engagementScore":0.008132901689772265,"combinedScore":0.06042332718005393,"combinedScoreRank":176,"SEIrank":134,"engagementSEIrank":190,"voiceSEIrank":113,"audienceSEIrank":158,"engagementSEI":0.008871467354657539,"engagementSEIadj":0.008871467354657539,"voiceSEI":1.7218543046357615,"voiceSEIadj":1.7218543046357615,"audienceSEI":0.5181637308633914,"audienceSEIadj":0.5181637308633914,"SEI":0.5736955448898621,"SEIadj":0.5736955448898621},"non_scoped":{"SEI":0.4085487111171008,"SEIrank":126,"SEIadj":0,"audienceSEI":0.39012158683387377,"audienceSEIadj":0,"audienceSEIrank":125,"audienceScore":0.0722323530977833,"combinedScore":0.012485734638809073,"combinedScoreRank":139,"engagementSEI":0.008871467354657539,"engagementSEIadj":0,"engagementSEIrank":140,"engagementScore":0.0034358084893185885,"voiceSEI":1.214045573403063,"voiceSEIadj":0,"voiceSEIrank":119,"voiceScore":0.11563778687066358},"scoped":{"SEI":2.153710289196196,"SEIrank":120,"SEIadj":0,"audienceSEI":5.1213233566389755,"audienceSEIadj":0,"audienceSEIrank":112,"audienceScore":0.20870949311128867,"combinedScore":0.0528070963938712,"combinedScoreRank":131,"engagementSEI":0.20579587558354362,"engagementSEIadj":0,"engagementSEIrank":129,"engagementScore":0.03356898740486311,"voiceSEI":5.06033476060724,"voiceSEIadj":0,"voiceSEIrank":109,"voiceScore":0.24319066147859922}},"facebook":{"entityString":"5588109701412cb93c595cce","type":"facebook","profiles":1,"postsMade":6,"repliesMade":0,"repliesRcvd":6,"sharesMade":0,"sharesRcvd":71,"mentionsRcvd":0,"likesRcvd":108,"reachRcvd":0,"audience":2785,"voice":6,"conversation":12,"engagement":185,"group_scoped":{"audienceScore":0.1353840410167463,"voiceScore":0.09411764705882353,"engagementScore":0.0016217198961888883,"combinedScore":0.012934632310348493,"combinedScoreRank":159,"SEIrank":150,"engagementSEIrank":147,"voiceSEIrank":142,"audienceSEIrank":146,"engagementSEI":0.0016707093317063332,"engagementSEIadj":0.0016707093317063332,"voiceSEI":0.1259710266638673,"voiceSEIadj":0.1259710266638673,"audienceSEI":0.16085202480066765,"audienceSEIadj":0.16085202480066765,"SEI":0.05487893607825075,"SEIadj":0.05487893607825075},"non_scoped":{"SEI":0.053928813507058304,"SEIrank":144,"SEIadj":0,"audienceSEI":0.1513507990887432,"audienceSEIadj":0,"audienceSEIrank":129,"audienceScore":0.02904021313535242,"combinedScore":0.0028168268049658246,"combinedScoreRank":144,"engagementSEI":0.0016707093317063332,"engagementSEIadj":0,"engagementSEIrank":130,"engagementScore":0.0006952825156478968,"voiceSEI":0.1259710266638673,"voiceSEIadj":0,"voiceSEIrank":139,"voiceScore":0.014781237682301931},"scoped":{"SEI":0.5094760247656351,"SEIrank":131,"SEIadj":0,"audienceSEI":1.9557446928041238,"audienceSEIadj":0,"audienceSEIrank":114,"audienceScore":0.11971610304096097,"combinedScore":0.016397291731453295,"combinedScoreRank":127,"engagementSEI":0.15731560060545247,"engagementSEIadj":0,"engagementSEIrank":120,"engagementScore":0.009293316146559111,"voiceSEI":0.7317073170731708,"voiceSEIadj":0,"voiceSEIrank":129,"voiceScore":0.040950040950040956}},"twitter":{"entityString":"5588109701412cb93c595cce","type":"twitter","profiles":1,"postsMade":124,"repliesMade":0,"repliesRcvd":0,"sharesMade":0,"sharesRcvd":226,"mentionsRcvd":0,"likesRcvd":606,"reachRcvd":0,"audience":7023,"voice":124,"conversation":124,"engagement":832,"group_scoped":{"audienceScore":1.2358583698917238,"voiceScore":1.191162343900096,"engagementScore":0.9429257899270139,"combinedScore":0.9699842466239035,"combinedScoreRank":105,"SEIrank":75,"engagementSEIrank":73,"voiceSEIrank":66,"audienceSEIrank":67,"engagementSEI":4.220136951559726,"engagementSEIadj":4.220136951559726,"voiceSEI":5.448154657293498,"voiceSEIadj":5.448154657293498,"audienceSEI":7.400265537080357,"audienceSEIadj":7.400265537080357,"SEI":4.9065551218319206,"SEIadj":4.9065551218319206},"non_scoped":{"SEI":0.982658201136374,"SEIrank":105,"SEIadj":0,"audienceSEI":1.2675247982211697,"audienceSEIadj":0,"audienceSEIrank":105,"audienceScore":0.20513290848262403,"combinedScore":0.10925934459975037,"combinedScoreRank":109,"engagementSEI":0.3945521453772905,"engagementSEIadj":0,"engagementSEIrank":107,"engagementScore":0.10010588122052172,"voiceSEI":2.0639147802929427,"voiceSEIadj":0,"voiceSEIrank":99,"voiceScore":0.1781481215429926},"scoped":{"SEI":4.254710711106388,"SEIrank":96,"SEIadj":0,"audienceSEI":6.025067988984498,"audienceSEIadj":0,"audienceSEIrank":92,"audienceScore":0.3256563205982839,"combinedScore":0.2193161990828006,"combinedScoreRank":98,"engagementSEI":2.6175045617567485,"engagementSEIadj":0,"engagementSEIrank":96,"engagementScore":0.20754236907618698,"voiceSEI":6.93900391717963,"voiceSEIadj":0,"voiceSEIrank":89,"voiceScore":0.3249050176863619}},"instagram":{"entityString":"5588109701412cb93c595cce","type":"instagram","profiles":0,"postsMade":0,"repliesMade":0,"repliesRcvd":0,"sharesMade":0,"sharesRcvd":0,"mentionsRcvd":0,"likesRcvd":0,"reachRcvd":0,"audience":0,"voice":0,"conversation":0,"engagement":0,"group_scoped":{"audienceScore":0,"voiceScore":0,"engagementScore":0,"combinedScore":0,"combinedScoreRank":117,"SEIrank":99,"engagementSEIrank":98,"voiceSEIrank":98,"audienceSEIrank":99,"engagementSEI":0,"engagementSEIadj":0,"voiceSEI":0,"voiceSEIadj":0,"audienceSEI":0,"audienceSEIadj":0,"SEI":0,"SEIadj":0},"non_scoped":{"SEI":0,"SEIrank":99,"SEIadj":0,"audienceSEI":0,"audienceSEIadj":0,"audienceSEIrank":99,"audienceScore":0,"combinedScore":0,"combinedScoreRank":99,"engagementSEI":0,"engagementSEIadj":0,"engagementSEIrank":98,"engagementScore":0,"voiceSEI":0,"voiceSEIadj":0,"voiceSEIrank":98,"voiceScore":0},"scoped":{"SEI":0,"SEIrank":85,"SEIadj":0,"audienceSEI":0,"audienceSEIadj":0,"audienceSEIrank":85,"audienceScore":0,"combinedScore":0,"combinedScoreRank":85,"engagementSEI":0,"engagementSEIadj":0,"engagementSEIrank":84,"engagementScore":0,"voiceSEI":0,"voiceSEIadj":0,"voiceSEIrank":84,"voiceScore":0}}},"blended":{"combined":{"non_scoped":{"SEI":0.3835492729328748,"SEIadj":50.191774636466434,"SEIrank":131,"audienceSEI":0.39012158683387377,"audienceSEIadj":50.195060793416935,"audienceSEIrank":125,"engagementSEI":0.007185511102287601,"engagementSEIadj":50.003592755551146,"engagementSEIrank":142,"voiceSEI":1.1340860252937162,"voiceSEIadj":50.567043012646856,"voiceSEIrank":124},"scoped":{"SEI":1.517504637476123,"SEIadj":40.91050278248567,"SEIrank":159,"compCharisma":0,"compInfluence":0,"compEva":1.517504637476123,"audienceSEI":5.1213233566389755,"audienceSEIadj":52.56066167831949,"audienceSEIrank":112,"engagementSEI":0.19407410428558575,"engagementSEIadj":50.097037052142795,"engagementSEIrank":130,"voiceSEI":4.560466100076024,"voiceSEIadj":52.280233050038014,"voiceSEIrank":114}},"facebook":{"non_scoped":{"SEI":0.03744731054478445,"SEIadj":50.01872365527239,"SEIrank":149,"audienceSEI":0.15135079908874316,"audienceSEIadj":50.07567539954437,"audienceSEIrank":129,"engagementSEI":0.0009141796711300628,"engagementSEIadj":50.000457089835564,"engagementSEIrank":140,"voiceSEI":0.07254574277744034,"voiceSEIadj":50.03627287138872,"voiceSEIrank":143},"scoped":{"SEI":0.3689802683029438,"SEIadj":50.184490134151474,"SEIrank":135,"audienceSEI":1.9557446928041238,"audienceSEIadj":50.97787234640206,"audienceSEIrank":114,"engagementSEI":0.08157303184769098,"engagementSEIadj":50.04078651592385,"engagementSEIrank":125,"voiceSEI":0.41487326637972266,"voiceSEIadj":50.207436633189864,"voiceSEIrank":132}},"twitter":{"non_scoped":{"SEI":0.9367058979832722,"SEIadj":50.46835294899164,"SEIrank":108,"audienceSEI":1.2675247982211697,"audienceSEIadj":50.63376239911059,"audienceSEIrank":105,"engagementSEI":0.36525213219702773,"engagementSEIadj":50.182626066098514,"engagementSEIrank":108,"voiceSEI":1.9693404628097952,"voiceSEIadj":50.9846702314049,"voiceSEIrank":101},"scoped":{"SEI":3.860279951515457,"SEIadj":51.930139975757726,"SEIrank":99,"audienceSEI":6.025067988984498,"audienceSEIadj":53.01253399449225,"audienceSEIrank":92,"engagementSEI":2.2798145810249033,"engagementSEIadj":51.139907290512454,"engagementSEIrank":97,"voiceSEI":6.299614680006883,"voiceSEIadj":53.14980734000344,"voiceSEIrank":90}},"instagram":{"non_scoped":{"SEI":0,"SEIadj":0,"SEIrank":99,"audienceSEI":0,"audienceSEIadj":0,"audienceSEIrank":99,"engagementSEI":0,"engagementSEIadj":0,"engagementSEIrank":98,"voiceSEI":0,"voiceSEIadj":0,"voiceSEIrank":98},"scoped":{"SEI":0,"SEIadj":0,"SEIrank":85,"audienceSEI":0,"audienceSEIadj":0,"audienceSEIrank":85,"engagementSEI":0,"engagementSEIadj":0,"engagementSEIrank":84,"voiceSEI":0,"voiceSEIadj":0,"voiceSEIrank":84}},"influence":{"instagram":{"scope":"individual","ratio":0,"calculated":false},"combined":{"ratio":0.28,"bottom":false,"scope":"individual","calculated":true},"facebook":{"ratio":0.59,"bottom":true,"scope":"individual","calculated":true},"twitter":{"ratio":0.56,"bottom":false,"scope":"individual","calculated":true}},"charisma":{"instagram":{"scope":"individual","ratio":0,"calculated":false},"combined":{"ratio":0.17,"bottom":false,"scope":"individual","calculated":true},"facebook":{"ratio":0.22,"bottom":false,"scope":"individual","calculated":true},"twitter":{"ratio":0.71,"bottom":false,"scope":"individual","calculated":true}}},"scope":"individual"}}