{"scoreEntityString":"591d1494ab33fb0001804f89.asset.5588113201412cb93c595cd2","timeQuantum":4984422,"scoreEntityType":"asset","scoreProfileID":"591d1494ab33fb0001804f89","data":{"scoreEntityString":"591d1494ab33fb0001804f89.asset.5588113201412cb93c595cd2","scoreProfileID":"591d1494ab33fb0001804f89","scoreEntityType":"asset","entityID":"asset.5588113201412cb93c595cd2","object_version":"1.2","score_engine_version":"3.0.19","timestamp":4984422,"start_quantum":4958502,"end_quantum":4984421,"schedule_options":{"interval":15,"offset":"1"},"_15min":{"boundaryQuantum":4984419,"combined":{"entityString":"5588113201412cb93c595cd2","type":"combined","profiles":2,"postsMade":0,"repliesMade":0,"repliesRcvd":0,"sharesMade":0,"sharesRcvd":0,"mentionsRcvd":0,"likesRcvd":0,"reachRcvd":0,"audience":11557,"voice":0,"conversation":0,"engagement":0,"group_scoped":{"audienceScore":0.3973715780124957,"voiceScore":0,"engagementScore":0,"combinedScore":0.3973715780124957,"engagementSEI":0,"engagementSEIadj":0,"voiceSEI":0,"voiceSEIadj":0,"audienceSEI":0.6105646653332192,"audienceSEIadj":0.6105646653332192,"SEI":0.06105646653332192,"SEIadj":0.06105646653332192,"combinedScoreRank":146,"SEIrank":147,"engagementSEIrank":83,"voiceSEIrank":79,"audienceSEIrank":147},"non_scoped":{"SEI":0.045968955740610516,"SEIrank":118,"SEIadj":0,"audienceSEI":0.4596895574061051,"audienceSEIadj":0,"audienceSEIrank":118,"audienceScore":0.08511310203416411,"combinedScore":0.004255655101708206,"combinedScoreRank":118,"engagementSEI":0,"engagementSEIadj":0,"engagementSEIrank":83,"engagementScore":0,"voiceSEI":0,"voiceSEIadj":0,"voiceSEIrank":79,"voiceScore":0},"scoped":{"SEI":0.603457728718155,"SEIrank":106,"SEIadj":0,"audienceSEI":6.034577287181549,"audienceSEIadj":0,"audienceSEIrank":106,"audienceScore":0.24592736662797343,"combinedScore":0.035132480946853346,"combinedScoreRank":106,"engagementSEI":0,"engagementSEIadj":0,"engagementSEIrank":71,"engagementScore":0,"voiceSEI":0,"voiceSEIadj":0,"voiceSEIrank":69,"voiceScore":0}},"facebook":{"entityString":"5588113201412cb93c595cd2","type":"facebook","profiles":0,"postsMade":0,"repliesMade":0,"repliesRcvd":0,"sharesMade":0,"sharesRcvd":0,"mentionsRcvd":0,"likesRcvd":0,"reachRcvd":0,"audience":0,"voice":0,"conversation":0,"engagement":0,"group_scoped":{"audienceScore":0,"voiceScore":0,"engagementScore":0,"combinedScore":0,"engagementSEI":0,"engagementSEIadj":0,"voiceSEI":0,"voiceSEIadj":0,"audienceSEI":0,"audienceSEIadj":0,"SEI":0,"SEIadj":0,"combinedScoreRank":208,"SEIrank":208,"engagementSEIrank":82,"voiceSEIrank":79,"audienceSEIrank":208},"non_scoped":{"SEI":0,"SEIrank":208,"SEIadj":0,"audienceSEI":0,"audienceSEIadj":0,"audienceSEIrank":208,"audienceScore":0,"combinedScore":0,"combinedScoreRank":208,"engagementSEI":0,"engagementSEIadj":0,"engagementSEIrank":82,"engagementScore":0,"voiceSEI":0,"voiceSEIadj":0,"voiceSEIrank":79,"voiceScore":0},"scoped":{"SEI":0,"SEIrank":188,"SEIadj":0,"audienceSEI":0,"audienceSEIadj":0,"audienceSEIrank":188,"audienceScore":0,"combinedScore":0,"combinedScoreRank":188,"engagementSEI":0,"engagementSEIadj":0,"engagementSEIrank":70,"engagementScore":0,"voiceSEI":0,"voiceSEIadj":0,"voiceSEIrank":69,"voiceScore":0}},"twitter":{"entityString":"5588113201412cb93c595cd2","type":"twitter","profiles":1,"postsMade":0,"repliesMade":0,"repliesRcvd":0,"sharesMade":0,"sharesRcvd":0,"mentionsRcvd":0,"likesRcvd":0,"reachRcvd":0,"audience":4880,"voice":0,"conversation":0,"engagement":0,"group_scoped":{"audienceScore":0.8587482336710256,"voiceScore":0,"engagementScore":0,"combinedScore":0.8587482336710256,"engagementSEI":0,"engagementSEIadj":0,"voiceSEI":0,"voiceSEIadj":0,"audienceSEI":5.142146635476597,"audienceSEIadj":5.142146635476597,"SEI":0.5142146635476598,"SEIadj":0.5142146635476598,"combinedScoreRank":150,"SEIrank":87,"engagementSEIrank":80,"voiceSEIrank":78,"audienceSEIrank":86},"non_scoped":{"SEI":0.0880751960034075,"SEIrank":125,"SEIadj":0,"audienceSEI":0.880751960034075,"audienceSEIadj":0,"audienceSEIrank":125,"audienceScore":0.1425386007966973,"combinedScore":0.0071269300398348655,"combinedScoreRank":125,"engagementSEI":0,"engagementSEIadj":0,"engagementSEIrank":80,"engagementScore":0,"voiceSEI":0,"voiceSEIadj":0,"voiceSEIrank":78,"voiceScore":0},"scoped":{"SEI":0.41865772157545705,"SEIrank":111,"SEIadj":0,"audienceSEI":4.18657721575457,"audienceSEIadj":0,"audienceSEIrank":111,"audienceScore":0.22628546839237157,"combinedScore":0.03232649548462451,"combinedScoreRank":111,"engagementSEI":0,"engagementSEIadj":0,"engagementSEIrank":70,"engagementScore":0,"voiceSEI":0,"voiceSEIadj":0,"voiceSEIrank":69,"voiceScore":0}},"instagram":{"entityString":"5588113201412cb93c595cd2","type":"instagram","profiles":1,"postsMade":0,"repliesMade":0,"repliesRcvd":0,"sharesMade":0,"sharesRcvd":0,"mentionsRcvd":0,"likesRcvd":0,"reachRcvd":0,"audience":6677,"voice":0,"conversation":0,"engagement":0,"group_scoped":{"audienceScore":2.359522370759874,"voiceScore":0,"engagementScore":0,"combinedScore":2.359522370759874,"engagementSEI":0,"engagementSEIadj":0,"voiceSEI":0,"voiceSEIadj":0,"audienceSEI":9.140565107874274,"audienceSEIadj":9.140565107874274,"SEI":0.9140565107874274,"SEIadj":0.9140565107874274,"combinedScoreRank":51,"SEIrank":14,"engagementSEIrank":79,"voiceSEIrank":77,"audienceSEIrank":14},"non_scoped":{"SEI":0.5567878585723816,"SEIrank":13,"SEIadj":0,"audienceSEI":5.5678785857238156,"audienceSEIadj":0,"audienceSEIrank":13,"audienceScore":1.1825673595823025,"combinedScore":0.1689381942260432,"combinedScoreRank":13,"engagementSEI":0,"engagementSEIadj":0,"engagementSEIrank":79,"engagementScore":0,"voiceSEI":0,"voiceSEIadj":0,"voiceSEIrank":77,"voiceScore":0},"scoped":{"SEI":0.9140565107874274,"SEIrank":9,"SEIadj":0,"audienceSEI":9.140565107874274,"audienceSEIadj":0,"audienceSEIrank":9,"audienceScore":3.084777084777085,"combinedScore":0.44068244068244067,"combinedScoreRank":9,"engagementSEI":0,"engagementSEIadj":0,"engagementSEIrank":69,"engagementScore":0,"voiceSEI":0,"voiceSEIadj":0,"voiceSEIrank":69,"voiceScore":0}}},"hour":{"boundaryQuantum":4984410,"combined":{"entityString":"5588113201412cb93c595cd2","type":"combined","profiles":2,"postsMade":0,"repliesMade":0,"repliesRcvd":0,"sharesMade":0,"sharesRcvd":0,"mentionsRcvd":0,"likesRcvd":0,"reachRcvd":0,"audience":11557,"voice":0,"conversation":0,"engagement":0,"group_scoped":{"audienceScore":0.3973715780124957,"voiceScore":0,"engagementScore":0,"combinedScore":0.3973715780124957,"combinedScoreRank":132,"SEIrank":153,"engagementSEIrank":116,"voiceSEIrank":84,"audienceSEIrank":147,"engagementSEI":0,"engagementSEIadj":0,"voiceSEI":0,"voiceSEIadj":0,"audienceSEI":0.6105646653332192,"audienceSEIadj":0.6105646653332192,"SEI":0.06105646653332192,"SEIadj":0.06105646653332192},"non_scoped":{"SEI":0.045968955740610516,"SEIrank":121,"SEIadj":0,"audienceSEI":0.4596895574061051,"audienceSEIadj":0,"audienceSEIrank":118,"audienceScore":0.08511310203416411,"combinedScore":0.004255655101708206,"combinedScoreRank":127,"engagementSEI":0,"engagementSEIadj":0,"engagementSEIrank":116,"engagementScore":0,"voiceSEI":0,"voiceSEIadj":0,"voiceSEIrank":84,"voiceScore":0},"scoped":{"SEI":0.603457728718155,"SEIrank":108,"SEIadj":0,"audienceSEI":6.034577287181549,"audienceSEIadj":0,"audienceSEIrank":106,"audienceScore":0.24592736662797343,"combinedScore":0.012296368331398673,"combinedScoreRank":115,"engagementSEI":0,"engagementSEIadj":0,"engagementSEIrank":102,"engagementScore":0,"voiceSEI":0,"voiceSEIadj":0,"voiceSEIrank":72,"voiceScore":0}},"facebook":{"entityString":"5588113201412cb93c595cd2","type":"facebook","profiles":0,"postsMade":0,"repliesMade":0,"repliesRcvd":0,"sharesMade":0,"sharesRcvd":0,"mentionsRcvd":0,"likesRcvd":0,"reachRcvd":0,"audience":0,"voice":0,"conversation":0,"engagement":0,"group_scoped":{"audienceScore":0,"voiceScore":0,"engagementScore":0,"combinedScore":0,"combinedScoreRank":208,"SEIrank":208,"engagementSEIrank":106,"voiceSEIrank":81,"audienceSEIrank":208,"engagementSEI":0,"engagementSEIadj":0,"voiceSEI":0,"voiceSEIadj":0,"audienceSEI":0,"audienceSEIadj":0,"SEI":0,"SEIadj":0},"non_scoped":{"SEI":0,"SEIrank":208,"SEIadj":0,"audienceSEI":0,"audienceSEIadj":0,"audienceSEIrank":208,"audienceScore":0,"combinedScore":0,"combinedScoreRank":208,"engagementSEI":0,"engagementSEIadj":0,"engagementSEIrank":106,"engagementScore":0,"voiceSEI":0,"voiceSEIadj":0,"voiceSEIrank":81,"voiceScore":0},"scoped":{"SEI":0,"SEIrank":188,"SEIadj":0,"audienceSEI":0,"audienceSEIadj":0,"audienceSEIrank":188,"audienceScore":0,"combinedScore":0,"combinedScoreRank":188,"engagementSEI":0,"engagementSEIadj":0,"engagementSEIrank":92,"engagementScore":0,"voiceSEI":0,"voiceSEIadj":0,"voiceSEIrank":69,"voiceScore":0}},"twitter":{"entityString":"5588113201412cb93c595cd2","type":"twitter","profiles":1,"postsMade":0,"repliesMade":0,"repliesRcvd":0,"sharesMade":0,"sharesRcvd":0,"mentionsRcvd":0,"likesRcvd":0,"reachRcvd":0,"audience":4880,"voice":0,"conversation":0,"engagement":0,"group_scoped":{"audienceScore":0.8587482336710256,"voiceScore":0,"engagementScore":0,"combinedScore":0.8587482336710256,"combinedScoreRank":155,"SEIrank":102,"engagementSEIrank":99,"voiceSEIrank":83,"audienceSEIrank":86,"engagementSEI":0,"engagementSEIadj":0,"voiceSEI":0,"voiceSEIadj":0,"audienceSEI":5.142146635476597,"audienceSEIadj":5.142146635476597,"SEI":0.5142146635476598,"SEIadj":0.5142146635476598},"non_scoped":{"SEI":0.0880751960034075,"SEIrank":133,"SEIadj":0,"audienceSEI":0.880751960034075,"audienceSEIadj":0,"audienceSEIrank":125,"audienceScore":0.1425386007966973,"combinedScore":0.0071269300398348655,"combinedScoreRank":133,"engagementSEI":0,"engagementSEIadj":0,"engagementSEIrank":99,"engagementScore":0,"voiceSEI":0,"voiceSEIadj":0,"voiceSEIrank":83,"voiceScore":0},"scoped":{"SEI":0.41865772157545705,"SEIrank":119,"SEIadj":0,"audienceSEI":4.18657721575457,"audienceSEIadj":0,"audienceSEIrank":111,"audienceScore":0.22628546839237157,"combinedScore":0.01131427341961858,"combinedScoreRank":119,"engagementSEI":0,"engagementSEIadj":0,"engagementSEIrank":87,"engagementScore":0,"voiceSEI":0,"voiceSEIadj":0,"voiceSEIrank":72,"voiceScore":0}},"instagram":{"entityString":"5588113201412cb93c595cd2","type":"instagram","profiles":1,"postsMade":0,"repliesMade":0,"repliesRcvd":0,"sharesMade":0,"sharesRcvd":0,"mentionsRcvd":0,"likesRcvd":0,"reachRcvd":0,"audience":6677,"voice":0,"conversation":0,"engagement":0,"group_scoped":{"audienceScore":2.359522370759874,"voiceScore":0,"engagementScore":0,"combinedScore":2.359522370759874,"combinedScoreRank":47,"SEIrank":14,"engagementSEIrank":84,"voiceSEIrank":77,"audienceSEIrank":14,"engagementSEI":0,"engagementSEIadj":0,"voiceSEI":0,"voiceSEIadj":0,"audienceSEI":9.140565107874274,"audienceSEIadj":9.140565107874274,"SEI":0.9140565107874274,"SEIadj":0.9140565107874274},"non_scoped":{"SEI":0.5567878585723816,"SEIrank":13,"SEIadj":0,"audienceSEI":5.5678785857238156,"audienceSEIadj":0,"audienceSEIrank":13,"audienceScore":1.1825673595823025,"combinedScore":0.1689381942260432,"combinedScoreRank":13,"engagementSEI":0,"engagementSEIadj":0,"engagementSEIrank":84,"engagementScore":0,"voiceSEI":0,"voiceSEIadj":0,"voiceSEIrank":77,"voiceScore":0},"scoped":{"SEI":0.9140565107874274,"SEIrank":9,"SEIadj":0,"audienceSEI":9.140565107874274,"audienceSEIadj":0,"audienceSEIrank":9,"audienceScore":3.084777084777085,"combinedScore":0.44068244068244067,"combinedScoreRank":9,"engagementSEI":0,"engagementSEIadj":0,"engagementSEIrank":74,"engagementScore":0,"voiceSEI":0,"voiceSEIadj":0,"voiceSEIrank":69,"voiceScore":0}}},"today":{"boundaryQuantum":4984134,"combined":{"entityString":"5588113201412cb93c595cd2","type":"combined","profiles":2,"postsMade":0,"repliesMade":0,"repliesRcvd":0,"sharesMade":0,"sharesRcvd":0,"mentionsRcvd":0,"likesRcvd":0,"reachRcvd":0,"audience":11557,"voice":0,"conversation":0,"engagement":0,"group_scoped":{"audienceScore":0.3973715780124957,"voiceScore":0,"engagementScore":0,"combinedScore":0.3973715780124957,"combinedScoreRank":83,"SEIrank":176,"engagementSEIrank":188,"voiceSEIrank":151,"audienceSEIrank":147,"engagementSEI":0,"engagementSEIadj":0,"voiceSEI":0,"voiceSEIadj":0,"audienceSEI":0.6105646653332192,"audienceSEIadj":0.6105646653332192,"SEI":0.06105646653332192,"SEIadj":0.06105646653332192},"non_scoped":{"SEI":0.045968955740610516,"SEIrank":151,"SEIadj":0,"audienceSEI":0.4596895574061051,"audienceSEIadj":0,"audienceSEIrank":118,"audienceScore":0.08511310203416411,"combinedScore":0.004255655101708206,"combinedScoreRank":155,"engagementSEI":0,"engagementSEIadj":0,"engagementSEIrank":188,"engagementScore":0,"voiceSEI":0,"voiceSEIadj":0,"voiceSEIrank":151,"voiceScore":0},"scoped":{"SEI":0.603457728718155,"SEIrank":137,"SEIadj":0,"audienceSEI":6.034577287181549,"audienceSEIadj":0,"audienceSEIrank":106,"audienceScore":0.24592736662797343,"combinedScore":0.012296368331398673,"combinedScoreRank":150,"engagementSEI":0,"engagementSEIadj":0,"engagementSEIrank":171,"engagementScore":0,"voiceSEI":0,"voiceSEIadj":0,"voiceSEIrank":135,"voiceScore":0}},"facebook":{"entityString":"5588113201412cb93c595cd2","type":"facebook","profiles":0,"postsMade":0,"repliesMade":0,"repliesRcvd":0,"sharesMade":0,"sharesRcvd":0,"mentionsRcvd":0,"likesRcvd":0,"reachRcvd":0,"audience":0,"voice":0,"conversation":0,"engagement":0,"group_scoped":{"audienceScore":0,"voiceScore":0,"engagementScore":0,"combinedScore":0,"combinedScoreRank":208,"SEIrank":208,"engagementSEIrank":157,"voiceSEIrank":117,"audienceSEIrank":208,"engagementSEI":0,"engagementSEIadj":0,"voiceSEI":0,"voiceSEIadj":0,"audienceSEI":0,"audienceSEIadj":0,"SEI":0,"SEIadj":0},"non_scoped":{"SEI":0,"SEIrank":208,"SEIadj":0,"audienceSEI":0,"audienceSEIadj":0,"audienceSEIrank":208,"audienceScore":0,"combinedScore":0,"combinedScoreRank":208,"engagementSEI":0,"engagementSEIadj":0,"engagementSEIrank":157,"engagementScore":0,"voiceSEI":0,"voiceSEIadj":0,"voiceSEIrank":117,"voiceScore":0},"scoped":{"SEI":0,"SEIrank":188,"SEIadj":0,"audienceSEI":0,"audienceSEIadj":0,"audienceSEIrank":188,"audienceScore":0,"combinedScore":0,"combinedScoreRank":188,"engagementSEI":0,"engagementSEIadj":0,"engagementSEIrank":142,"engagementScore":0,"voiceSEI":0,"voiceSEIadj":0,"voiceSEIrank":104,"voiceScore":0}},"twitter":{"entityString":"5588113201412cb93c595cd2","type":"twitter","profiles":1,"postsMade":0,"repliesMade":0,"repliesRcvd":0,"sharesMade":0,"sharesRcvd":0,"mentionsRcvd":0,"likesRcvd":0,"reachRcvd":0,"audience":4880,"voice":0,"conversation":0,"engagement":0,"group_scoped":{"audienceScore":0.8587482336710256,"voiceScore":0,"engagementScore":0,"combinedScore":0.8587482336710256,"combinedScoreRank":144,"SEIrank":153,"engagementSEIrank":165,"voiceSEIrank":140,"audienceSEIrank":86,"engagementSEI":0,"engagementSEIadj":0,"voiceSEI":0,"voiceSEIadj":0,"audienceSEI":5.142146635476597,"audienceSEIadj":5.142146635476597,"SEI":0.5142146635476598,"SEIadj":0.5142146635476598},"non_scoped":{"SEI":0.0880751960034075,"SEIrank":173,"SEIadj":0,"audienceSEI":0.880751960034075,"audienceSEIadj":0,"audienceSEIrank":125,"audienceScore":0.1425386007966973,"combinedScore":0.0071269300398348655,"combinedScoreRank":176,"engagementSEI":0,"engagementSEIadj":0,"engagementSEIrank":165,"engagementScore":0,"voiceSEI":0,"voiceSEIadj":0,"voiceSEIrank":140,"voiceScore":0},"scoped":{"SEI":0.41865772157545705,"SEIrank":151,"SEIadj":0,"audienceSEI":4.18657721575457,"audienceSEIadj":0,"audienceSEIrank":111,"audienceScore":0.22628546839237157,"combinedScore":0.01131427341961858,"combinedScoreRank":160,"engagementSEI":0,"engagementSEIadj":0,"engagementSEIrank":149,"engagementScore":0,"voiceSEI":0,"voiceSEIadj":0,"voiceSEIrank":124,"voiceScore":0}},"instagram":{"entityString":"5588113201412cb93c595cd2","type":"instagram","profiles":1,"postsMade":0,"repliesMade":0,"repliesRcvd":0,"sharesMade":0,"sharesRcvd":0,"mentionsRcvd":0,"likesRcvd":0,"reachRcvd":0,"audience":6677,"voice":0,"conversation":0,"engagement":0,"group_scoped":{"audienceScore":2.359522370759874,"voiceScore":0,"engagementScore":0,"combinedScore":2.359522370759874,"combinedScoreRank":45,"SEIrank":14,"engagementSEIrank":90,"voiceSEIrank":81,"audienceSEIrank":14,"engagementSEI":0,"engagementSEIadj":0,"voiceSEI":0,"voiceSEIadj":0,"audienceSEI":9.140565107874274,"audienceSEIadj":9.140565107874274,"SEI":0.9140565107874274,"SEIadj":0.9140565107874274},"non_scoped":{"SEI":0.5567878585723816,"SEIrank":15,"SEIadj":0,"audienceSEI":5.5678785857238156,"audienceSEIadj":0,"audienceSEIrank":13,"audienceScore":1.1825673595823025,"combinedScore":0.05912836797911513,"combinedScoreRank":17,"engagementSEI":0,"engagementSEIadj":0,"engagementSEIrank":90,"engagementScore":0,"voiceSEI":0,"voiceSEIadj":0,"voiceSEIrank":81,"voiceScore":0},"scoped":{"SEI":0.9140565107874274,"SEIrank":9,"SEIadj":0,"audienceSEI":9.140565107874274,"audienceSEIadj":0,"audienceSEIrank":9,"audienceScore":3.084777084777085,"combinedScore":0.15423885423885425,"combinedScoreRank":11,"engagementSEI":0,"engagementSEIadj":0,"engagementSEIrank":78,"engagementScore":0,"voiceSEI":0,"voiceSEIadj":0,"voiceSEIrank":70,"voiceScore":0}}},"week":{"boundaryQuantum":4982406,"combined":{"entityString":"5588113201412cb93c595cd2","type":"combined","profiles":2,"postsMade":3,"repliesMade":0,"repliesRcvd":0,"sharesMade":0,"sharesRcvd":4,"mentionsRcvd":0,"likesRcvd":28,"reachRcvd":0,"audience":11557,"voice":3,"conversation":3,"engagement":32,"group_scoped":{"audienceScore":0.3973715780124957,"voiceScore":0.1986754966887417,"engagementScore":0.0030760387157922862,"combinedScore":0.03257078857927493,"combinedScoreRank":209,"SEIrank":186,"engagementSEIrank":187,"voiceSEIrank":173,"audienceSEIrank":147,"engagementSEI":0.003274387536043844,"engagementSEIadj":0.003274387536043844,"voiceSEI":0.4511278195488722,"voiceSEIadj":0.4511278195488722,"audienceSEI":0.6105646653332192,"audienceSEIadj":0.6105646653332192,"SEI":0.19835944491960988,"SEIadj":0.19835944491960988},"non_scoped":{"SEI":0.1525847510529345,"SEIrank":174,"SEIadj":0,"audienceSEI":0.4596895574061051,"audienceSEIadj":0,"audienceSEIrank":118,"audienceScore":0.08511310203416411,"combinedScore":0.007090599628571469,"combinedScoreRank":164,"engagementSEI":0.003274387536043844,"engagementSEIadj":0,"engagementSEIrank":152,"engagementScore":0.0013345950817668872,"voiceSEI":0.3488372093023256,"voiceSEIadj":0,"voiceSEIrank":171,"voiceScore":0.03267617906546128},"scoped":{"SEI":1.0727162719066592,"SEIrank":156,"SEIadj":0,"audienceSEI":6.034577287181549,"audienceSEIadj":0,"audienceSEIrank":106,"audienceScore":0.24592736662797343,"combinedScore":0.029708567794245216,"combinedScoreRank":149,"engagementSEI":0.10642189630516478,"engagementSEIadj":0,"engagementSEIrank":139,"engagementScore":0.015542581817122095,"voiceSEI":1.3513513513513513,"voiceSEIadj":0,"voiceSEIrank":159,"voiceScore":0.06847751654873316}},"facebook":{"entityString":"5588113201412cb93c595cd2","type":"facebook","profiles":0,"postsMade":0,"repliesMade":0,"repliesRcvd":0,"sharesMade":0,"sharesRcvd":0,"mentionsRcvd":0,"likesRcvd":0,"reachRcvd":0,"audience":0,"voice":0,"conversation":0,"engagement":0,"group_scoped":{"audienceScore":0,"voiceScore":0,"engagementScore":0,"combinedScore":0,"combinedScoreRank":208,"SEIrank":208,"engagementSEIrank":171,"voiceSEIrank":169,"audienceSEIrank":208,"engagementSEI":0,"engagementSEIadj":0,"voiceSEI":0,"voiceSEIadj":0,"audienceSEI":0,"audienceSEIadj":0,"SEI":0,"SEIadj":0},"non_scoped":{"SEI":0,"SEIrank":208,"SEIadj":0,"audienceSEI":0,"audienceSEIadj":0,"audienceSEIrank":208,"audienceScore":0,"combinedScore":0,"combinedScoreRank":208,"engagementSEI":0,"engagementSEIadj":0,"engagementSEIrank":171,"engagementScore":0,"voiceSEI":0,"voiceSEIadj":0,"voiceSEIrank":169,"voiceScore":0},"scoped":{"SEI":0,"SEIrank":188,"SEIadj":0,"audienceSEI":0,"audienceSEIadj":0,"audienceSEIrank":188,"audienceScore":0,"combinedScore":0,"combinedScoreRank":188,"engagementSEI":0,"engagementSEIadj":0,"engagementSEIrank":156,"engagementScore":0,"voiceSEI":0,"voiceSEIadj":0,"voiceSEIrank":154,"voiceScore":0}},"twitter":{"entityString":"5588113201412cb93c595cd2","type":"twitter","profiles":1,"postsMade":3,"repliesMade":0,"repliesRcvd":0,"sharesMade":0,"sharesRcvd":4,"mentionsRcvd":0,"likesRcvd":28,"reachRcvd":0,"audience":4880,"voice":3,"conversation":3,"engagement":32,"group_scoped":{"audienceScore":0.8587482336710256,"voiceScore":0.33707865168539325,"engagementScore":0.4690706537672237,"combinedScore":0.4819549326583223,"combinedScoreRank":157,"SEIrank":121,"engagementSEIrank":104,"voiceSEIrank":133,"audienceSEIrank":86,"engagementSEI":1.5165876777251186,"engagementSEIadj":1.5165876777251186,"voiceSEI":1.477832512315271,"voiceSEIadj":1.477832512315271,"audienceSEI":5.142146635476597,"audienceSEIadj":5.142146635476597,"SEI":1.8675170238773122,"SEIadj":1.8675170238773122},"non_scoped":{"SEI":0.39746385871877155,"SEIrank":155,"SEIadj":0,"audienceSEI":0.880751960034075,"audienceSEIadj":0,"audienceSEIrank":125,"audienceScore":0.1425386007966973,"combinedScore":0.056701522647095805,"combinedScoreRank":130,"engagementSEI":0.20508876498109338,"engagementSEIadj":0,"engagementSEIrank":122,"engagementScore":0.05217674873634437,"voiceSEI":0.6211180124223602,"voiceSEIadj":0,"voiceSEIrank":155,"voiceScore":0.05231037489102005},"scoped":{"SEI":1.7059205942041833,"SEIrank":139,"SEIadj":0,"audienceSEI":4.18657721575457,"audienceSEIadj":0,"audienceSEIrank":111,"audienceScore":0.22628546839237157,"combinedScore":0.11493099887026237,"combinedScoreRank":119,"engagementSEI":1.2195121951219512,"engagementSEIadj":0,"engagementSEIrank":111,"engagementScore":0.10981845636432272,"voiceSEI":1.8518518518518516,"voiceSEIadj":0,"voiceSEIrank":144,"voiceScore":0.09560229445506692}},"instagram":{"entityString":"5588113201412cb93c595cd2","type":"instagram","profiles":1,"postsMade":0,"repliesMade":0,"repliesRcvd":0,"sharesMade":0,"sharesRcvd":0,"mentionsRcvd":0,"likesRcvd":0,"reachRcvd":0,"audience":6677,"voice":0,"conversation":0,"engagement":0,"group_scoped":{"audienceScore":2.359522370759874,"voiceScore":0,"engagementScore":0,"combinedScore":2.359522370759874,"combinedScoreRank":45,"SEIrank":19,"engagementSEIrank":90,"voiceSEIrank":90,"audienceSEIrank":14,"engagementSEI":0,"engagementSEIadj":0,"voiceSEI":0,"voiceSEIadj":0,"audienceSEI":9.140565107874274,"audienceSEIadj":9.140565107874274,"SEI":0.9140565107874274,"SEIadj":0.9140565107874274},"non_scoped":{"SEI":0.5567878585723816,"SEIrank":21,"SEIadj":0,"audienceSEI":5.5678785857238156,"audienceSEIadj":0,"audienceSEIrank":13,"audienceScore":1.1825673595823025,"combinedScore":0.05912836797911513,"combinedScoreRank":21,"engagementSEI":0,"engagementSEIadj":0,"engagementSEIrank":90,"engagementScore":0,"voiceSEI":0,"voiceSEIadj":0,"voiceSEIrank":90,"voiceScore":0},"scoped":{"SEI":0.9140565107874274,"SEIrank":16,"SEIadj":0,"audienceSEI":9.140565107874274,"audienceSEIadj":0,"audienceSEIrank":9,"audienceScore":3.084777084777085,"combinedScore":0.15423885423885425,"combinedScoreRank":16,"engagementSEI":0,"engagementSEIadj":0,"engagementSEIrank":78,"engagementScore":0,"voiceSEI":0,"voiceSEIadj":0,"voiceSEIrank":78,"voiceScore":0}}},"month":{"boundaryQuantum":4975782,"combined":{"entityString":"5588113201412cb93c595cd2","type":"combined","profiles":2,"postsMade":42,"repliesMade":0,"repliesRcvd":0,"sharesMade":0,"sharesRcvd":51,"mentionsRcvd":0,"likesRcvd":361,"reachRcvd":0,"audience":11557,"voice":42,"conversation":42,"engagement":412,"group_scoped":{"audienceScore":0.3973715780124957,"voiceScore":0.7062384395493526,"engagementScore":0.010588989404328224,"combinedScore":0.06471059134198781,"combinedScoreRank":169,"SEIrank":141,"engagementSEIrank":177,"voiceSEIrank":123,"audienceSEIrank":147,"engagementSEI":0.011369149096456192,"engagementSEIadj":0.011369149096456192,"voiceSEI":1.5909090909090908,"voiceSEIadj":1.5909090909090908,"audienceSEI":0.6105646653332192,"audienceSEIadj":0.6105646653332192,"SEI":0.5451506832639229,"SEIadj":0.5451506832639229},"non_scoped":{"SEI":0.40095292102053454,"SEIrank":132,"SEIadj":0,"audienceSEI":0.4596895574061051,"audienceSEIadj":0,"audienceSEIrank":118,"audienceScore":0.08511310203416411,"combinedScore":0.01384633079349835,"combinedScoreRank":136,"engagementSEI":0.011369149096456192,"engagementSEIadj":0,"engagementSEIrank":126,"engagementScore":0.004477745928783407,"voiceSEI":1.160541586073501,"voiceSEIadj":0,"voiceSEIrank":125,"voiceScore":0.11121408711770157},"scoped":{"SEI":2.1584464382118203,"SEIrank":122,"SEIadj":0,"audienceSEI":6.034577287181549,"audienceSEIadj":0,"audienceSEIrank":106,"audienceScore":0.24592736662797343,"combinedScore":0.06310507736270879,"combinedScoreRank":119,"engagementSEI":0.38112153336663523,"engagementSEIadj":0,"engagementSEIrank":116,"engagementScore":0.043426017665535346,"voiceSEI":4.421052631578947,"voiceSEIadj":0,"voiceSEIrank":115,"voiceScore":0.23450586264656617}},"facebook":{"entityString":"5588113201412cb93c595cd2","type":"facebook","profiles":0,"postsMade":0,"repliesMade":0,"repliesRcvd":0,"sharesMade":0,"sharesRcvd":0,"mentionsRcvd":0,"likesRcvd":0,"reachRcvd":0,"audience":0,"voice":0,"conversation":0,"engagement":0,"group_scoped":{"audienceScore":0,"voiceScore":0,"engagementScore":0,"combinedScore":0,"combinedScoreRank":208,"SEIrank":208,"engagementSEIrank":176,"voiceSEIrank":176,"audienceSEIrank":208,"engagementSEI":0,"engagementSEIadj":0,"voiceSEI":0,"voiceSEIadj":0,"audienceSEI":0,"audienceSEIadj":0,"SEI":0,"SEIadj":0},"non_scoped":{"SEI":0,"SEIrank":208,"SEIadj":0,"audienceSEI":0,"audienceSEIadj":0,"audienceSEIrank":208,"audienceScore":0,"combinedScore":0,"combinedScoreRank":208,"engagementSEI":0,"engagementSEIadj":0,"engagementSEIrank":176,"engagementScore":0,"voiceSEI":0,"voiceSEIadj":0,"voiceSEIrank":176,"voiceScore":0},"scoped":{"SEI":0,"SEIrank":188,"SEIadj":0,"audienceSEI":0,"audienceSEIadj":0,"audienceSEIrank":188,"audienceScore":0,"combinedScore":0,"combinedScoreRank":188,"engagementSEI":0,"engagementSEIadj":0,"engagementSEIrank":161,"engagementScore":0,"voiceSEI":0,"voiceSEIadj":0,"voiceSEIrank":161,"voiceScore":0}},"twitter":{"entityString":"5588113201412cb93c595cd2","type":"twitter","profiles":1,"postsMade":42,"repliesMade":0,"repliesRcvd":0,"sharesMade":0,"sharesRcvd":51,"mentionsRcvd":0,"likesRcvd":361,"reachRcvd":0,"audience":4880,"voice":42,"conversation":42,"engagement":412,"group_scoped":{"audienceScore":0.8587482336710256,"voiceScore":1.2327560904021133,"engagementScore":1.553603077039104,"combinedScore":1.5028179855388508,"combinedScoreRank":81,"SEIrank":64,"engagementSEIrank":56,"voiceSEIrank":65,"audienceSEIrank":86,"engagementSEI":6.0375146541617815,"engagementSEIadj":6.0375146541617815,"voiceSEI":5.263157894736842,"voiceSEIadj":5.263157894736842,"audienceSEI":5.142146635476597,"audienceSEIadj":5.142146635476597,"SEI":5.71567082446578,"SEIadj":5.71567082446578},"non_scoped":{"SEI":1.149526247202112,"SEIrank":97,"SEIadj":0,"audienceSEI":0.880751960034075,"audienceSEIadj":0,"audienceSEIrank":125,"audienceScore":0.1425386007966973,"combinedScore":0.16983046030141866,"combinedScoreRank":86,"engagementSEI":0.7148682178612947,"engagementSEIadj":0,"engagementSEIrank":80,"engagementScore":0.17077083134722434,"voiceSEI":2.108433734939759,"voiceSEIadj":0,"voiceSEIrank":98,"voiceScore":0.1801956409816372},"scoped":{"SEI":4.813770759906839,"SEIrank":87,"SEIadj":0,"audienceSEI":4.18657721575457,"audienceSEIadj":0,"audienceSEIrank":111,"audienceScore":0.22628546839237157,"combinedScore":0.33971147048238665,"combinedScoreRank":75,"engagementSEI":4.064318832001578,"engagementSEIadj":0,"engagementSEIrank":70,"engagementScore":0.34664378144614405,"voiceSEI":6.521739130434782,"voiceSEIadj":0,"voiceSEIrank":88,"voiceScore":0.3283558752247674}},"instagram":{"entityString":"5588113201412cb93c595cd2","type":"instagram","profiles":1,"postsMade":0,"repliesMade":0,"repliesRcvd":0,"sharesMade":0,"sharesRcvd":0,"mentionsRcvd":0,"likesRcvd":0,"reachRcvd":0,"audience":6677,"voice":0,"conversation":0,"engagement":0,"group_scoped":{"audienceScore":2.359522370759874,"voiceScore":0,"engagementScore":0,"combinedScore":2.359522370759874,"combinedScoreRank":47,"SEIrank":18,"engagementSEIrank":90,"voiceSEIrank":90,"audienceSEIrank":14,"engagementSEI":0,"engagementSEIadj":0,"voiceSEI":0,"voiceSEIadj":0,"audienceSEI":9.140565107874274,"audienceSEIadj":9.140565107874274,"SEI":0.9140565107874274,"SEIadj":0.9140565107874274},"non_scoped":{"SEI":0.5567878585723816,"SEIrank":18,"SEIadj":0,"audienceSEI":5.5678785857238156,"audienceSEIadj":0,"audienceSEIrank":13,"audienceScore":1.1825673595823025,"combinedScore":0.05912836797911513,"combinedScoreRank":18,"engagementSEI":0,"engagementSEIadj":0,"engagementSEIrank":90,"engagementScore":0,"voiceSEI":0,"voiceSEIadj":0,"voiceSEIrank":90,"voiceScore":0},"scoped":{"SEI":0.9140565107874274,"SEIrank":15,"SEIadj":0,"audienceSEI":9.140565107874274,"audienceSEIadj":0,"audienceSEIrank":9,"audienceScore":3.084777084777085,"combinedScore":0.15423885423885425,"combinedScoreRank":15,"engagementSEI":0,"engagementSEIadj":0,"engagementSEIrank":78,"engagementScore":0,"voiceSEI":0,"voiceSEIadj":0,"voiceSEIrank":78,"voiceScore":0}}},"quarter":{"boundaryQuantum":4958502,"combined":{"entityString":"5588113201412cb93c595cd2","type":"combined","profiles":2,"postsMade":155,"repliesMade":0,"repliesRcvd":0,"sharesMade":0,"sharesRcvd":137,"mentionsRcvd":0,"likesRcvd":1251,"reachRcvd":0,"audience":11557,"voice":155,"conversation":155,"engagement":1388,"group_scoped":{"audienceScore":0.3973715780124957,"voiceScore":0.8642319487036522,"engagementScore":0.011099771431075618,"combinedScore":0.07306997062377546,"combinedScoreRank":165,"SEIrank":120,"engagementSEIrank":180,"voiceSEIrank":104,"audienceSEIrank":147,"engagementSEI":0.012107764688559158,"engagementSEIadj":0.012107764688559158,"voiceSEI":2.052980132450331,"voiceSEIadj":2.052980132450331,"audienceSEI":0.6105646653332192,"audienceSEIadj":0.6105646653332192,"SEI":0.6842151650815567,"SEIadj":0.6842151650815567},"non_scoped":{"SEI":0.48748837734791856,"SEIrank":117,"SEIadj":0,"audienceSEI":0.4596895574061051,"audienceSEIadj":0,"audienceSEIrank":118,"audienceScore":0.08511310203416411,"combinedScore":0.01536971366081292,"combinedScoreRank":128,"engagementSEI":0.012107764688559158,"engagementSEIadj":0,"engagementSEIrank":130,"engagementScore":0.004689186020820257,"voiceSEI":1.4475158759805753,"voiceSEIadj":0,"voiceSEIrank":111,"voiceScore":0.13787582280732966},"scoped":{"SEI":2.5820224792716187,"SEIrank":109,"SEIadj":0,"audienceSEI":6.034577287181549,"audienceSEIadj":0,"audienceSEIrank":106,"audienceScore":0.24592736662797343,"combinedScore":0.06802768422814703,"combinedScoreRank":119,"engagementSEI":0.2808698872270979,"engagementSEIadj":0,"engagementSEIrank":120,"engagementScore":0.045814901197590956,"voiceSEI":6.033476060724017,"voiceSEIadj":0,"voiceSEIrank":101,"voiceScore":0.28995809637832987}},"facebook":{"entityString":"5588113201412cb93c595cd2","type":"facebook","profiles":0,"postsMade":0,"repliesMade":0,"repliesRcvd":0,"sharesMade":0,"sharesRcvd":0,"mentionsRcvd":0,"likesRcvd":0,"reachRcvd":0,"audience":0,"voice":0,"conversation":0,"engagement":0,"group_scoped":{"audienceScore":0,"voiceScore":0,"engagementScore":0,"combinedScore":0,"combinedScoreRank":208,"SEIrank":208,"engagementSEIrank":179,"voiceSEIrank":178,"audienceSEIrank":208,"engagementSEI":0,"engagementSEIadj":0,"voiceSEI":0,"voiceSEIadj":0,"audienceSEI":0,"audienceSEIadj":0,"SEI":0,"SEIadj":0},"non_scoped":{"SEI":0,"SEIrank":208,"SEIadj":0,"audienceSEI":0,"audienceSEIadj":0,"audienceSEIrank":208,"audienceScore":0,"combinedScore":0,"combinedScoreRank":208,"engagementSEI":0,"engagementSEIadj":0,"engagementSEIrank":179,"engagementScore":0,"voiceSEI":0,"voiceSEIadj":0,"voiceSEIrank":178,"voiceScore":0},"scoped":{"SEI":0,"SEIrank":188,"SEIadj":0,"audienceSEI":0,"audienceSEIadj":0,"audienceSEIrank":188,"audienceScore":0,"combinedScore":0,"combinedScoreRank":188,"engagementSEI":0,"engagementSEIadj":0,"engagementSEIrank":164,"engagementScore":0,"voiceSEI":0,"voiceSEIadj":0,"voiceSEIrank":163,"voiceScore":0}},"twitter":{"entityString":"5588113201412cb93c595cd2","type":"twitter","profiles":1,"postsMade":155,"repliesMade":0,"repliesRcvd":0,"sharesMade":0,"sharesRcvd":137,"mentionsRcvd":0,"likesRcvd":1251,"reachRcvd":0,"audience":4880,"voice":155,"conversation":155,"engagement":1388,"group_scoped":{"audienceScore":0.8587482336710256,"voiceScore":1.48895292987512,"engagementScore":1.5730540822340089,"combinedScore":1.5331337321879153,"combinedScoreRank":79,"SEIrank":56,"engagementSEIrank":50,"voiceSEIrank":57,"audienceSEIrank":86,"engagementSEI":7.04032462591935,"engagementSEIadj":7.04032462591935,"voiceSEI":6.810193321616871,"voiceSEIadj":6.810193321616871,"audienceSEI":5.142146635476597,"audienceSEIadj":5.142146635476597,"SEI":6.781467435584331,"SEIadj":6.781467435584331},"non_scoped":{"SEI":1.2569747610534143,"SEIrank":85,"SEIadj":0,"audienceSEI":0.880751960034075,"audienceSEIadj":0,"audienceSEIrank":125,"audienceScore":0.1425386007966973,"combinedScore":0.16856439294958406,"combinedScoreRank":84,"engagementSEI":0.6582192040669221,"engagementSEIadj":0,"engagementSEIrank":83,"engagementScore":0.16700356145923573,"voiceSEI":2.5798934753661786,"voiceSEIadj":0,"voiceSEIrank":85,"voiceScore":0.22268515192874075},"scoped":{"SEI":5.640805583583948,"SEIrank":79,"SEIadj":0,"audienceSEI":4.18657721575457,"audienceSEIadj":0,"audienceSEIrank":111,"audienceScore":0.22628546839237157,"combinedScore":0.3432337305946951,"combinedScoreRank":74,"engagementSEI":4.366702321776883,"engagementSEIadj":0,"engagementSEIrank":73,"engagementScore":0.3462365484107543,"voiceSEI":8.673754896474538,"voiceSEIadj":0,"voiceSEIrank":75,"voiceScore":0.40613127210795236}},"instagram":{"entityString":"5588113201412cb93c595cd2","type":"instagram","profiles":1,"postsMade":0,"repliesMade":0,"repliesRcvd":0,"sharesMade":0,"sharesRcvd":0,"mentionsRcvd":0,"likesRcvd":0,"reachRcvd":0,"audience":6677,"voice":0,"conversation":0,"engagement":0,"group_scoped":{"audienceScore":2.359522370759874,"voiceScore":0,"engagementScore":0,"combinedScore":2.359522370759874,"combinedScoreRank":48,"SEIrank":18,"engagementSEIrank":90,"voiceSEIrank":90,"audienceSEIrank":14,"engagementSEI":0,"engagementSEIadj":0,"voiceSEI":0,"voiceSEIadj":0,"audienceSEI":9.140565107874274,"audienceSEIadj":9.140565107874274,"SEI":0.9140565107874274,"SEIadj":0.9140565107874274},"non_scoped":{"SEI":0.5567878585723816,"SEIrank":18,"SEIadj":0,"audienceSEI":5.5678785857238156,"audienceSEIadj":0,"audienceSEIrank":13,"audienceScore":1.1825673595823025,"combinedScore":0.05912836797911513,"combinedScoreRank":19,"engagementSEI":0,"engagementSEIadj":0,"engagementSEIrank":90,"engagementScore":0,"voiceSEI":0,"voiceSEIadj":0,"voiceSEIrank":90,"voiceScore":0},"scoped":{"SEI":0.9140565107874274,"SEIrank":15,"SEIadj":0,"audienceSEI":9.140565107874274,"audienceSEIadj":0,"audienceSEIrank":9,"audienceScore":3.084777084777085,"combinedScore":0.15423885423885425,"combinedScoreRank":14,"engagementSEI":0,"engagementSEIadj":0,"engagementSEIrank":78,"engagementScore":0,"voiceSEI":0,"voiceSEIadj":0,"voiceSEIrank":78,"voiceScore":0}}},"blended":{"combined":{"non_scoped":{"SEI":0.35196099992995034,"SEIadj":50.17598049996497,"SEIrank":136,"audienceSEI":0.4596895574061051,"audienceSEIadj":50.229844778703054,"audienceSEIrank":118,"engagementSEI":0.008741570969561161,"engagementSEIadj":50.00437078548478,"engagementSEIrank":139,"voiceSEI":1.0024903386920105,"voiceSEIadj":50.50124516934601,"voiceSEIrank":129},"scoped":{"SEI":1.4947421397653706,"SEIadj":40.89684528385922,"SEIrank":161,"compCharisma":0,"compInfluence":0,"compEva":1.4947421397653706,"audienceSEI":6.034577287181549,"audienceSEIadj":53.017288643590774,"audienceSEIrank":106,"engagementSEI":0.22952974251009367,"engagementSEIadj":50.11476487125505,"engagementSEIrank":128,"voiceSEI":4.085301330504256,"voiceSEIadj":52.042650665252125,"voiceSEIrank":119}},"facebook":{"non_scoped":{"SEI":0,"SEIadj":0,"SEIrank":208,"audienceSEI":0,"audienceSEIadj":0,"audienceSEIrank":208,"engagementSEI":0,"engagementSEIadj":0,"engagementSEIrank":179,"voiceSEI":0,"voiceSEIadj":0,"voiceSEIrank":178},"scoped":{"SEI":0,"SEIadj":0,"SEIrank":188,"audienceSEI":0,"audienceSEIadj":0,"audienceSEIrank":188,"engagementSEI":0,"engagementSEIadj":0,"engagementSEIrank":164,"voiceSEI":0,"voiceSEIadj":0,"voiceSEIrank":163}},"twitter":{"non_scoped":{"SEI":0.9245592350228258,"SEIadj":50.46227961751141,"SEIrank":109,"audienceSEI":0.8807519600340749,"audienceSEIadj":50.44037598001704,"audienceSEIrank":125,"engagementSEI":0.4978664642069833,"engagementSEIadj":50.24893323210349,"engagementSEIrank":97,"voiceSEI":1.792547201650761,"voiceSEIadj":50.89627360082538,"voiceSEIrank":104},"scoped":{"SEI":4.075177470118028,"SEIadj":52.03758873505902,"SEIrank":96,"audienceSEI":4.18657721575457,"audienceSEIadj":52.093288607877284,"audienceSEIrank":111,"engagementSEI":3.1588526442252634,"engagementSEIadj":51.57942632211263,"engagementSEIrank":84,"voiceSEI":5.870693873358041,"voiceSEIadj":52.93534693667902,"voiceSEIrank":94}},"instagram":{"non_scoped":{"SEI":0.5567878585723814,"SEIadj":70.16703635757172,"SEIrank":18,"audienceSEI":5.567878585723815,"audienceSEIadj":71.67036357571715,"audienceSEIrank":13,"engagementSEI":0,"engagementSEIadj":0,"engagementSEIrank":90,"voiceSEI":0,"voiceSEIadj":0,"voiceSEIrank":90},"scoped":{"SEI":0.9140565107874273,"SEIadj":70.27421695323623,"SEIrank":17,"audienceSEI":9.140565107874275,"audienceSEIadj":72.74216953236228,"audienceSEIrank":9,"engagementSEI":0,"engagementSEIadj":0,"engagementSEIrank":78,"voiceSEI":0,"voiceSEIadj":0,"voiceSEIrank":78}},"influence":{"facebook":{"scope":"individual","ratio":0,"calculated":false},"instagram":{"scope":"individual","ratio":0,"calculated":false},"combined":{"ratio":0.23,"bottom":false,"scope":"individual","calculated":true},"twitter":{"ratio":1.46,"bottom":false,"scope":"individual","calculated":true}},"charisma":{"facebook":{"scope":"individual","ratio":0,"calculated":false},"instagram":{"scope":"individual","ratio":0,"calculated":false},"combined":{"ratio":0.18,"bottom":false,"scope":"individual","calculated":true},"twitter":{"ratio":0.96,"bottom":false,"scope":"individual","calculated":true}}},"scope":"individual"}}