[{"content":"New York sunrise today! ☀️🌟🇺🇸 Amazing colors!!","profileString":"facebook_page.393948727476542","postURL":"https://facebook.com/393948727476542/posts/660709060800506","avatar":"https://graph.facebook.com/393948727476542/picture","classification":{"engine":"aylien","language":"en","taxonomy":[{"score":"0.0874","confident":true,"links":[{"link":"https://api.aylien.com/api/v1/classify/taxonomy/iab-qag/IAB9","rel":"self"}],"id":"IAB9","label":"Hobbies & Interests"},{"score":"0.0637","confident":false,"links":[{"link":"https://api.aylien.com/api/v1/classify/taxonomy/iab-qag/IAB9-23","rel":"self"},{"link":"https://api.aylien.com/api/v1/classify/taxonomy/iab-qag/IAB9","rel":"parent"}],"id":"IAB9-23","label":"Photography"}]},"postidString":"facebook_page.393948727476542_660709060800506","postMeta":{"inserted":"content-engine"},"timestamp":1496491864,"sharesRcvd":0,"likesRcvd":20,"source":"facebook_page","lastUpdateQuantum":4995736,"name":"Linda Schmidt FOX 5 TV","imageLarge":"https://scontent.xx.fbcdn.net/v/t1.0-0/p180x540/18839008_660709060800506_1170747507774471326_n.jpg?oh=063c54b2e93d7abe41e016daf99f9452&oe=599C2867","objectID":"660709060800506","repliesRcvd":2,"image":"https://scontent.xx.fbcdn.net/v/t1.0-0/s130x130/18839008_660709060800506_1170747507774471326_n.jpg?oh=f80ed23cf5fb38dd60dba6deeeabc219&oe=59A9DAA6","username":"LindaSchmidtFox5TV","link":"https://www.facebook.com/LindaSchmidtFox5TV/photos/a.440740782797336.1073741831.393948727476542/660709060800506/?type=3","timeQuantum":4988306,"title":"Timeline Photos","type":"photo"},{"content":"Some Great Southern Cookin' by my Aunt!! #family #northcarolina ❤️❤️","profileString":"facebook_page.393948727476542","postURL":"https://facebook.com/393948727476542/posts/662805840590828","avatar":"https://graph.facebook.com/393948727476542/picture","classification":{"engine":"aylien","language":"en","taxonomy":[{"score":"0.2291","confident":false,"links":[{"link":"https://api.aylien.com/api/v1/classify/taxonomy/iab-qag/IAB6-6","rel":"self"},{"link":"https://api.aylien.com/api/v1/classify/taxonomy/iab-qag/IAB6","rel":"parent"}],"id":"IAB6-6","label":"Parenting teens"},{"score":"0.1133","confident":true,"links":[{"link":"https://api.aylien.com/api/v1/classify/taxonomy/iab-qag/IAB6","rel":"self"}],"id":"IAB6","label":"Family & Parenting"}]},"postidString":"facebook_page.393948727476542_662805840590828","postMeta":{"inserted":"content-engine"},"timestamp":1496796719,"sharesRcvd":0,"likesRcvd":20,"source":"facebook_page","lastUpdateQuantum":4995736,"name":"Linda Schmidt FOX 5 TV","imageLarge":"https://scontent.xx.fbcdn.net/v/t15.0-10/19024027_662808277257251_4849285279984386048_n.jpg?oh=d9181b220dc48981e7fd00c19db2a0a9&oe=59E224D8","objectID":"662805840590828","repliesRcvd":4,"image":"https://scontent.xx.fbcdn.net/v/t15.0-10/p130x130/19024027_662808277257251_4849285279984386048_n.jpg?oh=48f57d187de8a44a1e2adedd99310813&oe=59E4F526","username":"LindaSchmidtFox5TV","link":"https://www.facebook.com/LindaSchmidtFox5TV/videos/662805840590828/","timeQuantum":4989322,"video":"https://video.xx.fbcdn.net/v/t42.1790-2/18968192_1865467437112617_6091988729407209472_n.mp4?efg=eyJybHIiOjYwNiwicmxhIjo1MTIsInZlbmNvZGVfdGFnIjoic3ZlX3NkIn0%3D&rl=606&vabr=337&oh=e3aa7031b6633267a1e5b448c6b70b4c&oe=5939C104","type":"video"},{"content":"Grape vines at my Uncle's home in North Carolina.  You can Hear the voice of my cousin's sweet 3 year old telling me where to walk. 😀 #family #northcarolina","profileString":"facebook_page.393948727476542","postURL":"https://facebook.com/393948727476542/posts/663093063895439","avatar":"https://graph.facebook.com/393948727476542/picture","classification":{"engine":"aylien","language":"en","taxonomy":[{"score":"0.2755","confident":false,"links":[{"link":"https://api.aylien.com/api/v1/classify/taxonomy/iab-qag/IAB6-6","rel":"self"},{"link":"https://api.aylien.com/api/v1/classify/taxonomy/iab-qag/IAB6","rel":"parent"}],"id":"IAB6-6","label":"Parenting teens"},{"score":"0.2669","confident":false,"links":[{"link":"https://api.aylien.com/api/v1/classify/taxonomy/iab-qag/IAB10-4","rel":"self"},{"link":"https://api.aylien.com/api/v1/classify/taxonomy/iab-qag/IAB10","rel":"parent"}],"id":"IAB10-4","label":"Gardening"},{"score":"0.0890","confident":false,"links":[{"link":"https://api.aylien.com/api/v1/classify/taxonomy/iab-qag/IAB8-4","rel":"self"},{"link":"https://api.aylien.com/api/v1/classify/taxonomy/iab-qag/IAB8","rel":"parent"}],"id":"IAB8-4","label":"Chinese Cuisine"},{"score":"0.0637","confident":false,"links":[{"link":"https://api.aylien.com/api/v1/classify/taxonomy/iab-qag/IAB6","rel":"self"}],"id":"IAB6","label":"Family & Parenting"},{"score":"0.0618","confident":false,"links":[{"link":"https://api.aylien.com/api/v1/classify/taxonomy/iab-qag/IAB8","rel":"self"}],"id":"IAB8","label":"Food & Drink"},{"score":"0.0541","confident":false,"links":[{"link":"https://api.aylien.com/api/v1/classify/taxonomy/iab-qag/IAB9","rel":"self"}],"id":"IAB9","label":"Hobbies & Interests"},{"score":"0.0529","confident":false,"links":[{"link":"https://api.aylien.com/api/v1/classify/taxonomy/iab-qag/IAB10","rel":"self"}],"id":"IAB10","label":"Home & Garden"},{"score":"0.0501","confident":false,"links":[{"link":"https://api.aylien.com/api/v1/classify/taxonomy/iab-qag/IAB9-4","rel":"self"},{"link":"https://api.aylien.com/api/v1/classify/taxonomy/iab-qag/IAB9","rel":"parent"}],"id":"IAB9-4","label":"Birdwatching"}]},"postidString":"facebook_page.393948727476542_663093063895439","postMeta":{"inserted":"content-engine"},"timestamp":1496842325,"sharesRcvd":0,"likesRcvd":18,"source":"facebook_page","lastUpdateQuantum":4995736,"name":"Linda Schmidt FOX 5 TV","imageLarge":"https://scontent.xx.fbcdn.net/v/t15.0-10/19002592_663094043895341_2848767449984139264_n.jpg?oh=ac15155aab5b07256687a80a87c87963&oe=59AA122E","objectID":"663093063895439","repliesRcvd":1,"image":"https://scontent.xx.fbcdn.net/v/t15.0-10/p130x130/19002592_663094043895341_2848767449984139264_n.jpg?oh=377b06e322d21ab8c47bb489cf22cea0&oe=59E717D0","username":"LindaSchmidtFox5TV","link":"https://www.facebook.com/LindaSchmidtFox5TV/videos/663093063895439/","timeQuantum":4989474,"video":"https://video.xx.fbcdn.net/v/t42.1790-2/18992355_1490788930942676_7129504351101386752_n.mp4?efg=eyJybHIiOjkwNSwicmxhIjo1MTIsInZlbmNvZGVfdGFnIjoic3ZlX3NkIn0%3D&rl=905&vabr=503&oh=6ac3cd246e1300bf24192cfc6d851635&oe=593B1CE4","type":"video"},{"content":"No sounds of cars out here in the country in North Carolina, just the natural sound of locusts. 😊 #countrylife #family","profileString":"facebook_page.393948727476542","postURL":"https://facebook.com/393948727476542/posts/663240660547346","avatar":"https://graph.facebook.com/393948727476542/picture","classification":{"engine":"aylien","language":"en","taxonomy":[{"score":"0.2576","confident":true,"links":[{"link":"https://api.aylien.com/api/v1/classify/taxonomy/iab-qag/IAB2","rel":"self"}],"id":"IAB2","label":"Automotive"},{"score":"0.0762","confident":false,"links":[{"link":"https://api.aylien.com/api/v1/classify/taxonomy/iab-qag/IAB2-13","rel":"self"},{"link":"https://api.aylien.com/api/v1/classify/taxonomy/iab-qag/IAB2","rel":"parent"}],"id":"IAB2-13","label":"Luxury"}]},"postidString":"facebook_page.393948727476542_663240660547346","postMeta":{"inserted":"content-engine"},"timestamp":1496860027,"sharesRcvd":2,"likesRcvd":17,"source":"facebook_page","lastUpdateQuantum":4995736,"name":"Linda Schmidt FOX 5 TV","imageLarge":"https://scontent.xx.fbcdn.net/v/t15.0-10/19023965_663241243880621_2492223213807861760_n.jpg?oh=3b11d4e5dbb73c67dea2acf28269c37a&oe=59AE1CE6","objectID":"663240660547346","repliesRcvd":2,"image":"https://scontent.xx.fbcdn.net/v/t15.0-10/p130x130/19023965_663241243880621_2492223213807861760_n.jpg?oh=810054ee81bc6db8108940ef8274db0a&oe=59DE2418","username":"LindaSchmidtFox5TV","link":"https://www.facebook.com/LindaSchmidtFox5TV/videos/663240660547346/","timeQuantum":4989533,"video":"https://video.xx.fbcdn.net/v/t42.1790-2/18992432_1479327088801207_8362351739638120448_n.mp4?efg=eyJybHIiOjg1OCwicmxhIjo1MTIsInZlbmNvZGVfdGFnIjoic3ZlX3NkIn0%3D&rl=858&vabr=477&oh=1cb0930ef88e66998d4fbefcee533429&oe=593A2813","type":"video"},{"content":"Look at what I found in North Carolina!! Gorgeous #peacocks Amazing Colors!!","profileString":"facebook_page.393948727476542","postURL":"https://facebook.com/393948727476542/posts/663775627160516","avatar":"https://graph.facebook.com/393948727476542/picture","classification":{"engine":"aylien","language":"en","taxonomy":[{"score":"0.0738","confident":false,"links":[{"link":"https://api.aylien.com/api/v1/classify/taxonomy/iab-qag/IAB9","rel":"self"}],"id":"IAB9","label":"Hobbies & Interests"},{"score":"0.0577","confident":false,"links":[{"link":"https://api.aylien.com/api/v1/classify/taxonomy/iab-qag/IAB9-4","rel":"self"},{"link":"https://api.aylien.com/api/v1/classify/taxonomy/iab-qag/IAB9","rel":"parent"}],"id":"IAB9-4","label":"Birdwatching"}]},"postidString":"facebook_page.393948727476542_663775627160516","postMeta":{"inserted":"content-engine"},"timestamp":1496931825,"sharesRcvd":4,"likesRcvd":26,"source":"facebook_page","lastUpdateQuantum":4995736,"name":"Linda Schmidt FOX 5 TV","imageLarge":"https://scontent.xx.fbcdn.net/v/t15.0-10/19048150_663776953827050_483971384658100224_n.jpg?oh=6e33add4ed9bbf44b41651dc36b64dbd&oe=59D66DCA","objectID":"663775627160516","repliesRcvd":5,"image":"https://scontent.xx.fbcdn.net/v/t15.0-10/p130x130/19048150_663776953827050_483971384658100224_n.jpg?oh=a0865c18788b4f04afe7d1f170bbe5ff&oe=59A61E74","username":"LindaSchmidtFox5TV","link":"https://www.facebook.com/LindaSchmidtFox5TV/videos/663775627160516/","timeQuantum":4989772,"video":"https://video.xx.fbcdn.net/v/t42.1790-2/19035704_845316205625332_9037712351679217664_n.mp4?efg=eyJybHIiOjY5NiwicmxhIjo1MTIsInZlbmNvZGVfdGFnIjoic3ZlX3NkIn0%3D&rl=696&vabr=387&oh=2fc8d6a5d7493c3f5d6da45881f71773&oe=593B62CD","type":"video"},{"content":"Chandelier made of wine glasses! Pretty Cool!! 🍷 🍇 #winery #northcarolina","profileString":"facebook_page.393948727476542","postURL":"https://facebook.com/393948727476542/posts/663876897150389","avatar":"https://graph.facebook.com/393948727476542/picture","classification":{"engine":"aylien","language":"en","taxonomy":[{"score":"0.4348","confident":true,"links":[{"link":"https://api.aylien.com/api/v1/classify/taxonomy/iab-qag/IAB8-18","rel":"self"},{"link":"https://api.aylien.com/api/v1/classify/taxonomy/iab-qag/IAB8","rel":"parent"}],"id":"IAB8-18","label":"Wine"},{"score":"0.1135","confident":true,"links":[{"link":"https://api.aylien.com/api/v1/classify/taxonomy/iab-qag/IAB8","rel":"self"}],"id":"IAB8","label":"Food & Drink"}]},"postidString":"facebook_page.393948727476542_663876897150389","postMeta":{"inserted":"content-engine"},"timestamp":1496948703,"sharesRcvd":0,"likesRcvd":16,"source":"facebook_page","lastUpdateQuantum":4995736,"name":"Linda Schmidt FOX 5 TV","imageLarge":"https://scontent.xx.fbcdn.net/v/t1.0-0/p180x540/18951170_663876897150389_147201502256389201_n.jpg?oh=24b5de6b881f89a6c4eb841d9bf76700&oe=59ABC00A","objectID":"663876897150389","repliesRcvd":0,"image":"https://scontent.xx.fbcdn.net/v/t1.0-0/s130x130/18951170_663876897150389_147201502256389201_n.jpg?oh=4466c96b05e3f8a98556baa0df3ffc37&oe=59A26759","username":"LindaSchmidtFox5TV","link":"https://www.facebook.com/LindaSchmidtFox5TV/photos/a.440740782797336.1073741831.393948727476542/663876897150389/?type=3","timeQuantum":4989829,"title":"Timeline Photos","type":"photo"},{"content":"I'd like to Thank the man who allowed his dog to Urinate Directly In Front of our doors at work.  He was doing it as I approached the doors.  What a Nice, Considerate neighbor you are. I guess your frail, tiny arms weren't strong enough to pull your dog a few feet away to the curb! #uppereastside #IDIOT #DISGUSTING","profileString":"facebook_page.393948727476542","postURL":"https://facebook.com/393948727476542/posts/667651470106265","avatar":"https://graph.facebook.com/393948727476542/picture","classification":{"engine":"aylien","language":"en","taxonomy":[{"score":"0.5108","confident":true,"links":[{"link":"https://api.aylien.com/api/v1/classify/taxonomy/iab-qag/IAB16-4","rel":"self"},{"link":"https://api.aylien.com/api/v1/classify/taxonomy/iab-qag/IAB16","rel":"parent"}],"id":"IAB16-4","label":"Dogs"},{"score":"0.1977","confident":true,"links":[{"link":"https://api.aylien.com/api/v1/classify/taxonomy/iab-qag/IAB16","rel":"self"}],"id":"IAB16","label":"Pets"}]},"postidString":"facebook_page.393948727476542_667651470106265","postMeta":{"inserted":"content-engine"},"timestamp":1497629687,"sharesRcvd":0,"likesRcvd":14,"source":"facebook_page","lastUpdateQuantum":4995736,"name":"Linda Schmidt FOX 5 TV","imageLarge":"https://scontent.xx.fbcdn.net/v/t15.0-10/19279672_667651690106243_440755990661431296_n.jpg?oh=de85053b5e96e1d481234f74f8e94e5d&oe=599DC30C","objectID":"667651470106265","repliesRcvd":4,"image":"https://scontent.xx.fbcdn.net/v/t15.0-10/p130x130/19279672_667651690106243_440755990661431296_n.jpg?oh=2c17da758fd658793c1a5776e2260cc2&oe=59E64AB2","username":"LindaSchmidtFox5TV","link":"https://www.facebook.com/LindaSchmidtFox5TV/videos/667651470106265/","timeQuantum":4992098,"video":"https://video.xx.fbcdn.net/v/t42.1790-2/19165483_997874057016450_3130160006272385024_n.mp4?efg=eyJybHIiOjU4OCwicmxhIjo1MTIsInZlbmNvZGVfdGFnIjoic3ZlX3NkIn0%3D&rl=588&vabr=327&oh=50c11bd08a7eef3abf08aebf4e6a14ca&oe=5945E8A2","type":"video"},{"content":"Downpour in #nyc right now!","profileString":"facebook_page.393948727476542","postURL":"https://facebook.com/393948727476542/posts/668983833306362","avatar":"https://graph.facebook.com/393948727476542/picture","classification":{"engine":"aylien","language":"en","taxonomy":[{"score":"0.0757","confident":false,"links":[{"link":"https://api.aylien.com/api/v1/classify/taxonomy/iab-qag/IAB9","rel":"self"}],"id":"IAB9","label":"Hobbies & Interests"},{"score":"0.0512","confident":false,"links":[{"link":"https://api.aylien.com/api/v1/classify/taxonomy/iab-qag/IAB9-4","rel":"self"},{"link":"https://api.aylien.com/api/v1/classify/taxonomy/iab-qag/IAB9","rel":"parent"}],"id":"IAB9-4","label":"Birdwatching"}]},"postidString":"facebook_page.393948727476542_668983833306362","postMeta":{"inserted":"content-engine"},"timestamp":1497908356,"sharesRcvd":1,"likesRcvd":23,"source":"facebook_page","lastUpdateQuantum":4995736,"name":"Linda Schmidt FOX 5 TV","imageLarge":"https://scontent.xx.fbcdn.net/v/t15.0-10/19348935_668984003306345_1355465706950361088_n.jpg?oh=a05ff51062dc2cb04f31e9f9f3be3dd0&oe=59E7DF9E","objectID":"668983833306362","repliesRcvd":5,"image":"https://scontent.xx.fbcdn.net/v/t15.0-10/p130x130/19348935_668984003306345_1355465706950361088_n.jpg?oh=9a330a1da36581334c12a50412bf0e14&oe=59CAC760","username":"LindaSchmidtFox5TV","link":"https://www.facebook.com/LindaSchmidtFox5TV/videos/668983833306362/","timeQuantum":4993027,"video":"https://video.xx.fbcdn.net/v/t42.1790-2/19314546_1111010385710209_812549757330259968_n.mp4?efg=eyJybHIiOjkxMCwicmxhIjo1MTIsInZlbmNvZGVfdGFnIjoic3ZlX3NkIn0%3D&rl=910&vabr=506&oh=528a421c5cde49432009e4307a99b3be&oe=594A9B97","type":"video"},{"content":"Yay!!! It's Summertime!!! ☀️☀️☀️ #summer","profileString":"facebook_page.393948727476542","postURL":"https://facebook.com/393948727476542/posts/669727259898686","avatar":"https://graph.facebook.com/393948727476542/picture","classification":{"engine":"aylien","language":"en","taxonomy":[{"score":"0.0746","confident":false,"links":[{"link":"https://api.aylien.com/api/v1/classify/taxonomy/iab-qag/IAB9","rel":"self"}],"id":"IAB9","label":"Hobbies & Interests"},{"score":"0.0527","confident":false,"links":[{"link":"https://api.aylien.com/api/v1/classify/taxonomy/iab-qag/IAB9-23","rel":"self"},{"link":"https://api.aylien.com/api/v1/classify/taxonomy/iab-qag/IAB9","rel":"parent"}],"id":"IAB9-23","label":"Photography"}]},"postidString":"facebook_page.393948727476542_669727259898686","postMeta":{"inserted":"content-engine"},"timestamp":1498053376,"sharesRcvd":2,"likesRcvd":13,"source":"facebook_page","lastUpdateQuantum":4995736,"name":"Linda Schmidt FOX 5 TV","imageLarge":"https://scontent.xx.fbcdn.net/v/t1.0-9/p720x720/19396633_669727259898686_8197687903415920228_n.jpg?oh=4fd1cfb39e79d92256c040c75b67f9a0&oe=59CC6DAD","objectID":"669727259898686","repliesRcvd":0,"image":"https://scontent.xx.fbcdn.net/v/t1.0-0/p130x130/19396633_669727259898686_8197687903415920228_n.jpg?oh=e2b8775c532ed49a9dc3bfbcbc3ed3c6&oe=59CF8152","username":"LindaSchmidtFox5TV","link":"https://www.facebook.com/LindaSchmidtFox5TV/photos/a.440740782797336.1073741831.393948727476542/669727259898686/?type=3","timeQuantum":4993511,"title":"Timeline Photos","type":"photo"},{"content":"My view tonight at work just before going Live. #AReportersLife","profileString":"facebook_page.393948727476542","postURL":"https://facebook.com/393948727476542/posts/670016409869771","avatar":"https://graph.facebook.com/393948727476542/picture","classification":{"engine":"aylien","language":"en","taxonomy":[{"score":"0.2296","confident":false,"links":[{"link":"https://api.aylien.com/api/v1/classify/taxonomy/iab-qag/IAB1-4","rel":"self"},{"link":"https://api.aylien.com/api/v1/classify/taxonomy/iab-qag/IAB1","rel":"parent"}],"id":"IAB1-4","label":"Humor"},{"score":"0.0835","confident":true,"links":[{"link":"https://api.aylien.com/api/v1/classify/taxonomy/iab-qag/IAB1","rel":"self"}],"id":"IAB1","label":"Arts & Entertainment"},{"score":"0.0781","confident":true,"links":[{"link":"https://api.aylien.com/api/v1/classify/taxonomy/iab-qag/IAB9","rel":"self"}],"id":"IAB9","label":"Hobbies & Interests"},{"score":"0.0749","confident":false,"links":[{"link":"https://api.aylien.com/api/v1/classify/taxonomy/iab-qag/IAB9-23","rel":"self"},{"link":"https://api.aylien.com/api/v1/classify/taxonomy/iab-qag/IAB9","rel":"parent"}],"id":"IAB9-23","label":"Photography"}]},"postidString":"facebook_page.393948727476542_670016409869771","postMeta":{"inserted":"content-engine"},"timestamp":1498103555,"sharesRcvd":0,"likesRcvd":14,"source":"facebook_page","lastUpdateQuantum":4995736,"name":"Linda Schmidt FOX 5 TV","imageLarge":"https://scontent.xx.fbcdn.net/v/t1.0-9/p720x720/19423994_670016409869771_531606678510575987_n.jpg?oh=f4f75e8ef77b2183a0075a0354387f65&oe=59DD8653","objectID":"670016409869771","repliesRcvd":1,"image":"https://scontent.xx.fbcdn.net/v/t1.0-0/p130x130/19423994_670016409869771_531606678510575987_n.jpg?oh=c1a6a5fb2a99c29f1d68f1af3bac2ad7&oe=59CBD3A4","username":"LindaSchmidtFox5TV","link":"https://www.facebook.com/LindaSchmidtFox5TV/photos/a.440740782797336.1073741831.393948727476542/670016409869771/?type=3","timeQuantum":4993678,"title":"Timeline Photos","type":"photo"},{"content":"Reflection walking to work 😊😊","profileString":"facebook_page.393948727476542","postURL":"https://facebook.com/393948727476542/posts/670323656505713","avatar":"https://graph.facebook.com/393948727476542/picture","classification":{"engine":"aylien","language":"en","taxonomy":[{"score":"0.3129","confident":true,"links":[{"link":"https://api.aylien.com/api/v1/classify/taxonomy/iab-qag/IAB4-9","rel":"self"},{"link":"https://api.aylien.com/api/v1/classify/taxonomy/iab-qag/IAB4","rel":"parent"}],"id":"IAB4-9","label":"Telecommuting"},{"score":"0.2248","confident":false,"links":[{"link":"https://api.aylien.com/api/v1/classify/taxonomy/iab-qag/IAB10-5","rel":"self"},{"link":"https://api.aylien.com/api/v1/classify/taxonomy/iab-qag/IAB10","rel":"parent"}],"id":"IAB10-5","label":"Home Repair"},{"score":"0.0767","confident":false,"links":[{"link":"https://api.aylien.com/api/v1/classify/taxonomy/iab-qag/IAB9","rel":"self"}],"id":"IAB9","label":"Hobbies & Interests"},{"score":"0.0684","confident":false,"links":[{"link":"https://api.aylien.com/api/v1/classify/taxonomy/iab-qag/IAB4","rel":"self"}],"id":"IAB4","label":"Careers"},{"score":"0.0646","confident":false,"links":[{"link":"https://api.aylien.com/api/v1/classify/taxonomy/iab-qag/IAB10","rel":"self"}],"id":"IAB10","label":"Home & Garden"},{"score":"0.0624","confident":false,"links":[{"link":"https://api.aylien.com/api/v1/classify/taxonomy/iab-qag/IAB9-4","rel":"self"},{"link":"https://api.aylien.com/api/v1/classify/taxonomy/iab-qag/IAB9","rel":"parent"}],"id":"IAB9-4","label":"Birdwatching"}]},"postidString":"facebook_page.393948727476542_670323656505713","postMeta":{"inserted":"content-engine"},"timestamp":1498159316,"sharesRcvd":0,"likesRcvd":58,"source":"facebook_page","lastUpdateQuantum":4995826,"name":"Linda Schmidt FOX 5 TV","imageLarge":"https://scontent.xx.fbcdn.net/v/t15.0-10/s720x720/19370117_670324423172303_231848287462752256_n.jpg?oh=a1f82bba5c57a66b026d09d526d76ec6&oe=59CFF835","objectID":"670323656505713","repliesRcvd":10,"image":"https://scontent.xx.fbcdn.net/v/t15.0-10/s130x130/19370117_670324423172303_231848287462752256_n.jpg?oh=6ddce5afc69089cf9dae2df896eb8efe&oe=59CECB70","username":"LindaSchmidtFox5TV","link":"https://www.facebook.com/LindaSchmidtFox5TV/videos/670323656505713/","timeQuantum":4993864,"video":"https://video.xx.fbcdn.net/v/t42.1790-2/19464243_1430967873593382_7132148736695730176_n.mp4?efg=eyJybHIiOjgxNSwicmxhIjo1MTIsInZlbmNvZGVfdGFnIjoic3ZlX3NkIn0%3D&rl=815&vabr=453&oh=4de4cb81f91b33eac4768154d5853489&oe=594DB0E4","type":"video"},{"content":"Loving this summer weather... and my suede shoes!! 😊😊","profileString":"facebook_page.393948727476542","postURL":"https://facebook.com/393948727476542/posts/670326836505395","avatar":"https://graph.facebook.com/393948727476542/picture","classification":{"engine":"aylien","language":"en","taxonomy":[{"score":"0.3482","confident":false,"links":[{"link":"https://api.aylien.com/api/v1/classify/taxonomy/iab-qag/IAB18-6","rel":"self"},{"link":"https://api.aylien.com/api/v1/classify/taxonomy/iab-qag/IAB18","rel":"parent"}],"id":"IAB18-6","label":"Accessories"},{"score":"0.1306","confident":true,"links":[{"link":"https://api.aylien.com/api/v1/classify/taxonomy/iab-qag/IAB18","rel":"self"}],"id":"IAB18","label":"Style & Fashion"}]},"postidString":"facebook_page.393948727476542_670326836505395","postMeta":{"inserted":"content-engine"},"timestamp":1498159663,"sharesRcvd":0,"likesRcvd":112,"source":"facebook_page","lastUpdateQuantum":4995826,"name":"Linda Schmidt FOX 5 TV","imageLarge":"https://scontent.xx.fbcdn.net/v/t1.0-9/s720x720/19396628_670326836505395_6091270642636296612_n.jpg?oh=e59b16695a413c500da43530f304713d&oe=59E8B191","objectID":"670326836505395","repliesRcvd":18,"image":"https://scontent.xx.fbcdn.net/v/t1.0-0/s130x130/19396628_670326836505395_6091270642636296612_n.jpg?oh=1283931652af34fcfc89b6a1638fd508&oe=59C5286E","username":"LindaSchmidtFox5TV","link":"https://www.facebook.com/LindaSchmidtFox5TV/photos/a.440740782797336.1073741831.393948727476542/670326836505395/?type=3","timeQuantum":4993865,"title":"Timeline Photos","type":"photo"},{"content":"https://www.facebook.com/FOX5NY/videos/10158909099430553/","profileString":"facebook_page.393948727476542","postURL":"https://facebook.com/393948727476542/posts/670932636444815","avatar":"https://graph.facebook.com/393948727476542/picture","classification":{"engine":"aylien","language":"en","taxonomy":[{"score":"0.0743","links":[{"rel":"self","link":"https://api.aylien.com/api/v1/classify/taxonomy/iab-qag/IAB9"}],"label":"Hobbies & Interests","id":"IAB9","confident":false},{"score":"0.0554","links":[{"rel":"self","link":"https://api.aylien.com/api/v1/classify/taxonomy/iab-qag/IAB9-28"},{"rel":"parent","link":"https://api.aylien.com/api/v1/classify/taxonomy/iab-qag/IAB9"}],"label":"Screenwriting","id":"IAB9-28","confident":false}]},"postidString":"facebook_page.393948727476542_670932636444815","postMeta":{"inserted":"content-engine"},"timestamp":1498271221,"sharesRcvd":0,"likesRcvd":5,"source":"facebook_page","lastUpdateQuantum":4995826,"name":"Linda Schmidt FOX 5 TV","imageLarge":"https://scontent.xx.fbcdn.net/v/t15.0-10/s720x720/19479164_10158908923655553_5530795086897479680_n.jpg?oh=9ec370d6c7253a5390f42010344bfdf9&oe=59DED075","repliesRcvd":0,"image":"https://scontent.xx.fbcdn.net/v/t15.0-10/s130x130/19479164_10158908923655553_5530795086897479680_n.jpg?oh=62887f7441875afa78cd6a26814e2e9a&oe=59E53C87","username":"LindaSchmidtFox5TV","link":"https://www.facebook.com/FOX5NY/videos/10158909099430553/","timeQuantum":4994237,"video":"https://video.xx.fbcdn.net/v/t42.1790-2/19475793_1481126891925676_8931940015986966528_n.mp4?efg=eyJybHIiOjcwNywicmxhIjo1MTIsInZlbmNvZGVfdGFnIjoic3ZlX3NkIn0%3D&rl=707&vabr=393&oh=9e85c1cbb9cacc1255b01315c43f5200&oe=5950132C","type":"video","title":"FOX 5 / Fox5NY.com"},{"content":"So happy to see the #nyc #prideparade broadcasted for the First time!! A sea of people today.  Thanks to ABC TV !  #equalrights #loveislove I support Everyone's Right to live an Authentic, True, Happy Life!!","profileString":"facebook_page.393948727476542","postURL":"https://facebook.com/393948727476542/posts/671729406365138","avatar":"https://graph.facebook.com/393948727476542/picture","classification":{"engine":"aylien","language":"en","taxonomy":[{"score":"0.1988","links":[{"rel":"self","link":"https://api.aylien.com/api/v1/classify/taxonomy/iab-qag/IAB14-5"},{"rel":"parent","link":"https://api.aylien.com/api/v1/classify/taxonomy/iab-qag/IAB14"}],"label":"Senior Living","id":"IAB14-5","confident":false},{"score":"0.1159","links":[{"rel":"self","link":"https://api.aylien.com/api/v1/classify/taxonomy/iab-qag/IAB14"}],"label":"Society","id":"IAB14","confident":true}]},"postidString":"facebook_page.393948727476542_671729406365138","postMeta":{"inserted":"content-engine"},"timestamp":1498410700,"sharesRcvd":1,"likesRcvd":15,"source":"facebook_page","lastUpdateQuantum":4995376,"name":"Linda Schmidt FOX 5 TV","imageLarge":"https://scontent.xx.fbcdn.net/v/t1.0-0/p180x540/19430175_671729406365138_4936621447128053168_n.jpg?oh=c1e6af5b9bfc5e9c7679ed32b435a37a&oe=59CA02D8","objectID":"671729406365138","repliesRcvd":1,"image":"https://scontent.xx.fbcdn.net/v/t1.0-0/s130x130/19430175_671729406365138_4936621447128053168_n.jpg?oh=6c5fec050c2c1fab6843d6e37f48c00e&oe=59D2E219","username":"LindaSchmidtFox5TV","link":"https://www.facebook.com/LindaSchmidtFox5TV/photos/a.440740782797336.1073741831.393948727476542/671729406365138/?type=3","timeQuantum":4994702,"type":"photo","title":"Timeline Photos"},{"content":"Curly hair on a summer night at work. #areporterslife #turquoise","profileString":"facebook_page.393948727476542","postURL":"https://facebook.com/393948727476542/posts/672912352913510","avatar":"https://graph.facebook.com/393948727476542/picture","classification":{"engine":"aylien","language":"en","taxonomy":[{"score":"0.4318","links":[{"rel":"self","link":"https://api.aylien.com/api/v1/classify/taxonomy/iab-qag/IAB18-2"},{"rel":"parent","link":"https://api.aylien.com/api/v1/classify/taxonomy/iab-qag/IAB18"}],"label":"Body Art","id":"IAB18-2","confident":false},{"score":"0.1329","links":[{"rel":"self","link":"https://api.aylien.com/api/v1/classify/taxonomy/iab-qag/IAB18"}],"label":"Style & Fashion","id":"IAB18","confident":true}]},"postidString":"facebook_page.393948727476542_672912352913510","postMeta":{"inserted":"content-engine"},"timestamp":1498619526,"sharesRcvd":0,"likesRcvd":42,"source":"facebook_page","lastUpdateQuantum":4995826,"name":"Linda Schmidt FOX 5 TV","imageLarge":"https://scontent.xx.fbcdn.net/v/t1.0-9/p720x720/19437507_672912352913510_3888279876790306371_n.jpg?oh=049a0e0167ddca4b3361c9e5ca932975&oe=59D94CAE","objectID":"672912352913510","repliesRcvd":6,"image":"https://scontent.xx.fbcdn.net/v/t1.0-0/p130x130/19437507_672912352913510_3888279876790306371_n.jpg?oh=19f8005cc65280c08b5acab9316de496&oe=59E2CB51","username":"LindaSchmidtFox5TV","link":"https://www.facebook.com/LindaSchmidtFox5TV/photos/a.440740782797336.1073741831.393948727476542/672912352913510/?type=3","timeQuantum":4995398,"type":"photo","title":"Timeline Photos"},{"content":"Another day at work! Hope you All have a Great day!","profileString":"facebook_page.393948727476542","postURL":"https://facebook.com/393948727476542/posts/673737862830959","avatar":"https://graph.facebook.com/393948727476542/picture","classification":{"engine":"aylien","language":"en","taxonomy":[{"score":"0.0753","links":[{"rel":"self","link":"https://api.aylien.com/api/v1/classify/taxonomy/iab-qag/IAB9"}],"label":"Hobbies & Interests","id":"IAB9","confident":false},{"score":"0.0704","links":[{"rel":"self","link":"https://api.aylien.com/api/v1/classify/taxonomy/iab-qag/IAB9-23"},{"rel":"parent","link":"https://api.aylien.com/api/v1/classify/taxonomy/iab-qag/IAB9"}],"label":"Photography","id":"IAB9-23","confident":false}]},"postidString":"facebook_page.393948727476542_673737862830959","postMeta":{"inserted":"content-engine"},"timestamp":1498743354,"sharesRcvd":0,"likesRcvd":7,"source":"facebook_page","lastUpdateQuantum":4995826,"name":"Linda Schmidt FOX 5 TV","imageLarge":"https://scontent.xx.fbcdn.net/v/t1.0-0/p180x540/19437403_673737862830959_3149037432027623931_n.jpg?oh=78d5c1a740a6aa64704cb3bd39b48981&oe=59D79136","objectID":"673737862830959","repliesRcvd":0,"image":"https://scontent.xx.fbcdn.net/v/t1.0-0/s130x130/19437403_673737862830959_3149037432027623931_n.jpg?oh=f684d1d269d1ea2233cda56c507100b6&oe=59CF83F7","username":"LindaSchmidtFox5TV","link":"https://www.facebook.com/LindaSchmidtFox5TV/photos/a.440740782797336.1073741831.393948727476542/673737862830959/?type=3","timeQuantum":4995811,"type":"photo","title":"Timeline Photos"}]