[{"content":"This makes me feel really sad for him.. 😔","profileString":"facebook_page.387118754690101","postURL":"https://facebook.com/387118754690101/posts/1286041074797860","avatar":"https://graph.facebook.com/387118754690101/picture","classification":{"engine":"aylien","language":"en","taxonomy":[{"score":"0.1428","confident":true,"links":[{"link":"https://api.aylien.com/api/v1/classify/taxonomy/iab-qag/IAB2-4","rel":"self"},{"link":"https://api.aylien.com/api/v1/classify/taxonomy/iab-qag/IAB2","rel":"parent"}],"id":"IAB2-4","label":"Car Culture"},{"score":"0.1299","confident":true,"links":[{"link":"https://api.aylien.com/api/v1/classify/taxonomy/iab-qag/IAB2","rel":"self"}],"id":"IAB2","label":"Automotive"}]},"postidString":"facebook_page.387118754690101_1286041074797860","postMeta":{"inserted":"content-engine"},"timestamp":1496285800,"sharesRcvd":1,"likesRcvd":11,"source":"facebook_page","lastUpdateQuantum":4988428,"name":"Kristina Behr","imageLarge":"https://external.xx.fbcdn.net/safe_image.php?d=AQDx7X77Ql7DHVIY&url=http%3A%2F%2Fassets.nydailynews.com%2Fpolopoly_fs%2F1.3210897.1496274138%21%2Fimg%2FhttpImage%2Fimage.jpg_gen%2Fderivatives%2Flandscape_1200%2Farticle-tiger1n12-0531.jpg&_nc_hash=AQAJF7pob6CH3UGi","repliesRcvd":9,"image":"https://external.xx.fbcdn.net/safe_image.php?d=AQAR_hZgK9BIkRCo&w=130&h=130&url=http%3A%2F%2Fassets.nydailynews.com%2Fpolopoly_fs%2F1.3210897.1496274138%21%2Fimg%2FhttpImage%2Fimage.jpg_gen%2Fderivatives%2Flandscape_1200%2Farticle-tiger1n12-0531.jpg&cfs=1&_nc_hash=AQC9K01UoSzV8TLd","username":"KristinaBehrHost","link":"http://www.nydailynews.com/sports/more-sports/tiger-woods-dui-video-released-florida-cops-article-1.3210665","timeQuantum":4987619,"title":"SEE IT: Tiger Woods DUI video released by Florida cops","type":"link"},{"content":"We are now only 1 of 3 countries not participating in the Paris Agreement.","profileString":"facebook_page.387118754690101","postURL":"https://facebook.com/387118754690101/posts/1286664854735482","avatar":"https://graph.facebook.com/387118754690101/picture","classification":{"engine":"aylien","language":"en","taxonomy":[{"score":"0.3379","confident":false,"links":[{"link":"https://api.aylien.com/api/v1/classify/taxonomy/iab-qag/IAB11-3","rel":"self"},{"link":"https://api.aylien.com/api/v1/classify/taxonomy/iab-qag/IAB11","rel":"parent"}],"id":"IAB11-3","label":"U.S. Government Resources"},{"score":"0.2438","confident":true,"links":[{"link":"https://api.aylien.com/api/v1/classify/taxonomy/iab-qag/IAB15-7","rel":"self"},{"link":"https://api.aylien.com/api/v1/classify/taxonomy/iab-qag/IAB15","rel":"parent"}],"id":"IAB15-7","label":"Space/Astronomy"},{"score":"0.0980","confident":true,"links":[{"link":"https://api.aylien.com/api/v1/classify/taxonomy/iab-qag/IAB15","rel":"self"}],"id":"IAB15","label":"Science"},{"score":"0.0968","confident":true,"links":[{"link":"https://api.aylien.com/api/v1/classify/taxonomy/iab-qag/IAB11","rel":"self"}],"id":"IAB11","label":"Law, Gov’t & Politics"},{"score":"0.0940","confident":true,"links":[{"link":"https://api.aylien.com/api/v1/classify/taxonomy/iab-qag/IAB20-15","rel":"self"},{"link":"https://api.aylien.com/api/v1/classify/taxonomy/iab-qag/IAB20","rel":"parent"}],"id":"IAB20-15","label":"France"},{"score":"0.0789","confident":true,"links":[{"link":"https://api.aylien.com/api/v1/classify/taxonomy/iab-qag/IAB20","rel":"self"}],"id":"IAB20","label":"Travel"}]},"postidString":"facebook_page.387118754690101_1286664854735482","postMeta":{"inserted":"content-engine"},"timestamp":1496346388,"sharesRcvd":0,"likesRcvd":4,"source":"facebook_page","lastUpdateQuantum":4987852,"name":"Kristina Behr","imageLarge":"https://external.xx.fbcdn.net/safe_image.php?d=AQDN83fg8HY2Huk6&url=http%3A%2F%2Fi.amz.mshcdn.com%2FbVBXMUayk4rReo4FsiUocUsviY8%3D%2F1200x630%2F2017%252F06%252F01%252F19%252Fee7858f6219a4d0da74973e1051d6ea2.4bb1e.jpg&_nc_hash=AQDHjqRRanI8NfAx","repliesRcvd":3,"image":"https://external.xx.fbcdn.net/safe_image.php?d=AQDKuCl_nHsGIJcW&w=130&h=130&url=http%3A%2F%2Fi.amz.mshcdn.com%2FbVBXMUayk4rReo4FsiUocUsviY8%3D%2F1200x630%2F2017%252F06%252F01%252F19%252Fee7858f6219a4d0da74973e1051d6ea2.4bb1e.jpg&cfs=1&_nc_hash=AQD1PssnbgWOR0KM","username":"KristinaBehrHost","link":"http://mashable.com/2017/06/01/paris-agreement-us-to-join-nicaragua-syria-map/?utm_cid=mash-com-Tw-main-link#Ab7I.0FYiYqu","timeQuantum":4987821,"title":"One map tells you all you need to know about Trump's possible withdrawal from the Paris Agreement","type":"link"},{"content":"Ummmmm...yes please.","profileString":"facebook_page.387118754690101","postURL":"https://facebook.com/387118754690101/posts/1287189148016386","avatar":"https://graph.facebook.com/387118754690101/picture","classification":{"engine":"aylien","language":"en","taxonomy":[{"score":"0.1900","confident":true,"links":[{"link":"https://api.aylien.com/api/v1/classify/taxonomy/iab-qag/IAB8-8","rel":"self"},{"link":"https://api.aylien.com/api/v1/classify/taxonomy/iab-qag/IAB8","rel":"parent"}],"id":"IAB8-8","label":"Desserts & Baking"},{"score":"0.1135","confident":true,"links":[{"link":"https://api.aylien.com/api/v1/classify/taxonomy/iab-qag/IAB8","rel":"self"}],"id":"IAB8","label":"Food & Drink"}]},"postidString":"facebook_page.387118754690101_1287189148016386","postMeta":{"inserted":"content-engine"},"timestamp":1496400994,"sharesRcvd":3,"likesRcvd":15,"source":"facebook_page","lastUpdateQuantum":4995304,"name":"Kristina Behr","imageLarge":"https://external.xx.fbcdn.net/safe_image.php?d=AQANSW_GcTqZNtBo&url=http%3A%2F%2Fimg.huffingtonpost.com%2Fasset%2F1910_1000%2F593103302300003b00348656.jpeg&_nc_hash=AQBoiYhyJCRenWDy","repliesRcvd":2,"image":"https://external.xx.fbcdn.net/safe_image.php?d=AQA0QFko4SBrvPnc&w=130&h=130&url=http%3A%2F%2Fimg.huffingtonpost.com%2Fasset%2F1910_1000%2F593103302300003b00348656.jpeg&cfs=1&_nc_hash=AQB1Cx-y98QHdGKi","username":"KristinaBehrHost","link":"http://www.huffingtonpost.com/entry/oreo-debuts-new-jelly-donut-flavor-just-in-time-for-national-donut-day_us_593102d3e4b02478cb9a25d8?ncid=inblnkushpmg00000009","timeQuantum":4988003,"title":"Oreo Debuts New Jelly Donut Flavor Just In Time For National Donut Day","type":"link"},{"content":"It's National Donut Day and also Food Truck Friday on News 12 New Jersey! We are celebrating with Carnivale Donut Bar!","profileString":"facebook_page.387118754690101","postURL":"https://facebook.com/387118754690101/posts/1287303328004968","avatar":"https://graph.facebook.com/387118754690101/picture","classification":{"engine":"aylien","language":"en","taxonomy":[{"score":"0.1966","confident":true,"links":[{"link":"https://api.aylien.com/api/v1/classify/taxonomy/iab-qag/IAB8","rel":"self"}],"id":"IAB8","label":"Food & Drink"},{"score":"0.0881","confident":false,"links":[{"link":"https://api.aylien.com/api/v1/classify/taxonomy/iab-qag/IAB8-5","rel":"self"},{"link":"https://api.aylien.com/api/v1/classify/taxonomy/iab-qag/IAB8","rel":"parent"}],"id":"IAB8-5","label":"Cocktails/Beer"}]},"postidString":"facebook_page.387118754690101_1287303328004968","postMeta":{"inserted":"content-engine"},"timestamp":1496411921,"sharesRcvd":0,"likesRcvd":30,"source":"facebook_page","lastUpdateQuantum":4995304,"name":"Kristina Behr","imageLarge":"https://scontent.xx.fbcdn.net/v/t1.0-9/s720x720/18839196_1287303328004968_5144804821000798607_n.jpg?oh=5cf41a5226d069348fcf73015f080ba3&oe=599C1C6C","objectID":"1287303328004968","repliesRcvd":4,"image":"https://scontent.xx.fbcdn.net/v/t1.0-0/s130x130/18839196_1287303328004968_5144804821000798607_n.jpg?oh=346b07fd531bc1c24aca92b18aab8a42&oe=59E79D79","username":"KristinaBehrHost","link":"https://www.facebook.com/KristinaBehrHost/photos/a.394145863987390.90054.387118754690101/1287303328004968/?type=3","timeQuantum":4988039,"title":"Timeline Photos","type":"photo"},{"content":"So true.. after this rough week...","profileString":"facebook_page.387118754690101","postURL":"https://facebook.com/387118754690101/posts/1292885477446753","avatar":"https://graph.facebook.com/387118754690101/picture","classification":{"engine":"aylien","language":"en","taxonomy":[{"score":0,"label":"News","categoryId":"INSERTED"}]},"postidString":"facebook_page.387118754690101_1292885477446753","postMeta":{"inserted":"content-engine"},"timestamp":1496886890,"sharesRcvd":1,"likesRcvd":28,"source":"facebook_page","lastUpdateQuantum":4995304,"name":"Kristina Behr","imageLarge":"https://scontent.xx.fbcdn.net/t51.2885-9/c0.90.720.720/p720x720/18889115_383027222099178_1555486878000480256_n.jpg","repliesRcvd":3,"image":"https://scontent.xx.fbcdn.net/t51.2885-0/c0.16.130.130/p130x130/18889115_383027222099178_1555486878000480256_n.jpg","username":"KristinaBehrHost","link":"https://instagram.com/p/BVDFQTIAWpT/","timeQuantum":4989622,"title":"Instagram post by Thinking Minds • Jun 7, 2017 at 6:19pm UTC","type":"link"},{"content":"Back to work this morning (along with a nasty head cold.) But wanted to say thanks for your calls, texts, cards and messages. It's been a long week, but the overwhelming love and support for me and my family has been amazing.","profileString":"facebook_page.387118754690101","postURL":"https://facebook.com/387118754690101/posts/1298370280231606","avatar":"https://graph.facebook.com/387118754690101/picture","classification":{"engine":"aylien","language":"en","taxonomy":[{"score":"0.2195","confident":false,"links":[{"link":"https://api.aylien.com/api/v1/classify/taxonomy/iab-qag/IAB6-6","rel":"self"},{"link":"https://api.aylien.com/api/v1/classify/taxonomy/iab-qag/IAB6","rel":"parent"}],"id":"IAB6-6","label":"Parenting teens"},{"score":"0.0984","confident":true,"links":[{"link":"https://api.aylien.com/api/v1/classify/taxonomy/iab-qag/IAB6","rel":"self"}],"id":"IAB6","label":"Family & Parenting"}]},"postidString":"facebook_page.387118754690101_1298370280231606","postMeta":{"inserted":"content-engine"},"timestamp":1497349391,"sharesRcvd":1,"likesRcvd":15,"source":"facebook_page","lastUpdateQuantum":4995304,"name":"Kristina Behr","imageLarge":"https://scontent.xx.fbcdn.net/v/t1.0-9/s720x720/19030500_1298370280231606_421584241216406728_n.jpg?oh=c71eb3953b92e46cf1d91aebe5612297&oe=59E131FF","objectID":"1298370280231606","repliesRcvd":4,"image":"https://scontent.xx.fbcdn.net/v/t1.0-0/s130x130/19030500_1298370280231606_421584241216406728_n.jpg?oh=a9990239b94d7218d80d263d6bfb172e&oe=59A47700","username":"KristinaBehrHost","link":"https://www.facebook.com/KristinaBehrHost/photos/a.394145863987390.90054.387118754690101/1298370280231606/?type=3","timeQuantum":4991164,"title":"Timeline Photos","type":"photo"},{"content":"Devastating news out of London...","profileString":"facebook_page.387118754690101","postURL":"https://facebook.com/387118754690101/posts/1299649240103710","avatar":"https://graph.facebook.com/387118754690101/picture","classification":{"engine":"aylien","language":"en","taxonomy":[{"score":"0.5783","confident":false,"links":[{"link":"https://api.aylien.com/api/v1/classify/taxonomy/iab-qag/IAB21-1","rel":"self"},{"link":"https://api.aylien.com/api/v1/classify/taxonomy/iab-qag/IAB21","rel":"parent"}],"id":"IAB21-1","label":"Apartments"},{"score":"0.1673","confident":true,"links":[{"link":"https://api.aylien.com/api/v1/classify/taxonomy/iab-qag/IAB21","rel":"self"}],"id":"IAB21","label":"Real Estate"}]},"postidString":"facebook_page.387118754690101_1299649240103710","postMeta":{"inserted":"content-engine"},"timestamp":1497433248,"sharesRcvd":0,"likesRcvd":7,"source":"facebook_page","lastUpdateQuantum":4995457,"name":"Kristina Behr","imageLarge":"https://external.xx.fbcdn.net/safe_image.php?d=AQCJY7QI5TFlgyZt&url=http%3A%2F%2Fassets.nydailynews.com%2Fpolopoly_fs%2F1.3245704.1497412380%21%2Fimg%2FhttpImage%2Fimage.jpg_gen%2Fderivatives%2Flandscape_1200%2Fbritain-fire.jpg&_nc_hash=AQDLKBHyh2k1Uosu","repliesRcvd":0,"image":"https://external.xx.fbcdn.net/safe_image.php?d=AQCAn1WBsRpC89Ls&w=130&h=130&url=http%3A%2F%2Fassets.nydailynews.com%2Fpolopoly_fs%2F1.3245704.1497412380%21%2Fimg%2FhttpImage%2Fimage.jpg_gen%2Fderivatives%2Flandscape_1200%2Fbritain-fire.jpg&cfs=1&_nc_hash=AQB4stnApUI6OReL","username":"KristinaBehrHost","link":"http://www.nydailynews.com/news/world/firefighters-battling-massive-fire-london-high-rise-article-1.3245571","timeQuantum":4991444,"title":"Firefighters battling massive fatal fire at London high-rise","type":"link"},{"content":"News 12 New Jersey","profileString":"facebook_page.387118754690101","postURL":"https://facebook.com/387118754690101/posts/1299779536757347","avatar":"https://graph.facebook.com/387118754690101/picture","classification":{"engine":"aylien","language":"en","taxonomy":[{"score":"0.4656","confident":false,"links":[{"link":"https://api.aylien.com/api/v1/classify/taxonomy/iab-qag/IAB12-2","rel":"self"},{"link":"https://api.aylien.com/api/v1/classify/taxonomy/iab-qag/IAB12","rel":"parent"}],"id":"IAB12-2","label":"National News"},{"score":"0.1309","confident":true,"links":[{"link":"https://api.aylien.com/api/v1/classify/taxonomy/iab-qag/IAB12","rel":"self"}],"id":"IAB12","label":"News"}]},"postidString":"facebook_page.387118754690101_1299779536757347","postMeta":{"inserted":"content-engine"},"timestamp":1497443112,"sharesRcvd":0,"likesRcvd":5,"source":"facebook_page","lastUpdateQuantum":4995457,"name":"Kristina Behr","imageLarge":"https://external.xx.fbcdn.net/safe_image.php?d=AQBlI-_NIJtkiU5V&url=http%3A%2F%2FNEWS12NJ.images.worldnow.com%2Fimages%2F14057977_G.jpg&_nc_hash=AQC6b1sE024GaOzZ","repliesRcvd":0,"image":"https://external.xx.fbcdn.net/safe_image.php?d=AQCkFFwIIqZ4lu9L&w=130&h=130&url=http%3A%2F%2FNEWS12NJ.images.worldnow.com%2Fimages%2F14057977_G.jpg&cfs=1&_nc_hash=AQA4J5bUHV69Z7O7","username":"KristinaBehrHost","link":"http://newjersey.news12.com/story/35660963/reports-congressman-among-victims-in-virginia-shooting","timeQuantum":4991477,"title":"News 12 New Jersey","type":"link"},{"content":"Meteorologist Justin Godynick saying \"hey- don't blame me for the dreary weather!\" He's got your forecast News 12 New Jersey","profileString":"facebook_page.387118754690101","postURL":"https://facebook.com/387118754690101/posts/1303142759754358","avatar":"https://graph.facebook.com/387118754690101/picture","classification":{"engine":"aylien","language":"en","taxonomy":[{"score":"0.4959","confident":false,"links":[{"link":"https://api.aylien.com/api/v1/classify/taxonomy/iab-qag/IAB12-2","rel":"self"},{"link":"https://api.aylien.com/api/v1/classify/taxonomy/iab-qag/IAB12","rel":"parent"}],"id":"IAB12-2","label":"National News"},{"score":"0.4470","confident":true,"links":[{"link":"https://api.aylien.com/api/v1/classify/taxonomy/iab-qag/IAB15-10","rel":"self"},{"link":"https://api.aylien.com/api/v1/classify/taxonomy/iab-qag/IAB15","rel":"parent"}],"id":"IAB15-10","label":"Weather"},{"score":"0.1069","confident":true,"links":[{"link":"https://api.aylien.com/api/v1/classify/taxonomy/iab-qag/IAB15","rel":"self"}],"id":"IAB15","label":"Science"},{"score":"0.0920","confident":true,"links":[{"link":"https://api.aylien.com/api/v1/classify/taxonomy/iab-qag/IAB12","rel":"self"}],"id":"IAB12","label":"News"}]},"postidString":"facebook_page.387118754690101_1303142759754358","postMeta":{"inserted":"content-engine"},"timestamp":1497699132,"sharesRcvd":0,"likesRcvd":16,"source":"facebook_page","lastUpdateQuantum":4995457,"name":"Kristina Behr","imageLarge":"https://scontent.xx.fbcdn.net/v/t1.0-0/p180x540/19225485_1303142759754358_3011202414479329901_n.jpg?oh=a62fd61ddfe232b13f548713f53f7cdf&oe=59CDE973","objectID":"1303142759754358","repliesRcvd":1,"image":"https://scontent.xx.fbcdn.net/v/t1.0-0/s130x130/19225485_1303142759754358_3011202414479329901_n.jpg?oh=c649fcde8c6e49480bba22d65737c84a&oe=59A2280F","username":"KristinaBehrHost","link":"https://www.facebook.com/KristinaBehrHost/photos/a.394145863987390.90054.387118754690101/1303142759754358/?type=3","timeQuantum":4992330,"title":"Timeline Photos","type":"photo"},{"content":"17 million people think that chocolate milk comes from brown cows... 😶😶😶","profileString":"facebook_page.387118754690101","postURL":"https://facebook.com/387118754690101/posts/1303247883077179","avatar":"https://graph.facebook.com/387118754690101/picture","classification":{"engine":"aylien","language":"en","taxonomy":[{"score":"0.2148","confident":true,"links":[{"link":"https://api.aylien.com/api/v1/classify/taxonomy/iab-qag/IAB8","rel":"self"}],"id":"IAB8","label":"Food & Drink"},{"score":"0.1384","confident":true,"links":[{"link":"https://api.aylien.com/api/v1/classify/taxonomy/iab-qag/IAB8-1","rel":"self"},{"link":"https://api.aylien.com/api/v1/classify/taxonomy/iab-qag/IAB8","rel":"parent"}],"id":"IAB8-1","label":"American Cuisine"}]},"postidString":"facebook_page.387118754690101_1303247883077179","postMeta":{"inserted":"content-engine"},"timestamp":1497707390,"sharesRcvd":0,"likesRcvd":17,"source":"facebook_page","lastUpdateQuantum":4995457,"name":"Kristina Behr","imageLarge":"https://external.xx.fbcdn.net/safe_image.php?d=AQAneYvyEfL2hERc&url=http%3A%2F%2Fi2.cdn.cnn.com%2Fcnnnext%2Fdam%2Fassets%2F160102121236-dairy-cows-super-tease.jpg&_nc_hash=AQArQQIMdSoPwFu-","repliesRcvd":5,"image":"https://external.xx.fbcdn.net/safe_image.php?d=AQDneY8-AsGhWJdB&w=130&h=130&url=http%3A%2F%2Fi2.cdn.cnn.com%2Fcnnnext%2Fdam%2Fassets%2F160102121236-dairy-cows-super-tease.jpg&cfs=1&_nc_hash=AQAtozrPum-4F2jG","username":"KristinaBehrHost","link":"http://www.cnn.com/2017/06/16/us/chocolate-milk-help-trnd/index.html","timeQuantum":4992357,"title":"Chocolate milk definitely doesn't come from brown cows -- but some adults think otherwise","type":"link"},{"content":"#Breaking: Mistrial declared in Bill Cosby case, after jury deadlocked.. News 12 New Jersey News 12 Connecticut","profileString":"facebook_page.387118754690101","postURL":"https://facebook.com/387118754690101/posts/1303275559741078","avatar":"https://graph.facebook.com/387118754690101/picture","classification":{"engine":"aylien","language":"en","taxonomy":[{"score":"0.5811","confident":false,"links":[{"link":"https://api.aylien.com/api/v1/classify/taxonomy/iab-qag/IAB12-2","rel":"self"},{"link":"https://api.aylien.com/api/v1/classify/taxonomy/iab-qag/IAB12","rel":"parent"}],"id":"IAB12-2","label":"National News"},{"score":"0.1900","confident":true,"links":[{"link":"https://api.aylien.com/api/v1/classify/taxonomy/iab-qag/IAB12","rel":"self"}],"id":"IAB12","label":"News"}]},"postidString":"facebook_page.387118754690101_1303275559741078","postMeta":{"inserted":"content-engine"},"timestamp":1497709948,"sharesRcvd":0,"likesRcvd":2,"source":"facebook_page","lastUpdateQuantum":4995457,"name":"Kristina Behr","repliesRcvd":1,"username":"KristinaBehrHost","timeQuantum":4992366,"type":"status"},{"content":"Happy Father's Day to all the great dads and dad-like figures out there!","profileString":"facebook_page.387118754690101","postURL":"https://facebook.com/387118754690101/posts/1304177596317541","avatar":"https://graph.facebook.com/387118754690101/picture","classification":{"engine":"aylien","language":"en","taxonomy":[{"score":"0.2323","confident":false,"links":[{"link":"https://api.aylien.com/api/v1/classify/taxonomy/iab-qag/IAB1-2","rel":"self"},{"link":"https://api.aylien.com/api/v1/classify/taxonomy/iab-qag/IAB1","rel":"parent"}],"id":"IAB1-2","label":"Celebrity Fan/Gossip"},{"score":"0.2058","confident":false,"links":[{"link":"https://api.aylien.com/api/v1/classify/taxonomy/iab-qag/IAB25-4","rel":"self"},{"link":"https://api.aylien.com/api/v1/classify/taxonomy/iab-qag/IAB25","rel":"parent"}],"id":"IAB25-4","label":"Profane Content"},{"score":"0.0879","confident":false,"links":[{"link":"https://api.aylien.com/api/v1/classify/taxonomy/iab-qag/IAB8-11","rel":"self"},{"link":"https://api.aylien.com/api/v1/classify/taxonomy/iab-qag/IAB8","rel":"parent"}],"id":"IAB8-11","label":"French Cuisine"},{"score":"0.0688","confident":false,"links":[{"link":"https://api.aylien.com/api/v1/classify/taxonomy/iab-qag/IAB9","rel":"self"}],"id":"IAB9","label":"Hobbies & Interests"},{"score":"0.0563","confident":false,"links":[{"link":"https://api.aylien.com/api/v1/classify/taxonomy/iab-qag/IAB25","rel":"self"}],"id":"IAB25","label":"Non-Standard Content"},{"score":"0.0562","confident":false,"links":[{"link":"https://api.aylien.com/api/v1/classify/taxonomy/iab-qag/IAB9-23","rel":"self"},{"link":"https://api.aylien.com/api/v1/classify/taxonomy/iab-qag/IAB9","rel":"parent"}],"id":"IAB9-23","label":"Photography"},{"score":"0.0555","confident":false,"links":[{"link":"https://api.aylien.com/api/v1/classify/taxonomy/iab-qag/IAB1","rel":"self"}],"id":"IAB1","label":"Arts & Entertainment"},{"score":"0.0555","confident":false,"links":[{"link":"https://api.aylien.com/api/v1/classify/taxonomy/iab-qag/IAB8","rel":"self"}],"id":"IAB8","label":"Food & Drink"},{"score":"0.0551","confident":false,"links":[{"link":"https://api.aylien.com/api/v1/classify/taxonomy/iab-qag/IAB17","rel":"self"}],"id":"IAB17","label":"Sports"},{"score":"0.0367","confident":false,"links":[{"link":"https://api.aylien.com/api/v1/classify/taxonomy/iab-qag/IAB17-43","rel":"self"},{"link":"https://api.aylien.com/api/v1/classify/taxonomy/iab-qag/IAB17","rel":"parent"}],"id":"IAB17-43","label":"Waterski/Wakeboard"}]},"postidString":"facebook_page.387118754690101_1304177596317541","postMeta":{"inserted":"content-engine"},"timestamp":1497787318,"sharesRcvd":0,"likesRcvd":20,"source":"facebook_page","lastUpdateQuantum":4995457,"name":"Kristina Behr","imageLarge":"https://scontent.xx.fbcdn.net/v/t1.0-9/s720x720/19225525_1304177596317541_228731901471642297_n.jpg?oh=4e573cad751b2fc3bf3be6aa622cf2cf&oe=59CBEF05","objectID":"1304177596317541","repliesRcvd":0,"image":"https://scontent.xx.fbcdn.net/v/t1.0-0/s130x130/19225525_1304177596317541_228731901471642297_n.jpg?oh=6276fbad672304217ff56b83160c8807&oe=59E12CFA","username":"KristinaBehrHost","link":"https://www.facebook.com/KristinaBehrHost/photos/a.394145863987390.90054.387118754690101/1304177596317541/?type=3","timeQuantum":4992624,"title":"Timeline Photos","type":"photo"},{"content":"A so-so day for Father's Day, but more severe weather on the way for Monday! Meteorologist Justin Godynick has all the details! News 12 New Jersey News 12 Connecticut","profileString":"facebook_page.387118754690101","postURL":"https://facebook.com/387118754690101/posts/1304281092973858","avatar":"https://graph.facebook.com/387118754690101/picture","classification":{"engine":"aylien","language":"en","taxonomy":[{"score":"0.4712","confident":false,"links":[{"link":"https://api.aylien.com/api/v1/classify/taxonomy/iab-qag/IAB12-2","rel":"self"},{"link":"https://api.aylien.com/api/v1/classify/taxonomy/iab-qag/IAB12","rel":"parent"}],"id":"IAB12-2","label":"National News"},{"score":"0.1555","confident":true,"links":[{"link":"https://api.aylien.com/api/v1/classify/taxonomy/iab-qag/IAB12","rel":"self"}],"id":"IAB12","label":"News"}]},"postidString":"facebook_page.387118754690101_1304281092973858","postMeta":{"inserted":"content-engine"},"timestamp":1497794289,"sharesRcvd":0,"likesRcvd":0,"source":"facebook_page","lastUpdateQuantum":4995457,"name":"Kristina Behr","imageLarge":"https://scontent.xx.fbcdn.net/v/t15.0-10/19305496_1977266099153573_5446507917081575424_n.jpg?oh=bdeb9299e1a34bedcb4e958a00f196b8&oe=59D3AD57","repliesRcvd":0,"image":"https://scontent.xx.fbcdn.net/v/t15.0-10/s130x130/19305496_1977266099153573_5446507917081575424_n.jpg?oh=c015e161f3758e97c8e6c2bda3e859f5&oe=59E93B2C","username":"KristinaBehrHost","link":"https://www.facebook.com/JustinGodynick/videos/1977262109153972/","timeQuantum":4992647,"video":"https://scontent.xx.fbcdn.net/v/t42.1790-29/19288570_108333023115814_5560511102330077184_n.mp4?efg=eyJybHIiOjEwMzgsInJsYSI6NDA5NiwidmVuY29kZV90YWciOiJzZCJ9&rl=1038&vabr=577&oh=40eb1f152115c5a2a990d9eca49b042e&oe=5948739F","title":"Meteorologist Justin Godynick","type":"video"},{"content":"Filling in and hanging with these fine folks this morning on the desk! News 12 New Jersey SallyAnn Mosey James Gregorio #OhDon","profileString":"facebook_page.387118754690101","postURL":"https://facebook.com/387118754690101/posts/1305167156218585","avatar":"https://graph.facebook.com/387118754690101/picture","classification":{"engine":"aylien","language":"en","taxonomy":[{"score":"0.4555","confident":false,"links":[{"link":"https://api.aylien.com/api/v1/classify/taxonomy/iab-qag/IAB12-2","rel":"self"},{"link":"https://api.aylien.com/api/v1/classify/taxonomy/iab-qag/IAB12","rel":"parent"}],"id":"IAB12-2","label":"National News"},{"score":"0.0900","confident":true,"links":[{"link":"https://api.aylien.com/api/v1/classify/taxonomy/iab-qag/IAB12","rel":"self"}],"id":"IAB12","label":"News"},{"score":"0.0799","confident":true,"links":[{"link":"https://api.aylien.com/api/v1/classify/taxonomy/iab-qag/IAB9","rel":"self"}],"id":"IAB9","label":"Hobbies & Interests"},{"score":"0.0535","confident":false,"links":[{"link":"https://api.aylien.com/api/v1/classify/taxonomy/iab-qag/IAB9-23","rel":"self"},{"link":"https://api.aylien.com/api/v1/classify/taxonomy/iab-qag/IAB9","rel":"parent"}],"id":"IAB9-23","label":"Photography"}]},"postidString":"facebook_page.387118754690101_1305167156218585","postMeta":{"inserted":"content-engine"},"timestamp":1497878977,"sharesRcvd":0,"likesRcvd":14,"source":"facebook_page","lastUpdateQuantum":4995457,"name":"Kristina Behr","imageLarge":"https://scontent.xx.fbcdn.net/v/t1.0-0/p180x540/19225280_1305167156218585_4696052452416408232_n.jpg?oh=4d1e5ec77decaab3091abba63ace45eb&oe=59E6E5FF","objectID":"1305167156218585","repliesRcvd":0,"image":"https://scontent.xx.fbcdn.net/v/t1.0-0/s130x130/19225280_1305167156218585_4696052452416408232_n.jpg?oh=c9879de0310ad043c79b51ad10b89123&oe=59CEAF83","username":"KristinaBehrHost","link":"https://www.facebook.com/KristinaBehrHost/photos/a.394145863987390.90054.387118754690101/1305167156218585/?type=3","timeQuantum":4992929,"title":"Timeline Photos","type":"photo"},{"content":"This is enough to ruin your day 😆","profileString":"facebook_page.387118754690101","postURL":"https://facebook.com/387118754690101/posts/1306004416134859","avatar":"https://graph.facebook.com/387118754690101/picture","classification":{"engine":"aylien","language":"en","taxonomy":[{"score":"0.4886","confident":false,"links":[{"link":"https://api.aylien.com/api/v1/classify/taxonomy/iab-qag/IAB12-3","rel":"self"},{"link":"https://api.aylien.com/api/v1/classify/taxonomy/iab-qag/IAB12","rel":"parent"}],"id":"IAB12-3","label":"Local News"},{"score":"0.4609","confident":false,"links":[{"link":"https://api.aylien.com/api/v1/classify/taxonomy/iab-qag/IAB21-1","rel":"self"},{"link":"https://api.aylien.com/api/v1/classify/taxonomy/iab-qag/IAB21","rel":"parent"}],"id":"IAB21-1","label":"Apartments"},{"score":"0.2444","confident":false,"links":[{"link":"https://api.aylien.com/api/v1/classify/taxonomy/iab-qag/IAB10-5","rel":"self"},{"link":"https://api.aylien.com/api/v1/classify/taxonomy/iab-qag/IAB10","rel":"parent"}],"id":"IAB10-5","label":"Home Repair"},{"score":"0.2332","confident":false,"links":[{"link":"https://api.aylien.com/api/v1/classify/taxonomy/iab-qag/IAB6-6","rel":"self"},{"link":"https://api.aylien.com/api/v1/classify/taxonomy/iab-qag/IAB6","rel":"parent"}],"id":"IAB6-6","label":"Parenting teens"},{"score":"0.2322","confident":false,"links":[{"link":"https://api.aylien.com/api/v1/classify/taxonomy/iab-qag/IAB16-4","rel":"self"},{"link":"https://api.aylien.com/api/v1/classify/taxonomy/iab-qag/IAB16","rel":"parent"}],"id":"IAB16-4","label":"Dogs"},{"score":"0.2145","confident":false,"links":[{"link":"https://api.aylien.com/api/v1/classify/taxonomy/iab-qag/IAB1-7","rel":"self"},{"link":"https://api.aylien.com/api/v1/classify/taxonomy/iab-qag/IAB1","rel":"parent"}],"id":"IAB1-7","label":"Television"},{"score":"0.2000","confident":false,"links":[{"link":"https://api.aylien.com/api/v1/classify/taxonomy/iab-qag/IAB25-4","rel":"self"},{"link":"https://api.aylien.com/api/v1/classify/taxonomy/iab-qag/IAB25","rel":"parent"}],"id":"IAB25-4","label":"Profane Content"},{"score":"0.1099","confident":false,"links":[{"link":"https://api.aylien.com/api/v1/classify/taxonomy/iab-qag/IAB8-6","rel":"self"},{"link":"https://api.aylien.com/api/v1/classify/taxonomy/iab-qag/IAB8","rel":"parent"}],"id":"IAB8-6","label":"Coffee/Tea"},{"score":"0.0581","confident":false,"links":[{"link":"https://api.aylien.com/api/v1/classify/taxonomy/iab-qag/IAB12","rel":"self"}],"id":"IAB12","label":"News"},{"score":"0.0579","confident":false,"links":[{"link":"https://api.aylien.com/api/v1/classify/taxonomy/iab-qag/IAB10","rel":"self"}],"id":"IAB10","label":"Home & Garden"},{"score":"0.0571","confident":false,"links":[{"link":"https://api.aylien.com/api/v1/classify/taxonomy/iab-qag/IAB21","rel":"self"}],"id":"IAB21","label":"Real Estate"},{"score":"0.0536","confident":false,"links":[{"link":"https://api.aylien.com/api/v1/classify/taxonomy/iab-qag/IAB9-20","rel":"self"},{"link":"https://api.aylien.com/api/v1/classify/taxonomy/iab-qag/IAB9","rel":"parent"}],"id":"IAB9-20","label":"Magic & Illusion"},{"score":"0.0533","confident":false,"links":[{"link":"https://api.aylien.com/api/v1/classify/taxonomy/iab-qag/IAB16","rel":"self"}],"id":"IAB16","label":"Pets"},{"score":"0.0516","confident":true,"links":[{"link":"https://api.aylien.com/api/v1/classify/taxonomy/iab-qag/IAB17-30","rel":"self"},{"link":"https://api.aylien.com/api/v1/classify/taxonomy/iab-qag/IAB17","rel":"parent"}],"id":"IAB17-30","label":"Running/Jogging"},{"score":"0.0503","confident":false,"links":[{"link":"https://api.aylien.com/api/v1/classify/taxonomy/iab-qag/IAB17","rel":"self"}],"id":"IAB17","label":"Sports"},{"score":"0.0501","confident":false,"links":[{"link":"https://api.aylien.com/api/v1/classify/taxonomy/iab-qag/IAB9","rel":"self"}],"id":"IAB9","label":"Hobbies & Interests"},{"score":"0.0490","confident":false,"links":[{"link":"https://api.aylien.com/api/v1/classify/taxonomy/iab-qag/IAB6","rel":"self"}],"id":"IAB6","label":"Family & Parenting"},{"score":"0.0479","confident":false,"links":[{"link":"https://api.aylien.com/api/v1/classify/taxonomy/iab-qag/IAB25","rel":"self"}],"id":"IAB25","label":"Non-Standard Content"},{"score":"0.0473","confident":false,"links":[{"link":"https://api.aylien.com/api/v1/classify/taxonomy/iab-qag/IAB1","rel":"self"}],"id":"IAB1","label":"Arts & Entertainment"},{"score":"0.0471","confident":false,"links":[{"link":"https://api.aylien.com/api/v1/classify/taxonomy/iab-qag/IAB8","rel":"self"}],"id":"IAB8","label":"Food & Drink"}]},"postidString":"facebook_page.387118754690101_1306004416134859","postMeta":{"inserted":"content-engine"},"timestamp":1497955896,"sharesRcvd":1,"likesRcvd":13,"source":"facebook_page","lastUpdateQuantum":4995457,"name":"Kristina Behr","imageLarge":"https://external.xx.fbcdn.net/safe_image.php?d=AQAtA81-oupqE6rg&url=https%3A%2F%2Fvideo-images.vice.com%2Farticles%2F5944104a701786565ef39f65%2Flede%2F1497633325293-Screen-Shot-2017-06-16-at-11453-PM.png%3Fcrop%3D1xw%253A0.8903xh%253B0xw%252C0.0459xh%26resize%3D1200%253A%252A&_nc_hash=AQA9DqHpworuiah7","repliesRcvd":0,"image":"https://external.xx.fbcdn.net/safe_image.php?d=AQB9TSpq9tCggmUB&w=130&h=130&url=https%3A%2F%2Fvideo-images.vice.com%2Farticles%2F5944104a701786565ef39f65%2Flede%2F1497633325293-Screen-Shot-2017-06-16-at-11453-PM.png%3Fcrop%3D1xw%253A0.8903xh%253B0xw%252C0.0459xh%26resize%3D1200%253A%252A&cfs=1&sx=461&sy=0&sw=672&sh=672&_nc_hash=AQCp2yd-ldz1t_nR","username":"KristinaBehrHost","link":"https://www.vice.com/en_us/article/this-alarm-clock-inside-a-living-room-wall-has-been-ringing-for-13-years-vgtrn?utm_source=vicetwitterus","timeQuantum":4993186,"title":"This Alarm Clock Inside a Living Room Wall Has Been Ringing for 13 Years","type":"link"},{"content":"Della Crews tried to take selfies while I tried to do \"duck face\" while reading a story about today being \"National Selfie Day.\" This was the result....😂😂😂😂😂😂 News 12 New Jersey","profileString":"facebook_page.387118754690101","postURL":"https://facebook.com/387118754690101/posts/1306956119373022","avatar":"https://graph.facebook.com/387118754690101/picture","classification":{"engine":"aylien","language":"en","taxonomy":[{"score":"0.6142","confident":false,"links":[{"link":"https://api.aylien.com/api/v1/classify/taxonomy/iab-qag/IAB12-2","rel":"self"},{"link":"https://api.aylien.com/api/v1/classify/taxonomy/iab-qag/IAB12","rel":"parent"}],"id":"IAB12-2","label":"National News"},{"score":"0.1450","confident":true,"links":[{"link":"https://api.aylien.com/api/v1/classify/taxonomy/iab-qag/IAB12","rel":"self"}],"id":"IAB12","label":"News"}]},"postidString":"facebook_page.387118754690101_1306956119373022","postMeta":{"inserted":"content-engine"},"timestamp":1498040616,"sharesRcvd":1,"likesRcvd":33,"source":"facebook_page","lastUpdateQuantum":4995502,"name":"Kristina Behr","imageLarge":"https://scontent.xx.fbcdn.net/v/t1.0-9/s720x720/19397031_1306956119373022_3940694764826110667_n.jpg?oh=2650836be1391e63d2cc564ea9e1e444&oe=59C81F20","objectID":"1306956119373022","repliesRcvd":4,"image":"https://scontent.xx.fbcdn.net/v/t1.0-0/s130x130/19397031_1306956119373022_3940694764826110667_n.jpg?oh=84aeb9841ac89ca971737acd2b3523b8&oe=599C3535","username":"KristinaBehrHost","link":"https://www.facebook.com/KristinaBehrHost/photos/a.394145863987390.90054.387118754690101/1306956119373022/?type=3","timeQuantum":4993468,"title":"Timeline Photos","type":"photo"},{"content":"I feel the same way about \"Moana\".. 😆😀","profileString":"facebook_page.387118754690101","postURL":"https://facebook.com/387118754690101/posts/1306980596037241","avatar":"https://graph.facebook.com/387118754690101/picture","classification":{"engine":"aylien","language":"en","taxonomy":[{"score":"0.2312","confident":false,"links":[{"link":"https://api.aylien.com/api/v1/classify/taxonomy/iab-qag/IAB1-5","rel":"self"},{"link":"https://api.aylien.com/api/v1/classify/taxonomy/iab-qag/IAB1","rel":"parent"}],"id":"IAB1-5","label":"Movies"},{"score":"0.0980","confident":true,"links":[{"link":"https://api.aylien.com/api/v1/classify/taxonomy/iab-qag/IAB1","rel":"self"}],"id":"IAB1","label":"Arts & Entertainment"}]},"postidString":"facebook_page.387118754690101_1306980596037241","postMeta":{"inserted":"content-engine"},"timestamp":1498042718,"sharesRcvd":1,"likesRcvd":6,"source":"facebook_page","lastUpdateQuantum":4995502,"name":"Kristina Behr","imageLarge":"https://external.xx.fbcdn.net/safe_image.php?d=AQDs1FfJIuJnYzQU&url=http%3A%2F%2Fimg.huffingtonpost.com%2Fasset%2F1910_1000%2F5949e1b71700001f00102034.png%3Fcache%3Dvg7n1cy9iy&_nc_hash=AQCfh1RQUu8Kalqm","repliesRcvd":1,"image":"https://external.xx.fbcdn.net/safe_image.php?d=AQDx-dee6UjD5SQJ&w=130&h=130&url=http%3A%2F%2Fimg.huffingtonpost.com%2Fasset%2F1910_1000%2F5949e1b71700001f00102034.png%3Fcache%3Dvg7n1cy9iy&cfs=1&_nc_hash=AQCwCvhHbPAFa-XF","username":"KristinaBehrHost","link":"http://www.huffingtonpost.com/entry/4-year-old-sings-disney-moana-song_us_59499f71e4b0177d0b8a434e","timeQuantum":4993475,"title":"Very Extra 4-Year-Old Outshines Pre-K Class In 'Moana' Performance","type":"link"},{"content":"When you pack your lunch the night before and you get to work and realize you left it on the table at home... #AnchorProblems","profileString":"facebook_page.387118754690101","postURL":"https://facebook.com/387118754690101/posts/1307796275955673","avatar":"https://graph.facebook.com/387118754690101/picture","classification":{"engine":"aylien","language":"en","taxonomy":[{"score":0,"label":"News","categoryId":"INSERTED"}]},"postidString":"facebook_page.387118754690101_1307796275955673","postMeta":{"inserted":"content-engine"},"timestamp":1498122163,"sharesRcvd":0,"likesRcvd":5,"source":"facebook_page","lastUpdateQuantum":4995763,"name":"Kristina Behr","imageLarge":"https://external.xx.fbcdn.net/safe_image.php?d=AQBIiO6nVsOOy0Zl&url=https%3A%2F%2Fmedia.giphy.com%2Fmedia%2FzcVOyJBHYZvX2%2Fgiphy.gif&_nc_hash=AQCYoGxVSWaZXy2g","repliesRcvd":0,"image":"https://external.xx.fbcdn.net/safe_image.php?d=AQBIiO6nVsOOy0Zl&url=https%3A%2F%2Fmedia.giphy.com%2Fmedia%2FzcVOyJBHYZvX2%2Fgiphy.gif&_nc_hash=AQCYoGxVSWaZXy2g","username":"KristinaBehrHost","link":"https://media.giphy.com/media/zcVOyJBHYZvX2/giphy.gif","timeQuantum":4993740,"title":"media.giphy.com","type":"link"},{"content":"Talking fun and the sun on News 12 New Jersey with Della Crews","profileString":"facebook_page.387118754690101","postURL":"https://facebook.com/387118754690101/posts/1307890455946255","avatar":"https://graph.facebook.com/387118754690101/picture","classification":{"engine":"aylien","language":"en","taxonomy":[{"score":"0.4910","confident":false,"links":[{"link":"https://api.aylien.com/api/v1/classify/taxonomy/iab-qag/IAB12-2","rel":"self"},{"link":"https://api.aylien.com/api/v1/classify/taxonomy/iab-qag/IAB12","rel":"parent"}],"id":"IAB12-2","label":"National News"},{"score":"0.1029","confident":true,"links":[{"link":"https://api.aylien.com/api/v1/classify/taxonomy/iab-qag/IAB12","rel":"self"}],"id":"IAB12","label":"News"}]},"postidString":"facebook_page.387118754690101_1307890455946255","postMeta":{"inserted":"content-engine"},"timestamp":1498132007,"sharesRcvd":0,"likesRcvd":17,"source":"facebook_page","lastUpdateQuantum":4995781,"name":"Kristina Behr","imageLarge":"https://scontent.xx.fbcdn.net/v/t1.0-9/s720x720/19423986_1307890455946255_6715124907494941172_n.jpg?oh=87de716b0ae3b1dc67f6fe1d38466c21&oe=59D270F7","objectID":"1307890455946255","repliesRcvd":3,"image":"https://scontent.xx.fbcdn.net/v/t1.0-0/s130x130/19423986_1307890455946255_6715124907494941172_n.jpg?oh=465990427978df57ffe15473982e9ccf&oe=59C706E2","username":"KristinaBehrHost","link":"https://www.facebook.com/KristinaBehrHost/photos/a.394145863987390.90054.387118754690101/1307890455946255/?type=3","timeQuantum":4993773,"title":"Timeline Photos","type":"photo"},{"content":"I just love Della Crews! 😆😆😆","profileString":"facebook_page.387118754690101","postURL":"https://facebook.com/387118754690101/posts/1307972045938096","avatar":"https://graph.facebook.com/387118754690101/picture","classification":{"engine":"aylien","language":"en","taxonomy":[{"score":"0.0769","confident":false,"links":[{"link":"https://api.aylien.com/api/v1/classify/taxonomy/iab-qag/IAB9","rel":"self"}],"id":"IAB9","label":"Hobbies & Interests"},{"score":"0.0496","confident":false,"links":[{"link":"https://api.aylien.com/api/v1/classify/taxonomy/iab-qag/IAB9-4","rel":"self"},{"link":"https://api.aylien.com/api/v1/classify/taxonomy/iab-qag/IAB9","rel":"parent"}],"id":"IAB9-4","label":"Birdwatching"}]},"postidString":"facebook_page.387118754690101_1307972045938096","postMeta":{"inserted":"content-engine"},"timestamp":1498139249,"sharesRcvd":0,"likesRcvd":24,"source":"facebook_page","lastUpdateQuantum":4995835,"name":"Kristina Behr","imageLarge":"https://scontent.xx.fbcdn.net/v/t15.0-10/19479045_1609606495719077_3451994481425907712_n.jpg?oh=7a3730e9f0b10b7f7712abfe48f89840&oe=59DAD86C","repliesRcvd":0,"image":"https://scontent.xx.fbcdn.net/v/t15.0-10/s130x130/19479045_1609606495719077_3451994481425907712_n.jpg?oh=67da5f8d682dcb68ae196de8213b693e&oe=59E45917","username":"KristinaBehrHost","link":"https://www.facebook.com/dellacrews/videos/1609605815719145/","timeQuantum":4993797,"video":"https://video.xx.fbcdn.net/v/t42.1790-2/19321095_310079992773073_3884891717022777344_n.mp4?efg=eyJybHIiOjMwMCwicmxhIjo1MTIsInZlbmNvZGVfdGFnIjoic3ZlX3NkIn0%3D&rl=300&vabr=130&oh=e0596eb1d8f2eb4b977a8e88af86a3ea&oe=594DC4EB","title":"Della Crews","type":"video"},{"content":"Happy Friday!! Me-- around 12:30 today.. 😆😆😆","profileString":"facebook_page.387118754690101","postURL":"https://facebook.com/387118754690101/posts/1308737329194901","avatar":"https://graph.facebook.com/387118754690101/picture","classification":{"engine":"aylien","language":"en","taxonomy":[{"score":0,"label":"News","categoryId":"INSERTED"}]},"postidString":"facebook_page.387118754690101_1308737329194901","postMeta":{"inserted":"content-engine"},"timestamp":1498212797,"sharesRcvd":0,"likesRcvd":4,"source":"facebook_page","lastUpdateQuantum":4995835,"name":"Kristina Behr","imageLarge":"https://external.xx.fbcdn.net/safe_image.php?d=AQCeU8mtf5v_oMbo&url=https%3A%2F%2Fmedia.giphy.com%2Fmedia%2F26BRIL53texMuRZra%2Fgiphy.gif&_nc_hash=AQDfME1ZUIvBLZ9Y","repliesRcvd":0,"image":"https://external.xx.fbcdn.net/safe_image.php?d=AQCeU8mtf5v_oMbo&url=https%3A%2F%2Fmedia.giphy.com%2Fmedia%2F26BRIL53texMuRZra%2Fgiphy.gif&_nc_hash=AQDfME1ZUIvBLZ9Y","username":"KristinaBehrHost","link":"https://media.giphy.com/media/26BRIL53texMuRZra/giphy.gif","timeQuantum":4994042,"title":"media.giphy.com","type":"link"},{"content":"Getting your Friday started Vegas-style...News 12 New Jersey Della Crews","profileString":"facebook_page.387118754690101","postURL":"https://facebook.com/387118754690101/posts/1308752955860005","avatar":"https://graph.facebook.com/387118754690101/picture","classification":{"engine":"aylien","language":"en","taxonomy":[{"score":"0.4640","confident":false,"links":[{"link":"https://api.aylien.com/api/v1/classify/taxonomy/iab-qag/IAB12-2","rel":"self"},{"link":"https://api.aylien.com/api/v1/classify/taxonomy/iab-qag/IAB12","rel":"parent"}],"id":"IAB12-2","label":"National News"},{"score":"0.3194","confident":false,"links":[{"link":"https://api.aylien.com/api/v1/classify/taxonomy/iab-qag/IAB18-2","rel":"self"},{"link":"https://api.aylien.com/api/v1/classify/taxonomy/iab-qag/IAB18","rel":"parent"}],"id":"IAB18-2","label":"Body Art"},{"score":"0.1137","confident":true,"links":[{"link":"https://api.aylien.com/api/v1/classify/taxonomy/iab-qag/IAB12","rel":"self"}],"id":"IAB12","label":"News"},{"score":"0.0977","confident":true,"links":[{"link":"https://api.aylien.com/api/v1/classify/taxonomy/iab-qag/IAB18","rel":"self"}],"id":"IAB18","label":"Style & Fashion"}]},"postidString":"facebook_page.387118754690101_1308752955860005","postMeta":{"inserted":"content-engine"},"timestamp":1498213903,"sharesRcvd":0,"likesRcvd":16,"source":"facebook_page","lastUpdateQuantum":4995835,"name":"Kristina Behr","imageLarge":"https://scontent.xx.fbcdn.net/v/t15.0-10/s720x720/19491025_1308753412526626_2643504640716439552_n.jpg?oh=2350bad2eb1968bb362cc4b5d185f394&oe=59C6F937","objectID":"1308752955860005","repliesRcvd":1,"image":"https://scontent.xx.fbcdn.net/v/t15.0-10/s130x130/19491025_1308753412526626_2643504640716439552_n.jpg?oh=02c687bbccfd5c66f129792986fb8831&oe=59D99B15","username":"KristinaBehrHost","link":"https://www.facebook.com/KristinaBehrHost/videos/1308752955860005/","timeQuantum":4994046,"video":"https://video.xx.fbcdn.net/v/t42.1790-2/19355105_1093046804159405_7219486389853749248_n.mp4?efg=eyJybHIiOjgxMSwicmxhIjo1MTIsInZlbmNvZGVfdGFnIjoic3ZlX3NkIn0%3D&rl=811&vabr=451&oh=c14111f68ac38d6073f1aff7ec67f530&oe=594F9F70","type":"video"},{"content":"Breakfast of champions here on News 12 New Jersey. It's Food Truck Friday!!","profileString":"facebook_page.387118754690101","postURL":"https://facebook.com/387118754690101/posts/1308804295854871","avatar":"https://graph.facebook.com/387118754690101/picture","classification":{"engine":"aylien","language":"en","taxonomy":[{"score":"0.5228","confident":false,"links":[{"link":"https://api.aylien.com/api/v1/classify/taxonomy/iab-qag/IAB12-2","rel":"self"},{"link":"https://api.aylien.com/api/v1/classify/taxonomy/iab-qag/IAB12","rel":"parent"}],"id":"IAB12-2","label":"National News"},{"score":"0.1968","confident":true,"links":[{"link":"https://api.aylien.com/api/v1/classify/taxonomy/iab-qag/IAB12","rel":"self"}],"id":"IAB12","label":"News"},{"score":"0.1746","confident":true,"links":[{"link":"https://api.aylien.com/api/v1/classify/taxonomy/iab-qag/IAB8","rel":"self"}],"id":"IAB8","label":"Food & Drink"},{"score":"0.0844","confident":false,"links":[{"link":"https://api.aylien.com/api/v1/classify/taxonomy/iab-qag/IAB8-1","rel":"self"},{"link":"https://api.aylien.com/api/v1/classify/taxonomy/iab-qag/IAB8","rel":"parent"}],"id":"IAB8-1","label":"American Cuisine"}]},"postidString":"facebook_page.387118754690101_1308804295854871","postMeta":{"inserted":"content-engine"},"timestamp":1498217603,"sharesRcvd":0,"likesRcvd":7,"source":"facebook_page","lastUpdateQuantum":4995835,"name":"Kristina Behr","imageLarge":"https://scontent.xx.fbcdn.net/v/t15.0-10/19370151_10155436451609153_761147915149246464_n.jpg?oh=646267094871f33139bb4d55c78b0200&oe=59C63AA1","repliesRcvd":0,"image":"https://scontent.xx.fbcdn.net/v/t15.0-10/s130x130/19370151_10155436451609153_761147915149246464_n.jpg?oh=2daa38f88ecaa86ad0d5513f595b8ad4&oe=59E17CDA","username":"KristinaBehrHost","link":"https://www.facebook.com/News12NJ/videos/10155436445319153/","timeQuantum":4994058,"video":"https://scontent.xx.fbcdn.net/v/t42.1790-29/19361914_660322587493632_1164316147332415488_n.mp4?efg=eyJybHIiOjEwNDIsInJsYSI6MTE2NSwidmVuY29kZV90YWciOiJzZCJ9&rl=1042&vabr=579&oh=1f3a0d829e7ba56552eb9e4b8a905686&oe=594F95BB","title":"News 12 New Jersey","type":"video"},{"content":"#FoodTruckFriday on News 12 New Jersey hanging with Waffle de Lys. Breakfast of champions!!","profileString":"facebook_page.387118754690101","postURL":"https://facebook.com/387118754690101/posts/1308902685845032","avatar":"https://graph.facebook.com/387118754690101/picture","classification":{"engine":"aylien","language":"en","taxonomy":[{"score":"0.5018","confident":false,"links":[{"link":"https://api.aylien.com/api/v1/classify/taxonomy/iab-qag/IAB12-2","rel":"self"},{"link":"https://api.aylien.com/api/v1/classify/taxonomy/iab-qag/IAB12","rel":"parent"}],"id":"IAB12-2","label":"National News"},{"score":"0.1014","confident":true,"links":[{"link":"https://api.aylien.com/api/v1/classify/taxonomy/iab-qag/IAB12","rel":"self"}],"id":"IAB12","label":"News"}]},"postidString":"facebook_page.387118754690101_1308902685845032","postMeta":{"inserted":"content-engine"},"timestamp":1498225529,"sharesRcvd":0,"likesRcvd":12,"source":"facebook_page","lastUpdateQuantum":4995835,"name":"Kristina Behr","imageLarge":"https://scontent.xx.fbcdn.net/v/t15.0-10/s720x720/19478988_1308903819178252_6043039566955282432_n.jpg?oh=cb29956ba304b2ead52fb26886d57976&oe=59C3190A","objectID":"1308902685845032","repliesRcvd":1,"image":"https://scontent.xx.fbcdn.net/v/t15.0-10/s130x130/19478988_1308903819178252_6043039566955282432_n.jpg?oh=1299e162e6224b52fa16668ddc09d6a8&oe=59DFFD28","username":"KristinaBehrHost","link":"https://www.facebook.com/KristinaBehrHost/videos/1308902685845032/","timeQuantum":4994085,"video":"https://video.xx.fbcdn.net/v/t42.1790-2/19463377_1736167606676682_965140809961701376_n.mp4?efg=eyJybHIiOjU4MSwicmxhIjo1MTIsInZlbmNvZGVfdGFnIjoic3ZlX3NkIn0%3D&rl=581&vabr=323&oh=d2875a86b3dfbbebf79525d1b25f8f97&oe=594F4C3A","type":"video"},{"content":"Part 2 of #FoodTruckFriday hanging with Waffle de Lys this morning. Their waffles are so great!!!!","profileString":"facebook_page.387118754690101","postURL":"https://facebook.com/387118754690101/posts/1308911445844156","avatar":"https://graph.facebook.com/387118754690101/picture","classification":{"engine":"aylien","language":"en","taxonomy":[{"score":"0.2056","confident":false,"links":[{"link":"https://api.aylien.com/api/v1/classify/taxonomy/iab-qag/IAB25-2","rel":"self"},{"link":"https://api.aylien.com/api/v1/classify/taxonomy/iab-qag/IAB25","rel":"parent"}],"id":"IAB25-2","label":"Extreme Graphic/Explicit Violence"},{"score":"0.0966","confident":false,"links":[{"link":"https://api.aylien.com/api/v1/classify/taxonomy/iab-qag/IAB8-11","rel":"self"},{"link":"https://api.aylien.com/api/v1/classify/taxonomy/iab-qag/IAB8","rel":"parent"}],"id":"IAB8-11","label":"French Cuisine"},{"score":"0.0715","confident":false,"links":[{"link":"https://api.aylien.com/api/v1/classify/taxonomy/iab-qag/IAB9","rel":"self"}],"id":"IAB9","label":"Hobbies & Interests"},{"score":"0.0581","confident":false,"links":[{"link":"https://api.aylien.com/api/v1/classify/taxonomy/iab-qag/IAB17","rel":"self"}],"id":"IAB17","label":"Sports"},{"score":"0.0581","confident":false,"links":[{"link":"https://api.aylien.com/api/v1/classify/taxonomy/iab-qag/IAB25","rel":"self"}],"id":"IAB25","label":"Non-Standard Content"},{"score":"0.0577","confident":false,"links":[{"link":"https://api.aylien.com/api/v1/classify/taxonomy/iab-qag/IAB8","rel":"self"}],"id":"IAB8","label":"Food & Drink"},{"score":"0.0518","confident":false,"links":[{"link":"https://api.aylien.com/api/v1/classify/taxonomy/iab-qag/IAB9-4","rel":"self"},{"link":"https://api.aylien.com/api/v1/classify/taxonomy/iab-qag/IAB9","rel":"parent"}],"id":"IAB9-4","label":"Birdwatching"},{"score":"0.0423","confident":false,"links":[{"link":"https://api.aylien.com/api/v1/classify/taxonomy/iab-qag/IAB17-43","rel":"self"},{"link":"https://api.aylien.com/api/v1/classify/taxonomy/iab-qag/IAB17","rel":"parent"}],"id":"IAB17-43","label":"Waterski/Wakeboard"}]},"postidString":"facebook_page.387118754690101_1308911445844156","postMeta":{"inserted":"content-engine"},"timestamp":1498226397,"sharesRcvd":0,"likesRcvd":13,"source":"facebook_page","lastUpdateQuantum":4995835,"name":"Kristina Behr","imageLarge":"https://scontent.xx.fbcdn.net/v/t15.0-10/s720x720/19479093_1308914092510558_8027944035488366592_n.jpg?oh=92aca692825b75e95c436222bfecb78c&oe=59D3756C","objectID":"1308911445844156","repliesRcvd":2,"image":"https://scontent.xx.fbcdn.net/v/t15.0-10/s130x130/19479093_1308914092510558_8027944035488366592_n.jpg?oh=498dc7976611fbc7c389c8e98980688a&oe=59C9634E","username":"KristinaBehrHost","link":"https://www.facebook.com/KristinaBehrHost/videos/1308911445844156/","timeQuantum":4994087,"video":"https://video.xx.fbcdn.net/v/t42.1790-2/19294462_224706494716433_283464650375299072_n.mp4?efg=eyJybHIiOjUwNCwicmxhIjo1MTIsInZlbmNvZGVfdGFnIjoic3ZlX3NkIn0%3D&rl=504&vabr=280&oh=557343ef21b9e2eaa350f70029e584b8&oe=594F6201","type":"video"},{"content":"That's a wrap on my first #OnTheRoad with News 12 New Jersey in Toms River! Such a fun crew!","profileString":"facebook_page.387118754690101","postURL":"https://facebook.com/387118754690101/posts/1309279899140644","avatar":"https://graph.facebook.com/387118754690101/picture","classification":{"engine":"aylien","language":"en","taxonomy":[{"score":"0.4431","links":[{"rel":"self","link":"https://api.aylien.com/api/v1/classify/taxonomy/iab-qag/IAB12-2"},{"rel":"parent","link":"https://api.aylien.com/api/v1/classify/taxonomy/iab-qag/IAB12"}],"label":"National News","id":"IAB12-2","confident":false},{"score":"0.1108","links":[{"rel":"self","link":"https://api.aylien.com/api/v1/classify/taxonomy/iab-qag/IAB12"}],"label":"News","id":"IAB12","confident":true}]},"postidString":"facebook_page.387118754690101_1309279899140644","postMeta":{"inserted":"content-engine"},"timestamp":1498257993,"sharesRcvd":0,"likesRcvd":24,"source":"facebook_page","lastUpdateQuantum":4995835,"name":"Kristina Behr","imageLarge":"https://scontent.xx.fbcdn.net/v/t1.0-0/p180x540/19510601_1309279899140644_5332010807719693843_n.jpg?oh=f8a72580e98b4da8c3671d0753634733&oe=59C8D7B1","objectID":"1309279899140644","repliesRcvd":1,"image":"https://scontent.xx.fbcdn.net/v/t1.0-0/s130x130/19510601_1309279899140644_5332010807719693843_n.jpg?oh=f67670b88f055242b270817d8d0bd85a&oe=59CB72CD","username":"KristinaBehrHost","link":"https://www.facebook.com/KristinaBehrHost/photos/a.394145863987390.90054.387118754690101/1309279899140644/?type=3","timeQuantum":4994193,"type":"photo","title":"Timeline Photos"},{"content":"When it seems every road you try to take at 3am to try to get to work by 4am has some sort of construction closure.. 😡","profileString":"facebook_page.387118754690101","postURL":"https://facebook.com/387118754690101/posts/1312411762160791","avatar":"https://graph.facebook.com/387118754690101/picture","classification":{"engine":"aylien","language":"en","taxonomy":[{"score":0,"label":"Local News","id":"IAB12-3"}]},"postidString":"facebook_page.387118754690101_1312411762160791","postMeta":{"inserted":"content-engine"},"timestamp":1498556111,"sharesRcvd":0,"likesRcvd":14,"source":"facebook_page","lastUpdateQuantum":4995835,"name":"Kristina Behr","imageLarge":"https://external.xx.fbcdn.net/safe_image.php?d=AQDOSEgrR6d0anHD&url=https%3A%2F%2Fmedia.giphy.com%2Fmedia%2F3oKIPrlrGp0d5hXuE0%2Fgiphy-downsized-large.gif&_nc_hash=AQAVPjVJYJ_HQDTk","repliesRcvd":1,"image":"https://external.xx.fbcdn.net/safe_image.php?d=AQDOSEgrR6d0anHD&url=https%3A%2F%2Fmedia.giphy.com%2Fmedia%2F3oKIPrlrGp0d5hXuE0%2Fgiphy-downsized-large.gif&_nc_hash=AQAVPjVJYJ_HQDTk","username":"KristinaBehrHost","link":"https://media.giphy.com/media/3oKIPrlrGp0d5hXuE0/giphy-downsized-large.gif","timeQuantum":4995187,"type":"link","title":"media.giphy.com"},{"content":"Knicks fans waking up happy this AM! The latest News 12 New Jersey","profileString":"facebook_page.387118754690101","postURL":"https://facebook.com/387118754690101/posts/1313456948722939","avatar":"https://graph.facebook.com/387118754690101/picture","classification":{"engine":"aylien","language":"en","taxonomy":[{"score":"0.1324","links":[{"rel":"self","link":"https://api.aylien.com/api/v1/classify/taxonomy/iab-qag/IAB17-26"},{"rel":"parent","link":"https://api.aylien.com/api/v1/classify/taxonomy/iab-qag/IAB17"}],"label":"Pro Basketball","id":"IAB17-26","confident":true},{"score":"0.1194","links":[{"rel":"self","link":"https://api.aylien.com/api/v1/classify/taxonomy/iab-qag/IAB17"}],"label":"Sports","id":"IAB17","confident":true}]},"postidString":"facebook_page.387118754690101_1313456948722939","postMeta":{"inserted":"content-engine"},"timestamp":1498642868,"sharesRcvd":0,"likesRcvd":9,"source":"facebook_page","lastUpdateQuantum":4995835,"name":"Kristina Behr","imageLarge":"https://external.xx.fbcdn.net/safe_image.php?d=AQDfMGEGjacY1YM8&url=https%3A%2F%2Fimg.bleacherreport.net%2Fimg%2Fimages%2Fphotos%2F003%2F681%2F475%2Fhi-res-93317b68a0a374107b06188a0cb0408e_crop_exact.jpg%3Fw%3D1200%26h%3D1200%26q%3D75&_nc_hash=AQB2105pfToJZKTt","repliesRcvd":1,"image":"https://external.xx.fbcdn.net/safe_image.php?d=AQCZ5fWsLGTrNkJB&w=130&h=130&url=https%3A%2F%2Fimg.bleacherreport.net%2Fimg%2Fimages%2Fphotos%2F003%2F681%2F475%2Fhi-res-93317b68a0a374107b06188a0cb0408e_crop_exact.jpg%3Fw%3D1200%26h%3D1200%26q%3D75&cfs=1&sx=0&sy=0&sw=1200&sh=1200&_nc_hash=AQAE0hMGRAglrDOX","username":"KristinaBehrHost","link":"http://bleacherreport.com/articles/2718448-phil-jacksons-future-with-knicks-reportedly-being-weighed-by-james-dolan","timeQuantum":4995476,"type":"link","title":"Phil Jackson's Future with Knicks Reportedly Being Weighed by James Dolan"}]