[{"profileString":"facebook_page.169820463063346","likesRcvd":1,"postsMade":1,"timeQuantum":4988059,"postidString":"facebook_page.169820463063346_1518989848146394"},{"profileString":"facebook_page.169820463063346","likesRcvd":1,"timeQuantum":4988060,"postidString":"facebook_page.169820463063346_1518989848146394"},{"sharesRcvd":1,"profileString":"facebook_page.169820463063346","likesRcvd":1,"repliesRcvd":1,"timeQuantum":4988067,"postidString":"facebook_page.169820463063346_1518989848146394"},{"profileString":"facebook_page.169820463063346","likesRcvd":1,"repliesRcvd":1,"timeQuantum":4988068,"postidString":"facebook_page.169820463063346_1518989848146394"},{"profileString":"facebook_page.169820463063346","likesRcvd":1,"timeQuantum":4988069,"postidString":"facebook_page.169820463063346_1518989848146394"},{"profileString":"facebook_page.169820463063346","repliesRcvd":1,"timeQuantum":4988094,"postidString":"facebook_page.169820463063346_1518989848146394"},{"sharesRcvd":1,"profileString":"facebook_page.169820463063346","timeQuantum":4988121,"postidString":"facebook_page.169820463063346_1518989848146394"},{"profileString":"facebook_page.169820463063346","likesRcvd":1,"timeQuantum":4988130,"postidString":"facebook_page.169820463063346_1518989848146394"},{"profileString":"facebook_page.169820463063346","likesRcvd":1,"timeQuantum":4988301,"postidString":"facebook_page.169820463063346_1518989848146394"},{"profileString":"facebook_page.169820463063346","likesRcvd":1,"postsMade":1,"repliesRcvd":1,"timeQuantum":4991036,"postidString":"facebook_page.169820463063346_1530258480352864"},{"profileString":"facebook_page.169820463063346","likesRcvd":1,"timeQuantum":4991037,"postidString":"facebook_page.169820463063346_1530258480352864"},{"profileString":"facebook_page.169820463063346","likesRcvd":1,"timeQuantum":4991046,"postidString":"facebook_page.169820463063346_1530258480352864"},{"profileString":"facebook_page.169820463063346","likesRcvd":1,"timeQuantum":4991073,"postidString":"facebook_page.169820463063346_1530258480352864"},{"profileString":"facebook_page.169820463063346","likesRcvd":1,"timeQuantum":4993125,"postidString":"facebook_page.169820463063346_1518989848146394"},{"profileString":"facebook_page.169820463063346","likesRcvd":1,"timeQuantum":4995024,"postidString":"facebook_page.169820463063346_1530258480352864"}]