[{"content":"FOX 5 / Fox5NY.com","profileString":"facebook_page.140818556035676","postURL":"https://facebook.com/140818556035676/posts/1316323758485144","avatar":"https://graph.facebook.com/140818556035676/picture","classification":{"engine":"aylien","language":"en","taxonomy":[{"score":"0.0682","confident":false,"links":[{"link":"https://api.aylien.com/api/v1/classify/taxonomy/iab-qag/IAB9","rel":"self"}],"id":"IAB9","label":"Hobbies & Interests"},{"score":"0.0546","confident":false,"links":[{"link":"https://api.aylien.com/api/v1/classify/taxonomy/iab-qag/IAB9-3","rel":"self"},{"link":"https://api.aylien.com/api/v1/classify/taxonomy/iab-qag/IAB9","rel":"parent"}],"id":"IAB9-3","label":"Beadwork"}]},"postidString":"facebook_page.140818556035676_1316323758485144","postMeta":{"inserted":"content-engine"},"timestamp":1496939989,"sharesRcvd":0,"likesRcvd":3,"source":"facebook_page","lastUpdateQuantum":4995765,"name":"Jodi Goldberg","imageLarge":"https://scontent.xx.fbcdn.net/v/t15.0-10/s720x720/19048742_10155566840166320_689972301235486720_n.jpg?oh=f97631623f23f75512560f70f4463c08&oe=59D8E9CD","repliesRcvd":2,"image":"https://scontent.xx.fbcdn.net/v/t15.0-10/s130x130/19048742_10155566840166320_689972301235486720_n.jpg?oh=20fb77bcb16f005033ae325b957571c0&oe=59AA95EF","username":"JodiGoldbergReporter","link":"https://www.facebook.com/FOX5NY/videos/10155566183981320/","timeQuantum":4989799,"video":"https://scontent.xx.fbcdn.net/v/t42.9040-29/10000000_1854620884813190_3082803872960348160_n.mp4?efg=eyJybHIiOjkwOSwicmxhIjo0MDk2LCJ2ZW5jb2RlX3RhZyI6InNkIn0%3D&rl=909&vabr=505&oh=79c34760b97b023bf61a5de5155db70f&oe=593C6D4A","title":"FOX 5 / Fox5NY.com","type":"video"},{"content":"Did you \"call\" the winner of the Belmont Stakes!?","profileString":"facebook_page.140818556035676","postURL":"https://facebook.com/140818556035676/posts/1318335851617268","avatar":"https://graph.facebook.com/140818556035676/picture","classification":{"engine":"aylien","language":"en","taxonomy":[{"score":"0.1045","confident":true,"links":[{"link":"https://api.aylien.com/api/v1/classify/taxonomy/iab-qag/IAB17-16","rel":"self"},{"link":"https://api.aylien.com/api/v1/classify/taxonomy/iab-qag/IAB17","rel":"parent"}],"id":"IAB17-16","label":"Horse Racing"},{"score":"0.0733","confident":false,"links":[{"link":"https://api.aylien.com/api/v1/classify/taxonomy/iab-qag/IAB9","rel":"self"}],"id":"IAB9","label":"Hobbies & Interests"},{"score":"0.0694","confident":false,"links":[{"link":"https://api.aylien.com/api/v1/classify/taxonomy/iab-qag/IAB17","rel":"self"}],"id":"IAB17","label":"Sports"},{"score":"0.0537","confident":false,"links":[{"link":"https://api.aylien.com/api/v1/classify/taxonomy/iab-qag/IAB9-23","rel":"self"},{"link":"https://api.aylien.com/api/v1/classify/taxonomy/iab-qag/IAB9","rel":"parent"}],"id":"IAB9-23","label":"Photography"}]},"postidString":"facebook_page.140818556035676_1318335851617268","postMeta":{"inserted":"content-engine"},"timestamp":1497140785,"sharesRcvd":0,"likesRcvd":59,"source":"facebook_page","lastUpdateQuantum":4995765,"name":"Jodi Goldberg","imageLarge":"https://scontent.xx.fbcdn.net/v/t1.0-9/s720x720/19105696_1318335851617268_4795415240215321294_n.jpg?oh=7f5f5988a91c367579201ff1b0c68992&oe=59D6E62A","objectID":"1318335851617268","repliesRcvd":6,"image":"https://scontent.xx.fbcdn.net/v/t1.0-0/s130x130/19105696_1318335851617268_4795415240215321294_n.jpg?oh=121aed986231a8c4a58fe0c20f6af964&oe=59DFFE3F","username":"JodiGoldbergReporter","link":"https://www.facebook.com/JodiGoldbergReporter/photos/a.141293649321500.27967.140818556035676/1318335851617268/?type=3","timeQuantum":4990469,"title":"Timeline Photos","type":"photo"},{"content":"It's starting to feel like summer on Long Island","profileString":"facebook_page.140818556035676","postURL":"https://facebook.com/140818556035676/posts/1321048758012644","avatar":"https://graph.facebook.com/140818556035676/picture","classification":{"engine":"aylien","language":"en","taxonomy":[{"score":"0.3536","confident":false,"links":[{"link":"https://api.aylien.com/api/v1/classify/taxonomy/iab-qag/IAB18-2","rel":"self"},{"link":"https://api.aylien.com/api/v1/classify/taxonomy/iab-qag/IAB18","rel":"parent"}],"id":"IAB18-2","label":"Body Art"},{"score":"0.0763","confident":false,"links":[{"link":"https://api.aylien.com/api/v1/classify/taxonomy/iab-qag/IAB20","rel":"self"}],"id":"IAB20","label":"Travel"},{"score":"0.0762","confident":false,"links":[{"link":"https://api.aylien.com/api/v1/classify/taxonomy/iab-qag/IAB20-11","rel":"self"},{"link":"https://api.aylien.com/api/v1/classify/taxonomy/iab-qag/IAB20","rel":"parent"}],"id":"IAB20-11","label":"Caribbean"},{"score":"0.0644","confident":false,"links":[{"link":"https://api.aylien.com/api/v1/classify/taxonomy/iab-qag/IAB18","rel":"self"}],"id":"IAB18","label":"Style & Fashion"},{"score":"0.0625","confident":false,"links":[{"link":"https://api.aylien.com/api/v1/classify/taxonomy/iab-qag/IAB9","rel":"self"}],"id":"IAB9","label":"Hobbies & Interests"},{"score":"0.0593","confident":false,"links":[{"link":"https://api.aylien.com/api/v1/classify/taxonomy/iab-qag/IAB9-23","rel":"self"},{"link":"https://api.aylien.com/api/v1/classify/taxonomy/iab-qag/IAB9","rel":"parent"}],"id":"IAB9-23","label":"Photography"}]},"postidString":"facebook_page.140818556035676_1321048758012644","postMeta":{"inserted":"content-engine"},"timestamp":1497396454,"sharesRcvd":1,"likesRcvd":34,"source":"facebook_page","lastUpdateQuantum":4995765,"name":"Jodi Goldberg","imageLarge":"https://scontent.xx.fbcdn.net/v/t1.0-0/p180x540/19059885_1321048758012644_3647845410520959285_n.jpg?oh=f0b6ef6739df8dcb20674d32c667d5af&oe=59D9889A","objectID":"1321048758012644","repliesRcvd":0,"image":"https://scontent.xx.fbcdn.net/v/t1.0-0/s130x130/19059885_1321048758012644_3647845410520959285_n.jpg?oh=c556cd6c1043bddc53cbd69a9c82db7d&oe=59E029E6","username":"JodiGoldbergReporter","link":"https://www.facebook.com/JodiGoldbergReporter/photos/a.141293649321500.27967.140818556035676/1321048758012644/?type=3","timeQuantum":4991321,"title":"Timeline Photos","type":"photo"},{"content":"FOX 5 / Fox5NY.com Combating Gang Violence on Long Island: Hear from parents whose children were violently killed by member of MS-13","profileString":"facebook_page.140818556035676","postURL":"https://facebook.com/140818556035676/posts/1327421964041990","avatar":"https://graph.facebook.com/140818556035676/picture","classification":{"engine":"aylien","language":"en","taxonomy":[{"score":"0.4258","confident":true,"links":[{"link":"https://api.aylien.com/api/v1/classify/taxonomy/iab-qag/IAB25-2","rel":"self"},{"link":"https://api.aylien.com/api/v1/classify/taxonomy/iab-qag/IAB25","rel":"parent"}],"id":"IAB25-2","label":"Extreme Graphic/Explicit Violence"},{"score":"0.2706","confident":true,"links":[{"link":"https://api.aylien.com/api/v1/classify/taxonomy/iab-qag/IAB25","rel":"self"}],"id":"IAB25","label":"Non-Standard Content"}]},"postidString":"facebook_page.140818556035676_1327421964041990","postMeta":{"inserted":"content-engine"},"timestamp":1497972226,"sharesRcvd":0,"likesRcvd":6,"source":"facebook_page","lastUpdateQuantum":4995765,"name":"Jodi Goldberg","imageLarge":"https://external.xx.fbcdn.net/safe_image.php?d=AQDat3AtROH9zw_i&w=480&h=360&url=https%3A%2F%2Fi.ytimg.com%2Fvi%2FcD5j6rHy9-c%2Fhqdefault_live.jpg&crop&_nc_hash=AQC8ox7hFB52Js3V","repliesRcvd":0,"image":"https://external.xx.fbcdn.net/safe_image.php?d=AQCcOfqGjWz78sYJ&w=130&h=130&url=https%3A%2F%2Fi.ytimg.com%2Fvi%2FcD5j6rHy9-c%2Fhqdefault_live.jpg&cfs=1&_nc_hash=AQCY6p5PvyD68bFn","username":"JodiGoldbergReporter","link":"https://youtu.be/cD5j6rHy9-c","timeQuantum":4993240,"video":"https://www.youtube.com/embed/cD5j6rHy9-c?autoplay=1","title":"Field Hearing: Combating Gang Violence on Long Island: Shutting Down the MS-13 Pipeline","type":"video"},{"content":"Summer Sunsets","profileString":"facebook_page.140818556035676","postURL":"https://facebook.com/140818556035676/posts/1332333956884124","avatar":"https://graph.facebook.com/140818556035676/picture","classification":{"engine":"aylien","language":"en","taxonomy":[{"score":"0.0747","links":[{"rel":"self","link":"https://api.aylien.com/api/v1/classify/taxonomy/iab-qag/IAB9"}],"label":"Hobbies & Interests","id":"IAB9","confident":false},{"score":"0.0579","links":[{"rel":"self","link":"https://api.aylien.com/api/v1/classify/taxonomy/iab-qag/IAB9-23"},{"rel":"parent","link":"https://api.aylien.com/api/v1/classify/taxonomy/iab-qag/IAB9"}],"label":"Photography","id":"IAB9-23","confident":false}]},"postidString":"facebook_page.140818556035676_1332333956884124","postMeta":{"inserted":"content-engine"},"timestamp":1498437161,"sharesRcvd":0,"likesRcvd":37,"source":"facebook_page","lastUpdateQuantum":4995828,"name":"Jodi Goldberg","imageLarge":"https://scontent.xx.fbcdn.net/v/t1.0-0/p180x540/19420708_1332333956884124_5639522371057432091_n.jpg?oh=48241b047e5248307e31fc21f21c9135&oe=59D05615","objectID":"1332333956884124","repliesRcvd":2,"image":"https://scontent.xx.fbcdn.net/v/t1.0-0/s130x130/19420708_1332333956884124_5639522371057432091_n.jpg?oh=fe010e8b83eb2fe7c00e82b44f490f47&oe=59D40E69","username":"JodiGoldbergReporter","link":"https://www.facebook.com/JodiGoldbergReporter/photos/a.141293649321500.27967.140818556035676/1332333956884124/?type=3","timeQuantum":4994790,"type":"photo","title":"Timeline Photos"}]