[{"content":"https://www.facebook.com/pix11morningnews/posts/1782702008725774:0","profileString":"facebook_page.147250818631887","postURL":"https://facebook.com/147250818631887/posts/1535808966442725","avatar":"https://graph.facebook.com/147250818631887/picture","classification":{"engine":"aylien","language":"en","taxonomy":[{"score":"0.4983","links":[{"rel":"self","link":"https://api.aylien.com/api/v1/classify/taxonomy/iab-qag/IAB12-2"},{"rel":"parent","link":"https://api.aylien.com/api/v1/classify/taxonomy/iab-qag/IAB12"}],"label":"National News","id":"IAB12-2","confident":false},{"score":"0.2466","links":[{"rel":"self","link":"https://api.aylien.com/api/v1/classify/taxonomy/iab-qag/IAB12"}],"label":"News","id":"IAB12","confident":true}]},"postidString":"facebook_page.147250818631887_1782702008725774","postMeta":{"inserted":"content-engine"},"timestamp":1493325340,"sharesRcvd":0,"likesRcvd":41,"source":"facebook_page","lastUpdateQuantum":4984388,"name":"Scott Stanford","imageLarge":"https://scontent.xx.fbcdn.net/v/t1.0-9/18156873_1782702008725774_4668164155978670249_n.png?oh=603a844ccc70d40ac1e015d90eaabff3&oe=5975657E","originalID":"147250818631887_1535808966442725","objectID":"1782702008725774","repliesRcvd":7,"image":"https://scontent.xx.fbcdn.net/v/t1.0-0/s130x130/18156873_1782702008725774_4668164155978670249_n.png?oh=9eed8a32144d18030694c19fbab6808d&oe=598DAC15","username":"ScottStanfordTV","link":"https://www.facebook.com/pix11morningnews/photos/a.1723873301275312.1073741828.1720950008234308/1782702008725774/?type=3","timeQuantum":4977751,"type":"photo","title":"PIX11 Morning News"},{"content":"He's got legs... he knows how to use them! Sukanya Krishnan","profileString":"facebook_page.147250818631887","postURL":"https://facebook.com/147250818631887/posts/1539835249373430","avatar":"https://graph.facebook.com/147250818631887/picture","classification":{"engine":"aylien","language":"en","taxonomy":[{"score":"0.0918","confident":true,"links":[{"link":"https://api.aylien.com/api/v1/classify/taxonomy/iab-qag/IAB9","rel":"self"}],"id":"IAB9","label":"Hobbies & Interests"},{"score":"0.0566","confident":false,"links":[{"link":"https://api.aylien.com/api/v1/classify/taxonomy/iab-qag/IAB9-23","rel":"self"},{"link":"https://api.aylien.com/api/v1/classify/taxonomy/iab-qag/IAB9","rel":"parent"}],"id":"IAB9-23","label":"Photography"}]},"postidString":"facebook_page.147250818631887_1539835249373430","postMeta":{"inserted":"content-engine"},"timestamp":1493646874,"sharesRcvd":5,"likesRcvd":118,"source":"facebook_page","lastUpdateQuantum":4984388,"name":"Scott Stanford","imageLarge":"https://scontent.xx.fbcdn.net/v/t1.0-9/s720x720/18222481_1539835249373430_8244682117297616782_n.jpg?oh=06157da6620f9b906f05e8efefe3be2d&oe=59899C8E","objectID":"1539835249373430","repliesRcvd":21,"image":"https://scontent.xx.fbcdn.net/v/t1.0-0/s130x130/18222481_1539835249373430_8244682117297616782_n.jpg?oh=ff2e3664246619e97cad952ee8362d6b&oe=597A3D9B","username":"ScottStanfordTV","link":"https://www.facebook.com/ScottStanfordTV/photos/a.992527170770910.1073741835.147250818631887/1539835249373430/?type=3","timeQuantum":4978822,"title":"Timeline Photos","type":"photo"},{"content":"No no!! I love you Mamasita!! Sukanya Krishnan","profileString":"facebook_page.147250818631887","postURL":"https://facebook.com/147250818631887/posts/1545833572106931","avatar":"https://graph.facebook.com/147250818631887/picture","classification":{"engine":"aylien","language":"en","taxonomy":[{"score":"0.0883","confident":true,"links":[{"link":"https://api.aylien.com/api/v1/classify/taxonomy/iab-qag/IAB9","rel":"self"}],"id":"IAB9","label":"Hobbies & Interests"},{"score":"0.0492","confident":false,"links":[{"link":"https://api.aylien.com/api/v1/classify/taxonomy/iab-qag/IAB9-4","rel":"self"},{"link":"https://api.aylien.com/api/v1/classify/taxonomy/iab-qag/IAB9","rel":"parent"}],"id":"IAB9-4","label":"Birdwatching"}]},"postidString":"facebook_page.147250818631887_1545833572106931","postMeta":{"inserted":"content-engine"},"timestamp":1494160997,"sharesRcvd":0,"likesRcvd":83,"source":"facebook_page","lastUpdateQuantum":4984388,"name":"Scott Stanford","imageLarge":"https://scontent.xx.fbcdn.net/v/t15.0-10/s720x720/18384234_742518172593267_6214881483346149376_n.jpg?oh=dea8feb41ab7d7916255249f64007a96&oe=5982E6FF","repliesRcvd":8,"image":"https://scontent.xx.fbcdn.net/v/t15.0-10/s130x130/18384234_742518172593267_6214881483346149376_n.jpg?oh=424ce83e263fcbe7ff429e48950eab0b&oe=597D5345","username":"ScottStanfordTV","link":"https://www.facebook.com/sukanyakrishnantv/videos/742517549259996/","timeQuantum":4980536,"video":"https://video.xx.fbcdn.net/v/t42.1790-2/18353846_1900374660207548_3083607452751495168_n.mp4?efg=eyJybHIiOjMxNSwicmxhIjo1MTIsInZlbmNvZGVfdGFnIjoic3ZlX3NkIn0%3D&rl=315&vabr=175&oh=81f6e78c900f1e05e14159a3cc2b139c&oe=59111406","title":"Sukanya Krishnan","type":"video"},{"content":"Happy birthday to the Legendary Mr. G !!","profileString":"facebook_page.147250818631887","postURL":"https://facebook.com/147250818631887/posts/1549315938425361","avatar":"https://graph.facebook.com/147250818631887/picture","classification":{"engine":"aylien","language":"en","taxonomy":[{"score":"0.0692","confident":false,"links":[{"link":"https://api.aylien.com/api/v1/classify/taxonomy/iab-qag/IAB9","rel":"self"}],"id":"IAB9","label":"Hobbies & Interests"},{"score":"0.0522","confident":false,"links":[{"link":"https://api.aylien.com/api/v1/classify/taxonomy/iab-qag/IAB9-6","rel":"self"},{"link":"https://api.aylien.com/api/v1/classify/taxonomy/iab-qag/IAB9","rel":"parent"}],"id":"IAB9-6","label":"Candle & Soap Making"}]},"postidString":"facebook_page.147250818631887_1549315938425361","postMeta":{"inserted":"content-engine"},"timestamp":1494448009,"sharesRcvd":0,"likesRcvd":79,"source":"facebook_page","lastUpdateQuantum":4984388,"name":"Scott Stanford","imageLarge":"https://scontent.xx.fbcdn.net/v/t15.0-10/s720x720/11114678_1083810924975867_246283058_n.jpg?oh=3d15f92763feb2272312399bf796455d&oe=59B1404F","repliesRcvd":7,"image":"https://scontent.xx.fbcdn.net/v/t15.0-10/s130x130/11114678_1083810924975867_246283058_n.jpg?oh=85df59c020b70a59294d75c068678406&oe=59807233","username":"ScottStanfordTV","link":"https://www.facebook.com/ScottStanfordTV/videos/1083809078309385/","timeQuantum":4981493,"video":"https://video.xx.fbcdn.net/v/t42.1790-2/12217230_419764974879891_1209139734_n.mp4?efg=eyJybHIiOjQ2MiwicmxhIjo1MTIsInZlbmNvZGVfdGFnIjoic2QifQ%3D%3D&rl=462&vabr=257&oh=a16ab3d877424de0b82b36dd3d76642f&oe=59164A1F","title":"Scott Stanford","type":"video"},{"content":"Thought we were having a nice moment until i noticed my watch and wallet were gone!! Sukanya Krishnan Lisa Mateo","profileString":"facebook_page.147250818631887","postURL":"https://facebook.com/147250818631887/posts/1554982237858731","avatar":"https://graph.facebook.com/147250818631887/picture","classification":{"engine":"aylien","language":"en","taxonomy":[{"score":"0.0792","confident":true,"links":[{"link":"https://api.aylien.com/api/v1/classify/taxonomy/iab-qag/IAB9","rel":"self"}],"id":"IAB9","label":"Hobbies & Interests"},{"score":"0.0559","confident":false,"links":[{"link":"https://api.aylien.com/api/v1/classify/taxonomy/iab-qag/IAB9-23","rel":"self"},{"link":"https://api.aylien.com/api/v1/classify/taxonomy/iab-qag/IAB9","rel":"parent"}],"id":"IAB9-23","label":"Photography"}]},"postidString":"facebook_page.147250818631887_1554982237858731","postMeta":{"inserted":"content-engine"},"timestamp":1494936610,"sharesRcvd":1,"likesRcvd":177,"source":"facebook_page","lastUpdateQuantum":4984415,"name":"Scott Stanford","imageLarge":"https://scontent.xx.fbcdn.net/v/t1.0-9/s720x720/18447108_1554982237858731_572791360081034037_n.jpg?oh=e2d0a990c1d3ad091b790e6237f1d3ea&oe=59B7D29A","objectID":"1554982237858731","repliesRcvd":12,"image":"https://scontent.xx.fbcdn.net/v/t1.0-0/s130x130/18447108_1554982237858731_572791360081034037_n.jpg?oh=bb1648007ba4b39ca5ad2ef09b952e80&oe=5977DF65","username":"ScottStanfordTV","link":"https://www.facebook.com/ScottStanfordTV/photos/a.992527170770910.1073741835.147250818631887/1554982237858731/?type=3","timeQuantum":4983122,"title":"Timeline Photos","type":"photo"},{"content":"When in doubt... Dance it out!! Lisa Mateo Sukanya Krishnan Marissa Torres PIX11","profileString":"facebook_page.147250818631887","postURL":"https://facebook.com/147250818631887/posts/1555967681093520","avatar":"https://graph.facebook.com/147250818631887/picture","classification":{"engine":"aylien","language":"en","taxonomy":[{"score":"0.0772","confident":true,"links":[{"link":"https://api.aylien.com/api/v1/classify/taxonomy/iab-qag/IAB9","rel":"self"}],"id":"IAB9","label":"Hobbies & Interests"},{"score":"0.0513","confident":false,"links":[{"link":"https://api.aylien.com/api/v1/classify/taxonomy/iab-qag/IAB9-3","rel":"self"},{"link":"https://api.aylien.com/api/v1/classify/taxonomy/iab-qag/IAB9","rel":"parent"}],"id":"IAB9-3","label":"Beadwork"}]},"postidString":"facebook_page.147250818631887_1555967681093520","postMeta":{"inserted":"content-engine"},"timestamp":1495024142,"sharesRcvd":3,"likesRcvd":78,"source":"facebook_page","lastUpdateQuantum":4984415,"name":"Scott Stanford","imageLarge":"https://scontent.xx.fbcdn.net/v/t15.0-10/s720x720/18575996_1555969461093342_3155646990746910720_n.jpg?oh=9c8ac8d4173b24d08f16374d13d56456&oe=59BD084B","objectID":"1555967681093520","repliesRcvd":9,"image":"https://scontent.xx.fbcdn.net/v/t15.0-10/s130x130/18575996_1555969461093342_3155646990746910720_n.jpg?oh=3ba1455703ec3bc13d2f29fd42070914&oe=59B44469","username":"ScottStanfordTV","link":"https://www.facebook.com/ScottStanfordTV/videos/1555967681093520/","timeQuantum":4983413,"video":"https://video.xx.fbcdn.net/v/t42.1790-2/18567243_1367912949922701_2440663664722706432_n.mp4?efg=eyJybHIiOjM5NywicmxhIjo1MTIsInZlbmNvZGVfdGFnIjoic3ZlX3NkIn0%3D&rl=397&vabr=221&oh=43931d76314e8ff6b7555237d95dd0a9&oe=591E3D24","type":"video"},{"content":"Tommy K - The best!!","profileString":"facebook_page.147250818631887","postURL":"https://facebook.com/147250818631887/posts/1556425577714397","avatar":"https://graph.facebook.com/147250818631887/picture","classification":{"engine":"aylien","language":"en","taxonomy":[{"score":"0.5678","confident":false,"links":[{"link":"https://api.aylien.com/api/v1/classify/taxonomy/iab-qag/IAB12-2","rel":"self"},{"link":"https://api.aylien.com/api/v1/classify/taxonomy/iab-qag/IAB12","rel":"parent"}],"id":"IAB12-2","label":"National News"},{"score":"0.2841","confident":true,"links":[{"link":"https://api.aylien.com/api/v1/classify/taxonomy/iab-qag/IAB12","rel":"self"}],"id":"IAB12","label":"News"}]},"postidString":"facebook_page.147250818631887_1556425577714397","postMeta":{"inserted":"content-engine"},"timestamp":1495064870,"sharesRcvd":0,"likesRcvd":11,"source":"facebook_page","lastUpdateQuantum":4984415,"name":"Scott Stanford","imageLarge":"https://scontent.xx.fbcdn.net/v/t15.0-10/s720x720/18599088_1793957590933549_7192157959625900032_n.jpg?oh=16a8d13398db22c912e7f3fe542238ae&oe=59AF1F06","repliesRcvd":1,"image":"https://scontent.xx.fbcdn.net/v/t15.0-10/s130x130/18599088_1793957590933549_7192157959625900032_n.jpg?oh=0924a0efaeb110269770ca274c8743c8&oe=59786C24","username":"ScottStanfordTV","link":"https://www.facebook.com/pix11morningnews/videos/1793956344267007/","timeQuantum":4983549,"video":"https://video.xx.fbcdn.net/v/t42.1790-2/18567507_1867733033552078_3677139523235479552_n.mp4?efg=eyJybHIiOjMwMCwicmxhIjo1MTIsInZlbmNvZGVfdGFnIjoic3ZlX3NkIn0%3D&rl=300&vabr=141&oh=7eb933f8d3fce594b1ee60c4f589b8df&oe=591F0F6F","title":"PIX11 Morning News","type":"video"}]