[{"profileString":"facebook_page.187413374639258","postsMade":1,"repliesRcvd":2,"postidString":"facebook_page.187413374639258_1302282033152381","sharesRcvd":6,"likesRcvd":9,"timeQuantum":4976361},{"sharesRcvd":6,"profileString":"facebook_page.187413374639258","likesRcvd":8,"repliesRcvd":2,"timeQuantum":4976362,"postidString":"facebook_page.187413374639258_1302282033152381"},{"sharesRcvd":5,"profileString":"facebook_page.187413374639258","likesRcvd":8,"repliesRcvd":1,"timeQuantum":4976363,"postidString":"facebook_page.187413374639258_1302282033152381"},{"sharesRcvd":5,"profileString":"facebook_page.187413374639258","likesRcvd":8,"repliesRcvd":1,"timeQuantum":4976364,"postidString":"facebook_page.187413374639258_1302282033152381"},{"sharesRcvd":5,"profileString":"facebook_page.187413374639258","likesRcvd":8,"repliesRcvd":1,"timeQuantum":4976365,"postidString":"facebook_page.187413374639258_1302282033152381"},{"sharesRcvd":2,"profileString":"facebook_page.187413374639258","likesRcvd":4,"repliesRcvd":1,"timeQuantum":4976367,"postidString":"facebook_page.187413374639258_1302282033152381"},{"sharesRcvd":2,"profileString":"facebook_page.187413374639258","likesRcvd":3,"repliesRcvd":1,"timeQuantum":4976368,"postidString":"facebook_page.187413374639258_1302282033152381"},{"sharesRcvd":2,"profileString":"facebook_page.187413374639258","likesRcvd":3,"repliesRcvd":1,"timeQuantum":4976369,"postidString":"facebook_page.187413374639258_1302282033152381"},{"sharesRcvd":2,"profileString":"facebook_page.187413374639258","likesRcvd":3,"repliesRcvd":1,"timeQuantum":4976370,"postidString":"facebook_page.187413374639258_1302282033152381"},{"sharesRcvd":2,"profileString":"facebook_page.187413374639258","likesRcvd":3,"timeQuantum":4976371,"postidString":"facebook_page.187413374639258_1302282033152381"},{"sharesRcvd":2,"profileString":"facebook_page.187413374639258","likesRcvd":3,"timeQuantum":4976372,"postidString":"facebook_page.187413374639258_1302282033152381"},{"sharesRcvd":2,"profileString":"facebook_page.187413374639258","likesRcvd":3,"timeQuantum":4976373,"postidString":"facebook_page.187413374639258_1302282033152381"},{"sharesRcvd":1,"profileString":"facebook_page.187413374639258","likesRcvd":3,"timeQuantum":4976374,"postidString":"facebook_page.187413374639258_1302282033152381"},{"sharesRcvd":1,"profileString":"facebook_page.187413374639258","likesRcvd":2,"repliesRcvd":1,"timeQuantum":4976376,"postidString":"facebook_page.187413374639258_1302282033152381"},{"sharesRcvd":1,"profileString":"facebook_page.187413374639258","likesRcvd":2,"repliesRcvd":1,"timeQuantum":4976377,"postidString":"facebook_page.187413374639258_1302282033152381"},{"sharesRcvd":1,"profileString":"facebook_page.187413374639258","likesRcvd":1,"repliesRcvd":1,"timeQuantum":4976378,"postidString":"facebook_page.187413374639258_1302282033152381"},{"profileString":"facebook_page.187413374639258","likesRcvd":1,"timeQuantum":4976379,"postidString":"facebook_page.187413374639258_1302282033152381"},{"profileString":"facebook_page.187413374639258","likesRcvd":1,"timeQuantum":4976380,"postidString":"facebook_page.187413374639258_1302282033152381"},{"profileString":"facebook_page.187413374639258","likesRcvd":1,"timeQuantum":4976381,"postidString":"facebook_page.187413374639258_1302282033152381"},{"profileString":"facebook_page.187413374639258","likesRcvd":1,"timeQuantum":4976382,"postidString":"facebook_page.187413374639258_1302282033152381"},{"profileString":"facebook_page.187413374639258","likesRcvd":1,"timeQuantum":4976383,"postidString":"facebook_page.187413374639258_1302282033152381"},{"profileString":"facebook_page.187413374639258","likesRcvd":1,"repliesRcvd":1,"timeQuantum":4976385,"postidString":"facebook_page.187413374639258_1302282033152381"},{"profileString":"facebook_page.187413374639258","likesRcvd":1,"repliesRcvd":1,"timeQuantum":4976386,"postidString":"facebook_page.187413374639258_1302282033152381"},{"profileString":"facebook_page.187413374639258","likesRcvd":1,"repliesRcvd":1,"timeQuantum":4976387,"postidString":"facebook_page.187413374639258_1302282033152381"},{"profileString":"facebook_page.187413374639258","likesRcvd":1,"repliesRcvd":1,"timeQuantum":4976388,"postidString":"facebook_page.187413374639258_1302282033152381"},{"profileString":"facebook_page.187413374639258","likesRcvd":1,"repliesRcvd":1,"timeQuantum":4976394,"postidString":"facebook_page.187413374639258_1302282033152381"},{"profileString":"facebook_page.187413374639258","likesRcvd":1,"repliesRcvd":1,"timeQuantum":4976395,"postidString":"facebook_page.187413374639258_1302282033152381"},{"profileString":"facebook_page.187413374639258","likesRcvd":1,"timeQuantum":4976396,"postidString":"facebook_page.187413374639258_1302282033152381"},{"profileString":"facebook_page.187413374639258","likesRcvd":1,"timeQuantum":4976397,"postidString":"facebook_page.187413374639258_1302282033152381"},{"profileString":"facebook_page.187413374639258","likesRcvd":1,"timeQuantum":4976398,"postidString":"facebook_page.187413374639258_1302282033152381"},{"profileString":"facebook_page.187413374639258","likesRcvd":1,"timeQuantum":4976399,"postidString":"facebook_page.187413374639258_1302282033152381"},{"profileString":"facebook_page.187413374639258","likesRcvd":1,"timeQuantum":4976403,"postidString":"facebook_page.187413374639258_1302282033152381"},{"profileString":"facebook_page.187413374639258","likesRcvd":1,"timeQuantum":4976421,"postidString":"facebook_page.187413374639258_1302282033152381"},{"profileString":"facebook_page.187413374639258","likesRcvd":1,"timeQuantum":4976422,"postidString":"facebook_page.187413374639258_1302282033152381"},{"profileString":"facebook_page.187413374639258","likesRcvd":1,"repliesRcvd":1,"timeQuantum":4976448,"postidString":"facebook_page.187413374639258_1302282033152381"},{"profileString":"facebook_page.187413374639258","likesRcvd":1,"timeQuantum":4976457,"postidString":"facebook_page.187413374639258_1302282033152381"},{"profileString":"facebook_page.187413374639258","likesRcvd":1,"timeQuantum":4976458,"postidString":"facebook_page.187413374639258_1302282033152381"},{"profileString":"facebook_page.187413374639258","likesRcvd":1,"repliesRcvd":1,"timeQuantum":4976475,"postidString":"facebook_page.187413374639258_1302282033152381"},{"profileString":"facebook_page.187413374639258","likesRcvd":1,"timeQuantum":4976476,"postidString":"facebook_page.187413374639258_1302282033152381"},{"profileString":"facebook_page.187413374639258","likesRcvd":1,"timeQuantum":4976477,"postidString":"facebook_page.187413374639258_1302282033152381"},{"profileString":"facebook_page.187413374639258","likesRcvd":1,"timeQuantum":4976478,"postidString":"facebook_page.187413374639258_1302282033152381"},{"profileString":"facebook_page.187413374639258","likesRcvd":1,"timeQuantum":4976493,"postidString":"facebook_page.187413374639258_1302282033152381"},{"profileString":"facebook_page.187413374639258","likesRcvd":1,"timeQuantum":4976494,"postidString":"facebook_page.187413374639258_1302282033152381"},{"profileString":"facebook_page.187413374639258","likesRcvd":1,"timeQuantum":4976502,"postidString":"facebook_page.187413374639258_1302282033152381"},{"profileString":"facebook_page.187413374639258","likesRcvd":1,"timeQuantum":4976503,"postidString":"facebook_page.187413374639258_1302282033152381"},{"profileString":"facebook_page.187413374639258","likesRcvd":1,"timeQuantum":4976504,"postidString":"facebook_page.187413374639258_1302282033152381"},{"profileString":"facebook_page.187413374639258","likesRcvd":1,"timeQuantum":4976505,"postidString":"facebook_page.187413374639258_1302282033152381"},{"profileString":"facebook_page.187413374639258","likesRcvd":1,"timeQuantum":4976506,"postidString":"facebook_page.187413374639258_1302282033152381"},{"profileString":"facebook_page.187413374639258","likesRcvd":1,"timeQuantum":4976520,"postidString":"facebook_page.187413374639258_1302282033152381"},{"sharesRcvd":1,"profileString":"facebook_page.187413374639258","likesRcvd":1,"timeQuantum":4976538,"postidString":"facebook_page.187413374639258_1302282033152381"},{"profileString":"facebook_page.187413374639258","likesRcvd":1,"timeQuantum":4976565,"postidString":"facebook_page.187413374639258_1302282033152381"},{"profileString":"facebook_page.187413374639258","likesRcvd":15,"postsMade":1,"repliesRcvd":4,"timeQuantum":4977212,"postidString":"facebook_page.187413374639258_1306042149443036"},{"profileString":"facebook_page.187413374639258","likesRcvd":15,"repliesRcvd":4,"timeQuantum":4977213,"postidString":"facebook_page.187413374639258_1306042149443036"},{"profileString":"facebook_page.187413374639258","likesRcvd":15,"repliesRcvd":4,"timeQuantum":4977214,"postidString":"facebook_page.187413374639258_1306042149443036"},{"profileString":"facebook_page.187413374639258","likesRcvd":15,"repliesRcvd":4,"timeQuantum":4977215,"postidString":"facebook_page.187413374639258_1306042149443036"},{"profileString":"facebook_page.187413374639258","likesRcvd":15,"repliesRcvd":4,"timeQuantum":4977216,"postidString":"facebook_page.187413374639258_1306042149443036"},{"profileString":"facebook_page.187413374639258","likesRcvd":15,"repliesRcvd":4,"timeQuantum":4977217,"postidString":"facebook_page.187413374639258_1306042149443036"},{"profileString":"facebook_page.187413374639258","likesRcvd":14,"repliesRcvd":4,"timeQuantum":4977218,"postidString":"facebook_page.187413374639258_1306042149443036"},{"profileString":"facebook_page.187413374639258","likesRcvd":14,"repliesRcvd":4,"timeQuantum":4977219,"postidString":"facebook_page.187413374639258_1306042149443036"},{"profileString":"facebook_page.187413374639258","likesRcvd":14,"repliesRcvd":4,"timeQuantum":4977220,"postidString":"facebook_page.187413374639258_1306042149443036"},{"sharesRcvd":1,"profileString":"facebook_page.187413374639258","likesRcvd":10,"repliesRcvd":11,"timeQuantum":4977222,"postidString":"facebook_page.187413374639258_1306042149443036"},{"sharesRcvd":1,"profileString":"facebook_page.187413374639258","likesRcvd":10,"repliesRcvd":11,"timeQuantum":4977223,"postidString":"facebook_page.187413374639258_1306042149443036"},{"sharesRcvd":1,"profileString":"facebook_page.187413374639258","likesRcvd":10,"repliesRcvd":11,"timeQuantum":4977224,"postidString":"facebook_page.187413374639258_1306042149443036"},{"profileString":"facebook_page.187413374639258","likesRcvd":9,"repliesRcvd":11,"timeQuantum":4977225,"postidString":"facebook_page.187413374639258_1306042149443036"},{"profileString":"facebook_page.187413374639258","likesRcvd":9,"repliesRcvd":11,"timeQuantum":4977226,"postidString":"facebook_page.187413374639258_1306042149443036"},{"profileString":"facebook_page.187413374639258","likesRcvd":9,"repliesRcvd":10,"timeQuantum":4977227,"postidString":"facebook_page.187413374639258_1306042149443036"},{"profileString":"facebook_page.187413374639258","likesRcvd":9,"repliesRcvd":10,"timeQuantum":4977228,"postidString":"facebook_page.187413374639258_1306042149443036"},{"profileString":"facebook_page.187413374639258","likesRcvd":9,"repliesRcvd":10,"timeQuantum":4977229,"postidString":"facebook_page.187413374639258_1306042149443036"},{"profileString":"facebook_page.187413374639258","likesRcvd":3,"repliesRcvd":2,"timeQuantum":4977231,"postidString":"facebook_page.187413374639258_1306042149443036"},{"sharesRcvd":1,"profileString":"facebook_page.187413374639258","likesRcvd":5,"repliesRcvd":6,"timeQuantum":4977233,"postidString":"facebook_page.187413374639258_1306042149443036"},{"profileString":"facebook_page.187413374639258","likesRcvd":4,"repliesRcvd":6,"timeQuantum":4977234,"postidString":"facebook_page.187413374639258_1306042149443036"},{"profileString":"facebook_page.187413374639258","likesRcvd":4,"repliesRcvd":5,"timeQuantum":4977235,"postidString":"facebook_page.187413374639258_1306042149443036"},{"profileString":"facebook_page.187413374639258","likesRcvd":2,"repliesRcvd":1,"timeQuantum":4977237,"postidString":"facebook_page.187413374639258_1306042149443036"},{"profileString":"facebook_page.187413374639258","likesRcvd":2,"repliesRcvd":1,"timeQuantum":4977238,"postidString":"facebook_page.187413374639258_1306042149443036"},{"profileString":"facebook_page.187413374639258","likesRcvd":2,"repliesRcvd":1,"timeQuantum":4977240,"postidString":"facebook_page.187413374639258_1306042149443036"},{"profileString":"facebook_page.187413374639258","likesRcvd":2,"repliesRcvd":1,"timeQuantum":4977241,"postidString":"facebook_page.187413374639258_1306042149443036"},{"profileString":"facebook_page.187413374639258","likesRcvd":2,"repliesRcvd":1,"timeQuantum":4977242,"postidString":"facebook_page.187413374639258_1306042149443036"},{"profileString":"facebook_page.187413374639258","likesRcvd":2,"repliesRcvd":1,"timeQuantum":4977243,"postidString":"facebook_page.187413374639258_1306042149443036"},{"profileString":"facebook_page.187413374639258","likesRcvd":2,"repliesRcvd":1,"timeQuantum":4977244,"postidString":"facebook_page.187413374639258_1306042149443036"},{"profileString":"facebook_page.187413374639258","likesRcvd":2,"repliesRcvd":1,"timeQuantum":4977245,"postidString":"facebook_page.187413374639258_1306042149443036"},{"profileString":"facebook_page.187413374639258","likesRcvd":2,"timeQuantum":4977246,"postidString":"facebook_page.187413374639258_1306042149443036"},{"profileString":"facebook_page.187413374639258","likesRcvd":2,"timeQuantum":4977247,"postidString":"facebook_page.187413374639258_1306042149443036"},{"profileString":"facebook_page.187413374639258","likesRcvd":2,"timeQuantum":4977248,"postidString":"facebook_page.187413374639258_1306042149443036"},{"profileString":"facebook_page.187413374639258","likesRcvd":1,"timeQuantum":4977249,"postidString":"facebook_page.187413374639258_1306042149443036"},{"profileString":"facebook_page.187413374639258","likesRcvd":1,"timeQuantum":4977250,"postidString":"facebook_page.187413374639258_1306042149443036"},{"profileString":"facebook_page.187413374639258","likesRcvd":1,"timeQuantum":4977251,"postidString":"facebook_page.187413374639258_1306042149443036"},{"profileString":"facebook_page.187413374639258","likesRcvd":1,"timeQuantum":4977252,"postidString":"facebook_page.187413374639258_1306042149443036"},{"profileString":"facebook_page.187413374639258","likesRcvd":1,"timeQuantum":4977253,"postidString":"facebook_page.187413374639258_1306042149443036"},{"profileString":"facebook_page.187413374639258","likesRcvd":1,"timeQuantum":4977254,"postidString":"facebook_page.187413374639258_1306042149443036"},{"profileString":"facebook_page.187413374639258","likesRcvd":1,"timeQuantum":4977255,"postidString":"facebook_page.187413374639258_1306042149443036"},{"profileString":"facebook_page.187413374639258","likesRcvd":1,"timeQuantum":4977256,"postidString":"facebook_page.187413374639258_1306042149443036"},{"profileString":"facebook_page.187413374639258","likesRcvd":1,"timeQuantum":4977258,"postidString":"facebook_page.187413374639258_1306042149443036"},{"profileString":"facebook_page.187413374639258","likesRcvd":1,"timeQuantum":4977259,"postidString":"facebook_page.187413374639258_1306042149443036"},{"profileString":"facebook_page.187413374639258","likesRcvd":1,"timeQuantum":4977260,"postidString":"facebook_page.187413374639258_1306042149443036"},{"profileString":"facebook_page.187413374639258","likesRcvd":1,"repliesRcvd":1,"timeQuantum":4977267,"postidString":"facebook_page.187413374639258_1306042149443036"},{"profileString":"facebook_page.187413374639258","likesRcvd":1,"repliesRcvd":1,"timeQuantum":4977276,"postidString":"facebook_page.187413374639258_1306042149443036"},{"profileString":"facebook_page.187413374639258","likesRcvd":1,"timeQuantum":4977277,"postidString":"facebook_page.187413374639258_1306042149443036"},{"profileString":"facebook_page.187413374639258","likesRcvd":1,"timeQuantum":4977278,"postidString":"facebook_page.187413374639258_1306042149443036"},{"profileString":"facebook_page.187413374639258","likesRcvd":1,"timeQuantum":4977279,"postidString":"facebook_page.187413374639258_1306042149443036"},{"profileString":"facebook_page.187413374639258","likesRcvd":1,"timeQuantum":4977294,"postidString":"facebook_page.187413374639258_1306042149443036"},{"profileString":"facebook_page.187413374639258","likesRcvd":1,"timeQuantum":4977312,"postidString":"facebook_page.187413374639258_1306042149443036"},{"profileString":"facebook_page.187413374639258","likesRcvd":1,"timeQuantum":4977313,"postidString":"facebook_page.187413374639258_1306042149443036"},{"profileString":"facebook_page.187413374639258","likesRcvd":1,"timeQuantum":4977321,"postidString":"facebook_page.187413374639258_1306042149443036"},{"profileString":"facebook_page.187413374639258","likesRcvd":1,"repliesRcvd":1,"timeQuantum":4977330,"postidString":"facebook_page.187413374639258_1306042149443036"},{"profileString":"facebook_page.187413374639258","likesRcvd":1,"repliesRcvd":1,"timeQuantum":4977331,"postidString":"facebook_page.187413374639258_1306042149443036"},{"profileString":"facebook_page.187413374639258","likesRcvd":1,"repliesRcvd":1,"timeQuantum":4977332,"postidString":"facebook_page.187413374639258_1306042149443036"},{"profileString":"facebook_page.187413374639258","likesRcvd":1,"timeQuantum":4977339,"postidString":"facebook_page.187413374639258_1306042149443036"},{"profileString":"facebook_page.187413374639258","likesRcvd":1,"timeQuantum":4977340,"postidString":"facebook_page.187413374639258_1306042149443036"},{"profileString":"facebook_page.187413374639258","likesRcvd":1,"timeQuantum":4977341,"postidString":"facebook_page.187413374639258_1306042149443036"},{"profileString":"facebook_page.187413374639258","likesRcvd":1,"timeQuantum":4977342,"postidString":"facebook_page.187413374639258_1306042149443036"},{"profileString":"facebook_page.187413374639258","likesRcvd":1,"timeQuantum":4977343,"postidString":"facebook_page.187413374639258_1306042149443036"},{"profileString":"facebook_page.187413374639258","likesRcvd":1,"timeQuantum":4977344,"postidString":"facebook_page.187413374639258_1306042149443036"},{"sharesRcvd":1,"profileString":"facebook_page.187413374639258","likesRcvd":1,"timeQuantum":4977348,"postidString":"facebook_page.187413374639258_1306042149443036"},{"profileString":"facebook_page.187413374639258","likesRcvd":1,"timeQuantum":4977349,"postidString":"facebook_page.187413374639258_1306042149443036"},{"profileString":"facebook_page.187413374639258","likesRcvd":1,"timeQuantum":4977350,"postidString":"facebook_page.187413374639258_1306042149443036"},{"profileString":"facebook_page.187413374639258","likesRcvd":1,"timeQuantum":4977357,"postidString":"facebook_page.187413374639258_1306042149443036"},{"profileString":"facebook_page.187413374639258","likesRcvd":1,"timeQuantum":4977358,"postidString":"facebook_page.187413374639258_1306042149443036"},{"profileString":"facebook_page.187413374639258","likesRcvd":1,"timeQuantum":4977359,"postidString":"facebook_page.187413374639258_1306042149443036"},{"profileString":"facebook_page.187413374639258","likesRcvd":1,"timeQuantum":4977360,"postidString":"facebook_page.187413374639258_1306042149443036"},{"profileString":"facebook_page.187413374639258","likesRcvd":1,"timeQuantum":4977361,"postidString":"facebook_page.187413374639258_1306042149443036"},{"profileString":"facebook_page.187413374639258","likesRcvd":1,"timeQuantum":4977362,"postidString":"facebook_page.187413374639258_1306042149443036"},{"profileString":"facebook_page.187413374639258","likesRcvd":1,"timeQuantum":4977366,"postidString":"facebook_page.187413374639258_1306042149443036"},{"profileString":"facebook_page.187413374639258","likesRcvd":1,"timeQuantum":4977367,"postidString":"facebook_page.187413374639258_1306042149443036"},{"profileString":"facebook_page.187413374639258","likesRcvd":1,"timeQuantum":4977368,"postidString":"facebook_page.187413374639258_1306042149443036"},{"profileString":"facebook_page.187413374639258","likesRcvd":1,"timeQuantum":4977369,"postidString":"facebook_page.187413374639258_1306042149443036"},{"profileString":"facebook_page.187413374639258","likesRcvd":1,"timeQuantum":4977370,"postidString":"facebook_page.187413374639258_1306042149443036"},{"profileString":"facebook_page.187413374639258","likesRcvd":1,"repliesRcvd":1,"timeQuantum":4977375,"postidString":"facebook_page.187413374639258_1306042149443036"},{"profileString":"facebook_page.187413374639258","likesRcvd":1,"timeQuantum":4977376,"postidString":"facebook_page.187413374639258_1306042149443036"},{"profileString":"facebook_page.187413374639258","likesRcvd":1,"timeQuantum":4977384,"postidString":"facebook_page.187413374639258_1306042149443036"},{"profileString":"facebook_page.187413374639258","likesRcvd":1,"timeQuantum":4977385,"postidString":"facebook_page.187413374639258_1306042149443036"},{"profileString":"facebook_page.187413374639258","likesRcvd":1,"timeQuantum":4977393,"postidString":"facebook_page.187413374639258_1306042149443036"},{"profileString":"facebook_page.187413374639258","likesRcvd":1,"timeQuantum":4977402,"postidString":"facebook_page.187413374639258_1306042149443036"},{"profileString":"facebook_page.187413374639258","likesRcvd":1,"timeQuantum":4977403,"postidString":"facebook_page.187413374639258_1306042149443036"},{"profileString":"facebook_page.187413374639258","likesRcvd":1,"timeQuantum":4977411,"postidString":"facebook_page.187413374639258_1306042149443036"},{"profileString":"facebook_page.187413374639258","likesRcvd":1,"timeQuantum":4977412,"postidString":"facebook_page.187413374639258_1306042149443036"},{"profileString":"facebook_page.187413374639258","likesRcvd":1,"timeQuantum":4977420,"postidString":"facebook_page.187413374639258_1306042149443036"},{"profileString":"facebook_page.187413374639258","likesRcvd":1,"timeQuantum":4977421,"postidString":"facebook_page.187413374639258_1306042149443036"},{"profileString":"facebook_page.187413374639258","likesRcvd":1,"timeQuantum":4977429,"postidString":"facebook_page.187413374639258_1306042149443036"},{"profileString":"facebook_page.187413374639258","repliesRcvd":1,"timeQuantum":4977438,"postidString":"facebook_page.187413374639258_1306042149443036"},{"profileString":"facebook_page.187413374639258","likesRcvd":1,"repliesRcvd":1,"timeQuantum":4977456,"postidString":"facebook_page.187413374639258_1306042149443036"},{"profileString":"facebook_page.187413374639258","likesRcvd":1,"repliesRcvd":1,"timeQuantum":4977457,"postidString":"facebook_page.187413374639258_1306042149443036"},{"profileString":"facebook_page.187413374639258","likesRcvd":1,"repliesRcvd":1,"timeQuantum":4977458,"postidString":"facebook_page.187413374639258_1306042149443036"},{"profileString":"facebook_page.187413374639258","likesRcvd":1,"repliesRcvd":1,"timeQuantum":4977459,"postidString":"facebook_page.187413374639258_1306042149443036"},{"profileString":"facebook_page.187413374639258","likesRcvd":1,"repliesRcvd":1,"timeQuantum":4977460,"postidString":"facebook_page.187413374639258_1306042149443036"},{"profileString":"facebook_page.187413374639258","likesRcvd":1,"repliesRcvd":1,"timeQuantum":4977461,"postidString":"facebook_page.187413374639258_1306042149443036"},{"profileString":"facebook_page.187413374639258","likesRcvd":1,"timeQuantum":4977462,"postidString":"facebook_page.187413374639258_1306042149443036"},{"profileString":"facebook_page.187413374639258","likesRcvd":1,"repliesRcvd":1,"timeQuantum":4977474,"postidString":"facebook_page.187413374639258_1306042149443036"},{"profileString":"facebook_page.187413374639258","likesRcvd":1,"timeQuantum":4977483,"postidString":"facebook_page.187413374639258_1306042149443036"},{"profileString":"facebook_page.187413374639258","likesRcvd":1,"repliesRcvd":1,"timeQuantum":4977492,"postidString":"facebook_page.187413374639258_1306042149443036"},{"profileString":"facebook_page.187413374639258","repliesRcvd":1,"timeQuantum":4977493,"postidString":"facebook_page.187413374639258_1306042149443036"},{"profileString":"facebook_page.187413374639258","repliesRcvd":1,"timeQuantum":4977494,"postidString":"facebook_page.187413374639258_1306042149443036"},{"profileString":"facebook_page.187413374639258","repliesRcvd":1,"timeQuantum":4977495,"postidString":"facebook_page.187413374639258_1306042149443036"},{"profileString":"facebook_page.187413374639258","repliesRcvd":1,"timeQuantum":4977496,"postidString":"facebook_page.187413374639258_1306042149443036"},{"profileString":"facebook_page.187413374639258","repliesRcvd":1,"timeQuantum":4977497,"postidString":"facebook_page.187413374639258_1306042149443036"},{"profileString":"facebook_page.187413374639258","repliesRcvd":1,"timeQuantum":4977498,"postidString":"facebook_page.187413374639258_1306042149443036"},{"profileString":"facebook_page.187413374639258","repliesRcvd":1,"timeQuantum":4977499,"postidString":"facebook_page.187413374639258_1306042149443036"},{"profileString":"facebook_page.187413374639258","likesRcvd":1,"repliesRcvd":1,"timeQuantum":4977501,"postidString":"facebook_page.187413374639258_1306042149443036"},{"profileString":"facebook_page.187413374639258","likesRcvd":1,"timeQuantum":4977502,"postidString":"facebook_page.187413374639258_1306042149443036"},{"profileString":"facebook_page.187413374639258","likesRcvd":1,"timeQuantum":4977503,"postidString":"facebook_page.187413374639258_1306042149443036"},{"profileString":"facebook_page.187413374639258","likesRcvd":1,"timeQuantum":4977510,"postidString":"facebook_page.187413374639258_1306042149443036"},{"profileString":"facebook_page.187413374639258","likesRcvd":1,"timeQuantum":4977519,"postidString":"facebook_page.187413374639258_1306042149443036"},{"profileString":"facebook_page.187413374639258","likesRcvd":1,"timeQuantum":4977528,"postidString":"facebook_page.187413374639258_1306042149443036"},{"profileString":"facebook_page.187413374639258","likesRcvd":1,"timeQuantum":4977537,"postidString":"facebook_page.187413374639258_1306042149443036"},{"profileString":"facebook_page.187413374639258","likesRcvd":1,"timeQuantum":4977645,"postidString":"facebook_page.187413374639258_1306042149443036"},{"profileString":"facebook_page.187413374639258","likesRcvd":1,"repliesRcvd":4,"timeQuantum":4977780,"postidString":"facebook_page.187413374639258_1306042149443036"},{"profileString":"facebook_page.187413374639258","repliesRcvd":4,"timeQuantum":4977781,"postidString":"facebook_page.187413374639258_1306042149443036"},{"profileString":"facebook_page.187413374639258","repliesRcvd":4,"timeQuantum":4977782,"postidString":"facebook_page.187413374639258_1306042149443036"},{"profileString":"facebook_page.187413374639258","repliesRcvd":4,"timeQuantum":4977783,"postidString":"facebook_page.187413374639258_1306042149443036"},{"profileString":"facebook_page.187413374639258","repliesRcvd":4,"timeQuantum":4977784,"postidString":"facebook_page.187413374639258_1306042149443036"},{"profileString":"facebook_page.187413374639258","repliesRcvd":3,"timeQuantum":4977785,"postidString":"facebook_page.187413374639258_1306042149443036"},{"profileString":"facebook_page.187413374639258","repliesRcvd":3,"timeQuantum":4977786,"postidString":"facebook_page.187413374639258_1306042149443036"},{"profileString":"facebook_page.187413374639258","repliesRcvd":3,"timeQuantum":4977787,"postidString":"facebook_page.187413374639258_1306042149443036"},{"profileString":"facebook_page.187413374639258","likesRcvd":1,"timeQuantum":4977816,"postidString":"facebook_page.187413374639258_1306042149443036"},{"profileString":"facebook_page.187413374639258","likesRcvd":1,"timeQuantum":4977817,"postidString":"facebook_page.187413374639258_1306042149443036"},{"profileString":"facebook_page.187413374639258","likesRcvd":1,"timeQuantum":4977942,"postidString":"facebook_page.187413374639258_1306042149443036"},{"profileString":"facebook_page.187413374639258","repliesRcvd":2,"timeQuantum":4978086,"postidString":"facebook_page.187413374639258_1306042149443036"},{"profileString":"facebook_page.187413374639258","repliesRcvd":2,"timeQuantum":4978087,"postidString":"facebook_page.187413374639258_1306042149443036"},{"profileString":"facebook_page.187413374639258","repliesRcvd":1,"timeQuantum":4978088,"postidString":"facebook_page.187413374639258_1306042149443036"},{"profileString":"facebook_page.187413374639258","repliesRcvd":1,"timeQuantum":4978089,"postidString":"facebook_page.187413374639258_1306042149443036"},{"profileString":"facebook_page.187413374639258","repliesRcvd":1,"timeQuantum":4978090,"postidString":"facebook_page.187413374639258_1306042149443036"},{"profileString":"facebook_page.187413374639258","repliesRcvd":1,"timeQuantum":4978091,"postidString":"facebook_page.187413374639258_1306042149443036"},{"profileString":"facebook_page.187413374639258","repliesRcvd":1,"timeQuantum":4978092,"postidString":"facebook_page.187413374639258_1306042149443036"},{"profileString":"facebook_page.187413374639258","repliesRcvd":1,"timeQuantum":4978093,"postidString":"facebook_page.187413374639258_1306042149443036"},{"profileString":"facebook_page.187413374639258","repliesRcvd":1,"timeQuantum":4978833,"postidString":"facebook_page.187413374639258_1306042149443036"},{"profileString":"facebook_page.187413374639258","repliesRcvd":1,"timeQuantum":4978834,"postidString":"facebook_page.187413374639258_1306042149443036"},{"profileString":"facebook_page.187413374639258","repliesRcvd":1,"timeQuantum":4978835,"postidString":"facebook_page.187413374639258_1306042149443036"},{"profileString":"facebook_page.187413374639258","repliesRcvd":1,"timeQuantum":4978836,"postidString":"facebook_page.187413374639258_1306042149443036"},{"profileString":"facebook_page.187413374639258","repliesRcvd":1,"timeQuantum":4978950,"postidString":"facebook_page.187413374639258_1306042149443036"},{"profileString":"facebook_page.187413374639258","repliesRcvd":1,"timeQuantum":4978951,"postidString":"facebook_page.187413374639258_1306042149443036"},{"profileString":"facebook_page.187413374639258","repliesRcvd":1,"timeQuantum":4978952,"postidString":"facebook_page.187413374639258_1306042149443036"},{"profileString":"facebook_page.187413374639258","repliesRcvd":1,"timeQuantum":4978953,"postidString":"facebook_page.187413374639258_1306042149443036"},{"profileString":"facebook_page.187413374639258","repliesRcvd":1,"timeQuantum":4978954,"postidString":"facebook_page.187413374639258_1306042149443036"},{"profileString":"facebook_page.187413374639258","repliesRcvd":1,"timeQuantum":4978955,"postidString":"facebook_page.187413374639258_1306042149443036"},{"profileString":"facebook_page.187413374639258","repliesRcvd":1,"timeQuantum":4980291,"postidString":"facebook_page.187413374639258_1306042149443036"},{"profileString":"facebook_page.187413374639258","repliesRcvd":1,"timeQuantum":4980292,"postidString":"facebook_page.187413374639258_1306042149443036"},{"profileString":"facebook_page.187413374639258","repliesRcvd":1,"timeQuantum":4980293,"postidString":"facebook_page.187413374639258_1306042149443036"},{"profileString":"facebook_page.187413374639258","repliesRcvd":1,"timeQuantum":4980294,"postidString":"facebook_page.187413374639258_1306042149443036"},{"profileString":"facebook_page.187413374639258","likesRcvd":1,"timeQuantum":4981164,"postidString":"facebook_page.187413374639258_1306042149443036"},{"profileString":"facebook_page.187413374639258","repliesRcvd":1,"timeQuantum":4983216,"postidString":"facebook_page.187413374639258_1306042149443036"},{"profileString":"facebook_page.187413374639258","repliesRcvd":1,"timeQuantum":4983217,"postidString":"facebook_page.187413374639258_1306042149443036"},{"profileString":"facebook_page.187413374639258","repliesRcvd":1,"timeQuantum":4983218,"postidString":"facebook_page.187413374639258_1306042149443036"},{"profileString":"facebook_page.187413374639258","repliesRcvd":1,"timeQuantum":4983219,"postidString":"facebook_page.187413374639258_1306042149443036"},{"profileString":"facebook_page.187413374639258","repliesRcvd":1,"timeQuantum":4983220,"postidString":"facebook_page.187413374639258_1306042149443036"},{"profileString":"facebook_page.187413374639258","repliesRcvd":1,"timeQuantum":4983221,"postidString":"facebook_page.187413374639258_1306042149443036"},{"profileString":"facebook_page.187413374639258","repliesRcvd":1,"timeQuantum":4983222,"postidString":"facebook_page.187413374639258_1306042149443036"},{"profileString":"facebook_page.187413374639258","repliesRcvd":1,"timeQuantum":4983223,"postidString":"facebook_page.187413374639258_1306042149443036"},{"profileString":"facebook_page.187413374639258","repliesRcvd":1,"timeQuantum":4983224,"postidString":"facebook_page.187413374639258_1306042149443036"},{"profileString":"facebook_page.187413374639258","repliesRcvd":1,"timeQuantum":4983225,"postidString":"facebook_page.187413374639258_1306042149443036"},{"profileString":"facebook_page.187413374639258","repliesRcvd":1,"timeQuantum":4983226,"postidString":"facebook_page.187413374639258_1306042149443036"},{"profileString":"facebook_page.187413374639258","repliesRcvd":1,"timeQuantum":4983227,"postidString":"facebook_page.187413374639258_1306042149443036"},{"profileString":"facebook_page.187413374639258","repliesRcvd":1,"timeQuantum":4983228,"postidString":"facebook_page.187413374639258_1306042149443036"},{"profileString":"facebook_page.187413374639258","repliesRcvd":1,"timeQuantum":4983229,"postidString":"facebook_page.187413374639258_1306042149443036"},{"profileString":"facebook_page.187413374639258","repliesRcvd":1,"timeQuantum":4983230,"postidString":"facebook_page.187413374639258_1306042149443036"},{"profileString":"facebook_page.187413374639258","repliesRcvd":1,"timeQuantum":4983231,"postidString":"facebook_page.187413374639258_1306042149443036"},{"profileString":"facebook_page.187413374639258","repliesRcvd":1,"timeQuantum":4983232,"postidString":"facebook_page.187413374639258_1306042149443036"},{"profileString":"facebook_page.187413374639258","repliesRcvd":1,"timeQuantum":4983233,"postidString":"facebook_page.187413374639258_1306042149443036"},{"profileString":"facebook_page.187413374639258","repliesRcvd":1,"timeQuantum":4983234,"postidString":"facebook_page.187413374639258_1306042149443036"},{"profileString":"facebook_page.187413374639258","repliesRcvd":1,"timeQuantum":4983235,"postidString":"facebook_page.187413374639258_1306042149443036"},{"profileString":"facebook_page.187413374639258","repliesRcvd":1,"timeQuantum":4983236,"postidString":"facebook_page.187413374639258_1306042149443036"},{"profileString":"facebook_page.187413374639258","repliesRcvd":1,"timeQuantum":4983237,"postidString":"facebook_page.187413374639258_1306042149443036"},{"profileString":"facebook_page.187413374639258","repliesRcvd":1,"timeQuantum":4983238,"postidString":"facebook_page.187413374639258_1306042149443036"},{"profileString":"facebook_page.187413374639258","repliesRcvd":1,"timeQuantum":4983239,"postidString":"facebook_page.187413374639258_1306042149443036"},{"profileString":"facebook_page.187413374639258","repliesRcvd":1,"timeQuantum":4983240,"postidString":"facebook_page.187413374639258_1306042149443036"},{"profileString":"facebook_page.187413374639258","repliesRcvd":1,"timeQuantum":4983241,"postidString":"facebook_page.187413374639258_1306042149443036"},{"profileString":"facebook_page.187413374639258","repliesRcvd":1,"timeQuantum":4984152,"postidString":"facebook_page.187413374639258_1306042149443036"},{"profileString":"facebook_page.187413374639258","repliesRcvd":1,"timeQuantum":4984153,"postidString":"facebook_page.187413374639258_1306042149443036"},{"profileString":"facebook_page.187413374639258","repliesRcvd":1,"timeQuantum":4984154,"postidString":"facebook_page.187413374639258_1306042149443036"},{"profileString":"facebook_page.187413374639258","repliesRcvd":1,"timeQuantum":4984155,"postidString":"facebook_page.187413374639258_1306042149443036"}]