[{"content":"The Dodo","profileString":"facebook_page.264662883577961","postURL":"https://facebook.com/264662883577961/posts/1552736514770585","avatar":"https://graph.facebook.com/264662883577961/picture","classification":{"engine":"aylien","language":"en","taxonomy":[{"score":"0.0735","confident":false,"links":[{"link":"https://api.aylien.com/api/v1/classify/taxonomy/iab-qag/IAB9","rel":"self"}],"id":"IAB9","label":"Hobbies & Interests"},{"score":"0.0515","confident":false,"links":[{"link":"https://api.aylien.com/api/v1/classify/taxonomy/iab-qag/IAB9-4","rel":"self"},{"link":"https://api.aylien.com/api/v1/classify/taxonomy/iab-qag/IAB9","rel":"parent"}],"id":"IAB9-4","label":"Birdwatching"}]},"postidString":"facebook_page.264662883577961_1552736514770585","postMeta":{"inserted":"content-engine"},"timestamp":1494081058,"sharesRcvd":0,"likesRcvd":180,"source":"facebook_page","lastUpdateQuantum":4984073,"name":"Pat Battle","imageLarge":"https://scontent.xx.fbcdn.net/v/t15.0-10/p720x720/18340191_1118926401575367_7692291220319502336_n.jpg?oh=f1b3b89bacbd1bfb1dfb9657fa32c9ce&oe=59B6689E","repliesRcvd":5,"image":"https://scontent.xx.fbcdn.net/v/t15.0-10/p130x130/18340191_1118926401575367_7692291220319502336_n.jpg?oh=d9f1fc95453fd2c7132c0eefb112a330&oe=59BA7CBC","username":"PatBattle4NY","link":"https://www.facebook.com/thedodosite/videos/1118922824909058/","timeQuantum":4980270,"video":"https://video.xx.fbcdn.net/v/t42.1790-2/18294062_294653444319549_4209624689510711296_n.mp4?efg=eyJybHIiOjY1NSwicmxhIjo1MTIsInZlbmNvZGVfdGFnIjoic3ZlX3NkIn0%3D&rl=655&vabr=364&oh=864c19894d4b1c9e7163da528dd104c9&oe=5910EF8C","title":"The Dodo","type":"video"}]