[{"content":"Diane Macedo was live.","profileString":"facebook_page.172531309428293","postURL":"https://facebook.com/172531309428293/posts/1694846813863394","avatar":"https://graph.facebook.com/172531309428293/picture","classification":{"engine":"aylien","language":"en","taxonomy":[{"score":"0.0752","confident":false,"links":[{"link":"https://api.aylien.com/api/v1/classify/taxonomy/iab-qag/IAB9","rel":"self"}],"id":"IAB9","label":"Hobbies & Interests"},{"score":"0.0502","confident":false,"links":[{"link":"https://api.aylien.com/api/v1/classify/taxonomy/iab-qag/IAB9-4","rel":"self"},{"link":"https://api.aylien.com/api/v1/classify/taxonomy/iab-qag/IAB9","rel":"parent"}],"id":"IAB9-4","label":"Birdwatching"}]},"postidString":"facebook_page.172531309428293_1694846813863394","postMeta":{"inserted":"content-engine"},"timestamp":1496219887,"sharesRcvd":6,"likesRcvd":277,"source":"facebook_page","lastUpdateQuantum":4995583,"name":"Diane Macedo","imageLarge":"https://scontent.xx.fbcdn.net/v/t15.0-10/18868059_1694857887195620_4093285359880765440_n.jpg?oh=15abbef20a0385e0722e9705ce32ef14&oe=59B05151","objectID":"1694846813863394","repliesRcvd":148,"image":"https://scontent.xx.fbcdn.net/v/t15.0-10/s130x130/18868059_1694857887195620_4093285359880765440_n.jpg?oh=391a15cf51729173adc94c5b74c799ea&oe=59E8E02A","username":"DianeRMacedo","link":"https://www.facebook.com/DianeRMacedo/videos/1694846813863394/","timeQuantum":4987399,"video":"https://scontent.xx.fbcdn.net/v/t42.9040-29/10000000_113555812567238_7050527620584177664_n.mp4?efg=eyJybHIiOjEwMzYsInJsYSI6NDA5NiwidmVuY29kZV90YWciOiJzZCJ9&rl=1036&vabr=576&oh=e26ae8f82e3fb513a84e773299aa6b66&oe=59312578","type":"video"},{"content":"#BehindtheScenes shenanigans! @abcWNN @kendisgibson 🐰 🐐 🐑 https://t.co/r2tm5tAaop","profileString":"facebook_page.172531309428293","postURL":"https://facebook.com/172531309428293/posts/1696144293733646","avatar":"https://graph.facebook.com/172531309428293/picture","classification":{"engine":"aylien","language":"en","taxonomy":[{"score":"0.0851","confident":true,"links":[{"link":"https://api.aylien.com/api/v1/classify/taxonomy/iab-qag/IAB9","rel":"self"}],"id":"IAB9","label":"Hobbies & Interests"},{"score":"0.0505","confident":false,"links":[{"link":"https://api.aylien.com/api/v1/classify/taxonomy/iab-qag/IAB9-4","rel":"self"},{"link":"https://api.aylien.com/api/v1/classify/taxonomy/iab-qag/IAB9","rel":"parent"}],"id":"IAB9-4","label":"Birdwatching"}]},"postidString":"facebook_page.172531309428293_1696144293733646","postMeta":{"inserted":"content-engine"},"timestamp":1496308026,"sharesRcvd":2,"likesRcvd":190,"source":"facebook_page","lastUpdateQuantum":4995583,"name":"Diane Macedo","imageLarge":"https://external.xx.fbcdn.net/safe_image.php?d=AQAD2FyQK3HHqCZs&w=600&h=720&url=https%3A%2F%2Fpbs.twimg.com%2Fext_tw_video_thumb%2F870197714994294784%2Fpu%2Fimg%2Fnt9d4sdO9SmIdOZL.jpg&crop&sx=0&sy=163&sw=600&sh=720&_nc_hash=AQBWTtBEfqvnfmbr","repliesRcvd":18,"image":"https://external.xx.fbcdn.net/safe_image.php?d=AQCPNAlCRVaxwk5X&w=130&h=130&url=https%3A%2F%2Fpbs.twimg.com%2Fext_tw_video_thumb%2F870197714994294784%2Fpu%2Fimg%2Fnt9d4sdO9SmIdOZL.jpg&cfs=1&sx=0&sy=223&sw=600&sh=600&_nc_hash=AQCLMrGOx0TF45fd","username":"DianeRMacedo","link":"https://twitter.com/dianermacedo/status/870197883940864001/video/1","timeQuantum":4987693,"video":"https://twitter.com/i/videos/870197883940864001?embed_source=facebook","title":"Diane Macedo on Twitter","type":"video"},{"content":"My new segment #insomnihacks started today!\n\nFirst Episode: Extra Lean Eggplant Lasagna. It's #lowcalorie #lowfat #glutenfree and most importantly delicious!\n\nHere's the full recipe + time saving tips:\n\nINGREDIENTS:\n1/2 Cup Part Skim Mozzarella\n1 small eggplant (roughly 1 lb)\n1 lb of 96% percent lean ground beef\n1 bell pepper\n1 onion\n1 tablespoon olive oil\n8 oz fat free cottage cheese\n3 cups of tomato sauce (natural ingredients, no added sugar)\nSalt and pepper to taste\n\nDIRECTIONS:\n1.) Chop onion and pepper into roughly half inch pieces or finer\n2.) Add olive oil and onions to a pan on medium heat, stir occasionally\n3.) Slice the eggplant while the onions cook (don't forget to check on the onions!)\n4.) Once onions are soft add the peppers and meat, break meat into crumbles\n5.) Once meat browns add two cups of sauce, and salt and pepper to taste. Allow to simmer for at least 5 min \n6.) While sauce simmers: Finish slicing eggplant if needed, get your baking pan(s) out, and clean anything you're not still using\n7.) Cover the bottom of your baking pan with a layer of eggplant, followed by a layer of 1/2 the cottage cheese, and 1/2 the meat mixture. Repeat for second layer.\n8.) Top with one more layer of eggplant, 1 cup of sauce, and mozzarella cheese\n9.) Bake at 350 for 30 minutes (Broil for another 1-2 minutes if you want the top browned)\n \nTIPS:\n1.) Peel the eggplant for easier slicing, especially if using a mandolin\n2.) Chop onions and peppers in bulk and freeze into ice cubes. Next time you need them for a cooked recipe just thaw in the microwave and add to the pan.\n3.) If you don't like the texture of cottage cheese try throwing it in the blender or food processor first\n4.) For small groups or personal meals divide the ingredients into several smaller lasagnas. You can freeze the leftovers and next time you want some all you'll need to do is reheat.\n5.) If using small trays bake in the toaster oven rather than the oven to save money, energy and preheat time.\n6.) Use a glass baking dish with lid, this way it can go in the oven, freezer, microwave and dishwasher.\n7.) If you're really craving pasta just sub in oven ready lasagna noodles for the eggplant. That'll add about 50 calories per slice which still leaves the total well under 300 calories.","profileString":"facebook_page.172531309428293","postURL":"https://facebook.com/172531309428293/posts/1696432130371529","avatar":"https://graph.facebook.com/172531309428293/picture","classification":{"engine":"aylien","language":"en","taxonomy":[{"score":"0.5985","confident":true,"links":[{"link":"https://api.aylien.com/api/v1/classify/taxonomy/iab-qag/IAB8-8","rel":"self"},{"link":"https://api.aylien.com/api/v1/classify/taxonomy/iab-qag/IAB8","rel":"parent"}],"id":"IAB8-8","label":"Desserts & Baking"},{"score":"0.4037","confident":true,"links":[{"link":"https://api.aylien.com/api/v1/classify/taxonomy/iab-qag/IAB8","rel":"self"}],"id":"IAB8","label":"Food & Drink"}]},"postidString":"facebook_page.172531309428293_1696432130371529","postMeta":{"inserted":"content-engine"},"timestamp":1496322353,"sharesRcvd":0,"likesRcvd":292,"source":"facebook_page","lastUpdateQuantum":4995583,"name":"Diane Macedo","imageLarge":"https://external.xx.fbcdn.net/safe_image.php?d=AQBd70L7dpS9Dlsz&w=720&h=558&url=http%3A%2F%2Fa.abcnews.com%2Fimages%2FWNN%2F170601_wnn_macedo_pic_16x9_992.jpg&crop&sx=151&sy=0&sw=720&sh=558&_nc_hash=AQCUqFMLT_u_ANGG","repliesRcvd":34,"image":"https://external.xx.fbcdn.net/safe_image.php?d=AQBznAzCKsLke51U&w=130&h=130&url=http%3A%2F%2Fa.abcnews.com%2Fimages%2FWNN%2F170601_wnn_macedo_pic_16x9_992.jpg&cfs=1&sx=232&sy=0&sw=558&sh=558&_nc_hash=AQA3qHIxaps5HQXx","username":"DianeRMacedo","link":"http://abcnews.go.com/WNN/video/insomni-hacks-eggplant-lasagna-47763758","timeQuantum":4987741,"video":"http://abcnewsplayer-a.akamaihd.net/player/2.19.0.0004/amp.premier/AkamaiPremierPlayer.swf?settings_url=http%3A%2F%2Fabcnewsplayer-a.akamaihd.net%2Fplayer%2F2.19.0.0004%2Famp.premier%2Famp.premier.flashonly.xml%3Fsec%3D1&params=%7B%22playerId%22%3A%22facebookHTTP%22%7D&data_feed_url=http%3A%2F%2Fabcnews.go.com%2Fvideo%2Fitemfeed%3Fid%3D47763758&auto_play=true&ad_control_enabled=false","title":"World News Now","type":"video"},{"content":"Diane Macedo was live.","profileString":"facebook_page.172531309428293","postURL":"https://facebook.com/172531309428293/posts/1697370826944326","avatar":"https://graph.facebook.com/172531309428293/picture","classification":{"engine":"aylien","language":"en","taxonomy":[{"score":"0.0752","confident":false,"links":[{"link":"https://api.aylien.com/api/v1/classify/taxonomy/iab-qag/IAB9","rel":"self"}],"id":"IAB9","label":"Hobbies & Interests"},{"score":"0.0502","confident":false,"links":[{"link":"https://api.aylien.com/api/v1/classify/taxonomy/iab-qag/IAB9-4","rel":"self"},{"link":"https://api.aylien.com/api/v1/classify/taxonomy/iab-qag/IAB9","rel":"parent"}],"id":"IAB9-4","label":"Birdwatching"}]},"postidString":"facebook_page.172531309428293_1697370826944326","postMeta":{"inserted":"content-engine"},"timestamp":1496392733,"sharesRcvd":9,"likesRcvd":290,"source":"facebook_page","lastUpdateQuantum":4995583,"name":"Diane Macedo","imageLarge":"https://scontent.xx.fbcdn.net/v/t15.0-10/18943040_1697377160277026_3893937871630893056_n.jpg?oh=a8ddda8a5d66685647e10b2a6307c861&oe=59A67617","objectID":"1697370826944326","repliesRcvd":86,"image":"https://scontent.xx.fbcdn.net/v/t15.0-10/s130x130/18943040_1697377160277026_3893937871630893056_n.jpg?oh=bd75fae58fbb3882cf517f73bbab5a18&oe=599DD56C","username":"DianeRMacedo","link":"https://www.facebook.com/DianeRMacedo/videos/1697370826944326/","timeQuantum":4987975,"video":"https://scontent.xx.fbcdn.net/v/t42.1790-29/18884568_1354420877973568_8245248623089025024_n.mp4?efg=eyJybHIiOjEwMzgsInJsYSI6MzE1MiwidmVuY29kZV90YWciOiJzZCJ9&rl=1038&vabr=577&oh=21ac1252833b6dd0ab4bf6a3ac237a98&oe=5933B916","type":"video"},{"content":"Diane Macedo is live now.","profileString":"facebook_page.172531309428293","postURL":"https://facebook.com/172531309428293/posts/1701570113191064","avatar":"https://graph.facebook.com/172531309428293/picture","classification":{"engine":"aylien","language":"en","taxonomy":[{"score":"0.0752","confident":false,"links":[{"link":"https://api.aylien.com/api/v1/classify/taxonomy/iab-qag/IAB9","rel":"self"}],"id":"IAB9","label":"Hobbies & Interests"},{"score":"0.0502","confident":false,"links":[{"link":"https://api.aylien.com/api/v1/classify/taxonomy/iab-qag/IAB9-4","rel":"self"},{"link":"https://api.aylien.com/api/v1/classify/taxonomy/iab-qag/IAB9","rel":"parent"}],"id":"IAB9-4","label":"Birdwatching"}]},"postidString":"facebook_page.172531309428293_1701570113191064","postMeta":{"inserted":"content-engine"},"timestamp":1496652070,"sharesRcvd":10,"likesRcvd":271,"source":"facebook_page","lastUpdateQuantum":4995583,"name":"Diane Macedo","imageLarge":"https://scontent.xx.fbcdn.net/v/t15.0-10/18977608_1701579956523413_6443344962917498880_n.jpg?oh=5bca37d14b9b3e2c0b7364c5562b7e16&oe=59DAE5C3","objectID":"1701570113191064","repliesRcvd":135,"image":"https://scontent.xx.fbcdn.net/v/t15.0-10/s130x130/18977608_1701579956523413_6443344962917498880_n.jpg?oh=58520f77f1f1bcc02aea8292baeec174&oe=599D18B8","username":"DianeRMacedo","link":"https://www.facebook.com/DianeRMacedo/videos/1701570113191064/","timeQuantum":4988840,"video":"https://www.facebook.com/video/playback/playlist.m3u8?v=1701570113191064","type":"video"},{"content":"First Episode of #insomnihacks: Extra Lean Eggplant Lasagna. It's #lowcalorie #lowfat #glutenfree #freezerfriendly and most importantly delicious!\n\nHere's the full recipe + time saving tips:\n\nINGREDIENTS:\n1/2 Cup Part Skim Mozzarella\n1 small eggplant (roughly 1 lb)\n1 lb of 96% percent lean ground beef\n1 bell pepper\n1 onion\n1 tablespoon olive oil\n8 oz fat free cottage cheese\n3 cups of tomato sauce (natural ingredients, no added sugar)\nSalt and pepper to taste\n\nDIRECTIONS:\n1.) Chop onion and pepper into roughly half inch pieces or finer\n2.) Add olive oil and onions to a pan on medium heat, stir occasionally\n3.) Slice the eggplant while the onions cook (don't forget to check on the onions!)\n4.) Once onions are soft add the peppers and meat, break meat into crumbles\n5.) Once meat browns add two cups of sauce, and salt and pepper to taste. Allow to simmer for at least 5 min \n6.) While sauce simmers: Finish slicing eggplant if needed, get your baking pan(s) out, and clean anything you're not still using\n7.) Cover the bottom of your baking pan with a layer of eggplant, followed by a layer of 1/2 the cottage cheese, and 1/2 the meat mixture. Repeat for second layer.\n8.) Top with one more layer of eggplant, 1 cup of sauce, and mozzarella cheese\n9.) Bake at 350 for 30 minutes (Broil for another 1-2 minutes if you want the top browned)\n \nTIPS:\n1.) Peel the eggplant for easier slicing, especially if using a mandolin\n2.) Chop onions and peppers in bulk and freeze into ice cubes. Next time you need them for a cooked recipe just thaw in the microwave and add to the pan.\n3.) If you don't like the texture of cottage cheese try throwing it in the blender or food processor first\n4.) For small groups or personal meals divide the ingredients into several smaller lasagnas. You can freeze the leftovers and next time you want some all you'll need to do is reheat.\n5.) If using small trays bake in the toaster oven rather than the oven to save money, energy and preheat time.\n6.) Use a glass baking dish with lid, this way it can go in the oven, freezer, microwave and dishwasher.\n7.) If you're really craving pasta just sub in oven ready lasagna noodles for the eggplant. That'll add about 50 calories per slice which still leaves the total well under 300 calories.","profileString":"facebook_page.172531309428293","postURL":"https://facebook.com/172531309428293/posts/1702528773095198","avatar":"https://graph.facebook.com/172531309428293/picture","classification":{"engine":"aylien","language":"en","taxonomy":[{"score":"0.5788","confident":true,"links":[{"link":"https://api.aylien.com/api/v1/classify/taxonomy/iab-qag/IAB8-8","rel":"self"},{"link":"https://api.aylien.com/api/v1/classify/taxonomy/iab-qag/IAB8","rel":"parent"}],"id":"IAB8-8","label":"Desserts & Baking"},{"score":"0.3865","confident":true,"links":[{"link":"https://api.aylien.com/api/v1/classify/taxonomy/iab-qag/IAB8","rel":"self"}],"id":"IAB8","label":"Food & Drink"}]},"postidString":"facebook_page.172531309428293_1702528773095198","postMeta":{"inserted":"content-engine"},"timestamp":1496698928,"sharesRcvd":23,"likesRcvd":197,"source":"facebook_page","lastUpdateQuantum":4995583,"name":"Diane Macedo","imageLarge":"https://scontent.xx.fbcdn.net/v/t15.0-10/s720x720/19002399_1702529989761743_8368630054111936512_n.jpg?oh=8053e8188d1eb94e0d5e6d6e9c12cbb7&oe=59E54E15","objectID":"1702528773095198","repliesRcvd":31,"image":"https://scontent.xx.fbcdn.net/v/t15.0-10/s130x130/19002399_1702529989761743_8368630054111936512_n.jpg?oh=81a966e4db1ae9feccae1b0a82bb0173&oe=59E6FB37","username":"DianeRMacedo","link":"https://www.facebook.com/DianeRMacedo/videos/1702528773095198/","timeQuantum":4988996,"video":"https://video.xx.fbcdn.net/v/t42.1790-2/19010319_991919404277659_3923433898838589440_n.mp4?efg=eyJybHIiOjQxMiwicmxhIjoxMjE2LCJ2ZW5jb2RlX3RhZyI6InN2ZV9zZCJ9&rl=412&vabr=229&oh=f612a2f990f8a594026e24939a0b670c&oe=59388FA4","title":"Extra Lean Eggplant Lasagna","type":"video"},{"content":"Honestly you can just chop everything up mix it all together and top with the mozzarella and it'll still taste just as good","profileString":"facebook_page.172531309428293","postURL":"https://facebook.com/172531309428293/posts/1702846189730123","avatar":"https://graph.facebook.com/172531309428293/picture","classification":{"engine":"aylien","language":"en","taxonomy":[{"score":"0.1327","confident":true,"links":[{"link":"https://api.aylien.com/api/v1/classify/taxonomy/iab-qag/IAB8-8","rel":"self"},{"link":"https://api.aylien.com/api/v1/classify/taxonomy/iab-qag/IAB8","rel":"parent"}],"id":"IAB8-8","label":"Desserts & Baking"},{"score":"0.0794","confident":true,"links":[{"link":"https://api.aylien.com/api/v1/classify/taxonomy/iab-qag/IAB8","rel":"self"}],"id":"IAB8","label":"Food & Drink"},{"score":"0.0668","confident":false,"links":[{"link":"https://api.aylien.com/api/v1/classify/taxonomy/iab-qag/IAB17","rel":"self"}],"id":"IAB17","label":"Sports"},{"score":"0.0399","confident":false,"links":[{"link":"https://api.aylien.com/api/v1/classify/taxonomy/iab-qag/IAB17-43","rel":"self"},{"link":"https://api.aylien.com/api/v1/classify/taxonomy/iab-qag/IAB17","rel":"parent"}],"id":"IAB17-43","label":"Waterski/Wakeboard"}]},"postidString":"facebook_page.172531309428293_1504216646317274","postMeta":{"inserted":"content-engine"},"timestamp":1496723223,"sharesRcvd":0,"likesRcvd":90,"source":"facebook_page","lastUpdateQuantum":4995583,"name":"Diane Macedo","imageLarge":"https://scontent.xx.fbcdn.net/v/t1.0-9/s720x720/18920717_1504216646317274_3134954939499089786_n.jpg?oh=b008dd966f8c7ddcc76843e197ccd4ad&oe=59E9D006","originalID":"172531309428293_1702846189730123","objectID":"1504216646317274","repliesRcvd":15,"image":"https://scontent.xx.fbcdn.net/v/t1.0-0/s130x130/18920717_1504216646317274_3134954939499089786_n.jpg?oh=bf7b918d3fc6986c5dd9f8bd43d7ee66&oe=59DCB513","username":"DianeRMacedo","link":"https://www.facebook.com/JamesTullyWFTS/photos/a.1028049700600640.1073741829.1024662247606052/1504216646317274/?type=3","timeQuantum":4989077,"title":"James Tully","type":"photo"},{"content":"Diane Macedo is live now.","profileString":"facebook_page.172531309428293","postURL":"https://facebook.com/172531309428293/posts/1704495056231903","avatar":"https://graph.facebook.com/172531309428293/picture","classification":{"engine":"aylien","language":"en","taxonomy":[{"score":"0.0752","confident":false,"links":[{"link":"https://api.aylien.com/api/v1/classify/taxonomy/iab-qag/IAB9","rel":"self"}],"id":"IAB9","label":"Hobbies & Interests"},{"score":"0.0502","confident":false,"links":[{"link":"https://api.aylien.com/api/v1/classify/taxonomy/iab-qag/IAB9-4","rel":"self"},{"link":"https://api.aylien.com/api/v1/classify/taxonomy/iab-qag/IAB9","rel":"parent"}],"id":"IAB9-4","label":"Birdwatching"}]},"postidString":"facebook_page.172531309428293_1704495056231903","postMeta":{"inserted":"content-engine"},"timestamp":1496824476,"sharesRcvd":9,"likesRcvd":244,"source":"facebook_page","lastUpdateQuantum":4995583,"name":"Diane Macedo","imageLarge":"https://scontent.xx.fbcdn.net/v/t15.0-10/s720x720/19048091_1704513806230028_7704708554887790592_n.jpg?oh=d1d95935815016cc7d5d5302496cc59e&oe=599C637B","objectID":"1704495056231903","repliesRcvd":206,"image":"https://scontent.xx.fbcdn.net/v/t15.0-10/s130x130/19048091_1704513806230028_7704708554887790592_n.jpg?oh=5622c84510fe8c4a84b0add4465b4c16&oe=59AD5959","username":"DianeRMacedo","link":"https://www.facebook.com/DianeRMacedo/videos/1704495056231903/","timeQuantum":4989414,"video":"https://www.facebook.com/video/playback/playlist.m3u8?v=1704495056231903","type":"video"},{"content":"Piano Lessons?","profileString":"facebook_page.172531309428293","postURL":"https://facebook.com/172531309428293/posts/1705504899464252","avatar":"https://graph.facebook.com/172531309428293/picture","classification":{"engine":"aylien","language":"en","taxonomy":[{"score":"0.4918","confident":false,"links":[{"link":"https://api.aylien.com/api/v1/classify/taxonomy/iab-qag/IAB12-2","rel":"self"},{"link":"https://api.aylien.com/api/v1/classify/taxonomy/iab-qag/IAB12","rel":"parent"}],"id":"IAB12-2","label":"National News"},{"score":"0.2604","confident":true,"links":[{"link":"https://api.aylien.com/api/v1/classify/taxonomy/iab-qag/IAB12","rel":"self"}],"id":"IAB12","label":"News"}]},"postidString":"facebook_page.172531309428293_1705504899464252","postMeta":{"inserted":"content-engine"},"timestamp":1496873958,"sharesRcvd":3,"likesRcvd":48,"source":"facebook_page","lastUpdateQuantum":4995583,"name":"Diane Macedo","imageLarge":"https://external.xx.fbcdn.net/safe_image.php?d=AQDSRIvCZbKb7pwn&url=https%3A%2F%2Fbuffer-previews.s3.amazonaws.com%2Fpreview.7bf4e94c006d58f4bcf72dc675a16362.jpg&_nc_hash=AQBQrWl9MHMLA_vd","repliesRcvd":3,"image":"https://external.xx.fbcdn.net/safe_image.php?d=AQB3Inp9-wmKddJu&w=130&h=130&url=https%3A%2F%2Fbuffer-previews.s3.amazonaws.com%2Fpreview.7bf4e94c006d58f4bcf72dc675a16362.jpg&cfs=1&_nc_hash=AQA-7FzAB7jsbG7i","username":"DianeRMacedo","link":"http://buff.ly/2rQlUv7","timeQuantum":4989579,"title":"World News Now","type":"link"},{"content":"Bucket List","profileString":"facebook_page.172531309428293","postURL":"https://facebook.com/172531309428293/posts/1705550419459700","avatar":"https://graph.facebook.com/172531309428293/picture","classification":{"engine":"aylien","language":"en","taxonomy":[{"score":"0.4918","confident":false,"links":[{"link":"https://api.aylien.com/api/v1/classify/taxonomy/iab-qag/IAB12-2","rel":"self"},{"link":"https://api.aylien.com/api/v1/classify/taxonomy/iab-qag/IAB12","rel":"parent"}],"id":"IAB12-2","label":"National News"},{"score":"0.2604","confident":true,"links":[{"link":"https://api.aylien.com/api/v1/classify/taxonomy/iab-qag/IAB12","rel":"self"}],"id":"IAB12","label":"News"}]},"postidString":"facebook_page.172531309428293_1705550419459700","postMeta":{"inserted":"content-engine"},"timestamp":1496877541,"sharesRcvd":4,"likesRcvd":94,"source":"facebook_page","lastUpdateQuantum":4991065,"name":"Diane Macedo","imageLarge":"https://external.xx.fbcdn.net/safe_image.php?d=AQA0AD8yFE9hZc-Z&url=https%3A%2F%2Fbuffer-previews.s3.amazonaws.com%2Fpreview.a4dde97cf6b07c944b471c23945535f5.jpg&_nc_hash=AQCRoJr1DgA4NaGr","repliesRcvd":9,"image":"https://external.xx.fbcdn.net/safe_image.php?d=AQDsbd5fvuZv0HPv&w=130&h=130&url=https%3A%2F%2Fbuffer-previews.s3.amazonaws.com%2Fpreview.a4dde97cf6b07c944b471c23945535f5.jpg&cfs=1&_nc_hash=AQA6YVLUB1vErhYT","username":"DianeRMacedo","link":"http://buff.ly/2rwRoWF","timeQuantum":4989591,"title":"World News Now","type":"link"},{"content":"Friday Eve","profileString":"facebook_page.172531309428293","postURL":"https://facebook.com/172531309428293/posts/1705959369418805","avatar":"https://graph.facebook.com/172531309428293/picture","classification":{"engine":"aylien","language":"en","taxonomy":[{"score":"0.1958","confident":false,"links":[{"link":"https://api.aylien.com/api/v1/classify/taxonomy/iab-qag/IAB25-4","rel":"self"},{"link":"https://api.aylien.com/api/v1/classify/taxonomy/iab-qag/IAB25","rel":"parent"}],"id":"IAB25-4","label":"Profane Content"},{"score":"0.0644","confident":false,"links":[{"link":"https://api.aylien.com/api/v1/classify/taxonomy/iab-qag/IAB9","rel":"self"}],"id":"IAB9","label":"Hobbies & Interests"},{"score":"0.0569","confident":false,"links":[{"link":"https://api.aylien.com/api/v1/classify/taxonomy/iab-qag/IAB25","rel":"self"}],"id":"IAB25","label":"Non-Standard Content"},{"score":"0.0557","confident":true,"links":[{"link":"https://api.aylien.com/api/v1/classify/taxonomy/iab-qag/IAB17-43","rel":"self"},{"link":"https://api.aylien.com/api/v1/classify/taxonomy/iab-qag/IAB17","rel":"parent"}],"id":"IAB17-43","label":"Waterski/Wakeboard"},{"score":"0.0532","confident":false,"links":[{"link":"https://api.aylien.com/api/v1/classify/taxonomy/iab-qag/IAB17","rel":"self"}],"id":"IAB17","label":"Sports"},{"score":"0.0495","confident":false,"links":[{"link":"https://api.aylien.com/api/v1/classify/taxonomy/iab-qag/IAB9-27","rel":"self"},{"link":"https://api.aylien.com/api/v1/classify/taxonomy/iab-qag/IAB9","rel":"parent"}],"id":"IAB9-27","label":"Scrapbooking"}]},"postidString":"facebook_page.172531309428293_1705959369418805","postMeta":{"inserted":"content-engine"},"timestamp":1496910978,"sharesRcvd":7,"likesRcvd":250,"source":"facebook_page","lastUpdateQuantum":4995583,"name":"Diane Macedo","imageLarge":"https://scontent.xx.fbcdn.net/v/t15.0-10/19048197_1705966009418141_1074253075432079360_n.jpg?oh=c71ea62ed0f0334b10c48e2db7494c9c&oe=59DE30E2","objectID":"1705959369418805","repliesRcvd":72,"image":"https://scontent.xx.fbcdn.net/v/t15.0-10/s130x130/19048197_1705966009418141_1074253075432079360_n.jpg?oh=c4ec476b754b49ff5c95e14bff58f7a7&oe=59A17999","username":"DianeRMacedo","link":"https://www.facebook.com/DianeRMacedo/videos/1705959369418805/","timeQuantum":4989703,"video":"https://scontent.xx.fbcdn.net/v/t42.1790-29/19012210_1881188128806721_5645500546543517696_n.mp4?efg=eyJybHIiOjEwMzgsInJsYSI6Mjk4OCwidmVuY29kZV90YWciOiJzZCJ9&rl=1038&vabr=577&oh=c37e83f012fd7582de0ba6bb4d4061ab&oe=593B8C0A","type":"video"},{"content":"@lukebryan teaching me how he shakes his 🍑 on stage = not a bad way to end the day 😉. Stay tuned for the big @robinrobertsgma #cmafest special! @goodmorningamerica @abcnews","profileString":"facebook_page.172531309428293","postURL":"https://facebook.com/172531309428293/posts/1708061802541895","avatar":"https://graph.facebook.com/172531309428293/picture","classification":{"engine":"aylien","language":"en","taxonomy":[{"score":"0.0732","confident":false,"links":[{"link":"https://api.aylien.com/api/v1/classify/taxonomy/iab-qag/IAB9","rel":"self"}],"id":"IAB9","label":"Hobbies & Interests"},{"score":"0.0644","confident":false,"links":[{"link":"https://api.aylien.com/api/v1/classify/taxonomy/iab-qag/IAB9-23","rel":"self"},{"link":"https://api.aylien.com/api/v1/classify/taxonomy/iab-qag/IAB9","rel":"parent"}],"id":"IAB9-23","label":"Photography"}]},"postidString":"facebook_page.172531309428293_1708061802541895","postMeta":{"inserted":"content-engine"},"timestamp":1497031204,"sharesRcvd":3,"likesRcvd":170,"source":"facebook_page","lastUpdateQuantum":4995583,"name":"Diane Macedo","imageLarge":"https://scontent.xx.fbcdn.net/v/t1.0-9/p720x720/18921914_1708061802541895_2336253311975849821_n.jpg?oh=a41004ed54244ce9b6a7c0721c56c092&oe=59DBEE0E","objectID":"1708061802541895","repliesRcvd":13,"image":"https://scontent.xx.fbcdn.net/v/t1.0-0/p130x130/18921914_1708061802541895_2336253311975849821_n.jpg?oh=14ce360f34aff983af078270ed769830&oe=59DF351B","username":"DianeRMacedo","link":"https://www.facebook.com/DianeRMacedo/photos/a.1678200652194677.1073741838.172531309428293/1708061802541895/?type=3","timeQuantum":4990104,"title":"Instagram Photos","type":"photo"},{"content":"Diane Macedo was live.","profileString":"facebook_page.172531309428293","postURL":"https://facebook.com/172531309428293/posts/1711533828861359","avatar":"https://graph.facebook.com/172531309428293/picture","classification":{"engine":"aylien","language":"en","taxonomy":[{"score":"0.0752","confident":false,"links":[{"link":"https://api.aylien.com/api/v1/classify/taxonomy/iab-qag/IAB9","rel":"self"}],"id":"IAB9","label":"Hobbies & Interests"},{"score":"0.0502","confident":false,"links":[{"link":"https://api.aylien.com/api/v1/classify/taxonomy/iab-qag/IAB9-4","rel":"self"},{"link":"https://api.aylien.com/api/v1/classify/taxonomy/iab-qag/IAB9","rel":"parent"}],"id":"IAB9-4","label":"Birdwatching"}]},"postidString":"facebook_page.172531309428293_1711533828861359","postMeta":{"inserted":"content-engine"},"timestamp":1497256925,"sharesRcvd":6,"likesRcvd":284,"source":"facebook_page","lastUpdateQuantum":4995583,"name":"Diane Macedo","imageLarge":"https://scontent.xx.fbcdn.net/v/t15.0-10/19125031_1711552538859488_7036718716611985408_n.jpg?oh=abb2db6d150a67c997e917f816730315&oe=59E00E20","objectID":"1711533828861359","repliesRcvd":119,"image":"https://scontent.xx.fbcdn.net/v/t15.0-10/s130x130/19125031_1711552538859488_7036718716611985408_n.jpg?oh=589f2ecc790def829c68d78e9ecba9cb&oe=599FA75B","username":"DianeRMacedo","link":"https://www.facebook.com/DianeRMacedo/videos/1711533828861359/","timeQuantum":4990856,"video":"https://scontent.xx.fbcdn.net/v/t42.1790-29/19132179_1909401156000779_5490595356943056896_n.mp4?efg=eyJybHIiOjEwMzgsInJsYSI6NDA5NiwidmVuY29kZV90YWciOiJzZCJ9&rl=1038&vabr=577&oh=7b337866bda924bde16aee259021c094&oe=593FFB7E","type":"video"},{"content":"Diane Macedo is live now.","profileString":"facebook_page.172531309428293","postURL":"https://facebook.com/172531309428293/posts/1712704772077598","avatar":"https://graph.facebook.com/172531309428293/picture","classification":{"engine":"aylien","language":"en","taxonomy":[{"score":"0.0752","confident":false,"links":[{"link":"https://api.aylien.com/api/v1/classify/taxonomy/iab-qag/IAB9","rel":"self"}],"id":"IAB9","label":"Hobbies & Interests"},{"score":"0.0502","confident":false,"links":[{"link":"https://api.aylien.com/api/v1/classify/taxonomy/iab-qag/IAB9-4","rel":"self"},{"link":"https://api.aylien.com/api/v1/classify/taxonomy/iab-qag/IAB9","rel":"parent"}],"id":"IAB9-4","label":"Birdwatching"}]},"postidString":"facebook_page.172531309428293_1712704772077598","postMeta":{"inserted":"content-engine"},"timestamp":1497342693,"sharesRcvd":6,"likesRcvd":237,"source":"facebook_page","lastUpdateQuantum":4995583,"name":"Diane Macedo","imageLarge":"https://scontent.xx.fbcdn.net/v/t15.0-10/s720x720/19183155_1712722078742534_2918630264194203648_n.jpg?oh=3dd5e714c1b9f8ccec1187a7a438f0b4&oe=599C2F62","objectID":"1712704772077598","repliesRcvd":237,"image":"https://scontent.xx.fbcdn.net/v/t15.0-10/s130x130/19183155_1712722078742534_2918630264194203648_n.jpg?oh=0c03c49ae32fd093c483a2bc7d640b2a&oe=59A74040","username":"DianeRMacedo","link":"https://www.facebook.com/DianeRMacedo/videos/1712704772077598/","timeQuantum":4991142,"video":"https://www.facebook.com/video/playback/playlist.m3u8?v=1712704772077598","type":"video"},{"content":"Diane Macedo was live.","profileString":"facebook_page.172531309428293","postURL":"https://facebook.com/172531309428293/posts/1715094505171958","avatar":"https://graph.facebook.com/172531309428293/picture","classification":{"engine":"aylien","language":"en","taxonomy":[{"score":"0.0752","confident":false,"links":[{"link":"https://api.aylien.com/api/v1/classify/taxonomy/iab-qag/IAB9","rel":"self"}],"id":"IAB9","label":"Hobbies & Interests"},{"score":"0.0502","confident":false,"links":[{"link":"https://api.aylien.com/api/v1/classify/taxonomy/iab-qag/IAB9-4","rel":"self"},{"link":"https://api.aylien.com/api/v1/classify/taxonomy/iab-qag/IAB9","rel":"parent"}],"id":"IAB9-4","label":"Birdwatching"}]},"postidString":"facebook_page.172531309428293_1715094505171958","postMeta":{"inserted":"content-engine"},"timestamp":1497515745,"sharesRcvd":10,"likesRcvd":368,"source":"facebook_page","lastUpdateQuantum":4995736,"name":"Diane Macedo","imageLarge":"https://scontent.xx.fbcdn.net/v/t15.0-10/19279521_1715104485170960_6950207720104394752_n.jpg?oh=4da7cba2e4d7307f42cd2fe7b44b6f0e&oe=59DA86A3","objectID":"1715094505171958","repliesRcvd":146,"image":"https://scontent.xx.fbcdn.net/v/t15.0-10/s130x130/19279521_1715104485170960_6950207720104394752_n.jpg?oh=7b2e357f1d9df1d45e8c3d5158b229b8&oe=59DFEFD8","username":"DianeRMacedo","link":"https://www.facebook.com/DianeRMacedo/videos/1715094505171958/","timeQuantum":4991719,"video":"https://scontent.xx.fbcdn.net/v/t42.1790-29/19208816_300527700386306_8534913595627012096_n.mp4?efg=eyJybHIiOjEwMzYsInJsYSI6NDA5NiwidmVuY29kZV90YWciOiJzZCJ9&rl=1036&vabr=576&oh=6a94e3c691bf75440cc88ace186f2bca&oe=5943CEF2","type":"video"},{"content":"#frankthebuns getting his morning aerobics in... 🐰 #bunnylove #bunny #bunniesofinstagram #rabbit #rabbitsofinstagram #binky","profileString":"facebook_page.172531309428293","postURL":"https://facebook.com/172531309428293/posts/1715869718427770","avatar":"https://graph.facebook.com/172531309428293/picture","classification":{"engine":"aylien","language":"en","taxonomy":[{"score":"0.0690","confident":false,"links":[{"link":"https://api.aylien.com/api/v1/classify/taxonomy/iab-qag/IAB9","rel":"self"}],"id":"IAB9","label":"Hobbies & Interests"},{"score":"0.0507","confident":false,"links":[{"link":"https://api.aylien.com/api/v1/classify/taxonomy/iab-qag/IAB9-3","rel":"self"},{"link":"https://api.aylien.com/api/v1/classify/taxonomy/iab-qag/IAB9","rel":"parent"}],"id":"IAB9-3","label":"Beadwork"}]},"postidString":"facebook_page.172531309428293_1715869718427770","postMeta":{"inserted":"content-engine"},"timestamp":1497571661,"sharesRcvd":2,"likesRcvd":196,"source":"facebook_page","lastUpdateQuantum":4995736,"name":"Diane Macedo","imageLarge":"https://scontent.xx.fbcdn.net/v/t15.0-10/19340198_1715869938427748_1623011215661858816_n.jpg?oh=4359cfc7282c6322c19cca5f335b5bf6&oe=59E31419","objectID":"1715869718427770","repliesRcvd":27,"image":"https://scontent.xx.fbcdn.net/v/t15.0-10/s130x130/19340198_1715869938427748_1623011215661858816_n.jpg?oh=b434e9e4f2c15d1462a52bfcdffbb70b&oe=59E12E62","username":"DianeRMacedo","link":"https://www.facebook.com/DianeRMacedo/videos/1715869718427770/","timeQuantum":4991905,"video":"https://video.xx.fbcdn.net/v/t42.1790-2/19206810_1419986074754371_5794197034500096000_n.mp4?efg=eyJybHIiOjM2NywicmxhIjo1MTIsInZlbmNvZGVfdGFnIjoic3ZlX3NkIn0%3D&rl=367&vabr=204&oh=e973aac88b16b08647d607362d0ef2dc&oe=59453088","type":"video"},{"content":"Diane Macedo was live.","profileString":"facebook_page.172531309428293","postURL":"https://facebook.com/172531309428293/posts/1719947868019955","avatar":"https://graph.facebook.com/172531309428293/picture","classification":{"engine":"aylien","language":"en","taxonomy":[{"score":"0.0752","confident":false,"links":[{"link":"https://api.aylien.com/api/v1/classify/taxonomy/iab-qag/IAB9","rel":"self"}],"id":"IAB9","label":"Hobbies & Interests"},{"score":"0.0502","confident":false,"links":[{"link":"https://api.aylien.com/api/v1/classify/taxonomy/iab-qag/IAB9-4","rel":"self"},{"link":"https://api.aylien.com/api/v1/classify/taxonomy/iab-qag/IAB9","rel":"parent"}],"id":"IAB9-4","label":"Birdwatching"}]},"postidString":"facebook_page.172531309428293_1719947868019955","postMeta":{"inserted":"content-engine"},"timestamp":1497861104,"sharesRcvd":9,"likesRcvd":307,"source":"facebook_page","lastUpdateQuantum":4995736,"name":"Diane Macedo","imageLarge":"https://scontent.xx.fbcdn.net/v/t15.0-10/19332101_1719955871352488_884470264602034176_n.jpg?oh=fd6f0353dd69790b1ac76445c12d3004&oe=599CDA84","objectID":"1719947868019955","repliesRcvd":120,"image":"https://scontent.xx.fbcdn.net/v/t15.0-10/s130x130/19332101_1719955871352488_884470264602034176_n.jpg?oh=3c83c492517a2f86abba5c800cf50264&oe=59E8B569","username":"DianeRMacedo","link":"https://www.facebook.com/DianeRMacedo/videos/1719947868019955/","timeQuantum":4992870,"video":"https://scontent.xx.fbcdn.net/v/t42.1790-29/19308427_777043929136214_5077724716328812544_n.mp4?efg=eyJybHIiOjEwMzgsInJsYSI6NDA5NiwidmVuY29kZV90YWciOiJzZCJ9&rl=1038&vabr=577&oh=6a66946e997136519d7bd19932676fdc&oe=594A4D73","type":"video"},{"content":"My interview with @tristasutter and @ryansutter. Her medical emergency and how she's doing now tomorrow on @GMA. #TheBachelorette ‬","profileString":"facebook_page.172531309428293","postURL":"https://facebook.com/172531309428293/posts/1720942681253807","avatar":"https://graph.facebook.com/172531309428293/picture","classification":{"engine":"aylien","language":"en","taxonomy":[{"score":"0.0921","confident":true,"links":[{"link":"https://api.aylien.com/api/v1/classify/taxonomy/iab-qag/IAB7","rel":"self"}],"id":"IAB7","label":"Health & Fitness"},{"score":"0.0416","confident":false,"links":[{"link":"https://api.aylien.com/api/v1/classify/taxonomy/iab-qag/IAB7-23","rel":"self"},{"link":"https://api.aylien.com/api/v1/classify/taxonomy/iab-qag/IAB7","rel":"parent"}],"id":"IAB7-23","label":"Headaches/Migraines"}]},"postidString":"facebook_page.172531309428293_1720942681253807","postMeta":{"inserted":"content-engine"},"timestamp":1497924607,"sharesRcvd":3,"likesRcvd":63,"source":"facebook_page","lastUpdateQuantum":4995736,"name":"Diane Macedo","imageLarge":"https://scontent.xx.fbcdn.net/v/t15.0-10/19356346_1720942864587122_5052029670753566720_n.jpg?oh=5cb8c34d5eaa82602107745c2e3cc7cd&oe=59D739A2","objectID":"1720942681253807","repliesRcvd":2,"image":"https://scontent.xx.fbcdn.net/v/t15.0-10/s130x130/19356346_1720942864587122_5052029670753566720_n.jpg?oh=4dde93e65ea6b841a31a68c0962f2b66&oe=599DAFD9","username":"DianeRMacedo","link":"https://www.facebook.com/DianeRMacedo/videos/1720942681253807/","timeQuantum":4993082,"video":"https://video.xx.fbcdn.net/v/t42.1790-2/19337895_214954979025807_8403733848319328256_n.mp4?efg=eyJybHIiOjM2MywicmxhIjo1MTIsInZlbmNvZGVfdGFnIjoic3ZlX3NkIn0%3D&rl=363&vabr=202&oh=6b5771b1aedc9a5836ea89af1d54534f&oe=594AA6F5","type":"video"},{"content":"#frankthebuns getting his morning aerobics in... 🐰","profileString":"facebook_page.172531309428293","postURL":"https://facebook.com/172531309428293/posts/1723260877688654","avatar":"https://graph.facebook.com/172531309428293/picture","classification":{"engine":"aylien","language":"en","taxonomy":[{"score":"0.0693","confident":false,"links":[{"link":"https://api.aylien.com/api/v1/classify/taxonomy/iab-qag/IAB9","rel":"self"}],"id":"IAB9","label":"Hobbies & Interests"},{"score":"0.0518","confident":false,"links":[{"link":"https://api.aylien.com/api/v1/classify/taxonomy/iab-qag/IAB9-28","rel":"self"},{"link":"https://api.aylien.com/api/v1/classify/taxonomy/iab-qag/IAB9","rel":"parent"}],"id":"IAB9-28","label":"Screenwriting"}]},"postidString":"facebook_page.172531309428293_1723260877688654","postMeta":{"inserted":"content-engine"},"timestamp":1498085017,"sharesRcvd":6,"likesRcvd":230,"source":"facebook_page","lastUpdateQuantum":4995736,"name":"Diane Macedo","imageLarge":"https://scontent.xx.fbcdn.net/v/t15.0-10/s720x720/19459568_1723261527688589_5560662160624844800_n.jpg?oh=9380644f7d5af4be19220f91ae768f3f&oe=59E85845","objectID":"1723260877688654","repliesRcvd":34,"image":"https://scontent.xx.fbcdn.net/v/t15.0-10/s130x130/19459568_1723261527688589_5560662160624844800_n.jpg?oh=0f7b2c4cbd85ada23da76b55e941c5d4&oe=59D30767","username":"DianeRMacedo","link":"https://www.facebook.com/DianeRMacedo/videos/1723260877688654/","timeQuantum":4993616,"video":"https://video.xx.fbcdn.net/v/t42.1790-2/19365580_1803222649704139_4669297124892999680_n.mp4?efg=eyJybHIiOjM3MCwicmxhIjo1MTIsInZlbmNvZGVfdGFnIjoic3ZlX3NkIn0%3D&rl=370&vabr=206&oh=c5c78ee0a686562abdf12914ab78cd40&oe=594D0B08","title":"Frank Aerobics","type":"video"},{"content":"Diane Macedo was live.","profileString":"facebook_page.172531309428293","postURL":"https://facebook.com/172531309428293/posts/1723609304320478","avatar":"https://graph.facebook.com/172531309428293/picture","classification":{"engine":"aylien","language":"en","taxonomy":[{"score":"0.0752","confident":false,"links":[{"link":"https://api.aylien.com/api/v1/classify/taxonomy/iab-qag/IAB9","rel":"self"}],"id":"IAB9","label":"Hobbies & Interests"},{"score":"0.0502","confident":false,"links":[{"link":"https://api.aylien.com/api/v1/classify/taxonomy/iab-qag/IAB9-4","rel":"self"},{"link":"https://api.aylien.com/api/v1/classify/taxonomy/iab-qag/IAB9","rel":"parent"}],"id":"IAB9-4","label":"Birdwatching"}]},"postidString":"facebook_page.172531309428293_1723609304320478","postMeta":{"inserted":"content-engine"},"timestamp":1498120381,"sharesRcvd":6,"likesRcvd":322,"source":"facebook_page","lastUpdateQuantum":4995763,"name":"Diane Macedo","imageLarge":"https://scontent.xx.fbcdn.net/v/t15.0-10/19378311_1723640104317398_3123058505481715712_n.jpg?oh=711d1e61f707422686826767727776d2&oe=59E86323","objectID":"1723609304320478","repliesRcvd":140,"image":"https://scontent.xx.fbcdn.net/v/t15.0-10/s130x130/19378311_1723640104317398_3123058505481715712_n.jpg?oh=ded91c3d2ac1f6516479ed67d4c6b727&oe=59CB1558","username":"DianeRMacedo","link":"https://www.facebook.com/DianeRMacedo/videos/1723609304320478/","timeQuantum":4993734,"video":"https://scontent.xx.fbcdn.net/v/t42.1790-29/19353158_1392490997497304_5681640596100349952_n.mp4?efg=eyJybHIiOjEwMzYsInJsYSI6NDA5NiwidmVuY29kZV90YWciOiJzZCJ9&rl=1036&vabr=576&oh=2d87f7593558ad7e8c798f1d8f881ce2&oe=594E11AF","type":"video"},{"content":"Diane Macedo is live now.","profileString":"facebook_page.172531309428293","postURL":"https://facebook.com/172531309428293/posts/1724678227546919","avatar":"https://graph.facebook.com/172531309428293/picture","classification":{"engine":"aylien","language":"en","taxonomy":[{"score":"0.0752","confident":false,"links":[{"link":"https://api.aylien.com/api/v1/classify/taxonomy/iab-qag/IAB9","rel":"self"}],"id":"IAB9","label":"Hobbies & Interests"},{"score":"0.0502","confident":false,"links":[{"link":"https://api.aylien.com/api/v1/classify/taxonomy/iab-qag/IAB9-4","rel":"self"},{"link":"https://api.aylien.com/api/v1/classify/taxonomy/iab-qag/IAB9","rel":"parent"}],"id":"IAB9-4","label":"Birdwatching"}]},"postidString":"facebook_page.172531309428293_1724678227546919","postMeta":{"inserted":"content-engine"},"timestamp":1498207282,"sharesRcvd":5,"likesRcvd":361,"source":"facebook_page","lastUpdateQuantum":4995538,"name":"Diane Macedo","imageLarge":"https://scontent.xx.fbcdn.net/v/t15.0-10/19378468_1724685060879569_4634445423791046656_n.jpg?oh=b9f2615e908bd2341e334df58ae52818&oe=59C8A1DC","objectID":"1724678227546919","repliesRcvd":208,"image":"https://scontent.xx.fbcdn.net/v/t15.0-10/s130x130/19378468_1724685060879569_4634445423791046656_n.jpg?oh=a4e986ebc7b2e5b9aa581ce09e51a343&oe=59E9EEA7","username":"DianeRMacedo","link":"https://www.facebook.com/DianeRMacedo/videos/1724678227546919/","timeQuantum":4994024,"video":"https://www.facebook.com/video/playback/playlist.m3u8?v=1724678227546919","type":"video"},{"content":"Diane Macedo was live.","profileString":"facebook_page.172531309428293","postURL":"https://facebook.com/172531309428293/posts/1730257343655674","avatar":"https://graph.facebook.com/172531309428293/picture","classification":{"engine":"aylien","language":"en","taxonomy":[{"score":"0.0752","links":[{"rel":"self","link":"https://api.aylien.com/api/v1/classify/taxonomy/iab-qag/IAB9"}],"label":"Hobbies & Interests","id":"IAB9","confident":false},{"score":"0.0502","links":[{"rel":"self","link":"https://api.aylien.com/api/v1/classify/taxonomy/iab-qag/IAB9-4"},{"rel":"parent","link":"https://api.aylien.com/api/v1/classify/taxonomy/iab-qag/IAB9"}],"label":"Birdwatching","id":"IAB9-4","confident":false}]},"postidString":"facebook_page.172531309428293_1730257343655674","postMeta":{"inserted":"content-engine"},"timestamp":1498638773,"sharesRcvd":5,"likesRcvd":336,"source":"facebook_page","lastUpdateQuantum":4995835,"name":"Diane Macedo","imageLarge":"https://scontent.xx.fbcdn.net/v/t15.0-10/19618333_1730273656987376_2083704092324003840_n.jpg?oh=c1dd43c736d857fa07e68d353d13c315&oe=59D47ECC","objectID":"1730257343655674","repliesRcvd":166,"image":"https://scontent.xx.fbcdn.net/v/t15.0-10/s130x130/19618333_1730273656987376_2083704092324003840_n.jpg?oh=7122faad99e73a7ceb2aaf5541192957&oe=59C7C0B7","username":"DianeRMacedo","link":"https://www.facebook.com/DianeRMacedo/videos/1730257343655674/","timeQuantum":4995462,"video":"https://scontent.xx.fbcdn.net/v/t42.9040-29/10000000_1365343076915290_7693906767972925440_n.mp4?efg=eyJybHIiOjEwMzUsInJsYSI6NDA5NiwidmVuY29kZV90YWciOiJzZCJ9&rl=1035&vabr=575&oh=35ca95be07a26a6213de746d1786decc&oe=5956350F","type":"video"},{"content":"Diane Macedo was live.","profileString":"facebook_page.172531309428293","postURL":"https://facebook.com/172531309428293/posts/1731900700158005","avatar":"https://graph.facebook.com/172531309428293/picture","classification":{"engine":"aylien","language":"en","taxonomy":[{"score":"0.0752","links":[{"rel":"self","link":"https://api.aylien.com/api/v1/classify/taxonomy/iab-qag/IAB9"}],"label":"Hobbies & Interests","id":"IAB9","confident":false},{"score":"0.0502","links":[{"rel":"self","link":"https://api.aylien.com/api/v1/classify/taxonomy/iab-qag/IAB9-4"},{"rel":"parent","link":"https://api.aylien.com/api/v1/classify/taxonomy/iab-qag/IAB9"}],"label":"Birdwatching","id":"IAB9-4","confident":false}]},"postidString":"facebook_page.172531309428293_1731900700158005","postMeta":{"inserted":"content-engine"},"timestamp":1498725290,"sharesRcvd":6,"likesRcvd":237,"source":"facebook_page","lastUpdateQuantum":4995835,"name":"Diane Macedo","imageLarge":"https://static.xx.fbcdn.net/rsrc.php/v3/yN/r/AAqMW82PqGg.gif","objectID":"1731900700158005","repliesRcvd":149,"image":"https://static.xx.fbcdn.net/rsrc.php/v3/yN/r/AAqMW82PqGg.gif","username":"DianeRMacedo","link":"https://www.facebook.com/DianeRMacedo/videos/1731900700158005/","timeQuantum":4995750,"video":"https://scontent.xx.fbcdn.net/v/t42.9040-29/10000000_1946533642295524_4129094967538745344_n.mp4?efg=eyJybHIiOjEwMjcsInJsYSI6NDA5NiwidmVuY29kZV90YWciOiJzZCJ9&rl=1027&vabr=571&oh=7830f4060ba317d0df2d9f425e23fce9&oe=59572B51","type":"video"},{"content":"#tbt to fun times on @RedEyeFNC. @greggutfeld @andylevy @tomshillue @BillSchulz","profileString":"facebook_page.172531309428293","postURL":"https://facebook.com/172531309428293/posts/1732343383447070","avatar":"https://graph.facebook.com/172531309428293/picture","classification":{"engine":"aylien","language":"en","taxonomy":[{"score":"0.0898","links":[{"rel":"self","link":"https://api.aylien.com/api/v1/classify/taxonomy/iab-qag/IAB9"}],"label":"Hobbies & Interests","id":"IAB9","confident":true},{"score":"0.0582","links":[{"rel":"self","link":"https://api.aylien.com/api/v1/classify/taxonomy/iab-qag/IAB9-23"},{"rel":"parent","link":"https://api.aylien.com/api/v1/classify/taxonomy/iab-qag/IAB9"}],"label":"Photography","id":"IAB9-23","confident":false}]},"postidString":"facebook_page.172531309428293_1732343383447070","postMeta":{"inserted":"content-engine"},"timestamp":1498745378,"sharesRcvd":5,"likesRcvd":187,"source":"facebook_page","lastUpdateQuantum":4995835,"name":"Diane Macedo","imageLarge":"https://scontent.xx.fbcdn.net/v/t1.0-9/19598634_1732343383447070_440753510590473403_n.jpg?oh=8c54da6cbf57bdec635f22845dc37baa&oe=59DA6DFB","objectID":"1732343383447070","repliesRcvd":24,"image":"https://scontent.xx.fbcdn.net/v/t1.0-0/s130x130/19598634_1732343383447070_440753510590473403_n.jpg?oh=42f9cf6986ab4c234ab5d63c88314a37&oe=59DDBC66","username":"DianeRMacedo","link":"https://www.facebook.com/DianeRMacedo/photos/a.177146125633478.48187.172531309428293/1732343383447070/?type=3","timeQuantum":4995817,"type":"photo","title":"Timeline Photos"}]