[{"sharesRcvd":1,"profileString":"facebook_page.277417365638819","likesRcvd":1,"postsMade":1,"timeQuantum":4990984,"postidString":"facebook_page.277417365638819_1349126971801181"},{"sharesRcvd":1,"profileString":"facebook_page.277417365638819","likesRcvd":1,"timeQuantum":4990987,"postidString":"facebook_page.277417365638819_1349126971801181"},{"sharesRcvd":1,"profileString":"facebook_page.277417365638819","likesRcvd":1,"timeQuantum":4990988,"postidString":"facebook_page.277417365638819_1349126971801181"},{"sharesRcvd":1,"profileString":"facebook_page.277417365638819","likesRcvd":1,"timeQuantum":4990989,"postidString":"facebook_page.277417365638819_1349126971801181"},{"profileString":"facebook_page.277417365638819","likesRcvd":1,"timeQuantum":4991023,"postidString":"facebook_page.277417365638819_1349126971801181"},{"profileString":"facebook_page.277417365638819","likesRcvd":1,"timeQuantum":4991059,"postidString":"facebook_page.277417365638819_1349126971801181"},{"profileString":"facebook_page.277417365638819","likesRcvd":1,"timeQuantum":4991149,"postidString":"facebook_page.277417365638819_1349126971801181"},{"profileString":"facebook_page.277417365638819","repliesRcvd":1,"timeQuantum":4991176,"postidString":"facebook_page.277417365638819_1349126971801181"},{"profileString":"facebook_page.277417365638819","likesRcvd":2,"postsMade":1,"timeQuantum":4991597,"postidString":"facebook_page.277417365638819_1351145484932663"},{"sharesRcvd":1,"profileString":"facebook_page.277417365638819","likesRcvd":1,"timeQuantum":4991608,"postidString":"facebook_page.277417365638819_1351145484932663"},{"profileString":"facebook_page.277417365638819","likesRcvd":1,"timeQuantum":4991609,"postidString":"facebook_page.277417365638819_1351145484932663"},{"profileString":"facebook_page.277417365638819","likesRcvd":1,"timeQuantum":4991635,"postidString":"facebook_page.277417365638819_1351145484932663"},{"profileString":"facebook_page.277417365638819","likesRcvd":1,"timeQuantum":4991636,"postidString":"facebook_page.277417365638819_1351145484932663"},{"profileString":"facebook_page.277417365638819","likesRcvd":1,"timeQuantum":4991644,"postidString":"facebook_page.277417365638819_1351145484932663"},{"profileString":"facebook_page.277417365638819","likesRcvd":1,"timeQuantum":4991653,"postidString":"facebook_page.277417365638819_1349126971801181"},{"profileString":"facebook_page.277417365638819","likesRcvd":1,"repliesRcvd":1,"timeQuantum":4991680,"postidString":"facebook_page.277417365638819_1351145484932663"},{"profileString":"facebook_page.277417365638819","likesRcvd":1,"timeQuantum":4991707,"postidString":"facebook_page.277417365638819_1351145484932663"},{"profileString":"facebook_page.277417365638819","likesRcvd":1,"timeQuantum":4991761,"postidString":"facebook_page.277417365638819_1351145484932663"},{"profileString":"facebook_page.277417365638819","likesRcvd":1,"timeQuantum":4991788,"postidString":"facebook_page.277417365638819_1351145484932663"},{"profileString":"facebook_page.277417365638819","likesRcvd":1,"timeQuantum":4991806,"postidString":"facebook_page.277417365638819_1351145484932663"},{"profileString":"facebook_page.277417365638819","postsMade":1,"timeQuantum":4991889,"postidString":"facebook_page.277417365638819_1352173291496549"},{"profileString":"facebook_page.277417365638819","likesRcvd":1,"timeQuantum":4991896,"postidString":"facebook_page.277417365638819_1352173291496549"},{"profileString":"facebook_page.277417365638819","likesRcvd":1,"timeQuantum":4991914,"postidString":"facebook_page.277417365638819_1352173291496549"},{"profileString":"facebook_page.277417365638819","likesRcvd":1,"timeQuantum":4991932,"postidString":"facebook_page.277417365638819_1352173291496549"},{"profileString":"facebook_page.277417365638819","likesRcvd":1,"repliesRcvd":1,"timeQuantum":4992139,"postidString":"facebook_page.277417365638819_1349126971801181"},{"profileString":"facebook_page.277417365638819","likesRcvd":2,"postsMade":1,"timeQuantum":4993233,"postidString":"facebook_page.277417365638819_1356496177730927"},{"profileString":"facebook_page.277417365638819","likesRcvd":2,"timeQuantum":4993234,"postidString":"facebook_page.277417365638819_1356496177730927"},{"profileString":"facebook_page.277417365638819","likesRcvd":1,"timeQuantum":4993235,"postidString":"facebook_page.277417365638819_1356496177730927"},{"profileString":"facebook_page.277417365638819","likesRcvd":1,"timeQuantum":4993318,"postidString":"facebook_page.277417365638819_1356496177730927"},{"profileString":"facebook_page.277417365638819","likesRcvd":1,"timeQuantum":4993336,"postidString":"facebook_page.277417365638819_1356496177730927"},{"profileString":"facebook_page.277417365638819","likesRcvd":1,"timeQuantum":4993426,"postidString":"facebook_page.277417365638819_1356496177730927"},{"sharesRcvd":1,"profileString":"facebook_page.277417365638819","likesRcvd":1,"postsMade":1,"timeQuantum":4993484,"postidString":"facebook_page.277417365638819_1357293694317842"},{"profileString":"facebook_page.277417365638819","likesRcvd":1,"timeQuantum":4993498,"postidString":"facebook_page.277417365638819_1357293694317842"},{"profileString":"facebook_page.277417365638819","likesRcvd":1,"timeQuantum":4993516,"postidString":"facebook_page.277417365638819_1357293694317842"},{"profileString":"facebook_page.277417365638819","likesRcvd":1,"timeQuantum":4993517,"postidString":"facebook_page.277417365638819_1357293694317842"},{"profileString":"facebook_page.277417365638819","likesRcvd":1,"postsMade":1,"timeQuantum":4993564,"postidString":"facebook_page.277417365638819_1357549280958950"},{"profileString":"facebook_page.277417365638819","likesRcvd":1,"timeQuantum":4993565,"postidString":"facebook_page.277417365638819_1357549280958950"},{"profileString":"facebook_page.277417365638819","likesRcvd":1,"timeQuantum":4993570,"postidString":"facebook_page.277417365638819_1357549280958950"},{"profileString":"facebook_page.277417365638819","likesRcvd":1,"timeQuantum":4993571,"postidString":"facebook_page.277417365638819_1357549280958950"},{"profileString":"facebook_page.277417365638819","likesRcvd":1,"timeQuantum":4993597,"postidString":"facebook_page.277417365638819_1357549280958950"},{"profileString":"facebook_page.277417365638819","likesRcvd":1,"timeQuantum":4993615,"postidString":"facebook_page.277417365638819_1357549280958950"},{"profileString":"facebook_page.277417365638819","repliesRcvd":1,"timeQuantum":4993660,"postidString":"facebook_page.277417365638819_1357549280958950"},{"profileString":"facebook_page.277417365638819","likesRcvd":1,"timeQuantum":4993813,"postidString":"facebook_page.277417365638819_1357549280958950"},{"profileString":"facebook_page.277417365638819","likesRcvd":1,"timeQuantum":4993822,"postidString":"facebook_page.277417365638819_1357549280958950"},{"profileString":"facebook_page.277417365638819","likesRcvd":1,"timeQuantum":4993912,"postidString":"facebook_page.277417365638819_1357549280958950"},{"profileString":"facebook_page.277417365638819","likesRcvd":1,"timeQuantum":4993913,"postidString":"facebook_page.277417365638819_1357549280958950"},{"profileString":"facebook_page.277417365638819","postsMade":1,"repliesRcvd":1,"postidString":"facebook_page.277417365638819_1359330937447451","sharesRcvd":1,"likesRcvd":4,"timeQuantum":4994101},{"profileString":"facebook_page.277417365638819","likesRcvd":4,"repliesRcvd":1,"timeQuantum":4994102,"postidString":"facebook_page.277417365638819_1359330937447451"},{"profileString":"facebook_page.277417365638819","likesRcvd":4,"repliesRcvd":1,"timeQuantum":4994103,"postidString":"facebook_page.277417365638819_1359330937447451"},{"profileString":"facebook_page.277417365638819","likesRcvd":4,"repliesRcvd":1,"timeQuantum":4994104,"postidString":"facebook_page.277417365638819_1359330937447451"},{"profileString":"facebook_page.277417365638819","likesRcvd":4,"timeQuantum":4994105,"postidString":"facebook_page.277417365638819_1359330937447451"},{"profileString":"facebook_page.277417365638819","likesRcvd":4,"timeQuantum":4994106,"postidString":"facebook_page.277417365638819_1359330937447451"},{"profileString":"facebook_page.277417365638819","likesRcvd":3,"timeQuantum":4994107,"postidString":"facebook_page.277417365638819_1359330937447451"},{"profileString":"facebook_page.277417365638819","likesRcvd":3,"timeQuantum":4994108,"postidString":"facebook_page.277417365638819_1359330937447451"},{"sharesRcvd":1,"profileString":"facebook_page.277417365638819","likesRcvd":2,"timeQuantum":4994110,"postidString":"facebook_page.277417365638819_1359330937447451"},{"sharesRcvd":1,"profileString":"facebook_page.277417365638819","likesRcvd":2,"timeQuantum":4994111,"postidString":"facebook_page.277417365638819_1359330937447451"},{"profileString":"facebook_page.277417365638819","likesRcvd":2,"timeQuantum":4994112,"postidString":"facebook_page.277417365638819_1359330937447451"},{"profileString":"facebook_page.277417365638819","likesRcvd":2,"timeQuantum":4994113,"postidString":"facebook_page.277417365638819_1359330937447451"},{"profileString":"facebook_page.277417365638819","likesRcvd":2,"timeQuantum":4994114,"postidString":"facebook_page.277417365638819_1359330937447451"},{"profileString":"facebook_page.277417365638819","likesRcvd":2,"timeQuantum":4994115,"postidString":"facebook_page.277417365638819_1359330937447451"},{"profileString":"facebook_page.277417365638819","likesRcvd":2,"timeQuantum":4994116,"postidString":"facebook_page.277417365638819_1359330937447451"},{"profileString":"facebook_page.277417365638819","likesRcvd":2,"timeQuantum":4994117,"postidString":"facebook_page.277417365638819_1359330937447451"},{"profileString":"facebook_page.277417365638819","likesRcvd":2,"timeQuantum":4994118,"postidString":"facebook_page.277417365638819_1359330937447451"},{"profileString":"facebook_page.277417365638819","likesRcvd":2,"timeQuantum":4994119,"postidString":"facebook_page.277417365638819_1359330937447451"},{"profileString":"facebook_page.277417365638819","likesRcvd":1,"timeQuantum":4994120,"postidString":"facebook_page.277417365638819_1359330937447451"},{"profileString":"facebook_page.277417365638819","likesRcvd":1,"timeQuantum":4994121,"postidString":"facebook_page.277417365638819_1359330937447451"},{"profileString":"facebook_page.277417365638819","likesRcvd":1,"timeQuantum":4994122,"postidString":"facebook_page.277417365638819_1359330937447451"},{"profileString":"facebook_page.277417365638819","likesRcvd":1,"timeQuantum":4994123,"postidString":"facebook_page.277417365638819_1359330937447451"},{"profileString":"facebook_page.277417365638819","likesRcvd":1,"timeQuantum":4994124,"postidString":"facebook_page.277417365638819_1359330937447451"},{"profileString":"facebook_page.277417365638819","likesRcvd":1,"timeQuantum":4994125,"postidString":"facebook_page.277417365638819_1359330937447451"},{"profileString":"facebook_page.277417365638819","likesRcvd":1,"timeQuantum":4994126,"postidString":"facebook_page.277417365638819_1359330937447451"},{"sharesRcvd":1,"profileString":"facebook_page.277417365638819","likesRcvd":1,"repliesRcvd":1,"timeQuantum":4994128,"postidString":"facebook_page.277417365638819_1359330937447451"},{"profileString":"facebook_page.277417365638819","likesRcvd":1,"repliesRcvd":1,"timeQuantum":4994129,"postidString":"facebook_page.277417365638819_1359330937447451"},{"profileString":"facebook_page.277417365638819","likesRcvd":1,"timeQuantum":4994130,"postidString":"facebook_page.277417365638819_1359330937447451"},{"profileString":"facebook_page.277417365638819","likesRcvd":1,"timeQuantum":4994131,"postidString":"facebook_page.277417365638819_1359330937447451"},{"profileString":"facebook_page.277417365638819","likesRcvd":1,"timeQuantum":4994132,"postidString":"facebook_page.277417365638819_1359330937447451"},{"profileString":"facebook_page.277417365638819","likesRcvd":1,"timeQuantum":4994133,"postidString":"facebook_page.277417365638819_1359330937447451"},{"profileString":"facebook_page.277417365638819","likesRcvd":1,"timeQuantum":4994134,"postidString":"facebook_page.277417365638819_1359330937447451"},{"profileString":"facebook_page.277417365638819","likesRcvd":1,"timeQuantum":4994135,"postidString":"facebook_page.277417365638819_1359330937447451"},{"profileString":"facebook_page.277417365638819","likesRcvd":1,"timeQuantum":4994137,"postidString":"facebook_page.277417365638819_1359330937447451"},{"profileString":"facebook_page.277417365638819","likesRcvd":1,"repliesRcvd":1,"timeQuantum":4994146,"postidString":"facebook_page.277417365638819_1359330937447451"},{"profileString":"facebook_page.277417365638819","likesRcvd":1,"timeQuantum":4994147,"postidString":"facebook_page.277417365638819_1359330937447451"},{"profileString":"facebook_page.277417365638819","likesRcvd":1,"repliesRcvd":1,"timeQuantum":4994155,"postidString":"facebook_page.277417365638819_1359330937447451"},{"profileString":"facebook_page.277417365638819","likesRcvd":1,"repliesRcvd":1,"timeQuantum":4994156,"postidString":"facebook_page.277417365638819_1359330937447451"},{"profileString":"facebook_page.277417365638819","likesRcvd":1,"timeQuantum":4994157,"postidString":"facebook_page.277417365638819_1359330937447451"},{"profileString":"facebook_page.277417365638819","likesRcvd":1,"timeQuantum":4994158,"postidString":"facebook_page.277417365638819_1359330937447451"},{"profileString":"facebook_page.277417365638819","likesRcvd":1,"timeQuantum":4994159,"postidString":"facebook_page.277417365638819_1359330937447451"},{"profileString":"facebook_page.277417365638819","likesRcvd":1,"timeQuantum":4994160,"postidString":"facebook_page.277417365638819_1359330937447451"},{"sharesRcvd":1,"profileString":"facebook_page.277417365638819","likesRcvd":1,"repliesRcvd":1,"timeQuantum":4994164,"postidString":"facebook_page.277417365638819_1359330937447451"},{"profileString":"facebook_page.277417365638819","likesRcvd":1,"timeQuantum":4994165,"postidString":"facebook_page.277417365638819_1359330937447451"},{"profileString":"facebook_page.277417365638819","likesRcvd":1,"timeQuantum":4994166,"postidString":"facebook_page.277417365638819_1359330937447451"},{"profileString":"facebook_page.277417365638819","likesRcvd":1,"timeQuantum":4994167,"postidString":"facebook_page.277417365638819_1359330937447451"},{"profileString":"facebook_page.277417365638819","likesRcvd":1,"timeQuantum":4994168,"postidString":"facebook_page.277417365638819_1359330937447451"},{"profileString":"facebook_page.277417365638819","likesRcvd":1,"timeQuantum":4994169,"postidString":"facebook_page.277417365638819_1359330937447451"},{"profileString":"facebook_page.277417365638819","likesRcvd":1,"timeQuantum":4994173,"postidString":"facebook_page.277417365638819_1356496177730927"},{"profileString":"facebook_page.277417365638819","likesRcvd":1,"repliesRcvd":1,"timeQuantum":4994173,"postidString":"facebook_page.277417365638819_1359330937447451"},{"profileString":"facebook_page.277417365638819","likesRcvd":1,"timeQuantum":4994174,"postidString":"facebook_page.277417365638819_1359330937447451"},{"profileString":"facebook_page.277417365638819","likesRcvd":1,"timeQuantum":4994175,"postidString":"facebook_page.277417365638819_1359330937447451"},{"profileString":"facebook_page.277417365638819","likesRcvd":1,"timeQuantum":4994176,"postidString":"facebook_page.277417365638819_1359330937447451"},{"sharesRcvd":1,"profileString":"facebook_page.277417365638819","likesRcvd":1,"repliesRcvd":1,"timeQuantum":4994182,"postidString":"facebook_page.277417365638819_1359330937447451"},{"profileString":"facebook_page.277417365638819","likesRcvd":1,"timeQuantum":4994183,"postidString":"facebook_page.277417365638819_1359330937447451"},{"profileString":"facebook_page.277417365638819","likesRcvd":1,"timeQuantum":4994184,"postidString":"facebook_page.277417365638819_1359330937447451"},{"profileString":"facebook_page.277417365638819","likesRcvd":1,"timeQuantum":4994185,"postidString":"facebook_page.277417365638819_1359330937447451"},{"profileString":"facebook_page.277417365638819","likesRcvd":1,"repliesRcvd":1,"timeQuantum":4994191,"postidString":"facebook_page.277417365638819_1359330937447451"},{"profileString":"facebook_page.277417365638819","likesRcvd":1,"repliesRcvd":1,"timeQuantum":4994192,"postidString":"facebook_page.277417365638819_1359330937447451"},{"profileString":"facebook_page.277417365638819","likesRcvd":1,"timeQuantum":4994193,"postidString":"facebook_page.277417365638819_1359330937447451"},{"profileString":"facebook_page.277417365638819","likesRcvd":1,"timeQuantum":4994194,"postidString":"facebook_page.277417365638819_1359330937447451"},{"profileString":"facebook_page.277417365638819","likesRcvd":1,"timeQuantum":4994195,"postidString":"facebook_page.277417365638819_1359330937447451"},{"profileString":"facebook_page.277417365638819","likesRcvd":1,"timeQuantum":4994196,"postidString":"facebook_page.277417365638819_1359330937447451"},{"profileString":"facebook_page.277417365638819","likesRcvd":1,"repliesRcvd":1,"timeQuantum":4994200,"postidString":"facebook_page.277417365638819_1359330937447451"},{"profileString":"facebook_page.277417365638819","likesRcvd":1,"timeQuantum":4994201,"postidString":"facebook_page.277417365638819_1359330937447451"},{"profileString":"facebook_page.277417365638819","likesRcvd":1,"timeQuantum":4994202,"postidString":"facebook_page.277417365638819_1359330937447451"},{"profileString":"facebook_page.277417365638819","likesRcvd":1,"timeQuantum":4994203,"postidString":"facebook_page.277417365638819_1359330937447451"},{"profileString":"facebook_page.277417365638819","likesRcvd":1,"timeQuantum":4994204,"postidString":"facebook_page.277417365638819_1359330937447451"},{"profileString":"facebook_page.277417365638819","likesRcvd":1,"timeQuantum":4994205,"postidString":"facebook_page.277417365638819_1359330937447451"},{"profileString":"facebook_page.277417365638819","likesRcvd":1,"timeQuantum":4994218,"postidString":"facebook_page.277417365638819_1359330937447451"},{"profileString":"facebook_page.277417365638819","likesRcvd":1,"timeQuantum":4994219,"postidString":"facebook_page.277417365638819_1359330937447451"},{"profileString":"facebook_page.277417365638819","likesRcvd":1,"timeQuantum":4994220,"postidString":"facebook_page.277417365638819_1359330937447451"},{"profileString":"facebook_page.277417365638819","likesRcvd":1,"timeQuantum":4994221,"postidString":"facebook_page.277417365638819_1359330937447451"},{"profileString":"facebook_page.277417365638819","likesRcvd":1,"timeQuantum":4994222,"postidString":"facebook_page.277417365638819_1359330937447451"},{"profileString":"facebook_page.277417365638819","likesRcvd":1,"timeQuantum":4994223,"postidString":"facebook_page.277417365638819_1359330937447451"},{"profileString":"facebook_page.277417365638819","likesRcvd":1,"timeQuantum":4994224,"postidString":"facebook_page.277417365638819_1359330937447451"},{"sharesRcvd":1,"profileString":"facebook_page.277417365638819","timeQuantum":4994227,"postidString":"facebook_page.277417365638819_1359330937447451"},{"profileString":"facebook_page.277417365638819","likesRcvd":1,"repliesRcvd":1,"timeQuantum":4994236,"postidString":"facebook_page.277417365638819_1359330937447451"},{"profileString":"facebook_page.277417365638819","likesRcvd":1,"timeQuantum":4994237,"postidString":"facebook_page.277417365638819_1359330937447451"},{"sharesRcvd":1,"profileString":"facebook_page.277417365638819","likesRcvd":1,"timeQuantum":4994245,"postidString":"facebook_page.277417365638819_1359330937447451"},{"profileString":"facebook_page.277417365638819","likesRcvd":1,"timeQuantum":4994254,"postidString":"facebook_page.277417365638819_1359330937447451"},{"profileString":"facebook_page.277417365638819","likesRcvd":1,"timeQuantum":4994255,"postidString":"facebook_page.277417365638819_1359330937447451"},{"profileString":"facebook_page.277417365638819","likesRcvd":1,"timeQuantum":4994256,"postidString":"facebook_page.277417365638819_1359330937447451"},{"profileString":"facebook_page.277417365638819","likesRcvd":1,"timeQuantum":4994272,"postidString":"facebook_page.277417365638819_1359330937447451"},{"profileString":"facebook_page.277417365638819","likesRcvd":1,"timeQuantum":4994273,"postidString":"facebook_page.277417365638819_1359330937447451"},{"profileString":"facebook_page.277417365638819","likesRcvd":1,"timeQuantum":4994281,"postidString":"facebook_page.277417365638819_1359330937447451"},{"profileString":"facebook_page.277417365638819","likesRcvd":1,"timeQuantum":4994308,"postidString":"facebook_page.277417365638819_1359330937447451"},{"profileString":"facebook_page.277417365638819","likesRcvd":1,"timeQuantum":4994317,"postidString":"facebook_page.277417365638819_1359330937447451"},{"profileString":"facebook_page.277417365638819","likesRcvd":1,"timeQuantum":4994318,"postidString":"facebook_page.277417365638819_1359330937447451"},{"profileString":"facebook_page.277417365638819","likesRcvd":1,"timeQuantum":4994319,"postidString":"facebook_page.277417365638819_1359330937447451"},{"profileString":"facebook_page.277417365638819","likesRcvd":1,"timeQuantum":4994320,"postidString":"facebook_page.277417365638819_1359330937447451"},{"profileString":"facebook_page.277417365638819","likesRcvd":1,"timeQuantum":4994335,"postidString":"facebook_page.277417365638819_1359330937447451"},{"profileString":"facebook_page.277417365638819","likesRcvd":1,"timeQuantum":4994344,"postidString":"facebook_page.277417365638819_1359330937447451"},{"profileString":"facebook_page.277417365638819","likesRcvd":1,"timeQuantum":4994345,"postidString":"facebook_page.277417365638819_1359330937447451"},{"profileString":"facebook_page.277417365638819","likesRcvd":1,"timeQuantum":4994346,"postidString":"facebook_page.277417365638819_1359330937447451"},{"profileString":"facebook_page.277417365638819","likesRcvd":1,"timeQuantum":4994347,"postidString":"facebook_page.277417365638819_1359330937447451"},{"profileString":"facebook_page.277417365638819","likesRcvd":1,"timeQuantum":4994348,"postidString":"facebook_page.277417365638819_1359330937447451"},{"profileString":"facebook_page.277417365638819","likesRcvd":1,"timeQuantum":4994362,"postidString":"facebook_page.277417365638819_1359330937447451"},{"profileString":"facebook_page.277417365638819","likesRcvd":1,"timeQuantum":4994363,"postidString":"facebook_page.277417365638819_1359330937447451"},{"profileString":"facebook_page.277417365638819","likesRcvd":1,"timeQuantum":4994364,"postidString":"facebook_page.277417365638819_1359330937447451"},{"profileString":"facebook_page.277417365638819","likesRcvd":1,"timeQuantum":4994398,"postidString":"facebook_page.277417365638819_1359330937447451"},{"profileString":"facebook_page.277417365638819","likesRcvd":1,"timeQuantum":4994416,"postidString":"facebook_page.277417365638819_1359330937447451"},{"sharesRcvd":1,"profileString":"facebook_page.277417365638819","timeQuantum":4994443,"postidString":"facebook_page.277417365638819_1359330937447451"},{"profileString":"facebook_page.277417365638819","likesRcvd":1,"timeQuantum":4994470,"postidString":"facebook_page.277417365638819_1359330937447451"},{"profileString":"facebook_page.277417365638819","likesRcvd":1,"timeQuantum":4994479,"postidString":"facebook_page.277417365638819_1359330937447451"},{"profileString":"facebook_page.277417365638819","likesRcvd":1,"timeQuantum":4994488,"postidString":"facebook_page.277417365638819_1359330937447451"},{"sharesRcvd":1,"profileString":"facebook_page.277417365638819","likesRcvd":1,"timeQuantum":4994506,"postidString":"facebook_page.277417365638819_1359330937447451"},{"profileString":"facebook_page.277417365638819","likesRcvd":1,"timeQuantum":4994507,"postidString":"facebook_page.277417365638819_1359330937447451"},{"profileString":"facebook_page.277417365638819","likesRcvd":1,"timeQuantum":4994515,"postidString":"facebook_page.277417365638819_1359330937447451"},{"profileString":"facebook_page.277417365638819","likesRcvd":1,"timeQuantum":4994516,"postidString":"facebook_page.277417365638819_1359330937447451"},{"profileString":"facebook_page.277417365638819","likesRcvd":1,"timeQuantum":4994517,"postidString":"facebook_page.277417365638819_1359330937447451"},{"profileString":"facebook_page.277417365638819","likesRcvd":1,"timeQuantum":4994524,"postidString":"facebook_page.277417365638819_1359330937447451"},{"profileString":"facebook_page.277417365638819","likesRcvd":1,"timeQuantum":4994525,"postidString":"facebook_page.277417365638819_1359330937447451"},{"profileString":"facebook_page.277417365638819","likesRcvd":1,"timeQuantum":4994533,"postidString":"facebook_page.277417365638819_1357549280958950"},{"profileString":"facebook_page.277417365638819","likesRcvd":1,"timeQuantum":4994551,"postidString":"facebook_page.277417365638819_1359330937447451"},{"profileString":"facebook_page.277417365638819","likesRcvd":1,"timeQuantum":4994623,"postidString":"facebook_page.277417365638819_1359330937447451"},{"profileString":"facebook_page.277417365638819","likesRcvd":1,"timeQuantum":4994650,"postidString":"facebook_page.277417365638819_1359330937447451"},{"profileString":"facebook_page.277417365638819","likesRcvd":1,"timeQuantum":4994659,"postidString":"facebook_page.277417365638819_1359330937447451"},{"profileString":"facebook_page.277417365638819","likesRcvd":1,"timeQuantum":4994668,"postidString":"facebook_page.277417365638819_1359330937447451"},{"profileString":"facebook_page.277417365638819","repliesRcvd":1,"timeQuantum":4994731,"postidString":"facebook_page.277417365638819_1359330937447451"},{"profileString":"facebook_page.277417365638819","likesRcvd":1,"timeQuantum":4994740,"postidString":"facebook_page.277417365638819_1359330937447451"},{"profileString":"facebook_page.277417365638819","likesRcvd":1,"timeQuantum":4994938,"postidString":"facebook_page.277417365638819_1359330937447451"},{"profileString":"facebook_page.277417365638819","likesRcvd":1,"timeQuantum":4995046,"postidString":"facebook_page.277417365638819_1359330937447451"},{"profileString":"facebook_page.277417365638819","likesRcvd":1,"timeQuantum":4995091,"postidString":"facebook_page.277417365638819_1359330937447451"},{"profileString":"facebook_page.277417365638819","likesRcvd":1,"timeQuantum":4995145,"postidString":"facebook_page.277417365638819_1359330937447451"},{"profileString":"facebook_page.277417365638819","likesRcvd":1,"postsMade":1,"timeQuantum":4995815,"postidString":"facebook_page.277417365638819_1365706580143220"}]