[{"content":"http://www.nbcnewyork.com/news/local/Dog-Chew-Toy-Beefhide-Recall-Rawhide-United-Pet-Group-Chemical-427920133.html","profileString":"facebook_page.277417365638819","postURL":"https://facebook.com/277417365638819/posts/1349126971801181","avatar":"https://graph.facebook.com/277417365638819/picture","classification":{"engine":"aylien","language":"en","taxonomy":[{"score":"0.4485","confident":true,"links":[{"link":"https://api.aylien.com/api/v1/classify/taxonomy/iab-qag/IAB16","rel":"self"}],"id":"IAB16","label":"Pets"},{"score":"0.2837","confident":false,"links":[{"link":"https://api.aylien.com/api/v1/classify/taxonomy/iab-qag/IAB16-1","rel":"self"},{"link":"https://api.aylien.com/api/v1/classify/taxonomy/iab-qag/IAB16","rel":"parent"}],"id":"IAB16-1","label":"Aquariums"}]},"postidString":"facebook_page.277417365638819_1349126971801181","postMeta":{"inserted":"content-engine"},"timestamp":1497295257,"sharesRcvd":4,"likesRcvd":9,"source":"facebook_page","lastUpdateQuantum":4994964,"name":"Lynda Baquero","imageLarge":"https://external.xx.fbcdn.net/safe_image.php?d=AQAJ4EuqmUikb7wK&url=http%3A%2F%2Fmedia.nbcnewyork.com%2Fimages%2F1200%2A675%2F95572844.jpg&_nc_hash=AQDJ7bmYGANNR_1J","repliesRcvd":2,"image":"https://external.xx.fbcdn.net/safe_image.php?d=AQBcRnykd16ibFgl&w=130&h=130&url=http%3A%2F%2Fmedia.nbcnewyork.com%2Fimages%2F1200%2A675%2F95572844.jpg&cfs=1&_nc_hash=AQDwzAsmGqM86ytA","username":"LyndaBaquero4NY","link":"http://www.nbcnewyork.com/news/local/Dog-Chew-Toy-Beefhide-Recall-Rawhide-United-Pet-Group-Chemical-427920133.html","timeQuantum":4990984,"title":"Major National Recall of Dog Chew Toys Announced","type":"link"},{"content":"Medical emergency during a trip abroad? What does your insurance cover?\nhttp://www.nbcnewyork.com/on-air/as-seen-on/Better-Get-Baquero-Insurance-for-Emergency-Transport_New-York-428495703.html","profileString":"facebook_page.277417365638819","postURL":"https://facebook.com/277417365638819/posts/1351145484932663","avatar":"https://graph.facebook.com/277417365638819/picture","classification":{"engine":"aylien","language":"en","taxonomy":[{"score":"0.4165","confident":false,"links":[{"link":"https://api.aylien.com/api/v1/classify/taxonomy/iab-qag/IAB12-3","rel":"self"},{"link":"https://api.aylien.com/api/v1/classify/taxonomy/iab-qag/IAB12","rel":"parent"}],"id":"IAB12-3","label":"Local News"},{"score":"0.1907","confident":false,"links":[{"link":"https://api.aylien.com/api/v1/classify/taxonomy/iab-qag/IAB25-4","rel":"self"},{"link":"https://api.aylien.com/api/v1/classify/taxonomy/iab-qag/IAB25","rel":"parent"}],"id":"IAB25-4","label":"Profane Content"},{"score":"0.0669","confident":false,"links":[{"link":"https://api.aylien.com/api/v1/classify/taxonomy/iab-qag/IAB9","rel":"self"}],"id":"IAB9","label":"Hobbies & Interests"},{"score":"0.0607","confident":false,"links":[{"link":"https://api.aylien.com/api/v1/classify/taxonomy/iab-qag/IAB25","rel":"self"}],"id":"IAB25","label":"Non-Standard Content"},{"score":"0.0600","confident":false,"links":[{"link":"https://api.aylien.com/api/v1/classify/taxonomy/iab-qag/IAB9-15","rel":"self"},{"link":"https://api.aylien.com/api/v1/classify/taxonomy/iab-qag/IAB9","rel":"parent"}],"id":"IAB9-15","label":"Getting Published"},{"score":"0.0569","confident":false,"links":[{"link":"https://api.aylien.com/api/v1/classify/taxonomy/iab-qag/IAB12","rel":"self"}],"id":"IAB12","label":"News"}]},"postidString":"facebook_page.277417365638819_1351145484932663","postMeta":{"inserted":"content-engine"},"timestamp":1497479266,"sharesRcvd":1,"likesRcvd":12,"source":"facebook_page","lastUpdateQuantum":4995567,"name":"Lynda Baquero","imageLarge":"https://external.xx.fbcdn.net/safe_image.php?d=AQCboTH9zABjxDVQ&url=http%3A%2F%2Fmedia.nbcnewyork.com%2Fimages%2F1200%2A675%2FBetter_Get_Baquero_Insurance_for_Emergency_Transport.jpg&_nc_hash=AQCrDHrqAq9LMCSj","repliesRcvd":1,"image":"https://external.xx.fbcdn.net/safe_image.php?d=AQBXp7etdAQhuaYE&w=130&h=130&url=http%3A%2F%2Fmedia.nbcnewyork.com%2Fimages%2F1200%2A675%2FBetter_Get_Baquero_Insurance_for_Emergency_Transport.jpg&cfs=1&_nc_hash=AQBgerepu82iRgbZ","username":"LyndaBaquero4NY","link":"http://www.nbcnewyork.com/on-air/as-seen-on/Better-Get-Baquero-Insurance-for-Emergency-Transport_New-York-428495703.html","timeQuantum":4991597,"title":"Better Get Baquero: Insurance for Emergency Transport","type":"link"},{"content":"Here's what to consider to decide if it's worth switching to solar energy...\n\nhttp://www.nbcnewyork.com/on-air/as-seen-on/Solar-Panel-Payoff_New-York-428720903.html","profileString":"facebook_page.277417365638819","postURL":"https://facebook.com/277417365638819/posts/1352173291496549","avatar":"https://graph.facebook.com/277417365638819/picture","classification":{"engine":"aylien","language":"en","taxonomy":[{"score":"0.2317","confident":false,"links":[{"link":"https://api.aylien.com/api/v1/classify/taxonomy/iab-qag/IAB10-5","rel":"self"},{"link":"https://api.aylien.com/api/v1/classify/taxonomy/iab-qag/IAB10","rel":"parent"}],"id":"IAB10-5","label":"Home Repair"},{"score":"0.1162","confident":false,"links":[{"link":"https://api.aylien.com/api/v1/classify/taxonomy/iab-qag/IAB13-4","rel":"self"},{"link":"https://api.aylien.com/api/v1/classify/taxonomy/iab-qag/IAB13","rel":"parent"}],"id":"IAB13-4","label":"Financial Planning"},{"score":"0.0757","confident":false,"links":[{"link":"https://api.aylien.com/api/v1/classify/taxonomy/iab-qag/IAB9","rel":"self"}],"id":"IAB9","label":"Hobbies & Interests"},{"score":"0.0679","confident":false,"links":[{"link":"https://api.aylien.com/api/v1/classify/taxonomy/iab-qag/IAB9-15","rel":"self"},{"link":"https://api.aylien.com/api/v1/classify/taxonomy/iab-qag/IAB9","rel":"parent"}],"id":"IAB9-15","label":"Getting Published"},{"score":"0.0637","confident":false,"links":[{"link":"https://api.aylien.com/api/v1/classify/taxonomy/iab-qag/IAB10","rel":"self"}],"id":"IAB10","label":"Home & Garden"},{"score":"0.0611","confident":false,"links":[{"link":"https://api.aylien.com/api/v1/classify/taxonomy/iab-qag/IAB13","rel":"self"}],"id":"IAB13","label":"Personal Finance"}]},"postidString":"facebook_page.277417365638819_1352173291496549","postMeta":{"inserted":"content-engine"},"timestamp":1497566813,"sharesRcvd":0,"likesRcvd":3,"source":"facebook_page","lastUpdateQuantum":4995639,"name":"Lynda Baquero","imageLarge":"https://external.xx.fbcdn.net/safe_image.php?d=AQBelBZM9CAZB3Ow&url=http%3A%2F%2Fmedia.nbcnewyork.com%2Fimages%2F1200%2A675%2FWNBC_000000016663176_1200x675_968428611952.jpg&_nc_hash=AQDvuHT0YTiwtiIM","repliesRcvd":0,"image":"https://external.xx.fbcdn.net/safe_image.php?d=AQDHZC8gQSxQuWtt&w=130&h=130&url=http%3A%2F%2Fmedia.nbcnewyork.com%2Fimages%2F1200%2A675%2FWNBC_000000016663176_1200x675_968428611952.jpg&cfs=1&_nc_hash=AQD-C6-kcJJp-cDt","username":"LyndaBaquero4NY","link":"http://www.nbcnewyork.com/on-air/as-seen-on/Solar-Panel-Payoff_New-York-428720903.html","timeQuantum":4991889,"title":"Solar Panel Payoff","type":"link"},{"content":"Here's what to do if thousands of dollars you've saved in an investment account suddenly go missing. It happened to a LI woman! See how the money re-appeared!","profileString":"facebook_page.277417365638819","postURL":"https://facebook.com/277417365638819/posts/1356496177730927","avatar":"https://graph.facebook.com/277417365638819/picture","classification":{"engine":"aylien","language":"en","taxonomy":[{"score":"0.4402","confident":false,"links":[{"link":"https://api.aylien.com/api/v1/classify/taxonomy/iab-qag/IAB12-3","rel":"self"},{"link":"https://api.aylien.com/api/v1/classify/taxonomy/iab-qag/IAB12","rel":"parent"}],"id":"IAB12-3","label":"Local News"},{"score":"0.0944","confident":true,"links":[{"link":"https://api.aylien.com/api/v1/classify/taxonomy/iab-qag/IAB12","rel":"self"}],"id":"IAB12","label":"News"}]},"postidString":"facebook_page.277417365638819_1356496177730927","postMeta":{"inserted":"content-engine"},"timestamp":1497970013,"sharesRcvd":0,"likesRcvd":9,"source":"facebook_page","lastUpdateQuantum":4995639,"name":"Lynda Baquero","imageLarge":"https://external.xx.fbcdn.net/safe_image.php?d=AQCIAFSHtAwWGT5b&url=http%3A%2F%2Fmedia.nbcnewyork.com%2Fimages%2F1200%2A675%2FWNBC_000000016706032_1200x675_971357251628.jpg&_nc_hash=AQDrB4v5gYYSi1f-","repliesRcvd":0,"image":"https://external.xx.fbcdn.net/safe_image.php?d=AQB6bghP8sBEUnIM&w=130&h=130&url=http%3A%2F%2Fmedia.nbcnewyork.com%2Fimages%2F1200%2A675%2FWNBC_000000016706032_1200x675_971357251628.jpg&cfs=1&_nc_hash=AQDHy-Cn3vGhVaL2","username":"LyndaBaquero4NY","link":"http://www.nbcnewyork.com/on-air/as-seen-on/Missing-Investment-Account-Money_New-York-429495173.html","timeQuantum":4993233,"title":"Missing Investment Account Money","type":"link"},{"content":"Here's 1 way to shave thousands of dollars in interest on student loans!","profileString":"facebook_page.277417365638819","postURL":"https://facebook.com/277417365638819/posts/1357293694317842","avatar":"https://graph.facebook.com/277417365638819/picture","classification":{"engine":"aylien","language":"en","taxonomy":[{"score":"0.3934","confident":false,"links":[{"link":"https://api.aylien.com/api/v1/classify/taxonomy/iab-qag/IAB12-3","rel":"self"},{"link":"https://api.aylien.com/api/v1/classify/taxonomy/iab-qag/IAB12","rel":"parent"}],"id":"IAB12-3","label":"Local News"},{"score":"0.0777","confident":true,"links":[{"link":"https://api.aylien.com/api/v1/classify/taxonomy/iab-qag/IAB12","rel":"self"}],"id":"IAB12","label":"News"},{"score":"0.0648","confident":false,"links":[{"link":"https://api.aylien.com/api/v1/classify/taxonomy/iab-qag/IAB9-15","rel":"self"},{"link":"https://api.aylien.com/api/v1/classify/taxonomy/iab-qag/IAB9","rel":"parent"}],"id":"IAB9-15","label":"Getting Published"},{"score":"0.0638","confident":false,"links":[{"link":"https://api.aylien.com/api/v1/classify/taxonomy/iab-qag/IAB9","rel":"self"}],"id":"IAB9","label":"Hobbies & Interests"}]},"postidString":"facebook_page.277417365638819_1357293694317842","postMeta":{"inserted":"content-engine"},"timestamp":1498045214,"sharesRcvd":1,"likesRcvd":4,"source":"facebook_page","lastUpdateQuantum":4995639,"name":"Lynda Baquero","imageLarge":"https://external.xx.fbcdn.net/safe_image.php?d=AQCpg2wIuV9ZzrBt&url=http%3A%2F%2Fmedia.nbcnewyork.com%2Fimages%2F1200%2A675%2FWNBC_000000016720760_1200x675_972224067643.jpg&_nc_hash=AQByIcvMPL3J9LOQ","repliesRcvd":0,"image":"https://external.xx.fbcdn.net/safe_image.php?d=AQDdNzuSj8s16flB&w=130&h=130&url=http%3A%2F%2Fmedia.nbcnewyork.com%2Fimages%2F1200%2A675%2FWNBC_000000016720760_1200x675_972224067643.jpg&cfs=1&sx=331&sy=0&sw=675&sh=675&_nc_hash=AQA9m4aqheXMm05M","username":"LyndaBaquero4NY","link":"http://www.nbcnewyork.com/on-air/as-seen-on/Shopping-For-Student-Loan-Rates_New-York-429749413.html","timeQuantum":4993484,"title":"Shopping For Student Loan Rates","type":"link"},{"content":"A New Jersey high school student decided to make a statement on her school's dress code with a yearbook photo accompanied by a clever comment.\n\nhttp://4.nbcny.com/sdZq3WJ","profileString":"facebook_page.277417365638819","postURL":"https://facebook.com/277417365638819/posts/1357549280958950","avatar":"https://graph.facebook.com/277417365638819/picture","classification":{"engine":"aylien","language":"en","taxonomy":[{"score":"0.2951","confident":false,"links":[{"link":"https://api.aylien.com/api/v1/classify/taxonomy/iab-qag/IAB18-2","rel":"self"},{"link":"https://api.aylien.com/api/v1/classify/taxonomy/iab-qag/IAB18","rel":"parent"}],"id":"IAB18-2","label":"Body Art"},{"score":"0.0903","confident":false,"links":[{"link":"https://api.aylien.com/api/v1/classify/taxonomy/iab-qag/IAB5-10","rel":"self"},{"link":"https://api.aylien.com/api/v1/classify/taxonomy/iab-qag/IAB5","rel":"parent"}],"id":"IAB5-10","label":"Homeschooling"},{"score":"0.0807","confident":true,"links":[{"link":"https://api.aylien.com/api/v1/classify/taxonomy/iab-qag/IAB5","rel":"self"}],"id":"IAB5","label":"Education"},{"score":"0.0796","confident":true,"links":[{"link":"https://api.aylien.com/api/v1/classify/taxonomy/iab-qag/IAB9","rel":"self"}],"id":"IAB9","label":"Hobbies & Interests"},{"score":"0.0710","confident":false,"links":[{"link":"https://api.aylien.com/api/v1/classify/taxonomy/iab-qag/IAB18","rel":"self"}],"id":"IAB18","label":"Style & Fashion"},{"score":"0.0586","confident":false,"links":[{"link":"https://api.aylien.com/api/v1/classify/taxonomy/iab-qag/IAB9-13","rel":"self"},{"link":"https://api.aylien.com/api/v1/classify/taxonomy/iab-qag/IAB9","rel":"parent"}],"id":"IAB9-13","label":"Freelance Writing"}]},"postidString":"facebook_page.277417365638819_1357549280958950","postMeta":{"inserted":"content-engine"},"timestamp":1498069338,"sharesRcvd":0,"likesRcvd":11,"source":"facebook_page","lastUpdateQuantum":4995639,"name":"Lynda Baquero","repliesRcvd":1,"username":"LyndaBaquero4NY","timeQuantum":4993564,"type":"status"},{"content":"So sad about #Gabe4NY passing. Even at the age of 93, he came to work every day because news, and his dogged pursuit of truth, were his passion. Was great to sit next to him in the newsroom & hear him able to get any mayor, or governor on the phone immediately! His legacy lives forever, but he will be greatly missed.","profileString":"facebook_page.277417365638819","postURL":"https://facebook.com/277417365638819/posts/1359330937447451","avatar":"https://graph.facebook.com/277417365638819/picture","classification":{"engine":"aylien","language":"en","taxonomy":[{"score":"0.1439","confident":false,"links":[{"link":"https://api.aylien.com/api/v1/classify/taxonomy/iab-qag/IAB4-11","rel":"self"},{"link":"https://api.aylien.com/api/v1/classify/taxonomy/iab-qag/IAB4","rel":"parent"}],"id":"IAB4-11","label":"Career Advice"},{"score":"0.1135","confident":true,"links":[{"link":"https://api.aylien.com/api/v1/classify/taxonomy/iab-qag/IAB4","rel":"self"}],"id":"IAB4","label":"Careers"}]},"postidString":"facebook_page.277417365638819_1359330937447451","postMeta":{"inserted":"content-engine"},"timestamp":1498230337,"sharesRcvd":10,"likesRcvd":152,"source":"facebook_page","lastUpdateQuantum":4995828,"name":"Lynda Baquero","imageLarge":"https://external.xx.fbcdn.net/safe_image.php?d=AQCcczUHu-gIDJit&url=http%3A%2F%2Fmedia.nbcnewyork.com%2Fimages%2F1200%2A675%2Fgabe%2Bpressman%2Bboy%2Bmom.JPG&_nc_hash=AQAL6Sw5lcWmW4rS","repliesRcvd":17,"image":"https://external.xx.fbcdn.net/safe_image.php?d=AQAn3LvhIRXBltEw&w=130&h=130&url=http%3A%2F%2Fmedia.nbcnewyork.com%2Fimages%2F1200%2A675%2Fgabe%2Bpressman%2Bboy%2Bmom.JPG&cfs=1&sx=225&sy=0&sw=675&sh=675&_nc_hash=AQDcNiHQJWuT3rRv","username":"LyndaBaquero4NY","link":"http://www.nbcnewyork.com/news/local/In-Memoriam-The-Life-and-Times-of-Gabe-Pressman-430332453.html","timeQuantum":4994101,"title":"In Pictures: Gabe Pressman's Life and Iconic Career","type":"link"},{"content":"Flaming oven raises consumer dilemma! What to do? #BetterGetBaquero #nbc4ny","profileString":"facebook_page.277417365638819","postURL":"https://facebook.com/277417365638819/posts/1365706580143220","avatar":"https://graph.facebook.com/277417365638819/picture","classification":{"engine":"aylien","language":"en","taxonomy":[{"score":"0.3850","links":[{"rel":"self","link":"https://api.aylien.com/api/v1/classify/taxonomy/iab-qag/IAB12-3"},{"rel":"parent","link":"https://api.aylien.com/api/v1/classify/taxonomy/iab-qag/IAB12"}],"label":"Local News","id":"IAB12-3","confident":false},{"score":"0.0885","links":[{"rel":"self","link":"https://api.aylien.com/api/v1/classify/taxonomy/iab-qag/IAB12"}],"label":"News","id":"IAB12","confident":true}]},"postidString":"facebook_page.277417365638819_1365706580143220","postMeta":{"inserted":"content-engine"},"timestamp":1498744502,"sharesRcvd":0,"likesRcvd":1,"source":"facebook_page","lastUpdateQuantum":4995828,"name":"Lynda Baquero","imageLarge":"https://external.xx.fbcdn.net/safe_image.php?d=AQBDDaEjjulrQQXX&url=http%3A%2F%2Fmedia.nbcnewyork.com%2Fimages%2F1200%2A675%2FFlaming_Oven_Prompts_Consumer_Dilemma.jpg&_nc_hash=AQCAZXmWoHuwLmWS","repliesRcvd":0,"image":"https://external.xx.fbcdn.net/safe_image.php?d=AQCG0WQ1-T-_86ZP&w=130&h=130&url=http%3A%2F%2Fmedia.nbcnewyork.com%2Fimages%2F1200%2A675%2FFlaming_Oven_Prompts_Consumer_Dilemma.jpg&cfs=1&_nc_hash=AQCVmtkZ_cWleu6D","username":"LyndaBaquero4NY","link":"http://www.nbcnewyork.com/on-air/as-seen-on/Flaming-Oven-Prompts-Consumer-Dilemma_New-York-431393923.html","timeQuantum":4995815,"type":"link","title":"Flaming Oven Prompts Consumer Dilemma"}]