[{"profileString":"facebook_page.335882816603262","likesRcvd":1,"postsMade":1,"timeQuantum":4977476,"postidString":"facebook_page.335882816603262_692076160983924"},{"profileString":"facebook_page.335882816603262","repliesRcvd":1,"timeQuantum":4977508,"postidString":"facebook_page.335882816603262_692076160983924"},{"sharesRcvd":1,"profileString":"facebook_page.335882816603262","timeQuantum":4977517,"postidString":"facebook_page.335882816603262_692076160983924"},{"profileString":"facebook_page.335882816603262","likesRcvd":1,"timeQuantum":4977526,"postidString":"facebook_page.335882816603262_692076160983924"},{"profileString":"facebook_page.335882816603262","likesRcvd":1,"timeQuantum":4977571,"postidString":"facebook_page.335882816603262_692076160983924"},{"profileString":"facebook_page.335882816603262","likesRcvd":1,"timeQuantum":4977572,"postidString":"facebook_page.335882816603262_692076160983924"},{"sharesRcvd":1,"profileString":"facebook_page.335882816603262","likesRcvd":1,"postsMade":1,"timeQuantum":4977769,"postidString":"facebook_page.335882816603262_692590750932465"},{"sharesRcvd":1,"profileString":"facebook_page.335882816603262","likesRcvd":1,"timeQuantum":4977778,"postidString":"facebook_page.335882816603262_692590750932465"},{"profileString":"facebook_page.335882816603262","likesRcvd":1,"timeQuantum":4977779,"postidString":"facebook_page.335882816603262_692590750932465"},{"profileString":"facebook_page.335882816603262","likesRcvd":1,"repliesRcvd":1,"timeQuantum":4977787,"postidString":"facebook_page.335882816603262_692590750932465"},{"sharesRcvd":1,"profileString":"facebook_page.335882816603262","timeQuantum":4977823,"postidString":"facebook_page.335882816603262_692590750932465"},{"profileString":"facebook_page.335882816603262","likesRcvd":1,"timeQuantum":4977985,"postidString":"facebook_page.335882816603262_692590750932465"},{"profileString":"facebook_page.335882816603262","likesRcvd":1,"timeQuantum":4978084,"postidString":"facebook_page.335882816603262_692590750932465"},{"sharesRcvd":1,"profileString":"facebook_page.335882816603262","timeQuantum":4978498,"postidString":"facebook_page.335882816603262_692590750932465"},{"sharesRcvd":1,"profileString":"facebook_page.335882816603262","timeQuantum":4978768,"postidString":"facebook_page.335882816603262_692590750932465"},{"sharesRcvd":1,"profileString":"facebook_page.335882816603262","timeQuantum":4978993,"postidString":"facebook_page.335882816603262_692076160983924"},{"sharesRcvd":1,"profileString":"facebook_page.335882816603262","likesRcvd":1,"postsMade":1,"timeQuantum":4981435,"postidString":"facebook_page.335882816603262_699218226936384"},{"profileString":"facebook_page.335882816603262","likesRcvd":1,"timeQuantum":4981436,"postidString":"facebook_page.335882816603262_699218226936384"},{"profileString":"facebook_page.335882816603262","likesRcvd":1,"timeQuantum":4981437,"postidString":"facebook_page.335882816603262_699218226936384"},{"profileString":"facebook_page.335882816603262","likesRcvd":1,"timeQuantum":4981438,"postidString":"facebook_page.335882816603262_699218226936384"},{"profileString":"facebook_page.335882816603262","likesRcvd":1,"repliesRcvd":1,"timeQuantum":4981441,"postidString":"facebook_page.335882816603262_699218226936384"},{"profileString":"facebook_page.335882816603262","likesRcvd":1,"timeQuantum":4981442,"postidString":"facebook_page.335882816603262_699218226936384"},{"profileString":"facebook_page.335882816603262","likesRcvd":1,"timeQuantum":4981443,"postidString":"facebook_page.335882816603262_699218226936384"},{"profileString":"facebook_page.335882816603262","likesRcvd":1,"repliesRcvd":1,"timeQuantum":4981450,"postidString":"facebook_page.335882816603262_699218226936384"},{"profileString":"facebook_page.335882816603262","likesRcvd":1,"timeQuantum":4981451,"postidString":"facebook_page.335882816603262_699218226936384"},{"profileString":"facebook_page.335882816603262","likesRcvd":1,"timeQuantum":4981452,"postidString":"facebook_page.335882816603262_699218226936384"},{"profileString":"facebook_page.335882816603262","likesRcvd":1,"repliesRcvd":1,"timeQuantum":4981459,"postidString":"facebook_page.335882816603262_699218226936384"},{"profileString":"facebook_page.335882816603262","likesRcvd":1,"timeQuantum":4981460,"postidString":"facebook_page.335882816603262_699218226936384"},{"profileString":"facebook_page.335882816603262","likesRcvd":1,"timeQuantum":4981468,"postidString":"facebook_page.335882816603262_699218226936384"},{"profileString":"facebook_page.335882816603262","likesRcvd":1,"timeQuantum":4981477,"postidString":"facebook_page.335882816603262_699218226936384"},{"profileString":"facebook_page.335882816603262","likesRcvd":1,"timeQuantum":4981495,"postidString":"facebook_page.335882816603262_699218226936384"},{"profileString":"facebook_page.335882816603262","likesRcvd":1,"timeQuantum":4981504,"postidString":"facebook_page.335882816603262_699218226936384"},{"profileString":"facebook_page.335882816603262","likesRcvd":1,"repliesRcvd":1,"timeQuantum":4981540,"postidString":"facebook_page.335882816603262_699218226936384"},{"profileString":"facebook_page.335882816603262","likesRcvd":1,"repliesRcvd":1,"timeQuantum":4981621,"postidString":"facebook_page.335882816603262_699218226936384"},{"profileString":"facebook_page.335882816603262","likesRcvd":1,"timeQuantum":4981711,"postidString":"facebook_page.335882816603262_699218226936384"},{"profileString":"facebook_page.335882816603262","likesRcvd":1,"timeQuantum":4981747,"postidString":"facebook_page.335882816603262_699218226936384"},{"profileString":"facebook_page.335882816603262","likesRcvd":1,"timeQuantum":4981846,"postidString":"facebook_page.335882816603262_699218226936384"},{"profileString":"facebook_page.335882816603262","likesRcvd":1,"timeQuantum":4981927,"postidString":"facebook_page.335882816603262_699218226936384"}]