[{"profileString":"facebook_page.230609267719","likesRcvd":1,"postsMade":1,"timeQuantum":4987541,"postidString":"facebook_page.230609267719_10155917350499041"},{"profileString":"facebook_page.230609267719","likesRcvd":1,"timeQuantum":4987545,"postidString":"facebook_page.230609267719_10155917350499041"},{"profileString":"facebook_page.230609267719","likesRcvd":1,"timeQuantum":4987546,"postidString":"facebook_page.230609267719_10155917350499041"},{"profileString":"facebook_page.230609267719","likesRcvd":1,"timeQuantum":4987547,"postidString":"facebook_page.230609267719_10155917350499041"},{"profileString":"facebook_page.230609267719","likesRcvd":1,"timeQuantum":4987548,"postidString":"facebook_page.230609267719_10155917350499041"},{"profileString":"facebook_page.230609267719","repliesRcvd":1,"timeQuantum":4987554,"postidString":"facebook_page.230609267719_10155917350499041"},{"profileString":"facebook_page.230609267719","repliesRcvd":1,"timeQuantum":4987555,"postidString":"facebook_page.230609267719_10155917350499041"},{"profileString":"facebook_page.230609267719","likesRcvd":1,"repliesRcvd":1,"timeQuantum":4987563,"postidString":"facebook_page.230609267719_10155917350499041"},{"profileString":"facebook_page.230609267719","likesRcvd":1,"repliesRcvd":1,"timeQuantum":4987564,"postidString":"facebook_page.230609267719_10155917350499041"},{"profileString":"facebook_page.230609267719","likesRcvd":1,"repliesRcvd":1,"timeQuantum":4987565,"postidString":"facebook_page.230609267719_10155917350499041"},{"profileString":"facebook_page.230609267719","likesRcvd":1,"timeQuantum":4987572,"postidString":"facebook_page.230609267719_10155917350499041"},{"profileString":"facebook_page.230609267719","likesRcvd":1,"repliesRcvd":1,"timeQuantum":4987590,"postidString":"facebook_page.230609267719_10155917350499041"},{"profileString":"facebook_page.230609267719","likesRcvd":1,"timeQuantum":4987599,"postidString":"facebook_page.230609267719_10155917350499041"},{"profileString":"facebook_page.230609267719","likesRcvd":1,"repliesRcvd":1,"timeQuantum":4987617,"postidString":"facebook_page.230609267719_10155917350499041"},{"profileString":"facebook_page.230609267719","likesRcvd":1,"timeQuantum":4987618,"postidString":"facebook_page.230609267719_10155917350499041"},{"profileString":"facebook_page.230609267719","likesRcvd":1,"timeQuantum":4987619,"postidString":"facebook_page.230609267719_10155917350499041"},{"profileString":"facebook_page.230609267719","postsMade":1,"repliesRcvd":1,"postidString":"facebook_page.230609267719_10155381479492720","sharesRcvd":1,"likesRcvd":1,"timeQuantum":4987628},{"sharesRcvd":1,"profileString":"facebook_page.230609267719","likesRcvd":1,"timeQuantum":4987629,"postidString":"facebook_page.230609267719_10155381479492720"},{"profileString":"facebook_page.230609267719","likesRcvd":1,"timeQuantum":4987630,"postidString":"facebook_page.230609267719_10155381479492720"},{"profileString":"facebook_page.230609267719","likesRcvd":1,"timeQuantum":4987631,"postidString":"facebook_page.230609267719_10155381479492720"},{"profileString":"facebook_page.230609267719","likesRcvd":1,"timeQuantum":4987635,"postidString":"facebook_page.230609267719_10155381479492720"},{"profileString":"facebook_page.230609267719","likesRcvd":1,"timeQuantum":4987644,"postidString":"facebook_page.230609267719_10155381479492720"},{"profileString":"facebook_page.230609267719","likesRcvd":1,"timeQuantum":4987689,"postidString":"facebook_page.230609267719_10155917350499041"},{"profileString":"facebook_page.230609267719","likesRcvd":1,"timeQuantum":4987690,"postidString":"facebook_page.230609267719_10155917350499041"},{"profileString":"facebook_page.230609267719","likesRcvd":1,"timeQuantum":4987691,"postidString":"facebook_page.230609267719_10155917350499041"},{"profileString":"facebook_page.230609267719","likesRcvd":1,"timeQuantum":4987692,"postidString":"facebook_page.230609267719_10155917350499041"},{"profileString":"facebook_page.230609267719","likesRcvd":1,"timeQuantum":4987693,"postidString":"facebook_page.230609267719_10155917350499041"},{"profileString":"facebook_page.230609267719","likesRcvd":1,"timeQuantum":4987698,"postidString":"facebook_page.230609267719_10155381479492720"},{"profileString":"facebook_page.230609267719","likesRcvd":1,"timeQuantum":4987707,"postidString":"facebook_page.230609267719_10155381479492720"},{"profileString":"facebook_page.230609267719","likesRcvd":1,"timeQuantum":4987708,"postidString":"facebook_page.230609267719_10155381479492720"},{"profileString":"facebook_page.230609267719","likesRcvd":1,"timeQuantum":4987709,"postidString":"facebook_page.230609267719_10155381479492720"},{"profileString":"facebook_page.230609267719","likesRcvd":1,"timeQuantum":4987710,"postidString":"facebook_page.230609267719_10155381479492720"},{"profileString":"facebook_page.230609267719","likesRcvd":1,"timeQuantum":4987725,"postidString":"facebook_page.230609267719_10155381479492720"},{"profileString":"facebook_page.230609267719","likesRcvd":1,"timeQuantum":4987726,"postidString":"facebook_page.230609267719_10155381479492720"},{"profileString":"facebook_page.230609267719","likesRcvd":1,"timeQuantum":4987734,"postidString":"facebook_page.230609267719_10155381479492720"},{"profileString":"facebook_page.230609267719","likesRcvd":1,"timeQuantum":4987735,"postidString":"facebook_page.230609267719_10155381479492720"},{"profileString":"facebook_page.230609267719","likesRcvd":1,"timeQuantum":4987736,"postidString":"facebook_page.230609267719_10155381479492720"},{"profileString":"facebook_page.230609267719","likesRcvd":1,"repliesRcvd":1,"timeQuantum":4987743,"postidString":"facebook_page.230609267719_10155381479492720"},{"profileString":"facebook_page.230609267719","likesRcvd":1,"timeQuantum":4987752,"postidString":"facebook_page.230609267719_10155381479492720"},{"profileString":"facebook_page.230609267719","likesRcvd":1,"timeQuantum":4987753,"postidString":"facebook_page.230609267719_10155381479492720"},{"profileString":"facebook_page.230609267719","likesRcvd":1,"timeQuantum":4987754,"postidString":"facebook_page.230609267719_10155381479492720"},{"profileString":"facebook_page.230609267719","likesRcvd":1,"timeQuantum":4987755,"postidString":"facebook_page.230609267719_10155381479492720"},{"profileString":"facebook_page.230609267719","likesRcvd":1,"timeQuantum":4987770,"postidString":"facebook_page.230609267719_10155381479492720"},{"profileString":"facebook_page.230609267719","likesRcvd":1,"timeQuantum":4987771,"postidString":"facebook_page.230609267719_10155381479492720"},{"profileString":"facebook_page.230609267719","likesRcvd":1,"timeQuantum":4987788,"postidString":"facebook_page.230609267719_10155381479492720"},{"profileString":"facebook_page.230609267719","likesRcvd":1,"timeQuantum":4987789,"postidString":"facebook_page.230609267719_10155381479492720"},{"profileString":"facebook_page.230609267719","likesRcvd":1,"timeQuantum":4987790,"postidString":"facebook_page.230609267719_10155381479492720"},{"profileString":"facebook_page.230609267719","likesRcvd":1,"timeQuantum":4987815,"postidString":"facebook_page.230609267719_10155381479492720"},{"profileString":"facebook_page.230609267719","likesRcvd":1,"timeQuantum":4987816,"postidString":"facebook_page.230609267719_10155381479492720"},{"profileString":"facebook_page.230609267719","likesRcvd":1,"timeQuantum":4987817,"postidString":"facebook_page.230609267719_10155381479492720"},{"profileString":"facebook_page.230609267719","likesRcvd":1,"timeQuantum":4987851,"postidString":"facebook_page.230609267719_10155381479492720"},{"profileString":"facebook_page.230609267719","likesRcvd":1,"timeQuantum":4987878,"postidString":"facebook_page.230609267719_10155381479492720"},{"profileString":"facebook_page.230609267719","likesRcvd":1,"timeQuantum":4987905,"postidString":"facebook_page.230609267719_10155381479492720"},{"profileString":"facebook_page.230609267719","likesRcvd":1,"timeQuantum":4988013,"postidString":"facebook_page.230609267719_10155381479492720"},{"profileString":"facebook_page.230609267719","likesRcvd":2,"postsMade":1,"timeQuantum":4988142,"postidString":"facebook_page.230609267719_10155386575682720"},{"profileString":"facebook_page.230609267719","likesRcvd":2,"timeQuantum":4988143,"postidString":"facebook_page.230609267719_10155386575682720"},{"profileString":"facebook_page.230609267719","likesRcvd":2,"timeQuantum":4988144,"postidString":"facebook_page.230609267719_10155386575682720"},{"profileString":"facebook_page.230609267719","likesRcvd":1,"timeQuantum":4988145,"postidString":"facebook_page.230609267719_10155386575682720"},{"profileString":"facebook_page.230609267719","likesRcvd":1,"timeQuantum":4988146,"postidString":"facebook_page.230609267719_10155386575682720"},{"profileString":"facebook_page.230609267719","likesRcvd":1,"timeQuantum":4988148,"postidString":"facebook_page.230609267719_10155386575682720"},{"profileString":"facebook_page.230609267719","likesRcvd":1,"timeQuantum":4988149,"postidString":"facebook_page.230609267719_10155386575682720"},{"profileString":"facebook_page.230609267719","likesRcvd":1,"timeQuantum":4988150,"postidString":"facebook_page.230609267719_10155386575682720"},{"profileString":"facebook_page.230609267719","likesRcvd":1,"timeQuantum":4988151,"postidString":"facebook_page.230609267719_10155386575682720"},{"profileString":"facebook_page.230609267719","likesRcvd":1,"timeQuantum":4988157,"postidString":"facebook_page.230609267719_10155386575682720"},{"profileString":"facebook_page.230609267719","likesRcvd":1,"repliesRcvd":1,"timeQuantum":4988166,"postidString":"facebook_page.230609267719_10155386575682720"},{"profileString":"facebook_page.230609267719","likesRcvd":1,"timeQuantum":4988166,"postidString":"facebook_page.230609267719_10155381479492720"},{"profileString":"facebook_page.230609267719","likesRcvd":1,"timeQuantum":4988167,"postidString":"facebook_page.230609267719_10155386575682720"},{"profileString":"facebook_page.230609267719","likesRcvd":1,"timeQuantum":4988168,"postidString":"facebook_page.230609267719_10155386575682720"},{"profileString":"facebook_page.230609267719","likesRcvd":1,"timeQuantum":4988169,"postidString":"facebook_page.230609267719_10155386575682720"},{"profileString":"facebook_page.230609267719","likesRcvd":1,"timeQuantum":4988170,"postidString":"facebook_page.230609267719_10155386575682720"},{"profileString":"facebook_page.230609267719","likesRcvd":1,"timeQuantum":4988171,"postidString":"facebook_page.230609267719_10155386575682720"},{"profileString":"facebook_page.230609267719","likesRcvd":1,"timeQuantum":4988172,"postidString":"facebook_page.230609267719_10155386575682720"},{"profileString":"facebook_page.230609267719","likesRcvd":1,"timeQuantum":4988173,"postidString":"facebook_page.230609267719_10155386575682720"},{"profileString":"facebook_page.230609267719","likesRcvd":1,"timeQuantum":4988184,"postidString":"facebook_page.230609267719_10155386575682720"},{"profileString":"facebook_page.230609267719","likesRcvd":1,"timeQuantum":4988185,"postidString":"facebook_page.230609267719_10155386575682720"},{"profileString":"facebook_page.230609267719","likesRcvd":1,"timeQuantum":4988193,"postidString":"facebook_page.230609267719_10155386575682720"},{"profileString":"facebook_page.230609267719","likesRcvd":1,"timeQuantum":4988202,"postidString":"facebook_page.230609267719_10155386575682720"},{"profileString":"facebook_page.230609267719","likesRcvd":1,"timeQuantum":4988292,"postidString":"facebook_page.230609267719_10155386575682720"},{"profileString":"facebook_page.230609267719","likesRcvd":1,"timeQuantum":4988301,"postidString":"facebook_page.230609267719_10155386575682720"},{"profileString":"facebook_page.230609267719","likesRcvd":1,"timeQuantum":4988310,"postidString":"facebook_page.230609267719_10155386575682720"},{"profileString":"facebook_page.230609267719","likesRcvd":1,"timeQuantum":4988382,"postidString":"facebook_page.230609267719_10155386575682720"},{"profileString":"facebook_page.230609267719","likesRcvd":1,"timeQuantum":4988454,"postidString":"facebook_page.230609267719_10155386575682720"},{"profileString":"facebook_page.230609267719","likesRcvd":1,"timeQuantum":4988463,"postidString":"facebook_page.230609267719_10155386575682720"},{"profileString":"facebook_page.230609267719","likesRcvd":2,"postsMade":1,"repliesRcvd":1,"timeQuantum":4988474,"postidString":"facebook_page.230609267719_10155390298817720"},{"profileString":"facebook_page.230609267719","likesRcvd":2,"timeQuantum":4988475,"postidString":"facebook_page.230609267719_10155390298817720"},{"profileString":"facebook_page.230609267719","likesRcvd":2,"timeQuantum":4988476,"postidString":"facebook_page.230609267719_10155390298817720"},{"profileString":"facebook_page.230609267719","likesRcvd":1,"timeQuantum":4988477,"postidString":"facebook_page.230609267719_10155390298817720"},{"profileString":"facebook_page.230609267719","likesRcvd":1,"timeQuantum":4988478,"postidString":"facebook_page.230609267719_10155390298817720"},{"profileString":"facebook_page.230609267719","likesRcvd":1,"timeQuantum":4988479,"postidString":"facebook_page.230609267719_10155390298817720"},{"profileString":"facebook_page.230609267719","likesRcvd":2,"repliesRcvd":1,"timeQuantum":4988481,"postidString":"facebook_page.230609267719_10155390298817720"},{"profileString":"facebook_page.230609267719","likesRcvd":2,"timeQuantum":4988482,"postidString":"facebook_page.230609267719_10155390298817720"},{"profileString":"facebook_page.230609267719","likesRcvd":1,"timeQuantum":4988483,"postidString":"facebook_page.230609267719_10155390298817720"},{"profileString":"facebook_page.230609267719","likesRcvd":1,"timeQuantum":4988484,"postidString":"facebook_page.230609267719_10155390298817720"},{"profileString":"facebook_page.230609267719","likesRcvd":1,"timeQuantum":4988485,"postidString":"facebook_page.230609267719_10155390298817720"},{"profileString":"facebook_page.230609267719","likesRcvd":1,"timeQuantum":4988486,"postidString":"facebook_page.230609267719_10155390298817720"},{"profileString":"facebook_page.230609267719","likesRcvd":1,"timeQuantum":4988487,"postidString":"facebook_page.230609267719_10155390298817720"},{"profileString":"facebook_page.230609267719","likesRcvd":1,"timeQuantum":4988488,"postidString":"facebook_page.230609267719_10155390298817720"},{"profileString":"facebook_page.230609267719","likesRcvd":1,"timeQuantum":4988490,"postidString":"facebook_page.230609267719_10155390298817720"},{"profileString":"facebook_page.230609267719","likesRcvd":1,"timeQuantum":4988491,"postidString":"facebook_page.230609267719_10155390298817720"},{"profileString":"facebook_page.230609267719","likesRcvd":1,"repliesRcvd":1,"timeQuantum":4988499,"postidString":"facebook_page.230609267719_10155390298817720"},{"profileString":"facebook_page.230609267719","likesRcvd":1,"timeQuantum":4988508,"postidString":"facebook_page.230609267719_10155390298817720"},{"profileString":"facebook_page.230609267719","likesRcvd":1,"timeQuantum":4988517,"postidString":"facebook_page.230609267719_10155390298817720"},{"profileString":"facebook_page.230609267719","likesRcvd":1,"timeQuantum":4988526,"postidString":"facebook_page.230609267719_10155390298817720"},{"profileString":"facebook_page.230609267719","likesRcvd":1,"timeQuantum":4988527,"postidString":"facebook_page.230609267719_10155390298817720"},{"profileString":"facebook_page.230609267719","likesRcvd":1,"timeQuantum":4988544,"postidString":"facebook_page.230609267719_10155390298817720"},{"profileString":"facebook_page.230609267719","repliesRcvd":1,"timeQuantum":4988553,"postidString":"facebook_page.230609267719_10155390298817720"},{"profileString":"facebook_page.230609267719","likesRcvd":1,"timeQuantum":4988571,"postidString":"facebook_page.230609267719_10155390298817720"},{"sharesRcvd":1,"profileString":"facebook_page.230609267719","likesRcvd":1,"timeQuantum":4988580,"postidString":"facebook_page.230609267719_10155390298817720"},{"profileString":"facebook_page.230609267719","likesRcvd":1,"timeQuantum":4988581,"postidString":"facebook_page.230609267719_10155390298817720"},{"profileString":"facebook_page.230609267719","likesRcvd":1,"timeQuantum":4988582,"postidString":"facebook_page.230609267719_10155390298817720"},{"profileString":"facebook_page.230609267719","likesRcvd":1,"timeQuantum":4988583,"postidString":"facebook_page.230609267719_10155390298817720"},{"profileString":"facebook_page.230609267719","likesRcvd":1,"timeQuantum":4988584,"postidString":"facebook_page.230609267719_10155390298817720"},{"profileString":"facebook_page.230609267719","likesRcvd":1,"timeQuantum":4988585,"postidString":"facebook_page.230609267719_10155390298817720"},{"profileString":"facebook_page.230609267719","likesRcvd":1,"timeQuantum":4988586,"postidString":"facebook_page.230609267719_10155390298817720"},{"profileString":"facebook_page.230609267719","likesRcvd":1,"timeQuantum":4988587,"postidString":"facebook_page.230609267719_10155390298817720"},{"sharesRcvd":1,"profileString":"facebook_page.230609267719","likesRcvd":1,"timeQuantum":4988598,"postidString":"facebook_page.230609267719_10155390298817720"},{"profileString":"facebook_page.230609267719","likesRcvd":1,"timeQuantum":4988599,"postidString":"facebook_page.230609267719_10155390298817720"},{"profileString":"facebook_page.230609267719","likesRcvd":1,"timeQuantum":4988600,"postidString":"facebook_page.230609267719_10155390298817720"},{"profileString":"facebook_page.230609267719","likesRcvd":1,"timeQuantum":4988601,"postidString":"facebook_page.230609267719_10155390298817720"},{"profileString":"facebook_page.230609267719","likesRcvd":1,"repliesRcvd":1,"timeQuantum":4988607,"postidString":"facebook_page.230609267719_10155390298817720"},{"profileString":"facebook_page.230609267719","likesRcvd":1,"repliesRcvd":1,"timeQuantum":4988616,"postidString":"facebook_page.230609267719_10155390298817720"},{"profileString":"facebook_page.230609267719","likesRcvd":1,"timeQuantum":4988634,"postidString":"facebook_page.230609267719_10155390298817720"},{"profileString":"facebook_page.230609267719","likesRcvd":1,"timeQuantum":4988635,"postidString":"facebook_page.230609267719_10155390298817720"},{"profileString":"facebook_page.230609267719","likesRcvd":1,"timeQuantum":4988643,"postidString":"facebook_page.230609267719_10155390298817720"},{"profileString":"facebook_page.230609267719","likesRcvd":1,"timeQuantum":4988661,"postidString":"facebook_page.230609267719_10155390298817720"},{"profileString":"facebook_page.230609267719","likesRcvd":1,"timeQuantum":4988670,"postidString":"facebook_page.230609267719_10155390298817720"},{"profileString":"facebook_page.230609267719","likesRcvd":1,"repliesRcvd":1,"timeQuantum":4988679,"postidString":"facebook_page.230609267719_10155390298817720"},{"profileString":"facebook_page.230609267719","likesRcvd":1,"timeQuantum":4988680,"postidString":"facebook_page.230609267719_10155390298817720"},{"profileString":"facebook_page.230609267719","likesRcvd":1,"timeQuantum":4988688,"postidString":"facebook_page.230609267719_10155390298817720"},{"profileString":"facebook_page.230609267719","likesRcvd":1,"timeQuantum":4988706,"postidString":"facebook_page.230609267719_10155390298817720"},{"profileString":"facebook_page.230609267719","likesRcvd":1,"timeQuantum":4988733,"postidString":"facebook_page.230609267719_10155390298817720"},{"profileString":"facebook_page.230609267719","likesRcvd":1,"postsMade":1,"timeQuantum":4988748,"postidString":"facebook_page.230609267719_10155393275762720"},{"profileString":"facebook_page.230609267719","likesRcvd":1,"timeQuantum":4988751,"postidString":"facebook_page.230609267719_10155393275762720"},{"sharesRcvd":1,"profileString":"facebook_page.230609267719","timeQuantum":4988751,"postidString":"facebook_page.230609267719_10155390298817720"},{"profileString":"facebook_page.230609267719","likesRcvd":1,"timeQuantum":4988752,"postidString":"facebook_page.230609267719_10155393275762720"},{"profileString":"facebook_page.230609267719","likesRcvd":1,"timeQuantum":4988753,"postidString":"facebook_page.230609267719_10155393275762720"},{"profileString":"facebook_page.230609267719","likesRcvd":1,"timeQuantum":4988754,"postidString":"facebook_page.230609267719_10155393275762720"},{"profileString":"facebook_page.230609267719","likesRcvd":1,"timeQuantum":4988760,"postidString":"facebook_page.230609267719_10155393275762720"},{"profileString":"facebook_page.230609267719","likesRcvd":1,"timeQuantum":4988761,"postidString":"facebook_page.230609267719_10155393275762720"},{"profileString":"facebook_page.230609267719","likesRcvd":1,"timeQuantum":4988762,"postidString":"facebook_page.230609267719_10155393275762720"},{"profileString":"facebook_page.230609267719","likesRcvd":1,"timeQuantum":4988769,"postidString":"facebook_page.230609267719_10155393275762720"},{"profileString":"facebook_page.230609267719","likesRcvd":1,"timeQuantum":4988769,"postidString":"facebook_page.230609267719_10155390298817720"},{"profileString":"facebook_page.230609267719","likesRcvd":1,"timeQuantum":4988770,"postidString":"facebook_page.230609267719_10155393275762720"},{"profileString":"facebook_page.230609267719","repliesRcvd":1,"timeQuantum":4988778,"postidString":"facebook_page.230609267719_10155390298817720"},{"profileString":"facebook_page.230609267719","likesRcvd":1,"timeQuantum":4988796,"postidString":"facebook_page.230609267719_10155393275762720"},{"profileString":"facebook_page.230609267719","likesRcvd":1,"timeQuantum":4988796,"postidString":"facebook_page.230609267719_10155390298817720"},{"profileString":"facebook_page.230609267719","likesRcvd":1,"timeQuantum":4988850,"postidString":"facebook_page.230609267719_10155393275762720"},{"profileString":"facebook_page.230609267719","likesRcvd":1,"timeQuantum":4988859,"postidString":"facebook_page.230609267719_10155393275762720"},{"profileString":"facebook_page.230609267719","likesRcvd":1,"timeQuantum":4988859,"postidString":"facebook_page.230609267719_10155390298817720"},{"profileString":"facebook_page.230609267719","likesRcvd":1,"timeQuantum":4988868,"postidString":"facebook_page.230609267719_10155393275762720"},{"profileString":"facebook_page.230609267719","likesRcvd":1,"timeQuantum":4988877,"postidString":"facebook_page.230609267719_10155386575682720"},{"profileString":"facebook_page.230609267719","likesRcvd":1,"repliesRcvd":1,"timeQuantum":4988877,"postidString":"facebook_page.230609267719_10155393275762720"},{"profileString":"facebook_page.230609267719","likesRcvd":1,"timeQuantum":4988877,"postidString":"facebook_page.230609267719_10155390298817720"},{"profileString":"facebook_page.230609267719","likesRcvd":1,"timeQuantum":4988895,"postidString":"facebook_page.230609267719_10155390298817720"},{"profileString":"facebook_page.230609267719","likesRcvd":1,"timeQuantum":4988913,"postidString":"facebook_page.230609267719_10155393275762720"},{"profileString":"facebook_page.230609267719","likesRcvd":1,"timeQuantum":4988949,"postidString":"facebook_page.230609267719_10155390298817720"},{"profileString":"facebook_page.230609267719","likesRcvd":1,"postsMade":1,"repliesRcvd":1,"timeQuantum":4988981,"postidString":"facebook_page.230609267719_10155395855817720"},{"profileString":"facebook_page.230609267719","likesRcvd":1,"repliesRcvd":1,"timeQuantum":4988982,"postidString":"facebook_page.230609267719_10155395855817720"},{"profileString":"facebook_page.230609267719","likesRcvd":1,"timeQuantum":4988983,"postidString":"facebook_page.230609267719_10155395855817720"},{"profileString":"facebook_page.230609267719","likesRcvd":1,"timeQuantum":4988984,"postidString":"facebook_page.230609267719_10155395855817720"},{"profileString":"facebook_page.230609267719","likesRcvd":1,"timeQuantum":4988985,"postidString":"facebook_page.230609267719_10155395855817720"},{"profileString":"facebook_page.230609267719","likesRcvd":1,"timeQuantum":4988986,"postidString":"facebook_page.230609267719_10155395855817720"},{"profileString":"facebook_page.230609267719","likesRcvd":1,"timeQuantum":4988987,"postidString":"facebook_page.230609267719_10155395855817720"},{"profileString":"facebook_page.230609267719","likesRcvd":1,"timeQuantum":4988988,"postidString":"facebook_page.230609267719_10155395855817720"},{"profileString":"facebook_page.230609267719","likesRcvd":1,"timeQuantum":4988989,"postidString":"facebook_page.230609267719_10155395855817720"},{"profileString":"facebook_page.230609267719","likesRcvd":1,"repliesRcvd":1,"timeQuantum":4989003,"postidString":"facebook_page.230609267719_10155395855817720"},{"profileString":"facebook_page.230609267719","repliesRcvd":1,"timeQuantum":4989004,"postidString":"facebook_page.230609267719_10155395855817720"},{"sharesRcvd":1,"profileString":"facebook_page.230609267719","timeQuantum":4989030,"postidString":"facebook_page.230609267719_10155386575682720"},{"profileString":"facebook_page.230609267719","likesRcvd":1,"timeQuantum":4989030,"postidString":"facebook_page.230609267719_10155393275762720"},{"sharesRcvd":1,"profileString":"facebook_page.230609267719","timeQuantum":4989031,"postidString":"facebook_page.230609267719_10155386575682720"},{"profileString":"facebook_page.230609267719","repliesRcvd":1,"timeQuantum":4989048,"postidString":"facebook_page.230609267719_10155393275762720"},{"profileString":"facebook_page.230609267719","likesRcvd":1,"timeQuantum":4989057,"postidString":"facebook_page.230609267719_10155395855817720"},{"profileString":"facebook_page.230609267719","likesRcvd":1,"timeQuantum":4989066,"postidString":"facebook_page.230609267719_10155390298817720"},{"profileString":"facebook_page.230609267719","likesRcvd":1,"timeQuantum":4989102,"postidString":"facebook_page.230609267719_10155395855817720"},{"profileString":"facebook_page.230609267719","repliesRcvd":1,"timeQuantum":4989156,"postidString":"facebook_page.230609267719_10155395855817720"},{"profileString":"facebook_page.230609267719","likesRcvd":1,"timeQuantum":4989192,"postidString":"facebook_page.230609267719_10155395855817720"},{"profileString":"facebook_page.230609267719","likesRcvd":1,"timeQuantum":4989264,"postidString":"facebook_page.230609267719_10155390298817720"},{"profileString":"facebook_page.230609267719","postsMade":1,"repliesRcvd":1,"postidString":"facebook_page.230609267719_10155399336237720","sharesRcvd":1,"likesRcvd":1,"timeQuantum":4989299},{"profileString":"facebook_page.230609267719","likesRcvd":1,"repliesRcvd":1,"timeQuantum":4989300,"postidString":"facebook_page.230609267719_10155399336237720"},{"profileString":"facebook_page.230609267719","likesRcvd":1,"repliesRcvd":1,"timeQuantum":4989301,"postidString":"facebook_page.230609267719_10155399336237720"},{"profileString":"facebook_page.230609267719","likesRcvd":1,"repliesRcvd":1,"timeQuantum":4989302,"postidString":"facebook_page.230609267719_10155399336237720"},{"profileString":"facebook_page.230609267719","likesRcvd":1,"repliesRcvd":1,"timeQuantum":4989303,"postidString":"facebook_page.230609267719_10155399336237720"},{"profileString":"facebook_page.230609267719","likesRcvd":1,"timeQuantum":4989304,"postidString":"facebook_page.230609267719_10155399336237720"},{"profileString":"facebook_page.230609267719","likesRcvd":1,"timeQuantum":4989305,"postidString":"facebook_page.230609267719_10155399336237720"},{"profileString":"facebook_page.230609267719","likesRcvd":1,"timeQuantum":4989306,"postidString":"facebook_page.230609267719_10155399336237720"},{"profileString":"facebook_page.230609267719","likesRcvd":1,"timeQuantum":4989307,"postidString":"facebook_page.230609267719_10155399336237720"},{"profileString":"facebook_page.230609267719","likesRcvd":1,"timeQuantum":4989308,"postidString":"facebook_page.230609267719_10155399336237720"},{"profileString":"facebook_page.230609267719","likesRcvd":1,"timeQuantum":4989309,"postidString":"facebook_page.230609267719_10155399336237720"},{"profileString":"facebook_page.230609267719","likesRcvd":1,"timeQuantum":4989310,"postidString":"facebook_page.230609267719_10155399336237720"},{"profileString":"facebook_page.230609267719","likesRcvd":1,"timeQuantum":4989311,"postidString":"facebook_page.230609267719_10155399336237720"},{"profileString":"facebook_page.230609267719","likesRcvd":1,"timeQuantum":4989312,"postidString":"facebook_page.230609267719_10155399336237720"},{"profileString":"facebook_page.230609267719","likesRcvd":1,"timeQuantum":4989313,"postidString":"facebook_page.230609267719_10155399336237720"},{"profileString":"facebook_page.230609267719","likesRcvd":1,"timeQuantum":4989314,"postidString":"facebook_page.230609267719_10155399336237720"},{"profileString":"facebook_page.230609267719","likesRcvd":1,"timeQuantum":4989315,"postidString":"facebook_page.230609267719_10155399336237720"},{"profileString":"facebook_page.230609267719","likesRcvd":1,"timeQuantum":4989316,"postidString":"facebook_page.230609267719_10155399336237720"},{"profileString":"facebook_page.230609267719","likesRcvd":1,"timeQuantum":4989317,"postidString":"facebook_page.230609267719_10155399336237720"},{"profileString":"facebook_page.230609267719","likesRcvd":1,"timeQuantum":4989318,"postidString":"facebook_page.230609267719_10155399336237720"},{"profileString":"facebook_page.230609267719","likesRcvd":1,"timeQuantum":4989319,"postidString":"facebook_page.230609267719_10155399336237720"},{"profileString":"facebook_page.230609267719","likesRcvd":1,"timeQuantum":4989320,"postidString":"facebook_page.230609267719_10155399336237720"},{"profileString":"facebook_page.230609267719","likesRcvd":1,"timeQuantum":4989327,"postidString":"facebook_page.230609267719_10155399336237720"},{"profileString":"facebook_page.230609267719","likesRcvd":1,"timeQuantum":4989336,"postidString":"facebook_page.230609267719_10155399336237720"},{"profileString":"facebook_page.230609267719","repliesRcvd":1,"timeQuantum":4989336,"postidString":"facebook_page.230609267719_10155390298817720"},{"profileString":"facebook_page.230609267719","likesRcvd":1,"timeQuantum":4989337,"postidString":"facebook_page.230609267719_10155399336237720"},{"profileString":"facebook_page.230609267719","likesRcvd":1,"timeQuantum":4989372,"postidString":"facebook_page.230609267719_10155399336237720"},{"profileString":"facebook_page.230609267719","likesRcvd":1,"timeQuantum":4989381,"postidString":"facebook_page.230609267719_10155399336237720"},{"profileString":"facebook_page.230609267719","likesRcvd":1,"timeQuantum":4989444,"postidString":"facebook_page.230609267719_10155399336237720"},{"profileString":"facebook_page.230609267719","likesRcvd":1,"timeQuantum":4989453,"postidString":"facebook_page.230609267719_10155399336237720"},{"profileString":"facebook_page.230609267719","likesRcvd":1,"timeQuantum":4989454,"postidString":"facebook_page.230609267719_10155399336237720"},{"profileString":"facebook_page.230609267719","likesRcvd":1,"timeQuantum":4989462,"postidString":"facebook_page.230609267719_10155399336237720"},{"profileString":"facebook_page.230609267719","likesRcvd":1,"repliesRcvd":1,"timeQuantum":4989480,"postidString":"facebook_page.230609267719_10155399336237720"},{"profileString":"facebook_page.230609267719","likesRcvd":1,"timeQuantum":4989489,"postidString":"facebook_page.230609267719_10155399336237720"},{"profileString":"facebook_page.230609267719","likesRcvd":1,"timeQuantum":4989507,"postidString":"facebook_page.230609267719_10155390298817720"},{"profileString":"facebook_page.230609267719","likesRcvd":1,"postsMade":1,"timeQuantum":4989563,"postidString":"facebook_page.230609267719_10155402298422720"},{"profileString":"facebook_page.230609267719","likesRcvd":1,"timeQuantum":4989579,"postidString":"facebook_page.230609267719_10155402298422720"},{"profileString":"facebook_page.230609267719","likesRcvd":1,"timeQuantum":4989580,"postidString":"facebook_page.230609267719_10155402298422720"},{"profileString":"facebook_page.230609267719","likesRcvd":1,"timeQuantum":4989581,"postidString":"facebook_page.230609267719_10155402298422720"},{"sharesRcvd":1,"profileString":"facebook_page.230609267719","timeQuantum":4989597,"postidString":"facebook_page.230609267719_10155402298422720"},{"profileString":"facebook_page.230609267719","likesRcvd":1,"timeQuantum":4989615,"postidString":"facebook_page.230609267719_10155399336237720"},{"profileString":"facebook_page.230609267719","likesRcvd":1,"timeQuantum":4989615,"postidString":"facebook_page.230609267719_10155402298422720"},{"profileString":"facebook_page.230609267719","likesRcvd":1,"timeQuantum":4989624,"postidString":"facebook_page.230609267719_10155402298422720"},{"profileString":"facebook_page.230609267719","likesRcvd":1,"repliesRcvd":1,"timeQuantum":4989822,"postidString":"facebook_page.230609267719_10155390298817720"},{"profileString":"facebook_page.230609267719","likesRcvd":1,"postsMade":1,"timeQuantum":4990151,"postidString":"facebook_page.230609267719_1227202037402437"},{"profileString":"facebook_page.230609267719","likesRcvd":1,"timeQuantum":4990152,"postidString":"facebook_page.230609267719_1227202037402437"},{"profileString":"facebook_page.230609267719","likesRcvd":1,"timeQuantum":4990153,"postidString":"facebook_page.230609267719_1227202037402437"},{"profileString":"facebook_page.230609267719","likesRcvd":1,"timeQuantum":4990154,"postidString":"facebook_page.230609267719_1227202037402437"},{"profileString":"facebook_page.230609267719","likesRcvd":1,"timeQuantum":4990155,"postidString":"facebook_page.230609267719_1227202037402437"},{"profileString":"facebook_page.230609267719","likesRcvd":1,"timeQuantum":4990156,"postidString":"facebook_page.230609267719_1227202037402437"},{"profileString":"facebook_page.230609267719","likesRcvd":1,"timeQuantum":4990157,"postidString":"facebook_page.230609267719_1227202037402437"},{"profileString":"facebook_page.230609267719","likesRcvd":1,"timeQuantum":4990158,"postidString":"facebook_page.230609267719_1227202037402437"},{"profileString":"facebook_page.230609267719","likesRcvd":1,"timeQuantum":4990164,"postidString":"facebook_page.230609267719_1227202037402437"},{"profileString":"facebook_page.230609267719","likesRcvd":1,"timeQuantum":4990173,"postidString":"facebook_page.230609267719_1227202037402437"},{"profileString":"facebook_page.230609267719","likesRcvd":1,"timeQuantum":4990174,"postidString":"facebook_page.230609267719_1227202037402437"},{"profileString":"facebook_page.230609267719","likesRcvd":1,"timeQuantum":4990175,"postidString":"facebook_page.230609267719_1227202037402437"},{"profileString":"facebook_page.230609267719","likesRcvd":1,"timeQuantum":4990182,"postidString":"facebook_page.230609267719_1227202037402437"},{"profileString":"facebook_page.230609267719","likesRcvd":1,"timeQuantum":4990183,"postidString":"facebook_page.230609267719_1227202037402437"},{"profileString":"facebook_page.230609267719","likesRcvd":1,"timeQuantum":4990184,"postidString":"facebook_page.230609267719_1227202037402437"},{"profileString":"facebook_page.230609267719","likesRcvd":1,"timeQuantum":4990191,"postidString":"facebook_page.230609267719_1227202037402437"},{"profileString":"facebook_page.230609267719","likesRcvd":1,"timeQuantum":4990192,"postidString":"facebook_page.230609267719_1227202037402437"},{"profileString":"facebook_page.230609267719","likesRcvd":1,"timeQuantum":4990193,"postidString":"facebook_page.230609267719_1227202037402437"},{"profileString":"facebook_page.230609267719","likesRcvd":1,"timeQuantum":4990200,"postidString":"facebook_page.230609267719_1227202037402437"},{"profileString":"facebook_page.230609267719","likesRcvd":1,"timeQuantum":4990209,"postidString":"facebook_page.230609267719_1227202037402437"},{"profileString":"facebook_page.230609267719","likesRcvd":1,"timeQuantum":4990210,"postidString":"facebook_page.230609267719_1227202037402437"},{"profileString":"facebook_page.230609267719","likesRcvd":1,"timeQuantum":4990290,"postidString":"facebook_page.230609267719_1227202037402437"},{"profileString":"facebook_page.230609267719","likesRcvd":1,"timeQuantum":4990326,"postidString":"facebook_page.230609267719_1227202037402437"},{"profileString":"facebook_page.230609267719","likesRcvd":1,"timeQuantum":4990488,"postidString":"facebook_page.230609267719_1227202037402437"},{"profileString":"facebook_page.230609267719","likesRcvd":1,"postsMade":1,"timeQuantum":4991020,"postidString":"facebook_page.230609267719_1375312402546921"},{"profileString":"facebook_page.230609267719","likesRcvd":1,"timeQuantum":4991021,"postidString":"facebook_page.230609267719_1375312402546921"},{"profileString":"facebook_page.230609267719","likesRcvd":1,"timeQuantum":4991022,"postidString":"facebook_page.230609267719_1375312402546921"},{"profileString":"facebook_page.230609267719","likesRcvd":1,"timeQuantum":4991023,"postidString":"facebook_page.230609267719_1375312402546921"},{"profileString":"facebook_page.230609267719","likesRcvd":1,"timeQuantum":4991037,"postidString":"facebook_page.230609267719_1375312402546921"},{"profileString":"facebook_page.230609267719","likesRcvd":1,"timeQuantum":4991038,"postidString":"facebook_page.230609267719_1375312402546921"},{"profileString":"facebook_page.230609267719","likesRcvd":1,"timeQuantum":4991039,"postidString":"facebook_page.230609267719_1375312402546921"},{"profileString":"facebook_page.230609267719","likesRcvd":1,"timeQuantum":4991055,"postidString":"facebook_page.230609267719_1227202037402437"},{"profileString":"facebook_page.230609267719","likesRcvd":1,"repliesRcvd":1,"timeQuantum":4991064,"postidString":"facebook_page.230609267719_1375312402546921"},{"profileString":"facebook_page.230609267719","likesRcvd":1,"repliesRcvd":1,"timeQuantum":4991065,"postidString":"facebook_page.230609267719_1375312402546921"},{"profileString":"facebook_page.230609267719","likesRcvd":1,"timeQuantum":4991091,"postidString":"facebook_page.230609267719_1375312402546921"},{"profileString":"facebook_page.230609267719","likesRcvd":1,"timeQuantum":4991154,"postidString":"facebook_page.230609267719_1375312402546921"},{"profileString":"facebook_page.230609267719","likesRcvd":1,"timeQuantum":4991181,"postidString":"facebook_page.230609267719_1375312402546921"},{"profileString":"facebook_page.230609267719","likesRcvd":1,"timeQuantum":4991217,"postidString":"facebook_page.230609267719_1375312402546921"},{"profileString":"facebook_page.230609267719","likesRcvd":1,"timeQuantum":4991226,"postidString":"facebook_page.230609267719_1375312402546921"},{"profileString":"facebook_page.230609267719","likesRcvd":1,"timeQuantum":4991235,"postidString":"facebook_page.230609267719_1375312402546921"},{"profileString":"facebook_page.230609267719","repliesRcvd":1,"timeQuantum":4991244,"postidString":"facebook_page.230609267719_1375312402546921"},{"profileString":"facebook_page.230609267719","likesRcvd":1,"timeQuantum":4991271,"postidString":"facebook_page.230609267719_1375312402546921"},{"profileString":"facebook_page.230609267719","likesRcvd":4,"postsMade":1,"repliesRcvd":1,"timeQuantum":4991295,"postidString":"facebook_page.230609267719_10155421622577720"},{"profileString":"facebook_page.230609267719","likesRcvd":4,"timeQuantum":4991296,"postidString":"facebook_page.230609267719_10155421622577720"},{"sharesRcvd":1,"profileString":"facebook_page.230609267719","likesRcvd":1,"repliesRcvd":1,"timeQuantum":4991298,"postidString":"facebook_page.230609267719_10155421622577720"},{"sharesRcvd":1,"profileString":"facebook_page.230609267719","likesRcvd":1,"repliesRcvd":1,"timeQuantum":4991299,"postidString":"facebook_page.230609267719_10155421622577720"},{"sharesRcvd":1,"profileString":"facebook_page.230609267719","likesRcvd":1,"repliesRcvd":1,"timeQuantum":4991300,"postidString":"facebook_page.230609267719_10155421622577720"},{"sharesRcvd":1,"profileString":"facebook_page.230609267719","likesRcvd":1,"timeQuantum":4991301,"postidString":"facebook_page.230609267719_10155421622577720"},{"profileString":"facebook_page.230609267719","likesRcvd":1,"timeQuantum":4991302,"postidString":"facebook_page.230609267719_10155421622577720"},{"sharesRcvd":1,"profileString":"facebook_page.230609267719","likesRcvd":1,"repliesRcvd":1,"timeQuantum":4991307,"postidString":"facebook_page.230609267719_10155421622577720"},{"profileString":"facebook_page.230609267719","likesRcvd":1,"repliesRcvd":1,"timeQuantum":4991308,"postidString":"facebook_page.230609267719_10155421622577720"},{"profileString":"facebook_page.230609267719","likesRcvd":1,"repliesRcvd":1,"timeQuantum":4991309,"postidString":"facebook_page.230609267719_10155421622577720"},{"profileString":"facebook_page.230609267719","likesRcvd":1,"repliesRcvd":1,"timeQuantum":4991310,"postidString":"facebook_page.230609267719_10155421622577720"},{"profileString":"facebook_page.230609267719","likesRcvd":1,"timeQuantum":4991311,"postidString":"facebook_page.230609267719_10155421622577720"},{"profileString":"facebook_page.230609267719","likesRcvd":1,"timeQuantum":4991312,"postidString":"facebook_page.230609267719_10155421622577720"},{"profileString":"facebook_page.230609267719","likesRcvd":1,"timeQuantum":4991313,"postidString":"facebook_page.230609267719_10155421622577720"},{"profileString":"facebook_page.230609267719","likesRcvd":1,"repliesRcvd":1,"timeQuantum":4991316,"postidString":"facebook_page.230609267719_10155421622577720"},{"profileString":"facebook_page.230609267719","likesRcvd":1,"repliesRcvd":1,"timeQuantum":4991317,"postidString":"facebook_page.230609267719_10155421622577720"},{"profileString":"facebook_page.230609267719","repliesRcvd":1,"timeQuantum":4991318,"postidString":"facebook_page.230609267719_10155421622577720"},{"sharesRcvd":1,"profileString":"facebook_page.230609267719","likesRcvd":1,"repliesRcvd":1,"timeQuantum":4991325,"postidString":"facebook_page.230609267719_10155421622577720"},{"profileString":"facebook_page.230609267719","likesRcvd":1,"timeQuantum":4991326,"postidString":"facebook_page.230609267719_10155421622577720"},{"profileString":"facebook_page.230609267719","likesRcvd":1,"timeQuantum":4991327,"postidString":"facebook_page.230609267719_10155421622577720"},{"profileString":"facebook_page.230609267719","repliesRcvd":1,"timeQuantum":4991334,"postidString":"facebook_page.230609267719_10155421622577720"},{"profileString":"facebook_page.230609267719","repliesRcvd":1,"timeQuantum":4991335,"postidString":"facebook_page.230609267719_10155421622577720"},{"profileString":"facebook_page.230609267719","likesRcvd":1,"timeQuantum":4991343,"postidString":"facebook_page.230609267719_10155421622577720"},{"profileString":"facebook_page.230609267719","repliesRcvd":1,"timeQuantum":4991361,"postidString":"facebook_page.230609267719_10155421622577720"},{"sharesRcvd":1,"profileString":"facebook_page.230609267719","likesRcvd":1,"timeQuantum":4991370,"postidString":"facebook_page.230609267719_10155421622577720"},{"sharesRcvd":1,"profileString":"facebook_page.230609267719","repliesRcvd":1,"timeQuantum":4991379,"postidString":"facebook_page.230609267719_10155421622577720"},{"sharesRcvd":1,"profileString":"facebook_page.230609267719","timeQuantum":4991442,"postidString":"facebook_page.230609267719_10155421622577720"},{"profileString":"facebook_page.230609267719","likesRcvd":1,"timeQuantum":4991460,"postidString":"facebook_page.230609267719_10155421622577720"},{"profileString":"facebook_page.230609267719","likesRcvd":1,"timeQuantum":4991478,"postidString":"facebook_page.230609267719_10155421622577720"},{"sharesRcvd":1,"profileString":"facebook_page.230609267719","timeQuantum":4991505,"postidString":"facebook_page.230609267719_10155421622577720"},{"profileString":"facebook_page.230609267719","repliesRcvd":1,"timeQuantum":4991613,"postidString":"facebook_page.230609267719_10155421622577720"},{"profileString":"facebook_page.230609267719","repliesRcvd":1,"timeQuantum":4991614,"postidString":"facebook_page.230609267719_10155421622577720"},{"profileString":"facebook_page.230609267719","likesRcvd":1,"timeQuantum":4991640,"postidString":"facebook_page.230609267719_10155421622577720"},{"profileString":"facebook_page.230609267719","likesRcvd":1,"postsMade":1,"timeQuantum":4992378,"postidString":"facebook_page.230609267719_10155434795657720"},{"profileString":"facebook_page.230609267719","likesRcvd":1,"timeQuantum":4992379,"postidString":"facebook_page.230609267719_10155434795657720"},{"profileString":"facebook_page.230609267719","likesRcvd":1,"timeQuantum":4992380,"postidString":"facebook_page.230609267719_10155434795657720"},{"profileString":"facebook_page.230609267719","likesRcvd":1,"timeQuantum":4992381,"postidString":"facebook_page.230609267719_10155434795657720"},{"sharesRcvd":1,"profileString":"facebook_page.230609267719","likesRcvd":1,"timeQuantum":4992387,"postidString":"facebook_page.230609267719_10155434795657720"},{"sharesRcvd":1,"profileString":"facebook_page.230609267719","likesRcvd":1,"timeQuantum":4992388,"postidString":"facebook_page.230609267719_10155434795657720"},{"profileString":"facebook_page.230609267719","likesRcvd":1,"timeQuantum":4992389,"postidString":"facebook_page.230609267719_10155434795657720"},{"profileString":"facebook_page.230609267719","postsMade":1,"repliesRcvd":2,"postidString":"facebook_page.230609267719_10155434995987720","sharesRcvd":1,"likesRcvd":3,"timeQuantum":4992392},{"profileString":"facebook_page.230609267719","likesRcvd":2,"repliesRcvd":2,"timeQuantum":4992393,"postidString":"facebook_page.230609267719_10155434995987720"},{"profileString":"facebook_page.230609267719","likesRcvd":2,"repliesRcvd":2,"timeQuantum":4992394,"postidString":"facebook_page.230609267719_10155434995987720"},{"sharesRcvd":1,"profileString":"facebook_page.230609267719","likesRcvd":1,"repliesRcvd":1,"timeQuantum":4992396,"postidString":"facebook_page.230609267719_10155434995987720"},{"profileString":"facebook_page.230609267719","likesRcvd":1,"timeQuantum":4992396,"postidString":"facebook_page.230609267719_10155434795657720"},{"profileString":"facebook_page.230609267719","likesRcvd":1,"timeQuantum":4992397,"postidString":"facebook_page.230609267719_10155434995987720"},{"profileString":"facebook_page.230609267719","likesRcvd":1,"timeQuantum":4992398,"postidString":"facebook_page.230609267719_10155434995987720"},{"profileString":"facebook_page.230609267719","likesRcvd":1,"timeQuantum":4992399,"postidString":"facebook_page.230609267719_10155434995987720"},{"profileString":"facebook_page.230609267719","likesRcvd":1,"timeQuantum":4992400,"postidString":"facebook_page.230609267719_10155434995987720"},{"profileString":"facebook_page.230609267719","likesRcvd":1,"timeQuantum":4992401,"postidString":"facebook_page.230609267719_10155434995987720"},{"profileString":"facebook_page.230609267719","likesRcvd":1,"timeQuantum":4992402,"postidString":"facebook_page.230609267719_10155434995987720"},{"profileString":"facebook_page.230609267719","likesRcvd":1,"timeQuantum":4992403,"postidString":"facebook_page.230609267719_10155434995987720"},{"profileString":"facebook_page.230609267719","likesRcvd":1,"timeQuantum":4992404,"postidString":"facebook_page.230609267719_10155434995987720"},{"profileString":"facebook_page.230609267719","likesRcvd":1,"timeQuantum":4992441,"postidString":"facebook_page.230609267719_10155434995987720"},{"profileString":"facebook_page.230609267719","likesRcvd":1,"timeQuantum":4992441,"postidString":"facebook_page.230609267719_10155434795657720"},{"profileString":"facebook_page.230609267719","likesRcvd":1,"timeQuantum":4992442,"postidString":"facebook_page.230609267719_10155434795657720"},{"profileString":"facebook_page.230609267719","likesRcvd":1,"timeQuantum":4992450,"postidString":"facebook_page.230609267719_10155434795657720"},{"profileString":"facebook_page.230609267719","likesRcvd":1,"timeQuantum":4992459,"postidString":"facebook_page.230609267719_10155434995987720"},{"profileString":"facebook_page.230609267719","likesRcvd":1,"timeQuantum":4992459,"postidString":"facebook_page.230609267719_10155434795657720"},{"profileString":"facebook_page.230609267719","likesRcvd":1,"timeQuantum":4992486,"postidString":"facebook_page.230609267719_10155434795657720"},{"profileString":"facebook_page.230609267719","likesRcvd":1,"timeQuantum":4992540,"postidString":"facebook_page.230609267719_10155434795657720"},{"profileString":"facebook_page.230609267719","likesRcvd":1,"timeQuantum":4992612,"postidString":"facebook_page.230609267719_10155434795657720"},{"profileString":"facebook_page.230609267719","likesRcvd":1,"timeQuantum":4992630,"postidString":"facebook_page.230609267719_10155434995987720"},{"profileString":"facebook_page.230609267719","likesRcvd":1,"timeQuantum":4992657,"postidString":"facebook_page.230609267719_10155434995987720"},{"profileString":"facebook_page.230609267719","likesRcvd":1,"timeQuantum":4992747,"postidString":"facebook_page.230609267719_10155434795657720"},{"sharesRcvd":2,"profileString":"facebook_page.230609267719","likesRcvd":3,"postsMade":1,"timeQuantum":4992761,"postidString":"facebook_page.230609267719_10155439437057720"},{"sharesRcvd":1,"profileString":"facebook_page.230609267719","likesRcvd":2,"timeQuantum":4992762,"postidString":"facebook_page.230609267719_10155439437057720"},{"sharesRcvd":1,"profileString":"facebook_page.230609267719","likesRcvd":2,"timeQuantum":4992763,"postidString":"facebook_page.230609267719_10155439437057720"},{"sharesRcvd":1,"profileString":"facebook_page.230609267719","likesRcvd":1,"repliesRcvd":1,"timeQuantum":4992765,"postidString":"facebook_page.230609267719_10155439437057720"},{"sharesRcvd":1,"profileString":"facebook_page.230609267719","likesRcvd":1,"repliesRcvd":1,"timeQuantum":4992766,"postidString":"facebook_page.230609267719_10155439437057720"},{"profileString":"facebook_page.230609267719","likesRcvd":1,"timeQuantum":4992767,"postidString":"facebook_page.230609267719_10155439437057720"},{"profileString":"facebook_page.230609267719","likesRcvd":1,"timeQuantum":4992768,"postidString":"facebook_page.230609267719_10155439437057720"},{"profileString":"facebook_page.230609267719","likesRcvd":1,"timeQuantum":4992769,"postidString":"facebook_page.230609267719_10155439437057720"},{"profileString":"facebook_page.230609267719","likesRcvd":1,"timeQuantum":4992770,"postidString":"facebook_page.230609267719_10155439437057720"},{"sharesRcvd":1,"profileString":"facebook_page.230609267719","likesRcvd":1,"repliesRcvd":1,"timeQuantum":4992774,"postidString":"facebook_page.230609267719_10155439437057720"},{"sharesRcvd":1,"profileString":"facebook_page.230609267719","likesRcvd":1,"timeQuantum":4992775,"postidString":"facebook_page.230609267719_10155439437057720"},{"profileString":"facebook_page.230609267719","likesRcvd":1,"timeQuantum":4992776,"postidString":"facebook_page.230609267719_10155439437057720"},{"profileString":"facebook_page.230609267719","likesRcvd":1,"timeQuantum":4992777,"postidString":"facebook_page.230609267719_10155439437057720"},{"profileString":"facebook_page.230609267719","likesRcvd":1,"timeQuantum":4992778,"postidString":"facebook_page.230609267719_10155439437057720"},{"profileString":"facebook_page.230609267719","likesRcvd":1,"timeQuantum":4992779,"postidString":"facebook_page.230609267719_10155439437057720"},{"profileString":"facebook_page.230609267719","likesRcvd":1,"timeQuantum":4992780,"postidString":"facebook_page.230609267719_10155439437057720"},{"profileString":"facebook_page.230609267719","likesRcvd":1,"timeQuantum":4992781,"postidString":"facebook_page.230609267719_10155439437057720"},{"sharesRcvd":1,"profileString":"facebook_page.230609267719","likesRcvd":1,"repliesRcvd":1,"timeQuantum":4992792,"postidString":"facebook_page.230609267719_10155439437057720"},{"profileString":"facebook_page.230609267719","likesRcvd":1,"timeQuantum":4992793,"postidString":"facebook_page.230609267719_10155439437057720"},{"profileString":"facebook_page.230609267719","likesRcvd":1,"timeQuantum":4992794,"postidString":"facebook_page.230609267719_10155439437057720"},{"profileString":"facebook_page.230609267719","likesRcvd":1,"timeQuantum":4992795,"postidString":"facebook_page.230609267719_10155439437057720"},{"profileString":"facebook_page.230609267719","likesRcvd":1,"timeQuantum":4992796,"postidString":"facebook_page.230609267719_10155439437057720"},{"profileString":"facebook_page.230609267719","likesRcvd":1,"timeQuantum":4992797,"postidString":"facebook_page.230609267719_10155439437057720"},{"sharesRcvd":1,"profileString":"facebook_page.230609267719","likesRcvd":1,"repliesRcvd":1,"timeQuantum":4992801,"postidString":"facebook_page.230609267719_10155439437057720"},{"sharesRcvd":1,"profileString":"facebook_page.230609267719","likesRcvd":1,"repliesRcvd":1,"timeQuantum":4992802,"postidString":"facebook_page.230609267719_10155439437057720"},{"sharesRcvd":1,"profileString":"facebook_page.230609267719","likesRcvd":1,"timeQuantum":4992803,"postidString":"facebook_page.230609267719_10155439437057720"},{"profileString":"facebook_page.230609267719","likesRcvd":1,"timeQuantum":4992804,"postidString":"facebook_page.230609267719_10155439437057720"},{"profileString":"facebook_page.230609267719","likesRcvd":1,"timeQuantum":4992805,"postidString":"facebook_page.230609267719_10155439437057720"},{"sharesRcvd":1,"profileString":"facebook_page.230609267719","timeQuantum":4992810,"postidString":"facebook_page.230609267719_10155439437057720"},{"profileString":"facebook_page.230609267719","repliesRcvd":1,"timeQuantum":4992828,"postidString":"facebook_page.230609267719_10155439437057720"},{"profileString":"facebook_page.230609267719","repliesRcvd":1,"timeQuantum":4992837,"postidString":"facebook_page.230609267719_10155439437057720"},{"profileString":"facebook_page.230609267719","likesRcvd":1,"timeQuantum":4992864,"postidString":"facebook_page.230609267719_10155439437057720"},{"sharesRcvd":1,"profileString":"facebook_page.230609267719","timeQuantum":4992891,"postidString":"facebook_page.230609267719_10155439437057720"},{"profileString":"facebook_page.230609267719","likesRcvd":1,"timeQuantum":4993737,"postidString":"facebook_page.230609267719_10155434995987720"},{"profileString":"facebook_page.230609267719","likesRcvd":1,"repliesRcvd":1,"timeQuantum":4993773,"postidString":"facebook_page.230609267719_10155434995987720"},{"profileString":"facebook_page.230609267719","postsMade":1,"repliesRcvd":1,"postidString":"facebook_page.230609267719_10155460678852720","sharesRcvd":1,"likesRcvd":4,"timeQuantum":4994497},{"sharesRcvd":1,"profileString":"facebook_page.230609267719","likesRcvd":4,"repliesRcvd":1,"timeQuantum":4994498,"postidString":"facebook_page.230609267719_10155460678852720"},{"sharesRcvd":1,"profileString":"facebook_page.230609267719","likesRcvd":4,"repliesRcvd":1,"timeQuantum":4994499,"postidString":"facebook_page.230609267719_10155460678852720"},{"profileString":"facebook_page.230609267719","likesRcvd":3,"timeQuantum":4994500,"postidString":"facebook_page.230609267719_10155460678852720"},{"sharesRcvd":1,"profileString":"facebook_page.230609267719","likesRcvd":2,"repliesRcvd":1,"timeQuantum":4994502,"postidString":"facebook_page.230609267719_10155460678852720"},{"sharesRcvd":1,"profileString":"facebook_page.230609267719","likesRcvd":2,"timeQuantum":4994503,"postidString":"facebook_page.230609267719_10155460678852720"},{"sharesRcvd":1,"profileString":"facebook_page.230609267719","likesRcvd":2,"timeQuantum":4994504,"postidString":"facebook_page.230609267719_10155460678852720"},{"profileString":"facebook_page.230609267719","likesRcvd":2,"timeQuantum":4994505,"postidString":"facebook_page.230609267719_10155460678852720"},{"profileString":"facebook_page.230609267719","likesRcvd":2,"timeQuantum":4994506,"postidString":"facebook_page.230609267719_10155460678852720"},{"profileString":"facebook_page.230609267719","likesRcvd":2,"timeQuantum":4994507,"postidString":"facebook_page.230609267719_10155460678852720"},{"profileString":"facebook_page.230609267719","likesRcvd":2,"timeQuantum":4994508,"postidString":"facebook_page.230609267719_10155460678852720"},{"profileString":"facebook_page.230609267719","likesRcvd":2,"timeQuantum":4994509,"postidString":"facebook_page.230609267719_10155460678852720"},{"sharesRcvd":1,"profileString":"facebook_page.230609267719","likesRcvd":1,"repliesRcvd":1,"timeQuantum":4994511,"postidString":"facebook_page.230609267719_10155460678852720"},{"profileString":"facebook_page.230609267719","likesRcvd":1,"timeQuantum":4994512,"postidString":"facebook_page.230609267719_10155460678852720"},{"profileString":"facebook_page.230609267719","likesRcvd":1,"timeQuantum":4994513,"postidString":"facebook_page.230609267719_10155460678852720"},{"profileString":"facebook_page.230609267719","likesRcvd":1,"timeQuantum":4994514,"postidString":"facebook_page.230609267719_10155460678852720"},{"sharesRcvd":1,"profileString":"facebook_page.230609267719","likesRcvd":1,"timeQuantum":4994520,"postidString":"facebook_page.230609267719_10155460678852720"},{"sharesRcvd":1,"profileString":"facebook_page.230609267719","likesRcvd":1,"timeQuantum":4994521,"postidString":"facebook_page.230609267719_10155460678852720"},{"profileString":"facebook_page.230609267719","likesRcvd":1,"timeQuantum":4994522,"postidString":"facebook_page.230609267719_10155460678852720"},{"profileString":"facebook_page.230609267719","likesRcvd":1,"timeQuantum":4994523,"postidString":"facebook_page.230609267719_10155460678852720"},{"profileString":"facebook_page.230609267719","likesRcvd":1,"timeQuantum":4994524,"postidString":"facebook_page.230609267719_10155460678852720"},{"profileString":"facebook_page.230609267719","likesRcvd":1,"timeQuantum":4994525,"postidString":"facebook_page.230609267719_10155460678852720"},{"profileString":"facebook_page.230609267719","likesRcvd":1,"timeQuantum":4994526,"postidString":"facebook_page.230609267719_10155460678852720"},{"sharesRcvd":1,"profileString":"facebook_page.230609267719","likesRcvd":1,"repliesRcvd":1,"timeQuantum":4994529,"postidString":"facebook_page.230609267719_10155460678852720"},{"sharesRcvd":1,"profileString":"facebook_page.230609267719","likesRcvd":1,"timeQuantum":4994556,"postidString":"facebook_page.230609267719_10155460678852720"},{"sharesRcvd":1,"profileString":"facebook_page.230609267719","timeQuantum":4994574,"postidString":"facebook_page.230609267719_10155460678852720"},{"profileString":"facebook_page.230609267719","likesRcvd":1,"timeQuantum":4994610,"postidString":"facebook_page.230609267719_10155460678852720"},{"sharesRcvd":1,"profileString":"facebook_page.230609267719","likesRcvd":1,"repliesRcvd":1,"timeQuantum":4994628,"postidString":"facebook_page.230609267719_10155460678852720"},{"profileString":"facebook_page.230609267719","repliesRcvd":1,"timeQuantum":4994629,"postidString":"facebook_page.230609267719_10155460678852720"},{"profileString":"facebook_page.230609267719","likesRcvd":1,"timeQuantum":4994637,"postidString":"facebook_page.230609267719_10155460678852720"},{"profileString":"facebook_page.230609267719","likesRcvd":1,"timeQuantum":4994638,"postidString":"facebook_page.230609267719_10155460678852720"},{"profileString":"facebook_page.230609267719","likesRcvd":1,"timeQuantum":4994655,"postidString":"facebook_page.230609267719_10155460678852720"},{"profileString":"facebook_page.230609267719","likesRcvd":1,"timeQuantum":4994656,"postidString":"facebook_page.230609267719_10155460678852720"},{"profileString":"facebook_page.230609267719","repliesRcvd":1,"timeQuantum":4994664,"postidString":"facebook_page.230609267719_10155460678852720"},{"sharesRcvd":1,"profileString":"facebook_page.230609267719","timeQuantum":4994673,"postidString":"facebook_page.230609267719_10155460678852720"},{"sharesRcvd":1,"profileString":"facebook_page.230609267719","timeQuantum":4994709,"postidString":"facebook_page.230609267719_10155460678852720"},{"sharesRcvd":2,"profileString":"facebook_page.230609267719","likesRcvd":1,"repliesRcvd":1,"timeQuantum":4994727,"postidString":"facebook_page.230609267719_10155460678852720"},{"sharesRcvd":2,"profileString":"facebook_page.230609267719","likesRcvd":1,"timeQuantum":4994728,"postidString":"facebook_page.230609267719_10155460678852720"},{"sharesRcvd":2,"profileString":"facebook_page.230609267719","timeQuantum":4994729,"postidString":"facebook_page.230609267719_10155460678852720"},{"sharesRcvd":2,"profileString":"facebook_page.230609267719","timeQuantum":4994730,"postidString":"facebook_page.230609267719_10155460678852720"},{"sharesRcvd":2,"profileString":"facebook_page.230609267719","timeQuantum":4994731,"postidString":"facebook_page.230609267719_10155460678852720"},{"sharesRcvd":2,"profileString":"facebook_page.230609267719","timeQuantum":4994732,"postidString":"facebook_page.230609267719_10155460678852720"},{"sharesRcvd":1,"profileString":"facebook_page.230609267719","timeQuantum":4994733,"postidString":"facebook_page.230609267719_10155460678852720"},{"sharesRcvd":1,"profileString":"facebook_page.230609267719","timeQuantum":4994734,"postidString":"facebook_page.230609267719_10155460678852720"},{"sharesRcvd":2,"profileString":"facebook_page.230609267719","likesRcvd":1,"timeQuantum":4994736,"postidString":"facebook_page.230609267719_10155460678852720"},{"sharesRcvd":2,"profileString":"facebook_page.230609267719","timeQuantum":4994737,"postidString":"facebook_page.230609267719_10155460678852720"},{"sharesRcvd":2,"profileString":"facebook_page.230609267719","timeQuantum":4994738,"postidString":"facebook_page.230609267719_10155460678852720"},{"sharesRcvd":2,"profileString":"facebook_page.230609267719","timeQuantum":4994739,"postidString":"facebook_page.230609267719_10155460678852720"},{"sharesRcvd":2,"profileString":"facebook_page.230609267719","timeQuantum":4994740,"postidString":"facebook_page.230609267719_10155460678852720"},{"sharesRcvd":2,"profileString":"facebook_page.230609267719","timeQuantum":4994741,"postidString":"facebook_page.230609267719_10155460678852720"},{"sharesRcvd":2,"profileString":"facebook_page.230609267719","timeQuantum":4994742,"postidString":"facebook_page.230609267719_10155460678852720"},{"sharesRcvd":2,"profileString":"facebook_page.230609267719","timeQuantum":4994743,"postidString":"facebook_page.230609267719_10155460678852720"},{"sharesRcvd":2,"profileString":"facebook_page.230609267719","likesRcvd":1,"repliesRcvd":1,"timeQuantum":4994745,"postidString":"facebook_page.230609267719_10155460678852720"},{"sharesRcvd":2,"profileString":"facebook_page.230609267719","timeQuantum":4994746,"postidString":"facebook_page.230609267719_10155460678852720"},{"sharesRcvd":2,"profileString":"facebook_page.230609267719","timeQuantum":4994747,"postidString":"facebook_page.230609267719_10155460678852720"},{"sharesRcvd":2,"profileString":"facebook_page.230609267719","timeQuantum":4994748,"postidString":"facebook_page.230609267719_10155460678852720"},{"sharesRcvd":2,"profileString":"facebook_page.230609267719","timeQuantum":4994749,"postidString":"facebook_page.230609267719_10155460678852720"},{"sharesRcvd":2,"profileString":"facebook_page.230609267719","timeQuantum":4994750,"postidString":"facebook_page.230609267719_10155460678852720"},{"sharesRcvd":1,"profileString":"facebook_page.230609267719","timeQuantum":4994751,"postidString":"facebook_page.230609267719_10155460678852720"},{"sharesRcvd":1,"profileString":"facebook_page.230609267719","timeQuantum":4994752,"postidString":"facebook_page.230609267719_10155460678852720"},{"sharesRcvd":1,"profileString":"facebook_page.230609267719","likesRcvd":1,"timeQuantum":4994754,"postidString":"facebook_page.230609267719_10155460678852720"},{"sharesRcvd":1,"profileString":"facebook_page.230609267719","timeQuantum":4994755,"postidString":"facebook_page.230609267719_10155460678852720"},{"sharesRcvd":1,"profileString":"facebook_page.230609267719","timeQuantum":4994756,"postidString":"facebook_page.230609267719_10155460678852720"},{"sharesRcvd":1,"profileString":"facebook_page.230609267719","timeQuantum":4994757,"postidString":"facebook_page.230609267719_10155460678852720"},{"sharesRcvd":2,"profileString":"facebook_page.230609267719","likesRcvd":1,"timeQuantum":4994763,"postidString":"facebook_page.230609267719_10155460678852720"},{"sharesRcvd":1,"profileString":"facebook_page.230609267719","likesRcvd":1,"timeQuantum":4994764,"postidString":"facebook_page.230609267719_10155460678852720"},{"sharesRcvd":1,"profileString":"facebook_page.230609267719","timeQuantum":4994765,"postidString":"facebook_page.230609267719_10155460678852720"},{"sharesRcvd":1,"profileString":"facebook_page.230609267719","timeQuantum":4994766,"postidString":"facebook_page.230609267719_10155460678852720"},{"sharesRcvd":1,"profileString":"facebook_page.230609267719","timeQuantum":4994767,"postidString":"facebook_page.230609267719_10155460678852720"},{"sharesRcvd":1,"profileString":"facebook_page.230609267719","timeQuantum":4994768,"postidString":"facebook_page.230609267719_10155460678852720"},{"sharesRcvd":1,"profileString":"facebook_page.230609267719","timeQuantum":4994769,"postidString":"facebook_page.230609267719_10155460678852720"},{"sharesRcvd":1,"profileString":"facebook_page.230609267719","timeQuantum":4994770,"postidString":"facebook_page.230609267719_10155460678852720"},{"sharesRcvd":1,"profileString":"facebook_page.230609267719","likesRcvd":1,"timeQuantum":4994772,"postidString":"facebook_page.230609267719_10155460678852720"},{"sharesRcvd":1,"profileString":"facebook_page.230609267719","likesRcvd":1,"timeQuantum":4994773,"postidString":"facebook_page.230609267719_10155460678852720"},{"sharesRcvd":1,"profileString":"facebook_page.230609267719","likesRcvd":1,"timeQuantum":4994774,"postidString":"facebook_page.230609267719_10155460678852720"},{"sharesRcvd":1,"profileString":"facebook_page.230609267719","timeQuantum":4994775,"postidString":"facebook_page.230609267719_10155460678852720"},{"sharesRcvd":1,"profileString":"facebook_page.230609267719","timeQuantum":4994776,"postidString":"facebook_page.230609267719_10155460678852720"},{"sharesRcvd":1,"profileString":"facebook_page.230609267719","likesRcvd":1,"timeQuantum":4994781,"postidString":"facebook_page.230609267719_10155460678852720"},{"sharesRcvd":1,"profileString":"facebook_page.230609267719","likesRcvd":1,"timeQuantum":4994782,"postidString":"facebook_page.230609267719_10155460678852720"},{"sharesRcvd":1,"profileString":"facebook_page.230609267719","timeQuantum":4994783,"postidString":"facebook_page.230609267719_10155460678852720"},{"sharesRcvd":1,"profileString":"facebook_page.230609267719","timeQuantum":4994784,"postidString":"facebook_page.230609267719_10155460678852720"},{"sharesRcvd":1,"profileString":"facebook_page.230609267719","timeQuantum":4994785,"postidString":"facebook_page.230609267719_10155460678852720"},{"sharesRcvd":1,"profileString":"facebook_page.230609267719","timeQuantum":4994786,"postidString":"facebook_page.230609267719_10155460678852720"},{"sharesRcvd":1,"profileString":"facebook_page.230609267719","repliesRcvd":1,"timeQuantum":4994790,"postidString":"facebook_page.230609267719_10155460678852720"},{"sharesRcvd":1,"profileString":"facebook_page.230609267719","timeQuantum":4994791,"postidString":"facebook_page.230609267719_10155460678852720"},{"sharesRcvd":1,"profileString":"facebook_page.230609267719","timeQuantum":4994792,"postidString":"facebook_page.230609267719_10155460678852720"},{"sharesRcvd":1,"profileString":"facebook_page.230609267719","timeQuantum":4994793,"postidString":"facebook_page.230609267719_10155460678852720"},{"sharesRcvd":1,"profileString":"facebook_page.230609267719","timeQuantum":4994794,"postidString":"facebook_page.230609267719_10155460678852720"},{"sharesRcvd":1,"profileString":"facebook_page.230609267719","timeQuantum":4994795,"postidString":"facebook_page.230609267719_10155460678852720"},{"sharesRcvd":1,"profileString":"facebook_page.230609267719","timeQuantum":4994796,"postidString":"facebook_page.230609267719_10155460678852720"},{"sharesRcvd":1,"profileString":"facebook_page.230609267719","repliesRcvd":1,"timeQuantum":4994808,"postidString":"facebook_page.230609267719_10155460678852720"},{"profileString":"facebook_page.230609267719","repliesRcvd":1,"timeQuantum":4994809,"postidString":"facebook_page.230609267719_10155460678852720"},{"sharesRcvd":1,"profileString":"facebook_page.230609267719","timeQuantum":4994817,"postidString":"facebook_page.230609267719_10155460678852720"},{"sharesRcvd":1,"profileString":"facebook_page.230609267719","repliesRcvd":1,"timeQuantum":4994826,"postidString":"facebook_page.230609267719_10155460678852720"},{"profileString":"facebook_page.230609267719","repliesRcvd":1,"timeQuantum":4994827,"postidString":"facebook_page.230609267719_10155460678852720"},{"profileString":"facebook_page.230609267719","likesRcvd":1,"timeQuantum":4994844,"postidString":"facebook_page.230609267719_10155460678852720"},{"sharesRcvd":1,"profileString":"facebook_page.230609267719","timeQuantum":4994916,"postidString":"facebook_page.230609267719_10155460678852720"},{"sharesRcvd":1,"profileString":"facebook_page.230609267719","timeQuantum":4994925,"postidString":"facebook_page.230609267719_10155460678852720"},{"sharesRcvd":1,"profileString":"facebook_page.230609267719","likesRcvd":1,"timeQuantum":4994943,"postidString":"facebook_page.230609267719_10155460678852720"},{"sharesRcvd":1,"profileString":"facebook_page.230609267719","timeQuantum":4994952,"postidString":"facebook_page.230609267719_10155460678852720"},{"sharesRcvd":1,"profileString":"facebook_page.230609267719","timeQuantum":4994961,"postidString":"facebook_page.230609267719_10155460678852720"},{"sharesRcvd":1,"profileString":"facebook_page.230609267719","repliesRcvd":1,"timeQuantum":4994970,"postidString":"facebook_page.230609267719_10155460678852720"},{"sharesRcvd":1,"profileString":"facebook_page.230609267719","timeQuantum":4994971,"postidString":"facebook_page.230609267719_10155460678852720"},{"sharesRcvd":1,"profileString":"facebook_page.230609267719","timeQuantum":4994972,"postidString":"facebook_page.230609267719_10155460678852720"},{"sharesRcvd":1,"profileString":"facebook_page.230609267719","timeQuantum":4995051,"postidString":"facebook_page.230609267719_10155460678852720"},{"sharesRcvd":1,"profileString":"facebook_page.230609267719","timeQuantum":4995375,"postidString":"facebook_page.230609267719_10155460678852720"},{"sharesRcvd":1,"profileString":"facebook_page.230609267719","timeQuantum":4995582,"postidString":"facebook_page.230609267719_10155460678852720"}]