[{"profileString":"facebook_page.368013291443","likesRcvd":1,"postsMade":1,"timeQuantum":4987289,"postidString":"facebook_page.368013291443_10154598177721444"},{"profileString":"facebook_page.368013291443","likesRcvd":1,"timeQuantum":4987290,"postidString":"facebook_page.368013291443_10154598177721444"},{"profileString":"facebook_page.368013291443","likesRcvd":1,"timeQuantum":4987297,"postidString":"facebook_page.368013291443_10154598177721444"},{"profileString":"facebook_page.368013291443","repliesRcvd":1,"timeQuantum":4987306,"postidString":"facebook_page.368013291443_10154598177721444"},{"profileString":"facebook_page.368013291443","likesRcvd":1,"timeQuantum":4987315,"postidString":"facebook_page.368013291443_10154598177721444"},{"profileString":"facebook_page.368013291443","likesRcvd":1,"timeQuantum":4987360,"postidString":"facebook_page.368013291443_10154598177721444"},{"profileString":"facebook_page.368013291443","likesRcvd":1,"timeQuantum":4987414,"postidString":"facebook_page.368013291443_10154598177721444"},{"sharesRcvd":1,"profileString":"facebook_page.368013291443","timeQuantum":4987432,"postidString":"facebook_page.368013291443_10154598177721444"},{"profileString":"facebook_page.368013291443","likesRcvd":1,"repliesRcvd":1,"timeQuantum":4987468,"postidString":"facebook_page.368013291443_10154598177721444"},{"profileString":"facebook_page.368013291443","likesRcvd":1,"timeQuantum":4987513,"postidString":"facebook_page.368013291443_10154598177721444"},{"profileString":"facebook_page.368013291443","likesRcvd":1,"timeQuantum":4987549,"postidString":"facebook_page.368013291443_10154598177721444"},{"profileString":"facebook_page.368013291443","postsMade":1,"timeQuantum":4987565,"postidString":"facebook_page.368013291443_10154600919656444"},{"sharesRcvd":1,"profileString":"facebook_page.368013291443","likesRcvd":1,"timeQuantum":4987567,"postidString":"facebook_page.368013291443_10154600919656444"},{"sharesRcvd":1,"profileString":"facebook_page.368013291443","likesRcvd":1,"timeQuantum":4987585,"postidString":"facebook_page.368013291443_10154600919656444"},{"profileString":"facebook_page.368013291443","likesRcvd":1,"timeQuantum":4987594,"postidString":"facebook_page.368013291443_10154600919656444"},{"profileString":"facebook_page.368013291443","likesRcvd":1,"timeQuantum":4987603,"postidString":"facebook_page.368013291443_10154598177721444"},{"profileString":"facebook_page.368013291443","likesRcvd":1,"timeQuantum":4987684,"postidString":"facebook_page.368013291443_10154600919656444"},{"profileString":"facebook_page.368013291443","repliesRcvd":1,"timeQuantum":4987720,"postidString":"facebook_page.368013291443_10154600919656444"},{"profileString":"facebook_page.368013291443","likesRcvd":1,"timeQuantum":4987801,"postidString":"facebook_page.368013291443_10154600919656444"},{"sharesRcvd":1,"profileString":"facebook_page.368013291443","timeQuantum":4987855,"postidString":"facebook_page.368013291443_10154600919656444"},{"profileString":"facebook_page.368013291443","likesRcvd":1,"timeQuantum":4988458,"postidString":"facebook_page.368013291443_10154600919656444"},{"profileString":"facebook_page.368013291443","likesRcvd":1,"postsMade":1,"repliesRcvd":1,"timeQuantum":4989490,"postidString":"facebook_page.368013291443_10154620075426444"},{"profileString":"facebook_page.368013291443","likesRcvd":1,"repliesRcvd":1,"timeQuantum":4989491,"postidString":"facebook_page.368013291443_10154620075426444"},{"profileString":"facebook_page.368013291443","likesRcvd":1,"repliesRcvd":1,"timeQuantum":4989502,"postidString":"facebook_page.368013291443_10154620075426444"},{"profileString":"facebook_page.368013291443","likesRcvd":1,"timeQuantum":4989503,"postidString":"facebook_page.368013291443_10154620075426444"},{"profileString":"facebook_page.368013291443","likesRcvd":1,"timeQuantum":4989504,"postidString":"facebook_page.368013291443_10154620075426444"},{"profileString":"facebook_page.368013291443","likesRcvd":1,"timeQuantum":4989505,"postidString":"facebook_page.368013291443_10154620075426444"},{"profileString":"facebook_page.368013291443","likesRcvd":1,"timeQuantum":4989538,"postidString":"facebook_page.368013291443_10154620075426444"},{"profileString":"facebook_page.368013291443","likesRcvd":3,"postsMade":1,"repliesRcvd":1,"timeQuantum":4989576,"postidString":"facebook_page.368013291443_10154621047536444"},{"profileString":"facebook_page.368013291443","likesRcvd":3,"repliesRcvd":1,"timeQuantum":4989577,"postidString":"facebook_page.368013291443_10154621047536444"},{"profileString":"facebook_page.368013291443","likesRcvd":3,"timeQuantum":4989578,"postidString":"facebook_page.368013291443_10154621047536444"},{"profileString":"facebook_page.368013291443","likesRcvd":3,"timeQuantum":4989579,"postidString":"facebook_page.368013291443_10154621047536444"},{"profileString":"facebook_page.368013291443","likesRcvd":2,"timeQuantum":4989580,"postidString":"facebook_page.368013291443_10154621047536444"},{"profileString":"facebook_page.368013291443","likesRcvd":2,"timeQuantum":4989581,"postidString":"facebook_page.368013291443_10154621047536444"},{"profileString":"facebook_page.368013291443","likesRcvd":1,"repliesRcvd":1,"timeQuantum":4989583,"postidString":"facebook_page.368013291443_10154621047536444"},{"profileString":"facebook_page.368013291443","likesRcvd":1,"timeQuantum":4989583,"postidString":"facebook_page.368013291443_10154600919656444"},{"profileString":"facebook_page.368013291443","likesRcvd":1,"timeQuantum":4989583,"postidString":"facebook_page.368013291443_10154620075426444"},{"profileString":"facebook_page.368013291443","likesRcvd":1,"repliesRcvd":1,"timeQuantum":4989584,"postidString":"facebook_page.368013291443_10154621047536444"},{"profileString":"facebook_page.368013291443","likesRcvd":1,"timeQuantum":4989584,"postidString":"facebook_page.368013291443_10154620075426444"},{"profileString":"facebook_page.368013291443","likesRcvd":1,"repliesRcvd":1,"timeQuantum":4989585,"postidString":"facebook_page.368013291443_10154621047536444"},{"profileString":"facebook_page.368013291443","likesRcvd":1,"timeQuantum":4989586,"postidString":"facebook_page.368013291443_10154621047536444"},{"profileString":"facebook_page.368013291443","likesRcvd":1,"timeQuantum":4989587,"postidString":"facebook_page.368013291443_10154621047536444"},{"profileString":"facebook_page.368013291443","likesRcvd":1,"timeQuantum":4989588,"postidString":"facebook_page.368013291443_10154621047536444"},{"profileString":"facebook_page.368013291443","likesRcvd":1,"timeQuantum":4989589,"postidString":"facebook_page.368013291443_10154621047536444"},{"profileString":"facebook_page.368013291443","likesRcvd":1,"repliesRcvd":1,"timeQuantum":4989601,"postidString":"facebook_page.368013291443_10154621047536444"},{"profileString":"facebook_page.368013291443","likesRcvd":1,"repliesRcvd":1,"timeQuantum":4989602,"postidString":"facebook_page.368013291443_10154621047536444"},{"profileString":"facebook_page.368013291443","likesRcvd":1,"timeQuantum":4989603,"postidString":"facebook_page.368013291443_10154621047536444"},{"profileString":"facebook_page.368013291443","likesRcvd":1,"timeQuantum":4989604,"postidString":"facebook_page.368013291443_10154621047536444"},{"profileString":"facebook_page.368013291443","likesRcvd":1,"timeQuantum":4989605,"postidString":"facebook_page.368013291443_10154621047536444"},{"profileString":"facebook_page.368013291443","likesRcvd":1,"timeQuantum":4989606,"postidString":"facebook_page.368013291443_10154621047536444"},{"sharesRcvd":1,"profileString":"facebook_page.368013291443","likesRcvd":1,"repliesRcvd":1,"timeQuantum":4989610,"postidString":"facebook_page.368013291443_10154621047536444"},{"sharesRcvd":1,"profileString":"facebook_page.368013291443","likesRcvd":1,"repliesRcvd":1,"timeQuantum":4989619,"postidString":"facebook_page.368013291443_10154621047536444"},{"profileString":"facebook_page.368013291443","likesRcvd":1,"timeQuantum":4989628,"postidString":"facebook_page.368013291443_10154621047536444"},{"profileString":"facebook_page.368013291443","likesRcvd":1,"repliesRcvd":1,"timeQuantum":4989628,"postidString":"facebook_page.368013291443_10154620075426444"},{"profileString":"facebook_page.368013291443","likesRcvd":1,"timeQuantum":4989629,"postidString":"facebook_page.368013291443_10154620075426444"},{"profileString":"facebook_page.368013291443","repliesRcvd":1,"timeQuantum":4989727,"postidString":"facebook_page.368013291443_10154621047536444"},{"profileString":"facebook_page.368013291443","likesRcvd":1,"timeQuantum":4989736,"postidString":"facebook_page.368013291443_10154621047536444"},{"profileString":"facebook_page.368013291443","likesRcvd":1,"postsMade":1,"repliesRcvd":1,"timeQuantum":4989749,"postidString":"facebook_page.368013291443_10154622566276444"},{"profileString":"facebook_page.368013291443","likesRcvd":1,"timeQuantum":4989750,"postidString":"facebook_page.368013291443_10154622566276444"},{"profileString":"facebook_page.368013291443","likesRcvd":1,"timeQuantum":4989751,"postidString":"facebook_page.368013291443_10154622566276444"},{"sharesRcvd":1,"profileString":"facebook_page.368013291443","likesRcvd":1,"repliesRcvd":1,"timeQuantum":4989754,"postidString":"facebook_page.368013291443_10154622566276444"},{"sharesRcvd":1,"profileString":"facebook_page.368013291443","likesRcvd":1,"repliesRcvd":1,"timeQuantum":4989755,"postidString":"facebook_page.368013291443_10154622566276444"},{"profileString":"facebook_page.368013291443","likesRcvd":1,"repliesRcvd":1,"timeQuantum":4989756,"postidString":"facebook_page.368013291443_10154622566276444"},{"profileString":"facebook_page.368013291443","likesRcvd":1,"repliesRcvd":1,"timeQuantum":4989757,"postidString":"facebook_page.368013291443_10154622566276444"},{"profileString":"facebook_page.368013291443","likesRcvd":1,"repliesRcvd":1,"timeQuantum":4989758,"postidString":"facebook_page.368013291443_10154622566276444"},{"profileString":"facebook_page.368013291443","likesRcvd":1,"timeQuantum":4989759,"postidString":"facebook_page.368013291443_10154622566276444"},{"profileString":"facebook_page.368013291443","likesRcvd":1,"timeQuantum":4989760,"postidString":"facebook_page.368013291443_10154622566276444"},{"profileString":"facebook_page.368013291443","likesRcvd":1,"timeQuantum":4989761,"postidString":"facebook_page.368013291443_10154622566276444"},{"profileString":"facebook_page.368013291443","likesRcvd":1,"timeQuantum":4989763,"postidString":"facebook_page.368013291443_10154622566276444"},{"profileString":"facebook_page.368013291443","likesRcvd":1,"timeQuantum":4989772,"postidString":"facebook_page.368013291443_10154621047536444"},{"sharesRcvd":1,"profileString":"facebook_page.368013291443","likesRcvd":1,"timeQuantum":4989772,"postidString":"facebook_page.368013291443_10154622566276444"},{"profileString":"facebook_page.368013291443","likesRcvd":1,"timeQuantum":4989773,"postidString":"facebook_page.368013291443_10154621047536444"},{"profileString":"facebook_page.368013291443","likesRcvd":1,"timeQuantum":4989773,"postidString":"facebook_page.368013291443_10154622566276444"},{"profileString":"facebook_page.368013291443","likesRcvd":1,"timeQuantum":4989774,"postidString":"facebook_page.368013291443_10154621047536444"},{"profileString":"facebook_page.368013291443","likesRcvd":1,"timeQuantum":4989774,"postidString":"facebook_page.368013291443_10154622566276444"},{"profileString":"facebook_page.368013291443","likesRcvd":1,"timeQuantum":4989775,"postidString":"facebook_page.368013291443_10154622566276444"},{"profileString":"facebook_page.368013291443","likesRcvd":1,"timeQuantum":4989776,"postidString":"facebook_page.368013291443_10154622566276444"},{"sharesRcvd":1,"profileString":"facebook_page.368013291443","timeQuantum":4989781,"postidString":"facebook_page.368013291443_10154622566276444"},{"profileString":"facebook_page.368013291443","likesRcvd":1,"timeQuantum":4989790,"postidString":"facebook_page.368013291443_10154622566276444"},{"profileString":"facebook_page.368013291443","likesRcvd":1,"timeQuantum":4989791,"postidString":"facebook_page.368013291443_10154622566276444"},{"profileString":"facebook_page.368013291443","likesRcvd":1,"timeQuantum":4989792,"postidString":"facebook_page.368013291443_10154622566276444"},{"sharesRcvd":1,"profileString":"facebook_page.368013291443","likesRcvd":1,"timeQuantum":4989799,"postidString":"facebook_page.368013291443_10154622566276444"},{"profileString":"facebook_page.368013291443","likesRcvd":1,"timeQuantum":4989800,"postidString":"facebook_page.368013291443_10154622566276444"},{"profileString":"facebook_page.368013291443","likesRcvd":1,"timeQuantum":4989801,"postidString":"facebook_page.368013291443_10154622566276444"},{"profileString":"facebook_page.368013291443","repliesRcvd":1,"timeQuantum":4989817,"postidString":"facebook_page.368013291443_10154621047536444"},{"sharesRcvd":1,"profileString":"facebook_page.368013291443","likesRcvd":1,"timeQuantum":4989817,"postidString":"facebook_page.368013291443_10154622566276444"},{"sharesRcvd":1,"profileString":"facebook_page.368013291443","likesRcvd":1,"timeQuantum":4989818,"postidString":"facebook_page.368013291443_10154622566276444"},{"profileString":"facebook_page.368013291443","likesRcvd":1,"timeQuantum":4989819,"postidString":"facebook_page.368013291443_10154622566276444"},{"profileString":"facebook_page.368013291443","likesRcvd":1,"timeQuantum":4989820,"postidString":"facebook_page.368013291443_10154622566276444"},{"profileString":"facebook_page.368013291443","likesRcvd":1,"timeQuantum":4989821,"postidString":"facebook_page.368013291443_10154622566276444"},{"profileString":"facebook_page.368013291443","likesRcvd":1,"timeQuantum":4989835,"postidString":"facebook_page.368013291443_10154621047536444"},{"profileString":"facebook_page.368013291443","likesRcvd":1,"timeQuantum":4989835,"postidString":"facebook_page.368013291443_10154622566276444"},{"profileString":"facebook_page.368013291443","likesRcvd":1,"timeQuantum":4989844,"postidString":"facebook_page.368013291443_10154621047536444"},{"profileString":"facebook_page.368013291443","likesRcvd":1,"timeQuantum":4989844,"postidString":"facebook_page.368013291443_10154622566276444"},{"profileString":"facebook_page.368013291443","likesRcvd":1,"timeQuantum":4989845,"postidString":"facebook_page.368013291443_10154621047536444"},{"profileString":"facebook_page.368013291443","likesRcvd":1,"timeQuantum":4989845,"postidString":"facebook_page.368013291443_10154622566276444"},{"profileString":"facebook_page.368013291443","likesRcvd":1,"timeQuantum":4989853,"postidString":"facebook_page.368013291443_10154622566276444"},{"profileString":"facebook_page.368013291443","likesRcvd":1,"timeQuantum":4989854,"postidString":"facebook_page.368013291443_10154622566276444"},{"profileString":"facebook_page.368013291443","likesRcvd":1,"timeQuantum":4989871,"postidString":"facebook_page.368013291443_10154622566276444"},{"profileString":"facebook_page.368013291443","likesRcvd":1,"timeQuantum":4989872,"postidString":"facebook_page.368013291443_10154622566276444"},{"profileString":"facebook_page.368013291443","likesRcvd":1,"timeQuantum":4989873,"postidString":"facebook_page.368013291443_10154622566276444"},{"profileString":"facebook_page.368013291443","likesRcvd":1,"timeQuantum":4989898,"postidString":"facebook_page.368013291443_10154622566276444"},{"profileString":"facebook_page.368013291443","likesRcvd":1,"timeQuantum":4989907,"postidString":"facebook_page.368013291443_10154621047536444"},{"profileString":"facebook_page.368013291443","likesRcvd":1,"repliesRcvd":1,"timeQuantum":4989934,"postidString":"facebook_page.368013291443_10154622566276444"},{"profileString":"facebook_page.368013291443","repliesRcvd":1,"timeQuantum":4989935,"postidString":"facebook_page.368013291443_10154622566276444"},{"sharesRcvd":1,"profileString":"facebook_page.368013291443","likesRcvd":1,"repliesRcvd":1,"timeQuantum":4989961,"postidString":"facebook_page.368013291443_10154600919656444"},{"profileString":"facebook_page.368013291443","likesRcvd":1,"timeQuantum":4989961,"postidString":"facebook_page.368013291443_10154598177721444"},{"sharesRcvd":1,"profileString":"facebook_page.368013291443","likesRcvd":1,"repliesRcvd":1,"timeQuantum":4989962,"postidString":"facebook_page.368013291443_10154600919656444"},{"sharesRcvd":1,"profileString":"facebook_page.368013291443","likesRcvd":1,"timeQuantum":4989963,"postidString":"facebook_page.368013291443_10154600919656444"},{"profileString":"facebook_page.368013291443","likesRcvd":1,"timeQuantum":4989964,"postidString":"facebook_page.368013291443_10154600919656444"},{"profileString":"facebook_page.368013291443","likesRcvd":1,"timeQuantum":4989965,"postidString":"facebook_page.368013291443_10154600919656444"},{"profileString":"facebook_page.368013291443","likesRcvd":1,"timeQuantum":4989966,"postidString":"facebook_page.368013291443_10154600919656444"},{"profileString":"facebook_page.368013291443","likesRcvd":1,"timeQuantum":4989967,"postidString":"facebook_page.368013291443_10154600919656444"},{"profileString":"facebook_page.368013291443","likesRcvd":1,"timeQuantum":4989968,"postidString":"facebook_page.368013291443_10154600919656444"},{"profileString":"facebook_page.368013291443","likesRcvd":1,"timeQuantum":4990006,"postidString":"facebook_page.368013291443_10154622566276444"},{"profileString":"facebook_page.368013291443","repliesRcvd":1,"timeQuantum":4990015,"postidString":"facebook_page.368013291443_10154622566276444"},{"profileString":"facebook_page.368013291443","likesRcvd":1,"timeQuantum":4990024,"postidString":"facebook_page.368013291443_10154622566276444"},{"profileString":"facebook_page.368013291443","likesRcvd":1,"postsMade":1,"timeQuantum":4990038,"postidString":"facebook_page.368013291443_10154625173751444"},{"profileString":"facebook_page.368013291443","likesRcvd":1,"timeQuantum":4990039,"postidString":"facebook_page.368013291443_10154625173751444"},{"sharesRcvd":1,"profileString":"facebook_page.368013291443","likesRcvd":1,"timeQuantum":4990042,"postidString":"facebook_page.368013291443_10154625173751444"},{"profileString":"facebook_page.368013291443","likesRcvd":1,"timeQuantum":4990043,"postidString":"facebook_page.368013291443_10154625173751444"},{"profileString":"facebook_page.368013291443","likesRcvd":1,"timeQuantum":4990044,"postidString":"facebook_page.368013291443_10154625173751444"},{"profileString":"facebook_page.368013291443","likesRcvd":1,"timeQuantum":4990045,"postidString":"facebook_page.368013291443_10154625173751444"},{"profileString":"facebook_page.368013291443","likesRcvd":1,"timeQuantum":4990051,"postidString":"facebook_page.368013291443_10154625173751444"},{"profileString":"facebook_page.368013291443","likesRcvd":1,"timeQuantum":4990052,"postidString":"facebook_page.368013291443_10154625173751444"},{"profileString":"facebook_page.368013291443","likesRcvd":1,"timeQuantum":4990060,"postidString":"facebook_page.368013291443_10154622566276444"},{"sharesRcvd":1,"profileString":"facebook_page.368013291443","likesRcvd":1,"timeQuantum":4990060,"postidString":"facebook_page.368013291443_10154625173751444"},{"sharesRcvd":1,"profileString":"facebook_page.368013291443","likesRcvd":1,"timeQuantum":4990061,"postidString":"facebook_page.368013291443_10154625173751444"},{"profileString":"facebook_page.368013291443","likesRcvd":1,"timeQuantum":4990062,"postidString":"facebook_page.368013291443_10154625173751444"},{"profileString":"facebook_page.368013291443","likesRcvd":1,"timeQuantum":4990063,"postidString":"facebook_page.368013291443_10154625173751444"},{"profileString":"facebook_page.368013291443","likesRcvd":1,"timeQuantum":4990064,"postidString":"facebook_page.368013291443_10154625173751444"},{"profileString":"facebook_page.368013291443","likesRcvd":1,"timeQuantum":4990065,"postidString":"facebook_page.368013291443_10154625173751444"},{"profileString":"facebook_page.368013291443","likesRcvd":1,"timeQuantum":4990069,"postidString":"facebook_page.368013291443_10154622566276444"},{"profileString":"facebook_page.368013291443","likesRcvd":1,"timeQuantum":4990069,"postidString":"facebook_page.368013291443_10154625173751444"},{"profileString":"facebook_page.368013291443","likesRcvd":1,"timeQuantum":4990070,"postidString":"facebook_page.368013291443_10154625173751444"},{"profileString":"facebook_page.368013291443","likesRcvd":1,"timeQuantum":4990078,"postidString":"facebook_page.368013291443_10154622566276444"},{"sharesRcvd":1,"profileString":"facebook_page.368013291443","likesRcvd":1,"timeQuantum":4990078,"postidString":"facebook_page.368013291443_10154625173751444"},{"profileString":"facebook_page.368013291443","likesRcvd":1,"timeQuantum":4990079,"postidString":"facebook_page.368013291443_10154625173751444"},{"sharesRcvd":1,"profileString":"facebook_page.368013291443","timeQuantum":4990087,"postidString":"facebook_page.368013291443_10154625173751444"},{"profileString":"facebook_page.368013291443","likesRcvd":1,"timeQuantum":4990096,"postidString":"facebook_page.368013291443_10154622566276444"},{"profileString":"facebook_page.368013291443","likesRcvd":1,"repliesRcvd":1,"timeQuantum":4990096,"postidString":"facebook_page.368013291443_10154625173751444"},{"profileString":"facebook_page.368013291443","likesRcvd":1,"timeQuantum":4990097,"postidString":"facebook_page.368013291443_10154625173751444"},{"profileString":"facebook_page.368013291443","likesRcvd":1,"timeQuantum":4990098,"postidString":"facebook_page.368013291443_10154625173751444"},{"sharesRcvd":1,"profileString":"facebook_page.368013291443","likesRcvd":1,"timeQuantum":4990114,"postidString":"facebook_page.368013291443_10154625173751444"},{"sharesRcvd":1,"profileString":"facebook_page.368013291443","timeQuantum":4990115,"postidString":"facebook_page.368013291443_10154625173751444"},{"profileString":"facebook_page.368013291443","likesRcvd":1,"timeQuantum":4990123,"postidString":"facebook_page.368013291443_10154625173751444"},{"profileString":"facebook_page.368013291443","likesRcvd":1,"timeQuantum":4990124,"postidString":"facebook_page.368013291443_10154625173751444"},{"profileString":"facebook_page.368013291443","likesRcvd":1,"timeQuantum":4990132,"postidString":"facebook_page.368013291443_10154625173751444"},{"profileString":"facebook_page.368013291443","likesRcvd":1,"timeQuantum":4990141,"postidString":"facebook_page.368013291443_10154598177721444"},{"profileString":"facebook_page.368013291443","likesRcvd":1,"timeQuantum":4990141,"postidString":"facebook_page.368013291443_10154625173751444"},{"profileString":"facebook_page.368013291443","likesRcvd":1,"timeQuantum":4990142,"postidString":"facebook_page.368013291443_10154625173751444"},{"sharesRcvd":1,"profileString":"facebook_page.368013291443","likesRcvd":1,"timeQuantum":4990159,"postidString":"facebook_page.368013291443_10154625173751444"},{"profileString":"facebook_page.368013291443","likesRcvd":1,"timeQuantum":4990160,"postidString":"facebook_page.368013291443_10154625173751444"},{"profileString":"facebook_page.368013291443","likesRcvd":1,"timeQuantum":4990161,"postidString":"facebook_page.368013291443_10154625173751444"},{"profileString":"facebook_page.368013291443","likesRcvd":1,"timeQuantum":4990177,"postidString":"facebook_page.368013291443_10154622566276444"},{"profileString":"facebook_page.368013291443","likesRcvd":1,"timeQuantum":4990177,"postidString":"facebook_page.368013291443_10154625173751444"},{"profileString":"facebook_page.368013291443","likesRcvd":1,"timeQuantum":4990178,"postidString":"facebook_page.368013291443_10154625173751444"},{"profileString":"facebook_page.368013291443","likesRcvd":1,"timeQuantum":4990195,"postidString":"facebook_page.368013291443_10154625173751444"},{"sharesRcvd":1,"profileString":"facebook_page.368013291443","likesRcvd":1,"repliesRcvd":1,"timeQuantum":4990204,"postidString":"facebook_page.368013291443_10154625173751444"},{"profileString":"facebook_page.368013291443","likesRcvd":1,"timeQuantum":4990205,"postidString":"facebook_page.368013291443_10154625173751444"},{"sharesRcvd":1,"profileString":"facebook_page.368013291443","likesRcvd":1,"timeQuantum":4990213,"postidString":"facebook_page.368013291443_10154625173751444"},{"profileString":"facebook_page.368013291443","likesRcvd":1,"timeQuantum":4990214,"postidString":"facebook_page.368013291443_10154625173751444"},{"profileString":"facebook_page.368013291443","likesRcvd":1,"timeQuantum":4990258,"postidString":"facebook_page.368013291443_10154625173751444"},{"sharesRcvd":1,"profileString":"facebook_page.368013291443","likesRcvd":1,"timeQuantum":4990321,"postidString":"facebook_page.368013291443_10154625173751444"},{"sharesRcvd":1,"profileString":"facebook_page.368013291443","timeQuantum":4990322,"postidString":"facebook_page.368013291443_10154625173751444"},{"sharesRcvd":1,"profileString":"facebook_page.368013291443","timeQuantum":4990323,"postidString":"facebook_page.368013291443_10154625173751444"},{"profileString":"facebook_page.368013291443","repliesRcvd":1,"timeQuantum":4990330,"postidString":"facebook_page.368013291443_10154625173751444"},{"profileString":"facebook_page.368013291443","likesRcvd":1,"timeQuantum":4990339,"postidString":"facebook_page.368013291443_10154625173751444"},{"sharesRcvd":1,"profileString":"facebook_page.368013291443","timeQuantum":4990357,"postidString":"facebook_page.368013291443_10154625173751444"},{"sharesRcvd":1,"profileString":"facebook_page.368013291443","likesRcvd":1,"timeQuantum":4990375,"postidString":"facebook_page.368013291443_10154625173751444"},{"profileString":"facebook_page.368013291443","likesRcvd":1,"timeQuantum":4990402,"postidString":"facebook_page.368013291443_10154621047536444"},{"profileString":"facebook_page.368013291443","likesRcvd":1,"timeQuantum":4990402,"postidString":"facebook_page.368013291443_10154620075426444"},{"profileString":"facebook_page.368013291443","likesRcvd":1,"timeQuantum":4990402,"postidString":"facebook_page.368013291443_10154622566276444"},{"profileString":"facebook_page.368013291443","likesRcvd":1,"timeQuantum":4990402,"postidString":"facebook_page.368013291443_10154625173751444"},{"profileString":"facebook_page.368013291443","likesRcvd":1,"timeQuantum":4990411,"postidString":"facebook_page.368013291443_10154625173751444"},{"profileString":"facebook_page.368013291443","likesRcvd":1,"timeQuantum":4990456,"postidString":"facebook_page.368013291443_10154622566276444"},{"profileString":"facebook_page.368013291443","likesRcvd":1,"timeQuantum":4990456,"postidString":"facebook_page.368013291443_10154625173751444"},{"profileString":"facebook_page.368013291443","likesRcvd":1,"timeQuantum":4990465,"postidString":"facebook_page.368013291443_10154622566276444"},{"profileString":"facebook_page.368013291443","likesRcvd":1,"timeQuantum":4990483,"postidString":"facebook_page.368013291443_10154625173751444"},{"sharesRcvd":1,"profileString":"facebook_page.368013291443","timeQuantum":4990537,"postidString":"facebook_page.368013291443_10154625173751444"},{"profileString":"facebook_page.368013291443","likesRcvd":1,"timeQuantum":4990582,"postidString":"facebook_page.368013291443_10154625173751444"},{"sharesRcvd":1,"profileString":"facebook_page.368013291443","likesRcvd":1,"timeQuantum":4990600,"postidString":"facebook_page.368013291443_10154600919656444"},{"sharesRcvd":1,"profileString":"facebook_page.368013291443","likesRcvd":1,"timeQuantum":4990601,"postidString":"facebook_page.368013291443_10154600919656444"},{"sharesRcvd":1,"profileString":"facebook_page.368013291443","likesRcvd":1,"timeQuantum":4990602,"postidString":"facebook_page.368013291443_10154600919656444"},{"sharesRcvd":1,"profileString":"facebook_page.368013291443","timeQuantum":4990603,"postidString":"facebook_page.368013291443_10154600919656444"},{"sharesRcvd":1,"profileString":"facebook_page.368013291443","timeQuantum":4990604,"postidString":"facebook_page.368013291443_10154600919656444"},{"profileString":"facebook_page.368013291443","likesRcvd":1,"timeQuantum":4990618,"postidString":"facebook_page.368013291443_10154622566276444"},{"profileString":"facebook_page.368013291443","likesRcvd":1,"repliesRcvd":1,"timeQuantum":4990636,"postidString":"facebook_page.368013291443_10154622566276444"},{"profileString":"facebook_page.368013291443","likesRcvd":1,"timeQuantum":4990816,"postidString":"facebook_page.368013291443_10154625173751444"},{"profileString":"facebook_page.368013291443","likesRcvd":1,"timeQuantum":4990924,"postidString":"facebook_page.368013291443_10154625173751444"},{"profileString":"facebook_page.368013291443","likesRcvd":1,"timeQuantum":4991221,"postidString":"facebook_page.368013291443_10154622566276444"},{"profileString":"facebook_page.368013291443","likesRcvd":1,"postsMade":1,"timeQuantum":4991235,"postidString":"facebook_page.368013291443_10154636838081444"},{"profileString":"facebook_page.368013291443","likesRcvd":1,"repliesRcvd":1,"timeQuantum":4991239,"postidString":"facebook_page.368013291443_10154636838081444"},{"profileString":"facebook_page.368013291443","likesRcvd":1,"timeQuantum":4991240,"postidString":"facebook_page.368013291443_10154636838081444"},{"profileString":"facebook_page.368013291443","likesRcvd":1,"timeQuantum":4991241,"postidString":"facebook_page.368013291443_10154636838081444"},{"profileString":"facebook_page.368013291443","likesRcvd":1,"timeQuantum":4991242,"postidString":"facebook_page.368013291443_10154636838081444"},{"profileString":"facebook_page.368013291443","likesRcvd":1,"timeQuantum":4991243,"postidString":"facebook_page.368013291443_10154636838081444"},{"profileString":"facebook_page.368013291443","likesRcvd":1,"timeQuantum":4991244,"postidString":"facebook_page.368013291443_10154636838081444"},{"profileString":"facebook_page.368013291443","likesRcvd":1,"timeQuantum":4991245,"postidString":"facebook_page.368013291443_10154636838081444"},{"profileString":"facebook_page.368013291443","likesRcvd":1,"timeQuantum":4991246,"postidString":"facebook_page.368013291443_10154636838081444"},{"profileString":"facebook_page.368013291443","likesRcvd":1,"timeQuantum":4991247,"postidString":"facebook_page.368013291443_10154636838081444"},{"profileString":"facebook_page.368013291443","likesRcvd":1,"timeQuantum":4991248,"postidString":"facebook_page.368013291443_10154636838081444"},{"profileString":"facebook_page.368013291443","likesRcvd":1,"timeQuantum":4991249,"postidString":"facebook_page.368013291443_10154636838081444"},{"profileString":"facebook_page.368013291443","likesRcvd":1,"timeQuantum":4991257,"postidString":"facebook_page.368013291443_10154636838081444"},{"profileString":"facebook_page.368013291443","likesRcvd":1,"timeQuantum":4991258,"postidString":"facebook_page.368013291443_10154636838081444"},{"sharesRcvd":1,"profileString":"facebook_page.368013291443","likesRcvd":1,"timeQuantum":4991266,"postidString":"facebook_page.368013291443_10154636838081444"},{"profileString":"facebook_page.368013291443","likesRcvd":1,"timeQuantum":4991293,"postidString":"facebook_page.368013291443_10154636838081444"},{"profileString":"facebook_page.368013291443","likesRcvd":1,"timeQuantum":4991329,"postidString":"facebook_page.368013291443_10154636838081444"},{"profileString":"facebook_page.368013291443","likesRcvd":1,"timeQuantum":4991374,"postidString":"facebook_page.368013291443_10154636838081444"},{"profileString":"facebook_page.368013291443","likesRcvd":1,"timeQuantum":4991428,"postidString":"facebook_page.368013291443_10154636838081444"},{"sharesRcvd":1,"profileString":"facebook_page.368013291443","timeQuantum":4991554,"postidString":"facebook_page.368013291443_10154636838081444"},{"profileString":"facebook_page.368013291443","likesRcvd":1,"timeQuantum":4991563,"postidString":"facebook_page.368013291443_10154636838081444"},{"profileString":"facebook_page.368013291443","likesRcvd":2,"postsMade":1,"timeQuantum":4991570,"postidString":"facebook_page.368013291443_10154640141961444"},{"profileString":"facebook_page.368013291443","likesRcvd":1,"timeQuantum":4991572,"postidString":"facebook_page.368013291443_10154640141961444"},{"profileString":"facebook_page.368013291443","likesRcvd":1,"timeQuantum":4991573,"postidString":"facebook_page.368013291443_10154640141961444"},{"profileString":"facebook_page.368013291443","likesRcvd":1,"timeQuantum":4991574,"postidString":"facebook_page.368013291443_10154640141961444"},{"profileString":"facebook_page.368013291443","likesRcvd":1,"timeQuantum":4991575,"postidString":"facebook_page.368013291443_10154640141961444"},{"sharesRcvd":1,"profileString":"facebook_page.368013291443","timeQuantum":4991581,"postidString":"facebook_page.368013291443_10154640141961444"},{"profileString":"facebook_page.368013291443","likesRcvd":1,"timeQuantum":4991590,"postidString":"facebook_page.368013291443_10154640141961444"},{"profileString":"facebook_page.368013291443","likesRcvd":1,"timeQuantum":4991591,"postidString":"facebook_page.368013291443_10154640141961444"},{"sharesRcvd":1,"profileString":"facebook_page.368013291443","likesRcvd":1,"timeQuantum":4991599,"postidString":"facebook_page.368013291443_10154640141961444"},{"profileString":"facebook_page.368013291443","likesRcvd":1,"timeQuantum":4991599,"postidString":"facebook_page.368013291443_10154622566276444"},{"profileString":"facebook_page.368013291443","likesRcvd":1,"timeQuantum":4991600,"postidString":"facebook_page.368013291443_10154640141961444"},{"sharesRcvd":1,"profileString":"facebook_page.368013291443","timeQuantum":4991608,"postidString":"facebook_page.368013291443_10154640141961444"},{"profileString":"facebook_page.368013291443","likesRcvd":1,"timeQuantum":4991608,"postidString":"facebook_page.368013291443_10154636838081444"},{"profileString":"facebook_page.368013291443","likesRcvd":1,"timeQuantum":4991609,"postidString":"facebook_page.368013291443_10154636838081444"},{"profileString":"facebook_page.368013291443","likesRcvd":1,"timeQuantum":4991680,"postidString":"facebook_page.368013291443_10154640141961444"},{"profileString":"facebook_page.368013291443","likesRcvd":1,"timeQuantum":4991734,"postidString":"facebook_page.368013291443_10154640141961444"},{"profileString":"facebook_page.368013291443","likesRcvd":1,"postsMade":1,"repliesRcvd":1,"timeQuantum":4991766,"postidString":"facebook_page.368013291443_10154641911661444"},{"profileString":"facebook_page.368013291443","likesRcvd":1,"repliesRcvd":1,"timeQuantum":4991767,"postidString":"facebook_page.368013291443_10154641911661444"},{"profileString":"facebook_page.368013291443","likesRcvd":1,"timeQuantum":4991770,"postidString":"facebook_page.368013291443_10154641911661444"},{"profileString":"facebook_page.368013291443","likesRcvd":1,"timeQuantum":4991771,"postidString":"facebook_page.368013291443_10154641911661444"},{"profileString":"facebook_page.368013291443","likesRcvd":1,"repliesRcvd":1,"timeQuantum":4991779,"postidString":"facebook_page.368013291443_10154641911661444"},{"sharesRcvd":1,"profileString":"facebook_page.368013291443","likesRcvd":1,"timeQuantum":4991797,"postidString":"facebook_page.368013291443_10154641911661444"},{"profileString":"facebook_page.368013291443","likesRcvd":1,"timeQuantum":4991798,"postidString":"facebook_page.368013291443_10154641911661444"},{"profileString":"facebook_page.368013291443","likesRcvd":1,"timeQuantum":4991799,"postidString":"facebook_page.368013291443_10154641911661444"},{"profileString":"facebook_page.368013291443","likesRcvd":1,"timeQuantum":4991806,"postidString":"facebook_page.368013291443_10154641911661444"},{"profileString":"facebook_page.368013291443","likesRcvd":1,"timeQuantum":4991807,"postidString":"facebook_page.368013291443_10154641911661444"},{"profileString":"facebook_page.368013291443","likesRcvd":1,"repliesRcvd":1,"timeQuantum":4991815,"postidString":"facebook_page.368013291443_10154641911661444"},{"profileString":"facebook_page.368013291443","likesRcvd":1,"timeQuantum":4991824,"postidString":"facebook_page.368013291443_10154640141961444"},{"profileString":"facebook_page.368013291443","likesRcvd":1,"timeQuantum":4991824,"postidString":"facebook_page.368013291443_10154641911661444"},{"sharesRcvd":1,"profileString":"facebook_page.368013291443","timeQuantum":4991833,"postidString":"facebook_page.368013291443_10154641911661444"},{"profileString":"facebook_page.368013291443","likesRcvd":1,"repliesRcvd":1,"timeQuantum":4991842,"postidString":"facebook_page.368013291443_10154641911661444"},{"profileString":"facebook_page.368013291443","likesRcvd":1,"timeQuantum":4991843,"postidString":"facebook_page.368013291443_10154641911661444"},{"profileString":"facebook_page.368013291443","likesRcvd":1,"timeQuantum":4991844,"postidString":"facebook_page.368013291443_10154641911661444"},{"profileString":"facebook_page.368013291443","likesRcvd":1,"timeQuantum":4991845,"postidString":"facebook_page.368013291443_10154641911661444"},{"profileString":"facebook_page.368013291443","likesRcvd":1,"timeQuantum":4991887,"postidString":"facebook_page.368013291443_10154640141961444"},{"profileString":"facebook_page.368013291443","likesRcvd":1,"timeQuantum":4991887,"postidString":"facebook_page.368013291443_10154641911661444"},{"profileString":"facebook_page.368013291443","likesRcvd":1,"timeQuantum":4991905,"postidString":"facebook_page.368013291443_10154641911661444"},{"profileString":"facebook_page.368013291443","likesRcvd":1,"timeQuantum":4992364,"postidString":"facebook_page.368013291443_10154640141961444"},{"profileString":"facebook_page.368013291443","likesRcvd":1,"timeQuantum":4992364,"postidString":"facebook_page.368013291443_10154636838081444"},{"sharesRcvd":1,"profileString":"facebook_page.368013291443","likesRcvd":1,"postsMade":1,"timeQuantum":4993039,"postidString":"facebook_page.368013291443_10154654255001444"},{"profileString":"facebook_page.368013291443","likesRcvd":1,"timeQuantum":4993040,"postidString":"facebook_page.368013291443_10154654255001444"},{"profileString":"facebook_page.368013291443","likesRcvd":1,"timeQuantum":4993041,"postidString":"facebook_page.368013291443_10154654255001444"},{"profileString":"facebook_page.368013291443","likesRcvd":2,"postsMade":1,"timeQuantum":4993042,"postidString":"facebook_page.368013291443_10154654274211444"},{"profileString":"facebook_page.368013291443","likesRcvd":1,"timeQuantum":4993042,"postidString":"facebook_page.368013291443_10154654255001444"},{"profileString":"facebook_page.368013291443","likesRcvd":2,"timeQuantum":4993043,"postidString":"facebook_page.368013291443_10154654274211444"},{"profileString":"facebook_page.368013291443","likesRcvd":1,"timeQuantum":4993043,"postidString":"facebook_page.368013291443_10154654255001444"},{"profileString":"facebook_page.368013291443","likesRcvd":2,"timeQuantum":4993044,"postidString":"facebook_page.368013291443_10154654274211444"},{"profileString":"facebook_page.368013291443","likesRcvd":1,"timeQuantum":4993044,"postidString":"facebook_page.368013291443_10154654255001444"},{"profileString":"facebook_page.368013291443","likesRcvd":1,"timeQuantum":4993045,"postidString":"facebook_page.368013291443_10154654274211444"},{"profileString":"facebook_page.368013291443","likesRcvd":1,"timeQuantum":4993045,"postidString":"facebook_page.368013291443_10154654255001444"},{"profileString":"facebook_page.368013291443","likesRcvd":1,"timeQuantum":4993046,"postidString":"facebook_page.368013291443_10154654274211444"},{"sharesRcvd":1,"profileString":"facebook_page.368013291443","repliesRcvd":1,"timeQuantum":4993048,"postidString":"facebook_page.368013291443_10154654274211444"},{"profileString":"facebook_page.368013291443","likesRcvd":1,"timeQuantum":4993048,"postidString":"facebook_page.368013291443_10154654255001444"},{"profileString":"facebook_page.368013291443","likesRcvd":1,"timeQuantum":4993049,"postidString":"facebook_page.368013291443_10154654255001444"},{"profileString":"facebook_page.368013291443","likesRcvd":1,"timeQuantum":4993050,"postidString":"facebook_page.368013291443_10154654255001444"},{"profileString":"facebook_page.368013291443","likesRcvd":1,"timeQuantum":4993057,"postidString":"facebook_page.368013291443_10154654274211444"},{"profileString":"facebook_page.368013291443","likesRcvd":1,"timeQuantum":4993058,"postidString":"facebook_page.368013291443_10154654274211444"},{"profileString":"facebook_page.368013291443","likesRcvd":1,"timeQuantum":4993059,"postidString":"facebook_page.368013291443_10154654274211444"},{"profileString":"facebook_page.368013291443","likesRcvd":1,"timeQuantum":4993060,"postidString":"facebook_page.368013291443_10154654274211444"},{"profileString":"facebook_page.368013291443","likesRcvd":1,"timeQuantum":4993061,"postidString":"facebook_page.368013291443_10154654274211444"},{"sharesRcvd":1,"profileString":"facebook_page.368013291443","likesRcvd":1,"timeQuantum":4993066,"postidString":"facebook_page.368013291443_10154654274211444"},{"profileString":"facebook_page.368013291443","likesRcvd":1,"repliesRcvd":1,"timeQuantum":4993066,"postidString":"facebook_page.368013291443_10154654255001444"},{"profileString":"facebook_page.368013291443","likesRcvd":1,"timeQuantum":4993067,"postidString":"facebook_page.368013291443_10154654274211444"},{"profileString":"facebook_page.368013291443","likesRcvd":1,"timeQuantum":4993067,"postidString":"facebook_page.368013291443_10154654255001444"},{"sharesRcvd":1,"profileString":"facebook_page.368013291443","timeQuantum":4993093,"postidString":"facebook_page.368013291443_10154654274211444"},{"profileString":"facebook_page.368013291443","likesRcvd":1,"timeQuantum":4993093,"postidString":"facebook_page.368013291443_10154654255001444"},{"profileString":"facebook_page.368013291443","likesRcvd":1,"timeQuantum":4993102,"postidString":"facebook_page.368013291443_10154654274211444"},{"profileString":"facebook_page.368013291443","likesRcvd":1,"repliesRcvd":1,"timeQuantum":4993111,"postidString":"facebook_page.368013291443_10154654274211444"},{"profileString":"facebook_page.368013291443","likesRcvd":1,"timeQuantum":4993112,"postidString":"facebook_page.368013291443_10154654274211444"},{"profileString":"facebook_page.368013291443","likesRcvd":1,"timeQuantum":4993138,"postidString":"facebook_page.368013291443_10154654274211444"},{"profileString":"facebook_page.368013291443","likesRcvd":1,"timeQuantum":4993138,"postidString":"facebook_page.368013291443_10154654255001444"},{"profileString":"facebook_page.368013291443","likesRcvd":1,"timeQuantum":4993139,"postidString":"facebook_page.368013291443_10154654274211444"},{"profileString":"facebook_page.368013291443","likesRcvd":1,"timeQuantum":4993140,"postidString":"facebook_page.368013291443_10154654274211444"},{"profileString":"facebook_page.368013291443","likesRcvd":1,"timeQuantum":4993183,"postidString":"facebook_page.368013291443_10154654255001444"},{"profileString":"facebook_page.368013291443","likesRcvd":1,"timeQuantum":4993201,"postidString":"facebook_page.368013291443_10154654274211444"},{"profileString":"facebook_page.368013291443","likesRcvd":1,"timeQuantum":4993228,"postidString":"facebook_page.368013291443_10154654255001444"},{"sharesRcvd":1,"profileString":"facebook_page.368013291443","repliesRcvd":1,"timeQuantum":4993300,"postidString":"facebook_page.368013291443_10154654255001444"},{"profileString":"facebook_page.368013291443","likesRcvd":1,"timeQuantum":4993327,"postidString":"facebook_page.368013291443_10154654255001444"},{"profileString":"facebook_page.368013291443","likesRcvd":1,"timeQuantum":4993345,"postidString":"facebook_page.368013291443_10154654274211444"},{"profileString":"facebook_page.368013291443","likesRcvd":1,"timeQuantum":4993534,"postidString":"facebook_page.368013291443_10154654274211444"},{"profileString":"facebook_page.368013291443","likesRcvd":1,"timeQuantum":4993606,"postidString":"facebook_page.368013291443_10154654274211444"},{"profileString":"facebook_page.368013291443","likesRcvd":1,"timeQuantum":4993606,"postidString":"facebook_page.368013291443_10154654255001444"},{"profileString":"facebook_page.368013291443","repliesRcvd":1,"timeQuantum":4993660,"postidString":"facebook_page.368013291443_10154654274211444"},{"profileString":"facebook_page.368013291443","likesRcvd":1,"timeQuantum":4993858,"postidString":"facebook_page.368013291443_10154654274211444"},{"profileString":"facebook_page.368013291443","likesRcvd":1,"timeQuantum":4994065,"postidString":"facebook_page.368013291443_10154654274211444"},{"profileString":"facebook_page.368013291443","likesRcvd":1,"postsMade":1,"repliesRcvd":1,"timeQuantum":4994200,"postidString":"facebook_page.368013291443_10154665887771444"},{"profileString":"facebook_page.368013291443","likesRcvd":1,"timeQuantum":4994201,"postidString":"facebook_page.368013291443_10154665887771444"},{"profileString":"facebook_page.368013291443","likesRcvd":1,"timeQuantum":4994218,"postidString":"facebook_page.368013291443_10154665887771444"},{"profileString":"facebook_page.368013291443","likesRcvd":1,"timeQuantum":4994227,"postidString":"facebook_page.368013291443_10154665887771444"},{"profileString":"facebook_page.368013291443","likesRcvd":1,"timeQuantum":4994236,"postidString":"facebook_page.368013291443_10154665887771444"},{"profileString":"facebook_page.368013291443","likesRcvd":1,"timeQuantum":4994254,"postidString":"facebook_page.368013291443_10154665887771444"},{"sharesRcvd":1,"profileString":"facebook_page.368013291443","repliesRcvd":1,"timeQuantum":4994281,"postidString":"facebook_page.368013291443_10154665887771444"},{"profileString":"facebook_page.368013291443","likesRcvd":1,"timeQuantum":4994344,"postidString":"facebook_page.368013291443_10154665887771444"},{"profileString":"facebook_page.368013291443","likesRcvd":1,"timeQuantum":4994371,"postidString":"facebook_page.368013291443_10154665887771444"},{"profileString":"facebook_page.368013291443","likesRcvd":1,"timeQuantum":4994425,"postidString":"facebook_page.368013291443_10154665887771444"},{"profileString":"facebook_page.368013291443","repliesRcvd":1,"timeQuantum":4994866,"postidString":"facebook_page.368013291443_10154600919656444"},{"profileString":"facebook_page.368013291443","likesRcvd":1,"postsMade":1,"timeQuantum":4995058,"postidString":"facebook_page.368013291443_10154674557551444"},{"profileString":"facebook_page.368013291443","likesRcvd":1,"repliesRcvd":1,"timeQuantum":4995064,"postidString":"facebook_page.368013291443_10154674557551444"},{"profileString":"facebook_page.368013291443","likesRcvd":1,"timeQuantum":4995065,"postidString":"facebook_page.368013291443_10154674557551444"},{"profileString":"facebook_page.368013291443","likesRcvd":1,"repliesRcvd":1,"timeQuantum":4995073,"postidString":"facebook_page.368013291443_10154674557551444"},{"profileString":"facebook_page.368013291443","likesRcvd":1,"timeQuantum":4995199,"postidString":"facebook_page.368013291443_10154674557551444"},{"profileString":"facebook_page.368013291443","postsMade":1,"timeQuantum":4995504,"postidString":"facebook_page.368013291443_10154679756681444"},{"profileString":"facebook_page.368013291443","likesRcvd":1,"timeQuantum":4995532,"postidString":"facebook_page.368013291443_10154679756681444"},{"profileString":"facebook_page.368013291443","likesRcvd":1,"timeQuantum":4995541,"postidString":"facebook_page.368013291443_10154679756681444"},{"profileString":"facebook_page.368013291443","likesRcvd":1,"timeQuantum":4995577,"postidString":"facebook_page.368013291443_10154679756681444"},{"sharesRcvd":1,"profileString":"facebook_page.368013291443","likesRcvd":1,"repliesRcvd":1,"timeQuantum":4995658,"postidString":"facebook_page.368013291443_10154679756681444"},{"profileString":"facebook_page.368013291443","repliesRcvd":1,"timeQuantum":4995667,"postidString":"facebook_page.368013291443_10154679756681444"},{"profileString":"facebook_page.368013291443","likesRcvd":1,"timeQuantum":4995820,"postidString":"facebook_page.368013291443_10154679756681444"}]