[{"content":"Trying to teach Arty to walk Glory.... um... still working on it! #lovelife","profileString":"facebook_page.108572202527519","postURL":"https://facebook.com/108572202527519/posts/1574305322620859","avatar":"https://graph.facebook.com/108572202527519/picture","classification":{"engine":"aylien","language":"en","taxonomy":[{"score":"0.0891","confident":true,"links":[{"link":"https://api.aylien.com/api/v1/classify/taxonomy/iab-qag/IAB9","rel":"self"}],"id":"IAB9","label":"Hobbies & Interests"},{"score":"0.0518","confident":false,"links":[{"link":"https://api.aylien.com/api/v1/classify/taxonomy/iab-qag/IAB9-23","rel":"self"},{"link":"https://api.aylien.com/api/v1/classify/taxonomy/iab-qag/IAB9","rel":"parent"}],"id":"IAB9-23","label":"Photography"}]},"postidString":"facebook_page.108572202527519_1574305322620859","postMeta":{"inserted":"content-engine"},"timestamp":1496343043,"sharesRcvd":6,"likesRcvd":1144,"source":"facebook_page","lastUpdateQuantum":4995258,"name":"Linda Church","imageLarge":"https://scontent.xx.fbcdn.net/v/t1.0-9/s720x720/18893100_1574305322620859_1848799301167601538_n.jpg?oh=ab172c3e49aeb6be0de2dc93831f7bcc&oe=59B4D1BE","objectID":"1574305322620859","repliesRcvd":213,"image":"https://scontent.xx.fbcdn.net/v/t1.0-0/s130x130/18893100_1574305322620859_1848799301167601538_n.jpg?oh=d318ddf73fef68505515c7fe5f7c10b7&oe=59A99FAB","link":"https://www.facebook.com/108572202527519/photos/a.179811635403575.51628.108572202527519/1574305322620859/?type=3","timeQuantum":4987810,"title":"Timeline Photos","type":"photo"},{"content":"I'm back leading Glory...calling it a day! Hummmm... happy hour anyone? #retired #justchillin.","profileString":"facebook_page.108572202527519","postURL":"https://facebook.com/108572202527519/posts/1574455339272524","avatar":"https://graph.facebook.com/108572202527519/picture","classification":{"engine":"aylien","language":"en","taxonomy":[{"score":"0.0712","confident":false,"links":[{"link":"https://api.aylien.com/api/v1/classify/taxonomy/iab-qag/IAB9","rel":"self"}],"id":"IAB9","label":"Hobbies & Interests"},{"score":"0.0544","confident":false,"links":[{"link":"https://api.aylien.com/api/v1/classify/taxonomy/iab-qag/IAB9-23","rel":"self"},{"link":"https://api.aylien.com/api/v1/classify/taxonomy/iab-qag/IAB9","rel":"parent"}],"id":"IAB9-23","label":"Photography"}]},"postidString":"facebook_page.108572202527519_1574455339272524","postMeta":{"inserted":"content-engine"},"timestamp":1496351681,"sharesRcvd":5,"likesRcvd":676,"source":"facebook_page","lastUpdateQuantum":4995258,"name":"Linda Church","imageLarge":"https://scontent.xx.fbcdn.net/v/t1.0-9/s720x720/18767820_1574455339272524_7173890302234689385_n.jpg?oh=d8bc1dc5a075c2a789736cf039d11f47&oe=59A4DE0C","objectID":"1574455339272524","repliesRcvd":149,"image":"https://scontent.xx.fbcdn.net/v/t1.0-0/s130x130/18767820_1574455339272524_7173890302234689385_n.jpg?oh=8fd61fe50a06b5ad14cf9ba76f30f570&oe=59A0E719","link":"https://www.facebook.com/108572202527519/photos/a.179811635403575.51628.108572202527519/1574455339272524/?type=3","timeQuantum":4987838,"title":"Timeline Photos","type":"photo"},{"content":"Hail now in the Pocono mountains! #stormyweather #summer","profileString":"facebook_page.108572202527519","postURL":"https://facebook.com/108572202527519/posts/1580640525320672","avatar":"https://graph.facebook.com/108572202527519/picture","classification":{"engine":"aylien","language":"en","taxonomy":[{"score":"0.1911","confident":false,"links":[{"link":"https://api.aylien.com/api/v1/classify/taxonomy/iab-qag/IAB10-5","rel":"self"},{"link":"https://api.aylien.com/api/v1/classify/taxonomy/iab-qag/IAB10","rel":"parent"}],"id":"IAB10-5","label":"Home Repair"},{"score":"0.0655","confident":false,"links":[{"link":"https://api.aylien.com/api/v1/classify/taxonomy/iab-qag/IAB17","rel":"self"}],"id":"IAB17","label":"Sports"},{"score":"0.0645","confident":true,"links":[{"link":"https://api.aylien.com/api/v1/classify/taxonomy/iab-qag/IAB17-43","rel":"self"},{"link":"https://api.aylien.com/api/v1/classify/taxonomy/iab-qag/IAB17","rel":"parent"}],"id":"IAB17-43","label":"Waterski/Wakeboard"},{"score":"0.0603","confident":false,"links":[{"link":"https://api.aylien.com/api/v1/classify/taxonomy/iab-qag/IAB9","rel":"self"}],"id":"IAB9","label":"Hobbies & Interests"},{"score":"0.0574","confident":false,"links":[{"link":"https://api.aylien.com/api/v1/classify/taxonomy/iab-qag/IAB10","rel":"self"}],"id":"IAB10","label":"Home & Garden"},{"score":"0.0521","confident":false,"links":[{"link":"https://api.aylien.com/api/v1/classify/taxonomy/iab-qag/IAB9-4","rel":"self"},{"link":"https://api.aylien.com/api/v1/classify/taxonomy/iab-qag/IAB9","rel":"parent"}],"id":"IAB9-4","label":"Birdwatching"}]},"postidString":"facebook_page.108572202527519_1580640525320672","postMeta":{"inserted":"content-engine"},"timestamp":1496801353,"sharesRcvd":12,"likesRcvd":548,"source":"facebook_page","lastUpdateQuantum":4995258,"name":"Linda Church","imageLarge":"https://scontent.xx.fbcdn.net/v/t15.0-10/s720x720/19048853_1581325591918832_8424741645760593920_n.jpg?oh=0780119388926d34892175d28556689b&oe=59DD24C5","objectID":"1580640525320672","repliesRcvd":126,"image":"https://scontent.xx.fbcdn.net/v/t15.0-10/s130x130/19048853_1581325591918832_8424741645760593920_n.jpg?oh=38630474cec9edbe8ebefe8cf841899e&oe=599CB0E7","link":"https://www.facebook.com/108572202527519/videos/1580640525320672/","timeQuantum":4989337,"video":"https://video.xx.fbcdn.net/v/t42.1790-2/19018613_216675858840750_6188578304761528320_n.mp4?efg=eyJybHIiOjkxNCwicmxhIjo1MTIsInZlbmNvZGVfdGFnIjoic3ZlX3NkIn0%3D&rl=914&vabr=508&oh=1575be20e90c6d368ed7ecfeb9b6924b&oe=593A8B21","type":"video"},{"content":"Beautiful day! My flowers are bringing butterflies! #love #justchillin","profileString":"facebook_page.108572202527519","postURL":"https://facebook.com/108572202527519/posts/1585394864845238","avatar":"https://graph.facebook.com/108572202527519/picture","classification":{"engine":"aylien","language":"en","taxonomy":[{"score":"0.2736","confident":false,"links":[{"link":"https://api.aylien.com/api/v1/classify/taxonomy/iab-qag/IAB10-4","rel":"self"},{"link":"https://api.aylien.com/api/v1/classify/taxonomy/iab-qag/IAB10","rel":"parent"}],"id":"IAB10-4","label":"Gardening"},{"score":"0.0738","confident":false,"links":[{"link":"https://api.aylien.com/api/v1/classify/taxonomy/iab-qag/IAB10","rel":"self"}],"id":"IAB10","label":"Home & Garden"},{"score":"0.0735","confident":false,"links":[{"link":"https://api.aylien.com/api/v1/classify/taxonomy/iab-qag/IAB9","rel":"self"}],"id":"IAB9","label":"Hobbies & Interests"},{"score":"0.0604","confident":false,"links":[{"link":"https://api.aylien.com/api/v1/classify/taxonomy/iab-qag/IAB9-23","rel":"self"},{"link":"https://api.aylien.com/api/v1/classify/taxonomy/iab-qag/IAB9","rel":"parent"}],"id":"IAB9-23","label":"Photography"}]},"postidString":"facebook_page.108572202527519_1585394864845238","postMeta":{"inserted":"content-engine"},"timestamp":1497044468,"sharesRcvd":7,"likesRcvd":404,"source":"facebook_page","lastUpdateQuantum":4995258,"name":"Linda Church","imageLarge":"https://scontent.xx.fbcdn.net/v/t1.0-9/p720x720/19029504_1585394864845238_1699223587566023392_n.jpg?oh=3f78a1c4e30cf30e95cf27e36f4e2aaf&oe=59EA3895","objectID":"1585394864845238","repliesRcvd":53,"image":"https://scontent.xx.fbcdn.net/v/t1.0-0/p130x130/19029504_1585394864845238_1699223587566023392_n.jpg?oh=99c02825e1c6a160cc5b0a644371db6f&oe=599DDD80","link":"https://www.facebook.com/108572202527519/photos/a.179811635403575.51628.108572202527519/1585394864845238/?type=3","timeQuantum":4990148,"title":"Timeline Photos","type":"photo"},{"content":"Beautiful day galloping the fields! Yes, Arty is behind us! #lovelife","profileString":"facebook_page.108572202527519","postURL":"https://facebook.com/108572202527519/posts/1586370354747689","avatar":"https://graph.facebook.com/108572202527519/picture","classification":{"engine":"aylien","language":"en","taxonomy":[{"score":"0.0719","confident":false,"links":[{"link":"https://api.aylien.com/api/v1/classify/taxonomy/iab-qag/IAB9","rel":"self"}],"id":"IAB9","label":"Hobbies & Interests"},{"score":"0.0593","confident":false,"links":[{"link":"https://api.aylien.com/api/v1/classify/taxonomy/iab-qag/IAB17","rel":"self"}],"id":"IAB17","label":"Sports"},{"score":"0.0551","confident":false,"links":[{"link":"https://api.aylien.com/api/v1/classify/taxonomy/iab-qag/IAB9-23","rel":"self"},{"link":"https://api.aylien.com/api/v1/classify/taxonomy/iab-qag/IAB9","rel":"parent"}],"id":"IAB9-23","label":"Photography"},{"score":"0.0478","confident":true,"links":[{"link":"https://api.aylien.com/api/v1/classify/taxonomy/iab-qag/IAB17-11","rel":"self"},{"link":"https://api.aylien.com/api/v1/classify/taxonomy/iab-qag/IAB17","rel":"parent"}],"id":"IAB17-11","label":"Fly Fishing"}]},"postidString":"facebook_page.108572202527519_1586370354747689","postMeta":{"inserted":"content-engine"},"timestamp":1497112073,"sharesRcvd":8,"likesRcvd":844,"source":"facebook_page","lastUpdateQuantum":4995258,"name":"Linda Church","imageLarge":"https://scontent.xx.fbcdn.net/v/t1.0-9/s720x720/19030379_1586370354747689_6560063126644799469_n.jpg?oh=75f6f57391f974b922321feb9fb595e3&oe=59D44B9A","objectID":"1586370354747689","repliesRcvd":124,"image":"https://scontent.xx.fbcdn.net/v/t1.0-0/s130x130/19030379_1586370354747689_6560063126644799469_n.jpg?oh=7e752f72288e08f62fbe5e141c8cb2b9&oe=59A9658F","link":"https://www.facebook.com/108572202527519/photos/a.179811635403575.51628.108572202527519/1586370354747689/?type=3","timeQuantum":4990373,"title":"Timeline Photos","type":"photo"},{"content":"Birthday celebrating with girlfriend's. Tomorrow is the day.  I need a day to recover! #friendsrule #party #play","profileString":"facebook_page.108572202527519","postURL":"https://facebook.com/108572202527519/posts/1587667061284685","avatar":"https://graph.facebook.com/108572202527519/picture","classification":{"engine":"aylien","language":"en","taxonomy":[{"score":"0.0805","confident":true,"links":[{"link":"https://api.aylien.com/api/v1/classify/taxonomy/iab-qag/IAB9","rel":"self"}],"id":"IAB9","label":"Hobbies & Interests"},{"score":"0.0751","confident":false,"links":[{"link":"https://api.aylien.com/api/v1/classify/taxonomy/iab-qag/IAB17","rel":"self"}],"id":"IAB17","label":"Sports"},{"score":"0.0537","confident":false,"links":[{"link":"https://api.aylien.com/api/v1/classify/taxonomy/iab-qag/IAB9-23","rel":"self"},{"link":"https://api.aylien.com/api/v1/classify/taxonomy/iab-qag/IAB9","rel":"parent"}],"id":"IAB9-23","label":"Photography"},{"score":"0.0371","confident":false,"links":[{"link":"https://api.aylien.com/api/v1/classify/taxonomy/iab-qag/IAB17-43","rel":"self"},{"link":"https://api.aylien.com/api/v1/classify/taxonomy/iab-qag/IAB17","rel":"parent"}],"id":"IAB17-43","label":"Waterski/Wakeboard"}]},"postidString":"facebook_page.108572202527519_1587667061284685","postMeta":{"inserted":"content-engine"},"timestamp":1497197855,"sharesRcvd":6,"likesRcvd":911,"source":"facebook_page","lastUpdateQuantum":4991793,"name":"Linda Church","imageLarge":"https://scontent.xx.fbcdn.net/v/t1.0-9/s720x720/18952623_1587667061284685_8007088205742183720_n.jpg?oh=ed75787c2d845f62870c9f4757de429a&oe=59E5553E","objectID":"1587667061284685","repliesRcvd":177,"image":"https://scontent.xx.fbcdn.net/v/t1.0-0/s130x130/18952623_1587667061284685_8007088205742183720_n.jpg?oh=344c214c0e358f9af261397f28b1222d&oe=59A45A2B","link":"https://www.facebook.com/108572202527519/photos/a.179811635403575.51628.108572202527519/1587667061284685/?type=3","timeQuantum":4990659,"title":"Timeline Photos","type":"photo"},{"content":"Arty and I headed out to ride and start this birthday off right! #wonderfulyear #love","profileString":"facebook_page.108572202527519","postURL":"https://facebook.com/108572202527519/posts/1588991654485559","avatar":"https://graph.facebook.com/108572202527519/picture","classification":{"engine":"aylien","language":"en","taxonomy":[{"score":"0.0846","confident":true,"links":[{"link":"https://api.aylien.com/api/v1/classify/taxonomy/iab-qag/IAB9","rel":"self"}],"id":"IAB9","label":"Hobbies & Interests"},{"score":"0.0584","confident":false,"links":[{"link":"https://api.aylien.com/api/v1/classify/taxonomy/iab-qag/IAB9-23","rel":"self"},{"link":"https://api.aylien.com/api/v1/classify/taxonomy/iab-qag/IAB9","rel":"parent"}],"id":"IAB9-23","label":"Photography"}]},"postidString":"facebook_page.108572202527519_1588991654485559","postMeta":{"inserted":"content-engine"},"timestamp":1497274009,"sharesRcvd":4,"likesRcvd":1002,"source":"facebook_page","lastUpdateQuantum":4995258,"name":"Linda Church","imageLarge":"https://scontent.xx.fbcdn.net/v/t1.0-9/s720x720/19145764_1588991654485559_1382633755752149339_n.jpg?oh=8d909d81a8d9a37277e9381580f6e33d&oe=59A550FF","objectID":"1588991654485559","repliesRcvd":294,"image":"https://scontent.xx.fbcdn.net/v/t1.0-0/s130x130/19145764_1588991654485559_1382633755752149339_n.jpg?oh=75176d6077e31fc7a05f74ed632b41d2&oe=59A121EA","link":"https://www.facebook.com/108572202527519/photos/a.179811635403575.51628.108572202527519/1588991654485559/?type=3","timeQuantum":4990913,"title":"Timeline Photos","type":"photo"},{"content":"I do more than horseback ride. SUP with 2! Dogs! Oh and one swims... #lovelife","profileString":"facebook_page.108572202527519","postURL":"https://facebook.com/108572202527519/posts/1592145770836814","avatar":"https://graph.facebook.com/108572202527519/picture","classification":{"engine":"aylien","language":"en","taxonomy":[{"score":"0.2793","confident":false,"links":[{"link":"https://api.aylien.com/api/v1/classify/taxonomy/iab-qag/IAB16-4","rel":"self"},{"link":"https://api.aylien.com/api/v1/classify/taxonomy/iab-qag/IAB16","rel":"parent"}],"id":"IAB16-4","label":"Dogs"},{"score":"0.1115","confident":true,"links":[{"link":"https://api.aylien.com/api/v1/classify/taxonomy/iab-qag/IAB16","rel":"self"}],"id":"IAB16","label":"Pets"}]},"postidString":"facebook_page.108572202527519_1592145770836814","postMeta":{"inserted":"content-engine"},"timestamp":1497465133,"sharesRcvd":7,"likesRcvd":717,"source":"facebook_page","lastUpdateQuantum":4991847,"name":"Linda Church","imageLarge":"https://scontent.xx.fbcdn.net/v/t1.0-0/p180x540/19113639_1592145770836814_4367632637915599635_n.jpg?oh=1add7ece7901401900d9976e5a9d6ff8&oe=599C3065","objectID":"1592145770836814","repliesRcvd":135,"image":"https://scontent.xx.fbcdn.net/v/t1.0-0/s130x130/19113639_1592145770836814_4367632637915599635_n.jpg?oh=7003763f0e60ca459301cc78109b72b2&oe=59A0A019","link":"https://www.facebook.com/108572202527519/photos/a.179811635403575.51628.108572202527519/1592145770836814/?type=3","timeQuantum":4991550,"title":"Timeline Photos","type":"photo"},{"content":"Happy father's day! Thinking about my dad on this special day XOXO","profileString":"facebook_page.108572202527519","postURL":"https://facebook.com/108572202527519/posts/1597543690297022","avatar":"https://graph.facebook.com/108572202527519/picture","classification":{"engine":"aylien","language":"en","taxonomy":[{"score":"0.4107","confident":true,"links":[{"link":"https://api.aylien.com/api/v1/classify/taxonomy/iab-qag/IAB6-8","rel":"self"},{"link":"https://api.aylien.com/api/v1/classify/taxonomy/iab-qag/IAB6","rel":"parent"}],"id":"IAB6-8","label":"Special Needs Kids"},{"score":"0.0701","confident":false,"links":[{"link":"https://api.aylien.com/api/v1/classify/taxonomy/iab-qag/IAB6","rel":"self"}],"id":"IAB6","label":"Family & Parenting"},{"score":"0.0578","confident":false,"links":[{"link":"https://api.aylien.com/api/v1/classify/taxonomy/iab-qag/IAB17","rel":"self"}],"id":"IAB17","label":"Sports"},{"score":"0.0368","confident":false,"links":[{"link":"https://api.aylien.com/api/v1/classify/taxonomy/iab-qag/IAB17-30","rel":"self"},{"link":"https://api.aylien.com/api/v1/classify/taxonomy/iab-qag/IAB17","rel":"parent"}],"id":"IAB17-30","label":"Running/Jogging"}]},"postidString":"facebook_page.108572202527519_1597543690297022","postMeta":{"inserted":"content-engine"},"timestamp":1497820568,"sharesRcvd":1,"likesRcvd":472,"source":"facebook_page","lastUpdateQuantum":4995600,"name":"Linda Church","imageLarge":"https://scontent.xx.fbcdn.net/v/t15.0-10/s720x720/19325374_1597643696953688_3773688038702448640_n.jpg?oh=272804bac43b757b314b69a48c741106&oe=59DBD0FF","objectID":"1597543690297022","repliesRcvd":37,"image":"https://scontent.xx.fbcdn.net/v/t15.0-10/s130x130/19325374_1597643696953688_3773688038702448640_n.jpg?oh=0b3b3d2e92f08caca972d1cb5768da08&oe=59D5C6DD","link":"https://www.facebook.com/108572202527519/videos/1597543690297022/","timeQuantum":4992735,"video":"https://video.xx.fbcdn.net/v/t42.1790-2/19304094_122932768297062_7141660371269451776_n.mp4?efg=eyJybHIiOjY0OSwicmxhIjo1MTIsInZlbmNvZGVfdGFnIjoic3ZlX3NkIn0%3D&rl=649&vabr=361&oh=4a5acd6c0ecf48506f63985c9a05bc8c&oe=59487E83","type":"video"},{"content":"Happy father's day! Thinking about my dad on this special day XOXO","profileString":"facebook_page.108572202527519","postURL":"https://facebook.com/108572202527519/posts/1597548786963179","avatar":"https://graph.facebook.com/108572202527519/picture","classification":{"engine":"aylien","language":"en","taxonomy":[{"score":"0.4107","confident":true,"links":[{"link":"https://api.aylien.com/api/v1/classify/taxonomy/iab-qag/IAB6-8","rel":"self"},{"link":"https://api.aylien.com/api/v1/classify/taxonomy/iab-qag/IAB6","rel":"parent"}],"id":"IAB6-8","label":"Special Needs Kids"},{"score":"0.0701","confident":false,"links":[{"link":"https://api.aylien.com/api/v1/classify/taxonomy/iab-qag/IAB6","rel":"self"}],"id":"IAB6","label":"Family & Parenting"},{"score":"0.0578","confident":false,"links":[{"link":"https://api.aylien.com/api/v1/classify/taxonomy/iab-qag/IAB17","rel":"self"}],"id":"IAB17","label":"Sports"},{"score":"0.0368","confident":false,"links":[{"link":"https://api.aylien.com/api/v1/classify/taxonomy/iab-qag/IAB17-30","rel":"self"},{"link":"https://api.aylien.com/api/v1/classify/taxonomy/iab-qag/IAB17","rel":"parent"}],"id":"IAB17-30","label":"Running/Jogging"}]},"postidString":"facebook_page.108572202527519_1597548786963179","postMeta":{"inserted":"content-engine"},"timestamp":1497821439,"sharesRcvd":0,"likesRcvd":0,"source":"facebook_page","lastUpdateQuantum":4992738,"name":"Linda Church","imageLarge":"https://scontent.xx.fbcdn.net/v/t15.0-10/s720x720/19318201_1597663320285059_3046815744986710016_n.jpg?oh=5ff9499ddf3947ae102c0e33c26fe125&oe=59D62EC4","objectID":"1597548786963179","repliesRcvd":0,"image":"https://scontent.xx.fbcdn.net/v/t15.0-10/s130x130/19318201_1597663320285059_3046815744986710016_n.jpg?oh=08e48818ed6d579ac032c390879e709c&oe=59E49EE6","link":"https://www.facebook.com/108572202527519/videos/1597548786963179/","timeQuantum":4992738,"video":"https://video.xx.fbcdn.net/v/t42.1790-2/19319852_257991521350149_5277175069045424128_n.mp4?efg=eyJybHIiOjY1MSwicmxhIjo1MTIsInZlbmNvZGVfdGFnIjoic3ZlX3NkIn0%3D&rl=651&vabr=362&oh=222d595b166790f4441caf3434ded626&oe=5948759A","type":"video"},{"content":"Happy father's day! Thinking about my dad on this special day XOXO","profileString":"facebook_page.108572202527519","postURL":"https://facebook.com/108572202527519/posts/1597546733630051","avatar":"https://graph.facebook.com/108572202527519/picture","classification":{"engine":"aylien","language":"en","taxonomy":[{"score":"0.4107","confident":true,"links":[{"link":"https://api.aylien.com/api/v1/classify/taxonomy/iab-qag/IAB6-8","rel":"self"},{"link":"https://api.aylien.com/api/v1/classify/taxonomy/iab-qag/IAB6","rel":"parent"}],"id":"IAB6-8","label":"Special Needs Kids"},{"score":"0.0701","confident":false,"links":[{"link":"https://api.aylien.com/api/v1/classify/taxonomy/iab-qag/IAB6","rel":"self"}],"id":"IAB6","label":"Family & Parenting"},{"score":"0.0578","confident":false,"links":[{"link":"https://api.aylien.com/api/v1/classify/taxonomy/iab-qag/IAB17","rel":"self"}],"id":"IAB17","label":"Sports"},{"score":"0.0368","confident":false,"links":[{"link":"https://api.aylien.com/api/v1/classify/taxonomy/iab-qag/IAB17-30","rel":"self"},{"link":"https://api.aylien.com/api/v1/classify/taxonomy/iab-qag/IAB17","rel":"parent"}],"id":"IAB17-30","label":"Running/Jogging"}]},"postidString":"facebook_page.108572202527519_1597546733630051","postMeta":{"inserted":"content-engine"},"timestamp":1497838428,"sharesRcvd":1,"likesRcvd":186,"source":"facebook_page","lastUpdateQuantum":4992900,"name":"Linda Church","imageLarge":"https://scontent.xx.fbcdn.net/v/t15.0-10/s720x720/19348941_1597961850255206_7679686500623056896_n.jpg?oh=9905bd556cdc1373ee60f5e390644851&oe=59D07B49","objectID":"1597546733630051","repliesRcvd":22,"image":"https://scontent.xx.fbcdn.net/v/t15.0-10/s130x130/19348941_1597961850255206_7679686500623056896_n.jpg?oh=5ced9c8556d7c96c5065417c73609742&oe=599C1C6B","link":"https://www.facebook.com/108572202527519/videos/1597546733630051/","timeQuantum":4992794,"video":"https://video.xx.fbcdn.net/v/t42.1790-2/19270477_129642497615590_3296750530574942208_n.mp4?efg=eyJybHIiOjg2MCwicmxhIjo1MTIsInZlbmNvZGVfdGFnIjoic3ZlX3NkIn0%3D&rl=860&vabr=478&oh=ca306471536f7dc829934b61f121355c&oe=59495043","type":"video"},{"content":"Happy father's day! Thinking about my dad on this special day XOXO","profileString":"facebook_page.108572202527519","postURL":"https://facebook.com/108572202527519/posts/1597675400283851","avatar":"https://graph.facebook.com/108572202527519/picture","classification":{"engine":"aylien","language":"en","taxonomy":[{"score":"0.4107","confident":true,"links":[{"link":"https://api.aylien.com/api/v1/classify/taxonomy/iab-qag/IAB6-8","rel":"self"},{"link":"https://api.aylien.com/api/v1/classify/taxonomy/iab-qag/IAB6","rel":"parent"}],"id":"IAB6-8","label":"Special Needs Kids"},{"score":"0.0701","confident":false,"links":[{"link":"https://api.aylien.com/api/v1/classify/taxonomy/iab-qag/IAB6","rel":"self"}],"id":"IAB6","label":"Family & Parenting"},{"score":"0.0578","confident":false,"links":[{"link":"https://api.aylien.com/api/v1/classify/taxonomy/iab-qag/IAB17","rel":"self"}],"id":"IAB17","label":"Sports"},{"score":"0.0368","confident":false,"links":[{"link":"https://api.aylien.com/api/v1/classify/taxonomy/iab-qag/IAB17-30","rel":"self"},{"link":"https://api.aylien.com/api/v1/classify/taxonomy/iab-qag/IAB17","rel":"parent"}],"id":"IAB17-30","label":"Running/Jogging"}]},"postidString":"facebook_page.108572202527519_1597675400283851","postMeta":{"inserted":"content-engine"},"timestamp":1497840086,"sharesRcvd":1,"likesRcvd":141,"source":"facebook_page","lastUpdateQuantum":4992900,"name":"Linda Church","imageLarge":"https://scontent.xx.fbcdn.net/v/t15.0-10/s720x720/19332017_1597989626919095_9152816757952479232_n.jpg?oh=c2c2999e58b92bae9d81ea3d6953d4bf&oe=599DE7A6","objectID":"1597675400283851","repliesRcvd":8,"image":"https://scontent.xx.fbcdn.net/v/t15.0-10/s130x130/19332017_1597989626919095_9152816757952479232_n.jpg?oh=180cd524e0422efd82052c6beef6c56f&oe=59DB0984","link":"https://www.facebook.com/108572202527519/videos/1597675400283851/","timeQuantum":4992800,"video":"https://video.xx.fbcdn.net/v/t42.1790-2/19296632_299695617147232_3390802892653854720_n.mp4?efg=eyJybHIiOjg2MCwicmxhIjo1MTIsInZlbmNvZGVfdGFnIjoic3ZlX3NkIn0%3D&rl=860&vabr=478&oh=d86cca6a17125b6b5134e45efb61f558&oe=59492EA2","type":"video"},{"content":"In the city shopping for mom of the bride dresses! Fun to be back. Too many choices. #city4aday","profileString":"facebook_page.108572202527519","postURL":"https://facebook.com/108572202527519/posts/1601275873257137","avatar":"https://graph.facebook.com/108572202527519/picture","classification":{"engine":"aylien","language":"en","taxonomy":[{"score":"0.4789","confident":true,"links":[{"link":"https://api.aylien.com/api/v1/classify/taxonomy/iab-qag/IAB22","rel":"self"}],"id":"IAB22","label":"Shopping"},{"score":"0.4109","confident":false,"links":[{"link":"https://api.aylien.com/api/v1/classify/taxonomy/iab-qag/IAB22-4","rel":"self"},{"link":"https://api.aylien.com/api/v1/classify/taxonomy/iab-qag/IAB22","rel":"parent"}],"id":"IAB22-4","label":"Engines"}]},"postidString":"facebook_page.108572202527519_1601275873257137","postMeta":{"inserted":"content-engine"},"timestamp":1498061822,"sharesRcvd":9,"likesRcvd":1848,"source":"facebook_page","lastUpdateQuantum":4995573,"name":"Linda Church","imageLarge":"https://scontent.xx.fbcdn.net/v/t1.0-9/p720x720/19366274_1601275873257137_6488908604598928059_n.jpg?oh=43ff49d7cf8c82e294786f3714da7356&oe=59D49B39","objectID":"1601275873257137","repliesRcvd":413,"image":"https://scontent.xx.fbcdn.net/v/t1.0-0/p130x130/19366274_1601275873257137_6488908604598928059_n.jpg?oh=154928c51b3fdd547da76b9e3b36fe17&oe=59DEF22C","link":"https://www.facebook.com/108572202527519/photos/a.179811635403575.51628.108572202527519/1601275873257137/?type=3","timeQuantum":4993539,"title":"Timeline Photos","type":"photo"},{"content":"Wine+friends=great day! Thanks Anthony DiLorenzo and Kala Rama. Xoxo","profileString":"facebook_page.108572202527519","postURL":"https://facebook.com/108572202527519/posts/1601700666547991","avatar":"https://graph.facebook.com/108572202527519/picture","classification":{"engine":"aylien","language":"en","taxonomy":[{"score":"0.2710","confident":true,"links":[{"link":"https://api.aylien.com/api/v1/classify/taxonomy/iab-qag/IAB8-18","rel":"self"},{"link":"https://api.aylien.com/api/v1/classify/taxonomy/iab-qag/IAB8","rel":"parent"}],"id":"IAB8-18","label":"Wine"},{"score":"0.1033","confident":true,"links":[{"link":"https://api.aylien.com/api/v1/classify/taxonomy/iab-qag/IAB8","rel":"self"}],"id":"IAB8","label":"Food & Drink"}]},"postidString":"facebook_page.108572202527519_1601700666547991","postMeta":{"inserted":"content-engine"},"timestamp":1498085618,"sharesRcvd":2,"likesRcvd":744,"source":"facebook_page","lastUpdateQuantum":4995627,"name":"Linda Church","imageLarge":"https://scontent.xx.fbcdn.net/v/t1.0-9/p720x720/19429875_1601700666547991_6718887202893272522_n.jpg?oh=9c204430d6d0b27a6d6fd035e719be12&oe=59CCC698","objectID":"1601700666547991","repliesRcvd":60,"image":"https://scontent.xx.fbcdn.net/v/t1.0-0/p130x130/19429875_1601700666547991_6718887202893272522_n.jpg?oh=0b9b110a88631ac9aacb0137c3f55963&oe=59DA388D","link":"https://www.facebook.com/108572202527519/photos/a.179811635403575.51628.108572202527519/1601700666547991/?type=3","timeQuantum":4993618,"title":"Timeline Photos","type":"photo"},{"content":"Off to the trails we go! 2 meteorologist and a pilot. No, Arty can't fly... he's both! #nothinbutsun","profileString":"facebook_page.108572202527519","postURL":"https://facebook.com/108572202527519/posts/1602685466449511","avatar":"https://graph.facebook.com/108572202527519/picture","classification":{"engine":"aylien","language":"en","taxonomy":[{"score":"0.2445","confident":true,"links":[{"link":"https://api.aylien.com/api/v1/classify/taxonomy/iab-qag/IAB17-11","rel":"self"},{"link":"https://api.aylien.com/api/v1/classify/taxonomy/iab-qag/IAB17","rel":"parent"}],"id":"IAB17-11","label":"Fly Fishing"},{"score":"0.0731","confident":false,"links":[{"link":"https://api.aylien.com/api/v1/classify/taxonomy/iab-qag/IAB9","rel":"self"}],"id":"IAB9","label":"Hobbies & Interests"},{"score":"0.0671","confident":false,"links":[{"link":"https://api.aylien.com/api/v1/classify/taxonomy/iab-qag/IAB17","rel":"self"}],"id":"IAB17","label":"Sports"},{"score":"0.0638","confident":false,"links":[{"link":"https://api.aylien.com/api/v1/classify/taxonomy/iab-qag/IAB9-4","rel":"self"},{"link":"https://api.aylien.com/api/v1/classify/taxonomy/iab-qag/IAB9","rel":"parent"}],"id":"IAB9-4","label":"Birdwatching"}]},"postidString":"facebook_page.108572202527519_1602685466449511","postMeta":{"inserted":"content-engine"},"timestamp":1498156261,"sharesRcvd":3,"likesRcvd":328,"source":"facebook_page","lastUpdateQuantum":4995834,"name":"Linda Church","imageLarge":"https://scontent.xx.fbcdn.net/v/t1.0-9/s720x720/19400100_1602685466449511_7888087886931578560_n.jpg?oh=b512ce2b538eaade25ffb2bdab73e0fe&oe=59C7C8F6","objectID":"1602685466449511","repliesRcvd":38,"image":"https://scontent.xx.fbcdn.net/v/t1.0-0/s130x130/19400100_1602685466449511_7888087886931578560_n.jpg?oh=f7529001fe6f2ebd71d6601b505dc65d&oe=59D2E0E3","link":"https://www.facebook.com/108572202527519/photos/a.179811635403575.51628.108572202527519/1602685466449511/?type=3","timeQuantum":4993854,"title":"Timeline Photos","type":"photo"}]